Date,Code,Open,High,Low,Close,UpperLimit,LowerLimit,Volume,TurnoverValue,AdjustmentFactor,AdjustmentOpen,AdjustmentHigh,AdjustmentLow,AdjustmentClose,AdjustmentVolume
2020-10-29,14290,701.0,709.0,691.0,702.0,0,0,40100.0,28043000.0,1.0,701.0,709.0,691.0,702.0,40100.0
2020-10-30,14290,696.0,697.0,681.0,681.0,0,0,32900.0,22672200.0,1.0,696.0,697.0,681.0,681.0,32900.0
2020-11-02,14290,692.0,698.0,678.0,678.0,0,0,47600.0,32688800.0,1.0,692.0,698.0,678.0,678.0,47600.0
2020-11-04,14290,693.0,697.0,684.0,693.0,0,0,45600.0,31558100.0,1.0,693.0,697.0,684.0,693.0,45600.0
2020-11-05,14290,704.0,707.0,694.0,700.0,0,0,55400.0,38872300.0,1.0,704.0,707.0,694.0,700.0,55400.0
2020-11-06,14290,705.0,711.0,689.0,703.0,0,0,71300.0,49939100.0,1.0,705.0,711.0,689.0,703.0,71300.0
2020-11-09,14290,703.0,712.0,698.0,706.0,0,0,76100.0,53690300.0,1.0,703.0,712.0,698.0,706.0,76100.0
2020-11-10,14290,676.0,679.0,640.0,646.0,0,0,187900.0,122412400.0,1.0,676.0,679.0,640.0,646.0,187900.0
2020-11-11,14290,656.0,656.0,622.0,633.0,0,0,166000.0,105254000.0,1.0,656.0,656.0,622.0,633.0,166000.0
2020-11-12,14290,634.0,634.0,613.0,623.0,0,0,80500.0,50092600.0,1.0,634.0,634.0,613.0,623.0,80500.0
2020-11-13,14290,625.0,625.0,614.0,615.0,0,0,67900.0,42080400.0,1.0,625.0,625.0,614.0,615.0,67900.0
2020-11-16,14290,620.0,620.0,602.0,612.0,0,0,73500.0,44928300.0,1.0,620.0,620.0,602.0,612.0,73500.0
2020-11-17,14290,613.0,616.0,605.0,609.0,0,0,55600.0,33879700.0,1.0,613.0,616.0,605.0,609.0,55600.0
2020-11-18,14290,612.0,627.0,610.0,616.0,0,0,77100.0,47581700.0,1.0,612.0,627.0,610.0,616.0,77100.0
2020-11-19,14290,620.0,620.0,606.0,612.0,0,0,29600.0,18100900.0,1.0,620.0,620.0,606.0,612.0,29600.0
2020-11-20,14290,611.0,613.0,606.0,610.0,0,0,27400.0,16683000.0,1.0,611.0,613.0,606.0,610.0,27400.0
2020-11-24,14290,620.0,637.0,620.0,630.0,0,0,111300.0,70084100.0,1.0,620.0,637.0,620.0,630.0,111300.0
2020-11-25,14290,635.0,649.0,631.0,644.0,0,0,125000.0,80376400.0,1.0,635.0,649.0,631.0,644.0,125000.0
2020-11-26,14290,645.0,647.0,627.0,630.0,0,0,63000.0,40054500.0,1.0,645.0,647.0,627.0,630.0,63000.0
2020-11-27,14290,630.0,644.0,630.0,632.0,0,0,53300.0,33887200.0,1.0,630.0,644.0,630.0,632.0,53300.0
2020-11-30,14290,642.0,646.0,632.0,635.0,0,0,76500.0,48733700.0,1.0,642.0,646.0,632.0,635.0,76500.0
2020-12-01,14290,643.0,663.0,643.0,656.0,0,0,113700.0,74337300.0,1.0,643.0,663.0,643.0,656.0,113700.0
2020-12-02,14290,664.0,664.0,640.0,656.0,0,0,82300.0,53631100.0,1.0,664.0,664.0,640.0,656.0,82300.0
2020-12-03,14290,652.0,659.0,648.0,656.0,0,0,22600.0,14771100.0,1.0,652.0,659.0,648.0,656.0,22600.0
2020-12-04,14290,655.0,655.0,639.0,640.0,0,0,53900.0,34797100.0,1.0,655.0,655.0,639.0,640.0,53900.0
2020-12-07,14290,636.0,639.0,626.0,631.0,0,0,49200.0,31147400.0,1.0,636.0,639.0,626.0,631.0,49200.0
2020-12-08,14290,631.0,646.0,631.0,637.0,0,0,34900.0,22300200.0,1.0,631.0,646.0,631.0,637.0,34900.0
2020-12-09,14290,639.0,645.0,628.0,638.0,0,0,65900.0,41843200.0,1.0,639.0,645.0,628.0,638.0,65900.0
2020-12-10,14290,633.0,637.0,621.0,622.0,0,0,69200.0,43268500.0,1.0,633.0,637.0,621.0,622.0,69200.0
2020-12-11,14290,623.0,628.0,613.0,620.0,0,0,56100.0,34845400.0,1.0,623.0,628.0,613.0,620.0,56100.0
2020-12-14,14290,618.0,632.0,618.0,627.0,0,0,36100.0,22637200.0,1.0,618.0,632.0,618.0,627.0,36100.0
2020-12-15,14290,628.0,643.0,623.0,637.0,0,0,74900.0,47411000.0,1.0,628.0,643.0,623.0,637.0,74900.0
2020-12-16,14290,640.0,650.0,637.0,650.0,0,0,89500.0,57555100.0,1.0,640.0,650.0,637.0,650.0,89500.0
2020-12-17,14290,648.0,653.0,643.0,651.0,0,0,83600.0,54124500.0,1.0,648.0,653.0,643.0,651.0,83600.0
2020-12-18,14290,651.0,664.0,635.0,643.0,0,0,113800.0,73968100.0,1.0,651.0,664.0,635.0,643.0,113800.0
2020-12-21,14290,637.0,650.0,635.0,647.0,0,0,51900.0,33348000.0,1.0,637.0,650.0,635.0,647.0,51900.0
2020-12-22,14290,647.0,655.0,638.0,643.0,0,0,48300.0,31270100.0,1.0,647.0,655.0,638.0,643.0,48300.0
2020-12-23,14290,649.0,662.0,646.0,660.0,0,0,56800.0,37327800.0,1.0,649.0,662.0,646.0,660.0,56800.0
2020-12-24,14290,658.0,661.0,650.0,653.0,0,0,30800.0,20114600.0,1.0,658.0,661.0,650.0,653.0,30800.0
2020-12-25,14290,653.0,669.0,653.0,655.0,0,0,55300.0,36455300.0,1.0,653.0,669.0,653.0,655.0,55300.0
2020-12-28,14290,655.0,663.0,644.0,648.0,0,0,92100.0,60004300.0,1.0,655.0,663.0,644.0,648.0,92100.0
2020-12-29,14290,635.0,655.0,635.0,650.0,0,0,65400.0,42424600.0,1.0,635.0,655.0,635.0,650.0,65400.0
2020-12-30,14290,654.0,657.0,643.0,649.0,0,0,55300.0,36026700.0,1.0,654.0,657.0,643.0,649.0,55300.0
2021-01-04,14290,647.0,652.0,637.0,640.0,0,0,54900.0,35368500.0,1.0,647.0,652.0,637.0,640.0,54900.0
2021-01-05,14290,643.0,663.0,643.0,653.0,0,0,49800.0,32533500.0,1.0,643.0,663.0,643.0,653.0,49800.0
2021-01-06,14290,655.0,659.0,649.0,652.0,0,0,43600.0,28448300.0,1.0,655.0,659.0,649.0,652.0,43600.0
2021-01-07,14290,659.0,666.0,651.0,654.0,0,0,35700.0,23461400.0,1.0,659.0,666.0,651.0,654.0,35700.0
2021-01-08,14290,657.0,661.0,652.0,656.0,0,0,36200.0,23719900.0,1.0,657.0,661.0,652.0,656.0,36200.0
2021-01-12,14290,655.0,658.0,646.0,654.0,0,0,60800.0,39647700.0,1.0,655.0,658.0,646.0,654.0,60800.0
2021-01-13,14290,654.0,656.0,624.0,632.0,0,0,119500.0,75979000.0,1.0,654.0,656.0,624.0,632.0,119500.0
2021-01-14,14290,626.0,636.0,625.0,632.0,0,0,64600.0,40682500.0,1.0,626.0,636.0,625.0,632.0,64600.0
2021-01-15,14290,632.0,633.0,624.0,625.0,0,0,48000.0,30124800.0,1.0,632.0,633.0,624.0,625.0,48000.0
2021-01-18,14290,626.0,631.0,617.0,619.0,0,0,33500.0,20819800.0,1.0,626.0,631.0,617.0,619.0,33500.0
2021-01-19,14290,615.0,628.0,615.0,626.0,0,0,47900.0,29797100.0,1.0,615.0,628.0,615.0,626.0,47900.0
2021-01-20,14290,622.0,622.0,606.0,615.0,0,0,53200.0,32608000.0,1.0,622.0,622.0,606.0,615.0,53200.0
2021-01-21,14290,617.0,631.0,617.0,627.0,0,0,61400.0,38410100.0,1.0,617.0,631.0,617.0,627.0,61400.0
2021-01-22,14290,623.0,627.0,612.0,612.0,0,0,55800.0,34406400.0,1.0,623.0,627.0,612.0,612.0,55800.0
2021-01-25,14290,617.0,622.0,608.0,621.0,0,0,52500.0,32215900.0,1.0,617.0,622.0,608.0,621.0,52500.0
2021-01-26,14290,615.0,621.0,615.0,620.0,0,0,27900.0,17253800.0,1.0,615.0,621.0,615.0,620.0,27900.0
2021-01-27,14290,616.0,620.0,607.0,611.0,0,0,68000.0,41593600.0,1.0,616.0,620.0,607.0,611.0,68000.0
2021-01-28,14290,601.0,609.0,601.0,603.0,0,0,72100.0,43515900.0,1.0,601.0,609.0,601.0,603.0,72100.0
2021-01-29,14290,603.0,608.0,591.0,596.0,0,0,66700.0,40053700.0,1.0,603.0,608.0,591.0,596.0,66700.0
2021-02-01,14290,590.0,594.0,575.0,585.0,0,0,98500.0,57494600.0,1.0,590.0,594.0,575.0,585.0,98500.0
2021-02-02,14290,579.0,589.0,579.0,587.0,0,0,40800.0,23835100.0,1.0,579.0,589.0,579.0,587.0,40800.0
2021-02-03,14290,586.0,593.0,581.0,591.0,0,0,71600.0,42011400.0,1.0,586.0,593.0,581.0,591.0,71600.0
2021-02-04,14290,589.0,595.0,584.0,594.0,0,0,47900.0,28259000.0,1.0,589.0,595.0,584.0,594.0,47900.0
2021-02-05,14290,593.0,597.0,584.0,596.0,0,0,71900.0,42383500.0,1.0,593.0,597.0,584.0,596.0,71900.0
2021-02-08,14290,600.0,615.0,598.0,612.0,0,0,69600.0,42303200.0,1.0,600.0,615.0,598.0,612.0,69600.0
2021-02-09,14290,614.0,615.0,604.0,611.0,0,0,44100.0,26835600.0,1.0,614.0,615.0,604.0,611.0,44100.0
2021-02-10,14290,610.0,627.0,606.0,619.0,0,0,114800.0,71068900.0,1.0,610.0,627.0,606.0,619.0,114800.0
2021-02-12,14290,610.0,639.0,610.0,636.0,0,0,173200.0,109050300.0,1.0,610.0,639.0,610.0,636.0,173200.0
2021-02-15,14290,636.0,664.0,636.0,655.0,0,0,130800.0,85058800.0,1.0,636.0,664.0,636.0,655.0,130800.0
2021-02-16,14290,656.0,656.0,620.0,630.0,0,0,140500.0,88848600.0,1.0,656.0,656.0,620.0,630.0,140500.0
2021-02-17,14290,630.0,631.0,617.0,626.0,0,0,59300.0,37041500.0,1.0,630.0,631.0,617.0,626.0,59300.0
2021-02-18,14290,625.0,625.0,617.0,620.0,0,0,43600.0,27057000.0,1.0,625.0,625.0,617.0,620.0,43600.0
2021-02-19,14290,615.0,620.0,605.0,618.0,0,0,62100.0,38054000.0,1.0,615.0,620.0,605.0,618.0,62100.0
2021-02-22,14290,620.0,633.0,619.0,632.0,0,0,45500.0,28594300.0,1.0,620.0,633.0,619.0,632.0,45500.0
2021-02-24,14290,630.0,636.0,618.0,618.0,0,0,43700.0,27328400.0,1.0,630.0,636.0,618.0,618.0,43700.0
2021-02-25,14290,625.0,626.0,608.0,614.0,0,0,80100.0,49419200.0,1.0,625.0,626.0,608.0,614.0,80100.0
2021-02-26,14290,609.0,626.0,608.0,609.0,0,0,92900.0,56912100.0,1.0,609.0,626.0,608.0,609.0,92900.0
2021-03-01,14290,624.0,632.0,614.0,626.0,0,0,93300.0,58428300.0,1.0,624.0,632.0,614.0,626.0,93300.0
2021-03-02,14290,626.0,626.0,611.0,615.0,0,0,78400.0,48371900.0,1.0,626.0,626.0,611.0,615.0,78400.0
2021-03-03,14290,614.0,627.0,611.0,624.0,0,0,46200.0,28615400.0,1.0,614.0,627.0,611.0,624.0,46200.0
2021-03-04,14290,618.0,618.0,595.0,604.0,0,0,83100.0,50140300.0,1.0,618.0,618.0,595.0,604.0,83100.0
2021-03-05,14290,597.0,601.0,583.0,595.0,0,0,72100.0,42671000.0,1.0,597.0,601.0,583.0,595.0,72100.0
2021-03-08,14290,601.0,604.0,592.0,599.0,0,0,49500.0,29651200.0,1.0,601.0,604.0,592.0,599.0,49500.0
2021-03-09,14290,618.0,631.0,604.0,615.0,0,0,134200.0,82620900.0,1.0,618.0,631.0,604.0,615.0,134200.0
2021-03-10,14290,616.0,616.0,597.0,602.0,0,0,82000.0,49385300.0,1.0,616.0,616.0,597.0,602.0,82000.0
2021-03-11,14290,605.0,608.0,589.0,607.0,0,0,81200.0,48767000.0,1.0,605.0,608.0,589.0,607.0,81200.0
2021-03-12,14290,607.0,612.0,606.0,609.0,0,0,38200.0,23221800.0,1.0,607.0,612.0,606.0,609.0,38200.0
2021-03-15,14290,612.0,624.0,609.0,622.0,0,0,65500.0,40397600.0,1.0,612.0,624.0,609.0,622.0,65500.0
2021-03-16,14290,621.0,625.0,616.0,625.0,0,0,40900.0,25415900.0,1.0,621.0,625.0,616.0,625.0,40900.0
2021-03-17,14290,625.0,630.0,620.0,627.0,0,0,81100.0,50769200.0,1.0,625.0,630.0,620.0,627.0,81100.0
2021-03-18,14290,625.0,626.0,612.0,621.0,0,0,110900.0,68522300.0,1.0,625.0,626.0,612.0,621.0,110900.0
2021-03-19,14290,617.0,622.0,611.0,619.0,0,0,78200.0,48254600.0,1.0,617.0,622.0,611.0,619.0,78200.0
2021-03-22,14290,622.0,630.0,618.0,630.0,0,0,46300.0,28946900.0,1.0,622.0,630.0,618.0,630.0,46300.0
2021-03-23,14290,630.0,633.0,622.0,624.0,0,0,43900.0,27546500.0,1.0,630.0,633.0,622.0,624.0,43900.0
2021-03-24,14290,622.0,622.0,601.0,609.0,0,0,63100.0,38498500.0,1.0,622.0,622.0,601.0,609.0,63100.0
2021-03-25,14290,611.0,623.0,610.0,622.0,0,0,27100.0,16743000.0,1.0,611.0,623.0,610.0,622.0,27100.0
2021-03-26,14290,622.0,623.0,615.0,618.0,0,0,41200.0,25493200.0,1.0,622.0,623.0,615.0,618.0,41200.0
2021-03-29,14290,623.0,631.0,619.0,631.0,0,0,73000.0,45712500.0,1.0,623.0,631.0,619.0,631.0,73000.0
2021-03-30,14290,631.0,631.0,621.0,622.0,0,0,36100.0,22534200.0,1.0,631.0,631.0,621.0,622.0,36100.0
2021-03-31,14290,622.0,622.0,616.0,616.0,0,0,31800.0,19676500.0,1.0,622.0,622.0,616.0,616.0,31800.0
2021-04-01,14290,622.0,630.0,617.0,628.0,0,0,83600.0,52194400.0,1.0,622.0,630.0,617.0,628.0,83600.0
2021-04-02,14290,628.0,628.0,618.0,621.0,0,0,31000.0,19267800.0,1.0,628.0,628.0,618.0,621.0,31000.0
2021-04-05,14290,621.0,624.0,617.0,620.0,0,0,31700.0,19635900.0,1.0,621.0,624.0,617.0,620.0,31700.0
2021-04-06,14290,620.0,620.0,606.0,610.0,0,0,37700.0,23103400.0,1.0,620.0,620.0,606.0,610.0,37700.0
2021-04-07,14290,612.0,620.0,611.0,618.0,0,0,18100.0,11160700.0,1.0,612.0,620.0,611.0,618.0,18100.0
2021-04-08,14290,618.0,618.0,605.0,606.0,0,0,36400.0,22134900.0,1.0,618.0,618.0,605.0,606.0,36400.0
2021-04-09,14290,605.0,611.0,604.0,606.0,0,0,28200.0,17130700.0,1.0,605.0,611.0,604.0,606.0,28200.0
2021-04-12,14290,608.0,612.0,606.0,611.0,0,0,35600.0,21676200.0,1.0,608.0,612.0,606.0,611.0,35600.0
2021-04-13,14290,612.0,618.0,612.0,615.0,0,0,26200.0,16100000.0,1.0,612.0,618.0,612.0,615.0,26200.0
2021-04-14,14290,615.0,619.0,611.0,619.0,0,0,36200.0,22263800.0,1.0,615.0,619.0,611.0,619.0,36200.0
2021-04-15,14290,619.0,624.0,617.0,623.0,0,0,29200.0,18130100.0,1.0,619.0,624.0,617.0,623.0,29200.0
2021-04-16,14290,623.0,625.0,618.0,625.0,0,0,42900.0,26658300.0,1.0,623.0,625.0,618.0,625.0,42900.0
2021-04-19,14290,626.0,640.0,613.0,613.0,0,0,204200.0,128709400.0,1.0,626.0,640.0,613.0,613.0,204200.0
2021-04-20,14290,614.0,619.0,608.0,608.0,0,0,51800.0,31665100.0,1.0,614.0,619.0,608.0,608.0,51800.0
2021-04-21,14290,606.0,612.0,600.0,610.0,0,0,59100.0,35779100.0,1.0,606.0,612.0,600.0,610.0,59100.0
2021-04-22,14290,612.0,612.0,602.0,604.0,0,0,30800.0,18645900.0,1.0,612.0,612.0,602.0,604.0,30800.0
2021-04-23,14290,606.0,608.0,602.0,603.0,0,0,14900.0,9011400.0,1.0,606.0,608.0,602.0,603.0,14900.0
2021-04-26,14290,603.0,608.0,599.0,603.0,0,0,29100.0,17560700.0,1.0,603.0,608.0,599.0,603.0,29100.0
2021-04-27,14290,608.0,611.0,605.0,605.0,0,0,23500.0,14270000.0,1.0,608.0,611.0,605.0,605.0,23500.0
2021-04-28,14290,605.0,605.0,598.0,598.0,0,0,32600.0,19605300.0,1.0,605.0,605.0,598.0,598.0,32600.0
2021-04-30,14290,608.0,610.0,603.0,603.0,0,0,39500.0,23936300.0,1.0,608.0,610.0,603.0,603.0,39500.0
2021-05-06,14290,610.0,610.0,603.0,604.0,0,0,30600.0,18557500.0,1.0,610.0,610.0,603.0,604.0,30600.0
2021-05-07,14290,604.0,613.0,603.0,607.0,0,0,27900.0,16986400.0,1.0,604.0,613.0,603.0,607.0,27900.0
2021-05-10,14290,613.0,619.0,610.0,619.0,0,0,53600.0,32968800.0,1.0,613.0,619.0,610.0,619.0,53600.0
2021-05-11,14290,622.0,622.0,604.0,607.0,0,0,67200.0,41014300.0,1.0,622.0,622.0,604.0,607.0,67200.0
2021-05-12,14290,600.0,601.0,570.0,571.0,0,0,146900.0,85259300.0,1.0,600.0,601.0,570.0,571.0,146900.0
2021-05-13,14290,571.0,572.0,541.0,541.0,0,0,118600.0,65617000.0,1.0,571.0,572.0,541.0,541.0,118600.0
2021-05-14,14290,555.0,555.0,535.0,535.0,0,0,64500.0,35025700.0,1.0,555.0,555.0,535.0,535.0,64500.0
2021-05-17,14290,539.0,545.0,520.0,520.0,0,0,94200.0,49944100.0,1.0,539.0,545.0,520.0,520.0,94200.0
2021-05-18,14290,528.0,540.0,526.0,540.0,0,0,40700.0,21763200.0,1.0,528.0,540.0,526.0,540.0,40700.0
2021-05-19,14290,540.0,542.0,531.0,539.0,0,0,52800.0,28397400.0,1.0,540.0,542.0,531.0,539.0,52800.0
2021-05-20,14290,539.0,569.0,538.0,550.0,0,0,176100.0,98242300.0,1.0,539.0,569.0,538.0,550.0,176100.0
2021-05-21,14290,567.0,567.0,540.0,543.0,0,0,74700.0,40893700.0,1.0,567.0,567.0,540.0,543.0,74700.0
2021-05-24,14290,540.0,548.0,540.0,540.0,0,0,34300.0,18592100.0,1.0,540.0,548.0,540.0,540.0,34300.0
2021-05-25,14290,547.0,547.0,531.0,532.0,0,0,45700.0,24541600.0,1.0,547.0,547.0,531.0,532.0,45700.0
2021-05-26,14290,531.0,531.0,516.0,517.0,0,0,116800.0,60957900.0,1.0,531.0,531.0,516.0,517.0,116800.0
2021-05-27,14290,518.0,526.0,515.0,515.0,0,0,50700.0,26355000.0,1.0,518.0,526.0,515.0,515.0,50700.0
2021-05-28,14290,513.0,524.0,512.0,522.0,0,0,92500.0,47909200.0,1.0,513.0,524.0,512.0,522.0,92500.0
2021-05-31,14290,528.0,538.0,526.0,538.0,0,0,81100.0,43071900.0,1.0,528.0,538.0,526.0,538.0,81100.0
2021-06-01,14290,544.0,544.0,527.0,537.0,0,0,59400.0,31741200.0,1.0,544.0,544.0,527.0,537.0,59400.0
2021-06-02,14290,533.0,533.0,521.0,522.0,0,0,59400.0,31270100.0,1.0,533.0,533.0,521.0,522.0,59400.0
2021-06-03,14290,525.0,530.0,522.0,527.0,0,0,26300.0,13841400.0,1.0,525.0,530.0,522.0,527.0,26300.0
2021-06-04,14290,531.0,582.0,526.0,578.0,0,0,506200.0,284307400.0,1.0,531.0,582.0,526.0,578.0,506200.0
2021-06-07,14290,581.0,585.0,551.0,578.0,0,0,302900.0,174158200.0,1.0,581.0,585.0,551.0,578.0,302900.0
2021-06-08,14290,572.0,584.0,565.0,570.0,0,0,165400.0,94570000.0,1.0,572.0,584.0,565.0,570.0,165400.0
2021-06-09,14290,577.0,596.0,574.0,582.0,0,0,493900.0,289906900.0,1.0,577.0,596.0,574.0,582.0,493900.0
2021-06-10,14290,590.0,590.0,564.0,570.0,0,0,232400.0,133758100.0,1.0,590.0,590.0,564.0,570.0,232400.0
2021-06-11,14290,571.0,572.0,556.0,564.0,0,0,150700.0,84933200.0,1.0,571.0,572.0,556.0,564.0,150700.0
2021-06-14,14290,574.0,574.0,564.0,565.0,0,0,95000.0,54009200.0,1.0,574.0,574.0,564.0,565.0,95000.0
2021-06-15,14290,565.0,567.0,558.0,561.0,0,0,61500.0,34513800.0,1.0,565.0,567.0,558.0,561.0,61500.0
2021-06-16,14290,561.0,564.0,558.0,561.0,0,0,68000.0,38126600.0,1.0,561.0,564.0,558.0,561.0,68000.0
2021-06-17,14290,559.0,560.0,547.0,550.0,0,0,139400.0,76996200.0,1.0,559.0,560.0,547.0,550.0,139400.0
2021-06-18,14290,551.0,560.0,547.0,557.0,0,0,72600.0,40270900.0,1.0,551.0,560.0,547.0,557.0,72600.0
2021-06-21,14290,557.0,562.0,550.0,555.0,0,0,115400.0,64334100.0,1.0,557.0,562.0,550.0,555.0,115400.0
2021-06-22,14290,562.0,564.0,555.0,563.0,0,0,51800.0,29004300.0,1.0,562.0,564.0,555.0,563.0,51800.0
2021-06-23,14290,567.0,567.0,557.0,564.0,0,0,49600.0,27868800.0,1.0,567.0,567.0,557.0,564.0,49600.0
2021-06-24,14290,560.0,562.0,555.0,558.0,0,0,26800.0,14961400.0,1.0,560.0,562.0,555.0,558.0,26800.0
2021-06-25,14290,559.0,561.0,552.0,556.0,0,0,27100.0,15070000.0,1.0,559.0,561.0,552.0,556.0,27100.0
2021-06-28,14290,555.0,558.0,554.0,555.0,0,0,22900.0,12726500.0,1.0,555.0,558.0,554.0,555.0,22900.0
2021-06-29,14290,555.0,555.0,544.0,546.0,0,0,34100.0,18696900.0,1.0,555.0,555.0,544.0,546.0,34100.0
2021-06-30,14290,548.0,555.0,541.0,554.0,0,0,73200.0,40214100.0,1.0,548.0,555.0,541.0,554.0,73200.0
2021-07-01,14290,555.0,555.0,544.0,546.0,0,0,47200.0,25883400.0,1.0,555.0,555.0,544.0,546.0,47200.0
2021-07-02,14290,546.0,551.0,546.0,548.0,0,0,18600.0,10204200.0,1.0,546.0,551.0,546.0,548.0,18600.0
2021-07-05,14290,545.0,548.0,538.0,545.0,0,0,51700.0,28132500.0,1.0,545.0,548.0,538.0,545.0,51700.0
2021-07-06,14290,545.0,548.0,530.0,533.0,0,0,44300.0,23796600.0,1.0,545.0,548.0,530.0,533.0,44300.0
2021-07-07,14290,530.0,542.0,526.0,532.0,0,0,38200.0,20455500.0,1.0,530.0,542.0,526.0,532.0,38200.0
2021-07-08,14290,532.0,535.0,525.0,525.0,0,0,46300.0,24509000.0,1.0,532.0,535.0,525.0,525.0,46300.0
2021-07-09,14290,519.0,529.0,513.0,526.0,0,0,102200.0,52977600.0,1.0,519.0,529.0,513.0,526.0,102200.0
2021-07-12,14290,530.0,536.0,530.0,536.0,0,0,32400.0,17296400.0,1.0,530.0,536.0,530.0,536.0,32400.0
2021-07-13,14290,535.0,546.0,535.0,546.0,0,0,31900.0,17311000.0,1.0,535.0,546.0,535.0,546.0,31900.0
2021-07-14,14290,546.0,552.0,543.0,552.0,0,0,17200.0,9424000.0,1.0,546.0,552.0,543.0,552.0,17200.0
2021-07-15,14290,548.0,548.0,536.0,536.0,0,0,32900.0,17804800.0,1.0,548.0,548.0,536.0,536.0,32900.0
2021-07-16,14290,536.0,542.0,536.0,540.0,0,0,16400.0,8846100.0,1.0,536.0,542.0,536.0,540.0,16400.0
2021-07-19,14290,536.0,544.0,534.0,544.0,0,0,23100.0,12445100.0,1.0,536.0,544.0,534.0,544.0,23100.0
2021-07-20,14290,539.0,539.0,530.0,530.0,0,0,20900.0,11147600.0,1.0,539.0,539.0,530.0,530.0,20900.0
2021-07-21,14290,532.0,537.0,525.0,526.0,0,0,35800.0,18960600.0,1.0,532.0,537.0,525.0,526.0,35800.0
2021-07-26,14290,530.0,533.0,526.0,528.0,0,0,30000.0,15853300.0,1.0,530.0,533.0,526.0,528.0,30000.0
2021-07-27,14290,530.0,537.0,530.0,537.0,0,0,13800.0,7364600.0,1.0,530.0,537.0,530.0,537.0,13800.0
2021-07-28,14290,532.0,543.0,527.0,536.0,0,0,35700.0,19126000.0,1.0,532.0,543.0,527.0,536.0,35700.0
2021-07-29,14290,534.0,538.0,533.0,538.0,0,0,22600.0,12111600.0,1.0,534.0,538.0,533.0,538.0,22600.0
2021-07-30,14290,541.0,543.0,534.0,538.0,0,0,42000.0,22669400.0,1.0,541.0,543.0,534.0,538.0,42000.0
2021-08-02,14290,545.0,547.0,541.0,547.0,0,0,36500.0,19886400.0,1.0,545.0,547.0,541.0,547.0,36500.0
2021-08-03,14290,542.0,547.0,540.0,547.0,0,0,13700.0,7432900.0,1.0,542.0,547.0,540.0,547.0,13700.0
2021-08-04,14290,545.0,550.0,540.0,544.0,0,0,31800.0,17293200.0,1.0,545.0,550.0,540.0,544.0,31800.0
2021-08-05,14290,533.0,548.0,520.0,548.0,0,0,76900.0,41275000.0,1.0,533.0,548.0,520.0,548.0,76900.0
2021-08-06,14290,545.0,548.0,536.0,544.0,0,0,43200.0,23481500.0,1.0,545.0,548.0,536.0,544.0,43200.0
2021-08-10,14290,545.0,553.0,541.0,543.0,0,0,51800.0,28360200.0,1.0,545.0,553.0,541.0,543.0,51800.0
2021-08-11,14290,541.0,575.0,538.0,564.0,0,0,137400.0,76663400.0,1.0,541.0,575.0,538.0,564.0,137400.0
2021-08-12,14290,568.0,568.0,552.0,561.0,0,0,35500.0,19890800.0,1.0,568.0,568.0,552.0,561.0,35500.0
2021-08-13,14290,559.0,561.0,553.0,557.0,0,0,20200.0,11254000.0,1.0,559.0,561.0,553.0,557.0,20200.0
2021-08-16,14290,557.0,557.0,546.0,547.0,0,0,29300.0,16160200.0,1.0,557.0,557.0,546.0,547.0,29300.0
2021-08-17,14290,553.0,553.0,536.0,536.0,0,0,32200.0,17468600.0,1.0,553.0,553.0,536.0,536.0,32200.0
2021-08-18,14290,538.0,546.0,535.0,546.0,0,0,20300.0,10995500.0,1.0,538.0,546.0,535.0,546.0,20300.0
2021-08-19,14290,542.0,544.0,539.0,539.0,0,0,16200.0,8757700.0,1.0,542.0,544.0,539.0,539.0,16200.0
2021-08-20,14290,539.0,543.0,526.0,526.0,0,0,36700.0,19545500.0,1.0,539.0,543.0,526.0,526.0,36700.0
2021-08-23,14290,530.0,543.0,530.0,543.0,0,0,19100.0,10258900.0,1.0,530.0,543.0,530.0,543.0,19100.0
2021-08-24,14290,543.0,553.0,542.0,551.0,0,0,37400.0,20562500.0,1.0,543.0,553.0,542.0,551.0,37400.0
2021-08-25,14290,561.0,596.0,561.0,569.0,0,0,353600.0,204084300.0,1.0,561.0,596.0,561.0,569.0,353600.0
2021-08-26,14290,564.0,566.0,555.0,561.0,0,0,78200.0,43761800.0,1.0,564.0,566.0,555.0,561.0,78200.0
2021-08-27,14290,557.0,578.0,556.0,573.0,0,0,49300.0,28176200.0,1.0,557.0,578.0,556.0,573.0,49300.0
2021-08-30,14290,576.0,593.0,576.0,581.0,0,0,110500.0,64593900.0,1.0,576.0,593.0,576.0,581.0,110500.0
2021-08-31,14290,587.0,594.0,577.0,581.0,0,0,89800.0,52675200.0,1.0,587.0,594.0,577.0,581.0,89800.0
2021-09-01,14290,580.0,587.0,573.0,578.0,0,0,62700.0,36390700.0,1.0,580.0,587.0,573.0,578.0,62700.0
2021-09-02,14290,578.0,578.0,570.0,571.0,0,0,24600.0,14102600.0,1.0,578.0,578.0,570.0,571.0,24600.0
2021-09-03,14290,574.0,577.0,566.0,573.0,0,0,41900.0,24004600.0,1.0,574.0,577.0,566.0,573.0,41900.0
2021-09-06,14290,580.0,580.0,573.0,576.0,0,0,19100.0,11008500.0,1.0,580.0,580.0,573.0,576.0,19100.0
2021-09-07,14290,580.0,592.0,578.0,590.0,0,0,60300.0,35433600.0,1.0,580.0,592.0,578.0,590.0,60300.0
2021-09-08,14290,593.0,593.0,585.0,592.0,0,0,57900.0,34164900.0,1.0,593.0,593.0,585.0,592.0,57900.0
2021-09-09,14290,593.0,593.0,577.0,583.0,0,0,47200.0,27593000.0,1.0,593.0,593.0,577.0,583.0,47200.0
2021-09-10,14290,583.0,591.0,580.0,591.0,0,0,51600.0,30272300.0,1.0,583.0,591.0,580.0,591.0,51600.0
2021-09-13,14290,590.0,600.0,585.0,599.0,0,0,105800.0,62911700.0,1.0,590.0,600.0,585.0,599.0,105800.0
2021-09-14,14290,600.0,614.0,598.0,613.0,0,0,118800.0,72033100.0,1.0,600.0,614.0,598.0,613.0,118800.0
2021-09-15,14290,604.0,608.0,599.0,608.0,0,0,28500.0,17197700.0,1.0,604.0,608.0,599.0,608.0,28500.0
2021-09-16,14290,606.0,606.0,594.0,603.0,0,0,35500.0,21306500.0,1.0,606.0,606.0,594.0,603.0,35500.0
2021-09-17,14290,599.0,606.0,599.0,602.0,0,0,19500.0,11753100.0,1.0,599.0,606.0,599.0,602.0,19500.0
2021-09-21,14290,584.0,589.0,580.0,586.0,0,0,37100.0,21686600.0,1.0,584.0,589.0,580.0,586.0,37100.0
2021-09-22,14290,585.0,588.0,579.0,583.0,0,0,32000.0,18668400.0,1.0,585.0,588.0,579.0,583.0,32000.0
2021-09-24,14290,584.0,593.0,584.0,589.0,0,0,31500.0,18559200.0,1.0,584.0,593.0,584.0,589.0,31500.0
2021-09-27,14290,590.0,602.0,588.0,602.0,0,0,64300.0,38412600.0,1.0,590.0,602.0,588.0,602.0,64300.0
2021-09-28,14290,593.0,600.0,590.0,599.0,0,0,38200.0,22770700.0,1.0,593.0,600.0,590.0,599.0,38200.0
2021-09-29,14290,595.0,598.0,581.0,587.0,0,0,40400.0,23732400.0,1.0,595.0,598.0,581.0,587.0,40400.0
2021-09-30,14290,592.0,620.0,592.0,615.0,0,0,93800.0,57157300.0,1.0,592.0,620.0,592.0,615.0,93800.0
2021-10-01,14290,614.0,614.0,588.0,591.0,0,0,52000.0,31012900.0,1.0,614.0,614.0,588.0,591.0,52000.0
2021-10-04,14290,599.0,599.0,576.0,580.0,0,0,44900.0,26185400.0,1.0,599.0,599.0,576.0,580.0,44900.0
2021-10-05,14290,581.0,581.0,564.0,571.0,0,0,65300.0,37426200.0,1.0,581.0,581.0,564.0,571.0,65300.0
2021-10-06,14290,576.0,583.0,567.0,570.0,0,0,43100.0,24734800.0,1.0,576.0,583.0,567.0,570.0,43100.0
2021-10-07,14290,578.0,578.0,565.0,569.0,0,0,33100.0,18870700.0,1.0,578.0,578.0,565.0,569.0,33100.0
2021-10-08,14290,579.0,589.0,573.0,589.0,0,0,44400.0,25834500.0,1.0,579.0,589.0,573.0,589.0,44400.0
2021-10-11,14290,584.0,590.0,572.0,583.0,0,0,26100.0,15180600.0,1.0,584.0,590.0,572.0,583.0,26100.0
2021-10-12,14290,581.0,583.0,576.0,580.0,0,0,18700.0,10847000.0,1.0,581.0,583.0,576.0,580.0,18700.0
2021-10-13,14290,579.0,579.0,571.0,575.0,0,0,17900.0,10276700.0,1.0,579.0,579.0,571.0,575.0,17900.0
2021-10-14,14290,575.0,578.0,571.0,574.0,0,0,27700.0,15906500.0,1.0,575.0,578.0,571.0,574.0,27700.0
2021-10-15,14290,570.0,578.0,568.0,578.0,0,0,20500.0,11765400.0,1.0,570.0,578.0,568.0,578.0,20500.0
2021-10-18,14290,575.0,579.0,570.0,579.0,0,0,29900.0,17174900.0,1.0,575.0,579.0,570.0,579.0,29900.0
2021-10-19,14290,579.0,584.0,579.0,581.0,0,0,10300.0,5981000.0,1.0,579.0,584.0,579.0,581.0,10300.0
2021-10-20,14290,576.0,588.0,574.0,581.0,0,0,42800.0,24839200.0,1.0,576.0,588.0,574.0,581.0,42800.0
2021-10-21,14290,574.0,580.0,574.0,576.0,0,0,25900.0,14935200.0,1.0,574.0,580.0,574.0,576.0,25900.0
2021-10-22,14290,575.0,575.0,568.0,572.0,0,0,20000.0,11429200.0,1.0,575.0,575.0,568.0,572.0,20000.0
2021-10-25,14290,568.0,572.0,566.0,567.0,0,0,16600.0,9429400.0,1.0,568.0,572.0,566.0,567.0,16600.0
2021-10-26,14290,565.0,569.0,560.0,565.0,0,0,17000.0,9616300.0,1.0,565.0,569.0,560.0,565.0,17000.0
2021-10-27,14290,565.0,565.0,558.0,562.0,0,0,17300.0,9713400.0,1.0,565.0,565.0,558.0,562.0,17300.0
2021-10-28,14290,558.0,569.0,558.0,566.0,0,0,16700.0,9413300.0,1.0,558.0,569.0,558.0,566.0,16700.0
2021-10-29,14290,576.0,588.0,567.0,578.0,0,0,109700.0,63141600.0,1.0,576.0,588.0,567.0,578.0,109700.0
2021-11-01,14290,588.0,588.0,566.0,572.0,0,0,42100.0,24061600.0,1.0,588.0,588.0,566.0,572.0,42100.0
2021-11-02,14290,572.0,577.0,568.0,574.0,0,0,23900.0,13693500.0,1.0,572.0,577.0,568.0,574.0,23900.0
2021-11-04,14290,579.0,632.0,570.0,627.0,0,0,200800.0,122058900.0,1.0,579.0,632.0,570.0,627.0,200800.0
2021-11-05,14290,617.0,619.0,597.0,612.0,0,0,218000.0,132843700.0,1.0,617.0,619.0,597.0,612.0,218000.0
2021-11-08,14290,602.0,632.0,602.0,625.0,0,0,132700.0,82090800.0,1.0,602.0,632.0,602.0,625.0,132700.0
2021-11-09,14290,615.0,626.0,605.0,612.0,0,0,95600.0,58804400.0,1.0,615.0,626.0,605.0,612.0,95600.0
2021-11-10,14290,605.0,663.0,605.0,645.0,0,0,262100.0,168751100.0,1.0,605.0,663.0,605.0,645.0,262100.0
2021-11-11,14290,641.0,664.0,638.0,647.0,0,0,90300.0,58552800.0,1.0,641.0,664.0,638.0,647.0,90300.0
2021-11-12,14290,641.0,664.0,641.0,661.0,0,0,70200.0,46082300.0,1.0,641.0,664.0,641.0,661.0,70200.0
2021-11-15,14290,661.0,679.0,661.0,666.0,0,0,80100.0,53824900.0,1.0,661.0,679.0,661.0,666.0,80100.0
2021-11-16,14290,668.0,688.0,664.0,675.0,0,0,123200.0,83177500.0,1.0,668.0,688.0,664.0,675.0,123200.0
2021-11-17,14290,675.0,688.0,668.0,684.0,0,0,243200.0,165152000.0,1.0,675.0,688.0,668.0,684.0,243200.0
2021-11-18,14290,682.0,687.0,666.0,687.0,0,0,97700.0,66492500.0,1.0,682.0,687.0,666.0,687.0,97700.0
2021-11-19,14290,681.0,693.0,676.0,693.0,0,0,81900.0,56042400.0,1.0,681.0,693.0,676.0,693.0,81900.0
2021-11-22,14290,693.0,710.0,689.0,708.0,0,0,83000.0,58265200.0,1.0,693.0,710.0,689.0,708.0,83000.0
2021-11-24,14290,708.0,708.0,691.0,703.0,0,0,92500.0,64741200.0,1.0,708.0,708.0,691.0,703.0,92500.0
2021-11-25,14290,699.0,720.0,699.0,719.0,0,0,147800.0,105145000.0,1.0,699.0,720.0,699.0,719.0,147800.0
2021-11-26,14290,725.0,729.0,708.0,714.0,0,0,163600.0,117345200.0,1.0,725.0,729.0,708.0,714.0,163600.0
2021-11-29,14290,700.0,701.0,672.0,692.0,0,0,156200.0,107466600.0,1.0,700.0,701.0,672.0,692.0,156200.0
2021-11-30,14290,687.0,695.0,665.0,672.0,0,0,120500.0,81781800.0,1.0,687.0,695.0,665.0,672.0,120500.0
2021-12-01,14290,665.0,686.0,665.0,675.0,0,0,58000.0,39091000.0,1.0,665.0,686.0,665.0,675.0,58000.0
2021-12-02,14290,675.0,689.0,673.0,685.0,0,0,36100.0,24642900.0,1.0,675.0,689.0,673.0,685.0,36100.0
2021-12-03,14290,690.0,715.0,684.0,713.0,0,0,74200.0,52237400.0,1.0,690.0,715.0,684.0,713.0,74200.0
2021-12-06,14290,709.0,714.0,704.0,712.0,0,0,33300.0,23661600.0,1.0,709.0,714.0,704.0,712.0,33300.0
2021-12-07,14290,714.0,747.0,714.0,747.0,0,0,139500.0,102597900.0,1.0,714.0,747.0,714.0,747.0,139500.0
2021-12-08,14290,757.0,767.0,733.0,743.0,0,0,166300.0,124509600.0,1.0,757.0,767.0,733.0,743.0,166300.0
2021-12-09,14290,743.0,755.0,736.0,742.0,0,0,155000.0,115470700.0,1.0,743.0,755.0,736.0,742.0,155000.0
2021-12-10,14290,743.0,755.0,736.0,740.0,0,0,106200.0,79105900.0,1.0,743.0,755.0,736.0,740.0,106200.0
2021-12-13,14290,741.0,745.0,709.0,718.0,0,0,74100.0,53493400.0,1.0,741.0,745.0,709.0,718.0,74100.0
2021-12-14,14290,708.0,717.0,681.0,686.0,0,0,189800.0,133042400.0,1.0,708.0,717.0,681.0,686.0,189800.0
2021-12-15,14290,695.0,720.0,694.0,720.0,0,0,61500.0,43785600.0,1.0,695.0,720.0,694.0,720.0,61500.0
2021-12-16,14290,728.0,737.0,695.0,697.0,0,0,54600.0,38506600.0,1.0,728.0,737.0,695.0,697.0,54600.0
2021-12-17,14290,687.0,692.0,671.0,682.0,0,0,75700.0,51495400.0,1.0,687.0,692.0,671.0,682.0,75700.0
2021-12-20,14290,678.0,684.0,665.0,671.0,0,0,54200.0,36459600.0,1.0,678.0,684.0,665.0,671.0,54200.0
2021-12-21,14290,681.0,689.0,671.0,675.0,0,0,30800.0,20946800.0,1.0,681.0,689.0,671.0,675.0,30800.0
2021-12-22,14290,678.0,685.0,671.0,671.0,0,0,33200.0,22504500.0,1.0,678.0,685.0,671.0,671.0,33200.0
2021-12-23,14290,671.0,682.0,670.0,678.0,0,0,29500.0,19882100.0,1.0,671.0,682.0,670.0,678.0,29500.0
2021-12-24,14290,681.0,684.0,656.0,663.0,0,0,86700.0,57637000.0,1.0,681.0,684.0,656.0,663.0,86700.0
2021-12-27,14290,669.0,684.0,662.0,677.0,0,0,49600.0,33485300.0,1.0,669.0,684.0,662.0,677.0,49600.0
2021-12-28,14290,669.0,675.0,655.0,660.0,0,0,158800.0,104949600.0,1.0,669.0,675.0,655.0,660.0,158800.0
2021-12-29,14290,660.0,681.0,660.0,681.0,0,0,60700.0,40982200.0,1.0,660.0,681.0,660.0,681.0,60700.0
2021-12-30,14290,680.0,687.0,671.0,687.0,0,0,38500.0,26261600.0,1.0,680.0,687.0,671.0,687.0,38500.0
2022-01-04,14290,697.0,699.0,673.0,684.0,0,0,39100.0,26679300.0,1.0,697.0,699.0,673.0,684.0,39100.0
2022-01-05,14290,684.0,684.0,651.0,663.0,0,0,197800.0,131299800.0,1.0,684.0,684.0,651.0,663.0,197800.0
2022-01-06,14290,660.0,666.0,643.0,649.0,0,0,92400.0,60598200.0,1.0,660.0,666.0,643.0,649.0,92400.0
2022-01-07,14290,649.0,658.0,628.0,634.0,0,0,134400.0,85651000.0,1.0,649.0,658.0,628.0,634.0,134400.0
2022-01-11,14290,634.0,644.0,614.0,627.0,0,0,157900.0,98755500.0,1.0,634.0,644.0,614.0,627.0,157900.0
2022-01-12,14290,637.0,679.0,637.0,672.0,0,0,171900.0,114457200.0,1.0,637.0,679.0,637.0,672.0,171900.0
2022-01-13,14290,667.0,679.0,652.0,653.0,0,0,84300.0,55688700.0,1.0,667.0,679.0,652.0,653.0,84300.0
2022-01-14,14290,646.0,655.0,638.0,649.0,0,0,43100.0,27959900.0,1.0,646.0,655.0,638.0,649.0,43100.0
2022-01-17,14290,643.0,650.0,630.0,648.0,0,0,38700.0,24839700.0,1.0,643.0,650.0,630.0,648.0,38700.0
2022-01-18,14290,651.0,658.0,639.0,645.0,0,0,45500.0,29535600.0,1.0,651.0,658.0,639.0,645.0,45500.0
2022-01-19,14290,642.0,652.0,620.0,623.0,0,0,76600.0,48137600.0,1.0,642.0,652.0,620.0,623.0,76600.0
2022-01-20,14290,624.0,647.0,624.0,644.0,0,0,54800.0,35157900.0,1.0,624.0,647.0,624.0,644.0,54800.0
2022-01-21,14290,634.0,653.0,625.0,649.0,0,0,66200.0,42364000.0,1.0,634.0,653.0,625.0,649.0,66200.0
2022-01-24,14290,648.0,651.0,634.0,650.0,0,0,65400.0,42194500.0,1.0,648.0,651.0,634.0,650.0,65400.0
2022-01-25,14290,650.0,655.0,618.0,637.0,0,0,79200.0,50151200.0,1.0,650.0,655.0,618.0,637.0,79200.0
2022-01-26,14290,629.0,651.0,626.0,640.0,0,0,36000.0,23010300.0,1.0,629.0,651.0,626.0,640.0,36000.0
2022-01-27,14290,646.0,655.0,627.0,634.0,0,0,55700.0,35433100.0,1.0,646.0,655.0,627.0,634.0,55700.0
2022-01-28,14290,643.0,647.0,628.0,640.0,0,0,76000.0,48330100.0,1.0,643.0,647.0,628.0,640.0,76000.0
2022-01-31,14290,647.0,657.0,640.0,651.0,0,0,63500.0,41263600.0,1.0,647.0,657.0,640.0,651.0,63500.0
2022-02-01,14290,656.0,669.0,647.0,658.0,0,0,54800.0,35991300.0,1.0,656.0,669.0,647.0,658.0,54800.0
2022-02-02,14290,666.0,666.0,648.0,654.0,0,0,30700.0,20045400.0,1.0,666.0,666.0,648.0,654.0,30700.0
2022-02-03,14290,649.0,650.0,635.0,642.0,0,0,24700.0,15860500.0,1.0,649.0,650.0,635.0,642.0,24700.0
2022-02-04,14290,642.0,644.0,630.0,639.0,0,0,21700.0,13860600.0,1.0,642.0,644.0,630.0,639.0,21700.0
2022-02-07,14290,635.0,635.0,626.0,626.0,0,0,29900.0,18811500.0,1.0,635.0,635.0,626.0,626.0,29900.0
2022-02-08,14290,626.0,641.0,624.0,631.0,0,0,39300.0,24770200.0,1.0,626.0,641.0,624.0,631.0,39300.0
2022-02-09,14290,618.0,629.0,617.0,622.0,0,0,46300.0,28828200.0,1.0,618.0,629.0,617.0,622.0,46300.0
2022-02-10,14290,626.0,638.0,613.0,627.0,0,0,79900.0,49868500.0,1.0,626.0,638.0,613.0,627.0,79900.0
2022-02-14,14290,620.0,620.0,557.0,561.0,0,0,309600.0,178339100.0,1.0,620.0,620.0,557.0,561.0,309600.0
2022-02-15,14290,569.0,606.0,569.0,580.0,0,0,141300.0,83065600.0,1.0,569.0,606.0,569.0,580.0,141300.0
2022-02-16,14290,600.0,602.0,580.0,590.0,0,0,46300.0,27290600.0,1.0,600.0,602.0,580.0,590.0,46300.0
2022-02-17,14290,591.0,597.0,583.0,593.0,0,0,43400.0,25644800.0,1.0,591.0,597.0,583.0,593.0,43400.0
2022-02-18,14290,583.0,599.0,579.0,592.0,0,0,55100.0,32519500.0,1.0,583.0,599.0,579.0,592.0,55100.0
2022-02-21,14290,583.0,598.0,580.0,588.0,0,0,32900.0,19431100.0,1.0,583.0,598.0,580.0,588.0,32900.0
2022-02-22,14290,584.0,587.0,577.0,583.0,0,0,30800.0,17916600.0,1.0,584.0,587.0,577.0,583.0,30800.0
2022-02-24,14290,582.0,592.0,575.0,586.0,0,0,32700.0,19064200.0,1.0,582.0,592.0,575.0,586.0,32700.0
2022-02-25,14290,588.0,599.0,586.0,599.0,0,0,28100.0,16677800.0,1.0,588.0,599.0,586.0,599.0,28100.0
2022-02-28,14290,600.0,601.0,590.0,599.0,0,0,40700.0,24301200.0,1.0,600.0,601.0,590.0,599.0,40700.0
2022-03-01,14290,609.0,615.0,598.0,606.0,0,0,31100.0,18821600.0,1.0,609.0,615.0,598.0,606.0,31100.0
2022-03-02,14290,596.0,607.0,592.0,604.0,0,0,33700.0,20246400.0,1.0,596.0,607.0,592.0,604.0,33700.0
2022-03-03,14290,601.0,605.0,581.0,585.0,0,0,46000.0,27134200.0,1.0,601.0,605.0,581.0,585.0,46000.0
2022-03-04,14290,583.0,590.0,578.0,583.0,0,0,26600.0,15551200.0,1.0,583.0,590.0,578.0,583.0,26600.0
2022-03-07,14290,580.0,582.0,567.0,568.0,0,0,89500.0,51318900.0,1.0,580.0,582.0,567.0,568.0,89500.0
2022-03-08,14290,560.0,569.0,548.0,556.0,0,0,131400.0,73497800.0,1.0,560.0,569.0,548.0,556.0,131400.0
2022-03-09,14290,563.0,563.0,543.0,544.0,0,0,64400.0,35437600.0,1.0,563.0,563.0,543.0,544.0,64400.0
2022-03-10,14290,563.0,574.0,557.0,565.0,0,0,112100.0,63300100.0,1.0,563.0,574.0,557.0,565.0,112100.0
2022-03-11,14290,554.0,556.0,549.0,551.0,0,0,50300.0,27793300.0,1.0,554.0,556.0,549.0,551.0,50300.0
2022-03-14,14290,554.0,561.0,550.0,556.0,0,0,61000.0,33934700.0,1.0,554.0,561.0,550.0,556.0,61000.0
2022-03-15,14290,556.0,556.0,531.0,535.0,0,0,90200.0,48816300.0,1.0,556.0,556.0,531.0,535.0,90200.0
2022-03-16,14290,545.0,557.0,536.0,553.0,0,0,48500.0,26634300.0,1.0,545.0,557.0,536.0,553.0,48500.0
2022-03-17,14290,563.0,565.0,539.0,556.0,0,0,182300.0,101079700.0,1.0,563.0,565.0,539.0,556.0,182300.0
2022-03-18,14290,562.0,566.0,555.0,562.0,0,0,84000.0,47053200.0,1.0,562.0,566.0,555.0,562.0,84000.0
2022-03-22,14290,570.0,570.0,549.0,554.0,0,0,93100.0,51636700.0,1.0,570.0,570.0,549.0,554.0,93100.0
2022-03-23,14290,561.0,596.0,559.0,590.0,0,0,109500.0,63610100.0,1.0,561.0,596.0,559.0,590.0,109500.0
2022-03-24,14290,590.0,597.0,573.0,582.0,0,0,99800.0,58052500.0,1.0,590.0,597.0,573.0,582.0,99800.0
2022-03-25,14290,584.0,606.0,582.0,603.0,0,0,76700.0,45917800.0,1.0,584.0,606.0,582.0,603.0,76700.0
2022-03-28,14290,596.0,596.0,583.0,589.0,0,0,57300.0,33731300.0,1.0,596.0,596.0,583.0,589.0,57300.0
2022-03-29,14290,592.0,627.0,585.0,626.0,0,0,123500.0,75910100.0,1.0,592.0,627.0,585.0,626.0,123500.0
2022-03-30,14290,636.0,664.0,634.0,646.0,0,0,171400.0,111173200.0,1.0,636.0,664.0,634.0,646.0,171400.0
2022-03-31,14290,646.0,668.0,641.0,657.0,0,0,75400.0,49441000.0,1.0,646.0,668.0,641.0,657.0,75400.0
2022-04-01,14290,650.0,650.0,626.0,634.0,0,0,56800.0,35885000.0,1.0,650.0,650.0,626.0,634.0,56800.0
2022-04-04,14290,642.0,681.0,636.0,677.0,0,0,130100.0,87151400.0,1.0,642.0,681.0,636.0,677.0,130100.0
2022-04-05,14290,680.0,683.0,643.0,643.0,0,0,85800.0,56395100.0,1.0,680.0,683.0,643.0,643.0,85800.0
2022-04-06,14290,648.0,660.0,642.0,648.0,0,0,37800.0,24500200.0,1.0,648.0,660.0,642.0,648.0,37800.0
2022-04-07,14290,638.0,640.0,610.0,614.0,0,0,69400.0,42843600.0,1.0,638.0,640.0,610.0,614.0,69400.0
2022-04-08,14290,610.0,617.0,599.0,617.0,0,0,62100.0,37859800.0,1.0,610.0,617.0,599.0,617.0,62100.0
2022-04-11,14290,623.0,623.0,603.0,610.0,0,0,19400.0,11863700.0,1.0,623.0,623.0,603.0,610.0,19400.0
2022-04-12,14290,606.0,612.0,592.0,598.0,0,0,21700.0,12989800.0,1.0,606.0,612.0,592.0,598.0,21700.0
2022-04-13,14290,598.0,615.0,598.0,615.0,0,0,29700.0,18089600.0,1.0,598.0,615.0,598.0,615.0,29700.0
2022-04-14,14290,623.0,623.0,608.0,612.0,0,0,14700.0,9012800.0,1.0,623.0,623.0,608.0,612.0,14700.0
2022-04-15,14290,609.0,619.0,607.0,619.0,0,0,19800.0,12158600.0,1.0,609.0,619.0,607.0,619.0,19800.0
2022-04-18,14290,611.0,624.0,608.0,610.0,0,0,29600.0,18165100.0,1.0,611.0,624.0,608.0,610.0,29600.0
2022-04-19,14290,610.0,619.0,607.0,619.0,0,0,13900.0,8542700.0,1.0,610.0,619.0,607.0,619.0,13900.0
2022-04-20,14290,623.0,624.0,601.0,605.0,0,0,52200.0,31727400.0,1.0,623.0,624.0,601.0,605.0,52200.0
2022-04-21,14290,605.0,619.0,605.0,619.0,0,0,34000.0,20887000.0,1.0,605.0,619.0,605.0,619.0,34000.0
2022-04-22,14290,609.0,613.0,599.0,612.0,0,0,18900.0,11449800.0,1.0,609.0,613.0,599.0,612.0,18900.0
2022-04-25,14290,602.0,610.0,594.0,601.0,0,0,37100.0,22246400.0,1.0,602.0,610.0,594.0,601.0,37100.0
2022-04-26,14290,603.0,606.0,596.0,596.0,0,0,31200.0,18693900.0,1.0,603.0,606.0,596.0,596.0,31200.0
2022-04-27,14290,591.0,604.0,575.0,604.0,0,0,104700.0,62061200.0,1.0,591.0,604.0,575.0,604.0,104700.0
2022-04-28,14290,624.0,625.0,613.0,625.0,0,0,80900.0,50266000.0,1.0,624.0,625.0,613.0,625.0,80900.0
2022-05-02,14290,635.0,635.0,607.0,612.0,0,0,26900.0,16618000.0,1.0,635.0,635.0,607.0,612.0,26900.0
2022-05-06,14290,610.0,610.0,596.0,609.0,0,0,19400.0,11747400.0,1.0,610.0,610.0,596.0,609.0,19400.0
2022-05-09,14290,595.0,606.0,592.0,592.0,0,0,49700.0,29664800.0,1.0,595.0,606.0,592.0,592.0,49700.0
2022-05-10,14290,588.0,600.0,583.0,596.0,0,0,31400.0,18588600.0,1.0,588.0,600.0,583.0,596.0,31400.0
2022-05-11,14290,600.0,607.0,593.0,595.0,0,0,40300.0,24118300.0,1.0,600.0,607.0,593.0,595.0,40300.0
2022-05-12,14290,588.0,603.0,563.0,570.0,0,0,106400.0,61966700.0,1.0,588.0,603.0,563.0,570.0,106400.0
2022-05-13,14290,570.0,572.0,544.0,564.0,0,0,124100.0,69186500.0,1.0,570.0,572.0,544.0,564.0,124100.0
2022-05-16,14290,570.0,571.0,555.0,566.0,0,0,34800.0,19561600.0,1.0,570.0,571.0,555.0,566.0,34800.0
2022-05-17,14290,566.0,577.0,558.0,575.0,0,0,65700.0,37185500.0,1.0,566.0,577.0,558.0,575.0,65700.0
2022-05-18,14290,575.0,593.0,571.0,588.0,0,0,69500.0,40403400.0,1.0,575.0,593.0,571.0,588.0,69500.0
2022-05-19,14290,580.0,595.0,571.0,591.0,0,0,55100.0,32329600.0,1.0,580.0,595.0,571.0,591.0,55100.0
2022-05-20,14290,590.0,604.0,579.0,602.0,0,0,80100.0,47396500.0,1.0,590.0,604.0,579.0,602.0,80100.0
2022-05-23,14290,612.0,636.0,600.0,605.0,0,0,85200.0,52416600.0,1.0,612.0,636.0,600.0,605.0,85200.0
2022-05-24,14290,606.0,613.0,602.0,607.0,0,0,45700.0,27779000.0,1.0,606.0,613.0,602.0,607.0,45700.0
2022-05-25,14290,608.0,615.0,606.0,613.0,0,0,48100.0,29410300.0,1.0,608.0,615.0,606.0,613.0,48100.0
2022-05-26,14290,612.0,618.0,603.0,603.0,0,0,39300.0,23934100.0,1.0,612.0,618.0,603.0,603.0,39300.0
2022-05-27,14290,603.0,612.0,601.0,612.0,0,0,27300.0,16558800.0,1.0,603.0,612.0,601.0,612.0,27300.0
2022-05-30,14290,620.0,627.0,613.0,627.0,0,0,70200.0,43684800.0,1.0,620.0,627.0,613.0,627.0,70200.0
2022-05-31,14290,630.0,641.0,617.0,637.0,0,0,63600.0,40139800.0,1.0,630.0,641.0,617.0,637.0,63600.0
2022-06-01,14290,637.0,641.0,626.0,641.0,0,0,43400.0,27523100.0,1.0,637.0,641.0,626.0,641.0,43400.0
2022-06-02,14290,639.0,639.0,616.0,616.0,0,0,61200.0,38149600.0,1.0,639.0,639.0,616.0,616.0,61200.0
2022-06-03,14290,621.0,628.0,619.0,623.0,0,0,41600.0,25866400.0,1.0,621.0,628.0,619.0,623.0,41600.0
2022-06-06,14290,620.0,624.0,615.0,622.0,0,0,19500.0,12086200.0,1.0,620.0,624.0,615.0,622.0,19500.0
2022-06-07,14290,623.0,623.0,617.0,623.0,0,0,38800.0,24079200.0,1.0,623.0,623.0,617.0,623.0,38800.0
2022-06-08,14290,624.0,629.0,622.0,622.0,0,0,33700.0,21091400.0,1.0,624.0,629.0,622.0,622.0,33700.0
2022-06-09,14290,622.0,626.0,616.0,616.0,0,0,27400.0,17002600.0,1.0,622.0,626.0,616.0,616.0,27400.0
2022-06-10,14290,621.0,621.0,601.0,601.0,0,0,62900.0,38395500.0,1.0,621.0,621.0,601.0,601.0,62900.0
2022-06-13,14290,592.0,607.0,587.0,599.0,0,0,52000.0,31019300.0,1.0,592.0,607.0,587.0,599.0,52000.0
2022-06-14,14290,593.0,599.0,592.0,595.0,0,0,24600.0,14647900.0,1.0,593.0,599.0,592.0,595.0,24600.0
2022-06-15,14290,597.0,601.0,593.0,595.0,0,0,25600.0,15258300.0,1.0,597.0,601.0,593.0,595.0,25600.0
2022-06-16,14290,603.0,608.0,596.0,600.0,0,0,29600.0,17811300.0,1.0,603.0,608.0,596.0,600.0,29600.0
2022-06-17,14290,590.0,597.0,587.0,591.0,0,0,25500.0,15093200.0,1.0,590.0,597.0,587.0,591.0,25500.0
2022-06-20,14290,596.0,598.0,578.0,584.0,0,0,53700.0,31501500.0,1.0,596.0,598.0,578.0,584.0,53700.0
2022-06-21,14290,589.0,598.0,589.0,595.0,0,0,34200.0,20342600.0,1.0,589.0,598.0,589.0,595.0,34200.0
2022-06-22,14290,599.0,599.0,586.0,589.0,0,0,37200.0,21962200.0,1.0,599.0,599.0,586.0,589.0,37200.0
2022-06-23,14290,595.0,600.0,589.0,594.0,0,0,41200.0,24483800.0,1.0,595.0,600.0,589.0,594.0,41200.0
2022-06-24,14290,602.0,603.0,593.0,595.0,0,0,28300.0,16914700.0,1.0,602.0,603.0,593.0,595.0,28300.0
2022-06-27,14290,599.0,599.0,591.0,595.0,0,0,21300.0,12682100.0,1.0,599.0,599.0,591.0,595.0,21300.0
2022-06-28,14290,597.0,597.0,588.0,590.0,0,0,30200.0,17862400.0,1.0,597.0,597.0,588.0,590.0,30200.0
2022-06-29,14290,587.0,598.0,586.0,598.0,0,0,38200.0,22712600.0,1.0,587.0,598.0,586.0,598.0,38200.0
2022-06-30,14290,592.0,592.0,586.0,586.0,0,0,55100.0,32459700.0,1.0,592.0,592.0,586.0,586.0,55100.0
2022-07-01,14290,587.0,587.0,565.0,568.0,0,0,57700.0,33200800.0,1.0,587.0,587.0,565.0,568.0,57700.0
2022-07-04,14290,574.0,575.0,568.0,573.0,0,0,19800.0,11339000.0,1.0,574.0,575.0,568.0,573.0,19800.0
2022-07-05,14290,573.0,578.0,572.0,574.0,0,0,33100.0,19028000.0,1.0,573.0,578.0,572.0,574.0,33100.0
2022-07-06,14290,574.0,581.0,569.0,580.0,0,0,57700.0,33246800.0,1.0,574.0,581.0,569.0,580.0,57700.0
2022-07-07,14290,579.0,605.0,577.0,597.0,0,0,83100.0,49043000.0,1.0,579.0,605.0,577.0,597.0,83100.0
2022-07-08,14290,596.0,597.0,581.0,581.0,0,0,63200.0,37096300.0,1.0,596.0,597.0,581.0,581.0,63200.0
2022-07-11,14290,590.0,592.0,585.0,589.0,0,0,52300.0,30774600.0,1.0,590.0,592.0,585.0,589.0,52300.0
2022-07-12,14290,583.0,585.0,572.0,573.0,0,0,66800.0,38420700.0,1.0,583.0,585.0,572.0,573.0,66800.0
2022-07-13,14290,573.0,583.0,573.0,580.0,0,0,27400.0,15844300.0,1.0,573.0,583.0,573.0,580.0,27400.0
2022-07-14,14290,582.0,602.0,579.0,601.0,0,0,103900.0,61806900.0,1.0,582.0,602.0,579.0,601.0,103900.0
2022-07-15,14290,597.0,597.0,576.0,583.0,0,0,66100.0,38640500.0,1.0,597.0,597.0,576.0,583.0,66100.0
2022-07-19,14290,583.0,585.0,580.0,582.0,0,0,15100.0,8801000.0,1.0,583.0,585.0,580.0,582.0,15100.0
2022-07-20,14290,588.0,595.0,583.0,594.0,0,0,33900.0,19957100.0,1.0,588.0,595.0,583.0,594.0,33900.0
2022-07-21,14290,594.0,597.0,592.0,595.0,0,0,16800.0,9994900.0,1.0,594.0,597.0,592.0,595.0,16800.0
2022-07-22,14290,596.0,602.0,593.0,600.0,0,0,22200.0,13296300.0,1.0,596.0,602.0,593.0,600.0,22200.0
2022-07-25,14290,600.0,607.0,597.0,604.0,0,0,20200.0,12160800.0,1.0,600.0,607.0,597.0,604.0,20200.0
2022-07-26,14290,600.0,618.0,599.0,617.0,0,0,31600.0,19354900.0,1.0,600.0,618.0,599.0,617.0,31600.0
2022-07-27,14290,620.0,621.0,607.0,609.0,0,0,22800.0,13985100.0,1.0,620.0,621.0,607.0,609.0,22800.0
2022-07-28,14290,608.0,618.0,608.0,618.0,0,0,24600.0,15067200.0,1.0,608.0,618.0,608.0,618.0,24600.0
2022-07-29,14290,620.0,623.0,606.0,623.0,0,0,41300.0,25456900.0,1.0,620.0,623.0,606.0,623.0,41300.0
2022-08-01,14290,628.0,628.0,617.0,625.0,0,0,41600.0,25892000.0,1.0,628.0,628.0,617.0,625.0,41600.0
2022-08-02,14290,618.0,621.0,611.0,612.0,0,0,21900.0,13461700.0,1.0,618.0,621.0,611.0,612.0,21900.0
2022-08-03,14290,610.0,611.0,603.0,607.0,0,0,29800.0,18110900.0,1.0,610.0,611.0,603.0,607.0,29800.0
2022-08-04,14290,609.0,617.0,606.0,614.0,0,0,36000.0,22007200.0,1.0,609.0,617.0,606.0,614.0,36000.0
2022-08-05,14290,607.0,622.0,604.0,614.0,0,0,15700.0,9631100.0,1.0,607.0,622.0,604.0,614.0,15700.0
2022-08-08,14290,610.0,619.0,607.0,619.0,0,0,16500.0,10167600.0,1.0,610.0,619.0,607.0,619.0,16500.0
2022-08-09,14290,619.0,619.0,612.0,615.0,0,0,16100.0,9898800.0,1.0,619.0,619.0,612.0,615.0,16100.0
2022-08-10,14290,615.0,617.0,604.0,611.0,0,0,40700.0,24856700.0,1.0,615.0,617.0,604.0,611.0,40700.0
2022-08-12,14290,635.0,648.0,628.0,637.0,0,0,141800.0,90518200.0,1.0,635.0,648.0,628.0,637.0,141800.0
2022-08-15,14290,630.0,632.0,618.0,623.0,0,0,34300.0,21486600.0,1.0,630.0,632.0,618.0,623.0,34300.0
2022-08-16,14290,620.0,620.0,613.0,617.0,0,0,53800.0,33177200.0,1.0,620.0,620.0,613.0,617.0,53800.0
2022-08-17,14290,617.0,619.0,606.0,610.0,0,0,64400.0,39388400.0,1.0,617.0,619.0,606.0,610.0,64400.0
2022-08-18,14290,607.0,620.0,607.0,619.0,0,0,48600.0,29939600.0,1.0,607.0,620.0,607.0,619.0,48600.0
2022-08-19,14290,619.0,620.0,615.0,618.0,0,0,34500.0,21325900.0,1.0,619.0,620.0,615.0,618.0,34500.0
2022-08-22,14290,618.0,633.0,615.0,629.0,0,0,51600.0,32403700.0,1.0,618.0,633.0,615.0,629.0,51600.0
2022-08-23,14290,634.0,675.0,632.0,648.0,0,0,196000.0,127901900.0,1.0,634.0,675.0,632.0,648.0,196000.0
2022-08-24,14290,650.0,651.0,638.0,638.0,0,0,55400.0,35583100.0,1.0,650.0,651.0,638.0,638.0,55400.0
2022-08-25,14290,640.0,647.0,636.0,640.0,0,0,17200.0,11040400.0,1.0,640.0,647.0,636.0,640.0,17200.0
2022-08-26,14290,640.0,658.0,633.0,648.0,0,0,55000.0,35621700.0,1.0,640.0,658.0,633.0,648.0,55000.0
2022-08-29,14290,638.0,650.0,637.0,637.0,0,0,51400.0,32912700.0,1.0,638.0,650.0,637.0,637.0,51400.0
2022-08-30,14290,641.0,672.0,641.0,669.0,0,0,105100.0,69827800.0,1.0,641.0,672.0,641.0,669.0,105100.0
2022-08-31,14290,670.0,705.0,665.0,699.0,0,0,253200.0,175844200.0,1.0,670.0,705.0,665.0,699.0,253200.0
2022-09-01,14290,701.0,704.0,674.0,674.0,0,0,123300.0,84566300.0,1.0,701.0,704.0,674.0,674.0,123300.0
2022-09-02,14290,674.0,684.0,660.0,674.0,0,0,70000.0,47023200.0,1.0,674.0,684.0,660.0,674.0,70000.0
2022-09-05,14290,670.0,697.0,668.0,693.0,0,0,49000.0,33717500.0,1.0,670.0,697.0,668.0,693.0,49000.0
2022-09-06,14290,692.0,697.0,677.0,687.0,0,0,53700.0,36881100.0,1.0,692.0,697.0,677.0,687.0,53700.0
2022-09-07,14290,680.0,693.0,676.0,676.0,0,0,43300.0,29542600.0,1.0,680.0,693.0,676.0,676.0,43300.0
2022-09-08,14290,679.0,694.0,679.0,684.0,0,0,37200.0,25499000.0,1.0,679.0,694.0,679.0,684.0,37200.0
2022-09-09,14290,678.0,686.0,678.0,681.0,0,0,25700.0,17493100.0,1.0,678.0,686.0,678.0,681.0,25700.0
2022-09-12,14290,690.0,709.0,687.0,707.0,0,0,55400.0,38732500.0,1.0,690.0,709.0,687.0,707.0,55400.0
2022-09-13,14290,710.0,722.0,695.0,697.0,0,0,64200.0,45362400.0,1.0,710.0,722.0,695.0,697.0,64200.0
2022-09-14,14290,677.0,695.0,676.0,676.0,0,0,69300.0,47325300.0,1.0,677.0,695.0,676.0,676.0,69300.0
2022-09-15,14290,671.0,685.0,668.0,676.0,0,0,43400.0,29403100.0,1.0,671.0,685.0,668.0,676.0,43400.0
2022-09-16,14290,673.0,675.0,659.0,662.0,0,0,74200.0,49485900.0,1.0,673.0,675.0,659.0,662.0,74200.0
2022-09-20,14290,659.0,677.0,659.0,668.0,0,0,29200.0,19530600.0,1.0,659.0,677.0,659.0,668.0,29200.0
2022-09-21,14290,662.0,664.0,650.0,654.0,0,0,53700.0,35178100.0,1.0,662.0,664.0,650.0,654.0,53700.0
2022-09-22,14290,644.0,666.0,642.0,661.0,0,0,46100.0,30341300.0,1.0,644.0,666.0,642.0,661.0,46100.0
2022-09-26,14290,665.0,667.0,655.0,656.0,0,0,45600.0,30181800.0,1.0,665.0,667.0,655.0,656.0,45600.0
2022-09-27,14290,652.0,672.0,652.0,661.0,0,0,32200.0,21363200.0,1.0,652.0,672.0,652.0,661.0,32200.0
2022-09-28,14290,659.0,672.0,655.0,672.0,0,0,72300.0,47773700.0,1.0,659.0,672.0,655.0,672.0,72300.0
2022-09-29,14290,680.0,687.0,665.0,684.0,0,0,55200.0,37431800.0,1.0,680.0,687.0,665.0,684.0,55200.0
2022-09-30,14290,694.0,730.0,685.0,729.0,0,0,200500.0,142684200.0,1.0,694.0,730.0,685.0,729.0,200500.0
2022-10-03,14290,718.0,725.0,704.0,718.0,0,0,129500.0,92537100.0,1.0,718.0,725.0,704.0,718.0,129500.0
2022-10-04,14290,720.0,737.0,709.0,733.0,0,0,80500.0,58360200.0,1.0,720.0,737.0,709.0,733.0,80500.0
2022-10-05,14290,734.0,734.0,708.0,712.0,0,0,76600.0,54776200.0,1.0,734.0,734.0,708.0,712.0,76600.0
2022-10-06,14290,712.0,722.0,710.0,714.0,0,0,78500.0,56191700.0,1.0,712.0,722.0,710.0,714.0,78500.0
2022-10-07,14290,703.0,726.0,701.0,714.0,0,0,86700.0,62150900.0,1.0,703.0,726.0,701.0,714.0,86700.0
2022-10-11,14290,704.0,716.0,697.0,703.0,0,0,42900.0,30192600.0,1.0,704.0,716.0,697.0,703.0,42900.0
2022-10-12,14290,704.0,704.0,688.0,691.0,0,0,26300.0,18235000.0,1.0,704.0,704.0,688.0,691.0,26300.0
2022-10-13,14290,691.0,691.0,678.0,678.0,0,0,38900.0,26609000.0,1.0,691.0,691.0,678.0,678.0,38900.0
2022-10-14,14290,698.0,698.0,684.0,690.0,0,0,31400.0,21620900.0,1.0,698.0,698.0,684.0,690.0,31400.0
2022-10-17,14290,681.0,703.0,681.0,699.0,0,0,38100.0,26416400.0,1.0,681.0,703.0,681.0,699.0,38100.0
2022-10-18,14290,709.0,713.0,698.0,709.0,0,0,37300.0,26365200.0,1.0,709.0,713.0,698.0,709.0,37300.0
2022-10-19,14290,709.0,713.0,695.0,699.0,0,0,40400.0,28411000.0,1.0,709.0,713.0,695.0,699.0,40400.0
2022-10-20,14290,693.0,719.0,692.0,717.0,0,0,38700.0,27426700.0,1.0,693.0,719.0,692.0,717.0,38700.0
2022-10-21,14290,712.0,712.0,701.0,710.0,0,0,29700.0,20968000.0,1.0,712.0,712.0,701.0,710.0,29700.0
2022-10-24,14290,712.0,712.0,695.0,704.0,0,0,38900.0,27293100.0,1.0,712.0,712.0,695.0,704.0,38900.0
2022-10-25,14290,701.0,720.0,698.0,719.0,0,0,95100.0,67167600.0,1.0,701.0,720.0,698.0,719.0,95100.0
2022-10-26,14290,720.0,720.0,706.0,706.0,0,0,53400.0,37868900.0,1.0,720.0,720.0,706.0,706.0,53400.0
2022-10-27,14290,706.0,726.0,702.0,717.0,0,0,38400.0,27549600.0,1.0,706.0,726.0,702.0,717.0,38400.0
2022-10-28,14290,711.0,720.0,707.0,710.0,0,0,74600.0,53071900.0,1.0,711.0,720.0,707.0,710.0,74600.0
2022-10-31,14290,720.0,736.0,720.0,735.0,0,0,81700.0,59807100.0,1.0,720.0,736.0,720.0,735.0,81700.0
2022-11-01,14290,735.0,735.0,722.0,725.0,0,0,35100.0,25514000.0,1.0,735.0,735.0,722.0,725.0,35100.0
2022-11-02,14290,725.0,729.0,708.0,709.0,0,0,127600.0,90865000.0,1.0,725.0,729.0,708.0,709.0,127600.0
2022-11-04,14290,709.0,726.0,709.0,717.0,0,0,37300.0,26794900.0,1.0,709.0,726.0,709.0,717.0,37300.0
2022-11-07,14290,725.0,725.0,711.0,715.0,0,0,25100.0,17955800.0,1.0,725.0,725.0,711.0,715.0,25100.0
2022-11-08,14290,720.0,747.0,715.0,745.0,0,0,108700.0,79639000.0,1.0,720.0,747.0,715.0,745.0,108700.0
2022-11-09,14290,745.0,751.0,728.0,737.0,0,0,115600.0,85591000.0,1.0,745.0,751.0,728.0,737.0,115600.0
2022-11-10,14290,737.0,784.0,724.0,748.0,0,0,282800.0,212488100.0,1.0,737.0,784.0,724.0,748.0,282800.0
2022-11-11,14290,775.0,801.0,766.0,796.0,0,0,194600.0,154088300.0,1.0,775.0,801.0,766.0,796.0,194600.0
2022-11-14,14290,788.0,815.0,775.0,808.0,0,0,124800.0,100046800.0,1.0,788.0,815.0,775.0,808.0,124800.0
2022-11-15,14290,819.0,848.0,809.0,837.0,0,0,186400.0,154969600.0,1.0,819.0,848.0,809.0,837.0,186400.0
2022-11-16,14290,846.0,876.0,846.0,869.0,0,0,203100.0,175673600.0,1.0,846.0,876.0,846.0,869.0,203100.0
2022-11-17,14290,875.0,895.0,870.0,895.0,0,0,168300.0,148987000.0,1.0,875.0,895.0,870.0,895.0,168300.0
2022-11-18,14290,905.0,927.0,893.0,895.0,0,0,221700.0,202214700.0,1.0,905.0,927.0,893.0,895.0,221700.0
2022-11-21,14290,880.0,895.0,873.0,880.0,0,0,106000.0,93503200.0,1.0,880.0,895.0,873.0,880.0,106000.0
2022-11-22,14290,873.0,874.0,842.0,854.0,0,0,198800.0,170095400.0,1.0,873.0,874.0,842.0,854.0,198800.0
2022-11-24,14290,852.0,852.0,833.0,852.0,0,0,148800.0,125699300.0,1.0,852.0,852.0,833.0,852.0,148800.0
2022-11-25,14290,858.0,874.0,838.0,845.0,0,0,99300.0,84192700.0,1.0,858.0,874.0,838.0,845.0,99300.0
2022-11-28,14290,855.0,867.0,842.0,845.0,0,0,85200.0,72632300.0,1.0,855.0,867.0,842.0,845.0,85200.0
2022-11-29,14290,838.0,865.0,827.0,863.0,0,0,100300.0,85536100.0,1.0,838.0,865.0,827.0,863.0,100300.0
2022-11-30,14290,870.0,888.0,856.0,880.0,0,0,108200.0,94704900.0,1.0,870.0,888.0,856.0,880.0,108200.0
2022-12-01,14290,893.0,908.0,873.0,883.0,0,0,168400.0,149606900.0,1.0,893.0,908.0,873.0,883.0,168400.0
2022-12-02,14290,875.0,884.0,866.0,883.0,0,0,104000.0,90951900.0,1.0,875.0,884.0,866.0,883.0,104000.0
2022-12-05,14290,881.0,890.0,864.0,866.0,0,0,117200.0,102573300.0,1.0,881.0,890.0,864.0,866.0,117200.0
2022-12-06,14290,862.0,874.0,853.0,858.0,0,0,78100.0,67322300.0,1.0,862.0,874.0,853.0,858.0,78100.0
2022-12-07,14290,851.0,864.0,845.0,847.0,0,0,51100.0,43641100.0,1.0,851.0,864.0,845.0,847.0,51100.0
2022-12-08,14290,850.0,866.0,842.0,865.0,0,0,58500.0,50175400.0,1.0,850.0,866.0,842.0,865.0,58500.0
2022-12-09,14290,870.0,880.0,866.0,875.0,0,0,50500.0,44075500.0,1.0,870.0,880.0,866.0,875.0,50500.0
2022-12-12,14290,867.0,873.0,860.0,868.0,0,0,43500.0,37613900.0,1.0,867.0,873.0,860.0,868.0,43500.0
2022-12-13,14290,865.0,874.0,862.0,863.0,0,0,33000.0,28616900.0,1.0,865.0,874.0,862.0,863.0,33000.0
2022-12-14,14290,870.0,891.0,862.0,875.0,0,0,72800.0,63938600.0,1.0,870.0,891.0,862.0,875.0,72800.0
2022-12-15,14290,870.0,879.0,867.0,872.0,0,0,47100.0,41105800.0,1.0,870.0,879.0,867.0,872.0,47100.0
2022-12-16,14290,876.0,881.0,863.0,867.0,0,0,55000.0,47906200.0,1.0,876.0,881.0,863.0,867.0,55000.0
2022-12-19,14290,880.0,904.0,872.0,889.0,0,0,91000.0,81198800.0,1.0,880.0,904.0,872.0,889.0,91000.0
2022-12-20,14290,901.0,919.0,803.0,810.0,0,0,440400.0,374953500.0,1.0,901.0,919.0,803.0,810.0,440400.0
2022-12-21,14290,795.0,847.0,792.0,806.0,0,0,202800.0,165708500.0,1.0,795.0,847.0,792.0,806.0,202800.0
2022-12-22,14290,807.0,867.0,807.0,846.0,0,0,169900.0,143834500.0,1.0,807.0,867.0,807.0,846.0,169900.0
2022-12-23,14290,844.0,861.0,829.0,836.0,0,0,85600.0,72166100.0,1.0,844.0,861.0,829.0,836.0,85600.0
2022-12-26,14290,821.0,845.0,821.0,832.0,0,0,55000.0,45740400.0,1.0,821.0,845.0,821.0,832.0,55000.0
2022-12-27,14290,832.0,873.0,832.0,856.0,0,0,77900.0,66731100.0,1.0,832.0,873.0,832.0,856.0,77900.0
2022-12-28,14290,858.0,858.0,836.0,838.0,0,0,93100.0,78471200.0,1.0,858.0,858.0,836.0,838.0,93100.0
2022-12-29,14290,801.0,820.0,788.0,818.0,0,0,115700.0,93131300.0,1.0,801.0,820.0,788.0,818.0,115700.0
2022-12-30,14290,827.0,849.0,822.0,828.0,0,0,57500.0,47837000.0,1.0,827.0,849.0,822.0,828.0,57500.0
2023-01-04,14290,814.0,816.0,796.0,796.0,0,0,63400.0,50952700.0,1.0,814.0,816.0,796.0,796.0,63400.0
2023-01-05,14290,802.0,812.0,793.0,812.0,0,0,42400.0,34147500.0,1.0,802.0,812.0,793.0,812.0,42400.0
2023-01-06,14290,797.0,807.0,795.0,799.0,0,0,28000.0,22423300.0,1.0,797.0,807.0,795.0,799.0,28000.0
2023-01-10,14290,792.0,799.0,781.0,790.0,0,0,42000.0,33187600.0,1.0,792.0,799.0,781.0,790.0,42000.0
2023-01-11,14290,793.0,824.0,793.0,818.0,0,0,52600.0,42794000.0,1.0,793.0,824.0,793.0,818.0,52600.0
2023-01-12,14290,822.0,834.0,815.0,824.0,0,0,54800.0,45145600.0,1.0,822.0,834.0,815.0,824.0,54800.0
2023-01-13,14290,821.0,827.0,810.0,815.0,0,0,47300.0,38630400.0,1.0,821.0,827.0,810.0,815.0,47300.0
2023-01-16,14290,800.0,810.0,782.0,786.0,0,0,107400.0,84518200.0,1.0,800.0,810.0,782.0,786.0,107400.0
2023-01-17,14290,778.0,800.0,774.0,791.0,0,0,31500.0,24924400.0,1.0,778.0,800.0,774.0,791.0,31500.0
2023-01-18,14290,788.0,809.0,783.0,806.0,0,0,42000.0,33617300.0,1.0,788.0,809.0,783.0,806.0,42000.0
2023-01-19,14290,801.0,840.0,798.0,833.0,0,0,99200.0,82036500.0,1.0,801.0,840.0,798.0,833.0,99200.0
2023-01-20,14290,825.0,834.0,810.0,812.0,0,0,59300.0,48498200.0,1.0,825.0,834.0,810.0,812.0,59300.0
2023-01-23,14290,820.0,843.0,796.0,803.0,0,0,152100.0,123318500.0,1.0,820.0,843.0,796.0,803.0,152100.0
2023-01-24,14290,806.0,825.0,801.0,825.0,0,0,72100.0,58972900.0,1.0,806.0,825.0,801.0,825.0,72100.0
2023-01-25,14290,823.0,837.0,814.0,833.0,0,0,64300.0,53260400.0,1.0,823.0,837.0,814.0,833.0,64300.0
2023-01-26,14290,863.0,925.0,859.0,888.0,0,0,710800.0,637145400.0,1.0,863.0,925.0,859.0,888.0,710800.0
2023-01-27,14290,900.0,905.0,877.0,897.0,0,0,296600.0,264484900.0,1.0,900.0,905.0,877.0,897.0,296600.0
2023-01-30,14290,882.0,922.0,867.0,919.0,0,0,324700.0,294222400.0,1.0,882.0,922.0,867.0,919.0,324700.0
2023-01-31,14290,927.0,952.0,917.0,950.0,0,0,263600.0,247943900.0,1.0,927.0,952.0,917.0,950.0,263600.0
2023-02-01,14290,965.0,965.0,926.0,945.0,0,0,219500.0,207503400.0,1.0,965.0,965.0,926.0,945.0,219500.0
2023-02-02,14290,945.0,963.0,931.0,937.0,0,0,111200.0,105265300.0,1.0,945.0,963.0,931.0,937.0,111200.0
2023-02-03,14290,931.0,953.0,914.0,947.0,0,0,201600.0,188522700.0,1.0,931.0,953.0,914.0,947.0,201600.0
2023-02-06,14290,945.0,978.0,945.0,978.0,0,0,224300.0,216643700.0,1.0,945.0,978.0,945.0,978.0,224300.0
2023-02-07,14290,978.0,978.0,951.0,955.0,0,0,238400.0,228172500.0,1.0,978.0,978.0,951.0,955.0,238400.0
2023-02-08,14290,950.0,964.0,939.0,963.0,0,0,124900.0,119330800.0,1.0,950.0,964.0,939.0,963.0,124900.0
2023-02-09,14290,959.0,977.0,956.0,977.0,0,0,108600.0,105137600.0,1.0,959.0,977.0,956.0,977.0,108600.0
2023-02-10,14290,983.0,993.0,952.0,989.0,0,0,451500.0,442783600.0,1.0,983.0,993.0,952.0,989.0,451500.0
2023-02-13,14290,944.0,983.0,907.0,952.0,0,0,527100.0,502651900.0,1.0,944.0,983.0,907.0,952.0,527100.0
2023-02-14,14290,960.0,990.0,956.0,990.0,0,0,342000.0,334732300.0,1.0,960.0,990.0,956.0,990.0,342000.0
2023-02-15,14290,985.0,991.0,965.0,969.0,0,0,166800.0,162444200.0,1.0,985.0,991.0,965.0,969.0,166800.0
2023-02-16,14290,965.0,965.0,927.0,937.0,0,0,248300.0,232812100.0,1.0,965.0,965.0,927.0,937.0,248300.0
2023-02-17,14290,925.0,978.0,918.0,976.0,0,0,313100.0,300300600.0,1.0,925.0,978.0,918.0,976.0,313100.0
2023-02-20,14290,983.0,983.0,945.0,950.0,0,0,134600.0,129026500.0,1.0,983.0,983.0,945.0,950.0,134600.0
2023-02-21,14290,950.0,964.0,945.0,946.0,0,0,94600.0,90110800.0,1.0,950.0,964.0,945.0,946.0,94600.0
2023-02-22,14290,931.0,951.0,928.0,944.0,0,0,118900.0,111927800.0,1.0,931.0,951.0,928.0,944.0,118900.0
2023-02-24,14290,939.0,943.0,896.0,907.0,0,0,251500.0,229470300.0,1.0,939.0,943.0,896.0,907.0,251500.0
2023-02-27,14290,897.0,920.0,893.0,919.0,0,0,114000.0,103200200.0,1.0,897.0,920.0,893.0,919.0,114000.0
2023-02-28,14290,931.0,942.0,918.0,934.0,0,0,81500.0,75865800.0,1.0,931.0,942.0,918.0,934.0,81500.0
2023-03-01,14290,935.0,953.0,925.0,938.0,0,0,99000.0,93097500.0,1.0,935.0,953.0,925.0,938.0,99000.0
2023-03-02,14290,935.0,935.0,904.0,913.0,0,0,175800.0,160606200.0,1.0,935.0,935.0,904.0,913.0,175800.0
2023-03-03,14290,913.0,914.0,897.0,902.0,0,0,108000.0,97519200.0,1.0,913.0,914.0,897.0,902.0,108000.0
2023-03-06,14290,905.0,910.0,896.0,899.0,0,0,76700.0,69193200.0,1.0,905.0,910.0,896.0,899.0,76700.0
2023-03-07,14290,897.0,913.0,888.0,903.0,0,0,92000.0,83161800.0,1.0,897.0,913.0,888.0,903.0,92000.0
2023-03-08,14290,904.0,914.0,888.0,910.0,0,0,130200.0,117592400.0,1.0,904.0,914.0,888.0,910.0,130200.0
2023-03-09,14290,915.0,937.0,912.0,923.0,0,0,138700.0,128123300.0,1.0,915.0,937.0,912.0,923.0,138700.0
2023-03-10,14290,911.0,916.0,894.0,895.0,0,0,107700.0,97087100.0,1.0,911.0,916.0,894.0,895.0,107700.0
2023-03-13,14290,877.0,878.0,855.0,866.0,0,0,163900.0,142124400.0,1.0,877.0,878.0,855.0,866.0,163900.0
2023-03-14,14290,845.0,856.0,835.0,845.0,0,0,115300.0,97411900.0,1.0,845.0,856.0,835.0,845.0,115300.0
2023-03-15,14290,860.0,889.0,860.0,889.0,0,0,109400.0,95833400.0,1.0,860.0,889.0,860.0,889.0,109400.0
2023-03-16,14290,859.0,885.0,857.0,880.0,0,0,121300.0,105853600.0,1.0,859.0,885.0,857.0,880.0,121300.0
2023-03-17,14290,881.0,906.0,881.0,897.0,0,0,60600.0,54455600.0,1.0,881.0,906.0,881.0,897.0,60600.0
2023-03-20,14290,882.0,888.0,848.0,851.0,0,0,115600.0,99450200.0,1.0,882.0,888.0,848.0,851.0,115600.0
2023-03-22,14290,871.0,874.0,861.0,873.0,0,0,65700.0,57073300.0,1.0,871.0,874.0,861.0,873.0,65700.0
2023-03-23,14290,869.0,872.0,854.0,868.0,0,0,48700.0,42225400.0,1.0,869.0,872.0,854.0,868.0,48700.0
2023-03-24,14290,868.0,884.0,862.0,873.0,0,0,53800.0,47049500.0,1.0,868.0,884.0,862.0,873.0,53800.0
2023-03-27,14290,877.0,910.0,874.0,889.0,0,0,169900.0,152219900.0,1.0,877.0,910.0,874.0,889.0,169900.0
2023-03-28,14290,889.0,889.0,864.0,874.0,0,0,58300.0,51132600.0,1.0,889.0,889.0,864.0,874.0,58300.0
2023-03-29,14290,875.0,891.0,875.0,890.0,0,0,53700.0,47556200.0,1.0,875.0,891.0,875.0,890.0,53700.0
2023-03-30,14290,905.0,910.0,896.0,909.0,0,0,51900.0,46911100.0,1.0,905.0,910.0,896.0,909.0,51900.0
2023-03-31,14290,910.0,938.0,910.0,936.0,0,0,117600.0,109003400.0,1.0,910.0,938.0,910.0,936.0,117600.0
2023-04-03,14290,944.0,946.0,907.0,911.0,0,0,88400.0,81543000.0,1.0,944.0,946.0,907.0,911.0,88400.0
2023-04-04,14290,911.0,925.0,896.0,898.0,0,0,78900.0,71296800.0,1.0,911.0,925.0,896.0,898.0,78900.0
2023-04-05,14290,892.0,894.0,861.0,862.0,0,0,121600.0,106300000.0,1.0,892.0,894.0,861.0,862.0,121600.0
2023-04-06,14290,856.0,869.0,852.0,859.0,0,0,77500.0,66718300.0,1.0,856.0,869.0,852.0,859.0,77500.0
2023-04-07,14290,867.0,878.0,866.0,870.0,0,0,63800.0,55585600.0,1.0,867.0,878.0,866.0,870.0,63800.0
2023-04-10,14290,871.0,876.0,856.0,875.0,0,0,68300.0,59276600.0,1.0,871.0,876.0,856.0,875.0,68300.0
2023-04-11,14290,885.0,887.0,873.0,879.0,0,0,103200.0,90643700.0,1.0,885.0,887.0,873.0,879.0,103200.0
2023-04-12,14290,888.0,903.0,886.0,900.0,0,0,54800.0,49104900.0,1.0,888.0,903.0,886.0,900.0,54800.0
2023-04-13,14290,901.0,901.0,879.0,885.0,0,0,62200.0,55041600.0,1.0,901.0,901.0,879.0,885.0,62200.0
2023-04-14,14290,885.0,891.0,880.0,887.0,0,0,38400.0,34048300.0,1.0,885.0,891.0,880.0,887.0,38400.0
2023-04-17,14290,897.0,897.0,882.0,886.0,0,0,38300.0,33951600.0,1.0,897.0,897.0,882.0,886.0,38300.0
2023-04-18,14290,885.0,900.0,877.0,895.0,0,0,47400.0,42295000.0,1.0,885.0,900.0,877.0,895.0,47400.0
2023-04-19,14290,897.0,897.0,880.0,881.0,0,0,35600.0,31500800.0,1.0,897.0,897.0,880.0,881.0,35600.0
2023-04-20,14290,879.0,894.0,872.0,892.0,0,0,41100.0,36475600.0,1.0,879.0,894.0,872.0,892.0,41100.0
2023-04-21,14290,895.0,895.0,872.0,872.0,0,0,58700.0,51702800.0,1.0,895.0,895.0,872.0,872.0,58700.0
2023-04-24,14290,881.0,884.0,877.0,882.0,0,0,46100.0,40583700.0,1.0,881.0,884.0,877.0,882.0,46100.0
2023-04-25,14290,886.0,895.0,876.0,880.0,0,0,64800.0,57288700.0,1.0,886.0,895.0,876.0,880.0,64800.0
2023-04-26,14290,870.0,870.0,847.0,858.0,0,0,125900.0,107886100.0,1.0,870.0,870.0,847.0,858.0,125900.0
2023-04-27,14290,849.0,867.0,845.0,867.0,0,0,158100.0,136252700.0,1.0,849.0,867.0,845.0,867.0,158100.0
2023-04-28,14290,867.0,880.0,857.0,879.0,0,0,80700.0,70236300.0,1.0,867.0,880.0,857.0,879.0,80700.0
2023-05-01,14290,890.0,895.0,871.0,876.0,0,0,65800.0,58123300.0,1.0,890.0,895.0,871.0,876.0,65800.0
2023-05-02,14290,880.0,888.0,869.0,883.0,0,0,40500.0,35645200.0,1.0,880.0,888.0,869.0,883.0,40500.0
2023-05-08,14290,883.0,892.0,881.0,892.0,0,0,39100.0,34678100.0,1.0,883.0,892.0,881.0,892.0,39100.0
2023-05-09,14290,895.0,918.0,895.0,917.0,0,0,67500.0,61443600.0,1.0,895.0,918.0,895.0,917.0,67500.0
2023-05-10,14290,916.0,916.0,899.0,902.0,0,0,36200.0,32764800.0,1.0,916.0,916.0,899.0,902.0,36200.0
2023-05-11,14290,910.0,920.0,904.0,910.0,0,0,142500.0,129628900.0,1.0,910.0,920.0,904.0,910.0,142500.0
2023-05-12,14290,925.0,925.0,863.0,885.0,0,0,264500.0,236999900.0,1.0,925.0,925.0,863.0,885.0,264500.0
2023-05-15,14290,885.0,890.0,872.0,879.0,0,0,66900.0,58845200.0,1.0,885.0,890.0,872.0,879.0,66900.0
2023-05-16,14290,875.0,881.0,865.0,870.0,0,0,55400.0,48215200.0,1.0,875.0,881.0,865.0,870.0,55400.0
2023-05-17,14290,872.0,890.0,872.0,887.0,0,0,81800.0,72386300.0,1.0,872.0,890.0,872.0,887.0,81800.0
2023-05-18,14290,892.0,893.0,856.0,857.0,0,0,110600.0,95711300.0,1.0,892.0,893.0,856.0,857.0,110600.0
2023-05-19,14290,857.0,862.0,851.0,852.0,0,0,77300.0,66088500.0,1.0,857.0,862.0,851.0,852.0,77300.0
2023-05-22,14290,860.0,885.0,853.0,885.0,0,0,96700.0,84626900.0,1.0,860.0,885.0,853.0,885.0,96700.0
2023-05-23,14290,889.0,895.0,865.0,872.0,0,0,104000.0,91437300.0,1.0,889.0,895.0,865.0,872.0,104000.0
2023-05-24,14290,872.0,919.0,872.0,918.0,0,0,204500.0,185348200.0,1.0,872.0,919.0,872.0,918.0,204500.0
2023-05-25,14290,916.0,969.0,913.0,951.0,0,0,274400.0,260857000.0,1.0,916.0,969.0,913.0,951.0,274400.0
2023-05-26,14290,957.0,957.0,915.0,916.0,0,0,88300.0,82299300.0,1.0,957.0,957.0,915.0,916.0,88300.0
2023-05-29,14290,920.0,920.0,900.0,905.0,0,0,42600.0,38643700.0,1.0,920.0,920.0,900.0,905.0,42600.0
2023-05-30,14290,909.0,920.0,893.0,916.0,0,0,65900.0,59579700.0,1.0,909.0,920.0,893.0,916.0,65900.0
2023-05-31,14290,903.0,922.0,899.0,899.0,0,0,57400.0,51922700.0,1.0,903.0,922.0,899.0,899.0,57400.0
2023-06-01,14290,908.0,919.0,891.0,894.0,0,0,44400.0,39972400.0,1.0,908.0,919.0,891.0,894.0,44400.0
2023-06-02,14290,904.0,906.0,888.0,891.0,0,0,47200.0,42250900.0,1.0,904.0,906.0,888.0,891.0,47200.0
2023-06-05,14290,905.0,918.0,903.0,910.0,0,0,48900.0,44499300.0,1.0,905.0,918.0,903.0,910.0,48900.0
2023-06-06,14290,907.0,907.0,895.0,903.0,0,0,68100.0,61318700.0,1.0,907.0,907.0,895.0,903.0,68100.0
2023-06-07,14290,903.0,931.0,891.0,895.0,0,0,122800.0,111708400.0,1.0,903.0,931.0,891.0,895.0,122800.0
2023-06-08,14290,895.0,902.0,884.0,892.0,0,0,54900.0,48904100.0,1.0,895.0,902.0,884.0,892.0,54900.0
2023-06-09,14290,904.0,904.0,884.0,886.0,0,0,53900.0,48096000.0,1.0,904.0,904.0,884.0,886.0,53900.0
2023-06-12,14290,886.0,891.0,879.0,890.0,0,0,62200.0,55127900.0,1.0,886.0,891.0,879.0,890.0,62200.0
2023-06-13,14290,891.0,894.0,882.0,886.0,0,0,39500.0,35064700.0,1.0,891.0,894.0,882.0,886.0,39500.0
2023-06-14,14290,883.0,883.0,866.0,871.0,0,0,93900.0,81916400.0,1.0,883.0,883.0,866.0,871.0,93900.0
2023-06-15,14290,868.0,872.0,863.0,863.0,0,0,67400.0,58341800.0,1.0,868.0,872.0,863.0,863.0,67400.0
2023-06-16,14290,874.0,874.0,861.0,861.0,0,0,88200.0,76188500.0,1.0,874.0,874.0,861.0,861.0,88200.0
2023-06-19,14290,869.0,869.0,850.0,861.0,0,0,123100.0,105589800.0,1.0,869.0,869.0,850.0,861.0,123100.0
2023-06-20,14290,862.0,870.0,858.0,862.0,0,0,175700.0,151545500.0,1.0,862.0,870.0,858.0,862.0,175700.0
2023-06-21,14290,862.0,878.0,861.0,875.0,0,0,93900.0,81849200.0,1.0,862.0,878.0,861.0,875.0,93900.0
2023-06-22,14290,876.0,880.0,864.0,865.0,0,0,69200.0,60291500.0,1.0,876.0,880.0,864.0,865.0,69200.0
2023-06-23,14290,865.0,871.0,851.0,853.0,0,0,87200.0,74789500.0,1.0,865.0,871.0,851.0,853.0,87200.0
2023-06-26,14290,856.0,861.0,836.0,851.0,0,0,110100.0,93717900.0,1.0,856.0,861.0,836.0,851.0,110100.0
2023-06-27,14290,850.0,853.0,842.0,849.0,0,0,65400.0,55529900.0,1.0,850.0,853.0,842.0,849.0,65400.0
2023-06-28,14290,857.0,874.0,853.0,874.0,0,0,84800.0,73408200.0,1.0,857.0,874.0,853.0,874.0,84800.0
2023-06-29,14290,873.0,886.0,867.0,882.0,0,0,106600.0,93639800.0,1.0,873.0,886.0,867.0,882.0,106600.0
2023-06-30,14290,886.0,888.0,879.0,879.0,0,0,76700.0,67785000.0,1.0,886.0,888.0,879.0,879.0,76700.0
2023-07-03,14290,882.0,885.0,865.0,875.0,0,0,90200.0,78994200.0,1.0,882.0,885.0,865.0,875.0,90200.0
2023-07-04,14290,875.0,891.0,870.0,891.0,0,0,74000.0,65484000.0,1.0,875.0,891.0,870.0,891.0,74000.0
2023-07-05,14290,890.0,895.0,877.0,891.0,0,0,83500.0,74191300.0,1.0,890.0,895.0,877.0,891.0,83500.0
2023-07-06,14290,890.0,905.0,886.0,887.0,0,0,98700.0,88368100.0,1.0,890.0,905.0,886.0,887.0,98700.0
2023-07-07,14290,878.0,880.0,858.0,870.0,0,0,101200.0,88141200.0,1.0,878.0,880.0,858.0,870.0,101200.0
2023-07-10,14290,870.0,896.0,868.0,878.0,0,0,122900.0,108805200.0,1.0,870.0,896.0,868.0,878.0,122900.0
2023-07-11,14290,878.0,888.0,872.0,872.0,0,0,52300.0,45979100.0,1.0,878.0,888.0,872.0,872.0,52300.0
2023-07-12,14290,881.0,881.0,866.0,866.0,0,0,52700.0,45901200.0,1.0,881.0,881.0,866.0,866.0,52700.0
2023-07-13,14290,866.0,881.0,854.0,881.0,0,0,101600.0,88293600.0,1.0,866.0,881.0,854.0,881.0,101600.0
2023-07-14,14290,885.0,886.0,870.0,877.0,0,0,95200.0,83355500.0,1.0,885.0,886.0,870.0,877.0,95200.0
2023-07-18,14290,873.0,878.0,866.0,878.0,0,0,76000.0,66328400.0,1.0,873.0,878.0,866.0,878.0,76000.0
2023-07-19,14290,888.0,905.0,887.0,905.0,0,0,86500.0,77347900.0,1.0,888.0,905.0,887.0,905.0,86500.0
2023-07-20,14290,901.0,911.0,897.0,902.0,0,0,64200.0,58047200.0,1.0,901.0,911.0,897.0,902.0,64200.0
2023-07-21,14290,907.0,907.0,885.0,892.0,0,0,54700.0,48876900.0,1.0,907.0,907.0,885.0,892.0,54700.0
2023-07-24,14290,894.0,900.0,890.0,900.0,0,0,56200.0,50375500.0,1.0,894.0,900.0,890.0,900.0,56200.0
2023-07-25,14290,894.0,897.0,885.0,887.0,0,0,66700.0,59417600.0,1.0,894.0,897.0,885.0,887.0,66700.0
2023-07-26,14290,881.0,884.0,876.0,877.0,0,0,48200.0,42390800.0,1.0,881.0,884.0,876.0,877.0,48200.0
2023-07-27,14290,875.0,878.0,871.0,878.0,0,0,55100.0,48174000.0,1.0,875.0,878.0,871.0,878.0,55100.0
2023-07-28,14290,870.0,889.0,861.0,887.0,0,0,203800.0,179413900.0,1.0,870.0,889.0,861.0,887.0,203800.0
2023-07-31,14290,897.0,911.0,893.0,904.0,0,0,92900.0,83858500.0,1.0,897.0,911.0,893.0,904.0,92900.0
2023-08-01,14290,894.0,895.0,867.0,878.0,0,0,127200.0,111331500.0,1.0,894.0,895.0,867.0,878.0,127200.0
2023-08-02,14290,872.0,872.0,854.0,860.0,0,0,179400.0,154296800.0,1.0,872.0,872.0,854.0,860.0,179400.0
2023-08-03,14290,860.0,865.0,848.0,856.0,0,0,130100.0,111429800.0,1.0,860.0,865.0,848.0,856.0,130100.0
2023-08-04,14290,857.0,873.0,855.0,871.0,0,0,70100.0,60771600.0,1.0,857.0,873.0,855.0,871.0,70100.0
2023-08-07,14290,871.0,904.0,865.0,899.0,0,0,177300.0,158351200.0,1.0,871.0,904.0,865.0,899.0,177300.0
2023-08-08,14290,908.0,944.0,907.0,935.0,0,0,261300.0,244028700.0,1.0,908.0,944.0,907.0,935.0,261300.0
2023-08-09,14290,932.0,950.0,925.0,942.0,0,0,162500.0,152657600.0,1.0,932.0,950.0,925.0,942.0,162500.0
2023-08-10,14290,932.0,932.0,883.0,900.0,0,0,253200.0,227238200.0,1.0,932.0,932.0,883.0,900.0,253200.0
2023-08-14,14290,1019.0,1050.0,1006.0,1029.0,1,0,974800.0,1004552700.0,1.0,1019.0,1050.0,1006.0,1029.0,974800.0
2023-08-15,14290,1035.0,1089.0,1034.0,1084.0,0,0,428400.0,456074300.0,1.0,1035.0,1089.0,1034.0,1084.0,428400.0
2023-08-16,14290,1089.0,1115.0,1056.0,1063.0,0,0,344600.0,372471900.0,1.0,1089.0,1115.0,1056.0,1063.0,344600.0
2023-08-17,14290,1055.0,1062.0,1016.0,1050.0,0,0,256700.0,266048900.0,1.0,1055.0,1062.0,1016.0,1050.0,256700.0
2023-08-18,14290,1045.0,1045.0,993.0,999.0,0,0,299700.0,303143100.0,1.0,1045.0,1045.0,993.0,999.0,299700.0
2023-08-21,14290,1004.0,1022.0,982.0,986.0,0,0,242400.0,241084100.0,1.0,1004.0,1022.0,982.0,986.0,242400.0
2023-08-22,14290,980.0,993.0,971.0,987.0,0,0,150100.0,147114000.0,1.0,980.0,993.0,971.0,987.0,150100.0
2023-08-23,14290,978.0,1006.0,970.0,1004.0,0,0,113500.0,112589700.0,1.0,978.0,1006.0,970.0,1004.0,113500.0
2023-08-24,14290,1003.0,1019.0,989.0,1013.0,0,0,103200.0,103501100.0,1.0,1003.0,1019.0,989.0,1013.0,103200.0
2023-08-25,14290,1000.0,1032.0,997.0,1028.0,0,0,87000.0,88735700.0,1.0,1000.0,1032.0,997.0,1028.0,87000.0
2023-08-28,14290,1045.0,1075.0,1045.0,1050.0,0,0,119700.0,126486200.0,1.0,1045.0,1075.0,1045.0,1050.0,119700.0
2023-08-29,14290,1055.0,1055.0,1028.0,1036.0,0,0,65000.0,67502800.0,1.0,1055.0,1055.0,1028.0,1036.0,65000.0
2023-08-30,14290,1029.0,1031.0,1003.0,1008.0,0,0,160200.0,162409100.0,1.0,1029.0,1031.0,1003.0,1008.0,160200.0
2023-08-31,14290,1008.0,1019.0,997.0,1019.0,0,0,93000.0,93750300.0,1.0,1008.0,1019.0,997.0,1019.0,93000.0
2023-09-01,14290,1026.0,1037.0,1015.0,1037.0,0,0,69600.0,71488800.0,1.0,1026.0,1037.0,1015.0,1037.0,69600.0
2023-09-04,14290,1046.0,1049.0,1029.0,1043.0,0,0,84900.0,88110300.0,1.0,1046.0,1049.0,1029.0,1043.0,84900.0
2023-09-05,14290,1046.0,1059.0,1041.0,1049.0,0,0,112700.0,118173900.0,1.0,1046.0,1059.0,1041.0,1049.0,112700.0
2023-09-06,14290,1033.0,1055.0,1014.0,1022.0,0,0,119900.0,123314900.0,1.0,1033.0,1055.0,1014.0,1022.0,119900.0
2023-09-07,14290,1020.0,1025.0,1005.0,1015.0,0,0,87700.0,89112200.0,1.0,1020.0,1025.0,1005.0,1015.0,87700.0
2023-09-08,14290,1004.0,1033.0,1004.0,1026.0,0,0,115400.0,118088000.0,1.0,1004.0,1033.0,1004.0,1026.0,115400.0
2023-09-11,14290,1029.0,1034.0,994.0,999.0,0,0,134500.0,135654600.0,1.0,1029.0,1034.0,994.0,999.0,134500.0
2023-09-12,14290,1002.0,1019.0,1001.0,1011.0,0,0,127200.0,128086300.0,1.0,1002.0,1019.0,1001.0,1011.0,127200.0
2023-09-13,14290,1027.0,1036.0,1018.0,1033.0,0,0,119000.0,122474500.0,1.0,1027.0,1036.0,1018.0,1033.0,119000.0
2023-09-14,14290,1047.0,1125.0,1045.0,1093.0,0,0,404300.0,441069600.0,1.0,1047.0,1125.0,1045.0,1093.0,404300.0
2023-09-15,14290,1095.0,1099.0,1034.0,1039.0,0,0,231200.0,244754700.0,1.0,1095.0,1099.0,1034.0,1039.0,231200.0
2023-09-19,14290,1045.0,1058.0,1027.0,1041.0,0,0,147300.0,152959100.0,1.0,1045.0,1058.0,1027.0,1041.0,147300.0
2023-09-20,14290,1039.0,1070.0,1039.0,1050.0,0,0,93200.0,98443200.0,1.0,1039.0,1070.0,1039.0,1050.0,93200.0
2023-09-21,14290,1040.0,1050.0,1020.0,1027.0,0,0,88100.0,90737900.0,1.0,1040.0,1050.0,1020.0,1027.0,88100.0
2023-09-22,14290,1006.0,1038.0,994.0,1028.0,0,0,144700.0,146563400.0,1.0,1006.0,1038.0,994.0,1028.0,144700.0
2023-09-25,14290,1025.0,1040.0,1014.0,1023.0,0,0,94600.0,96876800.0,1.0,1025.0,1040.0,1014.0,1023.0,94600.0
2023-09-26,14290,1024.0,1039.0,1015.0,1027.0,0,0,54600.0,56103200.0,1.0,1024.0,1039.0,1015.0,1027.0,54600.0
2023-09-27,14290,1025.0,1033.0,1011.0,1031.0,0,0,44000.0,45142200.0,1.0,1025.0,1033.0,1011.0,1031.0,44000.0
2023-09-28,14290,1027.0,1054.0,1025.0,1033.0,0,0,78600.0,81550300.0,1.0,1027.0,1054.0,1025.0,1033.0,78600.0
2023-09-29,14290,1039.0,1077.0,1038.0,1042.0,0,0,113400.0,119254400.0,1.0,1039.0,1077.0,1038.0,1042.0,113400.0
2023-10-02,14290,1042.0,1046.0,1005.0,1006.0,0,0,89500.0,91658500.0,1.0,1042.0,1046.0,1005.0,1006.0,89500.0
2023-10-03,14290,995.0,995.0,963.0,968.0,0,0,202800.0,198168900.0,1.0,995.0,995.0,963.0,968.0,202800.0
2023-10-04,14290,950.0,983.0,949.0,964.0,0,0,183600.0,177690600.0,1.0,950.0,983.0,949.0,964.0,183600.0
2023-10-05,14290,999.0,1009.0,978.0,993.0,0,0,100200.0,99304700.0,1.0,999.0,1009.0,978.0,993.0,100200.0
2023-10-06,14290,984.0,1002.0,977.0,994.0,0,0,56700.0,56146600.0,1.0,984.0,1002.0,977.0,994.0,56700.0
2023-10-10,14290,995.0,1018.0,989.0,991.0,0,0,93200.0,93068100.0,1.0,995.0,1018.0,989.0,991.0,93200.0
2023-10-11,14290,998.0,1007.0,991.0,1001.0,0,0,68800.0,68766000.0,1.0,998.0,1007.0,991.0,1001.0,68800.0
2023-10-12,14290,1001.0,1001.0,978.0,982.0,0,0,53000.0,52166500.0,1.0,1001.0,1001.0,978.0,982.0,53000.0
2023-10-13,14290,971.0,985.0,955.0,955.0,0,0,90900.0,87470600.0,1.0,971.0,985.0,955.0,955.0,90900.0
2023-10-16,14290,949.0,954.0,923.0,932.0,0,0,192600.0,180111200.0,1.0,949.0,954.0,923.0,932.0,192600.0
2023-10-17,14290,947.0,956.0,931.0,942.0,0,0,101500.0,95701300.0,1.0,947.0,956.0,931.0,942.0,101500.0
2023-10-18,14290,940.0,953.0,932.0,952.0,0,0,57000.0,53654600.0,1.0,940.0,953.0,932.0,952.0,57000.0
2023-10-19,14290,936.0,942.0,926.0,929.0,0,0,59200.0,55252500.0,1.0,936.0,942.0,926.0,929.0,59200.0
2023-10-20,14290,923.0,936.0,916.0,933.0,0,0,75300.0,69783100.0,1.0,923.0,936.0,916.0,933.0,75300.0
2023-10-23,14290,928.0,932.0,909.0,917.0,0,0,164000.0,150738000.0,1.0,928.0,932.0,909.0,917.0,164000.0
2023-10-24,14290,927.0,935.0,886.0,934.0,0,0,218800.0,199045300.0,1.0,927.0,935.0,886.0,934.0,218800.0
2023-10-25,14290,949.0,973.0,940.0,941.0,0,0,130900.0,124860300.0,1.0,949.0,973.0,940.0,941.0,130900.0
2023-10-26,14290,918.0,938.0,908.0,909.0,0,0,102400.0,93973700.0,1.0,918.0,938.0,908.0,909.0,102400.0
2023-10-27,14290,924.0,936.0,921.0,936.0,0,0,87100.0,80869700.0,1.0,924.0,936.0,921.0,936.0,87100.0
2023-10-30,14290,926.0,938.0,913.0,921.0,0,0,185500.0,171188200.0,1.0,926.0,938.0,913.0,921.0,185500.0
2023-10-31,14290,923.0,942.0,917.0,938.0,0,0,72300.0,67160000.0,1.0,923.0,942.0,917.0,938.0,72300.0
2023-11-01,14290,955.0,955.0,928.0,930.0,0,0,57700.0,53909400.0,1.0,955.0,955.0,928.0,930.0,57700.0
2023-11-02,14290,945.0,953.0,938.0,953.0,0,0,85300.0,80682400.0,1.0,945.0,953.0,938.0,953.0,85300.0
2023-11-06,14290,966.0,977.0,961.0,969.0,0,0,126300.0,122360900.0,1.0,966.0,977.0,961.0,969.0,126300.0
2023-11-07,14290,969.0,985.0,961.0,974.0,0,0,100200.0,97859200.0,1.0,969.0,985.0,961.0,974.0,100200.0
2023-11-08,14290,975.0,981.0,943.0,955.0,0,0,169400.0,162815000.0,1.0,975.0,981.0,943.0,955.0,169400.0
2023-11-09,14290,964.0,981.0,957.0,977.0,0,0,63500.0,61577600.0,1.0,964.0,981.0,957.0,977.0,63500.0
2023-11-10,14290,978.0,985.0,969.0,980.0,0,0,240800.0,234871500.0,1.0,978.0,985.0,969.0,980.0,240800.0
2023-11-13,14290,920.0,920.0,878.0,912.0,0,0,568300.0,511200600.0,1.0,920.0,920.0,878.0,912.0,568300.0
2023-11-14,14290,927.0,955.0,917.0,937.0,0,0,300300.0,281781900.0,1.0,927.0,955.0,917.0,937.0,300300.0
2023-11-15,14290,940.0,940.0,912.0,919.0,0,0,126900.0,116728900.0,1.0,940.0,940.0,912.0,919.0,126900.0
2023-11-16,14290,919.0,923.0,898.0,905.0,0,0,130300.0,118079300.0,1.0,919.0,923.0,898.0,905.0,130300.0
2023-11-17,14290,900.0,922.0,900.0,913.0,0,0,103100.0,93919900.0,1.0,900.0,922.0,900.0,913.0,103100.0
2023-11-20,14290,912.0,919.0,898.0,905.0,0,0,98100.0,88972900.0,1.0,912.0,919.0,898.0,905.0,98100.0
2023-11-21,14290,909.0,916.0,885.0,909.0,0,0,148200.0,133593800.0,1.0,909.0,916.0,885.0,909.0,148200.0
2023-11-22,14290,901.0,916.0,894.0,901.0,0,0,105900.0,95487700.0,1.0,901.0,916.0,894.0,901.0,105900.0
2023-11-24,14290,905.0,911.0,901.0,902.0,0,0,53900.0,48772300.0,1.0,905.0,911.0,901.0,902.0,53900.0
2023-11-27,14290,914.0,937.0,908.0,911.0,0,0,133300.0,122535900.0,1.0,914.0,937.0,908.0,911.0,133300.0
2023-11-28,14290,917.0,929.0,910.0,925.0,0,0,107900.0,99226100.0,1.0,917.0,929.0,910.0,925.0,107900.0
2023-11-29,14290,920.0,950.0,920.0,926.0,0,0,134700.0,125611400.0,1.0,920.0,950.0,920.0,926.0,134700.0
2023-11-30,14290,932.0,943.0,928.0,935.0,0,0,158300.0,148022200.0,1.0,932.0,943.0,928.0,935.0,158300.0
2023-12-01,14290,937.0,937.0,910.0,914.0,0,0,155100.0,142312000.0,1.0,937.0,937.0,910.0,914.0,155100.0
2023-12-04,14290,908.0,910.0,887.0,902.0,0,0,292400.0,263481100.0,1.0,908.0,910.0,887.0,902.0,292400.0
2023-12-05,14290,900.0,922.0,883.0,886.0,0,0,203100.0,182279400.0,1.0,900.0,922.0,883.0,886.0,203100.0
2023-12-06,14290,888.0,904.0,884.0,900.0,0,0,152800.0,136870400.0,1.0,888.0,904.0,884.0,900.0,152800.0
2023-12-07,14290,897.0,900.0,889.0,891.0,0,0,109600.0,98013600.0,1.0,897.0,900.0,889.0,891.0,109600.0
2023-12-08,14290,890.0,912.0,882.0,883.0,0,0,168300.0,149724500.0,1.0,890.0,912.0,882.0,883.0,168300.0
2023-12-11,14290,889.0,898.0,878.0,896.0,0,0,124800.0,110788400.0,1.0,889.0,898.0,878.0,896.0,124800.0
2023-12-12,14290,895.0,896.0,873.0,873.0,0,0,170500.0,150185000.0,1.0,895.0,896.0,873.0,873.0,170500.0
2023-12-13,14290,870.0,870.0,857.0,868.0,0,0,180300.0,155734600.0,1.0,870.0,870.0,857.0,868.0,180300.0
2023-12-14,14290,869.0,883.0,864.0,870.0,0,0,143200.0,124900100.0,1.0,869.0,883.0,864.0,870.0,143200.0
2023-12-15,14290,866.0,866.0,848.0,853.0,0,0,204000.0,174967000.0,1.0,866.0,866.0,848.0,853.0,204000.0
2023-12-18,14290,844.0,849.0,835.0,847.0,0,0,252200.0,212221000.0,1.0,844.0,849.0,835.0,847.0,252200.0
2023-12-19,14290,841.0,867.0,836.0,867.0,0,0,251000.0,212770000.0,1.0,841.0,867.0,836.0,867.0,251000.0
2023-12-20,14290,870.0,873.0,856.0,862.0,0,0,101200.0,87665800.0,1.0,870.0,873.0,856.0,862.0,101200.0
2023-12-21,14290,860.0,876.0,855.0,866.0,0,0,115900.0,100397400.0,1.0,860.0,876.0,855.0,866.0,115900.0
2023-12-22,14290,855.0,871.0,854.0,863.0,0,0,103200.0,88794300.0,1.0,855.0,871.0,854.0,863.0,103200.0
2023-12-25,14290,857.0,862.0,848.0,855.0,0,0,148700.0,126880500.0,1.0,857.0,862.0,848.0,855.0,148700.0
2023-12-26,14290,855.0,860.0,850.0,855.0,0,0,72900.0,62404800.0,1.0,855.0,860.0,850.0,855.0,72900.0
2023-12-27,14290,851.0,873.0,849.0,873.0,0,0,297700.0,255664800.0,1.0,851.0,873.0,849.0,873.0,297700.0
2023-12-28,14290,843.0,868.0,842.0,866.0,0,0,266600.0,227423900.0,1.0,843.0,868.0,842.0,866.0,266600.0
2023-12-29,14290,879.0,888.0,871.0,887.0,0,0,220500.0,194303900.0,1.0,879.0,888.0,871.0,887.0,220500.0
2024-01-04,14290,890.0,926.0,887.0,926.0,0,0,272000.0,248159100.0,1.0,890.0,926.0,887.0,926.0,272000.0
2024-01-05,14290,934.0,939.0,918.0,922.0,0,0,139400.0,129196500.0,1.0,934.0,939.0,918.0,922.0,139400.0
2024-01-09,14290,939.0,954.0,936.0,953.0,0,0,177400.0,168018300.0,1.0,939.0,954.0,936.0,953.0,177400.0
2024-01-10,14290,957.0,958.0,943.0,950.0,0,0,104000.0,98897300.0,1.0,957.0,958.0,943.0,950.0,104000.0
2024-01-11,14290,957.0,958.0,929.0,952.0,0,0,192500.0,181848800.0,1.0,957.0,958.0,929.0,952.0,192500.0
2024-01-12,14290,957.0,957.0,935.0,940.0,0,0,143000.0,134875500.0,1.0,957.0,957.0,935.0,940.0,143000.0
2024-01-15,14290,935.0,938.0,926.0,935.0,0,0,104500.0,97314300.0,1.0,935.0,938.0,926.0,935.0,104500.0
2024-01-16,14290,933.0,943.0,921.0,934.0,0,0,186100.0,173523400.0,1.0,933.0,943.0,921.0,934.0,186100.0
2024-01-17,14290,948.0,984.0,947.0,957.0,0,0,292400.0,282526100.0,1.0,948.0,984.0,947.0,957.0,292400.0
2024-01-18,14290,960.0,994.0,957.0,970.0,0,0,254200.0,248780300.0,1.0,960.0,994.0,957.0,970.0,254200.0
2024-01-19,14290,974.0,1007.0,974.0,996.0,0,0,264500.0,263127500.0,1.0,974.0,1007.0,974.0,996.0,264500.0
2024-01-22,14290,998.0,1007.0,980.0,1002.0,0,0,208500.0,208089500.0,1.0,998.0,1007.0,980.0,1002.0,208500.0
2024-01-23,14290,1005.0,1016.0,997.0,1000.0,0,0,253200.0,254690300.0,1.0,1005.0,1016.0,997.0,1000.0,253200.0
2024-01-24,14290,999.0,1002.0,974.0,974.0,0,0,250800.0,246692800.0,1.0,999.0,1002.0,974.0,974.0,250800.0
2024-01-25,14290,970.0,982.0,962.0,981.0,0,0,128100.0,124475800.0,1.0,970.0,982.0,962.0,981.0,128100.0
2024-01-26,14290,979.0,979.0,961.0,963.0,0,0,155200.0,150239900.0,1.0,979.0,979.0,961.0,963.0,155200.0
2024-01-29,14290,963.0,1000.0,963.0,996.0,0,0,172800.0,170696000.0,1.0,963.0,1000.0,963.0,996.0,172800.0
2024-01-30,14290,991.0,991.0,971.0,989.0,0,0,210800.0,207664700.0,1.0,991.0,991.0,971.0,989.0,210800.0
2024-01-31,14290,989.0,1004.0,975.0,1004.0,0,0,118400.0,117528500.0,1.0,989.0,1004.0,975.0,1004.0,118400.0
2024-02-01,14290,1003.0,1019.0,992.0,995.0,0,0,133300.0,133260000.0,1.0,1003.0,1019.0,992.0,995.0,133300.0
2024-02-02,14290,988.0,1010.0,982.0,1005.0,0,0,119000.0,118876900.0,1.0,988.0,1010.0,982.0,1005.0,119000.0
2024-02-05,14290,1019.0,1030.0,1005.0,1023.0,0,0,185600.0,188990000.0,1.0,1019.0,1030.0,1005.0,1023.0,185600.0
2024-02-06,14290,1045.0,1058.0,1031.0,1045.0,0,0,217800.0,227959400.0,1.0,1045.0,1058.0,1031.0,1045.0,217800.0
2024-02-07,14290,1033.0,1044.0,1013.0,1037.0,0,0,198000.0,203416600.0,1.0,1033.0,1044.0,1013.0,1037.0,198000.0
2024-02-08,14290,1034.0,1036.0,1012.0,1015.0,0,0,126800.0,129618000.0,1.0,1034.0,1036.0,1012.0,1015.0,126800.0
2024-02-09,14290,1005.0,1034.0,1001.0,1010.0,0,0,194900.0,198613100.0,1.0,1005.0,1034.0,1001.0,1010.0,194900.0
2024-02-13,14290,1028.0,1034.0,1015.0,1027.0,0,0,174400.0,178693400.0,1.0,1028.0,1034.0,1015.0,1027.0,174400.0
2024-02-14,14290,1026.0,1042.0,1012.0,1038.0,0,0,462600.0,475910500.0,1.0,1026.0,1042.0,1012.0,1038.0,462600.0
2024-02-15,14290,948.0,1008.0,931.0,961.0,0,0,733400.0,712534400.0,1.0,948.0,1008.0,931.0,961.0,733400.0
2024-02-16,14290,974.0,1009.0,974.0,994.0,0,0,384000.0,380219400.0,1.0,974.0,1009.0,974.0,994.0,384000.0
2024-02-19,14290,994.0,1037.0,988.0,1017.0,0,0,307800.0,312330000.0,1.0,994.0,1037.0,988.0,1017.0,307800.0
2024-02-20,14290,1019.0,1085.0,1009.0,1077.0,0,0,478300.0,507057200.0,1.0,1019.0,1085.0,1009.0,1077.0,478300.0
2024-02-21,14290,1084.0,1095.0,1033.0,1035.0,0,0,255800.0,268565300.0,1.0,1084.0,1095.0,1033.0,1035.0,255800.0
2024-02-22,14290,1058.0,1080.0,1013.0,1015.0,0,0,251500.0,257927600.0,1.0,1058.0,1080.0,1013.0,1015.0,251500.0
2024-02-26,14290,1018.0,1068.0,1017.0,1046.0,0,0,264000.0,276764000.0,1.0,1018.0,1068.0,1017.0,1046.0,264000.0
2024-02-27,14290,1060.0,1100.0,1060.0,1067.0,0,0,209800.0,226204900.0,1.0,1060.0,1100.0,1060.0,1067.0,209800.0
2024-02-28,14290,1065.0,1104.0,1065.0,1085.0,0,0,214200.0,233648300.0,1.0,1065.0,1104.0,1065.0,1085.0,214200.0
2024-02-29,14290,1084.0,1084.0,1059.0,1064.0,0,0,91600.0,97607100.0,1.0,1084.0,1084.0,1059.0,1064.0,91600.0
2024-03-01,14290,1049.0,1070.0,1049.0,1059.0,0,0,98900.0,104834900.0,1.0,1049.0,1070.0,1049.0,1059.0,98900.0
2024-03-04,14290,1059.0,1080.0,1033.0,1034.0,0,0,177400.0,185812900.0,1.0,1059.0,1080.0,1033.0,1034.0,177400.0
2024-03-05,14290,1025.0,1041.0,1011.0,1014.0,0,0,159600.0,163018100.0,1.0,1025.0,1041.0,1011.0,1014.0,159600.0
2024-03-06,14290,1000.0,1031.0,990.0,1024.0,0,0,159300.0,162514800.0,1.0,1000.0,1031.0,990.0,1024.0,159300.0
2024-03-07,14290,1019.0,1023.0,987.0,997.0,0,0,193400.0,193232700.0,1.0,1019.0,1023.0,987.0,997.0,193400.0
2024-03-08,14290,992.0,1010.0,991.0,997.0,0,0,85900.0,85909700.0,1.0,992.0,1010.0,991.0,997.0,85900.0
2024-03-11,14290,987.0,994.0,970.0,979.0,0,0,145300.0,142139000.0,1.0,987.0,994.0,970.0,979.0,145300.0
2024-03-12,14290,973.0,981.0,958.0,980.0,0,0,123300.0,119484600.0,1.0,973.0,981.0,958.0,980.0,123300.0
2024-03-13,14290,985.0,990.0,965.0,969.0,0,0,88900.0,86662100.0,1.0,985.0,990.0,965.0,969.0,88900.0
2024-03-14,14290,954.0,970.0,944.0,962.0,0,0,129100.0,123709200.0,1.0,954.0,970.0,944.0,962.0,129100.0
2024-03-15,14290,968.0,980.0,960.0,963.0,0,0,134000.0,129666700.0,1.0,968.0,980.0,960.0,963.0,134000.0
2024-03-18,14290,956.0,975.0,953.0,971.0,0,0,110500.0,106749200.0,1.0,956.0,975.0,953.0,971.0,110500.0
2024-03-19,14290,976.0,979.0,962.0,975.0,0,0,77700.0,75548600.0,1.0,976.0,979.0,962.0,975.0,77700.0
2024-03-21,14290,986.0,993.0,975.0,975.0,0,0,138100.0,135637800.0,1.0,986.0,993.0,975.0,975.0,138100.0
2024-03-22,14290,975.0,975.0,962.0,967.0,0,0,105400.0,101989200.0,1.0,975.0,975.0,962.0,967.0,105400.0
2024-03-25,14290,968.0,992.0,968.0,981.0,0,0,144100.0,141667300.0,1.0,968.0,992.0,968.0,981.0,144100.0
2024-03-26,14290,996.0,1020.0,994.0,1001.0,0,0,217300.0,217846100.0,1.0,996.0,1020.0,994.0,1001.0,217300.0
2024-03-27,14290,1004.0,1010.0,1000.0,1002.0,0,0,100400.0,100640100.0,1.0,1004.0,1010.0,1000.0,1002.0,100400.0
2024-03-28,14290,1008.0,1016.0,1005.0,1015.0,0,0,57400.0,58065100.0,1.0,1008.0,1016.0,1005.0,1015.0,57400.0
2024-03-29,14290,1019.0,1071.0,1018.0,1056.0,0,0,193000.0,202901600.0,1.0,1019.0,1071.0,1018.0,1056.0,193000.0
2024-04-01,14290,1060.0,1063.0,1040.0,1055.0,0,0,185300.0,194699800.0,1.0,1060.0,1063.0,1040.0,1055.0,185300.0
2024-04-02,14290,1052.0,1054.0,1003.0,1011.0,0,0,124800.0,127738900.0,1.0,1052.0,1054.0,1003.0,1011.0,124800.0
2024-04-03,14290,1035.0,1035.0,989.0,1006.0,0,0,183900.0,184528400.0,1.0,1035.0,1035.0,989.0,1006.0,183900.0
2024-04-04,14290,1018.0,1018.0,957.0,979.0,0,0,370200.0,361362700.0,1.0,1018.0,1018.0,957.0,979.0,370200.0
2024-04-05,14290,968.0,983.0,959.0,966.0,0,0,113700.0,110562100.0,1.0,968.0,983.0,959.0,966.0,113700.0
2024-04-08,14290,970.0,970.0,938.0,943.0,0,0,223400.0,211960500.0,1.0,970.0,970.0,938.0,943.0,223400.0
2024-04-09,14290,943.0,974.0,938.0,966.0,0,0,174700.0,167586200.0,1.0,943.0,974.0,938.0,966.0,174700.0
2024-04-10,14290,979.0,999.0,969.0,992.0,0,0,161300.0,159506800.0,1.0,979.0,999.0,969.0,992.0,161300.0
2024-04-11,14290,980.0,982.0,960.0,962.0,0,0,115400.0,111613600.0,1.0,980.0,982.0,960.0,962.0,115400.0
2024-04-12,14290,956.0,973.0,952.0,967.0,0,0,90200.0,87084100.0,1.0,956.0,973.0,952.0,967.0,90200.0
2024-04-15,14290,967.0,1027.0,967.0,1012.0,0,0,251100.0,253088000.0,1.0,967.0,1027.0,967.0,1012.0,251100.0
2024-04-16,14290,1019.0,1059.0,1013.0,1015.0,0,0,229400.0,236255500.0,1.0,1019.0,1059.0,1013.0,1015.0,229400.0
2024-04-17,14290,990.0,994.0,967.0,967.0,0,0,116200.0,113238800.0,1.0,990.0,994.0,967.0,967.0,116200.0
2024-04-18,14290,962.0,982.0,956.0,976.0,0,0,136400.0,132430500.0,1.0,962.0,982.0,956.0,976.0,136400.0
2024-04-19,14290,973.0,983.0,945.0,964.0,0,0,171600.0,165147500.0,1.0,973.0,983.0,945.0,964.0,171600.0
2024-04-22,14290,964.0,969.0,960.0,961.0,0,0,69000.0,66522900.0,1.0,964.0,969.0,960.0,961.0,69000.0
2024-04-23,14290,969.0,972.0,949.0,959.0,0,0,67700.0,64913800.0,1.0,969.0,972.0,949.0,959.0,67700.0
2024-04-24,14290,971.0,994.0,956.0,991.0,0,0,127800.0,125411200.0,1.0,971.0,994.0,956.0,991.0,127800.0
2024-04-25,14290,970.0,980.0,963.0,966.0,0,0,100700.0,97676000.0,1.0,970.0,980.0,963.0,966.0,100700.0
2024-04-26,14290,966.0,966.0,948.0,958.0,0,0,208100.0,198950800.0,1.0,966.0,966.0,948.0,958.0,208100.0
2024-04-30,14290,969.0,969.0,949.0,962.0,0,0,104600.0,100539600.0,1.0,969.0,969.0,949.0,962.0,104600.0
2024-05-01,14290,963.0,965.0,942.0,948.0,0,0,117500.0,111551800.0,1.0,963.0,965.0,942.0,948.0,117500.0
2024-05-02,14290,945.0,953.0,942.0,946.0,0,0,50700.0,48104200.0,1.0,945.0,953.0,942.0,946.0,50700.0
2024-05-07,14290,953.0,955.0,946.0,948.0,0,0,123400.0,117344300.0,1.0,953.0,955.0,946.0,948.0,123400.0
2024-05-08,14290,942.0,942.0,930.0,930.0,0,0,119200.0,111581600.0,1.0,942.0,942.0,930.0,930.0,119200.0
2024-05-09,14290,930.0,942.0,922.0,937.0,0,0,90600.0,84549500.0,1.0,930.0,942.0,922.0,937.0,90600.0
2024-05-10,14290,937.0,959.0,926.0,948.0,0,0,243200.0,229291400.0,1.0,937.0,959.0,926.0,948.0,243200.0
2024-05-13,14290,926.0,941.0,911.0,931.0,0,0,221700.0,206091600.0,1.0,926.0,941.0,911.0,931.0,221700.0
2024-05-14,14290,935.0,947.0,916.0,919.0,0,0,84800.0,78291200.0,1.0,935.0,947.0,916.0,919.0,84800.0
2024-05-15,14290,919.0,920.0,900.0,906.0,0,0,126300.0,114604800.0,1.0,919.0,920.0,900.0,906.0,126300.0
2024-05-16,14290,909.0,909.0,888.0,888.0,0,0,81100.0,72458500.0,1.0,909.0,909.0,888.0,888.0,81100.0
2024-05-17,14290,890.0,931.0,886.0,923.0,0,0,110700.0,101326700.0,1.0,890.0,931.0,886.0,923.0,110700.0
2024-05-20,14290,927.0,935.0,916.0,920.0,0,0,51400.0,47525800.0,1.0,927.0,935.0,916.0,920.0,51400.0
2024-05-21,14290,918.0,928.0,911.0,911.0,0,0,72900.0,66776400.0,1.0,918.0,928.0,911.0,911.0,72900.0
2024-05-22,14290,911.0,918.0,899.0,899.0,0,0,75500.0,68409100.0,1.0,911.0,918.0,899.0,899.0,75500.0
2024-05-23,14290,896.0,907.0,890.0,899.0,0,0,51700.0,46465200.0,1.0,896.0,907.0,890.0,899.0,51700.0
2024-05-24,14290,886.0,897.0,884.0,889.0,0,0,62500.0,55678600.0,1.0,886.0,897.0,884.0,889.0,62500.0
2024-05-27,14290,896.0,898.0,889.0,895.0,0,0,43400.0,38777500.0,1.0,896.0,898.0,889.0,895.0,43400.0
2024-05-28,14290,892.0,896.0,882.0,882.0,0,0,44500.0,39463400.0,1.0,892.0,896.0,882.0,882.0,44500.0
2024-05-29,14290,880.0,885.0,860.0,867.0,0,0,77900.0,67748700.0,1.0,880.0,885.0,860.0,867.0,77900.0
2024-05-30,14290,850.0,861.0,849.0,856.0,0,0,171800.0,146564200.0,1.0,850.0,861.0,849.0,856.0,171800.0
2024-05-31,14290,857.0,872.0,853.0,870.0,0,0,72700.0,62807300.0,1.0,857.0,872.0,853.0,870.0,72700.0
2024-06-03,14290,880.0,881.0,870.0,881.0,0,0,55200.0,48421800.0,1.0,880.0,881.0,870.0,881.0,55200.0
2024-06-04,14290,876.0,898.0,867.0,890.0,0,0,101700.0,90360500.0,1.0,876.0,898.0,867.0,890.0,101700.0
2024-06-05,14290,893.0,893.0,866.0,868.0,0,0,192300.0,169444200.0,1.0,893.0,893.0,866.0,868.0,192300.0
2024-06-06,14290,865.0,897.0,857.0,886.0,0,0,264800.0,231796200.0,1.0,865.0,897.0,857.0,886.0,264800.0
2024-06-07,14290,885.0,887.0,870.0,870.0,0,0,82600.0,72548500.0,1.0,885.0,887.0,870.0,870.0,82600.0
2024-06-10,14290,883.0,920.0,875.0,920.0,0,0,119600.0,108476100.0,1.0,883.0,920.0,875.0,920.0,119600.0
2024-06-11,14290,926.0,939.0,907.0,907.0,0,0,163400.0,150607400.0,1.0,926.0,939.0,907.0,907.0,163400.0
2024-06-12,14290,911.0,925.0,911.0,925.0,0,0,81000.0,74389300.0,1.0,911.0,925.0,911.0,925.0,81000.0
2024-06-13,14290,935.0,950.0,929.0,930.0,0,0,233400.0,219079300.0,1.0,935.0,950.0,929.0,930.0,233400.0
2024-06-14,14290,920.0,945.0,918.0,942.0,0,0,91900.0,85915500.0,1.0,920.0,945.0,918.0,942.0,91900.0
2024-06-17,14290,937.0,937.0,918.0,927.0,0,0,82900.0,76713100.0,1.0,937.0,937.0,918.0,927.0,82900.0
2024-06-18,14290,934.0,963.0,933.0,941.0,0,0,126400.0,119903300.0,1.0,934.0,963.0,933.0,941.0,126400.0
2024-06-19,14290,932.0,952.0,927.0,935.0,0,0,62700.0,58936800.0,1.0,932.0,952.0,927.0,935.0,62700.0
2024-06-20,14290,926.0,927.0,910.0,910.0,0,0,102700.0,94029600.0,1.0,926.0,927.0,910.0,910.0,102700.0
2024-06-21,14290,919.0,924.0,909.0,910.0,0,0,64000.0,58605600.0,1.0,919.0,924.0,909.0,910.0,64000.0
2024-06-24,14290,911.0,920.0,898.0,918.0,0,0,69300.0,63099700.0,1.0,911.0,920.0,898.0,918.0,69300.0
2024-06-25,14290,920.0,930.0,920.0,927.0,0,0,32200.0,29815300.0,1.0,920.0,930.0,920.0,927.0,32200.0
2024-06-26,14290,932.0,940.0,920.0,922.0,0,0,110000.0,102167400.0,1.0,932.0,940.0,920.0,922.0,110000.0
2024-06-27,14290,925.0,926.0,905.0,906.0,0,0,156200.0,142668100.0,1.0,925.0,926.0,905.0,906.0,156200.0
2024-06-28,14290,910.0,932.0,899.0,932.0,0,0,100000.0,91461600.0,1.0,910.0,932.0,899.0,932.0,100000.0
2024-07-01,14290,940.0,940.0,911.0,914.0,0,0,96200.0,88903400.0,1.0,940.0,940.0,911.0,914.0,96200.0
2024-07-02,14290,926.0,933.0,922.0,922.0,0,0,62200.0,57657200.0,1.0,926.0,933.0,922.0,922.0,62200.0
2024-07-03,14290,916.0,923.0,916.0,922.0,0,0,68800.0,63296300.0,1.0,916.0,923.0,916.0,922.0,68800.0
2024-07-04,14290,928.0,933.0,907.0,909.0,0,0,98000.0,89633700.0,1.0,928.0,933.0,907.0,909.0,98000.0
2024-07-05,14290,908.0,908.0,895.0,895.0,0,0,53700.0,48373600.0,1.0,908.0,908.0,895.0,895.0,53700.0
2024-07-08,14290,904.0,915.0,898.0,905.0,0,0,66700.0,60399600.0,1.0,904.0,915.0,898.0,905.0,66700.0
2024-07-09,14290,904.0,910.0,898.0,908.0,0,0,92600.0,83741800.0,1.0,904.0,910.0,898.0,908.0,92600.0
2024-07-10,14290,913.0,917.0,903.0,912.0,0,0,62000.0,56378600.0,1.0,913.0,917.0,903.0,912.0,62000.0
2024-07-11,14290,908.0,914.0,903.0,911.0,0,0,48200.0,43764300.0,1.0,908.0,914.0,903.0,911.0,48200.0
2024-07-12,14290,905.0,919.0,900.0,910.0,0,0,60600.0,55140600.0,1.0,905.0,919.0,900.0,910.0,60600.0
2024-07-16,14290,920.0,923.0,897.0,903.0,0,0,116300.0,105702100.0,1.0,920.0,923.0,897.0,903.0,116300.0
2024-07-17,14290,901.0,907.0,894.0,900.0,0,0,77900.0,70110200.0,1.0,901.0,907.0,894.0,900.0,77900.0
2024-07-18,14290,898.0,905.0,895.0,895.0,0,0,60200.0,54144800.0,1.0,898.0,905.0,895.0,895.0,60200.0
2024-07-19,14290,894.0,894.0,876.0,881.0,0,0,99800.0,88145300.0,1.0,894.0,894.0,876.0,881.0,99800.0
2024-07-22,14290,880.0,885.0,871.0,879.0,0,0,56700.0,49786800.0,1.0,880.0,885.0,871.0,879.0,56700.0
2024-07-23,14290,878.0,890.0,878.0,888.0,0,0,57100.0,50487800.0,1.0,878.0,890.0,878.0,888.0,57100.0
2024-07-24,14290,888.0,888.0,871.0,872.0,0,0,64400.0,56421900.0,1.0,888.0,888.0,871.0,872.0,64400.0
2024-07-25,14290,863.0,870.0,858.0,862.0,0,0,98900.0,85328500.0,1.0,863.0,870.0,858.0,862.0,98900.0
2024-07-26,14290,861.0,873.0,861.0,866.0,0,0,69900.0,60532700.0,1.0,861.0,873.0,861.0,866.0,69900.0
2024-07-29,14290,877.0,886.0,867.0,870.0,0,0,106700.0,93259100.0,1.0,877.0,886.0,867.0,870.0,106700.0
2024-07-30,14290,870.0,873.0,857.0,859.0,0,0,128900.0,111073400.0,1.0,870.0,873.0,857.0,859.0,128900.0
2024-07-31,14290,860.0,898.0,855.0,898.0,0,0,143200.0,125945000.0,1.0,860.0,898.0,855.0,898.0,143200.0
2024-08-01,14290,888.0,888.0,851.0,860.0,0,0,145700.0,125114500.0,1.0,888.0,888.0,851.0,860.0,145700.0
2024-08-02,14290,840.0,840.0,800.0,800.0,0,0,370500.0,303366500.0,1.0,840.0,840.0,800.0,800.0,370500.0
2024-08-05,14290,755.0,755.0,658.0,674.0,0,0,569600.0,410660600.0,1.0,755.0,755.0,658.0,674.0,569600.0
2024-08-06,14290,730.0,774.0,730.0,774.0,1,0,121900.0,92570400.0,1.0,730.0,774.0,730.0,774.0,121900.0
2024-08-07,14290,775.0,791.0,751.0,775.0,0,0,116400.0,90249800.0,1.0,775.0,791.0,751.0,775.0,116400.0
2024-08-08,14290,761.0,778.0,756.0,766.0,0,0,82000.0,62935600.0,1.0,761.0,778.0,756.0,766.0,82000.0
2024-08-09,14290,802.0,810.0,770.0,786.0,0,0,156700.0,123615200.0,1.0,802.0,810.0,770.0,786.0,156700.0
2024-08-13,14290,780.0,785.0,759.0,780.0,0,0,234200.0,181067100.0,1.0,780.0,785.0,759.0,780.0,234200.0
2024-08-14,14290,770.0,788.0,756.0,772.0,0,0,123800.0,95552200.0,1.0,770.0,788.0,756.0,772.0,123800.0
2024-08-15,14290,782.0,788.0,775.0,780.0,0,0,90000.0,70360200.0,1.0,782.0,788.0,775.0,780.0,90000.0
2024-08-16,14290,780.0,799.0,780.0,795.0,0,0,113700.0,90035400.0,1.0,780.0,799.0,780.0,795.0,113700.0
2024-08-19,14290,805.0,823.0,800.0,810.0,0,0,201000.0,163270200.0,1.0,805.0,823.0,800.0,810.0,201000.0
2024-08-20,14290,813.0,825.0,808.0,824.0,0,0,106900.0,87127800.0,1.0,813.0,825.0,808.0,824.0,106900.0
2024-08-21,14290,820.0,834.0,818.0,819.0,0,0,74900.0,61795000.0,1.0,820.0,834.0,818.0,819.0,74900.0
2024-08-22,14290,821.0,844.0,821.0,831.0,0,0,61500.0,51252600.0,1.0,821.0,844.0,821.0,831.0,61500.0
2024-08-23,14290,833.0,834.0,826.0,828.0,0,0,32800.0,27221100.0,1.0,833.0,834.0,826.0,828.0,32800.0
2024-08-26,14290,833.0,844.0,830.0,843.0,0,0,38900.0,32636500.0,1.0,833.0,844.0,830.0,843.0,38900.0
2024-08-27,14290,845.0,849.0,838.0,847.0,0,0,66100.0,55793000.0,1.0,845.0,849.0,838.0,847.0,66100.0
2024-08-28,14290,844.0,853.0,840.0,852.0,0,0,119300.0,100934900.0,1.0,844.0,853.0,840.0,852.0,119300.0
2024-08-29,14290,850.0,852.0,838.0,839.0,0,0,94100.0,79274800.0,1.0,850.0,852.0,838.0,839.0,94100.0
2024-08-30,14290,839.0,875.0,837.0,870.0,0,0,156700.0,134902300.0,1.0,839.0,875.0,837.0,870.0,156700.0
2024-09-02,14290,880.0,880.0,854.0,857.0,0,0,84800.0,73184200.0,1.0,880.0,880.0,854.0,857.0,84800.0
2024-09-03,14290,871.0,895.0,871.0,886.0,0,0,118500.0,104980300.0,1.0,871.0,895.0,871.0,886.0,118500.0
2024-09-04,14290,857.0,866.0,846.0,850.0,0,0,160000.0,137092800.0,1.0,857.0,866.0,846.0,850.0,160000.0
2024-09-05,14290,846.0,876.0,845.0,852.0,0,0,79100.0,68012400.0,1.0,846.0,876.0,845.0,852.0,79100.0
2024-09-06,14290,853.0,861.0,842.0,844.0,0,0,85900.0,72828100.0,1.0,853.0,861.0,842.0,844.0,85900.0
2024-09-09,14290,821.0,846.0,821.0,840.0,0,0,102500.0,85580700.0,1.0,821.0,846.0,821.0,840.0,102500.0
2024-09-10,14290,840.0,860.0,840.0,846.0,0,0,66000.0,56184600.0,1.0,840.0,860.0,840.0,846.0,66000.0
2024-09-11,14290,861.0,874.0,854.0,864.0,0,0,132300.0,114185200.0,1.0,861.0,874.0,854.0,864.0,132300.0
2024-09-12,14290,875.0,889.0,850.0,866.0,0,0,181700.0,157242700.0,1.0,875.0,889.0,850.0,866.0,181700.0
2024-09-13,14290,864.0,877.0,858.0,858.0,0,0,130500.0,113032000.0,1.0,864.0,877.0,858.0,858.0,130500.0
2024-09-17,14290,868.0,894.0,859.0,868.0,0,0,170200.0,149192300.0,1.0,868.0,894.0,859.0,868.0,170200.0
2024-09-18,14290,873.0,878.0,858.0,864.0,0,0,106400.0,92173600.0,1.0,873.0,878.0,858.0,864.0,106400.0
2024-09-19,14290,872.0,877.0,861.0,875.0,0,0,86500.0,75212500.0,1.0,872.0,877.0,861.0,875.0,86500.0
2024-09-20,14290,901.0,920.0,901.0,912.0,0,0,212600.0,194001300.0,1.0,901.0,920.0,901.0,912.0,212600.0
2024-09-24,14290,902.0,904.0,881.0,884.0,0,0,131100.0,116759600.0,1.0,902.0,904.0,881.0,884.0,131100.0
2024-09-25,14290,877.0,885.0,870.0,882.0,0,0,136000.0,119697700.0,1.0,877.0,885.0,870.0,882.0,136000.0
2024-09-26,14290,886.0,917.0,882.0,917.0,0,0,155900.0,141482400.0,1.0,886.0,917.0,882.0,917.0,155900.0
2024-09-27,14290,910.0,918.0,907.0,914.0,0,0,81300.0,74205100.0,1.0,910.0,918.0,907.0,914.0,81300.0
2024-09-30,14290,890.0,918.0,885.0,906.0,0,0,142000.0,128891600.0,1.0,890.0,918.0,885.0,906.0,142000.0
2024-10-01,14290,913.0,914.0,903.0,912.0,0,0,38000.0,34545400.0,1.0,913.0,914.0,903.0,912.0,38000.0
2024-10-02,14290,903.0,910.0,873.0,879.0,0,0,158900.0,141360800.0,1.0,903.0,910.0,873.0,879.0,158900.0
2024-10-03,14290,881.0,892.0,881.0,886.0,0,0,68100.0,60447400.0,1.0,881.0,892.0,881.0,886.0,68100.0
2024-10-04,14290,887.0,891.0,877.0,885.0,0,0,72700.0,64237200.0,1.0,887.0,891.0,877.0,885.0,72700.0
2024-10-07,14290,889.0,889.0,875.0,877.0,0,0,103300.0,90839000.0,1.0,889.0,889.0,875.0,877.0,103300.0
2024-10-08,14290,867.0,867.0,850.0,857.0,0,0,185000.0,158874000.0,1.0,867.0,867.0,850.0,857.0,185000.0
2024-10-09,14290,857.0,859.0,847.0,852.0,0,0,195600.0,166910800.0,1.0,857.0,859.0,847.0,852.0,195600.0
2024-10-10,14290,845.0,851.0,837.0,841.0,0,0,170600.0,143742800.0,1.0,845.0,851.0,837.0,841.0,170600.0
2024-10-11,14290,839.0,856.0,835.0,846.0,0,0,90500.0,76749100.0,1.0,839.0,856.0,835.0,846.0,90500.0
2024-10-15,14290,847.0,852.0,840.0,846.0,0,0,92700.0,78490400.0,1.0,847.0,852.0,840.0,846.0,92700.0
2024-10-16,14290,835.0,849.0,831.0,841.0,0,0,85100.0,71545800.0,1.0,835.0,849.0,831.0,841.0,85100.0
2024-10-17,14290,845.0,845.0,829.0,832.0,0,0,100500.0,83963300.0,1.0,845.0,845.0,829.0,832.0,100500.0
2024-10-18,14290,824.0,836.0,815.0,819.0,0,0,234900.0,192601600.0,1.0,824.0,836.0,815.0,819.0,234900.0
2024-10-21,14290,819.0,833.0,814.0,829.0,0,0,99900.0,82586500.0,1.0,819.0,833.0,814.0,829.0,99900.0
2024-10-22,14290,823.0,826.0,811.0,812.0,0,0,110100.0,89840800.0,1.0,823.0,826.0,811.0,812.0,110100.0
2024-10-23,14290,805.0,811.0,801.0,805.0,0,0,131100.0,105527100.0,1.0,805.0,811.0,801.0,805.0,131100.0
2024-10-24,14290,794.0,798.0,785.0,789.0,0,0,148300.0,117214600.0,1.0,794.0,798.0,785.0,789.0,148300.0
2024-10-25,14290,785.0,789.0,773.0,783.0,0,0,165100.0,128712500.0,1.0,785.0,789.0,773.0,783.0,165100.0
2024-10-28,14290,768.0,793.0,766.0,793.0,0,0,152600.0,119604800.0,1.0,768.0,793.0,766.0,793.0,152600.0
2024-10-29,14290,778.0,799.0,775.0,798.0,0,0,125400.0,98984800.0,1.0,778.0,799.0,775.0,798.0,125400.0
2024-10-30,14290,789.0,814.0,789.0,806.0,0,0,278100.0,223901800.0,1.0,789.0,814.0,789.0,806.0,278100.0
2024-10-31,14290,805.0,825.0,803.0,824.0,0,0,221700.0,180949200.0,1.0,805.0,825.0,803.0,824.0,221700.0
2024-11-01,14290,801.0,810.0,795.0,795.0,0,0,173000.0,138505100.0,1.0,801.0,810.0,795.0,795.0,173000.0
2024-11-05,14290,796.0,803.0,785.0,785.0,0,0,165700.0,131794500.0,1.0,796.0,803.0,785.0,785.0,165700.0
2024-11-06,14290,786.0,812.0,786.0,805.0,0,0,171500.0,137446500.0,1.0,786.0,812.0,786.0,805.0,171500.0
2024-11-07,14290,794.0,819.0,793.0,813.0,0,0,190300.0,153690100.0,1.0,794.0,819.0,793.0,813.0,190300.0
2024-11-08,14290,811.0,819.0,808.0,817.0,0,0,184400.0,150188100.0,1.0,811.0,819.0,808.0,817.0,184400.0
2024-11-11,14290,776.0,808.0,771.0,799.0,0,0,274700.0,217548100.0,1.0,776.0,808.0,771.0,799.0,274700.0
2024-11-12,14290,814.0,824.0,805.0,813.0,0,0,196300.0,159747200.0,1.0,814.0,824.0,805.0,813.0,196300.0
2024-11-13,14290,816.0,817.0,808.0,813.0,0,0,90100.0,73147900.0,1.0,816.0,817.0,808.0,813.0,90100.0
2024-11-14,14290,818.0,818.0,800.0,800.0,0,0,88500.0,71469700.0,1.0,818.0,818.0,800.0,800.0,88500.0
2024-11-15,14290,792.0,797.0,786.0,792.0,0,0,156000.0,123685600.0,1.0,792.0,797.0,786.0,792.0,156000.0
2024-11-18,14290,790.0,804.0,787.0,803.0,0,0,61800.0,49239300.0,1.0,790.0,804.0,787.0,803.0,61800.0
2024-11-19,14290,803.0,807.0,791.0,798.0,0,0,62900.0,50163600.0,1.0,803.0,807.0,791.0,798.0,62900.0
2024-11-20,14290,803.0,804.0,798.0,799.0,0,0,50700.0,40599600.0,1.0,803.0,804.0,798.0,799.0,50700.0
2024-11-21,14290,799.0,802.0,793.0,800.0,0,0,52100.0,41539300.0,1.0,799.0,802.0,793.0,800.0,52100.0
2024-11-22,14290,804.0,810.0,795.0,804.0,0,0,67200.0,53986900.0,1.0,804.0,810.0,795.0,804.0,67200.0
2024-11-25,14290,806.0,808.0,802.0,802.0,0,0,69100.0,55608800.0,1.0,806.0,808.0,802.0,802.0,69100.0
2024-11-26,14290,807.0,807.0,794.0,801.0,0,0,97800.0,78220300.0,1.0,807.0,807.0,794.0,801.0,97800.0
2024-11-27,14290,796.0,796.0,776.0,787.0,0,0,192000.0,150537200.0,1.0,796.0,796.0,776.0,787.0,192000.0
2024-11-28,14290,788.0,795.0,783.0,790.0,0,0,146100.0,115332200.0,1.0,788.0,795.0,783.0,790.0,146100.0
2024-11-29,14290,788.0,791.0,780.0,784.0,0,0,140400.0,110209300.0,1.0,788.0,791.0,780.0,784.0,140400.0
2024-12-02,14290,789.0,789.0,775.0,783.0,0,0,143100.0,111922700.0,1.0,789.0,789.0,775.0,783.0,143100.0
2024-12-03,14290,791.0,797.0,784.0,793.0,0,0,112900.0,89386200.0,1.0,791.0,797.0,784.0,793.0,112900.0
2024-12-04,14290,803.0,805.0,789.0,790.0,0,0,111900.0,88784700.0,1.0,803.0,805.0,789.0,790.0,111900.0
2024-12-05,14290,790.0,792.0,786.0,788.0,0,0,88600.0,69875500.0,1.0,790.0,792.0,786.0,788.0,88600.0
2024-12-06,14290,792.0,792.0,783.0,788.0,0,0,98800.0,77751000.0,1.0,792.0,792.0,783.0,788.0,98800.0
2024-12-09,14290,793.0,797.0,787.0,788.0,0,0,70900.0,56158700.0,1.0,793.0,797.0,787.0,788.0,70900.0
2024-12-10,14290,798.0,799.0,791.0,797.0,0,0,136600.0,108699400.0,1.0,798.0,799.0,791.0,797.0,136600.0
2024-12-11,14290,795.0,799.0,788.0,794.0,0,0,105000.0,83267500.0,1.0,795.0,799.0,788.0,794.0,105000.0
2024-12-12,14290,800.0,802.0,793.0,794.0,0,0,99800.0,79482500.0,1.0,800.0,802.0,793.0,794.0,99800.0
2024-12-13,14290,788.0,797.0,788.0,793.0,0,0,206600.0,164200200.0,1.0,788.0,797.0,788.0,793.0,206600.0
2024-12-16,14290,795.0,795.0,780.0,780.0,0,0,266000.0,208968800.0,1.0,795.0,795.0,780.0,780.0,266000.0
2024-12-17,14290,780.0,781.0,767.0,777.0,0,0,260200.0,201896800.0,1.0,780.0,781.0,767.0,777.0,260200.0
2024-12-18,14290,771.0,784.0,767.0,776.0,0,0,289800.0,225133100.0,1.0,771.0,784.0,767.0,776.0,289800.0
2024-12-19,14290,766.0,797.0,766.0,793.0,0,0,219100.0,171277900.0,1.0,766.0,797.0,766.0,793.0,219100.0
2024-12-20,14290,796.0,816.0,796.0,806.0,0,0,282700.0,228770400.0,1.0,796.0,816.0,796.0,806.0,282700.0
2024-12-23,14290,801.0,801.0,791.0,795.0,0,0,298700.0,237514100.0,1.0,801.0,801.0,791.0,795.0,298700.0
2024-12-24,14290,797.0,797.0,786.0,790.0,0,0,210500.0,166604400.0,1.0,797.0,797.0,786.0,790.0,210500.0
2024-12-25,14290,790.0,793.0,782.0,784.0,0,0,325000.0,255079300.0,1.0,790.0,793.0,782.0,784.0,325000.0
2024-12-26,14290,784.0,798.0,784.0,797.0,0,0,431100.0,340967700.0,1.0,784.0,798.0,784.0,797.0,431100.0
2024-12-27,14290,768.0,774.0,760.0,772.0,0,0,248100.0,190777800.0,1.0,768.0,774.0,760.0,772.0,248100.0
2024-12-30,14290,776.0,789.0,772.0,772.0,0,0,335100.0,261335800.0,1.0,776.0,789.0,772.0,772.0,335100.0
2025-01-06,14290,783.0,783.0,762.0,762.0,0,0,169500.0,130550600.0,1.0,783.0,783.0,762.0,762.0,169500.0
2025-01-07,14290,763.0,764.0,752.0,759.0,0,0,123100.0,93230700.0,1.0,763.0,764.0,752.0,759.0,123100.0
2025-01-08,14290,752.0,753.0,739.0,739.0,0,0,187600.0,139895400.0,1.0,752.0,753.0,739.0,739.0,187600.0
2025-01-09,14290,735.0,737.0,725.0,725.0,0,0,177300.0,129372000.0,1.0,735.0,737.0,725.0,725.0,177300.0
2025-01-10,14290,725.0,736.0,725.0,731.0,0,0,168000.0,122943900.0,1.0,725.0,736.0,725.0,731.0,168000.0
2025-01-14,14290,730.0,730.0,716.0,718.0,0,0,332500.0,240200700.0,1.0,730.0,730.0,716.0,718.0,332500.0
2025-01-15,14290,729.0,736.0,727.0,736.0,0,0,109200.0,79980500.0,1.0,729.0,736.0,727.0,736.0,109200.0
2025-01-16,14290,730.0,730.0,715.0,716.0,0,0,182300.0,131351400.0,1.0,730.0,730.0,715.0,716.0,182300.0
2025-01-17,14290,727.0,734.0,720.0,732.0,0,0,190200.0,138490000.0,1.0,727.0,734.0,720.0,732.0,190200.0
2025-01-20,14290,738.0,748.0,730.0,745.0,0,0,119300.0,88570600.0,1.0,738.0,748.0,730.0,745.0,119300.0
2025-01-21,14290,736.0,740.0,733.0,737.0,0,0,72000.0,53031800.0,1.0,736.0,740.0,733.0,737.0,72000.0
2025-01-22,14290,745.0,757.0,743.0,757.0,0,0,226200.0,169792600.0,1.0,745.0,757.0,743.0,757.0,226200.0
2025-01-23,14290,758.0,773.0,755.0,772.0,0,0,175100.0,134368000.0,1.0,758.0,773.0,755.0,772.0,175100.0
2025-01-24,14290,770.0,771.0,762.0,765.0,0,0,111300.0,85332100.0,1.0,770.0,771.0,762.0,765.0,111300.0
2025-01-27,14290,772.0,773.0,766.0,771.0,0,0,79700.0,61414700.0,1.0,772.0,773.0,766.0,771.0,79700.0
2025-01-28,14290,765.0,789.0,765.0,786.0,0,0,240700.0,187911800.0,1.0,765.0,789.0,765.0,786.0,240700.0
2025-01-29,14290,773.0,786.0,772.0,779.0,0,0,70500.0,54982500.0,1.0,773.0,786.0,772.0,779.0,70500.0
2025-01-30,14290,775.0,777.0,763.0,777.0,0,0,299600.0,231796800.0,1.0,775.0,777.0,763.0,777.0,299600.0
2025-01-31,14290,777.0,780.0,766.0,770.0,0,0,143400.0,110798900.0,1.0,777.0,780.0,766.0,770.0,143400.0
2025-02-03,14290,771.0,780.0,768.0,773.0,0,0,94800.0,73283900.0,1.0,771.0,780.0,768.0,773.0,94800.0
2025-02-04,14290,773.0,780.0,769.0,771.0,0,0,123100.0,95363700.0,1.0,773.0,780.0,769.0,771.0,123100.0
2025-02-05,14290,771.0,774.0,767.0,768.0,0,0,35400.0,27257900.0,1.0,771.0,774.0,767.0,768.0,35400.0
2025-02-06,14290,764.0,777.0,763.0,775.0,0,0,79100.0,60953200.0,1.0,764.0,777.0,763.0,775.0,79100.0
2025-02-07,14290,779.0,781.0,766.0,775.0,0,0,179900.0,139348800.0,1.0,779.0,781.0,766.0,775.0,179900.0
2025-02-10,14290,734.0,754.0,726.0,751.0,0,0,481800.0,355960000.0,1.0,734.0,754.0,726.0,751.0,481800.0
2025-02-12,14290,755.0,758.0,731.0,734.0,0,0,300100.0,222476800.0,1.0,755.0,758.0,731.0,734.0,300100.0
2025-02-13,14290,739.0,742.0,722.0,724.0,0,0,220800.0,160586200.0,1.0,739.0,742.0,722.0,724.0,220800.0
2025-02-14,14290,735.0,735.0,715.0,716.0,0,0,182100.0,131304200.0,1.0,735.0,735.0,715.0,716.0,182100.0
2025-02-17,14290,716.0,716.0,709.0,712.0,0,0,183100.0,130493400.0,1.0,716.0,716.0,709.0,712.0,183100.0
2025-02-18,14290,715.0,717.0,708.0,711.0,0,0,115300.0,82100800.0,1.0,715.0,717.0,708.0,711.0,115300.0
2025-02-19,14290,710.0,717.0,707.0,710.0,0,0,168000.0,119351700.0,1.0,710.0,717.0,707.0,710.0,168000.0
2025-02-20,14290,713.0,729.0,711.0,724.0,0,0,147800.0,106609700.0,1.0,713.0,729.0,711.0,724.0,147800.0
2025-02-21,14290,712.0,725.0,709.0,714.0,0,0,135400.0,96691500.0,1.0,712.0,725.0,709.0,714.0,135400.0
2025-02-25,14290,714.0,733.0,714.0,728.0,0,0,139500.0,101276500.0,1.0,714.0,733.0,714.0,728.0,139500.0
2025-02-26,14290,729.0,732.0,723.0,729.0,0,0,80400.0,58443200.0,1.0,729.0,732.0,723.0,729.0,80400.0
2025-02-27,14290,725.0,734.0,723.0,734.0,0,0,67400.0,49204800.0,1.0,725.0,734.0,723.0,734.0,67400.0
2025-02-28,14290,729.0,734.0,726.0,734.0,0,0,129100.0,94359500.0,1.0,729.0,734.0,726.0,734.0,129100.0
2025-03-03,14290,737.0,747.0,734.0,746.0,0,0,167200.0,124240600.0,1.0,737.0,747.0,734.0,746.0,167200.0
2025-03-04,14290,740.0,745.0,734.0,735.0,0,0,82200.0,60694700.0,1.0,740.0,745.0,734.0,735.0,82200.0
2025-03-05,14290,735.0,735.0,721.0,728.0,0,0,159200.0,115878500.0,1.0,735.0,735.0,721.0,728.0,159200.0
2025-03-06,14290,733.0,739.0,729.0,734.0,0,0,131000.0,96164800.0,1.0,733.0,739.0,729.0,734.0,131000.0
2025-03-07,14290,728.0,738.0,723.0,737.0,0,0,134600.0,98361200.0,1.0,728.0,738.0,723.0,737.0,134600.0
2025-03-10,14290,741.0,746.0,736.0,739.0,0,0,79400.0,58860400.0,1.0,741.0,746.0,736.0,739.0,79400.0
2025-03-11,14290,721.0,743.0,720.0,743.0,0,0,127300.0,92919500.0,1.0,721.0,743.0,720.0,743.0,127300.0
2025-03-12,14290,735.0,751.0,734.0,751.0,0,0,80100.0,59697800.0,1.0,735.0,751.0,734.0,751.0,80100.0
2025-03-13,14290,755.0,760.0,745.0,749.0,0,0,139500.0,104929600.0,1.0,755.0,760.0,745.0,749.0,139500.0
2025-03-14,14290,746.0,748.0,735.0,738.0,0,0,81300.0,60152100.0,1.0,746.0,748.0,735.0,738.0,81300.0
2025-03-17,14290,743.0,750.0,742.0,748.0,0,0,61700.0,46090800.0,1.0,743.0,750.0,742.0,748.0,61700.0
2025-03-18,14290,747.0,750.0,744.0,749.0,0,0,58000.0,43351900.0,1.0,747.0,750.0,744.0,749.0,58000.0
2025-03-19,14290,754.0,768.0,751.0,763.0,0,0,140000.0,106617300.0,1.0,754.0,768.0,751.0,763.0,140000.0
2025-03-21,14290,756.0,762.0,751.0,755.0,0,0,53700.0,40635300.0,1.0,756.0,762.0,751.0,755.0,53700.0
2025-03-24,14290,756.0,780.0,752.0,777.0,0,0,178500.0,137179200.0,1.0,756.0,780.0,752.0,777.0,178500.0
2025-03-25,14290,778.0,778.0,760.0,765.0,0,0,137600.0,105456400.0,1.0,778.0,778.0,760.0,765.0,137600.0
2025-03-26,14290,764.0,771.0,760.0,764.0,0,0,78200.0,59799200.0,1.0,764.0,771.0,760.0,764.0,78200.0
2025-03-27,14290,770.0,781.0,765.0,774.0,0,0,150800.0,116963400.0,1.0,770.0,781.0,765.0,774.0,150800.0
2025-03-28,14290,767.0,771.0,761.0,764.0,0,0,66700.0,51037400.0,1.0,767.0,771.0,761.0,764.0,66700.0
2025-03-31,14290,762.0,787.0,760.0,779.0,0,0,332600.0,256824600.0,1.0,762.0,787.0,760.0,779.0,332600.0
2025-04-01,14290,790.0,792.0,768.0,772.0,0,0,98100.0,76252600.0,1.0,790.0,792.0,768.0,772.0,98100.0
2025-04-02,14290,771.0,776.0,758.0,761.0,0,0,57400.0,43834900.0,1.0,771.0,776.0,758.0,761.0,57400.0
2025-04-03,14290,747.0,753.0,735.0,743.0,0,0,195800.0,145789900.0,1.0,747.0,753.0,735.0,743.0,195800.0
2025-04-04,14290,737.0,738.0,703.0,716.0,0,0,161500.0,115918200.0,1.0,737.0,738.0,703.0,716.0,161500.0
2025-04-07,14290,666.0,687.0,650.0,672.0,0,0,507200.0,340299100.0,1.0,666.0,687.0,650.0,672.0,507200.0
2025-04-08,14290,715.0,733.0,715.0,728.0,0,0,193200.0,140122700.0,1.0,715.0,733.0,715.0,728.0,193200.0
2025-04-09,14290,713.0,719.0,700.0,709.0,0,0,222600.0,157527500.0,1.0,713.0,719.0,700.0,709.0,222600.0
2025-04-10,14290,750.0,750.0,730.0,738.0,0,0,98900.0,73064100.0,1.0,750.0,750.0,730.0,738.0,98900.0
2025-04-11,14290,717.0,745.0,711.0,739.0,0,0,123300.0,90097700.0,1.0,717.0,745.0,711.0,739.0,123300.0
2025-04-14,14290,729.0,737.0,724.0,728.0,0,0,125100.0,91451900.0,1.0,729.0,737.0,724.0,728.0,125100.0
2025-04-15,14290,738.0,738.0,731.0,731.0,0,0,35100.0,25793100.0,1.0,738.0,738.0,731.0,731.0,35100.0
2025-04-16,14290,731.0,732.0,725.0,727.0,0,0,35500.0,25874900.0,1.0,731.0,732.0,725.0,727.0,35500.0
2025-04-17,14290,727.0,732.0,724.0,729.0,0,0,53700.0,39035900.0,1.0,727.0,732.0,724.0,729.0,53700.0
2025-04-18,14290,738.0,742.0,733.0,740.0,0,0,47100.0,34805800.0,1.0,738.0,742.0,733.0,740.0,47100.0
2025-04-21,14290,733.0,743.0,733.0,740.0,0,0,32400.0,23922000.0,1.0,733.0,743.0,733.0,740.0,32400.0
2025-04-22,14290,744.0,744.0,736.0,736.0,0,0,29800.0,21999900.0,1.0,744.0,744.0,736.0,736.0,29800.0
2025-04-23,14290,741.0,743.0,738.0,739.0,0,0,34500.0,25544800.0,1.0,741.0,743.0,738.0,739.0,34500.0
2025-04-24,14290,746.0,746.0,736.0,736.0,0,0,56500.0,41835000.0,1.0,746.0,746.0,736.0,736.0,56500.0
2025-04-25,14290,739.0,739.0,734.0,734.0,0,0,31200.0,22966300.0,1.0,739.0,739.0,734.0,734.0,31200.0
2025-04-28,14290,733.0,745.0,733.0,742.0,0,0,69000.0,51031500.0,1.0,733.0,745.0,733.0,742.0,69000.0
2025-04-30,14290,744.0,744.0,733.0,743.0,0,0,73500.0,54419400.0,1.0,744.0,744.0,733.0,743.0,73500.0
2025-05-01,14290,744.0,746.0,738.0,742.0,0,0,59700.0,44355300.0,1.0,744.0,746.0,738.0,742.0,59700.0
2025-05-02,14290,740.0,755.0,739.0,747.0,0,0,54200.0,40544700.0,1.0,740.0,755.0,739.0,747.0,54200.0
2025-05-07,14290,749.0,762.0,749.0,760.0,0,0,48800.0,36925600.0,1.0,749.0,762.0,749.0,760.0,48800.0
2025-05-08,14290,757.0,767.0,752.0,764.0,0,0,66000.0,50124400.0,1.0,757.0,767.0,752.0,764.0,66000.0
2025-05-09,14290,767.0,771.0,759.0,769.0,0,0,235800.0,180546400.0,1.0,767.0,771.0,759.0,769.0,235800.0
2025-05-12,14290,769.0,789.0,758.0,763.0,0,0,181900.0,140429400.0,1.0,769.0,789.0,758.0,763.0,181900.0
2025-05-13,14290,761.0,761.0,750.0,750.0,0,0,85400.0,64574600.0,1.0,761.0,761.0,750.0,750.0,85400.0
2025-05-14,14290,754.0,760.0,746.0,756.0,0,0,35000.0,26339800.0,1.0,754.0,760.0,746.0,756.0,35000.0
2025-05-15,14290,755.0,759.0,746.0,750.0,0,0,28200.0,21161800.0,1.0,755.0,759.0,746.0,750.0,28200.0
2025-05-16,14290,750.0,756.0,750.0,752.0,0,0,29000.0,21812400.0,1.0,750.0,756.0,750.0,752.0,29000.0
2025-05-19,14290,750.0,757.0,750.0,755.0,0,0,33200.0,25031500.0,1.0,750.0,757.0,750.0,755.0,33200.0
2025-05-20,14290,761.0,770.0,760.0,768.0,0,0,51800.0,39628800.0,1.0,761.0,770.0,760.0,768.0,51800.0
2025-05-21,14290,768.0,772.0,761.0,761.0,0,0,29600.0,22702900.0,1.0,768.0,772.0,761.0,761.0,29600.0
2025-05-22,14290,758.0,770.0,758.0,770.0,0,0,26200.0,20029300.0,1.0,758.0,770.0,758.0,770.0,26200.0
2025-05-23,14290,770.0,773.0,756.0,756.0,0,0,85600.0,65328300.0,1.0,770.0,773.0,756.0,756.0,85600.0
2025-05-26,14290,760.0,763.0,755.0,755.0,0,0,38100.0,28899100.0,1.0,760.0,763.0,755.0,755.0,38100.0
2025-05-27,14290,762.0,771.0,762.0,771.0,0,0,40200.0,30819700.0,1.0,762.0,771.0,762.0,771.0,40200.0
2025-05-28,14290,773.0,777.0,770.0,770.0,0,0,53600.0,41484000.0,1.0,773.0,777.0,770.0,770.0,53600.0
2025-05-29,14290,775.0,779.0,772.0,779.0,0,0,41200.0,31982400.0,1.0,775.0,779.0,772.0,779.0,41200.0
2025-05-30,14290,779.0,791.0,779.0,782.0,0,0,112000.0,88008500.0,1.0,779.0,791.0,779.0,782.0,112000.0
2025-06-02,14290,783.0,785.0,773.0,781.0,0,0,32100.0,24976100.0,1.0,783.0,785.0,773.0,781.0,32100.0
2025-06-03,14290,781.0,784.0,775.0,776.0,0,0,24600.0,19146700.0,1.0,781.0,784.0,775.0,776.0,24600.0
2025-06-04,14290,777.0,779.0,775.0,777.0,0,0,40200.0,31234900.0,1.0,777.0,779.0,775.0,777.0,40200.0
2025-06-05,14290,777.0,782.0,776.0,777.0,0,0,25400.0,19772700.0,1.0,777.0,782.0,776.0,777.0,25400.0
2025-06-06,14290,781.0,787.0,779.0,784.0,0,0,29000.0,22733000.0,1.0,781.0,787.0,779.0,784.0,29000.0
2025-06-09,14290,786.0,788.0,779.0,779.0,0,0,27800.0,21785800.0,1.0,786.0,788.0,779.0,779.0,27800.0
2025-06-10,14290,781.0,789.0,781.0,788.0,0,0,50400.0,39640200.0,1.0,781.0,789.0,781.0,788.0,50400.0
2025-06-11,14290,799.0,803.0,792.0,798.0,0,0,115200.0,91898200.0,1.0,799.0,803.0,792.0,798.0,115200.0
2025-06-12,14290,800.0,808.0,795.0,796.0,0,0,60000.0,48063600.0,1.0,800.0,808.0,795.0,796.0,60000.0
2025-06-13,14290,796.0,798.0,786.0,794.0,0,0,44800.0,35482500.0,1.0,796.0,798.0,786.0,794.0,44800.0
2025-06-16,14290,793.0,797.0,783.0,788.0,0,0,38700.0,30547000.0,1.0,793.0,797.0,783.0,788.0,38700.0
2025-06-17,14290,788.0,792.0,786.0,788.0,0,0,25800.0,20355100.0,1.0,788.0,792.0,786.0,788.0,25800.0
2025-06-18,14290,791.0,799.0,791.0,793.0,0,0,26200.0,20829500.0,1.0,791.0,799.0,791.0,793.0,26200.0
2025-06-19,14290,793.0,799.0,792.0,799.0,0,0,43200.0,34326100.0,1.0,793.0,799.0,792.0,799.0,43200.0
2025-06-20,14290,799.0,799.0,792.0,793.0,0,0,36000.0,28658900.0,1.0,799.0,799.0,792.0,793.0,36000.0
2025-06-23,14290,793.0,800.0,793.0,797.0,0,0,34100.0,27169300.0,1.0,793.0,800.0,793.0,797.0,34100.0
2025-06-24,14290,803.0,806.0,792.0,794.0,0,0,39300.0,31406700.0,1.0,803.0,806.0,792.0,794.0,39300.0
2025-06-25,14290,795.0,798.0,792.0,792.0,0,0,19200.0,15254300.0,1.0,795.0,798.0,792.0,792.0,19200.0
2025-06-26,14290,790.0,796.0,785.0,793.0,0,0,55100.0,43611300.0,1.0,790.0,796.0,785.0,793.0,55100.0
2025-06-27,14290,790.0,795.0,779.0,782.0,0,0,76500.0,60052500.0,1.0,790.0,795.0,779.0,782.0,76500.0
2025-06-30,14290,794.0,799.0,787.0,793.0,0,0,77800.0,61751900.0,1.0,794.0,799.0,787.0,793.0,77800.0
2025-07-01,14290,791.0,798.0,786.0,798.0,0,0,36700.0,29039600.0,1.0,791.0,798.0,786.0,798.0,36700.0
2025-07-02,14290,797.0,803.0,796.0,797.0,0,0,64200.0,51318400.0,1.0,797.0,803.0,796.0,797.0,64200.0
2025-07-03,14290,797.0,800.0,791.0,791.0,0,0,27500.0,21868000.0,1.0,797.0,800.0,791.0,791.0,27500.0
2025-07-04,14290,794.0,798.0,792.0,792.0,0,0,32300.0,25684300.0,1.0,794.0,798.0,792.0,792.0,32300.0
2025-07-07,14290,792.0,795.0,791.0,793.0,0,0,21500.0,17048300.0,1.0,792.0,795.0,791.0,793.0,21500.0
2025-07-08,14290,793.0,798.0,792.0,798.0,0,0,23500.0,18707100.0,1.0,793.0,798.0,792.0,798.0,23500.0
2025-07-09,14290,798.0,803.0,794.0,798.0,0,0,43900.0,35087400.0,1.0,798.0,803.0,794.0,798.0,43900.0
2025-07-10,14290,801.0,802.0,791.0,794.0,0,0,20100.0,15997500.0,1.0,801.0,802.0,791.0,794.0,20100.0
2025-07-11,14290,795.0,803.0,795.0,798.0,0,0,46500.0,37230200.0,1.0,795.0,803.0,795.0,798.0,46500.0
2025-07-14,14290,806.0,813.0,806.0,812.0,0,0,95500.0,77290200.0,1.0,806.0,813.0,806.0,812.0,95500.0
2025-07-15,14290,814.0,816.0,803.0,804.0,0,0,51800.0,41944700.0,1.0,814.0,816.0,803.0,804.0,51800.0
2025-07-16,14290,803.0,808.0,796.0,800.0,0,0,57200.0,45927500.0,1.0,803.0,808.0,796.0,800.0,57200.0
2025-07-17,14290,795.0,804.0,795.0,800.0,0,0,32300.0,25761100.0,1.0,795.0,804.0,795.0,800.0,32300.0
2025-07-18,14290,799.0,803.0,792.0,795.0,0,0,29400.0,23416200.0,1.0,799.0,803.0,792.0,795.0,29400.0
2025-07-22,14290,795.0,800.0,789.0,793.0,0,0,25300.0,20078200.0,1.0,795.0,800.0,789.0,793.0,25300.0
2025-07-23,14290,793.0,798.0,787.0,791.0,0,0,78000.0,61675200.0,1.0,793.0,798.0,787.0,791.0,78000.0
2025-07-24,14290,791.0,798.0,788.0,793.0,0,0,74000.0,58718700.0,1.0,791.0,798.0,788.0,793.0,74000.0
2025-07-25,14290,793.0,801.0,787.0,797.0,0,0,88900.0,70815500.0,1.0,793.0,801.0,787.0,797.0,88900.0
2025-07-28,14290,797.0,805.0,797.0,801.0,0,0,48200.0,38647300.0,1.0,797.0,805.0,797.0,801.0,48200.0
2025-07-29,14290,802.0,806.0,801.0,805.0,0,0,34600.0,27802200.0,1.0,802.0,806.0,801.0,805.0,34600.0
2025-07-30,14290,800.0,806.0,799.0,804.0,0,0,85300.0,68510200.0,1.0,800.0,806.0,799.0,804.0,85300.0
2025-07-31,14290,804.0,816.0,802.0,815.0,0,0,124000.0,100630300.0,1.0,804.0,816.0,802.0,815.0,124000.0
2025-08-01,14290,817.0,832.0,815.0,829.0,0,0,149800.0,123717700.0,1.0,817.0,832.0,815.0,829.0,149800.0
2025-08-04,14290,828.0,839.0,820.0,837.0,0,0,120800.0,100424200.0,1.0,828.0,839.0,820.0,837.0,120800.0
2025-08-05,14290,840.0,840.0,829.0,837.0,0,0,76500.0,63842600.0,1.0,840.0,840.0,829.0,837.0,76500.0
2025-08-06,14290,837.0,837.0,827.0,832.0,0,0,121800.0,101358700.0,1.0,837.0,837.0,827.0,832.0,121800.0
2025-08-07,14290,833.0,846.0,832.0,846.0,0,0,90200.0,75767400.0,1.0,833.0,846.0,832.0,846.0,90200.0
2025-08-08,14290,846.0,852.0,835.0,850.0,0,0,115700.0,97795100.0,1.0,846.0,852.0,835.0,850.0,115700.0
2025-08-12,14290,870.0,905.0,865.0,878.0,0,0,421900.0,371073200.0,1.0,870.0,905.0,865.0,878.0,421900.0
2025-08-13,14290,871.0,882.0,855.0,877.0,0,0,208900.0,181958000.0,1.0,871.0,882.0,855.0,877.0,208900.0
2025-08-14,14290,877.0,879.0,863.0,866.0,0,0,124000.0,107668800.0,1.0,877.0,879.0,863.0,866.0,124000.0
2025-08-15,14290,877.0,877.0,863.0,867.0,0,0,120400.0,104563400.0,1.0,877.0,877.0,863.0,867.0,120400.0
2025-08-18,14290,870.0,872.0,861.0,865.0,0,0,99000.0,85526700.0,1.0,870.0,872.0,861.0,865.0,99000.0
2025-08-19,14290,862.0,875.0,862.0,868.0,0,0,106700.0,92503500.0,1.0,862.0,875.0,862.0,868.0,106700.0
2025-08-20,14290,870.0,876.0,867.0,868.0,0,0,106800.0,92992600.0,1.0,870.0,876.0,867.0,868.0,106800.0
2025-08-21,14290,870.0,879.0,865.0,871.0,0,0,125200.0,109008600.0,1.0,870.0,879.0,865.0,871.0,125200.0
2025-08-22,14290,871.0,872.0,866.0,870.0,0,0,50500.0,43890100.0,1.0,871.0,872.0,866.0,870.0,50500.0
2025-08-25,14290,875.0,885.0,870.0,880.0,0,0,124500.0,109383100.0,1.0,875.0,885.0,870.0,880.0,124500.0
2025-08-26,14290,883.0,904.0,880.0,896.0,0,0,211600.0,188997900.0,1.0,883.0,904.0,880.0,896.0,211600.0
2025-08-27,14290,901.0,927.0,896.0,927.0,0,0,294600.0,270195900.0,1.0,901.0,927.0,896.0,927.0,294600.0
2025-08-28,14290,928.0,931.0,914.0,922.0,0,0,273100.0,251553000.0,1.0,928.0,931.0,914.0,922.0,273100.0
2025-08-29,14290,930.0,934.0,921.0,931.0,0,0,181800.0,168882200.0,1.0,930.0,934.0,921.0,931.0,181800.0
2025-09-01,14290,931.0,937.0,919.0,926.0,0,0,140900.0,130856200.0,1.0,931.0,937.0,919.0,926.0,140900.0
2025-09-02,14290,932.0,948.0,927.0,944.0,0,0,112300.0,105213700.0,1.0,932.0,948.0,927.0,944.0,112300.0
2025-09-03,14290,948.0,948.0,938.0,940.0,0,0,104100.0,98040100.0,1.0,948.0,948.0,938.0,940.0,104100.0
2025-09-04,14290,940.0,942.0,931.0,942.0,0,0,51300.0,48063700.0,1.0,940.0,942.0,931.0,942.0,51300.0
2025-09-05,14290,945.0,945.0,930.0,935.0,0,0,66500.0,62350100.0,1.0,945.0,945.0,930.0,935.0,66500.0
2025-09-08,14290,938.0,946.0,929.0,939.0,0,0,83300.0,78031700.0,1.0,938.0,946.0,929.0,939.0,83300.0
2025-09-09,14290,939.0,943.0,926.0,926.0,0,0,56100.0,52340200.0,1.0,939.0,943.0,926.0,926.0,56100.0
2025-09-10,14290,924.0,925.0,915.0,916.0,0,0,103000.0,94779200.0,1.0,924.0,925.0,915.0,916.0,103000.0
2025-09-11,14290,914.0,925.0,908.0,913.0,0,0,71200.0,65252700.0,1.0,914.0,925.0,908.0,913.0,71200.0
2025-09-12,14290,917.0,918.0,911.0,911.0,0,0,51800.0,47377700.0,1.0,917.0,918.0,911.0,911.0,51800.0
2025-09-16,14290,913.0,923.0,912.0,922.0,0,0,80100.0,73434900.0,1.0,913.0,923.0,912.0,922.0,80100.0
2025-09-17,14290,922.0,924.0,910.0,916.0,0,0,59600.0,54607700.0,1.0,922.0,924.0,910.0,916.0,59600.0
2025-09-18,14290,917.0,920.0,898.0,902.0,0,0,92100.0,83252400.0,1.0,917.0,920.0,898.0,902.0,92100.0
2025-09-19,14290,896.0,912.0,890.0,907.0,0,0,136300.0,123087900.0,1.0,896.0,912.0,890.0,907.0,136300.0
2025-09-22,14290,911.0,921.0,911.0,916.0,0,0,82100.0,75291000.0,1.0,911.0,921.0,911.0,916.0,82100.0
2025-09-24,14290,920.0,920.0,904.0,909.0,0,0,54700.0,49817500.0,1.0,920.0,920.0,904.0,909.0,54700.0
2025-09-25,14290,914.0,914.0,905.0,905.0,0,0,32700.0,29747900.0,1.0,914.0,914.0,905.0,905.0,32700.0
2025-09-26,14290,913.0,918.0,909.0,918.0,0,0,72300.0,66062400.0,1.0,913.0,918.0,909.0,918.0,72300.0
2025-09-29,14290,919.0,930.0,914.0,927.0,0,0,72100.0,66650500.0,1.0,919.0,930.0,914.0,927.0,72100.0
2025-09-30,14290,927.0,927.0,911.0,921.0,0,0,93500.0,85873500.0,1.0,927.0,927.0,911.0,921.0,93500.0
2025-10-01,14290,919.0,921.0,892.0,893.0,0,0,111800.0,101306100.0,1.0,919.0,921.0,892.0,893.0,111800.0
2025-10-02,14290,900.0,904.0,886.0,888.0,0,0,103000.0,91840900.0,1.0,900.0,904.0,886.0,888.0,103000.0
2025-10-03,14290,886.0,898.0,886.0,893.0,0,0,60800.0,54355700.0,1.0,886.0,898.0,886.0,893.0,60800.0
2025-10-06,14290,908.0,914.0,898.0,905.0,0,0,71000.0,64273300.0,1.0,908.0,914.0,898.0,905.0,71000.0
2025-10-07,14290,906.0,918.0,904.0,911.0,0,0,70900.0,64530900.0,1.0,906.0,918.0,904.0,911.0,70900.0
2025-10-08,14290,902.0,916.0,902.0,909.0,0,0,57700.0,52491500.0,1.0,902.0,916.0,902.0,909.0,57700.0
2025-10-09,14290,910.0,912.0,900.0,903.0,0,0,67500.0,61072200.0,1.0,910.0,912.0,900.0,903.0,67500.0
2025-10-10,14290,903.0,903.0,883.0,883.0,0,0,110800.0,98595100.0,1.0,903.0,903.0,883.0,883.0,110800.0
2025-10-14,14290,876.0,885.0,871.0,879.0,0,0,78600.0,68913300.0,1.0,876.0,885.0,871.0,879.0,78600.0
2025-10-15,14290,879.0,897.0,879.0,892.0,0,0,107500.0,95339200.0,1.0,879.0,897.0,879.0,892.0,107500.0
2025-10-16,14290,900.0,904.0,892.0,897.0,0,0,34900.0,31352100.0,1.0,900.0,904.0,892.0,897.0,34900.0
2025-10-17,14290,894.0,900.0,887.0,888.0,0,0,32000.0,28549800.0,1.0,894.0,900.0,887.0,888.0,32000.0
2025-10-20,14290,890.0,902.0,890.0,895.0,0,0,72800.0,65162900.0,1.0,890.0,902.0,890.0,895.0,72800.0
2025-10-21,14290,900.0,907.0,896.0,897.0,0,0,57600.0,51900100.0,1.0,900.0,907.0,896.0,897.0,57600.0
2025-10-22,14290,900.0,931.0,900.0,930.0,0,0,117800.0,108536200.0,1.0,900.0,931.0,900.0,930.0,117800.0
2025-10-23,14290,930.0,931.0,920.0,931.0,0,0,47300.0,43895600.0,1.0,930.0,931.0,920.0,931.0,47300.0
2025-10-24,14290,930.0,932.0,921.0,930.0,0,0,62200.0,57760700.0,1.0,930.0,932.0,921.0,930.0,62200.0
2025-10-27,14290,930.0,942.0,928.0,942.0,0,0,83500.0,78092500.0,1.0,930.0,942.0,928.0,942.0,83500.0
2025-10-28,14290,937.0,937.0,920.0,925.0,0,0,68700.0,63603500.0,1.0,937.0,937.0,920.0,925.0,68700.0
2025-10-29,14290,935.0,935.0,904.0,911.0,0,0,50100.0,45809300.0,1.0,935.0,935.0,904.0,911.0,50100.0
