Date,Code,Open,High,Low,Close,UpperLimit,LowerLimit,Volume,TurnoverValue,AdjustmentFactor,AdjustmentOpen,AdjustmentHigh,AdjustmentLow,AdjustmentClose,AdjustmentVolume
2020-10-29,20010,1707.0,1716.0,1701.0,1703.0,0,0,69700.0,118976900.0,1.0,1707.0,1716.0,1701.0,1703.0,69700.0
2020-10-30,20010,1700.0,1700.0,1669.0,1674.0,0,0,54300.0,91271400.0,1.0,1700.0,1700.0,1669.0,1674.0,54300.0
2020-11-02,20010,1690.0,1712.0,1677.0,1704.0,0,0,132100.0,224062600.0,1.0,1690.0,1712.0,1677.0,1704.0,132100.0
2020-11-04,20010,1704.0,1704.0,1684.0,1684.0,0,0,93300.0,157780000.0,1.0,1704.0,1704.0,1684.0,1684.0,93300.0
2020-11-05,20010,1686.0,1716.0,1673.0,1703.0,0,0,233800.0,396332300.0,1.0,1686.0,1716.0,1673.0,1703.0,233800.0
2020-11-06,20010,1714.0,1749.0,1709.0,1731.0,0,0,112700.0,195609500.0,1.0,1714.0,1749.0,1709.0,1731.0,112700.0
2020-11-09,20010,1755.0,1755.0,1716.0,1731.0,0,0,100400.0,173685800.0,1.0,1755.0,1755.0,1716.0,1731.0,100400.0
2020-11-10,20010,1750.0,1754.0,1733.0,1738.0,0,0,140700.0,245169700.0,1.0,1750.0,1754.0,1733.0,1738.0,140700.0
2020-11-11,20010,1755.0,1756.0,1737.0,1742.0,0,0,122100.0,213013100.0,1.0,1755.0,1756.0,1737.0,1742.0,122100.0
2020-11-12,20010,1742.0,1749.0,1735.0,1743.0,0,0,84200.0,146651200.0,1.0,1742.0,1749.0,1735.0,1743.0,84200.0
2020-11-13,20010,1742.0,1742.0,1700.0,1709.0,0,0,79000.0,135226000.0,1.0,1742.0,1742.0,1700.0,1709.0,79000.0
2020-11-16,20010,1731.0,1746.0,1720.0,1737.0,0,0,86000.0,149241600.0,1.0,1731.0,1746.0,1720.0,1737.0,86000.0
2020-11-17,20010,1745.0,1748.0,1706.0,1712.0,0,0,96100.0,164828700.0,1.0,1745.0,1748.0,1706.0,1712.0,96100.0
2020-11-18,20010,1714.0,1714.0,1690.0,1690.0,0,0,73900.0,125343100.0,1.0,1714.0,1714.0,1690.0,1690.0,73900.0
2020-11-19,20010,1691.0,1694.0,1681.0,1686.0,0,0,68300.0,115253600.0,1.0,1691.0,1694.0,1681.0,1686.0,68300.0
2020-11-20,20010,1679.0,1688.0,1676.0,1682.0,0,0,73300.0,123292300.0,1.0,1679.0,1688.0,1676.0,1682.0,73300.0
2020-11-24,20010,1714.0,1717.0,1687.0,1690.0,0,0,133300.0,226820500.0,1.0,1714.0,1717.0,1687.0,1690.0,133300.0
2020-11-25,20010,1697.0,1697.0,1667.0,1667.0,0,0,128500.0,215773500.0,1.0,1697.0,1697.0,1667.0,1667.0,128500.0
2020-11-26,20010,1661.0,1667.0,1653.0,1658.0,0,0,100900.0,167356800.0,1.0,1661.0,1667.0,1653.0,1658.0,100900.0
2020-11-27,20010,1660.0,1669.0,1649.0,1650.0,0,0,164600.0,272394200.0,1.0,1660.0,1669.0,1649.0,1650.0,164600.0
2020-11-30,20010,1644.0,1649.0,1627.0,1627.0,0,0,209900.0,343512100.0,1.0,1644.0,1649.0,1627.0,1627.0,209900.0
2020-12-01,20010,1629.0,1643.0,1620.0,1634.0,0,0,171000.0,279303700.0,1.0,1629.0,1643.0,1620.0,1634.0,171000.0
2020-12-02,20010,1650.0,1659.0,1631.0,1637.0,0,0,160500.0,263287400.0,1.0,1650.0,1659.0,1631.0,1637.0,160500.0
2020-12-03,20010,1639.0,1653.0,1629.0,1651.0,0,0,140400.0,230963500.0,1.0,1639.0,1653.0,1629.0,1651.0,140400.0
2020-12-04,20010,1654.0,1660.0,1633.0,1639.0,0,0,149800.0,245650000.0,1.0,1654.0,1660.0,1633.0,1639.0,149800.0
2020-12-07,20010,1645.0,1653.0,1622.0,1629.0,0,0,129000.0,210317100.0,1.0,1645.0,1653.0,1622.0,1629.0,129000.0
2020-12-08,20010,1629.0,1630.0,1606.0,1626.0,0,0,148000.0,239908400.0,1.0,1629.0,1630.0,1606.0,1626.0,148000.0
2020-12-09,20010,1620.0,1638.0,1617.0,1635.0,0,0,92400.0,150547700.0,1.0,1620.0,1638.0,1617.0,1635.0,92400.0
2020-12-10,20010,1635.0,1652.0,1632.0,1647.0,0,0,108800.0,178744600.0,1.0,1635.0,1652.0,1632.0,1647.0,108800.0
2020-12-11,20010,1644.0,1651.0,1628.0,1650.0,0,0,76100.0,125005500.0,1.0,1644.0,1651.0,1628.0,1650.0,76100.0
2020-12-14,20010,1650.0,1662.0,1640.0,1642.0,0,0,102800.0,169761100.0,1.0,1650.0,1662.0,1640.0,1642.0,102800.0
2020-12-15,20010,1635.0,1643.0,1618.0,1621.0,0,0,123300.0,200609000.0,1.0,1635.0,1643.0,1618.0,1621.0,123300.0
2020-12-16,20010,1627.0,1634.0,1623.0,1625.0,0,0,67000.0,109025900.0,1.0,1627.0,1634.0,1623.0,1625.0,67000.0
2020-12-17,20010,1623.0,1630.0,1619.0,1619.0,0,0,101100.0,163946200.0,1.0,1623.0,1630.0,1619.0,1619.0,101100.0
2020-12-18,20010,1619.0,1643.0,1611.0,1639.0,0,0,176900.0,288727200.0,1.0,1619.0,1643.0,1611.0,1639.0,176900.0
2020-12-21,20010,1638.0,1646.0,1627.0,1635.0,0,0,81600.0,133277900.0,1.0,1638.0,1646.0,1627.0,1635.0,81600.0
2020-12-22,20010,1622.0,1623.0,1609.0,1613.0,0,0,104100.0,168115300.0,1.0,1622.0,1623.0,1609.0,1613.0,104100.0
2020-12-23,20010,1618.0,1619.0,1611.0,1619.0,0,0,60900.0,98374200.0,1.0,1618.0,1619.0,1611.0,1619.0,60900.0
2020-12-24,20010,1629.0,1636.0,1624.0,1633.0,0,0,90000.0,146814300.0,1.0,1629.0,1636.0,1624.0,1633.0,90000.0
2020-12-25,20010,1641.0,1642.0,1629.0,1636.0,0,0,72200.0,118082300.0,1.0,1641.0,1642.0,1629.0,1636.0,72200.0
2020-12-28,20010,1643.0,1646.0,1622.0,1629.0,0,0,97500.0,159187900.0,1.0,1643.0,1646.0,1622.0,1629.0,97500.0
2020-12-29,20010,1632.0,1641.0,1618.0,1639.0,0,0,118200.0,192491200.0,1.0,1632.0,1641.0,1618.0,1639.0,118200.0
2020-12-30,20010,1632.0,1634.0,1611.0,1611.0,0,0,164400.0,265511100.0,1.0,1632.0,1634.0,1611.0,1611.0,164400.0
2021-01-04,20010,1624.0,1628.0,1606.0,1625.0,0,0,145100.0,234668900.0,1.0,1624.0,1628.0,1606.0,1625.0,145100.0
2021-01-05,20010,1618.0,1623.0,1612.0,1615.0,0,0,127100.0,205546800.0,1.0,1618.0,1623.0,1612.0,1615.0,127100.0
2021-01-06,20010,1617.0,1640.0,1613.0,1639.0,0,0,158400.0,258221900.0,1.0,1617.0,1640.0,1613.0,1639.0,158400.0
2021-01-07,20010,1649.0,1650.0,1631.0,1636.0,0,0,143300.0,234645000.0,1.0,1649.0,1650.0,1631.0,1636.0,143300.0
2021-01-08,20010,1641.0,1669.0,1633.0,1665.0,0,0,219300.0,362996800.0,1.0,1641.0,1669.0,1633.0,1665.0,219300.0
2021-01-12,20010,1666.0,1675.0,1652.0,1673.0,0,0,91600.0,152699700.0,1.0,1666.0,1675.0,1652.0,1673.0,91600.0
2021-01-13,20010,1667.0,1667.0,1644.0,1649.0,0,0,112200.0,185302200.0,1.0,1667.0,1667.0,1644.0,1649.0,112200.0
2021-01-14,20010,1649.0,1660.0,1644.0,1660.0,0,0,117000.0,193333100.0,1.0,1649.0,1660.0,1644.0,1660.0,117000.0
2021-01-15,20010,1651.0,1651.0,1641.0,1644.0,0,0,124400.0,204745900.0,1.0,1651.0,1651.0,1641.0,1644.0,124400.0
2021-01-18,20010,1650.0,1668.0,1649.0,1657.0,0,0,116800.0,193580100.0,1.0,1650.0,1668.0,1649.0,1657.0,116800.0
2021-01-19,20010,1669.0,1669.0,1649.0,1655.0,0,0,96600.0,160268700.0,1.0,1669.0,1669.0,1649.0,1655.0,96600.0
2021-01-20,20010,1654.0,1654.0,1629.0,1641.0,0,0,98700.0,161580600.0,1.0,1654.0,1654.0,1629.0,1641.0,98700.0
2021-01-21,20010,1645.0,1654.0,1622.0,1622.0,0,0,118400.0,193194100.0,1.0,1645.0,1654.0,1622.0,1622.0,118400.0
2021-01-22,20010,1620.0,1624.0,1612.0,1623.0,0,0,121400.0,196501100.0,1.0,1620.0,1624.0,1612.0,1623.0,121400.0
2021-01-25,20010,1620.0,1623.0,1610.0,1619.0,0,0,142300.0,229901700.0,1.0,1620.0,1623.0,1610.0,1619.0,142300.0
2021-01-26,20010,1621.0,1635.0,1620.0,1630.0,0,0,93000.0,151453800.0,1.0,1621.0,1635.0,1620.0,1630.0,93000.0
2021-01-27,20010,1639.0,1663.0,1638.0,1663.0,0,0,148700.0,245493400.0,1.0,1639.0,1663.0,1638.0,1663.0,148700.0
2021-01-28,20010,1640.0,1666.0,1640.0,1658.0,0,0,171800.0,284687500.0,1.0,1640.0,1666.0,1640.0,1658.0,171800.0
2021-01-29,20010,1640.0,1664.0,1640.0,1647.0,0,0,175000.0,289194600.0,1.0,1640.0,1664.0,1640.0,1647.0,175000.0
2021-02-01,20010,1637.0,1641.0,1619.0,1620.0,0,0,124100.0,201655000.0,1.0,1637.0,1641.0,1619.0,1620.0,124100.0
2021-02-02,20010,1620.0,1623.0,1610.0,1620.0,0,0,167000.0,270039900.0,1.0,1620.0,1623.0,1610.0,1620.0,167000.0
2021-02-03,20010,1618.0,1634.0,1613.0,1630.0,0,0,164600.0,267391700.0,1.0,1618.0,1634.0,1613.0,1630.0,164600.0
2021-02-04,20010,1621.0,1634.0,1620.0,1629.0,0,0,107400.0,174853700.0,1.0,1621.0,1634.0,1620.0,1629.0,107400.0
2021-02-05,20010,1635.0,1637.0,1626.0,1626.0,0,0,164000.0,267118500.0,1.0,1635.0,1637.0,1626.0,1626.0,164000.0
2021-02-08,20010,1630.0,1654.0,1630.0,1641.0,0,0,156000.0,255832700.0,1.0,1630.0,1654.0,1630.0,1641.0,156000.0
2021-02-09,20010,1649.0,1649.0,1622.0,1623.0,0,0,150100.0,244337600.0,1.0,1649.0,1649.0,1622.0,1623.0,150100.0
2021-02-10,20010,1626.0,1643.0,1621.0,1630.0,0,0,138800.0,226398900.0,1.0,1626.0,1643.0,1621.0,1630.0,138800.0
2021-02-12,20010,1629.0,1634.0,1618.0,1619.0,0,0,150200.0,243754900.0,1.0,1629.0,1634.0,1618.0,1619.0,150200.0
2021-02-15,20010,1620.0,1622.0,1611.0,1620.0,0,0,179200.0,289664200.0,1.0,1620.0,1622.0,1611.0,1620.0,179200.0
2021-02-16,20010,1618.0,1620.0,1607.0,1611.0,0,0,223200.0,359868400.0,1.0,1618.0,1620.0,1607.0,1611.0,223200.0
2021-02-17,20010,1601.0,1607.0,1594.0,1607.0,0,0,249500.0,399280400.0,1.0,1601.0,1607.0,1594.0,1607.0,249500.0
2021-02-18,20010,1607.0,1620.0,1601.0,1615.0,0,0,255700.0,412136500.0,1.0,1607.0,1620.0,1601.0,1615.0,255700.0
2021-02-19,20010,1603.0,1610.0,1599.0,1603.0,0,0,197800.0,317250800.0,1.0,1603.0,1610.0,1599.0,1603.0,197800.0
2021-02-22,20010,1610.0,1617.0,1606.0,1609.0,0,0,113000.0,182131000.0,1.0,1610.0,1617.0,1606.0,1609.0,113000.0
2021-02-24,20010,1610.0,1620.0,1604.0,1614.0,0,0,170200.0,274475400.0,1.0,1610.0,1620.0,1604.0,1614.0,170200.0
2021-02-25,20010,1614.0,1616.0,1599.0,1599.0,0,0,210000.0,336707200.0,1.0,1614.0,1616.0,1599.0,1599.0,210000.0
2021-02-26,20010,1598.0,1602.0,1588.0,1588.0,0,0,293000.0,466763100.0,1.0,1598.0,1602.0,1588.0,1588.0,293000.0
2021-03-01,20010,1605.0,1619.0,1597.0,1618.0,0,0,206400.0,332348300.0,1.0,1605.0,1619.0,1597.0,1618.0,206400.0
2021-03-02,20010,1622.0,1625.0,1610.0,1614.0,0,0,187600.0,303270000.0,1.0,1622.0,1625.0,1610.0,1614.0,187600.0
2021-03-03,20010,1622.0,1629.0,1613.0,1624.0,0,0,164900.0,267330100.0,1.0,1622.0,1629.0,1613.0,1624.0,164900.0
2021-03-04,20010,1620.0,1630.0,1614.0,1629.0,0,0,131200.0,213004600.0,1.0,1620.0,1630.0,1614.0,1629.0,131200.0
2021-03-05,20010,1634.0,1653.0,1628.0,1653.0,0,0,195500.0,321497700.0,1.0,1634.0,1653.0,1628.0,1653.0,195500.0
2021-03-08,20010,1667.0,1668.0,1643.0,1662.0,0,0,152100.0,252169500.0,1.0,1667.0,1668.0,1643.0,1662.0,152100.0
2021-03-09,20010,1678.0,1685.0,1669.0,1685.0,0,0,163600.0,275028100.0,1.0,1678.0,1685.0,1669.0,1685.0,163600.0
2021-03-10,20010,1682.0,1682.0,1663.0,1668.0,0,0,118300.0,197882900.0,1.0,1682.0,1682.0,1663.0,1668.0,118300.0
2021-03-11,20010,1685.0,1686.0,1668.0,1671.0,0,0,145800.0,244345500.0,1.0,1685.0,1686.0,1668.0,1671.0,145800.0
2021-03-12,20010,1662.0,1662.0,1650.0,1662.0,0,0,141300.0,234432200.0,1.0,1662.0,1662.0,1650.0,1662.0,141300.0
2021-03-15,20010,1670.0,1691.0,1670.0,1691.0,0,0,142700.0,240318000.0,1.0,1670.0,1691.0,1670.0,1691.0,142700.0
2021-03-16,20010,1688.0,1709.0,1685.0,1705.0,0,0,134000.0,227854300.0,1.0,1688.0,1709.0,1685.0,1705.0,134000.0
2021-03-17,20010,1710.0,1723.0,1696.0,1716.0,0,0,164900.0,282334800.0,1.0,1710.0,1723.0,1696.0,1716.0,164900.0
2021-03-18,20010,1716.0,1727.0,1705.0,1726.0,0,0,151900.0,261331600.0,1.0,1716.0,1727.0,1705.0,1726.0,151900.0
2021-03-19,20010,1722.0,1740.0,1712.0,1726.0,0,0,204300.0,353049400.0,1.0,1722.0,1740.0,1712.0,1726.0,204300.0
2021-03-22,20010,1715.0,1722.0,1703.0,1711.0,0,0,174200.0,298402700.0,1.0,1715.0,1722.0,1703.0,1711.0,174200.0
2021-03-23,20010,1711.0,1724.0,1705.0,1710.0,0,0,113000.0,193579300.0,1.0,1711.0,1724.0,1705.0,1710.0,113000.0
2021-03-24,20010,1703.0,1708.0,1678.0,1681.0,0,0,142900.0,241420900.0,1.0,1703.0,1708.0,1678.0,1681.0,142900.0
2021-03-25,20010,1696.0,1710.0,1692.0,1700.0,0,0,114200.0,194261700.0,1.0,1696.0,1710.0,1692.0,1700.0,114200.0
2021-03-26,20010,1707.0,1709.0,1696.0,1706.0,0,0,137200.0,233705600.0,1.0,1707.0,1709.0,1696.0,1706.0,137200.0
2021-03-29,20010,1720.0,1723.0,1704.0,1723.0,0,0,281800.0,484095300.0,1.0,1720.0,1723.0,1704.0,1723.0,281800.0
2021-03-30,20010,1703.0,1703.0,1662.0,1670.0,0,0,158500.0,265649500.0,1.0,1703.0,1703.0,1662.0,1670.0,158500.0
2021-03-31,20010,1665.0,1676.0,1650.0,1657.0,0,0,169800.0,282076800.0,1.0,1665.0,1676.0,1650.0,1657.0,169800.0
2021-04-01,20010,1668.0,1668.0,1641.0,1641.0,0,0,93300.0,153906400.0,1.0,1668.0,1668.0,1641.0,1641.0,93300.0
2021-04-02,20010,1655.0,1655.0,1629.0,1629.0,0,0,55400.0,90711600.0,1.0,1655.0,1655.0,1629.0,1629.0,55400.0
2021-04-05,20010,1632.0,1634.0,1622.0,1626.0,0,0,76500.0,124554700.0,1.0,1632.0,1634.0,1622.0,1626.0,76500.0
2021-04-06,20010,1629.0,1635.0,1603.0,1610.0,0,0,115600.0,186742100.0,1.0,1629.0,1635.0,1603.0,1610.0,115600.0
2021-04-07,20010,1635.0,1639.0,1624.0,1639.0,0,0,107600.0,175884900.0,1.0,1635.0,1639.0,1624.0,1639.0,107600.0
2021-04-08,20010,1632.0,1633.0,1609.0,1609.0,0,0,129700.0,209672900.0,1.0,1632.0,1633.0,1609.0,1609.0,129700.0
2021-04-09,20010,1617.0,1627.0,1609.0,1613.0,0,0,131500.0,212708700.0,1.0,1617.0,1627.0,1609.0,1613.0,131500.0
2021-04-12,20010,1613.0,1623.0,1613.0,1615.0,0,0,68800.0,111264600.0,1.0,1613.0,1623.0,1613.0,1615.0,68800.0
2021-04-13,20010,1628.0,1637.0,1617.0,1620.0,0,0,62900.0,102215100.0,1.0,1628.0,1637.0,1617.0,1620.0,62900.0
2021-04-14,20010,1621.0,1621.0,1608.0,1615.0,0,0,102500.0,165485700.0,1.0,1621.0,1621.0,1608.0,1615.0,102500.0
2021-04-15,20010,1616.0,1624.0,1612.0,1614.0,0,0,80700.0,130366800.0,1.0,1616.0,1624.0,1612.0,1614.0,80700.0
2021-04-16,20010,1612.0,1626.0,1607.0,1619.0,0,0,64900.0,104929100.0,1.0,1612.0,1626.0,1607.0,1619.0,64900.0
2021-04-19,20010,1612.0,1616.0,1604.0,1606.0,0,0,107100.0,172375700.0,1.0,1612.0,1616.0,1604.0,1606.0,107100.0
2021-04-20,20010,1600.0,1600.0,1587.0,1587.0,0,0,159400.0,253884400.0,1.0,1600.0,1600.0,1587.0,1587.0,159400.0
2021-04-21,20010,1580.0,1582.0,1572.0,1573.0,0,0,203800.0,321390500.0,1.0,1580.0,1582.0,1572.0,1573.0,203800.0
2021-04-22,20010,1580.0,1587.0,1568.0,1574.0,0,0,154800.0,243727300.0,1.0,1580.0,1587.0,1568.0,1574.0,154800.0
2021-04-23,20010,1561.0,1576.0,1558.0,1574.0,0,0,166300.0,260640900.0,1.0,1561.0,1576.0,1558.0,1574.0,166300.0
2021-04-26,20010,1576.0,1579.0,1559.0,1562.0,0,0,141100.0,220711500.0,1.0,1576.0,1579.0,1559.0,1562.0,141100.0
2021-04-27,20010,1559.0,1572.0,1557.0,1569.0,0,0,105900.0,165707900.0,1.0,1559.0,1572.0,1557.0,1569.0,105900.0
2021-04-28,20010,1568.0,1574.0,1556.0,1558.0,0,0,135400.0,211281300.0,1.0,1568.0,1574.0,1556.0,1558.0,135400.0
2021-04-30,20010,1555.0,1568.0,1554.0,1560.0,0,0,155900.0,243201800.0,1.0,1555.0,1568.0,1554.0,1560.0,155900.0
2021-05-06,20010,1575.0,1585.0,1567.0,1573.0,0,0,148500.0,233898200.0,1.0,1575.0,1585.0,1567.0,1573.0,148500.0
2021-05-07,20010,1590.0,1604.0,1585.0,1596.0,0,0,143700.0,229436900.0,1.0,1590.0,1604.0,1585.0,1596.0,143700.0
2021-05-10,20010,1598.0,1611.0,1587.0,1610.0,0,0,97700.0,156741800.0,1.0,1598.0,1611.0,1587.0,1610.0,97700.0
2021-05-11,20010,1614.0,1614.0,1595.0,1601.0,0,0,114400.0,183201100.0,1.0,1614.0,1614.0,1595.0,1601.0,114400.0
2021-05-12,20010,1600.0,1602.0,1576.0,1587.0,0,0,127200.0,201809800.0,1.0,1600.0,1602.0,1576.0,1587.0,127200.0
2021-05-13,20010,1575.0,1585.0,1571.0,1573.0,0,0,129500.0,204150100.0,1.0,1575.0,1585.0,1571.0,1573.0,129500.0
2021-05-14,20010,1600.0,1607.0,1581.0,1602.0,0,0,106900.0,171049000.0,1.0,1600.0,1607.0,1581.0,1602.0,106900.0
2021-05-17,20010,1601.0,1610.0,1594.0,1596.0,0,0,99900.0,159937800.0,1.0,1601.0,1610.0,1594.0,1596.0,99900.0
2021-05-18,20010,1596.0,1600.0,1583.0,1593.0,0,0,103300.0,164457400.0,1.0,1596.0,1600.0,1583.0,1593.0,103300.0
2021-05-19,20010,1581.0,1585.0,1568.0,1573.0,0,0,123800.0,194738900.0,1.0,1581.0,1585.0,1568.0,1573.0,123800.0
2021-05-20,20010,1575.0,1586.0,1568.0,1568.0,0,0,76400.0,120279500.0,1.0,1575.0,1586.0,1568.0,1568.0,76400.0
2021-05-21,20010,1574.0,1574.0,1560.0,1561.0,0,0,154100.0,241109000.0,1.0,1574.0,1574.0,1560.0,1561.0,154100.0
2021-05-24,20010,1567.0,1573.0,1561.0,1564.0,0,0,91200.0,142853000.0,1.0,1567.0,1573.0,1561.0,1564.0,91200.0
2021-05-25,20010,1558.0,1564.0,1554.0,1556.0,0,0,159000.0,247694600.0,1.0,1558.0,1564.0,1554.0,1556.0,159000.0
2021-05-26,20010,1554.0,1556.0,1546.0,1553.0,0,0,116900.0,181458900.0,1.0,1554.0,1556.0,1546.0,1553.0,116900.0
2021-05-27,20010,1568.0,1574.0,1552.0,1554.0,0,0,195700.0,305213000.0,1.0,1568.0,1574.0,1552.0,1554.0,195700.0
2021-05-28,20010,1561.0,1581.0,1561.0,1579.0,0,0,148200.0,233020700.0,1.0,1561.0,1581.0,1561.0,1579.0,148200.0
2021-05-31,20010,1566.0,1578.0,1551.0,1555.0,0,0,114200.0,178139700.0,1.0,1566.0,1578.0,1551.0,1555.0,114200.0
2021-06-01,20010,1550.0,1600.0,1550.0,1571.0,0,0,199800.0,312500800.0,1.0,1550.0,1600.0,1550.0,1571.0,199800.0
2021-06-02,20010,1560.0,1570.0,1552.0,1568.0,0,0,133200.0,208326500.0,1.0,1560.0,1570.0,1552.0,1568.0,133200.0
2021-06-03,20010,1560.0,1570.0,1557.0,1567.0,0,0,102600.0,160368400.0,1.0,1560.0,1570.0,1557.0,1567.0,102600.0
2021-06-04,20010,1566.0,1580.0,1564.0,1578.0,0,0,108700.0,171157800.0,1.0,1566.0,1580.0,1564.0,1578.0,108700.0
2021-06-07,20010,1584.0,1584.0,1573.0,1577.0,0,0,75100.0,118481700.0,1.0,1584.0,1584.0,1573.0,1577.0,75100.0
2021-06-08,20010,1575.0,1597.0,1574.0,1589.0,0,0,85200.0,135464400.0,1.0,1575.0,1597.0,1574.0,1589.0,85200.0
2021-06-09,20010,1597.0,1597.0,1585.0,1588.0,0,0,53600.0,85189100.0,1.0,1597.0,1597.0,1585.0,1588.0,53600.0
2021-06-10,20010,1586.0,1587.0,1575.0,1579.0,0,0,96700.0,152889400.0,1.0,1586.0,1587.0,1575.0,1579.0,96700.0
2021-06-11,20010,1585.0,1585.0,1572.0,1577.0,0,0,107800.0,170369700.0,1.0,1585.0,1585.0,1572.0,1577.0,107800.0
2021-06-14,20010,1588.0,1592.0,1573.0,1576.0,0,0,51200.0,80756700.0,1.0,1588.0,1592.0,1573.0,1576.0,51200.0
2021-06-15,20010,1576.0,1582.0,1571.0,1581.0,0,0,79900.0,126128100.0,1.0,1576.0,1582.0,1571.0,1581.0,79900.0
2021-06-16,20010,1574.0,1581.0,1573.0,1581.0,0,0,74800.0,118040500.0,1.0,1574.0,1581.0,1573.0,1581.0,74800.0
2021-06-17,20010,1583.0,1583.0,1570.0,1571.0,0,0,54300.0,85542400.0,1.0,1583.0,1583.0,1570.0,1571.0,54300.0
2021-06-18,20010,1570.0,1571.0,1558.0,1562.0,0,0,192000.0,300216900.0,1.0,1570.0,1571.0,1558.0,1562.0,192000.0
2021-06-21,20010,1551.0,1552.0,1545.0,1546.0,0,0,201500.0,311823700.0,1.0,1551.0,1552.0,1545.0,1546.0,201500.0
2021-06-22,20010,1568.0,1589.0,1565.0,1589.0,0,0,108600.0,171623500.0,1.0,1568.0,1589.0,1565.0,1589.0,108600.0
2021-06-23,20010,1589.0,1589.0,1576.0,1577.0,0,0,56700.0,89617500.0,1.0,1589.0,1589.0,1576.0,1577.0,56700.0
2021-06-24,20010,1572.0,1586.0,1570.0,1582.0,0,0,66700.0,105417200.0,1.0,1572.0,1586.0,1570.0,1582.0,66700.0
2021-06-25,20010,1588.0,1592.0,1582.0,1588.0,0,0,75200.0,119371400.0,1.0,1588.0,1592.0,1582.0,1588.0,75200.0
2021-06-28,20010,1593.0,1595.0,1585.0,1594.0,0,0,66400.0,105684000.0,1.0,1593.0,1595.0,1585.0,1594.0,66400.0
2021-06-29,20010,1594.0,1594.0,1574.0,1578.0,0,0,101300.0,160326900.0,1.0,1594.0,1594.0,1574.0,1578.0,101300.0
2021-06-30,20010,1584.0,1586.0,1567.0,1569.0,0,0,82300.0,129377500.0,1.0,1584.0,1586.0,1567.0,1569.0,82300.0
2021-07-01,20010,1567.0,1570.0,1563.0,1570.0,0,0,85800.0,134456900.0,1.0,1567.0,1570.0,1563.0,1570.0,85800.0
2021-07-02,20010,1570.0,1579.0,1568.0,1577.0,0,0,113000.0,178004700.0,1.0,1570.0,1579.0,1568.0,1577.0,113000.0
2021-07-05,20010,1565.0,1575.0,1564.0,1574.0,0,0,107500.0,168853300.0,1.0,1565.0,1575.0,1564.0,1574.0,107500.0
2021-07-06,20010,1576.0,1579.0,1566.0,1568.0,0,0,76900.0,120756000.0,1.0,1576.0,1579.0,1566.0,1568.0,76900.0
2021-07-07,20010,1561.0,1574.0,1558.0,1571.0,0,0,145400.0,227893700.0,1.0,1561.0,1574.0,1558.0,1571.0,145400.0
2021-07-08,20010,1575.0,1579.0,1567.0,1567.0,0,0,125500.0,197205700.0,1.0,1575.0,1579.0,1567.0,1567.0,125500.0
2021-07-09,20010,1548.0,1561.0,1545.0,1560.0,0,0,330000.0,512486000.0,1.0,1548.0,1561.0,1545.0,1560.0,330000.0
2021-07-12,20010,1582.0,1585.0,1573.0,1582.0,0,0,100500.0,158871200.0,1.0,1582.0,1585.0,1573.0,1582.0,100500.0
2021-07-13,20010,1596.0,1613.0,1593.0,1608.0,0,0,142200.0,228230900.0,1.0,1596.0,1613.0,1593.0,1608.0,142200.0
2021-07-14,20010,1605.0,1624.0,1604.0,1619.0,0,0,107200.0,173163700.0,1.0,1605.0,1624.0,1604.0,1619.0,107200.0
2021-07-15,20010,1624.0,1633.0,1596.0,1600.0,0,0,126700.0,204175500.0,1.0,1624.0,1633.0,1596.0,1600.0,126700.0
2021-07-16,20010,1602.0,1602.0,1588.0,1592.0,0,0,100900.0,160838900.0,1.0,1602.0,1602.0,1588.0,1592.0,100900.0
2021-07-19,20010,1583.0,1583.0,1570.0,1575.0,0,0,117200.0,184529700.0,1.0,1583.0,1583.0,1570.0,1575.0,117200.0
2021-07-20,20010,1560.0,1573.0,1558.0,1571.0,0,0,126600.0,198327300.0,1.0,1560.0,1573.0,1558.0,1571.0,126600.0
2021-07-21,20010,1583.0,1607.0,1574.0,1599.0,0,0,130900.0,209083400.0,1.0,1583.0,1607.0,1574.0,1599.0,130900.0
2021-07-26,20010,1619.0,1619.0,1590.0,1601.0,0,0,70800.0,113375600.0,1.0,1619.0,1619.0,1590.0,1601.0,70800.0
2021-07-27,20010,1612.0,1617.0,1603.0,1614.0,0,0,60700.0,97808300.0,1.0,1612.0,1617.0,1603.0,1614.0,60700.0
2021-07-28,20010,1604.0,1615.0,1603.0,1611.0,0,0,100400.0,161517400.0,1.0,1604.0,1615.0,1603.0,1611.0,100400.0
2021-07-29,20010,1611.0,1611.0,1587.0,1588.0,0,0,67700.0,107906300.0,1.0,1611.0,1611.0,1587.0,1588.0,67700.0
2021-07-30,20010,1584.0,1585.0,1571.0,1573.0,0,0,131700.0,207622500.0,1.0,1584.0,1585.0,1571.0,1573.0,131700.0
2021-08-02,20010,1596.0,1611.0,1588.0,1610.0,0,0,147600.0,236849000.0,1.0,1596.0,1611.0,1588.0,1610.0,147600.0
2021-08-03,20010,1610.0,1610.0,1601.0,1605.0,0,0,58400.0,93704200.0,1.0,1610.0,1610.0,1601.0,1605.0,58400.0
2021-08-04,20010,1603.0,1619.0,1599.0,1616.0,0,0,121200.0,195506600.0,1.0,1603.0,1619.0,1599.0,1616.0,121200.0
2021-08-05,20010,1610.0,1632.0,1609.0,1632.0,0,0,102600.0,166790100.0,1.0,1610.0,1632.0,1609.0,1632.0,102600.0
2021-08-06,20010,1632.0,1632.0,1599.0,1599.0,0,0,91500.0,147483500.0,1.0,1632.0,1632.0,1599.0,1599.0,91500.0
2021-08-10,20010,1614.0,1627.0,1607.0,1609.0,0,0,75200.0,121453800.0,1.0,1614.0,1627.0,1607.0,1609.0,75200.0
2021-08-11,20010,1625.0,1628.0,1609.0,1616.0,0,0,65600.0,106008500.0,1.0,1625.0,1628.0,1609.0,1616.0,65600.0
2021-08-12,20010,1625.0,1626.0,1615.0,1619.0,0,0,61100.0,98991700.0,1.0,1625.0,1626.0,1615.0,1619.0,61100.0
2021-08-13,20010,1619.0,1619.0,1608.0,1619.0,0,0,70600.0,113988300.0,1.0,1619.0,1619.0,1608.0,1619.0,70600.0
2021-08-16,20010,1617.0,1617.0,1593.0,1608.0,0,0,167100.0,268034100.0,1.0,1617.0,1617.0,1593.0,1608.0,167100.0
2021-08-17,20010,1612.0,1616.0,1606.0,1613.0,0,0,97000.0,156305100.0,1.0,1612.0,1616.0,1606.0,1613.0,97000.0
2021-08-18,20010,1592.0,1627.0,1592.0,1618.0,0,0,191500.0,308636800.0,1.0,1592.0,1627.0,1592.0,1618.0,191500.0
2021-08-19,20010,1622.0,1642.0,1622.0,1639.0,0,0,127900.0,208955300.0,1.0,1622.0,1642.0,1622.0,1639.0,127900.0
2021-08-20,20010,1645.0,1655.0,1645.0,1649.0,0,0,124300.0,204932500.0,1.0,1645.0,1655.0,1645.0,1649.0,124300.0
2021-08-23,20010,1655.0,1661.0,1649.0,1650.0,0,0,107500.0,177723800.0,1.0,1655.0,1661.0,1649.0,1650.0,107500.0
2021-08-24,20010,1641.0,1655.0,1639.0,1646.0,0,0,96000.0,158059400.0,1.0,1641.0,1655.0,1639.0,1646.0,96000.0
2021-08-25,20010,1640.0,1640.0,1624.0,1627.0,0,0,85700.0,139919500.0,1.0,1640.0,1640.0,1624.0,1627.0,85700.0
2021-08-26,20010,1618.0,1625.0,1612.0,1625.0,0,0,89500.0,145096100.0,1.0,1618.0,1625.0,1612.0,1625.0,89500.0
2021-08-27,20010,1623.0,1626.0,1611.0,1614.0,0,0,83800.0,135395200.0,1.0,1623.0,1626.0,1611.0,1614.0,83800.0
2021-08-30,20010,1610.0,1622.0,1607.0,1622.0,0,0,101100.0,163541000.0,1.0,1610.0,1622.0,1607.0,1622.0,101100.0
2021-08-31,20010,1610.0,1626.0,1607.0,1617.0,0,0,126300.0,204489900.0,1.0,1610.0,1626.0,1607.0,1617.0,126300.0
2021-09-01,20010,1627.0,1637.0,1623.0,1625.0,0,0,81600.0,132884500.0,1.0,1627.0,1637.0,1623.0,1625.0,81600.0
2021-09-02,20010,1620.0,1633.0,1617.0,1633.0,0,0,92200.0,149874500.0,1.0,1620.0,1633.0,1617.0,1633.0,92200.0
2021-09-03,20010,1640.0,1649.0,1633.0,1644.0,0,0,127300.0,209211800.0,1.0,1640.0,1649.0,1633.0,1644.0,127300.0
2021-09-06,20010,1644.0,1650.0,1640.0,1648.0,0,0,113300.0,186540500.0,1.0,1644.0,1650.0,1640.0,1648.0,113300.0
2021-09-07,20010,1651.0,1673.0,1648.0,1666.0,0,0,132400.0,220430300.0,1.0,1651.0,1673.0,1648.0,1666.0,132400.0
2021-09-08,20010,1673.0,1673.0,1661.0,1666.0,0,0,118600.0,197708700.0,1.0,1673.0,1673.0,1661.0,1666.0,118600.0
2021-09-09,20010,1663.0,1671.0,1661.0,1665.0,0,0,110500.0,184003200.0,1.0,1663.0,1671.0,1661.0,1665.0,110500.0
2021-09-10,20010,1660.0,1675.0,1660.0,1675.0,0,0,164700.0,274762000.0,1.0,1660.0,1675.0,1660.0,1675.0,164700.0
2021-09-13,20010,1672.0,1686.0,1669.0,1683.0,0,0,96100.0,161357100.0,1.0,1672.0,1686.0,1669.0,1683.0,96100.0
2021-09-14,20010,1687.0,1688.0,1676.0,1688.0,0,0,116300.0,195834800.0,1.0,1687.0,1688.0,1676.0,1688.0,116300.0
2021-09-15,20010,1674.0,1677.0,1669.0,1672.0,0,0,88400.0,147849800.0,1.0,1674.0,1677.0,1669.0,1672.0,88400.0
2021-09-16,20010,1670.0,1678.0,1653.0,1675.0,0,0,153800.0,256418700.0,1.0,1670.0,1678.0,1653.0,1675.0,153800.0
2021-09-17,20010,1680.0,1689.0,1670.0,1687.0,0,0,169500.0,285387500.0,1.0,1680.0,1689.0,1670.0,1687.0,169500.0
2021-09-21,20010,1672.0,1687.0,1664.0,1670.0,0,0,125600.0,210459600.0,1.0,1672.0,1687.0,1664.0,1670.0,125600.0
2021-09-22,20010,1674.0,1678.0,1647.0,1647.0,0,0,129400.0,214798500.0,1.0,1674.0,1678.0,1647.0,1647.0,129400.0
2021-09-24,20010,1662.0,1679.0,1656.0,1679.0,0,0,121600.0,203383600.0,1.0,1662.0,1679.0,1656.0,1679.0,121600.0
2021-09-27,20010,1676.0,1681.0,1664.0,1664.0,0,0,81000.0,135094700.0,1.0,1676.0,1681.0,1664.0,1664.0,81000.0
2021-09-28,20010,1675.0,1675.0,1661.0,1669.0,0,0,150900.0,251801200.0,1.0,1675.0,1675.0,1661.0,1669.0,150900.0
2021-09-29,20010,1648.0,1648.0,1620.0,1639.0,0,0,160400.0,262063200.0,1.0,1648.0,1648.0,1620.0,1639.0,160400.0
2021-09-30,20010,1640.0,1653.0,1628.0,1631.0,0,0,87600.0,143304400.0,1.0,1640.0,1653.0,1628.0,1631.0,87600.0
2021-10-01,20010,1628.0,1628.0,1609.0,1615.0,0,0,116400.0,188197800.0,1.0,1628.0,1628.0,1609.0,1615.0,116400.0
2021-10-04,20010,1620.0,1630.0,1617.0,1626.0,0,0,57500.0,93369100.0,1.0,1620.0,1630.0,1617.0,1626.0,57500.0
2021-10-05,20010,1615.0,1633.0,1608.0,1619.0,0,0,104600.0,169455800.0,1.0,1615.0,1633.0,1608.0,1619.0,104600.0
2021-10-06,20010,1619.0,1640.0,1613.0,1635.0,0,0,104800.0,171015900.0,1.0,1619.0,1640.0,1613.0,1635.0,104800.0
2021-10-07,20010,1638.0,1642.0,1629.0,1631.0,0,0,74400.0,121740400.0,1.0,1638.0,1642.0,1629.0,1631.0,74400.0
2021-10-08,20010,1650.0,1659.0,1645.0,1645.0,0,0,90000.0,148513800.0,1.0,1650.0,1659.0,1645.0,1645.0,90000.0
2021-10-11,20010,1646.0,1660.0,1645.0,1660.0,0,0,59500.0,98329300.0,1.0,1646.0,1660.0,1645.0,1660.0,59500.0
2021-10-12,20010,1660.0,1660.0,1638.0,1641.0,0,0,46500.0,76403100.0,1.0,1660.0,1660.0,1638.0,1641.0,46500.0
2021-10-13,20010,1639.0,1644.0,1632.0,1632.0,0,0,76100.0,124402800.0,1.0,1639.0,1644.0,1632.0,1632.0,76100.0
2021-10-14,20010,1631.0,1635.0,1622.0,1633.0,0,0,50900.0,82915300.0,1.0,1631.0,1635.0,1622.0,1633.0,50900.0
2021-10-15,20010,1640.0,1663.0,1634.0,1659.0,0,0,74700.0,123707600.0,1.0,1640.0,1663.0,1634.0,1659.0,74700.0
2021-10-18,20010,1654.0,1654.0,1631.0,1640.0,0,0,46000.0,75417000.0,1.0,1654.0,1654.0,1631.0,1640.0,46000.0
2021-10-19,20010,1631.0,1641.0,1626.0,1636.0,0,0,57300.0,93523700.0,1.0,1631.0,1641.0,1626.0,1636.0,57300.0
2021-10-20,20010,1641.0,1643.0,1633.0,1635.0,0,0,48000.0,78579500.0,1.0,1641.0,1643.0,1633.0,1635.0,48000.0
2021-10-21,20010,1635.0,1640.0,1622.0,1625.0,0,0,34400.0,56001300.0,1.0,1635.0,1640.0,1622.0,1625.0,34400.0
2021-10-22,20010,1616.0,1621.0,1608.0,1612.0,0,0,60200.0,97130400.0,1.0,1616.0,1621.0,1608.0,1612.0,60200.0
2021-10-25,20010,1605.0,1615.0,1596.0,1599.0,0,0,57000.0,91308600.0,1.0,1605.0,1615.0,1596.0,1599.0,57000.0
2021-10-26,20010,1597.0,1611.0,1595.0,1599.0,0,0,46800.0,74886400.0,1.0,1597.0,1611.0,1595.0,1599.0,46800.0
2021-10-27,20010,1603.0,1610.0,1597.0,1606.0,0,0,47700.0,76516100.0,1.0,1603.0,1610.0,1597.0,1606.0,47700.0
2021-10-28,20010,1611.0,1621.0,1598.0,1615.0,0,0,62900.0,101392100.0,1.0,1611.0,1621.0,1598.0,1615.0,62900.0
2021-10-29,20010,1615.0,1634.0,1611.0,1631.0,0,0,91800.0,149173100.0,1.0,1615.0,1634.0,1611.0,1631.0,91800.0
2021-11-01,20010,1640.0,1655.0,1636.0,1655.0,0,0,72400.0,119466100.0,1.0,1640.0,1655.0,1636.0,1655.0,72400.0
2021-11-02,20010,1650.0,1659.0,1637.0,1637.0,0,0,72900.0,119891600.0,1.0,1650.0,1659.0,1637.0,1637.0,72900.0
2021-11-04,20010,1649.0,1650.0,1618.0,1618.0,0,0,145500.0,236962700.0,1.0,1649.0,1650.0,1618.0,1618.0,145500.0
2021-11-05,20010,1610.0,1632.0,1610.0,1628.0,0,0,58600.0,95247000.0,1.0,1610.0,1632.0,1610.0,1628.0,58600.0
2021-11-08,20010,1650.0,1650.0,1614.0,1617.0,0,0,50200.0,81428800.0,1.0,1650.0,1650.0,1614.0,1617.0,50200.0
2021-11-09,20010,1615.0,1617.0,1608.0,1613.0,0,0,47900.0,77243700.0,1.0,1615.0,1617.0,1608.0,1613.0,47900.0
2021-11-10,20010,1615.0,1620.0,1609.0,1611.0,0,0,51300.0,82774000.0,1.0,1615.0,1620.0,1609.0,1611.0,51300.0
2021-11-11,20010,1609.0,1615.0,1605.0,1610.0,0,0,32900.0,52961800.0,1.0,1609.0,1615.0,1605.0,1610.0,32900.0
2021-11-12,20010,1614.0,1641.0,1613.0,1638.0,0,0,106300.0,173650000.0,1.0,1614.0,1641.0,1613.0,1638.0,106300.0
2021-11-15,20010,1638.0,1640.0,1620.0,1620.0,0,0,60700.0,98655200.0,1.0,1638.0,1640.0,1620.0,1620.0,60700.0
2021-11-16,20010,1628.0,1640.0,1621.0,1626.0,0,0,53600.0,87314000.0,1.0,1628.0,1640.0,1621.0,1626.0,53600.0
2021-11-17,20010,1625.0,1625.0,1601.0,1601.0,0,0,51700.0,83056900.0,1.0,1625.0,1625.0,1601.0,1601.0,51700.0
2021-11-18,20010,1612.0,1615.0,1601.0,1607.0,0,0,86200.0,138560400.0,1.0,1612.0,1615.0,1601.0,1607.0,86200.0
2021-11-19,20010,1601.0,1614.0,1597.0,1606.0,0,0,97700.0,156787600.0,1.0,1601.0,1614.0,1597.0,1606.0,97700.0
2021-11-22,20010,1595.0,1609.0,1588.0,1602.0,0,0,80800.0,129397100.0,1.0,1595.0,1609.0,1588.0,1602.0,80800.0
2021-11-24,20010,1609.0,1621.0,1601.0,1601.0,0,0,75000.0,120465000.0,1.0,1609.0,1621.0,1601.0,1601.0,75000.0
2021-11-25,20010,1610.0,1619.0,1604.0,1613.0,0,0,67300.0,108571000.0,1.0,1610.0,1619.0,1604.0,1613.0,67300.0
2021-11-26,20010,1615.0,1615.0,1595.0,1611.0,0,0,68000.0,109219500.0,1.0,1615.0,1615.0,1595.0,1611.0,68000.0
2021-11-29,20010,1596.0,1606.0,1589.0,1589.0,0,0,160600.0,256071700.0,1.0,1596.0,1606.0,1589.0,1589.0,160600.0
2021-11-30,20010,1599.0,1613.0,1566.0,1567.0,0,0,290500.0,460371100.0,1.0,1599.0,1613.0,1566.0,1567.0,290500.0
2021-12-01,20010,1562.0,1594.0,1562.0,1586.0,0,0,89900.0,142343200.0,1.0,1562.0,1594.0,1562.0,1586.0,89900.0
2021-12-02,20010,1574.0,1604.0,1574.0,1580.0,0,0,119200.0,189423200.0,1.0,1574.0,1604.0,1574.0,1580.0,119200.0
2021-12-03,20010,1593.0,1618.0,1586.0,1615.0,0,0,93200.0,149897300.0,1.0,1593.0,1618.0,1586.0,1615.0,93200.0
2021-12-06,20010,1619.0,1621.0,1607.0,1607.0,0,0,102300.0,164938600.0,1.0,1619.0,1621.0,1607.0,1607.0,102300.0
2021-12-07,20010,1615.0,1650.0,1609.0,1642.0,0,0,104100.0,170067800.0,1.0,1615.0,1650.0,1609.0,1642.0,104100.0
2021-12-08,20010,1650.0,1650.0,1631.0,1632.0,0,0,82400.0,134918800.0,1.0,1650.0,1650.0,1631.0,1632.0,82400.0
2021-12-09,20010,1632.0,1643.0,1625.0,1633.0,0,0,61300.0,100058900.0,1.0,1632.0,1643.0,1625.0,1633.0,61300.0
2021-12-10,20010,1640.0,1640.0,1620.0,1636.0,0,0,86700.0,141873000.0,1.0,1640.0,1640.0,1620.0,1636.0,86700.0
2021-12-13,20010,1640.0,1641.0,1627.0,1636.0,0,0,62300.0,101844100.0,1.0,1640.0,1641.0,1627.0,1636.0,62300.0
2021-12-14,20010,1637.0,1645.0,1631.0,1642.0,0,0,50900.0,83486200.0,1.0,1637.0,1645.0,1631.0,1642.0,50900.0
2021-12-15,20010,1641.0,1657.0,1640.0,1653.0,0,0,66100.0,109173400.0,1.0,1641.0,1657.0,1640.0,1653.0,66100.0
2021-12-16,20010,1660.0,1669.0,1654.0,1668.0,0,0,91100.0,151545400.0,1.0,1660.0,1669.0,1654.0,1668.0,91100.0
2021-12-17,20010,1665.0,1668.0,1638.0,1647.0,0,0,114500.0,188772100.0,1.0,1665.0,1668.0,1638.0,1647.0,114500.0
2021-12-20,20010,1627.0,1647.0,1627.0,1639.0,0,0,73600.0,120430700.0,1.0,1627.0,1647.0,1627.0,1639.0,73600.0
2021-12-21,20010,1641.0,1649.0,1632.0,1641.0,0,0,75600.0,124086700.0,1.0,1641.0,1649.0,1632.0,1641.0,75600.0
2021-12-22,20010,1638.0,1640.0,1623.0,1628.0,0,0,63000.0,102713800.0,1.0,1638.0,1640.0,1623.0,1628.0,63000.0
2021-12-23,20010,1637.0,1637.0,1618.0,1624.0,0,0,35000.0,56834100.0,1.0,1637.0,1637.0,1618.0,1624.0,35000.0
2021-12-24,20010,1625.0,1625.0,1613.0,1613.0,0,0,34000.0,55039800.0,1.0,1625.0,1625.0,1613.0,1613.0,34000.0
2021-12-27,20010,1614.0,1622.0,1610.0,1620.0,0,0,58200.0,94190200.0,1.0,1614.0,1622.0,1610.0,1620.0,58200.0
2021-12-28,20010,1633.0,1644.0,1619.0,1642.0,0,0,63700.0,104293300.0,1.0,1633.0,1644.0,1619.0,1642.0,63700.0
2021-12-29,20010,1678.0,1681.0,1656.0,1665.0,0,0,111700.0,186287500.0,1.0,1678.0,1681.0,1656.0,1665.0,111700.0
2021-12-30,20010,1653.0,1675.0,1652.0,1656.0,0,0,41700.0,69267100.0,1.0,1653.0,1675.0,1652.0,1656.0,41700.0
2022-01-04,20010,1673.0,1673.0,1652.0,1658.0,0,0,98400.0,163355000.0,1.0,1673.0,1673.0,1652.0,1658.0,98400.0
2022-01-05,20010,1668.0,1678.0,1654.0,1672.0,0,0,92200.0,153893900.0,1.0,1668.0,1678.0,1654.0,1672.0,92200.0
2022-01-06,20010,1658.0,1674.0,1655.0,1660.0,0,0,81600.0,135710200.0,1.0,1658.0,1674.0,1655.0,1660.0,81600.0
2022-01-07,20010,1670.0,1670.0,1655.0,1655.0,0,0,140800.0,234262100.0,1.0,1670.0,1670.0,1655.0,1655.0,140800.0
2022-01-11,20010,1661.0,1661.0,1630.0,1642.0,0,0,72000.0,118175300.0,1.0,1661.0,1661.0,1630.0,1642.0,72000.0
2022-01-12,20010,1646.0,1655.0,1640.0,1650.0,0,0,62000.0,102268300.0,1.0,1646.0,1655.0,1640.0,1650.0,62000.0
2022-01-13,20010,1650.0,1650.0,1631.0,1633.0,0,0,63000.0,103201000.0,1.0,1650.0,1650.0,1631.0,1633.0,63000.0
2022-01-14,20010,1635.0,1643.0,1629.0,1640.0,0,0,101800.0,166702700.0,1.0,1635.0,1643.0,1629.0,1640.0,101800.0
2022-01-17,20010,1645.0,1656.0,1629.0,1634.0,0,0,52400.0,85869100.0,1.0,1645.0,1656.0,1629.0,1634.0,52400.0
2022-01-18,20010,1649.0,1649.0,1620.0,1620.0,0,0,59200.0,96438300.0,1.0,1649.0,1649.0,1620.0,1620.0,59200.0
2022-01-19,20010,1615.0,1620.0,1601.0,1610.0,0,0,128300.0,206365500.0,1.0,1615.0,1620.0,1601.0,1610.0,128300.0
2022-01-20,20010,1605.0,1626.0,1605.0,1609.0,0,0,115400.0,186340100.0,1.0,1605.0,1626.0,1605.0,1609.0,115400.0
2022-01-21,20010,1604.0,1619.0,1602.0,1615.0,0,0,176600.0,284492700.0,1.0,1604.0,1619.0,1602.0,1615.0,176600.0
2022-01-24,20010,1608.0,1657.0,1608.0,1656.0,0,0,106400.0,174648300.0,1.0,1608.0,1657.0,1608.0,1656.0,106400.0
2022-01-25,20010,1647.0,1669.0,1634.0,1666.0,0,0,119900.0,198775900.0,1.0,1647.0,1669.0,1634.0,1666.0,119900.0
2022-01-26,20010,1670.0,1677.0,1656.0,1663.0,0,0,99900.0,166350600.0,1.0,1670.0,1677.0,1656.0,1663.0,99900.0
2022-01-27,20010,1676.0,1676.0,1655.0,1664.0,0,0,112200.0,186555800.0,1.0,1676.0,1676.0,1655.0,1664.0,112200.0
2022-01-28,20010,1679.0,1690.0,1668.0,1676.0,0,0,141100.0,236804900.0,1.0,1679.0,1690.0,1668.0,1676.0,141100.0
2022-01-31,20010,1679.0,1694.0,1674.0,1681.0,0,0,112100.0,188599500.0,1.0,1679.0,1694.0,1674.0,1681.0,112100.0
2022-02-01,20010,1676.0,1678.0,1662.0,1662.0,0,0,66600.0,111094900.0,1.0,1676.0,1678.0,1662.0,1662.0,66600.0
2022-02-02,20010,1662.0,1677.0,1652.0,1665.0,0,0,102400.0,170751500.0,1.0,1662.0,1677.0,1652.0,1665.0,102400.0
2022-02-03,20010,1650.0,1667.0,1644.0,1647.0,0,0,123600.0,204185900.0,1.0,1650.0,1667.0,1644.0,1647.0,123600.0
2022-02-04,20010,1660.0,1678.0,1654.0,1675.0,0,0,113100.0,188683900.0,1.0,1660.0,1678.0,1654.0,1675.0,113100.0
2022-02-07,20010,1663.0,1681.0,1658.0,1677.0,0,0,74500.0,124492300.0,1.0,1663.0,1681.0,1658.0,1677.0,74500.0
2022-02-08,20010,1678.0,1691.0,1676.0,1688.0,0,0,61300.0,103375600.0,1.0,1678.0,1691.0,1676.0,1688.0,61300.0
2022-02-09,20010,1690.0,1693.0,1674.0,1678.0,0,0,72200.0,121489400.0,1.0,1690.0,1693.0,1674.0,1678.0,72200.0
2022-02-10,20010,1682.0,1690.0,1672.0,1682.0,0,0,104800.0,176348200.0,1.0,1682.0,1690.0,1672.0,1682.0,104800.0
2022-02-14,20010,1670.0,1700.0,1665.0,1695.0,0,0,115200.0,194185200.0,1.0,1670.0,1700.0,1665.0,1695.0,115200.0
2022-02-15,20010,1699.0,1712.0,1694.0,1706.0,0,0,99900.0,170236300.0,1.0,1699.0,1712.0,1694.0,1706.0,99900.0
2022-02-16,20010,1712.0,1716.0,1695.0,1700.0,0,0,87000.0,148404500.0,1.0,1712.0,1716.0,1695.0,1700.0,87000.0
2022-02-17,20010,1712.0,1712.0,1686.0,1702.0,0,0,52200.0,88640300.0,1.0,1712.0,1712.0,1686.0,1702.0,52200.0
2022-02-18,20010,1697.0,1703.0,1694.0,1696.0,0,0,57600.0,97775600.0,1.0,1697.0,1703.0,1694.0,1696.0,57600.0
2022-02-21,20010,1686.0,1696.0,1684.0,1696.0,0,0,46800.0,79177600.0,1.0,1686.0,1696.0,1684.0,1696.0,46800.0
2022-02-22,20010,1695.0,1695.0,1677.0,1690.0,0,0,89100.0,150427500.0,1.0,1695.0,1695.0,1677.0,1690.0,89100.0
2022-02-24,20010,1691.0,1704.0,1674.0,1703.0,0,0,134600.0,227235300.0,1.0,1691.0,1704.0,1674.0,1703.0,134600.0
2022-02-25,20010,1691.0,1691.0,1670.0,1674.0,0,0,89000.0,149383900.0,1.0,1691.0,1691.0,1670.0,1674.0,89000.0
2022-02-28,20010,1689.0,1711.0,1683.0,1707.0,0,0,178000.0,302703500.0,1.0,1689.0,1711.0,1683.0,1707.0,178000.0
2022-03-01,20010,1710.0,1717.0,1689.0,1691.0,0,0,118200.0,200885100.0,1.0,1710.0,1717.0,1689.0,1691.0,118200.0
2022-03-02,20010,1674.0,1677.0,1651.0,1653.0,0,0,123300.0,204660500.0,1.0,1674.0,1677.0,1651.0,1653.0,123300.0
2022-03-03,20010,1662.0,1680.0,1654.0,1666.0,0,0,130400.0,217604900.0,1.0,1662.0,1680.0,1654.0,1666.0,130400.0
2022-03-04,20010,1660.0,1675.0,1654.0,1659.0,0,0,122100.0,203075500.0,1.0,1660.0,1675.0,1654.0,1659.0,122100.0
2022-03-07,20010,1640.0,1656.0,1622.0,1653.0,0,0,192600.0,316652100.0,1.0,1640.0,1656.0,1622.0,1653.0,192600.0
2022-03-08,20010,1663.0,1675.0,1650.0,1659.0,0,0,146700.0,243665700.0,1.0,1663.0,1675.0,1650.0,1659.0,146700.0
2022-03-09,20010,1653.0,1665.0,1641.0,1649.0,0,0,145900.0,240892400.0,1.0,1653.0,1665.0,1641.0,1649.0,145900.0
2022-03-10,20010,1665.0,1692.0,1655.0,1686.0,0,0,141900.0,238250900.0,1.0,1665.0,1692.0,1655.0,1686.0,141900.0
2022-03-11,20010,1676.0,1696.0,1676.0,1683.0,0,0,103700.0,174591300.0,1.0,1676.0,1696.0,1676.0,1683.0,103700.0
2022-03-14,20010,1691.0,1710.0,1684.0,1697.0,0,0,138400.0,235062600.0,1.0,1691.0,1710.0,1684.0,1697.0,138400.0
2022-03-15,20010,1707.0,1718.0,1698.0,1709.0,0,0,135800.0,232200500.0,1.0,1707.0,1718.0,1698.0,1709.0,135800.0
2022-03-16,20010,1710.0,1721.0,1700.0,1708.0,0,0,142700.0,244303000.0,1.0,1710.0,1721.0,1700.0,1708.0,142700.0
2022-03-17,20010,1710.0,1717.0,1693.0,1709.0,0,0,155300.0,265001300.0,1.0,1710.0,1717.0,1693.0,1709.0,155300.0
2022-03-18,20010,1716.0,1727.0,1698.0,1718.0,0,0,234700.0,402394400.0,1.0,1716.0,1727.0,1698.0,1718.0,234700.0
2022-03-22,20010,1730.0,1733.0,1705.0,1705.0,0,0,178800.0,306974900.0,1.0,1730.0,1733.0,1705.0,1705.0,178800.0
2022-03-23,20010,1711.0,1724.0,1697.0,1724.0,0,0,152700.0,262079200.0,1.0,1711.0,1724.0,1697.0,1724.0,152700.0
2022-03-24,20010,1716.0,1720.0,1698.0,1709.0,0,0,122500.0,209383900.0,1.0,1716.0,1720.0,1698.0,1709.0,122500.0
2022-03-25,20010,1724.0,1727.0,1715.0,1723.0,0,0,140000.0,241177800.0,1.0,1724.0,1727.0,1715.0,1723.0,140000.0
2022-03-28,20010,1732.0,1750.0,1725.0,1740.0,0,0,182000.0,316442900.0,1.0,1732.0,1750.0,1725.0,1740.0,182000.0
2022-03-29,20010,1740.0,1740.0,1718.0,1733.0,0,0,301700.0,522077200.0,1.0,1740.0,1740.0,1718.0,1733.0,301700.0
2022-03-30,20010,1710.0,1710.0,1664.0,1688.0,0,0,200700.0,338287000.0,1.0,1710.0,1710.0,1664.0,1688.0,200700.0
2022-03-31,20010,1681.0,1692.0,1655.0,1663.0,0,0,193800.0,323357800.0,1.0,1681.0,1692.0,1655.0,1663.0,193800.0
2022-04-01,20010,1654.0,1666.0,1651.0,1666.0,0,0,146000.0,242235300.0,1.0,1654.0,1666.0,1651.0,1666.0,146000.0
2022-04-04,20010,1662.0,1675.0,1658.0,1672.0,0,0,84200.0,140573400.0,1.0,1662.0,1675.0,1658.0,1672.0,84200.0
2022-04-05,20010,1673.0,1676.0,1654.0,1664.0,0,0,132800.0,220742200.0,1.0,1673.0,1676.0,1654.0,1664.0,132800.0
2022-04-06,20010,1660.0,1666.0,1633.0,1636.0,0,0,146600.0,240794000.0,1.0,1660.0,1666.0,1633.0,1636.0,146600.0
2022-04-07,20010,1615.0,1638.0,1608.0,1638.0,0,0,145000.0,235845800.0,1.0,1615.0,1638.0,1608.0,1638.0,145000.0
2022-04-08,20010,1650.0,1670.0,1640.0,1669.0,0,0,236500.0,392547500.0,1.0,1650.0,1670.0,1640.0,1669.0,236500.0
2022-04-11,20010,1650.0,1675.0,1642.0,1670.0,0,0,159100.0,263982000.0,1.0,1650.0,1675.0,1642.0,1670.0,159100.0
2022-04-12,20010,1685.0,1685.0,1664.0,1666.0,0,0,171100.0,285911000.0,1.0,1685.0,1685.0,1664.0,1666.0,171100.0
2022-04-13,20010,1674.0,1674.0,1655.0,1671.0,0,0,127800.0,213081100.0,1.0,1674.0,1674.0,1655.0,1671.0,127800.0
2022-04-14,20010,1660.0,1672.0,1659.0,1665.0,0,0,71900.0,119712200.0,1.0,1660.0,1672.0,1659.0,1665.0,71900.0
2022-04-15,20010,1658.0,1668.0,1657.0,1659.0,0,0,60700.0,100873200.0,1.0,1658.0,1668.0,1657.0,1659.0,60700.0
2022-04-18,20010,1639.0,1654.0,1628.0,1648.0,0,0,82000.0,134719600.0,1.0,1639.0,1654.0,1628.0,1648.0,82000.0
2022-04-19,20010,1648.0,1652.0,1636.0,1647.0,0,0,78600.0,129331800.0,1.0,1648.0,1652.0,1636.0,1647.0,78600.0
2022-04-20,20010,1661.0,1669.0,1650.0,1666.0,0,0,125600.0,208637700.0,1.0,1661.0,1669.0,1650.0,1666.0,125600.0
2022-04-21,20010,1674.0,1683.0,1661.0,1664.0,0,0,98700.0,164664300.0,1.0,1674.0,1683.0,1661.0,1664.0,98700.0
2022-04-22,20010,1652.0,1672.0,1651.0,1669.0,0,0,96900.0,161246800.0,1.0,1652.0,1672.0,1651.0,1669.0,96900.0
2022-04-25,20010,1666.0,1670.0,1652.0,1670.0,0,0,91800.0,152771900.0,1.0,1666.0,1670.0,1652.0,1670.0,91800.0
2022-04-26,20010,1675.0,1697.0,1669.0,1682.0,0,0,130700.0,220338800.0,1.0,1675.0,1697.0,1669.0,1682.0,130700.0
2022-04-27,20010,1678.0,1682.0,1642.0,1651.0,0,0,403500.0,667914200.0,1.0,1678.0,1682.0,1642.0,1651.0,403500.0
2022-04-28,20010,1651.0,1691.0,1648.0,1690.0,0,0,112900.0,189650300.0,1.0,1651.0,1691.0,1648.0,1690.0,112900.0
2022-05-02,20010,1697.0,1706.0,1679.0,1692.0,0,0,86100.0,145605000.0,1.0,1697.0,1706.0,1679.0,1692.0,86100.0
2022-05-06,20010,1710.0,1714.0,1696.0,1703.0,0,0,136100.0,231911300.0,1.0,1710.0,1714.0,1696.0,1703.0,136100.0
2022-05-09,20010,1710.0,1710.0,1684.0,1684.0,0,0,119500.0,202580500.0,1.0,1710.0,1710.0,1684.0,1684.0,119500.0
2022-05-10,20010,1675.0,1710.0,1675.0,1699.0,0,0,158200.0,267887400.0,1.0,1675.0,1710.0,1675.0,1699.0,158200.0
2022-05-11,20010,1686.0,1694.0,1671.0,1690.0,0,0,148800.0,250828300.0,1.0,1686.0,1694.0,1671.0,1690.0,148800.0
2022-05-12,20010,1689.0,1698.0,1682.0,1687.0,0,0,122400.0,206598100.0,1.0,1689.0,1698.0,1682.0,1687.0,122400.0
2022-05-13,20010,1684.0,1687.0,1660.0,1681.0,0,0,134400.0,225377200.0,1.0,1684.0,1687.0,1660.0,1681.0,134400.0
2022-05-16,20010,1695.0,1695.0,1617.0,1618.0,0,0,208000.0,339667000.0,1.0,1695.0,1695.0,1617.0,1618.0,208000.0
2022-05-17,20010,1636.0,1649.0,1615.0,1621.0,0,0,191800.0,311809700.0,1.0,1636.0,1649.0,1615.0,1621.0,191800.0
2022-05-18,20010,1624.0,1624.0,1605.0,1610.0,0,0,179600.0,289541000.0,1.0,1624.0,1624.0,1605.0,1610.0,179600.0
2022-05-19,20010,1585.0,1614.0,1583.0,1614.0,0,0,160000.0,255938900.0,1.0,1585.0,1614.0,1583.0,1614.0,160000.0
2022-05-20,20010,1611.0,1614.0,1583.0,1586.0,0,0,202800.0,323034300.0,1.0,1611.0,1614.0,1583.0,1586.0,202800.0
2022-05-23,20010,1598.0,1617.0,1592.0,1599.0,0,0,109800.0,175977500.0,1.0,1598.0,1617.0,1592.0,1599.0,109800.0
2022-05-24,20010,1590.0,1602.0,1587.0,1599.0,0,0,90700.0,144647500.0,1.0,1590.0,1602.0,1587.0,1599.0,90700.0
2022-05-25,20010,1602.0,1607.0,1586.0,1590.0,0,0,102800.0,163668900.0,1.0,1602.0,1607.0,1586.0,1590.0,102800.0
2022-05-26,20010,1585.0,1597.0,1577.0,1581.0,0,0,115200.0,182520200.0,1.0,1585.0,1597.0,1577.0,1581.0,115200.0
2022-05-27,20010,1578.0,1578.0,1552.0,1567.0,0,0,159400.0,249256200.0,1.0,1578.0,1578.0,1552.0,1567.0,159400.0
2022-05-30,20010,1567.0,1608.0,1565.0,1604.0,0,0,526800.0,842665800.0,1.0,1567.0,1608.0,1565.0,1604.0,526800.0
2022-05-31,20010,1606.0,1609.0,1561.0,1562.0,0,0,210600.0,331409900.0,1.0,1606.0,1609.0,1561.0,1562.0,210600.0
2022-06-01,20010,1568.0,1597.0,1568.0,1587.0,0,0,123000.0,195182800.0,1.0,1568.0,1597.0,1568.0,1587.0,123000.0
2022-06-02,20010,1580.0,1583.0,1564.0,1569.0,0,0,101900.0,160056400.0,1.0,1580.0,1583.0,1564.0,1569.0,101900.0
2022-06-03,20010,1569.0,1577.0,1561.0,1563.0,0,0,115400.0,180693800.0,1.0,1569.0,1577.0,1561.0,1563.0,115400.0
2022-06-06,20010,1560.0,1573.0,1558.0,1572.0,0,0,129600.0,203306900.0,1.0,1560.0,1573.0,1558.0,1572.0,129600.0
2022-06-07,20010,1570.0,1576.0,1568.0,1572.0,0,0,91300.0,143511200.0,1.0,1570.0,1576.0,1568.0,1572.0,91300.0
2022-06-08,20010,1578.0,1589.0,1572.0,1576.0,0,0,121200.0,191459100.0,1.0,1578.0,1589.0,1572.0,1576.0,121200.0
2022-06-09,20010,1570.0,1574.0,1561.0,1562.0,0,0,133500.0,208933900.0,1.0,1570.0,1574.0,1561.0,1562.0,133500.0
2022-06-10,20010,1557.0,1569.0,1555.0,1555.0,0,0,170800.0,266279100.0,1.0,1557.0,1569.0,1555.0,1555.0,170800.0
2022-06-13,20010,1555.0,1571.0,1555.0,1568.0,0,0,128000.0,200044500.0,1.0,1555.0,1571.0,1555.0,1568.0,128000.0
2022-06-14,20010,1565.0,1575.0,1559.0,1567.0,0,0,127900.0,200319200.0,1.0,1565.0,1575.0,1559.0,1567.0,127900.0
2022-06-15,20010,1567.0,1574.0,1559.0,1559.0,0,0,129800.0,202912500.0,1.0,1567.0,1574.0,1559.0,1559.0,129800.0
2022-06-16,20010,1570.0,1588.0,1569.0,1585.0,0,0,135500.0,214324400.0,1.0,1570.0,1588.0,1569.0,1585.0,135500.0
2022-06-17,20010,1582.0,1599.0,1573.0,1598.0,0,0,170600.0,271489600.0,1.0,1582.0,1599.0,1573.0,1598.0,170600.0
2022-06-20,20010,1607.0,1609.0,1586.0,1590.0,0,0,108500.0,173149600.0,1.0,1607.0,1609.0,1586.0,1590.0,108500.0
2022-06-21,20010,1590.0,1596.0,1575.0,1585.0,0,0,131200.0,207839300.0,1.0,1590.0,1596.0,1575.0,1585.0,131200.0
2022-06-22,20010,1584.0,1600.0,1578.0,1593.0,0,0,109200.0,173767000.0,1.0,1584.0,1600.0,1578.0,1593.0,109200.0
2022-06-23,20010,1593.0,1610.0,1590.0,1608.0,0,0,84500.0,135441900.0,1.0,1593.0,1610.0,1590.0,1608.0,84500.0
2022-06-24,20010,1609.0,1612.0,1590.0,1611.0,0,0,90800.0,145672700.0,1.0,1609.0,1612.0,1590.0,1611.0,90800.0
2022-06-27,20010,1620.0,1620.0,1600.0,1609.0,0,0,91000.0,146451300.0,1.0,1620.0,1620.0,1600.0,1609.0,91000.0
2022-06-28,20010,1605.0,1633.0,1600.0,1633.0,0,0,158200.0,257360600.0,1.0,1605.0,1633.0,1600.0,1633.0,158200.0
2022-06-29,20010,1624.0,1636.0,1619.0,1622.0,0,0,394800.0,641276700.0,1.0,1624.0,1636.0,1619.0,1622.0,394800.0
2022-06-30,20010,1644.0,1648.0,1627.0,1632.0,0,0,111200.0,181946100.0,1.0,1644.0,1648.0,1627.0,1632.0,111200.0
2022-07-01,20010,1631.0,1645.0,1612.0,1618.0,0,0,115700.0,187661300.0,1.0,1631.0,1645.0,1612.0,1618.0,115700.0
2022-07-04,20010,1630.0,1638.0,1616.0,1636.0,0,0,91000.0,148443500.0,1.0,1630.0,1638.0,1616.0,1636.0,91000.0
2022-07-05,20010,1631.0,1635.0,1619.0,1620.0,0,0,81300.0,132008400.0,1.0,1631.0,1635.0,1619.0,1620.0,81300.0
2022-07-06,20010,1615.0,1635.0,1613.0,1633.0,0,0,98800.0,160777400.0,1.0,1615.0,1635.0,1613.0,1633.0,98800.0
2022-07-07,20010,1640.0,1663.0,1637.0,1654.0,0,0,130300.0,215504100.0,1.0,1640.0,1663.0,1637.0,1654.0,130300.0
2022-07-08,20010,1662.0,1667.0,1640.0,1650.0,0,0,247700.0,409968400.0,1.0,1662.0,1667.0,1640.0,1650.0,247700.0
2022-07-11,20010,1650.0,1668.0,1650.0,1662.0,0,0,95200.0,158216700.0,1.0,1650.0,1668.0,1650.0,1662.0,95200.0
2022-07-12,20010,1651.0,1661.0,1644.0,1655.0,0,0,106300.0,175672900.0,1.0,1651.0,1661.0,1644.0,1655.0,106300.0
2022-07-13,20010,1660.0,1664.0,1655.0,1655.0,0,0,69900.0,115904000.0,1.0,1660.0,1664.0,1655.0,1655.0,69900.0
2022-07-14,20010,1655.0,1655.0,1640.0,1640.0,0,0,75900.0,124761800.0,1.0,1655.0,1655.0,1640.0,1640.0,75900.0
2022-07-15,20010,1643.0,1648.0,1629.0,1646.0,0,0,88100.0,144644200.0,1.0,1643.0,1648.0,1629.0,1646.0,88100.0
2022-07-19,20010,1646.0,1646.0,1618.0,1624.0,0,0,83100.0,135224100.0,1.0,1646.0,1646.0,1618.0,1624.0,83100.0
2022-07-20,20010,1637.0,1637.0,1627.0,1636.0,0,0,125900.0,205705300.0,1.0,1637.0,1637.0,1627.0,1636.0,125900.0
2022-07-21,20010,1615.0,1630.0,1615.0,1626.0,0,0,105200.0,170884500.0,1.0,1615.0,1630.0,1615.0,1626.0,105200.0
2022-07-22,20010,1619.0,1633.0,1616.0,1628.0,0,0,131500.0,213788800.0,1.0,1619.0,1633.0,1616.0,1628.0,131500.0
2022-07-25,20010,1630.0,1639.0,1622.0,1631.0,0,0,183900.0,299755900.0,1.0,1630.0,1639.0,1622.0,1631.0,183900.0
2022-07-26,20010,1629.0,1635.0,1620.0,1627.0,0,0,81100.0,131968100.0,1.0,1629.0,1635.0,1620.0,1627.0,81100.0
2022-07-27,20010,1627.0,1633.0,1618.0,1618.0,0,0,58600.0,95104800.0,1.0,1627.0,1633.0,1618.0,1618.0,58600.0
2022-07-28,20010,1623.0,1626.0,1612.0,1620.0,0,0,97700.0,158244700.0,1.0,1623.0,1626.0,1612.0,1620.0,97700.0
2022-07-29,20010,1615.0,1619.0,1595.0,1604.0,0,0,103200.0,165517200.0,1.0,1615.0,1619.0,1595.0,1604.0,103200.0
2022-08-01,20010,1610.0,1621.0,1606.0,1621.0,0,0,82300.0,133087100.0,1.0,1610.0,1621.0,1606.0,1621.0,82300.0
2022-08-02,20010,1625.0,1625.0,1595.0,1596.0,0,0,127000.0,203474500.0,1.0,1625.0,1625.0,1595.0,1596.0,127000.0
2022-08-03,20010,1607.0,1608.0,1587.0,1592.0,0,0,94600.0,150664800.0,1.0,1607.0,1608.0,1587.0,1592.0,94600.0
2022-08-04,20010,1605.0,1605.0,1580.0,1580.0,0,0,75600.0,119851500.0,1.0,1605.0,1605.0,1580.0,1580.0,75600.0
2022-08-05,20010,1561.0,1591.0,1561.0,1591.0,0,0,142200.0,224372300.0,1.0,1561.0,1591.0,1561.0,1591.0,142200.0
2022-08-08,20010,1590.0,1598.0,1581.0,1592.0,0,0,91300.0,145166400.0,1.0,1590.0,1598.0,1581.0,1592.0,91300.0
2022-08-09,20010,1594.0,1604.0,1577.0,1577.0,0,0,108500.0,171697100.0,1.0,1594.0,1604.0,1577.0,1577.0,108500.0
2022-08-10,20010,1585.0,1595.0,1577.0,1587.0,0,0,90300.0,143315200.0,1.0,1585.0,1595.0,1577.0,1587.0,90300.0
2022-08-12,20010,1589.0,1607.0,1587.0,1600.0,0,0,96400.0,154035600.0,1.0,1589.0,1607.0,1587.0,1600.0,96400.0
2022-08-15,20010,1600.0,1601.0,1589.0,1599.0,0,0,62700.0,100054900.0,1.0,1600.0,1601.0,1589.0,1599.0,62700.0
2022-08-16,20010,1605.0,1608.0,1596.0,1600.0,0,0,54400.0,87049000.0,1.0,1605.0,1608.0,1596.0,1600.0,54400.0
2022-08-17,20010,1605.0,1612.0,1593.0,1600.0,0,0,89600.0,143335100.0,1.0,1605.0,1612.0,1593.0,1600.0,89600.0
2022-08-18,20010,1600.0,1600.0,1581.0,1585.0,0,0,118000.0,187370200.0,1.0,1600.0,1600.0,1581.0,1585.0,118000.0
2022-08-19,20010,1592.0,1595.0,1587.0,1588.0,0,0,64200.0,102130300.0,1.0,1592.0,1595.0,1587.0,1588.0,64200.0
2022-08-22,20010,1590.0,1598.0,1586.0,1595.0,0,0,49600.0,79049700.0,1.0,1590.0,1598.0,1586.0,1595.0,49600.0
2022-08-23,20010,1590.0,1591.0,1580.0,1586.0,0,0,85700.0,135893100.0,1.0,1590.0,1591.0,1580.0,1586.0,85700.0
2022-08-24,20010,1589.0,1589.0,1580.0,1584.0,0,0,67600.0,107115400.0,1.0,1589.0,1589.0,1580.0,1584.0,67600.0
2022-08-25,20010,1589.0,1589.0,1580.0,1584.0,0,0,69300.0,109797800.0,1.0,1589.0,1589.0,1580.0,1584.0,69300.0
2022-08-26,20010,1590.0,1590.0,1583.0,1585.0,0,0,57200.0,90780400.0,1.0,1590.0,1590.0,1583.0,1585.0,57200.0
2022-08-29,20010,1576.0,1582.0,1568.0,1578.0,0,0,121300.0,191099700.0,1.0,1576.0,1582.0,1568.0,1578.0,121300.0
2022-08-30,20010,1587.0,1587.0,1578.0,1581.0,0,0,52600.0,83232900.0,1.0,1587.0,1587.0,1578.0,1581.0,52600.0
2022-08-31,20010,1571.0,1579.0,1570.0,1570.0,0,0,137000.0,215445500.0,1.0,1571.0,1579.0,1570.0,1570.0,137000.0
2022-09-01,20010,1568.0,1572.0,1557.0,1562.0,0,0,146500.0,228897200.0,1.0,1568.0,1572.0,1557.0,1562.0,146500.0
2022-09-02,20010,1560.0,1567.0,1557.0,1563.0,0,0,96100.0,150102000.0,1.0,1560.0,1567.0,1557.0,1563.0,96100.0
2022-09-05,20010,1558.0,1559.0,1551.0,1555.0,0,0,113000.0,175672300.0,1.0,1558.0,1559.0,1551.0,1555.0,113000.0
2022-09-06,20010,1555.0,1560.0,1550.0,1551.0,0,0,137100.0,212894900.0,1.0,1555.0,1560.0,1550.0,1551.0,137100.0
2022-09-07,20010,1550.0,1553.0,1537.0,1542.0,0,0,249300.0,385082100.0,1.0,1550.0,1553.0,1537.0,1542.0,249300.0
2022-09-08,20010,1553.0,1564.0,1551.0,1555.0,0,0,113500.0,176623300.0,1.0,1553.0,1564.0,1551.0,1555.0,113500.0
2022-09-09,20010,1560.0,1570.0,1553.0,1566.0,0,0,135600.0,212000300.0,1.0,1560.0,1570.0,1553.0,1566.0,135600.0
2022-09-12,20010,1575.0,1575.0,1560.0,1566.0,0,0,75800.0,118682400.0,1.0,1575.0,1575.0,1560.0,1566.0,75800.0
2022-09-13,20010,1567.0,1572.0,1560.0,1569.0,0,0,62200.0,97557300.0,1.0,1567.0,1572.0,1560.0,1569.0,62200.0
2022-09-14,20010,1558.0,1559.0,1543.0,1544.0,0,0,144200.0,223288800.0,1.0,1558.0,1559.0,1543.0,1544.0,144200.0
2022-09-15,20010,1548.0,1549.0,1538.0,1545.0,0,0,88000.0,135769900.0,1.0,1548.0,1549.0,1538.0,1545.0,88000.0
2022-09-16,20010,1541.0,1549.0,1539.0,1548.0,0,0,92700.0,143242100.0,1.0,1541.0,1549.0,1539.0,1548.0,92700.0
2022-09-20,20010,1556.0,1557.0,1546.0,1553.0,0,0,108600.0,168485300.0,1.0,1556.0,1557.0,1546.0,1553.0,108600.0
2022-09-21,20010,1545.0,1555.0,1543.0,1548.0,0,0,103900.0,160908000.0,1.0,1545.0,1555.0,1543.0,1548.0,103900.0
2022-09-22,20010,1545.0,1548.0,1538.0,1542.0,0,0,108300.0,167052900.0,1.0,1545.0,1548.0,1538.0,1542.0,108300.0
2022-09-26,20010,1537.0,1543.0,1532.0,1532.0,0,0,180900.0,277809600.0,1.0,1537.0,1543.0,1532.0,1532.0,180900.0
2022-09-27,20010,1530.0,1543.0,1530.0,1538.0,0,0,159700.0,245398100.0,1.0,1530.0,1543.0,1530.0,1538.0,159700.0
2022-09-28,20010,1537.0,1549.0,1537.0,1549.0,0,0,182700.0,282012600.0,1.0,1537.0,1549.0,1537.0,1549.0,182700.0
2022-09-29,20010,1540.0,1550.0,1526.0,1546.0,0,0,171000.0,263455400.0,1.0,1540.0,1550.0,1526.0,1546.0,171000.0
2022-09-30,20010,1551.0,1564.0,1548.0,1554.0,0,0,119700.0,186170500.0,1.0,1551.0,1564.0,1548.0,1554.0,119700.0
2022-10-03,20010,1545.0,1548.0,1530.0,1548.0,0,0,171300.0,264001000.0,1.0,1545.0,1548.0,1530.0,1548.0,171300.0
2022-10-04,20010,1558.0,1576.0,1556.0,1574.0,0,0,154200.0,242213600.0,1.0,1558.0,1576.0,1556.0,1574.0,154200.0
2022-10-05,20010,1580.0,1580.0,1562.0,1573.0,0,0,112600.0,176792500.0,1.0,1580.0,1580.0,1562.0,1573.0,112600.0
2022-10-06,20010,1573.0,1580.0,1568.0,1573.0,0,0,123100.0,193700800.0,1.0,1573.0,1580.0,1568.0,1573.0,123100.0
2022-10-07,20010,1552.0,1562.0,1551.0,1560.0,0,0,110800.0,172471800.0,1.0,1552.0,1562.0,1551.0,1560.0,110800.0
2022-10-11,20010,1549.0,1561.0,1546.0,1557.0,0,0,133000.0,206649100.0,1.0,1549.0,1561.0,1546.0,1557.0,133000.0
2022-10-12,20010,1558.0,1563.0,1543.0,1557.0,0,0,107800.0,167692100.0,1.0,1558.0,1563.0,1543.0,1557.0,107800.0
2022-10-13,20010,1558.0,1559.0,1548.0,1554.0,0,0,107500.0,166959500.0,1.0,1558.0,1559.0,1548.0,1554.0,107500.0
2022-10-14,20010,1575.0,1576.0,1561.0,1572.0,0,0,117900.0,185339000.0,1.0,1575.0,1576.0,1561.0,1572.0,117900.0
2022-10-17,20010,1572.0,1577.0,1567.0,1567.0,0,0,89300.0,140275400.0,1.0,1572.0,1577.0,1567.0,1567.0,89300.0
2022-10-18,20010,1575.0,1579.0,1570.0,1573.0,0,0,110000.0,173200800.0,1.0,1575.0,1579.0,1570.0,1573.0,110000.0
2022-10-19,20010,1565.0,1576.0,1561.0,1569.0,0,0,64100.0,100670000.0,1.0,1565.0,1576.0,1561.0,1569.0,64100.0
2022-10-20,20010,1568.0,1576.0,1566.0,1573.0,0,0,73100.0,114916300.0,1.0,1568.0,1576.0,1566.0,1573.0,73100.0
2022-10-21,20010,1566.0,1570.0,1558.0,1561.0,0,0,67000.0,104632100.0,1.0,1566.0,1570.0,1558.0,1561.0,67000.0
2022-10-24,20010,1561.0,1562.0,1546.0,1546.0,0,0,97500.0,151435500.0,1.0,1561.0,1562.0,1546.0,1546.0,97500.0
2022-10-25,20010,1548.0,1561.0,1548.0,1561.0,0,0,100200.0,155845100.0,1.0,1548.0,1561.0,1548.0,1561.0,100200.0
2022-10-26,20010,1561.0,1573.0,1561.0,1567.0,0,0,94700.0,148407500.0,1.0,1561.0,1573.0,1561.0,1567.0,94700.0
2022-10-27,20010,1573.0,1573.0,1554.0,1562.0,0,0,78300.0,122213100.0,1.0,1573.0,1573.0,1554.0,1562.0,78300.0
2022-10-28,20010,1552.0,1564.0,1549.0,1554.0,0,0,305800.0,475239700.0,1.0,1552.0,1564.0,1549.0,1554.0,305800.0
2022-10-31,20010,1556.0,1574.0,1556.0,1565.0,0,0,141400.0,221582300.0,1.0,1556.0,1574.0,1556.0,1565.0,141400.0
2022-11-01,20010,1573.0,1579.0,1559.0,1568.0,0,0,53000.0,83089100.0,1.0,1573.0,1579.0,1559.0,1568.0,53000.0
2022-11-02,20010,1568.0,1586.0,1562.0,1580.0,0,0,223100.0,351680500.0,1.0,1568.0,1586.0,1562.0,1580.0,223100.0
2022-11-04,20010,1580.0,1584.0,1552.0,1558.0,0,0,146500.0,228616700.0,1.0,1580.0,1584.0,1552.0,1558.0,146500.0
2022-11-07,20010,1575.0,1575.0,1554.0,1554.0,0,0,130000.0,202965600.0,1.0,1575.0,1575.0,1554.0,1554.0,130000.0
2022-11-08,20010,1554.0,1574.0,1549.0,1574.0,0,0,122800.0,192255100.0,1.0,1554.0,1574.0,1549.0,1574.0,122800.0
2022-11-09,20010,1577.0,1583.0,1562.0,1579.0,0,0,93200.0,146750900.0,1.0,1577.0,1583.0,1562.0,1579.0,93200.0
2022-11-10,20010,1579.0,1588.0,1574.0,1580.0,0,0,126100.0,199514600.0,1.0,1579.0,1588.0,1574.0,1580.0,126100.0
2022-11-11,20010,1600.0,1602.0,1572.0,1574.0,0,0,152500.0,241415400.0,1.0,1600.0,1602.0,1572.0,1574.0,152500.0
2022-11-14,20010,1571.0,1571.0,1553.0,1563.0,0,0,98500.0,153622600.0,1.0,1571.0,1571.0,1553.0,1563.0,98500.0
2022-11-15,20010,1563.0,1570.0,1558.0,1561.0,0,0,61800.0,96539400.0,1.0,1563.0,1570.0,1558.0,1561.0,61800.0
2022-11-16,20010,1560.0,1573.0,1558.0,1568.0,0,0,79300.0,124255800.0,1.0,1560.0,1573.0,1558.0,1568.0,79300.0
2022-11-17,20010,1572.0,1582.0,1561.0,1582.0,0,0,62300.0,98325100.0,1.0,1572.0,1582.0,1561.0,1582.0,62300.0
2022-11-18,20010,1588.0,1599.0,1586.0,1595.0,0,0,127600.0,203352300.0,1.0,1588.0,1599.0,1586.0,1595.0,127600.0
2022-11-21,20010,1600.0,1606.0,1588.0,1600.0,0,0,94800.0,151442200.0,1.0,1600.0,1606.0,1588.0,1600.0,94800.0
2022-11-22,20010,1609.0,1623.0,1609.0,1621.0,0,0,109500.0,177251700.0,1.0,1609.0,1623.0,1609.0,1621.0,109500.0
2022-11-24,20010,1631.0,1637.0,1623.0,1624.0,0,0,90500.0,147271100.0,1.0,1631.0,1637.0,1623.0,1624.0,90500.0
2022-11-25,20010,1626.0,1628.0,1621.0,1623.0,0,0,69700.0,113183200.0,1.0,1626.0,1628.0,1621.0,1623.0,69700.0
2022-11-28,20010,1627.0,1627.0,1604.0,1608.0,0,0,91100.0,146655800.0,1.0,1627.0,1627.0,1604.0,1608.0,91100.0
2022-11-29,20010,1600.0,1604.0,1591.0,1593.0,0,0,113200.0,180570300.0,1.0,1600.0,1604.0,1591.0,1593.0,113200.0
2022-11-30,20010,1592.0,1597.0,1586.0,1587.0,0,0,147200.0,233818400.0,1.0,1592.0,1597.0,1586.0,1587.0,147200.0
2022-12-01,20010,1583.0,1590.0,1574.0,1590.0,0,0,80800.0,127874100.0,1.0,1583.0,1590.0,1574.0,1590.0,80800.0
2022-12-02,20010,1584.0,1584.0,1560.0,1575.0,0,0,108700.0,170777700.0,1.0,1584.0,1584.0,1560.0,1575.0,108700.0
2022-12-05,20010,1573.0,1573.0,1562.0,1573.0,0,0,78100.0,122492700.0,1.0,1573.0,1573.0,1562.0,1573.0,78100.0
2022-12-06,20010,1563.0,1578.0,1563.0,1578.0,0,0,75100.0,118224500.0,1.0,1563.0,1578.0,1563.0,1578.0,75100.0
2022-12-07,20010,1575.0,1590.0,1574.0,1587.0,0,0,82500.0,130831800.0,1.0,1575.0,1590.0,1574.0,1587.0,82500.0
2022-12-08,20010,1594.0,1596.0,1585.0,1596.0,0,0,89800.0,142967200.0,1.0,1594.0,1596.0,1585.0,1596.0,89800.0
2022-12-09,20010,1600.0,1608.0,1593.0,1606.0,0,0,107900.0,172816900.0,1.0,1600.0,1608.0,1593.0,1606.0,107900.0
2022-12-12,20010,1604.0,1604.0,1590.0,1594.0,0,0,45900.0,73261700.0,1.0,1604.0,1604.0,1590.0,1594.0,45900.0
2022-12-13,20010,1596.0,1607.0,1592.0,1597.0,0,0,85000.0,136043800.0,1.0,1596.0,1607.0,1592.0,1597.0,85000.0
2022-12-14,20010,1599.0,1603.0,1590.0,1602.0,0,0,56000.0,89474600.0,1.0,1599.0,1603.0,1590.0,1602.0,56000.0
2022-12-15,20010,1593.0,1602.0,1589.0,1589.0,0,0,61800.0,98454500.0,1.0,1593.0,1602.0,1589.0,1589.0,61800.0
2022-12-16,20010,1588.0,1597.0,1580.0,1590.0,0,0,298200.0,473935400.0,1.0,1588.0,1597.0,1580.0,1590.0,298200.0
2022-12-19,20010,1587.0,1599.0,1587.0,1596.0,0,0,71000.0,113152500.0,1.0,1587.0,1599.0,1587.0,1596.0,71000.0
2022-12-20,20010,1596.0,1605.0,1580.0,1596.0,0,0,131800.0,209994600.0,1.0,1596.0,1605.0,1580.0,1596.0,131800.0
2022-12-21,20010,1600.0,1602.0,1587.0,1600.0,0,0,133000.0,212341700.0,1.0,1600.0,1602.0,1587.0,1600.0,133000.0
2022-12-22,20010,1605.0,1617.0,1594.0,1617.0,0,0,138900.0,223624700.0,1.0,1605.0,1617.0,1594.0,1617.0,138900.0
2022-12-23,20010,1617.0,1625.0,1612.0,1625.0,0,0,50400.0,81689600.0,1.0,1617.0,1625.0,1612.0,1625.0,50400.0
2022-12-26,20010,1630.0,1631.0,1616.0,1621.0,0,0,45300.0,73524600.0,1.0,1630.0,1631.0,1616.0,1621.0,45300.0
2022-12-27,20010,1630.0,1640.0,1624.0,1637.0,0,0,64700.0,105700300.0,1.0,1630.0,1640.0,1624.0,1637.0,64700.0
2022-12-28,20010,1638.0,1642.0,1633.0,1639.0,0,0,56300.0,92231600.0,1.0,1638.0,1642.0,1633.0,1639.0,56300.0
2022-12-29,20010,1639.0,1640.0,1618.0,1631.0,0,0,79000.0,128710800.0,1.0,1639.0,1640.0,1618.0,1631.0,79000.0
2022-12-30,20010,1630.0,1632.0,1620.0,1620.0,0,0,68700.0,111525400.0,1.0,1630.0,1632.0,1620.0,1620.0,68700.0
2023-01-04,20010,1624.0,1625.0,1593.0,1599.0,0,0,98500.0,157961800.0,1.0,1624.0,1625.0,1593.0,1599.0,98500.0
2023-01-05,20010,1590.0,1601.0,1583.0,1596.0,0,0,78300.0,124796900.0,1.0,1590.0,1601.0,1583.0,1596.0,78300.0
2023-01-06,20010,1595.0,1604.0,1593.0,1602.0,0,0,68800.0,110010900.0,1.0,1595.0,1604.0,1593.0,1602.0,68800.0
2023-01-10,20010,1607.0,1607.0,1584.0,1588.0,0,0,169300.0,269928100.0,1.0,1607.0,1607.0,1584.0,1588.0,169300.0
2023-01-11,20010,1589.0,1598.0,1577.0,1578.0,0,0,59800.0,94711000.0,1.0,1589.0,1598.0,1577.0,1578.0,59800.0
2023-01-12,20010,1575.0,1581.0,1570.0,1578.0,0,0,50800.0,80116200.0,1.0,1575.0,1581.0,1570.0,1578.0,50800.0
2023-01-13,20010,1572.0,1584.0,1572.0,1573.0,0,0,91900.0,144872300.0,1.0,1572.0,1584.0,1572.0,1573.0,91900.0
2023-01-16,20010,1568.0,1592.0,1568.0,1582.0,0,0,65800.0,104111700.0,1.0,1568.0,1592.0,1568.0,1582.0,65800.0
2023-01-17,20010,1585.0,1586.0,1576.0,1581.0,0,0,43500.0,68756600.0,1.0,1585.0,1586.0,1576.0,1581.0,43500.0
2023-01-18,20010,1581.0,1600.0,1579.0,1595.0,0,0,73000.0,116256400.0,1.0,1581.0,1600.0,1579.0,1595.0,73000.0
2023-01-19,20010,1590.0,1596.0,1585.0,1590.0,0,0,49100.0,78085600.0,1.0,1590.0,1596.0,1585.0,1590.0,49100.0
2023-01-20,20010,1590.0,1598.0,1589.0,1596.0,0,0,54900.0,87524200.0,1.0,1590.0,1598.0,1589.0,1596.0,54900.0
2023-01-23,20010,1598.0,1603.0,1592.0,1598.0,0,0,64700.0,103329500.0,1.0,1598.0,1603.0,1592.0,1598.0,64700.0
2023-01-24,20010,1600.0,1613.0,1598.0,1610.0,0,0,70600.0,113448900.0,1.0,1600.0,1613.0,1598.0,1610.0,70600.0
2023-01-25,20010,1610.0,1613.0,1603.0,1607.0,0,0,58400.0,93879400.0,1.0,1610.0,1613.0,1603.0,1607.0,58400.0
2023-01-26,20010,1609.0,1612.0,1598.0,1599.0,0,0,50800.0,81408800.0,1.0,1609.0,1612.0,1598.0,1599.0,50800.0
2023-01-27,20010,1601.0,1605.0,1595.0,1598.0,0,0,45800.0,73272900.0,1.0,1601.0,1605.0,1595.0,1598.0,45800.0
2023-01-30,20010,1599.0,1612.0,1599.0,1610.0,0,0,71900.0,115612100.0,1.0,1599.0,1612.0,1599.0,1610.0,71900.0
2023-01-31,20010,1612.0,1626.0,1611.0,1624.0,0,0,87500.0,141803800.0,1.0,1612.0,1626.0,1611.0,1624.0,87500.0
2023-02-01,20010,1634.0,1634.0,1605.0,1605.0,0,0,54600.0,88292900.0,1.0,1634.0,1634.0,1605.0,1605.0,54600.0
2023-02-02,20010,1605.0,1610.0,1596.0,1598.0,0,0,63500.0,101688000.0,1.0,1605.0,1610.0,1596.0,1598.0,63500.0
2023-02-03,20010,1593.0,1594.0,1578.0,1582.0,0,0,97100.0,153865500.0,1.0,1593.0,1594.0,1578.0,1582.0,97100.0
2023-02-06,20010,1595.0,1600.0,1578.0,1593.0,0,0,142400.0,226279300.0,1.0,1595.0,1600.0,1578.0,1593.0,142400.0
2023-02-07,20010,1593.0,1597.0,1588.0,1595.0,0,0,62600.0,99764600.0,1.0,1593.0,1597.0,1588.0,1595.0,62600.0
2023-02-08,20010,1597.0,1601.0,1592.0,1600.0,0,0,57000.0,91079100.0,1.0,1597.0,1601.0,1592.0,1600.0,57000.0
2023-02-09,20010,1592.0,1604.0,1592.0,1593.0,0,0,61800.0,98654500.0,1.0,1592.0,1604.0,1592.0,1593.0,61800.0
2023-02-10,20010,1592.0,1608.0,1589.0,1608.0,0,0,105800.0,169404100.0,1.0,1592.0,1608.0,1589.0,1608.0,105800.0
2023-02-13,20010,1608.0,1611.0,1598.0,1603.0,0,0,44700.0,71691600.0,1.0,1608.0,1611.0,1598.0,1603.0,44700.0
2023-02-14,20010,1612.0,1618.0,1607.0,1613.0,0,0,64200.0,103508200.0,1.0,1612.0,1618.0,1607.0,1613.0,64200.0
2023-02-15,20010,1620.0,1620.0,1606.0,1609.0,0,0,50700.0,81658600.0,1.0,1620.0,1620.0,1606.0,1609.0,50700.0
2023-02-16,20010,1609.0,1612.0,1594.0,1600.0,0,0,80200.0,128404000.0,1.0,1609.0,1612.0,1594.0,1600.0,80200.0
2023-02-17,20010,1598.0,1600.0,1592.0,1595.0,0,0,65700.0,104881500.0,1.0,1598.0,1600.0,1592.0,1595.0,65700.0
2023-02-20,20010,1600.0,1603.0,1594.0,1596.0,0,0,88100.0,140667800.0,1.0,1600.0,1603.0,1594.0,1596.0,88100.0
2023-02-21,20010,1596.0,1596.0,1593.0,1595.0,0,0,45300.0,72247700.0,1.0,1596.0,1596.0,1593.0,1595.0,45300.0
2023-02-22,20010,1591.0,1596.0,1589.0,1595.0,0,0,141800.0,225945900.0,1.0,1591.0,1596.0,1589.0,1595.0,141800.0
2023-02-24,20010,1601.0,1626.0,1601.0,1626.0,0,0,170100.0,275117400.0,1.0,1601.0,1626.0,1601.0,1626.0,170100.0
2023-02-27,20010,1623.0,1636.0,1621.0,1636.0,0,0,77900.0,127041400.0,1.0,1623.0,1636.0,1621.0,1636.0,77900.0
2023-02-28,20010,1637.0,1639.0,1617.0,1619.0,0,0,134200.0,218189800.0,1.0,1637.0,1639.0,1617.0,1619.0,134200.0
2023-03-01,20010,1616.0,1625.0,1614.0,1615.0,0,0,94000.0,152019100.0,1.0,1616.0,1625.0,1614.0,1615.0,94000.0
2023-03-02,20010,1623.0,1640.0,1621.0,1631.0,0,0,115000.0,187730300.0,1.0,1623.0,1640.0,1621.0,1631.0,115000.0
2023-03-03,20010,1640.0,1649.0,1629.0,1646.0,0,0,108400.0,178218600.0,1.0,1640.0,1649.0,1629.0,1646.0,108400.0
2023-03-06,20010,1649.0,1654.0,1639.0,1653.0,0,0,102500.0,169020600.0,1.0,1649.0,1654.0,1639.0,1653.0,102500.0
2023-03-07,20010,1657.0,1672.0,1653.0,1663.0,0,0,114400.0,190344500.0,1.0,1657.0,1672.0,1653.0,1663.0,114400.0
2023-03-08,20010,1665.0,1673.0,1663.0,1666.0,0,0,74400.0,124001200.0,1.0,1665.0,1673.0,1663.0,1666.0,74400.0
2023-03-09,20010,1669.0,1679.0,1667.0,1676.0,0,0,87600.0,146610200.0,1.0,1669.0,1679.0,1667.0,1676.0,87600.0
2023-03-10,20010,1663.0,1678.0,1663.0,1670.0,0,0,138300.0,230650400.0,1.0,1663.0,1678.0,1663.0,1670.0,138300.0
2023-03-13,20010,1670.0,1674.0,1650.0,1662.0,0,0,118000.0,195962200.0,1.0,1670.0,1674.0,1650.0,1662.0,118000.0
2023-03-14,20010,1643.0,1653.0,1630.0,1646.0,0,0,94900.0,155893000.0,1.0,1643.0,1653.0,1630.0,1646.0,94900.0
2023-03-15,20010,1648.0,1669.0,1647.0,1666.0,0,0,73900.0,122780800.0,1.0,1648.0,1669.0,1647.0,1666.0,73900.0
2023-03-16,20010,1646.0,1670.0,1646.0,1670.0,0,0,97500.0,162128000.0,1.0,1646.0,1670.0,1646.0,1670.0,97500.0
2023-03-17,20010,1670.0,1670.0,1655.0,1657.0,0,0,78200.0,129821200.0,1.0,1670.0,1670.0,1655.0,1657.0,78200.0
2023-03-20,20010,1650.0,1654.0,1642.0,1643.0,0,0,76400.0,125857800.0,1.0,1650.0,1654.0,1642.0,1643.0,76400.0
2023-03-22,20010,1646.0,1655.0,1645.0,1647.0,0,0,103600.0,170845400.0,1.0,1646.0,1655.0,1645.0,1647.0,103600.0
2023-03-23,20010,1647.0,1651.0,1641.0,1644.0,0,0,71300.0,117310800.0,1.0,1647.0,1651.0,1641.0,1644.0,71300.0
2023-03-24,20010,1635.0,1652.0,1635.0,1649.0,0,0,103000.0,169185300.0,1.0,1635.0,1652.0,1635.0,1649.0,103000.0
2023-03-27,20010,1665.0,1666.0,1655.0,1655.0,0,0,107000.0,177795100.0,1.0,1665.0,1666.0,1655.0,1655.0,107000.0
2023-03-28,20010,1655.0,1656.0,1645.0,1647.0,0,0,108000.0,178366200.0,1.0,1655.0,1656.0,1645.0,1647.0,108000.0
2023-03-29,20010,1653.0,1675.0,1653.0,1674.0,0,0,258100.0,429498100.0,1.0,1653.0,1675.0,1653.0,1674.0,258100.0
2023-03-30,20010,1649.0,1652.0,1638.0,1648.0,0,0,128400.0,211356300.0,1.0,1649.0,1652.0,1638.0,1648.0,128400.0
2023-03-31,20010,1660.0,1668.0,1651.0,1660.0,0,0,116600.0,193644200.0,1.0,1660.0,1668.0,1651.0,1660.0,116600.0
2023-04-03,20010,1665.0,1681.0,1662.0,1677.0,0,0,92800.0,155307900.0,1.0,1665.0,1681.0,1662.0,1677.0,92800.0
2023-04-04,20010,1682.0,1708.0,1678.0,1704.0,0,0,166100.0,281828600.0,1.0,1682.0,1708.0,1678.0,1704.0,166100.0
2023-04-05,20010,1706.0,1706.0,1682.0,1684.0,0,0,123200.0,208172200.0,1.0,1706.0,1706.0,1682.0,1684.0,123200.0
2023-04-06,20010,1683.0,1694.0,1676.0,1688.0,0,0,79300.0,133718600.0,1.0,1683.0,1694.0,1676.0,1688.0,79300.0
2023-04-07,20010,1688.0,1688.0,1667.0,1680.0,0,0,75200.0,126215600.0,1.0,1688.0,1688.0,1667.0,1680.0,75200.0
2023-04-10,20010,1681.0,1690.0,1673.0,1680.0,0,0,74300.0,124849100.0,1.0,1681.0,1690.0,1673.0,1680.0,74300.0
2023-04-11,20010,1687.0,1695.0,1677.0,1685.0,0,0,87900.0,148008400.0,1.0,1687.0,1695.0,1677.0,1685.0,87900.0
2023-04-12,20010,1690.0,1694.0,1681.0,1684.0,0,0,68100.0,114819300.0,1.0,1690.0,1694.0,1681.0,1684.0,68100.0
2023-04-13,20010,1685.0,1685.0,1676.0,1684.0,0,0,60000.0,100909600.0,1.0,1685.0,1685.0,1676.0,1684.0,60000.0
2023-04-14,20010,1689.0,1697.0,1683.0,1692.0,0,0,79500.0,134479400.0,1.0,1689.0,1697.0,1683.0,1692.0,79500.0
2023-04-17,20010,1693.0,1699.0,1685.0,1694.0,0,0,55200.0,93397600.0,1.0,1693.0,1699.0,1685.0,1694.0,55200.0
2023-04-18,20010,1693.0,1704.0,1693.0,1703.0,0,0,71400.0,121422000.0,1.0,1693.0,1704.0,1693.0,1703.0,71400.0
2023-04-19,20010,1705.0,1705.0,1692.0,1698.0,0,0,52700.0,89419300.0,1.0,1705.0,1705.0,1692.0,1698.0,52700.0
2023-04-20,20010,1695.0,1710.0,1691.0,1705.0,0,0,85300.0,145314900.0,1.0,1695.0,1710.0,1691.0,1705.0,85300.0
2023-04-21,20010,1706.0,1719.0,1699.0,1713.0,0,0,75500.0,129298100.0,1.0,1706.0,1719.0,1699.0,1713.0,75500.0
2023-04-24,20010,1724.0,1725.0,1713.0,1715.0,0,0,69400.0,119318300.0,1.0,1724.0,1725.0,1713.0,1715.0,69400.0
2023-04-25,20010,1717.0,1731.0,1717.0,1726.0,0,0,80100.0,138205800.0,1.0,1717.0,1731.0,1717.0,1726.0,80100.0
2023-04-26,20010,1727.0,1739.0,1721.0,1729.0,0,0,74600.0,129076400.0,1.0,1727.0,1739.0,1721.0,1729.0,74600.0
2023-04-27,20010,1730.0,1731.0,1721.0,1730.0,0,0,86200.0,148989200.0,1.0,1730.0,1731.0,1721.0,1730.0,86200.0
2023-04-28,20010,1744.0,1769.0,1744.0,1769.0,0,0,163400.0,287415600.0,1.0,1744.0,1769.0,1744.0,1769.0,163400.0
2023-05-01,20010,1773.0,1781.0,1771.0,1780.0,0,0,95100.0,168977400.0,1.0,1773.0,1781.0,1771.0,1780.0,95100.0
2023-05-02,20010,1783.0,1784.0,1758.0,1768.0,0,0,93100.0,164886500.0,1.0,1783.0,1784.0,1758.0,1768.0,93100.0
2023-05-08,20010,1777.0,1822.0,1770.0,1809.0,0,0,289100.0,522811600.0,1.0,1777.0,1822.0,1770.0,1809.0,289100.0
2023-05-09,20010,1810.0,1820.0,1801.0,1820.0,0,0,108000.0,195834100.0,1.0,1810.0,1820.0,1801.0,1820.0,108000.0
2023-05-10,20010,1822.0,1824.0,1768.0,1781.0,0,0,201700.0,360529000.0,1.0,1822.0,1824.0,1768.0,1781.0,201700.0
2023-05-11,20010,1772.0,1787.0,1771.0,1775.0,0,0,51700.0,91872300.0,1.0,1772.0,1787.0,1771.0,1775.0,51700.0
2023-05-12,20010,1791.0,1800.0,1760.0,1800.0,0,0,108500.0,194455500.0,1.0,1791.0,1800.0,1760.0,1800.0,108500.0
2023-05-15,20010,1810.0,1828.0,1801.0,1828.0,0,0,127100.0,231340300.0,1.0,1810.0,1828.0,1801.0,1828.0,127100.0
2023-05-16,20010,1827.0,1850.0,1820.0,1850.0,0,0,113100.0,208233800.0,1.0,1827.0,1850.0,1820.0,1850.0,113100.0
2023-05-17,20010,1850.0,1853.0,1826.0,1831.0,0,0,131300.0,241158100.0,1.0,1850.0,1853.0,1826.0,1831.0,131300.0
2023-05-18,20010,1836.0,1836.0,1804.0,1817.0,0,0,90400.0,164092600.0,1.0,1836.0,1836.0,1804.0,1817.0,90400.0
2023-05-19,20010,1820.0,1832.0,1811.0,1819.0,0,0,87900.0,160084500.0,1.0,1820.0,1832.0,1811.0,1819.0,87900.0
2023-05-22,20010,1819.0,1849.0,1819.0,1848.0,0,0,81800.0,150462500.0,1.0,1819.0,1849.0,1819.0,1848.0,81800.0
2023-05-23,20010,1843.0,1848.0,1817.0,1830.0,0,0,87000.0,159375900.0,1.0,1843.0,1848.0,1817.0,1830.0,87000.0
2023-05-24,20010,1827.0,1831.0,1818.0,1818.0,0,0,60000.0,109428400.0,1.0,1827.0,1831.0,1818.0,1818.0,60000.0
2023-05-25,20010,1815.0,1825.0,1808.0,1812.0,0,0,83100.0,150786000.0,1.0,1815.0,1825.0,1808.0,1812.0,83100.0
2023-05-26,20010,1816.0,1820.0,1804.0,1805.0,0,0,62700.0,113479200.0,1.0,1816.0,1820.0,1804.0,1805.0,62700.0
2023-05-29,20010,1816.0,1816.0,1796.0,1799.0,0,0,108000.0,194764900.0,1.0,1816.0,1816.0,1796.0,1799.0,108000.0
2023-05-30,20010,1790.0,1793.0,1775.0,1783.0,0,0,64600.0,115247000.0,1.0,1790.0,1793.0,1775.0,1783.0,64600.0
2023-05-31,20010,1772.0,1779.0,1762.0,1767.0,0,0,147700.0,261293800.0,1.0,1772.0,1779.0,1762.0,1767.0,147700.0
2023-06-01,20010,1779.0,1803.0,1778.0,1789.0,0,0,92100.0,164863700.0,1.0,1779.0,1803.0,1778.0,1789.0,92100.0
2023-06-02,20010,1797.0,1817.0,1789.0,1810.0,0,0,75900.0,137299600.0,1.0,1797.0,1817.0,1789.0,1810.0,75900.0
2023-06-05,20010,1825.0,1825.0,1805.0,1811.0,0,0,80000.0,145050000.0,1.0,1825.0,1825.0,1805.0,1811.0,80000.0
2023-06-06,20010,1811.0,1832.0,1801.0,1831.0,0,0,99900.0,181959300.0,1.0,1811.0,1832.0,1801.0,1831.0,99900.0
2023-06-07,20010,1823.0,1839.0,1818.0,1823.0,0,0,115800.0,211739500.0,1.0,1823.0,1839.0,1818.0,1823.0,115800.0
2023-06-08,20010,1830.0,1840.0,1820.0,1823.0,0,0,83700.0,152875300.0,1.0,1830.0,1840.0,1820.0,1823.0,83700.0
2023-06-09,20010,1844.0,1848.0,1832.0,1843.0,0,0,159400.0,293927100.0,1.0,1844.0,1848.0,1832.0,1843.0,159400.0
2023-06-12,20010,1847.0,1847.0,1830.0,1840.0,0,0,73900.0,135883100.0,1.0,1847.0,1847.0,1830.0,1840.0,73900.0
2023-06-13,20010,1840.0,1855.0,1839.0,1843.0,0,0,113700.0,209967800.0,1.0,1840.0,1855.0,1839.0,1843.0,113700.0
2023-06-14,20010,1855.0,1859.0,1847.0,1853.0,0,0,104600.0,193900000.0,1.0,1855.0,1859.0,1847.0,1853.0,104600.0
2023-06-15,20010,1850.0,1851.0,1838.0,1838.0,0,0,59700.0,110092000.0,1.0,1850.0,1851.0,1838.0,1838.0,59700.0
2023-06-16,20010,1824.0,1839.0,1821.0,1832.0,0,0,165100.0,302445700.0,1.0,1824.0,1839.0,1821.0,1832.0,165100.0
2023-06-19,20010,1847.0,1847.0,1832.0,1846.0,0,0,98000.0,180332100.0,1.0,1847.0,1847.0,1832.0,1846.0,98000.0
2023-06-20,20010,1841.0,1865.0,1841.0,1865.0,0,0,104200.0,193364900.0,1.0,1841.0,1865.0,1841.0,1865.0,104200.0
2023-06-21,20010,1867.0,1885.0,1867.0,1869.0,0,0,108000.0,202323100.0,1.0,1867.0,1885.0,1867.0,1869.0,108000.0
2023-06-22,20010,1855.0,1870.0,1837.0,1845.0,0,0,154200.0,285339500.0,1.0,1855.0,1870.0,1837.0,1845.0,154200.0
2023-06-23,20010,1848.0,1856.0,1837.0,1852.0,0,0,84400.0,155961400.0,1.0,1848.0,1856.0,1837.0,1852.0,84400.0
2023-06-26,20010,1852.0,1852.0,1825.0,1838.0,0,0,76800.0,141048500.0,1.0,1852.0,1852.0,1825.0,1838.0,76800.0
2023-06-27,20010,1832.0,1842.0,1827.0,1840.0,0,0,51400.0,94378700.0,1.0,1832.0,1842.0,1827.0,1840.0,51400.0
2023-06-28,20010,1843.0,1870.0,1843.0,1867.0,0,0,71700.0,133435900.0,1.0,1843.0,1870.0,1843.0,1867.0,71700.0
2023-06-29,20010,1864.0,1864.0,1821.0,1829.0,0,0,91500.0,168212200.0,1.0,1864.0,1864.0,1821.0,1829.0,91500.0
2023-06-30,20010,1830.0,1843.0,1829.0,1843.0,0,0,124000.0,227992400.0,1.0,1830.0,1843.0,1829.0,1843.0,124000.0
2023-07-03,20010,1845.0,1870.0,1845.0,1868.0,0,0,95800.0,178610000.0,1.0,1845.0,1870.0,1845.0,1868.0,95800.0
2023-07-04,20010,1860.0,1865.0,1830.0,1836.0,0,0,145500.0,267863800.0,1.0,1860.0,1865.0,1830.0,1836.0,145500.0
2023-07-05,20010,1827.0,1845.0,1825.0,1830.0,0,0,77000.0,141029100.0,1.0,1827.0,1845.0,1825.0,1830.0,77000.0
2023-07-06,20010,1834.0,1838.0,1824.0,1828.0,0,0,88800.0,162431900.0,1.0,1834.0,1838.0,1824.0,1828.0,88800.0
2023-07-07,20010,1820.0,1838.0,1813.0,1826.0,0,0,87600.0,160068200.0,1.0,1820.0,1838.0,1813.0,1826.0,87600.0
2023-07-10,20010,1827.0,1853.0,1820.0,1837.0,0,0,199200.0,366463300.0,1.0,1827.0,1853.0,1820.0,1837.0,199200.0
2023-07-11,20010,1845.0,1845.0,1820.0,1820.0,0,0,75000.0,136964300.0,1.0,1845.0,1845.0,1820.0,1820.0,75000.0
2023-07-12,20010,1841.0,1848.0,1834.0,1838.0,0,0,86800.0,159794500.0,1.0,1841.0,1848.0,1834.0,1838.0,86800.0
2023-07-13,20010,1845.0,1845.0,1825.0,1825.0,0,0,66300.0,121393100.0,1.0,1845.0,1845.0,1825.0,1825.0,66300.0
2023-07-14,20010,1825.0,1830.0,1815.0,1818.0,0,0,67200.0,122344800.0,1.0,1825.0,1830.0,1815.0,1818.0,67200.0
2023-07-18,20010,1818.0,1831.0,1817.0,1824.0,0,0,50700.0,92522800.0,1.0,1818.0,1831.0,1817.0,1824.0,50700.0
2023-07-19,20010,1837.0,1849.0,1831.0,1849.0,0,0,108300.0,199581500.0,1.0,1837.0,1849.0,1831.0,1849.0,108300.0
2023-07-20,20010,1844.0,1850.0,1822.0,1823.0,0,0,92800.0,170150400.0,1.0,1844.0,1850.0,1822.0,1823.0,92800.0
2023-07-21,20010,1831.0,1842.0,1828.0,1840.0,0,0,63000.0,115754100.0,1.0,1831.0,1842.0,1828.0,1840.0,63000.0
2023-07-24,20010,1857.0,1859.0,1844.0,1847.0,0,0,58800.0,108768300.0,1.0,1857.0,1859.0,1844.0,1847.0,58800.0
2023-07-25,20010,1850.0,1858.0,1844.0,1847.0,0,0,66200.0,122444900.0,1.0,1850.0,1858.0,1844.0,1847.0,66200.0
2023-07-26,20010,1842.0,1845.0,1829.0,1842.0,0,0,61100.0,112375900.0,1.0,1842.0,1845.0,1829.0,1842.0,61100.0
2023-07-27,20010,1843.0,1844.0,1831.0,1842.0,0,0,80200.0,147463900.0,1.0,1843.0,1844.0,1831.0,1842.0,80200.0
2023-07-28,20010,1857.0,1878.0,1845.0,1863.0,0,0,219500.0,408507200.0,1.0,1857.0,1878.0,1845.0,1863.0,219500.0
2023-07-31,20010,1880.0,1880.0,1856.0,1866.0,0,0,111400.0,208055700.0,1.0,1880.0,1880.0,1856.0,1866.0,111400.0
2023-08-01,20010,1875.0,1883.0,1867.0,1880.0,0,0,78800.0,147920300.0,1.0,1875.0,1883.0,1867.0,1880.0,78800.0
2023-08-02,20010,1863.0,1875.0,1859.0,1868.0,0,0,80000.0,149387000.0,1.0,1863.0,1875.0,1859.0,1868.0,80000.0
2023-08-03,20010,1862.0,1868.0,1846.0,1860.0,0,0,113500.0,210705100.0,1.0,1862.0,1868.0,1846.0,1860.0,113500.0
2023-08-04,20010,1852.0,1867.0,1852.0,1866.0,0,0,106700.0,198628300.0,1.0,1852.0,1867.0,1852.0,1866.0,106700.0
2023-08-07,20010,2026.0,2049.0,1937.0,2010.0,0,0,681600.0,1373974000.0,1.0,2026.0,2049.0,1937.0,2010.0,681600.0
2023-08-08,20010,1996.0,2022.0,1989.0,2017.0,0,0,332900.0,669066900.0,1.0,1996.0,2022.0,1989.0,2017.0,332900.0
2023-08-09,20010,2026.0,2033.0,2007.0,2025.0,0,0,221000.0,447214900.0,1.0,2026.0,2033.0,2007.0,2025.0,221000.0
2023-08-10,20010,2030.0,2057.0,2015.0,2049.0,0,0,367100.0,749805300.0,1.0,2030.0,2057.0,2015.0,2049.0,367100.0
2023-08-14,20010,2061.0,2080.0,2057.0,2070.0,0,0,211500.0,437382900.0,1.0,2061.0,2080.0,2057.0,2070.0,211500.0
2023-08-15,20010,2063.0,2063.0,2048.0,2060.0,0,0,125100.0,257346900.0,1.0,2063.0,2063.0,2048.0,2060.0,125100.0
2023-08-16,20010,2055.0,2071.0,2041.0,2069.0,0,0,117500.0,242320200.0,1.0,2055.0,2071.0,2041.0,2069.0,117500.0
2023-08-17,20010,2062.0,2065.0,2023.0,2024.0,0,0,250200.0,509674900.0,1.0,2062.0,2065.0,2023.0,2024.0,250200.0
2023-08-18,20010,2006.0,2029.0,1985.0,1994.0,0,0,202400.0,405495900.0,1.0,2006.0,2029.0,1985.0,1994.0,202400.0
2023-08-21,20010,2020.0,2030.0,2009.0,2015.0,0,0,118900.0,240313800.0,1.0,2020.0,2030.0,2009.0,2015.0,118900.0
2023-08-22,20010,2015.0,2018.0,1994.0,2018.0,0,0,114200.0,229445700.0,1.0,2015.0,2018.0,1994.0,2018.0,114200.0
2023-08-23,20010,2014.0,2029.0,2014.0,2022.0,0,0,91000.0,183899800.0,1.0,2014.0,2029.0,2014.0,2022.0,91000.0
2023-08-24,20010,2029.0,2046.0,2017.0,2043.0,0,0,111300.0,226796700.0,1.0,2029.0,2046.0,2017.0,2043.0,111300.0
2023-08-25,20010,2040.0,2040.0,2020.0,2021.0,0,0,81800.0,165704500.0,1.0,2040.0,2040.0,2020.0,2021.0,81800.0
2023-08-28,20010,2040.0,2049.0,2034.0,2046.0,0,0,130500.0,266491600.0,1.0,2040.0,2049.0,2034.0,2046.0,130500.0
2023-08-29,20010,2050.0,2059.0,2040.0,2042.0,0,0,101300.0,207258600.0,1.0,2050.0,2059.0,2040.0,2042.0,101300.0
2023-08-30,20010,2040.0,2056.0,2036.0,2040.0,0,0,141400.0,289071100.0,1.0,2040.0,2056.0,2036.0,2040.0,141400.0
2023-08-31,20010,2065.0,2085.0,2052.0,2070.0,0,0,389300.0,805900300.0,1.0,2065.0,2085.0,2052.0,2070.0,389300.0
2023-09-01,20010,2075.0,2106.0,2072.0,2100.0,0,0,289400.0,605717200.0,1.0,2075.0,2106.0,2072.0,2100.0,289400.0
2023-09-04,20010,2106.0,2110.0,2090.0,2108.0,0,0,144900.0,304857500.0,1.0,2106.0,2110.0,2090.0,2108.0,144900.0
2023-09-05,20010,2108.0,2110.0,2090.0,2099.0,0,0,143300.0,300826100.0,1.0,2108.0,2110.0,2090.0,2099.0,143300.0
2023-09-06,20010,2100.0,2112.0,2091.0,2109.0,0,0,110500.0,232481200.0,1.0,2100.0,2112.0,2091.0,2109.0,110500.0
2023-09-07,20010,2111.0,2139.0,2111.0,2123.0,0,0,268900.0,571280400.0,1.0,2111.0,2139.0,2111.0,2123.0,268900.0
2023-09-08,20010,2124.0,2129.0,2087.0,2109.0,0,0,267000.0,562582800.0,1.0,2124.0,2129.0,2087.0,2109.0,267000.0
2023-09-11,20010,2125.0,2126.0,2107.0,2122.0,0,0,135400.0,286693600.0,1.0,2125.0,2126.0,2107.0,2122.0,135400.0
2023-09-12,20010,2122.0,2160.0,2122.0,2156.0,0,0,226000.0,485441600.0,1.0,2122.0,2160.0,2122.0,2156.0,226000.0
2023-09-13,20010,2147.0,2167.0,2136.0,2161.0,0,0,336900.0,726064500.0,1.0,2147.0,2167.0,2136.0,2161.0,336900.0
2023-09-14,20010,2161.0,2167.0,2143.0,2156.0,0,0,191700.0,413449900.0,1.0,2161.0,2167.0,2143.0,2156.0,191700.0
2023-09-15,20010,2160.0,2170.0,2149.0,2152.0,0,0,280100.0,604569700.0,1.0,2160.0,2170.0,2149.0,2152.0,280100.0
2023-09-19,20010,2171.0,2184.0,2157.0,2180.0,0,0,270000.0,586362600.0,1.0,2171.0,2184.0,2157.0,2180.0,270000.0
2023-09-20,20010,2186.0,2213.0,2183.0,2191.0,0,0,401800.0,881623200.0,1.0,2186.0,2213.0,2183.0,2191.0,401800.0
2023-09-21,20010,2190.0,2216.0,2178.0,2197.0,0,0,274900.0,604312300.0,1.0,2190.0,2216.0,2178.0,2197.0,274900.0
2023-09-22,20010,2193.0,2218.0,2164.0,2190.0,0,0,422300.0,924644300.0,1.0,2193.0,2218.0,2164.0,2190.0,422300.0
2023-09-25,20010,2200.0,2242.0,2194.0,2235.0,0,0,377000.0,839324000.0,1.0,2200.0,2242.0,2194.0,2235.0,377000.0
2023-09-26,20010,2235.0,2258.0,2232.0,2244.0,0,0,287400.0,645373100.0,1.0,2235.0,2258.0,2232.0,2244.0,287400.0
2023-09-27,20010,2247.0,2266.0,2229.0,2266.0,0,0,436100.0,982867200.0,1.0,2247.0,2266.0,2229.0,2266.0,436100.0
2023-09-28,20010,2245.0,2245.0,2173.0,2185.0,0,0,366800.0,810127100.0,1.0,2245.0,2245.0,2173.0,2185.0,366800.0
2023-09-29,20010,2185.0,2197.0,2159.0,2173.0,0,0,224800.0,488568500.0,1.0,2185.0,2197.0,2159.0,2173.0,224800.0
2023-10-02,20010,2191.0,2222.0,2165.0,2168.0,0,0,260400.0,569534200.0,1.0,2191.0,2222.0,2165.0,2168.0,260400.0
2023-10-03,20010,2165.0,2192.0,2162.0,2175.0,0,0,189400.0,412202200.0,1.0,2165.0,2192.0,2162.0,2175.0,189400.0
2023-10-04,20010,2151.0,2173.0,2122.0,2136.0,0,0,301600.0,647175600.0,1.0,2151.0,2173.0,2122.0,2136.0,301600.0
2023-10-05,20010,2146.0,2191.0,2141.0,2190.0,0,0,210700.0,459296300.0,1.0,2146.0,2191.0,2141.0,2190.0,210700.0
2023-10-06,20010,2190.0,2212.0,2177.0,2197.0,0,0,226700.0,498945200.0,1.0,2190.0,2212.0,2177.0,2197.0,226700.0
2023-10-10,20010,2218.0,2232.0,2213.0,2213.0,0,0,269200.0,597570400.0,1.0,2218.0,2232.0,2213.0,2213.0,269200.0
2023-10-11,20010,2207.0,2208.0,2177.0,2178.0,0,0,226000.0,494822000.0,1.0,2207.0,2208.0,2177.0,2178.0,226000.0
2023-10-12,20010,2200.0,2206.0,2186.0,2197.0,0,0,181800.0,399364900.0,1.0,2200.0,2206.0,2186.0,2197.0,181800.0
2023-10-13,20010,2179.0,2191.0,2167.0,2174.0,0,0,199800.0,435084000.0,1.0,2179.0,2191.0,2167.0,2174.0,199800.0
2023-10-16,20010,2158.0,2178.0,2131.0,2139.0,0,0,190800.0,409875300.0,1.0,2158.0,2178.0,2131.0,2139.0,190800.0
2023-10-17,20010,2140.0,2155.0,2105.0,2115.0,0,0,142600.0,302681000.0,1.0,2140.0,2155.0,2105.0,2115.0,142600.0
2023-10-18,20010,2130.0,2133.0,2108.0,2130.0,0,0,145200.0,308519500.0,1.0,2130.0,2133.0,2108.0,2130.0,145200.0
2023-10-19,20010,2118.0,2136.0,2115.0,2135.0,0,0,118200.0,251619200.0,1.0,2118.0,2136.0,2115.0,2135.0,118200.0
2023-10-20,20010,2135.0,2150.0,2123.0,2145.0,0,0,118200.0,253099700.0,1.0,2135.0,2150.0,2123.0,2145.0,118200.0
2023-10-23,20010,2145.0,2167.0,2139.0,2158.0,0,0,145400.0,313727800.0,1.0,2145.0,2167.0,2139.0,2158.0,145400.0
2023-10-24,20010,2158.0,2158.0,2103.0,2136.0,0,0,152400.0,324267800.0,1.0,2158.0,2158.0,2103.0,2136.0,152400.0
2023-10-25,20010,2156.0,2160.0,2136.0,2137.0,0,0,139300.0,298948600.0,1.0,2156.0,2160.0,2136.0,2137.0,139300.0
2023-10-26,20010,2140.0,2166.0,2139.0,2166.0,0,0,180600.0,389608500.0,1.0,2140.0,2166.0,2139.0,2166.0,180600.0
2023-10-27,20010,2186.0,2214.0,2175.0,2213.0,0,0,198900.0,438261300.0,1.0,2186.0,2214.0,2175.0,2213.0,198900.0
2023-10-30,20010,2242.0,2269.0,2221.0,2233.0,0,0,950700.0,2128059300.0,1.0,2242.0,2269.0,2221.0,2233.0,950700.0
2023-10-31,20010,2238.0,2299.0,2233.0,2299.0,0,0,480300.0,1096455100.0,1.0,2238.0,2299.0,2233.0,2299.0,480300.0
2023-11-01,20010,2310.0,2313.0,2271.0,2278.0,0,0,521800.0,1191704700.0,1.0,2310.0,2313.0,2271.0,2278.0,521800.0
2023-11-02,20010,2310.0,2310.0,2251.0,2272.0,0,0,391200.0,889818200.0,1.0,2310.0,2310.0,2251.0,2272.0,391200.0
2023-11-06,20010,2284.0,2290.0,2239.0,2261.0,0,0,354200.0,801167400.0,1.0,2284.0,2290.0,2239.0,2261.0,354200.0
2023-11-07,20010,2272.0,2305.0,2272.0,2297.0,0,0,624800.0,1432872400.0,1.0,2272.0,2305.0,2272.0,2297.0,624800.0
2023-11-08,20010,2147.0,2275.0,2106.0,2237.0,0,0,950200.0,2086244600.0,1.0,2147.0,2275.0,2106.0,2237.0,950200.0
2023-11-09,20010,2190.0,2210.0,2155.0,2206.0,0,0,445100.0,972457700.0,1.0,2190.0,2210.0,2155.0,2206.0,445100.0
2023-11-10,20010,2217.0,2256.0,2177.0,2253.0,0,0,426000.0,954126600.0,1.0,2217.0,2256.0,2177.0,2253.0,426000.0
2023-11-13,20010,2256.0,2295.0,2256.0,2290.0,0,0,277500.0,633419300.0,1.0,2256.0,2295.0,2256.0,2290.0,277500.0
2023-11-14,20010,2276.0,2278.0,2225.0,2228.0,0,0,361300.0,812055400.0,1.0,2276.0,2278.0,2225.0,2228.0,361300.0
2023-11-15,20010,2234.0,2284.0,2217.0,2277.0,0,0,328200.0,742016700.0,1.0,2234.0,2284.0,2217.0,2277.0,328200.0
2023-11-16,20010,2272.0,2275.0,2215.0,2218.0,0,0,145500.0,324989300.0,1.0,2272.0,2275.0,2215.0,2218.0,145500.0
2023-11-17,20010,2215.0,2255.0,2212.0,2255.0,0,0,124700.0,279458700.0,1.0,2215.0,2255.0,2212.0,2255.0,124700.0
2023-11-20,20010,2254.0,2254.0,2208.0,2208.0,0,0,176000.0,390802200.0,1.0,2254.0,2254.0,2208.0,2208.0,176000.0
2023-11-21,20010,2199.0,2221.0,2188.0,2218.0,0,0,203700.0,449408000.0,1.0,2199.0,2221.0,2188.0,2218.0,203700.0
2023-11-22,20010,2225.0,2255.0,2225.0,2231.0,0,0,116100.0,259905000.0,1.0,2225.0,2255.0,2225.0,2231.0,116100.0
2023-11-24,20010,2252.0,2258.0,2239.0,2247.0,0,0,150900.0,339215600.0,1.0,2252.0,2258.0,2239.0,2247.0,150900.0
2023-11-27,20010,2265.0,2282.0,2248.0,2258.0,0,0,241700.0,547079200.0,1.0,2265.0,2282.0,2248.0,2258.0,241700.0
2023-11-28,20010,2265.0,2290.0,2265.0,2288.0,0,0,193500.0,441800400.0,1.0,2265.0,2290.0,2265.0,2288.0,193500.0
2023-11-29,20010,2290.0,2307.0,2264.0,2273.0,0,0,162900.0,371552400.0,1.0,2290.0,2307.0,2264.0,2273.0,162900.0
2023-11-30,20010,2266.0,2280.0,2227.0,2274.0,0,0,351600.0,796699700.0,1.0,2266.0,2280.0,2227.0,2274.0,351600.0
2023-12-01,20010,2279.0,2302.0,2274.0,2292.0,0,0,182500.0,418309200.0,1.0,2279.0,2302.0,2274.0,2292.0,182500.0
2023-12-04,20010,2291.0,2310.0,2267.0,2302.0,0,0,139200.0,319978500.0,1.0,2291.0,2310.0,2267.0,2302.0,139200.0
2023-12-05,20010,2296.0,2327.0,2293.0,2316.0,0,0,202200.0,467915200.0,1.0,2296.0,2327.0,2293.0,2316.0,202200.0
2023-12-06,20010,2316.0,2340.0,2316.0,2333.0,0,0,175800.0,409509400.0,1.0,2316.0,2340.0,2316.0,2333.0,175800.0
2023-12-07,20010,2338.0,2364.0,2333.0,2358.0,0,0,230200.0,541453700.0,1.0,2338.0,2364.0,2333.0,2358.0,230200.0
2023-12-08,20010,2353.0,2363.0,2305.0,2318.0,0,0,299400.0,698614600.0,1.0,2353.0,2363.0,2305.0,2318.0,299400.0
2023-12-11,20010,2342.0,2352.0,2315.0,2352.0,0,0,174300.0,407381400.0,1.0,2342.0,2352.0,2315.0,2352.0,174300.0
2023-12-12,20010,2353.0,2358.0,2337.0,2340.0,0,0,141300.0,331666600.0,1.0,2353.0,2358.0,2337.0,2340.0,141300.0
2023-12-13,20010,2340.0,2346.0,2311.0,2321.0,0,0,108700.0,252738800.0,1.0,2340.0,2346.0,2311.0,2321.0,108700.0
2023-12-14,20010,2333.0,2346.0,2292.0,2311.0,0,0,127200.0,293830500.0,1.0,2333.0,2346.0,2292.0,2311.0,127200.0
2023-12-15,20010,2288.0,2308.0,2228.0,2236.0,0,0,303100.0,682767100.0,1.0,2288.0,2308.0,2228.0,2236.0,303100.0
2023-12-18,20010,2213.0,2239.0,2202.0,2237.0,0,0,134600.0,299982300.0,1.0,2213.0,2239.0,2202.0,2237.0,134600.0
2023-12-19,20010,2239.0,2247.0,2220.0,2239.0,0,0,114700.0,256271400.0,1.0,2239.0,2247.0,2220.0,2239.0,114700.0
2023-12-20,20010,2249.0,2254.0,2229.0,2243.0,0,0,114900.0,257548000.0,1.0,2249.0,2254.0,2229.0,2243.0,114900.0
2023-12-21,20010,2234.0,2238.0,2215.0,2226.0,0,0,108600.0,241920700.0,1.0,2234.0,2238.0,2215.0,2226.0,108600.0
2023-12-22,20010,2229.0,2248.0,2225.0,2237.0,0,0,80700.0,180291200.0,1.0,2229.0,2248.0,2225.0,2237.0,80700.0
2023-12-25,20010,2250.0,2250.0,2226.0,2237.0,0,0,59800.0,133614500.0,1.0,2250.0,2250.0,2226.0,2237.0,59800.0
2023-12-26,20010,2232.0,2236.0,2222.0,2233.0,0,0,88500.0,197422800.0,1.0,2232.0,2236.0,2222.0,2233.0,88500.0
2023-12-27,20010,2230.0,2243.0,2226.0,2242.0,0,0,104500.0,233895800.0,1.0,2230.0,2243.0,2226.0,2242.0,104500.0
2023-12-28,20010,2227.0,2239.0,2213.0,2219.0,0,0,112000.0,248948600.0,1.0,2227.0,2239.0,2213.0,2219.0,112000.0
2023-12-29,20010,2220.0,2231.0,2207.0,2223.0,0,0,120000.0,266204800.0,1.0,2220.0,2231.0,2207.0,2223.0,120000.0
2024-01-04,20010,2210.0,2233.0,2198.0,2226.0,0,0,136300.0,302271600.0,1.0,2210.0,2233.0,2198.0,2226.0,136300.0
2024-01-05,20010,2240.0,2243.0,2220.0,2223.0,0,0,114700.0,255629800.0,1.0,2240.0,2243.0,2220.0,2223.0,114700.0
2024-01-09,20010,2238.0,2255.0,2226.0,2254.0,0,0,142000.0,318736200.0,1.0,2238.0,2255.0,2226.0,2254.0,142000.0
2024-01-10,20010,2264.0,2275.0,2246.0,2268.0,0,0,262100.0,593890600.0,1.0,2264.0,2275.0,2246.0,2268.0,262100.0
2024-01-11,20010,2276.0,2281.0,2261.0,2265.0,0,0,163300.0,370604100.0,1.0,2276.0,2281.0,2261.0,2265.0,163300.0
2024-01-12,20010,2267.0,2282.0,2263.0,2267.0,0,0,171500.0,389579600.0,1.0,2267.0,2282.0,2263.0,2267.0,171500.0
2024-01-15,20010,2273.0,2317.0,2272.0,2316.0,0,0,198300.0,457062100.0,1.0,2273.0,2317.0,2272.0,2316.0,198300.0
2024-01-16,20010,2320.0,2322.0,2290.0,2300.0,0,0,114900.0,264634400.0,1.0,2320.0,2322.0,2290.0,2300.0,114900.0
2024-01-17,20010,2303.0,2323.0,2287.0,2287.0,0,0,147600.0,340046800.0,1.0,2303.0,2323.0,2287.0,2287.0,147600.0
2024-01-18,20010,2286.0,2309.0,2282.0,2301.0,0,0,91900.0,211282500.0,1.0,2286.0,2309.0,2282.0,2301.0,91900.0
2024-01-19,20010,2306.0,2308.0,2266.0,2272.0,0,0,130900.0,298372100.0,1.0,2306.0,2308.0,2266.0,2272.0,130900.0
2024-01-22,20010,2268.0,2274.0,2249.0,2262.0,0,0,139000.0,314251300.0,1.0,2268.0,2274.0,2249.0,2262.0,139000.0
2024-01-23,20010,2260.0,2274.0,2239.0,2244.0,0,0,142800.0,321113300.0,1.0,2260.0,2274.0,2239.0,2244.0,142800.0
2024-01-24,20010,2238.0,2240.0,2206.0,2208.0,0,0,147300.0,326140400.0,1.0,2238.0,2240.0,2206.0,2208.0,147300.0
2024-01-25,20010,2214.0,2232.0,2205.0,2229.0,0,0,118400.0,263268700.0,1.0,2214.0,2232.0,2205.0,2229.0,118400.0
2024-01-26,20010,2229.0,2230.0,2210.0,2219.0,0,0,147300.0,327064900.0,1.0,2229.0,2230.0,2210.0,2219.0,147300.0
2024-01-29,20010,2225.0,2256.0,2224.0,2247.0,0,0,86200.0,193537700.0,1.0,2225.0,2256.0,2224.0,2247.0,86200.0
2024-01-30,20010,2255.0,2264.0,2231.0,2233.0,0,0,129800.0,291119500.0,1.0,2255.0,2264.0,2231.0,2233.0,129800.0
2024-01-31,20010,2262.0,2299.0,2246.0,2266.0,0,0,212100.0,481189600.0,1.0,2262.0,2299.0,2246.0,2266.0,212100.0
2024-02-01,20010,2250.0,2279.0,2243.0,2272.0,0,0,114500.0,259515000.0,1.0,2250.0,2279.0,2243.0,2272.0,114500.0
2024-02-02,20010,2275.0,2276.0,2246.0,2249.0,0,0,144600.0,326025900.0,1.0,2275.0,2276.0,2246.0,2249.0,144600.0
2024-02-05,20010,2271.0,2276.0,2258.0,2272.0,0,0,212700.0,482431700.0,1.0,2271.0,2276.0,2258.0,2272.0,212700.0
2024-02-06,20010,2272.0,2303.0,2268.0,2302.0,0,0,377600.0,863859800.0,1.0,2272.0,2303.0,2268.0,2302.0,377600.0
2024-02-07,20010,2346.0,2375.0,2259.0,2294.0,0,0,1159300.0,2676463500.0,1.0,2346.0,2375.0,2259.0,2294.0,1159300.0
2024-02-08,20010,2272.0,2287.0,2242.0,2257.0,0,0,428900.0,970757300.0,1.0,2272.0,2287.0,2242.0,2257.0,428900.0
2024-02-09,20010,2247.0,2252.0,2218.0,2235.0,0,0,389700.0,870939500.0,1.0,2247.0,2252.0,2218.0,2235.0,389700.0
2024-02-13,20010,2250.0,2289.0,2229.0,2286.0,0,0,348500.0,791295800.0,1.0,2250.0,2289.0,2229.0,2286.0,348500.0
2024-02-14,20010,2272.0,2272.0,2222.0,2246.0,0,0,250100.0,561632200.0,1.0,2272.0,2272.0,2222.0,2246.0,250100.0
2024-02-15,20010,2260.0,2321.0,2238.0,2312.0,0,0,324100.0,742191400.0,1.0,2260.0,2321.0,2238.0,2312.0,324100.0
2024-02-16,20010,2318.0,2364.0,2291.0,2343.0,0,0,357800.0,836109400.0,1.0,2318.0,2364.0,2291.0,2343.0,357800.0
2024-02-19,20010,2343.0,2399.0,2337.0,2399.0,0,0,248200.0,590178900.0,1.0,2343.0,2399.0,2337.0,2399.0,248200.0
2024-02-20,20010,2400.0,2406.0,2364.0,2375.0,0,0,247400.0,589422700.0,1.0,2400.0,2406.0,2364.0,2375.0,247400.0
2024-02-21,20010,2378.0,2385.0,2364.0,2375.0,0,0,148600.0,352868600.0,1.0,2378.0,2385.0,2364.0,2375.0,148600.0
2024-02-22,20010,2385.0,2397.0,2376.0,2395.0,0,0,196500.0,470109400.0,1.0,2385.0,2397.0,2376.0,2395.0,196500.0
2024-02-26,20010,2400.0,2416.0,2368.0,2373.0,0,0,181300.0,431433200.0,1.0,2400.0,2416.0,2368.0,2373.0,181300.0
2024-02-27,20010,2367.0,2382.0,2345.0,2359.0,0,0,140300.0,331561400.0,1.0,2367.0,2382.0,2345.0,2359.0,140300.0
2024-02-28,20010,2367.0,2382.0,2355.0,2359.0,0,0,119300.0,282065300.0,1.0,2367.0,2382.0,2355.0,2359.0,119300.0
2024-02-29,20010,2375.0,2386.0,2363.0,2378.0,0,0,194200.0,461524000.0,1.0,2375.0,2386.0,2363.0,2378.0,194200.0
2024-03-01,20010,2381.0,2387.0,2357.0,2370.0,0,0,110200.0,261479100.0,1.0,2381.0,2387.0,2357.0,2370.0,110200.0
2024-03-04,20010,2373.0,2384.0,2334.0,2336.0,0,0,178900.0,420836800.0,1.0,2373.0,2384.0,2334.0,2336.0,178900.0
2024-03-05,20010,2325.0,2348.0,2310.0,2342.0,0,0,156900.0,366263800.0,1.0,2325.0,2348.0,2310.0,2342.0,156900.0
2024-03-06,20010,2330.0,2353.0,2329.0,2335.0,0,0,167400.0,391515500.0,1.0,2330.0,2353.0,2329.0,2335.0,167400.0
2024-03-07,20010,2338.0,2368.0,2331.0,2344.0,0,0,216000.0,507069500.0,1.0,2338.0,2368.0,2331.0,2344.0,216000.0
2024-03-08,20010,2319.0,2350.0,2310.0,2342.0,0,0,233100.0,543099500.0,1.0,2319.0,2350.0,2310.0,2342.0,233100.0
2024-03-11,20010,2350.0,2377.0,2321.0,2342.0,0,0,232900.0,547198800.0,1.0,2350.0,2377.0,2321.0,2342.0,232900.0
2024-03-12,20010,2331.0,2334.0,2298.0,2316.0,0,0,151300.0,350163900.0,1.0,2331.0,2334.0,2298.0,2316.0,151300.0
2024-03-13,20010,2323.0,2325.0,2305.0,2324.0,0,0,125900.0,291748200.0,1.0,2323.0,2325.0,2305.0,2324.0,125900.0
2024-03-14,20010,2324.0,2406.0,2321.0,2399.0,0,0,300700.0,715236500.0,1.0,2324.0,2406.0,2321.0,2399.0,300700.0
2024-03-15,20010,2381.0,2413.0,2380.0,2400.0,0,0,279300.0,669763800.0,1.0,2381.0,2413.0,2380.0,2400.0,279300.0
2024-03-18,20010,2424.0,2428.0,2387.0,2394.0,0,0,186700.0,448280900.0,1.0,2424.0,2428.0,2387.0,2394.0,186700.0
2024-03-19,20010,2390.0,2422.0,2387.0,2422.0,0,0,151600.0,365208000.0,1.0,2390.0,2422.0,2387.0,2422.0,151600.0
2024-03-21,20010,2410.0,2423.0,2402.0,2408.0,0,0,226400.0,545944900.0,1.0,2410.0,2423.0,2402.0,2408.0,226400.0
2024-03-22,20010,2404.0,2417.0,2394.0,2408.0,0,0,173600.0,417966100.0,1.0,2404.0,2417.0,2394.0,2408.0,173600.0
2024-03-25,20010,2428.0,2432.0,2405.0,2408.0,0,0,268400.0,648788900.0,1.0,2428.0,2432.0,2405.0,2408.0,268400.0
2024-03-26,20010,2415.0,2416.0,2390.0,2404.0,0,0,188800.0,453972400.0,1.0,2415.0,2416.0,2390.0,2404.0,188800.0
2024-03-27,20010,2420.0,2432.0,2402.0,2410.0,0,0,315900.0,764065600.0,1.0,2420.0,2432.0,2402.0,2410.0,315900.0
2024-03-28,20010,2366.0,2375.0,2319.0,2320.0,0,0,259300.0,605610200.0,1.0,2366.0,2375.0,2319.0,2320.0,259300.0
2024-03-29,20010,2350.0,2377.0,2341.0,2372.0,0,0,207700.0,490905900.0,1.0,2350.0,2377.0,2341.0,2372.0,207700.0
2024-04-01,20010,2400.0,2409.0,2387.0,2400.0,0,0,213400.0,511852400.0,1.0,2400.0,2409.0,2387.0,2400.0,213400.0
2024-04-02,20010,2395.0,2395.0,2339.0,2350.0,0,0,193500.0,456942900.0,1.0,2395.0,2395.0,2339.0,2350.0,193500.0
2024-04-03,20010,2338.0,2374.0,2315.0,2362.0,0,0,166900.0,393172500.0,1.0,2338.0,2374.0,2315.0,2362.0,166900.0
2024-04-04,20010,2369.0,2378.0,2347.0,2372.0,0,0,183900.0,435435600.0,1.0,2369.0,2378.0,2347.0,2372.0,183900.0
2024-04-05,20010,2348.0,2382.0,2336.0,2377.0,0,0,154100.0,365187700.0,1.0,2348.0,2382.0,2336.0,2377.0,154100.0
2024-04-08,20010,2380.0,2421.0,2377.0,2410.0,0,0,289000.0,695948800.0,1.0,2380.0,2421.0,2377.0,2410.0,289000.0
2024-04-09,20010,2422.0,2424.0,2393.0,2407.0,0,0,163300.0,392853000.0,1.0,2422.0,2424.0,2393.0,2407.0,163300.0
2024-04-10,20010,2408.0,2423.0,2402.0,2402.0,0,0,141900.0,342069500.0,1.0,2408.0,2423.0,2402.0,2402.0,141900.0
2024-04-11,20010,2390.0,2425.0,2383.0,2423.0,0,0,175700.0,423384100.0,1.0,2390.0,2425.0,2383.0,2423.0,175700.0
2024-04-12,20010,2430.0,2491.0,2417.0,2491.0,0,0,367000.0,903015800.0,1.0,2430.0,2491.0,2417.0,2491.0,367000.0
2024-04-15,20010,2448.0,2461.0,2426.0,2443.0,0,0,239000.0,583940000.0,1.0,2448.0,2461.0,2426.0,2443.0,239000.0
2024-04-16,20010,2423.0,2430.0,2377.0,2403.0,0,0,207100.0,497181200.0,1.0,2423.0,2430.0,2377.0,2403.0,207100.0
2024-04-17,20010,2420.0,2424.0,2394.0,2410.0,0,0,163800.0,394837100.0,1.0,2420.0,2424.0,2394.0,2410.0,163800.0
2024-04-18,20010,2418.0,2452.0,2404.0,2426.0,0,0,174800.0,424827000.0,1.0,2418.0,2452.0,2404.0,2426.0,174800.0
2024-04-19,20010,2429.0,2435.0,2371.0,2385.0,0,0,164800.0,394680800.0,1.0,2429.0,2435.0,2371.0,2385.0,164800.0
2024-04-22,20010,2399.0,2426.0,2370.0,2385.0,0,0,558100.0,1336748900.0,1.0,2399.0,2426.0,2370.0,2385.0,558100.0
2024-04-23,20010,2394.0,2419.0,2381.0,2416.0,0,0,127500.0,306991800.0,1.0,2394.0,2419.0,2381.0,2416.0,127500.0
2024-04-24,20010,2424.0,2433.0,2406.0,2418.0,0,0,200300.0,483969500.0,1.0,2424.0,2433.0,2406.0,2418.0,200300.0
2024-04-25,20010,2417.0,2419.0,2399.0,2406.0,0,0,109600.0,264000700.0,1.0,2417.0,2419.0,2399.0,2406.0,109600.0
2024-04-26,20010,2396.0,2415.0,2354.0,2411.0,0,0,252900.0,604823100.0,1.0,2396.0,2415.0,2354.0,2411.0,252900.0
2024-04-30,20010,2425.0,2437.0,2393.0,2435.0,0,0,178400.0,432616400.0,1.0,2425.0,2437.0,2393.0,2435.0,178400.0
2024-05-01,20010,2435.0,2435.0,2405.0,2413.0,0,0,101500.0,245083800.0,1.0,2435.0,2435.0,2405.0,2413.0,101500.0
2024-05-02,20010,2416.0,2436.0,2402.0,2432.0,0,0,92300.0,223967100.0,1.0,2416.0,2436.0,2402.0,2432.0,92300.0
2024-05-07,20010,2430.0,2432.0,2396.0,2397.0,0,0,101800.0,245113500.0,1.0,2430.0,2432.0,2396.0,2397.0,101800.0
2024-05-08,20010,2399.0,2400.0,2375.0,2390.0,0,0,112900.0,269478000.0,1.0,2399.0,2400.0,2375.0,2390.0,112900.0
2024-05-09,20010,2406.0,2414.0,2389.0,2410.0,0,0,119700.0,288063500.0,1.0,2406.0,2414.0,2389.0,2410.0,119700.0
2024-05-10,20010,2419.0,2444.0,2405.0,2416.0,0,0,150900.0,365797300.0,1.0,2419.0,2444.0,2405.0,2416.0,150900.0
2024-05-13,20010,2398.0,2403.0,2373.0,2390.0,0,0,192900.0,460413300.0,1.0,2398.0,2403.0,2373.0,2390.0,192900.0
2024-05-14,20010,2390.0,2406.0,2361.0,2372.0,0,0,254100.0,604149700.0,1.0,2390.0,2406.0,2361.0,2372.0,254100.0
2024-05-15,20010,2251.0,2314.0,2235.0,2285.0,0,0,606200.0,1382547800.0,1.0,2251.0,2314.0,2235.0,2285.0,606200.0
2024-05-16,20010,2291.0,2291.0,2245.0,2281.0,0,0,385600.0,874415600.0,1.0,2291.0,2291.0,2245.0,2281.0,385600.0
2024-05-17,20010,2263.0,2279.0,2251.0,2268.0,0,0,140600.0,318697100.0,1.0,2263.0,2279.0,2251.0,2268.0,140600.0
2024-05-20,20010,2275.0,2289.0,2271.0,2286.0,0,0,147200.0,335593700.0,1.0,2275.0,2289.0,2271.0,2286.0,147200.0
2024-05-21,20010,2286.0,2301.0,2275.0,2295.0,0,0,151200.0,346383100.0,1.0,2286.0,2301.0,2275.0,2295.0,151200.0
2024-05-22,20010,2290.0,2302.0,2278.0,2283.0,0,0,142900.0,326632900.0,1.0,2290.0,2302.0,2278.0,2283.0,142900.0
2024-05-23,20010,2281.0,2289.0,2265.0,2281.0,0,0,108500.0,247255000.0,1.0,2281.0,2289.0,2265.0,2281.0,108500.0
2024-05-24,20010,2270.0,2288.0,2267.0,2288.0,0,0,115300.0,263017300.0,1.0,2270.0,2288.0,2267.0,2288.0,115300.0
2024-05-27,20010,2288.0,2288.0,2270.0,2288.0,0,0,78900.0,179897900.0,1.0,2288.0,2288.0,2270.0,2288.0,78900.0
2024-05-28,20010,2282.0,2284.0,2262.0,2270.0,0,0,118000.0,267927600.0,1.0,2282.0,2284.0,2262.0,2270.0,118000.0
2024-05-29,20010,2265.0,2268.0,2249.0,2253.0,0,0,121400.0,273914100.0,1.0,2265.0,2268.0,2249.0,2253.0,121400.0
2024-05-30,20010,2248.0,2248.0,2212.0,2227.0,0,0,186100.0,414117800.0,1.0,2248.0,2248.0,2212.0,2227.0,186100.0
2024-05-31,20010,2230.0,2243.0,2213.0,2228.0,0,0,238300.0,530435600.0,1.0,2230.0,2243.0,2213.0,2228.0,238300.0
2024-06-03,20010,2264.0,2300.0,2260.0,2296.0,0,0,177800.0,406949100.0,1.0,2264.0,2300.0,2260.0,2296.0,177800.0
2024-06-04,20010,2298.0,2312.0,2281.0,2307.0,0,0,139300.0,320952900.0,1.0,2298.0,2312.0,2281.0,2307.0,139300.0
2024-06-05,20010,2287.0,2293.0,2252.0,2256.0,0,0,168800.0,382879200.0,1.0,2287.0,2293.0,2252.0,2256.0,168800.0
2024-06-06,20010,2255.0,2259.0,2243.0,2253.0,0,0,123300.0,277697600.0,1.0,2255.0,2259.0,2243.0,2253.0,123300.0
2024-06-07,20010,2270.0,2270.0,2247.0,2251.0,0,0,112300.0,253057000.0,1.0,2270.0,2270.0,2247.0,2251.0,112300.0
2024-06-10,20010,2259.0,2288.0,2257.0,2287.0,0,0,120800.0,275275500.0,1.0,2259.0,2288.0,2257.0,2287.0,120800.0
2024-06-11,20010,2289.0,2292.0,2267.0,2268.0,0,0,108400.0,246615400.0,1.0,2289.0,2292.0,2267.0,2268.0,108400.0
2024-06-12,20010,2286.0,2304.0,2280.0,2287.0,0,0,134400.0,307711600.0,1.0,2286.0,2304.0,2280.0,2287.0,134400.0
2024-06-13,20010,2281.0,2282.0,2255.0,2263.0,0,0,130700.0,295944300.0,1.0,2281.0,2282.0,2255.0,2263.0,130700.0
2024-06-14,20010,2264.0,2318.0,2264.0,2305.0,0,0,193200.0,442761600.0,1.0,2264.0,2318.0,2264.0,2305.0,193200.0
2024-06-17,20010,2280.0,2282.0,2239.0,2248.0,0,0,164400.0,370012400.0,1.0,2280.0,2282.0,2239.0,2248.0,164400.0
2024-06-18,20010,2252.0,2263.0,2247.0,2256.0,0,0,71500.0,161122500.0,1.0,2252.0,2263.0,2247.0,2256.0,71500.0
2024-06-19,20010,2250.0,2265.0,2249.0,2262.0,0,0,91200.0,205833100.0,1.0,2250.0,2265.0,2249.0,2262.0,91200.0
2024-06-20,20010,2262.0,2270.0,2246.0,2261.0,0,0,155300.0,350537200.0,1.0,2262.0,2270.0,2246.0,2261.0,155300.0
2024-06-21,20010,2270.0,2285.0,2260.0,2261.0,0,0,237100.0,537652100.0,1.0,2270.0,2285.0,2260.0,2261.0,237100.0
2024-06-24,20010,2275.0,2307.0,2272.0,2299.0,0,0,179500.0,412058300.0,1.0,2275.0,2307.0,2272.0,2299.0,179500.0
2024-06-25,20010,2315.0,2342.0,2307.0,2340.0,0,0,191100.0,445159500.0,1.0,2315.0,2342.0,2307.0,2340.0,191100.0
2024-06-26,20010,2330.0,2348.0,2327.0,2344.0,0,0,182900.0,427737300.0,1.0,2330.0,2348.0,2327.0,2344.0,182900.0
2024-06-27,20010,2344.0,2344.0,2323.0,2331.0,0,0,128300.0,299174100.0,1.0,2344.0,2344.0,2323.0,2331.0,128300.0
2024-06-28,20010,2326.0,2341.0,2319.0,2335.0,0,0,155100.0,362043500.0,1.0,2326.0,2341.0,2319.0,2335.0,155100.0
2024-07-01,20010,2340.0,2353.0,2340.0,2344.0,0,0,161200.0,378076700.0,1.0,2340.0,2353.0,2340.0,2344.0,161200.0
2024-07-02,20010,2344.0,2358.0,2335.0,2350.0,0,0,154900.0,363854400.0,1.0,2344.0,2358.0,2335.0,2350.0,154900.0
2024-07-03,20010,2355.0,2364.0,2343.0,2343.0,0,0,139500.0,327727900.0,1.0,2355.0,2364.0,2343.0,2343.0,139500.0
2024-07-04,20010,2352.0,2353.0,2326.0,2331.0,0,0,90200.0,210518200.0,1.0,2352.0,2353.0,2326.0,2331.0,90200.0
2024-07-05,20010,2335.0,2339.0,2285.0,2291.0,0,0,162500.0,374076900.0,1.0,2335.0,2339.0,2285.0,2291.0,162500.0
2024-07-08,20010,2299.0,2299.0,2273.0,2289.0,0,0,123000.0,280949200.0,1.0,2299.0,2299.0,2273.0,2289.0,123000.0
2024-07-09,20010,2298.0,2314.0,2284.0,2311.0,0,0,149800.0,345159000.0,1.0,2298.0,2314.0,2284.0,2311.0,149800.0
2024-07-10,20010,2308.0,2330.0,2301.0,2321.0,0,0,213200.0,494268000.0,1.0,2308.0,2330.0,2301.0,2321.0,213200.0
2024-07-11,20010,2328.0,2331.0,2311.0,2314.0,0,0,112200.0,260028600.0,1.0,2328.0,2331.0,2311.0,2314.0,112200.0
2024-07-12,20010,2309.0,2328.0,2296.0,2327.0,0,0,164200.0,380934500.0,1.0,2309.0,2328.0,2296.0,2327.0,164200.0
2024-07-16,20010,2337.0,2337.0,2325.0,2335.0,0,0,116500.0,271750700.0,1.0,2337.0,2337.0,2325.0,2335.0,116500.0
2024-07-17,20010,2335.0,2349.0,2320.0,2349.0,0,0,211500.0,494487500.0,1.0,2335.0,2349.0,2320.0,2349.0,211500.0
2024-07-18,20010,2350.0,2384.0,2344.0,2357.0,0,0,396800.0,937934700.0,1.0,2350.0,2384.0,2344.0,2357.0,396800.0
2024-07-19,20010,2362.0,2362.0,2325.0,2331.0,0,0,190700.0,446099300.0,1.0,2362.0,2362.0,2325.0,2331.0,190700.0
2024-07-22,20010,2329.0,2329.0,2305.0,2311.0,0,0,132400.0,306393000.0,1.0,2329.0,2329.0,2305.0,2311.0,132400.0
2024-07-23,20010,2317.0,2334.0,2304.0,2328.0,0,0,128400.0,298631100.0,1.0,2317.0,2334.0,2304.0,2328.0,128400.0
2024-07-24,20010,2330.0,2332.0,2290.0,2295.0,0,0,226000.0,520172900.0,1.0,2330.0,2332.0,2290.0,2295.0,226000.0
2024-07-25,20010,2277.0,2318.0,2264.0,2300.0,0,0,293100.0,672678900.0,1.0,2277.0,2318.0,2264.0,2300.0,293100.0
2024-07-26,20010,2317.0,2317.0,2281.0,2287.0,0,0,184500.0,423382100.0,1.0,2317.0,2317.0,2281.0,2287.0,184500.0
2024-07-29,20010,2310.0,2328.0,2296.0,2323.0,0,0,163700.0,379500800.0,1.0,2310.0,2328.0,2296.0,2323.0,163700.0
2024-07-30,20010,2325.0,2335.0,2303.0,2308.0,0,0,170500.0,394018400.0,1.0,2325.0,2335.0,2303.0,2308.0,170500.0
2024-07-31,20010,2300.0,2367.0,2300.0,2367.0,0,0,280900.0,660699800.0,1.0,2300.0,2367.0,2300.0,2367.0,280900.0
2024-08-01,20010,2350.0,2358.0,2296.0,2308.0,0,0,225100.0,521780200.0,1.0,2350.0,2358.0,2296.0,2308.0,225100.0
2024-08-02,20010,2262.0,2278.0,2220.0,2240.0,0,0,327500.0,734450100.0,1.0,2262.0,2278.0,2220.0,2240.0,327500.0
2024-08-05,20010,2208.0,2238.0,2101.0,2200.0,0,0,787900.0,1712455700.0,1.0,2208.0,2238.0,2101.0,2200.0,787900.0
2024-08-06,20010,2207.0,2250.0,2142.0,2157.0,0,0,696100.0,1525964700.0,1.0,2207.0,2250.0,2142.0,2157.0,696100.0
2024-08-07,20010,2123.0,2246.0,2123.0,2150.0,0,0,489600.0,1071318500.0,1.0,2123.0,2246.0,2123.0,2150.0,489600.0
2024-08-08,20010,2152.0,2230.0,2152.0,2189.0,0,0,414800.0,912822200.0,1.0,2152.0,2230.0,2152.0,2189.0,414800.0
2024-08-09,20010,2215.0,2215.0,2156.0,2174.0,0,0,284600.0,622072000.0,1.0,2215.0,2215.0,2156.0,2174.0,284600.0
2024-08-13,20010,2160.0,2218.0,2155.0,2215.0,0,0,327900.0,721385400.0,1.0,2160.0,2218.0,2155.0,2215.0,327900.0
2024-08-14,20010,2215.0,2220.0,2192.0,2195.0,0,0,169500.0,373163200.0,1.0,2215.0,2220.0,2192.0,2195.0,169500.0
2024-08-15,20010,2206.0,2230.0,2200.0,2224.0,0,0,148500.0,329649500.0,1.0,2206.0,2230.0,2200.0,2224.0,148500.0
2024-08-16,20010,2240.0,2244.0,2221.0,2232.0,0,0,145000.0,323628600.0,1.0,2240.0,2244.0,2221.0,2232.0,145000.0
2024-08-19,20010,2225.0,2231.0,2204.0,2214.0,0,0,98800.0,219057800.0,1.0,2225.0,2231.0,2204.0,2214.0,98800.0
2024-08-20,20010,2214.0,2234.0,2201.0,2227.0,0,0,135600.0,301447900.0,1.0,2214.0,2234.0,2201.0,2227.0,135600.0
2024-08-21,20010,2233.0,2247.0,2211.0,2220.0,0,0,133200.0,296281900.0,1.0,2233.0,2247.0,2211.0,2220.0,133200.0
2024-08-22,20010,2229.0,2234.0,2221.0,2225.0,0,0,122200.0,272128300.0,1.0,2229.0,2234.0,2221.0,2225.0,122200.0
2024-08-23,20010,2226.0,2250.0,2226.0,2242.0,0,0,193400.0,433527200.0,1.0,2226.0,2250.0,2226.0,2242.0,193400.0
2024-08-26,20010,2250.0,2265.0,2242.0,2253.0,0,0,201200.0,453234800.0,1.0,2250.0,2265.0,2242.0,2253.0,201200.0
2024-08-27,20010,2272.0,2314.0,2264.0,2314.0,0,0,234400.0,538192100.0,1.0,2272.0,2314.0,2264.0,2314.0,234400.0
2024-08-28,20010,2310.0,2315.0,2291.0,2295.0,0,0,144100.0,331146800.0,1.0,2310.0,2315.0,2291.0,2295.0,144100.0
2024-08-29,20010,2298.0,2298.0,2267.0,2274.0,0,0,164500.0,374795800.0,1.0,2298.0,2298.0,2267.0,2274.0,164500.0
2024-08-30,20010,2274.0,2282.0,2262.0,2272.0,0,0,148500.0,337555900.0,1.0,2274.0,2282.0,2262.0,2272.0,148500.0
2024-09-02,20010,2275.0,2279.0,2250.0,2250.0,0,0,88000.0,198633800.0,1.0,2275.0,2279.0,2250.0,2250.0,88000.0
2024-09-03,20010,2250.0,2278.0,2250.0,2273.0,0,0,81800.0,185663200.0,1.0,2250.0,2278.0,2250.0,2273.0,81800.0
2024-09-04,20010,2265.0,2278.0,2248.0,2251.0,0,0,109900.0,248071800.0,1.0,2265.0,2278.0,2248.0,2251.0,109900.0
2024-09-05,20010,2260.0,2282.0,2255.0,2265.0,0,0,134100.0,303999300.0,1.0,2260.0,2282.0,2255.0,2265.0,134100.0
2024-09-06,20010,2278.0,2278.0,2242.0,2247.0,0,0,120800.0,272267800.0,1.0,2278.0,2278.0,2242.0,2247.0,120800.0
2024-09-09,20010,2247.0,2275.0,2232.0,2259.0,0,0,143500.0,322971000.0,1.0,2247.0,2275.0,2232.0,2259.0,143500.0
2024-09-10,20010,2253.0,2267.0,2251.0,2256.0,0,0,118800.0,268092400.0,1.0,2253.0,2267.0,2251.0,2256.0,118800.0
2024-09-11,20010,2256.0,2256.0,2203.0,2214.0,0,0,191200.0,425204200.0,1.0,2256.0,2256.0,2203.0,2214.0,191200.0
2024-09-12,20010,2226.0,2236.0,2214.0,2227.0,0,0,138000.0,307183000.0,1.0,2226.0,2236.0,2214.0,2227.0,138000.0
2024-09-13,20010,2224.0,2228.0,2190.0,2200.0,0,0,200100.0,441465000.0,1.0,2224.0,2228.0,2190.0,2200.0,200100.0
2024-09-17,20010,2217.0,2229.0,2203.0,2216.0,0,0,120400.0,266695100.0,1.0,2217.0,2229.0,2203.0,2216.0,120400.0
2024-09-18,20010,2224.0,2233.0,2208.0,2223.0,0,0,101000.0,224178300.0,1.0,2224.0,2233.0,2208.0,2223.0,101000.0
2024-09-19,20010,2224.0,2238.0,2217.0,2226.0,0,0,107200.0,238943000.0,1.0,2224.0,2238.0,2217.0,2226.0,107200.0
2024-09-20,20010,2224.0,2248.0,2223.0,2235.0,0,0,268800.0,600722100.0,1.0,2224.0,2248.0,2223.0,2235.0,268800.0
2024-09-24,20010,2257.0,2271.0,2248.0,2256.0,0,0,255900.0,578051000.0,1.0,2257.0,2271.0,2248.0,2256.0,255900.0
2024-09-25,20010,2256.0,2259.0,2233.0,2245.0,0,0,149100.0,334406900.0,1.0,2256.0,2259.0,2233.0,2245.0,149100.0
2024-09-26,20010,2254.0,2274.0,2249.0,2272.0,0,0,188800.0,427536700.0,1.0,2254.0,2274.0,2249.0,2272.0,188800.0
2024-09-27,20010,2215.0,2245.0,2215.0,2234.0,0,0,170900.0,381612200.0,1.0,2215.0,2245.0,2215.0,2234.0,170900.0
2024-09-30,20010,2212.0,2230.0,2202.0,2219.0,0,0,152500.0,338219600.0,1.0,2212.0,2230.0,2202.0,2219.0,152500.0
2024-10-01,20010,2210.0,2228.0,2209.0,2211.0,0,0,107700.0,238641800.0,1.0,2210.0,2228.0,2209.0,2211.0,107700.0
2024-10-02,20010,2234.0,2235.0,2205.0,2221.0,0,0,139700.0,309871200.0,1.0,2234.0,2235.0,2205.0,2221.0,139700.0
2024-10-03,20010,2222.0,2233.0,2208.0,2216.0,0,0,120200.0,266509800.0,1.0,2222.0,2233.0,2208.0,2216.0,120200.0
2024-10-04,20010,2222.0,2229.0,2213.0,2228.0,0,0,138600.0,307997900.0,1.0,2222.0,2229.0,2213.0,2228.0,138600.0
2024-10-07,20010,2240.0,2245.0,2224.0,2240.0,0,0,140000.0,313303400.0,1.0,2240.0,2245.0,2224.0,2240.0,140000.0
2024-10-08,20010,2235.0,2258.0,2234.0,2249.0,0,0,204900.0,461305400.0,1.0,2235.0,2258.0,2234.0,2249.0,204900.0
2024-10-09,20010,2249.0,2258.0,2241.0,2258.0,0,0,169500.0,381710300.0,1.0,2249.0,2258.0,2241.0,2258.0,169500.0
2024-10-10,20010,2251.0,2253.0,2238.0,2244.0,0,0,116600.0,261748000.0,1.0,2251.0,2253.0,2238.0,2244.0,116600.0
2024-10-11,20010,2244.0,2244.0,2228.0,2228.0,0,0,132100.0,294951500.0,1.0,2244.0,2244.0,2228.0,2228.0,132100.0
2024-10-15,20010,2238.0,2247.0,2231.0,2241.0,0,0,147800.0,331038500.0,1.0,2238.0,2247.0,2231.0,2241.0,147800.0
2024-10-16,20010,2235.0,2248.0,2226.0,2226.0,0,0,148200.0,330928200.0,1.0,2235.0,2248.0,2226.0,2226.0,148200.0
2024-10-17,20010,2226.0,2226.0,2211.0,2212.0,0,0,120800.0,267671900.0,1.0,2226.0,2226.0,2211.0,2212.0,120800.0
2024-10-18,20010,2214.0,2219.0,2202.0,2205.0,0,0,118900.0,262526700.0,1.0,2214.0,2219.0,2202.0,2205.0,118900.0
2024-10-21,20010,2208.0,2213.0,2191.0,2192.0,0,0,107000.0,235109000.0,1.0,2208.0,2213.0,2191.0,2192.0,107000.0
2024-10-22,20010,2192.0,2202.0,2177.0,2193.0,0,0,168900.0,369942100.0,1.0,2192.0,2202.0,2177.0,2193.0,168900.0
2024-10-23,20010,2195.0,2201.0,2184.0,2184.0,0,0,115200.0,252228700.0,1.0,2195.0,2201.0,2184.0,2184.0,115200.0
2024-10-24,20010,2194.0,2210.0,2184.0,2193.0,0,0,165500.0,363586700.0,1.0,2194.0,2210.0,2184.0,2193.0,165500.0
2024-10-25,20010,2193.0,2195.0,2170.0,2171.0,0,0,150000.0,326554500.0,1.0,2193.0,2195.0,2170.0,2171.0,150000.0
2024-10-28,20010,2170.0,2183.0,2164.0,2173.0,0,0,147500.0,320682200.0,1.0,2170.0,2183.0,2164.0,2173.0,147500.0
2024-10-29,20010,2178.0,2193.0,2177.0,2184.0,0,0,95700.0,209284900.0,1.0,2178.0,2193.0,2177.0,2184.0,95700.0
2024-10-30,20010,2184.0,2202.0,2181.0,2187.0,0,0,574700.0,1257821000.0,1.0,2184.0,2202.0,2181.0,2187.0,574700.0
2024-10-31,20010,2199.0,2206.0,2189.0,2202.0,0,0,172700.0,380040300.0,1.0,2199.0,2206.0,2189.0,2202.0,172700.0
2024-11-01,20010,2187.0,2194.0,2164.0,2169.0,0,0,129300.0,281182900.0,1.0,2187.0,2194.0,2164.0,2169.0,129300.0
2024-11-05,20010,2171.0,2180.0,2163.0,2166.0,0,0,130500.0,283309700.0,1.0,2171.0,2180.0,2163.0,2166.0,130500.0
2024-11-06,20010,2166.0,2206.0,2166.0,2166.0,0,0,145200.0,316021300.0,1.0,2166.0,2206.0,2166.0,2166.0,145200.0
2024-11-07,20010,2185.0,2218.0,2183.0,2213.0,0,0,294100.0,649414900.0,1.0,2185.0,2218.0,2183.0,2213.0,294100.0
2024-11-08,20010,2165.0,2213.0,2151.0,2176.0,0,0,427600.0,930290400.0,1.0,2165.0,2213.0,2151.0,2176.0,427600.0
2024-11-11,20010,2172.0,2194.0,2171.0,2180.0,0,0,205700.0,449048300.0,1.0,2172.0,2194.0,2171.0,2180.0,205700.0
2024-11-12,20010,2200.0,2211.0,2194.0,2202.0,0,0,162500.0,357915300.0,1.0,2200.0,2211.0,2194.0,2202.0,162500.0
2024-11-13,20010,2194.0,2209.0,2190.0,2193.0,0,0,123100.0,270721700.0,1.0,2194.0,2209.0,2190.0,2193.0,123100.0
2024-11-14,20010,2207.0,2210.0,2186.0,2187.0,0,0,127800.0,280530400.0,1.0,2207.0,2210.0,2186.0,2187.0,127800.0
2024-11-15,20010,2192.0,2193.0,2147.0,2148.0,0,0,234300.0,507132700.0,1.0,2192.0,2193.0,2147.0,2148.0,234300.0
2024-11-18,20010,2139.0,2140.0,2122.0,2125.0,0,0,376300.0,801014500.0,1.0,2139.0,2140.0,2122.0,2125.0,376300.0
2024-11-19,20010,2130.0,2143.0,2126.0,2140.0,0,0,171400.0,366110100.0,1.0,2130.0,2143.0,2126.0,2140.0,171400.0
2024-11-20,20010,2140.0,2145.0,2130.0,2138.0,0,0,115600.0,246984700.0,1.0,2140.0,2145.0,2130.0,2138.0,115600.0
2024-11-21,20010,2145.0,2150.0,2130.0,2130.0,0,0,103500.0,221303000.0,1.0,2145.0,2150.0,2130.0,2130.0,103500.0
2024-11-22,20010,2122.0,2129.0,2115.0,2123.0,0,0,148400.0,315068600.0,1.0,2122.0,2129.0,2115.0,2123.0,148400.0
2024-11-25,20010,2138.0,2143.0,2119.0,2121.0,0,0,169700.0,360765700.0,1.0,2138.0,2143.0,2119.0,2121.0,169700.0
2024-11-26,20010,2118.0,2126.0,2097.0,2105.0,0,0,229500.0,483312000.0,1.0,2118.0,2126.0,2097.0,2105.0,229500.0
2024-11-27,20010,2105.0,2105.0,2088.0,2097.0,0,0,222100.0,465663300.0,1.0,2105.0,2105.0,2088.0,2097.0,222100.0
2024-11-28,20010,2108.0,2138.0,2108.0,2133.0,0,0,173000.0,367994100.0,1.0,2108.0,2138.0,2108.0,2133.0,173000.0
2024-11-29,20010,2127.0,2130.0,2117.0,2124.0,0,0,92300.0,196125800.0,1.0,2127.0,2130.0,2117.0,2124.0,92300.0
2024-12-02,20010,2125.0,2134.0,2118.0,2130.0,0,0,166600.0,354518800.0,1.0,2125.0,2134.0,2118.0,2130.0,166600.0
2024-12-03,20010,2139.0,2163.0,2137.0,2151.0,0,0,198400.0,427065400.0,1.0,2139.0,2163.0,2137.0,2151.0,198400.0
2024-12-04,20010,2145.0,2154.0,2131.0,2131.0,0,0,129700.0,277558100.0,1.0,2145.0,2154.0,2131.0,2131.0,129700.0
2024-12-05,20010,2131.0,2137.0,2125.0,2130.0,0,0,95100.0,202527600.0,1.0,2131.0,2137.0,2125.0,2130.0,95100.0
2024-12-06,20010,2140.0,2146.0,2133.0,2137.0,0,0,142400.0,304455500.0,1.0,2140.0,2146.0,2133.0,2137.0,142400.0
2024-12-09,20010,2139.0,2144.0,2124.0,2128.0,0,0,183800.0,391822200.0,1.0,2139.0,2144.0,2124.0,2128.0,183800.0
2024-12-10,20010,2145.0,2148.0,2127.0,2131.0,0,0,155100.0,330977900.0,1.0,2145.0,2148.0,2127.0,2131.0,155100.0
2024-12-11,20010,2143.0,2154.0,2135.0,2144.0,0,0,160700.0,344404500.0,1.0,2143.0,2154.0,2135.0,2144.0,160700.0
2024-12-12,20010,2154.0,2157.0,2144.0,2147.0,0,0,279700.0,601240100.0,1.0,2154.0,2157.0,2144.0,2147.0,279700.0
2024-12-13,20010,2134.0,2171.0,2134.0,2162.0,0,0,298100.0,642440400.0,1.0,2134.0,2171.0,2134.0,2162.0,298100.0
2024-12-16,20010,2165.0,2166.0,2145.0,2147.0,0,0,144000.0,309787400.0,1.0,2165.0,2166.0,2145.0,2147.0,144000.0
2024-12-17,20010,2145.0,2176.0,2145.0,2158.0,0,0,145900.0,315597500.0,1.0,2145.0,2176.0,2145.0,2158.0,145900.0
2024-12-18,20010,2159.0,2159.0,2127.0,2127.0,0,0,129600.0,276512300.0,1.0,2159.0,2159.0,2127.0,2127.0,129600.0
2024-12-19,20010,2125.0,2139.0,2124.0,2128.0,0,0,114200.0,243358600.0,1.0,2125.0,2139.0,2124.0,2128.0,114200.0
2024-12-20,20010,2134.0,2146.0,2128.0,2128.0,0,0,181500.0,387145600.0,1.0,2134.0,2146.0,2128.0,2128.0,181500.0
2024-12-23,20010,2132.0,2134.0,2124.0,2125.0,0,0,101900.0,216805600.0,1.0,2132.0,2134.0,2124.0,2125.0,101900.0
2024-12-24,20010,2138.0,2155.0,2130.0,2142.0,0,0,125800.0,270047900.0,1.0,2138.0,2155.0,2130.0,2142.0,125800.0
2024-12-25,20010,2144.0,2145.0,2118.0,2132.0,0,0,130200.0,276834500.0,1.0,2144.0,2145.0,2118.0,2132.0,130200.0
2024-12-26,20010,2131.0,2149.0,2131.0,2149.0,0,0,134800.0,288790900.0,1.0,2131.0,2149.0,2131.0,2149.0,134800.0
2024-12-27,20010,2159.0,2174.0,2151.0,2167.0,0,0,217800.0,471359100.0,1.0,2159.0,2174.0,2151.0,2167.0,217800.0
2024-12-30,20010,2187.0,2193.0,2177.0,2186.0,0,0,184700.0,403750100.0,1.0,2187.0,2193.0,2177.0,2186.0,184700.0
2025-01-06,20010,2200.0,2204.0,2191.0,2200.0,0,0,367200.0,807708700.0,1.0,2200.0,2204.0,2191.0,2200.0,367200.0
2025-01-07,20010,2201.0,2207.0,2193.0,2200.0,0,0,217400.0,478511900.0,1.0,2201.0,2207.0,2193.0,2200.0,217400.0
2025-01-08,20010,2194.0,2198.0,2174.0,2179.0,0,0,226000.0,493956200.0,1.0,2194.0,2198.0,2174.0,2179.0,226000.0
2025-01-09,20010,2182.0,2183.0,2163.0,2170.0,0,0,160300.0,347822400.0,1.0,2182.0,2183.0,2163.0,2170.0,160300.0
2025-01-10,20010,2175.0,2178.0,2146.0,2149.0,0,0,308300.0,665848400.0,1.0,2175.0,2178.0,2146.0,2149.0,308300.0
2025-01-14,20010,2161.0,2163.0,2129.0,2134.0,0,0,204600.0,437285500.0,1.0,2161.0,2163.0,2129.0,2134.0,204600.0
2025-01-15,20010,2144.0,2148.0,2122.0,2128.0,0,0,171200.0,364721300.0,1.0,2144.0,2148.0,2122.0,2128.0,171200.0
2025-01-16,20010,2128.0,2130.0,2116.0,2118.0,0,0,159000.0,337153900.0,1.0,2128.0,2130.0,2116.0,2118.0,159000.0
2025-01-17,20010,2121.0,2125.0,2111.0,2120.0,0,0,174900.0,370571500.0,1.0,2121.0,2125.0,2111.0,2120.0,174900.0
2025-01-20,20010,2128.0,2128.0,2114.0,2116.0,0,0,133600.0,283046000.0,1.0,2128.0,2128.0,2114.0,2116.0,133600.0
2025-01-21,20010,2117.0,2126.0,2116.0,2119.0,0,0,168800.0,357727600.0,1.0,2117.0,2126.0,2116.0,2119.0,168800.0
2025-01-22,20010,2127.0,2128.0,2117.0,2121.0,0,0,121900.0,258667200.0,1.0,2127.0,2128.0,2117.0,2121.0,121900.0
2025-01-23,20010,2120.0,2126.0,2108.0,2120.0,0,0,231200.0,489507200.0,1.0,2120.0,2126.0,2108.0,2120.0,231200.0
2025-01-24,20010,2143.0,2147.0,2118.0,2119.0,0,0,134600.0,286085900.0,1.0,2143.0,2147.0,2118.0,2119.0,134600.0
2025-01-27,20010,2140.0,2150.0,2128.0,2150.0,0,0,121900.0,261305100.0,1.0,2140.0,2150.0,2128.0,2150.0,121900.0
2025-01-28,20010,2150.0,2170.0,2147.0,2161.0,0,0,133000.0,287490400.0,1.0,2150.0,2170.0,2147.0,2161.0,133000.0
2025-01-29,20010,2155.0,2166.0,2149.0,2149.0,0,0,132800.0,286183800.0,1.0,2155.0,2166.0,2149.0,2149.0,132800.0
2025-01-30,20010,2150.0,2179.0,2147.0,2172.0,0,0,192300.0,416452800.0,1.0,2150.0,2179.0,2147.0,2172.0,192300.0
2025-01-31,20010,2180.0,2180.0,2164.0,2172.0,0,0,144200.0,313022200.0,1.0,2180.0,2180.0,2164.0,2172.0,144200.0
2025-02-03,20010,2170.0,2171.0,2151.0,2155.0,0,0,244300.0,526968900.0,1.0,2170.0,2171.0,2151.0,2155.0,244300.0
2025-02-04,20010,2168.0,2202.0,2164.0,2166.0,0,0,277900.0,605814400.0,1.0,2168.0,2202.0,2164.0,2166.0,277900.0
2025-02-05,20010,2172.0,2179.0,2158.0,2162.0,0,0,186100.0,403245000.0,1.0,2172.0,2179.0,2158.0,2162.0,186100.0
2025-02-06,20010,2160.0,2198.0,2160.0,2189.0,0,0,317100.0,693057400.0,1.0,2160.0,2198.0,2160.0,2189.0,317100.0
2025-02-07,20010,2180.0,2204.0,2143.0,2193.0,0,0,241400.0,527292500.0,1.0,2180.0,2204.0,2143.0,2193.0,241400.0
2025-02-10,20010,2160.0,2178.0,2155.0,2159.0,0,0,177400.0,383631300.0,1.0,2160.0,2178.0,2155.0,2159.0,177400.0
2025-02-12,20010,2167.0,2168.0,2135.0,2142.0,0,0,169600.0,364036300.0,1.0,2167.0,2168.0,2135.0,2142.0,169600.0
2025-02-13,20010,2158.0,2158.0,2139.0,2149.0,0,0,125800.0,270160500.0,1.0,2158.0,2158.0,2139.0,2149.0,125800.0
2025-02-14,20010,2145.0,2145.0,2117.0,2121.0,0,0,155500.0,330624800.0,1.0,2145.0,2145.0,2117.0,2121.0,155500.0
2025-02-17,20010,2121.0,2130.0,2117.0,2117.0,0,0,131400.0,278861000.0,1.0,2121.0,2130.0,2117.0,2117.0,131400.0
2025-02-18,20010,2120.0,2130.0,2116.0,2126.0,0,0,119300.0,253285100.0,1.0,2120.0,2130.0,2116.0,2126.0,119300.0
2025-02-19,20010,2135.0,2145.0,2129.0,2136.0,0,0,138200.0,295171100.0,1.0,2135.0,2145.0,2129.0,2136.0,138200.0
2025-02-20,20010,2135.0,2140.0,2113.0,2115.0,0,0,160400.0,339990900.0,1.0,2135.0,2140.0,2113.0,2115.0,160400.0
2025-02-21,20010,2116.0,2129.0,2111.0,2117.0,0,0,158600.0,335829400.0,1.0,2116.0,2129.0,2111.0,2117.0,158600.0
2025-02-25,20010,2143.0,2143.0,2121.0,2139.0,0,0,123500.0,263515500.0,1.0,2143.0,2143.0,2121.0,2139.0,123500.0
2025-02-26,20010,2142.0,2142.0,2116.0,2122.0,0,0,128100.0,271855100.0,1.0,2142.0,2142.0,2116.0,2122.0,128100.0
2025-02-27,20010,2125.0,2134.0,2118.0,2134.0,0,0,106500.0,226776200.0,1.0,2125.0,2134.0,2118.0,2134.0,106500.0
2025-02-28,20010,2147.0,2147.0,2130.0,2137.0,0,0,178800.0,382190200.0,1.0,2147.0,2147.0,2130.0,2137.0,178800.0
2025-03-03,20010,2149.0,2163.0,2145.0,2152.0,0,0,186200.0,400784400.0,1.0,2149.0,2163.0,2145.0,2152.0,186200.0
2025-03-04,20010,2162.0,2179.0,2150.0,2150.0,0,0,195700.0,422560400.0,1.0,2162.0,2179.0,2150.0,2150.0,195700.0
2025-03-05,20010,2158.0,2175.0,2155.0,2164.0,0,0,163200.0,353620400.0,1.0,2158.0,2175.0,2155.0,2164.0,163200.0
2025-03-06,20010,2170.0,2188.0,2170.0,2178.0,0,0,161000.0,351036700.0,1.0,2170.0,2188.0,2170.0,2178.0,161000.0
2025-03-07,20010,2178.0,2200.0,2166.0,2191.0,0,0,191700.0,419657200.0,1.0,2178.0,2200.0,2166.0,2191.0,191700.0
2025-03-10,20010,2200.0,2206.0,2187.0,2190.0,0,0,180300.0,395947400.0,1.0,2200.0,2206.0,2187.0,2190.0,180300.0
2025-03-11,20010,2186.0,2196.0,2177.0,2182.0,0,0,167100.0,364940400.0,1.0,2186.0,2196.0,2177.0,2182.0,167100.0
2025-03-12,20010,2170.0,2194.0,2167.0,2188.0,0,0,242900.0,530631200.0,1.0,2170.0,2194.0,2167.0,2188.0,242900.0
2025-03-13,20010,2182.0,2196.0,2181.0,2191.0,0,0,191100.0,418418200.0,1.0,2182.0,2196.0,2181.0,2191.0,191100.0
2025-03-14,20010,2169.0,2204.0,2162.0,2186.0,0,0,247900.0,542033000.0,1.0,2169.0,2204.0,2162.0,2186.0,247900.0
2025-03-17,20010,2190.0,2198.0,2186.0,2197.0,0,0,128300.0,281278900.0,1.0,2190.0,2198.0,2186.0,2197.0,128300.0
2025-03-18,20010,2200.0,2209.0,2190.0,2203.0,0,0,193600.0,426263600.0,1.0,2200.0,2209.0,2190.0,2203.0,193600.0
2025-03-19,20010,2209.0,2228.0,2208.0,2220.0,0,0,106400.0,236046000.0,1.0,2209.0,2228.0,2208.0,2220.0,106400.0
2025-03-21,20010,2213.0,2225.0,2210.0,2216.0,0,0,157500.0,349130100.0,1.0,2213.0,2225.0,2210.0,2216.0,157500.0
2025-03-24,20010,2216.0,2217.0,2197.0,2210.0,0,0,175600.0,387552300.0,1.0,2216.0,2217.0,2197.0,2210.0,175600.0
2025-03-25,20010,2205.0,2222.0,2200.0,2219.0,0,0,164200.0,363119000.0,1.0,2205.0,2222.0,2200.0,2219.0,164200.0
2025-03-26,20010,2224.0,2230.0,2210.0,2217.0,0,0,222600.0,494095400.0,1.0,2224.0,2230.0,2210.0,2217.0,222600.0
2025-03-27,20010,2219.0,2239.0,2213.0,2237.0,0,0,284100.0,633564200.0,1.0,2219.0,2239.0,2213.0,2237.0,284100.0
2025-03-28,20010,2198.0,2210.0,2189.0,2207.0,0,0,202300.0,445737600.0,1.0,2198.0,2210.0,2189.0,2207.0,202300.0
2025-03-31,20010,2189.0,2190.0,2164.0,2170.0,0,0,232200.0,504669400.0,1.0,2189.0,2190.0,2164.0,2170.0,232200.0
2025-04-01,20010,2192.0,2193.0,2166.0,2167.0,0,0,121400.0,263714400.0,1.0,2192.0,2193.0,2166.0,2167.0,121400.0
2025-04-02,20010,2167.0,2170.0,2145.0,2152.0,0,0,147100.0,316834100.0,1.0,2167.0,2170.0,2145.0,2152.0,147100.0
2025-04-03,20010,2121.0,2157.0,2120.0,2157.0,0,0,217200.0,465587500.0,1.0,2121.0,2157.0,2120.0,2157.0,217200.0
2025-04-04,20010,2138.0,2147.0,2123.0,2143.0,0,0,274800.0,587300000.0,1.0,2138.0,2147.0,2123.0,2143.0,274800.0
2025-04-07,20010,2100.0,2148.0,2091.0,2116.0,0,0,506600.0,1075490200.0,1.0,2100.0,2148.0,2091.0,2116.0,506600.0
2025-04-08,20010,2146.0,2178.0,2131.0,2170.0,0,0,311800.0,673539900.0,1.0,2146.0,2178.0,2131.0,2170.0,311800.0
2025-04-09,20010,2149.0,2183.0,2131.0,2173.0,0,0,187000.0,404302200.0,1.0,2149.0,2183.0,2131.0,2173.0,187000.0
2025-04-10,20010,2200.0,2239.0,2163.0,2219.0,0,0,569000.0,1254272400.0,1.0,2200.0,2239.0,2163.0,2219.0,569000.0
2025-04-11,20010,2190.0,2219.0,2183.0,2213.0,0,0,255000.0,562954400.0,1.0,2190.0,2219.0,2183.0,2213.0,255000.0
2025-04-14,20010,2230.0,2243.0,2224.0,2235.0,0,0,154500.0,345341200.0,1.0,2230.0,2243.0,2224.0,2235.0,154500.0
2025-04-15,20010,2246.0,2248.0,2227.0,2234.0,0,0,93900.0,210022100.0,1.0,2246.0,2248.0,2227.0,2234.0,93900.0
2025-04-16,20010,2244.0,2259.0,2230.0,2253.0,0,0,161800.0,363746000.0,1.0,2244.0,2259.0,2230.0,2253.0,161800.0
2025-04-17,20010,2258.0,2266.0,2243.0,2245.0,0,0,196400.0,441750700.0,1.0,2258.0,2266.0,2243.0,2245.0,196400.0
2025-04-18,20010,2250.0,2267.0,2245.0,2265.0,0,0,180100.0,407026100.0,1.0,2250.0,2267.0,2245.0,2265.0,180100.0
2025-04-21,20010,2270.0,2284.0,2263.0,2282.0,0,0,256400.0,583964900.0,1.0,2270.0,2284.0,2263.0,2282.0,256400.0
2025-04-22,20010,2282.0,2315.0,2273.0,2315.0,0,0,439200.0,1012065600.0,1.0,2282.0,2315.0,2273.0,2315.0,439200.0
2025-04-23,20010,2311.0,2320.0,2295.0,2315.0,0,0,367600.0,849678000.0,1.0,2311.0,2320.0,2295.0,2315.0,367600.0
2025-04-24,20010,2290.0,2302.0,2247.0,2254.0,0,0,248400.0,563120700.0,1.0,2290.0,2302.0,2247.0,2254.0,248400.0
2025-04-25,20010,2233.0,2248.0,2225.0,2238.0,0,0,243500.0,545061500.0,1.0,2233.0,2248.0,2225.0,2238.0,243500.0
2025-04-28,20010,2239.0,2253.0,2231.0,2247.0,0,0,248900.0,558894500.0,1.0,2239.0,2253.0,2231.0,2247.0,248900.0
2025-04-30,20010,2255.0,2261.0,2233.0,2250.0,0,0,205200.0,461404000.0,1.0,2255.0,2261.0,2233.0,2250.0,205200.0
2025-05-01,20010,2243.0,2245.0,2232.0,2237.0,0,0,154100.0,344694400.0,1.0,2243.0,2245.0,2232.0,2237.0,154100.0
2025-05-02,20010,2222.0,2231.0,2202.0,2216.0,0,0,198800.0,440582500.0,1.0,2222.0,2231.0,2202.0,2216.0,198800.0
2025-05-07,20010,2225.0,2248.0,2224.0,2237.0,0,0,214900.0,480728300.0,1.0,2225.0,2248.0,2224.0,2237.0,214900.0
2025-05-08,20010,2248.0,2259.0,2231.0,2256.0,0,0,223000.0,500895300.0,1.0,2248.0,2259.0,2231.0,2256.0,223000.0
2025-05-09,20010,2256.0,2271.0,2251.0,2262.0,0,0,308900.0,698764400.0,1.0,2256.0,2271.0,2251.0,2262.0,308900.0
2025-05-12,20010,2259.0,2263.0,2242.0,2249.0,0,0,273700.0,615954500.0,1.0,2259.0,2263.0,2242.0,2249.0,273700.0
2025-05-13,20010,2245.0,2247.0,2216.0,2226.0,0,0,249200.0,554928200.0,1.0,2245.0,2247.0,2216.0,2226.0,249200.0
2025-05-14,20010,2202.0,2215.0,2175.0,2200.0,0,0,439700.0,963773600.0,1.0,2202.0,2215.0,2175.0,2200.0,439700.0
2025-05-15,20010,2190.0,2208.0,2183.0,2204.0,0,0,267000.0,586916000.0,1.0,2190.0,2208.0,2183.0,2204.0,267000.0
2025-05-16,20010,2219.0,2219.0,2198.0,2212.0,0,0,233400.0,515071400.0,1.0,2219.0,2219.0,2198.0,2212.0,233400.0
2025-05-19,20010,2225.0,2242.0,2222.0,2238.0,0,0,219000.0,489119800.0,1.0,2225.0,2242.0,2222.0,2238.0,219000.0
2025-05-20,20010,2223.0,2224.0,2202.0,2205.0,0,0,256900.0,567810900.0,1.0,2223.0,2224.0,2202.0,2205.0,256900.0
2025-05-21,20010,2200.0,2205.0,2189.0,2194.0,0,0,225900.0,496041700.0,1.0,2200.0,2205.0,2189.0,2194.0,225900.0
2025-05-22,20010,2191.0,2197.0,2170.0,2170.0,0,0,212700.0,463885000.0,1.0,2191.0,2197.0,2170.0,2170.0,212700.0
2025-05-23,20010,2174.0,2183.0,2172.0,2181.0,0,0,154000.0,335507200.0,1.0,2174.0,2183.0,2172.0,2181.0,154000.0
2025-05-26,20010,2191.0,2191.0,2177.0,2183.0,0,0,115700.0,252484700.0,1.0,2191.0,2191.0,2177.0,2183.0,115700.0
2025-05-27,20010,2181.0,2189.0,2177.0,2177.0,0,0,101800.0,222107300.0,1.0,2181.0,2189.0,2177.0,2177.0,101800.0
2025-05-28,20010,2190.0,2191.0,2178.0,2178.0,0,0,152400.0,332629700.0,1.0,2190.0,2191.0,2178.0,2178.0,152400.0
2025-05-29,20010,2179.0,2184.0,2176.0,2180.0,0,0,147300.0,321084000.0,1.0,2179.0,2184.0,2176.0,2180.0,147300.0
2025-05-30,20010,2177.0,2191.0,2177.0,2181.0,0,0,288900.0,630792200.0,1.0,2177.0,2191.0,2177.0,2181.0,288900.0
2025-06-02,20010,2181.0,2184.0,2174.0,2178.0,0,0,180800.0,393759600.0,1.0,2181.0,2184.0,2174.0,2178.0,180800.0
2025-06-03,20010,2178.0,2181.0,2175.0,2181.0,0,0,174200.0,379470200.0,1.0,2178.0,2181.0,2175.0,2181.0,174200.0
2025-06-04,20010,2171.0,2173.0,2151.0,2165.0,0,0,206000.0,445561700.0,1.0,2171.0,2173.0,2151.0,2165.0,206000.0
2025-06-05,20010,2158.0,2160.0,2145.0,2155.0,0,0,242900.0,523596800.0,1.0,2158.0,2160.0,2145.0,2155.0,242900.0
2025-06-06,20010,2154.0,2164.0,2151.0,2162.0,0,0,259000.0,559459600.0,1.0,2154.0,2164.0,2151.0,2162.0,259000.0
2025-06-09,20010,2165.0,2168.0,2154.0,2154.0,0,0,168100.0,362502900.0,1.0,2165.0,2168.0,2154.0,2154.0,168100.0
2025-06-10,20010,2154.0,2165.0,2141.0,2163.0,0,0,342700.0,740196700.0,1.0,2154.0,2165.0,2141.0,2163.0,342700.0
2025-06-11,20010,2163.0,2181.0,2157.0,2173.0,0,0,181700.0,394612200.0,1.0,2163.0,2181.0,2157.0,2173.0,181700.0
2025-06-12,20010,2172.0,2179.0,2147.0,2149.0,0,0,157500.0,339296800.0,1.0,2172.0,2179.0,2147.0,2149.0,157500.0
2025-06-13,20010,2144.0,2148.0,2117.0,2117.0,0,0,252400.0,537373500.0,1.0,2144.0,2148.0,2117.0,2117.0,252400.0
2025-06-16,20010,2131.0,2148.0,2129.0,2137.0,0,0,149700.0,320243000.0,1.0,2131.0,2148.0,2129.0,2137.0,149700.0
2025-06-17,20010,2135.0,2139.0,2118.0,2118.0,0,0,131000.0,278151600.0,1.0,2135.0,2139.0,2118.0,2118.0,131000.0
2025-06-18,20010,2120.0,2131.0,2113.0,2122.0,0,0,209000.0,443650200.0,1.0,2120.0,2131.0,2113.0,2122.0,209000.0
2025-06-19,20010,2125.0,2125.0,2109.0,2116.0,0,0,127500.0,269564300.0,1.0,2125.0,2125.0,2109.0,2116.0,127500.0
2025-06-20,20010,2116.0,2116.0,2095.0,2096.0,0,0,444700.0,933647500.0,1.0,2116.0,2116.0,2095.0,2096.0,444700.0
2025-06-23,20010,2096.0,2108.0,2096.0,2108.0,0,0,145300.0,305736800.0,1.0,2096.0,2108.0,2096.0,2108.0,145300.0
2025-06-24,20010,2117.0,2118.0,2100.0,2103.0,0,0,174000.0,366333200.0,1.0,2117.0,2118.0,2100.0,2103.0,174000.0
2025-06-25,20010,2103.0,2110.0,2092.0,2093.0,0,0,200200.0,419762600.0,1.0,2103.0,2110.0,2092.0,2093.0,200200.0
2025-06-26,20010,2093.0,2109.0,2090.0,2108.0,0,0,188900.0,397453500.0,1.0,2093.0,2109.0,2090.0,2108.0,188900.0
2025-06-27,20010,2109.0,2119.0,2102.0,2112.0,0,0,375600.0,793094100.0,1.0,2109.0,2119.0,2102.0,2112.0,375600.0
2025-06-30,20010,2128.0,2137.0,2121.0,2129.0,0,0,214800.0,457480300.0,1.0,2128.0,2137.0,2121.0,2129.0,214800.0
2025-07-01,20010,2126.0,2134.0,2117.0,2123.0,0,0,139900.0,297075100.0,1.0,2126.0,2134.0,2117.0,2123.0,139900.0
2025-07-02,20010,2115.0,2142.0,2114.0,2140.0,0,0,163100.0,348372000.0,1.0,2115.0,2142.0,2114.0,2140.0,163100.0
2025-07-03,20010,2135.0,2136.0,2116.0,2126.0,0,0,127600.0,270991200.0,1.0,2135.0,2136.0,2116.0,2126.0,127600.0
2025-07-04,20010,2127.0,2130.0,2114.0,2117.0,0,0,106800.0,226371500.0,1.0,2127.0,2130.0,2114.0,2117.0,106800.0
2025-07-07,20010,2122.0,2124.0,2106.0,2109.0,0,0,104300.0,220327200.0,1.0,2122.0,2124.0,2106.0,2109.0,104300.0
2025-07-08,20010,2110.0,2113.0,2094.0,2095.0,0,0,214000.0,448951100.0,1.0,2110.0,2113.0,2094.0,2095.0,214000.0
2025-07-09,20010,2103.0,2117.0,2100.0,2105.0,0,0,168400.0,354791800.0,1.0,2103.0,2117.0,2100.0,2105.0,168400.0
2025-07-10,20010,2103.0,2114.0,2100.0,2110.0,0,0,285100.0,600617400.0,1.0,2103.0,2114.0,2100.0,2110.0,285100.0
2025-07-11,20010,2124.0,2138.0,2113.0,2113.0,0,0,133800.0,283986800.0,1.0,2124.0,2138.0,2113.0,2113.0,133800.0
2025-07-14,20010,2123.0,2124.0,2106.0,2113.0,0,0,126500.0,267401900.0,1.0,2123.0,2124.0,2106.0,2113.0,126500.0
2025-07-15,20010,2110.0,2117.0,2102.0,2116.0,0,0,143100.0,302304500.0,1.0,2110.0,2117.0,2102.0,2116.0,143100.0
2025-07-16,20010,2116.0,2123.0,2111.0,2116.0,0,0,91600.0,193880700.0,1.0,2116.0,2123.0,2111.0,2116.0,91600.0
2025-07-17,20010,2114.0,2123.0,2108.0,2123.0,0,0,102500.0,216934400.0,1.0,2114.0,2123.0,2108.0,2123.0,102500.0
2025-07-18,20010,2120.0,2130.0,2114.0,2126.0,0,0,169200.0,359368800.0,1.0,2120.0,2130.0,2114.0,2126.0,169200.0
2025-07-22,20010,2130.0,2141.0,2118.0,2123.0,0,0,120600.0,256408200.0,1.0,2130.0,2141.0,2118.0,2123.0,120600.0
2025-07-23,20010,2123.0,2131.0,2112.0,2124.0,0,0,230500.0,489539300.0,1.0,2123.0,2131.0,2112.0,2124.0,230500.0
2025-07-24,20010,2140.0,2152.0,2140.0,2142.0,0,0,191300.0,410188700.0,1.0,2140.0,2152.0,2140.0,2142.0,191300.0
2025-07-25,20010,2150.0,2162.0,2139.0,2147.0,0,0,144700.0,311274100.0,1.0,2150.0,2162.0,2139.0,2147.0,144700.0
2025-07-28,20010,2150.0,2162.0,2149.0,2151.0,0,0,178900.0,385371900.0,1.0,2150.0,2162.0,2149.0,2151.0,178900.0
2025-07-29,20010,2154.0,2167.0,2147.0,2160.0,0,0,191600.0,413479900.0,1.0,2154.0,2167.0,2147.0,2160.0,191600.0
2025-07-30,20010,2168.0,2187.0,2164.0,2184.0,0,0,378400.0,825525600.0,1.0,2168.0,2187.0,2164.0,2184.0,378400.0
2025-07-31,20010,2190.0,2195.0,2177.0,2179.0,0,0,200200.0,436838100.0,1.0,2190.0,2195.0,2177.0,2179.0,200200.0
2025-08-01,20010,2189.0,2190.0,2179.0,2187.0,0,0,164700.0,360095800.0,1.0,2189.0,2190.0,2179.0,2187.0,164700.0
2025-08-04,20010,2179.0,2196.0,2171.0,2183.0,0,0,138200.0,301657800.0,1.0,2179.0,2196.0,2171.0,2183.0,138200.0
2025-08-05,20010,2183.0,2211.0,2183.0,2204.0,0,0,194700.0,428586800.0,1.0,2183.0,2211.0,2183.0,2204.0,194700.0
2025-08-06,20010,2211.0,2225.0,2204.0,2225.0,0,0,203500.0,451655600.0,1.0,2211.0,2225.0,2204.0,2225.0,203500.0
2025-08-07,20010,2227.0,2270.0,2226.0,2255.0,0,0,414000.0,932182400.0,1.0,2227.0,2270.0,2226.0,2255.0,414000.0
2025-08-08,20010,2262.0,2307.0,2259.0,2307.0,0,0,330100.0,756265000.0,1.0,2262.0,2307.0,2259.0,2307.0,330100.0
2025-08-12,20010,2294.0,2321.0,2275.0,2310.0,0,0,279200.0,643969300.0,1.0,2294.0,2321.0,2275.0,2310.0,279200.0
2025-08-13,20010,2293.0,2300.0,2272.0,2291.0,0,0,225500.0,516308000.0,1.0,2293.0,2300.0,2272.0,2291.0,225500.0
2025-08-14,20010,2289.0,2292.0,2251.0,2258.0,0,0,188000.0,426298300.0,1.0,2289.0,2292.0,2251.0,2258.0,188000.0
2025-08-15,20010,2258.0,2258.0,2227.0,2239.0,0,0,147100.0,329351000.0,1.0,2258.0,2258.0,2227.0,2239.0,147100.0
2025-08-18,20010,2250.0,2274.0,2246.0,2259.0,0,0,179600.0,405934800.0,1.0,2250.0,2274.0,2246.0,2259.0,179600.0
2025-08-19,20010,2255.0,2274.0,2251.0,2274.0,0,0,128900.0,292122900.0,1.0,2255.0,2274.0,2251.0,2274.0,128900.0
2025-08-20,20010,2284.0,2302.0,2279.0,2294.0,0,0,163900.0,375723500.0,1.0,2284.0,2302.0,2279.0,2294.0,163900.0
2025-08-21,20010,2302.0,2302.0,2276.0,2286.0,0,0,100800.0,230260100.0,1.0,2302.0,2302.0,2276.0,2286.0,100800.0
2025-08-22,20010,2286.0,2287.0,2267.0,2286.0,0,0,95300.0,217252400.0,1.0,2286.0,2287.0,2267.0,2286.0,95300.0
2025-08-25,20010,2274.0,2279.0,2266.0,2276.0,0,0,134800.0,306566000.0,1.0,2274.0,2279.0,2266.0,2276.0,134800.0
2025-08-26,20010,2280.0,2280.0,2260.0,2263.0,0,0,282200.0,639322400.0,1.0,2280.0,2280.0,2260.0,2263.0,282200.0
2025-08-27,20010,2260.0,2280.0,2250.0,2279.0,0,0,176600.0,401305600.0,1.0,2260.0,2280.0,2250.0,2279.0,176600.0
2025-08-28,20010,2279.0,2294.0,2276.0,2285.0,0,0,147200.0,336426700.0,1.0,2279.0,2294.0,2276.0,2285.0,147200.0
2025-08-29,20010,2271.0,2278.0,2261.0,2270.0,0,0,117200.0,265898300.0,1.0,2271.0,2278.0,2261.0,2270.0,117200.0
2025-09-01,20010,2272.0,2302.0,2272.0,2291.0,0,0,96100.0,219989200.0,1.0,2272.0,2302.0,2272.0,2291.0,96100.0
2025-09-02,20010,2300.0,2315.0,2291.0,2308.0,0,0,156400.0,360813200.0,1.0,2300.0,2315.0,2291.0,2308.0,156400.0
2025-09-03,20010,2320.0,2333.0,2311.0,2319.0,0,0,176000.0,408477900.0,1.0,2320.0,2333.0,2311.0,2319.0,176000.0
2025-09-04,20010,2320.0,2342.0,2307.0,2336.0,0,0,139000.0,323704000.0,1.0,2320.0,2342.0,2307.0,2336.0,139000.0
2025-09-05,20010,2339.0,2367.0,2338.0,2367.0,0,0,151600.0,357550000.0,1.0,2339.0,2367.0,2338.0,2367.0,151600.0
2025-09-08,20010,2369.0,2380.0,2359.0,2371.0,0,0,153500.0,364114700.0,1.0,2369.0,2380.0,2359.0,2371.0,153500.0
2025-09-09,20010,2379.0,2395.0,2373.0,2373.0,0,0,168700.0,401752200.0,1.0,2379.0,2395.0,2373.0,2373.0,168700.0
2025-09-10,20010,2373.0,2374.0,2360.0,2366.0,0,0,107300.0,254061500.0,1.0,2373.0,2374.0,2360.0,2366.0,107300.0
2025-09-11,20010,2351.0,2377.0,2351.0,2361.0,0,0,103300.0,244068000.0,1.0,2351.0,2377.0,2351.0,2361.0,103300.0
2025-09-12,20010,2361.0,2377.0,2355.0,2359.0,0,0,152400.0,360264300.0,1.0,2361.0,2377.0,2355.0,2359.0,152400.0
2025-09-16,20010,2359.0,2375.0,2348.0,2369.0,0,0,99300.0,235018500.0,1.0,2359.0,2375.0,2348.0,2369.0,99300.0
2025-09-17,20010,2369.0,2374.0,2351.0,2362.0,0,0,122600.0,289687100.0,1.0,2369.0,2374.0,2351.0,2362.0,122600.0
2025-09-18,20010,2375.0,2375.0,2339.0,2349.0,0,0,133800.0,314396600.0,1.0,2375.0,2375.0,2339.0,2349.0,133800.0
2025-09-19,20010,2349.0,2387.0,2349.0,2371.0,0,0,454300.0,1078249300.0,1.0,2349.0,2387.0,2349.0,2371.0,454300.0
2025-09-22,20010,2373.0,2390.0,2362.0,2367.0,0,0,146000.0,346225300.0,1.0,2373.0,2390.0,2362.0,2367.0,146000.0
2025-09-24,20010,2380.0,2384.0,2367.0,2370.0,0,0,131800.0,312579900.0,1.0,2380.0,2384.0,2367.0,2370.0,131800.0
2025-09-25,20010,2376.0,2379.0,2361.0,2370.0,0,0,174500.0,413465500.0,1.0,2376.0,2379.0,2361.0,2370.0,174500.0
2025-09-26,20010,2381.0,2405.0,2381.0,2403.0,0,0,230600.0,552864400.0,1.0,2381.0,2405.0,2381.0,2403.0,230600.0
2025-09-29,20010,2387.0,2389.0,2353.0,2371.0,0,0,170900.0,404951600.0,1.0,2387.0,2389.0,2353.0,2371.0,170900.0
2025-09-30,20010,2354.0,2356.0,2315.0,2318.0,0,0,186000.0,432171600.0,1.0,2354.0,2356.0,2315.0,2318.0,186000.0
2025-10-01,20010,2313.0,2313.0,2284.0,2302.0,0,0,161200.0,370597300.0,1.0,2313.0,2313.0,2284.0,2302.0,161200.0
2025-10-02,20010,2300.0,2304.0,2263.0,2279.0,0,0,159600.0,363629800.0,1.0,2300.0,2304.0,2263.0,2279.0,159600.0
2025-10-03,20010,2271.0,2290.0,2266.0,2268.0,0,0,146000.0,331730400.0,1.0,2271.0,2290.0,2266.0,2268.0,146000.0
2025-10-06,20010,2292.0,2295.0,2275.0,2283.0,0,0,178400.0,407392400.0,1.0,2292.0,2295.0,2275.0,2283.0,178400.0
2025-10-07,20010,2279.0,2287.0,2272.0,2285.0,0,0,143700.0,328080800.0,1.0,2279.0,2287.0,2272.0,2285.0,143700.0
2025-10-08,20010,2280.0,2298.0,2252.0,2253.0,0,0,171600.0,389258400.0,1.0,2280.0,2298.0,2252.0,2253.0,171600.0
2025-10-09,20010,2250.0,2269.0,2241.0,2243.0,0,0,154200.0,346470700.0,1.0,2250.0,2269.0,2241.0,2243.0,154200.0
2025-10-10,20010,2228.0,2235.0,2217.0,2220.0,0,0,150800.0,335080000.0,1.0,2228.0,2235.0,2217.0,2220.0,150800.0
2025-10-14,20010,2201.0,2248.0,2200.0,2245.0,0,0,198800.0,443331700.0,1.0,2201.0,2248.0,2200.0,2245.0,198800.0
2025-10-15,20010,2204.0,2269.0,2201.0,2256.0,0,0,752400.0,1687474300.0,1.0,2204.0,2269.0,2201.0,2256.0,752400.0
2025-10-16,20010,2256.0,2273.0,2240.0,2242.0,0,0,361200.0,812941500.0,1.0,2256.0,2273.0,2240.0,2242.0,361200.0
2025-10-17,20010,2227.0,2252.0,2224.0,2243.0,0,0,317800.0,711946500.0,1.0,2227.0,2252.0,2224.0,2243.0,317800.0
2025-10-20,20010,2250.0,2270.0,2249.0,2268.0,0,0,278600.0,630282100.0,1.0,2250.0,2270.0,2249.0,2268.0,278600.0
2025-10-21,20010,2253.0,2289.0,2234.0,2254.0,0,0,950500.0,2145936700.0,1.0,2253.0,2289.0,2234.0,2254.0,950500.0
2025-10-22,20010,2240.0,2269.0,2227.0,2269.0,0,0,1500200.0,3371801200.0,1.0,2240.0,2269.0,2227.0,2269.0,1500200.0
2025-10-23,20010,2255.0,2280.0,2254.0,2280.0,0,0,557400.0,1263450400.0,1.0,2255.0,2280.0,2254.0,2280.0,557400.0
2025-10-24,20010,2277.0,2289.0,2238.0,2239.0,0,0,335900.0,758331000.0,1.0,2277.0,2289.0,2238.0,2239.0,335900.0
2025-10-27,20010,2254.0,2270.0,2240.0,2261.0,0,0,301400.0,681222700.0,1.0,2254.0,2270.0,2240.0,2261.0,301400.0
2025-10-28,20010,2245.0,2254.0,2218.0,2232.0,0,0,2573900.0,5765603300.0,1.0,2245.0,2254.0,2218.0,2232.0,2573900.0
2025-10-29,20010,2240.0,2245.0,2215.0,2215.0,0,0,730900.0,1629034600.0,1.0,2240.0,2245.0,2215.0,2215.0,730900.0
