Date,Code,Open,High,Low,Close,UpperLimit,LowerLimit,Volume,TurnoverValue,AdjustmentFactor,AdjustmentOpen,AdjustmentHigh,AdjustmentLow,AdjustmentClose,AdjustmentVolume
2020-10-29,21960,309.0,327.0,309.0,322.0,0,0,120800.0,38344000.0,1.0,309.0,327.0,309.0,322.0,120800.0
2020-10-30,21960,320.0,324.0,306.0,309.0,0,0,102700.0,32241000.0,1.0,320.0,324.0,306.0,309.0,102700.0
2020-11-02,21960,310.0,322.0,310.0,318.0,0,0,83800.0,26525100.0,1.0,310.0,322.0,310.0,318.0,83800.0
2020-11-04,21960,323.0,326.0,317.0,325.0,0,0,82900.0,26764000.0,1.0,323.0,326.0,317.0,325.0,82900.0
2020-11-05,21960,329.0,330.0,317.0,329.0,0,0,56900.0,18536800.0,1.0,329.0,330.0,317.0,329.0,56900.0
2020-11-06,21960,329.0,338.0,326.0,332.0,0,0,77000.0,25553700.0,1.0,329.0,338.0,326.0,332.0,77000.0
2020-11-09,21960,339.0,339.0,319.0,321.0,0,0,67900.0,22035800.0,1.0,339.0,339.0,319.0,321.0,67900.0
2020-11-10,21960,359.0,378.0,352.0,357.0,0,0,884000.0,321946200.0,1.0,359.0,378.0,352.0,357.0,884000.0
2020-11-11,21960,362.0,365.0,341.0,350.0,0,0,171300.0,59892800.0,1.0,362.0,365.0,341.0,350.0,171300.0
2020-11-12,21960,350.0,350.0,328.0,347.0,0,0,145800.0,49536200.0,1.0,350.0,350.0,328.0,347.0,145800.0
2020-11-13,21960,340.0,340.0,314.0,319.0,0,0,277000.0,89599000.0,1.0,340.0,340.0,314.0,319.0,277000.0
2020-11-16,21960,315.0,325.0,307.0,322.0,0,0,196400.0,62256800.0,1.0,315.0,325.0,307.0,322.0,196400.0
2020-11-17,21960,328.0,339.0,324.0,334.0,0,0,113900.0,37835100.0,1.0,328.0,339.0,324.0,334.0,113900.0
2020-11-18,21960,329.0,331.0,317.0,320.0,0,0,112800.0,36599700.0,1.0,329.0,331.0,317.0,320.0,112800.0
2020-11-19,21960,324.0,324.0,312.0,314.0,0,0,102400.0,32365500.0,1.0,324.0,324.0,312.0,314.0,102400.0
2020-11-20,21960,316.0,326.0,308.0,321.0,0,0,168000.0,53390700.0,1.0,316.0,326.0,308.0,321.0,168000.0
2020-11-24,21960,328.0,328.0,312.0,318.0,0,0,78800.0,25207400.0,1.0,328.0,328.0,312.0,318.0,78800.0
2020-11-25,21960,323.0,326.0,318.0,321.0,0,0,101400.0,32615400.0,1.0,323.0,326.0,318.0,321.0,101400.0
2020-11-26,21960,319.0,324.0,316.0,319.0,0,0,37000.0,11843300.0,1.0,319.0,324.0,316.0,319.0,37000.0
2020-11-27,21960,316.0,326.0,316.0,326.0,0,0,61400.0,19801400.0,1.0,316.0,326.0,316.0,326.0,61400.0
2020-11-30,21960,326.0,326.0,306.0,310.0,0,0,204500.0,63848100.0,1.0,326.0,326.0,306.0,310.0,204500.0
2020-12-01,21960,313.0,320.0,311.0,317.0,0,0,70100.0,22069200.0,1.0,313.0,320.0,311.0,317.0,70100.0
2020-12-02,21960,318.0,324.0,317.0,321.0,0,0,72500.0,23259700.0,1.0,318.0,324.0,317.0,321.0,72500.0
2020-12-03,21960,319.0,325.0,309.0,318.0,0,0,184500.0,58239000.0,1.0,319.0,325.0,309.0,318.0,184500.0
2020-12-04,21960,314.0,320.0,314.0,320.0,0,0,50700.0,16086000.0,1.0,314.0,320.0,314.0,320.0,50700.0
2020-12-07,21960,320.0,320.0,310.0,312.0,0,0,140200.0,43910000.0,1.0,320.0,320.0,310.0,312.0,140200.0
2020-12-08,21960,312.0,320.0,312.0,319.0,0,0,397200.0,124619700.0,1.0,312.0,320.0,312.0,319.0,397200.0
2020-12-09,21960,318.0,320.0,315.0,316.0,0,0,72300.0,22895600.0,1.0,318.0,320.0,315.0,316.0,72300.0
2020-12-10,21960,316.0,317.0,311.0,312.0,0,0,51400.0,16120800.0,1.0,316.0,317.0,311.0,312.0,51400.0
2020-12-11,21960,312.0,313.0,306.0,310.0,0,0,98600.0,30412000.0,1.0,312.0,313.0,306.0,310.0,98600.0
2020-12-14,21960,308.0,311.0,306.0,308.0,0,0,97500.0,30006500.0,1.0,308.0,311.0,306.0,308.0,97500.0
2020-12-15,21960,308.0,315.0,303.0,313.0,0,0,101400.0,31310300.0,1.0,308.0,315.0,303.0,313.0,101400.0
2020-12-16,21960,315.0,331.0,313.0,329.0,0,0,506500.0,160928000.0,1.0,315.0,331.0,313.0,329.0,506500.0
2020-12-17,21960,326.0,340.0,322.0,331.0,0,0,220900.0,73248800.0,1.0,326.0,340.0,322.0,331.0,220900.0
2020-12-18,21960,328.0,332.0,322.0,329.0,0,0,160100.0,52559500.0,1.0,328.0,332.0,322.0,329.0,160100.0
2020-12-21,21960,328.0,328.0,322.0,325.0,0,0,84700.0,27572900.0,1.0,328.0,328.0,322.0,325.0,84700.0
2020-12-22,21960,325.0,325.0,314.0,315.0,0,0,97900.0,31218200.0,1.0,325.0,325.0,314.0,315.0,97900.0
2020-12-23,21960,315.0,320.0,312.0,317.0,0,0,54100.0,17056300.0,1.0,315.0,320.0,312.0,317.0,54100.0
2020-12-24,21960,319.0,324.0,315.0,322.0,0,0,81400.0,26026800.0,1.0,319.0,324.0,315.0,322.0,81400.0
2020-12-25,21960,323.0,325.0,319.0,322.0,0,0,34300.0,11042700.0,1.0,323.0,325.0,319.0,322.0,34300.0
2020-12-28,21960,318.0,320.0,310.0,318.0,0,0,118500.0,37211300.0,1.0,318.0,320.0,310.0,318.0,118500.0
2020-12-29,21960,315.0,328.0,315.0,325.0,0,0,81700.0,26526300.0,1.0,315.0,328.0,315.0,325.0,81700.0
2020-12-30,21960,321.0,338.0,318.0,326.0,0,0,479100.0,156859400.0,1.0,321.0,338.0,318.0,326.0,479100.0
2021-01-04,21960,327.0,327.0,308.0,312.0,0,0,204000.0,63834800.0,1.0,327.0,327.0,308.0,312.0,204000.0
2021-01-05,21960,307.0,314.0,306.0,309.0,0,0,295800.0,91077600.0,1.0,307.0,314.0,306.0,309.0,295800.0
2021-01-06,21960,307.0,317.0,307.0,311.0,0,0,58000.0,18141500.0,1.0,307.0,317.0,307.0,311.0,58000.0
2021-01-07,21960,315.0,319.0,308.0,308.0,0,0,97000.0,30405200.0,1.0,315.0,319.0,308.0,308.0,97000.0
2021-01-08,21960,309.0,314.0,306.0,314.0,0,0,94200.0,29183000.0,1.0,309.0,314.0,306.0,314.0,94200.0
2021-01-12,21960,312.0,315.0,294.0,303.0,0,0,231200.0,70426400.0,1.0,312.0,315.0,294.0,303.0,231200.0
2021-01-13,21960,305.0,305.0,293.0,297.0,0,0,145800.0,43302300.0,1.0,305.0,305.0,293.0,297.0,145800.0
2021-01-14,21960,299.0,299.0,290.0,290.0,0,0,152900.0,44849500.0,1.0,299.0,299.0,290.0,290.0,152900.0
2021-01-15,21960,289.0,300.0,289.0,297.0,0,0,128300.0,37864700.0,1.0,289.0,300.0,289.0,297.0,128300.0
2021-01-18,21960,296.0,304.0,296.0,303.0,0,0,104700.0,31360100.0,1.0,296.0,304.0,296.0,303.0,104700.0
2021-01-19,21960,305.0,309.0,305.0,307.0,0,0,50800.0,15625200.0,1.0,305.0,309.0,305.0,307.0,50800.0
2021-01-20,21960,305.0,313.0,305.0,312.0,0,0,65900.0,20455500.0,1.0,305.0,313.0,305.0,312.0,65900.0
2021-01-21,21960,312.0,318.0,306.0,309.0,0,0,109300.0,33953500.0,1.0,312.0,318.0,306.0,309.0,109300.0
2021-01-22,21960,310.0,313.0,305.0,305.0,0,0,66300.0,20504700.0,1.0,310.0,313.0,305.0,305.0,66300.0
2021-01-25,21960,306.0,316.0,305.0,312.0,0,0,58900.0,18308400.0,1.0,306.0,316.0,305.0,312.0,58900.0
2021-01-26,21960,312.0,312.0,307.0,309.0,0,0,34200.0,10611800.0,1.0,312.0,312.0,307.0,309.0,34200.0
2021-01-27,21960,312.0,315.0,310.0,313.0,0,0,52200.0,16271700.0,1.0,312.0,315.0,310.0,313.0,52200.0
2021-01-28,21960,310.0,327.0,310.0,326.0,0,0,125100.0,40125600.0,1.0,310.0,327.0,310.0,326.0,125100.0
2021-01-29,21960,328.0,329.0,313.0,318.0,0,0,156300.0,50377300.0,1.0,328.0,329.0,313.0,318.0,156300.0
2021-02-01,21960,316.0,324.0,315.0,316.0,0,0,60100.0,19057700.0,1.0,316.0,324.0,315.0,316.0,60100.0
2021-02-02,21960,317.0,327.0,314.0,325.0,0,0,56200.0,18072200.0,1.0,317.0,327.0,314.0,325.0,56200.0
2021-02-03,21960,330.0,339.0,329.0,332.0,0,0,100100.0,33441400.0,1.0,330.0,339.0,329.0,332.0,100100.0
2021-02-04,21960,332.0,340.0,327.0,330.0,0,0,104500.0,34770900.0,1.0,332.0,340.0,327.0,330.0,104500.0
2021-02-05,21960,333.0,355.0,333.0,352.0,0,0,210400.0,72596600.0,1.0,333.0,355.0,333.0,352.0,210400.0
2021-02-08,21960,356.0,368.0,354.0,361.0,0,0,218200.0,78838900.0,1.0,356.0,368.0,354.0,361.0,218200.0
2021-02-09,21960,365.0,365.0,345.0,348.0,0,0,117900.0,41541400.0,1.0,365.0,365.0,345.0,348.0,117900.0
2021-02-10,21960,346.0,367.0,346.0,364.0,0,0,143500.0,51584200.0,1.0,346.0,367.0,346.0,364.0,143500.0
2021-02-12,21960,365.0,372.0,358.0,365.0,0,0,171400.0,62682000.0,1.0,365.0,372.0,358.0,365.0,171400.0
2021-02-15,21960,365.0,377.0,365.0,371.0,0,0,178500.0,66024400.0,1.0,365.0,377.0,365.0,371.0,178500.0
2021-02-16,21960,347.0,360.0,322.0,328.0,0,0,603900.0,201974800.0,1.0,347.0,360.0,322.0,328.0,603900.0
2021-02-17,21960,326.0,372.0,321.0,365.0,0,0,852700.0,303859400.0,1.0,326.0,372.0,321.0,365.0,852700.0
2021-02-18,21960,377.0,400.0,367.0,384.0,0,0,716500.0,275311400.0,1.0,377.0,400.0,367.0,384.0,716500.0
2021-02-19,21960,400.0,405.0,360.0,376.0,0,0,567200.0,216600400.0,1.0,400.0,405.0,360.0,376.0,567200.0
2021-02-22,21960,387.0,398.0,382.0,398.0,0,0,342200.0,134497100.0,1.0,387.0,398.0,382.0,398.0,342200.0
2021-02-24,21960,437.0,437.0,415.0,430.0,0,0,743600.0,317491700.0,1.0,437.0,437.0,415.0,430.0,743600.0
2021-02-25,21960,442.0,478.0,439.0,469.0,0,0,916700.0,423973900.0,1.0,442.0,478.0,439.0,469.0,916700.0
2021-02-26,21960,467.0,489.0,455.0,485.0,0,0,681100.0,322843900.0,1.0,467.0,489.0,455.0,485.0,681100.0
2021-03-01,21960,501.0,506.0,475.0,490.0,0,0,826100.0,405022000.0,1.0,501.0,506.0,475.0,490.0,826100.0
2021-03-02,21960,488.0,488.0,447.0,456.0,0,0,624200.0,290220500.0,1.0,488.0,488.0,447.0,456.0,624200.0
2021-03-03,21960,455.0,510.0,455.0,497.0,0,0,882200.0,426709400.0,1.0,455.0,510.0,455.0,497.0,882200.0
2021-03-04,21960,484.0,508.0,482.0,494.0,0,0,435700.0,214777700.0,1.0,484.0,508.0,482.0,494.0,435700.0
2021-03-05,21960,486.0,494.0,458.0,480.0,0,0,563600.0,267297000.0,1.0,486.0,494.0,458.0,480.0,563600.0
2021-03-08,21960,490.0,495.0,464.0,465.0,0,0,362100.0,172337300.0,1.0,490.0,495.0,464.0,465.0,362100.0
2021-03-09,21960,466.0,482.0,452.0,473.0,0,0,301800.0,142443000.0,1.0,466.0,482.0,452.0,473.0,301800.0
2021-03-10,21960,483.0,519.0,478.0,503.0,0,0,1013600.0,509496400.0,1.0,483.0,519.0,478.0,503.0,1013600.0
2021-03-11,21960,498.0,514.0,481.0,488.0,0,0,547500.0,271335500.0,1.0,498.0,514.0,481.0,488.0,547500.0
2021-03-12,21960,490.0,494.0,477.0,479.0,0,0,297600.0,143838600.0,1.0,490.0,494.0,477.0,479.0,297600.0
2021-03-15,21960,475.0,486.0,471.0,474.0,0,0,339100.0,161368000.0,1.0,475.0,486.0,471.0,474.0,339100.0
2021-03-16,21960,475.0,496.0,464.0,487.0,0,0,362700.0,174782300.0,1.0,475.0,496.0,464.0,487.0,362700.0
2021-03-17,21960,487.0,512.0,485.0,503.0,0,0,466800.0,233249000.0,1.0,487.0,512.0,485.0,503.0,466800.0
2021-03-18,21960,505.0,519.0,496.0,515.0,0,0,335200.0,170330400.0,1.0,505.0,519.0,496.0,515.0,335200.0
2021-03-19,21960,505.0,519.0,503.0,512.0,0,0,386000.0,197754500.0,1.0,505.0,519.0,503.0,512.0,386000.0
2021-03-22,21960,511.0,547.0,506.0,536.0,0,0,404200.0,212445400.0,1.0,511.0,547.0,506.0,536.0,404200.0
2021-03-23,21960,537.0,539.0,502.0,505.0,0,0,316600.0,164169800.0,1.0,537.0,539.0,502.0,505.0,316600.0
2021-03-24,21960,492.0,501.0,460.0,472.0,0,0,369800.0,177190500.0,1.0,492.0,501.0,460.0,472.0,369800.0
2021-03-25,21960,473.0,493.0,473.0,479.0,0,0,186800.0,90119900.0,1.0,473.0,493.0,473.0,479.0,186800.0
2021-03-26,21960,495.0,499.0,485.0,486.0,0,0,175900.0,86388700.0,1.0,495.0,499.0,485.0,486.0,175900.0
2021-03-29,21960,479.0,482.0,450.0,451.0,0,0,508400.0,236514700.0,1.0,479.0,482.0,450.0,451.0,508400.0
2021-03-30,21960,445.0,462.0,442.0,459.0,0,0,221800.0,100218000.0,1.0,445.0,462.0,442.0,459.0,221800.0
2021-03-31,21960,451.0,460.0,445.0,449.0,0,0,158300.0,71512300.0,1.0,451.0,460.0,445.0,449.0,158300.0
2021-04-01,21960,450.0,454.0,432.0,434.0,0,0,220200.0,97071700.0,1.0,450.0,454.0,432.0,434.0,220200.0
2021-04-02,21960,434.0,440.0,430.0,430.0,0,0,176200.0,76505700.0,1.0,434.0,440.0,430.0,430.0,176200.0
2021-04-05,21960,430.0,446.0,426.0,440.0,0,0,165900.0,72457300.0,1.0,430.0,446.0,426.0,440.0,165900.0
2021-04-06,21960,432.0,448.0,423.0,428.0,0,0,262200.0,112670900.0,1.0,432.0,448.0,423.0,428.0,262200.0
2021-04-07,21960,432.0,432.0,422.0,424.0,0,0,175100.0,74584500.0,1.0,432.0,432.0,422.0,424.0,175100.0
2021-04-08,21960,421.0,421.0,405.0,407.0,0,0,199900.0,81769700.0,1.0,421.0,421.0,405.0,407.0,199900.0
2021-04-09,21960,411.0,413.0,403.0,409.0,0,0,95500.0,39042500.0,1.0,411.0,413.0,403.0,409.0,95500.0
2021-04-12,21960,406.0,417.0,399.0,403.0,0,0,99000.0,40113200.0,1.0,406.0,417.0,399.0,403.0,99000.0
2021-04-13,21960,407.0,413.0,404.0,405.0,0,0,96500.0,39372200.0,1.0,407.0,413.0,404.0,405.0,96500.0
2021-04-14,21960,407.0,409.0,401.0,402.0,0,0,55800.0,22585000.0,1.0,407.0,409.0,401.0,402.0,55800.0
2021-04-15,21960,400.0,407.0,397.0,397.0,0,0,105300.0,42173800.0,1.0,400.0,407.0,397.0,397.0,105300.0
2021-04-16,21960,397.0,400.0,385.0,397.0,0,0,133400.0,52330800.0,1.0,397.0,400.0,385.0,397.0,133400.0
2021-04-19,21960,397.0,403.0,395.0,395.0,0,0,96000.0,38311200.0,1.0,397.0,403.0,395.0,395.0,96000.0
2021-04-20,21960,393.0,398.0,388.0,388.0,0,0,154500.0,60431800.0,1.0,393.0,398.0,388.0,388.0,154500.0
2021-04-21,21960,387.0,388.0,370.0,376.0,0,0,223500.0,84287400.0,1.0,387.0,388.0,370.0,376.0,223500.0
2021-04-22,21960,390.0,390.0,381.0,386.0,0,0,113700.0,43851500.0,1.0,390.0,390.0,381.0,386.0,113700.0
2021-04-23,21960,386.0,404.0,379.0,401.0,0,0,259500.0,102751900.0,1.0,386.0,404.0,379.0,401.0,259500.0
2021-04-26,21960,396.0,413.0,396.0,406.0,0,0,201300.0,81454600.0,1.0,396.0,413.0,396.0,406.0,201300.0
2021-04-27,21960,414.0,426.0,410.0,425.0,0,0,186500.0,78213400.0,1.0,414.0,426.0,410.0,425.0,186500.0
2021-04-28,21960,427.0,429.0,404.0,404.0,0,0,220300.0,90833100.0,1.0,427.0,429.0,404.0,404.0,220300.0
2021-04-30,21960,399.0,413.0,396.0,405.0,0,0,116500.0,47217200.0,1.0,399.0,413.0,396.0,405.0,116500.0
2021-05-06,21960,411.0,418.0,409.0,410.0,0,0,107600.0,44426100.0,1.0,411.0,418.0,409.0,410.0,107600.0
2021-05-07,21960,408.0,423.0,408.0,420.0,0,0,68700.0,28588900.0,1.0,408.0,423.0,408.0,420.0,68700.0
2021-05-10,21960,425.0,429.0,418.0,421.0,0,0,110700.0,46778300.0,1.0,425.0,429.0,418.0,421.0,110700.0
2021-05-11,21960,421.0,427.0,412.0,413.0,0,0,86700.0,36320300.0,1.0,421.0,427.0,412.0,413.0,86700.0
2021-05-12,21960,412.0,414.0,392.0,398.0,0,0,158900.0,63760200.0,1.0,412.0,414.0,392.0,398.0,158900.0
2021-05-13,21960,395.0,400.0,386.0,388.0,0,0,109900.0,43045000.0,1.0,395.0,400.0,386.0,388.0,109900.0
2021-05-14,21960,396.0,403.0,390.0,398.0,0,0,44800.0,17826000.0,1.0,396.0,403.0,390.0,398.0,44800.0
2021-05-17,21960,405.0,406.0,386.0,391.0,0,0,174500.0,69130400.0,1.0,405.0,406.0,386.0,391.0,174500.0
2021-05-18,21960,392.0,433.0,392.0,433.0,0,0,356000.0,149115200.0,1.0,392.0,433.0,392.0,433.0,356000.0
2021-05-19,21960,434.0,454.0,426.0,454.0,0,0,344900.0,153347100.0,1.0,434.0,454.0,426.0,454.0,344900.0
2021-05-20,21960,448.0,456.0,437.0,453.0,0,0,196000.0,87700900.0,1.0,448.0,456.0,437.0,453.0,196000.0
2021-05-21,21960,448.0,450.0,440.0,446.0,0,0,117700.0,52342700.0,1.0,448.0,450.0,440.0,446.0,117700.0
2021-05-24,21960,450.0,455.0,433.0,449.0,0,0,102800.0,45503700.0,1.0,450.0,455.0,433.0,449.0,102800.0
2021-05-25,21960,451.0,451.0,434.0,434.0,0,0,86100.0,37956900.0,1.0,451.0,451.0,434.0,434.0,86100.0
2021-05-26,21960,434.0,451.0,429.0,450.0,0,0,116500.0,51544200.0,1.0,434.0,451.0,429.0,450.0,116500.0
2021-05-27,21960,445.0,450.0,440.0,440.0,0,0,65500.0,29101100.0,1.0,445.0,450.0,440.0,440.0,65500.0
2021-05-28,21960,445.0,455.0,445.0,450.0,0,0,95100.0,42726400.0,1.0,445.0,455.0,445.0,450.0,95100.0
2021-05-31,21960,442.0,451.0,440.0,447.0,0,0,150100.0,66723500.0,1.0,442.0,451.0,440.0,447.0,150100.0
2021-06-01,21960,450.0,469.0,448.0,460.0,0,0,262600.0,120642200.0,1.0,450.0,469.0,448.0,460.0,262600.0
2021-06-02,21960,467.0,468.0,457.0,458.0,0,0,229300.0,105898400.0,1.0,467.0,468.0,457.0,458.0,229300.0
2021-06-03,21960,474.0,493.0,461.0,468.0,0,0,437800.0,208142800.0,1.0,474.0,493.0,461.0,468.0,437800.0
2021-06-04,21960,463.0,491.0,463.0,491.0,0,0,292200.0,140654800.0,1.0,463.0,491.0,463.0,491.0,292200.0
2021-06-07,21960,500.0,507.0,486.0,496.0,0,0,355800.0,177285800.0,1.0,500.0,507.0,486.0,496.0,355800.0
2021-06-08,21960,496.0,509.0,483.0,508.0,0,0,312100.0,155022600.0,1.0,496.0,509.0,483.0,508.0,312100.0
2021-06-09,21960,517.0,572.0,517.0,533.0,0,0,1276300.0,695996100.0,1.0,517.0,572.0,517.0,533.0,1276300.0
2021-06-10,21960,533.0,534.0,506.0,516.0,0,0,415000.0,214801800.0,1.0,533.0,534.0,506.0,516.0,415000.0
2021-06-11,21960,506.0,511.0,496.0,499.0,0,0,198600.0,99756100.0,1.0,506.0,511.0,496.0,499.0,198600.0
2021-06-14,21960,506.0,527.0,501.0,507.0,0,0,329800.0,169060000.0,1.0,506.0,527.0,501.0,507.0,329800.0
2021-06-15,21960,504.0,505.0,487.0,489.0,0,0,212200.0,104804200.0,1.0,504.0,505.0,487.0,489.0,212200.0
2021-06-16,21960,483.0,493.0,472.0,475.0,0,0,263500.0,126130500.0,1.0,483.0,493.0,472.0,475.0,263500.0
2021-06-17,21960,490.0,516.0,481.0,512.0,0,0,574200.0,289916400.0,1.0,490.0,516.0,481.0,512.0,574200.0
2021-06-18,21960,520.0,529.0,483.0,485.0,0,0,509600.0,256218800.0,1.0,520.0,529.0,483.0,485.0,509600.0
2021-06-21,21960,469.0,480.0,462.0,469.0,0,0,319100.0,150187800.0,1.0,469.0,480.0,462.0,469.0,319100.0
2021-06-22,21960,483.0,502.0,478.0,491.0,0,0,353100.0,173171800.0,1.0,483.0,502.0,478.0,491.0,353100.0
2021-06-23,21960,490.0,498.0,477.0,489.0,0,0,330400.0,160785400.0,1.0,490.0,498.0,477.0,489.0,330400.0
2021-06-24,21960,475.0,476.0,446.0,447.0,0,0,507900.0,233069900.0,1.0,475.0,476.0,446.0,447.0,507900.0
2021-06-25,21960,447.0,457.0,447.0,451.0,0,0,213300.0,96307300.0,1.0,447.0,457.0,447.0,451.0,213300.0
2021-06-28,21960,462.0,474.0,461.0,465.0,0,0,171700.0,80140600.0,1.0,462.0,474.0,461.0,465.0,171700.0
2021-06-29,21960,457.0,463.0,452.0,461.0,0,0,74600.0,34196000.0,1.0,457.0,463.0,452.0,461.0,74600.0
2021-06-30,21960,455.0,461.0,452.0,456.0,0,0,70400.0,32155700.0,1.0,455.0,461.0,452.0,456.0,70400.0
2021-07-01,21960,457.0,460.0,452.0,458.0,0,0,68600.0,31275700.0,1.0,457.0,460.0,452.0,458.0,68600.0
2021-07-02,21960,464.0,481.0,459.0,478.0,0,0,237400.0,112439100.0,1.0,464.0,481.0,459.0,478.0,237400.0
2021-07-05,21960,478.0,490.0,474.0,480.0,0,0,149200.0,71837500.0,1.0,478.0,490.0,474.0,480.0,149200.0
2021-07-06,21960,480.0,499.0,478.0,498.0,0,0,219400.0,107856300.0,1.0,480.0,499.0,478.0,498.0,219400.0
2021-07-07,21960,490.0,497.0,474.0,486.0,0,0,253100.0,122673900.0,1.0,490.0,497.0,474.0,486.0,253100.0
2021-07-08,21960,478.0,482.0,464.0,465.0,0,0,221000.0,103771200.0,1.0,478.0,482.0,464.0,465.0,221000.0
2021-07-09,21960,458.0,477.0,455.0,474.0,0,0,243900.0,113162600.0,1.0,458.0,477.0,455.0,474.0,243900.0
2021-07-12,21960,480.0,490.0,474.0,479.0,0,0,113000.0,54434900.0,1.0,480.0,490.0,474.0,479.0,113000.0
2021-07-13,21960,479.0,481.0,468.0,472.0,0,0,79900.0,37896400.0,1.0,479.0,481.0,468.0,472.0,79900.0
2021-07-14,21960,471.0,478.0,467.0,470.0,0,0,73400.0,34698100.0,1.0,471.0,478.0,467.0,470.0,73400.0
2021-07-15,21960,476.0,476.0,460.0,465.0,0,0,64600.0,30187400.0,1.0,476.0,476.0,460.0,465.0,64600.0
2021-07-16,21960,473.0,477.0,465.0,471.0,0,0,62400.0,29470900.0,1.0,473.0,477.0,465.0,471.0,62400.0
2021-07-19,21960,468.0,469.0,452.0,458.0,0,0,127700.0,58728000.0,1.0,468.0,469.0,452.0,458.0,127700.0
2021-07-20,21960,451.0,459.0,447.0,450.0,0,0,143100.0,64702100.0,1.0,451.0,459.0,447.0,450.0,143100.0
2021-07-21,21960,455.0,465.0,450.0,455.0,0,0,113800.0,51805000.0,1.0,455.0,465.0,450.0,455.0,113800.0
2021-07-26,21960,460.0,467.0,447.0,452.0,0,0,69700.0,31787900.0,1.0,460.0,467.0,447.0,452.0,69700.0
2021-07-27,21960,451.0,461.0,450.0,460.0,0,0,43600.0,19911700.0,1.0,451.0,461.0,450.0,460.0,43600.0
2021-07-28,21960,457.0,460.0,433.0,441.0,0,0,150900.0,67016300.0,1.0,457.0,460.0,433.0,441.0,150900.0
2021-07-29,21960,441.0,445.0,436.0,439.0,0,0,87500.0,38521600.0,1.0,441.0,445.0,436.0,439.0,87500.0
2021-07-30,21960,442.0,442.0,422.0,429.0,0,0,171000.0,73731900.0,1.0,442.0,442.0,422.0,429.0,171000.0
2021-08-02,21960,430.0,430.0,412.0,423.0,0,0,168000.0,70600800.0,1.0,430.0,430.0,412.0,423.0,168000.0
2021-08-03,21960,417.0,431.0,416.0,421.0,0,0,70400.0,29637500.0,1.0,417.0,431.0,416.0,421.0,70400.0
2021-08-04,21960,421.0,428.0,414.0,417.0,0,0,71100.0,29822000.0,1.0,421.0,428.0,414.0,417.0,71100.0
2021-08-05,21960,417.0,418.0,406.0,408.0,0,0,120900.0,49669800.0,1.0,417.0,418.0,406.0,408.0,120900.0
2021-08-06,21960,406.0,414.0,403.0,405.0,0,0,95600.0,38931700.0,1.0,406.0,414.0,403.0,405.0,95600.0
2021-08-10,21960,405.0,445.0,405.0,442.0,0,0,247500.0,106173800.0,1.0,405.0,445.0,405.0,442.0,247500.0
2021-08-11,21960,442.0,452.0,432.0,448.0,0,0,136700.0,60762200.0,1.0,442.0,452.0,432.0,448.0,136700.0
2021-08-12,21960,450.0,470.0,443.0,464.0,0,0,179700.0,82637300.0,1.0,450.0,470.0,443.0,464.0,179700.0
2021-08-13,21960,464.0,471.0,451.0,469.0,0,0,214500.0,99391100.0,1.0,464.0,471.0,451.0,469.0,214500.0
2021-08-16,21960,445.0,454.0,412.0,418.0,0,0,426800.0,183111700.0,1.0,445.0,454.0,412.0,418.0,426800.0
2021-08-17,21960,415.0,416.0,400.0,402.0,0,0,189600.0,76880400.0,1.0,415.0,416.0,400.0,402.0,189600.0
2021-08-18,21960,400.0,428.0,393.0,424.0,0,0,299300.0,123116000.0,1.0,400.0,428.0,393.0,424.0,299300.0
2021-08-19,21960,421.0,424.0,403.0,403.0,0,0,252900.0,104134400.0,1.0,421.0,424.0,403.0,403.0,252900.0
2021-08-20,21960,400.0,413.0,400.0,406.0,0,0,197800.0,79951700.0,1.0,400.0,413.0,400.0,406.0,197800.0
2021-08-23,21960,403.0,419.0,403.0,418.0,0,0,118700.0,48912200.0,1.0,403.0,419.0,403.0,418.0,118700.0
2021-08-24,21960,421.0,443.0,421.0,440.0,0,0,156900.0,68255400.0,1.0,421.0,443.0,421.0,440.0,156900.0
2021-08-25,21960,443.0,461.0,443.0,449.0,0,0,202000.0,91285800.0,1.0,443.0,461.0,443.0,449.0,202000.0
2021-08-26,21960,455.0,465.0,454.0,459.0,0,0,110300.0,50546800.0,1.0,455.0,465.0,454.0,459.0,110300.0
2021-08-27,21960,457.0,485.0,453.0,480.0,0,0,271200.0,127747600.0,1.0,457.0,485.0,453.0,480.0,271200.0
2021-08-30,21960,480.0,480.0,469.0,472.0,0,0,152200.0,72246100.0,1.0,480.0,480.0,469.0,472.0,152200.0
2021-08-31,21960,472.0,474.0,457.0,469.0,0,0,167100.0,77665600.0,1.0,472.0,474.0,457.0,469.0,167100.0
2021-09-01,21960,475.0,510.0,471.0,505.0,0,0,634900.0,314238800.0,1.0,475.0,510.0,471.0,505.0,634900.0
2021-09-02,21960,491.0,494.0,447.0,452.0,0,0,735900.0,338315400.0,1.0,491.0,494.0,447.0,452.0,735900.0
2021-09-03,21960,463.0,489.0,456.0,485.0,0,0,429600.0,203777300.0,1.0,463.0,489.0,456.0,485.0,429600.0
2021-09-06,21960,495.0,520.0,489.0,512.0,0,0,634300.0,322344000.0,1.0,495.0,520.0,489.0,512.0,634300.0
2021-09-07,21960,514.0,515.0,492.0,508.0,0,0,261600.0,132060300.0,1.0,514.0,515.0,492.0,508.0,261600.0
2021-09-08,21960,508.0,549.0,508.0,545.0,0,0,586900.0,314692600.0,1.0,508.0,549.0,508.0,545.0,586900.0
2021-09-09,21960,541.0,554.0,536.0,543.0,0,0,271300.0,147418900.0,1.0,541.0,554.0,536.0,543.0,271300.0
2021-09-10,21960,549.0,577.0,544.0,574.0,0,0,370800.0,209464600.0,1.0,549.0,577.0,544.0,574.0,370800.0
2021-09-13,21960,577.0,577.0,553.0,576.0,0,0,233900.0,132566400.0,1.0,577.0,577.0,553.0,576.0,233900.0
2021-09-14,21960,577.0,577.0,563.0,569.0,0,0,152800.0,86910800.0,1.0,577.0,577.0,563.0,569.0,152800.0
2021-09-15,21960,560.0,563.0,544.0,551.0,0,0,203600.0,112524300.0,1.0,560.0,563.0,544.0,551.0,203600.0
2021-09-16,21960,561.0,587.0,540.0,553.0,0,0,369600.0,208291300.0,1.0,561.0,587.0,540.0,553.0,369600.0
2021-09-17,21960,557.0,569.0,546.0,564.0,0,0,171400.0,95677300.0,1.0,557.0,569.0,546.0,564.0,171400.0
2021-09-21,21960,550.0,560.0,540.0,557.0,0,0,232200.0,127870200.0,1.0,550.0,560.0,540.0,557.0,232200.0
2021-09-22,21960,557.0,565.0,534.0,542.0,0,0,179700.0,98235000.0,1.0,557.0,565.0,534.0,542.0,179700.0
2021-09-24,21960,565.0,585.0,551.0,555.0,0,0,343000.0,193958900.0,1.0,565.0,585.0,551.0,555.0,343000.0
2021-09-27,21960,563.0,608.0,563.0,604.0,0,0,478200.0,284133900.0,1.0,563.0,608.0,563.0,604.0,478200.0
2021-09-28,21960,614.0,614.0,587.0,602.0,0,0,463900.0,280683400.0,1.0,614.0,614.0,587.0,602.0,463900.0
2021-09-29,21960,598.0,636.0,590.0,623.0,0,0,425700.0,262279800.0,1.0,598.0,636.0,590.0,623.0,425700.0
2021-09-30,21960,623.0,626.0,602.0,603.0,0,0,237800.0,145223000.0,1.0,623.0,626.0,602.0,603.0,237800.0
2021-10-01,21960,595.0,598.0,567.0,578.0,0,0,327600.0,189953600.0,1.0,595.0,598.0,567.0,578.0,327600.0
2021-10-04,21960,598.0,627.0,596.0,607.0,0,0,431500.0,263261200.0,1.0,598.0,627.0,596.0,607.0,431500.0
2021-10-05,21960,599.0,610.0,578.0,598.0,0,0,316200.0,187919200.0,1.0,599.0,610.0,578.0,598.0,316200.0
2021-10-06,21960,600.0,607.0,563.0,567.0,0,0,302200.0,174812700.0,1.0,600.0,607.0,563.0,567.0,302200.0
2021-10-07,21960,560.0,567.0,540.0,540.0,0,0,277300.0,152825200.0,1.0,560.0,567.0,540.0,540.0,277300.0
2021-10-08,21960,542.0,577.0,542.0,566.0,0,0,245000.0,138751400.0,1.0,542.0,577.0,542.0,566.0,245000.0
2021-10-11,21960,566.0,589.0,566.0,586.0,0,0,178300.0,103534200.0,1.0,566.0,589.0,566.0,586.0,178300.0
2021-10-12,21960,585.0,589.0,571.0,584.0,0,0,78300.0,45398800.0,1.0,585.0,589.0,571.0,584.0,78300.0
2021-10-13,21960,583.0,589.0,560.0,564.0,0,0,141200.0,80344600.0,1.0,583.0,589.0,560.0,564.0,141200.0
2021-10-14,21960,565.0,573.0,560.0,568.0,0,0,74200.0,42073000.0,1.0,565.0,573.0,560.0,568.0,74200.0
2021-10-15,21960,575.0,591.0,567.0,584.0,0,0,168900.0,97894400.0,1.0,575.0,591.0,567.0,584.0,168900.0
2021-10-18,21960,593.0,614.0,590.0,604.0,0,0,221200.0,133730500.0,1.0,593.0,614.0,590.0,604.0,221200.0
2021-10-19,21960,594.0,607.0,587.0,592.0,0,0,109100.0,64751100.0,1.0,594.0,607.0,587.0,592.0,109100.0
2021-10-20,21960,598.0,604.0,575.0,590.0,0,0,210300.0,124346400.0,1.0,598.0,604.0,575.0,590.0,210300.0
2021-10-21,21960,597.0,613.0,590.0,590.0,0,0,161900.0,97126400.0,1.0,597.0,613.0,590.0,590.0,161900.0
2021-10-22,21960,590.0,596.0,578.0,580.0,0,0,113000.0,66105700.0,1.0,590.0,596.0,578.0,580.0,113000.0
2021-10-25,21960,580.0,580.0,557.0,559.0,0,0,159100.0,89896300.0,1.0,580.0,580.0,557.0,559.0,159100.0
2021-10-26,21960,558.0,585.0,558.0,581.0,0,0,108000.0,62422000.0,1.0,558.0,585.0,558.0,581.0,108000.0
2021-10-27,21960,586.0,586.0,571.0,583.0,0,0,72200.0,41942600.0,1.0,586.0,586.0,571.0,583.0,72200.0
2021-10-28,21960,573.0,592.0,566.0,582.0,0,0,283300.0,165201500.0,1.0,573.0,592.0,566.0,582.0,283300.0
2021-10-29,21960,581.0,594.0,573.0,589.0,0,0,77800.0,45636200.0,1.0,581.0,594.0,573.0,589.0,77800.0
2021-11-01,21960,591.0,603.0,588.0,596.0,0,0,92700.0,55217500.0,1.0,591.0,603.0,588.0,596.0,92700.0
2021-11-02,21960,596.0,612.0,594.0,598.0,0,0,121400.0,73348800.0,1.0,596.0,612.0,594.0,598.0,121400.0
2021-11-04,21960,599.0,609.0,588.0,595.0,0,0,56300.0,33681100.0,1.0,599.0,609.0,588.0,595.0,56300.0
2021-11-05,21960,588.0,595.0,572.0,585.0,0,0,132200.0,76741900.0,1.0,588.0,595.0,572.0,585.0,132200.0
2021-11-08,21960,600.0,610.0,586.0,596.0,0,0,190600.0,113925200.0,1.0,600.0,610.0,586.0,596.0,190600.0
2021-11-09,21960,595.0,602.0,581.0,594.0,0,0,101400.0,59766700.0,1.0,595.0,602.0,581.0,594.0,101400.0
2021-11-10,21960,593.0,593.0,568.0,570.0,0,0,117700.0,67779400.0,1.0,593.0,593.0,568.0,570.0,117700.0
2021-11-11,21960,570.0,581.0,555.0,559.0,0,0,79800.0,45058100.0,1.0,570.0,581.0,555.0,559.0,79800.0
2021-11-12,21960,555.0,565.0,540.0,544.0,0,0,134600.0,73670500.0,1.0,555.0,565.0,540.0,544.0,134600.0
2021-11-15,21960,544.0,561.0,514.0,521.0,0,0,210000.0,112743500.0,1.0,544.0,561.0,514.0,521.0,210000.0
2021-11-16,21960,527.0,547.0,525.0,532.0,0,0,168400.0,89988600.0,1.0,527.0,547.0,525.0,532.0,168400.0
2021-11-17,21960,533.0,533.0,504.0,507.0,0,0,187700.0,96016000.0,1.0,533.0,533.0,504.0,507.0,187700.0
2021-11-18,21960,501.0,508.0,483.0,495.0,0,0,195300.0,96452500.0,1.0,501.0,508.0,483.0,495.0,195300.0
2021-11-19,21960,496.0,498.0,473.0,476.0,0,0,156300.0,74995500.0,1.0,496.0,498.0,473.0,476.0,156300.0
2021-11-22,21960,475.0,480.0,466.0,477.0,0,0,107700.0,51025200.0,1.0,475.0,480.0,466.0,477.0,107700.0
2021-11-24,21960,476.0,476.0,458.0,459.0,0,0,90600.0,42073400.0,1.0,476.0,476.0,458.0,459.0,90600.0
2021-11-25,21960,445.0,459.0,438.0,450.0,0,0,170500.0,76585600.0,1.0,445.0,459.0,438.0,450.0,170500.0
2021-11-26,21960,458.0,458.0,426.0,439.0,0,0,155900.0,67972200.0,1.0,458.0,458.0,426.0,439.0,155900.0
2021-11-29,21960,416.0,436.0,416.0,417.0,0,0,187800.0,79626100.0,1.0,416.0,436.0,416.0,417.0,187800.0
2021-11-30,21960,420.0,437.0,412.0,412.0,0,0,131600.0,55882500.0,1.0,420.0,437.0,412.0,412.0,131600.0
2021-12-01,21960,419.0,427.0,402.0,417.0,0,0,135400.0,56297500.0,1.0,419.0,427.0,402.0,417.0,135400.0
2021-12-02,21960,409.0,412.0,398.0,399.0,0,0,152700.0,61571100.0,1.0,409.0,412.0,398.0,399.0,152700.0
2021-12-03,21960,423.0,437.0,413.0,436.0,0,0,202700.0,86930700.0,1.0,423.0,437.0,413.0,436.0,202700.0
2021-12-06,21960,437.0,447.0,428.0,429.0,0,0,142100.0,61707000.0,1.0,437.0,447.0,428.0,429.0,142100.0
2021-12-07,21960,437.0,468.0,437.0,465.0,0,0,178800.0,81722900.0,1.0,437.0,468.0,437.0,465.0,178800.0
2021-12-08,21960,472.0,479.0,461.0,466.0,0,0,149800.0,70143000.0,1.0,472.0,479.0,461.0,466.0,149800.0
2021-12-09,21960,463.0,468.0,453.0,456.0,0,0,87300.0,40072700.0,1.0,463.0,468.0,453.0,456.0,87300.0
2021-12-10,21960,454.0,455.0,440.0,441.0,0,0,92100.0,41093300.0,1.0,454.0,455.0,440.0,441.0,92100.0
2021-12-13,21960,449.0,456.0,436.0,438.0,0,0,76500.0,33828300.0,1.0,449.0,456.0,436.0,438.0,76500.0
2021-12-14,21960,435.0,435.0,418.0,427.0,0,0,101100.0,42917800.0,1.0,435.0,435.0,418.0,427.0,101100.0
2021-12-15,21960,429.0,442.0,426.0,435.0,0,0,66000.0,28726500.0,1.0,429.0,442.0,426.0,435.0,66000.0
2021-12-16,21960,445.0,453.0,434.0,436.0,0,0,69700.0,30758700.0,1.0,445.0,453.0,434.0,436.0,69700.0
2021-12-17,21960,424.0,428.0,417.0,420.0,0,0,100600.0,42374400.0,1.0,424.0,428.0,417.0,420.0,100600.0
2021-12-20,21960,417.0,419.0,403.0,404.0,0,0,94000.0,38385400.0,1.0,417.0,419.0,403.0,404.0,94000.0
2021-12-21,21960,412.0,421.0,406.0,411.0,0,0,77200.0,31944200.0,1.0,412.0,421.0,406.0,411.0,77200.0
2021-12-22,21960,419.0,433.0,415.0,427.0,0,0,69800.0,29760400.0,1.0,419.0,433.0,415.0,427.0,69800.0
2021-12-23,21960,431.0,444.0,430.0,440.0,0,0,76800.0,33702100.0,1.0,431.0,444.0,430.0,440.0,76800.0
2021-12-24,21960,442.0,449.0,431.0,434.0,0,0,43800.0,19220000.0,1.0,442.0,449.0,431.0,434.0,43800.0
2021-12-27,21960,431.0,431.0,414.0,420.0,0,0,94300.0,39544200.0,1.0,431.0,431.0,414.0,420.0,94300.0
2021-12-28,21960,424.0,430.0,420.0,425.0,0,0,48400.0,20537100.0,1.0,424.0,430.0,420.0,425.0,48400.0
2021-12-29,21960,423.0,432.0,420.0,431.0,0,0,64600.0,27627100.0,1.0,423.0,432.0,420.0,431.0,64600.0
2021-12-30,21960,426.0,426.0,412.0,416.0,0,0,140200.0,58617500.0,1.0,426.0,426.0,412.0,416.0,140200.0
2022-01-04,21960,417.0,422.0,408.0,417.0,0,0,128100.0,53058800.0,1.0,417.0,422.0,408.0,417.0,128100.0
2022-01-05,21960,417.0,417.0,401.0,407.0,0,0,117300.0,47759900.0,1.0,417.0,417.0,401.0,407.0,117300.0
2022-01-06,21960,399.0,402.0,385.0,386.0,0,0,208900.0,81987100.0,1.0,399.0,402.0,385.0,386.0,208900.0
2022-01-07,21960,393.0,401.0,380.0,385.0,0,0,124300.0,48297100.0,1.0,393.0,401.0,380.0,385.0,124300.0
2022-01-11,21960,380.0,390.0,379.0,388.0,0,0,81700.0,31359900.0,1.0,380.0,390.0,379.0,388.0,81700.0
2022-01-12,21960,396.0,400.0,389.0,393.0,0,0,58900.0,23257600.0,1.0,396.0,400.0,389.0,393.0,58900.0
2022-01-13,21960,391.0,391.0,381.0,381.0,0,0,70600.0,27151700.0,1.0,391.0,391.0,381.0,381.0,70600.0
2022-01-14,21960,377.0,379.0,370.0,376.0,0,0,104500.0,39131300.0,1.0,377.0,379.0,370.0,376.0,104500.0
2022-01-17,21960,375.0,382.0,365.0,367.0,0,0,68200.0,25320600.0,1.0,375.0,382.0,365.0,367.0,68200.0
2022-01-18,21960,371.0,385.0,368.0,374.0,0,0,135300.0,50642500.0,1.0,371.0,385.0,368.0,374.0,135300.0
2022-01-19,21960,371.0,371.0,357.0,361.0,0,0,107900.0,39072600.0,1.0,371.0,371.0,357.0,361.0,107900.0
2022-01-20,21960,364.0,369.0,355.0,365.0,0,0,109700.0,39746700.0,1.0,364.0,369.0,355.0,365.0,109700.0
2022-01-21,21960,358.0,366.0,352.0,366.0,0,0,166300.0,59665500.0,1.0,358.0,366.0,352.0,366.0,166300.0
2022-01-24,21960,364.0,364.0,340.0,347.0,0,0,177900.0,62004800.0,1.0,364.0,364.0,340.0,347.0,177900.0
2022-01-25,21960,347.0,348.0,322.0,328.0,0,0,178200.0,59299100.0,1.0,347.0,348.0,322.0,328.0,178200.0
2022-01-26,21960,328.0,340.0,328.0,336.0,0,0,100600.0,33664300.0,1.0,328.0,340.0,328.0,336.0,100600.0
2022-01-27,21960,335.0,340.0,311.0,316.0,0,0,316100.0,101407300.0,1.0,335.0,340.0,311.0,316.0,316100.0
2022-01-28,21960,320.0,325.0,304.0,316.0,0,0,213800.0,67134500.0,1.0,320.0,325.0,304.0,316.0,213800.0
2022-01-31,21960,317.0,329.0,317.0,324.0,0,0,120400.0,38872400.0,1.0,317.0,329.0,317.0,324.0,120400.0
2022-02-01,21960,326.0,339.0,323.0,328.0,0,0,94200.0,31064700.0,1.0,326.0,339.0,323.0,328.0,94200.0
2022-02-02,21960,331.0,348.0,331.0,348.0,0,0,121000.0,41536200.0,1.0,331.0,348.0,331.0,348.0,121000.0
2022-02-03,21960,348.0,348.0,336.0,337.0,0,0,74600.0,25470400.0,1.0,348.0,348.0,336.0,337.0,74600.0
2022-02-04,21960,333.0,353.0,328.0,348.0,0,0,188100.0,64040900.0,1.0,333.0,353.0,328.0,348.0,188100.0
2022-02-07,21960,347.0,348.0,340.0,344.0,0,0,79800.0,27504600.0,1.0,347.0,348.0,340.0,344.0,79800.0
2022-02-08,21960,348.0,370.0,348.0,369.0,0,0,133200.0,48461600.0,1.0,348.0,370.0,348.0,369.0,133200.0
2022-02-09,21960,379.0,383.0,363.0,369.0,0,0,167300.0,62222000.0,1.0,379.0,383.0,363.0,369.0,167300.0
2022-02-10,21960,372.0,382.0,371.0,380.0,0,0,142700.0,53530300.0,1.0,372.0,382.0,371.0,380.0,142700.0
2022-02-14,21960,375.0,382.0,366.0,381.0,0,0,307500.0,115425000.0,1.0,375.0,382.0,366.0,381.0,307500.0
2022-02-15,21960,394.0,420.0,386.0,394.0,0,0,347800.0,138974000.0,1.0,394.0,420.0,386.0,394.0,347800.0
2022-02-16,21960,421.0,424.0,402.0,420.0,0,0,276800.0,114823500.0,1.0,421.0,424.0,402.0,420.0,276800.0
2022-02-17,21960,420.0,440.0,416.0,425.0,0,0,277300.0,118568500.0,1.0,420.0,440.0,416.0,425.0,277300.0
2022-02-18,21960,417.0,433.0,409.0,428.0,0,0,300800.0,127233600.0,1.0,417.0,433.0,409.0,428.0,300800.0
2022-02-21,21960,420.0,420.0,395.0,408.0,0,0,336700.0,137103600.0,1.0,420.0,420.0,395.0,408.0,336700.0
2022-02-22,21960,400.0,417.0,397.0,404.0,0,0,252900.0,102243500.0,1.0,400.0,417.0,397.0,404.0,252900.0
2022-02-24,21960,406.0,409.0,380.0,389.0,0,0,347400.0,137268200.0,1.0,406.0,409.0,380.0,389.0,347400.0
2022-02-25,21960,391.0,428.0,391.0,428.0,0,0,451200.0,184389500.0,1.0,391.0,428.0,391.0,428.0,451200.0
2022-02-28,21960,432.0,460.0,426.0,443.0,0,0,369600.0,164102100.0,1.0,432.0,460.0,426.0,443.0,369600.0
2022-03-01,21960,448.0,462.0,446.0,450.0,0,0,201100.0,91416100.0,1.0,448.0,462.0,446.0,450.0,201100.0
2022-03-02,21960,431.0,439.0,415.0,420.0,0,0,318200.0,135121200.0,1.0,431.0,439.0,415.0,420.0,318200.0
2022-03-03,21960,440.0,441.0,413.0,413.0,0,0,286200.0,120977000.0,1.0,440.0,441.0,413.0,413.0,286200.0
2022-03-04,21960,410.0,411.0,395.0,406.0,0,0,231900.0,93537000.0,1.0,410.0,411.0,395.0,406.0,231900.0
2022-03-07,21960,390.0,397.0,362.0,375.0,0,0,349000.0,131482600.0,1.0,390.0,397.0,362.0,375.0,349000.0
2022-03-08,21960,367.0,380.0,364.0,366.0,0,0,175200.0,64834100.0,1.0,367.0,380.0,364.0,366.0,175200.0
2022-03-09,21960,375.0,386.0,369.0,372.0,0,0,206900.0,77667400.0,1.0,375.0,386.0,369.0,372.0,206900.0
2022-03-10,21960,396.0,406.0,389.0,404.0,0,0,164100.0,65608300.0,1.0,396.0,406.0,389.0,404.0,164100.0
2022-03-11,21960,396.0,413.0,393.0,396.0,0,0,125800.0,50326900.0,1.0,396.0,413.0,393.0,396.0,125800.0
2022-03-14,21960,412.0,425.0,409.0,422.0,0,0,225000.0,94088700.0,1.0,412.0,425.0,409.0,422.0,225000.0
2022-03-15,21960,425.0,438.0,419.0,433.0,0,0,171900.0,74015300.0,1.0,425.0,438.0,419.0,433.0,171900.0
2022-03-16,21960,443.0,452.0,436.0,447.0,0,0,193800.0,86602200.0,1.0,443.0,452.0,436.0,447.0,193800.0
2022-03-17,21960,461.0,470.0,438.0,441.0,0,0,214400.0,96098700.0,1.0,461.0,470.0,438.0,441.0,214400.0
2022-03-18,21960,442.0,449.0,438.0,439.0,0,0,88300.0,39024800.0,1.0,442.0,449.0,438.0,439.0,88300.0
2022-03-22,21960,447.0,447.0,420.0,428.0,0,0,191500.0,82250000.0,1.0,447.0,447.0,420.0,428.0,191500.0
2022-03-23,21960,428.0,435.0,417.0,425.0,0,0,135300.0,57661600.0,1.0,428.0,435.0,417.0,425.0,135300.0
2022-03-24,21960,414.0,426.0,414.0,424.0,0,0,111900.0,47000600.0,1.0,414.0,426.0,414.0,424.0,111900.0
2022-03-25,21960,424.0,424.0,409.0,412.0,0,0,176200.0,73069300.0,1.0,424.0,424.0,409.0,412.0,176200.0
2022-03-28,21960,413.0,413.0,405.0,407.0,0,0,136500.0,55839400.0,1.0,413.0,413.0,405.0,407.0,136500.0
2022-03-29,21960,405.0,408.0,400.0,405.0,0,0,339700.0,137295400.0,1.0,405.0,408.0,400.0,405.0,339700.0
2022-03-30,21960,413.0,429.0,406.0,429.0,0,0,247700.0,103358200.0,1.0,413.0,429.0,406.0,429.0,247700.0
2022-03-31,21960,424.0,424.0,408.0,413.0,0,0,121500.0,50328300.0,1.0,424.0,424.0,408.0,413.0,121500.0
2022-04-01,21960,413.0,413.0,400.0,405.0,0,0,122400.0,49638000.0,1.0,413.0,413.0,400.0,405.0,122400.0
2022-04-04,21960,409.0,411.0,396.0,409.0,0,0,90500.0,36685600.0,1.0,409.0,411.0,396.0,409.0,90500.0
2022-04-05,21960,412.0,424.0,412.0,418.0,0,0,106400.0,44603300.0,1.0,412.0,424.0,412.0,418.0,106400.0
2022-04-06,21960,417.0,425.0,407.0,423.0,0,0,71200.0,29611100.0,1.0,417.0,425.0,407.0,423.0,71200.0
2022-04-07,21960,411.0,414.0,403.0,410.0,0,0,82900.0,33901000.0,1.0,411.0,414.0,403.0,410.0,82900.0
2022-04-08,21960,416.0,417.0,400.0,406.0,0,0,120700.0,48973000.0,1.0,416.0,417.0,400.0,406.0,120700.0
2022-04-11,21960,409.0,416.0,403.0,407.0,0,0,102600.0,41952300.0,1.0,409.0,416.0,403.0,407.0,102600.0
2022-04-12,21960,400.0,408.0,390.0,393.0,0,0,132400.0,52385500.0,1.0,400.0,408.0,390.0,393.0,132400.0
2022-04-13,21960,396.0,404.0,395.0,403.0,0,0,88800.0,35564400.0,1.0,396.0,404.0,395.0,403.0,88800.0
2022-04-14,21960,404.0,408.0,399.0,405.0,0,0,75500.0,30455300.0,1.0,404.0,408.0,399.0,405.0,75500.0
2022-04-15,21960,402.0,407.0,398.0,405.0,0,0,64300.0,25891300.0,1.0,402.0,407.0,398.0,405.0,64300.0
2022-04-18,21960,403.0,409.0,398.0,403.0,0,0,92900.0,37488200.0,1.0,403.0,409.0,398.0,403.0,92900.0
2022-04-19,21960,407.0,408.0,399.0,406.0,0,0,76700.0,31022800.0,1.0,407.0,408.0,399.0,406.0,76700.0
2022-04-20,21960,409.0,413.0,403.0,404.0,0,0,101300.0,41303000.0,1.0,409.0,413.0,403.0,404.0,101300.0
2022-04-21,21960,405.0,428.0,405.0,425.0,0,0,188400.0,78623300.0,1.0,405.0,428.0,405.0,425.0,188400.0
2022-04-22,21960,417.0,422.0,408.0,419.0,0,0,103500.0,43075500.0,1.0,417.0,422.0,408.0,419.0,103500.0
2022-04-25,21960,411.0,415.0,408.0,414.0,0,0,107900.0,44456900.0,1.0,411.0,415.0,408.0,414.0,107900.0
2022-04-26,21960,415.0,420.0,407.0,420.0,0,0,92400.0,38333000.0,1.0,415.0,420.0,407.0,420.0,92400.0
2022-04-27,21960,415.0,428.0,408.0,428.0,0,0,130800.0,54734700.0,1.0,415.0,428.0,408.0,428.0,130800.0
2022-04-28,21960,426.0,427.0,418.0,424.0,0,0,71500.0,30216200.0,1.0,426.0,427.0,418.0,424.0,71500.0
2022-05-02,21960,420.0,425.0,415.0,418.0,0,0,85600.0,35996800.0,1.0,420.0,425.0,415.0,418.0,85600.0
2022-05-06,21960,424.0,428.0,416.0,427.0,0,0,120400.0,50860300.0,1.0,424.0,428.0,416.0,427.0,120400.0
2022-05-09,21960,426.0,426.0,410.0,415.0,0,0,191100.0,79250500.0,1.0,426.0,426.0,410.0,415.0,191100.0
2022-05-10,21960,410.0,416.0,403.0,411.0,0,0,112300.0,45956900.0,1.0,410.0,416.0,403.0,411.0,112300.0
2022-05-11,21960,404.0,409.0,393.0,408.0,0,0,146200.0,58418600.0,1.0,404.0,409.0,393.0,408.0,146200.0
2022-05-12,21960,404.0,410.0,394.0,404.0,0,0,98600.0,39863700.0,1.0,404.0,410.0,394.0,404.0,98600.0
2022-05-13,21960,408.0,434.0,404.0,431.0,0,0,219300.0,92560000.0,1.0,408.0,434.0,404.0,431.0,219300.0
2022-05-16,21960,417.0,425.0,400.0,402.0,0,0,286400.0,117158400.0,1.0,417.0,425.0,400.0,402.0,286400.0
2022-05-17,21960,404.0,420.0,401.0,409.0,0,0,153800.0,63182200.0,1.0,404.0,420.0,401.0,409.0,153800.0
2022-05-18,21960,414.0,422.0,408.0,413.0,0,0,117400.0,48755000.0,1.0,414.0,422.0,408.0,413.0,117400.0
2022-05-19,21960,400.0,406.0,399.0,405.0,0,0,105800.0,42563200.0,1.0,400.0,406.0,399.0,405.0,105800.0
2022-05-20,21960,402.0,410.0,397.0,410.0,0,0,114100.0,45948000.0,1.0,402.0,410.0,397.0,410.0,114100.0
2022-05-23,21960,410.0,414.0,401.0,406.0,0,0,60300.0,24492900.0,1.0,410.0,414.0,401.0,406.0,60300.0
2022-05-24,21960,411.0,415.0,403.0,405.0,0,0,76300.0,31206600.0,1.0,411.0,415.0,403.0,405.0,76300.0
2022-05-25,21960,402.0,404.0,395.0,400.0,0,0,87800.0,35079200.0,1.0,402.0,404.0,395.0,400.0,87800.0
2022-05-26,21960,405.0,418.0,405.0,411.0,0,0,146100.0,60413800.0,1.0,405.0,418.0,405.0,411.0,146100.0
2022-05-27,21960,419.0,419.0,409.0,413.0,0,0,62000.0,25624400.0,1.0,419.0,419.0,409.0,413.0,62000.0
2022-05-30,21960,419.0,419.0,410.0,417.0,0,0,130100.0,53898000.0,1.0,419.0,419.0,410.0,417.0,130100.0
2022-05-31,21960,417.0,419.0,413.0,416.0,0,0,51600.0,21466600.0,1.0,417.0,419.0,413.0,416.0,51600.0
2022-06-01,21960,416.0,419.0,412.0,416.0,0,0,58000.0,24096100.0,1.0,416.0,419.0,412.0,416.0,58000.0
2022-06-02,21960,420.0,423.0,411.0,411.0,0,0,72300.0,30263300.0,1.0,420.0,423.0,411.0,411.0,72300.0
2022-06-03,21960,416.0,417.0,408.0,415.0,0,0,81600.0,33662500.0,1.0,416.0,417.0,408.0,415.0,81600.0
2022-06-06,21960,413.0,442.0,412.0,437.0,0,0,209200.0,90608200.0,1.0,413.0,442.0,412.0,437.0,209200.0
2022-06-07,21960,438.0,441.0,430.0,433.0,0,0,85800.0,37312500.0,1.0,438.0,441.0,430.0,433.0,85800.0
2022-06-08,21960,435.0,435.0,424.0,433.0,0,0,103200.0,44294000.0,1.0,435.0,435.0,424.0,433.0,103200.0
2022-06-09,21960,428.0,433.0,424.0,429.0,0,0,38000.0,16260300.0,1.0,428.0,433.0,424.0,429.0,38000.0
2022-06-10,21960,422.0,428.0,417.0,421.0,0,0,60200.0,25410700.0,1.0,422.0,428.0,417.0,421.0,60200.0
2022-06-13,21960,413.0,415.0,406.0,410.0,0,0,113400.0,46586800.0,1.0,413.0,415.0,406.0,410.0,113400.0
2022-06-14,21960,405.0,410.0,401.0,410.0,0,0,90300.0,36506200.0,1.0,405.0,410.0,401.0,410.0,90300.0
2022-06-15,21960,406.0,409.0,399.0,400.0,0,0,110800.0,44549400.0,1.0,406.0,409.0,399.0,400.0,110800.0
2022-06-16,21960,405.0,410.0,400.0,400.0,0,0,114000.0,46071000.0,1.0,405.0,410.0,400.0,400.0,114000.0
2022-06-17,21960,392.0,395.0,386.0,391.0,0,0,154300.0,60230400.0,1.0,392.0,395.0,386.0,391.0,154300.0
2022-06-20,21960,396.0,400.0,383.0,386.0,0,0,72900.0,28438200.0,1.0,396.0,400.0,383.0,386.0,72900.0
2022-06-21,21960,392.0,404.0,391.0,399.0,0,0,82100.0,32679400.0,1.0,392.0,404.0,391.0,399.0,82100.0
2022-06-22,21960,403.0,403.0,386.0,386.0,0,0,86300.0,33666000.0,1.0,403.0,403.0,386.0,386.0,86300.0
2022-06-23,21960,388.0,396.0,387.0,396.0,0,0,99900.0,39139800.0,1.0,388.0,396.0,387.0,396.0,99900.0
2022-06-24,21960,397.0,397.0,387.0,391.0,0,0,86100.0,33805600.0,1.0,397.0,397.0,387.0,391.0,86100.0
2022-06-27,21960,398.0,398.0,387.0,395.0,0,0,116100.0,45407400.0,1.0,398.0,398.0,387.0,395.0,116100.0
2022-06-28,21960,396.0,402.0,393.0,400.0,0,0,43800.0,17397800.0,1.0,396.0,402.0,393.0,400.0,43800.0
2022-06-29,21960,395.0,407.0,393.0,407.0,0,0,60600.0,24255700.0,1.0,395.0,407.0,393.0,407.0,60600.0
2022-06-30,21960,402.0,403.0,392.0,393.0,0,0,94900.0,37631900.0,1.0,402.0,403.0,392.0,393.0,94900.0
2022-07-01,21960,401.0,401.0,382.0,384.0,0,0,168400.0,65608500.0,1.0,401.0,401.0,382.0,384.0,168400.0
2022-07-04,21960,387.0,390.0,375.0,377.0,0,0,117300.0,44622600.0,1.0,387.0,390.0,375.0,377.0,117300.0
2022-07-05,21960,376.0,382.0,369.0,371.0,0,0,187700.0,69767700.0,1.0,376.0,382.0,369.0,371.0,187700.0
2022-07-06,21960,367.0,371.0,363.0,366.0,0,0,109700.0,40082700.0,1.0,367.0,371.0,363.0,366.0,109700.0
2022-07-07,21960,366.0,366.0,350.0,363.0,0,0,192100.0,68465100.0,1.0,366.0,366.0,350.0,363.0,192100.0
2022-07-08,21960,361.0,367.0,355.0,356.0,0,0,134200.0,48450400.0,1.0,361.0,367.0,355.0,356.0,134200.0
2022-07-11,21960,360.0,366.0,358.0,360.0,0,0,94300.0,34131000.0,1.0,360.0,366.0,358.0,360.0,94300.0
2022-07-12,21960,359.0,359.0,348.0,349.0,0,0,101200.0,35557700.0,1.0,359.0,359.0,348.0,349.0,101200.0
2022-07-13,21960,350.0,355.0,348.0,352.0,0,0,58400.0,20508900.0,1.0,350.0,355.0,348.0,352.0,58400.0
2022-07-14,21960,352.0,354.0,350.0,354.0,0,0,60500.0,21312000.0,1.0,352.0,354.0,350.0,354.0,60500.0
2022-07-15,21960,355.0,355.0,346.0,348.0,0,0,159100.0,55821000.0,1.0,355.0,355.0,346.0,348.0,159100.0
2022-07-19,21960,348.0,356.0,346.0,354.0,0,0,74400.0,26109100.0,1.0,348.0,356.0,346.0,354.0,74400.0
2022-07-20,21960,362.0,362.0,357.0,360.0,0,0,55900.0,20111700.0,1.0,362.0,362.0,357.0,360.0,55900.0
2022-07-21,21960,359.0,366.0,359.0,362.0,0,0,102100.0,37081900.0,1.0,359.0,366.0,359.0,362.0,102100.0
2022-07-22,21960,365.0,366.0,356.0,363.0,0,0,114000.0,41420600.0,1.0,365.0,366.0,356.0,363.0,114000.0
2022-07-25,21960,358.0,367.0,358.0,364.0,0,0,91900.0,33204700.0,1.0,358.0,367.0,358.0,364.0,91900.0
2022-07-26,21960,363.0,368.0,363.0,365.0,0,0,34200.0,12475300.0,1.0,363.0,368.0,363.0,365.0,34200.0
2022-07-27,21960,363.0,368.0,361.0,368.0,0,0,72100.0,26303800.0,1.0,363.0,368.0,361.0,368.0,72100.0
2022-07-28,21960,369.0,375.0,365.0,370.0,0,0,65900.0,24364100.0,1.0,369.0,375.0,365.0,370.0,65900.0
2022-07-29,21960,373.0,374.0,369.0,372.0,0,0,94800.0,35273200.0,1.0,373.0,374.0,369.0,372.0,94800.0
2022-08-01,21960,374.0,377.0,369.0,374.0,0,0,68000.0,25414600.0,1.0,374.0,377.0,369.0,374.0,68000.0
2022-08-02,21960,372.0,372.0,365.0,366.0,0,0,54400.0,20004000.0,1.0,372.0,372.0,365.0,366.0,54400.0
2022-08-03,21960,366.0,371.0,364.0,368.0,0,0,45400.0,16679900.0,1.0,366.0,371.0,364.0,368.0,45400.0
2022-08-04,21960,368.0,370.0,366.0,366.0,0,0,40400.0,14881800.0,1.0,368.0,370.0,366.0,366.0,40400.0
2022-08-05,21960,369.0,376.0,368.0,376.0,0,0,181800.0,67475900.0,1.0,369.0,376.0,368.0,376.0,181800.0
2022-08-08,21960,386.0,398.0,383.0,394.0,0,0,227000.0,88473600.0,1.0,386.0,398.0,383.0,394.0,227000.0
2022-08-09,21960,395.0,407.0,392.0,406.0,0,0,152400.0,60849000.0,1.0,395.0,407.0,392.0,406.0,152400.0
2022-08-10,21960,407.0,409.0,397.0,409.0,0,0,101100.0,40640600.0,1.0,407.0,409.0,397.0,409.0,101100.0
2022-08-12,21960,413.0,420.0,406.0,416.0,0,0,236300.0,97853200.0,1.0,413.0,420.0,406.0,416.0,236300.0
2022-08-15,21960,362.0,380.0,361.0,376.0,0,0,353400.0,131238300.0,1.0,362.0,380.0,361.0,376.0,353400.0
2022-08-16,21960,377.0,379.0,368.0,374.0,0,0,160400.0,59920500.0,1.0,377.0,379.0,368.0,374.0,160400.0
2022-08-17,21960,374.0,379.0,374.0,378.0,0,0,90600.0,34109100.0,1.0,374.0,379.0,374.0,378.0,90600.0
2022-08-18,21960,380.0,389.0,377.0,387.0,0,0,90800.0,34932100.0,1.0,380.0,389.0,377.0,387.0,90800.0
2022-08-19,21960,386.0,386.0,379.0,380.0,0,0,75500.0,28851600.0,1.0,386.0,386.0,379.0,380.0,75500.0
2022-08-22,21960,375.0,375.0,366.0,370.0,0,0,118300.0,43702900.0,1.0,375.0,375.0,366.0,370.0,118300.0
2022-08-23,21960,369.0,376.0,368.0,373.0,0,0,51400.0,19155800.0,1.0,369.0,376.0,368.0,373.0,51400.0
2022-08-24,21960,376.0,384.0,371.0,375.0,0,0,95400.0,35816300.0,1.0,376.0,384.0,371.0,375.0,95400.0
2022-08-25,21960,381.0,383.0,377.0,377.0,0,0,42600.0,16198600.0,1.0,381.0,383.0,377.0,377.0,42600.0
2022-08-26,21960,382.0,385.0,378.0,383.0,0,0,67400.0,25724200.0,1.0,382.0,385.0,378.0,383.0,67400.0
2022-08-29,21960,376.0,378.0,372.0,373.0,0,0,72500.0,27134800.0,1.0,376.0,378.0,372.0,373.0,72500.0
2022-08-30,21960,376.0,380.0,373.0,373.0,0,0,35300.0,13273700.0,1.0,376.0,380.0,373.0,373.0,35300.0
2022-08-31,21960,371.0,375.0,370.0,373.0,0,0,55600.0,20653500.0,1.0,371.0,375.0,370.0,373.0,55600.0
2022-09-01,21960,370.0,370.0,363.0,363.0,0,0,101600.0,37235900.0,1.0,370.0,370.0,363.0,363.0,101600.0
2022-09-02,21960,368.0,368.0,363.0,364.0,0,0,60500.0,22060400.0,1.0,368.0,368.0,363.0,364.0,60500.0
2022-09-05,21960,365.0,367.0,361.0,365.0,0,0,54600.0,19856700.0,1.0,365.0,367.0,361.0,365.0,54600.0
2022-09-06,21960,366.0,372.0,363.0,372.0,0,0,89000.0,32766600.0,1.0,366.0,372.0,363.0,372.0,89000.0
2022-09-07,21960,372.0,372.0,365.0,371.0,0,0,102500.0,37871900.0,1.0,372.0,372.0,365.0,371.0,102500.0
2022-09-08,21960,371.0,373.0,367.0,368.0,0,0,49800.0,18460700.0,1.0,371.0,373.0,367.0,368.0,49800.0
2022-09-09,21960,368.0,372.0,368.0,371.0,0,0,32000.0,11829300.0,1.0,368.0,372.0,368.0,371.0,32000.0
2022-09-12,21960,373.0,378.0,371.0,372.0,0,0,64000.0,23881700.0,1.0,373.0,378.0,371.0,372.0,64000.0
2022-09-13,21960,375.0,389.0,374.0,380.0,0,0,187900.0,71589400.0,1.0,375.0,389.0,374.0,380.0,187900.0
2022-09-14,21960,372.0,380.0,369.0,370.0,0,0,121400.0,45295900.0,1.0,372.0,380.0,369.0,370.0,121400.0
2022-09-15,21960,370.0,378.0,369.0,378.0,0,0,55500.0,20720300.0,1.0,370.0,378.0,369.0,378.0,55500.0
2022-09-16,21960,377.0,380.0,371.0,375.0,0,0,60100.0,22527100.0,1.0,377.0,380.0,371.0,375.0,60100.0
2022-09-20,21960,372.0,378.0,369.0,369.0,0,0,89400.0,33222900.0,1.0,372.0,378.0,369.0,369.0,89400.0
2022-09-21,21960,367.0,368.0,361.0,366.0,0,0,127900.0,46596200.0,1.0,367.0,368.0,361.0,366.0,127900.0
2022-09-22,21960,360.0,366.0,358.0,365.0,0,0,67400.0,24347600.0,1.0,360.0,366.0,358.0,365.0,67400.0
2022-09-26,21960,362.0,370.0,361.0,364.0,0,0,112300.0,40896600.0,1.0,362.0,370.0,361.0,364.0,112300.0
2022-09-27,21960,370.0,374.0,363.0,367.0,0,0,113400.0,41913000.0,1.0,370.0,374.0,363.0,367.0,113400.0
2022-09-28,21960,366.0,367.0,353.0,363.0,0,0,419300.0,151867000.0,1.0,366.0,367.0,353.0,363.0,419300.0
2022-09-29,21960,364.0,373.0,361.0,362.0,0,0,174600.0,63713200.0,1.0,364.0,373.0,361.0,362.0,174600.0
2022-09-30,21960,356.0,358.0,348.0,350.0,0,0,132700.0,46799300.0,1.0,356.0,358.0,348.0,350.0,132700.0
2022-10-03,21960,344.0,344.0,334.0,343.0,0,0,128200.0,43581300.0,1.0,344.0,344.0,334.0,343.0,128200.0
2022-10-04,21960,350.0,357.0,350.0,353.0,0,0,57800.0,20404200.0,1.0,350.0,357.0,350.0,353.0,57800.0
2022-10-05,21960,360.0,370.0,353.0,358.0,0,0,94600.0,33859900.0,1.0,360.0,370.0,353.0,358.0,94600.0
2022-10-06,21960,358.0,363.0,356.0,358.0,0,0,60500.0,21721300.0,1.0,358.0,363.0,356.0,358.0,60500.0
2022-10-07,21960,353.0,360.0,352.0,355.0,0,0,38300.0,13666400.0,1.0,353.0,360.0,352.0,355.0,38300.0
2022-10-11,21960,353.0,358.0,350.0,354.0,0,0,43400.0,15374000.0,1.0,353.0,358.0,350.0,354.0,43400.0
2022-10-12,21960,355.0,362.0,353.0,362.0,0,0,61300.0,21968900.0,1.0,355.0,362.0,353.0,362.0,61300.0
2022-10-13,21960,362.0,362.0,346.0,353.0,0,0,95700.0,33668400.0,1.0,362.0,362.0,346.0,353.0,95700.0
2022-10-14,21960,359.0,366.0,354.0,365.0,0,0,106600.0,38604800.0,1.0,359.0,366.0,354.0,365.0,106600.0
2022-10-17,21960,365.0,369.0,363.0,363.0,0,0,45400.0,16574000.0,1.0,365.0,369.0,363.0,363.0,45400.0
2022-10-18,21960,363.0,375.0,363.0,371.0,0,0,85000.0,31451700.0,1.0,363.0,375.0,363.0,371.0,85000.0
2022-10-19,21960,369.0,372.0,365.0,369.0,0,0,49000.0,18084400.0,1.0,369.0,372.0,365.0,369.0,49000.0
2022-10-20,21960,368.0,370.0,364.0,368.0,0,0,26500.0,9719200.0,1.0,368.0,370.0,364.0,368.0,26500.0
2022-10-21,21960,364.0,368.0,364.0,365.0,0,0,30100.0,11003700.0,1.0,364.0,368.0,364.0,365.0,30100.0
2022-10-24,21960,370.0,370.0,360.0,360.0,0,0,28600.0,10391400.0,1.0,370.0,370.0,360.0,360.0,28600.0
2022-10-25,21960,366.0,367.0,359.0,365.0,0,0,35200.0,12804900.0,1.0,366.0,367.0,359.0,365.0,35200.0
2022-10-26,21960,363.0,370.0,362.0,364.0,0,0,41100.0,15023300.0,1.0,363.0,370.0,362.0,364.0,41100.0
2022-10-27,21960,365.0,365.0,358.0,362.0,0,0,58500.0,21139700.0,1.0,365.0,365.0,358.0,362.0,58500.0
2022-10-28,21960,357.0,363.0,351.0,351.0,0,0,184100.0,65220800.0,1.0,357.0,363.0,351.0,351.0,184100.0
2022-10-31,21960,353.0,356.0,348.0,356.0,0,0,68800.0,24255000.0,1.0,353.0,356.0,348.0,356.0,68800.0
2022-11-01,21960,354.0,362.0,354.0,355.0,0,0,40700.0,14568200.0,1.0,354.0,362.0,354.0,355.0,40700.0
2022-11-02,21960,354.0,366.0,354.0,365.0,0,0,63100.0,22864000.0,1.0,354.0,366.0,354.0,365.0,63100.0
2022-11-04,21960,365.0,372.0,362.0,368.0,0,0,65900.0,24263600.0,1.0,365.0,372.0,362.0,368.0,65900.0
2022-11-07,21960,370.0,370.0,363.0,363.0,0,0,58000.0,21185400.0,1.0,370.0,370.0,363.0,363.0,58000.0
2022-11-08,21960,367.0,369.0,362.0,364.0,0,0,24800.0,9059300.0,1.0,367.0,369.0,362.0,364.0,24800.0
2022-11-09,21960,368.0,370.0,361.0,361.0,0,0,32800.0,11961700.0,1.0,368.0,370.0,361.0,361.0,32800.0
2022-11-10,21960,358.0,364.0,358.0,363.0,0,0,33000.0,11879300.0,1.0,358.0,364.0,358.0,363.0,33000.0
2022-11-11,21960,370.0,370.0,359.0,363.0,0,0,45900.0,16714900.0,1.0,370.0,370.0,359.0,363.0,45900.0
2022-11-14,21960,361.0,362.0,356.0,360.0,0,0,117300.0,42123700.0,1.0,361.0,362.0,356.0,360.0,117300.0
2022-11-15,21960,352.0,353.0,336.0,337.0,0,0,282300.0,96757200.0,1.0,352.0,353.0,336.0,337.0,282300.0
2022-11-16,21960,336.0,343.0,327.0,335.0,0,0,189000.0,62941200.0,1.0,336.0,343.0,327.0,335.0,189000.0
2022-11-17,21960,335.0,350.0,334.0,349.0,0,0,168500.0,58021000.0,1.0,335.0,350.0,334.0,349.0,168500.0
2022-11-18,21960,350.0,352.0,346.0,349.0,0,0,77800.0,27208900.0,1.0,350.0,352.0,346.0,349.0,77800.0
2022-11-21,21960,343.0,348.0,343.0,345.0,0,0,41800.0,14398700.0,1.0,343.0,348.0,343.0,345.0,41800.0
2022-11-22,21960,345.0,351.0,345.0,348.0,0,0,39000.0,13572500.0,1.0,345.0,351.0,345.0,348.0,39000.0
2022-11-24,21960,353.0,357.0,351.0,354.0,0,0,62200.0,22008400.0,1.0,353.0,357.0,351.0,354.0,62200.0
2022-11-25,21960,353.0,355.0,350.0,351.0,0,0,57800.0,20394300.0,1.0,353.0,355.0,350.0,351.0,57800.0
2022-11-28,21960,347.0,350.0,346.0,348.0,0,0,31600.0,10975000.0,1.0,347.0,350.0,346.0,348.0,31600.0
2022-11-29,21960,347.0,351.0,344.0,346.0,0,0,50400.0,17493800.0,1.0,347.0,351.0,344.0,346.0,50400.0
2022-11-30,21960,346.0,347.0,342.0,342.0,0,0,43800.0,15077300.0,1.0,346.0,347.0,342.0,342.0,43800.0
2022-12-01,21960,345.0,346.0,341.0,344.0,0,0,39000.0,13383000.0,1.0,345.0,346.0,341.0,344.0,39000.0
2022-12-02,21960,338.0,344.0,335.0,340.0,0,0,118500.0,40029900.0,1.0,338.0,344.0,335.0,340.0,118500.0
2022-12-05,21960,340.0,344.0,336.0,340.0,0,0,40000.0,13611400.0,1.0,340.0,344.0,336.0,340.0,40000.0
2022-12-06,21960,335.0,338.0,335.0,335.0,0,0,49700.0,16691000.0,1.0,335.0,338.0,335.0,335.0,49700.0
2022-12-07,21960,335.0,340.0,335.0,336.0,0,0,53700.0,18109900.0,1.0,335.0,340.0,335.0,336.0,53700.0
2022-12-08,21960,336.0,338.0,331.0,333.0,0,0,35700.0,11921600.0,1.0,336.0,338.0,331.0,333.0,35700.0
2022-12-09,21960,333.0,336.0,331.0,332.0,0,0,49200.0,16373100.0,1.0,333.0,336.0,331.0,332.0,49200.0
2022-12-12,21960,331.0,332.0,326.0,327.0,0,0,71100.0,23373200.0,1.0,331.0,332.0,326.0,327.0,71100.0
2022-12-13,21960,327.0,333.0,312.0,318.0,0,0,181400.0,58546700.0,1.0,327.0,333.0,312.0,318.0,181400.0
2022-12-14,21960,320.0,324.0,316.0,324.0,0,0,71900.0,23053400.0,1.0,320.0,324.0,316.0,324.0,71900.0
2022-12-15,21960,318.0,335.0,318.0,322.0,0,0,113300.0,36886800.0,1.0,318.0,335.0,318.0,322.0,113300.0
2022-12-16,21960,321.0,324.0,318.0,319.0,0,0,61400.0,19717900.0,1.0,321.0,324.0,318.0,319.0,61400.0
2022-12-19,21960,319.0,319.0,314.0,315.0,0,0,44200.0,13997700.0,1.0,319.0,319.0,314.0,315.0,44200.0
2022-12-20,21960,314.0,315.0,297.0,300.0,0,0,281800.0,85737500.0,1.0,314.0,315.0,297.0,300.0,281800.0
2022-12-21,21960,300.0,308.0,297.0,303.0,0,0,99200.0,29948900.0,1.0,300.0,308.0,297.0,303.0,99200.0
2022-12-22,21960,303.0,309.0,303.0,308.0,0,0,57100.0,17462700.0,1.0,303.0,309.0,303.0,308.0,57100.0
2022-12-23,21960,306.0,306.0,296.0,300.0,0,0,125600.0,37716000.0,1.0,306.0,306.0,296.0,300.0,125600.0
2022-12-26,21960,301.0,305.0,300.0,301.0,0,0,89800.0,27118100.0,1.0,301.0,305.0,300.0,301.0,89800.0
2022-12-27,21960,305.0,312.0,304.0,305.0,0,0,78300.0,24088400.0,1.0,305.0,312.0,304.0,305.0,78300.0
2022-12-28,21960,303.0,306.0,300.0,304.0,0,0,59000.0,17878300.0,1.0,303.0,306.0,300.0,304.0,59000.0
2022-12-29,21960,303.0,308.0,303.0,307.0,0,0,68500.0,20922700.0,1.0,303.0,308.0,303.0,307.0,68500.0
2022-12-30,21960,308.0,313.0,308.0,309.0,0,0,59000.0,18328100.0,1.0,308.0,313.0,308.0,309.0,59000.0
2023-01-04,21960,307.0,308.0,301.0,302.0,0,0,78600.0,23845600.0,1.0,307.0,308.0,301.0,302.0,78600.0
2023-01-05,21960,302.0,303.0,299.0,301.0,0,0,74400.0,22391400.0,1.0,302.0,303.0,299.0,301.0,74400.0
2023-01-06,21960,301.0,305.0,300.0,304.0,0,0,25000.0,7563700.0,1.0,301.0,305.0,300.0,304.0,25000.0
2023-01-10,21960,307.0,312.0,307.0,309.0,0,0,54100.0,16722500.0,1.0,307.0,312.0,307.0,309.0,54100.0
2023-01-11,21960,317.0,319.0,313.0,318.0,0,0,59200.0,18764100.0,1.0,317.0,319.0,313.0,318.0,59200.0
2023-01-12,21960,320.0,321.0,313.0,319.0,0,0,42400.0,13433700.0,1.0,320.0,321.0,313.0,319.0,42400.0
2023-01-13,21960,317.0,317.0,310.0,313.0,0,0,93000.0,29120500.0,1.0,317.0,317.0,310.0,313.0,93000.0
2023-01-16,21960,310.0,311.0,305.0,309.0,0,0,29600.0,9126400.0,1.0,310.0,311.0,305.0,309.0,29600.0
2023-01-17,21960,308.0,313.0,308.0,309.0,0,0,49200.0,15288600.0,1.0,308.0,313.0,308.0,309.0,49200.0
2023-01-18,21960,309.0,313.0,307.0,310.0,0,0,44100.0,13662800.0,1.0,309.0,313.0,307.0,310.0,44100.0
2023-01-19,21960,308.0,317.0,308.0,315.0,0,0,43500.0,13646700.0,1.0,308.0,317.0,308.0,315.0,43500.0
2023-01-20,21960,315.0,319.0,314.0,315.0,0,0,48200.0,15264100.0,1.0,315.0,319.0,314.0,315.0,48200.0
2023-01-23,21960,317.0,319.0,316.0,316.0,0,0,41200.0,13063200.0,1.0,317.0,319.0,316.0,316.0,41200.0
2023-01-24,21960,318.0,318.0,312.0,315.0,0,0,49000.0,15427300.0,1.0,318.0,318.0,312.0,315.0,49000.0
2023-01-25,21960,313.0,316.0,312.0,314.0,0,0,38900.0,12195600.0,1.0,313.0,316.0,312.0,314.0,38900.0
2023-01-26,21960,314.0,318.0,314.0,316.0,0,0,40600.0,12821100.0,1.0,314.0,318.0,314.0,316.0,40600.0
2023-01-27,21960,316.0,318.0,314.0,315.0,0,0,22100.0,6976700.0,1.0,316.0,318.0,314.0,315.0,22100.0
2023-01-30,21960,318.0,324.0,315.0,316.0,0,0,108200.0,34378400.0,1.0,318.0,324.0,315.0,316.0,108200.0
2023-01-31,21960,319.0,323.0,317.0,320.0,0,0,52000.0,16695600.0,1.0,319.0,323.0,317.0,320.0,52000.0
2023-02-01,21960,324.0,324.0,317.0,320.0,0,0,77600.0,24930000.0,1.0,324.0,324.0,317.0,320.0,77600.0
2023-02-02,21960,320.0,323.0,316.0,316.0,0,0,43000.0,13772600.0,1.0,320.0,323.0,316.0,316.0,43000.0
2023-02-03,21960,319.0,325.0,318.0,324.0,0,0,69300.0,22358300.0,1.0,319.0,325.0,318.0,324.0,69300.0
2023-02-06,21960,325.0,334.0,325.0,327.0,0,0,69100.0,22728100.0,1.0,325.0,334.0,325.0,327.0,69100.0
2023-02-07,21960,328.0,333.0,326.0,331.0,0,0,60800.0,20091900.0,1.0,328.0,333.0,326.0,331.0,60800.0
2023-02-08,21960,330.0,337.0,330.0,332.0,0,0,47300.0,15814200.0,1.0,330.0,337.0,330.0,332.0,47300.0
2023-02-09,21960,332.0,334.0,328.0,331.0,0,0,52200.0,17277100.0,1.0,332.0,334.0,328.0,331.0,52200.0
2023-02-10,21960,330.0,331.0,323.0,324.0,0,0,61900.0,20153600.0,1.0,330.0,331.0,323.0,324.0,61900.0
2023-02-13,21960,331.0,342.0,330.0,337.0,0,0,157700.0,53043300.0,1.0,331.0,342.0,330.0,337.0,157700.0
2023-02-14,21960,338.0,338.0,326.0,327.0,0,0,127500.0,42333500.0,1.0,338.0,338.0,326.0,327.0,127500.0
2023-02-15,21960,331.0,348.0,327.0,334.0,0,0,222400.0,74747300.0,1.0,331.0,348.0,327.0,334.0,222400.0
2023-02-16,21960,337.0,348.0,337.0,343.0,0,0,142000.0,48669800.0,1.0,337.0,348.0,337.0,343.0,142000.0
2023-02-17,21960,344.0,372.0,340.0,366.0,0,0,468200.0,170320600.0,1.0,344.0,372.0,340.0,366.0,468200.0
2023-02-20,21960,367.0,367.0,351.0,355.0,0,0,178300.0,63726600.0,1.0,367.0,367.0,351.0,355.0,178300.0
2023-02-21,21960,354.0,372.0,351.0,368.0,0,0,165900.0,60749600.0,1.0,354.0,372.0,351.0,368.0,165900.0
2023-02-22,21960,364.0,370.0,362.0,363.0,0,0,63500.0,23207100.0,1.0,364.0,370.0,362.0,363.0,63500.0
2023-02-24,21960,360.0,367.0,355.0,358.0,0,0,96000.0,34422000.0,1.0,360.0,367.0,355.0,358.0,96000.0
2023-02-27,21960,355.0,366.0,355.0,362.0,0,0,93600.0,33798000.0,1.0,355.0,366.0,355.0,362.0,93600.0
2023-02-28,21960,364.0,364.0,356.0,358.0,0,0,69100.0,24761600.0,1.0,364.0,364.0,356.0,358.0,69100.0
2023-03-01,21960,354.0,356.0,346.0,347.0,0,0,165400.0,57830900.0,1.0,354.0,356.0,346.0,347.0,165400.0
2023-03-02,21960,345.0,347.0,340.0,347.0,0,0,98700.0,33942700.0,1.0,345.0,347.0,340.0,347.0,98700.0
2023-03-03,21960,348.0,351.0,345.0,350.0,0,0,64900.0,22603600.0,1.0,348.0,351.0,345.0,350.0,64900.0
2023-03-06,21960,350.0,354.0,344.0,345.0,0,0,64800.0,22542300.0,1.0,350.0,354.0,344.0,345.0,64800.0
2023-03-07,21960,345.0,361.0,345.0,357.0,0,0,159200.0,56437700.0,1.0,345.0,361.0,345.0,357.0,159200.0
2023-03-08,21960,356.0,361.0,354.0,358.0,0,0,65800.0,23530300.0,1.0,356.0,361.0,354.0,358.0,65800.0
2023-03-09,21960,359.0,367.0,354.0,354.0,0,0,142300.0,51185600.0,1.0,359.0,367.0,354.0,354.0,142300.0
2023-03-10,21960,352.0,358.0,349.0,350.0,0,0,77400.0,27259300.0,1.0,352.0,358.0,349.0,350.0,77400.0
2023-03-13,21960,343.0,345.0,335.0,343.0,0,0,124300.0,42210300.0,1.0,343.0,345.0,335.0,343.0,124300.0
2023-03-14,21960,335.0,338.0,329.0,332.0,0,0,119600.0,39938000.0,1.0,335.0,338.0,329.0,332.0,119600.0
2023-03-15,21960,340.0,346.0,336.0,336.0,0,0,73500.0,24913900.0,1.0,340.0,346.0,336.0,336.0,73500.0
2023-03-16,21960,328.0,332.0,323.0,326.0,0,0,82700.0,27012400.0,1.0,328.0,332.0,323.0,326.0,82700.0
2023-03-17,21960,327.0,341.0,327.0,338.0,0,0,80000.0,26766700.0,1.0,327.0,341.0,327.0,338.0,80000.0
2023-03-20,21960,336.0,337.0,326.0,326.0,0,0,65600.0,21785700.0,1.0,336.0,337.0,326.0,326.0,65600.0
2023-03-22,21960,333.0,334.0,330.0,331.0,0,0,35900.0,11912300.0,1.0,333.0,334.0,330.0,331.0,35900.0
2023-03-23,21960,326.0,333.0,325.0,331.0,0,0,61100.0,20107500.0,1.0,326.0,333.0,325.0,331.0,61100.0
2023-03-24,21960,328.0,333.0,322.0,333.0,0,0,56800.0,18665500.0,1.0,328.0,333.0,322.0,333.0,56800.0
2023-03-27,21960,335.0,341.0,334.0,335.0,0,0,79800.0,26815600.0,1.0,335.0,341.0,334.0,335.0,79800.0
2023-03-28,21960,337.0,337.0,326.0,326.0,0,0,106600.0,35366900.0,1.0,337.0,337.0,326.0,326.0,106600.0
2023-03-29,21960,334.0,353.0,333.0,342.0,0,0,642400.0,219302700.0,1.0,334.0,353.0,333.0,342.0,642400.0
2023-03-30,21960,343.0,343.0,333.0,333.0,0,0,156500.0,53017700.0,1.0,343.0,343.0,333.0,333.0,156500.0
2023-03-31,21960,334.0,335.0,325.0,329.0,0,0,107600.0,35216000.0,1.0,334.0,335.0,325.0,329.0,107600.0
2023-04-03,21960,332.0,338.0,330.0,330.0,0,0,76300.0,25438300.0,1.0,332.0,338.0,330.0,330.0,76300.0
2023-04-04,21960,332.0,332.0,323.0,326.0,0,0,158600.0,51873700.0,1.0,332.0,332.0,323.0,326.0,158600.0
2023-04-05,21960,326.0,327.0,318.0,322.0,0,0,81500.0,26144500.0,1.0,326.0,327.0,318.0,322.0,81500.0
2023-04-06,21960,319.0,323.0,315.0,315.0,0,0,103700.0,32972000.0,1.0,319.0,323.0,315.0,315.0,103700.0
2023-04-07,21960,316.0,320.0,315.0,318.0,0,0,37300.0,11844300.0,1.0,316.0,320.0,315.0,318.0,37300.0
2023-04-10,21960,321.0,326.0,321.0,322.0,0,0,33500.0,10828900.0,1.0,321.0,326.0,321.0,322.0,33500.0
2023-04-11,21960,323.0,333.0,323.0,328.0,0,0,62500.0,20518700.0,1.0,323.0,333.0,323.0,328.0,62500.0
2023-04-12,21960,325.0,333.0,325.0,332.0,0,0,48000.0,15827200.0,1.0,325.0,333.0,325.0,332.0,48000.0
2023-04-13,21960,331.0,340.0,328.0,340.0,0,0,63900.0,21446800.0,1.0,331.0,340.0,328.0,340.0,63900.0
2023-04-14,21960,343.0,347.0,340.0,340.0,0,0,55800.0,19175900.0,1.0,343.0,347.0,340.0,340.0,55800.0
2023-04-17,21960,340.0,341.0,334.0,336.0,0,0,62600.0,21068500.0,1.0,340.0,341.0,334.0,336.0,62600.0
2023-04-18,21960,339.0,349.0,338.0,349.0,0,0,75800.0,26186600.0,1.0,339.0,349.0,338.0,349.0,75800.0
2023-04-19,21960,349.0,353.0,344.0,353.0,0,0,97700.0,34081100.0,1.0,349.0,353.0,344.0,353.0,97700.0
2023-04-20,21960,351.0,370.0,351.0,366.0,0,0,139300.0,50400700.0,1.0,351.0,370.0,351.0,366.0,139300.0
2023-04-21,21960,362.0,369.0,357.0,364.0,0,0,78100.0,28267100.0,1.0,362.0,369.0,357.0,364.0,78100.0
2023-04-24,21960,364.0,394.0,364.0,388.0,0,0,346700.0,132535200.0,1.0,364.0,394.0,364.0,388.0,346700.0
2023-04-25,21960,387.0,395.0,383.0,392.0,0,0,184400.0,71823700.0,1.0,387.0,395.0,383.0,392.0,184400.0
2023-04-26,21960,389.0,412.0,384.0,408.0,0,0,312800.0,125632300.0,1.0,389.0,412.0,384.0,408.0,312800.0
2023-04-27,21960,408.0,412.0,395.0,395.0,0,0,356200.0,143122700.0,1.0,408.0,412.0,395.0,395.0,356200.0
2023-04-28,21960,392.0,402.0,390.0,397.0,0,0,105200.0,41745500.0,1.0,392.0,402.0,390.0,397.0,105200.0
2023-05-01,21960,403.0,407.0,400.0,404.0,0,0,70100.0,28330800.0,1.0,403.0,407.0,400.0,404.0,70100.0
2023-05-02,21960,403.0,430.0,400.0,423.0,0,0,272000.0,113186900.0,1.0,403.0,430.0,400.0,423.0,272000.0
2023-05-08,21960,420.0,429.0,413.0,425.0,0,0,188600.0,79364700.0,1.0,420.0,429.0,413.0,425.0,188600.0
2023-05-09,21960,425.0,443.0,425.0,439.0,0,0,158300.0,69043500.0,1.0,425.0,443.0,425.0,439.0,158300.0
2023-05-10,21960,440.0,458.0,440.0,457.0,0,0,219900.0,98823700.0,1.0,440.0,458.0,440.0,457.0,219900.0
2023-05-11,21960,453.0,468.0,445.0,463.0,0,0,260400.0,119301000.0,1.0,453.0,468.0,445.0,463.0,260400.0
2023-05-12,21960,465.0,466.0,438.0,438.0,0,0,309600.0,138520900.0,1.0,465.0,466.0,438.0,438.0,309600.0
2023-05-15,21960,382.0,403.0,378.0,401.0,0,0,612400.0,237654700.0,1.0,382.0,403.0,378.0,401.0,612400.0
2023-05-16,21960,405.0,413.0,391.0,394.0,0,0,191900.0,76801700.0,1.0,405.0,413.0,391.0,394.0,191900.0
2023-05-17,21960,397.0,402.0,378.0,382.0,0,0,272100.0,106125100.0,1.0,397.0,402.0,378.0,382.0,272100.0
2023-05-18,21960,387.0,387.0,367.0,371.0,0,0,151600.0,56706700.0,1.0,387.0,387.0,367.0,371.0,151600.0
2023-05-19,21960,367.0,378.0,363.0,376.0,0,0,108500.0,40239400.0,1.0,367.0,378.0,363.0,376.0,108500.0
2023-05-22,21960,379.0,379.0,365.0,365.0,0,0,96000.0,35450300.0,1.0,379.0,379.0,365.0,365.0,96000.0
2023-05-23,21960,368.0,372.0,357.0,367.0,0,0,134900.0,49227400.0,1.0,368.0,372.0,357.0,367.0,134900.0
2023-05-24,21960,363.0,373.0,363.0,371.0,0,0,62200.0,22963100.0,1.0,363.0,373.0,363.0,371.0,62200.0
2023-05-25,21960,368.0,372.0,351.0,354.0,0,0,313100.0,111941600.0,1.0,368.0,372.0,351.0,354.0,313100.0
2023-05-26,21960,358.0,358.0,345.0,345.0,0,0,114700.0,40197700.0,1.0,358.0,358.0,345.0,345.0,114700.0
2023-05-29,21960,349.0,349.0,342.0,343.0,0,0,80700.0,27878300.0,1.0,349.0,349.0,342.0,343.0,80700.0
2023-05-30,21960,340.0,342.0,335.0,339.0,0,0,82300.0,27829300.0,1.0,340.0,342.0,335.0,339.0,82300.0
2023-05-31,21960,337.0,346.0,336.0,342.0,0,0,71000.0,24189800.0,1.0,337.0,346.0,336.0,342.0,71000.0
2023-06-01,21960,349.0,376.0,348.0,370.0,0,0,352100.0,128898000.0,1.0,349.0,376.0,348.0,370.0,352100.0
2023-06-02,21960,377.0,390.0,368.0,370.0,0,0,273100.0,102775100.0,1.0,377.0,390.0,368.0,370.0,273100.0
2023-06-05,21960,378.0,378.0,363.0,369.0,0,0,114300.0,42196600.0,1.0,378.0,378.0,363.0,369.0,114300.0
2023-06-06,21960,374.0,386.0,373.0,379.0,0,0,188000.0,71065600.0,1.0,374.0,386.0,373.0,379.0,188000.0
2023-06-07,21960,376.0,382.0,369.0,370.0,0,0,170300.0,63691700.0,1.0,376.0,382.0,369.0,370.0,170300.0
2023-06-08,21960,368.0,374.0,365.0,366.0,0,0,104500.0,38439400.0,1.0,368.0,374.0,365.0,366.0,104500.0
2023-06-09,21960,367.0,373.0,362.0,371.0,0,0,84600.0,31137800.0,1.0,367.0,373.0,362.0,371.0,84600.0
2023-06-12,21960,370.0,371.0,365.0,368.0,0,0,91200.0,33591700.0,1.0,370.0,371.0,365.0,368.0,91200.0
2023-06-13,21960,369.0,372.0,366.0,367.0,0,0,69300.0,25499200.0,1.0,369.0,372.0,366.0,367.0,69300.0
2023-06-14,21960,367.0,368.0,358.0,361.0,0,0,133500.0,48279500.0,1.0,367.0,368.0,358.0,361.0,133500.0
2023-06-15,21960,359.0,367.0,358.0,360.0,0,0,84000.0,30474400.0,1.0,359.0,367.0,358.0,360.0,84000.0
2023-06-16,21960,360.0,368.0,359.0,366.0,0,0,98500.0,35746800.0,1.0,360.0,368.0,359.0,366.0,98500.0
2023-06-19,21960,367.0,381.0,366.0,381.0,0,0,153500.0,57686400.0,1.0,367.0,381.0,366.0,381.0,153500.0
2023-06-20,21960,385.0,398.0,379.0,397.0,0,0,164400.0,64074900.0,1.0,385.0,398.0,379.0,397.0,164400.0
2023-06-21,21960,399.0,408.0,385.0,392.0,0,0,194300.0,77406100.0,1.0,399.0,408.0,385.0,392.0,194300.0
2023-06-22,21960,394.0,403.0,381.0,382.0,0,0,161300.0,62648800.0,1.0,394.0,403.0,381.0,382.0,161300.0
2023-06-23,21960,384.0,391.0,379.0,386.0,0,0,104200.0,40146700.0,1.0,384.0,391.0,379.0,386.0,104200.0
2023-06-26,21960,386.0,392.0,382.0,386.0,0,0,72900.0,28216200.0,1.0,386.0,392.0,382.0,386.0,72900.0
2023-06-27,21960,386.0,386.0,377.0,381.0,0,0,51300.0,19537100.0,1.0,386.0,386.0,377.0,381.0,51300.0
2023-06-28,21960,385.0,392.0,383.0,389.0,0,0,63100.0,24504500.0,1.0,385.0,392.0,383.0,389.0,63100.0
2023-06-29,21960,390.0,396.0,386.0,386.0,0,0,77300.0,30108200.0,1.0,390.0,396.0,386.0,386.0,77300.0
2023-06-30,21960,386.0,391.0,383.0,390.0,0,0,38600.0,14970900.0,1.0,386.0,391.0,383.0,390.0,38600.0
2023-07-03,21960,392.0,403.0,391.0,397.0,0,0,127000.0,50448600.0,1.0,392.0,403.0,391.0,397.0,127000.0
2023-07-04,21960,400.0,422.0,397.0,417.0,0,0,256000.0,105562000.0,1.0,400.0,422.0,397.0,417.0,256000.0
2023-07-05,21960,420.0,430.0,416.0,421.0,0,0,147000.0,62161500.0,1.0,420.0,430.0,416.0,421.0,147000.0
2023-07-06,21960,415.0,426.0,410.0,416.0,0,0,113700.0,47577000.0,1.0,415.0,426.0,410.0,416.0,113700.0
2023-07-07,21960,415.0,424.0,413.0,422.0,0,0,103300.0,43476000.0,1.0,415.0,424.0,413.0,422.0,103300.0
2023-07-10,21960,418.0,420.0,408.0,408.0,0,0,120300.0,49677700.0,1.0,418.0,420.0,408.0,408.0,120300.0
2023-07-11,21960,412.0,418.0,406.0,410.0,0,0,56100.0,23106500.0,1.0,412.0,418.0,406.0,410.0,56100.0
2023-07-12,21960,411.0,414.0,398.0,401.0,0,0,63400.0,25640700.0,1.0,411.0,414.0,398.0,401.0,63400.0
2023-07-13,21960,399.0,405.0,395.0,405.0,0,0,67100.0,26908100.0,1.0,399.0,405.0,395.0,405.0,67100.0
2023-07-14,21960,407.0,408.0,394.0,394.0,0,0,63900.0,25478800.0,1.0,407.0,408.0,394.0,394.0,63900.0
2023-07-18,21960,402.0,407.0,395.0,402.0,0,0,69900.0,28065300.0,1.0,402.0,407.0,395.0,402.0,69900.0
2023-07-19,21960,404.0,405.0,396.0,400.0,0,0,70000.0,28031700.0,1.0,404.0,405.0,396.0,400.0,70000.0
2023-07-20,21960,398.0,406.0,397.0,397.0,0,0,103600.0,41488600.0,1.0,398.0,406.0,397.0,397.0,103600.0
2023-07-21,21960,395.0,400.0,388.0,393.0,0,0,81000.0,31874500.0,1.0,395.0,400.0,388.0,393.0,81000.0
2023-07-24,21960,395.0,403.0,394.0,396.0,0,0,94400.0,37560700.0,1.0,395.0,403.0,394.0,396.0,94400.0
2023-07-25,21960,400.0,400.0,395.0,396.0,0,0,39900.0,15851300.0,1.0,400.0,400.0,395.0,396.0,39900.0
2023-07-26,21960,397.0,400.0,389.0,399.0,0,0,38800.0,15287000.0,1.0,397.0,400.0,389.0,399.0,38800.0
2023-07-27,21960,400.0,405.0,397.0,400.0,0,0,51600.0,20695400.0,1.0,400.0,405.0,397.0,400.0,51600.0
2023-07-28,21960,400.0,400.0,388.0,394.0,0,0,138200.0,54346500.0,1.0,400.0,400.0,388.0,394.0,138200.0
2023-07-31,21960,396.0,403.0,396.0,400.0,0,0,33900.0,13548500.0,1.0,396.0,403.0,396.0,400.0,33900.0
2023-08-01,21960,398.0,410.0,398.0,405.0,0,0,94200.0,38098400.0,1.0,398.0,410.0,398.0,405.0,94200.0
2023-08-02,21960,406.0,406.0,400.0,400.0,0,0,50200.0,20189200.0,1.0,406.0,406.0,400.0,400.0,50200.0
2023-08-03,21960,393.0,398.0,391.0,395.0,0,0,51600.0,20380100.0,1.0,393.0,398.0,391.0,395.0,51600.0
2023-08-04,21960,394.0,406.0,392.0,398.0,0,0,66900.0,26711000.0,1.0,394.0,406.0,392.0,398.0,66900.0
2023-08-07,21960,399.0,402.0,392.0,402.0,0,0,73500.0,29156600.0,1.0,399.0,402.0,392.0,402.0,73500.0
2023-08-08,21960,402.0,404.0,393.0,395.0,0,0,73000.0,29020900.0,1.0,402.0,404.0,393.0,395.0,73000.0
2023-08-09,21960,396.0,396.0,386.0,390.0,0,0,102800.0,40182000.0,1.0,396.0,396.0,386.0,390.0,102800.0
2023-08-10,21960,390.0,398.0,386.0,397.0,0,0,102600.0,40089600.0,1.0,390.0,398.0,386.0,397.0,102600.0
2023-08-14,21960,396.0,402.0,385.0,388.0,0,0,187400.0,73764800.0,1.0,396.0,402.0,385.0,388.0,187400.0
2023-08-15,21960,316.0,345.0,316.0,330.0,0,0,863200.0,284559100.0,1.0,316.0,345.0,316.0,330.0,863200.0
2023-08-16,21960,330.0,361.0,328.0,339.0,0,0,428300.0,147623500.0,1.0,330.0,361.0,328.0,339.0,428300.0
2023-08-17,21960,338.0,339.0,326.0,330.0,0,0,143100.0,47395800.0,1.0,338.0,339.0,326.0,330.0,143100.0
2023-08-18,21960,328.0,332.0,322.0,326.0,0,0,68000.0,22184900.0,1.0,328.0,332.0,322.0,326.0,68000.0
2023-08-21,21960,329.0,337.0,329.0,334.0,0,0,42500.0,14183100.0,1.0,329.0,337.0,329.0,334.0,42500.0
2023-08-22,21960,339.0,340.0,333.0,333.0,0,0,37800.0,12702900.0,1.0,339.0,340.0,333.0,333.0,37800.0
2023-08-23,21960,335.0,339.0,334.0,334.0,0,0,28500.0,9560900.0,1.0,335.0,339.0,334.0,334.0,28500.0
2023-08-24,21960,339.0,345.0,337.0,341.0,0,0,59300.0,20253800.0,1.0,339.0,345.0,337.0,341.0,59300.0
2023-08-25,21960,340.0,355.0,337.0,346.0,0,0,55400.0,19134400.0,1.0,340.0,355.0,337.0,346.0,55400.0
2023-08-28,21960,348.0,359.0,342.0,355.0,0,0,71200.0,25068700.0,1.0,348.0,359.0,342.0,355.0,71200.0
2023-08-29,21960,352.0,358.0,349.0,354.0,0,0,65700.0,23259600.0,1.0,352.0,358.0,349.0,354.0,65700.0
2023-08-30,21960,353.0,359.0,350.0,355.0,0,0,43900.0,15556100.0,1.0,353.0,359.0,350.0,355.0,43900.0
2023-08-31,21960,359.0,366.0,355.0,358.0,0,0,47700.0,17129400.0,1.0,359.0,366.0,355.0,358.0,47700.0
2023-09-01,21960,358.0,368.0,358.0,368.0,0,0,67000.0,24336100.0,1.0,358.0,368.0,358.0,368.0,67000.0
2023-09-04,21960,368.0,369.0,361.0,365.0,0,0,38800.0,14183400.0,1.0,368.0,369.0,361.0,365.0,38800.0
2023-09-05,21960,365.0,365.0,360.0,363.0,0,0,35300.0,12775200.0,1.0,365.0,365.0,360.0,363.0,35300.0
2023-09-06,21960,365.0,366.0,360.0,364.0,0,0,17000.0,6165100.0,1.0,365.0,366.0,360.0,364.0,17000.0
2023-09-07,21960,364.0,364.0,352.0,352.0,0,0,112100.0,40106300.0,1.0,364.0,364.0,352.0,352.0,112100.0
2023-09-08,21960,356.0,356.0,347.0,350.0,0,0,49300.0,17342100.0,1.0,356.0,356.0,347.0,350.0,49300.0
2023-09-11,21960,354.0,354.0,341.0,342.0,0,0,45900.0,15907000.0,1.0,354.0,354.0,341.0,342.0,45900.0
2023-09-12,21960,343.0,352.0,343.0,349.0,0,0,27000.0,9410500.0,1.0,343.0,352.0,343.0,349.0,27000.0
2023-09-13,21960,347.0,350.0,344.0,347.0,0,0,16700.0,5793300.0,1.0,347.0,350.0,344.0,347.0,16700.0
2023-09-14,21960,350.0,350.0,342.0,347.0,0,0,28200.0,9727300.0,1.0,350.0,350.0,342.0,347.0,28200.0
2023-09-15,21960,345.0,345.0,337.0,337.0,0,0,69500.0,23613900.0,1.0,345.0,345.0,337.0,337.0,69500.0
2023-09-19,21960,340.0,341.0,334.0,338.0,0,0,41000.0,13881700.0,1.0,340.0,341.0,334.0,338.0,41000.0
2023-09-20,21960,339.0,341.0,334.0,334.0,0,0,45200.0,15233900.0,1.0,339.0,341.0,334.0,334.0,45200.0
2023-09-21,21960,335.0,337.0,327.0,329.0,0,0,66000.0,21853700.0,1.0,335.0,337.0,327.0,329.0,66000.0
2023-09-22,21960,326.0,339.0,326.0,338.0,0,0,84200.0,27949600.0,1.0,326.0,339.0,326.0,338.0,84200.0
2023-09-25,21960,340.0,340.0,332.0,334.0,0,0,87800.0,29570200.0,1.0,340.0,340.0,332.0,334.0,87800.0
2023-09-26,21960,334.0,334.0,328.0,328.0,0,0,163400.0,54155700.0,1.0,334.0,334.0,328.0,328.0,163400.0
2023-09-27,21960,328.0,341.0,324.0,335.0,0,0,552200.0,181495300.0,1.0,328.0,341.0,324.0,335.0,552200.0
2023-09-28,21960,328.0,331.0,323.0,326.0,0,0,177600.0,58153000.0,1.0,328.0,331.0,323.0,326.0,177600.0
2023-09-29,21960,326.0,331.0,321.0,321.0,0,0,59500.0,19352200.0,1.0,326.0,331.0,321.0,321.0,59500.0
2023-10-02,21960,323.0,326.0,315.0,315.0,0,0,96000.0,30558400.0,1.0,323.0,326.0,315.0,315.0,96000.0
2023-10-03,21960,315.0,315.0,304.0,304.0,0,0,129600.0,39922500.0,1.0,315.0,315.0,304.0,304.0,129600.0
2023-10-04,21960,302.0,309.0,298.0,300.0,0,0,125400.0,38017300.0,1.0,302.0,309.0,298.0,300.0,125400.0
2023-10-05,21960,300.0,308.0,300.0,308.0,0,0,172800.0,52509600.0,1.0,300.0,308.0,300.0,308.0,172800.0
2023-10-06,21960,310.0,320.0,310.0,318.0,0,0,86300.0,27265800.0,1.0,310.0,320.0,310.0,318.0,86300.0
2023-10-10,21960,316.0,318.0,312.0,316.0,0,0,48900.0,15382400.0,1.0,316.0,318.0,312.0,316.0,48900.0
2023-10-11,21960,316.0,316.0,307.0,308.0,0,0,25700.0,7964600.0,1.0,316.0,316.0,307.0,308.0,25700.0
2023-10-12,21960,307.0,308.0,302.0,305.0,0,0,29900.0,9130200.0,1.0,307.0,308.0,302.0,305.0,29900.0
2023-10-13,21960,304.0,316.0,296.0,297.0,0,0,105000.0,31616000.0,1.0,304.0,316.0,296.0,297.0,105000.0
2023-10-16,21960,295.0,296.0,287.0,288.0,0,0,123300.0,35873500.0,1.0,295.0,296.0,287.0,288.0,123300.0
2023-10-17,21960,293.0,297.0,288.0,294.0,0,0,66500.0,19443100.0,1.0,293.0,297.0,288.0,294.0,66500.0
2023-10-18,21960,294.0,296.0,289.0,296.0,0,0,34000.0,9969200.0,1.0,294.0,296.0,289.0,296.0,34000.0
2023-10-19,21960,290.0,295.0,289.0,290.0,0,0,59300.0,17246200.0,1.0,290.0,295.0,289.0,290.0,59300.0
2023-10-20,21960,289.0,292.0,283.0,291.0,0,0,111500.0,32015900.0,1.0,289.0,292.0,283.0,291.0,111500.0
2023-10-23,21960,287.0,291.0,276.0,278.0,0,0,133700.0,37670500.0,1.0,287.0,291.0,276.0,278.0,133700.0
2023-10-24,21960,283.0,288.0,275.0,287.0,0,0,120100.0,33772700.0,1.0,283.0,288.0,275.0,287.0,120100.0
2023-10-25,21960,290.0,293.0,289.0,290.0,0,0,71700.0,20830000.0,1.0,290.0,293.0,289.0,290.0,71700.0
2023-10-26,21960,285.0,292.0,282.0,284.0,0,0,89100.0,25623800.0,1.0,285.0,292.0,282.0,284.0,89100.0
2023-10-27,21960,283.0,291.0,283.0,288.0,0,0,74200.0,21281500.0,1.0,283.0,291.0,283.0,288.0,74200.0
2023-10-30,21960,286.0,293.0,281.0,281.0,0,0,123100.0,34862300.0,1.0,286.0,293.0,281.0,281.0,123100.0
2023-10-31,21960,281.0,282.0,274.0,282.0,0,0,77500.0,21541500.0,1.0,281.0,282.0,274.0,282.0,77500.0
2023-11-01,21960,282.0,282.0,276.0,280.0,0,0,95900.0,26701100.0,1.0,282.0,282.0,276.0,280.0,95900.0
2023-11-02,21960,267.0,271.0,263.0,263.0,0,0,411800.0,109788300.0,1.0,267.0,271.0,263.0,263.0,411800.0
2023-11-06,21960,265.0,272.0,263.0,268.0,0,0,219400.0,58735800.0,1.0,265.0,272.0,263.0,268.0,219400.0
2023-11-07,21960,270.0,272.0,264.0,267.0,0,0,84100.0,22426000.0,1.0,270.0,272.0,264.0,267.0,84100.0
2023-11-08,21960,265.0,267.0,259.0,262.0,0,0,154500.0,40504300.0,1.0,265.0,267.0,259.0,262.0,154500.0
2023-11-09,21960,263.0,263.0,257.0,263.0,0,0,127200.0,33050400.0,1.0,263.0,263.0,257.0,263.0,127200.0
2023-11-10,21960,263.0,263.0,256.0,260.0,0,0,95100.0,24539400.0,1.0,263.0,263.0,256.0,260.0,95100.0
2023-11-13,21960,259.0,264.0,259.0,262.0,0,0,78900.0,20576400.0,1.0,259.0,264.0,259.0,262.0,78900.0
2023-11-14,21960,264.0,264.0,258.0,260.0,0,0,65500.0,17073800.0,1.0,264.0,264.0,258.0,260.0,65500.0
2023-11-15,21960,264.0,264.0,259.0,260.0,0,0,79100.0,20721700.0,1.0,264.0,264.0,259.0,260.0,79100.0
2023-11-16,21960,259.0,275.0,259.0,273.0,0,0,144000.0,38655600.0,1.0,259.0,275.0,259.0,273.0,144000.0
2023-11-17,21960,271.0,302.0,270.0,293.0,0,0,496500.0,144537400.0,1.0,271.0,302.0,270.0,293.0,496500.0
2023-11-20,21960,295.0,307.0,289.0,294.0,0,0,208800.0,62295400.0,1.0,295.0,307.0,289.0,294.0,208800.0
2023-11-21,21960,294.0,295.0,286.0,286.0,0,0,83700.0,24325400.0,1.0,294.0,295.0,286.0,286.0,83700.0
2023-11-22,21960,283.0,286.0,276.0,280.0,0,0,99600.0,27925900.0,1.0,283.0,286.0,276.0,280.0,99600.0
2023-11-24,21960,283.0,288.0,282.0,287.0,0,0,58500.0,16659600.0,1.0,283.0,288.0,282.0,287.0,58500.0
2023-11-27,21960,287.0,292.0,282.0,286.0,0,0,41000.0,11773700.0,1.0,287.0,292.0,282.0,286.0,41000.0
2023-11-28,21960,285.0,286.0,282.0,285.0,0,0,50600.0,14371700.0,1.0,285.0,286.0,282.0,285.0,50600.0
2023-11-29,21960,292.0,309.0,283.0,290.0,0,0,437700.0,129083300.0,1.0,292.0,309.0,283.0,290.0,437700.0
2023-11-30,21960,288.0,291.0,283.0,283.0,0,0,57600.0,16452700.0,1.0,288.0,291.0,283.0,283.0,57600.0
2023-12-01,21960,287.0,287.0,277.0,277.0,0,0,58000.0,16290700.0,1.0,287.0,287.0,277.0,277.0,58000.0
2023-12-04,21960,278.0,282.0,277.0,281.0,0,0,25700.0,7179500.0,1.0,278.0,282.0,277.0,281.0,25700.0
2023-12-05,21960,282.0,282.0,274.0,274.0,0,0,61900.0,17122400.0,1.0,282.0,282.0,274.0,274.0,61900.0
2023-12-06,21960,274.0,281.0,274.0,281.0,0,0,42900.0,11934100.0,1.0,274.0,281.0,274.0,281.0,42900.0
2023-12-07,21960,278.0,282.0,277.0,278.0,0,0,90200.0,25102200.0,1.0,278.0,282.0,277.0,278.0,90200.0
2023-12-08,21960,276.0,278.0,271.0,271.0,0,0,61400.0,16811700.0,1.0,276.0,278.0,271.0,271.0,61400.0
2023-12-11,21960,274.0,276.0,273.0,275.0,0,0,55100.0,15124300.0,1.0,274.0,276.0,273.0,275.0,55100.0
2023-12-12,21960,282.0,284.0,275.0,275.0,0,0,79000.0,22134400.0,1.0,282.0,284.0,275.0,275.0,79000.0
2023-12-13,21960,278.0,285.0,278.0,282.0,0,0,100100.0,28020700.0,1.0,278.0,285.0,278.0,282.0,100100.0
2023-12-14,21960,283.0,284.0,273.0,274.0,0,0,68200.0,18964400.0,1.0,283.0,284.0,273.0,274.0,68200.0
2023-12-15,21960,273.0,280.0,273.0,278.0,0,0,38400.0,10651300.0,1.0,273.0,280.0,273.0,278.0,38400.0
2023-12-18,21960,276.0,278.0,273.0,277.0,0,0,50700.0,13988300.0,1.0,276.0,278.0,273.0,277.0,50700.0
2023-12-19,21960,275.0,282.0,275.0,281.0,0,0,48900.0,13644400.0,1.0,275.0,282.0,275.0,281.0,48900.0
2023-12-20,21960,283.0,288.0,282.0,286.0,0,0,61500.0,17523400.0,1.0,283.0,288.0,282.0,286.0,61500.0
2023-12-21,21960,285.0,285.0,279.0,279.0,0,0,43800.0,12346500.0,1.0,285.0,285.0,279.0,279.0,43800.0
2023-12-22,21960,279.0,284.0,279.0,280.0,0,0,36800.0,10381300.0,1.0,279.0,284.0,279.0,280.0,36800.0
2023-12-25,21960,280.0,284.0,277.0,277.0,0,0,46000.0,12873500.0,1.0,280.0,284.0,277.0,277.0,46000.0
2023-12-26,21960,277.0,280.0,275.0,275.0,0,0,39800.0,11054400.0,1.0,277.0,280.0,275.0,275.0,39800.0
2023-12-27,21960,277.0,285.0,277.0,285.0,0,0,88300.0,24973800.0,1.0,277.0,285.0,277.0,285.0,88300.0
2023-12-28,21960,285.0,289.0,284.0,289.0,0,0,62900.0,17988900.0,1.0,285.0,289.0,284.0,289.0,62900.0
2023-12-29,21960,290.0,297.0,290.0,294.0,0,0,69300.0,20377100.0,1.0,290.0,297.0,290.0,294.0,69300.0
2024-01-04,21960,294.0,294.0,285.0,290.0,0,0,52000.0,15023200.0,1.0,294.0,294.0,285.0,290.0,52000.0
2024-01-05,21960,294.0,294.0,288.0,293.0,0,0,40400.0,11773000.0,1.0,294.0,294.0,288.0,293.0,40400.0
2024-01-09,21960,295.0,296.0,290.0,296.0,0,0,52500.0,15395000.0,1.0,295.0,296.0,290.0,296.0,52500.0
2024-01-10,21960,298.0,298.0,293.0,298.0,0,0,29800.0,8832400.0,1.0,298.0,298.0,293.0,298.0,29800.0
2024-01-11,21960,300.0,300.0,291.0,298.0,0,0,47400.0,13994000.0,1.0,300.0,300.0,291.0,298.0,47400.0
2024-01-12,21960,299.0,299.0,288.0,289.0,0,0,62000.0,18120900.0,1.0,299.0,299.0,288.0,289.0,62000.0
2024-01-15,21960,289.0,291.0,287.0,288.0,0,0,38500.0,11111800.0,1.0,289.0,291.0,287.0,288.0,38500.0
2024-01-16,21960,289.0,296.0,289.0,289.0,0,0,45100.0,13152800.0,1.0,289.0,296.0,289.0,289.0,45100.0
2024-01-17,21960,289.0,293.0,286.0,286.0,0,0,34800.0,10071000.0,1.0,289.0,293.0,286.0,286.0,34800.0
2024-01-18,21960,287.0,289.0,286.0,287.0,0,0,21100.0,6064600.0,1.0,287.0,289.0,286.0,287.0,21100.0
2024-01-19,21960,286.0,287.0,282.0,284.0,0,0,30300.0,8630100.0,1.0,286.0,287.0,282.0,284.0,30300.0
2024-01-22,21960,286.0,294.0,283.0,293.0,0,0,43300.0,12568000.0,1.0,286.0,294.0,283.0,293.0,43300.0
2024-01-23,21960,295.0,295.0,288.0,290.0,0,0,31200.0,9112000.0,1.0,295.0,295.0,288.0,290.0,31200.0
2024-01-24,21960,292.0,292.0,288.0,290.0,0,0,22800.0,6629500.0,1.0,292.0,292.0,288.0,290.0,22800.0
2024-01-25,21960,289.0,300.0,289.0,297.0,0,0,60900.0,18003200.0,1.0,289.0,300.0,289.0,297.0,60900.0
2024-01-26,21960,298.0,299.0,294.0,294.0,0,0,34000.0,10092900.0,1.0,298.0,299.0,294.0,294.0,34000.0
2024-01-29,21960,296.0,300.0,295.0,295.0,0,0,24600.0,7327100.0,1.0,296.0,300.0,295.0,295.0,24600.0
2024-01-30,21960,294.0,298.0,290.0,290.0,0,0,111100.0,32429600.0,1.0,294.0,298.0,290.0,290.0,111100.0
2024-01-31,21960,290.0,291.0,288.0,291.0,0,0,26300.0,7613200.0,1.0,290.0,291.0,288.0,291.0,26300.0
2024-02-01,21960,291.0,291.0,285.0,285.0,0,0,31400.0,9008300.0,1.0,291.0,291.0,285.0,285.0,31400.0
2024-02-02,21960,285.0,289.0,284.0,288.0,0,0,34200.0,9788900.0,1.0,285.0,289.0,284.0,288.0,34200.0
2024-02-05,21960,288.0,290.0,285.0,290.0,0,0,29900.0,8587500.0,1.0,288.0,290.0,285.0,290.0,29900.0
2024-02-06,21960,290.0,290.0,285.0,290.0,0,0,34400.0,9912100.0,1.0,290.0,290.0,285.0,290.0,34400.0
2024-02-07,21960,291.0,291.0,286.0,287.0,0,0,12200.0,3513000.0,1.0,291.0,291.0,286.0,287.0,12200.0
2024-02-08,21960,288.0,288.0,282.0,285.0,0,0,34500.0,9815600.0,1.0,288.0,288.0,282.0,285.0,34500.0
2024-02-09,21960,284.0,285.0,277.0,279.0,0,0,65300.0,18342000.0,1.0,284.0,285.0,277.0,279.0,65300.0
2024-02-13,21960,280.0,280.0,270.0,274.0,0,0,73400.0,20176200.0,1.0,280.0,280.0,270.0,274.0,73400.0
2024-02-14,21960,274.0,279.0,263.0,267.0,0,0,159200.0,42747300.0,1.0,274.0,279.0,263.0,267.0,159200.0
2024-02-15,21960,290.0,301.0,268.0,275.0,0,0,294700.0,83422100.0,1.0,290.0,301.0,268.0,275.0,294700.0
2024-02-16,21960,275.0,289.0,274.0,287.0,0,0,100900.0,28515400.0,1.0,275.0,289.0,274.0,287.0,100900.0
2024-02-19,21960,290.0,308.0,289.0,301.0,0,0,209500.0,62945300.0,1.0,290.0,308.0,289.0,301.0,209500.0
2024-02-20,21960,304.0,316.0,300.0,315.0,0,0,77600.0,23912700.0,1.0,304.0,316.0,300.0,315.0,77600.0
2024-02-21,21960,312.0,317.0,308.0,310.0,0,0,54000.0,16827300.0,1.0,312.0,317.0,308.0,310.0,54000.0
2024-02-22,21960,311.0,319.0,309.0,319.0,0,0,96200.0,30301300.0,1.0,311.0,319.0,309.0,319.0,96200.0
2024-02-26,21960,325.0,327.0,314.0,319.0,0,0,83300.0,26761700.0,1.0,325.0,327.0,314.0,319.0,83300.0
2024-02-27,21960,315.0,326.0,314.0,314.0,0,0,71300.0,22786600.0,1.0,315.0,326.0,314.0,314.0,71300.0
2024-02-28,21960,316.0,322.0,313.0,315.0,0,0,43900.0,13903700.0,1.0,316.0,322.0,313.0,315.0,43900.0
2024-02-29,21960,313.0,316.0,311.0,316.0,0,0,39200.0,12310900.0,1.0,313.0,316.0,311.0,316.0,39200.0
2024-03-01,21960,316.0,319.0,308.0,308.0,0,0,106600.0,33291200.0,1.0,316.0,319.0,308.0,308.0,106600.0
2024-03-04,21960,307.0,307.0,300.0,302.0,0,0,44000.0,13347200.0,1.0,307.0,307.0,300.0,302.0,44000.0
2024-03-05,21960,301.0,309.0,298.0,306.0,0,0,22100.0,6696300.0,1.0,301.0,309.0,298.0,306.0,22100.0
2024-03-06,21960,306.0,313.0,305.0,309.0,0,0,40100.0,12405100.0,1.0,306.0,313.0,305.0,309.0,40100.0
2024-03-07,21960,312.0,316.0,307.0,309.0,0,0,40800.0,12715000.0,1.0,312.0,316.0,307.0,309.0,40800.0
2024-03-08,21960,306.0,320.0,306.0,313.0,0,0,69600.0,21860200.0,1.0,306.0,320.0,306.0,313.0,69600.0
2024-03-11,21960,311.0,313.0,305.0,305.0,0,0,40700.0,12507800.0,1.0,311.0,313.0,305.0,305.0,40700.0
2024-03-12,21960,304.0,312.0,303.0,312.0,0,0,9600.0,2949900.0,1.0,304.0,312.0,303.0,312.0,9600.0
2024-03-13,21960,316.0,316.0,305.0,306.0,0,0,32800.0,10197700.0,1.0,316.0,316.0,305.0,306.0,32800.0
2024-03-14,21960,311.0,311.0,306.0,310.0,0,0,21300.0,6586100.0,1.0,311.0,311.0,306.0,310.0,21300.0
2024-03-15,21960,310.0,310.0,304.0,304.0,0,0,17300.0,5312100.0,1.0,310.0,310.0,304.0,304.0,17300.0
2024-03-18,21960,303.0,308.0,303.0,307.0,0,0,13100.0,3996600.0,1.0,303.0,308.0,303.0,307.0,13100.0
2024-03-19,21960,310.0,310.0,304.0,307.0,0,0,34400.0,10585900.0,1.0,310.0,310.0,304.0,307.0,34400.0
2024-03-21,21960,307.0,311.0,307.0,307.0,0,0,43200.0,13307200.0,1.0,307.0,311.0,307.0,307.0,43200.0
2024-03-22,21960,309.0,310.0,307.0,310.0,0,0,28800.0,8889600.0,1.0,309.0,310.0,307.0,310.0,28800.0
2024-03-25,21960,311.0,316.0,305.0,305.0,0,0,106100.0,33010000.0,1.0,311.0,316.0,305.0,305.0,106100.0
2024-03-26,21960,300.0,311.0,300.0,310.0,0,0,114400.0,34949000.0,1.0,300.0,311.0,300.0,310.0,114400.0
2024-03-27,21960,314.0,314.0,303.0,304.0,0,0,294900.0,91676400.0,1.0,314.0,314.0,303.0,304.0,294900.0
2024-03-28,21960,303.0,307.0,293.0,293.0,0,0,116400.0,35119000.0,1.0,303.0,307.0,293.0,293.0,116400.0
2024-03-29,21960,301.0,303.0,295.0,297.0,0,0,40900.0,12234800.0,1.0,301.0,303.0,295.0,297.0,40900.0
2024-04-01,21960,298.0,300.0,297.0,297.0,0,0,15800.0,4715800.0,1.0,298.0,300.0,297.0,297.0,15800.0
2024-04-02,21960,297.0,297.0,293.0,293.0,0,0,30400.0,8962700.0,1.0,297.0,297.0,293.0,293.0,30400.0
2024-04-03,21960,293.0,300.0,292.0,296.0,0,0,23400.0,6942400.0,1.0,293.0,300.0,292.0,296.0,23400.0
2024-04-04,21960,296.0,299.0,293.0,299.0,0,0,13300.0,3939400.0,1.0,296.0,299.0,293.0,299.0,13300.0
2024-04-05,21960,297.0,300.0,290.0,292.0,0,0,31700.0,9309800.0,1.0,297.0,300.0,290.0,292.0,31700.0
2024-04-08,21960,298.0,298.0,292.0,293.0,0,0,18200.0,5349300.0,1.0,298.0,298.0,292.0,293.0,18200.0
2024-04-09,21960,294.0,296.0,292.0,296.0,0,0,12900.0,3802000.0,1.0,294.0,296.0,292.0,296.0,12900.0
2024-04-10,21960,298.0,299.0,296.0,296.0,0,0,20900.0,6225600.0,1.0,298.0,299.0,296.0,296.0,20900.0
2024-04-11,21960,297.0,300.0,296.0,300.0,0,0,19500.0,5815800.0,1.0,297.0,300.0,296.0,300.0,19500.0
2024-04-12,21960,302.0,302.0,292.0,296.0,0,0,42600.0,12633800.0,1.0,302.0,302.0,292.0,296.0,42600.0
2024-04-15,21960,295.0,295.0,286.0,286.0,0,0,55800.0,16214600.0,1.0,295.0,295.0,286.0,286.0,55800.0
2024-04-16,21960,283.0,286.0,280.0,281.0,0,0,34900.0,9843700.0,1.0,283.0,286.0,280.0,281.0,34900.0
2024-04-17,21960,284.0,284.0,279.0,279.0,0,0,31000.0,8694200.0,1.0,284.0,284.0,279.0,279.0,31000.0
2024-04-18,21960,283.0,288.0,282.0,285.0,0,0,34400.0,9824500.0,1.0,283.0,288.0,282.0,285.0,34400.0
2024-04-19,21960,282.0,294.0,276.0,282.0,0,0,72000.0,20490600.0,1.0,282.0,294.0,276.0,282.0,72000.0
2024-04-22,21960,286.0,287.0,282.0,287.0,0,0,12200.0,3493300.0,1.0,286.0,287.0,282.0,287.0,12200.0
2024-04-23,21960,291.0,291.0,284.0,289.0,0,0,19400.0,5573600.0,1.0,291.0,291.0,284.0,289.0,19400.0
2024-04-24,21960,290.0,294.0,289.0,294.0,0,0,27500.0,8014900.0,1.0,290.0,294.0,289.0,294.0,27500.0
2024-04-25,21960,290.0,293.0,286.0,287.0,0,0,16500.0,4765900.0,1.0,290.0,293.0,286.0,287.0,16500.0
2024-04-26,21960,288.0,289.0,282.0,282.0,0,0,82200.0,23301500.0,1.0,288.0,289.0,282.0,282.0,82200.0
2024-04-30,21960,283.0,286.0,280.0,282.0,0,0,33100.0,9346900.0,1.0,283.0,286.0,280.0,282.0,33100.0
2024-05-01,21960,280.0,283.0,278.0,279.0,0,0,57300.0,16041900.0,1.0,280.0,283.0,278.0,279.0,57300.0
2024-05-02,21960,279.0,281.0,275.0,277.0,0,0,46100.0,12789800.0,1.0,279.0,281.0,275.0,277.0,46100.0
2024-05-07,21960,281.0,284.0,278.0,282.0,0,0,44100.0,12383100.0,1.0,281.0,284.0,278.0,282.0,44100.0
2024-05-08,21960,284.0,290.0,283.0,287.0,0,0,54800.0,15682700.0,1.0,284.0,290.0,283.0,287.0,54800.0
2024-05-09,21960,295.0,306.0,290.0,292.0,0,0,93100.0,27469400.0,1.0,295.0,306.0,290.0,292.0,93100.0
2024-05-10,21960,291.0,294.0,290.0,291.0,0,0,26900.0,7848800.0,1.0,291.0,294.0,290.0,291.0,26900.0
2024-05-13,21960,295.0,305.0,295.0,305.0,0,0,76300.0,22935500.0,1.0,295.0,305.0,295.0,305.0,76300.0
2024-05-14,21960,306.0,306.0,300.0,302.0,0,0,77500.0,23437900.0,1.0,306.0,306.0,300.0,302.0,77500.0
2024-05-15,21960,301.0,301.0,281.0,287.0,0,0,142700.0,41412300.0,1.0,301.0,301.0,281.0,287.0,142700.0
2024-05-16,21960,287.0,287.0,281.0,285.0,0,0,26700.0,7596100.0,1.0,287.0,287.0,281.0,285.0,26700.0
2024-05-17,21960,291.0,291.0,284.0,287.0,0,0,65900.0,19008100.0,1.0,291.0,291.0,284.0,287.0,65900.0
2024-05-20,21960,289.0,295.0,288.0,290.0,0,0,85800.0,24970300.0,1.0,289.0,295.0,288.0,290.0,85800.0
2024-05-21,21960,292.0,293.0,288.0,289.0,0,0,33300.0,9685100.0,1.0,292.0,293.0,288.0,289.0,33300.0
2024-05-22,21960,290.0,290.0,286.0,286.0,0,0,14700.0,4235400.0,1.0,290.0,290.0,286.0,286.0,14700.0
2024-05-23,21960,285.0,287.0,282.0,282.0,0,0,9300.0,2643600.0,1.0,285.0,287.0,282.0,282.0,9300.0
2024-05-24,21960,285.0,285.0,281.0,284.0,0,0,13500.0,3828000.0,1.0,285.0,285.0,281.0,284.0,13500.0
2024-05-27,21960,285.0,285.0,282.0,283.0,0,0,9600.0,2719500.0,1.0,285.0,285.0,282.0,283.0,9600.0
2024-05-28,21960,284.0,285.0,282.0,283.0,0,0,13500.0,3826900.0,1.0,284.0,285.0,282.0,283.0,13500.0
2024-05-29,21960,282.0,283.0,278.0,280.0,0,0,18600.0,5214300.0,1.0,282.0,283.0,278.0,280.0,18600.0
2024-05-30,21960,280.0,281.0,278.0,281.0,0,0,9100.0,2547100.0,1.0,280.0,281.0,278.0,281.0,9100.0
2024-05-31,21960,279.0,282.0,278.0,280.0,0,0,17700.0,4949200.0,1.0,279.0,282.0,278.0,280.0,17700.0
2024-06-03,21960,283.0,285.0,282.0,284.0,0,0,12400.0,3513200.0,1.0,283.0,285.0,282.0,284.0,12400.0
2024-06-04,21960,283.0,286.0,283.0,286.0,0,0,10000.0,2846200.0,1.0,283.0,286.0,283.0,286.0,10000.0
2024-06-05,21960,283.0,286.0,283.0,284.0,0,0,9400.0,2665900.0,1.0,283.0,286.0,283.0,284.0,9400.0
2024-06-06,21960,288.0,288.0,281.0,281.0,0,0,14100.0,4011300.0,1.0,288.0,288.0,281.0,281.0,14100.0
2024-06-07,21960,282.0,287.0,282.0,287.0,0,0,6900.0,1959200.0,1.0,282.0,287.0,282.0,287.0,6900.0
2024-06-10,21960,285.0,292.0,285.0,292.0,0,0,12500.0,3623800.0,1.0,285.0,292.0,285.0,292.0,12500.0
2024-06-11,21960,288.0,290.0,286.0,286.0,0,0,29700.0,8540400.0,1.0,288.0,290.0,286.0,286.0,29700.0
2024-06-12,21960,282.0,286.0,282.0,284.0,0,0,12200.0,3453300.0,1.0,282.0,286.0,282.0,284.0,12200.0
2024-06-13,21960,284.0,284.0,280.0,282.0,0,0,14900.0,4191700.0,1.0,284.0,284.0,280.0,282.0,14900.0
2024-06-14,21960,287.0,287.0,281.0,285.0,0,0,24200.0,6891700.0,1.0,287.0,287.0,281.0,285.0,24200.0
2024-06-17,21960,285.0,285.0,281.0,281.0,0,0,21700.0,6145400.0,1.0,285.0,285.0,281.0,281.0,21700.0
2024-06-18,21960,284.0,284.0,282.0,283.0,0,0,13700.0,3871500.0,1.0,284.0,284.0,282.0,283.0,13700.0
2024-06-19,21960,286.0,286.0,280.0,286.0,0,0,27900.0,7921600.0,1.0,286.0,286.0,280.0,286.0,27900.0
2024-06-20,21960,285.0,285.0,282.0,285.0,0,0,17000.0,4829700.0,1.0,285.0,285.0,282.0,285.0,17000.0
2024-06-21,21960,285.0,285.0,283.0,284.0,0,0,14300.0,4057000.0,1.0,285.0,285.0,283.0,284.0,14300.0
2024-06-24,21960,285.0,291.0,285.0,288.0,0,0,35700.0,10274600.0,1.0,285.0,291.0,285.0,288.0,35700.0
2024-06-25,21960,288.0,290.0,287.0,289.0,0,0,19400.0,5602900.0,1.0,288.0,290.0,287.0,289.0,19400.0
2024-06-26,21960,287.0,289.0,286.0,289.0,0,0,17500.0,5034000.0,1.0,287.0,289.0,286.0,289.0,17500.0
2024-06-27,21960,289.0,290.0,286.0,286.0,0,0,12700.0,3650600.0,1.0,289.0,290.0,286.0,286.0,12700.0
2024-06-28,21960,286.0,287.0,283.0,284.0,0,0,15100.0,4304900.0,1.0,286.0,287.0,283.0,284.0,15100.0
2024-07-01,21960,284.0,286.0,284.0,285.0,0,0,10300.0,2929100.0,1.0,284.0,286.0,284.0,285.0,10300.0
2024-07-02,21960,285.0,285.0,281.0,283.0,0,0,39300.0,11120300.0,1.0,285.0,285.0,281.0,283.0,39300.0
2024-07-03,21960,282.0,284.0,282.0,282.0,0,0,8500.0,2402200.0,1.0,282.0,284.0,282.0,282.0,8500.0
2024-07-04,21960,284.0,284.0,282.0,283.0,0,0,11800.0,3338500.0,1.0,284.0,284.0,282.0,283.0,11800.0
2024-07-05,21960,283.0,284.0,283.0,283.0,0,0,10200.0,2891800.0,1.0,283.0,284.0,283.0,283.0,10200.0
2024-07-08,21960,283.0,286.0,281.0,283.0,0,0,29600.0,8380900.0,1.0,283.0,286.0,281.0,283.0,29600.0
2024-07-09,21960,284.0,285.0,282.0,282.0,0,0,14200.0,4016000.0,1.0,284.0,285.0,282.0,282.0,14200.0
2024-07-10,21960,282.0,283.0,280.0,280.0,0,0,26500.0,7449700.0,1.0,282.0,283.0,280.0,280.0,26500.0
2024-07-11,21960,280.0,284.0,280.0,284.0,0,0,20700.0,5824500.0,1.0,280.0,284.0,280.0,284.0,20700.0
2024-07-12,21960,284.0,285.0,282.0,285.0,0,0,25600.0,7252800.0,1.0,284.0,285.0,282.0,285.0,25600.0
2024-07-16,21960,286.0,286.0,283.0,286.0,0,0,12400.0,3538400.0,1.0,286.0,286.0,283.0,286.0,12400.0
2024-07-17,21960,287.0,287.0,285.0,287.0,0,0,9900.0,2829000.0,1.0,287.0,287.0,285.0,287.0,9900.0
2024-07-18,21960,287.0,287.0,285.0,287.0,0,0,15200.0,4353400.0,1.0,287.0,287.0,285.0,287.0,15200.0
2024-07-19,21960,287.0,287.0,284.0,284.0,0,0,14800.0,4229900.0,1.0,287.0,287.0,284.0,284.0,14800.0
2024-07-22,21960,287.0,287.0,283.0,285.0,0,0,12800.0,3650400.0,1.0,287.0,287.0,283.0,285.0,12800.0
2024-07-23,21960,286.0,286.0,284.0,286.0,0,0,10000.0,2855300.0,1.0,286.0,286.0,284.0,286.0,10000.0
2024-07-24,21960,286.0,286.0,282.0,283.0,0,0,18500.0,5248200.0,1.0,286.0,286.0,282.0,283.0,18500.0
2024-07-25,21960,282.0,283.0,280.0,281.0,0,0,39900.0,11228400.0,1.0,282.0,283.0,280.0,281.0,39900.0
2024-07-26,21960,282.0,284.0,280.0,282.0,0,0,25000.0,7039300.0,1.0,282.0,284.0,280.0,282.0,25000.0
2024-07-29,21960,282.0,285.0,281.0,284.0,0,0,14900.0,4215000.0,1.0,282.0,285.0,281.0,284.0,14900.0
2024-07-30,21960,282.0,285.0,277.0,277.0,0,0,80600.0,22439700.0,1.0,282.0,285.0,277.0,277.0,80600.0
2024-07-31,21960,278.0,282.0,278.0,281.0,0,0,13400.0,3742700.0,1.0,278.0,282.0,278.0,281.0,13400.0
2024-08-01,21960,281.0,281.0,275.0,275.0,0,0,31300.0,8665300.0,1.0,281.0,281.0,275.0,275.0,31300.0
2024-08-02,21960,270.0,271.0,253.0,254.0,0,0,115300.0,30083900.0,1.0,270.0,271.0,253.0,254.0,115300.0
2024-08-05,21960,230.0,237.0,174.0,194.0,0,1,254000.0,52859700.0,1.0,230.0,237.0,174.0,194.0,254000.0
2024-08-06,21960,212.0,220.0,202.0,211.0,0,0,137300.0,29110900.0,1.0,212.0,220.0,202.0,211.0,137300.0
2024-08-07,21960,216.0,237.0,213.0,235.0,0,0,228300.0,50817500.0,1.0,216.0,237.0,213.0,235.0,228300.0
2024-08-08,21960,228.0,239.0,228.0,236.0,0,0,44200.0,10402200.0,1.0,228.0,239.0,228.0,236.0,44200.0
2024-08-09,21960,239.0,244.0,235.0,240.0,0,0,39100.0,9358900.0,1.0,239.0,244.0,235.0,240.0,39100.0
2024-08-13,21960,239.0,247.0,237.0,245.0,0,0,61300.0,14900900.0,1.0,239.0,247.0,237.0,245.0,61300.0
2024-08-14,21960,238.0,244.0,233.0,236.0,0,0,81800.0,19456300.0,1.0,238.0,244.0,233.0,236.0,81800.0
2024-08-15,21960,240.0,241.0,235.0,235.0,0,0,33200.0,7889500.0,1.0,240.0,241.0,235.0,235.0,33200.0
2024-08-16,21960,240.0,241.0,239.0,240.0,0,0,19400.0,4657800.0,1.0,240.0,241.0,239.0,240.0,19400.0
2024-08-19,21960,240.0,242.0,238.0,240.0,0,0,28700.0,6891200.0,1.0,240.0,242.0,238.0,240.0,28700.0
2024-08-20,21960,244.0,249.0,242.0,246.0,0,0,28000.0,6870100.0,1.0,244.0,249.0,242.0,246.0,28000.0
2024-08-21,21960,246.0,251.0,246.0,248.0,0,0,22200.0,5492400.0,1.0,246.0,251.0,246.0,248.0,22200.0
2024-08-22,21960,250.0,251.0,248.0,249.0,0,0,8900.0,2221600.0,1.0,250.0,251.0,248.0,249.0,8900.0
2024-08-23,21960,251.0,252.0,246.0,247.0,0,0,16700.0,4162900.0,1.0,251.0,252.0,246.0,247.0,16700.0
2024-08-26,21960,246.0,250.0,246.0,248.0,0,0,21100.0,5212000.0,1.0,246.0,250.0,246.0,248.0,21100.0
2024-08-27,21960,249.0,251.0,246.0,249.0,0,0,16400.0,4074800.0,1.0,249.0,251.0,246.0,249.0,16400.0
2024-08-28,21960,250.0,251.0,249.0,251.0,0,0,8200.0,2052100.0,1.0,250.0,251.0,249.0,251.0,8200.0
2024-08-29,21960,249.0,254.0,249.0,250.0,0,0,14300.0,3593100.0,1.0,249.0,254.0,249.0,250.0,14300.0
2024-08-30,21960,251.0,258.0,251.0,258.0,0,0,17900.0,4552500.0,1.0,251.0,258.0,251.0,258.0,17900.0
2024-09-02,21960,259.0,261.0,255.0,255.0,0,0,22700.0,5859400.0,1.0,259.0,261.0,255.0,255.0,22700.0
2024-09-03,21960,255.0,258.0,254.0,256.0,0,0,12300.0,3148800.0,1.0,255.0,258.0,254.0,256.0,12300.0
2024-09-04,21960,254.0,254.0,242.0,242.0,0,0,69300.0,17096600.0,1.0,254.0,254.0,242.0,242.0,69300.0
2024-09-05,21960,240.0,244.0,237.0,241.0,0,0,45500.0,10952500.0,1.0,240.0,244.0,237.0,241.0,45500.0
2024-09-06,21960,242.0,243.0,240.0,243.0,0,0,10900.0,2631100.0,1.0,242.0,243.0,240.0,243.0,10900.0
2024-09-09,21960,238.0,243.0,233.0,241.0,0,0,28300.0,6739900.0,1.0,238.0,243.0,233.0,241.0,28300.0
2024-09-10,21960,241.0,242.0,240.0,241.0,0,0,10300.0,2481200.0,1.0,241.0,242.0,240.0,241.0,10300.0
2024-09-11,21960,240.0,242.0,235.0,238.0,0,0,26000.0,6219000.0,1.0,240.0,242.0,235.0,238.0,26000.0
2024-09-12,21960,239.0,240.0,234.0,237.0,0,0,14100.0,3337600.0,1.0,239.0,240.0,234.0,237.0,14100.0
2024-09-13,21960,244.0,245.0,235.0,237.0,0,0,39600.0,9448900.0,1.0,244.0,245.0,235.0,237.0,39600.0
2024-09-17,21960,236.0,238.0,235.0,235.0,0,0,14300.0,3380200.0,1.0,236.0,238.0,235.0,235.0,14300.0
2024-09-18,21960,239.0,239.0,235.0,235.0,0,0,15400.0,3652900.0,1.0,239.0,239.0,235.0,235.0,15400.0
2024-09-19,21960,241.0,264.0,238.0,247.0,0,0,366500.0,92269000.0,1.0,241.0,264.0,238.0,247.0,366500.0
2024-09-20,21960,247.0,248.0,243.0,243.0,0,0,25000.0,6129400.0,1.0,247.0,248.0,243.0,243.0,25000.0
2024-09-24,21960,242.0,244.0,239.0,244.0,0,0,148600.0,35997400.0,1.0,242.0,244.0,239.0,244.0,148600.0
2024-09-25,21960,241.0,242.0,239.0,241.0,0,0,129700.0,31211700.0,1.0,241.0,242.0,239.0,241.0,129700.0
2024-09-26,21960,236.0,242.0,236.0,241.0,0,0,493700.0,117191700.0,1.0,236.0,242.0,236.0,241.0,493700.0
2024-09-27,21960,233.0,238.0,233.0,238.0,0,0,177500.0,41547900.0,1.0,233.0,238.0,233.0,238.0,177500.0
2024-09-30,21960,230.0,238.0,230.0,233.0,0,0,36900.0,8582600.0,1.0,230.0,238.0,230.0,233.0,36900.0
2024-10-01,21960,233.0,237.0,233.0,237.0,0,0,8600.0,2029000.0,1.0,233.0,237.0,233.0,237.0,8600.0
2024-10-02,21960,235.0,236.0,233.0,234.0,0,0,16100.0,3771300.0,1.0,235.0,236.0,233.0,234.0,16100.0
2024-10-03,21960,235.0,236.0,234.0,234.0,0,0,9400.0,2205400.0,1.0,235.0,236.0,234.0,234.0,9400.0
2024-10-04,21960,234.0,236.0,233.0,235.0,0,0,10800.0,2533000.0,1.0,234.0,236.0,233.0,235.0,10800.0
2024-10-07,21960,237.0,237.0,233.0,233.0,0,0,17500.0,4117700.0,1.0,237.0,237.0,233.0,233.0,17500.0
2024-10-08,21960,233.0,235.0,231.0,231.0,0,0,19100.0,4446000.0,1.0,233.0,235.0,231.0,231.0,19100.0
2024-10-09,21960,231.0,231.0,223.0,225.0,0,0,52300.0,11871300.0,1.0,231.0,231.0,223.0,225.0,52300.0
2024-10-10,21960,228.0,228.0,223.0,223.0,0,0,22800.0,5146600.0,1.0,228.0,228.0,223.0,223.0,22800.0
2024-10-11,21960,223.0,226.0,222.0,223.0,0,0,39600.0,8842600.0,1.0,223.0,226.0,222.0,223.0,39600.0
2024-10-15,21960,225.0,225.0,221.0,221.0,0,0,23100.0,5142500.0,1.0,225.0,225.0,221.0,221.0,23100.0
2024-10-16,21960,221.0,224.0,220.0,220.0,0,0,56300.0,12416700.0,1.0,221.0,224.0,220.0,220.0,56300.0
2024-10-17,21960,220.0,223.0,219.0,221.0,0,0,30200.0,6666800.0,1.0,220.0,223.0,219.0,221.0,30200.0
2024-10-18,21960,221.0,221.0,218.0,220.0,0,0,23400.0,5141000.0,1.0,221.0,221.0,218.0,220.0,23400.0
2024-10-21,21960,219.0,222.0,219.0,220.0,0,0,19200.0,4229200.0,1.0,219.0,222.0,219.0,220.0,19200.0
2024-10-22,21960,222.0,222.0,218.0,218.0,0,0,23100.0,5090600.0,1.0,222.0,222.0,218.0,218.0,23100.0
2024-10-23,21960,218.0,220.0,218.0,220.0,0,0,11000.0,2407100.0,1.0,218.0,220.0,218.0,220.0,11000.0
2024-10-24,21960,217.0,220.0,217.0,219.0,0,0,16900.0,3688800.0,1.0,217.0,220.0,217.0,219.0,16900.0
2024-10-25,21960,219.0,219.0,212.0,215.0,0,0,49200.0,10621000.0,1.0,219.0,219.0,212.0,215.0,49200.0
2024-10-28,21960,216.0,218.0,212.0,214.0,0,0,39500.0,8448700.0,1.0,216.0,218.0,212.0,214.0,39500.0
2024-10-29,21960,213.0,215.0,212.0,214.0,0,0,18300.0,3905400.0,1.0,213.0,215.0,212.0,214.0,18300.0
2024-10-30,21960,212.0,214.0,203.0,203.0,0,0,156500.0,32388200.0,1.0,212.0,214.0,203.0,203.0,156500.0
2024-10-31,21960,204.0,210.0,204.0,204.0,0,0,42300.0,8673800.0,1.0,204.0,210.0,204.0,204.0,42300.0
2024-11-01,21960,205.0,206.0,203.0,206.0,0,0,46500.0,9514700.0,1.0,205.0,206.0,203.0,206.0,46500.0
2024-11-05,21960,207.0,207.0,203.0,203.0,0,0,24800.0,5071300.0,1.0,207.0,207.0,203.0,203.0,24800.0
2024-11-06,21960,203.0,204.0,201.0,201.0,0,0,60100.0,12199600.0,1.0,203.0,204.0,201.0,201.0,60100.0
2024-11-07,21960,202.0,205.0,202.0,203.0,0,0,26300.0,5332100.0,1.0,202.0,205.0,202.0,203.0,26300.0
2024-11-08,21960,202.0,203.0,201.0,201.0,0,0,38900.0,7842600.0,1.0,202.0,203.0,201.0,201.0,38900.0
2024-11-11,21960,203.0,203.0,200.0,201.0,0,0,57200.0,11507500.0,1.0,203.0,203.0,200.0,201.0,57200.0
2024-11-12,21960,200.0,203.0,200.0,202.0,0,0,37000.0,7440500.0,1.0,200.0,203.0,200.0,202.0,37000.0
2024-11-13,21960,200.0,203.0,198.0,200.0,0,0,89900.0,17992400.0,1.0,200.0,203.0,198.0,200.0,89900.0
2024-11-14,21960,201.0,201.0,191.0,193.0,0,0,102300.0,20056600.0,1.0,201.0,201.0,191.0,193.0,102300.0
2024-11-15,21960,193.0,194.0,190.0,192.0,0,0,101500.0,19424200.0,1.0,193.0,194.0,190.0,192.0,101500.0
2024-11-18,21960,190.0,195.0,190.0,194.0,0,0,61300.0,11803700.0,1.0,190.0,195.0,190.0,194.0,61300.0
2024-11-19,21960,194.0,198.0,194.0,197.0,0,0,31500.0,6189800.0,1.0,194.0,198.0,194.0,197.0,31500.0
2024-11-20,21960,198.0,199.0,197.0,197.0,0,0,10900.0,2152400.0,1.0,198.0,199.0,197.0,197.0,10900.0
2024-11-21,21960,197.0,198.0,196.0,196.0,0,0,9800.0,1929000.0,1.0,197.0,198.0,196.0,196.0,9800.0
2024-11-22,21960,197.0,198.0,196.0,196.0,0,0,15800.0,3103700.0,1.0,197.0,198.0,196.0,196.0,15800.0
2024-11-25,21960,196.0,196.0,195.0,195.0,0,0,41500.0,8124800.0,1.0,196.0,196.0,195.0,195.0,41500.0
2024-11-26,21960,196.0,196.0,194.0,194.0,0,0,29400.0,5740600.0,1.0,196.0,196.0,194.0,194.0,29400.0
2024-11-27,21960,193.0,194.0,191.0,192.0,0,0,34700.0,6672400.0,1.0,193.0,194.0,191.0,192.0,34700.0
2024-11-28,21960,191.0,193.0,190.0,192.0,0,0,35800.0,6858400.0,1.0,191.0,193.0,190.0,192.0,35800.0
2024-11-29,21960,192.0,194.0,191.0,191.0,0,0,14900.0,2862300.0,1.0,192.0,194.0,191.0,191.0,14900.0
2024-12-02,21960,190.0,191.0,185.0,187.0,0,0,96600.0,18250200.0,1.0,190.0,191.0,185.0,187.0,96600.0
2024-12-03,21960,188.0,193.0,188.0,193.0,0,0,65800.0,12521900.0,1.0,188.0,193.0,188.0,193.0,65800.0
2024-12-04,21960,193.0,196.0,192.0,193.0,0,0,51300.0,9967500.0,1.0,193.0,196.0,192.0,193.0,51300.0
2024-12-05,21960,192.0,194.0,192.0,193.0,0,0,24300.0,4675900.0,1.0,192.0,194.0,192.0,193.0,24300.0
2024-12-06,21960,191.0,193.0,190.0,191.0,0,0,22100.0,4230000.0,1.0,191.0,193.0,190.0,191.0,22100.0
2024-12-09,21960,192.0,194.0,192.0,193.0,0,0,27300.0,5248700.0,1.0,192.0,194.0,192.0,193.0,27300.0
2024-12-10,21960,192.0,194.0,191.0,191.0,0,0,22400.0,4301000.0,1.0,192.0,194.0,191.0,191.0,22400.0
2024-12-11,21960,192.0,192.0,191.0,191.0,0,0,27000.0,5170400.0,1.0,192.0,192.0,191.0,191.0,27000.0
2024-12-12,21960,192.0,192.0,190.0,191.0,0,0,40400.0,7720700.0,1.0,192.0,192.0,190.0,191.0,40400.0
2024-12-13,21960,191.0,191.0,189.0,190.0,0,0,44700.0,8487300.0,1.0,191.0,191.0,189.0,190.0,44700.0
2024-12-16,21960,189.0,191.0,188.0,188.0,0,0,43300.0,8203800.0,1.0,189.0,191.0,188.0,188.0,43300.0
2024-12-17,21960,190.0,191.0,188.0,191.0,0,0,58000.0,10979200.0,1.0,190.0,191.0,188.0,191.0,58000.0
2024-12-18,21960,191.0,191.0,188.0,190.0,0,0,38000.0,7196800.0,1.0,191.0,191.0,188.0,190.0,38000.0
2024-12-19,21960,189.0,189.0,179.0,180.0,0,0,243500.0,44120400.0,1.0,189.0,189.0,179.0,180.0,243500.0
2024-12-20,21960,180.0,180.0,177.0,178.0,0,0,91700.0,16413400.0,1.0,180.0,180.0,177.0,178.0,91700.0
2024-12-23,21960,177.0,180.0,177.0,177.0,0,0,132200.0,23476500.0,1.0,177.0,180.0,177.0,177.0,132200.0
2024-12-24,21960,179.0,182.0,178.0,178.0,0,0,65200.0,11691200.0,1.0,179.0,182.0,178.0,178.0,65200.0
2024-12-25,21960,180.0,180.0,178.0,180.0,0,0,70300.0,12599500.0,1.0,180.0,180.0,178.0,180.0,70300.0
2024-12-26,21960,181.0,182.0,178.0,180.0,0,0,93600.0,16814900.0,1.0,181.0,182.0,178.0,180.0,93600.0
2024-12-27,21960,181.0,182.0,180.0,182.0,0,0,17600.0,3186600.0,1.0,181.0,182.0,180.0,182.0,17600.0
2024-12-30,21960,181.0,183.0,180.0,182.0,0,0,31200.0,5658600.0,1.0,181.0,183.0,180.0,182.0,31200.0
2025-01-06,21960,183.0,189.0,183.0,187.0,0,0,58300.0,10821600.0,1.0,183.0,189.0,183.0,187.0,58300.0
2025-01-07,21960,190.0,191.0,187.0,189.0,0,0,41800.0,7885900.0,1.0,190.0,191.0,187.0,189.0,41800.0
2025-01-08,21960,189.0,191.0,187.0,189.0,0,0,24900.0,4717300.0,1.0,189.0,191.0,187.0,189.0,24900.0
2025-01-09,21960,188.0,190.0,187.0,188.0,0,0,18600.0,3507500.0,1.0,188.0,190.0,187.0,188.0,18600.0
2025-01-10,21960,188.0,189.0,187.0,187.0,0,0,15300.0,2876200.0,1.0,188.0,189.0,187.0,187.0,15300.0
2025-01-14,21960,189.0,189.0,185.0,185.0,0,0,53600.0,10026300.0,1.0,189.0,189.0,185.0,185.0,53600.0
2025-01-15,21960,186.0,188.0,186.0,187.0,0,0,19300.0,3603600.0,1.0,186.0,188.0,186.0,187.0,19300.0
2025-01-16,21960,187.0,189.0,186.0,187.0,0,0,29800.0,5610200.0,1.0,187.0,189.0,186.0,187.0,29800.0
2025-01-17,21960,190.0,190.0,187.0,188.0,0,0,27200.0,5142500.0,1.0,190.0,190.0,187.0,188.0,27200.0
2025-01-20,21960,190.0,190.0,187.0,190.0,0,0,26300.0,4970600.0,1.0,190.0,190.0,187.0,190.0,26300.0
2025-01-21,21960,189.0,192.0,188.0,189.0,0,0,19000.0,3608800.0,1.0,189.0,192.0,188.0,189.0,19000.0
2025-01-22,21960,189.0,189.0,186.0,187.0,0,0,39600.0,7424500.0,1.0,189.0,189.0,186.0,187.0,39600.0
2025-01-23,21960,187.0,189.0,187.0,187.0,0,0,12200.0,2288600.0,1.0,187.0,189.0,187.0,187.0,12200.0
2025-01-24,21960,187.0,190.0,187.0,190.0,0,0,22300.0,4213300.0,1.0,187.0,190.0,187.0,190.0,22300.0
2025-01-27,21960,190.0,197.0,190.0,197.0,0,0,61200.0,11830200.0,1.0,190.0,197.0,190.0,197.0,61200.0
2025-01-28,21960,197.0,197.0,193.0,195.0,0,0,39800.0,7789000.0,1.0,197.0,197.0,193.0,195.0,39800.0
2025-01-29,21960,195.0,197.0,188.0,189.0,0,0,72900.0,14060800.0,1.0,195.0,197.0,188.0,189.0,72900.0
2025-01-30,21960,189.0,190.0,182.0,182.0,0,0,218100.0,40332700.0,1.0,189.0,190.0,182.0,182.0,218100.0
2025-01-31,21960,186.0,189.0,186.0,186.0,0,0,38500.0,7192400.0,1.0,186.0,189.0,186.0,186.0,38500.0
2025-02-03,21960,190.0,192.0,188.0,191.0,0,0,53200.0,10100200.0,1.0,190.0,192.0,188.0,191.0,53200.0
2025-02-04,21960,191.0,192.0,188.0,192.0,0,0,26100.0,4956600.0,1.0,191.0,192.0,188.0,192.0,26100.0
2025-02-05,21960,192.0,192.0,189.0,191.0,0,0,46900.0,8954900.0,1.0,192.0,192.0,189.0,191.0,46900.0
2025-02-06,21960,191.0,191.0,187.0,190.0,0,0,56900.0,10740700.0,1.0,191.0,191.0,187.0,190.0,56900.0
2025-02-07,21960,189.0,191.0,188.0,189.0,0,0,42300.0,8016400.0,1.0,189.0,191.0,188.0,189.0,42300.0
2025-02-10,21960,194.0,195.0,193.0,194.0,0,0,47900.0,9282400.0,1.0,194.0,195.0,193.0,194.0,47900.0
2025-02-12,21960,194.0,194.0,192.0,194.0,0,0,25600.0,4939100.0,1.0,194.0,194.0,192.0,194.0,25600.0
2025-02-13,21960,194.0,205.0,194.0,205.0,0,0,89100.0,17629200.0,1.0,194.0,205.0,194.0,205.0,89100.0
2025-02-14,21960,203.0,205.0,198.0,203.0,0,0,94800.0,19065600.0,1.0,203.0,205.0,198.0,203.0,94800.0
2025-02-17,21960,203.0,210.0,203.0,203.0,0,0,35600.0,7305600.0,1.0,203.0,210.0,203.0,203.0,35600.0
2025-02-18,21960,206.0,206.0,202.0,204.0,0,0,39900.0,8167900.0,1.0,206.0,206.0,202.0,204.0,39900.0
2025-02-19,21960,203.0,206.0,203.0,206.0,0,0,17900.0,3671700.0,1.0,203.0,206.0,203.0,206.0,17900.0
2025-02-20,21960,204.0,206.0,202.0,202.0,0,0,24600.0,5016800.0,1.0,204.0,206.0,202.0,202.0,24600.0
2025-02-21,21960,201.0,204.0,199.0,199.0,0,0,17600.0,3534700.0,1.0,201.0,204.0,199.0,199.0,17600.0
2025-02-25,21960,200.0,200.0,197.0,197.0,0,0,27400.0,5438000.0,1.0,200.0,200.0,197.0,197.0,27400.0
2025-02-26,21960,197.0,197.0,194.0,196.0,0,0,31400.0,6141500.0,1.0,197.0,197.0,194.0,196.0,31400.0
2025-02-27,21960,195.0,200.0,195.0,200.0,0,0,22700.0,4482500.0,1.0,195.0,200.0,195.0,200.0,22700.0
2025-02-28,21960,197.0,200.0,196.0,196.0,0,0,34800.0,6856300.0,1.0,197.0,200.0,196.0,196.0,34800.0
2025-03-03,21960,198.0,200.0,197.0,199.0,0,0,19200.0,3805000.0,1.0,198.0,200.0,197.0,199.0,19200.0
2025-03-04,21960,199.0,200.0,197.0,197.0,0,0,31700.0,6282800.0,1.0,199.0,200.0,197.0,197.0,31700.0
2025-03-05,21960,210.0,231.0,199.0,200.0,0,0,773300.0,164041400.0,1.0,210.0,231.0,199.0,200.0,773300.0
2025-03-06,21960,208.0,210.0,201.0,204.0,0,0,99500.0,20331600.0,1.0,208.0,210.0,201.0,204.0,99500.0
2025-03-07,21960,202.0,204.0,201.0,203.0,0,0,39200.0,7937500.0,1.0,202.0,204.0,201.0,203.0,39200.0
2025-03-10,21960,203.0,204.0,201.0,204.0,0,0,41700.0,8473800.0,1.0,203.0,204.0,201.0,204.0,41700.0
2025-03-11,21960,204.0,204.0,198.0,198.0,0,0,70700.0,14096300.0,1.0,204.0,204.0,198.0,198.0,70700.0
2025-03-12,21960,198.0,202.0,198.0,199.0,0,0,43300.0,8616900.0,1.0,198.0,202.0,198.0,199.0,43300.0
2025-03-13,21960,200.0,201.0,197.0,199.0,0,0,32500.0,6464500.0,1.0,200.0,201.0,197.0,199.0,32500.0
2025-03-14,21960,201.0,201.0,199.0,200.0,0,0,13900.0,2782600.0,1.0,201.0,201.0,199.0,200.0,13900.0
2025-03-17,21960,201.0,201.0,200.0,200.0,0,0,11000.0,2201800.0,1.0,201.0,201.0,200.0,200.0,11000.0
2025-03-18,21960,201.0,201.0,200.0,201.0,0,0,18100.0,3634700.0,1.0,201.0,201.0,200.0,201.0,18100.0
2025-03-19,21960,200.0,201.0,199.0,199.0,0,0,27700.0,5532000.0,1.0,200.0,201.0,199.0,199.0,27700.0
2025-03-21,21960,202.0,202.0,199.0,202.0,0,0,50200.0,10072700.0,1.0,202.0,202.0,199.0,202.0,50200.0
2025-03-24,21960,203.0,206.0,203.0,204.0,0,0,89000.0,18138200.0,1.0,203.0,206.0,203.0,204.0,89000.0
2025-03-25,21960,207.0,208.0,204.0,205.0,0,0,78400.0,16190000.0,1.0,207.0,208.0,204.0,205.0,78400.0
2025-03-26,21960,207.0,208.0,203.0,205.0,0,0,87100.0,17942200.0,1.0,207.0,208.0,203.0,205.0,87100.0
2025-03-27,21960,203.0,207.0,201.0,207.0,0,0,316400.0,64347800.0,1.0,203.0,207.0,201.0,207.0,316400.0
2025-03-28,21960,200.0,205.0,198.0,204.0,0,0,143100.0,28669200.0,1.0,200.0,205.0,198.0,204.0,143100.0
2025-03-31,21960,200.0,200.0,193.0,195.0,0,0,49700.0,9767300.0,1.0,200.0,200.0,193.0,195.0,49700.0
2025-04-01,21960,195.0,198.0,195.0,197.0,0,0,19200.0,3775900.0,1.0,195.0,198.0,195.0,197.0,19200.0
2025-04-02,21960,197.0,197.0,192.0,192.0,0,0,26200.0,5089700.0,1.0,197.0,197.0,192.0,192.0,26200.0
2025-04-03,21960,192.0,192.0,183.0,186.0,0,0,73900.0,13810100.0,1.0,192.0,192.0,183.0,186.0,73900.0
2025-04-04,21960,184.0,184.0,176.0,180.0,0,0,59400.0,10665800.0,1.0,184.0,184.0,176.0,180.0,59400.0
2025-04-07,21960,140.0,160.0,139.0,155.0,0,0,341900.0,50672500.0,1.0,140.0,160.0,139.0,155.0,341900.0
2025-04-08,21960,171.0,174.0,165.0,170.0,0,0,70600.0,12023700.0,1.0,171.0,174.0,165.0,170.0,70600.0
2025-04-09,21960,175.0,175.0,156.0,158.0,0,0,100300.0,16522200.0,1.0,175.0,175.0,156.0,158.0,100300.0
2025-04-10,21960,175.0,178.0,167.0,178.0,0,0,62100.0,10747100.0,1.0,175.0,178.0,167.0,178.0,62100.0
2025-04-11,21960,176.0,178.0,169.0,178.0,0,0,27900.0,4874100.0,1.0,176.0,178.0,169.0,178.0,27900.0
2025-04-14,21960,184.0,184.0,178.0,181.0,0,0,39100.0,7090000.0,1.0,184.0,184.0,178.0,181.0,39100.0
2025-04-15,21960,183.0,183.0,179.0,182.0,0,0,18200.0,3298900.0,1.0,183.0,183.0,179.0,182.0,18200.0
2025-04-16,21960,184.0,184.0,179.0,182.0,0,0,7100.0,1289300.0,1.0,184.0,184.0,179.0,182.0,7100.0
2025-04-17,21960,184.0,184.0,179.0,181.0,0,0,20300.0,3681600.0,1.0,184.0,184.0,179.0,181.0,20300.0
2025-04-18,21960,184.0,187.0,180.0,184.0,0,0,64900.0,11952800.0,1.0,184.0,187.0,180.0,184.0,64900.0
2025-04-21,21960,186.0,194.0,180.0,189.0,0,0,471400.0,88393700.0,1.0,186.0,194.0,180.0,189.0,471400.0
2025-04-22,21960,189.0,192.0,182.0,186.0,0,0,92700.0,17332000.0,1.0,189.0,192.0,182.0,186.0,92700.0
2025-04-23,21960,187.0,193.0,183.0,188.0,0,0,261900.0,49192000.0,1.0,187.0,193.0,183.0,188.0,261900.0
2025-04-24,21960,188.0,192.0,187.0,192.0,0,0,12600.0,2378500.0,1.0,188.0,192.0,187.0,192.0,12600.0
2025-04-25,21960,191.0,191.0,188.0,190.0,0,0,26500.0,5023900.0,1.0,191.0,191.0,188.0,190.0,26500.0
2025-04-28,21960,189.0,191.0,187.0,189.0,0,0,23500.0,4431500.0,1.0,189.0,191.0,187.0,189.0,23500.0
2025-04-30,21960,189.0,189.0,187.0,189.0,0,0,43200.0,8120100.0,1.0,189.0,189.0,187.0,189.0,43200.0
2025-05-01,21960,188.0,189.0,188.0,188.0,0,0,7300.0,1375200.0,1.0,188.0,189.0,188.0,188.0,7300.0
2025-05-02,21960,187.0,188.0,185.0,186.0,0,0,12000.0,2237000.0,1.0,187.0,188.0,185.0,186.0,12000.0
2025-05-07,21960,187.0,187.0,186.0,187.0,0,0,20700.0,3859900.0,1.0,187.0,187.0,186.0,187.0,20700.0
2025-05-08,21960,187.0,188.0,186.0,187.0,0,0,21900.0,4092200.0,1.0,187.0,188.0,186.0,187.0,21900.0
2025-05-09,21960,190.0,190.0,186.0,187.0,0,0,10900.0,2059400.0,1.0,190.0,190.0,186.0,187.0,10900.0
2025-05-12,21960,189.0,193.0,189.0,193.0,0,0,23000.0,4383000.0,1.0,189.0,193.0,189.0,193.0,23000.0
2025-05-13,21960,195.0,204.0,193.0,197.0,0,0,548800.0,109273100.0,1.0,195.0,204.0,193.0,197.0,548800.0
2025-05-14,21960,190.0,197.0,189.0,190.0,0,0,153700.0,29611500.0,1.0,190.0,197.0,189.0,190.0,153700.0
2025-05-15,21960,193.0,200.0,185.0,186.0,0,0,124600.0,23747400.0,1.0,193.0,200.0,185.0,186.0,124600.0
2025-05-16,21960,179.0,179.0,165.0,165.0,0,0,247500.0,42062500.0,1.0,179.0,179.0,165.0,165.0,247500.0
2025-05-19,21960,168.0,173.0,168.0,171.0,0,0,79200.0,13438500.0,1.0,168.0,173.0,168.0,171.0,79200.0
2025-05-20,21960,172.0,185.0,171.0,185.0,0,0,135400.0,24041800.0,1.0,172.0,185.0,171.0,185.0,135400.0
2025-05-21,21960,195.0,200.0,192.0,199.0,0,0,177600.0,34738600.0,1.0,195.0,200.0,192.0,199.0,177600.0
2025-05-22,21960,201.0,203.0,199.0,199.0,0,0,67700.0,13587900.0,1.0,201.0,203.0,199.0,199.0,67700.0
2025-05-23,21960,200.0,200.0,197.0,197.0,0,0,77700.0,15442700.0,1.0,200.0,200.0,197.0,197.0,77700.0
2025-05-26,21960,234.0,247.0,229.0,247.0,1,0,1611600.0,388564300.0,1.0,234.0,247.0,229.0,247.0,1611600.0
2025-05-27,21960,287.0,327.0,280.0,327.0,1,0,2459700.0,756460900.0,1.0,287.0,327.0,280.0,327.0,2459700.0
2025-05-28,21960,407.0,407.0,407.0,407.0,1,0,749300.0,304965100.0,1.0,407.0,407.0,407.0,407.0,749300.0
2025-05-29,21960,327.0,327.0,327.0,327.0,0,1,160100.0,52352700.0,1.0,327.0,327.0,327.0,327.0,160100.0
2025-05-30,21960,273.0,373.0,255.0,267.0,0,0,16573700.0,5097347700.0,1.0,273.0,373.0,255.0,267.0,16573700.0
2025-06-02,21960,262.0,297.0,247.0,248.0,0,0,2893200.0,766219200.0,1.0,262.0,297.0,247.0,248.0,2893200.0
2025-06-03,21960,246.0,246.0,232.0,236.0,0,0,1532600.0,363706900.0,1.0,246.0,246.0,232.0,236.0,1532600.0
2025-06-04,21960,233.0,239.0,226.0,230.0,0,0,598400.0,138853400.0,1.0,233.0,239.0,226.0,230.0,598400.0
2025-06-05,21960,225.0,233.0,224.0,226.0,0,0,606200.0,137335600.0,1.0,225.0,233.0,224.0,226.0,606200.0
2025-06-06,21960,226.0,236.0,225.0,232.0,0,0,707900.0,162693300.0,1.0,226.0,236.0,225.0,232.0,707900.0
2025-06-09,21960,237.0,242.0,224.0,227.0,0,0,1272400.0,296619200.0,1.0,237.0,242.0,224.0,227.0,1272400.0
2025-06-10,21960,229.0,235.0,226.0,227.0,0,0,471400.0,108413200.0,1.0,229.0,235.0,226.0,227.0,471400.0
2025-06-11,21960,228.0,232.0,222.0,224.0,0,0,436600.0,98763400.0,1.0,228.0,232.0,222.0,224.0,436600.0
2025-06-12,21960,224.0,226.0,217.0,218.0,0,0,429800.0,94711400.0,1.0,224.0,226.0,217.0,218.0,429800.0
2025-06-13,21960,218.0,224.0,211.0,212.0,0,0,437100.0,94705500.0,1.0,218.0,224.0,211.0,212.0,437100.0
2025-06-16,21960,210.0,219.0,210.0,213.0,0,0,348700.0,74594300.0,1.0,210.0,219.0,210.0,213.0,348700.0
2025-06-17,21960,213.0,218.0,208.0,212.0,0,0,410400.0,86866300.0,1.0,213.0,218.0,208.0,212.0,410400.0
2025-06-18,21960,213.0,215.0,211.0,212.0,0,0,173800.0,36978500.0,1.0,213.0,215.0,211.0,212.0,173800.0
2025-06-19,21960,211.0,212.0,205.0,210.0,0,0,330900.0,68756500.0,1.0,211.0,212.0,205.0,210.0,330900.0
2025-06-20,21960,211.0,213.0,207.0,208.0,0,0,198000.0,41585800.0,1.0,211.0,213.0,207.0,208.0,198000.0
2025-06-23,21960,208.0,215.0,208.0,215.0,0,0,256800.0,54411400.0,1.0,208.0,215.0,208.0,215.0,256800.0
2025-06-24,21960,216.0,217.0,209.0,211.0,0,0,209800.0,44559700.0,1.0,216.0,217.0,209.0,211.0,209800.0
2025-06-25,21960,215.0,223.0,211.0,221.0,0,0,623900.0,135433000.0,1.0,215.0,223.0,211.0,221.0,623900.0
2025-06-26,21960,221.0,221.0,210.0,212.0,0,0,437800.0,93771000.0,1.0,221.0,221.0,210.0,212.0,437800.0
2025-06-27,21960,210.0,213.0,208.0,210.0,0,0,290100.0,60977100.0,1.0,210.0,213.0,208.0,210.0,290100.0
2025-06-30,21960,210.0,218.0,210.0,217.0,0,0,196200.0,42049000.0,1.0,210.0,218.0,210.0,217.0,196200.0
2025-07-01,21960,216.0,216.0,210.0,210.0,0,0,115600.0,24555000.0,1.0,216.0,216.0,210.0,210.0,115600.0
2025-07-02,21960,209.0,218.0,208.0,216.0,0,0,238500.0,51110000.0,1.0,209.0,218.0,208.0,216.0,238500.0
2025-07-03,21960,215.0,221.0,213.0,221.0,0,0,199600.0,43479000.0,1.0,215.0,221.0,213.0,221.0,199600.0
2025-07-04,21960,220.0,250.0,216.0,220.0,0,0,2303500.0,535866800.0,1.0,220.0,250.0,216.0,220.0,2303500.0
2025-07-07,21960,221.0,236.0,221.0,230.0,0,0,702800.0,159711200.0,1.0,221.0,236.0,221.0,230.0,702800.0
2025-07-08,21960,227.0,231.0,224.0,224.0,0,0,308100.0,70114600.0,1.0,227.0,231.0,224.0,224.0,308100.0
2025-07-09,21960,226.0,239.0,224.0,236.0,0,0,452000.0,105110900.0,1.0,226.0,239.0,224.0,236.0,452000.0
2025-07-10,21960,236.0,241.0,232.0,239.0,0,0,490300.0,115820800.0,1.0,236.0,241.0,232.0,239.0,490300.0
2025-07-11,21960,241.0,248.0,237.0,247.0,0,0,434700.0,105924200.0,1.0,241.0,248.0,237.0,247.0,434700.0
2025-07-14,21960,250.0,264.0,247.0,256.0,0,0,1120000.0,285554600.0,1.0,250.0,264.0,247.0,256.0,1120000.0
2025-07-15,21960,251.0,255.0,240.0,245.0,0,0,492800.0,121500400.0,1.0,251.0,255.0,240.0,245.0,492800.0
2025-07-16,21960,243.0,251.0,237.0,247.0,0,0,314000.0,76984200.0,1.0,243.0,251.0,237.0,247.0,314000.0
2025-07-17,21960,248.0,255.0,248.0,249.0,0,0,170000.0,42796600.0,1.0,248.0,255.0,248.0,249.0,170000.0
2025-07-18,21960,255.0,258.0,241.0,241.0,0,0,350600.0,86974800.0,1.0,255.0,258.0,241.0,241.0,350600.0
2025-07-22,21960,245.0,249.0,237.0,245.0,0,0,210100.0,51022900.0,1.0,245.0,249.0,237.0,245.0,210100.0
2025-07-23,21960,245.0,250.0,244.0,245.0,0,0,194200.0,48012400.0,1.0,245.0,250.0,244.0,245.0,194200.0
2025-07-24,21960,246.0,246.0,242.0,242.0,0,0,81700.0,19917800.0,1.0,246.0,246.0,242.0,242.0,81700.0
2025-07-25,21960,243.0,243.0,238.0,239.0,0,0,73700.0,17684800.0,1.0,243.0,243.0,238.0,239.0,73700.0
2025-07-28,21960,239.0,240.0,235.0,237.0,0,0,106300.0,25283800.0,1.0,239.0,240.0,235.0,237.0,106300.0
2025-07-29,21960,237.0,237.0,229.0,230.0,0,0,263000.0,60995600.0,1.0,237.0,237.0,229.0,230.0,263000.0
2025-07-30,21960,233.0,234.0,229.0,234.0,0,0,131500.0,30398400.0,1.0,233.0,234.0,229.0,234.0,131500.0
2025-07-31,21960,231.0,237.0,230.0,235.0,0,0,59300.0,13864500.0,1.0,231.0,237.0,230.0,235.0,59300.0
2025-08-01,21960,236.0,238.0,233.0,236.0,0,0,45900.0,10821500.0,1.0,236.0,238.0,233.0,236.0,45900.0
2025-08-04,21960,230.0,238.0,229.0,237.0,0,0,54200.0,12644600.0,1.0,230.0,238.0,229.0,237.0,54200.0
2025-08-05,21960,238.0,243.0,238.0,241.0,0,0,63300.0,15231000.0,1.0,238.0,243.0,238.0,241.0,63300.0
2025-08-06,21960,245.0,245.0,241.0,244.0,0,0,59500.0,14487800.0,1.0,245.0,245.0,241.0,244.0,59500.0
2025-08-07,21960,243.0,247.0,239.0,241.0,0,0,73700.0,17856600.0,1.0,243.0,247.0,239.0,241.0,73700.0
2025-08-08,21960,240.0,240.0,236.0,237.0,0,0,78300.0,18623000.0,1.0,240.0,240.0,236.0,237.0,78300.0
2025-08-12,21960,237.0,245.0,237.0,242.0,0,0,113900.0,27461700.0,1.0,237.0,245.0,237.0,242.0,113900.0
2025-08-13,21960,244.0,247.0,239.0,244.0,0,0,130600.0,31738700.0,1.0,244.0,247.0,239.0,244.0,130600.0
2025-08-14,21960,228.0,233.0,217.0,223.0,0,0,451700.0,100808900.0,1.0,228.0,233.0,217.0,223.0,451700.0
2025-08-15,21960,223.0,226.0,221.0,221.0,0,0,145000.0,32408900.0,1.0,223.0,226.0,221.0,221.0,145000.0
2025-08-18,21960,221.0,228.0,221.0,226.0,0,0,74800.0,16797300.0,1.0,221.0,228.0,221.0,226.0,74800.0
2025-08-19,21960,228.0,230.0,226.0,227.0,0,0,87000.0,19850500.0,1.0,228.0,230.0,226.0,227.0,87000.0
2025-08-20,21960,227.0,230.0,226.0,227.0,0,0,53200.0,12131600.0,1.0,227.0,230.0,226.0,227.0,53200.0
2025-08-21,21960,226.0,228.0,225.0,227.0,0,0,102600.0,23201400.0,1.0,226.0,228.0,225.0,227.0,102600.0
2025-08-22,21960,229.0,240.0,229.0,237.0,0,0,176100.0,41409700.0,1.0,229.0,240.0,229.0,237.0,176100.0
2025-08-25,21960,240.0,242.0,236.0,238.0,0,0,83800.0,20039600.0,1.0,240.0,242.0,236.0,238.0,83800.0
2025-08-26,21960,236.0,238.0,234.0,236.0,0,0,54200.0,12796600.0,1.0,236.0,238.0,234.0,236.0,54200.0
2025-08-27,21960,237.0,238.0,231.0,232.0,0,0,55500.0,12974300.0,1.0,237.0,238.0,231.0,232.0,55500.0
2025-08-28,21960,232.0,234.0,230.0,231.0,0,0,70400.0,16269200.0,1.0,232.0,234.0,230.0,231.0,70400.0
2025-08-29,21960,232.0,235.0,231.0,233.0,0,0,51100.0,11906700.0,1.0,232.0,235.0,231.0,233.0,51100.0
2025-09-01,21960,232.0,238.0,232.0,236.0,0,0,80100.0,18836100.0,1.0,232.0,238.0,232.0,236.0,80100.0
2025-09-02,21960,236.0,240.0,224.0,224.0,0,0,157900.0,36448800.0,1.0,236.0,240.0,224.0,224.0,157900.0
2025-09-03,21960,224.0,227.0,222.0,222.0,0,0,125200.0,28084200.0,1.0,224.0,227.0,222.0,222.0,125200.0
2025-09-04,21960,222.0,222.0,212.0,219.0,0,0,327900.0,71037200.0,1.0,222.0,222.0,212.0,219.0,327900.0
2025-09-05,21960,220.0,225.0,220.0,223.0,0,0,64400.0,14317900.0,1.0,220.0,225.0,220.0,223.0,64400.0
2025-09-08,21960,226.0,228.0,224.0,224.0,0,0,72000.0,16262100.0,1.0,226.0,228.0,224.0,224.0,72000.0
2025-09-09,21960,226.0,228.0,225.0,225.0,0,0,55000.0,12434300.0,1.0,226.0,228.0,225.0,225.0,55000.0
2025-09-10,21960,225.0,226.0,224.0,224.0,0,0,25500.0,5736700.0,1.0,225.0,226.0,224.0,224.0,25500.0
2025-09-11,21960,226.0,226.0,221.0,221.0,0,0,50200.0,11233900.0,1.0,226.0,226.0,221.0,221.0,50200.0
2025-09-12,21960,221.0,224.0,221.0,222.0,0,0,38700.0,8588600.0,1.0,221.0,224.0,221.0,222.0,38700.0
2025-09-16,21960,222.0,227.0,221.0,225.0,0,0,57400.0,12861000.0,1.0,222.0,227.0,221.0,225.0,57400.0
2025-09-17,21960,224.0,227.0,222.0,226.0,0,0,43800.0,9853100.0,1.0,224.0,227.0,222.0,226.0,43800.0
2025-09-18,21960,228.0,229.0,224.0,224.0,0,0,63500.0,14381100.0,1.0,228.0,229.0,224.0,224.0,63500.0
2025-09-19,21960,224.0,228.0,224.0,227.0,0,0,49600.0,11186800.0,1.0,224.0,228.0,224.0,227.0,49600.0
2025-09-22,21960,227.0,232.0,227.0,230.0,0,0,92900.0,21259300.0,1.0,227.0,232.0,227.0,230.0,92900.0
2025-09-24,21960,230.0,231.0,228.0,228.0,0,0,94700.0,21751200.0,1.0,230.0,231.0,228.0,228.0,94700.0
2025-09-25,21960,229.0,231.0,225.0,225.0,0,0,97900.0,22313700.0,1.0,229.0,231.0,225.0,225.0,97900.0
2025-09-26,21960,226.0,232.0,226.0,229.0,0,0,180000.0,41038800.0,1.0,226.0,232.0,226.0,229.0,180000.0
2025-09-29,21960,221.0,222.0,212.0,217.0,0,0,241300.0,52489700.0,1.0,221.0,222.0,212.0,217.0,241300.0
2025-09-30,21960,217.0,217.0,210.0,210.0,0,0,131200.0,27784400.0,1.0,217.0,217.0,210.0,210.0,131200.0
2025-10-01,21960,211.0,212.0,207.0,207.0,0,0,74300.0,15575100.0,1.0,211.0,212.0,207.0,207.0,74300.0
2025-10-02,21960,209.0,210.0,204.0,204.0,0,0,73300.0,15175500.0,1.0,209.0,210.0,204.0,204.0,73300.0
2025-10-03,21960,205.0,212.0,205.0,209.0,0,0,58800.0,12277700.0,1.0,205.0,212.0,205.0,209.0,58800.0
2025-10-06,21960,211.0,212.0,209.0,209.0,0,0,42500.0,8950100.0,1.0,211.0,212.0,209.0,209.0,42500.0
2025-10-07,21960,211.0,211.0,204.0,206.0,0,0,90900.0,18739100.0,1.0,211.0,211.0,204.0,206.0,90900.0
2025-10-08,21960,206.0,209.0,203.0,204.0,0,0,80200.0,16457600.0,1.0,206.0,209.0,203.0,204.0,80200.0
2025-10-09,21960,205.0,206.0,204.0,204.0,0,0,25500.0,5223700.0,1.0,205.0,206.0,204.0,204.0,25500.0
2025-10-10,21960,204.0,204.0,202.0,202.0,0,0,49300.0,10006600.0,1.0,204.0,204.0,202.0,202.0,49300.0
2025-10-14,21960,202.0,202.0,194.0,197.0,0,0,137000.0,27116900.0,1.0,202.0,202.0,194.0,197.0,137000.0
2025-10-15,21960,196.0,204.0,196.0,202.0,0,0,46700.0,9328200.0,1.0,196.0,204.0,196.0,202.0,46700.0
2025-10-16,21960,199.0,203.0,199.0,200.0,0,0,35300.0,7077800.0,1.0,199.0,203.0,199.0,200.0,35300.0
2025-10-17,21960,199.0,202.0,199.0,200.0,0,0,16800.0,3361900.0,1.0,199.0,202.0,199.0,200.0,16800.0
2025-10-20,21960,201.0,204.0,200.0,200.0,0,0,31800.0,6411700.0,1.0,201.0,204.0,200.0,200.0,31800.0
2025-10-21,21960,201.0,204.0,201.0,202.0,0,0,23300.0,4714100.0,1.0,201.0,204.0,201.0,202.0,23300.0
2025-10-22,21960,202.0,209.0,202.0,207.0,0,0,41300.0,8481600.0,1.0,202.0,209.0,202.0,207.0,41300.0
2025-10-23,21960,205.0,207.0,203.0,205.0,0,0,27300.0,5608100.0,1.0,205.0,207.0,203.0,205.0,27300.0
2025-10-24,21960,203.0,204.0,202.0,202.0,0,0,28500.0,5766500.0,1.0,203.0,204.0,202.0,202.0,28500.0
2025-10-27,21960,202.0,206.0,202.0,205.0,0,0,34100.0,6957500.0,1.0,202.0,206.0,202.0,205.0,34100.0
2025-10-28,21960,205.0,205.0,203.0,203.0,0,0,8500.0,1734300.0,1.0,205.0,205.0,203.0,203.0,8500.0
2025-10-29,21960,202.0,203.0,200.0,200.0,0,0,51400.0,10342700.0,1.0,202.0,203.0,200.0,200.0,51400.0
