Date,Code,Open,High,Low,Close,UpperLimit,LowerLimit,Volume,TurnoverValue,AdjustmentFactor,AdjustmentOpen,AdjustmentHigh,AdjustmentLow,AdjustmentClose,AdjustmentVolume
2020-10-29,23790,2037.0,2065.0,2008.0,2033.0,0,0,517300.0,1052095000.0,1.0,2037.0,2065.0,2008.0,2033.0,517300.0
2020-10-30,23790,2072.0,2080.0,1992.0,1999.0,0,0,286000.0,580531700.0,1.0,2072.0,2080.0,1992.0,1999.0,286000.0
2020-11-02,23790,2000.0,2029.0,1961.0,1974.0,0,0,288800.0,573156200.0,1.0,2000.0,2029.0,1961.0,1974.0,288800.0
2020-11-04,23790,2057.0,2087.0,2033.0,2061.0,0,0,422200.0,870727700.0,1.0,2057.0,2087.0,2033.0,2061.0,422200.0
2020-11-05,23790,2070.0,2083.0,2008.0,2050.0,0,0,348400.0,711078900.0,1.0,2070.0,2083.0,2008.0,2050.0,348400.0
2020-11-06,23790,2085.0,2117.0,2059.0,2090.0,0,0,504000.0,1054665000.0,1.0,2085.0,2117.0,2059.0,2090.0,504000.0
2020-11-09,23790,2114.0,2126.0,2057.0,2106.0,0,0,430700.0,899447300.0,1.0,2114.0,2126.0,2057.0,2106.0,430700.0
2020-11-10,23790,2306.0,2429.0,2287.0,2414.0,0,0,1499000.0,3554236000.0,1.0,2306.0,2429.0,2287.0,2414.0,1499000.0
2020-11-11,23790,2420.0,2500.0,2413.0,2478.0,0,0,1244400.0,3065081800.0,1.0,2420.0,2500.0,2413.0,2478.0,1244400.0
2020-11-12,23790,2460.0,2513.0,2428.0,2500.0,0,0,707300.0,1764285000.0,1.0,2460.0,2513.0,2428.0,2500.0,707300.0
2020-11-13,23790,2470.0,2486.0,2388.0,2440.0,0,0,367800.0,895472100.0,1.0,2470.0,2486.0,2388.0,2440.0,367800.0
2020-11-16,23790,2464.0,2527.0,2440.0,2501.0,0,0,224100.0,559816200.0,1.0,2464.0,2527.0,2440.0,2501.0,224100.0
2020-11-17,23790,2516.0,2560.0,2494.0,2530.0,0,0,431500.0,1095269000.0,1.0,2516.0,2560.0,2494.0,2530.0,431500.0
2020-11-18,23790,2480.0,2559.0,2470.0,2506.0,0,0,360600.0,909863100.0,1.0,2480.0,2559.0,2470.0,2506.0,360600.0
2020-11-19,23790,2469.0,2469.0,2366.0,2385.0,0,0,433600.0,1040935800.0,1.0,2469.0,2469.0,2366.0,2385.0,433600.0
2020-11-20,23790,2377.0,2437.0,2353.0,2420.0,0,0,327300.0,787827000.0,1.0,2377.0,2437.0,2353.0,2420.0,327300.0
2020-11-24,23790,2496.0,2496.0,2450.0,2484.0,0,0,243300.0,602534100.0,1.0,2496.0,2496.0,2450.0,2484.0,243300.0
2020-11-25,23790,2520.0,2532.0,2484.0,2490.0,0,0,272600.0,682129900.0,1.0,2520.0,2532.0,2484.0,2490.0,272600.0
2020-11-26,23790,2420.0,2488.0,2416.0,2475.0,0,0,271900.0,669376600.0,1.0,2420.0,2488.0,2416.0,2475.0,271900.0
2020-11-27,23790,2506.0,2540.0,2468.0,2515.0,0,0,296100.0,745503700.0,1.0,2506.0,2540.0,2468.0,2515.0,296100.0
2020-11-30,23790,2510.0,2512.0,2433.0,2434.0,0,0,273700.0,672591900.0,1.0,2510.0,2512.0,2433.0,2434.0,273700.0
2020-12-01,23790,2422.0,2500.0,2422.0,2484.0,0,0,110500.0,274006400.0,1.0,2422.0,2500.0,2422.0,2484.0,110500.0
2020-12-02,23790,2524.0,2573.0,2487.0,2561.0,0,0,423700.0,1076402300.0,1.0,2524.0,2573.0,2487.0,2561.0,423700.0
2020-12-03,23790,2561.0,2653.0,2514.0,2641.0,0,0,519200.0,1349874900.0,1.0,2561.0,2653.0,2514.0,2641.0,519200.0
2020-12-04,23790,2670.0,2670.0,2598.0,2648.0,0,0,402100.0,1059329000.0,1.0,2670.0,2670.0,2598.0,2648.0,402100.0
2020-12-07,23790,2648.0,2653.0,2596.0,2615.0,0,0,262100.0,686357000.0,1.0,2648.0,2653.0,2596.0,2615.0,262100.0
2020-12-08,23790,2615.0,2651.0,2585.0,2617.0,0,0,205300.0,537565600.0,1.0,2615.0,2651.0,2585.0,2617.0,205300.0
2020-12-09,23790,2611.0,2741.0,2593.0,2740.0,0,0,370000.0,997512700.0,1.0,2611.0,2741.0,2593.0,2740.0,370000.0
2020-12-10,23790,2709.0,2770.0,2703.0,2763.0,0,0,231200.0,634565100.0,1.0,2709.0,2770.0,2703.0,2763.0,231200.0
2020-12-11,23790,2745.0,2778.0,2706.0,2768.0,0,0,327800.0,900707000.0,1.0,2745.0,2778.0,2706.0,2768.0,327800.0
2020-12-14,23790,2745.0,2773.0,2714.0,2760.0,0,0,181800.0,501334900.0,1.0,2745.0,2773.0,2714.0,2760.0,181800.0
2020-12-15,23790,2750.0,2829.0,2750.0,2777.0,0,0,198000.0,552145100.0,1.0,2750.0,2829.0,2750.0,2777.0,198000.0
2020-12-16,23790,2800.0,2827.0,2748.0,2765.0,0,0,232800.0,647494200.0,1.0,2800.0,2827.0,2748.0,2765.0,232800.0
2020-12-17,23790,2850.0,2861.0,2787.0,2787.0,0,0,409300.0,1152851400.0,1.0,2850.0,2861.0,2787.0,2787.0,409300.0
2020-12-18,23790,2818.0,2858.0,2805.0,2831.0,0,0,369000.0,1044594100.0,1.0,2818.0,2858.0,2805.0,2831.0,369000.0
2020-12-21,23790,2815.0,2836.0,2771.0,2801.0,0,0,200200.0,559827200.0,1.0,2815.0,2836.0,2771.0,2801.0,200200.0
2020-12-22,23790,2767.0,2772.0,2710.0,2718.0,0,0,252100.0,690646300.0,1.0,2767.0,2772.0,2710.0,2718.0,252100.0
2020-12-23,23790,2785.0,2810.0,2728.0,2752.0,0,0,155100.0,427825100.0,1.0,2785.0,2810.0,2728.0,2752.0,155100.0
2020-12-24,23790,2752.0,2797.0,2742.0,2775.0,0,0,148900.0,413459600.0,1.0,2752.0,2797.0,2742.0,2775.0,148900.0
2020-12-25,23790,2775.0,2784.0,2753.0,2772.0,0,0,105200.0,291315500.0,1.0,2775.0,2784.0,2753.0,2772.0,105200.0
2020-12-28,23790,2750.0,2761.0,2709.0,2719.0,0,0,272400.0,744211800.0,1.0,2750.0,2761.0,2709.0,2719.0,272400.0
2020-12-29,23790,2701.0,2756.0,2690.0,2756.0,0,0,258100.0,704235100.0,1.0,2701.0,2756.0,2690.0,2756.0,258100.0
2020-12-30,23790,2757.0,2777.0,2713.0,2753.0,0,0,125600.0,346449200.0,1.0,2757.0,2777.0,2713.0,2753.0,125600.0
2021-01-04,23790,2706.0,2717.0,2664.0,2695.0,0,0,170600.0,459244900.0,1.0,2706.0,2717.0,2664.0,2695.0,170600.0
2021-01-05,23790,2641.0,2719.0,2630.0,2681.0,0,0,248400.0,666437300.0,1.0,2641.0,2719.0,2630.0,2681.0,248400.0
2021-01-06,23790,2653.0,2685.0,2632.0,2670.0,0,0,284100.0,758015300.0,1.0,2653.0,2685.0,2632.0,2670.0,284100.0
2021-01-07,23790,2620.0,2707.0,2613.0,2677.0,0,0,416900.0,1116782600.0,1.0,2620.0,2707.0,2613.0,2677.0,416900.0
2021-01-08,23790,2672.0,2703.0,2638.0,2676.0,0,0,335100.0,897194100.0,1.0,2672.0,2703.0,2638.0,2676.0,335100.0
2021-01-12,23790,2670.0,2691.0,2632.0,2654.0,0,0,286400.0,763026300.0,1.0,2670.0,2691.0,2632.0,2654.0,286400.0
2021-01-13,23790,2609.0,2636.0,2574.0,2623.0,0,0,534900.0,1394344200.0,1.0,2609.0,2636.0,2574.0,2623.0,534900.0
2021-01-14,23790,2525.0,2545.0,2303.0,2314.0,0,0,1052400.0,2498415300.0,1.0,2525.0,2545.0,2303.0,2314.0,1052400.0
2021-01-15,23790,2354.0,2410.0,2259.0,2331.0,0,0,716900.0,1655512400.0,1.0,2354.0,2410.0,2259.0,2331.0,716900.0
2021-01-18,23790,2340.0,2356.0,2294.0,2308.0,0,0,372000.0,862502200.0,1.0,2340.0,2356.0,2294.0,2308.0,372000.0
2021-01-19,23790,2332.0,2373.0,2293.0,2356.0,0,0,365300.0,855438900.0,1.0,2332.0,2373.0,2293.0,2356.0,365300.0
2021-01-20,23790,2369.0,2418.0,2369.0,2395.0,0,0,305600.0,731378700.0,1.0,2369.0,2418.0,2369.0,2395.0,305600.0
2021-01-21,23790,2430.0,2531.0,2430.0,2511.0,0,0,616200.0,1531182800.0,1.0,2430.0,2531.0,2430.0,2511.0,616200.0
2021-01-22,23790,2532.0,2607.0,2450.0,2539.0,0,0,518500.0,1327522300.0,1.0,2532.0,2607.0,2450.0,2539.0,518500.0
2021-01-25,23790,2514.0,2584.0,2493.0,2575.0,0,0,288800.0,737908700.0,1.0,2514.0,2584.0,2493.0,2575.0,288800.0
2021-01-26,23790,2559.0,2622.0,2553.0,2592.0,0,0,341200.0,883827900.0,1.0,2559.0,2622.0,2553.0,2592.0,341200.0
2021-01-27,23790,2611.0,2690.0,2600.0,2665.0,0,0,386200.0,1028073000.0,1.0,2611.0,2690.0,2600.0,2665.0,386200.0
2021-01-28,23790,2649.0,2840.0,2638.0,2831.0,0,0,1214000.0,3382164200.0,1.0,2649.0,2840.0,2638.0,2831.0,1214000.0
2021-01-29,23790,2853.0,2898.0,2824.0,2863.0,0,0,714700.0,2044278600.0,1.0,2853.0,2898.0,2824.0,2863.0,714700.0
2021-02-01,23790,2890.0,3045.0,2838.0,3010.0,0,0,746400.0,2221555300.0,1.0,2890.0,3045.0,2838.0,3010.0,746400.0
2021-02-02,23790,2961.0,2961.0,2790.0,2888.0,0,0,643800.0,1840969600.0,1.0,2961.0,2961.0,2790.0,2888.0,643800.0
2021-02-03,23790,2888.0,2935.0,2838.0,2864.0,0,0,323900.0,930866800.0,1.0,2888.0,2935.0,2838.0,2864.0,323900.0
2021-02-04,23790,2842.0,2904.0,2832.0,2882.0,0,0,253800.0,729481900.0,1.0,2842.0,2904.0,2832.0,2882.0,253800.0
2021-02-05,23790,2864.0,2999.0,2863.0,2984.0,0,0,304600.0,898907300.0,1.0,2864.0,2999.0,2863.0,2984.0,304600.0
2021-02-08,23790,2973.0,3015.0,2945.0,2986.0,0,0,279000.0,831630300.0,1.0,2973.0,3015.0,2945.0,2986.0,279000.0
2021-02-09,23790,2974.0,3010.0,2929.0,3005.0,0,0,248200.0,738825100.0,1.0,2974.0,3010.0,2929.0,3005.0,248200.0
2021-02-10,23790,2961.0,3025.0,2960.0,2998.0,0,0,156600.0,469099400.0,1.0,2961.0,3025.0,2960.0,2998.0,156600.0
2021-02-12,23790,2969.0,3030.0,2926.0,3025.0,0,0,192600.0,575859500.0,1.0,2969.0,3030.0,2926.0,3025.0,192600.0
2021-02-15,23790,3035.0,3115.0,2975.0,3100.0,0,0,193000.0,592403200.0,1.0,3035.0,3115.0,2975.0,3100.0,193000.0
2021-02-16,23790,3115.0,3210.0,3110.0,3175.0,0,0,252800.0,801548500.0,1.0,3115.0,3210.0,3110.0,3175.0,252800.0
2021-02-17,23790,3190.0,3195.0,3055.0,3080.0,0,0,392900.0,1217481500.0,1.0,3190.0,3195.0,3055.0,3080.0,392900.0
2021-02-18,23790,3085.0,3145.0,3080.0,3100.0,0,0,190900.0,593263000.0,1.0,3085.0,3145.0,3080.0,3100.0,190900.0
2021-02-19,23790,3055.0,3080.0,2988.0,2988.0,0,0,201400.0,607456600.0,1.0,3055.0,3080.0,2988.0,2988.0,201400.0
2021-02-22,23790,3015.0,3120.0,2999.0,3025.0,0,0,417600.0,1266604000.0,1.0,3015.0,3120.0,2999.0,3025.0,417600.0
2021-02-24,23790,3090.0,3190.0,3045.0,3065.0,0,0,612400.0,1902389000.0,1.0,3090.0,3190.0,3045.0,3065.0,612400.0
2021-02-25,23790,3035.0,3145.0,2996.0,3090.0,0,0,476300.0,1468611100.0,1.0,3035.0,3145.0,2996.0,3090.0,476300.0
2021-02-26,23790,2950.0,3000.0,2881.0,2898.0,0,0,616100.0,1802732300.0,1.0,2950.0,3000.0,2881.0,2898.0,616100.0
2021-03-01,23790,2937.0,2977.0,2903.0,2965.0,0,0,221500.0,655227900.0,1.0,2937.0,2977.0,2903.0,2965.0,221500.0
2021-03-02,23790,2965.0,3020.0,2955.0,3000.0,0,0,210700.0,630728400.0,1.0,2965.0,3020.0,2955.0,3000.0,210700.0
2021-03-03,23790,2958.0,2997.0,2918.0,2978.0,0,0,255500.0,757710000.0,1.0,2958.0,2997.0,2918.0,2978.0,255500.0
2021-03-04,23790,2931.0,2972.0,2881.0,2900.0,0,0,156000.0,454621300.0,1.0,2931.0,2972.0,2881.0,2900.0,156000.0
2021-03-05,23790,2850.0,2865.0,2800.0,2856.0,0,0,269100.0,764231700.0,1.0,2850.0,2865.0,2800.0,2856.0,269100.0
2021-03-08,23790,2904.0,2914.0,2843.0,2867.0,0,0,183100.0,526218600.0,1.0,2904.0,2914.0,2843.0,2867.0,183100.0
2021-03-09,23790,2862.0,2884.0,2815.0,2871.0,0,0,190600.0,544375500.0,1.0,2862.0,2884.0,2815.0,2871.0,190600.0
2021-03-10,23790,2897.0,2897.0,2840.0,2844.0,0,0,207700.0,593353600.0,1.0,2897.0,2897.0,2840.0,2844.0,207700.0
2021-03-11,23790,2884.0,2973.0,2867.0,2961.0,0,0,235700.0,690616500.0,1.0,2884.0,2973.0,2867.0,2961.0,235700.0
2021-03-12,23790,3015.0,3095.0,2952.0,3085.0,0,0,284600.0,863164300.0,1.0,3015.0,3095.0,2952.0,3085.0,284600.0
2021-03-15,23790,3055.0,3115.0,3030.0,3110.0,0,0,186200.0,575056500.0,1.0,3055.0,3115.0,3030.0,3110.0,186200.0
2021-03-16,23790,3110.0,3130.0,3075.0,3115.0,0,0,161000.0,500019000.0,1.0,3110.0,3130.0,3075.0,3115.0,161000.0
2021-03-17,23790,3060.0,3125.0,3060.0,3065.0,0,0,132000.0,407216500.0,1.0,3060.0,3125.0,3060.0,3065.0,132000.0
2021-03-18,23790,3090.0,3155.0,3065.0,3125.0,0,0,174700.0,545553500.0,1.0,3090.0,3155.0,3065.0,3125.0,174700.0
2021-03-19,23790,3110.0,3180.0,3090.0,3175.0,0,0,224400.0,708130000.0,1.0,3110.0,3180.0,3090.0,3175.0,224400.0
2021-03-22,23790,3150.0,3155.0,3105.0,3110.0,0,0,117800.0,367893500.0,1.0,3150.0,3155.0,3105.0,3110.0,117800.0
2021-03-23,23790,3055.0,3075.0,2980.0,2980.0,0,0,297800.0,898934900.0,1.0,3055.0,3075.0,2980.0,2980.0,297800.0
2021-03-24,23790,2909.0,2928.0,2778.0,2801.0,0,0,299400.0,845653100.0,1.0,2909.0,2928.0,2778.0,2801.0,299400.0
2021-03-25,23790,2778.0,2840.0,2778.0,2819.0,0,0,201200.0,564921500.0,1.0,2778.0,2840.0,2778.0,2819.0,201200.0
2021-03-26,23790,2848.0,2925.0,2837.0,2910.0,0,0,182700.0,528748100.0,1.0,2848.0,2925.0,2837.0,2910.0,182700.0
2021-03-29,23790,2904.0,2910.0,2819.0,2861.0,0,0,191100.0,547644200.0,1.0,2904.0,2910.0,2819.0,2861.0,191100.0
2021-03-30,23790,2821.0,2909.0,2820.0,2893.0,0,0,162600.0,468702800.0,1.0,2821.0,2909.0,2820.0,2893.0,162600.0
2021-03-31,23790,2930.0,2965.0,2896.0,2899.0,0,0,181900.0,531066500.0,1.0,2930.0,2965.0,2896.0,2899.0,181900.0
2021-04-01,23790,2928.0,3020.0,2928.0,2990.0,0,0,172500.0,515214500.0,1.0,2928.0,3020.0,2928.0,2990.0,172500.0
2021-04-02,23790,3015.0,3020.0,2989.0,3020.0,0,0,53800.0,161897500.0,1.0,3015.0,3020.0,2989.0,3020.0,53800.0
2021-04-05,23790,2950.0,2973.0,2902.0,2909.0,0,0,247700.0,723391100.0,1.0,2950.0,2973.0,2902.0,2909.0,247700.0
2021-04-06,23790,2870.0,2883.0,2720.0,2792.0,0,0,407700.0,1138854600.0,1.0,2870.0,2883.0,2720.0,2792.0,407700.0
2021-04-07,23790,2790.0,2848.0,2784.0,2820.0,0,0,285400.0,804797500.0,1.0,2790.0,2848.0,2784.0,2820.0,285400.0
2021-04-08,23790,2870.0,2981.0,2786.0,2910.0,0,0,710500.0,2057943300.0,1.0,2870.0,2981.0,2786.0,2910.0,710500.0
2021-04-09,23790,2899.0,3005.0,2860.0,2868.0,0,0,589700.0,1713071700.0,1.0,2899.0,3005.0,2860.0,2868.0,589700.0
2021-04-12,23790,2891.0,2891.0,2796.0,2807.0,0,0,350700.0,987348100.0,1.0,2891.0,2891.0,2796.0,2807.0,350700.0
2021-04-13,23790,2847.0,2938.0,2803.0,2922.0,0,0,376700.0,1089933400.0,1.0,2847.0,2938.0,2803.0,2922.0,376700.0
2021-04-14,23790,2959.0,3045.0,2957.0,3005.0,0,0,379500.0,1134716900.0,1.0,2959.0,3045.0,2957.0,3005.0,379500.0
2021-04-15,23790,3045.0,3145.0,3045.0,3105.0,0,0,353200.0,1093737000.0,1.0,3045.0,3145.0,3045.0,3105.0,353200.0
2021-04-16,23790,3035.0,3220.0,3005.0,3205.0,0,0,424300.0,1337499500.0,1.0,3035.0,3220.0,3005.0,3205.0,424300.0
2021-04-19,23790,3190.0,3365.0,3190.0,3295.0,0,0,698800.0,2306414500.0,1.0,3190.0,3365.0,3190.0,3295.0,698800.0
2021-04-20,23790,3210.0,3235.0,3130.0,3150.0,0,0,416000.0,1315823500.0,1.0,3210.0,3235.0,3130.0,3150.0,416000.0
2021-04-21,23790,3035.0,3065.0,2976.0,3000.0,0,0,585200.0,1754743800.0,1.0,3035.0,3065.0,2976.0,3000.0,585200.0
2021-04-22,23790,3070.0,3095.0,2991.0,3040.0,0,0,274600.0,828701400.0,1.0,3070.0,3095.0,2991.0,3040.0,274600.0
2021-04-23,23790,2991.0,3015.0,2936.0,2958.0,0,0,273000.0,810974700.0,1.0,2991.0,3015.0,2936.0,2958.0,273000.0
2021-04-26,23790,3010.0,3085.0,2969.0,3075.0,0,0,182700.0,555633200.0,1.0,3010.0,3085.0,2969.0,3075.0,182700.0
2021-04-27,23790,3100.0,3165.0,3055.0,3055.0,0,0,163300.0,503802000.0,1.0,3100.0,3165.0,3055.0,3055.0,163300.0
2021-04-28,23790,2988.0,3050.0,2981.0,2995.0,0,0,165500.0,497767400.0,1.0,2988.0,3050.0,2981.0,2995.0,165500.0
2021-04-30,23790,2980.0,3020.0,2945.0,3020.0,0,0,219800.0,658637500.0,1.0,2980.0,3020.0,2945.0,3020.0,219800.0
2021-05-06,23790,3005.0,3165.0,3005.0,3155.0,0,0,427000.0,1325979000.0,1.0,3005.0,3165.0,3005.0,3155.0,427000.0
2021-05-07,23790,3180.0,3235.0,3155.0,3175.0,0,0,196300.0,626362000.0,1.0,3180.0,3235.0,3155.0,3175.0,196300.0
2021-05-10,23790,3175.0,3240.0,3115.0,3230.0,0,0,182600.0,584672000.0,1.0,3175.0,3240.0,3115.0,3230.0,182600.0
2021-05-11,23790,3250.0,3325.0,3250.0,3260.0,0,0,385500.0,1267340000.0,1.0,3250.0,3325.0,3250.0,3260.0,385500.0
2021-05-12,23790,3220.0,3250.0,3065.0,3085.0,0,0,407500.0,1285007000.0,1.0,3220.0,3250.0,3065.0,3085.0,407500.0
2021-05-13,23790,3015.0,3035.0,2900.0,2915.0,0,0,313900.0,927015900.0,1.0,3015.0,3035.0,2900.0,2915.0,313900.0
2021-05-14,23790,2913.0,2945.0,2861.0,2919.0,0,0,222300.0,646018300.0,1.0,2913.0,2945.0,2861.0,2919.0,222300.0
2021-05-17,23790,2915.0,2924.0,2797.0,2802.0,0,0,297000.0,845902500.0,1.0,2915.0,2924.0,2797.0,2802.0,297000.0
2021-05-18,23790,2809.0,2900.0,2744.0,2880.0,0,0,288500.0,823549900.0,1.0,2809.0,2900.0,2744.0,2880.0,288500.0
2021-05-19,23790,2875.0,2884.0,2792.0,2826.0,0,0,196000.0,555697100.0,1.0,2875.0,2884.0,2792.0,2826.0,196000.0
2021-05-20,23790,2839.0,2905.0,2816.0,2904.0,0,0,177200.0,509134000.0,1.0,2839.0,2905.0,2816.0,2904.0,177200.0
2021-05-21,23790,2980.0,3115.0,2969.0,3100.0,0,0,237200.0,727050500.0,1.0,2980.0,3115.0,2969.0,3100.0,237200.0
2021-05-24,23790,3080.0,3180.0,3065.0,3165.0,0,0,184100.0,577874500.0,1.0,3080.0,3180.0,3065.0,3165.0,184100.0
2021-05-25,23790,3200.0,3230.0,3145.0,3180.0,0,0,226000.0,718019000.0,1.0,3200.0,3230.0,3145.0,3180.0,226000.0
2021-05-26,23790,3170.0,3270.0,3165.0,3250.0,0,0,151400.0,490846000.0,1.0,3170.0,3270.0,3165.0,3250.0,151400.0
2021-05-27,23790,3220.0,3290.0,3220.0,3270.0,0,0,375800.0,1226649500.0,1.0,3220.0,3290.0,3220.0,3270.0,375800.0
2021-05-28,23790,3295.0,3295.0,3240.0,3265.0,0,0,137300.0,448810500.0,1.0,3295.0,3295.0,3240.0,3265.0,137300.0
2021-05-31,23790,3245.0,3285.0,3215.0,3235.0,0,0,101600.0,329199000.0,1.0,3245.0,3285.0,3215.0,3235.0,101600.0
2021-06-01,23790,3225.0,3265.0,3175.0,3265.0,0,0,122400.0,396187000.0,1.0,3225.0,3265.0,3175.0,3265.0,122400.0
2021-06-02,23790,3270.0,3350.0,3250.0,3350.0,0,0,165400.0,547956000.0,1.0,3270.0,3350.0,3250.0,3350.0,165400.0
2021-06-03,23790,3365.0,3410.0,3355.0,3400.0,0,0,229200.0,777556500.0,1.0,3365.0,3410.0,3355.0,3400.0,229200.0
2021-06-04,23790,3470.0,3470.0,3375.0,3445.0,0,0,175400.0,602525000.0,1.0,3470.0,3470.0,3375.0,3445.0,175400.0
2021-06-07,23790,3490.0,3550.0,3475.0,3505.0,0,0,188000.0,660262000.0,1.0,3490.0,3550.0,3475.0,3505.0,188000.0
2021-06-08,23790,3480.0,3520.0,3440.0,3510.0,0,0,108100.0,377652000.0,1.0,3480.0,3520.0,3440.0,3510.0,108100.0
2021-06-09,23790,3520.0,3595.0,3520.0,3560.0,0,0,142100.0,506285000.0,1.0,3520.0,3595.0,3520.0,3560.0,142100.0
2021-06-10,23790,3545.0,3585.0,3510.0,3575.0,0,0,109700.0,390704000.0,1.0,3545.0,3585.0,3510.0,3575.0,109700.0
2021-06-11,23790,3645.0,3645.0,3580.0,3610.0,0,0,148800.0,539449000.0,1.0,3645.0,3645.0,3580.0,3610.0,148800.0
2021-06-14,23790,3635.0,3650.0,3535.0,3560.0,0,0,155500.0,556281500.0,1.0,3635.0,3650.0,3535.0,3560.0,155500.0
2021-06-15,23790,3510.0,3525.0,3455.0,3510.0,0,0,182000.0,636179000.0,1.0,3510.0,3525.0,3455.0,3510.0,182000.0
2021-06-16,23790,3495.0,3530.0,3460.0,3510.0,0,0,153500.0,536975000.0,1.0,3495.0,3530.0,3460.0,3510.0,153500.0
2021-06-17,23790,3480.0,3480.0,3420.0,3435.0,0,0,135900.0,468310500.0,1.0,3480.0,3480.0,3420.0,3435.0,135900.0
2021-06-18,23790,3395.0,3475.0,3370.0,3370.0,0,0,240100.0,819064500.0,1.0,3395.0,3475.0,3370.0,3370.0,240100.0
2021-06-21,23790,3290.0,3340.0,3250.0,3340.0,0,0,175700.0,580540000.0,1.0,3290.0,3340.0,3250.0,3340.0,175700.0
2021-06-22,23790,3340.0,3450.0,3315.0,3425.0,0,0,124700.0,424799000.0,1.0,3340.0,3450.0,3315.0,3425.0,124700.0
2021-06-23,23790,3480.0,3560.0,3475.0,3555.0,0,0,121800.0,429870500.0,1.0,3480.0,3560.0,3475.0,3555.0,121800.0
2021-06-24,23790,3560.0,3560.0,3455.0,3470.0,0,0,119400.0,417265500.0,1.0,3560.0,3560.0,3455.0,3470.0,119400.0
2021-06-25,23790,3480.0,3515.0,3480.0,3500.0,0,0,78600.0,274733500.0,1.0,3480.0,3515.0,3480.0,3500.0,78600.0
2021-06-28,23790,3550.0,3550.0,3485.0,3500.0,0,0,63000.0,220596500.0,1.0,3550.0,3550.0,3485.0,3500.0,63000.0
2021-06-29,23790,3400.0,3425.0,3305.0,3320.0,0,0,246900.0,826858500.0,1.0,3400.0,3425.0,3305.0,3320.0,246900.0
2021-06-30,23790,3370.0,3455.0,3330.0,3435.0,0,0,183700.0,629147500.0,1.0,3370.0,3455.0,3330.0,3435.0,183700.0
2021-07-01,23790,3425.0,3430.0,3370.0,3400.0,0,0,96800.0,329346500.0,1.0,3425.0,3430.0,3370.0,3400.0,96800.0
2021-07-02,23790,3330.0,3480.0,3320.0,3445.0,0,0,178500.0,612527500.0,1.0,3330.0,3480.0,3320.0,3445.0,178500.0
2021-07-05,23790,3420.0,3470.0,3400.0,3400.0,0,0,136500.0,468386000.0,1.0,3420.0,3470.0,3400.0,3400.0,136500.0
2021-07-06,23790,3360.0,3455.0,3345.0,3385.0,0,0,138000.0,469889000.0,1.0,3360.0,3455.0,3345.0,3385.0,138000.0
2021-07-07,23790,3300.0,3395.0,3270.0,3290.0,0,0,439900.0,1454334000.0,1.0,3300.0,3395.0,3270.0,3290.0,439900.0
2021-07-08,23790,3195.0,3395.0,3120.0,3370.0,0,0,682000.0,2236391500.0,1.0,3195.0,3395.0,3120.0,3370.0,682000.0
2021-07-09,23790,3300.0,3415.0,3250.0,3415.0,0,0,386600.0,1293373000.0,1.0,3300.0,3415.0,3250.0,3415.0,386600.0
2021-07-12,23790,3515.0,3605.0,3475.0,3545.0,0,0,230700.0,819723500.0,1.0,3515.0,3605.0,3475.0,3545.0,230700.0
2021-07-13,23790,3550.0,3560.0,3465.0,3485.0,0,0,183100.0,640856500.0,1.0,3550.0,3560.0,3465.0,3485.0,183100.0
2021-07-14,23790,3475.0,3485.0,3380.0,3395.0,0,0,181300.0,618907500.0,1.0,3475.0,3485.0,3380.0,3395.0,181300.0
2021-07-15,23790,3370.0,3380.0,3295.0,3345.0,0,0,237100.0,788487500.0,1.0,3370.0,3380.0,3295.0,3345.0,237100.0
2021-07-16,23790,3350.0,3420.0,3345.0,3370.0,0,0,166500.0,561985000.0,1.0,3350.0,3420.0,3345.0,3370.0,166500.0
2021-07-19,23790,3300.0,3330.0,3260.0,3290.0,0,0,215500.0,708495000.0,1.0,3300.0,3330.0,3260.0,3290.0,215500.0
2021-07-20,23790,3430.0,3475.0,3385.0,3395.0,0,0,372700.0,1274698000.0,1.0,3430.0,3475.0,3385.0,3395.0,372700.0
2021-07-21,23790,3380.0,3410.0,3340.0,3385.0,0,0,163800.0,553216000.0,1.0,3380.0,3410.0,3340.0,3385.0,163800.0
2021-07-26,23790,3470.0,3495.0,3370.0,3380.0,0,0,114900.0,392324500.0,1.0,3470.0,3495.0,3370.0,3380.0,114900.0
2021-07-27,23790,3350.0,3370.0,3285.0,3360.0,0,0,187900.0,627638500.0,1.0,3350.0,3370.0,3285.0,3360.0,187900.0
2021-07-28,23790,3300.0,3310.0,3255.0,3270.0,0,0,141400.0,463466500.0,1.0,3300.0,3310.0,3255.0,3270.0,141400.0
2021-07-29,23790,3260.0,3285.0,3240.0,3255.0,0,0,124400.0,405780500.0,1.0,3260.0,3285.0,3240.0,3255.0,124400.0
2021-07-30,23790,3240.0,3255.0,3190.0,3195.0,0,0,125900.0,404769500.0,1.0,3240.0,3255.0,3190.0,3195.0,125900.0
2021-08-02,23790,3245.0,3290.0,3185.0,3195.0,0,0,156300.0,504353000.0,1.0,3245.0,3290.0,3185.0,3195.0,156300.0
2021-08-03,23790,3185.0,3260.0,3165.0,3190.0,0,0,120500.0,386739000.0,1.0,3185.0,3260.0,3165.0,3190.0,120500.0
2021-08-04,23790,3190.0,3225.0,3150.0,3185.0,0,0,124900.0,398576000.0,1.0,3190.0,3225.0,3150.0,3185.0,124900.0
2021-08-05,23790,3200.0,3270.0,3195.0,3215.0,0,0,105300.0,339373000.0,1.0,3200.0,3270.0,3195.0,3215.0,105300.0
2021-08-06,23790,3290.0,3345.0,3270.0,3305.0,0,0,154600.0,510693500.0,1.0,3290.0,3345.0,3270.0,3305.0,154600.0
2021-08-10,23790,3310.0,3375.0,3310.0,3360.0,0,0,123500.0,413654000.0,1.0,3310.0,3375.0,3310.0,3360.0,123500.0
2021-08-11,23790,3385.0,3420.0,3360.0,3405.0,0,0,79000.0,268605000.0,1.0,3385.0,3420.0,3360.0,3405.0,79000.0
2021-08-12,23790,3400.0,3420.0,3345.0,3390.0,0,0,84300.0,285375000.0,1.0,3400.0,3420.0,3345.0,3390.0,84300.0
2021-08-13,23790,3370.0,3430.0,3350.0,3375.0,0,0,84500.0,285775500.0,1.0,3370.0,3430.0,3350.0,3375.0,84500.0
2021-08-16,23790,3360.0,3375.0,3225.0,3250.0,0,0,105600.0,344891000.0,1.0,3360.0,3375.0,3225.0,3250.0,105600.0
2021-08-17,23790,3290.0,3305.0,3115.0,3115.0,0,0,172400.0,546095000.0,1.0,3290.0,3305.0,3115.0,3115.0,172400.0
2021-08-18,23790,3130.0,3225.0,3130.0,3185.0,0,0,136900.0,436338500.0,1.0,3130.0,3225.0,3130.0,3185.0,136900.0
2021-08-19,23790,3200.0,3285.0,3160.0,3185.0,0,0,173700.0,558656000.0,1.0,3200.0,3285.0,3160.0,3185.0,173700.0
2021-08-20,23790,3160.0,3205.0,3080.0,3085.0,0,0,233800.0,731982500.0,1.0,3160.0,3205.0,3080.0,3085.0,233800.0
2021-08-23,23790,3150.0,3240.0,3150.0,3200.0,0,0,170400.0,545258000.0,1.0,3150.0,3240.0,3150.0,3200.0,170400.0
2021-08-24,23790,3235.0,3370.0,3230.0,3360.0,0,0,242200.0,805783000.0,1.0,3235.0,3370.0,3230.0,3360.0,242200.0
2021-08-25,23790,3370.0,3420.0,3355.0,3375.0,0,0,115900.0,392447500.0,1.0,3370.0,3420.0,3355.0,3375.0,115900.0
2021-08-26,23790,3400.0,3400.0,3330.0,3360.0,0,0,148000.0,499256000.0,1.0,3400.0,3400.0,3330.0,3360.0,148000.0
2021-08-27,23790,3350.0,3420.0,3325.0,3395.0,0,0,449200.0,1510917000.0,1.0,3350.0,3420.0,3325.0,3395.0,449200.0
2021-08-30,23790,3400.0,3490.0,3395.0,3475.0,0,0,179500.0,618849000.0,1.0,3400.0,3490.0,3395.0,3475.0,179500.0
2021-08-31,23790,3510.0,3525.0,3475.0,3500.0,0,0,120000.0,420421000.0,1.0,3510.0,3525.0,3475.0,3500.0,120000.0
2021-09-01,23790,3515.0,3575.0,3495.0,3575.0,0,0,75800.0,268528000.0,1.0,3515.0,3575.0,3495.0,3575.0,75800.0
2021-09-02,23790,3610.0,3650.0,3610.0,3630.0,0,0,143400.0,520413000.0,1.0,3610.0,3650.0,3610.0,3630.0,143400.0
2021-09-03,23790,3650.0,3765.0,3640.0,3750.0,0,0,165700.0,616574500.0,1.0,3650.0,3765.0,3640.0,3750.0,165700.0
2021-09-06,23790,3850.0,3890.0,3785.0,3840.0,0,0,212700.0,818512500.0,1.0,3850.0,3890.0,3785.0,3840.0,212700.0
2021-09-07,23790,3890.0,3950.0,3870.0,3920.0,0,0,147300.0,576356500.0,1.0,3890.0,3950.0,3870.0,3920.0,147300.0
2021-09-08,23790,3945.0,3975.0,3905.0,3935.0,0,0,132600.0,521146500.0,1.0,3945.0,3975.0,3905.0,3935.0,132600.0
2021-09-09,23790,3865.0,3940.0,3820.0,3925.0,0,0,142500.0,554648500.0,1.0,3865.0,3940.0,3820.0,3925.0,142500.0
2021-09-10,23790,3945.0,4100.0,3940.0,4100.0,0,0,177900.0,716854500.0,1.0,3945.0,4100.0,3940.0,4100.0,177900.0
2021-09-13,23790,4040.0,4085.0,4010.0,4075.0,0,0,101400.0,411670500.0,1.0,4040.0,4085.0,4010.0,4075.0,101400.0
2021-09-14,23790,4135.0,4300.0,4135.0,4285.0,0,0,217400.0,916665000.0,1.0,4135.0,4300.0,4135.0,4285.0,217400.0
2021-09-15,23790,4290.0,4345.0,4255.0,4280.0,0,0,164800.0,706875500.0,1.0,4290.0,4345.0,4255.0,4280.0,164800.0
2021-09-16,23790,4350.0,4380.0,4185.0,4190.0,0,0,185500.0,788185500.0,1.0,4350.0,4380.0,4185.0,4190.0,185500.0
2021-09-17,23790,4185.0,4230.0,4150.0,4180.0,0,0,330100.0,1381453500.0,1.0,4185.0,4230.0,4150.0,4180.0,330100.0
2021-09-21,23790,4005.0,4120.0,3985.0,4085.0,0,0,233400.0,945084500.0,1.0,4005.0,4120.0,3985.0,4085.0,233400.0
2021-09-22,23790,4050.0,4160.0,4045.0,4125.0,0,0,120900.0,498448000.0,1.0,4050.0,4160.0,4045.0,4125.0,120900.0
2021-09-24,23790,4180.0,4270.0,4140.0,4235.0,0,0,208900.0,881486000.0,1.0,4180.0,4270.0,4140.0,4235.0,208900.0
2021-09-27,23790,4295.0,4415.0,4295.0,4400.0,0,0,206200.0,903593000.0,1.0,4295.0,4415.0,4295.0,4400.0,206200.0
2021-09-28,23790,4375.0,4440.0,4145.0,4195.0,0,0,229000.0,967955500.0,1.0,4375.0,4440.0,4145.0,4195.0,229000.0
2021-09-29,23790,4055.0,4090.0,4000.0,4055.0,0,0,290200.0,1172292500.0,1.0,4055.0,4090.0,4000.0,4055.0,290200.0
2021-09-30,23790,4110.0,4320.0,4090.0,4260.0,0,0,268600.0,1142602000.0,1.0,4110.0,4320.0,4090.0,4260.0,268600.0
2021-10-01,23790,4140.0,4180.0,4035.0,4095.0,0,0,163400.0,669523500.0,1.0,4140.0,4180.0,4035.0,4095.0,163400.0
2021-10-04,23790,4110.0,4170.0,4060.0,4140.0,0,0,144800.0,597323500.0,1.0,4110.0,4170.0,4060.0,4140.0,144800.0
2021-10-05,23790,4050.0,4155.0,3980.0,4120.0,0,0,161500.0,657457500.0,1.0,4050.0,4155.0,3980.0,4120.0,161500.0
2021-10-06,23790,4150.0,4185.0,4005.0,4050.0,0,0,331000.0,1348884500.0,1.0,4150.0,4185.0,4005.0,4050.0,331000.0
2021-10-07,23790,4100.0,4270.0,4100.0,4115.0,0,0,248500.0,1039288500.0,1.0,4100.0,4270.0,4100.0,4115.0,248500.0
2021-10-08,23790,4230.0,4350.0,4215.0,4275.0,0,0,242500.0,1039466000.0,1.0,4230.0,4350.0,4215.0,4275.0,242500.0
2021-10-11,23790,4170.0,4280.0,4115.0,4275.0,0,0,158600.0,669378500.0,1.0,4170.0,4280.0,4115.0,4275.0,158600.0
2021-10-12,23790,4270.0,4275.0,4140.0,4200.0,0,0,262000.0,1098413000.0,1.0,4270.0,4275.0,4140.0,4200.0,262000.0
2021-10-13,23790,4250.0,4290.0,4165.0,4170.0,0,0,181000.0,761929500.0,1.0,4250.0,4290.0,4165.0,4170.0,181000.0
2021-10-14,23790,4215.0,4315.0,4195.0,4280.0,0,0,326500.0,1391050000.0,1.0,4215.0,4315.0,4195.0,4280.0,326500.0
2021-10-15,23790,4380.0,4435.0,4195.0,4205.0,0,0,428800.0,1841872500.0,1.0,4380.0,4435.0,4195.0,4205.0,428800.0
2021-10-18,23790,4225.0,4235.0,3930.0,3985.0,0,0,394600.0,1586070000.0,1.0,4225.0,4235.0,3930.0,3985.0,394600.0
2021-10-19,23790,4125.0,4195.0,4015.0,4160.0,0,0,310500.0,1280541500.0,1.0,4125.0,4195.0,4015.0,4160.0,310500.0
2021-10-20,23790,4155.0,4285.0,4115.0,4215.0,0,0,172500.0,727818000.0,1.0,4155.0,4285.0,4115.0,4215.0,172500.0
2021-10-21,23790,4205.0,4220.0,4100.0,4120.0,0,0,129000.0,535762500.0,1.0,4205.0,4220.0,4100.0,4120.0,129000.0
2021-10-22,23790,4125.0,4170.0,4050.0,4105.0,0,0,185400.0,760523500.0,1.0,4125.0,4170.0,4050.0,4105.0,185400.0
2021-10-25,23790,4060.0,4145.0,4045.0,4070.0,0,0,145400.0,592535500.0,1.0,4060.0,4145.0,4045.0,4070.0,145400.0
2021-10-26,23790,4130.0,4220.0,4105.0,4185.0,0,0,173600.0,726113000.0,1.0,4130.0,4220.0,4105.0,4185.0,173600.0
2021-10-27,23790,4150.0,4150.0,4025.0,4080.0,0,0,172000.0,700009000.0,1.0,4150.0,4150.0,4025.0,4080.0,172000.0
2021-10-28,23790,3995.0,4075.0,3925.0,4050.0,0,0,669700.0,2703877500.0,1.0,3995.0,4075.0,3925.0,4050.0,669700.0
2021-10-29,23790,4090.0,4115.0,4005.0,4090.0,0,0,139500.0,568341500.0,1.0,4090.0,4115.0,4005.0,4090.0,139500.0
2021-11-01,23790,4140.0,4165.0,4075.0,4125.0,0,0,136000.0,559982000.0,1.0,4140.0,4165.0,4075.0,4125.0,136000.0
2021-11-02,23790,4095.0,4120.0,4025.0,4110.0,0,0,140900.0,574355000.0,1.0,4095.0,4120.0,4025.0,4110.0,140900.0
2021-11-04,23790,4155.0,4245.0,4140.0,4165.0,0,0,244300.0,1022797500.0,1.0,4155.0,4245.0,4140.0,4165.0,244300.0
2021-11-05,23790,4100.0,4145.0,4060.0,4145.0,0,0,107900.0,443340500.0,1.0,4100.0,4145.0,4060.0,4145.0,107900.0
2021-11-08,23790,4145.0,4195.0,4090.0,4165.0,0,0,174700.0,727330500.0,1.0,4145.0,4195.0,4090.0,4165.0,174700.0
2021-11-09,23790,4190.0,4300.0,4160.0,4235.0,0,0,190000.0,807042000.0,1.0,4190.0,4300.0,4160.0,4235.0,190000.0
2021-11-10,23790,4215.0,4280.0,4190.0,4225.0,0,0,101900.0,431346000.0,1.0,4215.0,4280.0,4190.0,4225.0,101900.0
2021-11-11,23790,4180.0,4430.0,4170.0,4420.0,0,0,214900.0,936525500.0,1.0,4180.0,4430.0,4170.0,4420.0,214900.0
2021-11-12,23790,4420.0,4565.0,4420.0,4450.0,0,0,261100.0,1172049500.0,1.0,4420.0,4565.0,4420.0,4450.0,261100.0
2021-11-15,23790,4540.0,4660.0,4530.0,4620.0,0,0,240600.0,1109250500.0,1.0,4540.0,4660.0,4530.0,4620.0,240600.0
2021-11-16,23790,4695.0,4740.0,4580.0,4670.0,0,0,240100.0,1118989500.0,1.0,4695.0,4740.0,4580.0,4670.0,240100.0
2021-11-17,23790,4725.0,4850.0,4710.0,4820.0,0,0,383400.0,1841399000.0,1.0,4725.0,4850.0,4710.0,4820.0,383400.0
2021-11-18,23790,4850.0,4930.0,4675.0,4795.0,0,0,288500.0,1384099000.0,1.0,4850.0,4930.0,4675.0,4795.0,288500.0
2021-11-19,23790,4725.0,4760.0,4590.0,4665.0,0,0,189500.0,883797000.0,1.0,4725.0,4760.0,4590.0,4665.0,189500.0
2021-11-22,23790,4615.0,4665.0,4520.0,4590.0,0,0,134800.0,616264000.0,1.0,4615.0,4665.0,4520.0,4590.0,134800.0
2021-11-24,23790,4520.0,4520.0,4310.0,4360.0,0,0,294100.0,1286550000.0,1.0,4520.0,4520.0,4310.0,4360.0,294100.0
2021-11-25,23790,4375.0,4425.0,4250.0,4265.0,0,0,196200.0,845208500.0,1.0,4375.0,4425.0,4250.0,4265.0,196200.0
2021-11-26,23790,4250.0,4265.0,4080.0,4105.0,0,0,234500.0,971185000.0,1.0,4250.0,4265.0,4080.0,4105.0,234500.0
2021-11-29,23790,4025.0,4120.0,3975.0,3990.0,0,0,183000.0,738633500.0,1.0,4025.0,4120.0,3975.0,3990.0,183000.0
2021-11-30,23790,4050.0,4170.0,3975.0,3980.0,0,0,319900.0,1300383500.0,1.0,4050.0,4170.0,3975.0,3980.0,319900.0
2021-12-01,23790,3970.0,3980.0,3855.0,3945.0,0,0,186200.0,731658500.0,1.0,3970.0,3980.0,3855.0,3945.0,186200.0
2021-12-02,23790,3875.0,3945.0,3845.0,3865.0,0,0,221300.0,860251000.0,1.0,3875.0,3945.0,3845.0,3865.0,221300.0
2021-12-03,23790,3875.0,4055.0,3875.0,4040.0,0,0,186800.0,743842500.0,1.0,3875.0,4055.0,3875.0,4040.0,186800.0
2021-12-06,23790,4040.0,4065.0,3920.0,3960.0,0,0,125900.0,499637500.0,1.0,4040.0,4065.0,3920.0,3960.0,125900.0
2021-12-07,23790,4020.0,4135.0,4010.0,4135.0,0,0,182400.0,743323000.0,1.0,4020.0,4135.0,4010.0,4135.0,182400.0
2021-12-08,23790,4205.0,4245.0,4150.0,4175.0,0,0,129900.0,544730000.0,1.0,4205.0,4245.0,4150.0,4175.0,129900.0
2021-12-09,23790,4190.0,4265.0,4175.0,4190.0,0,0,110600.0,464856500.0,1.0,4190.0,4265.0,4175.0,4190.0,110600.0
2021-12-10,23790,4165.0,4175.0,4055.0,4070.0,0,0,95200.0,391872000.0,1.0,4165.0,4175.0,4055.0,4070.0,95200.0
2021-12-13,23790,4125.0,4140.0,4085.0,4115.0,0,0,71000.0,292519500.0,1.0,4125.0,4140.0,4085.0,4115.0,71000.0
2021-12-14,23790,4070.0,4070.0,3895.0,3955.0,0,0,229000.0,904233500.0,1.0,4070.0,4070.0,3895.0,3955.0,229000.0
2021-12-15,23790,3930.0,4005.0,3920.0,3990.0,0,0,114400.0,454421000.0,1.0,3930.0,4005.0,3920.0,3990.0,114400.0
2021-12-16,23790,4130.0,4150.0,4035.0,4035.0,0,0,120500.0,491176500.0,1.0,4130.0,4150.0,4035.0,4035.0,120500.0
2021-12-17,23790,4000.0,4015.0,3860.0,3870.0,0,0,137700.0,536678500.0,1.0,4000.0,4015.0,3860.0,3870.0,137700.0
2021-12-20,23790,3805.0,3835.0,3665.0,3705.0,0,0,251800.0,939885500.0,1.0,3805.0,3835.0,3665.0,3705.0,251800.0
2021-12-21,23790,3800.0,3835.0,3720.0,3830.0,0,0,90700.0,345012500.0,1.0,3800.0,3835.0,3720.0,3830.0,90700.0
2021-12-22,23790,3870.0,3950.0,3830.0,3930.0,0,0,103700.0,405463500.0,1.0,3870.0,3950.0,3830.0,3930.0,103700.0
2021-12-23,23790,3970.0,4040.0,3890.0,4020.0,0,0,142600.0,569116000.0,1.0,3970.0,4040.0,3890.0,4020.0,142600.0
2021-12-24,23790,4010.0,4090.0,3935.0,3940.0,0,0,108400.0,433671500.0,1.0,4010.0,4090.0,3935.0,3940.0,108400.0
2021-12-27,23790,3900.0,3905.0,3815.0,3850.0,0,0,133400.0,514407500.0,1.0,3900.0,3905.0,3815.0,3850.0,133400.0
2021-12-28,23790,3905.0,3935.0,3845.0,3930.0,0,0,124700.0,486254000.0,1.0,3905.0,3935.0,3845.0,3930.0,124700.0
2021-12-29,23790,3900.0,3960.0,3870.0,3930.0,0,0,60500.0,237136000.0,1.0,3900.0,3960.0,3870.0,3930.0,60500.0
2021-12-30,23790,3925.0,3955.0,3860.0,3915.0,0,0,89800.0,351510000.0,1.0,3925.0,3955.0,3860.0,3915.0,89800.0
2022-01-04,23790,4000.0,4025.0,3930.0,4005.0,0,0,142700.0,569068500.0,1.0,4000.0,4025.0,3930.0,4005.0,142700.0
2022-01-05,23790,4010.0,4010.0,3770.0,3770.0,0,0,187600.0,716908000.0,1.0,4010.0,4010.0,3770.0,3770.0,187600.0
2022-01-06,23790,3670.0,3695.0,3590.0,3645.0,0,0,227500.0,829917500.0,1.0,3670.0,3695.0,3590.0,3645.0,227500.0
2022-01-07,23790,3705.0,3785.0,3675.0,3710.0,0,0,223200.0,826831500.0,1.0,3705.0,3785.0,3675.0,3710.0,223200.0
2022-01-11,23790,3655.0,3700.0,3610.0,3695.0,0,0,203400.0,743744000.0,1.0,3655.0,3700.0,3610.0,3695.0,203400.0
2022-01-12,23790,3790.0,3830.0,3710.0,3735.0,0,0,149500.0,561292000.0,1.0,3790.0,3830.0,3710.0,3735.0,149500.0
2022-01-13,23790,3640.0,3680.0,3580.0,3580.0,0,0,220700.0,798417500.0,1.0,3640.0,3680.0,3580.0,3580.0,220700.0
2022-01-14,23790,3500.0,3510.0,3415.0,3475.0,0,0,305700.0,1060159000.0,1.0,3500.0,3510.0,3415.0,3475.0,305700.0
2022-01-17,23790,3335.0,3540.0,3205.0,3240.0,0,0,1039400.0,3482508500.0,1.0,3335.0,3540.0,3205.0,3240.0,1039400.0
2022-01-18,23790,3255.0,3430.0,3230.0,3355.0,0,0,586300.0,1958020000.0,1.0,3255.0,3430.0,3230.0,3355.0,586300.0
2022-01-19,23790,3280.0,3365.0,3270.0,3305.0,0,0,437500.0,1448346000.0,1.0,3280.0,3365.0,3270.0,3305.0,437500.0
2022-01-20,23790,3325.0,3390.0,3250.0,3380.0,0,0,357700.0,1192584500.0,1.0,3325.0,3390.0,3250.0,3380.0,357700.0
2022-01-21,23790,3450.0,3585.0,3420.0,3560.0,0,0,520000.0,1819324000.0,1.0,3450.0,3585.0,3420.0,3560.0,520000.0
2022-01-24,23790,3510.0,3630.0,3480.0,3600.0,0,0,264900.0,946999000.0,1.0,3510.0,3630.0,3480.0,3600.0,264900.0
2022-01-25,23790,3635.0,3665.0,3470.0,3470.0,0,0,298100.0,1051253000.0,1.0,3635.0,3665.0,3470.0,3470.0,298100.0
2022-01-26,23790,3435.0,3520.0,3325.0,3505.0,0,0,295900.0,1022051000.0,1.0,3435.0,3520.0,3325.0,3505.0,295900.0
2022-01-27,23790,3545.0,3585.0,3390.0,3405.0,0,0,290200.0,1001818500.0,1.0,3545.0,3585.0,3390.0,3405.0,290200.0
2022-01-28,23790,3475.0,3540.0,3410.0,3510.0,0,0,336700.0,1174725000.0,1.0,3475.0,3540.0,3410.0,3510.0,336700.0
2022-01-31,23790,3495.0,3615.0,3440.0,3585.0,0,0,237500.0,847225000.0,1.0,3495.0,3615.0,3440.0,3585.0,237500.0
2022-02-01,23790,3615.0,3645.0,3325.0,3365.0,0,0,319100.0,1099093000.0,1.0,3615.0,3645.0,3325.0,3365.0,319100.0
2022-02-02,23790,3345.0,3565.0,3300.0,3565.0,0,0,246900.0,856467000.0,1.0,3345.0,3565.0,3300.0,3565.0,246900.0
2022-02-03,23790,3520.0,3520.0,3380.0,3380.0,0,0,196700.0,673766000.0,1.0,3520.0,3520.0,3380.0,3380.0,196700.0
2022-02-04,23790,3345.0,3490.0,3310.0,3475.0,0,0,211700.0,720739000.0,1.0,3345.0,3490.0,3310.0,3475.0,211700.0
2022-02-07,23790,3475.0,3475.0,3310.0,3335.0,0,0,284700.0,955442000.0,1.0,3475.0,3475.0,3310.0,3335.0,284700.0
2022-02-08,23790,3350.0,3440.0,3300.0,3395.0,0,0,226900.0,768121500.0,1.0,3350.0,3440.0,3300.0,3395.0,226900.0
2022-02-09,23790,3545.0,3580.0,3510.0,3535.0,0,0,229400.0,813030000.0,1.0,3545.0,3580.0,3510.0,3535.0,229400.0
2022-02-10,23790,3635.0,3720.0,3630.0,3695.0,0,0,229500.0,844675000.0,1.0,3635.0,3720.0,3630.0,3695.0,229500.0
2022-02-14,23790,3600.0,3615.0,3520.0,3550.0,0,0,193700.0,689293500.0,1.0,3600.0,3615.0,3520.0,3550.0,193700.0
2022-02-15,23790,3525.0,3525.0,3365.0,3390.0,0,0,228500.0,781023500.0,1.0,3525.0,3525.0,3365.0,3390.0,228500.0
2022-02-16,23790,3485.0,3505.0,3425.0,3465.0,0,0,169600.0,589218500.0,1.0,3485.0,3505.0,3425.0,3465.0,169600.0
2022-02-17,23790,3510.0,3540.0,3460.0,3485.0,0,0,197600.0,691768000.0,1.0,3510.0,3540.0,3460.0,3485.0,197600.0
2022-02-18,23790,3415.0,3570.0,3395.0,3560.0,0,0,217300.0,758048500.0,1.0,3415.0,3570.0,3395.0,3560.0,217300.0
2022-02-21,23790,3445.0,3535.0,3415.0,3460.0,0,0,149200.0,517614000.0,1.0,3445.0,3535.0,3415.0,3460.0,149200.0
2022-02-22,23790,3390.0,3420.0,3340.0,3410.0,0,0,173000.0,585768000.0,1.0,3390.0,3420.0,3340.0,3410.0,173000.0
2022-02-24,23790,3270.0,3350.0,3270.0,3335.0,0,0,423100.0,1394142000.0,1.0,3270.0,3350.0,3270.0,3335.0,423100.0
2022-02-25,23790,3375.0,3430.0,3350.0,3415.0,0,0,260400.0,883740500.0,1.0,3375.0,3430.0,3350.0,3415.0,260400.0
2022-02-28,23790,3345.0,3405.0,3290.0,3390.0,0,0,218700.0,735824500.0,1.0,3345.0,3405.0,3290.0,3390.0,218700.0
2022-03-01,23790,3460.0,3500.0,3415.0,3440.0,0,0,132300.0,456624000.0,1.0,3460.0,3500.0,3415.0,3440.0,132300.0
2022-03-02,23790,3435.0,3490.0,3325.0,3340.0,0,0,185400.0,626167500.0,1.0,3435.0,3490.0,3325.0,3340.0,185400.0
2022-03-03,23790,3395.0,3405.0,3330.0,3345.0,0,0,156200.0,525186500.0,1.0,3395.0,3405.0,3330.0,3345.0,156200.0
2022-03-04,23790,3275.0,3290.0,3080.0,3105.0,0,0,305200.0,957972500.0,1.0,3275.0,3290.0,3080.0,3105.0,305200.0
2022-03-07,23790,3015.0,3030.0,2874.0,2967.0,0,0,322500.0,952615100.0,1.0,3015.0,3030.0,2874.0,2967.0,322500.0
2022-03-08,23790,2941.0,3140.0,2927.0,3055.0,0,0,460500.0,1411298500.0,1.0,2941.0,3140.0,2927.0,3055.0,460500.0
2022-03-09,23790,3085.0,3085.0,2972.0,2993.0,0,0,254600.0,767948300.0,1.0,3085.0,3085.0,2972.0,2993.0,254600.0
2022-03-10,23790,3185.0,3200.0,3125.0,3180.0,0,0,236600.0,749727500.0,1.0,3185.0,3200.0,3125.0,3180.0,236600.0
2022-03-11,23790,3135.0,3165.0,3075.0,3135.0,0,0,281400.0,878284500.0,1.0,3135.0,3165.0,3075.0,3135.0,281400.0
2022-03-14,23790,3135.0,3205.0,3120.0,3175.0,0,0,157400.0,498748000.0,1.0,3135.0,3205.0,3120.0,3175.0,157400.0
2022-03-15,23790,3130.0,3180.0,3110.0,3140.0,0,0,163800.0,515478000.0,1.0,3130.0,3180.0,3110.0,3140.0,163800.0
2022-03-16,23790,3180.0,3180.0,3090.0,3150.0,0,0,249800.0,782999500.0,1.0,3180.0,3180.0,3090.0,3150.0,249800.0
2022-03-17,23790,3230.0,3305.0,3220.0,3260.0,0,0,389300.0,1269319500.0,1.0,3230.0,3305.0,3220.0,3260.0,389300.0
2022-03-18,23790,3190.0,3260.0,3160.0,3260.0,0,0,287900.0,930713500.0,1.0,3190.0,3260.0,3160.0,3260.0,287900.0
2022-03-22,23790,3240.0,3240.0,3140.0,3150.0,0,0,211600.0,673993000.0,1.0,3240.0,3240.0,3140.0,3150.0,211600.0
2022-03-23,23790,3215.0,3300.0,3190.0,3260.0,0,0,230500.0,748405000.0,1.0,3215.0,3300.0,3190.0,3260.0,230500.0
2022-03-24,23790,3190.0,3270.0,3170.0,3270.0,0,0,171400.0,554381000.0,1.0,3190.0,3270.0,3170.0,3270.0,171400.0
2022-03-25,23790,3310.0,3320.0,3255.0,3290.0,0,0,115200.0,378172500.0,1.0,3310.0,3320.0,3255.0,3290.0,115200.0
2022-03-28,23790,3275.0,3300.0,3235.0,3290.0,0,0,125000.0,410133000.0,1.0,3275.0,3300.0,3235.0,3290.0,125000.0
2022-03-29,23790,3320.0,3375.0,3295.0,3325.0,0,0,169300.0,563213000.0,1.0,3320.0,3375.0,3295.0,3325.0,169300.0
2022-03-30,23790,3375.0,3430.0,3350.0,3390.0,0,0,202800.0,686175000.0,1.0,3375.0,3430.0,3350.0,3390.0,202800.0
2022-03-31,23790,3360.0,3370.0,3295.0,3360.0,0,0,161700.0,540643000.0,1.0,3360.0,3370.0,3295.0,3360.0,161700.0
2022-04-01,23790,3330.0,3405.0,3310.0,3405.0,0,0,130600.0,440471500.0,1.0,3330.0,3405.0,3310.0,3405.0,130600.0
2022-04-04,23790,3360.0,3410.0,3345.0,3390.0,0,0,106500.0,360647000.0,1.0,3360.0,3410.0,3345.0,3390.0,106500.0
2022-04-05,23790,3410.0,3425.0,3370.0,3385.0,0,0,161600.0,548308500.0,1.0,3410.0,3425.0,3370.0,3385.0,161600.0
2022-04-06,23790,3340.0,3355.0,3215.0,3320.0,0,0,329500.0,1082842000.0,1.0,3340.0,3355.0,3215.0,3320.0,329500.0
2022-04-07,23790,3250.0,3250.0,3165.0,3195.0,0,0,184700.0,590355500.0,1.0,3250.0,3250.0,3165.0,3195.0,184700.0
2022-04-08,23790,3265.0,3320.0,3240.0,3275.0,0,0,213500.0,701777500.0,1.0,3265.0,3320.0,3240.0,3275.0,213500.0
2022-04-11,23790,3250.0,3360.0,3245.0,3300.0,0,0,242600.0,802686500.0,1.0,3250.0,3360.0,3245.0,3300.0,242600.0
2022-04-12,23790,3310.0,3465.0,3310.0,3355.0,0,0,395900.0,1341065000.0,1.0,3310.0,3465.0,3310.0,3355.0,395900.0
2022-04-13,23790,3300.0,3520.0,3245.0,3490.0,0,0,334000.0,1150008000.0,1.0,3300.0,3520.0,3245.0,3490.0,334000.0
2022-04-14,23790,3510.0,3600.0,3505.0,3560.0,0,0,332600.0,1182138000.0,1.0,3510.0,3600.0,3505.0,3560.0,332600.0
2022-04-15,23790,4100.0,4105.0,3895.0,3915.0,0,0,733900.0,2936740500.0,1.0,4100.0,4105.0,3895.0,3915.0,733900.0
2022-04-18,23790,3985.0,4145.0,3925.0,4050.0,0,0,666100.0,2684663000.0,1.0,3985.0,4145.0,3925.0,4050.0,666100.0
2022-04-19,23790,4075.0,4220.0,4055.0,4190.0,0,0,415200.0,1724421500.0,1.0,4075.0,4220.0,4055.0,4190.0,415200.0
2022-04-20,23790,4150.0,4245.0,4045.0,4055.0,0,0,425000.0,1751472500.0,1.0,4150.0,4245.0,4045.0,4055.0,425000.0
2022-04-21,23790,4020.0,4115.0,3980.0,4040.0,0,0,390100.0,1575440500.0,1.0,4020.0,4115.0,3980.0,4040.0,390100.0
2022-04-22,23790,3920.0,3975.0,3865.0,3915.0,0,0,489500.0,1915276500.0,1.0,3920.0,3975.0,3865.0,3915.0,489500.0
2022-04-25,23790,3845.0,4080.0,3840.0,4055.0,0,0,310500.0,1241887500.0,1.0,3845.0,4080.0,3840.0,4055.0,310500.0
2022-04-26,23790,4120.0,4160.0,4055.0,4100.0,0,0,293100.0,1204382500.0,1.0,4120.0,4160.0,4055.0,4100.0,293100.0
2022-04-27,23790,4030.0,4235.0,4020.0,4200.0,0,0,405900.0,1687860000.0,1.0,4030.0,4235.0,4020.0,4200.0,405900.0
2022-04-28,23790,4185.0,4285.0,4145.0,4260.0,0,0,347400.0,1471116500.0,1.0,4185.0,4285.0,4145.0,4260.0,347400.0
2022-05-02,23790,4230.0,4335.0,4215.0,4310.0,0,0,333400.0,1428032500.0,1.0,4230.0,4335.0,4215.0,4310.0,333400.0
2022-05-06,23790,4270.0,4300.0,4180.0,4255.0,0,0,335500.0,1425214000.0,1.0,4270.0,4300.0,4180.0,4255.0,335500.0
2022-05-09,23790,4210.0,4250.0,4125.0,4180.0,0,0,245300.0,1025309000.0,1.0,4210.0,4250.0,4125.0,4180.0,245300.0
2022-05-10,23790,4110.0,4130.0,3880.0,3940.0,0,0,551600.0,2187180000.0,1.0,4110.0,4130.0,3880.0,3940.0,551600.0
2022-05-11,23790,4050.0,4090.0,3855.0,3860.0,0,0,366500.0,1437141500.0,1.0,4050.0,4090.0,3855.0,3860.0,366500.0
2022-05-12,23790,3790.0,3805.0,3715.0,3725.0,0,0,279700.0,1048307500.0,1.0,3790.0,3805.0,3715.0,3725.0,279700.0
2022-05-13,23790,3690.0,3845.0,3680.0,3790.0,0,0,269000.0,1017394500.0,1.0,3690.0,3845.0,3680.0,3790.0,269000.0
2022-05-16,23790,3850.0,3885.0,3755.0,3835.0,0,0,216400.0,830412000.0,1.0,3850.0,3885.0,3755.0,3835.0,216400.0
2022-05-17,23790,3815.0,3845.0,3730.0,3765.0,0,0,200100.0,756045000.0,1.0,3815.0,3845.0,3730.0,3765.0,200100.0
2022-05-18,23790,3870.0,3980.0,3855.0,3975.0,0,0,252100.0,995237000.0,1.0,3870.0,3980.0,3855.0,3975.0,252100.0
2022-05-19,23790,3850.0,3935.0,3775.0,3830.0,0,0,246200.0,944584000.0,1.0,3850.0,3935.0,3775.0,3830.0,246200.0
2022-05-20,23790,3950.0,4040.0,3900.0,4035.0,0,0,402400.0,1610797500.0,1.0,3950.0,4040.0,3900.0,4035.0,402400.0
2022-05-23,23790,4090.0,4190.0,4075.0,4155.0,0,0,310800.0,1285031000.0,1.0,4090.0,4190.0,4075.0,4155.0,310800.0
2022-05-24,23790,4095.0,4095.0,3960.0,3975.0,0,0,175200.0,703564000.0,1.0,4095.0,4095.0,3960.0,3975.0,175200.0
2022-05-25,23790,3920.0,3950.0,3735.0,3755.0,0,0,328000.0,1242752000.0,1.0,3920.0,3950.0,3735.0,3755.0,328000.0
2022-05-26,23790,3790.0,3845.0,3755.0,3795.0,0,0,202600.0,768925000.0,1.0,3790.0,3845.0,3755.0,3795.0,202600.0
2022-05-27,23790,3860.0,3875.0,3735.0,3750.0,0,0,269600.0,1015956500.0,1.0,3860.0,3875.0,3735.0,3750.0,269600.0
2022-05-30,23790,3850.0,3850.0,3745.0,3795.0,0,0,372700.0,1415141500.0,1.0,3850.0,3850.0,3745.0,3795.0,372700.0
2022-05-31,23790,3760.0,3805.0,3705.0,3765.0,0,0,404700.0,1522949000.0,1.0,3760.0,3805.0,3705.0,3765.0,404700.0
2022-06-01,23790,3770.0,3880.0,3760.0,3860.0,0,0,187100.0,718826500.0,1.0,3770.0,3880.0,3760.0,3860.0,187100.0
2022-06-02,23790,3830.0,3835.0,3765.0,3780.0,0,0,140500.0,533560000.0,1.0,3830.0,3835.0,3765.0,3780.0,140500.0
2022-06-03,23790,3805.0,3840.0,3760.0,3835.0,0,0,136100.0,518538500.0,1.0,3805.0,3840.0,3760.0,3835.0,136100.0
2022-06-06,23790,3740.0,3785.0,3660.0,3780.0,0,0,189800.0,709648000.0,1.0,3740.0,3785.0,3660.0,3780.0,189800.0
2022-06-07,23790,3800.0,3825.0,3725.0,3740.0,0,0,124800.0,471111000.0,1.0,3800.0,3825.0,3725.0,3740.0,124800.0
2022-06-08,23790,3780.0,3805.0,3735.0,3755.0,0,0,117200.0,441167000.0,1.0,3780.0,3805.0,3735.0,3755.0,117200.0
2022-06-09,23790,3755.0,3875.0,3755.0,3790.0,0,0,130600.0,499045000.0,1.0,3755.0,3875.0,3755.0,3790.0,130600.0
2022-06-10,23790,3725.0,3740.0,3665.0,3710.0,0,0,156100.0,578287500.0,1.0,3725.0,3740.0,3665.0,3710.0,156100.0
2022-06-13,23790,3610.0,3660.0,3525.0,3610.0,0,0,188400.0,677521500.0,1.0,3610.0,3660.0,3525.0,3610.0,188400.0
2022-06-14,23790,3475.0,3540.0,3420.0,3525.0,0,0,322900.0,1122500000.0,1.0,3475.0,3540.0,3420.0,3525.0,322900.0
2022-06-15,23790,3510.0,3530.0,3435.0,3440.0,0,0,168700.0,582841000.0,1.0,3510.0,3530.0,3435.0,3440.0,168700.0
2022-06-16,23790,3550.0,3585.0,3405.0,3430.0,0,0,139400.0,484959000.0,1.0,3550.0,3585.0,3405.0,3430.0,139400.0
2022-06-17,23790,3340.0,3390.0,3310.0,3330.0,0,0,184400.0,615716000.0,1.0,3340.0,3390.0,3310.0,3330.0,184400.0
2022-06-20,23790,3400.0,3415.0,3315.0,3400.0,0,0,232200.0,783153500.0,1.0,3400.0,3415.0,3315.0,3400.0,232200.0
2022-06-21,23790,3435.0,3550.0,3420.0,3495.0,0,0,172000.0,604134500.0,1.0,3435.0,3550.0,3420.0,3495.0,172000.0
2022-06-22,23790,3565.0,3590.0,3475.0,3475.0,0,0,138700.0,487827500.0,1.0,3565.0,3590.0,3475.0,3475.0,138700.0
2022-06-23,23790,3475.0,3635.0,3475.0,3605.0,0,0,157300.0,565375000.0,1.0,3475.0,3635.0,3475.0,3605.0,157300.0
2022-06-24,23790,3675.0,3775.0,3655.0,3760.0,0,0,231600.0,865677500.0,1.0,3675.0,3775.0,3655.0,3760.0,231600.0
2022-06-27,23790,3815.0,3815.0,3675.0,3750.0,0,0,172300.0,642637500.0,1.0,3815.0,3815.0,3675.0,3750.0,172300.0
2022-06-28,23790,3705.0,3755.0,3680.0,3725.0,0,0,112500.0,417849000.0,1.0,3705.0,3755.0,3680.0,3725.0,112500.0
2022-06-29,23790,3655.0,3785.0,3615.0,3760.0,0,0,260400.0,969531000.0,1.0,3655.0,3785.0,3615.0,3760.0,260400.0
2022-06-30,23790,3795.0,3825.0,3720.0,3755.0,0,0,238400.0,898533000.0,1.0,3795.0,3825.0,3720.0,3755.0,238400.0
2022-07-01,23790,3745.0,3790.0,3660.0,3690.0,0,0,137500.0,509337500.0,1.0,3745.0,3790.0,3660.0,3690.0,137500.0
2022-07-04,23790,3840.0,3895.0,3690.0,3690.0,0,0,240900.0,908345000.0,1.0,3840.0,3895.0,3690.0,3690.0,240900.0
2022-07-05,23790,3760.0,3890.0,3760.0,3785.0,0,0,238500.0,911351500.0,1.0,3760.0,3890.0,3760.0,3785.0,238500.0
2022-07-06,23790,3765.0,3855.0,3755.0,3835.0,0,0,183900.0,701874000.0,1.0,3765.0,3855.0,3755.0,3835.0,183900.0
2022-07-07,23790,3840.0,3860.0,3535.0,3635.0,0,0,460400.0,1683541000.0,1.0,3840.0,3860.0,3535.0,3635.0,460400.0
2022-07-08,23790,3670.0,3805.0,3660.0,3730.0,0,0,292600.0,1092898500.0,1.0,3670.0,3805.0,3660.0,3730.0,292600.0
2022-07-11,23790,3795.0,3890.0,3705.0,3750.0,0,0,254700.0,967514500.0,1.0,3795.0,3890.0,3705.0,3750.0,254700.0
2022-07-12,23790,3700.0,3725.0,3585.0,3700.0,0,0,281200.0,1031323000.0,1.0,3700.0,3725.0,3585.0,3700.0,281200.0
2022-07-13,23790,3700.0,3875.0,3655.0,3850.0,0,0,437100.0,1667916500.0,1.0,3700.0,3875.0,3655.0,3850.0,437100.0
2022-07-14,23790,3590.0,3700.0,3420.0,3590.0,0,0,1318700.0,4745224000.0,1.0,3590.0,3700.0,3420.0,3590.0,1318700.0
2022-07-15,23790,3600.0,3645.0,3450.0,3480.0,0,0,487900.0,1705278000.0,1.0,3600.0,3645.0,3450.0,3480.0,487900.0
2022-07-19,23790,3450.0,3545.0,3450.0,3515.0,0,0,290300.0,1019920500.0,1.0,3450.0,3545.0,3450.0,3515.0,290300.0
2022-07-20,23790,3500.0,3600.0,3450.0,3595.0,0,0,431500.0,1528694500.0,1.0,3500.0,3600.0,3450.0,3595.0,431500.0
2022-07-21,23790,3595.0,3690.0,3590.0,3635.0,0,0,220200.0,801931500.0,1.0,3595.0,3690.0,3590.0,3635.0,220200.0
2022-07-22,23790,3615.0,3660.0,3565.0,3650.0,0,0,156600.0,566716500.0,1.0,3615.0,3660.0,3565.0,3650.0,156600.0
2022-07-25,23790,3585.0,3610.0,3540.0,3570.0,0,0,183300.0,654857000.0,1.0,3585.0,3610.0,3540.0,3570.0,183300.0
2022-07-26,23790,3540.0,3620.0,3530.0,3610.0,0,0,240600.0,864043000.0,1.0,3540.0,3620.0,3530.0,3610.0,240600.0
2022-07-27,23790,3565.0,3595.0,3535.0,3535.0,0,0,197700.0,701782500.0,1.0,3565.0,3595.0,3535.0,3535.0,197700.0
2022-07-28,23790,3480.0,3510.0,3435.0,3490.0,0,0,456200.0,1586066500.0,1.0,3480.0,3510.0,3435.0,3490.0,456200.0
2022-07-29,23790,3500.0,3560.0,3460.0,3550.0,0,0,258700.0,909221500.0,1.0,3500.0,3560.0,3460.0,3550.0,258700.0
2022-08-01,23790,3595.0,3715.0,3580.0,3715.0,0,0,255300.0,935712000.0,1.0,3595.0,3715.0,3580.0,3715.0,255300.0
2022-08-02,23790,3670.0,3700.0,3535.0,3570.0,0,0,313900.0,1126154000.0,1.0,3670.0,3700.0,3535.0,3570.0,313900.0
2022-08-03,23790,3595.0,3615.0,3570.0,3580.0,0,0,141800.0,509469000.0,1.0,3595.0,3615.0,3570.0,3580.0,141800.0
2022-08-04,23790,3590.0,3595.0,3525.0,3550.0,0,0,192300.0,684102500.0,1.0,3590.0,3595.0,3525.0,3550.0,192300.0
2022-08-05,23790,3600.0,3700.0,3585.0,3660.0,0,0,177000.0,648425500.0,1.0,3600.0,3700.0,3585.0,3660.0,177000.0
2022-08-08,23790,3650.0,3695.0,3605.0,3620.0,0,0,151000.0,549421000.0,1.0,3650.0,3695.0,3605.0,3620.0,151000.0
2022-08-09,23790,3620.0,3705.0,3615.0,3685.0,0,0,165900.0,610003000.0,1.0,3620.0,3705.0,3615.0,3685.0,165900.0
2022-08-10,23790,3675.0,3710.0,3625.0,3630.0,0,0,153400.0,560942000.0,1.0,3675.0,3710.0,3625.0,3630.0,153400.0
2022-08-12,23790,3720.0,3850.0,3690.0,3740.0,0,0,188800.0,710638500.0,1.0,3720.0,3850.0,3690.0,3740.0,188800.0
2022-08-15,23790,3740.0,3810.0,3740.0,3760.0,0,0,120600.0,455171500.0,1.0,3740.0,3810.0,3740.0,3760.0,120600.0
2022-08-16,23790,3700.0,3735.0,3645.0,3675.0,0,0,189800.0,699021500.0,1.0,3700.0,3735.0,3645.0,3675.0,189800.0
2022-08-17,23790,3650.0,3705.0,3630.0,3675.0,0,0,151700.0,557896000.0,1.0,3650.0,3705.0,3630.0,3675.0,151700.0
2022-08-18,23790,3630.0,3690.0,3605.0,3670.0,0,0,130000.0,473346500.0,1.0,3630.0,3690.0,3605.0,3670.0,130000.0
2022-08-19,23790,3690.0,3750.0,3670.0,3670.0,0,0,139000.0,514564000.0,1.0,3690.0,3750.0,3670.0,3670.0,139000.0
2022-08-22,23790,3650.0,3675.0,3600.0,3660.0,0,0,176300.0,641066000.0,1.0,3650.0,3675.0,3600.0,3660.0,176300.0
2022-08-23,23790,3620.0,3705.0,3605.0,3695.0,0,0,163500.0,598867000.0,1.0,3620.0,3705.0,3605.0,3695.0,163500.0
2022-08-24,23790,3660.0,3685.0,3605.0,3660.0,0,0,178600.0,651275000.0,1.0,3660.0,3685.0,3605.0,3660.0,178600.0
2022-08-25,23790,3695.0,3785.0,3695.0,3745.0,0,0,168600.0,630580000.0,1.0,3695.0,3785.0,3695.0,3745.0,168600.0
2022-08-26,23790,3850.0,3850.0,3770.0,3780.0,0,0,327600.0,1251015500.0,1.0,3850.0,3850.0,3770.0,3780.0,327600.0
2022-08-29,23790,3740.0,3745.0,3575.0,3610.0,0,0,423600.0,1546258500.0,1.0,3740.0,3745.0,3575.0,3610.0,423600.0
2022-08-30,23790,3595.0,3645.0,3570.0,3610.0,0,0,167100.0,602645000.0,1.0,3595.0,3645.0,3570.0,3610.0,167100.0
2022-08-31,23790,3565.0,3665.0,3555.0,3630.0,0,0,359600.0,1302708000.0,1.0,3565.0,3665.0,3555.0,3630.0,359600.0
2022-09-01,23790,3565.0,3580.0,3470.0,3480.0,0,0,251000.0,879126000.0,1.0,3565.0,3580.0,3470.0,3480.0,251000.0
2022-09-02,23790,3460.0,3470.0,3365.0,3365.0,0,0,248600.0,844929500.0,1.0,3460.0,3470.0,3365.0,3365.0,248600.0
2022-09-05,23790,3335.0,3435.0,3315.0,3405.0,0,0,221900.0,751795500.0,1.0,3335.0,3435.0,3315.0,3405.0,221900.0
2022-09-06,23790,3430.0,3445.0,3355.0,3385.0,0,0,172500.0,584815500.0,1.0,3430.0,3445.0,3355.0,3385.0,172500.0
2022-09-07,23790,3355.0,3365.0,3315.0,3350.0,0,0,167400.0,558584500.0,1.0,3355.0,3365.0,3315.0,3350.0,167400.0
2022-09-08,23790,3400.0,3420.0,3355.0,3390.0,0,0,203700.0,689600500.0,1.0,3400.0,3420.0,3355.0,3390.0,203700.0
2022-09-09,23790,3360.0,3465.0,3360.0,3445.0,0,0,188100.0,643173500.0,1.0,3360.0,3465.0,3360.0,3445.0,188100.0
2022-09-12,23790,3485.0,3490.0,3435.0,3465.0,0,0,150200.0,519581000.0,1.0,3485.0,3490.0,3435.0,3465.0,150200.0
2022-09-13,23790,3495.0,3580.0,3495.0,3580.0,0,0,145900.0,517825000.0,1.0,3495.0,3580.0,3495.0,3580.0,145900.0
2022-09-14,23790,3510.0,3730.0,3510.0,3730.0,0,0,334100.0,1224266500.0,1.0,3510.0,3730.0,3510.0,3730.0,334100.0
2022-09-15,23790,3755.0,3880.0,3700.0,3845.0,0,0,407400.0,1558508000.0,1.0,3755.0,3880.0,3700.0,3845.0,407400.0
2022-09-16,23790,3915.0,3945.0,3850.0,3870.0,0,0,328400.0,1275996500.0,1.0,3915.0,3945.0,3850.0,3870.0,328400.0
2022-09-20,23790,3850.0,3925.0,3820.0,3900.0,0,0,385300.0,1492496000.0,1.0,3850.0,3925.0,3820.0,3900.0,385300.0
2022-09-21,23790,3870.0,3895.0,3725.0,3785.0,0,0,226100.0,858211000.0,1.0,3870.0,3895.0,3725.0,3785.0,226100.0
2022-09-22,23790,3715.0,3790.0,3600.0,3765.0,0,0,220000.0,817249500.0,1.0,3715.0,3790.0,3600.0,3765.0,220000.0
2022-09-26,23790,3680.0,3735.0,3610.0,3665.0,0,0,251900.0,924732500.0,1.0,3680.0,3735.0,3610.0,3665.0,251900.0
2022-09-27,23790,3715.0,3755.0,3665.0,3730.0,0,0,320900.0,1195178500.0,1.0,3715.0,3755.0,3665.0,3730.0,320900.0
2022-09-28,23790,3730.0,3790.0,3585.0,3640.0,0,0,341900.0,1249505000.0,1.0,3730.0,3790.0,3585.0,3640.0,341900.0
2022-09-29,23790,3660.0,3825.0,3660.0,3740.0,0,0,288100.0,1079487000.0,1.0,3660.0,3825.0,3660.0,3740.0,288100.0
2022-09-30,23790,3680.0,3770.0,3665.0,3675.0,0,0,197600.0,730639500.0,1.0,3680.0,3770.0,3665.0,3675.0,197600.0
2022-10-03,23790,3640.0,3675.0,3495.0,3670.0,0,0,346700.0,1252018500.0,1.0,3640.0,3675.0,3495.0,3670.0,346700.0
2022-10-04,23790,3735.0,3835.0,3730.0,3825.0,0,0,215400.0,817584000.0,1.0,3735.0,3835.0,3730.0,3825.0,215400.0
2022-10-05,23790,3895.0,3915.0,3850.0,3870.0,0,0,206100.0,798655000.0,1.0,3895.0,3915.0,3850.0,3870.0,206100.0
2022-10-06,23790,3810.0,3875.0,3770.0,3835.0,0,0,256600.0,983708500.0,1.0,3810.0,3875.0,3770.0,3835.0,256600.0
2022-10-07,23790,3795.0,3825.0,3725.0,3755.0,0,0,238300.0,897738500.0,1.0,3795.0,3825.0,3725.0,3755.0,238300.0
2022-10-11,23790,3790.0,3910.0,3780.0,3890.0,0,0,534400.0,2060699500.0,1.0,3790.0,3910.0,3780.0,3890.0,534400.0
2022-10-12,23790,3860.0,3940.0,3815.0,3920.0,0,0,324800.0,1266265500.0,1.0,3860.0,3940.0,3815.0,3920.0,324800.0
2022-10-13,23790,3880.0,3880.0,3655.0,3670.0,0,0,691100.0,2564905500.0,1.0,3880.0,3880.0,3655.0,3670.0,691100.0
2022-10-14,23790,3530.0,3745.0,3450.0,3655.0,0,0,757300.0,2755690000.0,1.0,3530.0,3745.0,3450.0,3655.0,757300.0
2022-10-17,23790,3585.0,3825.0,3585.0,3815.0,0,0,529900.0,1974891500.0,1.0,3585.0,3825.0,3585.0,3815.0,529900.0
2022-10-18,23790,3885.0,3965.0,3850.0,3935.0,0,0,332600.0,1300407500.0,1.0,3885.0,3965.0,3850.0,3935.0,332600.0
2022-10-19,23790,3955.0,4030.0,3945.0,4000.0,0,0,309900.0,1237178500.0,1.0,3955.0,4030.0,3945.0,4000.0,309900.0
2022-10-20,23790,3945.0,4005.0,3905.0,3935.0,0,0,283300.0,1118198500.0,1.0,3945.0,4005.0,3905.0,3935.0,283300.0
2022-10-21,23790,3965.0,3980.0,3920.0,3925.0,0,0,162700.0,643167000.0,1.0,3965.0,3980.0,3920.0,3925.0,162700.0
2022-10-24,23790,3980.0,3980.0,3890.0,3935.0,0,0,192000.0,755655500.0,1.0,3980.0,3980.0,3890.0,3935.0,192000.0
2022-10-25,23790,3950.0,3960.0,3865.0,3960.0,0,0,244200.0,958905000.0,1.0,3950.0,3960.0,3865.0,3960.0,244200.0
2022-10-26,23790,4050.0,4165.0,3995.0,4115.0,0,0,428100.0,1749755000.0,1.0,4050.0,4165.0,3995.0,4115.0,428100.0
2022-10-27,23790,4015.0,4075.0,3920.0,4040.0,0,0,212800.0,856517500.0,1.0,4015.0,4075.0,3920.0,4040.0,212800.0
2022-10-28,23790,3995.0,4135.0,3985.0,4120.0,0,0,373700.0,1535055500.0,1.0,3995.0,4135.0,3985.0,4120.0,373700.0
2022-10-31,23790,4185.0,4215.0,4130.0,4170.0,0,0,313700.0,1310190500.0,1.0,4185.0,4215.0,4130.0,4170.0,313700.0
2022-11-01,23790,4175.0,4355.0,4130.0,4340.0,0,0,352300.0,1512876000.0,1.0,4175.0,4355.0,4130.0,4340.0,352300.0
2022-11-02,23790,4330.0,4390.0,4280.0,4310.0,0,0,303900.0,1316470500.0,1.0,4330.0,4390.0,4280.0,4310.0,303900.0
2022-11-04,23790,4250.0,4300.0,4210.0,4240.0,0,0,172800.0,734507500.0,1.0,4250.0,4300.0,4210.0,4240.0,172800.0
2022-11-07,23790,4245.0,4310.0,4210.0,4230.0,0,0,222500.0,946747000.0,1.0,4245.0,4310.0,4210.0,4230.0,222500.0
2022-11-08,23790,4285.0,4300.0,4220.0,4255.0,0,0,195800.0,833921000.0,1.0,4285.0,4300.0,4220.0,4255.0,195800.0
2022-11-09,23790,4215.0,4235.0,4105.0,4115.0,0,0,255100.0,1056611500.0,1.0,4215.0,4235.0,4105.0,4115.0,255100.0
2022-11-10,23790,4095.0,4175.0,4085.0,4140.0,0,0,110700.0,457621500.0,1.0,4095.0,4175.0,4085.0,4140.0,110700.0
2022-11-11,23790,4240.0,4255.0,4125.0,4140.0,0,0,170500.0,710463500.0,1.0,4240.0,4255.0,4125.0,4140.0,170500.0
2022-11-14,23790,4110.0,4160.0,4040.0,4040.0,0,0,258900.0,1055546000.0,1.0,4110.0,4160.0,4040.0,4040.0,258900.0
2022-11-15,23790,4015.0,4020.0,3845.0,3955.0,0,0,426000.0,1669120000.0,1.0,4015.0,4020.0,3845.0,3955.0,426000.0
2022-11-16,23790,3995.0,4045.0,3900.0,3935.0,0,0,206300.0,815246500.0,1.0,3995.0,4045.0,3900.0,3935.0,206300.0
2022-11-17,23790,3890.0,3940.0,3890.0,3935.0,0,0,120000.0,470487000.0,1.0,3890.0,3940.0,3890.0,3935.0,120000.0
2022-11-18,23790,3950.0,3960.0,3850.0,3850.0,0,0,153000.0,597261500.0,1.0,3950.0,3960.0,3850.0,3850.0,153000.0
2022-11-21,23790,3890.0,3940.0,3850.0,3935.0,0,0,103300.0,403307500.0,1.0,3890.0,3940.0,3850.0,3935.0,103300.0
2022-11-22,23790,4000.0,4000.0,3915.0,3930.0,0,0,117000.0,462130500.0,1.0,4000.0,4000.0,3915.0,3930.0,117000.0
2022-11-24,23790,3985.0,4090.0,3985.0,4040.0,0,0,144100.0,583389500.0,1.0,3985.0,4090.0,3985.0,4040.0,144100.0
2022-11-25,23790,4080.0,4085.0,4005.0,4020.0,0,0,98500.0,398096000.0,1.0,4080.0,4085.0,4005.0,4020.0,98500.0
2022-11-28,23790,4040.0,4085.0,4020.0,4065.0,0,0,85600.0,347623000.0,1.0,4040.0,4085.0,4020.0,4065.0,85600.0
2022-11-29,23790,4040.0,4110.0,4015.0,4110.0,0,0,90900.0,370918000.0,1.0,4040.0,4110.0,4015.0,4110.0,90900.0
2022-11-30,23790,4075.0,4115.0,4045.0,4095.0,0,0,130300.0,532327000.0,1.0,4075.0,4115.0,4045.0,4095.0,130300.0
2022-12-01,23790,4165.0,4165.0,3970.0,3970.0,0,0,159600.0,644538500.0,1.0,4165.0,4165.0,3970.0,3970.0,159600.0
2022-12-02,23790,3935.0,3955.0,3860.0,3880.0,0,0,169500.0,659609500.0,1.0,3935.0,3955.0,3860.0,3880.0,169500.0
2022-12-05,23790,3890.0,3910.0,3830.0,3875.0,0,0,90400.0,349512500.0,1.0,3890.0,3910.0,3830.0,3875.0,90400.0
2022-12-06,23790,3840.0,3840.0,3785.0,3810.0,0,0,107800.0,410726500.0,1.0,3840.0,3840.0,3785.0,3810.0,107800.0
2022-12-07,23790,3810.0,3820.0,3755.0,3795.0,0,0,137900.0,522160500.0,1.0,3810.0,3820.0,3755.0,3795.0,137900.0
2022-12-08,23790,3785.0,3805.0,3675.0,3755.0,0,0,176800.0,660320000.0,1.0,3785.0,3805.0,3675.0,3755.0,176800.0
2022-12-09,23790,3705.0,3820.0,3705.0,3795.0,0,0,128700.0,485708500.0,1.0,3705.0,3820.0,3705.0,3795.0,128700.0
2022-12-12,23790,3800.0,3830.0,3770.0,3805.0,0,0,51100.0,194439500.0,1.0,3800.0,3830.0,3770.0,3805.0,51100.0
2022-12-13,23790,3855.0,3860.0,3765.0,3765.0,0,0,87700.0,332896500.0,1.0,3855.0,3860.0,3765.0,3765.0,87700.0
2022-12-14,23790,3830.0,3865.0,3785.0,3840.0,0,0,123100.0,472222000.0,1.0,3830.0,3865.0,3785.0,3840.0,123100.0
2022-12-15,23790,3840.0,3880.0,3780.0,3865.0,0,0,122200.0,469494000.0,1.0,3840.0,3880.0,3780.0,3865.0,122200.0
2022-12-16,23790,3830.0,3880.0,3805.0,3870.0,0,0,183600.0,706779000.0,1.0,3830.0,3880.0,3805.0,3870.0,183600.0
2022-12-19,23790,3835.0,3955.0,3805.0,3905.0,0,0,135000.0,527810000.0,1.0,3835.0,3955.0,3805.0,3905.0,135000.0
2022-12-20,23790,3860.0,3870.0,3680.0,3730.0,0,0,181700.0,681834000.0,1.0,3860.0,3870.0,3680.0,3730.0,181700.0
2022-12-21,23790,3730.0,3735.0,3630.0,3700.0,0,0,91700.0,339163500.0,1.0,3730.0,3735.0,3630.0,3700.0,91700.0
2022-12-22,23790,3750.0,3755.0,3690.0,3700.0,0,0,127800.0,475462500.0,1.0,3750.0,3755.0,3690.0,3700.0,127800.0
2022-12-23,23790,3675.0,3700.0,3640.0,3660.0,0,0,93900.0,343741000.0,1.0,3675.0,3700.0,3640.0,3660.0,93900.0
2022-12-26,23790,3680.0,3710.0,3640.0,3700.0,0,0,53000.0,194749500.0,1.0,3680.0,3710.0,3640.0,3700.0,53000.0
2022-12-27,23790,3735.0,3795.0,3735.0,3785.0,0,0,71200.0,268735500.0,1.0,3735.0,3795.0,3735.0,3785.0,71200.0
2022-12-28,23790,3770.0,3845.0,3740.0,3835.0,0,0,112300.0,428956000.0,1.0,3770.0,3845.0,3740.0,3835.0,112300.0
2022-12-29,23790,3840.0,3855.0,3785.0,3790.0,0,0,144300.0,549520000.0,1.0,3840.0,3855.0,3785.0,3790.0,144300.0
2022-12-30,23790,3825.0,3855.0,3765.0,3790.0,0,0,82900.0,314159500.0,1.0,3825.0,3855.0,3765.0,3790.0,82900.0
2023-01-04,23790,3770.0,3780.0,3710.0,3715.0,0,0,107600.0,402355000.0,1.0,3770.0,3780.0,3710.0,3715.0,107600.0
2023-01-05,23790,3695.0,3715.0,3645.0,3665.0,0,0,114900.0,421947000.0,1.0,3695.0,3715.0,3645.0,3665.0,114900.0
2023-01-06,23790,3640.0,3675.0,3575.0,3580.0,0,0,171400.0,619893500.0,1.0,3640.0,3675.0,3575.0,3580.0,171400.0
2023-01-10,23790,3605.0,3665.0,3590.0,3605.0,0,0,197100.0,714043500.0,1.0,3605.0,3665.0,3590.0,3605.0,197100.0
2023-01-11,23790,3660.0,3740.0,3640.0,3690.0,0,0,195600.0,724607500.0,1.0,3660.0,3740.0,3640.0,3690.0,195600.0
2023-01-12,23790,3625.0,3680.0,3525.0,3675.0,0,0,339600.0,1229415500.0,1.0,3625.0,3680.0,3525.0,3675.0,339600.0
2023-01-13,23790,3605.0,3650.0,3450.0,3595.0,0,0,586400.0,2090424500.0,1.0,3605.0,3650.0,3450.0,3595.0,586400.0
2023-01-16,23790,3620.0,3735.0,3590.0,3620.0,0,0,294100.0,1075100500.0,1.0,3620.0,3735.0,3590.0,3620.0,294100.0
2023-01-17,23790,3680.0,3710.0,3650.0,3690.0,0,0,181300.0,667999000.0,1.0,3680.0,3710.0,3650.0,3690.0,181300.0
2023-01-18,23790,3735.0,3855.0,3735.0,3845.0,0,0,172300.0,655288000.0,1.0,3735.0,3855.0,3735.0,3845.0,172300.0
2023-01-19,23790,3855.0,3945.0,3835.0,3925.0,0,0,199700.0,778209000.0,1.0,3855.0,3945.0,3835.0,3925.0,199700.0
2023-01-20,23790,3945.0,3975.0,3850.0,3870.0,0,0,165300.0,643609500.0,1.0,3945.0,3975.0,3850.0,3870.0,165300.0
2023-01-23,23790,3965.0,4015.0,3915.0,4000.0,0,0,156500.0,622276000.0,1.0,3965.0,4015.0,3915.0,4000.0,156500.0
2023-01-24,23790,4010.0,4030.0,3935.0,3940.0,0,0,183700.0,729655000.0,1.0,4010.0,4030.0,3935.0,3940.0,183700.0
2023-01-25,23790,3930.0,3945.0,3875.0,3925.0,0,0,160400.0,627581500.0,1.0,3930.0,3945.0,3875.0,3925.0,160400.0
2023-01-26,23790,3905.0,3935.0,3875.0,3885.0,0,0,98200.0,383257000.0,1.0,3905.0,3935.0,3875.0,3885.0,98200.0
2023-01-27,23790,3675.0,3880.0,3675.0,3825.0,0,0,282300.0,1071766000.0,1.0,3675.0,3880.0,3675.0,3825.0,282300.0
2023-01-30,23790,3835.0,3970.0,3805.0,3945.0,0,0,271300.0,1064588000.0,1.0,3835.0,3970.0,3805.0,3945.0,271300.0
2023-01-31,23790,3940.0,3945.0,3820.0,3835.0,0,0,185100.0,713545500.0,1.0,3940.0,3945.0,3820.0,3835.0,185100.0
2023-02-01,23790,3855.0,4010.0,3840.0,3905.0,0,0,228400.0,898155000.0,1.0,3855.0,4010.0,3840.0,3905.0,228400.0
2023-02-02,23790,3905.0,3995.0,3900.0,3985.0,0,0,234300.0,929318000.0,1.0,3905.0,3995.0,3900.0,3985.0,234300.0
2023-02-03,23790,3970.0,4055.0,3965.0,4015.0,0,0,192300.0,770356500.0,1.0,3970.0,4055.0,3965.0,4015.0,192300.0
2023-02-06,23790,4040.0,4060.0,3990.0,4000.0,0,0,108500.0,435744500.0,1.0,4040.0,4060.0,3990.0,4000.0,108500.0
2023-02-07,23790,4020.0,4075.0,3990.0,3990.0,0,0,117400.0,471312000.0,1.0,4020.0,4075.0,3990.0,3990.0,117400.0
2023-02-08,23790,4010.0,4045.0,3985.0,4010.0,0,0,123900.0,497164000.0,1.0,4010.0,4045.0,3985.0,4010.0,123900.0
2023-02-09,23790,4005.0,4045.0,3935.0,3940.0,0,0,137900.0,547689500.0,1.0,4005.0,4045.0,3935.0,3940.0,137900.0
2023-02-10,23790,3905.0,3935.0,3855.0,3860.0,0,0,153900.0,598221000.0,1.0,3905.0,3935.0,3855.0,3860.0,153900.0
2023-02-13,23790,3845.0,3880.0,3760.0,3800.0,0,0,159800.0,609623500.0,1.0,3845.0,3880.0,3760.0,3800.0,159800.0
2023-02-14,23790,3820.0,3890.0,3805.0,3875.0,0,0,194100.0,747209500.0,1.0,3820.0,3890.0,3805.0,3875.0,194100.0
2023-02-15,23790,3845.0,3885.0,3810.0,3840.0,0,0,161600.0,622133000.0,1.0,3845.0,3885.0,3810.0,3840.0,161600.0
2023-02-16,23790,3880.0,3890.0,3835.0,3835.0,0,0,160400.0,619279000.0,1.0,3880.0,3890.0,3835.0,3835.0,160400.0
2023-02-17,23790,3765.0,3765.0,3705.0,3720.0,0,0,247200.0,923747500.0,1.0,3765.0,3765.0,3705.0,3720.0,247200.0
2023-02-20,23790,3730.0,3755.0,3655.0,3660.0,0,0,199800.0,737995500.0,1.0,3730.0,3755.0,3655.0,3660.0,199800.0
2023-02-21,23790,3645.0,3685.0,3600.0,3610.0,0,0,274000.0,994778000.0,1.0,3645.0,3685.0,3600.0,3610.0,274000.0
2023-02-22,23790,3610.0,3635.0,3530.0,3535.0,0,0,275800.0,983104500.0,1.0,3610.0,3635.0,3530.0,3535.0,275800.0
2023-02-24,23790,3465.0,3520.0,3430.0,3505.0,0,0,815100.0,2833470000.0,1.0,3465.0,3520.0,3430.0,3505.0,815100.0
2023-02-27,23790,3475.0,3530.0,3470.0,3490.0,0,0,247400.0,865240000.0,1.0,3475.0,3530.0,3470.0,3490.0,247400.0
2023-02-28,23790,3510.0,3565.0,3505.0,3520.0,0,0,193100.0,681861000.0,1.0,3510.0,3565.0,3505.0,3520.0,193100.0
2023-03-01,23790,3525.0,3560.0,3480.0,3525.0,0,0,180600.0,636137500.0,1.0,3525.0,3560.0,3480.0,3525.0,180600.0
2023-03-02,23790,3570.0,3585.0,3535.0,3560.0,0,0,151500.0,539434500.0,1.0,3570.0,3585.0,3535.0,3560.0,151500.0
2023-03-03,23790,3590.0,3680.0,3590.0,3675.0,0,0,239000.0,871605000.0,1.0,3590.0,3680.0,3590.0,3675.0,239000.0
2023-03-06,23790,3700.0,3700.0,3635.0,3650.0,0,0,204000.0,746588500.0,1.0,3700.0,3700.0,3635.0,3650.0,204000.0
2023-03-07,23790,3665.0,3710.0,3650.0,3680.0,0,0,142300.0,524850500.0,1.0,3665.0,3710.0,3650.0,3680.0,142300.0
2023-03-08,23790,3700.0,3745.0,3670.0,3720.0,0,0,189000.0,701550500.0,1.0,3700.0,3745.0,3670.0,3720.0,189000.0
2023-03-09,23790,3750.0,3755.0,3680.0,3705.0,0,0,163000.0,604370000.0,1.0,3750.0,3755.0,3680.0,3705.0,163000.0
2023-03-10,23790,3660.0,3670.0,3580.0,3580.0,0,0,156100.0,565682000.0,1.0,3660.0,3670.0,3580.0,3580.0,156100.0
2023-03-13,23790,3550.0,3610.0,3535.0,3560.0,0,0,119000.0,423997000.0,1.0,3550.0,3610.0,3535.0,3560.0,119000.0
2023-03-14,23790,3500.0,3505.0,3435.0,3485.0,0,0,134100.0,465953500.0,1.0,3500.0,3505.0,3435.0,3485.0,134100.0
2023-03-15,23790,3555.0,3555.0,3485.0,3500.0,0,0,140400.0,493648500.0,1.0,3555.0,3555.0,3485.0,3500.0,140400.0
2023-03-16,23790,3450.0,3495.0,3425.0,3440.0,0,0,126000.0,434589000.0,1.0,3450.0,3495.0,3425.0,3440.0,126000.0
2023-03-17,23790,3475.0,3490.0,3435.0,3475.0,0,0,112400.0,390119500.0,1.0,3475.0,3490.0,3435.0,3475.0,112400.0
2023-03-20,23790,3460.0,3460.0,3285.0,3290.0,0,0,278200.0,931739500.0,1.0,3460.0,3460.0,3285.0,3290.0,278200.0
2023-03-22,23790,3425.0,3435.0,3350.0,3405.0,0,0,281800.0,960218500.0,1.0,3425.0,3435.0,3350.0,3405.0,281800.0
2023-03-23,23790,3375.0,3480.0,3360.0,3465.0,0,0,118200.0,406598000.0,1.0,3375.0,3480.0,3360.0,3465.0,118200.0
2023-03-24,23790,3430.0,3450.0,3390.0,3405.0,0,0,119500.0,407817000.0,1.0,3430.0,3450.0,3390.0,3405.0,119500.0
2023-03-27,23790,3420.0,3445.0,3390.0,3420.0,0,0,137000.0,468236000.0,1.0,3420.0,3445.0,3390.0,3420.0,137000.0
2023-03-28,23790,3445.0,3455.0,3400.0,3430.0,0,0,155700.0,533448000.0,1.0,3445.0,3455.0,3400.0,3430.0,155700.0
2023-03-29,23790,3415.0,3530.0,3395.0,3515.0,0,0,232100.0,809532500.0,1.0,3415.0,3530.0,3395.0,3515.0,232100.0
2023-03-30,23790,3530.0,3595.0,3515.0,3540.0,0,0,183100.0,649838000.0,1.0,3530.0,3595.0,3515.0,3540.0,183100.0
2023-03-31,23790,3565.0,3600.0,3490.0,3535.0,0,0,209700.0,741640000.0,1.0,3565.0,3600.0,3490.0,3535.0,209700.0
2023-04-03,23790,3590.0,3605.0,3505.0,3520.0,0,0,229500.0,815214500.0,1.0,3590.0,3605.0,3505.0,3520.0,229500.0
2023-04-04,23790,3590.0,3595.0,3475.0,3505.0,0,0,245100.0,863978500.0,1.0,3590.0,3595.0,3475.0,3505.0,245100.0
2023-04-05,23790,3460.0,3465.0,3345.0,3355.0,0,0,206500.0,698514000.0,1.0,3460.0,3465.0,3345.0,3355.0,206500.0
2023-04-06,23790,3310.0,3390.0,3310.0,3380.0,0,0,181500.0,611470500.0,1.0,3310.0,3390.0,3310.0,3380.0,181500.0
2023-04-07,23790,3370.0,3400.0,3320.0,3380.0,0,0,163700.0,551267000.0,1.0,3370.0,3400.0,3320.0,3380.0,163700.0
2023-04-10,23790,3440.0,3455.0,3375.0,3390.0,0,0,180500.0,614350000.0,1.0,3440.0,3455.0,3375.0,3390.0,180500.0
2023-04-11,23790,3415.0,3440.0,3330.0,3340.0,0,0,192000.0,645100000.0,1.0,3415.0,3440.0,3330.0,3340.0,192000.0
2023-04-12,23790,3390.0,3430.0,3375.0,3405.0,0,0,251900.0,858327500.0,1.0,3390.0,3430.0,3375.0,3405.0,251900.0
2023-04-13,23790,3375.0,3465.0,3360.0,3450.0,0,0,283600.0,975788500.0,1.0,3375.0,3465.0,3360.0,3450.0,283600.0
2023-04-14,23790,3585.0,3615.0,3505.0,3600.0,0,0,573300.0,2052391000.0,1.0,3585.0,3615.0,3505.0,3600.0,573300.0
2023-04-17,23790,3430.0,3580.0,3385.0,3570.0,0,0,970200.0,3395775000.0,1.0,3430.0,3580.0,3385.0,3570.0,970200.0
2023-04-18,23790,3640.0,3685.0,3570.0,3640.0,0,0,414300.0,1500098000.0,1.0,3640.0,3685.0,3570.0,3640.0,414300.0
2023-04-19,23790,3570.0,3605.0,3425.0,3450.0,0,0,504000.0,1753091500.0,1.0,3570.0,3605.0,3425.0,3450.0,504000.0
2023-04-20,23790,3370.0,3420.0,3325.0,3325.0,0,0,499200.0,1676676000.0,1.0,3370.0,3420.0,3325.0,3325.0,499200.0
2023-04-21,23790,3315.0,3375.0,3290.0,3370.0,0,0,561300.0,1877033000.0,1.0,3315.0,3375.0,3290.0,3370.0,561300.0
2023-04-24,23790,3425.0,3535.0,3410.0,3465.0,0,0,454200.0,1583269000.0,1.0,3425.0,3535.0,3410.0,3465.0,454200.0
2023-04-25,23790,3470.0,3470.0,3370.0,3380.0,0,0,247500.0,840473500.0,1.0,3470.0,3470.0,3370.0,3380.0,247500.0
2023-04-26,23790,3355.0,3360.0,3310.0,3310.0,0,0,278200.0,924938500.0,1.0,3355.0,3360.0,3310.0,3310.0,278200.0
2023-04-27,23790,3380.0,3385.0,3295.0,3300.0,0,0,462300.0,1540146500.0,1.0,3380.0,3385.0,3295.0,3300.0,462300.0
2023-04-28,23790,3350.0,3365.0,3310.0,3345.0,0,0,337100.0,1125324000.0,1.0,3350.0,3365.0,3310.0,3345.0,337100.0
2023-05-01,23790,3350.0,3385.0,3330.0,3360.0,0,0,246300.0,825599500.0,1.0,3350.0,3385.0,3330.0,3360.0,246300.0
2023-05-02,23790,3360.0,3365.0,3345.0,3355.0,0,0,217600.0,730084500.0,1.0,3360.0,3365.0,3345.0,3355.0,217600.0
2023-05-08,23790,3355.0,3370.0,3300.0,3310.0,0,0,201700.0,671590000.0,1.0,3355.0,3370.0,3300.0,3310.0,201700.0
2023-05-09,23790,3310.0,3405.0,3310.0,3385.0,0,0,228500.0,770236500.0,1.0,3310.0,3405.0,3310.0,3385.0,228500.0
2023-05-10,23790,3400.0,3440.0,3360.0,3380.0,0,0,190900.0,647424500.0,1.0,3400.0,3440.0,3360.0,3380.0,190900.0
2023-05-11,23790,3390.0,3470.0,3380.0,3465.0,0,0,190500.0,655053000.0,1.0,3390.0,3470.0,3380.0,3465.0,190500.0
2023-05-12,23790,3465.0,3480.0,3380.0,3415.0,0,0,235400.0,805264500.0,1.0,3465.0,3480.0,3380.0,3415.0,235400.0
2023-05-15,23790,3410.0,3460.0,3410.0,3415.0,0,0,169700.0,581689000.0,1.0,3410.0,3460.0,3410.0,3415.0,169700.0
2023-05-16,23790,3445.0,3515.0,3435.0,3510.0,0,0,244300.0,853935500.0,1.0,3445.0,3515.0,3435.0,3510.0,244300.0
2023-05-17,23790,3510.0,3545.0,3485.0,3485.0,0,0,189200.0,663245000.0,1.0,3510.0,3545.0,3485.0,3485.0,189200.0
2023-05-18,23790,3535.0,3610.0,3500.0,3535.0,0,0,302000.0,1069705500.0,1.0,3535.0,3610.0,3500.0,3535.0,302000.0
2023-05-19,23790,3550.0,3600.0,3550.0,3595.0,0,0,279900.0,1002875500.0,1.0,3550.0,3600.0,3550.0,3595.0,279900.0
2023-05-22,23790,3630.0,3645.0,3560.0,3605.0,0,0,256700.0,924465500.0,1.0,3630.0,3645.0,3560.0,3605.0,256700.0
2023-05-23,23790,3625.0,3725.0,3580.0,3635.0,0,0,318400.0,1162438500.0,1.0,3625.0,3725.0,3580.0,3635.0,318400.0
2023-05-24,23790,3570.0,3580.0,3535.0,3555.0,0,0,220300.0,783632000.0,1.0,3570.0,3580.0,3535.0,3555.0,220300.0
2023-05-25,23790,3510.0,3545.0,3475.0,3530.0,0,0,200300.0,704062000.0,1.0,3510.0,3545.0,3475.0,3530.0,200300.0
2023-05-26,23790,3520.0,3520.0,3420.0,3420.0,0,0,188300.0,650664000.0,1.0,3520.0,3520.0,3420.0,3420.0,188300.0
2023-05-29,23790,3490.0,3505.0,3435.0,3470.0,0,0,200200.0,694864500.0,1.0,3490.0,3505.0,3435.0,3470.0,200200.0
2023-05-30,23790,3425.0,3465.0,3345.0,3400.0,0,0,300900.0,1019554000.0,1.0,3425.0,3465.0,3345.0,3400.0,300900.0
2023-05-31,23790,3345.0,3400.0,3330.0,3370.0,0,0,276500.0,930592500.0,1.0,3345.0,3400.0,3330.0,3370.0,276500.0
2023-06-01,23790,3360.0,3445.0,3335.0,3435.0,0,0,220900.0,753705000.0,1.0,3360.0,3445.0,3335.0,3435.0,220900.0
2023-06-02,23790,3440.0,3570.0,3440.0,3550.0,0,0,248800.0,878534000.0,1.0,3440.0,3570.0,3440.0,3550.0,248800.0
2023-06-05,23790,3600.0,3615.0,3525.0,3530.0,0,0,211200.0,751461000.0,1.0,3600.0,3615.0,3525.0,3530.0,211200.0
2023-06-06,23790,3490.0,3490.0,3430.0,3460.0,0,0,203100.0,703882000.0,1.0,3490.0,3490.0,3430.0,3460.0,203100.0
2023-06-07,23790,3475.0,3565.0,3470.0,3480.0,0,0,275700.0,967997500.0,1.0,3475.0,3565.0,3470.0,3480.0,275700.0
2023-06-08,23790,3480.0,3480.0,3400.0,3430.0,0,0,275900.0,947001000.0,1.0,3480.0,3480.0,3400.0,3430.0,275900.0
2023-06-09,23790,3495.0,3515.0,3415.0,3435.0,0,0,214400.0,740556000.0,1.0,3495.0,3515.0,3415.0,3435.0,214400.0
2023-06-12,23790,3460.0,3520.0,3460.0,3495.0,0,0,197500.0,688456500.0,1.0,3460.0,3520.0,3460.0,3495.0,197500.0
2023-06-13,23790,3520.0,3540.0,3475.0,3505.0,0,0,254400.0,891754500.0,1.0,3520.0,3540.0,3475.0,3505.0,254400.0
2023-06-14,23790,3525.0,3545.0,3495.0,3530.0,0,0,212200.0,747485000.0,1.0,3525.0,3545.0,3495.0,3530.0,212200.0
2023-06-15,23790,3535.0,3545.0,3480.0,3490.0,0,0,213700.0,748914000.0,1.0,3535.0,3545.0,3480.0,3490.0,213700.0
2023-06-16,23790,3480.0,3580.0,3480.0,3565.0,0,0,328500.0,1166194000.0,1.0,3480.0,3580.0,3480.0,3565.0,328500.0
2023-06-19,23790,3565.0,3600.0,3520.0,3570.0,0,0,210000.0,748388000.0,1.0,3565.0,3600.0,3520.0,3570.0,210000.0
2023-06-20,23790,3570.0,3575.0,3495.0,3535.0,0,0,235900.0,831673500.0,1.0,3570.0,3575.0,3495.0,3535.0,235900.0
2023-06-21,23790,3535.0,3570.0,3510.0,3545.0,0,0,157500.0,558875000.0,1.0,3535.0,3570.0,3510.0,3545.0,157500.0
2023-06-22,23790,3575.0,3670.0,3565.0,3630.0,0,0,402300.0,1459582000.0,1.0,3575.0,3670.0,3565.0,3630.0,402300.0
2023-06-23,23790,3675.0,3690.0,3495.0,3520.0,0,0,317800.0,1133550500.0,1.0,3675.0,3690.0,3495.0,3520.0,317800.0
2023-06-26,23790,3510.0,3530.0,3440.0,3505.0,0,0,220900.0,773924500.0,1.0,3510.0,3530.0,3440.0,3505.0,220900.0
2023-06-27,23790,3480.0,3490.0,3415.0,3460.0,0,0,251700.0,867359500.0,1.0,3480.0,3490.0,3415.0,3460.0,251700.0
2023-06-28,23790,3470.0,3510.0,3450.0,3510.0,0,0,273600.0,950914500.0,1.0,3470.0,3510.0,3450.0,3510.0,273600.0
2023-06-29,23790,3555.0,3610.0,3540.0,3570.0,0,0,191800.0,686458500.0,1.0,3555.0,3610.0,3540.0,3570.0,191800.0
2023-06-30,23790,3550.0,3585.0,3520.0,3575.0,0,0,208500.0,741943000.0,1.0,3550.0,3585.0,3520.0,3575.0,208500.0
2023-07-03,23790,3600.0,3670.0,3560.0,3570.0,0,0,163100.0,587831000.0,1.0,3600.0,3670.0,3560.0,3570.0,163100.0
2023-07-04,23790,3550.0,3610.0,3540.0,3580.0,0,0,133100.0,476559000.0,1.0,3550.0,3610.0,3540.0,3580.0,133100.0
2023-07-05,23790,3580.0,3580.0,3525.0,3555.0,0,0,117200.0,415339500.0,1.0,3580.0,3580.0,3525.0,3555.0,117200.0
2023-07-06,23790,3530.0,3570.0,3500.0,3525.0,0,0,150900.0,532533500.0,1.0,3530.0,3570.0,3500.0,3525.0,150900.0
2023-07-07,23790,3480.0,3555.0,3465.0,3530.0,0,0,157500.0,554634000.0,1.0,3480.0,3555.0,3465.0,3530.0,157500.0
2023-07-10,23790,3530.0,3545.0,3490.0,3535.0,0,0,206300.0,726929000.0,1.0,3530.0,3545.0,3490.0,3535.0,206300.0
2023-07-11,23790,3565.0,3570.0,3510.0,3540.0,0,0,258800.0,915366500.0,1.0,3565.0,3570.0,3510.0,3540.0,258800.0
2023-07-12,23790,3590.0,3590.0,3515.0,3530.0,0,0,281300.0,995133000.0,1.0,3590.0,3590.0,3515.0,3530.0,281300.0
2023-07-13,23790,3580.0,3635.0,3540.0,3635.0,0,0,267300.0,961154500.0,1.0,3580.0,3635.0,3540.0,3635.0,267300.0
2023-07-14,23790,3705.0,3775.0,3640.0,3735.0,0,0,626400.0,2333342500.0,1.0,3705.0,3775.0,3640.0,3735.0,626400.0
2023-07-18,23790,3490.0,3545.0,3405.0,3450.0,0,0,1009700.0,3503247000.0,1.0,3490.0,3545.0,3405.0,3450.0,1009700.0
2023-07-19,23790,3475.0,3585.0,3475.0,3565.0,0,0,460100.0,1631197000.0,1.0,3475.0,3585.0,3475.0,3565.0,460100.0
2023-07-20,23790,3625.0,3680.0,3600.0,3615.0,0,0,289300.0,1048611000.0,1.0,3625.0,3680.0,3600.0,3615.0,289300.0
2023-07-21,23790,3615.0,3615.0,3515.0,3585.0,0,0,183800.0,655882500.0,1.0,3615.0,3615.0,3515.0,3585.0,183800.0
2023-07-24,23790,3610.0,3610.0,3545.0,3560.0,0,0,175300.0,626400500.0,1.0,3610.0,3610.0,3545.0,3560.0,175300.0
2023-07-25,23790,3535.0,3575.0,3505.0,3530.0,0,0,233300.0,823011500.0,1.0,3535.0,3575.0,3505.0,3530.0,233300.0
2023-07-26,23790,3510.0,3535.0,3455.0,3520.0,0,0,166200.0,581687000.0,1.0,3510.0,3535.0,3455.0,3520.0,166200.0
2023-07-27,23790,3490.0,3510.0,3460.0,3495.0,0,0,229700.0,801771500.0,1.0,3490.0,3510.0,3460.0,3495.0,229700.0
2023-07-28,23790,3595.0,3625.0,3535.0,3585.0,0,0,426300.0,1526323000.0,1.0,3595.0,3625.0,3535.0,3585.0,426300.0
2023-07-31,23790,3605.0,3620.0,3570.0,3585.0,0,0,280500.0,1007647000.0,1.0,3605.0,3620.0,3570.0,3585.0,280500.0
2023-08-01,23790,3570.0,3575.0,3510.0,3535.0,0,0,219900.0,776655000.0,1.0,3570.0,3575.0,3510.0,3535.0,219900.0
2023-08-02,23790,3495.0,3530.0,3475.0,3505.0,0,0,206900.0,725412500.0,1.0,3495.0,3530.0,3475.0,3505.0,206900.0
2023-08-03,23790,3470.0,3480.0,3400.0,3410.0,0,0,325700.0,1116534500.0,1.0,3470.0,3480.0,3400.0,3410.0,325700.0
2023-08-04,23790,3400.0,3415.0,3375.0,3390.0,0,0,206200.0,699193500.0,1.0,3400.0,3415.0,3375.0,3390.0,206200.0
2023-08-07,23790,3360.0,3375.0,3330.0,3375.0,0,0,292400.0,980761000.0,1.0,3360.0,3375.0,3330.0,3375.0,292400.0
2023-08-08,23790,3390.0,3405.0,3335.0,3340.0,0,0,293900.0,986592000.0,1.0,3390.0,3405.0,3335.0,3340.0,293900.0
2023-08-09,23790,3315.0,3345.0,3275.0,3330.0,0,0,255500.0,846486500.0,1.0,3315.0,3345.0,3275.0,3330.0,255500.0
2023-08-10,23790,3295.0,3350.0,3260.0,3345.0,0,0,278300.0,923695000.0,1.0,3295.0,3350.0,3260.0,3345.0,278300.0
2023-08-14,23790,3330.0,3340.0,3285.0,3290.0,0,0,204900.0,678215000.0,1.0,3330.0,3340.0,3285.0,3290.0,204900.0
2023-08-15,23790,3330.0,3335.0,3280.0,3335.0,0,0,234000.0,777648000.0,1.0,3330.0,3335.0,3280.0,3335.0,234000.0
2023-08-16,23790,3300.0,3305.0,3240.0,3250.0,0,0,255800.0,835117500.0,1.0,3300.0,3305.0,3240.0,3250.0,255800.0
2023-08-17,23790,3255.0,3280.0,3215.0,3240.0,0,0,257200.0,833596500.0,1.0,3255.0,3280.0,3215.0,3240.0,257200.0
2023-08-18,23790,3215.0,3295.0,3200.0,3280.0,0,0,239800.0,781387500.0,1.0,3215.0,3295.0,3200.0,3280.0,239800.0
2023-08-21,23790,3280.0,3345.0,3260.0,3340.0,0,0,211200.0,698692000.0,1.0,3280.0,3345.0,3260.0,3340.0,211200.0
2023-08-22,23790,3340.0,3360.0,3270.0,3275.0,0,0,165400.0,547507500.0,1.0,3340.0,3360.0,3270.0,3275.0,165400.0
2023-08-23,23790,3285.0,3375.0,3285.0,3370.0,0,0,212300.0,710847000.0,1.0,3285.0,3375.0,3285.0,3370.0,212300.0
2023-08-24,23790,3380.0,3420.0,3365.0,3410.0,0,0,293900.0,997951500.0,1.0,3380.0,3420.0,3365.0,3410.0,293900.0
2023-08-25,23790,3400.0,3485.0,3375.0,3475.0,0,0,451500.0,1557010500.0,1.0,3400.0,3485.0,3375.0,3475.0,451500.0
2023-08-28,23790,3465.0,3535.0,3465.0,3520.0,0,0,386900.0,1351564500.0,1.0,3465.0,3535.0,3465.0,3520.0,386900.0
2023-08-29,23790,3540.0,3555.0,3500.0,3540.0,0,0,527000.0,1862923000.0,1.0,3540.0,3555.0,3500.0,3540.0,527000.0
2023-08-30,23790,3490.0,3530.0,3455.0,3465.0,0,0,298400.0,1042643000.0,1.0,3490.0,3530.0,3455.0,3465.0,298400.0
2023-08-31,23790,3495.0,3525.0,3480.0,3500.0,0,0,133300.0,467100500.0,1.0,3495.0,3525.0,3480.0,3500.0,133300.0
2023-09-01,23790,3495.0,3575.0,3490.0,3575.0,0,0,152400.0,542006500.0,1.0,3495.0,3575.0,3490.0,3575.0,152400.0
2023-09-04,23790,3580.0,3615.0,3550.0,3550.0,0,0,159100.0,569411500.0,1.0,3580.0,3615.0,3550.0,3550.0,159100.0
2023-09-05,23790,3575.0,3625.0,3555.0,3600.0,0,0,186200.0,670801000.0,1.0,3575.0,3625.0,3555.0,3600.0,186200.0
2023-09-06,23790,3595.0,3615.0,3570.0,3605.0,0,0,171900.0,617662500.0,1.0,3595.0,3615.0,3570.0,3605.0,171900.0
2023-09-07,23790,3620.0,3640.0,3595.0,3595.0,0,0,134000.0,483113500.0,1.0,3620.0,3640.0,3595.0,3595.0,134000.0
2023-09-08,23790,3580.0,3630.0,3570.0,3620.0,0,0,207100.0,746580500.0,1.0,3580.0,3630.0,3570.0,3620.0,207100.0
2023-09-11,23790,3635.0,3660.0,3600.0,3630.0,0,0,201500.0,730595500.0,1.0,3635.0,3660.0,3600.0,3630.0,201500.0
2023-09-12,23790,3620.0,3645.0,3585.0,3600.0,0,0,121000.0,436380500.0,1.0,3620.0,3645.0,3585.0,3600.0,121000.0
2023-09-13,23790,3625.0,3705.0,3605.0,3695.0,0,0,309600.0,1136135500.0,1.0,3625.0,3705.0,3605.0,3695.0,309600.0
2023-09-14,23790,3715.0,3750.0,3700.0,3730.0,0,0,268500.0,1000353500.0,1.0,3715.0,3750.0,3700.0,3730.0,268500.0
2023-09-15,23790,3730.0,3755.0,3695.0,3720.0,0,0,283900.0,1057486500.0,1.0,3730.0,3755.0,3695.0,3720.0,283900.0
2023-09-19,23790,3690.0,3745.0,3685.0,3725.0,0,0,227700.0,847113500.0,1.0,3690.0,3745.0,3685.0,3725.0,227700.0
2023-09-20,23790,3695.0,3725.0,3670.0,3710.0,0,0,257300.0,951673500.0,1.0,3695.0,3725.0,3670.0,3710.0,257300.0
2023-09-21,23790,3720.0,3760.0,3675.0,3680.0,0,0,156100.0,578684000.0,1.0,3720.0,3760.0,3675.0,3680.0,156100.0
2023-09-22,23790,3650.0,3700.0,3625.0,3690.0,0,0,166900.0,613293500.0,1.0,3650.0,3700.0,3625.0,3690.0,166900.0
2023-09-25,23790,3695.0,3740.0,3685.0,3725.0,0,0,138600.0,515106500.0,1.0,3695.0,3740.0,3685.0,3725.0,138600.0
2023-09-26,23790,3725.0,3760.0,3700.0,3700.0,0,0,221200.0,824514000.0,1.0,3725.0,3760.0,3700.0,3700.0,221200.0
2023-09-27,23790,3710.0,3740.0,3685.0,3730.0,0,0,226800.0,842580500.0,1.0,3710.0,3740.0,3685.0,3730.0,226800.0
2023-09-28,23790,3715.0,3750.0,3690.0,3710.0,0,0,193400.0,718944000.0,1.0,3715.0,3750.0,3690.0,3710.0,193400.0
2023-09-29,23790,3730.0,3735.0,3665.0,3680.0,0,0,195400.0,721761500.0,1.0,3730.0,3735.0,3665.0,3680.0,195400.0
2023-10-02,23790,3680.0,3695.0,3585.0,3595.0,0,0,262000.0,950132000.0,1.0,3680.0,3695.0,3585.0,3595.0,262000.0
2023-10-03,23790,3580.0,3610.0,3515.0,3515.0,0,0,170400.0,603936500.0,1.0,3580.0,3610.0,3515.0,3515.0,170400.0
2023-10-04,23790,3465.0,3470.0,3420.0,3420.0,0,0,261000.0,898207000.0,1.0,3465.0,3470.0,3420.0,3420.0,261000.0
2023-10-05,23790,3425.0,3535.0,3425.0,3500.0,0,0,211500.0,738182500.0,1.0,3425.0,3535.0,3425.0,3500.0,211500.0
2023-10-06,23790,3460.0,3555.0,3455.0,3535.0,0,0,261600.0,920828500.0,1.0,3460.0,3555.0,3455.0,3535.0,261600.0
2023-10-10,23790,3560.0,3610.0,3550.0,3570.0,0,0,336600.0,1204588000.0,1.0,3560.0,3610.0,3550.0,3570.0,336600.0
2023-10-11,23790,3580.0,3595.0,3510.0,3520.0,0,0,377100.0,1335599500.0,1.0,3580.0,3595.0,3510.0,3520.0,377100.0
2023-10-12,23790,3695.0,3745.0,3560.0,3565.0,0,0,606800.0,2197238000.0,1.0,3695.0,3745.0,3560.0,3565.0,606800.0
2023-10-13,23790,3530.0,3530.0,3350.0,3360.0,0,0,487700.0,1660322000.0,1.0,3530.0,3530.0,3350.0,3360.0,487700.0
2023-10-16,23790,3295.0,3305.0,3090.0,3100.0,0,0,468600.0,1490454500.0,1.0,3295.0,3305.0,3090.0,3100.0,468600.0
2023-10-17,23790,3150.0,3180.0,3125.0,3160.0,0,0,454700.0,1436873000.0,1.0,3150.0,3180.0,3125.0,3160.0,454700.0
2023-10-18,23790,3145.0,3145.0,3015.0,3050.0,0,0,413900.0,1262567500.0,1.0,3145.0,3145.0,3015.0,3050.0,413900.0
2023-10-19,23790,2980.0,3030.0,2973.0,3000.0,0,0,377600.0,1133403400.0,1.0,2980.0,3030.0,2973.0,3000.0,377600.0
2023-10-20,23790,2970.0,2975.0,2933.0,2935.0,0,0,309200.0,913179400.0,1.0,2970.0,2975.0,2933.0,2935.0,309200.0
2023-10-23,23790,2925.0,2969.0,2893.0,2951.0,0,0,390200.0,1147298300.0,1.0,2925.0,2969.0,2893.0,2951.0,390200.0
2023-10-24,23790,2968.0,2995.0,2865.0,2988.0,0,0,326200.0,964639600.0,1.0,2968.0,2995.0,2865.0,2988.0,326200.0
2023-10-25,23790,2987.0,3020.0,2971.0,2992.0,0,0,324500.0,971468100.0,1.0,2987.0,3020.0,2971.0,2992.0,324500.0
2023-10-26,23790,2910.0,3000.0,2904.0,2934.0,0,0,355500.0,1049607600.0,1.0,2910.0,3000.0,2904.0,2934.0,355500.0
2023-10-27,23790,3005.0,3060.0,2989.0,3030.0,0,0,375500.0,1138348600.0,1.0,3005.0,3060.0,2989.0,3030.0,375500.0
2023-10-30,23790,3000.0,3005.0,2963.0,2971.0,0,0,907500.0,2703085300.0,1.0,3000.0,3005.0,2963.0,2971.0,907500.0
2023-10-31,23790,2990.0,2996.0,2925.0,2970.0,0,0,333800.0,991482800.0,1.0,2990.0,2996.0,2925.0,2970.0,333800.0
2023-11-01,23790,3050.0,3050.0,2963.0,3020.0,0,0,283200.0,851075100.0,1.0,3050.0,3050.0,2963.0,3020.0,283200.0
2023-11-02,23790,3010.0,3025.0,2989.0,3000.0,0,0,277100.0,832278300.0,1.0,3010.0,3025.0,2989.0,3000.0,277100.0
2023-11-06,23790,3030.0,3095.0,3015.0,3055.0,0,0,296600.0,906877000.0,1.0,3030.0,3095.0,3015.0,3055.0,296600.0
2023-11-07,23790,3055.0,3100.0,3035.0,3035.0,0,0,249400.0,763203500.0,1.0,3055.0,3100.0,3035.0,3035.0,249400.0
2023-11-08,23790,3055.0,3100.0,3020.0,3080.0,0,0,374200.0,1145249000.0,1.0,3055.0,3100.0,3020.0,3080.0,374200.0
2023-11-09,23790,3090.0,3150.0,3045.0,3140.0,0,0,323700.0,1007700500.0,1.0,3090.0,3150.0,3045.0,3140.0,323700.0
2023-11-10,23790,3065.0,3105.0,3040.0,3100.0,0,0,141900.0,435399000.0,1.0,3065.0,3105.0,3040.0,3100.0,141900.0
2023-11-13,23790,3095.0,3095.0,3050.0,3060.0,0,0,157300.0,482409500.0,1.0,3095.0,3095.0,3050.0,3060.0,157300.0
2023-11-14,23790,3075.0,3095.0,3050.0,3070.0,0,0,160800.0,493890500.0,1.0,3075.0,3095.0,3050.0,3070.0,160800.0
2023-11-15,23790,3130.0,3130.0,3025.0,3045.0,0,0,248200.0,759774000.0,1.0,3130.0,3130.0,3025.0,3045.0,248200.0
2023-11-16,23790,3025.0,3120.0,3020.0,3100.0,0,0,247700.0,764138500.0,1.0,3025.0,3120.0,3020.0,3100.0,247700.0
2023-11-17,23790,3120.0,3160.0,3105.0,3160.0,0,0,162300.0,509625000.0,1.0,3120.0,3160.0,3105.0,3160.0,162300.0
2023-11-20,23790,3120.0,3170.0,3100.0,3125.0,0,0,231800.0,723952500.0,1.0,3120.0,3170.0,3100.0,3125.0,231800.0
2023-11-21,23790,3150.0,3175.0,3125.0,3155.0,0,0,126000.0,397212500.0,1.0,3150.0,3175.0,3125.0,3155.0,126000.0
2023-11-22,23790,3145.0,3200.0,3145.0,3170.0,0,0,161100.0,509851500.0,1.0,3145.0,3200.0,3145.0,3170.0,161100.0
2023-11-24,23790,3190.0,3275.0,3180.0,3270.0,0,0,328900.0,1070500500.0,1.0,3190.0,3275.0,3180.0,3270.0,328900.0
2023-11-27,23790,3280.0,3300.0,3185.0,3195.0,0,0,268100.0,864367000.0,1.0,3280.0,3300.0,3185.0,3195.0,268100.0
2023-11-28,23790,3190.0,3205.0,3155.0,3200.0,0,0,199900.0,636797000.0,1.0,3190.0,3205.0,3155.0,3200.0,199900.0
2023-11-29,23790,3180.0,3210.0,3165.0,3190.0,0,0,274900.0,876085000.0,1.0,3180.0,3210.0,3165.0,3190.0,274900.0
2023-11-30,23790,3190.0,3190.0,3145.0,3170.0,0,0,356400.0,1128465500.0,1.0,3190.0,3190.0,3145.0,3170.0,356400.0
2023-12-01,23790,3160.0,3175.0,3110.0,3120.0,0,0,167600.0,526121000.0,1.0,3160.0,3175.0,3110.0,3120.0,167600.0
2023-12-04,23790,3100.0,3135.0,3075.0,3095.0,0,0,152300.0,472473500.0,1.0,3100.0,3135.0,3075.0,3095.0,152300.0
2023-12-05,23790,3085.0,3110.0,3000.0,3005.0,0,0,194400.0,591573000.0,1.0,3085.0,3110.0,3000.0,3005.0,194400.0
2023-12-06,23790,3025.0,3080.0,3025.0,3070.0,0,0,175000.0,534876500.0,1.0,3025.0,3080.0,3025.0,3070.0,175000.0
2023-12-07,23790,3055.0,3070.0,2973.0,2978.0,0,0,178400.0,536215800.0,1.0,3055.0,3070.0,2973.0,2978.0,178400.0
2023-12-08,23790,3050.0,3080.0,2975.0,2978.0,0,0,352200.0,1062119400.0,1.0,3050.0,3080.0,2975.0,2978.0,352200.0
2023-12-11,23790,3015.0,3060.0,3015.0,3060.0,0,0,139800.0,425857500.0,1.0,3015.0,3060.0,3015.0,3060.0,139800.0
2023-12-12,23790,3105.0,3105.0,3030.0,3055.0,0,0,112900.0,345171500.0,1.0,3105.0,3105.0,3030.0,3055.0,112900.0
2023-12-13,23790,3080.0,3085.0,3025.0,3040.0,0,0,187300.0,571577500.0,1.0,3080.0,3085.0,3025.0,3040.0,187300.0
2023-12-14,23790,3060.0,3075.0,3015.0,3030.0,0,0,133500.0,405261000.0,1.0,3060.0,3075.0,3015.0,3030.0,133500.0
2023-12-15,23790,3100.0,3300.0,3065.0,3180.0,0,0,870700.0,2774072500.0,1.0,3100.0,3300.0,3065.0,3180.0,870700.0
2023-12-18,23790,3185.0,3190.0,3080.0,3155.0,0,0,331400.0,1036029500.0,1.0,3185.0,3190.0,3080.0,3155.0,331400.0
2023-12-19,23790,3155.0,3180.0,3130.0,3150.0,0,0,157700.0,497536500.0,1.0,3155.0,3180.0,3130.0,3150.0,157700.0
2023-12-20,23790,3175.0,3190.0,3120.0,3140.0,0,0,166100.0,523486500.0,1.0,3175.0,3190.0,3120.0,3140.0,166100.0
2023-12-21,23790,3140.0,3155.0,3105.0,3125.0,0,0,116600.0,364736500.0,1.0,3140.0,3155.0,3105.0,3125.0,116600.0
2023-12-22,23790,3195.0,3200.0,3125.0,3125.0,0,0,167100.0,529171000.0,1.0,3195.0,3200.0,3125.0,3125.0,167100.0
2023-12-25,23790,3135.0,3165.0,3075.0,3085.0,0,0,93800.0,291211000.0,1.0,3135.0,3165.0,3075.0,3085.0,93800.0
2023-12-26,23790,3110.0,3135.0,3090.0,3095.0,0,0,134300.0,417695000.0,1.0,3110.0,3135.0,3090.0,3095.0,134300.0
2023-12-27,23790,3145.0,3180.0,3120.0,3180.0,0,0,206100.0,651371000.0,1.0,3145.0,3180.0,3120.0,3180.0,206100.0
2023-12-28,23790,3180.0,3180.0,3135.0,3180.0,0,0,82300.0,260575000.0,1.0,3180.0,3180.0,3135.0,3180.0,82300.0
2023-12-29,23790,3160.0,3220.0,3160.0,3210.0,0,0,150300.0,480376000.0,1.0,3160.0,3220.0,3160.0,3210.0,150300.0
2024-01-04,23790,3180.0,3205.0,3110.0,3195.0,0,0,189000.0,600286500.0,1.0,3180.0,3205.0,3110.0,3195.0,189000.0
2024-01-05,23790,3200.0,3220.0,3155.0,3175.0,0,0,189600.0,602423000.0,1.0,3200.0,3220.0,3155.0,3175.0,189600.0
2024-01-09,23790,3180.0,3200.0,3150.0,3175.0,0,0,145800.0,462432000.0,1.0,3180.0,3200.0,3150.0,3175.0,145800.0
2024-01-10,23790,3190.0,3215.0,3170.0,3200.0,0,0,190800.0,610075000.0,1.0,3190.0,3215.0,3170.0,3200.0,190800.0
2024-01-11,23790,3235.0,3240.0,3205.0,3235.0,0,0,313600.0,1012125000.0,1.0,3235.0,3240.0,3205.0,3235.0,313600.0
2024-01-12,23790,2905.0,2912.0,2535.0,2535.0,0,1,4526800.0,11716497900.0,1.0,2905.0,2912.0,2535.0,2535.0,4526800.0
2024-01-15,23790,2536.0,2547.0,2460.0,2540.0,0,0,4366800.0,10949260500.0,1.0,2536.0,2547.0,2460.0,2540.0,4366800.0
2024-01-16,23790,2532.0,2532.0,2482.0,2482.0,0,0,2161700.0,5409887100.0,1.0,2532.0,2532.0,2482.0,2482.0,2161700.0
2024-01-17,23790,2501.0,2540.0,2491.0,2503.0,0,0,1356200.0,3410482900.0,1.0,2501.0,2540.0,2491.0,2503.0,1356200.0
2024-01-18,23790,2503.0,2505.0,2445.0,2452.0,0,0,1463000.0,3609057200.0,1.0,2503.0,2505.0,2445.0,2452.0,1463000.0
2024-01-19,23790,2469.0,2495.0,2458.0,2476.0,0,0,888600.0,2201317100.0,1.0,2469.0,2495.0,2458.0,2476.0,888600.0
2024-01-22,23790,2486.0,2529.0,2482.0,2522.0,0,0,996400.0,2502183700.0,1.0,2486.0,2529.0,2482.0,2522.0,996400.0
2024-01-23,23790,2535.0,2545.0,2490.0,2515.0,0,0,1255300.0,3161273000.0,1.0,2535.0,2545.0,2490.0,2515.0,1255300.0
2024-01-24,23790,2508.0,2514.0,2493.0,2506.0,0,0,764400.0,1913101100.0,1.0,2508.0,2514.0,2493.0,2506.0,764400.0
2024-01-25,23790,2520.0,2544.0,2517.0,2539.0,0,0,997200.0,2525517700.0,1.0,2520.0,2544.0,2517.0,2539.0,997200.0
2024-01-26,23790,2589.0,2622.0,2571.0,2603.0,0,0,1796700.0,4673026100.0,1.0,2589.0,2622.0,2571.0,2603.0,1796700.0
2024-01-29,23790,2603.0,2614.0,2566.0,2569.0,0,0,957500.0,2479009200.0,1.0,2603.0,2614.0,2566.0,2569.0,957500.0
2024-01-30,23790,2550.0,2559.0,2517.0,2520.0,0,0,1080400.0,2734949100.0,1.0,2550.0,2559.0,2517.0,2520.0,1080400.0
2024-01-31,23790,2505.0,2528.0,2493.0,2528.0,0,0,753800.0,1888845800.0,1.0,2505.0,2528.0,2493.0,2528.0,753800.0
2024-02-01,23790,2532.0,2618.0,2530.0,2585.0,0,0,1969000.0,5084797300.0,1.0,2532.0,2618.0,2530.0,2585.0,1969000.0
2024-02-02,23790,2595.0,2643.0,2588.0,2605.0,0,0,1089400.0,2856858600.0,1.0,2595.0,2643.0,2588.0,2605.0,1089400.0
2024-02-05,23790,2613.0,2654.0,2605.0,2635.0,0,0,653200.0,1718912000.0,1.0,2613.0,2654.0,2605.0,2635.0,653200.0
2024-02-06,23790,2632.0,2677.0,2626.0,2659.0,0,0,668700.0,1773360200.0,1.0,2632.0,2677.0,2626.0,2659.0,668700.0
2024-02-07,23790,2667.0,2685.0,2632.0,2659.0,0,0,616700.0,1636095300.0,1.0,2667.0,2685.0,2632.0,2659.0,616700.0
2024-02-08,23790,2660.0,2690.0,2642.0,2673.0,0,0,672900.0,1797045800.0,1.0,2660.0,2690.0,2642.0,2673.0,672900.0
2024-02-09,23790,2680.0,2722.0,2678.0,2717.0,0,0,433100.0,1171807100.0,1.0,2680.0,2722.0,2678.0,2717.0,433100.0
2024-02-13,23790,2729.0,2738.0,2685.0,2738.0,0,0,884500.0,2396468400.0,1.0,2729.0,2738.0,2685.0,2738.0,884500.0
2024-02-14,23790,2700.0,2713.0,2674.0,2684.0,0,0,550500.0,1481360700.0,1.0,2700.0,2713.0,2674.0,2684.0,550500.0
2024-02-15,23790,2703.0,2703.0,2641.0,2664.0,0,0,529900.0,1412210900.0,1.0,2703.0,2703.0,2641.0,2664.0,529900.0
2024-02-16,23790,2660.0,2678.0,2651.0,2664.0,0,0,394800.0,1052756200.0,1.0,2660.0,2678.0,2651.0,2664.0,394800.0
2024-02-19,23790,2663.0,2704.0,2651.0,2704.0,0,0,416200.0,1115018700.0,1.0,2663.0,2704.0,2651.0,2704.0,416200.0
2024-02-20,23790,2705.0,2714.0,2687.0,2700.0,0,0,546500.0,1476414900.0,1.0,2705.0,2714.0,2687.0,2700.0,546500.0
2024-02-21,23790,2718.0,2731.0,2701.0,2709.0,0,0,634600.0,1723587200.0,1.0,2718.0,2731.0,2701.0,2709.0,634600.0
2024-02-22,23790,2721.0,2725.0,2688.0,2693.0,0,0,690700.0,1866085800.0,1.0,2721.0,2725.0,2688.0,2693.0,690700.0
2024-02-26,23790,2650.0,2696.0,2635.0,2660.0,0,0,804200.0,2142486600.0,1.0,2650.0,2696.0,2635.0,2660.0,804200.0
2024-02-27,23790,2659.0,2685.0,2640.0,2674.0,0,0,961600.0,2559651300.0,1.0,2659.0,2685.0,2640.0,2674.0,961600.0
2024-02-28,23790,2624.0,2656.0,2612.0,2639.0,0,0,687000.0,1809462200.0,1.0,2624.0,2656.0,2612.0,2639.0,687000.0
2024-02-29,23790,2638.0,2676.0,2602.0,2619.0,0,0,549000.0,1442871300.0,1.0,2638.0,2676.0,2602.0,2619.0,549000.0
2024-03-01,23790,2623.0,2636.0,2595.0,2623.0,0,0,466300.0,1221441200.0,1.0,2623.0,2636.0,2595.0,2623.0,466300.0
2024-03-04,23790,2618.0,2633.0,2586.0,2586.0,0,0,482700.0,1256867100.0,1.0,2618.0,2633.0,2586.0,2586.0,482700.0
2024-03-05,23790,2557.0,2588.0,2526.0,2579.0,0,0,573300.0,1468473200.0,1.0,2557.0,2588.0,2526.0,2579.0,573300.0
2024-03-06,23790,2560.0,2608.0,2552.0,2596.0,0,0,375300.0,972037700.0,1.0,2560.0,2608.0,2552.0,2596.0,375300.0
2024-03-07,23790,2605.0,2621.0,2573.0,2595.0,0,0,472900.0,1226118700.0,1.0,2605.0,2621.0,2573.0,2595.0,472900.0
2024-03-08,23790,2568.0,2596.0,2563.0,2579.0,0,0,327100.0,843555300.0,1.0,2568.0,2596.0,2563.0,2579.0,327100.0
2024-03-11,23790,2579.0,2631.0,2577.0,2592.0,0,0,495400.0,1287685500.0,1.0,2579.0,2631.0,2577.0,2592.0,495400.0
2024-03-12,23790,2568.0,2630.0,2517.0,2630.0,0,0,506100.0,1312848400.0,1.0,2568.0,2630.0,2517.0,2630.0,506100.0
2024-03-13,23790,2631.0,2635.0,2604.0,2617.0,0,0,267900.0,701615600.0,1.0,2631.0,2635.0,2604.0,2617.0,267900.0
2024-03-14,23790,2623.0,2636.0,2608.0,2631.0,0,0,241000.0,632490600.0,1.0,2623.0,2636.0,2608.0,2631.0,241000.0
2024-03-15,23790,2640.0,2657.0,2627.0,2645.0,0,0,494300.0,1307473700.0,1.0,2640.0,2657.0,2627.0,2645.0,494300.0
2024-03-18,23790,2651.0,2687.0,2645.0,2680.0,0,0,301400.0,806145100.0,1.0,2651.0,2687.0,2645.0,2680.0,301400.0
2024-03-19,23790,2680.0,2704.0,2669.0,2699.0,0,0,412000.0,1109062200.0,1.0,2680.0,2704.0,2669.0,2699.0,412000.0
2024-03-21,23790,2716.0,2761.0,2713.0,2752.0,0,0,567400.0,1553239000.0,1.0,2716.0,2761.0,2713.0,2752.0,567400.0
2024-03-22,23790,2753.0,2805.0,2742.0,2792.0,0,0,520900.0,1448321400.0,1.0,2753.0,2805.0,2742.0,2792.0,520900.0
2024-03-25,23790,2792.0,2805.0,2744.0,2749.0,0,0,361300.0,1001162400.0,1.0,2792.0,2805.0,2744.0,2749.0,361300.0
2024-03-26,23790,2734.0,2770.0,2725.0,2760.0,0,0,228800.0,630593000.0,1.0,2734.0,2770.0,2725.0,2760.0,228800.0
2024-03-27,23790,2797.0,2815.0,2786.0,2794.0,0,0,347000.0,972219800.0,1.0,2797.0,2815.0,2786.0,2794.0,347000.0
2024-03-28,23790,2782.0,2800.0,2757.0,2762.0,0,0,250800.0,695608300.0,1.0,2782.0,2800.0,2757.0,2762.0,250800.0
2024-03-29,23790,2770.0,2786.0,2736.0,2751.0,0,0,326300.0,899077200.0,1.0,2770.0,2786.0,2736.0,2751.0,326300.0
2024-04-01,23790,2769.0,2770.0,2723.0,2761.0,0,0,340900.0,938540500.0,1.0,2769.0,2770.0,2723.0,2761.0,340900.0
2024-04-02,23790,2752.0,2752.0,2702.0,2722.0,0,0,268100.0,731133000.0,1.0,2752.0,2752.0,2702.0,2722.0,268100.0
2024-04-03,23790,2712.0,2723.0,2691.0,2691.0,0,0,211600.0,571684900.0,1.0,2712.0,2723.0,2691.0,2691.0,211600.0
2024-04-04,23790,2702.0,2734.0,2699.0,2717.0,0,0,310400.0,843191300.0,1.0,2702.0,2734.0,2699.0,2717.0,310400.0
2024-04-05,23790,2700.0,2740.0,2684.0,2715.0,0,0,206300.0,559578500.0,1.0,2700.0,2740.0,2684.0,2715.0,206300.0
2024-04-08,23790,2744.0,2752.0,2694.0,2707.0,0,0,194600.0,528100100.0,1.0,2744.0,2752.0,2694.0,2707.0,194600.0
2024-04-09,23790,2698.0,2720.0,2685.0,2709.0,0,0,197200.0,532979900.0,1.0,2698.0,2720.0,2685.0,2709.0,197200.0
2024-04-10,23790,2712.0,2734.0,2681.0,2682.0,0,0,252100.0,681470000.0,1.0,2712.0,2734.0,2681.0,2682.0,252100.0
2024-04-11,23790,2673.0,2684.0,2650.0,2650.0,0,0,222500.0,592479700.0,1.0,2673.0,2684.0,2650.0,2650.0,222500.0
2024-04-12,23790,2700.0,2739.0,2645.0,2679.0,0,0,527000.0,1408913000.0,1.0,2700.0,2739.0,2645.0,2679.0,527000.0
2024-04-15,23790,2829.0,2871.0,2689.0,2728.0,0,0,1035500.0,2877597900.0,1.0,2829.0,2871.0,2689.0,2728.0,1035500.0
2024-04-16,23790,2728.0,2728.0,2602.0,2602.0,0,0,542100.0,1429594900.0,1.0,2728.0,2728.0,2602.0,2602.0,542100.0
2024-04-17,23790,2603.0,2653.0,2576.0,2621.0,0,0,470200.0,1231955100.0,1.0,2603.0,2653.0,2576.0,2621.0,470200.0
2024-04-18,23790,2623.0,2729.0,2620.0,2703.0,0,0,451900.0,1217979000.0,1.0,2623.0,2729.0,2620.0,2703.0,451900.0
2024-04-19,23790,2705.0,2717.0,2674.0,2698.0,0,0,348700.0,940402700.0,1.0,2705.0,2717.0,2674.0,2698.0,348700.0
2024-04-22,23790,2730.0,2768.0,2721.0,2756.0,0,0,326200.0,896160600.0,1.0,2730.0,2768.0,2721.0,2756.0,326200.0
2024-04-23,23790,2770.0,2770.0,2717.0,2743.0,0,0,416700.0,1142599300.0,1.0,2770.0,2770.0,2717.0,2743.0,416700.0
2024-04-24,23790,2762.0,2777.0,2741.0,2761.0,0,0,312500.0,860683100.0,1.0,2762.0,2777.0,2741.0,2761.0,312500.0
2024-04-25,23790,2789.0,2792.0,2715.0,2715.0,0,0,282200.0,773104500.0,1.0,2789.0,2792.0,2715.0,2715.0,282200.0
2024-04-26,23790,2702.0,2722.0,2684.0,2712.0,0,0,281800.0,762582200.0,1.0,2702.0,2722.0,2684.0,2712.0,281800.0
2024-04-30,23790,2684.0,2709.0,2662.0,2675.0,0,0,333700.0,895157000.0,1.0,2684.0,2709.0,2662.0,2675.0,333700.0
2024-05-01,23790,2651.0,2669.0,2632.0,2655.0,0,0,217100.0,576233100.0,1.0,2651.0,2669.0,2632.0,2655.0,217100.0
2024-05-02,23790,2681.0,2693.0,2660.0,2685.0,0,0,179000.0,480002900.0,1.0,2681.0,2693.0,2660.0,2685.0,179000.0
2024-05-07,23790,2700.0,2770.0,2699.0,2770.0,0,0,225800.0,620241000.0,1.0,2700.0,2770.0,2699.0,2770.0,225800.0
2024-05-08,23790,2766.0,2780.0,2734.0,2757.0,0,0,156300.0,431929100.0,1.0,2766.0,2780.0,2734.0,2757.0,156300.0
2024-05-09,23790,2785.0,2805.0,2756.0,2758.0,0,0,154100.0,427391100.0,1.0,2785.0,2805.0,2756.0,2758.0,154100.0
2024-05-10,23790,2785.0,2788.0,2741.0,2778.0,0,0,185900.0,514749700.0,1.0,2785.0,2788.0,2741.0,2778.0,185900.0
2024-05-13,23790,2771.0,2775.0,2751.0,2761.0,0,0,127700.0,352562800.0,1.0,2771.0,2775.0,2751.0,2761.0,127700.0
2024-05-14,23790,2775.0,2831.0,2770.0,2829.0,0,0,279700.0,785740500.0,1.0,2775.0,2831.0,2770.0,2829.0,279700.0
2024-05-15,23790,2830.0,2879.0,2819.0,2828.0,0,0,319800.0,910189500.0,1.0,2830.0,2879.0,2819.0,2828.0,319800.0
2024-05-16,23790,2828.0,2833.0,2778.0,2796.0,0,0,135400.0,378493100.0,1.0,2828.0,2833.0,2778.0,2796.0,135400.0
2024-05-17,23790,2776.0,2809.0,2756.0,2788.0,0,0,78500.0,218637600.0,1.0,2776.0,2809.0,2756.0,2788.0,78500.0
2024-05-20,23790,2788.0,2791.0,2741.0,2746.0,0,0,215100.0,595116800.0,1.0,2788.0,2791.0,2741.0,2746.0,215100.0
2024-05-21,23790,2739.0,2746.0,2628.0,2629.0,0,0,439800.0,1173423600.0,1.0,2739.0,2746.0,2628.0,2629.0,439800.0
2024-05-22,23790,2627.0,2655.0,2591.0,2633.0,0,0,251900.0,662354200.0,1.0,2627.0,2655.0,2591.0,2633.0,251900.0
2024-05-23,23790,2642.0,2668.0,2633.0,2659.0,0,0,189900.0,504343800.0,1.0,2642.0,2668.0,2633.0,2659.0,189900.0
2024-05-24,23790,2601.0,2645.0,2597.0,2636.0,0,0,210800.0,553622600.0,1.0,2601.0,2645.0,2597.0,2636.0,210800.0
2024-05-27,23790,2650.0,2661.0,2605.0,2655.0,0,0,147600.0,389219400.0,1.0,2650.0,2661.0,2605.0,2655.0,147600.0
2024-05-28,23790,2665.0,2703.0,2655.0,2671.0,0,0,188800.0,505583500.0,1.0,2665.0,2703.0,2655.0,2671.0,188800.0
2024-05-29,23790,2641.0,2645.0,2581.0,2589.0,0,0,201400.0,524668000.0,1.0,2641.0,2645.0,2581.0,2589.0,201400.0
2024-05-30,23790,2570.0,2620.0,2553.0,2620.0,0,0,186600.0,484095300.0,1.0,2570.0,2620.0,2553.0,2620.0,186600.0
2024-05-31,23790,2637.0,2637.0,2589.0,2605.0,0,0,221100.0,575984500.0,1.0,2637.0,2637.0,2589.0,2605.0,221100.0
2024-06-03,23790,2603.0,2603.0,2495.0,2518.0,0,0,1092700.0,2765791200.0,1.0,2603.0,2603.0,2495.0,2518.0,1092700.0
2024-06-04,23790,2555.0,2618.0,2548.0,2618.0,0,0,1856200.0,4800752600.0,1.0,2555.0,2618.0,2548.0,2618.0,1856200.0
2024-06-05,23790,2630.0,2696.0,2628.0,2672.0,0,0,479700.0,1279307400.0,1.0,2630.0,2696.0,2628.0,2672.0,479700.0
2024-06-06,23790,2669.0,2678.0,2627.0,2630.0,0,0,281400.0,744568500.0,1.0,2669.0,2678.0,2627.0,2630.0,281400.0
2024-06-07,23790,2632.0,2709.0,2630.0,2689.0,0,0,377900.0,1016125400.0,1.0,2632.0,2709.0,2630.0,2689.0,377900.0
2024-06-10,23790,2704.0,2755.0,2697.0,2744.0,0,0,309100.0,844687000.0,1.0,2704.0,2755.0,2697.0,2744.0,309100.0
2024-06-11,23790,2725.0,2748.0,2707.0,2727.0,0,0,333100.0,908568800.0,1.0,2725.0,2748.0,2707.0,2727.0,333100.0
2024-06-12,23790,2727.0,2736.0,2683.0,2685.0,0,0,230800.0,623076500.0,1.0,2727.0,2736.0,2683.0,2685.0,230800.0
2024-06-13,23790,2698.0,2711.0,2645.0,2645.0,0,0,230100.0,614560600.0,1.0,2698.0,2711.0,2645.0,2645.0,230100.0
2024-06-14,23790,2635.0,2660.0,2630.0,2637.0,0,0,416900.0,1101296300.0,1.0,2635.0,2660.0,2630.0,2637.0,416900.0
2024-06-17,23790,2630.0,2636.0,2608.0,2614.0,0,0,409100.0,1069872500.0,1.0,2630.0,2636.0,2608.0,2614.0,409100.0
2024-06-18,23790,2650.0,2711.0,2650.0,2681.0,0,0,399900.0,1074184300.0,1.0,2650.0,2711.0,2650.0,2681.0,399900.0
2024-06-19,23790,2685.0,2729.0,2684.0,2729.0,0,0,228000.0,618098400.0,1.0,2685.0,2729.0,2684.0,2729.0,228000.0
2024-06-20,23790,2738.0,2813.0,2737.0,2805.0,0,0,485400.0,1355632500.0,1.0,2738.0,2813.0,2737.0,2805.0,485400.0
2024-06-21,23790,2791.0,2855.0,2788.0,2810.0,0,0,937700.0,2642702500.0,1.0,2791.0,2855.0,2788.0,2810.0,937700.0
2024-06-24,23790,2825.0,2834.0,2795.0,2820.0,0,0,247700.0,697315200.0,1.0,2825.0,2834.0,2795.0,2820.0,247700.0
2024-06-25,23790,2820.0,2843.0,2804.0,2830.0,0,0,272100.0,768660200.0,1.0,2820.0,2843.0,2804.0,2830.0,272100.0
2024-06-26,23790,2813.0,2825.0,2771.0,2784.0,0,0,319800.0,891277800.0,1.0,2813.0,2825.0,2771.0,2784.0,319800.0
2024-06-27,23790,2750.0,2787.0,2741.0,2782.0,0,0,371100.0,1029258400.0,1.0,2750.0,2787.0,2741.0,2782.0,371100.0
2024-06-28,23790,2787.0,2792.0,2736.0,2736.0,0,0,250300.0,688639700.0,1.0,2787.0,2792.0,2736.0,2736.0,250300.0
2024-07-01,23790,2740.0,2763.0,2724.0,2737.0,0,0,230700.0,631134700.0,1.0,2740.0,2763.0,2724.0,2737.0,230700.0
2024-07-02,23790,2740.0,2762.0,2735.0,2750.0,0,0,236600.0,650136000.0,1.0,2740.0,2762.0,2735.0,2750.0,236600.0
2024-07-03,23790,2750.0,2797.0,2740.0,2788.0,0,0,249600.0,692746800.0,1.0,2750.0,2797.0,2740.0,2788.0,249600.0
2024-07-04,23790,2798.0,2835.0,2794.0,2825.0,0,0,303000.0,854696200.0,1.0,2798.0,2835.0,2794.0,2825.0,303000.0
2024-07-05,23790,2825.0,2825.0,2743.0,2759.0,0,0,345700.0,955747500.0,1.0,2825.0,2825.0,2743.0,2759.0,345700.0
2024-07-08,23790,2760.0,2775.0,2752.0,2766.0,0,0,247500.0,683937400.0,1.0,2760.0,2775.0,2752.0,2766.0,247500.0
2024-07-09,23790,2765.0,2783.0,2757.0,2760.0,0,0,429900.0,1189891700.0,1.0,2765.0,2783.0,2757.0,2760.0,429900.0
2024-07-10,23790,3010.0,3020.0,2892.0,2981.0,0,0,1715100.0,5064088600.0,1.0,3010.0,3020.0,2892.0,2981.0,1715100.0
2024-07-11,23790,2981.0,3045.0,2951.0,3030.0,0,0,512600.0,1542635100.0,1.0,2981.0,3045.0,2951.0,3030.0,512600.0
2024-07-12,23790,3050.0,3185.0,3050.0,3150.0,0,0,479100.0,1502334500.0,1.0,3050.0,3185.0,3050.0,3150.0,479100.0
2024-07-16,23790,3155.0,3155.0,3020.0,3020.0,0,0,367900.0,1128783500.0,1.0,3155.0,3155.0,3020.0,3020.0,367900.0
2024-07-17,23790,3060.0,3100.0,3030.0,3065.0,0,0,339700.0,1042232000.0,1.0,3060.0,3100.0,3030.0,3065.0,339700.0
2024-07-18,23790,3035.0,3100.0,3030.0,3055.0,0,0,466500.0,1429073500.0,1.0,3035.0,3100.0,3030.0,3055.0,466500.0
2024-07-19,23790,3035.0,3045.0,2992.0,3020.0,0,0,278600.0,841943100.0,1.0,3035.0,3045.0,2992.0,3020.0,278600.0
2024-07-22,23790,3000.0,3010.0,2961.0,2968.0,0,0,348000.0,1037067500.0,1.0,3000.0,3010.0,2961.0,2968.0,348000.0
2024-07-23,23790,2998.0,3035.0,2992.0,3010.0,0,0,273600.0,824758100.0,1.0,2998.0,3035.0,2992.0,3010.0,273600.0
2024-07-24,23790,2983.0,2994.0,2945.0,2983.0,0,0,289800.0,863064600.0,1.0,2983.0,2994.0,2945.0,2983.0,289800.0
2024-07-25,23790,2980.0,3005.0,2931.0,2941.0,0,0,386100.0,1140387700.0,1.0,2980.0,3005.0,2931.0,2941.0,386100.0
2024-07-26,23790,2962.0,2990.0,2945.0,2977.0,0,0,235800.0,700074500.0,1.0,2962.0,2990.0,2945.0,2977.0,235800.0
2024-07-29,23790,2995.0,3030.0,2987.0,3020.0,0,0,179400.0,539926300.0,1.0,2995.0,3030.0,2987.0,3020.0,179400.0
2024-07-30,23790,3020.0,3065.0,3015.0,3055.0,0,0,244600.0,744457000.0,1.0,3020.0,3065.0,3015.0,3055.0,244600.0
2024-07-31,23790,3030.0,3080.0,3015.0,3075.0,0,0,227500.0,694480000.0,1.0,3030.0,3080.0,3015.0,3075.0,227500.0
2024-08-01,23790,3055.0,3070.0,2947.0,2959.0,0,0,381900.0,1139538500.0,1.0,3055.0,3070.0,2947.0,2959.0,381900.0
2024-08-02,23790,2887.0,2909.0,2825.0,2853.0,0,0,388700.0,1115500300.0,1.0,2887.0,2909.0,2825.0,2853.0,388700.0
2024-08-05,23790,2738.0,2740.0,2500.0,2511.0,0,0,426100.0,1123344300.0,1.0,2738.0,2740.0,2500.0,2511.0,426100.0
2024-08-06,23790,2611.0,2798.0,2611.0,2750.0,0,0,475100.0,1303611200.0,1.0,2611.0,2798.0,2611.0,2750.0,475100.0
2024-08-07,23790,2659.0,2768.0,2655.0,2706.0,0,0,320600.0,874000000.0,1.0,2659.0,2768.0,2655.0,2706.0,320600.0
2024-08-08,23790,2681.0,2830.0,2680.0,2772.0,0,0,318900.0,882449400.0,1.0,2681.0,2830.0,2680.0,2772.0,318900.0
2024-08-09,23790,2822.0,2846.0,2782.0,2810.0,0,0,253000.0,712055900.0,1.0,2822.0,2846.0,2782.0,2810.0,253000.0
2024-08-13,23790,2824.0,2850.0,2809.0,2826.0,0,0,249100.0,704277900.0,1.0,2824.0,2850.0,2809.0,2826.0,249100.0
2024-08-14,23790,2861.0,2898.0,2858.0,2878.0,0,0,167200.0,480976500.0,1.0,2861.0,2898.0,2858.0,2878.0,167200.0
2024-08-15,23790,2846.0,2854.0,2802.0,2827.0,0,0,262900.0,742209300.0,1.0,2846.0,2854.0,2802.0,2827.0,262900.0
2024-08-16,23790,2870.0,2884.0,2856.0,2861.0,0,0,149000.0,427443000.0,1.0,2870.0,2884.0,2856.0,2861.0,149000.0
2024-08-19,23790,2866.0,2879.0,2840.0,2855.0,0,0,173700.0,496949400.0,1.0,2866.0,2879.0,2840.0,2855.0,173700.0
2024-08-20,23790,2877.0,2946.0,2877.0,2933.0,0,0,209200.0,610758500.0,1.0,2877.0,2946.0,2877.0,2933.0,209200.0
2024-08-21,23790,2911.0,2947.0,2907.0,2934.0,0,0,151100.0,443383700.0,1.0,2911.0,2947.0,2907.0,2934.0,151100.0
2024-08-22,23790,2920.0,2931.0,2873.0,2893.0,0,0,239400.0,695258900.0,1.0,2920.0,2931.0,2873.0,2893.0,239400.0
2024-08-23,23790,2898.0,2929.0,2881.0,2907.0,0,0,288800.0,838858400.0,1.0,2898.0,2929.0,2881.0,2907.0,288800.0
2024-08-26,23790,2893.0,2984.0,2893.0,2961.0,0,0,515600.0,1510881400.0,1.0,2893.0,2984.0,2893.0,2961.0,515600.0
2024-08-27,23790,2957.0,3010.0,2957.0,2989.0,0,0,352300.0,1050350800.0,1.0,2957.0,3010.0,2957.0,2989.0,352300.0
2024-08-28,23790,2968.0,3010.0,2967.0,3000.0,0,0,526600.0,1569832400.0,1.0,2968.0,3010.0,2967.0,3000.0,526600.0
2024-08-29,23790,2929.0,2939.0,2845.0,2884.0,0,0,510100.0,1471123800.0,1.0,2929.0,2939.0,2845.0,2884.0,510100.0
2024-08-30,23790,2880.0,2901.0,2858.0,2888.0,0,0,391300.0,1127720100.0,1.0,2880.0,2901.0,2858.0,2888.0,391300.0
2024-09-02,23790,2900.0,2900.0,2819.0,2834.0,0,0,195000.0,553938800.0,1.0,2900.0,2900.0,2819.0,2834.0,195000.0
2024-09-03,23790,2835.0,2901.0,2835.0,2901.0,0,0,125000.0,360082000.0,1.0,2835.0,2901.0,2835.0,2901.0,125000.0
2024-09-04,23790,2851.0,2926.0,2851.0,2880.0,0,0,266800.0,772131700.0,1.0,2851.0,2926.0,2851.0,2880.0,266800.0
2024-09-05,23790,2830.0,2893.0,2821.0,2880.0,0,0,274300.0,787524000.0,1.0,2830.0,2893.0,2821.0,2880.0,274300.0
2024-09-06,23790,2878.0,2883.0,2823.0,2844.0,0,0,123900.0,352970000.0,1.0,2878.0,2883.0,2823.0,2844.0,123900.0
2024-09-09,23790,2762.0,2859.0,2752.0,2858.0,0,0,197700.0,557053900.0,1.0,2762.0,2859.0,2752.0,2858.0,197700.0
2024-09-10,23790,2858.0,2876.0,2820.0,2845.0,0,0,171200.0,488691900.0,1.0,2858.0,2876.0,2820.0,2845.0,171200.0
2024-09-11,23790,2845.0,2850.0,2750.0,2776.0,0,0,198200.0,554278900.0,1.0,2845.0,2850.0,2750.0,2776.0,198200.0
2024-09-12,23790,2825.0,2865.0,2791.0,2820.0,0,0,150800.0,426185200.0,1.0,2825.0,2865.0,2791.0,2820.0,150800.0
2024-09-13,23790,2805.0,2806.0,2748.0,2758.0,0,0,194100.0,537348200.0,1.0,2805.0,2806.0,2748.0,2758.0,194100.0
2024-09-17,23790,2777.0,2779.0,2726.0,2762.0,0,0,192200.0,528579900.0,1.0,2777.0,2779.0,2726.0,2762.0,192200.0
2024-09-18,23790,2803.0,2834.0,2761.0,2787.0,0,0,203600.0,568170100.0,1.0,2803.0,2834.0,2761.0,2787.0,203600.0
2024-09-19,23790,2810.0,2830.0,2791.0,2810.0,0,0,130700.0,368049300.0,1.0,2810.0,2830.0,2791.0,2810.0,130700.0
2024-09-20,23790,2845.0,2850.0,2807.0,2816.0,0,0,208000.0,586394700.0,1.0,2845.0,2850.0,2807.0,2816.0,208000.0
2024-09-24,23790,2840.0,2842.0,2816.0,2823.0,0,0,148900.0,421104100.0,1.0,2840.0,2842.0,2816.0,2823.0,148900.0
2024-09-25,23790,2811.0,2851.0,2788.0,2849.0,0,0,200600.0,568707100.0,1.0,2811.0,2851.0,2788.0,2849.0,200600.0
2024-09-26,23790,2869.0,2931.0,2852.0,2931.0,0,0,266300.0,773776200.0,1.0,2869.0,2931.0,2852.0,2931.0,266300.0
2024-09-27,23790,2949.0,2959.0,2913.0,2928.0,0,0,181800.0,532766900.0,1.0,2949.0,2959.0,2913.0,2928.0,181800.0
2024-09-30,23790,2848.0,2893.0,2829.0,2840.0,0,0,163700.0,466992500.0,1.0,2848.0,2893.0,2829.0,2840.0,163700.0
2024-10-01,23790,2858.0,2985.0,2834.0,2964.0,0,0,436000.0,1281570300.0,1.0,2858.0,2985.0,2834.0,2964.0,436000.0
2024-10-02,23790,2953.0,2985.0,2919.0,2924.0,0,0,374600.0,1101184200.0,1.0,2953.0,2985.0,2919.0,2924.0,374600.0
2024-10-03,23790,2998.0,2998.0,2928.0,2935.0,0,0,231400.0,682627400.0,1.0,2998.0,2998.0,2928.0,2935.0,231400.0
2024-10-04,23790,2909.0,2949.0,2909.0,2916.0,0,0,144000.0,420969500.0,1.0,2909.0,2949.0,2909.0,2916.0,144000.0
2024-10-07,23790,2966.0,2970.0,2912.0,2912.0,0,0,158300.0,464296800.0,1.0,2966.0,2970.0,2912.0,2912.0,158300.0
2024-10-08,23790,2884.0,2915.0,2873.0,2878.0,0,0,166200.0,479956200.0,1.0,2884.0,2915.0,2873.0,2878.0,166200.0
2024-10-09,23790,2915.0,2937.0,2885.0,2908.0,0,0,149800.0,437106800.0,1.0,2915.0,2937.0,2885.0,2908.0,149800.0
2024-10-10,23790,2908.0,2924.0,2855.0,2872.0,0,0,155900.0,448323200.0,1.0,2908.0,2924.0,2855.0,2872.0,155900.0
2024-10-11,23790,2868.0,2878.0,2846.0,2857.0,0,0,261900.0,750571700.0,1.0,2868.0,2878.0,2846.0,2857.0,261900.0
2024-10-15,23790,2907.0,2972.0,2888.0,2965.0,0,0,709700.0,2088385000.0,1.0,2907.0,2972.0,2888.0,2965.0,709700.0
2024-10-16,23790,2757.0,2763.0,2661.0,2721.0,0,0,1695900.0,4575086400.0,1.0,2757.0,2763.0,2661.0,2721.0,1695900.0
2024-10-17,23790,2725.0,2747.0,2656.0,2668.0,0,0,723500.0,1939984300.0,1.0,2725.0,2747.0,2656.0,2668.0,723500.0
2024-10-18,23790,2660.0,2673.0,2608.0,2628.0,0,0,505200.0,1327346300.0,1.0,2660.0,2673.0,2608.0,2628.0,505200.0
2024-10-21,23790,2628.0,2652.0,2592.0,2594.0,0,0,342400.0,895393500.0,1.0,2628.0,2652.0,2592.0,2594.0,342400.0
2024-10-22,23790,2550.0,2592.0,2533.0,2584.0,0,0,449400.0,1154932400.0,1.0,2550.0,2592.0,2533.0,2584.0,449400.0
2024-10-23,23790,2584.0,2590.0,2536.0,2547.0,0,0,305700.0,779335000.0,1.0,2584.0,2590.0,2536.0,2547.0,305700.0
2024-10-24,23790,2510.0,2573.0,2506.0,2572.0,0,0,429900.0,1096905700.0,1.0,2510.0,2573.0,2506.0,2572.0,429900.0
2024-10-25,23790,2572.0,2572.0,2544.0,2566.0,0,0,230700.0,590758800.0,1.0,2572.0,2572.0,2544.0,2566.0,230700.0
2024-10-28,23790,2590.0,2667.0,2571.0,2667.0,0,0,453600.0,1198211600.0,1.0,2590.0,2667.0,2571.0,2667.0,453600.0
2024-10-29,23790,2664.0,2700.0,2643.0,2700.0,0,0,383400.0,1028529200.0,1.0,2664.0,2700.0,2643.0,2700.0,383400.0
2024-10-30,23790,2701.0,2712.0,2656.0,2678.0,0,0,891700.0,2389308200.0,1.0,2701.0,2712.0,2656.0,2678.0,891700.0
2024-10-31,23790,2678.0,2713.0,2665.0,2700.0,0,0,318400.0,856827600.0,1.0,2678.0,2713.0,2665.0,2700.0,318400.0
2024-11-01,23790,2689.0,2702.0,2621.0,2639.0,0,0,271200.0,721365400.0,1.0,2689.0,2702.0,2621.0,2639.0,271200.0
2024-11-05,23790,2635.0,2658.0,2620.0,2634.0,0,0,265700.0,700600900.0,1.0,2635.0,2658.0,2620.0,2634.0,265700.0
2024-11-06,23790,2650.0,2683.0,2643.0,2683.0,0,0,218500.0,581995200.0,1.0,2650.0,2683.0,2643.0,2683.0,218500.0
2024-11-07,23790,2709.0,2768.0,2695.0,2713.0,0,0,488700.0,1336250300.0,1.0,2709.0,2768.0,2695.0,2713.0,488700.0
2024-11-08,23790,2724.0,2724.0,2616.0,2616.0,0,0,347300.0,919597200.0,1.0,2724.0,2724.0,2616.0,2616.0,347300.0
2024-11-11,23790,2610.0,2647.0,2607.0,2635.0,0,0,219300.0,576028700.0,1.0,2610.0,2647.0,2607.0,2635.0,219300.0
2024-11-12,23790,2643.0,2652.0,2620.0,2633.0,0,0,189700.0,499411000.0,1.0,2643.0,2652.0,2620.0,2633.0,189700.0
2024-11-13,23790,2614.0,2646.0,2597.0,2611.0,0,0,248000.0,650106000.0,1.0,2614.0,2646.0,2597.0,2611.0,248000.0
2024-11-14,23790,2611.0,2629.0,2570.0,2578.0,0,0,196800.0,509745300.0,1.0,2611.0,2629.0,2570.0,2578.0,196800.0
2024-11-15,23790,2570.0,2584.0,2545.0,2545.0,0,0,272600.0,696469600.0,1.0,2570.0,2584.0,2545.0,2545.0,272600.0
2024-11-18,23790,2525.0,2554.0,2508.0,2517.0,0,0,194900.0,491438900.0,1.0,2525.0,2554.0,2508.0,2517.0,194900.0
2024-11-19,23790,2535.0,2560.0,2530.0,2531.0,0,0,182800.0,464754600.0,1.0,2535.0,2560.0,2530.0,2531.0,182800.0
2024-11-20,23790,2541.0,2577.0,2541.0,2556.0,0,0,178400.0,456264000.0,1.0,2541.0,2577.0,2541.0,2556.0,178400.0
2024-11-21,23790,2587.0,2607.0,2567.0,2585.0,0,0,206800.0,534672100.0,1.0,2587.0,2607.0,2567.0,2585.0,206800.0
2024-11-22,23790,2595.0,2614.0,2585.0,2594.0,0,0,132900.0,345395200.0,1.0,2595.0,2614.0,2585.0,2594.0,132900.0
2024-11-25,23790,2601.0,2602.0,2553.0,2553.0,0,0,224200.0,575339500.0,1.0,2601.0,2602.0,2553.0,2553.0,224200.0
2024-11-26,23790,2553.0,2578.0,2528.0,2546.0,0,0,155400.0,395467800.0,1.0,2553.0,2578.0,2528.0,2546.0,155400.0
2024-11-27,23790,2528.0,2530.0,2511.0,2529.0,0,0,180500.0,455103200.0,1.0,2528.0,2530.0,2511.0,2529.0,180500.0
2024-11-28,23790,2511.0,2536.0,2505.0,2527.0,0,0,132900.0,334973400.0,1.0,2511.0,2536.0,2505.0,2527.0,132900.0
2024-11-29,23790,2523.0,2533.0,2514.0,2519.0,0,0,133400.0,336358500.0,1.0,2523.0,2533.0,2514.0,2519.0,133400.0
2024-12-02,23790,2519.0,2539.0,2494.0,2528.0,0,0,221200.0,556666700.0,1.0,2519.0,2539.0,2494.0,2528.0,221200.0
2024-12-03,23790,2539.0,2583.0,2539.0,2564.0,0,0,181300.0,464971600.0,1.0,2539.0,2583.0,2539.0,2564.0,181300.0
2024-12-04,23790,2565.0,2570.0,2540.0,2555.0,0,0,131000.0,334839500.0,1.0,2565.0,2570.0,2540.0,2555.0,131000.0
2024-12-05,23790,2553.0,2562.0,2545.0,2546.0,0,0,163300.0,416667300.0,1.0,2553.0,2562.0,2545.0,2546.0,163300.0
2024-12-06,23790,2551.0,2553.0,2512.0,2535.0,0,0,260900.0,660331900.0,1.0,2551.0,2553.0,2512.0,2535.0,260900.0
2024-12-09,23790,2534.0,2545.0,2525.0,2533.0,0,0,207500.0,525644400.0,1.0,2534.0,2545.0,2525.0,2533.0,207500.0
2024-12-10,23790,2541.0,2541.0,2513.0,2517.0,0,0,177400.0,447198300.0,1.0,2541.0,2541.0,2513.0,2517.0,177400.0
2024-12-11,23790,2530.0,2530.0,2495.0,2516.0,0,0,224300.0,562494900.0,1.0,2530.0,2530.0,2495.0,2516.0,224300.0
2024-12-12,23790,2530.0,2530.0,2503.0,2520.0,0,0,234200.0,590022800.0,1.0,2530.0,2530.0,2503.0,2520.0,234200.0
2024-12-13,23790,2499.0,2514.0,2482.0,2482.0,0,0,324100.0,808997300.0,1.0,2499.0,2514.0,2482.0,2482.0,324100.0
2024-12-16,23790,2488.0,2497.0,2464.0,2470.0,0,0,288200.0,714021500.0,1.0,2488.0,2497.0,2464.0,2470.0,288200.0
2024-12-17,23790,2458.0,2466.0,2410.0,2464.0,0,0,456500.0,1115873700.0,1.0,2458.0,2466.0,2410.0,2464.0,456500.0
2024-12-18,23790,2483.0,2489.0,2453.0,2462.0,0,0,238100.0,588621400.0,1.0,2483.0,2489.0,2453.0,2462.0,238100.0
2024-12-19,23790,2430.0,2449.0,2424.0,2436.0,0,0,250500.0,609922900.0,1.0,2430.0,2449.0,2424.0,2436.0,250500.0
2024-12-20,23790,2436.0,2443.0,2411.0,2414.0,0,0,269700.0,652928400.0,1.0,2436.0,2443.0,2411.0,2414.0,269700.0
2024-12-23,23790,2420.0,2440.0,2419.0,2428.0,0,0,197500.0,479484900.0,1.0,2420.0,2440.0,2419.0,2428.0,197500.0
2024-12-24,23790,2450.0,2461.0,2438.0,2447.0,0,0,309900.0,759341300.0,1.0,2450.0,2461.0,2438.0,2447.0,309900.0
2024-12-25,23790,2465.0,2469.0,2414.0,2432.0,0,0,202000.0,491604700.0,1.0,2465.0,2469.0,2414.0,2432.0,202000.0
2024-12-26,23790,2433.0,2457.0,2431.0,2457.0,0,0,190900.0,466930600.0,1.0,2433.0,2457.0,2431.0,2457.0,190900.0
2024-12-27,23790,2470.0,2494.0,2470.0,2493.0,0,0,233700.0,580768000.0,1.0,2470.0,2494.0,2470.0,2493.0,233700.0
2024-12-30,23790,2500.0,2510.0,2486.0,2504.0,0,0,191400.0,478331700.0,1.0,2500.0,2510.0,2486.0,2504.0,191400.0
2025-01-06,23790,2514.0,2527.0,2474.0,2476.0,0,0,304800.0,759000200.0,1.0,2514.0,2527.0,2474.0,2476.0,304800.0
2025-01-07,23790,2482.0,2485.0,2467.0,2478.0,0,0,245500.0,607839400.0,1.0,2482.0,2485.0,2467.0,2478.0,245500.0
2025-01-08,23790,2471.0,2477.0,2452.0,2475.0,0,0,239200.0,590102000.0,1.0,2471.0,2477.0,2452.0,2475.0,239200.0
2025-01-09,23790,2485.0,2509.0,2485.0,2500.0,0,0,265900.0,663514900.0,1.0,2485.0,2509.0,2485.0,2500.0,265900.0
2025-01-10,23790,2495.0,2521.0,2487.0,2494.0,0,0,277700.0,694675000.0,1.0,2495.0,2521.0,2487.0,2494.0,277700.0
2025-01-14,23790,2500.0,2512.0,2476.0,2498.0,0,0,446700.0,1113816600.0,1.0,2500.0,2512.0,2476.0,2498.0,446700.0
2025-01-15,23790,2388.0,2388.0,2282.0,2295.0,0,0,1652700.0,3825300000.0,1.0,2388.0,2388.0,2282.0,2295.0,1652700.0
2025-01-16,23790,2323.0,2338.0,2269.0,2274.0,0,0,784400.0,1795635800.0,1.0,2323.0,2338.0,2269.0,2274.0,784400.0
2025-01-17,23790,2289.0,2322.0,2283.0,2316.0,0,0,415900.0,959117900.0,1.0,2289.0,2322.0,2283.0,2316.0,415900.0
2025-01-20,23790,2321.0,2335.0,2303.0,2322.0,0,0,413700.0,959290600.0,1.0,2321.0,2335.0,2303.0,2322.0,413700.0
2025-01-21,23790,2335.0,2336.0,2304.0,2333.0,0,0,292900.0,679370500.0,1.0,2335.0,2336.0,2304.0,2333.0,292900.0
2025-01-22,23790,2340.0,2340.0,2309.0,2325.0,0,0,302100.0,701262100.0,1.0,2340.0,2340.0,2309.0,2325.0,302100.0
2025-01-23,23790,2325.0,2337.0,2298.0,2309.0,0,0,360200.0,832010100.0,1.0,2325.0,2337.0,2298.0,2309.0,360200.0
2025-01-24,23790,2320.0,2350.0,2313.0,2331.0,0,0,322600.0,753474300.0,1.0,2320.0,2350.0,2313.0,2331.0,322600.0
2025-01-27,23790,2358.0,2393.0,2350.0,2388.0,0,0,368100.0,875920600.0,1.0,2358.0,2393.0,2350.0,2388.0,368100.0
2025-01-28,23790,2379.0,2389.0,2352.0,2365.0,0,0,319300.0,756114800.0,1.0,2379.0,2389.0,2352.0,2365.0,319300.0
2025-01-29,23790,2365.0,2365.0,2335.0,2342.0,0,0,322600.0,757106700.0,1.0,2365.0,2365.0,2335.0,2342.0,322600.0
2025-01-30,23790,2330.0,2370.0,2329.0,2368.0,0,0,375300.0,881382900.0,1.0,2330.0,2370.0,2329.0,2368.0,375300.0
2025-01-31,23790,2344.0,2346.0,2317.0,2321.0,0,0,416000.0,967260100.0,1.0,2344.0,2346.0,2317.0,2321.0,416000.0
2025-02-03,23790,2310.0,2312.0,2238.0,2238.0,0,0,743400.0,1685815400.0,1.0,2310.0,2312.0,2238.0,2238.0,743400.0
2025-02-04,23790,2248.0,2255.0,2214.0,2216.0,0,0,527000.0,1175082400.0,1.0,2248.0,2255.0,2214.0,2216.0,527000.0
2025-02-05,23790,2235.0,2245.0,2222.0,2240.0,0,0,346200.0,773689100.0,1.0,2235.0,2245.0,2222.0,2240.0,346200.0
2025-02-06,23790,2218.0,2240.0,2213.0,2240.0,0,0,328100.0,731493700.0,1.0,2218.0,2240.0,2213.0,2240.0,328100.0
2025-02-07,23790,2234.0,2234.0,2205.0,2211.0,0,0,506100.0,1119918200.0,1.0,2234.0,2234.0,2205.0,2211.0,506100.0
2025-02-10,23790,2217.0,2238.0,2212.0,2235.0,0,0,314900.0,701679000.0,1.0,2217.0,2238.0,2212.0,2235.0,314900.0
2025-02-12,23790,2240.0,2250.0,2234.0,2250.0,0,0,443200.0,994313300.0,1.0,2240.0,2250.0,2234.0,2250.0,443200.0
2025-02-13,23790,2241.0,2275.0,2228.0,2275.0,0,0,366400.0,827514800.0,1.0,2241.0,2275.0,2228.0,2275.0,366400.0
2025-02-14,23790,2265.0,2267.0,2243.0,2243.0,0,0,298300.0,671498600.0,1.0,2265.0,2267.0,2243.0,2243.0,298300.0
2025-02-17,23790,2251.0,2260.0,2232.0,2232.0,0,0,299000.0,671533300.0,1.0,2251.0,2260.0,2232.0,2232.0,299000.0
2025-02-18,23790,2239.0,2256.0,2235.0,2242.0,0,0,245300.0,551469600.0,1.0,2239.0,2256.0,2235.0,2242.0,245300.0
2025-02-19,23790,2240.0,2246.0,2235.0,2239.0,0,0,222800.0,499106900.0,1.0,2240.0,2246.0,2235.0,2239.0,222800.0
2025-02-20,23790,2236.0,2238.0,2207.0,2207.0,0,0,450300.0,999427100.0,1.0,2236.0,2238.0,2207.0,2207.0,450300.0
2025-02-21,23790,2196.0,2211.0,2188.0,2205.0,0,0,463400.0,1018221200.0,1.0,2196.0,2211.0,2188.0,2205.0,463400.0
2025-02-25,23790,2189.0,2218.0,2187.0,2207.0,0,0,583400.0,1284583100.0,1.0,2189.0,2218.0,2187.0,2207.0,583400.0
2025-02-26,23790,2203.0,2232.0,2195.0,2224.0,0,0,1101100.0,2432925300.0,1.0,2203.0,2232.0,2195.0,2224.0,1101100.0
2025-02-27,23790,2175.0,2197.0,2171.0,2189.0,0,0,465000.0,1015457800.0,1.0,2175.0,2197.0,2171.0,2189.0,465000.0
2025-02-28,23790,2181.0,2194.0,2135.0,2135.0,0,0,598500.0,1283701900.0,1.0,2181.0,2194.0,2135.0,2135.0,598500.0
2025-03-03,23790,2135.0,2168.0,2122.0,2167.0,0,0,404800.0,870500100.0,1.0,2135.0,2168.0,2122.0,2167.0,404800.0
2025-03-04,23790,2167.0,2172.0,2136.0,2164.0,0,0,273700.0,591557200.0,1.0,2167.0,2172.0,2136.0,2164.0,273700.0
2025-03-05,23790,2160.0,2168.0,2136.0,2155.0,0,0,259800.0,559608000.0,1.0,2160.0,2168.0,2136.0,2155.0,259800.0
2025-03-06,23790,2180.0,2197.0,2170.0,2179.0,0,0,276400.0,603068300.0,1.0,2180.0,2197.0,2170.0,2179.0,276400.0
2025-03-07,23790,2181.0,2226.0,2177.0,2201.0,0,0,478200.0,1055892400.0,1.0,2181.0,2226.0,2177.0,2201.0,478200.0
2025-03-10,23790,2218.0,2253.0,2200.0,2245.0,0,0,448100.0,1001458000.0,1.0,2218.0,2253.0,2200.0,2245.0,448100.0
2025-03-11,23790,2245.0,2257.0,2221.0,2245.0,0,0,395100.0,886691100.0,1.0,2245.0,2257.0,2221.0,2245.0,395100.0
2025-03-12,23790,2250.0,2261.0,2208.0,2219.0,0,0,363900.0,810236900.0,1.0,2250.0,2261.0,2208.0,2219.0,363900.0
2025-03-13,23790,2200.0,2220.0,2192.0,2195.0,0,0,306800.0,675162900.0,1.0,2200.0,2220.0,2192.0,2195.0,306800.0
2025-03-14,23790,2200.0,2227.0,2200.0,2222.0,0,0,304200.0,673610000.0,1.0,2200.0,2227.0,2200.0,2222.0,304200.0
2025-03-17,23790,2223.0,2239.0,2211.0,2220.0,0,0,255500.0,567440700.0,1.0,2223.0,2239.0,2211.0,2220.0,255500.0
2025-03-18,23790,2233.0,2239.0,2226.0,2232.0,0,0,203600.0,454607500.0,1.0,2233.0,2239.0,2226.0,2232.0,203600.0
2025-03-19,23790,2240.0,2270.0,2240.0,2270.0,0,0,290700.0,656521600.0,1.0,2240.0,2270.0,2240.0,2270.0,290700.0
2025-03-21,23790,2267.0,2274.0,2250.0,2265.0,0,0,281000.0,636038600.0,1.0,2267.0,2274.0,2250.0,2265.0,281000.0
2025-03-24,23790,2272.0,2284.0,2258.0,2265.0,0,0,229200.0,520271200.0,1.0,2272.0,2284.0,2258.0,2265.0,229200.0
2025-03-25,23790,2274.0,2283.0,2263.0,2263.0,0,0,180100.0,408879400.0,1.0,2274.0,2283.0,2263.0,2263.0,180100.0
2025-03-26,23790,2282.0,2299.0,2279.0,2290.0,0,0,371500.0,850754000.0,1.0,2282.0,2299.0,2279.0,2290.0,371500.0
2025-03-27,23790,2292.0,2294.0,2264.0,2282.0,0,0,222800.0,507732100.0,1.0,2292.0,2294.0,2264.0,2282.0,222800.0
2025-03-28,23790,2297.0,2310.0,2282.0,2299.0,0,0,252600.0,581282300.0,1.0,2297.0,2310.0,2282.0,2299.0,252600.0
2025-03-31,23790,2275.0,2276.0,2228.0,2234.0,0,0,323000.0,723472200.0,1.0,2275.0,2276.0,2228.0,2234.0,323000.0
2025-04-01,23790,2253.0,2259.0,2227.0,2227.0,0,0,186300.0,416644600.0,1.0,2253.0,2259.0,2227.0,2227.0,186300.0
2025-04-02,23790,2246.0,2260.0,2200.0,2204.0,0,0,255100.0,566890100.0,1.0,2246.0,2260.0,2200.0,2204.0,255100.0
2025-04-03,23790,2134.0,2173.0,2125.0,2155.0,0,0,301500.0,648034300.0,1.0,2134.0,2173.0,2125.0,2155.0,301500.0
2025-04-04,23790,2138.0,2144.0,2072.0,2102.0,0,0,452500.0,952097000.0,1.0,2138.0,2144.0,2072.0,2102.0,452500.0
2025-04-07,23790,1952.0,2010.0,1943.0,1965.0,0,0,548900.0,1083427700.0,1.0,1952.0,2010.0,1943.0,1965.0,548900.0
2025-04-08,23790,2023.0,2071.0,2016.0,2045.0,0,0,338200.0,692315100.0,1.0,2023.0,2071.0,2016.0,2045.0,338200.0
2025-04-09,23790,2032.0,2043.0,1992.0,2023.0,0,0,274200.0,552236000.0,1.0,2032.0,2043.0,1992.0,2023.0,274200.0
2025-04-10,23790,2138.0,2138.0,2096.0,2123.0,0,0,281100.0,595278500.0,1.0,2138.0,2138.0,2096.0,2123.0,281100.0
2025-04-11,23790,2080.0,2112.0,2048.0,2103.0,0,0,298500.0,623066000.0,1.0,2080.0,2112.0,2048.0,2103.0,298500.0
2025-04-14,23790,2149.0,2172.0,2136.0,2136.0,0,0,420300.0,904535100.0,1.0,2149.0,2172.0,2136.0,2136.0,420300.0
2025-04-15,23790,2050.0,2132.0,2036.0,2050.0,0,0,1315400.0,2728478000.0,1.0,2050.0,2132.0,2036.0,2050.0,1315400.0
2025-04-16,23790,2050.0,2073.0,2009.0,2030.0,0,0,498200.0,1014844000.0,1.0,2050.0,2073.0,2009.0,2030.0,498200.0
2025-04-17,23790,2030.0,2037.0,1994.0,2022.0,0,0,498500.0,1003113200.0,1.0,2030.0,2037.0,1994.0,2022.0,498500.0
2025-04-18,23790,2040.0,2042.0,2015.0,2025.0,0,0,282900.0,572797600.0,1.0,2040.0,2042.0,2015.0,2025.0,282900.0
2025-04-21,23790,2010.0,2017.0,1983.0,1983.0,0,0,470200.0,939076800.0,1.0,2010.0,2017.0,1983.0,1983.0,470200.0
2025-04-22,23790,1968.0,1983.0,1962.0,1975.0,0,0,408100.0,804799100.0,1.0,1968.0,1983.0,1962.0,1975.0,408100.0
2025-04-23,23790,2007.0,2023.0,1984.0,2021.0,0,0,384200.0,771340300.0,1.0,2007.0,2023.0,1984.0,2021.0,384200.0
2025-04-24,23790,2039.0,2059.0,2025.0,2028.0,0,0,227100.0,462213400.0,1.0,2039.0,2059.0,2025.0,2028.0,227100.0
2025-04-25,23790,2033.0,2052.0,2023.0,2034.0,0,0,263600.0,536825100.0,1.0,2033.0,2052.0,2023.0,2034.0,263600.0
2025-04-28,23790,2050.0,2065.0,2038.0,2060.0,0,0,245300.0,504142800.0,1.0,2050.0,2065.0,2038.0,2060.0,245300.0
2025-04-30,23790,2055.0,2071.0,2036.0,2071.0,0,0,349000.0,718093900.0,1.0,2055.0,2071.0,2036.0,2071.0,349000.0
2025-05-01,23790,2095.0,2124.0,2086.0,2108.0,0,0,345400.0,727434600.0,1.0,2095.0,2124.0,2086.0,2108.0,345400.0
2025-05-02,23790,2080.0,2124.0,2076.0,2119.0,0,0,285400.0,601047600.0,1.0,2080.0,2124.0,2076.0,2119.0,285400.0
2025-05-07,23790,2109.0,2116.0,2086.0,2086.0,0,0,507500.0,1064303800.0,1.0,2109.0,2116.0,2086.0,2086.0,507500.0
2025-05-08,23790,2082.0,2090.0,2064.0,2090.0,0,0,338300.0,703512900.0,1.0,2082.0,2090.0,2064.0,2090.0,338300.0
2025-05-09,23790,2100.0,2146.0,2091.0,2140.0,0,0,281900.0,599704500.0,1.0,2100.0,2146.0,2091.0,2140.0,281900.0
2025-05-12,23790,2139.0,2161.0,2126.0,2160.0,0,0,187300.0,402130700.0,1.0,2139.0,2161.0,2126.0,2160.0,187300.0
2025-05-13,23790,2170.0,2243.0,2168.0,2210.0,0,0,383900.0,850685600.0,1.0,2170.0,2243.0,2168.0,2210.0,383900.0
2025-05-14,23790,2244.0,2282.0,2231.0,2264.0,0,0,433200.0,978598200.0,1.0,2244.0,2282.0,2231.0,2264.0,433200.0
2025-05-15,23790,2245.0,2276.0,2238.0,2275.0,0,0,298300.0,674671700.0,1.0,2245.0,2276.0,2238.0,2275.0,298300.0
2025-05-16,23790,2286.0,2289.0,2250.0,2278.0,0,0,248300.0,564538500.0,1.0,2286.0,2289.0,2250.0,2278.0,248300.0
2025-05-19,23790,2284.0,2297.0,2240.0,2240.0,0,0,319300.0,720299200.0,1.0,2284.0,2297.0,2240.0,2240.0,319300.0
2025-05-20,23790,2223.0,2234.0,2206.0,2209.0,0,0,209100.0,463505500.0,1.0,2223.0,2234.0,2206.0,2209.0,209100.0
2025-05-21,23790,2220.0,2228.0,2198.0,2207.0,0,0,251500.0,555342500.0,1.0,2220.0,2228.0,2198.0,2207.0,251500.0
2025-05-22,23790,2222.0,2252.0,2212.0,2212.0,0,0,257500.0,573378200.0,1.0,2222.0,2252.0,2212.0,2212.0,257500.0
2025-05-23,23790,2207.0,2249.0,2204.0,2240.0,0,0,242000.0,540599600.0,1.0,2207.0,2249.0,2204.0,2240.0,242000.0
2025-05-26,23790,2270.0,2282.0,2256.0,2275.0,0,0,251400.0,570779300.0,1.0,2270.0,2282.0,2256.0,2275.0,251400.0
2025-05-27,23790,2285.0,2310.0,2281.0,2301.0,0,0,275200.0,632691700.0,1.0,2285.0,2310.0,2281.0,2301.0,275200.0
2025-05-28,23790,2345.0,2357.0,2302.0,2302.0,0,0,458400.0,1064054000.0,1.0,2345.0,2357.0,2302.0,2302.0,458400.0
2025-05-29,23790,2302.0,2306.0,2262.0,2262.0,0,0,266100.0,605509500.0,1.0,2302.0,2306.0,2262.0,2262.0,266100.0
2025-05-30,23790,2241.0,2257.0,2229.0,2241.0,0,0,289400.0,648682400.0,1.0,2241.0,2257.0,2229.0,2241.0,289400.0
2025-06-02,23790,2245.0,2261.0,2232.0,2249.0,0,0,170800.0,383898900.0,1.0,2245.0,2261.0,2232.0,2249.0,170800.0
2025-06-03,23790,2230.0,2241.0,2212.0,2215.0,0,0,220400.0,489511800.0,1.0,2230.0,2241.0,2212.0,2215.0,220400.0
2025-06-04,23790,2205.0,2225.0,2180.0,2185.0,0,0,277000.0,606668600.0,1.0,2205.0,2225.0,2180.0,2185.0,277000.0
2025-06-05,23790,2175.0,2184.0,2153.0,2160.0,0,0,189800.0,410608300.0,1.0,2175.0,2184.0,2153.0,2160.0,189800.0
2025-06-06,23790,2166.0,2166.0,2134.0,2140.0,0,0,269200.0,577335500.0,1.0,2166.0,2166.0,2134.0,2140.0,269200.0
2025-06-09,23790,2154.0,2165.0,2146.0,2156.0,0,0,158400.0,341566600.0,1.0,2154.0,2165.0,2146.0,2156.0,158400.0
2025-06-10,23790,2169.0,2188.0,2166.0,2168.0,0,0,151600.0,329895200.0,1.0,2169.0,2188.0,2166.0,2168.0,151600.0
2025-06-11,23790,2166.0,2195.0,2165.0,2188.0,0,0,188700.0,412663100.0,1.0,2166.0,2195.0,2165.0,2188.0,188700.0
2025-06-12,23790,2171.0,2192.0,2158.0,2170.0,0,0,147900.0,320880100.0,1.0,2171.0,2192.0,2158.0,2170.0,147900.0
2025-06-13,23790,2185.0,2185.0,2141.0,2141.0,0,0,158600.0,341807200.0,1.0,2185.0,2185.0,2141.0,2141.0,158600.0
2025-06-16,23790,2156.0,2166.0,2146.0,2150.0,0,0,139800.0,301149100.0,1.0,2156.0,2166.0,2146.0,2150.0,139800.0
2025-06-17,23790,2160.0,2180.0,2156.0,2169.0,0,0,155800.0,337739000.0,1.0,2160.0,2180.0,2156.0,2169.0,155800.0
2025-06-18,23790,2183.0,2192.0,2171.0,2185.0,0,0,133900.0,292366600.0,1.0,2183.0,2192.0,2171.0,2185.0,133900.0
2025-06-19,23790,2181.0,2191.0,2148.0,2159.0,0,0,126300.0,272906700.0,1.0,2181.0,2191.0,2148.0,2159.0,126300.0
2025-06-20,23790,2148.0,2151.0,2140.0,2141.0,0,0,183200.0,392732300.0,1.0,2148.0,2151.0,2140.0,2141.0,183200.0
2025-06-23,23790,2130.0,2144.0,2114.0,2140.0,0,0,149700.0,318923200.0,1.0,2130.0,2144.0,2114.0,2140.0,149700.0
2025-06-24,23790,2171.0,2232.0,2167.0,2227.0,0,0,370000.0,814745500.0,1.0,2171.0,2232.0,2167.0,2227.0,370000.0
2025-06-25,23790,2249.0,2284.0,2226.0,2278.0,0,0,402800.0,910648800.0,1.0,2249.0,2284.0,2226.0,2278.0,402800.0
2025-06-26,23790,2278.0,2312.0,2261.0,2262.0,0,0,328200.0,748676300.0,1.0,2278.0,2312.0,2261.0,2262.0,328200.0
2025-06-27,23790,2299.0,2309.0,2270.0,2275.0,0,0,206500.0,472028900.0,1.0,2299.0,2309.0,2270.0,2275.0,206500.0
2025-06-30,23790,2285.0,2298.0,2277.0,2280.0,0,0,266700.0,609887500.0,1.0,2285.0,2298.0,2277.0,2280.0,266700.0
2025-07-01,23790,2299.0,2299.0,2272.0,2273.0,0,0,229800.0,524520200.0,1.0,2299.0,2299.0,2272.0,2273.0,229800.0
2025-07-02,23790,2279.0,2299.0,2273.0,2280.0,0,0,200800.0,458658700.0,1.0,2279.0,2299.0,2273.0,2280.0,200800.0
2025-07-03,23790,2278.0,2296.0,2276.0,2286.0,0,0,124900.0,285770500.0,1.0,2278.0,2296.0,2276.0,2286.0,124900.0
2025-07-04,23790,2286.0,2290.0,2257.0,2262.0,0,0,186500.0,422590200.0,1.0,2286.0,2290.0,2257.0,2262.0,186500.0
2025-07-07,23790,2260.0,2295.0,2260.0,2281.0,0,0,165900.0,377882200.0,1.0,2260.0,2295.0,2260.0,2281.0,165900.0
2025-07-08,23790,2276.0,2288.0,2266.0,2287.0,0,0,205200.0,468133400.0,1.0,2276.0,2288.0,2266.0,2287.0,205200.0
2025-07-09,23790,2293.0,2305.0,2277.0,2294.0,0,0,256900.0,588976600.0,1.0,2293.0,2305.0,2277.0,2294.0,256900.0
2025-07-10,23790,2300.0,2300.0,2276.0,2299.0,0,0,290800.0,666941200.0,1.0,2300.0,2300.0,2276.0,2299.0,290800.0
2025-07-11,23790,2300.0,2324.0,2291.0,2301.0,0,0,368200.0,849716700.0,1.0,2300.0,2324.0,2291.0,2301.0,368200.0
2025-07-14,23790,2288.0,2345.0,2288.0,2335.0,0,0,389800.0,907334900.0,1.0,2288.0,2345.0,2288.0,2335.0,389800.0
2025-07-15,23790,2340.0,2356.0,2312.0,2328.0,0,0,470700.0,1097796400.0,1.0,2340.0,2356.0,2312.0,2328.0,470700.0
2025-07-16,23790,2392.0,2394.0,2287.0,2372.0,0,0,825700.0,1947046900.0,1.0,2392.0,2394.0,2287.0,2372.0,825700.0
2025-07-17,23790,2372.0,2413.0,2348.0,2392.0,0,0,542700.0,1293254700.0,1.0,2372.0,2413.0,2348.0,2392.0,542700.0
2025-07-18,23790,2392.0,2398.0,2353.0,2377.0,0,0,347700.0,827611300.0,1.0,2392.0,2398.0,2353.0,2377.0,347700.0
2025-07-22,23790,2361.0,2443.0,2353.0,2439.0,0,0,447900.0,1082440500.0,1.0,2361.0,2443.0,2353.0,2439.0,447900.0
2025-07-23,23790,2444.0,2455.0,2412.0,2450.0,0,0,384400.0,937982300.0,1.0,2444.0,2455.0,2412.0,2450.0,384400.0
2025-07-24,23790,2456.0,2470.0,2433.0,2456.0,0,0,332400.0,816759800.0,1.0,2456.0,2470.0,2433.0,2456.0,332400.0
2025-07-25,23790,2438.0,2446.0,2412.0,2418.0,0,0,406100.0,984969600.0,1.0,2438.0,2446.0,2412.0,2418.0,406100.0
2025-07-28,23790,2410.0,2449.0,2397.0,2449.0,0,0,266500.0,648747700.0,1.0,2410.0,2449.0,2397.0,2449.0,266500.0
2025-07-29,23790,2421.0,2441.0,2415.0,2432.0,0,0,251000.0,610271500.0,1.0,2421.0,2441.0,2415.0,2432.0,251000.0
2025-07-30,23790,2409.0,2438.0,2394.0,2423.0,0,0,337800.0,818178100.0,1.0,2409.0,2438.0,2394.0,2423.0,337800.0
2025-07-31,23790,2423.0,2448.0,2420.0,2448.0,0,0,293100.0,714926100.0,1.0,2423.0,2448.0,2420.0,2448.0,293100.0
2025-08-01,23790,2447.0,2487.0,2447.0,2462.0,0,0,331000.0,816623600.0,1.0,2447.0,2487.0,2447.0,2462.0,331000.0
2025-08-04,23790,2425.0,2445.0,2414.0,2432.0,0,0,293200.0,712610300.0,1.0,2425.0,2445.0,2414.0,2432.0,293200.0
2025-08-05,23790,2435.0,2469.0,2433.0,2452.0,0,0,180100.0,442542000.0,1.0,2435.0,2469.0,2433.0,2452.0,180100.0
2025-08-06,23790,2460.0,2482.0,2455.0,2469.0,0,0,223900.0,553503300.0,1.0,2460.0,2482.0,2455.0,2469.0,223900.0
2025-08-07,23790,2480.0,2503.0,2474.0,2487.0,0,0,292800.0,728589400.0,1.0,2480.0,2503.0,2474.0,2487.0,292800.0
2025-08-08,23790,2475.0,2497.0,2463.0,2496.0,0,0,238700.0,593264000.0,1.0,2475.0,2497.0,2463.0,2496.0,238700.0
2025-08-12,23790,2499.0,2509.0,2482.0,2504.0,0,0,238100.0,594754600.0,1.0,2499.0,2509.0,2482.0,2504.0,238100.0
2025-08-13,23790,2485.0,2499.0,2470.0,2473.0,0,0,348500.0,864949300.0,1.0,2485.0,2499.0,2470.0,2473.0,348500.0
2025-08-14,23790,2472.0,2488.0,2458.0,2475.0,0,0,236100.0,583648900.0,1.0,2472.0,2488.0,2458.0,2475.0,236100.0
2025-08-15,23790,2467.0,2475.0,2432.0,2433.0,0,0,325900.0,796273900.0,1.0,2467.0,2475.0,2432.0,2433.0,325900.0
2025-08-18,23790,2446.0,2455.0,2438.0,2441.0,0,0,230900.0,564470500.0,1.0,2446.0,2455.0,2438.0,2441.0,230900.0
2025-08-19,23790,2477.0,2484.0,2457.0,2471.0,0,0,272800.0,674331500.0,1.0,2477.0,2484.0,2457.0,2471.0,272800.0
2025-08-20,23790,2463.0,2476.0,2453.0,2458.0,0,0,206500.0,508489500.0,1.0,2463.0,2476.0,2453.0,2458.0,206500.0
2025-08-21,23790,2449.0,2469.0,2444.0,2458.0,0,0,438100.0,1075501500.0,1.0,2449.0,2469.0,2444.0,2458.0,438100.0
2025-08-22,23790,2435.0,2453.0,2431.0,2439.0,0,0,419300.0,1023915000.0,1.0,2435.0,2453.0,2431.0,2439.0,419300.0
2025-08-25,23790,2450.0,2470.0,2441.0,2459.0,0,0,528200.0,1297581500.0,1.0,2450.0,2470.0,2441.0,2459.0,528200.0
2025-08-26,23790,2445.0,2466.0,2443.0,2463.0,0,0,523200.0,1283661900.0,1.0,2445.0,2466.0,2443.0,2463.0,523200.0
2025-08-27,23790,2451.0,2462.0,2433.0,2439.0,0,0,661700.0,1617530400.0,1.0,2451.0,2462.0,2433.0,2439.0,661700.0
2025-08-28,23790,2400.0,2411.0,2355.0,2360.0,0,0,575900.0,1369930300.0,1.0,2400.0,2411.0,2355.0,2360.0,575900.0
2025-08-29,23790,2370.0,2372.0,2327.0,2348.0,0,0,244300.0,573718400.0,1.0,2370.0,2372.0,2327.0,2348.0,244300.0
2025-09-01,23790,2342.0,2359.0,2336.0,2354.0,0,0,151200.0,354931600.0,1.0,2342.0,2359.0,2336.0,2354.0,151200.0
2025-09-02,23790,2361.0,2370.0,2352.0,2354.0,0,0,121200.0,286079800.0,1.0,2361.0,2370.0,2352.0,2354.0,121200.0
2025-09-03,23790,2350.0,2392.0,2350.0,2383.0,0,0,181100.0,431140400.0,1.0,2350.0,2392.0,2350.0,2383.0,181100.0
2025-09-04,23790,2383.0,2392.0,2374.0,2382.0,0,0,177700.0,423330500.0,1.0,2383.0,2392.0,2374.0,2382.0,177700.0
2025-09-05,23790,2385.0,2400.0,2365.0,2377.0,0,0,210500.0,501107300.0,1.0,2385.0,2400.0,2365.0,2377.0,210500.0
2025-09-08,23790,2380.0,2409.0,2376.0,2397.0,0,0,196300.0,469758500.0,1.0,2380.0,2409.0,2376.0,2397.0,196300.0
2025-09-09,23790,2405.0,2414.0,2375.0,2386.0,0,0,155600.0,371953600.0,1.0,2405.0,2414.0,2375.0,2386.0,155600.0
2025-09-10,23790,2387.0,2403.0,2373.0,2390.0,0,0,153800.0,367502000.0,1.0,2387.0,2403.0,2373.0,2390.0,153800.0
2025-09-11,23790,2375.0,2375.0,2356.0,2364.0,0,0,102400.0,242381300.0,1.0,2375.0,2375.0,2356.0,2364.0,102400.0
2025-09-12,23790,2358.0,2365.0,2346.0,2350.0,0,0,150300.0,353816800.0,1.0,2358.0,2365.0,2346.0,2350.0,150300.0
2025-09-16,23790,2350.0,2370.0,2350.0,2368.0,0,0,110200.0,260178000.0,1.0,2350.0,2370.0,2350.0,2368.0,110200.0
2025-09-17,23790,2360.0,2367.0,2340.0,2359.0,0,0,121700.0,286636000.0,1.0,2360.0,2367.0,2340.0,2359.0,121700.0
2025-09-18,23790,2368.0,2368.0,2343.0,2343.0,0,0,130200.0,306074800.0,1.0,2368.0,2368.0,2343.0,2343.0,130200.0
2025-09-19,23790,2344.0,2347.0,2295.0,2305.0,0,0,225600.0,521989000.0,1.0,2344.0,2347.0,2295.0,2305.0,225600.0
2025-09-22,23790,2305.0,2325.0,2300.0,2314.0,0,0,116700.0,270287300.0,1.0,2305.0,2325.0,2300.0,2314.0,116700.0
2025-09-24,23790,2336.0,2338.0,2302.0,2302.0,0,0,125900.0,290959700.0,1.0,2336.0,2338.0,2302.0,2302.0,125900.0
2025-09-25,23790,2315.0,2321.0,2303.0,2310.0,0,0,122700.0,283806400.0,1.0,2315.0,2321.0,2303.0,2310.0,122700.0
2025-09-26,23790,2302.0,2324.0,2301.0,2322.0,0,0,135800.0,314759100.0,1.0,2302.0,2324.0,2301.0,2322.0,135800.0
2025-09-29,23790,2316.0,2329.0,2303.0,2306.0,0,0,104700.0,241622900.0,1.0,2316.0,2329.0,2303.0,2306.0,104700.0
2025-09-30,23790,2305.0,2329.0,2303.0,2325.0,0,0,230900.0,536035400.0,1.0,2305.0,2329.0,2303.0,2325.0,230900.0
2025-10-01,23790,2312.0,2312.0,2243.0,2243.0,0,0,200000.0,452611400.0,1.0,2312.0,2312.0,2243.0,2243.0,200000.0
2025-10-02,23790,2232.0,2248.0,2203.0,2205.0,0,0,145000.0,320992800.0,1.0,2232.0,2248.0,2203.0,2205.0,145000.0
2025-10-03,23790,2201.0,2228.0,2201.0,2210.0,0,0,120200.0,266337100.0,1.0,2201.0,2228.0,2201.0,2210.0,120200.0
2025-10-06,23790,2258.0,2299.0,2226.0,2283.0,0,0,214800.0,488052100.0,1.0,2258.0,2299.0,2226.0,2283.0,214800.0
2025-10-07,23790,2283.0,2287.0,2264.0,2264.0,0,0,148800.0,338115400.0,1.0,2283.0,2287.0,2264.0,2264.0,148800.0
2025-10-08,23790,2264.0,2272.0,2239.0,2239.0,0,0,141400.0,318379900.0,1.0,2264.0,2272.0,2239.0,2239.0,141400.0
2025-10-09,23790,2235.0,2263.0,2235.0,2259.0,0,0,111100.0,250362600.0,1.0,2235.0,2263.0,2235.0,2259.0,111100.0
2025-10-10,23790,2248.0,2271.0,2235.0,2262.0,0,0,237600.0,535838400.0,1.0,2248.0,2271.0,2235.0,2262.0,237600.0
2025-10-14,23790,2222.0,2241.0,2193.0,2197.0,0,0,284900.0,629632300.0,1.0,2222.0,2241.0,2193.0,2197.0,284900.0
2025-10-15,23790,2150.0,2171.0,2102.0,2138.0,0,0,664900.0,1414248600.0,1.0,2150.0,2171.0,2102.0,2138.0,664900.0
2025-10-16,23790,2159.0,2176.0,2136.0,2157.0,0,0,291200.0,628666900.0,1.0,2159.0,2176.0,2136.0,2157.0,291200.0
2025-10-17,23790,2157.0,2168.0,2127.0,2136.0,0,0,191400.0,409421400.0,1.0,2157.0,2168.0,2127.0,2136.0,191400.0
2025-10-20,23790,2150.0,2155.0,2120.0,2123.0,0,0,200800.0,427747500.0,1.0,2150.0,2155.0,2120.0,2123.0,200800.0
2025-10-21,23790,2160.0,2195.0,2147.0,2180.0,0,0,222200.0,483480500.0,1.0,2160.0,2195.0,2147.0,2180.0,222200.0
2025-10-22,23790,2170.0,2185.0,2165.0,2172.0,0,0,202900.0,440986700.0,1.0,2170.0,2185.0,2165.0,2172.0,202900.0
2025-10-23,23790,2179.0,2202.0,2169.0,2190.0,0,0,200200.0,437834200.0,1.0,2179.0,2202.0,2169.0,2190.0,200200.0
2025-10-24,23790,2200.0,2225.0,2185.0,2206.0,0,0,295500.0,651912100.0,1.0,2200.0,2225.0,2185.0,2206.0,295500.0
2025-10-27,23790,2206.0,2214.0,2176.0,2183.0,0,0,270800.0,594072000.0,1.0,2206.0,2214.0,2176.0,2183.0,270800.0
2025-10-28,23790,2164.0,2164.0,2126.0,2139.0,0,0,254300.0,544807200.0,1.0,2164.0,2164.0,2126.0,2139.0,254300.0
2025-10-29,23790,2130.0,2135.0,2105.0,2108.0,0,0,263000.0,556192500.0,1.0,2130.0,2135.0,2105.0,2108.0,263000.0
