Date,Code,Open,High,Low,Close,UpperLimit,LowerLimit,Volume,TurnoverValue,AdjustmentFactor,AdjustmentOpen,AdjustmentHigh,AdjustmentLow,AdjustmentClose,AdjustmentVolume
2020-10-29,26640,3040.0,3095.0,2948.0,2969.0,0,0,132500.0,396127600.0,1.0,3040.0,3095.0,2948.0,2969.0,132500.0
2020-10-30,26640,2975.0,3010.0,2928.0,2968.0,0,0,72100.0,213845300.0,1.0,2975.0,3010.0,2928.0,2968.0,72100.0
2020-11-02,26640,2970.0,3025.0,2933.0,3020.0,0,0,121800.0,364250200.0,1.0,2970.0,3025.0,2933.0,3020.0,121800.0
2020-11-04,26640,3040.0,3090.0,2994.0,3080.0,0,0,117100.0,357424200.0,1.0,3040.0,3090.0,2994.0,3080.0,117100.0
2020-11-05,26640,3095.0,3125.0,3045.0,3060.0,0,0,111200.0,343049500.0,1.0,3095.0,3125.0,3045.0,3060.0,111200.0
2020-11-06,26640,3070.0,3150.0,3060.0,3130.0,0,0,68600.0,214768000.0,1.0,3070.0,3150.0,3060.0,3130.0,68600.0
2020-11-09,26640,3135.0,3200.0,3125.0,3170.0,0,0,70600.0,224300500.0,1.0,3135.0,3200.0,3125.0,3170.0,70600.0
2020-11-10,26640,3170.0,3180.0,3115.0,3115.0,0,0,82800.0,259856500.0,1.0,3170.0,3180.0,3115.0,3115.0,82800.0
2020-11-11,26640,3150.0,3195.0,3105.0,3180.0,0,0,97600.0,309663000.0,1.0,3150.0,3195.0,3105.0,3180.0,97600.0
2020-11-12,26640,3180.0,3195.0,3155.0,3170.0,0,0,63300.0,200952500.0,1.0,3180.0,3195.0,3155.0,3170.0,63300.0
2020-11-13,26640,3160.0,3225.0,3150.0,3220.0,0,0,91500.0,292097500.0,1.0,3160.0,3225.0,3150.0,3220.0,91500.0
2020-11-16,26640,3265.0,3285.0,3250.0,3260.0,0,0,82800.0,270495500.0,1.0,3265.0,3285.0,3250.0,3260.0,82800.0
2020-11-17,26640,3265.0,3265.0,3200.0,3230.0,0,0,78700.0,254733000.0,1.0,3265.0,3265.0,3200.0,3230.0,78700.0
2020-11-18,26640,3230.0,3240.0,3200.0,3205.0,0,0,51600.0,166020000.0,1.0,3230.0,3240.0,3200.0,3205.0,51600.0
2020-11-19,26640,3180.0,3205.0,3140.0,3190.0,0,0,69400.0,220922500.0,1.0,3180.0,3205.0,3140.0,3190.0,69400.0
2020-11-20,26640,3175.0,3200.0,3155.0,3200.0,0,0,58400.0,186049000.0,1.0,3175.0,3200.0,3155.0,3200.0,58400.0
2020-11-24,26640,3220.0,3250.0,3155.0,3155.0,0,0,119300.0,380429000.0,1.0,3220.0,3250.0,3155.0,3155.0,119300.0
2020-11-25,26640,3160.0,3200.0,3105.0,3105.0,0,0,87400.0,274486500.0,1.0,3160.0,3200.0,3105.0,3105.0,87400.0
2020-11-26,26640,3100.0,3135.0,3085.0,3120.0,0,0,57100.0,177884500.0,1.0,3100.0,3135.0,3085.0,3120.0,57100.0
2020-11-27,26640,3130.0,3130.0,3025.0,3030.0,0,0,161900.0,495396000.0,1.0,3130.0,3130.0,3025.0,3030.0,161900.0
2020-11-30,26640,3055.0,3055.0,2995.0,2998.0,0,0,98500.0,297090600.0,1.0,3055.0,3055.0,2995.0,2998.0,98500.0
2020-12-01,26640,3005.0,3035.0,2954.0,2974.0,0,0,123300.0,367323300.0,1.0,3005.0,3035.0,2954.0,2974.0,123300.0
2020-12-02,26640,3005.0,3005.0,2947.0,2951.0,0,0,111300.0,330205500.0,1.0,3005.0,3005.0,2947.0,2951.0,111300.0
2020-12-03,26640,2945.0,2975.0,2930.0,2946.0,0,0,90400.0,266893200.0,1.0,2945.0,2975.0,2930.0,2946.0,90400.0
2020-12-04,26640,2927.0,2946.0,2904.0,2946.0,0,0,77600.0,227053500.0,1.0,2927.0,2946.0,2904.0,2946.0,77600.0
2020-12-07,26640,2975.0,2980.0,2918.0,2937.0,0,0,83600.0,245784600.0,1.0,2975.0,2980.0,2918.0,2937.0,83600.0
2020-12-08,26640,2929.0,2952.0,2905.0,2905.0,0,0,50500.0,147771900.0,1.0,2929.0,2952.0,2905.0,2905.0,50500.0
2020-12-09,26640,2905.0,2923.0,2892.0,2914.0,0,0,103400.0,301059000.0,1.0,2905.0,2923.0,2892.0,2914.0,103400.0
2020-12-10,26640,2930.0,2938.0,2907.0,2914.0,0,0,81200.0,236959500.0,1.0,2930.0,2938.0,2907.0,2914.0,81200.0
2020-12-11,26640,2916.0,2939.0,2900.0,2932.0,0,0,121800.0,355446600.0,1.0,2916.0,2939.0,2900.0,2932.0,121800.0
2020-12-14,26640,2930.0,2960.0,2922.0,2957.0,0,0,117300.0,345071200.0,1.0,2930.0,2960.0,2922.0,2957.0,117300.0
2020-12-15,26640,2982.0,3015.0,2968.0,2998.0,0,0,134200.0,401846800.0,1.0,2982.0,3015.0,2968.0,2998.0,134200.0
2020-12-16,26640,3040.0,3055.0,2992.0,3000.0,0,0,100000.0,301376500.0,1.0,3040.0,3055.0,2992.0,3000.0,100000.0
2020-12-17,26640,3000.0,3040.0,2984.0,3030.0,0,0,73400.0,221486500.0,1.0,3000.0,3040.0,2984.0,3030.0,73400.0
2020-12-18,26640,3030.0,3045.0,2983.0,2988.0,0,0,90600.0,271777600.0,1.0,3030.0,3045.0,2983.0,2988.0,90600.0
2020-12-21,26640,2983.0,2984.0,2933.0,2942.0,0,0,76800.0,226206900.0,1.0,2983.0,2984.0,2933.0,2942.0,76800.0
2020-12-22,26640,2921.0,2941.0,2873.0,2893.0,0,0,97700.0,283039100.0,1.0,2921.0,2941.0,2873.0,2893.0,97700.0
2020-12-23,26640,2915.0,2920.0,2889.0,2916.0,0,0,49900.0,144868400.0,1.0,2915.0,2920.0,2889.0,2916.0,49900.0
2020-12-24,26640,2935.0,2947.0,2904.0,2922.0,0,0,52100.0,152042500.0,1.0,2935.0,2947.0,2904.0,2922.0,52100.0
2020-12-25,26640,2938.0,2950.0,2909.0,2926.0,0,0,43700.0,127768600.0,1.0,2938.0,2950.0,2909.0,2926.0,43700.0
2020-12-28,26640,2924.0,2948.0,2896.0,2910.0,0,0,63500.0,185050300.0,1.0,2924.0,2948.0,2896.0,2910.0,63500.0
2020-12-29,26640,2900.0,2954.0,2895.0,2953.0,0,0,64300.0,188660500.0,1.0,2900.0,2954.0,2895.0,2953.0,64300.0
2020-12-30,26640,2944.0,2959.0,2915.0,2939.0,0,0,50600.0,148891100.0,1.0,2944.0,2959.0,2915.0,2939.0,50600.0
2021-01-04,26640,2940.0,2944.0,2908.0,2942.0,0,0,56200.0,164648700.0,1.0,2940.0,2944.0,2908.0,2942.0,56200.0
2021-01-05,26640,2939.0,2942.0,2906.0,2941.0,0,0,81000.0,237341500.0,1.0,2939.0,2942.0,2906.0,2941.0,81000.0
2021-01-06,26640,2936.0,2990.0,2934.0,2968.0,0,0,69700.0,207242600.0,1.0,2936.0,2990.0,2934.0,2968.0,69700.0
2021-01-07,26640,2982.0,3025.0,2971.0,2987.0,0,0,97800.0,293327900.0,1.0,2982.0,3025.0,2971.0,2987.0,97800.0
2021-01-08,26640,3000.0,3155.0,3000.0,3150.0,0,0,169100.0,525499000.0,1.0,3000.0,3155.0,3000.0,3150.0,169100.0
2021-01-12,26640,3130.0,3150.0,3075.0,3085.0,0,0,81600.0,253524000.0,1.0,3130.0,3150.0,3075.0,3085.0,81600.0
2021-01-13,26640,3075.0,3075.0,3040.0,3045.0,0,0,52700.0,160978500.0,1.0,3075.0,3075.0,3040.0,3045.0,52700.0
2021-01-14,26640,3055.0,3095.0,3055.0,3060.0,0,0,52200.0,160457000.0,1.0,3055.0,3095.0,3055.0,3060.0,52200.0
2021-01-15,26640,3055.0,3055.0,3010.0,3010.0,0,0,68700.0,208025000.0,1.0,3055.0,3055.0,3010.0,3010.0,68700.0
2021-01-18,26640,3040.0,3045.0,3005.0,3025.0,0,0,34000.0,102826000.0,1.0,3040.0,3045.0,3005.0,3025.0,34000.0
2021-01-19,26640,3080.0,3080.0,2993.0,2993.0,0,0,78000.0,234731900.0,1.0,3080.0,3080.0,2993.0,2993.0,78000.0
2021-01-20,26640,2998.0,3015.0,2979.0,3010.0,0,0,90100.0,269950200.0,1.0,2998.0,3015.0,2979.0,3010.0,90100.0
2021-01-21,26640,3015.0,3065.0,3010.0,3050.0,0,0,73600.0,224224000.0,1.0,3015.0,3065.0,3010.0,3050.0,73600.0
2021-01-22,26640,3085.0,3140.0,3040.0,3110.0,0,0,167000.0,518070000.0,1.0,3085.0,3140.0,3040.0,3110.0,167000.0
2021-01-25,26640,3100.0,3115.0,3010.0,3015.0,0,0,318100.0,969259500.0,1.0,3100.0,3115.0,3010.0,3015.0,318100.0
2021-01-26,26640,2994.0,3025.0,2941.0,2981.0,0,0,198400.0,590706600.0,1.0,2994.0,3025.0,2941.0,2981.0,198400.0
2021-01-27,26640,3000.0,3065.0,2995.0,3005.0,0,0,133600.0,405186500.0,1.0,3000.0,3065.0,2995.0,3005.0,133600.0
2021-01-28,26640,2998.0,3020.0,2950.0,2953.0,0,0,226700.0,672851700.0,1.0,2998.0,3020.0,2950.0,2953.0,226700.0
2021-01-29,26640,2970.0,2990.0,2925.0,2928.0,0,0,113300.0,334679700.0,1.0,2970.0,2990.0,2925.0,2928.0,113300.0
2021-02-01,26640,2934.0,2977.0,2931.0,2947.0,0,0,93800.0,277465600.0,1.0,2934.0,2977.0,2931.0,2947.0,93800.0
2021-02-02,26640,2968.0,3010.0,2966.0,2994.0,0,0,73200.0,218852600.0,1.0,2968.0,3010.0,2966.0,2994.0,73200.0
2021-02-03,26640,3015.0,3020.0,2995.0,3020.0,0,0,41200.0,124047300.0,1.0,3015.0,3020.0,2995.0,3020.0,41200.0
2021-02-04,26640,3040.0,3040.0,3005.0,3035.0,0,0,45000.0,136252000.0,1.0,3040.0,3040.0,3005.0,3035.0,45000.0
2021-02-05,26640,3040.0,3050.0,3020.0,3045.0,0,0,61900.0,187975000.0,1.0,3040.0,3050.0,3020.0,3045.0,61900.0
2021-02-08,26640,3035.0,3060.0,3030.0,3040.0,0,0,48000.0,146011500.0,1.0,3035.0,3060.0,3030.0,3040.0,48000.0
2021-02-09,26640,3050.0,3070.0,3015.0,3060.0,0,0,49100.0,149616000.0,1.0,3050.0,3070.0,3015.0,3060.0,49100.0
2021-02-10,26640,3055.0,3065.0,3035.0,3040.0,0,0,38400.0,117160000.0,1.0,3055.0,3065.0,3035.0,3040.0,38400.0
2021-02-12,26640,3065.0,3075.0,3025.0,3030.0,0,0,62700.0,191244000.0,1.0,3065.0,3075.0,3025.0,3030.0,62700.0
2021-02-15,26640,3025.0,3050.0,3010.0,3040.0,0,0,39400.0,119447500.0,1.0,3025.0,3050.0,3010.0,3040.0,39400.0
2021-02-16,26640,3040.0,3065.0,3015.0,3015.0,0,0,46000.0,139754500.0,1.0,3040.0,3065.0,3015.0,3015.0,46000.0
2021-02-17,26640,3015.0,3030.0,3000.0,3005.0,0,0,49200.0,148178000.0,1.0,3015.0,3030.0,3000.0,3005.0,49200.0
2021-02-18,26640,3000.0,3015.0,2978.0,2980.0,0,0,78300.0,234116200.0,1.0,3000.0,3015.0,2978.0,2980.0,78300.0
2021-02-19,26640,2960.0,2995.0,2960.0,2990.0,0,0,90800.0,269720000.0,1.0,2960.0,2995.0,2960.0,2990.0,90800.0
2021-02-22,26640,2989.0,2992.0,2970.0,2974.0,0,0,51400.0,153163600.0,1.0,2989.0,2992.0,2970.0,2974.0,51400.0
2021-02-24,26640,2949.0,2949.0,2888.0,2892.0,0,0,171100.0,499115000.0,1.0,2949.0,2949.0,2888.0,2892.0,171100.0
2021-02-25,26640,2888.0,2923.0,2888.0,2892.0,0,0,303400.0,877998100.0,1.0,2888.0,2923.0,2888.0,2892.0,303400.0
2021-02-26,26640,2883.0,2886.0,2843.0,2861.0,0,0,429500.0,1234832600.0,1.0,2883.0,2886.0,2843.0,2861.0,429500.0
2021-03-01,26640,2865.0,2930.0,2865.0,2921.0,0,0,452700.0,1306024600.0,1.0,2865.0,2930.0,2865.0,2921.0,452700.0
2021-03-02,26640,2925.0,2967.0,2840.0,2854.0,0,0,488500.0,1416573800.0,1.0,2925.0,2967.0,2840.0,2854.0,488500.0
2021-03-03,26640,2850.0,2904.0,2834.0,2861.0,0,0,278200.0,796526800.0,1.0,2850.0,2904.0,2834.0,2861.0,278200.0
2021-03-04,26640,2840.0,2850.0,2776.0,2803.0,0,0,400800.0,1127504500.0,1.0,2840.0,2850.0,2776.0,2803.0,400800.0
2021-03-05,26640,2796.0,2829.0,2789.0,2829.0,0,0,276100.0,774115900.0,1.0,2796.0,2829.0,2789.0,2829.0,276100.0
2021-03-08,26640,2832.0,2867.0,2820.0,2829.0,0,0,317000.0,899740400.0,1.0,2832.0,2867.0,2820.0,2829.0,317000.0
2021-03-09,26640,2844.0,2885.0,2838.0,2879.0,0,0,260600.0,745410400.0,1.0,2844.0,2885.0,2838.0,2879.0,260600.0
2021-03-10,26640,2879.0,2923.0,2858.0,2860.0,0,0,304100.0,876397800.0,1.0,2879.0,2923.0,2858.0,2860.0,304100.0
2021-03-11,26640,2858.0,2900.0,2837.0,2895.0,0,0,618100.0,1773693900.0,1.0,2858.0,2900.0,2837.0,2895.0,618100.0
2021-03-12,26640,2829.0,2839.0,2796.0,2822.0,0,0,915500.0,2586082300.0,1.0,2829.0,2839.0,2796.0,2822.0,915500.0
2021-03-15,26640,2843.0,2929.0,2831.0,2920.0,0,0,428000.0,1237660500.0,1.0,2843.0,2929.0,2831.0,2920.0,428000.0
2021-03-16,26640,2901.0,2913.0,2870.0,2908.0,0,0,200700.0,580371700.0,1.0,2901.0,2913.0,2870.0,2908.0,200700.0
2021-03-17,26640,2920.0,2942.0,2887.0,2922.0,0,0,170900.0,498674800.0,1.0,2920.0,2942.0,2887.0,2922.0,170900.0
2021-03-18,26640,2940.0,2984.0,2924.0,2948.0,0,0,190900.0,563475700.0,1.0,2940.0,2984.0,2924.0,2948.0,190900.0
2021-03-19,26640,2945.0,2993.0,2930.0,2966.0,0,0,205000.0,609879100.0,1.0,2945.0,2993.0,2930.0,2966.0,205000.0
2021-03-22,26640,2949.0,2950.0,2903.0,2907.0,0,0,156400.0,456086500.0,1.0,2949.0,2950.0,2903.0,2907.0,156400.0
2021-03-23,26640,2921.0,2937.0,2889.0,2890.0,0,0,125200.0,363567800.0,1.0,2921.0,2937.0,2889.0,2890.0,125200.0
2021-03-24,26640,2869.0,2890.0,2843.0,2854.0,0,0,168800.0,483049000.0,1.0,2869.0,2890.0,2843.0,2854.0,168800.0
2021-03-25,26640,2880.0,2880.0,2845.0,2864.0,0,0,128500.0,367299100.0,1.0,2880.0,2880.0,2845.0,2864.0,128500.0
2021-03-26,26640,2880.0,2880.0,2842.0,2871.0,0,0,93600.0,267850100.0,1.0,2880.0,2880.0,2842.0,2871.0,93600.0
2021-03-29,26640,2911.0,2952.0,2903.0,2951.0,0,0,227300.0,667059700.0,1.0,2911.0,2952.0,2903.0,2951.0,227300.0
2021-03-30,26640,2927.0,2948.0,2904.0,2927.0,0,0,104300.0,305225600.0,1.0,2927.0,2948.0,2904.0,2927.0,104300.0
2021-03-31,26640,2921.0,2921.0,2881.0,2881.0,0,0,101500.0,293985900.0,1.0,2921.0,2921.0,2881.0,2881.0,101500.0
2021-04-01,26640,2881.0,2884.0,2844.0,2849.0,0,0,86700.0,247874400.0,1.0,2881.0,2884.0,2844.0,2849.0,86700.0
2021-04-02,26640,2884.0,2884.0,2822.0,2837.0,0,0,91700.0,260756500.0,1.0,2884.0,2884.0,2822.0,2837.0,91700.0
2021-04-05,26640,2869.0,2869.0,2842.0,2855.0,0,0,48200.0,137575500.0,1.0,2869.0,2869.0,2842.0,2855.0,48200.0
2021-04-06,26640,2851.0,2875.0,2828.0,2834.0,0,0,84800.0,241749600.0,1.0,2851.0,2875.0,2828.0,2834.0,84800.0
2021-04-07,26640,2850.0,2863.0,2837.0,2855.0,0,0,44800.0,127879200.0,1.0,2850.0,2863.0,2837.0,2855.0,44800.0
2021-04-08,26640,2840.0,2845.0,2786.0,2786.0,0,0,105600.0,295921500.0,1.0,2840.0,2845.0,2786.0,2786.0,105600.0
2021-04-09,26640,2786.0,2801.0,2771.0,2775.0,0,0,67400.0,187726700.0,1.0,2786.0,2801.0,2771.0,2775.0,67400.0
2021-04-12,26640,2775.0,2775.0,2746.0,2750.0,0,0,86600.0,238750200.0,1.0,2775.0,2775.0,2746.0,2750.0,86600.0
2021-04-13,26640,2755.0,2790.0,2727.0,2742.0,0,0,98000.0,269637300.0,1.0,2755.0,2790.0,2727.0,2742.0,98000.0
2021-04-14,26640,2739.0,2754.0,2714.0,2720.0,0,0,74200.0,202545000.0,1.0,2739.0,2754.0,2714.0,2720.0,74200.0
2021-04-15,26640,2722.0,2737.0,2709.0,2714.0,0,0,60800.0,165414100.0,1.0,2722.0,2737.0,2709.0,2714.0,60800.0
2021-04-16,26640,2725.0,2730.0,2688.0,2702.0,0,0,59200.0,160052400.0,1.0,2725.0,2730.0,2688.0,2702.0,59200.0
2021-04-19,26640,2705.0,2724.0,2696.0,2703.0,0,0,55300.0,149854900.0,1.0,2705.0,2724.0,2696.0,2703.0,55300.0
2021-04-20,26640,2693.0,2693.0,2646.0,2655.0,0,0,108800.0,289519800.0,1.0,2693.0,2693.0,2646.0,2655.0,108800.0
2021-04-21,26640,2626.0,2626.0,2589.0,2619.0,0,0,88700.0,231317800.0,1.0,2626.0,2626.0,2589.0,2619.0,88700.0
2021-04-22,26640,2620.0,2624.0,2597.0,2605.0,0,0,74000.0,193029200.0,1.0,2620.0,2624.0,2597.0,2605.0,74000.0
2021-04-23,26640,2595.0,2614.0,2590.0,2613.0,0,0,71300.0,185543100.0,1.0,2595.0,2614.0,2590.0,2613.0,71300.0
2021-04-26,26640,2620.0,2623.0,2565.0,2568.0,0,0,200100.0,516607200.0,1.0,2620.0,2623.0,2565.0,2568.0,200100.0
2021-04-27,26640,2450.0,2470.0,2403.0,2424.0,0,0,406300.0,986126800.0,1.0,2450.0,2470.0,2403.0,2424.0,406300.0
2021-04-28,26640,2474.0,2503.0,2396.0,2401.0,0,0,230700.0,558740100.0,1.0,2474.0,2503.0,2396.0,2401.0,230700.0
2021-04-30,26640,2384.0,2399.0,2350.0,2350.0,0,0,232700.0,551288400.0,1.0,2384.0,2399.0,2350.0,2350.0,232700.0
2021-05-06,26640,2385.0,2428.0,2372.0,2376.0,0,0,140500.0,336486700.0,1.0,2385.0,2428.0,2372.0,2376.0,140500.0
2021-05-07,26640,2396.0,2416.0,2387.0,2389.0,0,0,96700.0,232024900.0,1.0,2396.0,2416.0,2387.0,2389.0,96700.0
2021-05-10,26640,2415.0,2426.0,2391.0,2396.0,0,0,89700.0,215500100.0,1.0,2415.0,2426.0,2391.0,2396.0,89700.0
2021-05-11,26640,2395.0,2395.0,2345.0,2349.0,0,0,116400.0,275003300.0,1.0,2395.0,2395.0,2345.0,2349.0,116400.0
2021-05-12,26640,2343.0,2343.0,2285.0,2302.0,0,0,136400.0,314536800.0,1.0,2343.0,2343.0,2285.0,2302.0,136400.0
2021-05-13,26640,2286.0,2308.0,2270.0,2276.0,0,0,99500.0,227476700.0,1.0,2286.0,2308.0,2270.0,2276.0,99500.0
2021-05-14,26640,2314.0,2345.0,2300.0,2333.0,0,0,72900.0,169469000.0,1.0,2314.0,2345.0,2300.0,2333.0,72900.0
2021-05-17,26640,2342.0,2349.0,2300.0,2317.0,0,0,74800.0,173637000.0,1.0,2342.0,2349.0,2300.0,2317.0,74800.0
2021-05-18,26640,2329.0,2345.0,2320.0,2329.0,0,0,57400.0,133872800.0,1.0,2329.0,2345.0,2320.0,2329.0,57400.0
2021-05-19,26640,2320.0,2325.0,2304.0,2318.0,0,0,54700.0,126658600.0,1.0,2320.0,2325.0,2304.0,2318.0,54700.0
2021-05-20,26640,2310.0,2321.0,2280.0,2281.0,0,0,91800.0,210685400.0,1.0,2310.0,2321.0,2280.0,2281.0,91800.0
2021-05-21,26640,2296.0,2315.0,2282.0,2301.0,0,0,100700.0,231432800.0,1.0,2296.0,2315.0,2282.0,2301.0,100700.0
2021-05-24,26640,2290.0,2298.0,2261.0,2267.0,0,0,106000.0,240983500.0,1.0,2290.0,2298.0,2261.0,2267.0,106000.0
2021-05-25,26640,2267.0,2286.0,2247.0,2251.0,0,0,124800.0,282266400.0,1.0,2267.0,2286.0,2247.0,2251.0,124800.0
2021-05-26,26640,2272.0,2289.0,2257.0,2285.0,0,0,94200.0,214598200.0,1.0,2272.0,2289.0,2257.0,2285.0,94200.0
2021-05-27,26640,2276.0,2281.0,2228.0,2230.0,0,0,131100.0,294249600.0,1.0,2276.0,2281.0,2228.0,2230.0,131100.0
2021-05-28,26640,2241.0,2262.0,2240.0,2259.0,0,0,93100.0,209516100.0,1.0,2241.0,2262.0,2240.0,2259.0,93100.0
2021-05-31,26640,2247.0,2263.0,2218.0,2220.0,0,0,100500.0,224734600.0,1.0,2247.0,2263.0,2218.0,2220.0,100500.0
2021-06-01,26640,2236.0,2236.0,2188.0,2193.0,0,0,132600.0,291827500.0,1.0,2236.0,2236.0,2188.0,2193.0,132600.0
2021-06-02,26640,2185.0,2201.0,2152.0,2201.0,0,0,172100.0,375680700.0,1.0,2185.0,2201.0,2152.0,2201.0,172100.0
2021-06-03,26640,2216.0,2259.0,2213.0,2246.0,0,0,112500.0,252548200.0,1.0,2216.0,2259.0,2213.0,2246.0,112500.0
2021-06-04,26640,2246.0,2288.0,2246.0,2285.0,0,0,108800.0,246970500.0,1.0,2246.0,2288.0,2246.0,2285.0,108800.0
2021-06-07,26640,2290.0,2299.0,2273.0,2286.0,0,0,104900.0,239821400.0,1.0,2290.0,2299.0,2273.0,2286.0,104900.0
2021-06-08,26640,2289.0,2309.0,2280.0,2301.0,0,0,82400.0,189100500.0,1.0,2289.0,2309.0,2280.0,2301.0,82400.0
2021-06-09,26640,2299.0,2321.0,2285.0,2295.0,0,0,83600.0,192508300.0,1.0,2299.0,2321.0,2285.0,2295.0,83600.0
2021-06-10,26640,2297.0,2297.0,2271.0,2283.0,0,0,78900.0,179946500.0,1.0,2297.0,2297.0,2271.0,2283.0,78900.0
2021-06-11,26640,2296.0,2296.0,2263.0,2263.0,0,0,131400.0,299002600.0,1.0,2296.0,2296.0,2263.0,2263.0,131400.0
2021-06-14,26640,2264.0,2273.0,2241.0,2249.0,0,0,88000.0,198332800.0,1.0,2264.0,2273.0,2241.0,2249.0,88000.0
2021-06-15,26640,2255.0,2285.0,2246.0,2277.0,0,0,81000.0,184008900.0,1.0,2255.0,2285.0,2246.0,2277.0,81000.0
2021-06-16,26640,2258.0,2282.0,2255.0,2261.0,0,0,91600.0,207906800.0,1.0,2258.0,2282.0,2255.0,2261.0,91600.0
2021-06-17,26640,2237.0,2238.0,2208.0,2212.0,0,0,150200.0,333801000.0,1.0,2237.0,2238.0,2208.0,2212.0,150200.0
2021-06-18,26640,2200.0,2231.0,2200.0,2225.0,0,0,171100.0,378950600.0,1.0,2200.0,2231.0,2200.0,2225.0,171100.0
2021-06-21,26640,2200.0,2204.0,2183.0,2191.0,0,0,83400.0,182713900.0,1.0,2200.0,2204.0,2183.0,2191.0,83400.0
2021-06-22,26640,2200.0,2226.0,2196.0,2223.0,0,0,81100.0,179668400.0,1.0,2200.0,2226.0,2196.0,2223.0,81100.0
2021-06-23,26640,2240.0,2241.0,2213.0,2215.0,0,0,71800.0,159917400.0,1.0,2240.0,2241.0,2213.0,2215.0,71800.0
2021-06-24,26640,2215.0,2233.0,2203.0,2232.0,0,0,77000.0,171083500.0,1.0,2215.0,2233.0,2203.0,2232.0,77000.0
2021-06-25,26640,2236.0,2253.0,2233.0,2242.0,0,0,59700.0,133922600.0,1.0,2236.0,2253.0,2233.0,2242.0,59700.0
2021-06-28,26640,2246.0,2280.0,2242.0,2274.0,0,0,79100.0,179153900.0,1.0,2246.0,2280.0,2242.0,2274.0,79100.0
2021-06-29,26640,2269.0,2280.0,2248.0,2251.0,0,0,88900.0,200822500.0,1.0,2269.0,2280.0,2248.0,2251.0,88900.0
2021-06-30,26640,2275.0,2278.0,2241.0,2244.0,0,0,79200.0,178532900.0,1.0,2275.0,2278.0,2241.0,2244.0,79200.0
2021-07-01,26640,2244.0,2267.0,2230.0,2263.0,0,0,89600.0,201781700.0,1.0,2244.0,2267.0,2230.0,2263.0,89600.0
2021-07-02,26640,2264.0,2283.0,2251.0,2257.0,0,0,120200.0,272459700.0,1.0,2264.0,2283.0,2251.0,2257.0,120200.0
2021-07-05,26640,2275.0,2275.0,2228.0,2230.0,0,0,76300.0,171023500.0,1.0,2275.0,2275.0,2228.0,2230.0,76300.0
2021-07-06,26640,2234.0,2236.0,2213.0,2214.0,0,0,52000.0,115550200.0,1.0,2234.0,2236.0,2213.0,2214.0,52000.0
2021-07-07,26640,2208.0,2220.0,2195.0,2212.0,0,0,79200.0,174837900.0,1.0,2208.0,2220.0,2195.0,2212.0,79200.0
2021-07-08,26640,2216.0,2235.0,2180.0,2180.0,0,0,139300.0,306175600.0,1.0,2216.0,2235.0,2180.0,2180.0,139300.0
2021-07-09,26640,2151.0,2156.0,2091.0,2132.0,0,0,261600.0,555897500.0,1.0,2151.0,2156.0,2091.0,2132.0,261600.0
2021-07-12,26640,2174.0,2202.0,2163.0,2196.0,0,0,106000.0,232354400.0,1.0,2174.0,2202.0,2163.0,2196.0,106000.0
2021-07-13,26640,2213.0,2240.0,2213.0,2231.0,0,0,124800.0,278263400.0,1.0,2213.0,2240.0,2213.0,2231.0,124800.0
2021-07-14,26640,2237.0,2259.0,2227.0,2243.0,0,0,92600.0,207979700.0,1.0,2237.0,2259.0,2227.0,2243.0,92600.0
2021-07-15,26640,2264.0,2292.0,2232.0,2232.0,0,0,106400.0,240392600.0,1.0,2264.0,2292.0,2232.0,2232.0,106400.0
2021-07-16,26640,2230.0,2237.0,2219.0,2236.0,0,0,53500.0,119353000.0,1.0,2230.0,2237.0,2219.0,2236.0,53500.0
2021-07-19,26640,2215.0,2232.0,2191.0,2230.0,0,0,106400.0,235180200.0,1.0,2215.0,2232.0,2191.0,2230.0,106400.0
2021-07-20,26640,2200.0,2241.0,2199.0,2235.0,0,0,80400.0,178609800.0,1.0,2200.0,2241.0,2199.0,2235.0,80400.0
2021-07-21,26640,2250.0,2256.0,2233.0,2241.0,0,0,59000.0,132357500.0,1.0,2250.0,2256.0,2233.0,2241.0,59000.0
2021-07-26,26640,2260.0,2266.0,2240.0,2246.0,0,0,62100.0,139781100.0,1.0,2260.0,2266.0,2240.0,2246.0,62100.0
2021-07-27,26640,2245.0,2245.0,2218.0,2235.0,0,0,105100.0,234615200.0,1.0,2245.0,2245.0,2218.0,2235.0,105100.0
2021-07-28,26640,2181.0,2230.0,2181.0,2208.0,0,0,142800.0,315219400.0,1.0,2181.0,2230.0,2181.0,2208.0,142800.0
2021-07-29,26640,2225.0,2259.0,2214.0,2222.0,0,0,102700.0,229199500.0,1.0,2225.0,2259.0,2214.0,2222.0,102700.0
2021-07-30,26640,2225.0,2243.0,2210.0,2210.0,0,0,114200.0,254041100.0,1.0,2225.0,2243.0,2210.0,2210.0,114200.0
2021-08-02,26640,2221.0,2274.0,2221.0,2254.0,0,0,78400.0,176569600.0,1.0,2221.0,2274.0,2221.0,2254.0,78400.0
2021-08-03,26640,2254.0,2273.0,2240.0,2255.0,0,0,64600.0,145580700.0,1.0,2254.0,2273.0,2240.0,2255.0,64600.0
2021-08-04,26640,2252.0,2254.0,2229.0,2239.0,0,0,47600.0,106564200.0,1.0,2252.0,2254.0,2229.0,2239.0,47600.0
2021-08-05,26640,2235.0,2263.0,2228.0,2231.0,0,0,55300.0,123845400.0,1.0,2235.0,2263.0,2228.0,2231.0,55300.0
2021-08-06,26640,2230.0,2242.0,2209.0,2209.0,0,0,49500.0,109843100.0,1.0,2230.0,2242.0,2209.0,2209.0,49500.0
2021-08-10,26640,2220.0,2238.0,2219.0,2223.0,0,0,57600.0,128297300.0,1.0,2220.0,2238.0,2219.0,2223.0,57600.0
2021-08-11,26640,2239.0,2250.0,2231.0,2233.0,0,0,40500.0,90689600.0,1.0,2239.0,2250.0,2231.0,2233.0,40500.0
2021-08-12,26640,2243.0,2246.0,2226.0,2234.0,0,0,44200.0,98815100.0,1.0,2243.0,2246.0,2226.0,2234.0,44200.0
2021-08-13,26640,2243.0,2269.0,2238.0,2263.0,0,0,60600.0,136799200.0,1.0,2243.0,2269.0,2238.0,2263.0,60600.0
2021-08-16,26640,2260.0,2262.0,2224.0,2224.0,0,0,42600.0,95265400.0,1.0,2260.0,2262.0,2224.0,2224.0,42600.0
2021-08-17,26640,2235.0,2269.0,2230.0,2261.0,0,0,57500.0,129433200.0,1.0,2235.0,2269.0,2230.0,2261.0,57500.0
2021-08-18,26640,2254.0,2320.0,2254.0,2317.0,0,0,84200.0,193715900.0,1.0,2254.0,2320.0,2254.0,2317.0,84200.0
2021-08-19,26640,2312.0,2352.0,2303.0,2329.0,0,0,79300.0,185331500.0,1.0,2312.0,2352.0,2303.0,2329.0,79300.0
2021-08-20,26640,2323.0,2364.0,2323.0,2360.0,0,0,100900.0,237410800.0,1.0,2323.0,2364.0,2323.0,2360.0,100900.0
2021-08-23,26640,2388.0,2404.0,2361.0,2383.0,0,0,66800.0,158880300.0,1.0,2388.0,2404.0,2361.0,2383.0,66800.0
2021-08-24,26640,2376.0,2376.0,2330.0,2338.0,0,0,131700.0,308917300.0,1.0,2376.0,2376.0,2330.0,2338.0,131700.0
2021-08-25,26640,2349.0,2349.0,2309.0,2310.0,0,0,55000.0,127682000.0,1.0,2349.0,2349.0,2309.0,2310.0,55000.0
2021-08-26,26640,2311.0,2317.0,2303.0,2313.0,0,0,45200.0,104455900.0,1.0,2311.0,2317.0,2303.0,2313.0,45200.0
2021-08-27,26640,2306.0,2313.0,2288.0,2301.0,0,0,47900.0,110071300.0,1.0,2306.0,2313.0,2288.0,2301.0,47900.0
2021-08-30,26640,2320.0,2350.0,2312.0,2348.0,0,0,51300.0,119973200.0,1.0,2320.0,2350.0,2312.0,2348.0,51300.0
2021-08-31,26640,2329.0,2334.0,2300.0,2300.0,0,0,77500.0,179020200.0,1.0,2329.0,2334.0,2300.0,2300.0,77500.0
2021-09-01,26640,2300.0,2347.0,2296.0,2332.0,0,0,83400.0,194071600.0,1.0,2300.0,2347.0,2296.0,2332.0,83400.0
2021-09-02,26640,2329.0,2331.0,2296.0,2322.0,0,0,84600.0,195758200.0,1.0,2329.0,2331.0,2296.0,2322.0,84600.0
2021-09-03,26640,2300.0,2337.0,2290.0,2322.0,0,0,100000.0,231461400.0,1.0,2300.0,2337.0,2290.0,2322.0,100000.0
2021-09-06,26640,2322.0,2339.0,2300.0,2308.0,0,0,51900.0,120047500.0,1.0,2322.0,2339.0,2300.0,2308.0,51900.0
2021-09-07,26640,2327.0,2341.0,2315.0,2340.0,0,0,167100.0,388786300.0,1.0,2327.0,2341.0,2315.0,2340.0,167100.0
2021-09-08,26640,2339.0,2376.0,2338.0,2368.0,0,0,81200.0,192005100.0,1.0,2339.0,2376.0,2338.0,2368.0,81200.0
2021-09-09,26640,2359.0,2379.0,2333.0,2343.0,0,0,57200.0,134625000.0,1.0,2359.0,2379.0,2333.0,2343.0,57200.0
2021-09-10,26640,2329.0,2374.0,2325.0,2374.0,0,0,79500.0,186978200.0,1.0,2329.0,2374.0,2325.0,2374.0,79500.0
2021-09-13,26640,2362.0,2373.0,2329.0,2373.0,0,0,65700.0,154659600.0,1.0,2362.0,2373.0,2329.0,2373.0,65700.0
2021-09-14,26640,2369.0,2375.0,2346.0,2375.0,0,0,54800.0,129439000.0,1.0,2369.0,2375.0,2346.0,2375.0,54800.0
2021-09-15,26640,2355.0,2362.0,2336.0,2343.0,0,0,53900.0,126492800.0,1.0,2355.0,2362.0,2336.0,2343.0,53900.0
2021-09-16,26640,2343.0,2364.0,2337.0,2360.0,0,0,64300.0,151309600.0,1.0,2343.0,2364.0,2337.0,2360.0,64300.0
2021-09-17,26640,2344.0,2369.0,2335.0,2365.0,0,0,72000.0,169426200.0,1.0,2344.0,2369.0,2335.0,2365.0,72000.0
2021-09-21,26640,2320.0,2346.0,2314.0,2327.0,0,0,49000.0,114237100.0,1.0,2320.0,2346.0,2314.0,2327.0,49000.0
2021-09-22,26640,2330.0,2335.0,2291.0,2295.0,0,0,68300.0,157540200.0,1.0,2330.0,2335.0,2291.0,2295.0,68300.0
2021-09-24,26640,2313.0,2342.0,2310.0,2342.0,0,0,61200.0,142636100.0,1.0,2313.0,2342.0,2310.0,2342.0,61200.0
2021-09-27,26640,2345.0,2358.0,2323.0,2324.0,0,0,84400.0,197004700.0,1.0,2345.0,2358.0,2323.0,2324.0,84400.0
2021-09-28,26640,2310.0,2314.0,2265.0,2286.0,0,0,93400.0,213480400.0,1.0,2310.0,2314.0,2265.0,2286.0,93400.0
2021-09-29,26640,2268.0,2288.0,2251.0,2288.0,0,0,97900.0,222274600.0,1.0,2268.0,2288.0,2251.0,2288.0,97900.0
2021-09-30,26640,2289.0,2321.0,2265.0,2265.0,0,0,83500.0,190720500.0,1.0,2289.0,2321.0,2265.0,2265.0,83500.0
2021-10-01,26640,2255.0,2256.0,2228.0,2233.0,0,0,83700.0,187347800.0,1.0,2255.0,2256.0,2228.0,2233.0,83700.0
2021-10-04,26640,2240.0,2260.0,2214.0,2226.0,0,0,72700.0,162418200.0,1.0,2240.0,2260.0,2214.0,2226.0,72700.0
2021-10-05,26640,2211.0,2230.0,2201.0,2216.0,0,0,71300.0,157907300.0,1.0,2211.0,2230.0,2201.0,2216.0,71300.0
2021-10-06,26640,2230.0,2258.0,2223.0,2246.0,0,0,61900.0,138685400.0,1.0,2230.0,2258.0,2223.0,2246.0,61900.0
2021-10-07,26640,2254.0,2286.0,2252.0,2270.0,0,0,88300.0,200717100.0,1.0,2254.0,2286.0,2252.0,2270.0,88300.0
2021-10-08,26640,2280.0,2306.0,2271.0,2288.0,0,0,76800.0,175862500.0,1.0,2280.0,2306.0,2271.0,2288.0,76800.0
2021-10-11,26640,2310.0,2314.0,2285.0,2304.0,0,0,73800.0,169950600.0,1.0,2310.0,2314.0,2285.0,2304.0,73800.0
2021-10-12,26640,2304.0,2312.0,2251.0,2251.0,0,0,54900.0,124690500.0,1.0,2304.0,2312.0,2251.0,2251.0,54900.0
2021-10-13,26640,2250.0,2255.0,2228.0,2234.0,0,0,56400.0,126216600.0,1.0,2250.0,2255.0,2228.0,2234.0,56400.0
2021-10-14,26640,2235.0,2236.0,2214.0,2221.0,0,0,47200.0,104940900.0,1.0,2235.0,2236.0,2214.0,2221.0,47200.0
2021-10-15,26640,2242.0,2268.0,2233.0,2262.0,0,0,43500.0,98080500.0,1.0,2242.0,2268.0,2233.0,2262.0,43500.0
2021-10-18,26640,2269.0,2270.0,2233.0,2238.0,0,0,58600.0,131456200.0,1.0,2269.0,2270.0,2233.0,2238.0,58600.0
2021-10-19,26640,2248.0,2251.0,2223.0,2229.0,0,0,64300.0,143474300.0,1.0,2248.0,2251.0,2223.0,2229.0,64300.0
2021-10-20,26640,2229.0,2257.0,2229.0,2246.0,0,0,70900.0,159188800.0,1.0,2229.0,2257.0,2229.0,2246.0,70900.0
2021-10-21,26640,2232.0,2232.0,2206.0,2210.0,0,0,69800.0,154714800.0,1.0,2232.0,2232.0,2206.0,2210.0,69800.0
2021-10-22,26640,2206.0,2215.0,2175.0,2179.0,0,0,95600.0,209727900.0,1.0,2206.0,2215.0,2175.0,2179.0,95600.0
2021-10-25,26640,2177.0,2179.0,2147.0,2152.0,0,0,88900.0,192080000.0,1.0,2177.0,2179.0,2147.0,2152.0,88900.0
2021-10-26,26640,2142.0,2174.0,2139.0,2174.0,0,0,96100.0,207933400.0,1.0,2142.0,2174.0,2139.0,2174.0,96100.0
2021-10-27,26640,2218.0,2265.0,2195.0,2196.0,0,0,169400.0,376358700.0,1.0,2218.0,2265.0,2195.0,2196.0,169400.0
2021-10-28,26640,2182.0,2255.0,2181.0,2236.0,0,0,250600.0,560781300.0,1.0,2182.0,2255.0,2181.0,2236.0,250600.0
2021-10-29,26640,2236.0,2236.0,2185.0,2219.0,0,0,66400.0,146842300.0,1.0,2236.0,2236.0,2185.0,2219.0,66400.0
2021-11-01,26640,2248.0,2264.0,2227.0,2264.0,0,0,59400.0,133721700.0,1.0,2248.0,2264.0,2227.0,2264.0,59400.0
2021-11-02,26640,2248.0,2269.0,2237.0,2260.0,0,0,61700.0,139266300.0,1.0,2248.0,2269.0,2237.0,2260.0,61700.0
2021-11-04,26640,2270.0,2355.0,2270.0,2338.0,0,0,209500.0,485421200.0,1.0,2270.0,2355.0,2270.0,2338.0,209500.0
2021-11-05,26640,2318.0,2356.0,2318.0,2352.0,0,0,81100.0,189940000.0,1.0,2318.0,2356.0,2318.0,2352.0,81100.0
2021-11-08,26640,2366.0,2376.0,2329.0,2329.0,0,0,86800.0,203649800.0,1.0,2366.0,2376.0,2329.0,2329.0,86800.0
2021-11-09,26640,2318.0,2318.0,2271.0,2278.0,0,0,63400.0,145130500.0,1.0,2318.0,2318.0,2271.0,2278.0,63400.0
2021-11-10,26640,2272.0,2300.0,2268.0,2281.0,0,0,42600.0,97439400.0,1.0,2272.0,2300.0,2268.0,2281.0,42600.0
2021-11-11,26640,2281.0,2303.0,2262.0,2262.0,0,0,36600.0,83353700.0,1.0,2281.0,2303.0,2262.0,2262.0,36600.0
2021-11-12,26640,2259.0,2302.0,2259.0,2287.0,0,0,60100.0,137543000.0,1.0,2259.0,2302.0,2259.0,2287.0,60100.0
2021-11-15,26640,2280.0,2310.0,2279.0,2307.0,0,0,51500.0,118501500.0,1.0,2280.0,2310.0,2279.0,2307.0,51500.0
2021-11-16,26640,2313.0,2320.0,2281.0,2281.0,0,0,38400.0,88298300.0,1.0,2313.0,2320.0,2281.0,2281.0,38400.0
2021-11-17,26640,2280.0,2280.0,2227.0,2227.0,0,0,62600.0,140477300.0,1.0,2280.0,2280.0,2227.0,2227.0,62600.0
2021-11-18,26640,2225.0,2236.0,2207.0,2232.0,0,0,60600.0,134717400.0,1.0,2225.0,2236.0,2207.0,2232.0,60600.0
2021-11-19,26640,2231.0,2251.0,2227.0,2246.0,0,0,27400.0,61377500.0,1.0,2231.0,2251.0,2227.0,2246.0,27400.0
2021-11-22,26640,2250.0,2285.0,2244.0,2270.0,0,0,39600.0,89861100.0,1.0,2250.0,2285.0,2244.0,2270.0,39600.0
2021-11-24,26640,2265.0,2293.0,2242.0,2243.0,0,0,61200.0,138138300.0,1.0,2265.0,2293.0,2242.0,2243.0,61200.0
2021-11-25,26640,2261.0,2269.0,2245.0,2248.0,0,0,18800.0,42390300.0,1.0,2261.0,2269.0,2245.0,2248.0,18800.0
2021-11-26,26640,2248.0,2249.0,2222.0,2241.0,0,0,38800.0,86730800.0,1.0,2248.0,2249.0,2222.0,2241.0,38800.0
2021-11-29,26640,2219.0,2229.0,2188.0,2195.0,0,0,58100.0,127957500.0,1.0,2219.0,2229.0,2188.0,2195.0,58100.0
2021-11-30,26640,2208.0,2235.0,2157.0,2159.0,0,0,95600.0,208831700.0,1.0,2208.0,2235.0,2157.0,2159.0,95600.0
2021-12-01,26640,2165.0,2167.0,2149.0,2151.0,0,0,51500.0,111096500.0,1.0,2165.0,2167.0,2149.0,2151.0,51500.0
2021-12-02,26640,2152.0,2170.0,2133.0,2133.0,0,0,66900.0,143595700.0,1.0,2152.0,2170.0,2133.0,2133.0,66900.0
2021-12-03,26640,2122.0,2169.0,2119.0,2166.0,0,0,73300.0,157461800.0,1.0,2122.0,2169.0,2119.0,2166.0,73300.0
2021-12-06,26640,2180.0,2216.0,2180.0,2198.0,0,0,55600.0,122323100.0,1.0,2180.0,2216.0,2180.0,2198.0,55600.0
2021-12-07,26640,2228.0,2278.0,2209.0,2274.0,0,0,81600.0,184085900.0,1.0,2228.0,2278.0,2209.0,2274.0,81600.0
2021-12-08,26640,2274.0,2274.0,2222.0,2225.0,0,0,72900.0,162838200.0,1.0,2274.0,2274.0,2222.0,2225.0,72900.0
2021-12-09,26640,2228.0,2242.0,2220.0,2240.0,0,0,35300.0,78864200.0,1.0,2228.0,2242.0,2220.0,2240.0,35300.0
2021-12-10,26640,2235.0,2238.0,2216.0,2226.0,0,0,45800.0,102030500.0,1.0,2235.0,2238.0,2216.0,2226.0,45800.0
2021-12-13,26640,2238.0,2240.0,2197.0,2206.0,0,0,44800.0,98985900.0,1.0,2238.0,2240.0,2197.0,2206.0,44800.0
2021-12-14,26640,2207.0,2217.0,2198.0,2213.0,0,0,49300.0,108817700.0,1.0,2207.0,2217.0,2198.0,2213.0,49300.0
2021-12-15,26640,2218.0,2242.0,2216.0,2235.0,0,0,37000.0,82514500.0,1.0,2218.0,2242.0,2216.0,2235.0,37000.0
2021-12-16,26640,2238.0,2239.0,2216.0,2222.0,0,0,56100.0,124816800.0,1.0,2238.0,2239.0,2216.0,2222.0,56100.0
2021-12-17,26640,2209.0,2220.0,2197.0,2208.0,0,0,70100.0,154701300.0,1.0,2209.0,2220.0,2197.0,2208.0,70100.0
2021-12-20,26640,2197.0,2200.0,2181.0,2181.0,0,0,40000.0,87476200.0,1.0,2197.0,2200.0,2181.0,2181.0,40000.0
2021-12-21,26640,2205.0,2205.0,2169.0,2169.0,0,0,48900.0,106677000.0,1.0,2205.0,2205.0,2169.0,2169.0,48900.0
2021-12-22,26640,2171.0,2176.0,2161.0,2170.0,0,0,43400.0,94099300.0,1.0,2171.0,2176.0,2161.0,2170.0,43400.0
2021-12-23,26640,2173.0,2179.0,2163.0,2168.0,0,0,30900.0,67078500.0,1.0,2173.0,2179.0,2163.0,2168.0,30900.0
2021-12-24,26640,2168.0,2172.0,2148.0,2154.0,0,0,47900.0,103302000.0,1.0,2168.0,2172.0,2148.0,2154.0,47900.0
2021-12-27,26640,2152.0,2152.0,2126.0,2134.0,0,0,61000.0,130401500.0,1.0,2152.0,2152.0,2126.0,2134.0,61000.0
2021-12-28,26640,2145.0,2167.0,2138.0,2167.0,0,0,59900.0,129153300.0,1.0,2145.0,2167.0,2138.0,2167.0,59900.0
2021-12-29,26640,2164.0,2214.0,2164.0,2210.0,0,0,55000.0,120855500.0,1.0,2164.0,2214.0,2164.0,2210.0,55000.0
2021-12-30,26640,2200.0,2219.0,2190.0,2202.0,0,0,49900.0,110026300.0,1.0,2200.0,2219.0,2190.0,2202.0,49900.0
2022-01-04,26640,2210.0,2237.0,2208.0,2234.0,0,0,61700.0,137311800.0,1.0,2210.0,2237.0,2208.0,2234.0,61700.0
2022-01-05,26640,2240.0,2243.0,2216.0,2232.0,0,0,44700.0,99623700.0,1.0,2240.0,2243.0,2216.0,2232.0,44700.0
2022-01-06,26640,2220.0,2240.0,2211.0,2214.0,0,0,47100.0,104779200.0,1.0,2220.0,2240.0,2211.0,2214.0,47100.0
2022-01-07,26640,2239.0,2239.0,2207.0,2220.0,0,0,51100.0,113691200.0,1.0,2239.0,2239.0,2207.0,2220.0,51100.0
2022-01-11,26640,2223.0,2227.0,2198.0,2201.0,0,0,59600.0,131700000.0,1.0,2223.0,2227.0,2198.0,2201.0,59600.0
2022-01-12,26640,2220.0,2245.0,2210.0,2234.0,0,0,43000.0,95929000.0,1.0,2220.0,2245.0,2210.0,2234.0,43000.0
2022-01-13,26640,2228.0,2235.0,2222.0,2225.0,0,0,31700.0,70624900.0,1.0,2228.0,2235.0,2222.0,2225.0,31700.0
2022-01-14,26640,2222.0,2233.0,2213.0,2217.0,0,0,58400.0,129653100.0,1.0,2222.0,2233.0,2213.0,2217.0,58400.0
2022-01-17,26640,2217.0,2227.0,2207.0,2219.0,0,0,34000.0,75365700.0,1.0,2217.0,2227.0,2207.0,2219.0,34000.0
2022-01-18,26640,2225.0,2226.0,2195.0,2197.0,0,0,48800.0,107735700.0,1.0,2225.0,2226.0,2195.0,2197.0,48800.0
2022-01-19,26640,2188.0,2197.0,2155.0,2155.0,0,0,99000.0,215033500.0,1.0,2188.0,2197.0,2155.0,2155.0,99000.0
2022-01-20,26640,2160.0,2205.0,2158.0,2174.0,0,0,68300.0,149092800.0,1.0,2160.0,2205.0,2158.0,2174.0,68300.0
2022-01-21,26640,2160.0,2198.0,2146.0,2198.0,0,0,101800.0,220961700.0,1.0,2160.0,2198.0,2146.0,2198.0,101800.0
2022-01-24,26640,2184.0,2223.0,2184.0,2216.0,0,0,58700.0,129403300.0,1.0,2184.0,2223.0,2184.0,2216.0,58700.0
2022-01-25,26640,2205.0,2232.0,2194.0,2232.0,0,0,59600.0,132153900.0,1.0,2205.0,2232.0,2194.0,2232.0,59600.0
2022-01-26,26640,2230.0,2238.0,2209.0,2210.0,0,0,47600.0,105545900.0,1.0,2230.0,2238.0,2209.0,2210.0,47600.0
2022-01-27,26640,2210.0,2214.0,2179.0,2199.0,0,0,115800.0,254770300.0,1.0,2210.0,2214.0,2179.0,2199.0,115800.0
2022-01-28,26640,2195.0,2286.0,2195.0,2255.0,0,0,169500.0,380081300.0,1.0,2195.0,2286.0,2195.0,2255.0,169500.0
2022-01-31,26640,2271.0,2337.0,2271.0,2305.0,0,0,110400.0,254360100.0,1.0,2271.0,2337.0,2271.0,2305.0,110400.0
2022-02-01,26640,2300.0,2313.0,2280.0,2296.0,0,0,92400.0,212337200.0,1.0,2300.0,2313.0,2280.0,2296.0,92400.0
2022-02-02,26640,2311.0,2365.0,2309.0,2353.0,0,0,95900.0,225005700.0,1.0,2311.0,2365.0,2309.0,2353.0,95900.0
2022-02-03,26640,2353.0,2381.0,2350.0,2366.0,0,0,76100.0,180118300.0,1.0,2353.0,2381.0,2350.0,2366.0,76100.0
2022-02-04,26640,2364.0,2386.0,2364.0,2371.0,0,0,103300.0,244696900.0,1.0,2364.0,2386.0,2364.0,2371.0,103300.0
2022-02-07,26640,2363.0,2368.0,2338.0,2352.0,0,0,77900.0,183443100.0,1.0,2363.0,2368.0,2338.0,2352.0,77900.0
2022-02-08,26640,2357.0,2371.0,2342.0,2346.0,0,0,74300.0,174878600.0,1.0,2357.0,2371.0,2342.0,2346.0,74300.0
2022-02-09,26640,2346.0,2351.0,2326.0,2328.0,0,0,65600.0,153378900.0,1.0,2346.0,2351.0,2326.0,2328.0,65600.0
2022-02-10,26640,2339.0,2351.0,2320.0,2324.0,0,0,140200.0,327343000.0,1.0,2339.0,2351.0,2320.0,2324.0,140200.0
2022-02-14,26640,2313.0,2343.0,2303.0,2334.0,0,0,85600.0,198785500.0,1.0,2313.0,2343.0,2303.0,2334.0,85600.0
2022-02-15,26640,2334.0,2377.0,2334.0,2371.0,0,0,92800.0,219471200.0,1.0,2334.0,2377.0,2334.0,2371.0,92800.0
2022-02-16,26640,2385.0,2396.0,2371.0,2387.0,0,0,63900.0,152547000.0,1.0,2385.0,2396.0,2371.0,2387.0,63900.0
2022-02-17,26640,2382.0,2404.0,2366.0,2377.0,0,0,84300.0,201098900.0,1.0,2382.0,2404.0,2366.0,2377.0,84300.0
2022-02-18,26640,2382.0,2406.0,2374.0,2387.0,0,0,295400.0,704595200.0,1.0,2382.0,2406.0,2374.0,2387.0,295400.0
2022-02-21,26640,2382.0,2408.0,2371.0,2406.0,0,0,104100.0,248707200.0,1.0,2382.0,2408.0,2371.0,2406.0,104100.0
2022-02-22,26640,2402.0,2432.0,2388.0,2412.0,0,0,88800.0,214246500.0,1.0,2402.0,2432.0,2388.0,2412.0,88800.0
2022-02-24,26640,2403.0,2440.0,2391.0,2436.0,0,0,189300.0,456409500.0,1.0,2403.0,2440.0,2391.0,2436.0,189300.0
2022-02-25,26640,2436.0,2454.0,2401.0,2401.0,0,0,346700.0,841003900.0,1.0,2436.0,2454.0,2401.0,2401.0,346700.0
2022-02-28,26640,2424.0,2455.0,2411.0,2450.0,0,0,451200.0,1095376000.0,1.0,2424.0,2455.0,2411.0,2450.0,451200.0
2022-03-01,26640,2472.0,2481.0,2442.0,2456.0,0,0,348900.0,860339900.0,1.0,2472.0,2481.0,2442.0,2456.0,348900.0
2022-03-02,26640,2447.0,2449.0,2397.0,2403.0,0,0,360800.0,877928500.0,1.0,2447.0,2449.0,2397.0,2403.0,360800.0
2022-03-03,26640,2424.0,2469.0,2407.0,2438.0,0,0,297300.0,724307800.0,1.0,2424.0,2469.0,2407.0,2438.0,297300.0
2022-03-04,26640,2442.0,2453.0,2395.0,2401.0,0,0,215800.0,522115900.0,1.0,2442.0,2453.0,2395.0,2401.0,215800.0
2022-03-07,26640,2398.0,2442.0,2378.0,2431.0,0,0,182500.0,441355300.0,1.0,2398.0,2442.0,2378.0,2431.0,182500.0
2022-03-08,26640,2415.0,2426.0,2388.0,2403.0,0,0,230400.0,555036300.0,1.0,2415.0,2426.0,2388.0,2403.0,230400.0
2022-03-09,26640,2395.0,2422.0,2391.0,2398.0,0,0,136400.0,327938200.0,1.0,2395.0,2422.0,2391.0,2398.0,136400.0
2022-03-10,26640,2430.0,2447.0,2410.0,2433.0,0,0,237200.0,576810000.0,1.0,2430.0,2447.0,2410.0,2433.0,237200.0
2022-03-11,26640,2435.0,2447.0,2371.0,2371.0,0,0,947900.0,2284345300.0,1.0,2435.0,2447.0,2371.0,2371.0,947900.0
2022-03-14,26640,2351.0,2361.0,2278.0,2297.0,0,0,864000.0,2019171400.0,1.0,2351.0,2361.0,2278.0,2297.0,864000.0
2022-03-15,26640,2294.0,2374.0,2290.0,2365.0,0,0,247800.0,580721400.0,1.0,2294.0,2374.0,2290.0,2365.0,247800.0
2022-03-16,26640,2350.0,2362.0,2319.0,2343.0,0,0,155600.0,364792400.0,1.0,2350.0,2362.0,2319.0,2343.0,155600.0
2022-03-17,26640,2364.0,2364.0,2309.0,2319.0,0,0,116600.0,271453900.0,1.0,2364.0,2364.0,2309.0,2319.0,116600.0
2022-03-18,26640,2300.0,2311.0,2273.0,2278.0,0,0,193900.0,443139600.0,1.0,2300.0,2311.0,2273.0,2278.0,193900.0
2022-03-22,26640,2290.0,2297.0,2233.0,2238.0,0,0,135800.0,307063700.0,1.0,2290.0,2297.0,2233.0,2238.0,135800.0
2022-03-23,26640,2260.0,2291.0,2256.0,2261.0,0,0,127300.0,288916200.0,1.0,2260.0,2291.0,2256.0,2261.0,127300.0
2022-03-24,26640,2261.0,2284.0,2258.0,2280.0,0,0,114000.0,258953400.0,1.0,2261.0,2284.0,2258.0,2280.0,114000.0
2022-03-25,26640,2276.0,2288.0,2260.0,2280.0,0,0,99800.0,227074700.0,1.0,2276.0,2288.0,2260.0,2280.0,99800.0
2022-03-28,26640,2285.0,2286.0,2258.0,2273.0,0,0,78300.0,178138000.0,1.0,2285.0,2286.0,2258.0,2273.0,78300.0
2022-03-29,26640,2264.0,2272.0,2251.0,2267.0,0,0,111700.0,252863900.0,1.0,2264.0,2272.0,2251.0,2267.0,111700.0
2022-03-30,26640,2285.0,2290.0,2254.0,2290.0,0,0,107600.0,244888800.0,1.0,2285.0,2290.0,2254.0,2290.0,107600.0
2022-03-31,26640,2270.0,2284.0,2244.0,2247.0,0,0,111100.0,251069300.0,1.0,2270.0,2284.0,2244.0,2247.0,111100.0
2022-04-01,26640,2247.0,2279.0,2226.0,2271.0,0,0,79600.0,179770500.0,1.0,2247.0,2279.0,2226.0,2271.0,79600.0
2022-04-04,26640,2245.0,2257.0,2240.0,2241.0,0,0,59700.0,134016200.0,1.0,2245.0,2257.0,2240.0,2241.0,59700.0
2022-04-05,26640,2275.0,2275.0,2229.0,2230.0,0,0,54400.0,121853800.0,1.0,2275.0,2275.0,2229.0,2230.0,54400.0
2022-04-06,26640,2231.0,2235.0,2184.0,2184.0,0,0,75700.0,166678800.0,1.0,2231.0,2235.0,2184.0,2184.0,75700.0
2022-04-07,26640,2178.0,2180.0,2160.0,2164.0,0,0,72400.0,156975400.0,1.0,2178.0,2180.0,2160.0,2164.0,72400.0
2022-04-08,26640,2184.0,2190.0,2166.0,2179.0,0,0,77900.0,169629200.0,1.0,2184.0,2190.0,2166.0,2179.0,77900.0
2022-04-11,26640,2197.0,2203.0,2162.0,2174.0,0,0,64500.0,140426600.0,1.0,2197.0,2203.0,2162.0,2174.0,64500.0
2022-04-12,26640,2170.0,2186.0,2134.0,2136.0,0,0,67100.0,144010700.0,1.0,2170.0,2186.0,2134.0,2136.0,67100.0
2022-04-13,26640,2155.0,2172.0,2140.0,2170.0,0,0,71300.0,154093200.0,1.0,2155.0,2172.0,2140.0,2170.0,71300.0
2022-04-14,26640,2171.0,2193.0,2170.0,2180.0,0,0,60400.0,131751600.0,1.0,2171.0,2193.0,2170.0,2180.0,60400.0
2022-04-15,26640,2169.0,2169.0,2154.0,2159.0,0,0,39800.0,85974200.0,1.0,2169.0,2169.0,2154.0,2159.0,39800.0
2022-04-18,26640,2150.0,2150.0,2111.0,2128.0,0,0,59700.0,127029000.0,1.0,2150.0,2150.0,2111.0,2128.0,59700.0
2022-04-19,26640,2131.0,2139.0,2087.0,2087.0,0,0,101700.0,213399300.0,1.0,2131.0,2139.0,2087.0,2087.0,101700.0
2022-04-20,26640,2110.0,2121.0,2091.0,2105.0,0,0,78100.0,164375100.0,1.0,2110.0,2121.0,2091.0,2105.0,78100.0
2022-04-21,26640,2111.0,2123.0,2106.0,2118.0,0,0,48500.0,102520700.0,1.0,2111.0,2123.0,2106.0,2118.0,48500.0
2022-04-22,26640,2098.0,2106.0,2076.0,2106.0,0,0,73700.0,154283300.0,1.0,2098.0,2106.0,2076.0,2106.0,73700.0
2022-04-25,26640,2077.0,2090.0,2064.0,2076.0,0,0,75100.0,155743400.0,1.0,2077.0,2090.0,2064.0,2076.0,75100.0
2022-04-26,26640,2076.0,2083.0,2032.0,2045.0,0,0,100600.0,205754000.0,1.0,2076.0,2083.0,2032.0,2045.0,100600.0
2022-04-27,26640,2029.0,2044.0,2015.0,2026.0,0,0,171800.0,348469700.0,1.0,2029.0,2044.0,2015.0,2026.0,171800.0
2022-04-28,26640,2002.0,2048.0,1994.0,2048.0,0,0,149800.0,302710700.0,1.0,2002.0,2048.0,1994.0,2048.0,149800.0
2022-05-02,26640,2048.0,2056.0,1997.0,2016.0,0,0,126000.0,254268500.0,1.0,2048.0,2056.0,1997.0,2016.0,126000.0
2022-05-06,26640,2040.0,2055.0,2021.0,2043.0,0,0,103500.0,211159100.0,1.0,2040.0,2055.0,2021.0,2043.0,103500.0
2022-05-09,26640,2043.0,2082.0,2043.0,2058.0,0,0,105000.0,216837400.0,1.0,2043.0,2082.0,2043.0,2058.0,105000.0
2022-05-10,26640,2052.0,2085.0,2050.0,2067.0,0,0,73600.0,152451200.0,1.0,2052.0,2085.0,2050.0,2067.0,73600.0
2022-05-11,26640,2063.0,2091.0,2055.0,2085.0,0,0,62300.0,129538200.0,1.0,2063.0,2091.0,2055.0,2085.0,62300.0
2022-05-12,26640,2065.0,2065.0,2022.0,2022.0,0,0,94600.0,192537700.0,1.0,2065.0,2065.0,2022.0,2022.0,94600.0
2022-05-13,26640,2028.0,2069.0,2028.0,2068.0,0,0,53900.0,110693900.0,1.0,2028.0,2069.0,2028.0,2068.0,53900.0
2022-05-16,26640,2069.0,2069.0,2029.0,2034.0,0,0,67900.0,138561500.0,1.0,2069.0,2069.0,2029.0,2034.0,67900.0
2022-05-17,26640,2021.0,2039.0,2015.0,2017.0,0,0,55600.0,112456200.0,1.0,2021.0,2039.0,2015.0,2017.0,55600.0
2022-05-18,26640,2018.0,2030.0,2006.0,2014.0,0,0,54600.0,110153400.0,1.0,2018.0,2030.0,2006.0,2014.0,54600.0
2022-05-19,26640,1997.0,2016.0,1981.0,2016.0,0,0,83800.0,167636100.0,1.0,1997.0,2016.0,1981.0,2016.0,83800.0
2022-05-20,26640,2010.0,2036.0,2009.0,2034.0,0,0,53100.0,107515100.0,1.0,2010.0,2036.0,2009.0,2034.0,53100.0
2022-05-23,26640,2043.0,2057.0,2036.0,2046.0,0,0,37000.0,75754800.0,1.0,2043.0,2057.0,2036.0,2046.0,37000.0
2022-05-24,26640,2040.0,2040.0,2019.0,2021.0,0,0,46200.0,93628500.0,1.0,2040.0,2040.0,2019.0,2021.0,46200.0
2022-05-25,26640,2021.0,2025.0,2001.0,2004.0,0,0,58700.0,117867900.0,1.0,2021.0,2025.0,2001.0,2004.0,58700.0
2022-05-26,26640,2010.0,2035.0,2002.0,2030.0,0,0,38800.0,78579500.0,1.0,2010.0,2035.0,2002.0,2030.0,38800.0
2022-05-27,26640,2047.0,2048.0,2015.0,2032.0,0,0,47500.0,96320900.0,1.0,2047.0,2048.0,2015.0,2032.0,47500.0
2022-05-30,26640,2045.0,2066.0,2031.0,2060.0,0,0,103100.0,212086500.0,1.0,2045.0,2066.0,2031.0,2060.0,103100.0
2022-05-31,26640,2061.0,2073.0,2036.0,2040.0,0,0,64500.0,132322000.0,1.0,2061.0,2073.0,2036.0,2040.0,64500.0
2022-06-01,26640,2045.0,2088.0,2045.0,2082.0,0,0,59700.0,123962600.0,1.0,2045.0,2088.0,2045.0,2082.0,59700.0
2022-06-02,26640,2074.0,2074.0,2051.0,2055.0,0,0,34400.0,70775800.0,1.0,2074.0,2074.0,2051.0,2055.0,34400.0
2022-06-03,26640,2058.0,2070.0,2052.0,2065.0,0,0,35300.0,72865000.0,1.0,2058.0,2070.0,2052.0,2065.0,35300.0
2022-06-06,26640,2060.0,2076.0,2056.0,2071.0,0,0,38000.0,78590900.0,1.0,2060.0,2076.0,2056.0,2071.0,38000.0
2022-06-07,26640,2071.0,2092.0,2067.0,2077.0,0,0,47300.0,98475500.0,1.0,2071.0,2092.0,2067.0,2077.0,47300.0
2022-06-08,26640,2070.0,2089.0,2065.0,2082.0,0,0,52100.0,108407000.0,1.0,2070.0,2089.0,2065.0,2082.0,52100.0
2022-06-09,26640,2077.0,2084.0,2066.0,2068.0,0,0,38600.0,80089400.0,1.0,2077.0,2084.0,2066.0,2068.0,38600.0
2022-06-10,26640,2052.0,2070.0,2048.0,2061.0,0,0,60000.0,123387700.0,1.0,2052.0,2070.0,2048.0,2061.0,60000.0
2022-06-13,26640,2050.0,2068.0,2043.0,2067.0,0,0,37700.0,77612800.0,1.0,2050.0,2068.0,2043.0,2067.0,37700.0
2022-06-14,26640,2049.0,2066.0,2037.0,2043.0,0,0,48800.0,99883700.0,1.0,2049.0,2066.0,2037.0,2043.0,48800.0
2022-06-15,26640,2035.0,2037.0,2013.0,2025.0,0,0,52800.0,106867500.0,1.0,2035.0,2037.0,2013.0,2025.0,52800.0
2022-06-16,26640,2025.0,2033.0,2008.0,2012.0,0,0,74800.0,150928500.0,1.0,2025.0,2033.0,2008.0,2012.0,74800.0
2022-06-17,26640,2000.0,2044.0,1992.0,2033.0,0,0,90400.0,182805700.0,1.0,2000.0,2044.0,1992.0,2033.0,90400.0
2022-06-20,26640,2037.0,2056.0,2035.0,2048.0,0,0,61400.0,125584500.0,1.0,2037.0,2056.0,2035.0,2048.0,61400.0
2022-06-21,26640,2059.0,2080.0,2057.0,2072.0,0,0,41500.0,85918800.0,1.0,2059.0,2080.0,2057.0,2072.0,41500.0
2022-06-22,26640,2075.0,2096.0,2058.0,2085.0,0,0,49400.0,102943900.0,1.0,2075.0,2096.0,2058.0,2085.0,49400.0
2022-06-23,26640,2090.0,2129.0,2086.0,2117.0,0,0,73800.0,156257900.0,1.0,2090.0,2129.0,2086.0,2117.0,73800.0
2022-06-24,26640,2132.0,2134.0,2101.0,2120.0,0,0,64700.0,136998900.0,1.0,2132.0,2134.0,2101.0,2120.0,64700.0
2022-06-27,26640,2139.0,2139.0,2111.0,2128.0,0,0,33600.0,71337400.0,1.0,2139.0,2139.0,2111.0,2128.0,33600.0
2022-06-28,26640,2107.0,2134.0,2106.0,2130.0,0,0,36200.0,76902400.0,1.0,2107.0,2134.0,2106.0,2130.0,36200.0
2022-06-29,26640,2115.0,2151.0,2115.0,2151.0,0,0,68300.0,146310000.0,1.0,2115.0,2151.0,2115.0,2151.0,68300.0
2022-06-30,26640,2155.0,2171.0,2136.0,2143.0,0,0,66800.0,143616300.0,1.0,2155.0,2171.0,2136.0,2143.0,66800.0
2022-07-01,26640,2143.0,2152.0,2102.0,2116.0,0,0,71200.0,151002600.0,1.0,2143.0,2152.0,2102.0,2116.0,71200.0
2022-07-04,26640,2150.0,2154.0,2134.0,2149.0,0,0,21500.0,46164700.0,1.0,2150.0,2154.0,2134.0,2149.0,21500.0
2022-07-05,26640,2137.0,2137.0,2111.0,2114.0,0,0,27700.0,58708500.0,1.0,2137.0,2137.0,2111.0,2114.0,27700.0
2022-07-06,26640,2114.0,2138.0,2114.0,2133.0,0,0,30200.0,64280700.0,1.0,2114.0,2138.0,2114.0,2133.0,30200.0
2022-07-07,26640,2147.0,2155.0,2132.0,2148.0,0,0,37200.0,79905300.0,1.0,2147.0,2155.0,2132.0,2148.0,37200.0
2022-07-08,26640,2145.0,2161.0,2122.0,2146.0,0,0,72000.0,154565600.0,1.0,2145.0,2161.0,2122.0,2146.0,72000.0
2022-07-11,26640,2150.0,2174.0,2149.0,2169.0,0,0,50300.0,108986700.0,1.0,2150.0,2174.0,2149.0,2169.0,50300.0
2022-07-12,26640,2170.0,2187.0,2147.0,2151.0,0,0,46900.0,101424500.0,1.0,2170.0,2187.0,2147.0,2151.0,46900.0
2022-07-13,26640,2161.0,2169.0,2149.0,2165.0,0,0,33400.0,72193600.0,1.0,2161.0,2169.0,2149.0,2165.0,33400.0
2022-07-14,26640,2165.0,2165.0,2151.0,2159.0,0,0,24800.0,53542000.0,1.0,2165.0,2165.0,2151.0,2159.0,24800.0
2022-07-15,26640,2165.0,2165.0,2136.0,2154.0,0,0,29300.0,63096900.0,1.0,2165.0,2165.0,2136.0,2154.0,29300.0
2022-07-19,26640,2158.0,2158.0,2135.0,2135.0,0,0,26000.0,55623700.0,1.0,2158.0,2158.0,2135.0,2135.0,26000.0
2022-07-20,26640,2150.0,2180.0,2150.0,2175.0,0,0,55100.0,119681200.0,1.0,2150.0,2180.0,2150.0,2175.0,55100.0
2022-07-21,26640,2169.0,2187.0,2159.0,2183.0,0,0,52200.0,113865200.0,1.0,2169.0,2187.0,2159.0,2183.0,52200.0
2022-07-22,26640,2187.0,2218.0,2185.0,2211.0,0,0,65100.0,143666400.0,1.0,2187.0,2218.0,2185.0,2211.0,65100.0
2022-07-25,26640,2220.0,2220.0,2180.0,2182.0,0,0,22900.0,50204100.0,1.0,2220.0,2220.0,2180.0,2182.0,22900.0
2022-07-26,26640,2182.0,2193.0,2166.0,2190.0,0,0,47900.0,104394700.0,1.0,2182.0,2193.0,2166.0,2190.0,47900.0
2022-07-27,26640,2181.0,2186.0,2150.0,2150.0,0,0,35900.0,77550600.0,1.0,2181.0,2186.0,2150.0,2150.0,35900.0
2022-07-28,26640,2165.0,2181.0,2150.0,2178.0,0,0,59900.0,129867600.0,1.0,2165.0,2181.0,2150.0,2178.0,59900.0
2022-07-29,26640,2168.0,2172.0,2142.0,2150.0,0,0,44000.0,94663200.0,1.0,2168.0,2172.0,2142.0,2150.0,44000.0
2022-08-01,26640,2157.0,2174.0,2142.0,2174.0,0,0,31400.0,67829900.0,1.0,2157.0,2174.0,2142.0,2174.0,31400.0
2022-08-02,26640,2174.0,2174.0,2134.0,2147.0,0,0,39000.0,83711000.0,1.0,2174.0,2174.0,2134.0,2147.0,39000.0
2022-08-03,26640,2140.0,2143.0,2126.0,2126.0,0,0,31800.0,67798000.0,1.0,2140.0,2143.0,2126.0,2126.0,31800.0
2022-08-04,26640,2125.0,2128.0,2101.0,2108.0,0,0,25500.0,53830300.0,1.0,2125.0,2128.0,2101.0,2108.0,25500.0
2022-08-05,26640,2100.0,2132.0,2100.0,2124.0,0,0,23500.0,49859300.0,1.0,2100.0,2132.0,2100.0,2124.0,23500.0
2022-08-08,26640,2115.0,2125.0,2105.0,2116.0,0,0,17700.0,37414300.0,1.0,2115.0,2125.0,2105.0,2116.0,17700.0
2022-08-09,26640,2116.0,2131.0,2110.0,2118.0,0,0,27600.0,58464000.0,1.0,2116.0,2131.0,2110.0,2118.0,27600.0
2022-08-10,26640,2120.0,2125.0,2107.0,2111.0,0,0,26900.0,56852500.0,1.0,2120.0,2125.0,2107.0,2111.0,26900.0
2022-08-12,26640,2120.0,2143.0,2116.0,2137.0,0,0,42800.0,91319700.0,1.0,2120.0,2143.0,2116.0,2137.0,42800.0
2022-08-15,26640,2138.0,2143.0,2128.0,2142.0,0,0,23900.0,51095300.0,1.0,2138.0,2143.0,2128.0,2142.0,23900.0
2022-08-16,26640,2142.0,2146.0,2133.0,2140.0,0,0,26200.0,56030900.0,1.0,2142.0,2146.0,2133.0,2140.0,26200.0
2022-08-17,26640,2145.0,2160.0,2145.0,2157.0,0,0,34400.0,74086700.0,1.0,2145.0,2160.0,2145.0,2157.0,34400.0
2022-08-18,26640,2144.0,2153.0,2133.0,2135.0,0,0,23800.0,50948300.0,1.0,2144.0,2153.0,2133.0,2135.0,23800.0
2022-08-19,26640,2143.0,2159.0,2143.0,2149.0,0,0,21500.0,46288200.0,1.0,2143.0,2159.0,2143.0,2149.0,21500.0
2022-08-22,26640,2150.0,2169.0,2142.0,2169.0,0,0,30700.0,66302300.0,1.0,2150.0,2169.0,2142.0,2169.0,30700.0
2022-08-23,26640,2155.0,2155.0,2138.0,2145.0,0,0,22200.0,47620300.0,1.0,2155.0,2155.0,2138.0,2145.0,22200.0
2022-08-24,26640,2142.0,2159.0,2137.0,2154.0,0,0,17100.0,36771800.0,1.0,2142.0,2159.0,2137.0,2154.0,17100.0
2022-08-25,26640,2153.0,2153.0,2139.0,2143.0,0,0,11800.0,25313700.0,1.0,2153.0,2153.0,2139.0,2143.0,11800.0
2022-08-26,26640,2148.0,2148.0,2128.0,2130.0,0,0,17100.0,36521700.0,1.0,2148.0,2148.0,2128.0,2130.0,17100.0
2022-08-29,26640,2110.0,2134.0,2102.0,2128.0,0,0,27300.0,57845000.0,1.0,2110.0,2134.0,2102.0,2128.0,27300.0
2022-08-30,26640,2128.0,2160.0,2125.0,2160.0,0,0,23200.0,49871300.0,1.0,2128.0,2160.0,2125.0,2160.0,23200.0
2022-08-31,26640,2140.0,2140.0,2115.0,2117.0,0,0,46700.0,99086800.0,1.0,2140.0,2140.0,2115.0,2117.0,46700.0
2022-09-01,26640,2110.0,2123.0,2094.0,2094.0,0,0,65700.0,138209400.0,1.0,2110.0,2123.0,2094.0,2094.0,65700.0
2022-09-02,26640,2100.0,2116.0,2095.0,2110.0,0,0,34300.0,72227800.0,1.0,2100.0,2116.0,2095.0,2110.0,34300.0
2022-09-05,26640,2091.0,2091.0,2073.0,2079.0,0,0,36000.0,74911900.0,1.0,2091.0,2091.0,2073.0,2079.0,36000.0
2022-09-06,26640,2080.0,2082.0,2059.0,2068.0,0,0,55500.0,114850600.0,1.0,2080.0,2082.0,2059.0,2068.0,55500.0
2022-09-07,26640,2051.0,2065.0,2048.0,2062.0,0,0,40900.0,84090100.0,1.0,2051.0,2065.0,2048.0,2062.0,40900.0
2022-09-08,26640,2077.0,2085.0,2073.0,2085.0,0,0,39800.0,82774900.0,1.0,2077.0,2085.0,2073.0,2085.0,39800.0
2022-09-09,26640,2050.0,2083.0,2050.0,2081.0,0,0,43100.0,88997000.0,1.0,2050.0,2083.0,2050.0,2081.0,43100.0
2022-09-12,26640,2102.0,2105.0,2081.0,2083.0,0,0,22900.0,47867300.0,1.0,2102.0,2105.0,2081.0,2083.0,22900.0
2022-09-13,26640,2080.0,2091.0,2072.0,2089.0,0,0,32600.0,67926200.0,1.0,2080.0,2091.0,2072.0,2089.0,32600.0
2022-09-14,26640,2048.0,2072.0,2040.0,2068.0,0,0,58000.0,119518200.0,1.0,2048.0,2072.0,2040.0,2068.0,58000.0
2022-09-15,26640,2073.0,2083.0,2065.0,2083.0,0,0,33300.0,69045300.0,1.0,2073.0,2083.0,2065.0,2083.0,33300.0
2022-09-16,26640,2082.0,2098.0,2071.0,2092.0,0,0,38600.0,80550600.0,1.0,2082.0,2098.0,2071.0,2092.0,38600.0
2022-09-20,26640,2095.0,2105.0,2091.0,2105.0,0,0,34200.0,71821000.0,1.0,2095.0,2105.0,2091.0,2105.0,34200.0
2022-09-21,26640,2094.0,2100.0,2075.0,2084.0,0,0,30500.0,63649100.0,1.0,2094.0,2100.0,2075.0,2084.0,30500.0
2022-09-22,26640,2070.0,2078.0,2064.0,2078.0,0,0,32600.0,67588700.0,1.0,2070.0,2078.0,2064.0,2078.0,32600.0
2022-09-26,26640,2070.0,2092.0,2064.0,2087.0,0,0,69300.0,144358900.0,1.0,2070.0,2092.0,2064.0,2087.0,69300.0
2022-09-27,26640,2084.0,2112.0,2084.0,2103.0,0,0,72500.0,152400700.0,1.0,2084.0,2112.0,2084.0,2103.0,72500.0
2022-09-28,26640,2088.0,2088.0,2051.0,2078.0,0,0,89000.0,184161800.0,1.0,2088.0,2088.0,2051.0,2078.0,89000.0
2022-09-29,26640,2093.0,2119.0,2064.0,2112.0,0,0,83300.0,175463600.0,1.0,2093.0,2119.0,2064.0,2112.0,83300.0
2022-09-30,26640,2111.0,2143.0,2109.0,2131.0,0,0,75800.0,161501100.0,1.0,2111.0,2143.0,2109.0,2131.0,75800.0
2022-10-03,26640,2118.0,2122.0,2056.0,2082.0,0,0,70200.0,145572900.0,1.0,2118.0,2122.0,2056.0,2082.0,70200.0
2022-10-04,26640,2097.0,2162.0,2097.0,2160.0,0,0,85300.0,183246000.0,1.0,2097.0,2162.0,2097.0,2160.0,85300.0
2022-10-05,26640,2157.0,2164.0,2143.0,2148.0,0,0,52900.0,113935600.0,1.0,2157.0,2164.0,2143.0,2148.0,52900.0
2022-10-06,26640,2119.0,2162.0,2119.0,2149.0,0,0,60600.0,130314300.0,1.0,2119.0,2162.0,2119.0,2149.0,60600.0
2022-10-07,26640,2107.0,2143.0,2103.0,2139.0,0,0,53900.0,114703500.0,1.0,2107.0,2143.0,2103.0,2139.0,53900.0
2022-10-11,26640,2117.0,2130.0,2092.0,2108.0,0,0,66300.0,139701400.0,1.0,2117.0,2130.0,2092.0,2108.0,66300.0
2022-10-12,26640,2099.0,2138.0,2095.0,2127.0,0,0,56800.0,120529500.0,1.0,2099.0,2138.0,2095.0,2127.0,56800.0
2022-10-13,26640,2113.0,2130.0,2106.0,2127.0,0,0,55000.0,116634800.0,1.0,2113.0,2130.0,2106.0,2127.0,55000.0
2022-10-14,26640,2150.0,2154.0,2130.0,2139.0,0,0,63000.0,135182800.0,1.0,2150.0,2154.0,2130.0,2139.0,63000.0
2022-10-17,26640,2129.0,2132.0,2113.0,2117.0,0,0,41800.0,88668500.0,1.0,2129.0,2132.0,2113.0,2117.0,41800.0
2022-10-18,26640,2128.0,2136.0,2121.0,2128.0,0,0,41800.0,88852100.0,1.0,2128.0,2136.0,2121.0,2128.0,41800.0
2022-10-19,26640,2122.0,2139.0,2110.0,2112.0,0,0,35900.0,76152900.0,1.0,2122.0,2139.0,2110.0,2112.0,35900.0
2022-10-20,26640,2098.0,2119.0,2090.0,2115.0,0,0,51500.0,108657500.0,1.0,2098.0,2119.0,2090.0,2115.0,51500.0
2022-10-21,26640,2103.0,2103.0,2094.0,2094.0,0,0,36700.0,76973000.0,1.0,2103.0,2103.0,2094.0,2094.0,36700.0
2022-10-24,26640,2106.0,2106.0,2062.0,2064.0,0,0,59100.0,122487900.0,1.0,2106.0,2106.0,2062.0,2064.0,59100.0
2022-10-25,26640,2063.0,2063.0,2044.0,2055.0,0,0,76300.0,156603900.0,1.0,2063.0,2063.0,2044.0,2055.0,76300.0
2022-10-26,26640,2050.0,2078.0,2048.0,2069.0,0,0,60800.0,125565400.0,1.0,2050.0,2078.0,2048.0,2069.0,60800.0
2022-10-27,26640,2070.0,2087.0,2043.0,2043.0,0,0,50400.0,103855400.0,1.0,2070.0,2087.0,2043.0,2043.0,50400.0
2022-10-28,26640,2037.0,2053.0,2027.0,2035.0,0,0,133500.0,271856500.0,1.0,2037.0,2053.0,2027.0,2035.0,133500.0
2022-10-31,26640,2046.0,2061.0,2032.0,2061.0,0,0,60200.0,123205600.0,1.0,2046.0,2061.0,2032.0,2061.0,60200.0
2022-11-01,26640,2061.0,2062.0,2036.0,2046.0,0,0,47500.0,97131900.0,1.0,2061.0,2062.0,2036.0,2046.0,47500.0
2022-11-02,26640,2045.0,2077.0,2040.0,2064.0,0,0,88300.0,182326500.0,1.0,2045.0,2077.0,2040.0,2064.0,88300.0
2022-11-04,26640,2052.0,2068.0,2044.0,2059.0,0,0,62000.0,127488700.0,1.0,2052.0,2068.0,2044.0,2059.0,62000.0
2022-11-07,26640,2059.0,2069.0,2053.0,2066.0,0,0,40800.0,84129400.0,1.0,2059.0,2069.0,2053.0,2066.0,40800.0
2022-11-08,26640,2070.0,2099.0,2070.0,2093.0,0,0,52000.0,108589200.0,1.0,2070.0,2099.0,2070.0,2093.0,52000.0
2022-11-09,26640,2093.0,2111.0,2078.0,2111.0,0,0,45700.0,96090000.0,1.0,2093.0,2111.0,2078.0,2111.0,45700.0
2022-11-10,26640,2095.0,2106.0,2093.0,2096.0,0,0,22200.0,46597000.0,1.0,2095.0,2106.0,2093.0,2096.0,22200.0
2022-11-11,26640,2121.0,2121.0,2099.0,2102.0,0,0,39200.0,82603800.0,1.0,2121.0,2121.0,2099.0,2102.0,39200.0
2022-11-14,26640,2100.0,2109.0,2087.0,2106.0,0,0,26800.0,56274100.0,1.0,2100.0,2109.0,2087.0,2106.0,26800.0
2022-11-15,26640,2102.0,2129.0,2102.0,2118.0,0,0,30600.0,64893000.0,1.0,2102.0,2129.0,2102.0,2118.0,30600.0
2022-11-16,26640,2114.0,2129.0,2110.0,2129.0,0,0,32500.0,68976500.0,1.0,2114.0,2129.0,2110.0,2129.0,32500.0
2022-11-17,26640,2128.0,2145.0,2125.0,2144.0,0,0,33600.0,71799400.0,1.0,2128.0,2145.0,2125.0,2144.0,33600.0
2022-11-18,26640,2150.0,2170.0,2140.0,2145.0,0,0,33300.0,71623400.0,1.0,2150.0,2170.0,2140.0,2145.0,33300.0
2022-11-21,26640,2147.0,2153.0,2133.0,2153.0,0,0,20800.0,44663400.0,1.0,2147.0,2153.0,2133.0,2153.0,20800.0
2022-11-22,26640,2150.0,2193.0,2150.0,2186.0,0,0,54400.0,118642500.0,1.0,2150.0,2193.0,2150.0,2186.0,54400.0
2022-11-24,26640,2190.0,2202.0,2185.0,2197.0,0,0,43000.0,94370300.0,1.0,2190.0,2202.0,2185.0,2197.0,43000.0
2022-11-25,26640,2200.0,2224.0,2198.0,2204.0,0,0,41400.0,91458000.0,1.0,2200.0,2224.0,2198.0,2204.0,41400.0
2022-11-28,26640,2209.0,2209.0,2170.0,2175.0,0,0,29700.0,64712300.0,1.0,2209.0,2209.0,2170.0,2175.0,29700.0
2022-11-29,26640,2160.0,2166.0,2142.0,2147.0,0,0,41700.0,89684000.0,1.0,2160.0,2166.0,2142.0,2147.0,41700.0
2022-11-30,26640,2143.0,2146.0,2111.0,2111.0,0,0,59300.0,125923900.0,1.0,2143.0,2146.0,2111.0,2111.0,59300.0
2022-12-01,26640,2116.0,2124.0,2096.0,2114.0,0,0,49200.0,103706000.0,1.0,2116.0,2124.0,2096.0,2114.0,49200.0
2022-12-02,26640,2101.0,2106.0,2070.0,2099.0,0,0,72200.0,150590100.0,1.0,2101.0,2106.0,2070.0,2099.0,72200.0
2022-12-05,26640,2101.0,2132.0,2097.0,2132.0,0,0,50200.0,106373400.0,1.0,2101.0,2132.0,2097.0,2132.0,50200.0
2022-12-06,26640,2125.0,2134.0,2120.0,2129.0,0,0,22700.0,48307200.0,1.0,2125.0,2134.0,2120.0,2129.0,22700.0
2022-12-07,26640,2126.0,2143.0,2123.0,2133.0,0,0,29900.0,63828600.0,1.0,2126.0,2143.0,2123.0,2133.0,29900.0
2022-12-08,26640,2136.0,2139.0,2113.0,2139.0,0,0,29700.0,63384000.0,1.0,2136.0,2139.0,2113.0,2139.0,29700.0
2022-12-09,26640,2137.0,2143.0,2131.0,2138.0,0,0,28700.0,61342700.0,1.0,2137.0,2143.0,2131.0,2138.0,28700.0
2022-12-12,26640,2138.0,2160.0,2137.0,2155.0,0,0,31300.0,67389000.0,1.0,2138.0,2160.0,2137.0,2155.0,31300.0
2022-12-13,26640,2168.0,2180.0,2161.0,2161.0,0,0,36200.0,78482600.0,1.0,2168.0,2180.0,2161.0,2161.0,36200.0
2022-12-14,26640,2170.0,2178.0,2162.0,2178.0,0,0,25900.0,56275300.0,1.0,2170.0,2178.0,2162.0,2178.0,25900.0
2022-12-15,26640,2171.0,2190.0,2170.0,2189.0,0,0,25600.0,55894000.0,1.0,2171.0,2190.0,2170.0,2189.0,25600.0
2022-12-16,26640,2170.0,2184.0,2165.0,2165.0,0,0,33100.0,71877100.0,1.0,2170.0,2184.0,2165.0,2165.0,33100.0
2022-12-19,26640,2165.0,2177.0,2160.0,2172.0,0,0,23400.0,50775600.0,1.0,2165.0,2177.0,2160.0,2172.0,23400.0
2022-12-20,26640,2170.0,2180.0,2138.0,2156.0,0,0,53400.0,115143000.0,1.0,2170.0,2180.0,2138.0,2156.0,53400.0
2022-12-21,26640,2160.0,2167.0,2142.0,2161.0,0,0,46500.0,100238600.0,1.0,2160.0,2167.0,2142.0,2161.0,46500.0
2022-12-22,26640,2161.0,2176.0,2152.0,2174.0,0,0,38600.0,83630400.0,1.0,2161.0,2176.0,2152.0,2174.0,38600.0
2022-12-23,26640,2163.0,2191.0,2163.0,2190.0,0,0,44300.0,96384400.0,1.0,2163.0,2191.0,2163.0,2190.0,44300.0
2022-12-26,26640,2193.0,2208.0,2190.0,2204.0,0,0,32600.0,71711900.0,1.0,2193.0,2208.0,2190.0,2204.0,32600.0
2022-12-27,26640,2210.0,2247.0,2210.0,2247.0,0,0,47900.0,107112400.0,1.0,2210.0,2247.0,2210.0,2247.0,47900.0
2022-12-28,26640,2247.0,2247.0,2224.0,2238.0,0,0,31100.0,69453000.0,1.0,2247.0,2247.0,2224.0,2238.0,31100.0
2022-12-29,26640,2232.0,2232.0,2200.0,2217.0,0,0,53200.0,117940500.0,1.0,2232.0,2232.0,2200.0,2217.0,53200.0
2022-12-30,26640,2223.0,2235.0,2209.0,2229.0,0,0,96600.0,214860300.0,1.0,2223.0,2235.0,2209.0,2229.0,96600.0
2023-01-04,26640,2220.0,2220.0,2185.0,2191.0,0,0,58000.0,127848700.0,1.0,2220.0,2220.0,2185.0,2191.0,58000.0
2023-01-05,26640,2205.0,2209.0,2184.0,2207.0,0,0,59500.0,130903100.0,1.0,2205.0,2209.0,2184.0,2207.0,59500.0
2023-01-06,26640,2226.0,2241.0,2218.0,2233.0,0,0,110800.0,246967700.0,1.0,2226.0,2241.0,2218.0,2233.0,110800.0
2023-01-10,26640,2245.0,2258.0,2235.0,2243.0,0,0,46200.0,103670200.0,1.0,2245.0,2258.0,2235.0,2243.0,46200.0
2023-01-11,26640,2241.0,2251.0,2218.0,2218.0,0,0,35800.0,79954800.0,1.0,2241.0,2251.0,2218.0,2218.0,35800.0
2023-01-12,26640,2220.0,2243.0,2218.0,2233.0,0,0,47400.0,105746100.0,1.0,2220.0,2243.0,2218.0,2233.0,47400.0
2023-01-13,26640,2238.0,2254.0,2223.0,2227.0,0,0,128000.0,286293000.0,1.0,2238.0,2254.0,2223.0,2227.0,128000.0
2023-01-16,26640,2215.0,2221.0,2207.0,2214.0,0,0,42500.0,94095000.0,1.0,2215.0,2221.0,2207.0,2214.0,42500.0
2023-01-17,26640,2208.0,2212.0,2191.0,2201.0,0,0,42200.0,92866400.0,1.0,2208.0,2212.0,2191.0,2201.0,42200.0
2023-01-18,26640,2200.0,2216.0,2198.0,2205.0,0,0,42300.0,93316400.0,1.0,2200.0,2216.0,2198.0,2205.0,42300.0
2023-01-19,26640,2190.0,2210.0,2187.0,2203.0,0,0,38400.0,84425400.0,1.0,2190.0,2210.0,2187.0,2203.0,38400.0
2023-01-20,26640,2215.0,2230.0,2211.0,2212.0,0,0,103100.0,228440700.0,1.0,2215.0,2230.0,2211.0,2212.0,103100.0
2023-01-23,26640,2212.0,2248.0,2212.0,2246.0,0,0,56300.0,125874100.0,1.0,2212.0,2248.0,2212.0,2246.0,56300.0
2023-01-24,26640,2249.0,2253.0,2240.0,2240.0,0,0,46500.0,104419900.0,1.0,2249.0,2253.0,2240.0,2240.0,46500.0
2023-01-25,26640,2239.0,2251.0,2236.0,2250.0,0,0,29200.0,65546400.0,1.0,2239.0,2251.0,2236.0,2250.0,29200.0
2023-01-26,26640,2247.0,2253.0,2235.0,2236.0,0,0,57800.0,129563500.0,1.0,2247.0,2253.0,2235.0,2236.0,57800.0
2023-01-27,26640,2232.0,2241.0,2210.0,2217.0,0,0,159900.0,356044900.0,1.0,2232.0,2241.0,2210.0,2217.0,159900.0
2023-01-30,26640,2205.0,2224.0,2205.0,2212.0,0,0,82700.0,182771000.0,1.0,2205.0,2224.0,2205.0,2212.0,82700.0
2023-01-31,26640,2222.0,2243.0,2213.0,2242.0,0,0,60500.0,135135500.0,1.0,2222.0,2243.0,2213.0,2242.0,60500.0
2023-02-01,26640,2244.0,2249.0,2232.0,2232.0,0,0,42900.0,96089200.0,1.0,2244.0,2249.0,2232.0,2232.0,42900.0
2023-02-02,26640,2236.0,2243.0,2220.0,2220.0,0,0,37200.0,83012500.0,1.0,2236.0,2243.0,2220.0,2220.0,37200.0
2023-02-03,26640,2220.0,2233.0,2220.0,2233.0,0,0,351300.0,780649500.0,1.0,2220.0,2233.0,2220.0,2233.0,351300.0
2023-02-06,26640,2241.0,2259.0,2234.0,2257.0,0,0,69800.0,156940500.0,1.0,2241.0,2259.0,2234.0,2257.0,69800.0
2023-02-07,26640,2260.0,2277.0,2260.0,2266.0,0,0,34700.0,78723500.0,1.0,2260.0,2277.0,2260.0,2266.0,34700.0
2023-02-08,26640,2266.0,2285.0,2266.0,2283.0,0,0,30800.0,70175500.0,1.0,2266.0,2285.0,2266.0,2283.0,30800.0
2023-02-09,26640,2275.0,2296.0,2273.0,2273.0,0,0,52100.0,118906300.0,1.0,2275.0,2296.0,2273.0,2273.0,52100.0
2023-02-10,26640,2280.0,2300.0,2271.0,2300.0,0,0,136800.0,312639000.0,1.0,2280.0,2300.0,2271.0,2300.0,136800.0
2023-02-13,26640,2310.0,2328.0,2305.0,2319.0,0,0,52700.0,121969400.0,1.0,2310.0,2328.0,2305.0,2319.0,52700.0
2023-02-14,26640,2330.0,2366.0,2321.0,2365.0,0,0,55800.0,131050700.0,1.0,2330.0,2366.0,2321.0,2365.0,55800.0
2023-02-15,26640,2370.0,2370.0,2335.0,2339.0,0,0,51900.0,121817900.0,1.0,2370.0,2370.0,2335.0,2339.0,51900.0
2023-02-16,26640,2350.0,2354.0,2330.0,2330.0,0,0,47300.0,110694400.0,1.0,2350.0,2354.0,2330.0,2330.0,47300.0
2023-02-17,26640,2322.0,2331.0,2319.0,2331.0,0,0,53000.0,123264200.0,1.0,2322.0,2331.0,2319.0,2331.0,53000.0
2023-02-20,26640,2325.0,2332.0,2315.0,2323.0,0,0,76600.0,178030400.0,1.0,2325.0,2332.0,2315.0,2323.0,76600.0
2023-02-21,26640,2318.0,2328.0,2318.0,2326.0,0,0,68400.0,158837900.0,1.0,2318.0,2328.0,2318.0,2326.0,68400.0
2023-02-22,26640,2320.0,2326.0,2307.0,2313.0,0,0,140300.0,325109000.0,1.0,2320.0,2326.0,2307.0,2313.0,140300.0
2023-02-24,26640,2294.0,2316.0,2289.0,2316.0,0,0,223500.0,513380700.0,1.0,2294.0,2316.0,2289.0,2316.0,223500.0
2023-02-27,26640,2316.0,2338.0,2315.0,2327.0,0,0,262800.0,609569800.0,1.0,2316.0,2338.0,2315.0,2327.0,262800.0
2023-02-28,26640,2326.0,2338.0,2320.0,2334.0,0,0,291400.0,678766500.0,1.0,2326.0,2338.0,2320.0,2334.0,291400.0
2023-03-01,26640,2340.0,2346.0,2306.0,2318.0,0,0,293000.0,680903400.0,1.0,2340.0,2346.0,2306.0,2318.0,293000.0
2023-03-02,26640,2340.0,2340.0,2314.0,2314.0,0,0,228500.0,532806100.0,1.0,2340.0,2340.0,2314.0,2314.0,228500.0
2023-03-03,26640,2332.0,2348.0,2322.0,2330.0,0,0,172400.0,402499100.0,1.0,2332.0,2348.0,2322.0,2330.0,172400.0
2023-03-06,26640,2335.0,2344.0,2324.0,2325.0,0,0,185500.0,432459300.0,1.0,2335.0,2344.0,2324.0,2325.0,185500.0
2023-03-07,26640,2333.0,2344.0,2329.0,2344.0,0,0,121200.0,283432900.0,1.0,2333.0,2344.0,2329.0,2344.0,121200.0
2023-03-08,26640,2335.0,2355.0,2335.0,2347.0,0,0,125000.0,293088200.0,1.0,2335.0,2355.0,2335.0,2347.0,125000.0
2023-03-09,26640,2353.0,2377.0,2351.0,2371.0,0,0,199200.0,471186700.0,1.0,2353.0,2377.0,2351.0,2371.0,199200.0
2023-03-10,26640,2366.0,2375.0,2341.0,2352.0,0,0,237900.0,560774400.0,1.0,2366.0,2375.0,2341.0,2352.0,237900.0
2023-03-13,26640,2335.0,2338.0,2301.0,2318.0,0,0,956600.0,2226427500.0,1.0,2335.0,2338.0,2301.0,2318.0,956600.0
2023-03-14,26640,2234.0,2238.0,2188.0,2197.0,0,0,771500.0,1713902900.0,1.0,2234.0,2238.0,2188.0,2197.0,771500.0
2023-03-15,26640,2214.0,2222.0,2194.0,2203.0,0,0,140400.0,310047000.0,1.0,2214.0,2222.0,2194.0,2203.0,140400.0
2023-03-16,26640,2179.0,2217.0,2167.0,2213.0,0,0,175300.0,384917300.0,1.0,2179.0,2217.0,2167.0,2213.0,175300.0
2023-03-17,26640,2215.0,2243.0,2209.0,2239.0,0,0,132300.0,294666300.0,1.0,2215.0,2243.0,2209.0,2239.0,132300.0
2023-03-20,26640,2237.0,2237.0,2204.0,2206.0,0,0,76200.0,168917500.0,1.0,2237.0,2237.0,2204.0,2206.0,76200.0
2023-03-22,26640,2226.0,2243.0,2212.0,2238.0,0,0,107700.0,240308700.0,1.0,2226.0,2243.0,2212.0,2238.0,107700.0
2023-03-23,26640,2228.0,2236.0,2222.0,2231.0,0,0,53100.0,118391000.0,1.0,2228.0,2236.0,2222.0,2231.0,53100.0
2023-03-24,26640,2238.0,2257.0,2225.0,2240.0,0,0,101700.0,228019400.0,1.0,2238.0,2257.0,2225.0,2240.0,101700.0
2023-03-27,26640,2251.0,2268.0,2245.0,2265.0,0,0,91600.0,206979300.0,1.0,2251.0,2268.0,2245.0,2265.0,91600.0
2023-03-28,26640,2270.0,2283.0,2268.0,2281.0,0,0,78400.0,178442900.0,1.0,2270.0,2283.0,2268.0,2281.0,78400.0
2023-03-29,26640,2285.0,2317.0,2267.0,2314.0,0,0,141000.0,323766300.0,1.0,2285.0,2317.0,2267.0,2314.0,141000.0
2023-03-30,26640,2298.0,2298.0,2256.0,2272.0,0,0,76600.0,174088100.0,1.0,2298.0,2298.0,2256.0,2272.0,76600.0
2023-03-31,26640,2286.0,2299.0,2270.0,2287.0,0,0,74900.0,171436000.0,1.0,2286.0,2299.0,2270.0,2287.0,74900.0
2023-04-03,26640,2293.0,2300.0,2280.0,2287.0,0,0,51600.0,118085900.0,1.0,2293.0,2300.0,2280.0,2287.0,51600.0
2023-04-04,26640,2291.0,2297.0,2276.0,2296.0,0,0,61500.0,140941500.0,1.0,2291.0,2297.0,2276.0,2296.0,61500.0
2023-04-05,26640,2281.0,2292.0,2265.0,2266.0,0,0,50200.0,114233400.0,1.0,2281.0,2292.0,2265.0,2266.0,50200.0
2023-04-06,26640,2255.0,2260.0,2232.0,2238.0,0,0,44900.0,100609900.0,1.0,2255.0,2260.0,2232.0,2238.0,44900.0
2023-04-07,26640,2240.0,2240.0,2223.0,2223.0,0,0,37900.0,84458000.0,1.0,2240.0,2240.0,2223.0,2223.0,37900.0
2023-04-10,26640,2233.0,2245.0,2211.0,2216.0,0,0,37900.0,84210600.0,1.0,2233.0,2245.0,2211.0,2216.0,37900.0
2023-04-11,26640,2234.0,2234.0,2215.0,2219.0,0,0,31500.0,69957700.0,1.0,2234.0,2234.0,2215.0,2219.0,31500.0
2023-04-12,26640,2231.0,2240.0,2226.0,2231.0,0,0,31600.0,70542000.0,1.0,2231.0,2240.0,2226.0,2231.0,31600.0
2023-04-13,26640,2231.0,2252.0,2222.0,2246.0,0,0,42600.0,95607400.0,1.0,2231.0,2252.0,2222.0,2246.0,42600.0
2023-04-14,26640,2264.0,2268.0,2251.0,2256.0,0,0,43000.0,97107100.0,1.0,2264.0,2268.0,2251.0,2256.0,43000.0
2023-04-17,26640,2256.0,2270.0,2256.0,2262.0,0,0,28300.0,64031000.0,1.0,2256.0,2270.0,2256.0,2262.0,28300.0
2023-04-18,26640,2270.0,2300.0,2268.0,2300.0,0,0,52100.0,119362800.0,1.0,2270.0,2300.0,2268.0,2300.0,52100.0
2023-04-19,26640,2300.0,2300.0,2280.0,2293.0,0,0,38100.0,87218500.0,1.0,2300.0,2300.0,2280.0,2293.0,38100.0
2023-04-20,26640,2293.0,2303.0,2283.0,2293.0,0,0,41700.0,95739500.0,1.0,2293.0,2303.0,2283.0,2293.0,41700.0
2023-04-21,26640,2290.0,2319.0,2290.0,2310.0,0,0,34200.0,79007700.0,1.0,2290.0,2319.0,2290.0,2310.0,34200.0
2023-04-24,26640,2318.0,2326.0,2310.0,2311.0,0,0,34600.0,80196100.0,1.0,2318.0,2326.0,2310.0,2311.0,34600.0
2023-04-25,26640,2320.0,2342.0,2320.0,2336.0,0,0,57200.0,133553700.0,1.0,2320.0,2342.0,2320.0,2336.0,57200.0
2023-04-26,26640,2328.0,2348.0,2323.0,2331.0,0,0,41700.0,97412600.0,1.0,2328.0,2348.0,2323.0,2331.0,41700.0
2023-04-27,26640,2331.0,2344.0,2321.0,2327.0,0,0,47200.0,109960000.0,1.0,2331.0,2344.0,2321.0,2327.0,47200.0
2023-04-28,26640,2343.0,2351.0,2322.0,2330.0,0,0,62900.0,146746400.0,1.0,2343.0,2351.0,2322.0,2330.0,62900.0
2023-05-01,26640,2230.0,2254.0,2218.0,2244.0,0,0,126700.0,283193100.0,1.0,2230.0,2254.0,2218.0,2244.0,126700.0
2023-05-02,26640,2233.0,2234.0,2198.0,2210.0,0,0,123000.0,271848200.0,1.0,2233.0,2234.0,2198.0,2210.0,123000.0
2023-05-08,26640,2217.0,2249.0,2215.0,2220.0,0,0,106000.0,235899500.0,1.0,2217.0,2249.0,2215.0,2220.0,106000.0
2023-05-09,26640,2230.0,2233.0,2202.0,2212.0,0,0,76800.0,169731700.0,1.0,2230.0,2233.0,2202.0,2212.0,76800.0
2023-05-10,26640,2206.0,2206.0,2174.0,2177.0,0,0,105900.0,231269800.0,1.0,2206.0,2206.0,2174.0,2177.0,105900.0
2023-05-11,26640,2170.0,2201.0,2168.0,2192.0,0,0,69100.0,151243400.0,1.0,2170.0,2201.0,2168.0,2192.0,69100.0
2023-05-12,26640,2201.0,2250.0,2197.0,2250.0,0,0,97000.0,216382000.0,1.0,2201.0,2250.0,2197.0,2250.0,97000.0
2023-05-15,26640,2252.0,2260.0,2237.0,2239.0,0,0,70000.0,157069800.0,1.0,2252.0,2260.0,2237.0,2239.0,70000.0
2023-05-16,26640,2242.0,2246.0,2224.0,2243.0,0,0,82400.0,184277300.0,1.0,2242.0,2246.0,2224.0,2243.0,82400.0
2023-05-17,26640,2235.0,2235.0,2205.0,2205.0,0,0,70900.0,156881900.0,1.0,2235.0,2235.0,2205.0,2205.0,70900.0
2023-05-18,26640,2220.0,2234.0,2209.0,2228.0,0,0,56500.0,125707100.0,1.0,2220.0,2234.0,2209.0,2228.0,56500.0
2023-05-19,26640,2225.0,2227.0,2200.0,2201.0,0,0,33300.0,73598300.0,1.0,2225.0,2227.0,2200.0,2201.0,33300.0
2023-05-22,26640,2211.0,2216.0,2203.0,2212.0,0,0,30400.0,67186100.0,1.0,2211.0,2216.0,2203.0,2212.0,30400.0
2023-05-23,26640,2208.0,2215.0,2189.0,2191.0,0,0,59200.0,130210200.0,1.0,2208.0,2215.0,2189.0,2191.0,59200.0
2023-05-24,26640,2188.0,2197.0,2181.0,2181.0,0,0,35900.0,78504900.0,1.0,2188.0,2197.0,2181.0,2181.0,35900.0
2023-05-25,26640,2180.0,2199.0,2178.0,2190.0,0,0,44600.0,97688900.0,1.0,2180.0,2199.0,2178.0,2190.0,44600.0
2023-05-26,26640,2189.0,2189.0,2164.0,2165.0,0,0,66800.0,145109600.0,1.0,2189.0,2189.0,2164.0,2165.0,66800.0
2023-05-29,26640,2192.0,2192.0,2160.0,2160.0,0,0,50100.0,108615900.0,1.0,2192.0,2192.0,2160.0,2160.0,50100.0
2023-05-30,26640,2162.0,2169.0,2153.0,2157.0,0,0,45500.0,98189000.0,1.0,2162.0,2169.0,2153.0,2157.0,45500.0
2023-05-31,26640,2150.0,2165.0,2132.0,2160.0,0,0,120400.0,259140700.0,1.0,2150.0,2165.0,2132.0,2160.0,120400.0
2023-06-01,26640,2164.0,2182.0,2161.0,2173.0,0,0,53900.0,116940600.0,1.0,2164.0,2182.0,2161.0,2173.0,53900.0
2023-06-02,26640,2175.0,2188.0,2168.0,2175.0,0,0,39700.0,86405200.0,1.0,2175.0,2188.0,2168.0,2175.0,39700.0
2023-06-05,26640,2193.0,2203.0,2178.0,2188.0,0,0,44500.0,97405800.0,1.0,2193.0,2203.0,2178.0,2188.0,44500.0
2023-06-06,26640,2188.0,2197.0,2182.0,2191.0,0,0,22400.0,49060100.0,1.0,2188.0,2197.0,2182.0,2191.0,22400.0
2023-06-07,26640,2188.0,2200.0,2177.0,2178.0,0,0,50400.0,110212800.0,1.0,2188.0,2200.0,2177.0,2178.0,50400.0
2023-06-08,26640,2178.0,2197.0,2178.0,2189.0,0,0,27200.0,59491700.0,1.0,2178.0,2197.0,2178.0,2189.0,27200.0
2023-06-09,26640,2198.0,2204.0,2188.0,2195.0,0,0,47200.0,103676200.0,1.0,2198.0,2204.0,2188.0,2195.0,47200.0
2023-06-12,26640,2199.0,2200.0,2184.0,2192.0,0,0,30600.0,67065000.0,1.0,2199.0,2200.0,2184.0,2192.0,30600.0
2023-06-13,26640,2192.0,2193.0,2177.0,2177.0,0,0,67000.0,146225700.0,1.0,2192.0,2193.0,2177.0,2177.0,67000.0
2023-06-14,26640,2190.0,2194.0,2182.0,2188.0,0,0,42900.0,93881700.0,1.0,2190.0,2194.0,2182.0,2188.0,42900.0
2023-06-15,26640,2194.0,2195.0,2176.0,2176.0,0,0,41800.0,91414000.0,1.0,2194.0,2195.0,2176.0,2176.0,41800.0
2023-06-16,26640,2176.0,2186.0,2167.0,2185.0,0,0,81100.0,176702400.0,1.0,2176.0,2186.0,2167.0,2185.0,81100.0
2023-06-19,26640,2190.0,2194.0,2178.0,2187.0,0,0,29000.0,63405300.0,1.0,2190.0,2194.0,2178.0,2187.0,29000.0
2023-06-20,26640,2179.0,2198.0,2179.0,2198.0,0,0,27100.0,59384600.0,1.0,2179.0,2198.0,2179.0,2198.0,27100.0
2023-06-21,26640,2190.0,2202.0,2182.0,2188.0,0,0,69800.0,152889500.0,1.0,2190.0,2202.0,2182.0,2188.0,69800.0
2023-06-22,26640,2198.0,2198.0,2172.0,2172.0,0,0,70500.0,153618200.0,1.0,2198.0,2198.0,2172.0,2172.0,70500.0
2023-06-23,26640,2178.0,2188.0,2172.0,2182.0,0,0,32900.0,71757700.0,1.0,2178.0,2188.0,2172.0,2182.0,32900.0
2023-06-26,26640,2181.0,2196.0,2180.0,2189.0,0,0,26900.0,58903500.0,1.0,2181.0,2196.0,2180.0,2189.0,26900.0
2023-06-27,26640,2190.0,2193.0,2179.0,2189.0,0,0,30700.0,67132700.0,1.0,2190.0,2193.0,2179.0,2189.0,30700.0
2023-06-28,26640,2193.0,2220.0,2193.0,2220.0,0,0,47100.0,104037700.0,1.0,2193.0,2220.0,2193.0,2220.0,47100.0
2023-06-29,26640,2220.0,2224.0,2199.0,2206.0,0,0,32000.0,70655800.0,1.0,2220.0,2224.0,2199.0,2206.0,32000.0
2023-06-30,26640,2205.0,2207.0,2183.0,2197.0,0,0,41200.0,90395600.0,1.0,2205.0,2207.0,2183.0,2197.0,41200.0
2023-07-03,26640,2204.0,2210.0,2196.0,2200.0,0,0,31900.0,70253400.0,1.0,2204.0,2210.0,2196.0,2200.0,31900.0
2023-07-04,26640,2195.0,2201.0,2185.0,2185.0,0,0,47300.0,103615200.0,1.0,2195.0,2201.0,2185.0,2185.0,47300.0
2023-07-05,26640,2181.0,2188.0,2174.0,2180.0,0,0,52800.0,115079600.0,1.0,2181.0,2188.0,2174.0,2180.0,52800.0
2023-07-06,26640,2175.0,2185.0,2163.0,2173.0,0,0,55500.0,120406400.0,1.0,2175.0,2185.0,2163.0,2173.0,55500.0
2023-07-07,26640,2170.0,2190.0,2164.0,2182.0,0,0,40100.0,87453100.0,1.0,2170.0,2190.0,2164.0,2182.0,40100.0
2023-07-10,26640,2186.0,2194.0,2178.0,2185.0,0,0,32600.0,71322200.0,1.0,2186.0,2194.0,2178.0,2185.0,32600.0
2023-07-11,26640,2193.0,2193.0,2182.0,2184.0,0,0,23400.0,51156300.0,1.0,2193.0,2193.0,2182.0,2184.0,23400.0
2023-07-12,26640,2184.0,2204.0,2181.0,2190.0,0,0,38100.0,83605200.0,1.0,2184.0,2204.0,2181.0,2190.0,38100.0
2023-07-13,26640,2190.0,2194.0,2174.0,2175.0,0,0,32600.0,71110500.0,1.0,2190.0,2194.0,2174.0,2175.0,32600.0
2023-07-14,26640,2173.0,2180.0,2156.0,2168.0,0,0,53400.0,115662600.0,1.0,2173.0,2180.0,2156.0,2168.0,53400.0
2023-07-18,26640,2166.0,2175.0,2165.0,2171.0,0,0,30600.0,66444200.0,1.0,2166.0,2175.0,2165.0,2171.0,30600.0
2023-07-19,26640,2180.0,2183.0,2168.0,2181.0,0,0,44200.0,96151100.0,1.0,2180.0,2183.0,2168.0,2181.0,44200.0
2023-07-20,26640,2181.0,2185.0,2174.0,2176.0,0,0,43700.0,95186400.0,1.0,2181.0,2185.0,2174.0,2176.0,43700.0
2023-07-21,26640,2185.0,2185.0,2164.0,2171.0,0,0,82200.0,178795200.0,1.0,2185.0,2185.0,2164.0,2171.0,82200.0
2023-07-24,26640,2181.0,2188.0,2180.0,2181.0,0,0,33500.0,73132500.0,1.0,2181.0,2188.0,2180.0,2181.0,33500.0
2023-07-25,26640,2184.0,2186.0,2173.0,2176.0,0,0,54100.0,117830200.0,1.0,2184.0,2186.0,2173.0,2176.0,54100.0
2023-07-26,26640,2174.0,2193.0,2152.0,2190.0,0,0,138600.0,301600300.0,1.0,2174.0,2193.0,2152.0,2190.0,138600.0
2023-07-27,26640,2255.0,2277.0,2230.0,2241.0,0,0,239300.0,538628400.0,1.0,2255.0,2277.0,2230.0,2241.0,239300.0
2023-07-28,26640,2233.0,2265.0,2224.0,2255.0,0,0,107700.0,242391700.0,1.0,2233.0,2265.0,2224.0,2255.0,107700.0
2023-07-31,26640,2269.0,2270.0,2244.0,2261.0,0,0,56700.0,127920600.0,1.0,2269.0,2270.0,2244.0,2261.0,56700.0
2023-08-01,26640,2259.0,2270.0,2253.0,2270.0,0,0,50400.0,114145500.0,1.0,2259.0,2270.0,2253.0,2270.0,50400.0
2023-08-02,26640,2268.0,2277.0,2258.0,2272.0,0,0,50100.0,113651200.0,1.0,2268.0,2277.0,2258.0,2272.0,50100.0
2023-08-03,26640,2261.0,2262.0,2242.0,2251.0,0,0,43400.0,97604500.0,1.0,2261.0,2262.0,2242.0,2251.0,43400.0
2023-08-04,26640,2250.0,2271.0,2249.0,2268.0,0,0,25200.0,57050200.0,1.0,2250.0,2271.0,2249.0,2268.0,25200.0
2023-08-07,26640,2267.0,2293.0,2266.0,2292.0,0,0,46300.0,105853800.0,1.0,2267.0,2293.0,2266.0,2292.0,46300.0
2023-08-08,26640,2295.0,2322.0,2293.0,2321.0,0,0,52000.0,120209600.0,1.0,2295.0,2322.0,2293.0,2321.0,52000.0
2023-08-09,26640,2313.0,2318.0,2303.0,2313.0,0,0,23800.0,55001100.0,1.0,2313.0,2318.0,2303.0,2313.0,23800.0
2023-08-10,26640,2319.0,2320.0,2306.0,2320.0,0,0,28700.0,66457800.0,1.0,2319.0,2320.0,2306.0,2320.0,28700.0
2023-08-14,26640,2325.0,2343.0,2320.0,2321.0,0,0,32500.0,75764600.0,1.0,2325.0,2343.0,2320.0,2321.0,32500.0
2023-08-15,26640,2321.0,2327.0,2307.0,2321.0,0,0,23900.0,55459900.0,1.0,2321.0,2327.0,2307.0,2321.0,23900.0
2023-08-16,26640,2314.0,2343.0,2301.0,2330.0,0,0,41100.0,95684200.0,1.0,2314.0,2343.0,2301.0,2330.0,41100.0
2023-08-17,26640,2330.0,2331.0,2296.0,2298.0,0,0,31000.0,71391000.0,1.0,2330.0,2331.0,2296.0,2298.0,31000.0
2023-08-18,26640,2297.0,2297.0,2263.0,2268.0,0,0,27400.0,62379100.0,1.0,2297.0,2297.0,2263.0,2268.0,27400.0
2023-08-21,26640,2270.0,2287.0,2265.0,2269.0,0,0,35400.0,80522700.0,1.0,2270.0,2287.0,2265.0,2269.0,35400.0
2023-08-22,26640,2274.0,2295.0,2258.0,2292.0,0,0,35300.0,80552000.0,1.0,2274.0,2295.0,2258.0,2292.0,35300.0
2023-08-23,26640,2292.0,2292.0,2279.0,2282.0,0,0,25900.0,59146800.0,1.0,2292.0,2292.0,2279.0,2282.0,25900.0
2023-08-24,26640,2276.0,2294.0,2276.0,2293.0,0,0,18300.0,41883100.0,1.0,2276.0,2294.0,2276.0,2293.0,18300.0
2023-08-25,26640,2283.0,2290.0,2278.0,2281.0,0,0,18900.0,43129600.0,1.0,2283.0,2290.0,2278.0,2281.0,18900.0
2023-08-28,26640,2289.0,2291.0,2276.0,2283.0,0,0,17400.0,39701000.0,1.0,2289.0,2291.0,2276.0,2283.0,17400.0
2023-08-29,26640,2286.0,2295.0,2283.0,2293.0,0,0,15900.0,36406500.0,1.0,2286.0,2295.0,2283.0,2293.0,15900.0
2023-08-30,26640,2297.0,2302.0,2290.0,2293.0,0,0,20100.0,46134000.0,1.0,2297.0,2302.0,2290.0,2293.0,20100.0
2023-08-31,26640,2299.0,2305.0,2284.0,2286.0,0,0,55100.0,126225500.0,1.0,2299.0,2305.0,2284.0,2286.0,55100.0
2023-09-01,26640,2286.0,2310.0,2286.0,2304.0,0,0,49900.0,114819800.0,1.0,2286.0,2310.0,2286.0,2304.0,49900.0
2023-09-04,26640,2320.0,2326.0,2306.0,2312.0,0,0,39100.0,90527600.0,1.0,2320.0,2326.0,2306.0,2312.0,39100.0
2023-09-05,26640,2314.0,2318.0,2289.0,2302.0,0,0,30400.0,69899100.0,1.0,2314.0,2318.0,2289.0,2302.0,30400.0
2023-09-06,26640,2302.0,2324.0,2302.0,2316.0,0,0,33800.0,78285800.0,1.0,2302.0,2324.0,2302.0,2316.0,33800.0
2023-09-07,26640,2307.0,2317.0,2299.0,2303.0,0,0,27800.0,64108600.0,1.0,2307.0,2317.0,2299.0,2303.0,27800.0
2023-09-08,26640,2294.0,2313.0,2290.0,2299.0,0,0,36300.0,83432300.0,1.0,2294.0,2313.0,2290.0,2299.0,36300.0
2023-09-11,26640,2300.0,2306.0,2286.0,2297.0,0,0,22700.0,52080700.0,1.0,2300.0,2306.0,2286.0,2297.0,22700.0
2023-09-12,26640,2300.0,2316.0,2296.0,2316.0,0,0,18000.0,41560800.0,1.0,2300.0,2316.0,2296.0,2316.0,18000.0
2023-09-13,26640,2316.0,2334.0,2313.0,2327.0,0,0,37600.0,87459000.0,1.0,2316.0,2334.0,2313.0,2327.0,37600.0
2023-09-14,26640,2327.0,2327.0,2310.0,2313.0,0,0,21300.0,49323600.0,1.0,2327.0,2327.0,2310.0,2313.0,21300.0
2023-09-15,26640,2320.0,2320.0,2306.0,2306.0,0,0,24600.0,56846100.0,1.0,2320.0,2320.0,2306.0,2306.0,24600.0
2023-09-19,26640,2301.0,2328.0,2293.0,2328.0,0,0,55300.0,127952100.0,1.0,2301.0,2328.0,2293.0,2328.0,55300.0
2023-09-20,26640,2328.0,2345.0,2328.0,2339.0,0,0,60000.0,140171100.0,1.0,2328.0,2345.0,2328.0,2339.0,60000.0
2023-09-21,26640,2339.0,2349.0,2322.0,2330.0,0,0,67600.0,157864600.0,1.0,2339.0,2349.0,2322.0,2330.0,67600.0
2023-09-22,26640,2325.0,2341.0,2325.0,2338.0,0,0,74800.0,174680700.0,1.0,2325.0,2341.0,2325.0,2338.0,74800.0
2023-09-25,26640,2333.0,2442.0,2333.0,2439.0,0,0,153900.0,371484700.0,1.0,2333.0,2442.0,2333.0,2439.0,153900.0
2023-09-26,26640,2447.0,2494.0,2417.0,2485.0,0,0,135900.0,336161400.0,1.0,2447.0,2494.0,2417.0,2485.0,135900.0
2023-09-27,26640,2463.0,2491.0,2436.0,2491.0,0,0,110600.0,274256200.0,1.0,2463.0,2491.0,2436.0,2491.0,110600.0
2023-09-28,26640,2491.0,2522.0,2485.0,2503.0,0,0,99500.0,248900500.0,1.0,2491.0,2522.0,2485.0,2503.0,99500.0
2023-09-29,26640,2502.0,2509.0,2472.0,2487.0,0,0,60700.0,150944400.0,1.0,2502.0,2509.0,2472.0,2487.0,60700.0
2023-10-02,26640,2480.0,2514.0,2475.0,2491.0,0,0,70400.0,175643200.0,1.0,2480.0,2514.0,2475.0,2491.0,70400.0
2023-10-03,26640,2489.0,2510.0,2476.0,2500.0,0,0,54400.0,135739600.0,1.0,2489.0,2510.0,2476.0,2500.0,54400.0
2023-10-04,26640,2466.0,2502.0,2459.0,2484.0,0,0,74200.0,184220700.0,1.0,2466.0,2502.0,2459.0,2484.0,74200.0
2023-10-05,26640,2465.0,2520.0,2465.0,2509.0,0,0,45200.0,113292400.0,1.0,2465.0,2520.0,2465.0,2509.0,45200.0
2023-10-06,26640,2512.0,2541.0,2505.0,2525.0,0,0,53500.0,135180500.0,1.0,2512.0,2541.0,2505.0,2525.0,53500.0
2023-10-10,26640,2525.0,2535.0,2510.0,2535.0,0,0,36000.0,91038500.0,1.0,2525.0,2535.0,2510.0,2535.0,36000.0
2023-10-11,26640,2537.0,2537.0,2497.0,2497.0,0,0,56600.0,142099500.0,1.0,2537.0,2537.0,2497.0,2497.0,56600.0
2023-10-12,26640,2514.0,2514.0,2487.0,2493.0,0,0,34800.0,86798300.0,1.0,2514.0,2514.0,2487.0,2493.0,34800.0
2023-10-13,26640,2480.0,2490.0,2463.0,2480.0,0,0,43600.0,107946500.0,1.0,2480.0,2490.0,2463.0,2480.0,43600.0
2023-10-16,26640,2469.0,2487.0,2443.0,2446.0,0,0,35500.0,87342500.0,1.0,2469.0,2487.0,2443.0,2446.0,35500.0
2023-10-17,26640,2450.0,2458.0,2438.0,2451.0,0,0,40900.0,100164100.0,1.0,2450.0,2458.0,2438.0,2451.0,40900.0
2023-10-18,26640,2447.0,2458.0,2421.0,2439.0,0,0,37900.0,92311900.0,1.0,2447.0,2458.0,2421.0,2439.0,37900.0
2023-10-19,26640,2409.0,2450.0,2406.0,2443.0,0,0,26600.0,64808100.0,1.0,2409.0,2450.0,2406.0,2443.0,26600.0
2023-10-20,26640,2443.0,2458.0,2436.0,2447.0,0,0,25800.0,63193000.0,1.0,2443.0,2458.0,2436.0,2447.0,25800.0
2023-10-23,26640,2450.0,2476.0,2446.0,2461.0,0,0,52700.0,129811300.0,1.0,2450.0,2476.0,2446.0,2461.0,52700.0
2023-10-24,26640,2462.0,2463.0,2423.0,2447.0,0,0,31900.0,77926200.0,1.0,2462.0,2463.0,2423.0,2447.0,31900.0
2023-10-25,26640,2458.0,2460.0,2441.0,2446.0,0,0,23300.0,57087900.0,1.0,2458.0,2460.0,2441.0,2446.0,23300.0
2023-10-26,26640,2447.0,2476.0,2447.0,2462.0,0,0,36400.0,89547100.0,1.0,2447.0,2476.0,2447.0,2462.0,36400.0
2023-10-27,26640,2510.0,2565.0,2500.0,2560.0,0,0,109000.0,277292300.0,1.0,2510.0,2565.0,2500.0,2560.0,109000.0
2023-10-30,26640,2560.0,2560.0,2480.0,2497.0,0,0,101900.0,255711300.0,1.0,2560.0,2560.0,2480.0,2497.0,101900.0
2023-10-31,26640,2535.0,2535.0,2484.0,2523.0,0,0,104500.0,261777200.0,1.0,2535.0,2535.0,2484.0,2523.0,104500.0
2023-11-01,26640,2529.0,2529.0,2480.0,2483.0,0,0,108200.0,269783500.0,1.0,2529.0,2529.0,2480.0,2483.0,108200.0
2023-11-02,26640,2480.0,2480.0,2410.0,2441.0,0,0,125300.0,305097100.0,1.0,2480.0,2480.0,2410.0,2441.0,125300.0
2023-11-06,26640,2446.0,2446.0,2396.0,2401.0,0,0,109800.0,264716600.0,1.0,2446.0,2446.0,2396.0,2401.0,109800.0
2023-11-07,26640,2414.0,2414.0,2384.0,2384.0,0,0,42900.0,102949100.0,1.0,2414.0,2414.0,2384.0,2384.0,42900.0
2023-11-08,26640,2385.0,2407.0,2376.0,2390.0,0,0,45900.0,109630300.0,1.0,2385.0,2407.0,2376.0,2390.0,45900.0
2023-11-09,26640,2386.0,2402.0,2361.0,2390.0,0,0,41500.0,98826100.0,1.0,2386.0,2402.0,2361.0,2390.0,41500.0
2023-11-10,26640,2390.0,2412.0,2377.0,2410.0,0,0,33300.0,79922200.0,1.0,2390.0,2412.0,2377.0,2410.0,33300.0
2023-11-13,26640,2417.0,2421.0,2384.0,2395.0,0,0,33400.0,80206400.0,1.0,2417.0,2421.0,2384.0,2395.0,33400.0
2023-11-14,26640,2394.0,2403.0,2392.0,2392.0,0,0,22700.0,54388200.0,1.0,2394.0,2403.0,2392.0,2392.0,22700.0
2023-11-15,26640,2400.0,2422.0,2391.0,2403.0,0,0,52300.0,125951700.0,1.0,2400.0,2422.0,2391.0,2403.0,52300.0
2023-11-16,26640,2403.0,2405.0,2382.0,2385.0,0,0,24700.0,59059600.0,1.0,2403.0,2405.0,2382.0,2385.0,24700.0
2023-11-17,26640,2390.0,2413.0,2389.0,2413.0,0,0,30900.0,74286900.0,1.0,2390.0,2413.0,2389.0,2413.0,30900.0
2023-11-20,26640,2428.0,2428.0,2401.0,2408.0,0,0,42000.0,101312900.0,1.0,2428.0,2428.0,2401.0,2408.0,42000.0
2023-11-21,26640,2408.0,2416.0,2398.0,2410.0,0,0,33800.0,81420500.0,1.0,2408.0,2416.0,2398.0,2410.0,33800.0
2023-11-22,26640,2410.0,2435.0,2410.0,2429.0,0,0,50300.0,122104500.0,1.0,2410.0,2435.0,2410.0,2429.0,50300.0
2023-11-24,26640,2435.0,2452.0,2428.0,2440.0,0,0,57200.0,139551000.0,1.0,2435.0,2452.0,2428.0,2440.0,57200.0
2023-11-27,26640,2455.0,2487.0,2451.0,2487.0,0,0,70600.0,174516400.0,1.0,2455.0,2487.0,2451.0,2487.0,70600.0
2023-11-28,26640,2485.0,2485.0,2455.0,2480.0,0,0,59300.0,146671800.0,1.0,2485.0,2485.0,2455.0,2480.0,59300.0
2023-11-29,26640,2480.0,2514.0,2474.0,2508.0,0,0,58300.0,145559900.0,1.0,2480.0,2514.0,2474.0,2508.0,58300.0
2023-11-30,26640,2508.0,2553.0,2484.0,2551.0,0,0,88300.0,223537300.0,1.0,2508.0,2553.0,2484.0,2551.0,88300.0
2023-12-01,26640,2551.0,2557.0,2522.0,2544.0,0,0,63700.0,162054600.0,1.0,2551.0,2557.0,2522.0,2544.0,63700.0
2023-12-04,26640,2517.0,2533.0,2507.0,2530.0,0,0,27900.0,70390600.0,1.0,2517.0,2533.0,2507.0,2530.0,27900.0
2023-12-05,26640,2529.0,2557.0,2521.0,2536.0,0,0,49100.0,124930400.0,1.0,2529.0,2557.0,2521.0,2536.0,49100.0
2023-12-06,26640,2536.0,2540.0,2523.0,2532.0,0,0,34900.0,88356200.0,1.0,2536.0,2540.0,2523.0,2532.0,34900.0
2023-12-07,26640,2532.0,2569.0,2527.0,2568.0,0,0,55600.0,142342400.0,1.0,2532.0,2569.0,2527.0,2568.0,55600.0
2023-12-08,26640,2535.0,2552.0,2501.0,2511.0,0,0,68400.0,172371500.0,1.0,2535.0,2552.0,2501.0,2511.0,68400.0
2023-12-11,26640,2513.0,2544.0,2513.0,2543.0,0,0,41800.0,105835800.0,1.0,2513.0,2544.0,2513.0,2543.0,41800.0
2023-12-12,26640,2545.0,2554.0,2531.0,2531.0,0,0,22700.0,57637000.0,1.0,2545.0,2554.0,2531.0,2531.0,22700.0
2023-12-13,26640,2531.0,2537.0,2507.0,2507.0,0,0,25400.0,64030900.0,1.0,2531.0,2537.0,2507.0,2507.0,25400.0
2023-12-14,26640,2532.0,2541.0,2501.0,2515.0,0,0,29700.0,74817300.0,1.0,2532.0,2541.0,2501.0,2515.0,29700.0
2023-12-15,26640,2511.0,2513.0,2468.0,2470.0,0,0,48900.0,121334400.0,1.0,2511.0,2513.0,2468.0,2470.0,48900.0
2023-12-18,26640,2455.0,2486.0,2445.0,2486.0,0,0,35700.0,88066700.0,1.0,2455.0,2486.0,2445.0,2486.0,35700.0
2023-12-19,26640,2477.0,2495.0,2477.0,2495.0,0,0,23500.0,58476600.0,1.0,2477.0,2495.0,2477.0,2495.0,23500.0
2023-12-20,26640,2495.0,2515.0,2494.0,2495.0,0,0,33700.0,84319200.0,1.0,2495.0,2515.0,2494.0,2495.0,33700.0
2023-12-21,26640,2490.0,2493.0,2481.0,2483.0,0,0,26700.0,66382900.0,1.0,2490.0,2493.0,2481.0,2483.0,26700.0
2023-12-22,26640,2483.0,2536.0,2483.0,2536.0,0,0,40600.0,102426800.0,1.0,2483.0,2536.0,2483.0,2536.0,40600.0
2023-12-25,26640,2549.0,2552.0,2531.0,2540.0,0,0,28500.0,72528400.0,1.0,2549.0,2552.0,2531.0,2540.0,28500.0
2023-12-26,26640,2546.0,2575.0,2537.0,2575.0,0,0,51100.0,130985900.0,1.0,2546.0,2575.0,2537.0,2575.0,51100.0
2023-12-27,26640,2575.0,2663.0,2574.0,2653.0,0,0,96600.0,253914000.0,1.0,2575.0,2663.0,2574.0,2653.0,96600.0
2023-12-28,26640,2638.0,2685.0,2630.0,2685.0,0,0,76400.0,203601800.0,1.0,2638.0,2685.0,2630.0,2685.0,76400.0
2023-12-29,26640,2674.0,2681.0,2623.0,2654.0,0,0,69900.0,185308900.0,1.0,2674.0,2681.0,2623.0,2654.0,69900.0
2024-01-04,26640,2665.0,2726.0,2651.0,2713.0,0,0,102800.0,276955700.0,1.0,2665.0,2726.0,2651.0,2713.0,102800.0
2024-01-05,26640,2715.0,2715.0,2687.0,2691.0,0,0,69800.0,188458900.0,1.0,2715.0,2715.0,2687.0,2691.0,69800.0
2024-01-09,26640,2700.0,2738.0,2700.0,2721.0,0,0,73800.0,200393100.0,1.0,2700.0,2738.0,2700.0,2721.0,73800.0
2024-01-10,26640,2720.0,2721.0,2696.0,2705.0,0,0,50500.0,136878600.0,1.0,2720.0,2721.0,2696.0,2705.0,50500.0
2024-01-11,26640,2720.0,2752.0,2710.0,2736.0,0,0,96000.0,262654000.0,1.0,2720.0,2752.0,2710.0,2736.0,96000.0
2024-01-12,26640,2750.0,2774.0,2737.0,2745.0,0,0,79900.0,219965400.0,1.0,2750.0,2774.0,2737.0,2745.0,79900.0
2024-01-15,26640,2745.0,2751.0,2725.0,2740.0,0,0,67200.0,184171200.0,1.0,2745.0,2751.0,2725.0,2740.0,67200.0
2024-01-16,26640,2743.0,2756.0,2717.0,2720.0,0,0,72400.0,197859700.0,1.0,2743.0,2756.0,2717.0,2720.0,72400.0
2024-01-17,26640,2739.0,2762.0,2735.0,2740.0,0,0,64400.0,176987800.0,1.0,2739.0,2762.0,2735.0,2740.0,64400.0
2024-01-18,26640,2747.0,2747.0,2731.0,2731.0,0,0,47600.0,130378300.0,1.0,2747.0,2747.0,2731.0,2731.0,47600.0
2024-01-19,26640,2735.0,2735.0,2710.0,2716.0,0,0,62400.0,169992300.0,1.0,2735.0,2735.0,2710.0,2716.0,62400.0
2024-01-22,26640,2710.0,2734.0,2710.0,2734.0,0,0,74600.0,202930500.0,1.0,2710.0,2734.0,2710.0,2734.0,74600.0
2024-01-23,26640,2734.0,2750.0,2728.0,2745.0,0,0,64000.0,175348100.0,1.0,2734.0,2750.0,2728.0,2745.0,64000.0
2024-01-24,26640,2750.0,2774.0,2726.0,2733.0,0,0,86100.0,236065900.0,1.0,2750.0,2774.0,2726.0,2733.0,86100.0
2024-01-25,26640,2720.0,2860.0,2702.0,2818.0,0,0,304100.0,854317900.0,1.0,2720.0,2860.0,2702.0,2818.0,304100.0
2024-01-26,26640,2727.0,2747.0,2670.0,2686.0,0,0,385600.0,1041706700.0,1.0,2727.0,2747.0,2670.0,2686.0,385600.0
2024-01-29,26640,2705.0,2744.0,2689.0,2721.0,0,0,177300.0,480960300.0,1.0,2705.0,2744.0,2689.0,2721.0,177300.0
2024-01-30,26640,2741.0,2752.0,2693.0,2694.0,0,0,127700.0,346275700.0,1.0,2741.0,2752.0,2693.0,2694.0,127700.0
2024-01-31,26640,2718.0,2725.0,2703.0,2705.0,0,0,92700.0,251267400.0,1.0,2718.0,2725.0,2703.0,2705.0,92700.0
2024-02-01,26640,2703.0,2751.0,2696.0,2743.0,0,0,125500.0,341822100.0,1.0,2703.0,2751.0,2696.0,2743.0,125500.0
2024-02-02,26640,2743.0,2748.0,2718.0,2730.0,0,0,68500.0,187333300.0,1.0,2743.0,2748.0,2718.0,2730.0,68500.0
2024-02-05,26640,2737.0,2778.0,2737.0,2766.0,0,0,97900.0,269869900.0,1.0,2737.0,2778.0,2737.0,2766.0,97900.0
2024-02-06,26640,2769.0,2800.0,2745.0,2745.0,0,0,114200.0,316514200.0,1.0,2769.0,2800.0,2745.0,2745.0,114200.0
2024-02-07,26640,2745.0,2762.0,2708.0,2713.0,0,0,90100.0,245702500.0,1.0,2745.0,2762.0,2708.0,2713.0,90100.0
2024-02-08,26640,2728.0,2750.0,2712.0,2727.0,0,0,151500.0,413509700.0,1.0,2728.0,2750.0,2712.0,2727.0,151500.0
2024-02-09,26640,2715.0,2744.0,2711.0,2726.0,0,0,115000.0,313683100.0,1.0,2715.0,2744.0,2711.0,2726.0,115000.0
2024-02-13,26640,2761.0,2770.0,2720.0,2732.0,0,0,143300.0,392918100.0,1.0,2761.0,2770.0,2720.0,2732.0,143300.0
2024-02-14,26640,2720.0,2755.0,2708.0,2720.0,0,0,104500.0,284466900.0,1.0,2720.0,2755.0,2708.0,2720.0,104500.0
2024-02-15,26640,2710.0,2710.0,2651.0,2664.0,0,0,178400.0,477972900.0,1.0,2710.0,2710.0,2651.0,2664.0,178400.0
2024-02-16,26640,2674.0,2686.0,2663.0,2665.0,0,0,87300.0,233388200.0,1.0,2674.0,2686.0,2663.0,2665.0,87300.0
2024-02-19,26640,2685.0,2730.0,2676.0,2728.0,0,0,134700.0,364270000.0,1.0,2685.0,2730.0,2676.0,2728.0,134700.0
2024-02-20,26640,2740.0,2757.0,2726.0,2744.0,0,0,68300.0,187220800.0,1.0,2740.0,2757.0,2726.0,2744.0,68300.0
2024-02-21,26640,2765.0,2771.0,2679.0,2708.0,0,0,305000.0,828770800.0,1.0,2765.0,2771.0,2679.0,2708.0,305000.0
2024-02-22,26640,2709.0,2710.0,2690.0,2699.0,0,0,140200.0,379278700.0,1.0,2709.0,2710.0,2690.0,2699.0,140200.0
2024-02-26,26640,2759.0,2777.0,2730.0,2755.0,0,0,178200.0,491081800.0,1.0,2759.0,2777.0,2730.0,2755.0,178200.0
2024-02-27,26640,2785.0,2807.0,2765.0,2791.0,0,0,156300.0,436509700.0,1.0,2785.0,2807.0,2765.0,2791.0,156300.0
2024-02-28,26640,2781.0,2801.0,2756.0,2782.0,0,0,235700.0,654656700.0,1.0,2781.0,2801.0,2756.0,2782.0,235700.0
2024-02-29,26640,2789.0,2801.0,2769.0,2770.0,0,0,174000.0,484070900.0,1.0,2789.0,2801.0,2769.0,2770.0,174000.0
2024-03-01,26640,2770.0,2770.0,2722.0,2722.0,0,0,228400.0,627452400.0,1.0,2770.0,2770.0,2722.0,2722.0,228400.0
2024-03-04,26640,2722.0,2722.0,2687.0,2697.0,0,0,187200.0,507374800.0,1.0,2722.0,2722.0,2687.0,2697.0,187200.0
2024-03-05,26640,2705.0,2727.0,2694.0,2722.0,0,0,111700.0,303201400.0,1.0,2705.0,2727.0,2694.0,2722.0,111700.0
2024-03-06,26640,2718.0,2741.0,2715.0,2725.0,0,0,135100.0,368079000.0,1.0,2718.0,2741.0,2715.0,2725.0,135100.0
2024-03-07,26640,2719.0,2768.0,2719.0,2768.0,0,0,130600.0,359071800.0,1.0,2719.0,2768.0,2719.0,2768.0,130600.0
2024-03-08,26640,2761.0,2786.0,2747.0,2778.0,0,0,112100.0,310345400.0,1.0,2761.0,2786.0,2747.0,2778.0,112100.0
2024-03-11,26640,2766.0,2772.0,2693.0,2708.0,0,0,241700.0,658747200.0,1.0,2766.0,2772.0,2693.0,2708.0,241700.0
2024-03-12,26640,2690.0,2710.0,2673.0,2710.0,0,0,198800.0,535224900.0,1.0,2690.0,2710.0,2673.0,2710.0,198800.0
2024-03-13,26640,2710.0,2720.0,2641.0,2650.0,0,0,941500.0,2525341000.0,1.0,2710.0,2720.0,2641.0,2650.0,941500.0
2024-03-14,26640,2590.0,2632.0,2582.0,2625.0,0,0,691100.0,1796054800.0,1.0,2590.0,2632.0,2582.0,2625.0,691100.0
2024-03-15,26640,2623.0,2676.0,2613.0,2664.0,0,0,201900.0,535540300.0,1.0,2623.0,2676.0,2613.0,2664.0,201900.0
2024-03-18,26640,2690.0,2704.0,2654.0,2664.0,0,0,132000.0,353090000.0,1.0,2690.0,2704.0,2654.0,2664.0,132000.0
2024-03-19,26640,2648.0,2688.0,2648.0,2679.0,0,0,73500.0,196512900.0,1.0,2648.0,2688.0,2648.0,2679.0,73500.0
2024-03-21,26640,2665.0,2677.0,2643.0,2646.0,0,0,86500.0,229423000.0,1.0,2665.0,2677.0,2643.0,2646.0,86500.0
2024-03-22,26640,2641.0,2663.0,2606.0,2656.0,0,0,95300.0,251764000.0,1.0,2641.0,2663.0,2606.0,2656.0,95300.0
2024-03-25,26640,2661.0,2668.0,2650.0,2650.0,0,0,64200.0,170672500.0,1.0,2661.0,2668.0,2650.0,2650.0,64200.0
2024-03-26,26640,2643.0,2662.0,2636.0,2657.0,0,0,53600.0,142220500.0,1.0,2643.0,2662.0,2636.0,2657.0,53600.0
2024-03-27,26640,2665.0,2680.0,2657.0,2670.0,0,0,102100.0,272652600.0,1.0,2665.0,2680.0,2657.0,2670.0,102100.0
2024-03-28,26640,2666.0,2667.0,2628.0,2638.0,0,0,68100.0,179997800.0,1.0,2666.0,2667.0,2628.0,2638.0,68100.0
2024-03-29,26640,2636.0,2659.0,2635.0,2656.0,0,0,60200.0,159672000.0,1.0,2636.0,2659.0,2635.0,2656.0,60200.0
2024-04-01,26640,2656.0,2660.0,2626.0,2626.0,0,0,69600.0,183340500.0,1.0,2656.0,2660.0,2626.0,2626.0,69600.0
2024-04-02,26640,2640.0,2640.0,2586.0,2599.0,0,0,87400.0,227339400.0,1.0,2640.0,2640.0,2586.0,2599.0,87400.0
2024-04-03,26640,2589.0,2622.0,2587.0,2611.0,0,0,43500.0,113576400.0,1.0,2589.0,2622.0,2587.0,2611.0,43500.0
2024-04-04,26640,2618.0,2618.0,2591.0,2597.0,0,0,78800.0,205120100.0,1.0,2618.0,2618.0,2591.0,2597.0,78800.0
2024-04-05,26640,2590.0,2613.0,2585.0,2605.0,0,0,51400.0,133627400.0,1.0,2590.0,2613.0,2585.0,2605.0,51400.0
2024-04-08,26640,2620.0,2642.0,2603.0,2635.0,0,0,70700.0,185849100.0,1.0,2620.0,2642.0,2603.0,2635.0,70700.0
2024-04-09,26640,2636.0,2653.0,2633.0,2647.0,0,0,32300.0,85465500.0,1.0,2636.0,2653.0,2633.0,2647.0,32300.0
2024-04-10,26640,2654.0,2658.0,2643.0,2647.0,0,0,31100.0,82403900.0,1.0,2654.0,2658.0,2643.0,2647.0,31100.0
2024-04-11,26640,2640.0,2659.0,2630.0,2653.0,0,0,34400.0,91125400.0,1.0,2640.0,2659.0,2630.0,2653.0,34400.0
2024-04-12,26640,2660.0,2660.0,2647.0,2659.0,0,0,33400.0,88679400.0,1.0,2660.0,2660.0,2647.0,2659.0,33400.0
2024-04-15,26640,2651.0,2680.0,2639.0,2674.0,0,0,60600.0,161716400.0,1.0,2651.0,2680.0,2639.0,2674.0,60600.0
2024-04-16,26640,2660.0,2665.0,2638.0,2644.0,0,0,52500.0,138995200.0,1.0,2660.0,2665.0,2638.0,2644.0,52500.0
2024-04-17,26640,2660.0,2660.0,2617.0,2632.0,0,0,57800.0,152475000.0,1.0,2660.0,2660.0,2617.0,2632.0,57800.0
2024-04-18,26640,2633.0,2665.0,2633.0,2649.0,0,0,39800.0,105683300.0,1.0,2633.0,2665.0,2633.0,2649.0,39800.0
2024-04-19,26640,2644.0,2645.0,2603.0,2615.0,0,0,69500.0,181873900.0,1.0,2644.0,2645.0,2603.0,2615.0,69500.0
2024-04-22,26640,2642.0,2660.0,2634.0,2651.0,0,0,43400.0,115087700.0,1.0,2642.0,2660.0,2634.0,2651.0,43400.0
2024-04-23,26640,2646.0,2658.0,2643.0,2652.0,0,0,17800.0,47204900.0,1.0,2646.0,2658.0,2643.0,2652.0,17800.0
2024-04-24,26640,2662.0,2662.0,2634.0,2644.0,0,0,44900.0,118844200.0,1.0,2662.0,2662.0,2634.0,2644.0,44900.0
2024-04-25,26640,2635.0,2644.0,2617.0,2628.0,0,0,41600.0,109439700.0,1.0,2635.0,2644.0,2617.0,2628.0,41600.0
2024-04-26,26640,2648.0,2648.0,2590.0,2605.0,0,0,81700.0,212795900.0,1.0,2648.0,2648.0,2590.0,2605.0,81700.0
2024-04-30,26640,2747.0,2848.0,2711.0,2848.0,0,0,454300.0,1271587200.0,1.0,2747.0,2848.0,2711.0,2848.0,454300.0
2024-05-01,26640,2810.0,2811.0,2775.0,2792.0,0,0,129600.0,362088900.0,1.0,2810.0,2811.0,2775.0,2792.0,129600.0
2024-05-02,26640,2820.0,2869.0,2788.0,2802.0,0,0,112100.0,315309900.0,1.0,2820.0,2869.0,2788.0,2802.0,112100.0
2024-05-07,26640,2808.0,2854.0,2808.0,2853.0,0,0,91400.0,259578700.0,1.0,2808.0,2854.0,2808.0,2853.0,91400.0
2024-05-08,26640,2859.0,2860.0,2813.0,2829.0,0,0,61700.0,175022700.0,1.0,2859.0,2860.0,2813.0,2829.0,61700.0
2024-05-09,26640,2832.0,2840.0,2791.0,2794.0,0,0,38000.0,106496000.0,1.0,2832.0,2840.0,2791.0,2794.0,38000.0
2024-05-10,26640,2805.0,2828.0,2800.0,2827.0,0,0,58300.0,164324200.0,1.0,2805.0,2828.0,2800.0,2827.0,58300.0
2024-05-13,26640,2838.0,2841.0,2790.0,2816.0,0,0,46400.0,130607200.0,1.0,2838.0,2841.0,2790.0,2816.0,46400.0
2024-05-14,26640,2800.0,2801.0,2788.0,2797.0,0,0,26800.0,74923400.0,1.0,2800.0,2801.0,2788.0,2797.0,26800.0
2024-05-15,26640,2790.0,2796.0,2759.0,2762.0,0,0,35200.0,97629900.0,1.0,2790.0,2796.0,2759.0,2762.0,35200.0
2024-05-16,26640,2745.0,2797.0,2740.0,2785.0,0,0,63900.0,177258600.0,1.0,2745.0,2797.0,2740.0,2785.0,63900.0
2024-05-17,26640,2780.0,2837.0,2780.0,2822.0,0,0,57300.0,161499300.0,1.0,2780.0,2837.0,2780.0,2822.0,57300.0
2024-05-20,26640,2824.0,2842.0,2795.0,2795.0,0,0,33900.0,95340500.0,1.0,2824.0,2842.0,2795.0,2795.0,33900.0
2024-05-21,26640,2800.0,2816.0,2792.0,2797.0,0,0,24400.0,68357900.0,1.0,2800.0,2816.0,2792.0,2797.0,24400.0
2024-05-22,26640,2798.0,2805.0,2782.0,2802.0,0,0,23400.0,65421000.0,1.0,2798.0,2805.0,2782.0,2802.0,23400.0
2024-05-23,26640,2805.0,2805.0,2786.0,2800.0,0,0,23200.0,64952600.0,1.0,2805.0,2805.0,2786.0,2800.0,23200.0
2024-05-24,26640,2793.0,2805.0,2784.0,2794.0,0,0,29800.0,83241700.0,1.0,2793.0,2805.0,2784.0,2794.0,29800.0
2024-05-27,26640,2800.0,2842.0,2790.0,2842.0,0,0,54500.0,153805600.0,1.0,2800.0,2842.0,2790.0,2842.0,54500.0
2024-05-28,26640,2830.0,2833.0,2805.0,2811.0,0,0,25400.0,71578500.0,1.0,2830.0,2833.0,2805.0,2811.0,25400.0
2024-05-29,26640,2836.0,2850.0,2818.0,2823.0,0,0,29700.0,84132200.0,1.0,2836.0,2850.0,2818.0,2823.0,29700.0
2024-05-30,26640,2820.0,2840.0,2804.0,2840.0,0,0,26300.0,74478200.0,1.0,2820.0,2840.0,2804.0,2840.0,26300.0
2024-05-31,26640,2848.0,2911.0,2847.0,2908.0,0,0,108200.0,312406300.0,1.0,2848.0,2911.0,2847.0,2908.0,108200.0
2024-06-03,26640,2920.0,2930.0,2899.0,2908.0,0,0,47100.0,137158900.0,1.0,2920.0,2930.0,2899.0,2908.0,47100.0
2024-06-04,26640,2906.0,2916.0,2870.0,2880.0,0,0,48300.0,139734200.0,1.0,2906.0,2916.0,2870.0,2880.0,48300.0
2024-06-05,26640,2848.0,2868.0,2838.0,2850.0,0,0,40700.0,115989100.0,1.0,2848.0,2868.0,2838.0,2850.0,40700.0
2024-06-06,26640,2843.0,2867.0,2828.0,2844.0,0,0,22400.0,63705800.0,1.0,2843.0,2867.0,2828.0,2844.0,22400.0
2024-06-07,26640,2850.0,2863.0,2838.0,2856.0,0,0,15700.0,44724100.0,1.0,2850.0,2863.0,2838.0,2856.0,15700.0
2024-06-10,26640,2861.0,2875.0,2852.0,2864.0,0,0,18800.0,53830000.0,1.0,2861.0,2875.0,2852.0,2864.0,18800.0
2024-06-11,26640,2865.0,2865.0,2838.0,2850.0,0,0,18000.0,51317800.0,1.0,2865.0,2865.0,2838.0,2850.0,18000.0
2024-06-12,26640,2866.0,2870.0,2830.0,2833.0,0,0,26800.0,76135100.0,1.0,2866.0,2870.0,2830.0,2833.0,26800.0
2024-06-13,26640,2833.0,2838.0,2783.0,2786.0,0,0,29700.0,83101300.0,1.0,2833.0,2838.0,2783.0,2786.0,29700.0
2024-06-14,26640,2786.0,2846.0,2784.0,2846.0,0,0,45600.0,128311900.0,1.0,2786.0,2846.0,2784.0,2846.0,45600.0
2024-06-17,26640,2816.0,2829.0,2788.0,2810.0,0,0,25800.0,72374400.0,1.0,2816.0,2829.0,2788.0,2810.0,25800.0
2024-06-18,26640,2829.0,2850.0,2815.0,2838.0,0,0,22300.0,63380900.0,1.0,2829.0,2850.0,2815.0,2838.0,22300.0
2024-06-19,26640,2850.0,2891.0,2841.0,2891.0,0,0,52700.0,151680900.0,1.0,2850.0,2891.0,2841.0,2891.0,52700.0
2024-06-20,26640,2891.0,2910.0,2879.0,2908.0,0,0,35700.0,103361600.0,1.0,2891.0,2910.0,2879.0,2908.0,35700.0
2024-06-21,26640,2908.0,2921.0,2848.0,2870.0,0,0,72900.0,210093100.0,1.0,2908.0,2921.0,2848.0,2870.0,72900.0
2024-06-24,26640,2900.0,2919.0,2886.0,2907.0,0,0,26600.0,77208200.0,1.0,2900.0,2919.0,2886.0,2907.0,26600.0
2024-06-25,26640,2919.0,2950.0,2909.0,2950.0,0,0,59600.0,175090400.0,1.0,2919.0,2950.0,2909.0,2950.0,59600.0
2024-06-26,26640,2959.0,2977.0,2943.0,2967.0,0,0,37100.0,109980400.0,1.0,2959.0,2977.0,2943.0,2967.0,37100.0
2024-06-27,26640,2980.0,3010.0,2979.0,3010.0,0,0,65200.0,195628400.0,1.0,2980.0,3010.0,2979.0,3010.0,65200.0
2024-06-28,26640,3010.0,3010.0,2933.0,2940.0,0,0,41000.0,121217200.0,1.0,3010.0,3010.0,2933.0,2940.0,41000.0
2024-07-01,26640,2978.0,2978.0,2915.0,2930.0,0,0,28500.0,83733400.0,1.0,2978.0,2978.0,2915.0,2930.0,28500.0
2024-07-02,26640,2940.0,2950.0,2916.0,2916.0,0,0,26900.0,78776400.0,1.0,2940.0,2950.0,2916.0,2916.0,26900.0
2024-07-03,26640,2910.0,2936.0,2905.0,2918.0,0,0,16100.0,46945600.0,1.0,2910.0,2936.0,2905.0,2918.0,16100.0
2024-07-04,26640,2923.0,2923.0,2905.0,2911.0,0,0,17100.0,49772300.0,1.0,2923.0,2923.0,2905.0,2911.0,17100.0
2024-07-05,26640,2924.0,2924.0,2888.0,2895.0,0,0,16700.0,48395000.0,1.0,2924.0,2924.0,2888.0,2895.0,16700.0
2024-07-08,26640,2919.0,2919.0,2876.0,2876.0,0,0,22000.0,63444400.0,1.0,2919.0,2919.0,2876.0,2876.0,22000.0
2024-07-09,26640,2891.0,2896.0,2858.0,2869.0,0,0,27200.0,78121000.0,1.0,2891.0,2896.0,2858.0,2869.0,27200.0
2024-07-10,26640,2872.0,2877.0,2859.0,2870.0,0,0,22700.0,65092300.0,1.0,2872.0,2877.0,2859.0,2870.0,22700.0
2024-07-11,26640,2870.0,2890.0,2864.0,2883.0,0,0,20500.0,59068100.0,1.0,2870.0,2890.0,2864.0,2883.0,20500.0
2024-07-12,26640,2892.0,2915.0,2892.0,2915.0,0,0,22100.0,64235000.0,1.0,2892.0,2915.0,2892.0,2915.0,22100.0
2024-07-16,26640,2921.0,2924.0,2876.0,2876.0,0,0,31100.0,90005200.0,1.0,2921.0,2924.0,2876.0,2876.0,31100.0
2024-07-17,26640,2888.0,2920.0,2888.0,2915.0,0,0,25300.0,73564200.0,1.0,2888.0,2920.0,2888.0,2915.0,25300.0
2024-07-18,26640,2903.0,2936.0,2902.0,2914.0,0,0,27000.0,78873500.0,1.0,2903.0,2936.0,2902.0,2914.0,27000.0
2024-07-19,26640,2925.0,2925.0,2887.0,2899.0,0,0,13900.0,40287900.0,1.0,2925.0,2925.0,2887.0,2899.0,13900.0
2024-07-22,26640,2900.0,2902.0,2858.0,2863.0,0,0,19000.0,54542600.0,1.0,2900.0,2902.0,2858.0,2863.0,19000.0
2024-07-23,26640,2863.0,2895.0,2863.0,2876.0,0,0,10500.0,30230900.0,1.0,2863.0,2895.0,2863.0,2876.0,10500.0
2024-07-24,26640,2876.0,2890.0,2853.0,2855.0,0,0,22600.0,64739900.0,1.0,2876.0,2890.0,2853.0,2855.0,22600.0
2024-07-25,26640,2841.0,2874.0,2832.0,2842.0,0,0,29600.0,84287900.0,1.0,2841.0,2874.0,2832.0,2842.0,29600.0
2024-07-26,26640,2830.0,2842.0,2816.0,2816.0,0,0,30900.0,87405400.0,1.0,2830.0,2842.0,2816.0,2816.0,30900.0
2024-07-29,26640,2800.0,2800.0,2706.0,2720.0,0,0,119400.0,326807800.0,1.0,2800.0,2800.0,2706.0,2720.0,119400.0
2024-07-30,26640,2727.0,2757.0,2727.0,2750.0,0,0,47500.0,130411400.0,1.0,2727.0,2757.0,2727.0,2750.0,47500.0
2024-07-31,26640,2749.0,2789.0,2738.0,2789.0,0,0,34300.0,94876200.0,1.0,2749.0,2789.0,2738.0,2789.0,34300.0
2024-08-01,26640,2779.0,2779.0,2703.0,2709.0,0,0,50200.0,136732200.0,1.0,2779.0,2779.0,2703.0,2709.0,50200.0
2024-08-02,26640,2681.0,2681.0,2639.0,2639.0,0,0,77100.0,204882300.0,1.0,2681.0,2681.0,2639.0,2639.0,77100.0
2024-08-05,26640,2591.0,2609.0,2415.0,2419.0,0,0,95800.0,241926500.0,1.0,2591.0,2609.0,2415.0,2419.0,95800.0
2024-08-06,26640,2563.0,2615.0,2511.0,2571.0,0,0,66700.0,171608000.0,1.0,2563.0,2615.0,2511.0,2571.0,66700.0
2024-08-07,26640,2575.0,2660.0,2560.0,2609.0,0,0,40900.0,107044000.0,1.0,2575.0,2660.0,2560.0,2609.0,40900.0
2024-08-08,26640,2600.0,2662.0,2589.0,2630.0,0,0,47600.0,124879700.0,1.0,2600.0,2662.0,2589.0,2630.0,47600.0
2024-08-09,26640,2680.0,2680.0,2585.0,2614.0,0,0,47200.0,124124400.0,1.0,2680.0,2680.0,2585.0,2614.0,47200.0
2024-08-13,26640,2614.0,2627.0,2588.0,2602.0,0,0,23500.0,61088200.0,1.0,2614.0,2627.0,2588.0,2602.0,23500.0
2024-08-14,26640,2600.0,2616.0,2589.0,2604.0,0,0,24200.0,62952300.0,1.0,2600.0,2616.0,2589.0,2604.0,24200.0
2024-08-15,26640,2612.0,2630.0,2609.0,2611.0,0,0,19700.0,51519000.0,1.0,2612.0,2630.0,2609.0,2611.0,19700.0
2024-08-16,26640,2633.0,2665.0,2617.0,2652.0,0,0,28100.0,74414900.0,1.0,2633.0,2665.0,2617.0,2652.0,28100.0
2024-08-19,26640,2652.0,2652.0,2627.0,2638.0,0,0,19300.0,50943700.0,1.0,2652.0,2652.0,2627.0,2638.0,19300.0
2024-08-20,26640,2642.0,2677.0,2642.0,2669.0,0,0,23400.0,62238400.0,1.0,2642.0,2677.0,2642.0,2669.0,23400.0
2024-08-21,26640,2652.0,2662.0,2634.0,2642.0,0,0,17100.0,45255100.0,1.0,2652.0,2662.0,2634.0,2642.0,17100.0
2024-08-22,26640,2650.0,2667.0,2642.0,2661.0,0,0,21800.0,57836900.0,1.0,2650.0,2667.0,2642.0,2661.0,21800.0
2024-08-23,26640,2670.0,2680.0,2660.0,2668.0,0,0,11500.0,30705200.0,1.0,2670.0,2680.0,2660.0,2668.0,11500.0
2024-08-26,26640,2679.0,2699.0,2673.0,2698.0,0,0,17600.0,47342200.0,1.0,2679.0,2699.0,2673.0,2698.0,17600.0
2024-08-27,26640,2698.0,2723.0,2690.0,2697.0,0,0,25900.0,69988200.0,1.0,2698.0,2723.0,2690.0,2697.0,25900.0
2024-08-28,26640,2692.0,2718.0,2684.0,2714.0,0,0,16400.0,44323500.0,1.0,2692.0,2718.0,2684.0,2714.0,16400.0
2024-08-29,26640,2720.0,2728.0,2698.0,2702.0,0,0,18800.0,50928600.0,1.0,2720.0,2728.0,2698.0,2702.0,18800.0
2024-08-30,26640,2702.0,2706.0,2683.0,2696.0,0,0,14700.0,39610200.0,1.0,2702.0,2706.0,2683.0,2696.0,14700.0
2024-09-02,26640,2696.0,2696.0,2658.0,2672.0,0,0,25700.0,68822200.0,1.0,2696.0,2696.0,2658.0,2672.0,25700.0
2024-09-03,26640,2684.0,2724.0,2684.0,2723.0,0,0,23300.0,63240400.0,1.0,2684.0,2724.0,2684.0,2723.0,23300.0
2024-09-04,26640,2680.0,2708.0,2658.0,2669.0,0,0,26000.0,69604600.0,1.0,2680.0,2708.0,2658.0,2669.0,26000.0
2024-09-05,26640,2667.0,2701.0,2665.0,2667.0,0,0,19500.0,52191600.0,1.0,2667.0,2701.0,2665.0,2667.0,19500.0
2024-09-06,26640,2674.0,2696.0,2671.0,2673.0,0,0,14200.0,38045900.0,1.0,2674.0,2696.0,2671.0,2673.0,14200.0
2024-09-09,26640,2671.0,2694.0,2656.0,2694.0,0,0,17100.0,45856100.0,1.0,2671.0,2694.0,2656.0,2694.0,17100.0
2024-09-10,26640,2694.0,2708.0,2681.0,2685.0,0,0,14500.0,39021300.0,1.0,2694.0,2708.0,2681.0,2685.0,14500.0
2024-09-11,26640,2688.0,2688.0,2615.0,2624.0,0,0,27100.0,71584400.0,1.0,2688.0,2688.0,2615.0,2624.0,27100.0
2024-09-12,26640,2659.0,2664.0,2622.0,2635.0,0,0,28400.0,74884300.0,1.0,2659.0,2664.0,2622.0,2635.0,28400.0
2024-09-13,26640,2635.0,2649.0,2628.0,2630.0,0,0,34200.0,90114000.0,1.0,2635.0,2649.0,2628.0,2630.0,34200.0
2024-09-17,26640,2639.0,2661.0,2623.0,2658.0,0,0,54200.0,143391400.0,1.0,2639.0,2661.0,2623.0,2658.0,54200.0
2024-09-18,26640,2675.0,2708.0,2674.0,2700.0,0,0,56300.0,151678300.0,1.0,2675.0,2708.0,2674.0,2700.0,56300.0
2024-09-19,26640,2709.0,2713.0,2661.0,2678.0,0,0,25300.0,67850000.0,1.0,2709.0,2713.0,2661.0,2678.0,25300.0
2024-09-20,26640,2688.0,2696.0,2653.0,2669.0,0,0,55700.0,148708600.0,1.0,2688.0,2696.0,2653.0,2669.0,55700.0
2024-09-24,26640,2697.0,2697.0,2662.0,2666.0,0,0,13200.0,35278300.0,1.0,2697.0,2697.0,2662.0,2666.0,13200.0
2024-09-25,26640,2670.0,2676.0,2652.0,2672.0,0,0,19200.0,51256300.0,1.0,2670.0,2676.0,2652.0,2672.0,19200.0
2024-09-26,26640,2676.0,2745.0,2676.0,2744.0,0,0,47700.0,130113700.0,1.0,2676.0,2745.0,2676.0,2744.0,47700.0
2024-09-27,26640,2738.0,2738.0,2689.0,2697.0,0,0,39000.0,105478500.0,1.0,2738.0,2738.0,2689.0,2697.0,39000.0
2024-09-30,26640,2680.0,2711.0,2670.0,2698.0,0,0,26900.0,72554400.0,1.0,2680.0,2711.0,2670.0,2698.0,26900.0
2024-10-01,26640,2698.0,2703.0,2677.0,2681.0,0,0,24200.0,65030700.0,1.0,2698.0,2703.0,2677.0,2681.0,24200.0
2024-10-02,26640,2676.0,2714.0,2669.0,2675.0,0,0,46700.0,125259200.0,1.0,2676.0,2714.0,2669.0,2675.0,46700.0
2024-10-03,26640,2681.0,2713.0,2665.0,2665.0,0,0,27900.0,74694400.0,1.0,2681.0,2713.0,2665.0,2665.0,27900.0
2024-10-04,26640,2660.0,2674.0,2655.0,2656.0,0,0,27500.0,73187800.0,1.0,2660.0,2674.0,2655.0,2656.0,27500.0
2024-10-07,26640,2674.0,2675.0,2656.0,2662.0,0,0,22800.0,60828600.0,1.0,2674.0,2675.0,2656.0,2662.0,22800.0
2024-10-08,26640,2663.0,2663.0,2616.0,2622.0,0,0,41900.0,110258900.0,1.0,2663.0,2663.0,2616.0,2622.0,41900.0
2024-10-09,26640,2621.0,2637.0,2611.0,2613.0,0,0,20300.0,53184400.0,1.0,2621.0,2637.0,2611.0,2613.0,20300.0
2024-10-10,26640,2613.0,2617.0,2602.0,2603.0,0,0,21800.0,56836600.0,1.0,2613.0,2617.0,2602.0,2603.0,21800.0
2024-10-11,26640,2610.0,2610.0,2592.0,2594.0,0,0,48000.0,124773900.0,1.0,2610.0,2610.0,2592.0,2594.0,48000.0
2024-10-15,26640,2605.0,2614.0,2598.0,2606.0,0,0,27200.0,70877900.0,1.0,2605.0,2614.0,2598.0,2606.0,27200.0
2024-10-16,26640,2602.0,2628.0,2596.0,2596.0,0,0,27600.0,71893800.0,1.0,2602.0,2628.0,2596.0,2596.0,27600.0
2024-10-17,26640,2596.0,2599.0,2579.0,2586.0,0,0,40300.0,104269200.0,1.0,2596.0,2599.0,2579.0,2586.0,40300.0
2024-10-18,26640,2600.0,2610.0,2586.0,2590.0,0,0,21800.0,56574100.0,1.0,2600.0,2610.0,2586.0,2590.0,21800.0
2024-10-21,26640,2590.0,2598.0,2572.0,2572.0,0,0,26100.0,67331200.0,1.0,2590.0,2598.0,2572.0,2572.0,26100.0
2024-10-22,26640,2572.0,2572.0,2546.0,2553.0,0,0,46100.0,117803800.0,1.0,2572.0,2572.0,2546.0,2553.0,46100.0
2024-10-23,26640,2564.0,2566.0,2532.0,2532.0,0,0,38800.0,98722100.0,1.0,2564.0,2566.0,2532.0,2532.0,38800.0
2024-10-24,26640,2532.0,2546.0,2521.0,2546.0,0,0,36900.0,93645500.0,1.0,2532.0,2546.0,2521.0,2546.0,36900.0
2024-10-25,26640,2523.0,2541.0,2518.0,2525.0,0,0,33100.0,83608800.0,1.0,2523.0,2541.0,2518.0,2525.0,33100.0
2024-10-28,26640,2520.0,2555.0,2499.0,2517.0,0,0,68800.0,173337300.0,1.0,2520.0,2555.0,2499.0,2517.0,68800.0
2024-10-29,26640,2525.0,2549.0,2517.0,2544.0,0,0,31000.0,78735500.0,1.0,2525.0,2549.0,2517.0,2544.0,31000.0
2024-10-30,26640,2541.0,2545.0,2515.0,2525.0,0,0,75200.0,189929000.0,1.0,2541.0,2545.0,2515.0,2525.0,75200.0
2024-10-31,26640,2525.0,2536.0,2516.0,2530.0,0,0,37100.0,93739200.0,1.0,2525.0,2536.0,2516.0,2530.0,37100.0
2024-11-01,26640,2526.0,2536.0,2500.0,2506.0,0,0,40800.0,102492900.0,1.0,2526.0,2536.0,2500.0,2506.0,40800.0
2024-11-05,26640,2536.0,2536.0,2496.0,2500.0,0,0,35700.0,89395000.0,1.0,2536.0,2536.0,2496.0,2500.0,35700.0
2024-11-06,26640,2506.0,2528.0,2500.0,2500.0,0,0,32100.0,80598600.0,1.0,2506.0,2528.0,2500.0,2500.0,32100.0
2024-11-07,26640,2500.0,2522.0,2497.0,2503.0,0,0,71900.0,180212700.0,1.0,2500.0,2522.0,2497.0,2503.0,71900.0
2024-11-08,26640,2522.0,2531.0,2498.0,2505.0,0,0,55600.0,139450900.0,1.0,2522.0,2531.0,2498.0,2505.0,55600.0
2024-11-11,26640,2495.0,2495.0,2445.0,2456.0,0,0,103900.0,256193500.0,1.0,2495.0,2495.0,2445.0,2456.0,103900.0
2024-11-12,26640,2469.0,2485.0,2461.0,2472.0,0,0,68500.0,169369200.0,1.0,2469.0,2485.0,2461.0,2472.0,68500.0
2024-11-13,26640,2462.0,2475.0,2462.0,2472.0,0,0,49700.0,122717800.0,1.0,2462.0,2475.0,2462.0,2472.0,49700.0
2024-11-14,26640,2480.0,2494.0,2474.0,2481.0,0,0,48600.0,120678300.0,1.0,2480.0,2494.0,2474.0,2481.0,48600.0
2024-11-15,26640,2484.0,2509.0,2480.0,2490.0,0,0,60100.0,150150700.0,1.0,2484.0,2509.0,2480.0,2490.0,60100.0
2024-11-18,26640,2495.0,2515.0,2482.0,2487.0,0,0,53700.0,133897100.0,1.0,2495.0,2515.0,2482.0,2487.0,53700.0
2024-11-19,26640,2488.0,2506.0,2487.0,2493.0,0,0,37900.0,94679700.0,1.0,2488.0,2506.0,2487.0,2493.0,37900.0
2024-11-20,26640,2493.0,2500.0,2461.0,2468.0,0,0,61900.0,153293300.0,1.0,2493.0,2500.0,2461.0,2468.0,61900.0
2024-11-21,26640,2472.0,2483.0,2466.0,2468.0,0,0,35300.0,87238800.0,1.0,2472.0,2483.0,2466.0,2468.0,35300.0
2024-11-22,26640,2479.0,2485.0,2468.0,2478.0,0,0,48200.0,119402200.0,1.0,2479.0,2485.0,2468.0,2478.0,48200.0
2024-11-25,26640,2485.0,2516.0,2473.0,2490.0,0,0,414500.0,1032233000.0,1.0,2485.0,2516.0,2473.0,2490.0,414500.0
2024-11-26,26640,2510.0,2540.0,2491.0,2540.0,0,0,77500.0,195157900.0,1.0,2510.0,2540.0,2491.0,2540.0,77500.0
2024-11-27,26640,2512.0,2539.0,2503.0,2517.0,0,0,42500.0,106973500.0,1.0,2512.0,2539.0,2503.0,2517.0,42500.0
2024-11-28,26640,2501.0,2529.0,2498.0,2508.0,0,0,38000.0,95574200.0,1.0,2501.0,2529.0,2498.0,2508.0,38000.0
2024-11-29,26640,2523.0,2544.0,2511.0,2526.0,0,0,45400.0,115056400.0,1.0,2523.0,2544.0,2511.0,2526.0,45400.0
2024-12-02,26640,2526.0,2545.0,2526.0,2539.0,0,0,35100.0,89012900.0,1.0,2526.0,2545.0,2526.0,2539.0,35100.0
2024-12-03,26640,2547.0,2572.0,2542.0,2550.0,0,0,39000.0,99758600.0,1.0,2547.0,2572.0,2542.0,2550.0,39000.0
2024-12-04,26640,2542.0,2571.0,2542.0,2554.0,0,0,44700.0,114409500.0,1.0,2542.0,2571.0,2542.0,2554.0,44700.0
2024-12-05,26640,2573.0,2575.0,2551.0,2556.0,0,0,42700.0,109334800.0,1.0,2573.0,2575.0,2551.0,2556.0,42700.0
2024-12-06,26640,2560.0,2569.0,2559.0,2562.0,0,0,31700.0,81246000.0,1.0,2560.0,2569.0,2559.0,2562.0,31700.0
2024-12-09,26640,2570.0,2593.0,2570.0,2588.0,0,0,34700.0,89719500.0,1.0,2570.0,2593.0,2570.0,2588.0,34700.0
2024-12-10,26640,2598.0,2602.0,2582.0,2582.0,0,0,34700.0,89920300.0,1.0,2598.0,2602.0,2582.0,2582.0,34700.0
2024-12-11,26640,2582.0,2596.0,2568.0,2568.0,0,0,30200.0,77793200.0,1.0,2582.0,2596.0,2568.0,2568.0,30200.0
2024-12-12,26640,2580.0,2598.0,2570.0,2583.0,0,0,42900.0,110804100.0,1.0,2580.0,2598.0,2570.0,2583.0,42900.0
2024-12-13,26640,2561.0,2587.0,2561.0,2580.0,0,0,39100.0,100571400.0,1.0,2561.0,2587.0,2561.0,2580.0,39100.0
2024-12-16,26640,2590.0,2590.0,2558.0,2558.0,0,0,33700.0,86524600.0,1.0,2590.0,2590.0,2558.0,2558.0,33700.0
2024-12-17,26640,2563.0,2566.0,2540.0,2546.0,0,0,33400.0,85145600.0,1.0,2563.0,2566.0,2540.0,2546.0,33400.0
2024-12-18,26640,2540.0,2540.0,2509.0,2512.0,0,0,45200.0,113980600.0,1.0,2540.0,2540.0,2509.0,2512.0,45200.0
2024-12-19,26640,2501.0,2521.0,2498.0,2514.0,0,0,51600.0,129382200.0,1.0,2501.0,2521.0,2498.0,2514.0,51600.0
2024-12-20,26640,2515.0,2521.0,2488.0,2488.0,0,0,86600.0,216335500.0,1.0,2515.0,2521.0,2488.0,2488.0,86600.0
2024-12-23,26640,2488.0,2492.0,2472.0,2477.0,0,0,78000.0,193558400.0,1.0,2488.0,2492.0,2472.0,2477.0,78000.0
2024-12-24,26640,2484.0,2515.0,2484.0,2501.0,0,0,42400.0,106149900.0,1.0,2484.0,2515.0,2484.0,2501.0,42400.0
2024-12-25,26640,2510.0,2510.0,2489.0,2507.0,0,0,27300.0,68258700.0,1.0,2510.0,2510.0,2489.0,2507.0,27300.0
2024-12-26,26640,2511.0,2532.0,2511.0,2532.0,0,0,74300.0,187790900.0,1.0,2511.0,2532.0,2511.0,2532.0,74300.0
2024-12-27,26640,2551.0,2562.0,2541.0,2557.0,0,0,50800.0,129669200.0,1.0,2551.0,2562.0,2541.0,2557.0,50800.0
2024-12-30,26640,2564.0,2582.0,2558.0,2560.0,0,0,47400.0,121603400.0,1.0,2564.0,2582.0,2558.0,2560.0,47400.0
2025-01-06,26640,2570.0,2577.0,2532.0,2541.0,0,0,101000.0,257673600.0,1.0,2570.0,2577.0,2532.0,2541.0,101000.0
2025-01-07,26640,2559.0,2559.0,2533.0,2537.0,0,0,53400.0,135833100.0,1.0,2559.0,2559.0,2533.0,2537.0,53400.0
2025-01-08,26640,2540.0,2541.0,2518.0,2521.0,0,0,56600.0,143130500.0,1.0,2540.0,2541.0,2518.0,2521.0,56600.0
2025-01-09,26640,2518.0,2526.0,2506.0,2518.0,0,0,64200.0,161379800.0,1.0,2518.0,2526.0,2506.0,2518.0,64200.0
2025-01-10,26640,2522.0,2522.0,2501.0,2518.0,0,0,38700.0,97213000.0,1.0,2522.0,2522.0,2501.0,2518.0,38700.0
2025-01-14,26640,2525.0,2539.0,2518.0,2530.0,0,0,77900.0,196820100.0,1.0,2525.0,2539.0,2518.0,2530.0,77900.0
2025-01-15,26640,2532.0,2544.0,2528.0,2544.0,0,0,44400.0,112612800.0,1.0,2532.0,2544.0,2528.0,2544.0,44400.0
2025-01-16,26640,2549.0,2563.0,2547.0,2549.0,0,0,80700.0,205991500.0,1.0,2549.0,2563.0,2547.0,2549.0,80700.0
2025-01-17,26640,2542.0,2569.0,2536.0,2568.0,0,0,67800.0,173236800.0,1.0,2542.0,2569.0,2536.0,2568.0,67800.0
2025-01-20,26640,2570.0,2591.0,2570.0,2582.0,0,0,83400.0,215084300.0,1.0,2570.0,2591.0,2570.0,2582.0,83400.0
2025-01-21,26640,2593.0,2613.0,2593.0,2611.0,0,0,59900.0,156033100.0,1.0,2593.0,2613.0,2593.0,2611.0,59900.0
2025-01-22,26640,2616.0,2641.0,2610.0,2621.0,0,0,70600.0,185284400.0,1.0,2616.0,2641.0,2610.0,2621.0,70600.0
2025-01-23,26640,2617.0,2641.0,2612.0,2633.0,0,0,94200.0,247637900.0,1.0,2617.0,2641.0,2612.0,2633.0,94200.0
2025-01-24,26640,2601.0,2695.0,2601.0,2633.0,0,0,167600.0,442228500.0,1.0,2601.0,2695.0,2601.0,2633.0,167600.0
2025-01-27,26640,2690.0,2690.0,2628.0,2638.0,0,0,108800.0,288981500.0,1.0,2690.0,2690.0,2628.0,2638.0,108800.0
2025-01-28,26640,2630.0,2675.0,2630.0,2665.0,0,0,70500.0,187243100.0,1.0,2630.0,2675.0,2630.0,2665.0,70500.0
2025-01-29,26640,2652.0,2673.0,2640.0,2664.0,0,0,62100.0,165148100.0,1.0,2652.0,2673.0,2640.0,2664.0,62100.0
2025-01-30,26640,2662.0,2690.0,2662.0,2685.0,0,0,72600.0,194016500.0,1.0,2662.0,2690.0,2662.0,2685.0,72600.0
2025-01-31,26640,2651.0,2680.0,2651.0,2660.0,0,0,106300.0,282639500.0,1.0,2651.0,2680.0,2651.0,2660.0,106300.0
2025-02-03,26640,2618.0,2648.0,2616.0,2645.0,0,0,149000.0,391995100.0,1.0,2618.0,2648.0,2616.0,2645.0,149000.0
2025-02-04,26640,2645.0,2659.0,2634.0,2634.0,0,0,75600.0,199916100.0,1.0,2645.0,2659.0,2634.0,2634.0,75600.0
2025-02-05,26640,2647.0,2651.0,2631.0,2631.0,0,0,81300.0,214668000.0,1.0,2647.0,2651.0,2631.0,2631.0,81300.0
2025-02-06,26640,2627.0,2665.0,2627.0,2663.0,0,0,94700.0,250222700.0,1.0,2627.0,2665.0,2627.0,2663.0,94700.0
2025-02-07,26640,2664.0,2675.0,2656.0,2667.0,0,0,163700.0,436487700.0,1.0,2664.0,2675.0,2656.0,2667.0,163700.0
2025-02-10,26640,2660.0,2679.0,2656.0,2678.0,0,0,101100.0,269573400.0,1.0,2660.0,2679.0,2656.0,2678.0,101100.0
2025-02-12,26640,2698.0,2700.0,2673.0,2673.0,0,0,88300.0,237131100.0,1.0,2698.0,2700.0,2673.0,2673.0,88300.0
2025-02-13,26640,2680.0,2690.0,2664.0,2683.0,0,0,56400.0,151211400.0,1.0,2680.0,2690.0,2664.0,2683.0,56400.0
2025-02-14,26640,2672.0,2682.0,2666.0,2674.0,0,0,48200.0,128864100.0,1.0,2672.0,2682.0,2666.0,2674.0,48200.0
2025-02-17,26640,2695.0,2697.0,2666.0,2666.0,0,0,74400.0,199526000.0,1.0,2695.0,2697.0,2666.0,2666.0,74400.0
2025-02-18,26640,2666.0,2672.0,2643.0,2650.0,0,0,89300.0,237008300.0,1.0,2666.0,2672.0,2643.0,2650.0,89300.0
2025-02-19,26640,2656.0,2669.0,2643.0,2654.0,0,0,135000.0,358449800.0,1.0,2656.0,2669.0,2643.0,2654.0,135000.0
2025-02-20,26640,2609.0,2640.0,2609.0,2628.0,0,0,224100.0,586758500.0,1.0,2609.0,2640.0,2609.0,2628.0,224100.0
2025-02-21,26640,2610.0,2642.0,2609.0,2629.0,0,0,126400.0,331387400.0,1.0,2610.0,2642.0,2609.0,2629.0,126400.0
2025-02-25,26640,2629.0,2646.0,2623.0,2646.0,0,0,149100.0,392285000.0,1.0,2629.0,2646.0,2623.0,2646.0,149100.0
2025-02-26,26640,2627.0,2645.0,2624.0,2636.0,0,0,168200.0,442341900.0,1.0,2627.0,2645.0,2624.0,2636.0,168200.0
2025-02-27,26640,2625.0,2688.0,2625.0,2686.0,0,0,198700.0,528110300.0,1.0,2625.0,2688.0,2625.0,2686.0,198700.0
2025-02-28,26640,2665.0,2691.0,2653.0,2667.0,0,0,178400.0,476118600.0,1.0,2665.0,2691.0,2653.0,2667.0,178400.0
2025-03-03,26640,2667.0,2702.0,2667.0,2694.0,0,0,171800.0,460998200.0,1.0,2667.0,2702.0,2667.0,2694.0,171800.0
2025-03-04,26640,2685.0,2710.0,2684.0,2684.0,0,0,230100.0,618806200.0,1.0,2685.0,2710.0,2684.0,2684.0,230100.0
2025-03-05,26640,2720.0,2722.0,2688.0,2709.0,0,0,123300.0,333848900.0,1.0,2720.0,2722.0,2688.0,2709.0,123300.0
2025-03-06,26640,2720.0,2725.0,2703.0,2706.0,0,0,174000.0,472296900.0,1.0,2720.0,2725.0,2703.0,2706.0,174000.0
2025-03-07,26640,2707.0,2712.0,2678.0,2708.0,0,0,158400.0,427758900.0,1.0,2707.0,2712.0,2678.0,2708.0,158400.0
2025-03-10,26640,2700.0,2712.0,2694.0,2702.0,0,0,248700.0,672240100.0,1.0,2700.0,2712.0,2694.0,2702.0,248700.0
2025-03-11,26640,2692.0,2703.0,2676.0,2696.0,0,0,345900.0,930964800.0,1.0,2692.0,2703.0,2676.0,2696.0,345900.0
2025-03-12,26640,2680.0,2789.0,2676.0,2777.0,0,0,1007500.0,2736658900.0,1.0,2680.0,2789.0,2676.0,2777.0,1007500.0
2025-03-13,26640,2676.0,2810.0,2656.0,2757.0,0,0,1036800.0,2817000200.0,1.0,2676.0,2810.0,2656.0,2757.0,1036800.0
2025-03-14,26640,2747.0,2846.0,2747.0,2805.0,0,0,254800.0,712599500.0,1.0,2747.0,2846.0,2747.0,2805.0,254800.0
2025-03-17,26640,2790.0,2864.0,2768.0,2844.0,0,0,230200.0,648040600.0,1.0,2790.0,2864.0,2768.0,2844.0,230200.0
2025-03-18,26640,2846.0,2903.0,2843.0,2873.0,0,0,118800.0,341644200.0,1.0,2846.0,2903.0,2843.0,2873.0,118800.0
2025-03-19,26640,2870.0,2875.0,2824.0,2863.0,0,0,101800.0,290664400.0,1.0,2870.0,2875.0,2824.0,2863.0,101800.0
2025-03-21,26640,2858.0,2876.0,2848.0,2850.0,0,0,111200.0,317614600.0,1.0,2858.0,2876.0,2848.0,2850.0,111200.0
2025-03-24,26640,2835.0,2845.0,2808.0,2821.0,0,0,76800.0,216827500.0,1.0,2835.0,2845.0,2808.0,2821.0,76800.0
2025-03-25,26640,2794.0,2828.0,2784.0,2815.0,0,0,75000.0,210592200.0,1.0,2794.0,2828.0,2784.0,2815.0,75000.0
2025-03-26,26640,2831.0,2849.0,2815.0,2842.0,0,0,68300.0,193779400.0,1.0,2831.0,2849.0,2815.0,2842.0,68300.0
2025-03-27,26640,2837.0,2883.0,2828.0,2865.0,0,0,95000.0,271915100.0,1.0,2837.0,2883.0,2828.0,2865.0,95000.0
2025-03-28,26640,2863.0,2879.0,2831.0,2848.0,0,0,75500.0,215263100.0,1.0,2863.0,2879.0,2831.0,2848.0,75500.0
2025-03-31,26640,2821.0,2831.0,2791.0,2813.0,0,0,57200.0,160902900.0,1.0,2821.0,2831.0,2791.0,2813.0,57200.0
2025-04-01,26640,2824.0,2835.0,2803.0,2809.0,0,0,53800.0,151656500.0,1.0,2824.0,2835.0,2803.0,2809.0,53800.0
2025-04-02,26640,2835.0,2835.0,2768.0,2776.0,0,0,57200.0,159195700.0,1.0,2835.0,2835.0,2768.0,2776.0,57200.0
2025-04-03,26640,2736.0,2776.0,2717.0,2771.0,0,0,61700.0,169823600.0,1.0,2736.0,2776.0,2717.0,2771.0,61700.0
2025-04-04,26640,2760.0,2760.0,2720.0,2758.0,0,0,94000.0,257721400.0,1.0,2760.0,2760.0,2720.0,2758.0,94000.0
2025-04-07,26640,2621.0,2708.0,2573.0,2662.0,0,0,137100.0,364497800.0,1.0,2621.0,2708.0,2573.0,2662.0,137100.0
2025-04-08,26640,2712.0,2795.0,2701.0,2780.0,0,0,78500.0,216539000.0,1.0,2712.0,2795.0,2701.0,2780.0,78500.0
2025-04-09,26640,2761.0,2788.0,2726.0,2773.0,0,0,76100.0,210460500.0,1.0,2761.0,2788.0,2726.0,2773.0,76100.0
2025-04-10,26640,2810.0,2864.0,2791.0,2847.0,0,0,68400.0,193958500.0,1.0,2810.0,2864.0,2791.0,2847.0,68400.0
2025-04-11,26640,2830.0,2868.0,2809.0,2866.0,0,0,68700.0,195400500.0,1.0,2830.0,2868.0,2809.0,2866.0,68700.0
2025-04-14,26640,2872.0,2915.0,2859.0,2897.0,0,0,67300.0,195067600.0,1.0,2872.0,2915.0,2859.0,2897.0,67300.0
2025-04-15,26640,2943.0,2945.0,2911.0,2911.0,0,0,48500.0,141846200.0,1.0,2943.0,2945.0,2911.0,2911.0,48500.0
2025-04-16,26640,2923.0,2958.0,2895.0,2956.0,0,0,76200.0,223761900.0,1.0,2923.0,2958.0,2895.0,2956.0,76200.0
2025-04-17,26640,2955.0,2958.0,2895.0,2897.0,0,0,35600.0,103691000.0,1.0,2955.0,2958.0,2895.0,2897.0,35600.0
2025-04-18,26640,2907.0,2958.0,2906.0,2953.0,0,0,46600.0,137264300.0,1.0,2907.0,2958.0,2906.0,2953.0,46600.0
2025-04-21,26640,2953.0,2983.0,2950.0,2983.0,0,0,51700.0,153572300.0,1.0,2953.0,2983.0,2950.0,2983.0,51700.0
2025-04-22,26640,2988.0,3000.0,2976.0,3000.0,0,0,56100.0,168040500.0,1.0,2988.0,3000.0,2976.0,3000.0,56100.0
2025-04-23,26640,3005.0,3035.0,2995.0,3025.0,0,0,55600.0,167925600.0,1.0,3005.0,3035.0,2995.0,3025.0,55600.0
2025-04-24,26640,3015.0,3015.0,2921.0,2936.0,0,0,71600.0,211271700.0,1.0,3015.0,3015.0,2921.0,2936.0,71600.0
2025-04-25,26640,2786.0,2896.0,2770.0,2770.0,0,0,178800.0,501352500.0,1.0,2786.0,2896.0,2770.0,2770.0,178800.0
2025-04-28,26640,2768.0,2790.0,2760.0,2777.0,0,0,71200.0,197449100.0,1.0,2768.0,2790.0,2760.0,2777.0,71200.0
2025-04-30,26640,2777.0,2804.0,2761.0,2793.0,0,0,56900.0,158581000.0,1.0,2777.0,2804.0,2761.0,2793.0,56900.0
2025-05-01,26640,2789.0,2795.0,2762.0,2770.0,0,0,45300.0,125579000.0,1.0,2789.0,2795.0,2762.0,2770.0,45300.0
2025-05-02,26640,2778.0,2793.0,2756.0,2775.0,0,0,41500.0,115201200.0,1.0,2778.0,2793.0,2756.0,2775.0,41500.0
2025-05-07,26640,2764.0,2865.0,2762.0,2847.0,0,0,141700.0,401896900.0,1.0,2764.0,2865.0,2762.0,2847.0,141700.0
2025-05-08,26640,2839.0,2866.0,2825.0,2835.0,0,0,91800.0,260936200.0,1.0,2839.0,2866.0,2825.0,2835.0,91800.0
2025-05-09,26640,2819.0,2877.0,2811.0,2818.0,0,0,107200.0,303488100.0,1.0,2819.0,2877.0,2811.0,2818.0,107200.0
2025-05-12,26640,2818.0,2901.0,2818.0,2879.0,0,0,82400.0,236798500.0,1.0,2818.0,2901.0,2818.0,2879.0,82400.0
2025-05-13,26640,2879.0,2884.0,2831.0,2866.0,0,0,58800.0,168379900.0,1.0,2879.0,2884.0,2831.0,2866.0,58800.0
2025-05-14,26640,2836.0,2838.0,2806.0,2818.0,0,0,40300.0,113697900.0,1.0,2836.0,2838.0,2806.0,2818.0,40300.0
2025-05-15,26640,2800.0,2832.0,2800.0,2802.0,0,0,32800.0,92159300.0,1.0,2800.0,2832.0,2800.0,2802.0,32800.0
2025-05-16,26640,2809.0,2841.0,2787.0,2829.0,0,0,51300.0,144373900.0,1.0,2809.0,2841.0,2787.0,2829.0,51300.0
2025-05-19,26640,2829.0,2836.0,2796.0,2817.0,0,0,29200.0,82098400.0,1.0,2829.0,2836.0,2796.0,2817.0,29200.0
2025-05-20,26640,2818.0,2818.0,2781.0,2781.0,0,0,31500.0,87937600.0,1.0,2818.0,2818.0,2781.0,2781.0,31500.0
2025-05-21,26640,2790.0,2811.0,2780.0,2792.0,0,0,26000.0,72567400.0,1.0,2790.0,2811.0,2780.0,2792.0,26000.0
2025-05-22,26640,2805.0,2829.0,2778.0,2790.0,0,0,27500.0,77024000.0,1.0,2805.0,2829.0,2778.0,2790.0,27500.0
2025-05-23,26640,2804.0,2810.0,2788.0,2799.0,0,0,19900.0,55714200.0,1.0,2804.0,2810.0,2788.0,2799.0,19900.0
2025-05-26,26640,2815.0,2823.0,2797.0,2797.0,0,0,25400.0,71243600.0,1.0,2815.0,2823.0,2797.0,2797.0,25400.0
2025-05-27,26640,2816.0,2816.0,2795.0,2807.0,0,0,13100.0,36739700.0,1.0,2816.0,2816.0,2795.0,2807.0,13100.0
2025-05-28,26640,2823.0,2828.0,2800.0,2816.0,0,0,31300.0,88157500.0,1.0,2823.0,2828.0,2800.0,2816.0,31300.0
2025-05-29,26640,2807.0,2819.0,2790.0,2808.0,0,0,41800.0,117345800.0,1.0,2807.0,2819.0,2790.0,2808.0,41800.0
2025-05-30,26640,2787.0,2822.0,2784.0,2813.0,0,0,31800.0,89301300.0,1.0,2787.0,2822.0,2784.0,2813.0,31800.0
2025-06-02,26640,2806.0,2820.0,2804.0,2817.0,0,0,31300.0,87983000.0,1.0,2806.0,2820.0,2804.0,2817.0,31300.0
2025-06-03,26640,2817.0,2817.0,2795.0,2799.0,0,0,34800.0,97463200.0,1.0,2817.0,2817.0,2795.0,2799.0,34800.0
2025-06-04,26640,2798.0,2823.0,2797.0,2799.0,0,0,56900.0,159875500.0,1.0,2798.0,2823.0,2797.0,2799.0,56900.0
2025-06-05,26640,2805.0,2818.0,2797.0,2818.0,0,0,50500.0,141883200.0,1.0,2805.0,2818.0,2797.0,2818.0,50500.0
2025-06-06,26640,2816.0,2849.0,2813.0,2839.0,0,0,57800.0,163992800.0,1.0,2816.0,2849.0,2813.0,2839.0,57800.0
2025-06-09,26640,2848.0,2876.0,2839.0,2857.0,0,0,48900.0,139691900.0,1.0,2848.0,2876.0,2839.0,2857.0,48900.0
2025-06-10,26640,2818.0,2839.0,2794.0,2794.0,0,0,77600.0,217563100.0,1.0,2818.0,2839.0,2794.0,2794.0,77600.0
2025-06-11,26640,2798.0,2810.0,2765.0,2767.0,0,0,52500.0,145792300.0,1.0,2798.0,2810.0,2765.0,2767.0,52500.0
2025-06-12,26640,2778.0,2778.0,2740.0,2740.0,0,0,39400.0,108270900.0,1.0,2778.0,2778.0,2740.0,2740.0,39400.0
2025-06-13,26640,2740.0,2748.0,2726.0,2742.0,0,0,39400.0,107909900.0,1.0,2740.0,2748.0,2726.0,2742.0,39400.0
2025-06-16,26640,2766.0,2772.0,2742.0,2753.0,0,0,21600.0,59488900.0,1.0,2766.0,2772.0,2742.0,2753.0,21600.0
2025-06-17,26640,2767.0,2767.0,2745.0,2753.0,0,0,21500.0,59185400.0,1.0,2767.0,2767.0,2745.0,2753.0,21500.0
2025-06-18,26640,2760.0,2788.0,2756.0,2787.0,0,0,52700.0,146468100.0,1.0,2760.0,2788.0,2756.0,2787.0,52700.0
2025-06-19,26640,2769.0,2777.0,2758.0,2771.0,0,0,22300.0,61691400.0,1.0,2769.0,2777.0,2758.0,2771.0,22300.0
2025-06-20,26640,2762.0,2788.0,2756.0,2767.0,0,0,50400.0,139782700.0,1.0,2762.0,2788.0,2756.0,2767.0,50400.0
2025-06-23,26640,2768.0,2788.0,2766.0,2781.0,0,0,18100.0,50290300.0,1.0,2768.0,2788.0,2766.0,2781.0,18100.0
2025-06-24,26640,2787.0,2800.0,2767.0,2790.0,0,0,25500.0,70943100.0,1.0,2787.0,2800.0,2767.0,2790.0,25500.0
2025-06-25,26640,2766.0,2768.0,2742.0,2761.0,0,0,37100.0,102314500.0,1.0,2766.0,2768.0,2742.0,2761.0,37100.0
2025-06-26,26640,2760.0,2772.0,2750.0,2756.0,0,0,35300.0,97396100.0,1.0,2760.0,2772.0,2750.0,2756.0,35300.0
2025-06-27,26640,2744.0,2757.0,2728.0,2757.0,0,0,70700.0,194081400.0,1.0,2744.0,2757.0,2728.0,2757.0,70700.0
2025-06-30,26640,2753.0,2766.0,2737.0,2761.0,0,0,72300.0,199004800.0,1.0,2753.0,2766.0,2737.0,2761.0,72300.0
2025-07-01,26640,2761.0,2784.0,2761.0,2766.0,0,0,31100.0,86106500.0,1.0,2761.0,2784.0,2761.0,2766.0,31100.0
2025-07-02,26640,2760.0,2797.0,2760.0,2772.0,0,0,40600.0,112894000.0,1.0,2760.0,2797.0,2760.0,2772.0,40600.0
2025-07-03,26640,2766.0,2787.0,2751.0,2759.0,0,0,52000.0,143796200.0,1.0,2766.0,2787.0,2751.0,2759.0,52000.0
2025-07-04,26640,2759.0,2772.0,2752.0,2761.0,0,0,36000.0,99360000.0,1.0,2759.0,2772.0,2752.0,2761.0,36000.0
2025-07-07,26640,2762.0,2798.0,2762.0,2790.0,0,0,50500.0,140635500.0,1.0,2762.0,2798.0,2762.0,2790.0,50500.0
2025-07-08,26640,2798.0,2798.0,2770.0,2775.0,0,0,25900.0,71960900.0,1.0,2798.0,2798.0,2770.0,2775.0,25900.0
2025-07-09,26640,2775.0,2801.0,2775.0,2789.0,0,0,37100.0,103493800.0,1.0,2775.0,2801.0,2775.0,2789.0,37100.0
2025-07-10,26640,2789.0,2796.0,2775.0,2791.0,0,0,45100.0,125707000.0,1.0,2789.0,2796.0,2775.0,2791.0,45100.0
2025-07-11,26640,2791.0,2828.0,2791.0,2809.0,0,0,46900.0,131823500.0,1.0,2791.0,2828.0,2791.0,2809.0,46900.0
2025-07-14,26640,2805.0,2823.0,2803.0,2811.0,0,0,26700.0,75122700.0,1.0,2805.0,2823.0,2803.0,2811.0,26700.0
2025-07-15,26640,2812.0,2878.0,2808.0,2824.0,0,0,39800.0,113095900.0,1.0,2812.0,2878.0,2808.0,2824.0,39800.0
2025-07-16,26640,2847.0,2861.0,2827.0,2837.0,0,0,49300.0,140215100.0,1.0,2847.0,2861.0,2827.0,2837.0,49300.0
2025-07-17,26640,2848.0,2855.0,2833.0,2854.0,0,0,19200.0,54710500.0,1.0,2848.0,2855.0,2833.0,2854.0,19200.0
2025-07-18,26640,2858.0,2860.0,2835.0,2835.0,0,0,24200.0,68809200.0,1.0,2858.0,2860.0,2835.0,2835.0,24200.0
2025-07-22,26640,2835.0,2850.0,2818.0,2826.0,0,0,32400.0,91745800.0,1.0,2835.0,2850.0,2818.0,2826.0,32400.0
2025-07-23,26640,2832.0,2846.0,2808.0,2836.0,0,0,67900.0,192269200.0,1.0,2832.0,2846.0,2808.0,2836.0,67900.0
2025-07-24,26640,2843.0,2854.0,2830.0,2836.0,0,0,50200.0,142554100.0,1.0,2843.0,2854.0,2830.0,2836.0,50200.0
2025-07-25,26640,2788.0,2804.0,2740.0,2740.0,0,0,137000.0,378289800.0,1.0,2788.0,2804.0,2740.0,2740.0,137000.0
2025-07-28,26640,2750.0,2750.0,2731.0,2739.0,0,0,49200.0,134844200.0,1.0,2750.0,2750.0,2731.0,2739.0,49200.0
2025-07-29,26640,2737.0,2757.0,2732.0,2734.0,0,0,42800.0,117333700.0,1.0,2737.0,2757.0,2732.0,2734.0,42800.0
2025-07-30,26640,2733.0,2751.0,2733.0,2748.0,0,0,23800.0,65313200.0,1.0,2733.0,2751.0,2733.0,2748.0,23800.0
2025-07-31,26640,2755.0,2764.0,2736.0,2757.0,0,0,33100.0,91060800.0,1.0,2755.0,2764.0,2736.0,2757.0,33100.0
2025-08-01,26640,2759.0,2800.0,2759.0,2800.0,0,0,47500.0,132213200.0,1.0,2759.0,2800.0,2759.0,2800.0,47500.0
2025-08-04,26640,2795.0,2811.0,2785.0,2793.0,0,0,33300.0,93119400.0,1.0,2795.0,2811.0,2785.0,2793.0,33300.0
2025-08-05,26640,2799.0,2803.0,2781.0,2793.0,0,0,29000.0,81068500.0,1.0,2799.0,2803.0,2781.0,2793.0,29000.0
2025-08-06,26640,2797.0,2812.0,2795.0,2812.0,0,0,27000.0,75769600.0,1.0,2797.0,2812.0,2795.0,2812.0,27000.0
2025-08-07,26640,2800.0,2833.0,2795.0,2808.0,0,0,25100.0,70608600.0,1.0,2800.0,2833.0,2795.0,2808.0,25100.0
2025-08-08,26640,2823.0,2823.0,2809.0,2821.0,0,0,26900.0,75800400.0,1.0,2823.0,2823.0,2809.0,2821.0,26900.0
2025-08-12,26640,2816.0,2827.0,2795.0,2817.0,0,0,48100.0,135375000.0,1.0,2816.0,2827.0,2795.0,2817.0,48100.0
2025-08-13,26640,2815.0,2815.0,2799.0,2815.0,0,0,25900.0,72762200.0,1.0,2815.0,2815.0,2799.0,2815.0,25900.0
2025-08-14,26640,2796.0,2801.0,2777.0,2788.0,0,0,47300.0,131919700.0,1.0,2796.0,2801.0,2777.0,2788.0,47300.0
2025-08-15,26640,2782.0,2786.0,2750.0,2751.0,0,0,67000.0,185120300.0,1.0,2782.0,2786.0,2750.0,2751.0,67000.0
2025-08-18,26640,2762.0,2784.0,2761.0,2772.0,0,0,53000.0,147038900.0,1.0,2762.0,2784.0,2761.0,2772.0,53000.0
2025-08-19,26640,2772.0,2779.0,2765.0,2769.0,0,0,27000.0,74793200.0,1.0,2772.0,2779.0,2765.0,2769.0,27000.0
2025-08-20,26640,2775.0,2814.0,2770.0,2801.0,0,0,44500.0,124535800.0,1.0,2775.0,2814.0,2770.0,2801.0,44500.0
2025-08-21,26640,2814.0,2822.0,2802.0,2813.0,0,0,39500.0,111080300.0,1.0,2814.0,2822.0,2802.0,2813.0,39500.0
2025-08-22,26640,2820.0,2835.0,2820.0,2834.0,0,0,46200.0,130707000.0,1.0,2820.0,2835.0,2820.0,2834.0,46200.0
2025-08-25,26640,2830.0,2830.0,2798.0,2812.0,0,0,35300.0,99236400.0,1.0,2830.0,2830.0,2798.0,2812.0,35300.0
2025-08-26,26640,2812.0,2816.0,2800.0,2809.0,0,0,36300.0,101977200.0,1.0,2812.0,2816.0,2800.0,2809.0,36300.0
2025-08-27,26640,2812.0,2825.0,2808.0,2812.0,0,0,50700.0,142860500.0,1.0,2812.0,2825.0,2808.0,2812.0,50700.0
2025-08-28,26640,2812.0,2821.0,2806.0,2810.0,0,0,24400.0,68596100.0,1.0,2812.0,2821.0,2806.0,2810.0,24400.0
2025-08-29,26640,2800.0,2811.0,2793.0,2804.0,0,0,64600.0,181095700.0,1.0,2800.0,2811.0,2793.0,2804.0,64600.0
2025-09-01,26640,2800.0,2817.0,2799.0,2817.0,0,0,53500.0,150234800.0,1.0,2800.0,2817.0,2799.0,2817.0,53500.0
2025-09-02,26640,2818.0,2818.0,2788.0,2803.0,0,0,53500.0,149868300.0,1.0,2818.0,2818.0,2788.0,2803.0,53500.0
2025-09-03,26640,2804.0,2840.0,2803.0,2838.0,0,0,70600.0,199266800.0,1.0,2804.0,2840.0,2803.0,2838.0,70600.0
2025-09-04,26640,2838.0,2855.0,2832.0,2845.0,0,0,47300.0,134587400.0,1.0,2838.0,2855.0,2832.0,2845.0,47300.0
2025-09-05,26640,2858.0,2862.0,2841.0,2858.0,0,0,30400.0,86778200.0,1.0,2858.0,2862.0,2841.0,2858.0,30400.0
2025-09-08,26640,2845.0,2869.0,2845.0,2864.0,0,0,22100.0,63283300.0,1.0,2845.0,2869.0,2845.0,2864.0,22100.0
2025-09-09,26640,2869.0,2885.0,2862.0,2877.0,0,0,40200.0,115653900.0,1.0,2869.0,2885.0,2862.0,2877.0,40200.0
2025-09-10,26640,2877.0,2892.0,2876.0,2890.0,0,0,27000.0,77882100.0,1.0,2877.0,2892.0,2876.0,2890.0,27000.0
2025-09-11,26640,2885.0,2905.0,2868.0,2895.0,0,0,33600.0,97200100.0,1.0,2885.0,2905.0,2868.0,2895.0,33600.0
2025-09-12,26640,2910.0,2910.0,2884.0,2893.0,0,0,38100.0,110361500.0,1.0,2910.0,2910.0,2884.0,2893.0,38100.0
2025-09-16,26640,2893.0,2913.0,2884.0,2911.0,0,0,36600.0,106241200.0,1.0,2893.0,2913.0,2884.0,2911.0,36600.0
2025-09-17,26640,2911.0,2924.0,2908.0,2914.0,0,0,33800.0,98591600.0,1.0,2911.0,2924.0,2908.0,2914.0,33800.0
2025-09-18,26640,2929.0,2930.0,2874.0,2877.0,0,0,37900.0,109498400.0,1.0,2929.0,2930.0,2874.0,2877.0,37900.0
2025-09-19,26640,2862.0,2884.0,2850.0,2884.0,0,0,54100.0,155225000.0,1.0,2862.0,2884.0,2850.0,2884.0,54100.0
2025-09-22,26640,2884.0,2909.0,2884.0,2884.0,0,0,30900.0,89376600.0,1.0,2884.0,2909.0,2884.0,2884.0,30900.0
2025-09-24,26640,2884.0,2920.0,2880.0,2920.0,0,0,36500.0,106186300.0,1.0,2884.0,2920.0,2880.0,2920.0,36500.0
2025-09-25,26640,2915.0,2929.0,2909.0,2919.0,0,0,24800.0,72377900.0,1.0,2915.0,2929.0,2909.0,2919.0,24800.0
2025-09-26,26640,2920.0,2946.0,2916.0,2946.0,0,0,37700.0,110662800.0,1.0,2920.0,2946.0,2916.0,2946.0,37700.0
2025-09-29,26640,2950.0,2962.0,2936.0,2955.0,0,0,35700.0,105403500.0,1.0,2950.0,2962.0,2936.0,2955.0,35700.0
2025-09-30,26640,2970.0,2977.0,2956.0,2959.0,0,0,28100.0,83281400.0,1.0,2970.0,2977.0,2956.0,2959.0,28100.0
2025-10-01,26640,2959.0,2967.0,2885.0,2890.0,0,0,52600.0,153298800.0,1.0,2959.0,2967.0,2885.0,2890.0,52600.0
2025-10-02,26640,2896.0,2900.0,2878.0,2888.0,0,0,38900.0,112497100.0,1.0,2896.0,2900.0,2878.0,2888.0,38900.0
2025-10-03,26640,2895.0,2925.0,2895.0,2898.0,0,0,34100.0,99160800.0,1.0,2895.0,2925.0,2895.0,2898.0,34100.0
2025-10-06,26640,2929.0,2940.0,2906.0,2912.0,0,0,35600.0,103952300.0,1.0,2929.0,2940.0,2906.0,2912.0,35600.0
2025-10-07,26640,2912.0,2945.0,2902.0,2939.0,0,0,30700.0,90048300.0,1.0,2912.0,2945.0,2902.0,2939.0,30700.0
2025-10-08,26640,2944.0,2964.0,2936.0,2936.0,0,0,32800.0,96807100.0,1.0,2944.0,2964.0,2936.0,2936.0,32800.0
2025-10-09,26640,2924.0,2945.0,2913.0,2936.0,0,0,26700.0,78314800.0,1.0,2924.0,2945.0,2913.0,2936.0,26700.0
2025-10-10,26640,2908.0,2939.0,2904.0,2935.0,0,0,33200.0,97234600.0,1.0,2908.0,2939.0,2904.0,2935.0,33200.0
2025-10-14,26640,2900.0,2918.0,2870.0,2899.0,0,0,38100.0,110322700.0,1.0,2900.0,2918.0,2870.0,2899.0,38100.0
2025-10-15,26640,2915.0,2927.0,2910.0,2915.0,0,0,19100.0,55715700.0,1.0,2915.0,2927.0,2910.0,2915.0,19100.0
2025-10-16,26640,2915.0,2930.0,2913.0,2925.0,0,0,21100.0,61694500.0,1.0,2915.0,2930.0,2913.0,2925.0,21100.0
2025-10-17,26640,2925.0,2948.0,2921.0,2926.0,0,0,21000.0,61578300.0,1.0,2925.0,2948.0,2921.0,2926.0,21000.0
2025-10-20,26640,2950.0,2950.0,2915.0,2924.0,0,0,24400.0,71492400.0,1.0,2950.0,2950.0,2915.0,2924.0,24400.0
2025-10-21,26640,2924.0,2930.0,2904.0,2921.0,0,0,20200.0,58912900.0,1.0,2924.0,2930.0,2904.0,2921.0,20200.0
2025-10-22,26640,2920.0,2953.0,2920.0,2944.0,0,0,25900.0,76112400.0,1.0,2920.0,2953.0,2920.0,2944.0,25900.0
2025-10-23,26640,2944.0,2990.0,2943.0,2979.0,0,0,28100.0,83522900.0,1.0,2944.0,2990.0,2943.0,2979.0,28100.0
2025-10-24,26640,2973.0,2979.0,2949.0,2950.0,0,0,22300.0,66002700.0,1.0,2973.0,2979.0,2949.0,2950.0,22300.0
2025-10-27,26640,2966.0,2982.0,2952.0,2975.0,0,0,22400.0,66579400.0,1.0,2966.0,2982.0,2952.0,2975.0,22400.0
2025-10-28,26640,2978.0,2989.0,2955.0,2964.0,0,0,28400.0,84338500.0,1.0,2978.0,2989.0,2955.0,2964.0,28400.0
2025-10-29,26640,2950.0,2960.0,2906.0,2906.0,0,0,63200.0,184802500.0,1.0,2950.0,2960.0,2906.0,2906.0,63200.0
