Date,Code,Open,High,Low,Close,UpperLimit,LowerLimit,Volume,TurnoverValue,AdjustmentFactor,AdjustmentOpen,AdjustmentHigh,AdjustmentLow,AdjustmentClose,AdjustmentVolume
2020-10-29,30860,782.0,801.0,773.0,791.0,0,0,2209600.0,1738104700.0,1.0,782.0,801.0,773.0,791.0,2209600.0
2020-10-30,30860,800.0,811.0,784.0,791.0,0,0,2072400.0,1647676900.0,1.0,800.0,811.0,784.0,791.0,2072400.0
2020-11-02,30860,796.0,823.0,796.0,812.0,0,0,1911100.0,1553355500.0,1.0,796.0,823.0,796.0,812.0,1911100.0
2020-11-04,30860,842.0,848.0,809.0,814.0,0,0,2302600.0,1887012600.0,1.0,842.0,848.0,809.0,814.0,2302600.0
2020-11-05,30860,807.0,809.0,777.0,794.0,0,0,2265400.0,1791120700.0,1.0,807.0,809.0,777.0,794.0,2265400.0
2020-11-06,30860,783.0,819.0,773.0,809.0,0,0,2256900.0,1817918700.0,1.0,783.0,819.0,773.0,809.0,2256900.0
2020-11-09,30860,815.0,823.0,791.0,802.0,0,0,2582700.0,2084923800.0,1.0,815.0,823.0,791.0,802.0,2582700.0
2020-11-10,30860,877.0,931.0,871.0,927.0,0,0,6933100.0,6269811300.0,1.0,877.0,931.0,871.0,927.0,6933100.0
2020-11-11,30860,941.0,948.0,891.0,898.0,0,0,3262100.0,2953703600.0,1.0,941.0,948.0,891.0,898.0,3262100.0
2020-11-12,30860,870.0,874.0,845.0,856.0,0,0,2652300.0,2278197600.0,1.0,870.0,874.0,845.0,856.0,2652300.0
2020-11-13,30860,849.0,852.0,831.0,845.0,0,0,1712700.0,1444333800.0,1.0,849.0,852.0,831.0,845.0,1712700.0
2020-11-16,30860,869.0,880.0,851.0,878.0,0,0,1748000.0,1522914700.0,1.0,869.0,880.0,851.0,878.0,1748000.0
2020-11-17,30860,890.0,899.0,865.0,886.0,0,0,2311600.0,2042546800.0,1.0,890.0,899.0,865.0,886.0,2311600.0
2020-11-18,30860,871.0,884.0,853.0,867.0,0,0,2100400.0,1827016100.0,1.0,871.0,884.0,853.0,867.0,2100400.0
2020-11-19,30860,860.0,871.0,849.0,856.0,0,0,1963700.0,1685031700.0,1.0,860.0,871.0,849.0,856.0,1963700.0
2020-11-20,30860,844.0,861.0,831.0,857.0,0,0,1901400.0,1619589000.0,1.0,844.0,861.0,831.0,857.0,1901400.0
2020-11-24,30860,873.0,902.0,867.0,893.0,0,0,2787000.0,2483054000.0,1.0,873.0,902.0,867.0,893.0,2787000.0
2020-11-25,30860,908.0,913.0,895.0,897.0,0,0,2603100.0,2351120100.0,1.0,908.0,913.0,895.0,897.0,2603100.0
2020-11-26,30860,885.0,892.0,866.0,874.0,0,0,1733000.0,1518355300.0,1.0,885.0,892.0,866.0,874.0,1733000.0
2020-11-27,30860,869.0,874.0,862.0,870.0,0,0,1581500.0,1373480900.0,1.0,869.0,874.0,862.0,870.0,1581500.0
2020-11-30,30860,872.0,872.0,828.0,837.0,0,0,2108900.0,1774841900.0,1.0,872.0,872.0,828.0,837.0,2108900.0
2020-12-01,30860,838.0,856.0,831.0,849.0,0,0,1787100.0,1507562000.0,1.0,838.0,856.0,831.0,849.0,1787100.0
2020-12-02,30860,856.0,878.0,850.0,873.0,0,0,1740200.0,1507950900.0,1.0,856.0,878.0,850.0,873.0,1740200.0
2020-12-03,30860,879.0,887.0,867.0,877.0,0,0,1366300.0,1200222200.0,1.0,879.0,887.0,867.0,877.0,1366300.0
2020-12-04,30860,865.0,890.0,863.0,881.0,0,0,912200.0,802861100.0,1.0,865.0,890.0,863.0,881.0,912200.0
2020-12-07,30860,875.0,883.0,866.0,866.0,0,0,789400.0,688095400.0,1.0,875.0,883.0,866.0,866.0,789400.0
2020-12-08,30860,857.0,873.0,855.0,865.0,0,0,883400.0,764576200.0,1.0,857.0,873.0,855.0,865.0,883400.0
2020-12-09,30860,873.0,893.0,870.0,892.0,0,0,950200.0,842002200.0,1.0,873.0,893.0,870.0,892.0,950200.0
2020-12-10,30860,893.0,904.0,892.0,892.0,0,0,1171600.0,1050006100.0,1.0,893.0,904.0,892.0,892.0,1171600.0
2020-12-11,30860,892.0,897.0,873.0,884.0,0,0,1417800.0,1251648600.0,1.0,892.0,897.0,873.0,884.0,1417800.0
2020-12-14,30860,875.0,898.0,873.0,895.0,0,0,1067300.0,952104300.0,1.0,875.0,898.0,873.0,895.0,1067300.0
2020-12-15,30860,880.0,896.0,874.0,894.0,0,0,1205800.0,1073864500.0,1.0,880.0,896.0,874.0,894.0,1205800.0
2020-12-16,30860,896.0,903.0,887.0,891.0,0,0,1226800.0,1097356900.0,1.0,896.0,903.0,887.0,891.0,1226800.0
2020-12-17,30860,881.0,884.0,850.0,851.0,0,0,1776900.0,1526412300.0,1.0,881.0,884.0,850.0,851.0,1776900.0
2020-12-18,30860,849.0,861.0,841.0,852.0,0,0,1828000.0,1557467000.0,1.0,849.0,861.0,841.0,852.0,1828000.0
2020-12-21,30860,853.0,853.0,832.0,845.0,0,0,1379000.0,1161352800.0,1.0,853.0,853.0,832.0,845.0,1379000.0
2020-12-22,30860,832.0,839.0,824.0,826.0,0,0,1345400.0,1117620200.0,1.0,832.0,839.0,824.0,826.0,1345400.0
2020-12-23,30860,826.0,830.0,799.0,801.0,0,0,1836600.0,1482072400.0,1.0,826.0,830.0,799.0,801.0,1836600.0
2020-12-24,30860,820.0,833.0,807.0,812.0,0,0,1295000.0,1054488900.0,1.0,820.0,833.0,807.0,812.0,1295000.0
2020-12-25,30860,814.0,821.0,809.0,816.0,0,0,604900.0,492702100.0,1.0,814.0,821.0,809.0,816.0,604900.0
2020-12-28,30860,819.0,823.0,788.0,794.0,0,0,1944300.0,1553725000.0,1.0,819.0,823.0,788.0,794.0,1944300.0
2020-12-29,30860,795.0,812.0,773.0,809.0,0,0,2103000.0,1677598800.0,1.0,795.0,812.0,773.0,809.0,2103000.0
2020-12-30,30860,820.0,826.0,792.0,815.0,0,0,1883400.0,1532943100.0,1.0,820.0,826.0,792.0,815.0,1883400.0
2021-01-04,30860,807.0,810.0,774.0,776.0,0,0,1862400.0,1456211900.0,1.0,807.0,810.0,774.0,776.0,1862400.0
2021-01-05,30860,769.0,783.0,761.0,774.0,0,0,1286600.0,996960900.0,1.0,769.0,783.0,761.0,774.0,1286600.0
2021-01-06,30860,777.0,799.0,771.0,791.0,0,0,1248500.0,985258400.0,1.0,777.0,799.0,771.0,791.0,1248500.0
2021-01-07,30860,818.0,824.0,798.0,801.0,0,0,1586200.0,1281006900.0,1.0,818.0,824.0,798.0,801.0,1586200.0
2021-01-08,30860,805.0,823.0,802.0,822.0,0,0,1881300.0,1535707700.0,1.0,805.0,823.0,802.0,822.0,1881300.0
2021-01-12,30860,817.0,830.0,807.0,811.0,0,0,1779500.0,1452082700.0,1.0,817.0,830.0,807.0,811.0,1779500.0
2021-01-13,30860,812.0,827.0,800.0,823.0,0,0,1308800.0,1066699100.0,1.0,812.0,827.0,800.0,823.0,1308800.0
2021-01-14,30860,819.0,854.0,810.0,847.0,0,0,2003700.0,1689185100.0,1.0,819.0,854.0,810.0,847.0,2003700.0
2021-01-15,30860,858.0,894.0,852.0,890.0,0,0,3058600.0,2692249300.0,1.0,858.0,894.0,852.0,890.0,3058600.0
2021-01-18,30860,878.0,884.0,834.0,840.0,0,0,1714700.0,1461733700.0,1.0,878.0,884.0,834.0,840.0,1714700.0
2021-01-19,30860,844.0,858.0,839.0,847.0,0,0,1514800.0,1288852000.0,1.0,844.0,858.0,839.0,847.0,1514800.0
2021-01-20,30860,844.0,877.0,843.0,875.0,0,0,1623600.0,1403432100.0,1.0,844.0,877.0,843.0,875.0,1623600.0
2021-01-21,30860,882.0,888.0,865.0,870.0,0,0,1317700.0,1150680200.0,1.0,882.0,888.0,865.0,870.0,1317700.0
2021-01-22,30860,861.0,873.0,851.0,851.0,0,0,1656600.0,1423082200.0,1.0,861.0,873.0,851.0,851.0,1656600.0
2021-01-25,30860,855.0,871.0,844.0,863.0,0,0,1308200.0,1128825800.0,1.0,855.0,871.0,844.0,863.0,1308200.0
2021-01-26,30860,865.0,871.0,856.0,870.0,0,0,927600.0,802298700.0,1.0,865.0,871.0,856.0,870.0,927600.0
2021-01-27,30860,871.0,894.0,867.0,889.0,0,0,1321600.0,1168786800.0,1.0,871.0,894.0,867.0,889.0,1321600.0
2021-01-28,30860,875.0,904.0,874.0,899.0,0,0,2142700.0,1923893100.0,1.0,875.0,904.0,874.0,899.0,2142700.0
2021-01-29,30860,898.0,902.0,861.0,864.0,0,0,1990000.0,1740528900.0,1.0,898.0,902.0,861.0,864.0,1990000.0
2021-02-01,30860,869.0,881.0,865.0,871.0,0,0,1033400.0,901461500.0,1.0,869.0,881.0,865.0,871.0,1033400.0
2021-02-02,30860,873.0,904.0,871.0,900.0,0,0,1935600.0,1733656900.0,1.0,873.0,904.0,871.0,900.0,1935600.0
2021-02-03,30860,899.0,930.0,899.0,919.0,0,0,2629800.0,2418895000.0,1.0,899.0,930.0,899.0,919.0,2629800.0
2021-02-04,30860,943.0,974.0,934.0,948.0,0,0,2678900.0,2557789500.0,1.0,943.0,974.0,934.0,948.0,2678900.0
2021-02-05,30860,958.0,975.0,947.0,972.0,0,0,2195600.0,2115417300.0,1.0,958.0,975.0,947.0,972.0,2195600.0
2021-02-08,30860,985.0,1014.0,978.0,1001.0,0,0,2491600.0,2497578100.0,1.0,985.0,1014.0,978.0,1001.0,2491600.0
2021-02-09,30860,1002.0,1024.0,990.0,1001.0,0,0,2409300.0,2416652900.0,1.0,1002.0,1024.0,990.0,1001.0,2409300.0
2021-02-10,30860,991.0,1022.0,986.0,1018.0,0,0,1529100.0,1547349100.0,1.0,991.0,1022.0,986.0,1018.0,1529100.0
2021-02-12,30860,1011.0,1015.0,992.0,1014.0,0,0,1750700.0,1765048600.0,1.0,1011.0,1015.0,992.0,1014.0,1750700.0
2021-02-15,30860,1020.0,1028.0,1000.0,1006.0,0,0,1587600.0,1603583800.0,1.0,1020.0,1028.0,1000.0,1006.0,1587600.0
2021-02-16,30860,1012.0,1035.0,1002.0,1028.0,0,0,1589200.0,1623396500.0,1.0,1012.0,1035.0,1002.0,1028.0,1589200.0
2021-02-17,30860,1038.0,1048.0,1032.0,1038.0,0,0,1156400.0,1202703500.0,1.0,1038.0,1048.0,1032.0,1038.0,1156400.0
2021-02-18,30860,1050.0,1051.0,1013.0,1016.0,0,0,1819900.0,1868764900.0,1.0,1050.0,1051.0,1013.0,1016.0,1819900.0
2021-02-19,30860,1018.0,1033.0,980.0,988.0,0,0,2023900.0,2020978600.0,1.0,1018.0,1033.0,980.0,988.0,2023900.0
2021-02-22,30860,1000.0,1036.0,1000.0,1012.0,0,0,1956500.0,1997166300.0,1.0,1000.0,1036.0,1000.0,1012.0,1956500.0
2021-02-24,30860,1021.0,1082.0,1020.0,1059.0,0,0,3418100.0,3608176600.0,1.0,1021.0,1082.0,1020.0,1059.0,3418100.0
2021-02-25,30860,1056.0,1063.0,1025.0,1055.0,0,0,2070700.0,2170327300.0,1.0,1056.0,1063.0,1025.0,1055.0,2070700.0
2021-02-26,30860,1039.0,1039.0,1017.0,1017.0,0,0,1478900.0,1516019600.0,1.0,1039.0,1039.0,1017.0,1017.0,1478900.0
2021-03-01,30860,1018.0,1019.0,995.0,1014.0,0,0,2368200.0,2380051100.0,1.0,1018.0,1019.0,995.0,1014.0,2368200.0
2021-03-02,30860,1011.0,1026.0,988.0,998.0,0,0,2643200.0,2646402200.0,1.0,1011.0,1026.0,988.0,998.0,2643200.0
2021-03-03,30860,1007.0,1052.0,1000.0,1047.0,0,0,2153000.0,2228492100.0,1.0,1007.0,1052.0,1000.0,1047.0,2153000.0
2021-03-04,30860,1052.0,1065.0,1040.0,1063.0,0,0,2206500.0,2326903500.0,1.0,1052.0,1065.0,1040.0,1063.0,2206500.0
2021-03-05,30860,1070.0,1082.0,1051.0,1081.0,0,0,2166200.0,2313249100.0,1.0,1070.0,1082.0,1051.0,1081.0,2166200.0
2021-03-08,30860,1119.0,1142.0,1105.0,1108.0,0,0,3353600.0,3747173800.0,1.0,1119.0,1142.0,1105.0,1108.0,3353600.0
2021-03-09,30860,1128.0,1153.0,1122.0,1141.0,0,0,2715300.0,3095844500.0,1.0,1128.0,1153.0,1122.0,1141.0,2715300.0
2021-03-10,30860,1120.0,1148.0,1107.0,1135.0,0,0,2027800.0,2295319800.0,1.0,1120.0,1148.0,1107.0,1135.0,2027800.0
2021-03-11,30860,1149.0,1162.0,1130.0,1141.0,0,0,1818700.0,2082186100.0,1.0,1149.0,1162.0,1130.0,1141.0,1818700.0
2021-03-12,30860,1133.0,1136.0,1105.0,1118.0,0,0,2319400.0,2603583300.0,1.0,1133.0,1136.0,1105.0,1118.0,2319400.0
2021-03-15,30860,1145.0,1162.0,1131.0,1148.0,0,0,1652900.0,1895579400.0,1.0,1145.0,1162.0,1131.0,1148.0,1652900.0
2021-03-16,30860,1152.0,1154.0,1131.0,1138.0,0,0,1122700.0,1280439300.0,1.0,1152.0,1154.0,1131.0,1138.0,1122700.0
2021-03-17,30860,1133.0,1157.0,1127.0,1153.0,0,0,1244100.0,1426283700.0,1.0,1133.0,1157.0,1127.0,1153.0,1244100.0
2021-03-18,30860,1147.0,1164.0,1139.0,1157.0,0,0,1318700.0,1521538900.0,1.0,1147.0,1164.0,1139.0,1157.0,1318700.0
2021-03-19,30860,1155.0,1165.0,1148.0,1157.0,0,0,1459300.0,1689417800.0,1.0,1155.0,1165.0,1148.0,1157.0,1459300.0
2021-03-22,30860,1152.0,1192.0,1147.0,1182.0,0,0,1358500.0,1600629900.0,1.0,1152.0,1192.0,1147.0,1182.0,1358500.0
2021-03-23,30860,1173.0,1177.0,1123.0,1124.0,0,0,2269800.0,2593151400.0,1.0,1173.0,1177.0,1123.0,1124.0,2269800.0
2021-03-24,30860,1094.0,1095.0,1050.0,1060.0,0,0,3704300.0,3943372000.0,1.0,1094.0,1095.0,1050.0,1060.0,3704300.0
2021-03-25,30860,1072.0,1095.0,1061.0,1082.0,0,0,1668500.0,1799356800.0,1.0,1072.0,1095.0,1061.0,1082.0,1668500.0
2021-03-26,30860,1100.0,1112.0,1078.0,1090.0,0,0,2918000.0,3197868500.0,1.0,1100.0,1112.0,1078.0,1090.0,2918000.0
2021-03-29,30860,1100.0,1110.0,1018.0,1031.0,0,0,2562700.0,2664713600.0,1.0,1100.0,1110.0,1018.0,1031.0,2562700.0
2021-03-30,30860,1050.0,1086.0,1046.0,1085.0,0,0,2660500.0,2858240800.0,1.0,1050.0,1086.0,1046.0,1085.0,2660500.0
2021-03-31,30860,1055.0,1072.0,1040.0,1051.0,0,0,1789400.0,1886547000.0,1.0,1055.0,1072.0,1040.0,1051.0,1789400.0
2021-04-01,30860,1031.0,1044.0,1019.0,1026.0,0,0,1882200.0,1933408000.0,1.0,1031.0,1044.0,1019.0,1026.0,1882200.0
2021-04-02,30860,1028.0,1039.0,1003.0,1016.0,0,0,1251700.0,1271663600.0,1.0,1028.0,1039.0,1003.0,1016.0,1251700.0
2021-04-05,30860,1032.0,1041.0,1012.0,1039.0,0,0,1174800.0,1212498900.0,1.0,1032.0,1041.0,1012.0,1039.0,1174800.0
2021-04-06,30860,1040.0,1054.0,1020.0,1035.0,0,0,1126900.0,1168202700.0,1.0,1040.0,1054.0,1020.0,1035.0,1126900.0
2021-04-07,30860,1025.0,1042.0,1012.0,1023.0,0,0,1628600.0,1663958900.0,1.0,1025.0,1042.0,1012.0,1023.0,1628600.0
2021-04-08,30860,1025.0,1026.0,997.0,1006.0,0,0,1667300.0,1677093500.0,1.0,1025.0,1026.0,997.0,1006.0,1667300.0
2021-04-09,30860,1012.0,1016.0,997.0,1011.0,0,0,1482900.0,1494060800.0,1.0,1012.0,1016.0,997.0,1011.0,1482900.0
2021-04-12,30860,1022.0,1029.0,1005.0,1023.0,0,0,1387300.0,1410127300.0,1.0,1022.0,1029.0,1005.0,1023.0,1387300.0
2021-04-13,30860,1026.0,1070.0,1023.0,1064.0,0,0,2554500.0,2696768800.0,1.0,1026.0,1070.0,1023.0,1064.0,2554500.0
2021-04-14,30860,1015.0,1015.0,967.0,985.0,0,0,6213900.0,6124436100.0,1.0,1015.0,1015.0,967.0,985.0,6213900.0
2021-04-15,30860,968.0,982.0,952.0,972.0,0,0,3642100.0,3525973900.0,1.0,968.0,982.0,952.0,972.0,3642100.0
2021-04-16,30860,970.0,993.0,958.0,993.0,0,0,2841500.0,2780352500.0,1.0,970.0,993.0,958.0,993.0,2841500.0
2021-04-19,30860,993.0,999.0,969.0,973.0,0,0,1464500.0,1437621900.0,1.0,993.0,999.0,969.0,973.0,1464500.0
2021-04-20,30860,964.0,964.0,924.0,935.0,0,0,2518800.0,2367751000.0,1.0,964.0,964.0,924.0,935.0,2518800.0
2021-04-21,30860,910.0,926.0,902.0,916.0,0,0,2246500.0,2056296800.0,1.0,910.0,926.0,902.0,916.0,2246500.0
2021-04-22,30860,922.0,939.0,911.0,939.0,0,0,1674700.0,1557249500.0,1.0,922.0,939.0,911.0,939.0,1674700.0
2021-04-23,30860,934.0,959.0,923.0,956.0,0,0,1392300.0,1322185600.0,1.0,934.0,959.0,923.0,956.0,1392300.0
2021-04-26,30860,971.0,996.0,959.0,994.0,0,0,2206800.0,2173868200.0,1.0,971.0,996.0,959.0,994.0,2206800.0
2021-04-27,30860,995.0,1022.0,989.0,1014.0,0,0,2041600.0,2059068800.0,1.0,995.0,1022.0,989.0,1014.0,2041600.0
2021-04-28,30860,1017.0,1037.0,1007.0,1031.0,0,0,1353600.0,1390726300.0,1.0,1017.0,1037.0,1007.0,1031.0,1353600.0
2021-04-30,30860,1025.0,1047.0,1023.0,1040.0,0,0,1371000.0,1421150400.0,1.0,1025.0,1047.0,1023.0,1040.0,1371000.0
2021-05-06,30860,1050.0,1068.0,1049.0,1058.0,0,0,1541500.0,1629976500.0,1.0,1050.0,1068.0,1049.0,1058.0,1541500.0
2021-05-07,30860,1068.0,1070.0,1042.0,1055.0,0,0,1438000.0,1512855600.0,1.0,1068.0,1070.0,1042.0,1055.0,1438000.0
2021-05-10,30860,1058.0,1067.0,1042.0,1050.0,0,0,1349100.0,1418198700.0,1.0,1058.0,1067.0,1042.0,1050.0,1349100.0
2021-05-11,30860,1042.0,1058.0,1030.0,1033.0,0,0,1311700.0,1366453400.0,1.0,1042.0,1058.0,1030.0,1033.0,1311700.0
2021-05-12,30860,1025.0,1029.0,988.0,1002.0,0,0,1434400.0,1440009800.0,1.0,1025.0,1029.0,988.0,1002.0,1434400.0
2021-05-13,30860,1004.0,1009.0,969.0,973.0,0,0,2005100.0,1971720100.0,1.0,1004.0,1009.0,969.0,973.0,2005100.0
2021-05-14,30860,986.0,1023.0,981.0,1010.0,0,0,1027900.0,1032417900.0,1.0,986.0,1023.0,981.0,1010.0,1027900.0
2021-05-17,30860,1029.0,1045.0,1024.0,1038.0,0,0,730200.0,756102200.0,1.0,1029.0,1045.0,1024.0,1038.0,730200.0
2021-05-18,30860,1047.0,1097.0,1047.0,1071.0,0,0,1558400.0,1680072400.0,1.0,1047.0,1097.0,1047.0,1071.0,1558400.0
2021-05-19,30860,1047.0,1095.0,1036.0,1092.0,0,0,1679600.0,1815919300.0,1.0,1047.0,1095.0,1036.0,1092.0,1679600.0
2021-05-20,30860,1085.0,1097.0,1076.0,1091.0,0,0,959100.0,1044448500.0,1.0,1085.0,1097.0,1076.0,1091.0,959100.0
2021-05-21,30860,1091.0,1107.0,1083.0,1088.0,0,0,1044200.0,1143433400.0,1.0,1091.0,1107.0,1083.0,1088.0,1044200.0
2021-05-24,30860,1087.0,1091.0,1057.0,1066.0,0,0,1263700.0,1346812000.0,1.0,1087.0,1091.0,1057.0,1066.0,1263700.0
2021-05-25,30860,1057.0,1065.0,1036.0,1046.0,0,0,1215200.0,1275590800.0,1.0,1057.0,1065.0,1036.0,1046.0,1215200.0
2021-05-26,30860,1046.0,1057.0,1040.0,1051.0,0,0,988900.0,1036807700.0,1.0,1046.0,1057.0,1040.0,1051.0,988900.0
2021-05-27,30860,1051.0,1079.0,1040.0,1054.0,0,0,1797300.0,1903558000.0,1.0,1051.0,1079.0,1040.0,1054.0,1797300.0
2021-05-28,30860,1080.0,1105.0,1074.0,1096.0,0,0,1841600.0,2014886500.0,1.0,1080.0,1105.0,1074.0,1096.0,1841600.0
2021-05-31,30860,1090.0,1103.0,1066.0,1076.0,0,0,1090900.0,1174796100.0,1.0,1090.0,1103.0,1066.0,1076.0,1090900.0
2021-06-01,30860,1084.0,1087.0,1057.0,1079.0,0,0,1184200.0,1267656200.0,1.0,1084.0,1087.0,1057.0,1079.0,1184200.0
2021-06-02,30860,1084.0,1118.0,1075.0,1114.0,0,0,2527900.0,2804496600.0,1.0,1084.0,1118.0,1075.0,1114.0,2527900.0
2021-06-03,30860,1123.0,1149.0,1109.0,1111.0,0,0,3171100.0,3559032200.0,1.0,1123.0,1149.0,1109.0,1111.0,3171100.0
2021-06-04,30860,1120.0,1169.0,1105.0,1163.0,0,0,2643800.0,3025531000.0,1.0,1120.0,1169.0,1105.0,1163.0,2643800.0
2021-06-07,30860,1171.0,1175.0,1143.0,1159.0,0,0,1286000.0,1488662800.0,1.0,1171.0,1175.0,1143.0,1159.0,1286000.0
2021-06-08,30860,1160.0,1175.0,1151.0,1174.0,0,0,927200.0,1081421200.0,1.0,1160.0,1175.0,1151.0,1174.0,927200.0
2021-06-09,30860,1178.0,1218.0,1176.0,1192.0,0,0,1244300.0,1492031600.0,1.0,1178.0,1218.0,1176.0,1192.0,1244300.0
2021-06-10,30860,1192.0,1196.0,1147.0,1163.0,0,0,1858400.0,2166879200.0,1.0,1192.0,1196.0,1147.0,1163.0,1858400.0
2021-06-11,30860,1164.0,1170.0,1144.0,1156.0,0,0,1457400.0,1690943600.0,1.0,1164.0,1170.0,1144.0,1156.0,1457400.0
2021-06-14,30860,1168.0,1172.0,1141.0,1147.0,0,0,887300.0,1021549100.0,1.0,1168.0,1172.0,1141.0,1147.0,887300.0
2021-06-15,30860,1138.0,1144.0,1114.0,1116.0,0,0,1410800.0,1581797800.0,1.0,1138.0,1144.0,1114.0,1116.0,1410800.0
2021-06-16,30860,1127.0,1153.0,1123.0,1133.0,0,0,1154100.0,1313565500.0,1.0,1127.0,1153.0,1123.0,1133.0,1154100.0
2021-06-17,30860,1128.0,1144.0,1113.0,1133.0,0,0,1152100.0,1303955300.0,1.0,1128.0,1144.0,1113.0,1133.0,1152100.0
2021-06-18,30860,1115.0,1127.0,1067.0,1079.0,0,0,3206200.0,3498308600.0,1.0,1115.0,1127.0,1067.0,1079.0,3206200.0
2021-06-21,30860,1058.0,1068.0,1040.0,1054.0,0,0,1892700.0,1988956300.0,1.0,1058.0,1068.0,1040.0,1054.0,1892700.0
2021-06-22,30860,1084.0,1100.0,1074.0,1090.0,0,0,1311900.0,1429316100.0,1.0,1084.0,1100.0,1074.0,1090.0,1311900.0
2021-06-23,30860,1086.0,1097.0,1075.0,1075.0,0,0,1270700.0,1372484000.0,1.0,1086.0,1097.0,1075.0,1075.0,1270700.0
2021-06-24,30860,1077.0,1084.0,1060.0,1064.0,0,0,1162400.0,1241134100.0,1.0,1077.0,1084.0,1060.0,1064.0,1162400.0
2021-06-25,30860,1068.0,1071.0,1057.0,1060.0,0,0,1244400.0,1322570900.0,1.0,1068.0,1071.0,1057.0,1060.0,1244400.0
2021-06-28,30860,1065.0,1067.0,1037.0,1050.0,0,0,1788300.0,1873050400.0,1.0,1065.0,1067.0,1037.0,1050.0,1788300.0
2021-06-29,30860,1020.0,1028.0,995.0,1022.0,0,0,2879300.0,2929164900.0,1.0,1020.0,1028.0,995.0,1022.0,2879300.0
2021-06-30,30860,1007.0,1007.0,969.0,985.0,0,0,4633500.0,4573351800.0,1.0,1007.0,1007.0,969.0,985.0,4633500.0
2021-07-01,30860,992.0,1007.0,982.0,1003.0,0,0,2584300.0,2567536900.0,1.0,992.0,1007.0,982.0,1003.0,2584300.0
2021-07-02,30860,1009.0,1027.0,1007.0,1011.0,0,0,1689400.0,1718292500.0,1.0,1009.0,1027.0,1007.0,1011.0,1689400.0
2021-07-05,30860,998.0,1030.0,995.0,1024.0,0,0,1991400.0,2025169000.0,1.0,998.0,1030.0,995.0,1024.0,1991400.0
2021-07-06,30860,1028.0,1044.0,1018.0,1043.0,0,0,1394600.0,1442121200.0,1.0,1028.0,1044.0,1018.0,1043.0,1394600.0
2021-07-07,30860,1013.0,1031.0,1002.0,1007.0,0,0,1824100.0,1850313400.0,1.0,1013.0,1031.0,1002.0,1007.0,1824100.0
2021-07-08,30860,995.0,1004.0,987.0,995.0,0,0,1847200.0,1837662200.0,1.0,995.0,1004.0,987.0,995.0,1847200.0
2021-07-09,30860,977.0,1016.0,976.0,1015.0,0,0,2309800.0,2310953300.0,1.0,977.0,1016.0,976.0,1015.0,2309800.0
2021-07-12,30860,1028.0,1030.0,1013.0,1025.0,0,0,1583400.0,1617447800.0,1.0,1028.0,1030.0,1013.0,1025.0,1583400.0
2021-07-13,30860,1035.0,1039.0,1014.0,1018.0,0,0,1138200.0,1166585200.0,1.0,1035.0,1039.0,1014.0,1018.0,1138200.0
2021-07-14,30860,1011.0,1015.0,990.0,990.0,0,0,2192000.0,2187647500.0,1.0,1011.0,1015.0,990.0,990.0,2192000.0
2021-07-15,30860,987.0,987.0,970.0,971.0,0,0,1832200.0,1788321300.0,1.0,987.0,987.0,970.0,971.0,1832200.0
2021-07-16,30860,965.0,979.0,960.0,972.0,0,0,1242000.0,1205901700.0,1.0,965.0,979.0,960.0,972.0,1242000.0
2021-07-19,30860,959.0,965.0,946.0,950.0,0,0,1445600.0,1375800000.0,1.0,959.0,965.0,946.0,950.0,1445600.0
2021-07-20,30860,935.0,944.0,926.0,933.0,0,0,1783700.0,1667855100.0,1.0,935.0,944.0,926.0,933.0,1783700.0
2021-07-21,30860,956.0,962.0,932.0,941.0,0,0,1893500.0,1788030900.0,1.0,956.0,962.0,932.0,941.0,1893500.0
2021-07-26,30860,960.0,961.0,930.0,933.0,0,0,1530200.0,1442314300.0,1.0,960.0,961.0,930.0,933.0,1530200.0
2021-07-27,30860,945.0,966.0,937.0,960.0,0,0,1398600.0,1336602300.0,1.0,945.0,966.0,937.0,960.0,1398600.0
2021-07-28,30860,951.0,967.0,945.0,951.0,0,0,1035800.0,988265800.0,1.0,951.0,967.0,945.0,951.0,1035800.0
2021-07-29,30860,945.0,950.0,925.0,929.0,0,0,1431000.0,1336799900.0,1.0,945.0,950.0,925.0,929.0,1431000.0
2021-07-30,30860,923.0,927.0,907.0,917.0,0,0,1732900.0,1588607200.0,1.0,923.0,927.0,907.0,917.0,1732900.0
2021-08-02,30860,913.0,938.0,906.0,928.0,0,0,1302500.0,1205981200.0,1.0,913.0,938.0,906.0,928.0,1302500.0
2021-08-03,30860,918.0,935.0,914.0,932.0,0,0,1373400.0,1273830100.0,1.0,918.0,935.0,914.0,932.0,1373400.0
2021-08-04,30860,930.0,943.0,924.0,936.0,0,0,1342300.0,1257470100.0,1.0,930.0,943.0,924.0,936.0,1342300.0
2021-08-05,30860,921.0,940.0,918.0,928.0,0,0,1046800.0,974440100.0,1.0,921.0,940.0,918.0,928.0,1046800.0
2021-08-06,30860,928.0,953.0,924.0,932.0,0,0,1398300.0,1314212800.0,1.0,928.0,953.0,924.0,932.0,1398300.0
2021-08-10,30860,937.0,964.0,937.0,960.0,0,0,1504700.0,1439875600.0,1.0,937.0,964.0,937.0,960.0,1504700.0
2021-08-11,30860,975.0,1011.0,973.0,1001.0,0,0,2631500.0,2623475200.0,1.0,975.0,1011.0,973.0,1001.0,2631500.0
2021-08-12,30860,1015.0,1022.0,993.0,1003.0,0,0,2995900.0,3028644300.0,1.0,1015.0,1022.0,993.0,1003.0,2995900.0
2021-08-13,30860,989.0,1006.0,982.0,984.0,0,0,1418700.0,1402517500.0,1.0,989.0,1006.0,982.0,984.0,1418700.0
2021-08-16,30860,973.0,974.0,944.0,952.0,0,0,1852800.0,1769385800.0,1.0,973.0,974.0,944.0,952.0,1852800.0
2021-08-17,30860,953.0,957.0,941.0,945.0,0,0,1093600.0,1036176500.0,1.0,953.0,957.0,941.0,945.0,1093600.0
2021-08-18,30860,936.0,942.0,925.0,932.0,0,0,1248700.0,1165149700.0,1.0,936.0,942.0,925.0,932.0,1248700.0
2021-08-19,30860,919.0,926.0,907.0,907.0,0,0,1605300.0,1469432200.0,1.0,919.0,926.0,907.0,907.0,1605300.0
2021-08-20,30860,901.0,908.0,882.0,890.0,0,0,2099500.0,1873723000.0,1.0,901.0,908.0,882.0,890.0,2099500.0
2021-08-23,30860,894.0,909.0,890.0,907.0,0,0,1322900.0,1194741600.0,1.0,894.0,909.0,890.0,907.0,1322900.0
2021-08-24,30860,919.0,945.0,913.0,941.0,0,0,1280800.0,1198338500.0,1.0,919.0,945.0,913.0,941.0,1280800.0
2021-08-25,30860,949.0,961.0,942.0,951.0,0,0,1335600.0,1271530000.0,1.0,949.0,961.0,942.0,951.0,1335600.0
2021-08-26,30860,953.0,973.0,952.0,959.0,0,0,1219800.0,1172253300.0,1.0,953.0,973.0,952.0,959.0,1219800.0
2021-08-27,30860,954.0,968.0,944.0,967.0,0,0,2186900.0,2097994800.0,1.0,954.0,968.0,944.0,967.0,2186900.0
2021-08-30,30860,962.0,978.0,961.0,965.0,0,0,3169600.0,3067366800.0,1.0,962.0,978.0,961.0,965.0,3169600.0
2021-08-31,30860,954.0,959.0,934.0,951.0,0,0,1815100.0,1720773000.0,1.0,954.0,959.0,934.0,951.0,1815100.0
2021-09-01,30860,951.0,977.0,950.0,972.0,0,0,1271200.0,1231010900.0,1.0,951.0,977.0,950.0,972.0,1271200.0
2021-09-02,30860,962.0,978.0,956.0,973.0,0,0,1621900.0,1572425300.0,1.0,962.0,978.0,956.0,973.0,1621900.0
2021-09-03,30860,984.0,997.0,975.0,993.0,0,0,1824100.0,1804434600.0,1.0,984.0,997.0,975.0,993.0,1824100.0
2021-09-06,30860,1012.0,1013.0,981.0,990.0,0,0,1429100.0,1419412400.0,1.0,1012.0,1013.0,981.0,990.0,1429100.0
2021-09-07,30860,990.0,1025.0,986.0,1017.0,0,0,1591500.0,1610335300.0,1.0,990.0,1025.0,986.0,1017.0,1591500.0
2021-09-08,30860,1017.0,1022.0,1007.0,1022.0,0,0,1059800.0,1077412600.0,1.0,1017.0,1022.0,1007.0,1022.0,1059800.0
2021-09-09,30860,1007.0,1014.0,1003.0,1013.0,0,0,834100.0,841730000.0,1.0,1007.0,1014.0,1003.0,1013.0,834100.0
2021-09-10,30860,1018.0,1023.0,994.0,998.0,0,0,2003000.0,2014199700.0,1.0,1018.0,1023.0,994.0,998.0,2003000.0
2021-09-13,30860,994.0,1012.0,989.0,1012.0,0,0,1051500.0,1055784000.0,1.0,994.0,1012.0,989.0,1012.0,1051500.0
2021-09-14,30860,1027.0,1044.0,1023.0,1035.0,0,0,1778800.0,1837493100.0,1.0,1027.0,1044.0,1023.0,1035.0,1778800.0
2021-09-15,30860,1023.0,1023.0,993.0,1011.0,0,0,1832100.0,1848212400.0,1.0,1023.0,1023.0,993.0,1011.0,1832100.0
2021-09-16,30860,1023.0,1030.0,1010.0,1014.0,0,0,1064500.0,1083759900.0,1.0,1023.0,1030.0,1010.0,1014.0,1064500.0
2021-09-17,30860,1014.0,1020.0,1005.0,1017.0,0,0,1020200.0,1035885500.0,1.0,1014.0,1020.0,1005.0,1017.0,1020200.0
2021-09-21,30860,990.0,1020.0,986.0,1014.0,0,0,1075400.0,1082417100.0,1.0,990.0,1020.0,986.0,1014.0,1075400.0
2021-09-22,30860,990.0,1009.0,986.0,1001.0,0,0,1197400.0,1198350100.0,1.0,990.0,1009.0,986.0,1001.0,1197400.0
2021-09-24,30860,1029.0,1039.0,1020.0,1037.0,0,0,2214500.0,2289067100.0,1.0,1029.0,1039.0,1020.0,1037.0,2214500.0
2021-09-27,30860,1045.0,1076.0,1045.0,1058.0,0,0,2339400.0,2483749900.0,1.0,1045.0,1076.0,1045.0,1058.0,2339400.0
2021-09-28,30860,1073.0,1085.0,1058.0,1067.0,0,0,3346300.0,3577240500.0,1.0,1073.0,1085.0,1058.0,1067.0,3346300.0
2021-09-29,30860,1050.0,1081.0,1042.0,1079.0,0,0,1853200.0,1975332500.0,1.0,1050.0,1081.0,1042.0,1079.0,1853200.0
2021-09-30,30860,1085.0,1099.0,1066.0,1086.0,0,0,2451300.0,2664747800.0,1.0,1085.0,1099.0,1066.0,1086.0,2451300.0
2021-10-01,30860,1074.0,1083.0,1035.0,1048.0,0,0,2219500.0,2341688300.0,1.0,1074.0,1083.0,1035.0,1048.0,2219500.0
2021-10-04,30860,1072.0,1109.0,1072.0,1104.0,0,0,2952600.0,3233195300.0,1.0,1072.0,1109.0,1072.0,1104.0,2952600.0
2021-10-05,30860,1096.0,1120.0,1086.0,1111.0,0,0,2464000.0,2722263000.0,1.0,1096.0,1120.0,1086.0,1111.0,2464000.0
2021-10-06,30860,1111.0,1113.0,1056.0,1063.0,0,0,2025500.0,2182938500.0,1.0,1111.0,1113.0,1056.0,1063.0,2025500.0
2021-10-07,30860,1059.0,1061.0,1033.0,1036.0,0,0,1494000.0,1558652500.0,1.0,1059.0,1061.0,1033.0,1036.0,1494000.0
2021-10-08,30860,1052.0,1066.0,1039.0,1047.0,0,0,1851300.0,1947285100.0,1.0,1052.0,1066.0,1039.0,1047.0,1851300.0
2021-10-11,30860,1058.0,1078.0,1057.0,1073.0,0,0,1791500.0,1915705200.0,1.0,1058.0,1078.0,1057.0,1073.0,1791500.0
2021-10-12,30860,1071.0,1071.0,1009.0,1017.0,0,0,2767200.0,2833288200.0,1.0,1071.0,1071.0,1009.0,1017.0,2767200.0
2021-10-13,30860,1085.0,1138.0,1079.0,1104.0,0,0,6320400.0,7032300300.0,1.0,1085.0,1138.0,1079.0,1104.0,6320400.0
2021-10-14,30860,1085.0,1109.0,1063.0,1098.0,0,0,3292100.0,3595422700.0,1.0,1085.0,1109.0,1063.0,1098.0,3292100.0
2021-10-15,30860,1096.0,1113.0,1085.0,1091.0,0,0,2140500.0,2344672600.0,1.0,1096.0,1113.0,1085.0,1091.0,2140500.0
2021-10-18,30860,1096.0,1102.0,1069.0,1076.0,0,0,1386100.0,1497924900.0,1.0,1096.0,1102.0,1069.0,1076.0,1386100.0
2021-10-19,30860,1066.0,1071.0,1036.0,1050.0,0,0,2221300.0,2330268400.0,1.0,1066.0,1071.0,1036.0,1050.0,2221300.0
2021-10-20,30860,1055.0,1086.0,1045.0,1072.0,0,0,2184500.0,2343852900.0,1.0,1055.0,1086.0,1045.0,1072.0,2184500.0
2021-10-21,30860,1079.0,1084.0,1046.0,1051.0,0,0,1664100.0,1768268100.0,1.0,1079.0,1084.0,1046.0,1051.0,1664100.0
2021-10-22,30860,1035.0,1058.0,1025.0,1054.0,0,0,1492200.0,1564446700.0,1.0,1035.0,1058.0,1025.0,1054.0,1492200.0
2021-10-25,30860,1053.0,1063.0,1044.0,1050.0,0,0,906500.0,954825700.0,1.0,1053.0,1063.0,1044.0,1050.0,906500.0
2021-10-26,30860,1064.0,1069.0,1054.0,1058.0,0,0,1378200.0,1463378400.0,1.0,1064.0,1069.0,1054.0,1058.0,1378200.0
2021-10-27,30860,1051.0,1055.0,1031.0,1052.0,0,0,1100400.0,1151829400.0,1.0,1051.0,1055.0,1031.0,1052.0,1100400.0
2021-10-28,30860,1026.0,1053.0,1024.0,1047.0,0,0,1184800.0,1232352800.0,1.0,1026.0,1053.0,1024.0,1047.0,1184800.0
2021-10-29,30860,1042.0,1062.0,1034.0,1051.0,0,0,965300.0,1012393900.0,1.0,1042.0,1062.0,1034.0,1051.0,965300.0
2021-11-01,30860,1070.0,1087.0,1063.0,1083.0,0,0,1408600.0,1520374700.0,1.0,1070.0,1087.0,1063.0,1083.0,1408600.0
2021-11-02,30860,1081.0,1101.0,1065.0,1078.0,0,0,1569700.0,1695116300.0,1.0,1081.0,1101.0,1065.0,1078.0,1569700.0
2021-11-04,30860,1087.0,1101.0,1082.0,1090.0,0,0,1675700.0,1828336300.0,1.0,1087.0,1101.0,1082.0,1090.0,1675700.0
2021-11-05,30860,1083.0,1097.0,1074.0,1097.0,0,0,942400.0,1027152000.0,1.0,1083.0,1097.0,1074.0,1097.0,942400.0
2021-11-08,30860,1114.0,1139.0,1110.0,1111.0,0,0,1756900.0,1969367100.0,1.0,1114.0,1139.0,1110.0,1111.0,1756900.0
2021-11-09,30860,1107.0,1107.0,1064.0,1066.0,0,0,1601300.0,1726062000.0,1.0,1107.0,1107.0,1064.0,1066.0,1601300.0
2021-11-10,30860,1060.0,1066.0,1022.0,1041.0,0,0,1707600.0,1773683100.0,1.0,1060.0,1066.0,1022.0,1041.0,1707600.0
2021-11-11,30860,1051.0,1056.0,1033.0,1041.0,0,0,1258500.0,1310230200.0,1.0,1051.0,1056.0,1033.0,1041.0,1258500.0
2021-11-12,30860,1043.0,1063.0,1043.0,1051.0,0,0,1622900.0,1707784600.0,1.0,1043.0,1063.0,1043.0,1051.0,1622900.0
2021-11-15,30860,1050.0,1053.0,1019.0,1034.0,0,0,1289300.0,1327329000.0,1.0,1050.0,1053.0,1019.0,1034.0,1289300.0
2021-11-16,30860,1039.0,1057.0,1036.0,1040.0,0,0,1476800.0,1543442200.0,1.0,1039.0,1057.0,1036.0,1040.0,1476800.0
2021-11-17,30860,1031.0,1032.0,1011.0,1013.0,0,0,1635500.0,1665073500.0,1.0,1031.0,1032.0,1011.0,1013.0,1635500.0
2021-11-18,30860,1005.0,1028.0,1002.0,1015.0,0,0,1078100.0,1091658800.0,1.0,1005.0,1028.0,1002.0,1015.0,1078100.0
2021-11-19,30860,1005.0,1014.0,995.0,1000.0,0,0,1197400.0,1200228200.0,1.0,1005.0,1014.0,995.0,1000.0,1197400.0
2021-11-22,30860,989.0,1021.0,986.0,1013.0,0,0,1190800.0,1201232600.0,1.0,989.0,1021.0,986.0,1013.0,1190800.0
2021-11-24,30860,1022.0,1032.0,999.0,1002.0,0,0,965500.0,974264100.0,1.0,1022.0,1032.0,999.0,1002.0,965500.0
2021-11-25,30860,996.0,1021.0,996.0,1018.0,0,0,1154000.0,1170306200.0,1.0,996.0,1021.0,996.0,1018.0,1154000.0
2021-11-26,30860,1018.0,1019.0,976.0,977.0,0,0,1411900.0,1392948300.0,1.0,1018.0,1019.0,976.0,977.0,1411900.0
2021-11-29,30860,947.0,961.0,932.0,940.0,0,0,2171400.0,2048423600.0,1.0,947.0,961.0,932.0,940.0,2171400.0
2021-11-30,30860,950.0,969.0,931.0,932.0,0,0,1790900.0,1694268500.0,1.0,950.0,969.0,931.0,932.0,1790900.0
2021-12-01,30860,930.0,952.0,926.0,945.0,0,0,1666400.0,1572919900.0,1.0,930.0,952.0,926.0,945.0,1666400.0
2021-12-02,30860,920.0,926.0,908.0,909.0,0,0,2091800.0,1910731800.0,1.0,920.0,926.0,908.0,909.0,2091800.0
2021-12-03,30860,924.0,950.0,920.0,947.0,0,0,1436200.0,1348106500.0,1.0,924.0,950.0,920.0,947.0,1436200.0
2021-12-06,30860,947.0,963.0,942.0,953.0,0,0,1026100.0,975803600.0,1.0,947.0,963.0,942.0,953.0,1026100.0
2021-12-07,30860,968.0,983.0,959.0,980.0,0,0,1136800.0,1109140700.0,1.0,968.0,983.0,959.0,980.0,1136800.0
2021-12-08,30860,983.0,987.0,971.0,976.0,0,0,1159500.0,1135277400.0,1.0,983.0,987.0,971.0,976.0,1159500.0
2021-12-09,30860,971.0,980.0,967.0,976.0,0,0,815500.0,794456100.0,1.0,971.0,980.0,967.0,976.0,815500.0
2021-12-10,30860,976.0,985.0,961.0,965.0,0,0,1209500.0,1174937200.0,1.0,976.0,985.0,961.0,965.0,1209500.0
2021-12-13,30860,966.0,972.0,958.0,963.0,0,0,678800.0,654168200.0,1.0,966.0,972.0,958.0,963.0,678800.0
2021-12-14,30860,950.0,957.0,934.0,940.0,0,0,1595900.0,1504075300.0,1.0,950.0,957.0,934.0,940.0,1595900.0
2021-12-15,30860,929.0,954.0,921.0,952.0,0,0,1671400.0,1576460800.0,1.0,929.0,954.0,921.0,952.0,1671400.0
2021-12-16,30860,962.0,979.0,961.0,976.0,0,0,1635800.0,1592756900.0,1.0,962.0,979.0,961.0,976.0,1635800.0
2021-12-17,30860,970.0,977.0,956.0,958.0,0,0,1963200.0,1885121500.0,1.0,970.0,977.0,956.0,958.0,1963200.0
2021-12-20,30860,949.0,962.0,946.0,949.0,0,0,1481300.0,1410891800.0,1.0,949.0,962.0,946.0,949.0,1481300.0
2021-12-21,30860,958.0,983.0,953.0,970.0,0,0,1431400.0,1389721400.0,1.0,958.0,983.0,953.0,970.0,1431400.0
2021-12-22,30860,985.0,989.0,970.0,971.0,0,0,1225400.0,1199829700.0,1.0,985.0,989.0,970.0,971.0,1225400.0
2021-12-23,30860,982.0,994.0,979.0,987.0,0,0,1527600.0,1507101400.0,1.0,982.0,994.0,979.0,987.0,1527600.0
2021-12-24,30860,993.0,994.0,971.0,972.0,0,0,885800.0,866519400.0,1.0,993.0,994.0,971.0,972.0,885800.0
2021-12-27,30860,974.0,984.0,963.0,979.0,0,0,1086200.0,1059912000.0,1.0,974.0,984.0,963.0,979.0,1086200.0
2021-12-28,30860,979.0,990.0,979.0,986.0,0,0,862700.0,849185900.0,1.0,979.0,990.0,979.0,986.0,862700.0
2021-12-29,30860,1061.0,1098.0,1042.0,1059.0,0,0,4031000.0,4294796900.0,1.0,1061.0,1098.0,1042.0,1059.0,4031000.0
2021-12-30,30860,1052.0,1068.0,1047.0,1047.0,0,0,1821800.0,1919534700.0,1.0,1052.0,1068.0,1047.0,1047.0,1821800.0
2022-01-04,30860,1050.0,1062.0,1032.0,1060.0,0,0,1467000.0,1541135300.0,1.0,1050.0,1062.0,1032.0,1060.0,1467000.0
2022-01-05,30860,1070.0,1090.0,1058.0,1077.0,0,0,2062400.0,2218608000.0,1.0,1070.0,1090.0,1058.0,1077.0,2062400.0
2022-01-06,30860,1061.0,1064.0,1039.0,1044.0,0,0,2120500.0,2221843800.0,1.0,1061.0,1064.0,1039.0,1044.0,2120500.0
2022-01-07,30860,1043.0,1061.0,1026.0,1032.0,0,0,1646500.0,1708813900.0,1.0,1043.0,1061.0,1026.0,1032.0,1646500.0
2022-01-11,30860,1025.0,1055.0,1024.0,1054.0,0,0,1672700.0,1744788200.0,1.0,1025.0,1055.0,1024.0,1054.0,1672700.0
2022-01-12,30860,1045.0,1054.0,1035.0,1041.0,0,0,1985300.0,2071194200.0,1.0,1045.0,1054.0,1035.0,1041.0,1985300.0
2022-01-13,30860,1035.0,1040.0,1023.0,1037.0,0,0,1310500.0,1354796500.0,1.0,1035.0,1040.0,1023.0,1037.0,1310500.0
2022-01-14,30860,1032.0,1036.0,1014.0,1015.0,0,0,2082700.0,2128889500.0,1.0,1032.0,1036.0,1014.0,1015.0,2082700.0
2022-01-17,30860,1014.0,1028.0,993.0,997.0,0,0,3342800.0,3346871800.0,1.0,1014.0,1028.0,993.0,997.0,3342800.0
2022-01-18,30860,994.0,1017.0,992.0,994.0,0,0,3658300.0,3659983700.0,1.0,994.0,1017.0,992.0,994.0,3658300.0
2022-01-19,30860,979.0,999.0,979.0,987.0,0,0,1687900.0,1668111000.0,1.0,979.0,999.0,979.0,987.0,1687900.0
2022-01-20,30860,981.0,1028.0,981.0,1025.0,0,0,2783600.0,2821420500.0,1.0,981.0,1028.0,981.0,1025.0,2783600.0
2022-01-21,30860,1005.0,1020.0,997.0,1020.0,0,0,2462900.0,2481554800.0,1.0,1005.0,1020.0,997.0,1020.0,2462900.0
2022-01-24,30860,1017.0,1034.0,1005.0,1028.0,0,0,1891100.0,1929295800.0,1.0,1017.0,1034.0,1005.0,1028.0,1891100.0
2022-01-25,30860,1029.0,1030.0,1002.0,1009.0,0,0,1865500.0,1886870000.0,1.0,1029.0,1030.0,1002.0,1009.0,1865500.0
2022-01-26,30860,1007.0,1018.0,995.0,1006.0,0,0,1459200.0,1468968700.0,1.0,1007.0,1018.0,995.0,1006.0,1459200.0
2022-01-27,30860,1002.0,1014.0,991.0,999.0,0,0,2055900.0,2057285000.0,1.0,1002.0,1014.0,991.0,999.0,2055900.0
2022-01-28,30860,1005.0,1024.0,1000.0,1022.0,0,0,1315600.0,1336997000.0,1.0,1005.0,1024.0,1000.0,1022.0,1315600.0
2022-01-31,30860,1022.0,1030.0,1016.0,1026.0,0,0,1171300.0,1199523600.0,1.0,1022.0,1030.0,1016.0,1026.0,1171300.0
2022-02-01,30860,1020.0,1021.0,1004.0,1013.0,0,0,1556900.0,1573382300.0,1.0,1020.0,1021.0,1004.0,1013.0,1556900.0
2022-02-02,30860,1019.0,1060.0,1015.0,1058.0,0,0,2557100.0,2686316700.0,1.0,1019.0,1060.0,1015.0,1058.0,2557100.0
2022-02-03,30860,1057.0,1070.0,1055.0,1070.0,0,0,1690500.0,1799329000.0,1.0,1057.0,1070.0,1055.0,1070.0,1690500.0
2022-02-04,30860,1067.0,1088.0,1053.0,1085.0,0,0,1810700.0,1946663100.0,1.0,1067.0,1088.0,1053.0,1085.0,1810700.0
2022-02-07,30860,1078.0,1089.0,1072.0,1076.0,0,0,1054800.0,1137981900.0,1.0,1078.0,1089.0,1072.0,1076.0,1054800.0
2022-02-08,30860,1079.0,1104.0,1079.0,1102.0,0,0,1578400.0,1730560100.0,1.0,1079.0,1104.0,1079.0,1102.0,1578400.0
2022-02-09,30860,1111.0,1118.0,1089.0,1091.0,0,0,1255800.0,1379467700.0,1.0,1111.0,1118.0,1089.0,1091.0,1255800.0
2022-02-10,30860,1101.0,1112.0,1091.0,1107.0,0,0,1428500.0,1578953700.0,1.0,1101.0,1112.0,1091.0,1107.0,1428500.0
2022-02-14,30860,1091.0,1107.0,1081.0,1092.0,0,0,2398200.0,2621827600.0,1.0,1091.0,1107.0,1081.0,1092.0,2398200.0
2022-02-15,30860,1082.0,1097.0,1072.0,1077.0,0,0,1872300.0,2025660600.0,1.0,1082.0,1097.0,1072.0,1077.0,1872300.0
2022-02-16,30860,1090.0,1092.0,1075.0,1077.0,0,0,1649400.0,1783556400.0,1.0,1090.0,1092.0,1075.0,1077.0,1649400.0
2022-02-17,30860,1071.0,1086.0,1055.0,1059.0,0,0,4346700.0,4625998000.0,1.0,1071.0,1086.0,1055.0,1059.0,4346700.0
2022-02-18,30860,1041.0,1061.0,1039.0,1055.0,0,0,3731000.0,3913726400.0,1.0,1041.0,1061.0,1039.0,1055.0,3731000.0
2022-02-21,30860,1042.0,1043.0,1029.0,1030.0,0,0,2202000.0,2279107800.0,1.0,1042.0,1043.0,1029.0,1030.0,2202000.0
2022-02-22,30860,1012.0,1019.0,996.0,1002.0,0,0,2048600.0,2061317400.0,1.0,1012.0,1019.0,996.0,1002.0,2048600.0
2022-02-24,30860,994.0,1007.0,967.0,979.0,0,0,3410800.0,3351089300.0,1.0,994.0,1007.0,967.0,979.0,3410800.0
2022-02-25,30860,962.0,974.0,957.0,964.0,0,0,2074800.0,2003298000.0,1.0,962.0,974.0,957.0,964.0,2074800.0
2022-02-28,30860,972.0,980.0,958.0,962.0,0,0,1640400.0,1581332900.0,1.0,972.0,980.0,958.0,962.0,1640400.0
2022-03-01,30860,969.0,973.0,951.0,951.0,0,0,1763200.0,1688809000.0,1.0,969.0,973.0,951.0,951.0,1763200.0
2022-03-02,30860,936.0,949.0,930.0,938.0,0,0,2140900.0,2008003300.0,1.0,936.0,949.0,930.0,938.0,2140900.0
2022-03-03,30860,947.0,966.0,938.0,957.0,0,0,1378900.0,1320676100.0,1.0,947.0,966.0,938.0,957.0,1378900.0
2022-03-04,30860,955.0,963.0,931.0,933.0,0,0,2363500.0,2223862800.0,1.0,955.0,963.0,931.0,933.0,2363500.0
2022-03-07,30860,925.0,931.0,901.0,914.0,0,0,1981600.0,1809789200.0,1.0,925.0,931.0,901.0,914.0,1981600.0
2022-03-08,30860,895.0,910.0,882.0,885.0,0,0,2360900.0,2109380500.0,1.0,895.0,910.0,882.0,885.0,2360900.0
2022-03-09,30860,883.0,902.0,867.0,872.0,0,0,2087200.0,1837508900.0,1.0,883.0,902.0,867.0,872.0,2087200.0
2022-03-10,30860,895.0,927.0,895.0,911.0,0,0,2624300.0,2387983900.0,1.0,895.0,927.0,895.0,911.0,2624300.0
2022-03-11,30860,899.0,911.0,892.0,896.0,0,0,2229500.0,2003814400.0,1.0,899.0,911.0,892.0,896.0,2229500.0
2022-03-14,30860,909.0,950.0,909.0,942.0,0,0,4281800.0,4022071600.0,1.0,909.0,950.0,909.0,942.0,4281800.0
2022-03-15,30860,934.0,973.0,932.0,967.0,0,0,4036800.0,3861455400.0,1.0,934.0,973.0,932.0,967.0,4036800.0
2022-03-16,30860,971.0,998.0,962.0,993.0,0,0,2478700.0,2446418200.0,1.0,971.0,998.0,962.0,993.0,2478700.0
2022-03-17,30860,1001.0,1005.0,969.0,993.0,0,0,2703700.0,2667021500.0,1.0,1001.0,1005.0,969.0,993.0,2703700.0
2022-03-18,30860,981.0,989.0,975.0,986.0,0,0,1994200.0,1960794500.0,1.0,981.0,989.0,975.0,986.0,1994200.0
2022-03-22,30860,996.0,1014.0,996.0,1004.0,0,0,1342100.0,1347992300.0,1.0,996.0,1014.0,996.0,1004.0,1342100.0
2022-03-23,30860,1013.0,1019.0,1000.0,1017.0,0,0,1232100.0,1245362400.0,1.0,1013.0,1019.0,1000.0,1017.0,1232100.0
2022-03-24,30860,1008.0,1011.0,992.0,1008.0,0,0,1118800.0,1121176000.0,1.0,1008.0,1011.0,992.0,1008.0,1118800.0
2022-03-25,30860,1035.0,1045.0,1012.0,1022.0,0,0,2004600.0,2058752800.0,1.0,1035.0,1045.0,1012.0,1022.0,2004600.0
2022-03-28,30860,1021.0,1028.0,1012.0,1017.0,0,0,903700.0,921437500.0,1.0,1021.0,1028.0,1012.0,1017.0,903700.0
2022-03-29,30860,1019.0,1020.0,995.0,1015.0,0,0,1250600.0,1261119300.0,1.0,1019.0,1020.0,995.0,1015.0,1250600.0
2022-03-30,30860,1009.0,1012.0,987.0,1004.0,0,0,2214600.0,2210750600.0,1.0,1009.0,1012.0,987.0,1004.0,2214600.0
2022-03-31,30860,988.0,1004.0,988.0,997.0,0,0,2048000.0,2042537500.0,1.0,988.0,1004.0,988.0,997.0,2048000.0
2022-04-01,30860,990.0,1002.0,977.0,1000.0,0,0,1730400.0,1722178100.0,1.0,990.0,1002.0,977.0,1000.0,1730400.0
2022-04-04,30860,1000.0,1001.0,983.0,997.0,0,0,1483500.0,1470471600.0,1.0,1000.0,1001.0,983.0,997.0,1483500.0
2022-04-05,30860,1003.0,1025.0,999.0,1007.0,0,0,1629500.0,1648633000.0,1.0,1003.0,1025.0,999.0,1007.0,1629500.0
2022-04-06,30860,1006.0,1015.0,1000.0,1011.0,0,0,1291300.0,1303212200.0,1.0,1006.0,1015.0,1000.0,1011.0,1291300.0
2022-04-07,30860,993.0,1000.0,970.0,978.0,0,0,1976900.0,1939141600.0,1.0,993.0,1000.0,970.0,978.0,1976900.0
2022-04-08,30860,982.0,984.0,949.0,970.0,0,0,2433400.0,2350059900.0,1.0,982.0,984.0,949.0,970.0,2433400.0
2022-04-11,30860,974.0,981.0,959.0,974.0,0,0,1951700.0,1896318000.0,1.0,974.0,981.0,959.0,974.0,1951700.0
2022-04-12,30860,967.0,994.0,967.0,992.0,0,0,2681200.0,2644107700.0,1.0,967.0,994.0,967.0,992.0,2681200.0
2022-04-13,30860,964.0,965.0,911.0,943.0,0,0,6444800.0,6035600200.0,1.0,964.0,965.0,911.0,943.0,6444800.0
2022-04-14,30860,947.0,960.0,940.0,952.0,0,0,2508100.0,2383915300.0,1.0,947.0,960.0,940.0,952.0,2508100.0
2022-04-15,30860,953.0,955.0,931.0,933.0,0,0,2166700.0,2028315300.0,1.0,953.0,955.0,931.0,933.0,2166700.0
2022-04-18,30860,931.0,972.0,931.0,965.0,0,0,2720600.0,2614486900.0,1.0,931.0,972.0,931.0,965.0,2720600.0
2022-04-19,30860,978.0,979.0,962.0,970.0,0,0,1432100.0,1392242600.0,1.0,978.0,979.0,962.0,970.0,1432100.0
2022-04-20,30860,982.0,987.0,969.0,977.0,0,0,1269500.0,1241942000.0,1.0,982.0,987.0,969.0,977.0,1269500.0
2022-04-21,30860,970.0,983.0,966.0,975.0,0,0,1493400.0,1457795800.0,1.0,970.0,983.0,966.0,975.0,1493400.0
2022-04-22,30860,967.0,971.0,955.0,967.0,0,0,1155500.0,1115056000.0,1.0,967.0,971.0,955.0,967.0,1155500.0
2022-04-25,30860,950.0,950.0,930.0,934.0,0,0,1641500.0,1537062900.0,1.0,950.0,950.0,930.0,934.0,1641500.0
2022-04-26,30860,934.0,955.0,931.0,954.0,0,0,1739000.0,1649205700.0,1.0,934.0,955.0,931.0,954.0,1739000.0
2022-04-27,30860,939.0,977.0,937.0,974.0,0,0,2148600.0,2076392600.0,1.0,939.0,977.0,937.0,974.0,2148600.0
2022-04-28,30860,969.0,977.0,960.0,973.0,0,0,1541500.0,1493427700.0,1.0,969.0,977.0,960.0,973.0,1541500.0
2022-05-02,30860,976.0,1007.0,967.0,1000.0,0,0,1783800.0,1774606300.0,1.0,976.0,1007.0,967.0,1000.0,1783800.0
2022-05-06,30860,1005.0,1020.0,988.0,1018.0,0,0,2609800.0,2635461500.0,1.0,1005.0,1020.0,988.0,1018.0,2609800.0
2022-05-09,30860,1008.0,1015.0,994.0,1000.0,0,0,1984500.0,1989194200.0,1.0,1008.0,1015.0,994.0,1000.0,1984500.0
2022-05-10,30860,1000.0,1001.0,975.0,990.0,0,0,1778900.0,1753234000.0,1.0,1000.0,1001.0,975.0,990.0,1778900.0
2022-05-11,30860,985.0,985.0,962.0,969.0,0,0,1199200.0,1162871700.0,1.0,985.0,985.0,962.0,969.0,1199200.0
2022-05-12,30860,960.0,973.0,956.0,967.0,0,0,1009300.0,973736700.0,1.0,960.0,973.0,956.0,967.0,1009300.0
2022-05-13,30860,970.0,1002.0,966.0,1000.0,0,0,1592100.0,1580133100.0,1.0,970.0,1002.0,966.0,1000.0,1592100.0
2022-05-16,30860,1005.0,1005.0,981.0,987.0,0,0,1271200.0,1258075600.0,1.0,1005.0,1005.0,981.0,987.0,1271200.0
2022-05-17,30860,987.0,1007.0,978.0,1004.0,0,0,1501900.0,1500779900.0,1.0,987.0,1007.0,978.0,1004.0,1501900.0
2022-05-18,30860,1001.0,1007.0,993.0,1006.0,0,0,1569200.0,1571186600.0,1.0,1001.0,1007.0,993.0,1006.0,1569200.0
2022-05-19,30860,973.0,990.0,969.0,988.0,0,0,1359500.0,1335862900.0,1.0,973.0,990.0,969.0,988.0,1359500.0
2022-05-20,30860,982.0,1005.0,979.0,995.0,0,0,1069800.0,1065713900.0,1.0,982.0,1005.0,979.0,995.0,1069800.0
2022-05-23,30860,1002.0,1007.0,987.0,1001.0,0,0,1173000.0,1170123100.0,1.0,1002.0,1007.0,987.0,1001.0,1173000.0
2022-05-24,30860,1005.0,1006.0,986.0,990.0,0,0,1224300.0,1216382900.0,1.0,1005.0,1006.0,986.0,990.0,1224300.0
2022-05-25,30860,987.0,997.0,982.0,988.0,0,0,971300.0,961289200.0,1.0,987.0,997.0,982.0,988.0,971300.0
2022-05-26,30860,998.0,1033.0,995.0,1022.0,0,0,2284400.0,2326212900.0,1.0,998.0,1033.0,995.0,1022.0,2284400.0
2022-05-27,30860,1030.0,1075.0,1029.0,1070.0,0,0,3251800.0,3442150300.0,1.0,1030.0,1075.0,1029.0,1070.0,3251800.0
2022-05-30,30860,1081.0,1082.0,1042.0,1044.0,0,0,2758100.0,2907492800.0,1.0,1081.0,1082.0,1042.0,1044.0,2758100.0
2022-05-31,30860,1044.0,1056.0,1029.0,1041.0,0,0,1885400.0,1964285900.0,1.0,1044.0,1056.0,1029.0,1041.0,1885400.0
2022-06-01,30860,1050.0,1066.0,1044.0,1061.0,0,0,1685700.0,1783807900.0,1.0,1050.0,1066.0,1044.0,1061.0,1685700.0
2022-06-02,30860,1077.0,1081.0,1057.0,1071.0,0,0,2278900.0,2435770100.0,1.0,1077.0,1081.0,1057.0,1071.0,2278900.0
2022-06-03,30860,1085.0,1085.0,1063.0,1081.0,0,0,2134900.0,2298001900.0,1.0,1085.0,1085.0,1063.0,1081.0,2134900.0
2022-06-06,30860,1084.0,1136.0,1080.0,1132.0,0,0,3242000.0,3628220300.0,1.0,1084.0,1136.0,1080.0,1132.0,3242000.0
2022-06-07,30860,1131.0,1145.0,1127.0,1131.0,0,0,1849700.0,2097565600.0,1.0,1131.0,1145.0,1127.0,1131.0,1849700.0
2022-06-08,30860,1144.0,1145.0,1131.0,1140.0,0,0,2114600.0,2409501000.0,1.0,1144.0,1145.0,1131.0,1140.0,2114600.0
2022-06-09,30860,1144.0,1159.0,1142.0,1151.0,0,0,1954300.0,2250743000.0,1.0,1144.0,1159.0,1142.0,1151.0,1954300.0
2022-06-10,30860,1154.0,1175.0,1143.0,1159.0,0,0,3072800.0,3570593900.0,1.0,1154.0,1175.0,1143.0,1159.0,3072800.0
2022-06-13,30860,1144.0,1165.0,1138.0,1159.0,0,0,2017100.0,2331190400.0,1.0,1144.0,1165.0,1138.0,1159.0,2017100.0
2022-06-14,30860,1145.0,1150.0,1123.0,1140.0,0,0,1873900.0,2128133800.0,1.0,1145.0,1150.0,1123.0,1140.0,1873900.0
2022-06-15,30860,1153.0,1178.0,1109.0,1113.0,0,0,3137000.0,3533755700.0,1.0,1153.0,1178.0,1109.0,1113.0,3137000.0
2022-06-16,30860,1131.0,1158.0,1129.0,1134.0,0,0,1854900.0,2115187500.0,1.0,1131.0,1158.0,1129.0,1134.0,1854900.0
2022-06-17,30860,1101.0,1136.0,1101.0,1124.0,0,0,1581700.0,1772437900.0,1.0,1101.0,1136.0,1101.0,1124.0,1581700.0
2022-06-20,30860,1124.0,1126.0,1098.0,1116.0,0,0,1269600.0,1410557900.0,1.0,1124.0,1126.0,1098.0,1116.0,1269600.0
2022-06-21,30860,1124.0,1146.0,1122.0,1133.0,0,0,1291000.0,1468491300.0,1.0,1124.0,1146.0,1122.0,1133.0,1291000.0
2022-06-22,30860,1142.0,1142.0,1117.0,1132.0,0,0,1137000.0,1284393400.0,1.0,1142.0,1142.0,1117.0,1132.0,1137000.0
2022-06-23,30860,1136.0,1154.0,1135.0,1148.0,0,0,945100.0,1083074500.0,1.0,1136.0,1154.0,1135.0,1148.0,945100.0
2022-06-24,30860,1137.0,1138.0,1107.0,1117.0,0,0,2442900.0,2726576500.0,1.0,1137.0,1138.0,1107.0,1117.0,2442900.0
2022-06-27,30860,1140.0,1140.0,1105.0,1116.0,0,0,2136100.0,2381245700.0,1.0,1140.0,1140.0,1105.0,1116.0,2136100.0
2022-06-28,30860,1123.0,1149.0,1118.0,1148.0,0,0,2044500.0,2334902900.0,1.0,1123.0,1149.0,1118.0,1148.0,2044500.0
2022-06-29,30860,1148.0,1158.0,1141.0,1155.0,0,0,1575100.0,1817256600.0,1.0,1148.0,1158.0,1141.0,1155.0,1575100.0
2022-06-30,30860,1154.0,1173.0,1153.0,1160.0,0,0,1926000.0,2237564200.0,1.0,1154.0,1173.0,1153.0,1160.0,1926000.0
2022-07-01,30860,1160.0,1233.0,1160.0,1173.0,0,0,4080500.0,4845646700.0,1.0,1160.0,1233.0,1160.0,1173.0,4080500.0
2022-07-04,30860,1201.0,1201.0,1095.0,1107.0,0,0,3673300.0,4113048100.0,1.0,1201.0,1201.0,1095.0,1107.0,3673300.0
2022-07-05,30860,1121.0,1121.0,1091.0,1101.0,0,0,2061600.0,2269491000.0,1.0,1121.0,1121.0,1091.0,1101.0,2061600.0
2022-07-06,30860,1090.0,1090.0,1041.0,1054.0,0,0,2553100.0,2703230200.0,1.0,1090.0,1090.0,1041.0,1054.0,2553100.0
2022-07-07,30860,1049.0,1055.0,1006.0,1030.0,0,0,3331700.0,3412824200.0,1.0,1049.0,1055.0,1006.0,1030.0,3331700.0
2022-07-08,30860,1039.0,1060.0,1027.0,1041.0,0,0,2444300.0,2552766300.0,1.0,1039.0,1060.0,1027.0,1041.0,2444300.0
2022-07-11,30860,1058.0,1087.0,1053.0,1076.0,0,0,1888000.0,2027463600.0,1.0,1058.0,1087.0,1053.0,1076.0,1888000.0
2022-07-12,30860,1072.0,1072.0,1038.0,1046.0,0,0,1664800.0,1745735400.0,1.0,1072.0,1072.0,1038.0,1046.0,1664800.0
2022-07-13,30860,1045.0,1065.0,1042.0,1054.0,0,0,1618600.0,1706783400.0,1.0,1045.0,1065.0,1042.0,1054.0,1618600.0
2022-07-14,30860,1052.0,1059.0,1046.0,1055.0,0,0,1060900.0,1118774500.0,1.0,1052.0,1059.0,1046.0,1055.0,1060900.0
2022-07-15,30860,1050.0,1051.0,1017.0,1027.0,0,0,2001400.0,2058524700.0,1.0,1050.0,1051.0,1017.0,1027.0,2001400.0
2022-07-19,30860,1051.0,1057.0,1041.0,1054.0,0,0,1383800.0,1454666800.0,1.0,1051.0,1057.0,1041.0,1054.0,1383800.0
2022-07-20,30860,1060.0,1074.0,1052.0,1069.0,0,0,1264600.0,1349714200.0,1.0,1060.0,1074.0,1052.0,1069.0,1264600.0
2022-07-21,30860,1059.0,1081.0,1059.0,1074.0,0,0,1462700.0,1566962500.0,1.0,1059.0,1081.0,1059.0,1074.0,1462700.0
2022-07-22,30860,1068.0,1094.0,1063.0,1087.0,0,0,1457400.0,1580500100.0,1.0,1068.0,1094.0,1063.0,1087.0,1457400.0
2022-07-25,30860,1085.0,1097.0,1082.0,1090.0,0,0,1318600.0,1438122900.0,1.0,1085.0,1097.0,1082.0,1090.0,1318600.0
2022-07-26,30860,1098.0,1111.0,1098.0,1107.0,0,0,1474900.0,1628821500.0,1.0,1098.0,1111.0,1098.0,1107.0,1474900.0
2022-07-27,30860,1100.0,1104.0,1089.0,1100.0,0,0,1354200.0,1484401800.0,1.0,1100.0,1104.0,1089.0,1100.0,1354200.0
2022-07-28,30860,1103.0,1104.0,1087.0,1100.0,0,0,1193200.0,1309750800.0,1.0,1103.0,1104.0,1087.0,1100.0,1193200.0
2022-07-29,30860,1105.0,1117.0,1098.0,1115.0,0,0,1868500.0,2075802600.0,1.0,1105.0,1117.0,1098.0,1115.0,1868500.0
2022-08-01,30860,1100.0,1110.0,1083.0,1109.0,0,0,1600500.0,1761705200.0,1.0,1100.0,1110.0,1083.0,1109.0,1600500.0
2022-08-02,30860,1107.0,1109.0,1082.0,1083.0,0,0,1304100.0,1418321800.0,1.0,1107.0,1109.0,1082.0,1083.0,1304100.0
2022-08-03,30860,1079.0,1079.0,1054.0,1069.0,0,0,1221200.0,1301723800.0,1.0,1079.0,1079.0,1054.0,1069.0,1221200.0
2022-08-04,30860,1071.0,1075.0,1063.0,1072.0,0,0,907300.0,971951600.0,1.0,1071.0,1075.0,1063.0,1072.0,907300.0
2022-08-05,30860,1067.0,1079.0,1066.0,1071.0,0,0,917200.0,983720300.0,1.0,1067.0,1079.0,1066.0,1071.0,917200.0
2022-08-08,30860,1064.0,1077.0,1056.0,1072.0,0,0,891400.0,953005700.0,1.0,1064.0,1077.0,1056.0,1072.0,891400.0
2022-08-09,30860,1082.0,1091.0,1070.0,1074.0,0,0,789200.0,849594900.0,1.0,1082.0,1091.0,1070.0,1074.0,789200.0
2022-08-10,30860,1072.0,1074.0,1057.0,1070.0,0,0,963700.0,1026978800.0,1.0,1072.0,1074.0,1057.0,1070.0,963700.0
2022-08-12,30860,1086.0,1088.0,1070.0,1088.0,0,0,1027000.0,1113487300.0,1.0,1086.0,1088.0,1070.0,1088.0,1027000.0
2022-08-15,30860,1082.0,1088.0,1075.0,1082.0,0,0,809800.0,876448600.0,1.0,1082.0,1088.0,1075.0,1082.0,809800.0
2022-08-16,30860,1082.0,1082.0,1069.0,1073.0,0,0,794000.0,851488100.0,1.0,1082.0,1082.0,1069.0,1073.0,794000.0
2022-08-17,30860,1084.0,1094.0,1082.0,1086.0,0,0,966100.0,1050511400.0,1.0,1084.0,1094.0,1082.0,1086.0,966100.0
2022-08-18,30860,1081.0,1085.0,1072.0,1078.0,0,0,812400.0,876526400.0,1.0,1081.0,1085.0,1072.0,1078.0,812400.0
2022-08-19,30860,1079.0,1084.0,1072.0,1080.0,0,0,536400.0,579081700.0,1.0,1079.0,1084.0,1072.0,1080.0,536400.0
2022-08-22,30860,1071.0,1074.0,1066.0,1074.0,0,0,819600.0,877733300.0,1.0,1071.0,1074.0,1066.0,1074.0,819600.0
2022-08-23,30860,1065.0,1125.0,1063.0,1123.0,0,0,2187900.0,2425471500.0,1.0,1065.0,1125.0,1063.0,1123.0,2187900.0
2022-08-24,30860,1129.0,1129.0,1098.0,1106.0,0,0,1347000.0,1492077700.0,1.0,1129.0,1129.0,1098.0,1106.0,1347000.0
2022-08-25,30860,1105.0,1116.0,1093.0,1101.0,0,0,1145200.0,1263885900.0,1.0,1105.0,1116.0,1093.0,1101.0,1145200.0
2022-08-26,30860,1103.0,1114.0,1099.0,1110.0,0,0,1246300.0,1380402400.0,1.0,1103.0,1114.0,1099.0,1110.0,1246300.0
2022-08-29,30860,1096.0,1098.0,1084.0,1090.0,0,0,2003700.0,2183924300.0,1.0,1096.0,1098.0,1084.0,1090.0,2003700.0
2022-08-30,30860,1082.0,1091.0,1073.0,1089.0,0,0,1249900.0,1358081300.0,1.0,1082.0,1091.0,1073.0,1089.0,1249900.0
2022-08-31,30860,1076.0,1111.0,1075.0,1106.0,0,0,1845900.0,2026605100.0,1.0,1076.0,1111.0,1075.0,1106.0,1845900.0
2022-09-01,30860,1101.0,1119.0,1099.0,1116.0,0,0,1720100.0,1912891200.0,1.0,1101.0,1119.0,1099.0,1116.0,1720100.0
2022-09-02,30860,1122.0,1161.0,1121.0,1139.0,0,0,2949900.0,3376729300.0,1.0,1122.0,1161.0,1121.0,1139.0,2949900.0
2022-09-05,30860,1139.0,1150.0,1126.0,1127.0,0,0,1214700.0,1378578700.0,1.0,1139.0,1150.0,1126.0,1127.0,1214700.0
2022-09-06,30860,1130.0,1133.0,1108.0,1124.0,0,0,1048000.0,1176568200.0,1.0,1130.0,1133.0,1108.0,1124.0,1048000.0
2022-09-07,30860,1124.0,1145.0,1120.0,1141.0,0,0,1604600.0,1820812200.0,1.0,1124.0,1145.0,1120.0,1141.0,1604600.0
2022-09-08,30860,1158.0,1182.0,1152.0,1179.0,0,0,1972700.0,2317392100.0,1.0,1158.0,1182.0,1152.0,1179.0,1972700.0
2022-09-09,30860,1186.0,1195.0,1175.0,1187.0,0,0,1726900.0,2049623200.0,1.0,1186.0,1195.0,1175.0,1187.0,1726900.0
2022-09-12,30860,1209.0,1246.0,1201.0,1218.0,0,0,2717900.0,3327617100.0,1.0,1209.0,1246.0,1201.0,1218.0,2717900.0
2022-09-13,30860,1217.0,1224.0,1195.0,1220.0,0,0,1475400.0,1793073600.0,1.0,1217.0,1224.0,1195.0,1220.0,1475400.0
2022-09-14,30860,1198.0,1223.0,1195.0,1211.0,0,0,1881900.0,2282022100.0,1.0,1198.0,1223.0,1195.0,1211.0,1881900.0
2022-09-15,30860,1220.0,1222.0,1199.0,1208.0,0,0,1157400.0,1397680600.0,1.0,1220.0,1222.0,1199.0,1208.0,1157400.0
2022-09-16,30860,1203.0,1208.0,1191.0,1199.0,0,0,2114400.0,2535778900.0,1.0,1203.0,1208.0,1191.0,1199.0,2114400.0
2022-09-20,30860,1210.0,1215.0,1192.0,1203.0,0,0,1346400.0,1618766800.0,1.0,1210.0,1215.0,1192.0,1203.0,1346400.0
2022-09-21,30860,1198.0,1206.0,1184.0,1201.0,0,0,1102800.0,1320122300.0,1.0,1198.0,1206.0,1184.0,1201.0,1102800.0
2022-09-22,30860,1191.0,1205.0,1188.0,1202.0,0,0,1023400.0,1226287100.0,1.0,1191.0,1205.0,1188.0,1202.0,1023400.0
2022-09-26,30860,1205.0,1214.0,1187.0,1190.0,0,0,1608400.0,1925002000.0,1.0,1205.0,1214.0,1187.0,1190.0,1608400.0
2022-09-27,30860,1184.0,1204.0,1172.0,1194.0,0,0,1489600.0,1778217100.0,1.0,1184.0,1204.0,1172.0,1194.0,1489600.0
2022-09-28,30860,1183.0,1183.0,1114.0,1149.0,0,0,3973300.0,4523857600.0,1.0,1183.0,1183.0,1114.0,1149.0,3973300.0
2022-09-29,30860,1175.0,1188.0,1163.0,1183.0,0,0,2180600.0,2571364300.0,1.0,1175.0,1188.0,1163.0,1183.0,2180600.0
2022-09-30,30860,1173.0,1192.0,1169.0,1176.0,0,0,2006200.0,2363874300.0,1.0,1173.0,1192.0,1169.0,1176.0,2006200.0
2022-10-03,30860,1165.0,1171.0,1131.0,1155.0,0,0,2180300.0,2499006800.0,1.0,1165.0,1171.0,1131.0,1155.0,2180300.0
2022-10-04,30860,1175.0,1212.0,1169.0,1197.0,0,0,2365000.0,2821585500.0,1.0,1175.0,1212.0,1169.0,1197.0,2365000.0
2022-10-05,30860,1202.0,1209.0,1179.0,1189.0,0,0,1438100.0,1712725300.0,1.0,1202.0,1209.0,1179.0,1189.0,1438100.0
2022-10-06,30860,1189.0,1215.0,1185.0,1197.0,0,0,2400900.0,2883557400.0,1.0,1189.0,1215.0,1185.0,1197.0,2400900.0
2022-10-07,30860,1175.0,1206.0,1172.0,1200.0,0,0,1839300.0,2204170000.0,1.0,1175.0,1206.0,1172.0,1200.0,1839300.0
2022-10-11,30860,1200.0,1245.0,1200.0,1217.0,0,0,2834000.0,3456558200.0,1.0,1200.0,1245.0,1200.0,1217.0,2834000.0
2022-10-12,30860,1200.0,1219.0,1139.0,1182.0,0,0,4986000.0,5920607100.0,1.0,1200.0,1219.0,1139.0,1182.0,4986000.0
2022-10-13,30860,1180.0,1185.0,1148.0,1160.0,0,0,3001500.0,3485102100.0,1.0,1180.0,1185.0,1148.0,1160.0,3001500.0
2022-10-14,30860,1169.0,1172.0,1151.0,1170.0,0,0,2907300.0,3382050800.0,1.0,1169.0,1172.0,1151.0,1170.0,2907300.0
2022-10-17,30860,1183.0,1206.0,1175.0,1195.0,0,0,2570000.0,3076505400.0,1.0,1183.0,1206.0,1175.0,1195.0,2570000.0
2022-10-18,30860,1207.0,1240.0,1204.0,1225.0,0,0,3063600.0,3753652600.0,1.0,1207.0,1240.0,1204.0,1225.0,3063600.0
2022-10-19,30860,1219.0,1220.0,1197.0,1202.0,0,0,3390700.0,4089233300.0,1.0,1219.0,1220.0,1197.0,1202.0,3390700.0
2022-10-20,30860,1196.0,1256.0,1193.0,1249.0,0,0,3844000.0,4720910600.0,1.0,1196.0,1256.0,1193.0,1249.0,3844000.0
2022-10-21,30860,1240.0,1247.0,1207.0,1211.0,0,0,2762000.0,3380733400.0,1.0,1240.0,1247.0,1207.0,1211.0,2762000.0
2022-10-24,30860,1215.0,1218.0,1161.0,1166.0,0,0,2582100.0,3047052800.0,1.0,1215.0,1218.0,1161.0,1166.0,2582100.0
2022-10-25,30860,1166.0,1182.0,1151.0,1175.0,0,0,2076400.0,2431788900.0,1.0,1166.0,1182.0,1151.0,1175.0,2076400.0
2022-10-26,30860,1177.0,1181.0,1160.0,1172.0,0,0,1851800.0,2167152400.0,1.0,1177.0,1181.0,1160.0,1172.0,1851800.0
2022-10-27,30860,1182.0,1184.0,1167.0,1177.0,0,0,1905300.0,2240166200.0,1.0,1182.0,1184.0,1167.0,1177.0,1905300.0
2022-10-28,30860,1178.0,1192.0,1172.0,1174.0,0,0,2999300.0,3528315400.0,1.0,1178.0,1192.0,1172.0,1174.0,2999300.0
2022-10-31,30860,1180.0,1202.0,1177.0,1202.0,0,0,1826800.0,2175584900.0,1.0,1180.0,1202.0,1177.0,1202.0,1826800.0
2022-11-01,30860,1200.0,1202.0,1181.0,1202.0,0,0,1365200.0,1629592200.0,1.0,1200.0,1202.0,1181.0,1202.0,1365200.0
2022-11-02,30860,1199.0,1236.0,1194.0,1221.0,0,0,2533800.0,3101629900.0,1.0,1199.0,1236.0,1194.0,1221.0,2533800.0
2022-11-04,30860,1213.0,1232.0,1210.0,1211.0,0,0,1314100.0,1600672400.0,1.0,1213.0,1232.0,1210.0,1211.0,1314100.0
2022-11-07,30860,1201.0,1205.0,1179.0,1182.0,0,0,1793300.0,2129264800.0,1.0,1201.0,1205.0,1179.0,1182.0,1793300.0
2022-11-08,30860,1188.0,1197.0,1164.0,1168.0,0,0,2149500.0,2529393000.0,1.0,1188.0,1197.0,1164.0,1168.0,2149500.0
2022-11-09,30860,1168.0,1171.0,1148.0,1160.0,0,0,1660700.0,1924014400.0,1.0,1168.0,1171.0,1148.0,1160.0,1660700.0
2022-11-10,30860,1150.0,1168.0,1150.0,1162.0,0,0,2094600.0,2430766500.0,1.0,1150.0,1168.0,1150.0,1162.0,2094600.0
2022-11-11,30860,1168.0,1169.0,1128.0,1143.0,0,0,4019700.0,4591539500.0,1.0,1168.0,1169.0,1128.0,1143.0,4019700.0
2022-11-14,30860,1145.0,1146.0,1100.0,1101.0,0,0,2431100.0,2706628800.0,1.0,1145.0,1146.0,1100.0,1101.0,2431100.0
2022-11-15,30860,1116.0,1116.0,1096.0,1100.0,0,0,1806600.0,1992960600.0,1.0,1116.0,1116.0,1096.0,1100.0,1806600.0
2022-11-16,30860,1096.0,1104.0,1078.0,1095.0,0,0,2140300.0,2330864300.0,1.0,1096.0,1104.0,1078.0,1095.0,2140300.0
2022-11-17,30860,1098.0,1127.0,1098.0,1119.0,0,0,2170900.0,2428016700.0,1.0,1098.0,1127.0,1098.0,1119.0,2170900.0
2022-11-18,30860,1119.0,1129.0,1108.0,1121.0,0,0,1358100.0,1519692000.0,1.0,1119.0,1129.0,1108.0,1121.0,1358100.0
2022-11-21,30860,1128.0,1134.0,1113.0,1123.0,0,0,914300.0,1025130900.0,1.0,1128.0,1134.0,1113.0,1123.0,914300.0
2022-11-22,30860,1131.0,1143.0,1128.0,1133.0,0,0,1231400.0,1397275700.0,1.0,1131.0,1143.0,1128.0,1133.0,1231400.0
2022-11-24,30860,1131.0,1147.0,1128.0,1135.0,0,0,986600.0,1120977600.0,1.0,1131.0,1147.0,1128.0,1135.0,986600.0
2022-11-25,30860,1139.0,1139.0,1129.0,1134.0,0,0,633300.0,717969600.0,1.0,1139.0,1139.0,1129.0,1134.0,633300.0
2022-11-28,30860,1149.0,1157.0,1128.0,1132.0,0,0,1171200.0,1332464800.0,1.0,1149.0,1157.0,1128.0,1132.0,1171200.0
2022-11-29,30860,1138.0,1166.0,1127.0,1163.0,0,0,1531800.0,1768106300.0,1.0,1138.0,1166.0,1127.0,1163.0,1531800.0
2022-11-30,30860,1153.0,1181.0,1153.0,1159.0,0,0,1746000.0,2032685300.0,1.0,1153.0,1181.0,1153.0,1159.0,1746000.0
2022-12-01,30860,1147.0,1159.0,1139.0,1143.0,0,0,1300500.0,1491604900.0,1.0,1147.0,1159.0,1139.0,1143.0,1300500.0
2022-12-02,30860,1135.0,1135.0,1108.0,1112.0,0,0,1545500.0,1724194000.0,1.0,1135.0,1135.0,1108.0,1112.0,1545500.0
2022-12-05,30860,1114.0,1128.0,1106.0,1120.0,0,0,1143000.0,1280372200.0,1.0,1114.0,1128.0,1106.0,1120.0,1143000.0
2022-12-06,30860,1129.0,1135.0,1111.0,1123.0,0,0,875100.0,980205500.0,1.0,1129.0,1135.0,1111.0,1123.0,875100.0
2022-12-07,30860,1128.0,1151.0,1121.0,1146.0,0,0,1290000.0,1473041300.0,1.0,1128.0,1151.0,1121.0,1146.0,1290000.0
2022-12-08,30860,1150.0,1165.0,1140.0,1162.0,0,0,1541000.0,1778409500.0,1.0,1150.0,1165.0,1140.0,1162.0,1541000.0
2022-12-09,30860,1164.0,1178.0,1158.0,1161.0,0,0,1576700.0,1838865400.0,1.0,1164.0,1178.0,1158.0,1161.0,1576700.0
2022-12-12,30860,1158.0,1165.0,1142.0,1164.0,0,0,1354800.0,1566926800.0,1.0,1158.0,1165.0,1142.0,1164.0,1354800.0
2022-12-13,30860,1166.0,1168.0,1152.0,1162.0,0,0,1012600.0,1174266600.0,1.0,1166.0,1168.0,1152.0,1162.0,1012600.0
2022-12-14,30860,1154.0,1160.0,1132.0,1137.0,0,0,1505700.0,1717256000.0,1.0,1154.0,1160.0,1132.0,1137.0,1505700.0
2022-12-15,30860,1146.0,1162.0,1136.0,1154.0,0,0,1282000.0,1476756900.0,1.0,1146.0,1162.0,1136.0,1154.0,1282000.0
2022-12-16,30860,1157.0,1165.0,1151.0,1164.0,0,0,1506800.0,1748260900.0,1.0,1157.0,1165.0,1151.0,1164.0,1506800.0
2022-12-19,30860,1163.0,1168.0,1153.0,1163.0,0,0,1325900.0,1539018900.0,1.0,1163.0,1168.0,1153.0,1163.0,1325900.0
2022-12-20,30860,1170.0,1188.0,1123.0,1135.0,0,0,2648500.0,3048300500.0,1.0,1170.0,1188.0,1123.0,1135.0,2648500.0
2022-12-21,30860,1132.0,1145.0,1110.0,1141.0,0,0,1621100.0,1837029000.0,1.0,1132.0,1145.0,1110.0,1141.0,1621100.0
2022-12-22,30860,1146.0,1160.0,1137.0,1160.0,0,0,1527200.0,1762765900.0,1.0,1146.0,1160.0,1137.0,1160.0,1527200.0
2022-12-23,30860,1155.0,1162.0,1141.0,1153.0,0,0,1033600.0,1190329400.0,1.0,1155.0,1162.0,1141.0,1153.0,1033600.0
2022-12-26,30860,1160.0,1173.0,1156.0,1172.0,0,0,1017800.0,1187203000.0,1.0,1160.0,1173.0,1156.0,1172.0,1017800.0
2022-12-27,30860,1212.0,1255.0,1212.0,1237.0,0,0,5605700.0,6957528300.0,1.0,1212.0,1255.0,1212.0,1237.0,5605700.0
2022-12-28,30860,1198.0,1233.0,1190.0,1229.0,0,0,3843800.0,4671192400.0,1.0,1198.0,1233.0,1190.0,1229.0,3843800.0
2022-12-29,30860,1230.0,1234.0,1182.0,1186.0,0,0,1905000.0,2281023800.0,1.0,1230.0,1234.0,1182.0,1186.0,1905000.0
2022-12-30,30860,1178.0,1215.0,1173.0,1201.0,0,0,1600900.0,1922906600.0,1.0,1178.0,1215.0,1173.0,1201.0,1600900.0
2023-01-04,30860,1193.0,1199.0,1167.0,1182.0,0,0,1629400.0,1925188700.0,1.0,1193.0,1199.0,1167.0,1182.0,1629400.0
2023-01-05,30860,1178.0,1182.0,1161.0,1171.0,0,0,1208000.0,1414011700.0,1.0,1178.0,1182.0,1161.0,1171.0,1208000.0
2023-01-06,30860,1177.0,1185.0,1167.0,1170.0,0,0,1261200.0,1479595300.0,1.0,1177.0,1185.0,1167.0,1170.0,1261200.0
2023-01-10,30860,1174.0,1188.0,1168.0,1169.0,0,0,1105300.0,1297421300.0,1.0,1174.0,1188.0,1168.0,1169.0,1105300.0
2023-01-11,30860,1170.0,1174.0,1130.0,1130.0,0,0,2380900.0,2720866400.0,1.0,1170.0,1174.0,1130.0,1130.0,2380900.0
2023-01-12,30860,1119.0,1121.0,1103.0,1106.0,0,0,1932200.0,2142361000.0,1.0,1119.0,1121.0,1103.0,1106.0,1932200.0
2023-01-13,30860,1103.0,1117.0,1100.0,1113.0,0,0,1367400.0,1518208100.0,1.0,1103.0,1117.0,1100.0,1113.0,1367400.0
2023-01-16,30860,1107.0,1114.0,1094.0,1100.0,0,0,1228400.0,1353807100.0,1.0,1107.0,1114.0,1094.0,1100.0,1228400.0
2023-01-17,30860,1101.0,1110.0,1093.0,1098.0,0,0,1310200.0,1441062800.0,1.0,1101.0,1110.0,1093.0,1098.0,1310200.0
2023-01-18,30860,1097.0,1122.0,1081.0,1119.0,0,0,1950700.0,2168430500.0,1.0,1097.0,1122.0,1081.0,1119.0,1950700.0
2023-01-19,30860,1120.0,1164.0,1120.0,1153.0,0,0,2565600.0,2949316400.0,1.0,1120.0,1164.0,1120.0,1153.0,2565600.0
2023-01-20,30860,1171.0,1201.0,1153.0,1191.0,0,0,2524900.0,2993787800.0,1.0,1171.0,1201.0,1153.0,1191.0,2524900.0
2023-01-23,30860,1195.0,1196.0,1181.0,1194.0,0,0,1429100.0,1700098200.0,1.0,1195.0,1196.0,1181.0,1194.0,1429100.0
2023-01-24,30860,1191.0,1203.0,1185.0,1195.0,0,0,1136000.0,1359268900.0,1.0,1191.0,1203.0,1185.0,1195.0,1136000.0
2023-01-25,30860,1200.0,1218.0,1195.0,1212.0,0,0,1274000.0,1542304000.0,1.0,1200.0,1218.0,1195.0,1212.0,1274000.0
2023-01-26,30860,1215.0,1218.0,1206.0,1209.0,0,0,1135600.0,1374691900.0,1.0,1215.0,1218.0,1206.0,1209.0,1135600.0
2023-01-27,30860,1209.0,1212.0,1198.0,1204.0,0,0,1002000.0,1206503700.0,1.0,1209.0,1212.0,1198.0,1204.0,1002000.0
2023-01-30,30860,1204.0,1214.0,1198.0,1205.0,0,0,974800.0,1176340600.0,1.0,1204.0,1214.0,1198.0,1205.0,974800.0
2023-01-31,30860,1210.0,1217.0,1201.0,1208.0,0,0,1075100.0,1297594300.0,1.0,1210.0,1217.0,1201.0,1208.0,1075100.0
2023-02-01,30860,1209.0,1217.0,1203.0,1207.0,0,0,928500.0,1123217300.0,1.0,1209.0,1217.0,1203.0,1207.0,928500.0
2023-02-02,30860,1208.0,1216.0,1199.0,1211.0,0,0,1373300.0,1660672500.0,1.0,1208.0,1216.0,1199.0,1211.0,1373300.0
2023-02-03,30860,1211.0,1216.0,1191.0,1200.0,0,0,1426300.0,1714618400.0,1.0,1211.0,1216.0,1191.0,1200.0,1426300.0
2023-02-06,30860,1206.0,1212.0,1189.0,1211.0,0,0,1370500.0,1651754500.0,1.0,1206.0,1212.0,1189.0,1211.0,1370500.0
2023-02-07,30860,1218.0,1229.0,1203.0,1206.0,0,0,1144800.0,1386713300.0,1.0,1218.0,1229.0,1203.0,1206.0,1144800.0
2023-02-08,30860,1204.0,1215.0,1188.0,1214.0,0,0,1459000.0,1753319400.0,1.0,1204.0,1215.0,1188.0,1214.0,1459000.0
2023-02-09,30860,1214.0,1214.0,1193.0,1209.0,0,0,1111300.0,1339603400.0,1.0,1214.0,1214.0,1193.0,1209.0,1111300.0
2023-02-10,30860,1209.0,1212.0,1195.0,1197.0,0,0,1587600.0,1907892000.0,1.0,1209.0,1212.0,1195.0,1197.0,1587600.0
2023-02-13,30860,1203.0,1204.0,1186.0,1196.0,0,0,947400.0,1131583700.0,1.0,1203.0,1204.0,1186.0,1196.0,947400.0
2023-02-14,30860,1206.0,1213.0,1196.0,1202.0,0,0,735100.0,884245200.0,1.0,1206.0,1213.0,1196.0,1202.0,735100.0
2023-02-15,30860,1202.0,1214.0,1202.0,1213.0,0,0,814800.0,984711800.0,1.0,1202.0,1214.0,1202.0,1213.0,814800.0
2023-02-16,30860,1220.0,1238.0,1220.0,1238.0,0,0,1441900.0,1775988100.0,1.0,1220.0,1238.0,1220.0,1238.0,1441900.0
2023-02-17,30860,1247.0,1267.0,1241.0,1247.0,0,0,2014600.0,2519584400.0,1.0,1247.0,1267.0,1241.0,1247.0,2014600.0
2023-02-20,30860,1261.0,1286.0,1256.0,1284.0,0,0,2203300.0,2813950200.0,1.0,1261.0,1286.0,1256.0,1284.0,2203300.0
2023-02-21,30860,1278.0,1286.0,1242.0,1247.0,0,0,1679300.0,2116634200.0,1.0,1278.0,1286.0,1242.0,1247.0,1679300.0
2023-02-22,30860,1242.0,1245.0,1222.0,1231.0,0,0,1530100.0,1884556700.0,1.0,1242.0,1245.0,1222.0,1231.0,1530100.0
2023-02-24,30860,1236.0,1250.0,1228.0,1249.0,0,0,2359700.0,2925980800.0,1.0,1236.0,1250.0,1228.0,1249.0,2359700.0
2023-02-27,30860,1241.0,1255.0,1235.0,1251.0,0,0,1430100.0,1783790100.0,1.0,1241.0,1255.0,1235.0,1251.0,1430100.0
2023-02-28,30860,1261.0,1280.0,1260.0,1264.0,0,0,1739500.0,2207135600.0,1.0,1261.0,1280.0,1260.0,1264.0,1739500.0
2023-03-01,30860,1255.0,1264.0,1246.0,1264.0,0,0,993200.0,1247806900.0,1.0,1255.0,1264.0,1246.0,1264.0,993200.0
2023-03-02,30860,1273.0,1286.0,1267.0,1281.0,0,0,1415100.0,1810534400.0,1.0,1273.0,1286.0,1267.0,1281.0,1415100.0
2023-03-03,30860,1278.0,1295.0,1276.0,1289.0,0,0,1204300.0,1550087100.0,1.0,1278.0,1295.0,1276.0,1289.0,1204300.0
2023-03-06,30860,1289.0,1295.0,1282.0,1288.0,0,0,733300.0,944999500.0,1.0,1289.0,1295.0,1282.0,1288.0,733300.0
2023-03-07,30860,1290.0,1300.0,1283.0,1297.0,0,0,1417600.0,1831694700.0,1.0,1290.0,1300.0,1283.0,1297.0,1417600.0
2023-03-08,30860,1301.0,1358.0,1300.0,1353.0,0,0,2246200.0,3006208500.0,1.0,1301.0,1358.0,1300.0,1353.0,2246200.0
2023-03-09,30860,1350.0,1367.0,1345.0,1359.0,0,0,1301900.0,1767448100.0,1.0,1350.0,1367.0,1345.0,1359.0,1301900.0
2023-03-10,30860,1359.0,1359.0,1333.0,1338.0,0,0,1673000.0,2251474900.0,1.0,1359.0,1359.0,1333.0,1338.0,1673000.0
2023-03-13,30860,1332.0,1335.0,1302.0,1314.0,0,0,1381200.0,1817484200.0,1.0,1332.0,1335.0,1302.0,1314.0,1381200.0
2023-03-14,30860,1279.0,1280.0,1248.0,1251.0,0,0,1765600.0,2219997100.0,1.0,1279.0,1280.0,1248.0,1251.0,1765600.0
2023-03-15,30860,1276.0,1287.0,1255.0,1262.0,0,0,1515800.0,1916741000.0,1.0,1276.0,1287.0,1255.0,1262.0,1515800.0
2023-03-16,30860,1235.0,1255.0,1225.0,1251.0,0,0,1635200.0,2035027900.0,1.0,1235.0,1255.0,1225.0,1251.0,1635200.0
2023-03-17,30860,1255.0,1281.0,1247.0,1268.0,0,0,1992200.0,2525866800.0,1.0,1255.0,1281.0,1247.0,1268.0,1992200.0
2023-03-20,30860,1268.0,1268.0,1216.0,1218.0,0,0,1539800.0,1896049500.0,1.0,1268.0,1268.0,1216.0,1218.0,1539800.0
2023-03-22,30860,1245.0,1247.0,1213.0,1231.0,0,0,1353800.0,1662099000.0,1.0,1245.0,1247.0,1213.0,1231.0,1353800.0
2023-03-23,30860,1220.0,1234.0,1217.0,1234.0,0,0,954600.0,1173425400.0,1.0,1220.0,1234.0,1217.0,1234.0,954600.0
2023-03-24,30860,1204.0,1211.0,1182.0,1205.0,0,0,3376700.0,4051085600.0,1.0,1204.0,1211.0,1182.0,1205.0,3376700.0
2023-03-27,30860,1223.0,1244.0,1208.0,1212.0,0,0,1267600.0,1541213100.0,1.0,1223.0,1244.0,1208.0,1212.0,1267600.0
2023-03-28,30860,1234.0,1239.0,1206.0,1214.0,0,0,1572700.0,1919392400.0,1.0,1234.0,1239.0,1206.0,1214.0,1572700.0
2023-03-29,30860,1239.0,1262.0,1233.0,1260.0,0,0,2725100.0,3415091100.0,1.0,1239.0,1262.0,1233.0,1260.0,2725100.0
2023-03-30,30860,1259.0,1289.0,1246.0,1283.0,0,0,1937000.0,2470526300.0,1.0,1259.0,1289.0,1246.0,1283.0,1937000.0
2023-03-31,30860,1303.0,1332.0,1300.0,1322.0,0,0,2901400.0,3830339100.0,1.0,1303.0,1332.0,1300.0,1322.0,2901400.0
2023-04-03,30860,1320.0,1331.0,1317.0,1328.0,0,0,1223100.0,1621280800.0,1.0,1320.0,1331.0,1317.0,1328.0,1223100.0
2023-04-04,30860,1331.0,1337.0,1299.0,1318.0,0,0,1884200.0,2477673300.0,1.0,1331.0,1337.0,1299.0,1318.0,1884200.0
2023-04-05,30860,1303.0,1313.0,1290.0,1294.0,0,0,1579800.0,2050200900.0,1.0,1303.0,1313.0,1290.0,1294.0,1579800.0
2023-04-06,30860,1290.0,1304.0,1284.0,1298.0,0,0,1670900.0,2165971000.0,1.0,1290.0,1304.0,1284.0,1298.0,1670900.0
2023-04-07,30860,1310.0,1314.0,1301.0,1303.0,0,0,1644000.0,2147772900.0,1.0,1310.0,1314.0,1301.0,1303.0,1644000.0
2023-04-10,30860,1324.0,1342.0,1319.0,1322.0,0,0,1596600.0,2117941700.0,1.0,1324.0,1342.0,1319.0,1322.0,1596600.0
2023-04-11,30860,1343.0,1345.0,1322.0,1338.0,0,0,2193700.0,2926661100.0,1.0,1343.0,1345.0,1322.0,1338.0,2193700.0
2023-04-12,30860,1338.0,1382.0,1330.0,1355.0,0,0,5165700.0,7012166300.0,1.0,1338.0,1382.0,1330.0,1355.0,5165700.0
2023-04-13,30860,1348.0,1360.0,1322.0,1356.0,0,0,2751800.0,3694714000.0,1.0,1348.0,1360.0,1322.0,1356.0,2751800.0
2023-04-14,30860,1368.0,1372.0,1328.0,1338.0,0,0,2628000.0,3528428800.0,1.0,1368.0,1372.0,1328.0,1338.0,2628000.0
2023-04-17,30860,1347.0,1354.0,1333.0,1349.0,0,0,1720600.0,2315514400.0,1.0,1347.0,1354.0,1333.0,1349.0,1720600.0
2023-04-18,30860,1355.0,1376.0,1348.0,1375.0,0,0,1402900.0,1918413500.0,1.0,1355.0,1376.0,1348.0,1375.0,1402900.0
2023-04-19,30860,1400.0,1406.0,1366.0,1377.0,0,0,1589300.0,2192292200.0,1.0,1400.0,1406.0,1366.0,1377.0,1589300.0
2023-04-20,30860,1378.0,1437.0,1376.0,1423.0,0,0,2625100.0,3718735500.0,1.0,1378.0,1437.0,1376.0,1423.0,2625100.0
2023-04-21,30860,1442.0,1454.0,1433.0,1444.0,0,0,2452800.0,3541302500.0,1.0,1442.0,1454.0,1433.0,1444.0,2452800.0
2023-04-24,30860,1452.0,1464.0,1448.0,1457.0,0,0,1611500.0,2347041100.0,1.0,1452.0,1464.0,1448.0,1457.0,1611500.0
2023-04-25,30860,1452.0,1459.0,1430.0,1434.0,0,0,1676100.0,2416757800.0,1.0,1452.0,1459.0,1430.0,1434.0,1676100.0
2023-04-26,30860,1430.0,1447.0,1416.0,1430.0,0,0,1605300.0,2297876000.0,1.0,1430.0,1447.0,1416.0,1430.0,1605300.0
2023-04-27,30860,1423.0,1433.0,1414.0,1432.0,0,0,1323400.0,1886346400.0,1.0,1423.0,1433.0,1414.0,1432.0,1323400.0
2023-04-28,30860,1437.0,1442.0,1410.0,1426.0,0,0,1469900.0,2089786000.0,1.0,1437.0,1442.0,1410.0,1426.0,1469900.0
2023-05-01,30860,1432.0,1446.0,1427.0,1443.0,0,0,1481800.0,2132646400.0,1.0,1432.0,1446.0,1427.0,1443.0,1481800.0
2023-05-02,30860,1451.0,1452.0,1416.0,1419.0,0,0,2009400.0,2867881200.0,1.0,1451.0,1452.0,1416.0,1419.0,2009400.0
2023-05-08,30860,1417.0,1422.0,1395.0,1414.0,0,0,1552700.0,2187283700.0,1.0,1417.0,1422.0,1395.0,1414.0,1552700.0
2023-05-09,30860,1416.0,1420.0,1401.0,1419.0,0,0,1625500.0,2297214600.0,1.0,1416.0,1420.0,1401.0,1419.0,1625500.0
2023-05-10,30860,1425.0,1426.0,1397.0,1401.0,0,0,1823000.0,2567634800.0,1.0,1425.0,1426.0,1397.0,1401.0,1823000.0
2023-05-11,30860,1392.0,1439.0,1388.0,1434.0,0,0,2264100.0,3222255700.0,1.0,1392.0,1439.0,1388.0,1434.0,2264100.0
2023-05-12,30860,1423.0,1458.0,1420.0,1455.0,0,0,1957900.0,2825761100.0,1.0,1423.0,1458.0,1420.0,1455.0,1957900.0
2023-05-15,30860,1468.0,1473.0,1435.0,1440.0,0,0,1578600.0,2282940600.0,1.0,1468.0,1473.0,1435.0,1440.0,1578600.0
2023-05-16,30860,1441.0,1455.0,1431.0,1452.0,0,0,1191900.0,1726472700.0,1.0,1441.0,1455.0,1431.0,1452.0,1191900.0
2023-05-17,30860,1452.0,1479.0,1441.0,1478.0,0,0,1776300.0,2609226000.0,1.0,1452.0,1479.0,1441.0,1478.0,1776300.0
2023-05-18,30860,1495.0,1503.0,1484.0,1491.0,0,0,1937300.0,2888791700.0,1.0,1495.0,1503.0,1484.0,1491.0,1937300.0
2023-05-19,30860,1492.0,1496.0,1461.0,1473.0,0,0,1885000.0,2779932700.0,1.0,1492.0,1496.0,1461.0,1473.0,1885000.0
2023-05-22,30860,1474.0,1490.0,1465.0,1475.0,0,0,1367200.0,2018208400.0,1.0,1474.0,1490.0,1465.0,1475.0,1367200.0
2023-05-23,30860,1470.0,1471.0,1420.0,1427.0,0,0,2073800.0,2984229200.0,1.0,1470.0,1471.0,1420.0,1427.0,2073800.0
2023-05-24,30860,1415.0,1420.0,1372.0,1375.0,0,0,3128600.0,4339223100.0,1.0,1415.0,1420.0,1372.0,1375.0,3128600.0
2023-05-25,30860,1376.0,1392.0,1366.0,1377.0,0,0,2107000.0,2909969200.0,1.0,1376.0,1392.0,1366.0,1377.0,2107000.0
2023-05-26,30860,1366.0,1389.0,1351.0,1386.0,0,0,2133200.0,2939810300.0,1.0,1366.0,1389.0,1351.0,1386.0,2133200.0
2023-05-29,30860,1400.0,1403.0,1384.0,1390.0,0,0,1380300.0,1922629500.0,1.0,1400.0,1403.0,1384.0,1390.0,1380300.0
2023-05-30,30860,1381.0,1385.0,1363.0,1378.0,0,0,1054500.0,1450099700.0,1.0,1381.0,1385.0,1363.0,1378.0,1054500.0
2023-05-31,30860,1364.0,1377.0,1356.0,1365.0,0,0,3408300.0,4652064300.0,1.0,1364.0,1377.0,1356.0,1365.0,3408300.0
2023-06-01,30860,1353.0,1366.0,1349.0,1364.0,0,0,1242000.0,1688341100.0,1.0,1353.0,1366.0,1349.0,1364.0,1242000.0
2023-06-02,30860,1368.0,1390.0,1362.0,1387.0,0,0,1142900.0,1576660400.0,1.0,1368.0,1390.0,1362.0,1387.0,1142900.0
2023-06-05,30860,1417.0,1417.0,1402.5,1413.5,0,0,1889200.0,2665038800.0,1.0,1417.0,1417.0,1402.5,1413.5,1889200.0
2023-06-06,30860,1402.0,1419.5,1395.5,1414.0,0,0,1107400.0,1563480150.0,1.0,1402.0,1419.5,1395.5,1414.0,1107400.0
2023-06-07,30860,1430.0,1443.0,1411.0,1415.0,0,0,1341200.0,1909450500.0,1.0,1430.0,1443.0,1411.0,1415.0,1341200.0
2023-06-08,30860,1417.5,1430.0,1405.5,1412.0,0,0,1383400.0,1960124800.0,1.0,1417.5,1430.0,1405.5,1412.0,1383400.0
2023-06-09,30860,1411.5,1422.0,1400.5,1419.0,0,0,1534000.0,2168697450.0,1.0,1411.5,1422.0,1400.5,1419.0,1534000.0
2023-06-12,30860,1422.0,1423.5,1404.0,1410.0,0,0,1225100.0,1730268200.0,1.0,1422.0,1423.5,1404.0,1410.0,1225100.0
2023-06-13,30860,1409.0,1424.0,1400.5,1413.5,0,0,1341500.0,1899993550.0,1.0,1409.0,1424.0,1400.5,1413.5,1341500.0
2023-06-14,30860,1419.0,1434.0,1415.0,1427.0,0,0,1276800.0,1819303850.0,1.0,1419.0,1434.0,1415.0,1427.0,1276800.0
2023-06-15,30860,1430.0,1435.0,1414.5,1422.0,0,0,1424100.0,2029949400.0,1.0,1430.0,1435.0,1414.5,1422.0,1424100.0
2023-06-16,30860,1410.5,1433.0,1401.0,1422.0,0,0,3238500.0,4600804450.0,1.0,1410.5,1433.0,1401.0,1422.0,3238500.0
2023-06-19,30860,1434.5,1434.5,1409.0,1418.0,0,0,1148400.0,1628686500.0,1.0,1434.5,1434.5,1409.0,1418.0,1148400.0
2023-06-20,30860,1413.0,1416.5,1371.0,1374.5,0,0,1889900.0,2623275800.0,1.0,1413.0,1416.5,1371.0,1374.5,1889900.0
2023-06-21,30860,1365.5,1417.5,1365.5,1415.0,0,0,1827800.0,2564154000.0,1.0,1365.5,1417.5,1365.5,1415.0,1827800.0
2023-06-22,30860,1418.5,1439.0,1409.0,1417.0,0,0,1589700.0,2263687000.0,1.0,1418.5,1439.0,1409.0,1417.0,1589700.0
2023-06-23,30860,1425.0,1434.5,1393.0,1404.0,0,0,1457800.0,2050335450.0,1.0,1425.0,1434.5,1393.0,1404.0,1457800.0
2023-06-26,30860,1408.0,1410.5,1384.0,1391.5,0,0,1170300.0,1631657950.0,1.0,1408.0,1410.5,1384.0,1391.5,1170300.0
2023-06-27,30860,1390.0,1393.0,1368.5,1388.0,0,0,1985700.0,2741392100.0,1.0,1390.0,1393.0,1368.5,1388.0,1985700.0
2023-06-28,30860,1400.0,1427.5,1395.0,1427.5,0,0,2521600.0,3571115150.0,1.0,1400.0,1427.5,1395.0,1427.5,2521600.0
2023-06-29,30860,1406.0,1410.0,1355.0,1373.5,0,0,6002100.0,8279592000.0,1.0,1406.0,1410.0,1355.0,1373.5,6002100.0
2023-06-30,30860,1371.0,1380.5,1355.5,1378.5,0,0,3486500.0,4776060600.0,1.0,1371.0,1380.5,1355.5,1378.5,3486500.0
2023-07-03,30860,1392.0,1401.0,1365.0,1368.0,0,0,2217300.0,3057198550.0,1.0,1392.0,1401.0,1365.0,1368.0,2217300.0
2023-07-04,30860,1372.0,1385.0,1371.0,1382.5,0,0,1272000.0,1754422250.0,1.0,1372.0,1385.0,1371.0,1382.5,1272000.0
2023-07-05,30860,1378.0,1381.5,1365.0,1372.0,0,0,1116200.0,1530404850.0,1.0,1378.0,1381.5,1365.0,1372.0,1116200.0
2023-07-06,30860,1366.0,1380.5,1359.5,1377.0,0,0,1413200.0,1940709750.0,1.0,1366.0,1380.5,1359.5,1377.0,1413200.0
2023-07-07,30860,1374.5,1402.5,1369.5,1386.5,0,0,2403300.0,3339002400.0,1.0,1374.5,1402.5,1369.5,1386.5,2403300.0
2023-07-10,30860,1391.0,1393.0,1364.0,1369.5,0,0,1819000.0,2497446850.0,1.0,1391.0,1393.0,1364.0,1369.5,1819000.0
2023-07-11,30860,1371.0,1375.0,1355.0,1359.0,0,0,1612800.0,2200433050.0,1.0,1371.0,1375.0,1355.0,1359.0,1612800.0
2023-07-12,30860,1369.5,1377.5,1357.0,1360.5,0,0,1394900.0,1904076350.0,1.0,1369.5,1377.5,1357.0,1360.5,1394900.0
2023-07-13,30860,1358.0,1362.0,1336.5,1354.0,0,0,1544200.0,2086880500.0,1.0,1358.0,1362.0,1336.5,1354.0,1544200.0
2023-07-14,30860,1345.0,1358.5,1326.0,1336.0,0,0,1858100.0,2488918750.0,1.0,1345.0,1358.5,1326.0,1336.0,1858100.0
2023-07-18,30860,1332.0,1351.5,1326.5,1341.0,0,0,1226200.0,1645950600.0,1.0,1332.0,1351.5,1326.5,1341.0,1226200.0
2023-07-19,30860,1350.0,1359.0,1343.5,1355.0,0,0,1400100.0,1892451250.0,1.0,1350.0,1359.0,1343.5,1355.0,1400100.0
2023-07-20,30860,1359.5,1366.5,1353.0,1355.0,0,0,911600.0,1237480000.0,1.0,1359.5,1366.5,1353.0,1355.0,911600.0
2023-07-21,30860,1362.0,1370.5,1346.0,1369.0,0,0,991300.0,1352592900.0,1.0,1362.0,1370.5,1346.0,1369.0,991300.0
2023-07-24,30860,1371.0,1375.0,1363.0,1368.0,0,0,1011400.0,1383293700.0,1.0,1371.0,1375.0,1363.0,1368.0,1011400.0
2023-07-25,30860,1373.5,1374.5,1359.0,1364.5,0,0,787500.0,1075458400.0,1.0,1373.5,1374.5,1359.0,1364.5,787500.0
2023-07-26,30860,1355.5,1361.5,1348.5,1359.0,0,0,1273100.0,1727468200.0,1.0,1355.5,1361.5,1348.5,1359.0,1273100.0
2023-07-27,30860,1365.5,1372.5,1360.0,1369.0,0,0,1060900.0,1451575300.0,1.0,1365.5,1372.5,1360.0,1369.0,1060900.0
2023-07-28,30860,1355.0,1380.0,1353.5,1378.5,0,0,1797500.0,2461297300.0,1.0,1355.0,1380.0,1353.5,1378.5,1797500.0
2023-07-31,30860,1389.0,1398.0,1377.0,1383.0,0,0,1522300.0,2111252100.0,1.0,1389.0,1398.0,1377.0,1383.0,1522300.0
2023-08-01,30860,1386.0,1415.0,1383.5,1414.5,0,0,1940400.0,2731592150.0,1.0,1386.0,1415.0,1383.5,1414.5,1940400.0
2023-08-02,30860,1408.5,1414.0,1393.0,1393.5,0,0,1517900.0,2128747900.0,1.0,1408.5,1414.0,1393.0,1393.5,1517900.0
2023-08-03,30860,1382.5,1394.0,1373.0,1383.0,0,0,1204800.0,1666800800.0,1.0,1382.5,1394.0,1373.0,1383.0,1204800.0
2023-08-04,30860,1385.5,1397.5,1381.5,1395.0,0,0,909400.0,1265330750.0,1.0,1385.5,1397.5,1381.5,1395.0,909400.0
2023-08-07,30860,1392.5,1408.0,1381.5,1402.5,0,0,1303700.0,1824288300.0,1.0,1392.5,1408.0,1381.5,1402.5,1303700.0
2023-08-08,30860,1412.0,1451.0,1409.5,1447.0,0,0,2722000.0,3901977850.0,1.0,1412.0,1451.0,1409.5,1447.0,2722000.0
2023-08-09,30860,1452.0,1506.5,1447.0,1483.0,0,0,3277300.0,4863415850.0,1.0,1452.0,1506.5,1447.0,1483.0,3277300.0
2023-08-10,30860,1513.0,1593.0,1513.0,1589.0,0,0,4133400.0,6466943850.0,1.0,1513.0,1593.0,1513.0,1589.0,4133400.0
2023-08-14,30860,1608.0,1634.5,1599.5,1604.5,0,0,2604000.0,4206542250.0,1.0,1608.0,1634.5,1599.5,1604.5,2604000.0
2023-08-15,30860,1610.0,1614.0,1592.0,1605.5,0,0,1652500.0,2649116550.0,1.0,1610.0,1614.0,1592.0,1605.5,1652500.0
2023-08-16,30860,1590.5,1608.0,1585.5,1593.5,0,0,1653400.0,2641952150.0,1.0,1590.5,1608.0,1585.5,1593.5,1653400.0
2023-08-17,30860,1590.0,1600.5,1542.5,1565.5,0,0,1779400.0,2789755800.0,1.0,1590.0,1600.5,1542.5,1565.5,1779400.0
2023-08-18,30860,1543.5,1543.5,1492.0,1498.0,0,0,1904900.0,2878355050.0,1.0,1543.5,1543.5,1492.0,1498.0,1904900.0
2023-08-21,30860,1513.0,1550.0,1510.0,1544.5,0,0,1722100.0,2645499850.0,1.0,1513.0,1550.0,1510.0,1544.5,1722100.0
2023-08-22,30860,1550.0,1567.0,1543.5,1559.0,0,0,1239600.0,1928153800.0,1.0,1550.0,1567.0,1543.5,1559.0,1239600.0
2023-08-23,30860,1560.0,1580.0,1556.0,1569.5,0,0,896900.0,1406858150.0,1.0,1560.0,1580.0,1556.0,1569.5,896900.0
2023-08-24,30860,1554.0,1572.0,1551.5,1569.0,0,0,917000.0,1434424700.0,1.0,1554.0,1572.0,1551.5,1569.0,917000.0
2023-08-25,30860,1560.5,1570.5,1549.5,1556.0,0,0,1139300.0,1775651700.0,1.0,1560.5,1570.5,1549.5,1556.0,1139300.0
2023-08-28,30860,1543.0,1546.0,1465.0,1491.0,0,0,3823800.0,5706169200.0,1.0,1543.0,1546.0,1465.0,1491.0,3823800.0
2023-08-29,30860,1521.0,1533.5,1513.5,1528.0,0,0,2275800.0,3467561650.0,1.0,1521.0,1533.5,1513.5,1528.0,2275800.0
2023-08-30,30860,1505.0,1514.0,1490.0,1511.5,0,0,1683600.0,2533969200.0,1.0,1505.0,1514.0,1490.0,1511.5,1683600.0
2023-08-31,30860,1506.5,1539.0,1505.0,1535.0,0,0,1874900.0,2863396800.0,1.0,1506.5,1539.0,1505.0,1535.0,1874900.0
2023-09-01,30860,1536.0,1568.5,1526.5,1568.5,0,0,1227200.0,1911627900.0,1.0,1536.0,1568.5,1526.5,1568.5,1227200.0
2023-09-04,30860,1572.0,1578.5,1560.5,1569.0,0,0,1331900.0,2091313850.0,1.0,1572.0,1578.5,1560.5,1569.0,1331900.0
2023-09-05,30860,1567.0,1580.0,1545.0,1558.0,0,0,891200.0,1386175650.0,1.0,1567.0,1580.0,1545.0,1558.0,891200.0
2023-09-06,30860,1580.0,1592.0,1568.5,1590.5,0,0,1375200.0,2174194500.0,1.0,1580.0,1592.0,1568.5,1590.5,1375200.0
2023-09-07,30860,1585.5,1595.5,1573.5,1589.0,0,0,1238700.0,1966121500.0,1.0,1585.5,1595.5,1573.5,1589.0,1238700.0
2023-09-08,30860,1569.5,1592.5,1568.5,1586.0,0,0,1405200.0,2220140000.0,1.0,1569.5,1592.5,1568.5,1586.0,1405200.0
2023-09-11,30860,1593.0,1609.0,1580.5,1607.0,0,0,1285200.0,2054649000.0,1.0,1593.0,1609.0,1580.5,1607.0,1285200.0
2023-09-12,30860,1600.0,1616.0,1593.5,1601.5,0,0,899900.0,1441987250.0,1.0,1600.0,1616.0,1593.5,1601.5,899900.0
2023-09-13,30860,1612.0,1633.0,1611.0,1622.5,0,0,1610400.0,2613393400.0,1.0,1612.0,1633.0,1611.0,1622.5,1610400.0
2023-09-14,30860,1631.5,1634.0,1608.5,1615.5,0,0,1055500.0,1707436550.0,1.0,1631.5,1634.0,1608.5,1615.5,1055500.0
2023-09-15,30860,1620.0,1628.0,1590.0,1597.0,0,0,1594000.0,2557748750.0,1.0,1620.0,1628.0,1590.0,1597.0,1594000.0
2023-09-19,30860,1577.5,1588.5,1563.5,1584.0,0,0,1722400.0,2715696100.0,1.0,1577.5,1588.5,1563.5,1584.0,1722400.0
2023-09-20,30860,1584.0,1586.0,1558.5,1568.0,0,0,1313400.0,2061245900.0,1.0,1584.0,1586.0,1558.5,1568.0,1313400.0
2023-09-21,30860,1567.5,1572.5,1537.5,1548.5,0,0,1304700.0,2021141750.0,1.0,1567.5,1572.5,1537.5,1548.5,1304700.0
2023-09-22,30860,1538.5,1550.0,1530.5,1541.0,0,0,1236200.0,1906115200.0,1.0,1538.5,1550.0,1530.5,1541.0,1236200.0
2023-09-25,30860,1548.5,1594.5,1539.0,1584.0,0,0,1296800.0,2049225300.0,1.0,1548.5,1594.5,1539.0,1584.0,1296800.0
2023-09-26,30860,1572.0,1573.5,1548.5,1562.0,0,0,1390600.0,2169984750.0,1.0,1572.0,1573.5,1548.5,1562.0,1390600.0
2023-09-27,30860,1557.5,1596.0,1549.5,1586.0,0,0,1864900.0,2940679250.0,1.0,1557.5,1596.0,1549.5,1586.0,1864900.0
2023-09-28,30860,1577.0,1586.0,1536.5,1547.0,0,0,1301600.0,2019027850.0,1.0,1577.0,1586.0,1536.5,1547.0,1301600.0
2023-09-29,30860,1553.5,1576.0,1522.0,1529.0,0,0,1648800.0,2536929250.0,1.0,1553.5,1576.0,1522.0,1529.0,1648800.0
2023-10-02,30860,1540.0,1556.5,1509.0,1509.0,0,0,1406500.0,2150337100.0,1.0,1540.0,1556.5,1509.0,1509.0,1406500.0
2023-10-03,30860,1509.0,1510.0,1477.5,1487.0,0,0,1859100.0,2766682250.0,1.0,1509.0,1510.0,1477.5,1487.0,1859100.0
2023-10-04,30860,1472.0,1482.0,1445.0,1445.0,0,0,2223400.0,3241737550.0,1.0,1472.0,1482.0,1445.0,1445.0,2223400.0
2023-10-05,30860,1452.0,1478.0,1448.0,1473.0,0,0,1650400.0,2421761450.0,1.0,1452.0,1478.0,1448.0,1473.0,1650400.0
2023-10-06,30860,1488.5,1506.0,1480.5,1492.5,0,0,1744900.0,2608279400.0,1.0,1488.5,1506.0,1480.5,1492.5,1744900.0
2023-10-10,30860,1520.0,1544.5,1510.5,1533.5,0,0,2964000.0,4535656100.0,1.0,1520.0,1544.5,1510.5,1533.5,2964000.0
2023-10-11,30860,1581.0,1614.5,1541.0,1541.0,0,0,4405900.0,6902736950.0,1.0,1581.0,1614.5,1541.0,1541.0,4405900.0
2023-10-12,30860,1541.0,1543.0,1484.5,1485.0,0,0,3011500.0,4517064050.0,1.0,1541.0,1543.0,1484.5,1485.0,3011500.0
2023-10-13,30860,1467.0,1469.5,1440.0,1449.5,0,0,2786500.0,4045700700.0,1.0,1467.0,1469.5,1440.0,1449.5,2786500.0
2023-10-16,30860,1426.0,1434.5,1386.5,1396.0,0,0,2822100.0,3956123600.0,1.0,1426.0,1434.5,1386.5,1396.0,2822100.0
2023-10-17,30860,1423.5,1424.0,1394.0,1407.5,0,0,1372900.0,1929564950.0,1.0,1423.5,1424.0,1394.0,1407.5,1372900.0
2023-10-18,30860,1407.0,1412.5,1372.0,1395.0,0,0,1953400.0,2714044800.0,1.0,1407.0,1412.5,1372.0,1395.0,1953400.0
2023-10-19,30860,1376.5,1395.5,1368.5,1386.5,0,0,1969900.0,2720102350.0,1.0,1376.5,1395.5,1368.5,1386.5,1969900.0
2023-10-20,30860,1382.0,1401.0,1377.0,1385.0,0,0,1485700.0,2064534500.0,1.0,1382.0,1401.0,1377.0,1385.0,1485700.0
2023-10-23,30860,1380.0,1388.0,1370.0,1375.0,0,0,1187700.0,1636972500.0,1.0,1380.0,1388.0,1370.0,1375.0,1187700.0
2023-10-24,30860,1376.0,1392.0,1361.0,1383.0,0,0,1380300.0,1902642650.0,1.0,1376.0,1392.0,1361.0,1383.0,1380300.0
2023-10-25,30860,1389.0,1415.5,1383.5,1405.0,0,0,1049500.0,1475380200.0,1.0,1389.0,1415.5,1383.5,1405.0,1049500.0
2023-10-26,30860,1401.0,1415.0,1387.5,1398.0,0,0,1167400.0,1632595350.0,1.0,1401.0,1415.0,1387.5,1398.0,1167400.0
2023-10-27,30860,1396.5,1414.5,1392.5,1414.0,0,0,1174400.0,1652118000.0,1.0,1396.5,1414.5,1392.5,1414.0,1174400.0
2023-10-30,30860,1402.0,1408.5,1383.0,1396.5,0,0,3048500.0,4255097600.0,1.0,1402.0,1408.5,1383.0,1396.5,3048500.0
2023-10-31,30860,1402.0,1434.0,1390.5,1430.5,0,0,1381500.0,1962077450.0,1.0,1402.0,1434.0,1390.5,1430.5,1381500.0
2023-11-01,30860,1436.5,1446.0,1429.0,1440.0,0,0,1197400.0,1723674700.0,1.0,1436.5,1446.0,1429.0,1440.0,1197400.0
2023-11-02,30860,1459.0,1459.0,1408.5,1421.5,0,0,1141900.0,1628460700.0,1.0,1459.0,1459.0,1408.5,1421.5,1141900.0
2023-11-06,30860,1448.0,1469.0,1435.0,1458.0,0,0,1428400.0,2081325900.0,1.0,1448.0,1469.0,1435.0,1458.0,1428400.0
2023-11-07,30860,1463.0,1466.0,1428.0,1428.0,0,0,999900.0,1439713500.0,1.0,1463.0,1466.0,1428.0,1428.0,999900.0
2023-11-08,30860,1432.5,1439.5,1401.5,1416.5,0,0,1041200.0,1478104200.0,1.0,1432.5,1439.5,1401.5,1416.5,1041200.0
2023-11-09,30860,1423.0,1442.0,1417.0,1435.0,0,0,1097000.0,1569032550.0,1.0,1423.0,1442.0,1417.0,1435.0,1097000.0
2023-11-10,30860,1435.0,1450.0,1420.0,1448.5,0,0,980600.0,1412189900.0,1.0,1435.0,1450.0,1420.0,1448.5,980600.0
2023-11-13,30860,1450.0,1453.0,1435.0,1444.5,0,0,1044200.0,1506131750.0,1.0,1450.0,1453.0,1435.0,1444.5,1044200.0
2023-11-14,30860,1444.0,1460.5,1437.0,1448.0,0,0,835500.0,1212018800.0,1.0,1444.0,1460.5,1437.0,1448.0,835500.0
2023-11-15,30860,1448.0,1458.5,1428.5,1456.5,0,0,1176100.0,1703209450.0,1.0,1448.0,1458.5,1428.5,1456.5,1176100.0
2023-11-16,30860,1444.5,1449.5,1409.0,1412.0,0,0,1204900.0,1711572150.0,1.0,1444.5,1449.5,1409.0,1412.0,1204900.0
2023-11-17,30860,1400.0,1429.5,1396.5,1427.5,0,0,686200.0,974553850.0,1.0,1400.0,1429.5,1396.5,1427.5,686200.0
2023-11-20,30860,1425.0,1440.5,1407.5,1410.0,0,0,994200.0,1408202150.0,1.0,1425.0,1440.5,1407.5,1410.0,994200.0
2023-11-21,30860,1410.0,1410.0,1386.5,1398.0,0,0,1090700.0,1525000150.0,1.0,1410.0,1410.0,1386.5,1398.0,1090700.0
2023-11-22,30860,1386.0,1404.0,1381.0,1400.0,0,0,912900.0,1275977750.0,1.0,1386.0,1404.0,1381.0,1400.0,912900.0
2023-11-24,30860,1413.0,1413.0,1381.5,1382.5,0,0,1429400.0,1982728250.0,1.0,1413.0,1413.0,1381.5,1382.5,1429400.0
2023-11-27,30860,1390.0,1400.5,1383.0,1397.0,0,0,1091600.0,1521009250.0,1.0,1390.0,1400.5,1383.0,1397.0,1091600.0
2023-11-28,30860,1406.5,1406.5,1384.5,1388.5,0,0,884300.0,1229179800.0,1.0,1406.5,1406.5,1384.5,1388.5,884300.0
2023-11-29,30860,1381.5,1384.5,1356.0,1362.0,0,0,1429500.0,1952800100.0,1.0,1381.5,1384.5,1356.0,1362.0,1429500.0
2023-11-30,30860,1356.0,1362.5,1339.0,1354.5,0,0,1687800.0,2278955500.0,1.0,1356.0,1362.5,1339.0,1354.5,1687800.0
2023-12-01,30860,1370.0,1378.0,1357.0,1370.0,0,0,1164100.0,1594430550.0,1.0,1370.0,1378.0,1357.0,1370.0,1164100.0
2023-12-04,30860,1360.0,1365.5,1348.0,1362.0,0,0,1064900.0,1446571750.0,1.0,1360.0,1365.5,1348.0,1362.0,1064900.0
2023-12-05,30860,1360.0,1362.0,1348.0,1348.0,0,0,1348800.0,1825398450.0,1.0,1360.0,1362.0,1348.0,1348.0,1348800.0
2023-12-06,30860,1350.0,1369.5,1345.0,1365.5,0,0,1268500.0,1726399300.0,1.0,1350.0,1369.5,1345.0,1365.5,1268500.0
2023-12-07,30860,1352.0,1352.0,1331.0,1331.0,0,0,1363400.0,1823111450.0,1.0,1352.0,1352.0,1331.0,1331.0,1363400.0
2023-12-08,30860,1322.5,1330.5,1304.0,1311.5,0,0,1689600.0,2220842850.0,1.0,1322.5,1330.5,1304.0,1311.5,1689600.0
2023-12-11,30860,1325.0,1330.0,1319.5,1327.0,0,0,976000.0,1293197100.0,1.0,1325.0,1330.0,1319.5,1327.0,976000.0
2023-12-12,30860,1334.5,1337.5,1324.0,1332.5,0,0,1379300.0,1837320800.0,1.0,1334.5,1337.5,1324.0,1332.5,1379300.0
2023-12-13,30860,1332.0,1344.5,1327.5,1333.0,0,0,1080700.0,1443489100.0,1.0,1332.0,1344.5,1327.5,1333.0,1080700.0
2023-12-14,30860,1332.5,1334.0,1297.0,1310.0,0,0,1594200.0,2087962600.0,1.0,1332.5,1334.0,1297.0,1310.0,1594200.0
2023-12-15,30860,1296.0,1298.5,1284.5,1294.0,0,0,1245000.0,1607699800.0,1.0,1296.0,1298.5,1284.5,1294.0,1245000.0
2023-12-18,30860,1285.0,1285.5,1259.0,1284.0,0,0,1345300.0,1716096800.0,1.0,1285.0,1285.5,1259.0,1284.0,1345300.0
2023-12-19,30860,1285.0,1295.0,1273.0,1284.0,0,0,908900.0,1166327100.0,1.0,1285.0,1295.0,1273.0,1284.0,908900.0
2023-12-20,30860,1295.0,1312.0,1288.5,1306.0,0,0,1561600.0,2039260200.0,1.0,1295.0,1312.0,1288.5,1306.0,1561600.0
2023-12-21,30860,1305.5,1310.0,1291.5,1291.5,0,0,1413700.0,1834213950.0,1.0,1305.5,1310.0,1291.5,1291.5,1413700.0
2023-12-22,30860,1296.0,1319.5,1296.0,1313.0,0,0,1518100.0,1991163750.0,1.0,1296.0,1319.5,1296.0,1313.0,1518100.0
2023-12-25,30860,1354.0,1384.0,1337.0,1343.5,0,0,2026200.0,2733737950.0,1.0,1354.0,1384.0,1337.0,1343.5,2026200.0
2023-12-26,30860,1353.0,1359.0,1297.5,1309.5,0,0,3228800.0,4244096800.0,1.0,1353.0,1359.0,1297.5,1309.5,3228800.0
2023-12-27,30860,1257.0,1301.5,1244.0,1278.0,0,0,3928800.0,5029191900.0,1.0,1257.0,1301.5,1244.0,1278.0,3928800.0
2023-12-28,30860,1277.0,1295.0,1277.0,1295.0,0,0,1582200.0,2036068650.0,1.0,1277.0,1295.0,1277.0,1295.0,1582200.0
2023-12-29,30860,1298.0,1299.0,1275.0,1283.0,0,0,1978700.0,2537400100.0,1.0,1298.0,1299.0,1275.0,1283.0,1978700.0
2024-01-04,30860,1279.0,1296.5,1270.5,1295.5,0,0,1489100.0,1915649700.0,1.0,1279.0,1296.5,1270.5,1295.5,1489100.0
2024-01-05,30860,1312.0,1316.5,1294.5,1305.0,0,0,1857400.0,2425803450.0,1.0,1312.0,1316.5,1294.5,1305.0,1857400.0
2024-01-09,30860,1320.0,1335.5,1316.5,1332.0,0,0,1902000.0,2528248650.0,1.0,1320.0,1335.5,1316.5,1332.0,1902000.0
2024-01-10,30860,1332.5,1361.0,1328.0,1353.0,0,0,1821600.0,2457694750.0,1.0,1332.5,1361.0,1328.0,1353.0,1821600.0
2024-01-11,30860,1363.0,1366.0,1344.5,1348.5,0,0,1568900.0,2122361050.0,1.0,1363.0,1366.0,1344.5,1348.5,1568900.0
2024-01-12,30860,1365.0,1367.0,1339.0,1348.5,0,0,1535000.0,2072229450.0,1.0,1365.0,1367.0,1339.0,1348.5,1535000.0
2024-01-15,30860,1355.0,1378.0,1350.0,1373.5,0,0,1597500.0,2188652350.0,1.0,1355.0,1378.0,1350.0,1373.5,1597500.0
2024-01-16,30860,1385.0,1385.0,1357.5,1362.0,0,0,1518900.0,2079880150.0,1.0,1385.0,1385.0,1357.5,1362.0,1518900.0
2024-01-17,30860,1374.0,1412.0,1371.0,1385.5,0,0,2484900.0,3466549600.0,1.0,1374.0,1412.0,1371.0,1385.5,2484900.0
2024-01-18,30860,1389.0,1399.0,1376.0,1382.0,0,0,1635500.0,2261074750.0,1.0,1389.0,1399.0,1376.0,1382.0,1635500.0
2024-01-19,30860,1398.5,1403.5,1376.5,1378.0,0,0,1541800.0,2135104500.0,1.0,1398.5,1403.5,1376.5,1378.0,1541800.0
2024-01-22,30860,1390.0,1393.5,1376.0,1393.5,0,0,1153300.0,1598065700.0,1.0,1390.0,1393.5,1376.0,1393.5,1153300.0
2024-01-23,30860,1400.0,1408.5,1385.0,1388.5,0,0,1285100.0,1793018550.0,1.0,1400.0,1408.5,1385.0,1388.5,1285100.0
2024-01-24,30860,1387.0,1400.0,1365.5,1365.5,0,0,1620800.0,2227332400.0,1.0,1387.0,1400.0,1365.5,1365.5,1620800.0
2024-01-25,30860,1371.0,1384.0,1365.0,1376.5,0,0,1317800.0,1811202100.0,1.0,1371.0,1384.0,1365.0,1376.5,1317800.0
2024-01-26,30860,1375.5,1375.5,1334.5,1338.0,0,0,1775500.0,2394463300.0,1.0,1375.5,1375.5,1334.5,1338.0,1775500.0
2024-01-29,30860,1358.5,1358.5,1343.0,1350.0,0,0,1505800.0,2030396950.0,1.0,1358.5,1358.5,1343.0,1350.0,1505800.0
2024-01-30,30860,1351.0,1367.5,1347.5,1363.0,0,0,1330000.0,1808137800.0,1.0,1351.0,1367.5,1347.5,1363.0,1330000.0
2024-01-31,30860,1370.0,1372.5,1353.5,1372.5,0,0,1055100.0,1438094950.0,1.0,1370.0,1372.5,1353.5,1372.5,1055100.0
2024-02-01,30860,1365.0,1375.5,1352.5,1368.0,0,0,1170900.0,1598288250.0,1.0,1365.0,1375.5,1352.5,1368.0,1170900.0
2024-02-02,30860,1385.0,1459.5,1383.5,1448.0,0,0,3940400.0,5648970650.0,1.0,1385.0,1459.5,1383.5,1448.0,3940400.0
2024-02-05,30860,1476.0,1518.0,1468.0,1491.5,0,0,3210600.0,4799674650.0,1.0,1476.0,1518.0,1468.0,1491.5,3210600.0
2024-02-06,30860,1484.0,1518.0,1481.5,1498.0,0,0,1962300.0,2943390550.0,1.0,1484.0,1518.0,1481.5,1498.0,1962300.0
2024-02-07,30860,1494.0,1518.0,1491.5,1503.5,0,0,1399300.0,2108034500.0,1.0,1494.0,1518.0,1491.5,1503.5,1399300.0
2024-02-08,30860,1503.5,1520.5,1492.0,1495.5,0,0,1669600.0,2507605500.0,1.0,1503.5,1520.5,1492.0,1495.5,1669600.0
2024-02-09,30860,1504.5,1538.5,1496.5,1531.5,0,0,1925600.0,2937398700.0,1.0,1504.5,1538.5,1496.5,1531.5,1925600.0
2024-02-13,30860,1549.0,1549.0,1518.0,1539.0,0,0,2022900.0,3106902750.0,1.0,1549.0,1549.0,1518.0,1539.0,2022900.0
2024-02-14,30860,1535.0,1548.0,1506.0,1518.5,0,0,1375500.0,2100877900.0,1.0,1535.0,1548.0,1506.0,1518.5,1375500.0
2024-02-15,30860,1544.0,1554.0,1514.0,1527.5,0,0,1463300.0,2236298150.0,1.0,1544.0,1554.0,1514.0,1527.5,1463300.0
2024-02-16,30860,1520.0,1548.5,1520.0,1532.0,0,0,1692100.0,2599015350.0,1.0,1520.0,1548.5,1520.0,1532.0,1692100.0
2024-02-19,30860,1546.5,1579.0,1540.5,1577.0,0,0,1572900.0,2459948250.0,1.0,1546.5,1579.0,1540.5,1577.0,1572900.0
2024-02-20,30860,1588.0,1589.0,1557.5,1562.0,0,0,1421200.0,2226497450.0,1.0,1588.0,1589.0,1557.5,1562.0,1421200.0
2024-02-21,30860,1553.5,1557.0,1528.5,1540.0,0,0,1961600.0,3019866750.0,1.0,1553.5,1557.0,1528.5,1540.0,1961600.0
2024-02-22,30860,1532.0,1536.5,1516.0,1524.5,0,0,2032700.0,3098210050.0,1.0,1532.0,1536.5,1516.0,1524.5,2032700.0
2024-02-26,30860,1530.0,1543.0,1516.0,1522.0,0,0,1835100.0,2797441050.0,1.0,1530.0,1543.0,1516.0,1522.0,1835100.0
2024-02-27,30860,1511.5,1527.0,1500.5,1517.5,0,0,2524500.0,3823736250.0,1.0,1511.5,1527.0,1500.5,1517.5,2524500.0
2024-02-28,30860,1500.0,1502.5,1463.0,1478.5,0,0,2018200.0,2990353000.0,1.0,1500.0,1502.5,1463.0,1478.5,2018200.0
2024-02-29,30860,1474.5,1488.0,1457.5,1485.5,0,0,1415400.0,2094435150.0,1.0,1474.5,1488.0,1457.5,1485.5,1415400.0
2024-03-01,30860,1479.0,1503.5,1477.5,1497.5,0,0,1637400.0,2451155300.0,1.0,1479.0,1503.5,1477.5,1497.5,1637400.0
2024-03-04,30860,1505.0,1531.5,1504.0,1516.0,0,0,1900300.0,2883612850.0,1.0,1505.0,1531.5,1504.0,1516.0,1900300.0
2024-03-05,30860,1491.0,1528.0,1484.0,1520.5,0,0,1357700.0,2054250400.0,1.0,1491.0,1528.0,1484.0,1520.5,1357700.0
2024-03-06,30860,1502.0,1514.5,1485.5,1487.5,0,0,2697400.0,4033114550.0,1.0,1502.0,1514.5,1485.5,1487.5,2697400.0
2024-03-07,30860,1484.0,1497.0,1473.0,1488.5,0,0,1872700.0,2781597450.0,1.0,1484.0,1497.0,1473.0,1488.5,1872700.0
2024-03-08,30860,1476.0,1488.5,1461.0,1474.0,0,0,1697500.0,2509462850.0,1.0,1476.0,1488.5,1461.0,1474.0,1697500.0
2024-03-11,30860,1467.0,1471.5,1442.5,1463.5,0,0,1382500.0,2018267500.0,1.0,1467.0,1471.5,1442.5,1463.5,1382500.0
2024-03-12,30860,1460.0,1461.0,1429.0,1449.0,0,0,1439100.0,2079154200.0,1.0,1460.0,1461.0,1429.0,1449.0,1439100.0
2024-03-13,30860,1458.5,1463.0,1431.0,1446.5,0,0,1521300.0,2200048700.0,1.0,1458.5,1463.0,1431.0,1446.5,1521300.0
2024-03-14,30860,1454.5,1495.5,1445.5,1493.0,0,0,1817300.0,2690893300.0,1.0,1454.5,1495.5,1445.5,1493.0,1817300.0
2024-03-15,30860,1496.0,1544.0,1491.5,1536.0,0,0,2599100.0,3976000400.0,1.0,1496.0,1544.0,1491.5,1536.0,2599100.0
2024-03-18,30860,1540.0,1580.5,1533.0,1580.5,0,0,2220400.0,3481234500.0,1.0,1540.0,1580.5,1533.0,1580.5,2220400.0
2024-03-19,30860,1572.5,1613.5,1570.0,1605.5,0,0,1961900.0,3128200350.0,1.0,1572.5,1613.5,1570.0,1605.5,1961900.0
2024-03-21,30860,1628.0,1651.0,1613.5,1635.5,0,0,2906000.0,4741179100.0,1.0,1628.0,1651.0,1613.5,1635.5,2906000.0
2024-03-22,30860,1642.0,1664.0,1634.5,1664.0,0,0,1478100.0,2441573950.0,1.0,1642.0,1664.0,1634.5,1664.0,1478100.0
2024-03-25,30860,1665.5,1686.5,1653.5,1661.0,0,0,1400300.0,2335627050.0,1.0,1665.5,1686.5,1653.5,1661.0,1400300.0
2024-03-26,30860,1661.0,1661.5,1631.0,1638.0,0,0,1329300.0,2183395900.0,1.0,1661.0,1661.5,1631.0,1638.0,1329300.0
2024-03-27,30860,1675.5,1692.0,1654.0,1672.0,0,0,1604900.0,2686854600.0,1.0,1675.5,1692.0,1654.0,1672.0,1604900.0
2024-03-28,30860,1690.5,1708.0,1671.0,1677.0,0,0,1703900.0,2869311950.0,1.0,1690.5,1708.0,1671.0,1677.0,1703900.0
2024-03-29,30860,1671.5,1704.5,1670.5,1691.0,0,0,1518500.0,2568416450.0,1.0,1671.5,1704.5,1670.5,1691.0,1518500.0
2024-04-01,30860,1700.0,1709.0,1642.0,1646.0,0,0,1202000.0,1994801350.0,1.0,1700.0,1709.0,1642.0,1646.0,1202000.0
2024-04-02,30860,1642.0,1645.5,1601.0,1613.5,0,0,1686200.0,2728707900.0,1.0,1642.0,1645.5,1601.0,1613.5,1686200.0
2024-04-03,30860,1597.5,1614.0,1578.0,1597.5,0,0,2487300.0,3966962850.0,1.0,1597.5,1614.0,1578.0,1597.5,2487300.0
2024-04-04,30860,1601.0,1613.5,1586.0,1597.5,0,0,1709500.0,2733306200.0,1.0,1601.0,1613.5,1586.0,1597.5,1709500.0
2024-04-05,30860,1571.5,1589.5,1557.0,1584.5,0,0,2022600.0,3195836500.0,1.0,1571.5,1589.5,1557.0,1584.5,2022600.0
2024-04-08,30860,1585.0,1611.0,1576.5,1606.5,0,0,1465700.0,2344483850.0,1.0,1585.0,1611.0,1576.5,1606.5,1465700.0
2024-04-09,30860,1600.0,1608.5,1584.0,1591.5,0,0,1602400.0,2550123300.0,1.0,1600.0,1608.5,1584.0,1591.5,1602400.0
2024-04-10,30860,1592.0,1622.5,1588.5,1609.0,0,0,1441800.0,2318610150.0,1.0,1592.0,1622.5,1588.5,1609.0,1441800.0
2024-04-11,30860,1585.0,1619.5,1574.0,1610.5,0,0,1719100.0,2756297850.0,1.0,1585.0,1619.5,1574.0,1610.5,1719100.0
2024-04-12,30860,1608.0,1627.5,1596.5,1617.5,0,0,1407100.0,2272658800.0,1.0,1608.0,1627.5,1596.5,1617.5,1407100.0
2024-04-15,30860,1634.0,1665.0,1582.0,1655.5,0,0,4057700.0,6625440650.0,1.0,1634.0,1665.0,1582.0,1655.5,4057700.0
2024-04-16,30860,1580.0,1603.0,1503.5,1504.0,0,0,5690000.0,8804248500.0,1.0,1580.0,1603.0,1503.5,1504.0,5690000.0
2024-04-17,30860,1495.0,1500.0,1443.5,1462.0,0,0,3252400.0,4763529550.0,1.0,1495.0,1500.0,1443.5,1462.0,3252400.0
2024-04-18,30860,1480.0,1514.5,1476.5,1504.0,0,0,2488200.0,3734932200.0,1.0,1480.0,1514.5,1476.5,1504.0,2488200.0
2024-04-19,30860,1512.0,1524.0,1480.5,1485.0,0,0,2373100.0,3548642100.0,1.0,1512.0,1524.0,1480.5,1485.0,2373100.0
2024-04-22,30860,1500.0,1523.0,1497.0,1512.5,0,0,1814500.0,2746934800.0,1.0,1500.0,1523.0,1497.0,1512.5,1814500.0
2024-04-23,30860,1510.0,1521.5,1479.5,1483.5,0,0,1642700.0,2460027650.0,1.0,1510.0,1521.5,1479.5,1483.5,1642700.0
2024-04-24,30860,1482.5,1482.5,1454.0,1464.0,0,0,2156200.0,3155816750.0,1.0,1482.5,1482.5,1454.0,1464.0,2156200.0
2024-04-25,30860,1439.5,1442.0,1386.0,1394.0,0,0,3156100.0,4431783000.0,1.0,1439.5,1442.0,1386.0,1394.0,3156100.0
2024-04-26,30860,1380.0,1402.5,1368.5,1400.0,0,0,2319700.0,3219409100.0,1.0,1380.0,1402.5,1368.5,1400.0,2319700.0
2024-04-30,30860,1404.5,1404.5,1364.5,1376.5,0,0,3220900.0,4439940050.0,1.0,1404.5,1404.5,1364.5,1376.5,3220900.0
2024-05-01,30860,1346.5,1380.0,1342.0,1372.0,0,0,3115600.0,4260208050.0,1.0,1346.5,1380.0,1342.0,1372.0,3115600.0
2024-05-02,30860,1371.5,1433.0,1370.0,1422.5,0,0,3500800.0,4947486000.0,1.0,1371.5,1433.0,1370.0,1422.5,3500800.0
2024-05-07,30860,1417.5,1462.5,1417.0,1452.5,0,0,2361000.0,3416996450.0,1.0,1417.5,1462.5,1417.0,1452.5,2361000.0
2024-05-08,30860,1445.0,1452.0,1426.0,1429.0,0,0,1466500.0,2101709500.0,1.0,1445.0,1452.0,1426.0,1429.0,1466500.0
2024-05-09,30860,1444.0,1459.0,1423.0,1427.0,0,0,1675500.0,2406999950.0,1.0,1444.0,1459.0,1423.0,1427.0,1675500.0
2024-05-10,30860,1456.0,1456.0,1435.0,1450.5,0,0,1239600.0,1791804150.0,1.0,1456.0,1456.0,1435.0,1450.5,1239600.0
2024-05-13,30860,1430.0,1434.5,1409.0,1428.5,0,0,1539400.0,2193610850.0,1.0,1430.0,1434.5,1409.0,1428.5,1539400.0
2024-05-14,30860,1428.5,1431.5,1409.5,1431.0,0,0,1356700.0,1932044700.0,1.0,1428.5,1431.5,1409.5,1431.0,1356700.0
2024-05-15,30860,1446.0,1457.5,1429.0,1429.5,0,0,1909100.0,2752647050.0,1.0,1446.0,1457.5,1429.0,1429.5,1909100.0
2024-05-16,30860,1410.0,1429.5,1400.0,1425.0,0,0,1248700.0,1772860800.0,1.0,1410.0,1429.5,1400.0,1425.0,1248700.0
2024-05-17,30860,1405.0,1436.0,1400.5,1436.0,0,0,1391400.0,1984693050.0,1.0,1405.0,1436.0,1400.5,1436.0,1391400.0
2024-05-20,30860,1435.5,1461.0,1433.0,1456.5,0,0,1044900.0,1517928700.0,1.0,1435.5,1461.0,1433.0,1456.5,1044900.0
2024-05-21,30860,1465.0,1485.0,1461.5,1473.5,0,0,1555900.0,2297931700.0,1.0,1465.0,1485.0,1461.5,1473.5,1555900.0
2024-05-22,30860,1474.0,1497.5,1469.5,1486.5,0,0,1561900.0,2321824300.0,1.0,1474.0,1497.5,1469.5,1486.5,1561900.0
2024-05-23,30860,1496.0,1501.5,1477.0,1490.5,0,0,1403100.0,2091003300.0,1.0,1496.0,1501.5,1477.0,1490.5,1403100.0
2024-05-24,30860,1478.0,1490.0,1470.0,1477.5,0,0,1289300.0,1908639450.0,1.0,1478.0,1490.0,1470.0,1477.5,1289300.0
2024-05-27,30860,1477.5,1486.0,1461.5,1484.5,0,0,1213000.0,1795706050.0,1.0,1477.5,1486.0,1461.5,1484.5,1213000.0
2024-05-28,30860,1473.0,1483.0,1451.0,1456.0,0,0,1279900.0,1873448350.0,1.0,1473.0,1483.0,1451.0,1456.0,1279900.0
2024-05-29,30860,1460.0,1495.0,1457.0,1473.0,0,0,1535800.0,2267471450.0,1.0,1460.0,1495.0,1457.0,1473.0,1535800.0
2024-05-30,30860,1470.0,1506.0,1461.5,1498.5,0,0,1780000.0,2651106000.0,1.0,1470.0,1506.0,1461.5,1498.5,1780000.0
2024-05-31,30860,1504.0,1530.0,1502.5,1524.0,0,0,1542000.0,2343781700.0,1.0,1504.0,1530.0,1502.5,1524.0,1542000.0
2024-06-03,30860,1546.0,1564.5,1534.0,1551.0,0,0,1625300.0,2519937650.0,1.0,1546.0,1564.5,1534.0,1551.0,1625300.0
2024-06-04,30860,1560.0,1610.0,1558.0,1600.5,0,0,2709700.0,4320272350.0,1.0,1560.0,1610.0,1558.0,1600.5,2709700.0
2024-06-05,30860,1595.5,1599.0,1555.0,1562.5,0,0,1920400.0,3017367250.0,1.0,1595.5,1599.0,1555.0,1562.5,1920400.0
2024-06-06,30860,1558.0,1583.5,1550.0,1583.5,0,0,1502100.0,2367268900.0,1.0,1558.0,1583.5,1550.0,1583.5,1502100.0
2024-06-07,30860,1623.5,1673.0,1618.5,1639.5,0,0,2427100.0,4005898950.0,1.0,1623.5,1673.0,1618.5,1639.5,2427100.0
2024-06-10,30860,1645.0,1669.0,1645.0,1664.0,0,0,1411700.0,2340689650.0,1.0,1645.0,1669.0,1645.0,1664.0,1411700.0
2024-06-11,30860,1664.5,1714.5,1662.5,1690.0,0,0,1807300.0,3062008650.0,1.0,1664.5,1714.5,1662.5,1690.0,1807300.0
2024-06-12,30860,1681.5,1702.0,1661.0,1663.0,0,0,1281300.0,2140768200.0,1.0,1681.5,1702.0,1661.0,1663.0,1281300.0
2024-06-13,30860,1680.0,1694.0,1652.0,1670.5,0,0,1844200.0,3085652000.0,1.0,1680.0,1694.0,1652.0,1670.5,1844200.0
2024-06-14,30860,1668.0,1698.0,1656.5,1688.0,0,0,2011100.0,3377064600.0,1.0,1668.0,1698.0,1656.5,1688.0,2011100.0
2024-06-17,30860,1688.0,1688.0,1623.5,1640.5,0,0,1996600.0,3276739000.0,1.0,1688.0,1688.0,1623.5,1640.5,1996600.0
2024-06-18,30860,1669.0,1679.0,1635.5,1650.0,0,0,1471700.0,2425439950.0,1.0,1669.0,1679.0,1635.5,1650.0,1471700.0
2024-06-19,30860,1643.0,1645.0,1610.5,1620.0,0,0,1104000.0,1793752250.0,1.0,1643.0,1645.0,1610.5,1620.0,1104000.0
2024-06-20,30860,1613.0,1614.5,1587.5,1601.0,0,0,1020700.0,1632208050.0,1.0,1613.0,1614.5,1587.5,1601.0,1020700.0
2024-06-21,30860,1601.0,1615.5,1591.0,1603.5,0,0,1820300.0,2918137050.0,1.0,1601.0,1615.5,1591.0,1603.5,1820300.0
2024-06-24,30860,1603.5,1618.5,1591.5,1601.5,0,0,1528500.0,2450726100.0,1.0,1603.5,1618.5,1591.5,1601.5,1528500.0
2024-06-25,30860,1629.5,1646.0,1618.0,1641.0,0,0,1069300.0,1748860100.0,1.0,1629.5,1646.0,1618.0,1641.0,1069300.0
2024-06-26,30860,1641.5,1673.0,1640.5,1656.0,0,0,1463700.0,2424378150.0,1.0,1641.5,1673.0,1640.5,1656.0,1463700.0
2024-06-27,30860,1645.0,1671.0,1639.0,1667.5,0,0,1242000.0,2061656800.0,1.0,1645.0,1671.0,1639.0,1667.5,1242000.0
2024-06-28,30860,1676.5,1680.5,1660.5,1677.5,0,0,2110800.0,3529734000.0,1.0,1676.5,1680.5,1660.5,1677.5,2110800.0
2024-07-01,30860,1837.5,1924.5,1825.5,1924.5,0,0,7730900.0,14557668650.0,1.0,1837.5,1924.5,1825.5,1924.5,7730900.0
2024-07-02,30860,1950.0,2008.5,1881.0,1903.0,0,0,4601500.0,8860676950.0,1.0,1950.0,2008.5,1881.0,1903.0,4601500.0
2024-07-03,30860,1897.0,1921.0,1885.0,1914.5,0,0,1777500.0,3388289600.0,1.0,1897.0,1921.0,1885.0,1914.5,1777500.0
2024-07-04,30860,1925.0,1949.0,1911.5,1936.5,0,0,1454600.0,2808450300.0,1.0,1925.0,1949.0,1911.5,1936.5,1454600.0
2024-07-05,30860,1919.5,1977.0,1918.5,1962.0,0,0,1919600.0,3756552550.0,1.0,1919.5,1977.0,1918.5,1962.0,1919600.0
2024-07-08,30860,1947.5,1976.5,1941.0,1949.5,0,0,1186600.0,2321975750.0,1.0,1947.5,1976.5,1941.0,1949.5,1186600.0
2024-07-09,30860,1966.0,1984.0,1954.5,1958.0,0,0,1424300.0,2800459750.0,1.0,1966.0,1984.0,1954.5,1958.0,1424300.0
2024-07-10,30860,1958.0,2008.0,1955.0,1994.0,0,0,2508600.0,4996013250.0,1.0,1958.0,2008.0,1955.0,1994.0,2508600.0
2024-07-11,30860,1996.0,2039.5,1996.0,2012.5,0,0,1933100.0,3891602750.0,1.0,1996.0,2039.5,1996.0,2012.5,1933100.0
2024-07-12,30860,1992.5,1995.5,1961.5,1961.5,0,0,2109300.0,4165682950.0,1.0,1992.5,1995.5,1961.5,1961.5,2109300.0
2024-07-16,30860,1982.0,2002.5,1971.5,1979.0,0,0,1326000.0,2634027700.0,1.0,1982.0,2002.5,1971.5,1979.0,1326000.0
2024-07-17,30860,1996.0,2019.5,1978.5,2019.0,0,0,1772600.0,3549860200.0,1.0,1996.0,2019.5,1978.5,2019.0,1772600.0
2024-07-18,30860,1990.0,1994.0,1928.5,1934.5,0,0,2398200.0,4682392050.0,1.0,1990.0,1994.0,1928.5,1934.5,2398200.0
2024-07-19,30860,1920.0,1955.0,1905.0,1955.0,0,0,1759300.0,3418172650.0,1.0,1920.0,1955.0,1905.0,1955.0,1759300.0
2024-07-22,30860,1975.0,1983.5,1961.5,1965.0,0,0,1281400.0,2526137800.0,1.0,1975.0,1983.5,1961.5,1965.0,1281400.0
2024-07-23,30860,1960.0,1978.5,1937.5,1944.5,0,0,836500.0,1631047850.0,1.0,1960.0,1978.5,1937.5,1944.5,836500.0
2024-07-24,30860,1940.0,1946.0,1892.0,1900.0,0,0,1395600.0,2664118800.0,1.0,1940.0,1946.0,1892.0,1900.0,1395600.0
2024-07-25,30860,1862.0,1865.0,1788.0,1799.0,0,0,2276000.0,4125871400.0,1.0,1862.0,1865.0,1788.0,1799.0,2276000.0
2024-07-26,30860,1807.5,1823.0,1795.0,1798.0,0,0,1219100.0,2203352600.0,1.0,1807.5,1823.0,1795.0,1798.0,1219100.0
2024-07-29,30860,1825.0,1849.5,1817.0,1833.0,0,0,1336500.0,2453564750.0,1.0,1825.0,1849.5,1817.0,1833.0,1336500.0
2024-07-30,30860,1840.0,1840.0,1798.5,1819.5,0,0,1120300.0,2035470650.0,1.0,1840.0,1840.0,1798.5,1819.5,1120300.0
2024-07-31,30860,1804.5,1828.0,1788.0,1828.0,0,0,1304400.0,2358930150.0,1.0,1804.5,1828.0,1788.0,1828.0,1304400.0
2024-08-01,30860,1774.5,1782.0,1645.0,1673.0,0,0,2894800.0,4885273250.0,1.0,1774.5,1782.0,1645.0,1673.0,2894800.0
2024-08-02,30860,1613.5,1624.0,1513.5,1520.0,0,0,3336900.0,5190230350.0,1.0,1613.5,1624.0,1513.5,1520.0,3336900.0
2024-08-05,30860,1430.5,1433.5,1226.0,1270.5,0,0,4509800.0,6059452100.0,1.0,1430.5,1433.5,1226.0,1270.5,4509800.0
2024-08-06,30860,1444.0,1461.5,1384.5,1444.5,0,0,3107400.0,4463829600.0,1.0,1444.0,1461.5,1384.5,1444.5,3107400.0
2024-08-07,30860,1379.5,1528.0,1361.0,1456.5,0,0,3204600.0,4686677350.0,1.0,1379.5,1528.0,1361.0,1456.5,3204600.0
2024-08-08,30860,1426.5,1453.5,1402.0,1417.0,0,0,1841000.0,2623245900.0,1.0,1426.5,1453.5,1402.0,1417.0,1841000.0
2024-08-09,30860,1447.0,1457.5,1389.0,1404.5,0,0,2243500.0,3196992700.0,1.0,1447.0,1457.5,1389.0,1404.5,2243500.0
2024-08-13,30860,1434.5,1461.0,1422.0,1433.5,0,0,1357900.0,1952693250.0,1.0,1434.5,1461.0,1422.0,1433.5,1357900.0
2024-08-14,30860,1420.0,1471.5,1414.5,1457.0,0,0,1685500.0,2444469100.0,1.0,1420.0,1471.5,1414.5,1457.0,1685500.0
2024-08-15,30860,1471.0,1519.0,1469.5,1488.0,0,0,1705400.0,2551922900.0,1.0,1471.0,1519.0,1469.5,1488.0,1705400.0
2024-08-16,30860,1598.0,1598.0,1520.5,1538.5,0,0,2199500.0,3399645800.0,1.0,1598.0,1598.0,1520.5,1538.5,2199500.0
2024-08-19,30860,1538.5,1541.5,1476.5,1482.5,0,0,1821300.0,2729781900.0,1.0,1538.5,1541.5,1476.5,1482.5,1821300.0
2024-08-20,30860,1497.5,1537.5,1493.0,1527.5,0,0,1588200.0,2418883050.0,1.0,1497.5,1537.5,1493.0,1527.5,1588200.0
2024-08-21,30860,1502.0,1520.5,1483.0,1506.5,0,0,1856300.0,2778603850.0,1.0,1502.0,1520.5,1483.0,1506.5,1856300.0
2024-08-22,30860,1510.0,1510.0,1472.0,1486.5,0,0,1625200.0,2413047050.0,1.0,1510.0,1510.0,1472.0,1486.5,1625200.0
2024-08-23,30860,1485.0,1504.0,1472.5,1496.5,0,0,1085000.0,1618199250.0,1.0,1485.0,1504.0,1472.5,1496.5,1085000.0
2024-08-26,30860,1468.0,1482.0,1448.0,1470.0,0,0,1887200.0,2762525300.0,1.0,1468.0,1482.0,1448.0,1470.0,1887200.0
2024-08-27,30860,1465.5,1473.0,1446.0,1473.0,0,0,1352400.0,1979810850.0,1.0,1465.5,1473.0,1446.0,1473.0,1352400.0
2024-08-28,30860,1457.5,1463.0,1442.0,1458.0,0,0,2803400.0,4073736850.0,1.0,1457.5,1463.0,1442.0,1458.0,2803400.0
2024-08-29,30860,1421.0,1435.5,1411.0,1425.0,0,0,1619800.0,2305620800.0,1.0,1421.0,1435.5,1411.0,1425.0,1619800.0
2024-08-30,30860,1427.0,1436.0,1423.0,1430.5,0,0,1626100.0,2325260600.0,1.0,1427.0,1436.0,1423.0,1430.5,1626100.0
2024-09-02,30860,1454.0,1469.5,1438.5,1451.5,0,0,1460100.0,2123321050.0,1.0,1454.0,1469.5,1438.5,1451.5,1460100.0
2024-09-03,30860,1448.5,1456.5,1432.0,1450.5,0,0,1448800.0,2095427250.0,1.0,1448.5,1456.5,1432.0,1450.5,1448800.0
2024-09-04,30860,1405.0,1415.0,1388.5,1400.0,0,0,1773600.0,2486231200.0,1.0,1405.0,1415.0,1388.5,1400.0,1773600.0
2024-09-05,30860,1387.0,1441.5,1385.0,1422.5,0,0,2142100.0,3046824750.0,1.0,1387.0,1441.5,1385.0,1422.5,2142100.0
2024-09-06,30860,1439.5,1466.0,1430.5,1462.0,0,0,2537000.0,3690353750.0,1.0,1439.5,1466.0,1430.5,1462.0,2537000.0
2024-09-09,30860,1432.0,1478.5,1419.0,1475.0,0,0,2252500.0,3274668350.0,1.0,1432.0,1478.5,1419.0,1475.0,2252500.0
2024-09-10,30860,1475.0,1486.5,1456.5,1462.0,0,0,1754500.0,2579807500.0,1.0,1475.0,1486.5,1456.5,1462.0,1754500.0
2024-09-11,30860,1469.5,1474.0,1425.5,1443.0,0,0,1407900.0,2042010300.0,1.0,1469.5,1474.0,1425.5,1443.0,1407900.0
2024-09-12,30860,1473.0,1474.0,1438.5,1460.0,0,0,1112400.0,1619536400.0,1.0,1473.0,1474.0,1438.5,1460.0,1112400.0
2024-09-13,30860,1457.5,1496.5,1447.5,1486.5,0,0,1725600.0,2552045250.0,1.0,1457.5,1496.5,1447.5,1486.5,1725600.0
2024-09-17,30860,1498.0,1508.5,1456.0,1475.5,0,0,1657400.0,2444973100.0,1.0,1498.0,1508.5,1456.0,1475.5,1657400.0
2024-09-18,30860,1484.0,1486.5,1426.0,1446.0,0,0,1750600.0,2534192000.0,1.0,1484.0,1486.5,1426.0,1446.0,1750600.0
2024-09-19,30860,1473.0,1478.5,1458.0,1463.0,0,0,1268600.0,1863140150.0,1.0,1473.0,1478.5,1458.0,1463.0,1268600.0
2024-09-20,30860,1490.0,1490.0,1458.5,1474.0,0,0,2900500.0,4272359350.0,1.0,1490.0,1490.0,1458.5,1474.0,2900500.0
2024-09-24,30860,1504.0,1540.5,1498.0,1516.5,0,0,2128900.0,3240101650.0,1.0,1504.0,1540.5,1498.0,1516.5,2128900.0
2024-09-25,30860,1596.5,1596.5,1502.5,1534.5,0,0,4507100.0,6933626400.0,1.0,1596.5,1596.5,1502.5,1534.5,4507100.0
2024-09-26,30860,1550.5,1600.5,1546.5,1600.5,0,0,2583100.0,4073656200.0,1.0,1550.5,1600.5,1546.5,1600.5,2583100.0
2024-09-27,30860,1626.0,1673.5,1615.0,1672.5,0,0,2553900.0,4204646000.0,1.0,1626.0,1673.5,1615.0,1672.5,2553900.0
2024-09-30,30860,1552.5,1563.0,1505.0,1546.5,0,0,4056800.0,6236847550.0,1.0,1552.5,1563.0,1505.0,1546.5,4056800.0
2024-10-01,30860,1565.0,1593.5,1556.0,1589.5,0,0,1860600.0,2946203900.0,1.0,1565.0,1593.5,1556.0,1589.5,1860600.0
2024-10-02,30860,1565.0,1589.5,1538.0,1550.0,0,0,1815400.0,2829688950.0,1.0,1565.0,1589.5,1538.0,1550.0,1815400.0
2024-10-03,30860,1605.0,1611.5,1576.5,1581.5,0,0,1855800.0,2947495000.0,1.0,1605.0,1611.5,1576.5,1581.5,1855800.0
2024-10-04,30860,1576.0,1589.5,1565.5,1588.5,0,0,1399700.0,2214151150.0,1.0,1576.0,1589.5,1565.5,1588.5,1399700.0
2024-10-07,30860,1640.0,1663.5,1632.0,1661.0,0,0,2408500.0,3986838850.0,1.0,1640.0,1663.5,1632.0,1661.0,2408500.0
2024-10-08,30860,1648.5,1653.0,1594.0,1607.0,0,0,2941400.0,4743370600.0,1.0,1648.5,1653.0,1594.0,1607.0,2941400.0
2024-10-09,30860,1653.0,1661.5,1575.0,1588.0,0,0,4559600.0,7294266400.0,1.0,1653.0,1661.5,1575.0,1588.0,4559600.0
2024-10-10,30860,1606.5,1637.0,1599.5,1606.5,0,0,2867800.0,4628566050.0,1.0,1606.5,1637.0,1599.5,1606.5,2867800.0
2024-10-11,30860,1606.5,1628.0,1590.5,1625.5,0,0,1682900.0,2718300400.0,1.0,1606.5,1628.0,1590.5,1625.5,1682900.0
2024-10-15,30860,1659.5,1688.0,1639.0,1668.5,0,0,2547900.0,4244828250.0,1.0,1659.5,1688.0,1639.0,1668.5,2547900.0
2024-10-16,30860,1635.0,1636.5,1591.5,1601.0,0,0,2917200.0,4692703450.0,1.0,1635.0,1636.5,1591.5,1601.0,2917200.0
2024-10-17,30860,1608.5,1635.5,1599.0,1605.5,0,0,1782500.0,2871674150.0,1.0,1608.5,1635.5,1599.0,1605.5,1782500.0
2024-10-18,30860,1604.0,1638.5,1602.5,1618.0,0,0,1845600.0,2995383850.0,1.0,1604.0,1638.5,1602.5,1618.0,1845600.0
2024-10-21,30860,1614.0,1616.5,1569.0,1573.5,0,0,1696000.0,2682936400.0,1.0,1614.0,1616.5,1569.0,1573.5,1696000.0
2024-10-22,30860,1574.0,1588.0,1548.0,1566.5,0,0,1418700.0,2223266200.0,1.0,1574.0,1588.0,1548.0,1566.5,1418700.0
2024-10-23,30860,1558.5,1572.0,1548.5,1563.0,0,0,1304100.0,2035625350.0,1.0,1558.5,1572.0,1548.5,1563.0,1304100.0
2024-10-24,30860,1542.0,1572.0,1531.5,1567.5,0,0,1257200.0,1963198000.0,1.0,1542.0,1572.0,1531.5,1567.5,1257200.0
2024-10-25,30860,1562.0,1574.0,1546.5,1551.5,0,0,975200.0,1515283250.0,1.0,1562.0,1574.0,1546.5,1551.5,975200.0
2024-10-28,30860,1551.5,1614.0,1549.5,1605.0,0,0,1775700.0,2835927550.0,1.0,1551.5,1614.0,1549.5,1605.0,1775700.0
2024-10-29,30860,1614.5,1650.5,1603.0,1641.5,0,0,1583700.0,2586848750.0,1.0,1614.5,1650.5,1603.0,1641.5,1583700.0
2024-10-30,30860,1650.0,1651.0,1627.0,1634.0,0,0,1578800.0,2586682200.0,1.0,1650.0,1651.0,1627.0,1634.0,1578800.0
2024-10-31,30860,1628.0,1651.5,1625.0,1645.5,0,0,1252400.0,2055119650.0,1.0,1628.0,1651.5,1625.0,1645.5,1252400.0
2024-11-01,30860,1619.5,1645.5,1611.5,1618.5,0,0,1449500.0,2352520300.0,1.0,1619.5,1645.5,1611.5,1618.5,1449500.0
2024-11-05,30860,1630.0,1655.0,1624.5,1624.5,0,0,1089000.0,1779223200.0,1.0,1630.0,1655.0,1624.5,1624.5,1089000.0
2024-11-06,30860,1656.5,1708.5,1655.5,1701.5,0,0,2479900.0,4194125550.0,1.0,1656.5,1708.5,1655.5,1701.5,2479900.0
2024-11-07,30860,1741.5,1755.0,1707.0,1724.0,0,0,2229300.0,3845802400.0,1.0,1741.5,1755.0,1707.0,1724.0,2229300.0
2024-11-08,30860,1742.5,1744.0,1689.5,1703.0,0,0,1749800.0,3001186150.0,1.0,1742.5,1744.0,1689.5,1703.0,1749800.0
2024-11-11,30860,1713.5,1727.5,1686.0,1702.0,0,0,1219500.0,2074745050.0,1.0,1713.5,1727.5,1686.0,1702.0,1219500.0
2024-11-12,30860,1713.5,1728.5,1699.5,1727.0,0,0,1568000.0,2692927950.0,1.0,1713.5,1728.5,1699.5,1727.0,1568000.0
2024-11-13,30860,1735.0,1753.0,1712.0,1714.5,0,0,1989300.0,3436709000.0,1.0,1735.0,1753.0,1712.0,1714.5,1989300.0
2024-11-14,30860,1710.5,1711.0,1645.0,1648.5,0,0,1885100.0,3142286100.0,1.0,1710.5,1711.0,1645.0,1648.5,1885100.0
2024-11-15,30860,1685.0,1688.0,1666.0,1679.0,0,0,1475300.0,2473896750.0,1.0,1685.0,1688.0,1666.0,1679.0,1475300.0
2024-11-18,30860,1680.0,1729.0,1670.5,1709.0,0,0,1408200.0,2403646250.0,1.0,1680.0,1729.0,1670.5,1709.0,1408200.0
2024-11-19,30860,1720.5,1754.5,1714.5,1734.0,0,0,1819000.0,3158769250.0,1.0,1720.5,1754.5,1714.5,1734.0,1819000.0
2024-11-20,30860,1743.0,1746.5,1704.0,1710.5,0,0,1189900.0,2041340850.0,1.0,1743.0,1746.5,1704.0,1710.5,1189900.0
2024-11-21,30860,1720.0,1735.0,1701.5,1706.5,0,0,1379400.0,2364667600.0,1.0,1720.0,1735.0,1701.5,1706.5,1379400.0
2024-11-22,30860,1707.5,1724.0,1699.0,1719.0,0,0,1434400.0,2461102900.0,1.0,1707.5,1724.0,1699.0,1719.0,1434400.0
2024-11-25,30860,1740.0,1760.5,1735.5,1755.5,0,0,2101700.0,3683647850.0,1.0,1740.0,1760.5,1735.5,1755.5,2101700.0
2024-11-26,30860,1755.5,1758.0,1725.0,1749.0,0,0,1375100.0,2399563400.0,1.0,1755.5,1758.0,1725.0,1749.0,1375100.0
2024-11-27,30860,1744.0,1762.5,1735.0,1750.5,0,0,1775000.0,3102360050.0,1.0,1744.0,1762.5,1735.0,1750.5,1775000.0
2024-11-28,30860,1750.0,1782.0,1745.0,1774.5,0,0,1208100.0,2132374800.0,1.0,1750.0,1782.0,1745.0,1774.5,1208100.0
2024-11-29,30860,1774.5,1792.5,1766.5,1779.5,0,0,1527900.0,2718864150.0,1.0,1774.5,1792.5,1766.5,1779.5,1527900.0
2024-12-02,30860,1777.5,1810.5,1777.5,1803.0,0,0,1389000.0,2499821300.0,1.0,1777.5,1810.5,1777.5,1803.0,1389000.0
2024-12-03,30860,1800.0,1830.0,1799.5,1827.0,0,0,1559800.0,2839443700.0,1.0,1800.0,1830.0,1799.5,1827.0,1559800.0
2024-12-04,30860,1827.0,1887.5,1825.0,1872.0,0,0,1744800.0,3245447650.0,1.0,1827.0,1887.5,1825.0,1872.0,1744800.0
2024-12-05,30860,1887.0,1907.0,1872.0,1877.5,0,0,3076200.0,5803458500.0,1.0,1887.0,1907.0,1872.0,1877.5,3076200.0
2024-12-06,30860,1890.0,1926.0,1884.5,1888.0,0,0,1707100.0,3239722700.0,1.0,1890.0,1926.0,1884.5,1888.0,1707100.0
2024-12-09,30860,1900.0,1903.0,1877.5,1888.0,0,0,1810600.0,3421757750.0,1.0,1900.0,1903.0,1877.5,1888.0,1810600.0
2024-12-10,30860,1897.0,1902.0,1878.5,1893.5,0,0,1181700.0,2235713200.0,1.0,1897.0,1902.0,1878.5,1893.5,1181700.0
2024-12-11,30860,1906.0,1934.5,1900.0,1922.5,0,0,1717100.0,3302601750.0,1.0,1906.0,1934.5,1900.0,1922.5,1717100.0
2024-12-12,30860,1940.0,1943.5,1917.5,1923.0,0,0,1398400.0,2695965350.0,1.0,1940.0,1943.5,1917.5,1923.0,1398400.0
2024-12-13,30860,1898.0,1922.5,1880.5,1896.0,0,0,1753400.0,3330699500.0,1.0,1898.0,1922.5,1880.5,1896.0,1753400.0
2024-12-16,30860,1920.0,1921.0,1901.5,1913.5,0,0,980500.0,1875774650.0,1.0,1920.0,1921.0,1901.5,1913.5,980500.0
2024-12-17,30860,1909.5,1928.5,1909.5,1918.0,0,0,868600.0,1667513800.0,1.0,1909.5,1928.5,1909.5,1918.0,868600.0
2024-12-18,30860,1930.0,1936.0,1908.0,1908.0,0,0,1219200.0,2339483100.0,1.0,1930.0,1936.0,1908.0,1908.0,1219200.0
2024-12-19,30860,1880.5,1938.5,1880.5,1929.5,0,0,1675000.0,3217192800.0,1.0,1880.5,1938.5,1880.5,1929.5,1675000.0
2024-12-20,30860,1950.0,1972.5,1941.5,1953.0,0,0,2318800.0,4535198250.0,1.0,1950.0,1972.5,1941.5,1953.0,2318800.0
2024-12-23,30860,1978.0,1997.5,1975.0,1990.0,0,0,1816400.0,3609863300.0,1.0,1978.0,1997.5,1975.0,1990.0,1816400.0
2024-12-24,30860,1990.0,2003.0,1955.0,1975.0,0,0,2100000.0,4170074900.0,1.0,1990.0,2003.0,1955.0,1975.0,2100000.0
2024-12-25,30860,1994.5,2003.0,1966.5,1994.0,0,0,2819600.0,5592890550.0,1.0,1994.5,2003.0,1966.5,1994.0,2819600.0
2024-12-26,30860,2018.0,2174.0,2010.0,2159.0,0,0,6500100.0,13788917400.0,1.0,2018.0,2174.0,2010.0,2159.0,6500100.0
2024-12-27,30860,2145.0,2168.0,2086.5,2161.0,0,0,3308800.0,7063179250.0,1.0,2145.0,2168.0,2086.5,2161.0,3308800.0
2024-12-30,30860,2160.0,2172.5,2122.5,2127.5,0,0,2100800.0,4496675750.0,1.0,2160.0,2172.5,2122.5,2127.5,2100800.0
2025-01-06,30860,2134.0,2140.0,2064.5,2080.5,0,0,2134800.0,4447530650.0,1.0,2134.0,2140.0,2064.5,2080.5,2134800.0
2025-01-07,30860,2058.0,2117.5,2058.0,2061.5,0,0,2365500.0,4919970200.0,1.0,2058.0,2117.5,2058.0,2061.5,2365500.0
2025-01-08,30860,2050.0,2060.5,2018.0,2018.0,0,0,2345000.0,4759077650.0,1.0,2050.0,2060.5,2018.0,2018.0,2345000.0
2025-01-09,30860,2020.0,2057.5,2018.0,2025.0,0,0,1246700.0,2532884350.0,1.0,2020.0,2057.5,2018.0,2025.0,1246700.0
2025-01-10,30860,2030.5,2045.5,2027.0,2032.5,0,0,1141000.0,2321144550.0,1.0,2030.5,2045.5,2027.0,2032.5,1141000.0
2025-01-14,30860,2040.0,2044.0,1992.0,2023.5,0,0,1767000.0,3565287800.0,1.0,2040.0,2044.0,1992.0,2023.5,1767000.0
2025-01-15,30860,2050.0,2056.0,1977.0,1987.0,0,0,1735400.0,3479885900.0,1.0,2050.0,2056.0,1977.0,1987.0,1735400.0
2025-01-16,30860,2008.0,2014.5,1983.0,1990.0,0,0,1766600.0,3522157400.0,1.0,2008.0,2014.5,1983.0,1990.0,1766600.0
2025-01-17,30860,1976.0,1984.5,1956.5,1976.0,0,0,1973800.0,3890041550.0,1.0,1976.0,1984.5,1956.5,1976.0,1973800.0
2025-01-20,30860,1976.5,1989.0,1960.5,1980.0,0,0,1081700.0,2135298200.0,1.0,1976.5,1989.0,1960.5,1980.0,1081700.0
2025-01-21,30860,2008.5,2015.5,1985.0,2006.5,0,0,1000200.0,2000720750.0,1.0,2008.5,2015.5,1985.0,2006.5,1000200.0
2025-01-22,30860,2013.5,2032.0,2000.0,2000.0,0,0,1245300.0,2505985200.0,1.0,2013.5,2032.0,2000.0,2000.0,1245300.0
2025-01-23,30860,2010.5,2083.5,2008.0,2074.0,0,0,1746400.0,3591898950.0,1.0,2010.5,2083.5,2008.0,2074.0,1746400.0
2025-01-24,30860,2080.5,2086.5,2010.5,2013.0,0,0,2239500.0,4567661050.0,1.0,2080.5,2086.5,2010.5,2013.0,2239500.0
2025-01-27,30860,2050.0,2088.0,2042.0,2079.5,0,0,1838800.0,3811165000.0,1.0,2050.0,2088.0,2042.0,2079.5,1838800.0
2025-01-28,30860,2100.0,2141.5,2092.0,2104.0,0,0,1541300.0,3256649050.0,1.0,2100.0,2141.5,2092.0,2104.0,1541300.0
2025-01-29,30860,2104.0,2154.5,2100.0,2148.0,0,0,1231900.0,2637280000.0,1.0,2104.0,2154.5,2100.0,2148.0,1231900.0
2025-01-30,30860,2151.5,2193.0,2142.0,2180.5,0,0,1605600.0,3497507150.0,1.0,2151.5,2193.0,2142.0,2180.5,1605600.0
2025-01-31,30860,2181.0,2187.5,2166.0,2184.5,0,0,994700.0,2167393550.0,1.0,2181.0,2187.5,2166.0,2184.5,994700.0
2025-02-03,30860,2141.5,2162.0,2128.0,2151.0,0,0,1408200.0,3027135700.0,1.0,2141.5,2162.0,2128.0,2151.0,1408200.0
2025-02-04,30860,2190.0,2212.5,2171.5,2189.0,0,0,1362900.0,2992097650.0,1.0,2190.0,2212.5,2171.5,2189.0,1362900.0
2025-02-05,30860,2193.0,2201.0,2103.5,2111.5,0,0,2118000.0,4520011900.0,1.0,2193.0,2201.0,2103.5,2111.5,2118000.0
2025-02-06,30860,2115.0,2137.0,2090.5,2096.0,0,0,1357800.0,2856317600.0,1.0,2115.0,2137.0,2090.5,2096.0,1357800.0
2025-02-07,30860,2096.0,2111.0,2071.0,2095.5,0,0,886900.0,1858780200.0,1.0,2096.0,2111.0,2071.0,2095.5,886900.0
2025-02-10,30860,2075.0,2097.5,2062.0,2096.5,0,0,842500.0,1755108100.0,1.0,2075.0,2097.5,2062.0,2096.5,842500.0
2025-02-12,30860,2100.5,2104.0,2066.0,2077.5,0,0,938500.0,1952877050.0,1.0,2100.5,2104.0,2066.0,2077.5,938500.0
2025-02-13,30860,2087.0,2092.5,2056.0,2082.0,0,0,1329600.0,2756343650.0,1.0,2087.0,2092.5,2056.0,2082.0,1329600.0
2025-02-14,30860,2068.5,2080.0,2058.5,2077.0,0,0,1121500.0,2324922000.0,1.0,2068.5,2080.0,2058.5,2077.0,1121500.0
2025-02-17,30860,2080.0,2093.0,2052.5,2069.5,0,0,1566900.0,3244931800.0,1.0,2080.0,2093.0,2052.5,2069.5,1566900.0
2025-02-18,30860,2051.0,2055.5,2002.5,2042.5,0,0,1890100.0,3829668800.0,1.0,2051.0,2055.5,2002.5,2042.5,1890100.0
2025-02-19,30860,2037.0,2054.5,2032.0,2044.0,0,0,964300.0,1971124050.0,1.0,2037.0,2054.5,2032.0,2044.0,964300.0
2025-02-20,30860,2025.0,2026.5,1950.0,1961.0,0,0,2106400.0,4163789250.0,1.0,2025.0,2026.5,1950.0,1961.0,2106400.0
2025-02-21,30860,1945.0,1992.0,1940.5,1987.0,0,0,1369100.0,2704473350.0,1.0,1945.0,1992.0,1940.5,1987.0,1369100.0
2025-02-25,30860,1961.5,1965.0,1937.0,1950.5,0,0,1908700.0,3730207050.0,1.0,1961.5,1965.0,1937.0,1950.5,1908700.0
2025-02-26,30860,1941.5,1990.0,1940.0,1989.5,0,0,2601300.0,5104907650.0,1.0,1941.5,1990.0,1940.0,1989.5,2601300.0
2025-02-27,30860,1973.0,2012.0,1952.0,1996.5,0,0,1610800.0,3199679700.0,1.0,1973.0,2012.0,1952.0,1996.5,1610800.0
2025-02-28,30860,1973.5,1989.0,1935.0,1948.0,0,0,1600800.0,3127170650.0,1.0,1973.5,1989.0,1935.0,1948.0,1600800.0
2025-03-03,30860,1975.0,2024.0,1963.5,2010.0,0,0,1354100.0,2714432550.0,1.0,1975.0,2024.0,1963.5,2010.0,1354100.0
2025-03-04,30860,1987.0,1996.0,1916.0,1933.0,0,0,1967900.0,3812204200.0,1.0,1987.0,1996.0,1916.0,1933.0,1967900.0
2025-03-05,30860,1954.5,1958.0,1930.0,1936.5,0,0,1103900.0,2140864550.0,1.0,1954.5,1958.0,1930.0,1936.5,1103900.0
2025-03-06,30860,1970.0,1976.0,1951.0,1962.0,0,0,908200.0,1782055900.0,1.0,1970.0,1976.0,1951.0,1962.0,908200.0
2025-03-07,30860,1930.0,1956.5,1902.0,1912.0,0,0,1368200.0,2633462900.0,1.0,1930.0,1956.5,1902.0,1912.0,1368200.0
2025-03-10,30860,1895.0,1895.0,1868.0,1886.5,0,0,1645400.0,3095347500.0,1.0,1895.0,1895.0,1868.0,1886.5,1645400.0
2025-03-11,30860,1860.0,1903.5,1840.5,1903.5,0,0,1620000.0,3049204850.0,1.0,1860.0,1903.5,1840.5,1903.5,1620000.0
2025-03-12,30860,1893.5,1908.5,1852.0,1860.0,0,0,1919900.0,3582448950.0,1.0,1893.5,1908.5,1852.0,1860.0,1919900.0
2025-03-13,30860,1878.0,1883.0,1849.0,1863.0,0,0,1141300.0,2129251400.0,1.0,1878.0,1883.0,1849.0,1863.0,1141300.0
2025-03-14,30860,1857.0,1912.5,1853.0,1901.5,0,0,1241500.0,2342004300.0,1.0,1857.0,1912.5,1853.0,1901.5,1241500.0
2025-03-17,30860,1883.5,1891.0,1864.0,1864.5,0,0,1652900.0,3092546200.0,1.0,1883.5,1891.0,1864.0,1864.5,1652900.0
2025-03-18,30860,1872.5,1872.5,1841.0,1844.5,0,0,2530100.0,4686942550.0,1.0,1872.5,1872.5,1841.0,1844.5,2530100.0
2025-03-19,30860,1843.0,1893.0,1840.0,1885.0,0,0,1641800.0,3084882900.0,1.0,1843.0,1893.0,1840.0,1885.0,1641800.0
2025-03-21,30860,1885.0,1912.0,1882.0,1884.5,0,0,1867000.0,3534455550.0,1.0,1885.0,1912.0,1882.0,1884.5,1867000.0
2025-03-24,30860,1889.0,1898.0,1880.0,1880.0,0,0,1077900.0,2033775200.0,1.0,1889.0,1898.0,1880.0,1880.0,1077900.0
2025-03-25,30860,1900.0,1914.0,1887.5,1888.0,0,0,1318000.0,2497304050.0,1.0,1900.0,1914.0,1887.5,1888.0,1318000.0
2025-03-26,30860,1893.5,1901.5,1878.0,1893.5,0,0,1336300.0,2527660200.0,1.0,1893.5,1901.5,1878.0,1893.5,1336300.0
2025-03-27,30860,1899.0,1902.5,1872.0,1899.5,0,0,1221200.0,2311986750.0,1.0,1899.0,1902.5,1872.0,1899.5,1221200.0
2025-03-28,30860,1885.0,1905.0,1861.5,1880.5,0,0,1278600.0,2406591600.0,1.0,1885.0,1905.0,1861.5,1880.5,1278600.0
2025-03-31,30860,1840.5,1855.0,1816.0,1841.0,0,0,2332800.0,4299124500.0,1.0,1840.5,1855.0,1816.0,1841.0,2332800.0
2025-04-01,30860,1841.5,1863.5,1811.0,1820.0,0,0,1374300.0,2509435500.0,1.0,1841.5,1863.5,1811.0,1820.0,1374300.0
2025-04-02,30860,1800.5,1807.0,1724.5,1726.5,0,0,3672500.0,6446105800.0,1.0,1800.5,1807.0,1724.5,1726.5,3672500.0
2025-04-03,30860,1666.0,1732.5,1665.0,1723.5,0,0,4313900.0,7383825750.0,1.0,1666.0,1732.5,1665.0,1723.5,4313900.0
2025-04-04,30860,1672.5,1706.5,1646.5,1690.0,0,0,6838500.0,11500084050.0,1.0,1672.5,1706.5,1646.5,1690.0,6838500.0
2025-04-07,30860,1570.0,1676.5,1553.0,1632.0,0,0,6156700.0,10052421800.0,1.0,1570.0,1676.5,1553.0,1632.0,6156700.0
2025-04-08,30860,1676.5,1756.5,1673.0,1708.5,0,0,3341500.0,5726059050.0,1.0,1676.5,1756.5,1673.0,1708.5,3341500.0
2025-04-09,30860,1686.5,1711.0,1650.5,1688.5,0,0,3606600.0,6054599750.0,1.0,1686.5,1711.0,1650.5,1688.5,3606600.0
2025-04-10,30860,1778.0,1782.0,1752.5,1766.5,0,0,1570500.0,2779554400.0,1.0,1778.0,1782.0,1752.5,1766.5,1570500.0
2025-04-11,30860,1726.5,1765.5,1698.0,1759.0,0,0,2540900.0,4409217950.0,1.0,1726.5,1765.5,1698.0,1759.0,2540900.0
2025-04-14,30860,1797.0,1797.0,1748.5,1748.5,0,0,3135900.0,5547636200.0,1.0,1797.0,1797.0,1748.5,1748.5,3135900.0
2025-04-15,30860,1708.5,1780.0,1674.0,1762.0,0,0,5582100.0,9636481600.0,1.0,1708.5,1780.0,1674.0,1762.0,5582100.0
2025-04-16,30860,1750.0,1761.0,1707.5,1738.5,0,0,6415600.0,11123462950.0,1.0,1750.0,1761.0,1707.5,1738.5,6415600.0
2025-04-17,30860,1724.5,1768.5,1704.0,1755.0,0,0,3731400.0,6532900950.0,1.0,1724.5,1768.5,1704.0,1755.0,3731400.0
2025-04-18,30860,1750.0,1754.0,1709.5,1745.5,0,0,2463400.0,4274360250.0,1.0,1750.0,1754.0,1709.5,1745.5,2463400.0
2025-04-21,30860,1739.5,1747.0,1674.0,1677.5,0,0,2041700.0,3442811050.0,1.0,1739.5,1747.0,1674.0,1677.5,2041700.0
2025-04-22,30860,1662.5,1687.5,1657.0,1664.0,0,0,1650500.0,2751574050.0,1.0,1662.5,1687.5,1657.0,1664.0,1650500.0
2025-04-23,30860,1695.0,1717.5,1679.0,1717.5,0,0,1938300.0,3299998750.0,1.0,1695.0,1717.5,1679.0,1717.5,1938300.0
2025-04-24,30860,1734.0,1767.5,1722.0,1757.5,0,0,2627900.0,4609357550.0,1.0,1734.0,1767.5,1722.0,1757.5,2627900.0
2025-04-25,30860,1779.5,1780.0,1748.0,1753.0,0,0,2756100.0,4850319050.0,1.0,1779.5,1780.0,1748.0,1753.0,2756100.0
2025-04-28,30860,1746.5,1757.5,1726.0,1754.0,0,0,1800000.0,3150173750.0,1.0,1746.5,1757.5,1726.0,1754.0,1800000.0
2025-04-30,30860,1750.0,1760.0,1724.0,1750.0,0,0,2420400.0,4221658100.0,1.0,1750.0,1760.0,1724.0,1750.0,2420400.0
2025-05-01,30860,1750.5,1757.5,1712.0,1754.0,0,0,2094900.0,3645482400.0,1.0,1750.5,1757.5,1712.0,1754.0,2094900.0
2025-05-02,30860,1745.0,1751.5,1718.0,1749.0,0,0,1974300.0,3436420650.0,1.0,1745.0,1751.5,1718.0,1749.0,1974300.0
2025-05-07,30860,1739.0,1745.5,1723.5,1742.0,0,0,1885000.0,3269724250.0,1.0,1739.0,1745.5,1723.5,1742.0,1885000.0
2025-05-08,30860,1734.0,1753.5,1724.5,1750.0,0,0,1723800.0,3003746050.0,1.0,1734.0,1753.5,1724.5,1750.0,1723800.0
2025-05-09,30860,1790.0,1795.0,1753.5,1785.5,0,0,1915500.0,3405442200.0,1.0,1790.0,1795.0,1753.5,1785.5,1915500.0
2025-05-12,30860,1802.0,1843.0,1796.5,1815.0,0,0,2581900.0,4690809050.0,1.0,1802.0,1843.0,1796.5,1815.0,2581900.0
2025-05-13,30860,1838.0,1860.5,1834.0,1855.0,0,0,1643900.0,3040391050.0,1.0,1838.0,1860.5,1834.0,1855.0,1643900.0
2025-05-14,30860,1855.0,1867.5,1823.5,1849.5,0,0,1783800.0,3291086100.0,1.0,1855.0,1867.5,1823.5,1849.5,1783800.0
2025-05-15,30860,1820.0,1859.0,1818.0,1840.0,0,0,1174400.0,2162757700.0,1.0,1820.0,1859.0,1818.0,1840.0,1174400.0
2025-05-16,30860,1829.5,2208.5,1782.5,2173.5,0,0,21311900.0,44407686300.0,1.0,1829.5,2208.5,1782.5,2173.5,21311900.0
2025-05-19,30860,2174.0,2281.0,2153.0,2182.5,0,0,7644200.0,16803584900.0,1.0,2174.0,2281.0,2153.0,2182.5,7644200.0
2025-05-20,30860,2180.0,2182.0,2068.5,2095.5,0,0,4000500.0,8422550750.0,1.0,2180.0,2182.0,2068.5,2095.5,4000500.0
2025-05-21,30860,2095.0,2119.5,2067.0,2111.0,0,0,1964100.0,4119614550.0,1.0,2095.0,2119.5,2067.0,2111.0,1964100.0
2025-05-22,30860,2100.5,2142.5,2076.0,2076.0,0,0,1334500.0,2797773950.0,1.0,2100.5,2142.5,2076.0,2076.0,1334500.0
2025-05-23,30860,2100.0,2103.0,2057.0,2068.5,0,0,1491100.0,3089020650.0,1.0,2100.0,2103.0,2057.0,2068.5,1491100.0
2025-05-26,30860,2060.0,2062.5,1979.0,2016.5,0,0,2503500.0,5052039600.0,1.0,2060.0,2062.5,1979.0,2016.5,2503500.0
2025-05-27,30860,2033.5,2075.5,2031.5,2063.0,0,0,1196100.0,2463980550.0,1.0,2033.5,2075.5,2031.5,2063.0,1196100.0
2025-05-28,30860,2078.5,2096.5,2061.5,2061.5,0,0,1037700.0,2153969050.0,1.0,2078.5,2096.5,2061.5,2061.5,1037700.0
2025-05-29,30860,2065.0,2112.5,2048.0,2085.0,0,0,1399800.0,2919142300.0,1.0,2065.0,2112.5,2048.0,2085.0,1399800.0
2025-05-30,30860,2054.0,2074.0,2019.0,2033.0,0,0,1683900.0,3430209550.0,1.0,2054.0,2074.0,2019.0,2033.0,1683900.0
2025-06-02,30860,2016.5,2038.0,2003.5,2027.5,0,0,1096500.0,2221945550.0,1.0,2016.5,2038.0,2003.5,2027.5,1096500.0
2025-06-03,30860,2025.0,2038.0,1993.0,2022.0,0,0,1167200.0,2355284350.0,1.0,2025.0,2038.0,1993.0,2022.0,1167200.0
2025-06-04,30860,2010.0,2042.0,2010.0,2030.5,0,0,1042300.0,2114526950.0,1.0,2010.0,2042.0,2010.0,2030.5,1042300.0
2025-06-05,30860,2019.0,2032.5,1991.5,1991.5,0,0,1451200.0,2902858400.0,1.0,2019.0,2032.5,1991.5,1991.5,1451200.0
2025-06-06,30860,1991.5,2031.5,1978.5,2010.0,0,0,1315000.0,2639622350.0,1.0,1991.5,2031.5,1978.5,2010.0,1315000.0
2025-06-09,30860,2010.0,2018.5,1989.0,1996.0,0,0,1245800.0,2489480400.0,1.0,2010.0,2018.5,1989.0,1996.0,1245800.0
2025-06-10,30860,1978.0,2024.0,1964.0,2016.5,0,0,1962500.0,3925671550.0,1.0,1978.0,2024.0,1964.0,2016.5,1962500.0
2025-06-11,30860,1992.5,2135.5,1992.5,2027.0,0,0,3354600.0,6882195750.0,1.0,1992.5,2135.5,1992.5,2027.0,3354600.0
2025-06-12,30860,2017.0,2064.0,2006.0,2009.0,0,0,2085600.0,4210637650.0,1.0,2017.0,2064.0,2006.0,2009.0,2085600.0
2025-06-13,30860,2021.0,2027.5,1976.5,1999.0,0,0,1452300.0,2902617950.0,1.0,2021.0,2027.5,1976.5,1999.0,1452300.0
2025-06-16,30860,2018.0,2028.5,2001.5,2014.5,0,0,1053400.0,2123591400.0,1.0,2018.0,2028.5,2001.5,2014.5,1053400.0
2025-06-17,30860,2014.0,2043.0,1983.0,2034.0,0,0,1157200.0,2338076750.0,1.0,2014.0,2043.0,1983.0,2034.0,1157200.0
2025-06-18,30860,2040.0,2094.5,2040.0,2059.0,0,0,1617900.0,3346900850.0,1.0,2040.0,2094.5,2040.0,2059.0,1617900.0
2025-06-19,30860,2048.5,2072.0,2039.5,2058.0,0,0,1185100.0,2439282500.0,1.0,2048.5,2072.0,2039.5,2058.0,1185100.0
2025-06-20,30860,2019.5,2029.0,1988.0,1995.0,0,0,2503600.0,5003986000.0,1.0,2019.5,2029.0,1988.0,1995.0,2503600.0
2025-06-23,30860,1986.0,2012.0,1955.0,2002.5,0,0,1579700.0,3149595100.0,1.0,1986.0,2012.0,1955.0,2002.5,1579700.0
2025-06-24,30860,2015.0,2018.0,1966.5,1977.5,0,0,1594800.0,3157099350.0,1.0,2015.0,2018.0,1966.5,1977.5,1594800.0
2025-06-25,30860,1966.0,1968.0,1926.5,1942.0,0,0,1891700.0,3667313750.0,1.0,1966.0,1968.0,1926.5,1942.0,1891700.0
2025-06-26,30860,1942.0,1973.0,1942.0,1960.0,0,0,1520000.0,2974966500.0,1.0,1942.0,1973.0,1942.0,1960.0,1520000.0
2025-06-27,30860,1977.0,2013.0,1970.0,1975.0,0,0,1369400.0,2715740700.0,1.0,1977.0,2013.0,1970.0,1975.0,1369400.0
2025-06-30,30860,1992.5,2003.5,1957.5,1963.0,0,0,1958500.0,3856844900.0,1.0,1992.5,2003.5,1957.5,1963.0,1958500.0
2025-07-01,30860,1940.0,1955.5,1883.0,1950.5,0,0,2145200.0,4156801950.0,1.0,1940.0,1955.5,1883.0,1950.5,2145200.0
2025-07-02,30860,1948.5,1978.5,1922.0,1978.5,0,0,1451100.0,2846493950.0,1.0,1948.5,1978.5,1922.0,1978.5,1451100.0
2025-07-03,30860,1965.0,1989.5,1950.0,1960.5,0,0,1332800.0,2619136600.0,1.0,1965.0,1989.5,1950.0,1960.5,1332800.0
2025-07-04,30860,1955.0,1973.5,1942.0,1965.0,0,0,1000900.0,1962624000.0,1.0,1955.0,1973.5,1942.0,1965.0,1000900.0
2025-07-07,30860,1965.0,1997.0,1965.0,1975.5,0,0,987700.0,1956426200.0,1.0,1965.0,1997.0,1965.0,1975.5,987700.0
2025-07-08,30860,1974.0,1984.0,1949.5,1973.5,0,0,1102700.0,2174568200.0,1.0,1974.0,1984.0,1949.5,1973.5,1102700.0
2025-07-09,30860,1970.0,2006.5,1961.0,1997.0,0,0,1336400.0,2661964600.0,1.0,1970.0,2006.5,1961.0,1997.0,1336400.0
2025-07-10,30860,2004.5,2005.5,1967.5,1991.5,0,0,954800.0,1896021600.0,1.0,2004.5,2005.5,1967.5,1991.5,954800.0
2025-07-11,30860,1975.0,2010.5,1974.0,2001.5,0,0,1147900.0,2291192250.0,1.0,1975.0,2010.5,1974.0,2001.5,1147900.0
2025-07-14,30860,2007.5,2027.0,1996.0,2004.0,0,0,803400.0,1612648850.0,1.0,2007.5,2027.0,1996.0,2004.0,803400.0
2025-07-15,30860,2021.0,2023.5,1984.0,1990.0,0,0,826000.0,1650493350.0,1.0,2021.0,2023.5,1984.0,1990.0,826000.0
2025-07-16,30860,1982.0,1999.5,1956.0,1990.0,0,0,1202600.0,2383667400.0,1.0,1982.0,1999.5,1956.0,1990.0,1202600.0
2025-07-17,30860,1970.0,2021.0,1965.5,2014.0,0,0,1357500.0,2722083050.0,1.0,1970.0,2021.0,1965.5,2014.0,1357500.0
2025-07-18,30860,2039.0,2045.5,2021.5,2024.5,0,0,1006500.0,2043058650.0,1.0,2039.0,2045.5,2021.5,2024.5,1006500.0
2025-07-22,30860,2024.5,2044.5,2002.5,2010.0,0,0,901100.0,1814672150.0,1.0,2024.5,2044.5,2002.5,2010.0,901100.0
2025-07-23,30860,2025.5,2068.0,2019.0,2062.5,0,0,1328500.0,2730981200.0,1.0,2025.5,2068.0,2019.0,2062.5,1328500.0
2025-07-24,30860,2082.0,2098.5,2067.5,2079.5,0,0,1310000.0,2722375000.0,1.0,2082.0,2098.5,2067.5,2079.5,1310000.0
2025-07-25,30860,2085.0,2087.5,2050.5,2062.5,0,0,894900.0,1845163900.0,1.0,2085.0,2087.5,2050.5,2062.5,894900.0
2025-07-28,30860,2064.5,2086.0,2035.0,2046.5,0,0,1114700.0,2288056750.0,1.0,2064.5,2086.0,2035.0,2046.5,1114700.0
2025-07-29,30860,2030.0,2035.0,2010.0,2034.0,0,0,858700.0,1739231500.0,1.0,2030.0,2035.0,2010.0,2034.0,858700.0
2025-07-30,30860,2034.0,2043.0,2020.5,2040.5,0,0,837500.0,1704609600.0,1.0,2034.0,2043.0,2020.5,2040.5,837500.0
2025-07-31,30860,2049.0,2058.0,2027.5,2047.5,0,0,982100.0,2007587200.0,1.0,2049.0,2058.0,2027.5,2047.5,982100.0
2025-08-01,30860,2069.5,2076.5,2052.5,2072.0,0,0,1211100.0,2505887300.0,1.0,2069.5,2076.5,2052.5,2072.0,1211100.0
2025-08-04,30860,2041.0,2114.5,2035.0,2109.5,0,0,1511300.0,3165130850.0,1.0,2041.0,2114.5,2035.0,2109.5,1511300.0
2025-08-05,30860,2120.0,2125.5,2090.5,2120.0,0,0,1078800.0,2280829100.0,1.0,2120.0,2125.5,2090.5,2120.0,1078800.0
2025-08-06,30860,2119.0,2174.0,2116.5,2160.0,0,0,1048000.0,2264784650.0,1.0,2119.0,2174.0,2116.5,2160.0,1048000.0
2025-08-07,30860,2168.0,2207.0,2167.5,2187.0,0,0,1057800.0,2316728900.0,1.0,2168.0,2207.0,2167.5,2187.0,1057800.0
2025-08-08,30860,2200.0,2226.0,2193.5,2218.0,0,0,1093400.0,2422143700.0,1.0,2200.0,2226.0,2193.5,2218.0,1093400.0
2025-08-12,30860,2218.0,2272.0,2210.5,2246.0,0,0,1367600.0,3071263200.0,1.0,2218.0,2272.0,2210.5,2246.0,1367600.0
2025-08-13,30860,2247.0,2252.0,2221.0,2240.0,0,0,1110000.0,2481485100.0,1.0,2247.0,2252.0,2221.0,2240.0,1110000.0
2025-08-14,30860,2240.0,2252.5,2226.0,2240.0,0,0,699800.0,1567154850.0,1.0,2240.0,2252.5,2226.0,2240.0,699800.0
2025-08-15,30860,2247.5,2274.5,2236.0,2270.5,0,0,792700.0,1791341700.0,1.0,2247.5,2274.5,2236.0,2270.5,792700.0
2025-08-18,30860,2276.0,2388.5,2275.0,2374.5,0,0,1534800.0,3622465450.0,1.0,2276.0,2388.5,2275.0,2374.5,1534800.0
2025-08-19,30860,2374.5,2377.5,2353.0,2353.5,0,0,734600.0,1733290500.0,1.0,2374.5,2377.5,2353.0,2353.5,734600.0
2025-08-20,30860,2375.0,2385.0,2342.5,2343.5,0,0,931100.0,2191776850.0,1.0,2375.0,2385.0,2342.5,2343.5,931100.0
2025-08-21,30860,2340.0,2345.0,2292.0,2300.0,0,0,797800.0,1838828500.0,1.0,2340.0,2345.0,2292.0,2300.0,797800.0
2025-08-22,30860,2302.0,2344.5,2296.0,2343.5,0,0,674700.0,1571239200.0,1.0,2302.0,2344.5,2296.0,2343.5,674700.0
2025-08-25,30860,2343.5,2345.0,2312.0,2312.0,0,0,894700.0,2077097900.0,1.0,2343.5,2345.0,2312.0,2312.0,894700.0
2025-08-26,30860,2312.0,2323.5,2280.0,2323.5,0,0,1171100.0,2711306400.0,1.0,2312.0,2323.5,2280.0,2323.5,1171100.0
2025-08-27,30860,2309.5,2331.5,2295.5,2310.5,0,0,1130100.0,2616228050.0,1.0,2309.5,2331.5,2295.5,2310.5,1130100.0
2025-08-28,30860,2282.5,2341.0,2271.5,2341.0,0,0,3517100.0,8204567000.0,1.0,2282.5,2341.0,2271.5,2341.0,3517100.0
2025-08-29,30860,2335.5,2335.5,2286.5,2298.0,0,0,905600.0,2083984300.0,1.0,2335.5,2335.5,2286.5,2298.0,905600.0
2025-09-01,30860,2289.5,2315.0,2261.0,2301.5,0,0,804600.0,1847335400.0,1.0,2289.5,2315.0,2261.0,2301.5,804600.0
2025-09-02,30860,2329.5,2408.5,2324.5,2400.0,0,0,1364900.0,3249252100.0,1.0,2329.5,2408.5,2324.5,2400.0,1364900.0
2025-09-03,30860,2399.0,2443.0,2391.5,2434.5,0,0,1957500.0,4755496750.0,1.0,2399.0,2443.0,2391.5,2434.5,1957500.0
2025-09-04,30860,2441.0,2444.0,2406.0,2428.5,0,0,1240600.0,3010866900.0,1.0,2441.0,2444.0,2406.0,2428.5,1240600.0
2025-09-05,30860,2460.5,2466.0,2418.0,2420.0,0,0,990600.0,2406994600.0,1.0,2460.5,2466.0,2418.0,2420.0,990600.0
2025-09-08,30860,2440.0,2514.0,2440.0,2479.0,0,0,1580900.0,3924755350.0,1.0,2440.0,2514.0,2440.0,2479.0,1580900.0
2025-09-09,30860,2500.0,2518.0,2460.0,2466.0,0,0,1110100.0,2758174800.0,1.0,2500.0,2518.0,2460.0,2466.0,1110100.0
2025-09-10,30860,2466.0,2493.5,2455.0,2483.0,0,0,768600.0,1904777150.0,1.0,2466.0,2493.5,2455.0,2483.0,768600.0
2025-09-11,30860,2469.5,2505.0,2453.0,2467.0,0,0,878300.0,2172571350.0,1.0,2469.5,2505.0,2453.0,2467.0,878300.0
2025-09-12,30860,2485.0,2518.0,2470.0,2500.0,0,0,1132200.0,2823557600.0,1.0,2485.0,2518.0,2470.0,2500.0,1132200.0
2025-09-16,30860,2490.0,2508.5,2478.5,2487.0,0,0,652500.0,1626170250.0,1.0,2490.0,2508.5,2478.5,2487.0,652500.0
2025-09-17,30860,2497.0,2512.0,2484.0,2498.0,0,0,724700.0,1809525200.0,1.0,2497.0,2512.0,2484.0,2498.0,724700.0
2025-09-18,30860,2508.0,2544.0,2497.0,2544.0,0,0,1027900.0,2600400300.0,1.0,2508.0,2544.0,2497.0,2544.0,1027900.0
2025-09-19,30860,2530.0,2548.5,2460.5,2472.5,0,0,1551400.0,3854556500.0,1.0,2530.0,2548.5,2460.5,2472.5,1551400.0
2025-09-22,30860,2473.0,2508.0,2472.0,2490.5,0,0,683300.0,1703485700.0,1.0,2473.0,2508.0,2472.0,2490.5,683300.0
2025-09-24,30860,2527.5,2544.5,2459.0,2483.5,0,0,935500.0,2323747300.0,1.0,2527.5,2544.5,2459.0,2483.5,935500.0
2025-09-25,30860,2497.0,2512.0,2479.5,2508.0,0,0,780600.0,1953116500.0,1.0,2497.0,2512.0,2479.5,2508.0,780600.0
2025-09-26,30860,2510.0,2527.5,2503.5,2519.0,0,0,902300.0,2271698700.0,1.0,2510.0,2527.5,2503.5,2519.0,902300.0
2025-09-29,30860,2499.0,2500.0,2418.5,2453.5,0,0,1117200.0,2738064300.0,1.0,2499.0,2500.0,2418.5,2453.5,1117200.0
2025-09-30,30860,2454.5,2499.0,2453.5,2470.0,0,0,1233200.0,3046841500.0,1.0,2454.5,2499.0,2453.5,2470.0,1233200.0
2025-10-01,30860,2453.0,2471.5,2416.5,2461.5,0,0,1612200.0,3944770450.0,1.0,2453.0,2471.5,2416.5,2461.5,1612200.0
2025-10-02,30860,2458.0,2484.0,2456.5,2479.5,0,0,1038500.0,2568270100.0,1.0,2458.0,2484.0,2456.5,2479.5,1038500.0
2025-10-03,30860,2451.5,2495.5,2448.0,2483.0,0,0,989500.0,2454302750.0,1.0,2451.5,2495.5,2448.0,2483.0,989500.0
2025-10-06,30860,2548.0,2554.0,2498.5,2523.5,0,0,1473800.0,3715845800.0,1.0,2548.0,2554.0,2498.5,2523.5,1473800.0
2025-10-07,30860,2520.0,2526.0,2493.5,2500.0,0,0,1750800.0,4387845200.0,1.0,2520.0,2526.0,2493.5,2500.0,1750800.0
2025-10-08,30860,2500.0,2525.5,2498.0,2507.0,0,0,1383700.0,3470458700.0,1.0,2500.0,2525.5,2498.0,2507.0,1383700.0
2025-10-09,30860,2489.0,2512.5,2473.5,2493.5,0,0,1457100.0,3634181500.0,1.0,2489.0,2512.5,2473.5,2493.5,1457100.0
2025-10-10,30860,2501.0,2523.5,2497.0,2505.0,0,0,1336600.0,3349632800.0,1.0,2501.0,2523.5,2497.0,2505.0,1336600.0
2025-10-14,30860,2455.0,2495.0,2430.5,2485.0,0,0,2839600.0,7012782200.0,1.0,2455.0,2495.0,2430.5,2485.0,2839600.0
2025-10-15,30860,2385.0,2463.0,2357.0,2435.0,0,0,5020800.0,12118489700.0,1.0,2385.0,2463.0,2357.0,2435.0,5020800.0
2025-10-16,30860,2453.0,2490.0,2337.0,2355.0,0,0,3203900.0,7645355700.0,1.0,2453.0,2490.0,2337.0,2355.0,3203900.0
2025-10-17,30860,2346.0,2347.0,2240.5,2291.5,0,0,4515600.0,10318193000.0,1.0,2346.0,2347.0,2240.5,2291.5,4515600.0
2025-10-20,30860,2337.5,2344.0,2286.5,2299.0,0,0,1826900.0,4206510300.0,1.0,2337.5,2344.0,2286.5,2299.0,1826900.0
2025-10-21,30860,2295.0,2314.5,2289.0,2301.5,0,0,1622000.0,3730094400.0,1.0,2295.0,2314.5,2289.0,2301.5,1622000.0
2025-10-22,30860,2310.5,2339.5,2290.5,2302.5,0,0,1308000.0,3017444050.0,1.0,2310.5,2339.5,2290.5,2302.5,1308000.0
2025-10-23,30860,2323.0,2330.0,2293.5,2306.0,0,0,1042500.0,2403924950.0,1.0,2323.0,2330.0,2293.5,2306.0,1042500.0
2025-10-24,30860,2303.5,2316.5,2296.0,2306.0,0,0,1080300.0,2489472500.0,1.0,2303.5,2316.5,2296.0,2306.0,1080300.0
2025-10-27,30860,2322.0,2342.0,2307.0,2309.5,0,0,1194500.0,2765269900.0,1.0,2322.0,2342.0,2307.0,2309.5,1194500.0
2025-10-28,30860,2315.0,2322.0,2295.5,2300.0,0,0,1825200.0,4208608500.0,1.0,2315.0,2322.0,2295.5,2300.0,1825200.0
2025-10-29,30860,2295.0,2318.5,2275.5,2309.5,0,0,1737200.0,4000979050.0,1.0,2295.0,2318.5,2275.5,2309.5,1737200.0
