Date,Code,Open,High,Low,Close,UpperLimit,LowerLimit,Volume,TurnoverValue,AdjustmentFactor,AdjustmentOpen,AdjustmentHigh,AdjustmentLow,AdjustmentClose,AdjustmentVolume
2020-10-29,31790,880.0,880.0,844.0,879.0,0,0,105800.0,91392800.0,1.0,880.0,880.0,844.0,879.0,105800.0
2020-10-30,31790,874.0,887.0,839.0,849.0,0,0,85800.0,73106000.0,1.0,874.0,887.0,839.0,849.0,85800.0
2020-11-02,31790,843.0,860.0,835.0,850.0,0,0,52500.0,44518800.0,1.0,843.0,860.0,835.0,850.0,52500.0
2020-11-04,31790,849.0,858.0,827.0,854.0,0,0,111700.0,94231300.0,1.0,849.0,858.0,827.0,854.0,111700.0
2020-11-05,31790,847.0,885.0,830.0,881.0,0,0,291200.0,250977100.0,1.0,847.0,885.0,830.0,881.0,291200.0
2020-11-06,31790,904.0,944.0,900.0,915.0,0,0,446200.0,409152700.0,1.0,904.0,944.0,900.0,915.0,446200.0
2020-11-09,31790,924.0,954.0,888.0,905.0,0,0,325700.0,298062500.0,1.0,924.0,954.0,888.0,905.0,325700.0
2020-11-10,31790,920.0,989.0,917.0,939.0,0,0,368600.0,348156200.0,1.0,920.0,989.0,917.0,939.0,368600.0
2020-11-11,31790,939.0,941.0,894.0,895.0,0,0,222600.0,202602300.0,1.0,939.0,941.0,894.0,895.0,222600.0
2020-11-12,31790,899.0,905.0,864.0,874.0,0,0,276300.0,241836800.0,1.0,899.0,905.0,864.0,874.0,276300.0
2020-11-13,31790,863.0,864.0,820.0,825.0,0,0,218600.0,182239500.0,1.0,863.0,864.0,820.0,825.0,218600.0
2020-11-16,31790,838.0,859.0,821.0,856.0,0,0,170600.0,143538600.0,1.0,838.0,859.0,821.0,856.0,170600.0
2020-11-17,31790,850.0,850.0,822.0,823.0,0,0,80900.0,67153100.0,1.0,850.0,850.0,822.0,823.0,80900.0
2020-11-18,31790,815.0,815.0,792.0,792.0,0,0,143900.0,114972300.0,1.0,815.0,815.0,792.0,792.0,143900.0
2020-11-19,31790,792.0,797.0,775.0,793.0,0,0,78100.0,61378800.0,1.0,792.0,797.0,775.0,793.0,78100.0
2020-11-20,31790,789.0,795.0,770.0,777.0,0,0,212600.0,165745700.0,1.0,789.0,795.0,770.0,777.0,212600.0
2020-11-24,31790,792.0,806.0,787.0,806.0,0,0,142200.0,113656000.0,1.0,792.0,806.0,787.0,806.0,142200.0
2020-11-25,31790,816.0,818.0,796.0,807.0,0,0,108600.0,87335200.0,1.0,816.0,818.0,796.0,807.0,108600.0
2020-11-26,31790,802.0,819.0,801.0,818.0,0,0,74900.0,60857600.0,1.0,802.0,819.0,801.0,818.0,74900.0
2020-11-27,31790,820.0,856.0,811.0,850.0,0,0,167200.0,140216800.0,1.0,820.0,856.0,811.0,850.0,167200.0
2020-11-30,31790,869.0,878.0,829.0,833.0,0,0,209000.0,178138200.0,1.0,869.0,878.0,829.0,833.0,209000.0
2020-12-01,31790,819.0,839.0,807.0,835.0,0,0,139200.0,114855600.0,1.0,819.0,839.0,807.0,835.0,139200.0
2020-12-02,31790,844.0,905.0,836.0,891.0,0,0,366300.0,323525100.0,1.0,844.0,905.0,836.0,891.0,366300.0
2020-12-03,31790,891.0,914.0,880.0,882.0,0,0,144800.0,129310800.0,1.0,891.0,914.0,880.0,882.0,144800.0
2020-12-04,31790,873.0,891.0,863.0,878.0,0,0,106000.0,92794100.0,1.0,873.0,891.0,863.0,878.0,106000.0
2020-12-07,31790,880.0,885.0,837.0,853.0,0,0,96900.0,82522600.0,1.0,880.0,885.0,837.0,853.0,96900.0
2020-12-08,31790,841.0,892.0,840.0,890.0,0,0,154900.0,135962300.0,1.0,841.0,892.0,840.0,890.0,154900.0
2020-12-09,31790,874.0,876.0,850.0,862.0,0,0,100300.0,86239900.0,1.0,874.0,876.0,850.0,862.0,100300.0
2020-12-10,31790,877.0,877.0,851.0,851.0,0,0,64700.0,55638100.0,1.0,877.0,877.0,851.0,851.0,64700.0
2020-12-11,31790,852.0,861.0,849.0,861.0,0,0,39600.0,33855500.0,1.0,852.0,861.0,849.0,861.0,39600.0
2020-12-14,31790,861.0,880.0,846.0,872.0,0,0,88400.0,76734700.0,1.0,861.0,880.0,846.0,872.0,88400.0
2020-12-15,31790,875.0,896.0,865.0,866.0,0,0,70500.0,61760400.0,1.0,875.0,896.0,865.0,866.0,70500.0
2020-12-16,31790,879.0,879.0,850.0,863.0,0,0,70700.0,61017400.0,1.0,879.0,879.0,850.0,863.0,70700.0
2020-12-17,31790,873.0,873.0,850.0,867.0,0,0,39500.0,34082200.0,1.0,873.0,873.0,850.0,867.0,39500.0
2020-12-18,31790,867.0,867.0,838.0,851.0,0,0,77600.0,65944400.0,1.0,867.0,867.0,838.0,851.0,77600.0
2020-12-21,31790,865.0,865.0,848.0,863.0,0,0,47500.0,40825600.0,1.0,865.0,865.0,848.0,863.0,47500.0
2020-12-22,31790,856.0,856.0,809.0,814.0,0,0,130800.0,107553200.0,1.0,856.0,856.0,809.0,814.0,130800.0
2020-12-23,31790,817.0,825.0,810.0,819.0,0,0,37900.0,31024100.0,1.0,817.0,825.0,810.0,819.0,37900.0
2020-12-24,31790,822.0,843.0,814.0,839.0,0,0,91700.0,76382300.0,1.0,822.0,843.0,814.0,839.0,91700.0
2020-12-25,31790,842.0,843.0,825.0,838.0,0,0,61200.0,51108200.0,1.0,842.0,843.0,825.0,838.0,61200.0
2020-12-28,31790,829.0,841.0,824.0,841.0,0,0,92800.0,77395600.0,1.0,829.0,841.0,824.0,841.0,92800.0
2020-12-29,31790,842.0,890.0,837.0,883.0,0,0,143700.0,126016400.0,1.0,842.0,890.0,837.0,883.0,143700.0
2020-12-30,31790,883.0,909.0,866.0,902.0,0,0,73400.0,65603500.0,1.0,883.0,909.0,866.0,902.0,73400.0
2021-01-04,31790,905.0,905.0,882.0,903.0,0,0,112700.0,101010800.0,1.0,905.0,905.0,882.0,903.0,112700.0
2021-01-05,31790,907.0,907.0,880.0,886.0,0,0,127200.0,113870000.0,1.0,907.0,907.0,880.0,886.0,127200.0
2021-01-06,31790,899.0,925.0,897.0,915.0,0,0,206300.0,188024600.0,1.0,899.0,925.0,897.0,915.0,206300.0
2021-01-07,31790,918.0,920.0,899.0,906.0,0,0,160100.0,145527800.0,1.0,918.0,920.0,899.0,906.0,160100.0
2021-01-08,31790,919.0,927.0,897.0,927.0,0,0,372500.0,341069100.0,1.0,919.0,927.0,897.0,927.0,372500.0
2021-01-12,31790,936.0,974.0,935.0,955.0,0,0,304800.0,292493300.0,1.0,936.0,974.0,935.0,955.0,304800.0
2021-01-13,31790,950.0,960.0,943.0,955.0,0,0,92400.0,88241500.0,1.0,950.0,960.0,943.0,955.0,92400.0
2021-01-14,31790,945.0,957.0,930.0,943.0,0,0,90500.0,85351700.0,1.0,945.0,957.0,930.0,943.0,90500.0
2021-01-15,31790,943.0,952.0,940.0,941.0,0,0,150800.0,142268900.0,1.0,943.0,952.0,940.0,941.0,150800.0
2021-01-18,31790,926.0,926.0,900.0,905.0,0,0,86900.0,78958700.0,1.0,926.0,926.0,900.0,905.0,86900.0
2021-01-19,31790,905.0,923.0,897.0,908.0,0,0,116500.0,106073700.0,1.0,905.0,923.0,897.0,908.0,116500.0
2021-01-20,31790,914.0,915.0,901.0,911.0,0,0,59600.0,54078400.0,1.0,914.0,915.0,901.0,911.0,59600.0
2021-01-21,31790,920.0,949.0,916.0,943.0,0,0,111500.0,104602200.0,1.0,920.0,949.0,916.0,943.0,111500.0
2021-01-22,31790,928.0,931.0,906.0,927.0,0,0,97200.0,89828600.0,1.0,928.0,931.0,906.0,927.0,97200.0
2021-01-25,31790,927.0,940.0,919.0,933.0,0,0,75600.0,70435300.0,1.0,927.0,940.0,919.0,933.0,75600.0
2021-01-26,31790,933.0,943.0,921.0,935.0,0,0,74900.0,69961100.0,1.0,933.0,943.0,921.0,935.0,74900.0
2021-01-27,31790,940.0,958.0,936.0,951.0,0,0,116200.0,110417800.0,1.0,940.0,958.0,936.0,951.0,116200.0
2021-01-28,31790,926.0,959.0,920.0,942.0,0,0,180700.0,170984900.0,1.0,926.0,959.0,920.0,942.0,180700.0
2021-01-29,31790,946.0,966.0,925.0,926.0,0,0,139000.0,131511200.0,1.0,946.0,966.0,925.0,926.0,139000.0
2021-02-01,31790,926.0,966.0,921.0,950.0,0,0,229800.0,218160100.0,1.0,926.0,966.0,921.0,950.0,229800.0
2021-02-02,31790,960.0,1008.0,960.0,1000.0,0,0,320500.0,318748500.0,1.0,960.0,1008.0,960.0,1000.0,320500.0
2021-02-03,31790,999.0,1014.0,986.0,1002.0,0,0,223900.0,224145300.0,1.0,999.0,1014.0,986.0,1002.0,223900.0
2021-02-04,31790,1002.0,1052.0,1000.0,1044.0,0,0,203900.0,210740500.0,1.0,1002.0,1052.0,1000.0,1044.0,203900.0
2021-02-05,31790,972.0,1002.0,936.0,958.0,0,0,548300.0,531128700.0,1.0,972.0,1002.0,936.0,958.0,548300.0
2021-02-08,31790,959.0,972.0,944.0,949.0,0,0,190400.0,181788500.0,1.0,959.0,972.0,944.0,949.0,190400.0
2021-02-09,31790,950.0,957.0,923.0,940.0,0,0,232600.0,218202400.0,1.0,950.0,957.0,923.0,940.0,232600.0
2021-02-10,31790,935.0,951.0,920.0,941.0,0,0,110200.0,103171600.0,1.0,935.0,951.0,920.0,941.0,110200.0
2021-02-12,31790,941.0,951.0,937.0,950.0,0,0,90700.0,85556200.0,1.0,941.0,951.0,937.0,950.0,90700.0
2021-02-15,31790,946.0,983.0,944.0,982.0,0,0,121700.0,118053800.0,1.0,946.0,983.0,944.0,982.0,121700.0
2021-02-16,31790,996.0,1024.0,985.0,1015.0,0,0,160900.0,162250900.0,1.0,996.0,1024.0,985.0,1015.0,160900.0
2021-02-17,31790,1015.0,1049.0,1015.0,1045.0,0,0,114700.0,118932000.0,1.0,1015.0,1049.0,1015.0,1045.0,114700.0
2021-02-18,31790,1045.0,1069.0,1041.0,1053.0,0,0,173700.0,183076000.0,1.0,1045.0,1069.0,1041.0,1053.0,173700.0
2021-02-19,31790,1063.0,1081.0,1020.0,1034.0,0,0,307600.0,322647300.0,1.0,1063.0,1081.0,1020.0,1034.0,307600.0
2021-02-22,31790,1043.0,1124.0,1043.0,1103.0,0,0,332800.0,367200800.0,1.0,1043.0,1124.0,1043.0,1103.0,332800.0
2021-02-24,31790,1105.0,1129.0,1066.0,1068.0,0,0,138800.0,151891000.0,1.0,1105.0,1129.0,1066.0,1068.0,138800.0
2021-02-25,31790,1086.0,1095.0,1001.0,1002.0,0,0,303800.0,313387600.0,1.0,1086.0,1095.0,1001.0,1002.0,303800.0
2021-02-26,31790,972.0,1017.0,946.0,970.0,0,0,479000.0,469328400.0,1.0,972.0,1017.0,946.0,970.0,479000.0
2021-03-01,31790,979.0,988.0,940.0,959.0,0,0,281300.0,270218300.0,1.0,979.0,988.0,940.0,959.0,281300.0
2021-03-02,31790,974.0,974.0,930.0,946.0,0,0,225400.0,213233400.0,1.0,974.0,974.0,930.0,946.0,225400.0
2021-03-03,31790,946.0,947.0,925.0,943.0,0,0,160900.0,150782100.0,1.0,946.0,947.0,925.0,943.0,160900.0
2021-03-04,31790,936.0,939.0,908.0,927.0,0,0,238000.0,218847800.0,1.0,936.0,939.0,908.0,927.0,238000.0
2021-03-05,31790,925.0,936.0,894.0,936.0,0,0,201400.0,184591700.0,1.0,925.0,936.0,894.0,936.0,201400.0
2021-03-08,31790,960.0,986.0,938.0,942.0,0,0,240100.0,230562500.0,1.0,960.0,986.0,938.0,942.0,240100.0
2021-03-09,31790,955.0,976.0,929.0,970.0,0,0,180100.0,171917700.0,1.0,955.0,976.0,929.0,970.0,180100.0
2021-03-10,31790,983.0,1015.0,963.0,1010.0,0,0,213500.0,212205300.0,1.0,983.0,1015.0,963.0,1010.0,213500.0
2021-03-11,31790,1001.0,1024.0,989.0,1020.0,0,0,106300.0,107394900.0,1.0,1001.0,1024.0,989.0,1020.0,106300.0
2021-03-12,31790,1022.0,1071.0,998.0,1064.0,0,0,275000.0,287652400.0,1.0,1022.0,1071.0,998.0,1064.0,275000.0
2021-03-15,31790,1038.0,1049.0,975.0,990.0,0,0,413300.0,412508600.0,1.0,1038.0,1049.0,975.0,990.0,413300.0
2021-03-16,31790,986.0,988.0,943.0,986.0,0,0,300600.0,292961400.0,1.0,986.0,988.0,943.0,986.0,300600.0
2021-03-17,31790,972.0,1003.0,945.0,995.0,0,0,141400.0,139382400.0,1.0,972.0,1003.0,945.0,995.0,141400.0
2021-03-18,31790,1017.0,1017.0,990.0,1014.0,0,0,197000.0,198030100.0,1.0,1017.0,1017.0,990.0,1014.0,197000.0
2021-03-19,31790,1002.0,1053.0,995.0,1039.0,0,0,238700.0,245659300.0,1.0,1002.0,1053.0,995.0,1039.0,238700.0
2021-03-22,31790,1036.0,1056.0,1015.0,1023.0,0,0,170000.0,174700100.0,1.0,1036.0,1056.0,1015.0,1023.0,170000.0
2021-03-23,31790,1038.0,1078.0,1016.0,1062.0,0,0,176900.0,186951300.0,1.0,1038.0,1078.0,1016.0,1062.0,176900.0
2021-03-24,31790,1056.0,1070.0,1010.0,1037.0,0,0,158100.0,164471300.0,1.0,1056.0,1070.0,1010.0,1037.0,158100.0
2021-03-25,31790,1022.0,1050.0,1016.0,1030.0,0,0,93600.0,96328500.0,1.0,1022.0,1050.0,1016.0,1030.0,93600.0
2021-03-26,31790,1038.0,1070.0,1025.0,1061.0,0,0,127900.0,134481600.0,1.0,1038.0,1070.0,1025.0,1061.0,127900.0
2021-03-29,31790,1061.0,1075.0,1029.0,1037.0,0,0,323000.0,340726000.0,1.0,1061.0,1075.0,1029.0,1037.0,323000.0
2021-03-30,31790,1037.0,1050.0,1023.0,1030.0,0,0,194100.0,201021100.0,1.0,1037.0,1050.0,1023.0,1030.0,194100.0
2021-03-31,31790,1035.0,1052.0,1019.0,1023.0,0,0,112000.0,115946400.0,1.0,1035.0,1052.0,1019.0,1023.0,112000.0
2021-04-01,31790,1049.0,1073.0,1036.0,1072.0,0,0,158900.0,168522700.0,1.0,1049.0,1073.0,1036.0,1072.0,158900.0
2021-04-02,31790,1083.0,1085.0,1065.0,1068.0,0,0,73400.0,78914300.0,1.0,1083.0,1085.0,1065.0,1068.0,73400.0
2021-04-05,31790,1075.0,1109.0,1072.0,1103.0,0,0,121100.0,132512400.0,1.0,1075.0,1109.0,1072.0,1103.0,121100.0
2021-04-06,31790,1110.0,1125.0,1079.0,1094.0,0,0,154300.0,169336700.0,1.0,1110.0,1125.0,1079.0,1094.0,154300.0
2021-04-07,31790,1094.0,1100.0,1074.0,1079.0,0,0,98900.0,107355700.0,1.0,1094.0,1100.0,1074.0,1079.0,98900.0
2021-04-08,31790,1169.0,1214.0,1135.0,1173.0,0,0,1250000.0,1467672500.0,1.0,1169.0,1214.0,1135.0,1173.0,1250000.0
2021-04-09,31790,1145.0,1151.0,1096.0,1132.0,0,0,869100.0,976944100.0,1.0,1145.0,1151.0,1096.0,1132.0,869100.0
2021-04-12,31790,1133.0,1146.0,1096.0,1139.0,0,0,250700.0,281679300.0,1.0,1133.0,1146.0,1096.0,1139.0,250700.0
2021-04-13,31790,1139.0,1202.0,1124.0,1195.0,0,0,315300.0,370619000.0,1.0,1139.0,1202.0,1124.0,1195.0,315300.0
2021-04-14,31790,1169.0,1203.0,1150.0,1192.0,0,0,426200.0,501974700.0,1.0,1169.0,1203.0,1150.0,1192.0,426200.0
2021-04-15,31790,1190.0,1190.0,1131.0,1133.0,0,0,258400.0,297251300.0,1.0,1190.0,1190.0,1131.0,1133.0,258400.0
2021-04-16,31790,1117.0,1158.0,1107.0,1152.0,0,0,210500.0,239684400.0,1.0,1117.0,1158.0,1107.0,1152.0,210500.0
2021-04-19,31790,1132.0,1158.0,1120.0,1153.0,0,0,125500.0,143747500.0,1.0,1132.0,1158.0,1120.0,1153.0,125500.0
2021-04-20,31790,1155.0,1158.0,1109.0,1142.0,0,0,338300.0,384005900.0,1.0,1155.0,1158.0,1109.0,1142.0,338300.0
2021-04-21,31790,1107.0,1134.0,1101.0,1125.0,0,0,166900.0,187336700.0,1.0,1107.0,1134.0,1101.0,1125.0,166900.0
2021-04-22,31790,1135.0,1141.0,1117.0,1131.0,0,0,167400.0,188651700.0,1.0,1135.0,1141.0,1117.0,1131.0,167400.0
2021-04-23,31790,1106.0,1144.0,1106.0,1119.0,0,0,181700.0,204801600.0,1.0,1106.0,1144.0,1106.0,1119.0,181700.0
2021-04-26,31790,1119.0,1133.0,1109.0,1117.0,0,0,97100.0,108681300.0,1.0,1119.0,1133.0,1109.0,1117.0,97100.0
2021-04-27,31790,1112.0,1139.0,1108.0,1121.0,0,0,106400.0,119692200.0,1.0,1112.0,1139.0,1108.0,1121.0,106400.0
2021-04-28,31790,1137.0,1148.0,1124.0,1148.0,0,0,90400.0,102916800.0,1.0,1137.0,1148.0,1124.0,1148.0,90400.0
2021-04-30,31790,1148.0,1173.0,1135.0,1165.0,0,0,150400.0,174420100.0,1.0,1148.0,1173.0,1135.0,1165.0,150400.0
2021-05-06,31790,1175.0,1203.0,1169.0,1171.0,0,0,182200.0,216030800.0,1.0,1175.0,1203.0,1169.0,1171.0,182200.0
2021-05-07,31790,1180.0,1201.0,1155.0,1184.0,0,0,244800.0,289772700.0,1.0,1180.0,1201.0,1155.0,1184.0,244800.0
2021-05-10,31790,1154.0,1161.0,1065.0,1122.0,0,0,535300.0,587235200.0,1.0,1154.0,1161.0,1065.0,1122.0,535300.0
2021-05-11,31790,1083.0,1101.0,1044.0,1047.0,0,0,187700.0,200731500.0,1.0,1083.0,1101.0,1044.0,1047.0,187700.0
2021-05-12,31790,1046.0,1062.0,1004.0,1014.0,0,0,251600.0,257759200.0,1.0,1046.0,1062.0,1004.0,1014.0,251600.0
2021-05-13,31790,994.0,998.0,963.0,964.0,0,0,306000.0,299813600.0,1.0,994.0,998.0,963.0,964.0,306000.0
2021-05-14,31790,980.0,993.0,945.0,948.0,0,0,278700.0,266574600.0,1.0,980.0,993.0,945.0,948.0,278700.0
2021-05-17,31790,963.0,963.0,919.0,934.0,0,0,148400.0,139167800.0,1.0,963.0,963.0,919.0,934.0,148400.0
2021-05-18,31790,940.0,943.0,915.0,919.0,0,0,179400.0,165533100.0,1.0,940.0,943.0,915.0,919.0,179400.0
2021-05-19,31790,910.0,925.0,895.0,917.0,0,0,182900.0,167093600.0,1.0,910.0,925.0,895.0,917.0,182900.0
2021-05-20,31790,927.0,953.0,925.0,949.0,0,0,145900.0,137384200.0,1.0,927.0,953.0,925.0,949.0,145900.0
2021-05-21,31790,959.0,981.0,956.0,974.0,0,0,193300.0,187753000.0,1.0,959.0,981.0,956.0,974.0,193300.0
2021-05-24,31790,970.0,993.0,969.0,972.0,0,0,149700.0,146400700.0,1.0,970.0,993.0,969.0,972.0,149700.0
2021-05-25,31790,977.0,998.0,971.0,975.0,0,0,153200.0,150419200.0,1.0,977.0,998.0,971.0,975.0,153200.0
2021-05-26,31790,966.0,984.0,954.0,956.0,0,0,85100.0,82213700.0,1.0,966.0,984.0,954.0,956.0,85100.0
2021-05-27,31790,956.0,960.0,927.0,927.0,0,0,114300.0,107019100.0,1.0,956.0,960.0,927.0,927.0,114300.0
2021-05-28,31790,940.0,946.0,927.0,931.0,0,0,126400.0,118066400.0,1.0,940.0,946.0,927.0,931.0,126400.0
2021-05-31,31790,937.0,941.0,907.0,909.0,0,0,177100.0,162907700.0,1.0,937.0,941.0,907.0,909.0,177100.0
2021-06-01,31790,909.0,918.0,901.0,913.0,0,0,175800.0,160359400.0,1.0,909.0,918.0,901.0,913.0,175800.0
2021-06-02,31790,913.0,923.0,885.0,886.0,0,0,248200.0,222580200.0,1.0,913.0,923.0,885.0,886.0,248200.0
2021-06-03,31790,891.0,922.0,888.0,915.0,0,0,209000.0,190241500.0,1.0,891.0,922.0,888.0,915.0,209000.0
2021-06-04,31790,923.0,926.0,909.0,910.0,0,0,212700.0,195119200.0,1.0,923.0,926.0,909.0,910.0,212700.0
2021-06-07,31790,921.0,925.0,910.0,914.0,0,0,129400.0,118734800.0,1.0,921.0,925.0,910.0,914.0,129400.0
2021-06-08,31790,941.0,963.0,936.0,955.0,0,0,259000.0,246232200.0,1.0,941.0,963.0,936.0,955.0,259000.0
2021-06-09,31790,1000.0,1016.0,981.0,981.0,0,0,362600.0,361579100.0,1.0,1000.0,1016.0,981.0,981.0,362600.0
2021-06-10,31790,980.0,1062.0,976.0,1037.0,0,0,576400.0,595974800.0,1.0,980.0,1062.0,976.0,1037.0,576400.0
2021-06-11,31790,1025.0,1046.0,1009.0,1013.0,0,0,211000.0,215661200.0,1.0,1025.0,1046.0,1009.0,1013.0,211000.0
2021-06-14,31790,1020.0,1066.0,1006.0,1057.0,0,0,187300.0,196087000.0,1.0,1020.0,1066.0,1006.0,1057.0,187300.0
2021-06-15,31790,1100.0,1104.0,1051.0,1075.0,0,0,351600.0,377053700.0,1.0,1100.0,1104.0,1051.0,1075.0,351600.0
2021-06-16,31790,1061.0,1100.0,1055.0,1086.0,0,0,195100.0,211789100.0,1.0,1061.0,1100.0,1055.0,1086.0,195100.0
2021-06-17,31790,1076.0,1105.0,1071.0,1099.0,0,0,246800.0,269513200.0,1.0,1076.0,1105.0,1071.0,1099.0,246800.0
2021-06-18,31790,1100.0,1127.0,1056.0,1057.0,0,0,227500.0,246794700.0,1.0,1100.0,1127.0,1056.0,1057.0,227500.0
2021-06-21,31790,1030.0,1055.0,1017.0,1049.0,0,0,136300.0,141911800.0,1.0,1030.0,1055.0,1017.0,1049.0,136300.0
2021-06-22,31790,1079.0,1088.0,1048.0,1055.0,0,0,148900.0,157884300.0,1.0,1079.0,1088.0,1048.0,1055.0,148900.0
2021-06-23,31790,1060.0,1086.0,1058.0,1071.0,0,0,121500.0,130016100.0,1.0,1060.0,1086.0,1058.0,1071.0,121500.0
2021-06-24,31790,1065.0,1090.0,1051.0,1087.0,0,0,100200.0,107652600.0,1.0,1065.0,1090.0,1051.0,1087.0,100200.0
2021-06-25,31790,1098.0,1100.0,1077.0,1080.0,0,0,92300.0,100278500.0,1.0,1098.0,1100.0,1077.0,1080.0,92300.0
2021-06-28,31790,1095.0,1120.0,1083.0,1119.0,0,0,78100.0,86685200.0,1.0,1095.0,1120.0,1083.0,1119.0,78100.0
2021-06-29,31790,1120.0,1145.0,1101.0,1119.0,0,0,169500.0,189027400.0,1.0,1120.0,1145.0,1101.0,1119.0,169500.0
2021-06-30,31790,1121.0,1137.0,1116.0,1126.0,0,0,79900.0,90036800.0,1.0,1121.0,1137.0,1116.0,1126.0,79900.0
2021-07-01,31790,1126.0,1126.0,1092.0,1098.0,0,0,69700.0,76977000.0,1.0,1126.0,1126.0,1092.0,1098.0,69700.0
2021-07-02,31790,1092.0,1111.0,1087.0,1106.0,0,0,45300.0,49954100.0,1.0,1092.0,1111.0,1087.0,1106.0,45300.0
2021-07-05,31790,1096.0,1110.0,1091.0,1106.0,0,0,66200.0,72936700.0,1.0,1096.0,1110.0,1091.0,1106.0,66200.0
2021-07-06,31790,1097.0,1106.0,1081.0,1097.0,0,0,90100.0,98373400.0,1.0,1097.0,1106.0,1081.0,1097.0,90100.0
2021-07-07,31790,1093.0,1102.0,1082.0,1093.0,0,0,71900.0,78494300.0,1.0,1093.0,1102.0,1082.0,1093.0,71900.0
2021-07-08,31790,1114.0,1132.0,1086.0,1089.0,0,0,150900.0,166050800.0,1.0,1114.0,1132.0,1086.0,1089.0,150900.0
2021-07-09,31790,1072.0,1077.0,1043.0,1063.0,0,0,247400.0,262027300.0,1.0,1072.0,1077.0,1043.0,1063.0,247400.0
2021-07-12,31790,1081.0,1087.0,1069.0,1070.0,0,0,89400.0,96258400.0,1.0,1081.0,1087.0,1069.0,1070.0,89400.0
2021-07-13,31790,1070.0,1086.0,1061.0,1086.0,0,0,104000.0,112027200.0,1.0,1070.0,1086.0,1061.0,1086.0,104000.0
2021-07-14,31790,1072.0,1096.0,1071.0,1092.0,0,0,74900.0,81242000.0,1.0,1072.0,1096.0,1071.0,1092.0,74900.0
2021-07-15,31790,1094.0,1094.0,1069.0,1069.0,0,0,92900.0,99904000.0,1.0,1094.0,1094.0,1069.0,1069.0,92900.0
2021-07-16,31790,1062.0,1081.0,1054.0,1078.0,0,0,71600.0,76606900.0,1.0,1062.0,1081.0,1054.0,1078.0,71600.0
2021-07-19,31790,1062.0,1062.0,1028.0,1042.0,0,0,108600.0,113347800.0,1.0,1062.0,1062.0,1028.0,1042.0,108600.0
2021-07-20,31790,1029.0,1050.0,1021.0,1041.0,0,0,126400.0,131442300.0,1.0,1029.0,1050.0,1021.0,1041.0,126400.0
2021-07-21,31790,1064.0,1088.0,1062.0,1074.0,0,0,74000.0,79496700.0,1.0,1064.0,1088.0,1062.0,1074.0,74000.0
2021-07-26,31790,1089.0,1100.0,1073.0,1097.0,0,0,75600.0,82201000.0,1.0,1089.0,1100.0,1073.0,1097.0,75600.0
2021-07-27,31790,1090.0,1090.0,1070.0,1079.0,0,0,59300.0,63865100.0,1.0,1090.0,1090.0,1070.0,1079.0,59300.0
2021-07-28,31790,1075.0,1087.0,1070.0,1073.0,0,0,88600.0,95337200.0,1.0,1075.0,1087.0,1070.0,1073.0,88600.0
2021-07-29,31790,1078.0,1109.0,1078.0,1101.0,0,0,85400.0,93741500.0,1.0,1078.0,1109.0,1078.0,1101.0,85400.0
2021-07-30,31790,1094.0,1122.0,1094.0,1120.0,0,0,93300.0,104048100.0,1.0,1094.0,1122.0,1094.0,1120.0,93300.0
2021-08-02,31790,1129.0,1145.0,1116.0,1132.0,0,0,93800.0,105936100.0,1.0,1129.0,1145.0,1116.0,1132.0,93800.0
2021-08-03,31790,1125.0,1138.0,1102.0,1130.0,0,0,114400.0,128472100.0,1.0,1125.0,1138.0,1102.0,1130.0,114400.0
2021-08-04,31790,1130.0,1134.0,1105.0,1128.0,0,0,259600.0,291059200.0,1.0,1130.0,1134.0,1105.0,1128.0,259600.0
2021-08-05,31790,1250.0,1332.0,1228.0,1263.0,0,0,2248600.0,2869112400.0,1.0,1250.0,1332.0,1228.0,1263.0,2248600.0
2021-08-06,31790,1242.0,1305.0,1230.0,1274.0,0,0,652800.0,833036000.0,1.0,1242.0,1305.0,1230.0,1274.0,652800.0
2021-08-10,31790,1260.0,1296.0,1235.0,1269.0,0,0,365900.0,461712900.0,1.0,1260.0,1296.0,1235.0,1269.0,365900.0
2021-08-11,31790,1263.0,1295.0,1254.0,1260.0,0,0,282400.0,359226500.0,1.0,1263.0,1295.0,1254.0,1260.0,282400.0
2021-08-12,31790,1251.0,1259.0,1213.0,1257.0,0,0,303300.0,376378900.0,1.0,1251.0,1259.0,1213.0,1257.0,303300.0
2021-08-13,31790,1244.0,1252.0,1220.0,1227.0,0,0,263000.0,324292400.0,1.0,1244.0,1252.0,1220.0,1227.0,263000.0
2021-08-16,31790,1211.0,1211.0,1157.0,1159.0,0,0,304000.0,356761700.0,1.0,1211.0,1211.0,1157.0,1159.0,304000.0
2021-08-17,31790,1174.0,1176.0,1140.0,1150.0,0,0,138800.0,160583100.0,1.0,1174.0,1176.0,1140.0,1150.0,138800.0
2021-08-18,31790,1152.0,1161.0,1130.0,1156.0,0,0,119700.0,137146300.0,1.0,1152.0,1161.0,1130.0,1156.0,119700.0
2021-08-19,31790,1155.0,1158.0,1115.0,1123.0,0,0,169700.0,192379300.0,1.0,1155.0,1158.0,1115.0,1123.0,169700.0
2021-08-20,31790,1144.0,1149.0,1112.0,1120.0,0,0,136600.0,153736800.0,1.0,1144.0,1149.0,1112.0,1120.0,136600.0
2021-08-23,31790,1111.0,1151.0,1106.0,1125.0,0,0,220900.0,249997300.0,1.0,1111.0,1151.0,1106.0,1125.0,220900.0
2021-08-24,31790,1125.0,1180.0,1125.0,1180.0,0,0,145600.0,169662900.0,1.0,1125.0,1180.0,1125.0,1180.0,145600.0
2021-08-25,31790,1185.0,1230.0,1180.0,1190.0,0,0,229600.0,277804600.0,1.0,1185.0,1230.0,1180.0,1190.0,229600.0
2021-08-26,31790,1193.0,1194.0,1150.0,1159.0,0,0,171700.0,199654700.0,1.0,1193.0,1194.0,1150.0,1159.0,171700.0
2021-08-27,31790,1156.0,1165.0,1130.0,1160.0,0,0,100300.0,115856200.0,1.0,1156.0,1165.0,1130.0,1160.0,100300.0
2021-08-30,31790,1175.0,1196.0,1167.0,1176.0,0,0,74700.0,88404100.0,1.0,1175.0,1196.0,1167.0,1176.0,74700.0
2021-08-31,31790,1178.0,1219.0,1178.0,1216.0,0,0,128600.0,155373600.0,1.0,1178.0,1219.0,1178.0,1216.0,128600.0
2021-09-01,31790,1216.0,1218.0,1188.0,1200.0,0,0,69000.0,82848200.0,1.0,1216.0,1218.0,1188.0,1200.0,69000.0
2021-09-02,31790,1190.0,1202.0,1173.0,1199.0,0,0,109800.0,130400400.0,1.0,1190.0,1202.0,1173.0,1199.0,109800.0
2021-09-03,31790,1207.0,1225.0,1193.0,1216.0,0,0,164400.0,199296700.0,1.0,1207.0,1225.0,1193.0,1216.0,164400.0
2021-09-06,31790,1225.0,1225.0,1186.0,1200.0,0,0,191400.0,230034200.0,1.0,1225.0,1225.0,1186.0,1200.0,191400.0
2021-09-07,31790,1211.0,1211.0,1150.0,1186.0,0,0,407500.0,478583600.0,1.0,1211.0,1211.0,1150.0,1186.0,407500.0
2021-09-08,31790,1195.0,1235.0,1186.0,1235.0,0,0,337400.0,408624500.0,1.0,1195.0,1235.0,1186.0,1235.0,337400.0
2021-09-09,31790,1244.0,1244.0,1195.0,1213.0,0,0,241400.0,293416600.0,1.0,1244.0,1244.0,1195.0,1213.0,241400.0
2021-09-10,31790,1207.0,1238.0,1199.0,1232.0,0,0,163900.0,200597800.0,1.0,1207.0,1238.0,1199.0,1232.0,163900.0
2021-09-13,31790,1229.0,1263.0,1218.0,1254.0,0,0,210900.0,263310900.0,1.0,1229.0,1263.0,1218.0,1254.0,210900.0
2021-09-14,31790,1250.0,1276.0,1236.0,1271.0,0,0,165000.0,207505300.0,1.0,1250.0,1276.0,1236.0,1271.0,165000.0
2021-09-15,31790,1255.0,1308.0,1241.0,1295.0,0,0,211000.0,272311600.0,1.0,1255.0,1308.0,1241.0,1295.0,211000.0
2021-09-16,31790,1300.0,1300.0,1275.0,1287.0,0,0,139400.0,179354900.0,1.0,1300.0,1300.0,1275.0,1287.0,139400.0
2021-09-17,31790,1285.0,1326.0,1280.0,1322.0,0,0,145700.0,191528300.0,1.0,1285.0,1326.0,1280.0,1322.0,145700.0
2021-09-21,31790,1264.0,1287.0,1239.0,1271.0,0,0,181600.0,230407000.0,1.0,1264.0,1287.0,1239.0,1271.0,181600.0
2021-09-22,31790,1251.0,1275.0,1239.0,1239.0,0,0,120400.0,150802800.0,1.0,1251.0,1275.0,1239.0,1239.0,120400.0
2021-09-24,31790,1277.0,1286.0,1262.0,1271.0,0,0,92700.0,117968500.0,1.0,1277.0,1286.0,1262.0,1271.0,92700.0
2021-09-27,31790,1269.0,1284.0,1264.0,1264.0,0,0,75100.0,95562100.0,1.0,1269.0,1284.0,1264.0,1264.0,75100.0
2021-09-28,31790,1266.0,1281.0,1242.0,1279.0,0,0,120300.0,152456300.0,1.0,1266.0,1281.0,1242.0,1279.0,120300.0
2021-09-29,31790,1254.0,1267.0,1242.0,1259.0,0,0,183700.0,230481000.0,1.0,1254.0,1267.0,1242.0,1259.0,183700.0
2021-09-30,31790,1259.0,1293.0,1247.0,1285.0,0,0,142700.0,181986900.0,1.0,1259.0,1293.0,1247.0,1285.0,142700.0
2021-10-01,31790,1272.0,1279.0,1241.0,1242.0,0,0,124900.0,156870100.0,1.0,1272.0,1279.0,1241.0,1242.0,124900.0
2021-10-04,31790,1258.0,1258.0,1186.0,1211.0,0,0,181100.0,218460700.0,1.0,1258.0,1258.0,1186.0,1211.0,181100.0
2021-10-05,31790,1191.0,1195.0,1153.0,1165.0,0,0,135000.0,157884400.0,1.0,1191.0,1195.0,1153.0,1165.0,135000.0
2021-10-06,31790,1187.0,1209.0,1139.0,1142.0,0,0,128600.0,150875800.0,1.0,1187.0,1209.0,1139.0,1142.0,128600.0
2021-10-07,31790,1143.0,1154.0,1129.0,1135.0,0,0,125600.0,143601900.0,1.0,1143.0,1154.0,1129.0,1135.0,125600.0
2021-10-08,31790,1158.0,1196.0,1158.0,1185.0,0,0,158400.0,186964300.0,1.0,1158.0,1196.0,1158.0,1185.0,158400.0
2021-10-11,31790,1206.0,1226.0,1177.0,1226.0,0,0,119600.0,144690100.0,1.0,1206.0,1226.0,1177.0,1226.0,119600.0
2021-10-12,31790,1217.0,1227.0,1205.0,1221.0,0,0,69900.0,85179500.0,1.0,1217.0,1227.0,1205.0,1221.0,69900.0
2021-10-13,31790,1205.0,1225.0,1195.0,1209.0,0,0,78800.0,95448700.0,1.0,1205.0,1225.0,1195.0,1209.0,78800.0
2021-10-14,31790,1202.0,1220.0,1187.0,1219.0,0,0,69700.0,84352800.0,1.0,1202.0,1220.0,1187.0,1219.0,69700.0
2021-10-15,31790,1230.0,1252.0,1226.0,1252.0,0,0,87200.0,108589600.0,1.0,1230.0,1252.0,1226.0,1252.0,87200.0
2021-10-18,31790,1258.0,1314.0,1258.0,1308.0,0,0,193300.0,250403200.0,1.0,1258.0,1314.0,1258.0,1308.0,193300.0
2021-10-19,31790,1310.0,1390.0,1308.0,1364.0,0,0,323200.0,440211700.0,1.0,1310.0,1390.0,1308.0,1364.0,323200.0
2021-10-20,31790,1363.0,1370.0,1323.0,1323.0,0,0,149700.0,201645700.0,1.0,1363.0,1370.0,1323.0,1323.0,149700.0
2021-10-21,31790,1317.0,1334.0,1293.0,1294.0,0,0,136200.0,179180400.0,1.0,1317.0,1334.0,1293.0,1294.0,136200.0
2021-10-22,31790,1298.0,1305.0,1289.0,1290.0,0,0,121300.0,157304200.0,1.0,1298.0,1305.0,1289.0,1290.0,121300.0
2021-10-25,31790,1273.0,1295.0,1252.0,1287.0,0,0,150900.0,192042000.0,1.0,1273.0,1295.0,1252.0,1287.0,150900.0
2021-10-26,31790,1300.0,1325.0,1288.0,1315.0,0,0,147700.0,193196800.0,1.0,1300.0,1325.0,1288.0,1315.0,147700.0
2021-10-27,31790,1315.0,1322.0,1299.0,1315.0,0,0,97400.0,127864000.0,1.0,1315.0,1322.0,1299.0,1315.0,97400.0
2021-10-28,31790,1306.0,1316.0,1291.0,1299.0,0,0,379400.0,493770200.0,1.0,1306.0,1316.0,1291.0,1299.0,379400.0
2021-10-29,31790,1299.0,1311.0,1257.0,1257.0,0,0,74700.0,95387700.0,1.0,1299.0,1311.0,1257.0,1257.0,74700.0
2021-11-01,31790,1282.0,1315.0,1280.0,1314.0,0,0,96600.0,126350000.0,1.0,1282.0,1315.0,1280.0,1314.0,96600.0
2021-11-02,31790,1320.0,1353.0,1320.0,1344.0,0,0,77700.0,104143400.0,1.0,1320.0,1353.0,1320.0,1344.0,77700.0
2021-11-04,31790,1351.0,1358.0,1324.0,1344.0,0,0,74400.0,99878000.0,1.0,1351.0,1358.0,1324.0,1344.0,74400.0
2021-11-05,31790,1330.0,1350.0,1316.0,1343.0,0,0,78900.0,105344800.0,1.0,1330.0,1350.0,1316.0,1343.0,78900.0
2021-11-08,31790,1343.0,1343.0,1299.0,1313.0,0,0,127800.0,168521500.0,1.0,1343.0,1343.0,1299.0,1313.0,127800.0
2021-11-09,31790,1234.0,1265.0,1152.0,1207.0,0,0,664900.0,795278700.0,1.0,1234.0,1265.0,1152.0,1207.0,664900.0
2021-11-10,31790,1196.0,1241.0,1196.0,1206.0,0,0,308100.0,376081300.0,1.0,1196.0,1241.0,1196.0,1206.0,308100.0
2021-11-11,31790,1192.0,1200.0,1125.0,1143.0,0,0,292400.0,338081200.0,1.0,1192.0,1200.0,1125.0,1143.0,292400.0
2021-11-12,31790,1149.0,1149.0,1094.0,1100.0,0,0,210400.0,234049400.0,1.0,1149.0,1149.0,1094.0,1100.0,210400.0
2021-11-15,31790,1110.0,1119.0,1076.0,1097.0,0,0,178400.0,195310900.0,1.0,1110.0,1119.0,1076.0,1097.0,178400.0
2021-11-16,31790,1101.0,1106.0,1080.0,1082.0,0,0,155900.0,170102900.0,1.0,1101.0,1106.0,1080.0,1082.0,155900.0
2021-11-17,31790,1108.0,1137.0,1083.0,1094.0,0,0,275900.0,305954300.0,1.0,1108.0,1137.0,1083.0,1094.0,275900.0
2021-11-18,31790,1085.0,1085.0,1044.0,1055.0,0,0,189700.0,200400900.0,1.0,1085.0,1085.0,1044.0,1055.0,189700.0
2021-11-19,31790,1064.0,1075.0,1040.0,1045.0,0,0,129200.0,135648600.0,1.0,1064.0,1075.0,1040.0,1045.0,129200.0
2021-11-22,31790,1045.0,1059.0,1022.0,1059.0,0,0,202400.0,210745100.0,1.0,1045.0,1059.0,1022.0,1059.0,202400.0
2021-11-24,31790,1053.0,1053.0,1011.0,1017.0,0,0,140600.0,144476300.0,1.0,1053.0,1053.0,1011.0,1017.0,140600.0
2021-11-25,31790,1042.0,1064.0,1026.0,1039.0,0,0,120400.0,125445500.0,1.0,1042.0,1064.0,1026.0,1039.0,120400.0
2021-11-26,31790,1030.0,1030.0,1005.0,1019.0,0,0,97500.0,99302200.0,1.0,1030.0,1030.0,1005.0,1019.0,97500.0
2021-11-29,31790,998.0,1022.0,972.0,972.0,0,0,215500.0,212999600.0,1.0,998.0,1022.0,972.0,972.0,215500.0
2021-11-30,31790,1001.0,1023.0,972.0,973.0,0,0,147900.0,146669300.0,1.0,1001.0,1023.0,972.0,973.0,147900.0
2021-12-01,31790,988.0,1023.0,957.0,1008.0,0,0,332300.0,331192200.0,1.0,988.0,1023.0,957.0,1008.0,332300.0
2021-12-02,31790,998.0,1012.0,976.0,989.0,0,0,214300.0,212319200.0,1.0,998.0,1012.0,976.0,989.0,214300.0
2021-12-03,31790,995.0,1021.0,993.0,1021.0,0,0,103800.0,104516300.0,1.0,995.0,1021.0,993.0,1021.0,103800.0
2021-12-06,31790,1007.0,1019.0,993.0,1006.0,0,0,210500.0,211401800.0,1.0,1007.0,1019.0,993.0,1006.0,210500.0
2021-12-07,31790,1020.0,1053.0,1016.0,1053.0,0,0,196400.0,204220900.0,1.0,1020.0,1053.0,1016.0,1053.0,196400.0
2021-12-08,31790,1116.0,1118.0,1047.0,1092.0,0,0,589100.0,639478400.0,1.0,1116.0,1118.0,1047.0,1092.0,589100.0
2021-12-09,31790,1090.0,1101.0,1063.0,1090.0,0,0,215900.0,235051100.0,1.0,1090.0,1101.0,1063.0,1090.0,215900.0
2021-12-10,31790,1075.0,1079.0,1021.0,1028.0,0,0,207300.0,215760300.0,1.0,1075.0,1079.0,1021.0,1028.0,207300.0
2021-12-13,31790,1038.0,1053.0,1024.0,1029.0,0,0,99400.0,102728000.0,1.0,1038.0,1053.0,1024.0,1029.0,99400.0
2021-12-14,31790,1080.0,1087.0,1006.0,1024.0,0,0,415600.0,430400300.0,1.0,1080.0,1087.0,1006.0,1024.0,415600.0
2021-12-15,31790,1022.0,1062.0,1011.0,1056.0,0,0,211500.0,221307800.0,1.0,1022.0,1062.0,1011.0,1056.0,211500.0
2021-12-16,31790,1072.0,1100.0,1067.0,1098.0,0,0,140100.0,152664500.0,1.0,1072.0,1100.0,1067.0,1098.0,140100.0
2021-12-17,31790,1075.0,1100.0,1068.0,1074.0,0,0,118400.0,127936400.0,1.0,1075.0,1100.0,1068.0,1074.0,118400.0
2021-12-20,31790,1050.0,1051.0,1005.0,1008.0,0,0,192000.0,196035700.0,1.0,1050.0,1051.0,1005.0,1008.0,192000.0
2021-12-21,31790,1029.0,1057.0,1016.0,1050.0,0,0,134800.0,140627100.0,1.0,1029.0,1057.0,1016.0,1050.0,134800.0
2021-12-22,31790,1071.0,1092.0,1053.0,1077.0,0,0,173000.0,186336000.0,1.0,1071.0,1092.0,1053.0,1077.0,173000.0
2021-12-23,31790,1072.0,1072.0,1046.0,1051.0,0,0,153900.0,162260600.0,1.0,1072.0,1072.0,1046.0,1051.0,153900.0
2021-12-24,31790,1053.0,1069.0,1048.0,1051.0,0,0,91600.0,96832800.0,1.0,1053.0,1069.0,1048.0,1051.0,91600.0
2021-12-27,31790,1051.0,1052.0,1026.0,1033.0,0,0,123000.0,127413200.0,1.0,1051.0,1052.0,1026.0,1033.0,123000.0
2021-12-28,31790,1060.0,1077.0,1049.0,1077.0,0,0,176300.0,188123300.0,1.0,1060.0,1077.0,1049.0,1077.0,176300.0
2021-12-29,31790,1076.0,1100.0,1076.0,1100.0,0,0,108800.0,118943500.0,1.0,1076.0,1100.0,1076.0,1100.0,108800.0
2021-12-30,31790,1090.0,1092.0,1070.0,1087.0,0,0,106600.0,115797300.0,1.0,1090.0,1092.0,1070.0,1087.0,106600.0
2022-01-04,31790,1094.0,1096.0,1062.0,1074.0,0,0,141500.0,152673900.0,1.0,1094.0,1096.0,1062.0,1074.0,141500.0
2022-01-05,31790,1073.0,1073.0,1033.0,1038.0,0,0,108300.0,113212000.0,1.0,1073.0,1073.0,1033.0,1038.0,108300.0
2022-01-06,31790,1027.0,1034.0,1000.0,1005.0,0,0,159700.0,161393800.0,1.0,1027.0,1034.0,1000.0,1005.0,159700.0
2022-01-07,31790,1024.0,1060.0,1001.0,1027.0,0,0,205100.0,210330900.0,1.0,1024.0,1060.0,1001.0,1027.0,205100.0
2022-01-11,31790,1031.0,1032.0,991.0,1025.0,0,0,148200.0,149682300.0,1.0,1031.0,1032.0,991.0,1025.0,148200.0
2022-01-12,31790,1040.0,1116.0,1040.0,1115.0,0,0,604800.0,657684200.0,1.0,1040.0,1116.0,1040.0,1115.0,604800.0
2022-01-13,31790,1120.0,1139.0,1088.0,1090.0,0,0,293300.0,323609900.0,1.0,1120.0,1139.0,1088.0,1090.0,293300.0
2022-01-14,31790,1060.0,1071.0,1021.0,1026.0,0,0,437200.0,456330100.0,1.0,1060.0,1071.0,1021.0,1026.0,437200.0
2022-01-17,31790,1035.0,1076.0,1035.0,1056.0,0,0,203200.0,214597800.0,1.0,1035.0,1076.0,1035.0,1056.0,203200.0
2022-01-18,31790,1217.0,1242.0,1152.0,1224.0,0,0,3527600.0,4261232500.0,1.0,1217.0,1242.0,1152.0,1224.0,3527600.0
2022-01-19,31790,1213.0,1219.0,1112.0,1130.0,0,0,1399800.0,1620077600.0,1.0,1213.0,1219.0,1112.0,1130.0,1399800.0
2022-01-20,31790,1129.0,1182.0,1121.0,1178.0,0,0,686500.0,797092100.0,1.0,1129.0,1182.0,1121.0,1178.0,686500.0
2022-01-21,31790,1140.0,1162.0,1101.0,1159.0,0,0,646600.0,728268700.0,1.0,1140.0,1162.0,1101.0,1159.0,646600.0
2022-01-24,31790,1129.0,1182.0,1124.0,1181.0,0,0,269100.0,311264400.0,1.0,1129.0,1182.0,1124.0,1181.0,269100.0
2022-01-25,31790,1178.0,1185.0,1108.0,1114.0,0,0,305300.0,347094500.0,1.0,1178.0,1185.0,1108.0,1114.0,305300.0
2022-01-26,31790,1102.0,1125.0,1063.0,1112.0,0,0,333500.0,365689100.0,1.0,1102.0,1125.0,1063.0,1112.0,333500.0
2022-01-27,31790,1101.0,1120.0,1024.0,1039.0,0,0,464000.0,492260200.0,1.0,1101.0,1120.0,1024.0,1039.0,464000.0
2022-01-28,31790,1031.0,1038.0,993.0,1021.0,0,0,429800.0,436527800.0,1.0,1031.0,1038.0,993.0,1021.0,429800.0
2022-01-31,31790,1017.0,1074.0,1015.0,1053.0,0,0,315900.0,331511600.0,1.0,1017.0,1074.0,1015.0,1053.0,315900.0
2022-02-01,31790,1074.0,1117.0,1065.0,1083.0,0,0,268900.0,292240600.0,1.0,1074.0,1117.0,1065.0,1083.0,268900.0
2022-02-02,31790,1080.0,1119.0,1080.0,1116.0,0,0,166600.0,184591900.0,1.0,1080.0,1119.0,1080.0,1116.0,166600.0
2022-02-03,31790,1086.0,1101.0,1068.0,1092.0,0,0,154100.0,166957200.0,1.0,1086.0,1101.0,1068.0,1092.0,154100.0
2022-02-04,31790,1070.0,1105.0,1058.0,1082.0,0,0,224800.0,241655400.0,1.0,1070.0,1105.0,1058.0,1082.0,224800.0
2022-02-07,31790,1080.0,1086.0,1056.0,1079.0,0,0,353600.0,378179600.0,1.0,1080.0,1086.0,1056.0,1079.0,353600.0
2022-02-08,31790,1100.0,1111.0,1019.0,1020.0,0,0,881500.0,933421200.0,1.0,1100.0,1111.0,1019.0,1020.0,881500.0
2022-02-09,31790,1050.0,1157.0,1039.0,1149.0,0,0,848000.0,940256100.0,1.0,1050.0,1157.0,1039.0,1149.0,848000.0
2022-02-10,31790,1171.0,1198.0,1139.0,1197.0,0,0,583300.0,690420200.0,1.0,1171.0,1198.0,1139.0,1197.0,583300.0
2022-02-14,31790,1161.0,1205.0,1160.0,1172.0,0,0,355900.0,419732700.0,1.0,1161.0,1205.0,1160.0,1172.0,355900.0
2022-02-15,31790,1183.0,1188.0,1146.0,1160.0,0,0,206600.0,240786700.0,1.0,1183.0,1188.0,1146.0,1160.0,206600.0
2022-02-16,31790,1190.0,1203.0,1164.0,1195.0,0,0,270600.0,321369300.0,1.0,1190.0,1203.0,1164.0,1195.0,270600.0
2022-02-17,31790,1190.0,1190.0,1151.0,1180.0,0,0,229400.0,269538600.0,1.0,1190.0,1190.0,1151.0,1180.0,229400.0
2022-02-18,31790,1160.0,1180.0,1147.0,1158.0,0,0,243300.0,281915800.0,1.0,1160.0,1180.0,1147.0,1158.0,243300.0
2022-02-21,31790,1121.0,1144.0,1094.0,1136.0,0,0,192200.0,214970600.0,1.0,1121.0,1144.0,1094.0,1136.0,192200.0
2022-02-22,31790,1106.0,1139.0,1103.0,1135.0,0,0,145800.0,163961100.0,1.0,1106.0,1139.0,1103.0,1135.0,145800.0
2022-02-24,31790,1116.0,1130.0,1079.0,1085.0,0,0,237700.0,261584200.0,1.0,1116.0,1130.0,1079.0,1085.0,237700.0
2022-02-25,31790,1115.0,1178.0,1111.0,1176.0,0,0,522700.0,593856200.0,1.0,1115.0,1178.0,1111.0,1176.0,522700.0
2022-02-28,31790,1181.0,1191.0,1155.0,1183.0,0,0,288600.0,339547200.0,1.0,1181.0,1191.0,1155.0,1183.0,288600.0
2022-03-01,31790,1209.0,1232.0,1192.0,1229.0,0,0,228700.0,278390800.0,1.0,1209.0,1232.0,1192.0,1229.0,228700.0
2022-03-02,31790,1220.0,1222.0,1172.0,1180.0,0,0,218700.0,260937600.0,1.0,1220.0,1222.0,1172.0,1180.0,218700.0
2022-03-03,31790,1199.0,1209.0,1168.0,1177.0,0,0,124100.0,147273500.0,1.0,1199.0,1209.0,1168.0,1177.0,124100.0
2022-03-04,31790,1165.0,1165.0,1128.0,1152.0,0,0,307900.0,353026400.0,1.0,1165.0,1165.0,1128.0,1152.0,307900.0
2022-03-07,31790,1122.0,1135.0,1081.0,1128.0,0,0,390500.0,432982800.0,1.0,1122.0,1135.0,1081.0,1128.0,390500.0
2022-03-08,31790,1099.0,1106.0,1024.0,1031.0,0,0,419100.0,446144900.0,1.0,1099.0,1106.0,1024.0,1031.0,419100.0
2022-03-09,31790,1056.0,1068.0,994.0,996.0,0,0,295200.0,301985500.0,1.0,1056.0,1068.0,994.0,996.0,295200.0
2022-03-10,31790,1041.0,1048.0,1033.0,1042.0,0,0,222400.0,231690400.0,1.0,1041.0,1048.0,1033.0,1042.0,222400.0
2022-03-11,31790,1036.0,1048.0,1014.0,1031.0,0,0,183400.0,188889500.0,1.0,1036.0,1048.0,1014.0,1031.0,183400.0
2022-03-14,31790,1035.0,1056.0,1033.0,1050.0,0,0,186300.0,194214900.0,1.0,1035.0,1056.0,1033.0,1050.0,186300.0
2022-03-15,31790,1071.0,1130.0,1064.0,1100.0,0,0,359200.0,395470300.0,1.0,1071.0,1130.0,1064.0,1100.0,359200.0
2022-03-16,31790,1120.0,1124.0,1057.0,1089.0,0,0,339300.0,366567000.0,1.0,1120.0,1124.0,1057.0,1089.0,339300.0
2022-03-17,31790,1143.0,1198.0,1131.0,1188.0,0,0,466100.0,546262900.0,1.0,1143.0,1198.0,1131.0,1188.0,466100.0
2022-03-18,31790,1175.0,1211.0,1171.0,1210.0,0,0,255800.0,306320300.0,1.0,1175.0,1211.0,1171.0,1210.0,255800.0
2022-03-22,31790,1228.0,1268.0,1203.0,1236.0,0,0,639900.0,791631900.0,1.0,1228.0,1268.0,1203.0,1236.0,639900.0
2022-03-23,31790,1265.0,1299.0,1240.0,1285.0,0,0,318400.0,405349500.0,1.0,1265.0,1299.0,1240.0,1285.0,318400.0
2022-03-24,31790,1273.0,1313.0,1265.0,1301.0,0,0,251800.0,326427400.0,1.0,1273.0,1313.0,1265.0,1301.0,251800.0
2022-03-25,31790,1306.0,1316.0,1274.0,1313.0,0,0,230000.0,298620800.0,1.0,1306.0,1316.0,1274.0,1313.0,230000.0
2022-03-28,31790,1310.0,1310.0,1263.0,1271.0,0,0,229400.0,295366800.0,1.0,1310.0,1310.0,1263.0,1271.0,229400.0
2022-03-29,31790,1272.0,1278.0,1240.0,1267.0,0,0,441600.0,557976100.0,1.0,1272.0,1278.0,1240.0,1267.0,441600.0
2022-03-30,31790,1298.0,1323.0,1259.0,1320.0,0,0,427200.0,555647800.0,1.0,1298.0,1323.0,1259.0,1320.0,427200.0
2022-03-31,31790,1310.0,1326.0,1300.0,1318.0,0,0,132500.0,173966200.0,1.0,1310.0,1326.0,1300.0,1318.0,132500.0
2022-04-01,31790,1300.0,1363.0,1271.0,1348.0,0,0,290500.0,385502200.0,1.0,1300.0,1363.0,1271.0,1348.0,290500.0
2022-04-04,31790,1348.0,1444.0,1319.0,1412.0,0,0,628100.0,878191500.0,1.0,1348.0,1444.0,1319.0,1412.0,628100.0
2022-04-05,31790,1447.0,1484.0,1446.0,1465.0,0,0,495700.0,726542500.0,1.0,1447.0,1484.0,1446.0,1465.0,495700.0
2022-04-06,31790,1402.0,1442.0,1380.0,1380.0,0,0,493200.0,691309700.0,1.0,1402.0,1442.0,1380.0,1380.0,493200.0
2022-04-07,31790,1363.0,1393.0,1341.0,1364.0,0,0,269000.0,366365800.0,1.0,1363.0,1393.0,1341.0,1364.0,269000.0
2022-04-08,31790,1376.0,1390.0,1346.0,1370.0,0,0,211300.0,288975900.0,1.0,1376.0,1390.0,1346.0,1370.0,211300.0
2022-04-11,31790,1377.0,1421.0,1362.0,1369.0,0,0,260900.0,361568800.0,1.0,1377.0,1421.0,1362.0,1369.0,260900.0
2022-04-12,31790,1355.0,1377.0,1331.0,1333.0,0,0,129200.0,173799000.0,1.0,1355.0,1377.0,1331.0,1333.0,129200.0
2022-04-13,31790,1325.0,1325.0,1282.0,1295.0,0,0,210800.0,273708100.0,1.0,1325.0,1325.0,1282.0,1295.0,210800.0
2022-04-14,31790,1287.0,1287.0,1214.0,1250.0,0,0,342500.0,424573800.0,1.0,1287.0,1287.0,1214.0,1250.0,342500.0
2022-04-15,31790,1237.0,1274.0,1225.0,1263.0,0,0,162000.0,203598500.0,1.0,1237.0,1274.0,1225.0,1263.0,162000.0
2022-04-18,31790,1245.0,1269.0,1236.0,1262.0,0,0,151700.0,190772900.0,1.0,1245.0,1269.0,1236.0,1262.0,151700.0
2022-04-19,31790,1268.0,1288.0,1258.0,1261.0,0,0,133700.0,169784700.0,1.0,1268.0,1288.0,1258.0,1261.0,133700.0
2022-04-20,31790,1285.0,1286.0,1238.0,1244.0,0,0,170800.0,214818000.0,1.0,1285.0,1286.0,1238.0,1244.0,170800.0
2022-04-21,31790,1244.0,1261.0,1227.0,1247.0,0,0,133700.0,166475600.0,1.0,1244.0,1261.0,1227.0,1247.0,133700.0
2022-04-22,31790,1224.0,1237.0,1193.0,1233.0,0,0,208000.0,252865900.0,1.0,1224.0,1237.0,1193.0,1233.0,208000.0
2022-04-25,31790,1184.0,1257.0,1184.0,1246.0,0,0,287900.0,355110500.0,1.0,1184.0,1257.0,1184.0,1246.0,287900.0
2022-04-26,31790,1249.0,1253.0,1216.0,1242.0,0,0,149700.0,184772800.0,1.0,1249.0,1253.0,1216.0,1242.0,149700.0
2022-04-27,31790,1205.0,1269.0,1202.0,1264.0,0,0,216600.0,269740200.0,1.0,1205.0,1269.0,1202.0,1264.0,216600.0
2022-04-28,31790,1236.0,1261.0,1225.0,1240.0,0,0,187200.0,232788100.0,1.0,1236.0,1261.0,1225.0,1240.0,187200.0
2022-05-02,31790,1227.0,1227.0,1190.0,1216.0,0,0,123400.0,149019500.0,1.0,1227.0,1227.0,1190.0,1216.0,123400.0
2022-05-06,31790,1216.0,1216.0,1156.0,1174.0,0,0,175900.0,207120100.0,1.0,1216.0,1216.0,1156.0,1174.0,175900.0
2022-05-09,31790,1159.0,1170.0,1106.0,1132.0,0,0,219900.0,250467000.0,1.0,1159.0,1170.0,1106.0,1132.0,219900.0
2022-05-10,31790,1118.0,1124.0,1082.0,1093.0,0,0,221800.0,242788000.0,1.0,1118.0,1124.0,1082.0,1093.0,221800.0
2022-05-11,31790,1099.0,1130.0,1085.0,1114.0,0,0,271800.0,302370300.0,1.0,1099.0,1130.0,1085.0,1114.0,271800.0
2022-05-12,31790,1250.0,1328.0,1230.0,1300.0,0,0,1077300.0,1391475100.0,1.0,1250.0,1328.0,1230.0,1300.0,1077300.0
2022-05-13,31790,1326.0,1375.0,1301.0,1345.0,0,0,460700.0,618409600.0,1.0,1326.0,1375.0,1301.0,1345.0,460700.0
2022-05-16,31790,1346.0,1367.0,1305.0,1366.0,0,0,324500.0,437093900.0,1.0,1346.0,1367.0,1305.0,1366.0,324500.0
2022-05-17,31790,1354.0,1355.0,1308.0,1322.0,0,0,220800.0,293913500.0,1.0,1354.0,1355.0,1308.0,1322.0,220800.0
2022-05-18,31790,1350.0,1416.0,1350.0,1355.0,0,0,367300.0,506937300.0,1.0,1350.0,1416.0,1350.0,1355.0,367300.0
2022-05-19,31790,1309.0,1345.0,1295.0,1332.0,0,0,345700.0,458073000.0,1.0,1309.0,1345.0,1295.0,1332.0,345700.0
2022-05-20,31790,1334.0,1386.0,1317.0,1386.0,0,0,213000.0,289128600.0,1.0,1334.0,1386.0,1317.0,1386.0,213000.0
2022-05-23,31790,1400.0,1454.0,1394.0,1438.0,0,0,271800.0,389426500.0,1.0,1400.0,1454.0,1394.0,1438.0,271800.0
2022-05-24,31790,1435.0,1441.0,1397.0,1397.0,0,0,132800.0,187790300.0,1.0,1435.0,1441.0,1397.0,1397.0,132800.0
2022-05-25,31790,1388.0,1410.0,1372.0,1410.0,0,0,112600.0,157384200.0,1.0,1388.0,1410.0,1372.0,1410.0,112600.0
2022-05-26,31790,1431.0,1460.0,1400.0,1404.0,0,0,123900.0,176288400.0,1.0,1431.0,1460.0,1400.0,1404.0,123900.0
2022-05-27,31790,1449.0,1455.0,1415.0,1430.0,0,0,180800.0,258923800.0,1.0,1449.0,1455.0,1415.0,1430.0,180800.0
2022-05-30,31790,1459.0,1461.0,1427.0,1447.0,0,0,242800.0,350688900.0,1.0,1459.0,1461.0,1427.0,1447.0,242800.0
2022-05-31,31790,1456.0,1474.0,1425.0,1463.0,0,0,149600.0,217350200.0,1.0,1456.0,1474.0,1425.0,1463.0,149600.0
2022-06-01,31790,1460.0,1504.0,1446.0,1461.0,0,0,156200.0,230010700.0,1.0,1460.0,1504.0,1446.0,1461.0,156200.0
2022-06-02,31790,1461.0,1493.0,1446.0,1491.0,0,0,105500.0,155295300.0,1.0,1461.0,1493.0,1446.0,1491.0,105500.0
2022-06-03,31790,1550.0,1563.0,1511.0,1542.0,0,0,185900.0,285258100.0,1.0,1550.0,1563.0,1511.0,1542.0,185900.0
2022-06-06,31790,1527.0,1574.0,1523.0,1572.0,0,0,177500.0,277191400.0,1.0,1527.0,1574.0,1523.0,1572.0,177500.0
2022-06-07,31790,1570.0,1574.0,1538.0,1549.0,0,0,195000.0,303170500.0,1.0,1570.0,1574.0,1538.0,1549.0,195000.0
2022-06-08,31790,1560.0,1560.0,1487.0,1502.0,0,0,280800.0,423512600.0,1.0,1560.0,1560.0,1487.0,1502.0,280800.0
2022-06-09,31790,1502.0,1530.0,1486.0,1510.0,0,0,162200.0,244319400.0,1.0,1502.0,1530.0,1486.0,1510.0,162200.0
2022-06-10,31790,1504.0,1517.0,1487.0,1494.0,0,0,107400.0,160826400.0,1.0,1504.0,1517.0,1487.0,1494.0,107400.0
2022-06-13,31790,1450.0,1485.0,1450.0,1464.0,0,0,143600.0,210065700.0,1.0,1450.0,1485.0,1450.0,1464.0,143600.0
2022-06-14,31790,1434.0,1501.0,1433.0,1501.0,0,0,154400.0,227841600.0,1.0,1434.0,1501.0,1433.0,1501.0,154400.0
2022-06-15,31790,1536.0,1536.0,1392.0,1400.0,0,0,479400.0,680821700.0,1.0,1536.0,1536.0,1392.0,1400.0,479400.0
2022-06-16,31790,1460.0,1491.0,1417.0,1423.0,0,0,283500.0,412168800.0,1.0,1460.0,1491.0,1417.0,1423.0,283500.0
2022-06-17,31790,1370.0,1409.0,1364.0,1373.0,0,0,228300.0,315467300.0,1.0,1370.0,1409.0,1364.0,1373.0,228300.0
2022-06-20,31790,1400.0,1400.0,1323.0,1346.0,0,0,173500.0,234681200.0,1.0,1400.0,1400.0,1323.0,1346.0,173500.0
2022-06-21,31790,1348.0,1391.0,1334.0,1347.0,0,0,142400.0,193962900.0,1.0,1348.0,1391.0,1334.0,1347.0,142400.0
2022-06-22,31790,1352.0,1366.0,1330.0,1356.0,0,0,125900.0,169843600.0,1.0,1352.0,1366.0,1330.0,1356.0,125900.0
2022-06-23,31790,1345.0,1377.0,1340.0,1360.0,0,0,105600.0,143639200.0,1.0,1345.0,1377.0,1340.0,1360.0,105600.0
2022-06-24,31790,1409.0,1444.0,1407.0,1443.0,0,0,169700.0,242628700.0,1.0,1409.0,1444.0,1407.0,1443.0,169700.0
2022-06-27,31790,1500.0,1500.0,1418.0,1467.0,0,0,223800.0,324710600.0,1.0,1500.0,1500.0,1418.0,1467.0,223800.0
2022-06-28,31790,1437.0,1443.0,1386.0,1431.0,0,0,277400.0,393201400.0,1.0,1437.0,1443.0,1386.0,1431.0,277400.0
2022-06-29,31790,1415.0,1474.0,1406.0,1471.0,0,0,191100.0,276945600.0,1.0,1415.0,1474.0,1406.0,1471.0,191100.0
2022-06-30,31790,1454.0,1477.0,1433.0,1452.0,0,0,147800.0,214596200.0,1.0,1454.0,1477.0,1433.0,1452.0,147800.0
2022-07-01,31790,1434.0,1439.0,1352.0,1365.0,0,0,211900.0,292986300.0,1.0,1434.0,1439.0,1352.0,1365.0,211900.0
2022-07-04,31790,1402.0,1407.0,1366.0,1376.0,0,0,85400.0,118402600.0,1.0,1402.0,1407.0,1366.0,1376.0,85400.0
2022-07-05,31790,1378.0,1397.0,1364.0,1369.0,0,0,101700.0,139926200.0,1.0,1378.0,1397.0,1364.0,1369.0,101700.0
2022-07-06,31790,1379.0,1382.0,1352.0,1372.0,0,0,115500.0,158061100.0,1.0,1379.0,1382.0,1352.0,1372.0,115500.0
2022-07-07,31790,1372.0,1372.0,1310.0,1333.0,0,0,140400.0,186699200.0,1.0,1372.0,1372.0,1310.0,1333.0,140400.0
2022-07-08,31790,1333.0,1352.0,1275.0,1302.0,0,0,418300.0,545703200.0,1.0,1333.0,1352.0,1275.0,1302.0,418300.0
2022-07-11,31790,1326.0,1360.0,1322.0,1342.0,0,0,112200.0,150655900.0,1.0,1326.0,1360.0,1322.0,1342.0,112200.0
2022-07-12,31790,1321.0,1338.0,1290.0,1300.0,0,0,135500.0,176818500.0,1.0,1321.0,1338.0,1290.0,1300.0,135500.0
2022-07-13,31790,1290.0,1310.0,1286.0,1295.0,0,0,183500.0,237906600.0,1.0,1290.0,1310.0,1286.0,1295.0,183500.0
2022-07-14,31790,1305.0,1314.0,1282.0,1298.0,0,0,161000.0,208393300.0,1.0,1305.0,1314.0,1282.0,1298.0,161000.0
2022-07-15,31790,1297.0,1307.0,1274.0,1275.0,0,0,108700.0,139703500.0,1.0,1297.0,1307.0,1274.0,1275.0,108700.0
2022-07-19,31790,1289.0,1289.0,1264.0,1277.0,0,0,88300.0,112641500.0,1.0,1289.0,1289.0,1264.0,1277.0,88300.0
2022-07-20,31790,1298.0,1319.0,1286.0,1317.0,0,0,112100.0,146741900.0,1.0,1298.0,1319.0,1286.0,1317.0,112100.0
2022-07-21,31790,1315.0,1355.0,1309.0,1350.0,0,0,140800.0,188653300.0,1.0,1315.0,1355.0,1309.0,1350.0,140800.0
2022-07-22,31790,1360.0,1407.0,1353.0,1402.0,0,0,309000.0,427699600.0,1.0,1360.0,1407.0,1353.0,1402.0,309000.0
2022-07-25,31790,1400.0,1405.0,1364.0,1369.0,0,0,161600.0,222777300.0,1.0,1400.0,1405.0,1364.0,1369.0,161600.0
2022-07-26,31790,1370.0,1448.0,1370.0,1446.0,0,0,215300.0,306997100.0,1.0,1370.0,1448.0,1370.0,1446.0,215300.0
2022-07-27,31790,1422.0,1431.0,1404.0,1407.0,0,0,116900.0,165422300.0,1.0,1422.0,1431.0,1404.0,1407.0,116900.0
2022-07-28,31790,1417.0,1418.0,1384.0,1399.0,0,0,123500.0,172499800.0,1.0,1417.0,1418.0,1384.0,1399.0,123500.0
2022-07-29,31790,1391.0,1409.0,1380.0,1402.0,0,0,87100.0,121682800.0,1.0,1391.0,1409.0,1380.0,1402.0,87100.0
2022-08-01,31790,1409.0,1459.0,1401.0,1456.0,0,0,129700.0,187090700.0,1.0,1409.0,1459.0,1401.0,1456.0,129700.0
2022-08-02,31790,1461.0,1461.0,1422.0,1436.0,0,0,165600.0,238353700.0,1.0,1461.0,1461.0,1422.0,1436.0,165600.0
2022-08-03,31790,1449.0,1455.0,1410.0,1410.0,0,0,171900.0,244658800.0,1.0,1449.0,1455.0,1410.0,1410.0,171900.0
2022-08-04,31790,1421.0,1439.0,1389.0,1428.0,0,0,223900.0,317867500.0,1.0,1421.0,1439.0,1389.0,1428.0,223900.0
2022-08-05,31790,1349.0,1384.0,1291.0,1307.0,0,0,828700.0,1098980800.0,1.0,1349.0,1384.0,1291.0,1307.0,828700.0
2022-08-08,31790,1314.0,1329.0,1253.0,1266.0,0,0,495000.0,635820100.0,1.0,1314.0,1329.0,1253.0,1266.0,495000.0
2022-08-09,31790,1273.0,1273.0,1213.0,1247.0,0,0,401300.0,497050400.0,1.0,1273.0,1273.0,1213.0,1247.0,401300.0
2022-08-10,31790,1229.0,1229.0,1164.0,1177.0,0,0,554100.0,655979500.0,1.0,1229.0,1229.0,1164.0,1177.0,554100.0
2022-08-12,31790,1186.0,1212.0,1168.0,1208.0,0,0,345900.0,414216900.0,1.0,1186.0,1212.0,1168.0,1208.0,345900.0
2022-08-15,31790,1203.0,1229.0,1188.0,1226.0,0,0,218600.0,265598000.0,1.0,1203.0,1229.0,1188.0,1226.0,218600.0
2022-08-16,31790,1242.0,1307.0,1241.0,1268.0,0,0,465300.0,594643300.0,1.0,1242.0,1307.0,1241.0,1268.0,465300.0
2022-08-17,31790,1327.0,1380.0,1269.0,1282.0,0,0,927300.0,1222757400.0,1.0,1327.0,1380.0,1269.0,1282.0,927300.0
2022-08-18,31790,1263.0,1263.0,1220.0,1222.0,0,0,351200.0,433952400.0,1.0,1263.0,1263.0,1220.0,1222.0,351200.0
2022-08-19,31790,1224.0,1241.0,1216.0,1239.0,0,0,180300.0,221685900.0,1.0,1224.0,1241.0,1216.0,1239.0,180300.0
2022-08-22,31790,1222.0,1236.0,1219.0,1236.0,0,0,160100.0,196469600.0,1.0,1222.0,1236.0,1219.0,1236.0,160100.0
2022-08-23,31790,1222.0,1290.0,1222.0,1287.0,0,0,263400.0,333389000.0,1.0,1222.0,1290.0,1222.0,1287.0,263400.0
2022-08-24,31790,1284.0,1295.0,1266.0,1278.0,0,0,171000.0,219013200.0,1.0,1284.0,1295.0,1266.0,1278.0,171000.0
2022-08-25,31790,1272.0,1281.0,1242.0,1251.0,0,0,180400.0,225929700.0,1.0,1272.0,1281.0,1242.0,1251.0,180400.0
2022-08-26,31790,1249.0,1275.0,1235.0,1253.0,0,0,159500.0,200871900.0,1.0,1249.0,1275.0,1235.0,1253.0,159500.0
2022-08-29,31790,1214.0,1240.0,1211.0,1232.0,0,0,144100.0,176842500.0,1.0,1214.0,1240.0,1211.0,1232.0,144100.0
2022-08-30,31790,1234.0,1237.0,1222.0,1236.0,0,0,139800.0,171875100.0,1.0,1234.0,1237.0,1222.0,1236.0,139800.0
2022-08-31,31790,1223.0,1250.0,1206.0,1250.0,0,0,218700.0,268380500.0,1.0,1223.0,1250.0,1206.0,1250.0,218700.0
2022-09-01,31790,1251.0,1251.0,1211.0,1211.0,0,0,185700.0,226658700.0,1.0,1251.0,1251.0,1211.0,1211.0,185700.0
2022-09-02,31790,1211.0,1211.0,1167.0,1171.0,0,0,277500.0,328004800.0,1.0,1211.0,1211.0,1167.0,1171.0,277500.0
2022-09-05,31790,1165.0,1192.0,1148.0,1184.0,0,0,154200.0,181025000.0,1.0,1165.0,1192.0,1148.0,1184.0,154200.0
2022-09-06,31790,1191.0,1194.0,1166.0,1173.0,0,0,98700.0,116205100.0,1.0,1191.0,1194.0,1166.0,1173.0,98700.0
2022-09-07,31790,1164.0,1166.0,1142.0,1147.0,0,0,194700.0,223763900.0,1.0,1164.0,1166.0,1142.0,1147.0,194700.0
2022-09-08,31790,1174.0,1222.0,1169.0,1216.0,0,0,331300.0,398485900.0,1.0,1174.0,1222.0,1169.0,1216.0,331300.0
2022-09-09,31790,1215.0,1260.0,1213.0,1253.0,0,0,243000.0,302355000.0,1.0,1215.0,1260.0,1213.0,1253.0,243000.0
2022-09-12,31790,1276.0,1333.0,1266.0,1308.0,0,0,414900.0,542174500.0,1.0,1276.0,1333.0,1266.0,1308.0,414900.0
2022-09-13,31790,1308.0,1375.0,1308.0,1371.0,0,0,410100.0,557876300.0,1.0,1308.0,1375.0,1308.0,1371.0,410100.0
2022-09-14,31790,1326.0,1342.0,1282.0,1282.0,0,0,340600.0,446191100.0,1.0,1326.0,1342.0,1282.0,1282.0,340600.0
2022-09-15,31790,1286.0,1295.0,1253.0,1260.0,0,0,150200.0,190631500.0,1.0,1286.0,1295.0,1253.0,1260.0,150200.0
2022-09-16,31790,1260.0,1295.0,1250.0,1286.0,0,0,163300.0,208452900.0,1.0,1260.0,1295.0,1250.0,1286.0,163300.0
2022-09-20,31790,1295.0,1299.0,1259.0,1270.0,0,0,112400.0,143401400.0,1.0,1295.0,1299.0,1259.0,1270.0,112400.0
2022-09-21,31790,1251.0,1260.0,1229.0,1248.0,0,0,117000.0,145280300.0,1.0,1251.0,1260.0,1229.0,1248.0,117000.0
2022-09-22,31790,1244.0,1263.0,1230.0,1256.0,0,0,90300.0,113008600.0,1.0,1244.0,1263.0,1230.0,1256.0,90300.0
2022-09-26,31790,1230.0,1296.0,1230.0,1254.0,0,0,308400.0,391226600.0,1.0,1230.0,1296.0,1230.0,1254.0,308400.0
2022-09-27,31790,1280.0,1292.0,1262.0,1276.0,0,0,119400.0,152750900.0,1.0,1280.0,1292.0,1262.0,1276.0,119400.0
2022-09-28,31790,1276.0,1281.0,1252.0,1265.0,0,0,158700.0,200355500.0,1.0,1276.0,1281.0,1252.0,1265.0,158700.0
2022-09-29,31790,1289.0,1310.0,1271.0,1288.0,0,0,156000.0,201809400.0,1.0,1289.0,1310.0,1271.0,1288.0,156000.0
2022-09-30,31790,1275.0,1286.0,1247.0,1268.0,0,0,151300.0,191392400.0,1.0,1275.0,1286.0,1247.0,1268.0,151300.0
2022-10-03,31790,1249.0,1265.0,1226.0,1260.0,0,0,113900.0,141892300.0,1.0,1249.0,1265.0,1226.0,1260.0,113900.0
2022-10-04,31790,1277.0,1339.0,1277.0,1316.0,0,0,294400.0,387455100.0,1.0,1277.0,1339.0,1277.0,1316.0,294400.0
2022-10-05,31790,1316.0,1329.0,1266.0,1290.0,0,0,212700.0,274853200.0,1.0,1316.0,1329.0,1266.0,1290.0,212700.0
2022-10-06,31790,1280.0,1299.0,1270.0,1294.0,0,0,149400.0,191727200.0,1.0,1280.0,1299.0,1270.0,1294.0,149400.0
2022-10-07,31790,1280.0,1312.0,1280.0,1305.0,0,0,130400.0,169566300.0,1.0,1280.0,1312.0,1280.0,1305.0,130400.0
2022-10-11,31790,1330.0,1374.0,1319.0,1370.0,0,0,396900.0,538343800.0,1.0,1330.0,1374.0,1319.0,1370.0,396900.0
2022-10-12,31790,1357.0,1358.0,1290.0,1300.0,0,0,426500.0,559984700.0,1.0,1357.0,1358.0,1290.0,1300.0,426500.0
2022-10-13,31790,1302.0,1328.0,1277.0,1280.0,0,0,149000.0,192466600.0,1.0,1302.0,1328.0,1277.0,1280.0,149000.0
2022-10-14,31790,1310.0,1345.0,1291.0,1336.0,0,0,179300.0,238798100.0,1.0,1310.0,1345.0,1291.0,1336.0,179300.0
2022-10-17,31790,1314.0,1406.0,1292.0,1379.0,0,0,407600.0,557789400.0,1.0,1314.0,1406.0,1292.0,1379.0,407600.0
2022-10-18,31790,1409.0,1470.0,1390.0,1452.0,0,0,517000.0,743796600.0,1.0,1409.0,1470.0,1390.0,1452.0,517000.0
2022-10-19,31790,1449.0,1482.0,1416.0,1473.0,0,0,278900.0,406901400.0,1.0,1449.0,1482.0,1416.0,1473.0,278900.0
2022-10-20,31790,1443.0,1457.0,1396.0,1453.0,0,0,325600.0,467056100.0,1.0,1443.0,1457.0,1396.0,1453.0,325600.0
2022-10-21,31790,1456.0,1493.0,1456.0,1476.0,0,0,234400.0,345974300.0,1.0,1456.0,1493.0,1456.0,1476.0,234400.0
2022-10-24,31790,1495.0,1495.0,1445.0,1470.0,0,0,161000.0,236892000.0,1.0,1495.0,1495.0,1445.0,1470.0,161000.0
2022-10-25,31790,1477.0,1480.0,1435.0,1439.0,0,0,161700.0,235235000.0,1.0,1477.0,1480.0,1435.0,1439.0,161700.0
2022-10-26,31790,1457.0,1484.0,1451.0,1471.0,0,0,128700.0,189233700.0,1.0,1457.0,1484.0,1451.0,1471.0,128700.0
2022-10-27,31790,1473.0,1482.0,1442.0,1449.0,0,0,123300.0,179275200.0,1.0,1473.0,1482.0,1442.0,1449.0,123300.0
2022-10-28,31790,1495.0,1540.0,1490.0,1518.0,0,0,487300.0,739879400.0,1.0,1495.0,1540.0,1490.0,1518.0,487300.0
2022-10-31,31790,1535.0,1540.0,1482.0,1497.0,0,0,156500.0,235163400.0,1.0,1535.0,1540.0,1482.0,1497.0,156500.0
2022-11-01,31790,1497.0,1507.0,1475.0,1498.0,0,0,144000.0,215167900.0,1.0,1497.0,1507.0,1475.0,1498.0,144000.0
2022-11-02,31790,1485.0,1499.0,1466.0,1469.0,0,0,143600.0,212013800.0,1.0,1485.0,1499.0,1466.0,1469.0,143600.0
2022-11-04,31790,1450.0,1483.0,1443.0,1458.0,0,0,87000.0,127628100.0,1.0,1450.0,1483.0,1443.0,1458.0,87000.0
2022-11-07,31790,1477.0,1503.0,1458.0,1489.0,0,0,133700.0,199108100.0,1.0,1477.0,1503.0,1458.0,1489.0,133700.0
2022-11-08,31790,1495.0,1503.0,1476.0,1488.0,0,0,225500.0,336754100.0,1.0,1495.0,1503.0,1476.0,1488.0,225500.0
2022-11-09,31790,1380.0,1434.0,1331.0,1428.0,0,0,454600.0,634006000.0,1.0,1380.0,1434.0,1331.0,1428.0,454600.0
2022-11-10,31790,1427.0,1444.0,1365.0,1365.0,0,0,292500.0,407706200.0,1.0,1427.0,1444.0,1365.0,1365.0,292500.0
2022-11-11,31790,1383.0,1408.0,1348.0,1360.0,0,0,372300.0,510462600.0,1.0,1383.0,1408.0,1348.0,1360.0,372300.0
2022-11-14,31790,1365.0,1365.0,1320.0,1320.0,0,0,154600.0,206443600.0,1.0,1365.0,1365.0,1320.0,1320.0,154600.0
2022-11-15,31790,1325.0,1370.0,1316.0,1361.0,0,0,166500.0,225300800.0,1.0,1325.0,1370.0,1316.0,1361.0,166500.0
2022-11-16,31790,1367.0,1397.0,1359.0,1389.0,0,0,136500.0,189016500.0,1.0,1367.0,1397.0,1359.0,1389.0,136500.0
2022-11-17,31790,1359.0,1392.0,1350.0,1374.0,0,0,114200.0,157443700.0,1.0,1359.0,1392.0,1350.0,1374.0,114200.0
2022-11-18,31790,1374.0,1405.0,1372.0,1389.0,0,0,145100.0,201746400.0,1.0,1374.0,1405.0,1372.0,1389.0,145100.0
2022-11-21,31790,1382.0,1397.0,1352.0,1354.0,0,0,123300.0,168918700.0,1.0,1382.0,1397.0,1352.0,1354.0,123300.0
2022-11-22,31790,1365.0,1371.0,1303.0,1310.0,0,0,379500.0,504236600.0,1.0,1365.0,1371.0,1303.0,1310.0,379500.0
2022-11-24,31790,1338.0,1400.0,1334.0,1394.0,0,0,275700.0,379733200.0,1.0,1338.0,1400.0,1334.0,1394.0,275700.0
2022-11-25,31790,1406.0,1460.0,1406.0,1448.0,0,0,318000.0,458318200.0,1.0,1406.0,1460.0,1406.0,1448.0,318000.0
2022-11-28,31790,1439.0,1457.0,1392.0,1448.0,0,0,258300.0,370476700.0,1.0,1439.0,1457.0,1392.0,1448.0,258300.0
2022-11-29,31790,1430.0,1506.0,1426.0,1504.0,0,0,288400.0,426860000.0,1.0,1430.0,1506.0,1426.0,1504.0,288400.0
2022-11-30,31790,1470.0,1483.0,1438.0,1470.0,0,0,349200.0,509042900.0,1.0,1470.0,1483.0,1438.0,1470.0,349200.0
2022-12-01,31790,1495.0,1507.0,1454.0,1465.0,0,0,164900.0,242853400.0,1.0,1495.0,1507.0,1454.0,1465.0,164900.0
2022-12-02,31790,1455.0,1455.0,1402.0,1406.0,0,0,202400.0,287772200.0,1.0,1455.0,1455.0,1402.0,1406.0,202400.0
2022-12-05,31790,1400.0,1403.0,1377.0,1397.0,0,0,97800.0,136221700.0,1.0,1400.0,1403.0,1377.0,1397.0,97800.0
2022-12-06,31790,1386.0,1415.0,1370.0,1403.0,0,0,99600.0,139421700.0,1.0,1386.0,1415.0,1370.0,1403.0,99600.0
2022-12-07,31790,1395.0,1417.0,1390.0,1404.0,0,0,73100.0,102634100.0,1.0,1395.0,1417.0,1390.0,1404.0,73100.0
2022-12-08,31790,1382.0,1385.0,1249.0,1260.0,0,0,1163400.0,1492752300.0,1.0,1382.0,1385.0,1249.0,1260.0,1163400.0
2022-12-09,31790,1261.0,1299.0,1250.0,1295.0,0,0,607200.0,778540700.0,1.0,1261.0,1299.0,1250.0,1295.0,607200.0
2022-12-12,31790,1290.0,1295.0,1245.0,1246.0,0,0,404000.0,511533900.0,1.0,1290.0,1295.0,1245.0,1246.0,404000.0
2022-12-13,31790,1233.0,1255.0,1223.0,1242.0,0,0,450100.0,559305000.0,1.0,1233.0,1255.0,1223.0,1242.0,450100.0
2022-12-14,31790,1242.0,1243.0,1209.0,1218.0,0,0,326200.0,398120700.0,1.0,1242.0,1243.0,1209.0,1218.0,326200.0
2022-12-15,31790,1215.0,1246.0,1203.0,1238.0,0,0,204500.0,251903400.0,1.0,1215.0,1246.0,1203.0,1238.0,204500.0
2022-12-16,31790,1222.0,1278.0,1214.0,1276.0,0,0,430400.0,540875600.0,1.0,1222.0,1278.0,1214.0,1276.0,430400.0
2022-12-19,31790,1299.0,1312.0,1273.0,1296.0,0,0,322800.0,417845800.0,1.0,1299.0,1312.0,1273.0,1296.0,322800.0
2022-12-20,31790,1271.0,1271.0,1200.0,1217.0,0,0,487100.0,598882400.0,1.0,1271.0,1271.0,1200.0,1217.0,487100.0
2022-12-21,31790,1206.0,1229.0,1186.0,1218.0,0,0,251800.0,305192700.0,1.0,1206.0,1229.0,1186.0,1218.0,251800.0
2022-12-22,31790,1218.0,1297.0,1212.0,1266.0,0,0,341300.0,433301800.0,1.0,1218.0,1297.0,1212.0,1266.0,341300.0
2022-12-23,31790,1239.0,1263.0,1239.0,1251.0,0,0,126700.0,158267400.0,1.0,1239.0,1263.0,1239.0,1251.0,126700.0
2022-12-26,31790,1247.0,1261.0,1226.0,1235.0,0,0,68500.0,84904900.0,1.0,1247.0,1261.0,1226.0,1235.0,68500.0
2022-12-27,31790,1248.0,1265.0,1242.0,1260.0,0,0,129300.0,162700400.0,1.0,1248.0,1265.0,1242.0,1260.0,129300.0
2022-12-28,31790,1250.0,1250.0,1208.0,1209.0,0,0,182200.0,221950800.0,1.0,1250.0,1250.0,1208.0,1209.0,182200.0
2022-12-29,31790,1210.0,1237.0,1207.0,1236.0,0,0,149000.0,182827800.0,1.0,1210.0,1237.0,1207.0,1236.0,149000.0
2022-12-30,31790,1249.0,1254.0,1223.0,1241.0,0,0,272600.0,337648000.0,1.0,1249.0,1254.0,1223.0,1241.0,272600.0
2023-01-04,31790,1230.0,1230.0,1191.0,1199.0,0,0,214000.0,256926800.0,1.0,1230.0,1230.0,1191.0,1199.0,214000.0
2023-01-05,31790,1195.0,1200.0,1179.0,1190.0,0,0,125500.0,149118900.0,1.0,1195.0,1200.0,1179.0,1190.0,125500.0
2023-01-06,31790,1188.0,1227.0,1180.0,1226.0,0,0,169600.0,205317100.0,1.0,1188.0,1227.0,1180.0,1226.0,169600.0
2023-01-10,31790,1235.0,1247.0,1215.0,1222.0,0,0,102300.0,125585800.0,1.0,1235.0,1247.0,1215.0,1222.0,102300.0
2023-01-11,31790,1240.0,1251.0,1220.0,1229.0,0,0,157300.0,194033000.0,1.0,1240.0,1251.0,1220.0,1229.0,157300.0
2023-01-12,31790,1248.0,1249.0,1148.0,1148.0,0,0,532200.0,628435800.0,1.0,1248.0,1249.0,1148.0,1148.0,532200.0
2023-01-13,31790,1153.0,1168.0,1141.0,1144.0,0,0,178700.0,205975100.0,1.0,1153.0,1168.0,1141.0,1144.0,178700.0
2023-01-16,31790,1131.0,1134.0,1110.0,1110.0,0,0,317600.0,354636000.0,1.0,1131.0,1134.0,1110.0,1110.0,317600.0
2023-01-17,31790,1113.0,1120.0,1099.0,1105.0,0,0,292800.0,324153400.0,1.0,1113.0,1120.0,1099.0,1105.0,292800.0
2023-01-18,31790,1112.0,1116.0,1086.0,1107.0,0,0,221000.0,243327900.0,1.0,1112.0,1116.0,1086.0,1107.0,221000.0
2023-01-19,31790,1100.0,1123.0,1099.0,1102.0,0,0,202400.0,224047500.0,1.0,1100.0,1123.0,1099.0,1102.0,202400.0
2023-01-20,31790,1109.0,1117.0,1093.0,1113.0,0,0,216300.0,239527400.0,1.0,1109.0,1117.0,1093.0,1113.0,216300.0
2023-01-23,31790,1125.0,1142.0,1118.0,1134.0,0,0,239900.0,271763500.0,1.0,1125.0,1142.0,1118.0,1134.0,239900.0
2023-01-24,31790,1146.0,1149.0,1112.0,1114.0,0,0,203700.0,228178300.0,1.0,1146.0,1149.0,1112.0,1114.0,203700.0
2023-01-25,31790,1111.0,1114.0,1097.0,1112.0,0,0,223500.0,247297000.0,1.0,1111.0,1114.0,1097.0,1112.0,223500.0
2023-01-26,31790,1113.0,1118.0,1104.0,1109.0,0,0,138600.0,153913500.0,1.0,1113.0,1118.0,1104.0,1109.0,138600.0
2023-01-27,31790,1104.0,1105.0,1091.0,1098.0,0,0,229000.0,251571800.0,1.0,1104.0,1105.0,1091.0,1098.0,229000.0
2023-01-30,31790,1108.0,1127.0,1093.0,1098.0,0,0,305900.0,337680400.0,1.0,1108.0,1127.0,1093.0,1098.0,305900.0
2023-01-31,31790,1094.0,1098.0,1082.0,1093.0,0,0,174800.0,190530500.0,1.0,1094.0,1098.0,1082.0,1093.0,174800.0
2023-02-01,31790,1096.0,1098.0,1075.0,1080.0,0,0,237000.0,256643700.0,1.0,1096.0,1098.0,1075.0,1080.0,237000.0
2023-02-02,31790,1087.0,1118.0,1084.0,1097.0,0,0,241100.0,265389400.0,1.0,1087.0,1118.0,1084.0,1097.0,241100.0
2023-02-03,31790,1100.0,1105.0,1067.0,1068.0,0,0,312000.0,337240200.0,1.0,1100.0,1105.0,1067.0,1068.0,312000.0
2023-02-06,31790,1080.0,1081.0,1060.0,1065.0,0,0,295300.0,315355300.0,1.0,1080.0,1081.0,1060.0,1065.0,295300.0
2023-02-07,31790,1076.0,1083.0,1070.0,1074.0,0,0,265500.0,285657800.0,1.0,1076.0,1083.0,1070.0,1074.0,265500.0
2023-02-08,31790,925.0,949.0,903.0,916.0,0,0,2022400.0,1855543700.0,1.0,925.0,949.0,903.0,916.0,2022400.0
2023-02-09,31790,925.0,948.0,920.0,924.0,0,0,886200.0,825387100.0,1.0,925.0,948.0,920.0,924.0,886200.0
2023-02-10,31790,920.0,920.0,903.0,914.0,0,0,801800.0,731370000.0,1.0,920.0,920.0,903.0,914.0,801800.0
2023-02-13,31790,910.0,911.0,894.0,909.0,0,0,528500.0,476365600.0,1.0,910.0,911.0,894.0,909.0,528500.0
2023-02-14,31790,914.0,923.0,901.0,909.0,0,0,401900.0,365404300.0,1.0,914.0,923.0,901.0,909.0,401900.0
2023-02-15,31790,912.0,913.0,899.0,906.0,0,0,288800.0,261063200.0,1.0,912.0,913.0,899.0,906.0,288800.0
2023-02-16,31790,907.0,923.0,906.0,923.0,0,0,355400.0,325098600.0,1.0,907.0,923.0,906.0,923.0,355400.0
2023-02-17,31790,921.0,923.0,892.0,892.0,0,0,768300.0,692997300.0,1.0,921.0,923.0,892.0,892.0,768300.0
2023-02-20,31790,900.0,914.0,896.0,906.0,0,0,364800.0,330138100.0,1.0,900.0,914.0,896.0,906.0,364800.0
2023-02-21,31790,902.0,904.0,893.0,893.0,0,0,346900.0,311239500.0,1.0,902.0,904.0,893.0,893.0,346900.0
2023-02-22,31790,889.0,892.0,881.0,888.0,0,0,342400.0,303682100.0,1.0,889.0,892.0,881.0,888.0,342400.0
2023-02-24,31790,896.0,896.0,882.0,887.0,0,0,339500.0,302204000.0,1.0,896.0,896.0,882.0,887.0,339500.0
2023-02-27,31790,875.0,902.0,871.0,902.0,0,0,376300.0,334942800.0,1.0,875.0,902.0,871.0,902.0,376300.0
2023-02-28,31790,902.0,907.0,895.0,902.0,0,0,296800.0,267463600.0,1.0,902.0,907.0,895.0,902.0,296800.0
2023-03-01,31790,900.0,902.0,888.0,894.0,0,0,311700.0,278642700.0,1.0,900.0,902.0,888.0,894.0,311700.0
2023-03-02,31790,899.0,907.0,893.0,901.0,0,0,256400.0,230741500.0,1.0,899.0,907.0,893.0,901.0,256400.0
2023-03-03,31790,907.0,907.0,898.0,904.0,0,0,394000.0,355958200.0,1.0,907.0,907.0,898.0,904.0,394000.0
2023-03-06,31790,907.0,909.0,897.0,900.0,0,0,269100.0,242823800.0,1.0,907.0,909.0,897.0,900.0,269100.0
2023-03-07,31790,900.0,909.0,894.0,907.0,0,0,248400.0,224497600.0,1.0,900.0,909.0,894.0,907.0,248400.0
2023-03-08,31790,915.0,921.0,904.0,913.0,0,0,346000.0,315124000.0,1.0,915.0,921.0,904.0,913.0,346000.0
2023-03-09,31790,917.0,917.0,908.0,912.0,0,0,265000.0,241914400.0,1.0,917.0,917.0,908.0,912.0,265000.0
2023-03-10,31790,903.0,905.0,893.0,901.0,0,0,477600.0,429186500.0,1.0,903.0,905.0,893.0,901.0,477600.0
2023-03-13,31790,886.0,887.0,874.0,887.0,0,0,373100.0,328835400.0,1.0,886.0,887.0,874.0,887.0,373100.0
2023-03-14,31790,876.0,877.0,856.0,859.0,0,0,424100.0,366895700.0,1.0,876.0,877.0,856.0,859.0,424100.0
2023-03-15,31790,869.0,871.0,850.0,855.0,0,0,330800.0,284236600.0,1.0,869.0,871.0,850.0,855.0,330800.0
2023-03-16,31790,850.0,872.0,850.0,868.0,0,0,309700.0,266771600.0,1.0,850.0,872.0,850.0,868.0,309700.0
2023-03-17,31790,873.0,893.0,870.0,889.0,0,0,359400.0,317958600.0,1.0,873.0,893.0,870.0,889.0,359400.0
2023-03-20,31790,892.0,907.0,875.0,875.0,0,0,246200.0,218714200.0,1.0,892.0,907.0,875.0,875.0,246200.0
2023-03-22,31790,886.0,891.0,871.0,877.0,0,0,190800.0,167574800.0,1.0,886.0,891.0,871.0,877.0,190800.0
2023-03-23,31790,872.0,879.0,869.0,873.0,0,0,199800.0,174355500.0,1.0,872.0,879.0,869.0,873.0,199800.0
2023-03-24,31790,868.0,873.0,858.0,868.0,0,0,190100.0,164597300.0,1.0,868.0,873.0,858.0,868.0,190100.0
2023-03-27,31790,867.0,869.0,861.0,863.0,0,0,209500.0,181157000.0,1.0,867.0,869.0,861.0,863.0,209500.0
2023-03-28,31790,868.0,868.0,852.0,852.0,0,0,249000.0,213527800.0,1.0,868.0,868.0,852.0,852.0,249000.0
2023-03-29,31790,863.0,863.0,850.0,862.0,0,0,495700.0,426307900.0,1.0,863.0,863.0,850.0,862.0,495700.0
2023-03-30,31790,840.0,852.0,839.0,850.0,0,0,429800.0,362254000.0,1.0,840.0,852.0,839.0,850.0,429800.0
2023-03-31,31790,850.0,855.0,840.0,855.0,0,0,196100.0,166321900.0,1.0,850.0,855.0,840.0,855.0,196100.0
2023-04-03,31790,863.0,867.0,853.0,857.0,0,0,159200.0,136798000.0,1.0,863.0,867.0,853.0,857.0,159200.0
2023-04-04,31790,856.0,865.0,845.0,859.0,0,0,178600.0,153070600.0,1.0,856.0,865.0,845.0,859.0,178600.0
2023-04-05,31790,854.0,858.0,845.0,845.0,0,0,177400.0,150903000.0,1.0,854.0,858.0,845.0,845.0,177400.0
2023-04-06,31790,834.0,835.0,817.0,819.0,0,0,274600.0,226592900.0,1.0,834.0,835.0,817.0,819.0,274600.0
2023-04-07,31790,828.0,834.0,825.0,829.0,0,0,127300.0,105534200.0,1.0,828.0,834.0,825.0,829.0,127300.0
2023-04-10,31790,844.0,866.0,844.0,865.0,0,0,271800.0,232888800.0,1.0,844.0,866.0,844.0,865.0,271800.0
2023-04-11,31790,865.0,873.0,863.0,872.0,0,0,207500.0,180267300.0,1.0,865.0,873.0,863.0,872.0,207500.0
2023-04-12,31790,870.0,893.0,867.0,889.0,0,0,247200.0,217786000.0,1.0,870.0,893.0,867.0,889.0,247200.0
2023-04-13,31790,882.0,893.0,876.0,888.0,0,0,225900.0,200116400.0,1.0,882.0,893.0,876.0,888.0,225900.0
2023-04-14,31790,893.0,897.0,885.0,890.0,0,0,160300.0,142817800.0,1.0,893.0,897.0,885.0,890.0,160300.0
2023-04-17,31790,893.0,897.0,877.0,887.0,0,0,112100.0,99360600.0,1.0,893.0,897.0,877.0,887.0,112100.0
2023-04-18,31790,886.0,892.0,880.0,889.0,0,0,119900.0,106288700.0,1.0,886.0,892.0,880.0,889.0,119900.0
2023-04-19,31790,885.0,891.0,873.0,878.0,0,0,101600.0,89377400.0,1.0,885.0,891.0,873.0,878.0,101600.0
2023-04-20,31790,873.0,884.0,869.0,875.0,0,0,128200.0,112302500.0,1.0,873.0,884.0,869.0,875.0,128200.0
2023-04-21,31790,867.0,868.0,858.0,861.0,0,0,153500.0,132430600.0,1.0,867.0,868.0,858.0,861.0,153500.0
2023-04-24,31790,875.0,887.0,871.0,882.0,0,0,213000.0,187291800.0,1.0,875.0,887.0,871.0,882.0,213000.0
2023-04-25,31790,883.0,886.0,876.0,882.0,0,0,162500.0,143124000.0,1.0,883.0,886.0,876.0,882.0,162500.0
2023-04-26,31790,876.0,878.0,863.0,870.0,0,0,143600.0,124999400.0,1.0,876.0,878.0,863.0,870.0,143600.0
2023-04-27,31790,865.0,873.0,863.0,867.0,0,0,102800.0,89228700.0,1.0,865.0,873.0,863.0,867.0,102800.0
2023-04-28,31790,877.0,879.0,868.0,879.0,0,0,144400.0,126265300.0,1.0,877.0,879.0,868.0,879.0,144400.0
2023-05-01,31790,879.0,884.0,865.0,870.0,0,0,260700.0,227692800.0,1.0,879.0,884.0,865.0,870.0,260700.0
2023-05-02,31790,868.0,870.0,855.0,860.0,0,0,267800.0,230905000.0,1.0,868.0,870.0,855.0,860.0,267800.0
2023-05-08,31790,868.0,878.0,865.0,870.0,0,0,308500.0,268661200.0,1.0,868.0,878.0,865.0,870.0,308500.0
2023-05-09,31790,875.0,886.0,873.0,881.0,0,0,298400.0,262742300.0,1.0,875.0,886.0,873.0,881.0,298400.0
2023-05-10,31790,884.0,893.0,871.0,872.0,0,0,590200.0,518699600.0,1.0,884.0,893.0,871.0,872.0,590200.0
2023-05-11,31790,932.0,985.0,931.0,971.0,0,0,2216900.0,2127067500.0,1.0,932.0,985.0,931.0,971.0,2216900.0
2023-05-12,31790,971.0,977.0,947.0,950.0,0,0,547800.0,526026600.0,1.0,971.0,977.0,947.0,950.0,547800.0
2023-05-15,31790,970.0,1003.0,969.0,999.0,0,0,738000.0,730292900.0,1.0,970.0,1003.0,969.0,999.0,738000.0
2023-05-16,31790,1014.0,1018.0,972.0,974.0,0,0,350600.0,345335700.0,1.0,1014.0,1018.0,972.0,974.0,350600.0
2023-05-17,31790,980.0,980.0,963.0,970.0,0,0,194600.0,188961900.0,1.0,980.0,980.0,963.0,970.0,194600.0
2023-05-18,31790,980.0,998.0,952.0,957.0,0,0,349300.0,338067000.0,1.0,980.0,998.0,952.0,957.0,349300.0
2023-05-19,31790,968.0,994.0,962.0,973.0,0,0,233600.0,228341500.0,1.0,968.0,994.0,962.0,973.0,233600.0
2023-05-22,31790,969.0,994.0,963.0,994.0,0,0,179300.0,176086000.0,1.0,969.0,994.0,963.0,994.0,179300.0
2023-05-23,31790,995.0,1006.0,973.0,983.0,0,0,241100.0,238188800.0,1.0,995.0,1006.0,973.0,983.0,241100.0
2023-05-24,31790,970.0,989.0,966.0,977.0,0,0,171600.0,167759200.0,1.0,970.0,989.0,966.0,977.0,171600.0
2023-05-25,31790,970.0,980.0,968.0,974.0,0,0,212100.0,207045700.0,1.0,970.0,980.0,968.0,974.0,212100.0
2023-05-26,31790,965.0,976.0,957.0,963.0,0,0,216300.0,209351800.0,1.0,965.0,976.0,957.0,963.0,216300.0
2023-05-29,31790,960.0,978.0,958.0,975.0,0,0,155200.0,150297400.0,1.0,960.0,978.0,958.0,975.0,155200.0
2023-05-30,31790,969.0,971.0,955.0,971.0,0,0,178600.0,171856200.0,1.0,969.0,971.0,955.0,971.0,178600.0
2023-05-31,31790,963.0,973.0,957.0,968.0,0,0,142600.0,137707600.0,1.0,963.0,973.0,957.0,968.0,142600.0
2023-06-01,31790,966.0,971.0,960.0,967.0,0,0,108500.0,104670000.0,1.0,966.0,971.0,960.0,967.0,108500.0
2023-06-02,31790,960.0,985.0,958.0,985.0,0,0,123000.0,119617900.0,1.0,960.0,985.0,958.0,985.0,123000.0
2023-06-05,31790,996.0,1021.0,992.0,1003.0,0,0,222300.0,223327300.0,1.0,996.0,1021.0,992.0,1003.0,222300.0
2023-06-06,31790,999.0,1035.0,998.0,1028.0,0,0,330600.0,338281800.0,1.0,999.0,1035.0,998.0,1028.0,330600.0
2023-06-07,31790,1026.0,1035.0,1014.0,1019.0,0,0,235600.0,241457000.0,1.0,1026.0,1035.0,1014.0,1019.0,235600.0
2023-06-08,31790,1073.0,1091.0,1059.0,1088.0,0,0,916600.0,984625800.0,1.0,1073.0,1091.0,1059.0,1088.0,916600.0
2023-06-09,31790,1100.0,1101.0,1047.0,1064.0,0,0,586500.0,629548600.0,1.0,1100.0,1101.0,1047.0,1064.0,586500.0
2023-06-12,31790,1050.0,1103.0,1043.0,1097.0,0,0,550000.0,596434000.0,1.0,1050.0,1103.0,1043.0,1097.0,550000.0
2023-06-13,31790,1101.0,1105.0,1077.0,1080.0,0,0,178500.0,194394300.0,1.0,1101.0,1105.0,1077.0,1080.0,178500.0
2023-06-14,31790,1050.0,1076.0,1037.0,1055.0,0,0,348600.0,368889800.0,1.0,1050.0,1076.0,1037.0,1055.0,348600.0
2023-06-15,31790,1050.0,1052.0,1027.0,1033.0,0,0,257000.0,266628500.0,1.0,1050.0,1052.0,1027.0,1033.0,257000.0
2023-06-16,31790,1040.0,1093.0,1038.0,1086.0,0,0,263500.0,282440800.0,1.0,1040.0,1093.0,1038.0,1086.0,263500.0
2023-06-19,31790,1118.0,1135.0,1098.0,1119.0,0,0,420500.0,468819700.0,1.0,1118.0,1135.0,1098.0,1119.0,420500.0
2023-06-20,31790,1119.0,1130.0,1080.0,1130.0,0,0,350800.0,390292200.0,1.0,1119.0,1130.0,1080.0,1130.0,350800.0
2023-06-21,31790,1121.0,1134.0,1117.0,1127.0,0,0,217200.0,244408400.0,1.0,1121.0,1134.0,1117.0,1127.0,217200.0
2023-06-22,31790,1134.0,1134.0,1105.0,1115.0,0,0,173800.0,194246700.0,1.0,1134.0,1134.0,1105.0,1115.0,173800.0
2023-06-23,31790,1120.0,1134.0,1108.0,1122.0,0,0,259200.0,290720600.0,1.0,1120.0,1134.0,1108.0,1122.0,259200.0
2023-06-26,31790,1127.0,1131.0,1115.0,1125.0,0,0,194100.0,218053900.0,1.0,1127.0,1131.0,1115.0,1125.0,194100.0
2023-06-27,31790,1115.0,1127.0,1107.0,1123.0,0,0,174400.0,194800200.0,1.0,1115.0,1127.0,1107.0,1123.0,174400.0
2023-06-28,31790,1129.0,1138.0,1111.0,1128.0,0,0,195500.0,220174300.0,1.0,1129.0,1138.0,1111.0,1128.0,195500.0
2023-06-29,31790,1120.0,1153.0,1115.0,1153.0,0,0,275200.0,314015800.0,1.0,1120.0,1153.0,1115.0,1153.0,275200.0
2023-06-30,31790,1150.0,1150.0,1122.0,1149.0,0,0,255100.0,290414800.0,1.0,1150.0,1150.0,1122.0,1149.0,255100.0
2023-07-03,31790,1155.0,1178.0,1153.0,1173.0,0,0,176500.0,205843100.0,1.0,1155.0,1178.0,1153.0,1173.0,176500.0
2023-07-04,31790,1160.0,1195.0,1160.0,1189.0,0,0,153300.0,181662100.0,1.0,1160.0,1195.0,1160.0,1189.0,153300.0
2023-07-05,31790,1180.0,1185.0,1154.0,1172.0,0,0,189500.0,221259500.0,1.0,1180.0,1185.0,1154.0,1172.0,189500.0
2023-07-06,31790,1160.0,1172.0,1150.0,1164.0,0,0,168100.0,195483700.0,1.0,1160.0,1172.0,1150.0,1164.0,168100.0
2023-07-07,31790,1140.0,1168.0,1121.0,1155.0,0,0,184900.0,212068800.0,1.0,1140.0,1168.0,1121.0,1155.0,184900.0
2023-07-10,31790,1111.0,1137.0,1108.0,1109.0,0,0,307800.0,343765400.0,1.0,1111.0,1137.0,1108.0,1109.0,307800.0
2023-07-11,31790,1107.0,1117.0,1075.0,1084.0,0,0,290800.0,318345700.0,1.0,1107.0,1117.0,1075.0,1084.0,290800.0
2023-07-12,31790,1080.0,1082.0,1020.0,1020.0,0,0,530300.0,551640500.0,1.0,1080.0,1082.0,1020.0,1020.0,530300.0
2023-07-13,31790,1027.0,1064.0,1011.0,1062.0,0,0,290500.0,302171900.0,1.0,1027.0,1064.0,1011.0,1062.0,290500.0
2023-07-14,31790,1052.0,1058.0,1022.0,1036.0,0,0,224600.0,232213200.0,1.0,1052.0,1058.0,1022.0,1036.0,224600.0
2023-07-18,31790,1033.0,1037.0,1011.0,1033.0,0,0,238300.0,244258600.0,1.0,1033.0,1037.0,1011.0,1033.0,238300.0
2023-07-19,31790,1050.0,1059.0,1039.0,1058.0,0,0,135700.0,142490300.0,1.0,1050.0,1059.0,1039.0,1058.0,135700.0
2023-07-20,31790,1051.0,1072.0,1045.0,1067.0,0,0,75600.0,80337800.0,1.0,1051.0,1072.0,1045.0,1067.0,75600.0
2023-07-21,31790,1058.0,1064.0,1048.0,1053.0,0,0,93400.0,98449900.0,1.0,1058.0,1064.0,1048.0,1053.0,93400.0
2023-07-24,31790,1057.0,1068.0,1057.0,1065.0,0,0,54200.0,57659500.0,1.0,1057.0,1068.0,1057.0,1065.0,54200.0
2023-07-25,31790,1070.0,1071.0,1052.0,1052.0,0,0,107900.0,114338700.0,1.0,1070.0,1071.0,1052.0,1052.0,107900.0
2023-07-26,31790,1050.0,1064.0,1045.0,1064.0,0,0,65600.0,69355100.0,1.0,1050.0,1064.0,1045.0,1064.0,65600.0
2023-07-27,31790,1063.0,1075.0,1055.0,1067.0,0,0,72800.0,77433100.0,1.0,1063.0,1075.0,1055.0,1067.0,72800.0
2023-07-28,31790,1053.0,1090.0,1049.0,1085.0,0,0,196900.0,212142000.0,1.0,1053.0,1090.0,1049.0,1085.0,196900.0
2023-07-31,31790,1098.0,1113.0,1080.0,1089.0,0,0,100300.0,109855200.0,1.0,1098.0,1113.0,1080.0,1089.0,100300.0
2023-08-01,31790,1077.0,1108.0,1075.0,1090.0,0,0,85300.0,92852100.0,1.0,1077.0,1108.0,1075.0,1090.0,85300.0
2023-08-02,31790,1090.0,1093.0,1072.0,1074.0,0,0,85200.0,91960400.0,1.0,1090.0,1093.0,1072.0,1074.0,85200.0
2023-08-03,31790,1057.0,1077.0,1054.0,1061.0,0,0,134500.0,143129300.0,1.0,1057.0,1077.0,1054.0,1061.0,134500.0
2023-08-04,31790,1052.0,1078.0,1050.0,1073.0,0,0,143900.0,153804400.0,1.0,1052.0,1078.0,1050.0,1073.0,143900.0
2023-08-07,31790,1052.0,1064.0,1040.0,1061.0,0,0,183800.0,193803400.0,1.0,1052.0,1064.0,1040.0,1061.0,183800.0
2023-08-08,31790,1082.0,1082.0,1057.0,1063.0,0,0,174200.0,185592200.0,1.0,1082.0,1082.0,1057.0,1063.0,174200.0
2023-08-09,31790,1175.0,1247.0,1156.0,1206.0,0,0,1486700.0,1778164800.0,1.0,1175.0,1247.0,1156.0,1206.0,1486700.0
2023-08-10,31790,1221.0,1274.0,1194.0,1256.0,0,0,805300.0,1001860800.0,1.0,1221.0,1274.0,1194.0,1256.0,805300.0
2023-08-14,31790,1255.0,1280.0,1241.0,1269.0,0,0,339400.0,428731800.0,1.0,1255.0,1280.0,1241.0,1269.0,339400.0
2023-08-15,31790,1276.0,1284.0,1232.0,1239.0,0,0,217800.0,270796800.0,1.0,1276.0,1284.0,1232.0,1239.0,217800.0
2023-08-16,31790,1230.0,1237.0,1195.0,1203.0,0,0,186400.0,225851900.0,1.0,1230.0,1237.0,1195.0,1203.0,186400.0
2023-08-17,31790,1190.0,1195.0,1163.0,1169.0,0,0,146100.0,171576600.0,1.0,1190.0,1195.0,1163.0,1169.0,146100.0
2023-08-18,31790,1144.0,1160.0,1121.0,1147.0,0,0,238100.0,272094200.0,1.0,1144.0,1160.0,1121.0,1147.0,238100.0
2023-08-21,31790,1147.0,1205.0,1147.0,1200.0,0,0,181800.0,216627900.0,1.0,1147.0,1205.0,1147.0,1200.0,181800.0
2023-08-22,31790,1184.0,1185.0,1160.0,1160.0,0,0,128000.0,149431400.0,1.0,1184.0,1185.0,1160.0,1160.0,128000.0
2023-08-23,31790,1150.0,1161.0,1138.0,1161.0,0,0,154600.0,177869000.0,1.0,1150.0,1161.0,1138.0,1161.0,154600.0
2023-08-24,31790,1148.0,1150.0,1128.0,1144.0,0,0,158200.0,179779700.0,1.0,1148.0,1150.0,1128.0,1144.0,158200.0
2023-08-25,31790,1126.0,1167.0,1122.0,1152.0,0,0,134300.0,154850000.0,1.0,1126.0,1167.0,1122.0,1152.0,134300.0
2023-08-28,31790,1158.0,1158.0,1134.0,1145.0,0,0,97900.0,111828400.0,1.0,1158.0,1158.0,1134.0,1145.0,97900.0
2023-08-29,31790,1150.0,1166.0,1143.0,1166.0,0,0,124600.0,143787000.0,1.0,1150.0,1166.0,1143.0,1166.0,124600.0
2023-08-30,31790,1174.0,1174.0,1148.0,1157.0,0,0,85100.0,98523600.0,1.0,1174.0,1174.0,1148.0,1157.0,85100.0
2023-08-31,31790,1152.0,1161.0,1135.0,1135.0,0,0,116500.0,133413200.0,1.0,1152.0,1161.0,1135.0,1135.0,116500.0
2023-09-01,31790,1180.0,1217.0,1152.0,1215.0,0,0,395300.0,469990200.0,1.0,1180.0,1217.0,1152.0,1215.0,395300.0
2023-09-04,31790,1208.0,1208.0,1165.0,1183.0,0,0,245000.0,288810100.0,1.0,1208.0,1208.0,1165.0,1183.0,245000.0
2023-09-05,31790,1175.0,1191.0,1169.0,1191.0,0,0,116900.0,137952800.0,1.0,1175.0,1191.0,1169.0,1191.0,116900.0
2023-09-06,31790,1178.0,1184.0,1158.0,1177.0,0,0,190700.0,223077100.0,1.0,1178.0,1184.0,1158.0,1177.0,190700.0
2023-09-07,31790,1160.0,1186.0,1154.0,1181.0,0,0,180700.0,211884900.0,1.0,1160.0,1186.0,1154.0,1181.0,180700.0
2023-09-08,31790,1169.0,1214.0,1169.0,1187.0,0,0,286800.0,341348100.0,1.0,1169.0,1214.0,1169.0,1187.0,286800.0
2023-09-11,31790,1190.0,1190.0,1151.0,1158.0,0,0,169300.0,196794700.0,1.0,1190.0,1190.0,1151.0,1158.0,169300.0
2023-09-12,31790,1170.0,1177.0,1133.0,1142.0,0,0,235700.0,270835100.0,1.0,1170.0,1177.0,1133.0,1142.0,235700.0
2023-09-13,31790,1135.0,1147.0,1117.0,1118.0,0,0,215500.0,242984700.0,1.0,1135.0,1147.0,1117.0,1118.0,215500.0
2023-09-14,31790,1107.0,1123.0,1102.0,1110.0,0,0,165500.0,184000400.0,1.0,1107.0,1123.0,1102.0,1110.0,165500.0
2023-09-15,31790,1111.0,1113.0,1097.0,1108.0,0,0,155600.0,171840300.0,1.0,1111.0,1113.0,1097.0,1108.0,155600.0
2023-09-19,31790,1105.0,1117.0,1084.0,1117.0,0,0,182800.0,202049500.0,1.0,1105.0,1117.0,1084.0,1117.0,182800.0
2023-09-20,31790,1104.0,1131.0,1098.0,1104.0,0,0,176000.0,195917400.0,1.0,1104.0,1131.0,1098.0,1104.0,176000.0
2023-09-21,31790,1104.0,1110.0,1079.0,1079.0,0,0,155600.0,169322300.0,1.0,1104.0,1110.0,1079.0,1079.0,155600.0
2023-09-22,31790,1068.0,1107.0,1068.0,1099.0,0,0,153300.0,167743700.0,1.0,1068.0,1107.0,1068.0,1099.0,153300.0
2023-09-25,31790,1118.0,1172.0,1115.0,1168.0,0,0,271900.0,313454100.0,1.0,1118.0,1172.0,1115.0,1168.0,271900.0
2023-09-26,31790,1163.0,1176.0,1144.0,1148.0,0,0,168600.0,195187900.0,1.0,1163.0,1176.0,1144.0,1148.0,168600.0
2023-09-27,31790,1152.0,1173.0,1151.0,1173.0,0,0,159900.0,186083300.0,1.0,1152.0,1173.0,1151.0,1173.0,159900.0
2023-09-28,31790,1165.0,1182.0,1145.0,1147.0,0,0,153800.0,178221800.0,1.0,1165.0,1182.0,1145.0,1147.0,153800.0
2023-09-29,31790,1163.0,1163.0,1130.0,1131.0,0,0,107300.0,122244000.0,1.0,1163.0,1163.0,1130.0,1131.0,107300.0
2023-10-02,31790,1120.0,1137.0,1099.0,1099.0,0,0,169800.0,188975600.0,1.0,1120.0,1137.0,1099.0,1099.0,169800.0
2023-10-03,31790,1091.0,1096.0,1076.0,1082.0,0,0,142200.0,154128200.0,1.0,1091.0,1096.0,1076.0,1082.0,142200.0
2023-10-04,31790,1055.0,1075.0,1038.0,1039.0,0,0,185600.0,195216900.0,1.0,1055.0,1075.0,1038.0,1039.0,185600.0
2023-10-05,31790,1041.0,1077.0,1041.0,1076.0,0,0,113500.0,121085500.0,1.0,1041.0,1077.0,1041.0,1076.0,113500.0
2023-10-06,31790,1081.0,1093.0,1068.0,1090.0,0,0,85200.0,92195600.0,1.0,1081.0,1093.0,1068.0,1090.0,85200.0
2023-10-10,31790,1114.0,1168.0,1105.0,1107.0,0,0,279000.0,314661400.0,1.0,1114.0,1168.0,1105.0,1107.0,279000.0
2023-10-11,31790,1122.0,1131.0,1091.0,1095.0,0,0,103700.0,114818600.0,1.0,1122.0,1131.0,1091.0,1095.0,103700.0
2023-10-12,31790,1108.0,1111.0,1085.0,1111.0,0,0,89200.0,98302200.0,1.0,1108.0,1111.0,1085.0,1111.0,89200.0
2023-10-13,31790,1111.0,1118.0,1091.0,1095.0,0,0,107600.0,118725300.0,1.0,1111.0,1118.0,1091.0,1095.0,107600.0
2023-10-16,31790,1070.0,1082.0,1040.0,1045.0,0,0,159500.0,168104500.0,1.0,1070.0,1082.0,1040.0,1045.0,159500.0
2023-10-17,31790,1057.0,1067.0,1031.0,1038.0,0,0,159800.0,167259800.0,1.0,1057.0,1067.0,1031.0,1038.0,159800.0
2023-10-18,31790,1032.0,1038.0,1005.0,1034.0,0,0,217200.0,221317800.0,1.0,1032.0,1038.0,1005.0,1034.0,217200.0
2023-10-19,31790,1004.0,1007.0,988.0,997.0,0,0,284700.0,283768600.0,1.0,1004.0,1007.0,988.0,997.0,284700.0
2023-10-20,31790,988.0,1009.0,979.0,1003.0,0,0,170000.0,169155500.0,1.0,988.0,1009.0,979.0,1003.0,170000.0
2023-10-23,31790,1001.0,1001.0,966.0,968.0,0,0,200900.0,196094800.0,1.0,1001.0,1001.0,966.0,968.0,200900.0
2023-10-24,31790,976.0,988.0,948.0,988.0,0,0,201300.0,195476400.0,1.0,976.0,988.0,948.0,988.0,201300.0
2023-10-25,31790,995.0,998.0,980.0,985.0,0,0,139600.0,138131900.0,1.0,995.0,998.0,980.0,985.0,139600.0
2023-10-26,31790,979.0,992.0,973.0,984.0,0,0,150000.0,147340100.0,1.0,979.0,992.0,973.0,984.0,150000.0
2023-10-27,31790,998.0,1024.0,990.0,1022.0,0,0,169600.0,171168700.0,1.0,998.0,1024.0,990.0,1022.0,169600.0
2023-10-30,31790,1001.0,1020.0,1001.0,1004.0,0,0,390500.0,392690200.0,1.0,1001.0,1020.0,1001.0,1004.0,390500.0
2023-10-31,31790,1001.0,1030.0,986.0,1030.0,0,0,175600.0,178054700.0,1.0,1001.0,1030.0,986.0,1030.0,175600.0
2023-11-01,31790,1048.0,1048.0,1013.0,1014.0,0,0,151700.0,155024800.0,1.0,1048.0,1048.0,1013.0,1014.0,151700.0
2023-11-02,31790,1033.0,1058.0,1024.0,1049.0,0,0,200700.0,209579800.0,1.0,1033.0,1058.0,1024.0,1049.0,200700.0
2023-11-06,31790,1070.0,1072.0,1049.0,1059.0,0,0,157600.0,166806100.0,1.0,1070.0,1072.0,1049.0,1059.0,157600.0
2023-11-07,31790,1069.0,1075.0,1054.0,1057.0,0,0,86100.0,91308200.0,1.0,1069.0,1075.0,1054.0,1057.0,86100.0
2023-11-08,31790,1065.0,1086.0,1065.0,1080.0,0,0,186800.0,201001200.0,1.0,1065.0,1086.0,1065.0,1080.0,186800.0
2023-11-09,31790,1200.0,1272.0,1161.0,1269.0,0,0,1548400.0,1917124700.0,1.0,1200.0,1272.0,1161.0,1269.0,1548400.0
2023-11-10,31790,1269.0,1285.0,1215.0,1277.0,0,0,816400.0,1027948600.0,1.0,1269.0,1285.0,1215.0,1277.0,816400.0
2023-11-13,31790,1289.0,1289.0,1203.0,1209.0,0,0,362000.0,445784800.0,1.0,1289.0,1289.0,1203.0,1209.0,362000.0
2023-11-14,31790,1228.0,1236.0,1195.0,1211.0,0,0,189900.0,230602200.0,1.0,1228.0,1236.0,1195.0,1211.0,189900.0
2023-11-15,31790,1202.0,1219.0,1184.0,1202.0,0,0,164900.0,198468800.0,1.0,1202.0,1219.0,1184.0,1202.0,164900.0
2023-11-16,31790,1185.0,1189.0,1154.0,1158.0,0,0,209300.0,244887600.0,1.0,1185.0,1189.0,1154.0,1158.0,209300.0
2023-11-17,31790,1152.0,1182.0,1150.0,1182.0,0,0,170700.0,198729500.0,1.0,1152.0,1182.0,1150.0,1182.0,170700.0
2023-11-20,31790,1177.0,1201.0,1165.0,1190.0,0,0,97100.0,115191400.0,1.0,1177.0,1201.0,1165.0,1190.0,97100.0
2023-11-21,31790,1180.0,1211.0,1173.0,1195.0,0,0,119400.0,142349700.0,1.0,1180.0,1211.0,1173.0,1195.0,119400.0
2023-11-22,31790,1175.0,1193.0,1165.0,1185.0,0,0,110100.0,130240700.0,1.0,1175.0,1193.0,1165.0,1185.0,110100.0
2023-11-24,31790,1185.0,1212.0,1181.0,1197.0,0,0,114800.0,137558200.0,1.0,1185.0,1212.0,1181.0,1197.0,114800.0
2023-11-27,31790,1200.0,1200.0,1166.0,1179.0,0,0,92800.0,109505000.0,1.0,1200.0,1200.0,1166.0,1179.0,92800.0
2023-11-28,31790,1168.0,1180.0,1151.0,1173.0,0,0,113600.0,132669700.0,1.0,1168.0,1180.0,1151.0,1173.0,113600.0
2023-11-29,31790,1161.0,1195.0,1161.0,1190.0,0,0,99200.0,117512100.0,1.0,1161.0,1195.0,1161.0,1190.0,99200.0
2023-11-30,31790,1195.0,1238.0,1194.0,1238.0,0,0,172000.0,209963200.0,1.0,1195.0,1238.0,1194.0,1238.0,172000.0
2023-12-01,31790,1221.0,1231.0,1189.0,1197.0,0,0,152000.0,182359400.0,1.0,1221.0,1231.0,1189.0,1197.0,152000.0
2023-12-04,31790,1196.0,1234.0,1193.0,1220.0,0,0,122300.0,149105200.0,1.0,1196.0,1234.0,1193.0,1220.0,122300.0
2023-12-05,31790,1228.0,1234.0,1209.0,1211.0,0,0,101800.0,123782900.0,1.0,1228.0,1234.0,1209.0,1211.0,101800.0
2023-12-06,31790,1241.0,1249.0,1221.0,1238.0,0,0,177100.0,219881700.0,1.0,1241.0,1249.0,1221.0,1238.0,177100.0
2023-12-07,31790,1238.0,1239.0,1213.0,1225.0,0,0,121200.0,148990800.0,1.0,1238.0,1239.0,1213.0,1225.0,121200.0
2023-12-08,31790,1195.0,1214.0,1154.0,1164.0,0,0,222600.0,262384100.0,1.0,1195.0,1214.0,1154.0,1164.0,222600.0
2023-12-11,31790,1154.0,1168.0,1144.0,1155.0,0,0,94700.0,109235400.0,1.0,1154.0,1168.0,1144.0,1155.0,94700.0
2023-12-12,31790,1223.0,1223.0,1160.0,1168.0,0,0,181600.0,214225600.0,1.0,1223.0,1223.0,1160.0,1168.0,181600.0
2023-12-13,31790,1179.0,1194.0,1168.0,1178.0,0,0,87700.0,103777200.0,1.0,1179.0,1194.0,1168.0,1178.0,87700.0
2023-12-14,31790,1199.0,1200.0,1155.0,1161.0,0,0,78000.0,91259600.0,1.0,1199.0,1200.0,1155.0,1161.0,78000.0
2023-12-15,31790,1160.0,1166.0,1123.0,1135.0,0,0,128000.0,146127200.0,1.0,1160.0,1166.0,1123.0,1135.0,128000.0
2023-12-18,31790,1120.0,1142.0,1108.0,1135.0,0,0,106600.0,120179400.0,1.0,1120.0,1142.0,1108.0,1135.0,106600.0
2023-12-19,31790,1148.0,1176.0,1142.0,1161.0,0,0,97900.0,113560400.0,1.0,1148.0,1176.0,1142.0,1161.0,97900.0
2023-12-20,31790,1190.0,1197.0,1165.0,1173.0,0,0,117300.0,138475400.0,1.0,1190.0,1197.0,1165.0,1173.0,117300.0
2023-12-21,31790,1149.0,1176.0,1149.0,1169.0,0,0,69600.0,81214600.0,1.0,1149.0,1176.0,1149.0,1169.0,69600.0
2023-12-22,31790,1167.0,1189.0,1164.0,1174.0,0,0,77400.0,90803500.0,1.0,1167.0,1189.0,1164.0,1174.0,77400.0
2023-12-25,31790,1174.0,1181.0,1162.0,1171.0,0,0,65300.0,76344400.0,1.0,1174.0,1181.0,1162.0,1171.0,65300.0
2023-12-26,31790,1162.0,1172.0,1142.0,1163.0,0,0,104000.0,120974100.0,1.0,1162.0,1172.0,1142.0,1163.0,104000.0
2023-12-27,31790,1163.0,1188.0,1148.0,1187.0,0,0,105500.0,123651000.0,1.0,1163.0,1188.0,1148.0,1187.0,105500.0
2023-12-28,31790,1188.0,1207.0,1179.0,1207.0,0,0,106200.0,127161900.0,1.0,1188.0,1207.0,1179.0,1207.0,106200.0
2023-12-29,31790,1193.0,1196.0,1173.0,1187.0,0,0,100000.0,118476800.0,1.0,1193.0,1196.0,1173.0,1187.0,100000.0
2024-01-04,31790,1168.0,1184.0,1132.0,1184.0,0,0,141900.0,165112000.0,1.0,1168.0,1184.0,1132.0,1184.0,141900.0
2024-01-05,31790,1194.0,1195.0,1154.0,1154.0,0,0,89900.0,104839300.0,1.0,1194.0,1195.0,1154.0,1154.0,89900.0
2024-01-09,31790,1153.0,1178.0,1145.0,1178.0,0,0,152000.0,176825600.0,1.0,1153.0,1178.0,1145.0,1178.0,152000.0
2024-01-10,31790,1172.0,1172.0,1140.0,1147.0,0,0,195700.0,225089600.0,1.0,1172.0,1172.0,1140.0,1147.0,195700.0
2024-01-11,31790,1160.0,1160.0,1138.0,1138.0,0,0,122100.0,139712200.0,1.0,1160.0,1160.0,1138.0,1138.0,122100.0
2024-01-12,31790,1089.0,1106.0,1036.0,1041.0,0,0,740900.0,783896700.0,1.0,1089.0,1106.0,1036.0,1041.0,740900.0
2024-01-15,31790,1059.0,1084.0,1054.0,1080.0,0,0,297400.0,318783700.0,1.0,1059.0,1084.0,1054.0,1080.0,297400.0
2024-01-16,31790,1083.0,1089.0,1045.0,1045.0,0,0,192200.0,203623800.0,1.0,1083.0,1089.0,1045.0,1045.0,192200.0
2024-01-17,31790,1060.0,1064.0,1040.0,1040.0,0,0,135600.0,142278100.0,1.0,1060.0,1064.0,1040.0,1040.0,135600.0
2024-01-18,31790,1035.0,1038.0,1025.0,1032.0,0,0,145700.0,150361400.0,1.0,1035.0,1038.0,1025.0,1032.0,145700.0
2024-01-19,31790,1034.0,1040.0,1025.0,1029.0,0,0,157900.0,162695000.0,1.0,1034.0,1040.0,1025.0,1029.0,157900.0
2024-01-22,31790,1034.0,1057.0,1029.0,1057.0,0,0,141800.0,148738500.0,1.0,1034.0,1057.0,1029.0,1057.0,141800.0
2024-01-23,31790,1072.0,1073.0,1048.0,1050.0,0,0,131900.0,139771300.0,1.0,1072.0,1073.0,1048.0,1050.0,131900.0
2024-01-24,31790,1047.0,1055.0,1037.0,1044.0,0,0,105900.0,110480500.0,1.0,1047.0,1055.0,1037.0,1044.0,105900.0
2024-01-25,31790,1048.0,1053.0,1034.0,1052.0,0,0,196900.0,205968000.0,1.0,1048.0,1053.0,1034.0,1052.0,196900.0
2024-01-26,31790,1042.0,1063.0,1039.0,1046.0,0,0,219400.0,230342100.0,1.0,1042.0,1063.0,1039.0,1046.0,219400.0
2024-01-29,31790,1051.0,1052.0,1039.0,1046.0,0,0,108800.0,113853900.0,1.0,1051.0,1052.0,1039.0,1046.0,108800.0
2024-01-30,31790,1058.0,1058.0,1038.0,1052.0,0,0,162800.0,170318400.0,1.0,1058.0,1058.0,1038.0,1052.0,162800.0
2024-01-31,31790,1052.0,1052.0,1033.0,1047.0,0,0,131400.0,136931500.0,1.0,1052.0,1052.0,1033.0,1047.0,131400.0
2024-02-01,31790,1035.0,1042.0,1017.0,1017.0,0,0,199200.0,204360500.0,1.0,1035.0,1042.0,1017.0,1017.0,199200.0
2024-02-02,31790,1021.0,1038.0,1017.0,1017.0,0,0,150700.0,154204000.0,1.0,1021.0,1038.0,1017.0,1017.0,150700.0
2024-02-05,31790,1030.0,1030.0,1013.0,1029.0,0,0,158300.0,162041300.0,1.0,1030.0,1030.0,1013.0,1029.0,158300.0
2024-02-06,31790,1032.0,1032.0,1019.0,1019.0,0,0,148600.0,151977000.0,1.0,1032.0,1032.0,1019.0,1019.0,148600.0
2024-02-07,31790,1025.0,1025.0,1005.0,1013.0,0,0,355700.0,360603400.0,1.0,1025.0,1025.0,1005.0,1013.0,355700.0
2024-02-08,31790,1096.0,1116.0,1071.0,1082.0,0,0,1090200.0,1186324500.0,1.0,1096.0,1116.0,1071.0,1082.0,1090200.0
2024-02-09,31790,1061.0,1080.0,1035.0,1043.0,0,0,406200.0,428119500.0,1.0,1061.0,1080.0,1035.0,1043.0,406200.0
2024-02-13,31790,1057.0,1089.0,1050.0,1086.0,0,0,432300.0,465141400.0,1.0,1057.0,1089.0,1050.0,1086.0,432300.0
2024-02-14,31790,1070.0,1073.0,1047.0,1056.0,0,0,268800.0,283965700.0,1.0,1070.0,1073.0,1047.0,1056.0,268800.0
2024-02-15,31790,1081.0,1083.0,1029.0,1029.0,0,0,209400.0,220342000.0,1.0,1081.0,1083.0,1029.0,1029.0,209400.0
2024-02-16,31790,1030.0,1046.0,1026.0,1038.0,0,0,193400.0,200050700.0,1.0,1030.0,1046.0,1026.0,1038.0,193400.0
2024-02-19,31790,1047.0,1057.0,1036.0,1057.0,0,0,201400.0,211136000.0,1.0,1047.0,1057.0,1036.0,1057.0,201400.0
2024-02-20,31790,1061.0,1062.0,1038.0,1043.0,0,0,184900.0,193395500.0,1.0,1061.0,1062.0,1038.0,1043.0,184900.0
2024-02-21,31790,1047.0,1085.0,1036.0,1070.0,0,0,275300.0,291276700.0,1.0,1047.0,1085.0,1036.0,1070.0,275300.0
2024-02-22,31790,1100.0,1122.0,1087.0,1107.0,0,0,374700.0,413357300.0,1.0,1100.0,1122.0,1087.0,1107.0,374700.0
2024-02-26,31790,1134.0,1200.0,1130.0,1179.0,0,0,649000.0,761889400.0,1.0,1134.0,1200.0,1130.0,1179.0,649000.0
2024-02-27,31790,1180.0,1203.0,1145.0,1150.0,0,0,274300.0,319981500.0,1.0,1180.0,1203.0,1145.0,1150.0,274300.0
2024-02-28,31790,1150.0,1176.0,1141.0,1154.0,0,0,309100.0,357933100.0,1.0,1150.0,1176.0,1141.0,1154.0,309100.0
2024-02-29,31790,1148.0,1161.0,1134.0,1149.0,0,0,297600.0,341413000.0,1.0,1148.0,1161.0,1134.0,1149.0,297600.0
2024-03-01,31790,1157.0,1159.0,1123.0,1137.0,0,0,301700.0,345117300.0,1.0,1157.0,1159.0,1123.0,1137.0,301700.0
2024-03-04,31790,1137.0,1139.0,1107.0,1120.0,0,0,205900.0,231008800.0,1.0,1137.0,1139.0,1107.0,1120.0,205900.0
2024-03-05,31790,1120.0,1134.0,1107.0,1129.0,0,0,119500.0,134345200.0,1.0,1120.0,1134.0,1107.0,1129.0,119500.0
2024-03-06,31790,1130.0,1156.0,1123.0,1144.0,0,0,198400.0,226595400.0,1.0,1130.0,1156.0,1123.0,1144.0,198400.0
2024-03-07,31790,1141.0,1158.0,1130.0,1140.0,0,0,212800.0,243083200.0,1.0,1141.0,1158.0,1130.0,1140.0,212800.0
2024-03-08,31790,1144.0,1181.0,1142.0,1156.0,0,0,321900.0,373091200.0,1.0,1144.0,1181.0,1142.0,1156.0,321900.0
2024-03-11,31790,1144.0,1162.0,1138.0,1162.0,0,0,187900.0,215468200.0,1.0,1144.0,1162.0,1138.0,1162.0,187900.0
2024-03-12,31790,1150.0,1181.0,1127.0,1180.0,0,0,170300.0,197995300.0,1.0,1150.0,1181.0,1127.0,1180.0,170300.0
2024-03-13,31790,1187.0,1188.0,1166.0,1176.0,0,0,154700.0,182625100.0,1.0,1187.0,1188.0,1166.0,1176.0,154700.0
2024-03-14,31790,1187.0,1197.0,1174.0,1187.0,0,0,162500.0,192546100.0,1.0,1187.0,1197.0,1174.0,1187.0,162500.0
2024-03-15,31790,1168.0,1209.0,1159.0,1192.0,0,0,246200.0,291717600.0,1.0,1168.0,1209.0,1159.0,1192.0,246200.0
2024-03-18,31790,1210.0,1236.0,1194.0,1235.0,0,0,218300.0,266254800.0,1.0,1210.0,1236.0,1194.0,1235.0,218300.0
2024-03-19,31790,1221.0,1233.0,1205.0,1229.0,0,0,193600.0,236802600.0,1.0,1221.0,1233.0,1205.0,1229.0,193600.0
2024-03-21,31790,1258.0,1272.0,1250.0,1253.0,0,0,214100.0,269471400.0,1.0,1258.0,1272.0,1250.0,1253.0,214100.0
2024-03-22,31790,1226.0,1257.0,1223.0,1247.0,0,0,149000.0,184953800.0,1.0,1226.0,1257.0,1223.0,1247.0,149000.0
2024-03-25,31790,1248.0,1255.0,1235.0,1235.0,0,0,205200.0,255860700.0,1.0,1248.0,1255.0,1235.0,1235.0,205200.0
2024-03-26,31790,1227.0,1227.0,1211.0,1214.0,0,0,159700.0,195054500.0,1.0,1227.0,1227.0,1211.0,1214.0,159700.0
2024-03-27,31790,1210.0,1232.0,1210.0,1215.0,0,0,452300.0,550212000.0,1.0,1210.0,1232.0,1210.0,1215.0,452300.0
2024-03-28,31790,1177.0,1192.0,1170.0,1177.0,0,0,462300.0,544741000.0,1.0,1177.0,1192.0,1170.0,1177.0,462300.0
2024-03-29,31790,1199.0,1229.0,1192.0,1228.0,0,0,137300.0,166684300.0,1.0,1199.0,1229.0,1192.0,1228.0,137300.0
2024-04-01,31790,1230.0,1234.0,1200.0,1222.0,0,0,93300.0,113764200.0,1.0,1230.0,1234.0,1200.0,1222.0,93300.0
2024-04-02,31790,1213.0,1227.0,1181.0,1189.0,0,0,199800.0,239689200.0,1.0,1213.0,1227.0,1181.0,1189.0,199800.0
2024-04-03,31790,1169.0,1209.0,1158.0,1191.0,0,0,121300.0,143945200.0,1.0,1169.0,1209.0,1158.0,1191.0,121300.0
2024-04-04,31790,1191.0,1191.0,1165.0,1171.0,0,0,100400.0,118111900.0,1.0,1191.0,1191.0,1165.0,1171.0,100400.0
2024-04-05,31790,1148.0,1170.0,1132.0,1150.0,0,0,163300.0,187534800.0,1.0,1148.0,1170.0,1132.0,1150.0,163300.0
2024-04-08,31790,1177.0,1194.0,1161.0,1185.0,0,0,144000.0,169270500.0,1.0,1177.0,1194.0,1161.0,1185.0,144000.0
2024-04-09,31790,1177.0,1195.0,1172.0,1189.0,0,0,75200.0,89154700.0,1.0,1177.0,1195.0,1172.0,1189.0,75200.0
2024-04-10,31790,1196.0,1213.0,1193.0,1204.0,0,0,85700.0,103101500.0,1.0,1196.0,1213.0,1193.0,1204.0,85700.0
2024-04-11,31790,1177.0,1202.0,1170.0,1190.0,0,0,61200.0,72819700.0,1.0,1177.0,1202.0,1170.0,1190.0,61200.0
2024-04-12,31790,1192.0,1214.0,1183.0,1208.0,0,0,102800.0,123914300.0,1.0,1192.0,1214.0,1183.0,1208.0,102800.0
2024-04-15,31790,1197.0,1197.0,1179.0,1182.0,0,0,52800.0,62625400.0,1.0,1197.0,1197.0,1179.0,1182.0,52800.0
2024-04-16,31790,1178.0,1180.0,1158.0,1169.0,0,0,72900.0,85210100.0,1.0,1178.0,1180.0,1158.0,1169.0,72900.0
2024-04-17,31790,1183.0,1188.0,1139.0,1140.0,0,0,75300.0,86866700.0,1.0,1183.0,1188.0,1139.0,1140.0,75300.0
2024-04-18,31790,1132.0,1172.0,1132.0,1162.0,0,0,65800.0,76098300.0,1.0,1132.0,1172.0,1132.0,1162.0,65800.0
2024-04-19,31790,1150.0,1153.0,1118.0,1142.0,0,0,163700.0,185941900.0,1.0,1150.0,1153.0,1118.0,1142.0,163700.0
2024-04-22,31790,1171.0,1180.0,1148.0,1180.0,0,0,90800.0,106274400.0,1.0,1171.0,1180.0,1148.0,1180.0,90800.0
2024-04-23,31790,1180.0,1185.0,1168.0,1181.0,0,0,56500.0,66550300.0,1.0,1180.0,1185.0,1168.0,1181.0,56500.0
2024-04-24,31790,1162.0,1182.0,1162.0,1166.0,0,0,68900.0,80499600.0,1.0,1162.0,1182.0,1162.0,1166.0,68900.0
2024-04-25,31790,1169.0,1182.0,1155.0,1155.0,0,0,55400.0,64624000.0,1.0,1169.0,1182.0,1155.0,1155.0,55400.0
2024-04-26,31790,1160.0,1160.0,1131.0,1151.0,0,0,141400.0,161804900.0,1.0,1160.0,1160.0,1131.0,1151.0,141400.0
2024-04-30,31790,1158.0,1163.0,1145.0,1163.0,0,0,50100.0,57957900.0,1.0,1158.0,1163.0,1145.0,1163.0,50100.0
2024-05-01,31790,1158.0,1178.0,1147.0,1160.0,0,0,52400.0,60846000.0,1.0,1158.0,1178.0,1147.0,1160.0,52400.0
2024-05-02,31790,1167.0,1182.0,1161.0,1169.0,0,0,94100.0,110130800.0,1.0,1167.0,1182.0,1161.0,1169.0,94100.0
2024-05-07,31790,1185.0,1202.0,1181.0,1202.0,0,0,115100.0,137506400.0,1.0,1185.0,1202.0,1181.0,1202.0,115100.0
2024-05-08,31790,1201.0,1229.0,1196.0,1228.0,0,0,116400.0,141975700.0,1.0,1201.0,1229.0,1196.0,1228.0,116400.0
2024-05-09,31790,1239.0,1244.0,1223.0,1234.0,0,0,323300.0,398928200.0,1.0,1239.0,1244.0,1223.0,1234.0,323300.0
2024-05-10,31790,1377.0,1427.0,1347.0,1390.0,0,0,1136000.0,1584247600.0,1.0,1377.0,1427.0,1347.0,1390.0,1136000.0
2024-05-13,31790,1340.0,1361.0,1323.0,1333.0,0,0,352500.0,472272700.0,1.0,1340.0,1361.0,1323.0,1333.0,352500.0
2024-05-14,31790,1341.0,1357.0,1324.0,1347.0,0,0,156200.0,210063700.0,1.0,1341.0,1357.0,1324.0,1347.0,156200.0
2024-05-15,31790,1347.0,1368.0,1330.0,1350.0,0,0,151800.0,204868100.0,1.0,1347.0,1368.0,1330.0,1350.0,151800.0
2024-05-16,31790,1359.0,1374.0,1324.0,1330.0,0,0,168700.0,226125500.0,1.0,1359.0,1374.0,1324.0,1330.0,168700.0
2024-05-17,31790,1300.0,1305.0,1274.0,1295.0,0,0,207300.0,266958800.0,1.0,1300.0,1305.0,1274.0,1295.0,207300.0
2024-05-20,31790,1283.0,1297.0,1252.0,1263.0,0,0,278700.0,354325500.0,1.0,1283.0,1297.0,1252.0,1263.0,278700.0
2024-05-21,31790,1314.0,1330.0,1264.0,1271.0,0,0,228500.0,294539200.0,1.0,1314.0,1330.0,1264.0,1271.0,228500.0
2024-05-22,31790,1244.0,1268.0,1231.0,1238.0,0,0,199500.0,248765700.0,1.0,1244.0,1268.0,1231.0,1238.0,199500.0
2024-05-23,31790,1239.0,1281.0,1225.0,1273.0,0,0,206100.0,260361400.0,1.0,1239.0,1281.0,1225.0,1273.0,206100.0
2024-05-24,31790,1236.0,1262.0,1222.0,1252.0,0,0,211500.0,263566400.0,1.0,1236.0,1262.0,1222.0,1252.0,211500.0
2024-05-27,31790,1277.0,1277.0,1232.0,1232.0,0,0,95200.0,118505200.0,1.0,1277.0,1277.0,1232.0,1232.0,95200.0
2024-05-28,31790,1244.0,1299.0,1244.0,1298.0,0,0,151400.0,193308700.0,1.0,1244.0,1299.0,1244.0,1298.0,151400.0
2024-05-29,31790,1304.0,1309.0,1259.0,1259.0,0,0,214600.0,275415000.0,1.0,1304.0,1309.0,1259.0,1259.0,214600.0
2024-05-30,31790,1220.0,1275.0,1200.0,1264.0,0,0,260500.0,322656800.0,1.0,1220.0,1275.0,1200.0,1264.0,260500.0
2024-05-31,31790,1264.0,1307.0,1264.0,1307.0,0,0,98300.0,127723500.0,1.0,1264.0,1307.0,1264.0,1307.0,98300.0
2024-06-03,31790,1310.0,1320.0,1283.0,1297.0,0,0,87400.0,113309200.0,1.0,1310.0,1320.0,1283.0,1297.0,87400.0
2024-06-04,31790,1304.0,1324.0,1297.0,1309.0,0,0,137000.0,179941400.0,1.0,1304.0,1324.0,1297.0,1309.0,137000.0
2024-06-05,31790,1313.0,1336.0,1301.0,1310.0,0,0,147800.0,194577100.0,1.0,1313.0,1336.0,1301.0,1310.0,147800.0
2024-06-06,31790,1317.0,1330.0,1304.0,1311.0,0,0,89000.0,117250800.0,1.0,1317.0,1330.0,1304.0,1311.0,89000.0
2024-06-07,31790,1343.0,1360.0,1335.0,1347.0,0,0,115400.0,155266400.0,1.0,1343.0,1360.0,1335.0,1347.0,115400.0
2024-06-10,31790,1287.0,1319.0,1270.0,1319.0,0,0,276400.0,358665600.0,1.0,1287.0,1319.0,1270.0,1319.0,276400.0
2024-06-11,31790,1339.0,1354.0,1321.0,1333.0,0,0,129600.0,173770200.0,1.0,1339.0,1354.0,1321.0,1333.0,129600.0
2024-06-12,31790,1333.0,1345.0,1309.0,1314.0,0,0,95200.0,126184500.0,1.0,1333.0,1345.0,1309.0,1314.0,95200.0
2024-06-13,31790,1309.0,1311.0,1286.0,1290.0,0,0,79800.0,103659500.0,1.0,1309.0,1311.0,1286.0,1290.0,79800.0
2024-06-14,31790,1264.0,1350.0,1263.0,1350.0,0,0,130400.0,171928200.0,1.0,1264.0,1350.0,1263.0,1350.0,130400.0
2024-06-17,31790,1335.0,1342.0,1303.0,1335.0,0,0,99600.0,132216900.0,1.0,1335.0,1342.0,1303.0,1335.0,99600.0
2024-06-18,31790,1353.0,1368.0,1340.0,1357.0,0,0,105600.0,143275800.0,1.0,1353.0,1368.0,1340.0,1357.0,105600.0
2024-06-19,31790,1370.0,1398.0,1361.0,1370.0,0,0,143100.0,197299500.0,1.0,1370.0,1398.0,1361.0,1370.0,143100.0
2024-06-20,31790,1341.0,1372.0,1334.0,1367.0,0,0,115700.0,156799900.0,1.0,1341.0,1372.0,1334.0,1367.0,115700.0
2024-06-21,31790,1367.0,1373.0,1347.0,1350.0,0,0,147100.0,199625700.0,1.0,1367.0,1373.0,1347.0,1350.0,147100.0
2024-06-24,31790,1350.0,1364.0,1345.0,1361.0,0,0,77400.0,104990900.0,1.0,1350.0,1364.0,1345.0,1361.0,77400.0
2024-06-25,31790,1360.0,1391.0,1356.0,1382.0,0,0,85300.0,117754600.0,1.0,1360.0,1391.0,1356.0,1382.0,85300.0
2024-06-26,31790,1372.0,1400.0,1370.0,1400.0,0,0,99000.0,137601700.0,1.0,1372.0,1400.0,1370.0,1400.0,99000.0
2024-06-27,31790,1409.0,1420.0,1399.0,1405.0,0,0,106100.0,149537400.0,1.0,1409.0,1420.0,1399.0,1405.0,106100.0
2024-06-28,31790,1401.0,1424.0,1393.0,1424.0,0,0,84200.0,119178800.0,1.0,1401.0,1424.0,1393.0,1424.0,84200.0
2024-07-01,31790,1434.0,1450.0,1400.0,1413.0,0,0,108600.0,154367900.0,1.0,1434.0,1450.0,1400.0,1413.0,108600.0
2024-07-02,31790,1413.0,1424.0,1373.0,1387.0,0,0,131900.0,183565000.0,1.0,1413.0,1424.0,1373.0,1387.0,131900.0
2024-07-03,31790,1390.0,1406.0,1385.0,1400.0,0,0,67900.0,95009100.0,1.0,1390.0,1406.0,1385.0,1400.0,67900.0
2024-07-04,31790,1406.0,1434.0,1400.0,1421.0,0,0,67500.0,96070000.0,1.0,1406.0,1434.0,1400.0,1421.0,67500.0
2024-07-05,31790,1440.0,1448.0,1422.0,1438.0,0,0,78400.0,112532900.0,1.0,1440.0,1448.0,1422.0,1438.0,78400.0
2024-07-08,31790,1481.0,1500.0,1470.0,1492.0,0,0,182600.0,271114600.0,1.0,1481.0,1500.0,1470.0,1492.0,182600.0
2024-07-09,31790,1492.0,1510.0,1464.0,1464.0,0,0,107800.0,160011100.0,1.0,1492.0,1510.0,1464.0,1464.0,107800.0
2024-07-10,31790,1480.0,1511.0,1472.0,1511.0,0,0,137700.0,206271600.0,1.0,1480.0,1511.0,1472.0,1511.0,137700.0
2024-07-11,31790,1529.0,1545.0,1511.0,1519.0,0,0,134900.0,205333800.0,1.0,1529.0,1545.0,1511.0,1519.0,134900.0
2024-07-12,31790,1501.0,1540.0,1496.0,1516.0,0,0,94200.0,143117900.0,1.0,1501.0,1540.0,1496.0,1516.0,94200.0
2024-07-16,31790,1528.0,1540.0,1501.0,1519.0,0,0,80100.0,121653900.0,1.0,1528.0,1540.0,1501.0,1519.0,80100.0
2024-07-17,31790,1521.0,1547.0,1504.0,1531.0,0,0,61900.0,94510800.0,1.0,1521.0,1547.0,1504.0,1531.0,61900.0
2024-07-18,31790,1507.0,1534.0,1505.0,1509.0,0,0,62600.0,94770800.0,1.0,1507.0,1534.0,1505.0,1509.0,62600.0
2024-07-19,31790,1500.0,1509.0,1486.0,1492.0,0,0,62100.0,92791200.0,1.0,1500.0,1509.0,1486.0,1492.0,62100.0
2024-07-22,31790,1486.0,1507.0,1463.0,1495.0,0,0,103800.0,154495400.0,1.0,1486.0,1507.0,1463.0,1495.0,103800.0
2024-07-23,31790,1490.0,1500.0,1481.0,1494.0,0,0,63600.0,94908000.0,1.0,1490.0,1500.0,1481.0,1494.0,63600.0
2024-07-24,31790,1493.0,1496.0,1458.0,1469.0,0,0,59300.0,87340300.0,1.0,1493.0,1496.0,1458.0,1469.0,59300.0
2024-07-25,31790,1445.0,1453.0,1426.0,1442.0,0,0,101900.0,146957300.0,1.0,1445.0,1453.0,1426.0,1442.0,101900.0
2024-07-26,31790,1424.0,1457.0,1410.0,1441.0,0,0,109600.0,157160100.0,1.0,1424.0,1457.0,1410.0,1441.0,109600.0
2024-07-29,31790,1460.0,1472.0,1445.0,1463.0,0,0,113100.0,164856200.0,1.0,1460.0,1472.0,1445.0,1463.0,113100.0
2024-07-30,31790,1458.0,1458.0,1421.0,1429.0,0,0,62400.0,89297200.0,1.0,1458.0,1458.0,1421.0,1429.0,62400.0
2024-07-31,31790,1416.0,1463.0,1413.0,1458.0,0,0,87200.0,125558100.0,1.0,1416.0,1463.0,1413.0,1458.0,87200.0
2024-08-01,31790,1441.0,1442.0,1378.0,1383.0,0,0,154400.0,215502700.0,1.0,1441.0,1442.0,1378.0,1383.0,154400.0
2024-08-02,31790,1334.0,1351.0,1302.0,1312.0,0,0,248000.0,329117700.0,1.0,1334.0,1351.0,1302.0,1312.0,248000.0
2024-08-05,31790,1233.0,1275.0,1120.0,1130.0,0,0,277300.0,335276200.0,1.0,1233.0,1275.0,1120.0,1130.0,277300.0
2024-08-06,31790,1250.0,1298.0,1221.0,1293.0,0,0,250200.0,316741800.0,1.0,1250.0,1298.0,1221.0,1293.0,250200.0
2024-08-07,31790,1263.0,1360.0,1220.0,1277.0,0,0,241400.0,313495100.0,1.0,1263.0,1360.0,1220.0,1277.0,241400.0
2024-08-08,31790,1390.0,1400.0,1305.0,1323.0,0,0,606800.0,813266900.0,1.0,1390.0,1400.0,1305.0,1323.0,606800.0
2024-08-09,31790,1353.0,1374.0,1314.0,1339.0,0,0,213200.0,284951000.0,1.0,1353.0,1374.0,1314.0,1339.0,213200.0
2024-08-13,31790,1360.0,1360.0,1310.0,1339.0,0,0,306300.0,406810400.0,1.0,1360.0,1360.0,1310.0,1339.0,306300.0
2024-08-14,31790,1310.0,1313.0,1253.0,1261.0,0,0,348700.0,444965100.0,1.0,1310.0,1313.0,1253.0,1261.0,348700.0
2024-08-15,31790,1280.0,1355.0,1280.0,1347.0,0,0,305400.0,404928400.0,1.0,1280.0,1355.0,1280.0,1347.0,305400.0
2024-08-16,31790,1377.0,1395.0,1366.0,1387.0,0,0,186100.0,257251400.0,1.0,1377.0,1395.0,1366.0,1387.0,186100.0
2024-08-19,31790,1373.0,1400.0,1363.0,1363.0,0,0,162100.0,223636800.0,1.0,1373.0,1400.0,1363.0,1363.0,162100.0
2024-08-20,31790,1351.0,1392.0,1345.0,1371.0,0,0,87700.0,120494400.0,1.0,1351.0,1392.0,1345.0,1371.0,87700.0
2024-08-21,31790,1350.0,1352.0,1324.0,1335.0,0,0,78800.0,104953400.0,1.0,1350.0,1352.0,1324.0,1335.0,78800.0
2024-08-22,31790,1335.0,1377.0,1326.0,1377.0,0,0,104800.0,142592000.0,1.0,1335.0,1377.0,1326.0,1377.0,104800.0
2024-08-23,31790,1347.0,1347.0,1299.0,1326.0,0,0,222300.0,293938300.0,1.0,1347.0,1347.0,1299.0,1326.0,222300.0
2024-08-26,31790,1339.0,1357.0,1321.0,1349.0,0,0,91600.0,122897600.0,1.0,1339.0,1357.0,1321.0,1349.0,91600.0
2024-08-27,31790,1363.0,1431.0,1362.0,1415.0,0,0,200100.0,281745300.0,1.0,1363.0,1431.0,1362.0,1415.0,200100.0
2024-08-28,31790,1402.0,1443.0,1391.0,1434.0,0,0,120600.0,171835300.0,1.0,1402.0,1443.0,1391.0,1434.0,120600.0
2024-08-29,31790,1431.0,1444.0,1421.0,1440.0,0,0,83900.0,120455700.0,1.0,1431.0,1444.0,1421.0,1440.0,83900.0
2024-08-30,31790,1444.0,1458.0,1412.0,1422.0,0,0,174500.0,248639600.0,1.0,1444.0,1458.0,1412.0,1422.0,174500.0
2024-09-02,31790,1422.0,1422.0,1353.0,1358.0,0,0,247600.0,339066500.0,1.0,1422.0,1422.0,1353.0,1358.0,247600.0
2024-09-03,31790,1345.0,1345.0,1292.0,1301.0,0,0,452900.0,594555700.0,1.0,1345.0,1345.0,1292.0,1301.0,452900.0
2024-09-04,31790,1249.0,1284.0,1227.0,1275.0,0,0,444700.0,557194900.0,1.0,1249.0,1284.0,1227.0,1275.0,444700.0
2024-09-05,31790,1285.0,1337.0,1283.0,1313.0,0,0,348900.0,458189300.0,1.0,1285.0,1337.0,1283.0,1313.0,348900.0
2024-09-06,31790,1329.0,1343.0,1307.0,1320.0,0,0,207600.0,274348600.0,1.0,1329.0,1343.0,1307.0,1320.0,207600.0
2024-09-09,31790,1200.0,1219.0,1150.0,1175.0,0,0,1084200.0,1270547500.0,1.0,1200.0,1219.0,1150.0,1175.0,1084200.0
2024-09-10,31790,1175.0,1180.0,1156.0,1169.0,0,0,363000.0,424062600.0,1.0,1175.0,1180.0,1156.0,1169.0,363000.0
2024-09-11,31790,1172.0,1197.0,1153.0,1173.0,0,0,335200.0,394543800.0,1.0,1172.0,1197.0,1153.0,1173.0,335200.0
2024-09-12,31790,1179.0,1191.0,1143.0,1147.0,0,0,268600.0,311442300.0,1.0,1179.0,1191.0,1143.0,1147.0,268600.0
2024-09-13,31790,1146.0,1155.0,1126.0,1150.0,0,0,278200.0,317686400.0,1.0,1146.0,1155.0,1126.0,1150.0,278200.0
2024-09-17,31790,1170.0,1182.0,1157.0,1178.0,0,0,196900.0,230538900.0,1.0,1170.0,1182.0,1157.0,1178.0,196900.0
2024-09-18,31790,1183.0,1200.0,1144.0,1160.0,0,0,288000.0,335006000.0,1.0,1183.0,1200.0,1144.0,1160.0,288000.0
2024-09-19,31790,1175.0,1201.0,1169.0,1198.0,0,0,278300.0,330675700.0,1.0,1175.0,1201.0,1169.0,1198.0,278300.0
2024-09-20,31790,1207.0,1236.0,1206.0,1234.0,0,0,220400.0,270179900.0,1.0,1207.0,1236.0,1206.0,1234.0,220400.0
2024-09-24,31790,1247.0,1247.0,1216.0,1217.0,0,0,232800.0,286010700.0,1.0,1247.0,1247.0,1216.0,1217.0,232800.0
2024-09-25,31790,1206.0,1211.0,1187.0,1194.0,0,0,279400.0,335021900.0,1.0,1206.0,1211.0,1187.0,1194.0,279400.0
2024-09-26,31790,1220.0,1254.0,1208.0,1250.0,0,0,265700.0,329525300.0,1.0,1220.0,1254.0,1208.0,1250.0,265700.0
2024-09-27,31790,1255.0,1275.0,1248.0,1268.0,0,0,186800.0,236006900.0,1.0,1255.0,1275.0,1248.0,1268.0,186800.0
2024-09-30,31790,1224.0,1250.0,1219.0,1249.0,0,0,207800.0,257592100.0,1.0,1224.0,1250.0,1219.0,1249.0,207800.0
2024-10-01,31790,1245.0,1249.0,1227.0,1242.0,0,0,165000.0,204647600.0,1.0,1245.0,1249.0,1227.0,1242.0,165000.0
2024-10-02,31790,1239.0,1239.0,1201.0,1202.0,0,0,245300.0,298044700.0,1.0,1239.0,1239.0,1201.0,1202.0,245300.0
2024-10-03,31790,1213.0,1222.0,1207.0,1212.0,0,0,240600.0,292257500.0,1.0,1213.0,1222.0,1207.0,1212.0,240600.0
2024-10-04,31790,1205.0,1230.0,1195.0,1214.0,0,0,143100.0,173867300.0,1.0,1205.0,1230.0,1195.0,1214.0,143100.0
2024-10-07,31790,1244.0,1249.0,1227.0,1243.0,0,0,149900.0,185824900.0,1.0,1244.0,1249.0,1227.0,1243.0,149900.0
2024-10-08,31790,1153.0,1160.0,1094.0,1098.0,0,0,1031400.0,1148258700.0,1.0,1153.0,1160.0,1094.0,1098.0,1031400.0
2024-10-09,31790,1100.0,1122.0,1095.0,1100.0,0,0,463300.0,512778700.0,1.0,1100.0,1122.0,1095.0,1100.0,463300.0
2024-10-10,31790,1100.0,1121.0,1099.0,1109.0,0,0,273900.0,304541600.0,1.0,1100.0,1121.0,1099.0,1109.0,273900.0
2024-10-11,31790,1103.0,1118.0,1099.0,1107.0,0,0,196400.0,217063400.0,1.0,1103.0,1118.0,1099.0,1107.0,196400.0
2024-10-15,31790,1108.0,1128.0,1101.0,1124.0,0,0,252200.0,281745800.0,1.0,1108.0,1128.0,1101.0,1124.0,252200.0
2024-10-16,31790,1110.0,1124.0,1097.0,1103.0,0,0,195500.0,216237700.0,1.0,1110.0,1124.0,1097.0,1103.0,195500.0
2024-10-17,31790,1106.0,1108.0,1090.0,1095.0,0,0,217800.0,239001800.0,1.0,1106.0,1108.0,1090.0,1095.0,217800.0
2024-10-18,31790,1101.0,1111.0,1089.0,1091.0,0,0,186600.0,205083400.0,1.0,1101.0,1111.0,1089.0,1091.0,186600.0
2024-10-21,31790,1088.0,1094.0,1077.0,1082.0,0,0,146400.0,158540600.0,1.0,1088.0,1094.0,1077.0,1082.0,146400.0
2024-10-22,31790,1082.0,1087.0,1058.0,1063.0,0,0,165200.0,176495800.0,1.0,1082.0,1087.0,1058.0,1063.0,165200.0
2024-10-23,31790,1063.0,1068.0,1056.0,1059.0,0,0,95500.0,101311500.0,1.0,1063.0,1068.0,1056.0,1059.0,95500.0
2024-10-24,31790,1051.0,1058.0,1040.0,1057.0,0,0,83500.0,87869200.0,1.0,1051.0,1058.0,1040.0,1057.0,83500.0
2024-10-25,31790,1057.0,1057.0,1027.0,1035.0,0,0,117100.0,121289000.0,1.0,1057.0,1057.0,1027.0,1035.0,117100.0
2024-10-28,31790,1040.0,1060.0,1038.0,1056.0,0,0,99700.0,105149300.0,1.0,1040.0,1060.0,1038.0,1056.0,99700.0
2024-10-29,31790,1058.0,1064.0,1049.0,1062.0,0,0,58500.0,61886000.0,1.0,1058.0,1064.0,1049.0,1062.0,58500.0
2024-10-30,31790,1062.0,1069.0,1052.0,1060.0,0,0,195300.0,207144600.0,1.0,1062.0,1069.0,1052.0,1060.0,195300.0
2024-10-31,31790,1066.0,1075.0,1060.0,1064.0,0,0,100200.0,106795000.0,1.0,1066.0,1075.0,1060.0,1064.0,100200.0
2024-11-01,31790,1060.0,1071.0,1041.0,1041.0,0,0,170400.0,179256400.0,1.0,1060.0,1071.0,1041.0,1041.0,170400.0
2024-11-05,31790,1055.0,1062.0,1047.0,1056.0,0,0,128300.0,135356100.0,1.0,1055.0,1062.0,1047.0,1056.0,128300.0
2024-11-06,31790,1059.0,1072.0,1055.0,1069.0,0,0,200700.0,213710700.0,1.0,1059.0,1072.0,1055.0,1069.0,200700.0
2024-11-07,31790,1077.0,1090.0,1057.0,1064.0,0,0,229700.0,246030300.0,1.0,1077.0,1090.0,1057.0,1064.0,229700.0
2024-11-08,31790,1068.0,1082.0,1042.0,1042.0,0,0,276000.0,291727300.0,1.0,1068.0,1082.0,1042.0,1042.0,276000.0
2024-11-11,31790,990.0,992.0,969.0,969.0,0,0,713100.0,698444400.0,1.0,990.0,992.0,969.0,969.0,713100.0
2024-11-12,31790,976.0,1008.0,974.0,987.0,0,0,297400.0,294717100.0,1.0,976.0,1008.0,974.0,987.0,297400.0
2024-11-13,31790,997.0,999.0,983.0,990.0,0,0,147700.0,146035600.0,1.0,997.0,999.0,983.0,990.0,147700.0
2024-11-14,31790,994.0,997.0,980.0,984.0,0,0,138500.0,136524600.0,1.0,994.0,997.0,980.0,984.0,138500.0
2024-11-15,31790,985.0,1003.0,984.0,1002.0,0,0,150700.0,149675200.0,1.0,985.0,1003.0,984.0,1002.0,150700.0
2024-11-18,31790,1005.0,1012.0,997.0,1004.0,0,0,143800.0,144226900.0,1.0,1005.0,1012.0,997.0,1004.0,143800.0
2024-11-19,31790,1004.0,1015.0,999.0,1006.0,0,0,110400.0,111235200.0,1.0,1004.0,1015.0,999.0,1006.0,110400.0
2024-11-20,31790,1006.0,1012.0,996.0,1001.0,0,0,81400.0,81550600.0,1.0,1006.0,1012.0,996.0,1001.0,81400.0
2024-11-21,31790,1004.0,1008.0,995.0,1001.0,0,0,72700.0,72696800.0,1.0,1004.0,1008.0,995.0,1001.0,72700.0
2024-11-22,31790,1000.0,1013.0,1000.0,1013.0,0,0,74000.0,74627100.0,1.0,1000.0,1013.0,1000.0,1013.0,74000.0
2024-11-25,31790,1021.0,1031.0,1016.0,1016.0,0,0,89300.0,91177600.0,1.0,1021.0,1031.0,1016.0,1016.0,89300.0
2024-11-26,31790,1022.0,1024.0,1008.0,1018.0,0,0,92400.0,93974400.0,1.0,1022.0,1024.0,1008.0,1018.0,92400.0
2024-11-27,31790,1018.0,1018.0,996.0,1004.0,0,0,109400.0,109634700.0,1.0,1018.0,1018.0,996.0,1004.0,109400.0
2024-11-28,31790,995.0,1014.0,995.0,1012.0,0,0,96900.0,97565000.0,1.0,995.0,1014.0,995.0,1012.0,96900.0
2024-11-29,31790,1005.0,1014.0,995.0,1000.0,0,0,189400.0,189938800.0,1.0,1005.0,1014.0,995.0,1000.0,189400.0
2024-12-02,31790,1007.0,1013.0,997.0,1008.0,0,0,243700.0,244338100.0,1.0,1007.0,1013.0,997.0,1008.0,243700.0
2024-12-03,31790,1007.0,1010.0,998.0,998.0,0,0,112400.0,112735400.0,1.0,1007.0,1010.0,998.0,998.0,112400.0
2024-12-04,31790,998.0,1001.0,983.0,987.0,0,0,165200.0,163247400.0,1.0,998.0,1001.0,983.0,987.0,165200.0
2024-12-05,31790,992.0,1000.0,987.0,996.0,0,0,101900.0,101191300.0,1.0,992.0,1000.0,987.0,996.0,101900.0
2024-12-06,31790,996.0,998.0,973.0,989.0,0,0,203600.0,200510600.0,1.0,996.0,998.0,973.0,989.0,203600.0
2024-12-09,31790,1018.0,1025.0,992.0,993.0,0,0,243900.0,244653300.0,1.0,1018.0,1025.0,992.0,993.0,243900.0
2024-12-10,31790,1008.0,1025.0,996.0,996.0,0,0,186700.0,187614800.0,1.0,1008.0,1025.0,996.0,996.0,186700.0
2024-12-11,31790,997.0,1012.0,997.0,1004.0,0,0,93600.0,93917000.0,1.0,997.0,1012.0,997.0,1004.0,93600.0
2024-12-12,31790,1007.0,1013.0,996.0,996.0,0,0,134700.0,135314500.0,1.0,1007.0,1013.0,996.0,996.0,134700.0
2024-12-13,31790,1003.0,1007.0,998.0,1005.0,0,0,120500.0,120891900.0,1.0,1003.0,1007.0,998.0,1005.0,120500.0
2024-12-16,31790,1005.0,1005.0,999.0,1001.0,0,0,121200.0,121407000.0,1.0,1005.0,1005.0,999.0,1001.0,121200.0
2024-12-17,31790,977.0,996.0,966.0,983.0,0,0,252900.0,248698100.0,1.0,977.0,996.0,966.0,983.0,252900.0
2024-12-18,31790,984.0,993.0,978.0,993.0,0,0,133300.0,131422200.0,1.0,984.0,993.0,978.0,993.0,133300.0
2024-12-19,31790,976.0,998.0,976.0,994.0,0,0,195100.0,193301900.0,1.0,976.0,998.0,976.0,994.0,195100.0
2024-12-20,31790,1005.0,1022.0,1002.0,1014.0,0,0,159600.0,162031700.0,1.0,1005.0,1022.0,1002.0,1014.0,159600.0
2024-12-23,31790,1022.0,1031.0,1018.0,1029.0,0,0,135700.0,138978400.0,1.0,1022.0,1031.0,1018.0,1029.0,135700.0
2024-12-24,31790,1027.0,1047.0,1020.0,1041.0,0,0,167400.0,173430400.0,1.0,1027.0,1047.0,1020.0,1041.0,167400.0
2024-12-25,31790,1048.0,1054.0,1037.0,1051.0,0,0,171200.0,178854800.0,1.0,1048.0,1054.0,1037.0,1051.0,171200.0
2024-12-26,31790,1050.0,1056.0,1045.0,1056.0,0,0,157100.0,165274100.0,1.0,1050.0,1056.0,1045.0,1056.0,157100.0
2024-12-27,31790,1063.0,1075.0,1059.0,1066.0,0,0,167900.0,179095000.0,1.0,1063.0,1075.0,1059.0,1066.0,167900.0
2024-12-30,31790,1069.0,1069.0,1058.0,1061.0,0,0,129700.0,137938500.0,1.0,1069.0,1069.0,1058.0,1061.0,129700.0
2025-01-06,31790,1066.0,1070.0,1056.0,1056.0,0,0,165200.0,175483800.0,1.0,1066.0,1070.0,1056.0,1056.0,165200.0
2025-01-07,31790,1067.0,1074.0,1055.0,1059.0,0,0,116900.0,124040400.0,1.0,1067.0,1074.0,1055.0,1059.0,116900.0
2025-01-08,31790,1050.0,1062.0,1047.0,1050.0,0,0,155100.0,163382400.0,1.0,1050.0,1062.0,1047.0,1050.0,155100.0
2025-01-09,31790,1047.0,1049.0,1027.0,1032.0,0,0,165100.0,170664500.0,1.0,1047.0,1049.0,1027.0,1032.0,165100.0
2025-01-10,31790,1025.0,1045.0,1025.0,1042.0,0,0,101800.0,105725000.0,1.0,1025.0,1045.0,1025.0,1042.0,101800.0
2025-01-14,31790,1052.0,1062.0,1043.0,1053.0,0,0,201500.0,211827400.0,1.0,1052.0,1062.0,1043.0,1053.0,201500.0
2025-01-15,31790,1036.0,1053.0,1035.0,1040.0,0,0,129500.0,134989100.0,1.0,1036.0,1053.0,1035.0,1040.0,129500.0
2025-01-16,31790,1041.0,1046.0,1034.0,1044.0,0,0,89800.0,93519000.0,1.0,1041.0,1046.0,1034.0,1044.0,89800.0
2025-01-17,31790,1046.0,1051.0,1037.0,1049.0,0,0,94700.0,98882000.0,1.0,1046.0,1051.0,1037.0,1049.0,94700.0
2025-01-20,31790,1051.0,1070.0,1051.0,1066.0,0,0,111000.0,118127500.0,1.0,1051.0,1070.0,1051.0,1066.0,111000.0
2025-01-21,31790,1069.0,1069.0,1055.0,1062.0,0,0,70900.0,75214200.0,1.0,1069.0,1069.0,1055.0,1062.0,70900.0
2025-01-22,31790,1065.0,1078.0,1064.0,1072.0,0,0,94800.0,101695500.0,1.0,1065.0,1078.0,1064.0,1072.0,94800.0
2025-01-23,31790,1075.0,1075.0,1060.0,1062.0,0,0,93800.0,99839300.0,1.0,1075.0,1075.0,1060.0,1062.0,93800.0
2025-01-24,31790,1070.0,1083.0,1065.0,1076.0,0,0,102900.0,110777700.0,1.0,1070.0,1083.0,1065.0,1076.0,102900.0
2025-01-27,31790,1085.0,1096.0,1081.0,1088.0,0,0,156600.0,170578500.0,1.0,1085.0,1096.0,1081.0,1088.0,156600.0
2025-01-28,31790,1084.0,1113.0,1083.0,1107.0,0,0,220800.0,243789600.0,1.0,1084.0,1113.0,1083.0,1107.0,220800.0
2025-01-29,31790,1114.0,1117.0,1106.0,1110.0,0,0,161700.0,179543100.0,1.0,1114.0,1117.0,1106.0,1110.0,161700.0
2025-01-30,31790,1108.0,1119.0,1099.0,1117.0,0,0,130400.0,144549900.0,1.0,1108.0,1119.0,1099.0,1117.0,130400.0
2025-01-31,31790,1120.0,1120.0,1105.0,1110.0,0,0,116800.0,129689400.0,1.0,1120.0,1120.0,1105.0,1110.0,116800.0
2025-02-03,31790,1101.0,1114.0,1092.0,1102.0,0,0,214000.0,236484800.0,1.0,1101.0,1114.0,1092.0,1102.0,214000.0
2025-02-04,31790,1107.0,1129.0,1097.0,1101.0,0,0,213000.0,236647100.0,1.0,1107.0,1129.0,1097.0,1101.0,213000.0
2025-02-05,31790,1102.0,1108.0,1098.0,1108.0,0,0,110600.0,122252600.0,1.0,1102.0,1108.0,1098.0,1108.0,110600.0
2025-02-06,31790,1109.0,1152.0,1108.0,1149.0,0,0,355600.0,404206300.0,1.0,1109.0,1152.0,1108.0,1149.0,355600.0
2025-02-07,31790,1140.0,1155.0,1131.0,1131.0,0,0,455700.0,519690900.0,1.0,1140.0,1155.0,1131.0,1131.0,455700.0
2025-02-10,31790,1013.0,1020.0,993.0,1013.0,0,0,1137900.0,1151313000.0,1.0,1013.0,1020.0,993.0,1013.0,1137900.0
2025-02-12,31790,1017.0,1023.0,1003.0,1016.0,0,0,311400.0,315430100.0,1.0,1017.0,1023.0,1003.0,1016.0,311400.0
2025-02-13,31790,1022.0,1054.0,1011.0,1049.0,0,0,388100.0,402722200.0,1.0,1022.0,1054.0,1011.0,1049.0,388100.0
2025-02-14,31790,1042.0,1047.0,1034.0,1041.0,0,0,185600.0,193190300.0,1.0,1042.0,1047.0,1034.0,1041.0,185600.0
2025-02-17,31790,1043.0,1052.0,1036.0,1045.0,0,0,232300.0,242785000.0,1.0,1043.0,1052.0,1036.0,1045.0,232300.0
2025-02-18,31790,1048.0,1048.0,1029.0,1032.0,0,0,163200.0,168802400.0,1.0,1048.0,1048.0,1029.0,1032.0,163200.0
2025-02-19,31790,1032.0,1049.0,1012.0,1041.0,0,0,330500.0,339638600.0,1.0,1032.0,1049.0,1012.0,1041.0,330500.0
2025-02-20,31790,1030.0,1040.0,1006.0,1008.0,0,0,194200.0,197260300.0,1.0,1030.0,1040.0,1006.0,1008.0,194200.0
2025-02-21,31790,998.0,1008.0,997.0,1003.0,0,0,216200.0,216544700.0,1.0,998.0,1008.0,997.0,1003.0,216200.0
2025-02-25,31790,997.0,1029.0,996.0,1011.0,0,0,319800.0,324187100.0,1.0,997.0,1029.0,996.0,1011.0,319800.0
2025-02-26,31790,1011.0,1018.0,1002.0,1014.0,0,0,290400.0,293495500.0,1.0,1011.0,1018.0,1002.0,1014.0,290400.0
2025-02-27,31790,1017.0,1026.0,1006.0,1012.0,0,0,451800.0,458191700.0,1.0,1017.0,1026.0,1006.0,1012.0,451800.0
2025-02-28,31790,996.0,1014.0,977.0,980.0,0,0,816400.0,807640100.0,1.0,996.0,1014.0,977.0,980.0,816400.0
2025-03-03,31790,974.0,989.0,968.0,988.0,0,0,409400.0,400501200.0,1.0,974.0,989.0,968.0,988.0,409400.0
2025-03-04,31790,978.0,998.0,973.0,994.0,0,0,281100.0,276390200.0,1.0,978.0,998.0,973.0,994.0,281100.0
2025-03-05,31790,985.0,1016.0,977.0,997.0,0,0,393700.0,391641200.0,1.0,985.0,1016.0,977.0,997.0,393700.0
2025-03-06,31790,997.0,1007.0,993.0,1000.0,0,0,179700.0,179613400.0,1.0,997.0,1007.0,993.0,1000.0,179700.0
2025-03-07,31790,976.0,990.0,972.0,986.0,0,0,373300.0,366582300.0,1.0,976.0,990.0,972.0,986.0,373300.0
2025-03-10,31790,978.0,1009.0,976.0,981.0,0,0,474100.0,469044800.0,1.0,978.0,1009.0,976.0,981.0,474100.0
2025-03-11,31790,975.0,1008.0,971.0,1005.0,0,0,470200.0,464356500.0,1.0,975.0,1008.0,971.0,1005.0,470200.0
2025-03-12,31790,1011.0,1026.0,1005.0,1010.0,0,0,272000.0,275933900.0,1.0,1011.0,1026.0,1005.0,1010.0,272000.0
2025-03-13,31790,1015.0,1038.0,1013.0,1027.0,0,0,268300.0,275222000.0,1.0,1015.0,1038.0,1013.0,1027.0,268300.0
2025-03-14,31790,1015.0,1074.0,1011.0,1057.0,0,0,558700.0,589148700.0,1.0,1015.0,1074.0,1011.0,1057.0,558700.0
2025-03-17,31790,1072.0,1080.0,1052.0,1052.0,0,0,342100.0,365546600.0,1.0,1072.0,1080.0,1052.0,1052.0,342100.0
2025-03-18,31790,1074.0,1111.0,1065.0,1109.0,0,0,547400.0,599264300.0,1.0,1074.0,1111.0,1065.0,1109.0,547400.0
2025-03-19,31790,1109.0,1112.0,1087.0,1092.0,0,0,576200.0,635808100.0,1.0,1109.0,1112.0,1087.0,1092.0,576200.0
2025-03-21,31790,1106.0,1139.0,1075.0,1086.0,0,0,884600.0,974549300.0,1.0,1106.0,1139.0,1075.0,1086.0,884600.0
2025-03-24,31790,1100.0,1120.0,1093.0,1108.0,0,0,382900.0,423298000.0,1.0,1100.0,1120.0,1093.0,1108.0,382900.0
2025-03-25,31790,1110.0,1118.0,1106.0,1118.0,0,0,259700.0,288616700.0,1.0,1110.0,1118.0,1106.0,1118.0,259700.0
2025-03-26,31790,1118.0,1123.0,1109.0,1119.0,0,0,308300.0,344735400.0,1.0,1118.0,1123.0,1109.0,1119.0,308300.0
2025-03-27,31790,1120.0,1126.0,1116.0,1125.0,0,0,549600.0,616055200.0,1.0,1120.0,1126.0,1116.0,1125.0,549600.0
2025-03-28,31790,1160.0,1163.0,1106.0,1123.0,0,0,724500.0,828477600.0,1.0,1160.0,1163.0,1106.0,1123.0,724500.0
2025-03-31,31790,1103.0,1136.0,1103.0,1131.0,0,0,312500.0,350051100.0,1.0,1103.0,1136.0,1103.0,1131.0,312500.0
2025-04-01,31790,1128.0,1128.0,1114.0,1122.0,0,0,142400.0,159642700.0,1.0,1128.0,1128.0,1114.0,1122.0,142400.0
2025-04-02,31790,1129.0,1130.0,1117.0,1123.0,0,0,171000.0,192180400.0,1.0,1129.0,1130.0,1117.0,1123.0,171000.0
2025-04-03,31790,1102.0,1136.0,1102.0,1136.0,0,0,250300.0,280505500.0,1.0,1102.0,1136.0,1102.0,1136.0,250300.0
2025-04-04,31790,1106.0,1122.0,1076.0,1091.0,0,0,354000.0,388215800.0,1.0,1106.0,1122.0,1076.0,1091.0,354000.0
2025-04-07,31790,1001.0,1017.0,978.0,979.0,0,0,312500.0,310352800.0,1.0,1001.0,1017.0,978.0,979.0,312500.0
2025-04-08,31790,1009.0,1041.0,1009.0,1036.0,0,0,195400.0,201092300.0,1.0,1009.0,1041.0,1009.0,1036.0,195400.0
2025-04-09,31790,1027.0,1036.0,992.0,1021.0,0,0,249300.0,252045300.0,1.0,1027.0,1036.0,992.0,1021.0,249300.0
2025-04-10,31790,1072.0,1075.0,1039.0,1049.0,0,0,190100.0,200398300.0,1.0,1072.0,1075.0,1039.0,1049.0,190100.0
2025-04-11,31790,1036.0,1067.0,1017.0,1065.0,0,0,254200.0,264651800.0,1.0,1036.0,1067.0,1017.0,1065.0,254200.0
2025-04-14,31790,1083.0,1110.0,1083.0,1087.0,0,0,234700.0,257380400.0,1.0,1083.0,1110.0,1083.0,1087.0,234700.0
2025-04-15,31790,1081.0,1095.0,1065.0,1066.0,0,0,110200.0,118191600.0,1.0,1081.0,1095.0,1065.0,1066.0,110200.0
2025-04-16,31790,1086.0,1087.0,1073.0,1074.0,0,0,93100.0,100442200.0,1.0,1086.0,1087.0,1073.0,1074.0,93100.0
2025-04-17,31790,1064.0,1071.0,1050.0,1050.0,0,0,123100.0,129923700.0,1.0,1064.0,1071.0,1050.0,1050.0,123100.0
2025-04-18,31790,1052.0,1078.0,1052.0,1075.0,0,0,97400.0,104242800.0,1.0,1052.0,1078.0,1052.0,1075.0,97400.0
2025-04-21,31790,1084.0,1095.0,1074.0,1081.0,0,0,95400.0,103249600.0,1.0,1084.0,1095.0,1074.0,1081.0,95400.0
2025-04-22,31790,1081.0,1090.0,1078.0,1079.0,0,0,60900.0,65847600.0,1.0,1081.0,1090.0,1078.0,1079.0,60900.0
2025-04-23,31790,1098.0,1098.0,1084.0,1087.0,0,0,80200.0,87328900.0,1.0,1098.0,1098.0,1084.0,1087.0,80200.0
2025-04-24,31790,1086.0,1089.0,1070.0,1073.0,0,0,49100.0,52803300.0,1.0,1086.0,1089.0,1070.0,1073.0,49100.0
2025-04-25,31790,1069.0,1084.0,1061.0,1069.0,0,0,72600.0,77666900.0,1.0,1069.0,1084.0,1061.0,1069.0,72600.0
2025-04-28,31790,1069.0,1093.0,1069.0,1091.0,0,0,92600.0,100338400.0,1.0,1069.0,1093.0,1069.0,1091.0,92600.0
2025-04-30,31790,1098.0,1103.0,1087.0,1100.0,0,0,92500.0,101414300.0,1.0,1098.0,1103.0,1087.0,1100.0,92500.0
2025-05-01,31790,1097.0,1097.0,1076.0,1084.0,0,0,89000.0,96359800.0,1.0,1097.0,1097.0,1076.0,1084.0,89000.0
2025-05-02,31790,1089.0,1097.0,1078.0,1082.0,0,0,54400.0,59092700.0,1.0,1089.0,1097.0,1078.0,1082.0,54400.0
2025-05-07,31790,1079.0,1088.0,1072.0,1082.0,0,0,99100.0,107104800.0,1.0,1079.0,1088.0,1072.0,1082.0,99100.0
2025-05-08,31790,1078.0,1086.0,1074.0,1080.0,0,0,59900.0,64704600.0,1.0,1078.0,1086.0,1074.0,1080.0,59900.0
2025-05-09,31790,1084.0,1109.0,1034.0,1077.0,0,0,218000.0,237189900.0,1.0,1084.0,1109.0,1034.0,1077.0,218000.0
2025-05-12,31790,1099.0,1130.0,1058.0,1095.0,0,0,305500.0,333510200.0,1.0,1099.0,1130.0,1058.0,1095.0,305500.0
2025-05-13,31790,1095.0,1100.0,1071.0,1093.0,0,0,202400.0,219965900.0,1.0,1095.0,1100.0,1071.0,1093.0,202400.0
2025-05-14,31790,1096.0,1112.0,1088.0,1095.0,0,0,139200.0,152944600.0,1.0,1096.0,1112.0,1088.0,1095.0,139200.0
2025-05-15,31790,1086.0,1099.0,1079.0,1089.0,0,0,201400.0,219198600.0,1.0,1086.0,1099.0,1079.0,1089.0,201400.0
2025-05-16,31790,1089.0,1102.0,1084.0,1091.0,0,0,190100.0,207905000.0,1.0,1089.0,1102.0,1084.0,1091.0,190100.0
2025-05-19,31790,1088.0,1113.0,1085.0,1112.0,0,0,168700.0,186077800.0,1.0,1088.0,1113.0,1085.0,1112.0,168700.0
2025-05-20,31790,1113.0,1123.0,1111.0,1111.0,0,0,104700.0,116894500.0,1.0,1113.0,1123.0,1111.0,1111.0,104700.0
2025-05-21,31790,1115.0,1126.0,1115.0,1126.0,0,0,87400.0,98063400.0,1.0,1115.0,1126.0,1115.0,1126.0,87400.0
2025-05-22,31790,1121.0,1134.0,1116.0,1126.0,0,0,99700.0,112481400.0,1.0,1121.0,1134.0,1116.0,1126.0,99700.0
2025-05-23,31790,1128.0,1137.0,1124.0,1130.0,0,0,85200.0,96283000.0,1.0,1128.0,1137.0,1124.0,1130.0,85200.0
2025-05-26,31790,1125.0,1134.0,1125.0,1129.0,0,0,77700.0,87763300.0,1.0,1125.0,1134.0,1125.0,1129.0,77700.0
2025-05-27,31790,1129.0,1134.0,1124.0,1130.0,0,0,73500.0,83007500.0,1.0,1129.0,1134.0,1124.0,1130.0,73500.0
2025-05-28,31790,1131.0,1138.0,1126.0,1126.0,0,0,98200.0,111078100.0,1.0,1131.0,1138.0,1126.0,1126.0,98200.0
2025-05-29,31790,1126.0,1131.0,1093.0,1104.0,0,0,145200.0,160434700.0,1.0,1126.0,1131.0,1093.0,1104.0,145200.0
2025-05-30,31790,1100.0,1122.0,1099.0,1115.0,0,0,121300.0,135152000.0,1.0,1100.0,1122.0,1099.0,1115.0,121300.0
2025-06-02,31790,1117.0,1130.0,1113.0,1119.0,0,0,110900.0,124184600.0,1.0,1117.0,1130.0,1113.0,1119.0,110900.0
2025-06-03,31790,1120.0,1124.0,1111.0,1120.0,0,0,95500.0,106796000.0,1.0,1120.0,1124.0,1111.0,1120.0,95500.0
2025-06-04,31790,1125.0,1134.0,1118.0,1121.0,0,0,116000.0,130325400.0,1.0,1125.0,1134.0,1118.0,1121.0,116000.0
2025-06-05,31790,1115.0,1123.0,1111.0,1120.0,0,0,160900.0,179996800.0,1.0,1115.0,1123.0,1111.0,1120.0,160900.0
2025-06-06,31790,1125.0,1137.0,1121.0,1128.0,0,0,84500.0,95554600.0,1.0,1125.0,1137.0,1121.0,1128.0,84500.0
2025-06-09,31790,1110.0,1141.0,1100.0,1128.0,0,0,193300.0,217797800.0,1.0,1110.0,1141.0,1100.0,1128.0,193300.0
2025-06-10,31790,1126.0,1129.0,1115.0,1121.0,0,0,184800.0,207178300.0,1.0,1126.0,1129.0,1115.0,1121.0,184800.0
2025-06-11,31790,1121.0,1136.0,1121.0,1127.0,0,0,132200.0,149346400.0,1.0,1121.0,1136.0,1121.0,1127.0,132200.0
2025-06-12,31790,1130.0,1137.0,1125.0,1130.0,0,0,83000.0,93809200.0,1.0,1130.0,1137.0,1125.0,1130.0,83000.0
2025-06-13,31790,1120.0,1120.0,1086.0,1094.0,0,0,229200.0,252299000.0,1.0,1120.0,1120.0,1086.0,1094.0,229200.0
2025-06-16,31790,1103.0,1113.0,1092.0,1099.0,0,0,201000.0,220816400.0,1.0,1103.0,1113.0,1092.0,1099.0,201000.0
2025-06-17,31790,1105.0,1115.0,1095.0,1098.0,0,0,175800.0,193854000.0,1.0,1105.0,1115.0,1095.0,1098.0,175800.0
2025-06-18,31790,1098.0,1113.0,1098.0,1110.0,0,0,174800.0,193772700.0,1.0,1098.0,1113.0,1098.0,1110.0,174800.0
2025-06-19,31790,1110.0,1113.0,1104.0,1111.0,0,0,95800.0,106257200.0,1.0,1110.0,1113.0,1104.0,1111.0,95800.0
2025-06-20,31790,1106.0,1110.0,1101.0,1104.0,0,0,169800.0,187741700.0,1.0,1106.0,1110.0,1101.0,1104.0,169800.0
2025-06-23,31790,1104.0,1117.0,1099.0,1109.0,0,0,187300.0,207360800.0,1.0,1104.0,1117.0,1099.0,1109.0,187300.0
2025-06-24,31790,1113.0,1115.0,1106.0,1114.0,0,0,146400.0,162581100.0,1.0,1113.0,1115.0,1106.0,1114.0,146400.0
2025-06-25,31790,1110.0,1128.0,1094.0,1126.0,0,0,132800.0,148299900.0,1.0,1110.0,1128.0,1094.0,1126.0,132800.0
2025-06-26,31790,1124.0,1130.0,1113.0,1116.0,0,0,197500.0,221187100.0,1.0,1124.0,1130.0,1113.0,1116.0,197500.0
2025-06-27,31790,1116.0,1124.0,1116.0,1122.0,0,0,169300.0,189861100.0,1.0,1116.0,1124.0,1116.0,1122.0,169300.0
2025-06-30,31790,1132.0,1143.0,1128.0,1130.0,0,0,132100.0,149658800.0,1.0,1132.0,1143.0,1128.0,1130.0,132100.0
2025-07-01,31790,1160.0,1165.0,1147.0,1151.0,0,0,197200.0,227578800.0,1.0,1160.0,1165.0,1147.0,1151.0,197200.0
2025-07-02,31790,1151.0,1169.0,1150.0,1160.0,0,0,208600.0,241944800.0,1.0,1151.0,1169.0,1150.0,1160.0,208600.0
2025-07-03,31790,1153.0,1153.0,1135.0,1150.0,0,0,189400.0,216687100.0,1.0,1153.0,1153.0,1135.0,1150.0,189400.0
2025-07-04,31790,1148.0,1160.0,1148.0,1148.0,0,0,122100.0,140718600.0,1.0,1148.0,1160.0,1148.0,1148.0,122100.0
2025-07-07,31790,1154.0,1164.0,1153.0,1159.0,0,0,164900.0,191252100.0,1.0,1154.0,1164.0,1153.0,1159.0,164900.0
2025-07-08,31790,1155.0,1163.0,1153.0,1160.0,0,0,140200.0,162459300.0,1.0,1155.0,1163.0,1153.0,1160.0,140200.0
2025-07-09,31790,1160.0,1164.0,1150.0,1160.0,0,0,201100.0,232941800.0,1.0,1160.0,1164.0,1150.0,1160.0,201100.0
2025-07-10,31790,1160.0,1169.0,1118.0,1140.0,0,0,267700.0,304459500.0,1.0,1160.0,1169.0,1118.0,1140.0,267700.0
2025-07-11,31790,1151.0,1175.0,1145.0,1162.0,0,0,199400.0,231995300.0,1.0,1151.0,1175.0,1145.0,1162.0,199400.0
2025-07-14,31790,1158.0,1187.0,1158.0,1182.0,0,0,140100.0,164708100.0,1.0,1158.0,1187.0,1158.0,1182.0,140100.0
2025-07-15,31790,1185.0,1201.0,1184.0,1200.0,0,0,103600.0,123694900.0,1.0,1185.0,1201.0,1184.0,1200.0,103600.0
2025-07-16,31790,1200.0,1214.0,1200.0,1206.0,0,0,120500.0,145402500.0,1.0,1200.0,1214.0,1200.0,1206.0,120500.0
2025-07-17,31790,1205.0,1230.0,1202.0,1224.0,0,0,176000.0,215286500.0,1.0,1205.0,1230.0,1202.0,1224.0,176000.0
2025-07-18,31790,1227.0,1239.0,1214.0,1224.0,0,0,133700.0,163923600.0,1.0,1227.0,1239.0,1214.0,1224.0,133700.0
2025-07-22,31790,1221.0,1253.0,1220.0,1253.0,0,0,198400.0,246895400.0,1.0,1221.0,1253.0,1220.0,1253.0,198400.0
2025-07-23,31790,1260.0,1264.0,1238.0,1245.0,0,0,234600.0,292413000.0,1.0,1260.0,1264.0,1238.0,1245.0,234600.0
2025-07-24,31790,1242.0,1247.0,1230.0,1242.0,0,0,145600.0,180587300.0,1.0,1242.0,1247.0,1230.0,1242.0,145600.0
2025-07-25,31790,1245.0,1248.0,1232.0,1240.0,0,0,103600.0,128424200.0,1.0,1245.0,1248.0,1232.0,1240.0,103600.0
2025-07-28,31790,1248.0,1255.0,1236.0,1240.0,0,0,127500.0,158378900.0,1.0,1248.0,1255.0,1236.0,1240.0,127500.0
2025-07-29,31790,1241.0,1261.0,1237.0,1255.0,0,0,148300.0,185518500.0,1.0,1241.0,1261.0,1237.0,1255.0,148300.0
2025-07-30,31790,1263.0,1268.0,1255.0,1265.0,0,0,118200.0,149301800.0,1.0,1263.0,1268.0,1255.0,1265.0,118200.0
2025-07-31,31790,1263.0,1275.0,1252.0,1272.0,0,0,130900.0,165714600.0,1.0,1263.0,1275.0,1252.0,1272.0,130900.0
2025-08-01,31790,1272.0,1280.0,1270.0,1275.0,0,0,90400.0,115226900.0,1.0,1272.0,1280.0,1270.0,1275.0,90400.0
2025-08-04,31790,1270.0,1310.0,1270.0,1301.0,0,0,155500.0,200830900.0,1.0,1270.0,1310.0,1270.0,1301.0,155500.0
2025-08-05,31790,1301.0,1304.0,1285.0,1294.0,0,0,156100.0,202152800.0,1.0,1301.0,1304.0,1285.0,1294.0,156100.0
2025-08-06,31790,1300.0,1315.0,1290.0,1315.0,0,0,145300.0,189392300.0,1.0,1300.0,1315.0,1290.0,1315.0,145300.0
2025-08-07,31790,1308.0,1315.0,1279.0,1305.0,0,0,312900.0,406422600.0,1.0,1308.0,1315.0,1279.0,1305.0,312900.0
2025-08-08,31790,1205.0,1229.0,1138.0,1161.0,0,0,965800.0,1134984700.0,1.0,1205.0,1229.0,1138.0,1161.0,965800.0
2025-08-12,31790,1167.0,1171.0,1135.0,1145.0,0,0,264300.0,302491200.0,1.0,1167.0,1171.0,1135.0,1145.0,264300.0
2025-08-13,31790,1153.0,1164.0,1150.0,1154.0,0,0,178900.0,206791000.0,1.0,1153.0,1164.0,1150.0,1154.0,178900.0
2025-08-14,31790,1149.0,1154.0,1144.0,1147.0,0,0,153300.0,175993000.0,1.0,1149.0,1154.0,1144.0,1147.0,153300.0
2025-08-15,31790,1147.0,1148.0,1133.0,1139.0,0,0,244900.0,279035000.0,1.0,1147.0,1148.0,1133.0,1139.0,244900.0
2025-08-18,31790,1141.0,1162.0,1140.0,1161.0,0,0,179800.0,207694000.0,1.0,1141.0,1162.0,1140.0,1161.0,179800.0
2025-08-19,31790,1183.0,1194.0,1171.0,1178.0,0,0,195100.0,230311900.0,1.0,1183.0,1194.0,1171.0,1178.0,195100.0
2025-08-20,31790,1187.0,1210.0,1180.0,1204.0,0,0,148900.0,178262800.0,1.0,1187.0,1210.0,1180.0,1204.0,148900.0
2025-08-21,31790,1202.0,1203.0,1182.0,1182.0,0,0,94600.0,112838600.0,1.0,1202.0,1203.0,1182.0,1182.0,94600.0
2025-08-22,31790,1192.0,1204.0,1185.0,1193.0,0,0,115700.0,138231800.0,1.0,1192.0,1204.0,1185.0,1193.0,115700.0
2025-08-25,31790,1205.0,1231.0,1204.0,1212.0,0,0,164300.0,199907900.0,1.0,1205.0,1231.0,1204.0,1212.0,164300.0
2025-08-26,31790,1227.0,1245.0,1222.0,1234.0,0,0,181400.0,223877700.0,1.0,1227.0,1245.0,1222.0,1234.0,181400.0
2025-08-27,31790,1255.0,1262.0,1234.0,1240.0,0,0,113500.0,141092100.0,1.0,1255.0,1262.0,1234.0,1240.0,113500.0
2025-08-28,31790,1240.0,1242.0,1223.0,1228.0,0,0,94300.0,115978200.0,1.0,1240.0,1242.0,1223.0,1228.0,94300.0
2025-08-29,31790,1225.0,1234.0,1221.0,1225.0,0,0,124300.0,152443400.0,1.0,1225.0,1234.0,1221.0,1225.0,124300.0
2025-09-01,31790,1223.0,1244.0,1219.0,1237.0,0,0,121000.0,148977500.0,1.0,1223.0,1244.0,1219.0,1237.0,121000.0
2025-09-02,31790,1248.0,1251.0,1233.0,1243.0,0,0,116200.0,144435900.0,1.0,1248.0,1251.0,1233.0,1243.0,116200.0
2025-09-03,31790,1248.0,1249.0,1228.0,1230.0,0,0,95700.0,118517000.0,1.0,1248.0,1249.0,1228.0,1230.0,95700.0
2025-09-04,31790,1230.0,1251.0,1230.0,1250.0,0,0,98500.0,122708900.0,1.0,1230.0,1251.0,1230.0,1250.0,98500.0
2025-09-05,31790,1258.0,1263.0,1239.0,1250.0,0,0,83500.0,104279500.0,1.0,1258.0,1263.0,1239.0,1250.0,83500.0
2025-09-08,31790,1259.0,1264.0,1250.0,1264.0,0,0,107300.0,135092000.0,1.0,1259.0,1264.0,1250.0,1264.0,107300.0
2025-09-09,31790,1264.0,1276.0,1254.0,1263.0,0,0,124600.0,157474300.0,1.0,1264.0,1276.0,1254.0,1263.0,124600.0
2025-09-10,31790,1269.0,1272.0,1249.0,1255.0,0,0,90900.0,114316700.0,1.0,1269.0,1272.0,1249.0,1255.0,90900.0
2025-09-11,31790,1254.0,1272.0,1250.0,1258.0,0,0,84000.0,105890000.0,1.0,1254.0,1272.0,1250.0,1258.0,84000.0
2025-09-12,31790,1260.0,1264.0,1246.0,1258.0,0,0,114000.0,142884700.0,1.0,1260.0,1264.0,1246.0,1258.0,114000.0
2025-09-16,31790,1248.0,1256.0,1245.0,1256.0,0,0,78400.0,98119600.0,1.0,1248.0,1256.0,1245.0,1256.0,78400.0
2025-09-17,31790,1250.0,1269.0,1249.0,1263.0,0,0,64000.0,80683300.0,1.0,1250.0,1269.0,1249.0,1263.0,64000.0
2025-09-18,31790,1263.0,1267.0,1250.0,1250.0,0,0,71100.0,89557800.0,1.0,1263.0,1267.0,1250.0,1250.0,71100.0
2025-09-19,31790,1254.0,1258.0,1241.0,1252.0,0,0,72500.0,90585200.0,1.0,1254.0,1258.0,1241.0,1252.0,72500.0
2025-09-22,31790,1250.0,1255.0,1242.0,1250.0,0,0,71100.0,88868000.0,1.0,1250.0,1255.0,1242.0,1250.0,71100.0
2025-09-24,31790,1250.0,1251.0,1242.0,1250.0,0,0,47800.0,59679200.0,1.0,1250.0,1251.0,1242.0,1250.0,47800.0
2025-09-25,31790,1253.0,1255.0,1246.0,1250.0,0,0,70500.0,88125000.0,1.0,1253.0,1255.0,1246.0,1250.0,70500.0
2025-09-26,31790,1250.0,1261.0,1250.0,1256.0,0,0,68300.0,85706000.0,1.0,1250.0,1261.0,1250.0,1256.0,68300.0
2025-09-29,31790,1251.0,1256.0,1244.0,1250.0,0,0,48600.0,60768000.0,1.0,1251.0,1256.0,1244.0,1250.0,48600.0
2025-09-30,31790,1250.0,1254.0,1215.0,1219.0,0,0,92600.0,113853600.0,1.0,1250.0,1254.0,1215.0,1219.0,92600.0
2025-10-01,31790,1219.0,1226.0,1204.0,1210.0,0,0,104500.0,126782400.0,1.0,1219.0,1226.0,1204.0,1210.0,104500.0
2025-10-02,31790,1210.0,1227.0,1210.0,1227.0,0,0,92800.0,113115300.0,1.0,1210.0,1227.0,1210.0,1227.0,92800.0
2025-10-03,31790,1227.0,1251.0,1227.0,1251.0,0,0,101800.0,126910800.0,1.0,1227.0,1251.0,1227.0,1251.0,101800.0
2025-10-06,31790,1265.0,1265.0,1245.0,1260.0,0,0,103400.0,129755000.0,1.0,1265.0,1265.0,1245.0,1260.0,103400.0
2025-10-07,31790,1259.0,1259.0,1249.0,1250.0,0,0,66000.0,82691000.0,1.0,1259.0,1259.0,1249.0,1250.0,66000.0
2025-10-08,31790,1250.0,1261.0,1250.0,1252.0,0,0,59900.0,75169200.0,1.0,1250.0,1261.0,1250.0,1252.0,59900.0
2025-10-09,31790,1269.0,1281.0,1257.0,1281.0,0,0,139200.0,176977500.0,1.0,1269.0,1281.0,1257.0,1281.0,139200.0
2025-10-10,31790,1265.0,1281.0,1264.0,1276.0,0,0,77800.0,99113500.0,1.0,1265.0,1281.0,1264.0,1276.0,77800.0
2025-10-14,31790,1260.0,1277.0,1249.0,1250.0,0,0,124200.0,156513900.0,1.0,1260.0,1277.0,1249.0,1250.0,124200.0
2025-10-15,31790,1262.0,1269.0,1251.0,1253.0,0,0,64600.0,81169500.0,1.0,1262.0,1269.0,1251.0,1253.0,64600.0
2025-10-16,31790,1251.0,1269.0,1250.0,1264.0,0,0,55100.0,69447200.0,1.0,1251.0,1269.0,1250.0,1264.0,55100.0
2025-10-17,31790,1269.0,1279.0,1269.0,1275.0,0,0,50700.0,64584500.0,1.0,1269.0,1279.0,1269.0,1275.0,50700.0
2025-10-20,31790,1298.0,1305.0,1291.0,1300.0,0,0,104300.0,135337100.0,1.0,1298.0,1305.0,1291.0,1300.0,104300.0
2025-10-21,31790,1298.0,1307.0,1294.0,1301.0,0,0,65400.0,85103700.0,1.0,1298.0,1307.0,1294.0,1301.0,65400.0
2025-10-22,31790,1310.0,1310.0,1293.0,1295.0,0,0,79600.0,103345000.0,1.0,1310.0,1310.0,1293.0,1295.0,79600.0
2025-10-23,31790,1284.0,1372.0,1284.0,1367.0,0,0,210900.0,281859500.0,1.0,1284.0,1372.0,1284.0,1367.0,210900.0
2025-10-24,31790,1367.0,1369.0,1304.0,1318.0,0,0,187700.0,250638100.0,1.0,1367.0,1369.0,1304.0,1318.0,187700.0
2025-10-27,31790,1321.0,1339.0,1321.0,1338.0,0,0,72000.0,95969400.0,1.0,1321.0,1339.0,1321.0,1338.0,72000.0
2025-10-28,31790,1332.0,1332.0,1302.0,1302.0,0,0,89600.0,117552000.0,1.0,1332.0,1332.0,1302.0,1302.0,89600.0
2025-10-29,31790,1300.0,1302.0,1284.0,1289.0,0,0,99000.0,127887200.0,1.0,1300.0,1302.0,1284.0,1289.0,99000.0
