Date,Code,Open,High,Low,Close,UpperLimit,LowerLimit,Volume,TurnoverValue,AdjustmentFactor,AdjustmentOpen,AdjustmentHigh,AdjustmentLow,AdjustmentClose,AdjustmentVolume
2020-10-29,34570,1279.0,1294.0,1256.0,1281.0,0,0,61200.0,78152400.0,1.0,1279.0,1294.0,1256.0,1281.0,61200.0
2020-10-30,34570,1281.0,1284.0,1219.0,1230.0,0,0,77600.0,96495600.0,1.0,1281.0,1284.0,1219.0,1230.0,77600.0
2020-11-02,34570,1237.0,1272.0,1235.0,1265.0,0,0,65100.0,81648200.0,1.0,1237.0,1272.0,1235.0,1265.0,65100.0
2020-11-04,34570,1290.0,1317.0,1249.0,1315.0,0,0,76000.0,97697000.0,1.0,1290.0,1317.0,1249.0,1315.0,76000.0
2020-11-05,34570,1305.0,1340.0,1287.0,1316.0,0,0,106400.0,139974100.0,1.0,1305.0,1340.0,1287.0,1316.0,106400.0
2020-11-06,34570,1329.0,1349.0,1311.0,1325.0,0,0,92200.0,122552100.0,1.0,1329.0,1349.0,1311.0,1325.0,92200.0
2020-11-09,34570,1325.0,1337.0,1281.0,1312.0,0,0,158700.0,206809400.0,1.0,1325.0,1337.0,1281.0,1312.0,158700.0
2020-11-10,34570,1293.0,1320.0,1223.0,1313.0,0,0,185600.0,240865300.0,1.0,1293.0,1320.0,1223.0,1313.0,185600.0
2020-11-11,34570,1193.0,1372.0,1193.0,1337.0,0,0,242800.0,314691100.0,1.0,1193.0,1372.0,1193.0,1337.0,242800.0
2020-11-12,34570,1342.0,1357.0,1278.0,1278.0,0,0,105100.0,137388300.0,1.0,1342.0,1357.0,1278.0,1278.0,105100.0
2020-11-13,34570,1269.0,1273.0,1217.0,1243.0,0,0,125800.0,155517100.0,1.0,1269.0,1273.0,1217.0,1243.0,125800.0
2020-11-16,34570,1257.0,1281.0,1238.0,1271.0,0,0,59400.0,75068400.0,1.0,1257.0,1281.0,1238.0,1271.0,59400.0
2020-11-17,34570,1271.0,1288.0,1256.0,1265.0,0,0,48300.0,61168900.0,1.0,1271.0,1288.0,1256.0,1265.0,48300.0
2020-11-18,34570,1253.0,1264.0,1239.0,1250.0,0,0,68600.0,85602700.0,1.0,1253.0,1264.0,1239.0,1250.0,68600.0
2020-11-19,34570,1250.0,1250.0,1198.0,1203.0,0,0,90600.0,110339200.0,1.0,1250.0,1250.0,1198.0,1203.0,90600.0
2020-11-20,34570,1190.0,1214.0,1165.0,1205.0,0,0,95000.0,113518400.0,1.0,1190.0,1214.0,1165.0,1205.0,95000.0
2020-11-24,34570,1230.0,1263.0,1210.0,1248.0,0,0,136300.0,169784100.0,1.0,1230.0,1263.0,1210.0,1248.0,136300.0
2020-11-25,34570,1250.0,1257.0,1197.0,1197.0,0,0,117500.0,144237000.0,1.0,1250.0,1257.0,1197.0,1197.0,117500.0
2020-11-26,34570,1197.0,1247.0,1193.0,1226.0,0,0,222400.0,272106300.0,1.0,1197.0,1247.0,1193.0,1226.0,222400.0
2020-11-27,34570,1216.0,1259.0,1216.0,1219.0,0,0,134300.0,166195100.0,1.0,1216.0,1259.0,1216.0,1219.0,134300.0
2020-11-30,34570,1229.0,1233.0,1180.0,1183.0,0,0,90100.0,108042600.0,1.0,1229.0,1233.0,1180.0,1183.0,90100.0
2020-12-01,34570,1183.0,1220.0,1183.0,1204.0,0,0,64300.0,77681500.0,1.0,1183.0,1220.0,1183.0,1204.0,64300.0
2020-12-02,34570,1206.0,1221.0,1198.0,1212.0,0,0,68900.0,83335700.0,1.0,1206.0,1221.0,1198.0,1212.0,68900.0
2020-12-03,34570,1210.0,1234.0,1192.0,1229.0,0,0,69800.0,85289300.0,1.0,1210.0,1234.0,1192.0,1229.0,69800.0
2020-12-04,34570,1229.0,1239.0,1210.0,1235.0,0,0,56000.0,68784600.0,1.0,1229.0,1239.0,1210.0,1235.0,56000.0
2020-12-07,34570,1239.0,1239.0,1201.0,1201.0,0,0,43500.0,52882000.0,1.0,1239.0,1239.0,1201.0,1201.0,43500.0
2020-12-08,34570,1188.0,1230.0,1188.0,1217.0,0,0,55800.0,67850600.0,1.0,1188.0,1230.0,1188.0,1217.0,55800.0
2020-12-09,34570,1217.0,1223.0,1204.0,1214.0,0,0,76800.0,93094500.0,1.0,1217.0,1223.0,1204.0,1214.0,76800.0
2020-12-10,34570,1210.0,1221.0,1195.0,1201.0,0,0,156000.0,188617200.0,1.0,1210.0,1221.0,1195.0,1201.0,156000.0
2020-12-11,34570,1202.0,1248.0,1202.0,1246.0,0,0,97600.0,119385800.0,1.0,1202.0,1248.0,1202.0,1246.0,97600.0
2020-12-14,34570,1240.0,1252.0,1234.0,1239.0,0,0,42200.0,52443100.0,1.0,1240.0,1252.0,1234.0,1239.0,42200.0
2020-12-15,34570,1222.0,1228.0,1194.0,1209.0,0,0,140200.0,169003300.0,1.0,1222.0,1228.0,1194.0,1209.0,140200.0
2020-12-16,34570,1234.0,1280.0,1229.0,1262.0,0,0,128000.0,161416400.0,1.0,1234.0,1280.0,1229.0,1262.0,128000.0
2020-12-17,34570,1265.0,1265.0,1224.0,1232.0,0,0,96000.0,119699000.0,1.0,1265.0,1265.0,1224.0,1232.0,96000.0
2020-12-18,34570,1235.0,1236.0,1214.0,1225.0,0,0,60600.0,74099300.0,1.0,1235.0,1236.0,1214.0,1225.0,60600.0
2020-12-21,34570,1216.0,1227.0,1199.0,1208.0,0,0,40200.0,48561400.0,1.0,1216.0,1227.0,1199.0,1208.0,40200.0
2020-12-22,34570,1200.0,1200.0,1156.0,1157.0,0,0,132100.0,155179700.0,1.0,1200.0,1200.0,1156.0,1157.0,132100.0
2020-12-23,34570,1152.0,1167.0,1139.0,1162.0,0,0,123200.0,142669000.0,1.0,1152.0,1167.0,1139.0,1162.0,123200.0
2020-12-24,34570,1158.0,1198.0,1157.0,1187.0,0,0,101900.0,120076900.0,1.0,1158.0,1198.0,1157.0,1187.0,101900.0
2020-12-25,34570,1187.0,1203.0,1181.0,1190.0,0,0,34800.0,41433400.0,1.0,1187.0,1203.0,1181.0,1190.0,34800.0
2020-12-28,34570,1190.0,1190.0,1127.0,1142.0,0,0,188000.0,215302600.0,1.0,1190.0,1190.0,1127.0,1142.0,188000.0
2020-12-29,34570,1140.0,1182.0,1139.0,1169.0,0,0,52100.0,60789600.0,1.0,1140.0,1182.0,1139.0,1169.0,52100.0
2020-12-30,34570,1169.0,1185.0,1140.0,1166.0,0,0,36200.0,42336600.0,1.0,1169.0,1185.0,1140.0,1166.0,36200.0
2021-01-04,34570,1159.0,1165.0,1124.0,1131.0,0,0,66600.0,75620700.0,1.0,1159.0,1165.0,1124.0,1131.0,66600.0
2021-01-05,34570,1139.0,1154.0,1122.0,1143.0,0,0,67800.0,77267600.0,1.0,1139.0,1154.0,1122.0,1143.0,67800.0
2021-01-06,34570,1153.0,1182.0,1150.0,1182.0,0,0,54700.0,63941000.0,1.0,1153.0,1182.0,1150.0,1182.0,54700.0
2021-01-07,34570,1186.0,1213.0,1183.0,1198.0,0,0,73900.0,88752700.0,1.0,1186.0,1213.0,1183.0,1198.0,73900.0
2021-01-08,34570,1219.0,1219.0,1194.0,1211.0,0,0,47000.0,56722200.0,1.0,1219.0,1219.0,1194.0,1211.0,47000.0
2021-01-12,34570,1218.0,1231.0,1206.0,1210.0,0,0,57900.0,70475400.0,1.0,1218.0,1231.0,1206.0,1210.0,57900.0
2021-01-13,34570,1218.0,1236.0,1215.0,1231.0,0,0,68400.0,83923000.0,1.0,1218.0,1236.0,1215.0,1231.0,68400.0
2021-01-14,34570,1230.0,1262.0,1217.0,1231.0,0,0,114000.0,141138300.0,1.0,1230.0,1262.0,1217.0,1231.0,114000.0
2021-01-15,34570,1233.0,1259.0,1225.0,1246.0,0,0,54000.0,67180900.0,1.0,1233.0,1259.0,1225.0,1246.0,54000.0
2021-01-18,34570,1249.0,1250.0,1223.0,1246.0,0,0,52400.0,64946100.0,1.0,1249.0,1250.0,1223.0,1246.0,52400.0
2021-01-19,34570,1246.0,1272.0,1246.0,1261.0,0,0,59000.0,74479700.0,1.0,1246.0,1272.0,1246.0,1261.0,59000.0
2021-01-20,34570,1265.0,1274.0,1243.0,1253.0,0,0,53000.0,66561300.0,1.0,1265.0,1274.0,1243.0,1253.0,53000.0
2021-01-21,34570,1250.0,1266.0,1241.0,1260.0,0,0,43600.0,54709900.0,1.0,1250.0,1266.0,1241.0,1260.0,43600.0
2021-01-22,34570,1253.0,1256.0,1230.0,1249.0,0,0,64800.0,80534000.0,1.0,1253.0,1256.0,1230.0,1249.0,64800.0
2021-01-25,34570,1248.0,1248.0,1217.0,1218.0,0,0,37700.0,46275000.0,1.0,1248.0,1248.0,1217.0,1218.0,37700.0
2021-01-26,34570,1214.0,1214.0,1180.0,1201.0,0,0,59600.0,71337100.0,1.0,1214.0,1214.0,1180.0,1201.0,59600.0
2021-01-27,34570,1196.0,1199.0,1173.0,1177.0,0,0,31300.0,37035400.0,1.0,1196.0,1199.0,1173.0,1177.0,31300.0
2021-01-28,34570,1156.0,1188.0,1151.0,1180.0,0,0,62800.0,73714200.0,1.0,1156.0,1188.0,1151.0,1180.0,62800.0
2021-01-29,34570,1180.0,1190.0,1169.0,1184.0,0,0,69100.0,81684600.0,1.0,1180.0,1190.0,1169.0,1184.0,69100.0
2021-02-01,34570,1185.0,1196.0,1168.0,1185.0,0,0,42000.0,49788600.0,1.0,1185.0,1196.0,1168.0,1185.0,42000.0
2021-02-02,34570,1185.0,1218.0,1177.0,1216.0,0,0,63500.0,76452300.0,1.0,1185.0,1218.0,1177.0,1216.0,63500.0
2021-02-03,34570,1213.0,1224.0,1200.0,1214.0,0,0,43700.0,52950200.0,1.0,1213.0,1224.0,1200.0,1214.0,43700.0
2021-02-04,34570,1207.0,1243.0,1207.0,1225.0,0,0,51500.0,63180300.0,1.0,1207.0,1243.0,1207.0,1225.0,51500.0
2021-02-05,34570,1218.0,1243.0,1217.0,1243.0,0,0,55800.0,68913100.0,1.0,1218.0,1243.0,1217.0,1243.0,55800.0
2021-02-08,34570,1236.0,1256.0,1227.0,1241.0,0,0,99900.0,123815800.0,1.0,1236.0,1256.0,1227.0,1241.0,99900.0
2021-02-09,34570,1215.0,1217.0,1193.0,1214.0,0,0,129500.0,155817200.0,1.0,1215.0,1217.0,1193.0,1214.0,129500.0
2021-02-10,34570,1205.0,1230.0,1198.0,1222.0,0,0,87300.0,106028100.0,1.0,1205.0,1230.0,1198.0,1222.0,87300.0
2021-02-12,34570,1210.0,1212.0,1162.0,1162.0,0,0,288400.0,340923200.0,1.0,1210.0,1212.0,1162.0,1162.0,288400.0
2021-02-15,34570,1180.0,1190.0,1151.0,1163.0,0,0,206600.0,240877500.0,1.0,1180.0,1190.0,1151.0,1163.0,206600.0
2021-02-16,34570,1180.0,1204.0,1163.0,1163.0,0,0,132900.0,156878100.0,1.0,1180.0,1204.0,1163.0,1163.0,132900.0
2021-02-17,34570,1163.0,1189.0,1160.0,1163.0,0,0,100500.0,117781500.0,1.0,1163.0,1189.0,1160.0,1163.0,100500.0
2021-02-18,34570,1179.0,1179.0,1132.0,1137.0,0,0,122400.0,140173200.0,1.0,1179.0,1179.0,1132.0,1137.0,122400.0
2021-02-19,34570,1123.0,1142.0,1116.0,1136.0,0,0,83900.0,94666900.0,1.0,1123.0,1142.0,1116.0,1136.0,83900.0
2021-02-22,34570,1136.0,1173.0,1136.0,1170.0,0,0,67200.0,78014000.0,1.0,1136.0,1173.0,1136.0,1170.0,67200.0
2021-02-24,34570,1164.0,1164.0,1118.0,1120.0,0,0,97100.0,110346100.0,1.0,1164.0,1164.0,1118.0,1120.0,97100.0
2021-02-25,34570,1138.0,1152.0,1127.0,1127.0,0,0,39200.0,44633200.0,1.0,1138.0,1152.0,1127.0,1127.0,39200.0
2021-02-26,34570,1115.0,1116.0,1090.0,1091.0,0,0,84900.0,93455700.0,1.0,1115.0,1116.0,1090.0,1091.0,84900.0
2021-03-01,34570,1104.0,1136.0,1096.0,1135.0,0,0,70900.0,79718600.0,1.0,1104.0,1136.0,1096.0,1135.0,70900.0
2021-03-02,34570,1135.0,1138.0,1105.0,1112.0,0,0,64200.0,71791200.0,1.0,1135.0,1138.0,1105.0,1112.0,64200.0
2021-03-03,34570,1110.0,1128.0,1104.0,1109.0,0,0,34000.0,37752800.0,1.0,1110.0,1128.0,1104.0,1109.0,34000.0
2021-03-04,34570,1106.0,1108.0,1077.0,1097.0,0,0,61300.0,67033800.0,1.0,1106.0,1108.0,1077.0,1097.0,61300.0
2021-03-05,34570,1097.0,1103.0,1060.0,1101.0,0,0,70100.0,75649700.0,1.0,1097.0,1103.0,1060.0,1101.0,70100.0
2021-03-08,34570,1120.0,1146.0,1102.0,1112.0,0,0,163100.0,182711800.0,1.0,1120.0,1146.0,1102.0,1112.0,163100.0
2021-03-09,34570,1139.0,1178.0,1134.0,1174.0,0,0,115100.0,134159200.0,1.0,1139.0,1178.0,1134.0,1174.0,115100.0
2021-03-10,34570,1174.0,1188.0,1150.0,1182.0,0,0,76600.0,89839900.0,1.0,1174.0,1188.0,1150.0,1182.0,76600.0
2021-03-11,34570,1180.0,1192.0,1176.0,1190.0,0,0,45900.0,54468000.0,1.0,1180.0,1192.0,1176.0,1190.0,45900.0
2021-03-12,34570,1179.0,1192.0,1173.0,1188.0,0,0,51900.0,61458500.0,1.0,1179.0,1192.0,1173.0,1188.0,51900.0
2021-03-15,34570,1182.0,1209.0,1181.0,1193.0,0,0,60400.0,72035700.0,1.0,1182.0,1209.0,1181.0,1193.0,60400.0
2021-03-16,34570,1194.0,1228.0,1191.0,1226.0,0,0,75300.0,91493600.0,1.0,1194.0,1228.0,1191.0,1226.0,75300.0
2021-03-17,34570,1225.0,1237.0,1211.0,1224.0,0,0,58900.0,72115200.0,1.0,1225.0,1237.0,1211.0,1224.0,58900.0
2021-03-18,34570,1224.0,1224.0,1210.0,1218.0,0,0,44100.0,53619500.0,1.0,1224.0,1224.0,1210.0,1218.0,44100.0
2021-03-19,34570,1200.0,1222.0,1189.0,1222.0,0,0,65700.0,79645900.0,1.0,1200.0,1222.0,1189.0,1222.0,65700.0
2021-03-22,34570,1210.0,1216.0,1192.0,1203.0,0,0,46600.0,56068700.0,1.0,1210.0,1216.0,1192.0,1203.0,46600.0
2021-03-23,34570,1197.0,1201.0,1150.0,1152.0,0,0,117000.0,136446800.0,1.0,1197.0,1201.0,1150.0,1152.0,117000.0
2021-03-24,34570,1126.0,1141.0,1121.0,1133.0,0,0,82900.0,93737300.0,1.0,1126.0,1141.0,1121.0,1133.0,82900.0
2021-03-25,34570,1121.0,1148.0,1121.0,1142.0,0,0,41900.0,47728300.0,1.0,1121.0,1148.0,1121.0,1142.0,41900.0
2021-03-26,34570,1155.0,1160.0,1146.0,1154.0,0,0,32600.0,37621800.0,1.0,1155.0,1160.0,1146.0,1154.0,32600.0
2021-03-29,34570,1164.0,1164.0,1124.0,1135.0,0,0,104700.0,119172800.0,1.0,1164.0,1164.0,1124.0,1135.0,104700.0
2021-03-30,34570,1136.0,1169.0,1136.0,1159.0,0,0,51700.0,59882300.0,1.0,1136.0,1169.0,1136.0,1159.0,51700.0
2021-03-31,34570,1141.0,1165.0,1141.0,1159.0,0,0,49300.0,57076700.0,1.0,1141.0,1165.0,1141.0,1159.0,49300.0
2021-04-01,34570,1165.0,1169.0,1150.0,1153.0,0,0,44400.0,51449000.0,1.0,1165.0,1169.0,1150.0,1153.0,44400.0
2021-04-02,34570,1155.0,1164.0,1146.0,1149.0,0,0,40200.0,46313100.0,1.0,1155.0,1164.0,1146.0,1149.0,40200.0
2021-04-05,34570,1150.0,1171.0,1147.0,1163.0,0,0,50300.0,58352700.0,1.0,1150.0,1171.0,1147.0,1163.0,50300.0
2021-04-06,34570,1169.0,1169.0,1132.0,1145.0,0,0,50200.0,57878800.0,1.0,1169.0,1169.0,1132.0,1145.0,50200.0
2021-04-07,34570,1152.0,1155.0,1128.0,1135.0,0,0,53500.0,60952800.0,1.0,1152.0,1155.0,1128.0,1135.0,53500.0
2021-04-08,34570,1134.0,1134.0,1107.0,1110.0,0,0,65200.0,72622900.0,1.0,1134.0,1134.0,1107.0,1110.0,65200.0
2021-04-09,34570,1110.0,1124.0,1107.0,1116.0,0,0,53100.0,59157700.0,1.0,1110.0,1124.0,1107.0,1116.0,53100.0
2021-04-12,34570,1124.0,1137.0,1116.0,1132.0,0,0,42800.0,48267300.0,1.0,1124.0,1137.0,1116.0,1132.0,42800.0
2021-04-13,34570,1130.0,1154.0,1130.0,1136.0,0,0,38600.0,44101000.0,1.0,1130.0,1154.0,1130.0,1136.0,38600.0
2021-04-14,34570,1131.0,1135.0,1119.0,1122.0,0,0,37000.0,41620000.0,1.0,1131.0,1135.0,1119.0,1122.0,37000.0
2021-04-15,34570,1126.0,1139.0,1116.0,1139.0,0,0,38800.0,43858300.0,1.0,1126.0,1139.0,1116.0,1139.0,38800.0
2021-04-16,34570,1140.0,1141.0,1120.0,1123.0,0,0,51100.0,57748800.0,1.0,1140.0,1141.0,1120.0,1123.0,51100.0
2021-04-19,34570,1117.0,1119.0,1110.0,1112.0,0,0,51900.0,57839500.0,1.0,1117.0,1119.0,1110.0,1112.0,51900.0
2021-04-20,34570,1111.0,1111.0,1095.0,1095.0,0,0,47100.0,51863900.0,1.0,1111.0,1111.0,1095.0,1095.0,47100.0
2021-04-21,34570,1080.0,1080.0,1057.0,1058.0,0,0,115600.0,123210800.0,1.0,1080.0,1080.0,1057.0,1058.0,115600.0
2021-04-22,34570,1060.0,1089.0,1060.0,1070.0,0,0,74900.0,79809500.0,1.0,1060.0,1089.0,1060.0,1070.0,74900.0
2021-04-23,34570,1052.0,1078.0,1052.0,1053.0,0,0,47100.0,49962800.0,1.0,1052.0,1078.0,1052.0,1053.0,47100.0
2021-04-26,34570,1079.0,1079.0,1058.0,1061.0,0,0,58400.0,62344900.0,1.0,1079.0,1079.0,1058.0,1061.0,58400.0
2021-04-27,34570,1065.0,1067.0,1053.0,1053.0,0,0,43000.0,45605000.0,1.0,1065.0,1067.0,1053.0,1053.0,43000.0
2021-04-28,34570,1051.0,1053.0,1025.0,1039.0,0,0,93900.0,97513500.0,1.0,1051.0,1053.0,1025.0,1039.0,93900.0
2021-04-30,34570,1031.0,1048.0,1031.0,1037.0,0,0,45700.0,47485300.0,1.0,1031.0,1048.0,1031.0,1037.0,45700.0
2021-05-06,34570,1040.0,1063.0,1037.0,1044.0,0,0,53500.0,56251300.0,1.0,1040.0,1063.0,1037.0,1044.0,53500.0
2021-05-07,34570,1044.0,1062.0,1044.0,1062.0,0,0,33100.0,34995900.0,1.0,1044.0,1062.0,1044.0,1062.0,33100.0
2021-05-10,34570,1065.0,1081.0,1065.0,1068.0,0,0,39000.0,41741300.0,1.0,1065.0,1081.0,1065.0,1068.0,39000.0
2021-05-11,34570,1080.0,1080.0,1000.0,1045.0,0,0,110000.0,116012400.0,1.0,1080.0,1080.0,1000.0,1045.0,110000.0
2021-05-12,34570,999.0,1031.0,959.0,970.0,0,0,400200.0,393512700.0,1.0,999.0,1031.0,959.0,970.0,400200.0
2021-05-13,34570,967.0,994.0,935.0,976.0,0,0,216700.0,209710500.0,1.0,967.0,994.0,935.0,976.0,216700.0
2021-05-14,34570,987.0,1014.0,966.0,1000.0,0,0,97600.0,97591100.0,1.0,987.0,1014.0,966.0,1000.0,97600.0
2021-05-17,34570,1015.0,1028.0,997.0,997.0,0,0,73700.0,74008800.0,1.0,1015.0,1028.0,997.0,997.0,73700.0
2021-05-18,34570,994.0,1018.0,988.0,1015.0,0,0,55100.0,55645700.0,1.0,994.0,1018.0,988.0,1015.0,55100.0
2021-05-19,34570,1002.0,1028.0,997.0,1024.0,0,0,55900.0,56865200.0,1.0,1002.0,1028.0,997.0,1024.0,55900.0
2021-05-20,34570,1022.0,1054.0,1022.0,1052.0,0,0,72200.0,75037300.0,1.0,1022.0,1054.0,1022.0,1052.0,72200.0
2021-05-21,34570,1057.0,1057.0,1040.0,1052.0,0,0,52900.0,55561700.0,1.0,1057.0,1057.0,1040.0,1052.0,52900.0
2021-05-24,34570,1055.0,1080.0,1052.0,1076.0,0,0,86700.0,92729400.0,1.0,1055.0,1080.0,1052.0,1076.0,86700.0
2021-05-25,34570,1078.0,1120.0,1071.0,1109.0,0,0,157500.0,173859000.0,1.0,1078.0,1120.0,1071.0,1109.0,157500.0
2021-05-26,34570,1103.0,1103.0,1065.0,1071.0,0,0,71700.0,77472600.0,1.0,1103.0,1103.0,1065.0,1071.0,71700.0
2021-05-27,34570,1071.0,1071.0,1032.0,1032.0,0,0,95400.0,99711600.0,1.0,1071.0,1071.0,1032.0,1032.0,95400.0
2021-05-28,34570,1040.0,1063.0,1040.0,1060.0,0,0,62800.0,66222400.0,1.0,1040.0,1063.0,1040.0,1060.0,62800.0
2021-05-31,34570,1058.0,1058.0,1040.0,1045.0,0,0,32000.0,33543500.0,1.0,1058.0,1058.0,1040.0,1045.0,32000.0
2021-06-01,34570,1049.0,1051.0,1034.0,1044.0,0,0,56500.0,58904600.0,1.0,1049.0,1051.0,1034.0,1044.0,56500.0
2021-06-02,34570,1045.0,1060.0,1043.0,1059.0,0,0,33300.0,35088400.0,1.0,1045.0,1060.0,1043.0,1059.0,33300.0
2021-06-03,34570,1056.0,1063.0,1045.0,1048.0,0,0,54300.0,57245900.0,1.0,1056.0,1063.0,1045.0,1048.0,54300.0
2021-06-04,34570,1048.0,1051.0,1040.0,1043.0,0,0,45300.0,47355200.0,1.0,1048.0,1051.0,1040.0,1043.0,45300.0
2021-06-07,34570,1040.0,1045.0,1034.0,1037.0,0,0,50500.0,52406200.0,1.0,1040.0,1045.0,1034.0,1037.0,50500.0
2021-06-08,34570,1033.0,1041.0,1030.0,1031.0,0,0,58800.0,60854500.0,1.0,1033.0,1041.0,1030.0,1031.0,58800.0
2021-06-09,34570,1030.0,1056.0,1030.0,1050.0,0,0,111600.0,115919800.0,1.0,1030.0,1056.0,1030.0,1050.0,111600.0
2021-06-10,34570,1042.0,1055.0,1036.0,1055.0,0,0,105500.0,110283100.0,1.0,1042.0,1055.0,1036.0,1055.0,105500.0
2021-06-11,34570,1058.0,1058.0,1040.0,1041.0,0,0,78000.0,81973900.0,1.0,1058.0,1058.0,1040.0,1041.0,78000.0
2021-06-14,34570,1041.0,1046.0,1026.0,1034.0,0,0,76300.0,79036900.0,1.0,1041.0,1046.0,1026.0,1034.0,76300.0
2021-06-15,34570,1036.0,1058.0,1027.0,1053.0,0,0,65200.0,68116300.0,1.0,1036.0,1058.0,1027.0,1053.0,65200.0
2021-06-16,34570,1045.0,1062.0,1043.0,1052.0,0,0,71100.0,74834800.0,1.0,1045.0,1062.0,1043.0,1052.0,71100.0
2021-06-17,34570,1050.0,1055.0,1037.0,1053.0,0,0,87200.0,91380000.0,1.0,1050.0,1055.0,1037.0,1053.0,87200.0
2021-06-18,34570,1050.0,1050.0,1035.0,1041.0,0,0,72400.0,75417400.0,1.0,1050.0,1050.0,1035.0,1041.0,72400.0
2021-06-21,34570,1026.0,1028.0,1012.0,1015.0,0,0,68200.0,69546000.0,1.0,1026.0,1028.0,1012.0,1015.0,68200.0
2021-06-22,34570,1031.0,1031.0,1016.0,1025.0,0,0,53500.0,54936600.0,1.0,1031.0,1031.0,1016.0,1025.0,53500.0
2021-06-23,34570,1019.0,1042.0,1019.0,1038.0,0,0,53000.0,54702100.0,1.0,1019.0,1042.0,1019.0,1038.0,53000.0
2021-06-24,34570,1031.0,1038.0,1018.0,1018.0,0,0,56600.0,58110300.0,1.0,1031.0,1038.0,1018.0,1018.0,56600.0
2021-06-25,34570,1021.0,1031.0,1017.0,1027.0,0,0,86200.0,88282200.0,1.0,1021.0,1031.0,1017.0,1027.0,86200.0
2021-06-28,34570,997.0,1026.0,991.0,1008.0,0,0,499000.0,502994000.0,1.0,997.0,1026.0,991.0,1008.0,499000.0
2021-06-29,34570,1009.0,1014.0,982.0,982.0,0,0,251800.0,251220900.0,1.0,1009.0,1014.0,982.0,982.0,251800.0
2021-06-30,34570,995.0,1011.0,989.0,1011.0,0,0,72600.0,72790100.0,1.0,995.0,1011.0,989.0,1011.0,72600.0
2021-07-01,34570,1001.0,1009.0,992.0,1009.0,0,0,67600.0,67764300.0,1.0,1001.0,1009.0,992.0,1009.0,67600.0
2021-07-02,34570,1007.0,1027.0,1004.0,1019.0,0,0,67300.0,68561300.0,1.0,1007.0,1027.0,1004.0,1019.0,67300.0
2021-07-05,34570,1025.0,1032.0,1013.0,1013.0,0,0,72800.0,74432900.0,1.0,1025.0,1032.0,1013.0,1013.0,72800.0
2021-07-06,34570,1013.0,1028.0,1001.0,1023.0,0,0,63900.0,64790600.0,1.0,1013.0,1028.0,1001.0,1023.0,63900.0
2021-07-07,34570,1015.0,1024.0,1002.0,1003.0,0,0,42500.0,42978600.0,1.0,1015.0,1024.0,1002.0,1003.0,42500.0
2021-07-08,34570,1007.0,1008.0,993.0,997.0,0,0,86300.0,86241400.0,1.0,1007.0,1008.0,993.0,997.0,86300.0
2021-07-09,34570,984.0,1014.0,979.0,1010.0,0,0,113700.0,113117300.0,1.0,984.0,1014.0,979.0,1010.0,113700.0
2021-07-12,34570,1014.0,1025.0,1005.0,1007.0,0,0,74300.0,75377600.0,1.0,1014.0,1025.0,1005.0,1007.0,74300.0
2021-07-13,34570,1014.0,1024.0,1014.0,1018.0,0,0,76600.0,77964600.0,1.0,1014.0,1024.0,1014.0,1018.0,76600.0
2021-07-14,34570,1010.0,1015.0,1004.0,1012.0,0,0,26900.0,27157300.0,1.0,1010.0,1015.0,1004.0,1012.0,26900.0
2021-07-15,34570,1010.0,1011.0,996.0,1010.0,0,0,58800.0,59209100.0,1.0,1010.0,1011.0,996.0,1010.0,58800.0
2021-07-16,34570,1005.0,1008.0,1000.0,1005.0,0,0,25400.0,25507900.0,1.0,1005.0,1008.0,1000.0,1005.0,25400.0
2021-07-19,34570,996.0,999.0,986.0,999.0,0,0,93300.0,92647800.0,1.0,996.0,999.0,986.0,999.0,93300.0
2021-07-20,34570,997.0,998.0,985.0,990.0,0,0,66600.0,66012000.0,1.0,997.0,998.0,985.0,990.0,66600.0
2021-07-21,34570,999.0,1014.0,988.0,992.0,0,0,63700.0,63709800.0,1.0,999.0,1014.0,988.0,992.0,63700.0
2021-07-26,34570,1013.0,1013.0,986.0,990.0,0,0,45100.0,44967300.0,1.0,1013.0,1013.0,986.0,990.0,45100.0
2021-07-27,34570,1005.0,1006.0,989.0,1002.0,0,0,61700.0,61798400.0,1.0,1005.0,1006.0,989.0,1002.0,61700.0
2021-07-28,34570,991.0,1008.0,990.0,995.0,0,0,40000.0,39814000.0,1.0,991.0,1008.0,990.0,995.0,40000.0
2021-07-29,34570,1002.0,1002.0,987.0,995.0,0,0,42200.0,41910300.0,1.0,1002.0,1002.0,987.0,995.0,42200.0
2021-07-30,34570,989.0,992.0,977.0,989.0,0,0,65200.0,64274700.0,1.0,989.0,992.0,977.0,989.0,65200.0
2021-08-02,34570,999.0,999.0,988.0,990.0,0,0,38300.0,38040600.0,1.0,999.0,999.0,988.0,990.0,38300.0
2021-08-03,34570,990.0,993.0,985.0,991.0,0,0,29100.0,28780200.0,1.0,990.0,993.0,985.0,991.0,29100.0
2021-08-04,34570,984.0,992.0,982.0,992.0,0,0,48000.0,47380800.0,1.0,984.0,992.0,982.0,992.0,48000.0
2021-08-05,34570,992.0,992.0,974.0,983.0,0,0,67600.0,66428900.0,1.0,992.0,992.0,974.0,983.0,67600.0
2021-08-06,34570,979.0,988.0,969.0,970.0,0,0,50400.0,49268400.0,1.0,979.0,988.0,969.0,970.0,50400.0
2021-08-10,34570,975.0,987.0,970.0,973.0,0,0,48700.0,47514200.0,1.0,975.0,987.0,970.0,973.0,48700.0
2021-08-11,34570,975.0,990.0,975.0,990.0,0,0,41200.0,40602700.0,1.0,975.0,990.0,975.0,990.0,41200.0
2021-08-12,34570,990.0,990.0,980.0,983.0,0,0,32600.0,32081600.0,1.0,990.0,990.0,980.0,983.0,32600.0
2021-08-13,34570,988.0,989.0,980.0,989.0,0,0,44100.0,43443500.0,1.0,988.0,989.0,980.0,989.0,44100.0
2021-08-16,34570,989.0,989.0,964.0,964.0,0,0,164300.0,160217000.0,1.0,989.0,989.0,964.0,964.0,164300.0
2021-08-17,34570,994.0,997.0,950.0,966.0,0,0,246300.0,240523500.0,1.0,994.0,997.0,950.0,966.0,246300.0
2021-08-18,34570,965.0,1009.0,965.0,989.0,0,0,233400.0,231423000.0,1.0,965.0,1009.0,965.0,989.0,233400.0
2021-08-19,34570,977.0,1005.0,977.0,992.0,0,0,78100.0,77794900.0,1.0,977.0,1005.0,977.0,992.0,78100.0
2021-08-20,34570,1000.0,1022.0,995.0,1005.0,0,0,141400.0,142469400.0,1.0,1000.0,1022.0,995.0,1005.0,141400.0
2021-08-23,34570,1015.0,1038.0,1015.0,1018.0,0,0,192800.0,197715900.0,1.0,1015.0,1038.0,1015.0,1018.0,192800.0
2021-08-24,34570,1018.0,1036.0,1018.0,1021.0,0,0,106200.0,109083500.0,1.0,1018.0,1036.0,1018.0,1021.0,106200.0
2021-08-25,34570,1017.0,1049.0,1017.0,1046.0,0,0,165600.0,172592200.0,1.0,1017.0,1049.0,1017.0,1046.0,165600.0
2021-08-26,34570,1046.0,1055.0,1031.0,1043.0,0,0,81300.0,85048400.0,1.0,1046.0,1055.0,1031.0,1043.0,81300.0
2021-08-27,34570,1041.0,1049.0,1031.0,1042.0,0,0,36300.0,37764500.0,1.0,1041.0,1049.0,1031.0,1042.0,36300.0
2021-08-30,34570,1053.0,1053.0,1041.0,1047.0,0,0,28700.0,30059600.0,1.0,1053.0,1053.0,1041.0,1047.0,28700.0
2021-08-31,34570,1047.0,1053.0,1033.0,1049.0,0,0,75000.0,78536500.0,1.0,1047.0,1053.0,1033.0,1049.0,75000.0
2021-09-01,34570,1045.0,1052.0,1038.0,1038.0,0,0,39900.0,41647600.0,1.0,1045.0,1052.0,1038.0,1038.0,39900.0
2021-09-02,34570,1032.0,1037.0,1021.0,1037.0,0,0,56800.0,58560800.0,1.0,1032.0,1037.0,1021.0,1037.0,56800.0
2021-09-03,34570,1034.0,1051.0,1032.0,1035.0,0,0,55400.0,57648700.0,1.0,1034.0,1051.0,1032.0,1035.0,55400.0
2021-09-06,34570,1040.0,1048.0,1038.0,1040.0,0,0,54500.0,56790300.0,1.0,1040.0,1048.0,1038.0,1040.0,54500.0
2021-09-07,34570,1040.0,1042.0,1025.0,1031.0,0,0,52800.0,54516400.0,1.0,1040.0,1042.0,1025.0,1031.0,52800.0
2021-09-08,34570,1031.0,1032.0,1017.0,1020.0,0,0,47500.0,48686500.0,1.0,1031.0,1032.0,1017.0,1020.0,47500.0
2021-09-09,34570,1020.0,1035.0,1016.0,1035.0,0,0,47100.0,48431000.0,1.0,1020.0,1035.0,1016.0,1035.0,47100.0
2021-09-10,34570,1034.0,1044.0,1034.0,1040.0,0,0,114000.0,118355500.0,1.0,1034.0,1044.0,1034.0,1040.0,114000.0
2021-09-13,34570,1034.0,1040.0,1026.0,1040.0,0,0,45000.0,46451100.0,1.0,1034.0,1040.0,1026.0,1040.0,45000.0
2021-09-14,34570,1040.0,1042.0,1034.0,1040.0,0,0,42300.0,43959000.0,1.0,1040.0,1042.0,1034.0,1040.0,42300.0
2021-09-15,34570,1035.0,1035.0,1018.0,1029.0,0,0,55700.0,57083800.0,1.0,1035.0,1035.0,1018.0,1029.0,55700.0
2021-09-16,34570,1034.0,1034.0,1001.0,1024.0,0,0,92100.0,93622500.0,1.0,1034.0,1034.0,1001.0,1024.0,92100.0
2021-09-17,34570,1026.0,1040.0,1025.0,1028.0,0,0,54400.0,56125300.0,1.0,1026.0,1040.0,1025.0,1028.0,54400.0
2021-09-21,34570,1000.0,1009.0,995.0,996.0,0,0,54500.0,54543100.0,1.0,1000.0,1009.0,995.0,996.0,54500.0
2021-09-22,34570,995.0,995.0,981.0,981.0,0,0,45400.0,44786900.0,1.0,995.0,995.0,981.0,981.0,45400.0
2021-09-24,34570,989.0,1020.0,989.0,1009.0,0,0,68200.0,68639900.0,1.0,989.0,1020.0,989.0,1009.0,68200.0
2021-09-27,34570,1016.0,1032.0,1013.0,1021.0,0,0,54500.0,55649700.0,1.0,1016.0,1032.0,1013.0,1021.0,54500.0
2021-09-28,34570,1021.0,1034.0,1014.0,1034.0,0,0,48200.0,49471500.0,1.0,1021.0,1034.0,1014.0,1034.0,48200.0
2021-09-29,34570,1028.0,1033.0,1013.0,1025.0,0,0,57700.0,59020000.0,1.0,1028.0,1033.0,1013.0,1025.0,57700.0
2021-09-30,34570,1033.0,1033.0,1007.0,1028.0,0,0,98000.0,100069600.0,1.0,1033.0,1033.0,1007.0,1028.0,98000.0
2021-10-01,34570,1012.0,1019.0,1002.0,1008.0,0,0,43400.0,43730100.0,1.0,1012.0,1019.0,1002.0,1008.0,43400.0
2021-10-04,34570,1012.0,1018.0,1000.0,1005.0,0,0,41200.0,41574100.0,1.0,1012.0,1018.0,1000.0,1005.0,41200.0
2021-10-05,34570,1000.0,1012.0,990.0,996.0,0,0,52400.0,52309300.0,1.0,1000.0,1012.0,990.0,996.0,52400.0
2021-10-06,34570,1000.0,1014.0,988.0,994.0,0,0,45900.0,45870800.0,1.0,1000.0,1014.0,988.0,994.0,45900.0
2021-10-07,34570,990.0,1017.0,990.0,1003.0,0,0,59300.0,59660500.0,1.0,990.0,1017.0,990.0,1003.0,59300.0
2021-10-08,34570,1001.0,1019.0,1001.0,1007.0,0,0,20900.0,21129400.0,1.0,1001.0,1019.0,1001.0,1007.0,20900.0
2021-10-11,34570,1009.0,1017.0,1001.0,1005.0,0,0,60100.0,60468100.0,1.0,1009.0,1017.0,1001.0,1005.0,60100.0
2021-10-12,34570,1006.0,1011.0,1000.0,1002.0,0,0,62400.0,62689500.0,1.0,1006.0,1011.0,1000.0,1002.0,62400.0
2021-10-13,34570,996.0,1006.0,988.0,994.0,0,0,58800.0,58676000.0,1.0,996.0,1006.0,988.0,994.0,58800.0
2021-10-14,34570,994.0,997.0,983.0,987.0,0,0,47600.0,47056700.0,1.0,994.0,997.0,983.0,987.0,47600.0
2021-10-15,34570,989.0,1005.0,989.0,994.0,0,0,58300.0,58078300.0,1.0,989.0,1005.0,989.0,994.0,58300.0
2021-10-18,34570,999.0,1002.0,990.0,998.0,0,0,77600.0,77272000.0,1.0,999.0,1002.0,990.0,998.0,77600.0
2021-10-19,34570,996.0,1003.0,988.0,988.0,0,0,45200.0,44872000.0,1.0,996.0,1003.0,988.0,988.0,45200.0
2021-10-20,34570,990.0,994.0,980.0,981.0,0,0,66600.0,65651400.0,1.0,990.0,994.0,980.0,981.0,66600.0
2021-10-21,34570,985.0,987.0,971.0,971.0,0,0,74300.0,72668400.0,1.0,985.0,987.0,971.0,971.0,74300.0
2021-10-22,34570,970.0,970.0,955.0,955.0,0,0,95000.0,91322000.0,1.0,970.0,970.0,955.0,955.0,95000.0
2021-10-25,34570,949.0,955.0,944.0,946.0,0,0,65300.0,61968500.0,1.0,949.0,955.0,944.0,946.0,65300.0
2021-10-26,34570,955.0,957.0,951.0,957.0,0,0,55700.0,53179100.0,1.0,955.0,957.0,951.0,957.0,55700.0
2021-10-27,34570,955.0,960.0,947.0,953.0,0,0,111800.0,106387800.0,1.0,955.0,960.0,947.0,953.0,111800.0
2021-10-28,34570,951.0,956.0,940.0,945.0,0,0,95600.0,90564600.0,1.0,951.0,956.0,940.0,945.0,95600.0
2021-10-29,34570,942.0,946.0,938.0,944.0,0,0,71600.0,67576100.0,1.0,942.0,946.0,938.0,944.0,71600.0
2021-11-01,34570,945.0,981.0,945.0,981.0,0,0,112500.0,108505600.0,1.0,945.0,981.0,945.0,981.0,112500.0
2021-11-02,34570,979.0,989.0,972.0,978.0,0,0,80700.0,79197600.0,1.0,979.0,989.0,972.0,978.0,80700.0
2021-11-04,34570,978.0,997.0,961.0,997.0,0,0,112800.0,111317900.0,1.0,978.0,997.0,961.0,997.0,112800.0
2021-11-05,34570,982.0,982.0,964.0,968.0,0,0,54100.0,52447100.0,1.0,982.0,982.0,964.0,968.0,54100.0
2021-11-08,34570,968.0,979.0,964.0,965.0,0,0,26100.0,25278900.0,1.0,968.0,979.0,964.0,965.0,26100.0
2021-11-09,34570,966.0,971.0,960.0,967.0,0,0,39300.0,37849600.0,1.0,966.0,971.0,960.0,967.0,39300.0
2021-11-10,34570,962.0,964.0,948.0,959.0,0,0,53400.0,51071200.0,1.0,962.0,964.0,948.0,959.0,53400.0
2021-11-11,34570,954.0,966.0,948.0,948.0,0,0,70500.0,67293600.0,1.0,954.0,966.0,948.0,948.0,70500.0
2021-11-12,34570,1017.0,1086.0,1015.0,1050.0,0,0,518700.0,546533800.0,1.0,1017.0,1086.0,1015.0,1050.0,518700.0
2021-11-15,34570,1050.0,1088.0,1040.0,1078.0,0,0,236900.0,252235700.0,1.0,1050.0,1088.0,1040.0,1078.0,236900.0
2021-11-16,34570,1076.0,1138.0,1072.0,1132.0,0,0,290900.0,324793100.0,1.0,1076.0,1138.0,1072.0,1132.0,290900.0
2021-11-17,34570,1132.0,1132.0,1071.0,1085.0,0,0,234700.0,256631900.0,1.0,1132.0,1132.0,1071.0,1085.0,234700.0
2021-11-18,34570,1066.0,1069.0,1033.0,1049.0,0,0,140500.0,147547300.0,1.0,1066.0,1069.0,1033.0,1049.0,140500.0
2021-11-19,34570,1049.0,1049.0,1011.0,1023.0,0,0,183800.0,187691200.0,1.0,1049.0,1049.0,1011.0,1023.0,183800.0
2021-11-22,34570,1006.0,1014.0,981.0,1002.0,0,0,174200.0,173922800.0,1.0,1006.0,1014.0,981.0,1002.0,174200.0
2021-11-24,34570,1002.0,1027.0,992.0,1002.0,0,0,81100.0,81488300.0,1.0,1002.0,1027.0,992.0,1002.0,81100.0
2021-11-25,34570,1000.0,1004.0,976.0,980.0,0,0,88800.0,87366500.0,1.0,1000.0,1004.0,976.0,980.0,88800.0
2021-11-26,34570,980.0,981.0,958.0,975.0,0,0,144000.0,139639800.0,1.0,980.0,981.0,958.0,975.0,144000.0
2021-11-29,34570,945.0,955.0,919.0,923.0,0,0,215200.0,201493600.0,1.0,945.0,955.0,919.0,923.0,215200.0
2021-11-30,34570,944.0,944.0,904.0,905.0,0,0,268800.0,247147000.0,1.0,944.0,944.0,904.0,905.0,268800.0
2021-12-01,34570,906.0,929.0,893.0,927.0,0,0,232000.0,211613400.0,1.0,906.0,929.0,893.0,927.0,232000.0
2021-12-02,34570,924.0,943.0,912.0,925.0,0,0,51700.0,48079900.0,1.0,924.0,943.0,912.0,925.0,51700.0
2021-12-03,34570,932.0,948.0,923.0,944.0,0,0,51000.0,47880600.0,1.0,932.0,948.0,923.0,944.0,51000.0
2021-12-06,34570,943.0,948.0,924.0,945.0,0,0,39700.0,37352700.0,1.0,943.0,948.0,924.0,945.0,39700.0
2021-12-07,34570,950.0,980.0,950.0,975.0,0,0,244900.0,236635800.0,1.0,950.0,980.0,950.0,975.0,244900.0
2021-12-08,34570,976.0,994.0,969.0,985.0,0,0,67400.0,66233400.0,1.0,976.0,994.0,969.0,985.0,67400.0
2021-12-09,34570,985.0,994.0,972.0,975.0,0,0,38500.0,37833700.0,1.0,985.0,994.0,972.0,975.0,38500.0
2021-12-10,34570,974.0,974.0,954.0,960.0,0,0,91300.0,88533000.0,1.0,974.0,974.0,954.0,960.0,91300.0
2021-12-13,34570,963.0,963.0,942.0,951.0,0,0,45100.0,42776900.0,1.0,963.0,963.0,942.0,951.0,45100.0
2021-12-14,34570,946.0,946.0,922.0,925.0,0,0,50900.0,47414500.0,1.0,946.0,946.0,922.0,925.0,50900.0
2021-12-15,34570,926.0,942.0,923.0,927.0,0,0,39300.0,36545300.0,1.0,926.0,942.0,923.0,927.0,39300.0
2021-12-16,34570,946.0,946.0,927.0,933.0,0,0,53700.0,50216600.0,1.0,946.0,946.0,927.0,933.0,53700.0
2021-12-17,34570,932.0,932.0,919.0,923.0,0,0,103800.0,96331400.0,1.0,932.0,932.0,919.0,923.0,103800.0
2021-12-20,34570,915.0,915.0,892.0,892.0,0,0,125200.0,112603100.0,1.0,915.0,915.0,892.0,892.0,125200.0
2021-12-21,34570,898.0,911.0,887.0,907.0,0,0,68100.0,61450100.0,1.0,898.0,911.0,887.0,907.0,68100.0
2021-12-22,34570,905.0,921.0,905.0,910.0,0,0,52000.0,47428900.0,1.0,905.0,921.0,905.0,910.0,52000.0
2021-12-23,34570,910.0,918.0,903.0,905.0,0,0,46500.0,42310200.0,1.0,910.0,918.0,903.0,905.0,46500.0
2021-12-24,34570,915.0,920.0,902.0,905.0,0,0,216200.0,197493300.0,1.0,915.0,920.0,902.0,905.0,216200.0
2021-12-27,34570,907.0,907.0,882.0,888.0,0,0,178600.0,159151700.0,1.0,907.0,907.0,882.0,888.0,178600.0
2021-12-28,34570,899.0,914.0,888.0,912.0,0,0,81000.0,73513800.0,1.0,899.0,914.0,888.0,912.0,81000.0
2021-12-29,34570,913.0,930.0,912.0,929.0,0,0,67600.0,62433300.0,1.0,913.0,930.0,912.0,929.0,67600.0
2021-12-30,34570,925.0,926.0,913.0,922.0,0,0,29200.0,26888700.0,1.0,925.0,926.0,913.0,922.0,29200.0
2022-01-04,34570,923.0,927.0,918.0,923.0,0,0,39700.0,36646200.0,1.0,923.0,927.0,918.0,923.0,39700.0
2022-01-05,34570,914.0,916.0,900.0,905.0,0,0,50600.0,45855700.0,1.0,914.0,916.0,900.0,905.0,50600.0
2022-01-06,34570,891.0,895.0,875.0,880.0,0,0,93600.0,82641600.0,1.0,891.0,895.0,875.0,880.0,93600.0
2022-01-07,34570,889.0,889.0,847.0,867.0,0,0,217000.0,188758900.0,1.0,889.0,889.0,847.0,867.0,217000.0
2022-01-11,34570,856.0,870.0,852.0,870.0,0,0,52100.0,44792700.0,1.0,856.0,870.0,852.0,870.0,52100.0
2022-01-12,34570,870.0,889.0,870.0,887.0,0,0,63400.0,56053800.0,1.0,870.0,889.0,870.0,887.0,63400.0
2022-01-13,34570,873.0,879.0,857.0,857.0,0,0,85600.0,74055000.0,1.0,873.0,879.0,857.0,857.0,85600.0
2022-01-14,34570,850.0,850.0,832.0,840.0,0,0,117700.0,98854700.0,1.0,850.0,850.0,832.0,840.0,117700.0
2022-01-17,34570,870.0,870.0,848.0,853.0,0,0,60200.0,51827500.0,1.0,870.0,870.0,848.0,853.0,60200.0
2022-01-18,34570,857.0,861.0,842.0,847.0,0,0,94500.0,80687200.0,1.0,857.0,861.0,842.0,847.0,94500.0
2022-01-19,34570,840.0,840.0,814.0,818.0,0,0,85100.0,70046300.0,1.0,840.0,840.0,814.0,818.0,85100.0
2022-01-20,34570,812.0,828.0,810.0,822.0,0,0,47100.0,38672000.0,1.0,812.0,828.0,810.0,822.0,47100.0
2022-01-21,34570,820.0,830.0,811.0,829.0,0,0,62300.0,51184600.0,1.0,820.0,830.0,811.0,829.0,62300.0
2022-01-24,34570,828.0,848.0,825.0,845.0,0,0,48200.0,40264800.0,1.0,828.0,848.0,825.0,845.0,48200.0
2022-01-25,34570,848.0,848.0,816.0,820.0,0,0,47700.0,39326000.0,1.0,848.0,848.0,816.0,820.0,47700.0
2022-01-26,34570,820.0,837.0,819.0,828.0,0,0,35900.0,29706600.0,1.0,820.0,837.0,819.0,828.0,35900.0
2022-01-27,34570,832.0,834.0,805.0,813.0,0,0,84100.0,68620300.0,1.0,832.0,834.0,805.0,813.0,84100.0
2022-01-28,34570,820.0,829.0,815.0,826.0,0,0,67000.0,55166400.0,1.0,820.0,829.0,815.0,826.0,67000.0
2022-01-31,34570,830.0,839.0,830.0,838.0,0,0,34900.0,29140000.0,1.0,830.0,839.0,830.0,838.0,34900.0
2022-02-01,34570,841.0,847.0,822.0,829.0,0,0,104900.0,87615000.0,1.0,841.0,847.0,822.0,829.0,104900.0
2022-02-02,34570,826.0,866.0,826.0,866.0,0,0,89200.0,75998300.0,1.0,826.0,866.0,826.0,866.0,89200.0
2022-02-03,34570,860.0,876.0,855.0,874.0,0,0,91700.0,79703400.0,1.0,860.0,876.0,855.0,874.0,91700.0
2022-02-04,34570,874.0,874.0,852.0,864.0,0,0,39800.0,34315000.0,1.0,874.0,874.0,852.0,864.0,39800.0
2022-02-07,34570,865.0,865.0,848.0,854.0,0,0,42000.0,35872300.0,1.0,865.0,865.0,848.0,854.0,42000.0
2022-02-08,34570,859.0,865.0,853.0,857.0,0,0,23300.0,20036900.0,1.0,859.0,865.0,853.0,857.0,23300.0
2022-02-09,34570,866.0,878.0,860.0,871.0,0,0,32500.0,28256800.0,1.0,866.0,878.0,860.0,871.0,32500.0
2022-02-10,34570,886.0,896.0,884.0,896.0,0,0,65600.0,58545500.0,1.0,886.0,896.0,884.0,896.0,65600.0
2022-02-14,34570,866.0,884.0,862.0,875.0,0,0,61700.0,53799200.0,1.0,866.0,884.0,862.0,875.0,61700.0
2022-02-15,34570,884.0,896.0,874.0,875.0,0,0,100500.0,88814200.0,1.0,884.0,896.0,874.0,875.0,100500.0
2022-02-16,34570,889.0,891.0,881.0,891.0,0,0,39400.0,34957400.0,1.0,889.0,891.0,881.0,891.0,39400.0
2022-02-17,34570,892.0,892.0,878.0,881.0,0,0,34500.0,30498200.0,1.0,892.0,892.0,878.0,881.0,34500.0
2022-02-18,34570,881.0,892.0,873.0,890.0,0,0,24000.0,21182500.0,1.0,881.0,892.0,873.0,890.0,24000.0
2022-02-21,34570,880.0,910.0,872.0,910.0,0,0,50100.0,45085200.0,1.0,880.0,910.0,872.0,910.0,50100.0
2022-02-22,34570,892.0,902.0,876.0,878.0,0,0,299900.0,264980100.0,1.0,892.0,902.0,876.0,878.0,299900.0
2022-02-24,34570,871.0,876.0,853.0,866.0,0,0,55100.0,47647100.0,1.0,871.0,876.0,853.0,866.0,55100.0
2022-02-25,34570,866.0,906.0,866.0,904.0,0,0,80500.0,71864100.0,1.0,866.0,906.0,866.0,904.0,80500.0
2022-02-28,34570,917.0,923.0,906.0,921.0,0,0,54100.0,49544600.0,1.0,917.0,923.0,906.0,921.0,54100.0
2022-03-01,34570,920.0,924.0,907.0,907.0,0,0,33900.0,31045900.0,1.0,920.0,924.0,907.0,907.0,33900.0
2022-03-02,34570,903.0,907.0,892.0,895.0,0,0,28400.0,25506200.0,1.0,903.0,907.0,892.0,895.0,28400.0
2022-03-03,34570,918.0,918.0,901.0,907.0,0,0,38100.0,34585300.0,1.0,918.0,918.0,901.0,907.0,38100.0
2022-03-04,34570,902.0,904.0,884.0,901.0,0,0,46600.0,41723600.0,1.0,902.0,904.0,884.0,901.0,46600.0
2022-03-07,34570,882.0,888.0,865.0,867.0,0,0,84900.0,74240500.0,1.0,882.0,888.0,865.0,867.0,84900.0
2022-03-08,34570,854.0,868.0,836.0,841.0,0,0,66600.0,56740300.0,1.0,854.0,868.0,836.0,841.0,66600.0
2022-03-09,34570,838.0,840.0,823.0,826.0,0,0,51600.0,42904400.0,1.0,838.0,840.0,823.0,826.0,51600.0
2022-03-10,34570,845.0,871.0,845.0,871.0,0,0,44900.0,38591500.0,1.0,845.0,871.0,845.0,871.0,44900.0
2022-03-11,34570,856.0,871.0,848.0,870.0,0,0,51900.0,44677300.0,1.0,856.0,871.0,848.0,870.0,51900.0
2022-03-14,34570,870.0,888.0,868.0,879.0,0,0,22700.0,19953200.0,1.0,870.0,888.0,868.0,879.0,22700.0
2022-03-15,34570,877.0,896.0,872.0,894.0,0,0,41700.0,36940500.0,1.0,877.0,896.0,872.0,894.0,41700.0
2022-03-16,34570,904.0,909.0,890.0,909.0,0,0,56600.0,51028000.0,1.0,904.0,909.0,890.0,909.0,56600.0
2022-03-17,34570,915.0,925.0,896.0,911.0,0,0,46600.0,42284300.0,1.0,915.0,925.0,896.0,911.0,46600.0
2022-03-18,34570,901.0,911.0,899.0,909.0,0,0,24700.0,22342600.0,1.0,901.0,911.0,899.0,909.0,24700.0
2022-03-22,34570,910.0,942.0,910.0,938.0,0,0,97100.0,90190800.0,1.0,910.0,942.0,910.0,938.0,97100.0
2022-03-23,34570,938.0,949.0,932.0,940.0,0,0,74100.0,69795200.0,1.0,938.0,949.0,932.0,940.0,74100.0
2022-03-24,34570,933.0,940.0,914.0,940.0,0,0,47600.0,44218000.0,1.0,933.0,940.0,914.0,940.0,47600.0
2022-03-25,34570,940.0,944.0,923.0,942.0,0,0,61200.0,57165400.0,1.0,940.0,944.0,923.0,942.0,61200.0
2022-03-28,34570,939.0,951.0,931.0,941.0,0,0,35900.0,33744900.0,1.0,939.0,951.0,931.0,941.0,35900.0
2022-03-29,34570,944.0,946.0,932.0,944.0,0,0,42500.0,39965600.0,1.0,944.0,946.0,932.0,944.0,42500.0
2022-03-30,34570,950.0,965.0,941.0,965.0,0,0,54900.0,52438500.0,1.0,950.0,965.0,941.0,965.0,54900.0
2022-03-31,34570,958.0,972.0,958.0,961.0,0,0,59900.0,57738000.0,1.0,958.0,972.0,958.0,961.0,59900.0
2022-04-01,34570,954.0,955.0,941.0,943.0,0,0,35500.0,33653400.0,1.0,954.0,955.0,941.0,943.0,35500.0
2022-04-04,34570,958.0,966.0,952.0,965.0,0,0,45700.0,43819500.0,1.0,958.0,966.0,952.0,965.0,45700.0
2022-04-05,34570,973.0,998.0,973.0,995.0,0,0,78600.0,77571300.0,1.0,973.0,998.0,973.0,995.0,78600.0
2022-04-06,34570,985.0,985.0,961.0,963.0,0,0,52200.0,50607300.0,1.0,985.0,985.0,961.0,963.0,52200.0
2022-04-07,34570,951.0,954.0,932.0,937.0,0,0,39200.0,36939200.0,1.0,951.0,954.0,932.0,937.0,39200.0
2022-04-08,34570,940.0,945.0,930.0,945.0,0,0,46700.0,43762900.0,1.0,940.0,945.0,930.0,945.0,46700.0
2022-04-11,34570,952.0,957.0,934.0,942.0,0,0,23500.0,22189400.0,1.0,952.0,957.0,934.0,942.0,23500.0
2022-04-12,34570,930.0,933.0,911.0,915.0,0,0,44100.0,40608400.0,1.0,930.0,933.0,911.0,915.0,44100.0
2022-04-13,34570,915.0,941.0,915.0,941.0,0,0,41600.0,38681200.0,1.0,915.0,941.0,915.0,941.0,41600.0
2022-04-14,34570,942.0,953.0,939.0,941.0,0,0,31400.0,29684300.0,1.0,942.0,953.0,939.0,941.0,31400.0
2022-04-15,34570,932.0,944.0,929.0,934.0,0,0,28800.0,26860700.0,1.0,932.0,944.0,929.0,934.0,28800.0
2022-04-18,34570,930.0,937.0,920.0,928.0,0,0,29200.0,27130000.0,1.0,930.0,937.0,920.0,928.0,29200.0
2022-04-19,34570,929.0,932.0,924.0,929.0,0,0,25400.0,23571200.0,1.0,929.0,932.0,924.0,929.0,25400.0
2022-04-20,34570,928.0,932.0,910.0,911.0,0,0,41500.0,38131300.0,1.0,928.0,932.0,910.0,911.0,41500.0
2022-04-21,34570,919.0,929.0,912.0,929.0,0,0,40200.0,37145200.0,1.0,919.0,929.0,912.0,929.0,40200.0
2022-04-22,34570,916.0,916.0,904.0,911.0,0,0,44700.0,40671400.0,1.0,916.0,916.0,904.0,911.0,44700.0
2022-04-25,34570,896.0,900.0,893.0,893.0,0,0,35000.0,31361500.0,1.0,896.0,900.0,893.0,893.0,35000.0
2022-04-26,34570,903.0,905.0,894.0,897.0,0,0,18800.0,16909700.0,1.0,903.0,905.0,894.0,897.0,18800.0
2022-04-27,34570,889.0,895.0,880.0,895.0,0,0,66100.0,58585200.0,1.0,889.0,895.0,880.0,895.0,66100.0
2022-04-28,34570,892.0,904.0,888.0,904.0,0,0,30100.0,26996400.0,1.0,892.0,904.0,888.0,904.0,30100.0
2022-05-02,34570,903.0,920.0,902.0,916.0,0,0,32800.0,29941500.0,1.0,903.0,920.0,902.0,916.0,32800.0
2022-05-06,34570,925.0,938.0,921.0,933.0,0,0,36700.0,34170500.0,1.0,925.0,938.0,921.0,933.0,36700.0
2022-05-09,34570,934.0,934.0,908.0,908.0,0,0,48200.0,44141700.0,1.0,934.0,934.0,908.0,908.0,48200.0
2022-05-10,34570,906.0,909.0,888.0,909.0,0,0,45400.0,40797300.0,1.0,906.0,909.0,888.0,909.0,45400.0
2022-05-11,34570,899.0,908.0,889.0,893.0,0,0,42800.0,38277500.0,1.0,899.0,908.0,889.0,893.0,42800.0
2022-05-12,34570,890.0,890.0,877.0,883.0,0,0,59500.0,52584800.0,1.0,890.0,890.0,877.0,883.0,59500.0
2022-05-13,34570,879.0,898.0,879.0,891.0,0,0,60200.0,53501500.0,1.0,879.0,898.0,879.0,891.0,60200.0
2022-05-16,34570,905.0,905.0,868.0,873.0,0,0,98500.0,86726300.0,1.0,905.0,905.0,868.0,873.0,98500.0
2022-05-17,34570,874.0,874.0,858.0,859.0,0,0,84500.0,73147900.0,1.0,874.0,874.0,858.0,859.0,84500.0
2022-05-18,34570,865.0,865.0,846.0,853.0,0,0,79600.0,67823900.0,1.0,865.0,865.0,846.0,853.0,79600.0
2022-05-19,34570,838.0,847.0,831.0,844.0,0,0,83100.0,69812600.0,1.0,838.0,847.0,831.0,844.0,83100.0
2022-05-20,34570,845.0,866.0,836.0,866.0,0,0,91200.0,77559100.0,1.0,845.0,866.0,836.0,866.0,91200.0
2022-05-23,34570,868.0,884.0,863.0,881.0,0,0,57700.0,50504600.0,1.0,868.0,884.0,863.0,881.0,57700.0
2022-05-24,34570,882.0,885.0,865.0,868.0,0,0,88800.0,77674700.0,1.0,882.0,885.0,865.0,868.0,88800.0
2022-05-25,34570,866.0,867.0,854.0,863.0,0,0,50800.0,43774900.0,1.0,866.0,867.0,854.0,863.0,50800.0
2022-05-26,34570,868.0,873.0,863.0,863.0,0,0,43400.0,37717400.0,1.0,868.0,873.0,863.0,863.0,43400.0
2022-05-27,34570,876.0,876.0,860.0,863.0,0,0,59600.0,51489300.0,1.0,876.0,876.0,860.0,863.0,59600.0
2022-05-30,34570,878.0,904.0,877.0,904.0,0,0,143500.0,128425100.0,1.0,878.0,904.0,877.0,904.0,143500.0
2022-05-31,34570,903.0,904.0,894.0,895.0,0,0,45300.0,40739100.0,1.0,903.0,904.0,894.0,895.0,45300.0
2022-06-01,34570,891.0,906.0,891.0,901.0,0,0,69100.0,62203100.0,1.0,891.0,906.0,891.0,901.0,69100.0
2022-06-02,34570,904.0,906.0,892.0,893.0,0,0,46100.0,41413500.0,1.0,904.0,906.0,892.0,893.0,46100.0
2022-06-03,34570,895.0,901.0,892.0,901.0,0,0,44400.0,39803300.0,1.0,895.0,901.0,892.0,901.0,44400.0
2022-06-06,34570,916.0,926.0,904.0,925.0,0,0,104200.0,95812500.0,1.0,916.0,926.0,904.0,925.0,104200.0
2022-06-07,34570,926.0,929.0,920.0,922.0,0,0,61000.0,56344500.0,1.0,926.0,929.0,920.0,922.0,61000.0
2022-06-08,34570,927.0,928.0,916.0,918.0,0,0,84300.0,77753200.0,1.0,927.0,928.0,916.0,918.0,84300.0
2022-06-09,34570,918.0,922.0,912.0,912.0,0,0,54300.0,49713900.0,1.0,918.0,922.0,912.0,912.0,54300.0
2022-06-10,34570,905.0,906.0,895.0,904.0,0,0,113200.0,102251200.0,1.0,905.0,906.0,895.0,904.0,113200.0
2022-06-13,34570,890.0,899.0,879.0,891.0,0,0,64700.0,57622400.0,1.0,890.0,899.0,879.0,891.0,64700.0
2022-06-14,34570,888.0,888.0,876.0,888.0,0,0,61700.0,54550100.0,1.0,888.0,888.0,876.0,888.0,61700.0
2022-06-15,34570,886.0,892.0,876.0,876.0,0,0,84700.0,74855500.0,1.0,886.0,892.0,876.0,876.0,84700.0
2022-06-16,34570,891.0,893.0,877.0,880.0,0,0,53000.0,46845600.0,1.0,891.0,893.0,877.0,880.0,53000.0
2022-06-17,34570,865.0,873.0,859.0,864.0,0,0,106000.0,91693200.0,1.0,865.0,873.0,859.0,864.0,106000.0
2022-06-20,34570,871.0,877.0,850.0,851.0,0,0,71000.0,60938100.0,1.0,871.0,877.0,850.0,851.0,71000.0
2022-06-21,34570,865.0,881.0,863.0,877.0,0,0,51700.0,45184200.0,1.0,865.0,881.0,863.0,877.0,51700.0
2022-06-22,34570,882.0,888.0,868.0,870.0,0,0,50300.0,44057700.0,1.0,882.0,888.0,868.0,870.0,50300.0
2022-06-23,34570,868.0,879.0,868.0,876.0,0,0,50600.0,44212400.0,1.0,868.0,879.0,868.0,876.0,50600.0
2022-06-24,34570,877.0,885.0,873.0,877.0,0,0,76000.0,66867100.0,1.0,877.0,885.0,873.0,877.0,76000.0
2022-06-27,34570,887.0,887.0,871.0,876.0,0,0,95900.0,84231000.0,1.0,887.0,887.0,871.0,876.0,95900.0
2022-06-28,34570,870.0,892.0,870.0,890.0,0,0,481600.0,422993200.0,1.0,870.0,892.0,870.0,890.0,481600.0
2022-06-29,34570,832.0,860.0,832.0,855.0,0,0,260000.0,219518200.0,1.0,832.0,860.0,832.0,855.0,260000.0
2022-06-30,34570,851.0,851.0,820.0,821.0,0,0,187700.0,155492500.0,1.0,851.0,851.0,820.0,821.0,187700.0
2022-07-01,34570,819.0,820.0,794.0,799.0,0,0,184400.0,148594600.0,1.0,819.0,820.0,794.0,799.0,184400.0
2022-07-04,34570,809.0,815.0,793.0,801.0,0,0,98100.0,78957700.0,1.0,809.0,815.0,793.0,801.0,98100.0
2022-07-05,34570,801.0,818.0,801.0,818.0,0,0,62300.0,50438400.0,1.0,801.0,818.0,801.0,818.0,62300.0
2022-07-06,34570,810.0,817.0,800.0,801.0,0,0,60700.0,48900900.0,1.0,810.0,817.0,800.0,801.0,60700.0
2022-07-07,34570,802.0,809.0,797.0,807.0,0,0,51000.0,40948100.0,1.0,802.0,809.0,797.0,807.0,51000.0
2022-07-08,34570,805.0,832.0,805.0,820.0,0,0,98200.0,80733600.0,1.0,805.0,832.0,805.0,820.0,98200.0
2022-07-11,34570,826.0,841.0,826.0,827.0,0,0,58600.0,48821600.0,1.0,826.0,841.0,826.0,827.0,58600.0
2022-07-12,34570,819.0,819.0,805.0,811.0,0,0,40200.0,32577000.0,1.0,819.0,819.0,805.0,811.0,40200.0
2022-07-13,34570,803.0,813.0,803.0,811.0,0,0,35300.0,28503400.0,1.0,803.0,813.0,803.0,811.0,35300.0
2022-07-14,34570,809.0,820.0,809.0,819.0,0,0,33100.0,26966200.0,1.0,809.0,820.0,809.0,819.0,33100.0
2022-07-15,34570,821.0,821.0,811.0,815.0,0,0,27100.0,22124000.0,1.0,821.0,821.0,811.0,815.0,27100.0
2022-07-19,34570,821.0,828.0,815.0,826.0,0,0,39100.0,32189100.0,1.0,821.0,828.0,815.0,826.0,39100.0
2022-07-20,34570,835.0,836.0,830.0,833.0,0,0,26100.0,21747600.0,1.0,835.0,836.0,830.0,833.0,26100.0
2022-07-21,34570,830.0,836.0,827.0,835.0,0,0,34700.0,28914800.0,1.0,830.0,836.0,827.0,835.0,34700.0
2022-07-22,34570,831.0,839.0,828.0,834.0,0,0,34800.0,29038500.0,1.0,831.0,839.0,828.0,834.0,34800.0
2022-07-25,34570,830.0,833.0,823.0,830.0,0,0,19000.0,15726000.0,1.0,830.0,833.0,823.0,830.0,19000.0
2022-07-26,34570,826.0,835.0,825.0,835.0,0,0,16700.0,13864000.0,1.0,826.0,835.0,825.0,835.0,16700.0
2022-07-27,34570,835.0,840.0,833.0,838.0,0,0,25300.0,21172600.0,1.0,835.0,840.0,833.0,838.0,25300.0
2022-07-28,34570,838.0,845.0,836.0,845.0,0,0,33600.0,28295700.0,1.0,838.0,845.0,836.0,845.0,33600.0
2022-07-29,34570,846.0,848.0,838.0,841.0,0,0,28200.0,23771400.0,1.0,846.0,848.0,838.0,841.0,28200.0
2022-08-01,34570,840.0,843.0,833.0,841.0,0,0,22800.0,19151000.0,1.0,840.0,843.0,833.0,841.0,22800.0
2022-08-02,34570,837.0,837.0,826.0,826.0,0,0,28000.0,23214500.0,1.0,837.0,837.0,826.0,826.0,28000.0
2022-08-03,34570,828.0,839.0,824.0,837.0,0,0,37200.0,30919000.0,1.0,828.0,839.0,824.0,837.0,37200.0
2022-08-04,34570,835.0,852.0,833.0,843.0,0,0,74800.0,63177000.0,1.0,835.0,852.0,833.0,843.0,74800.0
2022-08-05,34570,842.0,850.0,842.0,849.0,0,0,23100.0,19571000.0,1.0,842.0,850.0,842.0,849.0,23100.0
2022-08-08,34570,847.0,852.0,842.0,852.0,0,0,15700.0,13310800.0,1.0,847.0,852.0,842.0,852.0,15700.0
2022-08-09,34570,854.0,862.0,850.0,858.0,0,0,66300.0,56856900.0,1.0,854.0,862.0,850.0,858.0,66300.0
2022-08-10,34570,856.0,862.0,841.0,846.0,0,0,21300.0,18077200.0,1.0,856.0,862.0,841.0,846.0,21300.0
2022-08-12,34570,860.0,866.0,856.0,866.0,0,0,43800.0,37812700.0,1.0,860.0,866.0,856.0,866.0,43800.0
2022-08-15,34570,866.0,909.0,866.0,905.0,0,0,256200.0,229460500.0,1.0,866.0,909.0,866.0,905.0,256200.0
2022-08-16,34570,875.0,875.0,840.0,862.0,0,0,366700.0,314545000.0,1.0,875.0,875.0,840.0,862.0,366700.0
2022-08-17,34570,865.0,880.0,856.0,860.0,0,0,87700.0,76048400.0,1.0,865.0,880.0,856.0,860.0,87700.0
2022-08-18,34570,863.0,896.0,863.0,886.0,0,0,110300.0,97744400.0,1.0,863.0,896.0,863.0,886.0,110300.0
2022-08-19,34570,891.0,893.0,877.0,885.0,0,0,51300.0,45464700.0,1.0,891.0,893.0,877.0,885.0,51300.0
2022-08-22,34570,878.0,888.0,878.0,881.0,0,0,21100.0,18612700.0,1.0,878.0,888.0,878.0,881.0,21100.0
2022-08-23,34570,869.0,869.0,858.0,858.0,0,0,26700.0,23019200.0,1.0,869.0,869.0,858.0,858.0,26700.0
2022-08-24,34570,859.0,869.0,859.0,866.0,0,0,14300.0,12366900.0,1.0,859.0,869.0,859.0,866.0,14300.0
2022-08-25,34570,869.0,885.0,868.0,880.0,0,0,39300.0,34476800.0,1.0,869.0,885.0,868.0,880.0,39300.0
2022-08-26,34570,882.0,891.0,879.0,881.0,0,0,44800.0,39688100.0,1.0,882.0,891.0,879.0,881.0,44800.0
2022-08-29,34570,870.0,873.0,860.0,865.0,0,0,34800.0,30190200.0,1.0,870.0,873.0,860.0,865.0,34800.0
2022-08-30,34570,865.0,873.0,864.0,873.0,0,0,17100.0,14874300.0,1.0,865.0,873.0,864.0,873.0,17100.0
2022-08-31,34570,873.0,879.0,866.0,877.0,0,0,25400.0,22220400.0,1.0,873.0,879.0,866.0,877.0,25400.0
2022-09-01,34570,871.0,873.0,866.0,869.0,0,0,36100.0,31397300.0,1.0,871.0,873.0,866.0,869.0,36100.0
2022-09-02,34570,869.0,869.0,850.0,859.0,0,0,48300.0,41390400.0,1.0,869.0,869.0,850.0,859.0,48300.0
2022-09-05,34570,851.0,856.0,843.0,856.0,0,0,26300.0,22347600.0,1.0,851.0,856.0,843.0,856.0,26300.0
2022-09-06,34570,856.0,860.0,846.0,849.0,0,0,36300.0,30893200.0,1.0,856.0,860.0,846.0,849.0,36300.0
2022-09-07,34570,849.0,855.0,839.0,851.0,0,0,33700.0,28531200.0,1.0,849.0,855.0,839.0,851.0,33700.0
2022-09-08,34570,857.0,869.0,856.0,869.0,0,0,35300.0,30557700.0,1.0,857.0,869.0,856.0,869.0,35300.0
2022-09-09,34570,870.0,873.0,851.0,866.0,0,0,49900.0,43299500.0,1.0,870.0,873.0,851.0,866.0,49900.0
2022-09-12,34570,864.0,872.0,864.0,866.0,0,0,13900.0,12063500.0,1.0,864.0,872.0,864.0,866.0,13900.0
2022-09-13,34570,868.0,877.0,866.0,873.0,0,0,21500.0,18760500.0,1.0,868.0,877.0,866.0,873.0,21500.0
2022-09-14,34570,858.0,866.0,853.0,857.0,0,0,24800.0,21292200.0,1.0,858.0,866.0,853.0,857.0,24800.0
2022-09-15,34570,858.0,863.0,855.0,860.0,0,0,10100.0,8684500.0,1.0,858.0,863.0,855.0,860.0,10100.0
2022-09-16,34570,868.0,881.0,868.0,880.0,0,0,56700.0,49602000.0,1.0,868.0,881.0,868.0,880.0,56700.0
2022-09-20,34570,887.0,891.0,881.0,885.0,0,0,35300.0,31241300.0,1.0,887.0,891.0,881.0,885.0,35300.0
2022-09-21,34570,888.0,888.0,865.0,865.0,0,0,32800.0,28555000.0,1.0,888.0,888.0,865.0,865.0,32800.0
2022-09-22,34570,856.0,870.0,855.0,868.0,0,0,17900.0,15447900.0,1.0,856.0,870.0,855.0,868.0,17900.0
2022-09-26,34570,860.0,863.0,855.0,858.0,0,0,34500.0,29634100.0,1.0,860.0,863.0,855.0,858.0,34500.0
2022-09-27,34570,858.0,865.0,858.0,858.0,0,0,18400.0,15827000.0,1.0,858.0,865.0,858.0,858.0,18400.0
2022-09-28,34570,855.0,858.0,839.0,855.0,0,0,50000.0,42395800.0,1.0,855.0,858.0,839.0,855.0,50000.0
2022-09-29,34570,868.0,880.0,868.0,878.0,0,0,42200.0,36888700.0,1.0,868.0,880.0,868.0,878.0,42200.0
2022-09-30,34570,871.0,871.0,853.0,860.0,0,0,27300.0,23454000.0,1.0,871.0,871.0,853.0,860.0,27300.0
2022-10-03,34570,855.0,855.0,830.0,845.0,0,0,38700.0,32551300.0,1.0,855.0,855.0,830.0,845.0,38700.0
2022-10-04,34570,860.0,878.0,860.0,874.0,0,0,26000.0,22660600.0,1.0,860.0,878.0,860.0,874.0,26000.0
2022-10-05,34570,881.0,881.0,860.0,861.0,0,0,30200.0,26171400.0,1.0,881.0,881.0,860.0,861.0,30200.0
2022-10-06,34570,861.0,879.0,856.0,874.0,0,0,34500.0,30099800.0,1.0,861.0,879.0,856.0,874.0,34500.0
2022-10-07,34570,867.0,876.0,862.0,874.0,0,0,24600.0,21416600.0,1.0,867.0,876.0,862.0,874.0,24600.0
2022-10-11,34570,873.0,878.0,853.0,858.0,0,0,34100.0,29484300.0,1.0,873.0,878.0,853.0,858.0,34100.0
2022-10-12,34570,858.0,863.0,853.0,855.0,0,0,16300.0,13989400.0,1.0,858.0,863.0,853.0,855.0,16300.0
2022-10-13,34570,870.0,870.0,845.0,846.0,0,0,22900.0,19474600.0,1.0,870.0,870.0,845.0,846.0,22900.0
2022-10-14,34570,856.0,872.0,851.0,867.0,0,0,21400.0,18537900.0,1.0,856.0,872.0,851.0,867.0,21400.0
2022-10-17,34570,876.0,878.0,866.0,877.0,0,0,43800.0,38249000.0,1.0,876.0,878.0,866.0,877.0,43800.0
2022-10-18,34570,884.0,884.0,873.0,876.0,0,0,30400.0,26715400.0,1.0,884.0,884.0,873.0,876.0,30400.0
2022-10-19,34570,872.0,877.0,868.0,871.0,0,0,21200.0,18501900.0,1.0,872.0,877.0,868.0,871.0,21200.0
2022-10-20,34570,862.0,869.0,862.0,867.0,0,0,12500.0,10827500.0,1.0,862.0,869.0,862.0,867.0,12500.0
2022-10-21,34570,863.0,864.0,859.0,859.0,0,0,7000.0,6025600.0,1.0,863.0,864.0,859.0,859.0,7000.0
2022-10-24,34570,859.0,859.0,845.0,851.0,0,0,55900.0,47559900.0,1.0,859.0,859.0,845.0,851.0,55900.0
2022-10-25,34570,854.0,867.0,852.0,857.0,0,0,22600.0,19442800.0,1.0,854.0,867.0,852.0,857.0,22600.0
2022-10-26,34570,857.0,872.0,856.0,872.0,0,0,23700.0,20560200.0,1.0,857.0,872.0,856.0,872.0,23700.0
2022-10-27,34570,870.0,870.0,857.0,858.0,0,0,13000.0,11189300.0,1.0,870.0,870.0,857.0,858.0,13000.0
2022-10-28,34570,855.0,880.0,855.0,880.0,0,0,98400.0,86179500.0,1.0,855.0,880.0,855.0,880.0,98400.0
2022-10-31,34570,880.0,886.0,875.0,878.0,0,0,29600.0,26116500.0,1.0,880.0,886.0,875.0,878.0,29600.0
2022-11-01,34570,878.0,880.0,864.0,877.0,0,0,23900.0,20823300.0,1.0,878.0,880.0,864.0,877.0,23900.0
2022-11-02,34570,875.0,879.0,857.0,857.0,0,0,79800.0,68844800.0,1.0,875.0,879.0,857.0,857.0,79800.0
2022-11-04,34570,848.0,854.0,847.0,847.0,0,0,35100.0,29834500.0,1.0,848.0,854.0,847.0,847.0,35100.0
2022-11-07,34570,859.0,859.0,848.0,859.0,0,0,19100.0,16325400.0,1.0,859.0,859.0,848.0,859.0,19100.0
2022-11-08,34570,856.0,863.0,854.0,859.0,0,0,16800.0,14416100.0,1.0,856.0,863.0,854.0,859.0,16800.0
2022-11-09,34570,862.0,870.0,855.0,866.0,0,0,22300.0,19232500.0,1.0,862.0,870.0,855.0,866.0,22300.0
2022-11-10,34570,869.0,869.0,852.0,859.0,0,0,37500.0,32242300.0,1.0,869.0,869.0,852.0,859.0,37500.0
2022-11-11,34570,865.0,868.0,837.0,840.0,0,0,115300.0,97580900.0,1.0,865.0,868.0,837.0,840.0,115300.0
2022-11-14,34570,830.0,840.0,815.0,823.0,0,0,122400.0,101094000.0,1.0,830.0,840.0,815.0,823.0,122400.0
2022-11-15,34570,823.0,827.0,820.0,821.0,0,0,24500.0,20142100.0,1.0,823.0,827.0,820.0,821.0,24500.0
2022-11-16,34570,823.0,835.0,820.0,831.0,0,0,45800.0,37907900.0,1.0,823.0,835.0,820.0,831.0,45800.0
2022-11-17,34570,831.0,848.0,831.0,841.0,0,0,18200.0,15300600.0,1.0,831.0,848.0,831.0,841.0,18200.0
2022-11-18,34570,841.0,849.0,840.0,840.0,0,0,20000.0,16858700.0,1.0,841.0,849.0,840.0,840.0,20000.0
2022-11-21,34570,846.0,857.0,843.0,852.0,0,0,26500.0,22532400.0,1.0,846.0,857.0,843.0,852.0,26500.0
2022-11-22,34570,855.0,860.0,855.0,857.0,0,0,23100.0,19812500.0,1.0,855.0,860.0,855.0,857.0,23100.0
2022-11-24,34570,858.0,870.0,857.0,870.0,0,0,30500.0,26376200.0,1.0,858.0,870.0,857.0,870.0,30500.0
2022-11-25,34570,877.0,877.0,869.0,874.0,0,0,22100.0,19295000.0,1.0,877.0,877.0,869.0,874.0,22100.0
2022-11-28,34570,874.0,874.0,861.0,863.0,0,0,137000.0,119378800.0,1.0,874.0,874.0,861.0,863.0,137000.0
2022-11-29,34570,858.0,860.0,853.0,856.0,0,0,120400.0,103282700.0,1.0,858.0,860.0,853.0,856.0,120400.0
2022-11-30,34570,850.0,855.0,843.0,853.0,0,0,28600.0,24303700.0,1.0,850.0,855.0,843.0,853.0,28600.0
2022-12-01,34570,858.0,858.0,846.0,852.0,0,0,28400.0,24150800.0,1.0,858.0,858.0,846.0,852.0,28400.0
2022-12-02,34570,846.0,858.0,840.0,857.0,0,0,53300.0,45218600.0,1.0,846.0,858.0,840.0,857.0,53300.0
2022-12-05,34570,857.0,857.0,837.0,842.0,0,0,37000.0,31249800.0,1.0,857.0,857.0,837.0,842.0,37000.0
2022-12-06,34570,836.0,840.0,832.0,839.0,0,0,43500.0,36328000.0,1.0,836.0,840.0,832.0,839.0,43500.0
2022-12-07,34570,833.0,849.0,832.0,842.0,0,0,22200.0,18721600.0,1.0,833.0,849.0,832.0,842.0,22200.0
2022-12-08,34570,842.0,842.0,833.0,837.0,0,0,17100.0,14301800.0,1.0,842.0,842.0,833.0,837.0,17100.0
2022-12-09,34570,835.0,841.0,834.0,835.0,0,0,99700.0,83351100.0,1.0,835.0,841.0,834.0,835.0,99700.0
2022-12-12,34570,831.0,842.0,831.0,841.0,0,0,12000.0,10049500.0,1.0,831.0,842.0,831.0,841.0,12000.0
2022-12-13,34570,843.0,846.0,840.0,841.0,0,0,22000.0,18549100.0,1.0,843.0,846.0,840.0,841.0,22000.0
2022-12-14,34570,837.0,842.0,837.0,842.0,0,0,10800.0,9069600.0,1.0,837.0,842.0,837.0,842.0,10800.0
2022-12-15,34570,839.0,845.0,839.0,845.0,0,0,7700.0,6495500.0,1.0,839.0,845.0,839.0,845.0,7700.0
2022-12-16,34570,842.0,843.0,837.0,837.0,0,0,69700.0,58643000.0,1.0,842.0,843.0,837.0,837.0,69700.0
2022-12-19,34570,835.0,857.0,835.0,853.0,0,0,48900.0,41491800.0,1.0,835.0,857.0,835.0,853.0,48900.0
2022-12-20,34570,846.0,849.0,818.0,825.0,0,0,69700.0,57602400.0,1.0,846.0,849.0,818.0,825.0,69700.0
2022-12-21,34570,820.0,820.0,789.0,794.0,0,0,162300.0,130403100.0,1.0,820.0,820.0,789.0,794.0,162300.0
2022-12-22,34570,801.0,804.0,798.0,798.0,0,0,38700.0,30967100.0,1.0,801.0,804.0,798.0,798.0,38700.0
2022-12-23,34570,800.0,800.0,788.0,791.0,0,0,48400.0,38331400.0,1.0,800.0,800.0,788.0,791.0,48400.0
2022-12-26,34570,787.0,790.0,773.0,773.0,0,0,105100.0,81895700.0,1.0,787.0,790.0,773.0,773.0,105100.0
2022-12-27,34570,777.0,778.0,760.0,768.0,0,0,95900.0,73737100.0,1.0,777.0,778.0,760.0,768.0,95900.0
2022-12-28,34570,768.0,775.0,761.0,774.0,0,0,132700.0,101948500.0,1.0,768.0,775.0,761.0,774.0,132700.0
2022-12-29,34570,774.0,781.0,770.0,776.0,0,0,52700.0,40933400.0,1.0,774.0,781.0,770.0,776.0,52700.0
2022-12-30,34570,776.0,791.0,776.0,782.0,0,0,51200.0,40151000.0,1.0,776.0,791.0,776.0,782.0,51200.0
2023-01-04,34570,783.0,787.0,776.0,776.0,0,0,56300.0,43890100.0,1.0,783.0,787.0,776.0,776.0,56300.0
2023-01-05,34570,775.0,775.0,769.0,769.0,0,0,27700.0,21350400.0,1.0,775.0,775.0,769.0,769.0,27700.0
2023-01-06,34570,773.0,773.0,765.0,770.0,0,0,93900.0,72456800.0,1.0,773.0,773.0,765.0,770.0,93900.0
2023-01-10,34570,771.0,783.0,770.0,780.0,0,0,30100.0,23434700.0,1.0,771.0,783.0,770.0,780.0,30100.0
2023-01-11,34570,785.0,800.0,782.0,800.0,0,0,24300.0,19328100.0,1.0,785.0,800.0,782.0,800.0,24300.0
2023-01-12,34570,801.0,804.0,795.0,798.0,0,0,40600.0,32450000.0,1.0,801.0,804.0,795.0,798.0,40600.0
2023-01-13,34570,796.0,806.0,796.0,806.0,0,0,28000.0,22488500.0,1.0,796.0,806.0,796.0,806.0,28000.0
2023-01-16,34570,806.0,810.0,795.0,800.0,0,0,39900.0,32012100.0,1.0,806.0,810.0,795.0,800.0,39900.0
2023-01-17,34570,802.0,807.0,799.0,802.0,0,0,32100.0,25731500.0,1.0,802.0,807.0,799.0,802.0,32100.0
2023-01-18,34570,799.0,812.0,799.0,808.0,0,0,30500.0,24591700.0,1.0,799.0,812.0,799.0,808.0,30500.0
2023-01-19,34570,811.0,815.0,805.0,805.0,0,0,15200.0,12289400.0,1.0,811.0,815.0,805.0,805.0,15200.0
2023-01-20,34570,805.0,812.0,805.0,808.0,0,0,17000.0,13756700.0,1.0,805.0,812.0,805.0,808.0,17000.0
2023-01-23,34570,815.0,820.0,811.0,820.0,0,0,45500.0,37137700.0,1.0,815.0,820.0,811.0,820.0,45500.0
2023-01-24,34570,822.0,829.0,820.0,828.0,0,0,23700.0,19587600.0,1.0,822.0,829.0,820.0,828.0,23700.0
2023-01-25,34570,825.0,834.0,823.0,829.0,0,0,30400.0,25228900.0,1.0,825.0,834.0,823.0,829.0,30400.0
2023-01-26,34570,830.0,830.0,823.0,830.0,0,0,19400.0,16060600.0,1.0,830.0,830.0,823.0,830.0,19400.0
2023-01-27,34570,834.0,835.0,829.0,830.0,0,0,25900.0,21554000.0,1.0,834.0,835.0,829.0,830.0,25900.0
2023-01-30,34570,835.0,840.0,831.0,836.0,0,0,20000.0,16733100.0,1.0,835.0,840.0,831.0,836.0,20000.0
2023-01-31,34570,834.0,839.0,831.0,835.0,0,0,19500.0,16303700.0,1.0,834.0,839.0,831.0,835.0,19500.0
2023-02-01,34570,839.0,847.0,836.0,839.0,0,0,40300.0,33986200.0,1.0,839.0,847.0,836.0,839.0,40300.0
2023-02-02,34570,846.0,851.0,838.0,848.0,0,0,35700.0,30218800.0,1.0,846.0,851.0,838.0,848.0,35700.0
2023-02-03,34570,850.0,850.0,834.0,835.0,0,0,13500.0,11320500.0,1.0,850.0,850.0,834.0,835.0,13500.0
2023-02-06,34570,840.0,844.0,836.0,837.0,0,0,19300.0,16191000.0,1.0,840.0,844.0,836.0,837.0,19300.0
2023-02-07,34570,840.0,846.0,838.0,845.0,0,0,12200.0,10291600.0,1.0,840.0,846.0,838.0,845.0,12200.0
2023-02-08,34570,850.0,851.0,842.0,851.0,0,0,12100.0,10275500.0,1.0,850.0,851.0,842.0,851.0,12100.0
2023-02-09,34570,843.0,844.0,836.0,836.0,0,0,16800.0,14100300.0,1.0,843.0,844.0,836.0,836.0,16800.0
2023-02-10,34570,861.0,882.0,861.0,871.0,0,0,101900.0,88775600.0,1.0,861.0,882.0,861.0,871.0,101900.0
2023-02-13,34570,871.0,871.0,849.0,849.0,0,0,51800.0,44322800.0,1.0,871.0,871.0,849.0,849.0,51800.0
2023-02-14,34570,858.0,866.0,844.0,862.0,0,0,57100.0,48826000.0,1.0,858.0,866.0,844.0,862.0,57100.0
2023-02-15,34570,861.0,867.0,853.0,867.0,0,0,29200.0,25164600.0,1.0,861.0,867.0,853.0,867.0,29200.0
2023-02-16,34570,876.0,885.0,871.0,882.0,0,0,50700.0,44616800.0,1.0,876.0,885.0,871.0,882.0,50700.0
2023-02-17,34570,881.0,884.0,872.0,880.0,0,0,16900.0,14861200.0,1.0,881.0,884.0,872.0,880.0,16900.0
2023-02-20,34570,888.0,891.0,880.0,889.0,0,0,44700.0,39693000.0,1.0,888.0,891.0,880.0,889.0,44700.0
2023-02-21,34570,893.0,903.0,885.0,896.0,0,0,140400.0,125527300.0,1.0,893.0,903.0,885.0,896.0,140400.0
2023-02-22,34570,894.0,894.0,878.0,882.0,0,0,67400.0,59460200.0,1.0,894.0,894.0,878.0,882.0,67400.0
2023-02-24,34570,880.0,887.0,873.0,878.0,0,0,47000.0,41289900.0,1.0,880.0,887.0,873.0,878.0,47000.0
2023-02-27,34570,879.0,893.0,879.0,888.0,0,0,54300.0,48002000.0,1.0,879.0,893.0,879.0,888.0,54300.0
2023-02-28,34570,888.0,897.0,886.0,886.0,0,0,27000.0,24063200.0,1.0,888.0,897.0,886.0,886.0,27000.0
2023-03-01,34570,885.0,887.0,872.0,876.0,0,0,30300.0,26578100.0,1.0,885.0,887.0,872.0,876.0,30300.0
2023-03-02,34570,880.0,880.0,873.0,876.0,0,0,18800.0,16461800.0,1.0,880.0,880.0,873.0,876.0,18800.0
2023-03-03,34570,881.0,887.0,878.0,882.0,0,0,24200.0,21350600.0,1.0,881.0,887.0,878.0,882.0,24200.0
2023-03-06,34570,885.0,885.0,875.0,881.0,0,0,34400.0,30232500.0,1.0,885.0,885.0,875.0,881.0,34400.0
2023-03-07,34570,881.0,890.0,874.0,885.0,0,0,25100.0,22160100.0,1.0,881.0,890.0,874.0,885.0,25100.0
2023-03-08,34570,882.0,899.0,880.0,895.0,0,0,42800.0,38161700.0,1.0,882.0,899.0,880.0,895.0,42800.0
2023-03-09,34570,900.0,910.0,900.0,904.0,0,0,54600.0,49385800.0,1.0,900.0,910.0,900.0,904.0,54600.0
2023-03-10,34570,901.0,905.0,894.0,901.0,0,0,70300.0,63250600.0,1.0,901.0,905.0,894.0,901.0,70300.0
2023-03-13,34570,883.0,889.0,869.0,882.0,0,0,44400.0,38986700.0,1.0,883.0,889.0,869.0,882.0,44400.0
2023-03-14,34570,872.0,872.0,846.0,854.0,0,0,58900.0,50338400.0,1.0,872.0,872.0,846.0,854.0,58900.0
2023-03-15,34570,864.0,872.0,861.0,867.0,0,0,23000.0,19937700.0,1.0,864.0,872.0,861.0,867.0,23000.0
2023-03-16,34570,854.0,862.0,850.0,858.0,0,0,48200.0,41165200.0,1.0,854.0,862.0,850.0,858.0,48200.0
2023-03-17,34570,858.0,868.0,858.0,865.0,0,0,11400.0,9845400.0,1.0,858.0,868.0,858.0,865.0,11400.0
2023-03-20,34570,868.0,868.0,848.0,848.0,0,0,39000.0,33426600.0,1.0,868.0,868.0,848.0,848.0,39000.0
2023-03-22,34570,859.0,862.0,853.0,862.0,0,0,24300.0,20870100.0,1.0,859.0,862.0,853.0,862.0,24300.0
2023-03-23,34570,851.0,864.0,848.0,858.0,0,0,17700.0,15175200.0,1.0,851.0,864.0,848.0,858.0,17700.0
2023-03-24,34570,863.0,874.0,857.0,874.0,0,0,21300.0,18476800.0,1.0,863.0,874.0,857.0,874.0,21300.0
2023-03-27,34570,876.0,893.0,875.0,891.0,0,0,36500.0,32358900.0,1.0,876.0,893.0,875.0,891.0,36500.0
2023-03-28,34570,895.0,895.0,863.0,872.0,0,0,45100.0,39568600.0,1.0,895.0,895.0,863.0,872.0,45100.0
2023-03-29,34570,865.0,891.0,865.0,886.0,0,0,44500.0,39135300.0,1.0,865.0,891.0,865.0,886.0,44500.0
2023-03-30,34570,893.0,899.0,886.0,899.0,0,0,52600.0,47106800.0,1.0,893.0,899.0,886.0,899.0,52600.0
2023-03-31,34570,907.0,916.0,903.0,915.0,0,0,71500.0,65170500.0,1.0,907.0,916.0,903.0,915.0,71500.0
2023-04-03,34570,925.0,945.0,925.0,933.0,0,0,88900.0,83150900.0,1.0,925.0,945.0,925.0,933.0,88900.0
2023-04-04,34570,936.0,954.0,930.0,939.0,0,0,88300.0,83066500.0,1.0,936.0,954.0,930.0,939.0,88300.0
2023-04-05,34570,932.0,934.0,909.0,912.0,0,0,51900.0,47761900.0,1.0,932.0,934.0,909.0,912.0,51900.0
2023-04-06,34570,909.0,917.0,903.0,905.0,0,0,47700.0,43362900.0,1.0,909.0,917.0,903.0,905.0,47700.0
2023-04-07,34570,910.0,920.0,908.0,920.0,0,0,22700.0,20746500.0,1.0,910.0,920.0,908.0,920.0,22700.0
2023-04-10,34570,927.0,931.0,918.0,928.0,0,0,52700.0,48706100.0,1.0,927.0,931.0,918.0,928.0,52700.0
2023-04-11,34570,930.0,932.0,920.0,931.0,0,0,46300.0,42958500.0,1.0,930.0,932.0,920.0,931.0,46300.0
2023-04-12,34570,935.0,950.0,931.0,944.0,0,0,62800.0,59118000.0,1.0,935.0,950.0,931.0,944.0,62800.0
2023-04-13,34570,945.0,946.0,936.0,944.0,0,0,56900.0,53573100.0,1.0,945.0,946.0,936.0,944.0,56900.0
2023-04-14,34570,947.0,948.0,938.0,944.0,0,0,31200.0,29446200.0,1.0,947.0,948.0,938.0,944.0,31200.0
2023-04-17,34570,950.0,952.0,937.0,952.0,0,0,63800.0,60345700.0,1.0,950.0,952.0,937.0,952.0,63800.0
2023-04-18,34570,952.0,954.0,940.0,943.0,0,0,33100.0,31300700.0,1.0,952.0,954.0,940.0,943.0,33100.0
2023-04-19,34570,943.0,943.0,935.0,940.0,0,0,36800.0,34555500.0,1.0,943.0,943.0,935.0,940.0,36800.0
2023-04-20,34570,943.0,943.0,931.0,936.0,0,0,37800.0,35458500.0,1.0,943.0,943.0,931.0,936.0,37800.0
2023-04-21,34570,936.0,937.0,921.0,931.0,0,0,37300.0,34709500.0,1.0,936.0,937.0,921.0,931.0,37300.0
2023-04-24,34570,935.0,939.0,931.0,935.0,0,0,21300.0,19918100.0,1.0,935.0,939.0,931.0,935.0,21300.0
2023-04-25,34570,939.0,943.0,929.0,932.0,0,0,30000.0,28033400.0,1.0,939.0,943.0,929.0,932.0,30000.0
2023-04-26,34570,925.0,938.0,921.0,938.0,0,0,40000.0,37243900.0,1.0,925.0,938.0,921.0,938.0,40000.0
2023-04-27,34570,936.0,939.0,932.0,938.0,0,0,30300.0,28390100.0,1.0,936.0,939.0,932.0,938.0,30300.0
2023-04-28,34570,953.0,973.0,950.0,956.0,0,0,128600.0,123332300.0,1.0,953.0,973.0,950.0,956.0,128600.0
2023-05-01,34570,964.0,966.0,948.0,957.0,0,0,71500.0,68323000.0,1.0,964.0,966.0,948.0,957.0,71500.0
2023-05-02,34570,957.0,961.0,951.0,955.0,0,0,65500.0,62567900.0,1.0,957.0,961.0,951.0,955.0,65500.0
2023-05-08,34570,955.0,980.0,952.0,976.0,0,0,73600.0,71114600.0,1.0,955.0,980.0,952.0,976.0,73600.0
2023-05-09,34570,1040.0,1048.0,1030.0,1048.0,0,0,303100.0,315291200.0,1.0,1040.0,1048.0,1030.0,1048.0,303100.0
2023-05-10,34570,1050.0,1061.0,1041.0,1051.0,0,0,151800.0,159697000.0,1.0,1050.0,1061.0,1041.0,1051.0,151800.0
2023-05-11,34570,1051.0,1054.0,1029.0,1035.0,0,0,147400.0,152820300.0,1.0,1051.0,1054.0,1029.0,1035.0,147400.0
2023-05-12,34570,1040.0,1053.0,1039.0,1047.0,0,0,84300.0,88218300.0,1.0,1040.0,1053.0,1039.0,1047.0,84300.0
2023-05-15,34570,1072.0,1080.0,1052.0,1065.0,0,0,137700.0,146483200.0,1.0,1072.0,1080.0,1052.0,1065.0,137700.0
2023-05-16,34570,1077.0,1090.0,1053.0,1090.0,0,0,136700.0,147024200.0,1.0,1077.0,1090.0,1053.0,1090.0,136700.0
2023-05-17,34570,1098.0,1137.0,1089.0,1135.0,0,0,196000.0,219034200.0,1.0,1098.0,1137.0,1089.0,1135.0,196000.0
2023-05-18,34570,1150.0,1150.0,1107.0,1122.0,0,0,175900.0,198193600.0,1.0,1150.0,1150.0,1107.0,1122.0,175900.0
2023-05-19,34570,1130.0,1146.0,1118.0,1120.0,0,0,100900.0,114064700.0,1.0,1130.0,1146.0,1118.0,1120.0,100900.0
2023-05-22,34570,1139.0,1192.0,1138.0,1185.0,0,0,194700.0,227520000.0,1.0,1139.0,1192.0,1138.0,1185.0,194700.0
2023-05-23,34570,1185.0,1192.0,1145.0,1157.0,0,0,204800.0,240424200.0,1.0,1185.0,1192.0,1145.0,1157.0,204800.0
2023-05-24,34570,1155.0,1180.0,1149.0,1164.0,0,0,132400.0,153894200.0,1.0,1155.0,1180.0,1149.0,1164.0,132400.0
2023-05-25,34570,1150.0,1154.0,1126.0,1150.0,0,0,113200.0,129666100.0,1.0,1150.0,1154.0,1126.0,1150.0,113200.0
2023-05-26,34570,1150.0,1162.0,1138.0,1143.0,0,0,92800.0,106741000.0,1.0,1150.0,1162.0,1138.0,1143.0,92800.0
2023-05-29,34570,1160.0,1163.0,1143.0,1151.0,0,0,67200.0,77647400.0,1.0,1160.0,1163.0,1143.0,1151.0,67200.0
2023-05-30,34570,1155.0,1176.0,1155.0,1174.0,0,0,108500.0,126781700.0,1.0,1155.0,1176.0,1155.0,1174.0,108500.0
2023-05-31,34570,1161.0,1162.0,1135.0,1137.0,0,0,157500.0,180239700.0,1.0,1161.0,1162.0,1135.0,1137.0,157500.0
2023-06-01,34570,1134.0,1147.0,1128.0,1128.0,0,0,100400.0,114094900.0,1.0,1134.0,1147.0,1128.0,1128.0,100400.0
2023-06-02,34570,1130.0,1139.0,1121.0,1136.0,0,0,100300.0,113413100.0,1.0,1130.0,1139.0,1121.0,1136.0,100300.0
2023-06-05,34570,1158.0,1168.0,1152.0,1159.0,0,0,137900.0,160025700.0,1.0,1158.0,1168.0,1152.0,1159.0,137900.0
2023-06-06,34570,1150.0,1175.0,1145.0,1173.0,0,0,119100.0,138445600.0,1.0,1150.0,1175.0,1145.0,1173.0,119100.0
2023-06-07,34570,1178.0,1185.0,1146.0,1153.0,0,0,187900.0,218918700.0,1.0,1178.0,1185.0,1146.0,1153.0,187900.0
2023-06-08,34570,1156.0,1166.0,1141.0,1146.0,0,0,119300.0,137436000.0,1.0,1156.0,1166.0,1141.0,1146.0,119300.0
2023-06-09,34570,1156.0,1158.0,1133.0,1136.0,0,0,259500.0,297713100.0,1.0,1156.0,1158.0,1133.0,1136.0,259500.0
2023-06-12,34570,1147.0,1173.0,1147.0,1172.0,0,0,177700.0,205959200.0,1.0,1147.0,1173.0,1147.0,1172.0,177700.0
2023-06-13,34570,1172.0,1179.0,1158.0,1162.0,0,0,167900.0,196072100.0,1.0,1172.0,1179.0,1158.0,1162.0,167900.0
2023-06-14,34570,1165.0,1166.0,1136.0,1136.0,0,0,240700.0,276716800.0,1.0,1165.0,1166.0,1136.0,1136.0,240700.0
2023-06-15,34570,1142.0,1166.0,1142.0,1155.0,0,0,97900.0,113152300.0,1.0,1142.0,1166.0,1142.0,1155.0,97900.0
2023-06-16,34570,1160.0,1191.0,1157.0,1189.0,0,0,223200.0,262522700.0,1.0,1160.0,1191.0,1157.0,1189.0,223200.0
2023-06-19,34570,1198.0,1204.0,1185.0,1199.0,0,0,118100.0,141220800.0,1.0,1198.0,1204.0,1185.0,1199.0,118100.0
2023-06-20,34570,1218.0,1285.0,1213.0,1285.0,0,0,367600.0,460694300.0,1.0,1218.0,1285.0,1213.0,1285.0,367600.0
2023-06-21,34570,1268.0,1271.0,1237.0,1257.0,0,0,225100.0,282213400.0,1.0,1268.0,1271.0,1237.0,1257.0,225100.0
2023-06-22,34570,1258.0,1278.0,1251.0,1271.0,0,0,119400.0,151172000.0,1.0,1258.0,1278.0,1251.0,1271.0,119400.0
2023-06-23,34570,1283.0,1292.0,1243.0,1272.0,0,0,221200.0,279529100.0,1.0,1283.0,1292.0,1243.0,1272.0,221200.0
2023-06-26,34570,1265.0,1265.0,1221.0,1253.0,0,0,227400.0,284443300.0,1.0,1265.0,1265.0,1221.0,1253.0,227400.0
2023-06-27,34570,1264.0,1264.0,1238.0,1253.0,0,0,175000.0,219194600.0,1.0,1264.0,1264.0,1238.0,1253.0,175000.0
2023-06-28,34570,1269.0,1292.0,1268.0,1278.0,0,0,403700.0,517553500.0,1.0,1269.0,1292.0,1268.0,1278.0,403700.0
2023-06-29,34570,1228.0,1228.0,1192.0,1205.0,0,0,411400.0,499496300.0,1.0,1228.0,1228.0,1192.0,1205.0,411400.0
2023-06-30,34570,1175.0,1191.0,1142.0,1177.0,0,0,231000.0,268973500.0,1.0,1175.0,1191.0,1142.0,1177.0,231000.0
2023-07-03,34570,1170.0,1180.0,1128.0,1132.0,0,0,267600.0,306663100.0,1.0,1170.0,1180.0,1128.0,1132.0,267600.0
2023-07-04,34570,1102.0,1119.0,1079.0,1080.0,0,0,289800.0,315916000.0,1.0,1102.0,1119.0,1079.0,1080.0,289800.0
2023-07-05,34570,1072.0,1100.0,1069.0,1099.0,0,0,150400.0,163539800.0,1.0,1072.0,1100.0,1069.0,1099.0,150400.0
2023-07-06,34570,1091.0,1119.0,1091.0,1113.0,0,0,115900.0,128167000.0,1.0,1091.0,1119.0,1091.0,1113.0,115900.0
2023-07-07,34570,1094.0,1102.0,1083.0,1083.0,0,0,71800.0,78383600.0,1.0,1094.0,1102.0,1083.0,1083.0,71800.0
2023-07-10,34570,1083.0,1100.0,1076.0,1093.0,0,0,82600.0,89850000.0,1.0,1083.0,1100.0,1076.0,1093.0,82600.0
2023-07-11,34570,1099.0,1103.0,1084.0,1085.0,0,0,75500.0,82234400.0,1.0,1099.0,1103.0,1084.0,1085.0,75500.0
2023-07-12,34570,1083.0,1084.0,1053.0,1053.0,0,0,143000.0,151895400.0,1.0,1083.0,1084.0,1053.0,1053.0,143000.0
2023-07-13,34570,1052.0,1078.0,1041.0,1071.0,0,0,91900.0,97544200.0,1.0,1052.0,1078.0,1041.0,1071.0,91900.0
2023-07-14,34570,1080.0,1080.0,1056.0,1079.0,0,0,55800.0,59682700.0,1.0,1080.0,1080.0,1056.0,1079.0,55800.0
2023-07-18,34570,1079.0,1082.0,1067.0,1074.0,0,0,57700.0,61985500.0,1.0,1079.0,1082.0,1067.0,1074.0,57700.0
2023-07-19,34570,1079.0,1084.0,1072.0,1082.0,0,0,30800.0,33213200.0,1.0,1079.0,1084.0,1072.0,1082.0,30800.0
2023-07-20,34570,1082.0,1082.0,1068.0,1069.0,0,0,32900.0,35297300.0,1.0,1082.0,1082.0,1068.0,1069.0,32900.0
2023-07-21,34570,1066.0,1083.0,1061.0,1079.0,0,0,78400.0,84079600.0,1.0,1066.0,1083.0,1061.0,1079.0,78400.0
2023-07-24,34570,1084.0,1099.0,1081.0,1082.0,0,0,75300.0,81935400.0,1.0,1084.0,1099.0,1081.0,1082.0,75300.0
2023-07-25,34570,1081.0,1082.0,1068.0,1070.0,0,0,48700.0,52258500.0,1.0,1081.0,1082.0,1068.0,1070.0,48700.0
2023-07-26,34570,1069.0,1093.0,1062.0,1088.0,0,0,50700.0,54863300.0,1.0,1069.0,1093.0,1062.0,1088.0,50700.0
2023-07-27,34570,1088.0,1096.0,1082.0,1094.0,0,0,30100.0,32868000.0,1.0,1088.0,1096.0,1082.0,1094.0,30100.0
2023-07-28,34570,1090.0,1103.0,1077.0,1090.0,0,0,81500.0,88783900.0,1.0,1090.0,1103.0,1077.0,1090.0,81500.0
2023-07-31,34570,1103.0,1116.0,1099.0,1102.0,0,0,44600.0,49280400.0,1.0,1103.0,1116.0,1099.0,1102.0,44600.0
2023-08-01,34570,1110.0,1113.0,1099.0,1100.0,0,0,32100.0,35432800.0,1.0,1110.0,1113.0,1099.0,1100.0,32100.0
2023-08-02,34570,1100.0,1103.0,1082.0,1082.0,0,0,42700.0,46491800.0,1.0,1100.0,1103.0,1082.0,1082.0,42700.0
2023-08-03,34570,1074.0,1074.0,1054.0,1056.0,0,0,73900.0,78612700.0,1.0,1074.0,1074.0,1054.0,1056.0,73900.0
2023-08-04,34570,1050.0,1062.0,1049.0,1055.0,0,0,39800.0,42009700.0,1.0,1050.0,1062.0,1049.0,1055.0,39800.0
2023-08-07,34570,1049.0,1057.0,1041.0,1055.0,0,0,76000.0,79915200.0,1.0,1049.0,1057.0,1041.0,1055.0,76000.0
2023-08-08,34570,1056.0,1057.0,1038.0,1038.0,0,0,94400.0,98918900.0,1.0,1056.0,1057.0,1038.0,1038.0,94400.0
2023-08-09,34570,1039.0,1050.0,1028.0,1043.0,0,0,41600.0,43319600.0,1.0,1039.0,1050.0,1028.0,1043.0,41600.0
2023-08-10,34570,1046.0,1051.0,1034.0,1050.0,0,0,73100.0,76409300.0,1.0,1046.0,1051.0,1034.0,1050.0,73100.0
2023-08-14,34570,1053.0,1053.0,1028.0,1032.0,0,0,153600.0,159350200.0,1.0,1053.0,1053.0,1028.0,1032.0,153600.0
2023-08-15,34570,1016.0,1053.0,1010.0,1022.0,0,0,164200.0,169387800.0,1.0,1016.0,1053.0,1010.0,1022.0,164200.0
2023-08-16,34570,1022.0,1025.0,995.0,996.0,0,0,114100.0,114855700.0,1.0,1022.0,1025.0,995.0,996.0,114100.0
2023-08-17,34570,996.0,1002.0,983.0,992.0,0,0,122100.0,121120400.0,1.0,996.0,1002.0,983.0,992.0,122100.0
2023-08-18,34570,992.0,1018.0,984.0,1012.0,0,0,81500.0,81628900.0,1.0,992.0,1018.0,984.0,1012.0,81500.0
2023-08-21,34570,1012.0,1027.0,1006.0,1026.0,0,0,51200.0,52314900.0,1.0,1012.0,1027.0,1006.0,1026.0,51200.0
2023-08-22,34570,1030.0,1030.0,1002.0,1005.0,0,0,87800.0,88423300.0,1.0,1030.0,1030.0,1002.0,1005.0,87800.0
2023-08-23,34570,1002.0,1010.0,997.0,1001.0,0,0,77900.0,78004400.0,1.0,1002.0,1010.0,997.0,1001.0,77900.0
2023-08-24,34570,1003.0,1024.0,1003.0,1017.0,0,0,52700.0,53521500.0,1.0,1003.0,1024.0,1003.0,1017.0,52700.0
2023-08-25,34570,1007.0,1022.0,1003.0,1016.0,0,0,31700.0,32145400.0,1.0,1007.0,1022.0,1003.0,1016.0,31700.0
2023-08-28,34570,1023.0,1031.0,1018.0,1020.0,0,0,34600.0,35450400.0,1.0,1023.0,1031.0,1018.0,1020.0,34600.0
2023-08-29,34570,1030.0,1043.0,1027.0,1040.0,0,0,42000.0,43519500.0,1.0,1030.0,1043.0,1027.0,1040.0,42000.0
2023-08-30,34570,1042.0,1043.0,1027.0,1032.0,0,0,63500.0,65675800.0,1.0,1042.0,1043.0,1027.0,1032.0,63500.0
2023-08-31,34570,1031.0,1043.0,1031.0,1035.0,0,0,38600.0,40005800.0,1.0,1031.0,1043.0,1031.0,1035.0,38600.0
2023-09-01,34570,1032.0,1047.0,1029.0,1044.0,0,0,49700.0,51636800.0,1.0,1032.0,1047.0,1029.0,1044.0,49700.0
2023-09-04,34570,1045.0,1053.0,1043.0,1049.0,0,0,45500.0,47663100.0,1.0,1045.0,1053.0,1043.0,1049.0,45500.0
2023-09-05,34570,1043.0,1049.0,1038.0,1044.0,0,0,36900.0,38422600.0,1.0,1043.0,1049.0,1038.0,1044.0,36900.0
2023-09-06,34570,1043.0,1043.0,1027.0,1029.0,0,0,55600.0,57363000.0,1.0,1043.0,1043.0,1027.0,1029.0,55600.0
2023-09-07,34570,1026.0,1035.0,1025.0,1026.0,0,0,37000.0,38062000.0,1.0,1026.0,1035.0,1025.0,1026.0,37000.0
2023-09-08,34570,1016.0,1020.0,1010.0,1011.0,0,0,69600.0,70602300.0,1.0,1016.0,1020.0,1010.0,1011.0,69600.0
2023-09-11,34570,1013.0,1023.0,1003.0,1009.0,0,0,50500.0,51045900.0,1.0,1013.0,1023.0,1003.0,1009.0,50500.0
2023-09-12,34570,1009.0,1015.0,1003.0,1007.0,0,0,62400.0,62896300.0,1.0,1009.0,1015.0,1003.0,1007.0,62400.0
2023-09-13,34570,1005.0,1028.0,1005.0,1023.0,0,0,51500.0,52402600.0,1.0,1005.0,1028.0,1005.0,1023.0,51500.0
2023-09-14,34570,1023.0,1030.0,1019.0,1028.0,0,0,49800.0,51048800.0,1.0,1023.0,1030.0,1019.0,1028.0,49800.0
2023-09-15,34570,1035.0,1045.0,1033.0,1045.0,0,0,70000.0,72796600.0,1.0,1035.0,1045.0,1033.0,1045.0,70000.0
2023-09-19,34570,1036.0,1043.0,1023.0,1032.0,0,0,77400.0,79728900.0,1.0,1036.0,1043.0,1023.0,1032.0,77400.0
2023-09-20,34570,1029.0,1033.0,1019.0,1019.0,0,0,77700.0,79426900.0,1.0,1029.0,1033.0,1019.0,1019.0,77700.0
2023-09-21,34570,1017.0,1024.0,1012.0,1018.0,0,0,61600.0,62662800.0,1.0,1017.0,1024.0,1012.0,1018.0,61600.0
2023-09-22,34570,1016.0,1046.0,1011.0,1040.0,0,0,96500.0,99676100.0,1.0,1016.0,1046.0,1011.0,1040.0,96500.0
2023-09-25,34570,1040.0,1053.0,1037.0,1053.0,0,0,57600.0,60386900.0,1.0,1040.0,1053.0,1037.0,1053.0,57600.0
2023-09-26,34570,1052.0,1052.0,1019.0,1024.0,0,0,74200.0,76254000.0,1.0,1052.0,1052.0,1019.0,1024.0,74200.0
2023-09-27,34570,1020.0,1032.0,1017.0,1032.0,0,0,65200.0,66830900.0,1.0,1020.0,1032.0,1017.0,1032.0,65200.0
2023-09-28,34570,1026.0,1026.0,1014.0,1022.0,0,0,64300.0,65623200.0,1.0,1026.0,1026.0,1014.0,1022.0,64300.0
2023-09-29,34570,1022.0,1025.0,1013.0,1018.0,0,0,66200.0,67407700.0,1.0,1022.0,1025.0,1013.0,1018.0,66200.0
2023-10-02,34570,1020.0,1049.0,1019.0,1020.0,0,0,71500.0,73809500.0,1.0,1020.0,1049.0,1019.0,1020.0,71500.0
2023-10-03,34570,1016.0,1026.0,1013.0,1017.0,0,0,56200.0,57241500.0,1.0,1016.0,1026.0,1013.0,1017.0,56200.0
2023-10-04,34570,1011.0,1013.0,981.0,990.0,0,0,182600.0,182124400.0,1.0,1011.0,1013.0,981.0,990.0,182600.0
2023-10-05,34570,992.0,1021.0,992.0,1010.0,0,0,116600.0,117387200.0,1.0,992.0,1021.0,992.0,1010.0,116600.0
2023-10-06,34570,1011.0,1022.0,1008.0,1008.0,0,0,45700.0,46227400.0,1.0,1011.0,1022.0,1008.0,1008.0,45700.0
2023-10-10,34570,1015.0,1031.0,1015.0,1027.0,0,0,84000.0,86094900.0,1.0,1015.0,1031.0,1015.0,1027.0,84000.0
2023-10-11,34570,1025.0,1025.0,1000.0,1000.0,0,0,59800.0,60267100.0,1.0,1025.0,1025.0,1000.0,1000.0,59800.0
2023-10-12,34570,1004.0,1014.0,996.0,1013.0,0,0,58700.0,59000000.0,1.0,1004.0,1014.0,996.0,1013.0,58700.0
2023-10-13,34570,1010.0,1012.0,993.0,993.0,0,0,68300.0,68231200.0,1.0,1010.0,1012.0,993.0,993.0,68300.0
2023-10-16,34570,995.0,998.0,977.0,977.0,0,0,109800.0,108045800.0,1.0,995.0,998.0,977.0,977.0,109800.0
2023-10-17,34570,990.0,1001.0,986.0,994.0,0,0,46300.0,45987700.0,1.0,990.0,1001.0,986.0,994.0,46300.0
2023-10-18,34570,994.0,1008.0,994.0,1008.0,0,0,59800.0,59990100.0,1.0,994.0,1008.0,994.0,1008.0,59800.0
2023-10-19,34570,1000.0,1000.0,984.0,984.0,0,0,51100.0,50537800.0,1.0,1000.0,1000.0,984.0,984.0,51100.0
2023-10-20,34570,984.0,987.0,970.0,979.0,0,0,74300.0,72606400.0,1.0,984.0,987.0,970.0,979.0,74300.0
2023-10-23,34570,967.0,973.0,956.0,960.0,0,0,77200.0,74418100.0,1.0,967.0,973.0,956.0,960.0,77200.0
2023-10-24,34570,952.0,957.0,935.0,951.0,0,0,160300.0,151986700.0,1.0,952.0,957.0,935.0,951.0,160300.0
2023-10-25,34570,954.0,966.0,954.0,954.0,0,0,45900.0,44026700.0,1.0,954.0,966.0,954.0,954.0,45900.0
2023-10-26,34570,948.0,960.0,944.0,956.0,0,0,55400.0,52704400.0,1.0,948.0,960.0,944.0,956.0,55400.0
2023-10-27,34570,958.0,977.0,958.0,975.0,0,0,42600.0,41322200.0,1.0,958.0,977.0,958.0,975.0,42600.0
2023-10-30,34570,975.0,977.0,966.0,969.0,0,0,37800.0,36694600.0,1.0,975.0,977.0,966.0,969.0,37800.0
2023-10-31,34570,967.0,987.0,957.0,983.0,0,0,48300.0,47057700.0,1.0,967.0,987.0,957.0,983.0,48300.0
2023-11-01,34570,998.0,1000.0,986.0,986.0,0,0,78400.0,77871800.0,1.0,998.0,1000.0,986.0,986.0,78400.0
2023-11-02,34570,997.0,997.0,982.0,991.0,0,0,36700.0,36333700.0,1.0,997.0,997.0,982.0,991.0,36700.0
2023-11-06,34570,1002.0,1011.0,999.0,1010.0,0,0,56000.0,56318300.0,1.0,1002.0,1011.0,999.0,1010.0,56000.0
2023-11-07,34570,1004.0,1009.0,996.0,997.0,0,0,49100.0,49174500.0,1.0,1004.0,1009.0,996.0,997.0,49100.0
2023-11-08,34570,1000.0,1002.0,981.0,989.0,0,0,55700.0,55183500.0,1.0,1000.0,1002.0,981.0,989.0,55700.0
2023-11-09,34570,984.0,1003.0,984.0,1001.0,0,0,40100.0,39882100.0,1.0,984.0,1003.0,984.0,1001.0,40100.0
2023-11-10,34570,993.0,1009.0,990.0,1009.0,0,0,44600.0,44575100.0,1.0,993.0,1009.0,990.0,1009.0,44600.0
2023-11-13,34570,1003.0,1016.0,1000.0,1009.0,0,0,117100.0,118073200.0,1.0,1003.0,1016.0,1000.0,1009.0,117100.0
2023-11-14,34570,1047.0,1075.0,1040.0,1067.0,0,0,245800.0,260354900.0,1.0,1047.0,1075.0,1040.0,1067.0,245800.0
2023-11-15,34570,1061.0,1061.0,1041.0,1052.0,0,0,106700.0,112293200.0,1.0,1061.0,1061.0,1041.0,1052.0,106700.0
2023-11-16,34570,1058.0,1065.0,1030.0,1030.0,0,0,88200.0,92075800.0,1.0,1058.0,1065.0,1030.0,1030.0,88200.0
2023-11-17,34570,1030.0,1030.0,1016.0,1030.0,0,0,63900.0,65314400.0,1.0,1030.0,1030.0,1016.0,1030.0,63900.0
2023-11-20,34570,1039.0,1058.0,1033.0,1053.0,0,0,99500.0,104464500.0,1.0,1039.0,1058.0,1033.0,1053.0,99500.0
2023-11-21,34570,1048.0,1048.0,1031.0,1031.0,0,0,57500.0,59618400.0,1.0,1048.0,1048.0,1031.0,1031.0,57500.0
2023-11-22,34570,1035.0,1043.0,1031.0,1038.0,0,0,42400.0,43976500.0,1.0,1035.0,1043.0,1031.0,1038.0,42400.0
2023-11-24,34570,1045.0,1045.0,1031.0,1037.0,0,0,43800.0,45345600.0,1.0,1045.0,1045.0,1031.0,1037.0,43800.0
2023-11-27,34570,1037.0,1042.0,1030.0,1037.0,0,0,45100.0,46799500.0,1.0,1037.0,1042.0,1030.0,1037.0,45100.0
2023-11-28,34570,1042.0,1045.0,1032.0,1041.0,0,0,34300.0,35620100.0,1.0,1042.0,1045.0,1032.0,1041.0,34300.0
2023-11-29,34570,1036.0,1045.0,1031.0,1031.0,0,0,36000.0,37307000.0,1.0,1036.0,1045.0,1031.0,1031.0,36000.0
2023-11-30,34570,1031.0,1045.0,1029.0,1045.0,0,0,39400.0,40850700.0,1.0,1031.0,1045.0,1029.0,1045.0,39400.0
2023-12-01,34570,1045.0,1045.0,1032.0,1032.0,0,0,22900.0,23728300.0,1.0,1045.0,1045.0,1032.0,1032.0,22900.0
2023-12-04,34570,1032.0,1039.0,1031.0,1034.0,0,0,26200.0,27100900.0,1.0,1032.0,1039.0,1031.0,1034.0,26200.0
2023-12-05,34570,1032.0,1049.0,1032.0,1033.0,0,0,36900.0,38335600.0,1.0,1032.0,1049.0,1032.0,1033.0,36900.0
2023-12-06,34570,1036.0,1050.0,1036.0,1049.0,0,0,36900.0,38570000.0,1.0,1036.0,1050.0,1036.0,1049.0,36900.0
2023-12-07,34570,1048.0,1048.0,1039.0,1040.0,0,0,18800.0,19581300.0,1.0,1048.0,1048.0,1039.0,1040.0,18800.0
2023-12-08,34570,1030.0,1033.0,1020.0,1026.0,0,0,110400.0,113500700.0,1.0,1030.0,1033.0,1020.0,1026.0,110400.0
2023-12-11,34570,1026.0,1037.0,1026.0,1030.0,0,0,42100.0,43394400.0,1.0,1026.0,1037.0,1026.0,1030.0,42100.0
2023-12-12,34570,1040.0,1048.0,1032.0,1035.0,0,0,32100.0,33375400.0,1.0,1040.0,1048.0,1032.0,1035.0,32100.0
2023-12-13,34570,1039.0,1041.0,1032.0,1035.0,0,0,22000.0,22797100.0,1.0,1039.0,1041.0,1032.0,1035.0,22000.0
2023-12-14,34570,1037.0,1040.0,1021.0,1023.0,0,0,96800.0,99786700.0,1.0,1037.0,1040.0,1021.0,1023.0,96800.0
2023-12-15,34570,1016.0,1030.0,1016.0,1025.0,0,0,46700.0,47866500.0,1.0,1016.0,1030.0,1016.0,1025.0,46700.0
2023-12-18,34570,1021.0,1021.0,1005.0,1011.0,0,0,59400.0,60074000.0,1.0,1021.0,1021.0,1005.0,1011.0,59400.0
2023-12-19,34570,1011.0,1019.0,1006.0,1012.0,0,0,30100.0,30491500.0,1.0,1011.0,1019.0,1006.0,1012.0,30100.0
2023-12-20,34570,1020.0,1024.0,1013.0,1013.0,0,0,27400.0,27894400.0,1.0,1020.0,1024.0,1013.0,1013.0,27400.0
2023-12-21,34570,1007.0,1011.0,1004.0,1006.0,0,0,34200.0,34482900.0,1.0,1007.0,1011.0,1004.0,1006.0,34200.0
2023-12-22,34570,1008.0,1016.0,1000.0,1005.0,0,0,46800.0,47106200.0,1.0,1008.0,1016.0,1000.0,1005.0,46800.0
2023-12-25,34570,1009.0,1013.0,996.0,1001.0,0,0,65700.0,65951600.0,1.0,1009.0,1013.0,996.0,1001.0,65700.0
2023-12-26,34570,1002.0,1015.0,1002.0,1015.0,0,0,46300.0,46728400.0,1.0,1002.0,1015.0,1002.0,1015.0,46300.0
2023-12-27,34570,1015.0,1030.0,1015.0,1029.0,0,0,66400.0,67978000.0,1.0,1015.0,1030.0,1015.0,1029.0,66400.0
2023-12-28,34570,1023.0,1033.0,1022.0,1033.0,0,0,41100.0,42285900.0,1.0,1023.0,1033.0,1022.0,1033.0,41100.0
2023-12-29,34570,1024.0,1036.0,1024.0,1035.0,0,0,54500.0,56266900.0,1.0,1024.0,1036.0,1024.0,1035.0,54500.0
2024-01-04,34570,1030.0,1059.0,1027.0,1059.0,0,0,67700.0,70590000.0,1.0,1030.0,1059.0,1027.0,1059.0,67700.0
2024-01-05,34570,1066.0,1069.0,1055.0,1058.0,0,0,81600.0,86731100.0,1.0,1066.0,1069.0,1055.0,1058.0,81600.0
2024-01-09,34570,1059.0,1070.0,1054.0,1060.0,0,0,45700.0,48404400.0,1.0,1059.0,1070.0,1054.0,1060.0,45700.0
2024-01-10,34570,1064.0,1075.0,1061.0,1070.0,0,0,59600.0,63669000.0,1.0,1064.0,1075.0,1061.0,1070.0,59600.0
2024-01-11,34570,1073.0,1077.0,1065.0,1070.0,0,0,60600.0,64789400.0,1.0,1073.0,1077.0,1065.0,1070.0,60600.0
2024-01-12,34570,1070.0,1071.0,1059.0,1067.0,0,0,54300.0,57844500.0,1.0,1070.0,1071.0,1059.0,1067.0,54300.0
2024-01-15,34570,1077.0,1078.0,1068.0,1078.0,0,0,66500.0,71437600.0,1.0,1077.0,1078.0,1068.0,1078.0,66500.0
2024-01-16,34570,1082.0,1085.0,1067.0,1070.0,0,0,47200.0,50749000.0,1.0,1082.0,1085.0,1067.0,1070.0,47200.0
2024-01-17,34570,1070.0,1077.0,1058.0,1059.0,0,0,52300.0,55785300.0,1.0,1070.0,1077.0,1058.0,1059.0,52300.0
2024-01-18,34570,1056.0,1066.0,1053.0,1053.0,0,0,44600.0,47157400.0,1.0,1056.0,1066.0,1053.0,1053.0,44600.0
2024-01-19,34570,1069.0,1073.0,1061.0,1069.0,0,0,30100.0,32157100.0,1.0,1069.0,1073.0,1061.0,1069.0,30100.0
2024-01-22,34570,1074.0,1083.0,1073.0,1083.0,0,0,79900.0,86166900.0,1.0,1074.0,1083.0,1073.0,1083.0,79900.0
2024-01-23,34570,1089.0,1103.0,1088.0,1101.0,0,0,138100.0,151535000.0,1.0,1089.0,1103.0,1088.0,1101.0,138100.0
2024-01-24,34570,1101.0,1101.0,1090.0,1095.0,0,0,32600.0,35719900.0,1.0,1101.0,1101.0,1090.0,1095.0,32600.0
2024-01-25,34570,1090.0,1110.0,1090.0,1110.0,0,0,44200.0,48693500.0,1.0,1090.0,1110.0,1090.0,1110.0,44200.0
2024-01-26,34570,1116.0,1120.0,1102.0,1103.0,0,0,48300.0,53554400.0,1.0,1116.0,1120.0,1102.0,1103.0,48300.0
2024-01-29,34570,1105.0,1132.0,1105.0,1132.0,0,0,60000.0,67383200.0,1.0,1105.0,1132.0,1105.0,1132.0,60000.0
2024-01-30,34570,1133.0,1157.0,1130.0,1137.0,0,0,50900.0,58139800.0,1.0,1133.0,1157.0,1130.0,1137.0,50900.0
2024-01-31,34570,1130.0,1150.0,1130.0,1150.0,0,0,36400.0,41420400.0,1.0,1130.0,1150.0,1130.0,1150.0,36400.0
2024-02-01,34570,1144.0,1144.0,1123.0,1128.0,0,0,41500.0,46858900.0,1.0,1144.0,1144.0,1123.0,1128.0,41500.0
2024-02-02,34570,1129.0,1141.0,1127.0,1140.0,0,0,30100.0,34159800.0,1.0,1129.0,1141.0,1127.0,1140.0,30100.0
2024-02-05,34570,1143.0,1153.0,1136.0,1152.0,0,0,32800.0,37593700.0,1.0,1143.0,1153.0,1136.0,1152.0,32800.0
2024-02-06,34570,1147.0,1147.0,1120.0,1120.0,0,0,44800.0,50664700.0,1.0,1147.0,1147.0,1120.0,1120.0,44800.0
2024-02-07,34570,1120.0,1126.0,1111.0,1118.0,0,0,29200.0,32669600.0,1.0,1120.0,1126.0,1111.0,1118.0,29200.0
2024-02-08,34570,1132.0,1140.0,1103.0,1120.0,0,0,62200.0,69585200.0,1.0,1132.0,1140.0,1103.0,1120.0,62200.0
2024-02-09,34570,1118.0,1134.0,1115.0,1115.0,0,0,56400.0,63368100.0,1.0,1118.0,1134.0,1115.0,1115.0,56400.0
2024-02-13,34570,1124.0,1128.0,1098.0,1105.0,0,0,64000.0,70847900.0,1.0,1124.0,1128.0,1098.0,1105.0,64000.0
2024-02-14,34570,1109.0,1137.0,1109.0,1122.0,0,0,70700.0,79276900.0,1.0,1109.0,1137.0,1109.0,1122.0,70700.0
2024-02-15,34570,1136.0,1144.0,1121.0,1131.0,0,0,40600.0,45968600.0,1.0,1136.0,1144.0,1121.0,1131.0,40600.0
2024-02-16,34570,1142.0,1142.0,1118.0,1123.0,0,0,49000.0,55232600.0,1.0,1142.0,1142.0,1118.0,1123.0,49000.0
2024-02-19,34570,1117.0,1117.0,1102.0,1112.0,0,0,52300.0,57955500.0,1.0,1117.0,1117.0,1102.0,1112.0,52300.0
2024-02-20,34570,1112.0,1119.0,1101.0,1101.0,0,0,45000.0,49854000.0,1.0,1112.0,1119.0,1101.0,1101.0,45000.0
2024-02-21,34570,1106.0,1120.0,1106.0,1113.0,0,0,37400.0,41618600.0,1.0,1106.0,1120.0,1106.0,1113.0,37400.0
2024-02-22,34570,1118.0,1128.0,1110.0,1124.0,0,0,55400.0,61912500.0,1.0,1118.0,1128.0,1110.0,1124.0,55400.0
2024-02-26,34570,1124.0,1134.0,1119.0,1122.0,0,0,41200.0,46329500.0,1.0,1124.0,1134.0,1119.0,1122.0,41200.0
2024-02-27,34570,1125.0,1140.0,1125.0,1140.0,0,0,33800.0,38342700.0,1.0,1125.0,1140.0,1125.0,1140.0,33800.0
2024-02-28,34570,1143.0,1162.0,1141.0,1153.0,0,0,63800.0,73599400.0,1.0,1143.0,1162.0,1141.0,1153.0,63800.0
2024-02-29,34570,1151.0,1151.0,1128.0,1139.0,0,0,43200.0,49146200.0,1.0,1151.0,1151.0,1128.0,1139.0,43200.0
2024-03-01,34570,1140.0,1146.0,1133.0,1143.0,0,0,29500.0,33683500.0,1.0,1140.0,1146.0,1133.0,1143.0,29500.0
2024-03-04,34570,1147.0,1153.0,1121.0,1121.0,0,0,64400.0,72972400.0,1.0,1147.0,1153.0,1121.0,1121.0,64400.0
2024-03-05,34570,1129.0,1138.0,1119.0,1138.0,0,0,42300.0,47795300.0,1.0,1129.0,1138.0,1119.0,1138.0,42300.0
2024-03-06,34570,1130.0,1151.0,1130.0,1148.0,0,0,48800.0,55875000.0,1.0,1130.0,1151.0,1130.0,1148.0,48800.0
2024-03-07,34570,1148.0,1159.0,1127.0,1127.0,0,0,39400.0,44813400.0,1.0,1148.0,1159.0,1127.0,1127.0,39400.0
2024-03-08,34570,1128.0,1151.0,1128.0,1143.0,0,0,57500.0,65598800.0,1.0,1128.0,1151.0,1128.0,1143.0,57500.0
2024-03-11,34570,1135.0,1135.0,1105.0,1116.0,0,0,57000.0,63663200.0,1.0,1135.0,1135.0,1105.0,1116.0,57000.0
2024-03-12,34570,1114.0,1128.0,1095.0,1128.0,0,0,50800.0,56421300.0,1.0,1114.0,1128.0,1095.0,1128.0,50800.0
2024-03-13,34570,1127.0,1136.0,1114.0,1114.0,0,0,25800.0,28965900.0,1.0,1127.0,1136.0,1114.0,1114.0,25800.0
2024-03-14,34570,1117.0,1138.0,1114.0,1135.0,0,0,34400.0,38778100.0,1.0,1117.0,1138.0,1114.0,1135.0,34400.0
2024-03-15,34570,1130.0,1150.0,1130.0,1144.0,0,0,42400.0,48435300.0,1.0,1130.0,1150.0,1130.0,1144.0,42400.0
2024-03-18,34570,1159.0,1172.0,1149.0,1164.0,0,0,49600.0,57646000.0,1.0,1159.0,1172.0,1149.0,1164.0,49600.0
2024-03-19,34570,1169.0,1194.0,1166.0,1194.0,0,0,51600.0,60894700.0,1.0,1169.0,1194.0,1166.0,1194.0,51600.0
2024-03-21,34570,1224.0,1230.0,1209.0,1225.0,0,0,85200.0,104146400.0,1.0,1224.0,1230.0,1209.0,1225.0,85200.0
2024-03-22,34570,1225.0,1225.0,1208.0,1215.0,0,0,58400.0,70970100.0,1.0,1225.0,1225.0,1208.0,1215.0,58400.0
2024-03-25,34570,1217.0,1237.0,1212.0,1221.0,0,0,83100.0,101830000.0,1.0,1217.0,1237.0,1212.0,1221.0,83100.0
2024-03-26,34570,1220.0,1249.0,1219.0,1246.0,0,0,78700.0,97402200.0,1.0,1220.0,1249.0,1219.0,1246.0,78700.0
2024-03-27,34570,1255.0,1264.0,1249.0,1260.0,0,0,76800.0,96562300.0,1.0,1255.0,1264.0,1249.0,1260.0,76800.0
2024-03-28,34570,1254.0,1263.0,1244.0,1252.0,0,0,121500.0,152391200.0,1.0,1254.0,1263.0,1244.0,1252.0,121500.0
2024-03-29,34570,1264.0,1298.0,1264.0,1287.0,0,0,159400.0,203571500.0,1.0,1264.0,1298.0,1264.0,1287.0,159400.0
2024-04-01,34570,1289.0,1290.0,1251.0,1251.0,0,0,167300.0,212526500.0,1.0,1289.0,1290.0,1251.0,1251.0,167300.0
2024-04-02,34570,1264.0,1268.0,1229.0,1234.0,0,0,88100.0,109453000.0,1.0,1264.0,1268.0,1229.0,1234.0,88100.0
2024-04-03,34570,1222.0,1249.0,1210.0,1234.0,0,0,80900.0,99471300.0,1.0,1222.0,1249.0,1210.0,1234.0,80900.0
2024-04-04,34570,1250.0,1250.0,1231.0,1233.0,0,0,125000.0,155370000.0,1.0,1250.0,1250.0,1231.0,1233.0,125000.0
2024-04-05,34570,1226.0,1236.0,1214.0,1234.0,0,0,172700.0,211572700.0,1.0,1226.0,1236.0,1214.0,1234.0,172700.0
2024-04-08,34570,1247.0,1248.0,1235.0,1241.0,0,0,92100.0,114577600.0,1.0,1247.0,1248.0,1235.0,1241.0,92100.0
2024-04-09,34570,1247.0,1281.0,1247.0,1278.0,0,0,78000.0,98839400.0,1.0,1247.0,1281.0,1247.0,1278.0,78000.0
2024-04-10,34570,1281.0,1291.0,1262.0,1262.0,0,0,66200.0,84434600.0,1.0,1281.0,1291.0,1262.0,1262.0,66200.0
2024-04-11,34570,1260.0,1268.0,1247.0,1257.0,0,0,37900.0,47684900.0,1.0,1260.0,1268.0,1247.0,1257.0,37900.0
2024-04-12,34570,1260.0,1275.0,1256.0,1274.0,0,0,36200.0,45898700.0,1.0,1260.0,1275.0,1256.0,1274.0,36200.0
2024-04-15,34570,1265.0,1319.0,1254.0,1312.0,0,0,112000.0,144752200.0,1.0,1265.0,1319.0,1254.0,1312.0,112000.0
2024-04-16,34570,1307.0,1307.0,1244.0,1245.0,0,0,135500.0,171769700.0,1.0,1307.0,1307.0,1244.0,1245.0,135500.0
2024-04-17,34570,1255.0,1265.0,1230.0,1230.0,0,0,73000.0,90736500.0,1.0,1255.0,1265.0,1230.0,1230.0,73000.0
2024-04-18,34570,1230.0,1253.0,1216.0,1253.0,0,0,49000.0,60687700.0,1.0,1230.0,1253.0,1216.0,1253.0,49000.0
2024-04-19,34570,1237.0,1239.0,1188.0,1220.0,0,0,84200.0,102288700.0,1.0,1237.0,1239.0,1188.0,1220.0,84200.0
2024-04-22,34570,1234.0,1253.0,1234.0,1242.0,0,0,53600.0,66639700.0,1.0,1234.0,1253.0,1234.0,1242.0,53600.0
2024-04-23,34570,1253.0,1259.0,1243.0,1254.0,0,0,31000.0,38862800.0,1.0,1253.0,1259.0,1243.0,1254.0,31000.0
2024-04-24,34570,1254.0,1256.0,1247.0,1254.0,0,0,24100.0,30179000.0,1.0,1254.0,1256.0,1247.0,1254.0,24100.0
2024-04-25,34570,1250.0,1254.0,1235.0,1236.0,0,0,29200.0,36268200.0,1.0,1250.0,1254.0,1235.0,1236.0,29200.0
2024-04-26,34570,1234.0,1245.0,1222.0,1243.0,0,0,51400.0,63601100.0,1.0,1234.0,1245.0,1222.0,1243.0,51400.0
2024-04-30,34570,1250.0,1266.0,1244.0,1266.0,0,0,49300.0,62050600.0,1.0,1250.0,1266.0,1244.0,1266.0,49300.0
2024-05-01,34570,1260.0,1276.0,1255.0,1276.0,0,0,43400.0,55060800.0,1.0,1260.0,1276.0,1255.0,1276.0,43400.0
2024-05-02,34570,1266.0,1280.0,1261.0,1270.0,0,0,31600.0,40139800.0,1.0,1266.0,1280.0,1261.0,1270.0,31600.0
2024-05-07,34570,1288.0,1288.0,1277.0,1284.0,0,0,39100.0,50218300.0,1.0,1288.0,1288.0,1277.0,1284.0,39100.0
2024-05-08,34570,1283.0,1285.0,1265.0,1269.0,0,0,28900.0,36862200.0,1.0,1283.0,1285.0,1265.0,1269.0,28900.0
2024-05-09,34570,1269.0,1271.0,1259.0,1259.0,0,0,29100.0,36803900.0,1.0,1269.0,1271.0,1259.0,1259.0,29100.0
2024-05-10,34570,1265.0,1278.0,1265.0,1272.0,0,0,32000.0,40677000.0,1.0,1265.0,1278.0,1265.0,1272.0,32000.0
2024-05-13,34570,1268.0,1277.0,1251.0,1267.0,0,0,54600.0,68979400.0,1.0,1268.0,1277.0,1251.0,1267.0,54600.0
2024-05-14,34570,1212.0,1212.0,1166.0,1195.0,0,0,216400.0,257707500.0,1.0,1212.0,1212.0,1166.0,1195.0,216400.0
2024-05-15,34570,1192.0,1201.0,1182.0,1187.0,0,0,85300.0,101521300.0,1.0,1192.0,1201.0,1182.0,1187.0,85300.0
2024-05-16,34570,1197.0,1203.0,1182.0,1194.0,0,0,59800.0,71236100.0,1.0,1197.0,1203.0,1182.0,1194.0,59800.0
2024-05-17,34570,1189.0,1209.0,1186.0,1207.0,0,0,47600.0,57096000.0,1.0,1189.0,1209.0,1186.0,1207.0,47600.0
2024-05-20,34570,1212.0,1218.0,1195.0,1195.0,0,0,62100.0,74788700.0,1.0,1212.0,1218.0,1195.0,1195.0,62100.0
2024-05-21,34570,1197.0,1203.0,1180.0,1180.0,0,0,73400.0,87257500.0,1.0,1197.0,1203.0,1180.0,1180.0,73400.0
2024-05-22,34570,1182.0,1191.0,1179.0,1179.0,0,0,36400.0,43084500.0,1.0,1182.0,1191.0,1179.0,1179.0,36400.0
2024-05-23,34570,1180.0,1186.0,1165.0,1174.0,0,0,59300.0,69770100.0,1.0,1180.0,1186.0,1165.0,1174.0,59300.0
2024-05-24,34570,1164.0,1176.0,1158.0,1170.0,0,0,40200.0,46962900.0,1.0,1164.0,1176.0,1158.0,1170.0,40200.0
2024-05-27,34570,1170.0,1176.0,1150.0,1153.0,0,0,80000.0,92854100.0,1.0,1170.0,1176.0,1150.0,1153.0,80000.0
2024-05-28,34570,1153.0,1165.0,1153.0,1154.0,0,0,31000.0,35870900.0,1.0,1153.0,1165.0,1153.0,1154.0,31000.0
2024-05-29,34570,1154.0,1159.0,1138.0,1140.0,0,0,50100.0,57464300.0,1.0,1154.0,1159.0,1138.0,1140.0,50100.0
2024-05-30,34570,1134.0,1148.0,1125.0,1142.0,0,0,74800.0,85213300.0,1.0,1134.0,1148.0,1125.0,1142.0,74800.0
2024-05-31,34570,1141.0,1185.0,1141.0,1181.0,0,0,83000.0,96923100.0,1.0,1141.0,1185.0,1141.0,1181.0,83000.0
2024-06-03,34570,1188.0,1191.0,1167.0,1176.0,0,0,116900.0,137653500.0,1.0,1188.0,1191.0,1167.0,1176.0,116900.0
2024-06-04,34570,1176.0,1183.0,1171.0,1177.0,0,0,83100.0,97829800.0,1.0,1176.0,1183.0,1171.0,1177.0,83100.0
2024-06-05,34570,1177.0,1191.0,1168.0,1168.0,0,0,112200.0,132173400.0,1.0,1177.0,1191.0,1168.0,1168.0,112200.0
2024-06-06,34570,1175.0,1175.0,1149.0,1153.0,0,0,87800.0,101837000.0,1.0,1175.0,1175.0,1149.0,1153.0,87800.0
2024-06-07,34570,1154.0,1172.0,1154.0,1169.0,0,0,82300.0,95852000.0,1.0,1154.0,1172.0,1154.0,1169.0,82300.0
2024-06-10,34570,1176.0,1181.0,1168.0,1170.0,0,0,171300.0,201275800.0,1.0,1176.0,1181.0,1168.0,1170.0,171300.0
2024-06-11,34570,1172.0,1173.0,1146.0,1155.0,0,0,184100.0,212767900.0,1.0,1172.0,1173.0,1146.0,1155.0,184100.0
2024-06-12,34570,1155.0,1159.0,1138.0,1140.0,0,0,135000.0,154806300.0,1.0,1155.0,1159.0,1138.0,1140.0,135000.0
2024-06-13,34570,1141.0,1145.0,1127.0,1133.0,0,0,139500.0,158308600.0,1.0,1141.0,1145.0,1127.0,1133.0,139500.0
2024-06-14,34570,1129.0,1156.0,1129.0,1155.0,0,0,85100.0,97327200.0,1.0,1129.0,1156.0,1129.0,1155.0,85100.0
2024-06-17,34570,1150.0,1150.0,1133.0,1144.0,0,0,101200.0,115566000.0,1.0,1150.0,1150.0,1133.0,1144.0,101200.0
2024-06-18,34570,1143.0,1151.0,1136.0,1137.0,0,0,62900.0,71757500.0,1.0,1143.0,1151.0,1136.0,1137.0,62900.0
2024-06-19,34570,1140.0,1150.0,1131.0,1142.0,0,0,127300.0,144887100.0,1.0,1140.0,1150.0,1131.0,1142.0,127300.0
2024-06-20,34570,1140.0,1141.0,1132.0,1136.0,0,0,84000.0,95496200.0,1.0,1140.0,1141.0,1132.0,1136.0,84000.0
2024-06-21,34570,1133.0,1137.0,1113.0,1115.0,0,0,228900.0,257414000.0,1.0,1133.0,1137.0,1113.0,1115.0,228900.0
2024-06-24,34570,1115.0,1125.0,1106.0,1106.0,0,0,246600.0,274394100.0,1.0,1115.0,1125.0,1106.0,1106.0,246600.0
2024-06-25,34570,1120.0,1127.0,1115.0,1119.0,0,0,343700.0,385329300.0,1.0,1120.0,1127.0,1115.0,1119.0,343700.0
2024-06-26,34570,1134.0,1134.0,1118.0,1130.0,0,0,329800.0,371012000.0,1.0,1134.0,1134.0,1118.0,1130.0,329800.0
2024-06-27,34570,1057.0,1085.0,1050.0,1069.0,0,0,440900.0,469234000.0,1.0,1057.0,1085.0,1050.0,1069.0,440900.0
2024-06-28,34570,1061.0,1082.0,1056.0,1062.0,0,0,189700.0,202355900.0,1.0,1061.0,1082.0,1056.0,1062.0,189700.0
2024-07-01,34570,1058.0,1087.0,1058.0,1071.0,0,0,176500.0,188930400.0,1.0,1058.0,1087.0,1058.0,1071.0,176500.0
2024-07-02,34570,1078.0,1094.0,1076.0,1080.0,0,0,132200.0,143367600.0,1.0,1078.0,1094.0,1076.0,1080.0,132200.0
2024-07-03,34570,1095.0,1101.0,1084.0,1100.0,0,0,114400.0,125235000.0,1.0,1095.0,1101.0,1084.0,1100.0,114400.0
2024-07-04,34570,1102.0,1110.0,1092.0,1098.0,0,0,128300.0,140891600.0,1.0,1102.0,1110.0,1092.0,1098.0,128300.0
2024-07-05,34570,1098.0,1108.0,1085.0,1087.0,0,0,96000.0,105208700.0,1.0,1098.0,1108.0,1085.0,1087.0,96000.0
2024-07-08,34570,1088.0,1088.0,1080.0,1080.0,0,0,51200.0,55453700.0,1.0,1088.0,1088.0,1080.0,1080.0,51200.0
2024-07-09,34570,1081.0,1092.0,1080.0,1085.0,0,0,62700.0,68149100.0,1.0,1081.0,1092.0,1080.0,1085.0,62700.0
2024-07-10,34570,1088.0,1088.0,1070.0,1073.0,0,0,64700.0,69630100.0,1.0,1088.0,1088.0,1070.0,1073.0,64700.0
2024-07-11,34570,1080.0,1088.0,1077.0,1087.0,0,0,58200.0,63049400.0,1.0,1080.0,1088.0,1077.0,1087.0,58200.0
2024-07-12,34570,1086.0,1104.0,1085.0,1104.0,0,0,107400.0,117801500.0,1.0,1086.0,1104.0,1085.0,1104.0,107400.0
2024-07-16,34570,1106.0,1106.0,1090.0,1093.0,0,0,48700.0,53403700.0,1.0,1106.0,1106.0,1090.0,1093.0,48700.0
2024-07-17,34570,1095.0,1106.0,1095.0,1102.0,0,0,62200.0,68384800.0,1.0,1095.0,1106.0,1095.0,1102.0,62200.0
2024-07-18,34570,1087.0,1101.0,1087.0,1089.0,0,0,40500.0,44225500.0,1.0,1087.0,1101.0,1087.0,1089.0,40500.0
2024-07-19,34570,1102.0,1102.0,1079.0,1085.0,0,0,71500.0,77668100.0,1.0,1102.0,1102.0,1079.0,1085.0,71500.0
2024-07-22,34570,1083.0,1083.0,1066.0,1068.0,0,0,84700.0,91134700.0,1.0,1083.0,1083.0,1066.0,1068.0,84700.0
2024-07-23,34570,1068.0,1079.0,1068.0,1074.0,0,0,33600.0,36059800.0,1.0,1068.0,1079.0,1068.0,1074.0,33600.0
2024-07-24,34570,1074.0,1074.0,1050.0,1051.0,0,0,65000.0,68724600.0,1.0,1074.0,1074.0,1050.0,1051.0,65000.0
2024-07-25,34570,1040.0,1046.0,1034.0,1037.0,0,0,91200.0,94711600.0,1.0,1040.0,1046.0,1034.0,1037.0,91200.0
2024-07-26,34570,1046.0,1053.0,1036.0,1048.0,0,0,45000.0,47097900.0,1.0,1046.0,1053.0,1036.0,1048.0,45000.0
2024-07-29,34570,1065.0,1078.0,1056.0,1077.0,0,0,55000.0,58779800.0,1.0,1065.0,1078.0,1056.0,1077.0,55000.0
2024-07-30,34570,1066.0,1070.0,1058.0,1058.0,0,0,43300.0,45935500.0,1.0,1066.0,1070.0,1058.0,1058.0,43300.0
2024-07-31,34570,1048.0,1076.0,1044.0,1076.0,0,0,44000.0,46701800.0,1.0,1048.0,1076.0,1044.0,1076.0,44000.0
2024-08-01,34570,1063.0,1063.0,1016.0,1021.0,0,0,82400.0,84642500.0,1.0,1063.0,1063.0,1016.0,1021.0,82400.0
2024-08-02,34570,993.0,995.0,972.0,972.0,0,0,139600.0,137507500.0,1.0,993.0,995.0,972.0,972.0,139600.0
2024-08-05,34570,916.0,929.0,825.0,848.0,0,0,211900.0,188364500.0,1.0,916.0,929.0,825.0,848.0,211900.0
2024-08-06,34570,908.0,948.0,906.0,932.0,0,0,125100.0,115723200.0,1.0,908.0,948.0,906.0,932.0,125100.0
2024-08-07,34570,925.0,956.0,915.0,939.0,0,0,78400.0,73440800.0,1.0,925.0,956.0,915.0,939.0,78400.0
2024-08-08,34570,931.0,968.0,930.0,956.0,0,0,79900.0,76095200.0,1.0,931.0,968.0,930.0,956.0,79900.0
2024-08-09,34570,980.0,998.0,965.0,981.0,0,0,87800.0,86307400.0,1.0,980.0,998.0,965.0,981.0,87800.0
2024-08-13,34570,996.0,1017.0,985.0,1015.0,0,0,62000.0,62428800.0,1.0,996.0,1017.0,985.0,1015.0,62000.0
2024-08-14,34570,1035.0,1035.0,999.0,1010.0,0,0,87200.0,88556000.0,1.0,1035.0,1035.0,999.0,1010.0,87200.0
2024-08-15,34570,1040.0,1078.0,1021.0,1065.0,0,0,135000.0,142794400.0,1.0,1040.0,1078.0,1021.0,1065.0,135000.0
2024-08-16,34570,1081.0,1081.0,1065.0,1074.0,0,0,62900.0,67530500.0,1.0,1081.0,1081.0,1065.0,1074.0,62900.0
2024-08-19,34570,1070.0,1084.0,1063.0,1067.0,0,0,44400.0,47713500.0,1.0,1070.0,1084.0,1063.0,1067.0,44400.0
2024-08-20,34570,1078.0,1079.0,1069.0,1075.0,0,0,47900.0,51440400.0,1.0,1078.0,1079.0,1069.0,1075.0,47900.0
2024-08-21,34570,1068.0,1069.0,1050.0,1065.0,0,0,40300.0,42739000.0,1.0,1068.0,1069.0,1050.0,1065.0,40300.0
2024-08-22,34570,1068.0,1072.0,1057.0,1072.0,0,0,30600.0,32554000.0,1.0,1068.0,1072.0,1057.0,1072.0,30600.0
2024-08-23,34570,1064.0,1074.0,1064.0,1071.0,0,0,22100.0,23656400.0,1.0,1064.0,1074.0,1064.0,1071.0,22100.0
2024-08-26,34570,1071.0,1075.0,1066.0,1066.0,0,0,25500.0,27253100.0,1.0,1071.0,1075.0,1066.0,1066.0,25500.0
2024-08-27,34570,1070.0,1088.0,1066.0,1083.0,0,0,47000.0,50774200.0,1.0,1070.0,1088.0,1066.0,1083.0,47000.0
2024-08-28,34570,1070.0,1078.0,1069.0,1073.0,0,0,36500.0,39161200.0,1.0,1070.0,1078.0,1069.0,1073.0,36500.0
2024-08-29,34570,1071.0,1079.0,1064.0,1070.0,0,0,31800.0,34004600.0,1.0,1071.0,1079.0,1064.0,1070.0,31800.0
2024-08-30,34570,1067.0,1069.0,1060.0,1064.0,0,0,57400.0,61183300.0,1.0,1067.0,1069.0,1060.0,1064.0,57400.0
2024-09-02,34570,1068.0,1072.0,1050.0,1059.0,0,0,32300.0,34159100.0,1.0,1068.0,1072.0,1050.0,1059.0,32300.0
2024-09-03,34570,1060.0,1071.0,1055.0,1062.0,0,0,26800.0,28531000.0,1.0,1060.0,1071.0,1055.0,1062.0,26800.0
2024-09-04,34570,1033.0,1042.0,1020.0,1020.0,0,0,58300.0,60111700.0,1.0,1033.0,1042.0,1020.0,1020.0,58300.0
2024-09-05,34570,1013.0,1043.0,1013.0,1025.0,0,0,23300.0,23959600.0,1.0,1013.0,1043.0,1013.0,1025.0,23300.0
2024-09-06,34570,1036.0,1037.0,1015.0,1022.0,0,0,27500.0,28177000.0,1.0,1036.0,1037.0,1015.0,1022.0,27500.0
2024-09-09,34570,1006.0,1026.0,1004.0,1019.0,0,0,35700.0,36224600.0,1.0,1006.0,1026.0,1004.0,1019.0,35700.0
2024-09-10,34570,1029.0,1042.0,1027.0,1027.0,0,0,29500.0,30480800.0,1.0,1029.0,1042.0,1027.0,1027.0,29500.0
2024-09-11,34570,1026.0,1026.0,1000.0,1003.0,0,0,52800.0,53296400.0,1.0,1026.0,1026.0,1000.0,1003.0,52800.0
2024-09-12,34570,1019.0,1036.0,1019.0,1031.0,0,0,35100.0,36058200.0,1.0,1019.0,1036.0,1019.0,1031.0,35100.0
2024-09-13,34570,1024.0,1030.0,1021.0,1027.0,0,0,23400.0,23978100.0,1.0,1024.0,1030.0,1021.0,1027.0,23400.0
2024-09-17,34570,1042.0,1042.0,1018.0,1038.0,0,0,30100.0,31019200.0,1.0,1042.0,1042.0,1018.0,1038.0,30100.0
2024-09-18,34570,1041.0,1044.0,1030.0,1040.0,0,0,35500.0,36828300.0,1.0,1041.0,1044.0,1030.0,1040.0,35500.0
2024-09-19,34570,1044.0,1064.0,1043.0,1055.0,0,0,46800.0,49344000.0,1.0,1044.0,1064.0,1043.0,1055.0,46800.0
2024-09-20,34570,1064.0,1081.0,1064.0,1078.0,0,0,66700.0,71706100.0,1.0,1064.0,1081.0,1064.0,1078.0,66700.0
2024-09-24,34570,1086.0,1086.0,1072.0,1076.0,0,0,48000.0,51801700.0,1.0,1086.0,1086.0,1072.0,1076.0,48000.0
2024-09-25,34570,1077.0,1082.0,1070.0,1077.0,0,0,39500.0,42517500.0,1.0,1077.0,1082.0,1070.0,1077.0,39500.0
2024-09-26,34570,1080.0,1085.0,1068.0,1085.0,0,0,52900.0,57102700.0,1.0,1080.0,1085.0,1068.0,1085.0,52900.0
2024-09-27,34570,1088.0,1088.0,1073.0,1079.0,0,0,28900.0,31159000.0,1.0,1088.0,1088.0,1073.0,1079.0,28900.0
2024-09-30,34570,1046.0,1058.0,1044.0,1044.0,0,0,54800.0,57560000.0,1.0,1046.0,1058.0,1044.0,1044.0,54800.0
2024-10-01,34570,1058.0,1063.0,1055.0,1058.0,0,0,19600.0,20762200.0,1.0,1058.0,1063.0,1055.0,1058.0,19600.0
2024-10-02,34570,1055.0,1065.0,1050.0,1054.0,0,0,33100.0,34947400.0,1.0,1055.0,1065.0,1050.0,1054.0,33100.0
2024-10-03,34570,1070.0,1075.0,1065.0,1066.0,0,0,25400.0,27166000.0,1.0,1070.0,1075.0,1065.0,1066.0,25400.0
2024-10-04,34570,1075.0,1080.0,1071.0,1079.0,0,0,19400.0,20862100.0,1.0,1075.0,1080.0,1071.0,1079.0,19400.0
2024-10-07,34570,1081.0,1082.0,1065.0,1066.0,0,0,26600.0,28517200.0,1.0,1081.0,1082.0,1065.0,1066.0,26600.0
2024-10-08,34570,1058.0,1065.0,1050.0,1052.0,0,0,69400.0,73350600.0,1.0,1058.0,1065.0,1050.0,1052.0,69400.0
2024-10-09,34570,1057.0,1080.0,1055.0,1055.0,0,0,31300.0,33264200.0,1.0,1057.0,1080.0,1055.0,1055.0,31300.0
2024-10-10,34570,1059.0,1059.0,1049.0,1049.0,0,0,26800.0,28205000.0,1.0,1059.0,1059.0,1049.0,1049.0,26800.0
2024-10-11,34570,1050.0,1065.0,1050.0,1055.0,0,0,28500.0,30056600.0,1.0,1050.0,1065.0,1050.0,1055.0,28500.0
2024-10-15,34570,1059.0,1060.0,1051.0,1056.0,0,0,22600.0,23870800.0,1.0,1059.0,1060.0,1051.0,1056.0,22600.0
2024-10-16,34570,1053.0,1066.0,1051.0,1055.0,0,0,42500.0,44948200.0,1.0,1053.0,1066.0,1051.0,1055.0,42500.0
2024-10-17,34570,1057.0,1058.0,1049.0,1050.0,0,0,23500.0,24742100.0,1.0,1057.0,1058.0,1049.0,1050.0,23500.0
2024-10-18,34570,1053.0,1053.0,1041.0,1045.0,0,0,39600.0,41512900.0,1.0,1053.0,1053.0,1041.0,1045.0,39600.0
2024-10-21,34570,1051.0,1053.0,1045.0,1050.0,0,0,12900.0,13529200.0,1.0,1051.0,1053.0,1045.0,1050.0,12900.0
2024-10-22,34570,1050.0,1050.0,1030.0,1035.0,0,0,50700.0,52609800.0,1.0,1050.0,1050.0,1030.0,1035.0,50700.0
2024-10-23,34570,1043.0,1049.0,1040.0,1043.0,0,0,24200.0,25266700.0,1.0,1043.0,1049.0,1040.0,1043.0,24200.0
2024-10-24,34570,1043.0,1054.0,1031.0,1035.0,0,0,36500.0,37978400.0,1.0,1043.0,1054.0,1031.0,1035.0,36500.0
2024-10-25,34570,1034.0,1036.0,1006.0,1006.0,0,0,57800.0,58808500.0,1.0,1034.0,1036.0,1006.0,1006.0,57800.0
2024-10-28,34570,1008.0,1048.0,1004.0,1034.0,0,0,45900.0,47058200.0,1.0,1008.0,1048.0,1004.0,1034.0,45900.0
2024-10-29,34570,1034.0,1045.0,1034.0,1039.0,0,0,13600.0,14130800.0,1.0,1034.0,1045.0,1034.0,1039.0,13600.0
2024-10-30,34570,1049.0,1049.0,1035.0,1043.0,0,0,58400.0,60886000.0,1.0,1049.0,1049.0,1035.0,1043.0,58400.0
2024-10-31,34570,1044.0,1057.0,1040.0,1051.0,0,0,22700.0,23826300.0,1.0,1044.0,1057.0,1040.0,1051.0,22700.0
2024-11-01,34570,1033.0,1046.0,1033.0,1041.0,0,0,33800.0,35186100.0,1.0,1033.0,1046.0,1033.0,1041.0,33800.0
2024-11-05,34570,1057.0,1060.0,1046.0,1059.0,0,0,32900.0,34697800.0,1.0,1057.0,1060.0,1046.0,1059.0,32900.0
2024-11-06,34570,1056.0,1069.0,1053.0,1056.0,0,0,45300.0,48001000.0,1.0,1056.0,1069.0,1053.0,1056.0,45300.0
2024-11-07,34570,1066.0,1075.0,1060.0,1068.0,0,0,37300.0,39882200.0,1.0,1066.0,1075.0,1060.0,1068.0,37300.0
2024-11-08,34570,1071.0,1072.0,1057.0,1057.0,0,0,31700.0,33730000.0,1.0,1071.0,1072.0,1057.0,1057.0,31700.0
2024-11-11,34570,1057.0,1060.0,1043.0,1046.0,0,0,65500.0,68980000.0,1.0,1057.0,1060.0,1043.0,1046.0,65500.0
2024-11-12,34570,1051.0,1057.0,1045.0,1048.0,0,0,45600.0,47897000.0,1.0,1051.0,1057.0,1045.0,1048.0,45600.0
2024-11-13,34570,1053.0,1070.0,1053.0,1058.0,0,0,52600.0,55791500.0,1.0,1053.0,1070.0,1053.0,1058.0,52600.0
2024-11-14,34570,1028.0,1028.0,995.0,995.0,0,0,201100.0,201943100.0,1.0,1028.0,1028.0,995.0,995.0,201100.0
2024-11-15,34570,996.0,1010.0,988.0,1007.0,0,0,94100.0,94087300.0,1.0,996.0,1010.0,988.0,1007.0,94100.0
2024-11-18,34570,1012.0,1015.0,1000.0,1000.0,0,0,34300.0,34562400.0,1.0,1012.0,1015.0,1000.0,1000.0,34300.0
2024-11-19,34570,1005.0,1006.0,998.0,1002.0,0,0,31500.0,31558200.0,1.0,1005.0,1006.0,998.0,1002.0,31500.0
2024-11-20,34570,1004.0,1007.0,1000.0,1001.0,0,0,19700.0,19750800.0,1.0,1004.0,1007.0,1000.0,1001.0,19700.0
2024-11-21,34570,1002.0,1006.0,999.0,1000.0,0,0,29700.0,29746800.0,1.0,1002.0,1006.0,999.0,1000.0,29700.0
2024-11-22,34570,1001.0,1004.0,997.0,1000.0,0,0,33300.0,33308000.0,1.0,1001.0,1004.0,997.0,1000.0,33300.0
2024-11-25,34570,1001.0,1006.0,990.0,990.0,0,0,77500.0,77246500.0,1.0,1001.0,1006.0,990.0,990.0,77500.0
2024-11-26,34570,992.0,998.0,990.0,991.0,0,0,33700.0,33457900.0,1.0,992.0,998.0,990.0,991.0,33700.0
2024-11-27,34570,995.0,995.0,986.0,988.0,0,0,57200.0,56625700.0,1.0,995.0,995.0,986.0,988.0,57200.0
2024-11-28,34570,985.0,1004.0,985.0,998.0,0,0,38000.0,37908700.0,1.0,985.0,1004.0,985.0,998.0,38000.0
2024-11-29,34570,996.0,999.0,988.0,990.0,0,0,30400.0,30164700.0,1.0,996.0,999.0,988.0,990.0,30400.0
2024-12-02,34570,990.0,993.0,985.0,988.0,0,0,33200.0,32835800.0,1.0,990.0,993.0,985.0,988.0,33200.0
2024-12-03,34570,990.0,1002.0,990.0,1000.0,0,0,45200.0,45116300.0,1.0,990.0,1002.0,990.0,1000.0,45200.0
2024-12-04,34570,1001.0,1001.0,994.0,1000.0,0,0,43700.0,43638700.0,1.0,1001.0,1001.0,994.0,1000.0,43700.0
2024-12-05,34570,1001.0,1001.0,992.0,996.0,0,0,35300.0,35134500.0,1.0,1001.0,1001.0,992.0,996.0,35300.0
2024-12-06,34570,994.0,996.0,989.0,989.0,0,0,44700.0,44297200.0,1.0,994.0,996.0,989.0,989.0,44700.0
2024-12-09,34570,994.0,994.0,986.0,990.0,0,0,77100.0,76444700.0,1.0,994.0,994.0,986.0,990.0,77100.0
2024-12-10,34570,990.0,992.0,982.0,983.0,0,0,101700.0,100464600.0,1.0,990.0,992.0,982.0,983.0,101700.0
2024-12-11,34570,984.0,984.0,974.0,981.0,0,0,68300.0,66848300.0,1.0,984.0,984.0,974.0,981.0,68300.0
2024-12-12,34570,983.0,984.0,977.0,977.0,0,0,48300.0,47373100.0,1.0,983.0,984.0,977.0,977.0,48300.0
2024-12-13,34570,975.0,980.0,973.0,980.0,0,0,43200.0,42194700.0,1.0,975.0,980.0,973.0,980.0,43200.0
2024-12-16,34570,977.0,979.0,975.0,978.0,0,0,43400.0,42402000.0,1.0,977.0,979.0,975.0,978.0,43400.0
2024-12-17,34570,976.0,978.0,962.0,962.0,0,0,66300.0,64338800.0,1.0,976.0,978.0,962.0,962.0,66300.0
2024-12-18,34570,962.0,968.0,957.0,966.0,0,0,53500.0,51514500.0,1.0,962.0,968.0,957.0,966.0,53500.0
2024-12-19,34570,1116.0,1116.0,1116.0,1116.0,1,0,244800.0,273196800.0,1.0,1116.0,1116.0,1116.0,1116.0,244800.0
2024-12-20,34570,1125.0,1164.0,1093.0,1146.0,0,0,641200.0,726139500.0,1.0,1125.0,1164.0,1093.0,1146.0,641200.0
2024-12-23,34570,1157.0,1185.0,1156.0,1171.0,0,0,257300.0,300948700.0,1.0,1157.0,1185.0,1156.0,1171.0,257300.0
2024-12-24,34570,1170.0,1196.0,1167.0,1169.0,0,0,132500.0,156284500.0,1.0,1170.0,1196.0,1167.0,1169.0,132500.0
2024-12-25,34570,1172.0,1187.0,1152.0,1187.0,0,0,137000.0,159542900.0,1.0,1172.0,1187.0,1152.0,1187.0,137000.0
2024-12-26,34570,1200.0,1218.0,1189.0,1198.0,0,0,109900.0,132198800.0,1.0,1200.0,1218.0,1189.0,1198.0,109900.0
2024-12-27,34570,1186.0,1193.0,1163.0,1192.0,0,0,126900.0,149931100.0,1.0,1186.0,1193.0,1163.0,1192.0,126900.0
2024-12-30,34570,1192.0,1220.0,1192.0,1213.0,0,0,128200.0,154771500.0,1.0,1192.0,1220.0,1192.0,1213.0,128200.0
2025-01-06,34570,1230.0,1230.0,1201.0,1213.0,0,0,86300.0,104940200.0,1.0,1230.0,1230.0,1201.0,1213.0,86300.0
2025-01-07,34570,1224.0,1228.0,1208.0,1213.0,0,0,64700.0,78700700.0,1.0,1224.0,1228.0,1208.0,1213.0,64700.0
2025-01-08,34570,1209.0,1216.0,1186.0,1187.0,0,0,81200.0,97046100.0,1.0,1209.0,1216.0,1186.0,1187.0,81200.0
2025-01-09,34570,1183.0,1198.0,1183.0,1192.0,0,0,41200.0,49045800.0,1.0,1183.0,1198.0,1183.0,1192.0,41200.0
2025-01-10,34570,1185.0,1195.0,1182.0,1191.0,0,0,35700.0,42469200.0,1.0,1185.0,1195.0,1182.0,1191.0,35700.0
2025-01-14,34570,1182.0,1188.0,1170.0,1178.0,0,0,58400.0,68748800.0,1.0,1182.0,1188.0,1170.0,1178.0,58400.0
2025-01-15,34570,1178.0,1186.0,1171.0,1174.0,0,0,41300.0,48561600.0,1.0,1178.0,1186.0,1171.0,1174.0,41300.0
2025-01-16,34570,1174.0,1177.0,1161.0,1165.0,0,0,49300.0,57520500.0,1.0,1174.0,1177.0,1161.0,1165.0,49300.0
2025-01-17,34570,1167.0,1174.0,1160.0,1174.0,0,0,46200.0,53951800.0,1.0,1167.0,1174.0,1160.0,1174.0,46200.0
2025-01-20,34570,1180.0,1206.0,1180.0,1206.0,0,0,54700.0,65363900.0,1.0,1180.0,1206.0,1180.0,1206.0,54700.0
2025-01-21,34570,1208.0,1213.0,1199.0,1208.0,0,0,45800.0,55285300.0,1.0,1208.0,1213.0,1199.0,1208.0,45800.0
2025-01-22,34570,1208.0,1217.0,1206.0,1213.0,0,0,30600.0,37064900.0,1.0,1208.0,1217.0,1206.0,1213.0,30600.0
2025-01-23,34570,1210.0,1213.0,1201.0,1205.0,0,0,22000.0,26530300.0,1.0,1210.0,1213.0,1201.0,1205.0,22000.0
2025-01-24,34570,1203.0,1208.0,1189.0,1195.0,0,0,63700.0,76328900.0,1.0,1203.0,1208.0,1189.0,1195.0,63700.0
2025-01-27,34570,1195.0,1212.0,1195.0,1208.0,0,0,48400.0,58355100.0,1.0,1195.0,1212.0,1195.0,1208.0,48400.0
2025-01-28,34570,1209.0,1223.0,1208.0,1223.0,0,0,69200.0,84221600.0,1.0,1209.0,1223.0,1208.0,1223.0,69200.0
2025-01-29,34570,1221.0,1223.0,1208.0,1210.0,0,0,43900.0,53288600.0,1.0,1221.0,1223.0,1208.0,1210.0,43900.0
2025-01-30,34570,1209.0,1219.0,1204.0,1210.0,0,0,46200.0,55914200.0,1.0,1209.0,1219.0,1204.0,1210.0,46200.0
2025-01-31,34570,1210.0,1210.0,1199.0,1208.0,0,0,27200.0,32723900.0,1.0,1210.0,1210.0,1199.0,1208.0,27200.0
2025-02-03,34570,1208.0,1214.0,1195.0,1207.0,0,0,72600.0,87422200.0,1.0,1208.0,1214.0,1195.0,1207.0,72600.0
2025-02-04,34570,1207.0,1213.0,1200.0,1200.0,0,0,27400.0,33011700.0,1.0,1207.0,1213.0,1200.0,1200.0,27400.0
2025-02-05,34570,1200.0,1212.0,1200.0,1210.0,0,0,27200.0,32832100.0,1.0,1200.0,1212.0,1200.0,1210.0,27200.0
2025-02-06,34570,1210.0,1224.0,1210.0,1224.0,0,0,23200.0,28276300.0,1.0,1210.0,1224.0,1210.0,1224.0,23200.0
2025-02-07,34570,1213.0,1223.0,1213.0,1217.0,0,0,38600.0,47009900.0,1.0,1213.0,1223.0,1213.0,1217.0,38600.0
2025-02-10,34570,1208.0,1217.0,1205.0,1208.0,0,0,27000.0,32658100.0,1.0,1208.0,1217.0,1205.0,1208.0,27000.0
2025-02-12,34570,1208.0,1217.0,1205.0,1211.0,0,0,34500.0,41713100.0,1.0,1208.0,1217.0,1205.0,1211.0,34500.0
2025-02-13,34570,1211.0,1215.0,1204.0,1214.0,0,0,33300.0,40298000.0,1.0,1211.0,1215.0,1204.0,1214.0,33300.0
2025-02-14,34570,1200.0,1213.0,1183.0,1213.0,0,0,59400.0,71166600.0,1.0,1200.0,1213.0,1183.0,1213.0,59400.0
2025-02-17,34570,1225.0,1234.0,1203.0,1203.0,0,0,53900.0,65643200.0,1.0,1225.0,1234.0,1203.0,1203.0,53900.0
2025-02-18,34570,1203.0,1211.0,1191.0,1205.0,0,0,51500.0,61883600.0,1.0,1203.0,1211.0,1191.0,1205.0,51500.0
2025-02-19,34570,1210.0,1216.0,1198.0,1198.0,0,0,32800.0,39614700.0,1.0,1210.0,1216.0,1198.0,1198.0,32800.0
2025-02-20,34570,1198.0,1200.0,1192.0,1194.0,0,0,43900.0,52484500.0,1.0,1198.0,1200.0,1192.0,1194.0,43900.0
2025-02-21,34570,1191.0,1191.0,1171.0,1171.0,0,0,62400.0,73590000.0,1.0,1191.0,1191.0,1171.0,1171.0,62400.0
2025-02-25,34570,1166.0,1178.0,1161.0,1161.0,0,0,34900.0,40744600.0,1.0,1166.0,1178.0,1161.0,1161.0,34900.0
2025-02-26,34570,1161.0,1165.0,1144.0,1162.0,0,0,51000.0,58891200.0,1.0,1161.0,1165.0,1144.0,1162.0,51000.0
2025-02-27,34570,1160.0,1177.0,1160.0,1170.0,0,0,37400.0,43672500.0,1.0,1160.0,1177.0,1160.0,1170.0,37400.0
2025-02-28,34570,1170.0,1174.0,1152.0,1174.0,0,0,93700.0,109273900.0,1.0,1170.0,1174.0,1152.0,1174.0,93700.0
2025-03-03,34570,1181.0,1238.0,1181.0,1230.0,0,0,402200.0,484519500.0,1.0,1181.0,1238.0,1181.0,1230.0,402200.0
2025-03-04,34570,1224.0,1224.0,1196.0,1223.0,0,0,70800.0,85711800.0,1.0,1224.0,1224.0,1196.0,1223.0,70800.0
2025-03-05,34570,1211.0,1232.0,1211.0,1219.0,0,0,37700.0,46110900.0,1.0,1211.0,1232.0,1211.0,1219.0,37700.0
2025-03-06,34570,1233.0,1238.0,1225.0,1231.0,0,0,30600.0,37697600.0,1.0,1233.0,1238.0,1225.0,1231.0,30600.0
2025-03-07,34570,1231.0,1231.0,1201.0,1225.0,0,0,35200.0,42889400.0,1.0,1231.0,1231.0,1201.0,1225.0,35200.0
2025-03-10,34570,1225.0,1227.0,1215.0,1226.0,0,0,18200.0,22257800.0,1.0,1225.0,1227.0,1215.0,1226.0,18200.0
2025-03-11,34570,1211.0,1212.0,1197.0,1212.0,0,0,37600.0,45314500.0,1.0,1211.0,1212.0,1197.0,1212.0,37600.0
2025-03-12,34570,1212.0,1224.0,1210.0,1219.0,0,0,24100.0,29338600.0,1.0,1212.0,1224.0,1210.0,1219.0,24100.0
2025-03-13,34570,1221.0,1221.0,1204.0,1213.0,0,0,33900.0,41150000.0,1.0,1221.0,1221.0,1204.0,1213.0,33900.0
2025-03-14,34570,1213.0,1228.0,1212.0,1228.0,0,0,40500.0,49494800.0,1.0,1213.0,1228.0,1212.0,1228.0,40500.0
2025-03-17,34570,1235.0,1246.0,1228.0,1235.0,0,0,67200.0,83082100.0,1.0,1235.0,1246.0,1228.0,1235.0,67200.0
2025-03-18,34570,1236.0,1262.0,1236.0,1243.0,0,0,58900.0,73576300.0,1.0,1236.0,1262.0,1236.0,1243.0,58900.0
2025-03-19,34570,1259.0,1272.0,1253.0,1270.0,0,0,52400.0,66255400.0,1.0,1259.0,1272.0,1253.0,1270.0,52400.0
2025-03-21,34570,1270.0,1270.0,1255.0,1255.0,0,0,45300.0,57188700.0,1.0,1270.0,1270.0,1255.0,1255.0,45300.0
2025-03-24,34570,1261.0,1277.0,1252.0,1277.0,0,0,51600.0,65322600.0,1.0,1261.0,1277.0,1252.0,1277.0,51600.0
2025-03-25,34570,1285.0,1287.0,1255.0,1270.0,0,0,37800.0,48002200.0,1.0,1285.0,1287.0,1255.0,1270.0,37800.0
2025-03-26,34570,1279.0,1279.0,1257.0,1273.0,0,0,73000.0,92811400.0,1.0,1279.0,1279.0,1257.0,1273.0,73000.0
2025-03-27,34570,1277.0,1288.0,1270.0,1287.0,0,0,193300.0,247788500.0,1.0,1277.0,1288.0,1270.0,1287.0,193300.0
2025-03-28,34570,1288.0,1305.0,1266.0,1301.0,0,0,244800.0,316931300.0,1.0,1288.0,1305.0,1266.0,1301.0,244800.0
2025-03-31,34570,1296.0,1296.0,1254.0,1266.0,0,0,147800.0,188546100.0,1.0,1296.0,1296.0,1254.0,1266.0,147800.0
2025-04-01,34570,1276.0,1303.0,1273.0,1303.0,0,0,208500.0,269729900.0,1.0,1276.0,1303.0,1273.0,1303.0,208500.0
2025-04-02,34570,1303.0,1317.0,1269.0,1296.0,0,0,197600.0,255744000.0,1.0,1303.0,1317.0,1269.0,1296.0,197600.0
2025-04-03,34570,1290.0,1291.0,1256.0,1260.0,0,0,147600.0,188604800.0,1.0,1290.0,1291.0,1256.0,1260.0,147600.0
2025-04-04,34570,1246.0,1246.0,1203.0,1224.0,0,0,150600.0,184284400.0,1.0,1246.0,1246.0,1203.0,1224.0,150600.0
2025-04-07,34570,1164.0,1181.0,1112.0,1127.0,0,0,219000.0,251241600.0,1.0,1164.0,1181.0,1112.0,1127.0,219000.0
2025-04-08,34570,1175.0,1231.0,1175.0,1199.0,0,0,77400.0,93295500.0,1.0,1175.0,1231.0,1175.0,1199.0,77400.0
2025-04-09,34570,1190.0,1190.0,1157.0,1186.0,0,0,71100.0,83525700.0,1.0,1190.0,1190.0,1157.0,1186.0,71100.0
2025-04-10,34570,1216.0,1244.0,1216.0,1235.0,0,0,96800.0,119258800.0,1.0,1216.0,1244.0,1216.0,1235.0,96800.0
2025-04-11,34570,1216.0,1248.0,1192.0,1242.0,0,0,76200.0,93540000.0,1.0,1216.0,1248.0,1192.0,1242.0,76200.0
2025-04-14,34570,1242.0,1272.0,1228.0,1261.0,0,0,53600.0,67621100.0,1.0,1242.0,1272.0,1228.0,1261.0,53600.0
2025-04-15,34570,1265.0,1273.0,1262.0,1269.0,0,0,32600.0,41300000.0,1.0,1265.0,1273.0,1262.0,1269.0,32600.0
2025-04-16,34570,1269.0,1275.0,1252.0,1255.0,0,0,47200.0,59620500.0,1.0,1269.0,1275.0,1252.0,1255.0,47200.0
2025-04-17,34570,1255.0,1275.0,1255.0,1275.0,0,0,31800.0,40341900.0,1.0,1255.0,1275.0,1255.0,1275.0,31800.0
2025-04-18,34570,1280.0,1330.0,1280.0,1330.0,0,0,106800.0,140304800.0,1.0,1280.0,1330.0,1280.0,1330.0,106800.0
2025-04-21,34570,1330.0,1343.0,1327.0,1332.0,0,0,100600.0,134141900.0,1.0,1330.0,1343.0,1327.0,1332.0,100600.0
2025-04-22,34570,1332.0,1381.0,1332.0,1374.0,0,0,101800.0,138691600.0,1.0,1332.0,1381.0,1332.0,1374.0,101800.0
2025-04-23,34570,1390.0,1395.0,1375.0,1391.0,0,0,52300.0,72502800.0,1.0,1390.0,1395.0,1375.0,1391.0,52300.0
2025-04-24,34570,1391.0,1391.0,1369.0,1376.0,0,0,47500.0,65512400.0,1.0,1391.0,1391.0,1369.0,1376.0,47500.0
2025-04-25,34570,1377.0,1389.0,1369.0,1371.0,0,0,39300.0,54112500.0,1.0,1377.0,1389.0,1369.0,1371.0,39300.0
2025-04-28,34570,1370.0,1372.0,1358.0,1359.0,0,0,64500.0,87925300.0,1.0,1370.0,1372.0,1358.0,1359.0,64500.0
2025-04-30,34570,1359.0,1379.0,1359.0,1366.0,0,0,39800.0,54261700.0,1.0,1359.0,1379.0,1359.0,1366.0,39800.0
2025-05-01,34570,1366.0,1367.0,1349.0,1349.0,0,0,40600.0,55027100.0,1.0,1366.0,1367.0,1349.0,1349.0,40600.0
2025-05-02,34570,1338.0,1347.0,1334.0,1334.0,0,0,58000.0,77598900.0,1.0,1338.0,1347.0,1334.0,1334.0,58000.0
2025-05-07,34570,1334.0,1348.0,1333.0,1342.0,0,0,43400.0,58157500.0,1.0,1334.0,1348.0,1333.0,1342.0,43400.0
2025-05-08,34570,1342.0,1342.0,1311.0,1319.0,0,0,59800.0,79131300.0,1.0,1342.0,1342.0,1311.0,1319.0,59800.0
2025-05-09,34570,1323.0,1335.0,1322.0,1330.0,0,0,33900.0,45001800.0,1.0,1323.0,1335.0,1322.0,1330.0,33900.0
2025-05-12,34570,1333.0,1345.0,1330.0,1333.0,0,0,32100.0,42960200.0,1.0,1333.0,1345.0,1330.0,1333.0,32100.0
2025-05-13,34570,1333.0,1345.0,1333.0,1343.0,0,0,49300.0,65979800.0,1.0,1333.0,1345.0,1333.0,1343.0,49300.0
2025-05-14,34570,1300.0,1314.0,1270.0,1310.0,0,0,93400.0,120877200.0,1.0,1300.0,1314.0,1270.0,1310.0,93400.0
2025-05-15,34570,1302.0,1316.0,1299.0,1302.0,0,0,43700.0,57054400.0,1.0,1302.0,1316.0,1299.0,1302.0,43700.0
2025-05-16,34570,1314.0,1314.0,1271.0,1280.0,0,0,62500.0,80535900.0,1.0,1314.0,1314.0,1271.0,1280.0,62500.0
2025-05-19,34570,1285.0,1292.0,1281.0,1284.0,0,0,31300.0,40256500.0,1.0,1285.0,1292.0,1281.0,1284.0,31300.0
2025-05-20,34570,1273.0,1285.0,1259.0,1259.0,0,0,58900.0,74939600.0,1.0,1273.0,1285.0,1259.0,1259.0,58900.0
2025-05-21,34570,1260.0,1273.0,1253.0,1254.0,0,0,39900.0,50221300.0,1.0,1260.0,1273.0,1253.0,1254.0,39900.0
2025-05-22,34570,1247.0,1247.0,1228.0,1228.0,0,0,49600.0,61315400.0,1.0,1247.0,1247.0,1228.0,1228.0,49600.0
2025-05-23,34570,1240.0,1240.0,1220.0,1220.0,0,0,38300.0,47091500.0,1.0,1240.0,1240.0,1220.0,1220.0,38300.0
2025-05-26,34570,1235.0,1235.0,1218.0,1219.0,0,0,68100.0,83576300.0,1.0,1235.0,1235.0,1218.0,1219.0,68100.0
2025-05-27,34570,1219.0,1233.0,1217.0,1233.0,0,0,29000.0,35534600.0,1.0,1219.0,1233.0,1217.0,1233.0,29000.0
2025-05-28,34570,1245.0,1247.0,1230.0,1232.0,0,0,65100.0,80647700.0,1.0,1245.0,1247.0,1230.0,1232.0,65100.0
2025-05-29,34570,1242.0,1251.0,1234.0,1242.0,0,0,89200.0,110760800.0,1.0,1242.0,1251.0,1234.0,1242.0,89200.0
2025-05-30,34570,1237.0,1269.0,1234.0,1265.0,0,0,37700.0,47273600.0,1.0,1237.0,1269.0,1234.0,1265.0,37700.0
2025-06-02,34570,1253.0,1272.0,1243.0,1250.0,0,0,77800.0,97492400.0,1.0,1253.0,1272.0,1243.0,1250.0,77800.0
2025-06-03,34570,1251.0,1251.0,1230.0,1234.0,0,0,72500.0,89852100.0,1.0,1251.0,1251.0,1230.0,1234.0,72500.0
2025-06-04,34570,1240.0,1246.0,1235.0,1242.0,0,0,35800.0,44442200.0,1.0,1240.0,1246.0,1235.0,1242.0,35800.0
2025-06-05,34570,1235.0,1248.0,1222.0,1222.0,0,0,95300.0,117484100.0,1.0,1235.0,1248.0,1222.0,1222.0,95300.0
2025-06-06,34570,1226.0,1234.0,1224.0,1232.0,0,0,54600.0,67095200.0,1.0,1226.0,1234.0,1224.0,1232.0,54600.0
2025-06-09,34570,1232.0,1238.0,1214.0,1215.0,0,0,96900.0,118422700.0,1.0,1232.0,1238.0,1214.0,1215.0,96900.0
2025-06-10,34570,1215.0,1219.0,1210.0,1214.0,0,0,69400.0,84252400.0,1.0,1215.0,1219.0,1210.0,1214.0,69400.0
2025-06-11,34570,1214.0,1222.0,1213.0,1219.0,0,0,47700.0,58037100.0,1.0,1214.0,1222.0,1213.0,1219.0,47700.0
2025-06-12,34570,1217.0,1218.0,1201.0,1201.0,0,0,92400.0,111630100.0,1.0,1217.0,1218.0,1201.0,1201.0,92400.0
2025-06-13,34570,1200.0,1205.0,1188.0,1190.0,0,0,92200.0,110111000.0,1.0,1200.0,1205.0,1188.0,1190.0,92200.0
2025-06-16,34570,1209.0,1209.0,1180.0,1181.0,0,0,89600.0,106627200.0,1.0,1209.0,1209.0,1180.0,1181.0,89600.0
2025-06-17,34570,1187.0,1192.0,1179.0,1185.0,0,0,66400.0,78767000.0,1.0,1187.0,1192.0,1179.0,1185.0,66400.0
2025-06-18,34570,1184.0,1190.0,1180.0,1188.0,0,0,44100.0,52258500.0,1.0,1184.0,1190.0,1180.0,1188.0,44100.0
2025-06-19,34570,1189.0,1198.0,1189.0,1191.0,0,0,45700.0,54504000.0,1.0,1189.0,1198.0,1189.0,1191.0,45700.0
2025-06-20,34570,1191.0,1202.0,1191.0,1196.0,0,0,30200.0,36152200.0,1.0,1191.0,1202.0,1191.0,1196.0,30200.0
2025-06-23,34570,1196.0,1214.0,1193.0,1208.0,0,0,61300.0,73845300.0,1.0,1196.0,1214.0,1193.0,1208.0,61300.0
2025-06-24,34570,1217.0,1222.0,1208.0,1208.0,0,0,54400.0,65988100.0,1.0,1217.0,1222.0,1208.0,1208.0,54400.0
2025-06-25,34570,1215.0,1215.0,1208.0,1212.0,0,0,54900.0,66525000.0,1.0,1215.0,1215.0,1208.0,1212.0,54900.0
2025-06-26,34570,1211.0,1215.0,1209.0,1211.0,0,0,141700.0,171704200.0,1.0,1211.0,1215.0,1209.0,1211.0,141700.0
2025-06-27,34570,1134.0,1138.0,1114.0,1116.0,0,0,513900.0,576720800.0,1.0,1134.0,1138.0,1114.0,1116.0,513900.0
2025-06-30,34570,1127.0,1129.0,1103.0,1103.0,0,0,275400.0,307230800.0,1.0,1127.0,1129.0,1103.0,1103.0,275400.0
2025-07-01,34570,1101.0,1101.0,1087.0,1089.0,0,0,173100.0,189582700.0,1.0,1101.0,1101.0,1087.0,1089.0,173100.0
2025-07-02,34570,1093.0,1108.0,1090.0,1097.0,0,0,90000.0,98841000.0,1.0,1093.0,1108.0,1090.0,1097.0,90000.0
2025-07-03,34570,1097.0,1103.0,1090.0,1093.0,0,0,83400.0,91395400.0,1.0,1097.0,1103.0,1090.0,1093.0,83400.0
2025-07-04,34570,1100.0,1101.0,1087.0,1093.0,0,0,52100.0,57027500.0,1.0,1100.0,1101.0,1087.0,1093.0,52100.0
2025-07-07,34570,1087.0,1087.0,1072.0,1080.0,0,0,83200.0,89685600.0,1.0,1087.0,1087.0,1072.0,1080.0,83200.0
2025-07-08,34570,1082.0,1088.0,1080.0,1081.0,0,0,43500.0,47115100.0,1.0,1082.0,1088.0,1080.0,1081.0,43500.0
2025-07-09,34570,1085.0,1090.0,1078.0,1082.0,0,0,35600.0,38574500.0,1.0,1085.0,1090.0,1078.0,1082.0,35600.0
2025-07-10,34570,1084.0,1084.0,1070.0,1072.0,0,0,66000.0,70791700.0,1.0,1084.0,1084.0,1070.0,1072.0,66000.0
2025-07-11,34570,1076.0,1089.0,1076.0,1082.0,0,0,61100.0,66239700.0,1.0,1076.0,1089.0,1076.0,1082.0,61100.0
2025-07-14,34570,1079.0,1092.0,1075.0,1089.0,0,0,43000.0,46686600.0,1.0,1079.0,1092.0,1075.0,1089.0,43000.0
2025-07-15,34570,1096.0,1096.0,1077.0,1082.0,0,0,45600.0,49408000.0,1.0,1096.0,1096.0,1077.0,1082.0,45600.0
2025-07-16,34570,1077.0,1078.0,1064.0,1070.0,0,0,81400.0,87109600.0,1.0,1077.0,1078.0,1064.0,1070.0,81400.0
2025-07-17,34570,1070.0,1079.0,1070.0,1079.0,0,0,26200.0,28198500.0,1.0,1070.0,1079.0,1070.0,1079.0,26200.0
2025-07-18,34570,1082.0,1089.0,1073.0,1077.0,0,0,40800.0,44143300.0,1.0,1082.0,1089.0,1073.0,1077.0,40800.0
2025-07-22,34570,1077.0,1080.0,1063.0,1065.0,0,0,67100.0,71673500.0,1.0,1077.0,1080.0,1063.0,1065.0,67100.0
2025-07-23,34570,1066.0,1081.0,1066.0,1073.0,0,0,71700.0,77012600.0,1.0,1066.0,1081.0,1066.0,1073.0,71700.0
2025-07-24,34570,1079.0,1080.0,1072.0,1074.0,0,0,36100.0,38844800.0,1.0,1079.0,1080.0,1072.0,1074.0,36100.0
2025-07-25,34570,1078.0,1078.0,1065.0,1074.0,0,0,34700.0,37237100.0,1.0,1078.0,1078.0,1065.0,1074.0,34700.0
2025-07-28,34570,1074.0,1082.0,1072.0,1080.0,0,0,30700.0,33118500.0,1.0,1074.0,1082.0,1072.0,1080.0,30700.0
2025-07-29,34570,1080.0,1085.0,1075.0,1085.0,0,0,44200.0,47799100.0,1.0,1080.0,1085.0,1075.0,1085.0,44200.0
2025-07-30,34570,1085.0,1091.0,1080.0,1091.0,0,0,52300.0,56918300.0,1.0,1085.0,1091.0,1080.0,1091.0,52300.0
2025-07-31,34570,1091.0,1093.0,1083.0,1089.0,0,0,32100.0,34880700.0,1.0,1091.0,1093.0,1083.0,1089.0,32100.0
2025-08-01,34570,1090.0,1106.0,1090.0,1105.0,0,0,70400.0,77414400.0,1.0,1090.0,1106.0,1090.0,1105.0,70400.0
2025-08-04,34570,1085.0,1100.0,1085.0,1096.0,0,0,42400.0,46417300.0,1.0,1085.0,1100.0,1085.0,1096.0,42400.0
2025-08-05,34570,1094.0,1099.0,1093.0,1093.0,0,0,24300.0,26608300.0,1.0,1094.0,1099.0,1093.0,1093.0,24300.0
2025-08-06,34570,1095.0,1102.0,1095.0,1099.0,0,0,23900.0,26264800.0,1.0,1095.0,1102.0,1095.0,1099.0,23900.0
2025-08-07,34570,1101.0,1103.0,1095.0,1099.0,0,0,27600.0,30353400.0,1.0,1101.0,1103.0,1095.0,1099.0,27600.0
2025-08-08,34570,1100.0,1115.0,1100.0,1114.0,0,0,48000.0,53198300.0,1.0,1100.0,1115.0,1100.0,1114.0,48000.0
2025-08-12,34570,1118.0,1120.0,1111.0,1116.0,0,0,48900.0,54580100.0,1.0,1118.0,1120.0,1111.0,1116.0,48900.0
2025-08-13,34570,1086.0,1089.0,1061.0,1072.0,0,0,213100.0,229427700.0,1.0,1086.0,1089.0,1061.0,1072.0,213100.0
2025-08-14,34570,1080.0,1080.0,1069.0,1071.0,0,0,65900.0,70728300.0,1.0,1080.0,1080.0,1069.0,1071.0,65900.0
2025-08-15,34570,1080.0,1084.0,1067.0,1067.0,0,0,110900.0,118952600.0,1.0,1080.0,1084.0,1067.0,1067.0,110900.0
2025-08-18,34570,1077.0,1092.0,1073.0,1083.0,0,0,95800.0,103763700.0,1.0,1077.0,1092.0,1073.0,1083.0,95800.0
2025-08-19,34570,1091.0,1092.0,1083.0,1089.0,0,0,42200.0,45914200.0,1.0,1091.0,1092.0,1083.0,1089.0,42200.0
2025-08-20,34570,1089.0,1093.0,1085.0,1086.0,0,0,39000.0,42441400.0,1.0,1089.0,1093.0,1085.0,1086.0,39000.0
2025-08-21,34570,1089.0,1089.0,1079.0,1079.0,0,0,33000.0,35732800.0,1.0,1089.0,1089.0,1079.0,1079.0,33000.0
2025-08-22,34570,1086.0,1091.0,1080.0,1088.0,0,0,30800.0,33481400.0,1.0,1086.0,1091.0,1080.0,1088.0,30800.0
2025-08-25,34570,1094.0,1099.0,1089.0,1094.0,0,0,35200.0,38521700.0,1.0,1094.0,1099.0,1089.0,1094.0,35200.0
2025-08-26,34570,1092.0,1094.0,1085.0,1085.0,0,0,28900.0,31439500.0,1.0,1092.0,1094.0,1085.0,1085.0,28900.0
2025-08-27,34570,1083.0,1083.0,1077.0,1078.0,0,0,44700.0,48247300.0,1.0,1083.0,1083.0,1077.0,1078.0,44700.0
2025-08-28,34570,1079.0,1085.0,1075.0,1085.0,0,0,69100.0,74639900.0,1.0,1079.0,1085.0,1075.0,1085.0,69100.0
2025-08-29,34570,1085.0,1085.0,1076.0,1078.0,0,0,21400.0,23093300.0,1.0,1085.0,1085.0,1076.0,1078.0,21400.0
2025-09-01,34570,1083.0,1090.0,1078.0,1085.0,0,0,24400.0,26456100.0,1.0,1083.0,1090.0,1078.0,1085.0,24400.0
2025-09-02,34570,1090.0,1100.0,1090.0,1099.0,0,0,33000.0,36192900.0,1.0,1090.0,1100.0,1090.0,1099.0,33000.0
2025-09-03,34570,1110.0,1116.0,1098.0,1110.0,0,0,39000.0,43187100.0,1.0,1110.0,1116.0,1098.0,1110.0,39000.0
2025-09-04,34570,1112.0,1112.0,1101.0,1110.0,0,0,21300.0,23578800.0,1.0,1112.0,1112.0,1101.0,1110.0,21300.0
2025-09-05,34570,1111.0,1114.0,1104.0,1112.0,0,0,49700.0,55160000.0,1.0,1111.0,1114.0,1104.0,1112.0,49700.0
2025-09-08,34570,1114.0,1120.0,1113.0,1118.0,0,0,25000.0,27925300.0,1.0,1114.0,1120.0,1113.0,1118.0,25000.0
2025-09-09,34570,1120.0,1122.0,1114.0,1117.0,0,0,36900.0,41295900.0,1.0,1120.0,1122.0,1114.0,1117.0,36900.0
2025-09-10,34570,1117.0,1121.0,1111.0,1112.0,0,0,12600.0,14051600.0,1.0,1117.0,1121.0,1111.0,1112.0,12600.0
2025-09-11,34570,1110.0,1112.0,1104.0,1108.0,0,0,23800.0,26371500.0,1.0,1110.0,1112.0,1104.0,1108.0,23800.0
2025-09-12,34570,1111.0,1116.0,1107.0,1112.0,0,0,39600.0,43981600.0,1.0,1111.0,1116.0,1107.0,1112.0,39600.0
2025-09-16,34570,1110.0,1117.0,1105.0,1115.0,0,0,58000.0,64579600.0,1.0,1110.0,1117.0,1105.0,1115.0,58000.0
2025-09-17,34570,1112.0,1113.0,1102.0,1103.0,0,0,19300.0,21355000.0,1.0,1112.0,1113.0,1102.0,1103.0,19300.0
2025-09-18,34570,1107.0,1113.0,1102.0,1113.0,0,0,26600.0,29483800.0,1.0,1107.0,1113.0,1102.0,1113.0,26600.0
2025-09-19,34570,1118.0,1125.0,1112.0,1116.0,0,0,49700.0,55573900.0,1.0,1118.0,1125.0,1112.0,1116.0,49700.0
2025-09-22,34570,1122.0,1133.0,1122.0,1126.0,0,0,36800.0,41528600.0,1.0,1122.0,1133.0,1122.0,1126.0,36800.0
2025-09-24,34570,1125.0,1128.0,1119.0,1125.0,0,0,30600.0,34357900.0,1.0,1125.0,1128.0,1119.0,1125.0,30600.0
2025-09-25,34570,1127.0,1130.0,1117.0,1127.0,0,0,56400.0,63477200.0,1.0,1127.0,1130.0,1117.0,1127.0,56400.0
2025-09-26,34570,1125.0,1138.0,1121.0,1134.0,0,0,47100.0,53265200.0,1.0,1125.0,1138.0,1121.0,1134.0,47100.0
2025-09-29,34570,1134.0,1134.0,1122.0,1123.0,0,0,43500.0,48985400.0,1.0,1134.0,1134.0,1122.0,1123.0,43500.0
2025-09-30,34570,1130.0,1130.0,1111.0,1111.0,0,0,42600.0,47593900.0,1.0,1130.0,1130.0,1111.0,1111.0,42600.0
2025-10-01,34570,1112.0,1112.0,1071.0,1071.0,0,0,77600.0,84171600.0,1.0,1112.0,1112.0,1071.0,1071.0,77600.0
2025-10-02,34570,1073.0,1081.0,1057.0,1064.0,0,0,70100.0,74696300.0,1.0,1073.0,1081.0,1057.0,1064.0,70100.0
2025-10-03,34570,1061.0,1080.0,1061.0,1068.0,0,0,33800.0,36257500.0,1.0,1061.0,1080.0,1061.0,1068.0,33800.0
2025-10-06,34570,1080.0,1088.0,1071.0,1077.0,0,0,71800.0,77255000.0,1.0,1080.0,1088.0,1071.0,1077.0,71800.0
2025-10-07,34570,1078.0,1080.0,1071.0,1075.0,0,0,27300.0,29372400.0,1.0,1078.0,1080.0,1071.0,1075.0,27300.0
2025-10-08,34570,1075.0,1086.0,1069.0,1069.0,0,0,40600.0,43688800.0,1.0,1075.0,1086.0,1069.0,1069.0,40600.0
2025-10-09,34570,1068.0,1072.0,1061.0,1062.0,0,0,33100.0,35244800.0,1.0,1068.0,1072.0,1061.0,1062.0,33100.0
2025-10-10,34570,1060.0,1061.0,1052.0,1055.0,0,0,60700.0,64057000.0,1.0,1060.0,1061.0,1052.0,1055.0,60700.0
2025-10-14,34570,1047.0,1054.0,1040.0,1049.0,0,0,53000.0,55469900.0,1.0,1047.0,1054.0,1040.0,1049.0,53000.0
2025-10-15,34570,1057.0,1063.0,1049.0,1060.0,0,0,34900.0,36927600.0,1.0,1057.0,1063.0,1049.0,1060.0,34900.0
2025-10-16,34570,1074.0,1074.0,1055.0,1055.0,0,0,51100.0,54423000.0,1.0,1074.0,1074.0,1055.0,1055.0,51100.0
2025-10-17,34570,1055.0,1055.0,1043.0,1045.0,0,0,39400.0,41320900.0,1.0,1055.0,1055.0,1043.0,1045.0,39400.0
2025-10-20,34570,1051.0,1061.0,1049.0,1055.0,0,0,44500.0,46922800.0,1.0,1051.0,1061.0,1049.0,1055.0,44500.0
2025-10-21,34570,1056.0,1059.0,1049.0,1050.0,0,0,39700.0,41798300.0,1.0,1056.0,1059.0,1049.0,1050.0,39700.0
2025-10-22,34570,1050.0,1072.0,1050.0,1070.0,0,0,41300.0,43940400.0,1.0,1050.0,1072.0,1050.0,1070.0,41300.0
2025-10-23,34570,1070.0,1074.0,1062.0,1071.0,0,0,27200.0,29100700.0,1.0,1070.0,1074.0,1062.0,1071.0,27200.0
2025-10-24,34570,1071.0,1074.0,1065.0,1073.0,0,0,22700.0,24317700.0,1.0,1071.0,1074.0,1065.0,1073.0,22700.0
2025-10-27,34570,1082.0,1088.0,1079.0,1085.0,0,0,31700.0,34359800.0,1.0,1082.0,1088.0,1079.0,1085.0,31700.0
2025-10-28,34570,1078.0,1084.0,1070.0,1077.0,0,0,49700.0,53604400.0,1.0,1078.0,1084.0,1070.0,1077.0,49700.0
2025-10-29,34570,1077.0,1080.0,1063.0,1065.0,0,0,96300.0,102976800.0,1.0,1077.0,1080.0,1063.0,1065.0,96300.0
