Date,Code,Open,High,Low,Close,UpperLimit,LowerLimit,Volume,TurnoverValue,AdjustmentFactor,AdjustmentOpen,AdjustmentHigh,AdjustmentLow,AdjustmentClose,AdjustmentVolume
2020-10-29,36260,2027.0,2057.0,2022.0,2052.0,0,0,393100.0,801728200.0,1.0,2027.0,2057.0,2022.0,2052.0,393100.0
2020-10-30,36260,2043.0,2044.0,1992.0,2001.0,0,0,613500.0,1232621800.0,1.0,2043.0,2044.0,1992.0,2001.0,613500.0
2020-11-02,36260,2010.0,2030.0,1998.0,2003.0,0,0,505300.0,1015596600.0,1.0,2010.0,2030.0,1998.0,2003.0,505300.0
2020-11-04,36260,2024.0,2087.0,2008.0,2087.0,0,0,997100.0,2052345700.0,1.0,2024.0,2087.0,2008.0,2087.0,997100.0
2020-11-05,36260,2099.0,2164.0,2090.0,2159.0,0,0,635600.0,1362618300.0,1.0,2099.0,2164.0,2090.0,2159.0,635600.0
2020-11-06,36260,2158.0,2167.0,2129.0,2159.0,0,0,666500.0,1438213300.0,1.0,2158.0,2167.0,2129.0,2159.0,666500.0
2020-11-09,36260,2170.0,2223.0,2153.0,2218.0,0,0,762800.0,1678694100.0,1.0,2170.0,2223.0,2153.0,2218.0,762800.0
2020-11-10,36260,2181.0,2218.0,2177.0,2213.0,0,0,1184500.0,2609618400.0,1.0,2181.0,2218.0,2177.0,2213.0,1184500.0
2020-11-11,36260,2191.0,2213.0,2120.0,2140.0,0,0,1180000.0,2534242800.0,1.0,2191.0,2213.0,2120.0,2140.0,1180000.0
2020-11-12,36260,2120.0,2154.0,2113.0,2135.0,0,0,643000.0,1370764700.0,1.0,2120.0,2154.0,2113.0,2135.0,643000.0
2020-11-13,36260,2121.0,2121.0,2046.0,2067.0,0,0,588300.0,1216671500.0,1.0,2121.0,2121.0,2046.0,2067.0,588300.0
2020-11-16,36260,2070.0,2078.0,2045.0,2056.0,0,0,650700.0,1339398900.0,1.0,2070.0,2078.0,2045.0,2056.0,650700.0
2020-11-17,36260,2051.0,2053.0,1986.0,1995.0,0,0,828800.0,1660199000.0,1.0,2051.0,2053.0,1986.0,1995.0,828800.0
2020-11-18,36260,1999.0,2030.0,1996.0,2024.0,0,0,681700.0,1376626300.0,1.0,1999.0,2030.0,1996.0,2024.0,681700.0
2020-11-19,36260,2010.0,2061.0,1991.0,2059.0,0,0,832700.0,1698173500.0,1.0,2010.0,2061.0,1991.0,2059.0,832700.0
2020-11-20,36260,2010.0,2041.0,2004.0,2016.0,0,0,793100.0,1596729300.0,1.0,2010.0,2041.0,2004.0,2016.0,793100.0
2020-11-24,36260,2060.0,2090.0,2057.0,2077.0,0,0,1109700.0,2306097600.0,1.0,2060.0,2090.0,2057.0,2077.0,1109700.0
2020-11-25,36260,2088.0,2117.0,2074.0,2077.0,0,0,760200.0,1589125800.0,1.0,2088.0,2117.0,2074.0,2077.0,760200.0
2020-11-26,36260,2070.0,2098.0,2066.0,2091.0,0,0,1163600.0,2430631500.0,1.0,2070.0,2098.0,2066.0,2091.0,1163600.0
2020-11-27,36260,2099.0,2150.0,2095.0,2143.0,0,0,1220600.0,2596155000.0,1.0,2099.0,2150.0,2095.0,2143.0,1220600.0
2020-11-30,36260,2146.0,2153.0,2068.0,2078.0,0,0,1281400.0,2683035300.0,1.0,2146.0,2153.0,2068.0,2078.0,1281400.0
2020-12-01,36260,2060.0,2101.0,2060.0,2087.0,0,0,790500.0,1648501100.0,1.0,2060.0,2101.0,2060.0,2087.0,790500.0
2020-12-02,36260,2084.0,2095.0,2022.0,2028.0,0,0,1119000.0,2285556500.0,1.0,2084.0,2095.0,2022.0,2028.0,1119000.0
2020-12-03,36260,2015.0,2026.0,1972.0,2006.0,0,0,1290600.0,2578794900.0,1.0,2015.0,2026.0,1972.0,2006.0,1290600.0
2020-12-04,36260,1996.0,2033.0,1989.0,2018.0,0,0,638500.0,1283435700.0,1.0,1996.0,2033.0,1989.0,2018.0,638500.0
2020-12-07,36260,2026.0,2038.0,1990.0,1998.0,0,0,613100.0,1230746500.0,1.0,2026.0,2038.0,1990.0,1998.0,613100.0
2020-12-08,36260,2013.0,2069.0,2005.0,2049.0,0,0,701700.0,1437913600.0,1.0,2013.0,2069.0,2005.0,2049.0,701700.0
2020-12-09,36260,2057.0,2077.0,2047.0,2065.0,0,0,572200.0,1181463000.0,1.0,2057.0,2077.0,2047.0,2065.0,572200.0
2020-12-10,36260,2074.0,2087.0,2067.0,2071.0,0,0,760500.0,1577708900.0,1.0,2074.0,2087.0,2067.0,2071.0,760500.0
2020-12-11,36260,2079.0,2083.0,2041.0,2060.0,0,0,572200.0,1180363900.0,1.0,2079.0,2083.0,2041.0,2060.0,572200.0
2020-12-14,36260,2072.0,2095.0,2062.0,2063.0,0,0,436100.0,904106500.0,1.0,2072.0,2095.0,2062.0,2063.0,436100.0
2020-12-15,36260,2073.0,2088.0,2048.0,2067.0,0,0,583000.0,1207556800.0,1.0,2073.0,2088.0,2048.0,2067.0,583000.0
2020-12-16,36260,2059.0,2066.0,2034.0,2039.0,0,0,376700.0,769813000.0,1.0,2059.0,2066.0,2034.0,2039.0,376700.0
2020-12-17,36260,2038.0,2068.0,2018.0,2064.0,0,0,440500.0,902820500.0,1.0,2038.0,2068.0,2018.0,2064.0,440500.0
2020-12-18,36260,2018.0,2051.0,2012.0,2023.0,0,0,1164900.0,2360420600.0,1.0,2018.0,2051.0,2012.0,2023.0,1164900.0
2020-12-21,36260,2039.0,2055.0,2027.0,2044.0,0,0,441100.0,899608300.0,1.0,2039.0,2055.0,2027.0,2044.0,441100.0
2020-12-22,36260,2024.0,2036.0,2001.0,2011.0,0,0,450800.0,909516300.0,1.0,2024.0,2036.0,2001.0,2011.0,450800.0
2020-12-23,36260,2034.0,2083.0,2029.0,2073.0,0,0,631300.0,1302548400.0,1.0,2034.0,2083.0,2029.0,2073.0,631300.0
2020-12-24,36260,2061.0,2081.0,2053.0,2064.0,0,0,383200.0,792119900.0,1.0,2061.0,2081.0,2053.0,2064.0,383200.0
2020-12-25,36260,2074.0,2093.0,2063.0,2076.0,0,0,288400.0,599355100.0,1.0,2074.0,2093.0,2063.0,2076.0,288400.0
2020-12-28,36260,2103.0,2118.0,2074.0,2084.0,0,0,483100.0,1011183500.0,1.0,2103.0,2118.0,2074.0,2084.0,483100.0
2020-12-29,36260,2079.0,2128.0,2077.0,2128.0,0,0,525700.0,1110089200.0,1.0,2079.0,2128.0,2077.0,2128.0,525700.0
2020-12-30,36260,2126.0,2131.0,2096.0,2114.0,0,0,486900.0,1030319000.0,1.0,2126.0,2131.0,2096.0,2114.0,486900.0
2021-01-04,36260,2120.0,2125.0,2080.0,2099.0,0,0,342200.0,718455400.0,1.0,2120.0,2125.0,2080.0,2099.0,342200.0
2021-01-05,36260,2098.0,2117.0,2074.0,2089.0,0,0,736100.0,1541682500.0,1.0,2098.0,2117.0,2074.0,2089.0,736100.0
2021-01-06,36260,2083.0,2118.0,2081.0,2086.0,0,0,463000.0,969477700.0,1.0,2083.0,2118.0,2081.0,2086.0,463000.0
2021-01-07,36260,2109.0,2127.0,2096.0,2099.0,0,0,632500.0,1331431900.0,1.0,2109.0,2127.0,2096.0,2099.0,632500.0
2021-01-08,36260,2099.0,2146.0,2081.0,2133.0,0,0,863900.0,1834778100.0,1.0,2099.0,2146.0,2081.0,2133.0,863900.0
2021-01-12,36260,2136.0,2136.0,2087.0,2117.0,0,0,694600.0,1469505400.0,1.0,2136.0,2136.0,2087.0,2117.0,694600.0
2021-01-13,36260,2097.0,2115.0,2078.0,2103.0,0,0,705300.0,1480149100.0,1.0,2097.0,2115.0,2078.0,2103.0,705300.0
2021-01-14,36260,2090.0,2152.0,2086.0,2148.0,0,0,610600.0,1305749100.0,1.0,2090.0,2152.0,2086.0,2148.0,610600.0
2021-01-15,36260,2138.0,2158.0,2138.0,2145.0,0,0,621700.0,1334239700.0,1.0,2138.0,2158.0,2138.0,2145.0,621700.0
2021-01-18,36260,2136.0,2156.0,2126.0,2140.0,0,0,424800.0,908650100.0,1.0,2136.0,2156.0,2126.0,2140.0,424800.0
2021-01-19,36260,2140.0,2144.0,2119.0,2128.0,0,0,376800.0,801718200.0,1.0,2140.0,2144.0,2119.0,2128.0,376800.0
2021-01-20,36260,2135.0,2162.0,2129.0,2151.0,0,0,816100.0,1754053600.0,1.0,2135.0,2162.0,2129.0,2151.0,816100.0
2021-01-21,36260,2172.0,2204.0,2163.0,2201.0,0,0,883500.0,1938961500.0,1.0,2172.0,2204.0,2163.0,2201.0,883500.0
2021-01-22,36260,2186.0,2219.0,2182.0,2204.0,0,0,814100.0,1795893400.0,1.0,2186.0,2219.0,2182.0,2204.0,814100.0
2021-01-25,36260,2217.0,2227.0,2182.0,2192.0,0,0,583100.0,1280865100.0,1.0,2217.0,2227.0,2182.0,2192.0,583100.0
2021-01-26,36260,2182.0,2194.0,2171.0,2181.0,0,0,469200.0,1023752100.0,1.0,2182.0,2194.0,2171.0,2181.0,469200.0
2021-01-27,36260,2200.0,2263.0,2194.0,2261.0,0,0,1204300.0,2695930300.0,1.0,2200.0,2263.0,2194.0,2261.0,1204300.0
2021-01-28,36260,2236.0,2317.0,2232.0,2293.0,0,0,1859100.0,4227305400.0,1.0,2236.0,2317.0,2232.0,2293.0,1859100.0
2021-01-29,36260,2313.0,2364.0,2310.0,2330.0,0,0,1449300.0,3390516000.0,1.0,2313.0,2364.0,2310.0,2330.0,1449300.0
2021-02-01,36260,2321.0,2422.0,2313.0,2421.0,0,0,1354300.0,3230694000.0,1.0,2321.0,2422.0,2313.0,2421.0,1354300.0
2021-02-02,36260,2427.0,2437.0,2399.0,2410.0,0,0,1040900.0,2515483100.0,1.0,2427.0,2437.0,2399.0,2410.0,1040900.0
2021-02-03,36260,2422.0,2445.0,2406.0,2444.0,0,0,992500.0,2412844200.0,1.0,2422.0,2445.0,2406.0,2444.0,992500.0
2021-02-04,36260,2430.0,2441.0,2412.0,2434.0,0,0,808600.0,1961430600.0,1.0,2430.0,2441.0,2412.0,2434.0,808600.0
2021-02-05,36260,2445.0,2480.0,2420.0,2464.0,0,0,915700.0,2250954900.0,1.0,2445.0,2480.0,2420.0,2464.0,915700.0
2021-02-08,36260,2464.0,2488.0,2360.0,2442.0,0,0,1924700.0,4705543300.0,1.0,2464.0,2488.0,2360.0,2442.0,1924700.0
2021-02-09,36260,2427.0,2449.0,2401.0,2414.0,0,0,1073400.0,2588562300.0,1.0,2427.0,2449.0,2401.0,2414.0,1073400.0
2021-02-10,36260,2402.0,2405.0,2357.0,2376.0,0,0,783400.0,1859325200.0,1.0,2402.0,2405.0,2357.0,2376.0,783400.0
2021-02-12,36260,2390.0,2398.0,2374.0,2395.0,0,0,713800.0,1704082000.0,1.0,2390.0,2398.0,2374.0,2395.0,713800.0
2021-02-15,36260,2416.0,2435.0,2394.0,2418.0,0,0,441300.0,1067372400.0,1.0,2416.0,2435.0,2394.0,2418.0,441300.0
2021-02-16,36260,2427.0,2442.0,2385.0,2388.0,0,0,617300.0,1486385000.0,1.0,2427.0,2442.0,2385.0,2388.0,617300.0
2021-02-17,36260,2380.0,2382.0,2331.0,2336.0,0,0,564600.0,1322150200.0,1.0,2380.0,2382.0,2331.0,2336.0,564600.0
2021-02-18,36260,2320.0,2342.0,2286.0,2295.0,0,0,782000.0,1803220300.0,1.0,2320.0,2342.0,2286.0,2295.0,782000.0
2021-02-19,36260,2291.0,2301.0,2258.0,2275.0,0,0,352400.0,801088900.0,1.0,2291.0,2301.0,2258.0,2275.0,352400.0
2021-02-22,36260,2298.0,2304.0,2263.0,2264.0,0,0,398800.0,907499800.0,1.0,2298.0,2304.0,2263.0,2264.0,398800.0
2021-02-24,36260,2232.0,2252.0,2196.0,2207.0,0,0,1083500.0,2401039800.0,1.0,2232.0,2252.0,2196.0,2207.0,1083500.0
2021-02-25,36260,2223.0,2247.0,2211.0,2239.0,0,0,516400.0,1153937300.0,1.0,2223.0,2247.0,2211.0,2239.0,516400.0
2021-02-26,36260,2218.0,2242.0,2202.0,2214.0,0,0,945300.0,2098250000.0,1.0,2218.0,2242.0,2202.0,2214.0,945300.0
2021-03-01,36260,2264.0,2288.0,2249.0,2277.0,0,0,778200.0,1764230000.0,1.0,2264.0,2288.0,2249.0,2277.0,778200.0
2021-03-02,36260,2292.0,2294.0,2267.0,2292.0,0,0,846100.0,1932071800.0,1.0,2292.0,2294.0,2267.0,2292.0,846100.0
2021-03-03,36260,2300.0,2304.0,2247.0,2280.0,0,0,722200.0,1638704800.0,1.0,2300.0,2304.0,2247.0,2280.0,722200.0
2021-03-04,36260,2239.0,2264.0,2231.0,2254.0,0,0,514000.0,1156066400.0,1.0,2239.0,2264.0,2231.0,2254.0,514000.0
2021-03-05,36260,2241.0,2271.0,2223.0,2271.0,0,0,567000.0,1279368300.0,1.0,2241.0,2271.0,2223.0,2271.0,567000.0
2021-03-08,36260,2269.0,2276.0,2244.0,2252.0,0,0,614400.0,1386135800.0,1.0,2269.0,2276.0,2244.0,2252.0,614400.0
2021-03-09,36260,2248.0,2267.0,2231.0,2261.0,0,0,581400.0,1310045300.0,1.0,2248.0,2267.0,2231.0,2261.0,581400.0
2021-03-10,36260,2328.0,2354.0,2296.0,2321.0,0,0,774400.0,1799207600.0,1.0,2328.0,2354.0,2296.0,2321.0,774400.0
2021-03-11,36260,2318.0,2319.0,2288.0,2313.0,0,0,606200.0,1398201600.0,1.0,2318.0,2319.0,2288.0,2313.0,606200.0
2021-03-12,36260,2328.0,2390.0,2314.0,2381.0,0,0,700400.0,1653180700.0,1.0,2328.0,2390.0,2314.0,2381.0,700400.0
2021-03-15,36260,2370.0,2417.0,2361.0,2417.0,0,0,518500.0,1246784700.0,1.0,2370.0,2417.0,2361.0,2417.0,518500.0
2021-03-16,36260,2395.0,2434.0,2372.0,2434.0,0,0,686000.0,1657440400.0,1.0,2395.0,2434.0,2372.0,2434.0,686000.0
2021-03-17,36260,2414.0,2449.0,2411.0,2445.0,0,0,424300.0,1033280700.0,1.0,2414.0,2449.0,2411.0,2445.0,424300.0
2021-03-18,36260,2461.0,2506.0,2454.0,2504.0,0,0,861100.0,2146067500.0,1.0,2461.0,2506.0,2454.0,2504.0,861100.0
2021-03-19,36260,2462.0,2493.0,2452.0,2478.0,0,0,1314900.0,3251217400.0,1.0,2462.0,2493.0,2452.0,2478.0,1314900.0
2021-03-22,36260,2516.0,2564.0,2491.0,2552.0,0,0,714500.0,1810687900.0,1.0,2516.0,2564.0,2491.0,2552.0,714500.0
2021-03-23,36260,2571.0,2584.0,2516.0,2516.0,0,0,662500.0,1683013200.0,1.0,2571.0,2584.0,2516.0,2516.0,662500.0
2021-03-24,36260,2544.0,2559.0,2494.0,2501.0,0,0,702300.0,1765179500.0,1.0,2544.0,2559.0,2494.0,2501.0,702300.0
2021-03-25,36260,2496.0,2571.0,2494.0,2564.0,0,0,878200.0,2236234500.0,1.0,2496.0,2571.0,2494.0,2564.0,878200.0
2021-03-26,36260,2570.0,2597.0,2556.0,2594.0,0,0,709500.0,1831601600.0,1.0,2570.0,2597.0,2556.0,2594.0,709500.0
2021-03-29,36260,2640.0,2670.0,2615.0,2644.0,0,0,943600.0,2495309300.0,1.0,2640.0,2670.0,2615.0,2644.0,943600.0
2021-03-30,36260,2642.0,2642.0,2575.0,2586.0,0,0,509000.0,1318353000.0,1.0,2642.0,2642.0,2575.0,2586.0,509000.0
2021-03-31,36260,2575.0,2649.0,2572.0,2641.0,0,0,747800.0,1967953500.0,1.0,2575.0,2649.0,2572.0,2641.0,747800.0
2021-04-01,36260,2689.0,2693.0,2600.0,2605.0,0,0,778700.0,2047249700.0,1.0,2689.0,2693.0,2600.0,2605.0,778700.0
2021-04-02,36260,2635.0,2639.0,2591.0,2606.0,0,0,240100.0,626184900.0,1.0,2635.0,2639.0,2591.0,2606.0,240100.0
2021-04-05,36260,2621.0,2623.0,2568.0,2598.0,0,0,325100.0,843076800.0,1.0,2621.0,2623.0,2568.0,2598.0,325100.0
2021-04-06,36260,2597.0,2601.0,2524.0,2537.0,0,0,634200.0,1620117000.0,1.0,2597.0,2601.0,2524.0,2537.0,634200.0
2021-04-07,36260,2585.0,2599.0,2562.0,2589.0,0,0,531900.0,1375333900.0,1.0,2585.0,2599.0,2562.0,2589.0,531900.0
2021-04-08,36260,2578.0,2608.0,2562.0,2607.0,0,0,543200.0,1409208000.0,1.0,2578.0,2608.0,2562.0,2607.0,543200.0
2021-04-09,36260,2636.0,2654.0,2587.0,2615.0,0,0,697800.0,1825578000.0,1.0,2636.0,2654.0,2587.0,2615.0,697800.0
2021-04-12,36260,2607.0,2620.0,2579.0,2609.0,0,0,358100.0,933056200.0,1.0,2607.0,2620.0,2579.0,2609.0,358100.0
2021-04-13,36260,2644.0,2707.0,2637.0,2691.0,0,0,661200.0,1775854300.0,1.0,2644.0,2707.0,2637.0,2691.0,661200.0
2021-04-14,36260,2700.0,2735.0,2697.0,2705.0,0,0,743900.0,2017318000.0,1.0,2700.0,2735.0,2697.0,2705.0,743900.0
2021-04-15,36260,2690.0,2699.0,2664.0,2692.0,0,0,448900.0,1206266400.0,1.0,2690.0,2699.0,2664.0,2692.0,448900.0
2021-04-16,36260,2682.0,2714.0,2680.0,2702.0,0,0,302600.0,817855500.0,1.0,2682.0,2714.0,2680.0,2702.0,302600.0
2021-04-19,36260,2702.0,2729.0,2699.0,2710.0,0,0,454500.0,1233217200.0,1.0,2702.0,2729.0,2699.0,2710.0,454500.0
2021-04-20,36260,2691.0,2701.0,2657.0,2661.0,0,0,351700.0,940075500.0,1.0,2691.0,2701.0,2657.0,2661.0,351700.0
2021-04-21,36260,2625.0,2643.0,2613.0,2624.0,0,0,600400.0,1576003000.0,1.0,2625.0,2643.0,2613.0,2624.0,600400.0
2021-04-22,36260,2630.0,2662.0,2622.0,2662.0,0,0,435400.0,1153852800.0,1.0,2630.0,2662.0,2622.0,2662.0,435400.0
2021-04-23,36260,2650.0,2693.0,2643.0,2664.0,0,0,405600.0,1081862100.0,1.0,2650.0,2693.0,2643.0,2664.0,405600.0
2021-04-26,36260,2665.0,2691.0,2660.0,2680.0,0,0,486300.0,1302490200.0,1.0,2665.0,2691.0,2660.0,2680.0,486300.0
2021-04-27,36260,2679.0,2688.0,2653.0,2670.0,0,0,368300.0,984100900.0,1.0,2679.0,2688.0,2653.0,2670.0,368300.0
2021-04-28,36260,2649.0,2694.0,2637.0,2672.0,0,0,506600.0,1354430300.0,1.0,2649.0,2694.0,2637.0,2672.0,506600.0
2021-04-30,36260,2665.0,2721.0,2662.0,2715.0,0,0,584500.0,1582117200.0,1.0,2665.0,2721.0,2662.0,2715.0,584500.0
2021-05-06,36260,2715.0,2717.0,2668.0,2670.0,0,0,803400.0,2157580300.0,1.0,2715.0,2717.0,2668.0,2670.0,803400.0
2021-05-07,36260,2669.0,2713.0,2657.0,2684.0,0,0,553600.0,1489982000.0,1.0,2669.0,2713.0,2657.0,2684.0,553600.0
2021-05-10,36260,2696.0,2702.0,2669.0,2681.0,0,0,340400.0,913424900.0,1.0,2696.0,2702.0,2669.0,2681.0,340400.0
2021-05-11,36260,2679.0,2692.0,2631.0,2634.0,0,0,389900.0,1032901800.0,1.0,2679.0,2692.0,2631.0,2634.0,389900.0
2021-05-12,36260,2623.0,2631.0,2540.0,2569.0,0,0,612100.0,1577008500.0,1.0,2623.0,2631.0,2540.0,2569.0,612100.0
2021-05-13,36260,2549.0,2567.0,2466.0,2536.0,0,0,831500.0,2105892500.0,1.0,2549.0,2567.0,2466.0,2536.0,831500.0
2021-05-14,36260,2558.0,2612.0,2542.0,2597.0,0,0,673900.0,1737666500.0,1.0,2558.0,2612.0,2542.0,2597.0,673900.0
2021-05-17,36260,2623.0,2623.0,2541.0,2555.0,0,0,428600.0,1097932200.0,1.0,2623.0,2623.0,2541.0,2555.0,428600.0
2021-05-18,36260,2569.0,2597.0,2557.0,2585.0,0,0,527300.0,1360936200.0,1.0,2569.0,2597.0,2557.0,2585.0,527300.0
2021-05-19,36260,2610.0,2703.0,2610.0,2692.0,0,0,721800.0,1927537500.0,1.0,2610.0,2703.0,2610.0,2692.0,721800.0
2021-05-20,36260,2710.0,2769.0,2700.0,2762.0,0,0,670500.0,1844539800.0,1.0,2710.0,2769.0,2700.0,2762.0,670500.0
2021-05-21,36260,2790.0,2847.0,2788.0,2833.0,0,0,937100.0,2647695200.0,1.0,2790.0,2847.0,2788.0,2833.0,937100.0
2021-05-24,36260,2824.0,2855.0,2782.0,2828.0,0,0,534500.0,1512176600.0,1.0,2824.0,2855.0,2782.0,2828.0,534500.0
2021-05-25,36260,2840.0,2887.0,2840.0,2862.0,0,0,476500.0,1364320500.0,1.0,2840.0,2887.0,2840.0,2862.0,476500.0
2021-05-26,36260,2837.0,2872.0,2828.0,2839.0,0,0,468400.0,1333207100.0,1.0,2837.0,2872.0,2828.0,2839.0,468400.0
2021-05-27,36260,2821.0,2851.0,2785.0,2851.0,0,0,1797900.0,5105529800.0,1.0,2821.0,2851.0,2785.0,2851.0,1797900.0
2021-05-28,36260,2852.0,2854.0,2815.0,2827.0,0,0,495400.0,1401605000.0,1.0,2852.0,2854.0,2815.0,2827.0,495400.0
2021-05-31,36260,2844.0,2879.0,2812.0,2815.0,0,0,450800.0,1278841200.0,1.0,2844.0,2879.0,2812.0,2815.0,450800.0
2021-06-01,36260,2816.0,2832.0,2799.0,2817.0,0,0,361900.0,1019084900.0,1.0,2816.0,2832.0,2799.0,2817.0,361900.0
2021-06-02,36260,2831.0,2832.0,2749.0,2754.0,0,0,676700.0,1873882000.0,1.0,2831.0,2832.0,2749.0,2754.0,676700.0
2021-06-03,36260,2750.0,2763.0,2727.0,2760.0,0,0,691000.0,1901200200.0,1.0,2750.0,2763.0,2727.0,2760.0,691000.0
2021-06-04,36260,2768.0,2788.0,2734.0,2745.0,0,0,590700.0,1625720600.0,1.0,2768.0,2788.0,2734.0,2745.0,590700.0
2021-06-07,36260,2754.0,2804.0,2746.0,2803.0,0,0,380800.0,1062252700.0,1.0,2754.0,2804.0,2746.0,2803.0,380800.0
2021-06-08,36260,2795.0,2830.0,2767.0,2777.0,0,0,583100.0,1625832100.0,1.0,2795.0,2830.0,2767.0,2777.0,583100.0
2021-06-09,36260,2761.0,2775.0,2742.0,2759.0,0,0,345500.0,952942700.0,1.0,2761.0,2775.0,2742.0,2759.0,345500.0
2021-06-10,36260,2732.0,2777.0,2731.0,2774.0,0,0,321300.0,887989600.0,1.0,2732.0,2777.0,2731.0,2774.0,321300.0
2021-06-11,36260,2790.0,2832.0,2775.0,2831.0,0,0,625800.0,1760043600.0,1.0,2790.0,2832.0,2775.0,2831.0,625800.0
2021-06-14,36260,2850.0,2855.0,2787.0,2794.0,0,0,504200.0,1414048400.0,1.0,2850.0,2855.0,2787.0,2794.0,504200.0
2021-06-15,36260,2811.0,2842.0,2807.0,2830.0,0,0,561000.0,1586960700.0,1.0,2811.0,2842.0,2807.0,2830.0,561000.0
2021-06-16,36260,2818.0,2870.0,2807.0,2841.0,0,0,594400.0,1691242400.0,1.0,2818.0,2870.0,2807.0,2841.0,594400.0
2021-06-17,36260,2820.0,2823.0,2785.0,2801.0,0,0,506800.0,1419130800.0,1.0,2820.0,2823.0,2785.0,2801.0,506800.0
2021-06-18,36260,2806.0,2808.0,2725.0,2734.0,0,0,1344200.0,3692026100.0,1.0,2806.0,2808.0,2725.0,2734.0,1344200.0
2021-06-21,36260,2698.0,2751.0,2668.0,2743.0,0,0,682700.0,1864656600.0,1.0,2698.0,2751.0,2668.0,2743.0,682700.0
2021-06-22,36260,2769.0,2816.0,2755.0,2789.0,0,0,643900.0,1796286200.0,1.0,2769.0,2816.0,2755.0,2789.0,643900.0
2021-06-23,36260,2809.0,2852.0,2803.0,2817.0,0,0,590400.0,1670072900.0,1.0,2809.0,2852.0,2803.0,2817.0,590400.0
2021-06-24,36260,2800.0,2830.0,2780.0,2807.0,0,0,377300.0,1060013500.0,1.0,2800.0,2830.0,2780.0,2807.0,377300.0
2021-06-25,36260,2857.0,2884.0,2853.0,2862.0,0,0,618400.0,1770524200.0,1.0,2857.0,2884.0,2853.0,2862.0,618400.0
2021-06-28,36260,2880.0,2883.0,2841.0,2854.0,0,0,395100.0,1129429200.0,1.0,2880.0,2883.0,2841.0,2854.0,395100.0
2021-06-29,36260,2847.0,2860.0,2822.0,2836.0,0,0,437900.0,1241556700.0,1.0,2847.0,2860.0,2822.0,2836.0,437900.0
2021-06-30,36260,2865.0,2880.0,2837.0,2837.0,0,0,428300.0,1220152800.0,1.0,2865.0,2880.0,2837.0,2837.0,428300.0
2021-07-01,36260,2832.0,2844.0,2756.0,2759.0,0,0,515700.0,1430197300.0,1.0,2832.0,2844.0,2756.0,2759.0,515700.0
2021-07-02,36260,2802.0,2845.0,2779.0,2843.0,0,0,653600.0,1851074400.0,1.0,2802.0,2845.0,2779.0,2843.0,653600.0
2021-07-05,36260,2846.0,2856.0,2811.0,2816.0,0,0,354900.0,1002424000.0,1.0,2846.0,2856.0,2811.0,2816.0,354900.0
2021-07-06,36260,2824.0,2847.0,2807.0,2829.0,0,0,300100.0,849451600.0,1.0,2824.0,2847.0,2807.0,2829.0,300100.0
2021-07-07,36260,2834.0,2889.0,2830.0,2889.0,0,0,508600.0,1461514500.0,1.0,2834.0,2889.0,2830.0,2889.0,508600.0
2021-07-08,36260,2868.0,2886.0,2852.0,2865.0,0,0,727700.0,2088698300.0,1.0,2868.0,2886.0,2852.0,2865.0,727700.0
2021-07-09,36260,2827.0,2849.0,2772.0,2817.0,0,0,778200.0,2184054600.0,1.0,2827.0,2849.0,2772.0,2817.0,778200.0
2021-07-12,36260,2878.0,2929.0,2872.0,2913.0,0,0,616600.0,1792198300.0,1.0,2878.0,2929.0,2872.0,2913.0,616600.0
2021-07-13,36260,2915.0,2947.0,2900.0,2901.0,0,0,589300.0,1718643800.0,1.0,2915.0,2947.0,2900.0,2901.0,589300.0
2021-07-14,36260,2930.0,2995.0,2924.0,2969.0,0,0,713200.0,2116995600.0,1.0,2930.0,2995.0,2924.0,2969.0,713200.0
2021-07-15,36260,2979.0,2985.0,2893.0,2901.0,0,0,484800.0,1414218600.0,1.0,2979.0,2985.0,2893.0,2901.0,484800.0
2021-07-16,36260,2880.0,2914.0,2851.0,2859.0,0,0,687500.0,1974500300.0,1.0,2880.0,2914.0,2851.0,2859.0,687500.0
2021-07-19,36260,2853.0,2890.0,2836.0,2860.0,0,0,475800.0,1361206700.0,1.0,2853.0,2890.0,2836.0,2860.0,475800.0
2021-07-20,36260,2814.0,2857.0,2806.0,2829.0,0,0,297000.0,841252300.0,1.0,2814.0,2857.0,2806.0,2829.0,297000.0
2021-07-21,36260,2879.0,2917.0,2865.0,2873.0,0,0,562600.0,1622407900.0,1.0,2879.0,2917.0,2865.0,2873.0,562600.0
2021-07-26,36260,2916.0,2934.0,2880.0,2886.0,0,0,416400.0,1207150500.0,1.0,2916.0,2934.0,2880.0,2886.0,416400.0
2021-07-27,36260,2880.0,2890.0,2869.0,2873.0,0,0,345100.0,992833100.0,1.0,2880.0,2890.0,2869.0,2873.0,345100.0
2021-07-28,36260,2843.0,2859.0,2811.0,2826.0,0,0,410200.0,1160279300.0,1.0,2843.0,2859.0,2811.0,2826.0,410200.0
2021-07-29,36260,2846.0,2898.0,2836.0,2878.0,0,0,560000.0,1605672400.0,1.0,2846.0,2898.0,2836.0,2878.0,560000.0
2021-07-30,36260,2858.0,2886.0,2826.0,2835.0,0,0,554100.0,1576197700.0,1.0,2858.0,2886.0,2826.0,2835.0,554100.0
2021-08-02,36260,2891.0,2923.0,2875.0,2918.0,0,0,434000.0,1263478200.0,1.0,2891.0,2923.0,2875.0,2918.0,434000.0
2021-08-03,36260,2916.0,2950.0,2903.0,2916.0,0,0,390600.0,1140192500.0,1.0,2916.0,2950.0,2903.0,2916.0,390600.0
2021-08-04,36260,2912.0,2939.0,2895.0,2905.0,0,0,294400.0,856554100.0,1.0,2912.0,2939.0,2895.0,2905.0,294400.0
2021-08-05,36260,2878.0,2900.0,2871.0,2887.0,0,0,760100.0,2191539400.0,1.0,2878.0,2900.0,2871.0,2887.0,760100.0
2021-08-06,36260,2904.0,2983.0,2895.0,2941.0,0,0,1054300.0,3099800700.0,1.0,2904.0,2983.0,2895.0,2941.0,1054300.0
2021-08-10,36260,2901.0,2941.0,2887.0,2894.0,0,0,906700.0,2634090200.0,1.0,2901.0,2941.0,2887.0,2894.0,906700.0
2021-08-11,36260,2871.0,2881.0,2788.0,2792.0,0,0,594500.0,1671480500.0,1.0,2871.0,2881.0,2788.0,2792.0,594500.0
2021-08-12,36260,2789.0,2790.0,2752.0,2752.0,0,0,368000.0,1015637200.0,1.0,2789.0,2790.0,2752.0,2752.0,368000.0
2021-08-13,36260,2779.0,2830.0,2773.0,2809.0,0,0,509300.0,1431415700.0,1.0,2779.0,2830.0,2773.0,2809.0,509300.0
2021-08-16,36260,2822.0,2842.0,2811.0,2836.0,0,0,642100.0,1818357800.0,1.0,2822.0,2842.0,2811.0,2836.0,642100.0
2021-08-17,36260,2847.0,2850.0,2806.0,2813.0,0,0,312400.0,880875100.0,1.0,2847.0,2850.0,2806.0,2813.0,312400.0
2021-08-18,36260,2820.0,2988.0,2819.0,2974.0,0,0,801700.0,2357263800.0,1.0,2820.0,2988.0,2819.0,2974.0,801700.0
2021-08-19,36260,2962.0,3005.0,2944.0,2948.0,0,0,425700.0,1262449900.0,1.0,2962.0,3005.0,2944.0,2948.0,425700.0
2021-08-20,36260,2970.0,3005.0,2957.0,2957.0,0,0,332600.0,988213100.0,1.0,2970.0,3005.0,2957.0,2957.0,332600.0
2021-08-23,36260,2977.0,3070.0,2971.0,3050.0,0,0,452600.0,1375080600.0,1.0,2977.0,3070.0,2971.0,3050.0,452600.0
2021-08-24,36260,3050.0,3095.0,3050.0,3075.0,0,0,374000.0,1150731500.0,1.0,3050.0,3095.0,3050.0,3075.0,374000.0
2021-08-25,36260,3055.0,3065.0,3015.0,3035.0,0,0,314200.0,954141500.0,1.0,3055.0,3065.0,3015.0,3035.0,314200.0
2021-08-26,36260,3035.0,3075.0,3025.0,3045.0,0,0,257000.0,784219500.0,1.0,3035.0,3075.0,3025.0,3045.0,257000.0
2021-08-27,36260,3020.0,3065.0,2988.0,3035.0,0,0,374100.0,1137174300.0,1.0,3020.0,3065.0,2988.0,3035.0,374100.0
2021-08-30,36260,3070.0,3100.0,3045.0,3095.0,0,0,304200.0,937338500.0,1.0,3070.0,3100.0,3045.0,3095.0,304200.0
2021-08-31,36260,3100.0,3135.0,3055.0,3110.0,0,0,439200.0,1364712500.0,1.0,3100.0,3135.0,3055.0,3110.0,439200.0
2021-09-01,36260,3100.0,3155.0,3100.0,3125.0,0,0,361800.0,1131574000.0,1.0,3100.0,3155.0,3100.0,3125.0,361800.0
2021-09-02,36260,3120.0,3165.0,3085.0,3095.0,0,0,483300.0,1501872500.0,1.0,3120.0,3165.0,3085.0,3095.0,483300.0
2021-09-03,36260,3125.0,3200.0,3105.0,3180.0,0,0,545200.0,1730200500.0,1.0,3125.0,3200.0,3105.0,3180.0,545200.0
2021-09-06,36260,3210.0,3265.0,3200.0,3225.0,0,0,367100.0,1186178500.0,1.0,3210.0,3265.0,3200.0,3225.0,367100.0
2021-09-07,36260,3220.0,3260.0,3200.0,3250.0,0,0,480700.0,1558095500.0,1.0,3220.0,3260.0,3200.0,3250.0,480700.0
2021-09-08,36260,3250.0,3250.0,3185.0,3190.0,0,0,579600.0,1854860500.0,1.0,3250.0,3250.0,3185.0,3190.0,579600.0
2021-09-09,36260,3175.0,3205.0,3160.0,3170.0,0,0,562900.0,1787408000.0,1.0,3175.0,3205.0,3160.0,3170.0,562900.0
2021-09-10,36260,3155.0,3235.0,3140.0,3235.0,0,0,695900.0,2231001500.0,1.0,3155.0,3235.0,3140.0,3235.0,695900.0
2021-09-13,36260,3210.0,3265.0,3200.0,3265.0,0,0,403000.0,1308762500.0,1.0,3210.0,3265.0,3200.0,3265.0,403000.0
2021-09-14,36260,3260.0,3265.0,3230.0,3260.0,0,0,585300.0,1903839500.0,1.0,3260.0,3265.0,3230.0,3260.0,585300.0
2021-09-15,36260,3235.0,3270.0,3190.0,3210.0,0,0,504300.0,1623690500.0,1.0,3235.0,3270.0,3190.0,3210.0,504300.0
2021-09-16,36260,3210.0,3215.0,3170.0,3205.0,0,0,515600.0,1649388500.0,1.0,3210.0,3215.0,3170.0,3205.0,515600.0
2021-09-17,36260,3225.0,3270.0,3220.0,3240.0,0,0,916000.0,2970860000.0,1.0,3225.0,3270.0,3220.0,3240.0,916000.0
2021-09-21,36260,3170.0,3185.0,3105.0,3170.0,0,0,665200.0,2103773500.0,1.0,3170.0,3185.0,3105.0,3170.0,665200.0
2021-09-22,36260,3170.0,3180.0,3130.0,3130.0,0,0,493400.0,1552728000.0,1.0,3170.0,3180.0,3130.0,3130.0,493400.0
2021-09-24,36260,3175.0,3225.0,3170.0,3220.0,0,0,637900.0,2046025500.0,1.0,3175.0,3225.0,3170.0,3220.0,637900.0
2021-09-27,36260,3210.0,3215.0,3145.0,3155.0,0,0,402300.0,1272746500.0,1.0,3210.0,3215.0,3145.0,3155.0,402300.0
2021-09-28,36260,3110.0,3115.0,3065.0,3080.0,0,0,456000.0,1404856500.0,1.0,3110.0,3115.0,3065.0,3080.0,456000.0
2021-09-29,36260,3005.0,3085.0,3005.0,3060.0,0,0,553200.0,1683240000.0,1.0,3005.0,3085.0,3005.0,3060.0,553200.0
2021-09-30,36260,3035.0,3070.0,3005.0,3055.0,0,0,617900.0,1880121500.0,1.0,3035.0,3070.0,3005.0,3055.0,617900.0
2021-10-01,36260,3050.0,3050.0,2953.0,2974.0,0,0,640200.0,1908039400.0,1.0,3050.0,3050.0,2953.0,2974.0,640200.0
2021-10-04,36260,3010.0,3035.0,2906.0,2925.0,0,0,716800.0,2100682100.0,1.0,3010.0,3035.0,2906.0,2925.0,716800.0
2021-10-05,36260,2875.0,2900.0,2824.0,2859.0,0,0,642200.0,1835066100.0,1.0,2875.0,2900.0,2824.0,2859.0,642200.0
2021-10-06,36260,2897.0,2922.0,2846.0,2856.0,0,0,613200.0,1763089300.0,1.0,2897.0,2922.0,2846.0,2856.0,613200.0
2021-10-07,36260,2869.0,2915.0,2860.0,2882.0,0,0,503700.0,1456256100.0,1.0,2869.0,2915.0,2860.0,2882.0,503700.0
2021-10-08,36260,2887.0,2918.0,2863.0,2905.0,0,0,670500.0,1943184500.0,1.0,2887.0,2918.0,2863.0,2905.0,670500.0
2021-10-11,36260,2891.0,2941.0,2836.0,2941.0,0,0,489600.0,1427032900.0,1.0,2891.0,2941.0,2836.0,2941.0,489600.0
2021-10-12,36260,2953.0,2961.0,2900.0,2941.0,0,0,485500.0,1423513300.0,1.0,2953.0,2961.0,2900.0,2941.0,485500.0
2021-10-13,36260,2940.0,2969.0,2934.0,2940.0,0,0,338800.0,997465700.0,1.0,2940.0,2969.0,2934.0,2940.0,338800.0
2021-10-14,36260,2956.0,3015.0,2951.0,3015.0,0,0,388600.0,1163775000.0,1.0,2956.0,3015.0,2951.0,3015.0,388600.0
2021-10-15,36260,3065.0,3120.0,3055.0,3115.0,0,0,416300.0,1289765000.0,1.0,3065.0,3120.0,3055.0,3115.0,416300.0
2021-10-18,36260,3155.0,3160.0,3085.0,3085.0,0,0,332700.0,1031944500.0,1.0,3155.0,3160.0,3085.0,3085.0,332700.0
2021-10-19,36260,3120.0,3155.0,3100.0,3110.0,0,0,277000.0,863877000.0,1.0,3120.0,3155.0,3100.0,3110.0,277000.0
2021-10-20,36260,3135.0,3155.0,3100.0,3150.0,0,0,408100.0,1282710500.0,1.0,3135.0,3155.0,3100.0,3150.0,408100.0
2021-10-21,36260,3125.0,3135.0,3065.0,3080.0,0,0,242000.0,748546500.0,1.0,3125.0,3135.0,3065.0,3080.0,242000.0
2021-10-22,36260,3095.0,3095.0,3050.0,3080.0,0,0,265200.0,815897000.0,1.0,3095.0,3095.0,3050.0,3080.0,265200.0
2021-10-25,36260,3065.0,3085.0,3040.0,3065.0,0,0,220500.0,676208500.0,1.0,3065.0,3085.0,3040.0,3065.0,220500.0
2021-10-26,36260,3110.0,3115.0,3055.0,3085.0,0,0,323800.0,998319000.0,1.0,3110.0,3115.0,3055.0,3085.0,323800.0
2021-10-27,36260,3085.0,3090.0,3050.0,3090.0,0,0,341600.0,1051563000.0,1.0,3085.0,3090.0,3050.0,3090.0,341600.0
2021-10-28,36260,3055.0,3065.0,3010.0,3030.0,0,0,1461600.0,4431955000.0,1.0,3055.0,3065.0,3010.0,3030.0,1461600.0
2021-10-29,36260,3100.0,3140.0,3080.0,3095.0,0,0,566300.0,1755775000.0,1.0,3100.0,3140.0,3080.0,3095.0,566300.0
2021-11-01,36260,3140.0,3175.0,3120.0,3170.0,0,0,529700.0,1670602000.0,1.0,3140.0,3175.0,3120.0,3170.0,529700.0
2021-11-02,36260,3125.0,3135.0,3070.0,3080.0,0,0,437600.0,1352215500.0,1.0,3125.0,3135.0,3070.0,3080.0,437600.0
2021-11-04,36260,3140.0,3165.0,3110.0,3165.0,0,0,551000.0,1736107000.0,1.0,3140.0,3165.0,3110.0,3165.0,551000.0
2021-11-05,36260,3165.0,3180.0,3095.0,3125.0,0,0,565800.0,1775005500.0,1.0,3165.0,3180.0,3095.0,3125.0,565800.0
2021-11-08,36260,3325.0,3340.0,3275.0,3275.0,0,0,1043200.0,3436401500.0,1.0,3325.0,3340.0,3275.0,3275.0,1043200.0
2021-11-09,36260,3250.0,3275.0,3215.0,3260.0,0,0,482400.0,1569792000.0,1.0,3250.0,3275.0,3215.0,3260.0,482400.0
2021-11-10,36260,3275.0,3295.0,3245.0,3260.0,0,0,590100.0,1930537500.0,1.0,3275.0,3295.0,3245.0,3260.0,590100.0
2021-11-11,36260,3240.0,3280.0,3230.0,3260.0,0,0,293000.0,955720000.0,1.0,3240.0,3280.0,3230.0,3260.0,293000.0
2021-11-12,36260,3285.0,3355.0,3270.0,3345.0,0,0,461600.0,1540054000.0,1.0,3285.0,3355.0,3270.0,3345.0,461600.0
2021-11-15,36260,3385.0,3420.0,3370.0,3405.0,0,0,384300.0,1306397500.0,1.0,3385.0,3420.0,3370.0,3405.0,384300.0
2021-11-16,36260,3400.0,3430.0,3380.0,3385.0,0,0,418700.0,1423445000.0,1.0,3400.0,3430.0,3380.0,3385.0,418700.0
2021-11-17,36260,3420.0,3445.0,3405.0,3435.0,0,0,495100.0,1699286500.0,1.0,3420.0,3445.0,3405.0,3435.0,495100.0
2021-11-18,36260,3455.0,3490.0,3435.0,3465.0,0,0,446300.0,1547510000.0,1.0,3455.0,3490.0,3435.0,3465.0,446300.0
2021-11-19,36260,3440.0,3495.0,3420.0,3480.0,0,0,699500.0,2422133500.0,1.0,3440.0,3495.0,3420.0,3480.0,699500.0
2021-11-22,36260,3490.0,3560.0,3485.0,3550.0,0,0,564000.0,1995358500.0,1.0,3490.0,3560.0,3485.0,3550.0,564000.0
2021-11-24,36260,3540.0,3540.0,3485.0,3530.0,0,0,543800.0,1912428500.0,1.0,3540.0,3540.0,3485.0,3530.0,543800.0
2021-11-25,36260,3555.0,3585.0,3535.0,3565.0,0,0,480700.0,1714595000.0,1.0,3555.0,3585.0,3535.0,3565.0,480700.0
2021-11-26,36260,3580.0,3590.0,3535.0,3550.0,0,0,692500.0,2463559500.0,1.0,3580.0,3590.0,3535.0,3550.0,692500.0
2021-11-29,36260,3520.0,3585.0,3490.0,3545.0,0,0,776600.0,2753841000.0,1.0,3520.0,3585.0,3490.0,3545.0,776600.0
2021-11-30,36260,3590.0,3630.0,3480.0,3510.0,0,0,2209200.0,7817022000.0,1.0,3590.0,3630.0,3480.0,3510.0,2209200.0
2021-12-01,36260,3465.0,3495.0,3380.0,3380.0,0,0,998700.0,3409310000.0,1.0,3465.0,3495.0,3380.0,3380.0,998700.0
2021-12-02,36260,3320.0,3410.0,3315.0,3360.0,0,0,789700.0,2660862000.0,1.0,3320.0,3410.0,3315.0,3360.0,789700.0
2021-12-03,36260,3300.0,3415.0,3290.0,3400.0,0,0,695000.0,2340877500.0,1.0,3300.0,3415.0,3290.0,3400.0,695000.0
2021-12-06,36260,3400.0,3435.0,3345.0,3360.0,0,0,563000.0,1898584500.0,1.0,3400.0,3435.0,3345.0,3360.0,563000.0
2021-12-07,36260,3400.0,3475.0,3390.0,3455.0,0,0,576700.0,1983638000.0,1.0,3400.0,3475.0,3390.0,3455.0,576700.0
2021-12-08,36260,3525.0,3555.0,3435.0,3455.0,0,0,876300.0,3037886000.0,1.0,3525.0,3555.0,3435.0,3455.0,876300.0
2021-12-09,36260,3500.0,3545.0,3480.0,3480.0,0,0,471300.0,1648824000.0,1.0,3500.0,3545.0,3480.0,3480.0,471300.0
2021-12-10,36260,3455.0,3505.0,3450.0,3460.0,0,0,447100.0,1549974500.0,1.0,3455.0,3505.0,3450.0,3460.0,447100.0
2021-12-13,36260,3485.0,3550.0,3450.0,3450.0,0,0,496100.0,1721748500.0,1.0,3485.0,3550.0,3450.0,3450.0,496100.0
2021-12-14,36260,3445.0,3480.0,3430.0,3435.0,0,0,551200.0,1899602500.0,1.0,3445.0,3480.0,3430.0,3435.0,551200.0
2021-12-15,36260,3505.0,3545.0,3450.0,3455.0,0,0,504500.0,1757889000.0,1.0,3505.0,3545.0,3450.0,3455.0,504500.0
2021-12-16,36260,3500.0,3500.0,3475.0,3480.0,0,0,479600.0,1672064500.0,1.0,3500.0,3500.0,3475.0,3480.0,479600.0
2021-12-17,36260,3465.0,3540.0,3465.0,3515.0,0,0,1016500.0,3572107500.0,1.0,3465.0,3540.0,3465.0,3515.0,1016500.0
2021-12-20,36260,3495.0,3520.0,3415.0,3435.0,0,0,524100.0,1811105500.0,1.0,3495.0,3520.0,3415.0,3435.0,524100.0
2021-12-21,36260,3530.0,3560.0,3495.0,3515.0,0,0,551800.0,1945975500.0,1.0,3530.0,3560.0,3495.0,3515.0,551800.0
2021-12-22,36260,3480.0,3490.0,3405.0,3430.0,0,0,586300.0,2009599500.0,1.0,3480.0,3490.0,3405.0,3430.0,586300.0
2021-12-23,36260,3490.0,3490.0,3435.0,3455.0,0,0,434600.0,1503343000.0,1.0,3490.0,3490.0,3435.0,3455.0,434600.0
2021-12-24,36260,3450.0,3450.0,3395.0,3410.0,0,0,194900.0,665830500.0,1.0,3450.0,3450.0,3395.0,3410.0,194900.0
2021-12-27,36260,3425.0,3430.0,3395.0,3405.0,0,0,250800.0,855322500.0,1.0,3425.0,3430.0,3395.0,3405.0,250800.0
2021-12-28,36260,3440.0,3480.0,3430.0,3480.0,0,0,284800.0,988121500.0,1.0,3440.0,3480.0,3430.0,3480.0,284800.0
2021-12-29,36260,3450.0,3465.0,3420.0,3455.0,0,0,320000.0,1103257000.0,1.0,3450.0,3465.0,3420.0,3455.0,320000.0
2021-12-30,36260,3425.0,3455.0,3390.0,3425.0,0,0,348900.0,1196188500.0,1.0,3425.0,3455.0,3390.0,3425.0,348900.0
2022-01-04,36260,3445.0,3465.0,3415.0,3435.0,0,0,387200.0,1330857000.0,1.0,3445.0,3465.0,3415.0,3435.0,387200.0
2022-01-05,36260,3435.0,3450.0,3345.0,3355.0,0,0,408000.0,1376848000.0,1.0,3435.0,3450.0,3345.0,3355.0,408000.0
2022-01-06,36260,3295.0,3345.0,3220.0,3225.0,0,0,603900.0,1963262500.0,1.0,3295.0,3345.0,3220.0,3225.0,603900.0
2022-01-07,36260,3210.0,3220.0,3130.0,3165.0,0,0,669100.0,2120492500.0,1.0,3210.0,3220.0,3130.0,3165.0,669100.0
2022-01-11,36260,3135.0,3140.0,3065.0,3105.0,0,0,769100.0,2382746500.0,1.0,3135.0,3140.0,3065.0,3105.0,769100.0
2022-01-12,36260,3150.0,3190.0,3100.0,3170.0,0,0,608400.0,1919304000.0,1.0,3150.0,3190.0,3100.0,3170.0,608400.0
2022-01-13,36260,3180.0,3215.0,3085.0,3090.0,0,0,474700.0,1483976000.0,1.0,3180.0,3215.0,3085.0,3090.0,474700.0
2022-01-14,36260,3055.0,3095.0,3040.0,3085.0,0,0,533700.0,1639530000.0,1.0,3055.0,3095.0,3040.0,3085.0,533700.0
2022-01-17,36260,3105.0,3185.0,3105.0,3155.0,0,0,306400.0,966059500.0,1.0,3105.0,3185.0,3105.0,3155.0,306400.0
2022-01-18,36260,3205.0,3225.0,3150.0,3185.0,0,0,568900.0,1819841000.0,1.0,3205.0,3225.0,3150.0,3185.0,568900.0
2022-01-19,36260,3115.0,3120.0,3000.0,3005.0,0,0,547300.0,1661363000.0,1.0,3115.0,3120.0,3000.0,3005.0,547300.0
2022-01-20,36260,2990.0,3060.0,2946.0,3040.0,0,0,578600.0,1743011400.0,1.0,2990.0,3060.0,2946.0,3040.0,578600.0
2022-01-21,36260,3025.0,3075.0,3005.0,3060.0,0,0,534200.0,1628461500.0,1.0,3025.0,3075.0,3005.0,3060.0,534200.0
2022-01-24,36260,3040.0,3120.0,3025.0,3110.0,0,0,631600.0,1949484500.0,1.0,3040.0,3120.0,3025.0,3110.0,631600.0
2022-01-25,36260,3095.0,3115.0,3045.0,3050.0,0,0,591300.0,1816439500.0,1.0,3095.0,3115.0,3045.0,3050.0,591300.0
2022-01-26,36260,3025.0,3080.0,3000.0,3055.0,0,0,365100.0,1111054500.0,1.0,3025.0,3080.0,3000.0,3055.0,365100.0
2022-01-27,36260,3055.0,3065.0,2863.0,2879.0,0,0,553500.0,1612671200.0,1.0,3055.0,3065.0,2863.0,2879.0,553500.0
2022-01-28,36260,2929.0,2963.0,2897.0,2935.0,0,0,559900.0,1645303700.0,1.0,2929.0,2963.0,2897.0,2935.0,559900.0
2022-01-31,36260,2938.0,3005.0,2925.0,2993.0,0,0,702600.0,2092195000.0,1.0,2938.0,3005.0,2925.0,2993.0,702600.0
2022-02-01,36260,3105.0,3115.0,3010.0,3025.0,0,0,800900.0,2435788000.0,1.0,3105.0,3115.0,3010.0,3025.0,800900.0
2022-02-02,36260,3035.0,3085.0,3005.0,3080.0,0,0,677700.0,2072081500.0,1.0,3035.0,3085.0,3005.0,3080.0,677700.0
2022-02-03,36260,3020.0,3035.0,2980.0,3010.0,0,0,427300.0,1285806400.0,1.0,3020.0,3035.0,2980.0,3010.0,427300.0
2022-02-04,36260,3010.0,3030.0,2980.0,3015.0,0,0,441500.0,1329413100.0,1.0,3010.0,3030.0,2980.0,3015.0,441500.0
2022-02-07,36260,2799.0,2819.0,2708.0,2759.0,0,0,1865700.0,5122430000.0,1.0,2799.0,2819.0,2708.0,2759.0,1865700.0
2022-02-08,36260,2748.0,2798.0,2651.0,2670.0,0,0,1522000.0,4109122200.0,1.0,2748.0,2798.0,2651.0,2670.0,1522000.0
2022-02-09,36260,2705.0,2773.0,2692.0,2737.0,0,0,1259700.0,3449410000.0,1.0,2705.0,2773.0,2692.0,2737.0,1259700.0
2022-02-10,36260,2751.0,2811.0,2741.0,2759.0,0,0,959000.0,2653860100.0,1.0,2751.0,2811.0,2741.0,2759.0,959000.0
2022-02-14,36260,2690.0,2719.0,2652.0,2697.0,0,0,730000.0,1961468800.0,1.0,2690.0,2719.0,2652.0,2697.0,730000.0
2022-02-15,36260,2711.0,2733.0,2684.0,2698.0,0,0,753400.0,2036720800.0,1.0,2711.0,2733.0,2684.0,2698.0,753400.0
2022-02-16,36260,2741.0,2755.0,2658.0,2689.0,0,0,718600.0,1934524700.0,1.0,2741.0,2755.0,2658.0,2689.0,718600.0
2022-02-17,36260,2658.0,2666.0,2575.0,2635.0,0,0,1022900.0,2674444100.0,1.0,2658.0,2666.0,2575.0,2635.0,1022900.0
2022-02-18,36260,2597.0,2635.0,2568.0,2620.0,0,0,765400.0,1996854900.0,1.0,2597.0,2635.0,2568.0,2620.0,765400.0
2022-02-21,36260,2550.0,2622.0,2546.0,2584.0,0,0,483400.0,1248867200.0,1.0,2550.0,2622.0,2546.0,2584.0,483400.0
2022-02-22,36260,2536.0,2581.0,2524.0,2547.0,0,0,691500.0,1761875700.0,1.0,2536.0,2581.0,2524.0,2547.0,691500.0
2022-02-24,36260,2521.0,2572.0,2520.0,2565.0,0,0,816500.0,2082874700.0,1.0,2521.0,2572.0,2520.0,2565.0,816500.0
2022-02-25,36260,2607.0,2636.0,2569.0,2634.0,0,0,716800.0,1870416300.0,1.0,2607.0,2636.0,2569.0,2634.0,716800.0
2022-02-28,36260,2634.0,2700.0,2592.0,2700.0,0,0,2043700.0,5476998400.0,1.0,2634.0,2700.0,2592.0,2700.0,2043700.0
2022-03-01,36260,2722.0,2783.0,2699.0,2745.0,0,0,762600.0,2097185200.0,1.0,2722.0,2783.0,2699.0,2745.0,762600.0
2022-03-02,36260,2695.0,2695.0,2639.0,2670.0,0,0,1061100.0,2831568100.0,1.0,2695.0,2695.0,2639.0,2670.0,1061100.0
2022-03-03,36260,2683.0,2693.0,2629.0,2629.0,0,0,559000.0,1479934200.0,1.0,2683.0,2693.0,2629.0,2629.0,559000.0
2022-03-04,36260,2624.0,2624.0,2546.0,2567.0,0,0,661600.0,1705363200.0,1.0,2624.0,2624.0,2546.0,2567.0,661600.0
2022-03-07,36260,2494.0,2532.0,2484.0,2512.0,0,0,654600.0,1641093200.0,1.0,2494.0,2532.0,2484.0,2512.0,654600.0
2022-03-08,36260,2485.0,2569.0,2485.0,2499.0,0,0,730800.0,1838546600.0,1.0,2485.0,2569.0,2485.0,2499.0,730800.0
2022-03-09,36260,2512.0,2548.0,2488.0,2519.0,0,0,561800.0,1415412800.0,1.0,2512.0,2548.0,2488.0,2519.0,561800.0
2022-03-10,36260,2611.0,2650.0,2583.0,2646.0,0,0,719800.0,1896602300.0,1.0,2611.0,2650.0,2583.0,2646.0,719800.0
2022-03-11,36260,2595.0,2620.0,2562.0,2588.0,0,0,762400.0,1974285700.0,1.0,2595.0,2620.0,2562.0,2588.0,762400.0
2022-03-14,36260,2600.0,2646.0,2581.0,2633.0,0,0,378300.0,994878800.0,1.0,2600.0,2646.0,2581.0,2633.0,378300.0
2022-03-15,36260,2620.0,2691.0,2614.0,2671.0,0,0,429800.0,1146538200.0,1.0,2620.0,2691.0,2614.0,2671.0,429800.0
2022-03-16,36260,2716.0,2729.0,2681.0,2685.0,0,0,589000.0,1589448600.0,1.0,2716.0,2729.0,2681.0,2685.0,589000.0
2022-03-17,36260,2775.0,2779.0,2722.0,2740.0,0,0,506900.0,1392128600.0,1.0,2775.0,2779.0,2722.0,2740.0,506900.0
2022-03-18,36260,2754.0,2833.0,2742.0,2822.0,0,0,1031600.0,2899729300.0,1.0,2754.0,2833.0,2742.0,2822.0,1031600.0
2022-03-22,36260,2846.0,2862.0,2824.0,2846.0,0,0,755800.0,2148917500.0,1.0,2846.0,2862.0,2824.0,2846.0,755800.0
2022-03-23,36260,2873.0,2953.0,2873.0,2936.0,0,0,576000.0,1685577500.0,1.0,2873.0,2953.0,2873.0,2936.0,576000.0
2022-03-24,36260,2905.0,2944.0,2893.0,2926.0,0,0,481700.0,1407737600.0,1.0,2905.0,2944.0,2893.0,2926.0,481700.0
2022-03-25,36260,2936.0,2966.0,2918.0,2925.0,0,0,445100.0,1304600700.0,1.0,2936.0,2966.0,2918.0,2925.0,445100.0
2022-03-28,36260,2914.0,2951.0,2882.0,2921.0,0,0,504700.0,1475462100.0,1.0,2914.0,2951.0,2882.0,2921.0,504700.0
2022-03-29,36260,2931.0,2966.0,2910.0,2965.0,0,0,475800.0,1405642900.0,1.0,2931.0,2966.0,2910.0,2965.0,475800.0
2022-03-30,36260,2988.0,2998.0,2931.0,2967.0,0,0,546000.0,1617646100.0,1.0,2988.0,2998.0,2931.0,2967.0,546000.0
2022-03-31,36260,2960.0,2977.0,2875.0,2877.0,0,0,986300.0,2861292000.0,1.0,2960.0,2977.0,2875.0,2877.0,986300.0
2022-04-01,36260,2876.0,2924.0,2854.0,2908.0,0,0,648800.0,1883026900.0,1.0,2876.0,2924.0,2854.0,2908.0,648800.0
2022-04-04,36260,2916.0,2950.0,2900.0,2948.0,0,0,335600.0,985002000.0,1.0,2916.0,2950.0,2900.0,2948.0,335600.0
2022-04-05,36260,2998.0,3040.0,2982.0,3015.0,0,0,647300.0,1951487800.0,1.0,2998.0,3040.0,2982.0,3015.0,647300.0
2022-04-06,36260,2962.0,2981.0,2921.0,2951.0,0,0,493500.0,1456585800.0,1.0,2962.0,2981.0,2921.0,2951.0,493500.0
2022-04-07,36260,2901.0,2919.0,2873.0,2883.0,0,0,486400.0,1403295300.0,1.0,2901.0,2919.0,2873.0,2883.0,486400.0
2022-04-08,36260,2913.0,2927.0,2874.0,2884.0,0,0,611100.0,1766361800.0,1.0,2913.0,2927.0,2874.0,2884.0,611100.0
2022-04-11,36260,2865.0,2871.0,2818.0,2832.0,0,0,372600.0,1056917800.0,1.0,2865.0,2871.0,2818.0,2832.0,372600.0
2022-04-12,36260,2794.0,2827.0,2744.0,2750.0,0,0,602400.0,1666548300.0,1.0,2794.0,2827.0,2744.0,2750.0,602400.0
2022-04-13,36260,2749.0,2832.0,2738.0,2827.0,0,0,759300.0,2122080300.0,1.0,2749.0,2832.0,2738.0,2827.0,759300.0
2022-04-14,36260,2827.0,2843.0,2796.0,2799.0,0,0,352300.0,989223400.0,1.0,2827.0,2843.0,2796.0,2799.0,352300.0
2022-04-15,36260,2742.0,2786.0,2730.0,2779.0,0,0,367800.0,1018268500.0,1.0,2742.0,2786.0,2730.0,2779.0,367800.0
2022-04-18,36260,2748.0,2755.0,2693.0,2734.0,0,0,480600.0,1309007000.0,1.0,2748.0,2755.0,2693.0,2734.0,480600.0
2022-04-19,36260,2766.0,2776.0,2744.0,2765.0,0,0,416000.0,1148964100.0,1.0,2766.0,2776.0,2744.0,2765.0,416000.0
2022-04-20,36260,2805.0,2826.0,2783.0,2797.0,0,0,416600.0,1167005200.0,1.0,2805.0,2826.0,2783.0,2797.0,416600.0
2022-04-21,36260,2779.0,2822.0,2769.0,2812.0,0,0,414700.0,1164220600.0,1.0,2779.0,2822.0,2769.0,2812.0,414700.0
2022-04-22,36260,2782.0,2824.0,2771.0,2817.0,0,0,333700.0,936702900.0,1.0,2782.0,2824.0,2771.0,2817.0,333700.0
2022-04-25,36260,2771.0,2836.0,2771.0,2822.0,0,0,494600.0,1393970400.0,1.0,2771.0,2836.0,2771.0,2822.0,494600.0
2022-04-26,36260,2859.0,2887.0,2837.0,2872.0,0,0,568000.0,1631059400.0,1.0,2859.0,2887.0,2837.0,2872.0,568000.0
2022-04-27,36260,2825.0,2891.0,2822.0,2891.0,0,0,736900.0,2118715800.0,1.0,2825.0,2891.0,2822.0,2891.0,736900.0
2022-04-28,36260,2891.0,2945.0,2861.0,2933.0,0,0,789800.0,2303248100.0,1.0,2891.0,2945.0,2861.0,2933.0,789800.0
2022-05-02,36260,2958.0,2995.0,2902.0,2953.0,0,0,673400.0,1985466800.0,1.0,2958.0,2995.0,2902.0,2953.0,673400.0
2022-05-06,36260,2911.0,3010.0,2893.0,2997.0,0,0,796400.0,2364542000.0,1.0,2911.0,3010.0,2893.0,2997.0,796400.0
2022-05-09,36260,2973.0,3015.0,2955.0,2982.0,0,0,932800.0,2782210600.0,1.0,2973.0,3015.0,2955.0,2982.0,932800.0
2022-05-10,36260,2938.0,2948.0,2887.0,2939.0,0,0,916500.0,2674191200.0,1.0,2938.0,2948.0,2887.0,2939.0,916500.0
2022-05-11,36260,2926.0,2994.0,2926.0,2966.0,0,0,890100.0,2640388000.0,1.0,2926.0,2994.0,2926.0,2966.0,890100.0
2022-05-12,36260,3350.0,3370.0,3270.0,3320.0,0,0,1913200.0,6379275500.0,1.0,3350.0,3370.0,3270.0,3320.0,1913200.0
2022-05-13,36260,3330.0,3445.0,3295.0,3420.0,0,0,1400100.0,4750327000.0,1.0,3330.0,3445.0,3295.0,3420.0,1400100.0
2022-05-16,36260,3470.0,3530.0,3465.0,3490.0,0,0,996400.0,3480816000.0,1.0,3470.0,3530.0,3465.0,3490.0,996400.0
2022-05-17,36260,3510.0,3525.0,3460.0,3485.0,0,0,1050300.0,3666575000.0,1.0,3510.0,3525.0,3460.0,3485.0,1050300.0
2022-05-18,36260,3470.0,3550.0,3470.0,3515.0,0,0,1251600.0,4404735000.0,1.0,3470.0,3550.0,3470.0,3515.0,1251600.0
2022-05-19,36260,3465.0,3475.0,3380.0,3420.0,0,0,1023500.0,3504701500.0,1.0,3465.0,3475.0,3380.0,3420.0,1023500.0
2022-05-20,36260,3470.0,3585.0,3445.0,3565.0,0,0,1282500.0,4534013000.0,1.0,3470.0,3585.0,3445.0,3565.0,1282500.0
2022-05-23,36260,3610.0,3665.0,3610.0,3620.0,0,0,839700.0,3049031500.0,1.0,3610.0,3665.0,3610.0,3620.0,839700.0
2022-05-24,36260,3600.0,3645.0,3555.0,3605.0,0,0,798900.0,2878344500.0,1.0,3600.0,3645.0,3555.0,3605.0,798900.0
2022-05-25,36260,3575.0,3595.0,3515.0,3570.0,0,0,674900.0,2406634000.0,1.0,3575.0,3595.0,3515.0,3570.0,674900.0
2022-05-26,36260,3575.0,3625.0,3550.0,3555.0,0,0,590300.0,2108640000.0,1.0,3575.0,3625.0,3550.0,3555.0,590300.0
2022-05-27,36260,3515.0,3540.0,3365.0,3430.0,0,0,1646500.0,5661408000.0,1.0,3515.0,3540.0,3365.0,3430.0,1646500.0
2022-05-30,36260,3430.0,3480.0,3410.0,3470.0,0,0,1432600.0,4952813500.0,1.0,3430.0,3480.0,3410.0,3470.0,1432600.0
2022-05-31,36260,3460.0,3460.0,3345.0,3375.0,0,0,4595600.0,15534214000.0,1.0,3460.0,3460.0,3345.0,3375.0,4595600.0
2022-06-01,36260,3405.0,3460.0,3385.0,3400.0,0,0,696000.0,2374437500.0,1.0,3405.0,3460.0,3385.0,3400.0,696000.0
2022-06-02,36260,3415.0,3420.0,3340.0,3400.0,0,0,564300.0,1914027000.0,1.0,3415.0,3420.0,3340.0,3400.0,564300.0
2022-06-03,36260,3405.0,3475.0,3380.0,3470.0,0,0,619700.0,2127765500.0,1.0,3405.0,3475.0,3380.0,3470.0,619700.0
2022-06-06,36260,3410.0,3435.0,3380.0,3430.0,0,0,402000.0,1374393000.0,1.0,3410.0,3435.0,3380.0,3430.0,402000.0
2022-06-07,36260,3455.0,3465.0,3415.0,3425.0,0,0,491500.0,1688951000.0,1.0,3455.0,3465.0,3415.0,3425.0,491500.0
2022-06-08,36260,3375.0,3450.0,3340.0,3420.0,0,0,769600.0,2622668500.0,1.0,3375.0,3450.0,3340.0,3420.0,769600.0
2022-06-09,36260,3460.0,3475.0,3430.0,3460.0,0,0,631700.0,2182784000.0,1.0,3460.0,3475.0,3430.0,3460.0,631700.0
2022-06-10,36260,3430.0,3460.0,3395.0,3405.0,0,0,642700.0,2194138000.0,1.0,3430.0,3460.0,3395.0,3405.0,642700.0
2022-06-13,36260,3340.0,3355.0,3290.0,3345.0,0,0,645100.0,2146442500.0,1.0,3340.0,3355.0,3290.0,3345.0,645100.0
2022-06-14,36260,3275.0,3295.0,3220.0,3280.0,0,0,564800.0,1843471000.0,1.0,3275.0,3295.0,3220.0,3280.0,564800.0
2022-06-15,36260,3245.0,3260.0,3175.0,3175.0,0,0,609500.0,1946880000.0,1.0,3245.0,3260.0,3175.0,3175.0,609500.0
2022-06-16,36260,3315.0,3315.0,3200.0,3235.0,0,0,635900.0,2059902000.0,1.0,3315.0,3315.0,3200.0,3235.0,635900.0
2022-06-17,36260,3145.0,3190.0,3135.0,3165.0,0,0,1353400.0,4276164000.0,1.0,3145.0,3190.0,3135.0,3165.0,1353400.0
2022-06-20,36260,3210.0,3215.0,3105.0,3165.0,0,0,526400.0,1660675000.0,1.0,3210.0,3215.0,3105.0,3165.0,526400.0
2022-06-21,36260,3205.0,3260.0,3195.0,3245.0,0,0,573100.0,1856334000.0,1.0,3205.0,3260.0,3195.0,3245.0,573100.0
2022-06-22,36260,3280.0,3285.0,3225.0,3225.0,0,0,455000.0,1473493500.0,1.0,3280.0,3285.0,3225.0,3225.0,455000.0
2022-06-23,36260,3240.0,3280.0,3210.0,3220.0,0,0,432200.0,1396916000.0,1.0,3240.0,3280.0,3210.0,3220.0,432200.0
2022-06-24,36260,3325.0,3370.0,3300.0,3360.0,0,0,795000.0,2661204000.0,1.0,3325.0,3370.0,3300.0,3360.0,795000.0
2022-06-27,36260,3395.0,3475.0,3365.0,3460.0,0,0,805400.0,2772302500.0,1.0,3395.0,3475.0,3365.0,3460.0,805400.0
2022-06-28,36260,3450.0,3535.0,3450.0,3515.0,0,0,836400.0,2927793000.0,1.0,3450.0,3535.0,3450.0,3515.0,836400.0
2022-06-29,36260,3485.0,3560.0,3465.0,3540.0,0,0,823300.0,2908236000.0,1.0,3485.0,3560.0,3465.0,3540.0,823300.0
2022-06-30,36260,3555.0,3580.0,3535.0,3555.0,0,0,1055000.0,3748707500.0,1.0,3555.0,3580.0,3535.0,3555.0,1055000.0
2022-07-01,36260,3530.0,3560.0,3470.0,3480.0,0,0,959000.0,3351791500.0,1.0,3530.0,3560.0,3470.0,3480.0,959000.0
2022-07-04,36260,3515.0,3590.0,3510.0,3575.0,0,0,599000.0,2133745000.0,1.0,3515.0,3590.0,3510.0,3575.0,599000.0
2022-07-05,36260,3585.0,3620.0,3530.0,3570.0,0,0,829400.0,2958765500.0,1.0,3585.0,3620.0,3530.0,3570.0,829400.0
2022-07-06,36260,3620.0,3635.0,3545.0,3600.0,0,0,546900.0,1961308500.0,1.0,3620.0,3635.0,3545.0,3600.0,546900.0
2022-07-07,36260,3600.0,3650.0,3570.0,3630.0,0,0,699700.0,2536092500.0,1.0,3600.0,3650.0,3570.0,3630.0,699700.0
2022-07-08,36260,3610.0,3630.0,3535.0,3575.0,0,0,749900.0,2685613000.0,1.0,3610.0,3630.0,3535.0,3575.0,749900.0
2022-07-11,36260,3610.0,3650.0,3590.0,3645.0,0,0,496800.0,1805226500.0,1.0,3610.0,3650.0,3590.0,3645.0,496800.0
2022-07-12,36260,3635.0,3635.0,3550.0,3565.0,0,0,542500.0,1936527000.0,1.0,3635.0,3635.0,3550.0,3565.0,542500.0
2022-07-13,36260,3535.0,3545.0,3495.0,3525.0,0,0,546800.0,1926495000.0,1.0,3535.0,3545.0,3495.0,3525.0,546800.0
2022-07-14,36260,3535.0,3565.0,3515.0,3555.0,0,0,408600.0,1448917500.0,1.0,3535.0,3565.0,3515.0,3555.0,408600.0
2022-07-15,36260,3540.0,3595.0,3520.0,3545.0,0,0,501600.0,1780284000.0,1.0,3540.0,3595.0,3520.0,3545.0,501600.0
2022-07-19,36260,3575.0,3595.0,3515.0,3575.0,0,0,549800.0,1961516500.0,1.0,3575.0,3595.0,3515.0,3575.0,549800.0
2022-07-20,36260,3630.0,3670.0,3615.0,3665.0,0,0,518200.0,1891915500.0,1.0,3630.0,3670.0,3615.0,3665.0,518200.0
2022-07-21,36260,3675.0,3755.0,3665.0,3750.0,0,0,683200.0,2540675000.0,1.0,3675.0,3755.0,3665.0,3750.0,683200.0
2022-07-22,36260,3770.0,3830.0,3765.0,3815.0,0,0,574000.0,2184839500.0,1.0,3770.0,3830.0,3765.0,3815.0,574000.0
2022-07-25,36260,3780.0,3800.0,3755.0,3800.0,0,0,484000.0,1832295500.0,1.0,3780.0,3800.0,3755.0,3800.0,484000.0
2022-07-26,36260,3760.0,3790.0,3695.0,3780.0,0,0,851600.0,3198379500.0,1.0,3760.0,3790.0,3695.0,3780.0,851600.0
2022-07-27,36260,3755.0,3765.0,3705.0,3730.0,0,0,810800.0,3027084000.0,1.0,3755.0,3765.0,3705.0,3730.0,810800.0
2022-07-28,36260,3800.0,3825.0,3750.0,3775.0,0,0,612400.0,2314447500.0,1.0,3800.0,3825.0,3750.0,3775.0,612400.0
2022-07-29,36260,3800.0,3805.0,3735.0,3755.0,0,0,507000.0,1906278000.0,1.0,3800.0,3805.0,3735.0,3755.0,507000.0
2022-08-01,36260,3735.0,3840.0,3695.0,3830.0,0,0,515900.0,1961474500.0,1.0,3735.0,3840.0,3695.0,3830.0,515900.0
2022-08-02,36260,3825.0,3835.0,3760.0,3785.0,0,0,612400.0,2319547000.0,1.0,3825.0,3835.0,3760.0,3785.0,612400.0
2022-08-03,36260,3815.0,3845.0,3790.0,3810.0,0,0,611500.0,2332567500.0,1.0,3815.0,3845.0,3790.0,3810.0,611500.0
2022-08-04,36260,3840.0,3840.0,3765.0,3830.0,0,0,709600.0,2704759500.0,1.0,3840.0,3840.0,3765.0,3830.0,709600.0
2022-08-05,36260,3795.0,3905.0,3725.0,3895.0,0,0,1020400.0,3918366500.0,1.0,3795.0,3905.0,3725.0,3895.0,1020400.0
2022-08-08,36260,3870.0,3880.0,3745.0,3815.0,0,0,808300.0,3074245500.0,1.0,3870.0,3880.0,3745.0,3815.0,808300.0
2022-08-09,36260,3795.0,3875.0,3780.0,3865.0,0,0,745800.0,2868085500.0,1.0,3795.0,3875.0,3780.0,3865.0,745800.0
2022-08-10,36260,3900.0,3920.0,3830.0,3850.0,0,0,571300.0,2207080500.0,1.0,3900.0,3920.0,3830.0,3850.0,571300.0
2022-08-12,36260,3850.0,3930.0,3845.0,3915.0,0,0,707100.0,2759437500.0,1.0,3850.0,3930.0,3845.0,3915.0,707100.0
2022-08-15,36260,3935.0,3945.0,3890.0,3910.0,0,0,423600.0,1660598500.0,1.0,3935.0,3945.0,3890.0,3910.0,423600.0
2022-08-16,36260,3965.0,4020.0,3950.0,3975.0,0,0,559200.0,2227291000.0,1.0,3965.0,4020.0,3950.0,3975.0,559200.0
2022-08-17,36260,3980.0,4000.0,3955.0,3980.0,0,0,567500.0,2256926000.0,1.0,3980.0,4000.0,3955.0,3980.0,567500.0
2022-08-18,36260,3950.0,4080.0,3935.0,4075.0,0,0,649900.0,2628279500.0,1.0,3950.0,4080.0,3935.0,4075.0,649900.0
2022-08-19,36260,4135.0,4140.0,4015.0,4060.0,0,0,741400.0,3013426500.0,1.0,4135.0,4140.0,4015.0,4060.0,741400.0
2022-08-22,36260,4020.0,4035.0,3945.0,4025.0,0,0,773000.0,3090096500.0,1.0,4020.0,4035.0,3945.0,4025.0,773000.0
2022-08-23,36260,4015.0,4035.0,3980.0,4005.0,0,0,621000.0,2489345500.0,1.0,4015.0,4035.0,3980.0,4005.0,621000.0
2022-08-24,36260,3995.0,4000.0,3940.0,3980.0,0,0,534500.0,2127003500.0,1.0,3995.0,4000.0,3940.0,3980.0,534500.0
2022-08-25,36260,4030.0,4030.0,3955.0,4015.0,0,0,497400.0,1988698000.0,1.0,4030.0,4030.0,3955.0,4015.0,497400.0
2022-08-26,36260,4030.0,4055.0,3990.0,3995.0,0,0,393100.0,1579542500.0,1.0,4030.0,4055.0,3990.0,3995.0,393100.0
2022-08-29,36260,3925.0,3945.0,3890.0,3905.0,0,0,535600.0,2094998000.0,1.0,3925.0,3945.0,3890.0,3905.0,535600.0
2022-08-30,36260,3945.0,4035.0,3930.0,4010.0,0,0,738500.0,2953440000.0,1.0,3945.0,4035.0,3930.0,4010.0,738500.0
2022-08-31,36260,4005.0,4065.0,3980.0,3990.0,0,0,1296500.0,5186007000.0,1.0,4005.0,4065.0,3980.0,3990.0,1296500.0
2022-09-01,36260,3935.0,4035.0,3935.0,4010.0,0,0,739700.0,2960892500.0,1.0,3935.0,4035.0,3935.0,4010.0,739700.0
2022-09-02,36260,4045.0,4055.0,3950.0,4015.0,0,0,959100.0,3842443500.0,1.0,4045.0,4055.0,3950.0,4015.0,959100.0
2022-09-05,36260,3995.0,4115.0,3980.0,4090.0,0,0,788500.0,3212978500.0,1.0,3995.0,4115.0,3980.0,4090.0,788500.0
2022-09-06,36260,4080.0,4145.0,4060.0,4115.0,0,0,582400.0,2396750000.0,1.0,4080.0,4145.0,4060.0,4115.0,582400.0
2022-09-07,36260,4145.0,4160.0,4090.0,4155.0,0,0,709700.0,2933899000.0,1.0,4145.0,4160.0,4090.0,4155.0,709700.0
2022-09-08,36260,4205.0,4275.0,4200.0,4265.0,0,0,932000.0,3957668000.0,1.0,4205.0,4275.0,4200.0,4265.0,932000.0
2022-09-09,36260,4250.0,4280.0,4215.0,4240.0,0,0,784400.0,3328087500.0,1.0,4250.0,4280.0,4215.0,4240.0,784400.0
2022-09-12,36260,4275.0,4305.0,4235.0,4285.0,0,0,390000.0,1669388500.0,1.0,4275.0,4305.0,4235.0,4285.0,390000.0
2022-09-13,36260,4290.0,4320.0,4260.0,4310.0,0,0,549700.0,2363480000.0,1.0,4290.0,4320.0,4260.0,4310.0,549700.0
2022-09-14,36260,4180.0,4185.0,4130.0,4150.0,0,0,633700.0,2634409000.0,1.0,4180.0,4185.0,4130.0,4150.0,633700.0
2022-09-15,36260,4180.0,4190.0,4115.0,4135.0,0,0,612500.0,2536088000.0,1.0,4180.0,4190.0,4115.0,4135.0,612500.0
2022-09-16,36260,4095.0,4110.0,4055.0,4095.0,0,0,1036600.0,4239904500.0,1.0,4095.0,4110.0,4055.0,4095.0,1036600.0
2022-09-20,36260,4100.0,4140.0,4060.0,4095.0,0,0,496300.0,2033413000.0,1.0,4100.0,4140.0,4060.0,4095.0,496300.0
2022-09-21,36260,4045.0,4070.0,4005.0,4020.0,0,0,610700.0,2458973500.0,1.0,4045.0,4070.0,4005.0,4020.0,610700.0
2022-09-22,36260,3995.0,4050.0,3970.0,4015.0,0,0,488500.0,1960374000.0,1.0,3995.0,4050.0,3970.0,4015.0,488500.0
2022-09-26,36260,3945.0,4005.0,3810.0,3820.0,0,0,917200.0,3557193000.0,1.0,3945.0,4005.0,3810.0,3820.0,917200.0
2022-09-27,36260,3825.0,3835.0,3715.0,3765.0,0,0,1168500.0,4400241500.0,1.0,3825.0,3835.0,3715.0,3765.0,1168500.0
2022-09-28,36260,3765.0,3855.0,3760.0,3825.0,0,0,891700.0,3401696000.0,1.0,3765.0,3855.0,3760.0,3825.0,891700.0
2022-09-29,36260,3820.0,3935.0,3795.0,3910.0,0,0,696000.0,2706028000.0,1.0,3820.0,3935.0,3795.0,3910.0,696000.0
2022-09-30,36260,3905.0,3925.0,3820.0,3835.0,0,0,809100.0,3113217500.0,1.0,3905.0,3925.0,3820.0,3835.0,809100.0
2022-10-03,36260,3820.0,3875.0,3785.0,3865.0,0,0,932800.0,3570366500.0,1.0,3820.0,3875.0,3785.0,3865.0,932800.0
2022-10-04,36260,3935.0,4020.0,3935.0,4010.0,0,0,630900.0,2520501000.0,1.0,3935.0,4020.0,3935.0,4010.0,630900.0
2022-10-05,36260,4045.0,4070.0,3985.0,4010.0,0,0,649400.0,2607500000.0,1.0,4045.0,4070.0,3985.0,4010.0,649400.0
2022-10-06,36260,4005.0,4100.0,4000.0,4065.0,0,0,815700.0,3316477500.0,1.0,4005.0,4100.0,4000.0,4065.0,815700.0
2022-10-07,36260,4010.0,4080.0,3995.0,4025.0,0,0,612900.0,2471915000.0,1.0,4010.0,4080.0,3995.0,4025.0,612900.0
2022-10-11,36260,3925.0,3970.0,3895.0,3895.0,0,0,708900.0,2777710000.0,1.0,3925.0,3970.0,3895.0,3895.0,708900.0
2022-10-12,36260,3895.0,3955.0,3895.0,3925.0,0,0,535200.0,2101476500.0,1.0,3895.0,3955.0,3895.0,3925.0,535200.0
2022-10-13,36260,3905.0,3910.0,3820.0,3830.0,0,0,661900.0,2544242500.0,1.0,3905.0,3910.0,3820.0,3830.0,661900.0
2022-10-14,36260,3900.0,3990.0,3900.0,3955.0,0,0,781600.0,3091354000.0,1.0,3900.0,3990.0,3900.0,3955.0,781600.0
2022-10-17,36260,3890.0,3950.0,3875.0,3935.0,0,0,447100.0,1753930000.0,1.0,3890.0,3950.0,3875.0,3935.0,447100.0
2022-10-18,36260,4000.0,4070.0,3950.0,4020.0,0,0,472600.0,1895641000.0,1.0,4000.0,4070.0,3950.0,4020.0,472600.0
2022-10-19,36260,3980.0,4035.0,3970.0,4005.0,0,0,532500.0,2136069500.0,1.0,3980.0,4035.0,3970.0,4005.0,532500.0
2022-10-20,36260,3990.0,4005.0,3925.0,3945.0,0,0,622600.0,2458749000.0,1.0,3990.0,4005.0,3925.0,3945.0,622600.0
2022-10-21,36260,3935.0,3985.0,3935.0,3945.0,0,0,551100.0,2180569000.0,1.0,3935.0,3985.0,3935.0,3945.0,551100.0
2022-10-24,36260,3995.0,4010.0,3970.0,3980.0,0,0,427100.0,1702938000.0,1.0,3995.0,4010.0,3970.0,3980.0,427100.0
2022-10-25,36260,3995.0,4080.0,3990.0,4035.0,0,0,781000.0,3160217000.0,1.0,3995.0,4080.0,3990.0,4035.0,781000.0
2022-10-26,36260,4060.0,4095.0,4030.0,4050.0,0,0,722100.0,2927109500.0,1.0,4060.0,4095.0,4030.0,4050.0,722100.0
2022-10-27,36260,4050.0,4060.0,4005.0,4030.0,0,0,579300.0,2337454500.0,1.0,4050.0,4060.0,4005.0,4030.0,579300.0
2022-10-28,36260,3990.0,4060.0,3960.0,4010.0,0,0,3600300.0,14449667500.0,1.0,3990.0,4060.0,3960.0,4010.0,3600300.0
2022-10-31,36260,4005.0,4035.0,3940.0,4015.0,0,0,865000.0,3454474500.0,1.0,4005.0,4035.0,3940.0,4015.0,865000.0
2022-11-01,36260,4020.0,4035.0,3940.0,3950.0,0,0,482800.0,1914641500.0,1.0,4020.0,4035.0,3940.0,3950.0,482800.0
2022-11-02,36260,3935.0,4010.0,3910.0,3995.0,0,0,1119500.0,4456187000.0,1.0,3935.0,4010.0,3910.0,3995.0,1119500.0
2022-11-04,36260,3925.0,4140.0,3900.0,4010.0,0,0,1769000.0,7102323500.0,1.0,3925.0,4140.0,3900.0,4010.0,1769000.0
2022-11-07,36260,3995.0,4010.0,3950.0,3960.0,0,0,758800.0,3015291500.0,1.0,3995.0,4010.0,3950.0,3960.0,758800.0
2022-11-08,36260,3970.0,4095.0,3960.0,4095.0,0,0,643500.0,2608574500.0,1.0,3970.0,4095.0,3960.0,4095.0,643500.0
2022-11-09,36260,4100.0,4105.0,4015.0,4025.0,0,0,683000.0,2768678000.0,1.0,4100.0,4105.0,4015.0,4025.0,683000.0
2022-11-10,36260,4005.0,4025.0,3960.0,4010.0,0,0,340000.0,1359700500.0,1.0,4005.0,4025.0,3960.0,4010.0,340000.0
2022-11-11,36260,4130.0,4195.0,4110.0,4195.0,0,0,494500.0,2060601000.0,1.0,4130.0,4195.0,4110.0,4195.0,494500.0
2022-11-14,36260,4135.0,4160.0,4055.0,4055.0,0,0,643400.0,2629213000.0,1.0,4135.0,4160.0,4055.0,4055.0,643400.0
2022-11-15,36260,4075.0,4075.0,4015.0,4020.0,0,0,379300.0,1529784000.0,1.0,4075.0,4075.0,4015.0,4020.0,379300.0
2022-11-16,36260,4020.0,4100.0,4005.0,4075.0,0,0,527800.0,2141186000.0,1.0,4020.0,4100.0,4005.0,4075.0,527800.0
2022-11-17,36260,4100.0,4175.0,4045.0,4045.0,0,0,755000.0,3081732500.0,1.0,4100.0,4175.0,4045.0,4045.0,755000.0
2022-11-18,36260,4075.0,4085.0,4045.0,4060.0,0,0,471900.0,1917125500.0,1.0,4075.0,4085.0,4045.0,4060.0,471900.0
2022-11-21,36260,4005.0,4030.0,3975.0,3995.0,0,0,545200.0,2180784000.0,1.0,4005.0,4030.0,3975.0,3995.0,545200.0
2022-11-22,36260,4010.0,4055.0,3970.0,3970.0,0,0,665100.0,2656048000.0,1.0,4010.0,4055.0,3970.0,3970.0,665100.0
2022-11-24,36260,4035.0,4080.0,3995.0,4000.0,0,0,890400.0,3580291000.0,1.0,4035.0,4080.0,3995.0,4000.0,890400.0
2022-11-25,36260,4005.0,4010.0,3920.0,3945.0,0,0,623300.0,2462144500.0,1.0,4005.0,4010.0,3920.0,3945.0,623300.0
2022-11-28,36260,3955.0,3955.0,3895.0,3920.0,0,0,515700.0,2022364000.0,1.0,3955.0,3955.0,3895.0,3920.0,515700.0
2022-11-29,36260,3925.0,3965.0,3855.0,3895.0,0,0,811400.0,3164240000.0,1.0,3925.0,3965.0,3855.0,3895.0,811400.0
2022-11-30,36260,3850.0,3895.0,3815.0,3890.0,0,0,1083800.0,4199647000.0,1.0,3850.0,3895.0,3815.0,3890.0,1083800.0
2022-12-01,36260,3940.0,3960.0,3855.0,3855.0,0,0,745000.0,2898982000.0,1.0,3940.0,3960.0,3855.0,3855.0,745000.0
2022-12-02,36260,3840.0,3840.0,3715.0,3730.0,0,0,928600.0,3478596000.0,1.0,3840.0,3840.0,3715.0,3730.0,928600.0
2022-12-05,36260,3715.0,3765.0,3705.0,3760.0,0,0,814800.0,3052628000.0,1.0,3715.0,3765.0,3705.0,3760.0,814800.0
2022-12-06,36260,3770.0,3805.0,3720.0,3735.0,0,0,842100.0,3159132500.0,1.0,3770.0,3805.0,3720.0,3735.0,842100.0
2022-12-07,36260,3700.0,3705.0,3640.0,3670.0,0,0,821300.0,3015348500.0,1.0,3700.0,3705.0,3640.0,3670.0,821300.0
2022-12-08,36260,3670.0,3720.0,3640.0,3695.0,0,0,717000.0,2642549000.0,1.0,3670.0,3720.0,3640.0,3695.0,717000.0
2022-12-09,36260,3720.0,3795.0,3720.0,3740.0,0,0,893000.0,3352379500.0,1.0,3720.0,3795.0,3720.0,3740.0,893000.0
2022-12-12,36260,3700.0,3750.0,3670.0,3750.0,0,0,422200.0,1576531500.0,1.0,3700.0,3750.0,3670.0,3750.0,422200.0
2022-12-13,36260,3720.0,3760.0,3685.0,3685.0,0,0,479800.0,1778508500.0,1.0,3720.0,3760.0,3685.0,3685.0,479800.0
2022-12-14,36260,3715.0,3765.0,3690.0,3750.0,0,0,483600.0,1806962000.0,1.0,3715.0,3765.0,3690.0,3750.0,483600.0
2022-12-15,36260,3715.0,3740.0,3700.0,3725.0,0,0,387600.0,1441295000.0,1.0,3715.0,3740.0,3700.0,3725.0,387600.0
2022-12-16,36260,3700.0,3735.0,3690.0,3710.0,0,0,827100.0,3069054000.0,1.0,3700.0,3735.0,3690.0,3710.0,827100.0
2022-12-19,36260,3695.0,3765.0,3685.0,3745.0,0,0,583300.0,2180180000.0,1.0,3695.0,3765.0,3685.0,3745.0,583300.0
2022-12-20,36260,3735.0,3740.0,3520.0,3540.0,0,0,733400.0,2630381500.0,1.0,3735.0,3740.0,3520.0,3540.0,733400.0
2022-12-21,36260,3560.0,3570.0,3465.0,3540.0,0,0,758500.0,2678587000.0,1.0,3560.0,3570.0,3465.0,3540.0,758500.0
2022-12-22,36260,3575.0,3595.0,3525.0,3560.0,0,0,456200.0,1624245000.0,1.0,3575.0,3595.0,3525.0,3560.0,456200.0
2022-12-23,36260,3520.0,3550.0,3500.0,3505.0,0,0,268200.0,942664000.0,1.0,3520.0,3550.0,3500.0,3505.0,268200.0
2022-12-26,36260,3500.0,3515.0,3470.0,3485.0,0,0,222800.0,777853500.0,1.0,3500.0,3515.0,3470.0,3485.0,222800.0
2022-12-27,36260,3505.0,3530.0,3470.0,3485.0,0,0,195700.0,683093000.0,1.0,3505.0,3530.0,3470.0,3485.0,195700.0
2022-12-28,36260,3450.0,3470.0,3425.0,3440.0,0,0,318000.0,1094541000.0,1.0,3450.0,3470.0,3425.0,3440.0,318000.0
2022-12-29,36260,3420.0,3455.0,3420.0,3445.0,0,0,243800.0,838542000.0,1.0,3420.0,3455.0,3420.0,3445.0,243800.0
2022-12-30,36260,3540.0,3540.0,3465.0,3480.0,0,0,498600.0,1740523500.0,1.0,3540.0,3540.0,3465.0,3480.0,498600.0
2023-01-04,36260,3410.0,3425.0,3345.0,3375.0,0,0,563300.0,1903253500.0,1.0,3410.0,3425.0,3345.0,3375.0,563300.0
2023-01-05,36260,3360.0,3440.0,3355.0,3435.0,0,0,642800.0,2194872000.0,1.0,3360.0,3440.0,3355.0,3435.0,642800.0
2023-01-06,36260,3415.0,3460.0,3385.0,3440.0,0,0,799600.0,2743774500.0,1.0,3415.0,3460.0,3385.0,3440.0,799600.0
2023-01-10,36260,3495.0,3510.0,3450.0,3465.0,0,0,358900.0,1246339500.0,1.0,3495.0,3510.0,3450.0,3465.0,358900.0
2023-01-11,36260,3475.0,3545.0,3475.0,3515.0,0,0,475100.0,1669929000.0,1.0,3475.0,3545.0,3475.0,3515.0,475100.0
2023-01-12,36260,3545.0,3545.0,3475.0,3505.0,0,0,438900.0,1538719500.0,1.0,3545.0,3545.0,3475.0,3505.0,438900.0
2023-01-13,36260,3520.0,3545.0,3465.0,3475.0,0,0,506000.0,1764412000.0,1.0,3520.0,3545.0,3465.0,3475.0,506000.0
2023-01-16,36260,3470.0,3510.0,3450.0,3490.0,0,0,287000.0,1001907500.0,1.0,3470.0,3510.0,3450.0,3490.0,287000.0
2023-01-17,36260,3515.0,3520.0,3485.0,3495.0,0,0,371500.0,1299228000.0,1.0,3515.0,3520.0,3485.0,3495.0,371500.0
2023-01-18,36260,3530.0,3620.0,3515.0,3580.0,0,0,410500.0,1466416000.0,1.0,3530.0,3620.0,3515.0,3580.0,410500.0
2023-01-19,36260,3540.0,3615.0,3520.0,3600.0,0,0,609800.0,2191868000.0,1.0,3540.0,3615.0,3520.0,3600.0,609800.0
2023-01-20,36260,3585.0,3615.0,3565.0,3580.0,0,0,425800.0,1527485000.0,1.0,3585.0,3615.0,3565.0,3580.0,425800.0
2023-01-23,36260,3635.0,3635.0,3585.0,3620.0,0,0,316300.0,1141427000.0,1.0,3635.0,3635.0,3585.0,3620.0,316300.0
2023-01-24,36260,3665.0,3710.0,3635.0,3695.0,0,0,476300.0,1752779000.0,1.0,3665.0,3710.0,3635.0,3695.0,476300.0
2023-01-25,36260,3665.0,3720.0,3655.0,3720.0,0,0,378700.0,1401299000.0,1.0,3665.0,3720.0,3655.0,3720.0,378700.0
2023-01-26,36260,3715.0,3745.0,3705.0,3735.0,0,0,361200.0,1347719500.0,1.0,3715.0,3745.0,3705.0,3735.0,361200.0
2023-01-27,36260,3750.0,3765.0,3705.0,3715.0,0,0,323900.0,1205538000.0,1.0,3750.0,3765.0,3705.0,3715.0,323900.0
2023-01-30,36260,3710.0,3755.0,3710.0,3735.0,0,0,407700.0,1521991500.0,1.0,3710.0,3755.0,3710.0,3735.0,407700.0
2023-01-31,36260,3755.0,3780.0,3710.0,3730.0,0,0,574700.0,2146605500.0,1.0,3755.0,3780.0,3710.0,3730.0,574700.0
2023-02-01,36260,3770.0,3780.0,3720.0,3730.0,0,0,463500.0,1735172000.0,1.0,3770.0,3780.0,3720.0,3730.0,463500.0
2023-02-02,36260,3780.0,3790.0,3740.0,3755.0,0,0,488300.0,1837317000.0,1.0,3780.0,3790.0,3740.0,3755.0,488300.0
2023-02-03,36260,3725.0,3740.0,3605.0,3685.0,0,0,1007900.0,3706020000.0,1.0,3725.0,3740.0,3605.0,3685.0,1007900.0
2023-02-06,36260,3335.0,3530.0,3335.0,3495.0,0,0,1495200.0,5186170500.0,1.0,3335.0,3530.0,3335.0,3495.0,1495200.0
2023-02-07,36260,3500.0,3535.0,3450.0,3465.0,0,0,879800.0,3058695000.0,1.0,3500.0,3535.0,3450.0,3465.0,879800.0
2023-02-08,36260,3495.0,3555.0,3490.0,3540.0,0,0,612100.0,2160535500.0,1.0,3495.0,3555.0,3490.0,3540.0,612100.0
2023-02-09,36260,3520.0,3545.0,3495.0,3540.0,0,0,545500.0,1924380000.0,1.0,3520.0,3545.0,3495.0,3540.0,545500.0
2023-02-10,36260,3505.0,3555.0,3500.0,3530.0,0,0,468000.0,1651553000.0,1.0,3505.0,3555.0,3500.0,3530.0,468000.0
2023-02-13,36260,3505.0,3515.0,3410.0,3415.0,0,0,422100.0,1448142500.0,1.0,3505.0,3515.0,3410.0,3415.0,422100.0
2023-02-14,36260,3560.0,3585.0,3520.0,3550.0,0,0,639400.0,2270105000.0,1.0,3560.0,3585.0,3520.0,3550.0,639400.0
2023-02-15,36260,3525.0,3525.0,3450.0,3455.0,0,0,503100.0,1748064500.0,1.0,3525.0,3525.0,3450.0,3455.0,503100.0
2023-02-16,36260,3485.0,3510.0,3445.0,3460.0,0,0,400400.0,1388530500.0,1.0,3485.0,3510.0,3445.0,3460.0,400400.0
2023-02-17,36260,3390.0,3435.0,3375.0,3430.0,0,0,548500.0,1872368000.0,1.0,3390.0,3435.0,3375.0,3430.0,548500.0
2023-02-20,36260,3445.0,3450.0,3410.0,3435.0,0,0,288900.0,992645000.0,1.0,3445.0,3450.0,3410.0,3435.0,288900.0
2023-02-21,36260,3425.0,3430.0,3360.0,3360.0,0,0,426300.0,1443965500.0,1.0,3425.0,3430.0,3360.0,3360.0,426300.0
2023-02-22,36260,3330.0,3340.0,3280.0,3295.0,0,0,561900.0,1854137500.0,1.0,3330.0,3340.0,3280.0,3295.0,561900.0
2023-02-24,36260,3225.0,3345.0,3220.0,3335.0,0,0,604600.0,1996864500.0,1.0,3225.0,3345.0,3220.0,3335.0,604600.0
2023-02-27,36260,3310.0,3340.0,3290.0,3325.0,0,0,721900.0,2396194000.0,1.0,3310.0,3340.0,3290.0,3325.0,721900.0
2023-02-28,36260,3350.0,3385.0,3320.0,3380.0,0,0,1207000.0,4065457500.0,1.0,3350.0,3385.0,3320.0,3380.0,1207000.0
2023-03-01,36260,3385.0,3400.0,3350.0,3380.0,0,0,502900.0,1699523500.0,1.0,3385.0,3400.0,3350.0,3380.0,502900.0
2023-03-02,36260,3405.0,3415.0,3360.0,3400.0,0,0,422900.0,1436359500.0,1.0,3405.0,3415.0,3360.0,3400.0,422900.0
2023-03-03,36260,3425.0,3485.0,3415.0,3480.0,0,0,721700.0,2504194000.0,1.0,3425.0,3485.0,3415.0,3480.0,721700.0
2023-03-06,36260,3500.0,3555.0,3485.0,3495.0,0,0,532100.0,1867821500.0,1.0,3500.0,3555.0,3485.0,3495.0,532100.0
2023-03-07,36260,3510.0,3570.0,3505.0,3540.0,0,0,490700.0,1738278500.0,1.0,3510.0,3570.0,3505.0,3540.0,490700.0
2023-03-08,36260,3605.0,3640.0,3510.0,3550.0,0,0,759200.0,2705354000.0,1.0,3605.0,3640.0,3510.0,3550.0,759200.0
2023-03-09,36260,3555.0,3605.0,3545.0,3565.0,0,0,511000.0,1824743000.0,1.0,3555.0,3605.0,3545.0,3565.0,511000.0
2023-03-10,36260,3530.0,3560.0,3515.0,3535.0,0,0,667300.0,2358008000.0,1.0,3530.0,3560.0,3515.0,3535.0,667300.0
2023-03-13,36260,3500.0,3505.0,3400.0,3505.0,0,0,518700.0,1799327000.0,1.0,3500.0,3505.0,3400.0,3505.0,518700.0
2023-03-14,36260,3455.0,3470.0,3400.0,3455.0,0,0,615400.0,2120271000.0,1.0,3455.0,3470.0,3400.0,3455.0,615400.0
2023-03-15,36260,3495.0,3495.0,3435.0,3455.0,0,0,560600.0,1938706000.0,1.0,3495.0,3495.0,3435.0,3455.0,560600.0
2023-03-16,36260,3335.0,3455.0,3335.0,3435.0,0,0,770700.0,2634657500.0,1.0,3335.0,3455.0,3335.0,3435.0,770700.0
2023-03-17,36260,3455.0,3505.0,3440.0,3505.0,0,0,803000.0,2807367500.0,1.0,3455.0,3505.0,3440.0,3505.0,803000.0
2023-03-20,36260,3495.0,3530.0,3430.0,3430.0,0,0,514700.0,1786107500.0,1.0,3495.0,3530.0,3430.0,3430.0,514700.0
2023-03-22,36260,3470.0,3520.0,3440.0,3465.0,0,0,669200.0,2322295500.0,1.0,3470.0,3520.0,3440.0,3465.0,669200.0
2023-03-23,36260,3425.0,3445.0,3385.0,3435.0,0,0,554600.0,1898565500.0,1.0,3425.0,3445.0,3385.0,3435.0,554600.0
2023-03-24,36260,3465.0,3465.0,3405.0,3455.0,0,0,574300.0,1975544500.0,1.0,3465.0,3465.0,3405.0,3455.0,574300.0
2023-03-27,36260,3485.0,3515.0,3465.0,3475.0,0,0,384500.0,1338788500.0,1.0,3485.0,3515.0,3465.0,3475.0,384500.0
2023-03-28,36260,3485.0,3545.0,3460.0,3535.0,0,0,478300.0,1682537000.0,1.0,3485.0,3545.0,3460.0,3535.0,478300.0
2023-03-29,36260,3535.0,3590.0,3495.0,3585.0,0,0,698600.0,2491398000.0,1.0,3535.0,3590.0,3495.0,3585.0,698600.0
2023-03-30,36260,3565.0,3590.0,3495.0,3535.0,0,0,1153300.0,4075489000.0,1.0,3565.0,3590.0,3495.0,3535.0,1153300.0
2023-03-31,36260,3560.0,3565.0,3465.0,3490.0,0,0,757400.0,2647372000.0,1.0,3560.0,3565.0,3465.0,3490.0,757400.0
2023-04-03,36260,3535.0,3580.0,3520.0,3570.0,0,0,620000.0,2208819500.0,1.0,3535.0,3580.0,3520.0,3570.0,620000.0
2023-04-04,36260,3565.0,3595.0,3545.0,3565.0,0,0,687800.0,2454912500.0,1.0,3565.0,3595.0,3545.0,3565.0,687800.0
2023-04-05,36260,3560.0,3565.0,3520.0,3525.0,0,0,664000.0,2348456000.0,1.0,3560.0,3565.0,3520.0,3525.0,664000.0
2023-04-06,36260,3495.0,3515.0,3475.0,3490.0,0,0,481200.0,1681498500.0,1.0,3495.0,3515.0,3475.0,3490.0,481200.0
2023-04-07,36260,3495.0,3545.0,3495.0,3510.0,0,0,420300.0,1477523000.0,1.0,3495.0,3545.0,3495.0,3510.0,420300.0
2023-04-10,36260,3520.0,3585.0,3510.0,3570.0,0,0,521200.0,1858203500.0,1.0,3520.0,3585.0,3510.0,3570.0,521200.0
2023-04-11,36260,3610.0,3655.0,3585.0,3590.0,0,0,716400.0,2586957500.0,1.0,3610.0,3655.0,3585.0,3590.0,716400.0
2023-04-12,36260,3620.0,3650.0,3595.0,3630.0,0,0,570800.0,2069294000.0,1.0,3620.0,3650.0,3595.0,3630.0,570800.0
2023-04-13,36260,3640.0,3660.0,3610.0,3635.0,0,0,550700.0,2005246000.0,1.0,3640.0,3660.0,3610.0,3635.0,550700.0
2023-04-14,36260,3645.0,3675.0,3630.0,3660.0,0,0,450400.0,1647155500.0,1.0,3645.0,3675.0,3630.0,3660.0,450400.0
2023-04-17,36260,3660.0,3670.0,3625.0,3640.0,0,0,503100.0,1832135000.0,1.0,3660.0,3670.0,3625.0,3640.0,503100.0
2023-04-18,36260,3660.0,3700.0,3660.0,3695.0,0,0,589900.0,2175878500.0,1.0,3660.0,3700.0,3660.0,3695.0,589900.0
2023-04-19,36260,3680.0,3710.0,3650.0,3660.0,0,0,612200.0,2243424000.0,1.0,3680.0,3710.0,3650.0,3660.0,612200.0
2023-04-20,36260,3635.0,3675.0,3620.0,3675.0,0,0,496000.0,1814045500.0,1.0,3635.0,3675.0,3620.0,3675.0,496000.0
2023-04-21,36260,3670.0,3675.0,3635.0,3650.0,0,0,477900.0,1745472500.0,1.0,3670.0,3675.0,3635.0,3650.0,477900.0
2023-04-24,36260,3675.0,3705.0,3660.0,3685.0,0,0,439400.0,1621698500.0,1.0,3675.0,3705.0,3660.0,3685.0,439400.0
2023-04-25,36260,3690.0,3750.0,3690.0,3700.0,0,0,582700.0,2166232000.0,1.0,3690.0,3750.0,3690.0,3700.0,582700.0
2023-04-26,36260,3670.0,3685.0,3625.0,3645.0,0,0,469300.0,1711692000.0,1.0,3670.0,3685.0,3625.0,3645.0,469300.0
2023-04-27,36260,3620.0,3670.0,3610.0,3660.0,0,0,511100.0,1864645500.0,1.0,3620.0,3670.0,3610.0,3660.0,511100.0
2023-04-28,36260,3700.0,3720.0,3665.0,3720.0,0,0,621000.0,2300114500.0,1.0,3700.0,3720.0,3665.0,3720.0,621000.0
2023-05-01,36260,3740.0,3800.0,3740.0,3785.0,0,0,629100.0,2377100000.0,1.0,3740.0,3800.0,3740.0,3785.0,629100.0
2023-05-02,36260,3825.0,3855.0,3815.0,3855.0,0,0,660300.0,2535060500.0,1.0,3825.0,3855.0,3815.0,3855.0,660300.0
2023-05-08,36260,3880.0,3915.0,3850.0,3880.0,0,0,886400.0,3438782000.0,1.0,3880.0,3915.0,3850.0,3880.0,886400.0
2023-05-09,36260,3860.0,3965.0,3855.0,3940.0,0,0,1135400.0,4464771500.0,1.0,3860.0,3965.0,3855.0,3940.0,1135400.0
2023-05-10,36260,3810.0,3930.0,3785.0,3905.0,0,0,1307400.0,5046066000.0,1.0,3810.0,3930.0,3785.0,3905.0,1307400.0
2023-05-11,36260,3920.0,3955.0,3865.0,3880.0,0,0,844600.0,3290169000.0,1.0,3920.0,3955.0,3865.0,3880.0,844600.0
2023-05-12,36260,3880.0,3945.0,3845.0,3935.0,0,0,937700.0,3667362500.0,1.0,3880.0,3945.0,3845.0,3935.0,937700.0
2023-05-15,36260,3990.0,3995.0,3930.0,3970.0,0,0,554700.0,2197819500.0,1.0,3990.0,3995.0,3930.0,3970.0,554700.0
2023-05-16,36260,3985.0,3985.0,3945.0,3985.0,0,0,559700.0,2224433000.0,1.0,3985.0,3985.0,3945.0,3985.0,559700.0
2023-05-17,36260,3990.0,4035.0,3950.0,4010.0,0,0,841800.0,3373445000.0,1.0,3990.0,4035.0,3950.0,4010.0,841800.0
2023-05-18,36260,4030.0,4055.0,4015.0,4045.0,0,0,715300.0,2888767500.0,1.0,4030.0,4055.0,4015.0,4045.0,715300.0
2023-05-19,36260,4050.0,4060.0,4010.0,4060.0,0,0,574100.0,2322446500.0,1.0,4050.0,4060.0,4010.0,4060.0,574100.0
2023-05-22,36260,4045.0,4065.0,4020.0,4060.0,0,0,565700.0,2290368500.0,1.0,4045.0,4065.0,4020.0,4060.0,565700.0
2023-05-23,36260,4070.0,4095.0,4025.0,4040.0,0,0,768900.0,3115708000.0,1.0,4070.0,4095.0,4025.0,4040.0,768900.0
2023-05-24,36260,3990.0,4015.0,3970.0,3985.0,0,0,503600.0,2008406000.0,1.0,3990.0,4015.0,3970.0,3985.0,503600.0
2023-05-25,36260,3960.0,3995.0,3930.0,3935.0,0,0,643000.0,2541951000.0,1.0,3960.0,3995.0,3930.0,3935.0,643000.0
2023-05-26,36260,3940.0,3965.0,3910.0,3935.0,0,0,717000.0,2828030500.0,1.0,3940.0,3965.0,3910.0,3935.0,717000.0
2023-05-29,36260,4000.0,4000.0,3920.0,3950.0,0,0,842100.0,3326435500.0,1.0,4000.0,4000.0,3920.0,3950.0,842100.0
2023-05-30,36260,3920.0,3995.0,3910.0,3950.0,0,0,788500.0,3115749500.0,1.0,3920.0,3995.0,3910.0,3950.0,788500.0
2023-05-31,36260,3900.0,3930.0,3850.0,3910.0,0,0,3051900.0,11914873500.0,1.0,3900.0,3930.0,3850.0,3910.0,3051900.0
2023-06-01,36260,3840.0,3900.0,3805.0,3835.0,0,0,1039800.0,4004805000.0,1.0,3840.0,3900.0,3805.0,3835.0,1039800.0
2023-06-02,36260,3825.0,3915.0,3805.0,3885.0,0,0,1465300.0,5674326500.0,1.0,3825.0,3915.0,3805.0,3885.0,1465300.0
2023-06-05,36260,3926.0,3945.0,3845.0,3855.0,0,0,1125100.0,4345272400.0,1.0,3926.0,3945.0,3845.0,3855.0,1125100.0
2023-06-06,36260,3739.0,3773.0,3647.0,3671.0,0,0,3022600.0,11194163300.0,1.0,3739.0,3773.0,3647.0,3671.0,3022600.0
2023-06-07,36260,3658.0,3698.0,3581.0,3590.0,0,0,2165600.0,7846095400.0,1.0,3658.0,3698.0,3581.0,3590.0,2165600.0
2023-06-08,36260,3597.0,3635.0,3587.0,3604.0,0,0,1239900.0,4473317100.0,1.0,3597.0,3635.0,3587.0,3604.0,1239900.0
2023-06-09,36260,3635.0,3705.0,3613.0,3692.0,0,0,1283200.0,4707485800.0,1.0,3635.0,3705.0,3613.0,3692.0,1283200.0
2023-06-12,36260,3710.0,3720.0,3657.0,3662.0,0,0,593000.0,2181524900.0,1.0,3710.0,3720.0,3657.0,3662.0,593000.0
2023-06-13,36260,3705.0,3747.0,3695.0,3723.0,0,0,798700.0,2973706900.0,1.0,3705.0,3747.0,3695.0,3723.0,798700.0
2023-06-14,36260,3721.0,3727.0,3637.0,3657.0,0,0,1337000.0,4901557700.0,1.0,3721.0,3727.0,3637.0,3657.0,1337000.0
2023-06-15,36260,3669.0,3682.0,3610.0,3619.0,0,0,916000.0,3332770900.0,1.0,3669.0,3682.0,3610.0,3619.0,916000.0
2023-06-16,36260,3630.0,3663.0,3585.0,3659.0,0,0,1839100.0,6691452300.0,1.0,3630.0,3663.0,3585.0,3659.0,1839100.0
2023-06-19,36260,3669.0,3704.0,3643.0,3699.0,0,0,691800.0,2548214000.0,1.0,3669.0,3704.0,3643.0,3699.0,691800.0
2023-06-20,36260,3660.0,3673.0,3585.0,3626.0,0,0,642800.0,2323937300.0,1.0,3660.0,3673.0,3585.0,3626.0,642800.0
2023-06-21,36260,3629.0,3705.0,3627.0,3693.0,0,0,764200.0,2813508100.0,1.0,3629.0,3705.0,3627.0,3693.0,764200.0
2023-06-22,36260,3631.0,3699.0,3623.0,3678.0,0,0,522900.0,1920692800.0,1.0,3631.0,3699.0,3623.0,3678.0,522900.0
2023-06-23,36260,3705.0,3708.0,3604.0,3611.0,0,0,488000.0,1771088900.0,1.0,3705.0,3708.0,3604.0,3611.0,488000.0
2023-06-26,36260,3593.0,3607.0,3565.0,3585.0,0,0,411300.0,1475935800.0,1.0,3593.0,3607.0,3565.0,3585.0,411300.0
2023-06-27,36260,3537.0,3594.0,3525.0,3570.0,0,0,631100.0,2248151000.0,1.0,3537.0,3594.0,3525.0,3570.0,631100.0
2023-06-28,36260,3585.0,3619.0,3567.0,3619.0,0,0,487700.0,1756862300.0,1.0,3585.0,3619.0,3567.0,3619.0,487700.0
2023-06-29,36260,3650.0,3657.0,3592.0,3604.0,0,0,474100.0,1712618500.0,1.0,3650.0,3657.0,3592.0,3604.0,474100.0
2023-06-30,36260,3600.0,3600.0,3545.0,3591.0,0,0,546500.0,1955941000.0,1.0,3600.0,3600.0,3545.0,3591.0,546500.0
2023-07-03,36260,3614.0,3695.0,3605.0,3678.0,0,0,726500.0,2659754900.0,1.0,3614.0,3695.0,3605.0,3678.0,726500.0
2023-07-04,36260,3642.0,3680.0,3634.0,3671.0,0,0,544400.0,1996358200.0,1.0,3642.0,3680.0,3634.0,3671.0,544400.0
2023-07-05,36260,3645.0,3673.0,3621.0,3626.0,0,0,438400.0,1593707200.0,1.0,3645.0,3673.0,3621.0,3626.0,438400.0
2023-07-06,36260,3612.0,3624.0,3585.0,3599.0,0,0,593500.0,2137222300.0,1.0,3612.0,3624.0,3585.0,3599.0,593500.0
2023-07-07,36260,3541.0,3602.0,3541.0,3559.0,0,0,507800.0,1810914700.0,1.0,3541.0,3602.0,3541.0,3559.0,507800.0
2023-07-10,36260,3575.0,3601.0,3554.0,3569.0,0,0,530500.0,1896237900.0,1.0,3575.0,3601.0,3554.0,3569.0,530500.0
2023-07-11,36260,3602.0,3620.0,3556.0,3573.0,0,0,575100.0,2058021100.0,1.0,3602.0,3620.0,3556.0,3573.0,575100.0
2023-07-12,36260,3558.0,3558.0,3503.0,3517.0,0,0,573800.0,2024139300.0,1.0,3558.0,3558.0,3503.0,3517.0,573800.0
2023-07-13,36260,3506.0,3576.0,3481.0,3575.0,0,0,609900.0,2163856000.0,1.0,3506.0,3576.0,3481.0,3575.0,609900.0
2023-07-14,36260,3609.0,3620.0,3515.0,3544.0,0,0,447900.0,1590536800.0,1.0,3609.0,3620.0,3515.0,3544.0,447900.0
2023-07-18,36260,3535.0,3579.0,3520.0,3553.0,0,0,448100.0,1591482000.0,1.0,3535.0,3579.0,3520.0,3553.0,448100.0
2023-07-19,36260,3572.0,3600.0,3561.0,3580.0,0,0,537100.0,1922922300.0,1.0,3572.0,3600.0,3561.0,3580.0,537100.0
2023-07-20,36260,3561.0,3569.0,3498.0,3499.0,0,0,329300.0,1158929500.0,1.0,3561.0,3569.0,3498.0,3499.0,329300.0
2023-07-21,36260,3472.0,3489.0,3462.0,3465.0,0,0,404000.0,1401812800.0,1.0,3472.0,3489.0,3462.0,3465.0,404000.0
2023-07-24,36260,3490.0,3502.0,3466.0,3478.0,0,0,318400.0,1107710300.0,1.0,3490.0,3502.0,3466.0,3478.0,318400.0
2023-07-25,36260,3466.0,3484.0,3453.0,3479.0,0,0,356700.0,1238417000.0,1.0,3466.0,3484.0,3453.0,3479.0,356700.0
2023-07-26,36260,3493.0,3590.0,3492.0,3582.0,0,0,754000.0,2680541900.0,1.0,3493.0,3590.0,3492.0,3582.0,754000.0
2023-07-27,36260,3552.0,3571.0,3526.0,3546.0,0,0,762000.0,2702847100.0,1.0,3552.0,3571.0,3526.0,3546.0,762000.0
2023-07-28,36260,3498.0,3552.0,3471.0,3512.0,0,0,710100.0,2490177500.0,1.0,3498.0,3552.0,3471.0,3512.0,710100.0
2023-07-31,36260,3571.0,3614.0,3558.0,3603.0,0,0,909400.0,3271679000.0,1.0,3571.0,3614.0,3558.0,3603.0,909400.0
2023-08-01,36260,3603.0,3682.0,3603.0,3672.0,0,0,1015300.0,3712962800.0,1.0,3603.0,3682.0,3603.0,3672.0,1015300.0
2023-08-02,36260,3650.0,3722.0,3650.0,3712.0,0,0,1253900.0,4638295200.0,1.0,3650.0,3722.0,3650.0,3712.0,1253900.0
2023-08-03,36260,3475.0,3554.0,3430.0,3459.0,0,0,1482400.0,5164845000.0,1.0,3475.0,3554.0,3430.0,3459.0,1482400.0
2023-08-04,36260,3465.0,3493.0,3412.0,3442.0,0,0,913000.0,3148510900.0,1.0,3465.0,3493.0,3412.0,3442.0,913000.0
2023-08-07,36260,3442.0,3496.0,3423.0,3486.0,0,0,506000.0,1757243800.0,1.0,3442.0,3496.0,3423.0,3486.0,506000.0
2023-08-08,36260,3492.0,3492.0,3332.0,3355.0,0,0,1215700.0,4096600600.0,1.0,3492.0,3492.0,3332.0,3355.0,1215700.0
2023-08-09,36260,3340.0,3377.0,3318.0,3364.0,0,0,653700.0,2192190200.0,1.0,3340.0,3377.0,3318.0,3364.0,653700.0
2023-08-10,36260,3305.0,3360.0,3305.0,3344.0,0,0,670100.0,2236030100.0,1.0,3305.0,3360.0,3305.0,3344.0,670100.0
2023-08-14,36260,3305.0,3331.0,3243.0,3278.0,0,0,896100.0,2937465800.0,1.0,3305.0,3331.0,3243.0,3278.0,896100.0
2023-08-15,36260,3291.0,3310.0,3271.0,3300.0,0,0,494900.0,1631464900.0,1.0,3291.0,3310.0,3271.0,3300.0,494900.0
2023-08-16,36260,3293.0,3299.0,3261.0,3287.0,0,0,1046600.0,3434821900.0,1.0,3293.0,3299.0,3261.0,3287.0,1046600.0
2023-08-17,36260,3299.0,3326.0,3262.0,3323.0,0,0,765600.0,2532854300.0,1.0,3299.0,3326.0,3262.0,3323.0,765600.0
2023-08-18,36260,3286.0,3293.0,3249.0,3266.0,0,0,410700.0,1341989300.0,1.0,3286.0,3293.0,3249.0,3266.0,410700.0
2023-08-21,36260,3275.0,3315.0,3270.0,3286.0,0,0,509000.0,1676229500.0,1.0,3275.0,3315.0,3270.0,3286.0,509000.0
2023-08-22,36260,3288.0,3312.0,3277.0,3293.0,0,0,381800.0,1257009200.0,1.0,3288.0,3312.0,3277.0,3293.0,381800.0
2023-08-23,36260,3284.0,3306.0,3266.0,3300.0,0,0,490400.0,1615792500.0,1.0,3284.0,3306.0,3266.0,3300.0,490400.0
2023-08-24,36260,3337.0,3367.0,3328.0,3352.0,0,0,626100.0,2097570100.0,1.0,3337.0,3367.0,3328.0,3352.0,626100.0
2023-08-25,36260,3300.0,3361.0,3295.0,3344.0,0,0,440800.0,1472219000.0,1.0,3300.0,3361.0,3295.0,3344.0,440800.0
2023-08-28,36260,3370.0,3420.0,3368.0,3412.0,0,0,443600.0,1509784100.0,1.0,3370.0,3420.0,3368.0,3412.0,443600.0
2023-08-29,36260,3402.0,3441.0,3373.0,3420.0,0,0,556900.0,1902547400.0,1.0,3402.0,3441.0,3373.0,3420.0,556900.0
2023-08-30,36260,3391.0,3411.0,3380.0,3389.0,0,0,644100.0,2184441500.0,1.0,3391.0,3411.0,3380.0,3389.0,644100.0
2023-08-31,36260,3405.0,3441.0,3390.0,3437.0,0,0,1325700.0,4547283000.0,1.0,3405.0,3441.0,3390.0,3437.0,1325700.0
2023-09-01,36260,3460.0,3512.0,3444.0,3460.0,0,0,665700.0,2309078700.0,1.0,3460.0,3512.0,3444.0,3460.0,665700.0
2023-09-04,36260,3484.0,3500.0,3457.0,3470.0,0,0,474100.0,1646363500.0,1.0,3484.0,3500.0,3457.0,3470.0,474100.0
2023-09-05,36260,3441.0,3455.0,3384.0,3397.0,0,0,687900.0,2342103800.0,1.0,3441.0,3455.0,3384.0,3397.0,687900.0
2023-09-06,36260,3438.0,3467.0,3418.0,3450.0,0,0,637700.0,2198256800.0,1.0,3438.0,3467.0,3418.0,3450.0,637700.0
2023-09-07,36260,3430.0,3438.0,3406.0,3433.0,0,0,513000.0,1758516600.0,1.0,3430.0,3438.0,3406.0,3433.0,513000.0
2023-09-08,36260,3416.0,3429.0,3381.0,3396.0,0,0,721500.0,2458566800.0,1.0,3416.0,3429.0,3381.0,3396.0,721500.0
2023-09-11,36260,3423.0,3435.0,3360.0,3382.0,0,0,436600.0,1480700900.0,1.0,3423.0,3435.0,3360.0,3382.0,436600.0
2023-09-12,36260,3397.0,3446.0,3393.0,3425.0,0,0,343100.0,1175935900.0,1.0,3397.0,3446.0,3393.0,3425.0,343100.0
2023-09-13,36260,3385.0,3391.0,3335.0,3363.0,0,0,493700.0,1659605500.0,1.0,3385.0,3391.0,3335.0,3363.0,493700.0
2023-09-14,36260,3378.0,3418.0,3368.0,3395.0,0,0,473700.0,1609238700.0,1.0,3378.0,3418.0,3368.0,3395.0,473700.0
2023-09-15,36260,3417.0,3456.0,3409.0,3434.0,0,0,1282800.0,4407457000.0,1.0,3417.0,3456.0,3409.0,3434.0,1282800.0
2023-09-19,36260,3437.0,3473.0,3423.0,3453.0,0,0,925200.0,3189795000.0,1.0,3437.0,3473.0,3423.0,3453.0,925200.0
2023-09-20,36260,3469.0,3507.0,3412.0,3435.0,0,0,809300.0,2792383300.0,1.0,3469.0,3507.0,3412.0,3435.0,809300.0
2023-09-21,36260,3416.0,3434.0,3364.0,3378.0,0,0,677000.0,2290237400.0,1.0,3416.0,3434.0,3364.0,3378.0,677000.0
2023-09-22,36260,3342.0,3396.0,3307.0,3380.0,0,0,690000.0,2323480700.0,1.0,3342.0,3396.0,3307.0,3380.0,690000.0
2023-09-25,36260,3410.0,3414.0,3375.0,3390.0,0,0,366300.0,1241863500.0,1.0,3410.0,3414.0,3375.0,3390.0,366300.0
2023-09-26,36260,3394.0,3394.0,3354.0,3360.0,0,0,520800.0,1754510200.0,1.0,3394.0,3394.0,3354.0,3360.0,520800.0
2023-09-27,36260,3326.0,3386.0,3326.0,3381.0,0,0,676500.0,2277070400.0,1.0,3326.0,3386.0,3326.0,3381.0,676500.0
2023-09-28,36260,3350.0,3360.0,3273.0,3306.0,0,0,899000.0,2977428500.0,1.0,3350.0,3360.0,3273.0,3306.0,899000.0
2023-09-29,36260,3350.0,3350.0,3270.0,3293.0,0,0,731700.0,2411707200.0,1.0,3350.0,3350.0,3270.0,3293.0,731700.0
2023-10-02,36260,3316.0,3322.0,3241.0,3245.0,0,0,531100.0,1737307000.0,1.0,3316.0,3322.0,3241.0,3245.0,531100.0
2023-10-03,36260,3234.0,3243.0,3190.0,3216.0,0,0,429200.0,1381334200.0,1.0,3234.0,3243.0,3190.0,3216.0,429200.0
2023-10-04,36260,3171.0,3258.0,3171.0,3236.0,0,0,541100.0,1749430700.0,1.0,3171.0,3258.0,3171.0,3236.0,541100.0
2023-10-05,36260,3223.0,3297.0,3195.0,3276.0,0,0,742300.0,2420365200.0,1.0,3223.0,3297.0,3195.0,3276.0,742300.0
2023-10-06,36260,3302.0,3318.0,3274.0,3289.0,0,0,490100.0,1612288200.0,1.0,3302.0,3318.0,3274.0,3289.0,490100.0
2023-10-10,36260,3281.0,3293.0,3260.0,3290.0,0,0,476400.0,1564715200.0,1.0,3281.0,3293.0,3260.0,3290.0,476400.0
2023-10-11,36260,3271.0,3275.0,3205.0,3227.0,0,0,505000.0,1632514800.0,1.0,3271.0,3275.0,3205.0,3227.0,505000.0
2023-10-12,36260,3235.0,3254.0,3218.0,3253.0,0,0,609600.0,1977776300.0,1.0,3235.0,3254.0,3218.0,3253.0,609600.0
2023-10-13,36260,3205.0,3218.0,3146.0,3153.0,0,0,374500.0,1187019200.0,1.0,3205.0,3218.0,3146.0,3153.0,374500.0
2023-10-16,36260,3103.0,3118.0,3081.0,3095.0,0,0,559100.0,1730537700.0,1.0,3103.0,3118.0,3081.0,3095.0,559100.0
2023-10-17,36260,3132.0,3157.0,3122.0,3141.0,0,0,520300.0,1633101600.0,1.0,3132.0,3157.0,3122.0,3141.0,520300.0
2023-10-18,36260,3147.0,3161.0,3113.0,3155.0,0,0,350200.0,1099999000.0,1.0,3147.0,3161.0,3113.0,3155.0,350200.0
2023-10-19,36260,3100.0,3169.0,3083.0,3152.0,0,0,492600.0,1551097200.0,1.0,3100.0,3169.0,3083.0,3152.0,492600.0
2023-10-20,36260,3113.0,3164.0,3101.0,3142.0,0,0,474700.0,1492127800.0,1.0,3113.0,3164.0,3101.0,3142.0,474700.0
2023-10-23,36260,3105.0,3124.0,3067.0,3080.0,0,0,408300.0,1260841300.0,1.0,3105.0,3124.0,3067.0,3080.0,408300.0
2023-10-24,36260,3095.0,3127.0,3046.0,3122.0,0,0,668900.0,2076464200.0,1.0,3095.0,3127.0,3046.0,3122.0,668900.0
2023-10-25,36260,3139.0,3160.0,3103.0,3124.0,0,0,422600.0,1323074700.0,1.0,3139.0,3160.0,3103.0,3124.0,422600.0
2023-10-26,36260,3091.0,3105.0,3047.0,3085.0,0,0,334800.0,1030893600.0,1.0,3091.0,3105.0,3047.0,3085.0,334800.0
2023-10-27,36260,3100.0,3173.0,3096.0,3167.0,0,0,505000.0,1591618400.0,1.0,3100.0,3173.0,3096.0,3167.0,505000.0
2023-10-30,36260,3122.0,3187.0,3102.0,3169.0,0,0,825400.0,2605359700.0,1.0,3122.0,3187.0,3102.0,3169.0,825400.0
2023-10-31,36260,3175.0,3224.0,3138.0,3205.0,0,0,794600.0,2534341500.0,1.0,3175.0,3224.0,3138.0,3205.0,794600.0
2023-11-01,36260,3275.0,3299.0,3233.0,3294.0,0,0,1112500.0,3644135800.0,1.0,3275.0,3299.0,3233.0,3294.0,1112500.0
2023-11-02,36260,3014.0,3059.0,2995.0,3052.0,0,0,1842600.0,5585986500.0,1.0,3014.0,3059.0,2995.0,3052.0,1842600.0
2023-11-06,36260,3062.0,3065.0,2981.5,3013.0,0,0,1371100.0,4137822350.0,1.0,3062.0,3065.0,2981.5,3013.0,1371100.0
2023-11-07,36260,2997.5,3011.0,2939.0,2950.0,0,0,864200.0,2562317200.0,1.0,2997.5,3011.0,2939.0,2950.0,864200.0
2023-11-08,36260,2938.0,2966.5,2907.5,2956.0,0,0,948000.0,2792696000.0,1.0,2938.0,2966.5,2907.5,2956.0,948000.0
2023-11-09,36260,2986.5,3042.0,2965.0,3034.0,0,0,671600.0,2022879950.0,1.0,2986.5,3042.0,2965.0,3034.0,671600.0
2023-11-10,36260,3020.0,3106.0,3016.0,3087.0,0,0,829200.0,2552832500.0,1.0,3020.0,3106.0,3016.0,3087.0,829200.0
2023-11-13,36260,3091.0,3099.0,2984.5,2985.0,0,0,516600.0,1554926600.0,1.0,3091.0,3099.0,2984.5,2985.0,516600.0
2023-11-14,36260,3073.0,3093.0,3043.0,3070.0,0,0,588200.0,1806627700.0,1.0,3073.0,3093.0,3043.0,3070.0,588200.0
2023-11-15,36260,3113.0,3154.0,3102.0,3148.0,0,0,554500.0,1736688100.0,1.0,3113.0,3154.0,3102.0,3148.0,554500.0
2023-11-16,36260,3132.0,3180.0,3123.0,3173.0,0,0,530300.0,1677337500.0,1.0,3132.0,3180.0,3123.0,3173.0,530300.0
2023-11-17,36260,3164.0,3210.0,3164.0,3186.0,0,0,599800.0,1911896600.0,1.0,3164.0,3210.0,3164.0,3186.0,599800.0
2023-11-20,36260,3199.0,3227.0,3180.0,3180.0,0,0,396200.0,1264972200.0,1.0,3199.0,3227.0,3180.0,3180.0,396200.0
2023-11-21,36260,3195.0,3230.0,3182.0,3183.0,0,0,363300.0,1160878200.0,1.0,3195.0,3230.0,3182.0,3183.0,363300.0
2023-11-22,36260,3183.0,3201.0,3167.0,3175.0,0,0,403100.0,1282128700.0,1.0,3183.0,3201.0,3167.0,3175.0,403100.0
2023-11-24,36260,3169.0,3175.0,3137.0,3144.0,0,0,509100.0,1603087500.0,1.0,3169.0,3175.0,3137.0,3144.0,509100.0
2023-11-27,36260,3074.0,3128.0,3071.0,3073.0,0,0,931800.0,2875843300.0,1.0,3074.0,3128.0,3071.0,3073.0,931800.0
2023-11-28,36260,3081.0,3088.0,3028.0,3046.0,0,0,676800.0,2061541900.0,1.0,3081.0,3088.0,3028.0,3046.0,676800.0
2023-11-29,36260,3065.0,3111.0,3064.0,3083.0,0,0,682100.0,2108420700.0,1.0,3065.0,3111.0,3064.0,3083.0,682100.0
2023-11-30,36260,3112.0,3141.0,3057.0,3127.0,0,0,2103700.0,6551482000.0,1.0,3112.0,3141.0,3057.0,3127.0,2103700.0
2023-12-01,36260,3150.0,3159.0,3095.0,3112.0,0,0,605600.0,1887620100.0,1.0,3150.0,3159.0,3095.0,3112.0,605600.0
2023-12-04,36260,3090.0,3108.0,3037.0,3108.0,0,0,470200.0,1454238900.0,1.0,3090.0,3108.0,3037.0,3108.0,470200.0
2023-12-05,36260,3112.0,3133.0,3066.0,3069.0,0,0,532100.0,1641381700.0,1.0,3112.0,3133.0,3066.0,3069.0,532100.0
2023-12-06,36260,3102.0,3123.0,3094.0,3123.0,0,0,544800.0,1696926300.0,1.0,3102.0,3123.0,3094.0,3123.0,544800.0
2023-12-07,36260,3089.0,3130.0,3076.0,3080.0,0,0,744800.0,2305421200.0,1.0,3089.0,3130.0,3076.0,3080.0,744800.0
2023-12-08,36260,3042.0,3073.0,2966.5,2993.5,0,0,1056500.0,3178911900.0,1.0,3042.0,3073.0,2966.5,2993.5,1056500.0
2023-12-11,36260,3024.0,3089.0,3010.0,3086.0,0,0,609100.0,1869610900.0,1.0,3024.0,3089.0,3010.0,3086.0,609100.0
2023-12-12,36260,3093.0,3117.0,3050.0,3071.0,0,0,560100.0,1721108500.0,1.0,3093.0,3117.0,3050.0,3071.0,560100.0
2023-12-13,36260,3092.0,3102.0,3055.0,3066.0,0,0,285500.0,876570500.0,1.0,3092.0,3102.0,3055.0,3066.0,285500.0
2023-12-14,36260,3080.0,3131.0,3074.0,3115.0,0,0,639900.0,1988580800.0,1.0,3080.0,3131.0,3074.0,3115.0,639900.0
2023-12-15,36260,3099.0,3119.0,3059.0,3069.0,0,0,986400.0,3037855400.0,1.0,3099.0,3119.0,3059.0,3069.0,986400.0
2023-12-18,36260,3066.0,3080.0,3042.0,3075.0,0,0,459300.0,1409809600.0,1.0,3066.0,3080.0,3042.0,3075.0,459300.0
2023-12-19,36260,3060.0,3084.0,3053.0,3073.0,0,0,624200.0,1915822900.0,1.0,3060.0,3084.0,3053.0,3073.0,624200.0
2023-12-20,36260,3060.0,3078.0,3016.0,3036.0,0,0,617800.0,1879064900.0,1.0,3060.0,3078.0,3016.0,3036.0,617800.0
2023-12-21,36260,2999.0,3030.0,2997.0,3016.0,0,0,309200.0,932390550.0,1.0,2999.0,3030.0,2997.0,3016.0,309200.0
2023-12-22,36260,3019.0,3049.0,3012.0,3047.0,0,0,368100.0,1119842100.0,1.0,3019.0,3049.0,3012.0,3047.0,368100.0
2023-12-25,36260,3079.0,3083.0,3057.0,3062.0,0,0,220500.0,676493700.0,1.0,3079.0,3083.0,3057.0,3062.0,220500.0
2023-12-26,36260,3065.0,3097.0,3063.0,3093.0,0,0,293000.0,903806300.0,1.0,3065.0,3097.0,3063.0,3093.0,293000.0
2023-12-27,36260,3096.0,3146.0,3095.0,3124.0,0,0,462400.0,1444739700.0,1.0,3096.0,3146.0,3095.0,3124.0,462400.0
2023-12-28,36260,3109.0,3123.0,3084.0,3111.0,0,0,396200.0,1230520800.0,1.0,3109.0,3123.0,3084.0,3111.0,396200.0
2023-12-29,36260,3096.0,3110.0,3085.0,3107.0,0,0,348200.0,1079990200.0,1.0,3096.0,3110.0,3085.0,3107.0,348200.0
2024-01-04,36260,3077.0,3134.0,3056.0,3133.0,0,0,520500.0,1616277500.0,1.0,3077.0,3134.0,3056.0,3133.0,520500.0
2024-01-05,36260,3153.0,3153.0,3084.0,3092.0,0,0,391500.0,1214023400.0,1.0,3153.0,3153.0,3084.0,3092.0,391500.0
2024-01-09,36260,3118.0,3202.0,3108.0,3199.0,0,0,573600.0,1822529400.0,1.0,3118.0,3202.0,3108.0,3199.0,573600.0
2024-01-10,36260,3220.0,3324.0,3220.0,3304.0,0,0,714800.0,2356081200.0,1.0,3220.0,3324.0,3220.0,3304.0,714800.0
2024-01-11,36260,3341.0,3358.0,3301.0,3337.0,0,0,685400.0,2285414000.0,1.0,3341.0,3358.0,3301.0,3337.0,685400.0
2024-01-12,36260,3400.0,3424.0,3378.0,3419.0,0,0,737400.0,2512130300.0,1.0,3400.0,3424.0,3378.0,3419.0,737400.0
2024-01-15,36260,3437.0,3446.0,3402.0,3422.0,0,0,410000.0,1403838600.0,1.0,3437.0,3446.0,3402.0,3422.0,410000.0
2024-01-16,36260,3428.0,3430.0,3395.0,3403.0,0,0,408300.0,1390705000.0,1.0,3428.0,3430.0,3395.0,3403.0,408300.0
2024-01-17,36260,3440.0,3451.0,3375.0,3387.0,0,0,586700.0,1999814800.0,1.0,3440.0,3451.0,3375.0,3387.0,586700.0
2024-01-18,36260,3389.0,3389.0,3334.0,3369.0,0,0,696600.0,2342771800.0,1.0,3389.0,3389.0,3334.0,3369.0,696600.0
2024-01-19,36260,3433.0,3433.0,3362.0,3397.0,0,0,646200.0,2191623700.0,1.0,3433.0,3433.0,3362.0,3397.0,646200.0
2024-01-22,36260,3400.0,3418.0,3392.0,3399.0,0,0,371300.0,1263190500.0,1.0,3400.0,3418.0,3392.0,3399.0,371300.0
2024-01-23,36260,3434.0,3458.0,3400.0,3406.0,0,0,410800.0,1406043300.0,1.0,3434.0,3458.0,3400.0,3406.0,410800.0
2024-01-24,36260,3383.0,3404.0,3351.0,3365.0,0,0,403200.0,1358518500.0,1.0,3383.0,3404.0,3351.0,3365.0,403200.0
2024-01-25,36260,3351.0,3380.0,3312.0,3317.0,0,0,504400.0,1678221800.0,1.0,3351.0,3380.0,3312.0,3317.0,504400.0
2024-01-26,36260,3312.0,3335.0,3286.0,3315.0,0,0,462900.0,1534995800.0,1.0,3312.0,3335.0,3286.0,3315.0,462900.0
2024-01-29,36260,3315.0,3326.0,3301.0,3320.0,0,0,282200.0,935596800.0,1.0,3315.0,3326.0,3301.0,3320.0,282200.0
2024-01-30,36260,3325.0,3332.0,3303.0,3321.0,0,0,441300.0,1465280500.0,1.0,3325.0,3332.0,3303.0,3321.0,441300.0
2024-01-31,36260,3295.0,3304.0,3248.0,3304.0,0,0,662000.0,2176361000.0,1.0,3295.0,3304.0,3248.0,3304.0,662000.0
2024-02-01,36260,3298.0,3310.0,3253.0,3284.0,0,0,481200.0,1581594100.0,1.0,3298.0,3310.0,3253.0,3284.0,481200.0
2024-02-02,36260,3319.0,3337.0,3290.0,3314.0,0,0,883500.0,2928469400.0,1.0,3319.0,3337.0,3290.0,3314.0,883500.0
2024-02-05,36260,3572.0,3670.0,3520.0,3564.0,0,0,1493200.0,5356461000.0,1.0,3572.0,3670.0,3520.0,3564.0,1493200.0
2024-02-06,36260,3537.0,3537.0,3439.0,3469.0,0,0,974600.0,3387615400.0,1.0,3537.0,3537.0,3439.0,3469.0,974600.0
2024-02-07,36260,3469.0,3488.0,3390.0,3409.0,0,0,598400.0,2044616500.0,1.0,3469.0,3488.0,3390.0,3409.0,598400.0
2024-02-08,36260,3409.0,3420.0,3350.0,3377.0,0,0,871500.0,2950381600.0,1.0,3409.0,3420.0,3350.0,3377.0,871500.0
2024-02-09,36260,3361.0,3369.0,3279.0,3294.0,0,0,451200.0,1493668800.0,1.0,3361.0,3369.0,3279.0,3294.0,451200.0
2024-02-13,36260,3326.0,3445.0,3319.0,3392.0,0,0,666800.0,2262737000.0,1.0,3326.0,3445.0,3319.0,3392.0,666800.0
2024-02-14,36260,3388.0,3436.0,3369.0,3413.0,0,0,550700.0,1879602300.0,1.0,3388.0,3436.0,3369.0,3413.0,550700.0
2024-02-15,36260,3450.0,3461.0,3369.0,3410.0,0,0,436900.0,1489060900.0,1.0,3450.0,3461.0,3369.0,3410.0,436900.0
2024-02-16,36260,3447.0,3483.0,3426.0,3447.0,0,0,410000.0,1414910800.0,1.0,3447.0,3483.0,3426.0,3447.0,410000.0
2024-02-19,36260,3446.0,3446.0,3377.0,3396.0,0,0,292100.0,993727500.0,1.0,3446.0,3446.0,3377.0,3396.0,292100.0
2024-02-20,36260,3400.0,3404.0,3348.0,3369.0,0,0,338500.0,1140670700.0,1.0,3400.0,3404.0,3348.0,3369.0,338500.0
2024-02-21,36260,3376.0,3377.0,3333.0,3374.0,0,0,409500.0,1377048800.0,1.0,3376.0,3377.0,3333.0,3374.0,409500.0
2024-02-22,36260,3348.0,3398.0,3331.0,3387.0,0,0,601100.0,2028315100.0,1.0,3348.0,3398.0,3331.0,3387.0,601100.0
2024-02-26,36260,3400.0,3486.0,3367.0,3419.0,0,0,618400.0,2120198800.0,1.0,3400.0,3486.0,3367.0,3419.0,618400.0
2024-02-27,36260,3418.0,3434.0,3382.0,3386.0,0,0,472900.0,1606232100.0,1.0,3418.0,3434.0,3382.0,3386.0,472900.0
2024-02-28,36260,3382.0,3403.0,3345.0,3388.0,0,0,461100.0,1561177800.0,1.0,3382.0,3403.0,3345.0,3388.0,461100.0
2024-02-29,36260,3364.0,3389.0,3346.0,3375.0,0,0,650000.0,2192592200.0,1.0,3364.0,3389.0,3346.0,3375.0,650000.0
2024-03-01,36260,3391.0,3418.0,3358.0,3398.0,0,0,254300.0,864713200.0,1.0,3391.0,3418.0,3358.0,3398.0,254300.0
2024-03-04,36260,3424.0,3453.0,3401.0,3401.0,0,0,361900.0,1235194400.0,1.0,3424.0,3453.0,3401.0,3401.0,361900.0
2024-03-05,36260,3399.0,3404.0,3364.0,3390.0,0,0,297100.0,1005976700.0,1.0,3399.0,3404.0,3364.0,3390.0,297100.0
2024-03-06,36260,3371.0,3468.0,3371.0,3426.0,0,0,611600.0,2097617700.0,1.0,3371.0,3468.0,3371.0,3426.0,611600.0
2024-03-07,36260,3443.0,3494.0,3432.0,3452.0,0,0,551700.0,1910348800.0,1.0,3443.0,3494.0,3432.0,3452.0,551700.0
2024-03-08,36260,3405.0,3426.0,3309.0,3317.0,0,0,937200.0,3153503000.0,1.0,3405.0,3426.0,3309.0,3317.0,937200.0
2024-03-11,36260,3273.0,3317.0,3241.0,3287.0,0,0,567900.0,1862360900.0,1.0,3273.0,3317.0,3241.0,3287.0,567900.0
2024-03-12,36260,3271.0,3272.0,3204.0,3264.0,0,0,369500.0,1200446000.0,1.0,3271.0,3272.0,3204.0,3264.0,369500.0
2024-03-13,36260,3268.0,3297.0,3250.0,3258.0,0,0,439800.0,1435681500.0,1.0,3268.0,3297.0,3250.0,3258.0,439800.0
2024-03-14,36260,3250.0,3278.0,3218.0,3274.0,0,0,435900.0,1421888900.0,1.0,3250.0,3278.0,3218.0,3274.0,435900.0
2024-03-15,36260,3273.0,3317.0,3270.0,3298.0,0,0,601700.0,1983565900.0,1.0,3273.0,3317.0,3270.0,3298.0,601700.0
2024-03-18,36260,3298.0,3443.0,3298.0,3424.0,0,0,703100.0,2393945600.0,1.0,3298.0,3443.0,3298.0,3424.0,703100.0
2024-03-19,36260,3434.0,3473.0,3387.0,3423.0,0,0,529900.0,1809503000.0,1.0,3434.0,3473.0,3387.0,3423.0,529900.0
2024-03-21,36260,3450.0,3461.0,3385.0,3394.0,0,0,505400.0,1721121500.0,1.0,3450.0,3461.0,3385.0,3394.0,505400.0
2024-03-22,36260,3394.0,3415.0,3376.0,3408.0,0,0,413500.0,1406326000.0,1.0,3394.0,3415.0,3376.0,3408.0,413500.0
2024-03-25,36260,3401.0,3406.0,3320.0,3322.0,0,0,441500.0,1477044100.0,1.0,3401.0,3406.0,3320.0,3322.0,441500.0
2024-03-26,36260,3330.0,3336.0,3248.0,3252.0,0,0,723500.0,2367566600.0,1.0,3330.0,3336.0,3248.0,3252.0,723500.0
2024-03-27,36260,3280.0,3329.0,3266.0,3292.0,0,0,765800.0,2523938600.0,1.0,3280.0,3329.0,3266.0,3292.0,765800.0
2024-03-28,36260,3250.0,3286.0,3227.0,3234.0,0,0,605000.0,1961023000.0,1.0,3250.0,3286.0,3227.0,3234.0,605000.0
2024-03-29,36260,3234.0,3294.0,3230.0,3289.0,0,0,415700.0,1362569300.0,1.0,3234.0,3294.0,3230.0,3289.0,415700.0
2024-04-01,36260,3329.0,3340.0,3267.0,3271.0,0,0,461300.0,1516527600.0,1.0,3329.0,3340.0,3267.0,3271.0,461300.0
2024-04-02,36260,3235.0,3241.0,3152.0,3161.0,0,0,850800.0,2697672100.0,1.0,3235.0,3241.0,3152.0,3161.0,850800.0
2024-04-03,36260,3126.0,3134.0,3061.0,3075.0,0,0,1025000.0,3159282200.0,1.0,3126.0,3134.0,3061.0,3075.0,1025000.0
2024-04-04,36260,3095.0,3145.0,3065.0,3102.0,0,0,939900.0,2919063900.0,1.0,3095.0,3145.0,3065.0,3102.0,939900.0
2024-04-05,36260,3109.0,3162.0,3096.0,3154.0,0,0,679700.0,2133518300.0,1.0,3109.0,3162.0,3096.0,3154.0,679700.0
2024-04-08,36260,3165.0,3227.0,3165.0,3210.0,0,0,642600.0,2058922900.0,1.0,3165.0,3227.0,3165.0,3210.0,642600.0
2024-04-09,36260,3222.0,3257.0,3202.0,3234.0,0,0,583100.0,1883374100.0,1.0,3222.0,3257.0,3202.0,3234.0,583100.0
2024-04-10,36260,3231.0,3252.0,3185.0,3201.0,0,0,607200.0,1945882700.0,1.0,3231.0,3252.0,3185.0,3201.0,607200.0
2024-04-11,36260,3225.0,3240.0,3184.0,3232.0,0,0,617200.0,1988001600.0,1.0,3225.0,3240.0,3184.0,3232.0,617200.0
2024-04-12,36260,3267.0,3282.0,3243.0,3273.0,0,0,511300.0,1670253700.0,1.0,3267.0,3282.0,3243.0,3273.0,511300.0
2024-04-15,36260,3254.0,3255.0,3218.0,3232.0,0,0,503700.0,1628817700.0,1.0,3254.0,3255.0,3218.0,3232.0,503700.0
2024-04-16,36260,3208.0,3345.0,3201.0,3330.0,0,0,779900.0,2579753600.0,1.0,3208.0,3345.0,3201.0,3330.0,779900.0
2024-04-17,36260,3332.0,3337.0,3224.0,3245.0,0,0,731300.0,2377363500.0,1.0,3332.0,3337.0,3224.0,3245.0,731300.0
2024-04-18,36260,3294.0,3306.0,3254.0,3273.0,0,0,609600.0,1999266300.0,1.0,3294.0,3306.0,3254.0,3273.0,609600.0
2024-04-19,36260,3247.0,3264.0,3201.0,3211.0,0,0,846100.0,2726125200.0,1.0,3247.0,3264.0,3201.0,3211.0,846100.0
2024-04-22,36260,3264.0,3304.0,3236.0,3290.0,0,0,503800.0,1651021100.0,1.0,3264.0,3304.0,3236.0,3290.0,503800.0
2024-04-23,36260,3296.0,3309.0,3257.0,3307.0,0,0,636600.0,2098310100.0,1.0,3296.0,3309.0,3257.0,3307.0,636600.0
2024-04-24,36260,3305.0,3338.0,3290.0,3316.0,0,0,445800.0,1477287200.0,1.0,3305.0,3338.0,3290.0,3316.0,445800.0
2024-04-25,36260,3314.0,3321.0,3284.0,3289.0,0,0,485800.0,1600344900.0,1.0,3314.0,3321.0,3284.0,3289.0,485800.0
2024-04-26,36260,3264.0,3353.0,3251.0,3337.0,0,0,1275100.0,4244797000.0,1.0,3264.0,3353.0,3251.0,3337.0,1275100.0
2024-04-30,36260,3400.0,3400.0,3338.0,3376.0,0,0,890300.0,3002836600.0,1.0,3400.0,3400.0,3338.0,3376.0,890300.0
2024-05-01,36260,3368.0,3398.0,3342.0,3376.0,0,0,558400.0,1884730800.0,1.0,3368.0,3398.0,3342.0,3376.0,558400.0
2024-05-02,36260,3399.0,3399.0,3362.0,3394.0,0,0,377100.0,1277569100.0,1.0,3399.0,3399.0,3362.0,3394.0,377100.0
2024-05-07,36260,3400.0,3460.0,3395.0,3459.0,0,0,723400.0,2490103900.0,1.0,3400.0,3460.0,3395.0,3459.0,723400.0
2024-05-08,36260,3461.0,3493.0,3399.0,3410.0,0,0,756300.0,2591930400.0,1.0,3461.0,3493.0,3399.0,3410.0,756300.0
2024-05-09,36260,3200.0,3378.0,3066.0,3243.0,0,0,2119200.0,6797504500.0,1.0,3200.0,3378.0,3066.0,3243.0,2119200.0
2024-05-10,36260,3247.0,3278.0,3192.0,3221.0,0,0,1399900.0,4509764500.0,1.0,3247.0,3278.0,3192.0,3221.0,1399900.0
2024-05-13,36260,3196.0,3202.0,3107.0,3128.0,0,0,1193100.0,3734216400.0,1.0,3196.0,3202.0,3107.0,3128.0,1193100.0
2024-05-14,36260,3198.0,3201.0,3138.0,3165.0,0,0,1004900.0,3172431900.0,1.0,3198.0,3201.0,3138.0,3165.0,1004900.0
2024-05-15,36260,3175.0,3214.0,3026.0,3067.0,0,0,1616200.0,5000659400.0,1.0,3175.0,3214.0,3026.0,3067.0,1616200.0
2024-05-16,36260,3137.0,3147.0,2995.5,3022.0,0,0,1658100.0,5029347300.0,1.0,3137.0,3147.0,2995.5,3022.0,1658100.0
2024-05-17,36260,3019.0,3032.0,2978.5,2985.5,0,0,1119900.0,3358036600.0,1.0,3019.0,3032.0,2978.5,2985.5,1119900.0
2024-05-20,36260,2981.0,3009.0,2964.0,2984.0,0,0,1167900.0,3484748700.0,1.0,2981.0,3009.0,2964.0,2984.0,1167900.0
2024-05-21,36260,2984.5,3005.0,2966.0,2972.5,0,0,734300.0,2186589700.0,1.0,2984.5,3005.0,2966.0,2972.5,734300.0
2024-05-22,36260,2937.0,2976.5,2883.5,2884.0,0,0,1117600.0,3248465500.0,1.0,2937.0,2976.5,2883.5,2884.0,1117600.0
2024-05-23,36260,2924.5,2938.5,2883.0,2899.0,0,0,1230900.0,3578947850.0,1.0,2924.5,2938.5,2883.0,2899.0,1230900.0
2024-05-24,36260,2858.0,2889.5,2848.0,2856.5,0,0,1020400.0,2921265950.0,1.0,2858.0,2889.5,2848.0,2856.5,1020400.0
2024-05-27,36260,2853.0,2910.0,2837.0,2883.0,0,0,1119800.0,3223943500.0,1.0,2853.0,2910.0,2837.0,2883.0,1119800.0
2024-05-28,36260,2885.0,2892.0,2830.5,2836.0,0,0,905500.0,2575308550.0,1.0,2885.0,2892.0,2830.5,2836.0,905500.0
2024-05-29,36260,2830.0,2842.5,2798.5,2814.0,0,0,817000.0,2298299450.0,1.0,2830.0,2842.5,2798.5,2814.0,817000.0
2024-05-30,36260,2803.5,2867.0,2799.5,2853.5,0,0,978500.0,2787759250.0,1.0,2803.5,2867.0,2799.5,2853.5,978500.0
2024-05-31,36260,2820.0,2874.5,2816.5,2869.5,0,0,2317600.0,6635678000.0,1.0,2820.0,2874.5,2816.5,2869.5,2317600.0
2024-06-03,36260,2880.0,2920.5,2880.0,2911.0,0,0,1050400.0,3057164750.0,1.0,2880.0,2920.5,2880.0,2911.0,1050400.0
2024-06-04,36260,2912.0,2936.0,2889.0,2899.0,0,0,1110400.0,3233923200.0,1.0,2912.0,2936.0,2889.0,2899.0,1110400.0
2024-06-05,36260,2949.0,2955.5,2892.0,2909.0,0,0,1104500.0,3223773650.0,1.0,2949.0,2955.5,2892.0,2909.0,1104500.0
2024-06-06,36260,2910.0,3004.0,2910.0,2967.5,0,0,1342500.0,3980657300.0,1.0,2910.0,3004.0,2910.0,2967.5,1342500.0
2024-06-07,36260,2982.0,2996.0,2926.0,2981.0,0,0,1775600.0,5282471950.0,1.0,2982.0,2996.0,2926.0,2981.0,1775600.0
2024-06-10,36260,2966.5,2987.0,2951.0,2970.0,0,0,762000.0,2261795350.0,1.0,2966.5,2987.0,2951.0,2970.0,762000.0
2024-06-11,36260,2970.0,2986.0,2941.5,2964.0,0,0,768100.0,2278481550.0,1.0,2970.0,2986.0,2941.5,2964.0,768100.0
2024-06-12,36260,2953.0,2979.5,2905.0,2914.0,0,0,869200.0,2548178750.0,1.0,2953.0,2979.5,2905.0,2914.0,869200.0
2024-06-13,36260,2914.0,2924.0,2861.0,2872.5,0,0,935300.0,2692912350.0,1.0,2914.0,2924.0,2861.0,2872.5,935300.0
2024-06-14,36260,2872.5,2886.5,2856.5,2877.0,0,0,1176600.0,3379608800.0,1.0,2872.5,2886.5,2856.5,2877.0,1176600.0
2024-06-17,36260,2871.5,2871.5,2814.0,2840.5,0,0,812500.0,2308069100.0,1.0,2871.5,2871.5,2814.0,2840.5,812500.0
2024-06-18,36260,2926.5,2976.5,2919.0,2942.0,0,0,1170700.0,3446565250.0,1.0,2926.5,2976.5,2919.0,2942.0,1170700.0
2024-06-19,36260,2930.0,2930.0,2890.0,2903.0,0,0,649700.0,1887192750.0,1.0,2930.0,2930.0,2890.0,2903.0,649700.0
2024-06-20,36260,2898.0,2927.5,2890.0,2914.0,0,0,691000.0,2012811100.0,1.0,2898.0,2927.5,2890.0,2914.0,691000.0
2024-06-21,36260,2926.0,3026.0,2926.0,3005.0,0,0,2599600.0,7808523150.0,1.0,2926.0,3026.0,2926.0,3005.0,2599600.0
2024-06-24,36260,3030.0,3054.0,3015.0,3041.0,0,0,710600.0,2155701000.0,1.0,3030.0,3054.0,3015.0,3041.0,710600.0
2024-06-25,36260,3054.0,3088.0,3050.0,3088.0,0,0,882800.0,2714912800.0,1.0,3054.0,3088.0,3050.0,3088.0,882800.0
2024-06-26,36260,3098.0,3110.0,3067.0,3096.0,0,0,924400.0,2857235600.0,1.0,3098.0,3110.0,3067.0,3096.0,924400.0
2024-06-27,36260,3103.0,3113.0,3072.0,3112.0,0,0,783500.0,2431105000.0,1.0,3103.0,3113.0,3072.0,3112.0,783500.0
2024-06-28,36260,3147.0,3154.0,3098.0,3118.0,0,0,1067300.0,3332445400.0,1.0,3147.0,3154.0,3098.0,3118.0,1067300.0
2024-07-01,36260,3130.0,3138.0,3076.0,3096.0,0,0,593600.0,1837882500.0,1.0,3130.0,3138.0,3076.0,3096.0,593600.0
2024-07-02,36260,3100.0,3111.0,3073.0,3109.0,0,0,786600.0,2439504900.0,1.0,3100.0,3111.0,3073.0,3109.0,786600.0
2024-07-03,36260,3083.0,3104.0,3076.0,3089.0,0,0,798300.0,2466364600.0,1.0,3083.0,3104.0,3076.0,3089.0,798300.0
2024-07-04,36260,3128.0,3142.0,3057.0,3071.0,0,0,746400.0,2300508200.0,1.0,3128.0,3142.0,3057.0,3071.0,746400.0
2024-07-05,36260,3050.0,3076.0,3039.0,3057.0,0,0,631700.0,1933425900.0,1.0,3050.0,3076.0,3039.0,3057.0,631700.0
2024-07-08,36260,3080.0,3112.0,3071.0,3071.0,0,0,744200.0,2297607500.0,1.0,3080.0,3112.0,3071.0,3071.0,744200.0
2024-07-09,36260,3074.0,3140.0,3056.0,3104.0,0,0,1041700.0,3238570600.0,1.0,3074.0,3140.0,3056.0,3104.0,1041700.0
2024-07-10,36260,3119.0,3138.0,3070.0,3100.0,0,0,1086600.0,3367192700.0,1.0,3119.0,3138.0,3070.0,3100.0,1086600.0
2024-07-11,36260,3100.0,3147.0,3091.0,3145.0,0,0,802600.0,2511827300.0,1.0,3100.0,3147.0,3091.0,3145.0,802600.0
2024-07-12,36260,3139.0,3165.0,3125.0,3145.0,0,0,720900.0,2269211800.0,1.0,3139.0,3165.0,3125.0,3145.0,720900.0
2024-07-16,36260,3160.0,3188.0,3157.0,3188.0,0,0,942300.0,2995811300.0,1.0,3160.0,3188.0,3157.0,3188.0,942300.0
2024-07-17,36260,3204.0,3239.0,3195.0,3239.0,0,0,871300.0,2807712400.0,1.0,3204.0,3239.0,3195.0,3239.0,871300.0
2024-07-18,36260,3204.0,3329.0,3202.0,3307.0,0,0,1692800.0,5595729300.0,1.0,3204.0,3329.0,3202.0,3307.0,1692800.0
2024-07-19,36260,3290.0,3303.0,3227.0,3248.0,0,0,1077400.0,3510282400.0,1.0,3290.0,3303.0,3227.0,3248.0,1077400.0
2024-07-22,36260,3265.0,3283.0,3241.0,3252.0,0,0,1024800.0,3335959700.0,1.0,3265.0,3283.0,3241.0,3252.0,1024800.0
2024-07-23,36260,3252.0,3290.0,3252.0,3267.0,0,0,572900.0,1872723700.0,1.0,3252.0,3290.0,3252.0,3267.0,572900.0
2024-07-24,36260,3201.0,3230.0,3193.0,3193.0,0,0,619400.0,1983625600.0,1.0,3201.0,3230.0,3193.0,3193.0,619400.0
2024-07-25,36260,3160.0,3198.0,3131.0,3166.0,0,0,756300.0,2398397300.0,1.0,3160.0,3198.0,3131.0,3166.0,756300.0
2024-07-26,36260,3185.0,3201.0,3148.0,3149.0,0,0,1007600.0,3191858600.0,1.0,3185.0,3201.0,3148.0,3149.0,1007600.0
2024-07-29,36260,3198.0,3226.0,3167.0,3212.0,0,0,740600.0,2376061600.0,1.0,3198.0,3226.0,3167.0,3212.0,740600.0
2024-07-30,36260,3191.0,3243.0,3162.0,3216.0,0,0,1002200.0,3217136000.0,1.0,3191.0,3243.0,3162.0,3216.0,1002200.0
2024-07-31,36260,3054.0,3237.0,3054.0,3230.0,0,0,1265700.0,4022961700.0,1.0,3054.0,3237.0,3054.0,3230.0,1265700.0
2024-08-01,36260,3207.0,3227.0,3151.0,3197.0,0,0,756500.0,2412948800.0,1.0,3207.0,3227.0,3151.0,3197.0,756500.0
2024-08-02,36260,3207.0,3258.0,3114.0,3120.0,0,0,1391000.0,4399278800.0,1.0,3207.0,3258.0,3114.0,3120.0,1391000.0
2024-08-05,36260,3058.0,3174.0,2914.0,2946.0,0,0,1094300.0,3331412350.0,1.0,3058.0,3174.0,2914.0,2946.0,1094300.0
2024-08-06,36260,3116.0,3151.0,3001.0,3114.0,0,0,1021900.0,3162097600.0,1.0,3116.0,3151.0,3001.0,3114.0,1021900.0
2024-08-07,36260,3044.0,3234.0,3042.0,3150.0,0,0,1144300.0,3612740200.0,1.0,3044.0,3234.0,3042.0,3150.0,1144300.0
2024-08-08,36260,3133.0,3186.0,3086.0,3148.0,0,0,1004200.0,3167414500.0,1.0,3133.0,3186.0,3086.0,3148.0,1004200.0
2024-08-09,36260,3190.0,3225.0,3137.0,3166.0,0,0,1308100.0,4158978300.0,1.0,3190.0,3225.0,3137.0,3166.0,1308100.0
2024-08-13,36260,3260.0,3307.0,3190.0,3303.0,0,0,1890100.0,6168390300.0,1.0,3260.0,3307.0,3190.0,3303.0,1890100.0
2024-08-14,36260,3287.0,3315.0,3262.0,3302.0,0,0,694200.0,2286274500.0,1.0,3287.0,3315.0,3262.0,3302.0,694200.0
2024-08-15,36260,3263.0,3284.0,3227.0,3250.0,0,0,609700.0,1981639900.0,1.0,3263.0,3284.0,3227.0,3250.0,609700.0
2024-08-16,36260,3290.0,3299.0,3235.0,3290.0,0,0,553500.0,1814989800.0,1.0,3290.0,3299.0,3235.0,3290.0,553500.0
2024-08-19,36260,3290.0,3299.0,3235.0,3240.0,0,0,563600.0,1831915500.0,1.0,3290.0,3299.0,3235.0,3240.0,563600.0
2024-08-20,36260,3295.0,3317.0,3269.0,3312.0,0,0,836300.0,2762585900.0,1.0,3295.0,3317.0,3269.0,3312.0,836300.0
2024-08-21,36260,3304.0,3327.0,3265.0,3310.0,0,0,686300.0,2270644500.0,1.0,3304.0,3327.0,3265.0,3310.0,686300.0
2024-08-22,36260,3349.0,3406.0,3319.0,3394.0,0,0,903200.0,3051228600.0,1.0,3349.0,3406.0,3319.0,3394.0,903200.0
2024-08-23,36260,3396.0,3417.0,3365.0,3406.0,0,0,449800.0,1527563500.0,1.0,3396.0,3417.0,3365.0,3406.0,449800.0
2024-08-26,36260,3410.0,3468.0,3387.0,3468.0,0,0,632300.0,2179509500.0,1.0,3410.0,3468.0,3387.0,3468.0,632300.0
2024-08-27,36260,3498.0,3644.0,3488.0,3629.0,0,0,1293100.0,4635585200.0,1.0,3498.0,3644.0,3488.0,3629.0,1293100.0
2024-08-28,36260,3628.0,3659.0,3601.0,3625.0,0,0,1097300.0,3982766400.0,1.0,3628.0,3659.0,3601.0,3625.0,1097300.0
2024-08-29,36260,3613.0,3655.0,3613.0,3639.0,0,0,922500.0,3354098400.0,1.0,3613.0,3655.0,3613.0,3639.0,922500.0
2024-08-30,36260,3639.0,3654.0,3597.0,3643.0,0,0,1170900.0,4252523300.0,1.0,3639.0,3654.0,3597.0,3643.0,1170900.0
2024-09-02,36260,3573.0,3600.0,3537.0,3549.0,0,0,584800.0,2080957200.0,1.0,3573.0,3600.0,3537.0,3549.0,584800.0
2024-09-03,36260,3549.0,3617.0,3549.0,3617.0,0,0,711600.0,2560032400.0,1.0,3549.0,3617.0,3549.0,3617.0,711600.0
2024-09-04,36260,3500.0,3576.0,3480.0,3545.0,0,0,797100.0,2822165000.0,1.0,3500.0,3576.0,3480.0,3545.0,797100.0
2024-09-05,36260,3533.0,3576.0,3518.0,3535.0,0,0,622500.0,2205318000.0,1.0,3533.0,3576.0,3518.0,3535.0,622500.0
2024-09-06,36260,3545.0,3565.0,3516.0,3545.0,0,0,507700.0,1799097500.0,1.0,3545.0,3565.0,3516.0,3545.0,507700.0
2024-09-09,36260,3503.0,3551.0,3482.0,3545.0,0,0,470200.0,1658431800.0,1.0,3503.0,3551.0,3482.0,3545.0,470200.0
2024-09-10,36260,3507.0,3568.0,3507.0,3546.0,0,0,661000.0,2345173800.0,1.0,3507.0,3568.0,3507.0,3546.0,661000.0
2024-09-11,36260,3545.0,3551.0,3506.0,3529.0,0,0,672200.0,2371899700.0,1.0,3545.0,3551.0,3506.0,3529.0,672200.0
2024-09-12,36260,3551.0,3585.0,3522.0,3546.0,0,0,538300.0,1908629300.0,1.0,3551.0,3585.0,3522.0,3546.0,538300.0
2024-09-13,36260,3507.0,3514.0,3466.0,3488.0,0,0,712600.0,2490712000.0,1.0,3507.0,3514.0,3466.0,3488.0,712600.0
2024-09-17,36260,3517.0,3574.0,3492.0,3574.0,0,0,679300.0,2410790100.0,1.0,3517.0,3574.0,3492.0,3574.0,679300.0
2024-09-18,36260,3585.0,3640.0,3537.0,3552.0,0,0,549500.0,1957663600.0,1.0,3585.0,3640.0,3537.0,3552.0,549500.0
2024-09-19,36260,3567.0,3621.0,3561.0,3589.0,0,0,755100.0,2713799000.0,1.0,3567.0,3621.0,3561.0,3589.0,755100.0
2024-09-20,36260,3598.0,3621.0,3545.0,3555.0,0,0,846700.0,3015433300.0,1.0,3598.0,3621.0,3545.0,3555.0,846700.0
2024-09-24,36260,3597.0,3636.0,3582.0,3605.0,0,0,575900.0,2082213900.0,1.0,3597.0,3636.0,3582.0,3605.0,575900.0
2024-09-25,36260,3567.0,3618.0,3542.0,3613.0,0,0,541700.0,1950426100.0,1.0,3567.0,3618.0,3542.0,3613.0,541700.0
2024-09-26,36260,3650.0,3682.0,3628.0,3679.0,0,0,806800.0,2959325400.0,1.0,3650.0,3682.0,3628.0,3679.0,806800.0
2024-09-27,36260,3675.0,3699.0,3659.0,3683.0,0,0,677200.0,2493422700.0,1.0,3675.0,3699.0,3659.0,3683.0,677200.0
2024-09-30,36260,3586.0,3667.0,3584.0,3651.0,0,0,785300.0,2860650000.0,1.0,3586.0,3667.0,3584.0,3651.0,785300.0
2024-10-01,36260,3624.0,3674.0,3603.0,3665.0,0,0,476600.0,1741027000.0,1.0,3624.0,3674.0,3603.0,3665.0,476600.0
2024-10-02,36260,3622.0,3655.0,3598.0,3605.0,0,0,631500.0,2282073600.0,1.0,3622.0,3655.0,3598.0,3605.0,631500.0
2024-10-03,36260,3691.0,3699.0,3639.0,3647.0,0,0,644100.0,2353224900.0,1.0,3691.0,3699.0,3639.0,3647.0,644100.0
2024-10-04,36260,3689.0,3723.0,3670.0,3702.0,0,0,604600.0,2238325200.0,1.0,3689.0,3723.0,3670.0,3702.0,604600.0
2024-10-07,36260,3733.0,3750.0,3695.0,3707.0,0,0,576300.0,2142682400.0,1.0,3733.0,3750.0,3695.0,3707.0,576300.0
2024-10-08,36260,3663.0,3750.0,3661.0,3750.0,0,0,626800.0,2341957600.0,1.0,3663.0,3750.0,3661.0,3750.0,626800.0
2024-10-09,36260,3773.0,3804.0,3759.0,3798.0,0,0,507200.0,1921764500.0,1.0,3773.0,3804.0,3759.0,3798.0,507200.0
2024-10-10,36260,3820.0,3831.0,3781.0,3784.0,0,0,419000.0,1590299000.0,1.0,3820.0,3831.0,3781.0,3784.0,419000.0
2024-10-11,36260,3763.0,3814.0,3763.0,3771.0,0,0,519400.0,1964308900.0,1.0,3763.0,3814.0,3763.0,3771.0,519400.0
2024-10-15,36260,3802.0,3816.0,3780.0,3795.0,0,0,631300.0,2398627000.0,1.0,3802.0,3816.0,3780.0,3795.0,631300.0
2024-10-16,36260,3795.0,3826.0,3731.0,3746.0,0,0,458800.0,1725365000.0,1.0,3795.0,3826.0,3731.0,3746.0,458800.0
2024-10-17,36260,3756.0,3775.0,3735.0,3740.0,0,0,425300.0,1594643000.0,1.0,3756.0,3775.0,3735.0,3740.0,425300.0
2024-10-18,36260,3737.0,3771.0,3735.0,3753.0,0,0,333200.0,1250605600.0,1.0,3737.0,3771.0,3735.0,3753.0,333200.0
2024-10-21,36260,3753.0,3781.0,3727.0,3750.0,0,0,366900.0,1378622300.0,1.0,3753.0,3781.0,3727.0,3750.0,366900.0
2024-10-22,36260,3753.0,3757.0,3688.0,3697.0,0,0,461600.0,1709817400.0,1.0,3753.0,3757.0,3688.0,3697.0,461600.0
2024-10-23,36260,3720.0,3729.0,3668.0,3668.0,0,0,337400.0,1241727500.0,1.0,3720.0,3729.0,3668.0,3668.0,337400.0
2024-10-24,36260,3625.0,3689.0,3602.0,3687.0,0,0,571900.0,2102322700.0,1.0,3625.0,3689.0,3602.0,3687.0,571900.0
2024-10-25,36260,3697.0,3700.0,3635.0,3648.0,0,0,401600.0,1466105300.0,1.0,3697.0,3700.0,3635.0,3648.0,401600.0
2024-10-28,36260,3675.0,3729.0,3673.0,3722.0,0,0,605700.0,2248065200.0,1.0,3675.0,3729.0,3673.0,3722.0,605700.0
2024-10-29,36260,3733.0,3745.0,3701.0,3741.0,0,0,531700.0,1983702300.0,1.0,3733.0,3745.0,3701.0,3741.0,531700.0
2024-10-30,36260,3765.0,3828.0,3755.0,3812.0,0,0,1110100.0,4223710100.0,1.0,3765.0,3828.0,3755.0,3812.0,1110100.0
2024-10-31,36260,3847.0,3872.0,3795.0,3826.0,0,0,1147000.0,4396853500.0,1.0,3847.0,3872.0,3795.0,3826.0,1147000.0
2024-11-01,36260,3546.0,3687.0,3545.0,3630.0,0,0,1513100.0,5484118800.0,1.0,3546.0,3687.0,3545.0,3630.0,1513100.0
2024-11-05,36260,3690.0,3695.0,3545.0,3597.0,0,0,1170200.0,4228859100.0,1.0,3690.0,3695.0,3545.0,3597.0,1170200.0
2024-11-06,36260,3625.0,3744.0,3600.0,3714.0,0,0,720500.0,2658156700.0,1.0,3625.0,3744.0,3600.0,3714.0,720500.0
2024-11-07,36260,3741.0,3799.0,3725.0,3797.0,0,0,729600.0,2759474600.0,1.0,3741.0,3799.0,3725.0,3797.0,729600.0
2024-11-08,36260,3810.0,3865.0,3774.0,3825.0,0,0,637700.0,2442649700.0,1.0,3810.0,3865.0,3774.0,3825.0,637700.0
2024-11-11,36260,3858.0,3907.0,3855.0,3891.0,0,0,649600.0,2521541500.0,1.0,3858.0,3907.0,3855.0,3891.0,649600.0
2024-11-12,36260,3855.0,3919.0,3830.0,3850.0,0,0,662000.0,2556838700.0,1.0,3855.0,3919.0,3830.0,3850.0,662000.0
2024-11-13,36260,3865.0,3903.0,3851.0,3860.0,0,0,634000.0,2452728300.0,1.0,3865.0,3903.0,3851.0,3860.0,634000.0
2024-11-14,36260,3820.0,3904.0,3812.0,3881.0,0,0,646500.0,2506439900.0,1.0,3820.0,3904.0,3812.0,3881.0,646500.0
2024-11-15,36260,3886.0,3901.0,3846.0,3879.0,0,0,552700.0,2144462000.0,1.0,3886.0,3901.0,3846.0,3879.0,552700.0
2024-11-18,36260,3880.0,3923.0,3864.0,3882.0,0,0,501200.0,1949007600.0,1.0,3880.0,3923.0,3864.0,3882.0,501200.0
2024-11-19,36260,3903.0,3932.0,3866.0,3867.0,0,0,489700.0,1903668000.0,1.0,3903.0,3932.0,3866.0,3867.0,489700.0
2024-11-20,36260,3871.0,3879.0,3813.0,3850.0,0,0,539800.0,2077072200.0,1.0,3871.0,3879.0,3813.0,3850.0,539800.0
2024-11-21,36260,3870.0,3902.0,3668.0,3693.0,0,0,653900.0,2448127100.0,1.0,3870.0,3902.0,3668.0,3693.0,653900.0
2024-11-22,36260,3705.0,3791.0,3697.0,3784.0,0,0,749500.0,2825269100.0,1.0,3705.0,3791.0,3697.0,3784.0,749500.0
2024-11-25,36260,3803.0,3840.0,3642.0,3642.0,0,0,3475700.0,12733483900.0,1.0,3803.0,3840.0,3642.0,3642.0,3475700.0
2024-11-26,36260,3629.0,3670.0,3595.0,3637.0,0,0,1085200.0,3939867600.0,1.0,3629.0,3670.0,3595.0,3637.0,1085200.0
2024-11-27,36260,3642.0,3702.0,3631.0,3637.0,0,0,676600.0,2468074300.0,1.0,3642.0,3702.0,3631.0,3637.0,676600.0
2024-11-28,36260,3652.0,3671.0,3626.0,3665.0,0,0,571400.0,2088091700.0,1.0,3652.0,3671.0,3626.0,3665.0,571400.0
2024-11-29,36260,3665.0,3680.0,3644.0,3664.0,0,0,463100.0,1697899000.0,1.0,3665.0,3680.0,3644.0,3664.0,463100.0
2024-12-02,36260,3683.0,3729.0,3638.0,3690.0,0,0,505800.0,1866527900.0,1.0,3683.0,3729.0,3638.0,3690.0,505800.0
2024-12-03,36260,3709.0,3774.0,3673.0,3743.0,0,0,762700.0,2851558100.0,1.0,3709.0,3774.0,3673.0,3743.0,762700.0
2024-12-04,36260,3762.0,3836.0,3740.0,3796.0,0,0,747200.0,2831409300.0,1.0,3762.0,3836.0,3740.0,3796.0,747200.0
2024-12-05,36260,3806.0,3865.0,3797.0,3865.0,0,0,836000.0,3216714000.0,1.0,3806.0,3865.0,3797.0,3865.0,836000.0
2024-12-06,36260,3861.0,3870.0,3802.0,3807.0,0,0,618300.0,2362379300.0,1.0,3861.0,3870.0,3802.0,3807.0,618300.0
2024-12-09,36260,3872.0,3986.0,3872.0,3942.0,0,0,638600.0,2517171700.0,1.0,3872.0,3986.0,3872.0,3942.0,638600.0
2024-12-10,36260,3970.0,3970.0,3821.0,3904.0,0,0,618100.0,2406448400.0,1.0,3970.0,3970.0,3821.0,3904.0,618100.0
2024-12-11,36260,3902.0,3940.0,3874.0,3938.0,0,0,508800.0,1997095800.0,1.0,3902.0,3940.0,3874.0,3938.0,508800.0
2024-12-12,36260,3960.0,3965.0,3921.0,3937.0,0,0,621100.0,2448155200.0,1.0,3960.0,3965.0,3921.0,3937.0,621100.0
2024-12-13,36260,3908.0,3964.0,3900.0,3964.0,0,0,646500.0,2546283400.0,1.0,3908.0,3964.0,3900.0,3964.0,646500.0
2024-12-16,36260,3942.0,3943.0,3875.0,3890.0,0,0,546000.0,2125929500.0,1.0,3942.0,3943.0,3875.0,3890.0,546000.0
2024-12-17,36260,3897.0,3911.0,3861.0,3880.0,0,0,466900.0,1812710200.0,1.0,3897.0,3911.0,3861.0,3880.0,466900.0
2024-12-18,36260,3900.0,3902.0,3865.0,3868.0,0,0,375200.0,1455797700.0,1.0,3900.0,3902.0,3865.0,3868.0,375200.0
2024-12-19,36260,3817.0,3888.0,3814.0,3875.0,0,0,429300.0,1660886800.0,1.0,3817.0,3888.0,3814.0,3875.0,429300.0
2024-12-20,36260,3855.0,3855.0,3785.0,3801.0,0,0,906700.0,3451951000.0,1.0,3855.0,3855.0,3785.0,3801.0,906700.0
2024-12-23,36260,3800.0,3853.0,3796.0,3839.0,0,0,323500.0,1239885000.0,1.0,3800.0,3853.0,3796.0,3839.0,323500.0
2024-12-24,36260,3820.0,3831.0,3770.0,3772.0,0,0,293800.0,1112058000.0,1.0,3820.0,3831.0,3770.0,3772.0,293800.0
2024-12-25,36260,3775.0,3775.0,3651.0,3700.0,0,0,572400.0,2114523000.0,1.0,3775.0,3775.0,3651.0,3700.0,572400.0
2024-12-26,36260,3699.0,3718.0,3681.0,3717.0,0,0,482300.0,1788132000.0,1.0,3699.0,3718.0,3681.0,3717.0,482300.0
2024-12-27,36260,3754.0,3776.0,3715.0,3747.0,0,0,633300.0,2369864300.0,1.0,3754.0,3776.0,3715.0,3747.0,633300.0
2024-12-30,36260,3750.0,3760.0,3712.0,3737.0,0,0,509700.0,1903599200.0,1.0,3750.0,3760.0,3712.0,3737.0,509700.0
2025-01-06,36260,3755.0,3769.0,3632.0,3651.0,0,0,742000.0,2722420600.0,1.0,3755.0,3769.0,3632.0,3651.0,742000.0
2025-01-07,36260,3683.0,3697.0,3639.0,3645.0,0,0,569900.0,2081710100.0,1.0,3683.0,3697.0,3639.0,3645.0,569900.0
2025-01-08,36260,3612.0,3633.0,3571.0,3615.0,0,0,850300.0,3070401700.0,1.0,3612.0,3633.0,3571.0,3615.0,850300.0
2025-01-09,36260,3595.0,3633.0,3584.0,3617.0,0,0,643200.0,2323297100.0,1.0,3595.0,3633.0,3584.0,3617.0,643200.0
2025-01-10,36260,3619.0,3628.0,3564.0,3564.0,0,0,738800.0,2644741700.0,1.0,3619.0,3628.0,3564.0,3564.0,738800.0
2025-01-14,36260,3598.0,3638.0,3508.0,3508.0,0,0,939300.0,3330716800.0,1.0,3598.0,3638.0,3508.0,3508.0,939300.0
2025-01-15,36260,3550.0,3562.0,3413.0,3422.0,0,0,1059800.0,3649186600.0,1.0,3550.0,3562.0,3413.0,3422.0,1059800.0
2025-01-16,36260,3450.0,3481.0,3417.0,3420.0,0,0,1015700.0,3490722000.0,1.0,3450.0,3481.0,3417.0,3420.0,1015700.0
2025-01-17,36260,3428.0,3459.0,3389.0,3410.0,0,0,728600.0,2487499000.0,1.0,3428.0,3459.0,3389.0,3410.0,728600.0
2025-01-20,36260,3419.0,3449.0,3405.0,3416.0,0,0,595400.0,2037759300.0,1.0,3419.0,3449.0,3405.0,3416.0,595400.0
2025-01-21,36260,3428.0,3439.0,3397.0,3418.0,0,0,614000.0,2097974900.0,1.0,3428.0,3439.0,3397.0,3418.0,614000.0
2025-01-22,36260,3445.0,3488.0,3369.0,3374.0,0,0,735400.0,2495913100.0,1.0,3445.0,3488.0,3369.0,3374.0,735400.0
2025-01-23,36260,3394.0,3395.0,3358.0,3375.0,0,0,1017500.0,3437199300.0,1.0,3394.0,3395.0,3358.0,3375.0,1017500.0
2025-01-24,36260,3402.0,3408.0,3331.0,3354.0,0,0,974100.0,3270540800.0,1.0,3402.0,3408.0,3331.0,3354.0,974100.0
2025-01-27,36260,3393.0,3407.0,3364.0,3372.0,0,0,612800.0,2072368700.0,1.0,3393.0,3407.0,3364.0,3372.0,612800.0
2025-01-28,36260,3358.0,3469.0,3358.0,3452.0,0,0,939900.0,3235889000.0,1.0,3358.0,3469.0,3358.0,3452.0,939900.0
2025-01-29,36260,3462.0,3499.0,3432.0,3452.0,0,0,1030500.0,3564694100.0,1.0,3462.0,3499.0,3432.0,3452.0,1030500.0
2025-01-30,36260,3440.0,3486.0,3424.0,3462.0,0,0,889000.0,3075305600.0,1.0,3440.0,3486.0,3424.0,3462.0,889000.0
2025-01-31,36260,3459.0,3459.0,3422.0,3440.0,0,0,1091700.0,3755347700.0,1.0,3459.0,3459.0,3422.0,3440.0,1091700.0
2025-02-03,36260,3445.0,3468.0,3385.0,3385.0,0,0,850400.0,2902265100.0,1.0,3445.0,3468.0,3385.0,3385.0,850400.0
2025-02-04,36260,3580.0,3604.0,3493.0,3493.0,0,0,1656700.0,5878413900.0,1.0,3580.0,3604.0,3493.0,3493.0,1656700.0
2025-02-05,36260,3610.0,3826.0,3610.0,3719.0,0,0,1800200.0,6716402600.0,1.0,3610.0,3826.0,3610.0,3719.0,1800200.0
2025-02-06,36260,3727.0,3762.0,3665.0,3739.0,0,0,1354300.0,5039271900.0,1.0,3727.0,3762.0,3665.0,3739.0,1354300.0
2025-02-07,36260,3685.0,3834.0,3685.0,3760.0,0,0,1237800.0,4679304900.0,1.0,3685.0,3834.0,3685.0,3760.0,1237800.0
2025-02-10,36260,3766.0,3840.0,3753.0,3767.0,0,0,1002300.0,3798621100.0,1.0,3766.0,3840.0,3753.0,3767.0,1002300.0
2025-02-12,36260,3837.0,3864.0,3743.0,3797.0,0,0,2372600.0,9050062000.0,1.0,3837.0,3864.0,3743.0,3797.0,2372600.0
2025-02-13,36260,3807.0,3837.0,3775.0,3794.0,0,0,1059800.0,4023564800.0,1.0,3807.0,3837.0,3775.0,3794.0,1059800.0
2025-02-14,36260,3770.0,3804.0,3742.0,3769.0,0,0,713800.0,2695112800.0,1.0,3770.0,3804.0,3742.0,3769.0,713800.0
2025-02-17,36260,3793.0,3801.0,3726.0,3738.0,0,0,1004000.0,3762223600.0,1.0,3793.0,3801.0,3726.0,3738.0,1004000.0
2025-02-18,36260,3749.0,3802.0,3749.0,3764.0,0,0,1109700.0,4188503900.0,1.0,3749.0,3802.0,3749.0,3764.0,1109700.0
2025-02-19,36260,3744.0,3950.0,3740.0,3939.0,0,0,1422500.0,5537304200.0,1.0,3744.0,3950.0,3740.0,3939.0,1422500.0
2025-02-20,36260,3913.0,3917.0,3810.0,3810.0,0,0,1114500.0,4269799800.0,1.0,3913.0,3917.0,3810.0,3810.0,1114500.0
2025-02-21,36260,3838.0,3869.0,3806.0,3835.0,0,0,952500.0,3654458600.0,1.0,3838.0,3869.0,3806.0,3835.0,952500.0
2025-02-25,36260,3834.0,3896.0,3790.0,3882.0,0,0,868600.0,3356020000.0,1.0,3834.0,3896.0,3790.0,3882.0,868600.0
2025-02-26,36260,4075.0,4273.0,4075.0,4267.0,0,0,2727400.0,11431350900.0,1.0,4075.0,4273.0,4075.0,4267.0,2727400.0
2025-02-27,36260,4205.0,4233.0,4139.0,4220.0,0,0,1454100.0,6114903400.0,1.0,4205.0,4233.0,4139.0,4220.0,1454100.0
2025-02-28,36260,4216.0,4216.0,4109.0,4170.0,0,0,1727300.0,7194185000.0,1.0,4216.0,4216.0,4109.0,4170.0,1727300.0
2025-03-03,36260,4160.0,4207.0,4110.0,4190.0,0,0,976300.0,4068157200.0,1.0,4160.0,4207.0,4110.0,4190.0,976300.0
2025-03-04,36260,4190.0,4220.0,4165.0,4203.0,0,0,837100.0,3511922700.0,1.0,4190.0,4220.0,4165.0,4203.0,837100.0
2025-03-05,36260,4235.0,4303.0,4200.0,4275.0,0,0,1099100.0,4691239200.0,1.0,4235.0,4303.0,4200.0,4275.0,1099100.0
2025-03-06,36260,4245.0,4290.0,4241.0,4271.0,0,0,1015500.0,4329354600.0,1.0,4245.0,4290.0,4241.0,4271.0,1015500.0
2025-03-07,36260,4252.0,4292.0,4186.0,4193.0,0,0,855000.0,3610051700.0,1.0,4252.0,4292.0,4186.0,4193.0,855000.0
2025-03-10,36260,4170.0,4202.0,4155.0,4196.0,0,0,704400.0,2951851800.0,1.0,4170.0,4202.0,4155.0,4196.0,704400.0
2025-03-11,36260,4151.0,4230.0,4108.0,4207.0,0,0,1155200.0,4825833900.0,1.0,4151.0,4230.0,4108.0,4207.0,1155200.0
2025-03-12,36260,4203.0,4224.0,4178.0,4205.0,0,0,871400.0,3662306100.0,1.0,4203.0,4224.0,4178.0,4205.0,871400.0
2025-03-13,36260,4205.0,4286.0,4177.0,4213.0,0,0,848600.0,3579860700.0,1.0,4205.0,4286.0,4177.0,4213.0,848600.0
2025-03-14,36260,4193.0,4202.0,4149.0,4172.0,0,0,789100.0,3294730600.0,1.0,4193.0,4202.0,4149.0,4172.0,789100.0
2025-03-17,36260,4171.0,4217.0,4160.0,4200.0,0,0,581900.0,2441278800.0,1.0,4171.0,4217.0,4160.0,4200.0,581900.0
2025-03-18,36260,4192.0,4245.0,4184.0,4235.0,0,0,807300.0,3407630300.0,1.0,4192.0,4245.0,4184.0,4235.0,807300.0
2025-03-19,36260,4225.0,4303.0,4215.0,4284.0,0,0,590700.0,2524282400.0,1.0,4225.0,4303.0,4215.0,4284.0,590700.0
2025-03-21,36260,4225.0,4270.0,4216.0,4235.0,0,0,1267800.0,5368103600.0,1.0,4225.0,4270.0,4216.0,4235.0,1267800.0
2025-03-24,36260,4239.0,4249.0,4197.0,4210.0,0,0,542500.0,2286881400.0,1.0,4239.0,4249.0,4197.0,4210.0,542500.0
2025-03-25,36260,4200.0,4262.0,4200.0,4241.0,0,0,465200.0,1969510700.0,1.0,4200.0,4262.0,4200.0,4241.0,465200.0
2025-03-26,36260,4261.0,4293.0,4236.0,4256.0,0,0,790300.0,3367341900.0,1.0,4261.0,4293.0,4236.0,4256.0,790300.0
2025-03-27,36260,4230.0,4318.0,4230.0,4318.0,0,0,760000.0,3263855400.0,1.0,4230.0,4318.0,4230.0,4318.0,760000.0
2025-03-28,36260,4294.0,4335.0,4237.0,4263.0,0,0,658100.0,2805587200.0,1.0,4294.0,4335.0,4237.0,4263.0,658100.0
2025-03-31,36260,4123.0,4157.0,4101.0,4134.0,0,0,758500.0,3132231300.0,1.0,4123.0,4157.0,4101.0,4134.0,758500.0
2025-04-01,36260,4166.0,4194.0,4110.0,4120.0,0,0,629300.0,2601598800.0,1.0,4166.0,4194.0,4110.0,4120.0,629300.0
2025-04-02,36260,4113.0,4128.0,4065.0,4112.0,0,0,870600.0,3571750100.0,1.0,4113.0,4128.0,4065.0,4112.0,870600.0
2025-04-03,36260,4053.0,4102.0,4019.0,4070.0,0,0,756200.0,3075865500.0,1.0,4053.0,4102.0,4019.0,4070.0,756200.0
2025-04-04,36260,4069.0,4139.0,4012.0,4030.0,0,0,876900.0,3556253600.0,1.0,4069.0,4139.0,4012.0,4030.0,876900.0
2025-04-07,36260,3776.0,3871.0,3717.0,3753.0,0,0,1120900.0,4234277600.0,1.0,3776.0,3871.0,3717.0,3753.0,1120900.0
2025-04-08,36260,3780.0,3866.0,3752.0,3805.0,0,0,801100.0,3044031000.0,1.0,3780.0,3866.0,3752.0,3805.0,801100.0
2025-04-09,36260,3799.0,3834.0,3738.0,3796.0,0,0,704100.0,2668218800.0,1.0,3799.0,3834.0,3738.0,3796.0,704100.0
2025-04-10,36260,3845.0,4002.0,3803.0,3977.0,0,0,685400.0,2702101600.0,1.0,3845.0,4002.0,3803.0,3977.0,685400.0
2025-04-11,36260,3872.0,3923.0,3814.0,3902.0,0,0,629900.0,2452272900.0,1.0,3872.0,3923.0,3814.0,3902.0,629900.0
2025-04-14,36260,3958.0,4016.0,3958.0,3983.0,0,0,559200.0,2229162700.0,1.0,3958.0,4016.0,3958.0,3983.0,559200.0
2025-04-15,36260,4050.0,4070.0,3964.0,3989.0,0,0,668600.0,2678564600.0,1.0,4050.0,4070.0,3964.0,3989.0,668600.0
2025-04-16,36260,3943.0,4067.0,3930.0,4037.0,0,0,754400.0,3033852000.0,1.0,3943.0,4067.0,3930.0,4037.0,754400.0
2025-04-17,36260,4010.0,4061.0,3996.0,4053.0,0,0,394200.0,1591916300.0,1.0,4010.0,4061.0,3996.0,4053.0,394200.0
2025-04-18,36260,4073.0,4122.0,4025.0,4106.0,0,0,254800.0,1042731700.0,1.0,4073.0,4122.0,4025.0,4106.0,254800.0
2025-04-21,36260,4083.0,4099.0,4045.0,4078.0,0,0,310600.0,1266753200.0,1.0,4083.0,4099.0,4045.0,4078.0,310600.0
2025-04-22,36260,4069.0,4104.0,4054.0,4089.0,0,0,511500.0,2091249900.0,1.0,4069.0,4104.0,4054.0,4089.0,511500.0
2025-04-23,36260,4141.0,4141.0,4079.0,4115.0,0,0,636300.0,2617670900.0,1.0,4141.0,4141.0,4079.0,4115.0,636300.0
2025-04-24,36260,4120.0,4165.0,4055.0,4070.0,0,0,494000.0,2015736600.0,1.0,4120.0,4165.0,4055.0,4070.0,494000.0
2025-04-25,36260,4089.0,4097.0,4025.0,4064.0,0,0,516100.0,2099067300.0,1.0,4089.0,4097.0,4025.0,4064.0,516100.0
2025-04-28,36260,4099.0,4145.0,4081.0,4115.0,0,0,441300.0,1817942300.0,1.0,4099.0,4145.0,4081.0,4115.0,441300.0
2025-04-30,36260,4118.0,4163.0,4093.0,4131.0,0,0,741700.0,3062527000.0,1.0,4118.0,4163.0,4093.0,4131.0,741700.0
2025-05-01,36260,4151.0,4198.0,4130.0,4172.0,0,0,390000.0,1625257300.0,1.0,4151.0,4198.0,4130.0,4172.0,390000.0
2025-05-02,36260,4168.0,4229.0,4152.0,4187.0,0,0,649300.0,2726765200.0,1.0,4168.0,4229.0,4152.0,4187.0,649300.0
2025-05-07,36260,4229.0,4241.0,4183.0,4204.0,0,0,743600.0,3132284300.0,1.0,4229.0,4241.0,4183.0,4204.0,743600.0
2025-05-08,36260,4247.0,4274.0,4217.0,4239.0,0,0,604000.0,2564173800.0,1.0,4247.0,4274.0,4217.0,4239.0,604000.0
2025-05-09,36260,4347.0,4649.0,4347.0,4618.0,0,0,1408800.0,6406117000.0,1.0,4347.0,4649.0,4347.0,4618.0,1408800.0
2025-05-12,36260,4598.0,4636.0,4524.0,4594.0,0,0,716000.0,3288619500.0,1.0,4598.0,4636.0,4524.0,4594.0,716000.0
2025-05-13,36260,4636.0,4655.0,4578.0,4606.0,0,0,659800.0,3038990900.0,1.0,4636.0,4655.0,4578.0,4606.0,659800.0
2025-05-14,36260,4555.0,4585.0,4522.0,4542.0,0,0,553900.0,2518197200.0,1.0,4555.0,4585.0,4522.0,4542.0,553900.0
2025-05-15,36260,4533.0,4565.0,4500.0,4557.0,0,0,711900.0,3227897100.0,1.0,4533.0,4565.0,4500.0,4557.0,711900.0
2025-05-16,36260,4556.0,4560.0,4504.0,4540.0,0,0,621200.0,2816621800.0,1.0,4556.0,4560.0,4504.0,4540.0,621200.0
2025-05-19,36260,4550.0,4596.0,4517.0,4596.0,0,0,532100.0,2432968700.0,1.0,4550.0,4596.0,4517.0,4596.0,532100.0
2025-05-20,36260,4600.0,4612.0,4523.0,4548.0,0,0,600300.0,2730512400.0,1.0,4600.0,4612.0,4523.0,4548.0,600300.0
2025-05-21,36260,4594.0,4611.0,4534.0,4570.0,0,0,661200.0,3022687500.0,1.0,4594.0,4611.0,4534.0,4570.0,661200.0
2025-05-22,36260,4617.0,4710.0,4601.0,4617.0,0,0,955400.0,4429879000.0,1.0,4617.0,4710.0,4601.0,4617.0,955400.0
2025-05-23,36260,4609.0,4633.0,4579.0,4594.0,0,0,497300.0,2286015900.0,1.0,4609.0,4633.0,4579.0,4594.0,497300.0
2025-05-26,36260,4595.0,4649.0,4590.0,4633.0,0,0,432200.0,1999704100.0,1.0,4595.0,4649.0,4590.0,4633.0,432200.0
2025-05-27,36260,4650.0,4684.0,4639.0,4668.0,0,0,419600.0,1956783900.0,1.0,4650.0,4684.0,4639.0,4668.0,419600.0
2025-05-28,36260,4713.0,4735.0,4664.0,4669.0,0,0,637000.0,2986001900.0,1.0,4713.0,4735.0,4664.0,4669.0,637000.0
2025-05-29,36260,4654.0,4718.0,4637.0,4714.0,0,0,676000.0,3175656000.0,1.0,4654.0,4718.0,4637.0,4714.0,676000.0
2025-05-30,36260,4666.0,4748.0,4651.0,4748.0,0,0,1816800.0,8613524100.0,1.0,4666.0,4748.0,4651.0,4748.0,1816800.0
2025-06-02,36260,4729.0,4754.0,4693.0,4743.0,0,0,638100.0,3020812000.0,1.0,4729.0,4754.0,4693.0,4743.0,638100.0
2025-06-03,36260,4756.0,4772.0,4676.0,4701.0,0,0,558300.0,2631379200.0,1.0,4756.0,4772.0,4676.0,4701.0,558300.0
2025-06-04,36260,4675.0,4684.0,4560.0,4626.0,0,0,732700.0,3384404000.0,1.0,4675.0,4684.0,4560.0,4626.0,732700.0
2025-06-05,36260,4486.0,4586.0,4472.0,4559.0,0,0,922300.0,4190323300.0,1.0,4486.0,4586.0,4472.0,4559.0,922300.0
2025-06-06,36260,4589.0,4612.0,4550.0,4592.0,0,0,767600.0,3518891900.0,1.0,4589.0,4612.0,4550.0,4592.0,767600.0
2025-06-09,36260,4596.0,4619.0,4563.0,4600.0,0,0,464000.0,2134643200.0,1.0,4596.0,4619.0,4563.0,4600.0,464000.0
2025-06-10,36260,4600.0,4630.0,4578.0,4628.0,0,0,477400.0,2203382800.0,1.0,4600.0,4630.0,4578.0,4628.0,477400.0
2025-06-11,36260,4677.0,4777.0,4677.0,4761.0,0,0,832300.0,3953283900.0,1.0,4677.0,4777.0,4677.0,4761.0,832300.0
2025-06-12,36260,4816.0,4846.0,4778.0,4812.0,0,0,906900.0,4364685400.0,1.0,4816.0,4846.0,4778.0,4812.0,906900.0
2025-06-13,36260,4840.0,4844.0,4754.0,4791.0,0,0,711100.0,3417376100.0,1.0,4840.0,4844.0,4754.0,4791.0,711100.0
2025-06-16,36260,4815.0,4824.0,4761.0,4793.0,0,0,491900.0,2355178100.0,1.0,4815.0,4824.0,4761.0,4793.0,491900.0
2025-06-17,36260,4800.0,4857.0,4781.0,4799.0,0,0,524900.0,2524241800.0,1.0,4800.0,4857.0,4781.0,4799.0,524900.0
2025-06-18,36260,4821.0,4907.0,4800.0,4882.0,0,0,536800.0,2617949400.0,1.0,4821.0,4907.0,4800.0,4882.0,536800.0
2025-06-19,36260,4885.0,4902.0,4828.0,4850.0,0,0,409600.0,1990421700.0,1.0,4885.0,4902.0,4828.0,4850.0,409600.0
2025-06-20,36260,4804.0,4820.0,4753.0,4800.0,0,0,1371200.0,6576359800.0,1.0,4804.0,4820.0,4753.0,4800.0,1371200.0
2025-06-23,36260,4730.0,4776.0,4705.0,4771.0,0,0,422200.0,2008393500.0,1.0,4730.0,4776.0,4705.0,4771.0,422200.0
2025-06-24,36260,4836.0,4841.0,4782.0,4810.0,0,0,309700.0,1491348000.0,1.0,4836.0,4841.0,4782.0,4810.0,309700.0
2025-06-25,36260,4788.0,4806.0,4767.0,4790.0,0,0,415200.0,1989258700.0,1.0,4788.0,4806.0,4767.0,4790.0,415200.0
2025-06-26,36260,4766.0,4847.0,4764.0,4780.0,0,0,482100.0,2310094100.0,1.0,4766.0,4847.0,4764.0,4780.0,482100.0
2025-06-27,36260,4790.0,4819.0,4742.0,4810.0,0,0,478400.0,2297046000.0,1.0,4790.0,4819.0,4742.0,4810.0,478400.0
2025-06-30,36260,4839.0,4880.0,4809.0,4838.0,0,0,551900.0,2670219100.0,1.0,4839.0,4880.0,4809.0,4838.0,551900.0
2025-07-01,36260,4862.0,4867.0,4791.0,4817.0,0,0,340100.0,1638821300.0,1.0,4862.0,4867.0,4791.0,4817.0,340100.0
2025-07-02,36260,4750.0,4807.0,4689.0,4700.0,0,0,560300.0,2642751600.0,1.0,4750.0,4807.0,4689.0,4700.0,560300.0
2025-07-03,36260,4655.0,4726.0,4628.0,4680.0,0,0,465200.0,2173149200.0,1.0,4655.0,4726.0,4628.0,4680.0,465200.0
2025-07-04,36260,4681.0,4723.0,4654.0,4681.0,0,0,367500.0,1720971800.0,1.0,4681.0,4723.0,4654.0,4681.0,367500.0
2025-07-07,36260,4681.0,4714.0,4667.0,4703.0,0,0,363700.0,1709595000.0,1.0,4681.0,4714.0,4667.0,4703.0,363700.0
2025-07-08,36260,4703.0,4707.0,4654.0,4707.0,0,0,509100.0,2390081600.0,1.0,4703.0,4707.0,4654.0,4707.0,509100.0
2025-07-09,36260,4691.0,4710.0,4597.0,4681.0,0,0,488000.0,2276426700.0,1.0,4691.0,4710.0,4597.0,4681.0,488000.0
2025-07-10,36260,4705.0,4724.0,4600.0,4628.0,0,0,688100.0,3183748500.0,1.0,4705.0,4724.0,4600.0,4628.0,688100.0
2025-07-11,36260,4642.0,4689.0,4528.0,4576.0,0,0,612600.0,2804813000.0,1.0,4642.0,4689.0,4528.0,4576.0,612600.0
2025-07-14,36260,4552.0,4586.0,4520.0,4570.0,0,0,422700.0,1930995900.0,1.0,4552.0,4586.0,4520.0,4570.0,422700.0
2025-07-15,36260,4614.0,4624.0,4472.0,4525.0,0,0,525200.0,2387826500.0,1.0,4614.0,4624.0,4472.0,4525.0,525200.0
2025-07-16,36260,4539.0,4581.0,4519.0,4573.0,0,0,478800.0,2185054800.0,1.0,4539.0,4581.0,4519.0,4573.0,478800.0
2025-07-17,36260,4613.0,4686.0,4572.0,4667.0,0,0,516400.0,2403498000.0,1.0,4613.0,4686.0,4572.0,4667.0,516400.0
2025-07-18,36260,4667.0,4698.0,4632.0,4632.0,0,0,452200.0,2100713000.0,1.0,4667.0,4698.0,4632.0,4632.0,452200.0
2025-07-22,36260,4614.0,4667.0,4567.0,4568.0,0,0,381900.0,1752235400.0,1.0,4614.0,4667.0,4567.0,4568.0,381900.0
2025-07-23,36260,4542.0,4590.0,4498.0,4568.0,0,0,607600.0,2771439200.0,1.0,4542.0,4590.0,4498.0,4568.0,607600.0
2025-07-24,36260,4638.0,4650.0,4568.0,4626.0,0,0,460400.0,2129562100.0,1.0,4638.0,4650.0,4568.0,4626.0,460400.0
2025-07-25,36260,4623.0,4681.0,4623.0,4641.0,0,0,356300.0,1655707700.0,1.0,4623.0,4681.0,4623.0,4641.0,356300.0
2025-07-28,36260,4603.0,4614.0,4570.0,4580.0,0,0,431700.0,1978438100.0,1.0,4603.0,4614.0,4570.0,4580.0,431700.0
2025-07-29,36260,4560.0,4635.0,4534.0,4609.0,0,0,658700.0,3032790900.0,1.0,4560.0,4635.0,4534.0,4609.0,658700.0
2025-07-30,36260,4610.0,4689.0,4591.0,4676.0,0,0,880500.0,4107879600.0,1.0,4610.0,4689.0,4591.0,4676.0,880500.0
2025-07-31,36260,4729.0,4905.0,4647.0,4836.0,0,0,1463100.0,7017856800.0,1.0,4729.0,4905.0,4647.0,4836.0,1463100.0
2025-08-01,36260,4799.0,4949.0,4736.0,4932.0,0,0,797800.0,3906121300.0,1.0,4799.0,4949.0,4736.0,4932.0,797800.0
2025-08-04,36260,4862.0,4940.0,4850.0,4929.0,0,0,597400.0,2937665500.0,1.0,4862.0,4940.0,4850.0,4929.0,597400.0
2025-08-05,36260,4950.0,5013.0,4919.0,4975.0,0,0,517500.0,2570516900.0,1.0,4950.0,5013.0,4919.0,4975.0,517500.0
2025-08-06,36260,4943.0,5000.0,4918.0,4964.0,0,0,578500.0,2865615200.0,1.0,4943.0,5000.0,4918.0,4964.0,578500.0
2025-08-07,36260,4965.0,5061.0,4946.0,5033.0,0,0,403900.0,2029663500.0,1.0,4965.0,5061.0,4946.0,5033.0,403900.0
2025-08-08,36260,5033.0,5074.0,4953.0,4959.0,0,0,558500.0,2784702600.0,1.0,5033.0,5074.0,4953.0,4959.0,558500.0
2025-08-12,36260,4959.0,5057.0,4940.0,5020.0,0,0,495100.0,2485329000.0,1.0,4959.0,5057.0,4940.0,5020.0,495100.0
2025-08-13,36260,4981.0,5069.0,4960.0,5045.0,0,0,591300.0,2979335800.0,1.0,4981.0,5069.0,4960.0,5045.0,591300.0
2025-08-14,36260,5029.0,5032.0,4945.0,5006.0,0,0,461300.0,2308597200.0,1.0,5029.0,5032.0,4945.0,5006.0,461300.0
2025-08-15,36260,5049.0,5049.0,4930.0,4940.0,0,0,453700.0,2245743100.0,1.0,5049.0,5049.0,4930.0,4940.0,453700.0
2025-08-18,36260,4960.0,5066.0,4956.0,5008.0,0,0,440800.0,2208376100.0,1.0,4960.0,5066.0,4956.0,5008.0,440800.0
2025-08-19,36260,5008.0,5049.0,4990.0,5035.0,0,0,479400.0,2409595800.0,1.0,5008.0,5049.0,4990.0,5035.0,479400.0
2025-08-20,36260,5060.0,5086.0,4953.0,4976.0,0,0,486500.0,2423858800.0,1.0,5060.0,5086.0,4953.0,4976.0,486500.0
2025-08-21,36260,4976.0,5038.0,4938.0,5019.0,0,0,391000.0,1954896500.0,1.0,4976.0,5038.0,4938.0,5019.0,391000.0
2025-08-22,36260,5079.0,5094.0,5011.0,5060.0,0,0,473700.0,2396698500.0,1.0,5079.0,5094.0,5011.0,5060.0,473700.0
2025-08-25,36260,5080.0,5090.0,4925.0,4925.0,0,0,485500.0,2411238100.0,1.0,5080.0,5090.0,4925.0,4925.0,485500.0
2025-08-26,36260,4942.0,4958.0,4895.0,4908.0,0,0,926900.0,4555576800.0,1.0,4942.0,4958.0,4895.0,4908.0,926900.0
2025-08-27,36260,4958.0,4987.0,4900.0,4904.0,0,0,634200.0,3121345400.0,1.0,4958.0,4987.0,4900.0,4904.0,634200.0
2025-08-28,36260,4925.0,4940.0,4860.0,4909.0,0,0,458500.0,2248506900.0,1.0,4925.0,4940.0,4860.0,4909.0,458500.0
2025-08-29,36260,4927.0,4958.0,4903.0,4925.0,0,0,505100.0,2488272900.0,1.0,4927.0,4958.0,4903.0,4925.0,505100.0
2025-09-01,36260,4893.0,4947.0,4875.0,4925.0,0,0,295900.0,1454121400.0,1.0,4893.0,4947.0,4875.0,4925.0,295900.0
2025-09-02,36260,4958.0,4985.0,4900.0,4921.0,0,0,429700.0,2117567500.0,1.0,4958.0,4985.0,4900.0,4921.0,429700.0
2025-09-03,36260,4899.0,4940.0,4849.0,4931.0,0,0,504800.0,2481395400.0,1.0,4899.0,4940.0,4849.0,4931.0,504800.0
2025-09-04,36260,4931.0,5035.0,4925.0,4990.0,0,0,725600.0,3623199500.0,1.0,4931.0,5035.0,4925.0,4990.0,725600.0
2025-09-05,36260,4990.0,5015.0,4903.0,4961.0,0,0,477700.0,2368464100.0,1.0,4990.0,5015.0,4903.0,4961.0,477700.0
2025-09-08,36260,4979.0,4999.0,4947.0,4999.0,0,0,540200.0,2692107300.0,1.0,4979.0,4999.0,4947.0,4999.0,540200.0
2025-09-09,36260,5030.0,5098.0,5029.0,5046.0,0,0,538800.0,2725381900.0,1.0,5030.0,5098.0,5029.0,5046.0,538800.0
2025-09-10,36260,5070.0,5127.0,5036.0,5105.0,0,0,564600.0,2878335200.0,1.0,5070.0,5127.0,5036.0,5105.0,564600.0
2025-09-11,36260,5082.0,5150.0,5073.0,5150.0,0,0,380400.0,1951141800.0,1.0,5082.0,5150.0,5073.0,5150.0,380400.0
2025-09-12,36260,5150.0,5184.0,5110.0,5184.0,0,0,536500.0,2770176800.0,1.0,5150.0,5184.0,5110.0,5184.0,536500.0
2025-09-16,36260,5180.0,5205.0,5134.0,5184.0,0,0,637800.0,3303456900.0,1.0,5180.0,5205.0,5134.0,5184.0,637800.0
2025-09-17,36260,5111.0,5166.0,5052.0,5056.0,0,0,587400.0,2981033500.0,1.0,5111.0,5166.0,5052.0,5056.0,587400.0
2025-09-18,36260,5057.0,5155.0,5043.0,5120.0,0,0,446500.0,2283385600.0,1.0,5057.0,5155.0,5043.0,5120.0,446500.0
2025-09-19,36260,5120.0,5136.0,5027.0,5050.0,0,0,879300.0,4449022400.0,1.0,5120.0,5136.0,5027.0,5050.0,879300.0
2025-09-22,36260,5029.0,5057.0,4998.0,5012.0,0,0,380300.0,1907731600.0,1.0,5029.0,5057.0,4998.0,5012.0,380300.0
2025-09-24,36260,4991.0,5027.0,4967.0,5007.0,0,0,390300.0,1954020000.0,1.0,4991.0,5027.0,4967.0,5007.0,390300.0
2025-09-25,36260,5003.0,5030.0,4967.0,4989.0,0,0,412800.0,2061046800.0,1.0,5003.0,5030.0,4967.0,4989.0,412800.0
2025-09-26,36260,4968.0,5053.0,4962.0,4970.0,0,0,525000.0,2614726400.0,1.0,4968.0,5053.0,4962.0,4970.0,525000.0
2025-09-29,36260,4919.0,4955.0,4815.0,4835.0,0,0,444300.0,2153485400.0,1.0,4919.0,4955.0,4815.0,4835.0,444300.0
2025-09-30,36260,4848.0,4925.0,4834.0,4884.0,0,0,502900.0,2455348300.0,1.0,4848.0,4925.0,4834.0,4884.0,502900.0
2025-10-01,36260,4840.0,4873.0,4778.0,4842.0,0,0,643500.0,3108178300.0,1.0,4840.0,4873.0,4778.0,4842.0,643500.0
2025-10-02,36260,4807.0,4827.0,4711.0,4711.0,0,0,559500.0,2645776400.0,1.0,4807.0,4827.0,4711.0,4711.0,559500.0
2025-10-03,36260,4743.0,4804.0,4724.0,4785.0,0,0,450400.0,2152366000.0,1.0,4743.0,4804.0,4724.0,4785.0,450400.0
2025-10-06,36260,4855.0,4976.0,4836.0,4922.0,0,0,607100.0,2988652700.0,1.0,4855.0,4976.0,4836.0,4922.0,607100.0
2025-10-07,36260,4922.0,4959.0,4830.0,4859.0,0,0,540700.0,2626609700.0,1.0,4922.0,4959.0,4830.0,4859.0,540700.0
2025-10-08,36260,4833.0,4907.0,4824.0,4880.0,0,0,519500.0,2533429800.0,1.0,4833.0,4907.0,4824.0,4880.0,519500.0
2025-10-09,36260,4932.0,4950.0,4880.0,4915.0,0,0,625200.0,3070564000.0,1.0,4932.0,4950.0,4880.0,4915.0,625200.0
2025-10-10,36260,4930.0,5040.0,4864.0,4870.0,0,0,831800.0,4076990200.0,1.0,4930.0,5040.0,4864.0,4870.0,831800.0
2025-10-14,36260,4840.0,4872.0,4800.0,4842.0,0,0,871900.0,4222341800.0,1.0,4840.0,4872.0,4800.0,4842.0,871900.0
2025-10-15,36260,4853.0,4903.0,4829.0,4889.0,0,0,533300.0,2602478900.0,1.0,4853.0,4903.0,4829.0,4889.0,533300.0
2025-10-16,36260,4938.0,4956.0,4841.0,4875.0,0,0,481300.0,2345755900.0,1.0,4938.0,4956.0,4841.0,4875.0,481300.0
2025-10-17,36260,4880.0,4888.0,4780.0,4830.0,0,0,589300.0,2847737400.0,1.0,4880.0,4888.0,4780.0,4830.0,589300.0
2025-10-20,36260,4900.0,4900.0,4847.0,4891.0,0,0,492400.0,2403573100.0,1.0,4900.0,4900.0,4847.0,4891.0,492400.0
2025-10-21,36260,4891.0,4959.0,4867.0,4928.0,0,0,534000.0,2631052100.0,1.0,4891.0,4959.0,4867.0,4928.0,534000.0
2025-10-22,36260,4998.0,5065.0,4928.0,5039.0,0,0,642700.0,3234011800.0,1.0,4998.0,5065.0,4928.0,5039.0,642700.0
2025-10-23,36260,5080.0,5088.0,5036.0,5075.0,0,0,530400.0,2689977800.0,1.0,5080.0,5088.0,5036.0,5075.0,530400.0
2025-10-24,36260,5075.0,5150.0,5025.0,5105.0,0,0,611700.0,3114637100.0,1.0,5075.0,5150.0,5025.0,5105.0,611700.0
2025-10-27,36260,5149.0,5194.0,5111.0,5140.0,0,0,519400.0,2674959700.0,1.0,5149.0,5194.0,5111.0,5140.0,519400.0
2025-10-28,36260,5170.0,5181.0,5074.0,5103.0,0,0,769000.0,3925221100.0,1.0,5170.0,5181.0,5074.0,5103.0,769000.0
2025-10-29,36260,5117.0,5172.0,5015.0,5113.0,0,0,793800.0,4044211100.0,1.0,5117.0,5172.0,5015.0,5113.0,793800.0
