Date,Code,Open,High,Low,Close,UpperLimit,LowerLimit,Volume,TurnoverValue,AdjustmentFactor,AdjustmentOpen,AdjustmentHigh,AdjustmentLow,AdjustmentClose,AdjustmentVolume
2020-10-29,37770,21.0,22.0,20.0,21.0,0,0,256500.0,5368400.0,1.0,21.0,22.0,20.0,21.0,256500.0
2020-10-30,37770,20.0,21.0,20.0,20.0,0,0,124200.0,2500500.0,1.0,20.0,21.0,20.0,20.0,124200.0
2020-11-02,37770,20.0,22.0,20.0,21.0,0,0,254000.0,5326400.0,1.0,20.0,22.0,20.0,21.0,254000.0
2020-11-04,37770,22.0,22.0,20.0,21.0,0,0,308700.0,6608400.0,1.0,22.0,22.0,20.0,21.0,308700.0
2020-11-05,37770,21.0,22.0,21.0,21.0,0,0,120400.0,2545500.0,1.0,21.0,22.0,21.0,21.0,120400.0
2020-11-06,37770,21.0,22.0,21.0,21.0,0,0,143000.0,3017400.0,1.0,21.0,22.0,21.0,21.0,143000.0
2020-11-09,37770,21.0,22.0,20.0,22.0,0,0,507500.0,10670100.0,1.0,21.0,22.0,20.0,22.0,507500.0
2020-11-10,37770,21.0,22.0,21.0,22.0,0,0,366300.0,7715900.0,1.0,21.0,22.0,21.0,22.0,366300.0
2020-11-11,37770,22.0,22.0,20.0,21.0,0,0,515100.0,10738000.0,1.0,22.0,22.0,20.0,21.0,515100.0
2020-11-12,37770,21.0,22.0,21.0,22.0,0,0,138800.0,2998300.0,1.0,21.0,22.0,21.0,22.0,138800.0
2020-11-13,37770,22.0,22.0,21.0,21.0,0,0,167800.0,3562200.0,1.0,22.0,22.0,21.0,21.0,167800.0
2020-11-16,37770,21.0,22.0,21.0,21.0,0,0,167600.0,3564800.0,1.0,21.0,22.0,21.0,21.0,167600.0
2020-11-17,37770,21.0,22.0,21.0,22.0,0,0,133300.0,2869000.0,1.0,21.0,22.0,21.0,22.0,133300.0
2020-11-18,37770,21.0,24.0,21.0,23.0,0,0,3075400.0,69969000.0,1.0,21.0,24.0,21.0,23.0,3075400.0
2020-11-19,37770,23.0,24.0,21.0,22.0,0,0,912600.0,20389600.0,1.0,23.0,24.0,21.0,22.0,912600.0
2020-11-20,37770,22.0,23.0,21.0,21.0,0,0,454600.0,9822200.0,1.0,22.0,23.0,21.0,21.0,454600.0
2020-11-24,37770,22.0,22.0,20.0,20.0,0,0,834200.0,17486200.0,1.0,22.0,22.0,20.0,20.0,834200.0
2020-11-25,37770,20.0,21.0,20.0,20.0,0,0,329300.0,6615300.0,1.0,20.0,21.0,20.0,20.0,329300.0
2020-11-26,37770,21.0,21.0,20.0,20.0,0,0,105500.0,2166500.0,1.0,21.0,21.0,20.0,20.0,105500.0
2020-11-27,37770,21.0,21.0,19.0,20.0,0,0,1306700.0,26167800.0,1.0,21.0,21.0,19.0,20.0,1306700.0
2020-11-30,37770,20.0,21.0,19.0,21.0,0,0,491200.0,9843600.0,1.0,20.0,21.0,19.0,21.0,491200.0
2020-12-01,37770,20.0,21.0,19.0,21.0,0,0,624500.0,12488600.0,1.0,20.0,21.0,19.0,21.0,624500.0
2020-12-02,37770,20.0,21.0,20.0,21.0,0,0,169300.0,3465500.0,1.0,20.0,21.0,20.0,21.0,169300.0
2020-12-03,37770,20.0,21.0,20.0,20.0,0,0,494600.0,9923400.0,1.0,20.0,21.0,20.0,20.0,494600.0
2020-12-04,37770,20.0,21.0,20.0,20.0,0,0,208600.0,4244600.0,1.0,20.0,21.0,20.0,20.0,208600.0
2020-12-07,37770,20.0,21.0,20.0,20.0,0,0,319300.0,6435300.0,1.0,20.0,21.0,20.0,20.0,319300.0
2020-12-08,37770,21.0,21.0,19.0,20.0,0,0,496800.0,9971100.0,1.0,21.0,21.0,19.0,20.0,496800.0
2020-12-09,37770,19.0,20.0,19.0,19.0,0,0,188800.0,3644600.0,1.0,19.0,20.0,19.0,19.0,188800.0
2020-12-10,37770,20.0,20.0,19.0,19.0,0,0,959800.0,18284900.0,1.0,20.0,20.0,19.0,19.0,959800.0
2020-12-11,37770,19.0,20.0,18.0,19.0,0,0,760800.0,14450400.0,1.0,19.0,20.0,18.0,19.0,760800.0
2020-12-14,37770,18.0,19.0,17.0,19.0,0,0,1244200.0,22398200.0,1.0,18.0,19.0,17.0,19.0,1244200.0
2020-12-15,37770,18.0,19.0,18.0,19.0,0,0,250300.0,4622400.0,1.0,18.0,19.0,18.0,19.0,250300.0
2020-12-16,37770,18.0,19.0,18.0,18.0,0,0,111200.0,2016000.0,1.0,18.0,19.0,18.0,18.0,111200.0
2020-12-17,37770,18.0,19.0,18.0,18.0,0,0,144100.0,2626800.0,1.0,18.0,19.0,18.0,18.0,144100.0
2020-12-18,37770,19.0,19.0,18.0,19.0,0,0,249400.0,4606100.0,1.0,19.0,19.0,18.0,19.0,249400.0
2020-12-21,37770,18.0,19.0,18.0,18.0,0,0,126500.0,2297400.0,1.0,18.0,19.0,18.0,18.0,126500.0
2020-12-22,37770,18.0,19.0,18.0,18.0,0,0,91900.0,1658300.0,1.0,18.0,19.0,18.0,18.0,91900.0
2020-12-23,37770,18.0,19.0,17.0,17.0,0,0,509600.0,9155800.0,1.0,18.0,19.0,17.0,17.0,509600.0
2020-12-24,37770,18.0,18.0,17.0,17.0,0,0,277200.0,4811900.0,1.0,18.0,18.0,17.0,17.0,277200.0
2020-12-25,37770,17.0,18.0,17.0,17.0,0,0,319400.0,5460100.0,1.0,17.0,18.0,17.0,17.0,319400.0
2020-12-28,37770,17.0,18.0,16.0,16.0,0,0,715200.0,12096800.0,1.0,17.0,18.0,16.0,16.0,715200.0
2020-12-29,37770,16.0,18.0,16.0,16.0,0,0,1349700.0,22565300.0,1.0,16.0,18.0,16.0,16.0,1349700.0
2020-12-30,37770,17.0,18.0,16.0,18.0,0,0,450700.0,7710100.0,1.0,17.0,18.0,16.0,18.0,450700.0
2021-01-04,37770,17.0,18.0,17.0,17.0,0,0,303500.0,5242700.0,1.0,17.0,18.0,17.0,17.0,303500.0
2021-01-05,37770,17.0,18.0,16.0,16.0,0,0,484600.0,8244800.0,1.0,17.0,18.0,16.0,16.0,484600.0
2021-01-06,37770,16.0,18.0,16.0,17.0,0,0,461000.0,7801900.0,1.0,16.0,18.0,16.0,17.0,461000.0
2021-01-07,37770,17.0,18.0,17.0,17.0,0,0,119400.0,2032500.0,1.0,17.0,18.0,17.0,17.0,119400.0
2021-01-08,37770,17.0,18.0,17.0,17.0,0,0,76500.0,1305200.0,1.0,17.0,18.0,17.0,17.0,76500.0
2021-01-12,37770,18.0,18.0,16.0,17.0,0,0,664100.0,11289500.0,1.0,18.0,18.0,16.0,17.0,664100.0
2021-01-13,37770,17.0,18.0,17.0,17.0,0,0,681500.0,11596200.0,1.0,17.0,18.0,17.0,17.0,681500.0
2021-01-14,37770,17.0,19.0,17.0,18.0,0,0,1758500.0,31026300.0,1.0,17.0,19.0,17.0,18.0,1758500.0
2021-01-15,37770,18.0,19.0,17.0,17.0,0,0,2199100.0,39291400.0,1.0,18.0,19.0,17.0,17.0,2199100.0
2021-01-18,37770,18.0,19.0,16.0,17.0,0,0,4082300.0,70975000.0,1.0,18.0,19.0,16.0,17.0,4082300.0
2021-01-19,37770,18.0,18.0,16.0,17.0,0,0,1204700.0,20535800.0,1.0,18.0,18.0,16.0,17.0,1204700.0
2021-01-20,37770,17.0,18.0,16.0,16.0,0,0,2050100.0,33329500.0,1.0,17.0,18.0,16.0,16.0,2050100.0
2021-01-21,37770,17.0,17.0,16.0,17.0,0,0,402500.0,6819400.0,1.0,17.0,17.0,16.0,17.0,402500.0
2021-01-22,37770,17.0,17.0,14.0,15.0,0,0,5708400.0,88583200.0,1.0,17.0,17.0,14.0,15.0,5708400.0
2021-01-25,37770,15.0,16.0,15.0,16.0,0,0,1401300.0,22133400.0,1.0,15.0,16.0,15.0,16.0,1401300.0
2021-01-26,37770,16.0,16.0,15.0,16.0,0,0,657500.0,10404800.0,1.0,16.0,16.0,15.0,16.0,657500.0
2021-01-27,37770,16.0,16.0,15.0,15.0,0,0,725400.0,11197700.0,1.0,16.0,16.0,15.0,15.0,725400.0
2021-01-28,37770,15.0,16.0,14.0,15.0,0,0,3681200.0,55266500.0,1.0,15.0,16.0,14.0,15.0,3681200.0
2021-01-29,37770,15.0,15.0,14.0,14.0,0,0,1073300.0,15971800.0,1.0,15.0,15.0,14.0,14.0,1073300.0
2021-02-01,37770,15.0,15.0,14.0,15.0,0,0,1450400.0,21473600.0,1.0,15.0,15.0,14.0,15.0,1450400.0
2021-02-02,37770,15.0,16.0,14.0,15.0,0,0,2420000.0,36323100.0,1.0,15.0,16.0,14.0,15.0,2420000.0
2021-02-03,37770,15.0,16.0,15.0,15.0,0,0,602700.0,9058700.0,1.0,15.0,16.0,15.0,15.0,602700.0
2021-02-04,37770,15.0,16.0,13.0,14.0,0,0,5339300.0,75685400.0,1.0,15.0,16.0,13.0,14.0,5339300.0
2021-02-05,37770,15.0,15.0,14.0,15.0,0,0,1251800.0,18751300.0,1.0,15.0,15.0,14.0,15.0,1251800.0
2021-02-08,37770,15.0,16.0,15.0,15.0,0,0,5203000.0,78334800.0,1.0,15.0,16.0,15.0,15.0,5203000.0
2021-02-09,37770,15.0,21.0,15.0,18.0,0,0,14763700.0,267496600.0,1.0,15.0,21.0,15.0,18.0,14763700.0
2021-02-10,37770,20.0,21.0,18.0,18.0,0,0,13287600.0,258567600.0,1.0,20.0,21.0,18.0,18.0,13287600.0
2021-02-12,37770,18.0,18.0,16.0,17.0,0,0,10237000.0,174916300.0,1.0,18.0,18.0,16.0,17.0,10237000.0
2021-02-15,37770,17.0,18.0,16.0,17.0,0,0,4584200.0,76114000.0,1.0,17.0,18.0,16.0,17.0,4584200.0
2021-02-16,37770,16.0,16.0,15.0,15.0,0,0,4703500.0,73181400.0,1.0,16.0,16.0,15.0,15.0,4703500.0
2021-02-17,37770,15.0,16.0,14.0,15.0,0,0,9805200.0,146927900.0,1.0,15.0,16.0,14.0,15.0,9805200.0
2021-02-18,37770,16.0,18.0,15.0,16.0,0,0,12355000.0,204960600.0,1.0,16.0,18.0,15.0,16.0,12355000.0
2021-02-19,37770,16.0,17.0,15.0,16.0,0,0,3251000.0,51929300.0,1.0,16.0,17.0,15.0,16.0,3251000.0
2021-02-22,37770,16.0,18.0,16.0,18.0,0,0,3227800.0,54110100.0,1.0,16.0,18.0,16.0,18.0,3227800.0
2021-02-24,37770,18.0,18.0,16.0,17.0,0,0,2959800.0,50876500.0,1.0,18.0,18.0,16.0,17.0,2959800.0
2021-02-25,37770,19.0,26.0,18.0,25.0,0,0,33517200.0,702848300.0,1.0,19.0,26.0,18.0,25.0,33517200.0
2021-02-26,37770,21.0,23.0,19.0,20.0,0,0,16624400.0,347747000.0,1.0,21.0,23.0,19.0,20.0,16624400.0
2021-03-01,37770,21.0,21.0,19.0,19.0,0,0,4245600.0,85260700.0,1.0,21.0,21.0,19.0,19.0,4245600.0
2021-03-02,37770,20.0,20.0,17.0,19.0,0,0,7785900.0,143698800.0,1.0,20.0,20.0,17.0,19.0,7785900.0
2021-03-03,37770,19.0,20.0,18.0,19.0,0,0,2656200.0,50467800.0,1.0,19.0,20.0,18.0,19.0,2656200.0
2021-03-04,37770,18.0,19.0,17.0,17.0,0,0,3093500.0,55585700.0,1.0,18.0,19.0,17.0,17.0,3093500.0
2021-03-05,37770,17.0,19.0,17.0,19.0,0,0,1312300.0,23461700.0,1.0,17.0,19.0,17.0,19.0,1312300.0
2021-03-08,37770,19.0,20.0,18.0,18.0,0,0,1592800.0,29625000.0,1.0,19.0,20.0,18.0,18.0,1592800.0
2021-03-09,37770,19.0,20.0,18.0,18.0,0,0,2510000.0,47627900.0,1.0,19.0,20.0,18.0,18.0,2510000.0
2021-03-10,37770,19.0,23.0,19.0,20.0,0,0,13494800.0,282171400.0,1.0,19.0,23.0,19.0,20.0,13494800.0
2021-03-11,37770,21.0,22.0,20.0,20.0,0,0,2609300.0,53520900.0,1.0,21.0,22.0,20.0,20.0,2609300.0
2021-03-12,37770,21.0,21.0,19.0,19.0,0,0,2570100.0,51389200.0,1.0,21.0,21.0,19.0,19.0,2570100.0
2021-03-15,37770,20.0,21.0,19.0,20.0,0,0,2595600.0,51769400.0,1.0,20.0,21.0,19.0,20.0,2595600.0
2021-03-16,37770,20.0,21.0,19.0,20.0,0,0,1642200.0,32813300.0,1.0,20.0,21.0,19.0,20.0,1642200.0
2021-03-17,37770,20.0,20.0,19.0,20.0,0,0,491700.0,9516600.0,1.0,20.0,20.0,19.0,20.0,491700.0
2021-03-18,37770,20.0,20.0,19.0,20.0,0,0,433300.0,8430900.0,1.0,20.0,20.0,19.0,20.0,433300.0
2021-03-19,37770,20.0,20.0,19.0,20.0,0,0,586200.0,11535000.0,1.0,20.0,20.0,19.0,20.0,586200.0
2021-03-22,37770,20.0,20.0,19.0,19.0,0,0,356800.0,6940100.0,1.0,20.0,20.0,19.0,19.0,356800.0
2021-03-23,37770,20.0,20.0,19.0,19.0,0,0,295800.0,5712800.0,1.0,20.0,20.0,19.0,19.0,295800.0
2021-03-24,37770,19.0,20.0,19.0,19.0,0,0,685500.0,13224000.0,1.0,19.0,20.0,19.0,19.0,685500.0
2021-03-25,37770,19.0,19.0,18.0,18.0,0,0,2231100.0,42131200.0,1.0,19.0,19.0,18.0,18.0,2231100.0
2021-03-26,37770,19.0,20.0,18.0,19.0,0,0,2894500.0,54914500.0,1.0,19.0,20.0,18.0,19.0,2894500.0
2021-03-29,37770,19.0,20.0,18.0,18.0,0,0,1334400.0,25316300.0,1.0,19.0,20.0,18.0,18.0,1334400.0
2021-03-30,37770,19.0,20.0,18.0,19.0,0,0,1367400.0,25918100.0,1.0,19.0,20.0,18.0,19.0,1367400.0
2021-03-31,37770,19.0,19.0,18.0,18.0,0,0,525600.0,9930600.0,1.0,19.0,19.0,18.0,18.0,525600.0
2021-04-01,37770,19.0,19.0,18.0,18.0,0,0,813400.0,15260000.0,1.0,19.0,19.0,18.0,18.0,813400.0
2021-04-02,37770,19.0,19.0,17.0,18.0,0,0,3605200.0,65607400.0,1.0,19.0,19.0,17.0,18.0,3605200.0
2021-04-05,37770,17.0,18.0,17.0,18.0,0,0,1332000.0,23507900.0,1.0,17.0,18.0,17.0,18.0,1332000.0
2021-04-06,37770,18.0,18.0,17.0,17.0,0,0,1230600.0,21701500.0,1.0,18.0,18.0,17.0,17.0,1230600.0
2021-04-07,37770,18.0,18.0,17.0,18.0,0,0,1281300.0,22810500.0,1.0,18.0,18.0,17.0,18.0,1281300.0
2021-04-08,37770,18.0,18.0,17.0,17.0,0,0,1396000.0,24084500.0,1.0,18.0,18.0,17.0,17.0,1396000.0
2021-04-09,37770,17.0,18.0,17.0,18.0,0,0,265400.0,4588800.0,1.0,17.0,18.0,17.0,18.0,265400.0
2021-04-12,37770,18.0,18.0,16.0,16.0,0,0,3398600.0,57215400.0,1.0,18.0,18.0,16.0,16.0,3398600.0
2021-04-13,37770,16.0,17.0,15.0,16.0,0,0,4450000.0,71135600.0,1.0,16.0,17.0,15.0,16.0,4450000.0
2021-04-14,37770,17.0,17.0,16.0,16.0,0,0,425100.0,6974800.0,1.0,17.0,17.0,16.0,16.0,425100.0
2021-04-15,37770,17.0,17.0,16.0,17.0,0,0,209200.0,3470700.0,1.0,17.0,17.0,16.0,17.0,209200.0
2021-04-16,37770,17.0,17.0,16.0,16.0,0,0,258900.0,4315800.0,1.0,17.0,17.0,16.0,16.0,258900.0
2021-04-19,37770,16.0,18.0,16.0,18.0,0,0,2536700.0,43539500.0,1.0,16.0,18.0,16.0,18.0,2536700.0
2021-04-20,37770,18.0,19.0,17.0,17.0,0,0,2830800.0,49686100.0,1.0,18.0,19.0,17.0,17.0,2830800.0
2021-04-21,37770,17.0,17.0,16.0,17.0,0,0,1048000.0,17807200.0,1.0,17.0,17.0,16.0,17.0,1048000.0
2021-04-22,37770,17.0,18.0,16.0,17.0,0,0,301600.0,5088100.0,1.0,17.0,18.0,16.0,17.0,301600.0
2021-04-23,37770,17.0,18.0,16.0,17.0,0,0,1023800.0,17406300.0,1.0,17.0,18.0,16.0,17.0,1023800.0
2021-04-26,37770,16.0,17.0,16.0,16.0,0,0,1779000.0,28528800.0,1.0,16.0,17.0,16.0,16.0,1779000.0
2021-04-27,37770,16.0,17.0,16.0,17.0,0,0,266800.0,4430900.0,1.0,16.0,17.0,16.0,17.0,266800.0
2021-04-28,37770,16.0,17.0,16.0,17.0,0,0,243300.0,4020100.0,1.0,16.0,17.0,16.0,17.0,243300.0
2021-04-30,37770,17.0,17.0,16.0,16.0,0,0,291700.0,4758200.0,1.0,17.0,17.0,16.0,16.0,291700.0
2021-05-06,37770,17.0,17.0,16.0,16.0,0,0,812300.0,13219700.0,1.0,17.0,17.0,16.0,16.0,812300.0
2021-05-07,37770,17.0,20.0,16.0,18.0,0,0,7195000.0,129856800.0,1.0,17.0,20.0,16.0,18.0,7195000.0
2021-05-10,37770,19.0,20.0,17.0,17.0,0,0,1717700.0,31506200.0,1.0,19.0,20.0,17.0,17.0,1717700.0
2021-05-11,37770,18.0,18.0,17.0,17.0,0,0,413600.0,7137500.0,1.0,18.0,18.0,17.0,17.0,413600.0
2021-05-12,37770,18.0,18.0,16.0,16.0,0,0,1445700.0,24543400.0,1.0,18.0,18.0,16.0,16.0,1445700.0
2021-05-13,37770,17.0,17.0,16.0,17.0,0,0,347900.0,5881800.0,1.0,17.0,17.0,16.0,17.0,347900.0
2021-05-14,37770,17.0,18.0,17.0,17.0,0,0,815100.0,13873700.0,1.0,17.0,18.0,17.0,17.0,815100.0
2021-05-17,37770,17.0,18.0,17.0,17.0,0,0,271600.0,4665400.0,1.0,17.0,18.0,17.0,17.0,271600.0
2021-05-18,37770,18.0,18.0,17.0,17.0,0,0,1161900.0,19926200.0,1.0,18.0,18.0,17.0,17.0,1161900.0
2021-05-19,37770,17.0,18.0,17.0,17.0,0,0,261100.0,4445700.0,1.0,17.0,18.0,17.0,17.0,261100.0
2021-05-20,37770,18.0,18.0,17.0,18.0,0,0,125800.0,2226800.0,1.0,18.0,18.0,17.0,18.0,125800.0
2021-05-21,37770,17.0,18.0,16.0,17.0,0,0,2283000.0,38341900.0,1.0,17.0,18.0,16.0,17.0,2283000.0
2021-05-24,37770,17.0,18.0,16.0,16.0,0,0,1682200.0,28107800.0,1.0,17.0,18.0,16.0,16.0,1682200.0
2021-05-25,37770,17.0,18.0,16.0,18.0,0,0,1444800.0,24598600.0,1.0,17.0,18.0,16.0,18.0,1444800.0
2021-05-26,37770,17.0,18.0,16.0,17.0,0,0,1351400.0,22977000.0,1.0,17.0,18.0,16.0,17.0,1351400.0
2021-05-27,37770,17.0,18.0,16.0,17.0,0,0,771200.0,13109900.0,1.0,17.0,18.0,16.0,17.0,771200.0
2021-05-28,37770,17.0,18.0,17.0,18.0,0,0,709100.0,12322900.0,1.0,17.0,18.0,17.0,18.0,709100.0
2021-05-31,37770,17.0,18.0,17.0,17.0,0,0,172200.0,2979800.0,1.0,17.0,18.0,17.0,17.0,172200.0
2021-06-01,37770,18.0,18.0,17.0,18.0,0,0,226200.0,3964700.0,1.0,18.0,18.0,17.0,18.0,226200.0
2021-06-02,37770,17.0,18.0,17.0,18.0,0,0,133700.0,2333500.0,1.0,17.0,18.0,17.0,18.0,133700.0
2021-06-03,37770,18.0,18.0,17.0,17.0,0,0,211100.0,3762700.0,1.0,18.0,18.0,17.0,17.0,211100.0
2021-06-04,37770,18.0,18.0,17.0,17.0,0,0,177400.0,3094500.0,1.0,18.0,18.0,17.0,17.0,177400.0
2021-06-07,37770,17.0,18.0,17.0,17.0,0,0,117300.0,1998100.0,1.0,17.0,18.0,17.0,17.0,117300.0
2021-06-08,37770,18.0,18.0,17.0,17.0,0,0,96900.0,1695700.0,1.0,18.0,18.0,17.0,17.0,96900.0
2021-06-09,37770,19.0,20.0,17.0,18.0,0,0,5875700.0,108924200.0,1.0,19.0,20.0,17.0,18.0,5875700.0
2021-06-10,37770,18.0,18.0,17.0,17.0,0,0,443600.0,7905200.0,1.0,18.0,18.0,17.0,17.0,443600.0
2021-06-11,37770,17.0,19.0,17.0,18.0,0,0,1719300.0,30871900.0,1.0,17.0,19.0,17.0,18.0,1719300.0
2021-06-14,37770,18.0,19.0,17.0,18.0,0,0,1422000.0,25658700.0,1.0,18.0,19.0,17.0,18.0,1422000.0
2021-06-15,37770,18.0,19.0,17.0,18.0,0,0,1507500.0,27179400.0,1.0,18.0,19.0,17.0,18.0,1507500.0
2021-06-16,37770,18.0,18.0,17.0,18.0,0,0,1377000.0,24770600.0,1.0,18.0,18.0,17.0,18.0,1377000.0
2021-06-17,37770,18.0,18.0,17.0,18.0,0,0,616200.0,11048400.0,1.0,18.0,18.0,17.0,18.0,616200.0
2021-06-18,37770,17.0,19.0,17.0,18.0,0,0,1237900.0,22196800.0,1.0,17.0,19.0,17.0,18.0,1237900.0
2021-06-21,37770,18.0,18.0,17.0,17.0,0,0,272700.0,4805700.0,1.0,18.0,18.0,17.0,17.0,272700.0
2021-06-22,37770,18.0,19.0,17.0,18.0,0,0,1292700.0,23410700.0,1.0,18.0,19.0,17.0,18.0,1292700.0
2021-06-23,37770,18.0,19.0,18.0,18.0,0,0,418300.0,7549700.0,1.0,18.0,19.0,18.0,18.0,418300.0
2021-06-24,37770,18.0,19.0,18.0,18.0,0,0,297900.0,5511200.0,1.0,18.0,19.0,18.0,18.0,297900.0
2021-06-25,37770,18.0,19.0,17.0,18.0,0,0,1335700.0,23998000.0,1.0,18.0,19.0,17.0,18.0,1335700.0
2021-06-28,37770,18.0,18.0,17.0,18.0,0,0,1759700.0,31670700.0,1.0,18.0,18.0,17.0,18.0,1759700.0
2021-06-29,37770,18.0,19.0,17.0,18.0,0,0,842700.0,15216000.0,1.0,18.0,19.0,17.0,18.0,842700.0
2021-06-30,37770,18.0,19.0,18.0,18.0,0,0,460300.0,8287000.0,1.0,18.0,19.0,18.0,18.0,460300.0
2021-07-01,37770,19.0,19.0,18.0,18.0,0,0,131700.0,2425700.0,1.0,19.0,19.0,18.0,18.0,131700.0
2021-07-02,37770,18.0,19.0,17.0,18.0,0,0,1461400.0,26277100.0,1.0,18.0,19.0,17.0,18.0,1461400.0
2021-07-05,37770,18.0,18.0,17.0,18.0,0,0,693000.0,12472100.0,1.0,18.0,18.0,17.0,18.0,693000.0
2021-07-06,37770,18.0,18.0,17.0,18.0,0,0,360500.0,6454600.0,1.0,18.0,18.0,17.0,18.0,360500.0
2021-07-07,37770,18.0,19.0,17.0,18.0,0,0,415400.0,7477600.0,1.0,18.0,19.0,17.0,18.0,415400.0
2021-07-08,37770,18.0,19.0,18.0,18.0,0,0,654700.0,11832900.0,1.0,18.0,19.0,18.0,18.0,654700.0
2021-07-09,37770,18.0,18.0,17.0,18.0,0,0,446200.0,8025400.0,1.0,18.0,18.0,17.0,18.0,446200.0
2021-07-12,37770,18.0,18.0,18.0,18.0,0,0,830200.0,14943600.0,1.0,18.0,18.0,18.0,18.0,830200.0
2021-07-13,37770,18.0,18.0,17.0,18.0,0,0,545800.0,9802000.0,1.0,18.0,18.0,17.0,18.0,545800.0
2021-07-14,37770,19.0,19.0,18.0,18.0,0,0,275900.0,5006800.0,1.0,19.0,19.0,18.0,18.0,275900.0
2021-07-15,37770,19.0,19.0,17.0,18.0,0,0,371100.0,6711600.0,1.0,19.0,19.0,17.0,18.0,371100.0
2021-07-16,37770,17.0,19.0,17.0,18.0,0,0,481300.0,8566000.0,1.0,17.0,19.0,17.0,18.0,481300.0
2021-07-19,37770,18.0,19.0,17.0,18.0,0,0,545400.0,9822300.0,1.0,18.0,19.0,17.0,18.0,545400.0
2021-07-20,37770,18.0,19.0,17.0,19.0,0,0,515100.0,9256100.0,1.0,18.0,19.0,17.0,19.0,515100.0
2021-07-21,37770,19.0,19.0,17.0,18.0,0,0,545800.0,9930700.0,1.0,19.0,19.0,17.0,18.0,545800.0
2021-07-26,37770,18.0,18.0,17.0,18.0,0,0,688700.0,12391800.0,1.0,18.0,18.0,17.0,18.0,688700.0
2021-07-27,37770,18.0,18.0,17.0,18.0,0,0,579800.0,10426800.0,1.0,18.0,18.0,17.0,18.0,579800.0
2021-07-28,37770,18.0,19.0,17.0,18.0,0,0,644300.0,11596700.0,1.0,18.0,19.0,17.0,18.0,644300.0
2021-07-29,37770,18.0,19.0,17.0,18.0,0,0,604000.0,10875300.0,1.0,18.0,19.0,17.0,18.0,604000.0
2021-07-30,37770,18.0,21.0,17.0,20.0,0,0,9595200.0,187732600.0,1.0,18.0,21.0,17.0,20.0,9595200.0
2021-08-02,37770,21.0,23.0,20.0,23.0,0,0,7887800.0,167676900.0,1.0,21.0,23.0,20.0,23.0,7887800.0
2021-08-03,37770,23.0,23.0,20.0,20.0,0,0,2813000.0,60174100.0,1.0,23.0,23.0,20.0,20.0,2813000.0
2021-08-04,37770,21.0,21.0,20.0,20.0,0,0,1322700.0,26566800.0,1.0,21.0,21.0,20.0,20.0,1322700.0
2021-08-05,37770,20.0,23.0,19.0,22.0,0,0,4756300.0,101142000.0,1.0,20.0,23.0,19.0,22.0,4756300.0
2021-08-06,37770,22.0,22.0,21.0,21.0,0,0,1993500.0,42787000.0,1.0,22.0,22.0,21.0,21.0,1993500.0
2021-08-10,37770,21.0,23.0,21.0,22.0,0,0,1257500.0,27529500.0,1.0,21.0,23.0,21.0,22.0,1257500.0
2021-08-11,37770,22.0,23.0,21.0,21.0,0,0,2427800.0,53242100.0,1.0,22.0,23.0,21.0,21.0,2427800.0
2021-08-12,37770,21.0,22.0,21.0,22.0,0,0,599700.0,13101500.0,1.0,21.0,22.0,21.0,22.0,599700.0
2021-08-13,37770,21.0,23.0,21.0,22.0,0,0,1435000.0,31369400.0,1.0,21.0,23.0,21.0,22.0,1435000.0
2021-08-16,37770,22.0,23.0,21.0,23.0,0,0,2040800.0,45019900.0,1.0,22.0,23.0,21.0,23.0,2040800.0
2021-08-17,37770,23.0,24.0,21.0,22.0,0,0,3852300.0,86721800.0,1.0,23.0,24.0,21.0,22.0,3852300.0
2021-08-18,37770,21.0,23.0,21.0,23.0,0,0,639400.0,13936200.0,1.0,21.0,23.0,21.0,23.0,639400.0
2021-08-19,37770,22.0,23.0,21.0,22.0,0,0,965300.0,21231400.0,1.0,22.0,23.0,21.0,22.0,965300.0
2021-08-20,37770,22.0,22.0,21.0,22.0,0,0,143300.0,3125900.0,1.0,22.0,22.0,21.0,22.0,143300.0
2021-08-23,37770,22.0,22.0,21.0,22.0,0,0,197200.0,4282500.0,1.0,22.0,22.0,21.0,22.0,197200.0
2021-08-24,37770,22.0,22.0,20.0,21.0,0,0,2499100.0,52513300.0,1.0,22.0,22.0,20.0,21.0,2499100.0
2021-08-25,37770,21.0,22.0,20.0,21.0,0,0,1282300.0,26845100.0,1.0,21.0,22.0,20.0,21.0,1282300.0
2021-08-26,37770,21.0,22.0,20.0,22.0,0,0,503300.0,10628300.0,1.0,21.0,22.0,20.0,22.0,503300.0
2021-08-27,37770,21.0,22.0,21.0,21.0,0,0,142900.0,3001900.0,1.0,21.0,22.0,21.0,21.0,142900.0
2021-08-30,37770,21.0,23.0,21.0,22.0,0,0,2419800.0,53063900.0,1.0,21.0,23.0,21.0,22.0,2419800.0
2021-08-31,37770,22.0,23.0,21.0,23.0,0,0,1126900.0,24934400.0,1.0,22.0,23.0,21.0,23.0,1126900.0
2021-09-01,37770,22.0,23.0,22.0,23.0,0,0,1566400.0,35485500.0,1.0,22.0,23.0,22.0,23.0,1566400.0
2021-09-02,37770,22.0,24.0,22.0,22.0,0,0,1969200.0,44656200.0,1.0,22.0,24.0,22.0,22.0,1969200.0
2021-09-03,37770,22.0,28.0,22.0,26.0,0,0,12128700.0,305749100.0,1.0,22.0,28.0,22.0,26.0,12128700.0
2021-09-06,37770,26.0,27.0,24.0,25.0,0,0,3172900.0,79153900.0,1.0,26.0,27.0,24.0,25.0,3172900.0
2021-09-07,37770,25.0,25.0,23.0,25.0,0,0,2009700.0,48391400.0,1.0,25.0,25.0,23.0,25.0,2009700.0
2021-09-08,37770,25.0,27.0,24.0,26.0,0,0,2106000.0,53556500.0,1.0,25.0,27.0,24.0,26.0,2106000.0
2021-09-09,37770,26.0,27.0,25.0,27.0,0,0,1931800.0,50300400.0,1.0,26.0,27.0,25.0,27.0,1931800.0
2021-09-10,37770,26.0,28.0,25.0,27.0,0,0,2185600.0,58246800.0,1.0,26.0,28.0,25.0,27.0,2185600.0
2021-09-13,37770,27.0,30.0,26.0,27.0,0,0,5373700.0,151702600.0,1.0,27.0,30.0,26.0,27.0,5373700.0
2021-09-14,37770,28.0,28.0,25.0,28.0,0,0,2141300.0,56960000.0,1.0,28.0,28.0,25.0,28.0,2141300.0
2021-09-15,37770,27.0,28.0,26.0,27.0,0,0,1129800.0,30454600.0,1.0,27.0,28.0,26.0,27.0,1129800.0
2021-09-16,37770,26.0,27.0,24.0,25.0,0,0,3255100.0,83065800.0,1.0,26.0,27.0,24.0,25.0,3255100.0
2021-09-17,37770,25.0,26.0,24.0,26.0,0,0,661800.0,16514500.0,1.0,25.0,26.0,24.0,26.0,661800.0
2021-09-21,37770,24.0,25.0,23.0,25.0,0,0,2774200.0,67357100.0,1.0,24.0,25.0,23.0,25.0,2774200.0
2021-09-22,37770,24.0,25.0,24.0,25.0,0,0,1270100.0,30697900.0,1.0,24.0,25.0,24.0,25.0,1270100.0
2021-09-24,37770,25.0,25.0,24.0,25.0,0,0,355800.0,8798900.0,1.0,25.0,25.0,24.0,25.0,355800.0
2021-09-27,37770,24.0,25.0,24.0,24.0,0,0,341800.0,8214900.0,1.0,24.0,25.0,24.0,24.0,341800.0
2021-09-28,37770,25.0,25.0,23.0,23.0,0,0,980000.0,23081800.0,1.0,25.0,25.0,23.0,23.0,980000.0
2021-09-29,37770,23.0,25.0,22.0,25.0,0,0,1995500.0,46587400.0,1.0,23.0,25.0,22.0,25.0,1995500.0
2021-09-30,37770,24.0,25.0,23.0,25.0,0,0,752900.0,18035500.0,1.0,24.0,25.0,23.0,25.0,752900.0
2021-10-01,37770,25.0,25.0,24.0,24.0,0,0,479600.0,11594700.0,1.0,25.0,25.0,24.0,24.0,479600.0
2021-10-04,37770,25.0,25.0,23.0,25.0,0,0,534900.0,12920700.0,1.0,25.0,25.0,23.0,25.0,534900.0
2021-10-05,37770,25.0,25.0,23.0,23.0,0,0,941600.0,22020200.0,1.0,25.0,25.0,23.0,23.0,941600.0
2021-10-06,37770,24.0,24.0,23.0,23.0,0,0,159200.0,3689100.0,1.0,24.0,24.0,23.0,23.0,159200.0
2021-10-07,37770,24.0,24.0,22.0,23.0,0,0,1175000.0,27038900.0,1.0,24.0,24.0,22.0,23.0,1175000.0
2021-10-08,37770,23.0,24.0,23.0,23.0,0,0,141700.0,3259300.0,1.0,23.0,24.0,23.0,23.0,141700.0
2021-10-11,37770,24.0,24.0,23.0,23.0,0,0,390400.0,9140500.0,1.0,24.0,24.0,23.0,23.0,390400.0
2021-10-12,37770,23.0,23.0,22.0,23.0,0,0,506300.0,11635100.0,1.0,23.0,23.0,22.0,23.0,506300.0
2021-10-13,37770,23.0,23.0,22.0,22.0,0,0,1593200.0,35451000.0,1.0,23.0,23.0,22.0,22.0,1593200.0
2021-10-14,37770,22.0,23.0,21.0,23.0,0,0,835600.0,18535200.0,1.0,22.0,23.0,21.0,23.0,835600.0
2021-10-15,37770,22.0,23.0,22.0,22.0,0,0,222100.0,4887200.0,1.0,22.0,23.0,22.0,22.0,222100.0
2021-10-18,37770,23.0,23.0,21.0,23.0,0,0,772100.0,17012500.0,1.0,23.0,23.0,21.0,23.0,772100.0
2021-10-19,37770,22.0,24.0,21.0,23.0,0,0,1370300.0,31844200.0,1.0,22.0,24.0,21.0,23.0,1370300.0
2021-10-20,37770,24.0,25.0,23.0,24.0,0,0,245200.0,5870800.0,1.0,24.0,25.0,23.0,24.0,245200.0
2021-10-21,37770,23.0,24.0,23.0,23.0,0,0,253400.0,5931800.0,1.0,23.0,24.0,23.0,23.0,253400.0
2021-10-22,37770,23.0,24.0,22.0,22.0,0,0,702400.0,16353600.0,1.0,23.0,24.0,22.0,22.0,702400.0
2021-10-25,37770,23.0,23.0,22.0,22.0,0,0,216100.0,4936100.0,1.0,23.0,23.0,22.0,22.0,216100.0
2021-10-26,37770,22.0,23.0,21.0,21.0,0,0,747200.0,16419700.0,1.0,22.0,23.0,21.0,21.0,747200.0
2021-10-27,37770,21.0,22.0,21.0,21.0,0,0,510000.0,10830200.0,1.0,21.0,22.0,21.0,21.0,510000.0
2021-10-28,37770,21.0,22.0,21.0,21.0,0,0,107200.0,2254000.0,1.0,21.0,22.0,21.0,21.0,107200.0
2021-10-29,37770,21.0,24.0,21.0,22.0,0,0,2613200.0,59642900.0,1.0,21.0,24.0,21.0,22.0,2613200.0
2021-11-01,37770,23.0,24.0,22.0,23.0,0,0,451300.0,10423000.0,1.0,23.0,24.0,22.0,23.0,451300.0
2021-11-02,37770,23.0,24.0,23.0,23.0,0,0,291800.0,6801700.0,1.0,23.0,24.0,23.0,23.0,291800.0
2021-11-04,37770,23.0,24.0,22.0,23.0,0,0,583500.0,13451200.0,1.0,23.0,24.0,22.0,23.0,583500.0
2021-11-05,37770,23.0,23.0,22.0,22.0,0,0,245600.0,5594000.0,1.0,23.0,23.0,22.0,22.0,245600.0
2021-11-08,37770,22.0,23.0,22.0,22.0,0,0,928300.0,20528600.0,1.0,22.0,23.0,22.0,22.0,928300.0
2021-11-09,37770,22.0,22.0,21.0,21.0,0,0,568000.0,12479800.0,1.0,22.0,22.0,21.0,21.0,568000.0
2021-11-10,37770,21.0,22.0,21.0,21.0,0,0,131400.0,2797800.0,1.0,21.0,22.0,21.0,21.0,131400.0
2021-11-11,37770,22.0,22.0,21.0,21.0,0,0,1201800.0,25288700.0,1.0,22.0,22.0,21.0,21.0,1201800.0
2021-11-12,37770,21.0,22.0,21.0,21.0,0,0,310900.0,6559100.0,1.0,21.0,22.0,21.0,21.0,310900.0
2021-11-15,37770,21.0,24.0,21.0,22.0,0,0,2781800.0,62761500.0,1.0,21.0,24.0,21.0,22.0,2781800.0
2021-11-16,37770,23.0,23.0,22.0,22.0,0,0,218800.0,4897200.0,1.0,23.0,23.0,22.0,22.0,218800.0
2021-11-17,37770,23.0,24.0,22.0,23.0,0,0,694300.0,15986300.0,1.0,23.0,24.0,22.0,23.0,694300.0
2021-11-18,37770,24.0,24.0,23.0,23.0,0,0,134900.0,3170300.0,1.0,24.0,24.0,23.0,23.0,134900.0
2021-11-19,37770,23.0,24.0,23.0,23.0,0,0,1168200.0,27865700.0,1.0,23.0,24.0,23.0,23.0,1168200.0
2021-11-22,37770,23.0,24.0,23.0,23.0,0,0,196100.0,4568400.0,1.0,23.0,24.0,23.0,23.0,196100.0
2021-11-24,37770,23.0,24.0,23.0,23.0,0,0,257800.0,5954000.0,1.0,23.0,24.0,23.0,23.0,257800.0
2021-11-25,37770,23.0,24.0,23.0,23.0,0,0,241100.0,5556700.0,1.0,23.0,24.0,23.0,23.0,241100.0
2021-11-26,37770,23.0,23.0,22.0,22.0,0,0,528100.0,12078600.0,1.0,23.0,23.0,22.0,22.0,528100.0
2021-11-29,37770,22.0,23.0,22.0,22.0,0,0,248000.0,5468300.0,1.0,22.0,23.0,22.0,22.0,248000.0
2021-11-30,37770,22.0,23.0,21.0,21.0,0,0,688300.0,15056500.0,1.0,22.0,23.0,21.0,21.0,688300.0
2021-12-01,37770,21.0,22.0,20.0,20.0,0,0,1733300.0,35975300.0,1.0,21.0,22.0,20.0,20.0,1733300.0
2021-12-02,37770,20.0,21.0,18.0,21.0,0,0,4292900.0,83742800.0,1.0,20.0,21.0,18.0,21.0,4292900.0
2021-12-03,37770,21.0,22.0,20.0,22.0,0,0,269100.0,5648900.0,1.0,21.0,22.0,20.0,22.0,269100.0
2021-12-06,37770,22.0,22.0,21.0,21.0,0,0,334400.0,7076600.0,1.0,22.0,22.0,21.0,21.0,334400.0
2021-12-07,37770,21.0,21.0,20.0,20.0,0,0,142800.0,2897000.0,1.0,21.0,21.0,20.0,20.0,142800.0
2021-12-08,37770,20.0,21.0,20.0,21.0,0,0,362000.0,7562400.0,1.0,20.0,21.0,20.0,21.0,362000.0
2021-12-09,37770,21.0,22.0,20.0,22.0,0,0,923200.0,19871800.0,1.0,21.0,22.0,20.0,22.0,923200.0
2021-12-10,37770,22.0,22.0,21.0,22.0,0,0,315700.0,6916400.0,1.0,22.0,22.0,21.0,22.0,315700.0
2021-12-13,37770,21.0,22.0,20.0,21.0,0,0,1430600.0,29849900.0,1.0,21.0,22.0,20.0,21.0,1430600.0
2021-12-14,37770,21.0,22.0,20.0,20.0,0,0,636600.0,13326600.0,1.0,21.0,22.0,20.0,20.0,636600.0
2021-12-15,37770,20.0,22.0,20.0,20.0,0,0,403400.0,8391900.0,1.0,20.0,22.0,20.0,20.0,403400.0
2021-12-16,37770,21.0,21.0,19.0,20.0,0,0,1814500.0,36540100.0,1.0,21.0,21.0,19.0,20.0,1814500.0
2021-12-17,37770,20.0,21.0,19.0,20.0,0,0,852500.0,17049500.0,1.0,20.0,21.0,19.0,20.0,852500.0
2021-12-20,37770,20.0,21.0,18.0,19.0,0,0,1862400.0,35912800.0,1.0,20.0,21.0,18.0,19.0,1862400.0
2021-12-21,37770,19.0,20.0,18.0,20.0,0,0,504400.0,9583200.0,1.0,19.0,20.0,18.0,20.0,504400.0
2021-12-22,37770,19.0,20.0,18.0,20.0,0,0,1051900.0,19932800.0,1.0,19.0,20.0,18.0,20.0,1051900.0
2021-12-23,37770,19.0,20.0,19.0,19.0,0,0,319300.0,6072800.0,1.0,19.0,20.0,19.0,19.0,319300.0
2021-12-24,37770,19.0,20.0,18.0,19.0,0,0,414700.0,7886700.0,1.0,19.0,20.0,18.0,19.0,414700.0
2021-12-27,37770,19.0,20.0,19.0,19.0,0,0,579300.0,11019600.0,1.0,19.0,20.0,19.0,19.0,579300.0
2021-12-28,37770,19.0,20.0,18.0,19.0,0,0,508100.0,9620400.0,1.0,19.0,20.0,18.0,19.0,508100.0
2021-12-29,37770,19.0,20.0,18.0,19.0,0,0,671000.0,12890500.0,1.0,19.0,20.0,18.0,19.0,671000.0
2021-12-30,37770,20.0,20.0,19.0,19.0,0,0,186400.0,3562700.0,1.0,20.0,20.0,19.0,19.0,186400.0
2022-01-04,37770,19.0,20.0,18.0,19.0,0,0,2060300.0,38594900.0,1.0,19.0,20.0,18.0,19.0,2060300.0
2022-01-05,37770,20.0,20.0,19.0,19.0,0,0,554100.0,10549900.0,1.0,20.0,20.0,19.0,19.0,554100.0
2022-01-06,37770,19.0,19.0,18.0,19.0,0,0,337500.0,6387600.0,1.0,19.0,19.0,18.0,19.0,337500.0
2022-01-07,37770,19.0,20.0,18.0,19.0,0,0,1009800.0,19076400.0,1.0,19.0,20.0,18.0,19.0,1009800.0
2022-01-11,37770,19.0,19.0,17.0,18.0,0,0,1176500.0,21266800.0,1.0,19.0,19.0,17.0,18.0,1176500.0
2022-01-12,37770,18.0,19.0,17.0,18.0,0,0,347000.0,6254500.0,1.0,18.0,19.0,17.0,18.0,347000.0
2022-01-13,37770,18.0,19.0,17.0,17.0,0,0,1123500.0,19919600.0,1.0,18.0,19.0,17.0,17.0,1123500.0
2022-01-14,37770,18.0,18.0,17.0,17.0,0,0,1031200.0,17693300.0,1.0,18.0,18.0,17.0,17.0,1031200.0
2022-01-17,37770,17.0,18.0,17.0,17.0,0,0,1590800.0,27060900.0,1.0,17.0,18.0,17.0,17.0,1590800.0
2022-01-18,37770,18.0,18.0,16.0,17.0,0,0,757500.0,12978500.0,1.0,18.0,18.0,16.0,17.0,757500.0
2022-01-19,37770,17.0,18.0,17.0,17.0,0,0,365600.0,6216400.0,1.0,17.0,18.0,17.0,17.0,365600.0
2022-01-20,37770,18.0,18.0,16.0,18.0,0,0,2278200.0,39741600.0,1.0,18.0,18.0,16.0,18.0,2278200.0
2022-01-21,37770,18.0,19.0,17.0,18.0,0,0,480700.0,8632400.0,1.0,18.0,19.0,17.0,18.0,480700.0
2022-01-24,37770,18.0,19.0,18.0,19.0,0,0,119000.0,2156200.0,1.0,18.0,19.0,18.0,19.0,119000.0
2022-01-25,37770,19.0,19.0,18.0,18.0,0,0,183200.0,3355400.0,1.0,19.0,19.0,18.0,18.0,183200.0
2022-01-26,37770,18.0,20.0,18.0,19.0,0,0,656500.0,12460600.0,1.0,18.0,20.0,18.0,19.0,656500.0
2022-01-27,37770,18.0,19.0,17.0,18.0,0,0,1642700.0,29561600.0,1.0,18.0,19.0,17.0,18.0,1642700.0
2022-01-28,37770,18.0,19.0,17.0,18.0,0,0,537900.0,9789900.0,1.0,18.0,19.0,17.0,18.0,537900.0
2022-01-31,37770,18.0,19.0,18.0,18.0,0,0,77300.0,1400200.0,1.0,18.0,19.0,18.0,18.0,77300.0
2022-02-01,37770,18.0,19.0,18.0,18.0,0,0,32700.0,593600.0,1.0,18.0,19.0,18.0,18.0,32700.0
2022-02-02,37770,18.0,19.0,18.0,18.0,0,0,76200.0,1387600.0,1.0,18.0,19.0,18.0,18.0,76200.0
2022-02-03,37770,18.0,19.0,18.0,18.0,0,0,172500.0,3209500.0,1.0,18.0,19.0,18.0,18.0,172500.0
2022-02-04,37770,19.0,19.0,18.0,18.0,0,0,21700.0,404600.0,1.0,19.0,19.0,18.0,18.0,21700.0
2022-02-07,37770,18.0,19.0,18.0,18.0,0,0,48900.0,900900.0,1.0,18.0,19.0,18.0,18.0,48900.0
2022-02-08,37770,18.0,20.0,18.0,18.0,0,0,510600.0,9672200.0,1.0,18.0,20.0,18.0,18.0,510600.0
2022-02-09,37770,19.0,19.0,18.0,19.0,0,0,261700.0,4871800.0,1.0,19.0,19.0,18.0,19.0,261700.0
2022-02-10,37770,19.0,19.0,18.0,19.0,0,0,288500.0,5472700.0,1.0,19.0,19.0,18.0,19.0,288500.0
2022-02-14,37770,19.0,19.0,18.0,18.0,0,0,192900.0,3523400.0,1.0,19.0,19.0,18.0,18.0,192900.0
2022-02-15,37770,19.0,19.0,17.0,18.0,0,0,674100.0,12170300.0,1.0,19.0,19.0,17.0,18.0,674100.0
2022-02-16,37770,18.0,19.0,18.0,18.0,0,0,505700.0,9131000.0,1.0,18.0,19.0,18.0,18.0,505700.0
2022-02-17,37770,18.0,19.0,18.0,18.0,0,0,616300.0,11109400.0,1.0,18.0,19.0,18.0,18.0,616300.0
2022-02-18,37770,18.0,19.0,18.0,18.0,0,0,366000.0,6588600.0,1.0,18.0,19.0,18.0,18.0,366000.0
2022-02-21,37770,18.0,19.0,17.0,17.0,0,0,182200.0,3239700.0,1.0,18.0,19.0,17.0,17.0,182200.0
2022-02-22,37770,18.0,19.0,17.0,18.0,0,0,371400.0,6683500.0,1.0,18.0,19.0,17.0,18.0,371400.0
2022-02-24,37770,18.0,18.0,17.0,18.0,0,0,1175100.0,21090800.0,1.0,18.0,18.0,17.0,18.0,1175100.0
2022-02-25,37770,18.0,19.0,17.0,18.0,0,0,1301700.0,23442600.0,1.0,18.0,19.0,17.0,18.0,1301700.0
2022-02-28,37770,19.0,19.0,18.0,18.0,0,0,36900.0,683400.0,1.0,19.0,19.0,18.0,18.0,36900.0
2022-03-01,37770,18.0,19.0,18.0,19.0,0,0,130100.0,2384900.0,1.0,18.0,19.0,18.0,19.0,130100.0
2022-03-02,37770,19.0,19.0,18.0,19.0,0,0,91300.0,1723400.0,1.0,19.0,19.0,18.0,19.0,91300.0
2022-03-03,37770,19.0,20.0,18.0,19.0,0,0,1118700.0,21067800.0,1.0,19.0,20.0,18.0,19.0,1118700.0
2022-03-04,37770,19.0,19.0,18.0,18.0,0,0,866600.0,16402600.0,1.0,19.0,19.0,18.0,18.0,866600.0
2022-03-07,37770,19.0,21.0,18.0,21.0,0,0,1810500.0,35687700.0,1.0,19.0,21.0,18.0,21.0,1810500.0
2022-03-08,37770,21.0,22.0,19.0,19.0,0,0,3789700.0,77931900.0,1.0,21.0,22.0,19.0,19.0,3789700.0
2022-03-09,37770,20.0,21.0,20.0,20.0,0,0,552300.0,11066100.0,1.0,20.0,21.0,20.0,20.0,552300.0
2022-03-10,37770,20.0,21.0,19.0,20.0,0,0,730400.0,14565400.0,1.0,20.0,21.0,19.0,20.0,730400.0
2022-03-11,37770,19.0,21.0,19.0,20.0,0,0,635700.0,12518500.0,1.0,19.0,21.0,19.0,20.0,635700.0
2022-03-14,37770,20.0,21.0,20.0,20.0,0,0,325300.0,6607300.0,1.0,20.0,21.0,20.0,20.0,325300.0
2022-03-15,37770,20.0,21.0,20.0,20.0,0,0,171400.0,3475600.0,1.0,20.0,21.0,20.0,20.0,171400.0
2022-03-16,37770,20.0,23.0,20.0,22.0,0,0,2021600.0,43820500.0,1.0,20.0,23.0,20.0,22.0,2021600.0
2022-03-17,37770,22.0,23.0,21.0,21.0,0,0,552600.0,12114000.0,1.0,22.0,23.0,21.0,21.0,552600.0
2022-03-18,37770,21.0,22.0,20.0,21.0,0,0,815500.0,17155600.0,1.0,21.0,22.0,20.0,21.0,815500.0
2022-03-22,37770,22.0,22.0,21.0,21.0,0,0,565600.0,11917300.0,1.0,22.0,22.0,21.0,21.0,565600.0
2022-03-23,37770,21.0,22.0,20.0,21.0,0,0,377100.0,7910200.0,1.0,21.0,22.0,20.0,21.0,377100.0
2022-03-24,37770,21.0,22.0,21.0,22.0,0,0,96600.0,2040800.0,1.0,21.0,22.0,21.0,22.0,96600.0
2022-03-25,37770,21.0,22.0,21.0,21.0,0,0,110400.0,2319900.0,1.0,21.0,22.0,21.0,21.0,110400.0
2022-03-28,37770,21.0,22.0,20.0,22.0,0,0,583800.0,12303800.0,1.0,21.0,22.0,20.0,22.0,583800.0
2022-03-29,37770,21.0,22.0,21.0,21.0,0,0,112600.0,2381600.0,1.0,21.0,22.0,21.0,21.0,112600.0
2022-03-30,37770,21.0,22.0,21.0,21.0,0,0,523800.0,11055400.0,1.0,21.0,22.0,21.0,21.0,523800.0
2022-03-31,37770,21.0,23.0,21.0,22.0,0,0,1123200.0,24678500.0,1.0,21.0,23.0,21.0,22.0,1123200.0
2022-04-01,37770,22.0,23.0,21.0,22.0,0,0,262300.0,5767600.0,1.0,22.0,23.0,21.0,22.0,262300.0
2022-04-04,37770,23.0,23.0,22.0,22.0,0,0,1079700.0,24789900.0,1.0,23.0,23.0,22.0,22.0,1079700.0
2022-04-05,37770,23.0,24.0,23.0,23.0,0,0,494900.0,11401000.0,1.0,23.0,24.0,23.0,23.0,494900.0
2022-04-06,37770,23.0,23.0,22.0,23.0,0,0,292000.0,6688300.0,1.0,23.0,23.0,22.0,23.0,292000.0
2022-04-07,37770,23.0,23.0,20.0,21.0,0,0,1618900.0,34620600.0,1.0,23.0,23.0,20.0,21.0,1618900.0
2022-04-08,37770,21.0,22.0,18.0,19.0,0,0,3861500.0,76401100.0,1.0,21.0,22.0,18.0,19.0,3861500.0
2022-04-11,37770,20.0,22.0,20.0,21.0,0,0,1337200.0,28285800.0,1.0,20.0,22.0,20.0,21.0,1337200.0
2022-04-12,37770,21.0,22.0,21.0,21.0,0,0,386700.0,8182500.0,1.0,21.0,22.0,21.0,21.0,386700.0
2022-04-13,37770,21.0,22.0,20.0,21.0,0,0,767900.0,16100500.0,1.0,21.0,22.0,20.0,21.0,767900.0
2022-04-14,37770,22.0,22.0,21.0,21.0,0,0,110900.0,2419700.0,1.0,22.0,22.0,21.0,21.0,110900.0
2022-04-15,37770,21.0,21.0,20.0,21.0,0,0,375600.0,7878000.0,1.0,21.0,21.0,20.0,21.0,375600.0
2022-04-18,37770,21.0,22.0,21.0,21.0,0,0,103300.0,2170600.0,1.0,21.0,22.0,21.0,21.0,103300.0
2022-04-19,37770,21.0,22.0,20.0,21.0,0,0,707400.0,14839900.0,1.0,21.0,22.0,20.0,21.0,707400.0
2022-04-20,37770,21.0,22.0,20.0,21.0,0,0,1257100.0,26398000.0,1.0,21.0,22.0,20.0,21.0,1257100.0
2022-04-21,37770,20.0,21.0,20.0,21.0,0,0,175900.0,3584400.0,1.0,20.0,21.0,20.0,21.0,175900.0
2022-04-22,37770,21.0,21.0,19.0,20.0,0,0,1397400.0,27966800.0,1.0,21.0,21.0,19.0,20.0,1397400.0
2022-04-25,37770,19.0,21.0,19.0,20.0,0,0,840600.0,16761300.0,1.0,19.0,21.0,19.0,20.0,840600.0
2022-04-26,37770,20.0,20.0,19.0,20.0,0,0,163300.0,3229000.0,1.0,20.0,20.0,19.0,20.0,163300.0
2022-04-27,37770,20.0,21.0,19.0,20.0,0,0,541400.0,10827900.0,1.0,20.0,21.0,19.0,20.0,541400.0
2022-04-28,37770,20.0,21.0,19.0,19.0,0,0,1039200.0,20276400.0,1.0,20.0,21.0,19.0,19.0,1039200.0
2022-05-02,37770,20.0,20.0,18.0,18.0,0,0,1701000.0,32210900.0,1.0,20.0,20.0,18.0,18.0,1701000.0
2022-05-06,37770,18.0,20.0,18.0,19.0,0,0,1481300.0,28058600.0,1.0,18.0,20.0,18.0,19.0,1481300.0
2022-05-09,37770,19.0,20.0,18.0,19.0,0,0,695100.0,13211700.0,1.0,19.0,20.0,18.0,19.0,695100.0
2022-05-10,37770,18.0,19.0,18.0,19.0,0,0,165400.0,3048600.0,1.0,18.0,19.0,18.0,19.0,165400.0
2022-05-11,37770,19.0,19.0,18.0,19.0,0,0,640100.0,12158900.0,1.0,19.0,19.0,18.0,19.0,640100.0
2022-05-12,37770,19.0,19.0,18.0,19.0,0,0,292400.0,5554000.0,1.0,19.0,19.0,18.0,19.0,292400.0
2022-05-13,37770,19.0,19.0,18.0,19.0,0,0,243900.0,4630700.0,1.0,19.0,19.0,18.0,19.0,243900.0
2022-05-16,37770,20.0,20.0,19.0,19.0,0,0,948500.0,18351500.0,1.0,20.0,20.0,19.0,19.0,948500.0
2022-05-17,37770,19.0,20.0,18.0,19.0,0,0,565000.0,10727200.0,1.0,19.0,20.0,18.0,19.0,565000.0
2022-05-18,37770,18.0,20.0,18.0,19.0,0,0,578500.0,10807600.0,1.0,18.0,20.0,18.0,19.0,578500.0
2022-05-19,37770,19.0,20.0,19.0,19.0,0,0,456300.0,8691400.0,1.0,19.0,20.0,19.0,19.0,456300.0
2022-05-20,37770,19.0,20.0,19.0,19.0,0,0,148300.0,2823700.0,1.0,19.0,20.0,19.0,19.0,148300.0
2022-05-23,37770,19.0,22.0,19.0,20.0,0,0,1564100.0,31817300.0,1.0,19.0,22.0,19.0,20.0,1564100.0
2022-05-24,37770,20.0,21.0,19.0,20.0,0,0,726200.0,14522800.0,1.0,20.0,21.0,19.0,20.0,726200.0
2022-05-25,37770,20.0,20.0,18.0,18.0,0,0,3084400.0,57833300.0,1.0,20.0,20.0,18.0,18.0,3084400.0
2022-05-26,37770,18.0,19.0,18.0,19.0,0,0,281000.0,5263600.0,1.0,18.0,19.0,18.0,19.0,281000.0
2022-05-27,37770,18.0,19.0,18.0,19.0,0,0,136200.0,2516000.0,1.0,18.0,19.0,18.0,19.0,136200.0
2022-05-30,37770,19.0,19.0,18.0,19.0,0,0,461000.0,8757400.0,1.0,19.0,19.0,18.0,19.0,461000.0
2022-05-31,37770,19.0,19.0,18.0,19.0,0,0,434500.0,8138700.0,1.0,19.0,19.0,18.0,19.0,434500.0
2022-06-01,37770,19.0,20.0,18.0,19.0,0,0,2395600.0,45454100.0,1.0,19.0,20.0,18.0,19.0,2395600.0
2022-06-02,37770,19.0,20.0,18.0,19.0,0,0,767800.0,14607900.0,1.0,19.0,20.0,18.0,19.0,767800.0
2022-06-03,37770,19.0,20.0,19.0,20.0,0,0,152900.0,3017100.0,1.0,19.0,20.0,19.0,20.0,152900.0
2022-06-06,37770,19.0,20.0,19.0,20.0,0,0,163100.0,3196800.0,1.0,19.0,20.0,19.0,20.0,163100.0
2022-06-07,37770,20.0,20.0,19.0,20.0,0,0,821500.0,16429100.0,1.0,20.0,20.0,19.0,20.0,821500.0
2022-06-08,37770,20.0,20.0,19.0,20.0,0,0,76800.0,1535100.0,1.0,20.0,20.0,19.0,20.0,76800.0
2022-06-09,37770,20.0,20.0,19.0,20.0,0,0,96700.0,1898300.0,1.0,20.0,20.0,19.0,20.0,96700.0
2022-06-10,37770,20.0,20.0,19.0,20.0,0,0,156000.0,3107200.0,1.0,20.0,20.0,19.0,20.0,156000.0
2022-06-13,37770,20.0,20.0,19.0,20.0,0,0,254900.0,5085000.0,1.0,20.0,20.0,19.0,20.0,254900.0
2022-06-14,37770,20.0,21.0,19.0,20.0,0,0,477900.0,9552200.0,1.0,20.0,21.0,19.0,20.0,477900.0
2022-06-15,37770,20.0,20.0,19.0,20.0,0,0,62200.0,1233500.0,1.0,20.0,20.0,19.0,20.0,62200.0
2022-06-16,37770,20.0,20.0,19.0,20.0,0,0,27300.0,540200.0,1.0,20.0,20.0,19.0,20.0,27300.0
2022-06-17,37770,19.0,19.0,18.0,18.0,0,0,1646300.0,30689400.0,1.0,19.0,19.0,18.0,18.0,1646300.0
2022-06-20,37770,18.0,19.0,18.0,18.0,0,0,66500.0,1201800.0,1.0,18.0,19.0,18.0,18.0,66500.0
2022-06-21,37770,18.0,20.0,18.0,19.0,0,0,1198800.0,22974400.0,1.0,18.0,20.0,18.0,19.0,1198800.0
2022-06-22,37770,19.0,20.0,19.0,19.0,0,0,260400.0,4949600.0,1.0,19.0,20.0,19.0,19.0,260400.0
2022-06-23,37770,19.0,20.0,19.0,19.0,0,0,184500.0,3506500.0,1.0,19.0,20.0,19.0,19.0,184500.0
2022-06-24,37770,19.0,20.0,19.0,19.0,0,0,78600.0,1505700.0,1.0,19.0,20.0,19.0,19.0,78600.0
2022-06-27,37770,19.0,20.0,19.0,19.0,0,0,59600.0,1137600.0,1.0,19.0,20.0,19.0,19.0,59600.0
2022-06-28,37770,19.0,19.0,18.0,19.0,0,0,676500.0,12653500.0,1.0,19.0,19.0,18.0,19.0,676500.0
2022-06-29,37770,19.0,19.0,18.0,19.0,0,0,96400.0,1826000.0,1.0,19.0,19.0,18.0,19.0,96400.0
2022-06-30,37770,19.0,19.0,18.0,19.0,0,0,93400.0,1746700.0,1.0,19.0,19.0,18.0,19.0,93400.0
2022-07-01,37770,19.0,19.0,18.0,19.0,0,0,83700.0,1565200.0,1.0,19.0,19.0,18.0,19.0,83700.0
2022-07-04,37770,19.0,19.0,18.0,19.0,0,0,114300.0,2121200.0,1.0,19.0,19.0,18.0,19.0,114300.0
2022-07-05,37770,19.0,19.0,18.0,18.0,0,0,151900.0,2775500.0,1.0,19.0,19.0,18.0,18.0,151900.0
2022-07-06,37770,19.0,19.0,18.0,19.0,0,0,70300.0,1331300.0,1.0,19.0,19.0,18.0,19.0,70300.0
2022-07-07,37770,19.0,19.0,18.0,19.0,0,0,240400.0,4548900.0,1.0,19.0,19.0,18.0,19.0,240400.0
2022-07-08,37770,18.0,20.0,18.0,20.0,0,0,426700.0,8109500.0,1.0,18.0,20.0,18.0,20.0,426700.0
2022-07-11,37770,19.0,20.0,19.0,19.0,0,0,39800.0,759100.0,1.0,19.0,20.0,19.0,19.0,39800.0
2022-07-12,37770,19.0,19.0,18.0,18.0,0,0,233300.0,4386100.0,1.0,19.0,19.0,18.0,18.0,233300.0
2022-07-13,37770,19.0,20.0,19.0,19.0,0,0,139000.0,2654300.0,1.0,19.0,20.0,19.0,19.0,139000.0
2022-07-14,37770,19.0,20.0,19.0,19.0,0,0,57400.0,1093400.0,1.0,19.0,20.0,19.0,19.0,57400.0
2022-07-15,37770,19.0,20.0,18.0,19.0,0,0,220900.0,4198700.0,1.0,19.0,20.0,18.0,19.0,220900.0
2022-07-19,37770,19.0,20.0,19.0,19.0,0,0,75100.0,1429300.0,1.0,19.0,20.0,19.0,19.0,75100.0
2022-07-20,37770,19.0,20.0,19.0,20.0,0,0,122800.0,2422700.0,1.0,19.0,20.0,19.0,20.0,122800.0
2022-07-21,37770,19.0,20.0,19.0,20.0,0,0,71900.0,1422500.0,1.0,19.0,20.0,19.0,20.0,71900.0
2022-07-22,37770,20.0,20.0,19.0,20.0,0,0,61800.0,1232400.0,1.0,20.0,20.0,19.0,20.0,61800.0
2022-07-25,37770,19.0,20.0,19.0,20.0,0,0,78400.0,1497600.0,1.0,19.0,20.0,19.0,20.0,78400.0
2022-07-26,37770,20.0,20.0,19.0,20.0,0,0,30100.0,594900.0,1.0,20.0,20.0,19.0,20.0,30100.0
2022-07-27,37770,20.0,20.0,19.0,20.0,0,0,47800.0,945300.0,1.0,20.0,20.0,19.0,20.0,47800.0
2022-07-28,37770,20.0,20.0,19.0,20.0,0,0,529700.0,10592100.0,1.0,20.0,20.0,19.0,20.0,529700.0
2022-07-29,37770,20.0,21.0,19.0,20.0,0,0,993000.0,19852500.0,1.0,20.0,21.0,19.0,20.0,993000.0
2022-08-01,37770,20.0,20.0,19.0,20.0,0,0,28200.0,562700.0,1.0,20.0,20.0,19.0,20.0,28200.0
2022-08-02,37770,19.0,20.0,19.0,20.0,0,0,42500.0,827800.0,1.0,19.0,20.0,19.0,20.0,42500.0
2022-08-03,37770,20.0,20.0,19.0,20.0,0,0,40300.0,787600.0,1.0,20.0,20.0,19.0,20.0,40300.0
2022-08-04,37770,20.0,20.0,19.0,20.0,0,0,74400.0,1435500.0,1.0,20.0,20.0,19.0,20.0,74400.0
2022-08-05,37770,20.0,20.0,19.0,19.0,0,0,41200.0,815100.0,1.0,20.0,20.0,19.0,19.0,41200.0
2022-08-08,37770,19.0,20.0,19.0,19.0,0,0,554000.0,10552300.0,1.0,19.0,20.0,19.0,19.0,554000.0
2022-08-09,37770,19.0,19.0,18.0,19.0,0,0,1366600.0,25965300.0,1.0,19.0,19.0,18.0,19.0,1366600.0
2022-08-10,37770,19.0,20.0,19.0,19.0,0,0,195900.0,3722300.0,1.0,19.0,20.0,19.0,19.0,195900.0
2022-08-12,37770,19.0,20.0,19.0,19.0,0,0,144100.0,2797800.0,1.0,19.0,20.0,19.0,19.0,144100.0
2022-08-15,37770,20.0,20.0,19.0,19.0,0,0,107900.0,2067700.0,1.0,20.0,20.0,19.0,19.0,107900.0
2022-08-16,37770,19.0,20.0,19.0,19.0,0,0,403500.0,7747100.0,1.0,19.0,20.0,19.0,19.0,403500.0
2022-08-17,37770,21.0,31.0,21.0,27.0,0,0,27985900.0,723974100.0,1.0,21.0,31.0,21.0,27.0,27985900.0
2022-08-18,37770,28.0,28.0,23.0,23.0,0,0,8839000.0,217528300.0,1.0,28.0,28.0,23.0,23.0,8839000.0
2022-08-19,37770,23.0,26.0,22.0,23.0,0,0,5973900.0,142215000.0,1.0,23.0,26.0,22.0,23.0,5973900.0
2022-08-22,37770,24.0,24.0,23.0,23.0,0,0,1099500.0,25827700.0,1.0,24.0,24.0,23.0,23.0,1099500.0
2022-08-23,37770,23.0,24.0,22.0,23.0,0,0,1052000.0,24150400.0,1.0,23.0,24.0,22.0,23.0,1052000.0
2022-08-24,37770,23.0,23.0,22.0,23.0,0,0,1034100.0,23354000.0,1.0,23.0,23.0,22.0,23.0,1034100.0
2022-08-25,37770,23.0,23.0,22.0,22.0,0,0,291800.0,6524000.0,1.0,23.0,23.0,22.0,22.0,291800.0
2022-08-26,37770,22.0,23.0,22.0,23.0,0,0,3490000.0,77337100.0,1.0,22.0,23.0,22.0,23.0,3490000.0
2022-08-29,37770,23.0,25.0,22.0,24.0,0,0,2106100.0,49562200.0,1.0,23.0,25.0,22.0,24.0,2106100.0
2022-08-30,37770,24.0,24.0,23.0,23.0,0,0,1435000.0,33180600.0,1.0,24.0,24.0,23.0,23.0,1435000.0
2022-08-31,37770,23.0,24.0,22.0,23.0,0,0,1148500.0,27057100.0,1.0,23.0,24.0,22.0,23.0,1148500.0
2022-09-01,37770,23.0,25.0,23.0,24.0,0,0,1239000.0,29665300.0,1.0,23.0,25.0,23.0,24.0,1239000.0
2022-09-02,37770,24.0,26.0,23.0,25.0,0,0,2776100.0,68781400.0,1.0,24.0,26.0,23.0,25.0,2776100.0
2022-09-05,37770,25.0,29.0,25.0,28.0,0,0,5089700.0,138937100.0,1.0,25.0,29.0,25.0,28.0,5089700.0
2022-09-06,37770,28.0,28.0,25.0,27.0,0,0,3245800.0,85931500.0,1.0,28.0,28.0,25.0,27.0,3245800.0
2022-09-07,37770,27.0,28.0,26.0,27.0,0,0,1315200.0,35502700.0,1.0,27.0,28.0,26.0,27.0,1315200.0
2022-09-08,37770,27.0,29.0,27.0,27.0,0,0,2543200.0,70824500.0,1.0,27.0,29.0,27.0,27.0,2543200.0
2022-09-09,37770,28.0,29.0,27.0,28.0,0,0,1233100.0,34440800.0,1.0,28.0,29.0,27.0,28.0,1233100.0
2022-09-12,37770,28.0,28.0,26.0,26.0,0,0,1451000.0,39192300.0,1.0,28.0,28.0,26.0,26.0,1451000.0
2022-09-13,37770,26.0,27.0,26.0,26.0,0,0,385000.0,10200800.0,1.0,26.0,27.0,26.0,26.0,385000.0
2022-09-14,37770,28.0,30.0,26.0,27.0,0,0,4452500.0,124962600.0,1.0,28.0,30.0,26.0,27.0,4452500.0
2022-09-15,37770,27.0,28.0,26.0,27.0,0,0,879800.0,23755200.0,1.0,27.0,28.0,26.0,27.0,879800.0
2022-09-16,37770,27.0,28.0,26.0,27.0,0,0,1965900.0,53814800.0,1.0,27.0,28.0,26.0,27.0,1965900.0
2022-09-20,37770,27.0,28.0,25.0,25.0,0,0,1987600.0,52269000.0,1.0,27.0,28.0,25.0,25.0,1987600.0
2022-09-21,37770,26.0,26.0,24.0,25.0,0,0,1080000.0,27171500.0,1.0,26.0,26.0,24.0,25.0,1080000.0
2022-09-22,37770,25.0,25.0,24.0,24.0,0,0,855900.0,20704900.0,1.0,25.0,25.0,24.0,24.0,855900.0
2022-09-26,37770,24.0,25.0,24.0,24.0,0,0,308700.0,7435200.0,1.0,24.0,25.0,24.0,24.0,308700.0
2022-09-27,37770,24.0,27.0,24.0,25.0,0,0,1582700.0,40380500.0,1.0,24.0,27.0,24.0,25.0,1582700.0
2022-09-28,37770,25.0,26.0,24.0,24.0,0,0,907900.0,22457100.0,1.0,25.0,26.0,24.0,24.0,907900.0
2022-09-29,37770,24.0,25.0,24.0,24.0,0,0,104500.0,2509900.0,1.0,24.0,25.0,24.0,24.0,104500.0
2022-09-30,37770,25.0,26.0,23.0,26.0,0,0,1925200.0,46796900.0,1.0,25.0,26.0,23.0,26.0,1925200.0
2022-10-03,37770,26.0,26.0,23.0,24.0,0,0,1707500.0,41111900.0,1.0,26.0,26.0,23.0,24.0,1707500.0
2022-10-04,37770,25.0,26.0,24.0,25.0,0,0,512300.0,12787400.0,1.0,25.0,26.0,24.0,25.0,512300.0
2022-10-05,37770,25.0,26.0,24.0,25.0,0,0,623000.0,15521800.0,1.0,25.0,26.0,24.0,25.0,623000.0
2022-10-06,37770,25.0,26.0,24.0,25.0,0,0,266200.0,6650300.0,1.0,25.0,26.0,24.0,25.0,266200.0
2022-10-07,37770,25.0,26.0,25.0,25.0,0,0,483300.0,12082900.0,1.0,25.0,26.0,25.0,25.0,483300.0
2022-10-11,37770,25.0,26.0,25.0,25.0,0,0,478200.0,11987100.0,1.0,25.0,26.0,25.0,25.0,478200.0
2022-10-12,37770,25.0,25.0,24.0,24.0,0,0,307000.0,7666900.0,1.0,25.0,25.0,24.0,24.0,307000.0
2022-10-13,37770,24.0,25.0,24.0,24.0,0,0,465000.0,11161000.0,1.0,24.0,25.0,24.0,24.0,465000.0
2022-10-14,37770,24.0,24.0,22.0,24.0,0,0,2126200.0,49643600.0,1.0,24.0,24.0,22.0,24.0,2126200.0
2022-10-17,37770,23.0,24.0,22.0,24.0,0,0,2462900.0,55384500.0,1.0,23.0,24.0,22.0,24.0,2462900.0
2022-10-18,37770,24.0,24.0,23.0,23.0,0,0,133200.0,3147800.0,1.0,24.0,24.0,23.0,23.0,133200.0
2022-10-19,37770,24.0,25.0,23.0,25.0,0,0,654100.0,15721400.0,1.0,24.0,25.0,23.0,25.0,654100.0
2022-10-20,37770,24.0,25.0,24.0,24.0,0,0,199500.0,4805200.0,1.0,24.0,25.0,24.0,24.0,199500.0
2022-10-21,37770,24.0,25.0,24.0,24.0,0,0,83200.0,2027800.0,1.0,24.0,25.0,24.0,24.0,83200.0
2022-10-24,37770,24.0,25.0,24.0,24.0,0,0,262200.0,6300500.0,1.0,24.0,25.0,24.0,24.0,262200.0
2022-10-25,37770,24.0,25.0,24.0,24.0,0,0,609400.0,14645900.0,1.0,24.0,25.0,24.0,24.0,609400.0
2022-10-26,37770,24.0,25.0,23.0,24.0,0,0,540400.0,12983900.0,1.0,24.0,25.0,23.0,24.0,540400.0
2022-10-27,37770,24.0,26.0,24.0,26.0,0,0,975700.0,24441300.0,1.0,24.0,26.0,24.0,26.0,975700.0
2022-10-28,37770,25.0,27.0,25.0,26.0,0,0,1000100.0,26024700.0,1.0,25.0,27.0,25.0,26.0,1000100.0
2022-10-31,37770,27.0,27.0,26.0,27.0,0,0,1205000.0,31658800.0,1.0,27.0,27.0,26.0,27.0,1205000.0
2022-11-01,37770,26.0,27.0,26.0,26.0,0,0,776600.0,20298800.0,1.0,26.0,27.0,26.0,26.0,776600.0
2022-11-02,37770,27.0,27.0,25.0,26.0,0,0,566400.0,14786000.0,1.0,27.0,27.0,25.0,26.0,566400.0
2022-11-04,37770,26.0,26.0,25.0,26.0,0,0,49500.0,1276200.0,1.0,26.0,26.0,25.0,26.0,49500.0
2022-11-07,37770,25.0,26.0,25.0,25.0,0,0,40400.0,1016600.0,1.0,25.0,26.0,25.0,25.0,40400.0
2022-11-08,37770,25.0,27.0,25.0,26.0,0,0,314000.0,8148400.0,1.0,25.0,27.0,25.0,26.0,314000.0
2022-11-09,37770,26.0,27.0,26.0,26.0,0,0,201100.0,5253000.0,1.0,26.0,27.0,26.0,26.0,201100.0
2022-11-10,37770,26.0,26.0,25.0,25.0,0,0,457700.0,11888000.0,1.0,26.0,26.0,25.0,25.0,457700.0
2022-11-11,37770,26.0,26.0,25.0,26.0,0,0,200400.0,5156600.0,1.0,26.0,26.0,25.0,26.0,200400.0
2022-11-14,37770,26.0,26.0,24.0,25.0,0,0,1343300.0,33573500.0,1.0,26.0,26.0,24.0,25.0,1343300.0
2022-11-15,37770,25.0,26.0,25.0,25.0,0,0,42500.0,1079900.0,1.0,25.0,26.0,25.0,25.0,42500.0
2022-11-16,37770,26.0,26.0,25.0,25.0,0,0,102700.0,2598400.0,1.0,26.0,26.0,25.0,25.0,102700.0
2022-11-17,37770,26.0,26.0,25.0,25.0,0,0,155900.0,3935900.0,1.0,26.0,26.0,25.0,25.0,155900.0
2022-11-18,37770,25.0,26.0,25.0,26.0,0,0,79400.0,2006900.0,1.0,25.0,26.0,25.0,26.0,79400.0
2022-11-21,37770,26.0,26.0,25.0,26.0,0,0,98100.0,2502900.0,1.0,26.0,26.0,25.0,26.0,98100.0
2022-11-22,37770,25.0,28.0,25.0,28.0,0,0,2510500.0,66448700.0,1.0,25.0,28.0,25.0,28.0,2510500.0
2022-11-24,37770,28.0,28.0,26.0,27.0,0,0,1231200.0,33296100.0,1.0,28.0,28.0,26.0,27.0,1231200.0
2022-11-25,37770,28.0,30.0,27.0,29.0,0,0,2256800.0,64339100.0,1.0,28.0,30.0,27.0,29.0,2256800.0
2022-11-28,37770,30.0,30.0,27.0,27.0,0,0,764100.0,21554600.0,1.0,30.0,30.0,27.0,27.0,764100.0
2022-11-29,37770,27.0,28.0,26.0,27.0,0,0,1034300.0,27963600.0,1.0,27.0,28.0,26.0,27.0,1034300.0
2022-11-30,37770,27.0,28.0,26.0,26.0,0,0,216400.0,5785200.0,1.0,27.0,28.0,26.0,26.0,216400.0
2022-12-01,37770,27.0,27.0,26.0,27.0,0,0,88000.0,2373400.0,1.0,27.0,27.0,26.0,27.0,88000.0
2022-12-02,37770,27.0,27.0,26.0,27.0,0,0,142100.0,3784400.0,1.0,27.0,27.0,26.0,27.0,142100.0
2022-12-05,37770,26.0,27.0,26.0,27.0,0,0,389200.0,10290100.0,1.0,26.0,27.0,26.0,27.0,389200.0
2022-12-06,37770,26.0,27.0,26.0,26.0,0,0,345200.0,9034300.0,1.0,26.0,27.0,26.0,26.0,345200.0
2022-12-07,37770,26.0,27.0,26.0,26.0,0,0,149700.0,3947400.0,1.0,26.0,27.0,26.0,26.0,149700.0
2022-12-08,37770,26.0,27.0,25.0,26.0,0,0,757200.0,19620700.0,1.0,26.0,27.0,25.0,26.0,757200.0
2022-12-09,37770,27.0,27.0,25.0,25.0,0,0,501500.0,13110100.0,1.0,27.0,27.0,25.0,25.0,501500.0
2022-12-12,37770,25.0,26.0,25.0,25.0,0,0,381300.0,9661900.0,1.0,25.0,26.0,25.0,25.0,381300.0
2022-12-13,37770,25.0,26.0,25.0,25.0,0,0,142000.0,3562800.0,1.0,25.0,26.0,25.0,25.0,142000.0
2022-12-14,37770,25.0,26.0,24.0,24.0,0,0,1786100.0,44380500.0,1.0,25.0,26.0,24.0,24.0,1786100.0
2022-12-15,37770,24.0,25.0,23.0,23.0,0,0,1787500.0,41986400.0,1.0,24.0,25.0,23.0,23.0,1787500.0
2022-12-16,37770,24.0,26.0,24.0,25.0,0,0,1260700.0,30788900.0,1.0,24.0,26.0,24.0,25.0,1260700.0
2022-12-19,37770,25.0,26.0,24.0,25.0,0,0,358800.0,8848700.0,1.0,25.0,26.0,24.0,25.0,358800.0
2022-12-20,37770,25.0,25.0,23.0,23.0,0,0,2796800.0,67163400.0,1.0,25.0,25.0,23.0,23.0,2796800.0
2022-12-21,37770,23.0,26.0,23.0,25.0,0,0,870100.0,21592400.0,1.0,23.0,26.0,23.0,25.0,870100.0
2022-12-22,37770,26.0,26.0,24.0,26.0,0,0,962300.0,24237600.0,1.0,26.0,26.0,24.0,26.0,962300.0
2022-12-23,37770,25.0,26.0,25.0,25.0,0,0,813500.0,20574600.0,1.0,25.0,26.0,25.0,25.0,813500.0
2022-12-26,37770,25.0,26.0,25.0,25.0,0,0,644000.0,16516400.0,1.0,25.0,26.0,25.0,25.0,644000.0
2022-12-27,37770,26.0,26.0,25.0,25.0,0,0,320500.0,8040100.0,1.0,26.0,26.0,25.0,25.0,320500.0
2022-12-28,37770,25.0,26.0,25.0,25.0,0,0,113200.0,2874100.0,1.0,25.0,26.0,25.0,25.0,113200.0
2022-12-29,37770,25.0,27.0,25.0,27.0,0,0,1563500.0,41456900.0,1.0,25.0,27.0,25.0,27.0,1563500.0
2022-12-30,37770,27.0,27.0,26.0,27.0,0,0,180800.0,4829800.0,1.0,27.0,27.0,26.0,27.0,180800.0
2023-01-04,37770,26.0,27.0,26.0,26.0,0,0,306200.0,7963600.0,1.0,26.0,27.0,26.0,26.0,306200.0
2023-01-05,37770,26.0,27.0,26.0,27.0,0,0,236900.0,6281500.0,1.0,26.0,27.0,26.0,27.0,236900.0
2023-01-06,37770,27.0,27.0,26.0,26.0,0,0,82400.0,2156200.0,1.0,27.0,27.0,26.0,26.0,82400.0
2023-01-10,37770,27.0,27.0,26.0,26.0,0,0,118900.0,3159200.0,1.0,27.0,27.0,26.0,26.0,118900.0
2023-01-11,37770,27.0,27.0,26.0,27.0,0,0,449400.0,12069500.0,1.0,27.0,27.0,26.0,27.0,449400.0
2023-01-12,37770,26.0,29.0,26.0,28.0,0,0,3668900.0,101784600.0,1.0,26.0,29.0,26.0,28.0,3668900.0
2023-01-13,37770,28.0,30.0,27.0,30.0,0,0,2010200.0,58003200.0,1.0,28.0,30.0,27.0,30.0,2010200.0
2023-01-16,37770,31.0,41.0,30.0,30.0,0,0,14884900.0,511732300.0,1.0,31.0,41.0,30.0,30.0,14884900.0
2023-01-17,37770,31.0,37.0,31.0,35.0,0,0,5954800.0,198103600.0,1.0,31.0,37.0,31.0,35.0,5954800.0
2023-01-18,37770,34.0,40.0,33.0,37.0,0,0,8606300.0,315835600.0,1.0,34.0,40.0,33.0,37.0,8606300.0
2023-01-19,37770,36.0,38.0,34.0,36.0,0,0,4096200.0,144722600.0,1.0,36.0,38.0,34.0,36.0,4096200.0
2023-01-20,37770,35.0,35.0,32.0,34.0,0,0,2295700.0,76849800.0,1.0,35.0,35.0,32.0,34.0,2295700.0
2023-01-23,37770,34.0,35.0,33.0,33.0,0,0,2075200.0,69483000.0,1.0,34.0,35.0,33.0,33.0,2075200.0
2023-01-24,37770,34.0,35.0,32.0,34.0,0,0,1097900.0,36967200.0,1.0,34.0,35.0,32.0,34.0,1097900.0
2023-01-25,37770,34.0,39.0,34.0,39.0,0,0,4016100.0,145905000.0,1.0,34.0,39.0,34.0,39.0,4016100.0
2023-01-26,37770,38.0,39.0,34.0,35.0,0,0,5537600.0,200231200.0,1.0,38.0,39.0,34.0,35.0,5537600.0
2023-01-27,37770,35.0,37.0,34.0,35.0,0,0,1125700.0,40419400.0,1.0,35.0,37.0,34.0,35.0,1125700.0
2023-01-30,37770,36.0,36.0,35.0,35.0,0,0,1207100.0,43231000.0,1.0,36.0,36.0,35.0,35.0,1207100.0
2023-01-31,37770,35.0,36.0,35.0,35.0,0,0,280700.0,9939900.0,1.0,35.0,36.0,35.0,35.0,280700.0
2023-02-01,37770,35.0,36.0,33.0,34.0,0,0,1725600.0,58983200.0,1.0,35.0,36.0,33.0,34.0,1725600.0
2023-02-02,37770,34.0,35.0,33.0,35.0,0,0,702300.0,23899800.0,1.0,34.0,35.0,33.0,35.0,702300.0
2023-02-03,37770,35.0,35.0,33.0,34.0,0,0,701800.0,23943600.0,1.0,35.0,35.0,33.0,34.0,701800.0
2023-02-06,37770,34.0,35.0,33.0,35.0,0,0,1292700.0,43952300.0,1.0,34.0,35.0,33.0,35.0,1292700.0
2023-02-07,37770,35.0,36.0,34.0,36.0,0,0,981800.0,34940000.0,1.0,35.0,36.0,34.0,36.0,981800.0
2023-02-08,37770,36.0,37.0,35.0,36.0,0,0,1249900.0,45012300.0,1.0,36.0,37.0,35.0,36.0,1249900.0
2023-02-09,37770,37.0,37.0,36.0,36.0,0,0,249100.0,9128100.0,1.0,37.0,37.0,36.0,36.0,249100.0
2023-02-10,37770,36.0,37.0,35.0,35.0,0,0,979400.0,35036100.0,1.0,36.0,37.0,35.0,35.0,979400.0
2023-02-13,37770,36.0,36.0,35.0,36.0,0,0,354900.0,12603400.0,1.0,36.0,36.0,35.0,36.0,354900.0
2023-02-14,37770,36.0,36.0,35.0,36.0,0,0,109800.0,3914700.0,1.0,36.0,36.0,35.0,36.0,109800.0
2023-02-15,37770,35.0,35.0,33.0,35.0,0,0,3574800.0,123184500.0,1.0,35.0,35.0,33.0,35.0,3574800.0
2023-02-16,37770,35.0,36.0,33.0,33.0,0,0,5314800.0,178321400.0,1.0,35.0,36.0,33.0,33.0,5314800.0
2023-02-17,37770,34.0,42.0,34.0,40.0,0,0,7199500.0,277127300.0,1.0,34.0,42.0,34.0,40.0,7199500.0
2023-02-20,37770,40.0,58.0,39.0,49.0,0,0,38889600.0,1967336800.0,1.0,40.0,58.0,39.0,49.0,38889600.0
2023-02-21,37770,52.0,54.0,46.0,48.0,0,0,17515800.0,866203500.0,1.0,52.0,54.0,46.0,48.0,17515800.0
2023-02-22,37770,48.0,55.0,48.0,54.0,0,0,16546600.0,858726200.0,1.0,48.0,55.0,48.0,54.0,16546600.0
2023-02-24,37770,56.0,58.0,52.0,54.0,0,0,12228800.0,668113000.0,1.0,56.0,58.0,52.0,54.0,12228800.0
2023-02-27,37770,56.0,63.0,53.0,62.0,0,0,14466400.0,850207900.0,1.0,56.0,63.0,53.0,62.0,14466400.0
2023-02-28,37770,63.0,63.0,54.0,58.0,0,0,18648500.0,1103784100.0,1.0,63.0,63.0,54.0,58.0,18648500.0
2023-03-01,37770,60.0,67.0,58.0,66.0,0,0,14986100.0,942878800.0,1.0,60.0,67.0,58.0,66.0,14986100.0
2023-03-02,37770,64.0,66.0,59.0,59.0,0,0,13531700.0,836279800.0,1.0,64.0,66.0,59.0,59.0,13531700.0
2023-03-03,37770,58.0,60.0,54.0,58.0,0,0,7826400.0,443238200.0,1.0,58.0,60.0,54.0,58.0,7826400.0
2023-03-06,37770,58.0,60.0,54.0,56.0,0,0,7816100.0,436588100.0,1.0,58.0,60.0,54.0,56.0,7816100.0
2023-03-07,37770,57.0,60.0,56.0,57.0,0,0,4213100.0,241611000.0,1.0,57.0,60.0,56.0,57.0,4213100.0
2023-03-08,37770,56.0,62.0,55.0,59.0,0,0,12004600.0,705960600.0,1.0,56.0,62.0,55.0,59.0,12004600.0
2023-03-09,37770,60.0,61.0,58.0,60.0,0,0,3946600.0,233340000.0,1.0,60.0,61.0,58.0,60.0,3946600.0
2023-03-10,37770,60.0,60.0,56.0,59.0,0,0,4426200.0,256077300.0,1.0,60.0,60.0,56.0,59.0,4426200.0
2023-03-13,37770,58.0,59.0,55.0,57.0,0,0,5352800.0,304250800.0,1.0,58.0,59.0,55.0,57.0,5352800.0
2023-03-14,37770,57.0,58.0,55.0,56.0,0,0,4647000.0,262778200.0,1.0,57.0,58.0,55.0,56.0,4647000.0
2023-03-15,37770,58.0,59.0,55.0,55.0,0,0,5332100.0,302168500.0,1.0,58.0,59.0,55.0,55.0,5332100.0
2023-03-16,37770,55.0,55.0,45.0,48.0,0,0,21031000.0,1028865900.0,1.0,55.0,55.0,45.0,48.0,21031000.0
2023-03-17,37770,49.0,53.0,48.0,52.0,0,0,4429800.0,222050100.0,1.0,49.0,53.0,48.0,52.0,4429800.0
2023-03-20,37770,52.0,52.0,49.0,50.0,0,0,5347100.0,268309900.0,1.0,52.0,52.0,49.0,50.0,5347100.0
2023-03-22,37770,51.0,55.0,50.0,54.0,0,0,4647000.0,246365100.0,1.0,51.0,55.0,50.0,54.0,4647000.0
2023-03-23,37770,52.0,53.0,50.0,50.0,0,0,3129800.0,160152700.0,1.0,52.0,53.0,50.0,50.0,3129800.0
2023-03-24,37770,50.0,53.0,49.0,53.0,0,0,2705900.0,137481700.0,1.0,50.0,53.0,49.0,53.0,2705900.0
2023-03-27,37770,52.0,53.0,50.0,51.0,0,0,2896000.0,146057200.0,1.0,52.0,53.0,50.0,51.0,2896000.0
2023-03-28,37770,49.0,50.0,47.0,50.0,0,0,4065400.0,199086000.0,1.0,49.0,50.0,47.0,50.0,4065400.0
2023-03-29,37770,49.0,51.0,48.0,51.0,0,0,1553900.0,76721700.0,1.0,49.0,51.0,48.0,51.0,1553900.0
2023-03-30,37770,50.0,51.0,49.0,50.0,0,0,662300.0,33107400.0,1.0,50.0,51.0,49.0,50.0,662300.0
2023-03-31,37770,51.0,53.0,50.0,50.0,0,0,2750400.0,141305100.0,1.0,51.0,53.0,50.0,50.0,2750400.0
2023-04-03,37770,51.0,54.0,49.0,51.0,0,0,3151900.0,161570200.0,1.0,51.0,54.0,49.0,51.0,3151900.0
2023-04-04,37770,50.0,51.0,49.0,50.0,0,0,1101200.0,55047200.0,1.0,50.0,51.0,49.0,50.0,1101200.0
2023-04-05,37770,49.0,50.0,48.0,48.0,0,0,2280000.0,111894500.0,1.0,49.0,50.0,48.0,48.0,2280000.0
2023-04-06,37770,48.0,50.0,48.0,50.0,0,0,1037400.0,50836900.0,1.0,48.0,50.0,48.0,50.0,1037400.0
2023-04-07,37770,49.0,50.0,48.0,48.0,0,0,1676800.0,82082500.0,1.0,49.0,50.0,48.0,48.0,1676800.0
2023-04-10,37770,49.0,50.0,48.0,48.0,0,0,1054900.0,51425500.0,1.0,49.0,50.0,48.0,48.0,1054900.0
2023-04-11,37770,48.0,50.0,48.0,50.0,0,0,1234800.0,60427500.0,1.0,48.0,50.0,48.0,50.0,1234800.0
2023-04-12,37770,49.0,50.0,49.0,49.0,0,0,191400.0,9449100.0,1.0,49.0,50.0,49.0,49.0,191400.0
2023-04-13,37770,49.0,54.0,49.0,54.0,0,0,3822100.0,196278200.0,1.0,49.0,54.0,49.0,54.0,3822100.0
2023-04-14,37770,54.0,55.0,50.0,52.0,0,0,3925300.0,207528900.0,1.0,54.0,55.0,50.0,52.0,3925300.0
2023-04-17,37770,51.0,52.0,50.0,51.0,0,0,1519600.0,77406700.0,1.0,51.0,52.0,50.0,51.0,1519600.0
2023-04-18,37770,50.0,52.0,50.0,51.0,0,0,1370200.0,70533700.0,1.0,50.0,52.0,50.0,51.0,1370200.0
2023-04-19,37770,51.0,51.0,50.0,51.0,0,0,1467100.0,73851600.0,1.0,51.0,51.0,50.0,51.0,1467100.0
2023-04-20,37770,50.0,52.0,50.0,51.0,0,0,1053700.0,53376900.0,1.0,50.0,52.0,50.0,51.0,1053700.0
2023-04-21,37770,52.0,54.0,51.0,51.0,0,0,3282900.0,172426400.0,1.0,52.0,54.0,51.0,51.0,3282900.0
2023-04-24,37770,52.0,53.0,51.0,51.0,0,0,1394700.0,72443600.0,1.0,52.0,53.0,51.0,51.0,1394700.0
2023-04-25,37770,51.0,52.0,49.0,49.0,0,0,2091000.0,105704300.0,1.0,51.0,52.0,49.0,49.0,2091000.0
2023-04-26,37770,49.0,51.0,49.0,51.0,0,0,1882900.0,94113500.0,1.0,49.0,51.0,49.0,51.0,1882900.0
2023-04-27,37770,49.0,50.0,48.0,50.0,0,0,2383800.0,116785000.0,1.0,49.0,50.0,48.0,50.0,2383800.0
2023-04-28,37770,49.0,50.0,48.0,50.0,0,0,776800.0,38076000.0,1.0,49.0,50.0,48.0,50.0,776800.0
2023-05-01,37770,48.0,49.0,48.0,49.0,0,0,588900.0,28534000.0,1.0,48.0,49.0,48.0,49.0,588900.0
2023-05-02,37770,48.0,49.0,47.0,48.0,0,0,947100.0,45460300.0,1.0,48.0,49.0,47.0,48.0,947100.0
2023-05-08,37770,49.0,50.0,48.0,49.0,0,0,662500.0,32482900.0,1.0,49.0,50.0,48.0,49.0,662500.0
2023-05-09,37770,50.0,50.0,48.0,48.0,0,0,509700.0,24785200.0,1.0,50.0,50.0,48.0,48.0,509700.0
2023-05-10,37770,48.0,49.0,48.0,48.0,0,0,423400.0,20576700.0,1.0,48.0,49.0,48.0,48.0,423400.0
2023-05-11,37770,48.0,49.0,48.0,49.0,0,0,451800.0,22027100.0,1.0,48.0,49.0,48.0,49.0,451800.0
2023-05-12,37770,48.0,49.0,48.0,48.0,0,0,249000.0,12030500.0,1.0,48.0,49.0,48.0,48.0,249000.0
2023-05-15,37770,48.0,48.0,40.0,40.0,0,0,6583700.0,284810200.0,1.0,48.0,48.0,40.0,40.0,6583700.0
2023-05-16,37770,39.0,39.0,32.0,35.0,0,0,9687800.0,346797300.0,1.0,39.0,39.0,32.0,35.0,9687800.0
2023-05-17,37770,34.0,38.0,34.0,35.0,0,0,4592400.0,164168700.0,1.0,34.0,38.0,34.0,35.0,4592400.0
2023-05-18,37770,36.0,36.0,33.0,36.0,0,0,2419800.0,83515600.0,1.0,36.0,36.0,33.0,36.0,2419800.0
2023-05-19,37770,35.0,37.0,35.0,36.0,0,0,1588300.0,57612300.0,1.0,35.0,37.0,35.0,36.0,1588300.0
2023-05-22,37770,36.0,37.0,35.0,37.0,0,0,1250600.0,44476800.0,1.0,36.0,37.0,35.0,37.0,1250600.0
2023-05-23,37770,36.0,37.0,35.0,35.0,0,0,775100.0,27890000.0,1.0,36.0,37.0,35.0,35.0,775100.0
2023-05-24,37770,35.0,38.0,35.0,37.0,0,0,2055100.0,74455300.0,1.0,35.0,38.0,35.0,37.0,2055100.0
2023-05-25,37770,36.0,37.0,35.0,36.0,0,0,1065500.0,38279900.0,1.0,36.0,37.0,35.0,36.0,1065500.0
2023-05-26,37770,37.0,37.0,35.0,35.0,0,0,544000.0,19510800.0,1.0,37.0,37.0,35.0,35.0,544000.0
2023-05-29,37770,36.0,36.0,35.0,35.0,0,0,146300.0,5212100.0,1.0,36.0,36.0,35.0,35.0,146300.0
2023-05-30,37770,35.0,36.0,34.0,35.0,0,0,1243600.0,43197800.0,1.0,35.0,36.0,34.0,35.0,1243600.0
2023-05-31,37770,34.0,36.0,34.0,34.0,0,0,528000.0,18391500.0,1.0,34.0,36.0,34.0,34.0,528000.0
2023-06-01,37770,35.0,35.0,34.0,35.0,0,0,249300.0,8638800.0,1.0,35.0,35.0,34.0,35.0,249300.0
2023-06-02,37770,34.0,35.0,34.0,35.0,0,0,368800.0,12772600.0,1.0,34.0,35.0,34.0,35.0,368800.0
2023-06-05,37770,35.0,36.0,35.0,35.0,0,0,205300.0,7220000.0,1.0,35.0,36.0,35.0,35.0,205300.0
2023-06-06,37770,35.0,38.0,35.0,38.0,0,0,1443300.0,53047600.0,1.0,35.0,38.0,35.0,38.0,1443300.0
2023-06-07,37770,37.0,39.0,37.0,38.0,0,0,815900.0,31027600.0,1.0,37.0,39.0,37.0,38.0,815900.0
2023-06-08,37770,39.0,39.0,37.0,37.0,0,0,341500.0,12902600.0,1.0,39.0,39.0,37.0,37.0,341500.0
2023-06-09,37770,37.0,38.0,36.0,38.0,0,0,772500.0,28656900.0,1.0,37.0,38.0,36.0,38.0,772500.0
2023-06-12,37770,38.0,39.0,37.0,38.0,0,0,692200.0,26243600.0,1.0,38.0,39.0,37.0,38.0,692200.0
2023-06-13,37770,38.0,39.0,37.0,37.0,0,0,1184400.0,44907300.0,1.0,38.0,39.0,37.0,37.0,1184400.0
2023-06-14,37770,37.0,38.0,37.0,37.0,0,0,90400.0,3366400.0,1.0,37.0,38.0,37.0,37.0,90400.0
2023-06-15,37770,38.0,41.0,38.0,39.0,0,0,2587400.0,101513300.0,1.0,38.0,41.0,38.0,39.0,2587400.0
2023-06-16,37770,39.0,39.0,37.0,37.0,0,0,510400.0,19386900.0,1.0,39.0,39.0,37.0,37.0,510400.0
2023-06-19,37770,37.0,38.0,36.0,37.0,0,0,773500.0,28595900.0,1.0,37.0,38.0,36.0,37.0,773500.0
2023-06-20,37770,36.0,37.0,36.0,36.0,0,0,316300.0,11456500.0,1.0,36.0,37.0,36.0,36.0,316300.0
2023-06-21,37770,36.0,38.0,36.0,37.0,0,0,688500.0,25387100.0,1.0,36.0,38.0,36.0,37.0,688500.0
2023-06-22,37770,37.0,38.0,36.0,36.0,0,0,989400.0,36341700.0,1.0,37.0,38.0,36.0,36.0,989400.0
2023-06-23,37770,45.0,46.0,37.0,38.0,0,0,20590900.0,837900700.0,1.0,45.0,46.0,37.0,38.0,20590900.0
2023-06-26,37770,38.0,39.0,37.0,38.0,0,0,4400500.0,166238000.0,1.0,38.0,39.0,37.0,38.0,4400500.0
2023-06-27,37770,38.0,39.0,37.0,37.0,0,0,1095800.0,41463000.0,1.0,38.0,39.0,37.0,37.0,1095800.0
2023-06-28,37770,38.0,38.0,37.0,38.0,0,0,376900.0,14179100.0,1.0,38.0,38.0,37.0,38.0,376900.0
2023-06-29,37770,38.0,39.0,37.0,39.0,0,0,1470400.0,55787200.0,1.0,38.0,39.0,37.0,39.0,1470400.0
2023-06-30,37770,38.0,39.0,37.0,38.0,0,0,945800.0,35908400.0,1.0,38.0,39.0,37.0,38.0,945800.0
2023-07-03,37770,38.0,38.0,36.0,37.0,0,0,2848400.0,103796600.0,1.0,38.0,38.0,36.0,37.0,2848400.0
2023-07-04,37770,37.0,37.0,35.0,36.0,0,0,2453600.0,88207800.0,1.0,37.0,37.0,35.0,36.0,2453600.0
2023-07-05,37770,35.0,36.0,35.0,36.0,0,0,442400.0,15822500.0,1.0,35.0,36.0,35.0,36.0,442400.0
2023-07-06,37770,36.0,36.0,35.0,35.0,0,0,204400.0,7229300.0,1.0,36.0,36.0,35.0,35.0,204400.0
2023-07-07,37770,35.0,36.0,35.0,35.0,0,0,221800.0,7852500.0,1.0,35.0,36.0,35.0,35.0,221800.0
2023-07-10,37770,35.0,36.0,35.0,35.0,0,0,274000.0,9634400.0,1.0,35.0,36.0,35.0,35.0,274000.0
2023-07-11,37770,35.0,36.0,35.0,35.0,0,0,229400.0,8149100.0,1.0,35.0,36.0,35.0,35.0,229400.0
2023-07-12,37770,35.0,36.0,35.0,35.0,0,0,468700.0,16465500.0,1.0,35.0,36.0,35.0,35.0,468700.0
2023-07-13,37770,35.0,36.0,35.0,35.0,0,0,147400.0,5240000.0,1.0,35.0,36.0,35.0,35.0,147400.0
2023-07-14,37770,35.0,36.0,31.0,36.0,0,0,4956400.0,169386100.0,1.0,35.0,36.0,31.0,36.0,4956400.0
2023-07-18,37770,36.0,38.0,35.0,37.0,0,0,1600400.0,59634300.0,1.0,36.0,38.0,35.0,37.0,1600400.0
2023-07-19,37770,38.0,42.0,37.0,40.0,0,0,4051000.0,161882500.0,1.0,38.0,42.0,37.0,40.0,4051000.0
2023-07-20,37770,40.0,42.0,39.0,41.0,0,0,1699500.0,69184600.0,1.0,40.0,42.0,39.0,41.0,1699500.0
2023-07-21,37770,40.0,41.0,40.0,40.0,0,0,622700.0,25094300.0,1.0,40.0,41.0,40.0,40.0,622700.0
2023-07-24,37770,40.0,41.0,39.0,39.0,0,0,816900.0,32685500.0,1.0,40.0,41.0,39.0,39.0,816900.0
2023-07-25,37770,39.0,42.0,39.0,42.0,0,0,953000.0,38837400.0,1.0,39.0,42.0,39.0,42.0,953000.0
2023-07-26,37770,42.0,44.0,41.0,42.0,0,0,1488900.0,63411900.0,1.0,42.0,44.0,41.0,42.0,1488900.0
2023-07-27,37770,43.0,43.0,41.0,41.0,0,0,803700.0,33020400.0,1.0,43.0,43.0,41.0,41.0,803700.0
2023-07-28,37770,42.0,42.0,40.0,42.0,0,0,485700.0,19918700.0,1.0,42.0,42.0,40.0,42.0,485700.0
2023-07-31,37770,42.0,42.0,41.0,42.0,0,0,300600.0,12444400.0,1.0,42.0,42.0,41.0,42.0,300600.0
2023-08-01,37770,42.0,43.0,41.0,41.0,0,0,998400.0,41622100.0,1.0,42.0,43.0,41.0,41.0,998400.0
2023-08-02,37770,41.0,43.0,41.0,42.0,0,0,676800.0,27902300.0,1.0,41.0,43.0,41.0,42.0,676800.0
2023-08-03,37770,41.0,42.0,40.0,41.0,0,0,558600.0,22893000.0,1.0,41.0,42.0,40.0,41.0,558600.0
2023-08-04,37770,42.0,42.0,41.0,41.0,0,0,303100.0,12596800.0,1.0,42.0,42.0,41.0,41.0,303100.0
2023-08-07,37770,41.0,43.0,40.0,43.0,0,0,1665600.0,69435200.0,1.0,41.0,43.0,40.0,43.0,1665600.0
2023-08-08,37770,43.0,44.0,42.0,44.0,0,0,1326200.0,57194800.0,1.0,43.0,44.0,42.0,44.0,1326200.0
2023-08-09,37770,44.0,49.0,43.0,48.0,0,0,4331500.0,196508600.0,1.0,44.0,49.0,43.0,48.0,4331500.0
2023-08-10,37770,47.0,48.0,45.0,47.0,0,0,2754100.0,128216500.0,1.0,47.0,48.0,45.0,47.0,2754100.0
2023-08-14,37770,49.0,49.0,46.0,47.0,0,0,3034000.0,145637100.0,1.0,49.0,49.0,46.0,47.0,3034000.0
2023-08-15,37770,45.0,46.0,41.0,42.0,0,0,4474200.0,193175600.0,1.0,45.0,46.0,41.0,42.0,4474200.0
2023-08-16,37770,42.0,49.0,42.0,45.0,0,0,3584300.0,164997300.0,1.0,42.0,49.0,42.0,45.0,3584300.0
2023-08-17,37770,46.0,47.0,44.0,45.0,0,0,1863700.0,85147800.0,1.0,46.0,47.0,44.0,45.0,1863700.0
2023-08-18,37770,44.0,45.0,42.0,44.0,0,0,1723400.0,75123100.0,1.0,44.0,45.0,42.0,44.0,1723400.0
2023-08-21,37770,44.0,44.0,42.0,44.0,0,0,500900.0,21681300.0,1.0,44.0,44.0,42.0,44.0,500900.0
2023-08-22,37770,43.0,45.0,43.0,44.0,0,0,848600.0,37247100.0,1.0,43.0,45.0,43.0,44.0,848600.0
2023-08-23,37770,42.0,44.0,42.0,42.0,0,0,1321200.0,56207900.0,1.0,42.0,44.0,42.0,42.0,1321200.0
2023-08-24,37770,43.0,43.0,40.0,41.0,0,0,2360000.0,97467500.0,1.0,43.0,43.0,40.0,41.0,2360000.0
2023-08-25,37770,40.0,41.0,40.0,41.0,0,0,410900.0,16717800.0,1.0,40.0,41.0,40.0,41.0,410900.0
2023-08-28,37770,41.0,43.0,41.0,43.0,0,0,715700.0,29918300.0,1.0,41.0,43.0,41.0,43.0,715700.0
2023-08-29,37770,43.0,44.0,42.0,44.0,0,0,1293600.0,55292400.0,1.0,43.0,44.0,42.0,44.0,1293600.0
2023-08-30,37770,44.0,46.0,43.0,46.0,0,0,1173000.0,52545000.0,1.0,44.0,46.0,43.0,46.0,1173000.0
2023-08-31,37770,47.0,47.0,45.0,47.0,0,0,1249600.0,58068100.0,1.0,47.0,47.0,45.0,47.0,1249600.0
2023-09-01,37770,46.0,47.0,46.0,47.0,0,0,599400.0,27842600.0,1.0,46.0,47.0,46.0,47.0,599400.0
2023-09-04,37770,47.0,47.0,46.0,46.0,0,0,422900.0,19753000.0,1.0,47.0,47.0,46.0,46.0,422900.0
2023-09-05,37770,46.0,47.0,45.0,47.0,0,0,783300.0,36157800.0,1.0,46.0,47.0,45.0,47.0,783300.0
2023-09-06,37770,46.0,47.0,45.0,46.0,0,0,775700.0,35697000.0,1.0,46.0,47.0,45.0,46.0,775700.0
2023-09-07,37770,46.0,47.0,46.0,47.0,0,0,495200.0,23011100.0,1.0,46.0,47.0,46.0,47.0,495200.0
2023-09-08,37770,46.0,48.0,45.0,47.0,0,0,1005700.0,47114100.0,1.0,46.0,48.0,45.0,47.0,1005700.0
2023-09-11,37770,47.0,50.0,47.0,49.0,0,0,2678800.0,130189300.0,1.0,47.0,50.0,47.0,49.0,2678800.0
2023-09-12,37770,48.0,49.0,47.0,48.0,0,0,2286400.0,109732400.0,1.0,48.0,49.0,47.0,48.0,2286400.0
2023-09-13,37770,47.0,47.0,44.0,44.0,0,0,2868300.0,131095400.0,1.0,47.0,47.0,44.0,44.0,2868300.0
2023-09-14,37770,44.0,47.0,44.0,45.0,0,0,1347100.0,61262700.0,1.0,44.0,47.0,44.0,45.0,1347100.0
2023-09-15,37770,46.0,48.0,46.0,47.0,0,0,2320700.0,108947100.0,1.0,46.0,48.0,46.0,47.0,2320700.0
2023-09-19,37770,48.0,49.0,47.0,48.0,0,0,1851500.0,88701900.0,1.0,48.0,49.0,47.0,48.0,1851500.0
2023-09-20,37770,48.0,48.0,46.0,47.0,0,0,1028800.0,48765400.0,1.0,48.0,48.0,46.0,47.0,1028800.0
2023-09-21,37770,47.0,48.0,46.0,46.0,0,0,973500.0,45640000.0,1.0,47.0,48.0,46.0,46.0,973500.0
2023-09-22,37770,45.0,47.0,45.0,46.0,0,0,952700.0,43876500.0,1.0,45.0,47.0,45.0,46.0,952700.0
2023-09-25,37770,46.0,48.0,46.0,46.0,0,0,797800.0,37328300.0,1.0,46.0,48.0,46.0,46.0,797800.0
2023-09-26,37770,47.0,47.0,45.0,46.0,0,0,958700.0,44304300.0,1.0,47.0,47.0,45.0,46.0,958700.0
2023-09-27,37770,46.0,47.0,46.0,46.0,0,0,229100.0,10582400.0,1.0,46.0,47.0,46.0,46.0,229100.0
2023-09-28,37770,47.0,48.0,46.0,46.0,0,0,561700.0,26224000.0,1.0,47.0,48.0,46.0,46.0,561700.0
2023-09-29,37770,46.0,47.0,45.0,45.0,0,0,431000.0,19714800.0,1.0,46.0,47.0,45.0,45.0,431000.0
2023-10-02,37770,45.0,46.0,42.0,44.0,0,0,2460000.0,107240900.0,1.0,45.0,46.0,42.0,44.0,2460000.0
2023-10-03,37770,43.0,45.0,43.0,44.0,0,0,841000.0,36845500.0,1.0,43.0,45.0,43.0,44.0,841000.0
2023-10-04,37770,43.0,44.0,43.0,43.0,0,0,782600.0,34059800.0,1.0,43.0,44.0,43.0,43.0,782600.0
2023-10-05,37770,44.0,46.0,43.0,45.0,0,0,850600.0,37819600.0,1.0,44.0,46.0,43.0,45.0,850600.0
2023-10-06,37770,45.0,46.0,45.0,46.0,0,0,164500.0,7448300.0,1.0,45.0,46.0,45.0,46.0,164500.0
2023-10-10,37770,46.0,46.0,45.0,46.0,0,0,349100.0,15996100.0,1.0,46.0,46.0,45.0,46.0,349100.0
2023-10-11,37770,46.0,46.0,45.0,46.0,0,0,115800.0,5273000.0,1.0,46.0,46.0,45.0,46.0,115800.0
2023-10-12,37770,46.0,46.0,45.0,46.0,0,0,140800.0,6420600.0,1.0,46.0,46.0,45.0,46.0,140800.0
2023-10-13,37770,46.0,46.0,44.0,44.0,0,0,595300.0,26679900.0,1.0,46.0,46.0,44.0,44.0,595300.0
2023-10-16,37770,45.0,45.0,44.0,44.0,0,0,302500.0,13396800.0,1.0,45.0,45.0,44.0,44.0,302500.0
2023-10-17,37770,44.0,45.0,44.0,44.0,0,0,534500.0,23525200.0,1.0,44.0,45.0,44.0,44.0,534500.0
2023-10-18,37770,45.0,45.0,44.0,44.0,0,0,146700.0,6489400.0,1.0,45.0,45.0,44.0,44.0,146700.0
2023-10-19,37770,44.0,45.0,43.0,44.0,0,0,675800.0,29741300.0,1.0,44.0,45.0,43.0,44.0,675800.0
2023-10-20,37770,44.0,45.0,43.0,45.0,0,0,752900.0,33023300.0,1.0,44.0,45.0,43.0,45.0,752900.0
2023-10-23,37770,44.0,45.0,44.0,44.0,0,0,286900.0,12688900.0,1.0,44.0,45.0,44.0,44.0,286900.0
2023-10-24,37770,45.0,45.0,43.0,43.0,0,0,667800.0,29095400.0,1.0,45.0,45.0,43.0,43.0,667800.0
2023-10-25,37770,44.0,44.0,43.0,43.0,0,0,535600.0,23081800.0,1.0,44.0,44.0,43.0,43.0,535600.0
2023-10-26,37770,43.0,44.0,43.0,43.0,0,0,282300.0,12233400.0,1.0,43.0,44.0,43.0,43.0,282300.0
2023-10-27,37770,44.0,45.0,43.0,45.0,0,0,400700.0,17777900.0,1.0,44.0,45.0,43.0,45.0,400700.0
2023-10-30,37770,44.0,46.0,44.0,46.0,0,0,605900.0,27619800.0,1.0,44.0,46.0,44.0,46.0,605900.0
2023-10-31,37770,45.0,46.0,44.0,45.0,0,0,1016900.0,45705100.0,1.0,45.0,46.0,44.0,45.0,1016900.0
2023-11-01,37770,45.0,46.0,44.0,46.0,0,0,448800.0,20323400.0,1.0,45.0,46.0,44.0,46.0,448800.0
2023-11-02,37770,46.0,46.0,45.0,45.0,0,0,219300.0,9935200.0,1.0,46.0,46.0,45.0,45.0,219300.0
2023-11-06,37770,46.0,47.0,45.0,46.0,0,0,830100.0,38362700.0,1.0,46.0,47.0,45.0,46.0,830100.0
2023-11-07,37770,46.0,48.0,46.0,48.0,0,0,1113600.0,52422800.0,1.0,46.0,48.0,46.0,48.0,1113600.0
2023-11-08,37770,47.0,48.0,47.0,47.0,0,0,606200.0,28842400.0,1.0,47.0,48.0,47.0,47.0,606200.0
2023-11-09,37770,48.0,49.0,47.0,48.0,0,0,1235700.0,59270800.0,1.0,48.0,49.0,47.0,48.0,1235700.0
2023-11-10,37770,48.0,49.0,47.0,47.0,0,0,694900.0,33305500.0,1.0,48.0,49.0,47.0,47.0,694900.0
2023-11-13,37770,49.0,49.0,47.0,49.0,0,0,767500.0,36842700.0,1.0,49.0,49.0,47.0,49.0,767500.0
2023-11-14,37770,49.0,49.0,47.0,48.0,0,0,1887500.0,90903200.0,1.0,49.0,49.0,47.0,48.0,1887500.0
2023-11-15,37770,49.0,51.0,45.0,46.0,0,0,5154200.0,249467000.0,1.0,49.0,51.0,45.0,46.0,5154200.0
2023-11-16,37770,46.0,47.0,43.0,43.0,0,0,3181700.0,141426500.0,1.0,46.0,47.0,43.0,43.0,3181700.0
2023-11-17,37770,44.0,45.0,43.0,44.0,0,0,1082400.0,47648000.0,1.0,44.0,45.0,43.0,44.0,1082400.0
2023-11-20,37770,45.0,45.0,43.0,43.0,0,0,1435100.0,63587700.0,1.0,45.0,45.0,43.0,43.0,1435100.0
2023-11-21,37770,43.0,44.0,42.0,43.0,0,0,1303000.0,56173500.0,1.0,43.0,44.0,42.0,43.0,1303000.0
2023-11-22,37770,42.0,44.0,42.0,43.0,0,0,755500.0,32396500.0,1.0,42.0,44.0,42.0,43.0,755500.0
2023-11-24,37770,44.0,44.0,42.0,43.0,0,0,762400.0,32882600.0,1.0,44.0,44.0,42.0,43.0,762400.0
2023-11-27,37770,44.0,44.0,39.0,41.0,0,0,2228400.0,92240200.0,1.0,44.0,44.0,39.0,41.0,2228400.0
2023-11-28,37770,41.0,42.0,40.0,42.0,0,0,468800.0,19369500.0,1.0,41.0,42.0,40.0,42.0,468800.0
2023-11-29,37770,41.0,44.0,41.0,43.0,0,0,942300.0,40111900.0,1.0,41.0,44.0,41.0,43.0,942300.0
2023-11-30,37770,43.0,44.0,42.0,42.0,0,0,370700.0,15741600.0,1.0,43.0,44.0,42.0,42.0,370700.0
2023-12-01,37770,42.0,43.0,41.0,42.0,0,0,518800.0,21812700.0,1.0,42.0,43.0,41.0,42.0,518800.0
2023-12-04,37770,42.0,43.0,42.0,42.0,0,0,188300.0,7927000.0,1.0,42.0,43.0,42.0,42.0,188300.0
2023-12-05,37770,43.0,43.0,42.0,42.0,0,0,173000.0,7285700.0,1.0,43.0,43.0,42.0,42.0,173000.0
2023-12-06,37770,43.0,43.0,41.0,41.0,0,0,612800.0,25671300.0,1.0,43.0,43.0,41.0,41.0,612800.0
2023-12-07,37770,41.0,41.0,39.0,39.0,0,0,2017200.0,80238300.0,1.0,41.0,41.0,39.0,39.0,2017200.0
2023-12-08,37770,39.0,40.0,38.0,39.0,0,0,1058100.0,41259200.0,1.0,39.0,40.0,38.0,39.0,1058100.0
2023-12-11,37770,39.0,40.0,38.0,39.0,0,0,610800.0,23700500.0,1.0,39.0,40.0,38.0,39.0,610800.0
2023-12-12,37770,40.0,43.0,39.0,42.0,0,0,2139800.0,87672400.0,1.0,40.0,43.0,39.0,42.0,2139800.0
2023-12-13,37770,41.0,43.0,40.0,41.0,0,0,1318600.0,54703100.0,1.0,41.0,43.0,40.0,41.0,1318600.0
2023-12-14,37770,43.0,43.0,41.0,41.0,0,0,337500.0,14245900.0,1.0,43.0,43.0,41.0,41.0,337500.0
2023-12-15,37770,42.0,43.0,41.0,42.0,0,0,437800.0,18390300.0,1.0,42.0,43.0,41.0,42.0,437800.0
2023-12-18,37770,42.0,43.0,41.0,42.0,0,0,679400.0,28548600.0,1.0,42.0,43.0,41.0,42.0,679400.0
2023-12-19,37770,42.0,43.0,41.0,43.0,0,0,514000.0,21702600.0,1.0,42.0,43.0,41.0,43.0,514000.0
2023-12-20,37770,43.0,44.0,43.0,43.0,0,0,537000.0,23211600.0,1.0,43.0,44.0,43.0,43.0,537000.0
2023-12-21,37770,44.0,44.0,42.0,42.0,0,0,536800.0,22967800.0,1.0,44.0,44.0,42.0,42.0,536800.0
2023-12-22,37770,43.0,44.0,42.0,43.0,0,0,692200.0,29844400.0,1.0,43.0,44.0,42.0,43.0,692200.0
2023-12-25,37770,44.0,44.0,42.0,42.0,0,0,578300.0,24746600.0,1.0,44.0,44.0,42.0,42.0,578300.0
2023-12-26,37770,42.0,42.0,41.0,42.0,0,0,418900.0,17475500.0,1.0,42.0,42.0,41.0,42.0,418900.0
2023-12-27,37770,42.0,42.0,40.0,42.0,0,0,927200.0,38195000.0,1.0,42.0,42.0,40.0,42.0,927200.0
2023-12-28,37770,42.0,43.0,41.0,43.0,0,0,890300.0,37453900.0,1.0,42.0,43.0,41.0,43.0,890300.0
2023-12-29,37770,43.0,43.0,41.0,41.0,0,0,852600.0,35813600.0,1.0,43.0,43.0,41.0,41.0,852600.0
2024-01-04,37770,41.0,42.0,41.0,41.0,0,0,468400.0,19216500.0,1.0,41.0,42.0,41.0,41.0,468400.0
2024-01-05,37770,41.0,42.0,40.0,40.0,0,0,711400.0,29073500.0,1.0,41.0,42.0,40.0,40.0,711400.0
2024-01-09,37770,40.0,42.0,40.0,41.0,0,0,739400.0,30282500.0,1.0,40.0,42.0,40.0,41.0,739400.0
2024-01-10,37770,42.0,42.0,41.0,41.0,0,0,400200.0,16469000.0,1.0,42.0,42.0,41.0,41.0,400200.0
2024-01-11,37770,41.0,42.0,41.0,41.0,0,0,421300.0,17311300.0,1.0,41.0,42.0,41.0,41.0,421300.0
2024-01-12,37770,41.0,42.0,40.0,41.0,0,0,660200.0,27058500.0,1.0,41.0,42.0,40.0,41.0,660200.0
2024-01-15,37770,41.0,42.0,40.0,40.0,0,0,1102400.0,45540600.0,1.0,41.0,42.0,40.0,40.0,1102400.0
2024-01-16,37770,41.0,42.0,40.0,41.0,0,0,565500.0,23177800.0,1.0,41.0,42.0,40.0,41.0,565500.0
2024-01-17,37770,41.0,42.0,41.0,41.0,0,0,347100.0,14351400.0,1.0,41.0,42.0,41.0,41.0,347100.0
2024-01-18,37770,41.0,42.0,40.0,40.0,0,0,593100.0,24287500.0,1.0,41.0,42.0,40.0,40.0,593100.0
2024-01-19,37770,41.0,42.0,40.0,41.0,0,0,453000.0,18563000.0,1.0,41.0,42.0,40.0,41.0,453000.0
2024-01-22,37770,41.0,42.0,41.0,41.0,0,0,746700.0,30637300.0,1.0,41.0,42.0,41.0,41.0,746700.0
2024-01-23,37770,42.0,42.0,40.0,41.0,0,0,695100.0,28484600.0,1.0,42.0,42.0,40.0,41.0,695100.0
2024-01-24,37770,40.0,42.0,40.0,41.0,0,0,557100.0,22815700.0,1.0,40.0,42.0,40.0,41.0,557100.0
2024-01-25,37770,41.0,43.0,41.0,43.0,0,0,1774400.0,74708200.0,1.0,41.0,43.0,41.0,43.0,1774400.0
2024-01-26,37770,42.0,46.0,42.0,43.0,0,0,2345500.0,102602500.0,1.0,42.0,46.0,42.0,43.0,2345500.0
2024-01-29,37770,45.0,45.0,43.0,43.0,0,0,1044400.0,46117100.0,1.0,45.0,45.0,43.0,43.0,1044400.0
2024-01-30,37770,43.0,45.0,43.0,45.0,0,0,759300.0,33486600.0,1.0,43.0,45.0,43.0,45.0,759300.0
2024-01-31,37770,45.0,45.0,44.0,45.0,0,0,879000.0,39437800.0,1.0,45.0,45.0,44.0,45.0,879000.0
2024-02-01,37770,45.0,45.0,43.0,43.0,0,0,717400.0,31727100.0,1.0,45.0,45.0,43.0,43.0,717400.0
2024-02-02,37770,43.0,45.0,43.0,45.0,0,0,463000.0,20286800.0,1.0,43.0,45.0,43.0,45.0,463000.0
2024-02-05,37770,45.0,45.0,43.0,45.0,0,0,602000.0,26862000.0,1.0,45.0,45.0,43.0,45.0,602000.0
2024-02-06,37770,45.0,46.0,44.0,44.0,0,0,981000.0,43822700.0,1.0,45.0,46.0,44.0,44.0,981000.0
2024-02-07,37770,45.0,45.0,43.0,45.0,0,0,912600.0,40298900.0,1.0,45.0,45.0,43.0,45.0,912600.0
2024-02-08,37770,44.0,45.0,44.0,44.0,0,0,365300.0,16293200.0,1.0,44.0,45.0,44.0,44.0,365300.0
2024-02-09,37770,45.0,47.0,44.0,47.0,0,0,1102400.0,50587800.0,1.0,45.0,47.0,44.0,47.0,1102400.0
2024-02-13,37770,48.0,49.0,47.0,49.0,0,0,2864400.0,137451600.0,1.0,48.0,49.0,47.0,49.0,2864400.0
2024-02-14,37770,48.0,49.0,46.0,48.0,0,0,3310700.0,156778000.0,1.0,48.0,49.0,46.0,48.0,3310700.0
2024-02-15,37770,42.0,43.0,38.0,40.0,0,0,6024600.0,244497200.0,1.0,42.0,43.0,38.0,40.0,6024600.0
2024-02-16,37770,40.0,42.0,39.0,42.0,0,0,2183300.0,87972000.0,1.0,40.0,42.0,39.0,42.0,2183300.0
2024-02-19,37770,42.0,44.0,42.0,44.0,0,0,1986000.0,85199100.0,1.0,42.0,44.0,42.0,44.0,1986000.0
2024-02-20,37770,44.0,44.0,42.0,44.0,0,0,1111700.0,48108300.0,1.0,44.0,44.0,42.0,44.0,1111700.0
2024-02-21,37770,44.0,45.0,43.0,43.0,0,0,542300.0,23642800.0,1.0,44.0,45.0,43.0,43.0,542300.0
2024-02-22,37770,44.0,45.0,43.0,44.0,0,0,838500.0,36696600.0,1.0,44.0,45.0,43.0,44.0,838500.0
2024-02-26,37770,44.0,44.0,43.0,43.0,0,0,284800.0,12409100.0,1.0,44.0,44.0,43.0,43.0,284800.0
2024-02-27,37770,43.0,44.0,42.0,42.0,0,0,540000.0,23134700.0,1.0,43.0,44.0,42.0,42.0,540000.0
2024-02-28,37770,42.0,43.0,41.0,41.0,0,0,1292200.0,54233000.0,1.0,42.0,43.0,41.0,41.0,1292200.0
2024-02-29,37770,43.0,44.0,42.0,44.0,0,0,1587000.0,68101200.0,1.0,43.0,44.0,42.0,44.0,1587000.0
2024-03-01,37770,44.0,45.0,42.0,44.0,0,0,1923900.0,83433800.0,1.0,44.0,45.0,42.0,44.0,1923900.0
2024-03-04,37770,43.0,44.0,43.0,43.0,0,0,649800.0,28293000.0,1.0,43.0,44.0,43.0,43.0,649800.0
2024-03-05,37770,43.0,43.0,41.0,42.0,0,0,1796700.0,75705600.0,1.0,43.0,43.0,41.0,42.0,1796700.0
2024-03-06,37770,42.0,43.0,41.0,42.0,0,0,1157800.0,48422500.0,1.0,42.0,43.0,41.0,42.0,1157800.0
2024-03-07,37770,41.0,42.0,41.0,41.0,0,0,417500.0,17332900.0,1.0,41.0,42.0,41.0,41.0,417500.0
2024-03-08,37770,41.0,42.0,40.0,41.0,0,0,1085700.0,44544400.0,1.0,41.0,42.0,40.0,41.0,1085700.0
2024-03-11,37770,40.0,42.0,40.0,40.0,0,0,1081300.0,43980700.0,1.0,40.0,42.0,40.0,40.0,1081300.0
2024-03-12,37770,40.0,42.0,40.0,41.0,0,0,954500.0,39019100.0,1.0,40.0,42.0,40.0,41.0,954500.0
2024-03-13,37770,42.0,42.0,40.0,40.0,0,0,340500.0,13907200.0,1.0,42.0,42.0,40.0,40.0,340500.0
2024-03-14,37770,40.0,41.0,40.0,40.0,0,0,257600.0,10322600.0,1.0,40.0,41.0,40.0,40.0,257600.0
2024-03-15,37770,40.0,41.0,40.0,40.0,0,0,385000.0,15466700.0,1.0,40.0,41.0,40.0,40.0,385000.0
2024-03-18,37770,40.0,41.0,40.0,40.0,0,0,298900.0,12020400.0,1.0,40.0,41.0,40.0,40.0,298900.0
2024-03-19,37770,40.0,40.0,39.0,40.0,0,0,1085000.0,43228000.0,1.0,40.0,40.0,39.0,40.0,1085000.0
2024-03-21,37770,40.0,41.0,39.0,40.0,0,0,530800.0,21236100.0,1.0,40.0,41.0,39.0,40.0,530800.0
2024-03-22,37770,40.0,41.0,39.0,40.0,0,0,395300.0,15765200.0,1.0,40.0,41.0,39.0,40.0,395300.0
2024-03-25,37770,40.0,41.0,39.0,39.0,0,0,464500.0,18598900.0,1.0,40.0,41.0,39.0,39.0,464500.0
2024-03-26,37770,39.0,41.0,39.0,41.0,0,0,582100.0,23309500.0,1.0,39.0,41.0,39.0,41.0,582100.0
2024-03-27,37770,41.0,41.0,39.0,39.0,0,0,727100.0,29166900.0,1.0,41.0,41.0,39.0,39.0,727100.0
2024-03-28,37770,39.0,41.0,39.0,39.0,0,0,455400.0,17989400.0,1.0,39.0,41.0,39.0,39.0,455400.0
2024-03-29,37770,39.0,40.0,39.0,39.0,0,0,279200.0,11075500.0,1.0,39.0,40.0,39.0,39.0,279200.0
2024-04-01,37770,40.0,43.0,40.0,41.0,0,0,1492500.0,62125700.0,1.0,40.0,43.0,40.0,41.0,1492500.0
2024-04-02,37770,41.0,43.0,41.0,42.0,0,0,787900.0,32886800.0,1.0,41.0,43.0,41.0,42.0,787900.0
2024-04-03,37770,42.0,42.0,41.0,41.0,0,0,260400.0,10863900.0,1.0,42.0,42.0,41.0,41.0,260400.0
2024-04-04,37770,41.0,42.0,41.0,41.0,0,0,163600.0,6737800.0,1.0,41.0,42.0,41.0,41.0,163600.0
2024-04-05,37770,41.0,42.0,41.0,42.0,0,0,468500.0,19507700.0,1.0,41.0,42.0,41.0,42.0,468500.0
2024-04-08,37770,42.0,42.0,41.0,42.0,0,0,179100.0,7442700.0,1.0,42.0,42.0,41.0,42.0,179100.0
2024-04-09,37770,42.0,42.0,40.0,40.0,0,0,692400.0,28372400.0,1.0,42.0,42.0,40.0,40.0,692400.0
2024-04-10,37770,40.0,44.0,40.0,43.0,0,0,1716900.0,72442100.0,1.0,40.0,44.0,40.0,43.0,1716900.0
2024-04-11,37770,42.0,42.0,41.0,41.0,0,0,381500.0,15975100.0,1.0,42.0,42.0,41.0,41.0,381500.0
2024-04-12,37770,42.0,42.0,41.0,41.0,0,0,106900.0,4440600.0,1.0,42.0,42.0,41.0,41.0,106900.0
2024-04-15,37770,41.0,42.0,41.0,42.0,0,0,146800.0,6129700.0,1.0,41.0,42.0,41.0,42.0,146800.0
2024-04-16,37770,41.0,42.0,41.0,41.0,0,0,154200.0,6353800.0,1.0,41.0,42.0,41.0,41.0,154200.0
2024-04-17,37770,41.0,42.0,40.0,40.0,0,0,968500.0,39474200.0,1.0,41.0,42.0,40.0,40.0,968500.0
2024-04-18,37770,40.0,41.0,40.0,40.0,0,0,187900.0,7603700.0,1.0,40.0,41.0,40.0,40.0,187900.0
2024-04-19,37770,41.0,41.0,40.0,40.0,0,0,124200.0,4988900.0,1.0,41.0,41.0,40.0,40.0,124200.0
2024-04-22,37770,40.0,41.0,40.0,41.0,0,0,96200.0,3900000.0,1.0,40.0,41.0,40.0,41.0,96200.0
2024-04-23,37770,40.0,41.0,39.0,40.0,0,0,884400.0,35366200.0,1.0,40.0,41.0,39.0,40.0,884400.0
2024-04-24,37770,40.0,41.0,40.0,40.0,0,0,310100.0,12406500.0,1.0,40.0,41.0,40.0,40.0,310100.0
2024-04-25,37770,40.0,40.0,39.0,39.0,0,0,176500.0,7003300.0,1.0,40.0,40.0,39.0,39.0,176500.0
2024-04-26,37770,39.0,40.0,39.0,40.0,0,0,131600.0,5184500.0,1.0,39.0,40.0,39.0,40.0,131600.0
2024-04-30,37770,40.0,40.0,39.0,39.0,0,0,111200.0,4415100.0,1.0,40.0,40.0,39.0,39.0,111200.0
2024-05-01,37770,40.0,41.0,39.0,39.0,0,0,454600.0,18142400.0,1.0,40.0,41.0,39.0,39.0,454600.0
2024-05-02,37770,40.0,40.0,39.0,40.0,0,0,117200.0,4686400.0,1.0,40.0,40.0,39.0,40.0,117200.0
2024-05-07,37770,40.0,41.0,39.0,40.0,0,0,341400.0,13645400.0,1.0,40.0,41.0,39.0,40.0,341400.0
2024-05-08,37770,39.0,41.0,39.0,40.0,0,0,282800.0,11296400.0,1.0,39.0,41.0,39.0,40.0,282800.0
2024-05-09,37770,40.0,41.0,40.0,41.0,0,0,121700.0,4880100.0,1.0,40.0,41.0,40.0,41.0,121700.0
2024-05-10,37770,41.0,41.0,40.0,41.0,0,0,227700.0,9243100.0,1.0,41.0,41.0,40.0,41.0,227700.0
2024-05-13,37770,40.0,41.0,39.0,40.0,0,0,657400.0,26255600.0,1.0,40.0,41.0,39.0,40.0,657400.0
2024-05-14,37770,40.0,41.0,40.0,40.0,0,0,456400.0,18284700.0,1.0,40.0,41.0,40.0,40.0,456400.0
2024-05-15,37770,41.0,41.0,40.0,40.0,0,0,433600.0,17389500.0,1.0,41.0,41.0,40.0,40.0,433600.0
2024-05-16,37770,39.0,40.0,38.0,40.0,0,0,1427500.0,55620700.0,1.0,39.0,40.0,38.0,40.0,1427500.0
2024-05-17,37770,40.0,40.0,39.0,40.0,0,0,727200.0,28701600.0,1.0,40.0,40.0,39.0,40.0,727200.0
2024-05-20,37770,39.0,41.0,39.0,39.0,0,0,703900.0,28074300.0,1.0,39.0,41.0,39.0,39.0,703900.0
2024-05-21,37770,39.0,40.0,39.0,39.0,0,0,207900.0,8166900.0,1.0,39.0,40.0,39.0,39.0,207900.0
2024-05-22,37770,39.0,40.0,39.0,40.0,0,0,326100.0,12876500.0,1.0,39.0,40.0,39.0,40.0,326100.0
2024-05-23,37770,40.0,40.0,39.0,40.0,0,0,455200.0,18205200.0,1.0,40.0,40.0,39.0,40.0,455200.0
2024-05-24,37770,40.0,40.0,39.0,39.0,0,0,758800.0,29705800.0,1.0,40.0,40.0,39.0,39.0,758800.0
2024-05-27,37770,39.0,40.0,39.0,39.0,0,0,232100.0,9121700.0,1.0,39.0,40.0,39.0,39.0,232100.0
2024-05-28,37770,40.0,42.0,39.0,40.0,0,0,1836200.0,74155900.0,1.0,40.0,42.0,39.0,40.0,1836200.0
2024-05-29,37770,40.0,41.0,40.0,40.0,0,0,231300.0,9339600.0,1.0,40.0,41.0,40.0,40.0,231300.0
2024-05-30,37770,40.0,41.0,39.0,41.0,0,0,809200.0,32378200.0,1.0,40.0,41.0,39.0,41.0,809200.0
2024-05-31,37770,39.0,40.0,39.0,40.0,0,0,254500.0,10086800.0,1.0,39.0,40.0,39.0,40.0,254500.0
2024-06-03,37770,47.0,48.0,41.0,41.0,0,0,13264100.0,578264400.0,1.0,47.0,48.0,41.0,41.0,13264100.0
2024-06-04,37770,41.0,42.0,40.0,40.0,0,0,1049100.0,42836500.0,1.0,41.0,42.0,40.0,40.0,1049100.0
2024-06-05,37770,40.0,41.0,38.0,38.0,0,0,3266100.0,128025100.0,1.0,40.0,41.0,38.0,38.0,3266100.0
2024-06-06,37770,38.0,39.0,37.0,38.0,0,0,2119400.0,80459900.0,1.0,38.0,39.0,37.0,38.0,2119400.0
2024-06-07,37770,38.0,38.0,37.0,38.0,0,0,350000.0,13162100.0,1.0,38.0,38.0,37.0,38.0,350000.0
2024-06-10,37770,38.0,38.0,37.0,37.0,0,0,319600.0,11970900.0,1.0,38.0,38.0,37.0,37.0,319600.0
2024-06-11,37770,37.0,38.0,37.0,37.0,0,0,799200.0,29603100.0,1.0,37.0,38.0,37.0,37.0,799200.0
2024-06-12,37770,38.0,38.0,36.0,37.0,0,0,602600.0,22175000.0,1.0,38.0,38.0,36.0,37.0,602600.0
2024-06-13,37770,36.0,37.0,36.0,37.0,0,0,476100.0,17299800.0,1.0,36.0,37.0,36.0,37.0,476100.0
2024-06-14,37770,37.0,37.0,36.0,36.0,0,0,367300.0,13506600.0,1.0,37.0,37.0,36.0,36.0,367300.0
2024-06-17,37770,37.0,37.0,36.0,36.0,0,0,425700.0,15498300.0,1.0,37.0,37.0,36.0,36.0,425700.0
2024-06-18,37770,37.0,37.0,36.0,36.0,0,0,603000.0,21877100.0,1.0,37.0,37.0,36.0,36.0,603000.0
2024-06-19,37770,37.0,37.0,36.0,36.0,0,0,304100.0,11030600.0,1.0,37.0,37.0,36.0,36.0,304100.0
2024-06-20,37770,36.0,38.0,35.0,38.0,0,0,1529800.0,55984500.0,1.0,36.0,38.0,35.0,38.0,1529800.0
2024-06-21,37770,37.0,38.0,37.0,37.0,0,0,175400.0,6538700.0,1.0,37.0,38.0,37.0,37.0,175400.0
2024-06-24,37770,38.0,38.0,36.0,36.0,0,0,614400.0,22551300.0,1.0,38.0,38.0,36.0,36.0,614400.0
2024-06-25,37770,37.0,37.0,36.0,37.0,0,0,260700.0,9628100.0,1.0,37.0,37.0,36.0,37.0,260700.0
2024-06-26,37770,37.0,38.0,37.0,38.0,0,0,501900.0,18631400.0,1.0,37.0,38.0,37.0,38.0,501900.0
2024-06-27,37770,37.0,38.0,36.0,38.0,0,0,675200.0,25065800.0,1.0,37.0,38.0,36.0,38.0,675200.0
2024-06-28,37770,37.0,38.0,37.0,37.0,0,0,189100.0,7064100.0,1.0,37.0,38.0,37.0,37.0,189100.0
2024-07-01,37770,38.0,38.0,37.0,37.0,0,0,186400.0,7000300.0,1.0,38.0,38.0,37.0,37.0,186400.0
2024-07-02,37770,37.0,38.0,36.0,36.0,0,0,403700.0,14911400.0,1.0,37.0,38.0,36.0,36.0,403700.0
2024-07-03,37770,37.0,37.0,36.0,36.0,0,0,124100.0,4557700.0,1.0,37.0,37.0,36.0,36.0,124100.0
2024-07-04,37770,36.0,37.0,36.0,37.0,0,0,156200.0,5645100.0,1.0,36.0,37.0,36.0,37.0,156200.0
2024-07-05,37770,37.0,37.0,36.0,36.0,0,0,222500.0,8190700.0,1.0,37.0,37.0,36.0,36.0,222500.0
2024-07-08,37770,36.0,37.0,35.0,35.0,0,0,760000.0,27295100.0,1.0,36.0,37.0,35.0,35.0,760000.0
2024-07-09,37770,36.0,36.0,35.0,35.0,0,0,265200.0,9523500.0,1.0,36.0,36.0,35.0,35.0,265200.0
2024-07-10,37770,35.0,37.0,35.0,36.0,0,0,371200.0,13325200.0,1.0,35.0,37.0,35.0,36.0,371200.0
2024-07-11,37770,37.0,37.0,35.0,35.0,0,0,253700.0,9156300.0,1.0,37.0,37.0,35.0,35.0,253700.0
2024-07-12,37770,36.0,37.0,36.0,36.0,0,0,254100.0,9168300.0,1.0,36.0,37.0,36.0,36.0,254100.0
2024-07-16,37770,36.0,37.0,35.0,36.0,0,0,400400.0,14415100.0,1.0,36.0,37.0,35.0,36.0,400400.0
2024-07-17,37770,36.0,37.0,36.0,36.0,0,0,92800.0,3341900.0,1.0,36.0,37.0,36.0,36.0,92800.0
2024-07-18,37770,36.0,37.0,35.0,36.0,0,0,592400.0,21323400.0,1.0,36.0,37.0,35.0,36.0,592400.0
2024-07-19,37770,36.0,37.0,35.0,35.0,0,0,288300.0,10332400.0,1.0,36.0,37.0,35.0,35.0,288300.0
2024-07-22,37770,36.0,37.0,35.0,36.0,0,0,407000.0,14620600.0,1.0,36.0,37.0,35.0,36.0,407000.0
2024-07-23,37770,36.0,36.0,35.0,36.0,0,0,85800.0,3048300.0,1.0,36.0,36.0,35.0,36.0,85800.0
2024-07-24,37770,36.0,36.0,35.0,36.0,0,0,108000.0,3827800.0,1.0,36.0,36.0,35.0,36.0,108000.0
2024-07-25,37770,35.0,36.0,34.0,35.0,0,0,919800.0,32214900.0,1.0,35.0,36.0,34.0,35.0,919800.0
2024-07-26,37770,35.0,35.0,34.0,34.0,0,0,240400.0,8289900.0,1.0,35.0,35.0,34.0,34.0,240400.0
2024-07-29,37770,34.0,35.0,34.0,35.0,0,0,318500.0,10863300.0,1.0,34.0,35.0,34.0,35.0,318500.0
2024-07-30,37770,35.0,35.0,34.0,34.0,0,0,77500.0,2663700.0,1.0,35.0,35.0,34.0,34.0,77500.0
2024-07-31,37770,34.0,35.0,33.0,35.0,0,0,751900.0,25668800.0,1.0,34.0,35.0,33.0,35.0,751900.0
2024-08-01,37770,34.0,35.0,34.0,35.0,0,0,333300.0,11378300.0,1.0,34.0,35.0,34.0,35.0,333300.0
2024-08-02,37770,34.0,34.0,32.0,32.0,0,0,1142700.0,37435400.0,1.0,34.0,34.0,32.0,32.0,1142700.0
2024-08-05,37770,31.0,31.0,20.0,23.0,0,0,5856300.0,150313100.0,1.0,31.0,31.0,20.0,23.0,5856300.0
2024-08-06,37770,26.0,29.0,25.0,29.0,0,0,1779000.0,46855600.0,1.0,26.0,29.0,25.0,29.0,1779000.0
2024-08-07,37770,26.0,29.0,25.0,27.0,0,0,2356300.0,63365000.0,1.0,26.0,29.0,25.0,27.0,2356300.0
2024-08-08,37770,28.0,29.0,27.0,29.0,0,0,493100.0,13829800.0,1.0,28.0,29.0,27.0,29.0,493100.0
2024-08-09,37770,28.0,29.0,27.0,28.0,0,0,878600.0,24597700.0,1.0,28.0,29.0,27.0,28.0,878600.0
2024-08-13,37770,28.0,30.0,27.0,30.0,0,0,851900.0,24345800.0,1.0,28.0,30.0,27.0,30.0,851900.0
2024-08-14,37770,31.0,35.0,30.0,31.0,0,0,3731500.0,121837800.0,1.0,31.0,35.0,30.0,31.0,3731500.0
2024-08-15,37770,30.0,30.0,28.0,30.0,0,0,1315600.0,38702500.0,1.0,30.0,30.0,28.0,30.0,1315600.0
2024-08-16,37770,30.0,30.0,28.0,30.0,0,0,678400.0,19717500.0,1.0,30.0,30.0,28.0,30.0,678400.0
2024-08-19,37770,29.0,31.0,29.0,31.0,0,0,528600.0,15691700.0,1.0,29.0,31.0,29.0,31.0,528600.0
2024-08-20,37770,30.0,31.0,30.0,30.0,0,0,369300.0,11177800.0,1.0,30.0,31.0,30.0,30.0,369300.0
2024-08-21,37770,30.0,31.0,27.0,29.0,0,0,1568900.0,45084900.0,1.0,30.0,31.0,27.0,29.0,1568900.0
2024-08-22,37770,29.0,31.0,29.0,31.0,0,0,1108800.0,33107200.0,1.0,29.0,31.0,29.0,31.0,1108800.0
2024-08-23,37770,31.0,31.0,29.0,29.0,0,0,729900.0,21874800.0,1.0,31.0,31.0,29.0,29.0,729900.0
2024-08-26,37770,29.0,31.0,29.0,30.0,0,0,482400.0,14463100.0,1.0,29.0,31.0,29.0,30.0,482400.0
2024-08-27,37770,31.0,34.0,30.0,33.0,0,0,1672400.0,53050500.0,1.0,31.0,34.0,30.0,33.0,1672400.0
2024-08-28,37770,33.0,34.0,31.0,32.0,0,0,1183500.0,38465100.0,1.0,33.0,34.0,31.0,32.0,1183500.0
2024-08-29,37770,32.0,33.0,31.0,31.0,0,0,308200.0,9714100.0,1.0,32.0,33.0,31.0,31.0,308200.0
2024-08-30,37770,32.0,33.0,31.0,32.0,0,0,314900.0,10126600.0,1.0,32.0,33.0,31.0,32.0,314900.0
2024-09-02,37770,33.0,34.0,32.0,33.0,0,0,862300.0,28343600.0,1.0,33.0,34.0,32.0,33.0,862300.0
2024-09-03,37770,34.0,34.0,32.0,33.0,0,0,838800.0,27674600.0,1.0,34.0,34.0,32.0,33.0,838800.0
2024-09-04,37770,32.0,33.0,31.0,31.0,0,0,608000.0,19444600.0,1.0,32.0,33.0,31.0,31.0,608000.0
2024-09-05,37770,31.0,33.0,31.0,31.0,0,0,441500.0,14031900.0,1.0,31.0,33.0,31.0,31.0,441500.0
2024-09-06,37770,32.0,33.0,31.0,33.0,0,0,285100.0,9120700.0,1.0,32.0,33.0,31.0,33.0,285100.0
2024-09-09,37770,31.0,32.0,31.0,31.0,0,0,291900.0,9164400.0,1.0,31.0,32.0,31.0,31.0,291900.0
2024-09-10,37770,30.0,31.0,30.0,30.0,0,0,646700.0,19756400.0,1.0,30.0,31.0,30.0,30.0,646700.0
2024-09-11,37770,31.0,32.0,30.0,31.0,0,0,340700.0,10526400.0,1.0,31.0,32.0,30.0,31.0,340700.0
2024-09-12,37770,31.0,32.0,30.0,31.0,0,0,261700.0,8084600.0,1.0,31.0,32.0,30.0,31.0,261700.0
2024-09-13,37770,30.0,31.0,30.0,30.0,0,0,250000.0,7500600.0,1.0,30.0,31.0,30.0,30.0,250000.0
2024-09-17,37770,31.0,31.0,28.0,29.0,0,0,1354100.0,39416900.0,1.0,31.0,31.0,28.0,29.0,1354100.0
2024-09-18,37770,28.0,30.0,28.0,30.0,0,0,289700.0,8373600.0,1.0,28.0,30.0,28.0,30.0,289700.0
2024-09-19,37770,29.0,30.0,29.0,29.0,0,0,148200.0,4311100.0,1.0,29.0,30.0,29.0,29.0,148200.0
2024-09-20,37770,29.0,31.0,29.0,29.0,0,0,1008000.0,29883900.0,1.0,29.0,31.0,29.0,29.0,1008000.0
2024-09-24,37770,29.0,31.0,29.0,31.0,0,0,447000.0,13496100.0,1.0,29.0,31.0,29.0,31.0,447000.0
2024-09-25,37770,31.0,31.0,30.0,30.0,0,0,148100.0,4556300.0,1.0,31.0,31.0,30.0,30.0,148100.0
2024-09-26,37770,30.0,31.0,29.0,31.0,0,0,261900.0,7867400.0,1.0,30.0,31.0,29.0,31.0,261900.0
2024-09-27,37770,31.0,31.0,30.0,31.0,0,0,441500.0,13662400.0,1.0,31.0,31.0,30.0,31.0,441500.0
2024-09-30,37770,30.0,31.0,29.0,29.0,0,0,573400.0,17179000.0,1.0,30.0,31.0,29.0,29.0,573400.0
2024-10-01,37770,30.0,31.0,30.0,30.0,0,0,259000.0,7770300.0,1.0,30.0,31.0,30.0,30.0,259000.0
2024-10-02,37770,29.0,31.0,29.0,29.0,0,0,189000.0,5622900.0,1.0,29.0,31.0,29.0,29.0,189000.0
2024-10-03,37770,30.0,31.0,29.0,30.0,0,0,590900.0,17987200.0,1.0,30.0,31.0,29.0,30.0,590900.0
2024-10-04,37770,30.0,30.0,29.0,29.0,0,0,175400.0,5196500.0,1.0,30.0,30.0,29.0,29.0,175400.0
2024-10-07,37770,30.0,31.0,29.0,31.0,0,0,538300.0,16147000.0,1.0,30.0,31.0,29.0,31.0,538300.0
2024-10-08,37770,29.0,31.0,29.0,29.0,0,0,464800.0,14095400.0,1.0,29.0,31.0,29.0,29.0,464800.0
2024-10-09,37770,29.0,30.0,29.0,29.0,0,0,100300.0,2969000.0,1.0,29.0,30.0,29.0,29.0,100300.0
2024-10-10,37770,30.0,30.0,29.0,29.0,0,0,311900.0,9230700.0,1.0,30.0,30.0,29.0,29.0,311900.0
2024-10-11,37770,30.0,30.0,29.0,29.0,0,0,117000.0,3450700.0,1.0,30.0,30.0,29.0,29.0,117000.0
2024-10-15,37770,29.0,31.0,29.0,31.0,0,0,287500.0,8586100.0,1.0,29.0,31.0,29.0,31.0,287500.0
2024-10-16,37770,30.0,31.0,29.0,30.0,0,0,217000.0,6509900.0,1.0,30.0,31.0,29.0,30.0,217000.0
2024-10-17,37770,30.0,31.0,30.0,30.0,0,0,37900.0,1140600.0,1.0,30.0,31.0,30.0,30.0,37900.0
2024-10-18,37770,30.0,31.0,30.0,31.0,0,0,35600.0,1070300.0,1.0,30.0,31.0,30.0,31.0,35600.0
2024-10-21,37770,30.0,31.0,29.0,30.0,0,0,272100.0,8166800.0,1.0,30.0,31.0,29.0,30.0,272100.0
2024-10-22,37770,30.0,31.0,30.0,31.0,0,0,47400.0,1427500.0,1.0,30.0,31.0,30.0,31.0,47400.0
2024-10-23,37770,30.0,31.0,30.0,30.0,0,0,163100.0,4896100.0,1.0,30.0,31.0,30.0,30.0,163100.0
2024-10-24,37770,30.0,31.0,29.0,30.0,0,0,237600.0,7113500.0,1.0,30.0,31.0,29.0,30.0,237600.0
2024-10-25,37770,30.0,30.0,29.0,29.0,0,0,486800.0,14528300.0,1.0,30.0,30.0,29.0,29.0,486800.0
2024-10-28,37770,29.0,31.0,29.0,30.0,0,0,309300.0,9149200.0,1.0,29.0,31.0,29.0,30.0,309300.0
2024-10-29,37770,30.0,31.0,30.0,31.0,0,0,312500.0,9531300.0,1.0,30.0,31.0,30.0,31.0,312500.0
2024-10-30,37770,31.0,31.0,30.0,31.0,0,0,313300.0,9679100.0,1.0,31.0,31.0,30.0,31.0,313300.0
2024-10-31,37770,31.0,31.0,30.0,31.0,0,0,106600.0,3222300.0,1.0,31.0,31.0,30.0,31.0,106600.0
2024-11-01,37770,31.0,31.0,30.0,30.0,0,0,100700.0,3037600.0,1.0,31.0,31.0,30.0,30.0,100700.0
2024-11-05,37770,31.0,32.0,30.0,32.0,0,0,691100.0,21394900.0,1.0,31.0,32.0,30.0,32.0,691100.0
2024-11-06,37770,32.0,33.0,31.0,32.0,0,0,311900.0,9913500.0,1.0,32.0,33.0,31.0,32.0,311900.0
2024-11-07,37770,32.0,34.0,32.0,33.0,0,0,1204000.0,39297900.0,1.0,32.0,34.0,32.0,33.0,1204000.0
2024-11-08,37770,33.0,34.0,32.0,33.0,0,0,547500.0,18236000.0,1.0,33.0,34.0,32.0,33.0,547500.0
2024-11-11,37770,33.0,33.0,30.0,32.0,0,0,1134900.0,35870200.0,1.0,33.0,33.0,30.0,32.0,1134900.0
2024-11-12,37770,31.0,32.0,31.0,32.0,0,0,127700.0,4030200.0,1.0,31.0,32.0,31.0,32.0,127700.0
2024-11-13,37770,31.0,32.0,31.0,31.0,0,0,65700.0,2040900.0,1.0,31.0,32.0,31.0,31.0,65700.0
2024-11-14,37770,32.0,32.0,31.0,31.0,0,0,203700.0,6464600.0,1.0,32.0,32.0,31.0,31.0,203700.0
2024-11-15,37770,30.0,31.0,29.0,29.0,0,0,1111300.0,33327300.0,1.0,30.0,31.0,29.0,29.0,1111300.0
2024-11-18,37770,29.0,30.0,29.0,30.0,0,0,163100.0,4828100.0,1.0,29.0,30.0,29.0,30.0,163100.0
2024-11-19,37770,29.0,30.0,29.0,29.0,0,0,91700.0,2671800.0,1.0,29.0,30.0,29.0,29.0,91700.0
2024-11-20,37770,30.0,30.0,29.0,30.0,0,0,814900.0,24286800.0,1.0,30.0,30.0,29.0,30.0,814900.0
2024-11-21,37770,30.0,31.0,30.0,30.0,0,0,65000.0,1964000.0,1.0,30.0,31.0,30.0,30.0,65000.0
2024-11-22,37770,30.0,31.0,29.0,31.0,0,0,1286300.0,39313700.0,1.0,30.0,31.0,29.0,31.0,1286300.0
2024-11-25,37770,31.0,32.0,30.0,32.0,0,0,805600.0,25238300.0,1.0,31.0,32.0,30.0,32.0,805600.0
2024-11-26,37770,33.0,33.0,31.0,33.0,0,0,912700.0,29686600.0,1.0,33.0,33.0,31.0,33.0,912700.0
2024-11-27,37770,33.0,33.0,31.0,31.0,0,0,594500.0,18983600.0,1.0,33.0,33.0,31.0,31.0,594500.0
2024-11-28,37770,32.0,33.0,31.0,32.0,0,0,545800.0,17452500.0,1.0,32.0,33.0,31.0,32.0,545800.0
2024-11-29,37770,31.0,33.0,31.0,33.0,0,0,450600.0,14338700.0,1.0,31.0,33.0,31.0,33.0,450600.0
2024-12-02,37770,32.0,33.0,31.0,32.0,0,0,342900.0,10938900.0,1.0,32.0,33.0,31.0,32.0,342900.0
2024-12-03,37770,32.0,33.0,31.0,31.0,0,0,406900.0,12919100.0,1.0,32.0,33.0,31.0,31.0,406900.0
2024-12-04,37770,32.0,32.0,31.0,31.0,0,0,103700.0,3224700.0,1.0,32.0,32.0,31.0,31.0,103700.0
2024-12-05,37770,31.0,32.0,30.0,31.0,0,0,521000.0,16152700.0,1.0,31.0,32.0,30.0,31.0,521000.0
2024-12-06,37770,31.0,32.0,30.0,31.0,0,0,481600.0,14800800.0,1.0,31.0,32.0,30.0,31.0,481600.0
2024-12-09,37770,31.0,31.0,30.0,31.0,0,0,73500.0,2274300.0,1.0,31.0,31.0,30.0,31.0,73500.0
2024-12-10,37770,31.0,32.0,31.0,31.0,0,0,939800.0,29334900.0,1.0,31.0,32.0,31.0,31.0,939800.0
2024-12-11,37770,32.0,32.0,30.0,31.0,0,0,387300.0,12096600.0,1.0,32.0,32.0,30.0,31.0,387300.0
2024-12-12,37770,31.0,32.0,30.0,32.0,0,0,316300.0,9998600.0,1.0,31.0,32.0,30.0,32.0,316300.0
2024-12-13,37770,32.0,33.0,31.0,32.0,0,0,1223700.0,39123000.0,1.0,32.0,33.0,31.0,32.0,1223700.0
2024-12-16,37770,32.0,32.0,31.0,31.0,0,0,191500.0,6042100.0,1.0,32.0,32.0,31.0,31.0,191500.0
2024-12-17,37770,31.0,32.0,31.0,31.0,0,0,58900.0,1858400.0,1.0,31.0,32.0,31.0,31.0,58900.0
2024-12-18,37770,31.0,32.0,31.0,31.0,0,0,406700.0,12924200.0,1.0,31.0,32.0,31.0,31.0,406700.0
2024-12-19,37770,31.0,32.0,31.0,31.0,0,0,77200.0,2401100.0,1.0,31.0,32.0,31.0,31.0,77200.0
2024-12-20,37770,33.0,34.0,32.0,32.0,0,0,2210200.0,71740800.0,1.0,33.0,34.0,32.0,32.0,2210200.0
2024-12-23,37770,31.0,33.0,31.0,32.0,0,0,651900.0,20716600.0,1.0,31.0,33.0,31.0,32.0,651900.0
2024-12-24,37770,31.0,33.0,31.0,32.0,0,0,854100.0,27296200.0,1.0,31.0,33.0,31.0,32.0,854100.0
2024-12-25,37770,32.0,33.0,31.0,32.0,0,0,877700.0,28095400.0,1.0,32.0,33.0,31.0,32.0,877700.0
2024-12-26,37770,33.0,33.0,31.0,32.0,0,0,334400.0,10675100.0,1.0,33.0,33.0,31.0,32.0,334400.0
2024-12-27,37770,31.0,33.0,31.0,32.0,0,0,390600.0,12462600.0,1.0,31.0,33.0,31.0,32.0,390600.0
2024-12-30,37770,32.0,33.0,32.0,32.0,0,0,115400.0,3696200.0,1.0,32.0,33.0,32.0,32.0,115400.0
2025-01-06,37770,32.0,33.0,31.0,32.0,0,0,459300.0,14731300.0,1.0,32.0,33.0,31.0,32.0,459300.0
2025-01-07,37770,33.0,33.0,32.0,33.0,0,0,75700.0,2448400.0,1.0,33.0,33.0,32.0,33.0,75700.0
2025-01-08,37770,33.0,33.0,32.0,33.0,0,0,76500.0,2499900.0,1.0,33.0,33.0,32.0,33.0,76500.0
2025-01-09,37770,32.0,33.0,31.0,33.0,0,0,510600.0,16428500.0,1.0,32.0,33.0,31.0,33.0,510600.0
2025-01-10,37770,32.0,33.0,31.0,32.0,0,0,535100.0,17123700.0,1.0,32.0,33.0,31.0,32.0,535100.0
2025-01-14,37770,32.0,33.0,31.0,31.0,0,0,731400.0,23356900.0,1.0,32.0,33.0,31.0,31.0,731400.0
2025-01-15,37770,32.0,33.0,31.0,32.0,0,0,486300.0,15539000.0,1.0,32.0,33.0,31.0,32.0,486300.0
2025-01-16,37770,31.0,33.0,31.0,32.0,0,0,359400.0,11480200.0,1.0,31.0,33.0,31.0,32.0,359400.0
2025-01-17,37770,31.0,32.0,30.0,31.0,0,0,709400.0,21991700.0,1.0,31.0,32.0,30.0,31.0,709400.0
2025-01-20,37770,31.0,32.0,30.0,32.0,0,0,521900.0,16294700.0,1.0,31.0,32.0,30.0,32.0,521900.0
2025-01-21,37770,30.0,32.0,30.0,31.0,0,0,1004200.0,30661200.0,1.0,30.0,32.0,30.0,31.0,1004200.0
2025-01-22,37770,31.0,32.0,30.0,30.0,0,0,624700.0,19334200.0,1.0,31.0,32.0,30.0,30.0,624700.0
2025-01-23,37770,31.0,31.0,30.0,31.0,0,0,177000.0,5486900.0,1.0,31.0,31.0,30.0,31.0,177000.0
2025-01-24,37770,30.0,32.0,30.0,30.0,0,0,408200.0,12629300.0,1.0,30.0,32.0,30.0,30.0,408200.0
2025-01-27,37770,31.0,32.0,31.0,31.0,0,0,152600.0,4756700.0,1.0,31.0,32.0,31.0,31.0,152600.0
2025-01-28,37770,31.0,32.0,31.0,31.0,0,0,77200.0,2406200.0,1.0,31.0,32.0,31.0,31.0,77200.0
2025-01-29,37770,31.0,32.0,31.0,31.0,0,0,79400.0,2462400.0,1.0,31.0,32.0,31.0,31.0,79400.0
2025-01-30,37770,31.0,32.0,30.0,30.0,0,0,179100.0,5471500.0,1.0,31.0,32.0,30.0,30.0,179100.0
2025-01-31,37770,30.0,31.0,30.0,30.0,0,0,76200.0,2297600.0,1.0,30.0,31.0,30.0,30.0,76200.0
2025-02-03,37770,30.0,41.0,30.0,37.0,0,0,14794200.0,537907500.0,1.0,30.0,41.0,30.0,37.0,14794200.0
2025-02-04,37770,35.0,36.0,32.0,33.0,0,0,6322000.0,211107700.0,1.0,35.0,36.0,32.0,33.0,6322000.0
2025-02-05,37770,33.0,35.0,31.0,32.0,0,0,2860500.0,93127000.0,1.0,33.0,35.0,31.0,32.0,2860500.0
2025-02-06,37770,32.0,35.0,32.0,33.0,0,0,2476700.0,83151600.0,1.0,32.0,35.0,32.0,33.0,2476700.0
2025-02-07,37770,34.0,34.0,32.0,34.0,0,0,884800.0,29235200.0,1.0,34.0,34.0,32.0,34.0,884800.0
2025-02-10,37770,33.0,34.0,33.0,33.0,0,0,481100.0,15953500.0,1.0,33.0,34.0,33.0,33.0,481100.0
2025-02-12,37770,33.0,37.0,33.0,34.0,0,0,2977100.0,104501300.0,1.0,33.0,37.0,33.0,34.0,2977100.0
2025-02-13,37770,35.0,36.0,33.0,34.0,0,0,1103000.0,38126300.0,1.0,35.0,36.0,33.0,34.0,1103000.0
2025-02-14,37770,34.0,35.0,33.0,35.0,0,0,804600.0,27476800.0,1.0,34.0,35.0,33.0,35.0,804600.0
2025-02-17,37770,33.0,35.0,33.0,33.0,0,0,952500.0,32197500.0,1.0,33.0,35.0,33.0,33.0,952500.0
2025-02-18,37770,33.0,34.0,33.0,34.0,0,0,280200.0,9343300.0,1.0,33.0,34.0,33.0,34.0,280200.0
2025-02-19,37770,34.0,35.0,33.0,34.0,0,0,990500.0,33626900.0,1.0,34.0,35.0,33.0,34.0,990500.0
2025-02-20,37770,33.0,35.0,33.0,34.0,0,0,435300.0,14761800.0,1.0,33.0,35.0,33.0,34.0,435300.0
2025-02-21,37770,35.0,35.0,33.0,33.0,0,0,623400.0,21167900.0,1.0,35.0,35.0,33.0,33.0,623400.0
2025-02-25,37770,33.0,35.0,33.0,34.0,0,0,784300.0,26675200.0,1.0,33.0,35.0,33.0,34.0,784300.0
2025-02-26,37770,34.0,36.0,34.0,34.0,0,0,1848300.0,64658600.0,1.0,34.0,36.0,34.0,34.0,1848300.0
2025-02-27,37770,36.0,36.0,34.0,35.0,0,0,526200.0,18268600.0,1.0,36.0,36.0,34.0,35.0,526200.0
2025-02-28,37770,35.0,35.0,32.0,34.0,0,0,2673300.0,88812000.0,1.0,35.0,35.0,32.0,34.0,2673300.0
2025-03-03,37770,34.0,34.0,33.0,33.0,0,0,163000.0,5451000.0,1.0,34.0,34.0,33.0,33.0,163000.0
2025-03-04,37770,33.0,34.0,32.0,33.0,0,0,1046000.0,34056800.0,1.0,33.0,34.0,32.0,33.0,1046000.0
2025-03-05,37770,32.0,33.0,32.0,32.0,0,0,493300.0,16134200.0,1.0,32.0,33.0,32.0,32.0,493300.0
2025-03-06,37770,32.0,33.0,32.0,33.0,0,0,149900.0,4821000.0,1.0,32.0,33.0,32.0,33.0,149900.0
2025-03-07,37770,33.0,33.0,31.0,32.0,0,0,1350100.0,43161100.0,1.0,33.0,33.0,31.0,32.0,1350100.0
2025-03-10,37770,32.0,33.0,31.0,32.0,0,0,706500.0,22640600.0,1.0,32.0,33.0,31.0,32.0,706500.0
2025-03-11,37770,31.0,32.0,31.0,32.0,0,0,169500.0,5368500.0,1.0,31.0,32.0,31.0,32.0,169500.0
2025-03-12,37770,32.0,33.0,31.0,32.0,0,0,738400.0,23584300.0,1.0,32.0,33.0,31.0,32.0,738400.0
2025-03-13,37770,32.0,33.0,32.0,32.0,0,0,650900.0,20876500.0,1.0,32.0,33.0,32.0,32.0,650900.0
2025-03-14,37770,33.0,33.0,32.0,32.0,0,0,276000.0,9034100.0,1.0,33.0,33.0,32.0,32.0,276000.0
2025-03-17,37770,32.0,33.0,32.0,32.0,0,0,128800.0,4135700.0,1.0,32.0,33.0,32.0,32.0,128800.0
2025-03-18,37770,32.0,35.0,32.0,33.0,0,0,1834100.0,61638500.0,1.0,32.0,35.0,32.0,33.0,1834100.0
2025-03-19,37770,34.0,36.0,34.0,34.0,0,0,2771800.0,96034900.0,1.0,34.0,36.0,34.0,34.0,2771800.0
2025-03-21,37770,35.0,38.0,34.0,35.0,0,0,4651100.0,168179700.0,1.0,35.0,38.0,34.0,35.0,4651100.0
2025-03-24,37770,35.0,38.0,35.0,37.0,0,0,3020400.0,110658300.0,1.0,35.0,38.0,35.0,37.0,3020400.0
2025-03-25,37770,37.0,38.0,36.0,37.0,0,0,1935500.0,71328200.0,1.0,37.0,38.0,36.0,37.0,1935500.0
2025-03-26,37770,37.0,37.0,35.0,35.0,0,0,986800.0,35493100.0,1.0,37.0,37.0,35.0,35.0,986800.0
2025-03-27,37770,35.0,37.0,35.0,37.0,0,0,1614200.0,58632100.0,1.0,35.0,37.0,35.0,37.0,1614200.0
2025-03-28,37770,36.0,40.0,36.0,37.0,0,0,3409500.0,129877400.0,1.0,36.0,40.0,36.0,37.0,3409500.0
2025-03-31,37770,38.0,40.0,37.0,38.0,0,0,2405900.0,92058300.0,1.0,38.0,40.0,37.0,38.0,2405900.0
2025-04-01,37770,39.0,39.0,35.0,35.0,0,0,3304600.0,121515900.0,1.0,39.0,39.0,35.0,35.0,3304600.0
2025-04-02,37770,36.0,38.0,35.0,38.0,0,0,1953900.0,72565300.0,1.0,36.0,38.0,35.0,38.0,1953900.0
2025-04-03,37770,37.0,38.0,36.0,37.0,0,0,889100.0,33113600.0,1.0,37.0,38.0,36.0,37.0,889100.0
2025-04-04,37770,36.0,37.0,33.0,34.0,0,0,2725900.0,95313000.0,1.0,36.0,37.0,33.0,34.0,2725900.0
2025-04-07,37770,29.0,33.0,29.0,30.0,0,0,3550300.0,108265500.0,1.0,29.0,33.0,29.0,30.0,3550300.0
2025-04-08,37770,31.0,33.0,31.0,33.0,0,0,1358300.0,43870900.0,1.0,31.0,33.0,31.0,33.0,1358300.0
2025-04-09,37770,33.0,34.0,31.0,32.0,0,0,606000.0,19640100.0,1.0,33.0,34.0,31.0,32.0,606000.0
2025-04-10,37770,35.0,35.0,34.0,34.0,0,0,749500.0,26119600.0,1.0,35.0,35.0,34.0,34.0,749500.0
2025-04-11,37770,34.0,35.0,33.0,34.0,0,0,623800.0,21103900.0,1.0,34.0,35.0,33.0,34.0,623800.0
2025-04-14,37770,34.0,36.0,34.0,35.0,0,0,1272200.0,44732000.0,1.0,34.0,36.0,34.0,35.0,1272200.0
2025-04-15,37770,35.0,36.0,34.0,34.0,0,0,632100.0,22009100.0,1.0,35.0,36.0,34.0,34.0,632100.0
2025-04-16,37770,35.0,35.0,34.0,34.0,0,0,178700.0,6130600.0,1.0,35.0,35.0,34.0,34.0,178700.0
2025-04-17,37770,34.0,36.0,34.0,34.0,0,0,559700.0,19485900.0,1.0,34.0,36.0,34.0,34.0,559700.0
2025-04-18,37770,35.0,36.0,34.0,35.0,0,0,544000.0,18998500.0,1.0,35.0,36.0,34.0,35.0,544000.0
2025-04-21,37770,35.0,35.0,34.0,34.0,0,0,603500.0,20917800.0,1.0,35.0,35.0,34.0,34.0,603500.0
2025-04-22,37770,34.0,38.0,32.0,35.0,0,0,14939100.0,528544400.0,1.0,34.0,38.0,32.0,35.0,14939100.0
2025-04-23,37770,34.0,35.0,33.0,34.0,0,0,955400.0,32472100.0,1.0,34.0,35.0,33.0,34.0,955400.0
2025-04-24,37770,34.0,35.0,33.0,34.0,0,0,348900.0,11869800.0,1.0,34.0,35.0,33.0,34.0,348900.0
2025-04-25,37770,35.0,35.0,34.0,34.0,0,0,276400.0,9451500.0,1.0,35.0,35.0,34.0,34.0,276400.0
2025-04-28,37770,34.0,35.0,33.0,33.0,0,0,482800.0,16386300.0,1.0,34.0,35.0,33.0,33.0,482800.0
2025-04-30,37770,34.0,34.0,33.0,34.0,0,0,46400.0,1559700.0,1.0,34.0,34.0,33.0,34.0,46400.0
2025-05-01,37770,34.0,34.0,33.0,33.0,0,0,88100.0,2922500.0,1.0,34.0,34.0,33.0,33.0,88100.0
2025-05-02,37770,33.0,34.0,33.0,33.0,0,0,85500.0,2834300.0,1.0,33.0,34.0,33.0,33.0,85500.0
2025-05-07,37770,33.0,34.0,32.0,33.0,0,0,1276600.0,42110700.0,1.0,33.0,34.0,32.0,33.0,1276600.0
2025-05-08,37770,33.0,34.0,32.0,33.0,0,0,323800.0,10701800.0,1.0,33.0,34.0,32.0,33.0,323800.0
2025-05-09,37770,34.0,34.0,33.0,34.0,0,0,730200.0,24709300.0,1.0,34.0,34.0,33.0,34.0,730200.0
2025-05-12,37770,34.0,35.0,33.0,34.0,0,0,335800.0,11438800.0,1.0,34.0,35.0,33.0,34.0,335800.0
2025-05-13,37770,34.0,35.0,33.0,34.0,0,0,496900.0,16790800.0,1.0,34.0,35.0,33.0,34.0,496900.0
2025-05-14,37770,34.0,34.0,33.0,34.0,0,0,72000.0,2404300.0,1.0,34.0,34.0,33.0,34.0,72000.0
2025-05-15,37770,34.0,34.0,33.0,33.0,0,0,704100.0,23842900.0,1.0,34.0,34.0,33.0,33.0,704100.0
2025-05-16,37770,34.0,34.0,33.0,33.0,0,0,103800.0,3462300.0,1.0,34.0,34.0,33.0,33.0,103800.0
2025-05-19,37770,34.0,34.0,33.0,34.0,0,0,73900.0,2490400.0,1.0,34.0,34.0,33.0,34.0,73900.0
2025-05-20,37770,34.0,34.0,33.0,33.0,0,0,558400.0,18454300.0,1.0,34.0,34.0,33.0,33.0,558400.0
2025-05-21,37770,33.0,34.0,32.0,33.0,0,0,505300.0,16663800.0,1.0,33.0,34.0,32.0,33.0,505300.0
2025-05-22,37770,33.0,34.0,32.0,33.0,0,0,564700.0,18636900.0,1.0,33.0,34.0,32.0,33.0,564700.0
2025-05-23,37770,33.0,33.0,32.0,33.0,0,0,84000.0,2723900.0,1.0,33.0,33.0,32.0,33.0,84000.0
2025-05-26,37770,33.0,33.0,32.0,32.0,0,0,68600.0,2224600.0,1.0,33.0,33.0,32.0,32.0,68600.0
2025-05-27,37770,33.0,33.0,32.0,32.0,0,0,428900.0,14081000.0,1.0,33.0,33.0,32.0,32.0,428900.0
2025-05-28,37770,32.0,33.0,32.0,32.0,0,0,256200.0,8389600.0,1.0,32.0,33.0,32.0,32.0,256200.0
2025-05-29,37770,32.0,34.0,32.0,33.0,0,0,1092000.0,35796200.0,1.0,32.0,34.0,32.0,33.0,1092000.0
2025-05-30,37770,33.0,33.0,32.0,32.0,0,0,521900.0,17173700.0,1.0,33.0,33.0,32.0,32.0,521900.0
2025-06-02,37770,32.0,33.0,32.0,33.0,0,0,463300.0,15253200.0,1.0,32.0,33.0,32.0,33.0,463300.0
2025-06-03,37770,32.0,33.0,32.0,32.0,0,0,285200.0,9174400.0,1.0,32.0,33.0,32.0,32.0,285200.0
2025-06-04,37770,33.0,34.0,32.0,32.0,0,0,701400.0,23127700.0,1.0,33.0,34.0,32.0,32.0,701400.0
2025-06-05,37770,32.0,33.0,32.0,32.0,0,0,249000.0,8009600.0,1.0,32.0,33.0,32.0,32.0,249000.0
2025-06-06,37770,33.0,33.0,32.0,33.0,0,0,71300.0,2301200.0,1.0,33.0,33.0,32.0,33.0,71300.0
2025-06-09,37770,33.0,33.0,31.0,31.0,0,0,1035200.0,33007800.0,1.0,33.0,33.0,31.0,31.0,1035200.0
2025-06-10,37770,31.0,32.0,31.0,32.0,0,0,363500.0,11372200.0,1.0,31.0,32.0,31.0,32.0,363500.0
2025-06-11,37770,32.0,32.0,31.0,31.0,0,0,150500.0,4692600.0,1.0,32.0,32.0,31.0,31.0,150500.0
2025-06-12,37770,31.0,32.0,31.0,31.0,0,0,150300.0,4692900.0,1.0,31.0,32.0,31.0,31.0,150300.0
2025-06-13,37770,32.0,32.0,30.0,31.0,0,0,1289000.0,40045100.0,1.0,32.0,32.0,30.0,31.0,1289000.0
2025-06-16,37770,30.0,32.0,30.0,31.0,0,0,708700.0,21907300.0,1.0,30.0,32.0,30.0,31.0,708700.0
2025-06-17,37770,31.0,32.0,31.0,31.0,0,0,82200.0,2570300.0,1.0,31.0,32.0,31.0,31.0,82200.0
2025-06-18,37770,33.0,36.0,33.0,36.0,0,0,8947500.0,308372900.0,1.0,33.0,36.0,33.0,36.0,8947500.0
2025-06-19,37770,36.0,36.0,34.0,35.0,0,0,1878600.0,66690100.0,1.0,36.0,36.0,34.0,35.0,1878600.0
2025-06-20,37770,36.0,36.0,35.0,36.0,0,0,539300.0,18933300.0,1.0,36.0,36.0,35.0,36.0,539300.0
2025-06-23,37770,35.0,36.0,34.0,35.0,0,0,948200.0,33246000.0,1.0,35.0,36.0,34.0,35.0,948200.0
2025-06-24,37770,35.0,42.0,35.0,40.0,0,0,4983300.0,195287200.0,1.0,35.0,42.0,35.0,40.0,4983300.0
2025-06-25,37770,44.0,49.0,36.0,38.0,0,0,32907000.0,1407189600.0,1.0,44.0,49.0,36.0,38.0,32907000.0
2025-06-26,37770,37.0,44.0,36.0,42.0,0,0,11902200.0,477428800.0,1.0,37.0,44.0,36.0,42.0,11902200.0
2025-06-27,37770,44.0,52.0,43.0,52.0,0,0,24846300.0,1163386100.0,1.0,44.0,52.0,43.0,52.0,24846300.0
2025-06-30,37770,77.0,77.0,59.0,62.0,0,0,76964400.0,5090768600.0,1.0,77.0,77.0,59.0,62.0,76964400.0
2025-07-01,37770,61.0,61.0,50.0,52.0,0,0,17160100.0,945820300.0,1.0,61.0,61.0,50.0,52.0,17160100.0
2025-07-02,37770,49.0,49.0,42.0,43.0,0,0,20661900.0,934245000.0,1.0,49.0,49.0,42.0,43.0,20661900.0
2025-07-03,37770,48.0,50.0,44.0,46.0,0,0,16174500.0,753237100.0,1.0,48.0,50.0,44.0,46.0,16174500.0
2025-07-04,37770,46.0,59.0,43.0,53.0,0,0,42502100.0,2260099300.0,1.0,46.0,59.0,43.0,53.0,42502100.0
2025-07-07,37770,54.0,82.0,49.0,74.0,0,0,193961400.0,13591980100.0,1.0,54.0,82.0,49.0,74.0,193961400.0
2025-07-08,37770,66.0,72.0,64.0,69.0,0,0,52880400.0,3560229300.0,1.0,66.0,72.0,64.0,69.0,52880400.0
2025-07-09,37770,71.0,75.0,63.0,67.0,0,0,33074800.0,2262690900.0,1.0,71.0,75.0,63.0,67.0,33074800.0
2025-07-10,37770,67.0,70.0,65.0,68.0,0,0,20270400.0,1358997800.0,1.0,67.0,70.0,65.0,68.0,20270400.0
2025-07-11,37770,69.0,77.0,69.0,69.0,0,0,56390000.0,4085926300.0,1.0,69.0,77.0,69.0,69.0,56390000.0
2025-07-14,37770,70.0,70.0,65.0,67.0,0,0,10779400.0,724139700.0,1.0,70.0,70.0,65.0,67.0,10779400.0
2025-07-15,37770,68.0,68.0,57.0,57.0,0,0,19198100.0,1175732300.0,1.0,68.0,68.0,57.0,57.0,19198100.0
2025-07-16,37770,53.0,61.0,52.0,61.0,0,0,9773900.0,560845700.0,1.0,53.0,61.0,52.0,61.0,9773900.0
2025-07-17,37770,59.0,61.0,57.0,57.0,0,0,4648000.0,274439300.0,1.0,59.0,61.0,57.0,57.0,4648000.0
2025-07-18,37770,57.0,59.0,55.0,55.0,0,0,3546500.0,200897300.0,1.0,57.0,59.0,55.0,55.0,3546500.0
2025-07-22,37770,56.0,62.0,56.0,60.0,0,0,9316800.0,552554100.0,1.0,56.0,62.0,56.0,60.0,9316800.0
2025-07-23,37770,61.0,62.0,58.0,61.0,0,0,5593800.0,335888600.0,1.0,61.0,62.0,58.0,61.0,5593800.0
2025-07-24,37770,69.0,71.0,64.0,64.0,0,0,34999600.0,2340279800.0,1.0,69.0,71.0,64.0,64.0,34999600.0
2025-07-25,37770,65.0,66.0,63.0,64.0,0,0,7910900.0,509034500.0,1.0,65.0,66.0,63.0,64.0,7910900.0
2025-07-28,37770,64.0,77.0,63.0,68.0,0,0,66707200.0,4768049600.0,1.0,64.0,77.0,63.0,68.0,66707200.0
2025-07-29,37770,71.0,73.0,68.0,69.0,0,0,21490800.0,1498195300.0,1.0,71.0,73.0,68.0,69.0,21490800.0
2025-07-30,37770,70.0,74.0,65.0,73.0,0,0,18724300.0,1292230000.0,1.0,70.0,74.0,65.0,73.0,18724300.0
2025-07-31,37770,72.0,74.0,70.0,71.0,0,0,21039500.0,1518382300.0,1.0,72.0,74.0,70.0,71.0,21039500.0
2025-08-01,37770,71.0,71.0,68.0,68.0,0,0,10215100.0,709836200.0,1.0,71.0,71.0,68.0,68.0,10215100.0
2025-08-04,37770,67.0,71.0,66.0,68.0,0,0,13337800.0,917602300.0,1.0,67.0,71.0,66.0,68.0,13337800.0
2025-08-05,37770,70.0,75.0,68.0,69.0,0,0,31638000.0,2239492400.0,1.0,70.0,75.0,68.0,69.0,31638000.0
2025-08-06,37770,69.0,70.0,68.0,69.0,0,0,3908900.0,269664300.0,1.0,69.0,70.0,68.0,69.0,3908900.0
2025-08-07,37770,69.0,69.0,66.0,67.0,0,0,9119600.0,613052000.0,1.0,69.0,69.0,66.0,67.0,9119600.0
2025-08-08,37770,66.0,66.0,61.0,62.0,0,0,12727100.0,807859300.0,1.0,66.0,66.0,61.0,62.0,12727100.0
2025-08-12,37770,61.0,64.0,60.0,61.0,0,0,6231600.0,386833000.0,1.0,61.0,64.0,60.0,61.0,6231600.0
2025-08-13,37770,62.0,65.0,61.0,64.0,0,0,4397300.0,277667600.0,1.0,62.0,65.0,61.0,64.0,4397300.0
2025-08-14,37770,64.0,64.0,60.0,60.0,0,0,4183100.0,257270000.0,1.0,64.0,64.0,60.0,60.0,4183100.0
2025-08-15,37770,61.0,65.0,60.0,63.0,0,0,6295700.0,393555400.0,1.0,61.0,65.0,60.0,63.0,6295700.0
2025-08-18,37770,65.0,72.0,64.0,70.0,0,0,15154800.0,1025425000.0,1.0,65.0,72.0,64.0,70.0,15154800.0
2025-08-19,37770,70.0,72.0,68.0,69.0,0,0,8008600.0,555413400.0,1.0,70.0,72.0,68.0,69.0,8008600.0
2025-08-20,37770,70.0,85.0,70.0,81.0,0,0,57651000.0,4500953000.0,1.0,70.0,85.0,70.0,81.0,57651000.0
2025-08-21,37770,83.0,88.0,73.0,77.0,0,0,38333100.0,3031933300.0,1.0,83.0,88.0,73.0,77.0,38333100.0
2025-08-22,37770,76.0,76.0,70.0,70.0,0,0,12220600.0,886385800.0,1.0,76.0,76.0,70.0,70.0,12220600.0
2025-08-25,37770,69.0,71.0,67.0,70.0,0,0,8316500.0,575394200.0,1.0,69.0,71.0,67.0,70.0,8316500.0
2025-08-26,37770,70.0,70.0,66.0,68.0,0,0,8342300.0,565889300.0,1.0,70.0,70.0,66.0,68.0,8342300.0
2025-08-27,37770,68.0,69.0,66.0,67.0,0,0,5473200.0,368015000.0,1.0,68.0,69.0,66.0,67.0,5473200.0
2025-08-28,37770,67.0,67.0,64.0,65.0,0,0,6811500.0,445673700.0,1.0,67.0,67.0,64.0,65.0,6811500.0
2025-08-29,37770,66.0,67.0,65.0,66.0,0,0,3929800.0,260523500.0,1.0,66.0,67.0,65.0,66.0,3929800.0
2025-09-01,37770,67.0,71.0,66.0,71.0,0,0,11332100.0,784411500.0,1.0,67.0,71.0,66.0,71.0,11332100.0
2025-09-02,37770,71.0,72.0,68.0,69.0,0,0,5114700.0,357683400.0,1.0,71.0,72.0,68.0,69.0,5114700.0
2025-09-03,37770,69.0,69.0,62.0,64.0,0,0,15198400.0,985421700.0,1.0,69.0,69.0,62.0,64.0,15198400.0
2025-09-04,37770,62.0,63.0,60.0,62.0,0,0,11263300.0,693676500.0,1.0,62.0,63.0,60.0,62.0,11263300.0
2025-09-05,37770,62.0,63.0,57.0,60.0,0,0,12017600.0,723776200.0,1.0,62.0,63.0,57.0,60.0,12017600.0
2025-09-08,37770,60.0,62.0,60.0,62.0,0,0,3578000.0,217362200.0,1.0,60.0,62.0,60.0,62.0,3578000.0
2025-09-09,37770,61.0,62.0,58.0,58.0,0,0,5662100.0,335445800.0,1.0,61.0,62.0,58.0,58.0,5662100.0
2025-09-10,37770,57.0,58.0,55.0,57.0,0,0,7128800.0,402657000.0,1.0,57.0,58.0,55.0,57.0,7128800.0
2025-09-11,37770,56.0,57.0,53.0,54.0,0,0,4756200.0,261864000.0,1.0,56.0,57.0,53.0,54.0,4756200.0
2025-09-12,37770,53.0,57.0,52.0,55.0,0,0,10094700.0,543541400.0,1.0,53.0,57.0,52.0,55.0,10094700.0
2025-09-16,37770,56.0,58.0,54.0,57.0,0,0,3262200.0,182917600.0,1.0,56.0,58.0,54.0,57.0,3262200.0
2025-09-17,37770,57.0,62.0,56.0,60.0,0,0,8577500.0,510602500.0,1.0,57.0,62.0,56.0,60.0,8577500.0
2025-09-18,37770,58.0,59.0,56.0,57.0,0,0,2474400.0,142454300.0,1.0,58.0,59.0,56.0,57.0,2474400.0
2025-09-19,37770,55.0,57.0,54.0,55.0,0,0,2534100.0,139954300.0,1.0,55.0,57.0,54.0,55.0,2534100.0
2025-09-22,37770,55.0,59.0,55.0,58.0,0,0,1805600.0,103831700.0,1.0,55.0,59.0,55.0,58.0,1805600.0
2025-09-24,37770,57.0,58.0,56.0,56.0,0,0,1189000.0,67678600.0,1.0,57.0,58.0,56.0,56.0,1189000.0
2025-09-25,37770,56.0,58.0,56.0,58.0,0,0,1402400.0,79356600.0,1.0,56.0,58.0,56.0,58.0,1402400.0
2025-09-26,37770,57.0,62.0,57.0,61.0,0,0,4134100.0,247749900.0,1.0,57.0,62.0,57.0,61.0,4134100.0
2025-09-29,37770,61.0,63.0,58.0,60.0,0,0,6057500.0,367407200.0,1.0,61.0,63.0,58.0,60.0,6057500.0
2025-09-30,37770,60.0,60.0,57.0,58.0,0,0,3331300.0,193984100.0,1.0,60.0,60.0,57.0,58.0,3331300.0
2025-10-01,37770,57.0,58.0,54.0,55.0,0,0,3849600.0,214617300.0,1.0,57.0,58.0,54.0,55.0,3849600.0
2025-10-02,37770,55.0,57.0,54.0,55.0,0,0,1842600.0,101309400.0,1.0,55.0,57.0,54.0,55.0,1842600.0
2025-10-03,37770,54.0,60.0,53.0,59.0,0,0,5804800.0,333418900.0,1.0,54.0,60.0,53.0,59.0,5804800.0
2025-10-06,37770,60.0,63.0,59.0,62.0,0,0,6438000.0,392120800.0,1.0,60.0,63.0,59.0,62.0,6438000.0
2025-10-07,37770,62.0,63.0,60.0,62.0,0,0,3441300.0,211421000.0,1.0,62.0,63.0,60.0,62.0,3441300.0
2025-10-08,37770,61.0,63.0,60.0,61.0,0,0,2541400.0,155362200.0,1.0,61.0,63.0,60.0,61.0,2541400.0
2025-10-09,37770,60.0,62.0,56.0,59.0,0,0,8771400.0,511225600.0,1.0,60.0,62.0,56.0,59.0,8771400.0
2025-10-10,37770,58.0,59.0,56.0,58.0,0,0,2104700.0,120736500.0,1.0,58.0,59.0,56.0,58.0,2104700.0
2025-10-14,37770,55.0,57.0,53.0,55.0,0,0,4735900.0,259850800.0,1.0,55.0,57.0,53.0,55.0,4735900.0
2025-10-15,37770,53.0,56.0,53.0,54.0,0,0,1518200.0,83150000.0,1.0,53.0,56.0,53.0,54.0,1518200.0
2025-10-16,37770,54.0,55.0,53.0,54.0,0,0,1429900.0,77225000.0,1.0,54.0,55.0,53.0,54.0,1429900.0
2025-10-17,37770,54.0,56.0,48.0,51.0,0,0,6540600.0,339059700.0,1.0,54.0,56.0,48.0,51.0,6540600.0
2025-10-20,37770,51.0,54.0,51.0,52.0,0,0,1859800.0,97317100.0,1.0,51.0,54.0,51.0,52.0,1859800.0
2025-10-21,37770,52.0,53.0,50.0,52.0,0,0,2032900.0,103828200.0,1.0,52.0,53.0,50.0,52.0,2032900.0
2025-10-22,37770,53.0,58.0,52.0,54.0,0,0,5778500.0,317957500.0,1.0,53.0,58.0,52.0,54.0,5778500.0
2025-10-23,37770,55.0,57.0,54.0,55.0,0,0,3184700.0,175109400.0,1.0,55.0,57.0,54.0,55.0,3184700.0
2025-10-24,37770,55.0,57.0,54.0,56.0,0,0,2155100.0,120431800.0,1.0,55.0,57.0,54.0,56.0,2155100.0
2025-10-27,37770,55.0,56.0,53.0,53.0,0,0,2503600.0,135251600.0,1.0,55.0,56.0,53.0,53.0,2503600.0
2025-10-28,37770,53.0,54.0,52.0,54.0,0,0,1703400.0,90886800.0,1.0,53.0,54.0,52.0,54.0,1703400.0
2025-10-29,37770,55.0,58.0,54.0,56.0,0,0,4396200.0,247446800.0,1.0,55.0,58.0,54.0,56.0,4396200.0
