Date,Code,Open,High,Low,Close,UpperLimit,LowerLimit,Volume,TurnoverValue,AdjustmentFactor,AdjustmentOpen,AdjustmentHigh,AdjustmentLow,AdjustmentClose,AdjustmentVolume
2020-10-29,40950,1024.0,1045.0,1019.0,1036.0,0,0,90200.0,93292200.0,1.0,1024.0,1045.0,1019.0,1036.0,90200.0
2020-10-30,40950,1034.0,1034.0,1018.0,1027.0,0,0,117900.0,120677200.0,1.0,1034.0,1034.0,1018.0,1027.0,117900.0
2020-11-02,40950,1040.0,1061.0,1040.0,1051.0,0,0,111800.0,117408900.0,1.0,1040.0,1061.0,1040.0,1051.0,111800.0
2020-11-04,40950,1069.0,1069.0,1046.0,1052.0,0,0,100400.0,105903900.0,1.0,1069.0,1069.0,1046.0,1052.0,100400.0
2020-11-05,40950,1055.0,1065.0,1034.0,1057.0,0,0,179900.0,189461900.0,1.0,1055.0,1065.0,1034.0,1057.0,179900.0
2020-11-06,40950,1070.0,1072.0,1049.0,1064.0,0,0,171000.0,181914900.0,1.0,1070.0,1072.0,1049.0,1064.0,171000.0
2020-11-09,40950,1094.0,1134.0,1090.0,1124.0,0,0,216200.0,241373500.0,1.0,1094.0,1134.0,1090.0,1124.0,216200.0
2020-11-10,40950,1128.0,1130.0,1089.0,1102.0,0,0,216700.0,239000900.0,1.0,1128.0,1130.0,1089.0,1102.0,216700.0
2020-11-11,40950,1126.0,1141.0,1125.0,1136.0,0,0,177100.0,200742100.0,1.0,1126.0,1141.0,1125.0,1136.0,177100.0
2020-11-12,40950,1127.0,1134.0,1109.0,1118.0,0,0,109600.0,122647000.0,1.0,1127.0,1134.0,1109.0,1118.0,109600.0
2020-11-13,40950,1121.0,1121.0,1074.0,1084.0,0,0,99800.0,108654000.0,1.0,1121.0,1121.0,1074.0,1084.0,99800.0
2020-11-16,40950,1103.0,1134.0,1092.0,1117.0,0,0,181500.0,202666200.0,1.0,1103.0,1134.0,1092.0,1117.0,181500.0
2020-11-17,40950,1110.0,1115.0,1094.0,1111.0,0,0,153800.0,170320400.0,1.0,1110.0,1115.0,1094.0,1111.0,153800.0
2020-11-18,40950,1111.0,1115.0,1098.0,1105.0,0,0,79000.0,87415800.0,1.0,1111.0,1115.0,1098.0,1105.0,79000.0
2020-11-19,40950,1105.0,1115.0,1094.0,1099.0,0,0,86000.0,94646200.0,1.0,1105.0,1115.0,1094.0,1099.0,86000.0
2020-11-20,40950,1093.0,1096.0,1082.0,1089.0,0,0,131500.0,143151500.0,1.0,1093.0,1096.0,1082.0,1089.0,131500.0
2020-11-24,40950,1119.0,1147.0,1108.0,1127.0,0,0,156500.0,177171900.0,1.0,1119.0,1147.0,1108.0,1127.0,156500.0
2020-11-25,40950,1148.0,1155.0,1129.0,1130.0,0,0,137100.0,156282400.0,1.0,1148.0,1155.0,1129.0,1130.0,137100.0
2020-11-26,40950,1123.0,1147.0,1118.0,1141.0,0,0,106500.0,121278600.0,1.0,1123.0,1147.0,1118.0,1141.0,106500.0
2020-11-27,40950,1146.0,1173.0,1138.0,1160.0,0,0,210100.0,243957600.0,1.0,1146.0,1173.0,1138.0,1160.0,210100.0
2020-11-30,40950,1176.0,1178.0,1092.0,1095.0,0,0,259700.0,289703800.0,1.0,1176.0,1178.0,1092.0,1095.0,259700.0
2020-12-01,40950,1106.0,1138.0,1104.0,1136.0,0,0,173100.0,195443100.0,1.0,1106.0,1138.0,1104.0,1136.0,173100.0
2020-12-02,40950,1160.0,1160.0,1116.0,1125.0,0,0,218500.0,246953700.0,1.0,1160.0,1160.0,1116.0,1125.0,218500.0
2020-12-03,40950,1123.0,1164.0,1123.0,1152.0,0,0,184700.0,211284200.0,1.0,1123.0,1164.0,1123.0,1152.0,184700.0
2020-12-04,40950,1137.0,1143.0,1115.0,1129.0,0,0,137600.0,155118200.0,1.0,1137.0,1143.0,1115.0,1129.0,137600.0
2020-12-07,40950,1141.0,1150.0,1107.0,1107.0,0,0,111700.0,124626100.0,1.0,1141.0,1150.0,1107.0,1107.0,111700.0
2020-12-08,40950,1103.0,1108.0,1087.0,1100.0,0,0,133700.0,146899900.0,1.0,1103.0,1108.0,1087.0,1100.0,133700.0
2020-12-09,40950,1095.0,1120.0,1089.0,1120.0,0,0,108800.0,120986200.0,1.0,1095.0,1120.0,1089.0,1120.0,108800.0
2020-12-10,40950,1105.0,1115.0,1094.0,1094.0,0,0,102400.0,112678800.0,1.0,1105.0,1115.0,1094.0,1094.0,102400.0
2020-12-11,40950,1100.0,1102.0,1081.0,1097.0,0,0,200000.0,219131200.0,1.0,1100.0,1102.0,1081.0,1097.0,200000.0
2020-12-14,40950,1103.0,1113.0,1092.0,1097.0,0,0,103200.0,113464500.0,1.0,1103.0,1113.0,1092.0,1097.0,103200.0
2020-12-15,40950,1093.0,1108.0,1087.0,1098.0,0,0,137400.0,151117600.0,1.0,1093.0,1108.0,1087.0,1098.0,137400.0
2020-12-16,40950,1108.0,1108.0,1090.0,1097.0,0,0,69300.0,76011400.0,1.0,1108.0,1108.0,1090.0,1097.0,69300.0
2020-12-17,40950,1090.0,1095.0,1074.0,1094.0,0,0,98900.0,107773200.0,1.0,1090.0,1095.0,1074.0,1094.0,98900.0
2020-12-18,40950,1096.0,1124.0,1096.0,1113.0,0,0,125000.0,139237200.0,1.0,1096.0,1124.0,1096.0,1113.0,125000.0
2020-12-21,40950,1105.0,1118.0,1090.0,1095.0,0,0,111200.0,121896800.0,1.0,1105.0,1118.0,1090.0,1095.0,111200.0
2020-12-22,40950,1074.0,1082.0,1069.0,1070.0,0,0,69200.0,74276700.0,1.0,1074.0,1082.0,1069.0,1070.0,69200.0
2020-12-23,40950,1076.0,1076.0,1051.0,1055.0,0,0,93300.0,98623600.0,1.0,1076.0,1076.0,1051.0,1055.0,93300.0
2020-12-24,40950,1051.0,1070.0,1051.0,1062.0,0,0,89200.0,94827300.0,1.0,1051.0,1070.0,1051.0,1062.0,89200.0
2020-12-25,40950,1072.0,1079.0,1063.0,1073.0,0,0,95100.0,101987900.0,1.0,1072.0,1079.0,1063.0,1073.0,95100.0
2020-12-28,40950,1082.0,1082.0,1047.0,1055.0,0,0,105800.0,112037800.0,1.0,1082.0,1082.0,1047.0,1055.0,105800.0
2020-12-29,40950,1063.0,1083.0,1055.0,1082.0,0,0,120400.0,129071300.0,1.0,1063.0,1083.0,1055.0,1082.0,120400.0
2020-12-30,40950,1087.0,1091.0,1061.0,1069.0,0,0,77600.0,83146800.0,1.0,1087.0,1091.0,1061.0,1069.0,77600.0
2021-01-04,40950,1070.0,1070.0,1024.0,1027.0,0,0,79900.0,82584000.0,1.0,1070.0,1070.0,1024.0,1027.0,79900.0
2021-01-05,40950,1027.0,1060.0,1026.0,1039.0,0,0,110100.0,114124200.0,1.0,1027.0,1060.0,1026.0,1039.0,110100.0
2021-01-06,40950,1039.0,1049.0,1031.0,1045.0,0,0,121000.0,126199300.0,1.0,1039.0,1049.0,1031.0,1045.0,121000.0
2021-01-07,40950,1070.0,1104.0,1069.0,1091.0,0,0,187700.0,204701400.0,1.0,1070.0,1104.0,1069.0,1091.0,187700.0
2021-01-08,40950,1091.0,1108.0,1076.0,1102.0,0,0,171700.0,188734100.0,1.0,1091.0,1108.0,1076.0,1102.0,171700.0
2021-01-12,40950,1110.0,1140.0,1104.0,1128.0,0,0,135200.0,152014300.0,1.0,1110.0,1140.0,1104.0,1128.0,135200.0
2021-01-13,40950,1122.0,1137.0,1117.0,1132.0,0,0,147200.0,166185300.0,1.0,1122.0,1137.0,1117.0,1132.0,147200.0
2021-01-14,40950,1124.0,1127.0,1100.0,1102.0,0,0,157400.0,174557000.0,1.0,1124.0,1127.0,1100.0,1102.0,157400.0
2021-01-15,40950,1100.0,1100.0,1071.0,1075.0,0,0,141600.0,152678600.0,1.0,1100.0,1100.0,1071.0,1075.0,141600.0
2021-01-18,40950,1058.0,1066.0,1049.0,1059.0,0,0,63000.0,66628700.0,1.0,1058.0,1066.0,1049.0,1059.0,63000.0
2021-01-19,40950,1058.0,1058.0,1033.0,1037.0,0,0,116300.0,121068300.0,1.0,1058.0,1058.0,1033.0,1037.0,116300.0
2021-01-20,40950,1031.0,1044.0,1021.0,1042.0,0,0,97200.0,100471200.0,1.0,1031.0,1044.0,1021.0,1042.0,97200.0
2021-01-21,40950,1040.0,1050.0,1026.0,1033.0,0,0,148200.0,153354400.0,1.0,1040.0,1050.0,1026.0,1033.0,148200.0
2021-01-22,40950,1020.0,1021.0,998.0,1002.0,0,0,287000.0,288389300.0,1.0,1020.0,1021.0,998.0,1002.0,287000.0
2021-01-25,40950,1017.0,1026.0,1011.0,1017.0,0,0,93300.0,94855600.0,1.0,1017.0,1026.0,1011.0,1017.0,93300.0
2021-01-26,40950,1016.0,1027.0,1011.0,1014.0,0,0,123800.0,125854400.0,1.0,1016.0,1027.0,1011.0,1014.0,123800.0
2021-01-27,40950,1025.0,1046.0,1024.0,1044.0,0,0,118100.0,122804000.0,1.0,1025.0,1046.0,1024.0,1044.0,118100.0
2021-01-28,40950,1019.0,1030.0,1012.0,1012.0,0,0,198900.0,202200900.0,1.0,1019.0,1030.0,1012.0,1012.0,198900.0
2021-01-29,40950,1015.0,1044.0,1014.0,1017.0,0,0,130300.0,133376300.0,1.0,1015.0,1044.0,1014.0,1017.0,130300.0
2021-02-01,40950,1015.0,1028.0,1014.0,1022.0,0,0,92600.0,94608000.0,1.0,1015.0,1028.0,1014.0,1022.0,92600.0
2021-02-02,40950,1017.0,1027.0,1013.0,1018.0,0,0,109400.0,111357500.0,1.0,1017.0,1027.0,1013.0,1018.0,109400.0
2021-02-03,40950,1025.0,1036.0,1020.0,1032.0,0,0,73100.0,75221800.0,1.0,1025.0,1036.0,1020.0,1032.0,73100.0
2021-02-04,40950,1028.0,1028.0,1015.0,1016.0,0,0,97500.0,99366100.0,1.0,1028.0,1028.0,1015.0,1016.0,97500.0
2021-02-05,40950,1032.0,1045.0,1022.0,1040.0,0,0,175500.0,181793600.0,1.0,1032.0,1045.0,1022.0,1040.0,175500.0
2021-02-08,40950,1144.0,1160.0,1102.0,1110.0,0,0,394000.0,441836900.0,1.0,1144.0,1160.0,1102.0,1110.0,394000.0
2021-02-09,40950,1123.0,1163.0,1118.0,1148.0,0,0,248300.0,283564900.0,1.0,1123.0,1163.0,1118.0,1148.0,248300.0
2021-02-10,40950,1134.0,1136.0,1116.0,1119.0,0,0,158700.0,178228500.0,1.0,1134.0,1136.0,1116.0,1119.0,158700.0
2021-02-12,40950,1137.0,1158.0,1134.0,1155.0,0,0,153100.0,176085400.0,1.0,1137.0,1158.0,1134.0,1155.0,153100.0
2021-02-15,40950,1167.0,1176.0,1145.0,1152.0,0,0,137200.0,158259300.0,1.0,1167.0,1176.0,1145.0,1152.0,137200.0
2021-02-16,40950,1161.0,1165.0,1122.0,1136.0,0,0,116400.0,132363800.0,1.0,1161.0,1165.0,1122.0,1136.0,116400.0
2021-02-17,40950,1122.0,1128.0,1101.0,1102.0,0,0,193600.0,214826700.0,1.0,1122.0,1128.0,1101.0,1102.0,193600.0
2021-02-18,40950,1097.0,1119.0,1090.0,1105.0,0,0,139800.0,154721400.0,1.0,1097.0,1119.0,1090.0,1105.0,139800.0
2021-02-19,40950,1106.0,1106.0,1091.0,1095.0,0,0,72200.0,79142200.0,1.0,1106.0,1106.0,1091.0,1095.0,72200.0
2021-02-22,40950,1111.0,1111.0,1093.0,1101.0,0,0,68800.0,75777900.0,1.0,1111.0,1111.0,1093.0,1101.0,68800.0
2021-02-24,40950,1109.0,1111.0,1080.0,1089.0,0,0,189500.0,207171300.0,1.0,1109.0,1111.0,1080.0,1089.0,189500.0
2021-02-25,40950,1108.0,1114.0,1091.0,1095.0,0,0,138300.0,152073400.0,1.0,1108.0,1114.0,1091.0,1095.0,138300.0
2021-02-26,40950,1102.0,1103.0,1076.0,1076.0,0,0,204500.0,221944200.0,1.0,1102.0,1103.0,1076.0,1076.0,204500.0
2021-03-01,40950,1083.0,1096.0,1067.0,1091.0,0,0,186800.0,202651900.0,1.0,1083.0,1096.0,1067.0,1091.0,186800.0
2021-03-02,40950,1104.0,1113.0,1076.0,1103.0,0,0,272200.0,297899200.0,1.0,1104.0,1113.0,1076.0,1103.0,272200.0
2021-03-03,40950,1110.0,1122.0,1096.0,1112.0,0,0,152700.0,169731200.0,1.0,1110.0,1122.0,1096.0,1112.0,152700.0
2021-03-04,40950,1102.0,1118.0,1087.0,1110.0,0,0,126500.0,139816500.0,1.0,1102.0,1118.0,1087.0,1110.0,126500.0
2021-03-05,40950,1117.0,1133.0,1102.0,1132.0,0,0,152700.0,171670800.0,1.0,1117.0,1133.0,1102.0,1132.0,152700.0
2021-03-08,40950,1162.0,1170.0,1122.0,1129.0,0,0,102300.0,116272300.0,1.0,1162.0,1170.0,1122.0,1129.0,102300.0
2021-03-09,40950,1159.0,1182.0,1143.0,1176.0,0,0,208200.0,243688400.0,1.0,1159.0,1182.0,1143.0,1176.0,208200.0
2021-03-10,40950,1162.0,1163.0,1134.0,1159.0,0,0,152500.0,176003000.0,1.0,1162.0,1163.0,1134.0,1159.0,152500.0
2021-03-11,40950,1150.0,1160.0,1136.0,1155.0,0,0,148200.0,170528600.0,1.0,1150.0,1160.0,1136.0,1155.0,148200.0
2021-03-12,40950,1144.0,1169.0,1128.0,1169.0,0,0,204300.0,235493100.0,1.0,1144.0,1169.0,1128.0,1169.0,204300.0
2021-03-15,40950,1170.0,1187.0,1167.0,1184.0,0,0,143500.0,169211300.0,1.0,1170.0,1187.0,1167.0,1184.0,143500.0
2021-03-16,40950,1181.0,1211.0,1176.0,1211.0,0,0,154900.0,186237000.0,1.0,1181.0,1211.0,1176.0,1211.0,154900.0
2021-03-17,40950,1200.0,1208.0,1181.0,1207.0,0,0,137400.0,165079300.0,1.0,1200.0,1208.0,1181.0,1207.0,137400.0
2021-03-18,40950,1213.0,1214.0,1191.0,1193.0,0,0,210000.0,251666100.0,1.0,1213.0,1214.0,1191.0,1193.0,210000.0
2021-03-19,40950,1205.0,1247.0,1192.0,1247.0,0,0,288700.0,356600600.0,1.0,1205.0,1247.0,1192.0,1247.0,288700.0
2021-03-22,40950,1232.0,1246.0,1218.0,1237.0,0,0,184700.0,228306900.0,1.0,1232.0,1246.0,1218.0,1237.0,184700.0
2021-03-23,40950,1230.0,1253.0,1212.0,1214.0,0,0,189300.0,232682300.0,1.0,1230.0,1253.0,1212.0,1214.0,189300.0
2021-03-24,40950,1205.0,1211.0,1180.0,1193.0,0,0,131200.0,156843800.0,1.0,1205.0,1211.0,1180.0,1193.0,131200.0
2021-03-25,40950,1210.0,1220.0,1189.0,1209.0,0,0,174200.0,210128800.0,1.0,1210.0,1220.0,1189.0,1209.0,174200.0
2021-03-26,40950,1229.0,1237.0,1211.0,1219.0,0,0,121300.0,148205500.0,1.0,1229.0,1237.0,1211.0,1219.0,121300.0
2021-03-29,40950,1249.0,1253.0,1226.0,1252.0,0,0,219400.0,273413600.0,1.0,1249.0,1253.0,1226.0,1252.0,219400.0
2021-03-30,40950,1240.0,1240.0,1201.0,1221.0,0,0,151500.0,184350400.0,1.0,1240.0,1240.0,1201.0,1221.0,151500.0
2021-03-31,40950,1194.0,1216.0,1190.0,1195.0,0,0,128000.0,153630700.0,1.0,1194.0,1216.0,1190.0,1195.0,128000.0
2021-04-01,40950,1195.0,1206.0,1181.0,1181.0,0,0,101000.0,119823000.0,1.0,1195.0,1206.0,1181.0,1181.0,101000.0
2021-04-02,40950,1180.0,1190.0,1171.0,1183.0,0,0,97300.0,114812400.0,1.0,1180.0,1190.0,1171.0,1183.0,97300.0
2021-04-05,40950,1193.0,1202.0,1181.0,1197.0,0,0,62500.0,74677200.0,1.0,1193.0,1202.0,1181.0,1197.0,62500.0
2021-04-06,40950,1197.0,1214.0,1166.0,1171.0,0,0,126800.0,149624100.0,1.0,1197.0,1214.0,1166.0,1171.0,126800.0
2021-04-07,40950,1174.0,1203.0,1169.0,1199.0,0,0,98200.0,117274000.0,1.0,1174.0,1203.0,1169.0,1199.0,98200.0
2021-04-08,40950,1182.0,1187.0,1151.0,1155.0,0,0,112400.0,130495900.0,1.0,1182.0,1187.0,1151.0,1155.0,112400.0
2021-04-09,40950,1138.0,1169.0,1133.0,1146.0,0,0,131100.0,150730800.0,1.0,1138.0,1169.0,1133.0,1146.0,131100.0
2021-04-12,40950,1155.0,1155.0,1137.0,1141.0,0,0,80600.0,92085200.0,1.0,1155.0,1155.0,1137.0,1141.0,80600.0
2021-04-13,40950,1136.0,1157.0,1129.0,1145.0,0,0,83700.0,96026100.0,1.0,1136.0,1157.0,1129.0,1145.0,83700.0
2021-04-14,40950,1127.0,1136.0,1125.0,1135.0,0,0,67800.0,76698700.0,1.0,1127.0,1136.0,1125.0,1135.0,67800.0
2021-04-15,40950,1140.0,1160.0,1140.0,1142.0,0,0,52000.0,59598500.0,1.0,1140.0,1160.0,1140.0,1142.0,52000.0
2021-04-16,40950,1147.0,1147.0,1133.0,1141.0,0,0,52100.0,59493600.0,1.0,1147.0,1147.0,1133.0,1141.0,52100.0
2021-04-19,40950,1147.0,1160.0,1144.0,1153.0,0,0,49700.0,57283300.0,1.0,1147.0,1160.0,1144.0,1153.0,49700.0
2021-04-20,40950,1138.0,1138.0,1110.0,1116.0,0,0,143800.0,160872400.0,1.0,1138.0,1138.0,1110.0,1116.0,143800.0
2021-04-21,40950,1102.0,1102.0,1080.0,1097.0,0,0,121500.0,132850300.0,1.0,1102.0,1102.0,1080.0,1097.0,121500.0
2021-04-22,40950,1110.0,1124.0,1098.0,1114.0,0,0,90800.0,100851600.0,1.0,1110.0,1124.0,1098.0,1114.0,90800.0
2021-04-23,40950,1100.0,1109.0,1094.0,1102.0,0,0,82800.0,91256900.0,1.0,1100.0,1109.0,1094.0,1102.0,82800.0
2021-04-26,40950,1102.0,1108.0,1079.0,1097.0,0,0,149800.0,163558700.0,1.0,1102.0,1108.0,1079.0,1097.0,149800.0
2021-04-27,40950,1092.0,1094.0,1078.0,1088.0,0,0,82900.0,90241000.0,1.0,1092.0,1094.0,1078.0,1088.0,82900.0
2021-04-28,40950,1086.0,1086.0,1065.0,1069.0,0,0,136300.0,145912400.0,1.0,1086.0,1086.0,1065.0,1069.0,136300.0
2021-04-30,40950,1064.0,1073.0,1052.0,1056.0,0,0,101900.0,107958800.0,1.0,1064.0,1073.0,1052.0,1056.0,101900.0
2021-05-06,40950,1056.0,1076.0,1050.0,1055.0,0,0,163200.0,172991400.0,1.0,1056.0,1076.0,1050.0,1055.0,163200.0
2021-05-07,40950,1085.0,1088.0,1068.0,1079.0,0,0,162500.0,175355400.0,1.0,1085.0,1088.0,1068.0,1079.0,162500.0
2021-05-10,40950,1074.0,1091.0,1072.0,1086.0,0,0,92800.0,100577100.0,1.0,1074.0,1091.0,1072.0,1086.0,92800.0
2021-05-11,40950,1084.0,1091.0,1056.0,1062.0,0,0,177000.0,189067100.0,1.0,1084.0,1091.0,1056.0,1062.0,177000.0
2021-05-12,40950,1041.0,1047.0,1026.0,1036.0,0,0,159900.0,165775600.0,1.0,1041.0,1047.0,1026.0,1036.0,159900.0
2021-05-13,40950,1026.0,1070.0,1021.0,1058.0,0,0,219800.0,231118100.0,1.0,1026.0,1070.0,1021.0,1058.0,219800.0
2021-05-14,40950,1076.0,1106.0,1073.0,1091.0,0,0,164300.0,179182300.0,1.0,1076.0,1106.0,1073.0,1091.0,164300.0
2021-05-17,40950,1103.0,1129.0,1094.0,1126.0,0,0,163500.0,182836500.0,1.0,1103.0,1129.0,1094.0,1126.0,163500.0
2021-05-18,40950,1138.0,1148.0,1127.0,1138.0,0,0,189900.0,215705800.0,1.0,1138.0,1148.0,1127.0,1138.0,189900.0
2021-05-19,40950,1116.0,1124.0,1090.0,1098.0,0,0,113400.0,125002400.0,1.0,1116.0,1124.0,1090.0,1098.0,113400.0
2021-05-20,40950,1134.0,1134.0,1114.0,1120.0,0,0,139900.0,157012800.0,1.0,1134.0,1134.0,1114.0,1120.0,139900.0
2021-05-21,40950,1148.0,1153.0,1118.0,1134.0,0,0,129600.0,147068700.0,1.0,1148.0,1153.0,1118.0,1134.0,129600.0
2021-05-24,40950,1129.0,1150.0,1124.0,1142.0,0,0,88500.0,100937100.0,1.0,1129.0,1150.0,1124.0,1142.0,88500.0
2021-05-25,40950,1172.0,1172.0,1137.0,1149.0,0,0,121400.0,139651700.0,1.0,1172.0,1172.0,1137.0,1149.0,121400.0
2021-05-26,40950,1138.0,1138.0,1117.0,1127.0,0,0,106800.0,120617700.0,1.0,1138.0,1138.0,1117.0,1127.0,106800.0
2021-05-27,40950,1124.0,1135.0,1097.0,1097.0,0,0,210400.0,232860700.0,1.0,1124.0,1135.0,1097.0,1097.0,210400.0
2021-05-28,40950,1117.0,1126.0,1102.0,1120.0,0,0,218100.0,243311400.0,1.0,1117.0,1126.0,1102.0,1120.0,218100.0
2021-05-31,40950,1109.0,1110.0,1082.0,1092.0,0,0,113500.0,123980700.0,1.0,1109.0,1110.0,1082.0,1092.0,113500.0
2021-06-01,40950,1088.0,1088.0,1070.0,1088.0,0,0,185600.0,200830700.0,1.0,1088.0,1088.0,1070.0,1088.0,185600.0
2021-06-02,40950,1081.0,1117.0,1081.0,1115.0,0,0,113400.0,125493800.0,1.0,1081.0,1117.0,1081.0,1115.0,113400.0
2021-06-03,40950,1101.0,1107.0,1090.0,1099.0,0,0,95300.0,104626000.0,1.0,1101.0,1107.0,1090.0,1099.0,95300.0
2021-06-04,40950,1101.0,1109.0,1092.0,1109.0,0,0,74100.0,81786700.0,1.0,1101.0,1109.0,1092.0,1109.0,74100.0
2021-06-07,40950,1109.0,1109.0,1099.0,1107.0,0,0,111300.0,122928800.0,1.0,1109.0,1109.0,1099.0,1107.0,111300.0
2021-06-08,40950,1098.0,1114.0,1090.0,1112.0,0,0,45300.0,50112800.0,1.0,1098.0,1114.0,1090.0,1112.0,45300.0
2021-06-09,40950,1119.0,1122.0,1089.0,1090.0,0,0,68100.0,74829900.0,1.0,1119.0,1122.0,1089.0,1090.0,68100.0
2021-06-10,40950,1083.0,1094.0,1078.0,1091.0,0,0,81500.0,88693600.0,1.0,1083.0,1094.0,1078.0,1091.0,81500.0
2021-06-11,40950,1077.0,1084.0,1072.0,1076.0,0,0,153700.0,165562000.0,1.0,1077.0,1084.0,1072.0,1076.0,153700.0
2021-06-14,40950,1090.0,1099.0,1082.0,1085.0,0,0,38100.0,41459200.0,1.0,1090.0,1099.0,1082.0,1085.0,38100.0
2021-06-15,40950,1086.0,1101.0,1086.0,1094.0,0,0,65900.0,72154500.0,1.0,1086.0,1101.0,1086.0,1094.0,65900.0
2021-06-16,40950,1095.0,1107.0,1095.0,1101.0,0,0,65100.0,71710600.0,1.0,1095.0,1107.0,1095.0,1101.0,65100.0
2021-06-17,40950,1100.0,1100.0,1083.0,1084.0,0,0,44400.0,48303400.0,1.0,1100.0,1100.0,1083.0,1084.0,44400.0
2021-06-18,40950,1092.0,1110.0,1085.0,1097.0,0,0,180700.0,198476400.0,1.0,1092.0,1110.0,1085.0,1097.0,180700.0
2021-06-21,40950,1065.0,1074.0,1057.0,1060.0,0,0,157600.0,167426800.0,1.0,1065.0,1074.0,1057.0,1060.0,157600.0
2021-06-22,40950,1089.0,1125.0,1087.0,1123.0,0,0,203800.0,227316500.0,1.0,1089.0,1125.0,1087.0,1123.0,203800.0
2021-06-23,40950,1114.0,1115.0,1091.0,1096.0,0,0,78500.0,86283100.0,1.0,1114.0,1115.0,1091.0,1096.0,78500.0
2021-06-24,40950,1085.0,1097.0,1077.0,1096.0,0,0,53200.0,58044000.0,1.0,1085.0,1097.0,1077.0,1096.0,53200.0
2021-06-25,40950,1118.0,1125.0,1106.0,1122.0,0,0,119400.0,133518400.0,1.0,1118.0,1125.0,1106.0,1122.0,119400.0
2021-06-28,40950,1122.0,1139.0,1119.0,1135.0,0,0,106600.0,120811100.0,1.0,1122.0,1139.0,1119.0,1135.0,106600.0
2021-06-29,40950,1119.0,1120.0,1085.0,1091.0,0,0,127900.0,140055300.0,1.0,1119.0,1120.0,1085.0,1091.0,127900.0
2021-06-30,40950,1105.0,1126.0,1105.0,1109.0,0,0,180000.0,200834200.0,1.0,1105.0,1126.0,1105.0,1109.0,180000.0
2021-07-01,40950,1111.0,1117.0,1085.0,1089.0,0,0,136700.0,149266400.0,1.0,1111.0,1117.0,1085.0,1089.0,136700.0
2021-07-02,40950,1119.0,1127.0,1104.0,1117.0,0,0,120600.0,134944800.0,1.0,1119.0,1127.0,1104.0,1117.0,120600.0
2021-07-05,40950,1110.0,1113.0,1097.0,1099.0,0,0,50100.0,55206100.0,1.0,1110.0,1113.0,1097.0,1099.0,50100.0
2021-07-06,40950,1107.0,1115.0,1098.0,1107.0,0,0,51200.0,56696800.0,1.0,1107.0,1115.0,1098.0,1107.0,51200.0
2021-07-07,40950,1098.0,1107.0,1086.0,1101.0,0,0,97000.0,106561800.0,1.0,1098.0,1107.0,1086.0,1101.0,97000.0
2021-07-08,40950,1098.0,1119.0,1097.0,1098.0,0,0,139800.0,154339300.0,1.0,1098.0,1119.0,1097.0,1098.0,139800.0
2021-07-09,40950,1069.0,1092.0,1059.0,1088.0,0,0,208100.0,224071900.0,1.0,1069.0,1092.0,1059.0,1088.0,208100.0
2021-07-12,40950,1134.0,1144.0,1125.0,1136.0,0,0,229500.0,260511700.0,1.0,1134.0,1144.0,1125.0,1136.0,229500.0
2021-07-13,40950,1145.0,1170.0,1136.0,1155.0,0,0,208400.0,240631700.0,1.0,1145.0,1170.0,1136.0,1155.0,208400.0
2021-07-14,40950,1147.0,1166.0,1141.0,1164.0,0,0,80700.0,93619100.0,1.0,1147.0,1166.0,1141.0,1164.0,80700.0
2021-07-15,40950,1172.0,1174.0,1135.0,1138.0,0,0,179300.0,205452400.0,1.0,1172.0,1174.0,1135.0,1138.0,179300.0
2021-07-16,40950,1122.0,1134.0,1118.0,1129.0,0,0,135000.0,152216700.0,1.0,1122.0,1134.0,1118.0,1129.0,135000.0
2021-07-19,40950,1115.0,1118.0,1100.0,1102.0,0,0,90800.0,100236100.0,1.0,1115.0,1118.0,1100.0,1102.0,90800.0
2021-07-20,40950,1095.0,1114.0,1093.0,1107.0,0,0,100400.0,111171500.0,1.0,1095.0,1114.0,1093.0,1107.0,100400.0
2021-07-21,40950,1118.0,1134.0,1115.0,1128.0,0,0,80800.0,91006000.0,1.0,1118.0,1134.0,1115.0,1128.0,80800.0
2021-07-26,40950,1158.0,1167.0,1139.0,1145.0,0,0,110000.0,125989900.0,1.0,1158.0,1167.0,1139.0,1145.0,110000.0
2021-07-27,40950,1155.0,1160.0,1143.0,1159.0,0,0,92500.0,106894400.0,1.0,1155.0,1160.0,1143.0,1159.0,92500.0
2021-07-28,40950,1149.0,1163.0,1140.0,1144.0,0,0,79500.0,91247200.0,1.0,1149.0,1163.0,1140.0,1144.0,79500.0
2021-07-29,40950,1151.0,1153.0,1137.0,1153.0,0,0,58800.0,67564000.0,1.0,1151.0,1153.0,1137.0,1153.0,58800.0
2021-07-30,40950,1145.0,1145.0,1122.0,1122.0,0,0,98500.0,111043900.0,1.0,1145.0,1145.0,1122.0,1122.0,98500.0
2021-08-02,40950,1145.0,1185.0,1143.0,1185.0,0,0,160900.0,188467600.0,1.0,1145.0,1185.0,1143.0,1185.0,160900.0
2021-08-03,40950,1180.0,1188.0,1173.0,1178.0,0,0,64100.0,75603700.0,1.0,1180.0,1188.0,1173.0,1178.0,64100.0
2021-08-04,40950,1176.0,1177.0,1161.0,1161.0,0,0,96900.0,113050100.0,1.0,1176.0,1177.0,1161.0,1161.0,96900.0
2021-08-05,40950,1159.0,1170.0,1143.0,1168.0,0,0,98700.0,114453900.0,1.0,1159.0,1170.0,1143.0,1168.0,98700.0
2021-08-06,40950,1151.0,1165.0,1145.0,1165.0,0,0,65800.0,76120100.0,1.0,1151.0,1165.0,1145.0,1165.0,65800.0
2021-08-10,40950,1172.0,1178.0,1159.0,1164.0,0,0,74000.0,86300100.0,1.0,1172.0,1178.0,1159.0,1164.0,74000.0
2021-08-11,40950,1185.0,1185.0,1160.0,1166.0,0,0,83500.0,97540500.0,1.0,1185.0,1185.0,1160.0,1166.0,83500.0
2021-08-12,40950,1171.0,1181.0,1156.0,1164.0,0,0,45800.0,53402600.0,1.0,1171.0,1181.0,1156.0,1164.0,45800.0
2021-08-13,40950,1165.0,1168.0,1160.0,1164.0,0,0,29200.0,33980300.0,1.0,1165.0,1168.0,1160.0,1164.0,29200.0
2021-08-16,40950,1154.0,1162.0,1131.0,1136.0,0,0,77000.0,87683100.0,1.0,1154.0,1162.0,1131.0,1136.0,77000.0
2021-08-17,40950,1143.0,1162.0,1143.0,1156.0,0,0,78800.0,91170500.0,1.0,1143.0,1162.0,1143.0,1156.0,78800.0
2021-08-18,40950,1153.0,1165.0,1146.0,1160.0,0,0,52000.0,60181700.0,1.0,1153.0,1165.0,1146.0,1160.0,52000.0
2021-08-19,40950,1143.0,1151.0,1130.0,1132.0,0,0,68500.0,77928800.0,1.0,1143.0,1151.0,1130.0,1132.0,68500.0
2021-08-20,40950,1121.0,1132.0,1113.0,1116.0,0,0,81700.0,91347100.0,1.0,1121.0,1132.0,1113.0,1116.0,81700.0
2021-08-23,40950,1119.0,1152.0,1119.0,1145.0,0,0,69900.0,80007200.0,1.0,1119.0,1152.0,1119.0,1145.0,69900.0
2021-08-24,40950,1144.0,1155.0,1136.0,1143.0,0,0,130400.0,149182600.0,1.0,1144.0,1155.0,1136.0,1143.0,130400.0
2021-08-25,40950,1146.0,1157.0,1139.0,1144.0,0,0,90100.0,103260900.0,1.0,1146.0,1157.0,1139.0,1144.0,90100.0
2021-08-26,40950,1144.0,1144.0,1125.0,1134.0,0,0,61200.0,69373100.0,1.0,1144.0,1144.0,1125.0,1134.0,61200.0
2021-08-27,40950,1132.0,1140.0,1130.0,1138.0,0,0,49900.0,56682700.0,1.0,1132.0,1140.0,1130.0,1138.0,49900.0
2021-08-30,40950,1150.0,1154.0,1141.0,1151.0,0,0,56100.0,64438300.0,1.0,1150.0,1154.0,1141.0,1151.0,56100.0
2021-08-31,40950,1141.0,1158.0,1131.0,1149.0,0,0,73300.0,84154000.0,1.0,1141.0,1158.0,1131.0,1149.0,73300.0
2021-09-01,40950,1149.0,1161.0,1140.0,1148.0,0,0,68000.0,78017700.0,1.0,1149.0,1161.0,1140.0,1148.0,68000.0
2021-09-02,40950,1151.0,1152.0,1138.0,1145.0,0,0,57500.0,65781500.0,1.0,1151.0,1152.0,1138.0,1145.0,57500.0
2021-09-03,40950,1155.0,1186.0,1150.0,1180.0,0,0,129000.0,151473600.0,1.0,1155.0,1186.0,1150.0,1180.0,129000.0
2021-09-06,40950,1197.0,1201.0,1179.0,1190.0,0,0,94100.0,111905800.0,1.0,1197.0,1201.0,1179.0,1190.0,94100.0
2021-09-07,40950,1205.0,1215.0,1195.0,1213.0,0,0,198600.0,239828100.0,1.0,1205.0,1215.0,1195.0,1213.0,198600.0
2021-09-08,40950,1215.0,1234.0,1210.0,1234.0,0,0,120200.0,147834300.0,1.0,1215.0,1234.0,1210.0,1234.0,120200.0
2021-09-09,40950,1222.0,1235.0,1200.0,1209.0,0,0,116700.0,141640500.0,1.0,1222.0,1235.0,1200.0,1209.0,116700.0
2021-09-10,40950,1205.0,1246.0,1205.0,1246.0,0,0,201400.0,247049300.0,1.0,1205.0,1246.0,1205.0,1246.0,201400.0
2021-09-13,40950,1245.0,1266.0,1231.0,1266.0,0,0,114400.0,143297300.0,1.0,1245.0,1266.0,1231.0,1266.0,114400.0
2021-09-14,40950,1268.0,1291.0,1256.0,1291.0,0,0,140700.0,180022800.0,1.0,1268.0,1291.0,1256.0,1291.0,140700.0
2021-09-15,40950,1270.0,1270.0,1236.0,1250.0,0,0,92600.0,115616700.0,1.0,1270.0,1270.0,1236.0,1250.0,92600.0
2021-09-16,40950,1251.0,1265.0,1243.0,1258.0,0,0,123100.0,154546200.0,1.0,1251.0,1265.0,1243.0,1258.0,123100.0
2021-09-17,40950,1256.0,1273.0,1242.0,1267.0,0,0,191000.0,241343500.0,1.0,1256.0,1273.0,1242.0,1267.0,191000.0
2021-09-21,40950,1237.0,1238.0,1214.0,1225.0,0,0,101500.0,124636600.0,1.0,1237.0,1238.0,1214.0,1225.0,101500.0
2021-09-22,40950,1224.0,1224.0,1202.0,1202.0,0,0,93200.0,112528000.0,1.0,1224.0,1224.0,1202.0,1202.0,93200.0
2021-09-24,40950,1238.0,1239.0,1214.0,1238.0,0,0,210200.0,258787700.0,1.0,1238.0,1239.0,1214.0,1238.0,210200.0
2021-09-27,40950,1238.0,1239.0,1202.0,1203.0,0,0,133100.0,161298700.0,1.0,1238.0,1239.0,1202.0,1203.0,133100.0
2021-09-28,40950,1204.0,1204.0,1172.0,1201.0,0,0,160800.0,191867500.0,1.0,1204.0,1204.0,1172.0,1201.0,160800.0
2021-09-29,40950,1158.0,1161.0,1141.0,1161.0,0,0,178800.0,206398500.0,1.0,1158.0,1161.0,1141.0,1161.0,178800.0
2021-09-30,40950,1162.0,1176.0,1155.0,1158.0,0,0,92900.0,108018300.0,1.0,1162.0,1176.0,1155.0,1158.0,92900.0
2021-10-01,40950,1142.0,1142.0,1121.0,1128.0,0,0,183700.0,207249800.0,1.0,1142.0,1142.0,1121.0,1128.0,183700.0
2021-10-04,40950,1130.0,1144.0,1105.0,1110.0,0,0,179400.0,200627100.0,1.0,1130.0,1144.0,1105.0,1110.0,179400.0
2021-10-05,40950,1103.0,1109.0,1087.0,1092.0,0,0,174300.0,190910600.0,1.0,1103.0,1109.0,1087.0,1092.0,174300.0
2021-10-06,40950,1105.0,1120.0,1094.0,1095.0,0,0,138700.0,153043800.0,1.0,1105.0,1120.0,1094.0,1095.0,138700.0
2021-10-07,40950,1096.0,1100.0,1082.0,1086.0,0,0,90100.0,98202800.0,1.0,1096.0,1100.0,1082.0,1086.0,90100.0
2021-10-08,40950,1116.0,1121.0,1107.0,1109.0,0,0,98400.0,109554400.0,1.0,1116.0,1121.0,1107.0,1109.0,98400.0
2021-10-11,40950,1109.0,1114.0,1103.0,1113.0,0,0,53800.0,59763400.0,1.0,1109.0,1114.0,1103.0,1113.0,53800.0
2021-10-12,40950,1097.0,1104.0,1090.0,1104.0,0,0,92800.0,102083400.0,1.0,1097.0,1104.0,1090.0,1104.0,92800.0
2021-10-13,40950,1100.0,1107.0,1095.0,1102.0,0,0,86000.0,94794000.0,1.0,1100.0,1107.0,1095.0,1102.0,86000.0
2021-10-14,40950,1095.0,1123.0,1092.0,1123.0,0,0,79300.0,88350200.0,1.0,1095.0,1123.0,1092.0,1123.0,79300.0
2021-10-15,40950,1140.0,1161.0,1138.0,1156.0,0,0,149500.0,172168100.0,1.0,1140.0,1161.0,1138.0,1156.0,149500.0
2021-10-18,40950,1178.0,1189.0,1162.0,1186.0,0,0,131100.0,154607700.0,1.0,1178.0,1189.0,1162.0,1186.0,131100.0
2021-10-19,40950,1199.0,1206.0,1188.0,1195.0,0,0,118900.0,142201100.0,1.0,1199.0,1206.0,1188.0,1195.0,118900.0
2021-10-20,40950,1199.0,1207.0,1170.0,1172.0,0,0,89800.0,106231100.0,1.0,1199.0,1207.0,1170.0,1172.0,89800.0
2021-10-21,40950,1164.0,1168.0,1154.0,1156.0,0,0,52200.0,60470500.0,1.0,1164.0,1168.0,1154.0,1156.0,52200.0
2021-10-22,40950,1137.0,1161.0,1135.0,1152.0,0,0,50900.0,58509400.0,1.0,1137.0,1161.0,1135.0,1152.0,50900.0
2021-10-25,40950,1150.0,1163.0,1148.0,1155.0,0,0,70900.0,81866700.0,1.0,1150.0,1163.0,1148.0,1155.0,70900.0
2021-10-26,40950,1172.0,1173.0,1145.0,1156.0,0,0,102300.0,118287200.0,1.0,1172.0,1173.0,1145.0,1156.0,102300.0
2021-10-27,40950,1150.0,1157.0,1135.0,1136.0,0,0,81900.0,93536100.0,1.0,1150.0,1157.0,1135.0,1136.0,81900.0
2021-10-28,40950,1126.0,1147.0,1120.0,1133.0,0,0,243900.0,276609700.0,1.0,1126.0,1147.0,1120.0,1133.0,243900.0
2021-10-29,40950,1131.0,1135.0,1118.0,1132.0,0,0,106500.0,120103100.0,1.0,1131.0,1135.0,1118.0,1132.0,106500.0
2021-11-01,40950,1157.0,1177.0,1151.0,1175.0,0,0,135800.0,158824500.0,1.0,1157.0,1177.0,1151.0,1175.0,135800.0
2021-11-02,40950,1160.0,1162.0,1126.0,1130.0,0,0,106500.0,120982500.0,1.0,1160.0,1162.0,1126.0,1130.0,106500.0
2021-11-04,40950,1149.0,1164.0,1127.0,1134.0,0,0,197500.0,225936900.0,1.0,1149.0,1164.0,1127.0,1134.0,197500.0
2021-11-05,40950,1138.0,1152.0,1131.0,1140.0,0,0,119500.0,136330200.0,1.0,1138.0,1152.0,1131.0,1140.0,119500.0
2021-11-08,40950,1148.0,1169.0,1131.0,1141.0,0,0,168100.0,192633500.0,1.0,1148.0,1169.0,1131.0,1141.0,168100.0
2021-11-09,40950,1140.0,1140.0,1125.0,1126.0,0,0,70100.0,79205700.0,1.0,1140.0,1140.0,1125.0,1126.0,70100.0
2021-11-10,40950,1125.0,1134.0,1118.0,1127.0,0,0,41000.0,46187700.0,1.0,1125.0,1134.0,1118.0,1127.0,41000.0
2021-11-11,40950,1137.0,1137.0,1115.0,1115.0,0,0,54700.0,61408500.0,1.0,1137.0,1137.0,1115.0,1115.0,54700.0
2021-11-12,40950,1124.0,1152.0,1124.0,1152.0,0,0,93400.0,107030500.0,1.0,1124.0,1152.0,1124.0,1152.0,93400.0
2021-11-15,40950,1171.0,1171.0,1146.0,1147.0,0,0,62700.0,72255700.0,1.0,1171.0,1171.0,1146.0,1147.0,62700.0
2021-11-16,40950,1154.0,1159.0,1134.0,1142.0,0,0,87900.0,100463800.0,1.0,1154.0,1159.0,1134.0,1142.0,87900.0
2021-11-17,40950,1140.0,1140.0,1127.0,1130.0,0,0,83200.0,94191100.0,1.0,1140.0,1140.0,1127.0,1130.0,83200.0
2021-11-18,40950,1121.0,1124.0,1107.0,1117.0,0,0,94400.0,105384000.0,1.0,1121.0,1124.0,1107.0,1117.0,94400.0
2021-11-19,40950,1130.0,1130.0,1115.0,1126.0,0,0,58200.0,65466400.0,1.0,1130.0,1130.0,1115.0,1126.0,58200.0
2021-11-22,40950,1125.0,1125.0,1107.0,1115.0,0,0,67800.0,75677900.0,1.0,1125.0,1125.0,1107.0,1115.0,67800.0
2021-11-24,40950,1123.0,1129.0,1114.0,1115.0,0,0,116000.0,129922900.0,1.0,1123.0,1129.0,1114.0,1115.0,116000.0
2021-11-25,40950,1122.0,1132.0,1121.0,1127.0,0,0,49200.0,55399700.0,1.0,1122.0,1132.0,1121.0,1127.0,49200.0
2021-11-26,40950,1125.0,1125.0,1090.0,1095.0,0,0,112700.0,123773300.0,1.0,1125.0,1125.0,1090.0,1095.0,112700.0
2021-11-29,40950,1080.0,1080.0,1055.0,1059.0,0,0,159300.0,169102500.0,1.0,1080.0,1080.0,1055.0,1059.0,159300.0
2021-11-30,40950,1080.0,1094.0,1060.0,1060.0,0,0,286900.0,307565700.0,1.0,1080.0,1094.0,1060.0,1060.0,286900.0
2021-12-01,40950,1047.0,1086.0,1045.0,1081.0,0,0,91600.0,98373400.0,1.0,1047.0,1086.0,1045.0,1081.0,91600.0
2021-12-02,40950,1078.0,1101.0,1078.0,1080.0,0,0,141500.0,153726700.0,1.0,1078.0,1101.0,1078.0,1080.0,141500.0
2021-12-03,40950,1090.0,1104.0,1084.0,1103.0,0,0,66100.0,72623800.0,1.0,1090.0,1104.0,1084.0,1103.0,66100.0
2021-12-06,40950,1101.0,1107.0,1087.0,1097.0,0,0,123300.0,135116300.0,1.0,1101.0,1107.0,1087.0,1097.0,123300.0
2021-12-07,40950,1105.0,1138.0,1096.0,1135.0,0,0,114400.0,128844000.0,1.0,1105.0,1138.0,1096.0,1135.0,114400.0
2021-12-08,40950,1143.0,1148.0,1125.0,1136.0,0,0,87600.0,99743400.0,1.0,1143.0,1148.0,1125.0,1136.0,87600.0
2021-12-09,40950,1132.0,1137.0,1120.0,1126.0,0,0,51300.0,57799300.0,1.0,1132.0,1137.0,1120.0,1126.0,51300.0
2021-12-10,40950,1135.0,1137.0,1120.0,1123.0,0,0,97500.0,110372900.0,1.0,1135.0,1137.0,1120.0,1123.0,97500.0
2021-12-13,40950,1131.0,1135.0,1115.0,1120.0,0,0,50200.0,56340800.0,1.0,1131.0,1135.0,1115.0,1120.0,50200.0
2021-12-14,40950,1130.0,1140.0,1119.0,1136.0,0,0,123000.0,139271100.0,1.0,1130.0,1140.0,1119.0,1136.0,123000.0
2021-12-15,40950,1136.0,1147.0,1134.0,1138.0,0,0,52000.0,59237500.0,1.0,1136.0,1147.0,1134.0,1138.0,52000.0
2021-12-16,40950,1150.0,1164.0,1146.0,1154.0,0,0,96700.0,111665000.0,1.0,1150.0,1164.0,1146.0,1154.0,96700.0
2021-12-17,40950,1151.0,1160.0,1124.0,1136.0,0,0,94600.0,107545500.0,1.0,1151.0,1160.0,1124.0,1136.0,94600.0
2021-12-20,40950,1118.0,1120.0,1085.0,1085.0,0,0,81700.0,89657800.0,1.0,1118.0,1120.0,1085.0,1085.0,81700.0
2021-12-21,40950,1106.0,1123.0,1102.0,1115.0,0,0,89300.0,99461200.0,1.0,1106.0,1123.0,1102.0,1115.0,89300.0
2021-12-22,40950,1115.0,1115.0,1091.0,1093.0,0,0,70000.0,76734300.0,1.0,1115.0,1115.0,1091.0,1093.0,70000.0
2021-12-23,40950,1105.0,1108.0,1098.0,1104.0,0,0,43900.0,48483300.0,1.0,1105.0,1108.0,1098.0,1104.0,43900.0
2021-12-24,40950,1115.0,1115.0,1107.0,1109.0,0,0,47600.0,52923200.0,1.0,1115.0,1115.0,1107.0,1109.0,47600.0
2021-12-27,40950,1106.0,1106.0,1093.0,1101.0,0,0,59300.0,65234100.0,1.0,1106.0,1106.0,1093.0,1101.0,59300.0
2021-12-28,40950,1113.0,1125.0,1105.0,1123.0,0,0,80700.0,90395100.0,1.0,1113.0,1125.0,1105.0,1123.0,80700.0
2021-12-29,40950,1116.0,1130.0,1113.0,1124.0,0,0,59900.0,67271500.0,1.0,1116.0,1130.0,1113.0,1124.0,59900.0
2021-12-30,40950,1118.0,1138.0,1109.0,1125.0,0,0,87000.0,98126000.0,1.0,1118.0,1138.0,1109.0,1125.0,87000.0
2022-01-04,40950,1124.0,1131.0,1103.0,1123.0,0,0,136200.0,152534100.0,1.0,1124.0,1131.0,1103.0,1123.0,136200.0
2022-01-05,40950,1136.0,1147.0,1128.0,1141.0,0,0,114600.0,130405400.0,1.0,1136.0,1147.0,1128.0,1141.0,114600.0
2022-01-06,40950,1122.0,1141.0,1108.0,1109.0,0,0,154900.0,173450000.0,1.0,1122.0,1141.0,1108.0,1109.0,154900.0
2022-01-07,40950,1112.0,1120.0,1098.0,1100.0,0,0,125300.0,138320200.0,1.0,1112.0,1120.0,1098.0,1100.0,125300.0
2022-01-11,40950,1101.0,1101.0,1081.0,1097.0,0,0,164800.0,179824900.0,1.0,1101.0,1101.0,1081.0,1097.0,164800.0
2022-01-12,40950,1110.0,1130.0,1103.0,1119.0,0,0,157100.0,175849200.0,1.0,1110.0,1130.0,1103.0,1119.0,157100.0
2022-01-13,40950,1119.0,1121.0,1106.0,1106.0,0,0,70700.0,78551700.0,1.0,1119.0,1121.0,1106.0,1106.0,70700.0
2022-01-14,40950,1094.0,1099.0,1077.0,1091.0,0,0,122600.0,133530900.0,1.0,1094.0,1099.0,1077.0,1091.0,122600.0
2022-01-17,40950,1076.0,1084.0,1068.0,1073.0,0,0,91600.0,98434000.0,1.0,1076.0,1084.0,1068.0,1073.0,91600.0
2022-01-18,40950,1070.0,1076.0,1051.0,1058.0,0,0,98600.0,104908900.0,1.0,1070.0,1076.0,1051.0,1058.0,98600.0
2022-01-19,40950,1040.0,1048.0,1017.0,1024.0,0,0,175000.0,180478800.0,1.0,1040.0,1048.0,1017.0,1024.0,175000.0
2022-01-20,40950,1022.0,1051.0,1021.0,1040.0,0,0,176200.0,183498900.0,1.0,1022.0,1051.0,1021.0,1040.0,176200.0
2022-01-21,40950,1041.0,1043.0,1030.0,1038.0,0,0,168400.0,174716200.0,1.0,1041.0,1043.0,1030.0,1038.0,168400.0
2022-01-24,40950,1034.0,1062.0,1031.0,1061.0,0,0,128600.0,135183500.0,1.0,1034.0,1062.0,1031.0,1061.0,128600.0
2022-01-25,40950,1059.0,1069.0,1053.0,1064.0,0,0,157100.0,166511800.0,1.0,1059.0,1069.0,1053.0,1064.0,157100.0
2022-01-26,40950,1064.0,1075.0,1050.0,1050.0,0,0,98100.0,103833900.0,1.0,1064.0,1075.0,1050.0,1050.0,98100.0
2022-01-27,40950,1048.0,1051.0,1006.0,1014.0,0,0,144300.0,146843900.0,1.0,1048.0,1051.0,1006.0,1014.0,144300.0
2022-01-28,40950,1033.0,1044.0,1029.0,1039.0,0,0,109200.0,113366200.0,1.0,1033.0,1044.0,1029.0,1039.0,109200.0
2022-01-31,40950,1034.0,1039.0,1021.0,1033.0,0,0,90500.0,93446400.0,1.0,1034.0,1039.0,1021.0,1033.0,90500.0
2022-02-01,40950,1040.0,1048.0,1033.0,1037.0,0,0,105100.0,109365400.0,1.0,1040.0,1048.0,1033.0,1037.0,105100.0
2022-02-02,40950,1043.0,1072.0,1042.0,1063.0,0,0,120500.0,127668500.0,1.0,1043.0,1072.0,1042.0,1063.0,120500.0
2022-02-03,40950,1053.0,1070.0,1043.0,1047.0,0,0,87000.0,91401500.0,1.0,1053.0,1070.0,1043.0,1047.0,87000.0
2022-02-04,40950,1034.0,1059.0,1034.0,1058.0,0,0,97300.0,102523400.0,1.0,1034.0,1059.0,1034.0,1058.0,97300.0
2022-02-07,40950,1028.0,1049.0,1017.0,1028.0,0,0,175700.0,180501900.0,1.0,1028.0,1049.0,1017.0,1028.0,175700.0
2022-02-08,40950,1038.0,1049.0,1008.0,1014.0,0,0,161400.0,164533800.0,1.0,1038.0,1049.0,1008.0,1014.0,161400.0
2022-02-09,40950,1019.0,1034.0,1009.0,1027.0,0,0,116700.0,119576800.0,1.0,1019.0,1034.0,1009.0,1027.0,116700.0
2022-02-10,40950,1037.0,1037.0,1006.0,1010.0,0,0,127500.0,129115300.0,1.0,1037.0,1037.0,1006.0,1010.0,127500.0
2022-02-14,40950,997.0,1007.0,988.0,1003.0,0,0,130500.0,130430800.0,1.0,997.0,1007.0,988.0,1003.0,130500.0
2022-02-15,40950,1006.0,1006.0,982.0,992.0,0,0,163900.0,162602800.0,1.0,1006.0,1006.0,982.0,992.0,163900.0
2022-02-16,40950,1007.0,1027.0,1003.0,1023.0,0,0,109500.0,111552500.0,1.0,1007.0,1027.0,1003.0,1023.0,109500.0
2022-02-17,40950,1023.0,1023.0,1009.0,1018.0,0,0,95400.0,96970500.0,1.0,1023.0,1023.0,1009.0,1018.0,95400.0
2022-02-18,40950,1005.0,1015.0,1002.0,1008.0,0,0,70000.0,70680900.0,1.0,1005.0,1015.0,1002.0,1008.0,70000.0
2022-02-21,40950,994.0,1004.0,993.0,997.0,0,0,89100.0,88820700.0,1.0,994.0,1004.0,993.0,997.0,89100.0
2022-02-22,40950,990.0,990.0,965.0,968.0,0,0,186500.0,181415900.0,1.0,990.0,990.0,965.0,968.0,186500.0
2022-02-24,40950,967.0,985.0,963.0,982.0,0,0,114900.0,112180800.0,1.0,967.0,985.0,963.0,982.0,114900.0
2022-02-25,40950,986.0,986.0,961.0,969.0,0,0,143400.0,139104400.0,1.0,986.0,986.0,961.0,969.0,143400.0
2022-02-28,40950,973.0,992.0,967.0,986.0,0,0,169000.0,166005400.0,1.0,973.0,992.0,967.0,986.0,169000.0
2022-03-01,40950,994.0,994.0,981.0,985.0,0,0,161800.0,159582500.0,1.0,994.0,994.0,981.0,985.0,161800.0
2022-03-02,40950,961.0,965.0,949.0,950.0,0,0,188300.0,179726400.0,1.0,961.0,965.0,949.0,950.0,188300.0
2022-03-03,40950,960.0,969.0,952.0,953.0,0,0,100400.0,96195200.0,1.0,960.0,969.0,952.0,953.0,100400.0
2022-03-04,40950,950.0,957.0,937.0,937.0,0,0,114100.0,107768700.0,1.0,950.0,957.0,937.0,937.0,114100.0
2022-03-07,40950,932.0,941.0,917.0,923.0,0,0,181500.0,168087600.0,1.0,932.0,941.0,917.0,923.0,181500.0
2022-03-08,40950,908.0,921.0,897.0,903.0,0,0,139800.0,126667600.0,1.0,908.0,921.0,897.0,903.0,139800.0
2022-03-09,40950,905.0,916.0,892.0,896.0,0,0,112200.0,101133600.0,1.0,905.0,916.0,892.0,896.0,112200.0
2022-03-10,40950,922.0,942.0,914.0,940.0,0,0,182800.0,170471300.0,1.0,922.0,942.0,914.0,940.0,182800.0
2022-03-11,40950,925.0,929.0,914.0,925.0,0,0,185200.0,170997900.0,1.0,925.0,929.0,914.0,925.0,185200.0
2022-03-14,40950,929.0,943.0,924.0,931.0,0,0,125300.0,117021500.0,1.0,929.0,943.0,924.0,931.0,125300.0
2022-03-15,40950,941.0,979.0,938.0,973.0,0,0,229700.0,222611500.0,1.0,941.0,979.0,938.0,973.0,229700.0
2022-03-16,40950,980.0,982.0,962.0,967.0,0,0,222300.0,215636200.0,1.0,980.0,982.0,962.0,967.0,222300.0
2022-03-17,40950,982.0,997.0,980.0,993.0,0,0,230300.0,227805600.0,1.0,982.0,997.0,980.0,993.0,230300.0
2022-03-18,40950,990.0,997.0,971.0,971.0,0,0,493100.0,483524300.0,1.0,990.0,997.0,971.0,971.0,493100.0
2022-03-22,40950,995.0,1002.0,982.0,986.0,0,0,216900.0,214335500.0,1.0,995.0,1002.0,982.0,986.0,216900.0
2022-03-23,40950,988.0,1017.0,985.0,1010.0,0,0,176900.0,178642100.0,1.0,988.0,1017.0,985.0,1010.0,176900.0
2022-03-24,40950,1005.0,1008.0,981.0,994.0,0,0,137000.0,135802400.0,1.0,1005.0,1008.0,981.0,994.0,137000.0
2022-03-25,40950,998.0,1004.0,989.0,997.0,0,0,163200.0,162623400.0,1.0,998.0,1004.0,989.0,997.0,163200.0
2022-03-28,40950,1010.0,1013.0,995.0,1003.0,0,0,195700.0,196285300.0,1.0,1010.0,1013.0,995.0,1003.0,195700.0
2022-03-29,40950,996.0,1003.0,986.0,997.0,0,0,243200.0,241968100.0,1.0,996.0,1003.0,986.0,997.0,243200.0
2022-03-30,40950,996.0,996.0,953.0,964.0,0,0,181300.0,174970200.0,1.0,996.0,996.0,953.0,964.0,181300.0
2022-03-31,40950,949.0,959.0,931.0,932.0,0,0,221600.0,207930600.0,1.0,949.0,959.0,931.0,932.0,221600.0
2022-04-01,40950,930.0,936.0,911.0,931.0,0,0,224400.0,208208800.0,1.0,930.0,936.0,911.0,931.0,224400.0
2022-04-04,40950,932.0,942.0,931.0,935.0,0,0,120900.0,113117400.0,1.0,932.0,942.0,931.0,935.0,120900.0
2022-04-05,40950,950.0,953.0,936.0,940.0,0,0,276900.0,260836600.0,1.0,950.0,953.0,936.0,940.0,276900.0
2022-04-06,40950,930.0,931.0,916.0,920.0,0,0,232200.0,213904200.0,1.0,930.0,931.0,916.0,920.0,232200.0
2022-04-07,40950,905.0,911.0,895.0,909.0,0,0,380700.0,344503800.0,1.0,905.0,911.0,895.0,909.0,380700.0
2022-04-08,40950,910.0,917.0,895.0,903.0,0,0,607700.0,548650600.0,1.0,910.0,917.0,895.0,903.0,607700.0
2022-04-11,40950,900.0,904.0,882.0,891.0,0,0,401300.0,357414700.0,1.0,900.0,904.0,882.0,891.0,401300.0
2022-04-12,40950,889.0,889.0,870.0,875.0,0,0,469200.0,411868300.0,1.0,889.0,889.0,870.0,875.0,469200.0
2022-04-13,40950,881.0,898.0,881.0,895.0,0,0,228600.0,204043100.0,1.0,881.0,898.0,881.0,895.0,228600.0
2022-04-14,40950,899.0,908.0,897.0,905.0,0,0,156000.0,141025100.0,1.0,899.0,908.0,897.0,905.0,156000.0
2022-04-15,40950,896.0,900.0,887.0,890.0,0,0,153600.0,137071500.0,1.0,896.0,900.0,887.0,890.0,153600.0
2022-04-18,40950,875.0,878.0,859.0,870.0,0,0,142200.0,123390200.0,1.0,875.0,878.0,859.0,870.0,142200.0
2022-04-19,40950,880.0,890.0,876.0,889.0,0,0,135100.0,119583900.0,1.0,880.0,890.0,876.0,889.0,135100.0
2022-04-20,40950,903.0,909.0,897.0,901.0,0,0,125200.0,113009400.0,1.0,903.0,909.0,897.0,901.0,125200.0
2022-04-21,40950,916.0,926.0,911.0,917.0,0,0,223000.0,205002300.0,1.0,916.0,926.0,911.0,917.0,223000.0
2022-04-22,40950,898.0,919.0,897.0,919.0,0,0,129200.0,117993700.0,1.0,898.0,919.0,897.0,919.0,129200.0
2022-04-25,40950,895.0,900.0,892.0,895.0,0,0,235500.0,210943800.0,1.0,895.0,900.0,892.0,895.0,235500.0
2022-04-26,40950,901.0,901.0,890.0,892.0,0,0,270300.0,241871900.0,1.0,901.0,901.0,890.0,892.0,270300.0
2022-04-27,40950,880.0,885.0,873.0,878.0,0,0,766700.0,673683900.0,1.0,880.0,885.0,873.0,878.0,766700.0
2022-04-28,40950,881.0,923.0,881.0,921.0,0,0,291900.0,265920100.0,1.0,881.0,923.0,881.0,921.0,291900.0
2022-05-02,40950,923.0,926.0,915.0,920.0,0,0,129500.0,119260700.0,1.0,923.0,926.0,915.0,920.0,129500.0
2022-05-06,40950,916.0,932.0,916.0,925.0,0,0,159700.0,147771400.0,1.0,916.0,932.0,916.0,925.0,159700.0
2022-05-09,40950,917.0,931.0,917.0,926.0,0,0,211500.0,195931600.0,1.0,917.0,931.0,917.0,926.0,211500.0
2022-05-10,40950,919.0,929.0,914.0,927.0,0,0,198300.0,182890300.0,1.0,919.0,929.0,914.0,927.0,198300.0
2022-05-11,40950,909.0,917.0,907.0,910.0,0,0,214900.0,195955500.0,1.0,909.0,917.0,907.0,910.0,214900.0
2022-05-12,40950,906.0,907.0,892.0,894.0,0,0,205800.0,184708800.0,1.0,906.0,907.0,892.0,894.0,205800.0
2022-05-13,40950,892.0,908.0,887.0,905.0,0,0,319600.0,287746200.0,1.0,892.0,908.0,887.0,905.0,319600.0
2022-05-16,40950,917.0,923.0,890.0,892.0,0,0,260600.0,234483900.0,1.0,917.0,923.0,890.0,892.0,260600.0
2022-05-17,40950,891.0,899.0,888.0,893.0,0,0,211700.0,189322600.0,1.0,891.0,899.0,888.0,893.0,211700.0
2022-05-18,40950,894.0,904.0,892.0,901.0,0,0,182700.0,164195500.0,1.0,894.0,904.0,892.0,901.0,182700.0
2022-05-19,40950,880.0,892.0,880.0,888.0,0,0,288800.0,255956000.0,1.0,880.0,892.0,880.0,888.0,288800.0
2022-05-20,40950,885.0,898.0,878.0,893.0,0,0,237900.0,212200100.0,1.0,885.0,898.0,878.0,893.0,237900.0
2022-05-23,40950,912.0,916.0,902.0,907.0,0,0,214700.0,194962900.0,1.0,912.0,916.0,902.0,907.0,214700.0
2022-05-24,40950,904.0,905.0,897.0,897.0,0,0,176500.0,158850400.0,1.0,904.0,905.0,897.0,897.0,176500.0
2022-05-25,40950,895.0,895.0,883.0,887.0,0,0,220400.0,195873500.0,1.0,895.0,895.0,883.0,887.0,220400.0
2022-05-26,40950,888.0,896.0,884.0,884.0,0,0,222000.0,197331800.0,1.0,888.0,896.0,884.0,884.0,222000.0
2022-05-27,40950,899.0,900.0,886.0,889.0,0,0,170200.0,151646300.0,1.0,899.0,900.0,886.0,889.0,170200.0
2022-05-30,40950,890.0,926.0,890.0,920.0,0,0,768300.0,704722100.0,1.0,890.0,926.0,890.0,920.0,768300.0
2022-05-31,40950,912.0,924.0,905.0,920.0,0,0,507500.0,465600700.0,1.0,912.0,924.0,905.0,920.0,507500.0
2022-06-01,40950,915.0,935.0,914.0,931.0,0,0,183000.0,169895100.0,1.0,915.0,935.0,914.0,931.0,183000.0
2022-06-02,40950,929.0,929.0,917.0,922.0,0,0,158400.0,145981500.0,1.0,929.0,929.0,917.0,922.0,158400.0
2022-06-03,40950,928.0,933.0,922.0,923.0,0,0,140400.0,130007000.0,1.0,928.0,933.0,922.0,923.0,140400.0
2022-06-06,40950,915.0,918.0,910.0,916.0,0,0,131100.0,119895100.0,1.0,915.0,918.0,910.0,916.0,131100.0
2022-06-07,40950,921.0,930.0,919.0,923.0,0,0,128900.0,119047100.0,1.0,921.0,930.0,919.0,923.0,128900.0
2022-06-08,40950,928.0,938.0,925.0,929.0,0,0,128400.0,119511000.0,1.0,928.0,938.0,925.0,929.0,128400.0
2022-06-09,40950,928.0,936.0,918.0,919.0,0,0,153400.0,141680600.0,1.0,928.0,936.0,918.0,919.0,153400.0
2022-06-10,40950,916.0,927.0,911.0,920.0,0,0,310200.0,285192600.0,1.0,916.0,927.0,911.0,920.0,310200.0
2022-06-13,40950,901.0,907.0,899.0,903.0,0,0,192100.0,173299000.0,1.0,901.0,907.0,899.0,903.0,192100.0
2022-06-14,40950,895.0,901.0,892.0,899.0,0,0,250100.0,224211800.0,1.0,895.0,901.0,892.0,899.0,250100.0
2022-06-15,40950,897.0,904.0,894.0,895.0,0,0,188700.0,169360800.0,1.0,897.0,904.0,894.0,895.0,188700.0
2022-06-16,40950,902.0,919.0,898.0,902.0,0,0,255800.0,232030800.0,1.0,902.0,919.0,898.0,902.0,255800.0
2022-06-17,40950,886.0,890.0,874.0,883.0,0,0,273100.0,241202500.0,1.0,886.0,890.0,874.0,883.0,273100.0
2022-06-20,40950,892.0,893.0,874.0,875.0,0,0,217800.0,191358700.0,1.0,892.0,893.0,874.0,875.0,217800.0
2022-06-21,40950,889.0,897.0,885.0,894.0,0,0,192800.0,171987200.0,1.0,889.0,897.0,885.0,894.0,192800.0
2022-06-22,40950,899.0,900.0,891.0,892.0,0,0,120900.0,108254900.0,1.0,899.0,900.0,891.0,892.0,120900.0
2022-06-23,40950,886.0,898.0,886.0,894.0,0,0,171900.0,153549700.0,1.0,886.0,898.0,886.0,894.0,171900.0
2022-06-24,40950,905.0,916.0,892.0,914.0,0,0,331700.0,301263200.0,1.0,905.0,916.0,892.0,914.0,331700.0
2022-06-27,40950,926.0,930.0,917.0,925.0,0,0,182100.0,168258300.0,1.0,926.0,930.0,917.0,925.0,182100.0
2022-06-28,40950,920.0,927.0,914.0,925.0,0,0,162100.0,149639300.0,1.0,920.0,927.0,914.0,925.0,162100.0
2022-06-29,40950,903.0,913.0,900.0,902.0,0,0,796200.0,719762400.0,1.0,903.0,913.0,900.0,902.0,796200.0
2022-06-30,40950,905.0,905.0,887.0,891.0,0,0,224400.0,200725200.0,1.0,905.0,905.0,887.0,891.0,224400.0
2022-07-01,40950,892.0,901.0,886.0,889.0,0,0,327100.0,291347400.0,1.0,892.0,901.0,886.0,889.0,327100.0
2022-07-04,40950,904.0,909.0,901.0,906.0,0,0,125900.0,113910400.0,1.0,904.0,909.0,901.0,906.0,125900.0
2022-07-05,40950,911.0,915.0,902.0,905.0,0,0,116600.0,105717300.0,1.0,911.0,915.0,902.0,905.0,116600.0
2022-07-06,40950,904.0,913.0,903.0,909.0,0,0,171400.0,155500300.0,1.0,904.0,913.0,903.0,909.0,171400.0
2022-07-07,40950,920.0,939.0,920.0,936.0,0,0,186400.0,173852700.0,1.0,920.0,939.0,920.0,936.0,186400.0
2022-07-08,40950,936.0,953.0,936.0,938.0,0,0,273400.0,257658800.0,1.0,936.0,953.0,936.0,938.0,273400.0
2022-07-11,40950,952.0,961.0,950.0,954.0,0,0,167600.0,159974500.0,1.0,952.0,961.0,950.0,954.0,167600.0
2022-07-12,40950,948.0,952.0,928.0,928.0,0,0,142200.0,132498600.0,1.0,948.0,952.0,928.0,928.0,142200.0
2022-07-13,40950,939.0,940.0,927.0,931.0,0,0,121400.0,113124600.0,1.0,939.0,940.0,927.0,931.0,121400.0
2022-07-14,40950,927.0,937.0,923.0,935.0,0,0,83900.0,78277100.0,1.0,927.0,937.0,923.0,935.0,83900.0
2022-07-15,40950,940.0,947.0,934.0,941.0,0,0,94400.0,88757600.0,1.0,940.0,947.0,934.0,941.0,94400.0
2022-07-19,40950,951.0,952.0,937.0,944.0,0,0,79500.0,75014800.0,1.0,951.0,952.0,937.0,944.0,79500.0
2022-07-20,40950,970.0,972.0,960.0,969.0,0,0,163300.0,157972600.0,1.0,970.0,972.0,960.0,969.0,163300.0
2022-07-21,40950,962.0,976.0,960.0,972.0,0,0,96900.0,93994100.0,1.0,962.0,976.0,960.0,972.0,96900.0
2022-07-22,40950,979.0,980.0,973.0,978.0,0,0,94000.0,91858800.0,1.0,979.0,980.0,973.0,978.0,94000.0
2022-07-25,40950,977.0,979.0,965.0,966.0,0,0,74000.0,71813900.0,1.0,977.0,979.0,965.0,966.0,74000.0
2022-07-26,40950,960.0,969.0,960.0,963.0,0,0,102100.0,98451100.0,1.0,960.0,969.0,960.0,963.0,102100.0
2022-07-27,40950,964.0,967.0,956.0,966.0,0,0,77200.0,74418200.0,1.0,964.0,967.0,956.0,966.0,77200.0
2022-07-28,40950,968.0,972.0,956.0,964.0,0,0,87200.0,84052600.0,1.0,968.0,972.0,956.0,964.0,87200.0
2022-07-29,40950,970.0,970.0,951.0,955.0,0,0,104100.0,99599300.0,1.0,970.0,970.0,951.0,955.0,104100.0
2022-08-01,40950,960.0,978.0,960.0,977.0,0,0,104800.0,101987400.0,1.0,960.0,978.0,960.0,977.0,104800.0
2022-08-02,40950,965.0,965.0,951.0,956.0,0,0,130500.0,124763400.0,1.0,965.0,965.0,951.0,956.0,130500.0
2022-08-03,40950,957.0,957.0,948.0,952.0,0,0,77000.0,73267000.0,1.0,957.0,957.0,948.0,952.0,77000.0
2022-08-04,40950,952.0,955.0,943.0,950.0,0,0,261500.0,248162700.0,1.0,952.0,955.0,943.0,950.0,261500.0
2022-08-05,40950,940.0,954.0,940.0,951.0,0,0,221900.0,210392000.0,1.0,940.0,954.0,940.0,951.0,221900.0
2022-08-08,40950,947.0,956.0,944.0,955.0,0,0,157800.0,150261200.0,1.0,947.0,956.0,944.0,955.0,157800.0
2022-08-09,40950,955.0,961.0,951.0,955.0,0,0,139000.0,132746400.0,1.0,955.0,961.0,951.0,955.0,139000.0
2022-08-10,40950,955.0,968.0,952.0,967.0,0,0,85200.0,82038100.0,1.0,955.0,968.0,952.0,967.0,85200.0
2022-08-12,40950,990.0,999.0,986.0,997.0,0,0,168600.0,167738000.0,1.0,990.0,999.0,986.0,997.0,168600.0
2022-08-15,40950,1000.0,1001.0,984.0,989.0,0,0,68400.0,67683400.0,1.0,1000.0,1001.0,984.0,989.0,68400.0
2022-08-16,40950,996.0,996.0,983.0,990.0,0,0,72500.0,71793000.0,1.0,996.0,996.0,983.0,990.0,72500.0
2022-08-17,40950,1002.0,1009.0,998.0,1007.0,0,0,152200.0,152993700.0,1.0,1002.0,1009.0,998.0,1007.0,152200.0
2022-08-18,40950,999.0,1003.0,992.0,993.0,0,0,80000.0,79627100.0,1.0,999.0,1003.0,992.0,993.0,80000.0
2022-08-19,40950,996.0,999.0,989.0,995.0,0,0,63400.0,63086300.0,1.0,996.0,999.0,989.0,995.0,63400.0
2022-08-22,40950,985.0,999.0,980.0,994.0,0,0,122000.0,121176000.0,1.0,985.0,999.0,980.0,994.0,122000.0
2022-08-23,40950,987.0,987.0,976.0,977.0,0,0,77400.0,75742300.0,1.0,987.0,987.0,976.0,977.0,77400.0
2022-08-24,40950,982.0,987.0,981.0,983.0,0,0,68700.0,67605900.0,1.0,982.0,987.0,981.0,983.0,68700.0
2022-08-25,40950,990.0,1001.0,986.0,987.0,0,0,133600.0,132345400.0,1.0,990.0,1001.0,986.0,987.0,133600.0
2022-08-26,40950,996.0,996.0,989.0,989.0,0,0,42400.0,42043900.0,1.0,996.0,996.0,989.0,989.0,42400.0
2022-08-29,40950,963.0,965.0,957.0,960.0,0,0,163900.0,157560600.0,1.0,963.0,965.0,957.0,960.0,163900.0
2022-08-30,40950,972.0,973.0,965.0,969.0,0,0,137700.0,133412600.0,1.0,972.0,973.0,965.0,969.0,137700.0
2022-08-31,40950,960.0,976.0,959.0,964.0,0,0,257500.0,248994400.0,1.0,960.0,976.0,959.0,964.0,257500.0
2022-09-01,40950,958.0,972.0,955.0,966.0,0,0,186000.0,179479300.0,1.0,958.0,972.0,955.0,966.0,186000.0
2022-09-02,40950,968.0,968.0,956.0,962.0,0,0,118000.0,113520100.0,1.0,968.0,968.0,956.0,962.0,118000.0
2022-09-05,40950,957.0,965.0,956.0,960.0,0,0,104500.0,100293900.0,1.0,957.0,965.0,956.0,960.0,104500.0
2022-09-06,40950,967.0,969.0,959.0,962.0,0,0,134400.0,129437600.0,1.0,967.0,969.0,959.0,962.0,134400.0
2022-09-07,40950,962.0,962.0,954.0,955.0,0,0,119400.0,114240600.0,1.0,962.0,962.0,954.0,955.0,119400.0
2022-09-08,40950,975.0,985.0,964.0,985.0,0,0,184600.0,180960800.0,1.0,975.0,985.0,964.0,985.0,184600.0
2022-09-09,40950,985.0,994.0,984.0,985.0,0,0,154800.0,152722700.0,1.0,985.0,994.0,984.0,985.0,154800.0
2022-09-12,40950,993.0,998.0,987.0,990.0,0,0,75800.0,75158300.0,1.0,993.0,998.0,987.0,990.0,75800.0
2022-09-13,40950,990.0,994.0,985.0,991.0,0,0,73400.0,72714200.0,1.0,990.0,994.0,985.0,991.0,73400.0
2022-09-14,40950,976.0,978.0,962.0,962.0,0,0,194800.0,188144500.0,1.0,976.0,978.0,962.0,962.0,194800.0
2022-09-15,40950,962.0,965.0,955.0,961.0,0,0,92100.0,88430600.0,1.0,962.0,965.0,955.0,961.0,92100.0
2022-09-16,40950,956.0,968.0,955.0,955.0,0,0,218400.0,209146800.0,1.0,956.0,968.0,955.0,955.0,218400.0
2022-09-20,40950,968.0,981.0,968.0,973.0,0,0,168500.0,164200600.0,1.0,968.0,981.0,968.0,973.0,168500.0
2022-09-21,40950,968.0,973.0,959.0,962.0,0,0,99600.0,95993900.0,1.0,968.0,973.0,959.0,962.0,99600.0
2022-09-22,40950,955.0,960.0,951.0,956.0,0,0,138900.0,132637700.0,1.0,955.0,960.0,951.0,956.0,138900.0
2022-09-26,40950,947.0,947.0,935.0,937.0,0,0,271500.0,255049700.0,1.0,947.0,947.0,935.0,937.0,271500.0
2022-09-27,40950,938.0,946.0,934.0,934.0,0,0,158500.0,148623000.0,1.0,938.0,946.0,934.0,934.0,158500.0
2022-09-28,40950,932.0,935.0,924.0,932.0,0,0,207400.0,192928400.0,1.0,932.0,935.0,924.0,932.0,207400.0
2022-09-29,40950,940.0,940.0,926.0,935.0,0,0,213100.0,199154300.0,1.0,940.0,940.0,926.0,935.0,213100.0
2022-09-30,40950,936.0,936.0,922.0,931.0,0,0,206500.0,192262900.0,1.0,936.0,936.0,922.0,931.0,206500.0
2022-10-03,40950,929.0,935.0,924.0,930.0,0,0,91000.0,84631200.0,1.0,929.0,935.0,924.0,930.0,91000.0
2022-10-04,40950,958.0,966.0,955.0,965.0,0,0,186900.0,179695900.0,1.0,958.0,966.0,955.0,965.0,186900.0
2022-10-05,40950,978.0,983.0,973.0,976.0,0,0,133000.0,129903100.0,1.0,978.0,983.0,973.0,976.0,133000.0
2022-10-06,40950,972.0,988.0,971.0,982.0,0,0,150300.0,147734000.0,1.0,972.0,988.0,971.0,982.0,150300.0
2022-10-07,40950,970.0,977.0,966.0,970.0,0,0,157500.0,152995000.0,1.0,970.0,977.0,966.0,970.0,157500.0
2022-10-11,40950,966.0,974.0,950.0,953.0,0,0,174100.0,167197300.0,1.0,966.0,974.0,950.0,953.0,174100.0
2022-10-12,40950,954.0,957.0,948.0,948.0,0,0,136600.0,129973000.0,1.0,954.0,957.0,948.0,948.0,136600.0
2022-10-13,40950,940.0,942.0,929.0,930.0,0,0,146000.0,136247300.0,1.0,940.0,942.0,929.0,930.0,146000.0
2022-10-14,40950,960.0,966.0,944.0,960.0,0,0,151700.0,145581000.0,1.0,960.0,966.0,944.0,960.0,151700.0
2022-10-17,40950,953.0,954.0,946.0,946.0,0,0,93800.0,89012100.0,1.0,953.0,954.0,946.0,946.0,93800.0
2022-10-18,40950,966.0,970.0,951.0,957.0,0,0,105500.0,101092600.0,1.0,966.0,970.0,951.0,957.0,105500.0
2022-10-19,40950,962.0,966.0,957.0,957.0,0,0,106200.0,101937000.0,1.0,962.0,966.0,957.0,957.0,106200.0
2022-10-20,40950,951.0,956.0,948.0,950.0,0,0,93400.0,88885100.0,1.0,951.0,956.0,948.0,950.0,93400.0
2022-10-21,40950,941.0,950.0,941.0,943.0,0,0,72000.0,68061300.0,1.0,941.0,950.0,941.0,943.0,72000.0
2022-10-24,40950,958.0,965.0,951.0,951.0,0,0,109300.0,104600800.0,1.0,958.0,965.0,951.0,951.0,109300.0
2022-10-25,40950,962.0,962.0,948.0,949.0,0,0,85100.0,81078500.0,1.0,962.0,962.0,948.0,949.0,85100.0
2022-10-26,40950,960.0,964.0,951.0,959.0,0,0,140400.0,134724600.0,1.0,960.0,964.0,951.0,959.0,140400.0
2022-10-27,40950,955.0,956.0,941.0,949.0,0,0,130700.0,123773300.0,1.0,955.0,956.0,941.0,949.0,130700.0
2022-10-28,40950,934.0,952.0,934.0,938.0,0,0,670300.0,630143700.0,1.0,934.0,952.0,934.0,938.0,670300.0
2022-10-31,40950,940.0,973.0,940.0,968.0,0,0,207300.0,200184900.0,1.0,940.0,973.0,940.0,968.0,207300.0
2022-11-01,40950,975.0,980.0,961.0,961.0,0,0,147500.0,142701600.0,1.0,975.0,980.0,961.0,961.0,147500.0
2022-11-02,40950,946.0,969.0,946.0,966.0,0,0,300200.0,289517800.0,1.0,946.0,969.0,946.0,966.0,300200.0
2022-11-04,40950,962.0,966.0,946.0,952.0,0,0,161300.0,153722500.0,1.0,962.0,966.0,946.0,952.0,161300.0
2022-11-07,40950,960.0,962.0,954.0,955.0,0,0,128800.0,123224700.0,1.0,960.0,962.0,954.0,955.0,128800.0
2022-11-08,40950,960.0,972.0,955.0,968.0,0,0,137200.0,132470200.0,1.0,960.0,972.0,955.0,968.0,137200.0
2022-11-09,40950,971.0,980.0,960.0,975.0,0,0,128000.0,124631800.0,1.0,971.0,980.0,960.0,975.0,128000.0
2022-11-10,40950,963.0,972.0,961.0,966.0,0,0,137100.0,132395400.0,1.0,963.0,972.0,961.0,966.0,137100.0
2022-11-11,40950,985.0,985.0,974.0,978.0,0,0,131300.0,128383700.0,1.0,985.0,985.0,974.0,978.0,131300.0
2022-11-14,40950,974.0,978.0,969.0,970.0,0,0,75500.0,73396300.0,1.0,974.0,978.0,969.0,970.0,75500.0
2022-11-15,40950,974.0,983.0,970.0,978.0,0,0,60100.0,58776600.0,1.0,974.0,983.0,970.0,978.0,60100.0
2022-11-16,40950,977.0,984.0,972.0,980.0,0,0,80000.0,78400800.0,1.0,977.0,984.0,972.0,980.0,80000.0
2022-11-17,40950,981.0,992.0,981.0,990.0,0,0,71000.0,70142100.0,1.0,981.0,992.0,981.0,990.0,71000.0
2022-11-18,40950,996.0,1006.0,993.0,995.0,0,0,122200.0,121972500.0,1.0,996.0,1006.0,993.0,995.0,122200.0
2022-11-21,40950,1000.0,1003.0,990.0,996.0,0,0,86600.0,86178800.0,1.0,1000.0,1003.0,990.0,996.0,86600.0
2022-11-22,40950,1001.0,1016.0,1001.0,1012.0,0,0,163500.0,165386100.0,1.0,1001.0,1016.0,1001.0,1012.0,163500.0
2022-11-24,40950,1017.0,1028.0,1014.0,1027.0,0,0,146700.0,150034200.0,1.0,1017.0,1028.0,1014.0,1027.0,146700.0
2022-11-25,40950,1027.0,1039.0,1025.0,1034.0,0,0,107200.0,110770700.0,1.0,1027.0,1039.0,1025.0,1034.0,107200.0
2022-11-28,40950,1034.0,1035.0,1011.0,1011.0,0,0,125500.0,127679100.0,1.0,1034.0,1035.0,1011.0,1011.0,125500.0
2022-11-29,40950,1001.0,1007.0,996.0,1006.0,0,0,106700.0,107073000.0,1.0,1001.0,1007.0,996.0,1006.0,106700.0
2022-11-30,40950,999.0,1006.0,987.0,991.0,0,0,189600.0,188354800.0,1.0,999.0,1006.0,987.0,991.0,189600.0
2022-12-01,40950,997.0,999.0,983.0,990.0,0,0,121100.0,119749500.0,1.0,997.0,999.0,983.0,990.0,121100.0
2022-12-02,40950,979.0,979.0,948.0,957.0,0,0,155500.0,148832900.0,1.0,979.0,979.0,948.0,957.0,155500.0
2022-12-05,40950,959.0,962.0,945.0,955.0,0,0,161400.0,153862000.0,1.0,959.0,962.0,945.0,955.0,161400.0
2022-12-06,40950,946.0,957.0,945.0,953.0,0,0,130100.0,123917200.0,1.0,946.0,957.0,945.0,953.0,130100.0
2022-12-07,40950,947.0,956.0,947.0,952.0,0,0,93900.0,89368900.0,1.0,947.0,956.0,947.0,952.0,93900.0
2022-12-08,40950,952.0,952.0,942.0,950.0,0,0,154700.0,146544800.0,1.0,952.0,952.0,942.0,950.0,154700.0
2022-12-09,40950,960.0,960.0,950.0,954.0,0,0,186200.0,177889100.0,1.0,960.0,960.0,950.0,954.0,186200.0
2022-12-12,40950,948.0,954.0,946.0,949.0,0,0,153300.0,145678900.0,1.0,948.0,954.0,946.0,949.0,153300.0
2022-12-13,40950,958.0,959.0,949.0,950.0,0,0,110900.0,105644800.0,1.0,958.0,959.0,949.0,950.0,110900.0
2022-12-14,40950,954.0,960.0,950.0,958.0,0,0,170100.0,162797100.0,1.0,954.0,960.0,950.0,958.0,170100.0
2022-12-15,40950,959.0,966.0,958.0,964.0,0,0,84600.0,81473000.0,1.0,959.0,966.0,958.0,964.0,84600.0
2022-12-16,40950,955.0,959.0,951.0,955.0,0,0,244300.0,233248700.0,1.0,955.0,959.0,951.0,955.0,244300.0
2022-12-19,40950,950.0,961.0,949.0,960.0,0,0,103800.0,99480000.0,1.0,950.0,961.0,949.0,960.0,103800.0
2022-12-20,40950,961.0,963.0,937.0,946.0,0,0,171300.0,162008400.0,1.0,961.0,963.0,937.0,946.0,171300.0
2022-12-21,40950,941.0,946.0,920.0,923.0,0,0,183300.0,170161600.0,1.0,941.0,946.0,920.0,923.0,183300.0
2022-12-22,40950,929.0,932.0,920.0,931.0,0,0,103500.0,96047200.0,1.0,929.0,932.0,920.0,931.0,103500.0
2022-12-23,40950,928.0,931.0,920.0,930.0,0,0,95600.0,88647300.0,1.0,928.0,931.0,920.0,930.0,95600.0
2022-12-26,40950,934.0,934.0,925.0,932.0,0,0,58200.0,54116700.0,1.0,934.0,934.0,925.0,932.0,58200.0
2022-12-27,40950,937.0,938.0,931.0,934.0,0,0,60200.0,56216400.0,1.0,937.0,938.0,931.0,934.0,60200.0
2022-12-28,40950,934.0,942.0,926.0,942.0,0,0,86600.0,81208200.0,1.0,934.0,942.0,926.0,942.0,86600.0
2022-12-29,40950,932.0,940.0,926.0,940.0,0,0,95300.0,89276100.0,1.0,932.0,940.0,926.0,940.0,95300.0
2022-12-30,40950,942.0,945.0,933.0,938.0,0,0,80100.0,75145800.0,1.0,942.0,945.0,933.0,938.0,80100.0
2023-01-04,40950,926.0,927.0,916.0,917.0,0,0,131600.0,121118400.0,1.0,926.0,927.0,916.0,917.0,131600.0
2023-01-05,40950,912.0,921.0,908.0,921.0,0,0,95200.0,87196400.0,1.0,912.0,921.0,908.0,921.0,95200.0
2023-01-06,40950,915.0,922.0,915.0,921.0,0,0,77500.0,71205100.0,1.0,915.0,922.0,915.0,921.0,77500.0
2023-01-10,40950,929.0,931.0,914.0,916.0,0,0,75800.0,69717600.0,1.0,929.0,931.0,914.0,916.0,75800.0
2023-01-11,40950,925.0,930.0,922.0,923.0,0,0,60100.0,55599800.0,1.0,925.0,930.0,922.0,923.0,60100.0
2023-01-12,40950,926.0,928.0,921.0,926.0,0,0,57100.0,52848600.0,1.0,926.0,928.0,921.0,926.0,57100.0
2023-01-13,40950,918.0,928.0,915.0,919.0,0,0,96700.0,88981800.0,1.0,918.0,928.0,915.0,919.0,96700.0
2023-01-16,40950,910.0,918.0,910.0,912.0,0,0,66300.0,60566500.0,1.0,910.0,918.0,910.0,912.0,66300.0
2023-01-17,40950,924.0,928.0,917.0,925.0,0,0,69600.0,64366300.0,1.0,924.0,928.0,917.0,925.0,69600.0
2023-01-18,40950,928.0,944.0,921.0,937.0,0,0,74900.0,70073900.0,1.0,928.0,944.0,921.0,937.0,74900.0
2023-01-19,40950,928.0,934.0,925.0,931.0,0,0,93500.0,86984700.0,1.0,928.0,934.0,925.0,931.0,93500.0
2023-01-20,40950,932.0,935.0,930.0,930.0,0,0,43700.0,40716200.0,1.0,932.0,935.0,930.0,930.0,43700.0
2023-01-23,40950,944.0,947.0,936.0,947.0,0,0,87900.0,82941400.0,1.0,944.0,947.0,936.0,947.0,87900.0
2023-01-24,40950,954.0,962.0,952.0,958.0,0,0,108700.0,104134600.0,1.0,954.0,962.0,952.0,958.0,108700.0
2023-01-25,40950,952.0,956.0,950.0,951.0,0,0,88400.0,84215600.0,1.0,952.0,956.0,950.0,951.0,88400.0
2023-01-26,40950,956.0,957.0,944.0,945.0,0,0,98200.0,93051800.0,1.0,956.0,957.0,944.0,945.0,98200.0
2023-01-27,40950,948.0,950.0,944.0,946.0,0,0,88000.0,83276000.0,1.0,948.0,950.0,944.0,946.0,88000.0
2023-01-30,40950,940.0,945.0,939.0,940.0,0,0,181000.0,170356100.0,1.0,940.0,945.0,939.0,940.0,181000.0
2023-01-31,40950,945.0,958.0,945.0,955.0,0,0,142000.0,135502400.0,1.0,945.0,958.0,945.0,955.0,142000.0
2023-02-01,40950,957.0,960.0,948.0,950.0,0,0,92200.0,87998000.0,1.0,957.0,960.0,948.0,950.0,92200.0
2023-02-02,40950,950.0,950.0,930.0,933.0,0,0,153900.0,144615400.0,1.0,950.0,950.0,930.0,933.0,153900.0
2023-02-03,40950,925.0,925.0,916.0,923.0,0,0,174600.0,160837000.0,1.0,925.0,925.0,916.0,923.0,174600.0
2023-02-06,40950,931.0,937.0,927.0,932.0,0,0,99800.0,92896700.0,1.0,931.0,937.0,927.0,932.0,99800.0
2023-02-07,40950,937.0,939.0,931.0,931.0,0,0,92700.0,86630800.0,1.0,937.0,939.0,931.0,931.0,92700.0
2023-02-08,40950,941.0,955.0,936.0,945.0,0,0,106200.0,100325300.0,1.0,941.0,955.0,936.0,945.0,106200.0
2023-02-09,40950,936.0,948.0,936.0,941.0,0,0,64000.0,60276400.0,1.0,936.0,948.0,936.0,941.0,64000.0
2023-02-10,40950,930.0,944.0,930.0,941.0,0,0,110400.0,103487000.0,1.0,930.0,944.0,930.0,941.0,110400.0
2023-02-13,40950,940.0,941.0,930.0,932.0,0,0,64500.0,60236300.0,1.0,940.0,941.0,930.0,932.0,64500.0
2023-02-14,40950,947.0,947.0,940.0,945.0,0,0,53500.0,50515700.0,1.0,947.0,947.0,940.0,945.0,53500.0
2023-02-15,40950,950.0,950.0,934.0,937.0,0,0,64800.0,60834800.0,1.0,950.0,950.0,934.0,937.0,64800.0
2023-02-16,40950,947.0,949.0,941.0,944.0,0,0,59500.0,56197900.0,1.0,947.0,949.0,941.0,944.0,59500.0
2023-02-17,40950,932.0,938.0,926.0,931.0,0,0,139300.0,129655400.0,1.0,932.0,938.0,926.0,931.0,139300.0
2023-02-20,40950,941.0,951.0,940.0,947.0,0,0,124100.0,117373300.0,1.0,941.0,951.0,940.0,947.0,124100.0
2023-02-21,40950,948.0,960.0,948.0,960.0,0,0,111800.0,106747700.0,1.0,948.0,960.0,948.0,960.0,111800.0
2023-02-22,40950,956.0,966.0,956.0,960.0,0,0,164700.0,158139500.0,1.0,956.0,966.0,956.0,960.0,164700.0
2023-02-24,40950,968.0,985.0,967.0,981.0,0,0,254000.0,248584600.0,1.0,968.0,985.0,967.0,981.0,254000.0
2023-02-27,40950,991.0,993.0,983.0,990.0,0,0,103900.0,102710600.0,1.0,991.0,993.0,983.0,990.0,103900.0
2023-02-28,40950,993.0,1018.0,988.0,1018.0,0,0,381900.0,384915500.0,1.0,993.0,1018.0,988.0,1018.0,381900.0
2023-03-01,40950,1006.0,1015.0,997.0,1015.0,0,0,175700.0,177155100.0,1.0,1006.0,1015.0,997.0,1015.0,175700.0
2023-03-02,40950,1020.0,1020.0,1012.0,1015.0,0,0,127100.0,129076700.0,1.0,1020.0,1020.0,1012.0,1015.0,127100.0
2023-03-03,40950,1022.0,1038.0,1017.0,1027.0,0,0,211700.0,217584600.0,1.0,1022.0,1038.0,1017.0,1027.0,211700.0
2023-03-06,40950,1026.0,1028.0,1016.0,1021.0,0,0,124300.0,126984300.0,1.0,1026.0,1028.0,1016.0,1021.0,124300.0
2023-03-07,40950,1023.0,1028.0,1019.0,1021.0,0,0,130700.0,133617700.0,1.0,1023.0,1028.0,1019.0,1021.0,130700.0
2023-03-08,40950,1027.0,1035.0,1022.0,1035.0,0,0,172400.0,177834000.0,1.0,1027.0,1035.0,1022.0,1035.0,172400.0
2023-03-09,40950,1039.0,1047.0,1036.0,1047.0,0,0,138200.0,144250800.0,1.0,1039.0,1047.0,1036.0,1047.0,138200.0
2023-03-10,40950,1027.0,1039.0,1027.0,1034.0,0,0,269000.0,277352100.0,1.0,1027.0,1039.0,1027.0,1034.0,269000.0
2023-03-13,40950,1020.0,1021.0,998.0,1001.0,0,0,146900.0,147277700.0,1.0,1020.0,1021.0,998.0,1001.0,146900.0
2023-03-14,40950,981.0,986.0,962.0,971.0,0,0,152600.0,148438800.0,1.0,981.0,986.0,962.0,971.0,152600.0
2023-03-15,40950,981.0,992.0,978.0,986.0,0,0,109800.0,108120000.0,1.0,981.0,992.0,978.0,986.0,109800.0
2023-03-16,40950,955.0,964.0,950.0,964.0,0,0,157800.0,151531300.0,1.0,955.0,964.0,950.0,964.0,157800.0
2023-03-17,40950,979.0,983.0,964.0,965.0,0,0,171100.0,165639900.0,1.0,979.0,983.0,964.0,965.0,171100.0
2023-03-20,40950,955.0,965.0,955.0,964.0,0,0,140300.0,134942800.0,1.0,955.0,965.0,955.0,964.0,140300.0
2023-03-22,40950,985.0,985.0,974.0,976.0,0,0,138500.0,135525200.0,1.0,985.0,985.0,974.0,976.0,138500.0
2023-03-23,40950,961.0,979.0,960.0,979.0,0,0,98300.0,95637300.0,1.0,961.0,979.0,960.0,979.0,98300.0
2023-03-24,40950,978.0,986.0,969.0,975.0,0,0,127300.0,124272400.0,1.0,978.0,986.0,969.0,975.0,127300.0
2023-03-27,40950,990.0,990.0,977.0,980.0,0,0,99800.0,97936600.0,1.0,990.0,990.0,977.0,980.0,99800.0
2023-03-28,40950,987.0,988.0,983.0,983.0,0,0,94300.0,92823400.0,1.0,987.0,988.0,983.0,983.0,94300.0
2023-03-29,40950,993.0,1009.0,988.0,1006.0,0,0,207300.0,207914700.0,1.0,993.0,1009.0,988.0,1006.0,207300.0
2023-03-30,40950,990.0,990.0,976.0,983.0,0,0,128300.0,126044800.0,1.0,990.0,990.0,976.0,983.0,128300.0
2023-03-31,40950,992.0,999.0,989.0,992.0,0,0,167900.0,166788100.0,1.0,992.0,999.0,989.0,992.0,167900.0
2023-04-03,40950,1007.0,1016.0,999.0,1015.0,0,0,149500.0,151283300.0,1.0,1007.0,1016.0,999.0,1015.0,149500.0
2023-04-04,40950,1013.0,1033.0,1013.0,1032.0,0,0,203800.0,209530800.0,1.0,1013.0,1033.0,1013.0,1032.0,203800.0
2023-04-05,40950,1019.0,1019.0,995.0,996.0,0,0,146400.0,146424200.0,1.0,1019.0,1019.0,995.0,996.0,146400.0
2023-04-06,40950,981.0,985.0,972.0,976.0,0,0,124100.0,121189200.0,1.0,981.0,985.0,972.0,976.0,124100.0
2023-04-07,40950,978.0,989.0,978.0,986.0,0,0,76600.0,75494600.0,1.0,978.0,989.0,978.0,986.0,76600.0
2023-04-10,40950,996.0,998.0,986.0,990.0,0,0,65600.0,64896900.0,1.0,996.0,998.0,986.0,990.0,65600.0
2023-04-11,40950,1000.0,1000.0,987.0,992.0,0,0,85400.0,84677900.0,1.0,1000.0,1000.0,987.0,992.0,85400.0
2023-04-12,40950,999.0,1014.0,996.0,1009.0,0,0,119500.0,120541100.0,1.0,999.0,1014.0,996.0,1009.0,119500.0
2023-04-13,40950,1007.0,1015.0,1001.0,1014.0,0,0,94500.0,95730700.0,1.0,1007.0,1015.0,1001.0,1014.0,94500.0
2023-04-14,40950,1020.0,1027.0,1017.0,1023.0,0,0,141900.0,145164600.0,1.0,1020.0,1027.0,1017.0,1023.0,141900.0
2023-04-17,40950,1030.0,1034.0,1027.0,1031.0,0,0,96700.0,99680900.0,1.0,1030.0,1034.0,1027.0,1031.0,96700.0
2023-04-18,40950,1037.0,1047.0,1032.0,1040.0,0,0,145800.0,151767900.0,1.0,1037.0,1047.0,1032.0,1040.0,145800.0
2023-04-19,40950,1037.0,1037.0,1026.0,1029.0,0,0,101400.0,104372900.0,1.0,1037.0,1037.0,1026.0,1029.0,101400.0
2023-04-20,40950,1019.0,1029.0,1016.0,1023.0,0,0,88400.0,90423600.0,1.0,1019.0,1029.0,1016.0,1023.0,88400.0
2023-04-21,40950,1022.0,1036.0,1021.0,1030.0,0,0,81000.0,83454600.0,1.0,1022.0,1036.0,1021.0,1030.0,81000.0
2023-04-24,40950,1031.0,1040.0,1030.0,1038.0,0,0,95400.0,98853500.0,1.0,1031.0,1040.0,1030.0,1038.0,95400.0
2023-04-25,40950,1046.0,1057.0,1042.0,1044.0,0,0,105300.0,110369700.0,1.0,1046.0,1057.0,1042.0,1044.0,105300.0
2023-04-26,40950,1035.0,1035.0,1026.0,1028.0,0,0,109500.0,112814600.0,1.0,1035.0,1035.0,1026.0,1028.0,109500.0
2023-04-27,40950,1027.0,1040.0,1025.0,1040.0,0,0,157800.0,163424100.0,1.0,1027.0,1040.0,1025.0,1040.0,157800.0
2023-04-28,40950,1055.0,1063.0,1054.0,1059.0,0,0,163000.0,172454300.0,1.0,1055.0,1063.0,1054.0,1059.0,163000.0
2023-05-01,40950,1071.0,1077.0,1069.0,1077.0,0,0,115700.0,124290000.0,1.0,1071.0,1077.0,1069.0,1077.0,115700.0
2023-05-02,40950,1086.0,1087.0,1068.0,1068.0,0,0,156200.0,167747400.0,1.0,1086.0,1087.0,1068.0,1068.0,156200.0
2023-05-08,40950,1065.0,1076.0,1060.0,1067.0,0,0,99100.0,105778200.0,1.0,1065.0,1076.0,1060.0,1067.0,99100.0
2023-05-09,40950,1063.0,1072.0,1061.0,1069.0,0,0,117300.0,125186000.0,1.0,1063.0,1072.0,1061.0,1069.0,117300.0
2023-05-10,40950,1066.0,1070.0,1058.0,1061.0,0,0,112800.0,119764900.0,1.0,1066.0,1070.0,1058.0,1061.0,112800.0
2023-05-11,40950,1047.0,1055.0,1046.0,1046.0,0,0,103000.0,107979000.0,1.0,1047.0,1055.0,1046.0,1046.0,103000.0
2023-05-12,40950,1065.0,1065.0,1044.0,1053.0,0,0,152200.0,160205100.0,1.0,1065.0,1065.0,1044.0,1053.0,152200.0
2023-05-15,40950,1063.0,1079.0,1063.0,1075.0,0,0,213300.0,228730500.0,1.0,1063.0,1079.0,1063.0,1075.0,213300.0
2023-05-16,40950,1079.0,1079.0,1053.0,1073.0,0,0,129300.0,137894800.0,1.0,1079.0,1079.0,1053.0,1073.0,129300.0
2023-05-17,40950,1069.0,1077.0,1067.0,1073.0,0,0,102900.0,110395300.0,1.0,1069.0,1077.0,1067.0,1073.0,102900.0
2023-05-18,40950,1078.0,1080.0,1066.0,1079.0,0,0,149800.0,161145300.0,1.0,1078.0,1080.0,1066.0,1079.0,149800.0
2023-05-19,40950,1080.0,1088.0,1071.0,1084.0,0,0,163800.0,176843100.0,1.0,1080.0,1088.0,1071.0,1084.0,163800.0
2023-05-22,40950,1083.0,1101.0,1081.0,1100.0,0,0,116700.0,127652200.0,1.0,1083.0,1101.0,1081.0,1100.0,116700.0
2023-05-23,40950,1101.0,1106.0,1091.0,1093.0,0,0,144400.0,158434700.0,1.0,1101.0,1106.0,1091.0,1093.0,144400.0
2023-05-24,40950,1088.0,1095.0,1086.0,1088.0,0,0,95500.0,104009300.0,1.0,1088.0,1095.0,1086.0,1088.0,95500.0
2023-05-25,40950,1086.0,1094.0,1082.0,1090.0,0,0,148900.0,162183600.0,1.0,1086.0,1094.0,1082.0,1090.0,148900.0
2023-05-26,40950,1093.0,1093.0,1064.0,1065.0,0,0,167700.0,180146300.0,1.0,1093.0,1093.0,1064.0,1065.0,167700.0
2023-05-29,40950,1081.0,1085.0,1066.0,1066.0,0,0,104900.0,112475400.0,1.0,1081.0,1085.0,1066.0,1066.0,104900.0
2023-05-30,40950,1056.0,1061.0,1041.0,1047.0,0,0,87500.0,91704300.0,1.0,1056.0,1061.0,1041.0,1047.0,87500.0
2023-05-31,40950,1031.0,1034.0,1020.0,1023.0,0,0,166300.0,170411300.0,1.0,1031.0,1034.0,1020.0,1023.0,166300.0
2023-06-01,40950,1017.0,1036.0,1015.0,1028.0,0,0,127600.0,131360500.0,1.0,1017.0,1036.0,1015.0,1028.0,127600.0
2023-06-02,40950,1029.0,1052.0,1029.0,1047.0,0,0,122400.0,128150100.0,1.0,1029.0,1052.0,1029.0,1047.0,122400.0
2023-06-05,40950,1069.0,1070.0,1058.0,1062.0,0,0,98500.0,104698100.0,1.0,1069.0,1070.0,1058.0,1062.0,98500.0
2023-06-06,40950,1051.0,1059.0,1045.0,1057.0,0,0,83800.0,88322100.0,1.0,1051.0,1059.0,1045.0,1057.0,83800.0
2023-06-07,40950,1057.0,1075.0,1055.0,1056.0,0,0,155400.0,164996800.0,1.0,1057.0,1075.0,1055.0,1056.0,155400.0
2023-06-08,40950,1063.0,1071.0,1044.0,1047.0,0,0,103700.0,109121600.0,1.0,1063.0,1071.0,1044.0,1047.0,103700.0
2023-06-09,40950,1063.0,1069.0,1051.0,1065.0,0,0,190400.0,202474000.0,1.0,1063.0,1069.0,1051.0,1065.0,190400.0
2023-06-12,40950,1063.0,1072.0,1059.0,1061.0,0,0,98500.0,104658600.0,1.0,1063.0,1072.0,1059.0,1061.0,98500.0
2023-06-13,40950,1055.0,1063.0,1054.0,1055.0,0,0,114800.0,121352900.0,1.0,1055.0,1063.0,1054.0,1055.0,114800.0
2023-06-14,40950,1069.0,1080.0,1064.0,1080.0,0,0,162800.0,175041100.0,1.0,1069.0,1080.0,1064.0,1080.0,162800.0
2023-06-15,40950,1080.0,1090.0,1077.0,1081.0,0,0,113100.0,122584100.0,1.0,1080.0,1090.0,1077.0,1081.0,113100.0
2023-06-16,40950,1076.0,1079.0,1067.0,1067.0,0,0,304900.0,326171900.0,1.0,1076.0,1079.0,1067.0,1067.0,304900.0
2023-06-19,40950,1077.0,1082.0,1054.0,1061.0,0,0,167600.0,178359300.0,1.0,1077.0,1082.0,1054.0,1061.0,167600.0
2023-06-20,40950,1050.0,1053.0,1042.0,1046.0,0,0,176300.0,184396200.0,1.0,1050.0,1053.0,1042.0,1046.0,176300.0
2023-06-21,40950,1045.0,1068.0,1045.0,1063.0,0,0,126100.0,133917300.0,1.0,1045.0,1068.0,1045.0,1063.0,126100.0
2023-06-22,40950,1063.0,1083.0,1063.0,1079.0,0,0,128400.0,138308800.0,1.0,1063.0,1083.0,1063.0,1079.0,128400.0
2023-06-23,40950,1088.0,1088.0,1059.0,1064.0,0,0,117000.0,125283500.0,1.0,1088.0,1088.0,1059.0,1064.0,117000.0
2023-06-26,40950,1065.0,1079.0,1057.0,1062.0,0,0,76600.0,81625000.0,1.0,1065.0,1079.0,1057.0,1062.0,76600.0
2023-06-27,40950,1066.0,1075.0,1063.0,1074.0,0,0,99600.0,106532400.0,1.0,1066.0,1075.0,1063.0,1074.0,99600.0
2023-06-28,40950,1085.0,1094.0,1083.0,1094.0,0,0,127500.0,139011000.0,1.0,1085.0,1094.0,1083.0,1094.0,127500.0
2023-06-29,40950,1096.0,1104.0,1079.0,1084.0,0,0,99000.0,107718100.0,1.0,1096.0,1104.0,1079.0,1084.0,99000.0
2023-06-30,40950,1113.0,1113.0,1066.0,1069.0,0,0,247300.0,267057400.0,1.0,1113.0,1113.0,1066.0,1069.0,247300.0
2023-07-03,40950,1082.0,1090.0,1079.0,1085.0,0,0,159600.0,172946800.0,1.0,1082.0,1090.0,1079.0,1085.0,159600.0
2023-07-04,40950,1070.0,1076.0,1064.0,1064.0,0,0,132000.0,140865600.0,1.0,1070.0,1076.0,1064.0,1064.0,132000.0
2023-07-05,40950,1054.0,1069.0,1051.0,1066.0,0,0,105100.0,111684800.0,1.0,1054.0,1069.0,1051.0,1066.0,105100.0
2023-07-06,40950,1059.0,1078.0,1058.0,1074.0,0,0,129800.0,138943800.0,1.0,1059.0,1078.0,1058.0,1074.0,129800.0
2023-07-07,40950,1063.0,1067.0,1050.0,1058.0,0,0,163000.0,172724200.0,1.0,1063.0,1067.0,1050.0,1058.0,163000.0
2023-07-10,40950,1063.0,1074.0,1062.0,1065.0,0,0,166800.0,177974900.0,1.0,1063.0,1074.0,1062.0,1065.0,166800.0
2023-07-11,40950,1078.0,1079.0,1065.0,1066.0,0,0,101600.0,108710300.0,1.0,1078.0,1079.0,1065.0,1066.0,101600.0
2023-07-12,40950,1077.0,1077.0,1058.0,1063.0,0,0,106000.0,112815100.0,1.0,1077.0,1077.0,1058.0,1063.0,106000.0
2023-07-13,40950,1070.0,1072.0,1058.0,1068.0,0,0,104300.0,111270900.0,1.0,1070.0,1072.0,1058.0,1068.0,104300.0
2023-07-14,40950,1078.0,1079.0,1059.0,1069.0,0,0,108500.0,115798900.0,1.0,1078.0,1079.0,1059.0,1069.0,108500.0
2023-07-18,40950,1070.0,1087.0,1070.0,1077.0,0,0,75400.0,81273600.0,1.0,1070.0,1087.0,1070.0,1077.0,75400.0
2023-07-19,40950,1089.0,1094.0,1085.0,1092.0,0,0,90000.0,98121400.0,1.0,1089.0,1094.0,1085.0,1092.0,90000.0
2023-07-20,40950,1094.0,1100.0,1082.0,1082.0,0,0,71700.0,78073700.0,1.0,1094.0,1100.0,1082.0,1082.0,71700.0
2023-07-21,40950,1080.0,1086.0,1073.0,1076.0,0,0,71300.0,76752700.0,1.0,1080.0,1086.0,1073.0,1076.0,71300.0
2023-07-24,40950,1090.0,1099.0,1086.0,1091.0,0,0,77600.0,84773200.0,1.0,1090.0,1099.0,1086.0,1091.0,77600.0
2023-07-25,40950,1097.0,1101.0,1092.0,1095.0,0,0,72700.0,79664100.0,1.0,1097.0,1101.0,1092.0,1095.0,72700.0
2023-07-26,40950,1095.0,1097.0,1088.0,1088.0,0,0,45800.0,49964600.0,1.0,1095.0,1097.0,1088.0,1088.0,45800.0
2023-07-27,40950,1088.0,1090.0,1081.0,1088.0,0,0,71700.0,77885500.0,1.0,1088.0,1090.0,1081.0,1088.0,71700.0
2023-07-28,40950,1073.0,1092.0,1071.0,1092.0,0,0,159100.0,172426400.0,1.0,1073.0,1092.0,1071.0,1092.0,159100.0
2023-07-31,40950,1117.0,1119.0,1103.0,1111.0,0,0,186200.0,206864300.0,1.0,1117.0,1119.0,1103.0,1111.0,186200.0
2023-08-01,40950,1116.0,1116.0,1097.0,1104.0,0,0,116000.0,128097400.0,1.0,1116.0,1116.0,1097.0,1104.0,116000.0
2023-08-02,40950,1088.0,1106.0,1088.0,1101.0,0,0,121300.0,133432200.0,1.0,1088.0,1106.0,1088.0,1101.0,121300.0
2023-08-03,40950,1088.0,1090.0,1076.0,1086.0,0,0,177200.0,192170100.0,1.0,1088.0,1090.0,1076.0,1086.0,177200.0
2023-08-04,40950,1090.0,1091.0,1077.0,1081.0,0,0,110300.0,119347900.0,1.0,1090.0,1091.0,1077.0,1081.0,110300.0
2023-08-07,40950,1067.0,1089.0,1061.0,1086.0,0,0,104400.0,112896800.0,1.0,1067.0,1089.0,1061.0,1086.0,104400.0
2023-08-08,40950,1093.0,1101.0,1090.0,1096.0,0,0,98100.0,107516800.0,1.0,1093.0,1101.0,1090.0,1096.0,98100.0
2023-08-09,40950,1092.0,1092.0,1071.0,1073.0,0,0,142600.0,153596100.0,1.0,1092.0,1092.0,1071.0,1073.0,142600.0
2023-08-10,40950,1077.0,1092.0,1067.0,1092.0,0,0,135600.0,147061900.0,1.0,1077.0,1092.0,1067.0,1092.0,135600.0
2023-08-14,40950,1098.0,1112.0,1097.0,1103.0,0,0,183500.0,202374300.0,1.0,1098.0,1112.0,1097.0,1103.0,183500.0
2023-08-15,40950,1104.0,1114.0,1104.0,1109.0,0,0,119300.0,132328700.0,1.0,1104.0,1114.0,1104.0,1109.0,119300.0
2023-08-16,40950,1095.0,1105.0,1093.0,1102.0,0,0,74300.0,81794200.0,1.0,1095.0,1105.0,1093.0,1102.0,74300.0
2023-08-17,40950,1102.0,1107.0,1093.0,1100.0,0,0,135600.0,149114700.0,1.0,1102.0,1107.0,1093.0,1100.0,135600.0
2023-08-18,40950,1090.0,1093.0,1076.0,1081.0,0,0,142100.0,153679900.0,1.0,1090.0,1093.0,1076.0,1081.0,142100.0
2023-08-21,40950,1081.0,1089.0,1075.0,1075.0,0,0,82800.0,89569900.0,1.0,1081.0,1089.0,1075.0,1075.0,82800.0
2023-08-22,40950,1077.0,1081.0,1070.0,1080.0,0,0,77600.0,83521500.0,1.0,1077.0,1081.0,1070.0,1080.0,77600.0
2023-08-23,40950,1081.0,1087.0,1075.0,1087.0,0,0,76700.0,82969100.0,1.0,1081.0,1087.0,1075.0,1087.0,76700.0
2023-08-24,40950,1087.0,1095.0,1084.0,1092.0,0,0,75200.0,82042400.0,1.0,1087.0,1095.0,1084.0,1092.0,75200.0
2023-08-25,40950,1080.0,1086.0,1078.0,1082.0,0,0,114100.0,123483200.0,1.0,1080.0,1086.0,1078.0,1082.0,114100.0
2023-08-28,40950,1098.0,1114.0,1098.0,1113.0,0,0,112000.0,124182100.0,1.0,1098.0,1114.0,1098.0,1113.0,112000.0
2023-08-29,40950,1114.0,1122.0,1109.0,1122.0,0,0,100500.0,112358500.0,1.0,1114.0,1122.0,1109.0,1122.0,100500.0
2023-08-30,40950,1124.0,1130.0,1114.0,1123.0,0,0,140700.0,157991100.0,1.0,1124.0,1130.0,1114.0,1123.0,140700.0
2023-08-31,40950,1120.0,1163.0,1118.0,1163.0,0,0,391500.0,451028400.0,1.0,1120.0,1163.0,1118.0,1163.0,391500.0
2023-09-01,40950,1153.0,1182.0,1141.0,1180.0,0,0,373800.0,437491600.0,1.0,1153.0,1182.0,1141.0,1180.0,373800.0
2023-09-04,40950,1184.0,1200.0,1171.0,1200.0,0,0,202700.0,241646700.0,1.0,1184.0,1200.0,1171.0,1200.0,202700.0
2023-09-05,40950,1204.0,1227.0,1203.0,1223.0,0,0,282900.0,343844300.0,1.0,1204.0,1227.0,1203.0,1223.0,282900.0
2023-09-06,40950,1223.0,1223.0,1201.0,1212.0,0,0,253400.0,306683600.0,1.0,1223.0,1223.0,1201.0,1212.0,253400.0
2023-09-07,40950,1207.0,1220.0,1198.0,1210.0,0,0,180900.0,219007100.0,1.0,1207.0,1220.0,1198.0,1210.0,180900.0
2023-09-08,40950,1196.0,1210.0,1178.0,1178.0,0,0,178200.0,212241700.0,1.0,1196.0,1210.0,1178.0,1178.0,178200.0
2023-09-11,40950,1195.0,1198.0,1171.0,1178.0,0,0,120300.0,141890800.0,1.0,1195.0,1198.0,1171.0,1178.0,120300.0
2023-09-12,40950,1181.0,1192.0,1180.0,1187.0,0,0,111200.0,131755700.0,1.0,1181.0,1192.0,1180.0,1187.0,111200.0
2023-09-13,40950,1186.0,1186.0,1151.0,1152.0,0,0,213100.0,247134900.0,1.0,1186.0,1186.0,1151.0,1152.0,213100.0
2023-09-14,40950,1160.0,1160.0,1147.0,1152.0,0,0,169700.0,195512500.0,1.0,1160.0,1160.0,1147.0,1152.0,169700.0
2023-09-15,40950,1165.0,1165.0,1151.0,1158.0,0,0,227500.0,263571400.0,1.0,1165.0,1165.0,1151.0,1158.0,227500.0
2023-09-19,40950,1158.0,1186.0,1152.0,1184.0,0,0,199700.0,234339700.0,1.0,1158.0,1186.0,1152.0,1184.0,199700.0
2023-09-20,40950,1184.0,1184.0,1164.0,1172.0,0,0,222800.0,261393300.0,1.0,1184.0,1184.0,1164.0,1172.0,222800.0
2023-09-21,40950,1175.0,1184.0,1167.0,1172.0,0,0,181000.0,212406600.0,1.0,1175.0,1184.0,1167.0,1172.0,181000.0
2023-09-22,40950,1157.0,1169.0,1156.0,1164.0,0,0,134500.0,156476700.0,1.0,1157.0,1169.0,1156.0,1164.0,134500.0
2023-09-25,40950,1174.0,1179.0,1169.0,1174.0,0,0,130900.0,153745000.0,1.0,1174.0,1179.0,1169.0,1174.0,130900.0
2023-09-26,40950,1173.0,1175.0,1164.0,1168.0,0,0,155600.0,181986300.0,1.0,1173.0,1175.0,1164.0,1168.0,155600.0
2023-09-27,40950,1160.0,1177.0,1150.0,1175.0,0,0,193400.0,225978700.0,1.0,1160.0,1177.0,1150.0,1175.0,193400.0
2023-09-28,40950,1143.0,1149.0,1120.0,1125.0,0,0,312400.0,353050900.0,1.0,1143.0,1149.0,1120.0,1125.0,312400.0
2023-09-29,40950,1136.0,1136.0,1101.0,1106.0,0,0,190500.0,211839100.0,1.0,1136.0,1136.0,1101.0,1106.0,190500.0
2023-10-02,40950,1116.0,1118.0,1091.0,1094.0,0,0,184900.0,203691800.0,1.0,1116.0,1118.0,1091.0,1094.0,184900.0
2023-10-03,40950,1094.0,1098.0,1079.0,1081.0,0,0,140500.0,152711000.0,1.0,1094.0,1098.0,1079.0,1081.0,140500.0
2023-10-04,40950,1069.0,1070.0,1052.0,1054.0,0,0,228400.0,242092100.0,1.0,1069.0,1070.0,1052.0,1054.0,228400.0
2023-10-05,40950,1057.0,1065.0,1052.0,1060.0,0,0,287300.0,304210300.0,1.0,1057.0,1065.0,1052.0,1060.0,287300.0
2023-10-06,40950,1067.0,1084.0,1067.0,1074.0,0,0,142900.0,153815500.0,1.0,1067.0,1084.0,1067.0,1074.0,142900.0
2023-10-10,40950,1082.0,1109.0,1082.0,1108.0,0,0,229800.0,252856200.0,1.0,1082.0,1109.0,1082.0,1108.0,229800.0
2023-10-11,40950,1107.0,1107.0,1088.0,1094.0,0,0,161700.0,177317200.0,1.0,1107.0,1107.0,1088.0,1094.0,161700.0
2023-10-12,40950,1094.0,1105.0,1088.0,1103.0,0,0,128600.0,141346900.0,1.0,1094.0,1105.0,1088.0,1103.0,128600.0
2023-10-13,40950,1089.0,1098.0,1080.0,1084.0,0,0,138600.0,150814200.0,1.0,1089.0,1098.0,1080.0,1084.0,138600.0
2023-10-16,40950,1081.0,1091.0,1071.0,1081.0,0,0,143200.0,154861400.0,1.0,1081.0,1091.0,1071.0,1081.0,143200.0
2023-10-17,40950,1090.0,1097.0,1085.0,1090.0,0,0,123300.0,134439900.0,1.0,1090.0,1097.0,1085.0,1090.0,123300.0
2023-10-18,40950,1101.0,1101.0,1082.0,1092.0,0,0,140000.0,152514200.0,1.0,1101.0,1101.0,1082.0,1092.0,140000.0
2023-10-19,40950,1076.0,1098.0,1076.0,1093.0,0,0,120500.0,131627500.0,1.0,1076.0,1098.0,1076.0,1093.0,120500.0
2023-10-20,40950,1094.0,1098.0,1084.0,1094.0,0,0,102800.0,112289100.0,1.0,1094.0,1098.0,1084.0,1094.0,102800.0
2023-10-23,40950,1100.0,1100.0,1079.0,1079.0,0,0,124200.0,134771100.0,1.0,1100.0,1100.0,1079.0,1079.0,124200.0
2023-10-24,40950,1083.0,1090.0,1059.0,1086.0,0,0,143200.0,154282300.0,1.0,1083.0,1090.0,1059.0,1086.0,143200.0
2023-10-25,40950,1100.0,1100.0,1077.0,1078.0,0,0,178600.0,194557500.0,1.0,1100.0,1100.0,1077.0,1078.0,178600.0
2023-10-26,40950,1075.0,1085.0,1060.0,1069.0,0,0,174200.0,186218800.0,1.0,1075.0,1085.0,1060.0,1069.0,174200.0
2023-10-27,40950,1081.0,1098.0,1080.0,1098.0,0,0,162700.0,177602900.0,1.0,1081.0,1098.0,1080.0,1098.0,162700.0
2023-10-30,40950,1078.0,1087.0,1071.0,1075.0,0,0,1132100.0,1217692400.0,1.0,1078.0,1087.0,1071.0,1075.0,1132100.0
2023-10-31,40950,1086.0,1089.0,1071.0,1084.0,0,0,285000.0,308019300.0,1.0,1086.0,1089.0,1071.0,1084.0,285000.0
2023-11-01,40950,1105.0,1109.0,1091.0,1095.0,0,0,166400.0,182665000.0,1.0,1105.0,1109.0,1091.0,1095.0,166400.0
2023-11-02,40950,1108.0,1111.0,1092.0,1099.0,0,0,165600.0,182305000.0,1.0,1108.0,1111.0,1092.0,1099.0,165600.0
2023-11-06,40950,1112.0,1124.0,1106.0,1115.0,0,0,179900.0,200949300.0,1.0,1112.0,1124.0,1106.0,1115.0,179900.0
2023-11-07,40950,1110.0,1128.0,1108.0,1111.0,0,0,238200.0,265959400.0,1.0,1110.0,1128.0,1108.0,1111.0,238200.0
2023-11-08,40950,1115.0,1138.0,1110.0,1132.0,0,0,588500.0,663384500.0,1.0,1115.0,1138.0,1110.0,1132.0,588500.0
2023-11-09,40950,1140.0,1153.0,1130.0,1142.0,0,0,240400.0,274338000.0,1.0,1140.0,1153.0,1130.0,1142.0,240400.0
2023-11-10,40950,1143.0,1149.0,1131.0,1141.0,0,0,132100.0,150480700.0,1.0,1143.0,1149.0,1131.0,1141.0,132100.0
2023-11-13,40950,1150.0,1152.0,1130.0,1137.0,0,0,86900.0,98874000.0,1.0,1150.0,1152.0,1130.0,1137.0,86900.0
2023-11-14,40950,1143.0,1147.0,1133.0,1134.0,0,0,109900.0,125029300.0,1.0,1143.0,1147.0,1133.0,1134.0,109900.0
2023-11-15,40950,1148.0,1157.0,1143.0,1153.0,0,0,161400.0,185799400.0,1.0,1148.0,1157.0,1143.0,1153.0,161400.0
2023-11-16,40950,1147.0,1154.0,1128.0,1137.0,0,0,123000.0,140188700.0,1.0,1147.0,1154.0,1128.0,1137.0,123000.0
2023-11-17,40950,1137.0,1146.0,1133.0,1146.0,0,0,112300.0,128345900.0,1.0,1137.0,1146.0,1133.0,1146.0,112300.0
2023-11-20,40950,1143.0,1151.0,1126.0,1126.0,0,0,120400.0,136572100.0,1.0,1143.0,1151.0,1126.0,1126.0,120400.0
2023-11-21,40950,1125.0,1134.0,1123.0,1129.0,0,0,118800.0,134113200.0,1.0,1125.0,1134.0,1123.0,1129.0,118800.0
2023-11-22,40950,1126.0,1150.0,1126.0,1139.0,0,0,127100.0,144390000.0,1.0,1126.0,1150.0,1126.0,1139.0,127100.0
2023-11-24,40950,1150.0,1150.0,1141.0,1146.0,0,0,68300.0,78300200.0,1.0,1150.0,1150.0,1141.0,1146.0,68300.0
2023-11-27,40950,1150.0,1155.0,1136.0,1139.0,0,0,91900.0,105049300.0,1.0,1150.0,1155.0,1136.0,1139.0,91900.0
2023-11-28,40950,1144.0,1154.0,1143.0,1154.0,0,0,129700.0,149278700.0,1.0,1144.0,1154.0,1143.0,1154.0,129700.0
2023-11-29,40950,1143.0,1156.0,1142.0,1143.0,0,0,105400.0,120870800.0,1.0,1143.0,1156.0,1142.0,1143.0,105400.0
2023-11-30,40950,1140.0,1154.0,1140.0,1154.0,0,0,173500.0,199756900.0,1.0,1140.0,1154.0,1140.0,1154.0,173500.0
2023-12-01,40950,1159.0,1162.0,1154.0,1158.0,0,0,101900.0,117939000.0,1.0,1159.0,1162.0,1154.0,1158.0,101900.0
2023-12-04,40950,1143.0,1155.0,1139.0,1155.0,0,0,90200.0,103724500.0,1.0,1143.0,1155.0,1139.0,1155.0,90200.0
2023-12-05,40950,1147.0,1154.0,1137.0,1137.0,0,0,138800.0,158480500.0,1.0,1147.0,1154.0,1137.0,1137.0,138800.0
2023-12-06,40950,1136.0,1148.0,1136.0,1143.0,0,0,140500.0,160600600.0,1.0,1136.0,1148.0,1136.0,1143.0,140500.0
2023-12-07,40950,1128.0,1140.0,1128.0,1136.0,0,0,120800.0,137155400.0,1.0,1128.0,1140.0,1128.0,1136.0,120800.0
2023-12-08,40950,1125.0,1136.0,1096.0,1102.0,0,0,242600.0,269462600.0,1.0,1125.0,1136.0,1096.0,1102.0,242600.0
2023-12-11,40950,1108.0,1110.0,1097.0,1103.0,0,0,154900.0,171029000.0,1.0,1108.0,1110.0,1097.0,1103.0,154900.0
2023-12-12,40950,1113.0,1115.0,1109.0,1111.0,0,0,131500.0,146213600.0,1.0,1113.0,1115.0,1109.0,1111.0,131500.0
2023-12-13,40950,1110.0,1115.0,1106.0,1108.0,0,0,107200.0,118986800.0,1.0,1110.0,1115.0,1106.0,1108.0,107200.0
2023-12-14,40950,1110.0,1117.0,1106.0,1111.0,0,0,179500.0,199508500.0,1.0,1110.0,1117.0,1106.0,1111.0,179500.0
2023-12-15,40950,1118.0,1118.0,1106.0,1110.0,0,0,152700.0,169828200.0,1.0,1118.0,1118.0,1106.0,1110.0,152700.0
2023-12-18,40950,1101.0,1111.0,1095.0,1109.0,0,0,134600.0,148513900.0,1.0,1101.0,1111.0,1095.0,1109.0,134600.0
2023-12-19,40950,1120.0,1121.0,1107.0,1114.0,0,0,174800.0,194427200.0,1.0,1120.0,1121.0,1107.0,1114.0,174800.0
2023-12-20,40950,1120.0,1121.0,1111.0,1114.0,0,0,141900.0,158293500.0,1.0,1120.0,1121.0,1111.0,1114.0,141900.0
2023-12-21,40950,1103.0,1116.0,1101.0,1110.0,0,0,99100.0,109951300.0,1.0,1103.0,1116.0,1101.0,1110.0,99100.0
2023-12-22,40950,1114.0,1128.0,1114.0,1126.0,0,0,121600.0,136653100.0,1.0,1114.0,1128.0,1114.0,1126.0,121600.0
2023-12-25,40950,1133.0,1133.0,1108.0,1112.0,0,0,113600.0,127095300.0,1.0,1133.0,1133.0,1108.0,1112.0,113600.0
2023-12-26,40950,1117.0,1125.0,1113.0,1122.0,0,0,97100.0,108852600.0,1.0,1117.0,1125.0,1113.0,1122.0,97100.0
2023-12-27,40950,1122.0,1132.0,1122.0,1129.0,0,0,123800.0,139642400.0,1.0,1122.0,1132.0,1122.0,1129.0,123800.0
2023-12-28,40950,1115.0,1138.0,1115.0,1136.0,0,0,82600.0,93572400.0,1.0,1115.0,1138.0,1115.0,1136.0,82600.0
2023-12-29,40950,1141.0,1144.0,1134.0,1138.0,0,0,94700.0,107744400.0,1.0,1141.0,1144.0,1134.0,1138.0,94700.0
2024-01-04,40950,1128.0,1144.0,1115.0,1137.0,0,0,233600.0,265113800.0,1.0,1128.0,1144.0,1115.0,1137.0,233600.0
2024-01-05,40950,1147.0,1151.0,1138.0,1146.0,0,0,175800.0,201249900.0,1.0,1147.0,1151.0,1138.0,1146.0,175800.0
2024-01-09,40950,1145.0,1154.0,1134.0,1140.0,0,0,156100.0,178204500.0,1.0,1145.0,1154.0,1134.0,1140.0,156100.0
2024-01-10,40950,1139.0,1153.0,1135.0,1149.0,0,0,130200.0,149406800.0,1.0,1139.0,1153.0,1135.0,1149.0,130200.0
2024-01-11,40950,1158.0,1166.0,1150.0,1158.0,0,0,200900.0,232833500.0,1.0,1158.0,1166.0,1150.0,1158.0,200900.0
2024-01-12,40950,1168.0,1173.0,1155.0,1158.0,0,0,175900.0,204096700.0,1.0,1168.0,1173.0,1155.0,1158.0,175900.0
2024-01-15,40950,1158.0,1176.0,1158.0,1169.0,0,0,130100.0,152247500.0,1.0,1158.0,1176.0,1158.0,1169.0,130100.0
2024-01-16,40950,1176.0,1179.0,1167.0,1168.0,0,0,127400.0,149139100.0,1.0,1176.0,1179.0,1167.0,1168.0,127400.0
2024-01-17,40950,1170.0,1183.0,1158.0,1158.0,0,0,141700.0,165683100.0,1.0,1170.0,1183.0,1158.0,1158.0,141700.0
2024-01-18,40950,1158.0,1169.0,1158.0,1160.0,0,0,96700.0,112450200.0,1.0,1158.0,1169.0,1158.0,1160.0,96700.0
2024-01-19,40950,1164.0,1168.0,1156.0,1160.0,0,0,110100.0,127779800.0,1.0,1164.0,1168.0,1156.0,1160.0,110100.0
2024-01-22,40950,1166.0,1175.0,1164.0,1170.0,0,0,82600.0,96624700.0,1.0,1166.0,1175.0,1164.0,1170.0,82600.0
2024-01-23,40950,1176.0,1186.0,1176.0,1178.0,0,0,145800.0,172169600.0,1.0,1176.0,1186.0,1176.0,1178.0,145800.0
2024-01-24,40950,1179.0,1183.0,1165.0,1172.0,0,0,114200.0,133935500.0,1.0,1179.0,1183.0,1165.0,1172.0,114200.0
2024-01-25,40950,1184.0,1184.0,1174.0,1177.0,0,0,141100.0,166330200.0,1.0,1184.0,1184.0,1174.0,1177.0,141100.0
2024-01-26,40950,1178.0,1183.0,1165.0,1166.0,0,0,132300.0,155213500.0,1.0,1178.0,1183.0,1165.0,1166.0,132300.0
2024-01-29,40950,1166.0,1180.0,1166.0,1179.0,0,0,90600.0,106511000.0,1.0,1166.0,1180.0,1166.0,1179.0,90600.0
2024-01-30,40950,1179.0,1182.0,1172.0,1172.0,0,0,81300.0,95570900.0,1.0,1179.0,1182.0,1172.0,1172.0,81300.0
2024-01-31,40950,1161.0,1180.0,1161.0,1180.0,0,0,107200.0,125620900.0,1.0,1161.0,1180.0,1161.0,1180.0,107200.0
2024-02-01,40950,1179.0,1204.0,1179.0,1200.0,0,0,190100.0,227342100.0,1.0,1179.0,1204.0,1179.0,1200.0,190100.0
2024-02-02,40950,1203.0,1211.0,1194.0,1199.0,0,0,109100.0,131127400.0,1.0,1203.0,1211.0,1194.0,1199.0,109100.0
2024-02-05,40950,1217.0,1222.0,1205.0,1211.0,0,0,190800.0,231311300.0,1.0,1217.0,1222.0,1205.0,1211.0,190800.0
2024-02-06,40950,1212.0,1220.0,1196.0,1198.0,0,0,142000.0,171290000.0,1.0,1212.0,1220.0,1196.0,1198.0,142000.0
2024-02-07,40950,1198.0,1238.0,1198.0,1234.0,0,0,276800.0,339787200.0,1.0,1198.0,1238.0,1198.0,1234.0,276800.0
2024-02-08,40950,1238.0,1257.0,1226.0,1247.0,0,0,410100.0,509669900.0,1.0,1238.0,1257.0,1226.0,1247.0,410100.0
2024-02-09,40950,1240.0,1242.0,1223.0,1226.0,0,0,178200.0,219394700.0,1.0,1240.0,1242.0,1223.0,1226.0,178200.0
2024-02-13,40950,1232.0,1266.0,1230.0,1262.0,0,0,218500.0,273310200.0,1.0,1232.0,1266.0,1230.0,1262.0,218500.0
2024-02-14,40950,1264.0,1264.0,1241.0,1247.0,0,0,197900.0,247425900.0,1.0,1264.0,1264.0,1241.0,1247.0,197900.0
2024-02-15,40950,1256.0,1259.0,1233.0,1246.0,0,0,133300.0,165787900.0,1.0,1256.0,1259.0,1233.0,1246.0,133300.0
2024-02-16,40950,1262.0,1278.0,1262.0,1273.0,0,0,191500.0,243192800.0,1.0,1262.0,1278.0,1262.0,1273.0,191500.0
2024-02-19,40950,1273.0,1277.0,1265.0,1270.0,0,0,166900.0,212083700.0,1.0,1273.0,1277.0,1265.0,1270.0,166900.0
2024-02-20,40950,1271.0,1283.0,1265.0,1266.0,0,0,157700.0,200344400.0,1.0,1271.0,1283.0,1265.0,1266.0,157700.0
2024-02-21,40950,1268.0,1272.0,1259.0,1266.0,0,0,180200.0,228299800.0,1.0,1268.0,1272.0,1259.0,1266.0,180200.0
2024-02-22,40950,1270.0,1277.0,1261.0,1269.0,0,0,164000.0,207949700.0,1.0,1270.0,1277.0,1261.0,1269.0,164000.0
2024-02-26,40950,1285.0,1286.0,1266.0,1266.0,0,0,126000.0,160225200.0,1.0,1285.0,1286.0,1266.0,1266.0,126000.0
2024-02-27,40950,1259.0,1288.0,1258.0,1283.0,0,0,197200.0,252094600.0,1.0,1259.0,1288.0,1258.0,1283.0,197200.0
2024-02-28,40950,1275.0,1275.0,1253.0,1254.0,0,0,124700.0,157210100.0,1.0,1275.0,1275.0,1253.0,1254.0,124700.0
2024-02-29,40950,1251.0,1256.0,1237.0,1252.0,0,0,245800.0,307122600.0,1.0,1251.0,1256.0,1237.0,1252.0,245800.0
2024-03-01,40950,1253.0,1257.0,1245.0,1248.0,0,0,98500.0,123346400.0,1.0,1253.0,1257.0,1245.0,1248.0,98500.0
2024-03-04,40950,1258.0,1264.0,1238.0,1245.0,0,0,158000.0,197226000.0,1.0,1258.0,1264.0,1238.0,1245.0,158000.0
2024-03-05,40950,1241.0,1245.0,1227.0,1240.0,0,0,103400.0,128108900.0,1.0,1241.0,1245.0,1227.0,1240.0,103400.0
2024-03-06,40950,1231.0,1246.0,1227.0,1238.0,0,0,152600.0,189018700.0,1.0,1231.0,1246.0,1227.0,1238.0,152600.0
2024-03-07,40950,1239.0,1241.0,1221.0,1224.0,0,0,129700.0,159405900.0,1.0,1239.0,1241.0,1221.0,1224.0,129700.0
2024-03-08,40950,1224.0,1249.0,1218.0,1245.0,0,0,320700.0,396646900.0,1.0,1224.0,1249.0,1218.0,1245.0,320700.0
2024-03-11,40950,1240.0,1240.0,1209.0,1223.0,0,0,179400.0,219135100.0,1.0,1240.0,1240.0,1209.0,1223.0,179400.0
2024-03-12,40950,1219.0,1219.0,1193.0,1217.0,0,0,271200.0,327402300.0,1.0,1219.0,1219.0,1193.0,1217.0,271200.0
2024-03-13,40950,1226.0,1226.0,1204.0,1213.0,0,0,167700.0,203232400.0,1.0,1226.0,1226.0,1204.0,1213.0,167700.0
2024-03-14,40950,1216.0,1217.0,1205.0,1214.0,0,0,134500.0,163148500.0,1.0,1216.0,1217.0,1205.0,1214.0,134500.0
2024-03-15,40950,1209.0,1225.0,1206.0,1218.0,0,0,269600.0,328260400.0,1.0,1209.0,1225.0,1206.0,1218.0,269600.0
2024-03-18,40950,1224.0,1230.0,1219.0,1226.0,0,0,116700.0,143085600.0,1.0,1224.0,1230.0,1219.0,1226.0,116700.0
2024-03-19,40950,1226.0,1237.0,1220.0,1235.0,0,0,114900.0,141463100.0,1.0,1226.0,1237.0,1220.0,1235.0,114900.0
2024-03-21,40950,1245.0,1259.0,1241.0,1255.0,0,0,145900.0,182985700.0,1.0,1245.0,1259.0,1241.0,1255.0,145900.0
2024-03-22,40950,1260.0,1260.0,1238.0,1246.0,0,0,115000.0,143351200.0,1.0,1260.0,1260.0,1238.0,1246.0,115000.0
2024-03-25,40950,1246.0,1248.0,1234.0,1234.0,0,0,125300.0,155245800.0,1.0,1246.0,1248.0,1234.0,1234.0,125300.0
2024-03-26,40950,1230.0,1237.0,1230.0,1237.0,0,0,117100.0,144536800.0,1.0,1230.0,1237.0,1230.0,1237.0,117100.0
2024-03-27,40950,1247.0,1271.0,1242.0,1261.0,0,0,199400.0,251472000.0,1.0,1247.0,1271.0,1242.0,1261.0,199400.0
2024-03-28,40950,1250.0,1253.0,1207.0,1215.0,0,0,189700.0,231744300.0,1.0,1250.0,1253.0,1207.0,1215.0,189700.0
2024-03-29,40950,1215.0,1233.0,1213.0,1232.0,0,0,115500.0,141754700.0,1.0,1215.0,1233.0,1213.0,1232.0,115500.0
2024-04-01,40950,1240.0,1240.0,1210.0,1214.0,0,0,120500.0,146894400.0,1.0,1240.0,1240.0,1210.0,1214.0,120500.0
2024-04-02,40950,1215.0,1229.0,1210.0,1224.0,0,0,185600.0,226976900.0,1.0,1215.0,1229.0,1210.0,1224.0,185600.0
2024-04-03,40950,1204.0,1218.0,1202.0,1214.0,0,0,114600.0,139010500.0,1.0,1204.0,1218.0,1202.0,1214.0,114600.0
2024-04-04,40950,1225.0,1231.0,1213.0,1219.0,0,0,109100.0,133195300.0,1.0,1225.0,1231.0,1213.0,1219.0,109100.0
2024-04-05,40950,1220.0,1220.0,1201.0,1219.0,0,0,79600.0,96631900.0,1.0,1220.0,1220.0,1201.0,1219.0,79600.0
2024-04-08,40950,1219.0,1230.0,1216.0,1223.0,0,0,79300.0,96995200.0,1.0,1219.0,1230.0,1216.0,1223.0,79300.0
2024-04-09,40950,1226.0,1230.0,1216.0,1222.0,0,0,94100.0,115038800.0,1.0,1226.0,1230.0,1216.0,1222.0,94100.0
2024-04-10,40950,1217.0,1228.0,1217.0,1220.0,0,0,68200.0,83408800.0,1.0,1217.0,1228.0,1217.0,1220.0,68200.0
2024-04-11,40950,1206.0,1225.0,1206.0,1220.0,0,0,81200.0,98929500.0,1.0,1206.0,1225.0,1206.0,1220.0,81200.0
2024-04-12,40950,1226.0,1230.0,1214.0,1224.0,0,0,115200.0,140846300.0,1.0,1226.0,1230.0,1214.0,1224.0,115200.0
2024-04-15,40950,1209.0,1235.0,1209.0,1235.0,0,0,82800.0,101691100.0,1.0,1209.0,1235.0,1209.0,1235.0,82800.0
2024-04-16,40950,1221.0,1221.0,1197.0,1201.0,0,0,106500.0,128184900.0,1.0,1221.0,1221.0,1197.0,1201.0,106500.0
2024-04-17,40950,1198.0,1198.0,1176.0,1176.0,0,0,125700.0,148951300.0,1.0,1198.0,1198.0,1176.0,1176.0,125700.0
2024-04-18,40950,1176.0,1196.0,1176.0,1194.0,0,0,71300.0,84912000.0,1.0,1176.0,1196.0,1176.0,1194.0,71300.0
2024-04-19,40950,1180.0,1189.0,1154.0,1168.0,0,0,145400.0,169869100.0,1.0,1180.0,1189.0,1154.0,1168.0,145400.0
2024-04-22,40950,1186.0,1199.0,1186.0,1194.0,0,0,100100.0,119400600.0,1.0,1186.0,1199.0,1186.0,1194.0,100100.0
2024-04-23,40950,1200.0,1200.0,1183.0,1195.0,0,0,67500.0,80580000.0,1.0,1200.0,1200.0,1183.0,1195.0,67500.0
2024-04-24,40950,1191.0,1199.0,1184.0,1198.0,0,0,95900.0,114620900.0,1.0,1191.0,1199.0,1184.0,1198.0,95900.0
2024-04-25,40950,1207.0,1216.0,1182.0,1188.0,0,0,127500.0,152606500.0,1.0,1207.0,1216.0,1182.0,1188.0,127500.0
2024-04-26,40950,1177.0,1198.0,1173.0,1197.0,0,0,97400.0,116082000.0,1.0,1177.0,1198.0,1173.0,1197.0,97400.0
2024-04-30,40950,1213.0,1216.0,1190.0,1216.0,0,0,121200.0,146536100.0,1.0,1213.0,1216.0,1190.0,1216.0,121200.0
2024-05-01,40950,1211.0,1211.0,1199.0,1202.0,0,0,53900.0,64891000.0,1.0,1211.0,1211.0,1199.0,1202.0,53900.0
2024-05-02,40950,1202.0,1202.0,1192.0,1192.0,0,0,36600.0,43762700.0,1.0,1202.0,1202.0,1192.0,1192.0,36600.0
2024-05-07,40950,1197.0,1199.0,1189.0,1195.0,0,0,48500.0,57959000.0,1.0,1197.0,1199.0,1189.0,1195.0,48500.0
2024-05-08,40950,1190.0,1196.0,1184.0,1186.0,0,0,71600.0,85093700.0,1.0,1190.0,1196.0,1184.0,1186.0,71600.0
2024-05-09,40950,1195.0,1211.0,1189.0,1201.0,0,0,100400.0,120686400.0,1.0,1195.0,1211.0,1189.0,1201.0,100400.0
2024-05-10,40950,1201.0,1211.0,1196.0,1200.0,0,0,83500.0,100398700.0,1.0,1201.0,1211.0,1196.0,1200.0,83500.0
2024-05-13,40950,1200.0,1206.0,1193.0,1196.0,0,0,98600.0,118048900.0,1.0,1200.0,1206.0,1193.0,1196.0,98600.0
2024-05-14,40950,1190.0,1199.0,1172.0,1184.0,0,0,143700.0,169912600.0,1.0,1190.0,1199.0,1172.0,1184.0,143700.0
2024-05-15,40950,1192.0,1205.0,1178.0,1188.0,0,0,149300.0,178166100.0,1.0,1192.0,1205.0,1178.0,1188.0,149300.0
2024-05-16,40950,1186.0,1189.0,1171.0,1178.0,0,0,218000.0,256553300.0,1.0,1186.0,1189.0,1171.0,1178.0,218000.0
2024-05-17,40950,1171.0,1188.0,1156.0,1187.0,0,0,73600.0,86802400.0,1.0,1171.0,1188.0,1156.0,1187.0,73600.0
2024-05-20,40950,1187.0,1216.0,1187.0,1201.0,0,0,88900.0,106890700.0,1.0,1187.0,1216.0,1187.0,1201.0,88900.0
2024-05-21,40950,1209.0,1215.0,1200.0,1202.0,0,0,73200.0,88213600.0,1.0,1209.0,1215.0,1200.0,1202.0,73200.0
2024-05-22,40950,1193.0,1202.0,1187.0,1195.0,0,0,104800.0,125107000.0,1.0,1193.0,1202.0,1187.0,1195.0,104800.0
2024-05-23,40950,1195.0,1205.0,1174.0,1193.0,0,0,114900.0,137011500.0,1.0,1195.0,1205.0,1174.0,1193.0,114900.0
2024-05-24,40950,1185.0,1185.0,1169.0,1172.0,0,0,130800.0,153658600.0,1.0,1185.0,1185.0,1169.0,1172.0,130800.0
2024-05-27,40950,1171.0,1184.0,1157.0,1183.0,0,0,84300.0,98909200.0,1.0,1171.0,1184.0,1157.0,1183.0,84300.0
2024-05-28,40950,1187.0,1196.0,1185.0,1186.0,0,0,99100.0,117821100.0,1.0,1187.0,1196.0,1185.0,1186.0,99100.0
2024-05-29,40950,1182.0,1196.0,1180.0,1188.0,0,0,80700.0,95781000.0,1.0,1182.0,1196.0,1180.0,1188.0,80700.0
2024-05-30,40950,1182.0,1205.0,1174.0,1205.0,0,0,122000.0,146115400.0,1.0,1182.0,1205.0,1174.0,1205.0,122000.0
2024-05-31,40950,1218.0,1247.0,1209.0,1247.0,0,0,185100.0,228251700.0,1.0,1218.0,1247.0,1209.0,1247.0,185100.0
2024-06-03,40950,1249.0,1263.0,1230.0,1234.0,0,0,400700.0,498622500.0,1.0,1249.0,1263.0,1230.0,1234.0,400700.0
2024-06-04,40950,1221.0,1224.0,1198.0,1221.0,0,0,262900.0,317490900.0,1.0,1221.0,1224.0,1198.0,1221.0,262900.0
2024-06-05,40950,1215.0,1215.0,1196.0,1207.0,0,0,142500.0,171682100.0,1.0,1215.0,1215.0,1196.0,1207.0,142500.0
2024-06-06,40950,1209.0,1214.0,1197.0,1214.0,0,0,153800.0,185538500.0,1.0,1209.0,1214.0,1197.0,1214.0,153800.0
2024-06-07,40950,1207.0,1261.0,1207.0,1255.0,0,0,167100.0,207978000.0,1.0,1207.0,1261.0,1207.0,1255.0,167100.0
2024-06-10,40950,1266.0,1285.0,1264.0,1273.0,0,0,165800.0,211303400.0,1.0,1266.0,1285.0,1264.0,1273.0,165800.0
2024-06-11,40950,1273.0,1280.0,1251.0,1254.0,0,0,163700.0,206576600.0,1.0,1273.0,1280.0,1251.0,1254.0,163700.0
2024-06-12,40950,1251.0,1273.0,1229.0,1248.0,0,0,128300.0,159608900.0,1.0,1251.0,1273.0,1229.0,1248.0,128300.0
2024-06-13,40950,1243.0,1243.0,1214.0,1221.0,0,0,113600.0,138892600.0,1.0,1243.0,1243.0,1214.0,1221.0,113600.0
2024-06-14,40950,1219.0,1244.0,1214.0,1244.0,0,0,153400.0,188404900.0,1.0,1219.0,1244.0,1214.0,1244.0,153400.0
2024-06-17,40950,1237.0,1237.0,1209.0,1223.0,0,0,117800.0,143512200.0,1.0,1237.0,1237.0,1209.0,1223.0,117800.0
2024-06-18,40950,1225.0,1233.0,1213.0,1225.0,0,0,71600.0,87569600.0,1.0,1225.0,1233.0,1213.0,1225.0,71600.0
2024-06-19,40950,1230.0,1239.0,1225.0,1237.0,0,0,100600.0,124054300.0,1.0,1230.0,1239.0,1225.0,1237.0,100600.0
2024-06-20,40950,1227.0,1236.0,1227.0,1229.0,0,0,161000.0,198145800.0,1.0,1227.0,1236.0,1227.0,1229.0,161000.0
2024-06-21,40950,1239.0,1239.0,1219.0,1223.0,0,0,364700.0,446317500.0,1.0,1239.0,1239.0,1219.0,1223.0,364700.0
2024-06-24,40950,1239.0,1267.0,1236.0,1261.0,0,0,165800.0,208380800.0,1.0,1239.0,1267.0,1236.0,1261.0,165800.0
2024-06-25,40950,1270.0,1279.0,1251.0,1275.0,0,0,120300.0,153119000.0,1.0,1270.0,1279.0,1251.0,1275.0,120300.0
2024-06-26,40950,1265.0,1283.0,1264.0,1279.0,0,0,102500.0,131037000.0,1.0,1265.0,1283.0,1264.0,1279.0,102500.0
2024-06-27,40950,1281.0,1293.0,1280.0,1293.0,0,0,134500.0,173377800.0,1.0,1281.0,1293.0,1280.0,1293.0,134500.0
2024-06-28,40950,1296.0,1307.0,1296.0,1307.0,0,0,120300.0,156681000.0,1.0,1296.0,1307.0,1296.0,1307.0,120300.0
2024-07-01,40950,1319.0,1323.0,1291.0,1301.0,0,0,151500.0,197282300.0,1.0,1319.0,1323.0,1291.0,1301.0,151500.0
2024-07-02,40950,1292.0,1303.0,1286.0,1295.0,0,0,152200.0,197023500.0,1.0,1292.0,1303.0,1286.0,1295.0,152200.0
2024-07-03,40950,1309.0,1323.0,1301.0,1323.0,0,0,167400.0,220214200.0,1.0,1309.0,1323.0,1301.0,1323.0,167400.0
2024-07-04,40950,1322.0,1323.0,1311.0,1316.0,0,0,79200.0,104304600.0,1.0,1322.0,1323.0,1311.0,1316.0,79200.0
2024-07-05,40950,1325.0,1325.0,1275.0,1275.0,0,0,102600.0,132086500.0,1.0,1325.0,1325.0,1275.0,1275.0,102600.0
2024-07-08,40950,1275.0,1286.0,1270.0,1282.0,0,0,142600.0,182215500.0,1.0,1275.0,1286.0,1270.0,1282.0,142600.0
2024-07-09,40950,1291.0,1311.0,1285.0,1308.0,0,0,113600.0,148002900.0,1.0,1291.0,1311.0,1285.0,1308.0,113600.0
2024-07-10,40950,1304.0,1308.0,1297.0,1307.0,0,0,137300.0,179069900.0,1.0,1304.0,1308.0,1297.0,1307.0,137300.0
2024-07-11,40950,1322.0,1330.0,1309.0,1309.0,0,0,182300.0,239888700.0,1.0,1322.0,1330.0,1309.0,1309.0,182300.0
2024-07-12,40950,1306.0,1319.0,1299.0,1304.0,0,0,149600.0,195536900.0,1.0,1306.0,1319.0,1299.0,1304.0,149600.0
2024-07-16,40950,1311.0,1330.0,1311.0,1321.0,0,0,138800.0,183556600.0,1.0,1311.0,1330.0,1311.0,1321.0,138800.0
2024-07-17,40950,1325.0,1330.0,1310.0,1312.0,0,0,77500.0,102003200.0,1.0,1325.0,1330.0,1310.0,1312.0,77500.0
2024-07-18,40950,1294.0,1319.0,1294.0,1300.0,0,0,81800.0,106870600.0,1.0,1294.0,1319.0,1294.0,1300.0,81800.0
2024-07-19,40950,1298.0,1304.0,1289.0,1294.0,0,0,68800.0,89085300.0,1.0,1298.0,1304.0,1289.0,1294.0,68800.0
2024-07-22,40950,1293.0,1293.0,1275.0,1280.0,0,0,108600.0,139030500.0,1.0,1293.0,1293.0,1275.0,1280.0,108600.0
2024-07-23,40950,1293.0,1295.0,1280.0,1284.0,0,0,62200.0,79992100.0,1.0,1293.0,1295.0,1280.0,1284.0,62200.0
2024-07-24,40950,1273.0,1277.0,1248.0,1249.0,0,0,113500.0,142647200.0,1.0,1273.0,1277.0,1248.0,1249.0,113500.0
2024-07-25,40950,1243.0,1245.0,1224.0,1229.0,0,0,157600.0,194184300.0,1.0,1243.0,1245.0,1224.0,1229.0,157600.0
2024-07-26,40950,1229.0,1234.0,1217.0,1222.0,0,0,78800.0,96511600.0,1.0,1229.0,1234.0,1217.0,1222.0,78800.0
2024-07-29,40950,1228.0,1235.0,1218.0,1229.0,0,0,121500.0,149086000.0,1.0,1228.0,1235.0,1218.0,1229.0,121500.0
2024-07-30,40950,1247.0,1247.0,1216.0,1229.0,0,0,127700.0,156851700.0,1.0,1247.0,1247.0,1216.0,1229.0,127700.0
2024-07-31,40950,1220.0,1251.0,1219.0,1248.0,0,0,90500.0,112001700.0,1.0,1220.0,1251.0,1219.0,1248.0,90500.0
2024-08-01,40950,1232.0,1232.0,1198.0,1207.0,0,0,137100.0,165636400.0,1.0,1232.0,1232.0,1198.0,1207.0,137100.0
2024-08-02,40950,1183.0,1187.0,1130.0,1133.0,0,0,173200.0,198315200.0,1.0,1183.0,1187.0,1130.0,1133.0,173200.0
2024-08-05,40950,1050.0,1071.0,980.0,991.0,0,0,185000.0,190359900.0,1.0,1050.0,1071.0,980.0,991.0,185000.0
2024-08-06,40950,1066.0,1129.0,1066.0,1106.0,0,0,273600.0,301979700.0,1.0,1066.0,1129.0,1066.0,1106.0,273600.0
2024-08-07,40950,1081.0,1129.0,1076.0,1105.0,0,0,215600.0,238195100.0,1.0,1081.0,1129.0,1076.0,1105.0,215600.0
2024-08-08,40950,1081.0,1106.0,1074.0,1084.0,0,0,123800.0,134478100.0,1.0,1081.0,1106.0,1074.0,1084.0,123800.0
2024-08-09,40950,1114.0,1114.0,1074.0,1100.0,0,0,242300.0,265408100.0,1.0,1114.0,1114.0,1074.0,1100.0,242300.0
2024-08-13,40950,1240.0,1262.0,1205.0,1247.0,0,0,387900.0,477091800.0,1.0,1240.0,1262.0,1205.0,1247.0,387900.0
2024-08-14,40950,1250.0,1250.0,1204.0,1214.0,0,0,187800.0,228659800.0,1.0,1250.0,1250.0,1204.0,1214.0,187800.0
2024-08-15,40950,1206.0,1214.0,1189.0,1189.0,0,0,152900.0,183049300.0,1.0,1206.0,1214.0,1189.0,1189.0,152900.0
2024-08-16,40950,1219.0,1229.0,1197.0,1206.0,0,0,191000.0,230899000.0,1.0,1219.0,1229.0,1197.0,1206.0,191000.0
2024-08-19,40950,1205.0,1219.0,1196.0,1202.0,0,0,195500.0,235616800.0,1.0,1205.0,1219.0,1196.0,1202.0,195500.0
2024-08-20,40950,1210.0,1221.0,1201.0,1218.0,0,0,143100.0,173660100.0,1.0,1210.0,1221.0,1201.0,1218.0,143100.0
2024-08-21,40950,1206.0,1221.0,1206.0,1208.0,0,0,68700.0,83193100.0,1.0,1206.0,1221.0,1206.0,1208.0,68700.0
2024-08-22,40950,1211.0,1214.0,1197.0,1208.0,0,0,53900.0,65068800.0,1.0,1211.0,1214.0,1197.0,1208.0,53900.0
2024-08-23,40950,1215.0,1216.0,1201.0,1201.0,0,0,70100.0,84548300.0,1.0,1215.0,1216.0,1201.0,1201.0,70100.0
2024-08-26,40950,1201.0,1217.0,1199.0,1215.0,0,0,75800.0,91759300.0,1.0,1201.0,1217.0,1199.0,1215.0,75800.0
2024-08-27,40950,1206.0,1220.0,1199.0,1208.0,0,0,78300.0,94643400.0,1.0,1206.0,1220.0,1199.0,1208.0,78300.0
2024-08-28,40950,1204.0,1213.0,1199.0,1210.0,0,0,58000.0,69998800.0,1.0,1204.0,1213.0,1199.0,1210.0,58000.0
2024-08-29,40950,1211.0,1235.0,1211.0,1226.0,0,0,127400.0,156180200.0,1.0,1211.0,1235.0,1211.0,1226.0,127400.0
2024-08-30,40950,1229.0,1264.0,1229.0,1258.0,0,0,164300.0,206113900.0,1.0,1229.0,1264.0,1229.0,1258.0,164300.0
2024-09-02,40950,1270.0,1271.0,1232.0,1247.0,0,0,249800.0,311507500.0,1.0,1270.0,1271.0,1232.0,1247.0,249800.0
2024-09-03,40950,1244.0,1257.0,1237.0,1256.0,0,0,157600.0,196942800.0,1.0,1244.0,1257.0,1237.0,1256.0,157600.0
2024-09-04,40950,1227.0,1246.0,1218.0,1232.0,0,0,192900.0,236961100.0,1.0,1227.0,1246.0,1218.0,1232.0,192900.0
2024-09-05,40950,1220.0,1244.0,1211.0,1244.0,0,0,200900.0,247739600.0,1.0,1220.0,1244.0,1211.0,1244.0,200900.0
2024-09-06,40950,1240.0,1250.0,1219.0,1228.0,0,0,171000.0,210488300.0,1.0,1240.0,1250.0,1219.0,1228.0,171000.0
2024-09-09,40950,1201.0,1206.0,1182.0,1182.0,0,0,162500.0,193100400.0,1.0,1201.0,1206.0,1182.0,1182.0,162500.0
2024-09-10,40950,1192.0,1211.0,1192.0,1200.0,0,0,145000.0,174178800.0,1.0,1192.0,1211.0,1192.0,1200.0,145000.0
2024-09-11,40950,1200.0,1218.0,1185.0,1190.0,0,0,186400.0,223555300.0,1.0,1200.0,1218.0,1185.0,1190.0,186400.0
2024-09-12,40950,1217.0,1229.0,1208.0,1212.0,0,0,143400.0,174362900.0,1.0,1217.0,1229.0,1208.0,1212.0,143400.0
2024-09-13,40950,1213.0,1213.0,1193.0,1196.0,0,0,195100.0,235078600.0,1.0,1213.0,1213.0,1193.0,1196.0,195100.0
2024-09-17,40950,1208.0,1208.0,1190.0,1205.0,0,0,165500.0,198757100.0,1.0,1208.0,1208.0,1190.0,1205.0,165500.0
2024-09-18,40950,1215.0,1220.0,1198.0,1212.0,0,0,136700.0,165396900.0,1.0,1215.0,1220.0,1198.0,1212.0,136700.0
2024-09-19,40950,1225.0,1233.0,1213.0,1218.0,0,0,128600.0,157006600.0,1.0,1225.0,1233.0,1213.0,1218.0,128600.0
2024-09-20,40950,1230.0,1245.0,1217.0,1235.0,0,0,519000.0,640486600.0,1.0,1230.0,1245.0,1217.0,1235.0,519000.0
2024-09-24,40950,1249.0,1253.0,1233.0,1241.0,0,0,322900.0,401077700.0,1.0,1249.0,1253.0,1233.0,1241.0,322900.0
2024-09-25,40950,1240.0,1240.0,1214.0,1225.0,0,0,150200.0,183820100.0,1.0,1240.0,1240.0,1214.0,1225.0,150200.0
2024-09-26,40950,1242.0,1275.0,1235.0,1269.0,0,0,276700.0,348645500.0,1.0,1242.0,1275.0,1235.0,1269.0,276700.0
2024-09-27,40950,1253.0,1264.0,1244.0,1255.0,0,0,155700.0,195180000.0,1.0,1253.0,1264.0,1244.0,1255.0,155700.0
2024-09-30,40950,1212.0,1248.0,1210.0,1241.0,0,0,220500.0,272982900.0,1.0,1212.0,1248.0,1210.0,1241.0,220500.0
2024-10-01,40950,1249.0,1294.0,1249.0,1279.0,0,0,335000.0,429634400.0,1.0,1249.0,1294.0,1249.0,1279.0,335000.0
2024-10-02,40950,1267.0,1289.0,1267.0,1280.0,0,0,163600.0,209162200.0,1.0,1267.0,1289.0,1267.0,1280.0,163600.0
2024-10-03,40950,1310.0,1327.0,1296.0,1296.0,0,0,272100.0,355735800.0,1.0,1310.0,1327.0,1296.0,1296.0,272100.0
2024-10-04,40950,1296.0,1310.0,1293.0,1301.0,0,0,174400.0,227000800.0,1.0,1296.0,1310.0,1293.0,1301.0,174400.0
2024-10-07,40950,1326.0,1349.0,1325.0,1341.0,0,0,261400.0,349995400.0,1.0,1326.0,1349.0,1325.0,1341.0,261400.0
2024-10-08,40950,1313.0,1315.0,1282.0,1288.0,0,0,263600.0,341422600.0,1.0,1313.0,1315.0,1282.0,1288.0,263600.0
2024-10-09,40950,1292.0,1305.0,1284.0,1288.0,0,0,263700.0,340702400.0,1.0,1292.0,1305.0,1284.0,1288.0,263700.0
2024-10-10,40950,1296.0,1306.0,1287.0,1304.0,0,0,215800.0,280511800.0,1.0,1296.0,1306.0,1287.0,1304.0,215800.0
2024-10-11,40950,1302.0,1306.0,1291.0,1297.0,0,0,184500.0,239509500.0,1.0,1302.0,1306.0,1291.0,1297.0,184500.0
2024-10-15,40950,1310.0,1326.0,1296.0,1320.0,0,0,276900.0,363966400.0,1.0,1310.0,1326.0,1296.0,1320.0,276900.0
2024-10-16,40950,1308.0,1333.0,1307.0,1307.0,0,0,208700.0,274924400.0,1.0,1308.0,1333.0,1307.0,1307.0,208700.0
2024-10-17,40950,1307.0,1315.0,1299.0,1309.0,0,0,102700.0,134232200.0,1.0,1307.0,1315.0,1299.0,1309.0,102700.0
2024-10-18,40950,1320.0,1338.0,1313.0,1330.0,0,0,161300.0,214239000.0,1.0,1320.0,1338.0,1313.0,1330.0,161300.0
2024-10-21,40950,1330.0,1337.0,1312.0,1312.0,0,0,171200.0,226573600.0,1.0,1330.0,1337.0,1312.0,1312.0,171200.0
2024-10-22,40950,1312.0,1317.0,1290.0,1292.0,0,0,147400.0,191651100.0,1.0,1312.0,1317.0,1290.0,1292.0,147400.0
2024-10-23,40950,1292.0,1307.0,1290.0,1292.0,0,0,98000.0,126927900.0,1.0,1292.0,1307.0,1290.0,1292.0,98000.0
2024-10-24,40950,1281.0,1286.0,1269.0,1281.0,0,0,141700.0,181321500.0,1.0,1281.0,1286.0,1269.0,1281.0,141700.0
2024-10-25,40950,1277.0,1277.0,1253.0,1258.0,0,0,195500.0,246520700.0,1.0,1277.0,1277.0,1253.0,1258.0,195500.0
2024-10-28,40950,1255.0,1272.0,1250.0,1266.0,0,0,137900.0,174226400.0,1.0,1255.0,1272.0,1250.0,1266.0,137900.0
2024-10-29,40950,1270.0,1290.0,1266.0,1284.0,0,0,115200.0,147719400.0,1.0,1270.0,1290.0,1266.0,1284.0,115200.0
2024-10-30,40950,1295.0,1295.0,1279.0,1284.0,0,0,259100.0,333101200.0,1.0,1295.0,1295.0,1279.0,1284.0,259100.0
2024-10-31,40950,1286.0,1305.0,1285.0,1297.0,0,0,154800.0,200808800.0,1.0,1286.0,1305.0,1285.0,1297.0,154800.0
2024-11-01,40950,1281.0,1287.0,1263.0,1263.0,0,0,94400.0,119988300.0,1.0,1281.0,1287.0,1263.0,1263.0,94400.0
2024-11-05,40950,1293.0,1302.0,1287.0,1296.0,0,0,202200.0,262186500.0,1.0,1293.0,1302.0,1287.0,1296.0,202200.0
2024-11-06,40950,1295.0,1329.0,1290.0,1301.0,0,0,146700.0,191357200.0,1.0,1295.0,1329.0,1290.0,1301.0,146700.0
2024-11-07,40950,1301.0,1327.0,1301.0,1320.0,0,0,169200.0,223318100.0,1.0,1301.0,1327.0,1301.0,1320.0,169200.0
2024-11-08,40950,1325.0,1338.0,1311.0,1316.0,0,0,147600.0,194942100.0,1.0,1325.0,1338.0,1311.0,1316.0,147600.0
2024-11-11,40950,1271.0,1288.0,1240.0,1284.0,0,0,373700.0,476518200.0,1.0,1271.0,1288.0,1240.0,1284.0,373700.0
2024-11-12,40950,1295.0,1314.0,1277.0,1283.0,0,0,229100.0,295511900.0,1.0,1295.0,1314.0,1277.0,1283.0,229100.0
2024-11-13,40950,1279.0,1286.0,1265.0,1271.0,0,0,122000.0,155451500.0,1.0,1279.0,1286.0,1265.0,1271.0,122000.0
2024-11-14,40950,1271.0,1273.0,1262.0,1263.0,0,0,157700.0,199755700.0,1.0,1271.0,1273.0,1262.0,1263.0,157700.0
2024-11-15,40950,1275.0,1282.0,1271.0,1271.0,0,0,129000.0,164503000.0,1.0,1275.0,1282.0,1271.0,1271.0,129000.0
2024-11-18,40950,1262.0,1276.0,1262.0,1269.0,0,0,137100.0,174122700.0,1.0,1262.0,1276.0,1262.0,1269.0,137100.0
2024-11-19,40950,1269.0,1283.0,1269.0,1276.0,0,0,101800.0,130121800.0,1.0,1269.0,1283.0,1269.0,1276.0,101800.0
2024-11-20,40950,1273.0,1275.0,1256.0,1258.0,0,0,102400.0,129156200.0,1.0,1273.0,1275.0,1256.0,1258.0,102400.0
2024-11-21,40950,1258.0,1267.0,1258.0,1262.0,0,0,105200.0,132746000.0,1.0,1258.0,1267.0,1258.0,1262.0,105200.0
2024-11-22,40950,1262.0,1269.0,1260.0,1263.0,0,0,157600.0,199157100.0,1.0,1262.0,1269.0,1260.0,1263.0,157600.0
2024-11-25,40950,1275.0,1282.0,1261.0,1261.0,0,0,484000.0,612774700.0,1.0,1275.0,1282.0,1261.0,1261.0,484000.0
2024-11-26,40950,1261.0,1286.0,1257.0,1285.0,0,0,337300.0,428497400.0,1.0,1261.0,1286.0,1257.0,1285.0,337300.0
2024-11-27,40950,1285.0,1288.0,1248.0,1260.0,0,0,146300.0,184670300.0,1.0,1285.0,1288.0,1248.0,1260.0,146300.0
2024-11-28,40950,1250.0,1274.0,1248.0,1273.0,0,0,239400.0,303182500.0,1.0,1250.0,1274.0,1248.0,1273.0,239400.0
2024-11-29,40950,1275.0,1282.0,1269.0,1269.0,0,0,106900.0,136121400.0,1.0,1275.0,1282.0,1269.0,1269.0,106900.0
2024-12-02,40950,1269.0,1286.0,1269.0,1279.0,0,0,263200.0,337172100.0,1.0,1269.0,1286.0,1269.0,1279.0,263200.0
2024-12-03,40950,1279.0,1297.0,1279.0,1290.0,0,0,211400.0,273094000.0,1.0,1279.0,1297.0,1279.0,1290.0,211400.0
2024-12-04,40950,1283.0,1289.0,1256.0,1256.0,0,0,143300.0,181212000.0,1.0,1283.0,1289.0,1256.0,1256.0,143300.0
2024-12-05,40950,1257.0,1278.0,1257.0,1278.0,0,0,202100.0,256749000.0,1.0,1257.0,1278.0,1257.0,1278.0,202100.0
2024-12-06,40950,1280.0,1287.0,1262.0,1264.0,0,0,96300.0,122189900.0,1.0,1280.0,1287.0,1262.0,1264.0,96300.0
2024-12-09,40950,1271.0,1294.0,1267.0,1276.0,0,0,239300.0,306520300.0,1.0,1271.0,1294.0,1267.0,1276.0,239300.0
2024-12-10,40950,1285.0,1285.0,1264.0,1264.0,0,0,140100.0,177900100.0,1.0,1285.0,1285.0,1264.0,1264.0,140100.0
2024-12-11,40950,1264.0,1268.0,1251.0,1252.0,0,0,121000.0,151763800.0,1.0,1264.0,1268.0,1251.0,1252.0,121000.0
2024-12-12,40950,1265.0,1265.0,1249.0,1249.0,0,0,160700.0,201474200.0,1.0,1265.0,1265.0,1249.0,1249.0,160700.0
2024-12-13,40950,1235.0,1247.0,1230.0,1238.0,0,0,283500.0,350671900.0,1.0,1235.0,1247.0,1230.0,1238.0,283500.0
2024-12-16,40950,1240.0,1260.0,1240.0,1248.0,0,0,202700.0,253456700.0,1.0,1240.0,1260.0,1240.0,1248.0,202700.0
2024-12-17,40950,1255.0,1265.0,1252.0,1263.0,0,0,127000.0,160150600.0,1.0,1255.0,1265.0,1252.0,1263.0,127000.0
2024-12-18,40950,1260.0,1267.0,1260.0,1260.0,0,0,115600.0,145859400.0,1.0,1260.0,1267.0,1260.0,1260.0,115600.0
2024-12-19,40950,1246.0,1274.0,1246.0,1273.0,0,0,145200.0,184000300.0,1.0,1246.0,1274.0,1246.0,1273.0,145200.0
2024-12-20,40950,1273.0,1292.0,1264.0,1291.0,0,0,561100.0,721313800.0,1.0,1273.0,1292.0,1264.0,1291.0,561100.0
2024-12-23,40950,1300.0,1320.0,1296.0,1318.0,0,0,196700.0,258029600.0,1.0,1300.0,1320.0,1296.0,1318.0,196700.0
2024-12-24,40950,1318.0,1318.0,1284.0,1289.0,0,0,75800.0,97972300.0,1.0,1318.0,1318.0,1284.0,1289.0,75800.0
2024-12-25,40950,1293.0,1293.0,1273.0,1285.0,0,0,90800.0,116597500.0,1.0,1293.0,1293.0,1273.0,1285.0,90800.0
2024-12-26,40950,1280.0,1294.0,1278.0,1291.0,0,0,119500.0,154061700.0,1.0,1280.0,1294.0,1278.0,1291.0,119500.0
2024-12-27,40950,1298.0,1306.0,1286.0,1303.0,0,0,112000.0,145678400.0,1.0,1298.0,1306.0,1286.0,1303.0,112000.0
2024-12-30,40950,1314.0,1323.0,1299.0,1304.0,0,0,141000.0,184467500.0,1.0,1314.0,1323.0,1299.0,1304.0,141000.0
2025-01-06,40950,1300.0,1304.0,1282.0,1285.0,0,0,169000.0,217847500.0,1.0,1300.0,1304.0,1282.0,1285.0,169000.0
2025-01-07,40950,1296.0,1296.0,1281.0,1287.0,0,0,126500.0,163022300.0,1.0,1296.0,1296.0,1281.0,1287.0,126500.0
2025-01-08,40950,1287.0,1290.0,1272.0,1275.0,0,0,143200.0,182970700.0,1.0,1287.0,1290.0,1272.0,1275.0,143200.0
2025-01-09,40950,1270.0,1274.0,1260.0,1266.0,0,0,104100.0,131827000.0,1.0,1270.0,1274.0,1260.0,1266.0,104100.0
2025-01-10,40950,1256.0,1262.0,1250.0,1250.0,0,0,156200.0,195746600.0,1.0,1256.0,1262.0,1250.0,1250.0,156200.0
2025-01-14,40950,1250.0,1258.0,1236.0,1245.0,0,0,172200.0,214368800.0,1.0,1250.0,1258.0,1236.0,1245.0,172200.0
2025-01-15,40950,1240.0,1249.0,1235.0,1241.0,0,0,151600.0,187990300.0,1.0,1240.0,1249.0,1235.0,1241.0,151600.0
2025-01-16,40950,1245.0,1256.0,1245.0,1247.0,0,0,160900.0,200955500.0,1.0,1245.0,1256.0,1245.0,1247.0,160900.0
2025-01-17,40950,1240.0,1241.0,1224.0,1237.0,0,0,134600.0,166019900.0,1.0,1240.0,1241.0,1224.0,1237.0,134600.0
2025-01-20,40950,1236.0,1246.0,1236.0,1240.0,0,0,100800.0,125036900.0,1.0,1236.0,1246.0,1236.0,1240.0,100800.0
2025-01-21,40950,1249.0,1253.0,1242.0,1245.0,0,0,81500.0,101620400.0,1.0,1249.0,1253.0,1242.0,1245.0,81500.0
2025-01-22,40950,1245.0,1251.0,1239.0,1248.0,0,0,117700.0,146663600.0,1.0,1245.0,1251.0,1239.0,1248.0,117700.0
2025-01-23,40950,1236.0,1250.0,1235.0,1247.0,0,0,137700.0,171505900.0,1.0,1236.0,1250.0,1235.0,1247.0,137700.0
2025-01-24,40950,1259.0,1283.0,1259.0,1264.0,0,0,204000.0,259060400.0,1.0,1259.0,1283.0,1259.0,1264.0,204000.0
2025-01-27,40950,1271.0,1278.0,1265.0,1266.0,0,0,62300.0,79138500.0,1.0,1271.0,1278.0,1265.0,1266.0,62300.0
2025-01-28,40950,1256.0,1278.0,1256.0,1268.0,0,0,102300.0,129953700.0,1.0,1256.0,1278.0,1256.0,1268.0,102300.0
2025-01-29,40950,1268.0,1278.0,1263.0,1265.0,0,0,110900.0,140676600.0,1.0,1268.0,1278.0,1263.0,1265.0,110900.0
2025-01-30,40950,1265.0,1273.0,1262.0,1269.0,0,0,88300.0,112055500.0,1.0,1265.0,1273.0,1262.0,1269.0,88300.0
2025-01-31,40950,1269.0,1274.0,1261.0,1270.0,0,0,79400.0,100710200.0,1.0,1269.0,1274.0,1261.0,1270.0,79400.0
2025-02-03,40950,1250.0,1257.0,1243.0,1248.0,0,0,182800.0,228241600.0,1.0,1250.0,1257.0,1243.0,1248.0,182800.0
2025-02-04,40950,1260.0,1282.0,1249.0,1267.0,0,0,225200.0,286665900.0,1.0,1260.0,1282.0,1249.0,1267.0,225200.0
2025-02-05,40950,1267.0,1268.0,1246.0,1254.0,0,0,202600.0,254066000.0,1.0,1267.0,1268.0,1246.0,1254.0,202600.0
2025-02-06,40950,1261.0,1268.0,1253.0,1262.0,0,0,78900.0,99621300.0,1.0,1261.0,1268.0,1253.0,1262.0,78900.0
2025-02-07,40950,1262.0,1277.0,1260.0,1268.0,0,0,109200.0,138685600.0,1.0,1262.0,1277.0,1260.0,1268.0,109200.0
2025-02-10,40950,1268.0,1268.0,1255.0,1257.0,0,0,89700.0,112920800.0,1.0,1268.0,1268.0,1255.0,1257.0,89700.0
2025-02-12,40950,1268.0,1270.0,1247.0,1251.0,0,0,96000.0,120327200.0,1.0,1268.0,1270.0,1247.0,1251.0,96000.0
2025-02-13,40950,1264.0,1264.0,1237.0,1256.0,0,0,249200.0,311831000.0,1.0,1264.0,1264.0,1237.0,1256.0,249200.0
2025-02-14,40950,1260.0,1305.0,1256.0,1301.0,0,0,178300.0,230548400.0,1.0,1260.0,1305.0,1256.0,1301.0,178300.0
2025-02-17,40950,1301.0,1314.0,1296.0,1296.0,0,0,111300.0,145255600.0,1.0,1301.0,1314.0,1296.0,1296.0,111300.0
2025-02-18,40950,1296.0,1298.0,1285.0,1288.0,0,0,62800.0,81096700.0,1.0,1296.0,1298.0,1285.0,1288.0,62800.0
2025-02-19,40950,1288.0,1299.0,1280.0,1280.0,0,0,75600.0,97108100.0,1.0,1288.0,1299.0,1280.0,1280.0,75600.0
2025-02-20,40950,1276.0,1285.0,1265.0,1280.0,0,0,133900.0,171251200.0,1.0,1276.0,1285.0,1265.0,1280.0,133900.0
2025-02-21,40950,1280.0,1290.0,1267.0,1274.0,0,0,145100.0,185308800.0,1.0,1280.0,1290.0,1267.0,1274.0,145100.0
2025-02-25,40950,1266.0,1277.0,1264.0,1271.0,0,0,126400.0,160656900.0,1.0,1266.0,1277.0,1264.0,1271.0,126400.0
2025-02-26,40950,1271.0,1273.0,1244.0,1253.0,0,0,108700.0,136349100.0,1.0,1271.0,1273.0,1244.0,1253.0,108700.0
2025-02-27,40950,1258.0,1272.0,1255.0,1272.0,0,0,93400.0,118340500.0,1.0,1258.0,1272.0,1255.0,1272.0,93400.0
2025-02-28,40950,1272.0,1313.0,1266.0,1289.0,0,0,642700.0,832004800.0,1.0,1272.0,1313.0,1266.0,1289.0,642700.0
2025-03-03,40950,1307.0,1333.0,1306.0,1324.0,0,0,216200.0,286662600.0,1.0,1307.0,1333.0,1306.0,1324.0,216200.0
2025-03-04,40950,1316.0,1332.0,1316.0,1317.0,0,0,170400.0,224988800.0,1.0,1316.0,1332.0,1316.0,1317.0,170400.0
2025-03-05,40950,1317.0,1330.0,1314.0,1320.0,0,0,196700.0,260352600.0,1.0,1317.0,1330.0,1314.0,1320.0,196700.0
2025-03-06,40950,1332.0,1367.0,1332.0,1353.0,0,0,302200.0,408863100.0,1.0,1332.0,1367.0,1332.0,1353.0,302200.0
2025-03-07,40950,1337.0,1342.0,1320.0,1331.0,0,0,166600.0,221754600.0,1.0,1337.0,1342.0,1320.0,1331.0,166600.0
2025-03-10,40950,1331.0,1336.0,1313.0,1318.0,0,0,154500.0,204119600.0,1.0,1331.0,1336.0,1313.0,1318.0,154500.0
2025-03-11,40950,1306.0,1308.0,1272.0,1289.0,0,0,183800.0,236668200.0,1.0,1306.0,1308.0,1272.0,1289.0,183800.0
2025-03-12,40950,1280.0,1303.0,1277.0,1295.0,0,0,153500.0,198339700.0,1.0,1280.0,1303.0,1277.0,1295.0,153500.0
2025-03-13,40950,1288.0,1294.0,1281.0,1285.0,0,0,104600.0,134602900.0,1.0,1288.0,1294.0,1281.0,1285.0,104600.0
2025-03-14,40950,1273.0,1291.0,1271.0,1276.0,0,0,147900.0,188989700.0,1.0,1273.0,1291.0,1271.0,1276.0,147900.0
2025-03-17,40950,1294.0,1294.0,1281.0,1285.0,0,0,95700.0,123167600.0,1.0,1294.0,1294.0,1281.0,1285.0,95700.0
2025-03-18,40950,1295.0,1295.0,1285.0,1286.0,0,0,136800.0,176184600.0,1.0,1295.0,1295.0,1285.0,1286.0,136800.0
2025-03-19,40950,1280.0,1308.0,1280.0,1293.0,0,0,108400.0,140708500.0,1.0,1280.0,1308.0,1280.0,1293.0,108400.0
2025-03-21,40950,1284.0,1304.0,1283.0,1283.0,0,0,282000.0,363184200.0,1.0,1284.0,1304.0,1283.0,1283.0,282000.0
2025-03-24,40950,1284.0,1292.0,1267.0,1281.0,0,0,126500.0,161585600.0,1.0,1284.0,1292.0,1267.0,1281.0,126500.0
2025-03-25,40950,1277.0,1281.0,1262.0,1271.0,0,0,186600.0,237213100.0,1.0,1277.0,1281.0,1262.0,1271.0,186600.0
2025-03-26,40950,1278.0,1290.0,1269.0,1281.0,0,0,267100.0,341630700.0,1.0,1278.0,1290.0,1269.0,1281.0,267100.0
2025-03-27,40950,1274.0,1292.0,1272.0,1289.0,0,0,188700.0,242846800.0,1.0,1274.0,1292.0,1272.0,1289.0,188700.0
2025-03-28,40950,1248.0,1262.0,1236.0,1241.0,0,0,202100.0,251650300.0,1.0,1248.0,1262.0,1236.0,1241.0,202100.0
2025-03-31,40950,1218.0,1218.0,1184.0,1184.0,0,0,297000.0,354144100.0,1.0,1218.0,1218.0,1184.0,1184.0,297000.0
2025-04-01,40950,1200.0,1208.0,1194.0,1203.0,0,0,227600.0,273578900.0,1.0,1200.0,1208.0,1194.0,1203.0,227600.0
2025-04-02,40950,1220.0,1222.0,1200.0,1205.0,0,0,216600.0,260949800.0,1.0,1220.0,1222.0,1200.0,1205.0,216600.0
2025-04-03,40950,1150.0,1166.0,1145.0,1166.0,0,0,217600.0,252408900.0,1.0,1150.0,1166.0,1145.0,1166.0,217600.0
2025-04-04,40950,1140.0,1144.0,1099.0,1117.0,0,0,316800.0,353870300.0,1.0,1140.0,1144.0,1099.0,1117.0,316800.0
2025-04-07,40950,1029.0,1059.0,1018.0,1047.0,0,0,379700.0,397156600.0,1.0,1029.0,1059.0,1018.0,1047.0,379700.0
2025-04-08,40950,1077.0,1096.0,1061.0,1091.0,0,0,435400.0,472891400.0,1.0,1077.0,1096.0,1061.0,1091.0,435400.0
2025-04-09,40950,1070.0,1086.0,1049.0,1071.0,0,0,489100.0,522865500.0,1.0,1070.0,1086.0,1049.0,1071.0,489100.0
2025-04-10,40950,1149.0,1155.0,1118.0,1130.0,0,0,300400.0,339342900.0,1.0,1149.0,1155.0,1118.0,1130.0,300400.0
2025-04-11,40950,1111.0,1148.0,1080.0,1109.0,0,0,398900.0,438747100.0,1.0,1111.0,1148.0,1080.0,1109.0,398900.0
2025-04-14,40950,1124.0,1127.0,1116.0,1119.0,0,0,119200.0,133568600.0,1.0,1124.0,1127.0,1116.0,1119.0,119200.0
2025-04-15,40950,1124.0,1127.0,1113.0,1115.0,0,0,93200.0,104142000.0,1.0,1124.0,1127.0,1113.0,1115.0,93200.0
2025-04-16,40950,1115.0,1118.0,1103.0,1109.0,0,0,83100.0,92179400.0,1.0,1115.0,1118.0,1103.0,1109.0,83100.0
2025-04-17,40950,1108.0,1119.0,1105.0,1119.0,0,0,217400.0,241772700.0,1.0,1108.0,1119.0,1105.0,1119.0,217400.0
2025-04-18,40950,1124.0,1140.0,1122.0,1137.0,0,0,202600.0,229248300.0,1.0,1124.0,1140.0,1122.0,1137.0,202600.0
2025-04-21,40950,1134.0,1135.0,1124.0,1135.0,0,0,93800.0,106206100.0,1.0,1134.0,1135.0,1124.0,1135.0,93800.0
2025-04-22,40950,1129.0,1144.0,1118.0,1142.0,0,0,128700.0,146548200.0,1.0,1129.0,1144.0,1118.0,1142.0,128700.0
2025-04-23,40950,1167.0,1173.0,1164.0,1165.0,0,0,127000.0,148185900.0,1.0,1167.0,1173.0,1164.0,1165.0,127000.0
2025-04-24,40950,1179.0,1188.0,1173.0,1176.0,0,0,124700.0,146943900.0,1.0,1179.0,1188.0,1173.0,1176.0,124700.0
2025-04-25,40950,1183.0,1185.0,1172.0,1181.0,0,0,102800.0,121292600.0,1.0,1183.0,1185.0,1172.0,1181.0,102800.0
2025-04-28,40950,1182.0,1194.0,1182.0,1190.0,0,0,132600.0,157694300.0,1.0,1182.0,1194.0,1182.0,1190.0,132600.0
2025-04-30,40950,1191.0,1203.0,1180.0,1187.0,0,0,229600.0,272603500.0,1.0,1191.0,1203.0,1180.0,1187.0,229600.0
2025-05-01,40950,1188.0,1199.0,1186.0,1193.0,0,0,203100.0,242179200.0,1.0,1188.0,1199.0,1186.0,1193.0,203100.0
2025-05-02,40950,1193.0,1201.0,1189.0,1194.0,0,0,152200.0,181802100.0,1.0,1193.0,1201.0,1189.0,1194.0,152200.0
2025-05-07,40950,1196.0,1213.0,1195.0,1208.0,0,0,156000.0,188184500.0,1.0,1196.0,1213.0,1195.0,1208.0,156000.0
2025-05-08,40950,1205.0,1205.0,1192.0,1201.0,0,0,97300.0,116562100.0,1.0,1205.0,1205.0,1192.0,1201.0,97300.0
2025-05-09,40950,1211.0,1227.0,1208.0,1222.0,0,0,101300.0,123425300.0,1.0,1211.0,1227.0,1208.0,1222.0,101300.0
2025-05-12,40950,1231.0,1247.0,1225.0,1246.0,0,0,121600.0,150439100.0,1.0,1231.0,1247.0,1225.0,1246.0,121600.0
2025-05-13,40950,1251.0,1265.0,1251.0,1259.0,0,0,134400.0,169220500.0,1.0,1251.0,1265.0,1251.0,1259.0,134400.0
2025-05-14,40950,1238.0,1238.0,1194.0,1208.0,0,0,233900.0,282685100.0,1.0,1238.0,1238.0,1194.0,1208.0,233900.0
2025-05-15,40950,1200.0,1206.0,1172.0,1177.0,0,0,160000.0,188966100.0,1.0,1200.0,1206.0,1172.0,1177.0,160000.0
2025-05-16,40950,1177.0,1190.0,1171.0,1181.0,0,0,125300.0,147874500.0,1.0,1177.0,1190.0,1171.0,1181.0,125300.0
2025-05-19,40950,1182.0,1225.0,1182.0,1217.0,0,0,233600.0,282991600.0,1.0,1182.0,1225.0,1182.0,1217.0,233600.0
2025-05-20,40950,1230.0,1241.0,1214.0,1219.0,0,0,248800.0,304078900.0,1.0,1230.0,1241.0,1214.0,1219.0,248800.0
2025-05-21,40950,1231.0,1236.0,1218.0,1222.0,0,0,154900.0,189311200.0,1.0,1231.0,1236.0,1218.0,1222.0,154900.0
2025-05-22,40950,1216.0,1217.0,1191.0,1199.0,0,0,154500.0,185394300.0,1.0,1216.0,1217.0,1191.0,1199.0,154500.0
2025-05-23,40950,1199.0,1205.0,1192.0,1196.0,0,0,174700.0,209292600.0,1.0,1199.0,1205.0,1192.0,1196.0,174700.0
2025-05-26,40950,1206.0,1206.0,1191.0,1196.0,0,0,142100.0,170041700.0,1.0,1206.0,1206.0,1191.0,1196.0,142100.0
2025-05-27,40950,1196.0,1213.0,1196.0,1208.0,0,0,112700.0,136005300.0,1.0,1196.0,1213.0,1196.0,1208.0,112700.0
2025-05-28,40950,1225.0,1232.0,1220.0,1228.0,0,0,134500.0,165122500.0,1.0,1225.0,1232.0,1220.0,1228.0,134500.0
2025-05-29,40950,1235.0,1246.0,1233.0,1244.0,0,0,149000.0,185074600.0,1.0,1235.0,1246.0,1233.0,1244.0,149000.0
2025-05-30,40950,1222.0,1247.0,1220.0,1243.0,0,0,248800.0,308609800.0,1.0,1222.0,1247.0,1220.0,1243.0,248800.0
2025-06-02,40950,1234.0,1255.0,1224.0,1227.0,0,0,284900.0,351338900.0,1.0,1234.0,1255.0,1224.0,1227.0,284900.0
2025-06-03,40950,1229.0,1236.0,1222.0,1228.0,0,0,290300.0,356803800.0,1.0,1229.0,1236.0,1222.0,1228.0,290300.0
2025-06-04,40950,1228.0,1234.0,1222.0,1224.0,0,0,231600.0,284087000.0,1.0,1228.0,1234.0,1222.0,1224.0,231600.0
2025-06-05,40950,1221.0,1222.0,1209.0,1210.0,0,0,97500.0,118196500.0,1.0,1221.0,1222.0,1209.0,1210.0,97500.0
2025-06-06,40950,1217.0,1232.0,1217.0,1227.0,0,0,95900.0,117604600.0,1.0,1217.0,1232.0,1217.0,1227.0,95900.0
2025-06-09,40950,1237.0,1261.0,1237.0,1253.0,0,0,154400.0,193595900.0,1.0,1237.0,1261.0,1237.0,1253.0,154400.0
2025-06-10,40950,1257.0,1270.0,1255.0,1261.0,0,0,188200.0,237547900.0,1.0,1257.0,1270.0,1255.0,1261.0,188200.0
2025-06-11,40950,1270.0,1279.0,1254.0,1255.0,0,0,179600.0,226532500.0,1.0,1270.0,1279.0,1254.0,1255.0,179600.0
2025-06-12,40950,1255.0,1266.0,1254.0,1257.0,0,0,144900.0,182241300.0,1.0,1255.0,1266.0,1254.0,1257.0,144900.0
2025-06-13,40950,1257.0,1258.0,1236.0,1245.0,0,0,230700.0,287552400.0,1.0,1257.0,1258.0,1236.0,1245.0,230700.0
2025-06-16,40950,1254.0,1257.0,1232.0,1241.0,0,0,124800.0,154911400.0,1.0,1254.0,1257.0,1232.0,1241.0,124800.0
2025-06-17,40950,1241.0,1253.0,1241.0,1251.0,0,0,172700.0,215689400.0,1.0,1241.0,1253.0,1241.0,1251.0,172700.0
2025-06-18,40950,1258.0,1268.0,1251.0,1251.0,0,0,171500.0,215286100.0,1.0,1258.0,1268.0,1251.0,1251.0,171500.0
2025-06-19,40950,1251.0,1252.0,1235.0,1248.0,0,0,107600.0,133795600.0,1.0,1251.0,1252.0,1235.0,1248.0,107600.0
2025-06-20,40950,1242.0,1256.0,1241.0,1246.0,0,0,463500.0,577991300.0,1.0,1242.0,1256.0,1241.0,1246.0,463500.0
2025-06-23,40950,1246.0,1248.0,1233.0,1242.0,0,0,159500.0,197746800.0,1.0,1246.0,1248.0,1233.0,1242.0,159500.0
2025-06-24,40950,1259.0,1259.0,1233.0,1236.0,0,0,118400.0,146768900.0,1.0,1259.0,1259.0,1233.0,1236.0,118400.0
2025-06-25,40950,1239.0,1239.0,1225.0,1233.0,0,0,134900.0,166192900.0,1.0,1239.0,1239.0,1225.0,1233.0,134900.0
2025-06-26,40950,1236.0,1259.0,1234.0,1259.0,0,0,175300.0,219968600.0,1.0,1236.0,1259.0,1234.0,1259.0,175300.0
2025-06-27,40950,1260.0,1290.0,1260.0,1287.0,0,0,247600.0,317926100.0,1.0,1260.0,1290.0,1260.0,1287.0,247600.0
2025-06-30,40950,1293.0,1296.0,1272.0,1272.0,0,0,185000.0,236220500.0,1.0,1293.0,1296.0,1272.0,1272.0,185000.0
2025-07-01,40950,1265.0,1269.0,1260.0,1268.0,0,0,101200.0,128116800.0,1.0,1265.0,1269.0,1260.0,1268.0,101200.0
2025-07-02,40950,1268.0,1287.0,1258.0,1281.0,0,0,251700.0,321382200.0,1.0,1268.0,1287.0,1258.0,1281.0,251700.0
2025-07-03,40950,1288.0,1298.0,1280.0,1287.0,0,0,129600.0,166815700.0,1.0,1288.0,1298.0,1280.0,1287.0,129600.0
2025-07-04,40950,1292.0,1313.0,1292.0,1309.0,0,0,174700.0,228233600.0,1.0,1292.0,1313.0,1292.0,1309.0,174700.0
2025-07-07,40950,1304.0,1309.0,1291.0,1297.0,0,0,133600.0,173063700.0,1.0,1304.0,1309.0,1291.0,1297.0,133600.0
2025-07-08,40950,1297.0,1304.0,1289.0,1302.0,0,0,211700.0,274984800.0,1.0,1297.0,1304.0,1289.0,1302.0,211700.0
2025-07-09,40950,1302.0,1314.0,1302.0,1307.0,0,0,152500.0,199435800.0,1.0,1302.0,1314.0,1302.0,1307.0,152500.0
2025-07-10,40950,1303.0,1305.0,1295.0,1305.0,0,0,210800.0,274680500.0,1.0,1303.0,1305.0,1295.0,1305.0,210800.0
2025-07-11,40950,1308.0,1320.0,1304.0,1306.0,0,0,192200.0,251816900.0,1.0,1308.0,1320.0,1304.0,1306.0,192200.0
2025-07-14,40950,1306.0,1317.0,1303.0,1310.0,0,0,125200.0,164063700.0,1.0,1306.0,1317.0,1303.0,1310.0,125200.0
2025-07-15,40950,1310.0,1318.0,1308.0,1318.0,0,0,109400.0,143819500.0,1.0,1310.0,1318.0,1308.0,1318.0,109400.0
2025-07-16,40950,1315.0,1331.0,1313.0,1321.0,0,0,233700.0,309195900.0,1.0,1315.0,1331.0,1313.0,1321.0,233700.0
2025-07-17,40950,1311.0,1321.0,1309.0,1321.0,0,0,138900.0,183026300.0,1.0,1311.0,1321.0,1309.0,1321.0,138900.0
2025-07-18,40950,1321.0,1321.0,1296.0,1301.0,0,0,115200.0,150421300.0,1.0,1321.0,1321.0,1296.0,1301.0,115200.0
2025-07-22,40950,1301.0,1328.0,1300.0,1321.0,0,0,163500.0,215899600.0,1.0,1301.0,1328.0,1300.0,1321.0,163500.0
2025-07-23,40950,1341.0,1354.0,1334.0,1350.0,0,0,296400.0,399296900.0,1.0,1341.0,1354.0,1334.0,1350.0,296400.0
2025-07-24,40950,1350.0,1371.0,1348.0,1369.0,0,0,205200.0,279881600.0,1.0,1350.0,1371.0,1348.0,1369.0,205200.0
2025-07-25,40950,1366.0,1374.0,1356.0,1373.0,0,0,155800.0,213251200.0,1.0,1366.0,1374.0,1356.0,1373.0,155800.0
2025-07-28,40950,1373.0,1375.0,1363.0,1368.0,0,0,221500.0,302861400.0,1.0,1373.0,1375.0,1363.0,1368.0,221500.0
2025-07-29,40950,1364.0,1381.0,1362.0,1369.0,0,0,238700.0,326903300.0,1.0,1364.0,1381.0,1362.0,1369.0,238700.0
2025-07-30,40950,1365.0,1382.0,1361.0,1364.0,0,0,267000.0,365422300.0,1.0,1365.0,1382.0,1361.0,1364.0,267000.0
2025-07-31,40950,1366.0,1382.0,1363.0,1382.0,0,0,230800.0,317998600.0,1.0,1366.0,1382.0,1363.0,1382.0,230800.0
2025-08-01,40950,1386.0,1393.0,1371.0,1377.0,0,0,267600.0,369439000.0,1.0,1386.0,1393.0,1371.0,1377.0,267600.0
2025-08-04,40950,1348.0,1370.0,1344.0,1362.0,0,0,217100.0,295339100.0,1.0,1348.0,1370.0,1344.0,1362.0,217100.0
2025-08-05,40950,1362.0,1376.0,1345.0,1366.0,0,0,146600.0,199989800.0,1.0,1362.0,1376.0,1345.0,1366.0,146600.0
2025-08-06,40950,1368.0,1385.0,1368.0,1374.0,0,0,115000.0,158307800.0,1.0,1368.0,1385.0,1368.0,1374.0,115000.0
2025-08-07,40950,1374.0,1382.0,1368.0,1375.0,0,0,125400.0,172349900.0,1.0,1374.0,1382.0,1368.0,1375.0,125400.0
2025-08-08,40950,1387.0,1413.0,1386.0,1393.0,0,0,283300.0,395487300.0,1.0,1387.0,1413.0,1386.0,1393.0,283300.0
2025-08-12,40950,1400.0,1410.0,1387.0,1400.0,0,0,239700.0,335653700.0,1.0,1400.0,1410.0,1387.0,1400.0,239700.0
2025-08-13,40950,1406.0,1412.0,1394.0,1410.0,0,0,123400.0,173788700.0,1.0,1406.0,1412.0,1394.0,1410.0,123400.0
2025-08-14,40950,1409.0,1409.0,1389.0,1395.0,0,0,150500.0,210140000.0,1.0,1409.0,1409.0,1389.0,1395.0,150500.0
2025-08-15,40950,1404.0,1404.0,1376.0,1385.0,0,0,137800.0,190839800.0,1.0,1404.0,1404.0,1376.0,1385.0,137800.0
2025-08-18,40950,1385.0,1400.0,1384.0,1396.0,0,0,140900.0,196615900.0,1.0,1385.0,1400.0,1384.0,1396.0,140900.0
2025-08-19,40950,1390.0,1414.0,1388.0,1409.0,0,0,212600.0,298949000.0,1.0,1390.0,1414.0,1388.0,1409.0,212600.0
2025-08-20,40950,1409.0,1419.0,1408.0,1411.0,0,0,114500.0,161852300.0,1.0,1409.0,1419.0,1408.0,1411.0,114500.0
2025-08-21,40950,1414.0,1425.0,1410.0,1424.0,0,0,168000.0,238746100.0,1.0,1414.0,1425.0,1410.0,1424.0,168000.0
2025-08-22,40950,1424.0,1425.0,1408.0,1418.0,0,0,153200.0,216897500.0,1.0,1424.0,1425.0,1408.0,1418.0,153200.0
2025-08-25,40950,1418.0,1419.0,1406.0,1417.0,0,0,174200.0,246269300.0,1.0,1418.0,1419.0,1406.0,1417.0,174200.0
2025-08-26,40950,1425.0,1428.0,1400.0,1404.0,0,0,149100.0,209641800.0,1.0,1425.0,1428.0,1400.0,1404.0,149100.0
2025-08-27,40950,1412.0,1415.0,1406.0,1413.0,0,0,136700.0,193033200.0,1.0,1412.0,1415.0,1406.0,1413.0,136700.0
2025-08-28,40950,1416.0,1417.0,1405.0,1412.0,0,0,112300.0,158671000.0,1.0,1416.0,1417.0,1405.0,1412.0,112300.0
2025-08-29,40950,1408.0,1432.0,1406.0,1424.0,0,0,148500.0,211108000.0,1.0,1408.0,1432.0,1406.0,1424.0,148500.0
2025-09-01,40950,1428.0,1439.0,1409.0,1419.0,0,0,135100.0,192095100.0,1.0,1428.0,1439.0,1409.0,1419.0,135100.0
2025-09-02,40950,1430.0,1440.0,1426.0,1432.0,0,0,118900.0,170354400.0,1.0,1430.0,1440.0,1426.0,1432.0,118900.0
2025-09-03,40950,1434.0,1441.0,1429.0,1433.0,0,0,165800.0,237817500.0,1.0,1434.0,1441.0,1429.0,1433.0,165800.0
2025-09-04,40950,1428.0,1432.0,1420.0,1420.0,0,0,156100.0,222281300.0,1.0,1428.0,1432.0,1420.0,1420.0,156100.0
2025-09-05,40950,1425.0,1433.0,1416.0,1423.0,0,0,197300.0,281159500.0,1.0,1425.0,1433.0,1416.0,1423.0,197300.0
2025-09-08,40950,1426.0,1438.0,1419.0,1434.0,0,0,152900.0,218798700.0,1.0,1426.0,1438.0,1419.0,1434.0,152900.0
2025-09-09,40950,1439.0,1441.0,1411.0,1422.0,0,0,138000.0,196617000.0,1.0,1439.0,1441.0,1411.0,1422.0,138000.0
2025-09-10,40950,1414.0,1419.0,1407.0,1410.0,0,0,108800.0,153543400.0,1.0,1414.0,1419.0,1407.0,1410.0,108800.0
2025-09-11,40950,1401.0,1417.0,1395.0,1414.0,0,0,123100.0,173609500.0,1.0,1401.0,1417.0,1395.0,1414.0,123100.0
2025-09-12,40950,1425.0,1428.0,1412.0,1412.0,0,0,210100.0,298142700.0,1.0,1425.0,1428.0,1412.0,1412.0,210100.0
2025-09-16,40950,1390.0,1413.0,1383.0,1406.0,0,0,182600.0,256371100.0,1.0,1390.0,1413.0,1383.0,1406.0,182600.0
2025-09-17,40950,1402.0,1406.0,1382.0,1390.0,0,0,124700.0,173572700.0,1.0,1402.0,1406.0,1382.0,1390.0,124700.0
2025-09-18,40950,1397.0,1398.0,1383.0,1391.0,0,0,148400.0,206302200.0,1.0,1397.0,1398.0,1383.0,1391.0,148400.0
2025-09-19,40950,1397.0,1402.0,1380.0,1395.0,0,0,307600.0,428510700.0,1.0,1397.0,1402.0,1380.0,1395.0,307600.0
2025-09-22,40950,1395.0,1411.0,1392.0,1400.0,0,0,140200.0,196270600.0,1.0,1395.0,1411.0,1392.0,1400.0,140200.0
2025-09-24,40950,1395.0,1400.0,1381.0,1392.0,0,0,132500.0,184197700.0,1.0,1395.0,1400.0,1381.0,1392.0,132500.0
2025-09-25,40950,1393.0,1405.0,1389.0,1404.0,0,0,156300.0,218734200.0,1.0,1393.0,1405.0,1389.0,1404.0,156300.0
2025-09-26,40950,1408.0,1424.0,1405.0,1416.0,0,0,204800.0,290102400.0,1.0,1408.0,1424.0,1405.0,1416.0,204800.0
2025-09-29,40950,1391.0,1395.0,1381.0,1384.0,0,0,134500.0,186365600.0,1.0,1391.0,1395.0,1381.0,1384.0,134500.0
2025-09-30,40950,1380.0,1383.0,1367.0,1369.0,0,0,190600.0,261529600.0,1.0,1380.0,1383.0,1367.0,1369.0,190600.0
2025-10-01,40950,1356.0,1356.0,1329.0,1338.0,0,0,171400.0,229247900.0,1.0,1356.0,1356.0,1329.0,1338.0,171400.0
2025-10-02,40950,1343.0,1347.0,1325.0,1333.0,0,0,215000.0,286135200.0,1.0,1343.0,1347.0,1325.0,1333.0,215000.0
2025-10-03,40950,1338.0,1350.0,1337.0,1346.0,0,0,105500.0,141884500.0,1.0,1338.0,1350.0,1337.0,1346.0,105500.0
2025-10-06,40950,1376.0,1378.0,1357.0,1367.0,0,0,189800.0,259660600.0,1.0,1376.0,1378.0,1357.0,1367.0,189800.0
2025-10-07,40950,1372.0,1387.0,1372.0,1383.0,0,0,133100.0,184064900.0,1.0,1372.0,1387.0,1372.0,1383.0,133100.0
2025-10-08,40950,1390.0,1395.0,1364.0,1367.0,0,0,161600.0,222383900.0,1.0,1390.0,1395.0,1364.0,1367.0,161600.0
2025-10-09,40950,1358.0,1382.0,1351.0,1382.0,0,0,198000.0,271832200.0,1.0,1358.0,1382.0,1351.0,1382.0,198000.0
2025-10-10,40950,1363.0,1378.0,1341.0,1345.0,0,0,169100.0,227808000.0,1.0,1363.0,1378.0,1341.0,1345.0,169100.0
2025-10-14,40950,1331.0,1349.0,1323.0,1335.0,0,0,178200.0,237724000.0,1.0,1331.0,1349.0,1323.0,1335.0,178200.0
2025-10-15,40950,1345.0,1353.0,1342.0,1352.0,0,0,133700.0,180440900.0,1.0,1345.0,1353.0,1342.0,1352.0,133700.0
2025-10-16,40950,1351.0,1357.0,1339.0,1347.0,0,0,120500.0,162173200.0,1.0,1351.0,1357.0,1339.0,1347.0,120500.0
2025-10-17,40950,1346.0,1350.0,1340.0,1345.0,0,0,109700.0,147499800.0,1.0,1346.0,1350.0,1340.0,1345.0,109700.0
2025-10-20,40950,1362.0,1370.0,1356.0,1363.0,0,0,107500.0,146650300.0,1.0,1362.0,1370.0,1356.0,1363.0,107500.0
2025-10-21,40950,1359.0,1375.0,1354.0,1354.0,0,0,273100.0,371970100.0,1.0,1359.0,1375.0,1354.0,1354.0,273100.0
2025-10-22,40950,1354.0,1368.0,1354.0,1358.0,0,0,99600.0,135431200.0,1.0,1354.0,1368.0,1354.0,1358.0,99600.0
2025-10-23,40950,1350.0,1373.0,1336.0,1368.0,0,0,156700.0,214128700.0,1.0,1350.0,1373.0,1336.0,1368.0,156700.0
2025-10-24,40950,1365.0,1389.0,1365.0,1382.0,0,0,185200.0,255785300.0,1.0,1365.0,1389.0,1365.0,1382.0,185200.0
2025-10-27,40950,1395.0,1412.0,1394.0,1404.0,0,0,240000.0,337026000.0,1.0,1395.0,1412.0,1394.0,1404.0,240000.0
2025-10-28,40950,1389.0,1389.0,1345.0,1349.0,0,0,150800.0,204573900.0,1.0,1389.0,1389.0,1345.0,1349.0,150800.0
2025-10-29,40950,1346.0,1368.0,1321.0,1325.0,0,0,176300.0,234453100.0,1.0,1346.0,1368.0,1321.0,1325.0,176300.0
