Date,Code,Open,High,Low,Close,UpperLimit,LowerLimit,Volume,TurnoverValue,AdjustmentFactor,AdjustmentOpen,AdjustmentHigh,AdjustmentLow,AdjustmentClose,AdjustmentVolume
2020-10-29,42510,1517.0,1560.0,1508.0,1545.0,0,0,52500.0,80569900.0,1.0,758.5,780.0,754.0,772.5,105000.0
2020-10-30,42510,1545.0,1545.0,1499.0,1525.0,0,0,68600.0,104223900.0,1.0,772.5,772.5,749.5,762.5,137200.0
2020-11-02,42510,1523.0,1544.0,1453.0,1485.0,0,0,70800.0,105143000.0,1.0,761.5,772.0,726.5,742.5,141600.0
2020-11-04,42510,1505.0,1550.0,1503.0,1535.0,0,0,66900.0,102429500.0,1.0,752.5,775.0,751.5,767.5,133800.0
2020-11-05,42510,1522.0,1586.0,1522.0,1536.0,0,0,79300.0,123541400.0,1.0,761.0,793.0,761.0,768.0,158600.0
2020-11-06,42510,1563.0,1612.0,1550.0,1567.0,0,0,86800.0,137742300.0,1.0,781.5,806.0,775.0,783.5,173600.0
2020-11-09,42510,1600.0,1612.0,1559.0,1571.0,0,0,44200.0,70078500.0,1.0,800.0,806.0,779.5,785.5,88400.0
2020-11-10,42510,1609.0,1609.0,1556.0,1564.0,0,0,52100.0,82246000.0,1.0,804.5,804.5,778.0,782.0,104200.0
2020-11-11,42510,1564.0,1622.0,1546.0,1614.0,0,0,90600.0,144725700.0,1.0,782.0,811.0,773.0,807.0,181200.0
2020-11-12,42510,1600.0,1629.0,1582.0,1623.0,0,0,89700.0,143751100.0,1.0,800.0,814.5,791.0,811.5,179400.0
2020-11-13,42510,1505.0,1546.0,1490.0,1514.0,0,0,191500.0,288815900.0,1.0,752.5,773.0,745.0,757.0,383000.0
2020-11-16,42510,1525.0,1525.0,1491.0,1498.0,0,0,64900.0,97446200.0,1.0,762.5,762.5,745.5,749.0,129800.0
2020-11-17,42510,1508.0,1508.0,1460.0,1460.0,0,0,60500.0,89145100.0,1.0,754.0,754.0,730.0,730.0,121000.0
2020-11-18,42510,1447.0,1449.0,1423.0,1428.0,0,0,57500.0,82621900.0,1.0,723.5,724.5,711.5,714.0,115000.0
2020-11-19,42510,1428.0,1439.0,1380.0,1385.0,0,0,51600.0,72399800.0,1.0,714.0,719.5,690.0,692.5,103200.0
2020-11-20,42510,1382.0,1429.0,1380.0,1418.0,0,0,33700.0,47204900.0,1.0,691.0,714.5,690.0,709.0,67400.0
2020-11-24,42510,1447.0,1469.0,1437.0,1467.0,0,0,51700.0,75098500.0,1.0,723.5,734.5,718.5,733.5,103400.0
2020-11-25,42510,1480.0,1505.0,1451.0,1452.0,0,0,50900.0,75061600.0,1.0,740.0,752.5,725.5,726.0,101800.0
2020-11-26,42510,1450.0,1478.0,1443.0,1467.0,0,0,29300.0,42870100.0,1.0,725.0,739.0,721.5,733.5,58600.0
2020-11-27,42510,1452.0,1484.0,1449.0,1461.0,0,0,44200.0,64739000.0,1.0,726.0,742.0,724.5,730.5,88400.0
2020-11-30,42510,1521.0,1628.0,1516.0,1607.0,0,0,367100.0,581771900.0,1.0,760.5,814.0,758.0,803.5,734200.0
2020-12-01,42510,1611.0,1670.0,1564.0,1585.0,0,0,161000.0,258446400.0,1.0,805.5,835.0,782.0,792.5,322000.0
2020-12-02,42510,1599.0,1737.0,1585.0,1720.0,0,0,296500.0,500394200.0,1.0,799.5,868.5,792.5,860.0,593000.0
2020-12-03,42510,1706.0,1977.0,1703.0,1922.0,0,0,551700.0,1027125100.0,1.0,853.0,988.5,851.5,961.0,1103400.0
2020-12-04,42510,1925.0,2047.0,1925.0,2035.0,0,0,446600.0,899129800.0,1.0,962.5,1023.5,962.5,1017.5,893200.0
2020-12-07,42510,1985.0,2313.0,1954.0,2243.0,0,0,670000.0,1460735400.0,1.0,992.5,1156.5,977.0,1121.5,1340000.0
2020-12-08,42510,2209.0,2268.0,2141.0,2230.0,0,0,259500.0,573965400.0,1.0,1104.5,1134.0,1070.5,1115.0,519000.0
2020-12-09,42510,2200.0,2236.0,2109.0,2109.0,0,0,369800.0,785679500.0,1.0,1100.0,1118.0,1054.5,1054.5,739600.0
2020-12-10,42510,2068.0,2075.0,1941.0,1983.0,0,0,201300.0,402048500.0,1.0,1034.0,1037.5,970.5,991.5,402600.0
2020-12-11,42510,1991.0,2081.0,1991.0,2053.0,0,0,72100.0,146886700.0,1.0,995.5,1040.5,995.5,1026.5,144200.0
2020-12-14,42510,2088.0,2209.0,2086.0,2152.0,0,0,139900.0,302323300.0,1.0,1044.0,1104.5,1043.0,1076.0,279800.0
2020-12-15,42510,2153.0,2169.0,2075.0,2098.0,0,0,112300.0,237269100.0,1.0,1076.5,1084.5,1037.5,1049.0,224600.0
2020-12-16,42510,2080.0,2092.0,1997.0,2016.0,0,0,129700.0,262879500.0,1.0,1040.0,1046.0,998.5,1008.0,259400.0
2020-12-17,42510,1985.0,2071.0,1980.0,2000.0,0,0,167300.0,335739200.0,1.0,992.5,1035.5,990.0,1000.0,334600.0
2020-12-18,42510,1991.0,2015.0,1932.0,1963.0,0,0,118500.0,233617200.0,1.0,995.5,1007.5,966.0,981.5,237000.0
2020-12-21,42510,1963.0,1993.0,1886.0,1981.0,0,0,106000.0,205698400.0,1.0,981.5,996.5,943.0,990.5,212000.0
2020-12-22,42510,1942.0,1984.0,1920.0,1931.0,0,0,75200.0,145914600.0,1.0,971.0,992.0,960.0,965.5,150400.0
2020-12-23,42510,1932.0,2000.0,1911.0,1960.0,0,0,89600.0,175902200.0,1.0,966.0,1000.0,955.5,980.0,179200.0
2020-12-24,42510,1984.0,2021.0,1960.0,1990.0,0,0,76500.0,152599000.0,1.0,992.0,1010.5,980.0,995.0,153000.0
2020-12-25,42510,2004.0,2007.0,1959.0,2000.0,0,0,56200.0,111746400.0,1.0,1002.0,1003.5,979.5,1000.0,112400.0
2020-12-28,42510,2031.0,2061.0,1971.0,2008.0,0,0,68600.0,138141500.0,1.0,1015.5,1030.5,985.5,1004.0,137200.0
2020-12-29,42510,2010.0,2107.0,2010.0,2045.0,0,0,94300.0,193853400.0,1.0,1005.0,1053.5,1005.0,1022.5,188600.0
2020-12-30,42510,2070.0,2138.0,2070.0,2130.0,0,0,169800.0,359472100.0,1.0,1035.0,1069.0,1035.0,1065.0,339600.0
2021-01-04,42510,2131.0,2140.0,2000.0,2003.0,0,0,162700.0,331266600.0,1.0,1065.5,1070.0,1000.0,1001.5,325400.0
2021-01-05,42510,2015.0,2180.0,2000.0,2070.0,0,0,276500.0,581220600.0,1.0,1007.5,1090.0,1000.0,1035.0,553000.0
2021-01-06,42510,2123.0,2140.0,2070.0,2115.0,0,0,137900.0,290435700.0,1.0,1061.5,1070.0,1035.0,1057.5,275800.0
2021-01-07,42510,2117.0,2149.0,2042.0,2048.0,0,0,145000.0,303374500.0,1.0,1058.5,1074.5,1021.0,1024.0,290000.0
2021-01-08,42510,2062.0,2129.0,2058.0,2124.0,0,0,132900.0,278889200.0,1.0,1031.0,1064.5,1029.0,1062.0,265800.0
2021-01-12,42510,2140.0,2170.0,2091.0,2095.0,0,0,173500.0,370352100.0,1.0,1070.0,1085.0,1045.5,1047.5,347000.0
2021-01-13,42510,2095.0,2120.0,2062.0,2113.0,0,0,70500.0,147656600.0,1.0,1047.5,1060.0,1031.0,1056.5,141000.0
2021-01-14,42510,2102.0,2130.0,2049.0,2057.0,0,0,93500.0,194104000.0,1.0,1051.0,1065.0,1024.5,1028.5,187000.0
2021-01-15,42510,2057.0,2073.0,2007.0,2051.0,0,0,59800.0,121821500.0,1.0,1028.5,1036.5,1003.5,1025.5,119600.0
2021-01-18,42510,2050.0,2117.0,2050.0,2083.0,0,0,84700.0,177169700.0,1.0,1025.0,1058.5,1025.0,1041.5,169400.0
2021-01-19,42510,2107.0,2115.0,2049.0,2068.0,0,0,60700.0,125539900.0,1.0,1053.5,1057.5,1024.5,1034.0,121400.0
2021-01-20,42510,2068.0,2068.0,2002.0,2023.0,0,0,70100.0,141978900.0,1.0,1034.0,1034.0,1001.0,1011.5,140200.0
2021-01-21,42510,2023.0,2040.0,2003.0,2030.0,0,0,46400.0,93950500.0,1.0,1011.5,1020.0,1001.5,1015.0,92800.0
2021-01-22,42510,2020.0,2047.0,2002.0,2042.0,0,0,74400.0,150374400.0,1.0,1010.0,1023.5,1001.0,1021.0,148800.0
2021-01-25,42510,2039.0,2039.0,1997.0,2003.0,0,0,71200.0,142940600.0,1.0,1019.5,1019.5,998.5,1001.5,142400.0
2021-01-26,42510,2010.0,2092.0,2000.0,2003.0,0,0,97200.0,198507300.0,1.0,1005.0,1046.0,1000.0,1001.5,194400.0
2021-01-27,42510,2017.0,2091.0,2002.0,2061.0,0,0,132000.0,271058100.0,1.0,1008.5,1045.5,1001.0,1030.5,264000.0
2021-01-28,42510,2013.0,2044.0,1952.0,1976.0,0,0,236300.0,470301400.0,1.0,1006.5,1022.0,976.0,988.0,472600.0
2021-01-29,42510,1936.0,2067.0,1930.0,2052.0,0,0,277300.0,558222500.0,1.0,968.0,1033.5,965.0,1026.0,554600.0
2021-02-01,42510,2014.0,2069.0,2014.0,2029.0,0,0,84600.0,172043700.0,1.0,1007.0,1034.5,1007.0,1014.5,169200.0
2021-02-02,42510,2015.0,2098.0,2000.0,2091.0,0,0,99400.0,203967400.0,1.0,1007.5,1049.0,1000.0,1045.5,198800.0
2021-02-03,42510,2102.0,2170.0,2076.0,2120.0,0,0,242700.0,516035400.0,1.0,1051.0,1085.0,1038.0,1060.0,485400.0
2021-02-04,42510,2141.0,2217.0,2058.0,2074.0,0,0,307900.0,660367000.0,1.0,1070.5,1108.5,1029.0,1037.0,615800.0
2021-02-05,42510,2074.0,2138.0,2062.0,2080.0,0,0,103700.0,217542600.0,1.0,1037.0,1069.0,1031.0,1040.0,207400.0
2021-02-08,42510,2082.0,2102.0,2053.0,2074.0,0,0,93200.0,193493400.0,1.0,1041.0,1051.0,1026.5,1037.0,186400.0
2021-02-09,42510,2115.0,2174.0,2076.0,2128.0,0,0,172100.0,365313100.0,1.0,1057.5,1087.0,1038.0,1064.0,344200.0
2021-02-10,42510,2134.0,2175.0,2090.0,2114.0,0,0,236400.0,504263100.0,1.0,1067.0,1087.5,1045.0,1057.0,472800.0
2021-02-12,42510,2110.0,2110.0,2022.0,2033.0,0,0,169900.0,347544500.0,1.0,1055.0,1055.0,1011.0,1016.5,339800.0
2021-02-15,42510,2070.0,2150.0,1985.0,2012.0,0,0,300700.0,617724900.0,1.0,1035.0,1075.0,992.5,1006.0,601400.0
2021-02-16,42510,2039.0,2048.0,1990.0,2037.0,0,0,153600.0,309360700.0,1.0,1019.5,1024.0,995.0,1018.5,307200.0
2021-02-17,42510,2010.0,2016.0,1955.0,1998.0,0,0,145600.0,288892600.0,1.0,1005.0,1008.0,977.5,999.0,291200.0
2021-02-18,42510,1990.0,2000.0,1931.0,1946.0,0,0,109200.0,213525600.0,1.0,995.0,1000.0,965.5,973.0,218400.0
2021-02-19,42510,1920.0,1920.0,1826.0,1835.0,0,0,143000.0,266075300.0,1.0,960.0,960.0,913.0,917.5,286000.0
2021-02-22,42510,1908.0,1945.0,1861.0,1933.0,0,0,95800.0,183632900.0,1.0,954.0,972.5,930.5,966.5,191600.0
2021-02-24,42510,1900.0,1947.0,1900.0,1913.0,0,0,83900.0,160985500.0,1.0,950.0,973.5,950.0,956.5,167800.0
2021-02-25,42510,1935.0,1950.0,1911.0,1944.0,0,0,81100.0,156567700.0,1.0,967.5,975.0,955.5,972.0,162200.0
2021-02-26,42510,1886.0,1933.0,1846.0,1929.0,0,0,112700.0,213930700.0,1.0,943.0,966.5,923.0,964.5,225400.0
2021-03-01,42510,1910.0,1914.0,1881.0,1898.0,0,0,43500.0,82450400.0,1.0,955.0,957.0,940.5,949.0,87000.0
2021-03-02,42510,1894.0,1918.0,1854.0,1874.0,0,0,60700.0,114550100.0,1.0,947.0,959.0,927.0,937.0,121400.0
2021-03-03,42510,1874.0,1938.0,1874.0,1927.0,0,0,48800.0,93708200.0,1.0,937.0,969.0,937.0,963.5,97600.0
2021-03-04,42510,1929.0,2041.0,1927.0,2024.0,0,0,208600.0,418583200.0,1.0,964.5,1020.5,963.5,1012.0,417200.0
2021-03-05,42510,1974.0,2070.0,1966.0,2044.0,0,0,277600.0,563542000.0,1.0,987.0,1035.0,983.0,1022.0,555200.0
2021-03-08,42510,2058.0,2110.0,2040.0,2055.0,0,0,176100.0,364838200.0,1.0,1029.0,1055.0,1020.0,1027.5,352200.0
2021-03-09,42510,2056.0,2109.0,2012.0,2105.0,0,0,193700.0,402367100.0,1.0,1028.0,1054.5,1006.0,1052.5,387400.0
2021-03-10,42510,2104.0,2106.0,2002.0,2040.0,0,0,184000.0,377226600.0,1.0,1052.0,1053.0,1001.0,1020.0,368000.0
2021-03-11,42510,2049.0,2156.0,2033.0,2129.0,0,0,308800.0,654727000.0,1.0,1024.5,1078.0,1016.5,1064.5,617600.0
2021-03-12,42510,2087.0,2148.0,2063.0,2132.0,0,0,119500.0,252379500.0,1.0,1043.5,1074.0,1031.5,1066.0,239000.0
2021-03-15,42510,2133.0,2223.0,2097.0,2128.0,0,0,151900.0,328801900.0,1.0,1066.5,1111.5,1048.5,1064.0,303800.0
2021-03-16,42510,2134.0,2238.0,2134.0,2230.0,0,0,240000.0,528269500.0,1.0,1067.0,1119.0,1067.0,1115.0,480000.0
2021-03-17,42510,2202.0,2237.0,2189.0,2225.0,0,0,100900.0,223808400.0,1.0,1101.0,1118.5,1094.5,1112.5,201800.0
2021-03-18,42510,2240.0,2247.0,2144.0,2163.0,0,0,86800.0,189744900.0,1.0,1120.0,1123.5,1072.0,1081.5,173600.0
2021-03-19,42510,2150.0,2196.0,2122.0,2168.0,0,0,63000.0,136520800.0,1.0,1075.0,1098.0,1061.0,1084.0,126000.0
2021-03-22,42510,2170.0,2246.0,2137.0,2178.0,0,0,104700.0,228628100.0,1.0,1085.0,1123.0,1068.5,1089.0,209400.0
2021-03-23,42510,2190.0,2217.0,2095.0,2101.0,0,0,105400.0,226984900.0,1.0,1095.0,1108.5,1047.5,1050.5,210800.0
2021-03-24,42510,2075.0,2098.0,1978.0,2012.0,0,0,133200.0,269283200.0,1.0,1037.5,1049.0,989.0,1006.0,266400.0
2021-03-25,42510,2016.0,2020.0,1960.0,2004.0,0,0,92200.0,183497100.0,1.0,1008.0,1010.0,980.0,1002.0,184400.0
2021-03-26,42510,2004.0,2028.0,1975.0,2008.0,0,0,60500.0,120863200.0,1.0,1002.0,1014.0,987.5,1004.0,121000.0
2021-03-29,42510,2031.0,2114.0,2030.0,2094.0,0,0,92700.0,191946200.0,1.0,1015.5,1057.0,1015.0,1047.0,185400.0
2021-03-30,42510,2095.0,2113.0,2065.0,2100.0,0,0,37000.0,77265500.0,1.0,1047.5,1056.5,1032.5,1050.0,74000.0
2021-03-31,42510,2117.0,2196.0,2101.0,2182.0,0,0,118400.0,256275500.0,1.0,1058.5,1098.0,1050.5,1091.0,236800.0
2021-04-01,42510,2196.0,2296.0,2188.0,2291.0,0,0,246200.0,556192400.0,1.0,1098.0,1148.0,1094.0,1145.5,492400.0
2021-04-02,42510,2295.0,2400.0,2271.0,2375.0,0,0,293700.0,687424100.0,1.0,1147.5,1200.0,1135.5,1187.5,587400.0
2021-04-05,42510,2398.0,2513.0,2398.0,2456.0,0,0,303300.0,747427200.0,1.0,1199.0,1256.5,1199.0,1228.0,606600.0
2021-04-06,42510,2444.0,2514.0,2380.0,2449.0,0,0,223500.0,550254500.0,1.0,1222.0,1257.0,1190.0,1224.5,447000.0
2021-04-07,42510,2449.0,2520.0,2438.0,2515.0,0,0,191800.0,477485000.0,1.0,1224.5,1260.0,1219.0,1257.5,383600.0
2021-04-08,42510,2526.0,2670.0,2525.0,2624.0,0,0,344800.0,903882000.0,1.0,1263.0,1335.0,1262.5,1312.0,689600.0
2021-04-09,42510,2602.0,2705.0,2412.0,2692.0,0,0,626600.0,1609120100.0,1.0,1301.0,1352.5,1206.0,1346.0,1253200.0
2021-04-12,42510,2672.0,2739.0,2440.0,2496.0,0,0,541800.0,1386288500.0,1.0,1336.0,1369.5,1220.0,1248.0,1083600.0
2021-04-13,42510,2493.0,2563.0,2403.0,2458.0,0,0,224600.0,557887200.0,1.0,1246.5,1281.5,1201.5,1229.0,449200.0
2021-04-14,42510,2434.0,2550.0,2434.0,2525.0,0,0,214800.0,534986100.0,1.0,1217.0,1275.0,1217.0,1262.5,429600.0
2021-04-15,42510,2479.0,2630.0,2479.0,2581.0,0,0,162900.0,420972200.0,1.0,1239.5,1315.0,1239.5,1290.5,325800.0
2021-04-16,42510,2566.0,2634.0,2539.0,2628.0,0,0,138400.0,359254800.0,1.0,1283.0,1317.0,1269.5,1314.0,276800.0
2021-04-19,42510,2620.0,2622.0,2565.0,2588.0,0,0,90700.0,234577200.0,1.0,1310.0,1311.0,1282.5,1294.0,181400.0
2021-04-20,42510,2549.0,2658.0,2501.0,2650.0,0,0,151000.0,393832700.0,1.0,1274.5,1329.0,1250.5,1325.0,302000.0
2021-04-21,42510,2607.0,2636.0,2520.0,2551.0,0,0,194100.0,497481300.0,1.0,1303.5,1318.0,1260.0,1275.5,388200.0
2021-04-22,42510,2575.0,2835.0,2570.0,2795.0,0,0,488200.0,1347861800.0,1.0,1287.5,1417.5,1285.0,1397.5,976400.0
2021-04-23,42510,2757.0,2807.0,2704.0,2751.0,0,0,270000.0,745785100.0,1.0,1378.5,1403.5,1352.0,1375.5,540000.0
2021-04-26,42510,2748.0,2810.0,2715.0,2766.0,0,0,127200.0,350848900.0,1.0,1374.0,1405.0,1357.5,1383.0,254400.0
2021-04-27,42510,2766.0,2766.0,2641.0,2676.0,0,0,138000.0,371379500.0,1.0,1383.0,1383.0,1320.5,1338.0,276000.0
2021-04-28,42510,2676.0,2676.0,2578.0,2630.0,0,0,166600.0,436878900.0,1.0,1338.0,1338.0,1289.0,1315.0,333200.0
2021-04-30,42510,2625.0,2689.0,2605.0,2656.0,0,0,99000.0,262156600.0,1.0,1312.5,1344.5,1302.5,1328.0,198000.0
2021-05-06,42510,2636.0,2678.0,2552.0,2629.0,0,0,72900.0,191878300.0,1.0,1318.0,1339.0,1276.0,1314.5,145800.0
2021-05-07,42510,2629.0,2638.0,2570.0,2570.0,0,0,96300.0,249155300.0,1.0,1314.5,1319.0,1285.0,1285.0,192600.0
2021-05-10,42510,2590.0,2593.0,2475.0,2526.0,0,0,122600.0,308998200.0,1.0,1295.0,1296.5,1237.5,1263.0,245200.0
2021-05-11,42510,2500.0,2528.0,2456.0,2499.0,0,0,86400.0,215083300.0,1.0,1250.0,1264.0,1228.0,1249.5,172800.0
2021-05-12,42510,2481.0,2522.0,2400.0,2427.0,0,0,126400.0,309052700.0,1.0,1240.5,1261.0,1200.0,1213.5,252800.0
2021-05-13,42510,2331.0,2380.0,2276.0,2321.0,0,0,145300.0,339568200.0,1.0,1165.5,1190.0,1138.0,1160.5,290600.0
2021-05-14,42510,2340.0,2443.0,2303.0,2416.0,0,0,145300.0,347253200.0,1.0,1170.0,1221.5,1151.5,1208.0,290600.0
2021-05-17,42510,2396.0,2406.0,2143.0,2168.0,0,0,261200.0,582889200.0,1.0,1198.0,1203.0,1071.5,1084.0,522400.0
2021-05-18,42510,2215.0,2331.0,2173.0,2292.0,0,0,141200.0,320551700.0,1.0,1107.5,1165.5,1086.5,1146.0,282400.0
2021-05-19,42510,2285.0,2340.0,2266.0,2287.0,0,0,65600.0,150580500.0,1.0,1142.5,1170.0,1133.0,1143.5,131200.0
2021-05-20,42510,2266.0,2331.0,2266.0,2307.0,0,0,40300.0,92729500.0,1.0,1133.0,1165.5,1133.0,1153.5,80600.0
2021-05-21,42510,2331.0,2426.0,2287.0,2404.0,0,0,101000.0,239562900.0,1.0,1165.5,1213.0,1143.5,1202.0,202000.0
2021-05-24,42510,2454.0,2500.0,2424.0,2487.0,0,0,132500.0,327469300.0,1.0,1227.0,1250.0,1212.0,1243.5,265000.0
2021-05-25,42510,2511.0,2674.0,2511.0,2655.0,0,0,230600.0,606347600.0,1.0,1255.5,1337.0,1255.5,1327.5,461200.0
2021-05-26,42510,2685.0,2874.0,2679.0,2867.0,0,0,363500.0,1015500200.0,1.0,1342.5,1437.0,1339.5,1433.5,727000.0
2021-05-27,42510,2867.0,2990.0,2860.0,2894.0,0,0,404000.0,1184595400.0,1.0,1433.5,1495.0,1430.0,1447.0,808000.0
2021-05-28,42510,2860.0,2975.0,2789.0,2945.0,0,0,247300.0,716098100.0,1.0,1430.0,1487.5,1394.5,1472.5,494600.0
2021-05-31,42510,2946.0,3135.0,2946.0,3100.0,0,0,244000.0,744473200.0,1.0,1473.0,1567.5,1473.0,1550.0,488000.0
2021-06-01,42510,3080.0,3145.0,3010.0,3085.0,0,0,205000.0,631292000.0,1.0,1540.0,1572.5,1505.0,1542.5,410000.0
2021-06-02,42510,3080.0,3205.0,3045.0,3085.0,0,0,184000.0,574408500.0,1.0,1540.0,1602.5,1522.5,1542.5,368000.0
2021-06-03,42510,3060.0,3140.0,2962.0,3065.0,0,0,152000.0,465946500.0,1.0,1530.0,1570.0,1481.0,1532.5,304000.0
2021-06-04,42510,3050.0,3090.0,2958.0,2997.0,0,0,186300.0,558054800.0,1.0,1525.0,1545.0,1479.0,1498.5,372600.0
2021-06-07,42510,3050.0,3180.0,3025.0,3030.0,0,0,124800.0,385784000.0,1.0,1525.0,1590.0,1512.5,1515.0,249600.0
2021-06-08,42510,3060.0,3170.0,2976.0,2992.0,0,0,179700.0,544449400.0,1.0,1530.0,1585.0,1488.0,1496.0,359400.0
2021-06-09,42510,3185.0,3345.0,3090.0,3100.0,0,0,404200.0,1296986500.0,1.0,1592.5,1672.5,1545.0,1550.0,808400.0
2021-06-10,42510,3105.0,3200.0,3020.0,3040.0,0,0,122200.0,376987000.0,1.0,1552.5,1600.0,1510.0,1520.0,244400.0
2021-06-11,42510,3030.0,3085.0,3010.0,3040.0,0,0,68000.0,206445000.0,1.0,1515.0,1542.5,1505.0,1520.0,136000.0
2021-06-14,42510,3050.0,3065.0,2931.0,3005.0,0,0,99800.0,298893900.0,1.0,1525.0,1532.5,1465.5,1502.5,199600.0
2021-06-15,42510,3030.0,3165.0,3010.0,3145.0,0,0,97400.0,302912000.0,1.0,1515.0,1582.5,1505.0,1572.5,194800.0
2021-06-16,42510,3100.0,3245.0,3100.0,3200.0,0,0,88300.0,281986500.0,1.0,1550.0,1622.5,1550.0,1600.0,176600.0
2021-06-17,42510,3220.0,3365.0,3170.0,3355.0,0,0,156400.0,514320000.0,1.0,1610.0,1682.5,1585.0,1677.5,312800.0
2021-06-18,42510,3400.0,3445.0,3265.0,3320.0,0,0,181600.0,607693000.0,1.0,1700.0,1722.5,1632.5,1660.0,363200.0
2021-06-21,42510,3195.0,3215.0,3125.0,3160.0,0,0,122200.0,387212000.0,1.0,1597.5,1607.5,1562.5,1580.0,244400.0
2021-06-22,42510,3230.0,3345.0,3200.0,3315.0,0,0,77900.0,255985500.0,1.0,1615.0,1672.5,1600.0,1657.5,155800.0
2021-06-23,42510,3345.0,3415.0,3260.0,3290.0,0,0,79700.0,263904500.0,1.0,1672.5,1707.5,1630.0,1645.0,159400.0
2021-06-24,42510,3290.0,3380.0,3245.0,3325.0,0,0,61900.0,206316500.0,1.0,1645.0,1690.0,1622.5,1662.5,123800.0
2021-06-25,42510,3325.0,3330.0,3230.0,3320.0,0,0,66900.0,220108500.0,1.0,1662.5,1665.0,1615.0,1660.0,133800.0
2021-06-28,42510,3320.0,3445.0,3285.0,3370.0,0,0,69200.0,234913500.0,1.0,1660.0,1722.5,1642.5,1685.0,138400.0
2021-06-29,42510,3345.0,3345.0,3245.0,3320.0,0,0,67000.0,220818500.0,1.0,1672.5,1672.5,1622.5,1660.0,134000.0
2021-06-30,42510,3320.0,3345.0,3275.0,3320.0,0,0,34600.0,114535500.0,1.0,1660.0,1672.5,1637.5,1660.0,69200.0
2021-07-01,42510,3305.0,3305.0,3210.0,3220.0,0,0,60300.0,195288000.0,1.0,1652.5,1652.5,1605.0,1610.0,120600.0
2021-07-02,42510,3235.0,3300.0,3170.0,3225.0,0,0,55400.0,178549500.0,1.0,1617.5,1650.0,1585.0,1612.5,110800.0
2021-07-05,42510,3225.0,3255.0,3180.0,3215.0,0,0,23200.0,74805500.0,1.0,1612.5,1627.5,1590.0,1607.5,46400.0
2021-07-06,42510,3215.0,3315.0,3215.0,3255.0,0,0,41700.0,136816500.0,1.0,1607.5,1657.5,1607.5,1627.5,83400.0
2021-07-07,42510,3255.0,3365.0,3210.0,3360.0,0,0,53200.0,176920000.0,1.0,1627.5,1682.5,1605.0,1680.0,106400.0
2021-07-08,42510,3400.0,3505.0,3390.0,3450.0,0,0,99100.0,340785000.0,1.0,1700.0,1752.5,1695.0,1725.0,198200.0
2021-07-09,42510,3380.0,3545.0,3375.0,3505.0,0,0,132000.0,460117500.0,1.0,1690.0,1772.5,1687.5,1752.5,264000.0
2021-07-12,42510,3560.0,3570.0,3395.0,3485.0,0,0,134100.0,464608000.0,1.0,1780.0,1785.0,1697.5,1742.5,268200.0
2021-07-13,42510,3490.0,3675.0,3490.0,3625.0,0,0,144300.0,522786000.0,1.0,1745.0,1837.5,1745.0,1812.5,288600.0
2021-07-14,42510,3600.0,3670.0,3560.0,3645.0,0,0,81600.0,295536500.0,1.0,1800.0,1835.0,1780.0,1822.5,163200.0
2021-07-15,42510,3660.0,3665.0,3495.0,3525.0,0,0,84200.0,299052500.0,1.0,1830.0,1832.5,1747.5,1762.5,168400.0
2021-07-16,42510,3500.0,3660.0,3500.0,3595.0,0,0,72200.0,260198000.0,1.0,1750.0,1830.0,1750.0,1797.5,144400.0
2021-07-19,42510,3535.0,3585.0,3430.0,3460.0,0,0,55800.0,195154500.0,1.0,1767.5,1792.5,1715.0,1730.0,111600.0
2021-07-20,42510,3390.0,3405.0,3235.0,3245.0,0,0,117200.0,387348000.0,1.0,1695.0,1702.5,1617.5,1622.5,234400.0
2021-07-21,42510,3345.0,3430.0,3295.0,3315.0,0,0,93400.0,311866500.0,1.0,1672.5,1715.0,1647.5,1657.5,186800.0
2021-07-26,42510,3350.0,3475.0,3350.0,3440.0,0,0,52900.0,181439000.0,1.0,1675.0,1737.5,1675.0,1720.0,105800.0
2021-07-27,42510,3410.0,3475.0,3400.0,3460.0,0,0,52700.0,181265500.0,1.0,1705.0,1737.5,1700.0,1730.0,105400.0
2021-07-28,42510,3450.0,3525.0,3350.0,3365.0,0,0,69900.0,238105500.0,1.0,1725.0,1762.5,1675.0,1682.5,139800.0
2021-07-29,42510,3365.0,3595.0,3365.0,3520.0,0,0,211200.0,744412500.0,1.0,1682.5,1797.5,1682.5,1760.0,422400.0
2021-07-30,42510,3520.0,3520.0,3405.0,3500.0,0,0,78800.0,272183500.0,1.0,1760.0,1760.0,1702.5,1750.0,157600.0
2021-08-02,42510,3460.0,3560.0,3455.0,3490.0,0,0,37800.0,132281500.0,1.0,1730.0,1780.0,1727.5,1745.0,75600.0
2021-08-03,42510,3490.0,3540.0,3445.0,3450.0,0,0,29800.0,103655500.0,1.0,1745.0,1770.0,1722.5,1725.0,59600.0
2021-08-04,42510,3470.0,3495.0,3350.0,3410.0,0,0,42100.0,143925000.0,1.0,1735.0,1747.5,1675.0,1705.0,84200.0
2021-08-05,42510,3400.0,3425.0,3335.0,3335.0,0,0,37500.0,126151000.0,1.0,1700.0,1712.5,1667.5,1667.5,75000.0
2021-08-06,42510,3375.0,3380.0,3285.0,3345.0,0,0,38300.0,127242500.0,1.0,1687.5,1690.0,1642.5,1672.5,76600.0
2021-08-10,42510,3395.0,3440.0,3320.0,3415.0,0,0,35900.0,122342500.0,1.0,1697.5,1720.0,1660.0,1707.5,71800.0
2021-08-11,42510,3365.0,3435.0,3345.0,3370.0,0,0,29600.0,99861000.0,1.0,1682.5,1717.5,1672.5,1685.0,59200.0
2021-08-12,42510,3385.0,3465.0,3385.0,3405.0,0,0,40600.0,139345500.0,1.0,1692.5,1732.5,1692.5,1702.5,81200.0
2021-08-13,42510,3485.0,3490.0,3350.0,3400.0,0,0,59100.0,200243000.0,1.0,1742.5,1745.0,1675.0,1700.0,118200.0
2021-08-16,42510,3820.0,3950.0,3525.0,3840.0,0,0,500900.0,1902759000.0,1.0,1910.0,1975.0,1762.5,1920.0,1001800.0
2021-08-17,42510,3980.0,4380.0,3960.0,4310.0,0,0,685100.0,2894974000.0,1.0,1990.0,2190.0,1980.0,2155.0,1370200.0
2021-08-18,42510,4270.0,4635.0,4160.0,4600.0,0,0,611800.0,2743299500.0,1.0,2135.0,2317.5,2080.0,2300.0,1223600.0
2021-08-19,42510,4600.0,4700.0,4295.0,4315.0,0,0,522800.0,2317460000.0,1.0,2300.0,2350.0,2147.5,2157.5,1045600.0
2021-08-20,42510,4245.0,4305.0,4070.0,4215.0,0,0,282900.0,1179735500.0,1.0,2122.5,2152.5,2035.0,2107.5,565800.0
2021-08-23,42510,4165.0,4450.0,4145.0,4435.0,0,0,145700.0,636143500.0,1.0,2082.5,2225.0,2072.5,2217.5,291400.0
2021-08-24,42510,4440.0,4625.0,4440.0,4555.0,0,0,131500.0,598981500.0,1.0,2220.0,2312.5,2220.0,2277.5,263000.0
2021-08-25,42510,4615.0,4645.0,4335.0,4370.0,0,0,139400.0,614571000.0,1.0,2307.5,2322.5,2167.5,2185.0,278800.0
2021-08-26,42510,4420.0,4580.0,4420.0,4530.0,0,0,100500.0,455005500.0,1.0,2210.0,2290.0,2210.0,2265.0,201000.0
2021-08-27,42510,4590.0,4845.0,4485.0,4820.0,0,0,262300.0,1239619500.0,1.0,2295.0,2422.5,2242.5,2410.0,524600.0
2021-08-30,42510,4890.0,4925.0,4695.0,4795.0,0,0,205800.0,988127000.0,1.0,2445.0,2462.5,2347.5,2397.5,411600.0
2021-08-31,42510,4805.0,4850.0,4705.0,4785.0,0,0,110600.0,526385500.0,1.0,2402.5,2425.0,2352.5,2392.5,221200.0
2021-09-01,42510,4795.0,4900.0,4735.0,4840.0,0,0,155300.0,749755500.0,1.0,2397.5,2450.0,2367.5,2420.0,310600.0
2021-09-02,42510,4805.0,4870.0,4740.0,4870.0,0,0,98000.0,471453000.0,1.0,2402.5,2435.0,2370.0,2435.0,196000.0
2021-09-03,42510,4895.0,5050.0,4865.0,4960.0,0,0,206600.0,1026406500.0,1.0,2447.5,2525.0,2432.5,2480.0,413200.0
2021-09-06,42510,5050.0,5050.0,4800.0,4825.0,0,0,130000.0,633144500.0,1.0,2525.0,2525.0,2400.0,2412.5,260000.0
2021-09-07,42510,4825.0,4830.0,4610.0,4765.0,0,0,147600.0,695700500.0,1.0,2412.5,2415.0,2305.0,2382.5,295200.0
2021-09-08,42510,4800.0,4810.0,4650.0,4700.0,0,0,79600.0,374748500.0,1.0,2400.0,2405.0,2325.0,2350.0,159200.0
2021-09-09,42510,4650.0,4795.0,4610.0,4710.0,0,0,56000.0,264189000.0,1.0,2325.0,2397.5,2305.0,2355.0,112000.0
2021-09-10,42510,4720.0,5040.0,4705.0,5040.0,0,0,145600.0,719926500.0,1.0,2360.0,2520.0,2352.5,2520.0,291200.0
2021-09-13,42510,5100.0,5200.0,4955.0,4990.0,0,0,103600.0,522217500.0,1.0,2550.0,2600.0,2477.5,2495.0,207200.0
2021-09-14,42510,4920.0,4950.0,4775.0,4850.0,0,0,114500.0,554338000.0,1.0,2460.0,2475.0,2387.5,2425.0,229000.0
2021-09-15,42510,4770.0,4800.0,4710.0,4765.0,0,0,61000.0,290373000.0,1.0,2385.0,2400.0,2355.0,2382.5,122000.0
2021-09-16,42510,4770.0,4845.0,4700.0,4760.0,0,0,41300.0,196803500.0,1.0,2385.0,2422.5,2350.0,2380.0,82600.0
2021-09-17,42510,4725.0,5020.0,4725.0,4980.0,0,0,124600.0,615933000.0,1.0,2362.5,2510.0,2362.5,2490.0,249200.0
2021-09-21,42510,4840.0,5130.0,4830.0,5100.0,0,0,128000.0,644581500.0,1.0,2420.0,2565.0,2415.0,2550.0,256000.0
2021-09-22,42510,5140.0,5140.0,4915.0,5070.0,0,0,91400.0,459672000.0,1.0,2570.0,2570.0,2457.5,2535.0,182800.0
2021-09-24,42510,5150.0,5250.0,5140.0,5200.0,0,0,104100.0,540307000.0,1.0,2575.0,2625.0,2570.0,2600.0,208200.0
2021-09-27,42510,5190.0,5260.0,5030.0,5150.0,0,0,73200.0,377755000.0,1.0,2595.0,2630.0,2515.0,2575.0,146400.0
2021-09-28,42510,5150.0,5150.0,5000.0,5050.0,0,0,58000.0,293236000.0,1.0,2575.0,2575.0,2500.0,2525.0,116000.0
2021-09-29,42510,4975.0,5170.0,4955.0,5120.0,0,0,82700.0,420086500.0,1.0,2487.5,2585.0,2477.5,2560.0,165400.0
2021-09-30,42510,5140.0,5190.0,4975.0,5170.0,0,0,80000.0,407897500.0,1.0,2570.0,2595.0,2487.5,2585.0,160000.0
2021-10-01,42510,5070.0,5100.0,4850.0,4910.0,0,0,131500.0,649271000.0,1.0,2535.0,2550.0,2425.0,2455.0,263000.0
2021-10-04,42510,4910.0,4935.0,4520.0,4530.0,0,0,147000.0,680463000.0,1.0,2455.0,2467.5,2260.0,2265.0,294000.0
2021-10-05,42510,4485.0,4550.0,4350.0,4500.0,0,0,121000.0,539263000.0,1.0,2242.5,2275.0,2175.0,2250.0,242000.0
2021-10-06,42510,4570.0,4735.0,4435.0,4515.0,0,0,90800.0,414515000.0,1.0,2285.0,2367.5,2217.5,2257.5,181600.0
2021-10-07,42510,4515.0,4635.0,4495.0,4525.0,0,0,48300.0,220602500.0,1.0,2257.5,2317.5,2247.5,2262.5,96600.0
2021-10-08,42510,4625.0,4710.0,4575.0,4620.0,0,0,78000.0,363033500.0,1.0,2312.5,2355.0,2287.5,2310.0,156000.0
2021-10-11,42510,4550.0,4610.0,4460.0,4600.0,0,0,34700.0,158347500.0,1.0,2275.0,2305.0,2230.0,2300.0,69400.0
2021-10-12,42510,4530.0,4575.0,4475.0,4495.0,0,0,39800.0,179149500.0,1.0,2265.0,2287.5,2237.5,2247.5,79600.0
2021-10-13,42510,4390.0,4395.0,4160.0,4200.0,0,0,138300.0,585848000.0,1.0,2195.0,2197.5,2080.0,2100.0,276600.0
2021-10-14,42510,4200.0,4300.0,4200.0,4280.0,0,0,72000.0,306554500.0,1.0,2100.0,2150.0,2100.0,2140.0,144000.0
2021-10-15,42510,4345.0,4500.0,4320.0,4500.0,0,0,71700.0,318959000.0,1.0,2172.5,2250.0,2160.0,2250.0,143400.0
2021-10-18,42510,4595.0,4730.0,4500.0,4725.0,0,0,95700.0,445010000.0,1.0,2297.5,2365.0,2250.0,2362.5,191400.0
2021-10-19,42510,4810.0,4890.0,4770.0,4855.0,0,0,71100.0,343026000.0,1.0,2405.0,2445.0,2385.0,2427.5,142200.0
2021-10-20,42510,4900.0,4900.0,4620.0,4625.0,0,0,89400.0,419444000.0,1.0,2450.0,2450.0,2310.0,2312.5,178800.0
2021-10-21,42510,4625.0,4640.0,4450.0,4455.0,0,0,73700.0,334077500.0,1.0,2312.5,2320.0,2225.0,2227.5,147400.0
2021-10-22,42510,4385.0,4560.0,4380.0,4500.0,0,0,39800.0,178556000.0,1.0,2192.5,2280.0,2190.0,2250.0,79600.0
2021-10-25,42510,4460.0,4555.0,4400.0,4545.0,0,0,24800.0,111684000.0,1.0,2230.0,2277.5,2200.0,2272.5,49600.0
2021-10-26,42510,4595.0,4715.0,4575.0,4680.0,0,0,27300.0,127564500.0,1.0,2297.5,2357.5,2287.5,2340.0,54600.0
2021-10-27,42510,4685.0,4810.0,4620.0,4620.0,0,0,41600.0,195751500.0,1.0,2342.5,2405.0,2310.0,2310.0,83200.0
2021-10-28,42510,4560.0,4685.0,4560.0,4675.0,0,0,28200.0,130635000.0,1.0,2280.0,2342.5,2280.0,2337.5,56400.0
2021-10-29,42510,4645.0,4715.0,4640.0,4710.0,0,0,24400.0,114438500.0,1.0,2322.5,2357.5,2320.0,2355.0,48800.0
2021-11-01,42510,4760.0,4820.0,4690.0,4775.0,0,0,36900.0,175840500.0,1.0,2380.0,2410.0,2345.0,2387.5,73800.0
2021-11-02,42510,4845.0,5260.0,4845.0,4940.0,0,0,221700.0,1128243000.0,1.0,2422.5,2630.0,2422.5,2470.0,443400.0
2021-11-04,42510,5000.0,5090.0,4870.0,5030.0,0,0,62400.0,310813000.0,1.0,2500.0,2545.0,2435.0,2515.0,124800.0
2021-11-05,42510,5050.0,5190.0,4985.0,5100.0,0,0,50800.0,258720500.0,1.0,2525.0,2595.0,2492.5,2550.0,101600.0
2021-11-08,42510,5160.0,5270.0,5070.0,5200.0,0,0,79500.0,412558000.0,1.0,2580.0,2635.0,2535.0,2600.0,159000.0
2021-11-09,42510,5220.0,5240.0,4975.0,4990.0,0,0,64900.0,328195000.0,1.0,2610.0,2620.0,2487.5,2495.0,129800.0
2021-11-10,42510,4980.0,5050.0,4945.0,5010.0,0,0,24400.0,122320500.0,1.0,2490.0,2525.0,2472.5,2505.0,48800.0
2021-11-11,42510,4970.0,5070.0,4890.0,4930.0,0,0,44300.0,219174500.0,1.0,2485.0,2535.0,2445.0,2465.0,88600.0
2021-11-12,42510,5000.0,5110.0,4905.0,5070.0,0,0,73900.0,373457000.0,1.0,2500.0,2555.0,2452.5,2535.0,147800.0
2021-11-15,42510,5570.0,6070.0,5570.0,6060.0,1,0,352500.0,2084963000.0,1.0,2785.0,3035.0,2785.0,3030.0,705000.0
2021-11-16,42510,6240.0,6550.0,6140.0,6460.0,0,0,236000.0,1507840000.0,1.0,3120.0,3275.0,3070.0,3230.0,472000.0
2021-11-17,42510,6460.0,6540.0,6360.0,6470.0,0,0,101500.0,654622000.0,1.0,3230.0,3270.0,3180.0,3235.0,203000.0
2021-11-18,42510,6440.0,6440.0,6290.0,6400.0,0,0,55100.0,350306000.0,1.0,3220.0,3220.0,3145.0,3200.0,110200.0
2021-11-19,42510,6500.0,6740.0,6410.0,6560.0,0,0,75600.0,496591000.0,1.0,3250.0,3370.0,3205.0,3280.0,151200.0
2021-11-22,42510,6480.0,6570.0,6430.0,6440.0,0,0,36800.0,238528000.0,1.0,3240.0,3285.0,3215.0,3220.0,73600.0
2021-11-24,42510,6360.0,6380.0,6070.0,6140.0,0,0,72400.0,447505000.0,1.0,3180.0,3190.0,3035.0,3070.0,144800.0
2021-11-25,42510,6290.0,6320.0,6070.0,6090.0,0,0,40900.0,251379000.0,1.0,3145.0,3160.0,3035.0,3045.0,81800.0
2021-11-26,42510,6090.0,6090.0,5890.0,6010.0,0,0,62500.0,372470000.0,1.0,3045.0,3045.0,2945.0,3005.0,125000.0
2021-11-29,42510,6210.0,6350.0,5620.0,5690.0,0,0,141800.0,831551000.0,1.0,3105.0,3175.0,2810.0,2845.0,283600.0
2021-11-30,42510,5980.0,6280.0,5930.0,6130.0,0,0,132300.0,808833000.0,1.0,2990.0,3140.0,2965.0,3065.0,264600.0
2021-12-01,42510,6000.0,6200.0,5800.0,6070.0,0,0,69800.0,421595000.0,1.0,3000.0,3100.0,2900.0,3035.0,139600.0
2021-12-02,42510,6010.0,6080.0,5850.0,5920.0,0,0,65800.0,390092000.0,1.0,3005.0,3040.0,2925.0,2960.0,131600.0
2021-12-03,42510,6000.0,6050.0,5800.0,6020.0,0,0,49100.0,292187000.0,1.0,3000.0,3025.0,2900.0,3010.0,98200.0
2021-12-06,42510,6000.0,6000.0,5630.0,5740.0,0,0,57300.0,330798000.0,1.0,3000.0,3000.0,2815.0,2870.0,114600.0
2021-12-07,42510,5790.0,5860.0,5610.0,5850.0,0,0,99300.0,571879000.0,1.0,2895.0,2930.0,2805.0,2925.0,198600.0
2021-12-08,42510,6010.0,6290.0,6010.0,6130.0,0,0,70900.0,434005000.0,1.0,3005.0,3145.0,3005.0,3065.0,141800.0
2021-12-09,42510,6090.0,6090.0,5840.0,5880.0,0,0,65800.0,389562000.0,1.0,3045.0,3045.0,2920.0,2940.0,131600.0
2021-12-10,42510,5780.0,5810.0,5570.0,5620.0,0,0,60500.0,343516000.0,1.0,2890.0,2905.0,2785.0,2810.0,121000.0
2021-12-13,42510,5630.0,5770.0,5620.0,5680.0,0,0,65900.0,375027000.0,1.0,2815.0,2885.0,2810.0,2840.0,131800.0
2021-12-14,42510,5480.0,5520.0,5350.0,5440.0,0,0,99600.0,542629000.0,1.0,2740.0,2760.0,2675.0,2720.0,199200.0
2021-12-15,42510,5350.0,5370.0,5210.0,5260.0,0,0,65900.0,347303000.0,1.0,2675.0,2685.0,2605.0,2630.0,131800.0
2021-12-16,42510,5460.0,5550.0,5400.0,5480.0,0,0,65800.0,360764000.0,1.0,2730.0,2775.0,2700.0,2740.0,131600.0
2021-12-17,42510,5360.0,5370.0,5250.0,5260.0,0,0,52200.0,276835000.0,1.0,2680.0,2685.0,2625.0,2630.0,104400.0
2021-12-20,42510,5200.0,5260.0,5110.0,5110.0,0,0,65200.0,337513000.0,1.0,2600.0,2630.0,2555.0,2555.0,130400.0
2021-12-21,42510,5190.0,5190.0,5010.0,5100.0,0,0,56100.0,285018000.0,1.0,2595.0,2595.0,2505.0,2550.0,112200.0
2021-12-22,42510,5090.0,5370.0,5040.0,5350.0,0,0,76500.0,401638000.0,1.0,2545.0,2685.0,2520.0,2675.0,153000.0
2021-12-23,42510,5550.0,5630.0,5430.0,5500.0,0,0,108100.0,596870000.0,1.0,2775.0,2815.0,2715.0,2750.0,216200.0
2021-12-24,42510,5580.0,5670.0,5550.0,5600.0,0,0,113000.0,635581000.0,1.0,2790.0,2835.0,2775.0,2800.0,226000.0
2021-12-27,42510,5610.0,5620.0,5350.0,5360.0,0,0,57500.0,311903000.0,1.0,2805.0,2810.0,2675.0,2680.0,115000.0
2021-12-28,42510,5510.0,5750.0,5440.0,5650.0,0,0,145200.0,822212000.0,1.0,2755.0,2875.0,2720.0,2825.0,290400.0
2021-12-29,42510,5700.0,5720.0,5510.0,5590.0,0,0,58600.0,328212000.0,1.0,2850.0,2860.0,2755.0,2795.0,117200.0
2021-12-30,42510,5620.0,6040.0,5520.0,6040.0,0,0,199000.0,1164965000.0,1.0,2810.0,3020.0,2760.0,3020.0,398000.0
2022-01-04,42510,6100.0,6120.0,5800.0,5920.0,0,0,154200.0,915360000.0,1.0,3050.0,3060.0,2900.0,2960.0,308400.0
2022-01-05,42510,5910.0,5910.0,5740.0,5740.0,0,0,61600.0,356960000.0,1.0,2955.0,2955.0,2870.0,2870.0,123200.0
2022-01-06,42510,5740.0,5980.0,5640.0,5850.0,0,0,156700.0,914120000.0,1.0,2870.0,2990.0,2820.0,2925.0,313400.0
2022-01-07,42510,5900.0,6150.0,5770.0,5810.0,0,0,225800.0,1346232000.0,1.0,2950.0,3075.0,2885.0,2905.0,451600.0
2022-01-11,42510,5830.0,6000.0,5770.0,5980.0,0,0,90500.0,535362000.0,1.0,2915.0,3000.0,2885.0,2990.0,181000.0
2022-01-12,42510,6040.0,6220.0,6020.0,6190.0,0,0,200400.0,1234228000.0,1.0,3020.0,3110.0,3010.0,3095.0,400800.0
2022-01-13,42510,6220.0,6300.0,6090.0,6150.0,0,0,111800.0,690083000.0,1.0,3110.0,3150.0,3045.0,3075.0,223600.0
2022-01-14,42510,6090.0,6180.0,6020.0,6100.0,0,0,74000.0,451170000.0,1.0,3045.0,3090.0,3010.0,3050.0,148000.0
2022-01-17,42510,6160.0,6240.0,5900.0,5940.0,0,0,70300.0,423543000.0,1.0,3080.0,3120.0,2950.0,2970.0,140600.0
2022-01-18,42510,5920.0,6180.0,5810.0,5940.0,0,0,106000.0,637773000.0,1.0,2960.0,3090.0,2905.0,2970.0,212000.0
2022-01-19,42510,5850.0,6030.0,5650.0,5660.0,0,0,124400.0,722975000.0,1.0,2925.0,3015.0,2825.0,2830.0,248800.0
2022-01-20,42510,5560.0,5710.0,5340.0,5710.0,0,0,116200.0,642591000.0,1.0,2780.0,2855.0,2670.0,2855.0,232400.0
2022-01-21,42510,5570.0,5620.0,5400.0,5610.0,0,0,105200.0,579325000.0,1.0,2785.0,2810.0,2700.0,2805.0,210400.0
2022-01-24,42510,5500.0,5640.0,5400.0,5600.0,0,0,54000.0,297818000.0,1.0,2750.0,2820.0,2700.0,2800.0,108000.0
2022-01-25,42510,5610.0,5620.0,5180.0,5200.0,0,0,97100.0,518788000.0,1.0,2805.0,2810.0,2590.0,2600.0,194200.0
2022-01-26,42510,5200.0,5400.0,5160.0,5310.0,0,0,83600.0,441526000.0,1.0,2600.0,2700.0,2580.0,2655.0,167200.0
2022-01-27,42510,5340.0,5370.0,4850.0,4915.0,0,0,122300.0,614288000.0,1.0,2670.0,2685.0,2425.0,2457.5,244600.0
2022-01-28,42510,4995.0,5070.0,4755.0,4945.0,0,0,113400.0,556600000.0,1.0,2497.5,2535.0,2377.5,2472.5,226800.0
2022-01-31,42510,5000.0,5370.0,4970.0,5360.0,0,0,117300.0,616433000.0,1.0,2500.0,2685.0,2485.0,2680.0,234600.0
2022-02-01,42510,5410.0,5470.0,5110.0,5120.0,0,0,79100.0,414424000.0,1.0,2705.0,2735.0,2555.0,2560.0,158200.0
2022-02-02,42510,5220.0,5350.0,5160.0,5340.0,0,0,52700.0,278562000.0,1.0,2610.0,2675.0,2580.0,2670.0,105400.0
2022-02-03,42510,5240.0,5430.0,5190.0,5380.0,0,0,70000.0,373637000.0,1.0,2620.0,2715.0,2595.0,2690.0,140000.0
2022-02-04,42510,5330.0,5470.0,5280.0,5430.0,0,0,40200.0,216755000.0,1.0,2665.0,2735.0,2640.0,2715.0,80400.0
2022-02-07,42510,5430.0,5430.0,5120.0,5140.0,0,0,71400.0,369880000.0,1.0,2715.0,2715.0,2560.0,2570.0,142800.0
2022-02-08,42510,5050.0,5160.0,5010.0,5080.0,0,0,46300.0,235628000.0,1.0,2525.0,2580.0,2505.0,2540.0,92600.0
2022-02-09,42510,5150.0,5190.0,5030.0,5120.0,0,0,57300.0,293613000.0,1.0,2575.0,2595.0,2515.0,2560.0,114600.0
2022-02-10,42510,5200.0,5290.0,5050.0,5230.0,0,0,58200.0,300272000.0,1.0,2600.0,2645.0,2525.0,2615.0,116400.0
2022-02-14,42510,5040.0,5080.0,4910.0,4960.0,0,0,96600.0,480234000.0,1.0,2520.0,2540.0,2455.0,2480.0,193200.0
2022-02-15,42510,4680.0,4705.0,4280.0,4510.0,0,0,215500.0,977423500.0,1.0,2340.0,2352.5,2140.0,2255.0,431000.0
2022-02-16,42510,4750.0,4915.0,4710.0,4785.0,0,0,99900.0,477571000.0,1.0,2375.0,2457.5,2355.0,2392.5,199800.0
2022-02-17,42510,4785.0,4830.0,4535.0,4595.0,0,0,88100.0,408957000.0,1.0,2392.5,2415.0,2267.5,2297.5,176200.0
2022-02-18,42510,4455.0,4595.0,4415.0,4520.0,0,0,75200.0,339706500.0,1.0,2227.5,2297.5,2207.5,2260.0,150400.0
2022-02-21,42510,4420.0,4485.0,4330.0,4435.0,0,0,98200.0,433942500.0,1.0,2210.0,2242.5,2165.0,2217.5,196400.0
2022-02-22,42510,4305.0,4400.0,4290.0,4310.0,0,0,83700.0,362146000.0,1.0,2152.5,2200.0,2145.0,2155.0,167400.0
2022-02-24,42510,4190.0,4335.0,4180.0,4240.0,0,0,89400.0,379115000.0,1.0,2095.0,2167.5,2090.0,2120.0,178800.0
2022-02-25,42510,4365.0,4435.0,4225.0,4425.0,0,0,65600.0,286605000.0,1.0,2182.5,2217.5,2112.5,2212.5,131200.0
2022-02-28,42510,4455.0,4635.0,4415.0,4610.0,0,0,68600.0,311993000.0,1.0,2227.5,2317.5,2207.5,2305.0,137200.0
2022-03-01,42510,4620.0,4730.0,4530.0,4730.0,0,0,91800.0,428048000.0,1.0,2310.0,2365.0,2265.0,2365.0,183600.0
2022-03-02,42510,4605.0,4645.0,4410.0,4500.0,0,0,89700.0,402428000.0,1.0,2302.5,2322.5,2205.0,2250.0,179400.0
2022-03-03,42510,4635.0,4635.0,4410.0,4550.0,0,0,54000.0,244471000.0,1.0,2317.5,2317.5,2205.0,2275.0,108000.0
2022-03-04,42510,4480.0,4550.0,4270.0,4385.0,0,0,105400.0,459879500.0,1.0,2240.0,2275.0,2135.0,2192.5,210800.0
2022-03-07,42510,4200.0,4230.0,4035.0,4120.0,0,0,74400.0,306781500.0,1.0,2100.0,2115.0,2017.5,2060.0,148800.0
2022-03-08,42510,3885.0,4130.0,3885.0,4025.0,0,0,92400.0,371013500.0,1.0,1942.5,2065.0,1942.5,2012.5,184800.0
2022-03-09,42510,4095.0,4095.0,3910.0,3925.0,0,0,61000.0,241955000.0,1.0,2047.5,2047.5,1955.0,1962.5,122000.0
2022-03-10,42510,4135.0,4135.0,4050.0,4105.0,0,0,70500.0,288187000.0,1.0,2067.5,2067.5,2025.0,2052.5,141000.0
2022-03-11,42510,4035.0,4090.0,3945.0,4050.0,0,0,44400.0,178315000.0,1.0,2017.5,2045.0,1972.5,2025.0,88800.0
2022-03-14,42510,3980.0,4100.0,3890.0,3905.0,0,0,55800.0,219817000.0,1.0,1990.0,2050.0,1945.0,1952.5,111600.0
2022-03-15,42510,3855.0,3910.0,3785.0,3850.0,0,0,52000.0,200361000.0,1.0,1927.5,1955.0,1892.5,1925.0,104000.0
2022-03-16,42510,3905.0,3925.0,3805.0,3885.0,0,0,52700.0,203900000.0,1.0,1952.5,1962.5,1902.5,1942.5,105400.0
2022-03-17,42510,4030.0,4240.0,3990.0,4235.0,0,0,76500.0,317944000.0,1.0,2015.0,2120.0,1995.0,2117.5,153000.0
2022-03-18,42510,4205.0,4470.0,4205.0,4450.0,0,0,89000.0,390273500.0,1.0,2102.5,2235.0,2102.5,2225.0,178000.0
2022-03-22,42510,4580.0,4580.0,4440.0,4475.0,0,0,48300.0,217061000.0,1.0,2290.0,2290.0,2220.0,2237.5,96600.0
2022-03-23,42510,4580.0,4745.0,4555.0,4705.0,0,0,96100.0,449114500.0,1.0,2290.0,2372.5,2277.5,2352.5,192200.0
2022-03-24,42510,4665.0,4840.0,4620.0,4835.0,0,0,66100.0,314260500.0,1.0,2332.5,2420.0,2310.0,2417.5,132200.0
2022-03-25,42510,4950.0,5040.0,4885.0,4975.0,0,0,135300.0,673234500.0,1.0,2475.0,2520.0,2442.5,2487.5,270600.0
2022-03-28,42510,5030.0,5030.0,4900.0,4940.0,0,0,60800.0,301974500.0,1.0,2515.0,2515.0,2450.0,2470.0,121600.0
2022-03-29,42510,5010.0,5200.0,5010.0,5200.0,0,0,73600.0,377497000.0,1.0,2505.0,2600.0,2505.0,2600.0,147200.0
2022-03-30,42510,5300.0,5370.0,5200.0,5360.0,0,0,85800.0,454952000.0,1.0,2650.0,2685.0,2600.0,2680.0,171600.0
2022-03-31,42510,5280.0,5350.0,5190.0,5310.0,0,0,76100.0,402795000.0,1.0,2640.0,2675.0,2595.0,2655.0,152200.0
2022-04-01,42510,5280.0,5420.0,5140.0,5380.0,0,0,91000.0,484832000.0,1.0,2640.0,2710.0,2570.0,2690.0,182000.0
2022-04-04,42510,5430.0,5590.0,5400.0,5540.0,0,0,76300.0,419842000.0,1.0,2715.0,2795.0,2700.0,2770.0,152600.0
2022-04-05,42510,5600.0,5600.0,5360.0,5430.0,0,0,77600.0,423306000.0,1.0,2800.0,2800.0,2680.0,2715.0,155200.0
2022-04-06,42510,5310.0,5310.0,5200.0,5210.0,0,0,65800.0,344592000.0,1.0,2655.0,2655.0,2600.0,2605.0,131600.0
2022-04-07,42510,5080.0,5090.0,4960.0,4965.0,0,0,83300.0,417303500.0,1.0,2540.0,2545.0,2480.0,2482.5,166600.0
2022-04-08,42510,5010.0,5130.0,4855.0,4960.0,0,0,88400.0,437510000.0,1.0,2505.0,2565.0,2427.5,2480.0,176800.0
2022-04-11,42510,4890.0,5060.0,4830.0,4900.0,0,0,49500.0,243769000.0,1.0,2445.0,2530.0,2415.0,2450.0,99000.0
2022-04-12,42510,4855.0,5070.0,4855.0,4965.0,0,0,51100.0,255197000.0,1.0,2427.5,2535.0,2427.5,2482.5,102200.0
2022-04-13,42510,4970.0,5300.0,4970.0,5300.0,0,0,63700.0,330260000.0,1.0,2485.0,2650.0,2485.0,2650.0,127400.0
2022-04-14,42510,5290.0,5350.0,5180.0,5200.0,0,0,72100.0,377307000.0,1.0,2645.0,2675.0,2590.0,2600.0,144200.0
2022-04-15,42510,5060.0,5140.0,5030.0,5100.0,0,0,35400.0,179587000.0,1.0,2530.0,2570.0,2515.0,2550.0,70800.0
2022-04-18,42510,5020.0,5080.0,4855.0,4940.0,0,0,50200.0,247340500.0,1.0,2510.0,2540.0,2427.5,2470.0,100400.0
2022-04-19,42510,5000.0,5200.0,4995.0,5170.0,0,0,33300.0,170043000.0,1.0,2500.0,2600.0,2497.5,2585.0,66600.0
2022-04-20,42510,5230.0,5290.0,4955.0,4965.0,0,0,52600.0,266046000.0,1.0,2615.0,2645.0,2477.5,2482.5,105200.0
2022-04-21,42510,4965.0,5160.0,4935.0,5090.0,0,0,37300.0,189400000.0,1.0,2482.5,2580.0,2467.5,2545.0,74600.0
2022-04-22,42510,4990.0,5020.0,4870.0,4875.0,0,0,55100.0,270313500.0,1.0,2495.0,2510.0,2435.0,2437.5,110200.0
2022-04-25,42510,4665.0,4765.0,4635.0,4680.0,0,0,67600.0,317006500.0,1.0,2332.5,2382.5,2317.5,2340.0,135200.0
2022-04-26,42510,4820.0,4845.0,4705.0,4800.0,0,0,37400.0,179292500.0,1.0,2410.0,2422.5,2352.5,2400.0,74800.0
2022-04-27,42510,4615.0,4730.0,4500.0,4725.0,0,0,128500.0,595788500.0,1.0,2307.5,2365.0,2250.0,2362.5,257000.0
2022-04-28,42510,4690.0,4825.0,4580.0,4825.0,0,0,84000.0,398001500.0,1.0,2345.0,2412.5,2290.0,2412.5,168000.0
2022-05-02,42510,4820.0,4870.0,4615.0,4710.0,0,0,73600.0,347267000.0,1.0,2410.0,2435.0,2307.5,2355.0,147200.0
2022-05-06,42510,4755.0,4755.0,4595.0,4600.0,0,0,41100.0,190521000.0,1.0,2377.5,2377.5,2297.5,2300.0,82200.0
2022-05-09,42510,4590.0,4605.0,4460.0,4485.0,0,0,40500.0,182192500.0,1.0,2295.0,2302.5,2230.0,2242.5,81000.0
2022-05-10,42510,4385.0,4415.0,4225.0,4340.0,0,0,53700.0,231240500.0,1.0,2192.5,2207.5,2112.5,2170.0,107400.0
2022-05-11,42510,4410.0,4630.0,4350.0,4615.0,0,0,71400.0,324136000.0,1.0,2205.0,2315.0,2175.0,2307.5,142800.0
2022-05-12,42510,4545.0,4715.0,4475.0,4645.0,0,0,80000.0,371935000.0,1.0,2272.5,2357.5,2237.5,2322.5,160000.0
2022-05-13,42510,4735.0,4955.0,4700.0,4910.0,0,0,172400.0,841077500.0,1.0,2367.5,2477.5,2350.0,2455.0,344800.0
2022-05-16,42510,5610.0,5610.0,5010.0,5080.0,1,0,315000.0,1647358000.0,1.0,2805.0,2805.0,2505.0,2540.0,630000.0
2022-05-17,42510,5050.0,5420.0,4955.0,5230.0,0,0,186100.0,974635500.0,1.0,2525.0,2710.0,2477.5,2615.0,372200.0
2022-05-18,42510,5230.0,5420.0,5120.0,5210.0,0,0,115500.0,606567000.0,1.0,2615.0,2710.0,2560.0,2605.0,231000.0
2022-05-19,42510,5010.0,5110.0,4985.0,5000.0,0,0,87900.0,442967500.0,1.0,2505.0,2555.0,2492.5,2500.0,175800.0
2022-05-20,42510,5010.0,5050.0,4860.0,4940.0,0,0,81100.0,400977500.0,1.0,2505.0,2525.0,2430.0,2470.0,162200.0
2022-05-23,42510,5040.0,5150.0,4965.0,4990.0,0,0,53200.0,267927500.0,1.0,2520.0,2575.0,2482.5,2495.0,106400.0
2022-05-24,42510,4930.0,5050.0,4910.0,4915.0,0,0,68600.0,340104000.0,1.0,2465.0,2525.0,2455.0,2457.5,137200.0
2022-05-25,42510,4865.0,4865.0,4670.0,4670.0,0,0,129800.0,613569000.0,1.0,2432.5,2432.5,2335.0,2335.0,259600.0
2022-05-26,42510,4670.0,4710.0,4515.0,4665.0,0,0,100500.0,464646500.0,1.0,2335.0,2355.0,2257.5,2332.5,201000.0
2022-05-27,42510,4650.0,4710.0,4510.0,4540.0,0,0,128500.0,585331500.0,1.0,2325.0,2355.0,2255.0,2270.0,257000.0
2022-05-30,42510,4600.0,4755.0,4535.0,4735.0,0,0,130000.0,607637000.0,1.0,2300.0,2377.5,2267.5,2367.5,260000.0
2022-05-31,42510,4700.0,4735.0,4580.0,4725.0,0,0,91000.0,425402500.0,1.0,2350.0,2367.5,2290.0,2362.5,182000.0
2022-06-01,42510,4725.0,4730.0,4615.0,4640.0,0,0,48400.0,225334000.0,1.0,2362.5,2365.0,2307.5,2320.0,96800.0
2022-06-02,42510,4570.0,4570.0,4415.0,4480.0,0,0,98900.0,442541000.0,1.0,2285.0,2285.0,2207.5,2240.0,197800.0
2022-06-03,42510,4505.0,4580.0,4500.0,4550.0,0,0,75800.0,344798500.0,1.0,2252.5,2290.0,2250.0,2275.0,151600.0
2022-06-06,42510,4500.0,4545.0,4445.0,4460.0,0,0,75000.0,336585000.0,1.0,2250.0,2272.5,2222.5,2230.0,150000.0
2022-06-07,42510,4500.0,4520.0,4300.0,4315.0,0,0,127800.0,560411000.0,1.0,2250.0,2260.0,2150.0,2157.5,255600.0
2022-06-08,42510,4330.0,4520.0,4200.0,4510.0,0,0,212800.0,934381500.0,1.0,2165.0,2260.0,2100.0,2255.0,425600.0
2022-06-09,42510,4470.0,4675.0,4405.0,4615.0,0,0,107900.0,496825500.0,1.0,2235.0,2337.5,2202.5,2307.5,215800.0
2022-06-10,42510,4530.0,4530.0,4315.0,4350.0,0,0,118000.0,516620500.0,1.0,2265.0,2265.0,2157.5,2175.0,236000.0
2022-06-13,42510,4250.0,4310.0,4050.0,4095.0,0,0,148800.0,617592000.0,1.0,2125.0,2155.0,2025.0,2047.5,297600.0
2022-06-14,42510,4050.0,4185.0,4030.0,4135.0,0,0,124200.0,509177000.0,1.0,2025.0,2092.5,2015.0,2067.5,248400.0
2022-06-15,42510,4115.0,4135.0,3990.0,4005.0,0,0,92100.0,371926500.0,1.0,2057.5,2067.5,1995.0,2002.5,184200.0
2022-06-16,42510,4120.0,4125.0,3920.0,3930.0,0,0,73300.0,292327500.0,1.0,2060.0,2062.5,1960.0,1965.0,146600.0
2022-06-17,42510,3775.0,3780.0,3670.0,3715.0,0,0,102400.0,381310500.0,1.0,1887.5,1890.0,1835.0,1857.5,204800.0
2022-06-20,42510,3785.0,3830.0,3480.0,3605.0,0,0,112100.0,403314500.0,1.0,1892.5,1915.0,1740.0,1802.5,224200.0
2022-06-21,42510,3730.0,3805.0,3670.0,3775.0,0,0,61600.0,231505000.0,1.0,1865.0,1902.5,1835.0,1887.5,123200.0
2022-06-22,42510,3715.0,3765.0,3605.0,3660.0,0,0,73500.0,269315000.0,1.0,1857.5,1882.5,1802.5,1830.0,147000.0
2022-06-23,42510,3630.0,3765.0,3610.0,3655.0,0,0,61000.0,224594000.0,1.0,1815.0,1882.5,1805.0,1827.5,122000.0
2022-06-24,42510,3690.0,3745.0,3660.0,3745.0,0,0,42800.0,158992500.0,1.0,1845.0,1872.5,1830.0,1872.5,85600.0
2022-06-27,42510,3885.0,3900.0,3780.0,3830.0,0,0,67500.0,258280500.0,1.0,1942.5,1950.0,1890.0,1915.0,135000.0
2022-06-28,42510,3870.0,3880.0,3790.0,3880.0,0,0,48300.0,185799500.0,1.0,1935.0,1940.0,1895.0,1940.0,96600.0
2022-06-29,42510,3800.0,3835.0,3705.0,3825.0,0,0,80800.0,305588000.0,1.0,1900.0,1917.5,1852.5,1912.5,161600.0
2022-06-30,42510,3780.0,3780.0,3605.0,3645.0,0,0,123300.0,449541000.0,1.0,1890.0,1890.0,1802.5,1822.5,246600.0
2022-07-01,42510,3615.0,3630.0,3395.0,3400.0,0,0,95900.0,332686500.0,1.0,1807.5,1815.0,1697.5,1700.0,191800.0
2022-07-04,42510,3425.0,3475.0,3320.0,3380.0,0,0,64700.0,218886000.0,1.0,1712.5,1737.5,1660.0,1690.0,129400.0
2022-07-05,42510,3450.0,3490.0,3380.0,3410.0,0,0,80100.0,274245000.0,1.0,1725.0,1745.0,1690.0,1705.0,160200.0
2022-07-06,42510,3405.0,3405.0,3270.0,3270.0,0,0,98800.0,326126000.0,1.0,1702.5,1702.5,1635.0,1635.0,197600.0
2022-07-07,42510,3270.0,3350.0,3200.0,3350.0,0,0,100000.0,329078000.0,1.0,1635.0,1675.0,1600.0,1675.0,200000.0
2022-07-08,42510,3455.0,3495.0,3365.0,3390.0,0,0,74500.0,255086000.0,1.0,1727.5,1747.5,1682.5,1695.0,149000.0
2022-07-11,42510,3480.0,3540.0,3395.0,3400.0,0,0,70000.0,241457500.0,1.0,1740.0,1770.0,1697.5,1700.0,140000.0
2022-07-12,42510,3365.0,3365.0,3195.0,3195.0,0,0,95500.0,308774000.0,1.0,1682.5,1682.5,1597.5,1597.5,191000.0
2022-07-13,42510,3230.0,3240.0,3095.0,3115.0,0,0,134000.0,420916500.0,1.0,1615.0,1620.0,1547.5,1557.5,268000.0
2022-07-14,42510,3085.0,3285.0,3070.0,3255.0,0,0,124200.0,398762500.0,1.0,1542.5,1642.5,1535.0,1627.5,248400.0
2022-07-15,42510,3250.0,3310.0,3175.0,3280.0,0,0,85100.0,275954000.0,1.0,1625.0,1655.0,1587.5,1640.0,170200.0
2022-07-19,42510,3300.0,3335.0,3260.0,3295.0,0,0,38000.0,125142000.0,1.0,1650.0,1667.5,1630.0,1647.5,76000.0
2022-07-20,42510,3430.0,3530.0,3400.0,3480.0,0,0,83500.0,290534500.0,1.0,1715.0,1765.0,1700.0,1740.0,167000.0
2022-07-21,42510,3450.0,3570.0,3440.0,3570.0,0,0,73700.0,259637000.0,1.0,1725.0,1785.0,1720.0,1785.0,147400.0
2022-07-22,42510,3585.0,3610.0,3530.0,3595.0,0,0,51300.0,183664500.0,1.0,1792.5,1805.0,1765.0,1797.5,102600.0
2022-07-25,42510,3575.0,3575.0,3465.0,3525.0,0,0,45800.0,160815500.0,1.0,1787.5,1787.5,1732.5,1762.5,91600.0
2022-07-26,42510,3510.0,3630.0,3510.0,3610.0,0,0,54200.0,194465000.0,1.0,1755.0,1815.0,1755.0,1805.0,108400.0
2022-07-27,42510,3550.0,3700.0,3515.0,3690.0,0,0,75700.0,274687000.0,1.0,1775.0,1850.0,1757.5,1845.0,151400.0
2022-07-28,42510,3750.0,3765.0,3635.0,3700.0,0,0,93300.0,344454500.0,1.0,1875.0,1882.5,1817.5,1850.0,186600.0
2022-07-29,42510,3735.0,3735.0,3580.0,3620.0,0,0,84300.0,306226000.0,1.0,1867.5,1867.5,1790.0,1810.0,168600.0
2022-08-01,42510,3620.0,3745.0,3595.0,3700.0,0,0,55200.0,204239000.0,1.0,1810.0,1872.5,1797.5,1850.0,110400.0
2022-08-02,42510,3630.0,3650.0,3505.0,3540.0,0,0,123100.0,439002000.0,1.0,1815.0,1825.0,1752.5,1770.0,246200.0
2022-08-03,42510,3540.0,3565.0,3450.0,3470.0,0,0,81000.0,282421000.0,1.0,1770.0,1782.5,1725.0,1735.0,162000.0
2022-08-04,42510,3540.0,3540.0,3470.0,3490.0,0,0,48900.0,170782500.0,1.0,1770.0,1770.0,1735.0,1745.0,97800.0
2022-08-05,42510,3490.0,3530.0,3430.0,3495.0,0,0,51600.0,179767000.0,1.0,1745.0,1765.0,1715.0,1747.5,103200.0
2022-08-08,42510,3475.0,3500.0,3440.0,3480.0,0,0,40500.0,140678000.0,1.0,1737.5,1750.0,1720.0,1740.0,81000.0
2022-08-09,42510,3485.0,3505.0,3430.0,3485.0,0,0,67800.0,235184500.0,1.0,1742.5,1752.5,1715.0,1742.5,135600.0
2022-08-10,42510,3450.0,3455.0,3255.0,3345.0,0,0,139300.0,464516500.0,1.0,1725.0,1727.5,1627.5,1672.5,278600.0
2022-08-12,42510,3415.0,3585.0,3405.0,3585.0,0,0,232000.0,815925000.0,1.0,1707.5,1792.5,1702.5,1792.5,464000.0
2022-08-15,42510,3945.0,4280.0,3935.0,4015.0,0,0,823600.0,3330249000.0,1.0,1972.5,2140.0,1967.5,2007.5,1647200.0
2022-08-16,42510,3910.0,4005.0,3790.0,3790.0,0,0,276500.0,1069398000.0,1.0,1955.0,2002.5,1895.0,1895.0,553000.0
2022-08-17,42510,3830.0,3935.0,3765.0,3915.0,0,0,222800.0,858707000.0,1.0,1915.0,1967.5,1882.5,1957.5,445600.0
2022-08-18,42510,3835.0,3905.0,3820.0,3880.0,0,0,94000.0,363037000.0,1.0,1917.5,1952.5,1910.0,1940.0,188000.0
2022-08-19,42510,3950.0,4085.0,3920.0,3935.0,0,0,220300.0,881030000.0,1.0,1975.0,2042.5,1960.0,1967.5,440600.0
2022-08-22,42510,3845.0,3850.0,3750.0,3755.0,0,0,183600.0,694324500.0,1.0,1922.5,1925.0,1875.0,1877.5,367200.0
2022-08-23,42510,3665.0,3855.0,3640.0,3845.0,0,0,130600.0,493628000.0,1.0,1832.5,1927.5,1820.0,1922.5,261200.0
2022-08-24,42510,3865.0,3930.0,3800.0,3800.0,0,0,82600.0,318456500.0,1.0,1932.5,1965.0,1900.0,1900.0,165200.0
2022-08-25,42510,3860.0,4210.0,3775.0,4185.0,0,0,521100.0,2115459000.0,1.0,1930.0,2105.0,1887.5,2092.5,1042200.0
2022-08-26,42510,4210.0,4255.0,4110.0,4160.0,0,0,465600.0,1946788500.0,1.0,2105.0,2127.5,2055.0,2080.0,931200.0
2022-08-29,42510,4020.0,4175.0,4005.0,4120.0,0,0,343600.0,1413084000.0,1.0,2010.0,2087.5,2002.5,2060.0,687200.0
2022-08-30,42510,4190.0,4350.0,4145.0,4330.0,0,0,413900.0,1771275000.0,1.0,2095.0,2175.0,2072.5,2165.0,827800.0
2022-08-31,42510,4300.0,4475.0,4245.0,4450.0,0,0,422600.0,1846182000.0,1.0,2150.0,2237.5,2122.5,2225.0,845200.0
2022-09-01,42510,4420.0,4445.0,4280.0,4285.0,0,0,381800.0,1656043500.0,1.0,2210.0,2222.5,2140.0,2142.5,763600.0
2022-09-02,42510,4355.0,4390.0,4150.0,4200.0,0,0,411700.0,1736452000.0,1.0,2177.5,2195.0,2075.0,2100.0,823400.0
2022-09-05,42510,4185.0,4345.0,4180.0,4250.0,0,0,205200.0,877618000.0,1.0,2092.5,2172.5,2090.0,2125.0,410400.0
2022-09-06,42510,4230.0,4275.0,4135.0,4240.0,0,0,260000.0,1092399000.0,1.0,2115.0,2137.5,2067.5,2120.0,520000.0
2022-09-07,42510,4295.0,4345.0,4120.0,4315.0,0,0,320700.0,1359532500.0,1.0,2147.5,2172.5,2060.0,2157.5,641400.0
2022-09-08,42510,4350.0,4375.0,4280.0,4340.0,0,0,363600.0,1570496000.0,1.0,2175.0,2187.5,2140.0,2170.0,727200.0
2022-09-09,42510,4340.0,4375.0,4280.0,4325.0,0,0,221600.0,958963500.0,1.0,2170.0,2187.5,2140.0,2162.5,443200.0
2022-09-12,42510,4355.0,4365.0,4255.0,4305.0,0,0,229300.0,987762500.0,1.0,2177.5,2182.5,2127.5,2152.5,458600.0
2022-09-13,42510,4355.0,4430.0,4215.0,4235.0,0,0,348800.0,1494926000.0,1.0,2177.5,2215.0,2107.5,2117.5,697600.0
2022-09-14,42510,4120.0,4285.0,4120.0,4160.0,0,0,253900.0,1066694000.0,1.0,2060.0,2142.5,2060.0,2080.0,507800.0
2022-09-15,42510,4180.0,4205.0,4090.0,4185.0,0,0,225900.0,938047000.0,1.0,2090.0,2102.5,2045.0,2092.5,451800.0
2022-09-16,42510,4110.0,4110.0,3710.0,3795.0,0,0,965800.0,3709637000.0,1.0,2055.0,2055.0,1855.0,1897.5,1931600.0
2022-09-20,42510,3725.0,3945.0,3725.0,3940.0,0,0,487200.0,1875445500.0,1.0,1862.5,1972.5,1862.5,1970.0,974400.0
2022-09-21,42510,3870.0,3905.0,3705.0,3825.0,0,0,337700.0,1284140000.0,1.0,1935.0,1952.5,1852.5,1912.5,675400.0
2022-09-22,42510,3780.0,3910.0,3720.0,3870.0,0,0,219900.0,839701000.0,1.0,1890.0,1955.0,1860.0,1935.0,439800.0
2022-09-26,42510,3755.0,3755.0,3590.0,3620.0,0,0,276400.0,1006168500.0,1.0,1877.5,1877.5,1795.0,1810.0,552800.0
2022-09-27,42510,3685.0,3690.0,3575.0,3615.0,0,0,147200.0,533068500.0,1.0,1842.5,1845.0,1787.5,1807.5,294400.0
2022-09-28,42510,3615.0,3650.0,3505.0,3575.0,0,0,264400.0,940913500.0,1.0,1807.5,1825.0,1752.5,1787.5,528800.0
2022-09-29,42510,3680.0,3690.0,3525.0,3535.0,0,0,174100.0,624389500.0,1.0,1840.0,1845.0,1762.5,1767.5,348200.0
2022-09-30,42510,3485.0,3505.0,3410.0,3470.0,0,0,209400.0,723000000.0,1.0,1742.5,1752.5,1705.0,1735.0,418800.0
2022-10-03,42510,3400.0,3450.0,3320.0,3420.0,0,0,279200.0,948584500.0,1.0,1700.0,1725.0,1660.0,1710.0,558400.0
2022-10-04,42510,3520.0,3525.0,3405.0,3425.0,0,0,214800.0,741334500.0,1.0,1760.0,1762.5,1702.5,1712.5,429600.0
2022-10-05,42510,3495.0,3500.0,3405.0,3435.0,0,0,204400.0,705905000.0,1.0,1747.5,1750.0,1702.5,1717.5,408800.0
2022-10-06,42510,3465.0,3550.0,3455.0,3480.0,0,0,296000.0,1036024500.0,1.0,1732.5,1775.0,1727.5,1740.0,592000.0
2022-10-07,42510,3620.0,3635.0,3485.0,3510.0,0,0,537400.0,1917377500.0,1.0,1810.0,1817.5,1742.5,1755.0,1074800.0
2022-10-11,42510,3440.0,3460.0,3265.0,3265.0,0,0,311800.0,1042087500.0,1.0,1720.0,1730.0,1632.5,1632.5,623600.0
2022-10-12,42510,3360.0,3400.0,3315.0,3385.0,0,0,371100.0,1247230500.0,1.0,1680.0,1700.0,1657.5,1692.5,742200.0
2022-10-13,42510,3350.0,3420.0,3330.0,3365.0,0,0,171200.0,576498000.0,1.0,1675.0,1710.0,1665.0,1682.5,342400.0
2022-10-14,42510,3470.0,3565.0,3410.0,3555.0,0,0,291000.0,1016482500.0,1.0,1735.0,1782.5,1705.0,1777.5,582000.0
2022-10-17,42510,3470.0,3605.0,3465.0,3555.0,0,0,178600.0,633981000.0,1.0,1735.0,1802.5,1732.5,1777.5,357200.0
2022-10-18,42510,3605.0,3615.0,3535.0,3570.0,0,0,158500.0,565463500.0,1.0,1802.5,1807.5,1767.5,1785.0,317000.0
2022-10-19,42510,3580.0,3615.0,3540.0,3545.0,0,0,137400.0,490867500.0,1.0,1790.0,1807.5,1770.0,1772.5,274800.0
2022-10-20,42510,3530.0,3595.0,3510.0,3555.0,0,0,113000.0,400865000.0,1.0,1765.0,1797.5,1755.0,1777.5,226000.0
2022-10-21,42510,3545.0,3580.0,3530.0,3540.0,0,0,73200.0,260210500.0,1.0,1772.5,1790.0,1765.0,1770.0,146400.0
2022-10-24,42510,3600.0,3760.0,3585.0,3690.0,0,0,283900.0,1046913500.0,1.0,1800.0,1880.0,1792.5,1845.0,567800.0
2022-10-25,42510,3680.0,3725.0,3655.0,3690.0,0,0,106300.0,392077500.0,1.0,1840.0,1862.5,1827.5,1845.0,212600.0
2022-10-26,42510,3745.0,3745.0,3605.0,3615.0,0,0,140200.0,511262000.0,1.0,1872.5,1872.5,1802.5,1807.5,280400.0
2022-10-27,42510,3640.0,3645.0,3555.0,3590.0,0,0,112400.0,404385500.0,1.0,1820.0,1822.5,1777.5,1795.0,224800.0
2022-10-28,42510,3525.0,3565.0,3475.0,3560.0,0,0,149100.0,527635500.0,1.0,1762.5,1782.5,1737.5,1780.0,298200.0
2022-10-31,42510,3605.0,3630.0,3555.0,3630.0,0,0,108100.0,389148500.0,1.0,1802.5,1815.0,1777.5,1815.0,216200.0
2022-11-01,42510,3615.0,3625.0,3575.0,3580.0,0,0,66200.0,238071500.0,1.0,1807.5,1812.5,1787.5,1790.0,132400.0
2022-11-02,42510,3610.0,3615.0,3545.0,3565.0,0,0,85500.0,305711500.0,1.0,1805.0,1807.5,1772.5,1782.5,171000.0
2022-11-04,42510,3500.0,3545.0,3485.0,3525.0,0,0,91500.0,321164500.0,1.0,1750.0,1772.5,1742.5,1762.5,183000.0
2022-11-07,42510,3590.0,3625.0,3550.0,3575.0,0,0,96900.0,347175500.0,1.0,1795.0,1812.5,1775.0,1787.5,193800.0
2022-11-08,42510,3610.0,3665.0,3570.0,3645.0,0,0,104800.0,380765000.0,1.0,1805.0,1832.5,1785.0,1822.5,209600.0
2022-11-09,42510,3625.0,3650.0,3570.0,3575.0,0,0,76400.0,275681000.0,1.0,1812.5,1825.0,1785.0,1787.5,152800.0
2022-11-10,42510,3550.0,3565.0,3505.0,3555.0,0,0,98000.0,346906000.0,1.0,1775.0,1782.5,1752.5,1777.5,196000.0
2022-11-11,42510,3650.0,3740.0,3625.0,3695.0,0,0,265300.0,978976000.0,1.0,1825.0,1870.0,1812.5,1847.5,530600.0
2022-11-14,42510,3655.0,3660.0,3455.0,3500.0,0,0,593900.0,2096424000.0,1.0,1827.5,1830.0,1727.5,1750.0,1187800.0
2022-11-15,42510,3530.0,3535.0,3415.0,3470.0,0,0,285300.0,990171500.0,1.0,1765.0,1767.5,1707.5,1735.0,570600.0
2022-11-16,42510,3440.0,3450.0,3280.0,3395.0,0,0,429200.0,1444533000.0,1.0,1720.0,1725.0,1640.0,1697.5,858400.0
2022-11-17,42510,3380.0,3410.0,3335.0,3395.0,0,0,199100.0,673088500.0,1.0,1690.0,1705.0,1667.5,1697.5,398200.0
2022-11-18,42510,3400.0,3500.0,3395.0,3425.0,0,0,180900.0,624372500.0,1.0,1700.0,1750.0,1697.5,1712.5,361800.0
2022-11-21,42510,3475.0,3520.0,3450.0,3515.0,0,0,223000.0,780203500.0,1.0,1737.5,1760.0,1725.0,1757.5,446000.0
2022-11-22,42510,3515.0,3520.0,3465.0,3490.0,0,0,187500.0,655681000.0,1.0,1757.5,1760.0,1732.5,1745.0,375000.0
2022-11-24,42510,3520.0,3570.0,3520.0,3545.0,0,0,197600.0,700183500.0,1.0,1760.0,1785.0,1760.0,1772.5,395200.0
2022-11-25,42510,3550.0,3550.0,3395.0,3400.0,0,0,496500.0,1707937500.0,1.0,1775.0,1775.0,1697.5,1700.0,993000.0
2022-11-28,42510,3430.0,3450.0,3315.0,3370.0,0,0,390900.0,1315868000.0,1.0,1715.0,1725.0,1657.5,1685.0,781800.0
2022-11-29,42510,3315.0,3420.0,3290.0,3390.0,0,0,279600.0,939643500.0,1.0,1657.5,1710.0,1645.0,1695.0,559200.0
2022-11-30,42510,3500.0,3785.0,3370.0,3725.0,0,0,1823800.0,6569515500.0,1.0,1750.0,1892.5,1685.0,1862.5,3647600.0
2022-12-01,42510,3830.0,3850.0,3570.0,3620.0,0,0,968500.0,3589360000.0,1.0,1915.0,1925.0,1785.0,1810.0,1937000.0
2022-12-02,42510,3600.0,3680.0,3500.0,3510.0,0,0,441400.0,1573884500.0,1.0,1800.0,1840.0,1750.0,1755.0,882800.0
2022-12-05,42510,3500.0,3510.0,3420.0,3465.0,0,0,263700.0,914108500.0,1.0,1750.0,1755.0,1710.0,1732.5,527400.0
2022-12-06,42510,3420.0,3465.0,3395.0,3445.0,0,0,185100.0,634439500.0,1.0,1710.0,1732.5,1697.5,1722.5,370200.0
2022-12-07,42510,3435.0,3505.0,3415.0,3475.0,0,0,128300.0,444770000.0,1.0,1717.5,1752.5,1707.5,1737.5,256600.0
2022-12-08,42510,3460.0,3460.0,3380.0,3410.0,0,0,176200.0,600174000.0,1.0,1730.0,1730.0,1690.0,1705.0,352400.0
2022-12-09,42510,3430.0,3470.0,3410.0,3445.0,0,0,115000.0,395732000.0,1.0,1715.0,1735.0,1705.0,1722.5,230000.0
2022-12-12,42510,3420.0,3420.0,3380.0,3395.0,0,0,126400.0,429521000.0,1.0,1710.0,1710.0,1690.0,1697.5,252800.0
2022-12-13,42510,3410.0,3435.0,3355.0,3365.0,0,0,159200.0,539393000.0,1.0,1705.0,1717.5,1677.5,1682.5,318400.0
2022-12-14,42510,3370.0,3390.0,3350.0,3385.0,0,0,100600.0,338959000.0,1.0,1685.0,1695.0,1675.0,1692.5,201200.0
2022-12-15,42510,3370.0,3380.0,3350.0,3355.0,0,0,85700.0,288226000.0,1.0,1685.0,1690.0,1675.0,1677.5,171400.0
2022-12-16,42510,3325.0,3375.0,3310.0,3365.0,0,0,134400.0,449648500.0,1.0,1662.5,1687.5,1655.0,1682.5,268800.0
2022-12-19,42510,3365.0,3365.0,3330.0,3340.0,0,0,101300.0,338744000.0,1.0,1682.5,1682.5,1665.0,1670.0,202600.0
2022-12-20,42510,3340.0,3345.0,3115.0,3150.0,0,0,354400.0,1135897000.0,1.0,1670.0,1672.5,1557.5,1575.0,708800.0
2022-12-21,42510,3120.0,3185.0,3105.0,3140.0,0,0,169500.0,531966500.0,1.0,1560.0,1592.5,1552.5,1570.0,339000.0
2022-12-22,42510,3170.0,3175.0,3045.0,3050.0,0,0,250400.0,777591000.0,1.0,1585.0,1587.5,1522.5,1525.0,500800.0
2022-12-23,42510,2995.0,3060.0,2965.0,3030.0,0,0,208800.0,628024300.0,1.0,1497.5,1530.0,1482.5,1515.0,417600.0
2022-12-26,42510,3045.0,3230.0,3040.0,3225.0,0,0,202800.0,643073500.0,1.0,1522.5,1615.0,1520.0,1612.5,405600.0
2022-12-27,42510,3255.0,3325.0,3220.0,3230.0,0,0,162200.0,530769500.0,1.0,1627.5,1662.5,1610.0,1615.0,324400.0
2022-12-28,42510,3200.0,3265.0,3195.0,3225.0,0,0,110100.0,355545000.0,1.0,1600.0,1632.5,1597.5,1612.5,220200.0
2022-12-29,42510,1580.0,1608.0,1556.0,1573.0,0,0,187600.0,296564700.0,0.5,1580.0,1608.0,1556.0,1573.0,187600.0
2022-12-30,42510,1570.0,1584.0,1544.0,1555.0,0,0,176000.0,273999000.0,1.0,1570.0,1584.0,1544.0,1555.0,176000.0
2023-01-04,42510,1534.0,1534.0,1490.0,1490.0,0,0,208900.0,315078300.0,1.0,1534.0,1534.0,1490.0,1490.0,208900.0
2023-01-05,42510,1500.0,1519.0,1432.0,1443.0,0,0,312900.0,457207500.0,1.0,1500.0,1519.0,1432.0,1443.0,312900.0
2023-01-06,42510,1430.0,1500.0,1428.0,1480.0,0,0,259200.0,381018000.0,1.0,1430.0,1500.0,1428.0,1480.0,259200.0
2023-01-10,42510,1520.0,1528.0,1490.0,1518.0,0,0,208600.0,315398300.0,1.0,1520.0,1528.0,1490.0,1518.0,208600.0
2023-01-11,42510,1529.0,1574.0,1529.0,1574.0,0,0,186400.0,290730700.0,1.0,1529.0,1574.0,1529.0,1574.0,186400.0
2023-01-12,42510,1571.0,1588.0,1547.0,1561.0,0,0,168200.0,263708000.0,1.0,1571.0,1588.0,1547.0,1561.0,168200.0
2023-01-13,42510,1560.0,1578.0,1539.0,1540.0,0,0,194300.0,301895700.0,1.0,1560.0,1578.0,1539.0,1540.0,194300.0
2023-01-16,42510,1511.0,1521.0,1491.0,1517.0,0,0,156600.0,235910700.0,1.0,1511.0,1521.0,1491.0,1517.0,156600.0
2023-01-17,42510,1513.0,1544.0,1513.0,1523.0,0,0,128700.0,197042800.0,1.0,1513.0,1544.0,1513.0,1523.0,128700.0
2023-01-18,42510,1533.0,1567.0,1511.0,1546.0,0,0,157500.0,242700600.0,1.0,1533.0,1567.0,1511.0,1546.0,157500.0
2023-01-19,42510,1517.0,1532.0,1498.0,1509.0,0,0,137200.0,207486000.0,1.0,1517.0,1532.0,1498.0,1509.0,137200.0
2023-01-20,42510,1504.0,1556.0,1500.0,1546.0,0,0,154700.0,237097800.0,1.0,1504.0,1556.0,1500.0,1546.0,154700.0
2023-01-23,42510,1568.0,1580.0,1552.0,1574.0,0,0,120200.0,188289800.0,1.0,1568.0,1580.0,1552.0,1574.0,120200.0
2023-01-24,42510,1589.0,1606.0,1576.0,1606.0,0,0,194900.0,311169100.0,1.0,1589.0,1606.0,1576.0,1606.0,194900.0
2023-01-25,42510,1602.0,1620.0,1591.0,1603.0,0,0,138000.0,221743100.0,1.0,1602.0,1620.0,1591.0,1603.0,138000.0
2023-01-26,42510,1610.0,1610.0,1569.0,1597.0,0,0,145100.0,229954400.0,1.0,1610.0,1610.0,1569.0,1597.0,145100.0
2023-01-27,42510,1597.0,1599.0,1573.0,1577.0,0,0,121700.0,192495100.0,1.0,1597.0,1599.0,1573.0,1577.0,121700.0
2023-01-30,42510,1575.0,1597.0,1565.0,1585.0,0,0,146900.0,231977400.0,1.0,1575.0,1597.0,1565.0,1585.0,146900.0
2023-01-31,42510,1580.0,1602.0,1568.0,1585.0,0,0,135400.0,214834300.0,1.0,1580.0,1602.0,1568.0,1585.0,135400.0
2023-02-01,42510,1585.0,1604.0,1573.0,1574.0,0,0,145800.0,231325200.0,1.0,1585.0,1604.0,1573.0,1574.0,145800.0
2023-02-02,42510,1577.0,1591.0,1556.0,1569.0,0,0,190800.0,299552100.0,1.0,1577.0,1591.0,1556.0,1569.0,190800.0
2023-02-03,42510,1569.0,1612.0,1567.0,1580.0,0,0,194300.0,308885300.0,1.0,1569.0,1612.0,1567.0,1580.0,194300.0
2023-02-06,42510,1597.0,1618.0,1592.0,1598.0,0,0,227300.0,365093400.0,1.0,1597.0,1618.0,1592.0,1598.0,227300.0
2023-02-07,42510,1600.0,1601.0,1583.0,1596.0,0,0,116200.0,184830700.0,1.0,1600.0,1601.0,1583.0,1596.0,116200.0
2023-02-08,42510,1596.0,1597.0,1566.0,1573.0,0,0,130300.0,205452500.0,1.0,1596.0,1597.0,1566.0,1573.0,130300.0
2023-02-09,42510,1566.0,1578.0,1558.0,1574.0,0,0,115600.0,181444200.0,1.0,1566.0,1578.0,1558.0,1574.0,115600.0
2023-02-10,42510,1574.0,1577.0,1553.0,1555.0,0,0,146700.0,229141900.0,1.0,1574.0,1577.0,1553.0,1555.0,146700.0
2023-02-13,42510,1548.0,1548.0,1505.0,1540.0,0,0,216200.0,330726300.0,1.0,1548.0,1548.0,1505.0,1540.0,216200.0
2023-02-14,42510,1553.0,1576.0,1545.0,1555.0,0,0,250000.0,388519000.0,1.0,1553.0,1576.0,1545.0,1555.0,250000.0
2023-02-15,42510,1500.0,1564.0,1471.0,1505.0,0,0,632000.0,955166900.0,1.0,1500.0,1564.0,1471.0,1505.0,632000.0
2023-02-16,42510,1505.0,1561.0,1471.0,1543.0,0,0,491100.0,743740800.0,1.0,1505.0,1561.0,1471.0,1543.0,491100.0
2023-02-17,42510,1526.0,1557.0,1524.0,1549.0,0,0,245400.0,377894800.0,1.0,1526.0,1557.0,1524.0,1549.0,245400.0
2023-02-20,42510,1550.0,1560.0,1519.0,1544.0,0,0,141400.0,217118700.0,1.0,1550.0,1560.0,1519.0,1544.0,141400.0
2023-02-21,42510,1540.0,1553.0,1519.0,1523.0,0,0,130600.0,199865200.0,1.0,1540.0,1553.0,1519.0,1523.0,130600.0
2023-02-22,42510,1502.0,1532.0,1497.0,1509.0,0,0,178900.0,271107300.0,1.0,1502.0,1532.0,1497.0,1509.0,178900.0
2023-02-24,42510,1503.0,1557.0,1503.0,1557.0,0,0,173400.0,265797600.0,1.0,1503.0,1557.0,1503.0,1557.0,173400.0
2023-02-27,42510,1559.0,1650.0,1549.0,1643.0,0,0,395900.0,640584000.0,1.0,1559.0,1650.0,1549.0,1643.0,395900.0
2023-02-28,42510,1643.0,1665.0,1616.0,1639.0,0,0,313600.0,513815600.0,1.0,1643.0,1665.0,1616.0,1639.0,313600.0
2023-03-01,42510,1649.0,1669.0,1604.0,1606.0,0,0,212600.0,346182000.0,1.0,1649.0,1669.0,1604.0,1606.0,212600.0
2023-03-02,42510,1624.0,1624.0,1589.0,1597.0,0,0,137700.0,220740700.0,1.0,1624.0,1624.0,1589.0,1597.0,137700.0
2023-03-03,42510,1597.0,1618.0,1592.0,1601.0,0,0,139900.0,223994700.0,1.0,1597.0,1618.0,1592.0,1601.0,139900.0
2023-03-06,42510,1608.0,1640.0,1605.0,1607.0,0,0,184700.0,299400300.0,1.0,1608.0,1640.0,1605.0,1607.0,184700.0
2023-03-07,42510,1604.0,1645.0,1600.0,1645.0,0,0,190900.0,311294500.0,1.0,1604.0,1645.0,1600.0,1645.0,190900.0
2023-03-08,42510,1629.0,1696.0,1627.0,1671.0,0,0,355700.0,596327600.0,1.0,1629.0,1696.0,1627.0,1671.0,355700.0
2023-03-09,42510,1685.0,1685.0,1641.0,1650.0,0,0,213700.0,353244400.0,1.0,1685.0,1685.0,1641.0,1650.0,213700.0
2023-03-10,42510,1626.0,1644.0,1604.0,1604.0,0,0,207200.0,335638300.0,1.0,1626.0,1644.0,1604.0,1604.0,207200.0
2023-03-13,42510,1575.0,1578.0,1535.0,1556.0,0,0,239000.0,371848000.0,1.0,1575.0,1578.0,1535.0,1556.0,239000.0
2023-03-14,42510,1525.0,1525.0,1471.0,1494.0,0,0,306500.0,457698300.0,1.0,1525.0,1525.0,1471.0,1494.0,306500.0
2023-03-15,42510,1534.0,1554.0,1515.0,1525.0,0,0,162600.0,248815300.0,1.0,1534.0,1554.0,1515.0,1525.0,162600.0
2023-03-16,42510,1473.0,1492.0,1453.0,1465.0,0,0,297100.0,436854600.0,1.0,1473.0,1492.0,1453.0,1465.0,297100.0
2023-03-17,42510,1495.0,1497.0,1463.0,1464.0,0,0,194800.0,287258900.0,1.0,1495.0,1497.0,1463.0,1464.0,194800.0
2023-03-20,42510,1448.0,1448.0,1407.0,1411.0,0,0,305500.0,434152500.0,1.0,1448.0,1448.0,1407.0,1411.0,305500.0
2023-03-22,42510,1440.0,1453.0,1421.0,1434.0,0,0,205500.0,294869600.0,1.0,1440.0,1453.0,1421.0,1434.0,205500.0
2023-03-23,42510,1407.0,1453.0,1404.0,1452.0,0,0,124200.0,177287000.0,1.0,1407.0,1453.0,1404.0,1452.0,124200.0
2023-03-24,42510,1454.0,1472.0,1442.0,1465.0,0,0,106700.0,155547900.0,1.0,1454.0,1472.0,1442.0,1465.0,106700.0
2023-03-27,42510,1471.0,1496.0,1464.0,1489.0,0,0,114500.0,169845500.0,1.0,1471.0,1496.0,1464.0,1489.0,114500.0
2023-03-28,42510,1494.0,1494.0,1456.0,1463.0,0,0,90400.0,132754300.0,1.0,1494.0,1494.0,1456.0,1463.0,90400.0
2023-03-29,42510,1465.0,1490.0,1460.0,1490.0,0,0,99200.0,146502400.0,1.0,1465.0,1490.0,1460.0,1490.0,99200.0
2023-03-30,42510,1490.0,1520.0,1489.0,1506.0,0,0,109900.0,165368300.0,1.0,1490.0,1520.0,1489.0,1506.0,109900.0
2023-03-31,42510,1520.0,1535.0,1504.0,1525.0,0,0,160800.0,244503600.0,1.0,1520.0,1535.0,1504.0,1525.0,160800.0
2023-04-03,42510,1535.0,1540.0,1512.0,1513.0,0,0,110800.0,168589500.0,1.0,1535.0,1540.0,1512.0,1513.0,110800.0
2023-04-04,42510,1513.0,1516.0,1480.0,1485.0,0,0,250000.0,374095100.0,1.0,1513.0,1516.0,1480.0,1485.0,250000.0
2023-04-05,42510,1456.0,1461.0,1436.0,1452.0,0,0,169600.0,245551800.0,1.0,1456.0,1461.0,1436.0,1452.0,169600.0
2023-04-06,42510,1435.0,1443.0,1412.0,1417.0,0,0,133900.0,190716100.0,1.0,1435.0,1443.0,1412.0,1417.0,133900.0
2023-04-07,42510,1422.0,1434.0,1404.0,1421.0,0,0,120200.0,170186900.0,1.0,1422.0,1434.0,1404.0,1421.0,120200.0
2023-04-10,42510,1430.0,1440.0,1420.0,1440.0,0,0,87400.0,125079900.0,1.0,1430.0,1440.0,1420.0,1440.0,87400.0
2023-04-11,42510,1456.0,1460.0,1426.0,1434.0,0,0,136300.0,196354400.0,1.0,1456.0,1460.0,1426.0,1434.0,136300.0
2023-04-12,42510,1427.0,1432.0,1406.0,1411.0,0,0,158400.0,223679400.0,1.0,1427.0,1432.0,1406.0,1411.0,158400.0
2023-04-13,42510,1401.0,1409.0,1387.0,1404.0,0,0,155600.0,217550800.0,1.0,1401.0,1409.0,1387.0,1404.0,155600.0
2023-04-14,42510,1417.0,1425.0,1405.0,1416.0,0,0,92700.0,131224800.0,1.0,1417.0,1425.0,1405.0,1416.0,92700.0
2023-04-17,42510,1413.0,1419.0,1398.0,1416.0,0,0,93400.0,131496000.0,1.0,1413.0,1419.0,1398.0,1416.0,93400.0
2023-04-18,42510,1416.0,1426.0,1403.0,1425.0,0,0,115700.0,163632500.0,1.0,1416.0,1426.0,1403.0,1425.0,115700.0
2023-04-19,42510,1417.0,1418.0,1394.0,1400.0,0,0,101900.0,142961600.0,1.0,1417.0,1418.0,1394.0,1400.0,101900.0
2023-04-20,42510,1390.0,1410.0,1383.0,1398.0,0,0,92400.0,129055700.0,1.0,1390.0,1410.0,1383.0,1398.0,92400.0
2023-04-21,42510,1388.0,1401.0,1383.0,1386.0,0,0,92400.0,128430000.0,1.0,1388.0,1401.0,1383.0,1386.0,92400.0
2023-04-24,42510,1386.0,1395.0,1377.0,1391.0,0,0,94700.0,131087300.0,1.0,1386.0,1395.0,1377.0,1391.0,94700.0
2023-04-25,42510,1398.0,1405.0,1373.0,1375.0,0,0,128500.0,178069700.0,1.0,1398.0,1405.0,1373.0,1375.0,128500.0
2023-04-26,42510,1357.0,1357.0,1334.0,1336.0,0,0,218700.0,293994400.0,1.0,1357.0,1357.0,1334.0,1336.0,218700.0
2023-04-27,42510,1331.0,1355.0,1330.0,1355.0,0,0,135300.0,181292400.0,1.0,1331.0,1355.0,1330.0,1355.0,135300.0
2023-04-28,42510,1367.0,1382.0,1360.0,1382.0,0,0,121000.0,165853500.0,1.0,1367.0,1382.0,1360.0,1382.0,121000.0
2023-05-01,42510,1395.0,1411.0,1380.0,1392.0,0,0,180500.0,251489000.0,1.0,1395.0,1411.0,1380.0,1392.0,180500.0
2023-05-02,42510,1380.0,1396.0,1368.0,1386.0,0,0,177100.0,244477600.0,1.0,1380.0,1396.0,1368.0,1386.0,177100.0
2023-05-08,42510,1390.0,1390.0,1365.0,1370.0,0,0,113400.0,156017400.0,1.0,1390.0,1390.0,1365.0,1370.0,113400.0
2023-05-09,42510,1364.0,1372.0,1354.0,1355.0,0,0,129900.0,176898800.0,1.0,1364.0,1372.0,1354.0,1355.0,129900.0
2023-05-10,42510,1354.0,1362.0,1342.0,1356.0,0,0,109000.0,147391600.0,1.0,1354.0,1362.0,1342.0,1356.0,109000.0
2023-05-11,42510,1371.0,1375.0,1355.0,1359.0,0,0,98800.0,134739300.0,1.0,1371.0,1375.0,1355.0,1359.0,98800.0
2023-05-12,42510,1344.0,1363.0,1340.0,1355.0,0,0,144100.0,194590200.0,1.0,1344.0,1363.0,1340.0,1355.0,144100.0
2023-05-15,42510,1055.0,1055.0,1055.0,1055.0,0,1,90200.0,95161000.0,1.0,1055.0,1055.0,1055.0,1055.0,90200.0
2023-05-16,42510,987.0,1101.0,987.0,1084.0,0,0,1057700.0,1097994200.0,1.0,987.0,1101.0,987.0,1084.0,1057700.0
2023-05-17,42510,1091.0,1103.0,1029.0,1036.0,0,0,355900.0,373843900.0,1.0,1091.0,1103.0,1029.0,1036.0,355900.0
2023-05-18,42510,1059.0,1065.0,1028.0,1033.0,0,0,340900.0,353922300.0,1.0,1059.0,1065.0,1028.0,1033.0,340900.0
2023-05-19,42510,1063.0,1130.0,1051.0,1122.0,0,0,472800.0,517047600.0,1.0,1063.0,1130.0,1051.0,1122.0,472800.0
2023-05-22,42510,1116.0,1163.0,1112.0,1158.0,0,0,288700.0,329044400.0,1.0,1116.0,1163.0,1112.0,1158.0,288700.0
2023-05-23,42510,1178.0,1186.0,1117.0,1125.0,0,0,272200.0,310789500.0,1.0,1178.0,1186.0,1117.0,1125.0,272200.0
2023-05-24,42510,1120.0,1142.0,1116.0,1135.0,0,0,149100.0,168528500.0,1.0,1120.0,1142.0,1116.0,1135.0,149100.0
2023-05-25,42510,1130.0,1152.0,1120.0,1129.0,0,0,151900.0,172123700.0,1.0,1130.0,1152.0,1120.0,1129.0,151900.0
2023-05-26,42510,1140.0,1140.0,1118.0,1118.0,0,0,106700.0,120346100.0,1.0,1140.0,1140.0,1118.0,1118.0,106700.0
2023-05-29,42510,1133.0,1135.0,1100.0,1108.0,0,0,111800.0,124488500.0,1.0,1133.0,1135.0,1100.0,1108.0,111800.0
2023-05-30,42510,1101.0,1129.0,1101.0,1116.0,0,0,98500.0,109897600.0,1.0,1101.0,1129.0,1101.0,1116.0,98500.0
2023-05-31,42510,1102.0,1102.0,1070.0,1072.0,0,0,164900.0,178446900.0,1.0,1102.0,1102.0,1070.0,1072.0,164900.0
2023-06-01,42510,1064.0,1076.0,1052.0,1064.0,0,0,109500.0,116339300.0,1.0,1064.0,1076.0,1052.0,1064.0,109500.0
2023-06-02,42510,1055.0,1097.0,1055.0,1091.0,0,0,92800.0,100282300.0,1.0,1055.0,1097.0,1055.0,1091.0,92800.0
2023-06-05,42510,1121.0,1124.0,1103.0,1106.0,0,0,111600.0,124044000.0,1.0,1121.0,1124.0,1103.0,1106.0,111600.0
2023-06-06,42510,1124.0,1179.0,1115.0,1159.0,0,0,316900.0,366304800.0,1.0,1124.0,1179.0,1115.0,1159.0,316900.0
2023-06-07,42510,1169.0,1180.0,1132.0,1137.0,0,0,207900.0,239385300.0,1.0,1169.0,1180.0,1132.0,1137.0,207900.0
2023-06-08,42510,1130.0,1140.0,1102.0,1116.0,0,0,137700.0,154058500.0,1.0,1130.0,1140.0,1102.0,1116.0,137700.0
2023-06-09,42510,1127.0,1131.0,1110.0,1116.0,0,0,143700.0,160766700.0,1.0,1127.0,1131.0,1110.0,1116.0,143700.0
2023-06-12,42510,1128.0,1141.0,1115.0,1132.0,0,0,119500.0,134602700.0,1.0,1128.0,1141.0,1115.0,1132.0,119500.0
2023-06-13,42510,1144.0,1153.0,1114.0,1120.0,0,0,143400.0,161180000.0,1.0,1144.0,1153.0,1114.0,1120.0,143400.0
2023-06-14,42510,1132.0,1140.0,1112.0,1117.0,0,0,110400.0,123822500.0,1.0,1132.0,1140.0,1112.0,1117.0,110400.0
2023-06-15,42510,1118.0,1132.0,1108.0,1111.0,0,0,108200.0,120990500.0,1.0,1118.0,1132.0,1108.0,1111.0,108200.0
2023-06-16,42510,1110.0,1119.0,1096.0,1105.0,0,0,146300.0,161919700.0,1.0,1110.0,1119.0,1096.0,1105.0,146300.0
2023-06-19,42510,1127.0,1136.0,1111.0,1134.0,0,0,127400.0,143317200.0,1.0,1127.0,1136.0,1111.0,1134.0,127400.0
2023-06-20,42510,1137.0,1169.0,1136.0,1153.0,0,0,129800.0,149127000.0,1.0,1137.0,1169.0,1136.0,1153.0,129800.0
2023-06-21,42510,1140.0,1160.0,1136.0,1157.0,0,0,84100.0,96653500.0,1.0,1140.0,1160.0,1136.0,1157.0,84100.0
2023-06-22,42510,1151.0,1165.0,1129.0,1129.0,0,0,115100.0,131269600.0,1.0,1151.0,1165.0,1129.0,1129.0,115100.0
2023-06-23,42510,1154.0,1159.0,1126.0,1137.0,0,0,93800.0,106870600.0,1.0,1154.0,1159.0,1126.0,1137.0,93800.0
2023-06-26,42510,1127.0,1146.0,1115.0,1122.0,0,0,93300.0,105179400.0,1.0,1127.0,1146.0,1115.0,1122.0,93300.0
2023-06-27,42510,1122.0,1128.0,1100.0,1109.0,0,0,115700.0,128307900.0,1.0,1122.0,1128.0,1100.0,1109.0,115700.0
2023-06-28,42510,1130.0,1142.0,1110.0,1134.0,0,0,107300.0,120949100.0,1.0,1130.0,1142.0,1110.0,1134.0,107300.0
2023-06-29,42510,1134.0,1156.0,1130.0,1141.0,0,0,110300.0,125947100.0,1.0,1134.0,1156.0,1130.0,1141.0,110300.0
2023-06-30,42510,1140.0,1141.0,1116.0,1136.0,0,0,85200.0,96218600.0,1.0,1140.0,1141.0,1116.0,1136.0,85200.0
2023-07-03,42510,1140.0,1148.0,1116.0,1116.0,0,0,197600.0,223548200.0,1.0,1140.0,1148.0,1116.0,1116.0,197600.0
2023-07-04,42510,1116.0,1126.0,1105.0,1115.0,0,0,126000.0,140709500.0,1.0,1116.0,1126.0,1105.0,1115.0,126000.0
2023-07-05,42510,1125.0,1132.0,1113.0,1123.0,0,0,87900.0,98795700.0,1.0,1125.0,1132.0,1113.0,1123.0,87900.0
2023-07-06,42510,1105.0,1112.0,1093.0,1095.0,0,0,118100.0,130241900.0,1.0,1105.0,1112.0,1093.0,1095.0,118100.0
2023-07-07,42510,1090.0,1096.0,1080.0,1080.0,0,0,93300.0,101271200.0,1.0,1090.0,1096.0,1080.0,1080.0,93300.0
2023-07-10,42510,1080.0,1110.0,1079.0,1099.0,0,0,103000.0,113315600.0,1.0,1080.0,1110.0,1079.0,1099.0,103000.0
2023-07-11,42510,1113.0,1122.0,1101.0,1104.0,0,0,96300.0,106894400.0,1.0,1113.0,1122.0,1101.0,1104.0,96300.0
2023-07-12,42510,1105.0,1107.0,1086.0,1086.0,0,0,74600.0,81640100.0,1.0,1105.0,1107.0,1086.0,1086.0,74600.0
2023-07-13,42510,1094.0,1109.0,1086.0,1094.0,0,0,92600.0,101628000.0,1.0,1094.0,1109.0,1086.0,1094.0,92600.0
2023-07-14,42510,1112.0,1115.0,1087.0,1099.0,0,0,60100.0,65907700.0,1.0,1112.0,1115.0,1087.0,1099.0,60100.0
2023-07-18,42510,1099.0,1112.0,1094.0,1107.0,0,0,56700.0,62645000.0,1.0,1099.0,1112.0,1094.0,1107.0,56700.0
2023-07-19,42510,1113.0,1125.0,1109.0,1124.0,0,0,77900.0,87216900.0,1.0,1113.0,1125.0,1109.0,1124.0,77900.0
2023-07-20,42510,1119.0,1162.0,1117.0,1141.0,0,0,156100.0,178933000.0,1.0,1119.0,1162.0,1117.0,1141.0,156100.0
2023-07-21,42510,1124.0,1153.0,1115.0,1146.0,0,0,137800.0,157053700.0,1.0,1124.0,1153.0,1115.0,1146.0,137800.0
2023-07-24,42510,1155.0,1158.0,1132.0,1147.0,0,0,107000.0,122444700.0,1.0,1155.0,1158.0,1132.0,1147.0,107000.0
2023-07-25,42510,1153.0,1159.0,1123.0,1123.0,0,0,103700.0,117843700.0,1.0,1153.0,1159.0,1123.0,1123.0,103700.0
2023-07-26,42510,1123.0,1125.0,1112.0,1123.0,0,0,72400.0,81033000.0,1.0,1123.0,1125.0,1112.0,1123.0,72400.0
2023-07-27,42510,1111.0,1132.0,1103.0,1111.0,0,0,102200.0,113680400.0,1.0,1111.0,1132.0,1103.0,1111.0,102200.0
2023-07-28,42510,1115.0,1115.0,1090.0,1107.0,0,0,204200.0,225277900.0,1.0,1115.0,1115.0,1090.0,1107.0,204200.0
2023-07-31,42510,1121.0,1121.0,1094.0,1109.0,0,0,69600.0,76992700.0,1.0,1121.0,1121.0,1094.0,1109.0,69600.0
2023-08-01,42510,1105.0,1114.0,1063.0,1070.0,0,0,150000.0,162091700.0,1.0,1105.0,1114.0,1063.0,1070.0,150000.0
2023-08-02,42510,1065.0,1069.0,1038.0,1042.0,0,0,178700.0,187505600.0,1.0,1065.0,1069.0,1038.0,1042.0,178700.0
2023-08-03,42510,1020.0,1022.0,996.0,1002.0,0,0,172900.0,173521300.0,1.0,1020.0,1022.0,996.0,1002.0,172900.0
2023-08-04,42510,996.0,1011.0,993.0,1008.0,0,0,116300.0,116643900.0,1.0,996.0,1011.0,993.0,1008.0,116300.0
2023-08-07,42510,996.0,1027.0,993.0,1025.0,0,0,75900.0,76839800.0,1.0,996.0,1027.0,993.0,1025.0,75900.0
2023-08-08,42510,1019.0,1019.0,982.0,982.0,0,0,204700.0,203358100.0,1.0,1019.0,1019.0,982.0,982.0,204700.0
2023-08-09,42510,984.0,1022.0,976.0,1008.0,0,0,139200.0,139919700.0,1.0,984.0,1022.0,976.0,1008.0,139200.0
2023-08-10,42510,990.0,1035.0,990.0,1032.0,0,0,129300.0,132156900.0,1.0,990.0,1035.0,990.0,1032.0,129300.0
2023-08-14,42510,1032.0,1044.0,1017.0,1031.0,0,0,107400.0,110450700.0,1.0,1032.0,1044.0,1017.0,1031.0,107400.0
2023-08-15,42510,1061.0,1123.0,1058.0,1084.0,0,0,351100.0,383825900.0,1.0,1061.0,1123.0,1058.0,1084.0,351100.0
2023-08-16,42510,1078.0,1106.0,1064.0,1106.0,0,0,151200.0,165620300.0,1.0,1078.0,1106.0,1064.0,1106.0,151200.0
2023-08-17,42510,1087.0,1095.0,1057.0,1079.0,0,0,107300.0,115120900.0,1.0,1087.0,1095.0,1057.0,1079.0,107300.0
2023-08-18,42510,1059.0,1093.0,1051.0,1089.0,0,0,65400.0,70575900.0,1.0,1059.0,1093.0,1051.0,1089.0,65400.0
2023-08-21,42510,1077.0,1106.0,1077.0,1088.0,0,0,74500.0,81423400.0,1.0,1077.0,1106.0,1077.0,1088.0,74500.0
2023-08-22,42510,1088.0,1111.0,1066.0,1081.0,0,0,151900.0,164087800.0,1.0,1088.0,1111.0,1066.0,1081.0,151900.0
2023-08-23,42510,1070.0,1084.0,1055.0,1080.0,0,0,94900.0,101386600.0,1.0,1070.0,1084.0,1055.0,1080.0,94900.0
2023-08-24,42510,1086.0,1183.0,1080.0,1180.0,0,0,436600.0,504651800.0,1.0,1086.0,1183.0,1080.0,1180.0,436600.0
2023-08-25,42510,1150.0,1213.0,1129.0,1190.0,0,0,417700.0,492352600.0,1.0,1150.0,1213.0,1129.0,1190.0,417700.0
2023-08-28,42510,1172.0,1190.0,1154.0,1184.0,0,0,117400.0,137856300.0,1.0,1172.0,1190.0,1154.0,1184.0,117400.0
2023-08-29,42510,1180.0,1198.0,1157.0,1193.0,0,0,151900.0,179420000.0,1.0,1180.0,1198.0,1157.0,1193.0,151900.0
2023-08-30,42510,1210.0,1249.0,1206.0,1222.0,0,0,243400.0,298451800.0,1.0,1210.0,1249.0,1206.0,1222.0,243400.0
2023-08-31,42510,1217.0,1240.0,1191.0,1204.0,0,0,146500.0,178183400.0,1.0,1217.0,1240.0,1191.0,1204.0,146500.0
2023-09-01,42510,1202.0,1218.0,1181.0,1207.0,0,0,143000.0,171459400.0,1.0,1202.0,1218.0,1181.0,1207.0,143000.0
2023-09-04,42510,1227.0,1267.0,1217.0,1227.0,0,0,155200.0,192176600.0,1.0,1227.0,1267.0,1217.0,1227.0,155200.0
2023-09-05,42510,1220.0,1294.0,1216.0,1264.0,0,0,253900.0,320930900.0,1.0,1220.0,1294.0,1216.0,1264.0,253900.0
2023-09-06,42510,1264.0,1300.0,1256.0,1287.0,0,0,257400.0,330822900.0,1.0,1264.0,1300.0,1256.0,1287.0,257400.0
2023-09-07,42510,1272.0,1288.0,1264.0,1271.0,0,0,144700.0,184420400.0,1.0,1272.0,1288.0,1264.0,1271.0,144700.0
2023-09-08,42510,1255.0,1279.0,1251.0,1260.0,0,0,159000.0,200682800.0,1.0,1255.0,1279.0,1251.0,1260.0,159000.0
2023-09-11,42510,1263.0,1282.0,1247.0,1281.0,0,0,166900.0,211498500.0,1.0,1263.0,1282.0,1247.0,1281.0,166900.0
2023-09-12,42510,1289.0,1295.0,1250.0,1254.0,0,0,102300.0,129515900.0,1.0,1289.0,1295.0,1250.0,1254.0,102300.0
2023-09-13,42510,1253.0,1299.0,1241.0,1268.0,0,0,189500.0,240549200.0,1.0,1253.0,1299.0,1241.0,1268.0,189500.0
2023-09-14,42510,1262.0,1287.0,1245.0,1245.0,0,0,92800.0,116359100.0,1.0,1262.0,1287.0,1245.0,1245.0,92800.0
2023-09-15,42510,1253.0,1294.0,1243.0,1271.0,0,0,118900.0,151565900.0,1.0,1253.0,1294.0,1243.0,1271.0,118900.0
2023-09-19,42510,1269.0,1301.0,1263.0,1299.0,0,0,135000.0,174598700.0,1.0,1269.0,1301.0,1263.0,1299.0,135000.0
2023-09-20,42510,1299.0,1349.0,1292.0,1308.0,0,0,281000.0,369597900.0,1.0,1299.0,1349.0,1292.0,1308.0,281000.0
2023-09-21,42510,1318.0,1374.0,1310.0,1363.0,0,0,387300.0,524904800.0,1.0,1318.0,1374.0,1310.0,1363.0,387300.0
2023-09-22,42510,1339.0,1418.0,1337.0,1398.0,0,0,409300.0,570500500.0,1.0,1339.0,1418.0,1337.0,1398.0,409300.0
2023-09-25,42510,1381.0,1394.0,1357.0,1373.0,0,0,299600.0,411977400.0,1.0,1381.0,1394.0,1357.0,1373.0,299600.0
2023-09-26,42510,1379.0,1393.0,1362.0,1384.0,0,0,157500.0,217234400.0,1.0,1379.0,1393.0,1362.0,1384.0,157500.0
2023-09-27,42510,1369.0,1385.0,1349.0,1379.0,0,0,128800.0,176100900.0,1.0,1369.0,1385.0,1349.0,1379.0,128800.0
2023-09-28,42510,1379.0,1446.0,1379.0,1414.0,0,0,324200.0,460541500.0,1.0,1379.0,1446.0,1379.0,1414.0,324200.0
2023-09-29,42510,1435.0,1473.0,1404.0,1415.0,0,0,290800.0,418052400.0,1.0,1435.0,1473.0,1404.0,1415.0,290800.0
2023-10-02,42510,1415.0,1425.0,1405.0,1411.0,0,0,140200.0,198074600.0,1.0,1415.0,1425.0,1405.0,1411.0,140200.0
2023-10-03,42510,1411.0,1411.0,1337.0,1345.0,0,0,367000.0,499603700.0,1.0,1411.0,1411.0,1337.0,1345.0,367000.0
2023-10-04,42510,1315.0,1338.0,1284.0,1290.0,0,0,251800.0,327997400.0,1.0,1315.0,1338.0,1284.0,1290.0,251800.0
2023-10-05,42510,1302.0,1344.0,1302.0,1323.0,0,0,138500.0,182938900.0,1.0,1302.0,1344.0,1302.0,1323.0,138500.0
2023-10-06,42510,1311.0,1364.0,1311.0,1362.0,0,0,122800.0,165701100.0,1.0,1311.0,1364.0,1311.0,1362.0,122800.0
2023-10-10,42510,1366.0,1388.0,1362.0,1386.0,0,0,87300.0,120204900.0,1.0,1366.0,1388.0,1362.0,1386.0,87300.0
2023-10-11,42510,1387.0,1398.0,1349.0,1349.0,0,0,127900.0,175028900.0,1.0,1387.0,1398.0,1349.0,1349.0,127900.0
2023-10-12,42510,1355.0,1386.0,1350.0,1378.0,0,0,61700.0,84655400.0,1.0,1355.0,1386.0,1350.0,1378.0,61700.0
2023-10-13,42510,1378.0,1387.0,1329.0,1334.0,0,0,147500.0,198744700.0,1.0,1378.0,1387.0,1329.0,1334.0,147500.0
2023-10-16,42510,1311.0,1334.0,1293.0,1303.0,0,0,100800.0,131611200.0,1.0,1311.0,1334.0,1293.0,1303.0,100800.0
2023-10-17,42510,1327.0,1356.0,1327.0,1356.0,0,0,131800.0,177171300.0,1.0,1327.0,1356.0,1327.0,1356.0,131800.0
2023-10-18,42510,1365.0,1365.0,1315.0,1351.0,0,0,97000.0,129635400.0,1.0,1365.0,1365.0,1315.0,1351.0,97000.0
2023-10-19,42510,1314.0,1342.0,1314.0,1316.0,0,0,64000.0,84688100.0,1.0,1314.0,1342.0,1314.0,1316.0,64000.0
2023-10-20,42510,1301.0,1381.0,1297.0,1357.0,0,0,177900.0,240132000.0,1.0,1301.0,1381.0,1297.0,1357.0,177900.0
2023-10-23,42510,1335.0,1343.0,1266.0,1291.0,0,0,260100.0,335196200.0,1.0,1335.0,1343.0,1266.0,1291.0,260100.0
2023-10-24,42510,1317.0,1341.0,1278.0,1336.0,0,0,142900.0,188224900.0,1.0,1317.0,1341.0,1278.0,1336.0,142900.0
2023-10-25,42510,1354.0,1367.0,1331.0,1339.0,0,0,97100.0,130802400.0,1.0,1354.0,1367.0,1331.0,1339.0,97100.0
2023-10-26,42510,1327.0,1327.0,1267.0,1272.0,0,0,145100.0,186703100.0,1.0,1327.0,1327.0,1267.0,1272.0,145100.0
2023-10-27,42510,1282.0,1341.0,1282.0,1341.0,0,0,99700.0,131788900.0,1.0,1282.0,1341.0,1282.0,1341.0,99700.0
2023-10-30,42510,1320.0,1330.0,1310.0,1319.0,0,0,46000.0,60686300.0,1.0,1320.0,1330.0,1310.0,1319.0,46000.0
2023-10-31,42510,1310.0,1317.0,1271.0,1314.0,0,0,89700.0,116015300.0,1.0,1310.0,1317.0,1271.0,1314.0,89700.0
2023-11-01,42510,1302.0,1320.0,1278.0,1306.0,0,0,147800.0,191984200.0,1.0,1302.0,1320.0,1278.0,1306.0,147800.0
2023-11-02,42510,1313.0,1340.0,1298.0,1340.0,0,0,129100.0,171597100.0,1.0,1313.0,1340.0,1298.0,1340.0,129100.0
2023-11-06,42510,1363.0,1376.0,1341.0,1362.0,0,0,127800.0,173794900.0,1.0,1363.0,1376.0,1341.0,1362.0,127800.0
2023-11-07,42510,1356.0,1383.0,1353.0,1377.0,0,0,106700.0,146214900.0,1.0,1356.0,1383.0,1353.0,1377.0,106700.0
2023-11-08,42510,1383.0,1407.0,1369.0,1376.0,0,0,159400.0,220821400.0,1.0,1383.0,1407.0,1369.0,1376.0,159400.0
2023-11-09,42510,1365.0,1421.0,1365.0,1418.0,0,0,216200.0,304545600.0,1.0,1365.0,1421.0,1365.0,1418.0,216200.0
2023-11-10,42510,1395.0,1423.0,1382.0,1420.0,0,0,151900.0,213222700.0,1.0,1395.0,1423.0,1382.0,1420.0,151900.0
2023-11-13,42510,1428.0,1444.0,1397.0,1417.0,0,0,166100.0,235854300.0,1.0,1428.0,1444.0,1397.0,1417.0,166100.0
2023-11-14,42510,1304.0,1304.0,1189.0,1225.0,0,0,855900.0,1046417400.0,1.0,1304.0,1304.0,1189.0,1225.0,855900.0
2023-11-15,42510,1232.0,1274.0,1173.0,1272.0,0,0,486800.0,596431800.0,1.0,1232.0,1274.0,1173.0,1272.0,486800.0
2023-11-16,42510,1250.0,1284.0,1229.0,1243.0,0,0,270400.0,337880800.0,1.0,1250.0,1284.0,1229.0,1243.0,270400.0
2023-11-17,42510,1250.0,1288.0,1230.0,1276.0,0,0,170200.0,214751400.0,1.0,1250.0,1288.0,1230.0,1276.0,170200.0
2023-11-20,42510,1278.0,1337.0,1278.0,1317.0,0,0,159800.0,210547300.0,1.0,1278.0,1337.0,1278.0,1317.0,159800.0
2023-11-21,42510,1360.0,1400.0,1330.0,1337.0,0,0,233300.0,315941600.0,1.0,1360.0,1400.0,1330.0,1337.0,233300.0
2023-11-22,42510,1307.0,1327.0,1289.0,1318.0,0,0,161300.0,211032800.0,1.0,1307.0,1327.0,1289.0,1318.0,161300.0
2023-11-24,42510,1322.0,1328.0,1294.0,1294.0,0,0,133200.0,173974900.0,1.0,1322.0,1328.0,1294.0,1294.0,133200.0
2023-11-27,42510,1307.0,1349.0,1307.0,1321.0,0,0,147100.0,195636800.0,1.0,1307.0,1349.0,1307.0,1321.0,147100.0
2023-11-28,42510,1321.0,1330.0,1270.0,1296.0,0,0,182000.0,234801800.0,1.0,1321.0,1330.0,1270.0,1296.0,182000.0
2023-11-29,42510,1289.0,1289.0,1229.0,1278.0,0,0,261800.0,330842900.0,1.0,1289.0,1289.0,1229.0,1278.0,261800.0
2023-11-30,42510,1286.0,1367.0,1286.0,1360.0,0,0,283900.0,378506200.0,1.0,1286.0,1367.0,1286.0,1360.0,283900.0
2023-12-01,42510,1360.0,1360.0,1319.0,1322.0,0,0,189600.0,251771800.0,1.0,1360.0,1360.0,1319.0,1322.0,189600.0
2023-12-04,42510,1318.0,1354.0,1302.0,1314.0,0,0,214400.0,284963800.0,1.0,1318.0,1354.0,1302.0,1314.0,214400.0
2023-12-05,42510,1297.0,1297.0,1252.0,1252.0,0,0,214700.0,272330100.0,1.0,1297.0,1297.0,1252.0,1252.0,214700.0
2023-12-06,42510,1248.0,1273.0,1246.0,1266.0,0,0,85500.0,108059300.0,1.0,1248.0,1273.0,1246.0,1266.0,85500.0
2023-12-07,42510,1250.0,1269.0,1238.0,1239.0,0,0,195200.0,244025100.0,1.0,1250.0,1269.0,1238.0,1239.0,195200.0
2023-12-08,42510,1211.0,1226.0,1186.0,1193.0,0,0,364100.0,437257600.0,1.0,1211.0,1226.0,1186.0,1193.0,364100.0
2023-12-11,42510,1201.0,1240.0,1201.0,1240.0,0,0,155800.0,191112400.0,1.0,1201.0,1240.0,1201.0,1240.0,155800.0
2023-12-12,42510,1256.0,1284.0,1221.0,1221.0,0,0,195500.0,244195000.0,1.0,1256.0,1284.0,1221.0,1221.0,195500.0
2023-12-13,42510,1248.0,1254.0,1223.0,1241.0,0,0,114600.0,141976200.0,1.0,1248.0,1254.0,1223.0,1241.0,114600.0
2023-12-14,42510,1241.0,1251.0,1206.0,1208.0,0,0,137300.0,167565600.0,1.0,1241.0,1251.0,1206.0,1208.0,137300.0
2023-12-15,42510,1220.0,1235.0,1213.0,1224.0,0,0,124700.0,152459700.0,1.0,1220.0,1235.0,1213.0,1224.0,124700.0
2023-12-18,42510,1196.0,1224.0,1192.0,1215.0,0,0,99800.0,120171800.0,1.0,1196.0,1224.0,1192.0,1215.0,99800.0
2023-12-19,42510,1217.0,1228.0,1201.0,1203.0,0,0,129900.0,157212400.0,1.0,1217.0,1228.0,1201.0,1203.0,129900.0
2023-12-20,42510,1225.0,1239.0,1211.0,1212.0,0,0,155700.0,190077100.0,1.0,1225.0,1239.0,1211.0,1212.0,155700.0
2023-12-21,42510,1203.0,1211.0,1193.0,1193.0,0,0,124200.0,149027000.0,1.0,1203.0,1211.0,1193.0,1193.0,124200.0
2023-12-22,42510,1195.0,1206.0,1186.0,1202.0,0,0,122100.0,146178700.0,1.0,1195.0,1206.0,1186.0,1202.0,122100.0
2023-12-25,42510,1206.0,1206.0,1175.0,1176.0,0,0,121400.0,144136400.0,1.0,1206.0,1206.0,1175.0,1176.0,121400.0
2023-12-26,42510,1166.0,1178.0,1156.0,1166.0,0,0,192600.0,224390000.0,1.0,1166.0,1178.0,1156.0,1166.0,192600.0
2023-12-27,42510,1169.0,1181.0,1157.0,1178.0,0,0,204200.0,239057500.0,1.0,1169.0,1181.0,1157.0,1178.0,204200.0
2023-12-28,42510,1160.0,1249.0,1160.0,1246.0,0,0,175100.0,213762300.0,1.0,1160.0,1249.0,1160.0,1246.0,175100.0
2023-12-29,42510,1235.0,1300.0,1225.0,1280.0,0,0,167200.0,212357000.0,1.0,1235.0,1300.0,1225.0,1280.0,167200.0
2024-01-04,42510,1263.0,1294.0,1231.0,1270.0,0,0,160300.0,203214600.0,1.0,1263.0,1294.0,1231.0,1270.0,160300.0
2024-01-05,42510,1265.0,1277.0,1247.0,1250.0,0,0,114200.0,143256000.0,1.0,1265.0,1277.0,1247.0,1250.0,114200.0
2024-01-09,42510,1276.0,1327.0,1275.0,1292.0,0,0,224100.0,291093400.0,1.0,1276.0,1327.0,1275.0,1292.0,224100.0
2024-01-10,42510,1280.0,1292.0,1263.0,1276.0,0,0,139900.0,179066100.0,1.0,1280.0,1292.0,1263.0,1276.0,139900.0
2024-01-11,42510,1306.0,1311.0,1284.0,1286.0,0,0,134200.0,173651900.0,1.0,1306.0,1311.0,1284.0,1286.0,134200.0
2024-01-12,42510,1285.0,1293.0,1250.0,1264.0,0,0,158500.0,200676200.0,1.0,1285.0,1293.0,1250.0,1264.0,158500.0
2024-01-15,42510,1289.0,1292.0,1266.0,1290.0,0,0,125400.0,160606500.0,1.0,1289.0,1292.0,1266.0,1290.0,125400.0
2024-01-16,42510,1309.0,1384.0,1303.0,1363.0,0,0,340100.0,461087000.0,1.0,1309.0,1384.0,1303.0,1363.0,340100.0
2024-01-17,42510,1366.0,1423.0,1347.0,1378.0,0,0,345300.0,481708100.0,1.0,1366.0,1423.0,1347.0,1378.0,345300.0
2024-01-18,42510,1373.0,1419.0,1369.0,1384.0,0,0,153900.0,214495700.0,1.0,1373.0,1419.0,1369.0,1384.0,153900.0
2024-01-19,42510,1387.0,1387.0,1347.0,1383.0,0,0,182500.0,249347900.0,1.0,1387.0,1387.0,1347.0,1383.0,182500.0
2024-01-22,42510,1398.0,1424.0,1371.0,1400.0,0,0,136700.0,192232000.0,1.0,1398.0,1424.0,1371.0,1400.0,136700.0
2024-01-23,42510,1409.0,1420.0,1380.0,1399.0,0,0,108500.0,151452400.0,1.0,1409.0,1420.0,1380.0,1399.0,108500.0
2024-01-24,42510,1395.0,1395.0,1361.0,1374.0,0,0,85000.0,116922900.0,1.0,1395.0,1395.0,1361.0,1374.0,85000.0
2024-01-25,42510,1365.0,1423.0,1350.0,1418.0,0,0,164300.0,230926200.0,1.0,1365.0,1423.0,1350.0,1418.0,164300.0
2024-01-26,42510,1420.0,1431.0,1392.0,1395.0,0,0,118700.0,167346400.0,1.0,1420.0,1431.0,1392.0,1395.0,118700.0
2024-01-29,42510,1392.0,1426.0,1378.0,1415.0,0,0,88800.0,124856600.0,1.0,1392.0,1426.0,1378.0,1415.0,88800.0
2024-01-30,42510,1417.0,1425.0,1386.0,1392.0,0,0,76300.0,106673200.0,1.0,1417.0,1425.0,1386.0,1392.0,76300.0
2024-01-31,42510,1375.0,1412.0,1366.0,1411.0,0,0,87800.0,122224800.0,1.0,1375.0,1412.0,1366.0,1411.0,87800.0
2024-02-01,42510,1387.0,1398.0,1366.0,1368.0,0,0,91400.0,125882700.0,1.0,1387.0,1398.0,1366.0,1368.0,91400.0
2024-02-02,42510,1382.0,1382.0,1345.0,1363.0,0,0,98600.0,134210500.0,1.0,1382.0,1382.0,1345.0,1363.0,98600.0
2024-02-05,42510,1373.0,1398.0,1369.0,1388.0,0,0,114100.0,157997300.0,1.0,1373.0,1398.0,1369.0,1388.0,114100.0
2024-02-06,42510,1395.0,1422.0,1390.0,1404.0,0,0,160900.0,226594400.0,1.0,1395.0,1422.0,1390.0,1404.0,160900.0
2024-02-07,42510,1404.0,1458.0,1397.0,1429.0,0,0,193500.0,277309800.0,1.0,1404.0,1458.0,1397.0,1429.0,193500.0
2024-02-08,42510,1415.0,1421.0,1397.0,1408.0,0,0,92200.0,130011100.0,1.0,1415.0,1421.0,1397.0,1408.0,92200.0
2024-02-09,42510,1418.0,1438.0,1400.0,1424.0,0,0,117700.0,167540300.0,1.0,1418.0,1438.0,1400.0,1424.0,117700.0
2024-02-13,42510,1443.0,1473.0,1427.0,1455.0,0,0,248000.0,358945700.0,1.0,1443.0,1473.0,1427.0,1455.0,248000.0
2024-02-14,42510,1155.0,1208.0,1155.0,1161.0,0,1,1425300.0,1664109600.0,1.0,1155.0,1208.0,1155.0,1161.0,1425300.0
2024-02-15,42510,1166.0,1189.0,1122.0,1153.0,0,0,464000.0,533266700.0,1.0,1166.0,1189.0,1122.0,1153.0,464000.0
2024-02-16,42510,1154.0,1220.0,1136.0,1209.0,0,0,419400.0,495311700.0,1.0,1154.0,1220.0,1136.0,1209.0,419400.0
2024-02-19,42510,1235.0,1263.0,1197.0,1209.0,0,0,236500.0,288176700.0,1.0,1235.0,1263.0,1197.0,1209.0,236500.0
2024-02-20,42510,1205.0,1213.0,1172.0,1195.0,0,0,213200.0,254340800.0,1.0,1205.0,1213.0,1172.0,1195.0,213200.0
2024-02-21,42510,1185.0,1194.0,1172.0,1177.0,0,0,117200.0,138175400.0,1.0,1185.0,1194.0,1172.0,1177.0,117200.0
2024-02-22,42510,1205.0,1218.0,1165.0,1166.0,0,0,167400.0,197264900.0,1.0,1205.0,1218.0,1165.0,1166.0,167400.0
2024-02-26,42510,1178.0,1178.0,1153.0,1153.0,0,0,149200.0,173118700.0,1.0,1178.0,1178.0,1153.0,1153.0,149200.0
2024-02-27,42510,1155.0,1172.0,1130.0,1131.0,0,0,135500.0,155079500.0,1.0,1155.0,1172.0,1130.0,1131.0,135500.0
2024-02-28,42510,1120.0,1129.0,1095.0,1108.0,0,0,234200.0,259220800.0,1.0,1120.0,1129.0,1095.0,1108.0,234200.0
2024-02-29,42510,1094.0,1131.0,1086.0,1122.0,0,0,183000.0,202282000.0,1.0,1094.0,1131.0,1086.0,1122.0,183000.0
2024-03-01,42510,1111.0,1128.0,1095.0,1110.0,0,0,160200.0,177233500.0,1.0,1111.0,1128.0,1095.0,1110.0,160200.0
2024-03-04,42510,1111.0,1121.0,1078.0,1109.0,0,0,208000.0,228921500.0,1.0,1111.0,1121.0,1078.0,1109.0,208000.0
2024-03-05,42510,1112.0,1130.0,1101.0,1115.0,0,0,98700.0,110318100.0,1.0,1112.0,1130.0,1101.0,1115.0,98700.0
2024-03-06,42510,1108.0,1147.0,1095.0,1136.0,0,0,125900.0,142320200.0,1.0,1108.0,1147.0,1095.0,1136.0,125900.0
2024-03-07,42510,1149.0,1156.0,1122.0,1125.0,0,0,112400.0,127847000.0,1.0,1149.0,1156.0,1122.0,1125.0,112400.0
2024-03-08,42510,1106.0,1153.0,1102.0,1142.0,0,0,132200.0,149967300.0,1.0,1106.0,1153.0,1102.0,1142.0,132200.0
2024-03-11,42510,1112.0,1119.0,1095.0,1110.0,0,0,127300.0,140470300.0,1.0,1112.0,1119.0,1095.0,1110.0,127300.0
2024-03-12,42510,1092.0,1124.0,1081.0,1118.0,0,0,81100.0,89751800.0,1.0,1092.0,1124.0,1081.0,1118.0,81100.0
2024-03-13,42510,1124.0,1128.0,1088.0,1097.0,0,0,77900.0,85742400.0,1.0,1124.0,1128.0,1088.0,1097.0,77900.0
2024-03-14,42510,1096.0,1109.0,1089.0,1105.0,0,0,84000.0,92302900.0,1.0,1096.0,1109.0,1089.0,1105.0,84000.0
2024-03-15,42510,1092.0,1102.0,1088.0,1091.0,0,0,84000.0,91761400.0,1.0,1092.0,1102.0,1088.0,1091.0,84000.0
2024-03-18,42510,1110.0,1114.0,1093.0,1106.0,0,0,84800.0,93866900.0,1.0,1110.0,1114.0,1093.0,1106.0,84800.0
2024-03-19,42510,1113.0,1132.0,1108.0,1122.0,0,0,79600.0,89111000.0,1.0,1113.0,1132.0,1108.0,1122.0,79600.0
2024-03-21,42510,1137.0,1166.0,1130.0,1155.0,0,0,186100.0,214490800.0,1.0,1137.0,1166.0,1130.0,1155.0,186100.0
2024-03-22,42510,1156.0,1160.0,1141.0,1151.0,0,0,66300.0,76297700.0,1.0,1156.0,1160.0,1141.0,1151.0,66300.0
2024-03-25,42510,1141.0,1149.0,1126.0,1131.0,0,0,84400.0,95953000.0,1.0,1141.0,1149.0,1126.0,1131.0,84400.0
2024-03-26,42510,1129.0,1133.0,1121.0,1124.0,0,0,51600.0,58116500.0,1.0,1129.0,1133.0,1121.0,1124.0,51600.0
2024-03-27,42510,1127.0,1148.0,1121.0,1144.0,0,0,98500.0,112083900.0,1.0,1127.0,1148.0,1121.0,1144.0,98500.0
2024-03-28,42510,1142.0,1157.0,1128.0,1135.0,0,0,80900.0,92188100.0,1.0,1142.0,1157.0,1128.0,1135.0,80900.0
2024-03-29,42510,1146.0,1150.0,1134.0,1141.0,0,0,70500.0,80413200.0,1.0,1146.0,1150.0,1134.0,1141.0,70500.0
2024-04-01,42510,1149.0,1155.0,1136.0,1138.0,0,0,104900.0,119953200.0,1.0,1149.0,1155.0,1136.0,1138.0,104900.0
2024-04-02,42510,1138.0,1141.0,1103.0,1112.0,0,0,122000.0,136014100.0,1.0,1138.0,1141.0,1103.0,1112.0,122000.0
2024-04-03,42510,1105.0,1124.0,1095.0,1104.0,0,0,89500.0,99063600.0,1.0,1105.0,1124.0,1095.0,1104.0,89500.0
2024-04-04,42510,1122.0,1122.0,1098.0,1098.0,0,0,51400.0,56703600.0,1.0,1122.0,1122.0,1098.0,1098.0,51400.0
2024-04-05,42510,1080.0,1090.0,1072.0,1079.0,0,0,108200.0,116828800.0,1.0,1080.0,1090.0,1072.0,1079.0,108200.0
2024-04-08,42510,1102.0,1109.0,1083.0,1090.0,0,0,59300.0,64892300.0,1.0,1102.0,1109.0,1083.0,1090.0,59300.0
2024-04-09,42510,1090.0,1105.0,1083.0,1098.0,0,0,49700.0,54454600.0,1.0,1090.0,1105.0,1083.0,1098.0,49700.0
2024-04-10,42510,1116.0,1126.0,1107.0,1107.0,0,0,69200.0,77253900.0,1.0,1116.0,1126.0,1107.0,1107.0,69200.0
2024-04-11,42510,1098.0,1125.0,1097.0,1117.0,0,0,39800.0,44264500.0,1.0,1098.0,1125.0,1097.0,1117.0,39800.0
2024-04-12,42510,1127.0,1133.0,1113.0,1113.0,0,0,51600.0,57911900.0,1.0,1127.0,1133.0,1113.0,1113.0,51600.0
2024-04-15,42510,1109.0,1112.0,1103.0,1109.0,0,0,28800.0,31937300.0,1.0,1109.0,1112.0,1103.0,1109.0,28800.0
2024-04-16,42510,1098.0,1102.0,1089.0,1097.0,0,0,79800.0,87437700.0,1.0,1098.0,1102.0,1089.0,1097.0,79800.0
2024-04-17,42510,1095.0,1106.0,1073.0,1090.0,0,0,86900.0,94728100.0,1.0,1095.0,1106.0,1073.0,1090.0,86900.0
2024-04-18,42510,1089.0,1118.0,1087.0,1105.0,0,0,73200.0,80563600.0,1.0,1089.0,1118.0,1087.0,1105.0,73200.0
2024-04-19,42510,1094.0,1098.0,1062.0,1068.0,0,0,103800.0,111302000.0,1.0,1094.0,1098.0,1062.0,1068.0,103800.0
2024-04-22,42510,1077.0,1093.0,1077.0,1084.0,0,0,227000.0,247291200.0,1.0,1077.0,1093.0,1077.0,1084.0,227000.0
2024-04-23,42510,1084.0,1088.0,1063.0,1066.0,0,0,68000.0,72772200.0,1.0,1084.0,1088.0,1063.0,1066.0,68000.0
2024-04-24,42510,1075.0,1086.0,1072.0,1082.0,0,0,72500.0,78292200.0,1.0,1075.0,1086.0,1072.0,1082.0,72500.0
2024-04-25,42510,1075.0,1085.0,1073.0,1074.0,0,0,99300.0,106861500.0,1.0,1075.0,1085.0,1073.0,1074.0,99300.0
2024-04-26,42510,1068.0,1086.0,1058.0,1082.0,0,0,113900.0,122493500.0,1.0,1068.0,1086.0,1058.0,1082.0,113900.0
2024-04-30,42510,1083.0,1109.0,1083.0,1108.0,0,0,67700.0,74528100.0,1.0,1083.0,1109.0,1083.0,1108.0,67700.0
2024-05-01,42510,1116.0,1165.0,1116.0,1158.0,0,0,161500.0,185556700.0,1.0,1116.0,1165.0,1116.0,1158.0,161500.0
2024-05-02,42510,1140.0,1151.0,1126.0,1150.0,0,0,90000.0,102490700.0,1.0,1140.0,1151.0,1126.0,1150.0,90000.0
2024-05-07,42510,1172.0,1188.0,1160.0,1174.0,0,0,149900.0,175899000.0,1.0,1172.0,1188.0,1160.0,1174.0,149900.0
2024-05-08,42510,1160.0,1182.0,1150.0,1160.0,0,0,77100.0,89816900.0,1.0,1160.0,1182.0,1150.0,1160.0,77100.0
2024-05-09,42510,1156.0,1176.0,1154.0,1166.0,0,0,69500.0,81037100.0,1.0,1156.0,1176.0,1154.0,1166.0,69500.0
2024-05-10,42510,1166.0,1174.0,1154.0,1162.0,0,0,81400.0,94680500.0,1.0,1166.0,1174.0,1154.0,1162.0,81400.0
2024-05-13,42510,1180.0,1192.0,1148.0,1154.0,0,0,174000.0,202850200.0,1.0,1180.0,1192.0,1148.0,1154.0,174000.0
2024-05-14,42510,1152.0,1183.0,1143.0,1173.0,0,0,239100.0,278203400.0,1.0,1152.0,1183.0,1143.0,1173.0,239100.0
2024-05-15,42510,1383.0,1432.0,1319.0,1347.0,0,0,1807700.0,2499809000.0,1.0,1383.0,1432.0,1319.0,1347.0,1807700.0
2024-05-16,42510,1351.0,1405.0,1305.0,1379.0,0,0,576500.0,780185700.0,1.0,1351.0,1405.0,1305.0,1379.0,576500.0
2024-05-17,42510,1375.0,1468.0,1357.0,1465.0,0,0,495900.0,711569100.0,1.0,1375.0,1468.0,1357.0,1465.0,495900.0
2024-05-20,42510,1471.0,1531.0,1455.0,1520.0,0,0,444000.0,668322800.0,1.0,1471.0,1531.0,1455.0,1520.0,444000.0
2024-05-21,42510,1538.0,1563.0,1515.0,1524.0,0,0,342900.0,526830500.0,1.0,1538.0,1563.0,1515.0,1524.0,342900.0
2024-05-22,42510,1549.0,1597.0,1549.0,1576.0,0,0,408300.0,643299100.0,1.0,1549.0,1597.0,1549.0,1576.0,408300.0
2024-05-23,42510,1573.0,1587.0,1501.0,1522.0,0,0,361100.0,552728200.0,1.0,1573.0,1587.0,1501.0,1522.0,361100.0
2024-05-24,42510,1482.0,1533.0,1476.0,1494.0,0,0,355000.0,531808000.0,1.0,1482.0,1533.0,1476.0,1494.0,355000.0
2024-05-27,42510,1494.0,1499.0,1443.0,1458.0,0,0,289500.0,423926700.0,1.0,1494.0,1499.0,1443.0,1458.0,289500.0
2024-05-28,42510,1458.0,1470.0,1429.0,1439.0,0,0,402200.0,581397900.0,1.0,1458.0,1470.0,1429.0,1439.0,402200.0
2024-05-29,42510,1439.0,1518.0,1438.0,1479.0,0,0,586900.0,875896200.0,1.0,1439.0,1518.0,1438.0,1479.0,586900.0
2024-05-30,42510,1462.0,1531.0,1443.0,1490.0,0,0,294000.0,438384400.0,1.0,1462.0,1531.0,1443.0,1490.0,294000.0
2024-05-31,42510,1504.0,1560.0,1504.0,1540.0,0,0,266200.0,410055600.0,1.0,1504.0,1560.0,1504.0,1540.0,266200.0
2024-06-03,42510,1541.0,1559.0,1526.0,1545.0,0,0,145300.0,223800400.0,1.0,1541.0,1559.0,1526.0,1545.0,145300.0
2024-06-04,42510,1529.0,1545.0,1495.0,1540.0,0,0,163400.0,249677500.0,1.0,1529.0,1545.0,1495.0,1540.0,163400.0
2024-06-05,42510,1536.0,1554.0,1505.0,1553.0,0,0,121400.0,185819200.0,1.0,1536.0,1554.0,1505.0,1553.0,121400.0
2024-06-06,42510,1570.0,1620.0,1565.0,1581.0,0,0,288000.0,458514100.0,1.0,1570.0,1620.0,1565.0,1581.0,288000.0
2024-06-07,42510,1621.0,1692.0,1621.0,1691.0,0,0,489800.0,817099300.0,1.0,1621.0,1692.0,1621.0,1691.0,489800.0
2024-06-10,42510,1695.0,1721.0,1665.0,1682.0,0,0,256900.0,432598800.0,1.0,1695.0,1721.0,1665.0,1682.0,256900.0
2024-06-11,42510,1702.0,1713.0,1647.0,1654.0,0,0,208500.0,348714200.0,1.0,1702.0,1713.0,1647.0,1654.0,208500.0
2024-06-12,42510,1655.0,1712.0,1632.0,1670.0,0,0,261900.0,437926600.0,1.0,1655.0,1712.0,1632.0,1670.0,261900.0
2024-06-13,42510,1689.0,1718.0,1650.0,1676.0,0,0,181900.0,305183100.0,1.0,1689.0,1718.0,1650.0,1676.0,181900.0
2024-06-14,42510,1675.0,1754.0,1651.0,1737.0,0,0,357000.0,615320100.0,1.0,1675.0,1754.0,1651.0,1737.0,357000.0
2024-06-17,42510,1726.0,1726.0,1643.0,1668.0,0,0,340100.0,570063500.0,1.0,1726.0,1726.0,1643.0,1668.0,340100.0
2024-06-18,42510,1700.0,1715.0,1653.0,1664.0,0,0,201500.0,339537700.0,1.0,1700.0,1715.0,1653.0,1664.0,201500.0
2024-06-19,42510,1690.0,1730.0,1664.0,1672.0,0,0,171800.0,290338200.0,1.0,1690.0,1730.0,1664.0,1672.0,171800.0
2024-06-20,42510,1672.0,1682.0,1626.0,1645.0,0,0,205900.0,338735500.0,1.0,1672.0,1682.0,1626.0,1645.0,205900.0
2024-06-21,42510,1655.0,1660.0,1598.0,1623.0,0,0,268800.0,437633500.0,1.0,1655.0,1660.0,1598.0,1623.0,268800.0
2024-06-24,42510,1640.0,1670.0,1609.0,1649.0,0,0,165300.0,271790400.0,1.0,1640.0,1670.0,1609.0,1649.0,165300.0
2024-06-25,42510,1643.0,1672.0,1630.0,1664.0,0,0,163400.0,270231900.0,1.0,1643.0,1672.0,1630.0,1664.0,163400.0
2024-06-26,42510,1678.0,1681.0,1650.0,1671.0,0,0,87400.0,145501000.0,1.0,1678.0,1681.0,1650.0,1671.0,87400.0
2024-06-27,42510,1681.0,1720.0,1656.0,1679.0,0,0,196800.0,332494700.0,1.0,1681.0,1720.0,1656.0,1679.0,196800.0
2024-06-28,42510,1680.0,1680.0,1647.0,1660.0,0,0,118200.0,196655600.0,1.0,1680.0,1680.0,1647.0,1660.0,118200.0
2024-07-01,42510,1661.0,1735.0,1658.0,1734.0,0,0,220400.0,375752800.0,1.0,1661.0,1735.0,1658.0,1734.0,220400.0
2024-07-02,42510,1750.0,1759.0,1702.0,1731.0,0,0,211600.0,366911000.0,1.0,1750.0,1759.0,1702.0,1731.0,211600.0
2024-07-03,42510,1715.0,1728.0,1690.0,1691.0,0,0,150900.0,257566000.0,1.0,1715.0,1728.0,1690.0,1691.0,150900.0
2024-07-04,42510,1700.0,1751.0,1692.0,1743.0,0,0,173600.0,300181300.0,1.0,1700.0,1751.0,1692.0,1743.0,173600.0
2024-07-05,42510,1750.0,1777.0,1719.0,1719.0,0,0,148900.0,259184400.0,1.0,1750.0,1777.0,1719.0,1719.0,148900.0
2024-07-08,42510,1727.0,1740.0,1711.0,1726.0,0,0,92700.0,159938200.0,1.0,1727.0,1740.0,1711.0,1726.0,92700.0
2024-07-09,42510,1732.0,1788.0,1730.0,1780.0,0,0,217500.0,384415900.0,1.0,1732.0,1788.0,1730.0,1780.0,217500.0
2024-07-10,42510,1771.0,1771.0,1691.0,1713.0,0,0,220400.0,377604600.0,1.0,1771.0,1771.0,1691.0,1713.0,220400.0
2024-07-11,42510,1730.0,1806.0,1708.0,1794.0,0,0,276000.0,487761400.0,1.0,1730.0,1806.0,1708.0,1794.0,276000.0
2024-07-12,42510,1754.0,1810.0,1728.0,1739.0,0,0,191300.0,337939600.0,1.0,1754.0,1810.0,1728.0,1739.0,191300.0
2024-07-16,42510,1745.0,1775.0,1730.0,1756.0,0,0,115500.0,202618500.0,1.0,1745.0,1775.0,1730.0,1756.0,115500.0
2024-07-17,42510,1785.0,1809.0,1761.0,1792.0,0,0,160700.0,287349700.0,1.0,1785.0,1809.0,1761.0,1792.0,160700.0
2024-07-18,42510,1713.0,1718.0,1607.0,1615.0,0,0,601000.0,998700700.0,1.0,1713.0,1718.0,1607.0,1615.0,601000.0
2024-07-19,42510,1605.0,1660.0,1602.0,1653.0,0,0,169600.0,278472500.0,1.0,1605.0,1660.0,1602.0,1653.0,169600.0
2024-07-22,42510,1652.0,1656.0,1617.0,1618.0,0,0,131100.0,214249800.0,1.0,1652.0,1656.0,1617.0,1618.0,131100.0
2024-07-23,42510,1654.0,1656.0,1607.0,1612.0,0,0,95800.0,155470600.0,1.0,1654.0,1656.0,1607.0,1612.0,95800.0
2024-07-24,42510,1597.0,1604.0,1575.0,1577.0,0,0,145900.0,231719200.0,1.0,1597.0,1604.0,1575.0,1577.0,145900.0
2024-07-25,42510,1537.0,1548.0,1512.0,1523.0,0,0,298200.0,455400300.0,1.0,1537.0,1548.0,1512.0,1523.0,298200.0
2024-07-26,42510,1528.0,1544.0,1503.0,1510.0,0,0,163700.0,248519600.0,1.0,1528.0,1544.0,1503.0,1510.0,163700.0
2024-07-29,42510,1531.0,1560.0,1522.0,1550.0,0,0,111200.0,171678700.0,1.0,1531.0,1560.0,1522.0,1550.0,111200.0
2024-07-30,42510,1540.0,1547.0,1506.0,1529.0,0,0,253600.0,386833600.0,1.0,1540.0,1547.0,1506.0,1529.0,253600.0
2024-07-31,42510,1536.0,1583.0,1513.0,1571.0,0,0,116200.0,179623300.0,1.0,1536.0,1583.0,1513.0,1571.0,116200.0
2024-08-01,42510,1555.0,1555.0,1450.0,1460.0,0,0,226900.0,335282400.0,1.0,1555.0,1555.0,1450.0,1460.0,226900.0
2024-08-02,42510,1356.0,1366.0,1316.0,1325.0,0,0,584100.0,783705600.0,1.0,1356.0,1366.0,1316.0,1325.0,584100.0
2024-08-05,42510,1183.0,1206.0,1025.0,1047.0,0,1,581100.0,655326900.0,1.0,1183.0,1206.0,1025.0,1047.0,581100.0
2024-08-06,42510,1182.0,1213.0,1146.0,1178.0,0,0,320000.0,376695400.0,1.0,1182.0,1213.0,1146.0,1178.0,320000.0
2024-08-07,42510,1148.0,1295.0,1148.0,1238.0,0,0,532700.0,652583300.0,1.0,1148.0,1295.0,1148.0,1238.0,532700.0
2024-08-08,42510,1235.0,1254.0,1204.0,1233.0,0,0,224500.0,276924500.0,1.0,1235.0,1254.0,1204.0,1233.0,224500.0
2024-08-09,42510,1283.0,1290.0,1238.0,1266.0,0,0,218000.0,276296000.0,1.0,1283.0,1290.0,1238.0,1266.0,218000.0
2024-08-13,42510,1332.0,1410.0,1332.0,1408.0,0,0,346300.0,476699300.0,1.0,1332.0,1410.0,1332.0,1408.0,346300.0
2024-08-14,42510,1408.0,1438.0,1385.0,1438.0,0,0,633900.0,896667000.0,1.0,1408.0,1438.0,1385.0,1438.0,633900.0
2024-08-15,42510,1258.0,1260.0,1201.0,1204.0,0,0,1873000.0,2284352600.0,1.0,1258.0,1260.0,1201.0,1204.0,1873000.0
2024-08-16,42510,1230.0,1283.0,1211.0,1280.0,0,0,1356100.0,1694354100.0,1.0,1230.0,1283.0,1211.0,1280.0,1356100.0
2024-08-19,42510,1270.0,1282.0,1201.0,1204.0,0,0,641500.0,789701100.0,1.0,1270.0,1282.0,1201.0,1204.0,641500.0
2024-08-20,42510,1220.0,1225.0,1198.0,1210.0,0,0,432000.0,523585400.0,1.0,1220.0,1225.0,1198.0,1210.0,432000.0
2024-08-21,42510,1185.0,1209.0,1180.0,1193.0,0,0,239400.0,286053700.0,1.0,1185.0,1209.0,1180.0,1193.0,239400.0
2024-08-22,42510,1202.0,1227.0,1193.0,1193.0,0,0,286300.0,345179800.0,1.0,1202.0,1227.0,1193.0,1193.0,286300.0
2024-08-23,42510,1195.0,1203.0,1186.0,1191.0,0,0,211000.0,251751400.0,1.0,1195.0,1203.0,1186.0,1191.0,211000.0
2024-08-26,42510,1192.0,1200.0,1171.0,1182.0,0,0,201900.0,238728500.0,1.0,1192.0,1200.0,1171.0,1182.0,201900.0
2024-08-27,42510,1176.0,1212.0,1176.0,1210.0,0,0,192900.0,231311100.0,1.0,1176.0,1212.0,1176.0,1210.0,192900.0
2024-08-28,42510,1200.0,1205.0,1176.0,1182.0,0,0,223100.0,264242000.0,1.0,1200.0,1205.0,1176.0,1182.0,223100.0
2024-08-29,42510,1173.0,1183.0,1159.0,1161.0,0,0,155400.0,181539800.0,1.0,1173.0,1183.0,1159.0,1161.0,155400.0
2024-08-30,42510,1170.0,1172.0,1153.0,1159.0,0,0,211100.0,245035100.0,1.0,1170.0,1172.0,1153.0,1159.0,211100.0
2024-09-02,42510,1188.0,1196.0,1164.0,1177.0,0,0,181700.0,214618100.0,1.0,1188.0,1196.0,1164.0,1177.0,181700.0
2024-09-03,42510,1173.0,1175.0,1148.0,1150.0,0,0,306200.0,354865400.0,1.0,1173.0,1175.0,1148.0,1150.0,306200.0
2024-09-04,42510,1105.0,1128.0,1101.0,1109.0,0,0,461500.0,512733400.0,1.0,1105.0,1128.0,1101.0,1109.0,461500.0
2024-09-05,42510,1100.0,1125.0,1082.0,1092.0,0,0,370400.0,405688800.0,1.0,1100.0,1125.0,1082.0,1092.0,370400.0
2024-09-06,42510,1095.0,1098.0,1058.0,1067.0,0,0,287800.0,308548700.0,1.0,1095.0,1098.0,1058.0,1067.0,287800.0
2024-09-09,42510,1035.0,1056.0,1018.0,1051.0,0,0,215400.0,223202500.0,1.0,1035.0,1056.0,1018.0,1051.0,215400.0
2024-09-10,42510,1058.0,1060.0,1030.0,1039.0,0,0,142300.0,148312000.0,1.0,1058.0,1060.0,1030.0,1039.0,142300.0
2024-09-11,42510,1028.0,1028.0,994.0,1002.0,0,0,260800.0,262871100.0,1.0,1028.0,1028.0,994.0,1002.0,260800.0
2024-09-12,42510,1029.0,1030.0,996.0,1009.0,0,0,223300.0,226005900.0,1.0,1029.0,1030.0,996.0,1009.0,223300.0
2024-09-13,42510,1000.0,1012.0,989.0,1006.0,0,0,266300.0,266259400.0,1.0,1000.0,1012.0,989.0,1006.0,266300.0
2024-09-17,42510,1008.0,1019.0,991.0,1006.0,0,0,194300.0,194582700.0,1.0,1008.0,1019.0,991.0,1006.0,194300.0
2024-09-18,42510,1020.0,1033.0,1012.0,1024.0,0,0,104800.0,107101200.0,1.0,1020.0,1033.0,1012.0,1024.0,104800.0
2024-09-19,42510,1040.0,1062.0,1040.0,1052.0,0,0,194600.0,204705100.0,1.0,1040.0,1062.0,1040.0,1052.0,194600.0
2024-09-20,42510,1070.0,1095.0,1068.0,1085.0,0,0,221500.0,239984400.0,1.0,1070.0,1095.0,1068.0,1085.0,221500.0
2024-09-24,42510,1109.0,1111.0,1084.0,1084.0,0,0,168600.0,184397300.0,1.0,1109.0,1111.0,1084.0,1084.0,168600.0
2024-09-25,42510,1084.0,1085.0,1067.0,1074.0,0,0,117000.0,125940700.0,1.0,1084.0,1085.0,1067.0,1074.0,117000.0
2024-09-26,42510,1090.0,1107.0,1081.0,1105.0,0,0,161600.0,176685600.0,1.0,1090.0,1107.0,1081.0,1105.0,161600.0
2024-09-27,42510,1113.0,1139.0,1106.0,1134.0,0,0,203700.0,229189600.0,1.0,1113.0,1139.0,1106.0,1134.0,203700.0
2024-09-30,42510,1087.0,1105.0,1077.0,1080.0,0,0,452600.0,492132400.0,1.0,1087.0,1105.0,1077.0,1080.0,452600.0
2024-10-01,42510,1097.0,1109.0,1083.0,1107.0,0,0,112600.0,123878000.0,1.0,1097.0,1109.0,1083.0,1107.0,112600.0
2024-10-02,42510,1093.0,1096.0,1078.0,1086.0,0,0,153000.0,166430000.0,1.0,1093.0,1096.0,1078.0,1086.0,153000.0
2024-10-03,42510,1102.0,1108.0,1090.0,1091.0,0,0,128700.0,141373500.0,1.0,1102.0,1108.0,1090.0,1091.0,128700.0
2024-10-04,42510,1094.0,1101.0,1077.0,1082.0,0,0,124600.0,135200900.0,1.0,1094.0,1101.0,1077.0,1082.0,124600.0
2024-10-07,42510,1104.0,1108.0,1091.0,1091.0,0,0,123700.0,135638400.0,1.0,1104.0,1108.0,1091.0,1091.0,123700.0
2024-10-08,42510,1085.0,1085.0,1055.0,1061.0,0,0,167500.0,178852800.0,1.0,1085.0,1085.0,1055.0,1061.0,167500.0
2024-10-09,42510,1073.0,1075.0,1058.0,1067.0,0,0,96800.0,102995600.0,1.0,1073.0,1075.0,1058.0,1067.0,96800.0
2024-10-10,42510,1067.0,1083.0,1056.0,1058.0,0,0,97800.0,103921700.0,1.0,1067.0,1083.0,1056.0,1058.0,97800.0
2024-10-11,42510,1060.0,1060.0,1046.0,1046.0,0,0,87900.0,92604600.0,1.0,1060.0,1060.0,1046.0,1046.0,87900.0
2024-10-15,42510,1060.0,1067.0,1050.0,1058.0,0,0,58500.0,62022000.0,1.0,1060.0,1067.0,1050.0,1058.0,58500.0
2024-10-16,42510,1046.0,1052.0,1030.0,1040.0,0,0,70700.0,73675200.0,1.0,1046.0,1052.0,1030.0,1040.0,70700.0
2024-10-17,42510,1040.0,1046.0,1037.0,1038.0,0,0,67800.0,70519300.0,1.0,1040.0,1046.0,1037.0,1038.0,67800.0
2024-10-18,42510,1047.0,1047.0,1030.0,1041.0,0,0,95300.0,98639200.0,1.0,1047.0,1047.0,1030.0,1041.0,95300.0
2024-10-21,42510,1038.0,1046.0,1032.0,1033.0,0,0,48700.0,50420300.0,1.0,1038.0,1046.0,1032.0,1033.0,48700.0
2024-10-22,42510,1028.0,1032.0,1011.0,1028.0,0,0,183100.0,187235200.0,1.0,1028.0,1032.0,1011.0,1028.0,183100.0
2024-10-23,42510,1022.0,1030.0,1008.0,1015.0,0,0,64500.0,65566100.0,1.0,1022.0,1030.0,1008.0,1015.0,64500.0
2024-10-24,42510,1002.0,1012.0,996.0,1012.0,0,0,107500.0,107945900.0,1.0,1002.0,1012.0,996.0,1012.0,107500.0
2024-10-25,42510,1001.0,1007.0,985.0,995.0,0,0,206300.0,204789800.0,1.0,1001.0,1007.0,985.0,995.0,206300.0
2024-10-28,42510,993.0,1022.0,992.0,1016.0,0,0,73500.0,74337900.0,1.0,993.0,1022.0,992.0,1016.0,73500.0
2024-10-29,42510,1019.0,1039.0,1016.0,1035.0,0,0,105200.0,108165800.0,1.0,1019.0,1039.0,1016.0,1035.0,105200.0
2024-10-30,42510,1035.0,1045.0,1027.0,1027.0,0,0,155400.0,160376200.0,1.0,1035.0,1045.0,1027.0,1027.0,155400.0
2024-10-31,42510,1032.0,1044.0,1027.0,1043.0,0,0,71600.0,74217900.0,1.0,1032.0,1044.0,1027.0,1043.0,71600.0
2024-11-01,42510,1028.0,1030.0,1014.0,1014.0,0,0,99300.0,101195700.0,1.0,1028.0,1030.0,1014.0,1014.0,99300.0
2024-11-05,42510,1026.0,1033.0,1020.0,1022.0,0,0,109400.0,112272500.0,1.0,1026.0,1033.0,1020.0,1022.0,109400.0
2024-11-06,42510,1035.0,1045.0,1028.0,1032.0,0,0,112300.0,116277000.0,1.0,1035.0,1045.0,1028.0,1032.0,112300.0
2024-11-07,42510,1046.0,1055.0,1033.0,1044.0,0,0,111100.0,116063600.0,1.0,1046.0,1055.0,1033.0,1044.0,111100.0
2024-11-08,42510,1054.0,1059.0,1033.0,1033.0,0,0,119100.0,124569700.0,1.0,1054.0,1059.0,1033.0,1033.0,119100.0
2024-11-11,42510,1041.0,1047.0,1030.0,1042.0,0,0,111700.0,115801800.0,1.0,1041.0,1047.0,1030.0,1042.0,111700.0
2024-11-12,42510,1050.0,1053.0,1022.0,1024.0,0,0,182300.0,189122100.0,1.0,1050.0,1053.0,1022.0,1024.0,182300.0
2024-11-13,42510,1025.0,1037.0,1020.0,1021.0,0,0,178500.0,183509400.0,1.0,1025.0,1037.0,1020.0,1021.0,178500.0
2024-11-14,42510,1025.0,1035.0,1010.0,1012.0,0,0,320300.0,326713000.0,1.0,1025.0,1035.0,1010.0,1012.0,320300.0
2024-11-15,42510,1000.0,1030.0,975.0,1007.0,0,0,397500.0,399509500.0,1.0,1000.0,1030.0,975.0,1007.0,397500.0
2024-11-18,42510,1001.0,1019.0,997.0,1004.0,0,0,141300.0,142174400.0,1.0,1001.0,1019.0,997.0,1004.0,141300.0
2024-11-19,42510,1010.0,1022.0,1005.0,1021.0,0,0,88600.0,89978800.0,1.0,1010.0,1022.0,1005.0,1021.0,88600.0
2024-11-20,42510,1015.0,1030.0,1008.0,1029.0,0,0,153900.0,156913200.0,1.0,1015.0,1030.0,1008.0,1029.0,153900.0
2024-11-21,42510,1029.0,1033.0,1003.0,1012.0,0,0,151500.0,153800100.0,1.0,1029.0,1033.0,1003.0,1012.0,151500.0
2024-11-22,42510,1010.0,1018.0,1007.0,1014.0,0,0,117600.0,119003500.0,1.0,1010.0,1018.0,1007.0,1014.0,117600.0
2024-11-25,42510,1018.0,1026.0,1000.0,1000.0,0,0,122200.0,123122000.0,1.0,1018.0,1026.0,1000.0,1000.0,122200.0
2024-11-26,42510,992.0,998.0,975.0,984.0,0,0,345800.0,340225500.0,1.0,992.0,998.0,975.0,984.0,345800.0
2024-11-27,42510,981.0,994.0,975.0,994.0,0,0,165300.0,162370500.0,1.0,981.0,994.0,975.0,994.0,165300.0
2024-11-28,42510,984.0,995.0,982.0,992.0,0,0,83200.0,82252200.0,1.0,984.0,995.0,982.0,992.0,83200.0
2024-11-29,42510,992.0,995.0,982.0,985.0,0,0,74300.0,73340500.0,1.0,992.0,995.0,982.0,985.0,74300.0
2024-12-02,42510,990.0,992.0,980.0,989.0,0,0,107800.0,106230800.0,1.0,990.0,992.0,980.0,989.0,107800.0
2024-12-03,42510,995.0,1015.0,995.0,1007.0,0,0,158300.0,159386400.0,1.0,995.0,1015.0,995.0,1007.0,158300.0
2024-12-04,42510,1003.0,1008.0,994.0,994.0,0,0,104800.0,104647700.0,1.0,1003.0,1008.0,994.0,994.0,104800.0
2024-12-05,42510,1000.0,1001.0,987.0,991.0,0,0,114200.0,113184800.0,1.0,1000.0,1001.0,987.0,991.0,114200.0
2024-12-06,42510,997.0,1011.0,997.0,1006.0,0,0,142800.0,143374800.0,1.0,997.0,1011.0,997.0,1006.0,142800.0
2024-12-09,42510,1010.0,1027.0,995.0,1012.0,0,0,177500.0,179557400.0,1.0,1010.0,1027.0,995.0,1012.0,177500.0
2024-12-10,42510,1015.0,1019.0,1007.0,1017.0,0,0,101900.0,103215200.0,1.0,1015.0,1019.0,1007.0,1017.0,101900.0
2024-12-11,42510,1019.0,1021.0,1003.0,1020.0,0,0,120100.0,121753900.0,1.0,1019.0,1021.0,1003.0,1020.0,120100.0
2024-12-12,42510,1025.0,1027.0,1014.0,1021.0,0,0,99400.0,101601200.0,1.0,1025.0,1027.0,1014.0,1021.0,99400.0
2024-12-13,42510,1015.0,1024.0,1014.0,1017.0,0,0,62900.0,63983400.0,1.0,1015.0,1024.0,1014.0,1017.0,62900.0
2024-12-16,42510,1019.0,1024.0,995.0,999.0,0,0,153200.0,154663300.0,1.0,1019.0,1024.0,995.0,999.0,153200.0
2024-12-17,42510,999.0,1001.0,991.0,994.0,0,0,121500.0,120820600.0,1.0,999.0,1001.0,991.0,994.0,121500.0
2024-12-18,42510,994.0,1004.0,994.0,999.0,0,0,59600.0,59489000.0,1.0,994.0,1004.0,994.0,999.0,59600.0
2024-12-19,42510,990.0,996.0,982.0,996.0,0,0,102700.0,101660100.0,1.0,990.0,996.0,982.0,996.0,102700.0
2024-12-20,42510,1000.0,1007.0,993.0,993.0,0,0,116800.0,116710100.0,1.0,1000.0,1007.0,993.0,993.0,116800.0
2024-12-23,42510,999.0,1001.0,982.0,997.0,0,0,143600.0,142382000.0,1.0,999.0,1001.0,982.0,997.0,143600.0
2024-12-24,42510,1000.0,1001.0,990.0,999.0,0,0,105600.0,105266200.0,1.0,1000.0,1001.0,990.0,999.0,105600.0
2024-12-25,42510,1001.0,1002.0,984.0,990.0,0,0,172800.0,171205100.0,1.0,1001.0,1002.0,984.0,990.0,172800.0
2024-12-26,42510,995.0,1010.0,992.0,1007.0,0,0,397800.0,398630800.0,1.0,995.0,1010.0,992.0,1007.0,397800.0
2024-12-27,42510,986.0,1004.0,986.0,999.0,0,0,385000.0,384272700.0,1.0,986.0,1004.0,986.0,999.0,385000.0
2024-12-30,42510,993.0,1008.0,993.0,1003.0,0,0,178500.0,178661700.0,1.0,993.0,1008.0,993.0,1003.0,178500.0
2025-01-06,42510,1006.0,1018.0,1000.0,1000.0,0,0,103900.0,104507000.0,1.0,1006.0,1018.0,1000.0,1000.0,103900.0
2025-01-07,42510,1005.0,1014.0,992.0,1009.0,0,0,130500.0,130748700.0,1.0,1005.0,1014.0,992.0,1009.0,130500.0
2025-01-08,42510,1013.0,1013.0,994.0,999.0,0,0,85500.0,85473700.0,1.0,1013.0,1013.0,994.0,999.0,85500.0
2025-01-09,42510,997.0,997.0,985.0,986.0,0,0,119100.0,117876400.0,1.0,997.0,997.0,985.0,986.0,119100.0
2025-01-10,42510,983.0,986.0,972.0,977.0,0,0,145200.0,142135000.0,1.0,983.0,986.0,972.0,977.0,145200.0
2025-01-14,42510,977.0,982.0,961.0,969.0,0,0,157400.0,152482000.0,1.0,977.0,982.0,961.0,969.0,157400.0
2025-01-15,42510,974.0,975.0,961.0,962.0,0,0,57800.0,55837700.0,1.0,974.0,975.0,961.0,962.0,57800.0
2025-01-16,42510,962.0,962.0,945.0,950.0,0,0,192000.0,182777400.0,1.0,962.0,962.0,945.0,950.0,192000.0
2025-01-17,42510,943.0,948.0,928.0,941.0,0,0,136800.0,128450200.0,1.0,943.0,948.0,928.0,941.0,136800.0
2025-01-20,42510,950.0,978.0,946.0,971.0,0,0,113000.0,109083700.0,1.0,950.0,978.0,946.0,971.0,113000.0
2025-01-21,42510,978.0,978.0,970.0,976.0,0,0,46200.0,45010600.0,1.0,978.0,978.0,970.0,976.0,46200.0
2025-01-22,42510,991.0,1004.0,981.0,999.0,0,0,102100.0,101337300.0,1.0,991.0,1004.0,981.0,999.0,102100.0
2025-01-23,42510,997.0,997.0,983.0,990.0,0,0,65900.0,65223000.0,1.0,997.0,997.0,983.0,990.0,65900.0
2025-01-24,42510,996.0,1004.0,992.0,992.0,0,0,53000.0,52866400.0,1.0,996.0,1004.0,992.0,992.0,53000.0
2025-01-27,42510,1002.0,1007.0,991.0,996.0,0,0,68500.0,68460400.0,1.0,1002.0,1007.0,991.0,996.0,68500.0
2025-01-28,42510,988.0,1000.0,985.0,998.0,0,0,66700.0,66342200.0,1.0,988.0,1000.0,985.0,998.0,66700.0
2025-01-29,42510,998.0,1019.0,998.0,1016.0,0,0,113200.0,114507200.0,1.0,998.0,1019.0,998.0,1016.0,113200.0
2025-01-30,42510,1017.0,1028.0,1010.0,1022.0,0,0,105100.0,107202300.0,1.0,1017.0,1028.0,1010.0,1022.0,105100.0
2025-01-31,42510,1027.0,1030.0,1015.0,1019.0,0,0,104500.0,106705900.0,1.0,1027.0,1030.0,1015.0,1019.0,104500.0
2025-02-03,42510,1008.0,1029.0,1008.0,1010.0,0,0,99500.0,101049800.0,1.0,1008.0,1029.0,1008.0,1010.0,99500.0
2025-02-04,42510,1010.0,1023.0,1010.0,1016.0,0,0,64300.0,65236700.0,1.0,1010.0,1023.0,1010.0,1016.0,64300.0
2025-02-05,42510,1014.0,1024.0,1010.0,1013.0,0,0,60800.0,61690400.0,1.0,1014.0,1024.0,1010.0,1013.0,60800.0
2025-02-06,42510,1013.0,1036.0,1013.0,1029.0,0,0,96600.0,99559900.0,1.0,1013.0,1036.0,1013.0,1029.0,96600.0
2025-02-07,42510,1032.0,1036.0,1011.0,1019.0,0,0,98000.0,100230800.0,1.0,1032.0,1036.0,1011.0,1019.0,98000.0
2025-02-10,42510,1019.0,1030.0,1009.0,1025.0,0,0,91200.0,93016100.0,1.0,1019.0,1030.0,1009.0,1025.0,91200.0
2025-02-12,42510,1021.0,1031.0,1017.0,1024.0,0,0,77400.0,79202800.0,1.0,1021.0,1031.0,1017.0,1024.0,77400.0
2025-02-13,42510,1028.0,1048.0,1028.0,1037.0,0,0,135900.0,141358800.0,1.0,1028.0,1048.0,1028.0,1037.0,135900.0
2025-02-14,42510,1028.0,1042.0,1017.0,1018.0,0,0,166300.0,170196400.0,1.0,1028.0,1042.0,1017.0,1018.0,166300.0
2025-02-17,42510,1063.0,1143.0,1063.0,1136.0,0,0,1108400.0,1228730600.0,1.0,1063.0,1143.0,1063.0,1136.0,1108400.0
2025-02-18,42510,1136.0,1223.0,1136.0,1209.0,0,0,614800.0,731815600.0,1.0,1136.0,1223.0,1136.0,1209.0,614800.0
2025-02-19,42510,1209.0,1227.0,1181.0,1226.0,0,0,338100.0,407835600.0,1.0,1209.0,1227.0,1181.0,1226.0,338100.0
2025-02-20,42510,1216.0,1272.0,1215.0,1270.0,0,0,364100.0,452783700.0,1.0,1216.0,1272.0,1215.0,1270.0,364100.0
2025-02-21,42510,1264.0,1268.0,1241.0,1241.0,0,0,231700.0,290061100.0,1.0,1264.0,1268.0,1241.0,1241.0,231700.0
2025-02-25,42510,1211.0,1267.0,1211.0,1235.0,0,0,239100.0,296501900.0,1.0,1211.0,1267.0,1211.0,1235.0,239100.0
2025-02-26,42510,1238.0,1242.0,1211.0,1230.0,0,0,100600.0,123222500.0,1.0,1238.0,1242.0,1211.0,1230.0,100600.0
2025-02-27,42510,1221.0,1242.0,1212.0,1229.0,0,0,97700.0,120102200.0,1.0,1221.0,1242.0,1212.0,1229.0,97700.0
2025-02-28,42510,1229.0,1234.0,1190.0,1202.0,0,0,208300.0,250653700.0,1.0,1229.0,1234.0,1190.0,1202.0,208300.0
2025-03-03,42510,1213.0,1227.0,1205.0,1218.0,0,0,149300.0,181590900.0,1.0,1213.0,1227.0,1205.0,1218.0,149300.0
2025-03-04,42510,1215.0,1225.0,1192.0,1210.0,0,0,137500.0,165767200.0,1.0,1215.0,1225.0,1192.0,1210.0,137500.0
2025-03-05,42510,1204.0,1207.0,1184.0,1193.0,0,0,116100.0,138723800.0,1.0,1204.0,1207.0,1184.0,1193.0,116100.0
2025-03-06,42510,1206.0,1217.0,1196.0,1203.0,0,0,138500.0,167065600.0,1.0,1206.0,1217.0,1196.0,1203.0,138500.0
2025-03-07,42510,1195.0,1197.0,1168.0,1172.0,0,0,120800.0,142447000.0,1.0,1195.0,1197.0,1168.0,1172.0,120800.0
2025-03-10,42510,1169.0,1175.0,1139.0,1168.0,0,0,177200.0,205438000.0,1.0,1169.0,1175.0,1139.0,1168.0,177200.0
2025-03-11,42510,1160.0,1189.0,1142.0,1189.0,0,0,331000.0,385426400.0,1.0,1160.0,1189.0,1142.0,1189.0,331000.0
2025-03-12,42510,1184.0,1217.0,1184.0,1215.0,0,0,163600.0,197436400.0,1.0,1184.0,1217.0,1184.0,1215.0,163600.0
2025-03-13,42510,1218.0,1222.0,1202.0,1204.0,0,0,85000.0,102829900.0,1.0,1218.0,1222.0,1202.0,1204.0,85000.0
2025-03-14,42510,1208.0,1213.0,1188.0,1190.0,0,0,104700.0,125570300.0,1.0,1208.0,1213.0,1188.0,1190.0,104700.0
2025-03-17,42510,1190.0,1202.0,1181.0,1182.0,0,0,151000.0,179539100.0,1.0,1190.0,1202.0,1181.0,1182.0,151000.0
2025-03-18,42510,1220.0,1220.0,1162.0,1162.0,0,0,220400.0,260820200.0,1.0,1220.0,1220.0,1162.0,1162.0,220400.0
2025-03-19,42510,1145.0,1164.0,1145.0,1148.0,0,0,122200.0,140936000.0,1.0,1145.0,1164.0,1145.0,1148.0,122200.0
2025-03-21,42510,1148.0,1148.0,1118.0,1124.0,0,0,128000.0,144782800.0,1.0,1148.0,1148.0,1118.0,1124.0,128000.0
2025-03-24,42510,1140.0,1148.0,1098.0,1102.0,0,0,142600.0,158671000.0,1.0,1140.0,1148.0,1098.0,1102.0,142600.0
2025-03-25,42510,1103.0,1118.0,1091.0,1118.0,0,0,134400.0,148711400.0,1.0,1103.0,1118.0,1091.0,1118.0,134400.0
2025-03-26,42510,1118.0,1118.0,1100.0,1111.0,0,0,79000.0,87461200.0,1.0,1118.0,1118.0,1100.0,1111.0,79000.0
2025-03-27,42510,1100.0,1106.0,1084.0,1094.0,0,0,77000.0,84070000.0,1.0,1100.0,1106.0,1084.0,1094.0,77000.0
2025-03-28,42510,1082.0,1095.0,1082.0,1085.0,0,0,71100.0,77291100.0,1.0,1082.0,1095.0,1082.0,1085.0,71100.0
2025-03-31,42510,1075.0,1077.0,1025.0,1034.0,0,0,160500.0,167480400.0,1.0,1075.0,1077.0,1025.0,1034.0,160500.0
2025-04-01,42510,1035.0,1043.0,1008.0,1014.0,0,0,115000.0,117717400.0,1.0,1035.0,1043.0,1008.0,1014.0,115000.0
2025-04-02,42510,1016.0,1017.0,998.0,1010.0,0,0,88700.0,89255600.0,1.0,1016.0,1017.0,998.0,1010.0,88700.0
2025-04-03,42510,986.0,1000.0,965.0,973.0,0,0,361100.0,351103700.0,1.0,986.0,1000.0,965.0,973.0,361100.0
2025-04-04,42510,943.0,954.0,872.0,892.0,0,0,251000.0,226690400.0,1.0,943.0,954.0,872.0,892.0,251000.0
2025-04-07,42510,779.0,802.0,757.0,780.0,0,0,308400.0,241370200.0,1.0,779.0,802.0,757.0,780.0,308400.0
2025-04-08,42510,850.0,889.0,850.0,862.0,0,0,255500.0,221646800.0,1.0,850.0,889.0,850.0,862.0,255500.0
2025-04-09,42510,838.0,838.0,806.0,821.0,0,0,201400.0,165371900.0,1.0,838.0,838.0,806.0,821.0,201400.0
2025-04-10,42510,911.0,911.0,875.0,889.0,0,0,199100.0,177027500.0,1.0,911.0,911.0,875.0,889.0,199100.0
2025-04-11,42510,850.0,870.0,832.0,870.0,0,0,153600.0,130717700.0,1.0,850.0,870.0,832.0,870.0,153600.0
2025-04-14,42510,900.0,900.0,883.0,893.0,0,0,111900.0,99847500.0,1.0,900.0,900.0,883.0,893.0,111900.0
2025-04-15,42510,899.0,899.0,880.0,884.0,0,0,72500.0,64221700.0,1.0,899.0,899.0,880.0,884.0,72500.0
2025-04-16,42510,878.0,896.0,874.0,892.0,0,0,119400.0,105550300.0,1.0,878.0,896.0,874.0,892.0,119400.0
2025-04-17,42510,885.0,899.0,878.0,896.0,0,0,106600.0,95021500.0,1.0,885.0,899.0,878.0,896.0,106600.0
2025-04-18,42510,893.0,904.0,889.0,892.0,0,0,80900.0,72527800.0,1.0,893.0,904.0,889.0,892.0,80900.0
2025-04-21,42510,890.0,897.0,877.0,886.0,0,0,95200.0,84196700.0,1.0,890.0,897.0,877.0,886.0,95200.0
2025-04-22,42510,885.0,898.0,876.0,877.0,0,0,68600.0,60526000.0,1.0,885.0,898.0,876.0,877.0,68600.0
2025-04-23,42510,896.0,904.0,890.0,891.0,0,0,96400.0,86376700.0,1.0,896.0,904.0,890.0,891.0,96400.0
2025-04-24,42510,903.0,905.0,886.0,887.0,0,0,100400.0,90132800.0,1.0,903.0,905.0,886.0,887.0,100400.0
2025-04-25,42510,902.0,921.0,897.0,919.0,0,0,73600.0,67155800.0,1.0,902.0,921.0,897.0,919.0,73600.0
2025-04-28,42510,923.0,927.0,910.0,910.0,0,0,87800.0,80316000.0,1.0,923.0,927.0,910.0,910.0,87800.0
2025-04-30,42510,920.0,920.0,901.0,916.0,0,0,67700.0,61552100.0,1.0,920.0,920.0,901.0,916.0,67700.0
2025-05-01,42510,911.0,914.0,903.0,905.0,0,0,67100.0,60963400.0,1.0,911.0,914.0,903.0,905.0,67100.0
2025-05-02,42510,905.0,910.0,897.0,900.0,0,0,66900.0,60351400.0,1.0,905.0,910.0,897.0,900.0,66900.0
2025-05-07,42510,904.0,914.0,898.0,903.0,0,0,53700.0,48436500.0,1.0,904.0,914.0,898.0,903.0,53700.0
2025-05-08,42510,903.0,903.0,886.0,896.0,0,0,73400.0,65583500.0,1.0,903.0,903.0,886.0,896.0,73400.0
2025-05-09,42510,896.0,908.0,896.0,896.0,0,0,69700.0,62875800.0,1.0,896.0,908.0,896.0,896.0,69700.0
2025-05-12,42510,906.0,918.0,901.0,908.0,0,0,66300.0,60301200.0,1.0,906.0,918.0,901.0,908.0,66300.0
2025-05-13,42510,934.0,949.0,920.0,927.0,0,0,108500.0,101203300.0,1.0,934.0,949.0,920.0,927.0,108500.0
2025-05-14,42510,929.0,932.0,913.0,930.0,0,0,135000.0,124918000.0,1.0,929.0,932.0,913.0,930.0,135000.0
2025-05-15,42510,975.0,976.0,930.0,930.0,0,0,217400.0,207355100.0,1.0,975.0,976.0,930.0,930.0,217400.0
2025-05-16,42510,932.0,947.0,915.0,940.0,0,0,102400.0,95502500.0,1.0,932.0,947.0,915.0,940.0,102400.0
2025-05-19,42510,931.0,931.0,911.0,919.0,0,0,91300.0,83851400.0,1.0,931.0,931.0,911.0,919.0,91300.0
2025-05-20,42510,925.0,928.0,913.0,917.0,0,0,87300.0,80121800.0,1.0,925.0,928.0,913.0,917.0,87300.0
2025-05-21,42510,915.0,924.0,912.0,912.0,0,0,61500.0,56329200.0,1.0,915.0,924.0,912.0,912.0,61500.0
2025-05-22,42510,905.0,916.0,897.0,912.0,0,0,54200.0,49317500.0,1.0,905.0,916.0,897.0,912.0,54200.0
2025-05-23,42510,913.0,926.0,913.0,922.0,0,0,83300.0,76692000.0,1.0,913.0,926.0,913.0,922.0,83300.0
2025-05-26,42510,930.0,940.0,928.0,933.0,0,0,48500.0,45271500.0,1.0,930.0,940.0,928.0,933.0,48500.0
2025-05-27,42510,938.0,941.0,930.0,941.0,0,0,26500.0,24839600.0,1.0,938.0,941.0,930.0,941.0,26500.0
2025-05-28,42510,943.0,955.0,943.0,945.0,0,0,74400.0,70578400.0,1.0,943.0,955.0,943.0,945.0,74400.0
2025-05-29,42510,946.0,958.0,946.0,952.0,0,0,50200.0,47819400.0,1.0,946.0,958.0,946.0,952.0,50200.0
2025-05-30,42510,950.0,971.0,945.0,964.0,0,0,106300.0,102153900.0,1.0,950.0,971.0,945.0,964.0,106300.0
2025-06-02,42510,961.0,995.0,956.0,995.0,0,0,123900.0,121402800.0,1.0,961.0,995.0,956.0,995.0,123900.0
2025-06-03,42510,995.0,995.0,976.0,983.0,0,0,123600.0,121636000.0,1.0,995.0,995.0,976.0,983.0,123600.0
2025-06-04,42510,985.0,1009.0,985.0,991.0,0,0,100600.0,100238200.0,1.0,985.0,1009.0,985.0,991.0,100600.0
2025-06-05,42510,998.0,1016.0,992.0,1015.0,0,0,80500.0,81194500.0,1.0,998.0,1016.0,992.0,1015.0,80500.0
2025-06-06,42510,1015.0,1025.0,1009.0,1025.0,0,0,72600.0,73983400.0,1.0,1015.0,1025.0,1009.0,1025.0,72600.0
2025-06-09,42510,1026.0,1034.0,1020.0,1033.0,0,0,75200.0,77149400.0,1.0,1026.0,1034.0,1020.0,1033.0,75200.0
2025-06-10,42510,1040.0,1062.0,1038.0,1044.0,0,0,101800.0,106718900.0,1.0,1040.0,1062.0,1038.0,1044.0,101800.0
2025-06-11,42510,1042.0,1081.0,1039.0,1075.0,0,0,127700.0,136085400.0,1.0,1042.0,1081.0,1039.0,1075.0,127700.0
2025-06-12,42510,1079.0,1093.0,1058.0,1078.0,0,0,142300.0,152370100.0,1.0,1079.0,1093.0,1058.0,1078.0,142300.0
2025-06-13,42510,1073.0,1082.0,1045.0,1056.0,0,0,156300.0,165339600.0,1.0,1073.0,1082.0,1045.0,1056.0,156300.0
2025-06-16,42510,1065.0,1077.0,1046.0,1046.0,0,0,70300.0,74388300.0,1.0,1065.0,1077.0,1046.0,1046.0,70300.0
2025-06-17,42510,1093.0,1098.0,1064.0,1067.0,0,0,153600.0,166345300.0,1.0,1093.0,1098.0,1064.0,1067.0,153600.0
2025-06-18,42510,1063.0,1078.0,1054.0,1073.0,0,0,87000.0,93000000.0,1.0,1063.0,1078.0,1054.0,1073.0,87000.0
2025-06-19,42510,1073.0,1075.0,1050.0,1063.0,0,0,68800.0,73088900.0,1.0,1073.0,1075.0,1050.0,1063.0,68800.0
2025-06-20,42510,1063.0,1079.0,1058.0,1059.0,0,0,65600.0,69921700.0,1.0,1063.0,1079.0,1058.0,1059.0,65600.0
2025-06-23,42510,1055.0,1061.0,1044.0,1053.0,0,0,55700.0,58687900.0,1.0,1055.0,1061.0,1044.0,1053.0,55700.0
2025-06-24,42510,1067.0,1073.0,1058.0,1066.0,0,0,42000.0,44690700.0,1.0,1067.0,1073.0,1058.0,1066.0,42000.0
2025-06-25,42510,1061.0,1074.0,1046.0,1072.0,0,0,51800.0,55014900.0,1.0,1061.0,1074.0,1046.0,1072.0,51800.0
2025-06-26,42510,1069.0,1076.0,1062.0,1062.0,0,0,45500.0,48535200.0,1.0,1069.0,1076.0,1062.0,1062.0,45500.0
2025-06-27,42510,1073.0,1084.0,1063.0,1080.0,0,0,127500.0,137528200.0,1.0,1073.0,1084.0,1063.0,1080.0,127500.0
2025-06-30,42510,1085.0,1098.0,1080.0,1080.0,0,0,95500.0,103996500.0,1.0,1085.0,1098.0,1080.0,1080.0,95500.0
2025-07-01,42510,1080.0,1092.0,1052.0,1058.0,0,0,93500.0,99150300.0,1.0,1080.0,1092.0,1052.0,1058.0,93500.0
2025-07-02,42510,1046.0,1059.0,1036.0,1050.0,0,0,102300.0,107132800.0,1.0,1046.0,1059.0,1036.0,1050.0,102300.0
2025-07-03,42510,1050.0,1062.0,1041.0,1049.0,0,0,36100.0,37937400.0,1.0,1050.0,1062.0,1041.0,1049.0,36100.0
2025-07-04,42510,1049.0,1055.0,1046.0,1048.0,0,0,44600.0,46811600.0,1.0,1049.0,1055.0,1046.0,1048.0,44600.0
2025-07-07,42510,1048.0,1062.0,1046.0,1046.0,0,0,57100.0,60015600.0,1.0,1048.0,1062.0,1046.0,1046.0,57100.0
2025-07-08,42510,1045.0,1114.0,1041.0,1085.0,0,0,250500.0,272898800.0,1.0,1045.0,1114.0,1041.0,1085.0,250500.0
2025-07-09,42510,1084.0,1130.0,1081.0,1110.0,0,0,199100.0,222165500.0,1.0,1084.0,1130.0,1081.0,1110.0,199100.0
2025-07-10,42510,1119.0,1119.0,1095.0,1105.0,0,0,99500.0,109997800.0,1.0,1119.0,1119.0,1095.0,1105.0,99500.0
2025-07-11,42510,1120.0,1133.0,1115.0,1132.0,0,0,96900.0,108952100.0,1.0,1120.0,1133.0,1115.0,1132.0,96900.0
2025-07-14,42510,1125.0,1129.0,1101.0,1122.0,0,0,102400.0,114791300.0,1.0,1125.0,1129.0,1101.0,1122.0,102400.0
2025-07-15,42510,1122.0,1137.0,1121.0,1134.0,0,0,79800.0,90114400.0,1.0,1122.0,1137.0,1121.0,1134.0,79800.0
2025-07-16,42510,1139.0,1169.0,1128.0,1128.0,0,0,141800.0,162689300.0,1.0,1139.0,1169.0,1128.0,1128.0,141800.0
2025-07-17,42510,1121.0,1138.0,1110.0,1128.0,0,0,56800.0,63794800.0,1.0,1121.0,1138.0,1110.0,1128.0,56800.0
2025-07-18,42510,1135.0,1135.0,1117.0,1127.0,0,0,74900.0,84446600.0,1.0,1135.0,1135.0,1117.0,1127.0,74900.0
2025-07-22,42510,1127.0,1158.0,1127.0,1144.0,0,0,83400.0,95432400.0,1.0,1127.0,1158.0,1127.0,1144.0,83400.0
2025-07-23,42510,1144.0,1159.0,1140.0,1154.0,0,0,109100.0,125706000.0,1.0,1144.0,1159.0,1140.0,1154.0,109100.0
2025-07-24,42510,1163.0,1177.0,1150.0,1168.0,0,0,81200.0,94797600.0,1.0,1163.0,1177.0,1150.0,1168.0,81200.0
2025-07-25,42510,1166.0,1168.0,1144.0,1154.0,0,0,54700.0,63390100.0,1.0,1166.0,1168.0,1144.0,1154.0,54700.0
2025-07-28,42510,1154.0,1208.0,1153.0,1202.0,0,0,170200.0,202774200.0,1.0,1154.0,1208.0,1153.0,1202.0,170200.0
2025-07-29,42510,1200.0,1234.0,1180.0,1219.0,0,0,145200.0,176391500.0,1.0,1200.0,1234.0,1180.0,1219.0,145200.0
2025-07-30,42510,1217.0,1244.0,1203.0,1225.0,0,0,110500.0,136032800.0,1.0,1217.0,1244.0,1203.0,1225.0,110500.0
2025-07-31,42510,1221.0,1263.0,1213.0,1250.0,0,0,202400.0,253125300.0,1.0,1221.0,1263.0,1213.0,1250.0,202400.0
2025-08-01,42510,1245.0,1325.0,1241.0,1306.0,0,0,344300.0,446596000.0,1.0,1245.0,1325.0,1241.0,1306.0,344300.0
2025-08-04,42510,1276.0,1280.0,1236.0,1242.0,0,0,214000.0,267758800.0,1.0,1276.0,1280.0,1236.0,1242.0,214000.0
2025-08-05,42510,1239.0,1262.0,1230.0,1232.0,0,0,88100.0,109659700.0,1.0,1239.0,1262.0,1230.0,1232.0,88100.0
2025-08-06,42510,1232.0,1243.0,1224.0,1239.0,0,0,94600.0,116844600.0,1.0,1232.0,1243.0,1224.0,1239.0,94600.0
2025-08-07,42510,1239.0,1239.0,1205.0,1212.0,0,0,129700.0,157782600.0,1.0,1239.0,1239.0,1205.0,1212.0,129700.0
2025-08-08,42510,1220.0,1260.0,1215.0,1255.0,0,0,171400.0,212709600.0,1.0,1220.0,1260.0,1215.0,1255.0,171400.0
2025-08-12,42510,1264.0,1273.0,1253.0,1261.0,0,0,127000.0,160317600.0,1.0,1264.0,1273.0,1253.0,1261.0,127000.0
2025-08-13,42510,1261.0,1272.0,1255.0,1270.0,0,0,108400.0,137130500.0,1.0,1261.0,1272.0,1255.0,1270.0,108400.0
2025-08-14,42510,1278.0,1281.0,1241.0,1246.0,0,0,131300.0,164616400.0,1.0,1278.0,1281.0,1241.0,1246.0,131300.0
2025-08-15,42510,1210.0,1220.0,1130.0,1132.0,0,0,555500.0,644461100.0,1.0,1210.0,1220.0,1130.0,1132.0,555500.0
2025-08-18,42510,1135.0,1154.0,1128.0,1146.0,0,0,196800.0,224584400.0,1.0,1135.0,1154.0,1128.0,1146.0,196800.0
2025-08-19,42510,1145.0,1145.0,1123.0,1129.0,0,0,184300.0,208548900.0,1.0,1145.0,1145.0,1123.0,1129.0,184300.0
2025-08-20,42510,1123.0,1125.0,1111.0,1112.0,0,0,127000.0,141842400.0,1.0,1123.0,1125.0,1111.0,1112.0,127000.0
2025-08-21,42510,1122.0,1122.0,1111.0,1114.0,0,0,79900.0,89207100.0,1.0,1122.0,1122.0,1111.0,1114.0,79900.0
2025-08-22,42510,1114.0,1123.0,1105.0,1114.0,0,0,68600.0,76414000.0,1.0,1114.0,1123.0,1105.0,1114.0,68600.0
2025-08-25,42510,1127.0,1132.0,1119.0,1119.0,0,0,74700.0,84018900.0,1.0,1127.0,1132.0,1119.0,1119.0,74700.0
2025-08-26,42510,1122.0,1122.0,1106.0,1114.0,0,0,66000.0,73416800.0,1.0,1122.0,1122.0,1106.0,1114.0,66000.0
2025-08-27,42510,1106.0,1112.0,1100.0,1104.0,0,0,138300.0,152735400.0,1.0,1106.0,1112.0,1100.0,1104.0,138300.0
2025-08-28,42510,1105.0,1107.0,1098.0,1098.0,0,0,70400.0,77486400.0,1.0,1105.0,1107.0,1098.0,1098.0,70400.0
2025-08-29,42510,1100.0,1116.0,1100.0,1112.0,0,0,40900.0,45387600.0,1.0,1100.0,1116.0,1100.0,1112.0,40900.0
2025-09-01,42510,1107.0,1111.0,1098.0,1107.0,0,0,69500.0,76671200.0,1.0,1107.0,1111.0,1098.0,1107.0,69500.0
2025-09-02,42510,1109.0,1123.0,1108.0,1109.0,0,0,58200.0,64790700.0,1.0,1109.0,1123.0,1108.0,1109.0,58200.0
2025-09-03,42510,1109.0,1124.0,1103.0,1116.0,0,0,89000.0,99085900.0,1.0,1109.0,1124.0,1103.0,1116.0,89000.0
2025-09-04,42510,1116.0,1131.0,1104.0,1126.0,0,0,89700.0,100636500.0,1.0,1116.0,1131.0,1104.0,1126.0,89700.0
2025-09-05,42510,1122.0,1133.0,1115.0,1133.0,0,0,87200.0,98351900.0,1.0,1122.0,1133.0,1115.0,1133.0,87200.0
2025-09-08,42510,1136.0,1148.0,1130.0,1145.0,0,0,120900.0,137700500.0,1.0,1136.0,1148.0,1130.0,1145.0,120900.0
2025-09-09,42510,1148.0,1159.0,1132.0,1135.0,0,0,142500.0,163031200.0,1.0,1148.0,1159.0,1132.0,1135.0,142500.0
2025-09-10,42510,1136.0,1141.0,1122.0,1127.0,0,0,83300.0,94160700.0,1.0,1136.0,1141.0,1122.0,1127.0,83300.0
2025-09-11,42510,1129.0,1137.0,1121.0,1121.0,0,0,54600.0,61614600.0,1.0,1129.0,1137.0,1121.0,1121.0,54600.0
2025-09-12,42510,1125.0,1143.0,1123.0,1138.0,0,0,87800.0,99674800.0,1.0,1125.0,1143.0,1123.0,1138.0,87800.0
2025-09-16,42510,1143.0,1170.0,1143.0,1163.0,0,0,175300.0,203450600.0,1.0,1143.0,1170.0,1143.0,1163.0,175300.0
2025-09-17,42510,1163.0,1163.0,1135.0,1148.0,0,0,85900.0,98466100.0,1.0,1163.0,1163.0,1135.0,1148.0,85900.0
2025-09-18,42510,1152.0,1184.0,1147.0,1174.0,0,0,129300.0,151128700.0,1.0,1152.0,1184.0,1147.0,1174.0,129300.0
2025-09-19,42510,1177.0,1185.0,1154.0,1170.0,0,0,121800.0,142793400.0,1.0,1177.0,1185.0,1154.0,1170.0,121800.0
2025-09-22,42510,1174.0,1200.0,1174.0,1183.0,0,0,156300.0,185521600.0,1.0,1174.0,1200.0,1174.0,1183.0,156300.0
2025-09-24,42510,1187.0,1199.0,1170.0,1190.0,0,0,136800.0,162054000.0,1.0,1187.0,1199.0,1170.0,1190.0,136800.0
2025-09-25,42510,1196.0,1213.0,1188.0,1199.0,0,0,152300.0,182484400.0,1.0,1196.0,1213.0,1188.0,1199.0,152300.0
2025-09-26,42510,1200.0,1210.0,1183.0,1200.0,0,0,143100.0,171377300.0,1.0,1200.0,1210.0,1183.0,1200.0,143100.0
2025-09-29,42510,1200.0,1208.0,1183.0,1199.0,0,0,69600.0,83379500.0,1.0,1200.0,1208.0,1183.0,1199.0,69600.0
2025-09-30,42510,1192.0,1192.0,1176.0,1181.0,0,0,83000.0,98089100.0,1.0,1192.0,1192.0,1176.0,1181.0,83000.0
2025-10-01,42510,1172.0,1173.0,1145.0,1147.0,0,0,94900.0,109470600.0,1.0,1172.0,1173.0,1145.0,1147.0,94900.0
2025-10-02,42510,1150.0,1176.0,1150.0,1158.0,0,0,62400.0,72377300.0,1.0,1150.0,1176.0,1150.0,1158.0,62400.0
2025-10-03,42510,1158.0,1191.0,1157.0,1191.0,0,0,47200.0,55710500.0,1.0,1158.0,1191.0,1157.0,1191.0,47200.0
2025-10-06,42510,1221.0,1229.0,1210.0,1213.0,0,0,123200.0,150198100.0,1.0,1221.0,1229.0,1210.0,1213.0,123200.0
2025-10-07,42510,1212.0,1241.0,1204.0,1227.0,0,0,89500.0,110062300.0,1.0,1212.0,1241.0,1204.0,1227.0,89500.0
2025-10-08,42510,1219.0,1233.0,1218.0,1220.0,0,0,31000.0,37921400.0,1.0,1219.0,1233.0,1218.0,1220.0,31000.0
2025-10-09,42510,1224.0,1242.0,1222.0,1242.0,0,0,60100.0,74212100.0,1.0,1224.0,1242.0,1222.0,1242.0,60100.0
2025-10-10,42510,1225.0,1231.0,1194.0,1197.0,0,0,95400.0,115711800.0,1.0,1225.0,1231.0,1194.0,1197.0,95400.0
2025-10-14,42510,1174.0,1191.0,1154.0,1172.0,0,0,105400.0,123121900.0,1.0,1174.0,1191.0,1154.0,1172.0,105400.0
2025-10-15,42510,1175.0,1205.0,1175.0,1205.0,0,0,48600.0,58023800.0,1.0,1175.0,1205.0,1175.0,1205.0,48600.0
2025-10-16,42510,1205.0,1216.0,1195.0,1216.0,0,0,35400.0,42760400.0,1.0,1205.0,1216.0,1195.0,1216.0,35400.0
2025-10-17,42510,1215.0,1215.0,1181.0,1181.0,0,0,54400.0,64928600.0,1.0,1215.0,1215.0,1181.0,1181.0,54400.0
2025-10-20,42510,1185.0,1205.0,1182.0,1203.0,0,0,43900.0,52602800.0,1.0,1185.0,1205.0,1182.0,1203.0,43900.0
2025-10-21,42510,1210.0,1220.0,1202.0,1212.0,0,0,97600.0,118065200.0,1.0,1210.0,1220.0,1202.0,1212.0,97600.0
2025-10-22,42510,1212.0,1219.0,1200.0,1210.0,0,0,39100.0,47375000.0,1.0,1212.0,1219.0,1200.0,1210.0,39100.0
2025-10-23,42510,1210.0,1219.0,1193.0,1217.0,0,0,47200.0,57068400.0,1.0,1210.0,1219.0,1193.0,1217.0,47200.0
2025-10-24,42510,1223.0,1224.0,1206.0,1218.0,0,0,49500.0,60079700.0,1.0,1223.0,1224.0,1206.0,1218.0,49500.0
2025-10-27,42510,1223.0,1231.0,1211.0,1219.0,0,0,57100.0,69676800.0,1.0,1223.0,1231.0,1211.0,1219.0,57100.0
2025-10-28,42510,1214.0,1222.0,1184.0,1189.0,0,0,69900.0,83720500.0,1.0,1214.0,1222.0,1184.0,1189.0,69900.0
2025-10-29,42510,1188.0,1189.0,1172.0,1175.0,0,0,43600.0,51403200.0,1.0,1188.0,1189.0,1172.0,1175.0,43600.0
