Date,Code,Open,High,Low,Close,UpperLimit,LowerLimit,Volume,TurnoverValue,AdjustmentFactor,AdjustmentOpen,AdjustmentHigh,AdjustmentLow,AdjustmentClose,AdjustmentVolume
2020-10-29,43440,292.0,303.0,291.0,299.0,0,0,658100.0,195407300.0,1.0,292.0,303.0,291.0,299.0,658100.0
2020-10-30,43440,300.0,300.0,287.0,290.0,0,0,836600.0,243708200.0,1.0,300.0,300.0,287.0,290.0,836600.0
2020-11-02,43440,290.0,294.0,288.0,290.0,0,0,542300.0,157829600.0,1.0,290.0,294.0,288.0,290.0,542300.0
2020-11-04,43440,294.0,302.0,292.0,298.0,0,0,950100.0,282074200.0,1.0,294.0,302.0,292.0,298.0,950100.0
2020-11-05,43440,300.0,307.0,297.0,307.0,0,0,785900.0,238717100.0,1.0,300.0,307.0,297.0,307.0,785900.0
2020-11-06,43440,304.0,308.0,302.0,305.0,0,0,731700.0,223024000.0,1.0,304.0,308.0,302.0,305.0,731700.0
2020-11-09,43440,308.0,311.0,302.0,306.0,0,0,732400.0,223924500.0,1.0,308.0,311.0,302.0,306.0,732400.0
2020-11-10,43440,312.0,315.0,306.0,312.0,0,0,1188200.0,369263000.0,1.0,312.0,315.0,306.0,312.0,1188200.0
2020-11-11,43440,313.0,315.0,309.0,314.0,0,0,894200.0,279471500.0,1.0,313.0,315.0,309.0,314.0,894200.0
2020-11-12,43440,317.0,319.0,308.0,315.0,0,0,1152500.0,362053200.0,1.0,317.0,319.0,308.0,315.0,1152500.0
2020-11-13,43440,310.0,315.0,306.0,313.0,0,0,938200.0,292005600.0,1.0,310.0,315.0,306.0,313.0,938200.0
2020-11-16,43440,314.0,324.0,314.0,323.0,0,0,1449800.0,464477000.0,1.0,314.0,324.0,314.0,323.0,1449800.0
2020-11-17,43440,324.0,328.0,315.0,318.0,0,0,1296800.0,415102900.0,1.0,324.0,328.0,315.0,318.0,1296800.0
2020-11-18,43440,320.0,329.0,317.0,326.0,0,0,1309300.0,426253100.0,1.0,320.0,329.0,317.0,326.0,1309300.0
2020-11-19,43440,324.0,325.0,313.0,315.0,0,0,992200.0,314823500.0,1.0,324.0,325.0,313.0,315.0,992200.0
2020-11-20,43440,315.0,322.0,312.0,322.0,0,0,693500.0,220477300.0,1.0,315.0,322.0,312.0,322.0,693500.0
2020-11-24,43440,324.0,330.0,323.0,327.0,0,0,1251900.0,409133700.0,1.0,324.0,330.0,323.0,327.0,1251900.0
2020-11-25,43440,328.0,328.0,319.0,319.0,0,0,901100.0,290295100.0,1.0,328.0,328.0,319.0,319.0,901100.0
2020-11-26,43440,321.0,326.0,320.0,326.0,0,0,630900.0,203973800.0,1.0,321.0,326.0,320.0,326.0,630900.0
2020-11-27,43440,321.0,327.0,321.0,324.0,0,0,810700.0,263172400.0,1.0,321.0,327.0,321.0,324.0,810700.0
2020-11-30,43440,322.0,324.0,313.0,313.0,0,0,932200.0,295604200.0,1.0,322.0,324.0,313.0,313.0,932200.0
2020-12-01,43440,318.0,320.0,313.0,317.0,0,0,693800.0,219582900.0,1.0,318.0,320.0,313.0,317.0,693800.0
2020-12-02,43440,317.0,321.0,313.0,319.0,0,0,699700.0,223072800.0,1.0,317.0,321.0,313.0,319.0,699700.0
2020-12-03,43440,319.0,320.0,315.0,318.0,0,0,520200.0,165204500.0,1.0,319.0,320.0,315.0,318.0,520200.0
2020-12-04,43440,317.0,318.0,312.0,315.0,0,0,658200.0,206827500.0,1.0,317.0,318.0,312.0,315.0,658200.0
2020-12-07,43440,313.0,313.0,302.0,303.0,0,0,1040700.0,318929200.0,1.0,313.0,313.0,302.0,303.0,1040700.0
2020-12-08,43440,305.0,308.0,302.0,306.0,0,0,549900.0,167984000.0,1.0,305.0,308.0,302.0,306.0,549900.0
2020-12-09,43440,304.0,307.0,303.0,304.0,0,0,525000.0,159730200.0,1.0,304.0,307.0,303.0,304.0,525000.0
2020-12-10,43440,302.0,303.0,298.0,298.0,0,0,665000.0,199607400.0,1.0,302.0,303.0,298.0,298.0,665000.0
2020-12-11,43440,297.0,302.0,297.0,300.0,0,0,628400.0,187965600.0,1.0,297.0,302.0,297.0,300.0,628400.0
2020-12-14,43440,302.0,307.0,302.0,305.0,0,0,604100.0,183836500.0,1.0,302.0,307.0,302.0,305.0,604100.0
2020-12-15,43440,305.0,306.0,297.0,301.0,0,0,883100.0,265665200.0,1.0,305.0,306.0,297.0,301.0,883100.0
2020-12-16,43440,300.0,302.0,298.0,299.0,0,0,595800.0,178511900.0,1.0,300.0,302.0,298.0,299.0,595800.0
2020-12-17,43440,300.0,301.0,296.0,299.0,0,0,652600.0,194532700.0,1.0,300.0,301.0,296.0,299.0,652600.0
2020-12-18,43440,297.0,299.0,290.0,290.0,0,0,841800.0,246878300.0,1.0,297.0,299.0,290.0,290.0,841800.0
2020-12-21,43440,294.0,295.0,285.0,287.0,0,0,866900.0,250016000.0,1.0,294.0,295.0,285.0,287.0,866900.0
2020-12-22,43440,285.0,285.0,273.0,274.0,0,0,1234400.0,342180900.0,1.0,285.0,285.0,273.0,274.0,1234400.0
2020-12-23,43440,276.0,281.0,272.0,279.0,0,0,1237200.0,342946700.0,1.0,276.0,281.0,272.0,279.0,1237200.0
2020-12-24,43440,275.0,280.0,271.0,273.0,0,0,1042700.0,285359600.0,1.0,275.0,280.0,271.0,273.0,1042700.0
2020-12-25,43440,272.0,277.0,264.0,267.0,0,0,1247800.0,334817800.0,1.0,272.0,277.0,264.0,267.0,1247800.0
2020-12-28,43440,264.0,266.0,256.0,259.0,0,0,1886600.0,488520000.0,1.0,264.0,266.0,256.0,259.0,1886600.0
2020-12-29,43440,260.0,278.0,260.0,275.0,0,0,1466300.0,401591200.0,1.0,260.0,278.0,260.0,275.0,1466300.0
2020-12-30,43440,272.0,283.0,267.0,280.0,0,0,1262200.0,351578100.0,1.0,272.0,283.0,267.0,280.0,1262200.0
2021-01-04,43440,280.0,280.0,269.0,277.0,0,0,842000.0,231307600.0,1.0,280.0,280.0,269.0,277.0,842000.0
2021-01-05,43440,270.0,281.0,270.0,281.0,0,0,803700.0,223505100.0,1.0,270.0,281.0,270.0,281.0,803700.0
2021-01-06,43440,278.0,287.0,278.0,283.0,0,0,641900.0,181856000.0,1.0,278.0,287.0,278.0,283.0,641900.0
2021-01-07,43440,282.0,287.0,281.0,281.0,0,0,725000.0,205180200.0,1.0,282.0,287.0,281.0,281.0,725000.0
2021-01-08,43440,281.0,283.0,277.0,282.0,0,0,759200.0,212855600.0,1.0,281.0,283.0,277.0,282.0,759200.0
2021-01-12,43440,283.0,283.0,278.0,278.0,0,0,648400.0,181296100.0,1.0,283.0,283.0,278.0,278.0,648400.0
2021-01-13,43440,277.0,280.0,274.0,275.0,0,0,681300.0,188167700.0,1.0,277.0,280.0,274.0,275.0,681300.0
2021-01-14,43440,275.0,278.0,273.0,276.0,0,0,764800.0,210624800.0,1.0,275.0,278.0,273.0,276.0,764800.0
2021-01-15,43440,276.0,282.0,274.0,278.0,0,0,949900.0,264878900.0,1.0,276.0,282.0,274.0,278.0,949900.0
2021-01-18,43440,277.0,278.0,272.0,275.0,0,0,566700.0,155678000.0,1.0,277.0,278.0,272.0,275.0,566700.0
2021-01-19,43440,276.0,278.0,273.0,274.0,0,0,476800.0,131125500.0,1.0,276.0,278.0,273.0,274.0,476800.0
2021-01-20,43440,274.0,293.0,271.0,287.0,0,0,4745300.0,1341371800.0,1.0,274.0,293.0,271.0,287.0,4745300.0
2021-01-21,43440,298.0,302.0,285.0,290.0,0,0,3914500.0,1145505300.0,1.0,298.0,302.0,285.0,290.0,3914500.0
2021-01-22,43440,287.0,291.0,282.0,285.0,0,0,1204000.0,343679600.0,1.0,287.0,291.0,282.0,285.0,1204000.0
2021-01-25,43440,287.0,287.0,281.0,282.0,0,0,750000.0,212615500.0,1.0,287.0,287.0,281.0,282.0,750000.0
2021-01-26,43440,283.0,283.0,276.0,279.0,0,0,801900.0,223690100.0,1.0,283.0,283.0,276.0,279.0,801900.0
2021-01-27,43440,278.0,284.0,278.0,283.0,0,0,601500.0,169529800.0,1.0,278.0,284.0,278.0,283.0,601500.0
2021-01-28,43440,297.0,302.0,287.0,290.0,0,0,4015300.0,1183154200.0,1.0,297.0,302.0,287.0,290.0,4015300.0
2021-01-29,43440,291.0,295.0,284.0,288.0,0,0,1064800.0,307508200.0,1.0,291.0,295.0,284.0,288.0,1064800.0
2021-02-01,43440,290.0,293.0,288.0,291.0,0,0,725500.0,210806900.0,1.0,290.0,293.0,288.0,291.0,725500.0
2021-02-02,43440,291.0,304.0,290.0,303.0,0,0,1688200.0,504928500.0,1.0,291.0,304.0,290.0,303.0,1688200.0
2021-02-03,43440,302.0,308.0,301.0,308.0,0,0,972100.0,296667100.0,1.0,302.0,308.0,301.0,308.0,972100.0
2021-02-04,43440,310.0,315.0,306.0,310.0,0,0,1353700.0,420272300.0,1.0,310.0,315.0,306.0,310.0,1353700.0
2021-02-05,43440,310.0,316.0,308.0,316.0,0,0,1200100.0,375706900.0,1.0,310.0,316.0,308.0,316.0,1200100.0
2021-02-08,43440,316.0,320.0,311.0,315.0,0,0,1404200.0,441727300.0,1.0,316.0,320.0,311.0,315.0,1404200.0
2021-02-09,43440,316.0,319.0,312.0,319.0,0,0,1073000.0,338458400.0,1.0,316.0,319.0,312.0,319.0,1073000.0
2021-02-10,43440,318.0,329.0,316.0,327.0,0,0,1946700.0,630904700.0,1.0,318.0,329.0,316.0,327.0,1946700.0
2021-02-12,43440,306.0,314.0,305.0,312.0,0,0,1869600.0,576691700.0,1.0,306.0,314.0,305.0,312.0,1869600.0
2021-02-15,43440,315.0,326.0,313.0,322.0,0,0,1600100.0,512751600.0,1.0,315.0,326.0,313.0,322.0,1600100.0
2021-02-16,43440,322.0,324.0,318.0,320.0,0,0,996000.0,319193400.0,1.0,322.0,324.0,318.0,320.0,996000.0
2021-02-17,43440,320.0,334.0,318.0,332.0,0,0,1803900.0,591568000.0,1.0,320.0,334.0,318.0,332.0,1803900.0
2021-02-18,43440,332.0,332.0,318.0,321.0,0,0,1126400.0,363698900.0,1.0,332.0,332.0,318.0,321.0,1126400.0
2021-02-19,43440,317.0,327.0,311.0,322.0,0,0,1215000.0,388112700.0,1.0,317.0,327.0,311.0,322.0,1215000.0
2021-02-22,43440,326.0,342.0,324.0,337.0,0,0,2626200.0,883497200.0,1.0,326.0,342.0,324.0,337.0,2626200.0
2021-02-24,43440,337.0,362.0,333.0,351.0,0,0,3089900.0,1085953500.0,1.0,337.0,362.0,333.0,351.0,3089900.0
2021-02-25,43440,355.0,363.0,351.0,363.0,0,0,1711400.0,612812800.0,1.0,355.0,363.0,351.0,363.0,1711400.0
2021-02-26,43440,360.0,360.0,337.0,337.0,0,0,2818900.0,975126900.0,1.0,360.0,360.0,337.0,337.0,2818900.0
2021-03-01,43440,345.0,347.0,332.0,340.0,0,0,1266500.0,429103400.0,1.0,345.0,347.0,332.0,340.0,1266500.0
2021-03-02,43440,346.0,346.0,330.0,332.0,0,0,871700.0,292527600.0,1.0,346.0,346.0,330.0,332.0,871700.0
2021-03-03,43440,335.0,335.0,325.0,326.0,0,0,649600.0,213480100.0,1.0,335.0,335.0,325.0,326.0,649600.0
2021-03-04,43440,319.0,323.0,315.0,321.0,0,0,830100.0,264397000.0,1.0,319.0,323.0,315.0,321.0,830100.0
2021-03-05,43440,320.0,320.0,306.0,310.0,0,0,1105200.0,342705900.0,1.0,320.0,320.0,306.0,310.0,1105200.0
2021-03-08,43440,321.0,338.0,318.0,326.0,0,0,2089600.0,687484200.0,1.0,321.0,338.0,318.0,326.0,2089600.0
2021-03-09,43440,328.0,348.0,326.0,341.0,0,0,1909700.0,646128400.0,1.0,328.0,348.0,326.0,341.0,1909700.0
2021-03-10,43440,341.0,349.0,337.0,346.0,0,0,1400000.0,481898900.0,1.0,341.0,349.0,337.0,346.0,1400000.0
2021-03-11,43440,350.0,367.0,349.0,358.0,0,0,2760000.0,988357400.0,1.0,350.0,367.0,349.0,358.0,2760000.0
2021-03-12,43440,357.0,358.0,349.0,354.0,0,0,1217200.0,430900900.0,1.0,357.0,358.0,349.0,354.0,1217200.0
2021-03-15,43440,357.0,357.0,350.0,356.0,0,0,814200.0,288040000.0,1.0,357.0,357.0,350.0,356.0,814200.0
2021-03-16,43440,357.0,366.0,355.0,360.0,0,0,1382800.0,498462200.0,1.0,357.0,366.0,355.0,360.0,1382800.0
2021-03-17,43440,360.0,370.0,356.0,370.0,0,0,1367600.0,499135700.0,1.0,360.0,370.0,356.0,370.0,1367600.0
2021-03-18,43440,371.0,385.0,371.0,381.0,0,0,2098900.0,797168400.0,1.0,371.0,385.0,371.0,381.0,2098900.0
2021-03-19,43440,375.0,383.0,374.0,376.0,0,0,1132600.0,427469600.0,1.0,375.0,383.0,374.0,376.0,1132600.0
2021-03-22,43440,374.0,380.0,367.0,380.0,0,0,1500800.0,560285200.0,1.0,374.0,380.0,367.0,380.0,1500800.0
2021-03-23,43440,380.0,380.0,363.0,363.0,0,0,1317000.0,489114400.0,1.0,380.0,380.0,363.0,363.0,1317000.0
2021-03-24,43440,355.0,360.0,347.0,349.0,0,0,1399700.0,493852500.0,1.0,355.0,360.0,347.0,349.0,1399700.0
2021-03-25,43440,350.0,364.0,350.0,360.0,0,0,1170700.0,418130300.0,1.0,350.0,364.0,350.0,360.0,1170700.0
2021-03-26,43440,365.0,368.0,354.0,354.0,0,0,968700.0,348226300.0,1.0,365.0,368.0,354.0,354.0,968700.0
2021-03-29,43440,358.0,359.0,344.0,348.0,0,0,1332400.0,468313600.0,1.0,358.0,359.0,344.0,348.0,1332400.0
2021-03-30,43440,347.0,356.0,345.0,349.0,0,0,734600.0,257619100.0,1.0,347.0,356.0,345.0,349.0,734600.0
2021-03-31,43440,350.0,368.0,349.0,365.0,0,0,1520000.0,547215000.0,1.0,350.0,368.0,349.0,365.0,1520000.0
2021-04-01,43440,373.0,381.0,366.0,370.0,0,0,2265400.0,845248300.0,1.0,373.0,381.0,366.0,370.0,2265400.0
2021-04-02,43440,373.0,374.0,361.0,363.0,0,0,634400.0,231769100.0,1.0,373.0,374.0,361.0,363.0,634400.0
2021-04-05,43440,368.0,373.0,365.0,372.0,0,0,812900.0,300507600.0,1.0,368.0,373.0,365.0,372.0,812900.0
2021-04-06,43440,374.0,377.0,365.0,366.0,0,0,892100.0,330189400.0,1.0,374.0,377.0,365.0,366.0,892100.0
2021-04-07,43440,364.0,369.0,362.0,363.0,0,0,604500.0,220378800.0,1.0,364.0,369.0,362.0,363.0,604500.0
2021-04-08,43440,361.0,362.0,352.0,353.0,0,0,536400.0,190513800.0,1.0,361.0,362.0,352.0,353.0,536400.0
2021-04-09,43440,356.0,364.0,356.0,361.0,0,0,591700.0,213091300.0,1.0,356.0,364.0,356.0,361.0,591700.0
2021-04-12,43440,360.0,362.0,355.0,358.0,0,0,495900.0,177637000.0,1.0,360.0,362.0,355.0,358.0,495900.0
2021-04-13,43440,359.0,360.0,354.0,354.0,0,0,377100.0,134475800.0,1.0,359.0,360.0,354.0,354.0,377100.0
2021-04-14,43440,353.0,357.0,351.0,351.0,0,0,569200.0,200940300.0,1.0,353.0,357.0,351.0,351.0,569200.0
2021-04-15,43440,351.0,351.0,344.0,348.0,0,0,587000.0,204368100.0,1.0,351.0,351.0,344.0,348.0,587000.0
2021-04-16,43440,350.0,355.0,348.0,354.0,0,0,440500.0,155205900.0,1.0,350.0,355.0,348.0,354.0,440500.0
2021-04-19,43440,354.0,354.0,343.0,344.0,0,0,714100.0,247893700.0,1.0,354.0,354.0,343.0,344.0,714100.0
2021-04-20,43440,343.0,343.0,331.0,333.0,0,0,762800.0,256048100.0,1.0,343.0,343.0,331.0,333.0,762800.0
2021-04-21,43440,328.0,330.0,322.0,322.0,0,0,659400.0,213924100.0,1.0,328.0,330.0,322.0,322.0,659400.0
2021-04-22,43440,326.0,332.0,326.0,329.0,0,0,448600.0,147578000.0,1.0,326.0,332.0,326.0,329.0,448600.0
2021-04-23,43440,328.0,337.0,326.0,333.0,0,0,433200.0,144124500.0,1.0,328.0,337.0,326.0,333.0,433200.0
2021-04-26,43440,332.0,332.0,327.0,331.0,0,0,547400.0,180850300.0,1.0,332.0,332.0,327.0,331.0,547400.0
2021-04-27,43440,332.0,332.0,328.0,328.0,0,0,513000.0,168972900.0,1.0,332.0,332.0,328.0,328.0,513000.0
2021-04-28,43440,326.0,326.0,318.0,319.0,0,0,767800.0,246534400.0,1.0,326.0,326.0,318.0,319.0,767800.0
2021-04-30,43440,313.0,319.0,313.0,314.0,0,0,480600.0,151735800.0,1.0,313.0,319.0,313.0,314.0,480600.0
2021-05-06,43440,320.0,324.0,316.0,321.0,0,0,841300.0,270419400.0,1.0,320.0,324.0,316.0,321.0,841300.0
2021-05-07,43440,324.0,329.0,323.0,323.0,0,0,512800.0,166727900.0,1.0,324.0,329.0,323.0,323.0,512800.0
2021-05-10,43440,323.0,331.0,322.0,331.0,0,0,521000.0,170141300.0,1.0,323.0,331.0,322.0,331.0,521000.0
2021-05-11,43440,330.0,330.0,320.0,323.0,0,0,917000.0,297093400.0,1.0,330.0,330.0,320.0,323.0,917000.0
2021-05-12,43440,325.0,328.0,314.0,318.0,0,0,929100.0,297693500.0,1.0,325.0,328.0,314.0,318.0,929100.0
2021-05-13,43440,300.0,302.0,286.0,298.0,0,0,1458200.0,433432000.0,1.0,300.0,302.0,286.0,298.0,1458200.0
2021-05-14,43440,306.0,309.0,300.0,302.0,0,0,432900.0,131120000.0,1.0,306.0,309.0,300.0,302.0,432900.0
2021-05-17,43440,305.0,305.0,292.0,294.0,0,0,827300.0,245628200.0,1.0,305.0,305.0,292.0,294.0,827300.0
2021-05-18,43440,293.0,302.0,293.0,302.0,0,0,685500.0,204771900.0,1.0,293.0,302.0,293.0,302.0,685500.0
2021-05-19,43440,299.0,303.0,297.0,298.0,0,0,650700.0,194911200.0,1.0,299.0,303.0,297.0,298.0,650700.0
2021-05-20,43440,300.0,301.0,295.0,296.0,0,0,581100.0,173112800.0,1.0,300.0,301.0,295.0,296.0,581100.0
2021-05-21,43440,298.0,305.0,298.0,302.0,0,0,698000.0,210619400.0,1.0,298.0,305.0,298.0,302.0,698000.0
2021-05-24,43440,301.0,304.0,295.0,296.0,0,0,594700.0,177407800.0,1.0,301.0,304.0,295.0,296.0,594700.0
2021-05-25,43440,297.0,301.0,292.0,292.0,0,0,569500.0,167934600.0,1.0,297.0,301.0,292.0,292.0,569500.0
2021-05-26,43440,295.0,299.0,292.0,296.0,0,0,559300.0,165810700.0,1.0,295.0,299.0,292.0,296.0,559300.0
2021-05-27,43440,296.0,297.0,289.0,289.0,0,0,1000200.0,291650100.0,1.0,296.0,297.0,289.0,289.0,1000200.0
2021-05-28,43440,291.0,297.0,291.0,295.0,0,0,572800.0,168867100.0,1.0,291.0,297.0,291.0,295.0,572800.0
2021-05-31,43440,298.0,298.0,290.0,294.0,0,0,621400.0,182511900.0,1.0,298.0,298.0,290.0,294.0,621400.0
2021-06-01,43440,297.0,300.0,294.0,298.0,0,0,668800.0,198864300.0,1.0,297.0,300.0,294.0,298.0,668800.0
2021-06-02,43440,298.0,301.0,295.0,296.0,0,0,572800.0,170507900.0,1.0,298.0,301.0,295.0,296.0,572800.0
2021-06-03,43440,300.0,316.0,299.0,311.0,0,0,1832300.0,565876700.0,1.0,300.0,316.0,299.0,311.0,1832300.0
2021-06-04,43440,311.0,316.0,308.0,314.0,0,0,1220100.0,381230300.0,1.0,311.0,316.0,308.0,314.0,1220100.0
2021-06-07,43440,320.0,325.0,316.0,316.0,0,0,1190700.0,381302100.0,1.0,320.0,325.0,316.0,316.0,1190700.0
2021-06-08,43440,320.0,321.0,315.0,316.0,0,0,697100.0,221679000.0,1.0,320.0,321.0,315.0,316.0,697100.0
2021-06-09,43440,316.0,318.0,311.0,311.0,0,0,999000.0,314070200.0,1.0,316.0,318.0,311.0,311.0,999000.0
2021-06-10,43440,314.0,324.0,314.0,323.0,0,0,847600.0,271337900.0,1.0,314.0,324.0,314.0,323.0,847600.0
2021-06-11,43440,326.0,328.0,319.0,319.0,0,0,672000.0,216729700.0,1.0,326.0,328.0,319.0,319.0,672000.0
2021-06-14,43440,320.0,323.0,317.0,321.0,0,0,420200.0,134482800.0,1.0,320.0,323.0,317.0,321.0,420200.0
2021-06-15,43440,319.0,322.0,316.0,319.0,0,0,712000.0,227000200.0,1.0,319.0,322.0,316.0,319.0,712000.0
2021-06-16,43440,320.0,326.0,319.0,320.0,0,0,876300.0,281799900.0,1.0,320.0,326.0,319.0,320.0,876300.0
2021-06-17,43440,320.0,325.0,318.0,325.0,0,0,438900.0,140718800.0,1.0,320.0,325.0,318.0,325.0,438900.0
2021-06-18,43440,323.0,324.0,317.0,317.0,0,0,581700.0,186197200.0,1.0,323.0,324.0,317.0,317.0,581700.0
2021-06-21,43440,314.0,316.0,309.0,311.0,0,0,702700.0,219157400.0,1.0,314.0,316.0,309.0,311.0,702700.0
2021-06-22,43440,317.0,323.0,316.0,322.0,0,0,553900.0,177647200.0,1.0,317.0,323.0,316.0,322.0,553900.0
2021-06-23,43440,322.0,325.0,320.0,323.0,0,0,388300.0,125451200.0,1.0,322.0,325.0,320.0,323.0,388300.0
2021-06-24,43440,320.0,324.0,319.0,322.0,0,0,426600.0,137212400.0,1.0,320.0,324.0,319.0,322.0,426600.0
2021-06-25,43440,323.0,323.0,317.0,317.0,0,0,478400.0,152883900.0,1.0,323.0,323.0,317.0,317.0,478400.0
2021-06-28,43440,321.0,323.0,319.0,322.0,0,0,472400.0,151685000.0,1.0,321.0,323.0,319.0,322.0,472400.0
2021-06-29,43440,320.0,321.0,316.0,317.0,0,0,541600.0,172179200.0,1.0,320.0,321.0,316.0,317.0,541600.0
2021-06-30,43440,319.0,321.0,316.0,318.0,0,0,371100.0,118319900.0,1.0,319.0,321.0,316.0,318.0,371100.0
2021-07-01,43440,320.0,320.0,311.0,312.0,0,0,430400.0,135260600.0,1.0,320.0,320.0,311.0,312.0,430400.0
2021-07-02,43440,312.0,322.0,310.0,320.0,0,0,579900.0,184257800.0,1.0,312.0,322.0,310.0,320.0,579900.0
2021-07-05,43440,319.0,321.0,317.0,319.0,0,0,262500.0,83627100.0,1.0,319.0,321.0,317.0,319.0,262500.0
2021-07-06,43440,320.0,320.0,315.0,316.0,0,0,244700.0,77546700.0,1.0,320.0,320.0,315.0,316.0,244700.0
2021-07-07,43440,316.0,316.0,310.0,311.0,0,0,434800.0,135744200.0,1.0,316.0,316.0,310.0,311.0,434800.0
2021-07-08,43440,315.0,318.0,307.0,307.0,0,0,773600.0,240177400.0,1.0,315.0,318.0,307.0,307.0,773600.0
2021-07-09,43440,302.0,306.0,300.0,305.0,0,0,688900.0,208399600.0,1.0,302.0,306.0,300.0,305.0,688900.0
2021-07-12,43440,310.0,315.0,310.0,314.0,0,0,428300.0,133892200.0,1.0,310.0,315.0,310.0,314.0,428300.0
2021-07-13,43440,313.0,317.0,312.0,313.0,0,0,391400.0,123020300.0,1.0,313.0,317.0,312.0,313.0,391400.0
2021-07-14,43440,315.0,317.0,312.0,315.0,0,0,294600.0,92714800.0,1.0,315.0,317.0,312.0,315.0,294600.0
2021-07-15,43440,311.0,314.0,305.0,305.0,0,0,536300.0,165361500.0,1.0,311.0,314.0,305.0,305.0,536300.0
2021-07-16,43440,306.0,312.0,305.0,310.0,0,0,417500.0,129264400.0,1.0,306.0,312.0,305.0,310.0,417500.0
2021-07-19,43440,305.0,309.0,302.0,305.0,0,0,526300.0,160491200.0,1.0,305.0,309.0,302.0,305.0,526300.0
2021-07-20,43440,301.0,305.0,299.0,302.0,0,0,532600.0,160972800.0,1.0,301.0,305.0,299.0,302.0,532600.0
2021-07-21,43440,305.0,305.0,300.0,300.0,0,0,430400.0,129906700.0,1.0,305.0,305.0,300.0,300.0,430400.0
2021-07-26,43440,303.0,306.0,302.0,304.0,0,0,355700.0,108079900.0,1.0,303.0,306.0,302.0,304.0,355700.0
2021-07-27,43440,305.0,306.0,303.0,304.0,0,0,220900.0,67064300.0,1.0,305.0,306.0,303.0,304.0,220900.0
2021-07-28,43440,303.0,307.0,295.0,296.0,0,0,767300.0,229928000.0,1.0,303.0,307.0,295.0,296.0,767300.0
2021-07-29,43440,299.0,303.0,298.0,302.0,0,0,376600.0,113368400.0,1.0,299.0,303.0,298.0,302.0,376600.0
2021-07-30,43440,300.0,305.0,299.0,304.0,0,0,492000.0,148665000.0,1.0,300.0,305.0,299.0,304.0,492000.0
2021-08-02,43440,305.0,307.0,303.0,304.0,0,0,330400.0,100740000.0,1.0,305.0,307.0,303.0,304.0,330400.0
2021-08-03,43440,303.0,304.0,295.0,297.0,0,0,345000.0,103124600.0,1.0,303.0,304.0,295.0,297.0,345000.0
2021-08-04,43440,299.0,299.0,292.0,292.0,0,0,348700.0,102577100.0,1.0,299.0,299.0,292.0,292.0,348700.0
2021-08-05,43440,293.0,299.0,291.0,291.0,0,0,457000.0,134442000.0,1.0,293.0,299.0,291.0,291.0,457000.0
2021-08-06,43440,291.0,294.0,289.0,291.0,0,0,291700.0,84998400.0,1.0,291.0,294.0,289.0,291.0,291700.0
2021-08-10,43440,290.0,294.0,288.0,294.0,0,0,467400.0,136024400.0,1.0,290.0,294.0,288.0,294.0,467400.0
2021-08-11,43440,293.0,297.0,293.0,295.0,0,0,303200.0,89430800.0,1.0,293.0,297.0,293.0,295.0,303200.0
2021-08-12,43440,295.0,296.0,290.0,291.0,0,0,344500.0,100761800.0,1.0,295.0,296.0,290.0,291.0,344500.0
2021-08-13,43440,292.0,293.0,289.0,293.0,0,0,443000.0,128899100.0,1.0,292.0,293.0,289.0,293.0,443000.0
2021-08-16,43440,249.0,251.0,241.0,242.0,0,0,3339400.0,819132300.0,1.0,249.0,251.0,241.0,242.0,3339400.0
2021-08-17,43440,242.0,244.0,222.0,226.0,0,0,3605500.0,831105600.0,1.0,242.0,244.0,222.0,226.0,3605500.0
2021-08-18,43440,227.0,245.0,227.0,238.0,0,0,2338600.0,556232000.0,1.0,227.0,245.0,227.0,238.0,2338600.0
2021-08-19,43440,235.0,236.0,226.0,232.0,0,0,1022200.0,238147600.0,1.0,235.0,236.0,226.0,232.0,1022200.0
2021-08-20,43440,231.0,238.0,228.0,229.0,0,0,1075900.0,249691800.0,1.0,231.0,238.0,228.0,229.0,1075900.0
2021-08-23,43440,233.0,234.0,227.0,229.0,0,0,1018400.0,234406900.0,1.0,233.0,234.0,227.0,229.0,1018400.0
2021-08-24,43440,232.0,236.0,229.0,232.0,0,0,960800.0,223107100.0,1.0,232.0,236.0,229.0,232.0,960800.0
2021-08-25,43440,230.0,232.0,226.0,227.0,0,0,745900.0,170519200.0,1.0,230.0,232.0,226.0,227.0,745900.0
2021-08-26,43440,230.0,234.0,228.0,233.0,0,0,915500.0,210805400.0,1.0,230.0,234.0,228.0,233.0,915500.0
2021-08-27,43440,230.0,232.0,228.0,229.0,0,0,374400.0,86152900.0,1.0,230.0,232.0,228.0,229.0,374400.0
2021-08-30,43440,232.0,235.0,231.0,232.0,0,0,758200.0,176948400.0,1.0,232.0,235.0,231.0,232.0,758200.0
2021-08-31,43440,232.0,233.0,229.0,229.0,0,0,530400.0,122401000.0,1.0,232.0,233.0,229.0,229.0,530400.0
2021-09-01,43440,231.0,234.0,230.0,232.0,0,0,624800.0,144647000.0,1.0,231.0,234.0,230.0,232.0,624800.0
2021-09-02,43440,232.0,233.0,230.0,230.0,0,0,599500.0,138669800.0,1.0,232.0,233.0,230.0,230.0,599500.0
2021-09-03,43440,233.0,234.0,230.0,231.0,0,0,752900.0,174799100.0,1.0,233.0,234.0,230.0,231.0,752900.0
2021-09-06,43440,232.0,235.0,231.0,235.0,0,0,973800.0,226717000.0,1.0,232.0,235.0,231.0,235.0,973800.0
2021-09-07,43440,237.0,240.0,237.0,238.0,0,0,1060600.0,253078800.0,1.0,237.0,240.0,237.0,238.0,1060600.0
2021-09-08,43440,241.0,241.0,235.0,237.0,0,0,765100.0,181604300.0,1.0,241.0,241.0,235.0,237.0,765100.0
2021-09-09,43440,236.0,240.0,236.0,237.0,0,0,821900.0,195576500.0,1.0,236.0,240.0,236.0,237.0,821900.0
2021-09-10,43440,239.0,241.0,238.0,240.0,0,0,577800.0,138455000.0,1.0,239.0,241.0,238.0,240.0,577800.0
2021-09-13,43440,239.0,243.0,238.0,241.0,0,0,739800.0,177791700.0,1.0,239.0,243.0,238.0,241.0,739800.0
2021-09-14,43440,244.0,246.0,241.0,245.0,0,0,927800.0,225749800.0,1.0,244.0,246.0,241.0,245.0,927800.0
2021-09-15,43440,245.0,248.0,243.0,246.0,0,0,911200.0,224274700.0,1.0,245.0,248.0,243.0,246.0,911200.0
2021-09-16,43440,250.0,256.0,243.0,243.0,0,0,1766000.0,439072500.0,1.0,250.0,256.0,243.0,243.0,1766000.0
2021-09-17,43440,246.0,253.0,244.0,251.0,0,0,1596300.0,399354600.0,1.0,246.0,253.0,244.0,251.0,1596300.0
2021-09-21,43440,247.0,249.0,242.0,245.0,0,0,1897700.0,465843300.0,1.0,247.0,249.0,242.0,245.0,1897700.0
2021-09-22,43440,243.0,250.0,243.0,245.0,0,0,1254500.0,309172800.0,1.0,243.0,250.0,243.0,245.0,1254500.0
2021-09-24,43440,249.0,251.0,247.0,249.0,0,0,889800.0,221896900.0,1.0,249.0,251.0,247.0,249.0,889800.0
2021-09-27,43440,250.0,252.0,245.0,245.0,0,0,1056000.0,262081200.0,1.0,250.0,252.0,245.0,245.0,1056000.0
2021-09-28,43440,246.0,246.0,241.0,241.0,0,0,1159700.0,281944400.0,1.0,246.0,246.0,241.0,241.0,1159700.0
2021-09-29,43440,237.0,244.0,236.0,242.0,0,0,1235900.0,297527700.0,1.0,237.0,244.0,236.0,242.0,1235900.0
2021-09-30,43440,242.0,246.0,241.0,242.0,0,0,745700.0,180958300.0,1.0,242.0,246.0,241.0,242.0,745700.0
2021-10-01,43440,240.0,244.0,236.0,237.0,0,0,1074600.0,256449600.0,1.0,240.0,244.0,236.0,237.0,1074600.0
2021-10-04,43440,241.0,243.0,237.0,237.0,0,0,677400.0,162199100.0,1.0,241.0,243.0,237.0,237.0,677400.0
2021-10-05,43440,236.0,237.0,229.0,232.0,0,0,1143800.0,266524000.0,1.0,236.0,237.0,229.0,232.0,1143800.0
2021-10-06,43440,232.0,238.0,230.0,231.0,0,0,1107100.0,258206900.0,1.0,232.0,238.0,230.0,231.0,1107100.0
2021-10-07,43440,232.0,234.0,228.0,230.0,0,0,858400.0,198433000.0,1.0,232.0,234.0,228.0,230.0,858400.0
2021-10-08,43440,230.0,234.0,230.0,232.0,0,0,733900.0,170286600.0,1.0,230.0,234.0,230.0,232.0,733900.0
2021-10-11,43440,231.0,235.0,229.0,235.0,0,0,548500.0,127395900.0,1.0,231.0,235.0,229.0,235.0,548500.0
2021-10-12,43440,232.0,232.0,227.0,229.0,0,0,1114300.0,254720800.0,1.0,232.0,232.0,227.0,229.0,1114300.0
2021-10-13,43440,227.0,228.0,223.0,223.0,0,0,757900.0,170832500.0,1.0,227.0,228.0,223.0,223.0,757900.0
2021-10-14,43440,223.0,224.0,219.0,222.0,0,0,1064000.0,235413300.0,1.0,223.0,224.0,219.0,222.0,1064000.0
2021-10-15,43440,222.0,226.0,222.0,225.0,0,0,657500.0,147306500.0,1.0,222.0,226.0,222.0,225.0,657500.0
2021-10-18,43440,224.0,225.0,219.0,219.0,0,0,804100.0,177576900.0,1.0,224.0,225.0,219.0,219.0,804100.0
2021-10-19,43440,220.0,221.0,217.0,218.0,0,0,669600.0,146698400.0,1.0,220.0,221.0,217.0,218.0,669600.0
2021-10-20,43440,218.0,219.0,216.0,217.0,0,0,845500.0,184048600.0,1.0,218.0,219.0,216.0,217.0,845500.0
2021-10-21,43440,215.0,216.0,209.0,211.0,0,0,1461500.0,309567100.0,1.0,215.0,216.0,209.0,211.0,1461500.0
2021-10-22,43440,208.0,209.0,205.0,208.0,0,0,852300.0,176941500.0,1.0,208.0,209.0,205.0,208.0,852300.0
2021-10-25,43440,206.0,206.0,200.0,202.0,0,0,973500.0,197234000.0,1.0,206.0,206.0,200.0,202.0,973500.0
2021-10-26,43440,203.0,207.0,200.0,205.0,0,0,670900.0,137298600.0,1.0,203.0,207.0,200.0,205.0,670900.0
2021-10-27,43440,202.0,207.0,198.0,200.0,0,0,1937200.0,389073600.0,1.0,202.0,207.0,198.0,200.0,1937200.0
2021-10-28,43440,199.0,206.0,197.0,205.0,0,0,1718600.0,348305100.0,1.0,199.0,206.0,197.0,205.0,1718600.0
2021-10-29,43440,205.0,206.0,203.0,204.0,0,0,706300.0,144334200.0,1.0,205.0,206.0,203.0,204.0,706300.0
2021-11-01,43440,205.0,207.0,203.0,205.0,0,0,1063000.0,217991700.0,1.0,205.0,207.0,203.0,205.0,1063000.0
2021-11-02,43440,203.0,204.0,201.0,202.0,0,0,913100.0,184789600.0,1.0,203.0,204.0,201.0,202.0,913100.0
2021-11-04,43440,201.0,203.0,199.0,201.0,0,0,804500.0,161266100.0,1.0,201.0,203.0,199.0,201.0,804500.0
2021-11-05,43440,200.0,200.0,196.0,197.0,0,0,1133200.0,224099400.0,1.0,200.0,200.0,196.0,197.0,1133200.0
2021-11-08,43440,197.0,200.0,196.0,198.0,0,0,981000.0,194257600.0,1.0,197.0,200.0,196.0,198.0,981000.0
2021-11-09,43440,200.0,200.0,190.0,190.0,0,0,1835500.0,354777700.0,1.0,200.0,200.0,190.0,190.0,1835500.0
2021-11-10,43440,190.0,193.0,189.0,193.0,0,0,1041300.0,199247400.0,1.0,190.0,193.0,189.0,193.0,1041300.0
2021-11-11,43440,197.0,205.0,196.0,202.0,0,0,1973400.0,395794600.0,1.0,197.0,205.0,196.0,202.0,1973400.0
2021-11-12,43440,203.0,217.0,202.0,214.0,0,0,2682400.0,570412000.0,1.0,203.0,217.0,202.0,214.0,2682400.0
2021-11-15,43440,214.0,223.0,212.0,217.0,0,0,1451900.0,317822200.0,1.0,214.0,223.0,212.0,217.0,1451900.0
2021-11-16,43440,220.0,230.0,219.0,226.0,0,0,2146400.0,485053500.0,1.0,220.0,230.0,219.0,226.0,2146400.0
2021-11-17,43440,225.0,226.0,217.0,221.0,0,0,1340400.0,296604900.0,1.0,225.0,226.0,217.0,221.0,1340400.0
2021-11-18,43440,218.0,218.0,212.0,214.0,0,0,1164400.0,250087600.0,1.0,218.0,218.0,212.0,214.0,1164400.0
2021-11-19,43440,212.0,213.0,209.0,209.0,0,0,941700.0,197939200.0,1.0,212.0,213.0,209.0,209.0,941700.0
2021-11-22,43440,208.0,210.0,205.0,208.0,0,0,545300.0,113299100.0,1.0,208.0,210.0,205.0,208.0,545300.0
2021-11-24,43440,207.0,207.0,199.0,201.0,0,0,963200.0,194212400.0,1.0,207.0,207.0,199.0,201.0,963200.0
2021-11-25,43440,200.0,202.0,197.0,197.0,0,0,545100.0,108278600.0,1.0,200.0,202.0,197.0,197.0,545100.0
2021-11-26,43440,194.0,194.0,186.0,187.0,0,0,1177600.0,222762700.0,1.0,194.0,194.0,186.0,187.0,1177600.0
2021-11-29,43440,183.0,190.0,182.0,182.0,0,0,1185400.0,219858200.0,1.0,183.0,190.0,182.0,182.0,1185400.0
2021-11-30,43440,183.0,190.0,182.0,185.0,0,0,5075300.0,939551400.0,1.0,183.0,190.0,182.0,185.0,5075300.0
2021-12-01,43440,185.0,185.0,178.0,185.0,0,0,1649300.0,299982800.0,1.0,185.0,185.0,178.0,185.0,1649300.0
2021-12-02,43440,180.0,183.0,173.0,174.0,0,0,1343600.0,237835500.0,1.0,180.0,183.0,173.0,174.0,1343600.0
2021-12-03,43440,178.0,188.0,177.0,186.0,0,0,1820400.0,336331600.0,1.0,178.0,188.0,177.0,186.0,1820400.0
2021-12-06,43440,187.0,196.0,187.0,187.0,0,0,2024700.0,388322300.0,1.0,187.0,196.0,187.0,187.0,2024700.0
2021-12-07,43440,191.0,195.0,190.0,195.0,0,0,1224100.0,235429500.0,1.0,191.0,195.0,190.0,195.0,1224100.0
2021-12-08,43440,199.0,204.0,199.0,201.0,0,0,1462400.0,294611600.0,1.0,199.0,204.0,199.0,201.0,1462400.0
2021-12-09,43440,201.0,210.0,200.0,207.0,0,0,1307500.0,270548300.0,1.0,201.0,210.0,200.0,207.0,1307500.0
2021-12-10,43440,211.0,211.0,204.0,205.0,0,0,1442800.0,299307400.0,1.0,211.0,211.0,204.0,205.0,1442800.0
2021-12-13,43440,208.0,209.0,201.0,203.0,0,0,1025600.0,209594900.0,1.0,208.0,209.0,201.0,203.0,1025600.0
2021-12-14,43440,199.0,199.0,191.0,194.0,0,0,1176200.0,228675600.0,1.0,199.0,199.0,191.0,194.0,1176200.0
2021-12-15,43440,194.0,198.0,192.0,195.0,0,0,555700.0,108316400.0,1.0,194.0,198.0,192.0,195.0,555700.0
2021-12-16,43440,196.0,197.0,191.0,193.0,0,0,803500.0,155204000.0,1.0,196.0,197.0,191.0,193.0,803500.0
2021-12-17,43440,193.0,216.0,183.0,184.0,0,0,8937600.0,1742340200.0,1.0,193.0,216.0,183.0,184.0,8937600.0
2021-12-20,43440,180.0,186.0,180.0,181.0,0,0,1248200.0,227520200.0,1.0,180.0,186.0,180.0,181.0,1248200.0
2021-12-21,43440,182.0,186.0,181.0,182.0,0,0,717200.0,131439800.0,1.0,182.0,186.0,181.0,182.0,717200.0
2021-12-22,43440,183.0,187.0,183.0,185.0,0,0,720700.0,133446100.0,1.0,183.0,187.0,183.0,185.0,720700.0
2021-12-23,43440,188.0,196.0,187.0,191.0,0,0,1337200.0,256362500.0,1.0,188.0,196.0,187.0,191.0,1337200.0
2021-12-24,43440,191.0,191.0,185.0,185.0,0,0,664200.0,124315800.0,1.0,191.0,191.0,185.0,185.0,664200.0
2021-12-27,43440,183.0,183.0,175.0,176.0,0,0,1791900.0,318626900.0,1.0,183.0,183.0,175.0,176.0,1791900.0
2021-12-28,43440,177.0,180.0,174.0,178.0,0,0,1263100.0,222907200.0,1.0,177.0,180.0,174.0,178.0,1263100.0
2021-12-29,43440,179.0,185.0,178.0,183.0,0,0,878100.0,160006700.0,1.0,179.0,185.0,178.0,183.0,878100.0
2021-12-30,43440,181.0,184.0,180.0,184.0,0,0,634000.0,115433200.0,1.0,181.0,184.0,180.0,184.0,634000.0
2022-01-04,43440,187.0,187.0,180.0,180.0,0,0,727300.0,132194500.0,1.0,187.0,187.0,180.0,180.0,727300.0
2022-01-05,43440,180.0,180.0,174.0,175.0,0,0,1039400.0,183654600.0,1.0,180.0,180.0,174.0,175.0,1039400.0
2022-01-06,43440,174.0,174.0,167.0,168.0,0,0,1565800.0,265881800.0,1.0,174.0,174.0,167.0,168.0,1565800.0
2022-01-07,43440,169.0,171.0,164.0,167.0,0,0,1340400.0,223027100.0,1.0,169.0,171.0,164.0,167.0,1340400.0
2022-01-11,43440,166.0,167.0,163.0,164.0,0,0,854700.0,140564600.0,1.0,166.0,167.0,163.0,164.0,854700.0
2022-01-12,43440,165.0,169.0,165.0,168.0,0,0,491700.0,82263500.0,1.0,165.0,169.0,165.0,168.0,491700.0
2022-01-13,43440,168.0,168.0,162.0,162.0,0,0,951100.0,156126500.0,1.0,168.0,168.0,162.0,162.0,951100.0
2022-01-14,43440,161.0,161.0,156.0,156.0,0,0,1796900.0,282707600.0,1.0,161.0,161.0,156.0,156.0,1796900.0
2022-01-17,43440,156.0,160.0,156.0,158.0,0,0,750700.0,118558800.0,1.0,156.0,160.0,156.0,158.0,750700.0
2022-01-18,43440,158.0,163.0,156.0,161.0,0,0,1016300.0,162805400.0,1.0,158.0,163.0,156.0,161.0,1016300.0
2022-01-19,43440,158.0,160.0,152.0,152.0,0,0,1184900.0,184184000.0,1.0,158.0,160.0,152.0,152.0,1184900.0
2022-01-20,43440,154.0,161.0,153.0,161.0,0,0,1022100.0,160681700.0,1.0,154.0,161.0,153.0,161.0,1022100.0
2022-01-21,43440,160.0,165.0,159.0,165.0,0,0,1442100.0,234720300.0,1.0,160.0,165.0,159.0,165.0,1442100.0
2022-01-24,43440,161.0,164.0,159.0,163.0,0,0,793000.0,128098800.0,1.0,161.0,164.0,159.0,163.0,793000.0
2022-01-25,43440,165.0,165.0,157.0,158.0,0,0,1020400.0,162414000.0,1.0,165.0,165.0,157.0,158.0,1020400.0
2022-01-26,43440,157.0,160.0,155.0,159.0,0,0,777700.0,122716200.0,1.0,157.0,160.0,155.0,159.0,777700.0
2022-01-27,43440,157.0,158.0,147.0,148.0,0,0,1832800.0,276532300.0,1.0,157.0,158.0,147.0,148.0,1832800.0
2022-01-28,43440,150.0,152.0,147.0,152.0,0,0,927900.0,138888200.0,1.0,150.0,152.0,147.0,152.0,927900.0
2022-01-31,43440,152.0,156.0,152.0,156.0,0,0,1145400.0,176948700.0,1.0,152.0,156.0,152.0,156.0,1145400.0
2022-02-01,43440,157.0,160.0,155.0,157.0,0,0,943700.0,148593700.0,1.0,157.0,160.0,155.0,157.0,943700.0
2022-02-02,43440,159.0,164.0,158.0,164.0,0,0,872900.0,141301000.0,1.0,159.0,164.0,158.0,164.0,872900.0
2022-02-03,43440,161.0,163.0,157.0,158.0,0,0,821600.0,131062900.0,1.0,161.0,163.0,157.0,158.0,821600.0
2022-02-04,43440,157.0,161.0,155.0,161.0,0,0,779100.0,123439400.0,1.0,157.0,161.0,155.0,161.0,779100.0
2022-02-07,43440,161.0,162.0,158.0,159.0,0,0,664300.0,106024400.0,1.0,161.0,162.0,158.0,159.0,664300.0
2022-02-08,43440,158.0,161.0,157.0,158.0,0,0,654300.0,103802700.0,1.0,158.0,161.0,157.0,158.0,654300.0
2022-02-09,43440,158.0,161.0,157.0,161.0,0,0,491700.0,78252500.0,1.0,158.0,161.0,157.0,161.0,491700.0
2022-02-10,43440,162.0,167.0,162.0,164.0,0,0,826600.0,135310200.0,1.0,162.0,167.0,162.0,164.0,826600.0
2022-02-14,43440,161.0,161.0,157.0,158.0,0,0,734700.0,116663500.0,1.0,161.0,161.0,157.0,158.0,734700.0
2022-02-15,43440,157.0,157.0,151.0,151.0,0,0,1387800.0,213859600.0,1.0,157.0,157.0,151.0,151.0,1387800.0
2022-02-16,43440,154.0,157.0,152.0,153.0,0,0,641000.0,98697300.0,1.0,154.0,157.0,152.0,153.0,641000.0
2022-02-17,43440,155.0,155.0,149.0,150.0,0,0,1019600.0,154695700.0,1.0,155.0,155.0,149.0,150.0,1019600.0
2022-02-18,43440,149.0,155.0,147.0,153.0,0,0,845400.0,127753100.0,1.0,149.0,155.0,147.0,153.0,845400.0
2022-02-21,43440,150.0,155.0,148.0,155.0,0,0,668800.0,101107700.0,1.0,150.0,155.0,148.0,155.0,668800.0
2022-02-22,43440,151.0,154.0,149.0,152.0,0,0,772900.0,116599300.0,1.0,151.0,154.0,149.0,152.0,772900.0
2022-02-24,43440,149.0,150.0,142.0,145.0,0,0,1743400.0,253952200.0,1.0,149.0,150.0,142.0,145.0,1743400.0
2022-02-25,43440,149.0,154.0,149.0,154.0,0,0,1479500.0,224779200.0,1.0,149.0,154.0,149.0,154.0,1479500.0
2022-02-28,43440,155.0,159.0,151.0,159.0,0,0,1548800.0,242020900.0,1.0,155.0,159.0,151.0,159.0,1548800.0
2022-03-01,43440,160.0,167.0,160.0,167.0,0,0,1849700.0,302902400.0,1.0,160.0,167.0,160.0,167.0,1849700.0
2022-03-02,43440,163.0,166.0,160.0,163.0,0,0,1048000.0,170709100.0,1.0,163.0,166.0,160.0,163.0,1048000.0
2022-03-03,43440,164.0,165.0,161.0,162.0,0,0,860100.0,139957100.0,1.0,164.0,165.0,161.0,162.0,860100.0
2022-03-04,43440,160.0,161.0,156.0,158.0,0,0,984900.0,156234000.0,1.0,160.0,161.0,156.0,158.0,984900.0
2022-03-07,43440,155.0,155.0,151.0,153.0,0,0,1266100.0,193670100.0,1.0,155.0,155.0,151.0,153.0,1266100.0
2022-03-08,43440,150.0,157.0,150.0,151.0,0,0,1081500.0,165621600.0,1.0,150.0,157.0,150.0,151.0,1081500.0
2022-03-09,43440,154.0,154.0,146.0,146.0,0,0,868600.0,130024600.0,1.0,154.0,154.0,146.0,146.0,868600.0
2022-03-10,43440,151.0,155.0,151.0,154.0,0,0,899200.0,137450500.0,1.0,151.0,155.0,151.0,154.0,899200.0
2022-03-11,43440,152.0,154.0,150.0,151.0,0,0,671600.0,101691100.0,1.0,152.0,154.0,150.0,151.0,671600.0
2022-03-14,43440,152.0,156.0,150.0,154.0,0,0,724700.0,110845500.0,1.0,152.0,156.0,150.0,154.0,724700.0
2022-03-15,43440,151.0,156.0,148.0,155.0,0,0,699800.0,106628400.0,1.0,151.0,156.0,148.0,155.0,699800.0
2022-03-16,43440,154.0,158.0,153.0,155.0,0,0,757700.0,116977500.0,1.0,154.0,158.0,153.0,155.0,757700.0
2022-03-17,43440,158.0,164.0,158.0,164.0,0,0,1092500.0,176285200.0,1.0,158.0,164.0,158.0,164.0,1092500.0
2022-03-18,43440,166.0,176.0,165.0,175.0,0,0,2027200.0,347727100.0,1.0,166.0,176.0,165.0,175.0,2027200.0
2022-03-22,43440,173.0,174.0,169.0,171.0,0,0,1077200.0,185002800.0,1.0,173.0,174.0,169.0,171.0,1077200.0
2022-03-23,43440,175.0,180.0,175.0,179.0,0,0,1118400.0,198503600.0,1.0,175.0,180.0,175.0,179.0,1118400.0
2022-03-24,43440,174.0,179.0,172.0,179.0,0,0,1004200.0,175993400.0,1.0,174.0,179.0,172.0,179.0,1004200.0
2022-03-25,43440,176.0,177.0,170.0,172.0,0,0,1515500.0,261850700.0,1.0,176.0,177.0,170.0,172.0,1515500.0
2022-03-28,43440,172.0,172.0,167.0,167.0,0,0,988500.0,166885600.0,1.0,172.0,172.0,167.0,167.0,988500.0
2022-03-29,43440,169.0,172.0,167.0,171.0,0,0,1099400.0,186366900.0,1.0,169.0,172.0,167.0,171.0,1099400.0
2022-03-30,43440,172.0,175.0,171.0,175.0,0,0,986400.0,170282300.0,1.0,172.0,175.0,171.0,175.0,986400.0
2022-03-31,43440,174.0,176.0,172.0,172.0,0,0,527600.0,91398400.0,1.0,174.0,176.0,172.0,172.0,527600.0
2022-04-01,43440,173.0,178.0,170.0,174.0,0,0,1078200.0,188009900.0,1.0,173.0,178.0,170.0,174.0,1078200.0
2022-04-04,43440,173.0,175.0,171.0,172.0,0,0,601100.0,103798200.0,1.0,173.0,175.0,171.0,172.0,601100.0
2022-04-05,43440,173.0,175.0,171.0,172.0,0,0,794800.0,137265500.0,1.0,173.0,175.0,171.0,172.0,794800.0
2022-04-06,43440,172.0,172.0,166.0,167.0,0,0,928100.0,156022300.0,1.0,172.0,172.0,166.0,167.0,928100.0
2022-04-07,43440,165.0,165.0,160.0,162.0,0,0,992600.0,161107900.0,1.0,165.0,165.0,160.0,162.0,992600.0
2022-04-08,43440,163.0,164.0,161.0,162.0,0,0,718400.0,116613800.0,1.0,163.0,164.0,161.0,162.0,718400.0
2022-04-11,43440,162.0,165.0,161.0,164.0,0,0,608200.0,98841200.0,1.0,162.0,165.0,161.0,164.0,608200.0
2022-04-12,43440,162.0,164.0,158.0,158.0,0,0,775800.0,124329600.0,1.0,162.0,164.0,158.0,158.0,775800.0
2022-04-13,43440,159.0,177.0,158.0,168.0,0,0,2705800.0,456114700.0,1.0,159.0,177.0,158.0,168.0,2705800.0
2022-04-14,43440,178.0,185.0,173.0,177.0,0,0,4153200.0,742618100.0,1.0,178.0,185.0,173.0,177.0,4153200.0
2022-04-15,43440,176.0,185.0,171.0,183.0,0,0,2380800.0,427673100.0,1.0,176.0,185.0,171.0,183.0,2380800.0
2022-04-18,43440,182.0,192.0,179.0,191.0,0,0,2740000.0,512067400.0,1.0,182.0,192.0,179.0,191.0,2740000.0
2022-04-19,43440,196.0,202.0,190.0,196.0,0,0,3968900.0,776699800.0,1.0,196.0,202.0,190.0,196.0,3968900.0
2022-04-20,43440,194.0,194.0,185.0,190.0,0,0,1930100.0,365069700.0,1.0,194.0,194.0,185.0,190.0,1930100.0
2022-04-21,43440,187.0,189.0,176.0,181.0,0,0,3086200.0,559096500.0,1.0,187.0,189.0,176.0,181.0,3086200.0
2022-04-22,43440,180.0,185.0,178.0,185.0,0,0,1293400.0,235751900.0,1.0,180.0,185.0,178.0,185.0,1293400.0
2022-04-25,43440,180.0,187.0,179.0,186.0,0,0,1145300.0,210402600.0,1.0,180.0,187.0,179.0,186.0,1145300.0
2022-04-26,43440,183.0,190.0,183.0,189.0,0,0,1161300.0,216639900.0,1.0,183.0,190.0,183.0,189.0,1161300.0
2022-04-27,43440,186.0,189.0,184.0,186.0,0,0,1123400.0,209329600.0,1.0,186.0,189.0,184.0,186.0,1123400.0
2022-04-28,43440,188.0,188.0,182.0,183.0,0,0,1079300.0,198604700.0,1.0,188.0,188.0,182.0,183.0,1079300.0
2022-05-02,43440,182.0,185.0,180.0,180.0,0,0,1024200.0,186472600.0,1.0,182.0,185.0,180.0,180.0,1024200.0
2022-05-06,43440,183.0,183.0,177.0,177.0,0,0,872300.0,156342500.0,1.0,183.0,183.0,177.0,177.0,872300.0
2022-05-09,43440,174.0,177.0,172.0,173.0,0,0,685000.0,119397300.0,1.0,174.0,177.0,172.0,173.0,685000.0
2022-05-10,43440,176.0,176.0,170.0,173.0,0,0,797800.0,137286300.0,1.0,176.0,176.0,170.0,173.0,797800.0
2022-05-11,43440,171.0,174.0,167.0,170.0,0,0,1031700.0,175541400.0,1.0,171.0,174.0,167.0,170.0,1031700.0
2022-05-12,43440,168.0,169.0,162.0,164.0,0,0,1062300.0,175303000.0,1.0,168.0,169.0,162.0,164.0,1062300.0
2022-05-13,43440,161.0,172.0,161.0,170.0,0,0,1415100.0,237323700.0,1.0,161.0,172.0,161.0,170.0,1415100.0
2022-05-16,43440,174.0,176.0,167.0,169.0,0,0,1170100.0,199380100.0,1.0,174.0,176.0,167.0,169.0,1170100.0
2022-05-17,43440,170.0,176.0,170.0,175.0,0,0,839200.0,145278800.0,1.0,170.0,176.0,170.0,175.0,839200.0
2022-05-18,43440,176.0,181.0,174.0,180.0,0,0,1244100.0,221611800.0,1.0,176.0,181.0,174.0,180.0,1244100.0
2022-05-19,43440,176.0,176.0,172.0,175.0,0,0,861500.0,149897200.0,1.0,176.0,176.0,172.0,175.0,861500.0
2022-05-20,43440,173.0,182.0,173.0,182.0,0,0,763000.0,136028200.0,1.0,173.0,182.0,173.0,182.0,763000.0
2022-05-23,43440,183.0,190.0,183.0,190.0,0,0,1526400.0,284531400.0,1.0,183.0,190.0,183.0,190.0,1526400.0
2022-05-24,43440,189.0,189.0,182.0,186.0,0,0,1197200.0,222581500.0,1.0,189.0,189.0,182.0,186.0,1197200.0
2022-05-25,43440,186.0,188.0,183.0,186.0,0,0,1120400.0,207973100.0,1.0,186.0,188.0,183.0,186.0,1120400.0
2022-05-26,43440,186.0,205.0,186.0,205.0,0,0,4359900.0,864788200.0,1.0,186.0,205.0,186.0,205.0,4359900.0
2022-05-27,43440,217.0,228.0,210.0,226.0,0,0,11252000.0,2455609900.0,1.0,217.0,228.0,210.0,226.0,11252000.0
2022-05-30,43440,233.0,238.0,222.0,230.0,0,0,13069000.0,3017819800.0,1.0,233.0,238.0,222.0,230.0,13069000.0
2022-05-31,43440,228.0,248.0,224.0,243.0,0,0,7781900.0,1866239700.0,1.0,228.0,248.0,224.0,243.0,7781900.0
2022-06-01,43440,243.0,250.0,240.0,245.0,0,0,4815600.0,1175539500.0,1.0,243.0,250.0,240.0,245.0,4815600.0
2022-06-02,43440,244.0,244.0,231.0,240.0,0,0,4796600.0,1136851300.0,1.0,244.0,244.0,231.0,240.0,4796600.0
2022-06-03,43440,241.0,252.0,237.0,249.0,0,0,4940000.0,1219783400.0,1.0,241.0,252.0,237.0,249.0,4940000.0
2022-06-06,43440,249.0,267.0,247.0,265.0,0,0,8210000.0,2135617600.0,1.0,249.0,267.0,247.0,265.0,8210000.0
2022-06-07,43440,266.0,268.0,254.0,257.0,0,0,5208200.0,1350307400.0,1.0,266.0,268.0,254.0,257.0,5208200.0
2022-06-08,43440,254.0,263.0,246.0,262.0,0,0,5356800.0,1369311900.0,1.0,254.0,263.0,246.0,262.0,5356800.0
2022-06-09,43440,264.0,287.0,262.0,281.0,0,0,9398100.0,2612770700.0,1.0,264.0,287.0,262.0,281.0,9398100.0
2022-06-10,43440,276.0,281.0,271.0,272.0,0,0,5001300.0,1373586100.0,1.0,276.0,281.0,271.0,272.0,5001300.0
2022-06-13,43440,266.0,271.0,263.0,264.0,0,0,3342700.0,890042300.0,1.0,266.0,271.0,263.0,264.0,3342700.0
2022-06-14,43440,254.0,257.0,248.0,252.0,0,0,4495100.0,1133292000.0,1.0,254.0,257.0,248.0,252.0,4495100.0
2022-06-15,43440,253.0,259.0,250.0,250.0,0,0,2599900.0,656781100.0,1.0,253.0,259.0,250.0,250.0,2599900.0
2022-06-16,43440,257.0,258.0,240.0,246.0,0,0,4560600.0,1127393100.0,1.0,257.0,258.0,240.0,246.0,4560600.0
2022-06-17,43440,244.0,252.0,241.0,247.0,0,0,3474600.0,858278600.0,1.0,244.0,252.0,241.0,247.0,3474600.0
2022-06-20,43440,246.0,246.0,230.0,232.0,0,0,2469100.0,581907700.0,1.0,246.0,246.0,230.0,232.0,2469100.0
2022-06-21,43440,231.0,239.0,231.0,233.0,0,0,1596600.0,374831500.0,1.0,231.0,239.0,231.0,233.0,1596600.0
2022-06-22,43440,235.0,235.0,218.0,222.0,0,0,2603100.0,581877700.0,1.0,235.0,235.0,218.0,222.0,2603100.0
2022-06-23,43440,219.0,225.0,219.0,219.0,0,0,1808300.0,399133200.0,1.0,219.0,225.0,219.0,219.0,1808300.0
2022-06-24,43440,221.0,234.0,221.0,232.0,0,0,2570800.0,590327400.0,1.0,221.0,234.0,221.0,232.0,2570800.0
2022-06-27,43440,240.0,244.0,233.0,233.0,0,0,2402300.0,570398300.0,1.0,240.0,244.0,233.0,233.0,2402300.0
2022-06-28,43440,232.0,247.0,231.0,243.0,0,0,2889500.0,695608600.0,1.0,232.0,247.0,231.0,243.0,2889500.0
2022-06-29,43440,240.0,250.0,238.0,247.0,0,0,2470700.0,603409900.0,1.0,240.0,250.0,238.0,247.0,2470700.0
2022-06-30,43440,246.0,247.0,230.0,231.0,0,0,3033800.0,711635500.0,1.0,246.0,247.0,230.0,231.0,3033800.0
2022-07-01,43440,230.0,232.0,227.0,229.0,0,0,1512000.0,346735400.0,1.0,230.0,232.0,227.0,229.0,1512000.0
2022-07-04,43440,231.0,232.0,221.0,226.0,0,0,1562300.0,351785600.0,1.0,231.0,232.0,221.0,226.0,1562300.0
2022-07-05,43440,227.0,231.0,223.0,223.0,0,0,1227700.0,276626600.0,1.0,227.0,231.0,223.0,223.0,1227700.0
2022-07-06,43440,223.0,223.0,218.0,220.0,0,0,999300.0,220141300.0,1.0,223.0,223.0,218.0,220.0,999300.0
2022-07-07,43440,219.0,219.0,212.0,215.0,0,0,1417300.0,305368100.0,1.0,219.0,219.0,212.0,215.0,1417300.0
2022-07-08,43440,215.0,217.0,212.0,214.0,0,0,1256700.0,269824500.0,1.0,215.0,217.0,212.0,214.0,1256700.0
2022-07-11,43440,217.0,224.0,217.0,223.0,0,0,1070200.0,235716100.0,1.0,217.0,224.0,217.0,223.0,1070200.0
2022-07-12,43440,220.0,222.0,217.0,222.0,0,0,980100.0,216109600.0,1.0,220.0,222.0,217.0,222.0,980100.0
2022-07-13,43440,219.0,220.0,215.0,217.0,0,0,1002600.0,217654500.0,1.0,219.0,220.0,215.0,217.0,1002600.0
2022-07-14,43440,216.0,218.0,213.0,213.0,0,0,815000.0,175119900.0,1.0,216.0,218.0,213.0,213.0,815000.0
2022-07-15,43440,215.0,223.0,213.0,222.0,0,0,1608600.0,352671700.0,1.0,215.0,223.0,213.0,222.0,1608600.0
2022-07-19,43440,224.0,231.0,220.0,231.0,0,0,1494800.0,339703300.0,1.0,224.0,231.0,220.0,231.0,1494800.0
2022-07-20,43440,231.0,232.0,226.0,228.0,0,0,936100.0,213547500.0,1.0,231.0,232.0,226.0,228.0,936100.0
2022-07-21,43440,228.0,236.0,227.0,236.0,0,0,1253900.0,292434000.0,1.0,228.0,236.0,227.0,236.0,1253900.0
2022-07-22,43440,234.0,237.0,228.0,234.0,0,0,1255300.0,292811700.0,1.0,234.0,237.0,228.0,234.0,1255300.0
2022-07-25,43440,232.0,232.0,226.0,227.0,0,0,852500.0,194656100.0,1.0,232.0,232.0,226.0,227.0,852500.0
2022-07-26,43440,226.0,233.0,225.0,231.0,0,0,720200.0,164958500.0,1.0,226.0,233.0,225.0,231.0,720200.0
2022-07-27,43440,227.0,231.0,227.0,229.0,0,0,441100.0,100891600.0,1.0,227.0,231.0,227.0,229.0,441100.0
2022-07-28,43440,231.0,235.0,229.0,235.0,0,0,934100.0,217582200.0,1.0,231.0,235.0,229.0,235.0,934100.0
2022-07-29,43440,236.0,239.0,234.0,236.0,0,0,810100.0,191694500.0,1.0,236.0,239.0,234.0,236.0,810100.0
2022-08-01,43440,236.0,241.0,231.0,241.0,0,0,1019300.0,242578700.0,1.0,236.0,241.0,231.0,241.0,1019300.0
2022-08-02,43440,241.0,245.0,237.0,240.0,0,0,905400.0,217223400.0,1.0,241.0,245.0,237.0,240.0,905400.0
2022-08-03,43440,242.0,243.0,240.0,242.0,0,0,743000.0,179509900.0,1.0,242.0,243.0,240.0,242.0,743000.0
2022-08-04,43440,243.0,248.0,241.0,244.0,0,0,1005300.0,245652000.0,1.0,243.0,248.0,241.0,244.0,1005300.0
2022-08-05,43440,243.0,245.0,241.0,241.0,0,0,575600.0,139658600.0,1.0,243.0,245.0,241.0,241.0,575600.0
2022-08-08,43440,242.0,245.0,240.0,240.0,0,0,493300.0,119371600.0,1.0,242.0,245.0,240.0,240.0,493300.0
2022-08-09,43440,241.0,246.0,241.0,246.0,0,0,1350000.0,329740000.0,1.0,241.0,246.0,241.0,246.0,1350000.0
2022-08-10,43440,243.0,244.0,234.0,237.0,0,0,1917300.0,457480200.0,1.0,243.0,244.0,234.0,237.0,1917300.0
2022-08-12,43440,232.0,254.0,225.0,248.0,0,0,3743900.0,916427900.0,1.0,232.0,254.0,225.0,248.0,3743900.0
2022-08-15,43440,246.0,250.0,236.0,239.0,0,0,1977700.0,475046700.0,1.0,246.0,250.0,236.0,239.0,1977700.0
2022-08-16,43440,242.0,270.0,241.0,265.0,0,0,5262100.0,1375383900.0,1.0,242.0,270.0,241.0,265.0,5262100.0
2022-08-17,43440,266.0,271.0,260.0,261.0,0,0,2266500.0,599753700.0,1.0,266.0,271.0,260.0,261.0,2266500.0
2022-08-18,43440,258.0,260.0,253.0,254.0,0,0,1205200.0,308730400.0,1.0,258.0,260.0,253.0,254.0,1205200.0
2022-08-19,43440,252.0,252.0,241.0,244.0,0,0,1860000.0,455776700.0,1.0,252.0,252.0,241.0,244.0,1860000.0
2022-08-22,43440,241.0,242.0,237.0,241.0,0,0,908900.0,218506400.0,1.0,241.0,242.0,237.0,241.0,908900.0
2022-08-23,43440,242.0,249.0,239.0,249.0,0,0,946500.0,232512200.0,1.0,242.0,249.0,239.0,249.0,946500.0
2022-08-24,43440,245.0,248.0,242.0,243.0,0,0,1086300.0,265423500.0,1.0,245.0,248.0,242.0,243.0,1086300.0
2022-08-25,43440,246.0,251.0,244.0,248.0,0,0,1027400.0,254622400.0,1.0,246.0,251.0,244.0,248.0,1027400.0
2022-08-26,43440,251.0,253.0,248.0,248.0,0,0,856500.0,214361200.0,1.0,251.0,253.0,248.0,248.0,856500.0
2022-08-29,43440,244.0,246.0,241.0,245.0,0,0,973600.0,237129700.0,1.0,244.0,246.0,241.0,245.0,973600.0
2022-08-30,43440,245.0,251.0,244.0,251.0,0,0,833200.0,207019000.0,1.0,245.0,251.0,244.0,251.0,833200.0
2022-08-31,43440,251.0,257.0,249.0,256.0,0,0,1250000.0,317473100.0,1.0,251.0,257.0,249.0,256.0,1250000.0
2022-09-01,43440,252.0,255.0,244.0,245.0,0,0,978400.0,242858600.0,1.0,252.0,255.0,244.0,245.0,978400.0
2022-09-02,43440,244.0,244.0,239.0,240.0,0,0,1098000.0,264939300.0,1.0,244.0,244.0,239.0,240.0,1098000.0
2022-09-05,43440,239.0,240.0,233.0,237.0,0,0,1327300.0,313496200.0,1.0,239.0,240.0,233.0,237.0,1327300.0
2022-09-06,43440,237.0,244.0,234.0,239.0,0,0,762100.0,182752600.0,1.0,237.0,244.0,234.0,239.0,762100.0
2022-09-07,43440,238.0,239.0,230.0,232.0,0,0,985700.0,229939100.0,1.0,238.0,239.0,230.0,232.0,985700.0
2022-09-08,43440,236.0,245.0,236.0,244.0,0,0,990400.0,238794100.0,1.0,236.0,245.0,236.0,244.0,990400.0
2022-09-09,43440,246.0,282.0,246.0,281.0,0,0,9085900.0,2470520100.0,1.0,246.0,282.0,246.0,281.0,9085900.0
2022-09-12,43440,284.0,315.0,283.0,314.0,0,0,8764000.0,2650115600.0,1.0,284.0,315.0,283.0,314.0,8764000.0
2022-09-13,43440,315.0,318.0,297.0,299.0,0,0,4704100.0,1441887600.0,1.0,315.0,318.0,297.0,299.0,4704100.0
2022-09-14,43440,295.0,303.0,287.0,288.0,0,0,3255900.0,953162600.0,1.0,295.0,303.0,287.0,288.0,3255900.0
2022-09-15,43440,285.0,287.0,280.0,284.0,0,0,1732800.0,492030400.0,1.0,285.0,287.0,280.0,284.0,1732800.0
2022-09-16,43440,286.0,286.0,276.0,279.0,0,0,1267500.0,354447800.0,1.0,286.0,286.0,276.0,279.0,1267500.0
2022-09-20,43440,275.0,281.0,270.0,270.0,0,0,1271000.0,347079800.0,1.0,275.0,281.0,270.0,270.0,1271000.0
2022-09-21,43440,270.0,271.0,261.0,263.0,0,0,1055500.0,279520900.0,1.0,270.0,271.0,261.0,263.0,1055500.0
2022-09-22,43440,261.0,265.0,258.0,261.0,0,0,1181600.0,309122700.0,1.0,261.0,265.0,258.0,261.0,1181600.0
2022-09-26,43440,266.0,277.0,261.0,264.0,0,0,2165300.0,580964000.0,1.0,266.0,277.0,261.0,264.0,2165300.0
2022-09-27,43440,270.0,277.0,269.0,273.0,0,0,1004600.0,274058300.0,1.0,270.0,277.0,269.0,273.0,1004600.0
2022-09-28,43440,271.0,275.0,257.0,263.0,0,0,1921600.0,502982600.0,1.0,271.0,275.0,257.0,263.0,1921600.0
2022-09-29,43440,271.0,280.0,266.0,267.0,0,0,1428500.0,390220900.0,1.0,271.0,280.0,266.0,267.0,1428500.0
2022-09-30,43440,268.0,277.0,263.0,265.0,0,0,1275100.0,343116500.0,1.0,268.0,277.0,263.0,265.0,1275100.0
2022-10-03,43440,267.0,269.0,261.0,268.0,0,0,1059300.0,281323900.0,1.0,267.0,269.0,261.0,268.0,1059300.0
2022-10-04,43440,275.0,280.0,268.0,273.0,0,0,1023400.0,279457500.0,1.0,275.0,280.0,268.0,273.0,1023400.0
2022-10-05,43440,274.0,280.0,268.0,269.0,0,0,1050900.0,284694600.0,1.0,274.0,280.0,268.0,269.0,1050900.0
2022-10-06,43440,272.0,274.0,269.0,271.0,0,0,669500.0,181408900.0,1.0,272.0,274.0,269.0,271.0,669500.0
2022-10-07,43440,269.0,278.0,269.0,272.0,0,0,1062900.0,290537400.0,1.0,269.0,278.0,269.0,272.0,1062900.0
2022-10-11,43440,279.0,285.0,273.0,274.0,0,0,2588800.0,720987900.0,1.0,279.0,285.0,273.0,274.0,2588800.0
2022-10-12,43440,288.0,307.0,281.0,294.0,0,0,10560500.0,3084510000.0,1.0,288.0,307.0,281.0,294.0,10560500.0
2022-10-13,43440,306.0,308.0,273.0,275.0,0,0,8949900.0,2554275600.0,1.0,306.0,308.0,273.0,275.0,8949900.0
2022-10-14,43440,276.0,298.0,269.0,289.0,0,0,6510400.0,1871109400.0,1.0,276.0,298.0,269.0,289.0,6510400.0
2022-10-17,43440,287.0,301.0,285.0,294.0,0,0,3442100.0,1015564000.0,1.0,287.0,301.0,285.0,294.0,3442100.0
2022-10-18,43440,298.0,324.0,295.0,319.0,0,0,8592800.0,2700019600.0,1.0,298.0,324.0,295.0,319.0,8592800.0
2022-10-19,43440,320.0,340.0,310.0,333.0,0,0,9373700.0,3068075700.0,1.0,320.0,340.0,310.0,333.0,9373700.0
2022-10-20,43440,335.0,340.0,314.0,325.0,0,0,10253200.0,3326432000.0,1.0,335.0,340.0,314.0,325.0,10253200.0
2022-10-21,43440,322.0,326.0,309.0,312.0,0,0,4584300.0,1449492500.0,1.0,322.0,326.0,309.0,312.0,4584300.0
2022-10-24,43440,312.0,320.0,311.0,315.0,0,0,1856700.0,585710100.0,1.0,312.0,320.0,311.0,315.0,1856700.0
2022-10-25,43440,316.0,317.0,296.0,296.0,0,0,4664400.0,1410130100.0,1.0,316.0,317.0,296.0,296.0,4664400.0
2022-10-26,43440,298.0,302.0,292.0,293.0,0,0,2177200.0,646093200.0,1.0,298.0,302.0,292.0,293.0,2177200.0
2022-10-27,43440,292.0,296.0,286.0,290.0,0,0,1612100.0,468928600.0,1.0,292.0,296.0,286.0,290.0,1612100.0
2022-10-28,43440,287.0,296.0,285.0,295.0,0,0,2138100.0,622549500.0,1.0,287.0,296.0,285.0,295.0,2138100.0
2022-10-31,43440,301.0,302.0,291.0,298.0,0,0,2015500.0,597437800.0,1.0,301.0,302.0,291.0,298.0,2015500.0
2022-11-01,43440,298.0,298.0,292.0,297.0,0,0,1268500.0,373736300.0,1.0,298.0,298.0,292.0,297.0,1268500.0
2022-11-02,43440,293.0,294.0,285.0,291.0,0,0,2348700.0,678118200.0,1.0,293.0,294.0,285.0,291.0,2348700.0
2022-11-04,43440,285.0,308.0,283.0,306.0,0,0,2948000.0,879402600.0,1.0,285.0,308.0,283.0,306.0,2948000.0
2022-11-07,43440,307.0,309.0,299.0,299.0,0,0,2194400.0,665075500.0,1.0,307.0,309.0,299.0,299.0,2194400.0
2022-11-08,43440,300.0,307.0,300.0,306.0,0,0,1624700.0,494341600.0,1.0,300.0,307.0,300.0,306.0,1624700.0
2022-11-09,43440,303.0,304.0,297.0,304.0,0,0,1343600.0,405274400.0,1.0,303.0,304.0,297.0,304.0,1343600.0
2022-11-10,43440,297.0,303.0,297.0,299.0,0,0,1197900.0,358368800.0,1.0,297.0,303.0,297.0,299.0,1197900.0
2022-11-11,43440,303.0,303.0,294.0,302.0,0,0,1766800.0,528639400.0,1.0,303.0,303.0,294.0,302.0,1766800.0
2022-11-14,43440,300.0,300.0,292.0,296.0,0,0,1901700.0,562497000.0,1.0,300.0,300.0,292.0,296.0,1901700.0
2022-11-15,43440,280.0,280.0,264.0,269.0,0,0,3933200.0,1066331000.0,1.0,280.0,280.0,264.0,269.0,3933200.0
2022-11-16,43440,269.0,269.0,257.0,258.0,0,0,1729500.0,451289300.0,1.0,269.0,269.0,257.0,258.0,1729500.0
2022-11-17,43440,256.0,266.0,254.0,258.0,0,0,2051900.0,535838100.0,1.0,256.0,266.0,254.0,258.0,2051900.0
2022-11-18,43440,257.0,258.0,251.0,253.0,0,0,1454300.0,370511200.0,1.0,257.0,258.0,251.0,253.0,1454300.0
2022-11-21,43440,254.0,263.0,251.0,260.0,0,0,1439100.0,371992800.0,1.0,254.0,263.0,251.0,260.0,1439100.0
2022-11-22,43440,264.0,283.0,262.0,269.0,0,0,5319100.0,1459093100.0,1.0,264.0,283.0,262.0,269.0,5319100.0
2022-11-24,43440,276.0,294.0,275.0,287.0,0,0,4549400.0,1306572200.0,1.0,276.0,294.0,275.0,287.0,4549400.0
2022-11-25,43440,291.0,296.0,284.0,290.0,0,0,2131800.0,615471700.0,1.0,291.0,296.0,284.0,290.0,2131800.0
2022-11-28,43440,290.0,291.0,284.0,287.0,0,0,1428700.0,410999500.0,1.0,290.0,291.0,284.0,287.0,1428700.0
2022-11-29,43440,288.0,288.0,278.0,280.0,0,0,1171800.0,330068100.0,1.0,288.0,288.0,278.0,280.0,1171800.0
2022-11-30,43440,277.0,280.0,270.0,279.0,0,0,1582400.0,435958200.0,1.0,277.0,280.0,270.0,279.0,1582400.0
2022-12-01,43440,282.0,286.0,275.0,276.0,0,0,1375100.0,383231900.0,1.0,282.0,286.0,275.0,276.0,1375100.0
2022-12-02,43440,276.0,291.0,273.0,290.0,0,0,2799400.0,799539900.0,1.0,276.0,291.0,273.0,290.0,2799400.0
2022-12-05,43440,286.0,290.0,282.0,290.0,0,0,1538300.0,438900300.0,1.0,286.0,290.0,282.0,290.0,1538300.0
2022-12-06,43440,284.0,286.0,275.0,280.0,0,0,2124700.0,595396200.0,1.0,284.0,286.0,275.0,280.0,2124700.0
2022-12-07,43440,276.0,281.0,273.0,281.0,0,0,1198300.0,331950600.0,1.0,276.0,281.0,273.0,281.0,1198300.0
2022-12-08,43440,281.0,287.0,278.0,282.0,0,0,881100.0,247977900.0,1.0,281.0,287.0,278.0,282.0,881100.0
2022-12-09,43440,283.0,293.0,280.0,288.0,0,0,1793600.0,516355400.0,1.0,283.0,293.0,280.0,288.0,1793600.0
2022-12-12,43440,285.0,294.0,284.0,292.0,0,0,1153300.0,334909400.0,1.0,285.0,294.0,284.0,292.0,1153300.0
2022-12-13,43440,296.0,297.0,290.0,291.0,0,0,1336500.0,391712800.0,1.0,296.0,297.0,290.0,291.0,1336500.0
2022-12-14,43440,289.0,290.0,283.0,286.0,0,0,1396600.0,399930100.0,1.0,289.0,290.0,283.0,286.0,1396600.0
2022-12-15,43440,285.0,285.0,280.0,283.0,0,0,1058200.0,298430600.0,1.0,285.0,285.0,280.0,283.0,1058200.0
2022-12-16,43440,281.0,286.0,279.0,282.0,0,0,1315900.0,371062900.0,1.0,281.0,286.0,279.0,282.0,1315900.0
2022-12-19,43440,278.0,290.0,277.0,286.0,0,0,1398600.0,397006400.0,1.0,278.0,290.0,277.0,286.0,1398600.0
2022-12-20,43440,285.0,292.0,272.0,276.0,0,0,2418700.0,678833200.0,1.0,285.0,292.0,272.0,276.0,2418700.0
2022-12-21,43440,276.0,287.0,271.0,282.0,0,0,1560800.0,438936900.0,1.0,276.0,287.0,271.0,282.0,1560800.0
2022-12-22,43440,285.0,302.0,282.0,300.0,0,0,3530200.0,1048010300.0,1.0,285.0,302.0,282.0,300.0,3530200.0
2022-12-23,43440,296.0,301.0,286.0,289.0,0,0,2258100.0,661161700.0,1.0,296.0,301.0,286.0,289.0,2258100.0
2022-12-26,43440,285.0,288.0,281.0,283.0,0,0,1337000.0,380450100.0,1.0,285.0,288.0,281.0,283.0,1337000.0
2022-12-27,43440,286.0,296.0,286.0,294.0,0,0,1668600.0,488448100.0,1.0,286.0,296.0,286.0,294.0,1668600.0
2022-12-28,43440,290.0,312.0,290.0,309.0,0,0,4768500.0,1460420500.0,1.0,290.0,312.0,290.0,309.0,4768500.0
2022-12-29,43440,301.0,304.0,289.0,294.0,0,0,3649200.0,1073077000.0,1.0,301.0,304.0,289.0,294.0,3649200.0
2022-12-30,43440,298.0,311.0,285.0,309.0,0,0,7054900.0,2131947700.0,1.0,298.0,311.0,285.0,309.0,7054900.0
2023-01-04,43440,305.0,313.0,291.0,297.0,0,0,4998600.0,1497256800.0,1.0,305.0,313.0,291.0,297.0,4998600.0
2023-01-05,43440,299.0,304.0,287.0,291.0,0,0,3336300.0,981455700.0,1.0,299.0,304.0,287.0,291.0,3336300.0
2023-01-06,43440,291.0,309.0,285.0,304.0,0,0,4540400.0,1367341500.0,1.0,291.0,309.0,285.0,304.0,4540400.0
2023-01-10,43440,308.0,314.0,302.0,306.0,0,0,2670100.0,822374000.0,1.0,308.0,314.0,302.0,306.0,2670100.0
2023-01-11,43440,308.0,308.0,299.0,304.0,0,0,2108600.0,638571800.0,1.0,308.0,308.0,299.0,304.0,2108600.0
2023-01-12,43440,304.0,308.0,301.0,307.0,0,0,1517800.0,463010900.0,1.0,304.0,308.0,301.0,307.0,1517800.0
2023-01-13,43440,304.0,308.0,301.0,302.0,0,0,1888600.0,573176100.0,1.0,304.0,308.0,301.0,302.0,1888600.0
2023-01-16,43440,303.0,311.0,300.0,302.0,0,0,2515000.0,766675700.0,1.0,303.0,311.0,300.0,302.0,2515000.0
2023-01-17,43440,301.0,301.0,293.0,294.0,0,0,2012200.0,594696300.0,1.0,301.0,301.0,293.0,294.0,2012200.0
2023-01-18,43440,294.0,302.0,291.0,300.0,0,0,1840100.0,547124400.0,1.0,294.0,302.0,291.0,300.0,1840100.0
2023-01-19,43440,297.0,298.0,291.0,294.0,0,0,1830700.0,538362300.0,1.0,297.0,298.0,291.0,294.0,1830700.0
2023-01-20,43440,292.0,293.0,284.0,291.0,0,0,1953900.0,565362300.0,1.0,292.0,293.0,284.0,291.0,1953900.0
2023-01-23,43440,293.0,310.0,292.0,305.0,0,0,3750500.0,1137385100.0,1.0,293.0,310.0,292.0,305.0,3750500.0
2023-01-24,43440,310.0,319.0,307.0,309.0,0,0,5069000.0,1580896900.0,1.0,310.0,319.0,307.0,309.0,5069000.0
2023-01-25,43440,306.0,313.0,301.0,303.0,0,0,2119500.0,651050300.0,1.0,306.0,313.0,301.0,303.0,2119500.0
2023-01-26,43440,302.0,303.0,297.0,301.0,0,0,2226300.0,668571200.0,1.0,302.0,303.0,297.0,301.0,2226300.0
2023-01-27,43440,301.0,302.0,294.0,298.0,0,0,1431400.0,425557900.0,1.0,301.0,302.0,294.0,298.0,1431400.0
2023-01-30,43440,296.0,301.0,293.0,295.0,0,0,1550000.0,459132900.0,1.0,296.0,301.0,293.0,295.0,1550000.0
2023-01-31,43440,298.0,298.0,287.0,289.0,0,0,2145100.0,622284400.0,1.0,298.0,298.0,287.0,289.0,2145100.0
2023-02-01,43440,290.0,294.0,288.0,288.0,0,0,1414600.0,411426900.0,1.0,290.0,294.0,288.0,288.0,1414600.0
2023-02-02,43440,289.0,291.0,282.0,283.0,0,0,1730100.0,493553200.0,1.0,289.0,291.0,282.0,283.0,1730100.0
2023-02-03,43440,282.0,286.0,277.0,286.0,0,0,1084400.0,307027500.0,1.0,282.0,286.0,277.0,286.0,1084400.0
2023-02-06,43440,286.0,290.0,284.0,287.0,0,0,1137200.0,326555400.0,1.0,286.0,290.0,284.0,287.0,1137200.0
2023-02-07,43440,285.0,285.0,280.0,283.0,0,0,1149200.0,324791000.0,1.0,285.0,285.0,280.0,283.0,1149200.0
2023-02-08,43440,281.0,282.0,278.0,279.0,0,0,1275800.0,357214000.0,1.0,281.0,282.0,278.0,279.0,1275800.0
2023-02-09,43440,277.0,278.0,267.0,270.0,0,0,2925400.0,793171300.0,1.0,277.0,278.0,267.0,270.0,2925400.0
2023-02-10,43440,270.0,270.0,264.0,265.0,0,0,2077400.0,552273600.0,1.0,270.0,270.0,264.0,265.0,2077400.0
2023-02-13,43440,265.0,267.0,262.0,263.0,0,0,943900.0,249060800.0,1.0,265.0,267.0,262.0,263.0,943900.0
2023-02-14,43440,264.0,269.0,263.0,265.0,0,0,821800.0,218229000.0,1.0,264.0,269.0,263.0,265.0,821800.0
2023-02-15,43440,218.0,227.0,212.0,220.0,0,0,5602300.0,1225573300.0,1.0,218.0,227.0,212.0,220.0,5602300.0
2023-02-16,43440,221.0,235.0,221.0,232.0,0,0,3899600.0,895649500.0,1.0,221.0,235.0,221.0,232.0,3899600.0
2023-02-17,43440,233.0,242.0,229.0,236.0,0,0,2983400.0,704717500.0,1.0,233.0,242.0,229.0,236.0,2983400.0
2023-02-20,43440,236.0,237.0,228.0,234.0,0,0,1320000.0,307892600.0,1.0,236.0,237.0,228.0,234.0,1320000.0
2023-02-21,43440,233.0,235.0,230.0,230.0,0,0,1036900.0,241160800.0,1.0,233.0,235.0,230.0,230.0,1036900.0
2023-02-22,43440,229.0,235.0,226.0,230.0,0,0,1066400.0,245430000.0,1.0,229.0,235.0,226.0,230.0,1066400.0
2023-02-24,43440,230.0,238.0,229.0,236.0,0,0,1174900.0,275078700.0,1.0,230.0,238.0,229.0,236.0,1174900.0
2023-02-27,43440,233.0,234.0,223.0,224.0,0,0,2226500.0,508734800.0,1.0,233.0,234.0,223.0,224.0,2226500.0
2023-02-28,43440,225.0,230.0,221.0,230.0,0,0,1558200.0,352462100.0,1.0,225.0,230.0,221.0,230.0,1558200.0
2023-03-01,43440,229.0,230.0,223.0,224.0,0,0,1135200.0,255922800.0,1.0,229.0,230.0,223.0,224.0,1135200.0
2023-03-02,43440,224.0,226.0,222.0,225.0,0,0,841900.0,188641400.0,1.0,224.0,226.0,222.0,225.0,841900.0
2023-03-03,43440,224.0,225.0,221.0,222.0,0,0,1002900.0,223620100.0,1.0,224.0,225.0,221.0,222.0,1002900.0
2023-03-06,43440,225.0,234.0,223.0,233.0,0,0,1823600.0,418888400.0,1.0,225.0,234.0,223.0,233.0,1823600.0
2023-03-07,43440,231.0,236.0,230.0,233.0,0,0,1784800.0,415870900.0,1.0,231.0,236.0,230.0,233.0,1784800.0
2023-03-08,43440,231.0,235.0,230.0,232.0,0,0,1349300.0,313271500.0,1.0,231.0,235.0,230.0,232.0,1349300.0
2023-03-09,43440,234.0,239.0,233.0,236.0,0,0,1014500.0,239579200.0,1.0,234.0,239.0,233.0,236.0,1014500.0
2023-03-10,43440,234.0,237.0,230.0,233.0,0,0,1218200.0,284250400.0,1.0,234.0,237.0,230.0,233.0,1218200.0
2023-03-13,43440,230.0,232.0,226.0,231.0,0,0,1033300.0,236487700.0,1.0,230.0,232.0,226.0,231.0,1033300.0
2023-03-14,43440,227.0,233.0,226.0,228.0,0,0,1471800.0,337048900.0,1.0,227.0,233.0,226.0,228.0,1471800.0
2023-03-15,43440,231.0,232.0,225.0,225.0,0,0,986900.0,225076200.0,1.0,231.0,232.0,225.0,225.0,986900.0
2023-03-16,43440,222.0,222.0,215.0,218.0,0,0,1448800.0,316725100.0,1.0,222.0,222.0,215.0,218.0,1448800.0
2023-03-17,43440,218.0,227.0,218.0,226.0,0,0,1739500.0,388763000.0,1.0,218.0,227.0,218.0,226.0,1739500.0
2023-03-20,43440,223.0,225.0,212.0,212.0,0,0,1634800.0,353817000.0,1.0,223.0,225.0,212.0,212.0,1634800.0
2023-03-22,43440,215.0,218.0,210.0,211.0,0,0,819000.0,174669300.0,1.0,215.0,218.0,210.0,211.0,819000.0
2023-03-23,43440,207.0,211.0,205.0,209.0,0,0,900000.0,186727300.0,1.0,207.0,211.0,205.0,209.0,900000.0
2023-03-24,43440,209.0,210.0,203.0,209.0,0,0,812900.0,168084400.0,1.0,209.0,210.0,203.0,209.0,812900.0
2023-03-27,43440,209.0,214.0,208.0,213.0,0,0,717300.0,151364700.0,1.0,209.0,214.0,208.0,213.0,717300.0
2023-03-28,43440,210.0,212.0,207.0,208.0,0,0,676200.0,141326100.0,1.0,210.0,212.0,207.0,208.0,676200.0
2023-03-29,43440,207.0,211.0,207.0,211.0,0,0,919100.0,192078500.0,1.0,207.0,211.0,207.0,211.0,919100.0
2023-03-30,43440,212.0,217.0,211.0,214.0,0,0,957000.0,204379800.0,1.0,212.0,217.0,211.0,214.0,957000.0
2023-03-31,43440,218.0,221.0,216.0,219.0,0,0,820400.0,179303600.0,1.0,218.0,221.0,216.0,219.0,820400.0
2023-04-03,43440,222.0,226.0,220.0,223.0,0,0,828500.0,184883700.0,1.0,222.0,226.0,220.0,223.0,828500.0
2023-04-04,43440,225.0,225.0,219.0,220.0,0,0,766500.0,169420900.0,1.0,225.0,225.0,219.0,220.0,766500.0
2023-04-05,43440,222.0,222.0,217.0,217.0,0,0,651500.0,142583500.0,1.0,222.0,222.0,217.0,217.0,651500.0
2023-04-06,43440,215.0,218.0,213.0,214.0,0,0,959900.0,205941400.0,1.0,215.0,218.0,213.0,214.0,959900.0
2023-04-07,43440,214.0,215.0,211.0,212.0,0,0,493100.0,104803700.0,1.0,214.0,215.0,211.0,212.0,493100.0
2023-04-10,43440,213.0,218.0,212.0,214.0,0,0,802600.0,172759400.0,1.0,213.0,218.0,212.0,214.0,802600.0
2023-04-11,43440,213.0,216.0,213.0,216.0,0,0,808800.0,174059900.0,1.0,213.0,216.0,213.0,216.0,808800.0
2023-04-12,43440,215.0,216.0,213.0,213.0,0,0,506900.0,108545500.0,1.0,215.0,216.0,213.0,213.0,506900.0
2023-04-13,43440,212.0,213.0,210.0,211.0,0,0,754400.0,159503500.0,1.0,212.0,213.0,210.0,211.0,754400.0
2023-04-14,43440,215.0,218.0,215.0,218.0,0,0,1038000.0,224693500.0,1.0,215.0,218.0,215.0,218.0,1038000.0
2023-04-17,43440,219.0,222.0,216.0,217.0,0,0,543200.0,118354300.0,1.0,219.0,222.0,216.0,217.0,543200.0
2023-04-18,43440,218.0,221.0,217.0,220.0,0,0,734700.0,161155500.0,1.0,218.0,221.0,217.0,220.0,734700.0
2023-04-19,43440,220.0,221.0,218.0,221.0,0,0,682700.0,149827200.0,1.0,220.0,221.0,218.0,221.0,682700.0
2023-04-20,43440,219.0,221.0,217.0,218.0,0,0,785300.0,171592800.0,1.0,219.0,221.0,217.0,218.0,785300.0
2023-04-21,43440,218.0,218.0,214.0,216.0,0,0,864900.0,186739900.0,1.0,218.0,218.0,214.0,216.0,864900.0
2023-04-24,43440,218.0,226.0,218.0,224.0,0,0,1331500.0,296483700.0,1.0,218.0,226.0,218.0,224.0,1331500.0
2023-04-25,43440,223.0,226.0,222.0,226.0,0,0,833000.0,186871900.0,1.0,223.0,226.0,222.0,226.0,833000.0
2023-04-26,43440,223.0,223.0,217.0,221.0,0,0,927400.0,204566500.0,1.0,223.0,223.0,217.0,221.0,927400.0
2023-04-27,43440,219.0,224.0,219.0,222.0,0,0,475600.0,105168900.0,1.0,219.0,224.0,219.0,222.0,475600.0
2023-04-28,43440,225.0,228.0,224.0,228.0,0,0,921900.0,208402300.0,1.0,225.0,228.0,224.0,228.0,921900.0
2023-05-01,43440,229.0,232.0,227.0,229.0,0,0,1198600.0,274642400.0,1.0,229.0,232.0,227.0,229.0,1198600.0
2023-05-02,43440,228.0,234.0,227.0,234.0,0,0,1163800.0,268996900.0,1.0,228.0,234.0,227.0,234.0,1163800.0
2023-05-08,43440,234.0,237.0,232.0,235.0,0,0,793800.0,185943400.0,1.0,234.0,237.0,232.0,235.0,793800.0
2023-05-09,43440,235.0,237.0,232.0,232.0,0,0,761400.0,178272200.0,1.0,235.0,237.0,232.0,232.0,761400.0
2023-05-10,43440,232.0,233.0,226.0,226.0,0,0,736500.0,168502100.0,1.0,232.0,233.0,226.0,226.0,736500.0
2023-05-11,43440,228.0,232.0,228.0,229.0,0,0,667800.0,153280300.0,1.0,228.0,232.0,228.0,229.0,667800.0
2023-05-12,43440,225.0,228.0,224.0,226.0,0,0,785300.0,177262300.0,1.0,225.0,228.0,224.0,226.0,785300.0
2023-05-15,43440,228.0,228.0,223.0,223.0,0,0,749800.0,168960300.0,1.0,228.0,228.0,223.0,223.0,749800.0
2023-05-16,43440,220.0,224.0,215.0,221.0,0,0,1127100.0,248461100.0,1.0,220.0,224.0,215.0,221.0,1127100.0
2023-05-17,43440,219.0,219.0,215.0,215.0,0,0,1175500.0,255197100.0,1.0,219.0,219.0,215.0,215.0,1175500.0
2023-05-18,43440,218.0,220.0,209.0,209.0,0,0,1242800.0,264367600.0,1.0,218.0,220.0,209.0,209.0,1242800.0
2023-05-19,43440,210.0,212.0,208.0,211.0,0,0,814000.0,171256100.0,1.0,210.0,212.0,208.0,211.0,814000.0
2023-05-22,43440,209.0,212.0,206.0,208.0,0,0,1025500.0,214135100.0,1.0,209.0,212.0,206.0,208.0,1025500.0
2023-05-23,43440,210.0,212.0,200.0,201.0,0,0,1829900.0,374523500.0,1.0,210.0,212.0,200.0,201.0,1829900.0
2023-05-24,43440,198.0,199.0,191.0,192.0,0,0,2040700.0,395911300.0,1.0,198.0,199.0,191.0,192.0,2040700.0
2023-05-25,43440,192.0,192.0,183.0,184.0,0,0,2462700.0,458289300.0,1.0,192.0,192.0,183.0,184.0,2462700.0
2023-05-26,43440,183.0,194.0,183.0,192.0,0,0,1835400.0,348440900.0,1.0,183.0,194.0,183.0,192.0,1835400.0
2023-05-29,43440,194.0,196.0,189.0,194.0,0,0,1324400.0,256068900.0,1.0,194.0,196.0,189.0,194.0,1324400.0
2023-05-30,43440,193.0,203.0,192.0,201.0,0,0,1399800.0,276332700.0,1.0,193.0,203.0,192.0,201.0,1399800.0
2023-05-31,43440,201.0,205.0,199.0,199.0,0,0,1574400.0,316528100.0,1.0,201.0,205.0,199.0,199.0,1574400.0
2023-06-01,43440,200.0,206.0,199.0,202.0,0,0,1063500.0,216522000.0,1.0,200.0,206.0,199.0,202.0,1063500.0
2023-06-02,43440,201.0,204.0,201.0,202.0,0,0,920000.0,185507300.0,1.0,201.0,204.0,201.0,202.0,920000.0
2023-06-05,43440,204.0,207.0,203.0,206.0,0,0,673000.0,138035700.0,1.0,204.0,207.0,203.0,206.0,673000.0
2023-06-06,43440,206.0,212.0,206.0,208.0,0,0,1038700.0,216803600.0,1.0,206.0,212.0,206.0,208.0,1038700.0
2023-06-07,43440,208.0,212.0,205.0,209.0,0,0,1366600.0,284913100.0,1.0,208.0,212.0,205.0,209.0,1366600.0
2023-06-08,43440,207.0,210.0,202.0,202.0,0,0,1121100.0,229968000.0,1.0,207.0,210.0,202.0,202.0,1121100.0
2023-06-09,43440,206.0,207.0,204.0,204.0,0,0,917400.0,188495000.0,1.0,206.0,207.0,204.0,204.0,917400.0
2023-06-12,43440,204.0,209.0,204.0,207.0,0,0,978500.0,202133500.0,1.0,204.0,209.0,204.0,207.0,978500.0
2023-06-13,43440,208.0,208.0,201.0,201.0,0,0,1421400.0,288186800.0,1.0,208.0,208.0,201.0,201.0,1421400.0
2023-06-14,43440,201.0,202.0,198.0,198.0,0,0,1551500.0,310341300.0,1.0,201.0,202.0,198.0,198.0,1551500.0
2023-06-15,43440,197.0,201.0,196.0,200.0,0,0,1950600.0,387892200.0,1.0,197.0,201.0,196.0,200.0,1950600.0
2023-06-16,43440,200.0,202.0,198.0,201.0,0,0,1755900.0,351134700.0,1.0,200.0,202.0,198.0,201.0,1755900.0
2023-06-19,43440,200.0,203.0,198.0,202.0,0,0,1364100.0,273102400.0,1.0,200.0,203.0,198.0,202.0,1364100.0
2023-06-20,43440,203.0,206.0,202.0,205.0,0,0,1213900.0,247147400.0,1.0,203.0,206.0,202.0,205.0,1213900.0
2023-06-21,43440,204.0,206.0,203.0,205.0,0,0,921700.0,188313200.0,1.0,204.0,206.0,203.0,205.0,921700.0
2023-06-22,43440,204.0,209.0,203.0,205.0,0,0,1302400.0,267990800.0,1.0,204.0,209.0,203.0,205.0,1302400.0
2023-06-23,43440,207.0,207.0,201.0,203.0,0,0,1181500.0,240737500.0,1.0,207.0,207.0,201.0,203.0,1181500.0
2023-06-26,43440,201.0,202.0,197.0,198.0,0,0,1517600.0,301772100.0,1.0,201.0,202.0,197.0,198.0,1517600.0
2023-06-27,43440,196.0,197.0,192.0,195.0,0,0,1467200.0,285151100.0,1.0,196.0,197.0,192.0,195.0,1467200.0
2023-06-28,43440,197.0,200.0,196.0,200.0,0,0,655100.0,129827300.0,1.0,197.0,200.0,196.0,200.0,655100.0
2023-06-29,43440,201.0,203.0,198.0,201.0,0,0,835000.0,167054100.0,1.0,201.0,203.0,198.0,201.0,835000.0
2023-06-30,43440,200.0,200.0,197.0,199.0,0,0,879500.0,174537300.0,1.0,200.0,200.0,197.0,199.0,879500.0
2023-07-03,43440,199.0,200.0,198.0,198.0,0,0,530900.0,105702500.0,1.0,199.0,200.0,198.0,198.0,530900.0
2023-07-04,43440,196.0,198.0,195.0,196.0,0,0,719100.0,141320200.0,1.0,196.0,198.0,195.0,196.0,719100.0
2023-07-05,43440,196.0,196.0,191.0,192.0,0,0,1211700.0,233549300.0,1.0,196.0,196.0,191.0,192.0,1211700.0
2023-07-06,43440,192.0,192.0,188.0,190.0,0,0,1397700.0,265851800.0,1.0,192.0,192.0,188.0,190.0,1397700.0
2023-07-07,43440,189.0,195.0,188.0,193.0,0,0,996100.0,191036600.0,1.0,189.0,195.0,188.0,193.0,996100.0
2023-07-10,43440,192.0,194.0,190.0,192.0,0,0,1032100.0,198502500.0,1.0,192.0,194.0,190.0,192.0,1032100.0
2023-07-11,43440,194.0,195.0,191.0,192.0,0,0,555000.0,107310600.0,1.0,194.0,195.0,191.0,192.0,555000.0
2023-07-12,43440,194.0,194.0,190.0,191.0,0,0,446300.0,85626100.0,1.0,194.0,194.0,190.0,191.0,446300.0
2023-07-13,43440,191.0,193.0,189.0,192.0,0,0,562800.0,107730200.0,1.0,191.0,193.0,189.0,192.0,562800.0
2023-07-14,43440,193.0,194.0,189.0,189.0,0,0,665300.0,126861900.0,1.0,193.0,194.0,189.0,189.0,665300.0
2023-07-18,43440,191.0,192.0,188.0,189.0,0,0,907500.0,172205100.0,1.0,191.0,192.0,188.0,189.0,907500.0
2023-07-19,43440,191.0,193.0,190.0,193.0,0,0,641100.0,122692500.0,1.0,191.0,193.0,190.0,193.0,641100.0
2023-07-20,43440,193.0,196.0,192.0,194.0,0,0,647200.0,125526100.0,1.0,193.0,196.0,192.0,194.0,647200.0
2023-07-21,43440,192.0,192.0,190.0,192.0,0,0,616800.0,118062900.0,1.0,192.0,192.0,190.0,192.0,616800.0
2023-07-24,43440,193.0,194.0,191.0,192.0,0,0,520700.0,100321500.0,1.0,193.0,194.0,191.0,192.0,520700.0
2023-07-25,43440,193.0,193.0,191.0,192.0,0,0,576200.0,110613200.0,1.0,193.0,193.0,191.0,192.0,576200.0
2023-07-26,43440,216.0,224.0,200.0,218.0,0,0,34792700.0,7355223800.0,1.0,216.0,224.0,200.0,218.0,34792700.0
2023-07-27,43440,217.0,227.0,215.0,222.0,0,0,16913400.0,3750588400.0,1.0,217.0,227.0,215.0,222.0,16913400.0
2023-07-28,43440,219.0,219.0,207.0,212.0,0,0,7479000.0,1592142700.0,1.0,219.0,219.0,207.0,212.0,7479000.0
2023-07-31,43440,212.0,220.0,210.0,216.0,0,0,3816200.0,822844600.0,1.0,212.0,220.0,210.0,216.0,3816200.0
2023-08-01,43440,218.0,219.0,210.0,211.0,0,0,2447600.0,524024100.0,1.0,218.0,219.0,210.0,211.0,2447600.0
2023-08-02,43440,210.0,215.0,210.0,211.0,0,0,1838800.0,389324800.0,1.0,210.0,215.0,210.0,211.0,1838800.0
2023-08-03,43440,210.0,210.0,203.0,204.0,0,0,1998800.0,412216700.0,1.0,210.0,210.0,203.0,204.0,1998800.0
2023-08-04,43440,203.0,207.0,202.0,205.0,0,0,1146600.0,234038900.0,1.0,203.0,207.0,202.0,205.0,1146600.0
2023-08-07,43440,203.0,209.0,201.0,207.0,0,0,992100.0,203099500.0,1.0,203.0,209.0,201.0,207.0,992100.0
2023-08-08,43440,209.0,213.0,207.0,211.0,0,0,1196800.0,251093100.0,1.0,209.0,213.0,207.0,211.0,1196800.0
2023-08-09,43440,208.0,212.0,207.0,211.0,0,0,954800.0,200414200.0,1.0,208.0,212.0,207.0,211.0,954800.0
2023-08-10,43440,210.0,213.0,207.0,212.0,0,0,1334900.0,279800800.0,1.0,210.0,213.0,207.0,212.0,1334900.0
2023-08-14,43440,208.0,208.0,193.0,194.0,0,0,3572800.0,707063300.0,1.0,208.0,208.0,193.0,194.0,3572800.0
2023-08-15,43440,193.0,194.0,189.0,193.0,0,0,2406500.0,461171900.0,1.0,193.0,194.0,189.0,193.0,2406500.0
2023-08-16,43440,190.0,192.0,185.0,185.0,0,0,2230800.0,419195000.0,1.0,190.0,192.0,185.0,185.0,2230800.0
2023-08-17,43440,184.0,185.0,181.0,183.0,0,0,1350100.0,247078400.0,1.0,184.0,185.0,181.0,183.0,1350100.0
2023-08-18,43440,180.0,182.0,175.0,177.0,0,0,2010600.0,358419100.0,1.0,180.0,182.0,175.0,177.0,2010600.0
2023-08-21,43440,177.0,187.0,176.0,186.0,0,0,1212100.0,221103600.0,1.0,177.0,187.0,176.0,186.0,1212100.0
2023-08-22,43440,185.0,188.0,184.0,185.0,0,0,1153500.0,214103100.0,1.0,185.0,188.0,184.0,185.0,1153500.0
2023-08-23,43440,185.0,186.0,184.0,186.0,0,0,433300.0,80246900.0,1.0,185.0,186.0,184.0,186.0,433300.0
2023-08-24,43440,186.0,187.0,183.0,184.0,0,0,661200.0,122089900.0,1.0,186.0,187.0,183.0,184.0,661200.0
2023-08-25,43440,181.0,185.0,180.0,184.0,0,0,762700.0,139228800.0,1.0,181.0,185.0,180.0,184.0,762700.0
2023-08-28,43440,186.0,189.0,186.0,189.0,0,0,901700.0,168971500.0,1.0,186.0,189.0,186.0,189.0,901700.0
2023-08-29,43440,187.0,192.0,187.0,190.0,0,0,793300.0,150237600.0,1.0,187.0,192.0,187.0,190.0,793300.0
2023-08-30,43440,189.0,190.0,188.0,189.0,0,0,567400.0,107250000.0,1.0,189.0,190.0,188.0,189.0,567400.0
2023-08-31,43440,190.0,191.0,187.0,187.0,0,0,785300.0,148382800.0,1.0,190.0,191.0,187.0,187.0,785300.0
2023-09-01,43440,186.0,189.0,185.0,188.0,0,0,550200.0,102936500.0,1.0,186.0,189.0,185.0,188.0,550200.0
2023-09-04,43440,187.0,189.0,185.0,185.0,0,0,1580000.0,294620900.0,1.0,187.0,189.0,185.0,185.0,1580000.0
2023-09-05,43440,185.0,189.0,184.0,184.0,0,0,1090600.0,202953700.0,1.0,185.0,189.0,184.0,184.0,1090600.0
2023-09-06,43440,185.0,187.0,184.0,185.0,0,0,849600.0,157380600.0,1.0,185.0,187.0,184.0,185.0,849600.0
2023-09-07,43440,184.0,186.0,182.0,182.0,0,0,1273100.0,233195400.0,1.0,184.0,186.0,182.0,182.0,1273100.0
2023-09-08,43440,181.0,187.0,181.0,186.0,0,0,1353000.0,248074300.0,1.0,181.0,187.0,181.0,186.0,1353000.0
2023-09-11,43440,184.0,186.0,183.0,185.0,0,0,569300.0,105038000.0,1.0,184.0,186.0,183.0,185.0,569300.0
2023-09-12,43440,187.0,189.0,186.0,186.0,0,0,614800.0,115260900.0,1.0,187.0,189.0,186.0,186.0,614800.0
2023-09-13,43440,187.0,189.0,185.0,187.0,0,0,943400.0,176230900.0,1.0,187.0,189.0,185.0,187.0,943400.0
2023-09-14,43440,188.0,189.0,186.0,187.0,0,0,835200.0,156899600.0,1.0,188.0,189.0,186.0,187.0,835200.0
2023-09-15,43440,186.0,206.0,186.0,201.0,0,0,5617700.0,1105346300.0,1.0,186.0,206.0,186.0,201.0,5617700.0
2023-09-19,43440,196.0,198.0,190.0,192.0,0,0,2091800.0,404752900.0,1.0,196.0,198.0,190.0,192.0,2091800.0
2023-09-20,43440,193.0,196.0,191.0,191.0,0,0,1058900.0,204659900.0,1.0,193.0,196.0,191.0,191.0,1058900.0
2023-09-21,43440,192.0,192.0,187.0,188.0,0,0,640200.0,121455200.0,1.0,192.0,192.0,187.0,188.0,640200.0
2023-09-22,43440,186.0,194.0,185.0,193.0,0,0,684100.0,129707300.0,1.0,186.0,194.0,185.0,193.0,684100.0
2023-09-25,43440,192.0,197.0,192.0,195.0,0,0,798600.0,155373400.0,1.0,192.0,197.0,192.0,195.0,798600.0
2023-09-26,43440,193.0,195.0,191.0,191.0,0,0,407600.0,78385600.0,1.0,193.0,195.0,191.0,191.0,407600.0
2023-09-27,43440,193.0,200.0,192.0,199.0,0,0,1807400.0,355442700.0,1.0,193.0,200.0,192.0,199.0,1807400.0
2023-09-28,43440,199.0,200.0,194.0,195.0,0,0,1138400.0,224314200.0,1.0,199.0,200.0,194.0,195.0,1138400.0
2023-09-29,43440,195.0,196.0,188.0,189.0,0,0,1109200.0,212905600.0,1.0,195.0,196.0,188.0,189.0,1109200.0
2023-10-02,43440,196.0,196.0,185.0,185.0,0,0,1301500.0,246594600.0,1.0,196.0,196.0,185.0,185.0,1301500.0
2023-10-03,43440,183.0,185.0,178.0,178.0,0,0,1704700.0,307361000.0,1.0,183.0,185.0,178.0,178.0,1704700.0
2023-10-04,43440,175.0,176.0,172.0,172.0,0,0,1950800.0,339291200.0,1.0,175.0,176.0,172.0,172.0,1950800.0
2023-10-05,43440,173.0,176.0,171.0,175.0,0,0,1835200.0,319453800.0,1.0,173.0,176.0,171.0,175.0,1835200.0
2023-10-06,43440,175.0,179.0,175.0,177.0,0,0,948400.0,168098800.0,1.0,175.0,179.0,175.0,177.0,948400.0
2023-10-10,43440,178.0,180.0,176.0,178.0,0,0,752200.0,133807700.0,1.0,178.0,180.0,176.0,178.0,752200.0
2023-10-11,43440,177.0,180.0,175.0,177.0,0,0,793100.0,140491600.0,1.0,177.0,180.0,175.0,177.0,793100.0
2023-10-12,43440,177.0,178.0,174.0,178.0,0,0,888200.0,156568400.0,1.0,177.0,178.0,174.0,178.0,888200.0
2023-10-13,43440,177.0,177.0,173.0,173.0,0,0,1168200.0,204195900.0,1.0,177.0,177.0,173.0,173.0,1168200.0
2023-10-16,43440,171.0,171.0,163.0,164.0,0,0,1614800.0,269196100.0,1.0,171.0,171.0,163.0,164.0,1614800.0
2023-10-17,43440,168.0,172.0,167.0,171.0,0,0,1025100.0,174151800.0,1.0,168.0,172.0,167.0,171.0,1025100.0
2023-10-18,43440,171.0,176.0,171.0,176.0,0,0,950100.0,164033500.0,1.0,171.0,176.0,171.0,176.0,950100.0
2023-10-19,43440,173.0,178.0,172.0,174.0,0,0,874300.0,152528900.0,1.0,173.0,178.0,172.0,174.0,874300.0
2023-10-20,43440,171.0,177.0,171.0,175.0,0,0,892600.0,155356400.0,1.0,171.0,177.0,171.0,175.0,892600.0
2023-10-23,43440,173.0,175.0,169.0,170.0,0,0,1428500.0,244475200.0,1.0,173.0,175.0,169.0,170.0,1428500.0
2023-10-24,43440,172.0,178.0,169.0,177.0,0,0,1863300.0,323727500.0,1.0,172.0,178.0,169.0,177.0,1863300.0
2023-10-25,43440,177.0,185.0,176.0,182.0,0,0,1788900.0,323436800.0,1.0,177.0,185.0,176.0,182.0,1788900.0
2023-10-26,43440,182.0,183.0,176.0,176.0,0,0,1141400.0,204303400.0,1.0,182.0,183.0,176.0,176.0,1141400.0
2023-10-27,43440,176.0,178.0,173.0,175.0,0,0,1258100.0,220894200.0,1.0,176.0,178.0,173.0,175.0,1258100.0
2023-10-30,43440,172.0,174.0,168.0,171.0,0,0,2032600.0,347684000.0,1.0,172.0,174.0,168.0,171.0,2032600.0
2023-10-31,43440,172.0,172.0,167.0,171.0,0,0,1758700.0,297575800.0,1.0,172.0,172.0,167.0,171.0,1758700.0
2023-11-01,43440,171.0,173.0,167.0,172.0,0,0,1415900.0,240423500.0,1.0,171.0,173.0,167.0,172.0,1415900.0
2023-11-02,43440,171.0,176.0,171.0,174.0,0,0,1290700.0,223835600.0,1.0,171.0,176.0,171.0,174.0,1290700.0
2023-11-06,43440,177.0,183.0,176.0,181.0,0,0,2028900.0,365499600.0,1.0,177.0,183.0,176.0,181.0,2028900.0
2023-11-07,43440,182.0,186.0,181.0,185.0,0,0,924900.0,169793000.0,1.0,182.0,186.0,181.0,185.0,924900.0
2023-11-08,43440,185.0,186.0,180.0,181.0,0,0,1077100.0,196214200.0,1.0,185.0,186.0,180.0,181.0,1077100.0
2023-11-09,43440,178.0,185.0,176.0,183.0,0,0,1740700.0,313591900.0,1.0,178.0,185.0,176.0,183.0,1740700.0
2023-11-10,43440,186.0,188.0,182.0,187.0,0,0,1707900.0,317971300.0,1.0,186.0,188.0,182.0,187.0,1707900.0
2023-11-13,43440,188.0,191.0,185.0,187.0,0,0,1023100.0,191981400.0,1.0,188.0,191.0,185.0,187.0,1023100.0
2023-11-14,43440,187.0,187.0,181.0,183.0,0,0,881600.0,161672900.0,1.0,187.0,187.0,181.0,183.0,881600.0
2023-11-15,43440,175.0,182.0,172.0,178.0,0,0,1773300.0,313391700.0,1.0,175.0,182.0,172.0,178.0,1773300.0
2023-11-16,43440,178.0,178.0,170.0,171.0,0,0,1616500.0,279420900.0,1.0,178.0,178.0,170.0,171.0,1616500.0
2023-11-17,43440,171.0,172.0,169.0,172.0,0,0,1214600.0,206904300.0,1.0,171.0,172.0,169.0,172.0,1214600.0
2023-11-20,43440,172.0,178.0,171.0,174.0,0,0,1486400.0,260770900.0,1.0,172.0,178.0,171.0,174.0,1486400.0
2023-11-21,43440,176.0,176.0,172.0,173.0,0,0,924800.0,160823100.0,1.0,176.0,176.0,172.0,173.0,924800.0
2023-11-22,43440,172.0,172.0,168.0,170.0,0,0,1987000.0,337344100.0,1.0,172.0,172.0,168.0,170.0,1987000.0
2023-11-24,43440,169.0,171.0,167.0,168.0,0,0,1300800.0,219324100.0,1.0,169.0,171.0,167.0,168.0,1300800.0
2023-11-27,43440,170.0,175.0,169.0,171.0,0,0,1373300.0,236749300.0,1.0,170.0,175.0,169.0,171.0,1373300.0
2023-11-28,43440,172.0,183.0,172.0,182.0,0,0,3057000.0,543614600.0,1.0,172.0,183.0,172.0,182.0,3057000.0
2023-11-29,43440,185.0,195.0,185.0,192.0,0,0,4023000.0,768846600.0,1.0,185.0,195.0,185.0,192.0,4023000.0
2023-11-30,43440,187.0,190.0,186.0,187.0,0,0,2165900.0,405334100.0,1.0,187.0,190.0,186.0,187.0,2165900.0
2023-12-01,43440,182.0,184.0,180.0,181.0,0,0,1267400.0,230292400.0,1.0,182.0,184.0,180.0,181.0,1267400.0
2023-12-04,43440,180.0,186.0,180.0,182.0,0,0,1291600.0,236863400.0,1.0,180.0,186.0,180.0,182.0,1291600.0
2023-12-05,43440,183.0,184.0,179.0,179.0,0,0,804200.0,145421700.0,1.0,183.0,184.0,179.0,179.0,804200.0
2023-12-06,43440,179.0,181.0,178.0,179.0,0,0,1054300.0,189041900.0,1.0,179.0,181.0,178.0,179.0,1054300.0
2023-12-07,43440,178.0,180.0,174.0,176.0,0,0,1665500.0,294533300.0,1.0,178.0,180.0,174.0,176.0,1665500.0
2023-12-08,43440,179.0,183.0,176.0,177.0,0,0,1390400.0,249382600.0,1.0,179.0,183.0,176.0,177.0,1390400.0
2023-12-11,43440,180.0,182.0,177.0,179.0,0,0,852100.0,152987200.0,1.0,180.0,182.0,177.0,179.0,852100.0
2023-12-12,43440,179.0,179.0,173.0,173.0,0,0,1423500.0,249518700.0,1.0,179.0,179.0,173.0,173.0,1423500.0
2023-12-13,43440,173.0,177.0,173.0,173.0,0,0,1113900.0,194528500.0,1.0,173.0,177.0,173.0,173.0,1113900.0
2023-12-14,43440,175.0,179.0,171.0,172.0,0,0,1525100.0,266272000.0,1.0,175.0,179.0,171.0,172.0,1525100.0
2023-12-15,43440,172.0,172.0,169.0,170.0,0,0,1269200.0,216440200.0,1.0,172.0,172.0,169.0,170.0,1269200.0
2023-12-18,43440,169.0,170.0,163.0,165.0,0,0,2235700.0,371621000.0,1.0,169.0,170.0,163.0,165.0,2235700.0
2023-12-19,43440,164.0,166.0,162.0,165.0,0,0,2132400.0,350147400.0,1.0,164.0,166.0,162.0,165.0,2132400.0
2023-12-20,43440,168.0,170.0,163.0,163.0,0,0,1449300.0,241456400.0,1.0,168.0,170.0,163.0,163.0,1449300.0
2023-12-21,43440,162.0,163.0,155.0,156.0,0,0,2092300.0,332381800.0,1.0,162.0,163.0,155.0,156.0,2092300.0
2023-12-22,43440,157.0,160.0,157.0,158.0,0,0,1229300.0,194550900.0,1.0,157.0,160.0,157.0,158.0,1229300.0
2023-12-25,43440,158.0,159.0,156.0,158.0,0,0,1061000.0,166849400.0,1.0,158.0,159.0,156.0,158.0,1061000.0
2023-12-26,43440,156.0,158.0,156.0,157.0,0,0,1018000.0,159854400.0,1.0,156.0,158.0,156.0,157.0,1018000.0
2023-12-27,43440,156.0,163.0,156.0,163.0,0,0,2156900.0,345004200.0,1.0,156.0,163.0,156.0,163.0,2156900.0
2023-12-28,43440,162.0,167.0,159.0,165.0,0,0,1404000.0,230705200.0,1.0,162.0,167.0,159.0,165.0,1404000.0
2023-12-29,43440,165.0,169.0,162.0,164.0,0,0,1267000.0,209278700.0,1.0,165.0,169.0,162.0,164.0,1267000.0
2024-01-04,43440,163.0,166.0,162.0,165.0,0,0,1456600.0,239326200.0,1.0,163.0,166.0,162.0,165.0,1456600.0
2024-01-05,43440,163.0,164.0,159.0,159.0,0,0,1591100.0,255908700.0,1.0,163.0,164.0,159.0,159.0,1591100.0
2024-01-09,43440,162.0,162.0,159.0,162.0,0,0,838800.0,135104200.0,1.0,162.0,162.0,159.0,162.0,838800.0
2024-01-10,43440,163.0,167.0,162.0,165.0,0,0,1687900.0,277911500.0,1.0,163.0,167.0,162.0,165.0,1687900.0
2024-01-11,43440,168.0,168.0,164.0,165.0,0,0,907500.0,150081900.0,1.0,168.0,168.0,164.0,165.0,907500.0
2024-01-12,43440,164.0,165.0,161.0,163.0,0,0,737900.0,120471600.0,1.0,164.0,165.0,161.0,163.0,737900.0
2024-01-15,43440,163.0,163.0,161.0,163.0,0,0,527400.0,85504100.0,1.0,163.0,163.0,161.0,163.0,527400.0
2024-01-16,43440,163.0,166.0,159.0,159.0,0,0,972300.0,157242700.0,1.0,163.0,166.0,159.0,159.0,972300.0
2024-01-17,43440,161.0,161.0,156.0,156.0,0,0,1959600.0,308786700.0,1.0,161.0,161.0,156.0,156.0,1959600.0
2024-01-18,43440,155.0,155.0,151.0,152.0,0,0,2287700.0,349718400.0,1.0,155.0,155.0,151.0,152.0,2287700.0
2024-01-19,43440,153.0,154.0,150.0,151.0,0,0,1534400.0,232923700.0,1.0,153.0,154.0,150.0,151.0,1534400.0
2024-01-22,43440,151.0,156.0,150.0,156.0,0,0,1180000.0,180620000.0,1.0,151.0,156.0,150.0,156.0,1180000.0
2024-01-23,43440,157.0,159.0,156.0,156.0,0,0,1038700.0,163627800.0,1.0,157.0,159.0,156.0,156.0,1038700.0
2024-01-24,43440,156.0,159.0,156.0,159.0,0,0,619600.0,97697800.0,1.0,156.0,159.0,156.0,159.0,619600.0
2024-01-25,43440,158.0,158.0,153.0,155.0,0,0,1062600.0,164864200.0,1.0,158.0,158.0,153.0,155.0,1062600.0
2024-01-26,43440,154.0,157.0,152.0,153.0,0,0,1366200.0,210621400.0,1.0,154.0,157.0,152.0,153.0,1366200.0
2024-01-29,43440,153.0,153.0,151.0,151.0,0,0,1007000.0,152792300.0,1.0,153.0,153.0,151.0,151.0,1007000.0
2024-01-30,43440,151.0,154.0,151.0,151.0,0,0,1249500.0,189890100.0,1.0,151.0,154.0,151.0,151.0,1249500.0
2024-01-31,43440,150.0,151.0,146.0,148.0,0,0,2237600.0,331651900.0,1.0,150.0,151.0,146.0,148.0,2237600.0
2024-02-01,43440,147.0,150.0,145.0,146.0,0,0,1258800.0,184612100.0,1.0,147.0,150.0,145.0,146.0,1258800.0
2024-02-02,43440,148.0,150.0,147.0,148.0,0,0,1139400.0,168853800.0,1.0,148.0,150.0,147.0,148.0,1139400.0
2024-02-05,43440,148.0,150.0,145.0,150.0,0,0,1246900.0,185274600.0,1.0,148.0,150.0,145.0,150.0,1246900.0
2024-02-06,43440,150.0,150.0,148.0,148.0,0,0,451700.0,67358800.0,1.0,150.0,150.0,148.0,148.0,451700.0
2024-02-07,43440,148.0,148.0,143.0,144.0,0,0,2201100.0,320093700.0,1.0,148.0,148.0,143.0,144.0,2201100.0
2024-02-08,43440,145.0,145.0,141.0,143.0,0,0,1403100.0,200541400.0,1.0,145.0,145.0,141.0,143.0,1403100.0
2024-02-09,43440,142.0,145.0,142.0,144.0,0,0,1129600.0,162058300.0,1.0,142.0,145.0,142.0,144.0,1129600.0
2024-02-13,43440,144.0,147.0,143.0,145.0,0,0,1237400.0,178706400.0,1.0,144.0,147.0,143.0,145.0,1237400.0
2024-02-14,43440,143.0,143.0,140.0,140.0,0,0,1733700.0,244544800.0,1.0,143.0,143.0,140.0,140.0,1733700.0
2024-02-15,43440,131.0,131.0,120.0,123.0,0,0,4594500.0,569616600.0,1.0,131.0,131.0,120.0,123.0,4594500.0
2024-02-16,43440,124.0,134.0,124.0,133.0,0,0,3598900.0,464598500.0,1.0,124.0,134.0,124.0,133.0,3598900.0
2024-02-19,43440,134.0,142.0,133.0,142.0,0,0,1662400.0,229971200.0,1.0,134.0,142.0,133.0,142.0,1662400.0
2024-02-20,43440,140.0,141.0,138.0,138.0,0,0,792900.0,110365200.0,1.0,140.0,141.0,138.0,138.0,792900.0
2024-02-21,43440,138.0,139.0,134.0,134.0,0,0,1177800.0,160335700.0,1.0,138.0,139.0,134.0,134.0,1177800.0
2024-02-22,43440,134.0,136.0,132.0,133.0,0,0,1129500.0,151064300.0,1.0,134.0,136.0,132.0,133.0,1129500.0
2024-02-26,43440,133.0,139.0,133.0,135.0,0,0,1169200.0,158805300.0,1.0,133.0,139.0,133.0,135.0,1169200.0
2024-02-27,43440,137.0,139.0,134.0,135.0,0,0,1465400.0,199779900.0,1.0,137.0,139.0,134.0,135.0,1465400.0
2024-02-28,43440,135.0,139.0,134.0,136.0,0,0,912000.0,124668500.0,1.0,135.0,139.0,134.0,136.0,912000.0
2024-02-29,43440,134.0,135.0,131.0,132.0,0,0,1294200.0,171948100.0,1.0,134.0,135.0,131.0,132.0,1294200.0
2024-03-01,43440,134.0,136.0,131.0,133.0,0,0,1201500.0,160351400.0,1.0,134.0,136.0,131.0,133.0,1201500.0
2024-03-04,43440,134.0,137.0,133.0,134.0,0,0,1075600.0,144981700.0,1.0,134.0,137.0,133.0,134.0,1075600.0
2024-03-05,43440,133.0,136.0,131.0,136.0,0,0,899300.0,120366200.0,1.0,133.0,136.0,131.0,136.0,899300.0
2024-03-06,43440,137.0,156.0,136.0,155.0,0,0,4779300.0,714935800.0,1.0,137.0,156.0,136.0,155.0,4779300.0
2024-03-07,43440,156.0,156.0,149.0,151.0,0,0,1965900.0,299275500.0,1.0,156.0,156.0,149.0,151.0,1965900.0
2024-03-08,43440,201.0,201.0,201.0,201.0,1,0,1326800.0,266686800.0,1.0,201.0,201.0,201.0,201.0,1326800.0
2024-03-11,43440,281.0,281.0,281.0,281.0,1,0,7106400.0,1996898400.0,1.0,281.0,281.0,281.0,281.0,7106400.0
2024-03-12,43440,305.0,308.0,241.0,280.0,0,0,51288900.0,13911384800.0,1.0,305.0,308.0,241.0,280.0,51288900.0
2024-03-13,43440,285.0,308.0,251.0,252.0,0,0,33306100.0,9375451100.0,1.0,285.0,308.0,251.0,252.0,33306100.0
2024-03-14,43440,268.0,273.0,219.0,219.0,0,0,17454900.0,4318998600.0,1.0,268.0,273.0,219.0,219.0,17454900.0
2024-03-15,43440,220.0,245.0,213.0,227.0,0,0,11292200.0,2580268300.0,1.0,220.0,245.0,213.0,227.0,11292200.0
2024-03-18,43440,223.0,241.0,216.0,240.0,0,0,5139800.0,1177331200.0,1.0,223.0,241.0,216.0,240.0,5139800.0
2024-03-19,43440,240.0,258.0,235.0,249.0,0,0,5429400.0,1339178800.0,1.0,240.0,258.0,235.0,249.0,5429400.0
2024-03-21,43440,255.0,288.0,250.0,279.0,0,0,10454900.0,2832574800.0,1.0,255.0,288.0,250.0,279.0,10454900.0
2024-03-22,43440,281.0,282.0,262.0,266.0,0,0,4826300.0,1302530800.0,1.0,281.0,282.0,262.0,266.0,4826300.0
2024-03-25,43440,262.0,264.0,245.0,246.0,0,0,4323900.0,1099442300.0,1.0,262.0,264.0,245.0,246.0,4323900.0
2024-03-26,43440,248.0,253.0,236.0,237.0,0,0,2768000.0,674363300.0,1.0,248.0,253.0,236.0,237.0,2768000.0
2024-03-27,43440,242.0,247.0,237.0,242.0,0,0,2202000.0,533926100.0,1.0,242.0,247.0,237.0,242.0,2202000.0
2024-03-28,43440,255.0,269.0,242.0,243.0,0,0,10020600.0,2560316000.0,1.0,255.0,269.0,242.0,243.0,10020600.0
2024-03-29,43440,241.0,241.0,229.0,232.0,0,0,3877900.0,905897700.0,1.0,241.0,241.0,229.0,232.0,3877900.0
2024-04-01,43440,229.0,230.0,220.0,221.0,0,0,2897700.0,647621500.0,1.0,229.0,230.0,220.0,221.0,2897700.0
2024-04-02,43440,221.0,222.0,211.0,211.0,0,0,2371700.0,511233000.0,1.0,221.0,222.0,211.0,211.0,2371700.0
2024-04-03,43440,209.0,210.0,201.0,202.0,0,0,3005900.0,616357400.0,1.0,209.0,210.0,201.0,202.0,3005900.0
2024-04-04,43440,205.0,205.0,193.0,196.0,0,0,2851600.0,562832800.0,1.0,205.0,205.0,193.0,196.0,2851600.0
2024-04-05,43440,193.0,200.0,192.0,194.0,0,0,2139400.0,417282100.0,1.0,193.0,200.0,192.0,194.0,2139400.0
2024-04-08,43440,195.0,199.0,188.0,194.0,0,0,1789900.0,346139000.0,1.0,195.0,199.0,188.0,194.0,1789900.0
2024-04-09,43440,192.0,208.0,190.0,202.0,0,0,2986300.0,601389900.0,1.0,192.0,208.0,190.0,202.0,2986300.0
2024-04-10,43440,201.0,206.0,197.0,199.0,0,0,1626100.0,326698200.0,1.0,201.0,206.0,197.0,199.0,1626100.0
2024-04-11,43440,195.0,196.0,190.0,196.0,0,0,1332900.0,256697400.0,1.0,195.0,196.0,190.0,196.0,1332900.0
2024-04-12,43440,195.0,195.0,186.0,187.0,0,0,2511100.0,475341300.0,1.0,195.0,195.0,186.0,187.0,2511100.0
2024-04-15,43440,184.0,186.0,181.0,184.0,0,0,1126700.0,206941400.0,1.0,184.0,186.0,181.0,184.0,1126700.0
2024-04-16,43440,182.0,191.0,181.0,187.0,0,0,1701000.0,317677200.0,1.0,182.0,191.0,181.0,187.0,1701000.0
2024-04-17,43440,186.0,189.0,181.0,185.0,0,0,1069100.0,197338300.0,1.0,186.0,189.0,181.0,185.0,1069100.0
2024-04-18,43440,185.0,190.0,185.0,186.0,0,0,659700.0,123651900.0,1.0,185.0,190.0,185.0,186.0,659700.0
2024-04-19,43440,183.0,183.0,175.0,178.0,0,0,1853700.0,331224600.0,1.0,183.0,183.0,175.0,178.0,1853700.0
2024-04-22,43440,180.0,184.0,180.0,181.0,0,0,1006500.0,182905000.0,1.0,180.0,184.0,180.0,181.0,1006500.0
2024-04-23,43440,184.0,184.0,179.0,179.0,0,0,657400.0,118873300.0,1.0,184.0,184.0,179.0,179.0,657400.0
2024-04-24,43440,181.0,183.0,179.0,181.0,0,0,527200.0,95425100.0,1.0,181.0,183.0,179.0,181.0,527200.0
2024-04-25,43440,181.0,181.0,177.0,177.0,0,0,607600.0,108294600.0,1.0,181.0,181.0,177.0,177.0,607600.0
2024-04-26,43440,176.0,179.0,173.0,179.0,0,0,898100.0,158501300.0,1.0,176.0,179.0,173.0,179.0,898100.0
2024-04-30,43440,181.0,184.0,179.0,181.0,0,0,1179100.0,213602000.0,1.0,181.0,184.0,179.0,181.0,1179100.0
2024-05-01,43440,181.0,188.0,180.0,185.0,0,0,1825400.0,336278400.0,1.0,181.0,188.0,180.0,185.0,1825400.0
2024-05-02,43440,186.0,188.0,181.0,182.0,0,0,1999100.0,368693700.0,1.0,186.0,188.0,181.0,182.0,1999100.0
2024-05-07,43440,183.0,188.0,182.0,188.0,0,0,1709600.0,316692200.0,1.0,183.0,188.0,182.0,188.0,1709600.0
2024-05-08,43440,186.0,190.0,181.0,181.0,0,0,1627600.0,300931200.0,1.0,186.0,190.0,181.0,181.0,1627600.0
2024-05-09,43440,182.0,185.0,180.0,184.0,0,0,785400.0,143526600.0,1.0,182.0,185.0,180.0,184.0,785400.0
2024-05-10,43440,185.0,185.0,180.0,183.0,0,0,508700.0,92750600.0,1.0,185.0,185.0,180.0,183.0,508700.0
2024-05-13,43440,181.0,189.0,181.0,189.0,0,0,1322300.0,245942700.0,1.0,181.0,189.0,181.0,189.0,1322300.0
2024-05-14,43440,187.0,191.0,185.0,189.0,0,0,1219200.0,230082700.0,1.0,187.0,191.0,185.0,189.0,1219200.0
2024-05-15,43440,196.0,197.0,184.0,185.0,0,0,2272800.0,432573700.0,1.0,196.0,197.0,184.0,185.0,2272800.0
2024-05-16,43440,180.0,185.0,174.0,184.0,0,0,2118500.0,381363600.0,1.0,180.0,185.0,174.0,184.0,2118500.0
2024-05-17,43440,184.0,195.0,182.0,194.0,0,0,1806500.0,343552000.0,1.0,184.0,195.0,182.0,194.0,1806500.0
2024-05-20,43440,192.0,208.0,192.0,206.0,0,0,2652600.0,538342200.0,1.0,192.0,208.0,192.0,206.0,2652600.0
2024-05-21,43440,204.0,209.0,199.0,201.0,0,0,1926100.0,391467000.0,1.0,204.0,209.0,199.0,201.0,1926100.0
2024-05-22,43440,199.0,201.0,194.0,199.0,0,0,1344000.0,265436800.0,1.0,199.0,201.0,194.0,199.0,1344000.0
2024-05-23,43440,199.0,203.0,196.0,198.0,0,0,846100.0,168062600.0,1.0,199.0,203.0,196.0,198.0,846100.0
2024-05-24,43440,195.0,201.0,194.0,198.0,0,0,1189500.0,235599900.0,1.0,195.0,201.0,194.0,198.0,1189500.0
2024-05-27,43440,195.0,197.0,193.0,196.0,0,0,843800.0,164469400.0,1.0,195.0,197.0,193.0,196.0,843800.0
2024-05-28,43440,197.0,202.0,196.0,198.0,0,0,1008400.0,200966300.0,1.0,197.0,202.0,196.0,198.0,1008400.0
2024-05-29,43440,197.0,197.0,190.0,190.0,0,0,875100.0,169170000.0,1.0,197.0,197.0,190.0,190.0,875100.0
2024-05-30,43440,187.0,193.0,185.0,192.0,0,0,821200.0,155452700.0,1.0,187.0,193.0,185.0,192.0,821200.0
2024-05-31,43440,192.0,192.0,188.0,191.0,0,0,507200.0,96577700.0,1.0,192.0,192.0,188.0,191.0,507200.0
2024-06-03,43440,193.0,195.0,188.0,191.0,0,0,681100.0,130221900.0,1.0,193.0,195.0,188.0,191.0,681100.0
2024-06-04,43440,193.0,204.0,193.0,203.0,0,0,1943900.0,389195900.0,1.0,193.0,204.0,193.0,203.0,1943900.0
2024-06-05,43440,203.0,207.0,198.0,199.0,0,0,1487100.0,300189300.0,1.0,203.0,207.0,198.0,199.0,1487100.0
2024-06-06,43440,201.0,203.0,195.0,195.0,0,0,647100.0,128386200.0,1.0,201.0,203.0,195.0,195.0,647100.0
2024-06-07,43440,196.0,201.0,196.0,199.0,0,0,560600.0,111405400.0,1.0,196.0,201.0,196.0,199.0,560600.0
2024-06-10,43440,196.0,201.0,196.0,201.0,0,0,626800.0,124290400.0,1.0,196.0,201.0,196.0,201.0,626800.0
2024-06-11,43440,200.0,202.0,198.0,201.0,0,0,522000.0,104381900.0,1.0,200.0,202.0,198.0,201.0,522000.0
2024-06-12,43440,201.0,206.0,200.0,200.0,0,0,650200.0,131189700.0,1.0,201.0,206.0,200.0,200.0,650200.0
2024-06-13,43440,199.0,201.0,198.0,199.0,0,0,498300.0,99316300.0,1.0,199.0,201.0,198.0,199.0,498300.0
2024-06-14,43440,194.0,201.0,191.0,200.0,0,0,931900.0,183514400.0,1.0,194.0,201.0,191.0,200.0,931900.0
2024-06-17,43440,197.0,198.0,193.0,194.0,0,0,1055400.0,206411600.0,1.0,197.0,198.0,193.0,194.0,1055400.0
2024-06-18,43440,196.0,203.0,196.0,201.0,0,0,873300.0,174385100.0,1.0,196.0,203.0,196.0,201.0,873300.0
2024-06-19,43440,200.0,207.0,200.0,203.0,0,0,1533600.0,312116500.0,1.0,200.0,207.0,200.0,203.0,1533600.0
2024-06-20,43440,200.0,203.0,198.0,201.0,0,0,702600.0,140882700.0,1.0,200.0,203.0,198.0,201.0,702600.0
2024-06-21,43440,201.0,205.0,200.0,203.0,0,0,880100.0,178602600.0,1.0,201.0,205.0,200.0,203.0,880100.0
2024-06-24,43440,205.0,209.0,205.0,207.0,0,0,1274000.0,264000000.0,1.0,205.0,209.0,205.0,207.0,1274000.0
2024-06-25,43440,209.0,213.0,206.0,209.0,0,0,1379000.0,288841500.0,1.0,209.0,213.0,206.0,209.0,1379000.0
2024-06-26,43440,212.0,220.0,210.0,218.0,0,0,2284100.0,491293500.0,1.0,212.0,220.0,210.0,218.0,2284100.0
2024-06-27,43440,218.0,220.0,214.0,216.0,0,0,1383600.0,299770700.0,1.0,218.0,220.0,214.0,216.0,1383600.0
2024-06-28,43440,215.0,217.0,210.0,212.0,0,0,1572800.0,334659500.0,1.0,215.0,217.0,210.0,212.0,1572800.0
2024-07-01,43440,214.0,214.0,209.0,213.0,0,0,761200.0,161182000.0,1.0,214.0,214.0,209.0,213.0,761200.0
2024-07-02,43440,214.0,219.0,214.0,218.0,0,0,1087500.0,235433500.0,1.0,214.0,219.0,214.0,218.0,1087500.0
2024-07-03,43440,218.0,227.0,217.0,226.0,0,0,1695500.0,378523800.0,1.0,218.0,227.0,217.0,226.0,1695500.0
2024-07-04,43440,229.0,232.0,221.0,226.0,0,0,2789300.0,634169900.0,1.0,229.0,232.0,221.0,226.0,2789300.0
2024-07-05,43440,221.0,226.0,220.0,223.0,0,0,1050300.0,233795200.0,1.0,221.0,226.0,220.0,223.0,1050300.0
2024-07-08,43440,224.0,228.0,222.0,222.0,0,0,1176400.0,264204600.0,1.0,224.0,228.0,222.0,222.0,1176400.0
2024-07-09,43440,221.0,224.0,219.0,222.0,0,0,1132400.0,250457200.0,1.0,221.0,224.0,219.0,222.0,1132400.0
2024-07-10,43440,219.0,221.0,212.0,220.0,0,0,2509000.0,543957100.0,1.0,219.0,221.0,212.0,220.0,2509000.0
2024-07-11,43440,224.0,225.0,212.0,212.0,0,0,1964900.0,426516500.0,1.0,224.0,225.0,212.0,212.0,1964900.0
2024-07-12,43440,211.0,231.0,211.0,231.0,0,0,3056900.0,683458800.0,1.0,211.0,231.0,211.0,231.0,3056900.0
2024-07-16,43440,230.0,238.0,229.0,234.0,0,0,2375900.0,555417900.0,1.0,230.0,238.0,229.0,234.0,2375900.0
2024-07-17,43440,236.0,243.0,226.0,232.0,0,0,3488200.0,814253300.0,1.0,236.0,243.0,226.0,232.0,3488200.0
2024-07-18,43440,228.0,232.0,227.0,230.0,0,0,1157200.0,265667900.0,1.0,228.0,232.0,227.0,230.0,1157200.0
2024-07-19,43440,228.0,231.0,222.0,223.0,0,0,2011600.0,454346400.0,1.0,228.0,231.0,222.0,223.0,2011600.0
2024-07-22,43440,222.0,223.0,218.0,221.0,0,0,944300.0,208306300.0,1.0,222.0,223.0,218.0,221.0,944300.0
2024-07-23,43440,222.0,224.0,217.0,217.0,0,0,790000.0,173442300.0,1.0,222.0,224.0,217.0,217.0,790000.0
2024-07-24,43440,217.0,228.0,217.0,222.0,0,0,1430400.0,318470800.0,1.0,217.0,228.0,217.0,222.0,1430400.0
2024-07-25,43440,219.0,226.0,219.0,223.0,0,0,1263600.0,279985400.0,1.0,219.0,226.0,219.0,223.0,1263600.0
2024-07-26,43440,224.0,228.0,214.0,214.0,0,0,1921900.0,422627600.0,1.0,224.0,228.0,214.0,214.0,1921900.0
2024-07-29,43440,217.0,223.0,213.0,222.0,0,0,1080000.0,236108300.0,1.0,217.0,223.0,213.0,222.0,1080000.0
2024-07-30,43440,220.0,221.0,216.0,216.0,0,0,1218000.0,264848000.0,1.0,220.0,221.0,216.0,216.0,1218000.0
2024-07-31,43440,214.0,218.0,212.0,218.0,0,0,926000.0,198791700.0,1.0,214.0,218.0,212.0,218.0,926000.0
2024-08-01,43440,218.0,218.0,206.0,210.0,0,0,1232100.0,259322600.0,1.0,218.0,218.0,206.0,210.0,1232100.0
2024-08-02,43440,202.0,206.0,198.0,199.0,0,0,2367800.0,476704000.0,1.0,202.0,206.0,198.0,199.0,2367800.0
2024-08-05,43440,189.0,192.0,167.0,171.0,0,0,3362100.0,616479900.0,1.0,189.0,192.0,167.0,171.0,3362100.0
2024-08-06,43440,186.0,195.0,176.0,193.0,0,0,1771000.0,331815800.0,1.0,186.0,195.0,176.0,193.0,1771000.0
2024-08-07,43440,191.0,208.0,191.0,202.0,0,0,1933500.0,389324300.0,1.0,191.0,208.0,191.0,202.0,1933500.0
2024-08-08,43440,202.0,205.0,195.0,196.0,0,0,1391700.0,277299700.0,1.0,202.0,205.0,195.0,196.0,1391700.0
2024-08-09,43440,199.0,202.0,190.0,193.0,0,0,1308600.0,257370600.0,1.0,199.0,202.0,190.0,193.0,1308600.0
2024-08-13,43440,191.0,204.0,188.0,201.0,0,0,917400.0,181312300.0,1.0,191.0,204.0,188.0,201.0,917400.0
2024-08-14,43440,203.0,207.0,200.0,205.0,0,0,1184600.0,242061300.0,1.0,203.0,207.0,200.0,205.0,1184600.0
2024-08-15,43440,203.0,204.0,198.0,201.0,0,0,914600.0,183901800.0,1.0,203.0,204.0,198.0,201.0,914600.0
2024-08-16,43440,204.0,208.0,202.0,208.0,0,0,716400.0,147192700.0,1.0,204.0,208.0,202.0,208.0,716400.0
2024-08-19,43440,207.0,210.0,204.0,204.0,0,0,667900.0,138033400.0,1.0,207.0,210.0,204.0,204.0,667900.0
2024-08-20,43440,206.0,214.0,205.0,214.0,0,0,887600.0,186676900.0,1.0,206.0,214.0,205.0,214.0,887600.0
2024-08-21,43440,212.0,216.0,211.0,213.0,0,0,530300.0,112974700.0,1.0,212.0,216.0,211.0,213.0,530300.0
2024-08-22,43440,215.0,217.0,210.0,213.0,0,0,921600.0,197049800.0,1.0,215.0,217.0,210.0,213.0,921600.0
2024-08-23,43440,212.0,212.0,209.0,211.0,0,0,634900.0,133923800.0,1.0,212.0,212.0,209.0,211.0,634900.0
2024-08-26,43440,214.0,214.0,210.0,213.0,0,0,551100.0,117012100.0,1.0,214.0,214.0,210.0,213.0,551100.0
2024-08-27,43440,212.0,216.0,211.0,215.0,0,0,455000.0,97187400.0,1.0,212.0,216.0,211.0,215.0,455000.0
2024-08-28,43440,213.0,215.0,209.0,210.0,0,0,956200.0,202041400.0,1.0,213.0,215.0,209.0,210.0,956200.0
2024-08-29,43440,207.0,212.0,206.0,208.0,0,0,624700.0,130041300.0,1.0,207.0,212.0,206.0,208.0,624700.0
2024-08-30,43440,208.0,210.0,207.0,210.0,0,0,313400.0,65337800.0,1.0,208.0,210.0,207.0,210.0,313400.0
2024-09-02,43440,210.0,213.0,208.0,209.0,0,0,551800.0,115976100.0,1.0,210.0,213.0,208.0,209.0,551800.0
2024-09-03,43440,208.0,217.0,207.0,215.0,0,0,998200.0,213387900.0,1.0,208.0,217.0,207.0,215.0,998200.0
2024-09-04,43440,209.0,212.0,203.0,203.0,0,0,1203600.0,248514400.0,1.0,209.0,212.0,203.0,203.0,1203600.0
2024-09-05,43440,201.0,208.0,200.0,203.0,0,0,770200.0,156456100.0,1.0,201.0,208.0,200.0,203.0,770200.0
2024-09-06,43440,205.0,205.0,196.0,199.0,0,0,1052100.0,209915500.0,1.0,205.0,205.0,196.0,199.0,1052100.0
2024-09-09,43440,192.0,201.0,192.0,199.0,0,0,904900.0,177369200.0,1.0,192.0,201.0,192.0,199.0,904900.0
2024-09-10,43440,201.0,204.0,201.0,202.0,0,0,466700.0,94368200.0,1.0,201.0,204.0,201.0,202.0,466700.0
2024-09-11,43440,199.0,200.0,189.0,189.0,0,0,1406800.0,270899900.0,1.0,199.0,200.0,189.0,189.0,1406800.0
2024-09-12,43440,194.0,200.0,193.0,200.0,0,0,1024300.0,201413000.0,1.0,194.0,200.0,193.0,200.0,1024300.0
2024-09-13,43440,199.0,203.0,198.0,198.0,0,0,477200.0,95195300.0,1.0,199.0,203.0,198.0,198.0,477200.0
2024-09-17,43440,197.0,198.0,193.0,196.0,0,0,893300.0,174330800.0,1.0,197.0,198.0,193.0,196.0,893300.0
2024-09-18,43440,197.0,199.0,191.0,196.0,0,0,639900.0,124734800.0,1.0,197.0,199.0,191.0,196.0,639900.0
2024-09-19,43440,199.0,203.0,198.0,200.0,0,0,832200.0,165950400.0,1.0,199.0,203.0,198.0,200.0,832200.0
2024-09-20,43440,201.0,203.0,199.0,201.0,0,0,688900.0,138425400.0,1.0,201.0,203.0,199.0,201.0,688900.0
2024-09-24,43440,203.0,205.0,201.0,201.0,0,0,724300.0,147029800.0,1.0,203.0,205.0,201.0,201.0,724300.0
2024-09-25,43440,200.0,201.0,198.0,200.0,0,0,609900.0,121648600.0,1.0,200.0,201.0,198.0,200.0,609900.0
2024-09-26,43440,200.0,202.0,199.0,202.0,0,0,953200.0,191205800.0,1.0,200.0,202.0,199.0,202.0,953200.0
2024-09-27,43440,208.0,215.0,202.0,205.0,0,0,1289100.0,267412100.0,1.0,208.0,215.0,202.0,205.0,1289100.0
2024-09-30,43440,203.0,205.0,197.0,198.0,0,0,1173100.0,234682500.0,1.0,203.0,205.0,197.0,198.0,1173100.0
2024-10-01,43440,198.0,203.0,198.0,203.0,0,0,609900.0,121936600.0,1.0,198.0,203.0,198.0,203.0,609900.0
2024-10-02,43440,198.0,200.0,193.0,194.0,0,0,1393800.0,273642400.0,1.0,198.0,200.0,193.0,194.0,1393800.0
2024-10-03,43440,196.0,199.0,194.0,198.0,0,0,756400.0,148799900.0,1.0,196.0,199.0,194.0,198.0,756400.0
2024-10-04,43440,200.0,207.0,200.0,205.0,0,0,1177200.0,238981600.0,1.0,200.0,207.0,200.0,205.0,1177200.0
2024-10-07,43440,207.0,210.0,203.0,203.0,0,0,613600.0,126041200.0,1.0,207.0,210.0,203.0,203.0,613600.0
2024-10-08,43440,201.0,201.0,197.0,198.0,0,0,898900.0,178706400.0,1.0,201.0,201.0,197.0,198.0,898900.0
2024-10-09,43440,199.0,200.0,197.0,198.0,0,0,518500.0,102781800.0,1.0,199.0,200.0,197.0,198.0,518500.0
2024-10-10,43440,198.0,199.0,195.0,195.0,0,0,488300.0,95908800.0,1.0,198.0,199.0,195.0,195.0,488300.0
2024-10-11,43440,196.0,197.0,194.0,194.0,0,0,353400.0,69018100.0,1.0,196.0,197.0,194.0,194.0,353400.0
2024-10-15,43440,196.0,200.0,196.0,199.0,0,0,590300.0,116896200.0,1.0,196.0,200.0,196.0,199.0,590300.0
2024-10-16,43440,199.0,207.0,199.0,201.0,0,0,1243200.0,251685700.0,1.0,199.0,207.0,199.0,201.0,1243200.0
2024-10-17,43440,200.0,204.0,200.0,202.0,0,0,491600.0,99009000.0,1.0,200.0,204.0,200.0,202.0,491600.0
2024-10-18,43440,201.0,204.0,201.0,202.0,0,0,266300.0,53818000.0,1.0,201.0,204.0,201.0,202.0,266300.0
2024-10-21,43440,203.0,213.0,203.0,208.0,0,0,1393400.0,290869000.0,1.0,203.0,213.0,203.0,208.0,1393400.0
2024-10-22,43440,208.0,210.0,205.0,207.0,0,0,744600.0,154236100.0,1.0,208.0,210.0,205.0,207.0,744600.0
2024-10-23,43440,207.0,208.0,203.0,203.0,0,0,526700.0,107993400.0,1.0,207.0,208.0,203.0,203.0,526700.0
2024-10-24,43440,199.0,200.0,196.0,197.0,0,0,950600.0,188147300.0,1.0,199.0,200.0,196.0,197.0,950600.0
2024-10-25,43440,200.0,200.0,188.0,191.0,0,0,1743800.0,336176000.0,1.0,200.0,200.0,188.0,191.0,1743800.0
2024-10-28,43440,190.0,199.0,189.0,199.0,0,0,684800.0,133428800.0,1.0,190.0,199.0,189.0,199.0,684800.0
2024-10-29,43440,200.0,220.0,199.0,213.0,0,0,3729800.0,788699900.0,1.0,200.0,220.0,199.0,213.0,3729800.0
2024-10-30,43440,215.0,220.0,212.0,217.0,0,0,2364000.0,512005100.0,1.0,215.0,220.0,212.0,217.0,2364000.0
2024-10-31,43440,219.0,227.0,218.0,223.0,0,0,1733000.0,385149000.0,1.0,219.0,227.0,218.0,223.0,1733000.0
2024-11-01,43440,221.0,225.0,220.0,222.0,0,0,1064100.0,236185800.0,1.0,221.0,225.0,220.0,222.0,1064100.0
2024-11-05,43440,222.0,228.0,218.0,228.0,0,0,1312300.0,293907400.0,1.0,222.0,228.0,218.0,228.0,1312300.0
2024-11-06,43440,230.0,235.0,228.0,231.0,0,0,1417800.0,327524600.0,1.0,230.0,235.0,228.0,231.0,1417800.0
2024-11-07,43440,234.0,237.0,230.0,233.0,0,0,1605800.0,374532000.0,1.0,234.0,237.0,230.0,233.0,1605800.0
2024-11-08,43440,235.0,244.0,235.0,236.0,0,0,1998900.0,476394900.0,1.0,235.0,244.0,235.0,236.0,1998900.0
2024-11-11,43440,240.0,242.0,234.0,240.0,0,0,2148600.0,511422600.0,1.0,240.0,242.0,234.0,240.0,2148600.0
2024-11-12,43440,240.0,242.0,236.0,238.0,0,0,1767100.0,421563000.0,1.0,240.0,242.0,236.0,238.0,1767100.0
2024-11-13,43440,235.0,241.0,234.0,239.0,0,0,1472400.0,350324400.0,1.0,235.0,241.0,234.0,239.0,1472400.0
2024-11-14,43440,217.0,220.0,196.0,198.0,0,0,3677900.0,760178300.0,1.0,217.0,220.0,196.0,198.0,3677900.0
2024-11-15,43440,198.0,206.0,196.0,205.0,0,0,1315500.0,264477800.0,1.0,198.0,206.0,196.0,205.0,1315500.0
2024-11-18,43440,209.0,209.0,200.0,203.0,0,0,1532500.0,312695200.0,1.0,209.0,209.0,200.0,203.0,1532500.0
2024-11-19,43440,203.0,207.0,201.0,202.0,0,0,874200.0,177338200.0,1.0,203.0,207.0,201.0,202.0,874200.0
2024-11-20,43440,200.0,201.0,197.0,199.0,0,0,1030500.0,205205500.0,1.0,200.0,201.0,197.0,199.0,1030500.0
2024-11-21,43440,200.0,207.0,199.0,202.0,0,0,1415500.0,286916500.0,1.0,200.0,207.0,199.0,202.0,1415500.0
2024-11-22,43440,202.0,204.0,193.0,194.0,0,0,2287400.0,449333300.0,1.0,202.0,204.0,193.0,194.0,2287400.0
2024-11-25,43440,197.0,198.0,194.0,196.0,0,0,1732900.0,340026200.0,1.0,197.0,198.0,194.0,196.0,1732900.0
2024-11-26,43440,196.0,196.0,190.0,193.0,0,0,1773700.0,341748900.0,1.0,196.0,196.0,190.0,193.0,1773700.0
2024-11-27,43440,192.0,194.0,189.0,192.0,0,0,1423500.0,272168000.0,1.0,192.0,194.0,189.0,192.0,1423500.0
2024-11-28,43440,191.0,193.0,189.0,189.0,0,0,1409900.0,268524200.0,1.0,191.0,193.0,189.0,189.0,1409900.0
2024-11-29,43440,189.0,190.0,186.0,187.0,0,0,1793500.0,336966400.0,1.0,189.0,190.0,186.0,187.0,1793500.0
2024-12-02,43440,187.0,189.0,185.0,188.0,0,0,1132300.0,211228200.0,1.0,187.0,189.0,185.0,188.0,1132300.0
2024-12-03,43440,190.0,194.0,189.0,194.0,0,0,1337500.0,256439500.0,1.0,190.0,194.0,189.0,194.0,1337500.0
2024-12-04,43440,195.0,195.0,188.0,190.0,0,0,1476300.0,282552700.0,1.0,195.0,195.0,188.0,190.0,1476300.0
2024-12-05,43440,191.0,194.0,189.0,191.0,0,0,707000.0,135134900.0,1.0,191.0,194.0,189.0,191.0,707000.0
2024-12-06,43440,190.0,192.0,189.0,191.0,0,0,483200.0,91987300.0,1.0,190.0,192.0,189.0,191.0,483200.0
2024-12-09,43440,192.0,193.0,190.0,190.0,0,0,425600.0,81421000.0,1.0,192.0,193.0,190.0,190.0,425600.0
2024-12-10,43440,189.0,190.0,186.0,186.0,0,0,949600.0,178387200.0,1.0,189.0,190.0,186.0,186.0,949600.0
2024-12-11,43440,186.0,188.0,184.0,188.0,0,0,1220500.0,226466100.0,1.0,186.0,188.0,184.0,188.0,1220500.0
2024-12-12,43440,188.0,190.0,185.0,185.0,0,0,1219800.0,228720400.0,1.0,188.0,190.0,185.0,185.0,1219800.0
2024-12-13,43440,183.0,186.0,181.0,181.0,0,0,2940700.0,538097500.0,1.0,183.0,186.0,181.0,181.0,2940700.0
2024-12-16,43440,180.0,180.0,175.0,179.0,0,0,3347500.0,596679800.0,1.0,180.0,180.0,175.0,179.0,3347500.0
2024-12-17,43440,180.0,184.0,176.0,177.0,0,0,1624900.0,291818100.0,1.0,180.0,184.0,176.0,177.0,1624900.0
2024-12-18,43440,177.0,179.0,175.0,178.0,0,0,2111100.0,373764600.0,1.0,177.0,179.0,175.0,178.0,2111100.0
2024-12-19,43440,174.0,176.0,156.0,160.0,0,0,8419800.0,1398338100.0,1.0,174.0,176.0,156.0,160.0,8419800.0
2024-12-20,43440,161.0,168.0,160.0,165.0,0,0,1955800.0,320818900.0,1.0,161.0,168.0,160.0,165.0,1955800.0
2024-12-23,43440,165.0,166.0,160.0,161.0,0,0,1079500.0,174970800.0,1.0,165.0,166.0,160.0,161.0,1079500.0
2024-12-24,43440,160.0,161.0,158.0,159.0,0,0,1569000.0,250345800.0,1.0,160.0,161.0,158.0,159.0,1569000.0
2024-12-25,43440,161.0,162.0,159.0,162.0,0,0,1720700.0,276256100.0,1.0,161.0,162.0,159.0,162.0,1720700.0
2024-12-26,43440,161.0,169.0,161.0,167.0,0,0,2296900.0,376499800.0,1.0,161.0,169.0,161.0,167.0,2296900.0
2024-12-27,43440,170.0,182.0,168.0,178.0,0,0,3136600.0,551005000.0,1.0,170.0,182.0,168.0,178.0,3136600.0
2024-12-30,43440,178.0,181.0,175.0,175.0,0,0,2417500.0,429621200.0,1.0,178.0,181.0,175.0,175.0,2417500.0
2025-01-06,43440,179.0,183.0,178.0,179.0,0,0,2089200.0,376131500.0,1.0,179.0,183.0,178.0,179.0,2089200.0
2025-01-07,43440,182.0,189.0,180.0,186.0,0,0,1790700.0,330141200.0,1.0,182.0,189.0,180.0,186.0,1790700.0
2025-01-08,43440,189.0,195.0,188.0,189.0,0,0,8466400.0,1624740800.0,1.0,189.0,195.0,188.0,189.0,8466400.0
2025-01-09,43440,186.0,195.0,183.0,194.0,0,0,3857800.0,734897900.0,1.0,186.0,195.0,183.0,194.0,3857800.0
2025-01-10,43440,191.0,198.0,190.0,192.0,0,0,2546900.0,492557200.0,1.0,191.0,198.0,190.0,192.0,2546900.0
2025-01-14,43440,190.0,195.0,187.0,190.0,0,0,1699900.0,322608300.0,1.0,190.0,195.0,187.0,190.0,1699900.0
2025-01-15,43440,190.0,208.0,189.0,206.0,0,0,3928600.0,782509800.0,1.0,190.0,208.0,189.0,206.0,3928600.0
2025-01-16,43440,207.0,217.0,204.0,216.0,0,0,3783400.0,794407400.0,1.0,207.0,217.0,204.0,216.0,3783400.0
2025-01-17,43440,214.0,218.0,207.0,208.0,0,0,2792400.0,589576200.0,1.0,214.0,218.0,207.0,208.0,2792400.0
2025-01-20,43440,207.0,221.0,207.0,217.0,0,0,3052100.0,660423600.0,1.0,207.0,221.0,207.0,217.0,3052100.0
2025-01-21,43440,215.0,215.0,202.0,205.0,0,0,3568000.0,736173300.0,1.0,215.0,215.0,202.0,205.0,3568000.0
2025-01-22,43440,204.0,209.0,203.0,207.0,0,0,1734500.0,355821600.0,1.0,204.0,209.0,203.0,207.0,1734500.0
2025-01-23,43440,206.0,206.0,199.0,202.0,0,0,2234100.0,449714100.0,1.0,206.0,206.0,199.0,202.0,2234100.0
2025-01-24,43440,203.0,213.0,203.0,210.0,0,0,1902800.0,398232100.0,1.0,203.0,213.0,203.0,210.0,1902800.0
2025-01-27,43440,213.0,214.0,208.0,208.0,0,0,1272200.0,267296400.0,1.0,213.0,214.0,208.0,208.0,1272200.0
2025-01-28,43440,208.0,214.0,207.0,212.0,0,0,1101500.0,232189200.0,1.0,208.0,214.0,207.0,212.0,1101500.0
2025-01-29,43440,211.0,218.0,210.0,217.0,0,0,1287500.0,276251500.0,1.0,211.0,218.0,210.0,217.0,1287500.0
2025-01-30,43440,217.0,223.0,215.0,220.0,0,0,2603700.0,568580300.0,1.0,217.0,223.0,215.0,220.0,2603700.0
2025-01-31,43440,217.0,226.0,216.0,222.0,0,0,1985900.0,439199400.0,1.0,217.0,226.0,216.0,222.0,1985900.0
2025-02-03,43440,219.0,226.0,214.0,221.0,0,0,1953100.0,428769300.0,1.0,219.0,226.0,214.0,221.0,1953100.0
2025-02-04,43440,224.0,230.0,223.0,227.0,0,0,1873700.0,424880000.0,1.0,224.0,230.0,223.0,227.0,1873700.0
2025-02-05,43440,229.0,234.0,225.0,233.0,0,0,2197500.0,504130500.0,1.0,229.0,234.0,225.0,233.0,2197500.0
2025-02-06,43440,233.0,239.0,229.0,229.0,0,0,3059000.0,713154300.0,1.0,233.0,239.0,229.0,229.0,3059000.0
2025-02-07,43440,227.0,237.0,226.0,232.0,0,0,1642500.0,380236000.0,1.0,227.0,237.0,226.0,232.0,1642500.0
2025-02-10,43440,233.0,241.0,232.0,238.0,0,0,2045000.0,486312700.0,1.0,233.0,241.0,232.0,238.0,2045000.0
2025-02-12,43440,241.0,247.0,240.0,247.0,0,0,2619500.0,636546000.0,1.0,241.0,247.0,240.0,247.0,2619500.0
2025-02-13,43440,245.0,246.0,237.0,244.0,0,0,4205600.0,1019178900.0,1.0,245.0,246.0,237.0,244.0,4205600.0
2025-02-14,43440,241.0,252.0,239.0,250.0,0,0,4392300.0,1082893800.0,1.0,241.0,252.0,239.0,250.0,4392300.0
2025-02-17,43440,234.0,239.0,226.0,232.0,0,0,4576500.0,1063212500.0,1.0,234.0,239.0,226.0,232.0,4576500.0
2025-02-18,43440,240.0,251.0,231.0,231.0,0,0,5445900.0,1306617800.0,1.0,240.0,251.0,231.0,231.0,5445900.0
2025-02-19,43440,231.0,235.0,222.0,227.0,0,0,2712500.0,619239000.0,1.0,231.0,235.0,222.0,227.0,2712500.0
2025-02-20,43440,224.0,225.0,217.0,219.0,0,0,2419500.0,531133300.0,1.0,224.0,225.0,217.0,219.0,2419500.0
2025-02-21,43440,215.0,218.0,212.0,213.0,0,0,2078300.0,445537400.0,1.0,215.0,218.0,212.0,213.0,2078300.0
2025-02-25,43440,209.0,211.0,199.0,201.0,0,0,3361100.0,685979000.0,1.0,209.0,211.0,199.0,201.0,3361100.0
2025-02-26,43440,198.0,209.0,198.0,207.0,0,0,2415100.0,492017500.0,1.0,198.0,209.0,198.0,207.0,2415100.0
2025-02-27,43440,220.0,220.0,211.0,218.0,0,0,3795400.0,820787500.0,1.0,220.0,220.0,211.0,218.0,3795400.0
2025-02-28,43440,220.0,222.0,212.0,214.0,0,0,2181800.0,472409100.0,1.0,220.0,222.0,212.0,214.0,2181800.0
2025-03-03,43440,213.0,214.0,207.0,208.0,0,0,1506500.0,315911300.0,1.0,213.0,214.0,207.0,208.0,1506500.0
2025-03-04,43440,205.0,207.0,199.0,202.0,0,0,2092900.0,424321000.0,1.0,205.0,207.0,199.0,202.0,2092900.0
2025-03-05,43440,201.0,213.0,201.0,213.0,0,0,1446500.0,297959300.0,1.0,201.0,213.0,201.0,213.0,1446500.0
2025-03-06,43440,215.0,223.0,213.0,222.0,0,0,1439200.0,314653800.0,1.0,215.0,223.0,213.0,222.0,1439200.0
2025-03-07,43440,222.0,225.0,217.0,218.0,0,0,2401100.0,531756800.0,1.0,222.0,225.0,217.0,218.0,2401100.0
2025-03-10,43440,226.0,232.0,222.0,226.0,0,0,2103100.0,476576100.0,1.0,226.0,232.0,222.0,226.0,2103100.0
2025-03-11,43440,224.0,224.0,217.0,223.0,0,0,1511300.0,334052300.0,1.0,224.0,224.0,217.0,223.0,1511300.0
2025-03-12,43440,225.0,225.0,220.0,222.0,0,0,720300.0,160506800.0,1.0,225.0,225.0,220.0,222.0,720300.0
2025-03-13,43440,223.0,228.0,222.0,222.0,0,0,997100.0,224361900.0,1.0,223.0,228.0,222.0,222.0,997100.0
2025-03-14,43440,224.0,227.0,222.0,224.0,0,0,829400.0,186075300.0,1.0,224.0,227.0,222.0,224.0,829400.0
2025-03-17,43440,225.0,241.0,224.0,241.0,0,0,2877200.0,668837200.0,1.0,225.0,241.0,224.0,241.0,2877200.0
2025-03-18,43440,241.0,242.0,236.0,239.0,0,0,1562700.0,373412600.0,1.0,241.0,242.0,236.0,239.0,1562700.0
2025-03-19,43440,240.0,241.0,231.0,233.0,0,0,1885400.0,443312500.0,1.0,240.0,241.0,231.0,233.0,1885400.0
2025-03-21,43440,233.0,240.0,233.0,236.0,0,0,923700.0,217914300.0,1.0,233.0,240.0,233.0,236.0,923700.0
2025-03-24,43440,239.0,243.0,233.0,233.0,0,0,1293800.0,306816600.0,1.0,239.0,243.0,233.0,233.0,1293800.0
2025-03-25,43440,233.0,234.0,225.0,233.0,0,0,1596300.0,366014000.0,1.0,233.0,234.0,225.0,233.0,1596300.0
2025-03-26,43440,230.0,232.0,226.0,228.0,0,0,1388700.0,317651500.0,1.0,230.0,232.0,226.0,228.0,1388700.0
2025-03-27,43440,228.0,232.0,220.0,224.0,0,0,1934400.0,436234900.0,1.0,228.0,232.0,220.0,224.0,1934400.0
2025-03-28,43440,225.0,228.0,223.0,225.0,0,0,1077600.0,242209300.0,1.0,225.0,228.0,223.0,225.0,1077600.0
2025-03-31,43440,222.0,224.0,217.0,217.0,0,0,973800.0,214375000.0,1.0,222.0,224.0,217.0,217.0,973800.0
2025-04-01,43440,220.0,223.0,217.0,217.0,0,0,920000.0,202100200.0,1.0,220.0,223.0,217.0,217.0,920000.0
2025-04-02,43440,220.0,222.0,214.0,214.0,0,0,895100.0,193335500.0,1.0,220.0,222.0,214.0,214.0,895100.0
2025-04-03,43440,203.0,211.0,200.0,211.0,0,0,1269700.0,262833300.0,1.0,203.0,211.0,200.0,211.0,1269700.0
2025-04-04,43440,206.0,208.0,193.0,199.0,0,0,2695100.0,538337100.0,1.0,206.0,208.0,193.0,199.0,2695100.0
2025-04-07,43440,154.0,175.0,153.0,161.0,0,0,4138000.0,679279900.0,1.0,154.0,175.0,153.0,161.0,4138000.0
2025-04-08,43440,175.0,185.0,173.0,181.0,0,0,2729000.0,490296600.0,1.0,175.0,185.0,173.0,181.0,2729000.0
2025-04-09,43440,173.0,173.0,165.0,169.0,0,0,2984900.0,505521400.0,1.0,173.0,173.0,165.0,169.0,2984900.0
2025-04-10,43440,184.0,186.0,180.0,181.0,0,0,2350900.0,428814900.0,1.0,184.0,186.0,180.0,181.0,2350900.0
2025-04-11,43440,178.0,192.0,177.0,192.0,0,0,1965100.0,362251400.0,1.0,178.0,192.0,177.0,192.0,1965100.0
2025-04-14,43440,192.0,195.0,190.0,190.0,0,0,1010000.0,194008000.0,1.0,192.0,195.0,190.0,190.0,1010000.0
2025-04-15,43440,192.0,193.0,189.0,189.0,0,0,689700.0,131052200.0,1.0,192.0,193.0,189.0,189.0,689700.0
2025-04-16,43440,189.0,191.0,183.0,184.0,0,0,736300.0,137368300.0,1.0,189.0,191.0,183.0,184.0,736300.0
2025-04-17,43440,183.0,186.0,183.0,186.0,0,0,745600.0,137431500.0,1.0,183.0,186.0,183.0,186.0,745600.0
2025-04-18,43440,184.0,191.0,184.0,191.0,0,0,699000.0,131902700.0,1.0,184.0,191.0,184.0,191.0,699000.0
2025-04-21,43440,189.0,194.0,187.0,191.0,0,0,847800.0,161501500.0,1.0,189.0,194.0,187.0,191.0,847800.0
2025-04-22,43440,189.0,191.0,187.0,191.0,0,0,555600.0,105050100.0,1.0,189.0,191.0,187.0,191.0,555600.0
2025-04-23,43440,192.0,194.0,187.0,190.0,0,0,1105000.0,211270900.0,1.0,192.0,194.0,187.0,190.0,1105000.0
2025-04-24,43440,193.0,196.0,188.0,191.0,0,0,1439500.0,275813000.0,1.0,193.0,196.0,188.0,191.0,1439500.0
2025-04-25,43440,192.0,194.0,189.0,191.0,0,0,744000.0,142437500.0,1.0,192.0,194.0,189.0,191.0,744000.0
2025-04-28,43440,191.0,198.0,190.0,196.0,0,0,873100.0,169852900.0,1.0,191.0,198.0,190.0,196.0,873100.0
2025-04-30,43440,201.0,204.0,196.0,201.0,0,0,890200.0,177791100.0,1.0,201.0,204.0,196.0,201.0,890200.0
2025-05-01,43440,200.0,202.0,197.0,201.0,0,0,603600.0,120721000.0,1.0,200.0,202.0,197.0,201.0,603600.0
2025-05-02,43440,201.0,203.0,198.0,201.0,0,0,616100.0,123545100.0,1.0,201.0,203.0,198.0,201.0,616100.0
2025-05-07,43440,202.0,203.0,199.0,201.0,0,0,638700.0,128559400.0,1.0,202.0,203.0,199.0,201.0,638700.0
2025-05-08,43440,202.0,202.0,197.0,200.0,0,0,766500.0,152893900.0,1.0,202.0,202.0,197.0,200.0,766500.0
2025-05-09,43440,201.0,210.0,201.0,208.0,0,0,1353100.0,278795200.0,1.0,201.0,210.0,201.0,208.0,1353100.0
2025-05-12,43440,210.0,212.0,208.0,211.0,0,0,1019500.0,214221400.0,1.0,210.0,212.0,208.0,211.0,1019500.0
2025-05-13,43440,217.0,218.0,211.0,214.0,0,0,1311000.0,281420900.0,1.0,217.0,218.0,211.0,214.0,1311000.0
2025-05-14,43440,211.0,213.0,209.0,211.0,0,0,963500.0,203703800.0,1.0,211.0,213.0,209.0,211.0,963500.0
2025-05-15,43440,208.0,210.0,202.0,202.0,0,0,1035900.0,213239900.0,1.0,208.0,210.0,202.0,202.0,1035900.0
2025-05-16,43440,186.0,189.0,170.0,170.0,0,0,5608300.0,989248400.0,1.0,186.0,189.0,170.0,170.0,5608300.0
2025-05-19,43440,170.0,170.0,162.0,163.0,0,0,1867300.0,308480500.0,1.0,170.0,170.0,162.0,163.0,1867300.0
2025-05-20,43440,167.0,168.0,161.0,163.0,0,0,2735100.0,450401400.0,1.0,167.0,168.0,161.0,163.0,2735100.0
2025-05-21,43440,173.0,175.0,168.0,170.0,0,0,2285400.0,391703900.0,1.0,173.0,175.0,168.0,170.0,2285400.0
2025-05-22,43440,167.0,174.0,166.0,171.0,0,0,1713900.0,290846300.0,1.0,167.0,174.0,166.0,171.0,1713900.0
2025-05-23,43440,173.0,174.0,167.0,167.0,0,0,1299300.0,220155700.0,1.0,173.0,174.0,167.0,167.0,1299300.0
2025-05-26,43440,167.0,172.0,167.0,169.0,0,0,1053400.0,178755400.0,1.0,167.0,172.0,167.0,169.0,1053400.0
2025-05-27,43440,171.0,172.0,166.0,172.0,0,0,1276200.0,216187700.0,1.0,171.0,172.0,166.0,172.0,1276200.0
2025-05-28,43440,174.0,174.0,169.0,170.0,0,0,1065700.0,182437700.0,1.0,174.0,174.0,169.0,170.0,1065700.0
2025-05-29,43440,171.0,183.0,170.0,179.0,0,0,2691900.0,477539300.0,1.0,171.0,183.0,170.0,179.0,2691900.0
2025-05-30,43440,178.0,186.0,177.0,184.0,0,0,2085000.0,379932400.0,1.0,178.0,186.0,177.0,184.0,2085000.0
2025-06-02,43440,184.0,187.0,182.0,182.0,0,0,1463500.0,269300500.0,1.0,184.0,187.0,182.0,182.0,1463500.0
2025-06-03,43440,182.0,184.0,180.0,181.0,0,0,1111700.0,202104500.0,1.0,182.0,184.0,180.0,181.0,1111700.0
2025-06-04,43440,182.0,183.0,178.0,179.0,0,0,901400.0,162951900.0,1.0,182.0,183.0,178.0,179.0,901400.0
2025-06-05,43440,179.0,184.0,176.0,177.0,0,0,1393400.0,249186800.0,1.0,179.0,184.0,176.0,177.0,1393400.0
2025-06-06,43440,177.0,177.0,170.0,170.0,0,0,1990300.0,344506900.0,1.0,177.0,177.0,170.0,170.0,1990300.0
2025-06-09,43440,173.0,176.0,172.0,175.0,0,0,1079900.0,187702700.0,1.0,173.0,176.0,172.0,175.0,1079900.0
2025-06-10,43440,177.0,177.0,172.0,172.0,0,0,804300.0,140015400.0,1.0,177.0,177.0,172.0,172.0,804300.0
2025-06-11,43440,174.0,175.0,168.0,169.0,0,0,1586500.0,270454000.0,1.0,174.0,175.0,168.0,169.0,1586500.0
2025-06-12,43440,170.0,170.0,165.0,165.0,0,0,1813900.0,303467400.0,1.0,170.0,170.0,165.0,165.0,1813900.0
2025-06-13,43440,165.0,166.0,160.0,162.0,0,0,2239200.0,364137200.0,1.0,165.0,166.0,160.0,162.0,2239200.0
2025-06-16,43440,161.0,163.0,159.0,161.0,0,0,1429700.0,229713100.0,1.0,161.0,163.0,159.0,161.0,1429700.0
2025-06-17,43440,163.0,170.0,161.0,170.0,0,0,1589100.0,262330700.0,1.0,163.0,170.0,161.0,170.0,1589100.0
2025-06-18,43440,169.0,180.0,169.0,176.0,0,0,2727900.0,476832100.0,1.0,169.0,180.0,169.0,176.0,2727900.0
2025-06-19,43440,177.0,181.0,175.0,175.0,0,0,1345800.0,239112000.0,1.0,177.0,181.0,175.0,175.0,1345800.0
2025-06-20,43440,176.0,178.0,172.0,173.0,0,0,1080900.0,188496000.0,1.0,176.0,178.0,172.0,173.0,1080900.0
2025-06-23,43440,170.0,173.0,168.0,173.0,0,0,970700.0,165618600.0,1.0,170.0,173.0,168.0,173.0,970700.0
2025-06-24,43440,176.0,177.0,174.0,176.0,0,0,644900.0,113379900.0,1.0,176.0,177.0,174.0,176.0,644900.0
2025-06-25,43440,176.0,177.0,173.0,173.0,0,0,504800.0,88243600.0,1.0,176.0,177.0,173.0,173.0,504800.0
2025-06-26,43440,175.0,177.0,173.0,175.0,0,0,999100.0,175079800.0,1.0,175.0,177.0,173.0,175.0,999100.0
2025-06-27,43440,178.0,180.0,172.0,174.0,0,0,1163600.0,204698400.0,1.0,178.0,180.0,172.0,174.0,1163600.0
2025-06-30,43440,177.0,178.0,171.0,173.0,0,0,1416100.0,246557900.0,1.0,177.0,178.0,171.0,173.0,1416100.0
2025-07-01,43440,170.0,171.0,165.0,165.0,0,0,2083700.0,348365100.0,1.0,170.0,171.0,165.0,165.0,2083700.0
2025-07-02,43440,165.0,167.0,163.0,164.0,0,0,1154700.0,190166100.0,1.0,165.0,167.0,163.0,164.0,1154700.0
2025-07-03,43440,165.0,167.0,162.0,165.0,0,0,1184900.0,194823400.0,1.0,165.0,167.0,162.0,165.0,1184900.0
2025-07-04,43440,167.0,167.0,164.0,165.0,0,0,597100.0,98996800.0,1.0,167.0,167.0,164.0,165.0,597100.0
2025-07-07,43440,166.0,176.0,166.0,173.0,0,0,2248100.0,382801300.0,1.0,166.0,176.0,166.0,173.0,2248100.0
2025-07-08,43440,177.0,183.0,176.0,181.0,0,0,4055200.0,726303300.0,1.0,177.0,183.0,176.0,181.0,4055200.0
2025-07-09,43440,186.0,190.0,184.0,187.0,0,0,3237200.0,604442200.0,1.0,186.0,190.0,184.0,187.0,3237200.0
2025-07-10,43440,190.0,193.0,183.0,185.0,0,0,4414700.0,827667100.0,1.0,190.0,193.0,183.0,185.0,4414700.0
2025-07-11,43440,184.0,186.0,179.0,182.0,0,0,1758200.0,321779800.0,1.0,184.0,186.0,179.0,182.0,1758200.0
2025-07-14,43440,180.0,181.0,176.0,177.0,0,0,1678000.0,299093700.0,1.0,180.0,181.0,176.0,177.0,1678000.0
2025-07-15,43440,180.0,180.0,172.0,173.0,0,0,1316700.0,230609900.0,1.0,180.0,180.0,172.0,173.0,1316700.0
2025-07-16,43440,174.0,179.0,172.0,174.0,0,0,1258600.0,220760600.0,1.0,174.0,179.0,172.0,174.0,1258600.0
2025-07-17,43440,174.0,179.0,173.0,175.0,0,0,800500.0,140613900.0,1.0,174.0,179.0,173.0,175.0,800500.0
2025-07-18,43440,175.0,175.0,168.0,168.0,0,0,1644800.0,282047600.0,1.0,175.0,175.0,168.0,168.0,1644800.0
2025-07-22,43440,172.0,172.0,169.0,171.0,0,0,809700.0,138184400.0,1.0,172.0,172.0,169.0,171.0,809700.0
2025-07-23,43440,174.0,189.0,171.0,184.0,0,0,3666000.0,662098100.0,1.0,174.0,189.0,171.0,184.0,3666000.0
2025-07-24,43440,183.0,185.0,181.0,184.0,0,0,1657900.0,303849700.0,1.0,183.0,185.0,181.0,184.0,1657900.0
2025-07-25,43440,184.0,186.0,183.0,185.0,0,0,1112700.0,205279000.0,1.0,184.0,186.0,183.0,185.0,1112700.0
2025-07-28,43440,186.0,187.0,182.0,182.0,0,0,1066200.0,196079500.0,1.0,186.0,187.0,182.0,182.0,1066200.0
2025-07-29,43440,181.0,182.0,176.0,177.0,0,0,1022200.0,182893200.0,1.0,181.0,182.0,176.0,177.0,1022200.0
2025-07-30,43440,178.0,180.0,176.0,179.0,0,0,796100.0,141671000.0,1.0,178.0,180.0,176.0,179.0,796100.0
2025-07-31,43440,180.0,182.0,179.0,180.0,0,0,641000.0,115410300.0,1.0,180.0,182.0,179.0,180.0,641000.0
2025-08-01,43440,179.0,194.0,179.0,192.0,0,0,2753400.0,514995300.0,1.0,179.0,194.0,179.0,192.0,2753400.0
2025-08-04,43440,188.0,196.0,186.0,194.0,0,0,2646700.0,507351200.0,1.0,188.0,196.0,186.0,194.0,2646700.0
2025-08-05,43440,196.0,197.0,193.0,195.0,0,0,1375500.0,268504400.0,1.0,196.0,197.0,193.0,195.0,1375500.0
2025-08-06,43440,195.0,197.0,189.0,192.0,0,0,1727800.0,334065400.0,1.0,195.0,197.0,189.0,192.0,1727800.0
2025-08-07,43440,193.0,193.0,188.0,188.0,0,0,1160900.0,220379900.0,1.0,193.0,193.0,188.0,188.0,1160900.0
2025-08-08,43440,187.0,191.0,184.0,186.0,0,0,1376600.0,257077400.0,1.0,187.0,191.0,184.0,186.0,1376600.0
2025-08-12,43440,184.0,185.0,169.0,171.0,0,0,3913000.0,683656300.0,1.0,184.0,185.0,169.0,171.0,3913000.0
2025-08-13,43440,173.0,176.0,171.0,173.0,0,0,2059400.0,356096000.0,1.0,173.0,176.0,171.0,173.0,2059400.0
2025-08-14,43440,173.0,174.0,171.0,172.0,0,0,1102600.0,190380300.0,1.0,173.0,174.0,171.0,172.0,1102600.0
2025-08-15,43440,175.0,176.0,172.0,176.0,0,0,1137700.0,198825200.0,1.0,175.0,176.0,172.0,176.0,1137700.0
2025-08-18,43440,180.0,181.0,177.0,179.0,0,0,1160700.0,207662900.0,1.0,180.0,181.0,177.0,179.0,1160700.0
2025-08-19,43440,180.0,185.0,179.0,182.0,0,0,1909000.0,347707100.0,1.0,180.0,185.0,179.0,182.0,1909000.0
2025-08-20,43440,182.0,182.0,176.0,177.0,0,0,1197500.0,214050400.0,1.0,182.0,182.0,176.0,177.0,1197500.0
2025-08-21,43440,176.0,177.0,175.0,175.0,0,0,747600.0,131369700.0,1.0,176.0,177.0,175.0,175.0,747600.0
2025-08-22,43440,176.0,181.0,174.0,175.0,0,0,1427400.0,252810800.0,1.0,176.0,181.0,174.0,175.0,1427400.0
2025-08-25,43440,179.0,179.0,176.0,177.0,0,0,1001300.0,177877400.0,1.0,179.0,179.0,176.0,177.0,1001300.0
2025-08-26,43440,177.0,177.0,170.0,170.0,0,0,1808000.0,312037200.0,1.0,177.0,177.0,170.0,170.0,1808000.0
2025-08-27,43440,171.0,172.0,169.0,170.0,0,0,1408500.0,239691700.0,1.0,171.0,172.0,169.0,170.0,1408500.0
2025-08-28,43440,170.0,172.0,168.0,170.0,0,0,1065100.0,181169700.0,1.0,170.0,172.0,168.0,170.0,1065100.0
2025-08-29,43440,170.0,175.0,170.0,172.0,0,0,1058900.0,181990700.0,1.0,170.0,175.0,170.0,172.0,1058900.0
2025-09-01,43440,172.0,174.0,170.0,174.0,0,0,877800.0,151273600.0,1.0,172.0,174.0,170.0,174.0,877800.0
2025-09-02,43440,175.0,176.0,174.0,176.0,0,0,672600.0,117691800.0,1.0,175.0,176.0,174.0,176.0,672600.0
2025-09-03,43440,173.0,177.0,171.0,172.0,0,0,1022900.0,177347400.0,1.0,173.0,177.0,171.0,172.0,1022900.0
2025-09-04,43440,173.0,177.0,172.0,176.0,0,0,1141200.0,199828000.0,1.0,173.0,177.0,172.0,176.0,1141200.0
2025-09-05,43440,177.0,177.0,174.0,174.0,0,0,813400.0,142941700.0,1.0,177.0,177.0,174.0,174.0,813400.0
2025-09-08,43440,179.0,180.0,176.0,178.0,0,0,1075700.0,191522500.0,1.0,179.0,180.0,176.0,178.0,1075700.0
2025-09-09,43440,179.0,181.0,177.0,179.0,0,0,779300.0,139594300.0,1.0,179.0,181.0,177.0,179.0,779300.0
2025-09-10,43440,178.0,180.0,176.0,180.0,0,0,495000.0,88433600.0,1.0,178.0,180.0,176.0,180.0,495000.0
2025-09-11,43440,180.0,181.0,176.0,176.0,0,0,806700.0,143671900.0,1.0,180.0,181.0,176.0,176.0,806700.0
2025-09-12,43440,176.0,177.0,173.0,175.0,0,0,954300.0,166790600.0,1.0,176.0,177.0,173.0,175.0,954300.0
2025-09-16,43440,175.0,185.0,174.0,183.0,0,0,1844200.0,332814600.0,1.0,175.0,185.0,174.0,183.0,1844200.0
2025-09-17,43440,183.0,183.0,180.0,180.0,0,0,651500.0,118202500.0,1.0,183.0,183.0,180.0,180.0,651500.0
2025-09-18,43440,181.0,182.0,179.0,180.0,0,0,507000.0,91524400.0,1.0,181.0,182.0,179.0,180.0,507000.0
2025-09-19,43440,182.0,183.0,176.0,179.0,0,0,1206000.0,217048700.0,1.0,182.0,183.0,176.0,179.0,1206000.0
2025-09-22,43440,182.0,187.0,182.0,182.0,0,0,2142500.0,393813700.0,1.0,182.0,187.0,182.0,182.0,2142500.0
2025-09-24,43440,180.0,182.0,175.0,175.0,0,0,1516200.0,269715000.0,1.0,180.0,182.0,175.0,175.0,1516200.0
2025-09-25,43440,175.0,179.0,174.0,178.0,0,0,787800.0,139148400.0,1.0,175.0,179.0,174.0,178.0,787800.0
2025-09-26,43440,178.0,180.0,173.0,173.0,0,0,2055900.0,361867400.0,1.0,178.0,180.0,173.0,173.0,2055900.0
2025-09-29,43440,183.0,190.0,180.0,181.0,0,0,2972600.0,546598500.0,1.0,183.0,190.0,180.0,181.0,2972600.0
2025-09-30,43440,183.0,186.0,177.0,178.0,0,0,1453100.0,263090300.0,1.0,183.0,186.0,177.0,178.0,1453100.0
2025-10-01,43440,181.0,182.0,174.0,174.0,0,0,1311800.0,231286200.0,1.0,181.0,182.0,174.0,174.0,1311800.0
2025-10-02,43440,173.0,175.0,170.0,171.0,0,0,1486900.0,255559600.0,1.0,173.0,175.0,170.0,171.0,1486900.0
2025-10-03,43440,171.0,173.0,170.0,171.0,0,0,1547300.0,264422100.0,1.0,171.0,173.0,170.0,171.0,1547300.0
2025-10-06,43440,175.0,176.0,169.0,170.0,0,0,1216000.0,209176000.0,1.0,175.0,176.0,169.0,170.0,1216000.0
2025-10-07,43440,170.0,175.0,169.0,173.0,0,0,1860600.0,318596700.0,1.0,170.0,175.0,169.0,173.0,1860600.0
2025-10-08,43440,171.0,173.0,170.0,170.0,0,0,984900.0,168376100.0,1.0,171.0,173.0,170.0,170.0,984900.0
2025-10-09,43440,171.0,171.0,166.0,167.0,0,0,2962800.0,500273100.0,1.0,171.0,171.0,166.0,167.0,2962800.0
2025-10-10,43440,166.0,166.0,160.0,163.0,0,0,4188400.0,682429800.0,1.0,166.0,166.0,160.0,163.0,4188400.0
2025-10-14,43440,160.0,163.0,159.0,160.0,0,0,2950000.0,473382200.0,1.0,160.0,163.0,159.0,160.0,2950000.0
2025-10-15,43440,160.0,168.0,160.0,167.0,0,0,1232700.0,202184900.0,1.0,160.0,168.0,160.0,167.0,1232700.0
2025-10-16,43440,168.0,169.0,166.0,168.0,0,0,890100.0,149252100.0,1.0,168.0,169.0,166.0,168.0,890100.0
2025-10-17,43440,167.0,169.0,164.0,164.0,0,0,583000.0,96883100.0,1.0,167.0,169.0,164.0,164.0,583000.0
2025-10-20,43440,166.0,169.0,165.0,169.0,0,0,836400.0,139677800.0,1.0,166.0,169.0,165.0,169.0,836400.0
2025-10-21,43440,169.0,174.0,167.0,174.0,0,0,1316900.0,226098300.0,1.0,169.0,174.0,167.0,174.0,1316900.0
2025-10-22,43440,175.0,179.0,174.0,178.0,0,0,1341400.0,236377600.0,1.0,175.0,179.0,174.0,178.0,1341400.0
2025-10-23,43440,176.0,179.0,174.0,174.0,0,0,895700.0,157763400.0,1.0,176.0,179.0,174.0,174.0,895700.0
2025-10-24,43440,174.0,174.0,170.0,170.0,0,0,792000.0,136426400.0,1.0,174.0,174.0,170.0,170.0,792000.0
2025-10-27,43440,170.0,174.0,169.0,171.0,0,0,762200.0,130225100.0,1.0,170.0,174.0,169.0,171.0,762200.0
2025-10-28,43440,170.0,170.0,166.0,166.0,0,0,776500.0,130528900.0,1.0,170.0,170.0,166.0,166.0,776500.0
2025-10-29,43440,168.0,169.0,165.0,168.0,0,0,861000.0,143826900.0,1.0,168.0,169.0,165.0,168.0,861000.0
