Date,Code,Open,High,Low,Close,UpperLimit,LowerLimit,Volume,TurnoverValue,AdjustmentFactor,AdjustmentOpen,AdjustmentHigh,AdjustmentLow,AdjustmentClose,AdjustmentVolume
2020-10-29,45280,3190.0,3254.0,3150.0,3200.0,0,0,682600.0,2187129600.0,1.0,3190.0,3254.0,3150.0,3200.0,682600.0
2020-10-30,45280,3143.0,3143.0,2972.0,2972.0,0,0,1463200.0,4398851300.0,1.0,3143.0,3143.0,2972.0,2972.0,1463200.0
2020-11-02,45280,2975.0,3040.0,2968.0,3031.0,0,0,1120400.0,3382237800.0,1.0,2975.0,3040.0,2968.0,3031.0,1120400.0
2020-11-04,45280,3048.0,3108.0,3001.0,3102.0,0,0,1239500.0,3811505300.0,1.0,3048.0,3108.0,3001.0,3102.0,1239500.0
2020-11-05,45280,3115.0,3258.0,3111.0,3243.0,0,0,1495200.0,4808134100.0,1.0,3115.0,3258.0,3111.0,3243.0,1495200.0
2020-11-06,45280,3215.0,3232.0,3194.0,3211.0,0,0,1007600.0,3234801000.0,1.0,3215.0,3232.0,3194.0,3211.0,1007600.0
2020-11-09,45280,3227.0,3241.0,3199.0,3221.0,0,0,963000.0,3101808600.0,1.0,3227.0,3241.0,3199.0,3221.0,963000.0
2020-11-10,45280,3265.0,3270.0,3207.0,3227.0,0,0,1585600.0,5125164900.0,1.0,3265.0,3270.0,3207.0,3227.0,1585600.0
2020-11-11,45280,3300.0,3322.0,3235.0,3257.0,0,0,1356300.0,4431068900.0,1.0,3300.0,3322.0,3235.0,3257.0,1356300.0
2020-11-12,45280,3284.0,3291.0,3217.0,3235.0,0,0,826200.0,2681788400.0,1.0,3284.0,3291.0,3217.0,3235.0,826200.0
2020-11-13,45280,3206.0,3209.0,3118.0,3152.0,0,0,848700.0,2680089400.0,1.0,3206.0,3209.0,3118.0,3152.0,848700.0
2020-11-16,45280,3186.0,3202.0,3149.0,3161.0,0,0,1163700.0,3690591700.0,1.0,3186.0,3202.0,3149.0,3161.0,1163700.0
2020-11-17,45280,3127.0,3142.0,3077.0,3120.0,0,0,1153300.0,3587923400.0,1.0,3127.0,3142.0,3077.0,3120.0,1153300.0
2020-11-18,45280,3113.0,3145.0,3101.0,3126.0,0,0,973700.0,3040284700.0,1.0,3113.0,3145.0,3101.0,3126.0,973700.0
2020-11-19,45280,3127.0,3175.0,3081.0,3174.0,0,0,1070700.0,3371001500.0,1.0,3127.0,3175.0,3081.0,3174.0,1070700.0
2020-11-20,45280,3200.0,3208.0,3147.0,3171.0,0,0,982800.0,3117096800.0,1.0,3200.0,3208.0,3147.0,3171.0,982800.0
2020-11-24,45280,3222.0,3270.0,3218.0,3249.0,0,0,1232900.0,4006117700.0,1.0,3222.0,3270.0,3218.0,3249.0,1232900.0
2020-11-25,45280,3266.0,3296.0,3250.0,3261.0,0,0,1075600.0,3515571100.0,1.0,3266.0,3296.0,3250.0,3261.0,1075600.0
2020-11-26,45280,3280.0,3294.0,3259.0,3292.0,0,0,793500.0,2606985300.0,1.0,3280.0,3294.0,3259.0,3292.0,793500.0
2020-11-27,45280,3292.0,3310.0,3270.0,3297.0,0,0,1559400.0,5139451300.0,1.0,3292.0,3310.0,3270.0,3297.0,1559400.0
2020-11-30,45280,3339.0,3358.0,3245.0,3303.0,0,0,3820600.0,12607027500.0,1.0,3339.0,3358.0,3245.0,3303.0,3820600.0
2020-12-01,45280,3322.0,3329.0,3252.0,3292.0,0,0,1032800.0,3400695500.0,1.0,3322.0,3329.0,3252.0,3292.0,1032800.0
2020-12-02,45280,3293.0,3314.0,3236.0,3244.0,0,0,1898900.0,6193556800.0,1.0,3293.0,3314.0,3236.0,3244.0,1898900.0
2020-12-03,45280,3225.0,3284.0,3181.0,3257.0,0,0,1388600.0,4501430300.0,1.0,3225.0,3284.0,3181.0,3257.0,1388600.0
2020-12-04,45280,3260.0,3287.0,3236.0,3260.0,0,0,825800.0,2692764800.0,1.0,3260.0,3287.0,3236.0,3260.0,825800.0
2020-12-07,45280,3264.0,3279.0,3168.0,3183.0,0,0,957800.0,3061362100.0,1.0,3264.0,3279.0,3168.0,3183.0,957800.0
2020-12-08,45280,3180.0,3193.0,3152.0,3153.0,0,0,632500.0,2000060600.0,1.0,3180.0,3193.0,3152.0,3153.0,632500.0
2020-12-09,45280,3166.0,3174.0,3127.0,3141.0,0,0,797200.0,2506645100.0,1.0,3166.0,3174.0,3127.0,3141.0,797200.0
2020-12-10,45280,3121.0,3214.0,3118.0,3213.0,0,0,959100.0,3056745300.0,1.0,3121.0,3214.0,3118.0,3213.0,959100.0
2020-12-11,45280,3213.0,3225.0,3150.0,3176.0,0,0,976600.0,3109911000.0,1.0,3213.0,3225.0,3150.0,3176.0,976600.0
2020-12-14,45280,3188.0,3234.0,3181.0,3191.0,0,0,679200.0,2175008200.0,1.0,3188.0,3234.0,3181.0,3191.0,679200.0
2020-12-15,45280,3231.0,3240.0,3180.0,3183.0,0,0,509700.0,1629048400.0,1.0,3231.0,3240.0,3180.0,3183.0,509700.0
2020-12-16,45280,3209.0,3215.0,3134.0,3139.0,0,0,527900.0,1665580700.0,1.0,3209.0,3215.0,3134.0,3139.0,527900.0
2020-12-17,45280,3149.0,3155.0,3122.0,3122.0,0,0,921200.0,2886598600.0,1.0,3149.0,3155.0,3122.0,3122.0,921200.0
2020-12-18,45280,3123.0,3167.0,3109.0,3165.0,0,0,1325100.0,4175007300.0,1.0,3123.0,3167.0,3109.0,3165.0,1325100.0
2020-12-21,45280,3167.0,3198.0,3145.0,3186.0,0,0,625700.0,1986033900.0,1.0,3167.0,3198.0,3145.0,3186.0,625700.0
2020-12-22,45280,3155.0,3189.0,3152.0,3180.0,0,0,587100.0,1863690200.0,1.0,3155.0,3189.0,3152.0,3180.0,587100.0
2020-12-23,45280,3210.0,3264.0,3203.0,3255.0,0,0,1084700.0,3517173000.0,1.0,3210.0,3264.0,3203.0,3255.0,1084700.0
2020-12-24,45280,3205.0,3239.0,3204.0,3237.0,0,0,676800.0,2183952400.0,1.0,3205.0,3239.0,3204.0,3237.0,676800.0
2020-12-25,45280,3218.0,3221.0,3153.0,3171.0,0,0,558100.0,1776370400.0,1.0,3218.0,3221.0,3153.0,3171.0,558100.0
2020-12-28,45280,3180.0,3246.0,3164.0,3207.0,0,0,800200.0,2562445600.0,1.0,3180.0,3246.0,3164.0,3207.0,800200.0
2020-12-29,45280,3231.0,3263.0,3214.0,3263.0,0,0,650300.0,2111705200.0,1.0,3231.0,3263.0,3214.0,3263.0,650300.0
2020-12-30,45280,3206.0,3246.0,3091.0,3108.0,0,0,2060100.0,6427373700.0,1.0,3206.0,3246.0,3091.0,3108.0,2060100.0
2021-01-04,45280,3104.0,3123.0,3042.0,3097.0,0,0,1383600.0,4262002300.0,1.0,3104.0,3123.0,3042.0,3097.0,1383600.0
2021-01-05,45280,3115.0,3115.0,3048.0,3061.0,0,0,887000.0,2722104400.0,1.0,3115.0,3115.0,3048.0,3061.0,887000.0
2021-01-06,45280,3063.0,3113.0,3047.0,3097.0,0,0,986800.0,3045754600.0,1.0,3063.0,3113.0,3047.0,3097.0,986800.0
2021-01-07,45280,3120.0,3132.0,3087.0,3094.0,0,0,1344900.0,4171314300.0,1.0,3120.0,3132.0,3087.0,3094.0,1344900.0
2021-01-08,45280,3048.0,3128.0,3046.0,3127.0,0,0,1154900.0,3591893800.0,1.0,3048.0,3128.0,3046.0,3127.0,1154900.0
2021-01-12,45280,3124.0,3139.0,3091.0,3137.0,0,0,1032400.0,3225559000.0,1.0,3124.0,3139.0,3091.0,3137.0,1032400.0
2021-01-13,45280,3095.0,3110.0,3058.0,3106.0,0,0,1052500.0,3249924500.0,1.0,3095.0,3110.0,3058.0,3106.0,1052500.0
2021-01-14,45280,3112.0,3136.0,3089.0,3114.0,0,0,956800.0,2984903100.0,1.0,3112.0,3136.0,3089.0,3114.0,956800.0
2021-01-15,45280,3094.0,3102.0,3066.0,3075.0,0,0,812200.0,2500375000.0,1.0,3094.0,3102.0,3066.0,3075.0,812200.0
2021-01-18,45280,3081.0,3122.0,3074.0,3096.0,0,0,724100.0,2245340900.0,1.0,3081.0,3122.0,3074.0,3096.0,724100.0
2021-01-19,45280,3088.0,3093.0,3071.0,3080.0,0,0,470900.0,1450215300.0,1.0,3088.0,3093.0,3071.0,3080.0,470900.0
2021-01-20,45280,3091.0,3111.0,3065.0,3107.0,0,0,675700.0,2093865600.0,1.0,3091.0,3111.0,3065.0,3107.0,675700.0
2021-01-21,45280,3131.0,3148.0,3084.0,3095.0,0,0,1002600.0,3121071400.0,1.0,3131.0,3148.0,3084.0,3095.0,1002600.0
2021-01-22,45280,3043.0,3081.0,3039.0,3055.0,0,0,1033600.0,3161163700.0,1.0,3043.0,3081.0,3039.0,3055.0,1033600.0
2021-01-25,45280,3094.0,3110.0,3077.0,3108.0,0,0,859700.0,2664509800.0,1.0,3094.0,3110.0,3077.0,3108.0,859700.0
2021-01-26,45280,3168.0,3236.0,3151.0,3201.0,0,0,1785600.0,5717724000.0,1.0,3168.0,3236.0,3151.0,3201.0,1785600.0
2021-01-27,45280,3264.0,3275.0,3213.0,3223.0,0,0,1510200.0,4893956900.0,1.0,3264.0,3275.0,3213.0,3223.0,1510200.0
2021-01-28,45280,3083.0,3160.0,3027.0,3080.0,0,0,3980800.0,12282716300.0,1.0,3083.0,3160.0,3027.0,3080.0,3980800.0
2021-01-29,45280,3126.0,3163.0,3096.0,3125.0,0,0,2382900.0,7486094500.0,1.0,3126.0,3163.0,3096.0,3125.0,2382900.0
2021-02-01,45280,3122.0,3177.0,3077.0,3159.0,0,0,1026200.0,3226657200.0,1.0,3122.0,3177.0,3077.0,3159.0,1026200.0
2021-02-02,45280,3199.0,3243.0,3129.0,3144.0,0,0,1348800.0,4272573600.0,1.0,3199.0,3243.0,3129.0,3144.0,1348800.0
2021-02-03,45280,3132.0,3147.0,3108.0,3144.0,0,0,1208400.0,3782093700.0,1.0,3132.0,3147.0,3108.0,3144.0,1208400.0
2021-02-04,45280,3100.0,3130.0,3088.0,3090.0,0,0,983600.0,3048687300.0,1.0,3100.0,3130.0,3088.0,3090.0,983600.0
2021-02-05,45280,3133.0,3178.0,3115.0,3154.0,0,0,1278400.0,4024040600.0,1.0,3133.0,3178.0,3115.0,3154.0,1278400.0
2021-02-08,45280,3130.0,3157.0,3102.0,3156.0,0,0,1483700.0,4654087200.0,1.0,3130.0,3157.0,3102.0,3156.0,1483700.0
2021-02-09,45280,3153.0,3156.0,3129.0,3146.0,0,0,928100.0,2916879100.0,1.0,3153.0,3156.0,3129.0,3146.0,928100.0
2021-02-10,45280,3159.0,3174.0,3120.0,3147.0,0,0,605000.0,1904222300.0,1.0,3159.0,3174.0,3120.0,3147.0,605000.0
2021-02-12,45280,3185.0,3185.0,3118.0,3121.0,0,0,673000.0,2116495800.0,1.0,3185.0,3185.0,3118.0,3121.0,673000.0
2021-02-15,45280,3150.0,3163.0,3119.0,3146.0,0,0,524900.0,1651618000.0,1.0,3150.0,3163.0,3119.0,3146.0,524900.0
2021-02-16,45280,3140.0,3149.0,3121.0,3129.0,0,0,563500.0,1767151100.0,1.0,3140.0,3149.0,3121.0,3129.0,563500.0
2021-02-17,45280,3129.0,3129.0,3080.0,3080.0,0,0,756400.0,2339603800.0,1.0,3129.0,3129.0,3080.0,3080.0,756400.0
2021-02-18,45280,3080.0,3110.0,3074.0,3090.0,0,0,1026100.0,3171594500.0,1.0,3080.0,3110.0,3074.0,3090.0,1026100.0
2021-02-19,45280,3075.0,3093.0,3048.0,3073.0,0,0,725800.0,2231887300.0,1.0,3075.0,3093.0,3048.0,3073.0,725800.0
2021-02-22,45280,3098.0,3112.0,3045.0,3055.0,0,0,689200.0,2114354300.0,1.0,3098.0,3112.0,3045.0,3055.0,689200.0
2021-02-24,45280,3058.0,3080.0,3017.0,3020.0,0,0,1266400.0,3851977400.0,1.0,3058.0,3080.0,3017.0,3020.0,1266400.0
2021-02-25,45280,3048.0,3048.0,2977.5,2977.5,0,0,1136300.0,3404691500.0,1.0,3048.0,3048.0,2977.5,2977.5,1136300.0
2021-02-26,45280,2950.0,2953.5,2864.0,2864.0,0,0,1694200.0,4895753150.0,1.0,2950.0,2953.5,2864.0,2864.0,1694200.0
2021-03-01,45280,2864.0,2899.0,2859.0,2895.5,0,0,838800.0,2419444800.0,1.0,2864.0,2899.0,2859.0,2895.5,838800.0
2021-03-02,45280,2895.5,2895.5,2826.0,2854.5,0,0,1194100.0,3408544150.0,1.0,2895.5,2895.5,2826.0,2854.5,1194100.0
2021-03-03,45280,2849.5,2854.0,2811.0,2833.0,0,0,1095900.0,3104127150.0,1.0,2849.5,2854.0,2811.0,2833.0,1095900.0
2021-03-04,45280,2808.5,2831.5,2772.5,2797.5,0,0,985100.0,2757111500.0,1.0,2808.5,2831.5,2772.5,2797.5,985100.0
2021-03-05,45280,2770.0,2775.0,2733.5,2768.0,0,0,1341400.0,3698962650.0,1.0,2770.0,2775.0,2733.5,2768.0,1341400.0
2021-03-08,45280,2800.0,2839.5,2784.0,2798.5,0,0,999000.0,2802570200.0,1.0,2800.0,2839.5,2784.0,2798.5,999000.0
2021-03-09,45280,2837.5,2842.5,2787.0,2839.0,0,0,1315600.0,3717069750.0,1.0,2837.5,2842.5,2787.0,2839.0,1315600.0
2021-03-10,45280,2839.0,2853.0,2813.0,2836.5,0,0,1258400.0,3569047850.0,1.0,2839.0,2853.0,2813.0,2836.5,1258400.0
2021-03-11,45280,2842.0,2853.5,2831.5,2838.5,0,0,976300.0,2772021400.0,1.0,2842.0,2853.5,2831.5,2838.5,976300.0
2021-03-12,45280,2838.0,2847.5,2818.5,2842.5,0,0,1280800.0,3635069300.0,1.0,2838.0,2847.5,2818.5,2842.5,1280800.0
2021-03-15,45280,2851.0,2882.5,2835.5,2882.5,0,0,1008900.0,2891762400.0,1.0,2851.0,2882.5,2835.5,2882.5,1008900.0
2021-03-16,45280,2925.0,2927.0,2877.0,2900.5,0,0,989000.0,2866916450.0,1.0,2925.0,2927.0,2877.0,2900.5,989000.0
2021-03-17,45280,2875.5,2928.5,2863.5,2926.5,0,0,915500.0,2662032000.0,1.0,2875.5,2928.5,2863.5,2926.5,915500.0
2021-03-18,45280,2929.0,2965.0,2918.0,2947.5,0,0,1453300.0,4272297150.0,1.0,2929.0,2965.0,2918.0,2947.5,1453300.0
2021-03-19,45280,2945.0,2996.5,2934.5,2993.5,0,0,1712800.0,5102220900.0,1.0,2945.0,2996.5,2934.5,2993.5,1712800.0
2021-03-22,45280,2968.0,2983.0,2925.5,2937.5,0,0,1201700.0,3537775700.0,1.0,2968.0,2983.0,2925.5,2937.5,1201700.0
2021-03-23,45280,2925.5,2937.0,2890.5,2890.5,0,0,1016900.0,2956880150.0,1.0,2925.5,2937.0,2890.5,2890.5,1016900.0
2021-03-24,45280,2896.5,2922.5,2853.5,2860.5,0,0,1105900.0,3182723850.0,1.0,2896.5,2922.5,2853.5,2860.5,1105900.0
2021-03-25,45280,2881.5,2900.5,2856.0,2889.5,0,0,976800.0,2814020300.0,1.0,2881.5,2900.5,2856.0,2889.5,976800.0
2021-03-26,45280,2935.0,2950.0,2895.0,2939.5,0,0,1413200.0,4145564050.0,1.0,2935.0,2950.0,2895.0,2939.5,1413200.0
2021-03-29,45280,2937.0,2975.5,2905.0,2969.0,0,0,2015600.0,5952413300.0,1.0,2937.0,2975.5,2905.0,2969.0,2015600.0
2021-03-30,45280,2968.0,2968.0,2897.5,2916.5,0,0,1168600.0,3408178750.0,1.0,2968.0,2968.0,2897.5,2916.5,1168600.0
2021-03-31,45280,2866.5,2926.0,2866.5,2890.0,0,0,1523100.0,4406243700.0,1.0,2866.5,2926.0,2866.5,2890.0,1523100.0
2021-04-01,45280,2899.0,2899.5,2870.0,2887.5,0,0,782200.0,2259086650.0,1.0,2899.0,2899.5,2870.0,2887.5,782200.0
2021-04-02,45280,2902.0,2907.5,2864.5,2870.0,0,0,599000.0,1726055050.0,1.0,2902.0,2907.5,2864.5,2870.0,599000.0
2021-04-05,45280,2880.0,2880.0,2838.0,2849.0,0,0,612000.0,1744186600.0,1.0,2880.0,2880.0,2838.0,2849.0,612000.0
2021-04-06,45280,2861.5,2869.5,2793.0,2804.5,0,0,873900.0,2463861450.0,1.0,2861.5,2869.5,2793.0,2804.5,873900.0
2021-04-07,45280,2799.5,2813.0,2773.0,2788.0,0,0,1133600.0,3161493900.0,1.0,2799.5,2813.0,2773.0,2788.0,1133600.0
2021-04-08,45280,2791.5,2793.5,2746.0,2787.5,0,0,1056300.0,2930031400.0,1.0,2791.5,2793.5,2746.0,2787.5,1056300.0
2021-04-09,45280,2798.5,2823.0,2771.0,2802.0,0,0,1218900.0,3416242150.0,1.0,2798.5,2823.0,2771.0,2802.0,1218900.0
2021-04-12,45280,2834.0,2837.0,2795.5,2803.5,0,0,578900.0,1626103400.0,1.0,2834.0,2837.0,2795.5,2803.5,578900.0
2021-04-13,45280,2815.0,2828.5,2800.5,2811.0,0,0,786800.0,2214032550.0,1.0,2815.0,2828.5,2800.5,2811.0,786800.0
2021-04-14,45280,2800.0,2819.5,2760.0,2813.5,0,0,972400.0,2723819550.0,1.0,2800.0,2819.5,2760.0,2813.5,972400.0
2021-04-15,45280,2820.0,2824.0,2802.0,2817.0,0,0,586200.0,1649991050.0,1.0,2820.0,2824.0,2802.0,2817.0,586200.0
2021-04-16,45280,2817.0,2820.0,2799.0,2814.5,0,0,514500.0,1446313150.0,1.0,2817.0,2820.0,2799.0,2814.5,514500.0
2021-04-19,45280,2826.0,2946.0,2821.5,2889.0,0,0,1512900.0,4373355900.0,1.0,2826.0,2946.0,2821.5,2889.0,1512900.0
2021-04-20,45280,2914.0,2914.0,2828.5,2880.0,0,0,1723700.0,4961048500.0,1.0,2914.0,2914.0,2828.5,2880.0,1723700.0
2021-04-21,45280,2849.0,2865.5,2828.0,2855.0,0,0,1008600.0,2874367550.0,1.0,2849.0,2865.5,2828.0,2855.0,1008600.0
2021-04-22,45280,2899.0,2945.0,2883.0,2938.0,0,0,1147200.0,3357295700.0,1.0,2899.0,2945.0,2883.0,2938.0,1147200.0
2021-04-23,45280,2920.0,2977.0,2908.0,2948.0,0,0,1106300.0,3261357250.0,1.0,2920.0,2977.0,2908.0,2948.0,1106300.0
2021-04-26,45280,2899.5,2904.5,2820.0,2823.5,0,0,1851900.0,5269696000.0,1.0,2899.5,2904.5,2820.0,2823.5,1851900.0
2021-04-27,45280,2840.0,2847.0,2770.0,2770.0,0,0,1726300.0,4809912400.0,1.0,2840.0,2847.0,2770.0,2770.0,1726300.0
2021-04-28,45280,2720.0,2737.0,2707.0,2721.5,0,0,1536400.0,4187334100.0,1.0,2720.0,2737.0,2707.0,2721.5,1536400.0
2021-04-30,45280,2705.0,2781.0,2701.5,2751.0,0,0,1472900.0,4053423100.0,1.0,2705.0,2781.0,2701.5,2751.0,1472900.0
2021-05-06,45280,2800.0,2890.0,2800.0,2843.0,0,0,1903100.0,5421719750.0,1.0,2800.0,2890.0,2800.0,2843.0,1903100.0
2021-05-07,45280,2839.0,2885.0,2819.0,2845.5,0,0,1061900.0,3031210800.0,1.0,2839.0,2885.0,2819.0,2845.5,1061900.0
2021-05-10,45280,2846.0,2900.0,2840.0,2880.5,0,0,1156400.0,3329829250.0,1.0,2846.0,2900.0,2840.0,2880.5,1156400.0
2021-05-11,45280,2850.0,2850.5,2722.5,2743.5,0,0,2069200.0,5738525600.0,1.0,2850.0,2850.5,2722.5,2743.5,2069200.0
2021-05-12,45280,2693.0,2702.0,2525.5,2550.0,0,0,3125800.0,8093243150.0,1.0,2693.0,2702.0,2525.5,2550.0,3125800.0
2021-05-13,45280,2480.0,2517.0,2457.5,2463.5,0,0,2242800.0,5564511900.0,1.0,2480.0,2517.0,2457.5,2463.5,2242800.0
2021-05-14,45280,2492.0,2545.0,2483.0,2536.0,0,0,1440600.0,3630662550.0,1.0,2492.0,2545.0,2483.0,2536.0,1440600.0
2021-05-17,45280,2486.0,2516.0,2477.0,2485.5,0,0,1013100.0,2524455450.0,1.0,2486.0,2516.0,2477.0,2485.5,1013100.0
2021-05-18,45280,2483.5,2538.5,2461.0,2517.5,0,0,1354700.0,3402262850.0,1.0,2483.5,2538.5,2461.0,2517.5,1354700.0
2021-05-19,45280,2495.5,2544.5,2495.5,2533.5,0,0,1159200.0,2923002600.0,1.0,2495.5,2544.5,2495.5,2533.5,1159200.0
2021-05-20,45280,2500.0,2530.5,2492.0,2510.0,0,0,920000.0,2311976700.0,1.0,2500.0,2530.5,2492.0,2510.0,920000.0
2021-05-21,45280,2530.0,2557.5,2507.0,2536.5,0,0,1191600.0,3020576550.0,1.0,2530.0,2557.5,2507.0,2536.5,1191600.0
2021-05-24,45280,2519.0,2543.5,2510.5,2522.0,0,0,874800.0,2211770050.0,1.0,2519.0,2543.5,2510.5,2522.0,874800.0
2021-05-25,45280,2511.5,2514.0,2471.0,2496.0,0,0,1481800.0,3692197000.0,1.0,2511.5,2514.0,2471.0,2496.0,1481800.0
2021-05-26,45280,2483.0,2507.0,2461.5,2463.0,0,0,2087700.0,5167990850.0,1.0,2483.0,2507.0,2461.5,2463.0,2087700.0
2021-05-27,45280,2444.0,2502.5,2441.0,2500.0,0,0,4525600.0,11281708100.0,1.0,2444.0,2502.5,2441.0,2500.0,4525600.0
2021-05-28,45280,2514.0,2534.0,2508.0,2512.5,0,0,1232200.0,3101452600.0,1.0,2514.0,2534.0,2508.0,2512.5,1232200.0
2021-05-31,45280,2520.0,2531.5,2474.0,2477.0,0,0,869800.0,2167102000.0,1.0,2520.0,2531.5,2474.0,2477.0,869800.0
2021-06-01,45280,2498.0,2500.5,2446.5,2461.0,0,0,759900.0,1872276950.0,1.0,2498.0,2500.5,2446.5,2461.0,759900.0
2021-06-02,45280,2440.0,2456.0,2417.0,2436.0,0,0,1302400.0,3170832650.0,1.0,2440.0,2456.0,2417.0,2436.0,1302400.0
2021-06-03,45280,2425.0,2443.5,2413.0,2426.0,0,0,1210300.0,2937405450.0,1.0,2425.0,2443.5,2413.0,2426.0,1210300.0
2021-06-04,45280,2401.0,2420.0,2383.0,2412.5,0,0,1213800.0,2923478250.0,1.0,2401.0,2420.0,2383.0,2412.5,1213800.0
2021-06-07,45280,2416.0,2431.0,2401.5,2419.5,0,0,923200.0,2232520300.0,1.0,2416.0,2431.0,2401.5,2419.5,923200.0
2021-06-08,45280,2445.0,2466.5,2433.0,2444.5,0,0,931400.0,2282391700.0,1.0,2445.0,2466.5,2433.0,2444.5,931400.0
2021-06-09,45280,2399.5,2440.5,2398.0,2427.0,0,0,1297900.0,3144066650.0,1.0,2399.5,2440.5,2398.0,2427.0,1297900.0
2021-06-10,45280,2434.0,2484.5,2427.5,2463.5,0,0,1775600.0,4375159700.0,1.0,2434.0,2484.5,2427.5,2463.5,1775600.0
2021-06-11,45280,2483.0,2506.5,2460.0,2500.0,0,0,1758400.0,4380951500.0,1.0,2483.0,2506.5,2460.0,2500.0,1758400.0
2021-06-14,45280,2499.0,2500.0,2475.5,2489.5,0,0,697900.0,1737208250.0,1.0,2499.0,2500.0,2475.5,2489.5,697900.0
2021-06-15,45280,2499.5,2526.5,2496.0,2523.0,0,0,819900.0,2064486100.0,1.0,2499.5,2526.5,2496.0,2523.0,819900.0
2021-06-16,45280,2513.0,2534.0,2502.0,2527.5,0,0,784400.0,1979184700.0,1.0,2513.0,2534.0,2502.0,2527.5,784400.0
2021-06-17,45280,2515.0,2515.0,2483.0,2493.5,0,0,1164300.0,2903452150.0,1.0,2515.0,2515.0,2483.0,2493.5,1164300.0
2021-06-18,45280,2492.5,2504.5,2475.0,2486.0,0,0,2058300.0,5120756050.0,1.0,2492.5,2504.5,2475.0,2486.0,2058300.0
2021-06-21,45280,2436.0,2436.5,2411.5,2430.0,0,0,1344900.0,3260036250.0,1.0,2436.0,2436.5,2411.5,2430.0,1344900.0
2021-06-22,45280,2475.0,2514.5,2470.5,2512.5,0,0,1765700.0,4405082050.0,1.0,2475.0,2514.5,2470.5,2512.5,1765700.0
2021-06-23,45280,2509.0,2513.0,2467.0,2470.5,0,0,1491400.0,3704708550.0,1.0,2509.0,2513.0,2467.0,2470.5,1491400.0
2021-06-24,45280,2453.0,2495.0,2452.0,2492.5,0,0,1052200.0,2604187250.0,1.0,2453.0,2495.0,2452.0,2492.5,1052200.0
2021-06-25,45280,2497.0,2514.5,2485.5,2511.5,0,0,1705500.0,4266958200.0,1.0,2497.0,2514.5,2485.5,2511.5,1705500.0
2021-06-28,45280,2527.5,2528.5,2507.0,2521.5,0,0,755400.0,1902912600.0,1.0,2527.5,2528.5,2507.0,2521.5,755400.0
2021-06-29,45280,2499.0,2516.0,2480.5,2505.0,0,0,937300.0,2345392350.0,1.0,2499.0,2516.0,2480.5,2505.0,937300.0
2021-06-30,45280,2505.5,2510.0,2465.5,2479.0,0,0,1115900.0,2771275500.0,1.0,2505.5,2510.0,2465.5,2479.0,1115900.0
2021-07-01,45280,2496.5,2498.5,2464.5,2492.5,0,0,1152400.0,2865051050.0,1.0,2496.5,2498.5,2464.5,2492.5,1152400.0
2021-07-02,45280,2505.0,2530.5,2494.0,2499.0,0,0,908400.0,2277338000.0,1.0,2505.0,2530.5,2494.0,2499.0,908400.0
2021-07-05,45280,2492.0,2502.5,2470.5,2474.0,0,0,663900.0,1646974350.0,1.0,2492.0,2502.5,2470.5,2474.0,663900.0
2021-07-06,45280,2494.0,2494.0,2460.5,2463.0,0,0,750900.0,1854600100.0,1.0,2494.0,2494.0,2460.5,2463.0,750900.0
2021-07-07,45280,2469.5,2475.0,2448.0,2467.0,0,0,875500.0,2157151500.0,1.0,2469.5,2475.0,2448.0,2467.0,875500.0
2021-07-08,45280,2456.0,2480.0,2444.5,2454.5,0,0,1071100.0,2636026800.0,1.0,2456.0,2480.0,2444.5,2454.5,1071100.0
2021-07-09,45280,2408.0,2458.5,2407.0,2450.0,0,0,2075700.0,5033673850.0,1.0,2408.0,2458.5,2407.0,2450.0,2075700.0
2021-07-12,45280,2498.0,2529.5,2495.0,2524.5,0,0,1267100.0,3191133050.0,1.0,2498.0,2529.5,2495.0,2524.5,1267100.0
2021-07-13,45280,2540.0,2551.0,2518.0,2522.0,0,0,1014100.0,2565679300.0,1.0,2540.0,2551.0,2518.0,2522.0,1014100.0
2021-07-14,45280,2535.0,2578.0,2532.0,2556.5,0,0,1225500.0,3135143650.0,1.0,2535.0,2578.0,2532.0,2556.5,1225500.0
2021-07-15,45280,2550.0,2559.5,2504.0,2513.0,0,0,1021900.0,2580478200.0,1.0,2550.0,2559.5,2504.0,2513.0,1021900.0
2021-07-16,45280,2500.0,2518.0,2490.0,2502.0,0,0,905300.0,2267616800.0,1.0,2500.0,2518.0,2490.0,2502.0,905300.0
2021-07-19,45280,2493.0,2513.5,2478.0,2501.5,0,0,845500.0,2110310500.0,1.0,2493.0,2513.5,2478.0,2501.5,845500.0
2021-07-20,45280,2498.5,2507.0,2482.5,2499.0,0,0,836300.0,2088940250.0,1.0,2498.5,2507.0,2482.5,2499.0,836300.0
2021-07-21,45280,2520.5,2537.5,2504.5,2513.0,0,0,532200.0,1339498700.0,1.0,2520.5,2537.5,2504.5,2513.0,532200.0
2021-07-26,45280,2550.0,2554.0,2530.5,2539.5,0,0,819000.0,2081659250.0,1.0,2550.0,2554.0,2530.5,2539.5,819000.0
2021-07-27,45280,2545.0,2560.0,2521.0,2540.0,0,0,989100.0,2509023450.0,1.0,2545.0,2560.0,2521.0,2540.0,989100.0
2021-07-28,45280,2509.0,2521.0,2488.5,2508.0,0,0,1060400.0,2656367650.0,1.0,2509.0,2521.0,2488.5,2508.0,1060400.0
2021-07-29,45280,2558.0,2566.0,2514.5,2528.5,0,0,823900.0,2091280200.0,1.0,2558.0,2566.0,2514.5,2528.5,823900.0
2021-07-30,45280,2492.0,2559.0,2453.0,2485.5,0,0,1192900.0,2968188850.0,1.0,2492.0,2559.0,2453.0,2485.5,1192900.0
2021-08-02,45280,2548.0,2596.5,2539.5,2580.0,0,0,1605100.0,4135745600.0,1.0,2548.0,2596.5,2539.5,2580.0,1605100.0
2021-08-03,45280,2543.0,2555.5,2511.0,2512.0,0,0,998600.0,2524225900.0,1.0,2543.0,2555.5,2511.0,2512.0,998600.0
2021-08-04,45280,2490.5,2494.0,2464.0,2470.0,0,0,1348600.0,3335725750.0,1.0,2490.5,2494.0,2464.0,2470.0,1348600.0
2021-08-05,45280,2470.5,2494.0,2462.0,2481.5,0,0,774400.0,1919921350.0,1.0,2470.5,2494.0,2462.0,2481.5,774400.0
2021-08-06,45280,2483.5,2505.0,2466.0,2471.0,0,0,723000.0,1791402500.0,1.0,2483.5,2505.0,2466.0,2471.0,723000.0
2021-08-10,45280,2484.0,2523.0,2484.0,2512.0,0,0,747800.0,1873714450.0,1.0,2484.0,2523.0,2484.0,2512.0,747800.0
2021-08-11,45280,2528.0,2538.0,2512.5,2519.0,0,0,789800.0,1991106450.0,1.0,2528.0,2538.0,2512.5,2519.0,789800.0
2021-08-12,45280,2525.0,2534.5,2497.0,2498.5,0,0,460400.0,1155238300.0,1.0,2525.0,2534.5,2497.0,2498.5,460400.0
2021-08-13,45280,2498.5,2523.0,2495.0,2507.5,0,0,387000.0,971257850.0,1.0,2498.5,2523.0,2495.0,2507.5,387000.0
2021-08-16,45280,2506.0,2507.5,2469.0,2480.5,0,0,629300.0,1559285600.0,1.0,2506.0,2507.5,2469.0,2480.5,629300.0
2021-08-17,45280,2485.0,2531.0,2485.0,2516.5,0,0,685800.0,1726121550.0,1.0,2485.0,2531.0,2485.0,2516.5,685800.0
2021-08-18,45280,2530.0,2548.5,2517.5,2526.5,0,0,914800.0,2315943200.0,1.0,2530.0,2548.5,2517.5,2526.5,914800.0
2021-08-19,45280,2527.5,2579.0,2526.5,2566.5,0,0,766400.0,1966031800.0,1.0,2527.5,2579.0,2526.5,2566.5,766400.0
2021-08-20,45280,2562.5,2625.0,2561.0,2594.5,0,0,1366700.0,3557250550.0,1.0,2562.5,2625.0,2561.0,2594.5,1366700.0
2021-08-23,45280,2631.0,2654.0,2611.0,2620.0,0,0,925100.0,2426542650.0,1.0,2631.0,2654.0,2611.0,2620.0,925100.0
2021-08-24,45280,2594.0,2620.5,2591.0,2612.0,0,0,885400.0,2311914450.0,1.0,2594.0,2620.5,2591.0,2612.0,885400.0
2021-08-25,45280,2608.0,2640.5,2595.0,2628.0,0,0,670600.0,1758503650.0,1.0,2608.0,2640.5,2595.0,2628.0,670600.0
2021-08-26,45280,2638.0,2645.5,2608.0,2618.0,0,0,880700.0,2309819650.0,1.0,2638.0,2645.5,2608.0,2618.0,880700.0
2021-08-27,45280,2616.5,2628.0,2573.0,2579.0,0,0,606300.0,1567096800.0,1.0,2616.5,2628.0,2573.0,2579.0,606300.0
2021-08-30,45280,2595.0,2605.0,2574.0,2604.5,0,0,722900.0,1877479000.0,1.0,2595.0,2605.0,2574.0,2604.5,722900.0
2021-08-31,45280,2605.0,2658.0,2600.0,2644.0,0,0,982600.0,2591498800.0,1.0,2605.0,2658.0,2600.0,2644.0,982600.0
2021-09-01,45280,2643.0,2684.0,2642.0,2684.0,0,0,933600.0,2494451950.0,1.0,2643.0,2684.0,2642.0,2684.0,933600.0
2021-09-02,45280,2697.0,2713.0,2662.0,2682.5,0,0,890000.0,2385484400.0,1.0,2697.0,2713.0,2662.0,2682.5,890000.0
2021-09-03,45280,2704.0,2750.0,2688.0,2746.0,0,0,1286500.0,3512105550.0,1.0,2704.0,2750.0,2688.0,2746.0,1286500.0
2021-09-06,45280,2771.5,2774.0,2740.0,2748.5,0,0,670200.0,1845035300.0,1.0,2771.5,2774.0,2740.0,2748.5,670200.0
2021-09-07,45280,2760.0,2774.0,2742.5,2751.5,0,0,872200.0,2401807450.0,1.0,2760.0,2774.0,2742.5,2751.5,872200.0
2021-09-08,45280,2731.0,2746.0,2711.0,2718.5,0,0,1197600.0,3260244350.0,1.0,2731.0,2746.0,2711.0,2718.5,1197600.0
2021-09-09,45280,2705.5,2707.5,2658.0,2663.5,0,0,1098100.0,2933577100.0,1.0,2705.5,2707.5,2658.0,2663.5,1098100.0
2021-09-10,45280,2649.5,2694.0,2648.0,2684.0,0,0,1422800.0,3799891550.0,1.0,2649.5,2694.0,2648.0,2684.0,1422800.0
2021-09-13,45280,2670.5,2703.0,2652.0,2702.0,0,0,844400.0,2268207650.0,1.0,2670.5,2703.0,2652.0,2702.0,844400.0
2021-09-14,45280,2689.0,2691.5,2655.5,2673.0,0,0,1581100.0,4225934800.0,1.0,2689.0,2691.5,2655.5,2673.0,1581100.0
2021-09-15,45280,2647.0,2665.0,2637.0,2640.0,0,0,1108400.0,2930588450.0,1.0,2647.0,2665.0,2637.0,2640.0,1108400.0
2021-09-16,45280,2661.0,2699.0,2653.0,2694.5,0,0,991100.0,2660601250.0,1.0,2661.0,2699.0,2653.0,2694.5,991100.0
2021-09-17,45280,2710.5,2722.5,2688.0,2703.5,0,0,1580200.0,4274041850.0,1.0,2710.5,2722.5,2688.0,2703.5,1580200.0
2021-09-21,45280,2672.5,2677.0,2640.5,2663.0,0,0,1058200.0,2816467950.0,1.0,2672.5,2677.0,2640.5,2663.0,1058200.0
2021-09-22,45280,2673.0,2675.0,2635.0,2635.5,0,0,637500.0,1687270950.0,1.0,2673.0,2675.0,2635.0,2635.5,637500.0
2021-09-24,45280,2669.0,2684.5,2660.0,2674.5,0,0,1076200.0,2876921600.0,1.0,2669.0,2684.5,2660.0,2674.5,1076200.0
2021-09-27,45280,2666.0,2678.5,2646.0,2650.0,0,0,1043900.0,2771815050.0,1.0,2666.0,2678.5,2646.0,2650.0,1043900.0
2021-09-28,45280,2613.5,2613.5,2580.5,2590.5,0,0,1223800.0,3172750750.0,1.0,2613.5,2613.5,2580.5,2590.5,1223800.0
2021-09-29,45280,2538.0,2538.0,2493.5,2515.5,0,0,1543600.0,3874217500.0,1.0,2538.0,2538.0,2493.5,2515.5,1543600.0
2021-09-30,45280,2540.0,2565.0,2527.0,2553.0,0,0,1116100.0,2848241800.0,1.0,2540.0,2565.0,2527.0,2553.0,1116100.0
2021-10-01,45280,2550.0,2559.5,2484.0,2493.0,0,0,1034300.0,2585102000.0,1.0,2550.0,2559.5,2484.0,2493.0,1034300.0
2021-10-04,45280,2524.5,2531.0,2457.5,2473.5,0,0,944200.0,2339219700.0,1.0,2524.5,2531.0,2457.5,2473.5,944200.0
2021-10-05,45280,2437.5,2459.0,2414.0,2417.5,0,0,887400.0,2154883300.0,1.0,2437.5,2459.0,2414.0,2417.5,887400.0
2021-10-06,45280,2428.0,2451.5,2396.0,2421.5,0,0,1015300.0,2458639250.0,1.0,2428.0,2451.5,2396.0,2421.5,1015300.0
2021-10-07,45280,2421.5,2426.5,2389.0,2390.5,0,0,900000.0,2159387900.0,1.0,2421.5,2426.5,2389.0,2390.5,900000.0
2021-10-08,45280,2424.5,2451.0,2416.0,2425.5,0,0,788300.0,1916947100.0,1.0,2424.5,2451.0,2416.0,2425.5,788300.0
2021-10-11,45280,2407.0,2446.0,2395.5,2446.0,0,0,784100.0,1902923150.0,1.0,2407.0,2446.0,2395.5,2446.0,784100.0
2021-10-12,45280,2443.5,2445.5,2404.0,2414.0,0,0,888400.0,2147068200.0,1.0,2443.5,2445.5,2404.0,2414.0,888400.0
2021-10-13,45280,2395.0,2432.0,2394.5,2416.0,0,0,817800.0,1974393300.0,1.0,2395.0,2432.0,2394.5,2416.0,817800.0
2021-10-14,45280,2417.0,2435.0,2391.5,2425.0,0,0,809300.0,1958083900.0,1.0,2417.0,2435.0,2391.5,2425.0,809300.0
2021-10-15,45280,2462.0,2465.0,2443.5,2461.5,0,0,766900.0,1884363850.0,1.0,2462.0,2465.0,2443.5,2461.5,766900.0
2021-10-18,45280,2450.0,2452.0,2414.5,2425.0,0,0,815100.0,1976671200.0,1.0,2450.0,2452.0,2414.5,2425.0,815100.0
2021-10-19,45280,2425.0,2444.5,2414.0,2425.0,0,0,609600.0,1478005950.0,1.0,2425.0,2444.5,2414.0,2425.0,609600.0
2021-10-20,45280,2445.5,2452.5,2421.5,2441.5,0,0,676800.0,1651193800.0,1.0,2445.5,2452.5,2421.5,2441.5,676800.0
2021-10-21,45280,2450.0,2458.5,2423.0,2426.0,0,0,695000.0,1694012800.0,1.0,2450.0,2458.5,2423.0,2426.0,695000.0
2021-10-22,45280,2432.5,2490.0,2429.5,2459.5,0,0,1675200.0,4128603050.0,1.0,2432.5,2490.0,2429.5,2459.5,1675200.0
2021-10-25,45280,2448.0,2461.5,2418.5,2420.0,0,0,1079000.0,2624333450.0,1.0,2448.0,2461.5,2418.5,2420.0,1079000.0
2021-10-26,45280,2433.0,2461.0,2423.0,2452.5,0,0,839400.0,2055203500.0,1.0,2433.0,2461.0,2423.0,2452.5,839400.0
2021-10-27,45280,2458.5,2467.5,2432.5,2447.5,0,0,695000.0,1700594900.0,1.0,2458.5,2467.5,2432.5,2447.5,695000.0
2021-10-28,45280,2423.5,2435.0,2402.0,2405.5,0,0,989900.0,2391493600.0,1.0,2423.5,2435.0,2402.0,2405.5,989900.0
2021-10-29,45280,2412.0,2414.5,2361.5,2385.5,0,0,1405800.0,3353631450.0,1.0,2412.0,2414.5,2361.5,2385.5,1405800.0
2021-11-01,45280,2440.0,2469.0,2413.5,2467.5,0,0,1051300.0,2575299600.0,1.0,2440.0,2469.0,2413.5,2467.5,1051300.0
2021-11-02,45280,2445.0,2474.0,2437.5,2444.0,0,0,901100.0,2206458700.0,1.0,2445.0,2474.0,2437.5,2444.0,901100.0
2021-11-04,45280,2494.0,2512.5,2466.5,2489.0,0,0,1405000.0,3493741500.0,1.0,2494.0,2512.5,2466.5,2489.0,1405000.0
2021-11-05,45280,2487.5,2504.5,2463.5,2498.5,0,0,932700.0,2323229550.0,1.0,2487.5,2504.5,2463.5,2498.5,932700.0
2021-11-08,45280,2469.5,2491.5,2441.5,2441.5,0,0,807800.0,1981713000.0,1.0,2469.5,2491.5,2441.5,2441.5,807800.0
2021-11-09,45280,2439.5,2461.0,2435.0,2439.0,0,0,719500.0,1758439000.0,1.0,2439.5,2461.0,2435.0,2439.0,719500.0
2021-11-10,45280,2430.0,2443.5,2403.0,2411.5,0,0,572300.0,1383313800.0,1.0,2430.0,2443.5,2403.0,2411.5,572300.0
2021-11-11,45280,2389.5,2409.0,2385.5,2405.5,0,0,563100.0,1352381900.0,1.0,2389.5,2409.0,2385.5,2405.5,563100.0
2021-11-12,45280,2416.5,2484.5,2410.0,2463.5,0,0,1942800.0,4795406950.0,1.0,2416.5,2484.5,2410.0,2463.5,1942800.0
2021-11-15,45280,2480.0,2509.5,2476.5,2481.5,0,0,1098300.0,2731256450.0,1.0,2480.0,2509.5,2476.5,2481.5,1098300.0
2021-11-16,45280,2492.0,2507.5,2478.0,2484.5,0,0,657800.0,1636237450.0,1.0,2492.0,2507.5,2478.0,2484.5,657800.0
2021-11-17,45280,2480.0,2492.0,2446.0,2475.0,0,0,755100.0,1863875450.0,1.0,2480.0,2492.0,2446.0,2475.0,755100.0
2021-11-18,45280,2476.5,2488.5,2439.5,2450.0,0,0,709200.0,1742292900.0,1.0,2476.5,2488.5,2439.5,2450.0,709200.0
2021-11-19,45280,2445.0,2445.0,2416.0,2440.5,0,0,732700.0,1783299000.0,1.0,2445.0,2445.0,2416.0,2440.5,732700.0
2021-11-22,45280,2430.0,2470.0,2420.0,2461.5,0,0,720500.0,1770319450.0,1.0,2430.0,2470.0,2420.0,2461.5,720500.0
2021-11-24,45280,2460.0,2463.0,2413.5,2423.0,0,0,965300.0,2343781900.0,1.0,2460.0,2463.0,2413.5,2423.0,965300.0
2021-11-25,45280,2435.0,2464.0,2423.5,2455.5,0,0,645000.0,1581251500.0,1.0,2435.0,2464.0,2423.5,2455.5,645000.0
2021-11-26,45280,2510.0,2527.0,2483.5,2503.0,0,0,2318500.0,5811216300.0,1.0,2510.0,2527.0,2483.5,2503.0,2318500.0
2021-11-29,45280,2503.0,2577.5,2503.0,2552.5,0,0,2993200.0,7633993400.0,1.0,2503.0,2577.5,2503.0,2552.5,2993200.0
2021-11-30,45280,2540.5,2561.5,2496.5,2505.5,0,0,3376000.0,8484653100.0,1.0,2540.5,2561.5,2496.5,2505.5,3376000.0
2021-12-01,45280,2475.0,2503.5,2451.0,2483.5,0,0,1504700.0,3737386650.0,1.0,2475.0,2503.5,2451.0,2483.5,1504700.0
2021-12-02,45280,2496.0,2560.0,2495.0,2549.0,0,0,1981400.0,5046509900.0,1.0,2496.0,2560.0,2495.0,2549.0,1981400.0
2021-12-03,45280,2548.0,2595.0,2530.0,2585.0,0,0,2621800.0,6748929500.0,1.0,2548.0,2595.0,2530.0,2585.0,2621800.0
2021-12-06,45280,2613.0,2658.0,2606.5,2649.5,0,0,2651500.0,6996070250.0,1.0,2613.0,2658.0,2606.5,2649.5,2651500.0
2021-12-07,45280,2648.0,2721.5,2632.0,2711.0,0,0,2707100.0,7292590400.0,1.0,2648.0,2721.5,2632.0,2711.0,2707100.0
2021-12-08,45280,2730.0,2767.0,2729.5,2752.0,0,0,1816000.0,4998975800.0,1.0,2730.0,2767.0,2729.5,2752.0,1816000.0
2021-12-09,45280,2738.0,2794.0,2737.5,2771.5,0,0,1719500.0,4774035050.0,1.0,2738.0,2794.0,2737.5,2771.5,1719500.0
2021-12-10,45280,2771.5,2780.5,2746.5,2747.0,0,0,1365700.0,3770632400.0,1.0,2771.5,2780.5,2746.5,2747.0,1365700.0
2021-12-13,45280,2753.5,2798.5,2750.5,2785.0,0,0,1297600.0,3611420650.0,1.0,2753.5,2798.5,2750.5,2785.0,1297600.0
2021-12-14,45280,2780.0,2817.5,2780.0,2808.0,0,0,1656400.0,4646376150.0,1.0,2780.0,2817.5,2780.0,2808.0,1656400.0
2021-12-15,45280,2800.0,2834.5,2785.5,2791.0,0,0,1208700.0,3387813300.0,1.0,2800.0,2834.5,2785.5,2791.0,1208700.0
2021-12-16,45280,2805.5,2824.0,2799.0,2813.0,0,0,811100.0,2282127200.0,1.0,2805.5,2824.0,2799.0,2813.0,811100.0
2021-12-17,45280,2812.0,2847.0,2784.0,2842.5,0,0,2875200.0,8141728200.0,1.0,2812.0,2847.0,2784.0,2842.5,2875200.0
2021-12-20,45280,2823.0,2854.5,2812.5,2821.0,0,0,1583600.0,4487626450.0,1.0,2823.0,2854.5,2812.5,2821.0,1583600.0
2021-12-21,45280,2844.5,2877.5,2834.0,2855.0,0,0,1186100.0,3392025150.0,1.0,2844.5,2877.5,2834.0,2855.0,1186100.0
2021-12-22,45280,2854.0,2874.5,2835.0,2839.5,0,0,897800.0,2555931100.0,1.0,2854.0,2874.5,2835.0,2839.5,897800.0
2021-12-23,45280,2842.0,2854.5,2795.0,2817.5,0,0,1179900.0,3328629750.0,1.0,2842.0,2854.5,2795.0,2817.5,1179900.0
2021-12-24,45280,2825.0,2839.0,2785.5,2811.0,0,0,742900.0,2085759400.0,1.0,2825.0,2839.0,2785.5,2811.0,742900.0
2021-12-27,45280,2801.5,2821.0,2795.0,2805.5,0,0,779200.0,2187429100.0,1.0,2801.5,2821.0,2795.0,2805.5,779200.0
2021-12-28,45280,2806.0,2858.0,2801.5,2844.5,0,0,1217900.0,3460475000.0,1.0,2806.0,2858.0,2801.5,2844.5,1217900.0
2021-12-29,45280,2823.5,2870.0,2823.5,2846.5,0,0,919800.0,2620884250.0,1.0,2823.5,2870.0,2823.5,2846.5,919800.0
2021-12-30,45280,2865.0,2886.5,2850.0,2856.0,0,0,789600.0,2260020300.0,1.0,2865.0,2886.5,2850.0,2856.0,789600.0
2022-01-04,45280,2829.0,2844.5,2783.5,2807.5,0,0,1679600.0,4711155500.0,1.0,2829.0,2844.5,2783.5,2807.5,1679600.0
2022-01-05,45280,2803.5,2822.0,2758.5,2770.5,0,0,1754400.0,4876161900.0,1.0,2803.5,2822.0,2758.5,2770.5,1754400.0
2022-01-06,45280,2750.5,2790.5,2736.0,2736.0,0,0,1380100.0,3800034700.0,1.0,2750.5,2790.5,2736.0,2736.0,1380100.0
2022-01-07,45280,2759.5,2763.0,2721.5,2738.5,0,0,1574000.0,4309146100.0,1.0,2759.5,2763.0,2721.5,2738.5,1574000.0
2022-01-11,45280,2765.0,2797.0,2740.5,2797.0,0,0,1215800.0,3376921200.0,1.0,2765.0,2797.0,2740.5,2797.0,1215800.0
2022-01-12,45280,2800.0,2824.5,2789.5,2820.5,0,0,1352100.0,3801702350.0,1.0,2800.0,2824.5,2789.5,2820.5,1352100.0
2022-01-13,45280,2800.0,2824.5,2776.5,2807.0,0,0,1096900.0,3084202300.0,1.0,2800.0,2824.5,2776.5,2807.0,1096900.0
2022-01-14,45280,2824.0,2839.0,2774.5,2825.5,0,0,1695300.0,4773184150.0,1.0,2824.0,2839.0,2774.5,2825.5,1695300.0
2022-01-17,45280,2850.0,2853.0,2786.5,2796.0,0,0,1372200.0,3859815150.0,1.0,2850.0,2853.0,2786.5,2796.0,1372200.0
2022-01-18,45280,2811.0,2815.5,2756.0,2774.0,0,0,1037200.0,2886663200.0,1.0,2811.0,2815.5,2756.0,2774.0,1037200.0
2022-01-19,45280,2734.5,2753.0,2695.0,2704.0,0,0,1334600.0,3628495200.0,1.0,2734.5,2753.0,2695.0,2704.0,1334600.0
2022-01-20,45280,2710.5,2756.0,2704.5,2716.5,0,0,1272000.0,3471150450.0,1.0,2710.5,2756.0,2704.5,2716.5,1272000.0
2022-01-21,45280,2694.5,2709.5,2652.5,2700.5,0,0,1379600.0,3703082850.0,1.0,2694.5,2709.5,2652.5,2700.5,1379600.0
2022-01-24,45280,2690.5,2709.0,2674.0,2708.5,0,0,988900.0,2666531650.0,1.0,2690.5,2709.0,2674.0,2708.5,988900.0
2022-01-25,45280,2687.5,2687.5,2637.0,2680.0,0,0,1340000.0,3576819050.0,1.0,2687.5,2687.5,2637.0,2680.0,1340000.0
2022-01-26,45280,2699.5,2789.5,2691.0,2728.0,0,0,1417600.0,3877452200.0,1.0,2699.5,2789.5,2691.0,2728.0,1417600.0
2022-01-27,45280,2790.0,2790.0,2693.0,2716.5,0,0,1560800.0,4267442800.0,1.0,2790.0,2790.0,2693.0,2716.5,1560800.0
2022-01-28,45280,2750.0,2780.0,2734.5,2745.0,0,0,1266000.0,3482911200.0,1.0,2750.0,2780.0,2734.5,2745.0,1266000.0
2022-01-31,45280,2753.0,2811.0,2721.0,2773.0,0,0,1659100.0,4599664950.0,1.0,2753.0,2811.0,2721.0,2773.0,1659100.0
2022-02-01,45280,2778.5,2808.5,2752.0,2768.0,0,0,2280700.0,6344682950.0,1.0,2778.5,2808.5,2752.0,2768.0,2280700.0
2022-02-02,45280,2784.0,2809.5,2774.5,2792.5,0,0,2433100.0,6803682850.0,1.0,2784.0,2809.5,2774.5,2792.5,2433100.0
2022-02-03,45280,2827.5,2837.0,2811.0,2818.5,0,0,2088800.0,5894955150.0,1.0,2827.5,2837.0,2811.0,2818.5,2088800.0
2022-02-04,45280,2811.0,2823.5,2769.0,2789.5,0,0,1237400.0,3457585550.0,1.0,2811.0,2823.5,2769.0,2789.5,1237400.0
2022-02-07,45280,2795.0,2846.0,2790.0,2830.5,0,0,1286100.0,3633166950.0,1.0,2795.0,2846.0,2790.0,2830.5,1286100.0
2022-02-08,45280,2842.5,2882.0,2842.5,2869.0,0,0,1178000.0,3377752750.0,1.0,2842.5,2882.0,2842.5,2869.0,1178000.0
2022-02-09,45280,2860.0,2875.0,2822.5,2863.5,0,0,1758700.0,5029378950.0,1.0,2860.0,2875.0,2822.5,2863.5,1758700.0
2022-02-10,45280,2860.5,2861.5,2837.0,2854.0,0,0,1232300.0,3512817600.0,1.0,2860.5,2861.5,2837.0,2854.0,1232300.0
2022-02-14,45280,2817.0,2873.5,2811.0,2859.0,0,0,957100.0,2726334250.0,1.0,2817.0,2873.5,2811.0,2859.0,957100.0
2022-02-15,45280,2847.0,2868.0,2835.0,2860.0,0,0,1437400.0,4107203900.0,1.0,2847.0,2868.0,2835.0,2860.0,1437400.0
2022-02-16,45280,2838.0,2874.5,2824.0,2869.5,0,0,1393400.0,3984960050.0,1.0,2838.0,2874.5,2824.0,2869.5,1393400.0
2022-02-17,45280,2866.5,2879.5,2835.0,2853.0,0,0,1272000.0,3628699500.0,1.0,2866.5,2879.5,2835.0,2853.0,1272000.0
2022-02-18,45280,2838.5,2861.5,2823.0,2851.5,0,0,1175300.0,3346560200.0,1.0,2838.5,2861.5,2823.0,2851.5,1175300.0
2022-02-21,45280,2824.5,2858.0,2800.0,2853.0,0,0,834200.0,2373705600.0,1.0,2824.5,2858.0,2800.0,2853.0,834200.0
2022-02-22,45280,2835.0,2854.0,2813.0,2818.5,0,0,1027600.0,2904550650.0,1.0,2835.0,2854.0,2813.0,2818.5,1027600.0
2022-02-24,45280,2829.5,2852.0,2816.5,2847.0,0,0,2023400.0,5738817600.0,1.0,2829.5,2852.0,2816.5,2847.0,2023400.0
2022-02-25,45280,2847.5,2856.0,2783.0,2806.0,0,0,1819600.0,5120263450.0,1.0,2847.5,2856.0,2783.0,2806.0,1819600.0
2022-02-28,45280,2813.5,2837.0,2780.0,2826.5,0,0,1637900.0,4618513100.0,1.0,2813.5,2837.0,2780.0,2826.5,1637900.0
2022-03-01,45280,2820.0,2852.5,2804.0,2825.0,0,0,1495100.0,4230705200.0,1.0,2820.0,2852.5,2804.0,2825.0,1495100.0
2022-03-02,45280,2837.5,2857.5,2812.0,2838.5,0,0,1315000.0,3731107600.0,1.0,2837.5,2857.5,2812.0,2838.5,1315000.0
2022-03-03,45280,2875.0,2889.0,2842.5,2870.5,0,0,1228800.0,3525855900.0,1.0,2875.0,2889.0,2842.5,2870.5,1228800.0
2022-03-04,45280,2880.0,2881.5,2827.0,2844.0,0,0,1339300.0,3813055850.0,1.0,2880.0,2881.5,2827.0,2844.0,1339300.0
2022-03-07,45280,2794.5,2890.5,2740.5,2824.0,0,0,3279400.0,9240364650.0,1.0,2794.5,2890.5,2740.5,2824.0,3279400.0
2022-03-08,45280,2817.0,2872.5,2817.0,2859.0,0,0,2227300.0,6350167200.0,1.0,2817.0,2872.5,2817.0,2859.0,2227300.0
2022-03-09,45280,2863.5,2878.0,2823.5,2835.0,0,0,1814900.0,5179845650.0,1.0,2863.5,2878.0,2823.5,2835.0,1814900.0
2022-03-10,45280,2898.0,2946.0,2875.5,2944.5,0,0,2290900.0,6706639100.0,1.0,2898.0,2946.0,2875.5,2944.5,2290900.0
2022-03-11,45280,2944.0,2950.0,2887.5,2917.0,0,0,2322200.0,6785017000.0,1.0,2944.0,2950.0,2887.5,2917.0,2322200.0
2022-03-14,45280,2932.5,2942.0,2889.5,2890.0,0,0,1027900.0,2989727200.0,1.0,2932.5,2942.0,2889.5,2890.0,1027900.0
2022-03-15,45280,2911.0,2974.5,2903.0,2970.5,0,0,1135800.0,3355574600.0,1.0,2911.0,2974.5,2903.0,2970.5,1135800.0
2022-03-16,45280,3018.0,3048.0,3006.0,3013.0,0,0,1360900.0,4106968800.0,1.0,3018.0,3048.0,3006.0,3013.0,1360900.0
2022-03-17,45280,3052.0,3107.0,3030.0,3053.0,0,0,1849600.0,5668940600.0,1.0,3052.0,3107.0,3030.0,3053.0,1849600.0
2022-03-18,45280,3059.0,3068.0,3018.0,3027.0,0,0,2722300.0,8253387700.0,1.0,3059.0,3068.0,3018.0,3027.0,2722300.0
2022-03-22,45280,3059.0,3073.0,3018.0,3039.0,0,0,1507700.0,4587852100.0,1.0,3059.0,3073.0,3018.0,3039.0,1507700.0
2022-03-23,45280,3070.0,3099.0,3052.0,3095.0,0,0,1136700.0,3507536000.0,1.0,3070.0,3099.0,3052.0,3095.0,1136700.0
2022-03-24,45280,3095.0,3117.0,3076.0,3117.0,0,0,1065600.0,3309434400.0,1.0,3095.0,3117.0,3076.0,3117.0,1065600.0
2022-03-25,45280,3145.0,3167.0,3126.0,3163.0,0,0,906000.0,2856902100.0,1.0,3145.0,3167.0,3126.0,3163.0,906000.0
2022-03-28,45280,3148.0,3148.0,3118.0,3126.0,0,0,561200.0,1756928900.0,1.0,3148.0,3148.0,3118.0,3126.0,561200.0
2022-03-29,45280,3150.0,3157.0,3097.0,3156.0,0,0,1305000.0,4106029000.0,1.0,3150.0,3157.0,3097.0,3156.0,1305000.0
2022-03-30,45280,3163.0,3176.0,3099.0,3123.0,0,0,1038000.0,3241516700.0,1.0,3163.0,3176.0,3099.0,3123.0,1038000.0
2022-03-31,45280,3152.0,3153.0,3063.0,3066.0,0,0,1191300.0,3674172300.0,1.0,3152.0,3153.0,3063.0,3066.0,1191300.0
2022-04-01,45280,3086.0,3099.0,3062.0,3072.0,0,0,1291900.0,3978049700.0,1.0,3086.0,3099.0,3062.0,3072.0,1291900.0
2022-04-04,45280,3089.0,3129.0,3072.0,3121.0,0,0,816200.0,2542058400.0,1.0,3089.0,3129.0,3072.0,3121.0,816200.0
2022-04-05,45280,3145.0,3149.0,3093.0,3113.0,0,0,1160300.0,3609903100.0,1.0,3145.0,3149.0,3093.0,3113.0,1160300.0
2022-04-06,45280,3114.0,3131.0,3069.0,3074.0,0,0,1231900.0,3802983600.0,1.0,3114.0,3131.0,3069.0,3074.0,1231900.0
2022-04-07,45280,3088.0,3146.0,3057.0,3143.0,0,0,1447400.0,4527049200.0,1.0,3088.0,3146.0,3057.0,3143.0,1447400.0
2022-04-08,45280,3175.0,3196.0,3145.0,3195.0,0,0,1752500.0,5572663800.0,1.0,3175.0,3196.0,3145.0,3195.0,1752500.0
2022-04-11,45280,3170.0,3195.0,3161.0,3195.0,0,0,1031000.0,3283187400.0,1.0,3170.0,3195.0,3161.0,3195.0,1031000.0
2022-04-12,45280,3159.0,3183.0,3129.0,3146.0,0,0,1126100.0,3546057800.0,1.0,3159.0,3183.0,3129.0,3146.0,1126100.0
2022-04-13,45280,3121.0,3192.0,3112.0,3183.0,0,0,1115200.0,3539097800.0,1.0,3121.0,3192.0,3112.0,3183.0,1115200.0
2022-04-14,45280,3190.0,3248.0,3183.0,3227.0,0,0,1225400.0,3944902400.0,1.0,3190.0,3248.0,3183.0,3227.0,1225400.0
2022-04-15,45280,3205.0,3229.0,3185.0,3226.0,0,0,679100.0,2184284800.0,1.0,3205.0,3229.0,3185.0,3226.0,679100.0
2022-04-18,45280,3193.0,3221.0,3167.0,3216.0,0,0,769200.0,2462522900.0,1.0,3193.0,3221.0,3167.0,3216.0,769200.0
2022-04-19,45280,3203.0,3214.0,3179.0,3207.0,0,0,845800.0,2709698800.0,1.0,3203.0,3214.0,3179.0,3207.0,845800.0
2022-04-20,45280,3219.0,3252.0,3198.0,3220.0,0,0,1198100.0,3861000700.0,1.0,3219.0,3252.0,3198.0,3220.0,1198100.0
2022-04-21,45280,3250.0,3262.0,3238.0,3244.0,0,0,1072800.0,3484796700.0,1.0,3250.0,3262.0,3238.0,3244.0,1072800.0
2022-04-22,45280,3236.0,3254.0,3217.0,3247.0,0,0,694300.0,2251623800.0,1.0,3236.0,3254.0,3217.0,3247.0,694300.0
2022-04-25,45280,3250.0,3334.0,3249.0,3308.0,0,0,1779200.0,5886088600.0,1.0,3250.0,3334.0,3249.0,3308.0,1779200.0
2022-04-26,45280,3238.0,3300.0,3230.0,3230.0,0,0,1701000.0,5514806200.0,1.0,3238.0,3300.0,3230.0,3230.0,1701000.0
2022-04-27,45280,3240.0,3265.0,3223.0,3251.0,0,0,3456600.0,11221043700.0,1.0,3240.0,3265.0,3223.0,3251.0,3456600.0
2022-04-28,45280,3250.0,3343.0,3244.0,3333.0,0,0,1763600.0,5846266200.0,1.0,3250.0,3343.0,3244.0,3333.0,1763600.0
2022-05-02,45280,3350.0,3392.0,3337.0,3382.0,0,0,1591600.0,5363649400.0,1.0,3350.0,3392.0,3337.0,3382.0,1591600.0
2022-05-06,45280,3390.0,3448.0,3378.0,3441.0,0,0,2074000.0,7095955500.0,1.0,3390.0,3448.0,3378.0,3441.0,2074000.0
2022-05-09,45280,3441.0,3455.0,3397.0,3435.0,0,0,1249800.0,4284639500.0,1.0,3441.0,3455.0,3397.0,3435.0,1249800.0
2022-05-10,45280,3435.0,3446.0,3360.0,3398.0,0,0,1106000.0,3758390700.0,1.0,3435.0,3446.0,3360.0,3398.0,1106000.0
2022-05-11,45280,3400.0,3445.0,3110.0,3237.0,0,0,3431000.0,11146648300.0,1.0,3400.0,3445.0,3110.0,3237.0,3431000.0
2022-05-12,45280,3191.0,3338.0,3180.0,3322.0,0,0,2207500.0,7258949900.0,1.0,3191.0,3338.0,3180.0,3322.0,2207500.0
2022-05-13,45280,3274.0,3333.0,3202.0,3320.0,0,0,2017700.0,6655395700.0,1.0,3274.0,3333.0,3202.0,3320.0,2017700.0
2022-05-16,45280,3350.0,3389.0,3343.0,3349.0,0,0,1414800.0,4752514700.0,1.0,3350.0,3389.0,3343.0,3349.0,1414800.0
2022-05-17,45280,3375.0,3417.0,3367.0,3407.0,0,0,1387600.0,4716449800.0,1.0,3375.0,3417.0,3367.0,3407.0,1387600.0
2022-05-18,45280,3461.0,3478.0,3430.0,3467.0,0,0,1649300.0,5705905600.0,1.0,3461.0,3478.0,3430.0,3467.0,1649300.0
2022-05-19,45280,3422.0,3488.0,3417.0,3473.0,0,0,1342200.0,4647511900.0,1.0,3422.0,3488.0,3417.0,3473.0,1342200.0
2022-05-20,45280,3484.0,3502.0,3450.0,3489.0,0,0,1641500.0,5719681500.0,1.0,3484.0,3502.0,3450.0,3489.0,1641500.0
2022-05-23,45280,3538.0,3586.0,3529.0,3567.0,0,0,1589300.0,5650834800.0,1.0,3538.0,3586.0,3529.0,3567.0,1589300.0
2022-05-24,45280,3514.0,3544.0,3481.0,3510.0,0,0,1278000.0,4490767300.0,1.0,3514.0,3544.0,3481.0,3510.0,1278000.0
2022-05-25,45280,3534.0,3563.0,3499.0,3504.0,0,0,1395300.0,4912566000.0,1.0,3534.0,3563.0,3499.0,3504.0,1395300.0
2022-05-26,45280,3524.0,3560.0,3520.0,3542.0,0,0,1054600.0,3736061500.0,1.0,3524.0,3560.0,3520.0,3542.0,1054600.0
2022-05-27,45280,3529.0,3553.0,3482.0,3511.0,0,0,1286300.0,4510026200.0,1.0,3529.0,3553.0,3482.0,3511.0,1286300.0
2022-05-30,45280,3511.0,3512.0,3432.0,3461.0,0,0,5157000.0,17846208400.0,1.0,3511.0,3512.0,3432.0,3461.0,5157000.0
2022-05-31,45280,3467.0,3487.0,3404.0,3404.0,0,0,5461000.0,18628951200.0,1.0,3467.0,3487.0,3404.0,3404.0,5461000.0
2022-06-01,45280,3410.0,3423.0,3345.0,3361.0,0,0,1807600.0,6092824900.0,1.0,3410.0,3423.0,3345.0,3361.0,1807600.0
2022-06-02,45280,3350.0,3351.0,3234.0,3246.0,0,0,2335600.0,7606356800.0,1.0,3350.0,3351.0,3234.0,3246.0,2335600.0
2022-06-03,45280,3220.0,3250.0,3205.0,3219.0,0,0,2086900.0,6729340100.0,1.0,3220.0,3250.0,3205.0,3219.0,2086900.0
2022-06-06,45280,3224.0,3276.0,3221.0,3257.0,0,0,985600.0,3206945500.0,1.0,3224.0,3276.0,3221.0,3257.0,985600.0
2022-06-07,45280,3283.0,3290.0,3254.0,3270.0,0,0,1086300.0,3551346400.0,1.0,3283.0,3290.0,3254.0,3270.0,1086300.0
2022-06-08,45280,3320.0,3399.0,3320.0,3377.0,0,0,1630700.0,5496509300.0,1.0,3320.0,3399.0,3320.0,3377.0,1630700.0
2022-06-09,45280,3377.0,3442.0,3375.0,3419.0,0,0,1425900.0,4875020400.0,1.0,3377.0,3442.0,3375.0,3419.0,1425900.0
2022-06-10,45280,3378.0,3390.0,3327.0,3331.0,0,0,1484400.0,4969439500.0,1.0,3378.0,3390.0,3327.0,3331.0,1484400.0
2022-06-13,45280,3286.0,3361.0,3247.0,3350.0,0,0,879400.0,2934514600.0,1.0,3286.0,3361.0,3247.0,3350.0,879400.0
2022-06-14,45280,3310.0,3344.0,3243.0,3261.0,0,0,2088000.0,6854933400.0,1.0,3310.0,3344.0,3243.0,3261.0,2088000.0
2022-06-15,45280,3230.0,3261.0,3220.0,3234.0,0,0,1244400.0,4024225400.0,1.0,3230.0,3261.0,3220.0,3234.0,1244400.0
2022-06-16,45280,3281.0,3290.0,3227.0,3246.0,0,0,901700.0,2930307700.0,1.0,3281.0,3290.0,3227.0,3246.0,901700.0
2022-06-17,45280,3200.0,3226.0,3162.0,3181.0,0,0,2365900.0,7527464700.0,1.0,3200.0,3226.0,3162.0,3181.0,2365900.0
2022-06-20,45280,3154.0,3222.0,3154.0,3189.0,0,0,942500.0,3007482500.0,1.0,3154.0,3222.0,3154.0,3189.0,942500.0
2022-06-21,45280,3210.0,3217.0,3152.0,3172.0,0,0,1046000.0,3320902800.0,1.0,3210.0,3217.0,3152.0,3172.0,1046000.0
2022-06-22,45280,3219.0,3255.0,3213.0,3234.0,0,0,1288800.0,4172753200.0,1.0,3219.0,3255.0,3213.0,3234.0,1288800.0
2022-06-23,45280,3194.0,3253.0,3192.0,3220.0,0,0,969300.0,3126541200.0,1.0,3194.0,3253.0,3192.0,3220.0,969300.0
2022-06-24,45280,3228.0,3277.0,3215.0,3266.0,0,0,1277300.0,4160108900.0,1.0,3228.0,3277.0,3215.0,3266.0,1277300.0
2022-06-27,45280,3280.0,3330.0,3254.0,3315.0,0,0,1305300.0,4320571500.0,1.0,3280.0,3330.0,3254.0,3315.0,1305300.0
2022-06-28,45280,3319.0,3401.0,3298.0,3401.0,0,0,1230000.0,4151682600.0,1.0,3319.0,3401.0,3298.0,3401.0,1230000.0
2022-06-29,45280,3390.0,3454.0,3381.0,3410.0,0,0,3121000.0,10653294700.0,1.0,3390.0,3454.0,3381.0,3410.0,3121000.0
2022-06-30,45280,3428.0,3513.0,3427.0,3482.0,0,0,2189100.0,7615361000.0,1.0,3428.0,3513.0,3427.0,3482.0,2189100.0
2022-07-01,45280,3560.0,3564.0,3432.0,3452.0,0,0,2047300.0,7127195100.0,1.0,3560.0,3564.0,3432.0,3452.0,2047300.0
2022-07-04,45280,3475.0,3514.0,3456.0,3480.0,0,0,813900.0,2832214500.0,1.0,3475.0,3514.0,3456.0,3480.0,813900.0
2022-07-05,45280,3485.0,3488.0,3416.0,3469.0,0,0,1029000.0,3556538400.0,1.0,3485.0,3488.0,3416.0,3469.0,1029000.0
2022-07-06,45280,3491.0,3528.0,3468.0,3500.0,0,0,1009700.0,3529532600.0,1.0,3491.0,3528.0,3468.0,3500.0,1009700.0
2022-07-07,45280,3559.0,3639.0,3535.0,3639.0,0,0,2374600.0,8562278800.0,1.0,3559.0,3639.0,3535.0,3639.0,2374600.0
2022-07-08,45280,3676.0,3787.0,3637.0,3756.0,0,0,2968400.0,11079433100.0,1.0,3676.0,3787.0,3637.0,3756.0,2968400.0
2022-07-11,45280,3801.0,3860.0,3787.0,3835.0,0,0,1813200.0,6940016000.0,1.0,3801.0,3860.0,3787.0,3835.0,1813200.0
2022-07-12,45280,3836.0,3877.0,3814.0,3848.0,0,0,1404400.0,5404075600.0,1.0,3836.0,3877.0,3814.0,3848.0,1404400.0
2022-07-13,45280,3840.0,3870.0,3816.0,3860.0,0,0,1444100.0,5558943200.0,1.0,3840.0,3870.0,3816.0,3860.0,1444100.0
2022-07-14,45280,3861.0,3926.0,3853.0,3926.0,0,0,1603700.0,6258576500.0,1.0,3861.0,3926.0,3853.0,3926.0,1603700.0
2022-07-15,45280,3968.0,3990.0,3919.0,3929.0,0,0,1583700.0,6251765300.0,1.0,3968.0,3990.0,3919.0,3929.0,1583700.0
2022-07-19,45280,3881.0,3906.0,3846.0,3892.0,0,0,1336100.0,5190199900.0,1.0,3881.0,3906.0,3846.0,3892.0,1336100.0
2022-07-20,45280,3888.0,3917.0,3858.0,3911.0,0,0,1248200.0,4865696200.0,1.0,3888.0,3917.0,3858.0,3911.0,1248200.0
2022-07-21,45280,3841.0,3915.0,3816.0,3910.0,0,0,1131500.0,4394713400.0,1.0,3841.0,3915.0,3816.0,3910.0,1131500.0
2022-07-22,45280,3872.0,3913.0,3861.0,3892.0,0,0,917500.0,3572345400.0,1.0,3872.0,3913.0,3861.0,3892.0,917500.0
2022-07-25,45280,3888.0,3888.0,3840.0,3860.0,0,0,814600.0,3145128100.0,1.0,3888.0,3888.0,3840.0,3860.0,814600.0
2022-07-26,45280,3852.0,3853.0,3807.0,3838.0,0,0,949700.0,3644989600.0,1.0,3852.0,3853.0,3807.0,3838.0,949700.0
2022-07-27,45280,3847.0,3874.0,3816.0,3819.0,0,0,1130800.0,4333816200.0,1.0,3847.0,3874.0,3816.0,3819.0,1130800.0
2022-07-28,45280,3840.0,3840.0,3783.0,3821.0,0,0,1673900.0,6384614900.0,1.0,3840.0,3840.0,3783.0,3821.0,1673900.0
2022-07-29,45280,3809.0,3817.0,3720.0,3738.0,0,0,1691500.0,6338931700.0,1.0,3809.0,3817.0,3720.0,3738.0,1691500.0
2022-08-01,45280,3700.0,3706.0,3620.0,3620.0,0,0,1705300.0,6215481500.0,1.0,3700.0,3706.0,3620.0,3620.0,1705300.0
2022-08-02,45280,3524.0,3539.0,3402.0,3426.0,0,0,3633200.0,12489000900.0,1.0,3524.0,3539.0,3402.0,3426.0,3633200.0
2022-08-03,45280,3420.0,3446.0,3372.0,3385.0,0,0,2354800.0,8018131700.0,1.0,3420.0,3446.0,3372.0,3385.0,2354800.0
2022-08-04,45280,3445.0,3445.0,3320.0,3328.0,0,0,1976800.0,6626931800.0,1.0,3445.0,3445.0,3320.0,3328.0,1976800.0
2022-08-05,45280,3320.0,3368.0,3313.0,3340.0,0,0,1724100.0,5763910500.0,1.0,3320.0,3368.0,3313.0,3340.0,1724100.0
2022-08-08,45280,3343.0,3413.0,3334.0,3409.0,0,0,1296300.0,4399108600.0,1.0,3343.0,3413.0,3334.0,3409.0,1296300.0
2022-08-09,45280,3389.0,3437.0,3352.0,3374.0,0,0,1113300.0,3773981400.0,1.0,3389.0,3437.0,3352.0,3374.0,1113300.0
2022-08-10,45280,3388.0,3388.0,3340.0,3364.0,0,0,909700.0,3057192000.0,1.0,3388.0,3388.0,3340.0,3364.0,909700.0
2022-08-12,45280,3363.0,3467.0,3357.0,3384.0,0,0,1942000.0,6597303100.0,1.0,3363.0,3467.0,3357.0,3384.0,1942000.0
2022-08-15,45280,3400.0,3422.0,3383.0,3396.0,0,0,1045500.0,3550780100.0,1.0,3400.0,3422.0,3383.0,3396.0,1045500.0
2022-08-16,45280,3394.0,3399.0,3364.0,3393.0,0,0,1063500.0,3602316700.0,1.0,3394.0,3399.0,3364.0,3393.0,1063500.0
2022-08-17,45280,3392.0,3399.0,3367.0,3399.0,0,0,1372900.0,4650823300.0,1.0,3392.0,3399.0,3367.0,3399.0,1372900.0
2022-08-18,45280,3407.0,3416.0,3375.0,3382.0,0,0,974000.0,3296381000.0,1.0,3407.0,3416.0,3375.0,3382.0,974000.0
2022-08-19,45280,3353.0,3362.0,3256.0,3293.0,0,0,2158800.0,7140435800.0,1.0,3353.0,3362.0,3256.0,3293.0,2158800.0
2022-08-22,45280,3290.0,3449.0,3286.0,3447.0,0,0,2563000.0,8702929700.0,1.0,3290.0,3449.0,3286.0,3447.0,2563000.0
2022-08-23,45280,3417.0,3433.0,3375.0,3384.0,0,0,1666900.0,5658116000.0,1.0,3417.0,3433.0,3375.0,3384.0,1666900.0
2022-08-24,45280,3363.0,3370.0,3320.0,3337.0,0,0,1046500.0,3494070300.0,1.0,3363.0,3370.0,3320.0,3337.0,1046500.0
2022-08-25,45280,3337.0,3363.0,3330.0,3361.0,0,0,1075600.0,3604220800.0,1.0,3337.0,3363.0,3330.0,3361.0,1075600.0
2022-08-26,45280,3359.0,3369.0,3334.0,3335.0,0,0,807000.0,2699582100.0,1.0,3359.0,3369.0,3334.0,3335.0,807000.0
2022-08-29,45280,3280.0,3322.0,3267.0,3313.0,0,0,1721600.0,5673491800.0,1.0,3280.0,3322.0,3267.0,3313.0,1721600.0
2022-08-30,45280,3286.0,3328.0,3286.0,3322.0,0,0,1108000.0,3671221800.0,1.0,3286.0,3328.0,3286.0,3322.0,1108000.0
2022-08-31,45280,3313.0,3351.0,3296.0,3328.0,0,0,3690700.0,12270018300.0,1.0,3313.0,3351.0,3296.0,3328.0,3690700.0
2022-09-01,45280,3325.0,3399.0,3294.0,3368.0,0,0,1721000.0,5796802600.0,1.0,3325.0,3399.0,3294.0,3368.0,1721000.0
2022-09-02,45280,3380.0,3424.0,3326.0,3354.0,0,0,1475200.0,4957695500.0,1.0,3380.0,3424.0,3326.0,3354.0,1475200.0
2022-09-05,45280,3308.0,3358.0,3288.0,3343.0,0,0,1262000.0,4211364600.0,1.0,3308.0,3358.0,3288.0,3343.0,1262000.0
2022-09-06,45280,3330.0,3408.0,3322.0,3355.0,0,0,2157400.0,7277014600.0,1.0,3330.0,3408.0,3322.0,3355.0,2157400.0
2022-09-07,45280,3362.0,3398.0,3340.0,3352.0,0,0,2114100.0,7119440300.0,1.0,3362.0,3398.0,3340.0,3352.0,2114100.0
2022-09-08,45280,3366.0,3383.0,3351.0,3370.0,0,0,1212000.0,4080204900.0,1.0,3366.0,3383.0,3351.0,3370.0,1212000.0
2022-09-09,45280,3415.0,3436.0,3390.0,3415.0,0,0,1323000.0,4518685700.0,1.0,3415.0,3436.0,3390.0,3415.0,1323000.0
2022-09-12,45280,3395.0,3404.0,3362.0,3385.0,0,0,726700.0,2457024800.0,1.0,3395.0,3404.0,3362.0,3385.0,726700.0
2022-09-13,45280,3380.0,3399.0,3359.0,3395.0,0,0,984900.0,3332740300.0,1.0,3380.0,3399.0,3359.0,3395.0,984900.0
2022-09-14,45280,3347.0,3358.0,3306.0,3319.0,0,0,1416700.0,4707046900.0,1.0,3347.0,3358.0,3306.0,3319.0,1416700.0
2022-09-15,45280,3316.0,3343.0,3308.0,3330.0,0,0,910500.0,3029403600.0,1.0,3316.0,3343.0,3308.0,3330.0,910500.0
2022-09-16,45280,3338.0,3372.0,3328.0,3361.0,0,0,1391300.0,4671869200.0,1.0,3338.0,3372.0,3328.0,3361.0,1391300.0
2022-09-20,45280,3361.0,3403.0,3361.0,3402.0,0,0,1072700.0,3638248400.0,1.0,3361.0,3403.0,3361.0,3402.0,1072700.0
2022-09-21,45280,3393.0,3404.0,3328.0,3344.0,0,0,952300.0,3197207000.0,1.0,3393.0,3404.0,3328.0,3344.0,952300.0
2022-09-22,45280,3312.0,3340.0,3294.0,3320.0,0,0,956200.0,3172122500.0,1.0,3312.0,3340.0,3294.0,3320.0,956200.0
2022-09-26,45280,3290.0,3330.0,3261.0,3261.0,0,0,1664300.0,5461696200.0,1.0,3290.0,3330.0,3261.0,3261.0,1664300.0
2022-09-27,45280,3271.0,3331.0,3253.0,3304.0,0,0,1291300.0,4260143600.0,1.0,3271.0,3331.0,3253.0,3304.0,1291300.0
2022-09-28,45280,3293.0,3357.0,3293.0,3349.0,0,0,1470700.0,4909559100.0,1.0,3293.0,3357.0,3293.0,3349.0,1470700.0
2022-09-29,45280,3342.0,3426.0,3329.0,3407.0,0,0,1486000.0,5041425100.0,1.0,3342.0,3426.0,3329.0,3407.0,1486000.0
2022-09-30,45280,3447.0,3449.0,3373.0,3381.0,0,0,1412500.0,4801066000.0,1.0,3447.0,3449.0,3373.0,3381.0,1412500.0
2022-10-03,45280,3365.0,3365.0,3310.0,3349.0,0,0,921000.0,3074532000.0,1.0,3365.0,3365.0,3310.0,3349.0,921000.0
2022-10-04,45280,3388.0,3411.0,3368.0,3409.0,0,0,1317700.0,4476924000.0,1.0,3388.0,3411.0,3368.0,3409.0,1317700.0
2022-10-05,45280,3443.0,3444.0,3390.0,3420.0,0,0,1211300.0,4142720800.0,1.0,3443.0,3444.0,3390.0,3420.0,1211300.0
2022-10-06,45280,3433.0,3452.0,3405.0,3416.0,0,0,868400.0,2973643900.0,1.0,3433.0,3452.0,3405.0,3416.0,868400.0
2022-10-07,45280,3390.0,3435.0,3374.0,3413.0,0,0,1249300.0,4257256200.0,1.0,3390.0,3435.0,3374.0,3413.0,1249300.0
2022-10-11,45280,3393.0,3455.0,3366.0,3409.0,0,0,1423300.0,4863554400.0,1.0,3393.0,3455.0,3366.0,3409.0,1423300.0
2022-10-12,45280,3414.0,3433.0,3387.0,3401.0,0,0,944600.0,3217383800.0,1.0,3414.0,3433.0,3387.0,3401.0,944600.0
2022-10-13,45280,3401.0,3417.0,3383.0,3383.0,0,0,992800.0,3368184500.0,1.0,3401.0,3417.0,3383.0,3383.0,992800.0
2022-10-14,45280,3433.0,3488.0,3431.0,3484.0,0,0,1373100.0,4768443200.0,1.0,3433.0,3488.0,3431.0,3484.0,1373100.0
2022-10-17,45280,3476.0,3480.0,3409.0,3427.0,0,0,960800.0,3297330200.0,1.0,3476.0,3480.0,3409.0,3427.0,960800.0
2022-10-18,45280,3455.0,3494.0,3443.0,3491.0,0,0,1487000.0,5178187000.0,1.0,3455.0,3494.0,3443.0,3491.0,1487000.0
2022-10-19,45280,3450.0,3478.0,3427.0,3436.0,0,0,1144300.0,3939489600.0,1.0,3450.0,3478.0,3427.0,3436.0,1144300.0
2022-10-20,45280,3422.0,3464.0,3403.0,3445.0,0,0,959500.0,3304137000.0,1.0,3422.0,3464.0,3403.0,3445.0,959500.0
2022-10-21,45280,3448.0,3464.0,3414.0,3429.0,0,0,929400.0,3191552000.0,1.0,3448.0,3464.0,3414.0,3429.0,929400.0
2022-10-24,45280,3446.0,3450.0,3390.0,3412.0,0,0,823300.0,2811604000.0,1.0,3446.0,3450.0,3390.0,3412.0,823300.0
2022-10-25,45280,3429.0,3463.0,3406.0,3457.0,0,0,978300.0,3375007500.0,1.0,3429.0,3463.0,3406.0,3457.0,978300.0
2022-10-26,45280,3450.0,3505.0,3440.0,3487.0,0,0,1382900.0,4818421200.0,1.0,3450.0,3505.0,3440.0,3487.0,1382900.0
2022-10-27,45280,3513.0,3516.0,3456.0,3479.0,0,0,1337900.0,4656757400.0,1.0,3513.0,3516.0,3456.0,3479.0,1337900.0
2022-10-28,45280,3453.0,3489.0,3435.0,3485.0,0,0,6498600.0,22599126300.0,1.0,3453.0,3489.0,3435.0,3485.0,6498600.0
2022-10-31,45280,3509.0,3539.0,3460.0,3496.0,0,0,2125000.0,7435941100.0,1.0,3509.0,3539.0,3460.0,3496.0,2125000.0
2022-11-01,45280,3397.0,3417.0,3331.0,3369.0,0,0,2370100.0,7982662000.0,1.0,3397.0,3417.0,3331.0,3369.0,2370100.0
2022-11-02,45280,3359.0,3442.0,3340.0,3394.0,0,0,1500700.0,5100660000.0,1.0,3359.0,3442.0,3340.0,3394.0,1500700.0
2022-11-04,45280,3411.0,3412.0,3366.0,3385.0,0,0,1713800.0,5804750000.0,1.0,3411.0,3412.0,3366.0,3385.0,1713800.0
2022-11-07,45280,3413.0,3486.0,3409.0,3478.0,0,0,1453700.0,5033491700.0,1.0,3413.0,3486.0,3409.0,3478.0,1453700.0
2022-11-08,45280,3510.0,3557.0,3488.0,3493.0,0,0,1643600.0,5769762200.0,1.0,3510.0,3557.0,3488.0,3493.0,1643600.0
2022-11-09,45280,3493.0,3502.0,3420.0,3444.0,0,0,1143300.0,3944245900.0,1.0,3493.0,3502.0,3420.0,3444.0,1143300.0
2022-11-10,45280,3400.0,3417.0,3350.0,3390.0,0,0,2116600.0,7152930200.0,1.0,3400.0,3417.0,3350.0,3390.0,2116600.0
2022-11-11,45280,3389.0,3409.0,3328.0,3368.0,0,0,2405400.0,8089058700.0,1.0,3389.0,3409.0,3328.0,3368.0,2405400.0
2022-11-14,45280,3370.0,3379.0,3291.0,3291.0,0,0,1530600.0,5086688600.0,1.0,3370.0,3379.0,3291.0,3291.0,1530600.0
2022-11-15,45280,3297.0,3332.0,3297.0,3323.0,0,0,1093200.0,3626645300.0,1.0,3297.0,3332.0,3297.0,3323.0,1093200.0
2022-11-16,45280,3308.0,3342.0,3285.0,3329.0,0,0,1027500.0,3409083900.0,1.0,3308.0,3342.0,3285.0,3329.0,1027500.0
2022-11-17,45280,3360.0,3399.0,3349.0,3385.0,0,0,1172700.0,3962797800.0,1.0,3360.0,3399.0,3349.0,3385.0,1172700.0
2022-11-18,45280,3384.0,3495.0,3382.0,3492.0,0,0,1688000.0,5839240900.0,1.0,3384.0,3495.0,3382.0,3492.0,1688000.0
2022-11-21,45280,3510.0,3544.0,3500.0,3505.0,0,0,1354800.0,4760623000.0,1.0,3510.0,3544.0,3500.0,3505.0,1354800.0
2022-11-22,45280,3545.0,3609.0,3520.0,3588.0,0,0,1611500.0,5779555400.0,1.0,3545.0,3609.0,3520.0,3588.0,1611500.0
2022-11-24,45280,3625.0,3658.0,3607.0,3653.0,0,0,1569300.0,5723042900.0,1.0,3625.0,3658.0,3607.0,3653.0,1569300.0
2022-11-25,45280,3653.0,3655.0,3568.0,3575.0,0,0,1097100.0,3943683600.0,1.0,3653.0,3655.0,3568.0,3575.0,1097100.0
2022-11-28,45280,3600.0,3613.0,3543.0,3562.0,0,0,829400.0,2959098300.0,1.0,3600.0,3613.0,3543.0,3562.0,829400.0
2022-11-29,45280,3559.0,3559.0,3487.0,3510.0,0,0,1407300.0,4942833800.0,1.0,3559.0,3559.0,3487.0,3510.0,1407300.0
2022-11-30,45280,3526.0,3539.0,3484.0,3516.0,0,0,3839900.0,13490360300.0,1.0,3526.0,3539.0,3484.0,3516.0,3839900.0
2022-12-01,45280,3510.0,3524.0,3472.0,3498.0,0,0,1458700.0,5101761400.0,1.0,3510.0,3524.0,3472.0,3498.0,1458700.0
2022-12-02,45280,3467.0,3481.0,3343.0,3343.0,0,0,2074000.0,6982925500.0,1.0,3467.0,3481.0,3343.0,3343.0,2074000.0
2022-12-05,45280,3369.0,3369.0,3291.0,3309.0,0,0,1333000.0,4417479300.0,1.0,3369.0,3369.0,3291.0,3309.0,1333000.0
2022-12-06,45280,3315.0,3365.0,3303.0,3351.0,0,0,1304400.0,4365519000.0,1.0,3315.0,3365.0,3303.0,3351.0,1304400.0
2022-12-07,45280,3364.0,3428.0,3333.0,3394.0,0,0,2005200.0,6797555300.0,1.0,3364.0,3428.0,3333.0,3394.0,2005200.0
2022-12-08,45280,3405.0,3425.0,3394.0,3420.0,0,0,1569700.0,5358660200.0,1.0,3405.0,3425.0,3394.0,3420.0,1569700.0
2022-12-09,45280,3350.0,3437.0,3340.0,3433.0,0,0,1416900.0,4818257500.0,1.0,3350.0,3437.0,3340.0,3433.0,1416900.0
2022-12-12,45280,3413.0,3437.0,3389.0,3423.0,0,0,1122000.0,3836827500.0,1.0,3413.0,3437.0,3389.0,3423.0,1122000.0
2022-12-13,45280,3458.0,3491.0,3438.0,3458.0,0,0,1199400.0,4152763200.0,1.0,3458.0,3491.0,3438.0,3458.0,1199400.0
2022-12-14,45280,3454.0,3472.0,3438.0,3450.0,0,0,1325800.0,4579202600.0,1.0,3454.0,3472.0,3438.0,3450.0,1325800.0
2022-12-15,45280,3436.0,3449.0,3417.0,3431.0,0,0,730100.0,2508013800.0,1.0,3436.0,3449.0,3417.0,3431.0,730100.0
2022-12-16,45280,3439.0,3449.0,3394.0,3422.0,0,0,2373100.0,8124987400.0,1.0,3439.0,3449.0,3394.0,3422.0,2373100.0
2022-12-19,45280,3403.0,3469.0,3390.0,3390.0,0,0,1866800.0,6380202700.0,1.0,3403.0,3469.0,3390.0,3390.0,1866800.0
2022-12-20,45280,3386.0,3434.0,3339.0,3357.0,0,0,2028200.0,6859604400.0,1.0,3386.0,3434.0,3339.0,3357.0,2028200.0
2022-12-21,45280,3355.0,3387.0,3335.0,3351.0,0,0,1152600.0,3869406600.0,1.0,3355.0,3387.0,3335.0,3351.0,1152600.0
2022-12-22,45280,3368.0,3393.0,3334.0,3375.0,0,0,942900.0,3179522900.0,1.0,3368.0,3393.0,3334.0,3375.0,942900.0
2022-12-23,45280,3352.0,3368.0,3307.0,3323.0,0,0,475200.0,1581438500.0,1.0,3352.0,3368.0,3307.0,3323.0,475200.0
2022-12-26,45280,3264.0,3277.0,3184.0,3186.0,0,0,1238400.0,3978425100.0,1.0,3264.0,3277.0,3184.0,3186.0,1238400.0
2022-12-27,45280,3215.0,3218.0,3162.0,3165.0,0,0,680900.0,2165342700.0,1.0,3215.0,3218.0,3162.0,3165.0,680900.0
2022-12-28,45280,3165.0,3165.0,3134.0,3143.0,0,0,719400.0,2265321300.0,1.0,3165.0,3165.0,3134.0,3143.0,719400.0
2022-12-29,45280,3154.0,3160.0,3122.0,3154.0,0,0,679900.0,2138534800.0,1.0,3154.0,3160.0,3122.0,3154.0,679900.0
2022-12-30,45280,3128.0,3151.0,3083.0,3083.0,0,0,930800.0,2886919500.0,1.0,3128.0,3151.0,3083.0,3083.0,930800.0
2023-01-04,45280,2985.5,2986.0,2901.5,2902.0,0,0,2420000.0,7099116400.0,1.0,2985.5,2986.0,2901.5,2902.0,2420000.0
2023-01-05,45280,2899.5,2912.5,2838.5,2849.5,0,0,2029600.0,5798734650.0,1.0,2899.5,2912.5,2838.5,2849.5,2029600.0
2023-01-06,45280,2847.0,2905.0,2845.0,2881.0,0,0,2201900.0,6341069800.0,1.0,2847.0,2905.0,2845.0,2881.0,2201900.0
2023-01-10,45280,2861.5,2886.5,2840.5,2857.0,0,0,1842700.0,5263070200.0,1.0,2861.5,2886.5,2840.5,2857.0,1842700.0
2023-01-11,45280,2878.5,2921.5,2872.5,2904.0,0,0,1545100.0,4480988450.0,1.0,2878.5,2921.5,2872.5,2904.0,1545100.0
2023-01-12,45280,2881.0,2923.5,2878.5,2915.0,0,0,1447600.0,4208995500.0,1.0,2881.0,2923.5,2878.5,2915.0,1447600.0
2023-01-13,45280,2890.5,2914.0,2858.5,2866.5,0,0,1461900.0,4206358050.0,1.0,2890.5,2914.0,2858.5,2866.5,1461900.0
2023-01-16,45280,2865.0,2895.0,2848.0,2878.5,0,0,677900.0,1952278200.0,1.0,2865.0,2895.0,2848.0,2878.5,677900.0
2023-01-17,45280,2853.0,2860.0,2815.0,2833.0,0,0,1270000.0,3603129950.0,1.0,2853.0,2860.0,2815.0,2833.0,1270000.0
2023-01-18,45280,2873.0,2897.0,2845.5,2889.5,0,0,1430800.0,4119589900.0,1.0,2873.0,2897.0,2845.5,2889.5,1430800.0
2023-01-19,45280,2864.0,2913.0,2852.5,2890.0,0,0,1277600.0,3695323850.0,1.0,2864.0,2913.0,2852.5,2890.0,1277600.0
2023-01-20,45280,2901.0,2905.5,2870.5,2894.5,0,0,1281500.0,3702269550.0,1.0,2901.0,2905.5,2870.5,2894.5,1281500.0
2023-01-23,45280,2911.0,2919.0,2898.0,2903.0,0,0,792700.0,2303312500.0,1.0,2911.0,2919.0,2898.0,2903.0,792700.0
2023-01-24,45280,2890.0,2926.0,2872.5,2922.0,0,0,954100.0,2776076750.0,1.0,2890.0,2926.0,2872.5,2922.0,954100.0
2023-01-25,45280,2933.0,2938.0,2902.5,2921.5,0,0,889100.0,2594895050.0,1.0,2933.0,2938.0,2902.5,2921.5,889100.0
2023-01-26,45280,2920.0,2943.5,2915.0,2930.5,0,0,1062300.0,3115126000.0,1.0,2920.0,2943.5,2915.0,2930.5,1062300.0
2023-01-27,45280,2929.0,2929.5,2892.5,2905.5,0,0,1007700.0,2925911950.0,1.0,2929.0,2929.5,2892.5,2905.5,1007700.0
2023-01-30,45280,2893.5,2910.5,2887.5,2897.0,0,0,1091800.0,3164266000.0,1.0,2893.5,2910.5,2887.5,2897.0,1091800.0
2023-01-31,45280,2879.0,2897.5,2823.5,2823.5,0,0,2471700.0,7043198050.0,1.0,2879.0,2897.5,2823.5,2823.5,2471700.0
2023-02-01,45280,2841.5,2877.0,2833.0,2863.0,0,0,1494900.0,4273297100.0,1.0,2841.5,2877.0,2833.0,2863.0,1494900.0
2023-02-02,45280,2813.5,2862.5,2806.0,2852.0,0,0,1571900.0,4461896900.0,1.0,2813.5,2862.5,2806.0,2852.0,1571900.0
2023-02-03,45280,2845.0,2860.5,2795.5,2809.5,0,0,1965300.0,5527046500.0,1.0,2845.0,2860.5,2795.5,2809.5,1965300.0
2023-02-06,45280,2845.5,2847.0,2814.5,2836.0,0,0,994000.0,2815128750.0,1.0,2845.5,2847.0,2814.5,2836.0,994000.0
2023-02-07,45280,2834.0,2853.0,2823.5,2827.5,0,0,1032200.0,2924549500.0,1.0,2834.0,2853.0,2823.5,2827.5,1032200.0
2023-02-08,45280,2850.0,2857.0,2830.5,2836.0,0,0,1046900.0,2972318450.0,1.0,2850.0,2857.0,2830.5,2836.0,1046900.0
2023-02-09,45280,2850.0,2868.5,2830.5,2859.5,0,0,1237900.0,3533573350.0,1.0,2850.0,2868.5,2830.5,2859.5,1237900.0
2023-02-10,45280,2837.5,2859.5,2835.0,2859.5,0,0,1102700.0,3143866300.0,1.0,2837.5,2859.5,2835.0,2859.5,1102700.0
2023-02-13,45280,2858.0,2868.0,2822.5,2831.0,0,0,823300.0,2334258300.0,1.0,2858.0,2868.0,2822.5,2831.0,823300.0
2023-02-14,45280,2873.0,2889.5,2857.0,2885.5,0,0,1196800.0,3442790800.0,1.0,2873.0,2889.5,2857.0,2885.5,1196800.0
2023-02-15,45280,2888.0,2888.5,2848.0,2854.5,0,0,927900.0,2655556200.0,1.0,2888.0,2888.5,2848.0,2854.5,927900.0
2023-02-16,45280,2852.5,2882.0,2844.0,2875.0,0,0,973000.0,2791793100.0,1.0,2852.5,2882.0,2844.0,2875.0,973000.0
2023-02-17,45280,2835.0,2863.0,2835.0,2847.0,0,0,870700.0,2479351600.0,1.0,2835.0,2863.0,2835.0,2847.0,870700.0
2023-02-20,45280,2859.5,2867.0,2840.5,2851.0,0,0,546100.0,1556574800.0,1.0,2859.5,2867.0,2840.5,2851.0,546100.0
2023-02-21,45280,2842.0,2861.5,2842.0,2848.5,0,0,736800.0,2099696850.0,1.0,2842.0,2861.5,2842.0,2848.5,736800.0
2023-02-22,45280,2800.0,2810.5,2775.5,2784.0,0,0,1703100.0,4749749450.0,1.0,2800.0,2810.5,2775.5,2784.0,1703100.0
2023-02-24,45280,2796.0,2807.0,2756.5,2800.5,0,0,1535700.0,4286861400.0,1.0,2796.0,2807.0,2756.5,2800.5,1535700.0
2023-02-27,45280,2785.0,2812.5,2781.0,2812.5,0,0,989500.0,2775327550.0,1.0,2785.0,2812.5,2781.0,2812.5,989500.0
2023-02-28,45280,2795.0,2811.5,2772.5,2780.0,0,0,1651400.0,4595488400.0,1.0,2795.0,2811.5,2772.5,2780.0,1651400.0
2023-03-01,45280,2820.0,2821.0,2771.0,2782.5,0,0,1222200.0,3407952850.0,1.0,2820.0,2821.0,2771.0,2782.5,1222200.0
2023-03-02,45280,2798.5,2813.5,2774.5,2786.0,0,0,1077900.0,3005799700.0,1.0,2798.5,2813.5,2774.5,2786.0,1077900.0
2023-03-03,45280,2789.5,2817.5,2780.0,2814.5,0,0,1469500.0,4123469900.0,1.0,2789.5,2817.5,2780.0,2814.5,1469500.0
2023-03-06,45280,2825.0,2828.0,2802.0,2808.0,0,0,898600.0,2526940000.0,1.0,2825.0,2828.0,2802.0,2808.0,898600.0
2023-03-07,45280,2779.0,2839.0,2769.0,2834.0,0,0,1489900.0,4205272550.0,1.0,2779.0,2839.0,2769.0,2834.0,1489900.0
2023-03-08,45280,2842.0,2853.0,2832.0,2836.5,0,0,1358800.0,3862063900.0,1.0,2842.0,2853.0,2832.0,2836.5,1358800.0
2023-03-09,45280,2862.5,2878.0,2851.0,2875.5,0,0,1142900.0,3278764350.0,1.0,2862.5,2878.0,2851.0,2875.5,1142900.0
2023-03-10,45280,2845.0,2869.5,2840.5,2851.0,0,0,1341000.0,3823731700.0,1.0,2845.0,2869.5,2840.5,2851.0,1341000.0
2023-03-13,45280,2844.5,2859.5,2824.0,2847.5,0,0,930500.0,2647032750.0,1.0,2844.5,2859.5,2824.0,2847.5,930500.0
2023-03-14,45280,2804.5,2831.5,2768.0,2822.0,0,0,1539300.0,4324301100.0,1.0,2804.5,2831.5,2768.0,2822.0,1539300.0
2023-03-15,45280,2825.5,2839.0,2805.0,2823.5,0,0,1210200.0,3416948750.0,1.0,2825.5,2839.0,2805.0,2823.5,1210200.0
2023-03-16,45280,2783.0,2819.5,2767.5,2818.0,0,0,1323400.0,3705956900.0,1.0,2783.0,2819.5,2767.5,2818.0,1323400.0
2023-03-17,45280,2778.0,2843.5,2778.0,2820.0,0,0,1989100.0,5604275250.0,1.0,2778.0,2843.5,2778.0,2820.0,1989100.0
2023-03-20,45280,2789.0,2791.0,2762.0,2762.5,0,0,1257500.0,3488034250.0,1.0,2789.0,2791.0,2762.0,2762.5,1257500.0
2023-03-22,45280,2796.0,2824.0,2775.0,2796.0,0,0,1342400.0,3753311850.0,1.0,2796.0,2824.0,2775.0,2796.0,1342400.0
2023-03-23,45280,2761.0,2771.5,2697.5,2712.0,0,0,1676800.0,4564660550.0,1.0,2761.0,2771.5,2697.5,2712.0,1676800.0
2023-03-24,45280,2710.0,2739.0,2687.5,2729.0,0,0,1108300.0,3013118200.0,1.0,2710.0,2739.0,2687.5,2729.0,1108300.0
2023-03-27,45280,2753.0,2759.0,2732.0,2749.0,0,0,882800.0,2425986600.0,1.0,2753.0,2759.0,2732.0,2749.0,882800.0
2023-03-28,45280,2782.0,2791.5,2751.0,2758.0,0,0,837500.0,2316004450.0,1.0,2782.0,2791.5,2751.0,2758.0,837500.0
2023-03-29,45280,2743.0,2806.0,2734.0,2804.0,0,0,1198700.0,3343584250.0,1.0,2743.0,2806.0,2734.0,2804.0,1198700.0
2023-03-30,45280,2782.0,2788.5,2741.0,2756.0,0,0,1072500.0,2959657250.0,1.0,2782.0,2788.5,2741.0,2756.0,1072500.0
2023-03-31,45280,2727.0,2779.0,2718.5,2764.0,0,0,1675100.0,4621638900.0,1.0,2727.0,2779.0,2718.5,2764.0,1675100.0
2023-04-03,45280,2764.0,2786.0,2754.5,2765.5,0,0,1319200.0,3650721300.0,1.0,2764.0,2786.0,2754.5,2765.5,1319200.0
2023-04-04,45280,2798.0,2820.5,2770.0,2806.0,0,0,1416300.0,3966635050.0,1.0,2798.0,2820.5,2770.0,2806.0,1416300.0
2023-04-05,45280,2803.0,2803.0,2726.5,2731.5,0,0,1475200.0,4053257750.0,1.0,2803.0,2803.0,2726.5,2731.5,1475200.0
2023-04-06,45280,2719.5,2729.0,2696.0,2726.0,0,0,2239300.0,6087555200.0,1.0,2719.5,2729.0,2696.0,2726.0,2239300.0
2023-04-07,45280,2719.0,2729.0,2705.5,2709.0,0,0,1207000.0,3277237150.0,1.0,2719.0,2729.0,2705.5,2709.0,1207000.0
2023-04-10,45280,2710.0,2729.5,2705.0,2708.0,0,0,974400.0,2641694800.0,1.0,2710.0,2729.5,2705.0,2708.0,974400.0
2023-04-11,45280,2705.0,2742.0,2705.0,2714.5,0,0,1112600.0,3026506100.0,1.0,2705.0,2742.0,2705.0,2714.5,1112600.0
2023-04-12,45280,2742.0,2761.5,2727.5,2747.0,0,0,1122700.0,3084128500.0,1.0,2742.0,2761.5,2727.5,2747.0,1122700.0
2023-04-13,45280,2747.0,2770.0,2742.0,2747.5,0,0,907000.0,2493843750.0,1.0,2747.0,2770.0,2742.0,2747.5,907000.0
2023-04-14,45280,2797.5,2799.5,2754.0,2764.5,0,0,1328100.0,3678581150.0,1.0,2797.5,2799.5,2754.0,2764.5,1328100.0
2023-04-17,45280,2757.0,2769.0,2743.0,2750.0,0,0,1018500.0,2804172450.0,1.0,2757.0,2769.0,2743.0,2750.0,1018500.0
2023-04-18,45280,2734.5,2757.5,2729.0,2747.0,0,0,1592900.0,4374132100.0,1.0,2734.5,2757.5,2729.0,2747.0,1592900.0
2023-04-19,45280,2727.0,2727.0,2685.5,2703.5,0,0,2205000.0,5958914750.0,1.0,2727.0,2727.0,2685.5,2703.5,2205000.0
2023-04-20,45280,2685.0,2689.0,2656.0,2682.0,0,0,1845900.0,4939314700.0,1.0,2685.0,2689.0,2656.0,2682.0,1845900.0
2023-04-21,45280,2700.0,2701.0,2678.0,2681.5,0,0,1417300.0,3807429600.0,1.0,2700.0,2701.0,2678.0,2681.5,1417300.0
2023-04-24,45280,2710.5,2716.5,2695.5,2701.0,0,0,888000.0,2402413850.0,1.0,2710.5,2716.5,2695.5,2701.0,888000.0
2023-04-25,45280,2716.0,2742.0,2712.5,2727.0,0,0,1082000.0,2953746700.0,1.0,2716.0,2742.0,2712.5,2727.0,1082000.0
2023-04-26,45280,2737.0,2768.0,2704.5,2723.5,0,0,1173900.0,3197668900.0,1.0,2737.0,2768.0,2704.5,2723.5,1173900.0
2023-04-27,45280,2696.5,2731.5,2690.0,2730.0,0,0,1303000.0,3543204400.0,1.0,2696.5,2731.5,2690.0,2730.0,1303000.0
2023-04-28,45280,2744.0,2762.0,2730.5,2744.0,0,0,1174400.0,3223695500.0,1.0,2744.0,2762.0,2730.5,2744.0,1174400.0
2023-05-01,45280,2737.0,2762.5,2737.0,2753.0,0,0,1025700.0,2823316650.0,1.0,2737.0,2762.5,2737.0,2753.0,1025700.0
2023-05-02,45280,2755.5,2772.0,2733.5,2760.0,0,0,1304900.0,3593913850.0,1.0,2755.5,2772.0,2733.5,2760.0,1304900.0
2023-05-08,45280,2740.0,2763.5,2719.0,2731.5,0,0,1896900.0,5192139350.0,1.0,2740.0,2763.5,2719.0,2731.5,1896900.0
2023-05-09,45280,2729.0,2775.5,2725.0,2771.5,0,0,2108900.0,5829813400.0,1.0,2729.0,2775.5,2725.0,2771.5,2108900.0
2023-05-10,45280,2756.5,2779.0,2601.0,2604.5,0,0,4432800.0,11843417950.0,1.0,2756.5,2779.0,2601.0,2604.5,4432800.0
2023-05-11,45280,2530.0,2583.0,2530.0,2561.0,0,0,3983400.0,10169961750.0,1.0,2530.0,2583.0,2530.0,2561.0,3983400.0
2023-05-12,45280,2525.0,2546.0,2507.5,2507.5,0,0,3591300.0,9058955750.0,1.0,2525.0,2546.0,2507.5,2507.5,3591300.0
2023-05-15,45280,2540.0,2577.0,2519.0,2574.0,0,0,1907000.0,4874879300.0,1.0,2540.0,2577.0,2519.0,2574.0,1907000.0
2023-05-16,45280,2584.0,2615.0,2582.0,2612.5,0,0,1811600.0,4712411750.0,1.0,2584.0,2615.0,2582.0,2612.5,1811600.0
2023-05-17,45280,2610.0,2615.0,2583.0,2591.0,0,0,1686100.0,4379755050.0,1.0,2610.0,2615.0,2583.0,2591.0,1686100.0
2023-05-18,45280,2590.0,2604.0,2581.0,2594.0,0,0,1369300.0,3551788800.0,1.0,2590.0,2604.0,2581.0,2594.0,1369300.0
2023-05-19,45280,2590.0,2611.5,2585.0,2599.5,0,0,1716600.0,4456671150.0,1.0,2590.0,2611.5,2585.0,2599.5,1716600.0
2023-05-22,45280,2614.0,2646.0,2607.5,2643.0,0,0,1675500.0,4407707800.0,1.0,2614.0,2646.0,2607.5,2643.0,1675500.0
2023-05-23,45280,2646.0,2667.0,2618.5,2642.5,0,0,1795200.0,4751620300.0,1.0,2646.0,2667.0,2618.5,2642.5,1795200.0
2023-05-24,45280,2654.0,2662.0,2636.0,2644.0,0,0,1234200.0,3268617300.0,1.0,2654.0,2662.0,2636.0,2644.0,1234200.0
2023-05-25,45280,2644.5,2659.5,2621.5,2635.0,0,0,1390100.0,3673519850.0,1.0,2644.5,2659.5,2621.5,2635.0,1390100.0
2023-05-26,45280,2629.5,2629.5,2581.0,2581.5,0,0,1646600.0,4275501900.0,1.0,2629.5,2629.5,2581.0,2581.5,1646600.0
2023-05-29,45280,2595.0,2611.5,2581.5,2600.0,0,0,1542000.0,4009995550.0,1.0,2595.0,2611.5,2581.5,2600.0,1542000.0
2023-05-30,45280,2590.0,2598.0,2549.0,2549.5,0,0,1867700.0,4780610050.0,1.0,2590.0,2598.0,2549.0,2549.5,1867700.0
2023-05-31,45280,2511.0,2608.5,2510.5,2608.5,0,0,9667400.0,25134893500.0,1.0,2511.0,2608.5,2510.5,2608.5,9667400.0
2023-06-01,45280,2600.0,2634.5,2584.0,2620.5,0,0,2286600.0,5981752500.0,1.0,2600.0,2634.5,2584.0,2620.5,2286600.0
2023-06-02,45280,2610.5,2678.0,2607.0,2678.0,0,0,1725800.0,4587858000.0,1.0,2610.5,2678.0,2607.0,2678.0,1725800.0
2023-06-05,45280,2719.0,2757.0,2697.0,2757.0,0,0,2525200.0,6907658350.0,1.0,2719.0,2757.0,2697.0,2757.0,2525200.0
2023-06-06,45280,2732.5,2786.0,2725.5,2785.0,0,0,1824100.0,5039602700.0,1.0,2732.5,2786.0,2725.5,2785.0,1824100.0
2023-06-07,45280,2737.5,2769.0,2707.0,2712.5,0,0,2511000.0,6840874150.0,1.0,2737.5,2769.0,2707.0,2712.5,2511000.0
2023-06-08,45280,2705.5,2705.5,2654.5,2661.5,0,0,2148000.0,5730481100.0,1.0,2705.5,2705.5,2654.5,2661.5,2148000.0
2023-06-09,45280,2707.0,2707.5,2663.5,2670.0,0,0,2169400.0,5819315950.0,1.0,2707.0,2707.5,2663.5,2670.0,2169400.0
2023-06-12,45280,2701.0,2720.0,2693.5,2718.0,0,0,1183600.0,3208030150.0,1.0,2701.0,2720.0,2693.5,2718.0,1183600.0
2023-06-13,45280,2720.5,2724.5,2681.0,2694.0,0,0,2036600.0,5493446400.0,1.0,2720.5,2724.5,2681.0,2694.0,2036600.0
2023-06-14,45280,2688.5,2690.0,2661.5,2677.5,0,0,1977700.0,5287075100.0,1.0,2688.5,2690.0,2661.5,2677.5,1977700.0
2023-06-15,45280,2685.0,2711.0,2662.0,2675.0,0,0,1996500.0,5349688850.0,1.0,2685.0,2711.0,2662.0,2675.0,1996500.0
2023-06-16,45280,2681.0,2760.0,2676.0,2760.0,0,0,3547700.0,9748469150.0,1.0,2681.0,2760.0,2676.0,2760.0,3547700.0
2023-06-19,45280,2756.5,2768.0,2728.5,2751.5,0,0,1151200.0,3163466300.0,1.0,2756.5,2768.0,2728.5,2751.5,1151200.0
2023-06-20,45280,2732.0,2761.5,2721.0,2761.0,0,0,1359800.0,3737406950.0,1.0,2732.0,2761.5,2721.0,2761.0,1359800.0
2023-06-21,45280,2760.0,2779.0,2748.0,2767.0,0,0,1141400.0,3152759050.0,1.0,2760.0,2779.0,2748.0,2767.0,1141400.0
2023-06-22,45280,2741.0,2789.0,2733.0,2775.5,0,0,2005300.0,5556038850.0,1.0,2741.0,2789.0,2733.0,2775.5,2005300.0
2023-06-23,45280,2775.0,2779.5,2715.5,2728.0,0,0,1367500.0,3746146350.0,1.0,2775.0,2779.5,2715.5,2728.0,1367500.0
2023-06-26,45280,2715.5,2723.5,2676.5,2700.0,0,0,1615000.0,4355815850.0,1.0,2715.5,2723.5,2676.5,2700.0,1615000.0
2023-06-27,45280,2682.5,2692.0,2619.0,2636.0,0,0,2071000.0,5471868900.0,1.0,2682.5,2692.0,2619.0,2636.0,2071000.0
2023-06-28,45280,2590.0,2660.0,2587.5,2658.5,0,0,2685400.0,7067362150.0,1.0,2590.0,2660.0,2587.5,2658.5,2685400.0
2023-06-29,45280,2656.5,2663.5,2623.5,2634.0,0,0,1498000.0,3946701950.0,1.0,2656.5,2663.5,2623.5,2634.0,1498000.0
2023-06-30,45280,2625.0,2625.5,2576.0,2606.0,0,0,2180600.0,5667312450.0,1.0,2625.0,2625.5,2576.0,2606.0,2180600.0
2023-07-03,45280,2644.0,2646.0,2601.5,2603.5,0,0,1288200.0,3370849650.0,1.0,2644.0,2646.0,2601.5,2603.5,1288200.0
2023-07-04,45280,2588.0,2592.5,2568.5,2581.0,0,0,1430700.0,3692599800.0,1.0,2588.0,2592.5,2568.5,2581.0,1430700.0
2023-07-05,45280,2580.0,2608.0,2574.0,2605.5,0,0,1369500.0,3559874350.0,1.0,2580.0,2608.0,2574.0,2605.5,1369500.0
2023-07-06,45280,2567.5,2576.5,2539.0,2554.0,0,0,2973900.0,7606422600.0,1.0,2567.5,2576.5,2539.0,2554.0,2973900.0
2023-07-07,45280,2545.0,2548.5,2526.5,2527.0,0,0,1660100.0,4206318300.0,1.0,2545.0,2548.5,2526.5,2527.0,1660100.0
2023-07-10,45280,2518.0,2526.0,2504.0,2517.0,0,0,1697000.0,4268554650.0,1.0,2518.0,2526.0,2504.0,2517.0,1697000.0
2023-07-11,45280,2517.5,2529.0,2495.0,2503.5,0,0,1889000.0,4737566600.0,1.0,2517.5,2529.0,2495.0,2503.5,1889000.0
2023-07-12,45280,2529.0,2554.0,2522.0,2542.5,0,0,1666500.0,4232592850.0,1.0,2529.0,2554.0,2522.0,2542.5,1666500.0
2023-07-13,45280,2540.0,2557.5,2525.0,2552.5,0,0,1388900.0,3539015800.0,1.0,2540.0,2557.5,2525.0,2552.5,1388900.0
2023-07-14,45280,2550.0,2562.5,2521.0,2536.5,0,0,1589400.0,4028737750.0,1.0,2550.0,2562.5,2521.0,2536.5,1589400.0
2023-07-18,45280,2528.0,2549.5,2512.0,2520.0,0,0,1024200.0,2585146400.0,1.0,2528.0,2549.5,2512.0,2520.0,1024200.0
2023-07-19,45280,2531.5,2550.5,2524.5,2547.0,0,0,1047100.0,2660092900.0,1.0,2531.5,2550.5,2524.5,2547.0,1047100.0
2023-07-20,45280,2535.0,2547.5,2526.0,2531.5,0,0,1130700.0,2864880150.0,1.0,2535.0,2547.5,2526.0,2531.5,1130700.0
2023-07-21,45280,2555.5,2569.5,2544.0,2557.5,0,0,1151800.0,2946522950.0,1.0,2555.5,2569.5,2544.0,2557.5,1151800.0
2023-07-24,45280,2583.0,2591.5,2568.5,2585.5,0,0,980300.0,2531594800.0,1.0,2583.0,2591.5,2568.5,2585.5,980300.0
2023-07-25,45280,2685.0,2723.0,2636.0,2640.5,0,0,4220900.0,11281365250.0,1.0,2685.0,2723.0,2636.0,2640.5,4220900.0
2023-07-26,45280,2654.5,2687.5,2652.0,2684.5,0,0,1676800.0,4487473250.0,1.0,2654.5,2687.5,2652.0,2684.5,1676800.0
2023-07-27,45280,2663.0,2669.5,2643.5,2664.0,0,0,1792600.0,4764409700.0,1.0,2663.0,2669.5,2643.5,2664.0,1792600.0
2023-07-28,45280,2636.0,2638.5,2596.0,2606.5,0,0,2602100.0,6801278400.0,1.0,2636.0,2638.5,2596.0,2606.5,2602100.0
2023-07-31,45280,2647.0,2647.0,2588.0,2601.5,0,0,2816100.0,7350279250.0,1.0,2647.0,2647.0,2588.0,2601.5,2816100.0
2023-08-01,45280,2614.0,2707.5,2614.0,2705.0,0,0,3928800.0,10554243450.0,1.0,2614.0,2707.5,2614.0,2705.0,3928800.0
2023-08-02,45280,2692.0,2712.5,2677.5,2678.0,0,0,3482200.0,9375284900.0,1.0,2692.0,2712.5,2677.5,2678.0,3482200.0
2023-08-03,45280,2659.0,2668.5,2635.5,2652.0,0,0,2841900.0,7534887150.0,1.0,2659.0,2668.5,2635.5,2652.0,2841900.0
2023-08-04,45280,2644.0,2691.0,2636.0,2679.5,0,0,2338500.0,6253269050.0,1.0,2644.0,2691.0,2636.0,2679.5,2338500.0
2023-08-07,45280,2670.5,2725.0,2667.0,2724.0,0,0,2401500.0,6498481750.0,1.0,2670.5,2725.0,2667.0,2724.0,2401500.0
2023-08-08,45280,2748.0,2773.5,2737.0,2760.5,0,0,2366000.0,6529735050.0,1.0,2748.0,2773.5,2737.0,2760.5,2366000.0
2023-08-09,45280,2760.5,2783.5,2744.0,2773.0,0,0,1990100.0,5505675150.0,1.0,2760.5,2783.5,2744.0,2773.0,1990100.0
2023-08-10,45280,2753.0,2800.0,2720.5,2795.0,0,0,2630200.0,7299979900.0,1.0,2753.0,2800.0,2720.5,2795.0,2630200.0
2023-08-14,45280,2790.0,2809.5,2774.0,2775.5,0,0,1505900.0,4198230200.0,1.0,2790.0,2809.5,2774.0,2775.5,1505900.0
2023-08-15,45280,2775.0,2815.0,2765.0,2806.5,0,0,1507400.0,4221121450.0,1.0,2775.0,2815.0,2765.0,2806.5,1507400.0
2023-08-16,45280,2800.0,2812.5,2778.5,2796.0,0,0,1572300.0,4395484850.0,1.0,2800.0,2812.5,2778.5,2796.0,1572300.0
2023-08-17,45280,2817.5,2834.5,2784.0,2789.0,0,0,2102400.0,5890278200.0,1.0,2817.5,2834.5,2784.0,2789.0,2102400.0
2023-08-18,45280,2768.5,2802.5,2751.0,2772.0,0,0,1813900.0,5029428950.0,1.0,2768.5,2802.5,2751.0,2772.0,1813900.0
2023-08-21,45280,2771.5,2806.5,2766.0,2779.5,0,0,1250600.0,3483057900.0,1.0,2771.5,2806.5,2766.0,2779.5,1250600.0
2023-08-22,45280,2777.0,2799.5,2772.0,2786.0,0,0,1104900.0,3077577700.0,1.0,2777.0,2799.5,2772.0,2786.0,1104900.0
2023-08-23,45280,2786.0,2788.0,2753.5,2772.0,0,0,1155500.0,3197517350.0,1.0,2786.0,2788.0,2753.5,2772.0,1155500.0
2023-08-24,45280,2756.0,2779.5,2755.5,2766.0,0,0,1029300.0,2848262050.0,1.0,2756.0,2779.5,2755.5,2766.0,1029300.0
2023-08-25,45280,2749.5,2764.5,2740.5,2757.5,0,0,1423500.0,3920229700.0,1.0,2749.5,2764.5,2740.5,2757.5,1423500.0
2023-08-28,45280,2790.0,2808.5,2781.5,2790.5,0,0,823900.0,2299966500.0,1.0,2790.0,2808.5,2781.5,2790.5,823900.0
2023-08-29,45280,2786.0,2790.0,2765.5,2765.5,0,0,919000.0,2549793500.0,1.0,2786.0,2790.0,2765.5,2765.5,919000.0
2023-08-30,45280,2765.5,2798.0,2763.0,2771.5,0,0,1053300.0,2923440700.0,1.0,2765.5,2798.0,2763.0,2771.5,1053300.0
2023-08-31,45280,2762.5,2776.5,2760.0,2761.5,0,0,2028500.0,5606063900.0,1.0,2762.5,2776.5,2760.0,2761.5,2028500.0
2023-09-01,45280,2750.0,2785.0,2748.0,2768.5,0,0,1055700.0,2923963050.0,1.0,2750.0,2785.0,2748.0,2768.5,1055700.0
2023-09-04,45280,2780.0,2786.5,2758.0,2783.5,0,0,1174300.0,3258237650.0,1.0,2780.0,2786.5,2758.0,2783.5,1174300.0
2023-09-05,45280,2778.0,2781.5,2752.5,2769.5,0,0,1827300.0,5051384300.0,1.0,2778.0,2781.5,2752.5,2769.5,1827300.0
2023-09-06,45280,2781.5,2811.5,2778.5,2795.0,0,0,1899200.0,5313156850.0,1.0,2781.5,2811.5,2778.5,2795.0,1899200.0
2023-09-07,45280,2791.5,2798.5,2776.0,2784.5,0,0,1875600.0,5229671450.0,1.0,2791.5,2798.5,2776.0,2784.5,1875600.0
2023-09-08,45280,2768.5,2818.0,2766.5,2800.0,0,0,2143200.0,5990434100.0,1.0,2768.5,2818.0,2766.5,2800.0,2143200.0
2023-09-11,45280,2813.0,2857.5,2807.0,2851.0,0,0,1988700.0,5646634050.0,1.0,2813.0,2857.5,2807.0,2851.0,1988700.0
2023-09-12,45280,2864.5,2896.0,2838.0,2886.5,0,0,1450100.0,4170062500.0,1.0,2864.5,2896.0,2838.0,2886.5,1450100.0
2023-09-13,45280,2900.0,2904.0,2859.0,2874.0,0,0,2118500.0,6092311100.0,1.0,2900.0,2904.0,2859.0,2874.0,2118500.0
2023-09-14,45280,2886.0,2899.5,2867.0,2893.5,0,0,1376800.0,3976620650.0,1.0,2886.0,2899.5,2867.0,2893.5,1376800.0
2023-09-15,45280,2921.5,2947.0,2910.0,2937.5,0,0,2291100.0,6722983500.0,1.0,2921.5,2947.0,2910.0,2937.5,2291100.0
2023-09-19,45280,2935.0,2966.5,2901.0,2926.5,0,0,1885900.0,5530837400.0,1.0,2935.0,2966.5,2901.0,2926.5,1885900.0
2023-09-20,45280,2922.0,2936.5,2891.5,2898.5,0,0,1908100.0,5542262250.0,1.0,2922.0,2936.5,2891.5,2898.5,1908100.0
2023-09-21,45280,2902.0,2914.0,2871.0,2871.0,0,0,1768100.0,5105930950.0,1.0,2902.0,2914.0,2871.0,2871.0,1768100.0
2023-09-22,45280,2864.0,2891.5,2852.0,2870.0,0,0,1631800.0,4687897200.0,1.0,2864.0,2891.5,2852.0,2870.0,1631800.0
2023-09-25,45280,2871.5,2877.0,2833.0,2846.5,0,0,1523900.0,4344309200.0,1.0,2871.5,2877.0,2833.0,2846.5,1523900.0
2023-09-26,45280,2833.5,2850.5,2816.5,2816.5,0,0,1642900.0,4646211150.0,1.0,2833.5,2850.5,2816.5,2816.5,1642900.0
2023-09-27,45280,2812.0,2846.5,2801.5,2846.5,0,0,1742200.0,4937563650.0,1.0,2812.0,2846.5,2801.5,2846.5,1742200.0
2023-09-28,45280,2795.0,2887.0,2787.0,2878.0,0,0,1755500.0,5023396400.0,1.0,2795.0,2887.0,2787.0,2878.0,1755500.0
2023-09-29,45280,2859.0,2894.0,2842.0,2868.0,0,0,2229000.0,6390417650.0,1.0,2859.0,2894.0,2842.0,2868.0,2229000.0
2023-10-02,45280,2870.0,2887.5,2817.0,2822.0,0,0,1021100.0,2905902400.0,1.0,2870.0,2887.5,2817.0,2822.0,1021100.0
2023-10-03,45280,2817.5,2817.5,2759.0,2774.0,0,0,1323000.0,3681605200.0,1.0,2817.5,2817.5,2759.0,2774.0,1323000.0
2023-10-04,45280,2741.0,2764.0,2718.5,2725.0,0,0,1457700.0,3986268350.0,1.0,2741.0,2764.0,2718.5,2725.0,1457700.0
2023-10-05,45280,2705.0,2742.0,2672.5,2733.5,0,0,1699700.0,4625157050.0,1.0,2705.0,2742.0,2672.5,2733.5,1699700.0
2023-10-06,45280,2755.0,2799.5,2753.0,2782.5,0,0,1439000.0,4007102700.0,1.0,2755.0,2799.5,2753.0,2782.5,1439000.0
2023-10-10,45280,2800.0,2829.5,2775.5,2798.0,0,0,2132100.0,5964721150.0,1.0,2800.0,2829.5,2775.5,2798.0,2132100.0
2023-10-11,45280,2785.5,2798.5,2754.0,2783.0,0,0,1725400.0,4796637550.0,1.0,2785.5,2798.5,2754.0,2783.0,1725400.0
2023-10-12,45280,2785.0,2812.5,2785.0,2811.5,0,0,1326000.0,3722866200.0,1.0,2785.0,2812.5,2785.0,2811.5,1326000.0
2023-10-13,45280,2800.0,2810.0,2783.5,2795.0,0,0,1467800.0,4102517200.0,1.0,2800.0,2810.0,2783.5,2795.0,1467800.0
2023-10-16,45280,2800.5,2807.0,2777.5,2794.0,0,0,1430800.0,3997594000.0,1.0,2800.5,2807.0,2777.5,2794.0,1430800.0
2023-10-17,45280,2794.0,2795.5,2746.0,2758.0,0,0,1503600.0,4154337300.0,1.0,2794.0,2795.5,2746.0,2758.0,1503600.0
2023-10-18,45280,2762.5,2775.5,2718.0,2738.5,0,0,1511300.0,4138415100.0,1.0,2762.5,2775.5,2718.0,2738.5,1511300.0
2023-10-19,45280,2712.5,2735.0,2682.5,2684.0,0,0,1057200.0,2852410900.0,1.0,2712.5,2735.0,2682.5,2684.0,1057200.0
2023-10-20,45280,2670.0,2685.0,2631.5,2631.5,0,0,1691600.0,4481917200.0,1.0,2670.0,2685.0,2631.5,2631.5,1691600.0
2023-10-23,45280,2642.0,2657.0,2626.0,2635.5,0,0,1474400.0,3893606450.0,1.0,2642.0,2657.0,2626.0,2635.5,1474400.0
2023-10-24,45280,2600.0,2620.0,2548.5,2608.0,0,0,1932600.0,5006418450.0,1.0,2600.0,2620.0,2548.5,2608.0,1932600.0
2023-10-25,45280,2604.5,2617.5,2589.0,2596.0,0,0,1471200.0,3830456850.0,1.0,2604.5,2617.5,2589.0,2596.0,1471200.0
2023-10-26,45280,2592.0,2610.0,2573.0,2607.5,0,0,1621600.0,4212971050.0,1.0,2592.0,2610.0,2573.0,2607.5,1621600.0
2023-10-27,45280,2607.5,2650.0,2590.5,2647.5,0,0,1750200.0,4608000900.0,1.0,2607.5,2650.0,2590.5,2647.5,1750200.0
2023-10-30,45280,2581.0,2598.0,2552.0,2557.0,0,0,5947000.0,15225675900.0,1.0,2581.0,2598.0,2552.0,2557.0,5947000.0
2023-10-31,45280,2565.5,2620.0,2565.5,2601.5,0,0,2489600.0,6472377700.0,1.0,2565.5,2620.0,2565.5,2601.5,2489600.0
2023-11-01,45280,2676.5,2681.0,2560.0,2561.0,0,0,4105500.0,10691965450.0,1.0,2676.5,2681.0,2560.0,2561.0,4105500.0
2023-11-02,45280,2561.0,2657.0,2543.0,2647.5,0,0,3380300.0,8872743600.0,1.0,2561.0,2657.0,2543.0,2647.5,3380300.0
2023-11-06,45280,2697.5,2697.5,2592.0,2601.0,0,0,3022300.0,7905491000.0,1.0,2697.5,2697.5,2592.0,2601.0,3022300.0
2023-11-07,45280,2610.0,2636.0,2599.5,2609.5,0,0,1990800.0,5203194800.0,1.0,2610.0,2636.0,2599.5,2609.5,1990800.0
2023-11-08,45280,2630.0,2686.5,2622.0,2679.0,0,0,1982600.0,5288709250.0,1.0,2630.0,2686.5,2622.0,2679.0,1982600.0
2023-11-09,45280,2680.0,2691.0,2641.5,2656.0,0,0,1124900.0,2988070550.0,1.0,2680.0,2691.0,2641.5,2656.0,1124900.0
2023-11-10,45280,2630.0,2650.5,2622.0,2642.0,0,0,947100.0,2497457100.0,1.0,2630.0,2650.5,2622.0,2642.0,947100.0
2023-11-13,45280,2635.0,2665.0,2635.0,2655.5,0,0,1070800.0,2840370700.0,1.0,2635.0,2665.0,2635.0,2655.5,1070800.0
2023-11-14,45280,2659.0,2666.5,2626.0,2637.0,0,0,1009200.0,2668754400.0,1.0,2659.0,2666.5,2626.0,2637.0,1009200.0
2023-11-15,45280,2677.5,2694.5,2669.0,2691.5,0,0,1844700.0,4950278200.0,1.0,2677.5,2694.5,2669.0,2691.5,1844700.0
2023-11-16,45280,2699.0,2718.0,2656.0,2667.5,0,0,1432400.0,3830456300.0,1.0,2699.0,2718.0,2656.0,2667.5,1432400.0
2023-11-17,45280,2659.0,2685.0,2643.0,2685.0,0,0,1451400.0,3871572400.0,1.0,2659.0,2685.0,2643.0,2685.0,1451400.0
2023-11-20,45280,2717.5,2758.5,2706.5,2751.5,0,0,1699500.0,4659951200.0,1.0,2717.5,2758.5,2706.5,2751.5,1699500.0
2023-11-21,45280,2752.5,2753.5,2714.5,2742.5,0,0,1356500.0,3709231650.0,1.0,2752.5,2753.5,2714.5,2742.5,1356500.0
2023-11-22,45280,2757.0,2804.0,2750.0,2801.0,0,0,1323300.0,3691019150.0,1.0,2757.0,2804.0,2750.0,2801.0,1323300.0
2023-11-24,45280,2830.0,2849.0,2812.0,2849.0,0,0,1294500.0,3672055400.0,1.0,2830.0,2849.0,2812.0,2849.0,1294500.0
2023-11-27,45280,2849.0,2849.0,2800.5,2812.5,0,0,1007200.0,2841924800.0,1.0,2849.0,2849.0,2800.5,2812.5,1007200.0
2023-11-28,45280,2795.0,2800.0,2730.5,2738.0,0,0,1853000.0,5083834600.0,1.0,2795.0,2800.0,2730.5,2738.0,1853000.0
2023-11-29,45280,2702.5,2708.5,2678.0,2692.0,0,0,1576400.0,4246234950.0,1.0,2702.5,2708.5,2678.0,2692.0,1576400.0
2023-11-30,45280,2690.0,2723.0,2675.5,2721.0,0,0,3236200.0,8781540800.0,1.0,2690.0,2723.0,2675.5,2721.0,3236200.0
2023-12-01,45280,2737.5,2743.0,2693.0,2708.0,0,0,1380500.0,3740473300.0,1.0,2737.5,2743.0,2693.0,2708.0,1380500.0
2023-12-04,45280,2674.5,2710.5,2667.0,2701.5,0,0,1268900.0,3419656550.0,1.0,2674.5,2710.5,2667.0,2701.5,1268900.0
2023-12-05,45280,2720.0,2720.0,2681.0,2694.0,0,0,2095200.0,5647872300.0,1.0,2720.0,2720.0,2681.0,2694.0,2095200.0
2023-12-06,45280,2702.5,2708.0,2683.0,2694.5,0,0,1445900.0,3894467250.0,1.0,2702.5,2708.0,2683.0,2694.5,1445900.0
2023-12-07,45280,2704.0,2704.0,2588.5,2596.0,0,0,2058800.0,5396966400.0,1.0,2704.0,2704.0,2588.5,2596.0,2058800.0
2023-12-08,45280,2546.0,2577.0,2463.5,2550.5,0,0,3348400.0,8537249950.0,1.0,2546.0,2577.0,2463.5,2550.5,3348400.0
2023-12-11,45280,2581.0,2611.0,2573.0,2606.0,0,0,1373400.0,3568751800.0,1.0,2581.0,2611.0,2573.0,2606.0,1373400.0
2023-12-12,45280,2612.0,2634.5,2605.0,2605.0,0,0,1356500.0,3547504900.0,1.0,2612.0,2634.5,2605.0,2605.0,1356500.0
2023-12-13,45280,2590.0,2599.5,2543.5,2546.5,0,0,1611900.0,4119506650.0,1.0,2590.0,2599.5,2543.5,2546.5,1611900.0
2023-12-14,45280,2561.0,2572.0,2525.5,2540.0,0,0,1226000.0,3119420450.0,1.0,2561.0,2572.0,2525.5,2540.0,1226000.0
2023-12-15,45280,2559.5,2564.5,2525.0,2542.0,0,0,2040500.0,5190271200.0,1.0,2559.5,2564.5,2525.0,2542.0,2040500.0
2023-12-18,45280,2512.0,2518.0,2462.0,2494.0,0,0,1620600.0,4029661150.0,1.0,2512.0,2518.0,2462.0,2494.0,1620600.0
2023-12-19,45280,2504.0,2505.0,2481.0,2500.0,0,0,1104600.0,2756911500.0,1.0,2504.0,2505.0,2481.0,2500.0,1104600.0
2023-12-20,45280,2510.0,2518.0,2496.0,2503.5,0,0,1222300.0,3061476150.0,1.0,2510.0,2518.0,2496.0,2503.5,1222300.0
2023-12-21,45280,2455.0,2459.5,2439.0,2451.0,0,0,1752600.0,4295893650.0,1.0,2455.0,2459.5,2439.0,2451.0,1752600.0
2023-12-22,45280,2456.5,2473.0,2454.5,2472.5,0,0,1141200.0,2815940100.0,1.0,2456.5,2473.0,2454.5,2472.5,1141200.0
2023-12-25,45280,2480.5,2488.0,2473.0,2479.5,0,0,572800.0,1420640600.0,1.0,2480.5,2488.0,2473.0,2479.5,572800.0
2023-12-26,45280,2483.0,2509.0,2479.0,2486.5,0,0,921100.0,2294641700.0,1.0,2483.0,2509.0,2479.0,2486.5,921100.0
2023-12-27,45280,2489.0,2513.5,2489.0,2513.5,0,0,990600.0,2485134100.0,1.0,2489.0,2513.5,2489.0,2513.5,990600.0
2023-12-28,45280,2518.0,2526.5,2499.0,2516.5,0,0,640700.0,1608984900.0,1.0,2518.0,2526.5,2499.0,2516.5,640700.0
2023-12-29,45280,2510.0,2525.5,2499.0,2516.0,0,0,1063500.0,2673946900.0,1.0,2510.0,2525.5,2499.0,2516.0,1063500.0
2024-01-04,45280,2560.0,2628.0,2517.0,2628.0,0,0,1975800.0,5129366100.0,1.0,2560.0,2628.0,2517.0,2628.0,1975800.0
2024-01-05,45280,2638.0,2639.5,2616.5,2639.5,0,0,1020800.0,2686899800.0,1.0,2638.0,2639.5,2616.5,2639.5,1020800.0
2024-01-09,45280,2646.0,2646.5,2612.0,2618.5,0,0,1214900.0,3188375400.0,1.0,2646.0,2646.5,2612.0,2618.5,1214900.0
2024-01-10,45280,2625.0,2664.5,2619.5,2649.0,0,0,1329300.0,3520426950.0,1.0,2625.0,2664.5,2619.5,2649.0,1329300.0
2024-01-11,45280,2674.0,2685.0,2645.0,2663.0,0,0,1489300.0,3959156450.0,1.0,2674.0,2685.0,2645.0,2663.0,1489300.0
2024-01-12,45280,2688.0,2695.0,2652.0,2663.0,0,0,1035200.0,2760017150.0,1.0,2688.0,2695.0,2652.0,2663.0,1035200.0
2024-01-15,45280,2673.0,2682.5,2662.5,2682.0,0,0,533800.0,1428430450.0,1.0,2673.0,2682.5,2662.5,2682.0,533800.0
2024-01-16,45280,2668.0,2680.0,2653.5,2656.5,0,0,1035000.0,2753450900.0,1.0,2668.0,2680.0,2653.5,2656.5,1035000.0
2024-01-17,45280,2706.5,2777.0,2670.0,2681.0,0,0,2710400.0,7328476550.0,1.0,2706.5,2777.0,2670.0,2681.0,2710400.0
2024-01-18,45280,2661.5,2663.5,2553.5,2567.5,0,0,3064800.0,7924195600.0,1.0,2661.5,2663.5,2553.5,2567.5,3064800.0
2024-01-19,45280,2573.0,2578.5,2527.0,2548.0,0,0,1968300.0,5022110150.0,1.0,2573.0,2578.5,2527.0,2548.0,1968300.0
2024-01-22,45280,2564.5,2594.5,2550.0,2594.5,0,0,1496700.0,3863373050.0,1.0,2564.5,2594.5,2550.0,2594.5,1496700.0
2024-01-23,45280,2635.0,2668.0,2624.5,2668.0,0,0,2025200.0,5376585950.0,1.0,2635.0,2668.0,2624.5,2668.0,2025200.0
2024-01-24,45280,2649.5,2675.0,2620.0,2635.0,0,0,1838500.0,4853807950.0,1.0,2649.5,2675.0,2620.0,2635.0,1838500.0
2024-01-25,45280,2635.0,2657.5,2613.0,2620.0,0,0,1299400.0,3411555450.0,1.0,2635.0,2657.5,2613.0,2620.0,1299400.0
2024-01-26,45280,2648.0,2660.5,2612.5,2657.0,0,0,2140000.0,5669874650.0,1.0,2648.0,2660.5,2612.5,2657.0,2140000.0
2024-01-29,45280,2667.5,2668.0,2612.0,2620.0,0,0,1799700.0,4736182700.0,1.0,2667.5,2668.0,2612.0,2620.0,1799700.0
2024-01-30,45280,2647.0,2658.0,2615.5,2626.5,0,0,1543600.0,4058911250.0,1.0,2647.0,2658.0,2615.5,2626.5,1543600.0
2024-01-31,45280,2626.0,2672.0,2623.5,2672.0,0,0,2277000.0,6053378500.0,1.0,2626.0,2672.0,2623.5,2672.0,2277000.0
2024-02-01,45280,2595.0,2607.0,2525.0,2525.5,0,0,4954600.0,12636085400.0,1.0,2595.0,2607.0,2525.0,2525.5,4954600.0
2024-02-02,45280,2515.0,2562.5,2503.0,2535.0,0,0,2190500.0,5562047800.0,1.0,2515.0,2562.5,2503.0,2535.0,2190500.0
2024-02-05,45280,2535.0,2577.0,2531.5,2563.0,0,0,2051700.0,5254062500.0,1.0,2535.0,2577.0,2531.5,2563.0,2051700.0
2024-02-06,45280,2564.5,2571.5,2531.0,2531.0,0,0,2061400.0,5242614400.0,1.0,2564.5,2571.5,2531.0,2531.0,2061400.0
2024-02-07,45280,2562.0,2586.0,2517.5,2517.5,0,0,2476700.0,6294799750.0,1.0,2562.0,2586.0,2517.5,2517.5,2476700.0
2024-02-08,45280,2530.0,2557.0,2522.0,2530.5,0,0,2180500.0,5531319550.0,1.0,2530.0,2557.0,2522.0,2530.5,2180500.0
2024-02-09,45280,2504.0,2525.0,2485.5,2513.0,0,0,2326200.0,5836733600.0,1.0,2504.0,2525.0,2485.5,2513.0,2326200.0
2024-02-13,45280,2500.0,2524.0,2494.0,2520.0,0,0,2603300.0,6532622950.0,1.0,2500.0,2524.0,2494.0,2520.0,2603300.0
2024-02-14,45280,2507.5,2509.0,2465.5,2486.0,0,0,2507400.0,6227541450.0,1.0,2507.5,2509.0,2465.5,2486.0,2507400.0
2024-02-15,45280,2463.5,2469.0,2377.5,2382.5,0,0,3788400.0,9127177550.0,1.0,2463.5,2469.0,2377.5,2382.5,3788400.0
2024-02-16,45280,2412.0,2447.5,2397.5,2443.5,0,0,1841500.0,4479131450.0,1.0,2412.0,2447.5,2397.5,2443.5,1841500.0
2024-02-19,45280,2429.0,2449.0,2413.5,2418.0,0,0,1830400.0,4439680750.0,1.0,2429.0,2449.0,2413.5,2418.0,1830400.0
2024-02-20,45280,2430.0,2465.0,2404.5,2457.5,0,0,2153300.0,5271103350.0,1.0,2430.0,2465.0,2404.5,2457.5,2153300.0
2024-02-21,45280,2434.0,2446.5,2408.0,2423.0,0,0,2496200.0,6041839500.0,1.0,2434.0,2446.5,2408.0,2423.0,2496200.0
2024-02-22,45280,2423.0,2438.0,2413.0,2423.0,0,0,2410300.0,5841860100.0,1.0,2423.0,2438.0,2413.0,2423.0,2410300.0
2024-02-26,45280,2415.0,2455.0,2413.5,2440.0,0,0,2458000.0,6001089000.0,1.0,2415.0,2455.0,2413.5,2440.0,2458000.0
2024-02-27,45280,2420.0,2463.0,2420.0,2463.0,0,0,2420900.0,5939493400.0,1.0,2420.0,2463.0,2420.0,2463.0,2420900.0
2024-02-28,45280,2457.0,2492.5,2446.0,2469.5,0,0,2196100.0,5432147150.0,1.0,2457.0,2492.5,2446.0,2469.5,2196100.0
2024-02-29,45280,2454.0,2488.0,2438.0,2488.0,0,0,4527000.0,11230000800.0,1.0,2454.0,2488.0,2438.0,2488.0,4527000.0
2024-03-01,45280,2482.0,2508.5,2478.0,2487.5,0,0,1925300.0,4801905850.0,1.0,2482.0,2508.5,2478.0,2487.5,1925300.0
2024-03-04,45280,2481.5,2528.5,2480.5,2508.0,0,0,2302700.0,5776744000.0,1.0,2481.5,2528.5,2480.5,2508.0,2302700.0
2024-03-05,45280,2488.0,2489.5,2403.0,2409.5,0,0,3520600.0,8552801850.0,1.0,2488.0,2489.5,2403.0,2409.5,3520600.0
2024-03-06,45280,2441.0,2470.0,2424.5,2430.5,0,0,2728000.0,6669780850.0,1.0,2441.0,2470.0,2424.5,2430.5,2728000.0
2024-03-07,45280,2447.5,2459.0,2432.5,2434.5,0,0,2639000.0,6450381500.0,1.0,2447.5,2459.0,2432.5,2434.5,2639000.0
2024-03-08,45280,2408.0,2440.5,2403.5,2431.5,0,0,1794800.0,4344174350.0,1.0,2408.0,2440.5,2403.5,2431.5,1794800.0
2024-03-11,45280,2442.0,2475.0,2420.0,2459.0,0,0,1942100.0,4751909100.0,1.0,2442.0,2475.0,2420.0,2459.0,1942100.0
2024-03-12,45280,2475.0,2475.0,2412.0,2457.0,0,0,1862500.0,4555131100.0,1.0,2475.0,2475.0,2412.0,2457.0,1862500.0
2024-03-13,45280,2459.5,2486.0,2446.5,2470.0,0,0,1929400.0,4757741250.0,1.0,2459.5,2486.0,2446.5,2470.0,1929400.0
2024-03-14,45280,2450.0,2461.0,2434.5,2458.5,0,0,1719800.0,4216904000.0,1.0,2450.0,2461.0,2434.5,2458.5,1719800.0
2024-03-15,45280,2475.5,2512.0,2454.0,2510.5,0,0,4010300.0,10015373100.0,1.0,2475.5,2512.0,2454.0,2510.5,4010300.0
2024-03-18,45280,2516.0,2536.5,2503.5,2515.0,0,0,1552300.0,3914251150.0,1.0,2516.0,2536.5,2503.5,2515.0,1552300.0
2024-03-19,45280,2505.5,2513.5,2491.5,2510.0,0,0,1527600.0,3826730050.0,1.0,2505.5,2513.5,2491.5,2510.0,1527600.0
2024-03-21,45280,2529.5,2533.0,2496.5,2507.5,0,0,1819000.0,4560192600.0,1.0,2529.5,2533.0,2496.5,2507.5,1819000.0
2024-03-22,45280,2505.5,2525.0,2503.0,2523.5,0,0,1879600.0,4733515700.0,1.0,2505.5,2525.0,2503.0,2523.5,1879600.0
2024-03-25,45280,2525.0,2527.0,2488.0,2497.0,0,0,1220900.0,3054602400.0,1.0,2525.0,2527.0,2488.0,2497.0,1220900.0
2024-03-26,45280,2492.5,2510.5,2483.5,2501.5,0,0,1358500.0,3397128550.0,1.0,2492.5,2510.5,2483.5,2501.5,1358500.0
2024-03-27,45280,2512.0,2542.0,2504.5,2529.5,0,0,1717000.0,4345624750.0,1.0,2512.0,2542.0,2504.5,2529.5,1717000.0
2024-03-28,45280,2489.0,2498.5,2474.5,2477.0,0,0,1374300.0,3410229550.0,1.0,2489.0,2498.5,2474.5,2477.0,1374300.0
2024-03-29,45280,2485.5,2492.5,2442.5,2454.5,0,0,1049000.0,2580081650.0,1.0,2485.5,2492.5,2442.5,2454.5,1049000.0
2024-04-01,45280,2488.5,2523.0,2468.5,2468.5,0,0,2175700.0,5418501400.0,1.0,2488.5,2523.0,2468.5,2468.5,2175700.0
2024-04-02,45280,2487.0,2520.0,2452.5,2499.5,0,0,2358100.0,5882902100.0,1.0,2487.0,2520.0,2452.5,2499.5,2358100.0
2024-04-03,45280,2489.0,2494.0,2432.5,2467.0,0,0,1757600.0,4325415700.0,1.0,2489.0,2494.0,2432.5,2467.0,1757600.0
2024-04-04,45280,2481.0,2481.5,2439.0,2444.0,0,0,1928400.0,4734010100.0,1.0,2481.0,2481.5,2439.0,2444.0,1928400.0
2024-04-05,45280,2428.0,2452.0,2419.0,2447.0,0,0,1359000.0,3315682800.0,1.0,2428.0,2452.0,2419.0,2447.0,1359000.0
2024-04-08,45280,2457.0,2464.0,2433.0,2439.5,0,0,1641900.0,4013748900.0,1.0,2457.0,2464.0,2433.0,2439.5,1641900.0
2024-04-09,45280,2432.5,2439.5,2416.0,2418.5,0,0,1898800.0,4599502200.0,1.0,2432.5,2439.5,2416.0,2418.5,1898800.0
2024-04-10,45280,2431.0,2462.0,2423.5,2437.0,0,0,1717900.0,4195475950.0,1.0,2431.0,2462.0,2423.5,2437.0,1717900.0
2024-04-11,45280,2415.0,2423.5,2375.0,2380.0,0,0,2179100.0,5207683750.0,1.0,2415.0,2423.5,2375.0,2380.0,2179100.0
2024-04-12,45280,2375.0,2392.5,2370.5,2390.0,0,0,1718000.0,4097317150.0,1.0,2375.0,2392.5,2370.5,2390.0,1718000.0
2024-04-15,45280,2369.0,2370.0,2322.5,2348.5,0,0,1862600.0,4372830350.0,1.0,2369.0,2370.0,2322.5,2348.5,1862600.0
2024-04-16,45280,2336.5,2368.0,2310.0,2355.5,0,0,2278100.0,5348649950.0,1.0,2336.5,2368.0,2310.0,2355.5,2278100.0
2024-04-17,45280,2350.0,2356.0,2316.0,2326.5,0,0,1720700.0,4010297350.0,1.0,2350.0,2356.0,2316.0,2326.5,1720700.0
2024-04-18,45280,2300.0,2331.5,2300.0,2301.5,0,0,1926800.0,4452811150.0,1.0,2300.0,2331.5,2300.0,2301.5,1926800.0
2024-04-19,45280,2300.5,2302.0,2238.0,2238.0,0,0,2424800.0,5463691900.0,1.0,2300.5,2302.0,2238.0,2238.0,2424800.0
2024-04-22,45280,2280.0,2304.5,2260.0,2292.5,0,0,2350100.0,5386320500.0,1.0,2280.0,2304.5,2260.0,2292.5,2350100.0
2024-04-23,45280,2296.0,2318.0,2289.0,2290.5,0,0,1838400.0,4224974200.0,1.0,2296.0,2318.0,2289.0,2290.5,1838400.0
2024-04-24,45280,2289.0,2308.0,2282.5,2294.5,0,0,2300000.0,5279841550.0,1.0,2289.0,2308.0,2282.5,2294.5,2300000.0
2024-04-25,45280,2291.5,2300.0,2269.0,2269.5,0,0,1863000.0,4249129000.0,1.0,2291.5,2300.0,2269.0,2269.5,1863000.0
2024-04-26,45280,2264.5,2301.0,2241.0,2300.0,0,0,3191300.0,7313442900.0,1.0,2264.5,2301.0,2241.0,2300.0,3191300.0
2024-04-30,45280,2300.0,2301.5,2232.5,2276.0,0,0,4146100.0,9399036250.0,1.0,2300.0,2301.5,2232.5,2276.0,4146100.0
2024-05-01,45280,2300.0,2326.0,2282.0,2324.0,0,0,2496400.0,5773499100.0,1.0,2300.0,2326.0,2282.0,2324.0,2496400.0
2024-05-02,45280,2344.5,2344.5,2293.5,2305.5,0,0,2005400.0,4627807350.0,1.0,2344.5,2344.5,2293.5,2305.5,2005400.0
2024-05-07,45280,2320.5,2321.0,2282.5,2297.0,0,0,2016200.0,4638113200.0,1.0,2320.5,2321.0,2282.5,2297.0,2016200.0
2024-05-08,45280,2300.0,2307.5,2278.0,2293.5,0,0,2080000.0,4765552800.0,1.0,2300.0,2307.5,2278.0,2293.5,2080000.0
2024-05-09,45280,2320.0,2358.5,2239.0,2273.5,0,0,5198700.0,11925527500.0,1.0,2320.0,2358.5,2239.0,2273.5,5198700.0
2024-05-10,45280,2250.5,2297.0,2249.0,2293.5,0,0,2525000.0,5765751650.0,1.0,2250.5,2297.0,2249.0,2293.5,2525000.0
2024-05-13,45280,2269.5,2321.5,2262.5,2320.0,0,0,2375300.0,5480132350.0,1.0,2269.5,2321.5,2262.5,2320.0,2375300.0
2024-05-14,45280,2390.5,2391.0,2322.0,2327.5,0,0,2427600.0,5681687450.0,1.0,2390.5,2391.0,2322.0,2327.5,2427600.0
2024-05-15,45280,2340.0,2385.0,2306.5,2306.5,0,0,2023400.0,4714281600.0,1.0,2340.0,2385.0,2306.5,2306.5,2023400.0
2024-05-16,45280,2300.0,2300.5,2243.0,2261.0,0,0,1933400.0,4380226800.0,1.0,2300.0,2300.5,2243.0,2261.0,1933400.0
2024-05-17,45280,2268.5,2271.5,2245.0,2264.0,0,0,1270100.0,2872237600.0,1.0,2268.5,2271.5,2245.0,2264.0,1270100.0
2024-05-20,45280,2264.5,2317.5,2264.5,2306.0,0,0,1687900.0,3884564850.0,1.0,2264.5,2317.5,2264.5,2306.0,1687900.0
2024-05-21,45280,2292.0,2309.5,2282.0,2290.0,0,0,1552200.0,3559600200.0,1.0,2292.0,2309.5,2282.0,2290.0,1552200.0
2024-05-22,45280,2298.0,2316.5,2250.5,2250.5,0,0,1533100.0,3476006950.0,1.0,2298.0,2316.5,2250.5,2250.5,1533100.0
2024-05-23,45280,2250.0,2281.5,2243.5,2272.0,0,0,1369000.0,3105762450.0,1.0,2250.0,2281.5,2243.5,2272.0,1369000.0
2024-05-24,45280,2240.5,2258.0,2226.0,2246.0,0,0,1290200.0,2898203300.0,1.0,2240.5,2258.0,2226.0,2246.0,1290200.0
2024-05-27,45280,2157.5,2206.5,2153.5,2198.0,0,0,2459900.0,5379496550.0,1.0,2157.5,2206.5,2153.5,2198.0,2459900.0
2024-05-28,45280,2198.0,2225.5,2192.0,2208.0,0,0,1730100.0,3816074450.0,1.0,2198.0,2225.5,2192.0,2208.0,1730100.0
2024-05-29,45280,2209.5,2221.5,2195.5,2204.0,0,0,1414100.0,3119486800.0,1.0,2209.5,2221.5,2195.5,2204.0,1414100.0
2024-05-30,45280,2202.5,2226.0,2191.5,2200.0,0,0,2176600.0,4803110000.0,1.0,2202.5,2226.0,2191.5,2200.0,2176600.0
2024-05-31,45280,2228.0,2275.0,2215.5,2275.0,0,0,9815700.0,22273171550.0,1.0,2228.0,2275.0,2215.5,2275.0,9815700.0
2024-06-03,45280,2237.0,2285.0,2228.0,2245.0,0,0,2007900.0,4519098300.0,1.0,2237.0,2285.0,2228.0,2245.0,2007900.0
2024-06-04,45280,2245.0,2287.0,2236.5,2278.5,0,0,1692500.0,3844403000.0,1.0,2245.0,2287.0,2236.5,2278.5,1692500.0
2024-06-05,45280,2289.0,2298.5,2237.0,2240.0,0,0,1427900.0,3213371750.0,1.0,2289.0,2298.5,2237.0,2240.0,1427900.0
2024-06-06,45280,2235.0,2241.5,2217.5,2228.0,0,0,1838100.0,4094642700.0,1.0,2235.0,2241.5,2217.5,2228.0,1838100.0
2024-06-07,45280,2210.0,2240.5,2207.0,2236.5,0,0,1633200.0,3641274150.0,1.0,2210.0,2240.5,2207.0,2236.5,1633200.0
2024-06-10,45280,2245.0,2263.5,2229.5,2247.0,0,0,1364800.0,3068428500.0,1.0,2245.0,2263.5,2229.5,2247.0,1364800.0
2024-06-11,45280,2245.0,2245.0,2200.0,2203.0,0,0,1443000.0,3192094100.0,1.0,2245.0,2245.0,2200.0,2203.0,1443000.0
2024-06-12,45280,2171.0,2195.0,2157.0,2159.0,0,0,2182600.0,4734845900.0,1.0,2171.0,2195.0,2157.0,2159.0,2182600.0
2024-06-13,45280,2152.0,2161.5,2116.0,2125.5,0,0,2391800.0,5096248900.0,1.0,2152.0,2161.5,2116.0,2125.5,2391800.0
2024-06-14,45280,2124.0,2155.5,2120.0,2138.0,0,0,1946900.0,4160812450.0,1.0,2124.0,2155.5,2120.0,2138.0,1946900.0
2024-06-17,45280,2150.0,2154.0,2127.5,2142.5,0,0,1140500.0,2439330950.0,1.0,2150.0,2154.0,2127.5,2142.5,1140500.0
2024-06-18,45280,2144.5,2151.5,2130.0,2140.0,0,0,1266600.0,2709455150.0,1.0,2144.5,2151.5,2130.0,2140.0,1266600.0
2024-06-19,45280,2134.0,2135.0,2110.0,2115.0,0,0,1520000.0,3218458900.0,1.0,2134.0,2135.0,2110.0,2115.0,1520000.0
2024-06-20,45280,2110.5,2121.0,2097.5,2108.0,0,0,1207700.0,2545766150.0,1.0,2110.5,2121.0,2097.5,2108.0,1207700.0
2024-06-21,45280,2120.5,2160.0,2119.0,2140.0,0,0,3763100.0,8058061550.0,1.0,2120.5,2160.0,2119.0,2140.0,3763100.0
2024-06-24,45280,2190.0,2205.0,2170.5,2197.0,0,0,1640400.0,3596580050.0,1.0,2190.0,2205.0,2170.5,2197.0,1640400.0
2024-06-25,45280,2222.0,2241.5,2207.0,2230.5,0,0,1639600.0,3650393850.0,1.0,2222.0,2241.5,2207.0,2230.5,1639600.0
2024-06-26,45280,2233.0,2236.0,2205.0,2229.5,0,0,2053400.0,4568593850.0,1.0,2233.0,2236.0,2205.0,2229.5,2053400.0
2024-06-27,45280,2224.0,2231.5,2206.0,2217.0,0,0,1291400.0,2865142400.0,1.0,2224.0,2231.5,2206.0,2217.0,1291400.0
2024-06-28,45280,2230.0,2239.0,2195.0,2196.5,0,0,1712000.0,3768703350.0,1.0,2230.0,2239.0,2195.0,2196.5,1712000.0
2024-07-01,45280,2211.0,2224.5,2203.5,2221.0,0,0,1481700.0,3283462450.0,1.0,2211.0,2224.5,2203.5,2221.0,1481700.0
2024-07-02,45280,2228.5,2238.5,2213.0,2232.5,0,0,1755100.0,3911980650.0,1.0,2228.5,2238.5,2213.0,2232.5,1755100.0
2024-07-03,45280,2222.5,2227.5,2202.0,2218.0,0,0,1557000.0,3448201600.0,1.0,2222.5,2227.5,2202.0,2218.0,1557000.0
2024-07-04,45280,2231.0,2241.0,2213.5,2219.5,0,0,1181400.0,2626747700.0,1.0,2231.0,2241.0,2213.5,2219.5,1181400.0
2024-07-05,45280,2209.0,2212.5,2179.0,2181.5,0,0,1221400.0,2672390500.0,1.0,2209.0,2212.5,2179.0,2181.5,1221400.0
2024-07-08,45280,2188.5,2197.0,2176.0,2189.0,0,0,980000.0,2144382350.0,1.0,2188.5,2197.0,2176.0,2189.0,980000.0
2024-07-09,45280,2182.0,2196.0,2171.0,2188.0,0,0,1090200.0,2382285500.0,1.0,2182.0,2196.0,2171.0,2188.0,1090200.0
2024-07-10,45280,2188.0,2188.0,2156.5,2171.0,0,0,2135700.0,4631661350.0,1.0,2188.0,2188.0,2156.5,2171.0,2135700.0
2024-07-11,45280,2184.5,2235.5,2183.5,2231.5,0,0,1995200.0,4439645500.0,1.0,2184.5,2235.5,2183.5,2231.5,1995200.0
2024-07-12,45280,2233.0,2292.0,2231.5,2263.0,0,0,2736800.0,6205352600.0,1.0,2233.0,2292.0,2231.5,2263.0,2736800.0
2024-07-16,45280,2266.0,2271.0,2215.0,2218.0,0,0,2125100.0,4730806350.0,1.0,2266.0,2271.0,2215.0,2218.0,2125100.0
2024-07-17,45280,2202.0,2238.5,2201.5,2223.5,0,0,1557100.0,3462018500.0,1.0,2202.0,2238.5,2201.5,2223.5,1557100.0
2024-07-18,45280,2230.0,2267.5,2225.5,2255.5,0,0,1108400.0,2498961350.0,1.0,2230.0,2267.5,2225.5,2255.5,1108400.0
2024-07-19,45280,2254.0,2266.5,2238.5,2264.0,0,0,1342500.0,3031539350.0,1.0,2254.0,2266.5,2238.5,2264.0,1342500.0
2024-07-22,45280,2260.0,2261.5,2231.0,2249.0,0,0,835800.0,1877445250.0,1.0,2260.0,2261.5,2231.0,2249.0,835800.0
2024-07-23,45280,2245.0,2262.0,2237.0,2254.0,0,0,939600.0,2115130150.0,1.0,2245.0,2262.0,2237.0,2254.0,939600.0
2024-07-24,45280,2253.5,2261.5,2224.0,2229.0,0,0,1053000.0,2353845800.0,1.0,2253.5,2261.5,2224.0,2229.0,1053000.0
2024-07-25,45280,2229.0,2256.5,2222.5,2243.5,0,0,1194800.0,2681083550.0,1.0,2229.0,2256.5,2222.5,2243.5,1194800.0
2024-07-26,45280,2260.0,2275.0,2253.0,2262.0,0,0,1344400.0,3043124900.0,1.0,2260.0,2275.0,2253.0,2262.0,1344400.0
2024-07-29,45280,2280.0,2302.0,2276.0,2289.5,0,0,1276400.0,2919630250.0,1.0,2280.0,2302.0,2276.0,2289.5,1276400.0
2024-07-30,45280,2271.5,2279.5,2251.5,2270.5,0,0,1511800.0,3427724200.0,1.0,2271.5,2279.5,2251.5,2270.5,1511800.0
2024-07-31,45280,2270.0,2274.5,2221.5,2237.5,0,0,3024900.0,6780540900.0,1.0,2270.0,2274.5,2221.5,2237.5,3024900.0
2024-08-01,45280,2205.0,2217.5,2147.5,2154.5,0,0,2621100.0,5684309100.0,1.0,2205.0,2217.5,2147.5,2154.5,2621100.0
2024-08-02,45280,2158.5,2164.5,2127.5,2149.5,0,0,2408400.0,5181007950.0,1.0,2158.5,2164.5,2127.5,2149.5,2408400.0
2024-08-05,45280,2082.0,2178.0,2071.0,2094.0,0,0,3547200.0,7509108400.0,1.0,2082.0,2178.0,2071.0,2094.0,3547200.0
2024-08-06,45280,2186.5,2197.0,2055.0,2104.0,0,0,2851600.0,6035847600.0,1.0,2186.5,2197.0,2055.0,2104.0,2851600.0
2024-08-07,45280,2081.0,2161.5,2063.0,2112.5,0,0,2561900.0,5430141700.0,1.0,2081.0,2161.5,2063.0,2112.5,2561900.0
2024-08-08,45280,2112.0,2174.5,2112.0,2159.0,0,0,2013000.0,4339882150.0,1.0,2112.0,2174.5,2112.0,2159.0,2013000.0
2024-08-09,45280,2180.5,2182.0,2110.5,2124.0,0,0,1857300.0,3983974500.0,1.0,2180.5,2182.0,2110.5,2124.0,1857300.0
2024-08-13,45280,2100.0,2114.5,2073.5,2100.5,0,0,2006800.0,4205214850.0,1.0,2100.0,2114.5,2073.5,2100.5,2006800.0
2024-08-14,45280,2098.5,2126.0,2085.5,2120.0,0,0,1398900.0,2956610550.0,1.0,2098.5,2126.0,2085.5,2120.0,1398900.0
2024-08-15,45280,2120.5,2156.5,2116.0,2154.5,0,0,1225900.0,2624437400.0,1.0,2120.5,2156.5,2116.0,2154.5,1225900.0
2024-08-16,45280,2173.5,2174.5,2135.0,2152.0,0,0,1348100.0,2903026550.0,1.0,2173.5,2174.5,2135.0,2152.0,1348100.0
2024-08-19,45280,2147.5,2151.5,2125.5,2144.5,0,0,945800.0,2025474100.0,1.0,2147.5,2151.5,2125.5,2144.5,945800.0
2024-08-20,45280,2158.0,2174.0,2138.5,2150.0,0,0,1313800.0,2829994450.0,1.0,2158.0,2174.0,2138.5,2150.0,1313800.0
2024-08-21,45280,2141.0,2165.5,2134.0,2147.0,0,0,1364600.0,2935855250.0,1.0,2141.0,2165.5,2134.0,2147.0,1364600.0
2024-08-22,45280,2147.0,2205.0,2143.0,2194.5,0,0,2005100.0,4392855850.0,1.0,2147.0,2205.0,2143.0,2194.5,2005100.0
2024-08-23,45280,2200.0,2219.5,2195.0,2219.5,0,0,1244800.0,2752783650.0,1.0,2200.0,2219.5,2195.0,2219.5,1244800.0
2024-08-26,45280,2191.5,2193.0,2154.5,2163.0,0,0,1859600.0,4029936600.0,1.0,2191.5,2193.0,2154.5,2163.0,1859600.0
2024-08-27,45280,2164.5,2179.0,2148.0,2162.5,0,0,1383900.0,2989687450.0,1.0,2164.5,2179.0,2148.0,2162.5,1383900.0
2024-08-28,45280,2162.0,2188.5,2147.5,2181.5,0,0,1079700.0,2348848000.0,1.0,2162.0,2188.5,2147.5,2181.5,1079700.0
2024-08-29,45280,2175.0,2184.0,2155.5,2162.5,0,0,1418700.0,3072027150.0,1.0,2175.0,2184.0,2155.5,2162.5,1418700.0
2024-08-30,45280,2154.5,2165.5,2141.5,2156.0,0,0,2813600.0,6063655700.0,1.0,2154.5,2165.5,2141.5,2156.0,2813600.0
2024-09-02,45280,2137.5,2137.5,2074.0,2078.5,0,0,2165900.0,4539124250.0,1.0,2137.5,2137.5,2074.0,2078.5,2165900.0
2024-09-03,45280,2076.5,2095.0,2061.0,2094.0,0,0,1919800.0,3995547600.0,1.0,2076.5,2095.0,2061.0,2094.0,1919800.0
2024-09-04,45280,2073.5,2111.5,2066.0,2081.5,0,0,2141100.0,4470871300.0,1.0,2073.5,2111.5,2066.0,2081.5,2141100.0
2024-09-05,45280,2075.0,2078.5,2048.0,2055.0,0,0,1916600.0,3946137650.0,1.0,2075.0,2078.5,2048.0,2055.0,1916600.0
2024-09-06,45280,2031.0,2047.0,2008.5,2016.5,0,0,2486300.0,5023861000.0,1.0,2031.0,2047.0,2008.5,2016.5,2486300.0
2024-09-09,45280,2013.5,2020.5,1970.0,1985.0,0,0,1840700.0,3655856750.0,1.0,2013.5,2020.5,1970.0,1985.0,1840700.0
2024-09-10,45280,1984.0,1999.5,1939.0,1941.5,0,0,2524600.0,4942335350.0,1.0,1984.0,1999.5,1939.0,1941.5,2524600.0
2024-09-11,45280,1944.5,1958.0,1912.5,1927.0,0,0,2208200.0,4259709100.0,1.0,1944.5,1958.0,1912.5,1927.0,2208200.0
2024-09-12,45280,1937.5,1948.0,1911.5,1930.0,0,0,1886200.0,3631788850.0,1.0,1937.5,1948.0,1911.5,1930.0,1886200.0
2024-09-13,45280,1899.5,1910.0,1896.0,1909.0,0,0,2150100.0,4093166100.0,1.0,1899.5,1910.0,1896.0,1909.0,2150100.0
2024-09-17,45280,1913.0,1931.5,1893.0,1908.5,0,0,3184800.0,6082895700.0,1.0,1913.0,1931.5,1893.0,1908.5,3184800.0
2024-09-18,45280,1912.5,1931.0,1905.0,1930.0,0,0,1482400.0,2852706300.0,1.0,1912.5,1931.0,1905.0,1930.0,1482400.0
2024-09-19,45280,1951.0,1982.0,1950.0,1977.0,0,0,1631000.0,3217152600.0,1.0,1951.0,1982.0,1950.0,1977.0,1631000.0
2024-09-20,45280,1977.0,1985.0,1956.0,1967.5,0,0,2441600.0,4804986550.0,1.0,1977.0,1985.0,1956.0,1967.5,2441600.0
2024-09-24,45280,1950.0,1967.5,1942.0,1953.0,0,0,2323300.0,4543927100.0,1.0,1950.0,1967.5,1942.0,1953.0,2323300.0
2024-09-25,45280,1938.5,1971.0,1938.5,1961.5,0,0,1952500.0,3822710150.0,1.0,1938.5,1971.0,1938.5,1961.5,1952500.0
2024-09-26,45280,1957.0,1982.5,1954.5,1982.5,0,0,2518400.0,4973449050.0,1.0,1957.0,1982.5,1954.5,1982.5,2518400.0
2024-09-27,45280,1920.0,1952.0,1920.0,1943.0,0,0,2306600.0,4474388550.0,1.0,1920.0,1952.0,1920.0,1943.0,2306600.0
2024-09-30,45280,1918.0,1927.5,1894.0,1911.5,0,0,2243700.0,4284711850.0,1.0,1918.0,1927.5,1894.0,1911.5,2243700.0
2024-10-01,45280,1923.0,1948.5,1916.5,1932.0,0,0,2021700.0,3915079250.0,1.0,1923.0,1948.5,1916.5,1932.0,2021700.0
2024-10-02,45280,1956.5,1977.5,1950.5,1950.5,0,0,2837900.0,5564040850.0,1.0,1956.5,1977.5,1950.5,1950.5,2837900.0
2024-10-03,45280,1954.0,1984.5,1954.0,1974.0,0,0,1532800.0,3022061250.0,1.0,1954.0,1984.5,1954.0,1974.0,1532800.0
2024-10-04,45280,1968.0,2010.0,1968.0,2009.5,0,0,1624300.0,3245173950.0,1.0,1968.0,2010.0,1968.0,2009.5,1624300.0
2024-10-07,45280,2010.0,2020.0,1997.5,2018.5,0,0,1377600.0,2775113400.0,1.0,2010.0,2020.0,1997.5,2018.5,1377600.0
2024-10-08,45280,2009.0,2031.0,2001.0,2020.0,0,0,1860700.0,3753770550.0,1.0,2009.0,2031.0,2001.0,2020.0,1860700.0
2024-10-09,45280,2025.5,2036.0,2004.5,2024.0,0,0,1499000.0,3027396350.0,1.0,2025.5,2036.0,2004.5,2024.0,1499000.0
2024-10-10,45280,2036.0,2044.0,2025.5,2030.0,0,0,1512200.0,3073016350.0,1.0,2036.0,2044.0,2025.5,2030.0,1512200.0
2024-10-11,45280,2021.5,2025.0,1990.0,1992.5,0,0,1626700.0,3254215600.0,1.0,2021.5,2025.0,1990.0,1992.5,1626700.0
2024-10-15,45280,2008.5,2014.0,1991.0,1994.5,0,0,1286500.0,2572401000.0,1.0,2008.5,2014.0,1991.0,1994.5,1286500.0
2024-10-16,45280,1997.5,1997.5,1961.0,1961.0,0,0,1747500.0,3444623200.0,1.0,1997.5,1997.5,1961.0,1961.0,1747500.0
2024-10-17,45280,1969.0,1998.0,1963.0,1985.0,0,0,1423700.0,2823371650.0,1.0,1969.0,1998.0,1963.0,1985.0,1423700.0
2024-10-18,45280,1993.0,2010.0,1988.5,1996.5,0,0,1434600.0,2869929000.0,1.0,1993.0,2010.0,1988.5,1996.5,1434600.0
2024-10-21,45280,1996.0,2016.0,1990.5,2007.0,0,0,1220500.0,2450960500.0,1.0,1996.0,2016.0,1990.5,2007.0,1220500.0
2024-10-22,45280,2007.0,2007.5,1968.0,1968.5,0,0,1174800.0,2324968150.0,1.0,2007.0,2007.5,1968.0,1968.5,1174800.0
2024-10-23,45280,1978.0,1994.0,1952.0,1958.0,0,0,1253900.0,2464757400.0,1.0,1978.0,1994.0,1952.0,1958.0,1253900.0
2024-10-24,45280,1940.0,1953.0,1925.0,1942.0,0,0,1090600.0,2119567900.0,1.0,1940.0,1953.0,1925.0,1942.0,1090600.0
2024-10-25,45280,1956.0,1956.5,1915.0,1919.5,0,0,1436200.0,2762826300.0,1.0,1956.0,1956.5,1915.0,1919.5,1436200.0
2024-10-28,45280,1922.0,1956.0,1922.0,1949.0,0,0,1107600.0,2155789000.0,1.0,1922.0,1956.0,1922.0,1949.0,1107600.0
2024-10-29,45280,1937.0,1966.5,1936.0,1951.0,0,0,1366200.0,2669800850.0,1.0,1937.0,1966.5,1936.0,1951.0,1366200.0
2024-10-30,45280,1947.5,1959.0,1938.0,1938.0,0,0,3188600.0,6195012000.0,1.0,1947.5,1959.0,1938.0,1938.0,3188600.0
2024-10-31,45280,1950.0,1951.5,1910.5,1912.5,0,0,3012100.0,5789375700.0,1.0,1950.0,1951.5,1910.5,1912.5,3012100.0
2024-11-01,45280,1899.0,1976.0,1899.0,1958.0,0,0,2135000.0,4174392650.0,1.0,1899.0,1976.0,1899.0,1958.0,2135000.0
2024-11-05,45280,1958.0,1962.0,1899.5,1933.0,0,0,1988500.0,3856748800.0,1.0,1958.0,1962.0,1899.5,1933.0,1988500.0
2024-11-06,45280,1928.0,1964.0,1919.0,1935.0,0,0,2665800.0,5166142200.0,1.0,1928.0,1964.0,1919.0,1935.0,2665800.0
2024-11-07,45280,1969.5,2019.0,1967.0,2004.0,0,0,2874500.0,5760603450.0,1.0,1969.5,2019.0,1967.0,2004.0,2874500.0
2024-11-08,45280,1988.5,1997.5,1902.0,1905.0,0,0,2557200.0,4924663750.0,1.0,1988.5,1997.5,1902.0,1905.0,2557200.0
2024-11-11,45280,1913.0,1923.0,1873.5,1873.5,0,0,1999900.0,3769117850.0,1.0,1913.0,1923.0,1873.5,1873.5,1999900.0
2024-11-12,45280,1872.0,1888.5,1850.0,1850.0,0,0,2158000.0,4021692650.0,1.0,1872.0,1888.5,1850.0,1850.0,2158000.0
2024-11-13,45280,1841.0,1859.5,1832.5,1836.5,0,0,2269400.0,4177682700.0,1.0,1841.0,1859.5,1832.5,1836.5,2269400.0
2024-11-14,45280,1836.5,1850.0,1809.0,1809.0,0,0,1853500.0,3377609800.0,1.0,1836.5,1850.0,1809.0,1809.0,1853500.0
2024-11-15,45280,1819.5,1846.0,1815.5,1815.5,0,0,1999700.0,3652988450.0,1.0,1819.5,1846.0,1815.5,1815.5,1999700.0
2024-11-18,45280,1819.5,1825.0,1788.5,1792.0,0,0,1858000.0,3340455750.0,1.0,1819.5,1825.0,1788.5,1792.0,1858000.0
2024-11-19,45280,1795.0,1815.0,1753.0,1766.5,0,0,2493000.0,4440221300.0,1.0,1795.0,1815.0,1753.0,1766.5,2493000.0
2024-11-20,45280,1776.0,1785.0,1738.0,1745.0,0,0,2247700.0,3936579600.0,1.0,1776.0,1785.0,1738.0,1745.0,2247700.0
2024-11-21,45280,1760.0,1761.0,1738.5,1746.5,0,0,1699000.0,2968947200.0,1.0,1760.0,1761.0,1738.5,1746.5,1699000.0
2024-11-22,45280,1744.0,1772.5,1742.5,1747.5,0,0,2056800.0,3606932500.0,1.0,1744.0,1772.5,1742.5,1747.5,2056800.0
2024-11-25,45280,1760.0,1776.0,1709.5,1717.0,0,0,4633600.0,8011810200.0,1.0,1760.0,1776.0,1709.5,1717.0,4633600.0
2024-11-26,45280,1718.0,1733.5,1708.5,1732.0,0,0,1831500.0,3158724000.0,1.0,1718.0,1733.5,1708.5,1732.0,1831500.0
2024-11-27,45280,1717.0,1731.5,1708.0,1714.0,0,0,1537800.0,2638696250.0,1.0,1717.0,1731.5,1708.0,1714.0,1537800.0
2024-11-28,45280,1724.0,1735.5,1717.0,1725.5,0,0,1477500.0,2550340650.0,1.0,1724.0,1735.5,1717.0,1725.5,1477500.0
2024-11-29,45280,1725.0,1732.0,1714.5,1732.0,0,0,1625500.0,2810119700.0,1.0,1725.0,1732.0,1714.5,1732.0,1625500.0
2024-12-02,45280,1728.0,1746.5,1723.0,1733.0,0,0,1579800.0,2742984050.0,1.0,1728.0,1746.5,1723.0,1733.0,1579800.0
2024-12-03,45280,1733.0,1761.5,1728.0,1758.0,0,0,2329000.0,4075996850.0,1.0,1733.0,1761.5,1728.0,1758.0,2329000.0
2024-12-04,45280,1770.5,1776.0,1743.5,1745.0,0,0,1905700.0,3335489200.0,1.0,1770.5,1776.0,1743.5,1745.0,1905700.0
2024-12-05,45280,1748.5,1762.0,1732.5,1760.5,0,0,1920400.0,3372837500.0,1.0,1748.5,1762.0,1732.5,1760.5,1920400.0
2024-12-06,45280,1760.0,1760.0,1736.0,1736.5,0,0,1703100.0,2965224650.0,1.0,1760.0,1760.0,1736.0,1736.5,1703100.0
2024-12-09,45280,1731.5,1739.5,1711.0,1711.0,0,0,2305300.0,3971402750.0,1.0,1731.5,1739.5,1711.0,1711.0,2305300.0
2024-12-10,45280,1739.5,1741.0,1716.0,1720.5,0,0,2127600.0,3671080800.0,1.0,1739.5,1741.0,1716.0,1720.5,2127600.0
2024-12-11,45280,1741.0,1741.0,1713.5,1723.0,0,0,1945600.0,3354156500.0,1.0,1741.0,1741.0,1713.5,1723.0,1945600.0
2024-12-12,45280,1711.0,1720.0,1708.0,1713.0,0,0,2055400.0,3521357250.0,1.0,1711.0,1720.0,1708.0,1713.0,2055400.0
2024-12-13,45280,1697.5,1717.0,1679.5,1681.0,0,0,2778000.0,4701837000.0,1.0,1697.5,1717.0,1679.5,1681.0,2778000.0
2024-12-16,45280,1690.0,1694.0,1667.0,1672.0,0,0,2247000.0,3765176150.0,1.0,1690.0,1694.0,1667.0,1672.0,2247000.0
2024-12-17,45280,1660.5,1669.0,1638.0,1638.0,0,0,2237500.0,3694272850.0,1.0,1660.5,1669.0,1638.0,1638.0,2237500.0
2024-12-18,45280,1647.0,1653.5,1629.0,1630.5,0,0,1933400.0,3164654200.0,1.0,1647.0,1653.5,1629.0,1630.5,1933400.0
2024-12-19,45280,1621.0,1634.0,1608.0,1608.0,0,0,2394800.0,3876482400.0,1.0,1621.0,1634.0,1608.0,1608.0,2394800.0
2024-12-20,45280,1630.0,1631.0,1600.5,1606.0,0,0,4049300.0,6513476300.0,1.0,1630.0,1631.0,1600.5,1606.0,4049300.0
2024-12-23,45280,1606.0,1609.0,1594.0,1600.5,0,0,1932000.0,3094379600.0,1.0,1606.0,1609.0,1594.0,1600.5,1932000.0
2024-12-24,45280,1605.0,1613.5,1599.0,1600.0,0,0,1793000.0,2875666950.0,1.0,1605.0,1613.5,1599.0,1600.0,1793000.0
2024-12-25,45280,1605.0,1607.0,1582.0,1587.5,0,0,1936300.0,3077210950.0,1.0,1605.0,1607.0,1582.0,1587.5,1936300.0
2024-12-26,45280,1587.0,1598.0,1582.5,1589.0,0,0,1888500.0,3000204500.0,1.0,1587.0,1598.0,1582.5,1589.0,1888500.0
2024-12-27,45280,1610.0,1636.0,1603.0,1631.5,0,0,2116100.0,3434273450.0,1.0,1610.0,1636.0,1603.0,1631.5,2116100.0
2024-12-30,45280,1633.0,1652.5,1627.5,1634.5,0,0,1942800.0,3176515350.0,1.0,1633.0,1652.5,1627.5,1634.5,1942800.0
2025-01-06,45280,1665.0,1673.5,1639.0,1666.5,0,0,3491700.0,5805247150.0,1.0,1665.0,1673.5,1639.0,1666.5,3491700.0
2025-01-07,45280,1659.0,1668.0,1650.0,1661.5,0,0,2333800.0,3873443300.0,1.0,1659.0,1668.0,1650.0,1661.5,2333800.0
2025-01-08,45280,1663.0,1672.0,1635.5,1635.5,0,0,2221000.0,3653986350.0,1.0,1663.0,1672.0,1635.5,1635.5,2221000.0
2025-01-09,45280,1630.0,1638.0,1616.0,1631.5,0,0,2066700.0,3363647450.0,1.0,1630.0,1638.0,1616.0,1631.5,2066700.0
2025-01-10,45280,1632.0,1638.5,1622.0,1628.5,0,0,1826500.0,2974371200.0,1.0,1632.0,1638.5,1622.0,1628.5,1826500.0
2025-01-14,45280,1643.5,1649.5,1626.0,1635.0,0,0,2722400.0,4455557100.0,1.0,1643.5,1649.5,1626.0,1635.0,2722400.0
2025-01-15,45280,1639.5,1646.0,1623.0,1629.5,0,0,1816000.0,2963454700.0,1.0,1639.5,1646.0,1623.0,1629.5,1816000.0
2025-01-16,45280,1615.5,1634.0,1614.5,1614.5,0,0,1668000.0,2701512300.0,1.0,1615.5,1634.0,1614.5,1614.5,1668000.0
2025-01-17,45280,1611.5,1621.0,1605.0,1619.0,0,0,1859100.0,3001923150.0,1.0,1611.5,1621.0,1605.0,1619.0,1859100.0
2025-01-20,45280,1621.0,1630.0,1616.5,1624.5,0,0,1290800.0,2094620250.0,1.0,1621.0,1630.0,1616.5,1624.5,1290800.0
2025-01-21,45280,1633.0,1634.0,1614.5,1614.5,0,0,1334900.0,2162648900.0,1.0,1633.0,1634.0,1614.5,1614.5,1334900.0
2025-01-22,45280,1626.0,1632.5,1600.0,1600.0,0,0,2110600.0,3391538750.0,1.0,1626.0,1632.5,1600.0,1600.0,2110600.0
2025-01-23,45280,1600.0,1605.5,1585.5,1598.5,0,0,2531500.0,4039958200.0,1.0,1600.0,1605.5,1585.5,1598.5,2531500.0
2025-01-24,45280,1603.5,1631.0,1592.5,1592.5,0,0,2352500.0,3774709600.0,1.0,1603.5,1631.0,1592.5,1592.5,2352500.0
2025-01-27,45280,1608.5,1634.5,1607.0,1621.5,0,0,2084600.0,3386998500.0,1.0,1608.5,1634.5,1607.0,1621.5,2084600.0
2025-01-28,45280,1632.0,1639.0,1624.0,1630.5,0,0,1435600.0,2344130600.0,1.0,1632.0,1639.0,1624.0,1630.5,1435600.0
2025-01-29,45280,1628.0,1629.0,1610.0,1611.0,0,0,1695900.0,2740531600.0,1.0,1628.0,1629.0,1610.0,1611.0,1695900.0
2025-01-30,45280,1609.5,1626.0,1609.0,1616.5,0,0,1507700.0,2437293650.0,1.0,1609.5,1626.0,1609.0,1616.5,1507700.0
2025-01-31,45280,1615.0,1617.0,1602.5,1613.0,0,0,3010700.0,4850021500.0,1.0,1615.0,1617.0,1602.5,1613.0,3010700.0
2025-02-03,45280,1601.0,1607.0,1532.0,1532.0,0,0,5180500.0,8077196850.0,1.0,1601.0,1607.0,1532.0,1532.0,5180500.0
2025-02-04,45280,1545.0,1607.0,1545.0,1571.0,0,0,4621500.0,7283420050.0,1.0,1545.0,1607.0,1545.0,1571.0,4621500.0
2025-02-05,45280,1555.0,1556.0,1523.5,1532.0,0,0,4018700.0,6164563500.0,1.0,1555.0,1556.0,1523.5,1532.0,4018700.0
2025-02-06,45280,1542.5,1551.5,1532.0,1545.0,0,0,2152600.0,3321786450.0,1.0,1542.5,1551.5,1532.0,1545.0,2152600.0
2025-02-07,45280,1531.0,1549.0,1529.5,1537.0,0,0,2046000.0,3146222900.0,1.0,1531.0,1549.0,1529.5,1537.0,2046000.0
2025-02-10,45280,1533.0,1537.5,1518.0,1532.0,0,0,2607100.0,3986136750.0,1.0,1533.0,1537.5,1518.0,1532.0,2607100.0
2025-02-12,45280,1565.0,1568.0,1503.5,1539.0,0,0,5667100.0,8697500900.0,1.0,1565.0,1568.0,1503.5,1539.0,5667100.0
2025-02-13,45280,1548.5,1574.0,1544.0,1563.5,0,0,2538200.0,3968246150.0,1.0,1548.5,1574.0,1544.0,1563.5,2538200.0
2025-02-14,45280,1564.5,1565.0,1520.0,1520.5,0,0,2909300.0,4452616550.0,1.0,1564.5,1565.0,1520.0,1520.5,2909300.0
2025-02-17,45280,1525.0,1532.5,1513.0,1513.5,0,0,1819000.0,2765558450.0,1.0,1525.0,1532.5,1513.0,1513.5,1819000.0
2025-02-18,45280,1515.0,1526.0,1507.0,1516.0,0,0,1818000.0,2759252750.0,1.0,1515.0,1526.0,1507.0,1516.0,1818000.0
2025-02-19,45280,1516.0,1539.0,1514.0,1521.0,0,0,2162300.0,3291294200.0,1.0,1516.0,1539.0,1514.0,1521.0,2162300.0
2025-02-20,45280,1524.0,1526.5,1514.0,1524.5,0,0,2349500.0,3574208050.0,1.0,1524.0,1526.5,1514.0,1524.5,2349500.0
2025-02-21,45280,1535.0,1558.0,1532.0,1558.0,0,0,2635000.0,4083409000.0,1.0,1535.0,1558.0,1532.0,1558.0,2635000.0
2025-02-25,45280,1558.0,1600.0,1553.5,1598.0,0,0,3326000.0,5270638100.0,1.0,1558.0,1600.0,1553.5,1598.0,3326000.0
2025-02-26,45280,1624.0,1660.5,1620.5,1650.0,0,0,3905600.0,6404165050.0,1.0,1624.0,1660.5,1620.5,1650.0,3905600.0
2025-02-27,45280,1640.0,1652.5,1618.5,1635.0,0,0,2647400.0,4331148300.0,1.0,1640.0,1652.5,1618.5,1635.0,2647400.0
2025-02-28,45280,1625.0,1633.5,1610.5,1623.0,0,0,3715300.0,6028124250.0,1.0,1625.0,1633.5,1610.5,1623.0,3715300.0
2025-03-03,45280,1630.0,1637.0,1611.5,1624.5,0,0,2354900.0,3823907200.0,1.0,1630.0,1637.0,1611.5,1624.5,2354900.0
2025-03-04,45280,1621.0,1647.5,1613.0,1635.0,0,0,3002700.0,4908755800.0,1.0,1621.0,1647.5,1613.0,1635.0,3002700.0
2025-03-05,45280,1647.0,1647.0,1620.5,1628.5,0,0,2273000.0,3702506450.0,1.0,1647.0,1647.0,1620.5,1628.5,2273000.0
2025-03-06,45280,1624.5,1638.5,1620.5,1628.0,0,0,1734000.0,2824816850.0,1.0,1624.5,1638.5,1620.5,1628.0,1734000.0
2025-03-07,45280,1620.0,1653.0,1615.0,1638.5,0,0,2467700.0,4038698550.0,1.0,1620.0,1653.0,1615.0,1638.5,2467700.0
2025-03-10,45280,1651.0,1728.0,1649.5,1716.5,0,0,4123100.0,7035424800.0,1.0,1651.0,1728.0,1649.5,1716.5,4123100.0
2025-03-11,45280,1717.0,1749.0,1714.0,1735.5,0,0,4154700.0,7203933250.0,1.0,1717.0,1749.0,1714.0,1735.5,4154700.0
2025-03-12,45280,1695.5,1700.5,1659.0,1676.0,0,0,4561400.0,7642134400.0,1.0,1695.5,1700.5,1659.0,1676.0,4561400.0
2025-03-13,45280,1659.5,1675.5,1651.5,1651.5,0,0,3079200.0,5107310650.0,1.0,1659.5,1675.5,1651.5,1651.5,3079200.0
2025-03-14,45280,1631.0,1650.0,1630.5,1635.0,0,0,2472400.0,4044453350.0,1.0,1631.0,1650.0,1630.5,1635.0,2472400.0
2025-03-17,45280,1634.5,1656.5,1633.0,1656.0,0,0,1871400.0,3091250700.0,1.0,1634.5,1656.5,1633.0,1656.0,1871400.0
2025-03-18,45280,1662.5,1670.0,1653.5,1656.0,0,0,1463400.0,2427490850.0,1.0,1662.5,1670.0,1653.5,1656.0,1463400.0
2025-03-19,45280,1659.0,1679.5,1659.0,1673.5,0,0,1698300.0,2839250750.0,1.0,1659.0,1679.5,1659.0,1673.5,1698300.0
2025-03-21,45280,1670.5,1692.5,1663.0,1682.0,0,0,3540200.0,5956853900.0,1.0,1670.5,1692.5,1663.0,1682.0,3540200.0
2025-03-24,45280,1685.5,1692.0,1663.0,1670.5,0,0,1358300.0,2271348800.0,1.0,1685.5,1692.0,1663.0,1670.5,1358300.0
2025-03-25,45280,1671.0,1685.0,1670.0,1685.0,0,0,1830200.0,3074005000.0,1.0,1671.0,1685.0,1670.0,1685.0,1830200.0
2025-03-26,45280,1686.0,1695.0,1677.5,1686.5,0,0,2004200.0,3381842750.0,1.0,1686.0,1695.0,1677.5,1686.5,2004200.0
2025-03-27,45280,1686.0,1698.0,1671.0,1698.0,0,0,2253800.0,3808632800.0,1.0,1686.0,1698.0,1671.0,1698.0,2253800.0
2025-03-28,45280,1658.5,1666.0,1639.0,1645.0,0,0,2310700.0,3806681700.0,1.0,1658.5,1666.0,1639.0,1645.0,2310700.0
2025-03-31,45280,1640.0,1640.0,1591.0,1602.5,0,0,2273700.0,3645840150.0,1.0,1640.0,1640.0,1591.0,1602.5,2273700.0
2025-04-01,45280,1611.5,1615.0,1592.5,1599.5,0,0,1519000.0,2432645900.0,1.0,1611.5,1615.0,1592.5,1599.5,1519000.0
2025-04-02,45280,1602.0,1608.0,1536.0,1541.0,0,0,2217100.0,3452629700.0,1.0,1602.0,1608.0,1536.0,1541.0,2217100.0
2025-04-03,45280,1535.0,1572.5,1527.5,1567.0,0,0,3115300.0,4858660700.0,1.0,1535.0,1572.5,1527.5,1567.0,3115300.0
2025-04-04,45280,1645.0,1646.5,1610.0,1628.5,0,0,4618200.0,7534984050.0,1.0,1645.0,1646.5,1610.0,1628.5,4618200.0
2025-04-07,45280,1548.5,1644.0,1537.0,1623.0,0,0,5086500.0,8237776250.0,1.0,1548.5,1644.0,1537.0,1623.0,5086500.0
2025-04-08,45280,1636.5,1685.5,1609.5,1682.5,0,0,5302100.0,8814516550.0,1.0,1636.5,1685.5,1609.5,1682.5,5302100.0
2025-04-09,45280,1671.0,1684.0,1621.0,1680.0,0,0,4100000.0,6829568900.0,1.0,1671.0,1684.0,1621.0,1680.0,4100000.0
2025-04-10,45280,1720.0,1720.0,1668.5,1698.0,0,0,3589900.0,6078837450.0,1.0,1720.0,1720.0,1668.5,1698.0,3589900.0
2025-04-11,45280,1661.0,1674.5,1612.5,1627.5,0,0,4168200.0,6807852850.0,1.0,1661.0,1674.5,1612.5,1627.5,4168200.0
2025-04-14,45280,1652.0,1677.5,1639.5,1665.0,0,0,2919800.0,4859164300.0,1.0,1652.0,1677.5,1639.5,1665.0,2919800.0
2025-04-15,45280,1684.0,1719.5,1681.0,1719.5,0,0,3196600.0,5464064850.0,1.0,1684.0,1719.5,1681.0,1719.5,3196600.0
2025-04-16,45280,1701.0,1715.5,1671.5,1715.5,0,0,2367100.0,4020544500.0,1.0,1701.0,1715.5,1671.5,1715.5,2367100.0
2025-04-17,45280,1706.0,1724.0,1686.5,1712.0,0,0,1810300.0,3094642800.0,1.0,1706.0,1724.0,1686.5,1712.0,1810300.0
2025-04-18,45280,1729.5,1754.0,1716.0,1754.0,0,0,1656800.0,2885304550.0,1.0,1729.5,1754.0,1716.0,1754.0,1656800.0
2025-04-21,45280,1750.0,1752.5,1726.5,1736.5,0,0,1071400.0,1861538900.0,1.0,1750.0,1752.5,1726.5,1736.5,1071400.0
2025-04-22,45280,1737.5,1738.0,1696.5,1708.0,0,0,1756800.0,3004400650.0,1.0,1737.5,1738.0,1696.5,1708.0,1756800.0
2025-04-23,45280,1710.0,1716.5,1690.5,1696.0,0,0,2600300.0,4420552450.0,1.0,1710.0,1716.5,1690.5,1696.0,2600300.0
2025-04-24,45280,1682.5,1696.5,1648.0,1651.5,0,0,1984200.0,3292977550.0,1.0,1682.5,1696.5,1648.0,1651.5,1984200.0
2025-04-25,45280,1658.0,1658.0,1618.5,1620.0,0,0,2914400.0,4744004350.0,1.0,1658.0,1658.0,1618.5,1620.0,2914400.0
2025-04-28,45280,1633.0,1669.0,1633.0,1650.5,0,0,2800300.0,4630739250.0,1.0,1633.0,1669.0,1633.0,1650.5,2800300.0
2025-04-30,45280,1651.0,1669.0,1634.5,1642.0,0,0,2694400.0,4425380500.0,1.0,1651.0,1669.0,1634.5,1642.0,2694400.0
2025-05-01,45280,1646.0,1652.5,1626.0,1644.0,0,0,1383700.0,2268472850.0,1.0,1646.0,1652.5,1626.0,1644.0,1383700.0
2025-05-02,45280,1647.0,1684.5,1644.0,1667.0,0,0,2098000.0,3492535200.0,1.0,1647.0,1684.5,1644.0,1667.0,2098000.0
2025-05-07,45280,1645.5,1650.0,1561.0,1570.0,0,0,5493000.0,8684110650.0,1.0,1645.5,1650.0,1561.0,1570.0,5493000.0
2025-05-08,45280,1585.0,1591.5,1564.0,1569.0,0,0,3367200.0,5303031800.0,1.0,1585.0,1591.5,1564.0,1569.0,3367200.0
2025-05-09,45280,1558.0,1580.0,1556.5,1557.5,0,0,3577100.0,5596997700.0,1.0,1558.0,1580.0,1556.5,1557.5,3577100.0
2025-05-12,45280,1552.0,1556.0,1506.5,1510.5,0,0,4871500.0,7405684450.0,1.0,1552.0,1556.0,1506.5,1510.5,4871500.0
2025-05-13,45280,1550.0,1552.0,1529.0,1547.0,0,0,3479100.0,5360985400.0,1.0,1550.0,1552.0,1529.0,1547.0,3479100.0
2025-05-14,45280,1531.0,1544.5,1501.0,1501.0,0,0,4248100.0,6426713250.0,1.0,1531.0,1544.5,1501.0,1501.0,4248100.0
2025-05-15,45280,1496.0,1499.0,1474.0,1492.0,0,0,3505500.0,5212157050.0,1.0,1496.0,1499.0,1474.0,1492.0,3505500.0
2025-05-16,45280,1510.0,1520.0,1504.0,1516.5,0,0,2233800.0,3381381950.0,1.0,1510.0,1520.0,1504.0,1516.5,2233800.0
2025-05-19,45280,1523.5,1527.5,1503.5,1508.0,0,0,1796800.0,2716328550.0,1.0,1523.5,1527.5,1503.5,1508.0,1796800.0
2025-05-20,45280,1543.5,1551.0,1503.0,1503.0,0,0,3197000.0,4864029200.0,1.0,1543.5,1551.0,1503.0,1503.0,3197000.0
2025-05-21,45280,1528.5,1536.5,1520.0,1529.5,0,0,2126100.0,3251488250.0,1.0,1528.5,1536.5,1520.0,1529.5,2126100.0
2025-05-22,45280,1520.0,1547.5,1512.5,1536.5,0,0,2449600.0,3759261650.0,1.0,1520.0,1547.5,1512.5,1536.5,2449600.0
2025-05-23,45280,1526.0,1553.5,1524.0,1543.5,0,0,2279800.0,3512445250.0,1.0,1526.0,1553.5,1524.0,1543.5,2279800.0
2025-05-26,45280,1549.5,1563.5,1549.0,1554.5,0,0,1376100.0,2141682750.0,1.0,1549.5,1563.5,1549.0,1554.5,1376100.0
2025-05-27,45280,1554.0,1564.0,1546.0,1552.5,0,0,1576100.0,2449420900.0,1.0,1554.0,1564.0,1546.0,1552.5,1576100.0
2025-05-28,45280,1552.0,1563.5,1546.0,1546.0,0,0,2104200.0,3265061100.0,1.0,1552.0,1563.5,1546.0,1546.0,2104200.0
2025-05-29,45280,1548.5,1557.0,1540.5,1545.0,0,0,1627600.0,2517147650.0,1.0,1548.5,1557.0,1540.5,1545.0,1627600.0
2025-05-30,45280,1540.0,1584.0,1537.0,1565.5,0,0,4934500.0,7725825000.0,1.0,1540.0,1584.0,1537.0,1565.5,4934500.0
2025-06-02,45280,1543.0,1555.0,1537.5,1549.0,0,0,1986800.0,3073235200.0,1.0,1543.0,1555.0,1537.5,1549.0,1986800.0
2025-06-03,45280,1530.5,1548.5,1521.5,1548.5,0,0,1958200.0,3016835250.0,1.0,1530.5,1548.5,1521.5,1548.5,1958200.0
2025-06-04,45280,1536.0,1558.0,1534.0,1537.5,0,0,2584600.0,3986430150.0,1.0,1536.0,1558.0,1534.0,1537.5,2584600.0
2025-06-05,45280,1520.0,1530.0,1513.5,1516.0,0,0,3014000.0,4576027250.0,1.0,1520.0,1530.0,1513.5,1516.0,3014000.0
2025-06-06,45280,1516.0,1523.0,1501.0,1501.5,0,0,2358800.0,3554938800.0,1.0,1516.0,1523.0,1501.0,1501.5,2358800.0
2025-06-09,45280,1509.5,1544.5,1509.0,1530.0,0,0,2551400.0,3904072950.0,1.0,1509.5,1544.5,1509.0,1530.0,2551400.0
2025-06-10,45280,1529.0,1549.0,1528.0,1543.0,0,0,1682800.0,2592536750.0,1.0,1529.0,1549.0,1528.0,1543.0,1682800.0
2025-06-11,45280,1566.0,1599.0,1566.0,1578.0,0,0,2971000.0,4705435200.0,1.0,1566.0,1599.0,1566.0,1578.0,2971000.0
2025-06-12,45280,1565.0,1580.5,1556.5,1579.0,0,0,1703800.0,2679109750.0,1.0,1565.0,1580.5,1556.5,1579.0,1703800.0
2025-06-13,45280,1577.5,1578.5,1558.5,1561.0,0,0,2039800.0,3196179750.0,1.0,1577.5,1578.5,1558.5,1561.0,2039800.0
2025-06-16,45280,1568.5,1595.0,1561.5,1561.5,0,0,1784800.0,2806523250.0,1.0,1568.5,1595.0,1561.5,1561.5,1784800.0
2025-06-17,45280,1545.0,1571.5,1543.5,1565.0,0,0,1649200.0,2577165700.0,1.0,1545.0,1571.5,1543.5,1565.0,1649200.0
2025-06-18,45280,1555.0,1585.0,1555.0,1579.0,0,0,2510800.0,3957229200.0,1.0,1555.0,1585.0,1555.0,1579.0,2510800.0
2025-06-19,45280,1584.0,1590.0,1556.0,1564.0,0,0,1126000.0,1765368600.0,1.0,1584.0,1590.0,1556.0,1564.0,1126000.0
2025-06-20,45280,1545.0,1557.5,1543.0,1555.0,0,0,4044100.0,6284271900.0,1.0,1545.0,1557.5,1543.0,1555.0,4044100.0
2025-06-23,45280,1556.0,1560.0,1535.0,1540.0,0,0,1349500.0,2080903500.0,1.0,1556.0,1560.0,1535.0,1540.0,1349500.0
2025-06-24,45280,1551.0,1568.0,1546.5,1561.5,0,0,1689600.0,2632646100.0,1.0,1551.0,1568.0,1546.5,1561.5,1689600.0
2025-06-25,45280,1556.0,1566.5,1540.0,1540.0,0,0,1884500.0,2914212900.0,1.0,1556.0,1566.5,1540.0,1540.0,1884500.0
2025-06-26,45280,1538.5,1547.0,1532.0,1535.0,0,0,1610800.0,2474979500.0,1.0,1538.5,1547.0,1532.0,1535.0,1610800.0
2025-06-27,45280,1541.0,1547.5,1535.0,1545.0,0,0,1761300.0,2718710650.0,1.0,1541.0,1547.5,1535.0,1545.0,1761300.0
2025-06-30,45280,1545.0,1559.0,1542.5,1559.0,0,0,1991900.0,3098122000.0,1.0,1545.0,1559.0,1542.5,1559.0,1991900.0
2025-07-01,45280,1559.0,1562.5,1534.5,1539.5,0,0,2304500.0,3556156350.0,1.0,1559.0,1562.5,1534.5,1539.5,2304500.0
2025-07-02,45280,1549.0,1578.0,1546.5,1561.0,0,0,2188600.0,3412214300.0,1.0,1549.0,1578.0,1546.5,1561.0,2188600.0
2025-07-03,45280,1558.5,1585.5,1549.5,1575.0,0,0,1872500.0,2945215900.0,1.0,1558.5,1585.5,1549.5,1575.0,1872500.0
2025-07-04,45280,1577.5,1599.0,1574.0,1584.5,0,0,1705000.0,2701973050.0,1.0,1577.5,1599.0,1574.0,1584.5,1705000.0
2025-07-07,45280,1584.5,1592.0,1572.0,1575.0,0,0,1141300.0,1801871550.0,1.0,1584.5,1592.0,1572.0,1575.0,1141300.0
2025-07-08,45280,1561.5,1570.0,1545.0,1549.5,0,0,2361900.0,3664912350.0,1.0,1561.5,1570.0,1545.0,1549.5,2361900.0
2025-07-09,45280,1562.0,1581.0,1555.0,1581.0,0,0,1705800.0,2684733950.0,1.0,1562.0,1581.0,1555.0,1581.0,1705800.0
2025-07-10,45280,1582.0,1594.0,1573.0,1591.0,0,0,2066700.0,3277450850.0,1.0,1582.0,1594.0,1573.0,1591.0,2066700.0
2025-07-11,45280,1600.0,1620.0,1597.0,1612.5,0,0,2478100.0,3991988600.0,1.0,1600.0,1620.0,1597.0,1612.5,2478100.0
2025-07-14,45280,1607.0,1642.0,1604.0,1638.5,0,0,2513100.0,4097253500.0,1.0,1607.0,1642.0,1604.0,1638.5,2513100.0
2025-07-15,45280,1641.0,1677.0,1636.5,1661.5,0,0,3085900.0,5126499350.0,1.0,1641.0,1677.0,1636.5,1661.5,3085900.0
2025-07-16,45280,1650.0,1663.0,1646.0,1660.0,0,0,2141300.0,3549637600.0,1.0,1650.0,1663.0,1646.0,1660.0,2141300.0
2025-07-17,45280,1654.0,1655.0,1623.5,1624.5,0,0,2746300.0,4484816950.0,1.0,1654.0,1655.0,1623.5,1624.5,2746300.0
2025-07-18,45280,1645.0,1645.0,1597.0,1599.5,0,0,2665700.0,4303519600.0,1.0,1645.0,1645.0,1597.0,1599.5,2665700.0
2025-07-22,45280,1600.0,1612.5,1579.5,1581.5,0,0,2112700.0,3356256600.0,1.0,1600.0,1612.5,1579.5,1581.5,2112700.0
2025-07-23,45280,1600.5,1635.0,1600.0,1624.5,0,0,2690800.0,4370547600.0,1.0,1600.5,1635.0,1600.0,1624.5,2690800.0
2025-07-24,45280,1637.5,1648.0,1628.0,1636.5,0,0,2451800.0,4013926600.0,1.0,1637.5,1648.0,1628.0,1636.5,2451800.0
2025-07-25,45280,1636.5,1638.5,1614.0,1630.5,0,0,1838100.0,2987228550.0,1.0,1636.5,1638.5,1614.0,1630.5,1838100.0
2025-07-28,45280,1634.0,1655.0,1633.0,1655.0,0,0,1831200.0,3019432050.0,1.0,1634.0,1655.0,1633.0,1655.0,1831200.0
2025-07-29,45280,1640.5,1664.5,1640.0,1660.5,0,0,1741300.0,2881874800.0,1.0,1640.5,1664.5,1640.0,1660.5,1741300.0
2025-07-30,45280,1664.5,1673.5,1659.5,1666.5,0,0,2164900.0,3609801550.0,1.0,1664.5,1673.5,1659.5,1666.5,2164900.0
2025-07-31,45280,1680.0,1699.0,1677.0,1690.5,0,0,3498500.0,5905746650.0,1.0,1680.0,1699.0,1677.0,1690.5,3498500.0
2025-08-01,45280,1684.0,1695.0,1622.5,1641.0,0,0,4474900.0,7412332750.0,1.0,1684.0,1695.0,1622.5,1641.0,4474900.0
2025-08-04,45280,1641.0,1677.5,1641.0,1652.5,0,0,3001700.0,4971350650.0,1.0,1641.0,1677.5,1641.0,1652.5,3001700.0
2025-08-05,45280,1675.0,1695.0,1658.5,1686.5,0,0,2423600.0,4073128850.0,1.0,1675.0,1695.0,1658.5,1686.5,2423600.0
2025-08-06,45280,1694.5,1742.0,1694.5,1710.0,0,0,3434500.0,5906144350.0,1.0,1694.5,1742.0,1694.5,1710.0,3434500.0
2025-08-07,45280,1693.0,1726.0,1692.0,1702.0,0,0,2865700.0,4889604450.0,1.0,1693.0,1726.0,1692.0,1702.0,2865700.0
2025-08-08,45280,1683.0,1717.5,1678.0,1707.5,0,0,3301500.0,5624331600.0,1.0,1683.0,1717.5,1678.0,1707.5,3301500.0
2025-08-12,45280,1688.5,1732.0,1680.0,1722.5,0,0,4630400.0,7932745200.0,1.0,1688.5,1732.0,1680.0,1722.5,4630400.0
2025-08-13,45280,1701.0,1738.0,1698.5,1738.0,0,0,3912000.0,6746368850.0,1.0,1701.0,1738.0,1698.5,1738.0,3912000.0
2025-08-14,45280,1738.0,1745.0,1714.0,1726.5,0,0,2802800.0,4844019000.0,1.0,1738.0,1745.0,1714.0,1726.5,2802800.0
2025-08-15,45280,1710.5,1718.0,1693.0,1708.5,0,0,3654200.0,6232745750.0,1.0,1710.5,1718.0,1693.0,1708.5,3654200.0
2025-08-18,45280,1718.0,1724.0,1680.0,1688.0,0,0,3863000.0,6541051650.0,1.0,1718.0,1724.0,1680.0,1688.0,3863000.0
2025-08-19,45280,1688.0,1717.0,1681.0,1717.0,0,0,3950600.0,6729625150.0,1.0,1688.0,1717.0,1681.0,1717.0,3950600.0
2025-08-20,45280,1725.0,1729.0,1696.5,1696.5,0,0,4121900.0,7042612850.0,1.0,1725.0,1729.0,1696.5,1696.5,4121900.0
2025-08-21,45280,1692.0,1696.5,1652.0,1665.0,0,0,4072000.0,6782110000.0,1.0,1692.0,1696.5,1652.0,1665.0,4072000.0
2025-08-22,45280,1664.5,1666.0,1645.5,1661.0,0,0,4129600.0,6839591700.0,1.0,1664.5,1666.0,1645.5,1661.0,4129600.0
2025-08-25,45280,1660.0,1665.5,1645.5,1665.5,0,0,3173300.0,5256784950.0,1.0,1660.0,1665.5,1645.5,1665.5,3173300.0
2025-08-26,45280,1665.0,1668.0,1613.0,1613.0,0,0,41097500.0,66436199250.0,1.0,1665.0,1668.0,1613.0,1613.0,41097500.0
2025-08-27,45280,1613.0,1626.5,1596.0,1610.0,0,0,6063100.0,9768000050.0,1.0,1613.0,1626.5,1596.0,1610.0,6063100.0
2025-08-28,45280,1622.0,1668.0,1619.5,1658.5,0,0,4413300.0,7294644800.0,1.0,1622.0,1668.0,1619.5,1658.5,4413300.0
2025-08-29,45280,1645.0,1675.0,1635.5,1657.0,0,0,4660300.0,7736924550.0,1.0,1645.0,1675.0,1635.5,1657.0,4660300.0
2025-09-01,45280,1677.5,1703.0,1670.5,1703.0,0,0,2972200.0,5019801600.0,1.0,1677.5,1703.0,1670.5,1703.0,2972200.0
2025-09-02,45280,1708.0,1719.5,1696.0,1707.0,0,0,2920700.0,4989885600.0,1.0,1708.0,1719.5,1696.0,1707.0,2920700.0
2025-09-03,45280,1705.0,1725.5,1696.5,1725.5,0,0,3677100.0,6318189500.0,1.0,1705.0,1725.5,1696.5,1725.5,3677100.0
2025-09-04,45280,1717.0,1738.0,1712.0,1736.0,0,0,2792700.0,4835298300.0,1.0,1717.0,1738.0,1712.0,1736.0,2792700.0
2025-09-05,45280,1719.0,1736.5,1713.0,1736.0,0,0,2616000.0,4524705100.0,1.0,1719.0,1736.5,1713.0,1736.0,2616000.0
2025-09-08,45280,1741.5,1776.5,1737.0,1776.5,0,0,3362000.0,5932499650.0,1.0,1741.5,1776.5,1737.0,1776.5,3362000.0
2025-09-09,45280,1773.0,1774.5,1740.5,1745.0,0,0,2791100.0,4893678850.0,1.0,1773.0,1774.5,1740.5,1745.0,2791100.0
2025-09-10,45280,1754.0,1767.0,1741.5,1741.5,0,0,2220700.0,3888451450.0,1.0,1754.0,1767.0,1741.5,1741.5,2220700.0
2025-09-11,45280,1722.0,1740.5,1716.0,1733.0,0,0,2643400.0,4571366450.0,1.0,1722.0,1740.5,1716.0,1733.0,2643400.0
2025-09-12,45280,1743.5,1744.0,1724.5,1727.0,0,0,2228600.0,3860341750.0,1.0,1743.5,1744.0,1724.5,1727.0,2228600.0
2025-09-16,45280,1726.0,1743.0,1713.0,1743.0,0,0,2125600.0,3686632700.0,1.0,1726.0,1743.0,1713.0,1743.0,2125600.0
2025-09-17,45280,1736.5,1737.0,1710.0,1710.0,0,0,1802200.0,3092444250.0,1.0,1736.5,1737.0,1710.0,1710.0,1802200.0
2025-09-18,45280,1721.0,1728.5,1712.0,1720.0,0,0,1456900.0,2504788150.0,1.0,1721.0,1728.5,1712.0,1720.0,1456900.0
2025-09-19,45280,1726.0,1740.0,1710.5,1710.5,0,0,3912100.0,6717015300.0,1.0,1726.0,1740.0,1710.5,1710.5,3912100.0
2025-09-22,45280,1711.5,1725.0,1704.0,1719.5,0,0,1620400.0,2784592550.0,1.0,1711.5,1725.0,1704.0,1719.5,1620400.0
2025-09-24,45280,1735.0,1751.0,1714.5,1723.5,0,0,2650600.0,4570641300.0,1.0,1735.0,1751.0,1714.5,1723.5,2650600.0
2025-09-25,45280,1720.0,1720.5,1699.0,1706.5,0,0,3289200.0,5612510900.0,1.0,1720.0,1720.5,1699.0,1706.5,3289200.0
2025-09-26,45280,1680.0,1724.0,1674.0,1723.0,0,0,3437200.0,5880532700.0,1.0,1680.0,1724.0,1674.0,1723.0,3437200.0
2025-09-29,45280,1703.5,1703.5,1681.0,1692.5,0,0,2503900.0,4237468800.0,1.0,1703.5,1703.5,1681.0,1692.5,2503900.0
2025-09-30,45280,1694.5,1716.5,1689.0,1703.0,0,0,2504800.0,4267523950.0,1.0,1694.5,1716.5,1689.0,1703.0,2504800.0
2025-10-01,45280,1709.0,1710.0,1682.0,1689.0,0,0,1810000.0,3060235200.0,1.0,1709.0,1710.0,1682.0,1689.0,1810000.0
2025-10-02,45280,1705.0,1705.5,1678.0,1697.0,0,0,2391900.0,4056811000.0,1.0,1705.0,1705.5,1678.0,1697.0,2391900.0
2025-10-03,45280,1692.0,1700.0,1684.5,1697.0,0,0,1601300.0,2714319000.0,1.0,1692.0,1700.0,1684.5,1697.0,1601300.0
2025-10-06,45280,1720.0,1735.5,1706.5,1722.0,0,0,2423300.0,4172221200.0,1.0,1720.0,1735.5,1706.5,1722.0,2423300.0
2025-10-07,45280,1722.5,1749.5,1717.0,1749.5,0,0,2538100.0,4426647250.0,1.0,1722.5,1749.5,1717.0,1749.5,2538100.0
2025-10-08,45280,1749.0,1749.5,1721.5,1726.5,0,0,2273800.0,3941890750.0,1.0,1749.0,1749.5,1721.5,1726.5,2273800.0
2025-10-09,45280,1706.0,1853.0,1703.0,1852.0,0,0,7499200.0,13559784650.0,1.0,1706.0,1853.0,1703.0,1852.0,7499200.0
2025-10-10,45280,1854.0,1854.5,1792.0,1805.5,0,0,4602700.0,8336600750.0,1.0,1854.0,1854.5,1792.0,1805.5,4602700.0
2025-10-14,45280,1768.0,1784.0,1760.0,1772.5,0,0,2781200.0,4924801050.0,1.0,1768.0,1784.0,1760.0,1772.5,2781200.0
2025-10-15,45280,1777.0,1792.5,1768.0,1784.0,0,0,1950500.0,3474544650.0,1.0,1777.0,1792.5,1768.0,1784.0,1950500.0
2025-10-16,45280,1794.0,1803.5,1778.0,1801.0,0,0,1849800.0,3324804250.0,1.0,1794.0,1803.5,1778.0,1801.0,1849800.0
2025-10-17,45280,1810.0,1815.0,1793.0,1812.5,0,0,1948900.0,3521339100.0,1.0,1810.0,1815.0,1793.0,1812.5,1948900.0
2025-10-20,45280,1840.0,1846.0,1821.5,1840.0,0,0,1944700.0,3572653350.0,1.0,1840.0,1846.0,1821.5,1840.0,1944700.0
2025-10-21,45280,1840.0,1841.0,1816.5,1828.0,0,0,1732400.0,3167568250.0,1.0,1840.0,1841.0,1816.5,1828.0,1732400.0
2025-10-22,45280,1828.0,1841.5,1819.0,1836.5,0,0,1780900.0,3264993800.0,1.0,1828.0,1841.5,1819.0,1836.5,1780900.0
2025-10-23,45280,1833.5,1835.0,1813.0,1835.0,0,0,2041600.0,3732113850.0,1.0,1833.5,1835.0,1813.0,1835.0,2041600.0
2025-10-24,45280,1840.0,1857.5,1833.0,1836.0,0,0,2628400.0,4848790450.0,1.0,1840.0,1857.5,1833.0,1836.0,2628400.0
2025-10-27,45280,1845.5,1871.5,1841.5,1863.5,0,0,2435900.0,4537661400.0,1.0,1845.5,1871.5,1841.5,1863.5,2435900.0
2025-10-28,45280,1856.5,1867.0,1824.5,1824.5,0,0,2547500.0,4681771000.0,1.0,1856.5,1867.0,1824.5,1824.5,2547500.0
2025-10-29,45280,1821.0,1833.0,1773.5,1779.5,0,0,2710200.0,4851536900.0,1.0,1821.0,1833.0,1773.5,1779.5,2710200.0
