Date,Code,Open,High,Low,Close,UpperLimit,LowerLimit,Volume,TurnoverValue,AdjustmentFactor,AdjustmentOpen,AdjustmentHigh,AdjustmentLow,AdjustmentClose,AdjustmentVolume
2020-10-29,52010,3125.0,3245.0,3105.0,3210.0,0,0,1285400.0,4087554000.0,1.0,3125.0,3245.0,3105.0,3210.0,1285400.0
2020-10-30,52010,3345.0,3420.0,3240.0,3245.0,0,0,2128700.0,7032325000.0,1.0,3345.0,3420.0,3240.0,3245.0,2128700.0
2020-11-02,52010,3260.0,3320.0,3215.0,3305.0,0,0,1215000.0,3993490500.0,1.0,3260.0,3320.0,3215.0,3305.0,1215000.0
2020-11-04,52010,3345.0,3370.0,3305.0,3330.0,0,0,1078900.0,3608196000.0,1.0,3345.0,3370.0,3305.0,3330.0,1078900.0
2020-11-05,52010,3320.0,3320.0,3230.0,3290.0,0,0,998600.0,3270706500.0,1.0,3320.0,3320.0,3230.0,3290.0,998600.0
2020-11-06,52010,3265.0,3295.0,3220.0,3290.0,0,0,1066500.0,3494411500.0,1.0,3265.0,3295.0,3220.0,3290.0,1066500.0
2020-11-09,52010,3300.0,3320.0,3280.0,3280.0,0,0,929000.0,3062642500.0,1.0,3300.0,3320.0,3280.0,3280.0,929000.0
2020-11-10,52010,3350.0,3420.0,3320.0,3405.0,0,0,1764900.0,5975885500.0,1.0,3350.0,3420.0,3320.0,3405.0,1764900.0
2020-11-11,52010,3450.0,3550.0,3450.0,3480.0,0,0,1510500.0,5263314500.0,1.0,3450.0,3550.0,3450.0,3480.0,1510500.0
2020-11-12,52010,3445.0,3480.0,3410.0,3460.0,0,0,1018600.0,3505912000.0,1.0,3445.0,3480.0,3410.0,3460.0,1018600.0
2020-11-13,52010,3450.0,3485.0,3420.0,3460.0,0,0,957800.0,3304969000.0,1.0,3450.0,3485.0,3420.0,3460.0,957800.0
2020-11-16,52010,3510.0,3560.0,3500.0,3550.0,0,0,1216900.0,4305712000.0,1.0,3510.0,3560.0,3500.0,3550.0,1216900.0
2020-11-17,52010,3565.0,3580.0,3530.0,3550.0,0,0,849700.0,3018570500.0,1.0,3565.0,3580.0,3530.0,3550.0,849700.0
2020-11-18,52010,3540.0,3545.0,3460.0,3470.0,0,0,796600.0,2777230500.0,1.0,3540.0,3545.0,3460.0,3470.0,796600.0
2020-11-19,52010,3530.0,3555.0,3515.0,3525.0,0,0,904700.0,3195381500.0,1.0,3530.0,3555.0,3515.0,3525.0,904700.0
2020-11-20,52010,3525.0,3525.0,3475.0,3510.0,0,0,900900.0,3156874500.0,1.0,3525.0,3525.0,3475.0,3510.0,900900.0
2020-11-24,52010,3545.0,3600.0,3520.0,3570.0,0,0,960800.0,3427967500.0,1.0,3545.0,3600.0,3520.0,3570.0,960800.0
2020-11-25,52010,3600.0,3640.0,3535.0,3545.0,0,0,838300.0,3002608000.0,1.0,3600.0,3640.0,3535.0,3545.0,838300.0
2020-11-26,52010,3530.0,3565.0,3520.0,3565.0,0,0,552100.0,1960088500.0,1.0,3530.0,3565.0,3520.0,3565.0,552100.0
2020-11-27,52010,3560.0,3585.0,3535.0,3560.0,0,0,869200.0,3095669000.0,1.0,3560.0,3585.0,3535.0,3560.0,869200.0
2020-11-30,52010,3600.0,3600.0,3470.0,3475.0,0,0,1359000.0,4755976500.0,1.0,3600.0,3600.0,3470.0,3475.0,1359000.0
2020-12-01,52010,3470.0,3560.0,3460.0,3555.0,0,0,820500.0,2898085000.0,1.0,3470.0,3560.0,3460.0,3555.0,820500.0
2020-12-02,52010,3605.0,3645.0,3560.0,3615.0,0,0,1294700.0,4673710000.0,1.0,3605.0,3645.0,3560.0,3615.0,1294700.0
2020-12-03,52010,3580.0,3595.0,3550.0,3570.0,0,0,641200.0,2290881500.0,1.0,3580.0,3595.0,3550.0,3570.0,641200.0
2020-12-04,52010,3560.0,3605.0,3550.0,3590.0,0,0,478300.0,1711936000.0,1.0,3560.0,3605.0,3550.0,3590.0,478300.0
2020-12-07,52010,3615.0,3620.0,3515.0,3530.0,0,0,708900.0,2519354500.0,1.0,3615.0,3620.0,3515.0,3530.0,708900.0
2020-12-08,52010,3510.0,3550.0,3480.0,3480.0,0,0,595700.0,2082403000.0,1.0,3510.0,3550.0,3480.0,3480.0,595700.0
2020-12-09,52010,3465.0,3500.0,3465.0,3485.0,0,0,659700.0,2297092500.0,1.0,3465.0,3500.0,3465.0,3485.0,659700.0
2020-12-10,52010,3470.0,3485.0,3430.0,3430.0,0,0,653400.0,2251124500.0,1.0,3470.0,3485.0,3430.0,3430.0,653400.0
2020-12-11,52010,3425.0,3430.0,3350.0,3375.0,0,0,860500.0,2913316000.0,1.0,3425.0,3430.0,3350.0,3375.0,860500.0
2020-12-14,52010,3390.0,3510.0,3390.0,3475.0,0,0,1037900.0,3602245000.0,1.0,3390.0,3510.0,3390.0,3475.0,1037900.0
2020-12-15,52010,3485.0,3560.0,3470.0,3550.0,0,0,1005400.0,3549853000.0,1.0,3485.0,3560.0,3470.0,3550.0,1005400.0
2020-12-16,52010,3620.0,3645.0,3590.0,3635.0,0,0,1049700.0,3802278000.0,1.0,3620.0,3645.0,3590.0,3635.0,1049700.0
2020-12-17,52010,3650.0,3665.0,3590.0,3595.0,0,0,960300.0,3464450500.0,1.0,3650.0,3665.0,3590.0,3595.0,960300.0
2020-12-18,52010,3655.0,3755.0,3650.0,3755.0,0,0,2142700.0,7967379500.0,1.0,3655.0,3755.0,3650.0,3755.0,2142700.0
2020-12-21,52010,3755.0,3785.0,3655.0,3695.0,0,0,879600.0,3251943500.0,1.0,3755.0,3785.0,3655.0,3695.0,879600.0
2020-12-22,52010,3645.0,3710.0,3630.0,3670.0,0,0,756300.0,2779494500.0,1.0,3645.0,3710.0,3630.0,3670.0,756300.0
2020-12-23,52010,3685.0,3685.0,3580.0,3625.0,0,0,802200.0,2904004000.0,1.0,3685.0,3685.0,3580.0,3625.0,802200.0
2020-12-24,52010,3695.0,3710.0,3665.0,3700.0,0,0,703400.0,2596758500.0,1.0,3695.0,3710.0,3665.0,3700.0,703400.0
2020-12-25,52010,3710.0,3730.0,3700.0,3715.0,0,0,612400.0,2276851000.0,1.0,3710.0,3730.0,3700.0,3715.0,612400.0
2020-12-28,52010,3710.0,3720.0,3680.0,3700.0,0,0,1065500.0,3944623500.0,1.0,3710.0,3720.0,3680.0,3700.0,1065500.0
2020-12-29,52010,3645.0,3675.0,3595.0,3675.0,0,0,754600.0,2747404500.0,1.0,3645.0,3675.0,3595.0,3675.0,754600.0
2020-12-30,52010,3650.0,3650.0,3580.0,3600.0,0,0,879100.0,3172115000.0,1.0,3650.0,3650.0,3580.0,3600.0,879100.0
2021-01-04,52010,3675.0,3680.0,3580.0,3630.0,0,0,720900.0,2614647000.0,1.0,3675.0,3680.0,3580.0,3630.0,720900.0
2021-01-05,52010,3610.0,3615.0,3550.0,3595.0,0,0,982600.0,3524652500.0,1.0,3610.0,3615.0,3550.0,3595.0,982600.0
2021-01-06,52010,3560.0,3565.0,3530.0,3555.0,0,0,875900.0,3106916000.0,1.0,3560.0,3565.0,3530.0,3555.0,875900.0
2021-01-07,52010,3625.0,3715.0,3610.0,3660.0,0,0,1529500.0,5619272000.0,1.0,3625.0,3715.0,3610.0,3660.0,1529500.0
2021-01-08,52010,3670.0,3725.0,3640.0,3725.0,0,0,930400.0,3442112000.0,1.0,3670.0,3725.0,3640.0,3725.0,930400.0
2021-01-12,52010,3715.0,3760.0,3695.0,3720.0,0,0,657100.0,2451571500.0,1.0,3715.0,3760.0,3695.0,3720.0,657100.0
2021-01-13,52010,3690.0,3750.0,3655.0,3740.0,0,0,839300.0,3112141000.0,1.0,3690.0,3750.0,3655.0,3740.0,839300.0
2021-01-14,52010,3730.0,3790.0,3705.0,3730.0,0,0,1004900.0,3764210000.0,1.0,3730.0,3790.0,3705.0,3730.0,1004900.0
2021-01-15,52010,3910.0,3940.0,3805.0,3840.0,0,0,1992700.0,7697104500.0,1.0,3910.0,3940.0,3805.0,3840.0,1992700.0
2021-01-18,52010,3805.0,3830.0,3740.0,3740.0,0,0,786800.0,2969205500.0,1.0,3805.0,3830.0,3740.0,3740.0,786800.0
2021-01-19,52010,3755.0,3780.0,3730.0,3780.0,0,0,695200.0,2615727000.0,1.0,3755.0,3780.0,3730.0,3780.0,695200.0
2021-01-20,52010,3895.0,3920.0,3820.0,3920.0,0,0,1451200.0,5630570000.0,1.0,3895.0,3920.0,3820.0,3920.0,1451200.0
2021-01-21,52010,3930.0,3955.0,3820.0,3830.0,0,0,1370100.0,5287611000.0,1.0,3930.0,3955.0,3820.0,3830.0,1370100.0
2021-01-22,52010,3790.0,3865.0,3775.0,3825.0,0,0,728700.0,2789159500.0,1.0,3790.0,3865.0,3775.0,3825.0,728700.0
2021-01-25,52010,3795.0,3845.0,3785.0,3830.0,0,0,687600.0,2624828000.0,1.0,3795.0,3845.0,3785.0,3830.0,687600.0
2021-01-26,52010,3835.0,3855.0,3770.0,3770.0,0,0,805200.0,3053354000.0,1.0,3835.0,3855.0,3770.0,3770.0,805200.0
2021-01-27,52010,3775.0,3795.0,3730.0,3730.0,0,0,921700.0,3455550500.0,1.0,3775.0,3795.0,3730.0,3730.0,921700.0
2021-01-28,52010,3650.0,3755.0,3650.0,3730.0,0,0,1045300.0,3881793500.0,1.0,3650.0,3755.0,3650.0,3730.0,1045300.0
2021-01-29,52010,3725.0,3725.0,3625.0,3630.0,0,0,1003700.0,3681333000.0,1.0,3725.0,3725.0,3625.0,3630.0,1003700.0
2021-02-01,52010,3615.0,3690.0,3600.0,3665.0,0,0,935900.0,3419520500.0,1.0,3615.0,3690.0,3600.0,3665.0,935900.0
2021-02-02,52010,3665.0,3735.0,3665.0,3690.0,0,0,854600.0,3160912500.0,1.0,3665.0,3735.0,3665.0,3690.0,854600.0
2021-02-03,52010,3735.0,3800.0,3735.0,3790.0,0,0,890700.0,3360736500.0,1.0,3735.0,3800.0,3735.0,3790.0,890700.0
2021-02-04,52010,3800.0,3830.0,3775.0,3790.0,0,0,893100.0,3397824000.0,1.0,3800.0,3830.0,3775.0,3790.0,893100.0
2021-02-05,52010,3830.0,3885.0,3810.0,3870.0,0,0,1253000.0,4832522000.0,1.0,3830.0,3885.0,3810.0,3870.0,1253000.0
2021-02-08,52010,3805.0,3825.0,3680.0,3755.0,0,0,2110900.0,7956916000.0,1.0,3805.0,3825.0,3680.0,3755.0,2110900.0
2021-02-09,52010,3750.0,3760.0,3625.0,3660.0,0,0,1835600.0,6754001500.0,1.0,3750.0,3760.0,3625.0,3660.0,1835600.0
2021-02-10,52010,3675.0,3680.0,3605.0,3665.0,0,0,1250000.0,4567835500.0,1.0,3675.0,3680.0,3605.0,3665.0,1250000.0
2021-02-12,52010,3675.0,3680.0,3610.0,3630.0,0,0,999100.0,3632721500.0,1.0,3675.0,3680.0,3610.0,3630.0,999100.0
2021-02-15,52010,3680.0,3710.0,3660.0,3705.0,0,0,665600.0,2460030000.0,1.0,3680.0,3710.0,3660.0,3705.0,665600.0
2021-02-16,52010,3755.0,3775.0,3695.0,3715.0,0,0,1124400.0,4194633500.0,1.0,3755.0,3775.0,3695.0,3715.0,1124400.0
2021-02-17,52010,3715.0,3765.0,3705.0,3760.0,0,0,988000.0,3700183500.0,1.0,3715.0,3765.0,3705.0,3760.0,988000.0
2021-02-18,52010,3820.0,3875.0,3780.0,3820.0,0,0,1864700.0,7136725000.0,1.0,3820.0,3875.0,3780.0,3820.0,1864700.0
2021-02-19,52010,3800.0,3870.0,3780.0,3870.0,0,0,1209400.0,4647268000.0,1.0,3800.0,3870.0,3780.0,3870.0,1209400.0
2021-02-22,52010,3900.0,3955.0,3890.0,3905.0,0,0,1637000.0,6423320500.0,1.0,3900.0,3955.0,3890.0,3905.0,1637000.0
2021-02-24,52010,3910.0,4030.0,3890.0,3985.0,0,0,1896300.0,7544878000.0,1.0,3910.0,4030.0,3890.0,3985.0,1896300.0
2021-02-25,52010,4030.0,4125.0,4000.0,4105.0,0,0,2030900.0,8291357500.0,1.0,4030.0,4125.0,4000.0,4105.0,2030900.0
2021-02-26,52010,4005.0,4020.0,3900.0,3900.0,0,0,2060600.0,8112652000.0,1.0,4005.0,4020.0,3900.0,3900.0,2060600.0
2021-03-01,52010,3970.0,3990.0,3900.0,3925.0,0,0,905400.0,3561524500.0,1.0,3970.0,3990.0,3900.0,3925.0,905400.0
2021-03-02,52010,3955.0,3980.0,3895.0,3910.0,0,0,922600.0,3622387000.0,1.0,3955.0,3980.0,3895.0,3910.0,922600.0
2021-03-03,52010,3995.0,4125.0,3990.0,4080.0,0,0,1696000.0,6898648500.0,1.0,3995.0,4125.0,3990.0,4080.0,1696000.0
2021-03-04,52010,4055.0,4175.0,4040.0,4100.0,0,0,1498300.0,6153607000.0,1.0,4055.0,4175.0,4040.0,4100.0,1498300.0
2021-03-05,52010,4080.0,4255.0,4075.0,4255.0,0,0,2673100.0,11210825000.0,1.0,4080.0,4255.0,4075.0,4255.0,2673100.0
2021-03-08,52010,4270.0,4325.0,4215.0,4240.0,0,0,1363700.0,5810222000.0,1.0,4270.0,4325.0,4215.0,4240.0,1363700.0
2021-03-09,52010,4250.0,4255.0,4170.0,4240.0,0,0,1352700.0,5699359500.0,1.0,4250.0,4255.0,4170.0,4240.0,1352700.0
2021-03-10,52010,4240.0,4280.0,4210.0,4280.0,0,0,1115800.0,4746750500.0,1.0,4240.0,4280.0,4210.0,4280.0,1115800.0
2021-03-11,52010,4290.0,4325.0,4265.0,4325.0,0,0,1399600.0,6023399000.0,1.0,4290.0,4325.0,4265.0,4325.0,1399600.0
2021-03-12,52010,4350.0,4380.0,4275.0,4380.0,0,0,1188800.0,5169973500.0,1.0,4350.0,4380.0,4275.0,4380.0,1188800.0
2021-03-15,52010,4400.0,4475.0,4385.0,4400.0,0,0,1175800.0,5196168500.0,1.0,4400.0,4475.0,4385.0,4400.0,1175800.0
2021-03-16,52010,4355.0,4380.0,4315.0,4330.0,0,0,958700.0,4158757500.0,1.0,4355.0,4380.0,4315.0,4330.0,958700.0
2021-03-17,52010,4285.0,4300.0,4255.0,4300.0,0,0,1136000.0,4868033000.0,1.0,4285.0,4300.0,4255.0,4300.0,1136000.0
2021-03-18,52010,4335.0,4415.0,4325.0,4410.0,0,0,993600.0,4351147500.0,1.0,4335.0,4415.0,4325.0,4410.0,993600.0
2021-03-19,52010,4380.0,4400.0,4335.0,4375.0,0,0,1413100.0,6175126000.0,1.0,4380.0,4400.0,4335.0,4375.0,1413100.0
2021-03-22,52010,4330.0,4395.0,4320.0,4355.0,0,0,847900.0,3695835000.0,1.0,4330.0,4395.0,4320.0,4355.0,847900.0
2021-03-23,52010,4390.0,4405.0,4290.0,4290.0,0,0,1231600.0,5336089000.0,1.0,4390.0,4405.0,4290.0,4290.0,1231600.0
2021-03-24,52010,4255.0,4415.0,4240.0,4405.0,0,0,1775200.0,7766558500.0,1.0,4255.0,4415.0,4240.0,4405.0,1775200.0
2021-03-25,52010,4450.0,4575.0,4445.0,4470.0,0,0,2254800.0,10147705000.0,1.0,4450.0,4575.0,4445.0,4470.0,2254800.0
2021-03-26,52010,4575.0,4620.0,4525.0,4550.0,0,0,1867800.0,8525724500.0,1.0,4575.0,4620.0,4525.0,4550.0,1867800.0
2021-03-29,52010,4640.0,4655.0,4550.0,4600.0,0,0,1341900.0,6174885000.0,1.0,4640.0,4655.0,4550.0,4600.0,1341900.0
2021-03-30,52010,4610.0,4710.0,4595.0,4685.0,0,0,1154100.0,5389709500.0,1.0,4610.0,4710.0,4595.0,4685.0,1154100.0
2021-03-31,52010,4700.0,4730.0,4630.0,4630.0,0,0,1506900.0,7034462500.0,1.0,4700.0,4730.0,4630.0,4630.0,1506900.0
2021-04-01,52010,4650.0,4710.0,4530.0,4535.0,0,0,1234600.0,5658627000.0,1.0,4650.0,4710.0,4530.0,4535.0,1234600.0
2021-04-02,52010,4600.0,4625.0,4550.0,4595.0,0,0,856500.0,3928213000.0,1.0,4600.0,4625.0,4550.0,4595.0,856500.0
2021-04-05,52010,4620.0,4645.0,4575.0,4625.0,0,0,544000.0,2514042500.0,1.0,4620.0,4645.0,4575.0,4625.0,544000.0
2021-04-06,52010,4635.0,4645.0,4570.0,4585.0,0,0,798400.0,3674953000.0,1.0,4635.0,4645.0,4570.0,4585.0,798400.0
2021-04-07,52010,4645.0,4765.0,4625.0,4745.0,0,0,1297400.0,6122448000.0,1.0,4645.0,4765.0,4625.0,4745.0,1297400.0
2021-04-08,52010,4710.0,4755.0,4685.0,4735.0,0,0,1152600.0,5447739500.0,1.0,4710.0,4755.0,4685.0,4735.0,1152600.0
2021-04-09,52010,4770.0,4845.0,4750.0,4795.0,0,0,1659600.0,7985985500.0,1.0,4770.0,4845.0,4750.0,4795.0,1659600.0
2021-04-12,52010,4865.0,4910.0,4830.0,4845.0,0,0,1388900.0,6753573000.0,1.0,4865.0,4910.0,4830.0,4845.0,1388900.0
2021-04-13,52010,5150.0,5190.0,4970.0,4985.0,0,0,2894900.0,14613818000.0,1.0,5150.0,5190.0,4970.0,4985.0,2894900.0
2021-04-14,52010,4955.0,5030.0,4935.0,5030.0,0,0,1342900.0,6703540000.0,1.0,4955.0,5030.0,4935.0,5030.0,1342900.0
2021-04-15,52010,5000.0,5040.0,4900.0,4905.0,0,0,1361100.0,6730413500.0,1.0,5000.0,5040.0,4900.0,4905.0,1361100.0
2021-04-16,52010,4925.0,4980.0,4895.0,4970.0,0,0,1055700.0,5216804000.0,1.0,4925.0,4980.0,4895.0,4970.0,1055700.0
2021-04-19,52010,4995.0,5090.0,4990.0,5030.0,0,0,1105100.0,5570072500.0,1.0,4995.0,5090.0,4990.0,5030.0,1105100.0
2021-04-20,52010,4975.0,4980.0,4935.0,4955.0,0,0,1111300.0,5506650000.0,1.0,4975.0,4980.0,4935.0,4955.0,1111300.0
2021-04-21,52010,4920.0,4950.0,4825.0,4895.0,0,0,1478500.0,7233127000.0,1.0,4920.0,4950.0,4825.0,4895.0,1478500.0
2021-04-22,52010,4985.0,5050.0,4960.0,4990.0,0,0,1012300.0,5057398500.0,1.0,4985.0,5050.0,4960.0,4990.0,1012300.0
2021-04-23,52010,4945.0,4980.0,4940.0,4950.0,0,0,788600.0,3905565000.0,1.0,4945.0,4980.0,4940.0,4950.0,788600.0
2021-04-26,52010,4950.0,4950.0,4890.0,4925.0,0,0,1067300.0,5247825000.0,1.0,4950.0,4950.0,4890.0,4925.0,1067300.0
2021-04-27,52010,4895.0,4955.0,4875.0,4915.0,0,0,1043700.0,5137370500.0,1.0,4895.0,4955.0,4875.0,4915.0,1043700.0
2021-04-28,52010,4945.0,4965.0,4915.0,4945.0,0,0,670800.0,3313794000.0,1.0,4945.0,4965.0,4915.0,4945.0,670800.0
2021-04-30,52010,4950.0,5000.0,4940.0,4980.0,0,0,1001600.0,4982938500.0,1.0,4950.0,5000.0,4940.0,4980.0,1001600.0
2021-05-06,52010,5000.0,5000.0,4915.0,4995.0,0,0,1533700.0,7623935500.0,1.0,5000.0,5000.0,4915.0,4995.0,1533700.0
2021-05-07,52010,5000.0,5100.0,4955.0,5090.0,0,0,1415200.0,7143066500.0,1.0,5000.0,5100.0,4955.0,5090.0,1415200.0
2021-05-10,52010,5140.0,5230.0,5120.0,5230.0,0,0,2070100.0,10751142000.0,1.0,5140.0,5230.0,5120.0,5230.0,2070100.0
2021-05-11,52010,5200.0,5200.0,5050.0,5110.0,0,0,1208300.0,6174801000.0,1.0,5200.0,5200.0,5050.0,5110.0,1208300.0
2021-05-12,52010,5170.0,5170.0,4940.0,5000.0,0,0,1392500.0,7025412500.0,1.0,5170.0,5170.0,4940.0,5000.0,1392500.0
2021-05-13,52010,4900.0,4950.0,4875.0,4880.0,0,0,1209500.0,5939317000.0,1.0,4900.0,4950.0,4875.0,4880.0,1209500.0
2021-05-14,52010,4950.0,4975.0,4910.0,4915.0,0,0,915500.0,4518727500.0,1.0,4950.0,4975.0,4910.0,4915.0,915500.0
2021-05-17,52010,5000.0,5020.0,4905.0,4940.0,0,0,774300.0,3831474500.0,1.0,5000.0,5020.0,4905.0,4940.0,774300.0
2021-05-18,52010,4910.0,4930.0,4825.0,4895.0,0,0,1378300.0,6726557500.0,1.0,4910.0,4930.0,4825.0,4895.0,1378300.0
2021-05-19,52010,4825.0,4885.0,4755.0,4760.0,0,0,1593800.0,7660318500.0,1.0,4825.0,4885.0,4755.0,4760.0,1593800.0
2021-05-20,52010,4700.0,4720.0,4600.0,4615.0,0,0,2057400.0,9555907000.0,1.0,4700.0,4720.0,4600.0,4615.0,2057400.0
2021-05-21,52010,4630.0,4745.0,4630.0,4720.0,0,0,1239700.0,5835628500.0,1.0,4630.0,4745.0,4630.0,4720.0,1239700.0
2021-05-24,52010,4740.0,4890.0,4740.0,4855.0,0,0,1040400.0,5041048500.0,1.0,4740.0,4890.0,4740.0,4855.0,1040400.0
2021-05-25,52010,4885.0,4885.0,4800.0,4830.0,0,0,825000.0,3990038500.0,1.0,4885.0,4885.0,4800.0,4830.0,825000.0
2021-05-26,52010,4780.0,4890.0,4770.0,4885.0,0,0,700900.0,3409906000.0,1.0,4780.0,4890.0,4770.0,4885.0,700900.0
2021-05-27,52010,4845.0,4870.0,4780.0,4795.0,0,0,1099000.0,5282104500.0,1.0,4845.0,4870.0,4780.0,4795.0,1099000.0
2021-05-28,52010,4785.0,4860.0,4770.0,4830.0,0,0,1128800.0,5446076000.0,1.0,4785.0,4860.0,4770.0,4830.0,1128800.0
2021-05-31,52010,4850.0,4860.0,4760.0,4780.0,0,0,787900.0,3774867000.0,1.0,4850.0,4860.0,4760.0,4780.0,787900.0
2021-06-01,52010,4880.0,4900.0,4790.0,4870.0,0,0,694900.0,3365558500.0,1.0,4880.0,4900.0,4790.0,4870.0,694900.0
2021-06-02,52010,4815.0,4900.0,4815.0,4830.0,0,0,1003500.0,4867429000.0,1.0,4815.0,4900.0,4815.0,4830.0,1003500.0
2021-06-03,52010,4805.0,4860.0,4805.0,4815.0,0,0,820000.0,3956365000.0,1.0,4805.0,4860.0,4805.0,4815.0,820000.0
2021-06-04,52010,4790.0,4875.0,4780.0,4870.0,0,0,1000200.0,4837685000.0,1.0,4790.0,4875.0,4780.0,4870.0,1000200.0
2021-06-07,52010,4890.0,4925.0,4835.0,4850.0,0,0,768900.0,3744668000.0,1.0,4890.0,4925.0,4835.0,4850.0,768900.0
2021-06-08,52010,4840.0,4880.0,4810.0,4840.0,0,0,714200.0,3459764000.0,1.0,4840.0,4880.0,4810.0,4840.0,714200.0
2021-06-09,52010,4905.0,4910.0,4820.0,4820.0,0,0,670400.0,3258270500.0,1.0,4905.0,4910.0,4820.0,4820.0,670400.0
2021-06-10,52010,4830.0,4890.0,4825.0,4845.0,0,0,818500.0,3975090500.0,1.0,4830.0,4890.0,4825.0,4845.0,818500.0
2021-06-11,52010,4870.0,4875.0,4820.0,4830.0,0,0,918900.0,4457819500.0,1.0,4870.0,4875.0,4820.0,4830.0,918900.0
2021-06-14,52010,4855.0,4885.0,4800.0,4865.0,0,0,769900.0,3725901000.0,1.0,4855.0,4885.0,4800.0,4865.0,769900.0
2021-06-15,52010,4860.0,4875.0,4810.0,4825.0,0,0,1007200.0,4864267500.0,1.0,4860.0,4875.0,4810.0,4825.0,1007200.0
2021-06-16,52010,4980.0,5070.0,4965.0,5000.0,0,0,2050600.0,10288932000.0,1.0,4980.0,5070.0,4965.0,5000.0,2050600.0
2021-06-17,52010,4970.0,4970.0,4855.0,4900.0,0,0,1318400.0,6456481500.0,1.0,4970.0,4970.0,4855.0,4900.0,1318400.0
2021-06-18,52010,4850.0,4855.0,4780.0,4790.0,0,0,1737600.0,8349647500.0,1.0,4850.0,4855.0,4780.0,4790.0,1737600.0
2021-06-21,52010,4675.0,4710.0,4650.0,4675.0,0,0,1250300.0,5846616000.0,1.0,4675.0,4710.0,4650.0,4675.0,1250300.0
2021-06-22,52010,4775.0,4810.0,4745.0,4800.0,0,0,794700.0,3807520500.0,1.0,4775.0,4810.0,4745.0,4800.0,794700.0
2021-06-23,52010,4800.0,4835.0,4775.0,4815.0,0,0,670000.0,3218743500.0,1.0,4800.0,4835.0,4775.0,4815.0,670000.0
2021-06-24,52010,4790.0,4825.0,4785.0,4815.0,0,0,497800.0,2392471000.0,1.0,4790.0,4825.0,4785.0,4815.0,497800.0
2021-06-25,52010,4820.0,4835.0,4790.0,4835.0,0,0,863300.0,4157004000.0,1.0,4820.0,4835.0,4790.0,4835.0,863300.0
2021-06-28,52010,4850.0,4850.0,4820.0,4835.0,0,0,1007100.0,4871987000.0,1.0,4850.0,4850.0,4820.0,4835.0,1007100.0
2021-06-29,52010,4755.0,4765.0,4670.0,4680.0,0,0,1120800.0,5264178000.0,1.0,4755.0,4765.0,4670.0,4680.0,1120800.0
2021-06-30,52010,4700.0,4710.0,4660.0,4660.0,0,0,791300.0,3700251000.0,1.0,4700.0,4710.0,4660.0,4660.0,791300.0
2021-07-01,52010,4720.0,4720.0,4625.0,4645.0,0,0,697800.0,3247162000.0,1.0,4720.0,4720.0,4625.0,4645.0,697800.0
2021-07-02,52010,4655.0,4720.0,4645.0,4720.0,0,0,802000.0,3765352000.0,1.0,4655.0,4720.0,4645.0,4720.0,802000.0
2021-07-05,52010,4720.0,4760.0,4695.0,4700.0,0,0,630300.0,2978055500.0,1.0,4720.0,4760.0,4695.0,4700.0,630300.0
2021-07-06,52010,4685.0,4725.0,4670.0,4700.0,0,0,449400.0,2114101500.0,1.0,4685.0,4725.0,4670.0,4700.0,449400.0
2021-07-07,52010,4605.0,4650.0,4600.0,4625.0,0,0,731000.0,3378755000.0,1.0,4605.0,4650.0,4600.0,4625.0,731000.0
2021-07-08,52010,4665.0,4665.0,4580.0,4580.0,0,0,826800.0,3804667000.0,1.0,4665.0,4665.0,4580.0,4580.0,826800.0
2021-07-09,52010,4500.0,4565.0,4455.0,4550.0,0,0,1239500.0,5589372000.0,1.0,4500.0,4565.0,4455.0,4550.0,1239500.0
2021-07-12,52010,4620.0,4675.0,4610.0,4665.0,0,0,797500.0,3708227500.0,1.0,4620.0,4675.0,4610.0,4665.0,797500.0
2021-07-13,52010,4730.0,4780.0,4710.0,4780.0,0,0,1029600.0,4895351500.0,1.0,4730.0,4780.0,4710.0,4780.0,1029600.0
2021-07-14,52010,4710.0,4755.0,4685.0,4695.0,0,0,802400.0,3785948500.0,1.0,4710.0,4755.0,4685.0,4695.0,802400.0
2021-07-15,52010,4670.0,4685.0,4640.0,4645.0,0,0,548500.0,2554361000.0,1.0,4670.0,4685.0,4640.0,4645.0,548500.0
2021-07-16,52010,4635.0,4720.0,4630.0,4695.0,0,0,599100.0,2811059000.0,1.0,4635.0,4720.0,4630.0,4695.0,599100.0
2021-07-19,52010,4625.0,4645.0,4575.0,4580.0,0,0,815200.0,3749519500.0,1.0,4625.0,4645.0,4575.0,4580.0,815200.0
2021-07-20,52010,4525.0,4590.0,4505.0,4570.0,0,0,882700.0,4025950000.0,1.0,4525.0,4590.0,4505.0,4570.0,882700.0
2021-07-21,52010,4720.0,4725.0,4570.0,4590.0,0,0,1623500.0,7517098000.0,1.0,4720.0,4725.0,4570.0,4590.0,1623500.0
2021-07-26,52010,4695.0,4715.0,4655.0,4700.0,0,0,953600.0,4473184000.0,1.0,4695.0,4715.0,4655.0,4700.0,953600.0
2021-07-27,52010,4765.0,4805.0,4695.0,4725.0,0,0,1167900.0,5532998000.0,1.0,4765.0,4805.0,4695.0,4725.0,1167900.0
2021-07-28,52010,4680.0,4730.0,4675.0,4710.0,0,0,674300.0,3172116000.0,1.0,4680.0,4730.0,4675.0,4710.0,674300.0
2021-07-29,52010,4675.0,4750.0,4670.0,4750.0,0,0,685000.0,3233978000.0,1.0,4675.0,4750.0,4670.0,4750.0,685000.0
2021-07-30,52010,4735.0,4750.0,4665.0,4665.0,0,0,896300.0,4199395000.0,1.0,4735.0,4750.0,4665.0,4665.0,896300.0
2021-08-02,52010,4730.0,4830.0,4720.0,4825.0,0,0,1264900.0,6064323500.0,1.0,4730.0,4830.0,4720.0,4825.0,1264900.0
2021-08-03,52010,4920.0,4965.0,4840.0,4905.0,0,0,2808400.0,13769411500.0,1.0,4920.0,4965.0,4840.0,4905.0,2808400.0
2021-08-04,52010,4905.0,5010.0,4880.0,4975.0,0,0,1926700.0,9560847500.0,1.0,4905.0,5010.0,4880.0,4975.0,1926700.0
2021-08-05,52010,4930.0,4960.0,4910.0,4925.0,0,0,758000.0,3733331500.0,1.0,4930.0,4960.0,4910.0,4925.0,758000.0
2021-08-06,52010,4950.0,4960.0,4890.0,4920.0,0,0,700800.0,3448296500.0,1.0,4950.0,4960.0,4890.0,4920.0,700800.0
2021-08-10,52010,4950.0,4960.0,4835.0,4840.0,0,0,1170600.0,5713165500.0,1.0,4950.0,4960.0,4835.0,4840.0,1170600.0
2021-08-11,52010,4910.0,4995.0,4900.0,4985.0,0,0,1119900.0,5555493000.0,1.0,4910.0,4995.0,4900.0,4985.0,1119900.0
2021-08-12,52010,5010.0,5050.0,4990.0,4990.0,0,0,804300.0,4031081500.0,1.0,5010.0,5050.0,4990.0,4990.0,804300.0
2021-08-13,52010,4985.0,5010.0,4930.0,4940.0,0,0,714700.0,3544718500.0,1.0,4985.0,5010.0,4930.0,4940.0,714700.0
2021-08-16,52010,4915.0,4915.0,4860.0,4895.0,0,0,603300.0,2950447500.0,1.0,4915.0,4915.0,4860.0,4895.0,603300.0
2021-08-17,52010,4955.0,4990.0,4935.0,4955.0,0,0,773200.0,3836640500.0,1.0,4955.0,4990.0,4935.0,4955.0,773200.0
2021-08-18,52010,5010.0,5090.0,4995.0,5030.0,0,0,1236500.0,6231788500.0,1.0,5010.0,5090.0,4995.0,5030.0,1236500.0
2021-08-19,52010,5040.0,5080.0,5020.0,5030.0,0,0,1069400.0,5394341000.0,1.0,5040.0,5080.0,5020.0,5030.0,1069400.0
2021-08-20,52010,5000.0,5020.0,4855.0,4860.0,0,0,1357800.0,6662597000.0,1.0,5000.0,5020.0,4855.0,4860.0,1357800.0
2021-08-23,52010,4925.0,5000.0,4920.0,4980.0,0,0,946200.0,4702902500.0,1.0,4925.0,5000.0,4920.0,4980.0,946200.0
2021-08-24,52010,5000.0,5100.0,4990.0,5090.0,0,0,846000.0,4289960500.0,1.0,5000.0,5100.0,4990.0,5090.0,846000.0
2021-08-25,52010,5090.0,5150.0,5080.0,5150.0,0,0,815200.0,4181186000.0,1.0,5090.0,5150.0,5080.0,5150.0,815200.0
2021-08-26,52010,5150.0,5180.0,5110.0,5140.0,0,0,953600.0,4912168000.0,1.0,5150.0,5180.0,5110.0,5140.0,953600.0
2021-08-27,52010,5130.0,5130.0,5050.0,5080.0,0,0,487500.0,2479270000.0,1.0,5130.0,5130.0,5050.0,5080.0,487500.0
2021-08-30,52010,5150.0,5280.0,5140.0,5280.0,0,0,1200600.0,6278696000.0,1.0,5150.0,5280.0,5140.0,5280.0,1200600.0
2021-08-31,52010,5240.0,5380.0,5220.0,5320.0,0,0,1625000.0,8633375000.0,1.0,5240.0,5380.0,5220.0,5320.0,1625000.0
2021-09-01,52010,5360.0,5480.0,5340.0,5440.0,0,0,1446600.0,7842612000.0,1.0,5360.0,5480.0,5340.0,5440.0,1446600.0
2021-09-02,52010,5460.0,5470.0,5370.0,5450.0,0,0,934500.0,5067282000.0,1.0,5460.0,5470.0,5370.0,5450.0,934500.0
2021-09-03,52010,5490.0,5500.0,5410.0,5480.0,0,0,1205500.0,6596996000.0,1.0,5490.0,5500.0,5410.0,5480.0,1205500.0
2021-09-06,52010,5520.0,5670.0,5500.0,5670.0,0,0,1654100.0,9269897000.0,1.0,5520.0,5670.0,5500.0,5670.0,1654100.0
2021-09-07,52010,5680.0,5680.0,5570.0,5610.0,0,0,1255400.0,7056539000.0,1.0,5680.0,5680.0,5570.0,5610.0,1255400.0
2021-09-08,52010,5520.0,5650.0,5510.0,5650.0,0,0,1168200.0,6533446000.0,1.0,5520.0,5650.0,5510.0,5650.0,1168200.0
2021-09-09,52010,5590.0,5660.0,5580.0,5660.0,0,0,964500.0,5438665000.0,1.0,5590.0,5660.0,5580.0,5660.0,964500.0
2021-09-10,52010,5670.0,5760.0,5650.0,5740.0,0,0,1141200.0,6517628000.0,1.0,5670.0,5760.0,5650.0,5740.0,1141200.0
2021-09-13,52010,5750.0,5760.0,5640.0,5710.0,0,0,904400.0,5146343000.0,1.0,5750.0,5760.0,5640.0,5710.0,904400.0
2021-09-14,52010,5750.0,5810.0,5720.0,5800.0,0,0,1148800.0,6631085000.0,1.0,5750.0,5810.0,5720.0,5800.0,1148800.0
2021-09-15,52010,5760.0,5810.0,5730.0,5810.0,0,0,956200.0,5530278000.0,1.0,5760.0,5810.0,5730.0,5810.0,956200.0
2021-09-16,52010,5800.0,5820.0,5690.0,5720.0,0,0,1005000.0,5768309000.0,1.0,5800.0,5820.0,5690.0,5720.0,1005000.0
2021-09-17,52010,5680.0,5770.0,5660.0,5760.0,0,0,1133400.0,6507996000.0,1.0,5680.0,5770.0,5660.0,5760.0,1133400.0
2021-09-21,52010,5570.0,5750.0,5550.0,5700.0,0,0,929100.0,5280997000.0,1.0,5570.0,5750.0,5550.0,5700.0,929100.0
2021-09-22,52010,5750.0,5790.0,5710.0,5760.0,0,0,1256800.0,7230964000.0,1.0,5750.0,5790.0,5710.0,5760.0,1256800.0
2021-09-24,52010,5830.0,5910.0,5820.0,5900.0,0,0,1661200.0,9762973000.0,1.0,5830.0,5910.0,5820.0,5900.0,1661200.0
2021-09-27,52010,5950.0,5960.0,5880.0,5900.0,0,0,1179200.0,6975366000.0,1.0,5950.0,5960.0,5880.0,5900.0,1179200.0
2021-09-28,52010,5870.0,5910.0,5770.0,5890.0,0,0,1364000.0,7980327000.0,1.0,5870.0,5910.0,5770.0,5890.0,1364000.0
2021-09-29,52010,5830.0,5850.0,5710.0,5770.0,0,0,1312600.0,7576491000.0,1.0,5830.0,5850.0,5710.0,5770.0,1312600.0
2021-09-30,52010,5800.0,5840.0,5690.0,5780.0,0,0,1324600.0,7664548000.0,1.0,5800.0,5840.0,5690.0,5780.0,1324600.0
2021-10-01,52010,5680.0,5740.0,5620.0,5650.0,0,0,1137700.0,6442773000.0,1.0,5680.0,5740.0,5620.0,5650.0,1137700.0
2021-10-04,52010,5710.0,5720.0,5450.0,5480.0,0,0,1700400.0,9380788000.0,1.0,5710.0,5720.0,5450.0,5480.0,1700400.0
2021-10-05,52010,5420.0,5470.0,5260.0,5360.0,0,0,1741100.0,9315769000.0,1.0,5420.0,5470.0,5260.0,5360.0,1741100.0
2021-10-06,52010,5430.0,5610.0,5350.0,5420.0,0,0,1734900.0,9458627000.0,1.0,5430.0,5610.0,5350.0,5420.0,1734900.0
2021-10-07,52010,5420.0,5610.0,5400.0,5530.0,0,0,1672000.0,9246860000.0,1.0,5420.0,5610.0,5400.0,5530.0,1672000.0
2021-10-08,52010,5520.0,5630.0,5500.0,5570.0,0,0,1278700.0,7124897000.0,1.0,5520.0,5630.0,5500.0,5570.0,1278700.0
2021-10-11,52010,5670.0,5880.0,5630.0,5870.0,0,0,1954400.0,11360772000.0,1.0,5670.0,5880.0,5630.0,5870.0,1954400.0
2021-10-12,52010,5830.0,5930.0,5800.0,5900.0,0,0,1991800.0,11704916000.0,1.0,5830.0,5930.0,5800.0,5900.0,1991800.0
2021-10-13,52010,5900.0,5900.0,5740.0,5750.0,0,0,1250800.0,7256621000.0,1.0,5900.0,5900.0,5740.0,5750.0,1250800.0
2021-10-14,52010,5780.0,5820.0,5720.0,5740.0,0,0,1330100.0,7661393000.0,1.0,5780.0,5820.0,5720.0,5740.0,1330100.0
2021-10-15,52010,5800.0,5820.0,5740.0,5780.0,0,0,1015600.0,5860599000.0,1.0,5800.0,5820.0,5740.0,5780.0,1015600.0
2021-10-18,52010,5820.0,5820.0,5760.0,5820.0,0,0,942400.0,5468248000.0,1.0,5820.0,5820.0,5760.0,5820.0,942400.0
2021-10-19,52010,5850.0,5890.0,5790.0,5820.0,0,0,889200.0,5185912000.0,1.0,5850.0,5890.0,5790.0,5820.0,889200.0
2021-10-20,52010,5880.0,5970.0,5800.0,5800.0,0,0,1498400.0,8813281000.0,1.0,5880.0,5970.0,5800.0,5800.0,1498400.0
2021-10-21,52010,5860.0,5870.0,5680.0,5690.0,0,0,1265600.0,7280787000.0,1.0,5860.0,5870.0,5680.0,5690.0,1265600.0
2021-10-22,52010,5620.0,5740.0,5600.0,5700.0,0,0,939000.0,5326802000.0,1.0,5620.0,5740.0,5600.0,5700.0,939000.0
2021-10-25,52010,5650.0,5710.0,5640.0,5700.0,0,0,675200.0,3836318000.0,1.0,5650.0,5710.0,5640.0,5700.0,675200.0
2021-10-26,52010,5720.0,5780.0,5660.0,5700.0,0,0,703400.0,4019426000.0,1.0,5720.0,5780.0,5660.0,5700.0,703400.0
2021-10-27,52010,5750.0,5870.0,5730.0,5770.0,0,0,1000700.0,5778295000.0,1.0,5750.0,5870.0,5730.0,5770.0,1000700.0
2021-10-28,52010,5720.0,5850.0,5660.0,5820.0,0,0,1302100.0,7528449000.0,1.0,5720.0,5850.0,5660.0,5820.0,1302100.0
2021-10-29,52010,5810.0,5820.0,5660.0,5670.0,0,0,1305100.0,7457018000.0,1.0,5810.0,5820.0,5660.0,5670.0,1305100.0
2021-11-01,52010,5770.0,5870.0,5700.0,5860.0,0,0,1487300.0,8616069000.0,1.0,5770.0,5870.0,5700.0,5860.0,1487300.0
2021-11-02,52010,5930.0,5930.0,5680.0,5780.0,0,0,2950600.0,17008896000.0,1.0,5930.0,5930.0,5680.0,5780.0,2950600.0
2021-11-04,52010,5800.0,6040.0,5780.0,6010.0,0,0,2481800.0,14776505000.0,1.0,5800.0,6040.0,5780.0,6010.0,2481800.0
2021-11-05,52010,5930.0,5990.0,5830.0,5860.0,0,0,1491600.0,8773389000.0,1.0,5930.0,5990.0,5830.0,5860.0,1491600.0
2021-11-08,52010,5930.0,5940.0,5760.0,5800.0,0,0,1175800.0,6840609000.0,1.0,5930.0,5940.0,5760.0,5800.0,1175800.0
2021-11-09,52010,5790.0,5800.0,5660.0,5660.0,0,0,1095800.0,6248453000.0,1.0,5790.0,5800.0,5660.0,5660.0,1095800.0
2021-11-10,52010,5710.0,5800.0,5680.0,5700.0,0,0,1397300.0,8013709000.0,1.0,5710.0,5800.0,5680.0,5700.0,1397300.0
2021-11-11,52010,5770.0,5820.0,5620.0,5660.0,0,0,1535900.0,8733100000.0,1.0,5770.0,5820.0,5620.0,5660.0,1535900.0
2021-11-12,52010,5710.0,5780.0,5680.0,5770.0,0,0,1326600.0,7612445000.0,1.0,5710.0,5780.0,5680.0,5770.0,1326600.0
2021-11-15,52010,5800.0,5840.0,5720.0,5740.0,0,0,683700.0,3940177000.0,1.0,5800.0,5840.0,5720.0,5740.0,683700.0
2021-11-16,52010,5700.0,5730.0,5650.0,5670.0,0,0,1163000.0,6612372000.0,1.0,5700.0,5730.0,5650.0,5670.0,1163000.0
2021-11-17,52010,5650.0,5650.0,5560.0,5630.0,0,0,925200.0,5189692000.0,1.0,5650.0,5650.0,5560.0,5630.0,925200.0
2021-11-18,52010,5630.0,5680.0,5570.0,5660.0,0,0,776800.0,4369578000.0,1.0,5630.0,5680.0,5570.0,5660.0,776800.0
2021-11-19,52010,5670.0,5670.0,5590.0,5620.0,0,0,766600.0,4307332000.0,1.0,5670.0,5670.0,5590.0,5620.0,766600.0
2021-11-22,52010,5580.0,5750.0,5580.0,5750.0,0,0,1123800.0,6397195000.0,1.0,5580.0,5750.0,5580.0,5750.0,1123800.0
2021-11-24,52010,5770.0,5790.0,5640.0,5660.0,0,0,1041300.0,5927155000.0,1.0,5770.0,5790.0,5640.0,5660.0,1041300.0
2021-11-25,52010,5710.0,5790.0,5680.0,5720.0,0,0,867100.0,4976629000.0,1.0,5710.0,5790.0,5680.0,5720.0,867100.0
2021-11-26,52010,5710.0,5720.0,5650.0,5670.0,0,0,996600.0,5658802000.0,1.0,5710.0,5720.0,5650.0,5670.0,996600.0
2021-11-29,52010,5590.0,5640.0,5520.0,5530.0,0,0,1159700.0,6460524000.0,1.0,5590.0,5640.0,5520.0,5530.0,1159700.0
2021-11-30,52010,5690.0,5760.0,5550.0,5550.0,0,0,2527600.0,14260938000.0,1.0,5690.0,5760.0,5550.0,5550.0,2527600.0
2021-12-01,52010,5550.0,5600.0,5470.0,5470.0,0,0,2063300.0,11358004000.0,1.0,5550.0,5600.0,5470.0,5470.0,2063300.0
2021-12-02,52010,5420.0,5530.0,5420.0,5420.0,0,0,1165800.0,6355657000.0,1.0,5420.0,5530.0,5420.0,5420.0,1165800.0
2021-12-03,52010,5480.0,5550.0,5420.0,5540.0,0,0,869600.0,4779985000.0,1.0,5480.0,5550.0,5420.0,5540.0,869600.0
2021-12-06,52010,5500.0,5590.0,5490.0,5560.0,0,0,704100.0,3909607000.0,1.0,5500.0,5590.0,5490.0,5560.0,704100.0
2021-12-07,52010,5650.0,5740.0,5610.0,5740.0,0,0,1180500.0,6728967000.0,1.0,5650.0,5740.0,5610.0,5740.0,1180500.0
2021-12-08,52010,5780.0,5780.0,5690.0,5760.0,0,0,1025100.0,5892613000.0,1.0,5780.0,5780.0,5690.0,5760.0,1025100.0
2021-12-09,52010,5730.0,5750.0,5630.0,5650.0,0,0,946000.0,5373879000.0,1.0,5730.0,5750.0,5630.0,5650.0,946000.0
2021-12-10,52010,5620.0,5680.0,5600.0,5600.0,0,0,759500.0,4272264000.0,1.0,5620.0,5680.0,5600.0,5600.0,759500.0
2021-12-13,52010,5680.0,5680.0,5580.0,5590.0,0,0,888500.0,4991814000.0,1.0,5680.0,5680.0,5580.0,5590.0,888500.0
2021-12-14,52010,5600.0,5680.0,5600.0,5650.0,0,0,852900.0,4809424000.0,1.0,5600.0,5680.0,5600.0,5650.0,852900.0
2021-12-15,52010,5590.0,5680.0,5590.0,5650.0,0,0,491000.0,2775234000.0,1.0,5590.0,5680.0,5590.0,5650.0,491000.0
2021-12-16,52010,5720.0,5730.0,5660.0,5680.0,0,0,656000.0,3729206000.0,1.0,5720.0,5730.0,5660.0,5680.0,656000.0
2021-12-17,52010,5670.0,5690.0,5600.0,5620.0,0,0,984000.0,5540065000.0,1.0,5670.0,5690.0,5600.0,5620.0,984000.0
2021-12-20,52010,5580.0,5630.0,5400.0,5400.0,0,0,1134200.0,6225120000.0,1.0,5580.0,5630.0,5400.0,5400.0,1134200.0
2021-12-21,52010,5480.0,5490.0,5410.0,5440.0,0,0,840100.0,4576720000.0,1.0,5480.0,5490.0,5410.0,5440.0,840100.0
2021-12-22,52010,5390.0,5480.0,5380.0,5470.0,0,0,618800.0,3367514000.0,1.0,5390.0,5480.0,5380.0,5470.0,618800.0
2021-12-23,52010,5470.0,5540.0,5460.0,5540.0,0,0,442300.0,2439981000.0,1.0,5470.0,5540.0,5460.0,5540.0,442300.0
2021-12-24,52010,5560.0,5590.0,5550.0,5590.0,0,0,417600.0,2327438000.0,1.0,5560.0,5590.0,5550.0,5590.0,417600.0
2021-12-27,52010,5620.0,5640.0,5580.0,5600.0,0,0,560000.0,3137199000.0,1.0,5620.0,5640.0,5580.0,5600.0,560000.0
2021-12-28,52010,5640.0,5680.0,5610.0,5650.0,0,0,1020000.0,5753728000.0,1.0,5640.0,5680.0,5610.0,5650.0,1020000.0
2021-12-29,52010,5470.0,5530.0,5450.0,5470.0,0,0,972700.0,5329058000.0,1.0,5470.0,5530.0,5450.0,5470.0,972700.0
2021-12-30,52010,5480.0,5510.0,5450.0,5490.0,0,0,605400.0,3317470000.0,1.0,5480.0,5510.0,5450.0,5490.0,605400.0
2022-01-04,52010,5520.0,5540.0,5440.0,5450.0,0,0,923700.0,5048955000.0,1.0,5520.0,5540.0,5440.0,5450.0,923700.0
2022-01-05,52010,5450.0,5480.0,5350.0,5470.0,0,0,1696200.0,9201191000.0,1.0,5450.0,5480.0,5350.0,5470.0,1696200.0
2022-01-06,52010,5450.0,5500.0,5380.0,5390.0,0,0,1024600.0,5561479000.0,1.0,5450.0,5500.0,5380.0,5390.0,1024600.0
2022-01-07,52010,5400.0,5470.0,5350.0,5360.0,0,0,956200.0,5151531000.0,1.0,5400.0,5470.0,5350.0,5360.0,956200.0
2022-01-11,52010,5310.0,5360.0,5260.0,5300.0,0,0,1132600.0,5996822000.0,1.0,5310.0,5360.0,5260.0,5300.0,1132600.0
2022-01-12,52010,5360.0,5430.0,5340.0,5430.0,0,0,1108700.0,5985071000.0,1.0,5360.0,5430.0,5340.0,5430.0,1108700.0
2022-01-13,52010,5390.0,5410.0,5260.0,5260.0,0,0,1021300.0,5425069000.0,1.0,5390.0,5410.0,5260.0,5260.0,1021300.0
2022-01-14,52010,5250.0,5260.0,5130.0,5200.0,0,0,1618600.0,8401527000.0,1.0,5250.0,5260.0,5130.0,5200.0,1618600.0
2022-01-17,52010,5190.0,5260.0,5180.0,5260.0,0,0,718000.0,3754116000.0,1.0,5190.0,5260.0,5180.0,5260.0,718000.0
2022-01-18,52010,5290.0,5310.0,5150.0,5190.0,0,0,937100.0,4883324000.0,1.0,5290.0,5310.0,5150.0,5190.0,937100.0
2022-01-19,52010,5130.0,5150.0,5020.0,5060.0,0,0,1086500.0,5526239000.0,1.0,5130.0,5150.0,5020.0,5060.0,1086500.0
2022-01-20,52010,5120.0,5160.0,5040.0,5110.0,0,0,1069900.0,5469057000.0,1.0,5120.0,5160.0,5040.0,5110.0,1069900.0
2022-01-21,52010,5010.0,5070.0,4965.0,5050.0,0,0,879500.0,4419309500.0,1.0,5010.0,5070.0,4965.0,5050.0,879500.0
2022-01-24,52010,5080.0,5230.0,5060.0,5200.0,0,0,1252800.0,6447890000.0,1.0,5080.0,5230.0,5060.0,5200.0,1252800.0
2022-01-25,52010,5140.0,5150.0,5040.0,5110.0,0,0,1147700.0,5843119000.0,1.0,5140.0,5150.0,5040.0,5110.0,1147700.0
2022-01-26,52010,5100.0,5160.0,5080.0,5130.0,0,0,721300.0,3698095000.0,1.0,5100.0,5160.0,5080.0,5130.0,721300.0
2022-01-27,52010,5170.0,5180.0,5020.0,5050.0,0,0,1276200.0,6479556000.0,1.0,5170.0,5180.0,5020.0,5050.0,1276200.0
2022-01-28,52010,5110.0,5160.0,5070.0,5140.0,0,0,1273200.0,6525383000.0,1.0,5110.0,5160.0,5070.0,5140.0,1273200.0
2022-01-31,52010,5090.0,5260.0,5090.0,5230.0,0,0,1391800.0,7250772000.0,1.0,5090.0,5260.0,5090.0,5230.0,1391800.0
2022-02-01,52010,5250.0,5270.0,5070.0,5080.0,0,0,1103900.0,5674450000.0,1.0,5250.0,5270.0,5070.0,5080.0,1103900.0
2022-02-02,52010,5000.0,5120.0,4995.0,5120.0,0,0,1148300.0,5833890000.0,1.0,5000.0,5120.0,4995.0,5120.0,1148300.0
2022-02-03,52010,5130.0,5210.0,5130.0,5200.0,0,0,720400.0,3728788000.0,1.0,5130.0,5210.0,5130.0,5200.0,720400.0
2022-02-04,52010,5160.0,5230.0,5030.0,5040.0,0,0,1542100.0,7817891000.0,1.0,5160.0,5230.0,5030.0,5040.0,1542100.0
2022-02-07,52010,5060.0,5070.0,4980.0,5040.0,0,0,1153600.0,5791259000.0,1.0,5060.0,5070.0,4980.0,5040.0,1153600.0
2022-02-08,52010,5040.0,5110.0,5020.0,5090.0,0,0,1283500.0,6502802000.0,1.0,5040.0,5110.0,5020.0,5090.0,1283500.0
2022-02-09,52010,5290.0,5590.0,5260.0,5570.0,0,0,3976400.0,21807150000.0,1.0,5290.0,5590.0,5260.0,5570.0,3976400.0
2022-02-10,52010,5570.0,5650.0,5500.0,5630.0,0,0,2157500.0,12089990000.0,1.0,5570.0,5650.0,5500.0,5630.0,2157500.0
2022-02-14,52010,5640.0,5700.0,5540.0,5610.0,0,0,2108100.0,11855995000.0,1.0,5640.0,5700.0,5540.0,5610.0,2108100.0
2022-02-15,52010,5610.0,5660.0,5490.0,5530.0,0,0,1142300.0,6362318000.0,1.0,5610.0,5660.0,5490.0,5530.0,1142300.0
2022-02-16,52010,5630.0,5730.0,5600.0,5720.0,0,0,1286100.0,7311756000.0,1.0,5630.0,5730.0,5600.0,5720.0,1286100.0
2022-02-17,52010,5700.0,5720.0,5580.0,5610.0,0,0,1213000.0,6828804000.0,1.0,5700.0,5720.0,5580.0,5610.0,1213000.0
2022-02-18,52010,5570.0,5640.0,5530.0,5590.0,0,0,899300.0,5032794000.0,1.0,5570.0,5640.0,5530.0,5590.0,899300.0
2022-02-21,52010,5530.0,5620.0,5460.0,5600.0,0,0,741300.0,4127163000.0,1.0,5530.0,5620.0,5460.0,5600.0,741300.0
2022-02-22,52010,5550.0,5560.0,5320.0,5390.0,0,0,1143800.0,6184975000.0,1.0,5550.0,5560.0,5320.0,5390.0,1143800.0
2022-02-24,52010,5350.0,5380.0,5030.0,5060.0,0,0,2694300.0,13897994000.0,1.0,5350.0,5380.0,5030.0,5060.0,2694300.0
2022-02-25,52010,5170.0,5230.0,5090.0,5200.0,0,0,1270500.0,6589030000.0,1.0,5170.0,5230.0,5090.0,5200.0,1270500.0
2022-02-28,52010,5230.0,5230.0,5070.0,5090.0,0,0,2053500.0,10500043000.0,1.0,5230.0,5230.0,5070.0,5090.0,2053500.0
2022-03-01,52010,5140.0,5180.0,5010.0,5020.0,0,0,2047300.0,10366964000.0,1.0,5140.0,5180.0,5010.0,5020.0,2047300.0
2022-03-02,52010,4995.0,4995.0,4755.0,4755.0,0,0,2245600.0,10834272500.0,1.0,4995.0,4995.0,4755.0,4755.0,2245600.0
2022-03-03,52010,4815.0,4820.0,4720.0,4785.0,0,0,1363300.0,6507871000.0,1.0,4815.0,4820.0,4720.0,4785.0,1363300.0
2022-03-04,52010,4760.0,4770.0,4285.0,4320.0,0,0,4779000.0,21020522000.0,1.0,4760.0,4770.0,4285.0,4320.0,4779000.0
2022-03-07,52010,4250.0,4265.0,4105.0,4185.0,0,0,2917400.0,12142470500.0,1.0,4250.0,4265.0,4105.0,4185.0,2917400.0
2022-03-08,52010,4225.0,4410.0,4215.0,4280.0,0,0,3084200.0,13322246000.0,1.0,4225.0,4410.0,4215.0,4280.0,3084200.0
2022-03-09,52010,4375.0,4405.0,4225.0,4255.0,0,0,2781200.0,11940223500.0,1.0,4375.0,4405.0,4225.0,4255.0,2781200.0
2022-03-10,52010,4500.0,4655.0,4495.0,4620.0,0,0,2839800.0,13042956500.0,1.0,4500.0,4655.0,4495.0,4620.0,2839800.0
2022-03-11,52010,4580.0,4655.0,4525.0,4635.0,0,0,2557600.0,11783056500.0,1.0,4580.0,4655.0,4525.0,4635.0,2557600.0
2022-03-14,52010,4585.0,4680.0,4575.0,4630.0,0,0,1817400.0,8397226000.0,1.0,4585.0,4680.0,4575.0,4630.0,1817400.0
2022-03-15,52010,4635.0,4770.0,4620.0,4725.0,0,0,1028900.0,4851017500.0,1.0,4635.0,4770.0,4620.0,4725.0,1028900.0
2022-03-16,52010,4740.0,4815.0,4695.0,4785.0,0,0,1190100.0,5687141500.0,1.0,4740.0,4815.0,4695.0,4785.0,1190100.0
2022-03-17,52010,4885.0,4885.0,4800.0,4860.0,0,0,993400.0,4820881000.0,1.0,4885.0,4885.0,4800.0,4860.0,993400.0
2022-03-18,52010,4845.0,4885.0,4800.0,4825.0,0,0,1456300.0,7029952000.0,1.0,4845.0,4885.0,4800.0,4825.0,1456300.0
2022-03-22,52010,4800.0,4895.0,4765.0,4820.0,0,0,1535100.0,7413204000.0,1.0,4800.0,4895.0,4765.0,4820.0,1535100.0
2022-03-23,52010,4895.0,4940.0,4845.0,4930.0,0,0,1239400.0,6067574500.0,1.0,4895.0,4940.0,4845.0,4930.0,1239400.0
2022-03-24,52010,4850.0,4935.0,4810.0,4920.0,0,0,891700.0,4360495500.0,1.0,4850.0,4935.0,4810.0,4920.0,891700.0
2022-03-25,52010,4930.0,4930.0,4820.0,4835.0,0,0,1298700.0,6312187000.0,1.0,4930.0,4930.0,4820.0,4835.0,1298700.0
2022-03-28,52010,4865.0,4875.0,4765.0,4835.0,0,0,740600.0,3582956000.0,1.0,4865.0,4875.0,4765.0,4835.0,740600.0
2022-03-29,52010,4920.0,4960.0,4895.0,4925.0,0,0,1063000.0,5235307500.0,1.0,4920.0,4960.0,4895.0,4925.0,1063000.0
2022-03-30,52010,5070.0,5090.0,4905.0,4955.0,0,0,1282100.0,6384363000.0,1.0,5070.0,5090.0,4905.0,4955.0,1282100.0
2022-03-31,52010,4850.0,4940.0,4825.0,4905.0,0,0,1077000.0,5280528000.0,1.0,4850.0,4940.0,4825.0,4905.0,1077000.0
2022-04-01,52010,4895.0,4925.0,4830.0,4915.0,0,0,831300.0,4069061500.0,1.0,4895.0,4925.0,4830.0,4915.0,831300.0
2022-04-04,52010,5000.0,5000.0,4925.0,4965.0,0,0,953100.0,4728337000.0,1.0,5000.0,5000.0,4925.0,4965.0,953100.0
2022-04-05,52010,4950.0,4960.0,4865.0,4880.0,0,0,1088700.0,5329988500.0,1.0,4950.0,4960.0,4865.0,4880.0,1088700.0
2022-04-06,52010,4900.0,4930.0,4850.0,4870.0,0,0,1566200.0,7648909500.0,1.0,4900.0,4930.0,4850.0,4870.0,1566200.0
2022-04-07,52010,4750.0,4755.0,4670.0,4715.0,0,0,1518900.0,7150961500.0,1.0,4750.0,4755.0,4670.0,4715.0,1518900.0
2022-04-08,52010,4750.0,4790.0,4725.0,4755.0,0,0,900400.0,4281118500.0,1.0,4750.0,4790.0,4725.0,4755.0,900400.0
2022-04-11,52010,4765.0,4830.0,4725.0,4765.0,0,0,1013600.0,4834345000.0,1.0,4765.0,4830.0,4725.0,4765.0,1013600.0
2022-04-12,52010,4765.0,4835.0,4745.0,4775.0,0,0,1348000.0,6463268000.0,1.0,4765.0,4835.0,4745.0,4775.0,1348000.0
2022-04-13,52010,4785.0,4830.0,4780.0,4825.0,0,0,862600.0,4145228500.0,1.0,4785.0,4830.0,4780.0,4825.0,862600.0
2022-04-14,52010,4845.0,4920.0,4845.0,4915.0,0,0,870400.0,4257712500.0,1.0,4845.0,4920.0,4845.0,4915.0,870400.0
2022-04-15,52010,4845.0,4930.0,4835.0,4925.0,0,0,739300.0,3622905500.0,1.0,4845.0,4930.0,4835.0,4925.0,739300.0
2022-04-18,52010,4915.0,4945.0,4890.0,4930.0,0,0,863200.0,4249412000.0,1.0,4915.0,4945.0,4890.0,4930.0,863200.0
2022-04-19,52010,4920.0,4935.0,4835.0,4900.0,0,0,1119400.0,5470912500.0,1.0,4920.0,4935.0,4835.0,4900.0,1119400.0
2022-04-20,52010,4935.0,4970.0,4905.0,4950.0,0,0,870400.0,4299059500.0,1.0,4935.0,4970.0,4905.0,4950.0,870400.0
2022-04-21,52010,4910.0,4995.0,4910.0,4985.0,0,0,757300.0,3766222000.0,1.0,4910.0,4995.0,4910.0,4985.0,757300.0
2022-04-22,52010,4955.0,4955.0,4885.0,4905.0,0,0,1026700.0,5036211000.0,1.0,4955.0,4955.0,4885.0,4905.0,1026700.0
2022-04-25,52010,4825.0,4895.0,4815.0,4865.0,0,0,673600.0,3273832000.0,1.0,4825.0,4895.0,4815.0,4865.0,673600.0
2022-04-26,52010,4885.0,4915.0,4845.0,4860.0,0,0,782300.0,3815523000.0,1.0,4885.0,4915.0,4845.0,4860.0,782300.0
2022-04-27,52010,4760.0,4780.0,4660.0,4670.0,0,0,1924800.0,9033189000.0,1.0,4760.0,4780.0,4660.0,4670.0,1924800.0
2022-04-28,52010,4720.0,4890.0,4700.0,4890.0,0,0,1321200.0,6380621000.0,1.0,4720.0,4890.0,4700.0,4890.0,1321200.0
2022-05-02,52010,4890.0,4910.0,4810.0,4880.0,0,0,1140400.0,5546580500.0,1.0,4890.0,4910.0,4810.0,4880.0,1140400.0
2022-05-06,52010,4840.0,4940.0,4790.0,4930.0,0,0,1388200.0,6780696500.0,1.0,4840.0,4940.0,4790.0,4930.0,1388200.0
2022-05-09,52010,4925.0,4950.0,4880.0,4880.0,0,0,970100.0,4765182500.0,1.0,4925.0,4950.0,4880.0,4880.0,970100.0
2022-05-10,52010,4885.0,4915.0,4810.0,4905.0,0,0,1107100.0,5390900500.0,1.0,4885.0,4915.0,4810.0,4905.0,1107100.0
2022-05-11,52010,4850.0,4880.0,4765.0,4815.0,0,0,2171600.0,10464210000.0,1.0,4850.0,4880.0,4765.0,4815.0,2171600.0
2022-05-12,52010,4750.0,4910.0,4725.0,4880.0,0,0,1479900.0,7185995500.0,1.0,4750.0,4910.0,4725.0,4880.0,1479900.0
2022-05-13,52010,4880.0,4915.0,4860.0,4900.0,0,0,967600.0,4729288000.0,1.0,4880.0,4915.0,4860.0,4900.0,967600.0
2022-05-16,52010,4920.0,4940.0,4830.0,4830.0,0,0,897500.0,4369383000.0,1.0,4920.0,4940.0,4830.0,4830.0,897500.0
2022-05-17,52010,4810.0,4820.0,4750.0,4770.0,0,0,1236700.0,5898915500.0,1.0,4810.0,4820.0,4750.0,4770.0,1236700.0
2022-05-18,52010,4765.0,4835.0,4760.0,4815.0,0,0,763800.0,3671001500.0,1.0,4765.0,4835.0,4760.0,4815.0,763800.0
2022-05-19,52010,4650.0,4790.0,4640.0,4770.0,0,0,1070400.0,5041388000.0,1.0,4650.0,4790.0,4640.0,4770.0,1070400.0
2022-05-20,52010,4745.0,4800.0,4725.0,4790.0,0,0,844000.0,4027313500.0,1.0,4745.0,4800.0,4725.0,4790.0,844000.0
2022-05-23,52010,4840.0,4845.0,4785.0,4820.0,0,0,751700.0,3616574500.0,1.0,4840.0,4845.0,4785.0,4820.0,751700.0
2022-05-24,52010,4815.0,4830.0,4730.0,4740.0,0,0,1046900.0,4996501500.0,1.0,4815.0,4830.0,4730.0,4740.0,1046900.0
2022-05-25,52010,4740.0,4780.0,4725.0,4730.0,0,0,943900.0,4479197500.0,1.0,4740.0,4780.0,4725.0,4730.0,943900.0
2022-05-26,52010,4780.0,4840.0,4760.0,4780.0,0,0,947400.0,4548153500.0,1.0,4780.0,4840.0,4760.0,4780.0,947400.0
2022-05-27,52010,4850.0,4885.0,4835.0,4880.0,0,0,834900.0,4059602500.0,1.0,4850.0,4885.0,4835.0,4880.0,834900.0
2022-05-30,52010,4935.0,4980.0,4905.0,4935.0,0,0,1412800.0,6978952500.0,1.0,4935.0,4980.0,4905.0,4935.0,1412800.0
2022-05-31,52010,4890.0,4910.0,4855.0,4855.0,0,0,1735600.0,8450265500.0,1.0,4890.0,4910.0,4855.0,4855.0,1735600.0
2022-06-01,52010,4895.0,4995.0,4885.0,4990.0,0,0,1097700.0,5441452500.0,1.0,4895.0,4995.0,4885.0,4990.0,1097700.0
2022-06-02,52010,4990.0,5050.0,4955.0,4970.0,0,0,949200.0,4736620500.0,1.0,4990.0,5050.0,4955.0,4970.0,949200.0
2022-06-03,52010,5070.0,5080.0,5010.0,5070.0,0,0,1160600.0,5871068000.0,1.0,5070.0,5080.0,5010.0,5070.0,1160600.0
2022-06-06,52010,5070.0,5110.0,5040.0,5100.0,0,0,829100.0,4215617000.0,1.0,5070.0,5110.0,5040.0,5100.0,829100.0
2022-06-07,52010,5160.0,5210.0,5150.0,5160.0,0,0,1009300.0,5222702000.0,1.0,5160.0,5210.0,5150.0,5160.0,1009300.0
2022-06-08,52010,5190.0,5280.0,5190.0,5230.0,0,0,1220200.0,6392129000.0,1.0,5190.0,5280.0,5190.0,5230.0,1220200.0
2022-06-09,52010,5220.0,5240.0,5170.0,5200.0,0,0,844700.0,4395166000.0,1.0,5220.0,5240.0,5170.0,5200.0,844700.0
2022-06-10,52010,5160.0,5200.0,5130.0,5150.0,0,0,946900.0,4889456000.0,1.0,5160.0,5200.0,5130.0,5150.0,946900.0
2022-06-13,52010,5050.0,5120.0,5040.0,5120.0,0,0,883000.0,4498233000.0,1.0,5050.0,5120.0,5040.0,5120.0,883000.0
2022-06-14,52010,5020.0,5090.0,5000.0,5060.0,0,0,1455200.0,7319905000.0,1.0,5020.0,5090.0,5000.0,5060.0,1455200.0
2022-06-15,52010,5110.0,5130.0,5020.0,5030.0,0,0,951700.0,4809928000.0,1.0,5110.0,5130.0,5020.0,5030.0,951700.0
2022-06-16,52010,5040.0,5130.0,5040.0,5060.0,0,0,773700.0,3932991000.0,1.0,5040.0,5130.0,5040.0,5060.0,773700.0
2022-06-17,52010,4920.0,4925.0,4835.0,4900.0,0,0,1883300.0,9213644500.0,1.0,4920.0,4925.0,4835.0,4900.0,1883300.0
2022-06-20,52010,4940.0,4945.0,4795.0,4805.0,0,0,904300.0,4379597500.0,1.0,4940.0,4945.0,4795.0,4805.0,904300.0
2022-06-21,52010,4845.0,4980.0,4815.0,4955.0,0,0,844600.0,4164718000.0,1.0,4845.0,4980.0,4815.0,4955.0,844600.0
2022-06-22,52010,4985.0,4985.0,4845.0,4845.0,0,0,1283900.0,6273843500.0,1.0,4985.0,4985.0,4845.0,4845.0,1283900.0
2022-06-23,52010,4860.0,4935.0,4845.0,4860.0,0,0,984800.0,4805823500.0,1.0,4860.0,4935.0,4845.0,4860.0,984800.0
2022-06-24,52010,4855.0,4905.0,4845.0,4900.0,0,0,795400.0,3883376500.0,1.0,4855.0,4905.0,4845.0,4900.0,795400.0
2022-06-27,52010,4990.0,5020.0,4965.0,4990.0,0,0,960700.0,4796961000.0,1.0,4990.0,5020.0,4965.0,4990.0,960700.0
2022-06-28,52010,4975.0,5040.0,4970.0,5040.0,0,0,2128700.0,10637040000.0,1.0,4975.0,5040.0,4970.0,5040.0,2128700.0
2022-06-29,52010,4900.0,4905.0,4815.0,4830.0,0,0,1604900.0,7773380000.0,1.0,4900.0,4905.0,4815.0,4830.0,1604900.0
2022-06-30,52010,4840.0,4845.0,4740.0,4770.0,0,0,1217700.0,5815167500.0,1.0,4840.0,4845.0,4740.0,4770.0,1217700.0
2022-07-01,52010,4805.0,4825.0,4705.0,4715.0,0,0,1020700.0,4841060000.0,1.0,4805.0,4825.0,4705.0,4715.0,1020700.0
2022-07-04,52010,4730.0,4745.0,4705.0,4705.0,0,0,845000.0,3987856500.0,1.0,4730.0,4745.0,4705.0,4705.0,845000.0
2022-07-05,52010,4735.0,4745.0,4700.0,4720.0,0,0,759400.0,3585490500.0,1.0,4735.0,4745.0,4700.0,4720.0,759400.0
2022-07-06,52010,4690.0,4725.0,4650.0,4660.0,0,0,1070700.0,5004069000.0,1.0,4690.0,4725.0,4650.0,4660.0,1070700.0
2022-07-07,52010,4655.0,4755.0,4615.0,4755.0,0,0,1314000.0,6158527000.0,1.0,4655.0,4755.0,4615.0,4755.0,1314000.0
2022-07-08,52010,4745.0,4810.0,4730.0,4760.0,0,0,954200.0,4554747500.0,1.0,4745.0,4810.0,4730.0,4760.0,954200.0
2022-07-11,52010,4810.0,4815.0,4770.0,4780.0,0,0,730000.0,3496325500.0,1.0,4810.0,4815.0,4770.0,4780.0,730000.0
2022-07-12,52010,4710.0,4725.0,4625.0,4630.0,0,0,1305000.0,6077933500.0,1.0,4710.0,4725.0,4625.0,4630.0,1305000.0
2022-07-13,52010,4700.0,4730.0,4610.0,4615.0,0,0,2568800.0,11966644500.0,1.0,4700.0,4730.0,4610.0,4615.0,2568800.0
2022-07-14,52010,4605.0,4645.0,4535.0,4630.0,0,0,1916400.0,8809362500.0,1.0,4605.0,4645.0,4535.0,4630.0,1916400.0
2022-07-15,52010,4660.0,4665.0,4575.0,4580.0,0,0,940900.0,4336622000.0,1.0,4660.0,4665.0,4575.0,4580.0,940900.0
2022-07-19,52010,4645.0,4700.0,4610.0,4695.0,0,0,1129700.0,5270884000.0,1.0,4645.0,4700.0,4610.0,4695.0,1129700.0
2022-07-20,52010,4765.0,4865.0,4750.0,4865.0,0,0,1587200.0,7670377500.0,1.0,4765.0,4865.0,4750.0,4865.0,1587200.0
2022-07-21,52010,4860.0,4885.0,4850.0,4875.0,0,0,748200.0,3642215500.0,1.0,4860.0,4885.0,4850.0,4875.0,748200.0
2022-07-22,52010,4870.0,4925.0,4860.0,4895.0,0,0,837800.0,4099075000.0,1.0,4870.0,4925.0,4860.0,4895.0,837800.0
2022-07-25,52010,4850.0,4885.0,4805.0,4815.0,0,0,690200.0,3336221000.0,1.0,4850.0,4885.0,4805.0,4815.0,690200.0
2022-07-26,52010,4845.0,4855.0,4810.0,4830.0,0,0,529800.0,2559103500.0,1.0,4845.0,4855.0,4810.0,4830.0,529800.0
2022-07-27,52010,4835.0,4890.0,4820.0,4880.0,0,0,907400.0,4417757500.0,1.0,4835.0,4890.0,4820.0,4880.0,907400.0
2022-07-28,52010,4915.0,4940.0,4830.0,4860.0,0,0,914100.0,4458596500.0,1.0,4915.0,4940.0,4830.0,4860.0,914100.0
2022-07-29,52010,4835.0,4885.0,4810.0,4830.0,0,0,800600.0,3874018500.0,1.0,4835.0,4885.0,4810.0,4830.0,800600.0
2022-08-01,52010,4830.0,4850.0,4805.0,4805.0,0,0,975200.0,4702100000.0,1.0,4830.0,4850.0,4805.0,4805.0,975200.0
2022-08-02,52010,4835.0,4860.0,4770.0,4810.0,0,0,1216300.0,5847079000.0,1.0,4835.0,4860.0,4770.0,4810.0,1216300.0
2022-08-03,52010,4645.0,4725.0,4570.0,4720.0,0,0,3481400.0,16160827000.0,1.0,4645.0,4725.0,4570.0,4720.0,3481400.0
2022-08-04,52010,4740.0,4780.0,4690.0,4770.0,0,0,1157300.0,5492674500.0,1.0,4740.0,4780.0,4690.0,4770.0,1157300.0
2022-08-05,52010,4705.0,4760.0,4655.0,4750.0,0,0,1268000.0,5986479000.0,1.0,4705.0,4760.0,4655.0,4750.0,1268000.0
2022-08-08,52010,4695.0,4800.0,4690.0,4800.0,0,0,831500.0,3969870500.0,1.0,4695.0,4800.0,4690.0,4800.0,831500.0
2022-08-09,52010,4745.0,4825.0,4740.0,4765.0,0,0,936500.0,4467317500.0,1.0,4745.0,4825.0,4740.0,4765.0,936500.0
2022-08-10,52010,4775.0,4845.0,4720.0,4820.0,0,0,915000.0,4401735500.0,1.0,4775.0,4845.0,4720.0,4820.0,915000.0
2022-08-12,52010,4900.0,4960.0,4885.0,4960.0,0,0,1833900.0,9050361500.0,1.0,4900.0,4960.0,4885.0,4960.0,1833900.0
2022-08-15,52010,4970.0,4995.0,4945.0,4980.0,0,0,782000.0,3888650500.0,1.0,4970.0,4995.0,4945.0,4980.0,782000.0
2022-08-16,52010,4955.0,4960.0,4920.0,4935.0,0,0,680000.0,3356626000.0,1.0,4955.0,4960.0,4920.0,4935.0,680000.0
2022-08-17,52010,4995.0,5030.0,4965.0,5030.0,0,0,945500.0,4734663500.0,1.0,4995.0,5030.0,4965.0,5030.0,945500.0
2022-08-18,52010,4970.0,4985.0,4950.0,4975.0,0,0,703100.0,3492857500.0,1.0,4970.0,4985.0,4950.0,4975.0,703100.0
2022-08-19,52010,4995.0,4995.0,4920.0,4940.0,0,0,980200.0,4845999000.0,1.0,4995.0,4995.0,4920.0,4940.0,980200.0
2022-08-22,52010,4880.0,4960.0,4875.0,4935.0,0,0,753000.0,3707095000.0,1.0,4880.0,4960.0,4875.0,4935.0,753000.0
2022-08-23,52010,4850.0,4860.0,4825.0,4835.0,0,0,1098900.0,5319259500.0,1.0,4850.0,4860.0,4825.0,4835.0,1098900.0
2022-08-24,52010,4865.0,4915.0,4850.0,4850.0,0,0,696100.0,3388143500.0,1.0,4865.0,4915.0,4850.0,4850.0,696100.0
2022-08-25,52010,4875.0,4890.0,4855.0,4880.0,0,0,526900.0,2569005000.0,1.0,4875.0,4890.0,4855.0,4880.0,526900.0
2022-08-26,52010,4905.0,4905.0,4850.0,4865.0,0,0,644500.0,3142684000.0,1.0,4905.0,4905.0,4850.0,4865.0,644500.0
2022-08-29,52010,4765.0,4775.0,4740.0,4745.0,0,0,1300100.0,6178140000.0,1.0,4765.0,4775.0,4740.0,4745.0,1300100.0
2022-08-30,52010,4765.0,4775.0,4735.0,4755.0,0,0,904600.0,4299139500.0,1.0,4765.0,4775.0,4735.0,4755.0,904600.0
2022-08-31,52010,4720.0,4770.0,4715.0,4750.0,0,0,1045700.0,4963295000.0,1.0,4720.0,4770.0,4715.0,4750.0,1045700.0
2022-09-01,52010,4710.0,4750.0,4705.0,4740.0,0,0,870100.0,4119152000.0,1.0,4710.0,4750.0,4705.0,4740.0,870100.0
2022-09-02,52010,4740.0,4750.0,4725.0,4745.0,0,0,637200.0,3018451500.0,1.0,4740.0,4750.0,4725.0,4745.0,637200.0
2022-09-05,52010,4750.0,4760.0,4710.0,4715.0,0,0,682900.0,3227538500.0,1.0,4750.0,4760.0,4710.0,4715.0,682900.0
2022-09-06,52010,4750.0,4755.0,4715.0,4745.0,0,0,446200.0,2116496000.0,1.0,4750.0,4755.0,4715.0,4745.0,446200.0
2022-09-07,52010,4715.0,4765.0,4715.0,4765.0,0,0,1192500.0,5656525000.0,1.0,4715.0,4765.0,4715.0,4765.0,1192500.0
2022-09-08,52010,4780.0,4880.0,4775.0,4875.0,0,0,1172000.0,5682915500.0,1.0,4780.0,4880.0,4775.0,4875.0,1172000.0
2022-09-09,52010,4865.0,4885.0,4845.0,4855.0,0,0,848100.0,4123823500.0,1.0,4865.0,4885.0,4845.0,4855.0,848100.0
2022-09-12,52010,4895.0,4955.0,4855.0,4870.0,0,0,1096100.0,5366099500.0,1.0,4895.0,4955.0,4855.0,4870.0,1096100.0
2022-09-13,52010,4875.0,4875.0,4835.0,4860.0,0,0,799700.0,3883300000.0,1.0,4875.0,4875.0,4835.0,4860.0,799700.0
2022-09-14,52010,4745.0,4815.0,4740.0,4780.0,0,0,936300.0,4477345000.0,1.0,4745.0,4815.0,4740.0,4780.0,936300.0
2022-09-15,52010,4790.0,4815.0,4775.0,4785.0,0,0,692800.0,3319961000.0,1.0,4790.0,4815.0,4775.0,4785.0,692800.0
2022-09-16,52010,4785.0,4810.0,4775.0,4780.0,0,0,891400.0,4268047000.0,1.0,4785.0,4810.0,4775.0,4780.0,891400.0
2022-09-20,52010,4795.0,4845.0,4760.0,4765.0,0,0,855500.0,4098136500.0,1.0,4795.0,4845.0,4760.0,4765.0,855500.0
2022-09-21,52010,4685.0,4705.0,4655.0,4655.0,0,0,1447300.0,6768000000.0,1.0,4685.0,4705.0,4655.0,4655.0,1447300.0
2022-09-22,52010,4640.0,4700.0,4630.0,4685.0,0,0,998900.0,4669349000.0,1.0,4640.0,4700.0,4630.0,4685.0,998900.0
2022-09-26,52010,4620.0,4625.0,4520.0,4530.0,0,0,1597100.0,7287965000.0,1.0,4620.0,4625.0,4520.0,4530.0,1597100.0
2022-09-27,52010,4565.0,4615.0,4535.0,4540.0,0,0,962100.0,4387686500.0,1.0,4565.0,4615.0,4535.0,4540.0,962100.0
2022-09-28,52010,4505.0,4525.0,4430.0,4480.0,0,0,1612600.0,7216955500.0,1.0,4505.0,4525.0,4430.0,4480.0,1612600.0
2022-09-29,52010,4515.0,4590.0,4510.0,4570.0,0,0,1120600.0,5111122000.0,1.0,4515.0,4590.0,4510.0,4570.0,1120600.0
2022-09-30,52010,4545.0,4565.0,4475.0,4490.0,0,0,1191000.0,5369650500.0,1.0,4545.0,4565.0,4475.0,4490.0,1191000.0
2022-10-03,52010,4500.0,4570.0,4460.0,4555.0,0,0,1053500.0,4774687000.0,1.0,4500.0,4570.0,4460.0,4555.0,1053500.0
2022-10-04,52010,4670.0,4690.0,4630.0,4665.0,0,0,1004600.0,4687468000.0,1.0,4670.0,4690.0,4630.0,4665.0,1004600.0
2022-10-05,52010,4710.0,4730.0,4675.0,4690.0,0,0,936600.0,4401246500.0,1.0,4710.0,4730.0,4675.0,4690.0,936600.0
2022-10-06,52010,4705.0,4760.0,4690.0,4725.0,0,0,959500.0,4546101000.0,1.0,4705.0,4760.0,4690.0,4725.0,959500.0
2022-10-07,52010,4675.0,4680.0,4615.0,4650.0,0,0,914600.0,4255406000.0,1.0,4675.0,4680.0,4615.0,4650.0,914600.0
2022-10-11,52010,4605.0,4665.0,4600.0,4615.0,0,0,1302000.0,6024186000.0,1.0,4605.0,4665.0,4600.0,4615.0,1302000.0
2022-10-12,52010,4565.0,4600.0,4515.0,4535.0,0,0,1593100.0,7248702000.0,1.0,4565.0,4600.0,4515.0,4535.0,1593100.0
2022-10-13,52010,4515.0,4550.0,4500.0,4540.0,0,0,844800.0,3828907000.0,1.0,4515.0,4550.0,4500.0,4540.0,844800.0
2022-10-14,52010,4610.0,4625.0,4555.0,4610.0,0,0,1377800.0,6337878000.0,1.0,4610.0,4625.0,4555.0,4610.0,1377800.0
2022-10-17,52010,4555.0,4580.0,4535.0,4565.0,0,0,1084200.0,4940461500.0,1.0,4555.0,4580.0,4535.0,4565.0,1084200.0
2022-10-18,52010,4600.0,4610.0,4560.0,4590.0,0,0,832000.0,3818828500.0,1.0,4600.0,4610.0,4560.0,4590.0,832000.0
2022-10-19,52010,4610.0,4640.0,4605.0,4615.0,0,0,733700.0,3390314000.0,1.0,4610.0,4640.0,4605.0,4615.0,733700.0
2022-10-20,52010,4555.0,4575.0,4520.0,4540.0,0,0,1308400.0,5946856000.0,1.0,4555.0,4575.0,4520.0,4540.0,1308400.0
2022-10-21,52010,4520.0,4560.0,4515.0,4520.0,0,0,912000.0,4129783500.0,1.0,4520.0,4560.0,4515.0,4520.0,912000.0
2022-10-24,52010,4580.0,4600.0,4555.0,4560.0,0,0,685000.0,3133867500.0,1.0,4580.0,4600.0,4555.0,4560.0,685000.0
2022-10-25,52010,4595.0,4630.0,4590.0,4615.0,0,0,835100.0,3850713500.0,1.0,4595.0,4630.0,4590.0,4615.0,835100.0
2022-10-26,52010,4635.0,4650.0,4620.0,4625.0,0,0,710600.0,3293562500.0,1.0,4635.0,4650.0,4620.0,4625.0,710600.0
2022-10-27,52010,4585.0,4635.0,4570.0,4620.0,0,0,859200.0,3959991500.0,1.0,4585.0,4635.0,4570.0,4620.0,859200.0
2022-10-28,52010,4600.0,4635.0,4585.0,4590.0,0,0,2270400.0,10441272000.0,1.0,4600.0,4635.0,4585.0,4590.0,2270400.0
2022-10-31,52010,4670.0,4675.0,4640.0,4665.0,0,0,944100.0,4401587000.0,1.0,4670.0,4675.0,4640.0,4665.0,944100.0
2022-11-01,52010,4675.0,4680.0,4625.0,4670.0,0,0,1246100.0,5800872000.0,1.0,4675.0,4680.0,4625.0,4670.0,1246100.0
2022-11-02,52010,4685.0,4705.0,4635.0,4660.0,0,0,1791900.0,8365262500.0,1.0,4685.0,4705.0,4635.0,4660.0,1791900.0
2022-11-04,52010,4395.0,4395.0,4205.0,4225.0,0,0,6515300.0,27895148000.0,1.0,4395.0,4395.0,4205.0,4225.0,6515300.0
2022-11-07,52010,4235.0,4345.0,4230.0,4325.0,0,0,2845300.0,12242760500.0,1.0,4235.0,4345.0,4230.0,4325.0,2845300.0
2022-11-08,52010,4335.0,4385.0,4325.0,4380.0,0,0,1430200.0,6244715000.0,1.0,4335.0,4385.0,4325.0,4380.0,1430200.0
2022-11-09,52010,4375.0,4445.0,4350.0,4440.0,0,0,1930500.0,8495025000.0,1.0,4375.0,4445.0,4350.0,4440.0,1930500.0
2022-11-10,52010,4405.0,4435.0,4390.0,4420.0,0,0,1377100.0,6080706500.0,1.0,4405.0,4435.0,4390.0,4420.0,1377100.0
2022-11-11,52010,4500.0,4520.0,4465.0,4500.0,0,0,1241900.0,5580241000.0,1.0,4500.0,4520.0,4465.0,4500.0,1241900.0
2022-11-14,52010,4490.0,4540.0,4485.0,4510.0,0,0,875400.0,3953974000.0,1.0,4490.0,4540.0,4485.0,4510.0,875400.0
2022-11-15,52010,4475.0,4530.0,4470.0,4515.0,0,0,927700.0,4182310500.0,1.0,4475.0,4530.0,4470.0,4515.0,927700.0
2022-11-16,52010,4510.0,4515.0,4465.0,4485.0,0,0,1003600.0,4506003500.0,1.0,4510.0,4515.0,4465.0,4485.0,1003600.0
2022-11-17,52010,4490.0,4535.0,4490.0,4525.0,0,0,787600.0,3556642500.0,1.0,4490.0,4535.0,4490.0,4525.0,787600.0
2022-11-18,52010,4535.0,4570.0,4530.0,4535.0,0,0,664300.0,3021771500.0,1.0,4535.0,4570.0,4530.0,4535.0,664300.0
2022-11-21,52010,4555.0,4565.0,4535.0,4550.0,0,0,501500.0,2281272500.0,1.0,4555.0,4565.0,4535.0,4550.0,501500.0
2022-11-22,52010,4570.0,4610.0,4565.0,4590.0,0,0,840200.0,3855087500.0,1.0,4570.0,4610.0,4565.0,4590.0,840200.0
2022-11-24,52010,4575.0,4625.0,4555.0,4625.0,0,0,1251500.0,5766501500.0,1.0,4575.0,4625.0,4555.0,4625.0,1251500.0
2022-11-25,52010,4635.0,4645.0,4615.0,4630.0,0,0,664600.0,3078826500.0,1.0,4635.0,4645.0,4615.0,4630.0,664600.0
2022-11-28,52010,4670.0,4685.0,4620.0,4620.0,0,0,949800.0,4407161000.0,1.0,4670.0,4685.0,4620.0,4620.0,949800.0
2022-11-29,52010,4605.0,4610.0,4580.0,4600.0,0,0,765400.0,3518581500.0,1.0,4605.0,4610.0,4580.0,4600.0,765400.0
2022-11-30,52010,4595.0,4620.0,4565.0,4600.0,0,0,1493500.0,6862270000.0,1.0,4595.0,4620.0,4565.0,4600.0,1493500.0
2022-12-01,52010,4635.0,4650.0,4605.0,4605.0,0,0,808900.0,3738952500.0,1.0,4635.0,4650.0,4605.0,4605.0,808900.0
2022-12-02,52010,4545.0,4555.0,4500.0,4540.0,0,0,1612400.0,7294150500.0,1.0,4545.0,4555.0,4500.0,4540.0,1612400.0
2022-12-05,52010,4545.0,4550.0,4490.0,4515.0,0,0,965900.0,4364359500.0,1.0,4545.0,4550.0,4490.0,4515.0,965900.0
2022-12-06,52010,4515.0,4555.0,4500.0,4545.0,0,0,803000.0,3643747500.0,1.0,4515.0,4555.0,4500.0,4545.0,803000.0
2022-12-07,52010,4525.0,4580.0,4520.0,4550.0,0,0,785900.0,3579429000.0,1.0,4525.0,4580.0,4520.0,4550.0,785900.0
2022-12-08,52010,4530.0,4570.0,4495.0,4555.0,0,0,1156600.0,5241814500.0,1.0,4530.0,4570.0,4495.0,4555.0,1156600.0
2022-12-09,52010,4545.0,4600.0,4545.0,4585.0,0,0,1155600.0,5282366500.0,1.0,4545.0,4600.0,4545.0,4585.0,1155600.0
2022-12-12,52010,4600.0,4610.0,4570.0,4575.0,0,0,729700.0,3348453000.0,1.0,4600.0,4610.0,4570.0,4575.0,729700.0
2022-12-13,52010,4625.0,4630.0,4595.0,4595.0,0,0,767700.0,3540103000.0,1.0,4625.0,4630.0,4595.0,4595.0,767700.0
2022-12-14,52010,4620.0,4660.0,4615.0,4640.0,0,0,861500.0,4001377500.0,1.0,4620.0,4660.0,4615.0,4640.0,861500.0
2022-12-15,52010,4635.0,4675.0,4625.0,4650.0,0,0,653600.0,3040977500.0,1.0,4635.0,4675.0,4625.0,4650.0,653600.0
2022-12-16,52010,4585.0,4630.0,4580.0,4595.0,0,0,1226300.0,5643026500.0,1.0,4585.0,4630.0,4580.0,4595.0,1226300.0
2022-12-19,52010,4570.0,4585.0,4540.0,4575.0,0,0,907500.0,4142096500.0,1.0,4570.0,4585.0,4540.0,4575.0,907500.0
2022-12-20,52010,4575.0,4575.0,4470.0,4510.0,0,0,1813100.0,8195399000.0,1.0,4575.0,4575.0,4470.0,4510.0,1813100.0
2022-12-21,52010,4500.0,4555.0,4455.0,4460.0,0,0,1652400.0,7431551000.0,1.0,4500.0,4555.0,4455.0,4460.0,1652400.0
2022-12-22,52010,4515.0,4525.0,4465.0,4490.0,0,0,1039000.0,4665786000.0,1.0,4515.0,4525.0,4465.0,4490.0,1039000.0
2022-12-23,52010,4465.0,4510.0,4455.0,4495.0,0,0,844900.0,3787412500.0,1.0,4465.0,4510.0,4455.0,4495.0,844900.0
2022-12-26,52010,4505.0,4540.0,4495.0,4535.0,0,0,760800.0,3441107000.0,1.0,4505.0,4540.0,4495.0,4535.0,760800.0
2022-12-27,52010,4550.0,4550.0,4525.0,4535.0,0,0,666100.0,3024777500.0,1.0,4550.0,4550.0,4525.0,4535.0,666100.0
2022-12-28,52010,4530.0,4555.0,4515.0,4530.0,0,0,1781100.0,8078125500.0,1.0,4530.0,4555.0,4515.0,4530.0,1781100.0
2022-12-29,52010,4390.0,4395.0,4320.0,4370.0,0,0,1734000.0,7552858000.0,1.0,4390.0,4395.0,4320.0,4370.0,1734000.0
2022-12-30,52010,4395.0,4440.0,4390.0,4395.0,0,0,869600.0,3836773000.0,1.0,4395.0,4440.0,4390.0,4395.0,869600.0
2023-01-04,52010,4365.0,4390.0,4310.0,4380.0,0,0,926800.0,4044463000.0,1.0,4365.0,4390.0,4310.0,4380.0,926800.0
2023-01-05,52010,4400.0,4510.0,4370.0,4505.0,0,0,1622600.0,7234393500.0,1.0,4400.0,4510.0,4370.0,4505.0,1622600.0
2023-01-06,52010,4475.0,4535.0,4465.0,4520.0,0,0,995300.0,4489898000.0,1.0,4475.0,4535.0,4465.0,4520.0,995300.0
2023-01-10,52010,4520.0,4565.0,4505.0,4550.0,0,0,1481600.0,6726766500.0,1.0,4520.0,4565.0,4505.0,4550.0,1481600.0
2023-01-11,52010,4540.0,4550.0,4510.0,4545.0,0,0,944900.0,4286328500.0,1.0,4540.0,4550.0,4510.0,4545.0,944900.0
2023-01-12,52010,4545.0,4555.0,4505.0,4530.0,0,0,977700.0,4427430000.0,1.0,4545.0,4555.0,4505.0,4530.0,977700.0
2023-01-13,52010,4500.0,4550.0,4480.0,4490.0,0,0,1120600.0,5054839000.0,1.0,4500.0,4550.0,4480.0,4490.0,1120600.0
2023-01-16,52010,4450.0,4480.0,4415.0,4460.0,0,0,1001200.0,4461246500.0,1.0,4450.0,4480.0,4415.0,4460.0,1001200.0
2023-01-17,52010,4485.0,4490.0,4460.0,4475.0,0,0,803100.0,3595938500.0,1.0,4485.0,4490.0,4460.0,4475.0,803100.0
2023-01-18,52010,4485.0,4565.0,4470.0,4540.0,0,0,1123500.0,5086219500.0,1.0,4485.0,4565.0,4470.0,4540.0,1123500.0
2023-01-19,52010,4500.0,4520.0,4470.0,4470.0,0,0,758500.0,3404539500.0,1.0,4500.0,4520.0,4470.0,4470.0,758500.0
2023-01-20,52010,4530.0,4620.0,4525.0,4615.0,0,0,2630800.0,12073455000.0,1.0,4530.0,4620.0,4525.0,4615.0,2630800.0
2023-01-23,52010,4625.0,4645.0,4605.0,4615.0,0,0,1062300.0,4905218500.0,1.0,4625.0,4645.0,4605.0,4615.0,1062300.0
2023-01-24,52010,4645.0,4680.0,4635.0,4680.0,0,0,1087500.0,5077682500.0,1.0,4645.0,4680.0,4635.0,4680.0,1087500.0
2023-01-25,52010,4690.0,4740.0,4680.0,4735.0,0,0,1274500.0,6009662000.0,1.0,4690.0,4740.0,4680.0,4735.0,1274500.0
2023-01-26,52010,4750.0,4785.0,4735.0,4735.0,0,0,1065000.0,5067295000.0,1.0,4750.0,4785.0,4735.0,4735.0,1065000.0
2023-01-27,52010,4750.0,4815.0,4740.0,4790.0,0,0,1268400.0,6068192000.0,1.0,4750.0,4815.0,4740.0,4790.0,1268400.0
2023-01-30,52010,4780.0,4800.0,4755.0,4775.0,0,0,753500.0,3596353500.0,1.0,4780.0,4800.0,4755.0,4775.0,753500.0
2023-01-31,52010,4795.0,4800.0,4755.0,4765.0,0,0,706500.0,3371902000.0,1.0,4795.0,4800.0,4755.0,4765.0,706500.0
2023-02-01,52010,4760.0,4775.0,4715.0,4730.0,0,0,881200.0,4177612500.0,1.0,4760.0,4775.0,4715.0,4730.0,881200.0
2023-02-02,52010,4705.0,4710.0,4625.0,4655.0,0,0,1318800.0,6150040000.0,1.0,4705.0,4710.0,4625.0,4655.0,1318800.0
2023-02-03,52010,4665.0,4695.0,4650.0,4655.0,0,0,766600.0,3574075000.0,1.0,4665.0,4695.0,4650.0,4655.0,766600.0
2023-02-06,52010,4695.0,4710.0,4680.0,4705.0,0,0,782100.0,3672997500.0,1.0,4695.0,4710.0,4680.0,4705.0,782100.0
2023-02-07,52010,4660.0,4715.0,4655.0,4695.0,0,0,976100.0,4578105000.0,1.0,4660.0,4715.0,4655.0,4695.0,976100.0
2023-02-08,52010,4715.0,4715.0,4670.0,4685.0,0,0,874900.0,4104526000.0,1.0,4715.0,4715.0,4670.0,4685.0,874900.0
2023-02-09,52010,4895.0,4915.0,4820.0,4915.0,0,0,4155600.0,20272021000.0,1.0,4895.0,4915.0,4820.0,4915.0,4155600.0
2023-02-10,52010,4905.0,4905.0,4820.0,4845.0,0,0,1828600.0,8883407000.0,1.0,4905.0,4905.0,4820.0,4845.0,1828600.0
2023-02-13,52010,4855.0,4880.0,4805.0,4880.0,0,0,1147900.0,5568687000.0,1.0,4855.0,4880.0,4805.0,4880.0,1147900.0
2023-02-14,52010,4895.0,4925.0,4870.0,4890.0,0,0,953700.0,4665999000.0,1.0,4895.0,4925.0,4870.0,4890.0,953700.0
2023-02-15,52010,4890.0,4935.0,4885.0,4925.0,0,0,924500.0,4546533500.0,1.0,4890.0,4935.0,4885.0,4925.0,924500.0
2023-02-16,52010,4935.0,4935.0,4865.0,4900.0,0,0,920700.0,4508563000.0,1.0,4935.0,4935.0,4865.0,4900.0,920700.0
2023-02-17,52010,4875.0,4930.0,4870.0,4920.0,0,0,947200.0,4647953500.0,1.0,4875.0,4930.0,4870.0,4920.0,947200.0
2023-02-20,52010,4960.0,5000.0,4955.0,4980.0,0,0,1152700.0,5735927000.0,1.0,4960.0,5000.0,4955.0,4980.0,1152700.0
2023-02-21,52010,4980.0,5070.0,4970.0,5070.0,0,0,1132800.0,5708382500.0,1.0,4980.0,5070.0,4970.0,5070.0,1132800.0
2023-02-22,52010,5030.0,5090.0,5010.0,5060.0,0,0,1424000.0,7204522000.0,1.0,5030.0,5090.0,5010.0,5060.0,1424000.0
2023-02-24,52010,5080.0,5110.0,5060.0,5070.0,0,0,1215100.0,6169701000.0,1.0,5080.0,5110.0,5060.0,5070.0,1215100.0
2023-02-27,52010,5090.0,5100.0,5070.0,5100.0,0,0,941600.0,4790917000.0,1.0,5090.0,5100.0,5070.0,5100.0,941600.0
2023-02-28,52010,5130.0,5130.0,5030.0,5040.0,0,0,1071300.0,5410660000.0,1.0,5130.0,5130.0,5030.0,5040.0,1071300.0
2023-03-01,52010,5010.0,5090.0,5000.0,5060.0,0,0,933700.0,4714223000.0,1.0,5010.0,5090.0,5000.0,5060.0,933700.0
2023-03-02,52010,5090.0,5100.0,5020.0,5030.0,0,0,660300.0,3330286000.0,1.0,5090.0,5100.0,5020.0,5030.0,660300.0
2023-03-03,52010,5040.0,5080.0,5020.0,5040.0,0,0,1105800.0,5583782000.0,1.0,5040.0,5080.0,5020.0,5040.0,1105800.0
2023-03-06,52010,5100.0,5120.0,5080.0,5100.0,0,0,780400.0,3981375000.0,1.0,5100.0,5120.0,5080.0,5100.0,780400.0
2023-03-07,52010,5090.0,5140.0,5080.0,5130.0,0,0,857300.0,4390913000.0,1.0,5090.0,5140.0,5080.0,5130.0,857300.0
2023-03-08,52010,5100.0,5120.0,5060.0,5100.0,0,0,896900.0,4575040000.0,1.0,5100.0,5120.0,5060.0,5100.0,896900.0
2023-03-09,52010,5140.0,5150.0,5070.0,5100.0,0,0,836800.0,4267469000.0,1.0,5140.0,5150.0,5070.0,5100.0,836800.0
2023-03-10,52010,5080.0,5120.0,5050.0,5070.0,0,0,1139200.0,5787365000.0,1.0,5080.0,5120.0,5050.0,5070.0,1139200.0
2023-03-13,52010,5050.0,5050.0,4955.0,4990.0,0,0,936500.0,4677897000.0,1.0,5050.0,5050.0,4955.0,4990.0,936500.0
2023-03-14,52010,4895.0,4905.0,4800.0,4835.0,0,0,1224600.0,5929141500.0,1.0,4895.0,4905.0,4800.0,4835.0,1224600.0
2023-03-15,52010,4885.0,4925.0,4860.0,4890.0,0,0,708100.0,3460033500.0,1.0,4885.0,4925.0,4860.0,4890.0,708100.0
2023-03-16,52010,4750.0,4795.0,4715.0,4795.0,0,0,1105200.0,5263491500.0,1.0,4750.0,4795.0,4715.0,4795.0,1105200.0
2023-03-17,52010,4850.0,4860.0,4780.0,4805.0,0,0,850900.0,4090267000.0,1.0,4850.0,4860.0,4780.0,4805.0,850900.0
2023-03-20,52010,4760.0,4805.0,4745.0,4750.0,0,0,827500.0,3941519000.0,1.0,4760.0,4805.0,4745.0,4750.0,827500.0
2023-03-22,52010,4845.0,4860.0,4790.0,4800.0,0,0,816800.0,3930141500.0,1.0,4845.0,4860.0,4790.0,4800.0,816800.0
2023-03-23,52010,4745.0,4820.0,4735.0,4800.0,0,0,866000.0,4149548500.0,1.0,4745.0,4820.0,4735.0,4800.0,866000.0
2023-03-24,52010,4805.0,4830.0,4780.0,4820.0,0,0,703300.0,3382321000.0,1.0,4805.0,4830.0,4780.0,4820.0,703300.0
2023-03-27,52010,4845.0,4845.0,4780.0,4795.0,0,0,637300.0,3055800500.0,1.0,4845.0,4845.0,4780.0,4795.0,637300.0
2023-03-28,52010,4825.0,4835.0,4780.0,4785.0,0,0,540500.0,2595223500.0,1.0,4825.0,4835.0,4780.0,4785.0,540500.0
2023-03-29,52010,4820.0,4870.0,4805.0,4870.0,0,0,902300.0,4377097500.0,1.0,4820.0,4870.0,4805.0,4870.0,902300.0
2023-03-30,52010,4900.0,4905.0,4865.0,4905.0,0,0,650500.0,3182187500.0,1.0,4900.0,4905.0,4865.0,4905.0,650500.0
2023-03-31,52010,4915.0,4950.0,4910.0,4925.0,0,0,1076100.0,5305514500.0,1.0,4915.0,4950.0,4910.0,4925.0,1076100.0
2023-04-03,52010,4990.0,5030.0,4975.0,4985.0,0,0,1030000.0,5143879000.0,1.0,4990.0,5030.0,4975.0,4985.0,1030000.0
2023-04-04,52010,4990.0,5010.0,4970.0,4980.0,0,0,1036600.0,5171705000.0,1.0,4990.0,5010.0,4970.0,4980.0,1036600.0
2023-04-05,52010,4920.0,4945.0,4865.0,4880.0,0,0,1161300.0,5679003500.0,1.0,4920.0,4945.0,4865.0,4880.0,1161300.0
2023-04-06,52010,4855.0,4865.0,4810.0,4835.0,0,0,1036800.0,5012306500.0,1.0,4855.0,4865.0,4810.0,4835.0,1036800.0
2023-04-07,52010,4835.0,4860.0,4825.0,4845.0,0,0,706200.0,3418744000.0,1.0,4835.0,4860.0,4825.0,4845.0,706200.0
2023-04-10,52010,4870.0,4880.0,4835.0,4860.0,0,0,626300.0,3041986500.0,1.0,4870.0,4880.0,4835.0,4860.0,626300.0
2023-04-11,52010,4890.0,4905.0,4870.0,4895.0,0,0,839500.0,4106970000.0,1.0,4890.0,4905.0,4870.0,4895.0,839500.0
2023-04-12,52010,4925.0,4985.0,4920.0,4950.0,0,0,1262800.0,6253693000.0,1.0,4925.0,4985.0,4920.0,4950.0,1262800.0
2023-04-13,52010,4955.0,4980.0,4935.0,4975.0,0,0,1060000.0,5259863500.0,1.0,4955.0,4980.0,4935.0,4975.0,1060000.0
2023-04-14,52010,5000.0,5000.0,4950.0,4995.0,0,0,1204400.0,6004165500.0,1.0,5000.0,5000.0,4950.0,4995.0,1204400.0
2023-04-17,52010,5040.0,5060.0,5010.0,5040.0,0,0,987900.0,4973395000.0,1.0,5040.0,5060.0,5010.0,5040.0,987900.0
2023-04-18,52010,5040.0,5050.0,4990.0,5000.0,0,0,1005600.0,5038158000.0,1.0,5040.0,5050.0,4990.0,5000.0,1005600.0
2023-04-19,52010,5000.0,5030.0,4990.0,5000.0,0,0,731500.0,3659571500.0,1.0,5000.0,5030.0,4990.0,5000.0,731500.0
2023-04-20,52010,5000.0,5030.0,4995.0,5010.0,0,0,906700.0,4542569000.0,1.0,5000.0,5030.0,4995.0,5010.0,906700.0
2023-04-21,52010,4985.0,4990.0,4950.0,4985.0,0,0,1121800.0,5583247500.0,1.0,4985.0,4990.0,4950.0,4985.0,1121800.0
2023-04-24,52010,5000.0,5010.0,4980.0,4995.0,0,0,491500.0,2456143000.0,1.0,5000.0,5010.0,4980.0,4995.0,491500.0
2023-04-25,52010,5020.0,5040.0,4985.0,4995.0,0,0,588900.0,2947649500.0,1.0,5020.0,5040.0,4985.0,4995.0,588900.0
2023-04-26,52010,4980.0,4995.0,4955.0,4990.0,0,0,785500.0,3911040000.0,1.0,4980.0,4995.0,4955.0,4990.0,785500.0
2023-04-27,52010,4990.0,5020.0,4955.0,5010.0,0,0,920400.0,4595662000.0,1.0,4990.0,5020.0,4955.0,5010.0,920400.0
2023-04-28,52010,5060.0,5060.0,5010.0,5050.0,0,0,1082500.0,5456329000.0,1.0,5060.0,5060.0,5010.0,5050.0,1082500.0
2023-05-01,52010,5080.0,5090.0,5050.0,5060.0,0,0,857200.0,4346191000.0,1.0,5080.0,5090.0,5050.0,5060.0,857200.0
2023-05-02,52010,5080.0,5090.0,5030.0,5070.0,0,0,800800.0,4051963000.0,1.0,5080.0,5090.0,5030.0,5070.0,800800.0
2023-05-08,52010,5090.0,5110.0,5050.0,5070.0,0,0,782600.0,3974146000.0,1.0,5090.0,5110.0,5050.0,5070.0,782600.0
2023-05-09,52010,5080.0,5160.0,5070.0,5150.0,0,0,1131300.0,5808946000.0,1.0,5080.0,5160.0,5070.0,5150.0,1131300.0
2023-05-10,52010,5170.0,5190.0,5150.0,5190.0,0,0,918700.0,4754951000.0,1.0,5170.0,5190.0,5150.0,5190.0,918700.0
2023-05-11,52010,5170.0,5190.0,5130.0,5140.0,0,0,1147700.0,5916299000.0,1.0,5170.0,5190.0,5130.0,5140.0,1147700.0
2023-05-12,52010,5170.0,5180.0,5110.0,5110.0,0,0,1384200.0,7106188000.0,1.0,5170.0,5180.0,5110.0,5110.0,1384200.0
2023-05-15,52010,5070.0,5100.0,4990.0,5010.0,0,0,2234800.0,11226416500.0,1.0,5070.0,5100.0,4990.0,5010.0,2234800.0
2023-05-16,52010,5020.0,5050.0,4960.0,4990.0,0,0,1803000.0,8988350500.0,1.0,5020.0,5050.0,4960.0,4990.0,1803000.0
2023-05-17,52010,4990.0,5020.0,4945.0,4950.0,0,0,1334800.0,6622640500.0,1.0,4990.0,5020.0,4945.0,4950.0,1334800.0
2023-05-18,52010,4970.0,5010.0,4935.0,5010.0,0,0,1375200.0,6842690000.0,1.0,4970.0,5010.0,4935.0,5010.0,1375200.0
2023-05-19,52010,5020.0,5030.0,4990.0,5000.0,0,0,785200.0,3930259500.0,1.0,5020.0,5030.0,4990.0,5000.0,785200.0
2023-05-22,52010,5000.0,5050.0,4990.0,5040.0,0,0,857900.0,4305361000.0,1.0,5000.0,5050.0,4990.0,5040.0,857900.0
2023-05-23,52010,5070.0,5100.0,4995.0,5020.0,0,0,1319600.0,6649623000.0,1.0,5070.0,5100.0,4995.0,5020.0,1319600.0
2023-05-24,52010,5000.0,5030.0,4980.0,5030.0,0,0,931100.0,4664968000.0,1.0,5000.0,5030.0,4980.0,5030.0,931100.0
2023-05-25,52010,5050.0,5120.0,5040.0,5110.0,0,0,1052700.0,5358654000.0,1.0,5050.0,5120.0,5040.0,5110.0,1052700.0
2023-05-26,52010,5140.0,5150.0,5070.0,5070.0,0,0,832200.0,4243564000.0,1.0,5140.0,5150.0,5070.0,5070.0,832200.0
2023-05-29,52010,5110.0,5170.0,5110.0,5130.0,0,0,910700.0,4682064000.0,1.0,5110.0,5170.0,5110.0,5130.0,910700.0
2023-05-30,52010,5130.0,5150.0,5100.0,5140.0,0,0,926000.0,4750036000.0,1.0,5130.0,5150.0,5100.0,5140.0,926000.0
2023-05-31,52010,5130.0,5140.0,5090.0,5090.0,0,0,2658600.0,13565359000.0,1.0,5130.0,5140.0,5090.0,5090.0,2658600.0
2023-06-01,52010,5040.0,5110.0,5030.0,5100.0,0,0,1505300.0,7653202000.0,1.0,5040.0,5110.0,5030.0,5100.0,1505300.0
2023-06-02,52010,5140.0,5150.0,5110.0,5150.0,0,0,1063600.0,5465852000.0,1.0,5140.0,5150.0,5110.0,5150.0,1063600.0
2023-06-05,52010,5182.0,5199.0,5143.0,5165.0,0,0,1490900.0,7700161500.0,1.0,5182.0,5199.0,5143.0,5165.0,1490900.0
2023-06-06,52010,5140.0,5156.0,5097.0,5155.0,0,0,1290100.0,6616471200.0,1.0,5140.0,5156.0,5097.0,5155.0,1290100.0
2023-06-07,52010,5199.0,5217.0,5135.0,5167.0,0,0,1650800.0,8552109000.0,1.0,5199.0,5217.0,5135.0,5167.0,1650800.0
2023-06-08,52010,5201.0,5204.0,5120.0,5143.0,0,0,1056600.0,5454782900.0,1.0,5201.0,5204.0,5120.0,5143.0,1056600.0
2023-06-09,52010,5189.0,5212.0,5149.0,5212.0,0,0,1277900.0,6633399400.0,1.0,5189.0,5212.0,5149.0,5212.0,1277900.0
2023-06-12,52010,5234.0,5265.0,5215.0,5261.0,0,0,953800.0,5003315300.0,1.0,5234.0,5265.0,5215.0,5261.0,953800.0
2023-06-13,52010,5271.0,5277.0,5239.0,5262.0,0,0,1526100.0,8025892200.0,1.0,5271.0,5277.0,5239.0,5262.0,1526100.0
2023-06-14,52010,5271.0,5285.0,5225.0,5254.0,0,0,1306900.0,6864073000.0,1.0,5271.0,5285.0,5225.0,5254.0,1306900.0
2023-06-15,52010,5250.0,5292.0,5210.0,5274.0,0,0,1294100.0,6807407100.0,1.0,5250.0,5292.0,5210.0,5274.0,1294100.0
2023-06-16,52010,5279.0,5279.0,5241.0,5256.0,0,0,1486700.0,7813422800.0,1.0,5279.0,5279.0,5241.0,5256.0,1486700.0
2023-06-19,52010,5280.0,5288.0,5232.0,5250.0,0,0,903700.0,4753334400.0,1.0,5280.0,5288.0,5232.0,5250.0,903700.0
2023-06-20,52010,5231.0,5240.0,5191.0,5224.0,0,0,1038400.0,5416326700.0,1.0,5231.0,5240.0,5191.0,5224.0,1038400.0
2023-06-21,52010,5210.0,5224.0,5187.0,5209.0,0,0,1213300.0,6314656900.0,1.0,5210.0,5224.0,5187.0,5209.0,1213300.0
2023-06-22,52010,5218.0,5260.0,5211.0,5254.0,0,0,1025800.0,5383120900.0,1.0,5218.0,5260.0,5211.0,5254.0,1025800.0
2023-06-23,52010,5247.0,5274.0,5208.0,5222.0,0,0,1070400.0,5604135500.0,1.0,5247.0,5274.0,5208.0,5222.0,1070400.0
2023-06-26,52010,5249.0,5266.0,5218.0,5234.0,0,0,1013500.0,5314914700.0,1.0,5249.0,5266.0,5218.0,5234.0,1013500.0
2023-06-27,52010,5255.0,5255.0,5191.0,5221.0,0,0,967200.0,5046104800.0,1.0,5255.0,5255.0,5191.0,5221.0,967200.0
2023-06-28,52010,5249.0,5360.0,5244.0,5355.0,0,0,2488800.0,13219568000.0,1.0,5249.0,5360.0,5244.0,5355.0,2488800.0
2023-06-29,52010,5250.0,5254.0,5140.0,5166.0,0,0,2155400.0,11196222000.0,1.0,5250.0,5254.0,5140.0,5166.0,2155400.0
2023-06-30,52010,5170.0,5181.0,5131.0,5163.0,0,0,1440500.0,7423939200.0,1.0,5170.0,5181.0,5131.0,5163.0,1440500.0
2023-07-03,52010,5180.0,5199.0,5175.0,5176.0,0,0,904000.0,4685982400.0,1.0,5180.0,5199.0,5175.0,5176.0,904000.0
2023-07-04,52010,5184.0,5187.0,5131.0,5131.0,0,0,925500.0,4764935600.0,1.0,5184.0,5187.0,5131.0,5131.0,925500.0
2023-07-05,52010,5079.0,5080.0,5034.0,5061.0,0,0,1610900.0,8148816200.0,1.0,5079.0,5080.0,5034.0,5061.0,1610900.0
2023-07-06,52010,5050.0,5054.0,4986.0,5002.0,0,0,1371600.0,6873269000.0,1.0,5050.0,5054.0,4986.0,5002.0,1371600.0
2023-07-07,52010,4959.0,4987.0,4921.0,4959.0,0,0,1294900.0,6422686600.0,1.0,4959.0,4987.0,4921.0,4959.0,1294900.0
2023-07-10,52010,4976.0,4980.0,4901.0,4918.0,0,0,1402900.0,6911246200.0,1.0,4976.0,4980.0,4901.0,4918.0,1402900.0
2023-07-11,52010,4951.0,4955.0,4885.0,4897.0,0,0,1151100.0,5657141500.0,1.0,4951.0,4955.0,4885.0,4897.0,1151100.0
2023-07-12,52010,4883.0,4898.0,4818.0,4880.0,0,0,1641700.0,7985569700.0,1.0,4883.0,4898.0,4818.0,4880.0,1641700.0
2023-07-13,52010,4898.0,4904.0,4865.0,4893.0,0,0,1305100.0,6381173300.0,1.0,4898.0,4904.0,4865.0,4893.0,1305100.0
2023-07-14,52010,4893.0,4929.0,4880.0,4921.0,0,0,913200.0,4481976400.0,1.0,4893.0,4929.0,4880.0,4921.0,913200.0
2023-07-18,52010,4921.0,4959.0,4918.0,4959.0,0,0,824000.0,4073717900.0,1.0,4921.0,4959.0,4918.0,4959.0,824000.0
2023-07-19,52010,4985.0,5002.0,4963.0,5002.0,0,0,932800.0,4650683400.0,1.0,4985.0,5002.0,4963.0,5002.0,932800.0
2023-07-20,52010,5022.0,5031.0,4990.0,4997.0,0,0,883900.0,4423250100.0,1.0,5022.0,5031.0,4990.0,4997.0,883900.0
2023-07-21,52010,5031.0,5064.0,5007.0,5064.0,0,0,1166900.0,5886702200.0,1.0,5031.0,5064.0,5007.0,5064.0,1166900.0
2023-07-24,52010,5079.0,5084.0,5049.0,5060.0,0,0,899700.0,4557908200.0,1.0,5079.0,5084.0,5049.0,5060.0,899700.0
2023-07-25,52010,5054.0,5080.0,5044.0,5080.0,0,0,727800.0,3689249600.0,1.0,5054.0,5080.0,5044.0,5080.0,727800.0
2023-07-26,52010,5100.0,5114.0,5070.0,5098.0,0,0,842500.0,4289049200.0,1.0,5100.0,5114.0,5070.0,5098.0,842500.0
2023-07-27,52010,5071.0,5094.0,5046.0,5088.0,0,0,748900.0,3801574300.0,1.0,5071.0,5094.0,5046.0,5088.0,748900.0
2023-07-28,52010,5052.0,5077.0,5011.0,5077.0,0,0,2632900.0,13327244600.0,1.0,5052.0,5077.0,5011.0,5077.0,2632900.0
2023-07-31,52010,5100.0,5145.0,5089.0,5136.0,0,0,1281800.0,6569324400.0,1.0,5100.0,5145.0,5089.0,5136.0,1281800.0
2023-08-01,52010,5110.0,5152.0,5101.0,5140.0,0,0,1118900.0,5746724700.0,1.0,5110.0,5152.0,5101.0,5140.0,1118900.0
2023-08-02,52010,5134.0,5182.0,5113.0,5162.0,0,0,1421300.0,7332585800.0,1.0,5134.0,5182.0,5113.0,5162.0,1421300.0
2023-08-03,52010,4910.0,5004.0,4888.0,4965.0,0,0,3058300.0,15158198700.0,1.0,4910.0,5004.0,4888.0,4965.0,3058300.0
2023-08-04,52010,4895.0,4900.0,4843.0,4859.0,0,0,2719600.0,13243799200.0,1.0,4895.0,4900.0,4843.0,4859.0,2719600.0
2023-08-07,52010,4847.0,4862.0,4824.0,4845.0,0,0,1433000.0,6946829500.0,1.0,4847.0,4862.0,4824.0,4845.0,1433000.0
2023-08-08,52010,4882.0,4888.0,4845.0,4854.0,0,0,1403900.0,6817459300.0,1.0,4882.0,4888.0,4845.0,4854.0,1403900.0
2023-08-09,52010,4844.0,4861.0,4814.0,4831.0,0,0,1523800.0,7368218400.0,1.0,4844.0,4861.0,4814.0,4831.0,1523800.0
2023-08-10,52010,4836.0,4844.0,4816.0,4836.0,0,0,2078300.0,10037841900.0,1.0,4836.0,4844.0,4816.0,4836.0,2078300.0
2023-08-14,52010,4845.0,4927.0,4800.0,4926.0,0,0,2176300.0,10601923500.0,1.0,4845.0,4927.0,4800.0,4926.0,2176300.0
2023-08-15,52010,4949.0,4954.0,4879.0,4888.0,0,0,1054400.0,5164476600.0,1.0,4949.0,4954.0,4879.0,4888.0,1054400.0
2023-08-16,52010,4862.0,4862.0,4819.0,4827.0,0,0,890100.0,4302057200.0,1.0,4862.0,4862.0,4819.0,4827.0,890100.0
2023-08-17,52010,4826.0,4831.0,4721.0,4778.0,0,0,1423200.0,6791396500.0,1.0,4826.0,4831.0,4721.0,4778.0,1423200.0
2023-08-18,52010,4748.0,4781.0,4736.0,4773.0,0,0,884600.0,4213616700.0,1.0,4748.0,4781.0,4736.0,4773.0,884600.0
2023-08-21,52010,4861.0,4916.0,4846.0,4876.0,0,0,1702800.0,8303588900.0,1.0,4861.0,4916.0,4846.0,4876.0,1702800.0
2023-08-22,52010,4889.0,4902.0,4848.0,4902.0,0,0,1008900.0,4919239800.0,1.0,4889.0,4902.0,4848.0,4902.0,1008900.0
2023-08-23,52010,4896.0,4959.0,4883.0,4959.0,0,0,880800.0,4353020300.0,1.0,4896.0,4959.0,4883.0,4959.0,880800.0
2023-08-24,52010,4945.0,4968.0,4932.0,4964.0,0,0,903200.0,4473008900.0,1.0,4945.0,4968.0,4932.0,4964.0,903200.0
2023-08-25,52010,4950.0,4987.0,4942.0,4968.0,0,0,883800.0,4388846500.0,1.0,4950.0,4987.0,4942.0,4968.0,883800.0
2023-08-28,52010,4981.0,5034.0,4980.0,5034.0,0,0,1224100.0,6140698700.0,1.0,4981.0,5034.0,4980.0,5034.0,1224100.0
2023-08-29,52010,5033.0,5069.0,5027.0,5061.0,0,0,821100.0,4148559600.0,1.0,5033.0,5069.0,5027.0,5061.0,821100.0
2023-08-30,52010,5039.0,5067.0,5034.0,5066.0,0,0,837300.0,4235909800.0,1.0,5039.0,5067.0,5034.0,5066.0,837300.0
2023-08-31,52010,5065.0,5113.0,5054.0,5113.0,0,0,2156900.0,10998619300.0,1.0,5065.0,5113.0,5054.0,5113.0,2156900.0
2023-09-01,52010,5124.0,5164.0,5104.0,5153.0,0,0,1120500.0,5768947500.0,1.0,5124.0,5164.0,5104.0,5153.0,1120500.0
2023-09-04,52010,5175.0,5178.0,5147.0,5178.0,0,0,1048200.0,5415991200.0,1.0,5175.0,5178.0,5147.0,5178.0,1048200.0
2023-09-05,52010,5194.0,5206.0,5168.0,5198.0,0,0,791700.0,4108829300.0,1.0,5194.0,5206.0,5168.0,5198.0,791700.0
2023-09-06,52010,5172.0,5279.0,5172.0,5235.0,0,0,1186700.0,6211190100.0,1.0,5172.0,5279.0,5172.0,5235.0,1186700.0
2023-09-07,52010,5250.0,5289.0,5236.0,5265.0,0,0,1161200.0,6115458100.0,1.0,5250.0,5289.0,5236.0,5265.0,1161200.0
2023-09-08,52010,5288.0,5288.0,5202.0,5214.0,0,0,1150200.0,6024078000.0,1.0,5288.0,5288.0,5202.0,5214.0,1150200.0
2023-09-11,52010,5241.0,5241.0,5165.0,5177.0,0,0,876600.0,4545206700.0,1.0,5241.0,5241.0,5165.0,5177.0,876600.0
2023-09-12,52010,5170.0,5198.0,5152.0,5198.0,0,0,831400.0,4303960600.0,1.0,5170.0,5198.0,5152.0,5198.0,831400.0
2023-09-13,52010,5212.0,5229.0,5186.0,5206.0,0,0,728900.0,3795172800.0,1.0,5212.0,5229.0,5186.0,5206.0,728900.0
2023-09-14,52010,5200.0,5279.0,5195.0,5269.0,0,0,1274200.0,6690752700.0,1.0,5200.0,5279.0,5195.0,5269.0,1274200.0
2023-09-15,52010,5290.0,5345.0,5280.0,5316.0,0,0,1732400.0,9217986200.0,1.0,5290.0,5345.0,5280.0,5316.0,1732400.0
2023-09-19,52010,5327.0,5398.0,5322.0,5380.0,0,0,1203800.0,6461317700.0,1.0,5327.0,5398.0,5322.0,5380.0,1203800.0
2023-09-20,52010,5399.0,5429.0,5380.0,5409.0,0,0,1425300.0,7706580100.0,1.0,5399.0,5429.0,5380.0,5409.0,1425300.0
2023-09-21,52010,5423.0,5484.0,5385.0,5394.0,0,0,1347700.0,7316946500.0,1.0,5423.0,5484.0,5385.0,5394.0,1347700.0
2023-09-22,52010,5335.0,5380.0,5315.0,5350.0,0,0,988400.0,5292473000.0,1.0,5335.0,5380.0,5315.0,5350.0,988400.0
2023-09-25,52010,5395.0,5400.0,5359.0,5373.0,0,0,647300.0,3482682600.0,1.0,5395.0,5400.0,5359.0,5373.0,647300.0
2023-09-26,52010,5393.0,5393.0,5340.0,5345.0,0,0,591500.0,3168688300.0,1.0,5393.0,5393.0,5340.0,5345.0,591500.0
2023-09-27,52010,5332.0,5341.0,5268.0,5295.0,0,0,1059300.0,5606957700.0,1.0,5332.0,5341.0,5268.0,5295.0,1059300.0
2023-09-28,52010,5290.0,5327.0,5264.0,5286.0,0,0,859100.0,4543791100.0,1.0,5290.0,5327.0,5264.0,5286.0,859100.0
2023-09-29,52010,5270.0,5281.0,5230.0,5244.0,0,0,829000.0,4353095900.0,1.0,5270.0,5281.0,5230.0,5244.0,829000.0
2023-10-02,52010,5257.0,5342.0,5257.0,5260.0,0,0,803500.0,4254965000.0,1.0,5257.0,5342.0,5257.0,5260.0,803500.0
2023-10-03,52010,5239.0,5249.0,5132.0,5147.0,0,0,970100.0,5018743300.0,1.0,5239.0,5249.0,5132.0,5147.0,970100.0
2023-10-04,52010,5052.0,5082.0,4965.0,4966.0,0,0,1578600.0,7912046200.0,1.0,5052.0,5082.0,4965.0,4966.0,1578600.0
2023-10-05,52010,4996.0,5037.0,4951.0,5023.0,0,0,1211000.0,6055374500.0,1.0,4996.0,5037.0,4951.0,5023.0,1211000.0
2023-10-06,52010,5032.0,5044.0,5002.0,5011.0,0,0,998700.0,5015295900.0,1.0,5032.0,5044.0,5002.0,5011.0,998700.0
2023-10-10,52010,5051.0,5098.0,5051.0,5086.0,0,0,1052800.0,5347799500.0,1.0,5051.0,5098.0,5051.0,5086.0,1052800.0
2023-10-11,52010,5074.0,5114.0,5032.0,5079.0,0,0,1014700.0,5158431000.0,1.0,5074.0,5114.0,5032.0,5079.0,1014700.0
2023-10-12,52010,5134.0,5194.0,5125.0,5186.0,0,0,842400.0,4353442600.0,1.0,5134.0,5194.0,5125.0,5186.0,842400.0
2023-10-13,52010,5165.0,5186.0,5121.0,5140.0,0,0,844800.0,4350611200.0,1.0,5165.0,5186.0,5121.0,5140.0,844800.0
2023-10-16,52010,5140.0,5193.0,5128.0,5187.0,0,0,818500.0,4231877800.0,1.0,5140.0,5193.0,5128.0,5187.0,818500.0
2023-10-17,52010,5229.0,5242.0,5174.0,5207.0,0,0,746900.0,3890862700.0,1.0,5229.0,5242.0,5174.0,5207.0,746900.0
2023-10-18,52010,5234.0,5257.0,5182.0,5189.0,0,0,660200.0,3438484200.0,1.0,5234.0,5257.0,5182.0,5189.0,660200.0
2023-10-19,52010,5150.0,5190.0,5137.0,5165.0,0,0,483600.0,2498059000.0,1.0,5150.0,5190.0,5137.0,5165.0,483600.0
2023-10-20,52010,5166.0,5193.0,5130.0,5169.0,0,0,645400.0,3334472500.0,1.0,5166.0,5193.0,5130.0,5169.0,645400.0
2023-10-23,52010,5169.0,5174.0,5109.0,5109.0,0,0,660100.0,3388739000.0,1.0,5169.0,5174.0,5109.0,5109.0,660100.0
2023-10-24,52010,5132.0,5144.0,5032.0,5126.0,0,0,739000.0,3768298900.0,1.0,5132.0,5144.0,5032.0,5126.0,739000.0
2023-10-25,52010,5110.0,5150.0,5066.0,5074.0,0,0,1123700.0,5737729200.0,1.0,5110.0,5150.0,5066.0,5074.0,1123700.0
2023-10-26,52010,5051.0,5094.0,5011.0,5029.0,0,0,881500.0,4441893100.0,1.0,5051.0,5094.0,5011.0,5029.0,881500.0
2023-10-27,52010,5083.0,5137.0,5051.0,5125.0,0,0,867500.0,4434578200.0,1.0,5083.0,5137.0,5051.0,5125.0,867500.0
2023-10-30,52010,5063.0,5076.0,5023.0,5055.0,0,0,877800.0,4434310600.0,1.0,5063.0,5076.0,5023.0,5055.0,877800.0
2023-10-31,52010,5099.0,5117.0,5048.0,5111.0,0,0,846500.0,4309835700.0,1.0,5099.0,5117.0,5048.0,5111.0,846500.0
2023-11-01,52010,5188.0,5210.0,5161.0,5203.0,0,0,958300.0,4974156500.0,1.0,5188.0,5210.0,5161.0,5203.0,958300.0
2023-11-02,52010,5256.0,5257.0,5156.0,5162.0,0,0,1476800.0,7667531500.0,1.0,5256.0,5257.0,5156.0,5162.0,1476800.0
2023-11-06,52010,5130.0,5222.0,5106.0,5168.0,0,0,2274800.0,11757764200.0,1.0,5130.0,5222.0,5106.0,5168.0,2274800.0
2023-11-07,52010,5160.0,5204.0,5131.0,5189.0,0,0,1064900.0,5512567000.0,1.0,5160.0,5204.0,5131.0,5189.0,1064900.0
2023-11-08,52010,5204.0,5250.0,5126.0,5144.0,0,0,1220800.0,6330112100.0,1.0,5204.0,5250.0,5126.0,5144.0,1220800.0
2023-11-09,52010,5161.0,5243.0,5161.0,5225.0,0,0,913900.0,4767764300.0,1.0,5161.0,5243.0,5161.0,5225.0,913900.0
2023-11-10,52010,5221.0,5313.0,5208.0,5313.0,0,0,897200.0,4732791600.0,1.0,5221.0,5313.0,5208.0,5313.0,897200.0
2023-11-13,52010,5341.0,5344.0,5264.0,5268.0,0,0,688500.0,3646015800.0,1.0,5341.0,5344.0,5264.0,5268.0,688500.0
2023-11-14,52010,5318.0,5332.0,5272.0,5289.0,0,0,616400.0,3267627500.0,1.0,5318.0,5332.0,5272.0,5289.0,616400.0
2023-11-15,52010,5313.0,5318.0,5285.0,5306.0,0,0,698400.0,3704135200.0,1.0,5313.0,5318.0,5285.0,5306.0,698400.0
2023-11-16,52010,5306.0,5319.0,5262.0,5296.0,0,0,597600.0,3164843900.0,1.0,5306.0,5319.0,5262.0,5296.0,597600.0
2023-11-17,52010,5295.0,5380.0,5290.0,5378.0,0,0,799700.0,4279137000.0,1.0,5295.0,5380.0,5290.0,5378.0,799700.0
2023-11-20,52010,5384.0,5415.0,5361.0,5387.0,0,0,1025900.0,5532422400.0,1.0,5384.0,5415.0,5361.0,5387.0,1025900.0
2023-11-21,52010,5400.0,5410.0,5341.0,5351.0,0,0,846100.0,4543726800.0,1.0,5400.0,5410.0,5341.0,5351.0,846100.0
2023-11-22,52010,5280.0,5352.0,5261.0,5326.0,0,0,778100.0,4144228700.0,1.0,5280.0,5352.0,5261.0,5326.0,778100.0
2023-11-24,52010,5397.0,5428.0,5375.0,5386.0,0,0,754400.0,4073016300.0,1.0,5397.0,5428.0,5375.0,5386.0,754400.0
2023-11-27,52010,5403.0,5411.0,5353.0,5362.0,0,0,711000.0,3821439000.0,1.0,5403.0,5411.0,5353.0,5362.0,711000.0
2023-11-28,52010,5400.0,5405.0,5351.0,5381.0,0,0,677300.0,3640681600.0,1.0,5400.0,5405.0,5351.0,5381.0,677300.0
2023-11-29,52010,5364.0,5387.0,5343.0,5383.0,0,0,1627800.0,8752586300.0,1.0,5364.0,5387.0,5343.0,5383.0,1627800.0
2023-11-30,52010,5327.0,5377.0,5314.0,5370.0,0,0,1145100.0,6134524000.0,1.0,5327.0,5377.0,5314.0,5370.0,1145100.0
2023-12-01,52010,5401.0,5407.0,5358.0,5362.0,0,0,735300.0,3950066900.0,1.0,5401.0,5407.0,5358.0,5362.0,735300.0
2023-12-04,52010,5324.0,5324.0,5253.0,5263.0,0,0,1222600.0,6445035900.0,1.0,5324.0,5324.0,5253.0,5263.0,1222600.0
2023-12-05,52010,5303.0,5307.0,5211.0,5220.0,0,0,1126500.0,5911604000.0,1.0,5303.0,5307.0,5211.0,5220.0,1126500.0
2023-12-06,52010,5271.0,5345.0,5248.0,5333.0,0,0,1119000.0,5951686500.0,1.0,5271.0,5345.0,5248.0,5333.0,1119000.0
2023-12-07,52010,5345.0,5349.0,5295.0,5308.0,0,0,819000.0,4350835600.0,1.0,5345.0,5349.0,5295.0,5308.0,819000.0
2023-12-08,52010,5269.0,5307.0,5239.0,5282.0,0,0,1168400.0,6157609800.0,1.0,5269.0,5307.0,5239.0,5282.0,1168400.0
2023-12-11,52010,5320.0,5336.0,5276.0,5282.0,0,0,700300.0,3715108900.0,1.0,5320.0,5336.0,5276.0,5282.0,700300.0
2023-12-12,52010,5310.0,5311.0,5269.0,5298.0,0,0,657200.0,3477927600.0,1.0,5310.0,5311.0,5269.0,5298.0,657200.0
2023-12-13,52010,5328.0,5328.0,5288.0,5308.0,0,0,819100.0,4347119400.0,1.0,5328.0,5328.0,5288.0,5308.0,819100.0
2023-12-14,52010,5339.0,5339.0,5247.0,5259.0,0,0,963200.0,5078981600.0,1.0,5339.0,5339.0,5247.0,5259.0,963200.0
2023-12-15,52010,5292.0,5369.0,5283.0,5363.0,0,0,1136800.0,6079390400.0,1.0,5292.0,5369.0,5283.0,5363.0,1136800.0
2023-12-18,52010,5331.0,5340.0,5260.0,5312.0,0,0,736600.0,3900874200.0,1.0,5331.0,5340.0,5260.0,5312.0,736600.0
2023-12-19,52010,5291.0,5314.0,5258.0,5311.0,0,0,632800.0,3349384700.0,1.0,5291.0,5314.0,5258.0,5311.0,632800.0
2023-12-20,52010,5317.0,5355.0,5307.0,5317.0,0,0,822700.0,4384123500.0,1.0,5317.0,5355.0,5307.0,5317.0,822700.0
2023-12-21,52010,5300.0,5310.0,5282.0,5303.0,0,0,730600.0,3869467300.0,1.0,5300.0,5310.0,5282.0,5303.0,730600.0
2023-12-22,52010,5301.0,5332.0,5287.0,5300.0,0,0,965300.0,5120889500.0,1.0,5301.0,5332.0,5287.0,5300.0,965300.0
2023-12-25,52010,5340.0,5344.0,5301.0,5328.0,0,0,583500.0,3103753300.0,1.0,5340.0,5344.0,5301.0,5328.0,583500.0
2023-12-26,52010,5330.0,5349.0,5316.0,5341.0,0,0,739900.0,3946316100.0,1.0,5330.0,5349.0,5316.0,5341.0,739900.0
2023-12-27,52010,5381.0,5423.0,5352.0,5368.0,0,0,1401100.0,7532398900.0,1.0,5381.0,5423.0,5352.0,5368.0,1401100.0
2023-12-28,52010,5196.0,5226.0,5165.0,5224.0,0,0,1197000.0,6228761400.0,1.0,5196.0,5226.0,5165.0,5224.0,1197000.0
2023-12-29,52010,5252.0,5266.0,5214.0,5236.0,0,0,600500.0,3145547500.0,1.0,5252.0,5266.0,5214.0,5236.0,600500.0
2024-01-04,52010,5265.0,5313.0,5221.0,5313.0,0,0,1294200.0,6836312500.0,1.0,5265.0,5313.0,5221.0,5313.0,1294200.0
2024-01-05,52010,5286.0,5344.0,5280.0,5334.0,0,0,1531300.0,8137631300.0,1.0,5286.0,5344.0,5280.0,5334.0,1531300.0
2024-01-09,52010,5334.0,5371.0,5299.0,5343.0,0,0,1204100.0,6419514600.0,1.0,5334.0,5371.0,5299.0,5343.0,1204100.0
2024-01-10,52010,5348.0,5357.0,5310.0,5334.0,0,0,963100.0,5137986000.0,1.0,5348.0,5357.0,5310.0,5334.0,963100.0
2024-01-11,52010,5362.0,5429.0,5336.0,5422.0,0,0,1754400.0,9450715300.0,1.0,5362.0,5429.0,5336.0,5422.0,1754400.0
2024-01-12,52010,5484.0,5484.0,5359.0,5393.0,0,0,1321200.0,7150487100.0,1.0,5484.0,5484.0,5359.0,5393.0,1321200.0
2024-01-15,52010,5401.0,5436.0,5357.0,5363.0,0,0,1094200.0,5893720200.0,1.0,5401.0,5436.0,5357.0,5363.0,1094200.0
2024-01-16,52010,5320.0,5364.0,5304.0,5338.0,0,0,946100.0,5046738800.0,1.0,5320.0,5364.0,5304.0,5338.0,946100.0
2024-01-17,52010,5367.0,5378.0,5338.0,5352.0,0,0,1045600.0,5602938800.0,1.0,5367.0,5378.0,5338.0,5352.0,1045600.0
2024-01-18,52010,5366.0,5394.0,5356.0,5360.0,0,0,789400.0,4239637700.0,1.0,5366.0,5394.0,5356.0,5360.0,789400.0
2024-01-19,52010,5379.0,5387.0,5290.0,5306.0,0,0,985300.0,5250885300.0,1.0,5379.0,5387.0,5290.0,5306.0,985300.0
2024-01-22,52010,5350.0,5378.0,5327.0,5377.0,0,0,837700.0,4490690000.0,1.0,5350.0,5378.0,5327.0,5377.0,837700.0
2024-01-23,52010,5385.0,5415.0,5356.0,5398.0,0,0,939700.0,5060188700.0,1.0,5385.0,5415.0,5356.0,5398.0,939700.0
2024-01-24,52010,5357.0,5443.0,5357.0,5432.0,0,0,891000.0,4821613500.0,1.0,5357.0,5443.0,5357.0,5432.0,891000.0
2024-01-25,52010,5415.0,5425.0,5372.0,5425.0,0,0,696000.0,3762402700.0,1.0,5415.0,5425.0,5372.0,5425.0,696000.0
2024-01-26,52010,5444.0,5511.0,5391.0,5468.0,0,0,1336300.0,7296894200.0,1.0,5444.0,5511.0,5391.0,5468.0,1336300.0
2024-01-29,52010,5490.0,5578.0,5479.0,5557.0,0,0,1182100.0,6547451700.0,1.0,5490.0,5578.0,5479.0,5557.0,1182100.0
2024-01-30,52010,5575.0,5577.0,5510.0,5522.0,0,0,806000.0,4465590100.0,1.0,5575.0,5577.0,5510.0,5522.0,806000.0
2024-01-31,52010,5522.0,5568.0,5502.0,5566.0,0,0,800900.0,4442099000.0,1.0,5522.0,5568.0,5502.0,5566.0,800900.0
2024-02-01,52010,5532.0,5544.0,5503.0,5535.0,0,0,600900.0,3322685100.0,1.0,5532.0,5544.0,5503.0,5535.0,600900.0
2024-02-02,52010,5550.0,5566.0,5514.0,5530.0,0,0,504400.0,2794087300.0,1.0,5550.0,5566.0,5514.0,5530.0,504400.0
2024-02-05,52010,5545.0,5599.0,5541.0,5570.0,0,0,575400.0,3206604200.0,1.0,5545.0,5599.0,5541.0,5570.0,575400.0
2024-02-06,52010,5573.0,5656.0,5572.0,5596.0,0,0,1382500.0,7750215700.0,1.0,5573.0,5656.0,5572.0,5596.0,1382500.0
2024-02-07,52010,5600.0,5711.0,5598.0,5677.0,0,0,2065400.0,11699448600.0,1.0,5600.0,5711.0,5598.0,5677.0,2065400.0
2024-02-08,52010,5377.0,5422.0,5261.0,5262.0,0,0,4639800.0,24712001800.0,1.0,5377.0,5422.0,5261.0,5262.0,4639800.0
2024-02-09,52010,5263.0,5341.0,5262.0,5277.0,0,0,1959500.0,10384817600.0,1.0,5263.0,5341.0,5262.0,5277.0,1959500.0
2024-02-13,52010,5308.0,5334.0,5276.0,5302.0,0,0,1346200.0,7144993800.0,1.0,5308.0,5334.0,5276.0,5302.0,1346200.0
2024-02-14,52010,5320.0,5379.0,5292.0,5357.0,0,0,1475600.0,7879576600.0,1.0,5320.0,5379.0,5292.0,5357.0,1475600.0
2024-02-15,52010,5357.0,5371.0,5263.0,5290.0,0,0,1254800.0,6640867200.0,1.0,5357.0,5371.0,5263.0,5290.0,1254800.0
2024-02-16,52010,5310.0,5372.0,5306.0,5343.0,0,0,1296900.0,6933289400.0,1.0,5310.0,5372.0,5306.0,5343.0,1296900.0
2024-02-19,52010,5360.0,5465.0,5354.0,5420.0,0,0,965400.0,5238176800.0,1.0,5360.0,5465.0,5354.0,5420.0,965400.0
2024-02-20,52010,5450.0,5459.0,5413.0,5424.0,0,0,615700.0,3345001000.0,1.0,5450.0,5459.0,5413.0,5424.0,615700.0
2024-02-21,52010,5415.0,5421.0,5368.0,5415.0,0,0,685600.0,3699629800.0,1.0,5415.0,5421.0,5368.0,5415.0,685600.0
2024-02-22,52010,5425.0,5456.0,5386.0,5412.0,0,0,891200.0,4827456800.0,1.0,5425.0,5456.0,5386.0,5412.0,891200.0
2024-02-26,52010,5425.0,5453.0,5383.0,5430.0,0,0,1008400.0,5469976400.0,1.0,5425.0,5453.0,5383.0,5430.0,1008400.0
2024-02-27,52010,5386.0,5433.0,5386.0,5416.0,0,0,750000.0,4059030300.0,1.0,5386.0,5433.0,5386.0,5416.0,750000.0
2024-02-28,52010,5423.0,5427.0,5395.0,5412.0,0,0,592300.0,3204080500.0,1.0,5423.0,5427.0,5395.0,5412.0,592300.0
2024-02-29,52010,5395.0,5401.0,5302.0,5353.0,0,0,1565100.0,8375534800.0,1.0,5395.0,5401.0,5302.0,5353.0,1565100.0
2024-03-01,52010,5363.0,5387.0,5354.0,5377.0,0,0,849700.0,4565034300.0,1.0,5363.0,5387.0,5354.0,5377.0,849700.0
2024-03-04,52010,5367.0,5405.0,5338.0,5348.0,0,0,866700.0,4647938500.0,1.0,5367.0,5405.0,5338.0,5348.0,866700.0
2024-03-05,52010,5340.0,5343.0,5286.0,5286.0,0,0,1005900.0,5335411600.0,1.0,5340.0,5343.0,5286.0,5286.0,1005900.0
2024-03-06,52010,5249.0,5345.0,5243.0,5336.0,0,0,900500.0,4784543000.0,1.0,5249.0,5345.0,5243.0,5336.0,900500.0
2024-03-07,52010,5339.0,5373.0,5280.0,5289.0,0,0,835000.0,4435372300.0,1.0,5339.0,5373.0,5280.0,5289.0,835000.0
2024-03-08,52010,5291.0,5372.0,5274.0,5362.0,0,0,900100.0,4796186200.0,1.0,5291.0,5372.0,5274.0,5362.0,900100.0
2024-03-11,52010,5326.0,5332.0,5236.0,5281.0,0,0,832100.0,4392979100.0,1.0,5326.0,5332.0,5236.0,5281.0,832100.0
2024-03-12,52010,5285.0,5317.0,5240.0,5317.0,0,0,561500.0,2967411800.0,1.0,5285.0,5317.0,5240.0,5317.0,561500.0
2024-03-13,52010,5340.0,5375.0,5328.0,5358.0,0,0,755200.0,4043908600.0,1.0,5340.0,5375.0,5328.0,5358.0,755200.0
2024-03-14,52010,5388.0,5420.0,5365.0,5410.0,0,0,906000.0,4890797600.0,1.0,5388.0,5420.0,5365.0,5410.0,906000.0
2024-03-15,52010,5418.0,5473.0,5411.0,5460.0,0,0,1458100.0,7945420200.0,1.0,5418.0,5473.0,5411.0,5460.0,1458100.0
2024-03-18,52010,5485.0,5527.0,5468.0,5514.0,0,0,759300.0,4177586000.0,1.0,5485.0,5527.0,5468.0,5514.0,759300.0
2024-03-19,52010,5508.0,5535.0,5479.0,5533.0,0,0,715900.0,3946021900.0,1.0,5508.0,5535.0,5479.0,5533.0,715900.0
2024-03-21,52010,5585.0,5595.0,5508.0,5548.0,0,0,855200.0,4743531200.0,1.0,5585.0,5595.0,5508.0,5548.0,855200.0
2024-03-22,52010,5552.0,5590.0,5541.0,5574.0,0,0,619900.0,3451846700.0,1.0,5552.0,5590.0,5541.0,5574.0,619900.0
2024-03-25,52010,5557.0,5579.0,5525.0,5525.0,0,0,707900.0,3924825800.0,1.0,5557.0,5579.0,5525.0,5525.0,707900.0
2024-03-26,52010,5535.0,5561.0,5519.0,5521.0,0,0,513400.0,2840159900.0,1.0,5535.0,5561.0,5519.0,5521.0,513400.0
2024-03-27,52010,5550.0,5587.0,5535.0,5573.0,0,0,732700.0,4082309900.0,1.0,5550.0,5587.0,5535.0,5573.0,732700.0
2024-03-28,52010,5480.0,5518.0,5470.0,5482.0,0,0,863200.0,4737890600.0,1.0,5480.0,5518.0,5470.0,5482.0,863200.0
2024-03-29,52010,5530.0,5558.0,5492.0,5528.0,0,0,672700.0,3719078900.0,1.0,5530.0,5558.0,5492.0,5528.0,672700.0
2024-04-01,52010,5528.0,5536.0,5432.0,5459.0,0,0,758500.0,4151746500.0,1.0,5528.0,5536.0,5432.0,5459.0,758500.0
2024-04-02,52010,5457.0,5510.0,5446.0,5499.0,0,0,812900.0,4459093400.0,1.0,5457.0,5510.0,5446.0,5499.0,812900.0
2024-04-03,52010,5475.0,5525.0,5458.0,5499.0,0,0,691900.0,3805916400.0,1.0,5475.0,5525.0,5458.0,5499.0,691900.0
2024-04-04,52010,5565.0,5587.0,5534.0,5534.0,0,0,793900.0,4409246700.0,1.0,5565.0,5587.0,5534.0,5534.0,793900.0
2024-04-05,52010,5502.0,5560.0,5494.0,5538.0,0,0,681300.0,3768272300.0,1.0,5502.0,5560.0,5494.0,5538.0,681300.0
2024-04-08,52010,5550.0,5587.0,5534.0,5579.0,0,0,621100.0,3456935200.0,1.0,5550.0,5587.0,5534.0,5579.0,621100.0
2024-04-09,52010,5595.0,5671.0,5588.0,5667.0,0,0,850500.0,4800810900.0,1.0,5595.0,5671.0,5588.0,5667.0,850500.0
2024-04-10,52010,5690.0,5777.0,5682.0,5753.0,0,0,1001500.0,5747722000.0,1.0,5690.0,5777.0,5682.0,5753.0,1001500.0
2024-04-11,52010,5740.0,5829.0,5730.0,5820.0,0,0,1194400.0,6925973400.0,1.0,5740.0,5829.0,5730.0,5820.0,1194400.0
2024-04-12,52010,5864.0,5914.0,5813.0,5850.0,0,0,1039000.0,6087133700.0,1.0,5864.0,5914.0,5813.0,5850.0,1039000.0
2024-04-15,52010,5807.0,5912.0,5801.0,5912.0,0,0,899000.0,5278343900.0,1.0,5807.0,5912.0,5801.0,5912.0,899000.0
2024-04-16,52010,5912.0,5928.0,5765.0,5811.0,0,0,1320400.0,7699275300.0,1.0,5912.0,5928.0,5765.0,5811.0,1320400.0
2024-04-17,52010,5844.0,5844.0,5670.0,5675.0,0,0,911800.0,5206741300.0,1.0,5844.0,5844.0,5670.0,5675.0,911800.0
2024-04-18,52010,5650.0,5747.0,5638.0,5715.0,0,0,454800.0,2595509600.0,1.0,5650.0,5747.0,5638.0,5715.0,454800.0
2024-04-19,52010,5700.0,5708.0,5605.0,5668.0,0,0,868600.0,4916080800.0,1.0,5700.0,5708.0,5605.0,5668.0,868600.0
2024-04-22,52010,5707.0,5740.0,5675.0,5734.0,0,0,521600.0,2981684900.0,1.0,5707.0,5740.0,5675.0,5734.0,521600.0
2024-04-23,52010,5735.0,5780.0,5682.0,5698.0,0,0,595500.0,3402394900.0,1.0,5735.0,5780.0,5682.0,5698.0,595500.0
2024-04-24,52010,5739.0,5776.0,5718.0,5758.0,0,0,575800.0,3312797200.0,1.0,5739.0,5776.0,5718.0,5758.0,575800.0
2024-04-25,52010,5770.0,5798.0,5716.0,5724.0,0,0,500700.0,2871600900.0,1.0,5770.0,5798.0,5716.0,5724.0,500700.0
2024-04-26,52010,5725.0,5768.0,5681.0,5761.0,0,0,695300.0,3986991200.0,1.0,5725.0,5768.0,5681.0,5761.0,695300.0
2024-04-30,52010,5818.0,5841.0,5779.0,5833.0,0,0,736300.0,4288638000.0,1.0,5818.0,5841.0,5779.0,5833.0,736300.0
2024-05-01,52010,5830.0,5830.0,5746.0,5770.0,0,0,739400.0,4273424600.0,1.0,5830.0,5830.0,5746.0,5770.0,739400.0
2024-05-02,52010,5736.0,5789.0,5722.0,5773.0,0,0,644400.0,3711522400.0,1.0,5736.0,5789.0,5722.0,5773.0,644400.0
2024-05-07,52010,5762.0,5836.0,5749.0,5836.0,0,0,845300.0,4909097700.0,1.0,5762.0,5836.0,5749.0,5836.0,845300.0
2024-05-08,52010,5736.0,5761.0,5210.0,5244.0,0,0,4411200.0,23865414500.0,1.0,5736.0,5761.0,5210.0,5244.0,4411200.0
2024-05-09,52010,5344.0,5515.0,5343.0,5448.0,0,0,2532100.0,13767810800.0,1.0,5344.0,5515.0,5343.0,5448.0,2532100.0
2024-05-10,52010,5448.0,5552.0,5411.0,5514.0,0,0,1263900.0,6955611300.0,1.0,5448.0,5552.0,5411.0,5514.0,1263900.0
2024-05-13,52010,5520.0,5695.0,5490.0,5677.0,0,0,1441400.0,8119995700.0,1.0,5520.0,5695.0,5490.0,5677.0,1441400.0
2024-05-14,52010,5591.0,5710.0,5590.0,5627.0,0,0,766700.0,4323730000.0,1.0,5591.0,5710.0,5590.0,5627.0,766700.0
2024-05-15,52010,5636.0,5672.0,5560.0,5562.0,0,0,680400.0,3811640500.0,1.0,5636.0,5672.0,5560.0,5562.0,680400.0
2024-05-16,52010,5564.0,5592.0,5491.0,5546.0,0,0,1054100.0,5831663900.0,1.0,5564.0,5592.0,5491.0,5546.0,1054100.0
2024-05-17,52010,5402.0,5513.0,5402.0,5497.0,0,0,825100.0,4518553100.0,1.0,5402.0,5513.0,5402.0,5497.0,825100.0
2024-05-20,52010,5490.0,5580.0,5483.0,5570.0,0,0,631000.0,3504288200.0,1.0,5490.0,5580.0,5483.0,5570.0,631000.0
2024-05-21,52010,5597.0,5598.0,5538.0,5556.0,0,0,571800.0,3178753300.0,1.0,5597.0,5598.0,5538.0,5556.0,571800.0
2024-05-22,52010,5556.0,5556.0,5482.0,5519.0,0,0,508900.0,2806233100.0,1.0,5556.0,5556.0,5482.0,5519.0,508900.0
2024-05-23,52010,5516.0,5568.0,5478.0,5565.0,0,0,741600.0,4105220500.0,1.0,5516.0,5568.0,5478.0,5565.0,741600.0
2024-05-24,52010,5505.0,5519.0,5480.0,5480.0,0,0,707700.0,3890121000.0,1.0,5505.0,5519.0,5480.0,5480.0,707700.0
2024-05-27,52010,5492.0,5493.0,5440.0,5475.0,0,0,636900.0,3477719400.0,1.0,5492.0,5493.0,5440.0,5475.0,636900.0
2024-05-28,52010,5450.0,5493.0,5440.0,5464.0,0,0,623400.0,3409178100.0,1.0,5450.0,5493.0,5440.0,5464.0,623400.0
2024-05-29,52010,5440.0,5452.0,5387.0,5427.0,0,0,924400.0,5012880100.0,1.0,5440.0,5452.0,5387.0,5427.0,924400.0
2024-05-30,52010,5360.0,5403.0,5327.0,5402.0,0,0,847000.0,4551615700.0,1.0,5360.0,5403.0,5327.0,5402.0,847000.0
2024-05-31,52010,5429.0,5489.0,5412.0,5487.0,0,0,1453700.0,7955738300.0,1.0,5429.0,5489.0,5412.0,5487.0,1453700.0
2024-06-03,52010,5559.0,5591.0,5473.0,5478.0,0,0,1013100.0,5587050200.0,1.0,5559.0,5591.0,5473.0,5478.0,1013100.0
2024-06-04,52010,5457.0,5485.0,5442.0,5464.0,0,0,697500.0,3811015700.0,1.0,5457.0,5485.0,5442.0,5464.0,697500.0
2024-06-05,52010,5441.0,5441.0,5368.0,5401.0,0,0,1005200.0,5426698700.0,1.0,5441.0,5441.0,5368.0,5401.0,1005200.0
2024-06-06,52010,5390.0,5401.0,5358.0,5380.0,0,0,690600.0,3714494900.0,1.0,5390.0,5401.0,5358.0,5380.0,690600.0
2024-06-07,52010,5360.0,5379.0,5341.0,5375.0,0,0,834800.0,4476997700.0,1.0,5360.0,5379.0,5341.0,5375.0,834800.0
2024-06-10,52010,5366.0,5411.0,5358.0,5371.0,0,0,752800.0,4048814200.0,1.0,5366.0,5411.0,5358.0,5371.0,752800.0
2024-06-11,52010,5397.0,5419.0,5372.0,5383.0,0,0,937700.0,5057504100.0,1.0,5397.0,5419.0,5372.0,5383.0,937700.0
2024-06-12,52010,5360.0,5360.0,5328.0,5356.0,0,0,943300.0,5044144500.0,1.0,5360.0,5360.0,5328.0,5356.0,943300.0
2024-06-13,52010,5397.0,5397.0,5264.0,5282.0,0,0,1024000.0,5424758300.0,1.0,5397.0,5397.0,5264.0,5282.0,1024000.0
2024-06-14,52010,5220.0,5319.0,5220.0,5315.0,0,0,1151600.0,6064324200.0,1.0,5220.0,5319.0,5220.0,5315.0,1151600.0
2024-06-17,52010,5301.0,5302.0,5185.0,5204.0,0,0,1347600.0,7020044400.0,1.0,5301.0,5302.0,5185.0,5204.0,1347600.0
2024-06-18,52010,5222.0,5235.0,5201.0,5220.0,0,0,671800.0,3505615500.0,1.0,5222.0,5235.0,5201.0,5220.0,671800.0
2024-06-19,52010,5267.0,5339.0,5261.0,5316.0,0,0,1131500.0,6006757700.0,1.0,5267.0,5339.0,5261.0,5316.0,1131500.0
2024-06-20,52010,5296.0,5309.0,5220.0,5268.0,0,0,791000.0,4161855400.0,1.0,5296.0,5309.0,5220.0,5268.0,791000.0
2024-06-21,52010,5308.0,5331.0,5262.0,5266.0,0,0,1121900.0,5925369500.0,1.0,5308.0,5331.0,5262.0,5266.0,1121900.0
2024-06-24,52010,5293.0,5297.0,5256.0,5271.0,0,0,647300.0,3417370800.0,1.0,5293.0,5297.0,5256.0,5271.0,647300.0
2024-06-25,52010,5300.0,5354.0,5297.0,5331.0,0,0,856300.0,4567517100.0,1.0,5300.0,5354.0,5297.0,5331.0,856300.0
2024-06-26,52010,5325.0,5355.0,5302.0,5322.0,0,0,1287800.0,6861264900.0,1.0,5325.0,5355.0,5302.0,5322.0,1287800.0
2024-06-27,52010,5192.0,5222.0,5170.0,5216.0,0,0,1508300.0,7850425500.0,1.0,5192.0,5222.0,5170.0,5216.0,1508300.0
2024-06-28,52010,5245.0,5254.0,5200.0,5206.0,0,0,892000.0,4654250700.0,1.0,5245.0,5254.0,5200.0,5206.0,892000.0
2024-07-01,52010,5260.0,5270.0,5214.0,5233.0,0,0,692000.0,3622291000.0,1.0,5260.0,5270.0,5214.0,5233.0,692000.0
2024-07-02,52010,5254.0,5254.0,5215.0,5235.0,0,0,725200.0,3797786900.0,1.0,5254.0,5254.0,5215.0,5235.0,725200.0
2024-07-03,52010,5249.0,5264.0,5213.0,5254.0,0,0,782500.0,4102716700.0,1.0,5249.0,5264.0,5213.0,5254.0,782500.0
2024-07-04,52010,5263.0,5294.0,5244.0,5285.0,0,0,650900.0,3432324700.0,1.0,5263.0,5294.0,5244.0,5285.0,650900.0
2024-07-05,52010,5310.0,5310.0,5219.0,5223.0,0,0,683800.0,3588894900.0,1.0,5310.0,5310.0,5219.0,5223.0,683800.0
2024-07-08,52010,5240.0,5244.0,5208.0,5221.0,0,0,583700.0,3048210300.0,1.0,5240.0,5244.0,5208.0,5221.0,583700.0
2024-07-09,52010,5233.0,5255.0,5204.0,5233.0,0,0,686800.0,3594194000.0,1.0,5233.0,5255.0,5204.0,5233.0,686800.0
2024-07-10,52010,5216.0,5257.0,5182.0,5249.0,0,0,931900.0,4866193000.0,1.0,5216.0,5257.0,5182.0,5249.0,931900.0
2024-07-11,52010,5298.0,5312.0,5261.0,5300.0,0,0,867100.0,4590183500.0,1.0,5298.0,5312.0,5261.0,5300.0,867100.0
2024-07-12,52010,5287.0,5342.0,5269.0,5327.0,0,0,803600.0,4271679800.0,1.0,5287.0,5342.0,5269.0,5327.0,803600.0
2024-07-16,52010,5331.0,5342.0,5261.0,5263.0,0,0,820400.0,4335751200.0,1.0,5331.0,5342.0,5261.0,5263.0,820400.0
2024-07-17,52010,5309.0,5342.0,5277.0,5337.0,0,0,718000.0,3821913800.0,1.0,5309.0,5342.0,5277.0,5337.0,718000.0
2024-07-18,52010,5365.0,5397.0,5304.0,5307.0,0,0,716300.0,3820121800.0,1.0,5365.0,5397.0,5304.0,5307.0,716300.0
2024-07-19,52010,5293.0,5293.0,5202.0,5228.0,0,0,854000.0,4466017500.0,1.0,5293.0,5293.0,5202.0,5228.0,854000.0
2024-07-22,52010,5245.0,5259.0,5189.0,5190.0,0,0,643000.0,3350832300.0,1.0,5245.0,5259.0,5189.0,5190.0,643000.0
2024-07-23,52010,5222.0,5271.0,5221.0,5253.0,0,0,736900.0,3871158400.0,1.0,5222.0,5271.0,5221.0,5253.0,736900.0
2024-07-24,52010,5249.0,5250.0,5177.0,5180.0,0,0,705900.0,3672648700.0,1.0,5249.0,5250.0,5177.0,5180.0,705900.0
2024-07-25,52010,5170.0,5198.0,5119.0,5166.0,0,0,981000.0,5059895600.0,1.0,5170.0,5198.0,5119.0,5166.0,981000.0
2024-07-26,52010,5185.0,5209.0,5164.0,5175.0,0,0,703700.0,3648833000.0,1.0,5185.0,5209.0,5164.0,5175.0,703700.0
2024-07-29,52010,5214.0,5256.0,5195.0,5250.0,0,0,672100.0,3522683900.0,1.0,5214.0,5256.0,5195.0,5250.0,672100.0
2024-07-30,52010,5200.0,5283.0,5200.0,5275.0,0,0,2540500.0,13386900100.0,1.0,5200.0,5283.0,5200.0,5275.0,2540500.0
2024-07-31,52010,5280.0,5399.0,5231.0,5399.0,0,0,1145900.0,6120545100.0,1.0,5280.0,5399.0,5231.0,5399.0,1145900.0
2024-08-01,52010,5307.0,5321.0,4977.0,5203.0,0,0,2786200.0,14400369200.0,1.0,5307.0,5321.0,4977.0,5203.0,2786200.0
2024-08-02,52010,4800.0,4837.0,4680.0,4751.0,0,0,2950100.0,13972292300.0,1.0,4800.0,4837.0,4680.0,4751.0,2950100.0
2024-08-05,52010,4505.0,4611.0,4090.0,4123.0,0,0,2621400.0,11341594900.0,1.0,4505.0,4611.0,4090.0,4123.0,2621400.0
2024-08-06,52010,4329.0,4663.0,4314.0,4663.0,0,0,2213600.0,10061269200.0,1.0,4329.0,4663.0,4314.0,4663.0,2213600.0
2024-08-07,52010,4453.0,4643.0,4444.0,4546.0,0,0,1594500.0,7244713600.0,1.0,4453.0,4643.0,4444.0,4546.0,1594500.0
2024-08-08,52010,4531.0,4667.0,4511.0,4551.0,0,0,849300.0,3891387700.0,1.0,4531.0,4667.0,4511.0,4551.0,849300.0
2024-08-09,52010,4615.0,4633.0,4503.0,4578.0,0,0,1328100.0,6090318800.0,1.0,4615.0,4633.0,4503.0,4578.0,1328100.0
2024-08-13,52010,4601.0,4633.0,4575.0,4633.0,0,0,871500.0,4016056200.0,1.0,4601.0,4633.0,4575.0,4633.0,871500.0
2024-08-14,52010,4633.0,4696.0,4610.0,4660.0,0,0,903500.0,4207980600.0,1.0,4633.0,4696.0,4610.0,4660.0,903500.0
2024-08-15,52010,4500.0,4605.0,4480.0,4594.0,0,0,1468400.0,6712788500.0,1.0,4500.0,4605.0,4480.0,4594.0,1468400.0
2024-08-16,52010,4700.0,4746.0,4667.0,4730.0,0,0,952600.0,4484100200.0,1.0,4700.0,4746.0,4667.0,4730.0,952600.0
2024-08-19,52010,4730.0,4745.0,4646.0,4646.0,0,0,732900.0,3433805100.0,1.0,4730.0,4745.0,4646.0,4646.0,732900.0
2024-08-20,52010,4688.0,4689.0,4622.0,4657.0,0,0,672800.0,3131111900.0,1.0,4688.0,4689.0,4622.0,4657.0,672800.0
2024-08-21,52010,4640.0,4657.0,4602.0,4643.0,0,0,597900.0,2769483600.0,1.0,4640.0,4657.0,4602.0,4643.0,597900.0
2024-08-22,52010,4625.0,4666.0,4604.0,4660.0,0,0,447400.0,2075126700.0,1.0,4625.0,4666.0,4604.0,4660.0,447400.0
2024-08-23,52010,4646.0,4685.0,4632.0,4661.0,0,0,588500.0,2743839600.0,1.0,4646.0,4685.0,4632.0,4661.0,588500.0
2024-08-26,52010,4660.0,4677.0,4630.0,4659.0,0,0,495200.0,2307105300.0,1.0,4660.0,4677.0,4630.0,4659.0,495200.0
2024-08-27,52010,4641.0,4675.0,4622.0,4663.0,0,0,516600.0,2403942300.0,1.0,4641.0,4675.0,4622.0,4663.0,516600.0
2024-08-28,52010,4642.0,4661.0,4616.0,4638.0,0,0,538100.0,2493408600.0,1.0,4642.0,4661.0,4616.0,4638.0,538100.0
2024-08-29,52010,4646.0,4647.0,4591.0,4596.0,0,0,696700.0,3208616800.0,1.0,4646.0,4647.0,4591.0,4596.0,696700.0
2024-08-30,52010,4596.0,4611.0,4565.0,4594.0,0,0,1103600.0,5064565800.0,1.0,4596.0,4611.0,4565.0,4594.0,1103600.0
2024-09-02,52010,4630.0,4667.0,4614.0,4634.0,0,0,633700.0,2939212600.0,1.0,4630.0,4667.0,4614.0,4634.0,633700.0
2024-09-03,52010,4650.0,4678.0,4610.0,4619.0,0,0,543500.0,2520969100.0,1.0,4650.0,4678.0,4610.0,4619.0,543500.0
2024-09-04,52010,4549.0,4565.0,4510.0,4522.0,0,0,901100.0,4088215200.0,1.0,4549.0,4565.0,4510.0,4522.0,901100.0
2024-09-05,52010,4500.0,4574.0,4460.0,4548.0,0,0,753600.0,3413777400.0,1.0,4500.0,4574.0,4460.0,4548.0,753600.0
2024-09-06,52010,4500.0,4552.0,4497.0,4532.0,0,0,686900.0,3110417200.0,1.0,4500.0,4552.0,4497.0,4532.0,686900.0
2024-09-09,52010,4452.0,4453.0,4382.0,4424.0,0,0,949600.0,4191255800.0,1.0,4452.0,4453.0,4382.0,4424.0,949600.0
2024-09-10,52010,4460.0,4460.0,4396.0,4403.0,0,0,895700.0,3958753500.0,1.0,4460.0,4460.0,4396.0,4403.0,895700.0
2024-09-11,52010,4383.0,4383.0,4295.0,4321.0,0,0,972000.0,4214981900.0,1.0,4383.0,4383.0,4295.0,4321.0,972000.0
2024-09-12,52010,4422.0,4434.0,4351.0,4381.0,0,0,854200.0,3749008800.0,1.0,4422.0,4434.0,4351.0,4381.0,854200.0
2024-09-13,52010,4337.0,4372.0,4330.0,4356.0,0,0,834300.0,3625003700.0,1.0,4337.0,4372.0,4330.0,4356.0,834300.0
2024-09-17,52010,4355.0,4368.0,4256.0,4321.0,0,0,880000.0,3792135000.0,1.0,4355.0,4368.0,4256.0,4321.0,880000.0
2024-09-18,52010,4350.0,4373.0,4320.0,4370.0,0,0,467500.0,2034828100.0,1.0,4350.0,4373.0,4320.0,4370.0,467500.0
2024-09-19,52010,4400.0,4435.0,4389.0,4404.0,0,0,803700.0,3547741700.0,1.0,4400.0,4435.0,4389.0,4404.0,803700.0
2024-09-20,52010,4452.0,4486.0,4436.0,4447.0,0,0,711200.0,3167936300.0,1.0,4452.0,4486.0,4436.0,4447.0,711200.0
2024-09-24,52010,4498.0,4528.0,4473.0,4489.0,0,0,795400.0,3576173200.0,1.0,4498.0,4528.0,4473.0,4489.0,795400.0
2024-09-25,52010,4517.0,4590.0,4503.0,4574.0,0,0,699500.0,3189951500.0,1.0,4517.0,4590.0,4503.0,4574.0,699500.0
2024-09-26,52010,4600.0,4627.0,4541.0,4627.0,0,0,866200.0,3982130100.0,1.0,4600.0,4627.0,4541.0,4627.0,866200.0
2024-09-27,52010,4659.0,4733.0,4639.0,4721.0,0,0,874700.0,4107638800.0,1.0,4659.0,4733.0,4639.0,4721.0,874700.0
2024-09-30,52010,4585.0,4671.0,4580.0,4647.0,0,0,944000.0,4379209500.0,1.0,4585.0,4671.0,4580.0,4647.0,944000.0
2024-10-01,52010,4684.0,4692.0,4650.0,4685.0,0,0,634200.0,2965571700.0,1.0,4684.0,4692.0,4650.0,4685.0,634200.0
2024-10-02,52010,4652.0,4699.0,4649.0,4684.0,0,0,555300.0,2597722700.0,1.0,4652.0,4699.0,4649.0,4684.0,555300.0
2024-10-03,52010,4779.0,4782.0,4734.0,4745.0,0,0,814500.0,3874422400.0,1.0,4779.0,4782.0,4734.0,4745.0,814500.0
2024-10-04,52010,4777.0,4777.0,4735.0,4765.0,0,0,609900.0,2903207900.0,1.0,4777.0,4777.0,4735.0,4765.0,609900.0
2024-10-07,52010,4834.0,4849.0,4800.0,4805.0,0,0,685200.0,3300585300.0,1.0,4834.0,4849.0,4800.0,4805.0,685200.0
2024-10-08,52010,4770.0,4802.0,4760.0,4775.0,0,0,482500.0,2304188200.0,1.0,4770.0,4802.0,4760.0,4775.0,482500.0
2024-10-09,52010,4799.0,4822.0,4712.0,4727.0,0,0,707200.0,3355214400.0,1.0,4799.0,4822.0,4712.0,4727.0,707200.0
2024-10-10,52010,4752.0,4770.0,4742.0,4755.0,0,0,568200.0,2702785500.0,1.0,4752.0,4770.0,4742.0,4755.0,568200.0
2024-10-11,52010,4750.0,4760.0,4703.0,4703.0,0,0,606900.0,2868286900.0,1.0,4750.0,4760.0,4703.0,4703.0,606900.0
2024-10-15,52010,4735.0,4737.0,4683.0,4685.0,0,0,739100.0,3472679800.0,1.0,4735.0,4737.0,4683.0,4685.0,739100.0
2024-10-16,52010,4650.0,4673.0,4605.0,4639.0,0,0,803200.0,3730112800.0,1.0,4650.0,4673.0,4605.0,4639.0,803200.0
2024-10-17,52010,4680.0,4697.0,4644.0,4648.0,0,0,690800.0,3222923000.0,1.0,4680.0,4697.0,4644.0,4648.0,690800.0
2024-10-18,52010,4680.0,4680.0,4637.0,4640.0,0,0,407700.0,1895611700.0,1.0,4680.0,4680.0,4637.0,4640.0,407700.0
2024-10-21,52010,4654.0,4673.0,4632.0,4660.0,0,0,418100.0,1947231900.0,1.0,4654.0,4673.0,4632.0,4660.0,418100.0
2024-10-22,52010,4660.0,4660.0,4582.0,4621.0,0,0,657400.0,3038209800.0,1.0,4660.0,4660.0,4582.0,4621.0,657400.0
2024-10-23,52010,4611.0,4642.0,4590.0,4591.0,0,0,394900.0,1818782000.0,1.0,4611.0,4642.0,4590.0,4591.0,394900.0
2024-10-24,52010,4551.0,4587.0,4535.0,4568.0,0,0,519400.0,2370691600.0,1.0,4551.0,4587.0,4535.0,4568.0,519400.0
2024-10-25,52010,4540.0,4551.0,4508.0,4531.0,0,0,490800.0,2220335700.0,1.0,4540.0,4551.0,4508.0,4531.0,490800.0
2024-10-28,52010,4531.0,4590.0,4510.0,4579.0,0,0,648500.0,2961915500.0,1.0,4531.0,4590.0,4510.0,4579.0,648500.0
2024-10-29,52010,4600.0,4632.0,4586.0,4615.0,0,0,701500.0,3239138100.0,1.0,4600.0,4632.0,4586.0,4615.0,701500.0
2024-10-30,52010,4650.0,4720.0,4634.0,4682.0,0,0,1555200.0,7282043300.0,1.0,4650.0,4720.0,4634.0,4682.0,1555200.0
2024-10-31,52010,4686.0,4733.0,4674.0,4702.0,0,0,994300.0,4677610600.0,1.0,4686.0,4733.0,4674.0,4702.0,994300.0
2024-11-01,52010,4650.0,4941.0,4627.0,4914.0,0,0,2139500.0,10395102700.0,1.0,4650.0,4941.0,4627.0,4914.0,2139500.0
2024-11-05,52010,4660.0,4800.0,4660.0,4736.0,0,0,1453300.0,6893094000.0,1.0,4660.0,4800.0,4660.0,4736.0,1453300.0
2024-11-06,52010,4736.0,4838.0,4735.0,4783.0,0,0,865700.0,4144129300.0,1.0,4736.0,4838.0,4735.0,4783.0,865700.0
2024-11-07,52010,4809.0,4855.0,4787.0,4846.0,0,0,796700.0,3850905000.0,1.0,4809.0,4855.0,4787.0,4846.0,796700.0
2024-11-08,52010,4855.0,4858.0,4751.0,4762.0,0,0,653600.0,3129423500.0,1.0,4855.0,4858.0,4751.0,4762.0,653600.0
2024-11-11,52010,4750.0,4761.0,4708.0,4725.0,0,0,659900.0,3121371800.0,1.0,4750.0,4761.0,4708.0,4725.0,659900.0
2024-11-12,52010,4761.0,4787.0,4725.0,4756.0,0,0,687700.0,3270185800.0,1.0,4761.0,4787.0,4725.0,4756.0,687700.0
2024-11-13,52010,4730.0,4771.0,4725.0,4738.0,0,0,524100.0,2486440500.0,1.0,4730.0,4771.0,4725.0,4738.0,524100.0
2024-11-14,52010,4750.0,4787.0,4693.0,4700.0,0,0,800000.0,3781290900.0,1.0,4750.0,4787.0,4693.0,4700.0,800000.0
2024-11-15,52010,4740.0,4766.0,4728.0,4744.0,0,0,754200.0,3580603900.0,1.0,4740.0,4766.0,4728.0,4744.0,754200.0
2024-11-18,52010,4730.0,4744.0,4684.0,4701.0,0,0,511900.0,2410944300.0,1.0,4730.0,4744.0,4684.0,4701.0,511900.0
2024-11-19,52010,4698.0,4726.0,4660.0,4682.0,0,0,581600.0,2724441000.0,1.0,4698.0,4726.0,4660.0,4682.0,581600.0
2024-11-20,52010,4662.0,4709.0,4637.0,4641.0,0,0,561600.0,2615025100.0,1.0,4662.0,4709.0,4637.0,4641.0,561600.0
2024-11-21,52010,4645.0,4657.0,4622.0,4622.0,0,0,417300.0,1933852800.0,1.0,4645.0,4657.0,4622.0,4622.0,417300.0
2024-11-22,52010,4622.0,4657.0,4621.0,4623.0,0,0,505300.0,2341254300.0,1.0,4622.0,4657.0,4621.0,4623.0,505300.0
2024-11-25,52010,4626.0,4677.0,4611.0,4611.0,0,0,1012200.0,4683894300.0,1.0,4626.0,4677.0,4611.0,4611.0,1012200.0
2024-11-26,52010,4610.0,4653.0,4602.0,4650.0,0,0,673100.0,3117562200.0,1.0,4610.0,4653.0,4602.0,4650.0,673100.0
2024-11-27,52010,4610.0,4637.0,4572.0,4580.0,0,0,817400.0,3751352900.0,1.0,4610.0,4637.0,4572.0,4580.0,817400.0
2024-11-28,52010,4571.0,4638.0,4567.0,4622.0,0,0,411000.0,1895857500.0,1.0,4571.0,4638.0,4567.0,4622.0,411000.0
2024-11-29,52010,4655.0,4709.0,4643.0,4690.0,0,0,952100.0,4460017800.0,1.0,4655.0,4709.0,4643.0,4690.0,952100.0
2024-12-02,52010,4690.0,4744.0,4690.0,4709.0,0,0,802800.0,3789474900.0,1.0,4690.0,4744.0,4690.0,4709.0,802800.0
2024-12-03,52010,4750.0,4774.0,4730.0,4730.0,0,0,863300.0,4099381700.0,1.0,4750.0,4774.0,4730.0,4730.0,863300.0
2024-12-04,52010,4740.0,4746.0,4666.0,4670.0,0,0,821700.0,3851675700.0,1.0,4740.0,4746.0,4666.0,4670.0,821700.0
2024-12-05,52010,4671.0,4688.0,4618.0,4632.0,0,0,1045600.0,4856649300.0,1.0,4671.0,4688.0,4618.0,4632.0,1045600.0
2024-12-06,52010,4632.0,4654.0,4604.0,4612.0,0,0,739700.0,3417839900.0,1.0,4632.0,4654.0,4604.0,4612.0,739700.0
2024-12-09,52010,4615.0,4696.0,4612.0,4658.0,0,0,842100.0,3931296400.0,1.0,4615.0,4696.0,4612.0,4658.0,842100.0
2024-12-10,52010,4738.0,4743.0,4679.0,4681.0,0,0,938200.0,4414407700.0,1.0,4738.0,4743.0,4679.0,4681.0,938200.0
2024-12-11,52010,4698.0,4709.0,4668.0,4693.0,0,0,736900.0,3456510700.0,1.0,4698.0,4709.0,4668.0,4693.0,736900.0
2024-12-12,52010,4712.0,4730.0,4683.0,4704.0,0,0,811800.0,3818447900.0,1.0,4712.0,4730.0,4683.0,4704.0,811800.0
2024-12-13,52010,4660.0,4719.0,4660.0,4683.0,0,0,819200.0,3832067800.0,1.0,4660.0,4719.0,4660.0,4683.0,819200.0
2024-12-16,52010,4711.0,4724.0,4639.0,4648.0,0,0,684300.0,3193484300.0,1.0,4711.0,4724.0,4639.0,4648.0,684300.0
2024-12-17,52010,4650.0,4658.0,4600.0,4600.0,0,0,830700.0,3835654000.0,1.0,4650.0,4658.0,4600.0,4600.0,830700.0
2024-12-18,52010,4550.0,4593.0,4529.0,4561.0,0,0,1145700.0,5222365000.0,1.0,4550.0,4593.0,4529.0,4561.0,1145700.0
2024-12-19,52010,4549.0,4600.0,4541.0,4560.0,0,0,835100.0,3817802300.0,1.0,4549.0,4600.0,4541.0,4560.0,835100.0
2024-12-20,52010,4565.0,4586.0,4553.0,4554.0,0,0,1048100.0,4781645900.0,1.0,4565.0,4586.0,4553.0,4554.0,1048100.0
2024-12-23,52010,4558.0,4595.0,4531.0,4595.0,0,0,1267300.0,5779287900.0,1.0,4558.0,4595.0,4531.0,4595.0,1267300.0
2024-12-24,52010,4603.0,4659.0,4596.0,4631.0,0,0,840300.0,3893536500.0,1.0,4603.0,4659.0,4596.0,4631.0,840300.0
2024-12-25,52010,4659.0,4663.0,4598.0,4629.0,0,0,980200.0,4530067400.0,1.0,4659.0,4663.0,4598.0,4629.0,980200.0
2024-12-26,52010,4626.0,4674.0,4626.0,4667.0,0,0,1215800.0,5661390600.0,1.0,4626.0,4674.0,4626.0,4667.0,1215800.0
2024-12-27,52010,4566.0,4620.0,4557.0,4620.0,0,0,1094000.0,5025025000.0,1.0,4566.0,4620.0,4557.0,4620.0,1094000.0
2024-12-30,52010,4623.0,4647.0,4615.0,4625.0,0,0,684700.0,3169410300.0,1.0,4623.0,4647.0,4615.0,4625.0,684700.0
2025-01-06,52010,4660.0,4672.0,4614.0,4630.0,0,0,1123800.0,5208896100.0,1.0,4660.0,4672.0,4614.0,4630.0,1123800.0
2025-01-07,52010,4637.0,4651.0,4598.0,4622.0,0,0,816000.0,3772744500.0,1.0,4637.0,4651.0,4598.0,4622.0,816000.0
2025-01-08,52010,4584.0,4611.0,4570.0,4601.0,0,0,772400.0,3548142800.0,1.0,4584.0,4611.0,4570.0,4601.0,772400.0
2025-01-09,52010,4570.0,4578.0,4490.0,4509.0,0,0,1131900.0,5117353600.0,1.0,4570.0,4578.0,4490.0,4509.0,1131900.0
2025-01-10,52010,4494.0,4530.0,4472.0,4488.0,0,0,1006800.0,4521969600.0,1.0,4494.0,4530.0,4472.0,4488.0,1006800.0
2025-01-14,52010,4480.0,4485.0,4394.0,4418.0,0,0,926500.0,4102337200.0,1.0,4480.0,4485.0,4394.0,4418.0,926500.0
2025-01-15,52010,4437.0,4437.0,4391.0,4431.0,0,0,674900.0,2984473200.0,1.0,4437.0,4437.0,4391.0,4431.0,674900.0
2025-01-16,52010,4445.0,4456.0,4422.0,4422.0,0,0,595300.0,2638618600.0,1.0,4445.0,4456.0,4422.0,4422.0,595300.0
2025-01-17,52010,4436.0,4460.0,4402.0,4444.0,0,0,535900.0,2375527400.0,1.0,4436.0,4460.0,4402.0,4444.0,535900.0
2025-01-20,52010,4463.0,4506.0,4453.0,4497.0,0,0,419800.0,1884506400.0,1.0,4463.0,4506.0,4453.0,4497.0,419800.0
2025-01-21,52010,4527.0,4574.0,4519.0,4547.0,0,0,740100.0,3367795400.0,1.0,4527.0,4574.0,4519.0,4547.0,740100.0
2025-01-22,52010,4540.0,4547.0,4512.0,4530.0,0,0,503800.0,2283324400.0,1.0,4540.0,4547.0,4512.0,4530.0,503800.0
2025-01-23,52010,4511.0,4555.0,4504.0,4545.0,0,0,560500.0,2542041900.0,1.0,4511.0,4555.0,4504.0,4545.0,560500.0
2025-01-24,52010,4559.0,4590.0,4523.0,4534.0,0,0,783600.0,3566836300.0,1.0,4559.0,4590.0,4523.0,4534.0,783600.0
2025-01-27,52010,4552.0,4583.0,4541.0,4562.0,0,0,657100.0,2996882400.0,1.0,4552.0,4583.0,4541.0,4562.0,657100.0
2025-01-28,52010,4534.0,4552.0,4517.0,4526.0,0,0,597900.0,2709275200.0,1.0,4534.0,4552.0,4517.0,4526.0,597900.0
2025-01-29,52010,4517.0,4527.0,4492.0,4511.0,0,0,957100.0,4313002500.0,1.0,4517.0,4527.0,4492.0,4511.0,957100.0
2025-01-30,52010,4515.0,4534.0,4475.0,4508.0,0,0,658300.0,2963283900.0,1.0,4515.0,4534.0,4475.0,4508.0,658300.0
2025-01-31,52010,4508.0,4518.0,4466.0,4493.0,0,0,899400.0,4036451200.0,1.0,4508.0,4518.0,4466.0,4493.0,899400.0
2025-02-03,52010,4450.0,4456.0,4320.0,4320.0,0,0,1490200.0,6503912300.0,1.0,4450.0,4456.0,4320.0,4320.0,1490200.0
2025-02-04,52010,4373.0,4384.0,4305.0,4320.0,0,0,1024200.0,4447367900.0,1.0,4373.0,4384.0,4305.0,4320.0,1024200.0
2025-02-05,52010,4322.0,4344.0,4284.0,4288.0,0,0,944300.0,4063699900.0,1.0,4322.0,4344.0,4284.0,4288.0,944300.0
2025-02-06,52010,4346.0,4412.0,4323.0,4397.0,0,0,1087900.0,4771203200.0,1.0,4346.0,4412.0,4323.0,4397.0,1087900.0
2025-02-07,52010,4418.0,4468.0,4141.0,4190.0,0,0,2848500.0,12141086300.0,1.0,4418.0,4468.0,4141.0,4190.0,2848500.0
2025-02-10,52010,4230.0,4301.0,4220.0,4278.0,0,0,1602300.0,6842024900.0,1.0,4230.0,4301.0,4220.0,4278.0,1602300.0
2025-02-12,52010,4320.0,4321.0,4227.0,4248.0,0,0,1410500.0,5995784500.0,1.0,4320.0,4321.0,4227.0,4248.0,1410500.0
2025-02-13,52010,4270.0,4357.0,4265.0,4344.0,0,0,1196400.0,5172277000.0,1.0,4270.0,4357.0,4265.0,4344.0,1196400.0
2025-02-14,52010,4330.0,4433.0,4330.0,4364.0,0,0,1404700.0,6155112000.0,1.0,4330.0,4433.0,4330.0,4364.0,1404700.0
2025-02-17,52010,4365.0,4374.0,4290.0,4291.0,0,0,763400.0,3301343100.0,1.0,4365.0,4374.0,4290.0,4291.0,763400.0
2025-02-18,52010,4290.0,4378.0,4274.0,4356.0,0,0,1058800.0,4585133000.0,1.0,4290.0,4378.0,4274.0,4356.0,1058800.0
2025-02-19,52010,4371.0,4520.0,4365.0,4498.0,0,0,1873600.0,8365611200.0,1.0,4371.0,4520.0,4365.0,4498.0,1873600.0
2025-02-20,52010,4421.0,4509.0,4420.0,4463.0,0,0,1367400.0,6105722900.0,1.0,4421.0,4509.0,4420.0,4463.0,1367400.0
2025-02-21,52010,4499.0,4514.0,4451.0,4472.0,0,0,965000.0,4323544100.0,1.0,4499.0,4514.0,4451.0,4472.0,965000.0
2025-02-25,52010,4463.0,4565.0,4460.0,4554.0,0,0,1255900.0,5699795200.0,1.0,4463.0,4565.0,4460.0,4554.0,1255900.0
2025-02-26,52010,4546.0,4568.0,4480.0,4559.0,0,0,1001800.0,4541343300.0,1.0,4546.0,4568.0,4480.0,4559.0,1001800.0
2025-02-27,52010,4559.0,4588.0,4552.0,4583.0,0,0,677100.0,3097129000.0,1.0,4559.0,4588.0,4552.0,4583.0,677100.0
2025-02-28,52010,4557.0,4571.0,4485.0,4494.0,0,0,1112300.0,5011455900.0,1.0,4557.0,4571.0,4485.0,4494.0,1112300.0
2025-03-03,52010,4470.0,4508.0,4423.0,4461.0,0,0,887300.0,3949537200.0,1.0,4470.0,4508.0,4423.0,4461.0,887300.0
2025-03-04,52010,4461.0,4480.0,4401.0,4427.0,0,0,715000.0,3169284000.0,1.0,4461.0,4480.0,4401.0,4427.0,715000.0
2025-03-05,52010,4441.0,4505.0,4412.0,4499.0,0,0,919800.0,4117072500.0,1.0,4441.0,4505.0,4412.0,4499.0,919800.0
2025-03-06,52010,4536.0,4769.0,4525.0,4759.0,0,0,2898900.0,13667637400.0,1.0,4536.0,4769.0,4525.0,4759.0,2898900.0
2025-03-07,52010,4700.0,4785.0,4683.0,4715.0,0,0,1238700.0,5851398200.0,1.0,4700.0,4785.0,4683.0,4715.0,1238700.0
2025-03-10,52010,4734.0,4786.0,4691.0,4740.0,0,0,1190000.0,5640013400.0,1.0,4734.0,4786.0,4691.0,4740.0,1190000.0
2025-03-11,52010,4695.0,4704.0,4600.0,4650.0,0,0,1453900.0,6745607000.0,1.0,4695.0,4704.0,4600.0,4650.0,1453900.0
2025-03-12,52010,4603.0,4712.0,4580.0,4712.0,0,0,972400.0,4537547300.0,1.0,4603.0,4712.0,4580.0,4712.0,972400.0
2025-03-13,52010,4685.0,4711.0,4668.0,4672.0,0,0,743300.0,3481821500.0,1.0,4685.0,4711.0,4668.0,4672.0,743300.0
2025-03-14,52010,4635.0,4666.0,4605.0,4632.0,0,0,1292200.0,5987593600.0,1.0,4635.0,4666.0,4605.0,4632.0,1292200.0
2025-03-17,52010,4650.0,4690.0,4648.0,4681.0,0,0,702000.0,3280578200.0,1.0,4650.0,4690.0,4648.0,4681.0,702000.0
2025-03-18,52010,4700.0,4721.0,4684.0,4685.0,0,0,795600.0,3737650500.0,1.0,4700.0,4721.0,4684.0,4685.0,795600.0
2025-03-19,52010,4675.0,4725.0,4671.0,4693.0,0,0,805000.0,3781947500.0,1.0,4675.0,4725.0,4671.0,4693.0,805000.0
2025-03-21,52010,4680.0,4705.0,4650.0,4672.0,0,0,991700.0,4635267500.0,1.0,4680.0,4705.0,4650.0,4672.0,991700.0
2025-03-24,52010,4680.0,4694.0,4605.0,4622.0,0,0,754600.0,3493279200.0,1.0,4680.0,4694.0,4605.0,4622.0,754600.0
2025-03-25,52010,4645.0,4683.0,4612.0,4650.0,0,0,791100.0,3676167900.0,1.0,4645.0,4683.0,4612.0,4650.0,791100.0
2025-03-26,52010,4670.0,4715.0,4663.0,4705.0,0,0,1019800.0,4792189500.0,1.0,4670.0,4715.0,4663.0,4705.0,1019800.0
2025-03-27,52010,4705.0,4726.0,4671.0,4726.0,0,0,815900.0,3839003600.0,1.0,4705.0,4726.0,4671.0,4726.0,815900.0
2025-03-28,52010,4682.0,4702.0,4637.0,4673.0,0,0,737900.0,3443187400.0,1.0,4682.0,4702.0,4637.0,4673.0,737900.0
2025-03-31,52010,4615.0,4616.0,4529.0,4545.0,0,0,1145200.0,5212723900.0,1.0,4615.0,4616.0,4529.0,4545.0,1145200.0
2025-04-01,52010,4592.0,4619.0,4556.0,4564.0,0,0,655500.0,2999222100.0,1.0,4592.0,4619.0,4556.0,4564.0,655500.0
2025-04-02,52010,4613.0,4613.0,4521.0,4529.0,0,0,748100.0,3396964700.0,1.0,4613.0,4613.0,4521.0,4529.0,748100.0
2025-04-03,52010,4389.0,4440.0,4354.0,4428.0,0,0,1308300.0,5761616200.0,1.0,4389.0,4440.0,4354.0,4428.0,1308300.0
2025-04-04,52010,4369.0,4394.0,4221.0,4300.0,0,0,1416200.0,6092264800.0,1.0,4369.0,4394.0,4221.0,4300.0,1416200.0
2025-04-07,52010,3982.0,4045.0,3870.0,3939.0,0,0,2026100.0,8047092600.0,1.0,3982.0,4045.0,3870.0,3939.0,2026100.0
2025-04-08,52010,4050.0,4144.0,4025.0,4077.0,0,0,1304400.0,5317147400.0,1.0,4050.0,4144.0,4025.0,4077.0,1304400.0
2025-04-09,52010,4010.0,4019.0,3875.0,3913.0,0,0,1593600.0,6269114700.0,1.0,4010.0,4019.0,3875.0,3913.0,1593600.0
2025-04-10,52010,4220.0,4220.0,4133.0,4210.0,0,0,1221200.0,5110597300.0,1.0,4220.0,4220.0,4133.0,4210.0,1221200.0
2025-04-11,52010,4070.0,4206.0,4035.0,4183.0,0,0,1216500.0,5029640300.0,1.0,4070.0,4206.0,4035.0,4183.0,1216500.0
2025-04-14,52010,4228.0,4268.0,4217.0,4234.0,0,0,694500.0,2946091000.0,1.0,4228.0,4268.0,4217.0,4234.0,694500.0
2025-04-15,52010,4270.0,4293.0,4247.0,4258.0,0,0,644500.0,2751235400.0,1.0,4270.0,4293.0,4247.0,4258.0,644500.0
2025-04-16,52010,4250.0,4261.0,4199.0,4231.0,0,0,503500.0,2127545500.0,1.0,4250.0,4261.0,4199.0,4231.0,503500.0
2025-04-17,52010,4201.0,4252.0,4196.0,4252.0,0,0,437600.0,1851344500.0,1.0,4201.0,4252.0,4196.0,4252.0,437600.0
2025-04-18,52010,4261.0,4300.0,4258.0,4294.0,0,0,373900.0,1601221300.0,1.0,4261.0,4300.0,4258.0,4294.0,373900.0
2025-04-21,52010,4290.0,4291.0,4205.0,4229.0,0,0,489800.0,2074805900.0,1.0,4290.0,4291.0,4205.0,4229.0,489800.0
2025-04-22,52010,4209.0,4253.0,4203.0,4249.0,0,0,476700.0,2021262900.0,1.0,4209.0,4253.0,4203.0,4249.0,476700.0
2025-04-23,52010,4356.0,4363.0,4320.0,4340.0,0,0,681700.0,2960582400.0,1.0,4356.0,4363.0,4320.0,4340.0,681700.0
2025-04-24,52010,4380.0,4408.0,4341.0,4343.0,0,0,553200.0,2416193500.0,1.0,4380.0,4408.0,4341.0,4343.0,553200.0
2025-04-25,52010,4383.0,4428.0,4380.0,4409.0,0,0,543700.0,2395065700.0,1.0,4383.0,4428.0,4380.0,4409.0,543700.0
2025-04-28,52010,4458.0,4475.0,4418.0,4445.0,0,0,660600.0,2936438100.0,1.0,4458.0,4475.0,4418.0,4445.0,660600.0
2025-04-30,52010,4446.0,4478.0,4420.0,4453.0,0,0,863000.0,3838234700.0,1.0,4446.0,4478.0,4420.0,4453.0,863000.0
2025-05-01,52010,4451.0,4488.0,4426.0,4447.0,0,0,740400.0,3299646500.0,1.0,4451.0,4488.0,4426.0,4447.0,740400.0
2025-05-02,52010,4430.0,4478.0,4425.0,4465.0,0,0,919800.0,4098923100.0,1.0,4430.0,4478.0,4425.0,4465.0,919800.0
2025-05-07,52010,4450.0,4463.0,4402.0,4413.0,0,0,1000500.0,4425816800.0,1.0,4450.0,4463.0,4402.0,4413.0,1000500.0
2025-05-08,52010,4400.0,4419.0,4384.0,4400.0,0,0,724300.0,3188444800.0,1.0,4400.0,4419.0,4384.0,4400.0,724300.0
2025-05-09,52010,4460.0,4464.0,4417.0,4439.0,0,0,881800.0,3918848500.0,1.0,4460.0,4464.0,4417.0,4439.0,881800.0
2025-05-12,52010,4499.0,4513.0,4308.0,4351.0,0,0,2017500.0,8851916200.0,1.0,4499.0,4513.0,4308.0,4351.0,2017500.0
2025-05-13,52010,4350.0,4381.0,4307.0,4370.0,0,0,1691000.0,7358974100.0,1.0,4350.0,4381.0,4307.0,4370.0,1691000.0
2025-05-14,52010,4397.0,4412.0,4320.0,4365.0,0,0,1013200.0,4416329400.0,1.0,4397.0,4412.0,4320.0,4365.0,1013200.0
2025-05-15,52010,4350.0,4350.0,4305.0,4350.0,0,0,1189700.0,5154737200.0,1.0,4350.0,4350.0,4305.0,4350.0,1189700.0
2025-05-16,52010,4359.0,4365.0,4313.0,4350.0,0,0,1011800.0,4394382500.0,1.0,4359.0,4365.0,4313.0,4350.0,1011800.0
2025-05-19,52010,4350.0,4350.0,4289.0,4289.0,0,0,951600.0,4100002600.0,1.0,4350.0,4350.0,4289.0,4289.0,951600.0
2025-05-20,52010,4300.0,4328.0,4237.0,4247.0,0,0,1157200.0,4946699400.0,1.0,4300.0,4328.0,4237.0,4247.0,1157200.0
2025-05-21,52010,4241.0,4274.0,4237.0,4237.0,0,0,752900.0,3198194000.0,1.0,4241.0,4274.0,4237.0,4237.0,752900.0
2025-05-22,52010,4216.0,4230.0,4194.0,4203.0,0,0,984900.0,4144159900.0,1.0,4216.0,4230.0,4194.0,4203.0,984900.0
2025-05-23,52010,4205.0,4224.0,4195.0,4198.0,0,0,855100.0,3594657300.0,1.0,4205.0,4224.0,4195.0,4198.0,855100.0
2025-05-26,52010,4200.0,4216.0,4178.0,4205.0,0,0,839800.0,3527271300.0,1.0,4200.0,4216.0,4178.0,4205.0,839800.0
2025-05-27,52010,4224.0,4267.0,4218.0,4254.0,0,0,757900.0,3217368500.0,1.0,4224.0,4267.0,4218.0,4254.0,757900.0
2025-05-28,52010,4298.0,4307.0,4257.0,4257.0,0,0,909700.0,3887980700.0,1.0,4298.0,4307.0,4257.0,4257.0,909700.0
2025-05-29,52010,4248.0,4294.0,4240.0,4288.0,0,0,943300.0,4038099100.0,1.0,4248.0,4294.0,4240.0,4288.0,943300.0
2025-05-30,52010,4267.0,4303.0,4260.0,4282.0,0,0,1236500.0,5298058900.0,1.0,4267.0,4303.0,4260.0,4282.0,1236500.0
2025-06-02,52010,4301.0,4320.0,4245.0,4250.0,0,0,1259200.0,5365634700.0,1.0,4301.0,4320.0,4245.0,4250.0,1259200.0
2025-06-03,52010,4285.0,4320.0,4250.0,4274.0,0,0,1195200.0,5119140000.0,1.0,4285.0,4320.0,4250.0,4274.0,1195200.0
2025-06-04,52010,4295.0,4312.0,4272.0,4281.0,0,0,807000.0,3460692800.0,1.0,4295.0,4312.0,4272.0,4281.0,807000.0
2025-06-05,52010,4250.0,4292.0,4247.0,4281.0,0,0,870500.0,3721318900.0,1.0,4250.0,4292.0,4247.0,4281.0,870500.0
2025-06-06,52010,4290.0,4305.0,4273.0,4290.0,0,0,728100.0,3123548100.0,1.0,4290.0,4305.0,4273.0,4290.0,728100.0
2025-06-09,52010,4328.0,4347.0,4276.0,4283.0,0,0,1088000.0,4673408500.0,1.0,4328.0,4347.0,4276.0,4283.0,1088000.0
2025-06-10,52010,4309.0,4330.0,4286.0,4286.0,0,0,819000.0,3525128500.0,1.0,4309.0,4330.0,4286.0,4286.0,819000.0
2025-06-11,52010,4302.0,4340.0,4301.0,4321.0,0,0,788400.0,3408130900.0,1.0,4302.0,4340.0,4301.0,4321.0,788400.0
2025-06-12,52010,4300.0,4313.0,4278.0,4288.0,0,0,976900.0,4192047000.0,1.0,4300.0,4313.0,4278.0,4288.0,976900.0
2025-06-13,52010,4275.0,4281.0,4238.0,4248.0,0,0,1260400.0,5363986900.0,1.0,4275.0,4281.0,4238.0,4248.0,1260400.0
2025-06-16,52010,4256.0,4273.0,4222.0,4222.0,0,0,1086900.0,4605631500.0,1.0,4256.0,4273.0,4222.0,4222.0,1086900.0
2025-06-17,52010,4230.0,4273.0,4223.0,4273.0,0,0,797600.0,3392137300.0,1.0,4230.0,4273.0,4223.0,4273.0,797600.0
2025-06-18,52010,4253.0,4337.0,4252.0,4324.0,0,0,1103200.0,4752591700.0,1.0,4253.0,4337.0,4252.0,4324.0,1103200.0
2025-06-19,52010,4331.0,4335.0,4273.0,4285.0,0,0,768600.0,3299225700.0,1.0,4331.0,4335.0,4273.0,4285.0,768600.0
2025-06-20,52010,4285.0,4305.0,4266.0,4266.0,0,0,1558400.0,6665023900.0,1.0,4285.0,4305.0,4266.0,4266.0,1558400.0
2025-06-23,52010,4266.0,4275.0,4226.0,4248.0,0,0,871000.0,3695586100.0,1.0,4266.0,4275.0,4226.0,4248.0,871000.0
2025-06-24,52010,4283.0,4295.0,4246.0,4246.0,0,0,889500.0,3789695800.0,1.0,4283.0,4295.0,4246.0,4246.0,889500.0
2025-06-25,52010,4268.0,4269.0,4236.0,4246.0,0,0,947800.0,4025937200.0,1.0,4268.0,4269.0,4236.0,4246.0,947800.0
2025-06-26,52010,4232.0,4280.0,4232.0,4263.0,0,0,1577900.0,6716473400.0,1.0,4232.0,4280.0,4232.0,4263.0,1577900.0
2025-06-27,52010,4200.0,4235.0,4196.0,4214.0,0,0,1651400.0,6957088200.0,1.0,4200.0,4235.0,4196.0,4214.0,1651400.0
2025-06-30,52010,4240.0,4258.0,4215.0,4227.0,0,0,1345000.0,5691066100.0,1.0,4240.0,4258.0,4215.0,4227.0,1345000.0
2025-07-01,52010,4226.0,4245.0,4180.0,4193.0,0,0,1472600.0,6186010500.0,1.0,4226.0,4245.0,4180.0,4193.0,1472600.0
2025-07-02,52010,4190.0,4255.0,4186.0,4254.0,0,0,1201800.0,5093362500.0,1.0,4190.0,4255.0,4186.0,4254.0,1201800.0
2025-07-03,52010,4230.0,4291.0,4201.0,4280.0,0,0,1485600.0,6342396000.0,1.0,4230.0,4291.0,4201.0,4280.0,1485600.0
2025-07-04,52010,4295.0,4295.0,4217.0,4217.0,0,0,946700.0,4017678100.0,1.0,4295.0,4295.0,4217.0,4217.0,946700.0
2025-07-07,52010,4212.0,4223.0,4195.0,4195.0,0,0,945100.0,3973911900.0,1.0,4212.0,4223.0,4195.0,4195.0,945100.0
2025-07-08,52010,4200.0,4285.0,4196.0,4276.0,0,0,1331000.0,5674898900.0,1.0,4200.0,4285.0,4196.0,4276.0,1331000.0
2025-07-09,52010,4295.0,4382.0,4294.0,4349.0,0,0,2122200.0,9223275900.0,1.0,4295.0,4382.0,4294.0,4349.0,2122200.0
2025-07-10,52010,4349.0,4369.0,4337.0,4360.0,0,0,957900.0,4169476100.0,1.0,4349.0,4369.0,4337.0,4360.0,957900.0
2025-07-11,52010,4380.0,4397.0,4347.0,4394.0,0,0,1097000.0,4806017200.0,1.0,4380.0,4397.0,4347.0,4394.0,1097000.0
2025-07-14,52010,4372.0,4406.0,4370.0,4378.0,0,0,684800.0,3004461900.0,1.0,4372.0,4406.0,4370.0,4378.0,684800.0
2025-07-15,52010,4380.0,4388.0,4312.0,4319.0,0,0,668300.0,2901420400.0,1.0,4380.0,4388.0,4312.0,4319.0,668300.0
2025-07-16,52010,4319.0,4321.0,4254.0,4266.0,0,0,729400.0,3117491300.0,1.0,4319.0,4321.0,4254.0,4266.0,729400.0
2025-07-17,52010,4253.0,4274.0,4240.0,4274.0,0,0,835000.0,3556475300.0,1.0,4253.0,4274.0,4240.0,4274.0,835000.0
2025-07-18,52010,4278.0,4282.0,4255.0,4266.0,0,0,542700.0,2316205700.0,1.0,4278.0,4282.0,4255.0,4266.0,542700.0
2025-07-22,52010,4284.0,4302.0,4212.0,4241.0,0,0,989000.0,4200777300.0,1.0,4284.0,4302.0,4212.0,4241.0,989000.0
2025-07-23,52010,4303.0,4419.0,4293.0,4404.0,0,0,1987300.0,8724314400.0,1.0,4303.0,4419.0,4293.0,4404.0,1987300.0
2025-07-24,52010,4425.0,4480.0,4415.0,4461.0,0,0,1387800.0,6187290700.0,1.0,4425.0,4480.0,4415.0,4461.0,1387800.0
2025-07-25,52010,4460.0,4473.0,4422.0,4460.0,0,0,964300.0,4293345200.0,1.0,4460.0,4473.0,4422.0,4460.0,964300.0
2025-07-28,52010,4456.0,4510.0,4452.0,4492.0,0,0,1209700.0,5431052100.0,1.0,4456.0,4510.0,4452.0,4492.0,1209700.0
2025-07-29,52010,4495.0,4506.0,4461.0,4485.0,0,0,835900.0,3745115600.0,1.0,4495.0,4506.0,4461.0,4485.0,835900.0
2025-07-30,52010,4485.0,4520.0,4474.0,4520.0,0,0,744600.0,3356299900.0,1.0,4485.0,4520.0,4474.0,4520.0,744600.0
2025-07-31,52010,4525.0,4563.0,4523.0,4546.0,0,0,1310900.0,5960097000.0,1.0,4525.0,4563.0,4523.0,4546.0,1310900.0
2025-08-01,52010,4560.0,4592.0,4333.0,4508.0,0,0,4791200.0,21483830400.0,1.0,4560.0,4592.0,4333.0,4508.0,4791200.0
2025-08-04,52010,4489.0,4544.0,4428.0,4498.0,0,0,1451300.0,6503770100.0,1.0,4489.0,4544.0,4428.0,4498.0,1451300.0
2025-08-05,52010,4507.0,4612.0,4475.0,4578.0,0,0,1484800.0,6783007600.0,1.0,4507.0,4612.0,4475.0,4578.0,1484800.0
2025-08-06,52010,4585.0,4605.0,4560.0,4565.0,0,0,962300.0,4404822700.0,1.0,4585.0,4605.0,4560.0,4565.0,962300.0
2025-08-07,52010,4564.0,4598.0,4536.0,4577.0,0,0,912000.0,4174597200.0,1.0,4564.0,4598.0,4536.0,4577.0,912000.0
2025-08-08,52010,4580.0,4636.0,4573.0,4636.0,0,0,1331300.0,6143346000.0,1.0,4580.0,4636.0,4573.0,4636.0,1331300.0
2025-08-12,52010,4632.0,4669.0,4621.0,4651.0,0,0,1193800.0,5546477100.0,1.0,4632.0,4669.0,4621.0,4651.0,1193800.0
2025-08-13,52010,4652.0,4689.0,4635.0,4656.0,0,0,1152200.0,5369718200.0,1.0,4652.0,4689.0,4635.0,4656.0,1152200.0
2025-08-14,52010,4632.0,4650.0,4564.0,4571.0,0,0,754100.0,3462788900.0,1.0,4632.0,4650.0,4564.0,4571.0,754100.0
2025-08-15,52010,4520.0,4581.0,4461.0,4581.0,0,0,1776800.0,8086176400.0,1.0,4520.0,4581.0,4461.0,4581.0,1776800.0
2025-08-18,52010,4600.0,4663.0,4591.0,4663.0,0,0,1120900.0,5201060000.0,1.0,4600.0,4663.0,4591.0,4663.0,1120900.0
2025-08-19,52010,4660.0,4660.0,4608.0,4627.0,0,0,750200.0,3473165200.0,1.0,4660.0,4660.0,4608.0,4627.0,750200.0
2025-08-20,52010,4653.0,4672.0,4628.0,4657.0,0,0,871100.0,4053963400.0,1.0,4653.0,4672.0,4628.0,4657.0,871100.0
2025-08-21,52010,4668.0,4685.0,4638.0,4672.0,0,0,673300.0,3140660500.0,1.0,4668.0,4685.0,4638.0,4672.0,673300.0
2025-08-22,52010,4671.0,4683.0,4620.0,4667.0,0,0,789900.0,3682360300.0,1.0,4671.0,4683.0,4620.0,4667.0,789900.0
2025-08-25,52010,4670.0,4705.0,4658.0,4670.0,0,0,838900.0,3927185400.0,1.0,4670.0,4705.0,4658.0,4670.0,838900.0
2025-08-26,52010,4660.0,4670.0,4595.0,4618.0,0,0,1090100.0,5033396600.0,1.0,4660.0,4670.0,4595.0,4618.0,1090100.0
2025-08-27,52010,4619.0,4629.0,4592.0,4618.0,0,0,708200.0,3267368800.0,1.0,4619.0,4629.0,4592.0,4618.0,708200.0
2025-08-28,52010,4620.0,4645.0,4602.0,4631.0,0,0,1847000.0,8550123100.0,1.0,4620.0,4645.0,4602.0,4631.0,1847000.0
2025-08-29,52010,4645.0,4692.0,4633.0,4633.0,0,0,937500.0,4369884700.0,1.0,4645.0,4692.0,4633.0,4633.0,937500.0
2025-09-01,52010,4631.0,4683.0,4618.0,4665.0,0,0,752800.0,3505405800.0,1.0,4631.0,4683.0,4618.0,4665.0,752800.0
2025-09-02,52010,4685.0,4749.0,4682.0,4718.0,0,0,1188300.0,5615011000.0,1.0,4685.0,4749.0,4682.0,4718.0,1188300.0
2025-09-03,52010,4690.0,4717.0,4634.0,4647.0,0,0,841800.0,3927220300.0,1.0,4690.0,4717.0,4634.0,4647.0,841800.0
2025-09-04,52010,4630.0,4717.0,4614.0,4700.0,0,0,843100.0,3953978300.0,1.0,4630.0,4717.0,4614.0,4700.0,843100.0
2025-09-05,52010,4701.0,4759.0,4695.0,4759.0,0,0,740700.0,3509042400.0,1.0,4701.0,4759.0,4695.0,4759.0,740700.0
2025-09-08,52010,4770.0,4800.0,4750.0,4800.0,0,0,805400.0,3853349000.0,1.0,4770.0,4800.0,4750.0,4800.0,805400.0
2025-09-09,52010,4810.0,4865.0,4785.0,4848.0,0,0,1195900.0,5786925300.0,1.0,4810.0,4865.0,4785.0,4848.0,1195900.0
2025-09-10,52010,4813.0,4839.0,4784.0,4798.0,0,0,657200.0,3161542900.0,1.0,4813.0,4839.0,4784.0,4798.0,657200.0
2025-09-11,52010,4783.0,4787.0,4694.0,4726.0,0,0,1178300.0,5575870400.0,1.0,4783.0,4787.0,4694.0,4726.0,1178300.0
2025-09-12,52010,4752.0,4765.0,4721.0,4731.0,0,0,725400.0,3440331800.0,1.0,4752.0,4765.0,4721.0,4731.0,725400.0
2025-09-16,52010,4731.0,4764.0,4720.0,4752.0,0,0,600000.0,2847902700.0,1.0,4731.0,4764.0,4720.0,4752.0,600000.0
2025-09-17,52010,4748.0,4750.0,4708.0,4744.0,0,0,611800.0,2897363700.0,1.0,4748.0,4750.0,4708.0,4744.0,611800.0
2025-09-18,52010,4745.0,4774.0,4712.0,4774.0,0,0,577300.0,2746214800.0,1.0,4745.0,4774.0,4712.0,4774.0,577300.0
2025-09-19,52010,4800.0,4889.0,4772.0,4787.0,0,0,1889400.0,9097803700.0,1.0,4800.0,4889.0,4772.0,4787.0,1889400.0
2025-09-22,52010,4790.0,4822.0,4773.0,4793.0,0,0,569600.0,2730620300.0,1.0,4790.0,4822.0,4773.0,4793.0,569600.0
2025-09-24,52010,4800.0,4805.0,4735.0,4745.0,0,0,614800.0,2921766100.0,1.0,4800.0,4805.0,4735.0,4745.0,614800.0
2025-09-25,52010,4803.0,4883.0,4775.0,4863.0,0,0,1240500.0,6015119300.0,1.0,4803.0,4883.0,4775.0,4863.0,1240500.0
2025-09-26,52010,4880.0,4880.0,4823.0,4846.0,0,0,845900.0,4101796800.0,1.0,4880.0,4880.0,4823.0,4846.0,845900.0
2025-09-29,52010,4850.0,4856.0,4804.0,4837.0,0,0,716800.0,3465387100.0,1.0,4850.0,4856.0,4804.0,4837.0,716800.0
2025-09-30,52010,4868.0,4884.0,4806.0,4825.0,0,0,1108500.0,5362206700.0,1.0,4868.0,4884.0,4806.0,4825.0,1108500.0
2025-10-01,52010,4792.0,4802.0,4757.0,4774.0,0,0,851700.0,4070288400.0,1.0,4792.0,4802.0,4757.0,4774.0,851700.0
2025-10-02,52010,4747.0,4800.0,4741.0,4775.0,0,0,659800.0,3147066400.0,1.0,4747.0,4800.0,4741.0,4775.0,659800.0
2025-10-03,52010,4775.0,4843.0,4774.0,4837.0,0,0,680300.0,3281604300.0,1.0,4775.0,4843.0,4774.0,4837.0,680300.0
2025-10-06,52010,4983.0,5004.0,4893.0,4906.0,0,0,1232800.0,6078558400.0,1.0,4983.0,5004.0,4893.0,4906.0,1232800.0
2025-10-07,52010,4935.0,4963.0,4913.0,4936.0,0,0,1102000.0,5445422800.0,1.0,4935.0,4963.0,4913.0,4936.0,1102000.0
2025-10-08,52010,4936.0,4945.0,4870.0,4880.0,0,0,846600.0,4145861400.0,1.0,4936.0,4945.0,4870.0,4880.0,846600.0
2025-10-09,52010,4900.0,4947.0,4897.0,4939.0,0,0,750700.0,3700517300.0,1.0,4900.0,4947.0,4897.0,4939.0,750700.0
2025-10-10,52010,4913.0,4932.0,4829.0,4829.0,0,0,978500.0,4754846600.0,1.0,4913.0,4932.0,4829.0,4829.0,978500.0
2025-10-14,52010,4759.0,4820.0,4710.0,4741.0,0,0,1090000.0,5181862900.0,1.0,4759.0,4820.0,4710.0,4741.0,1090000.0
2025-10-15,52010,4760.0,4805.0,4753.0,4781.0,0,0,880900.0,4211213300.0,1.0,4760.0,4805.0,4753.0,4781.0,880900.0
2025-10-16,52010,4824.0,4844.0,4770.0,4805.0,0,0,782900.0,3756659400.0,1.0,4824.0,4844.0,4770.0,4805.0,782900.0
2025-10-17,52010,4790.0,4798.0,4772.0,4792.0,0,0,574700.0,2750150400.0,1.0,4790.0,4798.0,4772.0,4792.0,574700.0
2025-10-20,52010,4845.0,4863.0,4815.0,4829.0,0,0,575800.0,2785959600.0,1.0,4845.0,4863.0,4815.0,4829.0,575800.0
2025-10-21,52010,4840.0,4859.0,4815.0,4826.0,0,0,645100.0,3119102400.0,1.0,4840.0,4859.0,4815.0,4826.0,645100.0
2025-10-22,52010,4835.0,4890.0,4833.0,4857.0,0,0,1030400.0,5006870700.0,1.0,4835.0,4890.0,4833.0,4857.0,1030400.0
2025-10-23,52010,4890.0,4890.0,4830.0,4847.0,0,0,630200.0,3054894700.0,1.0,4890.0,4890.0,4830.0,4847.0,630200.0
2025-10-24,52010,4888.0,4915.0,4859.0,4915.0,0,0,775900.0,3800111400.0,1.0,4888.0,4915.0,4859.0,4915.0,775900.0
2025-10-27,52010,4965.0,4980.0,4936.0,4980.0,0,0,947600.0,4706040300.0,1.0,4965.0,4980.0,4936.0,4980.0,947600.0
2025-10-28,52010,4950.0,4958.0,4871.0,4873.0,0,0,841000.0,4123921500.0,1.0,4950.0,4958.0,4871.0,4873.0,841000.0
2025-10-29,52010,4895.0,4895.0,4788.0,4788.0,0,0,876000.0,4229604900.0,1.0,4895.0,4895.0,4788.0,4788.0,876000.0
