Date,Code,Open,High,Low,Close,UpperLimit,LowerLimit,Volume,TurnoverValue,AdjustmentFactor,AdjustmentOpen,AdjustmentHigh,AdjustmentLow,AdjustmentClose,AdjustmentVolume
2020-10-29,52020,354.0,371.0,352.0,367.0,0,0,1203100.0,436229200.0,1.0,354.0,371.0,352.0,367.0,1203100.0
2020-10-30,52020,368.0,378.0,358.0,361.0,0,0,1567800.0,574603100.0,1.0,368.0,378.0,358.0,361.0,1567800.0
2020-11-02,52020,364.0,371.0,363.0,367.0,0,0,785700.0,288904000.0,1.0,364.0,371.0,363.0,367.0,785700.0
2020-11-04,52020,379.0,384.0,374.0,378.0,0,0,1249100.0,473852300.0,1.0,379.0,384.0,374.0,378.0,1249100.0
2020-11-05,52020,375.0,381.0,366.0,379.0,0,0,1062200.0,399018600.0,1.0,375.0,381.0,366.0,379.0,1062200.0
2020-11-06,52020,387.0,424.0,387.0,419.0,0,0,5165800.0,2148198100.0,1.0,387.0,424.0,387.0,419.0,5165800.0
2020-11-09,52020,415.0,427.0,385.0,392.0,0,0,3189900.0,1275763400.0,1.0,415.0,427.0,385.0,392.0,3189900.0
2020-11-10,52020,412.0,424.0,404.0,423.0,0,0,3364500.0,1399102900.0,1.0,412.0,424.0,404.0,423.0,3364500.0
2020-11-11,52020,428.0,437.0,415.0,423.0,0,0,1848400.0,783654800.0,1.0,428.0,437.0,415.0,423.0,1848400.0
2020-11-12,52020,416.0,418.0,407.0,414.0,0,0,1550200.0,639004300.0,1.0,416.0,418.0,407.0,414.0,1550200.0
2020-11-13,52020,408.0,413.0,397.0,405.0,0,0,1780300.0,720222200.0,1.0,408.0,413.0,397.0,405.0,1780300.0
2020-11-16,52020,416.0,423.0,407.0,421.0,0,0,1201600.0,500928600.0,1.0,416.0,423.0,407.0,421.0,1201600.0
2020-11-17,52020,428.0,429.0,416.0,419.0,0,0,1171100.0,492870200.0,1.0,428.0,429.0,416.0,419.0,1171100.0
2020-11-18,52020,415.0,421.0,411.0,416.0,0,0,785200.0,326641400.0,1.0,415.0,421.0,411.0,416.0,785200.0
2020-11-19,52020,411.0,412.0,400.0,403.0,0,0,1366100.0,553303700.0,1.0,411.0,412.0,400.0,403.0,1366100.0
2020-11-20,52020,399.0,409.0,397.0,407.0,0,0,573500.0,231769100.0,1.0,399.0,409.0,397.0,407.0,573500.0
2020-11-24,52020,418.0,422.0,410.0,415.0,0,0,1096100.0,457585800.0,1.0,418.0,422.0,410.0,415.0,1096100.0
2020-11-25,52020,426.0,442.0,426.0,438.0,0,0,2175300.0,948922700.0,1.0,426.0,442.0,426.0,438.0,2175300.0
2020-11-26,52020,430.0,433.0,415.0,422.0,0,0,1672100.0,707216200.0,1.0,430.0,433.0,415.0,422.0,1672100.0
2020-11-27,52020,420.0,431.0,418.0,427.0,0,0,1273400.0,541535200.0,1.0,420.0,431.0,418.0,427.0,1273400.0
2020-11-30,52020,430.0,430.0,401.0,401.0,0,0,1778600.0,727926800.0,1.0,430.0,430.0,401.0,401.0,1778600.0
2020-12-01,52020,405.0,416.0,403.0,413.0,0,0,757600.0,311595100.0,1.0,405.0,416.0,403.0,413.0,757600.0
2020-12-02,52020,413.0,426.0,411.0,422.0,0,0,1064500.0,447381000.0,1.0,413.0,426.0,411.0,422.0,1064500.0
2020-12-03,52020,418.0,429.0,417.0,425.0,0,0,977500.0,414922400.0,1.0,418.0,429.0,417.0,425.0,977500.0
2020-12-04,52020,427.0,433.0,425.0,429.0,0,0,930900.0,398737800.0,1.0,427.0,433.0,425.0,429.0,930900.0
2020-12-07,52020,430.0,435.0,426.0,434.0,0,0,952900.0,411578200.0,1.0,430.0,435.0,426.0,434.0,952900.0
2020-12-08,52020,430.0,434.0,422.0,433.0,0,0,686600.0,295017300.0,1.0,430.0,434.0,422.0,433.0,686600.0
2020-12-09,52020,433.0,439.0,431.0,432.0,0,0,726700.0,315204300.0,1.0,433.0,439.0,431.0,432.0,726700.0
2020-12-10,52020,439.0,452.0,436.0,440.0,0,0,1575000.0,697676100.0,1.0,439.0,452.0,436.0,440.0,1575000.0
2020-12-11,52020,439.0,441.0,431.0,435.0,0,0,759900.0,331582900.0,1.0,439.0,441.0,431.0,435.0,759900.0
2020-12-14,52020,436.0,452.0,436.0,447.0,0,0,1236600.0,552616500.0,1.0,436.0,452.0,436.0,447.0,1236600.0
2020-12-15,52020,442.0,461.0,441.0,460.0,0,0,1570600.0,713974600.0,1.0,442.0,461.0,441.0,460.0,1570600.0
2020-12-16,52020,463.0,497.0,463.0,475.0,0,0,3351300.0,1621679200.0,1.0,463.0,497.0,463.0,475.0,3351300.0
2020-12-17,52020,475.0,477.0,457.0,459.0,0,0,1613000.0,747436300.0,1.0,475.0,477.0,457.0,459.0,1613000.0
2020-12-18,52020,460.0,483.0,460.0,481.0,0,0,1742600.0,828603400.0,1.0,460.0,483.0,460.0,481.0,1742600.0
2020-12-21,52020,483.0,487.0,463.0,469.0,0,0,1676800.0,791205900.0,1.0,483.0,487.0,463.0,469.0,1676800.0
2020-12-22,52020,468.0,478.0,461.0,464.0,0,0,1209300.0,567483500.0,1.0,468.0,478.0,461.0,464.0,1209300.0
2020-12-23,52020,468.0,471.0,446.0,456.0,0,0,1287000.0,585397300.0,1.0,468.0,471.0,446.0,456.0,1287000.0
2020-12-24,52020,468.0,482.0,463.0,465.0,0,0,1567800.0,738268200.0,1.0,468.0,482.0,463.0,465.0,1567800.0
2020-12-25,52020,466.0,475.0,466.0,471.0,0,0,780500.0,366606100.0,1.0,466.0,475.0,466.0,471.0,780500.0
2020-12-28,52020,471.0,473.0,457.0,459.0,0,0,1050600.0,486409700.0,1.0,471.0,473.0,457.0,459.0,1050600.0
2020-12-29,52020,466.0,477.0,465.0,477.0,0,0,1149900.0,543987500.0,1.0,466.0,477.0,465.0,477.0,1149900.0
2020-12-30,52020,473.0,482.0,465.0,475.0,0,0,1168300.0,556250200.0,1.0,473.0,482.0,465.0,475.0,1168300.0
2021-01-04,52020,480.0,480.0,455.0,465.0,0,0,1200500.0,555539900.0,1.0,480.0,480.0,455.0,465.0,1200500.0
2021-01-05,52020,459.0,471.0,455.0,468.0,0,0,998100.0,465156200.0,1.0,459.0,471.0,455.0,468.0,998100.0
2021-01-06,52020,468.0,475.0,466.0,472.0,0,0,810900.0,381535700.0,1.0,468.0,475.0,466.0,472.0,810900.0
2021-01-07,52020,479.0,495.0,479.0,488.0,0,0,1799300.0,879818500.0,1.0,479.0,495.0,479.0,488.0,1799300.0
2021-01-08,52020,494.0,498.0,488.0,493.0,0,0,1029400.0,508040300.0,1.0,494.0,498.0,488.0,493.0,1029400.0
2021-01-12,52020,495.0,502.0,488.0,491.0,0,0,1299300.0,641497400.0,1.0,495.0,502.0,488.0,491.0,1299300.0
2021-01-13,52020,489.0,508.0,487.0,504.0,0,0,1290200.0,645854300.0,1.0,489.0,508.0,487.0,504.0,1290200.0
2021-01-14,52020,506.0,508.0,490.0,496.0,0,0,1290500.0,641351300.0,1.0,506.0,508.0,490.0,496.0,1290500.0
2021-01-15,52020,496.0,512.0,496.0,503.0,0,0,1608200.0,812055600.0,1.0,496.0,512.0,496.0,503.0,1608200.0
2021-01-18,52020,497.0,505.0,481.0,484.0,0,0,1196600.0,585032000.0,1.0,497.0,505.0,481.0,484.0,1196600.0
2021-01-19,52020,487.0,494.0,477.0,479.0,0,0,1009800.0,489068600.0,1.0,487.0,494.0,477.0,479.0,1009800.0
2021-01-20,52020,484.0,493.0,479.0,491.0,0,0,1041900.0,509214200.0,1.0,484.0,493.0,479.0,491.0,1041900.0
2021-01-21,52020,494.0,498.0,481.0,483.0,0,0,1056100.0,513479000.0,1.0,494.0,498.0,481.0,483.0,1056100.0
2021-01-22,52020,481.0,485.0,475.0,476.0,0,0,805700.0,385550800.0,1.0,481.0,485.0,475.0,476.0,805700.0
2021-01-25,52020,475.0,482.0,466.0,474.0,0,0,807800.0,383386700.0,1.0,475.0,482.0,466.0,474.0,807800.0
2021-01-26,52020,482.0,484.0,468.0,473.0,0,0,866400.0,409292100.0,1.0,482.0,484.0,468.0,473.0,866400.0
2021-01-27,52020,474.0,485.0,473.0,478.0,0,0,877200.0,419932900.0,1.0,474.0,485.0,473.0,478.0,877200.0
2021-01-28,52020,466.0,492.0,465.0,486.0,0,0,2074400.0,1001837300.0,1.0,466.0,492.0,465.0,486.0,2074400.0
2021-01-29,52020,484.0,485.0,467.0,467.0,0,0,1648400.0,779870100.0,1.0,484.0,485.0,467.0,467.0,1648400.0
2021-02-01,52020,466.0,489.0,461.0,485.0,0,0,1471100.0,706954100.0,1.0,466.0,489.0,461.0,485.0,1471100.0
2021-02-02,52020,482.0,504.0,480.0,501.0,0,0,1925200.0,955279500.0,1.0,482.0,504.0,480.0,501.0,1925200.0
2021-02-03,52020,502.0,527.0,502.0,527.0,0,0,2745400.0,1426080600.0,1.0,502.0,527.0,502.0,527.0,2745400.0
2021-02-04,52020,527.0,550.0,526.0,545.0,0,0,2379800.0,1284772700.0,1.0,527.0,550.0,526.0,545.0,2379800.0
2021-02-05,52020,555.0,585.0,555.0,575.0,0,0,3369900.0,1923028300.0,1.0,555.0,585.0,555.0,575.0,3369900.0
2021-02-08,52020,577.0,613.0,575.0,605.0,0,0,2646800.0,1589493300.0,1.0,577.0,613.0,575.0,605.0,2646800.0
2021-02-09,52020,610.0,612.0,572.0,577.0,0,0,2228300.0,1306337500.0,1.0,610.0,612.0,572.0,577.0,2228300.0
2021-02-10,52020,567.0,570.0,547.0,557.0,0,0,1984300.0,1102986700.0,1.0,567.0,570.0,547.0,557.0,1984300.0
2021-02-12,52020,562.0,562.0,542.0,549.0,0,0,1032600.0,567888400.0,1.0,562.0,562.0,542.0,549.0,1032600.0
2021-02-15,52020,559.0,559.0,541.0,546.0,0,0,883000.0,484415000.0,1.0,559.0,559.0,541.0,546.0,883000.0
2021-02-16,52020,554.0,563.0,550.0,554.0,0,0,1166700.0,650866100.0,1.0,554.0,563.0,550.0,554.0,1166700.0
2021-02-17,52020,554.0,575.0,553.0,573.0,0,0,1172000.0,665410400.0,1.0,554.0,575.0,553.0,573.0,1172000.0
2021-02-18,52020,575.0,577.0,548.0,550.0,0,0,1250000.0,696986200.0,1.0,575.0,577.0,548.0,550.0,1250000.0
2021-02-19,52020,541.0,556.0,538.0,556.0,0,0,1177000.0,643842100.0,1.0,541.0,556.0,538.0,556.0,1177000.0
2021-02-22,52020,561.0,571.0,552.0,552.0,0,0,916500.0,512767600.0,1.0,561.0,571.0,552.0,552.0,916500.0
2021-02-24,52020,554.0,559.0,539.0,542.0,0,0,967300.0,529564800.0,1.0,554.0,559.0,539.0,542.0,967300.0
2021-02-25,52020,556.0,563.0,544.0,559.0,0,0,1026400.0,569275200.0,1.0,556.0,563.0,544.0,559.0,1026400.0
2021-02-26,52020,551.0,552.0,537.0,539.0,0,0,1332700.0,722992000.0,1.0,551.0,552.0,537.0,539.0,1332700.0
2021-03-01,52020,543.0,569.0,540.0,569.0,0,0,1438600.0,805859500.0,1.0,543.0,569.0,540.0,569.0,1438600.0
2021-03-02,52020,570.0,576.0,547.0,554.0,0,0,1079700.0,601320900.0,1.0,570.0,576.0,547.0,554.0,1079700.0
2021-03-03,52020,560.0,590.0,560.0,586.0,0,0,1783500.0,1033419600.0,1.0,560.0,590.0,560.0,586.0,1783500.0
2021-03-04,52020,584.0,592.0,565.0,574.0,0,0,951400.0,549953200.0,1.0,584.0,592.0,565.0,574.0,951400.0
2021-03-05,52020,570.0,592.0,561.0,592.0,0,0,1643400.0,956083200.0,1.0,570.0,592.0,561.0,592.0,1643400.0
2021-03-08,52020,601.0,604.0,581.0,587.0,0,0,931900.0,551324800.0,1.0,601.0,604.0,581.0,587.0,931900.0
2021-03-09,52020,604.0,609.0,589.0,600.0,0,0,989800.0,592670400.0,1.0,604.0,609.0,589.0,600.0,989800.0
2021-03-10,52020,595.0,598.0,581.0,588.0,0,0,853600.0,501126300.0,1.0,595.0,598.0,581.0,588.0,853600.0
2021-03-11,52020,590.0,599.0,586.0,591.0,0,0,558200.0,330126200.0,1.0,590.0,599.0,586.0,591.0,558200.0
2021-03-12,52020,593.0,594.0,585.0,592.0,0,0,724000.0,427686100.0,1.0,593.0,594.0,585.0,592.0,724000.0
2021-03-15,52020,595.0,607.0,589.0,592.0,0,0,681400.0,405834700.0,1.0,595.0,607.0,589.0,592.0,681400.0
2021-03-16,52020,592.0,594.0,585.0,591.0,0,0,656500.0,387330200.0,1.0,592.0,594.0,585.0,591.0,656500.0
2021-03-17,52020,584.0,590.0,579.0,583.0,0,0,694600.0,405361200.0,1.0,584.0,590.0,579.0,583.0,694600.0
2021-03-18,52020,592.0,593.0,577.0,587.0,0,0,791200.0,462822700.0,1.0,592.0,593.0,577.0,587.0,791200.0
2021-03-19,52020,585.0,597.0,577.0,595.0,0,0,1041200.0,613883600.0,1.0,585.0,597.0,577.0,595.0,1041200.0
2021-03-22,52020,590.0,594.0,583.0,591.0,0,0,636900.0,375206200.0,1.0,590.0,594.0,583.0,591.0,636900.0
2021-03-23,52020,590.0,595.0,583.0,585.0,0,0,768900.0,451660400.0,1.0,590.0,595.0,583.0,585.0,768900.0
2021-03-24,52020,575.0,576.0,551.0,553.0,0,0,1420400.0,793449000.0,1.0,575.0,576.0,551.0,553.0,1420400.0
2021-03-25,52020,556.0,571.0,556.0,556.0,0,0,696000.0,390832600.0,1.0,556.0,571.0,556.0,556.0,696000.0
2021-03-26,52020,569.0,570.0,556.0,560.0,0,0,981800.0,551877400.0,1.0,569.0,570.0,556.0,560.0,981800.0
2021-03-29,52020,569.0,575.0,557.0,562.0,0,0,803400.0,452386200.0,1.0,569.0,575.0,557.0,562.0,803400.0
2021-03-30,52020,560.0,574.0,559.0,571.0,0,0,1172500.0,666318200.0,1.0,560.0,574.0,559.0,571.0,1172500.0
2021-03-31,52020,568.0,571.0,563.0,567.0,0,0,545200.0,309260600.0,1.0,568.0,571.0,563.0,567.0,545200.0
2021-04-01,52020,566.0,571.0,554.0,555.0,0,0,813600.0,455696500.0,1.0,566.0,571.0,554.0,555.0,813600.0
2021-04-02,52020,565.0,566.0,555.0,560.0,0,0,592500.0,332246400.0,1.0,565.0,566.0,555.0,560.0,592500.0
2021-04-05,52020,563.0,580.0,557.0,579.0,0,0,1202000.0,690275400.0,1.0,563.0,580.0,557.0,579.0,1202000.0
2021-04-06,52020,581.0,583.0,569.0,580.0,0,0,800500.0,462574600.0,1.0,581.0,583.0,569.0,580.0,800500.0
2021-04-07,52020,576.0,612.0,576.0,612.0,0,0,1989300.0,1197529000.0,1.0,576.0,612.0,576.0,612.0,1989300.0
2021-04-08,52020,600.0,604.0,592.0,603.0,0,0,918200.0,550155000.0,1.0,600.0,604.0,592.0,603.0,918200.0
2021-04-09,52020,604.0,621.0,594.0,620.0,0,0,1614600.0,987085300.0,1.0,604.0,621.0,594.0,620.0,1614600.0
2021-04-12,52020,628.0,638.0,623.0,635.0,0,0,1307500.0,826954500.0,1.0,628.0,638.0,623.0,635.0,1307500.0
2021-04-13,52020,645.0,692.0,645.0,678.0,0,0,4423600.0,2984326500.0,1.0,645.0,692.0,645.0,678.0,4423600.0
2021-04-14,52020,663.0,687.0,652.0,685.0,0,0,2339800.0,1571113800.0,1.0,663.0,687.0,652.0,685.0,2339800.0
2021-04-15,52020,676.0,701.0,670.0,701.0,0,0,2508900.0,1736945200.0,1.0,676.0,701.0,670.0,701.0,2508900.0
2021-04-16,52020,699.0,707.0,690.0,700.0,0,0,1488200.0,1040978100.0,1.0,699.0,707.0,690.0,700.0,1488200.0
2021-04-19,52020,697.0,712.0,692.0,705.0,0,0,1309600.0,924564000.0,1.0,697.0,712.0,692.0,705.0,1309600.0
2021-04-20,52020,700.0,701.0,686.0,698.0,0,0,1383800.0,960188300.0,1.0,700.0,701.0,686.0,698.0,1383800.0
2021-04-21,52020,681.0,688.0,664.0,667.0,0,0,1634000.0,1099383600.0,1.0,681.0,688.0,664.0,667.0,1634000.0
2021-04-22,52020,685.0,693.0,669.0,670.0,0,0,1034900.0,703544300.0,1.0,685.0,693.0,669.0,670.0,1034900.0
2021-04-23,52020,668.0,679.0,662.0,673.0,0,0,973600.0,652698900.0,1.0,668.0,679.0,662.0,673.0,973600.0
2021-04-26,52020,671.0,675.0,658.0,671.0,0,0,965800.0,644734100.0,1.0,671.0,675.0,658.0,671.0,965800.0
2021-04-27,52020,673.0,700.0,668.0,691.0,0,0,1163000.0,801249600.0,1.0,673.0,700.0,668.0,691.0,1163000.0
2021-04-28,52020,685.0,699.0,679.0,695.0,0,0,1077400.0,742460200.0,1.0,685.0,699.0,679.0,695.0,1077400.0
2021-04-30,52020,696.0,722.0,695.0,720.0,0,0,1881300.0,1342968000.0,1.0,696.0,722.0,695.0,720.0,1881300.0
2021-05-06,52020,718.0,744.0,717.0,733.0,0,0,1565500.0,1146604400.0,1.0,718.0,744.0,717.0,733.0,1565500.0
2021-05-07,52020,732.0,746.0,720.0,746.0,0,0,1286200.0,948894100.0,1.0,732.0,746.0,720.0,746.0,1286200.0
2021-05-10,52020,750.0,785.0,748.0,771.0,0,0,2003000.0,1546899900.0,1.0,750.0,785.0,748.0,771.0,2003000.0
2021-05-11,52020,764.0,783.0,762.0,770.0,0,0,1441200.0,1114031400.0,1.0,764.0,783.0,762.0,770.0,1441200.0
2021-05-12,52020,773.0,776.0,741.0,746.0,0,0,1839400.0,1380709300.0,1.0,773.0,776.0,741.0,746.0,1839400.0
2021-05-13,52020,731.0,762.0,727.0,744.0,0,0,1325100.0,988244200.0,1.0,731.0,762.0,727.0,744.0,1325100.0
2021-05-14,52020,725.0,725.0,621.0,634.0,0,0,4779000.0,3096196100.0,1.0,725.0,725.0,621.0,634.0,4779000.0
2021-05-17,52020,634.0,635.0,600.0,620.0,0,0,2736200.0,1681150900.0,1.0,634.0,635.0,600.0,620.0,2736200.0
2021-05-18,52020,629.0,638.0,606.0,631.0,0,0,1770600.0,1108210000.0,1.0,629.0,638.0,606.0,631.0,1770600.0
2021-05-19,52020,623.0,634.0,616.0,616.0,0,0,1005700.0,626344100.0,1.0,623.0,634.0,616.0,616.0,1005700.0
2021-05-20,52020,613.0,622.0,608.0,617.0,0,0,902000.0,554378500.0,1.0,613.0,622.0,608.0,617.0,902000.0
2021-05-21,52020,614.0,617.0,606.0,608.0,0,0,950000.0,580086800.0,1.0,614.0,617.0,606.0,608.0,950000.0
2021-05-24,52020,608.0,628.0,608.0,623.0,0,0,983200.0,610440500.0,1.0,608.0,628.0,608.0,623.0,983200.0
2021-05-25,52020,620.0,624.0,609.0,618.0,0,0,939600.0,579568100.0,1.0,620.0,624.0,609.0,618.0,939600.0
2021-05-26,52020,617.0,623.0,607.0,620.0,0,0,716400.0,441372900.0,1.0,617.0,623.0,607.0,620.0,716400.0
2021-05-27,52020,620.0,626.0,612.0,612.0,0,0,861600.0,530978000.0,1.0,620.0,626.0,612.0,612.0,861600.0
2021-05-28,52020,630.0,635.0,618.0,619.0,0,0,958900.0,599854600.0,1.0,630.0,635.0,618.0,619.0,958900.0
2021-05-31,52020,611.0,611.0,600.0,607.0,0,0,1208200.0,732074100.0,1.0,611.0,611.0,600.0,607.0,1208200.0
2021-06-01,52020,607.0,613.0,603.0,609.0,0,0,585500.0,356337600.0,1.0,607.0,613.0,603.0,609.0,585500.0
2021-06-02,52020,613.0,619.0,610.0,616.0,0,0,733500.0,451947200.0,1.0,613.0,619.0,610.0,616.0,733500.0
2021-06-03,52020,622.0,632.0,618.0,622.0,0,0,670500.0,419020600.0,1.0,622.0,632.0,618.0,622.0,670500.0
2021-06-04,52020,615.0,627.0,615.0,623.0,0,0,638700.0,396573800.0,1.0,615.0,627.0,615.0,623.0,638700.0
2021-06-07,52020,620.0,626.0,613.0,614.0,0,0,689800.0,425066700.0,1.0,620.0,626.0,613.0,614.0,689800.0
2021-06-08,52020,612.0,614.0,606.0,610.0,0,0,615000.0,375546300.0,1.0,612.0,614.0,606.0,610.0,615000.0
2021-06-09,52020,618.0,623.0,609.0,611.0,0,0,625300.0,384406100.0,1.0,618.0,623.0,609.0,611.0,625300.0
2021-06-10,52020,618.0,625.0,613.0,619.0,0,0,1047100.0,648656600.0,1.0,618.0,625.0,613.0,619.0,1047100.0
2021-06-11,52020,619.0,630.0,616.0,629.0,0,0,925100.0,577929600.0,1.0,619.0,630.0,616.0,629.0,925100.0
2021-06-14,52020,638.0,644.0,637.0,643.0,0,0,789900.0,506338600.0,1.0,638.0,644.0,637.0,643.0,789900.0
2021-06-15,52020,647.0,657.0,639.0,655.0,0,0,989900.0,643679200.0,1.0,647.0,657.0,639.0,655.0,989900.0
2021-06-16,52020,664.0,688.0,663.0,674.0,0,0,1692100.0,1141730300.0,1.0,664.0,688.0,663.0,674.0,1692100.0
2021-06-17,52020,668.0,684.0,664.0,664.0,0,0,1089900.0,732268000.0,1.0,668.0,684.0,664.0,664.0,1089900.0
2021-06-18,52020,657.0,657.0,625.0,626.0,0,0,1834300.0,1160246400.0,1.0,657.0,657.0,625.0,626.0,1834300.0
2021-06-21,52020,607.0,610.0,588.0,590.0,0,0,1506200.0,894041900.0,1.0,607.0,610.0,588.0,590.0,1506200.0
2021-06-22,52020,613.0,628.0,613.0,624.0,0,0,1177700.0,731330300.0,1.0,613.0,628.0,613.0,624.0,1177700.0
2021-06-23,52020,623.0,642.0,620.0,635.0,0,0,815300.0,515806100.0,1.0,623.0,642.0,620.0,635.0,815300.0
2021-06-24,52020,632.0,650.0,630.0,643.0,0,0,846500.0,543648600.0,1.0,632.0,650.0,630.0,643.0,846500.0
2021-06-25,52020,653.0,670.0,653.0,670.0,0,0,863500.0,571844700.0,1.0,653.0,670.0,653.0,670.0,863500.0
2021-06-28,52020,670.0,682.0,661.0,665.0,0,0,948600.0,635528700.0,1.0,670.0,682.0,661.0,665.0,948600.0
2021-06-29,52020,651.0,653.0,638.0,642.0,0,0,1055800.0,679595300.0,1.0,651.0,653.0,638.0,642.0,1055800.0
2021-06-30,52020,639.0,642.0,629.0,635.0,0,0,698100.0,443940200.0,1.0,639.0,642.0,629.0,635.0,698100.0
2021-07-01,52020,640.0,641.0,629.0,635.0,0,0,470300.0,298287800.0,1.0,640.0,641.0,629.0,635.0,470300.0
2021-07-02,52020,636.0,641.0,633.0,638.0,0,0,564200.0,359472900.0,1.0,636.0,641.0,633.0,638.0,564200.0
2021-07-05,52020,638.0,640.0,623.0,626.0,0,0,708000.0,445011600.0,1.0,638.0,640.0,623.0,626.0,708000.0
2021-07-06,52020,628.0,638.0,628.0,633.0,0,0,476100.0,301484000.0,1.0,628.0,638.0,628.0,633.0,476100.0
2021-07-07,52020,617.0,623.0,607.0,623.0,0,0,787800.0,487324900.0,1.0,617.0,623.0,607.0,623.0,787800.0
2021-07-08,52020,611.0,619.0,607.0,609.0,0,0,882800.0,540517800.0,1.0,611.0,619.0,607.0,609.0,882800.0
2021-07-09,52020,599.0,603.0,590.0,603.0,0,0,1711400.0,1019905500.0,1.0,599.0,603.0,590.0,603.0,1711400.0
2021-07-12,52020,613.0,616.0,604.0,606.0,0,0,985200.0,599659800.0,1.0,613.0,616.0,604.0,606.0,985200.0
2021-07-13,52020,610.0,634.0,608.0,634.0,0,0,1395700.0,870449100.0,1.0,610.0,634.0,608.0,634.0,1395700.0
2021-07-14,52020,626.0,638.0,619.0,631.0,0,0,940200.0,592709600.0,1.0,626.0,638.0,619.0,631.0,940200.0
2021-07-15,52020,623.0,632.0,614.0,631.0,0,0,1170100.0,730054400.0,1.0,623.0,632.0,614.0,631.0,1170100.0
2021-07-16,52020,628.0,643.0,626.0,637.0,0,0,793300.0,504626900.0,1.0,628.0,643.0,626.0,637.0,793300.0
2021-07-19,52020,627.0,630.0,608.0,616.0,0,0,927700.0,572541100.0,1.0,627.0,630.0,608.0,616.0,927700.0
2021-07-20,52020,606.0,615.0,601.0,605.0,0,0,773800.0,469965000.0,1.0,606.0,615.0,601.0,605.0,773800.0
2021-07-21,52020,620.0,627.0,607.0,607.0,0,0,829600.0,511130200.0,1.0,620.0,627.0,607.0,607.0,829600.0
2021-07-26,52020,623.0,634.0,615.0,628.0,0,0,1052600.0,659019900.0,1.0,623.0,634.0,615.0,628.0,1052600.0
2021-07-27,52020,634.0,637.0,620.0,620.0,0,0,999900.0,626315700.0,1.0,634.0,637.0,620.0,620.0,999900.0
2021-07-28,52020,615.0,622.0,612.0,620.0,0,0,929500.0,573783700.0,1.0,615.0,622.0,612.0,620.0,929500.0
2021-07-29,52020,619.0,625.0,615.0,619.0,0,0,682000.0,422608300.0,1.0,619.0,625.0,615.0,619.0,682000.0
2021-07-30,52020,618.0,618.0,600.0,600.0,0,0,1139600.0,691260500.0,1.0,618.0,618.0,600.0,600.0,1139600.0
2021-08-02,52020,614.0,624.0,607.0,623.0,0,0,915500.0,566286900.0,1.0,614.0,624.0,607.0,623.0,915500.0
2021-08-03,52020,622.0,631.0,619.0,623.0,0,0,840600.0,524746800.0,1.0,622.0,631.0,619.0,623.0,840600.0
2021-08-04,52020,626.0,629.0,616.0,619.0,0,0,637400.0,397149000.0,1.0,626.0,629.0,616.0,619.0,637400.0
2021-08-05,52020,609.0,618.0,607.0,609.0,0,0,793300.0,484858800.0,1.0,609.0,618.0,607.0,609.0,793300.0
2021-08-06,52020,620.0,624.0,575.0,575.0,0,0,2589700.0,1527316600.0,1.0,620.0,624.0,575.0,575.0,2589700.0
2021-08-10,52020,578.0,591.0,563.0,581.0,0,0,1819900.0,1055514400.0,1.0,578.0,591.0,563.0,581.0,1819900.0
2021-08-11,52020,591.0,596.0,578.0,579.0,0,0,793500.0,463952000.0,1.0,591.0,596.0,578.0,579.0,793500.0
2021-08-12,52020,583.0,588.0,575.0,577.0,0,0,956500.0,554620500.0,1.0,583.0,588.0,575.0,577.0,956500.0
2021-08-13,52020,579.0,581.0,570.0,577.0,0,0,808700.0,465486900.0,1.0,579.0,581.0,570.0,577.0,808700.0
2021-08-16,52020,568.0,568.0,553.0,558.0,0,0,957600.0,535074200.0,1.0,568.0,568.0,553.0,558.0,957600.0
2021-08-17,52020,572.0,580.0,567.0,570.0,0,0,897800.0,513343500.0,1.0,572.0,580.0,567.0,570.0,897800.0
2021-08-18,52020,574.0,583.0,565.0,577.0,0,0,841100.0,485733100.0,1.0,574.0,583.0,565.0,577.0,841100.0
2021-08-19,52020,567.0,570.0,553.0,553.0,0,0,848600.0,476023300.0,1.0,567.0,570.0,553.0,553.0,848600.0
2021-08-20,52020,550.0,558.0,541.0,543.0,0,0,957200.0,523002300.0,1.0,550.0,558.0,541.0,543.0,957200.0
2021-08-23,52020,549.0,557.0,547.0,549.0,0,0,620200.0,341981300.0,1.0,549.0,557.0,547.0,549.0,620200.0
2021-08-24,52020,548.0,558.0,546.0,551.0,0,0,797300.0,439660600.0,1.0,548.0,558.0,546.0,551.0,797300.0
2021-08-25,52020,549.0,558.0,546.0,549.0,0,0,528000.0,291621700.0,1.0,549.0,558.0,546.0,549.0,528000.0
2021-08-26,52020,556.0,557.0,543.0,544.0,0,0,858700.0,470216300.0,1.0,556.0,557.0,543.0,544.0,858700.0
2021-08-27,52020,540.0,547.0,535.0,547.0,0,0,693100.0,375667800.0,1.0,540.0,547.0,535.0,547.0,693100.0
2021-08-30,52020,551.0,563.0,551.0,561.0,0,0,596100.0,333613700.0,1.0,551.0,563.0,551.0,561.0,596100.0
2021-08-31,52020,565.0,578.0,562.0,570.0,0,0,940600.0,537823100.0,1.0,565.0,578.0,562.0,570.0,940600.0
2021-09-01,52020,577.0,581.0,571.0,580.0,0,0,625600.0,360901200.0,1.0,577.0,581.0,571.0,580.0,625600.0
2021-09-02,52020,578.0,579.0,568.0,577.0,0,0,654400.0,375695500.0,1.0,578.0,579.0,568.0,577.0,654400.0
2021-09-03,52020,580.0,584.0,572.0,574.0,0,0,1001000.0,577141400.0,1.0,580.0,584.0,572.0,574.0,1001000.0
2021-09-06,52020,581.0,585.0,567.0,575.0,0,0,984400.0,565621100.0,1.0,581.0,585.0,567.0,575.0,984400.0
2021-09-07,52020,585.0,588.0,577.0,579.0,0,0,799800.0,465076200.0,1.0,585.0,588.0,577.0,579.0,799800.0
2021-09-08,52020,575.0,589.0,574.0,589.0,0,0,806500.0,471741200.0,1.0,575.0,589.0,574.0,589.0,806500.0
2021-09-09,52020,581.0,588.0,576.0,582.0,0,0,486700.0,283742100.0,1.0,581.0,588.0,576.0,582.0,486700.0
2021-09-10,52020,585.0,591.0,584.0,589.0,0,0,585700.0,344176200.0,1.0,585.0,591.0,584.0,589.0,585700.0
2021-09-13,52020,586.0,592.0,584.0,591.0,0,0,496300.0,291784100.0,1.0,586.0,592.0,584.0,591.0,496300.0
2021-09-14,52020,597.0,599.0,591.0,598.0,0,0,601100.0,357961700.0,1.0,597.0,599.0,591.0,598.0,601100.0
2021-09-15,52020,593.0,596.0,589.0,591.0,0,0,597000.0,353256600.0,1.0,593.0,596.0,589.0,591.0,597000.0
2021-09-16,52020,600.0,602.0,584.0,586.0,0,0,570900.0,337812500.0,1.0,600.0,602.0,584.0,586.0,570900.0
2021-09-17,52020,590.0,592.0,582.0,588.0,0,0,593500.0,348976200.0,1.0,590.0,592.0,582.0,588.0,593500.0
2021-09-21,52020,572.0,580.0,569.0,575.0,0,0,709000.0,408350400.0,1.0,572.0,580.0,569.0,575.0,709000.0
2021-09-22,52020,576.0,578.0,561.0,565.0,0,0,884300.0,502425200.0,1.0,576.0,578.0,561.0,565.0,884300.0
2021-09-24,52020,580.0,586.0,575.0,579.0,0,0,906800.0,525676800.0,1.0,580.0,586.0,575.0,579.0,906800.0
2021-09-27,52020,587.0,589.0,574.0,575.0,0,0,577700.0,335683900.0,1.0,587.0,589.0,574.0,575.0,577700.0
2021-09-28,52020,580.0,582.0,569.0,580.0,0,0,667900.0,384988500.0,1.0,580.0,582.0,569.0,580.0,667900.0
2021-09-29,52020,570.0,582.0,569.0,582.0,0,0,787200.0,454337600.0,1.0,570.0,582.0,569.0,582.0,787200.0
2021-09-30,52020,589.0,591.0,580.0,582.0,0,0,887300.0,519356800.0,1.0,589.0,591.0,580.0,582.0,887300.0
2021-10-01,52020,576.0,578.0,551.0,553.0,0,0,1386200.0,777718400.0,1.0,576.0,578.0,551.0,553.0,1386200.0
2021-10-04,52020,562.0,562.0,528.0,529.0,0,0,1459300.0,784354800.0,1.0,562.0,562.0,528.0,529.0,1459300.0
2021-10-05,52020,529.0,532.0,501.0,518.0,0,0,2044700.0,1051096000.0,1.0,529.0,532.0,501.0,518.0,2044700.0
2021-10-06,52020,524.0,541.0,516.0,522.0,0,0,1211900.0,638152100.0,1.0,524.0,541.0,516.0,522.0,1211900.0
2021-10-07,52020,526.0,542.0,514.0,538.0,0,0,1091300.0,581567100.0,1.0,526.0,542.0,514.0,538.0,1091300.0
2021-10-08,52020,544.0,553.0,541.0,549.0,0,0,1055000.0,578622900.0,1.0,544.0,553.0,541.0,549.0,1055000.0
2021-10-11,52020,546.0,562.0,545.0,562.0,0,0,723500.0,403520000.0,1.0,546.0,562.0,545.0,562.0,723500.0
2021-10-12,52020,556.0,571.0,553.0,567.0,0,0,789300.0,446223900.0,1.0,556.0,571.0,553.0,567.0,789300.0
2021-10-13,52020,567.0,585.0,562.0,582.0,0,0,1266100.0,734197500.0,1.0,567.0,585.0,562.0,582.0,1266100.0
2021-10-14,52020,581.0,591.0,577.0,591.0,0,0,900500.0,528203300.0,1.0,581.0,591.0,577.0,591.0,900500.0
2021-10-15,52020,590.0,608.0,589.0,606.0,0,0,1411200.0,847105000.0,1.0,590.0,608.0,589.0,606.0,1411200.0
2021-10-18,52020,605.0,637.0,603.0,623.0,0,0,1715800.0,1072465900.0,1.0,605.0,637.0,603.0,623.0,1715800.0
2021-10-19,52020,629.0,650.0,626.0,649.0,0,0,1388500.0,890205500.0,1.0,629.0,650.0,626.0,649.0,1388500.0
2021-10-20,52020,649.0,666.0,628.0,633.0,0,0,1982500.0,1281087100.0,1.0,649.0,666.0,628.0,633.0,1982500.0
2021-10-21,52020,634.0,654.0,630.0,634.0,0,0,1537800.0,986036800.0,1.0,634.0,654.0,630.0,634.0,1537800.0
2021-10-22,52020,628.0,641.0,619.0,636.0,0,0,1299600.0,819773500.0,1.0,628.0,641.0,619.0,636.0,1299600.0
2021-10-25,52020,640.0,663.0,634.0,658.0,0,0,1461900.0,957376800.0,1.0,640.0,663.0,634.0,658.0,1461900.0
2021-10-26,52020,666.0,680.0,651.0,665.0,0,0,1451800.0,971375400.0,1.0,666.0,680.0,651.0,665.0,1451800.0
2021-10-27,52020,665.0,669.0,646.0,651.0,0,0,995900.0,651401100.0,1.0,665.0,669.0,646.0,651.0,995900.0
2021-10-28,52020,646.0,647.0,629.0,639.0,0,0,1379600.0,879594800.0,1.0,646.0,647.0,629.0,639.0,1379600.0
2021-10-29,52020,644.0,645.0,630.0,635.0,0,0,725200.0,461096100.0,1.0,644.0,645.0,630.0,635.0,725200.0
2021-11-01,52020,644.0,651.0,637.0,650.0,0,0,837000.0,541609600.0,1.0,644.0,651.0,637.0,650.0,837000.0
2021-11-02,52020,644.0,645.0,615.0,615.0,0,0,1308300.0,815135500.0,1.0,644.0,645.0,615.0,615.0,1308300.0
2021-11-04,52020,622.0,627.0,616.0,620.0,0,0,962600.0,597744100.0,1.0,622.0,627.0,616.0,620.0,962600.0
2021-11-05,52020,617.0,617.0,602.0,605.0,0,0,887900.0,537843300.0,1.0,617.0,617.0,602.0,605.0,887900.0
2021-11-08,52020,611.0,616.0,600.0,607.0,0,0,826700.0,501188600.0,1.0,611.0,616.0,600.0,607.0,826700.0
2021-11-09,52020,610.0,614.0,597.0,597.0,0,0,904000.0,544555100.0,1.0,610.0,614.0,597.0,597.0,904000.0
2021-11-10,52020,595.0,596.0,566.0,570.0,0,0,2165700.0,1240428600.0,1.0,595.0,596.0,566.0,570.0,2165700.0
2021-11-11,52020,564.0,575.0,561.0,564.0,0,0,1597400.0,903883500.0,1.0,564.0,575.0,561.0,564.0,1597400.0
2021-11-12,52020,562.0,585.0,535.0,576.0,0,0,2267900.0,1284002800.0,1.0,562.0,585.0,535.0,576.0,2267900.0
2021-11-15,52020,586.0,590.0,576.0,585.0,0,0,1235300.0,719787400.0,1.0,586.0,590.0,576.0,585.0,1235300.0
2021-11-16,52020,578.0,592.0,572.0,584.0,0,0,928200.0,543070400.0,1.0,578.0,592.0,572.0,584.0,928200.0
2021-11-17,52020,585.0,586.0,567.0,570.0,0,0,1237700.0,707928200.0,1.0,585.0,586.0,567.0,570.0,1237700.0
2021-11-18,52020,560.0,567.0,556.0,563.0,0,0,813900.0,456413500.0,1.0,560.0,567.0,556.0,563.0,813900.0
2021-11-19,52020,565.0,568.0,556.0,563.0,0,0,618000.0,346886400.0,1.0,565.0,568.0,556.0,563.0,618000.0
2021-11-22,52020,565.0,583.0,558.0,582.0,0,0,1146800.0,659372300.0,1.0,565.0,583.0,558.0,582.0,1146800.0
2021-11-24,52020,592.0,603.0,576.0,577.0,0,0,1250200.0,735598200.0,1.0,592.0,603.0,576.0,577.0,1250200.0
2021-11-25,52020,582.0,582.0,567.0,567.0,0,0,624600.0,356427500.0,1.0,582.0,582.0,567.0,567.0,624600.0
2021-11-26,52020,565.0,565.0,546.0,556.0,0,0,1695200.0,937259900.0,1.0,565.0,565.0,546.0,556.0,1695200.0
2021-11-29,52020,540.0,542.0,526.0,527.0,0,0,1466900.0,781778000.0,1.0,540.0,542.0,526.0,527.0,1466900.0
2021-11-30,52020,537.0,539.0,502.0,502.0,0,0,1724400.0,885761600.0,1.0,537.0,539.0,502.0,502.0,1724400.0
2021-12-01,52020,507.0,511.0,496.0,503.0,0,0,1288300.0,649795700.0,1.0,507.0,511.0,496.0,503.0,1288300.0
2021-12-02,52020,493.0,503.0,488.0,499.0,0,0,1163100.0,577217500.0,1.0,493.0,503.0,488.0,499.0,1163100.0
2021-12-03,52020,499.0,513.0,491.0,513.0,0,0,924100.0,466987400.0,1.0,499.0,513.0,491.0,513.0,924100.0
2021-12-06,52020,512.0,523.0,510.0,516.0,0,0,979300.0,506735300.0,1.0,512.0,523.0,510.0,516.0,979300.0
2021-12-07,52020,518.0,536.0,518.0,534.0,0,0,1165900.0,617123500.0,1.0,518.0,536.0,518.0,534.0,1165900.0
2021-12-08,52020,539.0,546.0,535.0,536.0,0,0,733600.0,395125700.0,1.0,539.0,546.0,535.0,536.0,733600.0
2021-12-09,52020,532.0,538.0,521.0,523.0,0,0,645200.0,340447600.0,1.0,532.0,538.0,521.0,523.0,645200.0
2021-12-10,52020,526.0,533.0,514.0,517.0,0,0,778800.0,405901700.0,1.0,526.0,533.0,514.0,517.0,778800.0
2021-12-13,52020,522.0,525.0,510.0,515.0,0,0,526500.0,270663300.0,1.0,522.0,525.0,510.0,515.0,526500.0
2021-12-14,52020,510.0,512.0,502.0,507.0,0,0,795400.0,402355400.0,1.0,510.0,512.0,502.0,507.0,795400.0
2021-12-15,52020,503.0,513.0,503.0,511.0,0,0,472700.0,241051900.0,1.0,503.0,513.0,503.0,511.0,472700.0
2021-12-16,52020,520.0,523.0,515.0,518.0,0,0,553900.0,287220100.0,1.0,520.0,523.0,515.0,518.0,553900.0
2021-12-17,52020,516.0,520.0,507.0,510.0,0,0,810800.0,414313400.0,1.0,516.0,520.0,507.0,510.0,810800.0
2021-12-20,52020,501.0,504.0,488.0,489.0,0,0,1059700.0,523956600.0,1.0,501.0,504.0,488.0,489.0,1059700.0
2021-12-21,52020,493.0,497.0,488.0,489.0,0,0,735900.0,362275200.0,1.0,493.0,497.0,488.0,489.0,735900.0
2021-12-22,52020,491.0,498.0,491.0,493.0,0,0,526700.0,260159600.0,1.0,491.0,498.0,491.0,493.0,526700.0
2021-12-23,52020,500.0,509.0,500.0,507.0,0,0,681400.0,343972200.0,1.0,500.0,509.0,500.0,507.0,681400.0
2021-12-24,52020,511.0,518.0,510.0,513.0,0,0,532700.0,273144800.0,1.0,511.0,518.0,510.0,513.0,532700.0
2021-12-27,52020,512.0,512.0,502.0,504.0,0,0,526500.0,266215800.0,1.0,512.0,512.0,502.0,504.0,526500.0
2021-12-28,52020,507.0,515.0,506.0,515.0,0,0,802600.0,411234200.0,1.0,507.0,515.0,506.0,515.0,802600.0
2021-12-29,52020,520.0,524.0,511.0,516.0,0,0,601500.0,311056600.0,1.0,520.0,524.0,511.0,516.0,601500.0
2021-12-30,52020,517.0,518.0,512.0,513.0,0,0,335100.0,172252300.0,1.0,517.0,518.0,512.0,513.0,335100.0
2022-01-04,52020,520.0,523.0,517.0,521.0,0,0,395500.0,205554700.0,1.0,520.0,523.0,517.0,521.0,395500.0
2022-01-05,52020,528.0,544.0,526.0,543.0,0,0,1002300.0,537293000.0,1.0,528.0,544.0,526.0,543.0,1002300.0
2022-01-06,52020,538.0,543.0,529.0,530.0,0,0,989700.0,529699800.0,1.0,538.0,543.0,529.0,530.0,989700.0
2022-01-07,52020,535.0,544.0,527.0,535.0,0,0,747300.0,399241700.0,1.0,535.0,544.0,527.0,535.0,747300.0
2022-01-11,52020,535.0,542.0,525.0,537.0,0,0,799700.0,426901800.0,1.0,535.0,542.0,525.0,537.0,799700.0
2022-01-12,52020,544.0,557.0,542.0,557.0,0,0,965600.0,533220000.0,1.0,544.0,557.0,542.0,557.0,965600.0
2022-01-13,52020,557.0,565.0,555.0,558.0,0,0,684400.0,382176000.0,1.0,557.0,565.0,555.0,558.0,684400.0
2022-01-14,52020,557.0,557.0,538.0,541.0,0,0,804100.0,437252600.0,1.0,557.0,557.0,538.0,541.0,804100.0
2022-01-17,52020,539.0,552.0,535.0,545.0,0,0,668100.0,363958000.0,1.0,539.0,552.0,535.0,545.0,668100.0
2022-01-18,52020,548.0,550.0,528.0,531.0,0,0,689300.0,368504900.0,1.0,548.0,550.0,528.0,531.0,689300.0
2022-01-19,52020,521.0,528.0,512.0,516.0,0,0,833300.0,432440100.0,1.0,521.0,528.0,512.0,516.0,833300.0
2022-01-20,52020,515.0,530.0,511.0,528.0,0,0,795000.0,416799600.0,1.0,515.0,530.0,511.0,528.0,795000.0
2022-01-21,52020,520.0,521.0,510.0,516.0,0,0,958200.0,492845400.0,1.0,520.0,521.0,510.0,516.0,958200.0
2022-01-24,52020,511.0,529.0,510.0,526.0,0,0,549600.0,285462300.0,1.0,511.0,529.0,510.0,526.0,549600.0
2022-01-25,52020,521.0,521.0,504.0,509.0,0,0,1041100.0,531051300.0,1.0,521.0,521.0,504.0,509.0,1041100.0
2022-01-26,52020,513.0,515.0,502.0,502.0,0,0,656700.0,333034100.0,1.0,513.0,515.0,502.0,502.0,656700.0
2022-01-27,52020,505.0,507.0,484.0,487.0,0,0,1287200.0,631799500.0,1.0,505.0,507.0,484.0,487.0,1287200.0
2022-01-28,52020,494.0,495.0,487.0,495.0,0,0,866400.0,426513700.0,1.0,494.0,495.0,487.0,495.0,866400.0
2022-01-31,52020,496.0,503.0,490.0,500.0,0,0,678400.0,337740600.0,1.0,496.0,503.0,490.0,500.0,678400.0
2022-02-01,52020,501.0,501.0,486.0,486.0,0,0,1033800.0,507968500.0,1.0,501.0,501.0,486.0,486.0,1033800.0
2022-02-02,52020,485.0,501.0,484.0,500.0,0,0,1037900.0,512373100.0,1.0,485.0,501.0,484.0,500.0,1037900.0
2022-02-03,52020,502.0,522.0,502.0,511.0,0,0,1432200.0,731594300.0,1.0,502.0,522.0,502.0,511.0,1432200.0
2022-02-04,52020,475.0,483.0,459.0,470.0,0,0,4840700.0,2260894600.0,1.0,475.0,483.0,459.0,470.0,4840700.0
2022-02-07,52020,464.0,470.0,463.0,466.0,0,0,961100.0,447400600.0,1.0,464.0,470.0,463.0,466.0,961100.0
2022-02-08,52020,464.0,470.0,460.0,470.0,0,0,1703000.0,793046600.0,1.0,464.0,470.0,460.0,470.0,1703000.0
2022-02-09,52020,475.0,499.0,473.0,496.0,0,0,2155200.0,1059636800.0,1.0,475.0,499.0,473.0,496.0,2155200.0
2022-02-10,52020,501.0,507.0,493.0,506.0,0,0,1184400.0,594512600.0,1.0,501.0,507.0,493.0,506.0,1184400.0
2022-02-14,52020,492.0,500.0,491.0,492.0,0,0,1146200.0,566393400.0,1.0,492.0,500.0,491.0,492.0,1146200.0
2022-02-15,52020,496.0,504.0,490.0,494.0,0,0,909500.0,451069300.0,1.0,496.0,504.0,490.0,494.0,909500.0
2022-02-16,52020,508.0,514.0,506.0,511.0,0,0,913100.0,466507900.0,1.0,508.0,514.0,506.0,511.0,913100.0
2022-02-17,52020,512.0,519.0,505.0,513.0,0,0,968300.0,496696800.0,1.0,512.0,519.0,505.0,513.0,968300.0
2022-02-18,52020,504.0,518.0,504.0,515.0,0,0,768200.0,393528000.0,1.0,504.0,518.0,504.0,515.0,768200.0
2022-02-21,52020,513.0,513.0,503.0,509.0,0,0,559900.0,285115900.0,1.0,513.0,513.0,503.0,509.0,559900.0
2022-02-22,52020,506.0,506.0,491.0,497.0,0,0,1026800.0,510072200.0,1.0,506.0,506.0,491.0,497.0,1026800.0
2022-02-24,52020,488.0,489.0,468.0,472.0,0,0,1454100.0,693210400.0,1.0,488.0,489.0,468.0,472.0,1454100.0
2022-02-25,52020,472.0,475.0,462.0,468.0,0,0,1218000.0,570747700.0,1.0,472.0,475.0,462.0,468.0,1218000.0
2022-02-28,52020,476.0,484.0,472.0,478.0,0,0,1111400.0,530923800.0,1.0,476.0,484.0,472.0,478.0,1111400.0
2022-03-01,52020,486.0,487.0,476.0,476.0,0,0,819100.0,394500800.0,1.0,486.0,487.0,476.0,476.0,819100.0
2022-03-02,52020,469.0,470.0,445.0,445.0,0,0,2205300.0,1002350600.0,1.0,469.0,470.0,445.0,445.0,2205300.0
2022-03-03,52020,452.0,453.0,439.0,450.0,0,0,1740600.0,776421500.0,1.0,452.0,453.0,439.0,450.0,1740600.0
2022-03-04,52020,444.0,445.0,418.0,419.0,0,0,2621800.0,1114938000.0,1.0,444.0,445.0,418.0,419.0,2621800.0
2022-03-07,52020,400.0,402.0,377.0,384.0,0,0,3503800.0,1350932100.0,1.0,400.0,402.0,377.0,384.0,3503800.0
2022-03-08,52020,381.0,387.0,372.0,374.0,0,0,2038700.0,770950100.0,1.0,381.0,387.0,372.0,374.0,2038700.0
2022-03-09,52020,374.0,383.0,362.0,373.0,0,0,2418100.0,905638100.0,1.0,374.0,383.0,362.0,373.0,2418100.0
2022-03-10,52020,391.0,408.0,389.0,405.0,0,0,2802700.0,1122178200.0,1.0,391.0,408.0,389.0,405.0,2802700.0
2022-03-11,52020,397.0,412.0,395.0,408.0,0,0,1563100.0,632304900.0,1.0,397.0,412.0,395.0,408.0,1563100.0
2022-03-14,52020,406.0,421.0,402.0,414.0,0,0,1384100.0,575518800.0,1.0,406.0,421.0,402.0,414.0,1384100.0
2022-03-15,52020,423.0,440.0,423.0,432.0,0,0,2727400.0,1178131800.0,1.0,423.0,440.0,423.0,432.0,2727400.0
2022-03-16,52020,430.0,437.0,426.0,434.0,0,0,1608600.0,695501800.0,1.0,430.0,437.0,426.0,434.0,1608600.0
2022-03-17,52020,442.0,445.0,436.0,441.0,0,0,1772600.0,781167100.0,1.0,442.0,445.0,436.0,441.0,1772600.0
2022-03-18,52020,444.0,448.0,436.0,440.0,0,0,1801900.0,793893400.0,1.0,444.0,448.0,436.0,440.0,1801900.0
2022-03-22,52020,445.0,446.0,439.0,446.0,0,0,1172300.0,520666200.0,1.0,445.0,446.0,439.0,446.0,1172300.0
2022-03-23,52020,451.0,451.0,442.0,447.0,0,0,1371800.0,611172200.0,1.0,451.0,451.0,442.0,447.0,1371800.0
2022-03-24,52020,440.0,445.0,434.0,445.0,0,0,853400.0,375740400.0,1.0,440.0,445.0,434.0,445.0,853400.0
2022-03-25,52020,446.0,451.0,431.0,433.0,0,0,1680400.0,734587100.0,1.0,446.0,451.0,431.0,433.0,1680400.0
2022-03-28,52020,426.0,431.0,419.0,429.0,0,0,1453100.0,617978600.0,1.0,426.0,431.0,419.0,429.0,1453100.0
2022-03-29,52020,424.0,429.0,417.0,422.0,0,0,1558600.0,658118000.0,1.0,424.0,429.0,417.0,422.0,1558600.0
2022-03-30,52020,420.0,436.0,420.0,436.0,0,0,2441900.0,1052656500.0,1.0,420.0,436.0,420.0,436.0,2441900.0
2022-03-31,52020,420.0,429.0,416.0,428.0,0,0,1535600.0,651425600.0,1.0,420.0,429.0,416.0,428.0,1535600.0
2022-04-01,52020,420.0,420.0,414.0,420.0,0,0,1656700.0,692723900.0,1.0,420.0,420.0,414.0,420.0,1656700.0
2022-04-04,52020,415.0,416.0,410.0,415.0,0,0,1372400.0,566176700.0,1.0,415.0,416.0,410.0,415.0,1372400.0
2022-04-05,52020,414.0,417.0,406.0,407.0,0,0,1200200.0,492182800.0,1.0,414.0,417.0,406.0,407.0,1200200.0
2022-04-06,52020,405.0,409.0,398.0,402.0,0,0,972900.0,390548700.0,1.0,405.0,409.0,398.0,402.0,972900.0
2022-04-07,52020,392.0,392.0,379.0,382.0,0,0,2201800.0,844230200.0,1.0,392.0,392.0,379.0,382.0,2201800.0
2022-04-08,52020,386.0,387.0,376.0,382.0,0,0,1883500.0,716048100.0,1.0,386.0,387.0,376.0,382.0,1883500.0
2022-04-11,52020,382.0,389.0,378.0,381.0,0,0,973300.0,372296500.0,1.0,382.0,389.0,378.0,381.0,973300.0
2022-04-12,52020,383.0,387.0,379.0,384.0,0,0,1473000.0,565265600.0,1.0,383.0,387.0,379.0,384.0,1473000.0
2022-04-13,52020,384.0,396.0,384.0,394.0,0,0,1384100.0,542585000.0,1.0,384.0,396.0,384.0,394.0,1384100.0
2022-04-14,52020,398.0,400.0,393.0,395.0,0,0,496200.0,196386000.0,1.0,398.0,400.0,393.0,395.0,496200.0
2022-04-15,52020,395.0,395.0,390.0,393.0,0,0,421100.0,165289300.0,1.0,395.0,395.0,390.0,393.0,421100.0
2022-04-18,52020,389.0,392.0,385.0,390.0,0,0,533700.0,207342100.0,1.0,389.0,392.0,385.0,390.0,533700.0
2022-04-19,52020,394.0,399.0,391.0,397.0,0,0,574700.0,227486500.0,1.0,394.0,399.0,391.0,397.0,574700.0
2022-04-20,52020,403.0,404.0,396.0,399.0,0,0,818000.0,327254400.0,1.0,403.0,404.0,396.0,399.0,818000.0
2022-04-21,52020,402.0,407.0,401.0,405.0,0,0,822900.0,332560500.0,1.0,402.0,407.0,401.0,405.0,822900.0
2022-04-22,52020,399.0,405.0,395.0,403.0,0,0,765100.0,306591900.0,1.0,399.0,405.0,395.0,403.0,765100.0
2022-04-25,52020,392.0,393.0,383.0,389.0,0,0,1155900.0,449204300.0,1.0,392.0,393.0,383.0,389.0,1155900.0
2022-04-26,52020,394.0,399.0,390.0,393.0,0,0,971400.0,381844500.0,1.0,394.0,399.0,390.0,393.0,971400.0
2022-04-27,52020,385.0,387.0,381.0,386.0,0,0,1000100.0,384979300.0,1.0,385.0,387.0,381.0,386.0,1000100.0
2022-04-28,52020,386.0,395.0,386.0,395.0,0,0,784800.0,306705500.0,1.0,386.0,395.0,386.0,395.0,784800.0
2022-05-02,52020,393.0,401.0,389.0,397.0,0,0,741700.0,293269400.0,1.0,393.0,401.0,389.0,397.0,741700.0
2022-05-06,52020,396.0,401.0,389.0,401.0,0,0,735200.0,292152800.0,1.0,396.0,401.0,389.0,401.0,735200.0
2022-05-09,52020,396.0,396.0,388.0,390.0,0,0,672200.0,262576000.0,1.0,396.0,396.0,388.0,390.0,672200.0
2022-05-10,52020,388.0,390.0,377.0,389.0,0,0,1020000.0,391870900.0,1.0,388.0,390.0,377.0,389.0,1020000.0
2022-05-11,52020,382.0,386.0,379.0,383.0,0,0,902000.0,344788700.0,1.0,382.0,386.0,379.0,383.0,902000.0
2022-05-12,52020,379.0,386.0,378.0,379.0,0,0,1168700.0,444896100.0,1.0,379.0,386.0,378.0,379.0,1168700.0
2022-05-13,52020,371.0,382.0,364.0,368.0,0,0,2467500.0,913747400.0,1.0,371.0,382.0,364.0,368.0,2467500.0
2022-05-16,52020,372.0,382.0,365.0,369.0,0,0,1493800.0,553174900.0,1.0,372.0,382.0,365.0,369.0,1493800.0
2022-05-17,52020,365.0,368.0,360.0,368.0,0,0,953000.0,348452100.0,1.0,365.0,368.0,360.0,368.0,953000.0
2022-05-18,52020,370.0,373.0,369.0,370.0,0,0,920000.0,340747800.0,1.0,370.0,373.0,369.0,370.0,920000.0
2022-05-19,52020,362.0,375.0,361.0,373.0,0,0,1150400.0,423071400.0,1.0,362.0,375.0,361.0,373.0,1150400.0
2022-05-20,52020,374.0,382.0,372.0,378.0,0,0,971000.0,366176800.0,1.0,374.0,382.0,372.0,378.0,971000.0
2022-05-23,52020,383.0,386.0,379.0,383.0,0,0,765700.0,292907700.0,1.0,383.0,386.0,379.0,383.0,765700.0
2022-05-24,52020,383.0,400.0,383.0,394.0,0,0,1657800.0,650548500.0,1.0,383.0,400.0,383.0,394.0,1657800.0
2022-05-25,52020,392.0,400.0,383.0,384.0,0,0,1275600.0,496476100.0,1.0,392.0,400.0,383.0,384.0,1275600.0
2022-05-26,52020,382.0,385.0,375.0,377.0,0,0,1343200.0,509520400.0,1.0,382.0,385.0,375.0,377.0,1343200.0
2022-05-27,52020,383.0,385.0,378.0,379.0,0,0,800700.0,305220700.0,1.0,383.0,385.0,378.0,379.0,800700.0
2022-05-30,52020,381.0,388.0,381.0,386.0,0,0,863000.0,332086500.0,1.0,381.0,388.0,381.0,386.0,863000.0
2022-05-31,52020,392.0,394.0,382.0,388.0,0,0,5145400.0,1995576700.0,1.0,392.0,394.0,382.0,388.0,5145400.0
2022-06-01,52020,392.0,411.0,388.0,411.0,0,0,1969500.0,796527000.0,1.0,392.0,411.0,388.0,411.0,1969500.0
2022-06-02,52020,415.0,417.0,408.0,409.0,0,0,1118200.0,460512100.0,1.0,415.0,417.0,408.0,409.0,1118200.0
2022-06-03,52020,415.0,424.0,414.0,423.0,0,0,1399400.0,587442600.0,1.0,415.0,424.0,414.0,423.0,1399400.0
2022-06-06,52020,420.0,424.0,417.0,420.0,0,0,740100.0,310413700.0,1.0,420.0,424.0,417.0,420.0,740100.0
2022-06-07,52020,424.0,435.0,423.0,432.0,0,0,951900.0,410417000.0,1.0,424.0,435.0,423.0,432.0,951900.0
2022-06-08,52020,438.0,441.0,435.0,437.0,0,0,1210500.0,529895900.0,1.0,438.0,441.0,435.0,437.0,1210500.0
2022-06-09,52020,439.0,443.0,436.0,440.0,0,0,885500.0,389215600.0,1.0,439.0,443.0,436.0,440.0,885500.0
2022-06-10,52020,434.0,435.0,424.0,427.0,0,0,897800.0,385916200.0,1.0,434.0,435.0,424.0,427.0,897800.0
2022-06-13,52020,409.0,414.0,401.0,402.0,0,0,2045400.0,830091600.0,1.0,409.0,414.0,401.0,402.0,2045400.0
2022-06-14,52020,394.0,404.0,388.0,403.0,0,0,1252500.0,497793900.0,1.0,394.0,404.0,388.0,403.0,1252500.0
2022-06-15,52020,402.0,406.0,386.0,387.0,0,0,1527800.0,597943000.0,1.0,402.0,406.0,386.0,387.0,1527800.0
2022-06-16,52020,393.0,402.0,393.0,393.0,0,0,897300.0,355999700.0,1.0,393.0,402.0,393.0,393.0,897300.0
2022-06-17,52020,380.0,387.0,377.0,384.0,0,0,1150900.0,439451100.0,1.0,380.0,387.0,377.0,384.0,1150900.0
2022-06-20,52020,390.0,390.0,375.0,378.0,0,0,933800.0,354545000.0,1.0,390.0,390.0,375.0,378.0,933800.0
2022-06-21,52020,385.0,396.0,385.0,393.0,0,0,941700.0,369436300.0,1.0,385.0,396.0,385.0,393.0,941700.0
2022-06-22,52020,397.0,397.0,384.0,384.0,0,0,784700.0,304464400.0,1.0,397.0,397.0,384.0,384.0,784700.0
2022-06-23,52020,382.0,394.0,382.0,394.0,0,0,921100.0,358825500.0,1.0,382.0,394.0,382.0,394.0,921100.0
2022-06-24,52020,389.0,392.0,386.0,389.0,0,0,770400.0,299719600.0,1.0,389.0,392.0,386.0,389.0,770400.0
2022-06-27,52020,400.0,403.0,394.0,397.0,0,0,574500.0,228866100.0,1.0,400.0,403.0,394.0,397.0,574500.0
2022-06-28,52020,396.0,406.0,395.0,400.0,0,0,709800.0,284536500.0,1.0,396.0,406.0,395.0,400.0,709800.0
2022-06-29,52020,395.0,398.0,390.0,390.0,0,0,645900.0,253668400.0,1.0,395.0,398.0,390.0,390.0,645900.0
2022-06-30,52020,393.0,393.0,382.0,382.0,0,0,741800.0,285881600.0,1.0,393.0,393.0,382.0,382.0,741800.0
2022-07-01,52020,382.0,384.0,367.0,371.0,0,0,1654300.0,618879900.0,1.0,382.0,384.0,367.0,371.0,1654300.0
2022-07-04,52020,374.0,380.0,372.0,380.0,0,0,973900.0,366201200.0,1.0,374.0,380.0,372.0,380.0,973900.0
2022-07-05,52020,383.0,384.0,378.0,379.0,0,0,534600.0,203551000.0,1.0,383.0,384.0,378.0,379.0,534600.0
2022-07-06,52020,375.0,376.0,369.0,376.0,0,0,1157300.0,431749600.0,1.0,375.0,376.0,369.0,376.0,1157300.0
2022-07-07,52020,375.0,383.0,372.0,381.0,0,0,907200.0,343270800.0,1.0,375.0,383.0,372.0,381.0,907200.0
2022-07-08,52020,380.0,393.0,380.0,388.0,0,0,1258800.0,488612000.0,1.0,380.0,393.0,380.0,388.0,1258800.0
2022-07-11,52020,395.0,398.0,392.0,394.0,0,0,761000.0,300490100.0,1.0,395.0,398.0,392.0,394.0,761000.0
2022-07-12,52020,392.0,392.0,377.0,377.0,0,0,1236100.0,471731300.0,1.0,392.0,392.0,377.0,377.0,1236100.0
2022-07-13,52020,382.0,384.0,376.0,378.0,0,0,963900.0,365166500.0,1.0,382.0,384.0,376.0,378.0,963900.0
2022-07-14,52020,378.0,380.0,375.0,377.0,0,0,695600.0,262608400.0,1.0,378.0,380.0,375.0,377.0,695600.0
2022-07-15,52020,379.0,380.0,372.0,372.0,0,0,1097300.0,412019900.0,1.0,379.0,380.0,372.0,372.0,1097300.0
2022-07-19,52020,377.0,393.0,374.0,393.0,0,0,1499700.0,578438000.0,1.0,377.0,393.0,374.0,393.0,1499700.0
2022-07-20,52020,398.0,399.0,393.0,394.0,0,0,784500.0,309889400.0,1.0,398.0,399.0,393.0,394.0,784500.0
2022-07-21,52020,391.0,401.0,391.0,401.0,0,0,1133300.0,450563200.0,1.0,391.0,401.0,391.0,401.0,1133300.0
2022-07-22,52020,401.0,407.0,399.0,402.0,0,0,1015600.0,409505600.0,1.0,401.0,407.0,399.0,402.0,1015600.0
2022-07-25,52020,401.0,402.0,391.0,392.0,0,0,659100.0,260078700.0,1.0,401.0,402.0,391.0,392.0,659100.0
2022-07-26,52020,394.0,396.0,390.0,392.0,0,0,891200.0,349858300.0,1.0,394.0,396.0,390.0,392.0,891200.0
2022-07-27,52020,390.0,395.0,389.0,393.0,0,0,485500.0,190447500.0,1.0,390.0,395.0,389.0,393.0,485500.0
2022-07-28,52020,396.0,398.0,386.0,388.0,0,0,836300.0,326193800.0,1.0,396.0,398.0,386.0,388.0,836300.0
2022-07-29,52020,390.0,392.0,385.0,386.0,0,0,530200.0,205689600.0,1.0,390.0,392.0,385.0,386.0,530200.0
2022-08-01,52020,389.0,395.0,387.0,392.0,0,0,629200.0,246915200.0,1.0,389.0,395.0,387.0,392.0,629200.0
2022-08-02,52020,391.0,392.0,381.0,382.0,0,0,842700.0,323767800.0,1.0,391.0,392.0,381.0,382.0,842700.0
2022-08-03,52020,382.0,387.0,377.0,386.0,0,0,845300.0,323461400.0,1.0,382.0,387.0,377.0,386.0,845300.0
2022-08-04,52020,388.0,393.0,385.0,393.0,0,0,747500.0,291863900.0,1.0,388.0,393.0,385.0,393.0,747500.0
2022-08-05,52020,394.0,400.0,388.0,395.0,0,0,1116800.0,441480600.0,1.0,394.0,400.0,388.0,395.0,1116800.0
2022-08-08,52020,426.0,473.0,420.0,465.0,0,0,8566800.0,3926906400.0,1.0,426.0,473.0,420.0,465.0,8566800.0
2022-08-09,52020,457.0,498.0,455.0,487.0,0,0,5599200.0,2696231900.0,1.0,457.0,498.0,455.0,487.0,5599200.0
2022-08-10,52020,486.0,495.0,480.0,482.0,0,0,2444600.0,1188029500.0,1.0,486.0,495.0,480.0,482.0,2444600.0
2022-08-12,52020,490.0,495.0,481.0,485.0,0,0,1631500.0,791753400.0,1.0,490.0,495.0,481.0,485.0,1631500.0
2022-08-15,52020,486.0,500.0,482.0,500.0,0,0,1989300.0,982795400.0,1.0,486.0,500.0,482.0,500.0,1989300.0
2022-08-16,52020,498.0,505.0,489.0,498.0,0,0,1944000.0,969425700.0,1.0,498.0,505.0,489.0,498.0,1944000.0
2022-08-17,52020,503.0,533.0,503.0,530.0,0,0,2944600.0,1547868300.0,1.0,503.0,533.0,503.0,530.0,2944600.0
2022-08-18,52020,532.0,562.0,531.0,558.0,0,0,5032400.0,2775634600.0,1.0,532.0,562.0,531.0,558.0,5032400.0
2022-08-19,52020,553.0,554.0,537.0,543.0,0,0,2563500.0,1398481400.0,1.0,553.0,554.0,537.0,543.0,2563500.0
2022-08-22,52020,533.0,537.0,523.0,528.0,0,0,1637000.0,866481200.0,1.0,533.0,537.0,523.0,528.0,1637000.0
2022-08-23,52020,525.0,526.0,513.0,515.0,0,0,1850000.0,957280900.0,1.0,525.0,526.0,513.0,515.0,1850000.0
2022-08-24,52020,515.0,525.0,514.0,525.0,0,0,1119600.0,582164100.0,1.0,515.0,525.0,514.0,525.0,1119600.0
2022-08-25,52020,521.0,525.0,514.0,522.0,0,0,868900.0,452583100.0,1.0,521.0,525.0,514.0,522.0,868900.0
2022-08-26,52020,530.0,532.0,523.0,523.0,0,0,642900.0,338375600.0,1.0,530.0,532.0,523.0,523.0,642900.0
2022-08-29,52020,507.0,517.0,506.0,516.0,0,0,926600.0,474238200.0,1.0,507.0,517.0,506.0,516.0,926600.0
2022-08-30,52020,520.0,531.0,520.0,531.0,0,0,1036000.0,547041700.0,1.0,520.0,531.0,520.0,531.0,1036000.0
2022-08-31,52020,535.0,548.0,531.0,534.0,0,0,1655400.0,891011800.0,1.0,535.0,548.0,531.0,534.0,1655400.0
2022-09-01,52020,528.0,547.0,526.0,544.0,0,0,1396600.0,754400500.0,1.0,528.0,547.0,526.0,544.0,1396600.0
2022-09-02,52020,545.0,551.0,534.0,549.0,0,0,1539800.0,839682500.0,1.0,545.0,551.0,534.0,549.0,1539800.0
2022-09-05,52020,549.0,555.0,541.0,548.0,0,0,1183500.0,650643300.0,1.0,549.0,555.0,541.0,548.0,1183500.0
2022-09-06,52020,554.0,562.0,545.0,559.0,0,0,1374000.0,764335700.0,1.0,554.0,562.0,545.0,559.0,1374000.0
2022-09-07,52020,560.0,562.0,541.0,553.0,0,0,1130900.0,622749300.0,1.0,560.0,562.0,541.0,553.0,1130900.0
2022-09-08,52020,558.0,577.0,552.0,575.0,0,0,1970500.0,1119958300.0,1.0,558.0,577.0,552.0,575.0,1970500.0
2022-09-09,52020,575.0,580.0,570.0,574.0,0,0,1443900.0,829430600.0,1.0,575.0,580.0,570.0,574.0,1443900.0
2022-09-12,52020,580.0,599.0,579.0,587.0,0,0,1490800.0,878711200.0,1.0,580.0,599.0,579.0,587.0,1490800.0
2022-09-13,52020,590.0,593.0,579.0,581.0,0,0,898300.0,525580400.0,1.0,590.0,593.0,579.0,581.0,898300.0
2022-09-14,52020,565.0,581.0,564.0,579.0,0,0,814000.0,468062800.0,1.0,565.0,581.0,564.0,579.0,814000.0
2022-09-15,52020,577.0,581.0,570.0,580.0,0,0,708100.0,409263700.0,1.0,577.0,581.0,570.0,580.0,708100.0
2022-09-16,52020,574.0,585.0,572.0,578.0,0,0,1204600.0,697045900.0,1.0,574.0,585.0,572.0,578.0,1204600.0
2022-09-20,52020,583.0,592.0,576.0,577.0,0,0,1043500.0,607229800.0,1.0,583.0,592.0,576.0,577.0,1043500.0
2022-09-21,52020,572.0,572.0,561.0,567.0,0,0,872700.0,493964400.0,1.0,572.0,572.0,561.0,567.0,872700.0
2022-09-22,52020,557.0,569.0,553.0,568.0,0,0,913900.0,514664800.0,1.0,557.0,569.0,553.0,568.0,913900.0
2022-09-26,52020,561.0,561.0,537.0,545.0,0,0,1869800.0,1020459300.0,1.0,561.0,561.0,537.0,545.0,1869800.0
2022-09-27,52020,542.0,554.0,533.0,552.0,0,0,934500.0,512521600.0,1.0,542.0,554.0,533.0,552.0,934500.0
2022-09-28,52020,547.0,549.0,510.0,524.0,0,0,2328900.0,1216796300.0,1.0,547.0,549.0,510.0,524.0,2328900.0
2022-09-29,52020,530.0,539.0,523.0,531.0,0,0,1369000.0,725573700.0,1.0,530.0,539.0,523.0,531.0,1369000.0
2022-09-30,52020,529.0,529.0,510.0,511.0,0,0,1315600.0,676569200.0,1.0,529.0,529.0,510.0,511.0,1315600.0
2022-10-03,52020,511.0,540.0,508.0,539.0,0,0,1477600.0,778593600.0,1.0,511.0,540.0,508.0,539.0,1477600.0
2022-10-04,52020,555.0,590.0,554.0,581.0,0,0,3161500.0,1830055200.0,1.0,555.0,590.0,554.0,581.0,3161500.0
2022-10-05,52020,587.0,589.0,554.0,556.0,0,0,1699800.0,960740000.0,1.0,587.0,589.0,554.0,556.0,1699800.0
2022-10-06,52020,557.0,575.0,553.0,554.0,0,0,1054100.0,590242000.0,1.0,557.0,575.0,553.0,554.0,1054100.0
2022-10-07,52020,544.0,557.0,542.0,552.0,0,0,708300.0,391116800.0,1.0,544.0,557.0,542.0,552.0,708300.0
2022-10-11,52020,548.0,551.0,535.0,538.0,0,0,1152800.0,623058100.0,1.0,548.0,551.0,535.0,538.0,1152800.0
2022-10-12,52020,537.0,548.0,534.0,547.0,0,0,950200.0,514203100.0,1.0,537.0,548.0,534.0,547.0,950200.0
2022-10-13,52020,547.0,550.0,539.0,548.0,0,0,683800.0,372660700.0,1.0,547.0,550.0,539.0,548.0,683800.0
2022-10-14,52020,560.0,572.0,556.0,566.0,0,0,1062200.0,600785900.0,1.0,560.0,572.0,556.0,566.0,1062200.0
2022-10-17,52020,559.0,565.0,551.0,554.0,0,0,645200.0,359432400.0,1.0,559.0,565.0,551.0,554.0,645200.0
2022-10-18,52020,564.0,564.0,547.0,551.0,0,0,613200.0,339016300.0,1.0,564.0,564.0,547.0,551.0,613200.0
2022-10-19,52020,547.0,551.0,545.0,548.0,0,0,409400.0,224221200.0,1.0,547.0,551.0,545.0,548.0,409400.0
2022-10-20,52020,541.0,547.0,536.0,542.0,0,0,571300.0,308223500.0,1.0,541.0,547.0,536.0,542.0,571300.0
2022-10-21,52020,536.0,539.0,528.0,530.0,0,0,791800.0,421950900.0,1.0,536.0,539.0,528.0,530.0,791800.0
2022-10-24,52020,538.0,540.0,529.0,532.0,0,0,544300.0,290561200.0,1.0,538.0,540.0,529.0,532.0,544300.0
2022-10-25,52020,535.0,538.0,527.0,534.0,0,0,496300.0,264704700.0,1.0,535.0,538.0,527.0,534.0,496300.0
2022-10-26,52020,538.0,541.0,530.0,539.0,0,0,630100.0,338573800.0,1.0,538.0,541.0,530.0,539.0,630100.0
2022-10-27,52020,535.0,542.0,533.0,542.0,0,0,447500.0,241073000.0,1.0,535.0,542.0,533.0,542.0,447500.0
2022-10-28,52020,533.0,542.0,529.0,534.0,0,0,948500.0,508618400.0,1.0,533.0,542.0,529.0,534.0,948500.0
2022-10-31,52020,543.0,558.0,539.0,555.0,0,0,1033300.0,570157100.0,1.0,543.0,558.0,539.0,555.0,1033300.0
2022-11-01,52020,560.0,566.0,550.0,566.0,0,0,817500.0,457765000.0,1.0,560.0,566.0,550.0,566.0,817500.0
2022-11-02,52020,564.0,585.0,564.0,574.0,0,0,900300.0,519724900.0,1.0,564.0,585.0,564.0,574.0,900300.0
2022-11-04,52020,564.0,570.0,541.0,542.0,0,0,1420000.0,784038300.0,1.0,564.0,570.0,541.0,542.0,1420000.0
2022-11-07,52020,543.0,555.0,532.0,554.0,0,0,799900.0,436471900.0,1.0,543.0,555.0,532.0,554.0,799900.0
2022-11-08,52020,555.0,569.0,553.0,569.0,0,0,754800.0,426230000.0,1.0,555.0,569.0,553.0,569.0,754800.0
2022-11-09,52020,569.0,573.0,559.0,566.0,0,0,622700.0,351646300.0,1.0,569.0,573.0,559.0,566.0,622700.0
2022-11-10,52020,558.0,573.0,557.0,568.0,0,0,1018300.0,576332300.0,1.0,558.0,573.0,557.0,568.0,1018300.0
2022-11-11,52020,558.0,578.0,534.0,558.0,0,0,5334600.0,2950364600.0,1.0,558.0,578.0,534.0,558.0,5334600.0
2022-11-14,52020,552.0,575.0,539.0,543.0,0,0,2142700.0,1192215900.0,1.0,552.0,575.0,539.0,543.0,2142700.0
2022-11-15,52020,542.0,558.0,536.0,555.0,0,0,989100.0,540573400.0,1.0,542.0,558.0,536.0,555.0,989100.0
2022-11-16,52020,555.0,562.0,549.0,554.0,0,0,765600.0,425437300.0,1.0,555.0,562.0,549.0,554.0,765600.0
2022-11-17,52020,548.0,567.0,547.0,567.0,0,0,723100.0,406876800.0,1.0,548.0,567.0,547.0,567.0,723100.0
2022-11-18,52020,572.0,573.0,561.0,561.0,0,0,737000.0,417981600.0,1.0,572.0,573.0,561.0,561.0,737000.0
2022-11-21,52020,557.0,559.0,544.0,550.0,0,0,1519100.0,834512700.0,1.0,557.0,559.0,544.0,550.0,1519100.0
2022-11-22,52020,554.0,604.0,551.0,603.0,0,0,3336000.0,1957570200.0,1.0,554.0,604.0,551.0,603.0,3336000.0
2022-11-24,52020,608.0,630.0,608.0,617.0,0,0,2846900.0,1762846700.0,1.0,608.0,630.0,608.0,617.0,2846900.0
2022-11-25,52020,620.0,623.0,602.0,606.0,0,0,1078500.0,655918400.0,1.0,620.0,623.0,602.0,606.0,1078500.0
2022-11-28,52020,606.0,606.0,594.0,604.0,0,0,818400.0,490514800.0,1.0,606.0,606.0,594.0,604.0,818400.0
2022-11-29,52020,603.0,611.0,594.0,609.0,0,0,772300.0,467140200.0,1.0,603.0,611.0,594.0,609.0,772300.0
2022-11-30,52020,605.0,613.0,603.0,604.0,0,0,973200.0,590634700.0,1.0,605.0,613.0,603.0,604.0,973200.0
2022-12-01,52020,614.0,626.0,608.0,621.0,0,0,1561100.0,967804400.0,1.0,614.0,626.0,608.0,621.0,1561100.0
2022-12-02,52020,615.0,615.0,601.0,609.0,0,0,942900.0,572511800.0,1.0,615.0,615.0,601.0,609.0,942900.0
2022-12-05,52020,613.0,616.0,605.0,616.0,0,0,517700.0,316346600.0,1.0,613.0,616.0,605.0,616.0,517700.0
2022-12-06,52020,606.0,615.0,596.0,611.0,0,0,918300.0,555005600.0,1.0,606.0,615.0,596.0,611.0,918300.0
2022-12-07,52020,605.0,616.0,602.0,602.0,0,0,698600.0,424837300.0,1.0,605.0,616.0,602.0,602.0,698600.0
2022-12-08,52020,600.0,604.0,593.0,604.0,0,0,645900.0,386569600.0,1.0,600.0,604.0,593.0,604.0,645900.0
2022-12-09,52020,608.0,613.0,606.0,607.0,0,0,476400.0,289886400.0,1.0,608.0,613.0,606.0,607.0,476400.0
2022-12-12,52020,606.0,614.0,603.0,612.0,0,0,341500.0,207685000.0,1.0,606.0,614.0,603.0,612.0,341500.0
2022-12-13,52020,615.0,623.0,613.0,617.0,0,0,458500.0,283276300.0,1.0,615.0,623.0,613.0,617.0,458500.0
2022-12-14,52020,620.0,643.0,617.0,630.0,0,0,1472800.0,932778800.0,1.0,620.0,643.0,617.0,630.0,1472800.0
2022-12-15,52020,631.0,637.0,628.0,631.0,0,0,511300.0,322825900.0,1.0,631.0,637.0,628.0,631.0,511300.0
2022-12-16,52020,621.0,631.0,619.0,625.0,0,0,791600.0,496012400.0,1.0,621.0,631.0,619.0,625.0,791600.0
2022-12-19,52020,619.0,621.0,611.0,615.0,0,0,574700.0,353531300.0,1.0,619.0,621.0,611.0,615.0,574700.0
2022-12-20,52020,612.0,614.0,596.0,602.0,0,0,999100.0,603027800.0,1.0,612.0,614.0,596.0,602.0,999100.0
2022-12-21,52020,598.0,601.0,582.0,582.0,0,0,920800.0,541792800.0,1.0,598.0,601.0,582.0,582.0,920800.0
2022-12-22,52020,585.0,590.0,559.0,573.0,0,0,1323700.0,753532100.0,1.0,585.0,590.0,559.0,573.0,1323700.0
2022-12-23,52020,569.0,570.0,550.0,551.0,0,0,914700.0,509113500.0,1.0,569.0,570.0,550.0,551.0,914700.0
2022-12-26,52020,556.0,559.0,548.0,549.0,0,0,500500.0,276361600.0,1.0,556.0,559.0,548.0,549.0,500500.0
2022-12-27,52020,555.0,564.0,553.0,560.0,0,0,494900.0,276555100.0,1.0,555.0,564.0,553.0,560.0,494900.0
2022-12-28,52020,561.0,580.0,561.0,579.0,0,0,772500.0,442354200.0,1.0,561.0,580.0,561.0,579.0,772500.0
2022-12-29,52020,579.0,579.0,553.0,557.0,0,0,902900.0,505875900.0,1.0,579.0,579.0,553.0,557.0,902900.0
2022-12-30,52020,558.0,573.0,558.0,567.0,0,0,506500.0,287213200.0,1.0,558.0,573.0,558.0,567.0,506500.0
2023-01-04,52020,558.0,598.0,556.0,593.0,0,0,1710400.0,1006506000.0,1.0,558.0,598.0,556.0,593.0,1710400.0
2023-01-05,52020,596.0,642.0,595.0,638.0,0,0,3156100.0,1985513200.0,1.0,596.0,642.0,595.0,638.0,3156100.0
2023-01-06,52020,630.0,665.0,610.0,647.0,0,0,4101700.0,2632700900.0,1.0,630.0,665.0,610.0,647.0,4101700.0
2023-01-10,52020,648.0,650.0,627.0,645.0,0,0,1625900.0,1041552000.0,1.0,648.0,650.0,627.0,645.0,1625900.0
2023-01-11,52020,645.0,652.0,638.0,649.0,0,0,1024000.0,661756500.0,1.0,645.0,652.0,638.0,649.0,1024000.0
2023-01-12,52020,650.0,658.0,639.0,645.0,0,0,1386700.0,895596800.0,1.0,650.0,658.0,639.0,645.0,1386700.0
2023-01-13,52020,635.0,635.0,611.0,613.0,0,0,1863400.0,1155506500.0,1.0,635.0,635.0,611.0,613.0,1863400.0
2023-01-16,52020,601.0,609.0,594.0,596.0,0,0,1116200.0,669724500.0,1.0,601.0,609.0,594.0,596.0,1116200.0
2023-01-17,52020,596.0,614.0,596.0,606.0,0,0,815700.0,492793500.0,1.0,596.0,614.0,596.0,606.0,815700.0
2023-01-18,52020,601.0,620.0,593.0,613.0,0,0,984500.0,597609000.0,1.0,601.0,620.0,593.0,613.0,984500.0
2023-01-19,52020,603.0,609.0,583.0,583.0,0,0,964100.0,571067200.0,1.0,603.0,609.0,583.0,583.0,964100.0
2023-01-20,52020,577.0,597.0,573.0,597.0,0,0,964100.0,566190200.0,1.0,577.0,597.0,573.0,597.0,964100.0
2023-01-23,52020,607.0,608.0,594.0,596.0,0,0,750500.0,449218500.0,1.0,607.0,608.0,594.0,596.0,750500.0
2023-01-24,52020,603.0,604.0,592.0,597.0,0,0,589600.0,351551800.0,1.0,603.0,604.0,592.0,597.0,589600.0
2023-01-25,52020,599.0,612.0,593.0,611.0,0,0,784100.0,473559100.0,1.0,599.0,612.0,593.0,611.0,784100.0
2023-01-26,52020,614.0,634.0,612.0,627.0,0,0,1356900.0,847874600.0,1.0,614.0,634.0,612.0,627.0,1356900.0
2023-01-27,52020,635.0,638.0,626.0,632.0,0,0,812400.0,513831700.0,1.0,635.0,638.0,626.0,632.0,812400.0
2023-01-30,52020,631.0,631.0,618.0,623.0,0,0,685200.0,427137800.0,1.0,631.0,631.0,618.0,623.0,685200.0
2023-01-31,52020,625.0,630.0,616.0,625.0,0,0,553000.0,344672700.0,1.0,625.0,630.0,616.0,625.0,553000.0
2023-02-01,52020,628.0,636.0,627.0,629.0,0,0,565600.0,356718800.0,1.0,628.0,636.0,627.0,629.0,565600.0
2023-02-02,52020,628.0,630.0,620.0,624.0,0,0,565800.0,353218500.0,1.0,628.0,630.0,620.0,624.0,565800.0
2023-02-03,52020,624.0,629.0,620.0,620.0,0,0,413400.0,257449000.0,1.0,624.0,629.0,620.0,620.0,413400.0
2023-02-06,52020,630.0,641.0,626.0,638.0,0,0,874400.0,556080900.0,1.0,630.0,641.0,626.0,638.0,874400.0
2023-02-07,52020,640.0,658.0,638.0,647.0,0,0,1553600.0,1007452400.0,1.0,640.0,658.0,638.0,647.0,1553600.0
2023-02-08,52020,650.0,650.0,634.0,638.0,0,0,985400.0,630290900.0,1.0,650.0,650.0,634.0,638.0,985400.0
2023-02-09,52020,635.0,666.0,626.0,659.0,0,0,1728800.0,1121858500.0,1.0,635.0,666.0,626.0,659.0,1728800.0
2023-02-10,52020,680.0,704.0,668.0,697.0,0,0,3430200.0,2375060200.0,1.0,680.0,704.0,668.0,697.0,3430200.0
2023-02-13,52020,692.0,703.0,676.0,677.0,0,0,1221900.0,835197800.0,1.0,692.0,703.0,676.0,677.0,1221900.0
2023-02-14,52020,681.0,683.0,669.0,671.0,0,0,1039400.0,701692800.0,1.0,681.0,683.0,669.0,671.0,1039400.0
2023-02-15,52020,677.0,678.0,661.0,666.0,0,0,798500.0,533395700.0,1.0,677.0,678.0,661.0,666.0,798500.0
2023-02-16,52020,666.0,674.0,661.0,674.0,0,0,562600.0,376686600.0,1.0,666.0,674.0,661.0,674.0,562600.0
2023-02-17,52020,666.0,678.0,665.0,678.0,0,0,386400.0,260796700.0,1.0,666.0,678.0,665.0,678.0,386400.0
2023-02-20,52020,681.0,696.0,675.0,696.0,0,0,663900.0,457156500.0,1.0,681.0,696.0,675.0,696.0,663900.0
2023-02-21,52020,701.0,732.0,698.0,729.0,0,0,1804400.0,1296654400.0,1.0,701.0,732.0,698.0,729.0,1804400.0
2023-02-22,52020,725.0,727.0,702.0,703.0,0,0,1120900.0,799650600.0,1.0,725.0,727.0,702.0,703.0,1120900.0
2023-02-24,52020,716.0,719.0,701.0,707.0,0,0,876200.0,620302200.0,1.0,716.0,719.0,701.0,707.0,876200.0
2023-02-27,52020,705.0,708.0,700.0,700.0,0,0,872600.0,613348500.0,1.0,705.0,708.0,700.0,700.0,872600.0
2023-02-28,52020,704.0,706.0,693.0,702.0,0,0,892700.0,625933700.0,1.0,704.0,706.0,693.0,702.0,892700.0
2023-03-01,52020,699.0,704.0,688.0,699.0,0,0,755600.0,526577200.0,1.0,699.0,704.0,688.0,699.0,755600.0
2023-03-02,52020,696.0,735.0,691.0,735.0,0,0,1862900.0,1341196300.0,1.0,696.0,735.0,691.0,735.0,1862900.0
2023-03-03,52020,738.0,741.0,720.0,734.0,0,0,1420600.0,1039500600.0,1.0,738.0,741.0,720.0,734.0,1420600.0
2023-03-06,52020,738.0,761.0,733.0,742.0,0,0,1146300.0,854488200.0,1.0,738.0,761.0,733.0,742.0,1146300.0
2023-03-07,52020,742.0,757.0,739.0,746.0,0,0,734200.0,549970000.0,1.0,742.0,757.0,739.0,746.0,734200.0
2023-03-08,52020,744.0,748.0,735.0,739.0,0,0,643000.0,475575400.0,1.0,744.0,748.0,735.0,739.0,643000.0
2023-03-09,52020,741.0,744.0,718.0,720.0,0,0,1101000.0,800793200.0,1.0,741.0,744.0,718.0,720.0,1101000.0
2023-03-10,52020,715.0,729.0,708.0,708.0,0,0,1007700.0,720979000.0,1.0,715.0,729.0,708.0,708.0,1007700.0
2023-03-13,52020,693.0,695.0,672.0,678.0,0,0,1134400.0,770813700.0,1.0,693.0,695.0,672.0,678.0,1134400.0
2023-03-14,52020,660.0,660.0,644.0,650.0,0,0,1371000.0,892273300.0,1.0,660.0,660.0,644.0,650.0,1371000.0
2023-03-15,52020,660.0,666.0,647.0,654.0,0,0,551400.0,361251500.0,1.0,660.0,666.0,647.0,654.0,551400.0
2023-03-16,52020,632.0,634.0,618.0,623.0,0,0,1188700.0,740843000.0,1.0,632.0,634.0,618.0,623.0,1188700.0
2023-03-17,52020,625.0,628.0,606.0,608.0,0,0,833700.0,509854600.0,1.0,625.0,628.0,606.0,608.0,833700.0
2023-03-20,52020,600.0,612.0,596.0,600.0,0,0,798100.0,481199000.0,1.0,600.0,612.0,596.0,600.0,798100.0
2023-03-22,52020,620.0,621.0,602.0,602.0,0,0,733600.0,447062900.0,1.0,620.0,621.0,602.0,602.0,733600.0
2023-03-23,52020,592.0,595.0,584.0,589.0,0,0,967500.0,568790200.0,1.0,592.0,595.0,584.0,589.0,967500.0
2023-03-24,52020,584.0,597.0,576.0,596.0,0,0,861800.0,504944000.0,1.0,584.0,597.0,576.0,596.0,861800.0
2023-03-27,52020,602.0,612.0,593.0,594.0,0,0,909100.0,545960900.0,1.0,602.0,612.0,593.0,594.0,909100.0
2023-03-28,52020,604.0,609.0,595.0,599.0,0,0,579900.0,348723200.0,1.0,604.0,609.0,595.0,599.0,579900.0
2023-03-29,52020,609.0,623.0,602.0,619.0,0,0,1529600.0,938582200.0,1.0,609.0,623.0,602.0,619.0,1529600.0
2023-03-30,52020,629.0,639.0,620.0,628.0,0,0,1137700.0,714556100.0,1.0,629.0,639.0,620.0,628.0,1137700.0
2023-03-31,52020,630.0,643.0,630.0,634.0,0,0,645800.0,410599000.0,1.0,630.0,643.0,630.0,634.0,645800.0
2023-04-03,52020,644.0,677.0,640.0,675.0,0,0,1131800.0,750332700.0,1.0,644.0,677.0,640.0,675.0,1131800.0
2023-04-04,52020,675.0,685.0,663.0,667.0,0,0,913600.0,614722300.0,1.0,675.0,685.0,663.0,667.0,913600.0
2023-04-05,52020,660.0,664.0,642.0,644.0,0,0,731000.0,473272900.0,1.0,660.0,664.0,642.0,644.0,731000.0
2023-04-06,52020,632.0,638.0,626.0,630.0,0,0,686500.0,432706400.0,1.0,632.0,638.0,626.0,630.0,686500.0
2023-04-07,52020,631.0,641.0,629.0,637.0,0,0,509100.0,323277200.0,1.0,631.0,641.0,629.0,637.0,509100.0
2023-04-10,52020,642.0,645.0,624.0,625.0,0,0,640000.0,403388400.0,1.0,642.0,645.0,624.0,625.0,640000.0
2023-04-11,52020,635.0,640.0,628.0,635.0,0,0,550300.0,349221400.0,1.0,635.0,640.0,628.0,635.0,550300.0
2023-04-12,52020,640.0,649.0,639.0,648.0,0,0,427500.0,275978300.0,1.0,640.0,649.0,639.0,648.0,427500.0
2023-04-13,52020,644.0,644.0,634.0,641.0,0,0,436000.0,279000900.0,1.0,644.0,644.0,634.0,641.0,436000.0
2023-04-14,52020,651.0,651.0,639.0,645.0,0,0,469700.0,303090700.0,1.0,651.0,651.0,639.0,645.0,469700.0
2023-04-17,52020,650.0,650.0,631.0,642.0,0,0,712300.0,455376100.0,1.0,650.0,650.0,631.0,642.0,712300.0
2023-04-18,52020,640.0,649.0,640.0,648.0,0,0,370900.0,239480600.0,1.0,640.0,649.0,640.0,648.0,370900.0
2023-04-19,52020,646.0,670.0,645.0,669.0,0,0,1188200.0,781333700.0,1.0,646.0,670.0,645.0,669.0,1188200.0
2023-04-20,52020,670.0,682.0,666.0,673.0,0,0,778000.0,524727100.0,1.0,670.0,682.0,666.0,673.0,778000.0
2023-04-21,52020,669.0,681.0,664.0,666.0,0,0,643000.0,431310000.0,1.0,669.0,681.0,664.0,666.0,643000.0
2023-04-24,52020,670.0,680.0,668.0,674.0,0,0,422400.0,285230400.0,1.0,670.0,680.0,668.0,674.0,422400.0
2023-04-25,52020,678.0,680.0,666.0,668.0,0,0,451700.0,302850100.0,1.0,678.0,680.0,666.0,668.0,451700.0
2023-04-26,52020,663.0,668.0,658.0,660.0,0,0,602000.0,398660500.0,1.0,663.0,668.0,658.0,660.0,602000.0
2023-04-27,52020,660.0,663.0,641.0,642.0,0,0,1008200.0,653405600.0,1.0,660.0,663.0,641.0,642.0,1008200.0
2023-04-28,52020,657.0,661.0,643.0,653.0,0,0,568900.0,370649200.0,1.0,657.0,661.0,643.0,653.0,568900.0
2023-05-01,52020,658.0,659.0,646.0,651.0,0,0,679400.0,442961500.0,1.0,658.0,659.0,646.0,651.0,679400.0
2023-05-02,52020,651.0,663.0,643.0,662.0,0,0,758400.0,496105300.0,1.0,651.0,663.0,643.0,662.0,758400.0
2023-05-08,52020,662.0,664.0,644.0,652.0,0,0,757900.0,493923000.0,1.0,662.0,664.0,644.0,652.0,757900.0
2023-05-09,52020,653.0,655.0,643.0,647.0,0,0,731800.0,474625700.0,1.0,653.0,655.0,643.0,647.0,731800.0
2023-05-10,52020,653.0,656.0,645.0,656.0,0,0,545000.0,354894700.0,1.0,653.0,656.0,645.0,656.0,545000.0
2023-05-11,52020,650.0,654.0,630.0,632.0,0,0,866100.0,551360500.0,1.0,650.0,654.0,630.0,632.0,866100.0
2023-05-12,52020,635.0,647.0,630.0,641.0,0,0,971300.0,620524700.0,1.0,635.0,647.0,630.0,641.0,971300.0
2023-05-15,52020,660.0,697.0,660.0,688.0,0,0,2457800.0,1678200900.0,1.0,660.0,697.0,660.0,688.0,2457800.0
2023-05-16,52020,688.0,690.0,665.0,669.0,0,0,988400.0,666817800.0,1.0,688.0,690.0,665.0,669.0,988400.0
2023-05-17,52020,664.0,667.0,643.0,643.0,0,0,845500.0,550682200.0,1.0,664.0,667.0,643.0,643.0,845500.0
2023-05-18,52020,646.0,652.0,642.0,642.0,0,0,696300.0,450061500.0,1.0,646.0,652.0,642.0,642.0,696300.0
2023-05-19,52020,643.0,651.0,635.0,637.0,0,0,852700.0,546298900.0,1.0,643.0,651.0,635.0,637.0,852700.0
2023-05-22,52020,636.0,636.0,623.0,633.0,0,0,760600.0,479329000.0,1.0,636.0,636.0,623.0,633.0,760600.0
2023-05-23,52020,633.0,636.0,616.0,619.0,0,0,872300.0,544861600.0,1.0,633.0,636.0,616.0,619.0,872300.0
2023-05-24,52020,615.0,626.0,610.0,610.0,0,0,715300.0,440350600.0,1.0,615.0,626.0,610.0,610.0,715300.0
2023-05-25,52020,603.0,611.0,598.0,607.0,0,0,705200.0,426605100.0,1.0,603.0,611.0,598.0,607.0,705200.0
2023-05-26,52020,608.0,614.0,602.0,603.0,0,0,548500.0,333280900.0,1.0,608.0,614.0,602.0,603.0,548500.0
2023-05-29,52020,613.0,618.0,605.0,610.0,0,0,605700.0,369898400.0,1.0,613.0,618.0,605.0,610.0,605700.0
2023-05-30,52020,609.0,613.0,596.0,606.0,0,0,678000.0,408381700.0,1.0,609.0,613.0,596.0,606.0,678000.0
2023-05-31,52020,598.0,599.0,588.0,588.0,0,0,931500.0,551335000.0,1.0,598.0,599.0,588.0,588.0,931500.0
2023-06-01,52020,584.0,592.0,582.0,585.0,0,0,600300.0,351754100.0,1.0,584.0,592.0,582.0,585.0,600300.0
2023-06-02,52020,585.0,594.0,582.0,591.0,0,0,647400.0,381686400.0,1.0,585.0,594.0,582.0,591.0,647400.0
2023-06-05,52020,601.0,603.0,590.0,594.0,0,0,858100.0,511365900.0,1.0,601.0,603.0,590.0,594.0,858100.0
2023-06-06,52020,589.0,589.0,578.0,583.0,0,0,1180100.0,688412200.0,1.0,589.0,589.0,578.0,583.0,1180100.0
2023-06-07,52020,589.0,599.0,583.0,591.0,0,0,1278800.0,756632600.0,1.0,589.0,599.0,583.0,591.0,1278800.0
2023-06-08,52020,597.0,598.0,581.0,586.0,0,0,832200.0,489692600.0,1.0,597.0,598.0,581.0,586.0,832200.0
2023-06-09,52020,590.0,590.0,583.0,585.0,0,0,659600.0,386889700.0,1.0,590.0,590.0,583.0,585.0,659600.0
2023-06-12,52020,589.0,606.0,586.0,604.0,0,0,1183700.0,707962900.0,1.0,589.0,606.0,586.0,604.0,1183700.0
2023-06-13,52020,610.0,610.0,599.0,600.0,0,0,869100.0,523898200.0,1.0,610.0,610.0,599.0,600.0,869100.0
2023-06-14,52020,608.0,631.0,603.0,630.0,0,0,1472100.0,908792900.0,1.0,608.0,631.0,603.0,630.0,1472100.0
2023-06-15,52020,630.0,641.0,618.0,629.0,0,0,1313700.0,828623700.0,1.0,630.0,641.0,618.0,629.0,1313700.0
2023-06-16,52020,628.0,628.0,615.0,624.0,0,0,973400.0,606603100.0,1.0,628.0,628.0,615.0,624.0,973400.0
2023-06-19,52020,632.0,633.0,620.0,625.0,0,0,719200.0,450134500.0,1.0,632.0,633.0,620.0,625.0,719200.0
2023-06-20,52020,625.0,635.0,617.0,628.0,0,0,781400.0,490354100.0,1.0,625.0,635.0,617.0,628.0,781400.0
2023-06-21,52020,625.0,630.0,621.0,628.0,0,0,395400.0,247776200.0,1.0,625.0,630.0,621.0,628.0,395400.0
2023-06-22,52020,631.0,649.0,631.0,642.0,0,0,938700.0,604003500.0,1.0,631.0,649.0,631.0,642.0,938700.0
2023-06-23,52020,638.0,652.0,627.0,634.0,0,0,813100.0,518337900.0,1.0,638.0,652.0,627.0,634.0,813100.0
2023-06-26,52020,630.0,636.0,608.0,630.0,0,0,1088400.0,681207600.0,1.0,630.0,636.0,608.0,630.0,1088400.0
2023-06-27,52020,640.0,644.0,626.0,630.0,0,0,754600.0,478573200.0,1.0,640.0,644.0,626.0,630.0,754600.0
2023-06-28,52020,640.0,697.0,640.0,680.0,0,0,4017500.0,2716017600.0,1.0,640.0,697.0,640.0,680.0,4017500.0
2023-06-29,52020,677.0,695.0,675.0,688.0,0,0,1658400.0,1137796200.0,1.0,677.0,695.0,675.0,688.0,1658400.0
2023-06-30,52020,691.0,692.0,670.0,672.0,0,0,1173700.0,793582800.0,1.0,691.0,692.0,670.0,672.0,1173700.0
2023-07-03,52020,675.0,690.0,673.0,682.0,0,0,948200.0,647234800.0,1.0,675.0,690.0,673.0,682.0,948200.0
2023-07-04,52020,686.0,689.0,671.0,674.0,0,0,525200.0,355186600.0,1.0,686.0,689.0,671.0,674.0,525200.0
2023-07-05,52020,671.0,683.0,664.0,666.0,0,0,938500.0,629963300.0,1.0,671.0,683.0,664.0,666.0,938500.0
2023-07-06,52020,657.0,665.0,654.0,657.0,0,0,736000.0,484262500.0,1.0,657.0,665.0,654.0,657.0,736000.0
2023-07-07,52020,648.0,653.0,637.0,645.0,0,0,861100.0,555826400.0,1.0,648.0,653.0,637.0,645.0,861100.0
2023-07-10,52020,650.0,653.0,634.0,635.0,0,0,691400.0,442703300.0,1.0,650.0,653.0,634.0,635.0,691400.0
2023-07-11,52020,636.0,641.0,625.0,626.0,0,0,685300.0,432713300.0,1.0,636.0,641.0,625.0,626.0,685300.0
2023-07-12,52020,630.0,630.0,613.0,619.0,0,0,666600.0,413259800.0,1.0,630.0,630.0,613.0,619.0,666600.0
2023-07-13,52020,620.0,622.0,614.0,616.0,0,0,627400.0,387681300.0,1.0,620.0,622.0,614.0,616.0,627400.0
2023-07-14,52020,613.0,616.0,602.0,612.0,0,0,937500.0,570696200.0,1.0,613.0,616.0,602.0,612.0,937500.0
2023-07-18,52020,618.0,622.0,610.0,620.0,0,0,545200.0,336602100.0,1.0,618.0,622.0,610.0,620.0,545200.0
2023-07-19,52020,625.0,629.0,622.0,629.0,0,0,506700.0,317156900.0,1.0,625.0,629.0,622.0,629.0,506700.0
2023-07-20,52020,631.0,637.0,624.0,626.0,0,0,380300.0,239063200.0,1.0,631.0,637.0,624.0,626.0,380300.0
2023-07-21,52020,623.0,628.0,616.0,625.0,0,0,526100.0,327913800.0,1.0,623.0,628.0,616.0,625.0,526100.0
2023-07-24,52020,627.0,633.0,622.0,626.0,0,0,476100.0,298969400.0,1.0,627.0,633.0,622.0,626.0,476100.0
2023-07-25,52020,629.0,648.0,626.0,647.0,0,0,799900.0,510509000.0,1.0,629.0,648.0,626.0,647.0,799900.0
2023-07-26,52020,654.0,662.0,648.0,659.0,0,0,908400.0,596290600.0,1.0,654.0,662.0,648.0,659.0,908400.0
2023-07-27,52020,658.0,674.0,654.0,664.0,0,0,1090500.0,726653700.0,1.0,658.0,674.0,654.0,664.0,1090500.0
2023-07-28,52020,658.0,663.0,633.0,646.0,0,0,1325800.0,856146800.0,1.0,658.0,663.0,633.0,646.0,1325800.0
2023-07-31,52020,655.0,660.0,645.0,647.0,0,0,898700.0,584038200.0,1.0,655.0,660.0,645.0,647.0,898700.0
2023-08-01,52020,645.0,657.0,638.0,654.0,0,0,604000.0,391403500.0,1.0,645.0,657.0,638.0,654.0,604000.0
2023-08-02,52020,648.0,651.0,634.0,634.0,0,0,783300.0,502058800.0,1.0,648.0,651.0,634.0,634.0,783300.0
2023-08-03,52020,627.0,627.0,615.0,617.0,0,0,898800.0,558555700.0,1.0,627.0,627.0,615.0,617.0,898800.0
2023-08-04,52020,610.0,626.0,608.0,623.0,0,0,422900.0,261751800.0,1.0,610.0,626.0,608.0,623.0,422900.0
2023-08-07,52020,615.0,622.0,612.0,621.0,0,0,499300.0,308386900.0,1.0,615.0,622.0,612.0,621.0,499300.0
2023-08-08,52020,625.0,631.0,620.0,621.0,0,0,464700.0,290555900.0,1.0,625.0,631.0,620.0,621.0,464700.0
2023-08-09,52020,624.0,640.0,620.0,639.0,0,0,1270600.0,800329000.0,1.0,624.0,640.0,620.0,639.0,1270600.0
2023-08-10,52020,739.0,739.0,735.0,739.0,1,0,2700300.0,1995288700.0,1.0,739.0,739.0,735.0,739.0,2700300.0
2023-08-14,52020,756.0,858.0,735.0,817.0,0,0,9846400.0,8008417400.0,1.0,756.0,858.0,735.0,817.0,9846400.0
2023-08-15,52020,805.0,823.0,777.0,806.0,0,0,3833300.0,3091583600.0,1.0,805.0,823.0,777.0,806.0,3833300.0
2023-08-16,52020,798.0,803.0,755.0,758.0,0,0,2824600.0,2166679300.0,1.0,798.0,803.0,755.0,758.0,2824600.0
2023-08-17,52020,751.0,774.0,736.0,772.0,0,0,1911900.0,1443253000.0,1.0,751.0,774.0,736.0,772.0,1911900.0
2023-08-18,52020,760.0,769.0,746.0,758.0,0,0,1492900.0,1129199400.0,1.0,760.0,769.0,746.0,758.0,1492900.0
2023-08-21,52020,760.0,785.0,748.0,749.0,0,0,1368800.0,1040931500.0,1.0,760.0,785.0,748.0,749.0,1368800.0
2023-08-22,52020,752.0,761.0,742.0,761.0,0,0,1117900.0,841044300.0,1.0,752.0,761.0,742.0,761.0,1117900.0
2023-08-23,52020,755.0,773.0,717.0,718.0,0,0,2496100.0,1839233100.0,1.0,755.0,773.0,717.0,718.0,2496100.0
2023-08-24,52020,707.0,725.0,706.0,721.0,0,0,1626700.0,1162926500.0,1.0,707.0,725.0,706.0,721.0,1626700.0
2023-08-25,52020,718.0,724.0,710.0,718.0,0,0,958200.0,685538400.0,1.0,718.0,724.0,710.0,718.0,958200.0
2023-08-28,52020,721.0,746.0,721.0,735.0,0,0,1269700.0,932865000.0,1.0,721.0,746.0,721.0,735.0,1269700.0
2023-08-29,52020,746.0,773.0,741.0,761.0,0,0,2023900.0,1541393600.0,1.0,746.0,773.0,741.0,761.0,2023900.0
2023-08-30,52020,780.0,784.0,763.0,763.0,0,0,1379600.0,1065561300.0,1.0,780.0,784.0,763.0,763.0,1379600.0
2023-08-31,52020,763.0,775.0,761.0,766.0,0,0,839700.0,643756900.0,1.0,763.0,775.0,761.0,766.0,839700.0
2023-09-01,52020,769.0,789.0,762.0,779.0,0,0,1288500.0,1004443200.0,1.0,769.0,789.0,762.0,779.0,1288500.0
2023-09-04,52020,788.0,788.0,773.0,782.0,0,0,867700.0,675657400.0,1.0,788.0,788.0,773.0,782.0,867700.0
2023-09-05,52020,785.0,815.0,783.0,806.0,0,0,2630100.0,2098627100.0,1.0,785.0,815.0,783.0,806.0,2630100.0
2023-09-06,52020,795.0,820.0,792.0,810.0,0,0,1382600.0,1115264800.0,1.0,795.0,820.0,792.0,810.0,1382600.0
2023-09-07,52020,809.0,844.0,805.0,832.0,0,0,2725100.0,2269790000.0,1.0,809.0,844.0,805.0,832.0,2725100.0
2023-09-08,52020,828.0,833.0,805.0,809.0,0,0,1680000.0,1366516100.0,1.0,828.0,833.0,805.0,809.0,1680000.0
2023-09-11,52020,813.0,816.0,798.0,802.0,0,0,786600.0,633793800.0,1.0,813.0,816.0,798.0,802.0,786600.0
2023-09-12,52020,803.0,837.0,803.0,828.0,0,0,1128100.0,929131600.0,1.0,803.0,837.0,803.0,828.0,1128100.0
2023-09-13,52020,833.0,882.0,829.0,841.0,0,0,2613600.0,2225221200.0,1.0,833.0,882.0,829.0,841.0,2613600.0
2023-09-14,52020,836.0,852.0,833.0,840.0,0,0,1557400.0,1310611000.0,1.0,836.0,852.0,833.0,840.0,1557400.0
2023-09-15,52020,842.0,848.0,809.0,812.0,0,0,1631100.0,1344440900.0,1.0,842.0,848.0,809.0,812.0,1631100.0
2023-09-19,52020,821.0,850.0,819.0,834.0,0,0,1914400.0,1601382100.0,1.0,821.0,850.0,819.0,834.0,1914400.0
2023-09-20,52020,835.0,843.0,819.0,824.0,0,0,1136900.0,942267700.0,1.0,835.0,843.0,819.0,824.0,1136900.0
2023-09-21,52020,822.0,843.0,822.0,837.0,0,0,1064500.0,888382500.0,1.0,822.0,843.0,822.0,837.0,1064500.0
2023-09-22,52020,822.0,822.0,801.0,815.0,0,0,1312200.0,1065343800.0,1.0,822.0,822.0,801.0,815.0,1312200.0
2023-09-25,52020,815.0,839.0,815.0,830.0,0,0,975100.0,811267800.0,1.0,815.0,839.0,815.0,830.0,975100.0
2023-09-26,52020,826.0,832.0,816.0,826.0,0,0,888500.0,732281900.0,1.0,826.0,832.0,816.0,826.0,888500.0
2023-09-27,52020,820.0,820.0,808.0,815.0,0,0,923300.0,750712500.0,1.0,820.0,820.0,808.0,815.0,923300.0
2023-09-28,52020,830.0,830.0,806.0,814.0,0,0,1068000.0,872417900.0,1.0,830.0,830.0,806.0,814.0,1068000.0
2023-09-29,52020,817.0,832.0,795.0,809.0,0,0,4235400.0,3423133800.0,1.0,817.0,832.0,795.0,809.0,4235400.0
2023-10-02,52020,813.0,838.0,804.0,812.0,0,0,1366300.0,1122845800.0,1.0,813.0,838.0,804.0,812.0,1366300.0
2023-10-03,52020,803.0,803.0,758.0,758.0,0,0,1972600.0,1524660200.0,1.0,803.0,803.0,758.0,758.0,1972600.0
2023-10-04,52020,744.0,754.0,725.0,726.0,0,0,1711400.0,1264052200.0,1.0,744.0,754.0,725.0,726.0,1711400.0
2023-10-05,52020,740.0,749.0,725.0,743.0,0,0,1188400.0,876733300.0,1.0,740.0,749.0,725.0,743.0,1188400.0
2023-10-06,52020,743.0,751.0,738.0,740.0,0,0,807000.0,600094500.0,1.0,743.0,751.0,738.0,740.0,807000.0
2023-10-10,52020,752.0,754.0,737.0,741.0,0,0,920500.0,685288000.0,1.0,752.0,754.0,737.0,741.0,920500.0
2023-10-11,52020,744.0,746.0,723.0,724.0,0,0,977900.0,717892600.0,1.0,744.0,746.0,723.0,724.0,977900.0
2023-10-12,52020,739.0,751.0,737.0,737.0,0,0,1108300.0,822847300.0,1.0,739.0,751.0,737.0,737.0,1108300.0
2023-10-13,52020,730.0,734.0,717.0,717.0,0,0,949500.0,687463800.0,1.0,730.0,734.0,717.0,717.0,949500.0
2023-10-16,52020,709.0,718.0,701.0,718.0,0,0,1096900.0,777694100.0,1.0,709.0,718.0,701.0,718.0,1096900.0
2023-10-17,52020,728.0,729.0,703.0,711.0,0,0,721300.0,514282100.0,1.0,728.0,729.0,703.0,711.0,721300.0
2023-10-18,52020,717.0,717.0,693.0,703.0,0,0,1113900.0,782172700.0,1.0,717.0,717.0,693.0,703.0,1113900.0
2023-10-19,52020,688.0,703.0,678.0,698.0,0,0,926900.0,640660600.0,1.0,688.0,703.0,678.0,698.0,926900.0
2023-10-20,52020,690.0,693.0,677.0,685.0,0,0,1299300.0,889672900.0,1.0,690.0,693.0,677.0,685.0,1299300.0
2023-10-23,52020,681.0,683.0,653.0,658.0,0,0,1538600.0,1022170100.0,1.0,681.0,683.0,653.0,658.0,1538600.0
2023-10-24,52020,656.0,660.0,638.0,650.0,0,0,1291100.0,836029700.0,1.0,656.0,660.0,638.0,650.0,1291100.0
2023-10-25,52020,656.0,686.0,652.0,668.0,0,0,1746200.0,1169022300.0,1.0,656.0,686.0,652.0,668.0,1746200.0
2023-10-26,52020,659.0,666.0,650.0,651.0,0,0,997900.0,654594500.0,1.0,659.0,666.0,650.0,651.0,997900.0
2023-10-27,52020,657.0,677.0,655.0,674.0,0,0,980800.0,653530100.0,1.0,657.0,677.0,655.0,674.0,980800.0
2023-10-30,52020,664.0,664.0,649.0,655.0,0,0,1518500.0,995508000.0,1.0,664.0,664.0,649.0,655.0,1518500.0
2023-10-31,52020,659.0,663.0,643.0,655.0,0,0,1185200.0,773010500.0,1.0,659.0,663.0,643.0,655.0,1185200.0
2023-11-01,52020,675.0,681.0,658.0,680.0,0,0,1202200.0,806640000.0,1.0,675.0,681.0,658.0,680.0,1202200.0
2023-11-02,52020,688.0,692.0,677.0,683.0,0,0,1040900.0,711950700.0,1.0,688.0,692.0,677.0,683.0,1040900.0
2023-11-06,52020,700.0,718.0,690.0,716.0,0,0,1433500.0,1011629600.0,1.0,700.0,718.0,690.0,716.0,1433500.0
2023-11-07,52020,716.0,722.0,704.0,704.0,0,0,1146000.0,816045200.0,1.0,716.0,722.0,704.0,704.0,1146000.0
2023-11-08,52020,707.0,711.0,681.0,691.0,0,0,1331900.0,922442100.0,1.0,707.0,711.0,681.0,691.0,1331900.0
2023-11-09,52020,691.0,724.0,691.0,719.0,0,0,1739400.0,1233858000.0,1.0,691.0,724.0,691.0,719.0,1739400.0
2023-11-10,52020,648.0,656.0,619.0,636.0,0,0,4228900.0,2692193300.0,1.0,648.0,656.0,619.0,636.0,4228900.0
2023-11-13,52020,656.0,661.0,636.0,636.0,0,0,2565700.0,1656651100.0,1.0,656.0,661.0,636.0,636.0,2565700.0
2023-11-14,52020,639.0,645.0,621.0,624.0,0,0,1676600.0,1054160300.0,1.0,639.0,645.0,621.0,624.0,1676600.0
2023-11-15,52020,626.0,633.0,617.0,624.0,0,0,1717800.0,1071934000.0,1.0,626.0,633.0,617.0,624.0,1717800.0
2023-11-16,52020,625.0,657.0,623.0,652.0,0,0,2703300.0,1736603500.0,1.0,625.0,657.0,623.0,652.0,2703300.0
2023-11-17,52020,646.0,651.0,634.0,646.0,0,0,1241600.0,796026100.0,1.0,646.0,651.0,634.0,646.0,1241600.0
2023-11-20,52020,649.0,657.0,637.0,637.0,0,0,1152800.0,742777400.0,1.0,649.0,657.0,637.0,637.0,1152800.0
2023-11-21,52020,634.0,634.0,622.0,626.0,0,0,1314700.0,824445800.0,1.0,634.0,634.0,622.0,626.0,1314700.0
2023-11-22,52020,651.0,663.0,644.0,645.0,0,0,2864100.0,1866820900.0,1.0,651.0,663.0,644.0,645.0,2864100.0
2023-11-24,52020,652.0,678.0,652.0,660.0,0,0,1951300.0,1295092100.0,1.0,652.0,678.0,652.0,660.0,1951300.0
2023-11-27,52020,661.0,667.0,648.0,651.0,0,0,826500.0,542832500.0,1.0,661.0,667.0,648.0,651.0,826500.0
2023-11-28,52020,652.0,657.0,646.0,650.0,0,0,685200.0,446090900.0,1.0,652.0,657.0,646.0,650.0,685200.0
2023-11-29,52020,648.0,654.0,641.0,644.0,0,0,657600.0,425113000.0,1.0,648.0,654.0,641.0,644.0,657600.0
2023-11-30,52020,645.0,648.0,640.0,644.0,0,0,482100.0,310156000.0,1.0,645.0,648.0,640.0,644.0,482100.0
2023-12-01,52020,651.0,652.0,642.0,643.0,0,0,644500.0,415858900.0,1.0,651.0,652.0,642.0,643.0,644500.0
2023-12-04,52020,641.0,642.0,625.0,625.0,0,0,1247800.0,788010700.0,1.0,641.0,642.0,625.0,625.0,1247800.0
2023-12-05,52020,623.0,628.0,618.0,619.0,0,0,1054000.0,654944400.0,1.0,623.0,628.0,618.0,619.0,1054000.0
2023-12-06,52020,615.0,624.0,613.0,616.0,0,0,1010500.0,624571300.0,1.0,615.0,624.0,613.0,616.0,1010500.0
2023-12-07,52020,614.0,616.0,607.0,608.0,0,0,996100.0,608318000.0,1.0,614.0,616.0,607.0,608.0,996100.0
2023-12-08,52020,600.0,600.0,564.0,574.0,0,0,3351900.0,1930639900.0,1.0,600.0,600.0,564.0,574.0,3351900.0
2023-12-11,52020,580.0,587.0,569.0,572.0,0,0,1609700.0,929272200.0,1.0,580.0,587.0,569.0,572.0,1609700.0
2023-12-12,52020,578.0,578.0,563.0,565.0,0,0,939700.0,535430500.0,1.0,578.0,578.0,563.0,565.0,939700.0
2023-12-13,52020,562.0,568.0,556.0,562.0,0,0,1272900.0,713666800.0,1.0,562.0,568.0,556.0,562.0,1272900.0
2023-12-14,52020,556.0,557.0,536.0,538.0,0,0,1436400.0,781409200.0,1.0,556.0,557.0,536.0,538.0,1436400.0
2023-12-15,52020,539.0,554.0,539.0,552.0,0,0,1049700.0,575604200.0,1.0,539.0,554.0,539.0,552.0,1049700.0
2023-12-18,52020,544.0,554.0,538.0,552.0,0,0,1060700.0,577292600.0,1.0,544.0,554.0,538.0,552.0,1060700.0
2023-12-19,52020,550.0,554.0,543.0,546.0,0,0,800100.0,438526200.0,1.0,550.0,554.0,543.0,546.0,800100.0
2023-12-20,52020,546.0,556.0,545.0,549.0,0,0,876000.0,482040500.0,1.0,546.0,556.0,545.0,549.0,876000.0
2023-12-21,52020,547.0,547.0,538.0,541.0,0,0,894700.0,484953500.0,1.0,547.0,547.0,538.0,541.0,894700.0
2023-12-22,52020,543.0,548.0,538.0,543.0,0,0,662100.0,359844600.0,1.0,543.0,548.0,538.0,543.0,662100.0
2023-12-25,52020,550.0,554.0,545.0,550.0,0,0,989400.0,543955300.0,1.0,550.0,554.0,545.0,550.0,989400.0
2023-12-26,52020,553.0,559.0,546.0,547.0,0,0,753400.0,414805400.0,1.0,553.0,559.0,546.0,547.0,753400.0
2023-12-27,52020,546.0,561.0,546.0,557.0,0,0,1039400.0,578109500.0,1.0,546.0,561.0,546.0,557.0,1039400.0
2023-12-28,52020,557.0,564.0,555.0,559.0,0,0,683200.0,382040900.0,1.0,557.0,564.0,555.0,559.0,683200.0
2023-12-29,52020,573.0,578.0,566.0,574.0,0,0,1599800.0,915834800.0,1.0,573.0,578.0,566.0,574.0,1599800.0
2024-01-04,52020,578.0,603.0,568.0,599.0,0,0,1851700.0,1088390600.0,1.0,578.0,603.0,568.0,599.0,1851700.0
2024-01-05,52020,600.0,603.0,596.0,603.0,0,0,1368500.0,821225200.0,1.0,600.0,603.0,596.0,603.0,1368500.0
2024-01-09,52020,608.0,611.0,601.0,604.0,0,0,1074700.0,651084000.0,1.0,608.0,611.0,601.0,604.0,1074700.0
2024-01-10,52020,604.0,607.0,599.0,603.0,0,0,982900.0,592252400.0,1.0,604.0,607.0,599.0,603.0,982900.0
2024-01-11,52020,609.0,613.0,599.0,601.0,0,0,1347200.0,815278800.0,1.0,609.0,613.0,599.0,601.0,1347200.0
2024-01-12,52020,605.0,610.0,601.0,607.0,0,0,1413600.0,855944000.0,1.0,605.0,610.0,601.0,607.0,1413600.0
2024-01-15,52020,615.0,631.0,615.0,616.0,0,0,1702400.0,1059833900.0,1.0,615.0,631.0,615.0,616.0,1702400.0
2024-01-16,52020,618.0,623.0,613.0,620.0,0,0,917600.0,567335700.0,1.0,618.0,623.0,613.0,620.0,917600.0
2024-01-17,52020,620.0,627.0,603.0,605.0,0,0,1529100.0,937278800.0,1.0,620.0,627.0,603.0,605.0,1529100.0
2024-01-18,52020,608.0,610.0,599.0,600.0,0,0,719900.0,434644000.0,1.0,608.0,610.0,599.0,600.0,719900.0
2024-01-19,52020,606.0,606.0,598.0,601.0,0,0,896200.0,539185700.0,1.0,606.0,606.0,598.0,601.0,896200.0
2024-01-22,52020,603.0,605.0,598.0,604.0,0,0,744100.0,447467600.0,1.0,603.0,605.0,598.0,604.0,744100.0
2024-01-23,52020,603.0,605.0,594.0,595.0,0,0,956500.0,573651900.0,1.0,603.0,605.0,594.0,595.0,956500.0
2024-01-24,52020,595.0,599.0,582.0,587.0,0,0,1443500.0,848155400.0,1.0,595.0,599.0,582.0,587.0,1443500.0
2024-01-25,52020,590.0,593.0,580.0,590.0,0,0,914500.0,536876100.0,1.0,590.0,593.0,580.0,590.0,914500.0
2024-01-26,52020,600.0,611.0,594.0,606.0,0,0,1498700.0,906679200.0,1.0,600.0,611.0,594.0,606.0,1498700.0
2024-01-29,52020,611.0,613.0,605.0,612.0,0,0,623800.0,380243900.0,1.0,611.0,613.0,605.0,612.0,623800.0
2024-01-30,52020,613.0,615.0,604.0,610.0,0,0,652500.0,397354400.0,1.0,613.0,615.0,604.0,610.0,652500.0
2024-01-31,52020,607.0,614.0,606.0,614.0,0,0,626600.0,382611800.0,1.0,607.0,614.0,606.0,614.0,626600.0
2024-02-01,52020,606.0,609.0,601.0,603.0,0,0,720700.0,435517800.0,1.0,606.0,609.0,601.0,603.0,720700.0
2024-02-02,52020,603.0,610.0,599.0,604.0,0,0,629600.0,380472900.0,1.0,603.0,610.0,599.0,604.0,629600.0
2024-02-05,52020,608.0,615.0,608.0,615.0,0,0,744000.0,455625200.0,1.0,608.0,615.0,608.0,615.0,744000.0
2024-02-06,52020,615.0,615.0,605.0,607.0,0,0,675100.0,411068700.0,1.0,615.0,615.0,605.0,607.0,675100.0
2024-02-07,52020,607.0,615.0,604.0,608.0,0,0,697300.0,424569400.0,1.0,607.0,615.0,604.0,608.0,697300.0
2024-02-08,52020,605.0,606.0,590.0,599.0,0,0,1640100.0,980737100.0,1.0,605.0,606.0,590.0,599.0,1640100.0
2024-02-09,52020,602.0,618.0,599.0,605.0,0,0,1671400.0,1018515200.0,1.0,602.0,618.0,599.0,605.0,1671400.0
2024-02-13,52020,550.0,570.0,544.0,547.0,0,0,3860700.0,2134214100.0,1.0,550.0,570.0,544.0,547.0,3860700.0
2024-02-14,52020,548.0,548.0,512.0,525.0,0,0,3752900.0,1976239300.0,1.0,548.0,548.0,512.0,525.0,3752900.0
2024-02-15,52020,525.0,526.0,500.0,504.0,0,0,2739800.0,1392995000.0,1.0,525.0,526.0,500.0,504.0,2739800.0
2024-02-16,52020,503.0,518.0,499.0,514.0,0,0,1552600.0,793431000.0,1.0,503.0,518.0,499.0,514.0,1552600.0
2024-02-19,52020,516.0,546.0,515.0,541.0,0,0,1993500.0,1063777700.0,1.0,516.0,546.0,515.0,541.0,1993500.0
2024-02-20,52020,551.0,553.0,533.0,539.0,0,0,1215900.0,657950600.0,1.0,551.0,553.0,533.0,539.0,1215900.0
2024-02-21,52020,539.0,540.0,526.0,531.0,0,0,1169000.0,621093600.0,1.0,539.0,540.0,526.0,531.0,1169000.0
2024-02-22,52020,532.0,535.0,524.0,529.0,0,0,941300.0,497491600.0,1.0,532.0,535.0,524.0,529.0,941300.0
2024-02-26,52020,530.0,532.0,521.0,521.0,0,0,1234200.0,649145400.0,1.0,530.0,532.0,521.0,521.0,1234200.0
2024-02-27,52020,521.0,539.0,521.0,533.0,0,0,1243800.0,662012200.0,1.0,521.0,539.0,521.0,533.0,1243800.0
2024-02-28,52020,530.0,543.0,525.0,536.0,0,0,1167000.0,626878400.0,1.0,530.0,543.0,525.0,536.0,1167000.0
2024-02-29,52020,534.0,534.0,523.0,528.0,0,0,1098400.0,578970900.0,1.0,534.0,534.0,523.0,528.0,1098400.0
2024-03-01,52020,526.0,527.0,516.0,519.0,0,0,1597800.0,830535400.0,1.0,526.0,527.0,516.0,519.0,1597800.0
2024-03-04,52020,520.0,521.0,512.0,515.0,0,0,1056800.0,544590600.0,1.0,520.0,521.0,512.0,515.0,1056800.0
2024-03-05,52020,511.0,512.0,507.0,511.0,0,0,685200.0,349500000.0,1.0,511.0,512.0,507.0,511.0,685200.0
2024-03-06,52020,510.0,530.0,508.0,527.0,0,0,1657500.0,867684100.0,1.0,510.0,530.0,508.0,527.0,1657500.0
2024-03-07,52020,527.0,528.0,514.0,514.0,0,0,1503900.0,781953400.0,1.0,527.0,528.0,514.0,514.0,1503900.0
2024-03-08,52020,511.0,519.0,509.0,514.0,0,0,1025700.0,527171400.0,1.0,511.0,519.0,509.0,514.0,1025700.0
2024-03-11,52020,509.0,510.0,492.0,499.0,0,0,2339200.0,1172833200.0,1.0,509.0,510.0,492.0,499.0,2339200.0
2024-03-12,52020,499.0,510.0,492.0,506.0,0,0,1012800.0,509288200.0,1.0,499.0,510.0,492.0,506.0,1012800.0
2024-03-13,52020,509.0,512.0,506.0,507.0,0,0,648900.0,329770200.0,1.0,509.0,512.0,506.0,507.0,648900.0
2024-03-14,52020,507.0,518.0,505.0,516.0,0,0,807300.0,414067400.0,1.0,507.0,518.0,505.0,516.0,807300.0
2024-03-15,52020,513.0,517.0,511.0,517.0,0,0,637500.0,328492600.0,1.0,513.0,517.0,511.0,517.0,637500.0
2024-03-18,52020,520.0,527.0,518.0,521.0,0,0,832800.0,435659800.0,1.0,520.0,527.0,518.0,521.0,832800.0
2024-03-19,52020,518.0,525.0,513.0,524.0,0,0,759600.0,394045600.0,1.0,518.0,525.0,513.0,524.0,759600.0
2024-03-21,52020,527.0,530.0,524.0,526.0,0,0,1026300.0,540324900.0,1.0,527.0,530.0,524.0,526.0,1026300.0
2024-03-22,52020,527.0,532.0,523.0,528.0,0,0,920400.0,485249100.0,1.0,527.0,532.0,523.0,528.0,920400.0
2024-03-25,52020,528.0,531.0,524.0,524.0,0,0,636500.0,335466300.0,1.0,528.0,531.0,524.0,524.0,636500.0
2024-03-26,52020,525.0,529.0,519.0,523.0,0,0,888500.0,465768700.0,1.0,525.0,529.0,519.0,523.0,888500.0
2024-03-27,52020,528.0,529.0,523.0,527.0,0,0,604400.0,318331300.0,1.0,528.0,529.0,523.0,527.0,604400.0
2024-03-28,52020,526.0,529.0,516.0,516.0,0,0,908000.0,474418600.0,1.0,526.0,529.0,516.0,516.0,908000.0
2024-03-29,52020,520.0,534.0,520.0,528.0,0,0,976400.0,515678500.0,1.0,520.0,534.0,520.0,528.0,976400.0
2024-04-01,52020,533.0,533.0,520.0,522.0,0,0,915600.0,480633400.0,1.0,533.0,533.0,520.0,522.0,915600.0
2024-04-02,52020,525.0,525.0,515.0,517.0,0,0,826000.0,428967200.0,1.0,525.0,525.0,515.0,517.0,826000.0
2024-04-03,52020,511.0,524.0,511.0,517.0,0,0,833000.0,430750500.0,1.0,511.0,524.0,511.0,517.0,833000.0
2024-04-04,52020,518.0,521.0,512.0,514.0,0,0,1237600.0,638271500.0,1.0,518.0,521.0,512.0,514.0,1237600.0
2024-04-05,52020,511.0,522.0,510.0,517.0,0,0,1087200.0,559657500.0,1.0,511.0,522.0,510.0,517.0,1087200.0
2024-04-08,52020,521.0,527.0,517.0,523.0,0,0,566300.0,295055600.0,1.0,521.0,527.0,517.0,523.0,566300.0
2024-04-09,52020,524.0,532.0,520.0,528.0,0,0,1072100.0,565612000.0,1.0,524.0,532.0,520.0,528.0,1072100.0
2024-04-10,52020,529.0,541.0,529.0,532.0,0,0,1166800.0,624925500.0,1.0,529.0,541.0,529.0,532.0,1166800.0
2024-04-11,52020,525.0,527.0,519.0,524.0,0,0,860000.0,450469000.0,1.0,525.0,527.0,519.0,524.0,860000.0
2024-04-12,52020,525.0,532.0,523.0,529.0,0,0,601000.0,317179000.0,1.0,525.0,532.0,523.0,529.0,601000.0
2024-04-15,52020,525.0,531.0,523.0,527.0,0,0,681000.0,358607800.0,1.0,525.0,531.0,523.0,527.0,681000.0
2024-04-16,52020,524.0,525.0,511.0,513.0,0,0,1102100.0,568385000.0,1.0,524.0,525.0,511.0,513.0,1102100.0
2024-04-17,52020,514.0,515.0,498.0,502.0,0,0,1093600.0,551599400.0,1.0,514.0,515.0,498.0,502.0,1093600.0
2024-04-18,52020,499.0,514.0,498.0,509.0,0,0,678100.0,343479100.0,1.0,499.0,514.0,498.0,509.0,678100.0
2024-04-19,52020,509.0,509.0,494.0,498.0,0,0,1017600.0,508189200.0,1.0,509.0,509.0,494.0,498.0,1017600.0
2024-04-22,52020,506.0,514.0,503.0,513.0,0,0,969300.0,494516500.0,1.0,506.0,514.0,503.0,513.0,969300.0
2024-04-23,52020,517.0,517.0,509.0,510.0,0,0,361600.0,185436100.0,1.0,517.0,517.0,509.0,510.0,361600.0
2024-04-24,52020,514.0,521.0,511.0,519.0,0,0,731000.0,377396400.0,1.0,514.0,521.0,511.0,519.0,731000.0
2024-04-25,52020,518.0,519.0,514.0,514.0,0,0,353000.0,182235200.0,1.0,518.0,519.0,514.0,514.0,353000.0
2024-04-26,52020,514.0,519.0,507.0,519.0,0,0,610200.0,313093900.0,1.0,514.0,519.0,507.0,519.0,610200.0
2024-04-30,52020,523.0,532.0,522.0,527.0,0,0,1153100.0,609100700.0,1.0,523.0,532.0,522.0,527.0,1153100.0
2024-05-01,52020,525.0,527.0,520.0,523.0,0,0,616600.0,322952200.0,1.0,525.0,527.0,520.0,523.0,616600.0
2024-05-02,52020,522.0,525.0,517.0,521.0,0,0,535100.0,278777000.0,1.0,522.0,525.0,517.0,521.0,535100.0
2024-05-07,52020,524.0,527.0,520.0,526.0,0,0,630200.0,330346300.0,1.0,524.0,527.0,520.0,526.0,630200.0
2024-05-08,52020,528.0,532.0,514.0,517.0,0,0,1084800.0,567896900.0,1.0,528.0,532.0,514.0,517.0,1084800.0
2024-05-09,52020,520.0,521.0,511.0,514.0,0,0,966900.0,498577000.0,1.0,520.0,521.0,511.0,514.0,966900.0
2024-05-10,52020,522.0,526.0,518.0,523.0,0,0,989300.0,516218600.0,1.0,522.0,526.0,518.0,523.0,989300.0
2024-05-13,52020,477.0,480.0,456.0,458.0,0,0,4846200.0,2245857200.0,1.0,477.0,480.0,456.0,458.0,4846200.0
2024-05-14,52020,456.0,474.0,454.0,462.0,0,0,2187400.0,1008167700.0,1.0,456.0,474.0,454.0,462.0,2187400.0
2024-05-15,52020,462.0,476.0,461.0,462.0,0,0,1547400.0,724314300.0,1.0,462.0,476.0,461.0,462.0,1547400.0
2024-05-16,52020,462.0,463.0,447.0,450.0,0,0,1705100.0,771283600.0,1.0,462.0,463.0,447.0,450.0,1705100.0
2024-05-17,52020,446.0,459.0,443.0,455.0,0,0,838600.0,378252500.0,1.0,446.0,459.0,443.0,455.0,838600.0
2024-05-20,52020,455.0,469.0,455.0,461.0,0,0,903800.0,419113300.0,1.0,455.0,469.0,455.0,461.0,903800.0
2024-05-21,52020,463.0,466.0,443.0,446.0,0,0,2108100.0,948094100.0,1.0,463.0,466.0,443.0,446.0,2108100.0
2024-05-22,52020,440.0,442.0,432.0,437.0,0,0,1618100.0,706425100.0,1.0,440.0,442.0,432.0,437.0,1618100.0
2024-05-23,52020,439.0,454.0,438.0,452.0,0,0,1856600.0,834726800.0,1.0,439.0,454.0,438.0,452.0,1856600.0
2024-05-24,52020,450.0,463.0,444.0,458.0,0,0,1341500.0,613799200.0,1.0,450.0,463.0,444.0,458.0,1341500.0
2024-05-27,52020,462.0,471.0,461.0,467.0,0,0,935200.0,435554300.0,1.0,462.0,471.0,461.0,467.0,935200.0
2024-05-28,52020,467.0,477.0,461.0,463.0,0,0,1146000.0,533228400.0,1.0,467.0,477.0,461.0,463.0,1146000.0
2024-05-29,52020,460.0,465.0,454.0,457.0,0,0,842700.0,385729300.0,1.0,460.0,465.0,454.0,457.0,842700.0
2024-05-30,52020,453.0,453.0,444.0,451.0,0,0,829800.0,372211900.0,1.0,453.0,453.0,444.0,451.0,829800.0
2024-05-31,52020,450.0,468.0,450.0,465.0,0,0,1015300.0,468598200.0,1.0,450.0,468.0,450.0,465.0,1015300.0
2024-06-03,52020,453.0,467.0,453.0,461.0,0,0,857700.0,394422300.0,1.0,453.0,467.0,453.0,461.0,857700.0
2024-06-04,52020,457.0,462.0,456.0,459.0,0,0,481200.0,220699800.0,1.0,457.0,462.0,456.0,459.0,481200.0
2024-06-05,52020,455.0,460.0,453.0,456.0,0,0,516000.0,235605200.0,1.0,455.0,460.0,453.0,456.0,516000.0
2024-06-06,52020,456.0,457.0,449.0,450.0,0,0,776000.0,350173400.0,1.0,456.0,457.0,449.0,450.0,776000.0
2024-06-07,52020,450.0,451.0,444.0,449.0,0,0,802500.0,358551900.0,1.0,450.0,451.0,444.0,449.0,802500.0
2024-06-10,52020,446.0,453.0,445.0,451.0,0,0,1018100.0,457858500.0,1.0,446.0,453.0,445.0,451.0,1018100.0
2024-06-11,52020,450.0,450.0,440.0,441.0,0,0,1314600.0,582968900.0,1.0,450.0,450.0,440.0,441.0,1314600.0
2024-06-12,52020,441.0,448.0,440.0,443.0,0,0,754500.0,334879100.0,1.0,441.0,448.0,440.0,443.0,754500.0
2024-06-13,52020,444.0,444.0,431.0,432.0,0,0,1258700.0,547482300.0,1.0,444.0,444.0,431.0,432.0,1258700.0
2024-06-14,52020,430.0,440.0,428.0,434.0,0,0,1392800.0,605599900.0,1.0,430.0,440.0,428.0,434.0,1392800.0
2024-06-17,52020,422.0,425.0,413.0,418.0,0,0,2134600.0,892632000.0,1.0,422.0,425.0,413.0,418.0,2134600.0
2024-06-18,52020,417.0,424.0,416.0,417.0,0,0,1102300.0,462050300.0,1.0,417.0,424.0,416.0,417.0,1102300.0
2024-06-19,52020,421.0,430.0,418.0,422.0,0,0,912200.0,386783500.0,1.0,421.0,430.0,418.0,422.0,912200.0
2024-06-20,52020,422.0,427.0,420.0,425.0,0,0,566100.0,239800700.0,1.0,422.0,427.0,420.0,425.0,566100.0
2024-06-21,52020,425.0,430.0,422.0,424.0,0,0,726300.0,308548100.0,1.0,425.0,430.0,422.0,424.0,726300.0
2024-06-24,52020,426.0,433.0,424.0,432.0,0,0,691600.0,296399100.0,1.0,426.0,433.0,424.0,432.0,691600.0
2024-06-25,52020,435.0,436.0,429.0,430.0,0,0,527700.0,228041900.0,1.0,435.0,436.0,429.0,430.0,527700.0
2024-06-26,52020,429.0,429.0,424.0,424.0,0,0,647400.0,275925400.0,1.0,429.0,429.0,424.0,424.0,647400.0
2024-06-27,52020,424.0,429.0,423.0,424.0,0,0,616500.0,261998300.0,1.0,424.0,429.0,423.0,424.0,616500.0
2024-06-28,52020,425.0,427.0,418.0,423.0,0,0,912800.0,384814400.0,1.0,425.0,427.0,418.0,423.0,912800.0
2024-07-01,52020,424.0,427.0,421.0,422.0,0,0,517000.0,219092200.0,1.0,424.0,427.0,421.0,422.0,517000.0
2024-07-02,52020,420.0,422.0,417.0,419.0,0,0,820600.0,344111800.0,1.0,420.0,422.0,417.0,419.0,820600.0
2024-07-03,52020,422.0,423.0,416.0,421.0,0,0,798400.0,335039400.0,1.0,422.0,423.0,416.0,421.0,798400.0
2024-07-04,52020,422.0,427.0,420.0,424.0,0,0,739800.0,313397400.0,1.0,422.0,427.0,420.0,424.0,739800.0
2024-07-05,52020,423.0,423.0,417.0,417.0,0,0,866300.0,362416000.0,1.0,423.0,423.0,417.0,417.0,866300.0
2024-07-08,52020,417.0,417.0,409.0,415.0,0,0,1170700.0,483850200.0,1.0,417.0,417.0,409.0,415.0,1170700.0
2024-07-09,52020,417.0,419.0,410.0,415.0,0,0,754800.0,312382800.0,1.0,417.0,419.0,410.0,415.0,754800.0
2024-07-10,52020,415.0,416.0,412.0,414.0,0,0,520100.0,215415800.0,1.0,415.0,416.0,412.0,414.0,520100.0
2024-07-11,52020,415.0,424.0,415.0,420.0,0,0,1149600.0,482478500.0,1.0,415.0,424.0,415.0,420.0,1149600.0
2024-07-12,52020,418.0,430.0,417.0,424.0,0,0,1024400.0,435678700.0,1.0,418.0,430.0,417.0,424.0,1024400.0
2024-07-16,52020,424.0,424.0,417.0,419.0,0,0,745800.0,313157100.0,1.0,424.0,424.0,417.0,419.0,745800.0
2024-07-17,52020,424.0,430.0,423.0,426.0,0,0,754300.0,321243100.0,1.0,424.0,430.0,423.0,426.0,754300.0
2024-07-18,52020,421.0,427.0,421.0,421.0,0,0,551300.0,233496000.0,1.0,421.0,427.0,421.0,421.0,551300.0
2024-07-19,52020,421.0,422.0,414.0,416.0,0,0,794100.0,331247800.0,1.0,421.0,422.0,414.0,416.0,794100.0
2024-07-22,52020,415.0,416.0,408.0,409.0,0,0,1281400.0,525977200.0,1.0,415.0,416.0,408.0,409.0,1281400.0
2024-07-23,52020,412.0,418.0,410.0,411.0,0,0,722900.0,298664000.0,1.0,412.0,418.0,410.0,411.0,722900.0
2024-07-24,52020,410.0,412.0,403.0,405.0,0,0,1394700.0,566729900.0,1.0,410.0,412.0,403.0,405.0,1394700.0
2024-07-25,52020,402.0,410.0,400.0,404.0,0,0,1121500.0,453379000.0,1.0,402.0,410.0,400.0,404.0,1121500.0
2024-07-26,52020,408.0,415.0,404.0,406.0,0,0,1122000.0,459906800.0,1.0,408.0,415.0,404.0,406.0,1122000.0
2024-07-29,52020,412.0,421.0,411.0,420.0,0,0,1116900.0,466648500.0,1.0,412.0,421.0,411.0,420.0,1116900.0
2024-07-30,52020,418.0,421.0,414.0,418.0,0,0,436100.0,182183100.0,1.0,418.0,421.0,414.0,418.0,436100.0
2024-07-31,52020,415.0,424.0,411.0,424.0,0,0,576400.0,240380700.0,1.0,415.0,424.0,411.0,424.0,576400.0
2024-08-01,52020,418.0,418.0,403.0,407.0,0,0,1338400.0,546292500.0,1.0,418.0,418.0,403.0,407.0,1338400.0
2024-08-02,52020,400.0,403.0,385.0,385.0,0,0,2512800.0,981913300.0,1.0,400.0,403.0,385.0,385.0,2512800.0
2024-08-05,52020,365.0,368.0,330.0,350.0,0,0,3445400.0,1213772200.0,1.0,365.0,368.0,330.0,350.0,3445400.0
2024-08-06,52020,358.0,364.0,350.0,356.0,0,0,2444300.0,873892800.0,1.0,358.0,364.0,350.0,356.0,2444300.0
2024-08-07,52020,346.0,366.0,339.0,358.0,0,0,2075200.0,739190900.0,1.0,346.0,366.0,339.0,358.0,2075200.0
2024-08-08,52020,361.0,367.0,355.0,360.0,0,0,1283300.0,462818800.0,1.0,361.0,367.0,355.0,360.0,1283300.0
2024-08-09,52020,358.0,367.0,345.0,365.0,0,0,2093300.0,748099900.0,1.0,358.0,367.0,345.0,365.0,2093300.0
2024-08-13,52020,367.0,367.0,348.0,361.0,0,0,2537000.0,899823100.0,1.0,367.0,367.0,348.0,361.0,2537000.0
2024-08-14,52020,361.0,388.0,361.0,378.0,0,0,2276300.0,856860200.0,1.0,361.0,388.0,361.0,378.0,2276300.0
2024-08-15,52020,380.0,386.0,375.0,381.0,0,0,827100.0,313981700.0,1.0,380.0,386.0,375.0,381.0,827100.0
2024-08-16,52020,388.0,392.0,382.0,383.0,0,0,869800.0,335630100.0,1.0,388.0,392.0,382.0,383.0,869800.0
2024-08-19,52020,378.0,378.0,370.0,372.0,0,0,1258400.0,470592800.0,1.0,378.0,378.0,370.0,372.0,1258400.0
2024-08-20,52020,378.0,383.0,373.0,375.0,0,0,857400.0,323077100.0,1.0,378.0,383.0,373.0,375.0,857400.0
2024-08-21,52020,367.0,370.0,363.0,368.0,0,0,1087700.0,398932400.0,1.0,367.0,370.0,363.0,368.0,1087700.0
2024-08-22,52020,366.0,368.0,360.0,364.0,0,0,992000.0,360665800.0,1.0,366.0,368.0,360.0,364.0,992000.0
2024-08-23,52020,368.0,372.0,362.0,366.0,0,0,872300.0,319429600.0,1.0,368.0,372.0,362.0,366.0,872300.0
2024-08-26,52020,364.0,365.0,359.0,359.0,0,0,807800.0,291799300.0,1.0,364.0,365.0,359.0,359.0,807800.0
2024-08-27,52020,356.0,367.0,355.0,366.0,0,0,958900.0,346988700.0,1.0,356.0,367.0,355.0,366.0,958900.0
2024-08-28,52020,362.0,364.0,357.0,360.0,0,0,998300.0,359362800.0,1.0,362.0,364.0,357.0,360.0,998300.0
2024-08-29,52020,360.0,362.0,355.0,357.0,0,0,1056600.0,377049400.0,1.0,360.0,362.0,355.0,357.0,1056600.0
2024-08-30,52020,360.0,365.0,359.0,365.0,0,0,1186100.0,429605300.0,1.0,360.0,365.0,359.0,365.0,1186100.0
2024-09-02,52020,371.0,372.0,362.0,364.0,0,0,668800.0,245290700.0,1.0,371.0,372.0,362.0,364.0,668800.0
2024-09-03,52020,364.0,374.0,364.0,370.0,0,0,1107500.0,409288400.0,1.0,364.0,374.0,364.0,370.0,1107500.0
2024-09-04,52020,362.0,363.0,342.0,346.0,0,0,2839400.0,991920300.0,1.0,362.0,363.0,342.0,346.0,2839400.0
2024-09-05,52020,340.0,349.0,338.0,342.0,0,0,1475700.0,505970500.0,1.0,340.0,349.0,338.0,342.0,1475700.0
2024-09-06,52020,342.0,347.0,338.0,343.0,0,0,1178600.0,403307800.0,1.0,342.0,347.0,338.0,343.0,1178600.0
2024-09-09,52020,335.0,343.0,329.0,340.0,0,0,1369900.0,460103700.0,1.0,335.0,343.0,329.0,340.0,1369900.0
2024-09-10,52020,342.0,343.0,338.0,339.0,0,0,548000.0,186777800.0,1.0,342.0,343.0,338.0,339.0,548000.0
2024-09-11,52020,335.0,337.0,328.0,329.0,0,0,1244400.0,412104500.0,1.0,335.0,337.0,328.0,329.0,1244400.0
2024-09-12,52020,337.0,340.0,334.0,338.0,0,0,567300.0,191305200.0,1.0,337.0,340.0,334.0,338.0,567300.0
2024-09-13,52020,338.0,343.0,337.0,342.0,0,0,619400.0,210391400.0,1.0,338.0,343.0,337.0,342.0,619400.0
2024-09-17,52020,342.0,344.0,336.0,340.0,0,0,507900.0,172174000.0,1.0,342.0,344.0,336.0,340.0,507900.0
2024-09-18,52020,344.0,350.0,342.0,349.0,0,0,801500.0,278431300.0,1.0,344.0,350.0,342.0,349.0,801500.0
2024-09-19,52020,350.0,358.0,349.0,355.0,0,0,900200.0,318811200.0,1.0,350.0,358.0,349.0,355.0,900200.0
2024-09-20,52020,360.0,367.0,359.0,362.0,0,0,875900.0,317486800.0,1.0,360.0,367.0,359.0,362.0,875900.0
2024-09-24,52020,362.0,365.0,360.0,360.0,0,0,462700.0,167160000.0,1.0,362.0,365.0,360.0,360.0,462700.0
2024-09-25,52020,362.0,372.0,360.0,366.0,0,0,866100.0,317062000.0,1.0,362.0,372.0,360.0,366.0,866100.0
2024-09-26,52020,371.0,376.0,365.0,376.0,0,0,952900.0,354760300.0,1.0,371.0,376.0,365.0,376.0,952900.0
2024-09-27,52020,381.0,386.0,372.0,381.0,0,0,1096500.0,416942100.0,1.0,381.0,386.0,372.0,381.0,1096500.0
2024-09-30,52020,373.0,382.0,372.0,373.0,0,0,666300.0,249936900.0,1.0,373.0,382.0,372.0,373.0,666300.0
2024-10-01,52020,376.0,382.0,376.0,382.0,0,0,381100.0,144781700.0,1.0,376.0,382.0,376.0,382.0,381100.0
2024-10-02,52020,375.0,381.0,374.0,378.0,0,0,601600.0,227146400.0,1.0,375.0,381.0,374.0,378.0,601600.0
2024-10-03,52020,382.0,387.0,378.0,380.0,0,0,453000.0,173205500.0,1.0,382.0,387.0,378.0,380.0,453000.0
2024-10-04,52020,384.0,384.0,375.0,376.0,0,0,420200.0,158668800.0,1.0,384.0,384.0,375.0,376.0,420200.0
2024-10-07,52020,386.0,386.0,376.0,380.0,0,0,738400.0,281333600.0,1.0,386.0,386.0,376.0,380.0,738400.0
2024-10-08,52020,375.0,376.0,369.0,372.0,0,0,677700.0,252382300.0,1.0,375.0,376.0,369.0,372.0,677700.0
2024-10-09,52020,374.0,374.0,364.0,367.0,0,0,637300.0,234414100.0,1.0,374.0,374.0,364.0,367.0,637300.0
2024-10-10,52020,368.0,368.0,363.0,364.0,0,0,498300.0,182032200.0,1.0,368.0,368.0,363.0,364.0,498300.0
2024-10-11,52020,362.0,369.0,361.0,367.0,0,0,357300.0,130559800.0,1.0,362.0,369.0,361.0,367.0,357300.0
2024-10-15,52020,368.0,372.0,362.0,370.0,0,0,456900.0,168068900.0,1.0,368.0,372.0,362.0,370.0,456900.0
2024-10-16,52020,369.0,374.0,362.0,362.0,0,0,434300.0,158667700.0,1.0,369.0,374.0,362.0,362.0,434300.0
2024-10-17,52020,362.0,365.0,360.0,360.0,0,0,257400.0,93054700.0,1.0,362.0,365.0,360.0,360.0,257400.0
2024-10-18,52020,364.0,366.0,362.0,364.0,0,0,424900.0,154497900.0,1.0,364.0,366.0,362.0,364.0,424900.0
2024-10-21,52020,365.0,369.0,362.0,368.0,0,0,347500.0,127334500.0,1.0,365.0,369.0,362.0,368.0,347500.0
2024-10-22,52020,370.0,372.0,361.0,364.0,0,0,469600.0,171541300.0,1.0,370.0,372.0,361.0,364.0,469600.0
2024-10-23,52020,363.0,365.0,357.0,357.0,0,0,395300.0,142390900.0,1.0,363.0,365.0,357.0,357.0,395300.0
2024-10-24,52020,356.0,359.0,353.0,358.0,0,0,471200.0,167857600.0,1.0,356.0,359.0,353.0,358.0,471200.0
2024-10-25,52020,356.0,357.0,349.0,353.0,0,0,633500.0,223706900.0,1.0,356.0,357.0,349.0,353.0,633500.0
2024-10-28,52020,354.0,364.0,354.0,364.0,0,0,648200.0,233767600.0,1.0,354.0,364.0,354.0,364.0,648200.0
2024-10-29,52020,365.0,371.0,364.0,370.0,0,0,591800.0,217637500.0,1.0,365.0,371.0,364.0,370.0,591800.0
2024-10-30,52020,372.0,372.0,368.0,370.0,0,0,807000.0,298788000.0,1.0,372.0,372.0,368.0,370.0,807000.0
2024-10-31,52020,371.0,374.0,368.0,374.0,0,0,424600.0,157690800.0,1.0,371.0,374.0,368.0,374.0,424600.0
2024-11-01,52020,370.0,371.0,366.0,369.0,0,0,408100.0,150534900.0,1.0,370.0,371.0,366.0,369.0,408100.0
2024-11-05,52020,370.0,371.0,366.0,366.0,0,0,480500.0,176720000.0,1.0,370.0,371.0,366.0,366.0,480500.0
2024-11-06,52020,369.0,374.0,367.0,370.0,0,0,625600.0,231634500.0,1.0,369.0,374.0,367.0,370.0,625600.0
2024-11-07,52020,371.0,375.0,369.0,374.0,0,0,483600.0,179985100.0,1.0,371.0,375.0,369.0,374.0,483600.0
2024-11-08,52020,371.0,373.0,348.0,365.0,0,0,1817400.0,654572400.0,1.0,371.0,373.0,348.0,365.0,1817400.0
2024-11-11,52020,360.0,361.0,345.0,349.0,0,0,1379100.0,482270300.0,1.0,360.0,361.0,345.0,349.0,1379100.0
2024-11-12,52020,349.0,354.0,346.0,347.0,0,0,870600.0,303815700.0,1.0,349.0,354.0,346.0,347.0,870600.0
2024-11-13,52020,347.0,354.0,347.0,348.0,0,0,1030700.0,360611500.0,1.0,347.0,354.0,347.0,348.0,1030700.0
2024-11-14,52020,356.0,357.0,343.0,343.0,0,0,904500.0,315328900.0,1.0,356.0,357.0,343.0,343.0,904500.0
2024-11-15,52020,343.0,345.0,339.0,339.0,0,0,871800.0,297269000.0,1.0,343.0,345.0,339.0,339.0,871800.0
2024-11-18,52020,336.0,339.0,334.0,338.0,0,0,625400.0,210423600.0,1.0,336.0,339.0,334.0,338.0,625400.0
2024-11-19,52020,339.0,343.0,336.0,342.0,0,0,833000.0,284182600.0,1.0,339.0,343.0,336.0,342.0,833000.0
2024-11-20,52020,340.0,344.0,333.0,336.0,0,0,1011400.0,340640500.0,1.0,340.0,344.0,333.0,336.0,1011400.0
2024-11-21,52020,337.0,342.0,333.0,339.0,0,0,749700.0,253269200.0,1.0,337.0,342.0,333.0,339.0,749700.0
2024-11-22,52020,340.0,348.0,340.0,344.0,0,0,763500.0,263093200.0,1.0,340.0,348.0,340.0,344.0,763500.0
2024-11-25,52020,343.0,346.0,339.0,341.0,0,0,874100.0,298580600.0,1.0,343.0,346.0,339.0,341.0,874100.0
2024-11-26,52020,340.0,342.0,334.0,340.0,0,0,880000.0,297380500.0,1.0,340.0,342.0,334.0,340.0,880000.0
2024-11-27,52020,338.0,338.0,328.0,330.0,0,0,1393400.0,461863200.0,1.0,338.0,338.0,328.0,330.0,1393400.0
2024-11-28,52020,329.0,340.0,327.0,337.0,0,0,1321400.0,443487900.0,1.0,329.0,340.0,327.0,337.0,1321400.0
2024-11-29,52020,340.0,342.0,332.0,334.0,0,0,706900.0,237095500.0,1.0,340.0,342.0,332.0,334.0,706900.0
2024-12-02,52020,334.0,337.0,331.0,334.0,0,0,555200.0,185366400.0,1.0,334.0,337.0,331.0,334.0,555200.0
2024-12-03,52020,335.0,338.0,331.0,333.0,0,0,799100.0,266651900.0,1.0,335.0,338.0,331.0,333.0,799100.0
2024-12-04,52020,335.0,335.0,327.0,329.0,0,0,1077500.0,354791600.0,1.0,335.0,335.0,327.0,329.0,1077500.0
2024-12-05,52020,330.0,330.0,324.0,324.0,0,0,800000.0,260956000.0,1.0,330.0,330.0,324.0,324.0,800000.0
2024-12-06,52020,323.0,325.0,320.0,323.0,0,0,820000.0,264565100.0,1.0,323.0,325.0,320.0,323.0,820000.0
2024-12-09,52020,323.0,332.0,319.0,329.0,0,0,1638100.0,533939900.0,1.0,323.0,332.0,319.0,329.0,1638100.0
2024-12-10,52020,334.0,355.0,332.0,343.0,0,0,2299000.0,788876100.0,1.0,334.0,355.0,332.0,343.0,2299000.0
2024-12-11,52020,340.0,354.0,339.0,351.0,0,0,1452300.0,505691500.0,1.0,340.0,354.0,339.0,351.0,1452300.0
2024-12-12,52020,352.0,357.0,350.0,353.0,0,0,1063100.0,375065000.0,1.0,352.0,357.0,350.0,353.0,1063100.0
2024-12-13,52020,354.0,361.0,351.0,352.0,0,0,1332400.0,472716600.0,1.0,354.0,361.0,351.0,352.0,1332400.0
2024-12-16,52020,356.0,361.0,355.0,360.0,0,0,1148600.0,411302700.0,1.0,356.0,361.0,355.0,360.0,1148600.0
2024-12-17,52020,361.0,362.0,357.0,360.0,0,0,801000.0,288080700.0,1.0,361.0,362.0,357.0,360.0,801000.0
2024-12-18,52020,358.0,361.0,355.0,360.0,0,0,943700.0,337944700.0,1.0,358.0,361.0,355.0,360.0,943700.0
2024-12-19,52020,355.0,361.0,352.0,352.0,0,0,698600.0,248611400.0,1.0,355.0,361.0,352.0,352.0,698600.0
2024-12-20,52020,351.0,354.0,347.0,347.0,0,0,1042600.0,363468900.0,1.0,351.0,354.0,347.0,347.0,1042600.0
2024-12-23,52020,346.0,349.0,338.0,347.0,0,0,989900.0,340550300.0,1.0,346.0,349.0,338.0,347.0,989900.0
2024-12-24,52020,349.0,349.0,342.0,346.0,0,0,849500.0,293467100.0,1.0,349.0,349.0,342.0,346.0,849500.0
2024-12-25,52020,346.0,353.0,343.0,346.0,0,0,941800.0,326538900.0,1.0,346.0,353.0,343.0,346.0,941800.0
2024-12-26,52020,347.0,359.0,347.0,349.0,0,0,1474100.0,519333500.0,1.0,347.0,359.0,347.0,349.0,1474100.0
2024-12-27,52020,350.0,357.0,350.0,354.0,0,0,683100.0,241153300.0,1.0,350.0,357.0,350.0,354.0,683100.0
2024-12-30,52020,354.0,362.0,353.0,357.0,0,0,1088000.0,389194900.0,1.0,354.0,362.0,353.0,357.0,1088000.0
2025-01-06,52020,360.0,361.0,352.0,357.0,0,0,854200.0,303932700.0,1.0,360.0,361.0,352.0,357.0,854200.0
2025-01-07,52020,357.0,357.0,348.0,355.0,0,0,897300.0,316315300.0,1.0,357.0,357.0,348.0,355.0,897300.0
2025-01-08,52020,353.0,356.0,344.0,344.0,0,0,869300.0,301399800.0,1.0,353.0,356.0,344.0,344.0,869300.0
2025-01-09,52020,345.0,346.0,335.0,338.0,0,0,1223200.0,414985700.0,1.0,345.0,346.0,335.0,338.0,1223200.0
2025-01-10,52020,336.0,338.0,332.0,334.0,0,0,831200.0,278047700.0,1.0,336.0,338.0,332.0,334.0,831200.0
2025-01-14,52020,332.0,334.0,324.0,325.0,0,0,1312900.0,429882500.0,1.0,332.0,334.0,324.0,325.0,1312900.0
2025-01-15,52020,331.0,331.0,324.0,328.0,0,0,834900.0,273132400.0,1.0,331.0,331.0,324.0,328.0,834900.0
2025-01-16,52020,332.0,333.0,329.0,331.0,0,0,760200.0,251790400.0,1.0,332.0,333.0,329.0,331.0,760200.0
2025-01-17,52020,329.0,336.0,328.0,335.0,0,0,675900.0,224958900.0,1.0,329.0,336.0,328.0,335.0,675900.0
2025-01-20,52020,337.0,375.0,334.0,370.0,0,0,3261600.0,1183598400.0,1.0,337.0,375.0,334.0,370.0,3261600.0
2025-01-21,52020,375.0,382.0,363.0,370.0,0,0,1856200.0,689423100.0,1.0,375.0,382.0,363.0,370.0,1856200.0
2025-01-22,52020,371.0,378.0,370.0,375.0,0,0,716100.0,267335600.0,1.0,371.0,378.0,370.0,375.0,716100.0
2025-01-23,52020,376.0,379.0,368.0,374.0,0,0,672700.0,250398000.0,1.0,376.0,379.0,368.0,374.0,672700.0
2025-01-24,52020,374.0,390.0,371.0,383.0,0,0,1554700.0,596025800.0,1.0,374.0,390.0,371.0,383.0,1554700.0
2025-01-27,52020,391.0,412.0,391.0,403.0,0,0,2498600.0,1006920900.0,1.0,391.0,412.0,391.0,403.0,2498600.0
2025-01-28,52020,400.0,404.0,397.0,398.0,0,0,1034100.0,413995200.0,1.0,400.0,404.0,397.0,398.0,1034100.0
2025-01-29,52020,398.0,399.0,381.0,383.0,0,0,1168800.0,451241600.0,1.0,398.0,399.0,381.0,383.0,1168800.0
2025-01-30,52020,383.0,383.0,377.0,381.0,0,0,778100.0,295667300.0,1.0,383.0,383.0,377.0,381.0,778100.0
2025-01-31,52020,383.0,383.0,374.0,379.0,0,0,756000.0,284968900.0,1.0,383.0,383.0,374.0,379.0,756000.0
2025-02-03,52020,373.0,374.0,366.0,371.0,0,0,718100.0,265865900.0,1.0,373.0,374.0,366.0,371.0,718100.0
2025-02-04,52020,378.0,378.0,369.0,369.0,0,0,705900.0,262540600.0,1.0,378.0,378.0,369.0,369.0,705900.0
2025-02-05,52020,374.0,379.0,373.0,373.0,0,0,678200.0,254293300.0,1.0,374.0,379.0,373.0,373.0,678200.0
2025-02-06,52020,377.0,384.0,375.0,381.0,0,0,667800.0,254250300.0,1.0,377.0,384.0,375.0,381.0,667800.0
2025-02-07,52020,384.0,395.0,344.0,346.0,0,0,3949100.0,1431421300.0,1.0,384.0,395.0,344.0,346.0,3949100.0
2025-02-10,52020,341.0,345.0,328.0,334.0,0,0,3043500.0,1018269900.0,1.0,341.0,345.0,328.0,334.0,3043500.0
2025-02-12,52020,335.0,338.0,321.0,331.0,0,0,2001800.0,655197600.0,1.0,335.0,338.0,321.0,331.0,2001800.0
2025-02-13,52020,353.0,378.0,345.0,368.0,0,0,4285900.0,1567499500.0,1.0,353.0,378.0,345.0,368.0,4285900.0
2025-02-14,52020,368.0,381.0,367.0,376.0,0,0,1663900.0,623753500.0,1.0,368.0,381.0,367.0,376.0,1663900.0
2025-02-17,52020,378.0,384.0,370.0,377.0,0,0,1224000.0,461972000.0,1.0,378.0,384.0,370.0,377.0,1224000.0
2025-02-18,52020,374.0,382.0,371.0,379.0,0,0,865200.0,326769400.0,1.0,374.0,382.0,371.0,379.0,865200.0
2025-02-19,52020,378.0,387.0,377.0,386.0,0,0,1174900.0,449261800.0,1.0,378.0,387.0,377.0,386.0,1174900.0
2025-02-20,52020,386.0,402.0,384.0,393.0,0,0,1938500.0,761660200.0,1.0,386.0,402.0,384.0,393.0,1938500.0
2025-02-21,52020,393.0,393.0,382.0,387.0,0,0,1000800.0,386948600.0,1.0,393.0,393.0,382.0,387.0,1000800.0
2025-02-25,52020,382.0,387.0,379.0,383.0,0,0,808700.0,308865100.0,1.0,382.0,387.0,379.0,383.0,808700.0
2025-02-26,52020,378.0,406.0,378.0,401.0,0,0,1969100.0,778341600.0,1.0,378.0,406.0,378.0,401.0,1969100.0
2025-02-27,52020,402.0,415.0,402.0,407.0,0,0,1386100.0,566950300.0,1.0,402.0,415.0,402.0,407.0,1386100.0
2025-02-28,52020,401.0,408.0,394.0,395.0,0,0,1121100.0,446043800.0,1.0,401.0,408.0,394.0,395.0,1121100.0
2025-03-03,52020,394.0,396.0,385.0,392.0,0,0,941000.0,367730600.0,1.0,394.0,396.0,385.0,392.0,941000.0
2025-03-04,52020,387.0,392.0,385.0,392.0,0,0,612500.0,237887300.0,1.0,387.0,392.0,385.0,392.0,612500.0
2025-03-05,52020,390.0,414.0,388.0,401.0,0,0,1444900.0,583600900.0,1.0,390.0,414.0,388.0,401.0,1444900.0
2025-03-06,52020,409.0,452.0,409.0,445.0,0,0,5202200.0,2267114800.0,1.0,409.0,452.0,409.0,445.0,5202200.0
2025-03-07,52020,441.0,458.0,437.0,445.0,0,0,2920200.0,1307074900.0,1.0,441.0,458.0,437.0,445.0,2920200.0
2025-03-10,52020,453.0,469.0,452.0,468.0,0,0,3029500.0,1403739900.0,1.0,453.0,469.0,452.0,468.0,3029500.0
2025-03-11,52020,463.0,474.0,442.0,444.0,0,0,3274800.0,1485319900.0,1.0,463.0,474.0,442.0,444.0,3274800.0
2025-03-12,52020,437.0,447.0,436.0,444.0,0,0,1593700.0,704765800.0,1.0,437.0,447.0,436.0,444.0,1593700.0
2025-03-13,52020,446.0,453.0,437.0,441.0,0,0,1020400.0,451679900.0,1.0,446.0,453.0,437.0,441.0,1020400.0
2025-03-14,52020,438.0,444.0,427.0,431.0,0,0,1362200.0,590808000.0,1.0,438.0,444.0,427.0,431.0,1362200.0
2025-03-17,52020,436.0,440.0,432.0,435.0,0,0,832000.0,361896100.0,1.0,436.0,440.0,432.0,435.0,832000.0
2025-03-18,52020,440.0,443.0,432.0,438.0,0,0,751300.0,328125800.0,1.0,440.0,443.0,432.0,438.0,751300.0
2025-03-19,52020,438.0,442.0,430.0,431.0,0,0,798300.0,346585700.0,1.0,438.0,442.0,430.0,431.0,798300.0
2025-03-21,52020,427.0,436.0,422.0,423.0,0,0,1166100.0,498301600.0,1.0,427.0,436.0,422.0,423.0,1166100.0
2025-03-24,52020,425.0,426.0,413.0,415.0,0,0,1049000.0,437781000.0,1.0,425.0,426.0,413.0,415.0,1049000.0
2025-03-25,52020,420.0,423.0,414.0,421.0,0,0,664400.0,278428700.0,1.0,420.0,423.0,414.0,421.0,664400.0
2025-03-26,52020,420.0,425.0,416.0,423.0,0,0,639200.0,269300600.0,1.0,420.0,425.0,416.0,423.0,639200.0
2025-03-27,52020,421.0,421.0,412.0,420.0,0,0,820900.0,342365400.0,1.0,421.0,421.0,412.0,420.0,820900.0
2025-03-28,52020,415.0,420.0,404.0,406.0,0,0,1009500.0,412425800.0,1.0,415.0,420.0,404.0,406.0,1009500.0
2025-03-31,52020,391.0,402.0,388.0,395.0,0,0,1262900.0,498003200.0,1.0,391.0,402.0,388.0,395.0,1262900.0
2025-04-01,52020,398.0,399.0,383.0,385.0,0,0,1073400.0,417362800.0,1.0,398.0,399.0,383.0,385.0,1073400.0
2025-04-02,52020,389.0,394.0,385.0,388.0,0,0,1035700.0,402337800.0,1.0,389.0,394.0,385.0,388.0,1035700.0
2025-04-03,52020,372.0,378.0,366.0,375.0,0,0,1479500.0,550301700.0,1.0,372.0,378.0,366.0,375.0,1479500.0
2025-04-04,52020,359.0,361.0,340.0,355.0,0,0,1811000.0,636667000.0,1.0,359.0,361.0,340.0,355.0,1811000.0
2025-04-07,52020,323.0,334.0,315.0,321.0,0,0,2106600.0,683701500.0,1.0,323.0,334.0,315.0,321.0,2106600.0
2025-04-08,52020,345.0,354.0,344.0,347.0,0,0,1170800.0,406861600.0,1.0,345.0,354.0,344.0,347.0,1170800.0
2025-04-09,52020,339.0,339.0,317.0,324.0,0,0,1683600.0,546420900.0,1.0,339.0,339.0,317.0,324.0,1683600.0
2025-04-10,52020,361.0,364.0,344.0,358.0,0,0,1901600.0,672667000.0,1.0,361.0,364.0,344.0,358.0,1901600.0
2025-04-11,52020,335.0,358.0,331.0,356.0,0,0,1276200.0,441032500.0,1.0,335.0,358.0,331.0,356.0,1276200.0
2025-04-14,52020,357.0,366.0,356.0,357.0,0,0,755900.0,272546100.0,1.0,357.0,366.0,356.0,357.0,755900.0
2025-04-15,52020,365.0,367.0,359.0,362.0,0,0,352500.0,127874400.0,1.0,365.0,367.0,359.0,362.0,352500.0
2025-04-16,52020,361.0,362.0,355.0,358.0,0,0,409500.0,146605100.0,1.0,361.0,362.0,355.0,358.0,409500.0
2025-04-17,52020,362.0,363.0,357.0,361.0,0,0,433200.0,156412400.0,1.0,362.0,363.0,357.0,361.0,433200.0
2025-04-18,52020,368.0,378.0,367.0,378.0,0,0,733500.0,274592900.0,1.0,368.0,378.0,367.0,378.0,733500.0
2025-04-21,52020,378.0,379.0,371.0,375.0,0,0,644900.0,241804800.0,1.0,378.0,379.0,371.0,375.0,644900.0
2025-04-22,52020,375.0,378.0,368.0,370.0,0,0,427500.0,158855900.0,1.0,375.0,378.0,368.0,370.0,427500.0
2025-04-23,52020,384.0,403.0,381.0,399.0,0,0,1714000.0,675731100.0,1.0,384.0,403.0,381.0,399.0,1714000.0
2025-04-24,52020,402.0,404.0,392.0,395.0,0,0,782100.0,310806300.0,1.0,402.0,404.0,392.0,395.0,782100.0
2025-04-25,52020,399.0,401.0,391.0,395.0,0,0,570500.0,225660800.0,1.0,399.0,401.0,391.0,395.0,570500.0
2025-04-28,52020,401.0,416.0,397.0,413.0,0,0,1110700.0,453424500.0,1.0,401.0,416.0,397.0,413.0,1110700.0
2025-04-30,52020,423.0,426.0,405.0,408.0,0,0,872600.0,361420200.0,1.0,423.0,426.0,405.0,408.0,872600.0
2025-05-01,52020,407.0,413.0,403.0,406.0,0,0,744500.0,302884600.0,1.0,407.0,413.0,403.0,406.0,744500.0
2025-05-02,52020,406.0,412.0,402.0,406.0,0,0,641500.0,261060300.0,1.0,406.0,412.0,402.0,406.0,641500.0
2025-05-07,52020,402.0,404.0,395.0,397.0,0,0,811000.0,323043500.0,1.0,402.0,404.0,395.0,397.0,811000.0
2025-05-08,52020,393.0,393.0,386.0,392.0,0,0,1140200.0,444599000.0,1.0,393.0,393.0,386.0,392.0,1140200.0
2025-05-09,52020,390.0,416.0,382.0,412.0,0,0,2457800.0,987586500.0,1.0,390.0,416.0,382.0,412.0,2457800.0
2025-05-12,52020,435.0,436.0,414.0,415.0,0,0,1979700.0,838872500.0,1.0,435.0,436.0,414.0,415.0,1979700.0
2025-05-13,52020,423.0,423.0,404.0,413.0,0,0,1416800.0,586095200.0,1.0,423.0,423.0,404.0,413.0,1416800.0
2025-05-14,52020,415.0,429.0,415.0,428.0,0,0,1265100.0,536252100.0,1.0,415.0,429.0,415.0,428.0,1265100.0
2025-05-15,52020,424.0,432.0,419.0,426.0,0,0,908300.0,385798100.0,1.0,424.0,432.0,419.0,426.0,908300.0
2025-05-16,52020,428.0,436.0,415.0,426.0,0,0,1219400.0,517721500.0,1.0,428.0,436.0,415.0,426.0,1219400.0
2025-05-19,52020,423.0,450.0,422.0,446.0,0,0,1909800.0,845336800.0,1.0,423.0,450.0,422.0,446.0,1909800.0
2025-05-20,52020,447.0,448.0,430.0,431.0,0,0,1073100.0,468148500.0,1.0,447.0,448.0,430.0,431.0,1073100.0
2025-05-21,52020,430.0,432.0,415.0,415.0,0,0,1098100.0,460733500.0,1.0,430.0,432.0,415.0,415.0,1098100.0
2025-05-22,52020,407.0,415.0,405.0,410.0,0,0,623700.0,256340700.0,1.0,407.0,415.0,405.0,410.0,623700.0
2025-05-23,52020,410.0,418.0,409.0,412.0,0,0,606200.0,250660300.0,1.0,410.0,418.0,409.0,412.0,606200.0
2025-05-26,52020,411.0,417.0,407.0,412.0,0,0,497800.0,205354400.0,1.0,411.0,417.0,407.0,412.0,497800.0
2025-05-27,52020,412.0,421.0,411.0,415.0,0,0,513200.0,213204300.0,1.0,412.0,421.0,411.0,415.0,513200.0
2025-05-28,52020,423.0,431.0,420.0,422.0,0,0,971000.0,413449700.0,1.0,423.0,431.0,420.0,422.0,971000.0
2025-05-29,52020,425.0,436.0,424.0,434.0,0,0,790100.0,341317300.0,1.0,425.0,436.0,424.0,434.0,790100.0
2025-05-30,52020,428.0,438.0,427.0,436.0,0,0,526500.0,227812400.0,1.0,428.0,438.0,427.0,436.0,526500.0
2025-06-02,52020,431.0,438.0,428.0,431.0,0,0,586300.0,253526600.0,1.0,431.0,438.0,428.0,431.0,586300.0
2025-06-03,52020,432.0,432.0,421.0,430.0,0,0,673800.0,287670300.0,1.0,432.0,432.0,421.0,430.0,673800.0
2025-06-04,52020,432.0,432.0,422.0,422.0,0,0,811900.0,346614200.0,1.0,432.0,432.0,422.0,422.0,811900.0
2025-06-05,52020,417.0,423.0,415.0,418.0,0,0,749900.0,314036000.0,1.0,417.0,423.0,415.0,418.0,749900.0
2025-06-06,52020,418.0,419.0,409.0,409.0,0,0,520400.0,214899900.0,1.0,418.0,419.0,409.0,409.0,520400.0
2025-06-09,52020,415.0,419.0,406.0,410.0,0,0,809200.0,332876900.0,1.0,415.0,419.0,406.0,410.0,809200.0
2025-06-10,52020,411.0,419.0,410.0,411.0,0,0,710600.0,294458400.0,1.0,411.0,419.0,410.0,411.0,710600.0
2025-06-11,52020,411.0,419.0,411.0,413.0,0,0,470000.0,194769000.0,1.0,411.0,419.0,411.0,413.0,470000.0
2025-06-12,52020,411.0,415.0,406.0,413.0,0,0,635600.0,261349600.0,1.0,411.0,415.0,406.0,413.0,635600.0
2025-06-13,52020,411.0,411.0,399.0,400.0,0,0,865500.0,348663700.0,1.0,411.0,411.0,399.0,400.0,865500.0
2025-06-16,52020,405.0,408.0,400.0,400.0,0,0,378700.0,152569000.0,1.0,405.0,408.0,400.0,400.0,378700.0
2025-06-17,52020,402.0,403.0,398.0,400.0,0,0,254900.0,102092600.0,1.0,402.0,403.0,398.0,400.0,254900.0
2025-06-18,52020,398.0,404.0,398.0,401.0,0,0,612700.0,245370400.0,1.0,398.0,404.0,398.0,401.0,612700.0
2025-06-19,52020,400.0,404.0,395.0,400.0,0,0,442100.0,176217900.0,1.0,400.0,404.0,395.0,400.0,442100.0
2025-06-20,52020,398.0,399.0,390.0,390.0,0,0,676200.0,265607600.0,1.0,398.0,399.0,390.0,390.0,676200.0
2025-06-23,52020,391.0,396.0,388.0,392.0,0,0,465300.0,181992900.0,1.0,391.0,396.0,388.0,392.0,465300.0
2025-06-24,52020,405.0,425.0,405.0,412.0,0,0,2471400.0,1025007100.0,1.0,405.0,425.0,405.0,412.0,2471400.0
2025-06-25,52020,416.0,424.0,411.0,416.0,0,0,988000.0,411266600.0,1.0,416.0,424.0,411.0,416.0,988000.0
2025-06-26,52020,416.0,425.0,414.0,420.0,0,0,899400.0,377489500.0,1.0,416.0,425.0,414.0,420.0,899400.0
2025-06-27,52020,428.0,454.0,423.0,450.0,0,0,3571100.0,1573474500.0,1.0,428.0,454.0,423.0,450.0,3571100.0
2025-06-30,52020,458.0,472.0,451.0,452.0,0,0,1922300.0,882153600.0,1.0,458.0,472.0,451.0,452.0,1922300.0
2025-07-01,52020,450.0,458.0,444.0,454.0,0,0,944400.0,426398600.0,1.0,450.0,458.0,444.0,454.0,944400.0
2025-07-02,52020,450.0,450.0,443.0,448.0,0,0,706100.0,315659100.0,1.0,450.0,450.0,443.0,448.0,706100.0
2025-07-03,52020,449.0,469.0,445.0,466.0,0,0,1575200.0,728964500.0,1.0,449.0,469.0,445.0,466.0,1575200.0
2025-07-04,52020,467.0,471.0,457.0,464.0,0,0,1255300.0,583655200.0,1.0,467.0,471.0,457.0,464.0,1255300.0
2025-07-07,52020,480.0,497.0,474.0,481.0,0,0,3575400.0,1730584100.0,1.0,480.0,497.0,474.0,481.0,3575400.0
2025-07-08,52020,486.0,491.0,482.0,489.0,0,0,1171600.0,570449900.0,1.0,486.0,491.0,482.0,489.0,1171600.0
2025-07-09,52020,490.0,511.0,487.0,491.0,0,0,2226100.0,1112762100.0,1.0,490.0,511.0,487.0,491.0,2226100.0
2025-07-10,52020,499.0,506.0,482.0,495.0,0,0,1919400.0,945777500.0,1.0,499.0,506.0,482.0,495.0,1919400.0
2025-07-11,52020,498.0,500.0,486.0,496.0,0,0,983500.0,486083200.0,1.0,498.0,500.0,486.0,496.0,983500.0
2025-07-14,52020,499.0,503.0,489.0,499.0,0,0,1342000.0,666976900.0,1.0,499.0,503.0,489.0,499.0,1342000.0
2025-07-15,52020,500.0,501.0,492.0,494.0,0,0,902800.0,447953100.0,1.0,500.0,501.0,492.0,494.0,902800.0
2025-07-16,52020,488.0,493.0,474.0,483.0,0,0,1183400.0,571864100.0,1.0,488.0,493.0,474.0,483.0,1183400.0
2025-07-17,52020,482.0,484.0,476.0,483.0,0,0,824500.0,396630400.0,1.0,482.0,484.0,476.0,483.0,824500.0
2025-07-18,52020,478.0,492.0,476.0,484.0,0,0,747400.0,361793900.0,1.0,478.0,492.0,476.0,484.0,747400.0
2025-07-22,52020,483.0,486.0,474.0,481.0,0,0,775700.0,371802400.0,1.0,483.0,486.0,474.0,481.0,775700.0
2025-07-23,52020,500.0,518.0,485.0,487.0,0,0,1978200.0,985875300.0,1.0,500.0,518.0,485.0,487.0,1978200.0
2025-07-24,52020,489.0,506.0,486.0,501.0,0,0,1394400.0,695158600.0,1.0,489.0,506.0,486.0,501.0,1394400.0
2025-07-25,52020,499.0,503.0,492.0,501.0,0,0,688800.0,343463500.0,1.0,499.0,503.0,492.0,501.0,688800.0
2025-07-28,52020,510.0,510.0,502.0,507.0,0,0,1006100.0,509640600.0,1.0,510.0,510.0,502.0,507.0,1006100.0
2025-07-29,52020,501.0,501.0,493.0,496.0,0,0,633800.0,314789400.0,1.0,501.0,501.0,493.0,496.0,633800.0
2025-07-30,52020,492.0,495.0,488.0,494.0,0,0,613900.0,301811000.0,1.0,492.0,495.0,488.0,494.0,613900.0
2025-07-31,52020,494.0,503.0,487.0,503.0,0,0,1034800.0,512382500.0,1.0,494.0,503.0,487.0,503.0,1034800.0
2025-08-01,52020,504.0,529.0,502.0,522.0,0,0,2037200.0,1055669700.0,1.0,504.0,529.0,502.0,522.0,2037200.0
2025-08-04,52020,509.0,515.0,504.0,515.0,0,0,864000.0,441013800.0,1.0,509.0,515.0,504.0,515.0,864000.0
2025-08-05,52020,520.0,535.0,519.0,534.0,0,0,1141700.0,605123400.0,1.0,520.0,535.0,519.0,534.0,1141700.0
2025-08-06,52020,537.0,543.0,534.0,539.0,0,0,816200.0,439946000.0,1.0,537.0,543.0,534.0,539.0,816200.0
2025-08-07,52020,535.0,554.0,531.0,552.0,0,0,1677600.0,912764900.0,1.0,535.0,554.0,531.0,552.0,1677600.0
2025-08-08,52020,549.0,584.0,537.0,575.0,0,0,3817000.0,2146651200.0,1.0,549.0,584.0,537.0,575.0,3817000.0
2025-08-12,52020,580.0,580.0,545.0,551.0,0,0,3159300.0,1759409900.0,1.0,580.0,580.0,545.0,551.0,3159300.0
2025-08-13,52020,557.0,564.0,540.0,545.0,0,0,1950200.0,1073372200.0,1.0,557.0,564.0,540.0,545.0,1950200.0
2025-08-14,52020,541.0,543.0,522.0,524.0,0,0,1351700.0,714349400.0,1.0,541.0,543.0,522.0,524.0,1351700.0
2025-08-15,52020,527.0,544.0,526.0,541.0,0,0,1376900.0,739926700.0,1.0,527.0,544.0,526.0,541.0,1376900.0
2025-08-18,52020,551.0,556.0,538.0,538.0,0,0,1012400.0,551945600.0,1.0,551.0,556.0,538.0,538.0,1012400.0
2025-08-19,52020,561.0,575.0,547.0,550.0,0,0,1846100.0,1032351900.0,1.0,561.0,575.0,547.0,550.0,1846100.0
2025-08-20,52020,550.0,550.0,532.0,535.0,0,0,1137400.0,612319000.0,1.0,550.0,550.0,532.0,535.0,1137400.0
2025-08-21,52020,532.0,544.0,528.0,543.0,0,0,826100.0,444220300.0,1.0,532.0,544.0,528.0,543.0,826100.0
2025-08-22,52020,538.0,542.0,532.0,532.0,0,0,720700.0,386448300.0,1.0,538.0,542.0,532.0,532.0,720700.0
2025-08-25,52020,541.0,548.0,536.0,547.0,0,0,964100.0,523428400.0,1.0,541.0,548.0,536.0,547.0,964100.0
2025-08-26,52020,546.0,553.0,545.0,550.0,0,0,930500.0,511046300.0,1.0,546.0,553.0,545.0,550.0,930500.0
2025-08-27,52020,550.0,550.0,525.0,528.0,0,0,1449400.0,774262900.0,1.0,550.0,550.0,525.0,528.0,1449400.0
2025-08-28,52020,519.0,535.0,517.0,533.0,0,0,1098100.0,579937800.0,1.0,519.0,535.0,517.0,533.0,1098100.0
2025-08-29,52020,533.0,539.0,527.0,532.0,0,0,765500.0,409236500.0,1.0,533.0,539.0,527.0,532.0,765500.0
2025-09-01,52020,527.0,533.0,522.0,533.0,0,0,738300.0,389136800.0,1.0,527.0,533.0,522.0,533.0,738300.0
2025-09-02,52020,528.0,547.0,528.0,530.0,0,0,1041900.0,558861600.0,1.0,528.0,547.0,528.0,530.0,1041900.0
2025-09-03,52020,530.0,538.0,526.0,529.0,0,0,1043600.0,554161600.0,1.0,530.0,538.0,526.0,529.0,1043600.0
2025-09-04,52020,521.0,535.0,517.0,529.0,0,0,1403200.0,739033000.0,1.0,521.0,535.0,517.0,529.0,1403200.0
2025-09-05,52020,522.0,526.0,516.0,522.0,0,0,1090500.0,568451100.0,1.0,522.0,526.0,516.0,522.0,1090500.0
2025-09-08,52020,523.0,532.0,520.0,531.0,0,0,932200.0,491529100.0,1.0,523.0,532.0,520.0,531.0,932200.0
2025-09-09,52020,533.0,537.0,522.0,531.0,0,0,1004100.0,530859800.0,1.0,533.0,537.0,522.0,531.0,1004100.0
2025-09-10,52020,522.0,530.0,515.0,525.0,0,0,734900.0,384645800.0,1.0,522.0,530.0,515.0,525.0,734900.0
2025-09-11,52020,530.0,536.0,523.0,523.0,0,0,1198900.0,634297300.0,1.0,530.0,536.0,523.0,523.0,1198900.0
2025-09-12,52020,529.0,534.0,522.0,523.0,0,0,713500.0,375718900.0,1.0,529.0,534.0,522.0,523.0,713500.0
2025-09-16,52020,520.0,522.0,508.0,511.0,0,0,1226500.0,628685600.0,1.0,520.0,522.0,508.0,511.0,1226500.0
2025-09-17,52020,507.0,517.0,501.0,511.0,0,0,1190400.0,606513000.0,1.0,507.0,517.0,501.0,511.0,1190400.0
2025-09-18,52020,512.0,513.0,504.0,505.0,0,0,576400.0,293304400.0,1.0,512.0,513.0,504.0,505.0,576400.0
2025-09-19,52020,506.0,509.0,492.0,498.0,0,0,1704200.0,850862400.0,1.0,506.0,509.0,492.0,498.0,1704200.0
2025-09-22,52020,496.0,511.0,495.0,509.0,0,0,1110100.0,558360300.0,1.0,496.0,511.0,495.0,509.0,1110100.0
2025-09-24,52020,509.0,513.0,498.0,501.0,0,0,1348400.0,679049200.0,1.0,509.0,513.0,498.0,501.0,1348400.0
2025-09-25,52020,507.0,527.0,507.0,526.0,0,0,1669600.0,860363200.0,1.0,507.0,527.0,507.0,526.0,1669600.0
2025-09-26,52020,526.0,530.0,520.0,527.0,0,0,734100.0,386190100.0,1.0,526.0,530.0,520.0,527.0,734100.0
2025-09-29,52020,529.0,532.0,513.0,515.0,0,0,786300.0,407673700.0,1.0,529.0,532.0,513.0,515.0,786300.0
2025-09-30,52020,515.0,515.0,506.0,510.0,0,0,774200.0,394976700.0,1.0,515.0,515.0,506.0,510.0,774200.0
2025-10-01,52020,505.0,505.0,492.0,494.0,0,0,889200.0,441456900.0,1.0,505.0,505.0,492.0,494.0,889200.0
2025-10-02,52020,493.0,497.0,486.0,487.0,0,0,651900.0,319851200.0,1.0,493.0,497.0,486.0,487.0,651900.0
2025-10-03,52020,488.0,497.0,488.0,497.0,0,0,546300.0,269771400.0,1.0,488.0,497.0,488.0,497.0,546300.0
2025-10-06,52020,520.0,535.0,514.0,532.0,0,0,1842200.0,968312200.0,1.0,520.0,535.0,514.0,532.0,1842200.0
2025-10-07,52020,542.0,555.0,533.0,543.0,0,0,2178900.0,1185403000.0,1.0,542.0,555.0,533.0,543.0,2178900.0
2025-10-08,52020,550.0,558.0,544.0,549.0,0,0,1580300.0,870429700.0,1.0,550.0,558.0,544.0,549.0,1580300.0
2025-10-09,52020,552.0,566.0,549.0,566.0,0,0,1860400.0,1039445100.0,1.0,552.0,566.0,549.0,566.0,1860400.0
2025-10-10,52020,570.0,584.0,562.0,580.0,0,0,2128700.0,1220400300.0,1.0,570.0,584.0,562.0,580.0,2128700.0
2025-10-14,52020,570.0,578.0,530.0,532.0,0,0,2560800.0,1406641500.0,1.0,570.0,578.0,530.0,532.0,2560800.0
2025-10-15,52020,537.0,558.0,529.0,550.0,0,0,1658300.0,901090500.0,1.0,537.0,558.0,529.0,550.0,1658300.0
2025-10-16,52020,580.0,580.0,556.0,558.0,0,0,1866200.0,1054118400.0,1.0,580.0,580.0,556.0,558.0,1866200.0
2025-10-17,52020,548.0,556.0,544.0,549.0,0,0,1093100.0,599758500.0,1.0,548.0,556.0,544.0,549.0,1093100.0
2025-10-20,52020,559.0,580.0,559.0,577.0,0,0,1487000.0,852992000.0,1.0,559.0,580.0,559.0,577.0,1487000.0
2025-10-21,52020,586.0,599.0,578.0,578.0,0,0,2555300.0,1499732400.0,1.0,586.0,599.0,578.0,578.0,2555300.0
2025-10-22,52020,586.0,601.0,575.0,590.0,0,0,2157200.0,1271809500.0,1.0,586.0,601.0,575.0,590.0,2157200.0
2025-10-23,52020,581.0,590.0,572.0,590.0,0,0,1065800.0,622992200.0,1.0,581.0,590.0,572.0,590.0,1065800.0
2025-10-24,52020,600.0,636.0,593.0,625.0,0,0,2715900.0,1675897500.0,1.0,600.0,636.0,593.0,625.0,2715900.0
2025-10-27,52020,633.0,634.0,615.0,623.0,0,0,2057500.0,1283194500.0,1.0,633.0,634.0,615.0,623.0,2057500.0
2025-10-28,52020,620.0,620.0,586.0,591.0,0,0,2091600.0,1255237300.0,1.0,620.0,620.0,586.0,591.0,2091600.0
2025-10-29,52020,595.0,597.0,578.0,585.0,0,0,1684600.0,987757600.0,1.0,595.0,597.0,578.0,585.0,1684600.0
