Date,Code,Open,High,Low,Close,UpperLimit,LowerLimit,Volume,TurnoverValue,AdjustmentFactor,AdjustmentOpen,AdjustmentHigh,AdjustmentLow,AdjustmentClose,AdjustmentVolume
2020-10-29,57270,632.0,641.0,630.0,638.0,0,0,145600.0,92623000.0,1.0,632.0,641.0,630.0,638.0,145600.0
2020-10-30,57270,648.0,668.0,614.0,621.0,0,0,422100.0,269257500.0,1.0,648.0,668.0,614.0,621.0,422100.0
2020-11-02,57270,626.0,648.0,623.0,644.0,0,0,258600.0,164953200.0,1.0,626.0,648.0,623.0,644.0,258600.0
2020-11-04,57270,651.0,656.0,642.0,643.0,0,0,190800.0,123600200.0,1.0,651.0,656.0,642.0,643.0,190800.0
2020-11-05,57270,642.0,642.0,626.0,640.0,0,0,251700.0,159735700.0,1.0,642.0,642.0,626.0,640.0,251700.0
2020-11-06,57270,636.0,665.0,636.0,663.0,0,0,229600.0,151002200.0,1.0,636.0,665.0,636.0,663.0,229600.0
2020-11-09,57270,664.0,670.0,655.0,663.0,0,0,150000.0,99261800.0,1.0,664.0,670.0,655.0,663.0,150000.0
2020-11-10,57270,687.0,702.0,680.0,685.0,0,0,319100.0,219761500.0,1.0,687.0,702.0,680.0,685.0,319100.0
2020-11-11,57270,694.0,701.0,687.0,700.0,0,0,259100.0,180383400.0,1.0,694.0,701.0,687.0,700.0,259100.0
2020-11-12,57270,701.0,726.0,700.0,720.0,0,0,512600.0,365215800.0,1.0,701.0,726.0,700.0,720.0,512600.0
2020-11-13,57270,720.0,720.0,689.0,692.0,0,0,269000.0,187753300.0,1.0,720.0,720.0,689.0,692.0,269000.0
2020-11-16,57270,714.0,721.0,706.0,713.0,0,0,246300.0,176020800.0,1.0,714.0,721.0,706.0,713.0,246300.0
2020-11-17,57270,710.0,729.0,708.0,726.0,0,0,290800.0,209761800.0,1.0,710.0,729.0,708.0,726.0,290800.0
2020-11-18,57270,720.0,721.0,688.0,698.0,0,0,295300.0,208086400.0,1.0,720.0,721.0,688.0,698.0,295300.0
2020-11-19,57270,698.0,705.0,693.0,703.0,0,0,269100.0,188421900.0,1.0,698.0,705.0,693.0,703.0,269100.0
2020-11-20,57270,692.0,704.0,692.0,694.0,0,0,187600.0,130716200.0,1.0,692.0,704.0,692.0,694.0,187600.0
2020-11-24,57270,712.0,723.0,706.0,720.0,0,0,210800.0,151263300.0,1.0,712.0,723.0,706.0,720.0,210800.0
2020-11-25,57270,729.0,761.0,729.0,732.0,0,0,498900.0,371324100.0,1.0,729.0,761.0,729.0,732.0,498900.0
2020-11-26,57270,725.0,727.0,712.0,718.0,0,0,179600.0,128924700.0,1.0,725.0,727.0,712.0,718.0,179600.0
2020-11-27,57270,719.0,729.0,715.0,722.0,0,0,192100.0,138870400.0,1.0,719.0,729.0,715.0,722.0,192100.0
2020-11-30,57270,722.0,722.0,689.0,689.0,0,0,248200.0,174357400.0,1.0,722.0,722.0,689.0,689.0,248200.0
2020-12-01,57270,690.0,706.0,688.0,705.0,0,0,236200.0,164317600.0,1.0,690.0,706.0,688.0,705.0,236200.0
2020-12-02,57270,718.0,727.0,711.0,723.0,0,0,245900.0,177286000.0,1.0,718.0,727.0,711.0,723.0,245900.0
2020-12-03,57270,726.0,742.0,722.0,740.0,0,0,202200.0,148724400.0,1.0,726.0,742.0,722.0,740.0,202200.0
2020-12-04,57270,742.0,747.0,732.0,743.0,0,0,156300.0,115617100.0,1.0,742.0,747.0,732.0,743.0,156300.0
2020-12-07,57270,755.0,765.0,740.0,744.0,0,0,263400.0,197860000.0,1.0,755.0,765.0,740.0,744.0,263400.0
2020-12-08,57270,740.0,750.0,738.0,744.0,0,0,158600.0,118170500.0,1.0,740.0,750.0,738.0,744.0,158600.0
2020-12-09,57270,745.0,754.0,744.0,753.0,0,0,157000.0,117655600.0,1.0,745.0,754.0,744.0,753.0,157000.0
2020-12-10,57270,760.0,796.0,760.0,787.0,0,0,507600.0,397571800.0,1.0,760.0,796.0,760.0,787.0,507600.0
2020-12-11,57270,807.0,833.0,776.0,794.0,0,0,538100.0,431171000.0,1.0,807.0,833.0,776.0,794.0,538100.0
2020-12-14,57270,798.0,832.0,798.0,826.0,0,0,541600.0,445367900.0,1.0,798.0,832.0,798.0,826.0,541600.0
2020-12-15,57270,841.0,854.0,820.0,823.0,0,0,555200.0,464014200.0,1.0,841.0,854.0,820.0,823.0,555200.0
2020-12-16,57270,838.0,855.0,835.0,848.0,0,0,607600.0,514142900.0,1.0,838.0,855.0,835.0,848.0,607600.0
2020-12-17,57270,862.0,865.0,832.0,843.0,0,0,573100.0,487736500.0,1.0,862.0,865.0,832.0,843.0,573100.0
2020-12-18,57270,836.0,860.0,829.0,853.0,0,0,539700.0,459784400.0,1.0,836.0,860.0,829.0,853.0,539700.0
2020-12-21,57270,883.0,916.0,881.0,915.0,0,0,1296000.0,1164865400.0,1.0,883.0,916.0,881.0,915.0,1296000.0
2020-12-22,57270,910.0,930.0,897.0,910.0,0,0,987900.0,900407100.0,1.0,910.0,930.0,897.0,910.0,987900.0
2020-12-23,57270,896.0,912.0,871.0,871.0,0,0,762100.0,671436100.0,1.0,896.0,912.0,871.0,871.0,762100.0
2020-12-24,57270,889.0,932.0,889.0,926.0,0,0,891100.0,816485800.0,1.0,889.0,932.0,889.0,926.0,891100.0
2020-12-25,57270,935.0,949.0,915.0,928.0,0,0,716000.0,665705900.0,1.0,935.0,949.0,915.0,928.0,716000.0
2020-12-28,57270,923.0,926.0,882.0,898.0,0,0,799700.0,717609400.0,1.0,923.0,926.0,882.0,898.0,799700.0
2020-12-29,57270,898.0,906.0,887.0,900.0,0,0,519800.0,464874900.0,1.0,898.0,906.0,887.0,900.0,519800.0
2020-12-30,57270,905.0,905.0,876.0,886.0,0,0,512700.0,453826800.0,1.0,905.0,905.0,876.0,886.0,512700.0
2021-01-04,57270,888.0,894.0,861.0,881.0,0,0,404000.0,353576200.0,1.0,888.0,894.0,861.0,881.0,404000.0
2021-01-05,57270,873.0,925.0,871.0,923.0,0,0,603900.0,551541200.0,1.0,873.0,925.0,871.0,923.0,603900.0
2021-01-06,57270,914.0,949.0,914.0,947.0,0,0,485400.0,453484000.0,1.0,914.0,949.0,914.0,947.0,485400.0
2021-01-07,57270,962.0,996.0,957.0,967.0,0,0,828200.0,809951300.0,1.0,962.0,996.0,957.0,967.0,828200.0
2021-01-08,57270,988.0,1009.0,983.0,990.0,0,0,702300.0,699271400.0,1.0,988.0,1009.0,983.0,990.0,702300.0
2021-01-12,57270,991.0,994.0,971.0,993.0,0,0,453600.0,447448100.0,1.0,991.0,994.0,971.0,993.0,453600.0
2021-01-13,57270,996.0,1001.0,950.0,952.0,0,0,645800.0,626833300.0,1.0,996.0,1001.0,950.0,952.0,645800.0
2021-01-14,57270,960.0,964.0,920.0,921.0,0,0,505600.0,474507500.0,1.0,960.0,964.0,920.0,921.0,505600.0
2021-01-15,57270,931.0,946.0,915.0,923.0,0,0,362100.0,336485900.0,1.0,931.0,946.0,915.0,923.0,362100.0
2021-01-18,57270,908.0,918.0,887.0,907.0,0,0,318100.0,287653600.0,1.0,908.0,918.0,887.0,907.0,318100.0
2021-01-19,57270,898.0,929.0,897.0,922.0,0,0,253300.0,232784600.0,1.0,898.0,929.0,897.0,922.0,253300.0
2021-01-20,57270,927.0,931.0,914.0,925.0,0,0,162800.0,149809900.0,1.0,927.0,931.0,914.0,925.0,162800.0
2021-01-21,57270,926.0,942.0,923.0,933.0,0,0,239200.0,223400100.0,1.0,926.0,942.0,923.0,933.0,239200.0
2021-01-22,57270,923.0,933.0,911.0,919.0,0,0,214400.0,197387800.0,1.0,923.0,933.0,911.0,919.0,214400.0
2021-01-25,57270,914.0,919.0,901.0,905.0,0,0,184800.0,167721900.0,1.0,914.0,919.0,901.0,905.0,184800.0
2021-01-26,57270,899.0,899.0,885.0,889.0,0,0,230800.0,205498800.0,1.0,899.0,899.0,885.0,889.0,230800.0
2021-01-27,57270,884.0,899.0,878.0,885.0,0,0,205300.0,182577200.0,1.0,884.0,899.0,878.0,885.0,205300.0
2021-01-28,57270,871.0,886.0,865.0,875.0,0,0,402000.0,352082900.0,1.0,871.0,886.0,865.0,875.0,402000.0
2021-01-29,57270,876.0,894.0,856.0,856.0,0,0,375100.0,327205000.0,1.0,876.0,894.0,856.0,856.0,375100.0
2021-02-01,57270,803.0,868.0,802.0,859.0,0,0,397600.0,338090000.0,1.0,803.0,868.0,802.0,859.0,397600.0
2021-02-02,57270,869.0,897.0,865.0,870.0,0,0,431400.0,379946100.0,1.0,869.0,897.0,865.0,870.0,431400.0
2021-02-03,57270,887.0,890.0,869.0,879.0,0,0,218200.0,192046500.0,1.0,887.0,890.0,869.0,879.0,218200.0
2021-02-04,57270,880.0,891.0,873.0,887.0,0,0,186500.0,164984100.0,1.0,880.0,891.0,873.0,887.0,186500.0
2021-02-05,57270,898.0,915.0,886.0,910.0,0,0,317000.0,286789600.0,1.0,898.0,915.0,886.0,910.0,317000.0
2021-02-08,57270,920.0,930.0,911.0,928.0,0,0,217600.0,200506200.0,1.0,920.0,930.0,911.0,928.0,217600.0
2021-02-09,57270,934.0,940.0,904.0,909.0,0,0,228400.0,209173900.0,1.0,934.0,940.0,904.0,909.0,228400.0
2021-02-10,57270,905.0,948.0,900.0,945.0,0,0,437100.0,408551100.0,1.0,905.0,948.0,900.0,945.0,437100.0
2021-02-12,57270,949.0,950.0,924.0,924.0,0,0,192400.0,179353600.0,1.0,949.0,950.0,924.0,924.0,192400.0
2021-02-15,57270,934.0,934.0,911.0,931.0,0,0,152100.0,140416800.0,1.0,934.0,934.0,911.0,931.0,152100.0
2021-02-16,57270,930.0,945.0,921.0,940.0,0,0,179600.0,167875800.0,1.0,930.0,945.0,921.0,940.0,179600.0
2021-02-17,57270,947.0,972.0,945.0,959.0,0,0,276600.0,265569200.0,1.0,947.0,972.0,945.0,959.0,276600.0
2021-02-18,57270,975.0,989.0,952.0,964.0,0,0,435800.0,421740200.0,1.0,975.0,989.0,952.0,964.0,435800.0
2021-02-19,57270,958.0,969.0,948.0,963.0,0,0,252300.0,241751400.0,1.0,958.0,969.0,948.0,963.0,252300.0
2021-02-22,57270,969.0,983.0,964.0,981.0,0,0,198500.0,193983300.0,1.0,969.0,983.0,964.0,981.0,198500.0
2021-02-24,57270,985.0,1006.0,966.0,969.0,0,0,354100.0,349398000.0,1.0,985.0,1006.0,966.0,969.0,354100.0
2021-02-25,57270,978.0,998.0,954.0,957.0,0,0,359900.0,349165300.0,1.0,978.0,998.0,954.0,957.0,359900.0
2021-02-26,57270,942.0,974.0,923.0,956.0,0,0,598700.0,571561400.0,1.0,942.0,974.0,923.0,956.0,598700.0
2021-03-01,57270,953.0,959.0,928.0,934.0,0,0,235600.0,220900700.0,1.0,953.0,959.0,928.0,934.0,235600.0
2021-03-02,57270,934.0,942.0,906.0,912.0,0,0,201100.0,184341800.0,1.0,934.0,942.0,906.0,912.0,201100.0
2021-03-03,57270,925.0,930.0,915.0,926.0,0,0,131800.0,121449700.0,1.0,925.0,930.0,915.0,926.0,131800.0
2021-03-04,57270,930.0,930.0,900.0,913.0,0,0,212800.0,193964100.0,1.0,930.0,930.0,900.0,913.0,212800.0
2021-03-05,57270,917.0,919.0,889.0,917.0,0,0,241200.0,218035500.0,1.0,917.0,919.0,889.0,917.0,241200.0
2021-03-08,57270,937.0,937.0,901.0,905.0,0,0,159400.0,145534000.0,1.0,937.0,937.0,901.0,905.0,159400.0
2021-03-09,57270,920.0,935.0,901.0,934.0,0,0,233700.0,215291000.0,1.0,920.0,935.0,901.0,934.0,233700.0
2021-03-10,57270,930.0,946.0,917.0,941.0,0,0,246400.0,230729300.0,1.0,930.0,946.0,917.0,941.0,246400.0
2021-03-11,57270,950.0,997.0,947.0,993.0,0,0,522200.0,512317200.0,1.0,950.0,997.0,947.0,993.0,522200.0
2021-03-12,57270,999.0,1015.0,976.0,1013.0,0,0,604100.0,604116600.0,1.0,999.0,1015.0,976.0,1013.0,604100.0
2021-03-15,57270,1026.0,1040.0,1006.0,1018.0,0,0,526500.0,538988200.0,1.0,1026.0,1040.0,1006.0,1018.0,526500.0
2021-03-16,57270,1019.0,1024.0,983.0,993.0,0,0,510700.0,507651100.0,1.0,1019.0,1024.0,983.0,993.0,510700.0
2021-03-17,57270,998.0,998.0,968.0,989.0,0,0,396100.0,388737100.0,1.0,998.0,998.0,968.0,989.0,396100.0
2021-03-18,57270,990.0,1005.0,978.0,980.0,0,0,359100.0,354895600.0,1.0,990.0,1005.0,978.0,980.0,359100.0
2021-03-19,57270,972.0,992.0,961.0,989.0,0,0,694000.0,679765100.0,1.0,972.0,992.0,961.0,989.0,694000.0
2021-03-22,57270,987.0,1018.0,971.0,1015.0,0,0,452000.0,453791700.0,1.0,987.0,1018.0,971.0,1015.0,452000.0
2021-03-23,57270,1019.0,1019.0,965.0,965.0,0,0,410000.0,403721600.0,1.0,1019.0,1019.0,965.0,965.0,410000.0
2021-03-24,57270,950.0,954.0,929.0,933.0,0,0,352100.0,332062500.0,1.0,950.0,954.0,929.0,933.0,352100.0
2021-03-25,57270,947.0,983.0,940.0,978.0,0,0,280000.0,272764200.0,1.0,947.0,983.0,940.0,978.0,280000.0
2021-03-26,57270,982.0,995.0,976.0,987.0,0,0,265400.0,261667100.0,1.0,982.0,995.0,976.0,987.0,265400.0
2021-03-29,57270,1010.0,1016.0,982.0,995.0,0,0,292800.0,291872000.0,1.0,1010.0,1016.0,982.0,995.0,292800.0
2021-03-30,57270,998.0,1019.0,990.0,1019.0,0,0,323000.0,325317700.0,1.0,998.0,1019.0,990.0,1019.0,323000.0
2021-03-31,57270,1018.0,1018.0,991.0,995.0,0,0,268300.0,268677400.0,1.0,1018.0,1018.0,991.0,995.0,268300.0
2021-04-01,57270,993.0,1002.0,975.0,980.0,0,0,231600.0,228216300.0,1.0,993.0,1002.0,975.0,980.0,231600.0
2021-04-02,57270,984.0,987.0,970.0,973.0,0,0,122700.0,119640900.0,1.0,984.0,987.0,970.0,973.0,122700.0
2021-04-05,57270,987.0,994.0,974.0,988.0,0,0,89900.0,88654300.0,1.0,987.0,994.0,974.0,988.0,89900.0
2021-04-06,57270,988.0,995.0,968.0,971.0,0,0,115800.0,113094300.0,1.0,988.0,995.0,968.0,971.0,115800.0
2021-04-07,57270,960.0,988.0,954.0,986.0,0,0,207600.0,203058800.0,1.0,960.0,988.0,954.0,986.0,207600.0
2021-04-08,57270,985.0,988.0,970.0,987.0,0,0,126600.0,124193900.0,1.0,985.0,988.0,970.0,987.0,126600.0
2021-04-09,57270,987.0,993.0,971.0,976.0,0,0,214800.0,210993500.0,1.0,987.0,993.0,971.0,976.0,214800.0
2021-04-12,57270,988.0,1018.0,977.0,1015.0,0,0,461100.0,461252300.0,1.0,988.0,1018.0,977.0,1015.0,461100.0
2021-04-13,57270,1009.0,1050.0,1000.0,1041.0,0,0,545400.0,562252200.0,1.0,1009.0,1050.0,1000.0,1041.0,545400.0
2021-04-14,57270,1027.0,1028.0,1008.0,1028.0,0,0,320100.0,326235600.0,1.0,1027.0,1028.0,1008.0,1028.0,320100.0
2021-04-15,57270,1025.0,1031.0,1007.0,1009.0,0,0,208400.0,211800000.0,1.0,1025.0,1031.0,1007.0,1009.0,208400.0
2021-04-16,57270,1018.0,1022.0,998.0,1014.0,0,0,122900.0,124256100.0,1.0,1018.0,1022.0,998.0,1014.0,122900.0
2021-04-19,57270,1015.0,1015.0,998.0,1005.0,0,0,114800.0,115537400.0,1.0,1015.0,1015.0,998.0,1005.0,114800.0
2021-04-20,57270,989.0,995.0,967.0,971.0,0,0,210500.0,206140800.0,1.0,989.0,995.0,967.0,971.0,210500.0
2021-04-21,57270,948.0,954.0,927.0,929.0,0,0,225000.0,211233100.0,1.0,948.0,954.0,927.0,929.0,225000.0
2021-04-22,57270,950.0,964.0,945.0,956.0,0,0,198400.0,189228400.0,1.0,950.0,964.0,945.0,956.0,198400.0
2021-04-23,57270,949.0,982.0,947.0,966.0,0,0,221400.0,214723500.0,1.0,949.0,982.0,947.0,966.0,221400.0
2021-04-26,57270,966.0,991.0,966.0,989.0,0,0,195600.0,192016500.0,1.0,966.0,991.0,966.0,989.0,195600.0
2021-04-27,57270,990.0,1014.0,988.0,1006.0,0,0,207200.0,208299700.0,1.0,990.0,1014.0,988.0,1006.0,207200.0
2021-04-28,57270,1006.0,1008.0,992.0,1007.0,0,0,168900.0,169546600.0,1.0,1006.0,1008.0,992.0,1007.0,168900.0
2021-04-30,57270,1007.0,1023.0,1003.0,1003.0,0,0,185300.0,187593000.0,1.0,1007.0,1023.0,1003.0,1003.0,185300.0
2021-05-06,57270,1013.0,1049.0,1013.0,1037.0,0,0,497500.0,513979300.0,1.0,1013.0,1049.0,1013.0,1037.0,497500.0
2021-05-07,57270,1031.0,1087.0,1031.0,1085.0,0,0,556100.0,590764900.0,1.0,1031.0,1087.0,1031.0,1085.0,556100.0
2021-05-10,57270,1095.0,1127.0,1042.0,1044.0,0,0,645600.0,691767300.0,1.0,1095.0,1127.0,1042.0,1044.0,645600.0
2021-05-11,57270,1039.0,1090.0,1033.0,1060.0,0,0,396200.0,422375600.0,1.0,1039.0,1090.0,1033.0,1060.0,396200.0
2021-05-12,57270,1060.0,1060.0,1012.0,1022.0,0,0,341000.0,349467500.0,1.0,1060.0,1060.0,1012.0,1022.0,341000.0
2021-05-13,57270,997.0,1024.0,956.0,960.0,0,0,443300.0,440092600.0,1.0,997.0,1024.0,956.0,960.0,443300.0
2021-05-14,57270,989.0,991.0,954.0,961.0,0,0,328100.0,316402400.0,1.0,989.0,991.0,954.0,961.0,328100.0
2021-05-17,57270,961.0,976.0,928.0,934.0,0,0,346300.0,327630800.0,1.0,961.0,976.0,928.0,934.0,346300.0
2021-05-18,57270,952.0,959.0,940.0,948.0,0,0,195100.0,184930000.0,1.0,952.0,959.0,940.0,948.0,195100.0
2021-05-19,57270,940.0,954.0,932.0,938.0,0,0,162200.0,152512100.0,1.0,940.0,954.0,932.0,938.0,162200.0
2021-05-20,57270,928.0,933.0,919.0,919.0,0,0,205800.0,190175400.0,1.0,928.0,933.0,919.0,919.0,205800.0
2021-05-21,57270,925.0,931.0,915.0,926.0,0,0,142500.0,131662400.0,1.0,925.0,931.0,915.0,926.0,142500.0
2021-05-24,57270,935.0,945.0,929.0,935.0,0,0,156600.0,146622000.0,1.0,935.0,945.0,929.0,935.0,156600.0
2021-05-25,57270,935.0,946.0,932.0,941.0,0,0,139100.0,130750300.0,1.0,935.0,946.0,932.0,941.0,139100.0
2021-05-26,57270,936.0,944.0,916.0,928.0,0,0,199000.0,184417200.0,1.0,936.0,944.0,916.0,928.0,199000.0
2021-05-27,57270,935.0,939.0,866.0,866.0,0,0,477700.0,426847600.0,1.0,935.0,939.0,866.0,866.0,477700.0
2021-05-28,57270,896.0,946.0,894.0,946.0,0,0,469700.0,433646100.0,1.0,896.0,946.0,894.0,946.0,469700.0
2021-05-31,57270,947.0,954.0,928.0,947.0,0,0,299900.0,282877000.0,1.0,947.0,954.0,928.0,947.0,299900.0
2021-06-01,57270,944.0,959.0,937.0,949.0,0,0,208700.0,197368100.0,1.0,944.0,959.0,937.0,949.0,208700.0
2021-06-02,57270,949.0,1005.0,948.0,998.0,0,0,473900.0,467989100.0,1.0,949.0,1005.0,948.0,998.0,473900.0
2021-06-03,57270,1005.0,1006.0,982.0,985.0,0,0,255500.0,253360100.0,1.0,1005.0,1006.0,982.0,985.0,255500.0
2021-06-04,57270,984.0,994.0,973.0,978.0,0,0,208300.0,204741000.0,1.0,984.0,994.0,973.0,978.0,208300.0
2021-06-07,57270,986.0,986.0,952.0,962.0,0,0,216800.0,208978200.0,1.0,986.0,986.0,952.0,962.0,216800.0
2021-06-08,57270,960.0,988.0,960.0,972.0,0,0,126700.0,123558300.0,1.0,960.0,988.0,960.0,972.0,126700.0
2021-06-09,57270,975.0,983.0,970.0,970.0,0,0,136800.0,133541600.0,1.0,975.0,983.0,970.0,970.0,136800.0
2021-06-10,57270,976.0,978.0,969.0,973.0,0,0,145400.0,141571700.0,1.0,976.0,978.0,969.0,973.0,145400.0
2021-06-11,57270,970.0,1110.0,965.0,1093.0,0,0,2955400.0,3159202200.0,1.0,970.0,1110.0,965.0,1093.0,2955400.0
2021-06-14,57270,1063.0,1083.0,1024.0,1068.0,0,0,1217300.0,1286584500.0,1.0,1063.0,1083.0,1024.0,1068.0,1217300.0
2021-06-15,57270,1085.0,1125.0,1080.0,1087.0,0,0,761700.0,838247000.0,1.0,1085.0,1125.0,1080.0,1087.0,761700.0
2021-06-16,57270,1090.0,1146.0,1083.0,1137.0,0,0,687500.0,778241500.0,1.0,1090.0,1146.0,1083.0,1137.0,687500.0
2021-06-17,57270,1141.0,1147.0,1111.0,1125.0,0,0,379300.0,428966500.0,1.0,1141.0,1147.0,1111.0,1125.0,379300.0
2021-06-18,57270,1098.0,1106.0,1048.0,1049.0,0,0,941100.0,1000144700.0,1.0,1098.0,1106.0,1048.0,1049.0,941100.0
2021-06-21,57270,1029.0,1047.0,999.0,1003.0,0,0,400500.0,405742400.0,1.0,1029.0,1047.0,999.0,1003.0,400500.0
2021-06-22,57270,1046.0,1057.0,1028.0,1039.0,0,0,337800.0,351445800.0,1.0,1046.0,1057.0,1028.0,1039.0,337800.0
2021-06-23,57270,1036.0,1039.0,1015.0,1021.0,0,0,161100.0,165153600.0,1.0,1036.0,1039.0,1015.0,1021.0,161100.0
2021-06-24,57270,1027.0,1046.0,1018.0,1036.0,0,0,154400.0,159396000.0,1.0,1027.0,1046.0,1018.0,1036.0,154400.0
2021-06-25,57270,1044.0,1055.0,1039.0,1048.0,0,0,177700.0,185979400.0,1.0,1044.0,1055.0,1039.0,1048.0,177700.0
2021-06-28,57270,1057.0,1093.0,1057.0,1073.0,0,0,275100.0,296289600.0,1.0,1057.0,1093.0,1057.0,1073.0,275100.0
2021-06-29,57270,1058.0,1066.0,1039.0,1050.0,0,0,211900.0,222632900.0,1.0,1058.0,1066.0,1039.0,1050.0,211900.0
2021-06-30,57270,1044.0,1065.0,1033.0,1033.0,0,0,132600.0,137927600.0,1.0,1044.0,1065.0,1033.0,1033.0,132600.0
2021-07-01,57270,1037.0,1042.0,1018.0,1027.0,0,0,162500.0,166879400.0,1.0,1037.0,1042.0,1018.0,1027.0,162500.0
2021-07-02,57270,1035.0,1062.0,1030.0,1052.0,0,0,150700.0,158271700.0,1.0,1035.0,1062.0,1030.0,1052.0,150700.0
2021-07-05,57270,1056.0,1056.0,1036.0,1036.0,0,0,115800.0,120629700.0,1.0,1056.0,1056.0,1036.0,1036.0,115800.0
2021-07-06,57270,1044.0,1053.0,1036.0,1036.0,0,0,79200.0,82625900.0,1.0,1044.0,1053.0,1036.0,1036.0,79200.0
2021-07-07,57270,1019.0,1025.0,1008.0,1010.0,0,0,196100.0,198817300.0,1.0,1019.0,1025.0,1008.0,1010.0,196100.0
2021-07-08,57270,1002.0,1009.0,995.0,996.0,0,0,207900.0,207993300.0,1.0,1002.0,1009.0,995.0,996.0,207900.0
2021-07-09,57270,973.0,1008.0,966.0,1007.0,0,0,255900.0,252405200.0,1.0,973.0,1008.0,966.0,1007.0,255900.0
2021-07-12,57270,1042.0,1045.0,1016.0,1021.0,0,0,181900.0,187113300.0,1.0,1042.0,1045.0,1016.0,1021.0,181900.0
2021-07-13,57270,1039.0,1062.0,1039.0,1054.0,0,0,209300.0,220215500.0,1.0,1039.0,1062.0,1039.0,1054.0,209300.0
2021-07-14,57270,1043.0,1047.0,1023.0,1041.0,0,0,240700.0,249642400.0,1.0,1043.0,1047.0,1023.0,1041.0,240700.0
2021-07-15,57270,1025.0,1025.0,1000.0,1001.0,0,0,269900.0,272454200.0,1.0,1025.0,1025.0,1000.0,1001.0,269900.0
2021-07-16,57270,1009.0,1026.0,1006.0,1019.0,0,0,131000.0,133269600.0,1.0,1009.0,1026.0,1006.0,1019.0,131000.0
2021-07-19,57270,1005.0,1020.0,997.0,1007.0,0,0,185000.0,186503600.0,1.0,1005.0,1020.0,997.0,1007.0,185000.0
2021-07-20,57270,1007.0,1021.0,981.0,986.0,0,0,270800.0,269469100.0,1.0,1007.0,1021.0,981.0,986.0,270800.0
2021-07-21,57270,1000.0,1010.0,993.0,1000.0,0,0,165900.0,166253300.0,1.0,1000.0,1010.0,993.0,1000.0,165900.0
2021-07-26,57270,1022.0,1045.0,1020.0,1036.0,0,0,176900.0,182756900.0,1.0,1022.0,1045.0,1020.0,1036.0,176900.0
2021-07-27,57270,1050.0,1078.0,1046.0,1077.0,0,0,260200.0,277628700.0,1.0,1050.0,1078.0,1046.0,1077.0,260200.0
2021-07-28,57270,1071.0,1082.0,1063.0,1077.0,0,0,170300.0,182625800.0,1.0,1071.0,1082.0,1063.0,1077.0,170300.0
2021-07-29,57270,1085.0,1135.0,1084.0,1128.0,0,0,460600.0,513445000.0,1.0,1085.0,1135.0,1084.0,1128.0,460600.0
2021-07-30,57270,1128.0,1193.0,1093.0,1188.0,0,0,1164200.0,1358964100.0,1.0,1128.0,1193.0,1093.0,1188.0,1164200.0
2021-08-02,57270,1192.0,1205.0,1148.0,1160.0,0,0,713100.0,835293700.0,1.0,1192.0,1205.0,1148.0,1160.0,713100.0
2021-08-03,57270,1154.0,1158.0,1133.0,1148.0,0,0,439900.0,504177200.0,1.0,1154.0,1158.0,1133.0,1148.0,439900.0
2021-08-04,57270,1148.0,1173.0,1133.0,1165.0,0,0,359000.0,415153700.0,1.0,1148.0,1173.0,1133.0,1165.0,359000.0
2021-08-05,57270,1161.0,1173.0,1142.0,1173.0,0,0,320500.0,371832700.0,1.0,1161.0,1173.0,1142.0,1173.0,320500.0
2021-08-06,57270,1163.0,1182.0,1143.0,1178.0,0,0,244000.0,284585300.0,1.0,1163.0,1182.0,1143.0,1178.0,244000.0
2021-08-10,57270,1178.0,1184.0,1148.0,1149.0,0,0,278600.0,324490000.0,1.0,1178.0,1184.0,1148.0,1149.0,278600.0
2021-08-11,57270,1160.0,1205.0,1155.0,1191.0,0,0,348500.0,415008800.0,1.0,1160.0,1205.0,1155.0,1191.0,348500.0
2021-08-12,57270,1195.0,1225.0,1184.0,1200.0,0,0,388400.0,468590900.0,1.0,1195.0,1225.0,1184.0,1200.0,388400.0
2021-08-13,57270,1200.0,1217.0,1196.0,1217.0,0,0,166200.0,200916900.0,1.0,1200.0,1217.0,1196.0,1217.0,166200.0
2021-08-16,57270,1200.0,1205.0,1165.0,1179.0,0,0,274700.0,324625000.0,1.0,1200.0,1205.0,1165.0,1179.0,274700.0
2021-08-17,57270,1166.0,1180.0,1126.0,1127.0,0,0,228800.0,261784400.0,1.0,1166.0,1180.0,1126.0,1127.0,228800.0
2021-08-18,57270,1127.0,1135.0,1111.0,1119.0,0,0,221200.0,247765100.0,1.0,1127.0,1135.0,1111.0,1119.0,221200.0
2021-08-19,57270,1110.0,1110.0,1067.0,1067.0,0,0,268900.0,291854100.0,1.0,1110.0,1110.0,1067.0,1067.0,268900.0
2021-08-20,57270,1080.0,1088.0,1034.0,1034.0,0,0,196500.0,206196000.0,1.0,1080.0,1088.0,1034.0,1034.0,196500.0
2021-08-23,57270,1047.0,1053.0,1033.0,1041.0,0,0,183700.0,191432000.0,1.0,1047.0,1053.0,1033.0,1041.0,183700.0
2021-08-24,57270,1071.0,1096.0,1064.0,1079.0,0,0,242200.0,261654700.0,1.0,1071.0,1096.0,1064.0,1079.0,242200.0
2021-08-25,57270,1091.0,1101.0,1062.0,1076.0,0,0,200800.0,217185800.0,1.0,1091.0,1101.0,1062.0,1076.0,200800.0
2021-08-26,57270,1076.0,1078.0,1060.0,1070.0,0,0,96600.0,103251400.0,1.0,1076.0,1078.0,1060.0,1070.0,96600.0
2021-08-27,57270,1075.0,1088.0,1060.0,1072.0,0,0,133100.0,142352800.0,1.0,1075.0,1088.0,1060.0,1072.0,133100.0
2021-08-30,57270,1087.0,1110.0,1076.0,1109.0,0,0,155500.0,171084000.0,1.0,1087.0,1110.0,1076.0,1109.0,155500.0
2021-08-31,57270,1099.0,1145.0,1096.0,1141.0,0,0,268900.0,303750900.0,1.0,1099.0,1145.0,1096.0,1141.0,268900.0
2021-09-01,57270,1138.0,1150.0,1130.0,1149.0,0,0,158700.0,181234900.0,1.0,1138.0,1150.0,1130.0,1149.0,158700.0
2021-09-02,57270,1150.0,1158.0,1120.0,1133.0,0,0,148300.0,168433900.0,1.0,1150.0,1158.0,1120.0,1133.0,148300.0
2021-09-03,57270,1142.0,1168.0,1140.0,1155.0,0,0,170100.0,196992700.0,1.0,1142.0,1168.0,1140.0,1155.0,170100.0
2021-09-06,57270,1170.0,1175.0,1158.0,1166.0,0,0,117400.0,136824700.0,1.0,1170.0,1175.0,1158.0,1166.0,117400.0
2021-09-07,57270,1250.0,1316.0,1222.0,1240.0,0,0,1163900.0,1471843700.0,1.0,1250.0,1316.0,1222.0,1240.0,1163900.0
2021-09-08,57270,1210.0,1300.0,1207.0,1289.0,0,0,532400.0,677615500.0,1.0,1210.0,1300.0,1207.0,1289.0,532400.0
2021-09-09,57270,1259.0,1289.0,1259.0,1269.0,0,0,300500.0,381457600.0,1.0,1259.0,1289.0,1259.0,1269.0,300500.0
2021-09-10,57270,1265.0,1277.0,1252.0,1273.0,0,0,238100.0,301254600.0,1.0,1265.0,1277.0,1252.0,1273.0,238100.0
2021-09-13,57270,1248.0,1248.0,1220.0,1245.0,0,0,429600.0,530232400.0,1.0,1248.0,1248.0,1220.0,1245.0,429600.0
2021-09-14,57270,1238.0,1254.0,1226.0,1253.0,0,0,307000.0,381341400.0,1.0,1238.0,1254.0,1226.0,1253.0,307000.0
2021-09-15,57270,1223.0,1232.0,1208.0,1230.0,0,0,278000.0,339889400.0,1.0,1223.0,1232.0,1208.0,1230.0,278000.0
2021-09-16,57270,1239.0,1259.0,1219.0,1229.0,0,0,257900.0,319052700.0,1.0,1239.0,1259.0,1219.0,1229.0,257900.0
2021-09-17,57270,1237.0,1248.0,1201.0,1239.0,0,0,738500.0,913107500.0,1.0,1237.0,1248.0,1201.0,1239.0,738500.0
2021-09-21,57270,1179.0,1219.0,1177.0,1190.0,0,0,245100.0,293191600.0,1.0,1179.0,1219.0,1177.0,1190.0,245100.0
2021-09-22,57270,1184.0,1184.0,1159.0,1173.0,0,0,171700.0,201414600.0,1.0,1184.0,1184.0,1159.0,1173.0,171700.0
2021-09-24,57270,1228.0,1228.0,1196.0,1213.0,0,0,204100.0,247022200.0,1.0,1228.0,1228.0,1196.0,1213.0,204100.0
2021-09-27,57270,1228.0,1228.0,1201.0,1208.0,0,0,143400.0,173978200.0,1.0,1228.0,1228.0,1201.0,1208.0,143400.0
2021-09-28,57270,1223.0,1223.0,1187.0,1218.0,0,0,147000.0,177629600.0,1.0,1223.0,1223.0,1187.0,1218.0,147000.0
2021-09-29,57270,1188.0,1196.0,1167.0,1195.0,0,0,161300.0,191397600.0,1.0,1188.0,1196.0,1167.0,1195.0,161300.0
2021-09-30,57270,1201.0,1218.0,1182.0,1203.0,0,0,202500.0,243410000.0,1.0,1201.0,1218.0,1182.0,1203.0,202500.0
2021-10-01,57270,1181.0,1193.0,1152.0,1157.0,0,0,195400.0,227746500.0,1.0,1181.0,1193.0,1152.0,1157.0,195400.0
2021-10-04,57270,1182.0,1189.0,1154.0,1170.0,0,0,205600.0,240983800.0,1.0,1182.0,1189.0,1154.0,1170.0,205600.0
2021-10-05,57270,1167.0,1192.0,1149.0,1180.0,0,0,197000.0,230826800.0,1.0,1167.0,1192.0,1149.0,1180.0,197000.0
2021-10-06,57270,1200.0,1243.0,1183.0,1188.0,0,0,281900.0,340490000.0,1.0,1200.0,1243.0,1183.0,1188.0,281900.0
2021-10-07,57270,1183.0,1187.0,1150.0,1168.0,0,0,248600.0,290975600.0,1.0,1183.0,1187.0,1150.0,1168.0,248600.0
2021-10-08,57270,1190.0,1201.0,1158.0,1160.0,0,0,196200.0,230153900.0,1.0,1190.0,1201.0,1158.0,1160.0,196200.0
2021-10-11,57270,1173.0,1197.0,1160.0,1191.0,0,0,137500.0,162685000.0,1.0,1173.0,1197.0,1160.0,1191.0,137500.0
2021-10-12,57270,1190.0,1227.0,1183.0,1224.0,0,0,202500.0,246103000.0,1.0,1190.0,1227.0,1183.0,1224.0,202500.0
2021-10-13,57270,1238.0,1243.0,1211.0,1229.0,0,0,228500.0,281167500.0,1.0,1238.0,1243.0,1211.0,1229.0,228500.0
2021-10-14,57270,1227.0,1229.0,1205.0,1228.0,0,0,170200.0,207824100.0,1.0,1227.0,1229.0,1205.0,1228.0,170200.0
2021-10-15,57270,1243.0,1246.0,1187.0,1228.0,0,0,396900.0,480060300.0,1.0,1243.0,1246.0,1187.0,1228.0,396900.0
2021-10-18,57270,1240.0,1284.0,1233.0,1284.0,0,0,390000.0,493796300.0,1.0,1240.0,1284.0,1233.0,1284.0,390000.0
2021-10-19,57270,1294.0,1297.0,1266.0,1277.0,0,0,240500.0,307776400.0,1.0,1294.0,1297.0,1266.0,1277.0,240500.0
2021-10-20,57270,1268.0,1274.0,1229.0,1233.0,0,0,258000.0,320938000.0,1.0,1268.0,1274.0,1229.0,1233.0,258000.0
2021-10-21,57270,1236.0,1249.0,1220.0,1223.0,0,0,189000.0,233477200.0,1.0,1236.0,1249.0,1220.0,1223.0,189000.0
2021-10-22,57270,1212.0,1242.0,1208.0,1223.0,0,0,177600.0,217655100.0,1.0,1212.0,1242.0,1208.0,1223.0,177600.0
2021-10-25,57270,1216.0,1240.0,1208.0,1230.0,0,0,124900.0,153375300.0,1.0,1216.0,1240.0,1208.0,1230.0,124900.0
2021-10-26,57270,1224.0,1243.0,1193.0,1224.0,0,0,187700.0,229766100.0,1.0,1224.0,1243.0,1193.0,1224.0,187700.0
2021-10-27,57270,1228.0,1228.0,1201.0,1210.0,0,0,141800.0,171632800.0,1.0,1228.0,1228.0,1201.0,1210.0,141800.0
2021-10-28,57270,1187.0,1207.0,1177.0,1199.0,0,0,274000.0,326934000.0,1.0,1187.0,1207.0,1177.0,1199.0,274000.0
2021-10-29,57270,1250.0,1259.0,1192.0,1195.0,0,0,611600.0,753055700.0,1.0,1250.0,1259.0,1192.0,1195.0,611600.0
2021-11-01,57270,1206.0,1225.0,1183.0,1201.0,0,0,193800.0,232917900.0,1.0,1206.0,1225.0,1183.0,1201.0,193800.0
2021-11-02,57270,1194.0,1217.0,1189.0,1189.0,0,0,143300.0,171314500.0,1.0,1194.0,1217.0,1189.0,1189.0,143300.0
2021-11-04,57270,1194.0,1195.0,1164.0,1172.0,0,0,268000.0,315041300.0,1.0,1194.0,1195.0,1164.0,1172.0,268000.0
2021-11-05,57270,1165.0,1165.0,1118.0,1130.0,0,0,308200.0,349847500.0,1.0,1165.0,1165.0,1118.0,1130.0,308200.0
2021-11-08,57270,1130.0,1145.0,1119.0,1142.0,0,0,127500.0,144439400.0,1.0,1130.0,1145.0,1119.0,1142.0,127500.0
2021-11-09,57270,1143.0,1158.0,1122.0,1125.0,0,0,138600.0,157533400.0,1.0,1143.0,1158.0,1122.0,1125.0,138600.0
2021-11-10,57270,1121.0,1124.0,1099.0,1102.0,0,0,150800.0,167103800.0,1.0,1121.0,1124.0,1099.0,1102.0,150800.0
2021-11-11,57270,1098.0,1129.0,1091.0,1111.0,0,0,192300.0,214347300.0,1.0,1098.0,1129.0,1091.0,1111.0,192300.0
2021-11-12,57270,1104.0,1125.0,1100.0,1103.0,0,0,222900.0,246832000.0,1.0,1104.0,1125.0,1100.0,1103.0,222900.0
2021-11-15,57270,1096.0,1098.0,1073.0,1093.0,0,0,252900.0,274774000.0,1.0,1096.0,1098.0,1073.0,1093.0,252900.0
2021-11-16,57270,1105.0,1119.0,1084.0,1099.0,0,0,269900.0,297177100.0,1.0,1105.0,1119.0,1084.0,1099.0,269900.0
2021-11-17,57270,1088.0,1089.0,1036.0,1040.0,0,0,411000.0,431234000.0,1.0,1088.0,1089.0,1036.0,1040.0,411000.0
2021-11-18,57270,1027.0,1036.0,1005.0,1019.0,0,0,638100.0,649597000.0,1.0,1027.0,1036.0,1005.0,1019.0,638100.0
2021-11-19,57270,1012.0,1037.0,1010.0,1013.0,0,0,308300.0,313742000.0,1.0,1012.0,1037.0,1010.0,1013.0,308300.0
2021-11-22,57270,1010.0,1033.0,1004.0,1032.0,0,0,140900.0,144036500.0,1.0,1010.0,1033.0,1004.0,1032.0,140900.0
2021-11-24,57270,1040.0,1057.0,1026.0,1032.0,0,0,137300.0,142650800.0,1.0,1040.0,1057.0,1026.0,1032.0,137300.0
2021-11-25,57270,1033.0,1042.0,1020.0,1038.0,0,0,88900.0,92037700.0,1.0,1033.0,1042.0,1020.0,1038.0,88900.0
2021-11-26,57270,1030.0,1030.0,991.0,994.0,0,0,186400.0,186862200.0,1.0,1030.0,1030.0,991.0,994.0,186400.0
2021-11-29,57270,964.0,981.0,955.0,957.0,0,0,256700.0,247273400.0,1.0,964.0,981.0,955.0,957.0,256700.0
2021-11-30,57270,961.0,981.0,948.0,948.0,0,0,177800.0,171303500.0,1.0,961.0,981.0,948.0,948.0,177800.0
2021-12-01,57270,954.0,971.0,928.0,965.0,0,0,198500.0,189457000.0,1.0,954.0,971.0,928.0,965.0,198500.0
2021-12-02,57270,951.0,961.0,944.0,945.0,0,0,153200.0,145605700.0,1.0,951.0,961.0,944.0,945.0,153200.0
2021-12-03,57270,965.0,982.0,953.0,980.0,0,0,131300.0,127536900.0,1.0,965.0,982.0,953.0,980.0,131300.0
2021-12-06,57270,991.0,995.0,961.0,964.0,0,0,143700.0,139157100.0,1.0,991.0,995.0,961.0,964.0,143700.0
2021-12-07,57270,982.0,1002.0,975.0,1001.0,0,0,146100.0,144671800.0,1.0,982.0,1002.0,975.0,1001.0,146100.0
2021-12-08,57270,1006.0,1010.0,986.0,992.0,0,0,185500.0,184568400.0,1.0,1006.0,1010.0,986.0,992.0,185500.0
2021-12-09,57270,992.0,995.0,978.0,982.0,0,0,91800.0,90416200.0,1.0,992.0,995.0,978.0,982.0,91800.0
2021-12-10,57270,985.0,987.0,960.0,963.0,0,0,202700.0,196751800.0,1.0,985.0,987.0,960.0,963.0,202700.0
2021-12-13,57270,951.0,959.0,905.0,910.0,0,0,825600.0,760071100.0,1.0,951.0,959.0,905.0,910.0,825600.0
2021-12-14,57270,898.0,917.0,887.0,895.0,0,0,782700.0,702999200.0,1.0,898.0,917.0,887.0,895.0,782700.0
2021-12-15,57270,890.0,906.0,880.0,880.0,0,0,789500.0,701133100.0,1.0,890.0,906.0,880.0,880.0,789500.0
2021-12-16,57270,892.0,894.0,858.0,860.0,0,0,1051400.0,914921900.0,1.0,892.0,894.0,858.0,860.0,1051400.0
2021-12-17,57270,868.0,906.0,864.0,906.0,0,0,2019400.0,1808054400.0,1.0,868.0,906.0,864.0,906.0,2019400.0
2021-12-20,57270,933.0,934.0,878.0,884.0,0,0,696700.0,625906600.0,1.0,933.0,934.0,878.0,884.0,696700.0
2021-12-21,57270,884.0,898.0,872.0,886.0,0,0,363900.0,321212400.0,1.0,884.0,898.0,872.0,886.0,363900.0
2021-12-22,57270,896.0,933.0,889.0,929.0,0,0,475800.0,435899900.0,1.0,896.0,933.0,889.0,929.0,475800.0
2021-12-23,57270,940.0,953.0,931.0,944.0,0,0,221600.0,209140300.0,1.0,940.0,953.0,931.0,944.0,221600.0
2021-12-24,57270,951.0,963.0,937.0,944.0,0,0,275300.0,261454300.0,1.0,951.0,963.0,937.0,944.0,275300.0
2021-12-27,57270,947.0,947.0,923.0,927.0,0,0,166500.0,154981600.0,1.0,947.0,947.0,923.0,927.0,166500.0
2021-12-28,57270,937.0,947.0,933.0,946.0,0,0,161800.0,152406000.0,1.0,937.0,947.0,933.0,946.0,161800.0
2021-12-29,57270,949.0,950.0,939.0,948.0,0,0,114700.0,108364400.0,1.0,949.0,950.0,939.0,948.0,114700.0
2021-12-30,57270,940.0,952.0,933.0,945.0,0,0,121400.0,114641900.0,1.0,940.0,952.0,933.0,945.0,121400.0
2022-01-04,57270,950.0,954.0,925.0,934.0,0,0,191600.0,179211800.0,1.0,950.0,954.0,925.0,934.0,191600.0
2022-01-05,57270,941.0,963.0,935.0,959.0,0,0,235800.0,224780600.0,1.0,941.0,963.0,935.0,959.0,235800.0
2022-01-06,57270,952.0,956.0,936.0,942.0,0,0,180300.0,170187600.0,1.0,952.0,956.0,936.0,942.0,180300.0
2022-01-07,57270,947.0,956.0,930.0,936.0,0,0,215500.0,203129000.0,1.0,947.0,956.0,930.0,936.0,215500.0
2022-01-11,57270,948.0,960.0,935.0,956.0,0,0,162300.0,154149300.0,1.0,948.0,960.0,935.0,956.0,162300.0
2022-01-12,57270,968.0,995.0,967.0,994.0,0,0,248800.0,245092100.0,1.0,968.0,995.0,967.0,994.0,248800.0
2022-01-13,57270,1000.0,1042.0,1000.0,1029.0,0,0,522700.0,537934500.0,1.0,1000.0,1042.0,1000.0,1029.0,522700.0
2022-01-14,57270,1031.0,1042.0,995.0,1024.0,0,0,431900.0,439603500.0,1.0,1031.0,1042.0,995.0,1024.0,431900.0
2022-01-17,57270,1020.0,1028.0,993.0,993.0,0,0,326900.0,329039500.0,1.0,1020.0,1028.0,993.0,993.0,326900.0
2022-01-18,57270,991.0,997.0,964.0,976.0,0,0,374400.0,366271200.0,1.0,991.0,997.0,964.0,976.0,374400.0
2022-01-19,57270,953.0,974.0,944.0,948.0,0,0,287200.0,274296300.0,1.0,953.0,974.0,944.0,948.0,287200.0
2022-01-20,57270,943.0,973.0,943.0,968.0,0,0,200700.0,193277300.0,1.0,943.0,973.0,943.0,968.0,200700.0
2022-01-21,57270,946.0,957.0,931.0,956.0,0,0,207200.0,195494000.0,1.0,946.0,957.0,931.0,956.0,207200.0
2022-01-24,57270,945.0,949.0,933.0,938.0,0,0,188000.0,176703000.0,1.0,945.0,949.0,933.0,938.0,188000.0
2022-01-25,57270,930.0,931.0,889.0,903.0,0,0,295200.0,267338300.0,1.0,930.0,931.0,889.0,903.0,295200.0
2022-01-26,57270,918.0,924.0,903.0,912.0,0,0,154600.0,140961700.0,1.0,918.0,924.0,903.0,912.0,154600.0
2022-01-27,57270,922.0,923.0,881.0,892.0,0,0,350300.0,312953000.0,1.0,922.0,923.0,881.0,892.0,350300.0
2022-01-28,57270,862.0,884.0,834.0,875.0,0,0,732800.0,629358200.0,1.0,862.0,884.0,834.0,875.0,732800.0
2022-01-31,57270,885.0,907.0,871.0,884.0,0,0,426200.0,379301600.0,1.0,885.0,907.0,871.0,884.0,426200.0
2022-02-01,57270,899.0,919.0,889.0,890.0,0,0,446300.0,403142700.0,1.0,899.0,919.0,889.0,890.0,446300.0
2022-02-02,57270,892.0,909.0,890.0,898.0,0,0,322300.0,289916100.0,1.0,892.0,909.0,890.0,898.0,322300.0
2022-02-03,57270,899.0,913.0,895.0,897.0,0,0,257100.0,232216800.0,1.0,899.0,913.0,895.0,897.0,257100.0
2022-02-04,57270,889.0,915.0,884.0,912.0,0,0,305800.0,275987300.0,1.0,889.0,915.0,884.0,912.0,305800.0
2022-02-07,57270,911.0,919.0,904.0,914.0,0,0,185300.0,168908500.0,1.0,911.0,919.0,904.0,914.0,185300.0
2022-02-08,57270,916.0,927.0,902.0,909.0,0,0,238300.0,217915200.0,1.0,916.0,927.0,902.0,909.0,238300.0
2022-02-09,57270,921.0,924.0,909.0,912.0,0,0,146200.0,133940700.0,1.0,921.0,924.0,909.0,912.0,146200.0
2022-02-10,57270,922.0,932.0,908.0,932.0,0,0,257200.0,237460100.0,1.0,922.0,932.0,908.0,932.0,257200.0
2022-02-14,57270,913.0,933.0,907.0,925.0,0,0,199800.0,183986300.0,1.0,913.0,933.0,907.0,925.0,199800.0
2022-02-15,57270,926.0,928.0,894.0,897.0,0,0,317200.0,287499200.0,1.0,926.0,928.0,894.0,897.0,317200.0
2022-02-16,57270,915.0,922.0,904.0,915.0,0,0,240700.0,219675900.0,1.0,915.0,922.0,904.0,915.0,240700.0
2022-02-17,57270,921.0,934.0,916.0,928.0,0,0,223000.0,206448000.0,1.0,921.0,934.0,916.0,928.0,223000.0
2022-02-18,57270,910.0,925.0,908.0,913.0,0,0,172300.0,157774900.0,1.0,910.0,925.0,908.0,913.0,172300.0
2022-02-21,57270,908.0,913.0,894.0,910.0,0,0,147100.0,133299300.0,1.0,908.0,913.0,894.0,910.0,147100.0
2022-02-22,57270,899.0,923.0,895.0,923.0,0,0,298500.0,271291600.0,1.0,899.0,923.0,895.0,923.0,298500.0
2022-02-24,57270,931.0,1028.0,925.0,1010.0,0,0,1724800.0,1702717900.0,1.0,931.0,1028.0,925.0,1010.0,1724800.0
2022-02-25,57270,943.0,1038.0,940.0,1016.0,0,0,1682700.0,1685864000.0,1.0,943.0,1038.0,940.0,1016.0,1682700.0
2022-02-28,57270,1076.0,1134.0,1047.0,1091.0,0,0,2418500.0,2642081400.0,1.0,1076.0,1134.0,1047.0,1091.0,2418500.0
2022-03-01,57270,1079.0,1159.0,1079.0,1155.0,0,0,1554500.0,1755178400.0,1.0,1079.0,1159.0,1079.0,1155.0,1554500.0
2022-03-02,57270,1191.0,1273.0,1189.0,1245.0,0,0,3181300.0,3931752800.0,1.0,1191.0,1273.0,1189.0,1245.0,3181300.0
2022-03-03,57270,1275.0,1345.0,1203.0,1280.0,0,0,3312800.0,4240605900.0,1.0,1275.0,1345.0,1203.0,1280.0,3312800.0
2022-03-04,57270,1294.0,1332.0,1268.0,1308.0,0,0,2280400.0,2983991800.0,1.0,1294.0,1332.0,1268.0,1308.0,2280400.0
2022-03-07,57270,1300.0,1346.0,1290.0,1298.0,0,0,1630500.0,2139687800.0,1.0,1300.0,1346.0,1290.0,1298.0,1630500.0
2022-03-08,57270,1320.0,1334.0,1220.0,1231.0,0,0,1761900.0,2220748900.0,1.0,1320.0,1334.0,1220.0,1231.0,1761900.0
2022-03-09,57270,1215.0,1275.0,1207.0,1248.0,0,0,871800.0,1088554000.0,1.0,1215.0,1275.0,1207.0,1248.0,871800.0
2022-03-10,57270,1208.0,1264.0,1183.0,1262.0,0,0,1166100.0,1430997600.0,1.0,1208.0,1264.0,1183.0,1262.0,1166100.0
2022-03-11,57270,1262.0,1342.0,1252.0,1306.0,0,0,1102700.0,1441249800.0,1.0,1262.0,1342.0,1252.0,1306.0,1102700.0
2022-03-14,57270,1324.0,1437.0,1303.0,1418.0,0,0,2029200.0,2842804500.0,1.0,1324.0,1437.0,1303.0,1418.0,2029200.0
2022-03-15,57270,1358.0,1363.0,1236.0,1284.0,0,0,2113500.0,2727272500.0,1.0,1358.0,1363.0,1236.0,1284.0,2113500.0
2022-03-16,57270,1280.0,1328.0,1264.0,1314.0,0,0,948300.0,1239519900.0,1.0,1280.0,1328.0,1264.0,1314.0,948300.0
2022-03-17,57270,1320.0,1343.0,1272.0,1320.0,0,0,1148300.0,1515954200.0,1.0,1320.0,1343.0,1272.0,1320.0,1148300.0
2022-03-18,57270,1336.0,1406.0,1334.0,1387.0,0,0,1353800.0,1867387200.0,1.0,1336.0,1406.0,1334.0,1387.0,1353800.0
2022-03-22,57270,1450.0,1461.0,1393.0,1421.0,0,0,1134900.0,1616801900.0,1.0,1450.0,1461.0,1393.0,1421.0,1134900.0
2022-03-23,57270,1395.0,1427.0,1378.0,1422.0,0,0,641100.0,905058000.0,1.0,1395.0,1427.0,1378.0,1422.0,641100.0
2022-03-24,57270,1408.0,1492.0,1394.0,1482.0,0,0,1145700.0,1672888800.0,1.0,1408.0,1492.0,1394.0,1482.0,1145700.0
2022-03-25,57270,1468.0,1508.0,1438.0,1501.0,0,0,1060000.0,1561914300.0,1.0,1468.0,1508.0,1438.0,1501.0,1060000.0
2022-03-28,57270,1494.0,1512.0,1451.0,1459.0,0,0,728200.0,1073055100.0,1.0,1494.0,1512.0,1451.0,1459.0,728200.0
2022-03-29,57270,1448.0,1454.0,1416.0,1440.0,0,0,834500.0,1199143400.0,1.0,1448.0,1454.0,1416.0,1440.0,834500.0
2022-03-30,57270,1430.0,1437.0,1396.0,1421.0,0,0,731900.0,1035732800.0,1.0,1430.0,1437.0,1396.0,1421.0,731900.0
2022-03-31,57270,1466.0,1506.0,1452.0,1455.0,0,0,795900.0,1171806200.0,1.0,1466.0,1506.0,1452.0,1455.0,795900.0
2022-04-01,57270,1438.0,1535.0,1426.0,1534.0,0,0,1254000.0,1891738200.0,1.0,1438.0,1535.0,1426.0,1534.0,1254000.0
2022-04-04,57270,1530.0,1556.0,1504.0,1533.0,0,0,735800.0,1125128100.0,1.0,1530.0,1556.0,1504.0,1533.0,735800.0
2022-04-05,57270,1537.0,1555.0,1472.0,1482.0,0,0,775400.0,1168235200.0,1.0,1537.0,1555.0,1472.0,1482.0,775400.0
2022-04-06,57270,1463.0,1488.0,1454.0,1478.0,0,0,539200.0,794978500.0,1.0,1463.0,1488.0,1454.0,1478.0,539200.0
2022-04-07,57270,1464.0,1484.0,1441.0,1477.0,0,0,331500.0,486549200.0,1.0,1464.0,1484.0,1441.0,1477.0,331500.0
2022-04-08,57270,1483.0,1495.0,1447.0,1480.0,0,0,384500.0,567954400.0,1.0,1483.0,1495.0,1447.0,1480.0,384500.0
2022-04-11,57270,1488.0,1538.0,1488.0,1491.0,0,0,494900.0,746253900.0,1.0,1488.0,1538.0,1488.0,1491.0,494900.0
2022-04-12,57270,1469.0,1475.0,1422.0,1450.0,0,0,417500.0,605585800.0,1.0,1469.0,1475.0,1422.0,1450.0,417500.0
2022-04-13,57270,1480.0,1494.0,1458.0,1491.0,0,0,336000.0,497418600.0,1.0,1480.0,1494.0,1458.0,1491.0,336000.0
2022-04-14,57270,1573.0,1704.0,1565.0,1686.0,0,0,2147400.0,3553357500.0,1.0,1573.0,1704.0,1565.0,1686.0,2147400.0
2022-04-15,57270,1685.0,1707.0,1634.0,1680.0,0,0,1138200.0,1905954500.0,1.0,1685.0,1707.0,1634.0,1680.0,1138200.0
2022-04-18,57270,1684.0,1686.0,1611.0,1613.0,0,0,694800.0,1136953700.0,1.0,1684.0,1686.0,1611.0,1613.0,694800.0
2022-04-19,57270,1619.0,1651.0,1590.0,1648.0,0,0,535100.0,869557200.0,1.0,1619.0,1651.0,1590.0,1648.0,535100.0
2022-04-20,57270,1619.0,1620.0,1572.0,1589.0,0,0,635300.0,1009985600.0,1.0,1619.0,1620.0,1572.0,1589.0,635300.0
2022-04-21,57270,1597.0,1604.0,1513.0,1528.0,0,0,595700.0,922049000.0,1.0,1597.0,1604.0,1513.0,1528.0,595700.0
2022-04-22,57270,1506.0,1547.0,1492.0,1497.0,0,0,498700.0,752749600.0,1.0,1506.0,1547.0,1492.0,1497.0,498700.0
2022-04-25,57270,1407.0,1477.0,1407.0,1433.0,0,0,795600.0,1142896100.0,1.0,1407.0,1477.0,1407.0,1433.0,795600.0
2022-04-26,57270,1415.0,1438.0,1360.0,1432.0,0,0,838200.0,1179961100.0,1.0,1415.0,1438.0,1360.0,1432.0,838200.0
2022-04-27,57270,1402.0,1450.0,1402.0,1445.0,0,0,570100.0,816421300.0,1.0,1402.0,1450.0,1402.0,1445.0,570100.0
2022-04-28,57270,1440.0,1492.0,1440.0,1486.0,0,0,460500.0,679809700.0,1.0,1440.0,1492.0,1440.0,1486.0,460500.0
2022-05-02,57270,1461.0,1506.0,1452.0,1496.0,0,0,429000.0,639170700.0,1.0,1461.0,1506.0,1452.0,1496.0,429000.0
2022-05-06,57270,1480.0,1533.0,1466.0,1514.0,0,0,573300.0,867832300.0,1.0,1480.0,1533.0,1466.0,1514.0,573300.0
2022-05-09,57270,1495.0,1499.0,1420.0,1448.0,0,0,598800.0,866432800.0,1.0,1495.0,1499.0,1420.0,1448.0,598800.0
2022-05-10,57270,1418.0,1439.0,1334.0,1353.0,0,0,713700.0,974028200.0,1.0,1418.0,1439.0,1334.0,1353.0,713700.0
2022-05-11,57270,1543.0,1653.0,1499.0,1645.0,1,0,3768400.0,6118298900.0,1.0,1543.0,1653.0,1499.0,1645.0,3768400.0
2022-05-12,57270,1650.0,1787.0,1650.0,1727.0,0,0,3127400.0,5418099000.0,1.0,1650.0,1787.0,1650.0,1727.0,3127400.0
2022-05-13,57270,1694.0,1724.0,1623.0,1650.0,0,0,1515200.0,2512545200.0,1.0,1694.0,1724.0,1623.0,1650.0,1515200.0
2022-05-16,57270,1676.0,1710.0,1610.0,1680.0,0,0,938900.0,1565103700.0,1.0,1676.0,1710.0,1610.0,1680.0,938900.0
2022-05-17,57270,1690.0,1801.0,1690.0,1773.0,0,0,1574000.0,2777093800.0,1.0,1690.0,1801.0,1690.0,1773.0,1574000.0
2022-05-18,57270,1786.0,1859.0,1735.0,1823.0,0,0,1782500.0,3211925500.0,1.0,1786.0,1859.0,1735.0,1823.0,1782500.0
2022-05-19,57270,1783.0,1839.0,1771.0,1824.0,0,0,898100.0,1624123000.0,1.0,1783.0,1839.0,1771.0,1824.0,898100.0
2022-05-20,57270,1840.0,2079.0,1840.0,2024.0,0,0,4283800.0,8578101300.0,1.0,1840.0,2079.0,1840.0,2024.0,4283800.0
2022-05-23,57270,1952.0,1956.0,1859.0,1918.0,0,0,3006800.0,5719990800.0,1.0,1952.0,1956.0,1859.0,1918.0,3006800.0
2022-05-24,57270,1948.0,2029.0,1927.0,1974.0,0,0,2476400.0,4906156000.0,1.0,1948.0,2029.0,1927.0,1974.0,2476400.0
2022-05-25,57270,1961.0,2063.0,1932.0,2024.0,0,0,2051200.0,4143904600.0,1.0,1961.0,2063.0,1932.0,2024.0,2051200.0
2022-05-26,57270,2019.0,2066.0,1940.0,2015.0,0,0,2187200.0,4386812700.0,1.0,2019.0,2066.0,1940.0,2015.0,2187200.0
2022-05-27,57270,2001.0,2105.0,1975.0,2065.0,0,0,2113300.0,4347625600.0,1.0,2001.0,2105.0,1975.0,2065.0,2113300.0
2022-05-30,57270,2106.0,2144.0,2044.0,2107.0,0,0,2264200.0,4759489500.0,1.0,2106.0,2144.0,2044.0,2107.0,2264200.0
2022-05-31,57270,2130.0,2213.0,2125.0,2191.0,0,0,2321900.0,5054988800.0,1.0,2130.0,2213.0,2125.0,2191.0,2321900.0
2022-06-01,57270,2185.0,2185.0,1983.0,2127.0,0,0,3833500.0,7954323800.0,1.0,2185.0,2185.0,1983.0,2127.0,3833500.0
2022-06-02,57270,2204.0,2333.0,2162.0,2291.0,0,0,6496400.0,14686653300.0,1.0,2204.0,2333.0,2162.0,2291.0,6496400.0
2022-06-03,57270,2262.0,2435.0,2256.0,2429.0,0,0,5066600.0,11988215600.0,1.0,2262.0,2435.0,2256.0,2429.0,5066600.0
2022-06-06,57270,2479.0,2581.0,2445.0,2548.0,0,0,6320800.0,15925780500.0,1.0,2479.0,2581.0,2445.0,2548.0,6320800.0
2022-06-07,57270,2547.0,2796.0,2505.0,2789.0,0,0,8471500.0,22791828800.0,1.0,2547.0,2796.0,2505.0,2789.0,8471500.0
2022-06-08,57270,2781.0,2835.0,2656.0,2727.0,0,0,8199200.0,22529314100.0,1.0,2781.0,2835.0,2656.0,2727.0,8199200.0
2022-06-09,57270,2685.0,2866.0,2668.0,2845.0,0,0,4511600.0,12595737700.0,1.0,2685.0,2866.0,2668.0,2845.0,4511600.0
2022-06-10,57270,2835.0,2877.0,2763.0,2817.0,0,0,4175600.0,11798036700.0,1.0,2835.0,2877.0,2763.0,2817.0,4175600.0
2022-06-13,57270,2767.0,2895.0,2680.0,2703.0,0,0,3987600.0,10953832400.0,1.0,2767.0,2895.0,2680.0,2703.0,3987600.0
2022-06-14,57270,2603.0,2668.0,2550.0,2614.0,0,0,4451800.0,11620667500.0,1.0,2603.0,2668.0,2550.0,2614.0,4451800.0
2022-06-15,57270,2664.0,2724.0,2459.0,2470.0,0,0,5198200.0,13293671300.0,1.0,2664.0,2724.0,2459.0,2470.0,5198200.0
2022-06-16,57270,2549.0,2581.0,2401.0,2439.0,0,0,3234900.0,8066268400.0,1.0,2549.0,2581.0,2401.0,2439.0,3234900.0
2022-06-17,57270,2353.0,2367.0,2283.0,2329.0,0,0,3516700.0,8169153100.0,1.0,2353.0,2367.0,2283.0,2329.0,3516700.0
2022-06-20,57270,2293.0,2307.0,2203.0,2277.0,0,0,2343500.0,5273063800.0,1.0,2293.0,2307.0,2203.0,2277.0,2343500.0
2022-06-21,57270,2297.0,2375.0,2284.0,2318.0,0,0,2046400.0,4785478100.0,1.0,2297.0,2375.0,2284.0,2318.0,2046400.0
2022-06-22,57270,2320.0,2335.0,2218.0,2220.0,0,0,1581600.0,3550429400.0,1.0,2320.0,2335.0,2218.0,2220.0,1581600.0
2022-06-23,57270,2220.0,2286.0,2129.0,2156.0,0,0,2238700.0,4907182000.0,1.0,2220.0,2286.0,2129.0,2156.0,2238700.0
2022-06-24,57270,2152.0,2233.0,2110.0,2220.0,0,0,1686500.0,3682146500.0,1.0,2152.0,2233.0,2110.0,2220.0,1686500.0
2022-06-27,57270,2238.0,2281.0,2170.0,2199.0,0,0,1645300.0,3625204600.0,1.0,2238.0,2281.0,2170.0,2199.0,1645300.0
2022-06-28,57270,2268.0,2365.0,2226.0,2255.0,0,0,2908800.0,6665098000.0,1.0,2268.0,2365.0,2226.0,2255.0,2908800.0
2022-06-29,57270,2272.0,2337.0,2204.0,2220.0,0,0,2569600.0,5817545900.0,1.0,2272.0,2337.0,2204.0,2220.0,2569600.0
2022-06-30,57270,2220.0,2260.0,2177.0,2210.0,0,0,1817200.0,4040182200.0,1.0,2220.0,2260.0,2177.0,2210.0,1817200.0
2022-07-01,57270,2150.0,2198.0,2134.0,2195.0,0,0,1770300.0,3838789600.0,1.0,2150.0,2198.0,2134.0,2195.0,1770300.0
2022-07-04,57270,2192.0,2197.0,2097.0,2190.0,0,0,1498400.0,3218778400.0,1.0,2192.0,2197.0,2097.0,2190.0,1498400.0
2022-07-05,57270,2227.0,2409.0,2218.0,2380.0,0,0,4327000.0,10147388500.0,1.0,2227.0,2409.0,2218.0,2380.0,4327000.0
2022-07-06,57270,2460.0,2465.0,2077.0,2090.0,0,0,7087300.0,15603736400.0,1.0,2460.0,2465.0,2077.0,2090.0,7087300.0
2022-07-07,57270,2090.0,2130.0,2026.0,2114.0,0,0,2664400.0,5559084000.0,1.0,2090.0,2130.0,2026.0,2114.0,2664400.0
2022-07-08,57270,2108.0,2245.0,2083.0,2223.0,0,0,4147800.0,9099948900.0,1.0,2108.0,2245.0,2083.0,2223.0,4147800.0
2022-07-11,57270,2239.0,2350.0,2202.0,2325.0,0,0,3461500.0,7921662600.0,1.0,2239.0,2350.0,2202.0,2325.0,3461500.0
2022-07-12,57270,2320.0,2370.0,2243.0,2285.0,0,0,3728800.0,8577012700.0,1.0,2320.0,2370.0,2243.0,2285.0,3728800.0
2022-07-13,57270,2280.0,2367.0,2161.0,2198.0,0,0,3636300.0,8096927400.0,1.0,2280.0,2367.0,2161.0,2198.0,3636300.0
2022-07-14,57270,2197.0,2230.0,2145.0,2210.0,0,0,1883100.0,4121980600.0,1.0,2197.0,2230.0,2145.0,2210.0,1883100.0
2022-07-15,57270,2209.0,2307.0,2182.0,2305.0,0,0,2219100.0,5008713700.0,1.0,2209.0,2307.0,2182.0,2305.0,2219100.0
2022-07-19,57270,2307.0,2360.0,2255.0,2307.0,0,0,2474800.0,5715435300.0,1.0,2307.0,2360.0,2255.0,2307.0,2474800.0
2022-07-20,57270,2357.0,2419.0,2271.0,2406.0,0,0,3934700.0,9281313100.0,1.0,2357.0,2419.0,2271.0,2406.0,3934700.0
2022-07-21,57270,2369.0,2393.0,2286.0,2316.0,0,0,3736800.0,8727773000.0,1.0,2369.0,2393.0,2286.0,2316.0,3736800.0
2022-07-22,57270,2310.0,2317.0,2205.0,2277.0,0,0,3220700.0,7293152400.0,1.0,2310.0,2317.0,2205.0,2277.0,3220700.0
2022-07-25,57270,2258.0,2344.0,2254.0,2343.0,0,0,2855900.0,6603353100.0,1.0,2258.0,2344.0,2254.0,2343.0,2855900.0
2022-07-26,57270,2349.0,2535.0,2349.0,2535.0,0,0,5838500.0,14360234000.0,1.0,2349.0,2535.0,2349.0,2535.0,5838500.0
2022-07-27,57270,2513.0,2552.0,2431.0,2520.0,0,0,4238400.0,10635676500.0,1.0,2513.0,2552.0,2431.0,2520.0,4238400.0
2022-07-28,57270,2521.0,2569.0,2412.0,2483.0,0,0,3783700.0,9360651600.0,1.0,2521.0,2569.0,2412.0,2483.0,3783700.0
2022-07-29,57270,2386.0,2421.0,2219.0,2220.0,0,0,6355500.0,14451455200.0,1.0,2386.0,2421.0,2219.0,2220.0,6355500.0
2022-08-01,57270,2240.0,2343.0,2169.0,2330.0,0,0,3950400.0,9021321700.0,1.0,2240.0,2343.0,2169.0,2330.0,3950400.0
2022-08-02,57270,2280.0,2354.0,2252.0,2289.0,0,0,2411400.0,5555825400.0,1.0,2280.0,2354.0,2252.0,2289.0,2411400.0
2022-08-03,57270,2272.0,2277.0,2213.0,2275.0,0,0,2175700.0,4886994300.0,1.0,2272.0,2277.0,2213.0,2275.0,2175700.0
2022-08-04,57270,2245.0,2251.0,2170.0,2228.0,0,0,2152500.0,4744460900.0,1.0,2245.0,2251.0,2170.0,2228.0,2152500.0
2022-08-05,57270,2278.0,2378.0,2260.0,2351.0,0,0,4991900.0,11643487900.0,1.0,2278.0,2378.0,2260.0,2351.0,4991900.0
2022-08-08,57270,2340.0,2435.0,2326.0,2368.0,0,0,3275400.0,7799675600.0,1.0,2340.0,2435.0,2326.0,2368.0,3275400.0
2022-08-09,57270,2363.0,2414.0,2321.0,2369.0,0,0,1981600.0,4706963100.0,1.0,2363.0,2414.0,2321.0,2369.0,1981600.0
2022-08-10,57270,2377.0,2385.0,2253.0,2269.0,0,0,2131100.0,4891392300.0,1.0,2377.0,2385.0,2253.0,2269.0,2131100.0
2022-08-12,57270,2292.0,2322.0,2271.0,2292.0,0,0,1535500.0,3526922800.0,1.0,2292.0,2322.0,2271.0,2292.0,1535500.0
2022-08-15,57270,2289.0,2304.0,2244.0,2289.0,0,0,1171100.0,2666142500.0,1.0,2289.0,2304.0,2244.0,2289.0,1171100.0
2022-08-16,57270,2280.0,2299.0,2237.0,2282.0,0,0,1297900.0,2954160600.0,1.0,2280.0,2299.0,2237.0,2282.0,1297900.0
2022-08-17,57270,2271.0,2330.0,2220.0,2228.0,0,0,3086400.0,6984296600.0,1.0,2271.0,2330.0,2220.0,2228.0,3086400.0
2022-08-18,57270,2214.0,2247.0,2184.0,2232.0,0,0,2022200.0,4502868300.0,1.0,2214.0,2247.0,2184.0,2232.0,2022200.0
2022-08-19,57270,2250.0,2349.0,2214.0,2215.0,0,0,3128100.0,7108442500.0,1.0,2250.0,2349.0,2214.0,2215.0,3128100.0
2022-08-22,57270,2209.0,2265.0,2134.0,2151.0,0,0,2513000.0,5465657600.0,1.0,2209.0,2265.0,2134.0,2151.0,2513000.0
2022-08-23,57270,2159.0,2163.0,2086.0,2100.0,0,0,2056800.0,4357967000.0,1.0,2159.0,2163.0,2086.0,2100.0,2056800.0
2022-08-24,57270,2135.0,2153.0,2048.0,2075.0,0,0,2519500.0,5260214400.0,1.0,2135.0,2153.0,2048.0,2075.0,2519500.0
2022-08-25,57270,2100.0,2228.0,2085.0,2193.0,0,0,4041800.0,8839645700.0,1.0,2100.0,2228.0,2085.0,2193.0,4041800.0
2022-08-26,57270,2225.0,2324.0,2182.0,2306.0,0,0,4913900.0,11170118200.0,1.0,2225.0,2324.0,2182.0,2306.0,4913900.0
2022-08-29,57270,2222.0,2276.0,2198.0,2218.0,0,0,2892700.0,6462917400.0,1.0,2222.0,2276.0,2198.0,2218.0,2892700.0
2022-08-30,57270,2234.0,2284.0,2206.0,2259.0,0,0,2164100.0,4869691900.0,1.0,2234.0,2284.0,2206.0,2259.0,2164100.0
2022-08-31,57270,2228.0,2231.0,2137.0,2207.0,0,0,2526500.0,5494054000.0,1.0,2228.0,2231.0,2137.0,2207.0,2526500.0
2022-09-01,57270,2187.0,2285.0,2180.0,2239.0,0,0,2751900.0,6162848900.0,1.0,2187.0,2285.0,2180.0,2239.0,2751900.0
2022-09-02,57270,2185.0,2198.0,2063.0,2118.0,0,0,3890300.0,8202974700.0,1.0,2185.0,2198.0,2063.0,2118.0,3890300.0
2022-09-05,57270,2131.0,2159.0,2085.0,2115.0,0,0,1832700.0,3878931500.0,1.0,2131.0,2159.0,2085.0,2115.0,1832700.0
2022-09-06,57270,2117.0,2162.0,2078.0,2144.0,0,0,2005800.0,4287543000.0,1.0,2117.0,2162.0,2078.0,2144.0,2005800.0
2022-09-07,57270,2120.0,2173.0,2081.0,2172.0,0,0,2274800.0,4858840800.0,1.0,2120.0,2173.0,2081.0,2172.0,2274800.0
2022-09-08,57270,2185.0,2323.0,2161.0,2319.0,0,0,3658800.0,8323781300.0,1.0,2185.0,2323.0,2161.0,2319.0,3658800.0
2022-09-09,57270,2342.0,2420.0,2325.0,2418.0,0,0,3866000.0,9238734800.0,1.0,2342.0,2420.0,2325.0,2418.0,3866000.0
2022-09-12,57270,2431.0,2524.0,2408.0,2474.0,0,0,4071400.0,10073175000.0,1.0,2431.0,2524.0,2408.0,2474.0,4071400.0
2022-09-13,57270,2465.0,2681.0,2456.0,2679.0,0,0,6209400.0,16143394300.0,1.0,2465.0,2681.0,2456.0,2679.0,6209400.0
2022-09-14,57270,2590.0,2783.0,2536.0,2725.0,0,0,5973900.0,16089982100.0,1.0,2590.0,2783.0,2536.0,2725.0,5973900.0
2022-09-15,57270,2706.0,2755.0,2600.0,2630.0,0,0,4549200.0,12149143200.0,1.0,2706.0,2755.0,2600.0,2630.0,4549200.0
2022-09-16,57270,2580.0,2600.0,2481.0,2504.0,0,0,3184400.0,8024483500.0,1.0,2580.0,2600.0,2481.0,2504.0,3184400.0
2022-09-20,57270,2584.0,2640.0,2468.0,2473.0,0,0,3066400.0,7752412600.0,1.0,2584.0,2640.0,2468.0,2473.0,3066400.0
2022-09-21,57270,2460.0,2520.0,2415.0,2511.0,0,0,3595400.0,8891239100.0,1.0,2460.0,2520.0,2415.0,2511.0,3595400.0
2022-09-22,57270,2449.0,2531.0,2393.0,2478.0,0,0,3329800.0,8210509600.0,1.0,2449.0,2531.0,2393.0,2478.0,3329800.0
2022-09-26,57270,2428.0,2458.0,2357.0,2395.0,0,0,2628000.0,6277292500.0,1.0,2428.0,2458.0,2357.0,2395.0,2628000.0
2022-09-27,57270,2400.0,2478.0,2384.0,2453.0,0,0,2475800.0,6055931800.0,1.0,2400.0,2478.0,2384.0,2453.0,2475800.0
2022-09-28,57270,2483.0,2520.0,2344.0,2380.0,0,0,2965500.0,7129950000.0,1.0,2483.0,2520.0,2344.0,2380.0,2965500.0
2022-09-29,57270,2443.0,2570.0,2411.0,2481.0,0,0,3249000.0,8124432700.0,1.0,2443.0,2570.0,2411.0,2481.0,3249000.0
2022-09-30,57270,2442.0,2455.0,2329.0,2362.0,0,0,3204000.0,7587673500.0,1.0,2442.0,2455.0,2329.0,2362.0,3204000.0
2022-10-03,57270,2324.0,2343.0,2258.0,2338.0,0,0,2211800.0,5093801500.0,1.0,2324.0,2343.0,2258.0,2338.0,2211800.0
2022-10-04,57270,2436.0,2443.0,2330.0,2368.0,0,0,2468400.0,5857698500.0,1.0,2436.0,2443.0,2330.0,2368.0,2468400.0
2022-10-05,57270,2399.0,2439.0,2351.0,2425.0,0,0,2662800.0,6384516300.0,1.0,2399.0,2439.0,2351.0,2425.0,2662800.0
2022-10-06,57270,2424.0,2480.0,2377.0,2388.0,0,0,2126900.0,5141140900.0,1.0,2424.0,2480.0,2377.0,2388.0,2126900.0
2022-10-07,57270,2366.0,2396.0,2310.0,2316.0,0,0,1831500.0,4281095000.0,1.0,2366.0,2396.0,2310.0,2316.0,1831500.0
2022-10-11,57270,2292.0,2340.0,2283.0,2293.0,0,0,1540600.0,3547151000.0,1.0,2292.0,2340.0,2283.0,2293.0,1540600.0
2022-10-12,57270,2273.0,2278.0,2202.0,2211.0,0,0,1602800.0,3575314300.0,1.0,2273.0,2278.0,2202.0,2211.0,1602800.0
2022-10-13,57270,2211.0,2221.0,2117.0,2126.0,0,0,1647500.0,3545762300.0,1.0,2211.0,2221.0,2117.0,2126.0,1647500.0
2022-10-14,57270,2218.0,2275.0,2171.0,2255.0,0,0,2663400.0,5945868900.0,1.0,2218.0,2275.0,2171.0,2255.0,2663400.0
2022-10-17,57270,2217.0,2274.0,2211.0,2256.0,0,0,1576500.0,3540258500.0,1.0,2217.0,2274.0,2211.0,2256.0,1576500.0
2022-10-18,57270,2269.0,2280.0,2225.0,2258.0,0,0,1732600.0,3905112500.0,1.0,2269.0,2280.0,2225.0,2258.0,1732600.0
2022-10-19,57270,2280.0,2303.0,2217.0,2246.0,0,0,2301300.0,5198791500.0,1.0,2280.0,2303.0,2217.0,2246.0,2301300.0
2022-10-20,57270,2220.0,2220.0,2137.0,2148.0,0,0,2302000.0,4991211000.0,1.0,2220.0,2220.0,2137.0,2148.0,2302000.0
2022-10-21,57270,2138.0,2171.0,2118.0,2121.0,0,0,1485900.0,3186321400.0,1.0,2138.0,2171.0,2118.0,2121.0,1485900.0
2022-10-24,57270,2171.0,2183.0,2130.0,2137.0,0,0,1538500.0,3321071100.0,1.0,2171.0,2183.0,2130.0,2137.0,1538500.0
2022-10-25,57270,2142.0,2193.0,2120.0,2166.0,0,0,1472100.0,3181883800.0,1.0,2142.0,2193.0,2120.0,2166.0,1472100.0
2022-10-26,57270,2193.0,2194.0,2146.0,2167.0,0,0,1414800.0,3058461400.0,1.0,2193.0,2194.0,2146.0,2167.0,1414800.0
2022-10-27,57270,2172.0,2175.0,2097.0,2114.0,0,0,1885900.0,4006121200.0,1.0,2172.0,2175.0,2097.0,2114.0,1885900.0
2022-10-28,57270,2240.0,2330.0,2121.0,2148.0,0,0,12533000.0,27668237600.0,1.0,2240.0,2330.0,2121.0,2148.0,12533000.0
2022-10-31,57270,2154.0,2266.0,2153.0,2247.0,0,0,4058300.0,9035573200.0,1.0,2154.0,2266.0,2153.0,2247.0,4058300.0
2022-11-01,57270,2285.0,2416.0,2271.0,2416.0,0,0,4519200.0,10580455300.0,1.0,2285.0,2416.0,2271.0,2416.0,4519200.0
2022-11-02,57270,2426.0,2569.0,2384.0,2513.0,0,0,6086400.0,15157561700.0,1.0,2426.0,2569.0,2384.0,2513.0,6086400.0
2022-11-04,57270,2532.0,2890.0,2532.0,2887.0,0,0,12048900.0,33451221000.0,1.0,2532.0,2890.0,2532.0,2887.0,12048900.0
2022-11-07,57270,2875.0,2919.0,2744.0,2809.0,0,0,6831000.0,19295287100.0,1.0,2875.0,2919.0,2744.0,2809.0,6831000.0
2022-11-08,57270,2847.0,3050.0,2783.0,3045.0,0,0,7300600.0,21345507300.0,1.0,2847.0,3050.0,2783.0,3045.0,7300600.0
2022-11-09,57270,3060.0,3150.0,2996.0,3065.0,0,0,3733700.0,11440351500.0,1.0,3060.0,3150.0,2996.0,3065.0,3733700.0
2022-11-10,57270,3050.0,3090.0,2896.0,2948.0,0,0,4303300.0,12845643000.0,1.0,3050.0,3090.0,2896.0,2948.0,4303300.0
2022-11-11,57270,3100.0,3115.0,2910.0,3050.0,0,0,4680500.0,14029857300.0,1.0,3100.0,3115.0,2910.0,3050.0,4680500.0
2022-11-14,57270,3080.0,3315.0,2935.0,2959.0,0,0,7418800.0,23186061400.0,1.0,3080.0,3315.0,2935.0,2959.0,7418800.0
2022-11-15,57270,2922.0,2926.0,2677.0,2775.0,0,0,8438500.0,23480555800.0,1.0,2922.0,2926.0,2677.0,2775.0,8438500.0
2022-11-16,57270,2835.0,2880.0,2747.0,2815.0,0,0,5387500.0,15104465600.0,1.0,2835.0,2880.0,2747.0,2815.0,5387500.0
2022-11-17,57270,2781.0,2833.0,2666.0,2672.0,0,0,4494600.0,12270440000.0,1.0,2781.0,2833.0,2666.0,2672.0,4494600.0
2022-11-18,57270,2715.0,2764.0,2663.0,2666.0,0,0,3977500.0,10775685000.0,1.0,2715.0,2764.0,2663.0,2666.0,3977500.0
2022-11-21,57270,2665.0,2773.0,2630.0,2685.0,0,0,4402100.0,11952855200.0,1.0,2665.0,2773.0,2630.0,2685.0,4402100.0
2022-11-22,57270,2700.0,2794.0,2652.0,2731.0,0,0,5197400.0,14187211900.0,1.0,2700.0,2794.0,2652.0,2731.0,5197400.0
2022-11-24,57270,2756.0,2872.0,2701.0,2825.0,0,0,6691800.0,18698205200.0,1.0,2756.0,2872.0,2701.0,2825.0,6691800.0
2022-11-25,57270,2855.0,2909.0,2642.0,2670.0,0,0,10183300.0,27553336800.0,1.0,2855.0,2909.0,2642.0,2670.0,10183300.0
2022-11-28,57270,2672.0,2697.0,2591.0,2653.0,0,0,5272700.0,13908396100.0,1.0,2672.0,2697.0,2591.0,2653.0,5272700.0
2022-11-29,57270,2644.0,2735.0,2620.0,2724.0,0,0,5091400.0,13672445700.0,1.0,2644.0,2735.0,2620.0,2724.0,5091400.0
2022-11-30,57270,2724.0,2789.0,2660.0,2748.0,0,0,6406800.0,17546470600.0,1.0,2724.0,2789.0,2660.0,2748.0,6406800.0
2022-12-01,57270,2750.0,2775.0,2691.0,2733.0,0,0,5074800.0,13850339300.0,1.0,2750.0,2775.0,2691.0,2733.0,5074800.0
2022-12-02,57270,2701.0,2729.0,2608.0,2618.0,0,0,4135200.0,10989893300.0,1.0,2701.0,2729.0,2608.0,2618.0,4135200.0
2022-12-05,57270,2613.0,2665.0,2595.0,2632.0,0,0,4057800.0,10686168100.0,1.0,2613.0,2665.0,2595.0,2632.0,4057800.0
2022-12-06,57270,2596.0,2709.0,2581.0,2689.0,0,0,3825000.0,10186335000.0,1.0,2596.0,2709.0,2581.0,2689.0,3825000.0
2022-12-07,57270,2676.0,2883.0,2671.0,2864.0,0,0,7124400.0,20103974000.0,1.0,2676.0,2883.0,2671.0,2864.0,7124400.0
2022-12-08,57270,2822.0,2846.0,2765.0,2788.0,0,0,3907000.0,10927218600.0,1.0,2822.0,2846.0,2765.0,2788.0,3907000.0
2022-12-09,57270,2769.0,2872.0,2758.0,2865.0,0,0,4486000.0,12665322300.0,1.0,2769.0,2872.0,2758.0,2865.0,4486000.0
2022-12-12,57270,2786.0,2824.0,2710.0,2814.0,0,0,5175600.0,14336913500.0,1.0,2786.0,2824.0,2710.0,2814.0,5175600.0
2022-12-13,57270,2852.0,2964.0,2841.0,2921.0,0,0,9032900.0,26368606300.0,1.0,2852.0,2964.0,2841.0,2921.0,9032900.0
2022-12-14,57270,2980.0,3170.0,2885.0,3170.0,0,0,9531300.0,28787464200.0,1.0,2980.0,3170.0,2885.0,3170.0,9531300.0
2022-12-15,57270,3220.0,3335.0,3160.0,3220.0,0,0,7859700.0,25543678500.0,1.0,3220.0,3335.0,3160.0,3220.0,7859700.0
2022-12-16,57270,3185.0,3240.0,3110.0,3115.0,0,0,4353400.0,13832157500.0,1.0,3185.0,3240.0,3110.0,3115.0,4353400.0
2022-12-19,57270,3095.0,3160.0,3060.0,3100.0,0,0,2631500.0,8185267500.0,1.0,3095.0,3160.0,3060.0,3100.0,2631500.0
2022-12-20,57270,3100.0,3150.0,2960.0,3015.0,0,0,3977500.0,12098298400.0,1.0,3100.0,3150.0,2960.0,3015.0,3977500.0
2022-12-21,57270,2992.0,3060.0,2975.0,3015.0,0,0,2143300.0,6470437500.0,1.0,2992.0,3060.0,2975.0,3015.0,2143300.0
2022-12-22,57270,3070.0,3095.0,2914.0,2962.0,0,0,2983200.0,8872616200.0,1.0,3070.0,3095.0,2914.0,2962.0,2983200.0
2022-12-23,57270,2934.0,2949.0,2852.0,2852.0,0,0,2676300.0,7731183400.0,1.0,2934.0,2949.0,2852.0,2852.0,2676300.0
2022-12-26,57270,2844.0,2952.0,2830.0,2928.0,0,0,2278400.0,6625193600.0,1.0,2844.0,2952.0,2830.0,2928.0,2278400.0
2022-12-27,57270,2978.0,3020.0,2902.0,2990.0,0,0,3507600.0,10415785200.0,1.0,2978.0,3020.0,2902.0,2990.0,3507600.0
2022-12-28,57270,2975.0,3015.0,2842.0,2854.0,0,0,3529300.0,10225145100.0,1.0,2975.0,3015.0,2842.0,2854.0,3529300.0
2022-12-29,57270,2825.0,2853.0,2786.0,2837.0,0,0,2608500.0,7361132000.0,1.0,2825.0,2853.0,2786.0,2837.0,2608500.0
2022-12-30,57270,2830.0,2866.0,2789.0,2790.0,0,0,2306700.0,6512322900.0,1.0,2830.0,2866.0,2789.0,2790.0,2306700.0
2023-01-04,57270,2725.0,2725.0,2586.0,2590.0,0,0,2810200.0,7444764000.0,1.0,2725.0,2725.0,2586.0,2590.0,2810200.0
2023-01-05,57270,2637.0,2640.0,2483.0,2510.0,0,0,4196300.0,10654043600.0,1.0,2637.0,2640.0,2483.0,2510.0,4196300.0
2023-01-06,57270,2542.0,2652.0,2528.0,2589.0,0,0,4796900.0,12437173000.0,1.0,2542.0,2652.0,2528.0,2589.0,4796900.0
2023-01-10,57270,2595.0,2656.0,2563.0,2598.0,0,0,3361500.0,8797318900.0,1.0,2595.0,2656.0,2563.0,2598.0,3361500.0
2023-01-11,57270,2636.0,2681.0,2601.0,2652.0,0,0,3082300.0,8165995800.0,1.0,2636.0,2681.0,2601.0,2652.0,3082300.0
2023-01-12,57270,2693.0,2758.0,2630.0,2690.0,0,0,4945800.0,13385031400.0,1.0,2693.0,2758.0,2630.0,2690.0,4945800.0
2023-01-13,57270,2695.0,2741.0,2650.0,2653.0,0,0,3835400.0,10338423400.0,1.0,2695.0,2741.0,2650.0,2653.0,3835400.0
2023-01-16,57270,2600.0,2627.0,2566.0,2582.0,0,0,2719600.0,7049345400.0,1.0,2600.0,2627.0,2566.0,2582.0,2719600.0
2023-01-17,57270,2586.0,2692.0,2586.0,2673.0,0,0,3013000.0,8004795700.0,1.0,2586.0,2692.0,2586.0,2673.0,3013000.0
2023-01-18,57270,2650.0,2720.0,2575.0,2706.0,0,0,5112800.0,13547230100.0,1.0,2650.0,2720.0,2575.0,2706.0,5112800.0
2023-01-19,57270,2620.0,2646.0,2540.0,2646.0,0,0,4588000.0,11873726700.0,1.0,2620.0,2646.0,2540.0,2646.0,4588000.0
2023-01-20,57270,2643.0,2683.0,2619.0,2680.0,0,0,3969300.0,10538387000.0,1.0,2643.0,2683.0,2619.0,2680.0,3969300.0
2023-01-23,57270,2730.0,2774.0,2690.0,2761.0,0,0,4941900.0,13549847000.0,1.0,2730.0,2774.0,2690.0,2761.0,4941900.0
2023-01-24,57270,2780.0,2829.0,2741.0,2760.0,0,0,5262300.0,14667195400.0,1.0,2780.0,2829.0,2741.0,2760.0,5262300.0
2023-01-25,57270,2748.0,2785.0,2704.0,2739.0,0,0,4274700.0,11733594700.0,1.0,2748.0,2785.0,2704.0,2739.0,4274700.0
2023-01-26,57270,2774.0,2778.0,2672.0,2695.0,0,0,5141000.0,13917144400.0,1.0,2774.0,2778.0,2672.0,2695.0,5141000.0
2023-01-27,57270,2542.0,2551.0,2380.0,2420.0,0,0,8958500.0,21822571600.0,1.0,2542.0,2551.0,2380.0,2420.0,8958500.0
2023-01-30,57270,2393.0,2419.0,2308.0,2345.0,0,0,5795700.0,13651881100.0,1.0,2393.0,2419.0,2308.0,2345.0,5795700.0
2023-01-31,57270,2342.0,2459.0,2332.0,2411.0,0,0,7052700.0,16962256800.0,1.0,2342.0,2459.0,2332.0,2411.0,7052700.0
2023-02-01,57270,2374.0,2432.0,2368.0,2382.0,0,0,3554600.0,8524755800.0,1.0,2374.0,2432.0,2368.0,2382.0,3554600.0
2023-02-02,57270,2361.0,2381.0,2315.0,2315.0,0,0,2829700.0,6638869000.0,1.0,2361.0,2381.0,2315.0,2315.0,2829700.0
2023-02-03,57270,2312.0,2336.0,2289.0,2319.0,0,0,2678800.0,6199700100.0,1.0,2312.0,2336.0,2289.0,2319.0,2678800.0
2023-02-06,57270,2355.0,2386.0,2332.0,2354.0,0,0,2970100.0,6996640100.0,1.0,2355.0,2386.0,2332.0,2354.0,2970100.0
2023-02-07,57270,2330.0,2367.0,2319.0,2335.0,0,0,2485500.0,5827148100.0,1.0,2330.0,2367.0,2319.0,2335.0,2485500.0
2023-02-08,57270,2250.0,2299.0,2220.0,2293.0,0,0,4388400.0,9923911400.0,1.0,2250.0,2299.0,2220.0,2293.0,4388400.0
2023-02-09,57270,2290.0,2304.0,2250.0,2294.0,0,0,3288100.0,7469074400.0,1.0,2290.0,2304.0,2250.0,2294.0,3288100.0
2023-02-10,57270,2293.0,2294.0,2223.0,2243.0,0,0,3969100.0,8935900800.0,1.0,2293.0,2294.0,2223.0,2243.0,3969100.0
2023-02-13,57270,2248.0,2281.0,2228.0,2240.0,0,0,2679900.0,6041326300.0,1.0,2248.0,2281.0,2228.0,2240.0,2679900.0
2023-02-14,57270,2230.0,2309.0,2228.0,2300.0,0,0,3086100.0,7017696000.0,1.0,2230.0,2309.0,2228.0,2300.0,3086100.0
2023-02-15,57270,2319.0,2322.0,2240.0,2251.0,0,0,2312400.0,5266272300.0,1.0,2319.0,2322.0,2240.0,2251.0,2312400.0
2023-02-16,57270,2284.0,2297.0,2242.0,2242.0,0,0,2411900.0,5472512900.0,1.0,2284.0,2297.0,2242.0,2242.0,2411900.0
2023-02-17,57270,2245.0,2245.0,2184.0,2190.0,0,0,2092100.0,4613830900.0,1.0,2245.0,2245.0,2184.0,2190.0,2092100.0
2023-02-20,57270,2155.0,2164.0,2097.0,2129.0,0,0,3020100.0,6407560400.0,1.0,2155.0,2164.0,2097.0,2129.0,3020100.0
2023-02-21,57270,2137.0,2161.0,2101.0,2116.0,0,0,2284400.0,4861597200.0,1.0,2137.0,2161.0,2101.0,2116.0,2284400.0
2023-02-22,57270,2086.0,2098.0,2047.0,2065.0,0,0,2104200.0,4354496500.0,1.0,2086.0,2098.0,2047.0,2065.0,2104200.0
2023-02-24,57270,2028.0,2049.0,1995.0,2021.0,0,0,2231700.0,4514509600.0,1.0,2028.0,2049.0,1995.0,2021.0,2231700.0
2023-02-27,57270,2010.0,2029.0,1965.0,1970.0,0,0,2145500.0,4266302100.0,1.0,2010.0,2029.0,1965.0,1970.0,2145500.0
2023-02-28,57270,2006.0,2030.0,1971.0,1971.0,0,0,2055800.0,4099316500.0,1.0,2006.0,2030.0,1971.0,1971.0,2055800.0
2023-03-01,57270,1990.0,2000.0,1936.0,1962.0,0,0,1800800.0,3534096600.0,1.0,1990.0,2000.0,1936.0,1962.0,1800800.0
2023-03-02,57270,1992.0,2114.0,1988.0,2103.0,0,0,6571400.0,13642037200.0,1.0,1992.0,2114.0,1988.0,2103.0,6571400.0
2023-03-03,57270,2124.0,2135.0,2061.0,2108.0,0,0,5348500.0,11246251500.0,1.0,2124.0,2135.0,2061.0,2108.0,5348500.0
2023-03-06,57270,2137.0,2143.0,2068.0,2081.0,0,0,2338100.0,4903944000.0,1.0,2137.0,2143.0,2068.0,2081.0,2338100.0
2023-03-07,57270,2167.0,2419.0,2167.0,2419.0,0,0,15283400.0,35690078500.0,1.0,2167.0,2419.0,2167.0,2419.0,15283400.0
2023-03-08,57270,2417.0,2532.0,2363.0,2473.0,0,0,14820700.0,36512206900.0,1.0,2417.0,2532.0,2363.0,2473.0,14820700.0
2023-03-09,57270,2492.0,2559.0,2465.0,2550.0,0,0,9547900.0,24100637900.0,1.0,2492.0,2559.0,2465.0,2550.0,9547900.0
2023-03-10,57270,2477.0,2482.0,2411.0,2466.0,0,0,5722800.0,14037393700.0,1.0,2477.0,2482.0,2411.0,2466.0,5722800.0
2023-03-13,57270,2373.0,2433.0,2362.0,2386.0,0,0,3785000.0,9047552300.0,1.0,2373.0,2433.0,2362.0,2386.0,3785000.0
2023-03-14,57270,2321.0,2433.0,2293.0,2427.0,0,0,4222700.0,10052440600.0,1.0,2321.0,2433.0,2293.0,2427.0,4222700.0
2023-03-15,57270,2450.0,2534.0,2441.0,2517.0,0,0,5374800.0,13447229700.0,1.0,2450.0,2534.0,2441.0,2517.0,5374800.0
2023-03-16,57270,2392.0,2399.0,2323.0,2349.0,0,0,3999600.0,9434033100.0,1.0,2392.0,2399.0,2323.0,2349.0,3999600.0
2023-03-17,57270,2373.0,2380.0,2307.0,2363.0,0,0,3251300.0,7639302200.0,1.0,2373.0,2380.0,2307.0,2363.0,3251300.0
2023-03-20,57270,2363.0,2390.0,2301.0,2307.0,0,0,2360900.0,5503611000.0,1.0,2363.0,2390.0,2301.0,2307.0,2360900.0
2023-03-22,57270,2333.0,2395.0,2312.0,2340.0,0,0,3325900.0,7845370000.0,1.0,2333.0,2395.0,2312.0,2340.0,3325900.0
2023-03-23,57270,2318.0,2323.0,2229.0,2297.0,0,0,2823800.0,6421555800.0,1.0,2318.0,2323.0,2229.0,2297.0,2823800.0
2023-03-24,57270,2301.0,2304.0,2218.0,2257.0,0,0,2402900.0,5392536500.0,1.0,2301.0,2304.0,2218.0,2257.0,2402900.0
2023-03-27,57270,2280.0,2329.0,2254.0,2257.0,0,0,3312400.0,7573987700.0,1.0,2280.0,2329.0,2254.0,2257.0,3312400.0
2023-03-28,57270,2298.0,2322.0,2235.0,2263.0,0,0,2325000.0,5280133100.0,1.0,2298.0,2322.0,2235.0,2263.0,2325000.0
2023-03-29,57270,2259.0,2298.0,2225.0,2237.0,0,0,1973700.0,4460545500.0,1.0,2259.0,2298.0,2225.0,2237.0,1973700.0
2023-03-30,57270,2243.0,2272.0,2227.0,2228.0,0,0,2163200.0,4859679000.0,1.0,2243.0,2272.0,2227.0,2228.0,2163200.0
2023-03-31,57270,2238.0,2247.0,2199.0,2205.0,0,0,2156500.0,4797020000.0,1.0,2238.0,2247.0,2199.0,2205.0,2156500.0
2023-04-03,57270,2220.0,2273.0,2211.0,2264.0,0,0,2231300.0,5009666900.0,1.0,2220.0,2273.0,2211.0,2264.0,2231300.0
2023-04-04,57270,2264.0,2264.0,2216.0,2228.0,0,0,2206500.0,4917273200.0,1.0,2264.0,2264.0,2216.0,2228.0,2206500.0
2023-04-05,57270,2200.0,2205.0,2148.0,2148.0,0,0,2022200.0,4390892300.0,1.0,2200.0,2205.0,2148.0,2148.0,2022200.0
2023-04-06,57270,2108.0,2140.0,2072.0,2085.0,0,0,2297200.0,4826617900.0,1.0,2108.0,2140.0,2072.0,2085.0,2297200.0
2023-04-07,57270,2091.0,2144.0,2090.0,2136.0,0,0,1552900.0,3294865800.0,1.0,2091.0,2144.0,2090.0,2136.0,1552900.0
2023-04-10,57270,2204.0,2267.0,2149.0,2156.0,0,0,4019000.0,8831528500.0,1.0,2204.0,2267.0,2149.0,2156.0,4019000.0
2023-04-11,57270,2170.0,2193.0,2141.0,2145.0,0,0,1696200.0,3664095300.0,1.0,2170.0,2193.0,2141.0,2145.0,1696200.0
2023-04-12,57270,2168.0,2172.0,2121.0,2130.0,0,0,1579800.0,3377570300.0,1.0,2168.0,2172.0,2121.0,2130.0,1579800.0
2023-04-13,57270,2108.0,2138.0,2098.0,2138.0,0,0,1335400.0,2829174600.0,1.0,2108.0,2138.0,2098.0,2138.0,1335400.0
2023-04-14,57270,2145.0,2148.0,2092.0,2111.0,0,0,1588000.0,3347467700.0,1.0,2145.0,2148.0,2092.0,2111.0,1588000.0
2023-04-17,57270,2101.0,2131.0,2066.0,2129.0,0,0,1620600.0,3397880500.0,1.0,2101.0,2131.0,2066.0,2129.0,1620600.0
2023-04-18,57270,2134.0,2136.0,2102.0,2117.0,0,0,975200.0,2063386700.0,1.0,2134.0,2136.0,2102.0,2117.0,975200.0
2023-04-19,57270,2099.0,2111.0,2072.0,2077.0,0,0,1180100.0,2460954900.0,1.0,2099.0,2111.0,2072.0,2077.0,1180100.0
2023-04-20,57270,2055.0,2069.0,2018.0,2020.0,0,0,1864900.0,3797630200.0,1.0,2055.0,2069.0,2018.0,2020.0,1864900.0
2023-04-21,57270,1994.0,2036.0,1973.0,2034.0,0,0,2165200.0,4350749500.0,1.0,1994.0,2036.0,1973.0,2034.0,2165200.0
2023-04-24,57270,2033.0,2080.0,2030.0,2065.0,0,0,1501900.0,3095078300.0,1.0,2033.0,2080.0,2030.0,2065.0,1501900.0
2023-04-25,57270,2087.0,2093.0,2028.0,2038.0,0,0,1531100.0,3140383600.0,1.0,2087.0,2093.0,2028.0,2038.0,1531100.0
2023-04-26,57270,1995.0,2032.0,1990.0,2031.0,0,0,1592000.0,3193125100.0,1.0,1995.0,2032.0,1990.0,2031.0,1592000.0
2023-04-27,57270,2025.0,2063.0,2015.0,2059.0,0,0,1615500.0,3298779700.0,1.0,2025.0,2063.0,2015.0,2059.0,1615500.0
2023-04-28,57270,2080.0,2080.0,2003.0,2018.0,0,0,2223200.0,4499387500.0,1.0,2080.0,2080.0,2003.0,2018.0,2223200.0
2023-05-01,57270,2043.0,2058.0,2017.0,2035.0,0,0,1842600.0,3748604000.0,1.0,2043.0,2058.0,2017.0,2035.0,1842600.0
2023-05-02,57270,2082.0,2082.0,2002.0,2027.0,0,0,2513800.0,5109873700.0,1.0,2082.0,2082.0,2002.0,2027.0,2513800.0
2023-05-08,57270,2038.0,2040.0,1961.0,2014.0,0,0,3756200.0,7464926200.0,1.0,2038.0,2040.0,1961.0,2014.0,3756200.0
2023-05-09,57270,1644.0,1683.0,1592.0,1600.0,0,0,11983300.0,19496232600.0,1.0,1644.0,1683.0,1592.0,1600.0,11983300.0
2023-05-10,57270,1607.0,1637.0,1596.0,1621.0,0,0,3601200.0,5815156200.0,1.0,1607.0,1637.0,1596.0,1621.0,3601200.0
2023-05-11,57270,1615.0,1769.0,1611.0,1734.0,0,0,7387000.0,12667423600.0,1.0,1615.0,1769.0,1611.0,1734.0,7387000.0
2023-05-12,57270,1700.0,1734.0,1690.0,1723.0,0,0,1914900.0,3282715600.0,1.0,1700.0,1734.0,1690.0,1723.0,1914900.0
2023-05-15,57270,1825.0,1860.0,1761.0,1811.0,0,0,3521700.0,6384381900.0,1.0,1825.0,1860.0,1761.0,1811.0,3521700.0
2023-05-16,57270,1830.0,1938.0,1812.0,1934.0,0,0,3784300.0,7131089500.0,1.0,1830.0,1938.0,1812.0,1934.0,3784300.0
2023-05-17,57270,1930.0,1948.0,1901.0,1928.0,0,0,2027400.0,3907605100.0,1.0,1930.0,1948.0,1901.0,1928.0,2027400.0
2023-05-18,57270,1938.0,1950.0,1875.0,1887.0,0,0,1689700.0,3219728200.0,1.0,1938.0,1950.0,1875.0,1887.0,1689700.0
2023-05-19,57270,1864.0,1934.0,1852.0,1924.0,0,0,1952700.0,3715247900.0,1.0,1864.0,1934.0,1852.0,1924.0,1952700.0
2023-05-22,57270,1942.0,1947.0,1902.0,1925.0,0,0,1191700.0,2288267600.0,1.0,1942.0,1947.0,1902.0,1925.0,1191700.0
2023-05-23,57270,1939.0,1943.0,1839.0,1842.0,0,0,1810000.0,3385138000.0,1.0,1939.0,1943.0,1839.0,1842.0,1810000.0
2023-05-24,57270,1832.0,1876.0,1819.0,1824.0,0,0,1288500.0,2365912100.0,1.0,1832.0,1876.0,1819.0,1824.0,1288500.0
2023-05-25,57270,1817.0,1848.0,1804.0,1830.0,0,0,789300.0,1444659600.0,1.0,1817.0,1848.0,1804.0,1830.0,789300.0
2023-05-26,57270,1810.0,1848.0,1800.0,1848.0,0,0,859900.0,1567757400.0,1.0,1810.0,1848.0,1800.0,1848.0,859900.0
2023-05-29,57270,1878.0,1935.0,1877.0,1929.0,0,0,2081100.0,3976627400.0,1.0,1878.0,1935.0,1877.0,1929.0,2081100.0
2023-05-30,57270,1943.0,1957.0,1896.0,1928.0,0,0,1265600.0,2442938800.0,1.0,1943.0,1957.0,1896.0,1928.0,1265600.0
2023-05-31,57270,1917.0,1930.0,1882.0,1900.0,0,0,989800.0,1888398200.0,1.0,1917.0,1930.0,1882.0,1900.0,989800.0
2023-06-01,57270,1904.0,1928.0,1886.0,1925.0,0,0,814600.0,1557731700.0,1.0,1904.0,1928.0,1886.0,1925.0,814600.0
2023-06-02,57270,1931.0,1935.0,1897.0,1930.0,0,0,909200.0,1741106100.0,1.0,1931.0,1935.0,1897.0,1930.0,909200.0
2023-06-05,57270,1950.0,1968.0,1919.0,1962.0,0,0,1102400.0,2145046800.0,1.0,1950.0,1968.0,1919.0,1962.0,1102400.0
2023-06-06,57270,1922.0,1938.0,1908.0,1921.0,0,0,1500300.0,2883408000.0,1.0,1922.0,1938.0,1908.0,1921.0,1500300.0
2023-06-07,57270,1909.0,1927.0,1885.0,1927.0,0,0,1504800.0,2870436800.0,1.0,1909.0,1927.0,1885.0,1927.0,1504800.0
2023-06-08,57270,1945.0,1953.0,1908.0,1914.0,0,0,960100.0,1856149100.0,1.0,1945.0,1953.0,1908.0,1914.0,960100.0
2023-06-09,57270,1930.0,1932.0,1886.0,1893.0,0,0,803500.0,1527979200.0,1.0,1930.0,1932.0,1886.0,1893.0,803500.0
2023-06-12,57270,1883.0,1887.0,1832.0,1835.0,0,0,1011300.0,1874262600.0,1.0,1883.0,1887.0,1832.0,1835.0,1011300.0
2023-06-13,57270,1840.0,1860.0,1806.0,1854.0,0,0,1201100.0,2199632500.0,1.0,1840.0,1860.0,1806.0,1854.0,1201100.0
2023-06-14,57270,1863.0,1902.0,1845.0,1867.0,0,0,1047400.0,1956995500.0,1.0,1863.0,1902.0,1845.0,1867.0,1047400.0
2023-06-15,57270,1856.0,1856.0,1760.0,1760.0,0,0,1776500.0,3197622700.0,1.0,1856.0,1856.0,1760.0,1760.0,1776500.0
2023-06-16,57270,1765.0,1807.0,1751.0,1764.0,0,0,1431300.0,2537790300.0,1.0,1765.0,1807.0,1751.0,1764.0,1431300.0
2023-06-19,57270,1774.0,1804.0,1761.0,1801.0,0,0,807600.0,1446753400.0,1.0,1774.0,1804.0,1761.0,1801.0,807600.0
2023-06-20,57270,1810.0,1812.0,1771.0,1780.0,0,0,593000.0,1060002700.0,1.0,1810.0,1812.0,1771.0,1780.0,593000.0
2023-06-21,57270,1756.0,1846.0,1755.0,1841.0,0,0,1129400.0,2053438600.0,1.0,1756.0,1846.0,1755.0,1841.0,1129400.0
2023-06-22,57270,1845.0,1856.0,1815.0,1833.0,0,0,711400.0,1301517000.0,1.0,1845.0,1856.0,1815.0,1833.0,711400.0
2023-06-23,57270,1830.0,1831.0,1770.0,1797.0,0,0,927300.0,1662591500.0,1.0,1830.0,1831.0,1770.0,1797.0,927300.0
2023-06-26,57270,1776.0,1791.0,1748.0,1750.0,0,0,626800.0,1104166100.0,1.0,1776.0,1791.0,1748.0,1750.0,626800.0
2023-06-27,57270,1751.0,1757.0,1705.0,1709.0,0,0,747700.0,1284183500.0,1.0,1751.0,1757.0,1705.0,1709.0,747700.0
2023-06-28,57270,1713.0,1753.0,1712.0,1747.0,0,0,689100.0,1194992500.0,1.0,1713.0,1753.0,1712.0,1747.0,689100.0
2023-06-29,57270,1763.0,1773.0,1731.0,1750.0,0,0,549700.0,962524900.0,1.0,1763.0,1773.0,1731.0,1750.0,549700.0
2023-06-30,57270,1744.0,1755.0,1730.0,1744.0,0,0,533100.0,929729200.0,1.0,1744.0,1755.0,1730.0,1744.0,533100.0
2023-07-03,57270,1741.0,1756.0,1727.0,1739.0,0,0,552300.0,962014200.0,1.0,1741.0,1756.0,1727.0,1739.0,552300.0
2023-07-04,57270,1751.0,1753.0,1716.0,1716.0,0,0,716700.0,1238802600.0,1.0,1751.0,1753.0,1716.0,1716.0,716700.0
2023-07-05,57270,1704.0,1737.0,1698.0,1720.0,0,0,659800.0,1133377400.0,1.0,1704.0,1737.0,1698.0,1720.0,659800.0
2023-07-06,57270,1703.0,1713.0,1681.0,1683.0,0,0,615600.0,1043673400.0,1.0,1703.0,1713.0,1681.0,1683.0,615600.0
2023-07-07,57270,1657.0,1675.0,1647.0,1667.0,0,0,435300.0,724508600.0,1.0,1657.0,1675.0,1647.0,1667.0,435300.0
2023-07-10,57270,1675.0,1687.0,1657.0,1665.0,0,0,300200.0,501187900.0,1.0,1675.0,1687.0,1657.0,1665.0,300200.0
2023-07-11,57270,1667.0,1682.0,1640.0,1640.0,0,0,468700.0,775431400.0,1.0,1667.0,1682.0,1640.0,1640.0,468700.0
2023-07-12,57270,1650.0,1664.0,1638.0,1643.0,0,0,392100.0,647368900.0,1.0,1650.0,1664.0,1638.0,1643.0,392100.0
2023-07-13,57270,1646.0,1664.0,1631.0,1640.0,0,0,349400.0,575111500.0,1.0,1646.0,1664.0,1631.0,1640.0,349400.0
2023-07-14,57270,1650.0,1656.0,1626.0,1639.0,0,0,431200.0,705408100.0,1.0,1650.0,1656.0,1626.0,1639.0,431200.0
2023-07-18,57270,1630.0,1664.0,1614.0,1656.0,0,0,470200.0,774402700.0,1.0,1630.0,1664.0,1614.0,1656.0,470200.0
2023-07-19,57270,1670.0,1691.0,1657.0,1684.0,0,0,437900.0,735387800.0,1.0,1670.0,1691.0,1657.0,1684.0,437900.0
2023-07-20,57270,1685.0,1709.0,1672.0,1703.0,0,0,556200.0,941135100.0,1.0,1685.0,1709.0,1672.0,1703.0,556200.0
2023-07-21,57270,1700.0,1718.0,1673.0,1707.0,0,0,599700.0,1019357600.0,1.0,1700.0,1718.0,1673.0,1707.0,599700.0
2023-07-24,57270,1715.0,1790.0,1702.0,1780.0,0,0,1554500.0,2746059500.0,1.0,1715.0,1790.0,1702.0,1780.0,1554500.0
2023-07-25,57270,1791.0,1910.0,1791.0,1879.0,0,0,3240300.0,6045491000.0,1.0,1791.0,1910.0,1791.0,1879.0,3240300.0
2023-07-26,57270,1867.0,1954.0,1827.0,1950.0,0,0,2441700.0,4666880900.0,1.0,1867.0,1954.0,1827.0,1950.0,2441700.0
2023-07-27,57270,1928.0,2000.0,1920.0,1988.0,0,0,2966500.0,5864731000.0,1.0,1928.0,2000.0,1920.0,1988.0,2966500.0
2023-07-28,57270,1868.0,1990.0,1824.0,1924.0,0,0,3784000.0,7246507400.0,1.0,1868.0,1990.0,1824.0,1924.0,3784000.0
2023-07-31,57270,1936.0,2032.0,1933.0,2027.0,0,0,2465800.0,4907805900.0,1.0,1936.0,2032.0,1933.0,2027.0,2465800.0
2023-08-01,57270,2034.0,2055.0,1997.0,2048.0,0,0,1435400.0,2917384700.0,1.0,2034.0,2055.0,1997.0,2048.0,1435400.0
2023-08-02,57270,2041.0,2140.0,2031.0,2070.0,0,0,1739900.0,3641002600.0,1.0,2041.0,2140.0,2031.0,2070.0,1739900.0
2023-08-03,57270,2032.0,2039.0,1956.0,1966.0,0,0,1106000.0,2196195500.0,1.0,2032.0,2039.0,1956.0,1966.0,1106000.0
2023-08-04,57270,1938.0,1975.0,1893.0,1901.0,0,0,873300.0,1685219800.0,1.0,1938.0,1975.0,1893.0,1901.0,873300.0
2023-08-07,57270,1853.0,1862.0,1811.0,1841.0,0,0,867600.0,1597526800.0,1.0,1853.0,1862.0,1811.0,1841.0,867600.0
2023-08-08,57270,1845.0,1854.0,1819.0,1848.0,0,0,575200.0,1058027500.0,1.0,1845.0,1854.0,1819.0,1848.0,575200.0
2023-08-09,57270,1859.0,1926.0,1853.0,1854.0,0,0,601600.0,1134558500.0,1.0,1859.0,1926.0,1853.0,1854.0,601600.0
2023-08-10,57270,1840.0,1882.0,1825.0,1864.0,0,0,372300.0,691562800.0,1.0,1840.0,1882.0,1825.0,1864.0,372300.0
2023-08-14,57270,1864.0,1900.0,1862.0,1900.0,0,0,387900.0,731168500.0,1.0,1864.0,1900.0,1862.0,1900.0,387900.0
2023-08-15,57270,1920.0,1939.0,1882.0,1937.0,0,0,535500.0,1023497300.0,1.0,1920.0,1939.0,1882.0,1937.0,535500.0
2023-08-16,57270,1935.0,1937.0,1890.0,1893.0,0,0,481100.0,918596600.0,1.0,1935.0,1937.0,1890.0,1893.0,481100.0
2023-08-17,57270,1864.0,1891.0,1846.0,1872.0,0,0,453400.0,846302600.0,1.0,1864.0,1891.0,1846.0,1872.0,453400.0
2023-08-18,57270,1845.0,1865.0,1816.0,1817.0,0,0,350200.0,643531700.0,1.0,1845.0,1865.0,1816.0,1817.0,350200.0
2023-08-21,57270,1793.0,1935.0,1791.0,1935.0,0,0,722900.0,1366064700.0,1.0,1793.0,1935.0,1791.0,1935.0,722900.0
2023-08-22,57270,1961.0,2010.0,1945.0,1971.0,0,0,887200.0,1759372700.0,1.0,1961.0,2010.0,1945.0,1971.0,887200.0
2023-08-23,57270,1968.0,2053.0,1945.0,2024.0,0,0,947800.0,1913512500.0,1.0,1968.0,2053.0,1945.0,2024.0,947800.0
2023-08-24,57270,2015.0,2068.0,1977.0,2052.0,0,0,1000500.0,2033342000.0,1.0,2015.0,2068.0,1977.0,2052.0,1000500.0
2023-08-25,57270,2006.0,2033.0,2000.0,2006.0,0,0,486800.0,979270700.0,1.0,2006.0,2033.0,2000.0,2006.0,486800.0
2023-08-28,57270,2020.0,2038.0,2002.0,2004.0,0,0,414700.0,835665900.0,1.0,2020.0,2038.0,2002.0,2004.0,414700.0
2023-08-29,57270,2025.0,2033.0,1971.0,1972.0,0,0,517200.0,1029621300.0,1.0,2025.0,2033.0,1971.0,1972.0,517200.0
2023-08-30,57270,1967.0,2010.0,1962.0,1967.0,0,0,378600.0,750560000.0,1.0,1967.0,2010.0,1962.0,1967.0,378600.0
2023-08-31,57270,1972.0,2002.0,1966.0,1976.0,0,0,452100.0,896906200.0,1.0,1972.0,2002.0,1966.0,1976.0,452100.0
2023-09-01,57270,1972.0,2031.0,1968.0,2025.0,0,0,647500.0,1300543400.0,1.0,1972.0,2031.0,1968.0,2025.0,647500.0
2023-09-04,57270,2031.0,2068.0,2025.0,2046.0,0,0,469200.0,962045800.0,1.0,2031.0,2068.0,2025.0,2046.0,469200.0
2023-09-05,57270,2050.0,2054.0,2014.0,2022.0,0,0,352700.0,714671100.0,1.0,2050.0,2054.0,2014.0,2022.0,352700.0
2023-09-06,57270,2015.0,2021.0,1988.0,1994.0,0,0,486200.0,972318500.0,1.0,2015.0,2021.0,1988.0,1994.0,486200.0
2023-09-07,57270,1978.0,1982.0,1896.0,1897.0,0,0,822800.0,1590423200.0,1.0,1978.0,1982.0,1896.0,1897.0,822800.0
2023-09-08,57270,1875.0,1900.0,1856.0,1863.0,0,0,605900.0,1134051200.0,1.0,1875.0,1900.0,1856.0,1863.0,605900.0
2023-09-11,57270,1881.0,1884.0,1815.0,1842.0,0,0,623400.0,1146741100.0,1.0,1881.0,1884.0,1815.0,1842.0,623400.0
2023-09-12,57270,1846.0,1855.0,1813.0,1819.0,0,0,446600.0,814924300.0,1.0,1846.0,1855.0,1813.0,1819.0,446600.0
2023-09-13,57270,1816.0,1843.0,1813.0,1827.0,0,0,296000.0,541275300.0,1.0,1816.0,1843.0,1813.0,1827.0,296000.0
2023-09-14,57270,1822.0,1829.0,1797.0,1805.0,0,0,544200.0,985284500.0,1.0,1822.0,1829.0,1797.0,1805.0,544200.0
2023-09-15,57270,1826.0,1916.0,1805.0,1912.0,0,0,862500.0,1620618000.0,1.0,1826.0,1916.0,1805.0,1912.0,862500.0
2023-09-19,57270,1902.0,1954.0,1890.0,1950.0,0,0,532500.0,1031245700.0,1.0,1902.0,1954.0,1890.0,1950.0,532500.0
2023-09-20,57270,1951.0,1960.0,1914.0,1949.0,0,0,474200.0,918214100.0,1.0,1951.0,1960.0,1914.0,1949.0,474200.0
2023-09-21,57270,1948.0,2032.0,1948.0,1974.0,0,0,926400.0,1848124500.0,1.0,1948.0,2032.0,1948.0,1974.0,926400.0
2023-09-22,57270,1955.0,1971.0,1903.0,1951.0,0,0,355600.0,689830300.0,1.0,1955.0,1971.0,1903.0,1951.0,355600.0
2023-09-25,57270,1925.0,1939.0,1909.0,1910.0,0,0,323600.0,620742100.0,1.0,1925.0,1939.0,1909.0,1910.0,323600.0
2023-09-26,57270,1920.0,1927.0,1888.0,1888.0,0,0,303900.0,576883300.0,1.0,1920.0,1927.0,1888.0,1888.0,303900.0
2023-09-27,57270,1864.0,1864.0,1822.0,1834.0,0,0,552900.0,1013496400.0,1.0,1864.0,1864.0,1822.0,1834.0,552900.0
2023-09-28,57270,1845.0,1893.0,1824.0,1826.0,0,0,664400.0,1228431600.0,1.0,1845.0,1893.0,1824.0,1826.0,664400.0
2023-09-29,57270,1824.0,1824.0,1780.0,1793.0,0,0,689900.0,1237323500.0,1.0,1824.0,1824.0,1780.0,1793.0,689900.0
2023-10-02,57270,1767.0,1819.0,1745.0,1745.0,0,0,830700.0,1471398800.0,1.0,1767.0,1819.0,1745.0,1745.0,830700.0
2023-10-03,57270,1717.0,1732.0,1690.0,1690.0,0,0,635700.0,1084847800.0,1.0,1717.0,1732.0,1690.0,1690.0,635700.0
2023-10-04,57270,1666.0,1681.0,1632.0,1663.0,0,0,670600.0,1111203000.0,1.0,1666.0,1681.0,1632.0,1663.0,670600.0
2023-10-05,57270,1668.0,1747.0,1664.0,1743.0,0,0,741800.0,1279971900.0,1.0,1668.0,1747.0,1664.0,1743.0,741800.0
2023-10-06,57270,1748.0,1762.0,1724.0,1738.0,0,0,411300.0,716899700.0,1.0,1748.0,1762.0,1724.0,1738.0,411300.0
2023-10-10,57270,1760.0,1915.0,1757.0,1848.0,0,0,1641300.0,3033923800.0,1.0,1760.0,1915.0,1757.0,1848.0,1641300.0
2023-10-11,57270,1835.0,1860.0,1819.0,1830.0,0,0,534500.0,984303200.0,1.0,1835.0,1860.0,1819.0,1830.0,534500.0
2023-10-12,57270,1822.0,1913.0,1801.0,1906.0,0,0,804300.0,1505744700.0,1.0,1822.0,1913.0,1801.0,1906.0,804300.0
2023-10-13,57270,1886.0,1935.0,1876.0,1899.0,0,0,655200.0,1241744500.0,1.0,1886.0,1935.0,1876.0,1899.0,655200.0
2023-10-16,57270,1880.0,1884.0,1824.0,1873.0,0,0,408600.0,757356300.0,1.0,1880.0,1884.0,1824.0,1873.0,408600.0
2023-10-17,57270,1910.0,1913.0,1856.0,1875.0,0,0,417400.0,784831300.0,1.0,1910.0,1913.0,1856.0,1875.0,417400.0
2023-10-18,57270,1893.0,1896.0,1853.0,1878.0,0,0,235800.0,441697700.0,1.0,1893.0,1896.0,1853.0,1878.0,235800.0
2023-10-19,57270,1845.0,1862.0,1836.0,1841.0,0,0,285800.0,528288500.0,1.0,1845.0,1862.0,1836.0,1841.0,285800.0
2023-10-20,57270,1827.0,1853.0,1818.0,1818.0,0,0,338700.0,620560200.0,1.0,1827.0,1853.0,1818.0,1818.0,338700.0
2023-10-23,57270,1798.0,1814.0,1714.0,1738.0,0,0,727900.0,1275805400.0,1.0,1798.0,1814.0,1714.0,1738.0,727900.0
2023-10-24,57270,1743.0,1782.0,1728.0,1762.0,0,0,669700.0,1173458000.0,1.0,1743.0,1782.0,1728.0,1762.0,669700.0
2023-10-25,57270,1788.0,1829.0,1771.0,1792.0,0,0,479500.0,864711800.0,1.0,1788.0,1829.0,1771.0,1792.0,479500.0
2023-10-26,57270,1752.0,1780.0,1731.0,1734.0,0,0,594900.0,1042475400.0,1.0,1752.0,1780.0,1731.0,1734.0,594900.0
2023-10-27,57270,1854.0,1926.0,1786.0,1875.0,0,0,4186300.0,7842291800.0,1.0,1854.0,1926.0,1786.0,1875.0,4186300.0
2023-10-30,57270,1901.0,1922.0,1788.0,1883.0,0,0,2177100.0,4068010000.0,1.0,1901.0,1922.0,1788.0,1883.0,2177100.0
2023-10-31,57270,1862.0,1950.0,1807.0,1944.0,0,0,1290400.0,2436400900.0,1.0,1862.0,1950.0,1807.0,1944.0,1290400.0
2023-11-01,57270,1984.0,2052.0,1975.0,1992.0,0,0,1335700.0,2682685000.0,1.0,1984.0,2052.0,1975.0,1992.0,1335700.0
2023-11-02,57270,2002.0,2009.0,1968.0,1981.0,0,0,642500.0,1276901700.0,1.0,2002.0,2009.0,1968.0,1981.0,642500.0
2023-11-06,57270,2021.0,2055.0,1984.0,1998.0,0,0,995900.0,2010598700.0,1.0,2021.0,2055.0,1984.0,1998.0,995900.0
2023-11-07,57270,1998.0,2009.0,1945.0,1984.0,0,0,744300.0,1473495900.0,1.0,1998.0,2009.0,1945.0,1984.0,744300.0
2023-11-08,57270,1908.0,1933.0,1871.0,1885.0,0,0,816800.0,1544742100.0,1.0,1908.0,1933.0,1871.0,1885.0,816800.0
2023-11-09,57270,1869.0,1895.0,1804.0,1804.0,0,0,881300.0,1615747900.0,1.0,1869.0,1895.0,1804.0,1804.0,881300.0
2023-11-10,57270,1800.0,1836.0,1788.0,1800.0,0,0,654100.0,1180826700.0,1.0,1800.0,1836.0,1788.0,1800.0,654100.0
2023-11-13,57270,1832.0,1847.0,1802.0,1814.0,0,0,469300.0,855195700.0,1.0,1832.0,1847.0,1802.0,1814.0,469300.0
2023-11-14,57270,1839.0,1914.0,1820.0,1871.0,0,0,769700.0,1444468300.0,1.0,1839.0,1914.0,1820.0,1871.0,769700.0
2023-11-15,57270,1898.0,1943.0,1889.0,1934.0,0,0,563100.0,1082346400.0,1.0,1898.0,1943.0,1889.0,1934.0,563100.0
2023-11-16,57270,1934.0,1940.0,1900.0,1934.0,0,0,381500.0,733400900.0,1.0,1934.0,1940.0,1900.0,1934.0,381500.0
2023-11-17,57270,1918.0,1939.0,1893.0,1923.0,0,0,409100.0,784431100.0,1.0,1918.0,1939.0,1893.0,1923.0,409100.0
2023-11-20,57270,1939.0,1957.0,1916.0,1916.0,0,0,304800.0,590630100.0,1.0,1939.0,1957.0,1916.0,1916.0,304800.0
2023-11-21,57270,1930.0,2013.0,1911.0,1977.0,0,0,624000.0,1226532100.0,1.0,1930.0,2013.0,1911.0,1977.0,624000.0
2023-11-22,57270,1977.0,1983.0,1951.0,1957.0,0,0,361900.0,711433300.0,1.0,1977.0,1983.0,1951.0,1957.0,361900.0
2023-11-24,57270,1973.0,1980.0,1910.0,1910.0,0,0,398500.0,770003400.0,1.0,1973.0,1980.0,1910.0,1910.0,398500.0
2023-11-27,57270,1910.0,1912.0,1862.0,1871.0,0,0,429300.0,807799000.0,1.0,1910.0,1912.0,1862.0,1871.0,429300.0
2023-11-28,57270,1852.0,1873.0,1832.0,1834.0,0,0,357800.0,660654100.0,1.0,1852.0,1873.0,1832.0,1834.0,357800.0
2023-11-29,57270,1859.0,1867.0,1832.0,1837.0,0,0,307000.0,566606000.0,1.0,1859.0,1867.0,1832.0,1837.0,307000.0
2023-11-30,57270,1830.0,1837.0,1809.0,1831.0,0,0,365400.0,666561900.0,1.0,1830.0,1837.0,1809.0,1831.0,365400.0
2023-12-01,57270,1856.0,1932.0,1843.0,1930.0,0,0,733900.0,1394594800.0,1.0,1856.0,1932.0,1843.0,1930.0,733900.0
2023-12-04,57270,1913.0,1927.0,1841.0,1859.0,0,0,645200.0,1206183800.0,1.0,1913.0,1927.0,1841.0,1859.0,645200.0
2023-12-05,57270,1840.0,1873.0,1826.0,1859.0,0,0,382700.0,707722100.0,1.0,1840.0,1873.0,1826.0,1859.0,382700.0
2023-12-06,57270,1842.0,1884.0,1842.0,1863.0,0,0,279300.0,520863700.0,1.0,1842.0,1884.0,1842.0,1863.0,279300.0
2023-12-07,57270,1839.0,1841.0,1768.0,1791.0,0,0,759300.0,1364322400.0,1.0,1839.0,1841.0,1768.0,1791.0,759300.0
2023-12-08,57270,1770.0,1780.0,1744.0,1751.0,0,0,474100.0,833538500.0,1.0,1770.0,1780.0,1744.0,1751.0,474100.0
2023-12-11,57270,1782.0,1818.0,1755.0,1808.0,0,0,538800.0,966018500.0,1.0,1782.0,1818.0,1755.0,1808.0,538800.0
2023-12-12,57270,1833.0,1847.0,1811.0,1825.0,0,0,459000.0,839192200.0,1.0,1833.0,1847.0,1811.0,1825.0,459000.0
2023-12-13,57270,1824.0,1840.0,1796.0,1819.0,0,0,367000.0,667309900.0,1.0,1824.0,1840.0,1796.0,1819.0,367000.0
2023-12-14,57270,1809.0,1868.0,1771.0,1771.0,0,0,452200.0,816489900.0,1.0,1809.0,1868.0,1771.0,1771.0,452200.0
2023-12-15,57270,1769.0,1880.0,1768.0,1880.0,0,0,824300.0,1522886000.0,1.0,1769.0,1880.0,1768.0,1880.0,824300.0
2023-12-18,57270,1856.0,1870.0,1821.0,1836.0,0,0,434800.0,802857500.0,1.0,1856.0,1870.0,1821.0,1836.0,434800.0
2023-12-19,57270,1830.0,1836.0,1788.0,1823.0,0,0,451300.0,819323200.0,1.0,1830.0,1836.0,1788.0,1823.0,451300.0
2023-12-20,57270,1856.0,1918.0,1844.0,1910.0,0,0,830900.0,1569857500.0,1.0,1856.0,1918.0,1844.0,1910.0,830900.0
2023-12-21,57270,1883.0,1895.0,1861.0,1868.0,0,0,505300.0,948843200.0,1.0,1883.0,1895.0,1861.0,1868.0,505300.0
2023-12-22,57270,1863.0,1938.0,1860.0,1902.0,0,0,714600.0,1361467200.0,1.0,1863.0,1938.0,1860.0,1902.0,714600.0
2023-12-25,57270,1927.0,1931.0,1842.0,1843.0,0,0,477800.0,896711000.0,1.0,1927.0,1931.0,1842.0,1843.0,477800.0
2023-12-26,57270,1840.0,1853.0,1803.0,1809.0,0,0,455700.0,828633200.0,1.0,1840.0,1853.0,1803.0,1809.0,455700.0
2023-12-27,57270,1811.0,1889.0,1811.0,1881.0,0,0,594800.0,1104023700.0,1.0,1811.0,1889.0,1811.0,1881.0,594800.0
2023-12-28,57270,1881.0,1939.0,1849.0,1939.0,0,0,680100.0,1293064400.0,1.0,1881.0,1939.0,1849.0,1939.0,680100.0
2023-12-29,57270,1933.0,1937.0,1883.0,1896.0,0,0,402900.0,768539100.0,1.0,1933.0,1937.0,1883.0,1896.0,402900.0
2024-01-04,57270,1890.0,1908.0,1851.0,1886.0,0,0,356500.0,672910800.0,1.0,1890.0,1908.0,1851.0,1886.0,356500.0
2024-01-05,57270,1880.0,1894.0,1822.0,1842.0,0,0,566600.0,1047331900.0,1.0,1880.0,1894.0,1822.0,1842.0,566600.0
2024-01-09,57270,1843.0,1866.0,1813.0,1840.0,0,0,618300.0,1138288000.0,1.0,1843.0,1866.0,1813.0,1840.0,618300.0
2024-01-10,57270,1840.0,1903.0,1831.0,1865.0,0,0,559600.0,1046251800.0,1.0,1840.0,1903.0,1831.0,1865.0,559600.0
2024-01-11,57270,1878.0,1891.0,1864.0,1864.0,0,0,341100.0,640322800.0,1.0,1878.0,1891.0,1864.0,1864.0,341100.0
2024-01-12,57270,1859.0,1895.0,1821.0,1894.0,0,0,722000.0,1340985900.0,1.0,1859.0,1895.0,1821.0,1894.0,722000.0
2024-01-15,57270,1894.0,1895.0,1812.0,1821.0,0,0,990400.0,1817997900.0,1.0,1894.0,1895.0,1812.0,1821.0,990400.0
2024-01-16,57270,1836.0,1841.0,1757.0,1760.0,0,0,1206700.0,2151583900.0,1.0,1836.0,1841.0,1757.0,1760.0,1206700.0
2024-01-17,57270,1756.0,1778.0,1710.0,1710.0,0,0,962500.0,1672580300.0,1.0,1756.0,1778.0,1710.0,1710.0,962500.0
2024-01-18,57270,1702.0,1707.0,1662.0,1669.0,0,0,816700.0,1371022000.0,1.0,1702.0,1707.0,1662.0,1669.0,816700.0
2024-01-19,57270,1702.0,1729.0,1695.0,1719.0,0,0,624100.0,1068292900.0,1.0,1702.0,1729.0,1695.0,1719.0,624100.0
2024-01-22,57270,1740.0,1813.0,1722.0,1800.0,0,0,1151300.0,2056353200.0,1.0,1740.0,1813.0,1722.0,1800.0,1151300.0
2024-01-23,57270,1812.0,1818.0,1765.0,1784.0,0,0,726400.0,1298238300.0,1.0,1812.0,1818.0,1765.0,1784.0,726400.0
2024-01-24,57270,1790.0,1801.0,1772.0,1790.0,0,0,517100.0,922683500.0,1.0,1790.0,1801.0,1772.0,1790.0,517100.0
2024-01-25,57270,1800.0,1815.0,1754.0,1796.0,0,0,884300.0,1584833100.0,1.0,1800.0,1815.0,1754.0,1796.0,884300.0
2024-01-26,57270,1762.0,1965.0,1761.0,1907.0,0,0,5419900.0,10331354600.0,1.0,1762.0,1965.0,1761.0,1907.0,5419900.0
2024-01-29,57270,1887.0,1948.0,1876.0,1941.0,0,0,1260400.0,2413565100.0,1.0,1887.0,1948.0,1876.0,1941.0,1260400.0
2024-01-30,57270,1931.0,1985.0,1883.0,1917.0,0,0,1348500.0,2598389200.0,1.0,1931.0,1985.0,1883.0,1917.0,1348500.0
2024-01-31,57270,1892.0,1980.0,1857.0,1980.0,0,0,1146400.0,2205738100.0,1.0,1892.0,1980.0,1857.0,1980.0,1146400.0
2024-02-01,57270,1972.0,1983.0,1917.0,1941.0,0,0,743900.0,1447947200.0,1.0,1972.0,1983.0,1917.0,1941.0,743900.0
2024-02-02,57270,1943.0,1971.0,1913.0,1928.0,0,0,534400.0,1035560400.0,1.0,1943.0,1971.0,1913.0,1928.0,534400.0
2024-02-05,57270,1940.0,1942.0,1886.0,1897.0,0,0,612600.0,1170732700.0,1.0,1940.0,1942.0,1886.0,1897.0,612600.0
2024-02-06,57270,1880.0,1891.0,1843.0,1843.0,0,0,642800.0,1192633700.0,1.0,1880.0,1891.0,1843.0,1843.0,642800.0
2024-02-07,57270,1840.0,1911.0,1831.0,1860.0,0,0,725900.0,1363489100.0,1.0,1840.0,1911.0,1831.0,1860.0,725900.0
2024-02-08,57270,1842.0,1880.0,1825.0,1847.0,0,0,538400.0,997061600.0,1.0,1842.0,1880.0,1825.0,1847.0,538400.0
2024-02-09,57270,1835.0,1846.0,1781.0,1781.0,0,0,710500.0,1282636300.0,1.0,1835.0,1846.0,1781.0,1781.0,710500.0
2024-02-13,57270,1800.0,1846.0,1787.0,1830.0,0,0,631200.0,1147149900.0,1.0,1800.0,1846.0,1787.0,1830.0,631200.0
2024-02-14,57270,1790.0,1807.0,1770.0,1771.0,0,0,571300.0,1018695400.0,1.0,1790.0,1807.0,1770.0,1771.0,571300.0
2024-02-15,57270,1771.0,1779.0,1726.0,1738.0,0,0,535800.0,935790900.0,1.0,1771.0,1779.0,1726.0,1738.0,535800.0
2024-02-16,57270,1747.0,1779.0,1745.0,1753.0,0,0,514400.0,903536100.0,1.0,1747.0,1779.0,1745.0,1753.0,514400.0
2024-02-19,57270,1746.0,1765.0,1722.0,1756.0,0,0,485500.0,846435300.0,1.0,1746.0,1765.0,1722.0,1756.0,485500.0
2024-02-20,57270,1768.0,1768.0,1736.0,1749.0,0,0,374900.0,655579900.0,1.0,1768.0,1768.0,1736.0,1749.0,374900.0
2024-02-21,57270,1735.0,1743.0,1712.0,1722.0,0,0,455700.0,785081100.0,1.0,1735.0,1743.0,1712.0,1722.0,455700.0
2024-02-22,57270,1737.0,1751.0,1716.0,1740.0,0,0,375400.0,650032200.0,1.0,1737.0,1751.0,1716.0,1740.0,375400.0
2024-02-26,57270,1744.0,1747.0,1706.0,1711.0,0,0,600800.0,1032488600.0,1.0,1744.0,1747.0,1706.0,1711.0,600800.0
2024-02-27,57270,1708.0,1716.0,1667.0,1685.0,0,0,1098400.0,1848720300.0,1.0,1708.0,1716.0,1667.0,1685.0,1098400.0
2024-02-28,57270,1685.0,1697.0,1666.0,1683.0,0,0,585400.0,983938300.0,1.0,1685.0,1697.0,1666.0,1683.0,585400.0
2024-02-29,57270,1671.0,1676.0,1637.0,1644.0,0,0,758600.0,1251704800.0,1.0,1671.0,1676.0,1637.0,1644.0,758600.0
2024-03-01,57270,1662.0,1681.0,1644.0,1652.0,0,0,979900.0,1630096800.0,1.0,1662.0,1681.0,1644.0,1652.0,979900.0
2024-03-04,57270,1648.0,1662.0,1630.0,1635.0,0,0,548100.0,898930000.0,1.0,1648.0,1662.0,1630.0,1635.0,548100.0
2024-03-05,57270,1630.0,1636.0,1596.0,1626.0,0,0,452200.0,731616700.0,1.0,1630.0,1636.0,1596.0,1626.0,452200.0
2024-03-06,57270,1611.0,1644.0,1598.0,1631.0,0,0,330900.0,538299700.0,1.0,1611.0,1644.0,1598.0,1631.0,330900.0
2024-03-07,57270,1638.0,1640.0,1597.0,1598.0,0,0,554800.0,891397600.0,1.0,1638.0,1640.0,1597.0,1598.0,554800.0
2024-03-08,57270,1591.0,1603.0,1573.0,1595.0,0,0,394500.0,627399000.0,1.0,1591.0,1603.0,1573.0,1595.0,394500.0
2024-03-11,57270,1582.0,1582.0,1514.0,1519.0,0,0,650100.0,1000592600.0,1.0,1582.0,1582.0,1514.0,1519.0,650100.0
2024-03-12,57270,1493.0,1496.0,1442.0,1467.0,0,0,892800.0,1305397300.0,1.0,1493.0,1496.0,1442.0,1467.0,892800.0
2024-03-13,57270,1473.0,1480.0,1431.0,1443.0,0,0,609000.0,884695300.0,1.0,1473.0,1480.0,1431.0,1443.0,609000.0
2024-03-14,57270,1465.0,1511.0,1452.0,1488.0,0,0,890800.0,1319765900.0,1.0,1465.0,1511.0,1452.0,1488.0,890800.0
2024-03-15,57270,1495.0,1509.0,1461.0,1490.0,0,0,717000.0,1070193300.0,1.0,1495.0,1509.0,1461.0,1490.0,717000.0
2024-03-18,57270,1507.0,1528.0,1484.0,1526.0,0,0,494700.0,745983700.0,1.0,1507.0,1528.0,1484.0,1526.0,494700.0
2024-03-19,57270,1543.0,1550.0,1523.0,1539.0,0,0,632000.0,970789400.0,1.0,1543.0,1550.0,1523.0,1539.0,632000.0
2024-03-21,57270,1555.0,1596.0,1546.0,1579.0,0,0,821600.0,1296429000.0,1.0,1555.0,1596.0,1546.0,1579.0,821600.0
2024-03-22,57270,1584.0,1589.0,1545.0,1568.0,0,0,527700.0,822777900.0,1.0,1584.0,1589.0,1545.0,1568.0,527700.0
2024-03-25,57270,1552.0,1564.0,1528.0,1532.0,0,0,471500.0,728092100.0,1.0,1552.0,1564.0,1528.0,1532.0,471500.0
2024-03-26,57270,1523.0,1527.0,1507.0,1523.0,0,0,317600.0,482222500.0,1.0,1523.0,1527.0,1507.0,1523.0,317600.0
2024-03-27,57270,1524.0,1555.0,1524.0,1543.0,0,0,417500.0,645266500.0,1.0,1524.0,1555.0,1524.0,1543.0,417500.0
2024-03-28,57270,1548.0,1567.0,1532.0,1565.0,0,0,407200.0,632891900.0,1.0,1548.0,1567.0,1532.0,1565.0,407200.0
2024-03-29,57270,1565.0,1578.0,1552.0,1562.0,0,0,394800.0,617961200.0,1.0,1565.0,1578.0,1552.0,1562.0,394800.0
2024-04-01,57270,1578.0,1581.0,1542.0,1560.0,0,0,448000.0,697712300.0,1.0,1578.0,1581.0,1542.0,1560.0,448000.0
2024-04-02,57270,1568.0,1570.0,1520.0,1528.0,0,0,415800.0,638451600.0,1.0,1568.0,1570.0,1520.0,1528.0,415800.0
2024-04-03,57270,1509.0,1534.0,1493.0,1513.0,0,0,396900.0,600339300.0,1.0,1509.0,1534.0,1493.0,1513.0,396900.0
2024-04-04,57270,1534.0,1545.0,1514.0,1525.0,0,0,321100.0,491737500.0,1.0,1534.0,1545.0,1514.0,1525.0,321100.0
2024-04-05,57270,1500.0,1508.0,1472.0,1493.0,0,0,429200.0,640149800.0,1.0,1500.0,1508.0,1472.0,1493.0,429200.0
2024-04-08,57270,1509.0,1523.0,1485.0,1494.0,0,0,420300.0,631089300.0,1.0,1509.0,1523.0,1485.0,1494.0,420300.0
2024-04-09,57270,1496.0,1518.0,1478.0,1510.0,0,0,456600.0,684477200.0,1.0,1496.0,1518.0,1478.0,1510.0,456600.0
2024-04-10,57270,1509.0,1525.0,1488.0,1496.0,0,0,312500.0,470141600.0,1.0,1509.0,1525.0,1488.0,1496.0,312500.0
2024-04-11,57270,1481.0,1490.0,1448.0,1449.0,0,0,431700.0,632071500.0,1.0,1481.0,1490.0,1448.0,1449.0,431700.0
2024-04-12,57270,1456.0,1465.0,1444.0,1463.0,0,0,295000.0,429050500.0,1.0,1456.0,1465.0,1444.0,1463.0,295000.0
2024-04-15,57270,1446.0,1453.0,1420.0,1432.0,0,0,420000.0,602693500.0,1.0,1446.0,1453.0,1420.0,1432.0,420000.0
2024-04-16,57270,1418.0,1419.0,1377.0,1379.0,0,0,550700.0,767084400.0,1.0,1418.0,1419.0,1377.0,1379.0,550700.0
2024-04-17,57270,1375.0,1383.0,1335.0,1345.0,0,0,553900.0,748977100.0,1.0,1375.0,1383.0,1335.0,1345.0,553900.0
2024-04-18,57270,1353.0,1432.0,1353.0,1411.0,0,0,842400.0,1187485900.0,1.0,1353.0,1432.0,1353.0,1411.0,842400.0
2024-04-19,57270,1396.0,1396.0,1347.0,1350.0,0,0,906800.0,1235133800.0,1.0,1396.0,1396.0,1347.0,1350.0,906800.0
2024-04-22,57270,1370.0,1408.0,1362.0,1391.0,0,0,518700.0,721256000.0,1.0,1370.0,1408.0,1362.0,1391.0,518700.0
2024-04-23,57270,1409.0,1423.0,1376.0,1382.0,0,0,262700.0,364689300.0,1.0,1409.0,1423.0,1376.0,1382.0,262700.0
2024-04-24,57270,1378.0,1390.0,1366.0,1370.0,0,0,332000.0,457250200.0,1.0,1378.0,1390.0,1366.0,1370.0,332000.0
2024-04-25,57270,1359.0,1366.0,1346.0,1351.0,0,0,274200.0,371183100.0,1.0,1359.0,1366.0,1346.0,1351.0,274200.0
2024-04-26,57270,1327.0,1365.0,1325.0,1365.0,0,0,556100.0,751061500.0,1.0,1327.0,1365.0,1325.0,1365.0,556100.0
2024-04-30,57270,1380.0,1382.0,1352.0,1366.0,0,0,408100.0,558669700.0,1.0,1380.0,1382.0,1352.0,1366.0,408100.0
2024-05-01,57270,1359.0,1387.0,1342.0,1374.0,0,0,669500.0,912700100.0,1.0,1359.0,1387.0,1342.0,1374.0,669500.0
2024-05-02,57270,1364.0,1389.0,1361.0,1374.0,0,0,303600.0,417669900.0,1.0,1364.0,1389.0,1361.0,1374.0,303600.0
2024-05-07,57270,1400.0,1406.0,1376.0,1397.0,0,0,596500.0,829744900.0,1.0,1400.0,1406.0,1376.0,1397.0,596500.0
2024-05-08,57270,1388.0,1422.0,1374.0,1382.0,0,0,1342600.0,1878242700.0,1.0,1388.0,1422.0,1374.0,1382.0,1342600.0
2024-05-09,57270,1232.0,1334.0,1232.0,1278.0,0,0,2237900.0,2871174000.0,1.0,1232.0,1334.0,1232.0,1278.0,2237900.0
2024-05-10,57270,1291.0,1300.0,1241.0,1256.0,0,0,1232000.0,1550437000.0,1.0,1291.0,1300.0,1241.0,1256.0,1232000.0
2024-05-13,57270,1259.0,1301.0,1240.0,1247.0,0,0,1284100.0,1618258600.0,1.0,1259.0,1301.0,1240.0,1247.0,1284100.0
2024-05-14,57270,1235.0,1266.0,1222.0,1255.0,0,0,1002500.0,1247144500.0,1.0,1235.0,1266.0,1222.0,1255.0,1002500.0
2024-05-15,57270,1274.0,1335.0,1261.0,1310.0,0,0,1087800.0,1418691500.0,1.0,1274.0,1335.0,1261.0,1310.0,1087800.0
2024-05-16,57270,1315.0,1318.0,1234.0,1234.0,0,0,892500.0,1120587400.0,1.0,1315.0,1318.0,1234.0,1234.0,892500.0
2024-05-17,57270,1230.0,1235.0,1217.0,1218.0,0,0,589700.0,721990500.0,1.0,1230.0,1235.0,1217.0,1218.0,589700.0
2024-05-20,57270,1210.0,1240.0,1196.0,1220.0,0,0,764200.0,931638500.0,1.0,1210.0,1240.0,1196.0,1220.0,764200.0
2024-05-21,57270,1207.0,1221.0,1184.0,1184.0,0,0,917900.0,1100891100.0,1.0,1207.0,1221.0,1184.0,1184.0,917900.0
2024-05-22,57270,1159.0,1166.0,1142.0,1142.0,0,0,882100.0,1015742100.0,1.0,1159.0,1166.0,1142.0,1142.0,882100.0
2024-05-23,57270,1140.0,1156.0,1119.0,1145.0,0,0,675400.0,770323500.0,1.0,1140.0,1156.0,1119.0,1145.0,675400.0
2024-05-24,57270,1115.0,1132.0,1102.0,1117.0,0,0,718600.0,803486400.0,1.0,1115.0,1132.0,1102.0,1117.0,718600.0
2024-05-27,57270,1135.0,1198.0,1128.0,1193.0,0,0,979200.0,1145202300.0,1.0,1135.0,1198.0,1128.0,1193.0,979200.0
2024-05-28,57270,1199.0,1218.0,1173.0,1188.0,0,0,1081100.0,1290403200.0,1.0,1199.0,1218.0,1173.0,1188.0,1081100.0
2024-05-29,57270,1210.0,1239.0,1200.0,1227.0,0,0,976300.0,1194947000.0,1.0,1210.0,1239.0,1200.0,1227.0,976300.0
2024-05-30,57270,1200.0,1276.0,1186.0,1252.0,0,0,1427900.0,1764424000.0,1.0,1200.0,1276.0,1186.0,1252.0,1427900.0
2024-05-31,57270,1264.0,1302.0,1258.0,1285.0,0,0,1570100.0,2009384500.0,1.0,1264.0,1302.0,1258.0,1285.0,1570100.0
2024-06-03,57270,1300.0,1300.0,1256.0,1269.0,0,0,1153800.0,1472131200.0,1.0,1300.0,1300.0,1256.0,1269.0,1153800.0
2024-06-04,57270,1269.0,1309.0,1257.0,1306.0,0,0,616800.0,793863700.0,1.0,1269.0,1309.0,1257.0,1306.0,616800.0
2024-06-05,57270,1293.0,1299.0,1251.0,1256.0,0,0,581800.0,741047900.0,1.0,1293.0,1299.0,1251.0,1256.0,581800.0
2024-06-06,57270,1275.0,1283.0,1240.0,1259.0,0,0,394200.0,494954400.0,1.0,1275.0,1283.0,1240.0,1259.0,394200.0
2024-06-07,57270,1266.0,1284.0,1247.0,1262.0,0,0,505500.0,637394500.0,1.0,1266.0,1284.0,1247.0,1262.0,505500.0
2024-06-10,57270,1249.0,1293.0,1247.0,1286.0,0,0,467600.0,596686900.0,1.0,1249.0,1293.0,1247.0,1286.0,467600.0
2024-06-11,57270,1284.0,1302.0,1274.0,1276.0,0,0,427700.0,548842100.0,1.0,1284.0,1302.0,1274.0,1276.0,427700.0
2024-06-12,57270,1264.0,1320.0,1263.0,1314.0,0,0,643400.0,840709300.0,1.0,1264.0,1320.0,1263.0,1314.0,643400.0
2024-06-13,57270,1300.0,1325.0,1290.0,1293.0,0,0,808600.0,1053880000.0,1.0,1300.0,1325.0,1290.0,1293.0,808600.0
2024-06-14,57270,1300.0,1338.0,1298.0,1336.0,0,0,641200.0,849467300.0,1.0,1300.0,1338.0,1298.0,1336.0,641200.0
2024-06-17,57270,1335.0,1347.0,1303.0,1323.0,0,0,815500.0,1072784800.0,1.0,1335.0,1347.0,1303.0,1323.0,815500.0
2024-06-18,57270,1333.0,1343.0,1305.0,1332.0,0,0,400400.0,529955100.0,1.0,1333.0,1343.0,1305.0,1332.0,400400.0
2024-06-19,57270,1334.0,1374.0,1325.0,1337.0,0,0,681200.0,919955300.0,1.0,1334.0,1374.0,1325.0,1337.0,681200.0
2024-06-20,57270,1349.0,1358.0,1342.0,1352.0,0,0,360100.0,486319700.0,1.0,1349.0,1358.0,1342.0,1352.0,360100.0
2024-06-21,57270,1363.0,1389.0,1353.0,1371.0,0,0,644100.0,883803800.0,1.0,1363.0,1389.0,1353.0,1371.0,644100.0
2024-06-24,57270,1371.0,1411.0,1361.0,1402.0,0,0,734800.0,1018061100.0,1.0,1371.0,1411.0,1361.0,1402.0,734800.0
2024-06-25,57270,1415.0,1436.0,1407.0,1430.0,0,0,882500.0,1258145000.0,1.0,1415.0,1436.0,1407.0,1430.0,882500.0
2024-06-26,57270,1401.0,1429.0,1381.0,1427.0,0,0,954600.0,1342316100.0,1.0,1401.0,1429.0,1381.0,1427.0,954600.0
2024-06-27,57270,1430.0,1474.0,1419.0,1465.0,0,0,950500.0,1385379400.0,1.0,1430.0,1474.0,1419.0,1465.0,950500.0
2024-06-28,57270,1469.0,1489.0,1432.0,1434.0,0,0,858800.0,1249630100.0,1.0,1469.0,1489.0,1432.0,1434.0,858800.0
2024-07-01,57270,1419.0,1436.0,1394.0,1424.0,0,0,586800.0,829841500.0,1.0,1419.0,1436.0,1394.0,1424.0,586800.0
2024-07-02,57270,1430.0,1440.0,1401.0,1415.0,0,0,423600.0,599767600.0,1.0,1430.0,1440.0,1401.0,1415.0,423600.0
2024-07-03,57270,1415.0,1427.0,1401.0,1424.0,0,0,446000.0,630480500.0,1.0,1415.0,1427.0,1401.0,1424.0,446000.0
2024-07-04,57270,1432.0,1467.0,1423.0,1463.0,0,0,468500.0,681771500.0,1.0,1432.0,1467.0,1423.0,1463.0,468500.0
2024-07-05,57270,1478.0,1484.0,1454.0,1459.0,0,0,320400.0,469164300.0,1.0,1478.0,1484.0,1454.0,1459.0,320400.0
2024-07-08,57270,1464.0,1497.0,1459.0,1470.0,0,0,577300.0,852730700.0,1.0,1464.0,1497.0,1459.0,1470.0,577300.0
2024-07-09,57270,1468.0,1481.0,1457.0,1466.0,0,0,412300.0,605432000.0,1.0,1468.0,1481.0,1457.0,1466.0,412300.0
2024-07-10,57270,1465.0,1465.0,1442.0,1450.0,0,0,524000.0,760648800.0,1.0,1465.0,1465.0,1442.0,1450.0,524000.0
2024-07-11,57270,1466.0,1515.0,1450.0,1486.0,0,0,730000.0,1086347400.0,1.0,1466.0,1515.0,1450.0,1486.0,730000.0
2024-07-12,57270,1472.0,1533.0,1471.0,1515.0,0,0,766400.0,1157943700.0,1.0,1472.0,1533.0,1471.0,1515.0,766400.0
2024-07-16,57270,1499.0,1499.0,1462.0,1483.0,0,0,721200.0,1066381800.0,1.0,1499.0,1499.0,1462.0,1483.0,721200.0
2024-07-17,57270,1500.0,1522.0,1477.0,1517.0,0,0,898200.0,1351876400.0,1.0,1500.0,1522.0,1477.0,1517.0,898200.0
2024-07-18,57270,1493.0,1513.0,1441.0,1444.0,0,0,1066400.0,1571330200.0,1.0,1493.0,1513.0,1441.0,1444.0,1066400.0
2024-07-19,57270,1429.0,1437.0,1400.0,1413.0,0,0,619400.0,879545400.0,1.0,1429.0,1437.0,1400.0,1413.0,619400.0
2024-07-22,57270,1408.0,1411.0,1365.0,1365.0,0,0,597600.0,825264100.0,1.0,1408.0,1411.0,1365.0,1365.0,597600.0
2024-07-23,57270,1389.0,1424.0,1385.0,1415.0,0,0,414300.0,583718600.0,1.0,1389.0,1424.0,1385.0,1415.0,414300.0
2024-07-24,57270,1409.0,1426.0,1383.0,1388.0,0,0,355500.0,497907600.0,1.0,1409.0,1426.0,1383.0,1388.0,355500.0
2024-07-25,57270,1365.0,1371.0,1339.0,1339.0,0,0,542600.0,732960900.0,1.0,1365.0,1371.0,1339.0,1339.0,542600.0
2024-07-26,57270,1340.0,1351.0,1329.0,1333.0,0,0,387500.0,519053500.0,1.0,1340.0,1351.0,1329.0,1333.0,387500.0
2024-07-29,57270,1358.0,1396.0,1350.0,1378.0,0,0,351100.0,484158100.0,1.0,1358.0,1396.0,1350.0,1378.0,351100.0
2024-07-30,57270,1365.0,1386.0,1351.0,1355.0,0,0,341600.0,465087200.0,1.0,1365.0,1386.0,1351.0,1355.0,341600.0
2024-07-31,57270,1350.0,1386.0,1344.0,1381.0,0,0,372400.0,509280800.0,1.0,1350.0,1386.0,1344.0,1381.0,372400.0
2024-08-01,57270,1369.0,1378.0,1311.0,1336.0,0,0,670100.0,899005400.0,1.0,1369.0,1378.0,1311.0,1336.0,670100.0
2024-08-02,57270,1285.0,1312.0,1275.0,1275.0,0,0,866500.0,1117054000.0,1.0,1285.0,1312.0,1275.0,1275.0,866500.0
2024-08-05,57270,1172.0,1174.0,983.0,989.0,0,0,1454700.0,1578848100.0,1.0,1172.0,1174.0,983.0,989.0,1454700.0
2024-08-06,57270,1094.0,1139.0,1070.0,1127.0,1,0,1775200.0,1991848200.0,1.0,1094.0,1139.0,1070.0,1127.0,1775200.0
2024-08-07,57270,1111.0,1217.0,1097.0,1207.0,0,0,1445000.0,1692527000.0,1.0,1111.0,1217.0,1097.0,1207.0,1445000.0
2024-08-08,57270,1179.0,1208.0,1126.0,1166.0,0,0,1253700.0,1460758000.0,1.0,1179.0,1208.0,1126.0,1166.0,1253700.0
2024-08-09,57270,1196.0,1204.0,1152.0,1178.0,0,0,677700.0,800542300.0,1.0,1196.0,1204.0,1152.0,1178.0,677700.0
2024-08-13,57270,1195.0,1197.0,1163.0,1178.0,0,0,748400.0,882188800.0,1.0,1195.0,1197.0,1163.0,1178.0,748400.0
2024-08-14,57270,1177.0,1220.0,1167.0,1199.0,0,0,477000.0,572547500.0,1.0,1177.0,1220.0,1167.0,1199.0,477000.0
2024-08-15,57270,1163.0,1171.0,1143.0,1161.0,0,0,1078400.0,1246109600.0,1.0,1163.0,1171.0,1143.0,1161.0,1078400.0
2024-08-16,57270,1209.0,1259.0,1203.0,1234.0,0,0,1091400.0,1343032200.0,1.0,1209.0,1259.0,1203.0,1234.0,1091400.0
2024-08-19,57270,1225.0,1225.0,1195.0,1196.0,0,0,572200.0,690666300.0,1.0,1225.0,1225.0,1195.0,1196.0,572200.0
2024-08-20,57270,1226.0,1246.0,1211.0,1224.0,0,0,486600.0,598611200.0,1.0,1226.0,1246.0,1211.0,1224.0,486600.0
2024-08-21,57270,1196.0,1205.0,1179.0,1182.0,0,0,550800.0,654744100.0,1.0,1196.0,1205.0,1179.0,1182.0,550800.0
2024-08-22,57270,1178.0,1188.0,1161.0,1165.0,0,0,411300.0,481722700.0,1.0,1178.0,1188.0,1161.0,1165.0,411300.0
2024-08-23,57270,1157.0,1175.0,1147.0,1174.0,0,0,504500.0,584877200.0,1.0,1157.0,1175.0,1147.0,1174.0,504500.0
2024-08-26,57270,1157.0,1170.0,1143.0,1162.0,0,0,396500.0,459113500.0,1.0,1157.0,1170.0,1143.0,1162.0,396500.0
2024-08-27,57270,1169.0,1254.0,1160.0,1249.0,0,0,1210400.0,1475876800.0,1.0,1169.0,1254.0,1160.0,1249.0,1210400.0
2024-08-28,57270,1249.0,1251.0,1213.0,1225.0,0,0,449200.0,551161700.0,1.0,1249.0,1251.0,1213.0,1225.0,449200.0
2024-08-29,57270,1200.0,1216.0,1187.0,1197.0,0,0,387300.0,465313000.0,1.0,1200.0,1216.0,1187.0,1197.0,387300.0
2024-08-30,57270,1205.0,1218.0,1194.0,1206.0,0,0,370300.0,446783300.0,1.0,1205.0,1218.0,1194.0,1206.0,370300.0
2024-09-02,57270,1226.0,1226.0,1183.0,1196.0,0,0,551400.0,660376700.0,1.0,1226.0,1226.0,1183.0,1196.0,551400.0
2024-09-03,57270,1256.0,1304.0,1248.0,1261.0,0,0,1466500.0,1873366900.0,1.0,1256.0,1304.0,1248.0,1261.0,1466500.0
2024-09-04,57270,1190.0,1215.0,1165.0,1165.0,0,0,939400.0,1116876400.0,1.0,1190.0,1215.0,1165.0,1165.0,939400.0
2024-09-05,57270,1155.0,1186.0,1138.0,1139.0,0,0,619500.0,717461100.0,1.0,1155.0,1186.0,1138.0,1139.0,619500.0
2024-09-06,57270,1144.0,1150.0,1112.0,1123.0,0,0,419600.0,472919500.0,1.0,1144.0,1150.0,1112.0,1123.0,419600.0
2024-09-09,57270,1061.0,1082.0,1053.0,1070.0,0,0,647500.0,690117500.0,1.0,1061.0,1082.0,1053.0,1070.0,647500.0
2024-09-10,57270,1073.0,1076.0,1034.0,1034.0,0,0,743700.0,779835600.0,1.0,1073.0,1076.0,1034.0,1034.0,743700.0
2024-09-11,57270,1020.0,1025.0,996.0,1005.0,0,0,661500.0,667882400.0,1.0,1020.0,1025.0,996.0,1005.0,661500.0
2024-09-12,57270,1050.0,1067.0,1036.0,1049.0,0,0,504800.0,530460300.0,1.0,1050.0,1067.0,1036.0,1049.0,504800.0
2024-09-13,57270,1040.0,1045.0,1028.0,1032.0,0,0,340600.0,352800800.0,1.0,1040.0,1045.0,1028.0,1032.0,340600.0
2024-09-17,57270,1034.0,1039.0,999.0,1019.0,0,0,508800.0,515145400.0,1.0,1034.0,1039.0,999.0,1019.0,508800.0
2024-09-18,57270,1030.0,1050.0,1027.0,1050.0,0,0,384700.0,401112600.0,1.0,1030.0,1050.0,1027.0,1050.0,384700.0
2024-09-19,57270,1080.0,1095.0,1069.0,1085.0,0,0,426300.0,462285400.0,1.0,1080.0,1095.0,1069.0,1085.0,426300.0
2024-09-20,57270,1095.0,1109.0,1084.0,1092.0,0,0,483900.0,529774700.0,1.0,1095.0,1109.0,1084.0,1092.0,483900.0
2024-09-24,57270,1100.0,1108.0,1087.0,1097.0,0,0,379000.0,416007000.0,1.0,1100.0,1108.0,1087.0,1097.0,379000.0
2024-09-25,57270,1098.0,1146.0,1092.0,1128.0,0,0,408500.0,460227700.0,1.0,1098.0,1146.0,1092.0,1128.0,408500.0
2024-09-26,57270,1130.0,1141.0,1112.0,1141.0,0,0,607300.0,685328500.0,1.0,1130.0,1141.0,1112.0,1141.0,607300.0
2024-09-27,57270,1155.0,1187.0,1151.0,1184.0,0,0,624200.0,732644500.0,1.0,1155.0,1187.0,1151.0,1184.0,624200.0
2024-09-30,57270,1124.0,1174.0,1124.0,1132.0,0,0,537400.0,613865700.0,1.0,1124.0,1174.0,1124.0,1132.0,537400.0
2024-10-01,57270,1135.0,1154.0,1128.0,1147.0,0,0,334300.0,382626400.0,1.0,1135.0,1154.0,1128.0,1147.0,334300.0
2024-10-02,57270,1130.0,1217.0,1130.0,1190.0,0,0,906500.0,1081803900.0,1.0,1130.0,1217.0,1130.0,1190.0,906500.0
2024-10-03,57270,1213.0,1218.0,1188.0,1188.0,0,0,728500.0,875894500.0,1.0,1213.0,1218.0,1188.0,1188.0,728500.0
2024-10-04,57270,1190.0,1200.0,1180.0,1191.0,0,0,355100.0,422017100.0,1.0,1190.0,1200.0,1180.0,1191.0,355100.0
2024-10-07,57270,1220.0,1224.0,1201.0,1201.0,0,0,393500.0,475922100.0,1.0,1220.0,1224.0,1201.0,1201.0,393500.0
2024-10-08,57270,1190.0,1200.0,1168.0,1171.0,0,0,364000.0,430051800.0,1.0,1190.0,1200.0,1168.0,1171.0,364000.0
2024-10-09,57270,1181.0,1235.0,1181.0,1220.0,0,0,815300.0,986656800.0,1.0,1181.0,1235.0,1181.0,1220.0,815300.0
2024-10-10,57270,1200.0,1218.0,1179.0,1190.0,0,0,465000.0,553320800.0,1.0,1200.0,1218.0,1179.0,1190.0,465000.0
2024-10-11,57270,1200.0,1202.0,1164.0,1164.0,0,0,356900.0,421967200.0,1.0,1200.0,1202.0,1164.0,1164.0,356900.0
2024-10-15,57270,1151.0,1170.0,1143.0,1156.0,0,0,523300.0,605293700.0,1.0,1151.0,1170.0,1143.0,1156.0,523300.0
2024-10-16,57270,1142.0,1154.0,1134.0,1143.0,0,0,291400.0,333717100.0,1.0,1142.0,1154.0,1134.0,1143.0,291400.0
2024-10-17,57270,1145.0,1157.0,1136.0,1136.0,0,0,253500.0,290037000.0,1.0,1145.0,1157.0,1136.0,1136.0,253500.0
2024-10-18,57270,1145.0,1146.0,1119.0,1124.0,0,0,241000.0,271442200.0,1.0,1145.0,1146.0,1119.0,1124.0,241000.0
2024-10-21,57270,1130.0,1140.0,1116.0,1121.0,0,0,197000.0,222291400.0,1.0,1130.0,1140.0,1116.0,1121.0,197000.0
2024-10-22,57270,1115.0,1118.0,1089.0,1096.0,0,0,292500.0,321429900.0,1.0,1115.0,1118.0,1089.0,1096.0,292500.0
2024-10-23,57270,1083.0,1098.0,1074.0,1074.0,0,0,284100.0,307510700.0,1.0,1083.0,1098.0,1074.0,1074.0,284100.0
2024-10-24,57270,1054.0,1065.0,1046.0,1053.0,0,0,321500.0,338704400.0,1.0,1054.0,1065.0,1046.0,1053.0,321500.0
2024-10-25,57270,1044.0,1050.0,1029.0,1038.0,0,0,332700.0,345162100.0,1.0,1044.0,1050.0,1029.0,1038.0,332700.0
2024-10-28,57270,1038.0,1065.0,1028.0,1059.0,0,0,276900.0,291938500.0,1.0,1038.0,1065.0,1028.0,1059.0,276900.0
2024-10-29,57270,1068.0,1076.0,1059.0,1060.0,0,0,308800.0,328422900.0,1.0,1068.0,1076.0,1059.0,1060.0,308800.0
2024-10-30,57270,1060.0,1060.0,1046.0,1054.0,0,0,526500.0,554513000.0,1.0,1060.0,1060.0,1046.0,1054.0,526500.0
2024-10-31,57270,1040.0,1045.0,1023.0,1026.0,0,0,653100.0,672676500.0,1.0,1040.0,1045.0,1023.0,1026.0,653100.0
2024-11-01,57270,1017.0,1029.0,1014.0,1024.0,0,0,338900.0,346131300.0,1.0,1017.0,1029.0,1014.0,1024.0,338900.0
2024-11-05,57270,1023.0,1031.0,1020.0,1025.0,0,0,331100.0,339546200.0,1.0,1023.0,1031.0,1020.0,1025.0,331100.0
2024-11-06,57270,1035.0,1055.0,1015.0,1025.0,0,0,929400.0,959648300.0,1.0,1035.0,1055.0,1015.0,1025.0,929400.0
2024-11-07,57270,983.0,1018.0,976.0,1011.0,0,0,1443000.0,1440354400.0,1.0,983.0,1018.0,976.0,1011.0,1443000.0
2024-11-08,57270,1024.0,1048.0,1012.0,1013.0,0,0,736600.0,756601700.0,1.0,1024.0,1048.0,1012.0,1013.0,736600.0
2024-11-11,57270,1015.0,1028.0,991.0,1019.0,0,0,578300.0,586107600.0,1.0,1015.0,1028.0,991.0,1019.0,578300.0
2024-11-12,57270,1025.0,1038.0,1001.0,1001.0,0,0,469700.0,479721600.0,1.0,1025.0,1038.0,1001.0,1001.0,469700.0
2024-11-13,57270,1009.0,1011.0,957.0,966.0,0,0,969500.0,944685800.0,1.0,1009.0,1011.0,957.0,966.0,969500.0
2024-11-14,57270,961.0,977.0,948.0,956.0,0,0,541900.0,521119400.0,1.0,961.0,977.0,948.0,956.0,541900.0
2024-11-15,57270,959.0,982.0,959.0,968.0,0,0,605000.0,587063700.0,1.0,959.0,982.0,959.0,968.0,605000.0
2024-11-18,57270,959.0,975.0,951.0,953.0,0,0,475800.0,456330400.0,1.0,959.0,975.0,951.0,953.0,475800.0
2024-11-19,57270,960.0,967.0,951.0,964.0,0,0,451100.0,432418000.0,1.0,960.0,967.0,951.0,964.0,451100.0
2024-11-20,57270,986.0,1046.0,979.0,1032.0,0,0,1268800.0,1306718000.0,1.0,986.0,1046.0,979.0,1032.0,1268800.0
2024-11-21,57270,1046.0,1080.0,1023.0,1033.0,0,0,929100.0,975675200.0,1.0,1046.0,1080.0,1023.0,1033.0,929100.0
2024-11-22,57270,1035.0,1044.0,1020.0,1029.0,0,0,448000.0,462353500.0,1.0,1035.0,1044.0,1020.0,1029.0,448000.0
2024-11-25,57270,1041.0,1048.0,1013.0,1025.0,0,0,373200.0,383117300.0,1.0,1041.0,1048.0,1013.0,1025.0,373200.0
2024-11-26,57270,1025.0,1035.0,992.0,996.0,0,0,532600.0,535052400.0,1.0,1025.0,1035.0,992.0,996.0,532600.0
2024-11-27,57270,989.0,992.0,969.0,982.0,0,0,385800.0,377148700.0,1.0,989.0,992.0,969.0,982.0,385800.0
2024-11-28,57270,983.0,994.0,977.0,986.0,0,0,306200.0,302122400.0,1.0,983.0,994.0,977.0,986.0,306200.0
2024-11-29,57270,1031.0,1087.0,1020.0,1036.0,0,0,1696500.0,1774326600.0,1.0,1031.0,1087.0,1020.0,1036.0,1696500.0
2024-12-02,57270,1032.0,1090.0,1030.0,1074.0,0,0,990400.0,1057187100.0,1.0,1032.0,1090.0,1030.0,1074.0,990400.0
2024-12-03,57270,1074.0,1100.0,1074.0,1084.0,0,0,689100.0,750723100.0,1.0,1074.0,1100.0,1074.0,1084.0,689100.0
2024-12-04,57270,1072.0,1080.0,1053.0,1053.0,0,0,491100.0,522368200.0,1.0,1072.0,1080.0,1053.0,1053.0,491100.0
2024-12-05,57270,1052.0,1059.0,1025.0,1027.0,0,0,348600.0,361519800.0,1.0,1052.0,1059.0,1025.0,1027.0,348600.0
2024-12-06,57270,1015.0,1024.0,1003.0,1013.0,0,0,354400.0,358127500.0,1.0,1015.0,1024.0,1003.0,1013.0,354400.0
2024-12-09,57270,1012.0,1029.0,993.0,1019.0,0,0,542300.0,550317700.0,1.0,1012.0,1029.0,993.0,1019.0,542300.0
2024-12-10,57270,1032.0,1040.0,1012.0,1015.0,0,0,582900.0,596903800.0,1.0,1032.0,1040.0,1012.0,1015.0,582900.0
2024-12-11,57270,1020.0,1020.0,1004.0,1006.0,0,0,308300.0,310997600.0,1.0,1020.0,1020.0,1004.0,1006.0,308300.0
2024-12-12,57270,1018.0,1018.0,995.0,995.0,0,0,447700.0,448886200.0,1.0,1018.0,1018.0,995.0,995.0,447700.0
2024-12-13,57270,988.0,1000.0,982.0,983.0,0,0,551300.0,544835500.0,1.0,988.0,1000.0,982.0,983.0,551300.0
2024-12-16,57270,976.0,979.0,940.0,942.0,0,0,1173100.0,1117957200.0,1.0,976.0,979.0,940.0,942.0,1173100.0
2024-12-17,57270,954.0,1020.0,954.0,1013.0,0,0,1263400.0,1260356100.0,1.0,954.0,1020.0,954.0,1013.0,1263400.0
2024-12-18,57270,1000.0,1024.0,993.0,1016.0,0,0,436400.0,442044900.0,1.0,1000.0,1024.0,993.0,1016.0,436400.0
2024-12-19,57270,990.0,1007.0,987.0,1006.0,0,0,369500.0,369058000.0,1.0,990.0,1007.0,987.0,1006.0,369500.0
2024-12-20,57270,997.0,1016.0,994.0,997.0,0,0,461500.0,462932300.0,1.0,997.0,1016.0,994.0,997.0,461500.0
2024-12-23,57270,1000.0,1006.0,980.0,983.0,0,0,427200.0,421767300.0,1.0,1000.0,1006.0,980.0,983.0,427200.0
2024-12-24,57270,980.0,1036.0,978.0,1011.0,0,0,1075600.0,1088760300.0,1.0,980.0,1036.0,978.0,1011.0,1075600.0
2024-12-25,57270,1022.0,1043.0,1017.0,1043.0,0,0,683800.0,707064700.0,1.0,1022.0,1043.0,1017.0,1043.0,683800.0
2024-12-26,57270,1048.0,1063.0,1039.0,1048.0,0,0,534200.0,560810300.0,1.0,1048.0,1063.0,1039.0,1048.0,534200.0
2024-12-27,57270,1055.0,1078.0,1054.0,1072.0,0,0,470700.0,503374300.0,1.0,1055.0,1078.0,1054.0,1072.0,470700.0
2024-12-30,57270,1065.0,1078.0,1063.0,1069.0,0,0,298200.0,318984400.0,1.0,1065.0,1078.0,1063.0,1069.0,298200.0
2025-01-06,57270,1080.0,1083.0,1064.0,1065.0,0,0,358400.0,384676100.0,1.0,1080.0,1083.0,1064.0,1065.0,358400.0
2025-01-07,57270,1074.0,1087.0,1053.0,1086.0,0,0,613700.0,657491600.0,1.0,1074.0,1087.0,1053.0,1086.0,613700.0
2025-01-08,57270,1084.0,1094.0,1040.0,1041.0,0,0,475300.0,502832400.0,1.0,1084.0,1094.0,1040.0,1041.0,475300.0
2025-01-09,57270,1034.0,1038.0,1026.0,1031.0,0,0,243600.0,251260100.0,1.0,1034.0,1038.0,1026.0,1031.0,243600.0
2025-01-10,57270,1040.0,1048.0,1026.0,1027.0,0,0,320800.0,331806200.0,1.0,1040.0,1048.0,1026.0,1027.0,320800.0
2025-01-14,57270,1021.0,1029.0,1005.0,1025.0,0,0,374400.0,380816600.0,1.0,1021.0,1029.0,1005.0,1025.0,374400.0
2025-01-15,57270,1022.0,1025.0,997.0,1002.0,0,0,285800.0,287547400.0,1.0,1022.0,1025.0,997.0,1002.0,285800.0
2025-01-16,57270,1009.0,1013.0,985.0,993.0,0,0,401900.0,399479700.0,1.0,1009.0,1013.0,985.0,993.0,401900.0
2025-01-17,57270,985.0,993.0,971.0,992.0,0,0,457300.0,449041500.0,1.0,985.0,993.0,971.0,992.0,457300.0
2025-01-20,57270,1006.0,1093.0,1004.0,1077.0,0,0,1655300.0,1758311500.0,1.0,1006.0,1093.0,1004.0,1077.0,1655300.0
2025-01-21,57270,1090.0,1098.0,1076.0,1095.0,0,0,448100.0,486632600.0,1.0,1090.0,1098.0,1076.0,1095.0,448100.0
2025-01-22,57270,1095.0,1111.0,1085.0,1105.0,0,0,366300.0,402996200.0,1.0,1095.0,1111.0,1085.0,1105.0,366300.0
2025-01-23,57270,1105.0,1105.0,1082.0,1099.0,0,0,321900.0,351726500.0,1.0,1105.0,1105.0,1082.0,1099.0,321900.0
2025-01-24,57270,1093.0,1107.0,1079.0,1082.0,0,0,657900.0,718381100.0,1.0,1093.0,1107.0,1079.0,1082.0,657900.0
2025-01-27,57270,1096.0,1104.0,1078.0,1083.0,0,0,448100.0,488401500.0,1.0,1096.0,1104.0,1078.0,1083.0,448100.0
2025-01-28,57270,1067.0,1097.0,1063.0,1063.0,0,0,338200.0,363821300.0,1.0,1067.0,1097.0,1063.0,1063.0,338200.0
2025-01-29,57270,1068.0,1082.0,1052.0,1053.0,0,0,306200.0,325086700.0,1.0,1068.0,1082.0,1052.0,1053.0,306200.0
2025-01-30,57270,1050.0,1071.0,1040.0,1063.0,0,0,393300.0,414809300.0,1.0,1050.0,1071.0,1040.0,1063.0,393300.0
2025-01-31,57270,1065.0,1065.0,1040.0,1043.0,0,0,362200.0,379847400.0,1.0,1065.0,1065.0,1040.0,1043.0,362200.0
2025-02-03,57270,1028.0,1028.0,1009.0,1009.0,0,0,486300.0,493595100.0,1.0,1028.0,1028.0,1009.0,1009.0,486300.0
2025-02-04,57270,1019.0,1033.0,1009.0,1015.0,0,0,303200.0,309378300.0,1.0,1019.0,1033.0,1009.0,1015.0,303200.0
2025-02-05,57270,1023.0,1072.0,1020.0,1068.0,0,0,531500.0,561875800.0,1.0,1023.0,1072.0,1020.0,1068.0,531500.0
2025-02-06,57270,1059.0,1085.0,1054.0,1085.0,0,0,623600.0,668109400.0,1.0,1059.0,1085.0,1054.0,1085.0,623600.0
2025-02-07,57270,1064.0,1091.0,1018.0,1027.0,0,0,1486000.0,1562023600.0,1.0,1064.0,1091.0,1018.0,1027.0,1486000.0
2025-02-10,57270,1055.0,1072.0,1016.0,1029.0,0,0,723500.0,751597500.0,1.0,1055.0,1072.0,1016.0,1029.0,723500.0
2025-02-12,57270,1042.0,1056.0,997.0,1055.0,0,0,880700.0,907285700.0,1.0,1042.0,1056.0,997.0,1055.0,880700.0
2025-02-13,57270,1065.0,1067.0,1018.0,1019.0,0,0,801700.0,828563900.0,1.0,1065.0,1067.0,1018.0,1019.0,801700.0
2025-02-14,57270,1025.0,1048.0,1014.0,1014.0,0,0,577900.0,593696500.0,1.0,1025.0,1048.0,1014.0,1014.0,577900.0
2025-02-17,57270,1002.0,1009.0,993.0,996.0,0,0,699600.0,699195000.0,1.0,1002.0,1009.0,993.0,996.0,699600.0
2025-02-18,57270,995.0,1019.0,989.0,1013.0,0,0,705500.0,707949300.0,1.0,995.0,1019.0,989.0,1013.0,705500.0
2025-02-19,57270,1028.0,1029.0,995.0,997.0,0,0,734000.0,738267400.0,1.0,1028.0,1029.0,995.0,997.0,734000.0
2025-02-20,57270,995.0,1004.0,987.0,1002.0,0,0,385200.0,383889500.0,1.0,995.0,1004.0,987.0,1002.0,385200.0
2025-02-21,57270,992.0,995.0,973.0,976.0,0,0,791500.0,776191900.0,1.0,992.0,995.0,973.0,976.0,791500.0
2025-02-25,57270,970.0,979.0,957.0,976.0,0,0,588500.0,572079000.0,1.0,970.0,979.0,957.0,976.0,588500.0
2025-02-26,57270,975.0,975.0,950.0,961.0,0,0,610200.0,585636400.0,1.0,975.0,975.0,950.0,961.0,610200.0
2025-02-27,57270,965.0,981.0,964.0,975.0,0,0,470500.0,457700200.0,1.0,965.0,981.0,964.0,975.0,470500.0
2025-02-28,57270,952.0,965.0,943.0,951.0,0,0,2067200.0,1966246400.0,1.0,952.0,965.0,943.0,951.0,2067200.0
2025-03-03,57270,962.0,992.0,961.0,991.0,0,0,653900.0,641027300.0,1.0,962.0,992.0,961.0,991.0,653900.0
2025-03-04,57270,977.0,983.0,953.0,953.0,0,0,627200.0,603277400.0,1.0,977.0,983.0,953.0,953.0,627200.0
2025-03-05,57270,955.0,995.0,955.0,983.0,0,0,917000.0,899368700.0,1.0,955.0,995.0,955.0,983.0,917000.0
2025-03-06,57270,1004.0,1049.0,982.0,1035.0,0,0,1215700.0,1234018100.0,1.0,1004.0,1049.0,982.0,1035.0,1215700.0
2025-03-07,57270,1014.0,1062.0,1004.0,1062.0,0,0,880000.0,916081200.0,1.0,1014.0,1062.0,1004.0,1062.0,880000.0
2025-03-10,57270,1108.0,1163.0,1095.0,1141.0,0,0,2590300.0,2952274600.0,1.0,1108.0,1163.0,1095.0,1141.0,2590300.0
2025-03-11,57270,1102.0,1151.0,1096.0,1148.0,0,0,1382000.0,1552862000.0,1.0,1102.0,1151.0,1096.0,1148.0,1382000.0
2025-03-12,57270,1152.0,1208.0,1148.0,1176.0,0,0,1706400.0,2022291800.0,1.0,1152.0,1208.0,1148.0,1176.0,1706400.0
2025-03-13,57270,1182.0,1186.0,1131.0,1139.0,0,0,960500.0,1106902700.0,1.0,1182.0,1186.0,1131.0,1139.0,960500.0
2025-03-14,57270,1148.0,1167.0,1146.0,1164.0,0,0,620800.0,719054500.0,1.0,1148.0,1167.0,1146.0,1164.0,620800.0
2025-03-17,57270,1173.0,1175.0,1152.0,1157.0,0,0,470000.0,546043600.0,1.0,1173.0,1175.0,1152.0,1157.0,470000.0
2025-03-18,57270,1170.0,1196.0,1156.0,1170.0,0,0,691900.0,815143100.0,1.0,1170.0,1196.0,1156.0,1170.0,691900.0
2025-03-19,57270,1166.0,1184.0,1140.0,1142.0,0,0,643000.0,745126800.0,1.0,1166.0,1184.0,1140.0,1142.0,643000.0
2025-03-21,57270,1142.0,1161.0,1126.0,1144.0,0,0,905600.0,1033747300.0,1.0,1142.0,1161.0,1126.0,1144.0,905600.0
2025-03-24,57270,1152.0,1191.0,1149.0,1179.0,0,0,803100.0,942316700.0,1.0,1152.0,1191.0,1149.0,1179.0,803100.0
2025-03-25,57270,1195.0,1218.0,1164.0,1200.0,0,0,974500.0,1162395900.0,1.0,1195.0,1218.0,1164.0,1200.0,974500.0
2025-03-26,57270,1208.0,1208.0,1190.0,1200.0,0,0,645900.0,774611200.0,1.0,1208.0,1208.0,1190.0,1200.0,645900.0
2025-03-27,57270,1195.0,1218.0,1189.0,1210.0,0,0,678600.0,818263800.0,1.0,1195.0,1218.0,1189.0,1210.0,678600.0
2025-03-28,57270,1200.0,1223.0,1177.0,1190.0,0,0,620600.0,742854300.0,1.0,1200.0,1223.0,1177.0,1190.0,620600.0
2025-03-31,57270,1140.0,1143.0,1113.0,1119.0,0,0,704400.0,792657500.0,1.0,1140.0,1143.0,1113.0,1119.0,704400.0
2025-04-01,57270,1119.0,1130.0,1088.0,1089.0,0,0,568700.0,625678100.0,1.0,1119.0,1130.0,1088.0,1089.0,568700.0
2025-04-02,57270,1090.0,1096.0,1065.0,1085.0,0,0,398100.0,431268100.0,1.0,1090.0,1096.0,1065.0,1085.0,398100.0
2025-04-03,57270,1030.0,1065.0,1030.0,1058.0,0,0,581600.0,610057700.0,1.0,1030.0,1065.0,1030.0,1058.0,581600.0
2025-04-04,57270,1009.0,1017.0,925.0,944.0,0,0,1080800.0,1037493200.0,1.0,1009.0,1017.0,925.0,944.0,1080800.0
2025-04-07,57270,854.0,864.0,801.0,815.0,0,0,1416000.0,1167895100.0,1.0,854.0,864.0,801.0,815.0,1416000.0
2025-04-08,57270,917.0,933.0,905.0,921.0,0,0,871800.0,802999500.0,1.0,917.0,933.0,905.0,921.0,871800.0
2025-04-09,57270,877.0,877.0,837.0,855.0,0,0,1191800.0,1014901500.0,1.0,877.0,877.0,837.0,855.0,1191800.0
2025-04-10,57270,975.0,975.0,935.0,956.0,0,0,844900.0,805348100.0,1.0,975.0,975.0,935.0,956.0,844900.0
2025-04-11,57270,913.0,974.0,903.0,971.0,0,0,469900.0,441960600.0,1.0,913.0,974.0,903.0,971.0,469900.0
2025-04-14,57270,991.0,1000.0,975.0,976.0,0,0,312500.0,307453600.0,1.0,991.0,1000.0,975.0,976.0,312500.0
2025-04-15,57270,990.0,992.0,968.0,968.0,0,0,204400.0,199476200.0,1.0,990.0,992.0,968.0,968.0,204400.0
2025-04-16,57270,943.0,949.0,908.0,913.0,0,0,727200.0,673502400.0,1.0,943.0,949.0,908.0,913.0,727200.0
2025-04-17,57270,925.0,936.0,910.0,934.0,0,0,337100.0,311853500.0,1.0,925.0,936.0,910.0,934.0,337100.0
2025-04-18,57270,940.0,945.0,929.0,931.0,0,0,240700.0,224940200.0,1.0,940.0,945.0,929.0,931.0,240700.0
2025-04-21,57270,926.0,926.0,908.0,912.0,0,0,229000.0,209559200.0,1.0,926.0,926.0,908.0,912.0,229000.0
2025-04-22,57270,906.0,918.0,901.0,918.0,0,0,212400.0,193515900.0,1.0,906.0,918.0,901.0,918.0,212400.0
2025-04-23,57270,945.0,948.0,928.0,929.0,0,0,375300.0,350838500.0,1.0,945.0,948.0,928.0,929.0,375300.0
2025-04-24,57270,958.0,981.0,956.0,970.0,0,0,518700.0,502703300.0,1.0,958.0,981.0,956.0,970.0,518700.0
2025-04-25,57270,991.0,991.0,977.0,982.0,0,0,269000.0,264542300.0,1.0,991.0,991.0,977.0,982.0,269000.0
2025-04-28,57270,986.0,994.0,978.0,985.0,0,0,342000.0,336770900.0,1.0,986.0,994.0,978.0,985.0,342000.0
2025-04-30,57270,1000.0,1019.0,995.0,1016.0,0,0,503300.0,507105700.0,1.0,1000.0,1019.0,995.0,1016.0,503300.0
2025-05-01,57270,1010.0,1036.0,1003.0,1027.0,0,0,451000.0,461703500.0,1.0,1010.0,1036.0,1003.0,1027.0,451000.0
2025-05-02,57270,1038.0,1071.0,1038.0,1056.0,0,0,488000.0,514606900.0,1.0,1038.0,1071.0,1038.0,1056.0,488000.0
2025-05-07,57270,1057.0,1061.0,1048.0,1049.0,0,0,436100.0,458886900.0,1.0,1057.0,1061.0,1048.0,1049.0,436100.0
2025-05-08,57270,1045.0,1049.0,920.0,985.0,0,0,1678200.0,1655217100.0,1.0,1045.0,1049.0,920.0,985.0,1678200.0
2025-05-09,57270,1030.0,1058.0,994.0,1007.0,0,0,1249000.0,1263581600.0,1.0,1030.0,1058.0,994.0,1007.0,1249000.0
2025-05-12,57270,1007.0,1024.0,992.0,1014.0,0,0,546800.0,552617700.0,1.0,1007.0,1024.0,992.0,1014.0,546800.0
2025-05-13,57270,1044.0,1048.0,1007.0,1010.0,0,0,393700.0,402504600.0,1.0,1044.0,1048.0,1007.0,1010.0,393700.0
2025-05-14,57270,1011.0,1019.0,986.0,1000.0,0,0,373800.0,373443400.0,1.0,1011.0,1019.0,986.0,1000.0,373800.0
2025-05-15,57270,995.0,1090.0,993.0,1066.0,0,0,1081100.0,1142905100.0,1.0,995.0,1090.0,993.0,1066.0,1081100.0
2025-05-16,57270,1038.0,1057.0,1029.0,1049.0,0,0,465800.0,486572300.0,1.0,1038.0,1057.0,1029.0,1049.0,465800.0
2025-05-19,57270,1049.0,1052.0,1010.0,1029.0,0,0,500700.0,513947300.0,1.0,1049.0,1052.0,1010.0,1029.0,500700.0
2025-05-20,57270,1046.0,1073.0,1044.0,1045.0,0,0,482800.0,509223100.0,1.0,1046.0,1073.0,1044.0,1045.0,482800.0
2025-05-21,57270,1047.0,1053.0,1030.0,1046.0,0,0,288200.0,299933100.0,1.0,1047.0,1053.0,1030.0,1046.0,288200.0
2025-05-22,57270,1030.0,1057.0,1020.0,1047.0,0,0,302500.0,316196500.0,1.0,1030.0,1057.0,1020.0,1047.0,302500.0
2025-05-23,57270,1043.0,1064.0,1043.0,1049.0,0,0,367300.0,386779400.0,1.0,1043.0,1064.0,1043.0,1049.0,367300.0
2025-05-26,57270,1045.0,1102.0,1045.0,1087.0,0,0,504400.0,544698200.0,1.0,1045.0,1102.0,1045.0,1087.0,504400.0
2025-05-27,57270,1090.0,1096.0,1074.0,1082.0,0,0,370600.0,402159800.0,1.0,1090.0,1096.0,1074.0,1082.0,370600.0
2025-05-28,57270,1110.0,1129.0,1095.0,1106.0,0,0,636900.0,709865700.0,1.0,1110.0,1129.0,1095.0,1106.0,636900.0
2025-05-29,57270,1115.0,1162.0,1115.0,1150.0,0,0,915900.0,1051875200.0,1.0,1115.0,1162.0,1115.0,1150.0,915900.0
2025-05-30,57270,1165.0,1176.0,1134.0,1141.0,0,0,765900.0,883628600.0,1.0,1165.0,1176.0,1134.0,1141.0,765900.0
2025-06-02,57270,1134.0,1156.0,1114.0,1131.0,0,0,375900.0,426383300.0,1.0,1134.0,1156.0,1114.0,1131.0,375900.0
2025-06-03,57270,1130.0,1136.0,1090.0,1101.0,0,0,431000.0,476512200.0,1.0,1130.0,1136.0,1090.0,1101.0,431000.0
2025-06-04,57270,1110.0,1111.0,1089.0,1105.0,0,0,305600.0,336465500.0,1.0,1110.0,1111.0,1089.0,1105.0,305600.0
2025-06-05,57270,1100.0,1110.0,1082.0,1100.0,0,0,224100.0,245809300.0,1.0,1100.0,1110.0,1082.0,1100.0,224100.0
2025-06-06,57270,1089.0,1095.0,1066.0,1087.0,0,0,408300.0,442903800.0,1.0,1089.0,1095.0,1066.0,1087.0,408300.0
2025-06-09,57270,1090.0,1095.0,1073.0,1079.0,0,0,315500.0,341139100.0,1.0,1090.0,1095.0,1073.0,1079.0,315500.0
2025-06-10,57270,1080.0,1108.0,1068.0,1093.0,0,0,532900.0,579875800.0,1.0,1080.0,1108.0,1068.0,1093.0,532900.0
2025-06-11,57270,1106.0,1125.0,1100.0,1120.0,0,0,505200.0,562388800.0,1.0,1106.0,1125.0,1100.0,1120.0,505200.0
2025-06-12,57270,1118.0,1350.0,1106.0,1298.0,0,0,10128800.0,12931858800.0,1.0,1118.0,1350.0,1106.0,1298.0,10128800.0
2025-06-13,57270,1276.0,1300.0,1206.0,1229.0,0,0,2055900.0,2574837500.0,1.0,1276.0,1300.0,1206.0,1229.0,2055900.0
2025-06-16,57270,1230.0,1305.0,1228.0,1287.0,0,0,1190300.0,1519501400.0,1.0,1230.0,1305.0,1228.0,1287.0,1190300.0
2025-06-17,57270,1290.0,1314.0,1282.0,1297.0,0,0,838100.0,1088953600.0,1.0,1290.0,1314.0,1282.0,1297.0,838100.0
2025-06-18,57270,1290.0,1310.0,1281.0,1292.0,0,0,600600.0,776484400.0,1.0,1290.0,1310.0,1281.0,1292.0,600600.0
2025-06-19,57270,1290.0,1304.0,1255.0,1283.0,0,0,654800.0,838698300.0,1.0,1290.0,1304.0,1255.0,1283.0,654800.0
2025-06-20,57270,1280.0,1302.0,1266.0,1284.0,0,0,626900.0,807143700.0,1.0,1280.0,1302.0,1266.0,1284.0,626900.0
2025-06-23,57270,1284.0,1320.0,1275.0,1314.0,0,0,779900.0,1014035600.0,1.0,1284.0,1320.0,1275.0,1314.0,779900.0
2025-06-24,57270,1324.0,1328.0,1298.0,1312.0,0,0,636900.0,837152300.0,1.0,1324.0,1328.0,1298.0,1312.0,636900.0
2025-06-25,57270,1311.0,1311.0,1276.0,1293.0,0,0,582300.0,753592900.0,1.0,1311.0,1311.0,1276.0,1293.0,582300.0
2025-06-26,57270,1299.0,1309.0,1290.0,1305.0,0,0,446600.0,580999300.0,1.0,1299.0,1309.0,1290.0,1305.0,446600.0
2025-06-27,57270,1320.0,1348.0,1303.0,1325.0,0,0,984900.0,1308153300.0,1.0,1320.0,1348.0,1303.0,1325.0,984900.0
2025-06-30,57270,1340.0,1365.0,1305.0,1307.0,0,0,798500.0,1068072000.0,1.0,1340.0,1365.0,1305.0,1307.0,798500.0
2025-07-01,57270,1316.0,1328.0,1300.0,1303.0,0,0,406500.0,532907400.0,1.0,1316.0,1328.0,1300.0,1303.0,406500.0
2025-07-02,57270,1290.0,1322.0,1276.0,1304.0,0,0,409500.0,534067500.0,1.0,1290.0,1322.0,1276.0,1304.0,409500.0
2025-07-03,57270,1300.0,1319.0,1299.0,1306.0,0,0,273900.0,358003800.0,1.0,1300.0,1319.0,1299.0,1306.0,273900.0
2025-07-04,57270,1319.0,1319.0,1278.0,1300.0,0,0,311800.0,403819200.0,1.0,1319.0,1319.0,1278.0,1300.0,311800.0
2025-07-07,57270,1285.0,1290.0,1266.0,1266.0,0,0,291500.0,372295100.0,1.0,1285.0,1290.0,1266.0,1266.0,291500.0
2025-07-08,57270,1260.0,1303.0,1258.0,1291.0,0,0,322400.0,415547700.0,1.0,1260.0,1303.0,1258.0,1291.0,322400.0
2025-07-09,57270,1296.0,1308.0,1293.0,1306.0,0,0,327900.0,426695600.0,1.0,1296.0,1308.0,1293.0,1306.0,327900.0
2025-07-10,57270,1300.0,1304.0,1272.0,1275.0,0,0,371100.0,477257700.0,1.0,1300.0,1304.0,1272.0,1275.0,371100.0
2025-07-11,57270,1280.0,1310.0,1274.0,1289.0,0,0,421400.0,544134400.0,1.0,1280.0,1310.0,1274.0,1289.0,421400.0
2025-07-14,57270,1291.0,1302.0,1286.0,1298.0,0,0,301700.0,390499500.0,1.0,1291.0,1302.0,1286.0,1298.0,301700.0
2025-07-15,57270,1304.0,1319.0,1288.0,1290.0,0,0,381600.0,495737000.0,1.0,1304.0,1319.0,1288.0,1290.0,381600.0
2025-07-16,57270,1294.0,1303.0,1268.0,1268.0,0,0,325100.0,416134300.0,1.0,1294.0,1303.0,1268.0,1268.0,325100.0
2025-07-17,57270,1268.0,1283.0,1265.0,1270.0,0,0,277300.0,353163300.0,1.0,1268.0,1283.0,1265.0,1270.0,277300.0
2025-07-18,57270,1279.0,1279.0,1266.0,1266.0,0,0,172000.0,218505200.0,1.0,1279.0,1279.0,1266.0,1266.0,172000.0
2025-07-22,57270,1270.0,1289.0,1266.0,1271.0,0,0,229200.0,292578000.0,1.0,1270.0,1289.0,1266.0,1271.0,229200.0
2025-07-23,57270,1280.0,1305.0,1277.0,1287.0,0,0,503100.0,649980400.0,1.0,1280.0,1305.0,1277.0,1287.0,503100.0
2025-07-24,57270,1317.0,1340.0,1307.0,1329.0,0,0,593000.0,784752000.0,1.0,1317.0,1340.0,1307.0,1329.0,593000.0
2025-07-25,57270,1350.0,1359.0,1328.0,1332.0,0,0,541900.0,726331600.0,1.0,1350.0,1359.0,1328.0,1332.0,541900.0
2025-07-28,57270,1333.0,1345.0,1321.0,1345.0,0,0,432600.0,577976700.0,1.0,1333.0,1345.0,1321.0,1345.0,432600.0
2025-07-29,57270,1327.0,1336.0,1317.0,1320.0,0,0,333000.0,441201100.0,1.0,1327.0,1336.0,1317.0,1320.0,333000.0
2025-07-30,57270,1320.0,1377.0,1320.0,1370.0,0,0,606700.0,822776800.0,1.0,1320.0,1377.0,1320.0,1370.0,606700.0
2025-07-31,57270,1356.0,1379.0,1348.0,1377.0,0,0,579100.0,791985500.0,1.0,1356.0,1379.0,1348.0,1377.0,579100.0
2025-08-01,57270,1367.0,1425.0,1330.0,1385.0,0,0,1186800.0,1635118300.0,1.0,1367.0,1425.0,1330.0,1385.0,1186800.0
2025-08-04,57270,1372.0,1407.0,1350.0,1394.0,0,0,804300.0,1116001400.0,1.0,1372.0,1407.0,1350.0,1394.0,804300.0
2025-08-05,57270,1435.0,1455.0,1411.0,1425.0,0,0,612400.0,874509000.0,1.0,1435.0,1455.0,1411.0,1425.0,612400.0
2025-08-06,57270,1441.0,1489.0,1439.0,1475.0,0,0,697200.0,1025562000.0,1.0,1441.0,1489.0,1439.0,1475.0,697200.0
2025-08-07,57270,1465.0,1497.0,1462.0,1497.0,0,0,536200.0,794825300.0,1.0,1465.0,1497.0,1462.0,1497.0,536200.0
2025-08-08,57270,1491.0,1492.0,1465.0,1468.0,0,0,421800.0,622911100.0,1.0,1491.0,1492.0,1465.0,1468.0,421800.0
2025-08-12,57270,1485.0,1485.0,1459.0,1468.0,0,0,514300.0,756731500.0,1.0,1485.0,1485.0,1459.0,1468.0,514300.0
2025-08-13,57270,1470.0,1489.0,1452.0,1473.0,0,0,404800.0,596399200.0,1.0,1470.0,1489.0,1452.0,1473.0,404800.0
2025-08-14,57270,1477.0,1509.0,1458.0,1477.0,0,0,515600.0,765541100.0,1.0,1477.0,1509.0,1458.0,1477.0,515600.0
2025-08-15,57270,1471.0,1495.0,1467.0,1484.0,0,0,312800.0,463903900.0,1.0,1471.0,1495.0,1467.0,1484.0,312800.0
2025-08-18,57270,1485.0,1496.0,1456.0,1496.0,0,0,528300.0,781495200.0,1.0,1485.0,1496.0,1456.0,1496.0,528300.0
2025-08-19,57270,1500.0,1514.0,1489.0,1501.0,0,0,415900.0,625120900.0,1.0,1500.0,1514.0,1489.0,1501.0,415900.0
2025-08-20,57270,1490.0,1544.0,1479.0,1521.0,0,0,471100.0,716569400.0,1.0,1490.0,1544.0,1479.0,1521.0,471100.0
2025-08-21,57270,1530.0,1585.0,1525.0,1575.0,0,0,640700.0,1004811500.0,1.0,1530.0,1585.0,1525.0,1575.0,640700.0
2025-08-22,57270,1670.0,1700.0,1575.0,1587.0,0,0,1187700.0,1934889300.0,1.0,1670.0,1700.0,1575.0,1587.0,1187700.0
2025-08-25,57270,1598.0,1609.0,1572.0,1590.0,0,0,493000.0,783759600.0,1.0,1598.0,1609.0,1572.0,1590.0,493000.0
2025-08-26,57270,1600.0,1604.0,1581.0,1582.0,0,0,253900.0,403722500.0,1.0,1600.0,1604.0,1581.0,1582.0,253900.0
2025-08-27,57270,1590.0,1643.0,1583.0,1643.0,0,0,679000.0,1106856900.0,1.0,1590.0,1643.0,1583.0,1643.0,679000.0
2025-08-28,57270,1626.0,1763.0,1623.0,1746.0,0,0,1725100.0,2964604100.0,1.0,1626.0,1763.0,1623.0,1746.0,1725100.0
2025-08-29,57270,1753.0,1870.0,1722.0,1793.0,0,0,2594800.0,4666138100.0,1.0,1753.0,1870.0,1722.0,1793.0,2594800.0
2025-09-01,57270,1777.0,1828.0,1759.0,1790.0,0,0,1218300.0,2172840100.0,1.0,1777.0,1828.0,1759.0,1790.0,1218300.0
2025-09-02,57270,1795.0,1804.0,1723.0,1737.0,0,0,1132200.0,1991071800.0,1.0,1795.0,1804.0,1723.0,1737.0,1132200.0
2025-09-03,57270,1705.0,1855.0,1696.0,1770.0,0,0,1922200.0,3443953000.0,1.0,1705.0,1855.0,1696.0,1770.0,1922200.0
2025-09-04,57270,1765.0,1817.0,1741.0,1759.0,0,0,1059300.0,1880996500.0,1.0,1765.0,1817.0,1741.0,1759.0,1059300.0
2025-09-05,57270,1738.0,1759.0,1709.0,1740.0,0,0,983700.0,1704384000.0,1.0,1738.0,1759.0,1709.0,1740.0,983700.0
2025-09-08,57270,1771.0,1794.0,1748.0,1758.0,0,0,563800.0,994110300.0,1.0,1771.0,1794.0,1748.0,1758.0,563800.0
2025-09-09,57270,1757.0,1757.0,1686.0,1692.0,0,0,751600.0,1288775700.0,1.0,1757.0,1757.0,1686.0,1692.0,751600.0
2025-09-10,57270,1692.0,1700.0,1631.0,1636.0,0,0,745400.0,1234302000.0,1.0,1692.0,1700.0,1631.0,1636.0,745400.0
2025-09-11,57270,1650.0,1687.0,1619.0,1627.0,0,0,618400.0,1014467700.0,1.0,1650.0,1687.0,1619.0,1627.0,618400.0
2025-09-12,57270,1632.0,1733.0,1630.0,1697.0,0,0,960000.0,1630976700.0,1.0,1632.0,1733.0,1630.0,1697.0,960000.0
2025-09-16,57270,1703.0,1703.0,1652.0,1694.0,0,0,549000.0,919771100.0,1.0,1703.0,1703.0,1652.0,1694.0,549000.0
2025-09-17,57270,1661.0,1665.0,1635.0,1645.0,0,0,430400.0,707782800.0,1.0,1661.0,1665.0,1635.0,1645.0,430400.0
2025-09-18,57270,1640.0,1728.0,1640.0,1718.0,0,0,641800.0,1090937100.0,1.0,1640.0,1728.0,1640.0,1718.0,641800.0
2025-09-19,57270,1758.0,1778.0,1634.0,1642.0,0,0,790400.0,1328853000.0,1.0,1758.0,1778.0,1634.0,1642.0,790400.0
2025-09-22,57270,1665.0,1685.0,1650.0,1664.0,0,0,354600.0,589830700.0,1.0,1665.0,1685.0,1650.0,1664.0,354600.0
2025-09-24,57270,1663.0,1683.0,1646.0,1680.0,0,0,411400.0,686498400.0,1.0,1663.0,1683.0,1646.0,1680.0,411400.0
2025-09-25,57270,1700.0,1786.0,1695.0,1736.0,0,0,939900.0,1644198100.0,1.0,1700.0,1786.0,1695.0,1736.0,939900.0
2025-09-26,57270,1731.0,1733.0,1692.0,1700.0,0,0,383900.0,655720500.0,1.0,1731.0,1733.0,1692.0,1700.0,383900.0
2025-09-29,57270,1766.0,1804.0,1733.0,1790.0,0,0,1347800.0,2398742300.0,1.0,1766.0,1804.0,1733.0,1790.0,1347800.0
2025-09-30,57270,1790.0,1800.0,1745.0,1784.0,0,0,622500.0,1105594000.0,1.0,1790.0,1800.0,1745.0,1784.0,622500.0
2025-10-01,57270,1747.0,1754.0,1697.0,1714.0,0,0,639600.0,1096143500.0,1.0,1747.0,1754.0,1697.0,1714.0,639600.0
2025-10-02,57270,1713.0,1769.0,1705.0,1720.0,0,0,555500.0,966546200.0,1.0,1713.0,1769.0,1705.0,1720.0,555500.0
2025-10-03,57270,1735.0,1735.0,1672.0,1715.0,0,0,548500.0,929477400.0,1.0,1735.0,1735.0,1672.0,1715.0,548500.0
2025-10-06,57270,1755.0,1778.0,1711.0,1719.0,0,0,561300.0,973647100.0,1.0,1755.0,1778.0,1711.0,1719.0,561300.0
2025-10-07,57270,1730.0,1757.0,1694.0,1696.0,0,0,588700.0,1016172900.0,1.0,1730.0,1757.0,1694.0,1696.0,588700.0
2025-10-08,57270,1694.0,1733.0,1675.0,1693.0,0,0,685200.0,1162791100.0,1.0,1694.0,1733.0,1675.0,1693.0,685200.0
2025-10-09,57270,1686.0,1701.0,1650.0,1676.0,0,0,508100.0,846783800.0,1.0,1686.0,1701.0,1650.0,1676.0,508100.0
2025-10-10,57270,1636.0,1638.0,1558.0,1570.0,0,0,898200.0,1424437200.0,1.0,1636.0,1638.0,1558.0,1570.0,898200.0
2025-10-14,57270,1568.0,1610.0,1495.0,1504.0,0,0,1009600.0,1560770000.0,1.0,1568.0,1610.0,1495.0,1504.0,1009600.0
2025-10-15,57270,1505.0,1547.0,1501.0,1529.0,0,0,588600.0,901425400.0,1.0,1505.0,1547.0,1501.0,1529.0,588600.0
2025-10-16,57270,1505.0,1528.0,1481.0,1492.0,0,0,509400.0,763728500.0,1.0,1505.0,1528.0,1481.0,1492.0,509400.0
2025-10-17,57270,1471.0,1489.0,1437.0,1446.0,0,0,904500.0,1320147200.0,1.0,1471.0,1489.0,1437.0,1446.0,904500.0
2025-10-20,57270,1448.0,1464.0,1436.0,1464.0,0,0,405500.0,588254500.0,1.0,1448.0,1464.0,1436.0,1464.0,405500.0
2025-10-21,57270,1465.0,1539.0,1463.0,1501.0,0,0,870800.0,1316489700.0,1.0,1465.0,1539.0,1463.0,1501.0,870800.0
2025-10-22,57270,1471.0,1484.0,1449.0,1468.0,0,0,662200.0,971492400.0,1.0,1471.0,1484.0,1449.0,1468.0,662200.0
2025-10-23,57270,1470.0,1509.0,1452.0,1505.0,0,0,499600.0,744003300.0,1.0,1470.0,1509.0,1452.0,1505.0,499600.0
2025-10-24,57270,1506.0,1585.0,1492.0,1582.0,0,0,801400.0,1243469300.0,1.0,1506.0,1585.0,1492.0,1582.0,801400.0
2025-10-27,57270,1597.0,1611.0,1574.0,1598.0,0,0,683000.0,1085650900.0,1.0,1597.0,1611.0,1574.0,1598.0,683000.0
2025-10-28,57270,1589.0,1589.0,1517.0,1520.0,0,0,567800.0,875987500.0,1.0,1589.0,1589.0,1517.0,1520.0,567800.0
2025-10-29,57270,1522.0,1570.0,1519.0,1537.0,0,0,519800.0,801184000.0,1.0,1522.0,1570.0,1519.0,1537.0,519800.0
