Date,Code,Open,High,Low,Close,UpperLimit,LowerLimit,Volume,TurnoverValue,AdjustmentFactor,AdjustmentOpen,AdjustmentHigh,AdjustmentLow,AdjustmentClose,AdjustmentVolume
2021-07-30,62270,1941.0,2043.0,1676.0,1707.0,0,0,6369200.0,12176413300.0,1.0,1941.0,2043.0,1676.0,1707.0,6369200.0
2021-08-02,62270,1667.0,1890.0,1597.0,1819.0,0,0,3105100.0,5529667900.0,1.0,1667.0,1890.0,1597.0,1819.0,3105100.0
2021-08-03,62270,1739.0,1845.0,1720.0,1800.0,0,0,844800.0,1497037000.0,1.0,1739.0,1845.0,1720.0,1800.0,844800.0
2021-08-04,62270,1782.0,1805.0,1659.0,1742.0,0,0,293900.0,507839600.0,1.0,1782.0,1805.0,1659.0,1742.0,293900.0
2021-08-05,62270,1710.0,1766.0,1669.0,1728.0,0,0,102600.0,175823600.0,1.0,1710.0,1766.0,1669.0,1728.0,102600.0
2021-08-06,62270,1700.0,1818.0,1696.0,1817.0,0,0,287100.0,503654800.0,1.0,1700.0,1818.0,1696.0,1817.0,287100.0
2021-08-10,62270,1897.0,1965.0,1750.0,1755.0,0,0,1463300.0,2736910300.0,1.0,1897.0,1965.0,1750.0,1755.0,1463300.0
2021-08-11,62270,1740.0,1860.0,1690.0,1841.0,0,0,385200.0,681739000.0,1.0,1740.0,1860.0,1690.0,1841.0,385200.0
2021-08-12,62270,1802.0,1847.0,1773.0,1794.0,0,0,157700.0,284074200.0,1.0,1802.0,1847.0,1773.0,1794.0,157700.0
2021-08-13,62270,1806.0,1833.0,1743.0,1743.0,0,0,106300.0,190216200.0,1.0,1806.0,1833.0,1743.0,1743.0,106300.0
2021-08-16,62270,1743.0,1750.0,1700.0,1714.0,0,0,71000.0,122343700.0,1.0,1743.0,1750.0,1700.0,1714.0,71000.0
2021-08-17,62270,1710.0,1763.0,1660.0,1667.0,0,0,85100.0,143973800.0,1.0,1710.0,1763.0,1660.0,1667.0,85100.0
2021-08-18,62270,1648.0,1686.0,1615.0,1674.0,0,0,68700.0,113248800.0,1.0,1648.0,1686.0,1615.0,1674.0,68700.0
2021-08-19,62270,1634.0,1661.0,1600.0,1604.0,0,0,126400.0,204489500.0,1.0,1634.0,1661.0,1600.0,1604.0,126400.0
2021-08-20,62270,1588.0,1608.0,1502.0,1517.0,0,0,139500.0,215884300.0,1.0,1588.0,1608.0,1502.0,1517.0,139500.0
2021-08-23,62270,1568.0,1729.0,1565.0,1680.0,0,0,222300.0,371186000.0,1.0,1568.0,1729.0,1565.0,1680.0,222300.0
2021-08-24,62270,1711.0,1716.0,1653.0,1664.0,0,0,115200.0,194050000.0,1.0,1711.0,1716.0,1653.0,1664.0,115200.0
2021-08-25,62270,1666.0,1805.0,1657.0,1796.0,0,0,197500.0,347013000.0,1.0,1666.0,1805.0,1657.0,1796.0,197500.0
2021-08-26,62270,1783.0,1847.0,1756.0,1828.0,0,0,178200.0,321213500.0,1.0,1783.0,1847.0,1756.0,1828.0,178200.0
2021-08-27,62270,1801.0,1807.0,1751.0,1778.0,0,0,69800.0,124412800.0,1.0,1801.0,1807.0,1751.0,1778.0,69800.0
2021-08-30,62270,1815.0,1815.0,1726.0,1758.0,0,0,103100.0,183381000.0,1.0,1815.0,1815.0,1726.0,1758.0,103100.0
2021-08-31,62270,1750.0,1775.0,1733.0,1745.0,0,0,57500.0,100715400.0,1.0,1750.0,1775.0,1733.0,1745.0,57500.0
2021-09-01,62270,1732.0,1753.0,1701.0,1731.0,0,0,76900.0,132266000.0,1.0,1732.0,1753.0,1701.0,1731.0,76900.0
2021-09-02,62270,1743.0,1744.0,1696.0,1696.0,0,0,41100.0,70360400.0,1.0,1743.0,1744.0,1696.0,1696.0,41100.0
2021-09-03,62270,1677.0,1755.0,1674.0,1723.0,0,0,77500.0,132950900.0,1.0,1677.0,1755.0,1674.0,1723.0,77500.0
2021-09-06,62270,1776.0,1777.0,1725.0,1755.0,0,0,49000.0,85658200.0,1.0,1776.0,1777.0,1725.0,1755.0,49000.0
2021-09-07,62270,1755.0,1755.0,1716.0,1721.0,0,0,50000.0,86703100.0,1.0,1755.0,1755.0,1716.0,1721.0,50000.0
2021-09-08,62270,1715.0,1750.0,1696.0,1700.0,0,0,52400.0,89417100.0,1.0,1715.0,1750.0,1696.0,1700.0,52400.0
2021-09-09,62270,1694.0,1742.0,1685.0,1723.0,0,0,35400.0,60557400.0,1.0,1694.0,1742.0,1685.0,1723.0,35400.0
2021-09-10,62270,1730.0,1737.0,1691.0,1705.0,0,0,46700.0,79536100.0,1.0,1730.0,1737.0,1691.0,1705.0,46700.0
2021-09-13,62270,1721.0,1740.0,1693.0,1717.0,0,0,54500.0,93699800.0,1.0,1721.0,1740.0,1693.0,1717.0,54500.0
2021-09-14,62270,1720.0,1732.0,1681.0,1693.0,0,0,59900.0,101929000.0,1.0,1720.0,1732.0,1681.0,1693.0,59900.0
2021-09-15,62270,1675.0,1683.0,1651.0,1654.0,0,0,48700.0,81130100.0,1.0,1675.0,1683.0,1651.0,1654.0,48700.0
2021-09-16,62270,1670.0,1675.0,1600.0,1630.0,0,0,65800.0,106679000.0,1.0,1670.0,1675.0,1600.0,1630.0,65800.0
2021-09-17,62270,1607.0,1634.0,1605.0,1621.0,0,0,21200.0,34326900.0,1.0,1607.0,1634.0,1605.0,1621.0,21200.0
2021-09-21,62270,1545.0,1603.0,1545.0,1578.0,0,0,54500.0,86051800.0,1.0,1545.0,1603.0,1545.0,1578.0,54500.0
2021-09-22,62270,1585.0,1605.0,1557.0,1557.0,0,0,51300.0,80970200.0,1.0,1585.0,1605.0,1557.0,1557.0,51300.0
2021-09-24,62270,1589.0,1589.0,1555.0,1557.0,0,0,48400.0,75610400.0,1.0,1589.0,1589.0,1555.0,1557.0,48400.0
2021-09-27,62270,1557.0,1611.0,1557.0,1571.0,0,0,55700.0,88109800.0,1.0,1557.0,1611.0,1557.0,1571.0,55700.0
2021-09-28,62270,1581.0,1584.0,1553.0,1553.0,0,0,23500.0,36746200.0,1.0,1581.0,1584.0,1553.0,1553.0,23500.0
2021-09-29,62270,1520.0,1531.0,1513.0,1524.0,0,0,62900.0,95620900.0,1.0,1520.0,1531.0,1513.0,1524.0,62900.0
2021-09-30,62270,1525.0,1550.0,1518.0,1525.0,0,0,17700.0,27064600.0,1.0,1525.0,1550.0,1518.0,1525.0,17700.0
2021-10-01,62270,1517.0,1525.0,1492.0,1495.0,0,0,41900.0,62980500.0,1.0,1517.0,1525.0,1492.0,1495.0,41900.0
2021-10-04,62270,1502.0,1505.0,1403.0,1421.0,0,0,83200.0,119830400.0,1.0,1502.0,1505.0,1403.0,1421.0,83200.0
2021-10-05,62270,1412.0,1448.0,1370.0,1428.0,0,0,77300.0,109022300.0,1.0,1412.0,1448.0,1370.0,1428.0,77300.0
2021-10-06,62270,1418.0,1443.0,1401.0,1409.0,0,0,43300.0,61313200.0,1.0,1418.0,1443.0,1401.0,1409.0,43300.0
2021-10-07,62270,1409.0,1418.0,1382.0,1389.0,0,0,31100.0,43529800.0,1.0,1409.0,1418.0,1382.0,1389.0,31100.0
2021-10-08,62270,1391.0,1399.0,1381.0,1386.0,0,0,48500.0,67379800.0,1.0,1391.0,1399.0,1381.0,1386.0,48500.0
2021-10-11,62270,1385.0,1413.0,1379.0,1379.0,0,0,56700.0,79035300.0,1.0,1385.0,1413.0,1379.0,1379.0,56700.0
2021-10-12,62270,1383.0,1423.0,1371.0,1375.0,0,0,65200.0,90522900.0,1.0,1383.0,1423.0,1371.0,1375.0,65200.0
2021-10-13,62270,1380.0,1380.0,1322.0,1337.0,0,0,68200.0,91593200.0,1.0,1380.0,1380.0,1322.0,1337.0,68200.0
2021-10-14,62270,1330.0,1358.0,1319.0,1321.0,0,0,52100.0,69158300.0,1.0,1330.0,1358.0,1319.0,1321.0,52100.0
2021-10-15,62270,1327.0,1436.0,1327.0,1434.0,0,0,117300.0,164400800.0,1.0,1327.0,1436.0,1327.0,1434.0,117300.0
2021-10-18,62270,1439.0,1462.0,1387.0,1418.0,0,0,53000.0,75197400.0,1.0,1439.0,1462.0,1387.0,1418.0,53000.0
2021-10-19,62270,1421.0,1438.0,1395.0,1435.0,0,0,28300.0,40142700.0,1.0,1421.0,1438.0,1395.0,1435.0,28300.0
2021-10-20,62270,1456.0,1462.0,1419.0,1422.0,0,0,46900.0,67478800.0,1.0,1456.0,1462.0,1419.0,1422.0,46900.0
2021-10-21,62270,1423.0,1426.0,1362.0,1362.0,0,0,65800.0,92149300.0,1.0,1423.0,1426.0,1362.0,1362.0,65800.0
2021-10-22,62270,1355.0,1417.0,1355.0,1401.0,0,0,62900.0,87519600.0,1.0,1355.0,1417.0,1355.0,1401.0,62900.0
2021-10-25,62270,1400.0,1427.0,1360.0,1420.0,0,0,48800.0,68047900.0,1.0,1400.0,1427.0,1360.0,1420.0,48800.0
2021-10-26,62270,1428.0,1526.0,1425.0,1500.0,0,0,158900.0,237358300.0,1.0,1428.0,1526.0,1425.0,1500.0,158900.0
2021-10-27,62270,1500.0,1542.0,1473.0,1527.0,0,0,90100.0,136494800.0,1.0,1500.0,1542.0,1473.0,1527.0,90100.0
2021-10-28,62270,1529.0,1548.0,1493.0,1531.0,0,0,81900.0,124216600.0,1.0,1529.0,1548.0,1493.0,1531.0,81900.0
2021-10-29,62270,1547.0,1550.0,1494.0,1500.0,0,0,67300.0,101876900.0,1.0,1547.0,1550.0,1494.0,1500.0,67300.0
2021-11-01,62270,1522.0,1597.0,1500.0,1583.0,0,0,109800.0,172384200.0,1.0,1522.0,1597.0,1500.0,1583.0,109800.0
2021-11-02,62270,1586.0,1586.0,1540.0,1553.0,0,0,72600.0,113095500.0,1.0,1586.0,1586.0,1540.0,1553.0,72600.0
2021-11-04,62270,1581.0,1583.0,1521.0,1526.0,0,0,74200.0,114352700.0,1.0,1581.0,1583.0,1521.0,1526.0,74200.0
2021-11-05,62270,1520.0,1528.0,1450.0,1505.0,0,0,86700.0,128918800.0,1.0,1520.0,1528.0,1450.0,1505.0,86700.0
2021-11-08,62270,1505.0,1545.0,1473.0,1478.0,0,0,54200.0,81604000.0,1.0,1505.0,1545.0,1473.0,1478.0,54200.0
2021-11-09,62270,1466.0,1490.0,1435.0,1451.0,0,0,55800.0,81186600.0,1.0,1466.0,1490.0,1435.0,1451.0,55800.0
2021-11-10,62270,1445.0,1510.0,1432.0,1500.0,0,0,108200.0,160602200.0,1.0,1445.0,1510.0,1432.0,1500.0,108200.0
2021-11-11,62270,1310.0,1335.0,1240.0,1296.0,0,0,359200.0,463170400.0,1.0,1310.0,1335.0,1240.0,1296.0,359200.0
2021-11-12,62270,1320.0,1394.0,1300.0,1394.0,0,0,124200.0,167281600.0,1.0,1320.0,1394.0,1300.0,1394.0,124200.0
2021-11-15,62270,1399.0,1437.0,1362.0,1428.0,0,0,103100.0,144349100.0,1.0,1399.0,1437.0,1362.0,1428.0,103100.0
2021-11-16,62270,1437.0,1514.0,1431.0,1495.0,0,0,130600.0,194058100.0,1.0,1437.0,1514.0,1431.0,1495.0,130600.0
2021-11-17,62270,1515.0,1555.0,1475.0,1530.0,0,0,122800.0,187538700.0,1.0,1515.0,1555.0,1475.0,1530.0,122800.0
2021-11-18,62270,1530.0,1530.0,1483.0,1486.0,0,0,77400.0,115820500.0,1.0,1530.0,1530.0,1483.0,1486.0,77400.0
2021-11-19,62270,1508.0,1520.0,1466.0,1490.0,0,0,67600.0,100618700.0,1.0,1508.0,1520.0,1466.0,1490.0,67600.0
2021-11-22,62270,1508.0,1508.0,1440.0,1462.0,0,0,42500.0,61954500.0,1.0,1508.0,1508.0,1440.0,1462.0,42500.0
2021-11-24,62270,1478.0,1478.0,1409.0,1433.0,0,0,67700.0,97100600.0,1.0,1478.0,1478.0,1409.0,1433.0,67700.0
2021-11-25,62270,1447.0,1447.0,1375.0,1384.0,0,0,63800.0,88918200.0,1.0,1447.0,1447.0,1375.0,1384.0,63800.0
2021-11-26,62270,1504.0,1584.0,1387.0,1569.0,0,0,1178400.0,1782280600.0,1.0,1504.0,1584.0,1387.0,1569.0,1178400.0
2021-11-29,62270,1529.0,1550.0,1401.0,1408.0,0,0,474200.0,694976400.0,1.0,1529.0,1550.0,1401.0,1408.0,474200.0
2021-11-30,62270,1449.0,1469.0,1341.0,1348.0,0,0,275600.0,389340200.0,1.0,1449.0,1469.0,1341.0,1348.0,275600.0
2021-12-01,62270,1330.0,1376.0,1302.0,1330.0,0,0,145600.0,193938500.0,1.0,1330.0,1376.0,1302.0,1330.0,145600.0
2021-12-02,62270,1300.0,1325.0,1265.0,1285.0,0,0,156800.0,202139900.0,1.0,1300.0,1325.0,1265.0,1285.0,156800.0
2021-12-03,62270,1295.0,1348.0,1295.0,1306.0,0,0,80000.0,104840500.0,1.0,1295.0,1348.0,1295.0,1306.0,80000.0
2021-12-06,62270,1310.0,1331.0,1268.0,1294.0,0,0,86900.0,111757000.0,1.0,1310.0,1331.0,1268.0,1294.0,86900.0
2021-12-07,62270,1300.0,1339.0,1300.0,1330.0,0,0,65000.0,85659900.0,1.0,1300.0,1339.0,1300.0,1330.0,65000.0
2021-12-08,62270,1350.0,1363.0,1326.0,1340.0,0,0,74100.0,99458900.0,1.0,1350.0,1363.0,1326.0,1340.0,74100.0
2021-12-09,62270,1345.0,1345.0,1307.0,1339.0,0,0,71100.0,93997600.0,1.0,1345.0,1345.0,1307.0,1339.0,71100.0
2021-12-10,62270,1349.0,1349.0,1280.0,1291.0,0,0,84900.0,110957400.0,1.0,1349.0,1349.0,1280.0,1291.0,84900.0
2021-12-13,62270,1308.0,1318.0,1262.0,1280.0,0,0,78400.0,100765600.0,1.0,1308.0,1318.0,1262.0,1280.0,78400.0
2021-12-14,62270,1264.0,1296.0,1237.0,1247.0,0,0,101000.0,126984900.0,1.0,1264.0,1296.0,1237.0,1247.0,101000.0
2021-12-15,62270,1236.0,1294.0,1235.0,1280.0,0,0,98500.0,125085800.0,1.0,1236.0,1294.0,1235.0,1280.0,98500.0
2021-12-16,62270,1300.0,1330.0,1270.0,1290.0,0,0,109000.0,140832400.0,1.0,1300.0,1330.0,1270.0,1290.0,109000.0
2021-12-17,62270,1280.0,1286.0,1247.0,1251.0,0,0,101300.0,128281400.0,1.0,1280.0,1286.0,1247.0,1251.0,101300.0
2021-12-20,62270,1245.0,1251.0,1191.0,1193.0,0,0,134300.0,162654400.0,1.0,1245.0,1251.0,1191.0,1193.0,134300.0
2021-12-21,62270,1206.0,1220.0,1170.0,1194.0,0,0,111300.0,133397000.0,1.0,1206.0,1220.0,1170.0,1194.0,111300.0
2021-12-22,62270,1203.0,1227.0,1201.0,1223.0,0,0,94600.0,115078800.0,1.0,1203.0,1227.0,1201.0,1223.0,94600.0
2021-12-23,62270,1229.0,1249.0,1217.0,1229.0,0,0,79800.0,98308900.0,1.0,1229.0,1249.0,1217.0,1229.0,79800.0
2021-12-24,62270,1245.0,1319.0,1239.0,1303.0,0,0,153400.0,196815900.0,1.0,1245.0,1319.0,1239.0,1303.0,153400.0
2021-12-27,62270,1310.0,1348.0,1285.0,1286.0,0,0,144100.0,188582900.0,1.0,1310.0,1348.0,1285.0,1286.0,144100.0
2021-12-28,62270,1286.0,1299.0,1232.0,1232.0,0,0,215800.0,269519900.0,1.0,1286.0,1299.0,1232.0,1232.0,215800.0
2021-12-29,62270,1232.0,1323.0,1231.0,1320.0,0,0,139900.0,180650900.0,1.0,1232.0,1323.0,1231.0,1320.0,139900.0
2021-12-30,62270,1320.0,1420.0,1306.0,1387.0,0,0,285900.0,393767000.0,1.0,1320.0,1420.0,1306.0,1387.0,285900.0
2022-01-04,62270,1385.0,1389.0,1338.0,1369.0,0,0,196900.0,267748800.0,1.0,1385.0,1389.0,1338.0,1369.0,196900.0
2022-01-05,62270,1374.0,1402.0,1334.0,1359.0,0,0,138800.0,189579200.0,1.0,1374.0,1402.0,1334.0,1359.0,138800.0
2022-01-06,62270,1315.0,1334.0,1300.0,1303.0,0,0,112100.0,147042700.0,1.0,1315.0,1334.0,1300.0,1303.0,112100.0
2022-01-07,62270,1307.0,1315.0,1250.0,1269.0,0,0,103700.0,132090800.0,1.0,1307.0,1315.0,1250.0,1269.0,103700.0
2022-01-11,62270,1296.0,1296.0,1263.0,1270.0,0,0,44100.0,56347000.0,1.0,1296.0,1296.0,1263.0,1270.0,44100.0
2022-01-12,62270,1300.0,1333.0,1296.0,1311.0,0,0,56700.0,74338400.0,1.0,1300.0,1333.0,1296.0,1311.0,56700.0
2022-01-13,62270,1313.0,1330.0,1286.0,1294.0,0,0,34600.0,44952500.0,1.0,1313.0,1330.0,1286.0,1294.0,34600.0
2022-01-14,62270,1272.0,1285.0,1238.0,1274.0,0,0,78900.0,99014400.0,1.0,1272.0,1285.0,1238.0,1274.0,78900.0
2022-01-17,62270,1277.0,1291.0,1241.0,1241.0,0,0,44900.0,56433600.0,1.0,1277.0,1291.0,1241.0,1241.0,44900.0
2022-01-18,62270,1246.0,1285.0,1225.0,1235.0,0,0,63800.0,79522100.0,1.0,1246.0,1285.0,1225.0,1235.0,63800.0
2022-01-19,62270,1218.0,1225.0,1164.0,1175.0,0,0,138100.0,164476600.0,1.0,1218.0,1225.0,1164.0,1175.0,138100.0
2022-01-20,62270,1175.0,1201.0,1155.0,1201.0,0,0,57000.0,67070400.0,1.0,1175.0,1201.0,1155.0,1201.0,57000.0
2022-01-21,62270,1159.0,1185.0,1141.0,1180.0,0,0,58600.0,67881700.0,1.0,1159.0,1185.0,1141.0,1180.0,58600.0
2022-01-24,62270,1157.0,1200.0,1153.0,1188.0,0,0,24000.0,28165800.0,1.0,1157.0,1200.0,1153.0,1188.0,24000.0
2022-01-25,62270,1189.0,1190.0,1154.0,1160.0,0,0,40100.0,46667500.0,1.0,1189.0,1190.0,1154.0,1160.0,40100.0
2022-01-26,62270,1157.0,1259.0,1156.0,1232.0,0,0,40900.0,49104400.0,1.0,1157.0,1259.0,1156.0,1232.0,40900.0
2022-01-27,62270,1251.0,1251.0,1168.0,1180.0,0,0,45900.0,55324200.0,1.0,1251.0,1251.0,1168.0,1180.0,45900.0
2022-01-28,62270,1200.0,1205.0,1160.0,1163.0,0,0,42600.0,50002100.0,1.0,1200.0,1205.0,1160.0,1163.0,42600.0
2022-01-31,62270,1165.0,1214.0,1165.0,1189.0,0,0,59800.0,70937300.0,1.0,1165.0,1214.0,1165.0,1189.0,59800.0
2022-02-01,62270,1249.0,1253.0,1205.0,1215.0,0,0,54000.0,66697400.0,1.0,1249.0,1253.0,1205.0,1215.0,54000.0
2022-02-02,62270,1231.0,1268.0,1222.0,1251.0,0,0,31100.0,38879100.0,1.0,1231.0,1268.0,1222.0,1251.0,31100.0
2022-02-03,62270,1250.0,1250.0,1208.0,1221.0,0,0,28300.0,34754800.0,1.0,1250.0,1250.0,1208.0,1221.0,28300.0
2022-02-04,62270,1213.0,1260.0,1211.0,1259.0,0,0,15500.0,19162300.0,1.0,1213.0,1260.0,1211.0,1259.0,15500.0
2022-02-07,62270,1229.0,1229.0,1181.0,1199.0,0,0,46300.0,55705700.0,1.0,1229.0,1229.0,1181.0,1199.0,46300.0
2022-02-08,62270,1199.0,1210.0,1180.0,1185.0,0,0,37700.0,44984000.0,1.0,1199.0,1210.0,1180.0,1185.0,37700.0
2022-02-09,62270,1190.0,1239.0,1189.0,1233.0,0,0,43700.0,52998200.0,1.0,1190.0,1239.0,1189.0,1233.0,43700.0
2022-02-10,62270,1223.0,1255.0,1223.0,1236.0,0,0,43600.0,53944800.0,1.0,1223.0,1255.0,1223.0,1236.0,43600.0
2022-02-14,62270,1147.0,1190.0,1146.0,1183.0,0,0,75500.0,87739800.0,1.0,1147.0,1190.0,1146.0,1183.0,75500.0
2022-02-15,62270,1183.0,1183.0,1140.0,1143.0,0,0,77100.0,88680700.0,1.0,1183.0,1183.0,1140.0,1143.0,77100.0
2022-02-16,62270,1182.0,1182.0,1136.0,1143.0,0,0,56900.0,65344400.0,1.0,1182.0,1182.0,1136.0,1143.0,56900.0
2022-02-17,62270,1145.0,1145.0,1108.0,1122.0,0,0,52700.0,59272300.0,1.0,1145.0,1145.0,1108.0,1122.0,52700.0
2022-02-18,62270,1101.0,1120.0,1096.0,1109.0,0,0,50600.0,55901800.0,1.0,1101.0,1120.0,1096.0,1109.0,50600.0
2022-02-21,62270,1088.0,1138.0,1078.0,1138.0,0,0,28400.0,31182600.0,1.0,1088.0,1138.0,1078.0,1138.0,28400.0
2022-02-22,62270,1133.0,1133.0,1100.0,1108.0,0,0,26400.0,29344700.0,1.0,1133.0,1133.0,1100.0,1108.0,26400.0
2022-02-24,62270,1092.0,1125.0,1069.0,1084.0,0,0,40200.0,43681500.0,1.0,1092.0,1125.0,1069.0,1084.0,40200.0
2022-02-25,62270,1089.0,1125.0,1089.0,1107.0,0,0,31100.0,34246900.0,1.0,1089.0,1125.0,1089.0,1107.0,31100.0
2022-02-28,62270,1121.0,1135.0,1101.0,1133.0,0,0,18200.0,20428500.0,1.0,1121.0,1135.0,1101.0,1133.0,18200.0
2022-03-01,62270,1141.0,1160.0,1126.0,1159.0,0,0,31800.0,36527500.0,1.0,1141.0,1160.0,1126.0,1159.0,31800.0
2022-03-02,62270,1219.0,1265.0,1207.0,1233.0,0,0,231400.0,286123200.0,1.0,1219.0,1265.0,1207.0,1233.0,231400.0
2022-03-03,62270,1253.0,1253.0,1211.0,1240.0,0,0,64400.0,79209800.0,1.0,1253.0,1253.0,1211.0,1240.0,64400.0
2022-03-04,62270,1217.0,1220.0,1169.0,1186.0,0,0,58000.0,69013900.0,1.0,1217.0,1220.0,1169.0,1186.0,58000.0
2022-03-07,62270,1231.0,1231.0,1139.0,1168.0,0,0,62000.0,72862100.0,1.0,1231.0,1231.0,1139.0,1168.0,62000.0
2022-03-08,62270,1138.0,1170.0,1118.0,1118.0,0,0,57600.0,65692200.0,1.0,1138.0,1170.0,1118.0,1118.0,57600.0
2022-03-09,62270,1100.0,1157.0,1100.0,1123.0,0,0,51100.0,57732200.0,1.0,1100.0,1157.0,1100.0,1123.0,51100.0
2022-03-10,62270,1160.0,1199.0,1160.0,1184.0,0,0,27100.0,31866800.0,1.0,1160.0,1199.0,1160.0,1184.0,27100.0
2022-03-11,62270,1180.0,1199.0,1162.0,1187.0,0,0,27200.0,32029300.0,1.0,1180.0,1199.0,1162.0,1187.0,27200.0
2022-03-14,62270,1185.0,1193.0,1131.0,1151.0,0,0,46600.0,53935200.0,1.0,1185.0,1193.0,1131.0,1151.0,46600.0
2022-03-15,62270,1129.0,1185.0,1129.0,1171.0,0,0,22100.0,25576100.0,1.0,1129.0,1185.0,1129.0,1171.0,22100.0
2022-03-16,62270,1195.0,1215.0,1178.0,1210.0,0,0,62200.0,74499300.0,1.0,1195.0,1215.0,1178.0,1210.0,62200.0
2022-03-17,62270,1220.0,1243.0,1218.0,1235.0,0,0,45000.0,55449000.0,1.0,1220.0,1243.0,1218.0,1235.0,45000.0
2022-03-18,62270,1227.0,1285.0,1227.0,1282.0,0,0,85000.0,107909400.0,1.0,1227.0,1285.0,1227.0,1282.0,85000.0
2022-03-22,62270,1312.0,1313.0,1232.0,1262.0,0,0,57200.0,73404100.0,1.0,1312.0,1313.0,1232.0,1262.0,57200.0
2022-03-23,62270,1292.0,1310.0,1275.0,1297.0,0,0,52100.0,67486800.0,1.0,1292.0,1310.0,1275.0,1297.0,52100.0
2022-03-24,62270,1288.0,1349.0,1275.0,1345.0,0,0,64100.0,84960000.0,1.0,1288.0,1349.0,1275.0,1345.0,64100.0
2022-03-25,62270,1350.0,1372.0,1325.0,1367.0,0,0,69300.0,93915700.0,1.0,1350.0,1372.0,1325.0,1367.0,69300.0
2022-03-28,62270,1370.0,1372.0,1313.0,1326.0,0,0,28100.0,37526500.0,1.0,1370.0,1372.0,1313.0,1326.0,28100.0
2022-03-29,62270,1313.0,1350.0,1311.0,1336.0,0,0,29500.0,39333800.0,1.0,1313.0,1350.0,1311.0,1336.0,29500.0
2022-03-30,62270,1365.0,1470.0,1364.0,1465.0,0,0,177400.0,253636600.0,1.0,1365.0,1470.0,1364.0,1465.0,177400.0
2022-03-31,62270,1460.0,1535.0,1425.0,1482.0,0,0,136400.0,203293800.0,1.0,1460.0,1535.0,1425.0,1482.0,136400.0
2022-04-01,62270,1460.0,1520.0,1451.0,1517.0,0,0,79600.0,118368800.0,1.0,1460.0,1520.0,1451.0,1517.0,79600.0
2022-04-04,62270,1520.0,1536.0,1485.0,1493.0,0,0,69300.0,104210200.0,1.0,1520.0,1536.0,1485.0,1493.0,69300.0
2022-04-05,62270,1500.0,1513.0,1460.0,1469.0,0,0,59800.0,88297500.0,1.0,1500.0,1513.0,1460.0,1469.0,59800.0
2022-04-06,62270,1449.0,1449.0,1412.0,1435.0,0,0,39500.0,56460000.0,1.0,1449.0,1449.0,1412.0,1435.0,39500.0
2022-04-07,62270,1391.0,1419.0,1372.0,1387.0,0,0,51800.0,72168100.0,1.0,1391.0,1419.0,1372.0,1387.0,51800.0
2022-04-08,62270,1390.0,1414.0,1377.0,1399.0,0,0,15200.0,21196100.0,1.0,1390.0,1414.0,1377.0,1399.0,15200.0
2022-04-11,62270,1399.0,1412.0,1365.0,1370.0,0,0,21100.0,29156900.0,1.0,1399.0,1412.0,1365.0,1370.0,21100.0
2022-04-12,62270,1370.0,1410.0,1355.0,1371.0,0,0,18600.0,25731400.0,1.0,1370.0,1410.0,1355.0,1371.0,18600.0
2022-04-13,62270,1401.0,1448.0,1393.0,1433.0,0,0,43400.0,62008600.0,1.0,1401.0,1448.0,1393.0,1433.0,43400.0
2022-04-14,62270,1448.0,1480.0,1417.0,1442.0,0,0,59400.0,86472700.0,1.0,1448.0,1480.0,1417.0,1442.0,59400.0
2022-04-15,62270,1467.0,1467.0,1406.0,1420.0,0,0,39400.0,56064900.0,1.0,1467.0,1467.0,1406.0,1420.0,39400.0
2022-04-18,62270,1430.0,1460.0,1395.0,1436.0,0,0,35900.0,51034100.0,1.0,1430.0,1460.0,1395.0,1436.0,35900.0
2022-04-19,62270,1440.0,1538.0,1437.0,1533.0,0,0,125000.0,188761200.0,1.0,1440.0,1538.0,1437.0,1533.0,125000.0
2022-04-20,62270,1533.0,1533.0,1470.0,1483.0,0,0,68500.0,102791700.0,1.0,1533.0,1533.0,1470.0,1483.0,68500.0
2022-04-21,62270,1485.0,1502.0,1463.0,1486.0,0,0,32600.0,48318000.0,1.0,1485.0,1502.0,1463.0,1486.0,32600.0
2022-04-22,62270,1464.0,1500.0,1446.0,1466.0,0,0,41600.0,61121800.0,1.0,1464.0,1500.0,1446.0,1466.0,41600.0
2022-04-25,62270,1436.0,1475.0,1405.0,1445.0,0,0,37600.0,54310500.0,1.0,1436.0,1475.0,1405.0,1445.0,37600.0
2022-04-26,62270,1455.0,1476.0,1418.0,1433.0,0,0,39500.0,56847500.0,1.0,1455.0,1476.0,1418.0,1433.0,39500.0
2022-04-27,62270,1401.0,1411.0,1361.0,1389.0,0,0,64600.0,89029200.0,1.0,1401.0,1411.0,1361.0,1389.0,64600.0
2022-04-28,62270,1370.0,1395.0,1367.0,1381.0,0,0,21000.0,28958800.0,1.0,1370.0,1395.0,1367.0,1381.0,21000.0
2022-05-02,62270,1375.0,1383.0,1357.0,1368.0,0,0,36600.0,50023700.0,1.0,1375.0,1383.0,1357.0,1368.0,36600.0
2022-05-06,62270,1368.0,1368.0,1323.0,1339.0,0,0,30800.0,41517000.0,1.0,1368.0,1368.0,1323.0,1339.0,30800.0
2022-05-09,62270,1341.0,1366.0,1318.0,1324.0,0,0,26100.0,34790800.0,1.0,1341.0,1366.0,1318.0,1324.0,26100.0
2022-05-10,62270,1310.0,1331.0,1288.0,1314.0,0,0,33700.0,43962500.0,1.0,1310.0,1331.0,1288.0,1314.0,33700.0
2022-05-11,62270,1314.0,1337.0,1302.0,1325.0,0,0,33000.0,43517300.0,1.0,1314.0,1337.0,1302.0,1325.0,33000.0
2022-05-12,62270,1302.0,1338.0,1290.0,1293.0,0,0,36800.0,47932400.0,1.0,1302.0,1338.0,1290.0,1293.0,36800.0
2022-05-13,62270,1289.0,1321.0,1286.0,1319.0,0,0,39200.0,51178800.0,1.0,1289.0,1321.0,1286.0,1319.0,39200.0
2022-05-16,62270,1236.0,1250.0,1165.0,1170.0,0,0,122000.0,145782000.0,1.0,1236.0,1250.0,1165.0,1170.0,122000.0
2022-05-17,62270,1175.0,1192.0,1160.0,1180.0,0,0,29700.0,34947300.0,1.0,1175.0,1192.0,1160.0,1180.0,29700.0
2022-05-18,62270,1180.0,1218.0,1180.0,1203.0,0,0,35700.0,42927500.0,1.0,1180.0,1218.0,1180.0,1203.0,35700.0
2022-05-19,62270,1201.0,1276.0,1190.0,1257.0,0,0,84100.0,103740700.0,1.0,1201.0,1276.0,1190.0,1257.0,84100.0
2022-05-20,62270,1317.0,1325.0,1230.0,1287.0,0,0,175000.0,223544100.0,1.0,1317.0,1325.0,1230.0,1287.0,175000.0
2022-05-23,62270,1348.0,1492.0,1341.0,1389.0,0,0,446600.0,626507600.0,1.0,1348.0,1492.0,1341.0,1389.0,446600.0
2022-05-24,62270,1350.0,1359.0,1304.0,1311.0,0,0,117200.0,155749000.0,1.0,1350.0,1359.0,1304.0,1311.0,117200.0
2022-05-25,62270,1312.0,1382.0,1287.0,1345.0,0,0,72300.0,95798100.0,1.0,1312.0,1382.0,1287.0,1345.0,72300.0
2022-05-26,62270,1315.0,1406.0,1315.0,1395.0,0,0,109700.0,150218300.0,1.0,1315.0,1406.0,1315.0,1395.0,109700.0
2022-05-27,62270,1411.0,1510.0,1411.0,1497.0,0,0,232000.0,341097200.0,1.0,1411.0,1510.0,1411.0,1497.0,232000.0
2022-05-30,62270,1490.0,1495.0,1431.0,1440.0,0,0,103700.0,151339700.0,1.0,1490.0,1495.0,1431.0,1440.0,103700.0
2022-05-31,62270,1426.0,1440.0,1394.0,1425.0,0,0,50400.0,71518700.0,1.0,1426.0,1440.0,1394.0,1425.0,50400.0
2022-06-01,62270,1439.0,1439.0,1385.0,1400.0,0,0,53600.0,74995800.0,1.0,1439.0,1439.0,1385.0,1400.0,53600.0
2022-06-02,62270,1400.0,1400.0,1364.0,1377.0,0,0,35900.0,49481000.0,1.0,1400.0,1400.0,1364.0,1377.0,35900.0
2022-06-03,62270,1398.0,1421.0,1374.0,1380.0,0,0,45600.0,63718100.0,1.0,1398.0,1421.0,1374.0,1380.0,45600.0
2022-06-06,62270,1378.0,1415.0,1357.0,1402.0,0,0,34800.0,48554400.0,1.0,1378.0,1415.0,1357.0,1402.0,34800.0
2022-06-07,62270,1406.0,1470.0,1399.0,1436.0,0,0,62000.0,89028500.0,1.0,1406.0,1470.0,1399.0,1436.0,62000.0
2022-06-08,62270,1443.0,1476.0,1433.0,1449.0,0,0,37800.0,54838400.0,1.0,1443.0,1476.0,1433.0,1449.0,37800.0
2022-06-09,62270,1449.0,1449.0,1418.0,1448.0,0,0,27700.0,39704800.0,1.0,1449.0,1449.0,1418.0,1448.0,27700.0
2022-06-10,62270,1440.0,1440.0,1390.0,1421.0,0,0,40800.0,57493900.0,1.0,1440.0,1440.0,1390.0,1421.0,40800.0
2022-06-13,62270,1391.0,1404.0,1385.0,1404.0,0,0,25600.0,35662800.0,1.0,1391.0,1404.0,1385.0,1404.0,25600.0
2022-06-14,62270,1396.0,1408.0,1373.0,1408.0,0,0,22600.0,31386700.0,1.0,1396.0,1408.0,1373.0,1408.0,22600.0
2022-06-15,62270,1408.0,1415.0,1360.0,1395.0,0,0,42700.0,58713300.0,1.0,1408.0,1415.0,1360.0,1395.0,42700.0
2022-06-16,62270,1396.0,1412.0,1381.0,1394.0,0,0,27500.0,38421700.0,1.0,1396.0,1412.0,1381.0,1394.0,27500.0
2022-06-17,62270,1350.0,1381.0,1340.0,1381.0,0,0,31400.0,42541000.0,1.0,1350.0,1381.0,1340.0,1381.0,31400.0
2022-06-20,62270,1378.0,1378.0,1311.0,1350.0,0,0,33800.0,45156300.0,1.0,1378.0,1378.0,1311.0,1350.0,33800.0
2022-06-21,62270,1350.0,1369.0,1333.0,1365.0,0,0,18800.0,25395200.0,1.0,1350.0,1369.0,1333.0,1365.0,18800.0
2022-06-22,62270,1364.0,1364.0,1333.0,1333.0,0,0,16300.0,21889300.0,1.0,1364.0,1364.0,1333.0,1333.0,16300.0
2022-06-23,62270,1329.0,1346.0,1301.0,1315.0,0,0,14500.0,19120000.0,1.0,1329.0,1346.0,1301.0,1315.0,14500.0
2022-06-24,62270,1311.0,1329.0,1300.0,1311.0,0,0,32800.0,43141200.0,1.0,1311.0,1329.0,1300.0,1311.0,32800.0
2022-06-27,62270,1322.0,1353.0,1320.0,1334.0,0,0,19500.0,26010900.0,1.0,1322.0,1353.0,1320.0,1334.0,19500.0
2022-06-28,62270,1326.0,1354.0,1322.0,1348.0,0,0,24400.0,32610100.0,1.0,1326.0,1354.0,1322.0,1348.0,24400.0
2022-06-29,62270,1310.0,1327.0,1265.0,1270.0,0,0,69900.0,89956200.0,1.0,1310.0,1327.0,1265.0,1270.0,69900.0
2022-06-30,62270,1255.0,1280.0,1210.0,1222.0,0,0,53700.0,66518300.0,1.0,1255.0,1280.0,1210.0,1222.0,53700.0
2022-07-01,62270,1220.0,1220.0,1183.0,1190.0,0,0,53300.0,63875900.0,1.0,1220.0,1220.0,1183.0,1190.0,53300.0
2022-07-04,62270,1194.0,1218.0,1190.0,1202.0,0,0,42600.0,51152900.0,1.0,1194.0,1218.0,1190.0,1202.0,42600.0
2022-07-05,62270,1201.0,1227.0,1185.0,1193.0,0,0,27300.0,32756600.0,1.0,1201.0,1227.0,1185.0,1193.0,27300.0
2022-07-06,62270,1188.0,1197.0,1163.0,1170.0,0,0,41000.0,48234800.0,1.0,1188.0,1197.0,1163.0,1170.0,41000.0
2022-07-07,62270,1192.0,1195.0,1168.0,1172.0,0,0,27800.0,32895200.0,1.0,1192.0,1195.0,1168.0,1172.0,27800.0
2022-07-08,62270,1183.0,1213.0,1183.0,1192.0,0,0,26400.0,31681700.0,1.0,1183.0,1213.0,1183.0,1192.0,26400.0
2022-07-11,62270,1197.0,1205.0,1175.0,1205.0,0,0,28400.0,33814400.0,1.0,1197.0,1205.0,1175.0,1205.0,28400.0
2022-07-12,62270,1199.0,1199.0,1168.0,1176.0,0,0,29000.0,34120800.0,1.0,1199.0,1199.0,1168.0,1176.0,29000.0
2022-07-13,62270,1170.0,1199.0,1167.0,1190.0,0,0,23300.0,27532900.0,1.0,1170.0,1199.0,1167.0,1190.0,23300.0
2022-07-14,62270,1184.0,1215.0,1184.0,1196.0,0,0,16100.0,19367300.0,1.0,1184.0,1215.0,1184.0,1196.0,16100.0
2022-07-15,62270,1190.0,1200.0,1179.0,1185.0,0,0,10000.0,11885200.0,1.0,1190.0,1200.0,1179.0,1185.0,10000.0
2022-07-19,62270,1191.0,1201.0,1182.0,1192.0,0,0,7200.0,8604100.0,1.0,1191.0,1201.0,1182.0,1192.0,7200.0
2022-07-20,62270,1219.0,1220.0,1196.0,1210.0,0,0,16600.0,20082400.0,1.0,1219.0,1220.0,1196.0,1210.0,16600.0
2022-07-21,62270,1210.0,1241.0,1199.0,1241.0,0,0,25300.0,31012800.0,1.0,1210.0,1241.0,1199.0,1241.0,25300.0
2022-07-22,62270,1241.0,1241.0,1219.0,1223.0,0,0,13100.0,16065400.0,1.0,1241.0,1241.0,1219.0,1223.0,13100.0
2022-07-25,62270,1220.0,1220.0,1199.0,1201.0,0,0,10100.0,12204500.0,1.0,1220.0,1220.0,1199.0,1201.0,10100.0
2022-07-26,62270,1192.0,1206.0,1180.0,1202.0,0,0,13700.0,16388000.0,1.0,1192.0,1206.0,1180.0,1202.0,13700.0
2022-07-27,62270,1211.0,1223.0,1193.0,1223.0,0,0,11800.0,14305900.0,1.0,1211.0,1223.0,1193.0,1223.0,11800.0
2022-07-28,62270,1221.0,1239.0,1208.0,1229.0,0,0,14600.0,17784800.0,1.0,1221.0,1239.0,1208.0,1229.0,14600.0
2022-07-29,62270,1237.0,1237.0,1217.0,1227.0,0,0,8600.0,10542700.0,1.0,1237.0,1237.0,1217.0,1227.0,8600.0
2022-08-01,62270,1238.0,1238.0,1220.0,1230.0,0,0,11200.0,13773000.0,1.0,1238.0,1238.0,1220.0,1230.0,11200.0
2022-08-02,62270,1229.0,1229.0,1211.0,1219.0,0,0,11900.0,14482300.0,1.0,1229.0,1229.0,1211.0,1219.0,11900.0
2022-08-03,62270,1210.0,1225.0,1208.0,1216.0,0,0,7600.0,9225800.0,1.0,1210.0,1225.0,1208.0,1216.0,7600.0
2022-08-04,62270,1212.0,1235.0,1210.0,1219.0,0,0,17800.0,21702200.0,1.0,1212.0,1235.0,1210.0,1219.0,17800.0
2022-08-05,62270,1219.0,1229.0,1215.0,1229.0,0,0,11600.0,14175300.0,1.0,1219.0,1229.0,1215.0,1229.0,11600.0
2022-08-08,62270,1228.0,1258.0,1220.0,1258.0,0,0,32200.0,39914300.0,1.0,1228.0,1258.0,1220.0,1258.0,32200.0
2022-08-09,62270,1280.0,1280.0,1230.0,1251.0,0,0,66600.0,83482900.0,1.0,1280.0,1280.0,1230.0,1251.0,66600.0
2022-08-10,62270,1341.0,1343.0,1261.0,1285.0,0,0,181200.0,235736300.0,1.0,1341.0,1343.0,1261.0,1285.0,181200.0
2022-08-12,62270,1285.0,1310.0,1251.0,1293.0,0,0,66700.0,85616100.0,1.0,1285.0,1310.0,1251.0,1293.0,66700.0
2022-08-15,62270,1293.0,1310.0,1284.0,1298.0,0,0,33100.0,42936300.0,1.0,1293.0,1310.0,1284.0,1298.0,33100.0
2022-08-16,62270,1298.0,1332.0,1283.0,1332.0,0,0,59300.0,77914400.0,1.0,1298.0,1332.0,1283.0,1332.0,59300.0
2022-08-17,62270,1332.0,1333.0,1312.0,1322.0,0,0,28000.0,36960900.0,1.0,1332.0,1333.0,1312.0,1322.0,28000.0
2022-08-18,62270,1322.0,1372.0,1299.0,1371.0,0,0,66200.0,88999900.0,1.0,1322.0,1372.0,1299.0,1371.0,66200.0
2022-08-19,62270,1364.0,1390.0,1364.0,1381.0,0,0,42400.0,58463200.0,1.0,1364.0,1390.0,1364.0,1381.0,42400.0
2022-08-22,62270,1379.0,1379.0,1336.0,1340.0,0,0,27600.0,37290400.0,1.0,1379.0,1379.0,1336.0,1340.0,27600.0
2022-08-23,62270,1315.0,1330.0,1315.0,1330.0,0,0,17900.0,23623000.0,1.0,1315.0,1330.0,1315.0,1330.0,17900.0
2022-08-24,62270,1320.0,1343.0,1320.0,1332.0,0,0,13500.0,17941200.0,1.0,1320.0,1343.0,1320.0,1332.0,13500.0
2022-08-25,62270,1324.0,1335.0,1324.0,1335.0,0,0,10200.0,13546300.0,1.0,1324.0,1335.0,1324.0,1335.0,10200.0
2022-08-26,62270,1352.0,1355.0,1328.0,1348.0,0,0,17300.0,23229300.0,1.0,1352.0,1355.0,1328.0,1348.0,17300.0
2022-08-29,62270,1295.0,1333.0,1281.0,1323.0,0,0,26400.0,34586400.0,1.0,1295.0,1333.0,1281.0,1323.0,26400.0
2022-08-30,62270,1308.0,1326.0,1307.0,1323.0,0,0,16200.0,21367500.0,1.0,1308.0,1326.0,1307.0,1323.0,16200.0
2022-08-31,62270,1310.0,1334.0,1309.0,1327.0,0,0,9300.0,12332200.0,1.0,1310.0,1334.0,1309.0,1327.0,9300.0
2022-09-01,62270,1333.0,1368.0,1311.0,1368.0,0,0,52200.0,70276900.0,1.0,1333.0,1368.0,1311.0,1368.0,52200.0
2022-09-02,62270,1365.0,1365.0,1332.0,1342.0,0,0,35200.0,47461600.0,1.0,1365.0,1365.0,1332.0,1342.0,35200.0
2022-09-05,62270,1332.0,1335.0,1298.0,1308.0,0,0,11800.0,15511400.0,1.0,1332.0,1335.0,1298.0,1308.0,11800.0
2022-09-06,62270,1338.0,1338.0,1312.0,1313.0,0,0,11500.0,15244700.0,1.0,1338.0,1338.0,1312.0,1313.0,11500.0
2022-09-07,62270,1315.0,1315.0,1280.0,1283.0,0,0,25600.0,33177100.0,1.0,1315.0,1315.0,1280.0,1283.0,25600.0
2022-09-08,62270,1299.0,1333.0,1295.0,1311.0,0,0,45500.0,60022100.0,1.0,1299.0,1333.0,1295.0,1311.0,45500.0
2022-09-09,62270,1316.0,1349.0,1311.0,1339.0,0,0,18900.0,25279000.0,1.0,1316.0,1349.0,1311.0,1339.0,18900.0
2022-09-12,62270,1354.0,1354.0,1314.0,1314.0,0,0,24000.0,31974600.0,1.0,1354.0,1354.0,1314.0,1314.0,24000.0
2022-09-13,62270,1321.0,1325.0,1310.0,1325.0,0,0,26500.0,34909700.0,1.0,1321.0,1325.0,1310.0,1325.0,26500.0
2022-09-14,62270,1300.0,1310.0,1279.0,1286.0,0,0,36100.0,46734900.0,1.0,1300.0,1310.0,1279.0,1286.0,36100.0
2022-09-15,62270,1287.0,1289.0,1270.0,1270.0,0,0,11700.0,14975900.0,1.0,1287.0,1289.0,1270.0,1270.0,11700.0
2022-09-16,62270,1274.0,1274.0,1222.0,1246.0,0,0,47600.0,59081600.0,1.0,1274.0,1274.0,1222.0,1246.0,47600.0
2022-09-20,62270,1246.0,1246.0,1213.0,1220.0,0,0,28800.0,35286800.0,1.0,1246.0,1246.0,1213.0,1220.0,28800.0
2022-09-21,62270,1211.0,1230.0,1196.0,1205.0,0,0,43000.0,51962900.0,1.0,1211.0,1230.0,1196.0,1205.0,43000.0
2022-09-22,62270,1203.0,1220.0,1193.0,1220.0,0,0,19200.0,23157100.0,1.0,1203.0,1220.0,1193.0,1220.0,19200.0
2022-09-26,62270,1201.0,1203.0,1150.0,1159.0,0,0,61600.0,72735000.0,1.0,1201.0,1203.0,1150.0,1159.0,61600.0
2022-09-27,62270,1448.0,1459.0,1418.0,1459.0,1,0,192800.0,279818400.0,1.0,1448.0,1459.0,1418.0,1459.0,192800.0
2022-09-28,62270,1404.0,1430.0,1279.0,1349.0,0,0,983500.0,1336815600.0,1.0,1404.0,1430.0,1279.0,1349.0,983500.0
2022-09-29,62270,1379.0,1390.0,1333.0,1353.0,0,0,186200.0,253247300.0,1.0,1379.0,1390.0,1333.0,1353.0,186200.0
2022-09-30,62270,1338.0,1439.0,1318.0,1341.0,0,0,240900.0,330200400.0,1.0,1338.0,1439.0,1318.0,1341.0,240900.0
2022-10-03,62270,1314.0,1364.0,1311.0,1360.0,0,0,67000.0,89931200.0,1.0,1314.0,1364.0,1311.0,1360.0,67000.0
2022-10-04,62270,1364.0,1410.0,1345.0,1394.0,0,0,86300.0,119245700.0,1.0,1364.0,1410.0,1345.0,1394.0,86300.0
2022-10-05,62270,1400.0,1455.0,1380.0,1446.0,0,0,142300.0,202922700.0,1.0,1400.0,1455.0,1380.0,1446.0,142300.0
2022-10-06,62270,1438.0,1512.0,1426.0,1493.0,0,0,201100.0,297269900.0,1.0,1438.0,1512.0,1426.0,1493.0,201100.0
2022-10-07,62270,1463.0,1485.0,1439.0,1470.0,0,0,86200.0,126208500.0,1.0,1463.0,1485.0,1439.0,1470.0,86200.0
2022-10-11,62270,1434.0,1449.0,1391.0,1391.0,0,0,75100.0,105872000.0,1.0,1434.0,1449.0,1391.0,1391.0,75100.0
2022-10-12,62270,1402.0,1410.0,1372.0,1390.0,0,0,42200.0,58674900.0,1.0,1402.0,1410.0,1372.0,1390.0,42200.0
2022-10-13,62270,1387.0,1405.0,1351.0,1351.0,0,0,26500.0,36361400.0,1.0,1387.0,1405.0,1351.0,1351.0,26500.0
2022-10-14,62270,1389.0,1414.0,1362.0,1401.0,0,0,59500.0,82496600.0,1.0,1389.0,1414.0,1362.0,1401.0,59500.0
2022-10-17,62270,1391.0,1400.0,1359.0,1366.0,0,0,55900.0,76844700.0,1.0,1391.0,1400.0,1359.0,1366.0,55900.0
2022-10-18,62270,1396.0,1425.0,1375.0,1403.0,0,0,73900.0,103852300.0,1.0,1396.0,1425.0,1375.0,1403.0,73900.0
2022-10-19,62270,1402.0,1415.0,1384.0,1399.0,0,0,32300.0,45322900.0,1.0,1402.0,1415.0,1384.0,1399.0,32300.0
2022-10-20,62270,1399.0,1400.0,1375.0,1376.0,0,0,24900.0,34440400.0,1.0,1399.0,1400.0,1375.0,1376.0,24900.0
2022-10-21,62270,1376.0,1385.0,1370.0,1370.0,0,0,16600.0,22850900.0,1.0,1376.0,1385.0,1370.0,1370.0,16600.0
2022-10-24,62270,1392.0,1395.0,1373.0,1377.0,0,0,19800.0,27412000.0,1.0,1392.0,1395.0,1373.0,1377.0,19800.0
2022-10-25,62270,1395.0,1410.0,1378.0,1395.0,0,0,42600.0,59585000.0,1.0,1395.0,1410.0,1378.0,1395.0,42600.0
2022-10-26,62270,1434.0,1443.0,1393.0,1401.0,0,0,50800.0,71943200.0,1.0,1434.0,1443.0,1393.0,1401.0,50800.0
2022-10-27,62270,1405.0,1525.0,1397.0,1473.0,0,0,411700.0,608467300.0,1.0,1405.0,1525.0,1397.0,1473.0,411700.0
2022-10-28,62270,1445.0,1466.0,1410.0,1435.0,0,0,81200.0,116713600.0,1.0,1445.0,1466.0,1410.0,1435.0,81200.0
2022-10-31,62270,1450.0,1481.0,1450.0,1478.0,0,0,52600.0,77035100.0,1.0,1450.0,1481.0,1450.0,1478.0,52600.0
2022-11-01,62270,1491.0,1535.0,1475.0,1489.0,0,0,162100.0,243467800.0,1.0,1491.0,1535.0,1475.0,1489.0,162100.0
2022-11-02,62270,1475.0,1482.0,1431.0,1435.0,0,0,52700.0,76502900.0,1.0,1475.0,1482.0,1431.0,1435.0,52700.0
2022-11-04,62270,1427.0,1451.0,1418.0,1438.0,0,0,37600.0,54029400.0,1.0,1427.0,1451.0,1418.0,1438.0,37600.0
2022-11-07,62270,1455.0,1498.0,1451.0,1490.0,0,0,43900.0,64963900.0,1.0,1455.0,1498.0,1451.0,1490.0,43900.0
2022-11-08,62270,1498.0,1520.0,1480.0,1498.0,0,0,91800.0,137984000.0,1.0,1498.0,1520.0,1480.0,1498.0,91800.0
2022-11-09,62270,1338.0,1340.0,1262.0,1263.0,0,0,375300.0,484328400.0,1.0,1338.0,1340.0,1262.0,1263.0,375300.0
2022-11-10,62270,1283.0,1283.0,1224.0,1232.0,0,0,152800.0,190455300.0,1.0,1283.0,1283.0,1224.0,1232.0,152800.0
2022-11-11,62270,1262.0,1265.0,1228.0,1262.0,0,0,109700.0,137363300.0,1.0,1262.0,1265.0,1228.0,1262.0,109700.0
2022-11-14,62270,1263.0,1279.0,1246.0,1265.0,0,0,59900.0,75783000.0,1.0,1263.0,1279.0,1246.0,1265.0,59900.0
2022-11-15,62270,1269.0,1286.0,1257.0,1278.0,0,0,36400.0,46471400.0,1.0,1269.0,1286.0,1257.0,1278.0,36400.0
2022-11-16,62270,1283.0,1318.0,1262.0,1304.0,0,0,75300.0,97886400.0,1.0,1283.0,1318.0,1262.0,1304.0,75300.0
2022-11-17,62270,1299.0,1321.0,1294.0,1321.0,0,0,50400.0,65941000.0,1.0,1299.0,1321.0,1294.0,1321.0,50400.0
2022-11-18,62270,1323.0,1356.0,1318.0,1333.0,0,0,81900.0,109499300.0,1.0,1323.0,1356.0,1318.0,1333.0,81900.0
2022-11-21,62270,1354.0,1417.0,1345.0,1407.0,0,0,116900.0,162656600.0,1.0,1354.0,1417.0,1345.0,1407.0,116900.0
2022-11-22,62270,1419.0,1429.0,1388.0,1420.0,0,0,79300.0,112318400.0,1.0,1419.0,1429.0,1388.0,1420.0,79300.0
2022-11-24,62270,1430.0,1444.0,1416.0,1420.0,0,0,58300.0,83117300.0,1.0,1430.0,1444.0,1416.0,1420.0,58300.0
2022-11-25,62270,1439.0,1599.0,1432.0,1592.0,0,0,434500.0,673397800.0,1.0,1439.0,1599.0,1432.0,1592.0,434500.0
2022-11-28,62270,1649.0,1680.0,1592.0,1607.0,0,0,317000.0,519650900.0,1.0,1649.0,1680.0,1592.0,1607.0,317000.0
2022-11-29,62270,1567.0,1595.0,1528.0,1535.0,0,0,155900.0,242751700.0,1.0,1567.0,1595.0,1528.0,1535.0,155900.0
2022-11-30,62270,1498.0,1502.0,1450.0,1478.0,0,0,149200.0,219205900.0,1.0,1498.0,1502.0,1450.0,1478.0,149200.0
2022-12-01,62270,1521.0,1523.0,1481.0,1507.0,0,0,71500.0,107753000.0,1.0,1521.0,1523.0,1481.0,1507.0,71500.0
2022-12-02,62270,1500.0,1561.0,1475.0,1537.0,0,0,102800.0,157789800.0,1.0,1500.0,1561.0,1475.0,1537.0,102800.0
2022-12-05,62270,1565.0,1687.0,1553.0,1573.0,0,0,244200.0,394738400.0,1.0,1565.0,1687.0,1553.0,1573.0,244200.0
2022-12-06,62270,1550.0,1595.0,1515.0,1563.0,0,0,75200.0,117808600.0,1.0,1550.0,1595.0,1515.0,1563.0,75200.0
2022-12-07,62270,1570.0,1617.0,1546.0,1587.0,0,0,88600.0,140676100.0,1.0,1570.0,1617.0,1546.0,1587.0,88600.0
2022-12-08,62270,1633.0,1658.0,1558.0,1629.0,0,0,216600.0,350257100.0,1.0,1633.0,1658.0,1558.0,1629.0,216600.0
2022-12-09,62270,1660.0,1724.0,1640.0,1702.0,0,0,202200.0,342429400.0,1.0,1660.0,1724.0,1640.0,1702.0,202200.0
2022-12-12,62270,1682.0,1700.0,1655.0,1675.0,0,0,124100.0,208334400.0,1.0,1682.0,1700.0,1655.0,1675.0,124100.0
2022-12-13,62270,1693.0,1707.0,1610.0,1618.0,0,0,126400.0,206813900.0,1.0,1693.0,1707.0,1610.0,1618.0,126400.0
2022-12-14,62270,1639.0,1643.0,1591.0,1601.0,0,0,65300.0,104936300.0,1.0,1639.0,1643.0,1591.0,1601.0,65300.0
2022-12-15,62270,1591.0,1610.0,1565.0,1577.0,0,0,66000.0,104394400.0,1.0,1591.0,1610.0,1565.0,1577.0,66000.0
2022-12-16,62270,1558.0,1601.0,1536.0,1572.0,0,0,77800.0,122659500.0,1.0,1558.0,1601.0,1536.0,1572.0,77800.0
2022-12-19,62270,1570.0,1637.0,1560.0,1616.0,0,0,81900.0,131954100.0,1.0,1570.0,1637.0,1560.0,1616.0,81900.0
2022-12-20,62270,1592.0,1592.0,1481.0,1509.0,0,0,159500.0,242894500.0,1.0,1592.0,1592.0,1481.0,1509.0,159500.0
2022-12-21,62270,1510.0,1537.0,1481.0,1510.0,0,0,54300.0,82112700.0,1.0,1510.0,1537.0,1481.0,1510.0,54300.0
2022-12-22,62270,1539.0,1545.0,1471.0,1488.0,0,0,58800.0,88474600.0,1.0,1539.0,1545.0,1471.0,1488.0,58800.0
2022-12-23,62270,1462.0,1462.0,1420.0,1452.0,0,0,72900.0,105573600.0,1.0,1462.0,1462.0,1420.0,1452.0,72900.0
2022-12-26,62270,1450.0,1464.0,1422.0,1438.0,0,0,44900.0,64600800.0,1.0,1450.0,1464.0,1422.0,1438.0,44900.0
2022-12-27,62270,1454.0,1473.0,1444.0,1456.0,0,0,48700.0,71117300.0,1.0,1454.0,1473.0,1444.0,1456.0,48700.0
2022-12-28,62270,1456.0,1460.0,1424.0,1448.0,0,0,50300.0,72425300.0,1.0,1456.0,1460.0,1424.0,1448.0,50300.0
2022-12-29,62270,1409.0,1429.0,1386.0,1414.0,0,0,40000.0,56547700.0,1.0,1409.0,1429.0,1386.0,1414.0,40000.0
2022-12-30,62270,1435.0,1445.0,1414.0,1414.0,0,0,28400.0,40627700.0,1.0,1435.0,1445.0,1414.0,1414.0,28400.0
2023-01-04,62270,1414.0,1429.0,1373.0,1410.0,0,0,41500.0,58444200.0,1.0,1414.0,1429.0,1373.0,1410.0,41500.0
2023-01-05,62270,1402.0,1427.0,1398.0,1410.0,0,0,27000.0,38083100.0,1.0,1402.0,1427.0,1398.0,1410.0,27000.0
2023-01-06,62270,1395.0,1437.0,1380.0,1437.0,0,0,42500.0,60091100.0,1.0,1395.0,1437.0,1380.0,1437.0,42500.0
2023-01-10,62270,1467.0,1492.0,1465.0,1475.0,0,0,35300.0,52179700.0,1.0,1467.0,1492.0,1465.0,1475.0,35300.0
2023-01-11,62270,1487.0,1510.0,1475.0,1475.0,0,0,28600.0,42610300.0,1.0,1487.0,1510.0,1475.0,1475.0,28600.0
2023-01-12,62270,1485.0,1492.0,1455.0,1473.0,0,0,25600.0,37489800.0,1.0,1485.0,1492.0,1455.0,1473.0,25600.0
2023-01-13,62270,1460.0,1480.0,1432.0,1448.0,0,0,24700.0,36040100.0,1.0,1460.0,1480.0,1432.0,1448.0,24700.0
2023-01-16,62270,1422.0,1443.0,1415.0,1426.0,0,0,22500.0,32140700.0,1.0,1422.0,1443.0,1415.0,1426.0,22500.0
2023-01-17,62270,1438.0,1452.0,1434.0,1439.0,0,0,18200.0,26316200.0,1.0,1438.0,1452.0,1434.0,1439.0,18200.0
2023-01-18,62270,1439.0,1452.0,1421.0,1438.0,0,0,24900.0,35814700.0,1.0,1439.0,1452.0,1421.0,1438.0,24900.0
2023-01-19,62270,1430.0,1438.0,1423.0,1434.0,0,0,12700.0,18179300.0,1.0,1430.0,1438.0,1423.0,1434.0,12700.0
2023-01-20,62270,1434.0,1434.0,1411.0,1419.0,0,0,36200.0,51464400.0,1.0,1434.0,1434.0,1411.0,1419.0,36200.0
2023-01-23,62270,1443.0,1464.0,1443.0,1459.0,0,0,34600.0,50304700.0,1.0,1443.0,1464.0,1443.0,1459.0,34600.0
2023-01-24,62270,1473.0,1483.0,1451.0,1460.0,0,0,33500.0,49185700.0,1.0,1473.0,1483.0,1451.0,1460.0,33500.0
2023-01-25,62270,1460.0,1500.0,1460.0,1481.0,0,0,32500.0,48244500.0,1.0,1460.0,1500.0,1460.0,1481.0,32500.0
2023-01-26,62270,1481.0,1481.0,1442.0,1462.0,0,0,25100.0,36488400.0,1.0,1481.0,1481.0,1442.0,1462.0,25100.0
2023-01-27,62270,1462.0,1467.0,1445.0,1455.0,0,0,15900.0,23129400.0,1.0,1462.0,1467.0,1445.0,1455.0,15900.0
2023-01-30,62270,1455.0,1460.0,1437.0,1444.0,0,0,17500.0,25320300.0,1.0,1455.0,1460.0,1437.0,1444.0,17500.0
2023-01-31,62270,1444.0,1449.0,1433.0,1446.0,0,0,17900.0,25792700.0,1.0,1444.0,1449.0,1433.0,1446.0,17900.0
2023-02-01,62270,1453.0,1463.0,1450.0,1456.0,0,0,22300.0,32488400.0,1.0,1453.0,1463.0,1450.0,1456.0,22300.0
2023-02-02,62270,1456.0,1510.0,1456.0,1500.0,0,0,52100.0,77630900.0,1.0,1456.0,1510.0,1456.0,1500.0,52100.0
2023-02-03,62270,1510.0,1519.0,1470.0,1474.0,0,0,30400.0,45065700.0,1.0,1510.0,1519.0,1470.0,1474.0,30400.0
2023-02-06,62270,1485.0,1498.0,1448.0,1450.0,0,0,38700.0,56879000.0,1.0,1485.0,1498.0,1448.0,1450.0,38700.0
2023-02-07,62270,1450.0,1462.0,1424.0,1462.0,0,0,37800.0,54601900.0,1.0,1450.0,1462.0,1424.0,1462.0,37800.0
2023-02-08,62270,1372.0,1377.0,1300.0,1327.0,0,0,197500.0,262653000.0,1.0,1372.0,1377.0,1300.0,1327.0,197500.0
2023-02-09,62270,1326.0,1379.0,1310.0,1372.0,0,0,95600.0,128302600.0,1.0,1326.0,1379.0,1310.0,1372.0,95600.0
2023-02-10,62270,1342.0,1355.0,1323.0,1344.0,0,0,55200.0,73958100.0,1.0,1342.0,1355.0,1323.0,1344.0,55200.0
2023-02-13,62270,1345.0,1392.0,1336.0,1368.0,0,0,45000.0,61740800.0,1.0,1345.0,1392.0,1336.0,1368.0,45000.0
2023-02-14,62270,1382.0,1383.0,1363.0,1375.0,0,0,20500.0,28168100.0,1.0,1382.0,1383.0,1363.0,1375.0,20500.0
2023-02-15,62270,1376.0,1429.0,1376.0,1382.0,0,0,34600.0,48333900.0,1.0,1376.0,1429.0,1376.0,1382.0,34600.0
2023-02-16,62270,1393.0,1416.0,1377.0,1412.0,0,0,25000.0,35006800.0,1.0,1393.0,1416.0,1377.0,1412.0,25000.0
2023-02-17,62270,1387.0,1399.0,1380.0,1390.0,0,0,40700.0,56426200.0,1.0,1387.0,1399.0,1380.0,1390.0,40700.0
2023-02-20,62270,1400.0,1416.0,1392.0,1416.0,0,0,18700.0,26277000.0,1.0,1400.0,1416.0,1392.0,1416.0,18700.0
2023-02-21,62270,1419.0,1419.0,1390.0,1396.0,0,0,41800.0,58534700.0,1.0,1419.0,1419.0,1390.0,1396.0,41800.0
2023-02-22,62270,1391.0,1399.0,1378.0,1384.0,0,0,24300.0,33619400.0,1.0,1391.0,1399.0,1378.0,1384.0,24300.0
2023-02-24,62270,1390.0,1391.0,1377.0,1377.0,0,0,21700.0,29969000.0,1.0,1390.0,1391.0,1377.0,1377.0,21700.0
2023-02-27,62270,1380.0,1392.0,1372.0,1372.0,0,0,16100.0,22237000.0,1.0,1380.0,1392.0,1372.0,1372.0,16100.0
2023-02-28,62270,1388.0,1410.0,1388.0,1398.0,0,0,21400.0,29936300.0,1.0,1388.0,1410.0,1388.0,1398.0,21400.0
2023-03-01,62270,1407.0,1434.0,1400.0,1434.0,0,0,35600.0,50569900.0,1.0,1407.0,1434.0,1400.0,1434.0,35600.0
2023-03-02,62270,1438.0,1438.0,1404.0,1421.0,0,0,24200.0,34244400.0,1.0,1438.0,1438.0,1404.0,1421.0,24200.0
2023-03-03,62270,1430.0,1430.0,1390.0,1407.0,0,0,47200.0,66132100.0,1.0,1430.0,1430.0,1390.0,1407.0,47200.0
2023-03-06,62270,1425.0,1431.0,1410.0,1422.0,0,0,22400.0,31874200.0,1.0,1425.0,1431.0,1410.0,1422.0,22400.0
2023-03-07,62270,1420.0,1435.0,1413.0,1422.0,0,0,23300.0,33202100.0,1.0,1420.0,1435.0,1413.0,1422.0,23300.0
2023-03-08,62270,1411.0,1425.0,1406.0,1413.0,0,0,8300.0,11760200.0,1.0,1411.0,1425.0,1406.0,1413.0,8300.0
2023-03-09,62270,1413.0,1417.0,1395.0,1410.0,0,0,37700.0,52968300.0,1.0,1413.0,1417.0,1395.0,1410.0,37700.0
2023-03-10,62270,1392.0,1411.0,1388.0,1388.0,0,0,17700.0,24735700.0,1.0,1392.0,1411.0,1388.0,1388.0,17700.0
2023-03-13,62270,1373.0,1373.0,1328.0,1341.0,0,0,63300.0,85118000.0,1.0,1373.0,1373.0,1328.0,1341.0,63300.0
2023-03-14,62270,1333.0,1333.0,1306.0,1319.0,0,0,45000.0,59231700.0,1.0,1333.0,1333.0,1306.0,1319.0,45000.0
2023-03-15,62270,1326.0,1351.0,1324.0,1332.0,0,0,11900.0,15869600.0,1.0,1326.0,1351.0,1324.0,1332.0,11900.0
2023-03-16,62270,1311.0,1320.0,1290.0,1315.0,0,0,33000.0,43076700.0,1.0,1311.0,1320.0,1290.0,1315.0,33000.0
2023-03-17,62270,1325.0,1378.0,1320.0,1378.0,0,0,34700.0,46694600.0,1.0,1325.0,1378.0,1320.0,1378.0,34700.0
2023-03-20,62270,1377.0,1386.0,1347.0,1348.0,0,0,33400.0,45600100.0,1.0,1377.0,1386.0,1347.0,1348.0,33400.0
2023-03-22,62270,1375.0,1426.0,1375.0,1410.0,0,0,46300.0,65048900.0,1.0,1375.0,1426.0,1375.0,1410.0,46300.0
2023-03-23,62270,1410.0,1444.0,1387.0,1444.0,0,0,28700.0,40884200.0,1.0,1410.0,1444.0,1387.0,1444.0,28700.0
2023-03-24,62270,1498.0,1541.0,1480.0,1528.0,0,0,140000.0,212077600.0,1.0,1498.0,1541.0,1480.0,1528.0,140000.0
2023-03-27,62270,1528.0,1530.0,1490.0,1495.0,0,0,52000.0,78495300.0,1.0,1528.0,1530.0,1490.0,1495.0,52000.0
2023-03-28,62270,1505.0,1505.0,1454.0,1462.0,0,0,40200.0,59052700.0,1.0,1505.0,1505.0,1454.0,1462.0,40200.0
2023-03-29,62270,1462.0,1486.0,1460.0,1479.0,0,0,19900.0,29301800.0,1.0,1462.0,1486.0,1460.0,1479.0,19900.0
2023-03-30,62270,1497.0,1538.0,1478.0,1538.0,0,0,58100.0,88210300.0,1.0,1497.0,1538.0,1478.0,1538.0,58100.0
2023-03-31,62270,1545.0,1560.0,1508.0,1514.0,0,0,37300.0,57251900.0,1.0,1545.0,1560.0,1508.0,1514.0,37300.0
2023-04-03,62270,1535.0,1570.0,1527.0,1543.0,0,0,46100.0,71494600.0,1.0,1535.0,1570.0,1527.0,1543.0,46100.0
2023-04-04,62270,1543.0,1548.0,1523.0,1530.0,0,0,33800.0,51850800.0,1.0,1543.0,1548.0,1523.0,1530.0,33800.0
2023-04-05,62270,1530.0,1550.0,1518.0,1518.0,0,0,35300.0,53910700.0,1.0,1530.0,1550.0,1518.0,1518.0,35300.0
2023-04-06,62270,1513.0,1533.0,1500.0,1505.0,0,0,28500.0,43056400.0,1.0,1513.0,1533.0,1500.0,1505.0,28500.0
2023-04-07,62270,1500.0,1517.0,1480.0,1485.0,0,0,18200.0,27179400.0,1.0,1500.0,1517.0,1480.0,1485.0,18200.0
2023-04-10,62270,1488.0,1517.0,1488.0,1509.0,0,0,11200.0,16891600.0,1.0,1488.0,1517.0,1488.0,1509.0,11200.0
2023-04-11,62270,1515.0,1545.0,1509.0,1527.0,0,0,16300.0,24947600.0,1.0,1515.0,1545.0,1509.0,1527.0,16300.0
2023-04-12,62270,1527.0,1540.0,1509.0,1539.0,0,0,29700.0,45367900.0,1.0,1527.0,1540.0,1509.0,1539.0,29700.0
2023-04-13,62270,1539.0,1539.0,1515.0,1516.0,0,0,15400.0,23500600.0,1.0,1539.0,1539.0,1515.0,1516.0,15400.0
2023-04-14,62270,1528.0,1528.0,1509.0,1516.0,0,0,11000.0,16701900.0,1.0,1528.0,1528.0,1509.0,1516.0,11000.0
2023-04-17,62270,1513.0,1514.0,1494.0,1505.0,0,0,18700.0,28113200.0,1.0,1513.0,1514.0,1494.0,1505.0,18700.0
2023-04-18,62270,1505.0,1505.0,1483.0,1492.0,0,0,17700.0,26409400.0,1.0,1505.0,1505.0,1483.0,1492.0,17700.0
2023-04-19,62270,1514.0,1514.0,1495.0,1508.0,0,0,9200.0,13827600.0,1.0,1514.0,1514.0,1495.0,1508.0,9200.0
2023-04-20,62270,1500.0,1537.0,1500.0,1529.0,0,0,14200.0,21604400.0,1.0,1500.0,1537.0,1500.0,1529.0,14200.0
2023-04-21,62270,1519.0,1535.0,1506.0,1507.0,0,0,16900.0,25696500.0,1.0,1519.0,1535.0,1506.0,1507.0,16900.0
2023-04-24,62270,1500.0,1503.0,1482.0,1488.0,0,0,21300.0,31793600.0,1.0,1500.0,1503.0,1482.0,1488.0,21300.0
2023-04-25,62270,1495.0,1495.0,1450.0,1460.0,0,0,40900.0,60146200.0,1.0,1495.0,1495.0,1450.0,1460.0,40900.0
2023-04-26,62270,1441.0,1451.0,1418.0,1433.0,0,0,37000.0,52973300.0,1.0,1441.0,1451.0,1418.0,1433.0,37000.0
2023-04-27,62270,1425.0,1467.0,1420.0,1443.0,0,0,18900.0,27263000.0,1.0,1425.0,1467.0,1420.0,1443.0,18900.0
2023-04-28,62270,1444.0,1450.0,1430.0,1445.0,0,0,10100.0,14543600.0,1.0,1444.0,1450.0,1430.0,1445.0,10100.0
2023-05-01,62270,1411.0,1427.0,1361.0,1369.0,0,0,104100.0,144044100.0,1.0,1411.0,1427.0,1361.0,1369.0,104100.0
2023-05-02,62270,1380.0,1410.0,1374.0,1386.0,0,0,47000.0,65437400.0,1.0,1380.0,1410.0,1374.0,1386.0,47000.0
2023-05-08,62270,1401.0,1427.0,1400.0,1420.0,0,0,35000.0,49266800.0,1.0,1401.0,1427.0,1400.0,1420.0,35000.0
2023-05-09,62270,1420.0,1432.0,1416.0,1432.0,0,0,22200.0,31641100.0,1.0,1420.0,1432.0,1416.0,1432.0,22200.0
2023-05-10,62270,1430.0,1431.0,1420.0,1426.0,0,0,10800.0,15410000.0,1.0,1430.0,1431.0,1420.0,1426.0,10800.0
2023-05-11,62270,1423.0,1423.0,1408.0,1417.0,0,0,14200.0,20125500.0,1.0,1423.0,1423.0,1408.0,1417.0,14200.0
2023-05-12,62270,1402.0,1408.0,1380.0,1395.0,0,0,31200.0,43516100.0,1.0,1402.0,1408.0,1380.0,1395.0,31200.0
2023-05-15,62270,1393.0,1393.0,1369.0,1385.0,0,0,25000.0,34550800.0,1.0,1393.0,1393.0,1369.0,1385.0,25000.0
2023-05-16,62270,1381.0,1423.0,1368.0,1394.0,0,0,54300.0,75843100.0,1.0,1381.0,1423.0,1368.0,1394.0,54300.0
2023-05-17,62270,1394.0,1405.0,1380.0,1392.0,0,0,23500.0,32739200.0,1.0,1394.0,1405.0,1380.0,1392.0,23500.0
2023-05-18,62270,1396.0,1420.0,1392.0,1420.0,0,0,23900.0,33640100.0,1.0,1396.0,1420.0,1392.0,1420.0,23900.0
2023-05-19,62270,1425.0,1453.0,1415.0,1437.0,0,0,39200.0,56283900.0,1.0,1425.0,1453.0,1415.0,1437.0,39200.0
2023-05-22,62270,1439.0,1533.0,1430.0,1525.0,0,0,87800.0,131207700.0,1.0,1439.0,1533.0,1430.0,1525.0,87800.0
2023-05-23,62270,1564.0,1615.0,1526.0,1569.0,0,0,218500.0,344129600.0,1.0,1564.0,1615.0,1526.0,1569.0,218500.0
2023-05-24,62270,1595.0,1628.0,1570.0,1587.0,0,0,86500.0,138302500.0,1.0,1595.0,1628.0,1570.0,1587.0,86500.0
2023-05-25,62270,1590.0,1714.0,1590.0,1659.0,0,0,235100.0,390784600.0,1.0,1590.0,1714.0,1590.0,1659.0,235100.0
2023-05-26,62270,1674.0,1714.0,1652.0,1692.0,0,0,216100.0,364896000.0,1.0,1674.0,1714.0,1652.0,1692.0,216100.0
2023-05-29,62270,1725.0,1877.0,1721.0,1830.0,0,0,413400.0,751804700.0,1.0,1725.0,1877.0,1721.0,1830.0,413400.0
2023-05-30,62270,1815.0,1833.0,1737.0,1770.0,0,0,159300.0,283818800.0,1.0,1815.0,1833.0,1737.0,1770.0,159300.0
2023-05-31,62270,1757.0,1757.0,1680.0,1680.0,0,0,107000.0,182108700.0,1.0,1757.0,1757.0,1680.0,1680.0,107000.0
2023-06-01,62270,1666.0,1682.0,1631.0,1665.0,0,0,64000.0,106225300.0,1.0,1666.0,1682.0,1631.0,1665.0,64000.0
2023-06-02,62270,1662.0,1662.0,1611.0,1646.0,0,0,76200.0,124296500.0,1.0,1662.0,1662.0,1611.0,1646.0,76200.0
2023-06-05,62270,1691.0,1727.0,1679.0,1682.0,0,0,78200.0,132920000.0,1.0,1691.0,1727.0,1679.0,1682.0,78200.0
2023-06-06,62270,1681.0,1829.0,1678.0,1810.0,0,0,161800.0,286889000.0,1.0,1681.0,1829.0,1678.0,1810.0,161800.0
2023-06-07,62270,1813.0,1832.0,1770.0,1786.0,0,0,108600.0,196139300.0,1.0,1813.0,1832.0,1770.0,1786.0,108600.0
2023-06-08,62270,1785.0,1960.0,1750.0,1909.0,0,0,359200.0,682648700.0,1.0,1785.0,1960.0,1750.0,1909.0,359200.0
2023-06-09,62270,1899.0,1943.0,1849.0,1900.0,0,0,213900.0,407409800.0,1.0,1899.0,1943.0,1849.0,1900.0,213900.0
2023-06-12,62270,1943.0,2045.0,1900.0,2020.0,0,0,300000.0,597672200.0,1.0,1943.0,2045.0,1900.0,2020.0,300000.0
2023-06-13,62270,2049.0,2165.0,2049.0,2090.0,0,0,307100.0,646730100.0,1.0,2049.0,2165.0,2049.0,2090.0,307100.0
2023-06-14,62270,2136.0,2139.0,1970.0,1997.0,0,0,269000.0,546972400.0,1.0,2136.0,2139.0,1970.0,1997.0,269000.0
2023-06-15,62270,1971.0,2030.0,1965.0,1973.0,0,0,120900.0,240870100.0,1.0,1971.0,2030.0,1965.0,1973.0,120900.0
2023-06-16,62270,1976.0,2026.0,1925.0,2026.0,0,0,161400.0,319249900.0,1.0,1976.0,2026.0,1925.0,2026.0,161400.0
2023-06-19,62270,1987.0,2037.0,1940.0,1966.0,0,0,164100.0,324367600.0,1.0,1987.0,2037.0,1940.0,1966.0,164100.0
2023-06-20,62270,1965.0,1971.0,1880.0,1922.0,0,0,123100.0,235985800.0,1.0,1965.0,1971.0,1880.0,1922.0,123100.0
2023-06-21,62270,1891.0,1918.0,1870.0,1883.0,0,0,68900.0,130401300.0,1.0,1891.0,1918.0,1870.0,1883.0,68900.0
2023-06-22,62270,1992.0,2283.0,1981.0,2042.0,1,0,1833900.0,3903670600.0,1.0,1992.0,2283.0,1981.0,2042.0,1833900.0
2023-06-23,62270,2092.0,2170.0,1993.0,2000.0,0,0,565900.0,1175425100.0,1.0,2092.0,2170.0,1993.0,2000.0,565900.0
2023-06-26,62270,1950.0,1990.0,1918.0,1934.0,0,0,253700.0,493331800.0,1.0,1950.0,1990.0,1918.0,1934.0,253700.0
2023-06-27,62270,1925.0,1939.0,1849.0,1855.0,0,0,193700.0,363845200.0,1.0,1925.0,1939.0,1849.0,1855.0,193700.0
2023-06-28,62270,1877.0,1911.0,1817.0,1870.0,0,0,168100.0,312312200.0,1.0,1877.0,1911.0,1817.0,1870.0,168100.0
2023-06-29,62270,1835.0,1926.0,1835.0,1891.0,0,0,111900.0,211438700.0,1.0,1835.0,1926.0,1835.0,1891.0,111900.0
2023-06-30,62270,1873.0,1898.0,1837.0,1894.0,0,0,82000.0,152693500.0,1.0,1873.0,1898.0,1837.0,1894.0,82000.0
2023-07-03,62270,1904.0,1941.0,1871.0,1899.0,0,0,121700.0,232542000.0,1.0,1904.0,1941.0,1871.0,1899.0,121700.0
2023-07-04,62270,1871.0,1928.0,1871.0,1900.0,0,0,67300.0,128039400.0,1.0,1871.0,1928.0,1871.0,1900.0,67300.0
2023-07-05,62270,1893.0,1893.0,1800.0,1830.0,0,0,213100.0,392488800.0,1.0,1893.0,1893.0,1800.0,1830.0,213100.0
2023-07-06,62270,1790.0,1821.0,1763.0,1800.0,0,0,149500.0,267153000.0,1.0,1790.0,1821.0,1763.0,1800.0,149500.0
2023-07-07,62270,1793.0,1926.0,1782.0,1898.0,0,0,163200.0,307270300.0,1.0,1793.0,1926.0,1782.0,1898.0,163200.0
2023-07-10,62270,1898.0,1944.0,1885.0,1907.0,0,0,98000.0,187948600.0,1.0,1898.0,1944.0,1885.0,1907.0,98000.0
2023-07-11,62270,1910.0,1954.0,1890.0,1894.0,0,0,102200.0,196715800.0,1.0,1910.0,1954.0,1890.0,1894.0,102200.0
2023-07-12,62270,1896.0,1930.0,1857.0,1862.0,0,0,59400.0,111769400.0,1.0,1896.0,1930.0,1857.0,1862.0,59400.0
2023-07-13,62270,1867.0,1934.0,1841.0,1934.0,0,0,72100.0,136856900.0,1.0,1867.0,1934.0,1841.0,1934.0,72100.0
2023-07-14,62270,1939.0,1948.0,1888.0,1921.0,0,0,64000.0,122803300.0,1.0,1939.0,1948.0,1888.0,1921.0,64000.0
2023-07-18,62270,1929.0,2019.0,1929.0,2000.0,0,0,160300.0,319648400.0,1.0,1929.0,2019.0,1929.0,2000.0,160300.0
2023-07-19,62270,1997.0,2014.0,1970.0,1982.0,0,0,56400.0,112141800.0,1.0,1997.0,2014.0,1970.0,1982.0,56400.0
2023-07-20,62270,1982.0,2049.0,1960.0,1977.0,0,0,113200.0,228040100.0,1.0,1982.0,2049.0,1960.0,1977.0,113200.0
2023-07-21,62270,1953.0,1984.0,1910.0,1966.0,0,0,97000.0,188783400.0,1.0,1953.0,1984.0,1910.0,1966.0,97000.0
2023-07-24,62270,1985.0,2047.0,1980.0,2003.0,0,0,126200.0,254302300.0,1.0,1985.0,2047.0,1980.0,2003.0,126200.0
2023-07-25,62270,2014.0,2022.0,1970.0,1975.0,0,0,63200.0,125553200.0,1.0,2014.0,2022.0,1970.0,1975.0,63200.0
2023-07-26,62270,2050.0,2138.0,1944.0,1962.0,0,0,267200.0,543392300.0,1.0,2050.0,2138.0,1944.0,1962.0,267200.0
2023-07-27,62270,1951.0,2034.0,1942.0,2020.0,0,0,111000.0,222754900.0,1.0,1951.0,2034.0,1942.0,2020.0,111000.0
2023-07-28,62270,2020.0,2123.0,2020.0,2092.0,0,0,274500.0,572444100.0,1.0,2020.0,2123.0,2020.0,2092.0,274500.0
2023-07-31,62270,2153.0,2223.0,2137.0,2142.0,0,0,155000.0,336738500.0,1.0,2153.0,2223.0,2137.0,2142.0,155000.0
2023-08-01,62270,2190.0,2279.0,2182.0,2225.0,0,0,209400.0,469813100.0,1.0,2190.0,2279.0,2182.0,2225.0,209400.0
2023-08-02,62270,2275.0,2275.0,2124.0,2133.0,0,0,149000.0,324907100.0,1.0,2275.0,2275.0,2124.0,2133.0,149000.0
2023-08-03,62270,2091.0,2146.0,2080.0,2102.0,0,0,84700.0,179099400.0,1.0,2091.0,2146.0,2080.0,2102.0,84700.0
2023-08-04,62270,2095.0,2157.0,2081.0,2100.0,0,0,66500.0,141448300.0,1.0,2095.0,2157.0,2081.0,2100.0,66500.0
2023-08-07,62270,2150.0,2150.0,2064.0,2121.0,0,0,52800.0,111139100.0,1.0,2150.0,2150.0,2064.0,2121.0,52800.0
2023-08-08,62270,2100.0,2108.0,2055.0,2066.0,0,0,114900.0,238711500.0,1.0,2100.0,2108.0,2055.0,2066.0,114900.0
2023-08-09,62270,2316.0,2566.0,2315.0,2566.0,1,0,1247900.0,3103505100.0,1.0,2316.0,2566.0,2315.0,2566.0,1247900.0
2023-08-10,62270,2616.0,2630.0,2251.0,2273.0,0,0,1152600.0,2760161300.0,1.0,2616.0,2630.0,2251.0,2273.0,1152600.0
2023-08-14,62270,2274.0,2435.0,2253.0,2305.0,0,0,312400.0,730126100.0,1.0,2274.0,2435.0,2253.0,2305.0,312400.0
2023-08-15,62270,2311.0,2415.0,2278.0,2404.0,0,0,182100.0,429421300.0,1.0,2311.0,2415.0,2278.0,2404.0,182100.0
2023-08-16,62270,2375.0,2400.0,2318.0,2333.0,0,0,80700.0,189597900.0,1.0,2375.0,2400.0,2318.0,2333.0,80700.0
2023-08-17,62270,2313.0,2340.0,2227.0,2310.0,0,0,113200.0,258493300.0,1.0,2313.0,2340.0,2227.0,2310.0,113200.0
2023-08-18,62270,2272.0,2328.0,2250.0,2303.0,0,0,80500.0,183737800.0,1.0,2272.0,2328.0,2250.0,2303.0,80500.0
2023-08-21,62270,2453.0,2676.0,2446.0,2590.0,0,0,878600.0,2278890100.0,1.0,2453.0,2676.0,2446.0,2590.0,878600.0
2023-08-22,62270,2588.0,2736.0,2541.0,2694.0,0,0,608600.0,1620903100.0,1.0,2588.0,2736.0,2541.0,2694.0,608600.0
2023-08-23,62270,2667.0,2879.0,2590.0,2879.0,0,0,491400.0,1362987400.0,1.0,2667.0,2879.0,2590.0,2879.0,491400.0
2023-08-24,62270,3000.0,3030.0,2751.0,2826.0,0,0,622900.0,1790886900.0,1.0,3000.0,3030.0,2751.0,2826.0,622900.0
2023-08-25,62270,2776.0,2807.0,2731.0,2773.0,0,0,283500.0,784538000.0,1.0,2776.0,2807.0,2731.0,2773.0,283500.0
2023-08-28,62270,2757.0,2883.0,2739.0,2854.0,0,0,264600.0,747751100.0,1.0,2757.0,2883.0,2739.0,2854.0,264600.0
2023-08-29,62270,2900.0,2930.0,2820.0,2854.0,0,0,282200.0,811556500.0,1.0,2900.0,2930.0,2820.0,2854.0,282200.0
2023-08-30,62270,2823.0,2858.0,2774.0,2781.0,0,0,207400.0,582311200.0,1.0,2823.0,2858.0,2774.0,2781.0,207400.0
2023-08-31,62270,2751.0,2820.0,2722.0,2730.0,0,0,181500.0,501315900.0,1.0,2751.0,2820.0,2722.0,2730.0,181500.0
2023-09-01,62270,2741.0,2972.0,2741.0,2915.0,0,0,748000.0,2173867200.0,1.0,2741.0,2972.0,2741.0,2915.0,748000.0
2023-09-04,62270,3085.0,3145.0,2986.0,3030.0,0,0,384200.0,1171547100.0,1.0,3085.0,3145.0,2986.0,3030.0,384200.0
2023-09-05,62270,2972.0,3065.0,2941.0,3015.0,0,0,182200.0,547052600.0,1.0,2972.0,3065.0,2941.0,3015.0,182200.0
2023-09-06,62270,3000.0,3005.0,2926.0,2966.0,0,0,196100.0,580020600.0,1.0,3000.0,3005.0,2926.0,2966.0,196100.0
2023-09-07,62270,2948.0,3040.0,2948.0,2985.0,0,0,99600.0,297768000.0,1.0,2948.0,3040.0,2948.0,2985.0,99600.0
2023-09-08,62270,2989.0,3160.0,2961.0,3140.0,0,0,304900.0,946172900.0,1.0,2989.0,3160.0,2961.0,3140.0,304900.0
2023-09-11,62270,3020.0,3095.0,2960.0,3055.0,0,0,245000.0,740995600.0,1.0,3020.0,3095.0,2960.0,3055.0,245000.0
2023-09-12,62270,3020.0,3065.0,2970.0,2987.0,0,0,157900.0,474386700.0,1.0,3020.0,3065.0,2970.0,2987.0,157900.0
2023-09-13,62270,2951.0,2967.0,2851.0,2875.0,0,0,255400.0,738947700.0,1.0,2951.0,2967.0,2851.0,2875.0,255400.0
2023-09-14,62270,2875.0,2929.0,2833.0,2886.0,0,0,125200.0,360723400.0,1.0,2875.0,2929.0,2833.0,2886.0,125200.0
2023-09-15,62270,2877.0,2909.0,2783.0,2855.0,0,0,154000.0,436330100.0,1.0,2877.0,2909.0,2783.0,2855.0,154000.0
2023-09-19,62270,2788.0,2840.0,2772.0,2784.0,0,0,121400.0,339317000.0,1.0,2788.0,2840.0,2772.0,2784.0,121400.0
2023-09-20,62270,2768.0,2772.0,2640.0,2645.0,0,0,269000.0,724015300.0,1.0,2768.0,2772.0,2640.0,2645.0,269000.0
2023-09-21,62270,2600.0,2631.0,2530.0,2573.0,0,0,216300.0,556548700.0,1.0,2600.0,2631.0,2530.0,2573.0,216300.0
2023-09-22,62270,2525.0,2724.0,2525.0,2698.0,0,0,269800.0,716901500.0,1.0,2525.0,2724.0,2525.0,2698.0,269800.0
2023-09-25,62270,2659.0,2848.0,2643.0,2834.0,0,0,185400.0,516429500.0,1.0,2659.0,2848.0,2643.0,2834.0,185400.0
2023-09-26,62270,2797.0,2901.0,2788.0,2862.0,0,0,216200.0,617142000.0,1.0,2797.0,2901.0,2788.0,2862.0,216200.0
2023-09-27,62270,2812.0,2916.0,2812.0,2887.0,0,0,135200.0,387746200.0,1.0,2812.0,2916.0,2812.0,2887.0,135200.0
2023-09-28,62270,3020.0,3065.0,2918.0,2941.0,0,0,273200.0,812472500.0,1.0,3020.0,3065.0,2918.0,2941.0,273200.0
2023-09-29,62270,3000.0,3265.0,3000.0,3265.0,0,0,532000.0,1686256500.0,1.0,3000.0,3265.0,3000.0,3265.0,532000.0
2023-10-02,62270,3355.0,3430.0,3275.0,3340.0,0,0,475100.0,1590117000.0,1.0,3355.0,3430.0,3275.0,3340.0,475100.0
2023-10-03,62270,3275.0,3375.0,3130.0,3345.0,0,0,460200.0,1512631500.0,1.0,3275.0,3375.0,3130.0,3345.0,460200.0
2023-10-04,62270,3225.0,3420.0,3205.0,3375.0,0,0,356400.0,1189017500.0,1.0,3225.0,3420.0,3205.0,3375.0,356400.0
2023-10-05,62270,3410.0,3635.0,3400.0,3600.0,0,0,508300.0,1795740500.0,1.0,3410.0,3635.0,3400.0,3600.0,508300.0
2023-10-06,62270,3530.0,3595.0,3280.0,3560.0,0,0,658900.0,2273457000.0,1.0,3530.0,3595.0,3280.0,3560.0,658900.0
2023-10-10,62270,3635.0,3810.0,3635.0,3810.0,0,0,555200.0,2078698500.0,1.0,3635.0,3810.0,3635.0,3810.0,555200.0
2023-10-11,62270,3945.0,4100.0,3750.0,4065.0,0,0,869500.0,3423977000.0,1.0,3945.0,4100.0,3750.0,4065.0,869500.0
2023-10-12,62270,4130.0,4325.0,3780.0,3895.0,0,0,1789700.0,7273719000.0,1.0,4130.0,4325.0,3780.0,3895.0,1789700.0
2023-10-13,62270,3755.0,3930.0,3600.0,3715.0,0,0,1040000.0,3895207500.0,1.0,3755.0,3930.0,3600.0,3715.0,1040000.0
2023-10-16,62270,3450.0,3835.0,3345.0,3685.0,0,0,822500.0,2988451500.0,1.0,3450.0,3835.0,3345.0,3685.0,822500.0
2023-10-17,62270,3800.0,4215.0,3730.0,4215.0,0,0,1187500.0,4704665500.0,1.0,3800.0,4215.0,3730.0,4215.0,1187500.0
2023-10-18,62270,4050.0,4425.0,4015.0,4425.0,0,0,1345300.0,5683601500.0,1.0,4050.0,4425.0,4015.0,4425.0,1345300.0
2023-10-19,62270,4335.0,4460.0,4150.0,4250.0,0,0,1146900.0,4919024500.0,1.0,4335.0,4460.0,4150.0,4250.0,1146900.0
2023-10-20,62270,4250.0,4360.0,3840.0,4010.0,0,0,1299100.0,5261403000.0,1.0,4250.0,4360.0,3840.0,4010.0,1299100.0
2023-10-23,62270,3890.0,4095.0,3850.0,3875.0,0,0,586100.0,2314325000.0,1.0,3890.0,4095.0,3850.0,3875.0,586100.0
2023-10-24,62270,3870.0,4155.0,3790.0,4055.0,0,0,606000.0,2399118000.0,1.0,3870.0,4155.0,3790.0,4055.0,606000.0
2023-10-25,62270,4195.0,4365.0,4015.0,4150.0,0,0,977500.0,4085824500.0,1.0,4195.0,4365.0,4015.0,4150.0,977500.0
2023-10-26,62270,3940.0,4035.0,3820.0,3835.0,0,0,474900.0,1864032500.0,1.0,3940.0,4035.0,3820.0,3835.0,474900.0
2023-10-27,62270,3900.0,3930.0,3655.0,3715.0,0,0,525300.0,1987775500.0,1.0,3900.0,3930.0,3655.0,3715.0,525300.0
2023-10-30,62270,3610.0,3730.0,3590.0,3700.0,0,0,328900.0,1205860000.0,1.0,3610.0,3730.0,3590.0,3700.0,328900.0
2023-10-31,62270,3750.0,3800.0,3510.0,3610.0,0,0,318300.0,1147140500.0,1.0,3750.0,3800.0,3510.0,3610.0,318300.0
2023-11-01,62270,3660.0,3665.0,3440.0,3505.0,0,0,308800.0,1089196500.0,1.0,3660.0,3665.0,3440.0,3505.0,308800.0
2023-11-02,62270,3605.0,3860.0,3605.0,3810.0,0,0,447900.0,1667463000.0,1.0,3605.0,3860.0,3605.0,3810.0,447900.0
2023-11-06,62270,4050.0,4265.0,3990.0,4070.0,0,0,599700.0,2469120500.0,1.0,4050.0,4265.0,3990.0,4070.0,599700.0
2023-11-07,62270,3950.0,4040.0,3860.0,3905.0,0,0,321000.0,1263011500.0,1.0,3950.0,4040.0,3860.0,3905.0,321000.0
2023-11-08,62270,3995.0,4010.0,3835.0,3955.0,0,0,306800.0,1204334000.0,1.0,3995.0,4010.0,3835.0,3955.0,306800.0
2023-11-09,62270,3955.0,4275.0,3920.0,4250.0,0,0,560900.0,2328606000.0,1.0,3955.0,4275.0,3920.0,4250.0,560900.0
2023-11-10,62270,4110.0,4330.0,4035.0,4300.0,0,0,401000.0,1677403500.0,1.0,4110.0,4330.0,4035.0,4300.0,401000.0
2023-11-13,62270,4420.0,4630.0,4235.0,4450.0,0,0,775200.0,3436248000.0,1.0,4420.0,4630.0,4235.0,4450.0,775200.0
2023-11-14,62270,4170.0,5130.0,4100.0,5100.0,0,0,1304600.0,6308224500.0,1.0,4170.0,5130.0,4100.0,5100.0,1304600.0
2023-11-15,62270,5500.0,5580.0,5160.0,5230.0,0,0,683600.0,3656900000.0,1.0,5500.0,5580.0,5160.0,5230.0,683600.0
2023-11-16,62270,5250.0,5660.0,5070.0,5610.0,0,0,542900.0,2930238000.0,1.0,5250.0,5660.0,5070.0,5610.0,542900.0
2023-11-17,62270,5560.0,6500.0,5550.0,6240.0,0,0,1113100.0,6861421000.0,1.0,5560.0,6500.0,5550.0,6240.0,1113100.0
2023-11-20,62270,6260.0,7070.0,6200.0,6420.0,0,0,1518800.0,10024931000.0,1.0,6260.0,7070.0,6200.0,6420.0,1518800.0
2023-11-21,62270,6700.0,6820.0,5840.0,6410.0,0,0,1153800.0,7264180000.0,1.0,6700.0,6820.0,5840.0,6410.0,1153800.0
2023-11-22,62270,6290.0,6750.0,6130.0,6620.0,0,0,844200.0,5511198000.0,1.0,6290.0,6750.0,6130.0,6620.0,844200.0
2023-11-24,62270,6730.0,6970.0,6420.0,6500.0,0,0,844900.0,5676265000.0,1.0,6730.0,6970.0,6420.0,6500.0,844900.0
2023-11-27,62270,6400.0,6490.0,6070.0,6150.0,0,0,513900.0,3224226000.0,1.0,6400.0,6490.0,6070.0,6150.0,513900.0
2023-11-28,62270,5700.0,6060.0,5250.0,5500.0,0,0,993300.0,5540139000.0,1.0,5700.0,6060.0,5250.0,5500.0,993300.0
2023-11-29,62270,5310.0,5580.0,5230.0,5520.0,0,0,391800.0,2117932000.0,1.0,5310.0,5580.0,5230.0,5520.0,391800.0
2023-11-30,62270,5500.0,6060.0,5420.0,5920.0,0,0,470100.0,2734808000.0,1.0,5500.0,6060.0,5420.0,5920.0,470100.0
2023-12-01,62270,5890.0,6300.0,5700.0,5850.0,0,0,491900.0,2958766000.0,1.0,5890.0,6300.0,5700.0,5850.0,491900.0
2023-12-04,62270,5810.0,6360.0,5810.0,6150.0,0,0,457700.0,2816163000.0,1.0,5810.0,6360.0,5810.0,6150.0,457700.0
2023-12-05,62270,6010.0,6030.0,5650.0,5690.0,0,0,290200.0,1679660000.0,1.0,6010.0,6030.0,5650.0,5690.0,290200.0
2023-12-06,62270,5870.0,6050.0,5720.0,5740.0,0,0,234900.0,1377105000.0,1.0,5870.0,6050.0,5720.0,5740.0,234900.0
2023-12-07,62270,5640.0,5640.0,5370.0,5510.0,0,0,215400.0,1186598000.0,1.0,5640.0,5640.0,5370.0,5510.0,215400.0
2023-12-08,62270,5430.0,5560.0,5280.0,5370.0,0,0,177000.0,956802000.0,1.0,5430.0,5560.0,5280.0,5370.0,177000.0
2023-12-11,62270,5670.0,5840.0,5320.0,5780.0,0,0,397400.0,2228349000.0,1.0,5670.0,5840.0,5320.0,5780.0,397400.0
2023-12-12,62270,6080.0,6140.0,5330.0,5560.0,0,0,637500.0,3609502000.0,1.0,6080.0,6140.0,5330.0,5560.0,637500.0
2023-12-13,62270,5460.0,5530.0,5160.0,5340.0,0,0,466900.0,2473707000.0,1.0,5460.0,5530.0,5160.0,5340.0,466900.0
2023-12-14,62270,5440.0,5480.0,4930.0,4930.0,0,0,430400.0,2185778000.0,1.0,5440.0,5480.0,4930.0,4930.0,430400.0
2023-12-15,62270,4880.0,5220.0,4795.0,4875.0,0,0,360500.0,1807212500.0,1.0,4880.0,5220.0,4795.0,4875.0,360500.0
2023-12-18,62270,4880.0,5130.0,4820.0,4955.0,0,0,237900.0,1187025000.0,1.0,4880.0,5130.0,4820.0,4955.0,237900.0
2023-12-19,62270,4840.0,5200.0,4765.0,5030.0,0,0,299800.0,1488988500.0,1.0,4840.0,5200.0,4765.0,5030.0,299800.0
2023-12-20,62270,5200.0,5230.0,4885.0,4940.0,0,0,275400.0,1378956500.0,1.0,5200.0,5230.0,4885.0,4940.0,275400.0
2023-12-21,62270,4825.0,4915.0,4725.0,4730.0,0,0,183200.0,878138000.0,1.0,4825.0,4915.0,4725.0,4730.0,183200.0
2023-12-22,62270,5390.0,5430.0,5330.0,5430.0,1,0,279200.0,1510776000.0,1.0,5390.0,5430.0,5330.0,5430.0,279200.0
2023-12-25,62270,5530.0,5590.0,5120.0,5210.0,0,0,567700.0,3030568000.0,1.0,5530.0,5590.0,5120.0,5210.0,567700.0
2023-12-26,62270,5160.0,5270.0,4960.0,4960.0,0,0,251900.0,1280320000.0,1.0,5160.0,5270.0,4960.0,4960.0,251900.0
2023-12-27,62270,5040.0,5430.0,4970.0,5430.0,0,0,438800.0,2298562000.0,1.0,5040.0,5430.0,4970.0,5430.0,438800.0
2023-12-28,62270,5600.0,6100.0,5500.0,6060.0,0,0,1048200.0,6133077000.0,1.0,5600.0,6100.0,5500.0,6060.0,1048200.0
2023-12-29,62270,6410.0,6500.0,6110.0,6300.0,0,0,976200.0,6166706000.0,1.0,6410.0,6500.0,6110.0,6300.0,976200.0
2024-01-04,62270,6130.0,6430.0,6050.0,6180.0,0,0,339300.0,2125278000.0,1.0,6130.0,6430.0,6050.0,6180.0,339300.0
2024-01-05,62270,6080.0,6170.0,5700.0,5780.0,0,0,426400.0,2485808000.0,1.0,6080.0,6170.0,5700.0,5780.0,426400.0
2024-01-09,62270,6050.0,6170.0,5750.0,5830.0,0,0,320200.0,1903114000.0,1.0,6050.0,6170.0,5750.0,5830.0,320200.0
2024-01-10,62270,5930.0,5940.0,5630.0,5650.0,0,0,221200.0,1264479000.0,1.0,5930.0,5940.0,5630.0,5650.0,221200.0
2024-01-11,62270,5680.0,5740.0,5540.0,5560.0,0,0,219100.0,1228319000.0,1.0,5680.0,5740.0,5540.0,5560.0,219100.0
2024-01-12,62270,5480.0,5650.0,5350.0,5460.0,0,0,274700.0,1504843000.0,1.0,5480.0,5650.0,5350.0,5460.0,274700.0
2024-01-15,62270,5320.0,5610.0,5300.0,5610.0,0,0,178700.0,970176000.0,1.0,5320.0,5610.0,5300.0,5610.0,178700.0
2024-01-16,62270,5630.0,5640.0,5300.0,5300.0,0,0,206000.0,1116747000.0,1.0,5630.0,5640.0,5300.0,5300.0,206000.0
2024-01-17,62270,5370.0,5450.0,5160.0,5160.0,0,0,174900.0,926187000.0,1.0,5370.0,5450.0,5160.0,5160.0,174900.0
2024-01-18,62270,5060.0,5150.0,4980.0,5050.0,0,0,121700.0,614647000.0,1.0,5060.0,5150.0,4980.0,5050.0,121700.0
2024-01-19,62270,5450.0,5510.0,5270.0,5350.0,0,0,282100.0,1525543000.0,1.0,5450.0,5510.0,5270.0,5350.0,282100.0
2024-01-22,62270,5650.0,5650.0,5400.0,5550.0,0,0,220500.0,1222444000.0,1.0,5650.0,5650.0,5400.0,5550.0,220500.0
2024-01-23,62270,5600.0,5830.0,5470.0,5550.0,0,0,355500.0,2004108000.0,1.0,5600.0,5830.0,5470.0,5550.0,355500.0
2024-01-24,62270,5570.0,5680.0,5400.0,5500.0,0,0,220100.0,1214389000.0,1.0,5570.0,5680.0,5400.0,5500.0,220100.0
2024-01-25,62270,5510.0,6040.0,5480.0,5960.0,0,0,493900.0,2888688000.0,1.0,5510.0,6040.0,5480.0,5960.0,493900.0
2024-01-26,62270,5860.0,5900.0,5550.0,5580.0,0,0,449100.0,2568596000.0,1.0,5860.0,5900.0,5550.0,5580.0,449100.0
2024-01-29,62270,5550.0,5740.0,5520.0,5660.0,0,0,148500.0,833674000.0,1.0,5550.0,5740.0,5520.0,5660.0,148500.0
2024-01-30,62270,5740.0,5740.0,5550.0,5580.0,0,0,113900.0,638316000.0,1.0,5740.0,5740.0,5550.0,5580.0,113900.0
2024-01-31,62270,5480.0,5480.0,5340.0,5370.0,0,0,159200.0,858881000.0,1.0,5480.0,5480.0,5340.0,5370.0,159200.0
2024-02-01,62270,5290.0,5350.0,5240.0,5250.0,0,0,142500.0,750913000.0,1.0,5290.0,5350.0,5240.0,5250.0,142500.0
2024-02-02,62270,5250.0,5380.0,5220.0,5300.0,0,0,101500.0,538487000.0,1.0,5250.0,5380.0,5220.0,5300.0,101500.0
2024-02-05,62270,5330.0,5330.0,5180.0,5200.0,0,0,101200.0,529850000.0,1.0,5330.0,5330.0,5180.0,5200.0,101200.0
2024-02-06,62270,5200.0,5320.0,5130.0,5140.0,0,0,140100.0,728171000.0,1.0,5200.0,5320.0,5130.0,5140.0,140100.0
2024-02-07,62270,5070.0,5140.0,4950.0,5130.0,0,0,196700.0,988941500.0,1.0,5070.0,5140.0,4950.0,5130.0,196700.0
2024-02-08,62270,5120.0,5120.0,4985.0,5020.0,0,0,109200.0,551448500.0,1.0,5120.0,5120.0,4985.0,5020.0,109200.0
2024-02-09,62270,5000.0,5170.0,5000.0,5050.0,0,0,130100.0,661583000.0,1.0,5000.0,5170.0,5000.0,5050.0,130100.0
2024-02-13,62270,5100.0,5440.0,5100.0,5400.0,0,0,271000.0,1442302000.0,1.0,5100.0,5440.0,5100.0,5400.0,271000.0
2024-02-14,62270,5260.0,5600.0,5180.0,5510.0,0,0,261100.0,1421193000.0,1.0,5260.0,5600.0,5180.0,5510.0,261100.0
2024-02-15,62270,5250.0,5630.0,5200.0,5310.0,0,0,449800.0,2415239000.0,1.0,5250.0,5630.0,5200.0,5310.0,449800.0
2024-02-16,62270,5240.0,5270.0,4820.0,4830.0,0,0,469000.0,2363952500.0,1.0,5240.0,5270.0,4820.0,4830.0,469000.0
2024-02-19,62270,4710.0,4780.0,4420.0,4480.0,0,0,467500.0,2116837500.0,1.0,4710.0,4780.0,4420.0,4480.0,467500.0
2024-02-20,62270,4430.0,4685.0,4380.0,4505.0,0,0,352100.0,1594737500.0,1.0,4430.0,4685.0,4380.0,4505.0,352100.0
2024-02-21,62270,3805.0,3805.0,3805.0,3805.0,0,1,71700.0,272818500.0,1.0,3805.0,3805.0,3805.0,3805.0,71700.0
2024-02-22,62270,4140.0,4175.0,3800.0,3905.0,0,0,1117500.0,4472455500.0,1.0,4140.0,4175.0,3800.0,3905.0,1117500.0
2024-02-26,62270,3845.0,4280.0,3810.0,4235.0,0,0,623900.0,2576608500.0,1.0,3845.0,4280.0,3810.0,4235.0,623900.0
2024-02-27,62270,4230.0,4270.0,4000.0,4065.0,0,0,343300.0,1408822500.0,1.0,4230.0,4270.0,4000.0,4065.0,343300.0
2024-02-28,62270,4080.0,4735.0,4045.0,4655.0,0,0,722300.0,3255866000.0,1.0,4080.0,4735.0,4045.0,4655.0,722300.0
2024-02-29,62270,4515.0,5360.0,4480.0,5360.0,1,0,1138500.0,5718733500.0,1.0,4515.0,5360.0,4480.0,5360.0,1138500.0
2024-03-01,62270,5260.0,5590.0,5000.0,5140.0,0,0,993800.0,5214293000.0,1.0,5260.0,5590.0,5000.0,5140.0,993800.0
2024-03-04,62270,5570.0,5750.0,5220.0,5300.0,0,0,494300.0,2676904000.0,1.0,5570.0,5750.0,5220.0,5300.0,494300.0
2024-03-05,62270,5290.0,5430.0,5170.0,5300.0,0,0,242800.0,1289783000.0,1.0,5290.0,5430.0,5170.0,5300.0,242800.0
2024-03-06,62270,5100.0,5290.0,5080.0,5150.0,0,0,160600.0,830250000.0,1.0,5100.0,5290.0,5080.0,5150.0,160600.0
2024-03-07,62270,5250.0,5250.0,4840.0,4920.0,0,0,239300.0,1195422500.0,1.0,5250.0,5250.0,4840.0,4920.0,239300.0
2024-03-08,62270,4900.0,4945.0,4655.0,4705.0,0,0,224700.0,1079708500.0,1.0,4900.0,4945.0,4655.0,4705.0,224700.0
2024-03-11,62270,4385.0,4515.0,4280.0,4455.0,0,0,266100.0,1168972000.0,1.0,4385.0,4515.0,4280.0,4455.0,266100.0
2024-03-12,62270,4405.0,4585.0,4300.0,4550.0,0,0,173800.0,778078500.0,1.0,4405.0,4585.0,4300.0,4550.0,173800.0
2024-03-13,62270,4620.0,4660.0,4305.0,4345.0,0,0,187800.0,831805000.0,1.0,4620.0,4660.0,4305.0,4345.0,187800.0
2024-03-14,62270,4300.0,4335.0,4115.0,4270.0,0,0,162400.0,685322000.0,1.0,4300.0,4335.0,4115.0,4270.0,162400.0
2024-03-15,62270,4185.0,4215.0,4040.0,4150.0,0,0,170600.0,703024500.0,1.0,4185.0,4215.0,4040.0,4150.0,170600.0
2024-03-18,62270,4175.0,4300.0,4105.0,4265.0,0,0,160600.0,672937500.0,1.0,4175.0,4300.0,4105.0,4265.0,160600.0
2024-03-19,62270,4265.0,4320.0,4105.0,4240.0,0,0,142500.0,600813500.0,1.0,4265.0,4320.0,4105.0,4240.0,142500.0
2024-03-21,62270,4310.0,4390.0,4240.0,4360.0,0,0,185800.0,801906000.0,1.0,4310.0,4390.0,4240.0,4360.0,185800.0
2024-03-22,62270,4410.0,4435.0,4185.0,4205.0,0,0,126500.0,540273500.0,1.0,4410.0,4435.0,4185.0,4205.0,126500.0
2024-03-25,62270,4170.0,4225.0,4050.0,4050.0,0,0,141600.0,580729000.0,1.0,4170.0,4225.0,4050.0,4050.0,141600.0
2024-03-26,62270,4000.0,4050.0,3975.0,4015.0,0,0,130300.0,522602500.0,1.0,4000.0,4050.0,3975.0,4015.0,130300.0
2024-03-27,62270,4010.0,4090.0,3970.0,4080.0,0,0,129400.0,519936500.0,1.0,4010.0,4090.0,3970.0,4080.0,129400.0
2024-03-28,62270,4080.0,4120.0,3995.0,3995.0,0,0,108400.0,438415000.0,1.0,4080.0,4120.0,3995.0,3995.0,108400.0
2024-03-29,62270,4040.0,4185.0,3970.0,4055.0,0,0,206900.0,841805500.0,1.0,4040.0,4185.0,3970.0,4055.0,206900.0
2024-04-01,62270,4125.0,4130.0,3935.0,3950.0,0,0,147900.0,592985500.0,1.0,4125.0,4130.0,3935.0,3950.0,147900.0
2024-04-02,62270,3960.0,3965.0,3830.0,3875.0,0,0,135300.0,524604000.0,1.0,3960.0,3965.0,3830.0,3875.0,135300.0
2024-04-03,62270,3830.0,3850.0,3635.0,3670.0,0,0,235900.0,874074500.0,1.0,3830.0,3850.0,3635.0,3670.0,235900.0
2024-04-04,62270,3700.0,3740.0,3590.0,3615.0,0,0,178500.0,652221500.0,1.0,3700.0,3740.0,3590.0,3615.0,178500.0
2024-04-05,62270,3505.0,3610.0,3440.0,3515.0,0,0,273300.0,958174000.0,1.0,3505.0,3610.0,3440.0,3515.0,273300.0
2024-04-08,62270,3515.0,3540.0,3415.0,3425.0,0,0,158800.0,548921000.0,1.0,3515.0,3540.0,3415.0,3425.0,158800.0
2024-04-09,62270,3420.0,3480.0,3405.0,3450.0,0,0,164500.0,564929000.0,1.0,3420.0,3480.0,3405.0,3450.0,164500.0
2024-04-10,62270,3520.0,3705.0,3455.0,3460.0,0,0,225800.0,807384500.0,1.0,3520.0,3705.0,3455.0,3460.0,225800.0
2024-04-11,62270,3440.0,3470.0,3380.0,3420.0,0,0,86600.0,296910500.0,1.0,3440.0,3470.0,3380.0,3420.0,86600.0
2024-04-12,62270,3480.0,3560.0,3410.0,3460.0,0,0,131700.0,457717000.0,1.0,3480.0,3560.0,3410.0,3460.0,131700.0
2024-04-15,62270,3410.0,3450.0,3340.0,3410.0,0,0,104000.0,352892000.0,1.0,3410.0,3450.0,3340.0,3410.0,104000.0
2024-04-16,62270,3360.0,3380.0,3285.0,3310.0,0,0,120200.0,398799000.0,1.0,3360.0,3380.0,3285.0,3310.0,120200.0
2024-04-17,62270,3380.0,3420.0,3305.0,3365.0,0,0,105200.0,354728000.0,1.0,3380.0,3420.0,3305.0,3365.0,105200.0
2024-04-18,62270,3310.0,3440.0,3300.0,3400.0,0,0,87300.0,294799000.0,1.0,3310.0,3440.0,3300.0,3400.0,87300.0
2024-04-19,62270,3355.0,3360.0,3065.0,3140.0,0,0,265100.0,841300000.0,1.0,3355.0,3360.0,3065.0,3140.0,265100.0
2024-04-22,62270,3115.0,3170.0,3000.0,3080.0,0,0,271300.0,829513500.0,1.0,3115.0,3170.0,3000.0,3080.0,271300.0
2024-04-23,62270,3150.0,3175.0,3020.0,3050.0,0,0,244200.0,752124500.0,1.0,3150.0,3175.0,3020.0,3050.0,244200.0
2024-04-24,62270,3085.0,3265.0,3050.0,3190.0,0,0,145100.0,461843500.0,1.0,3085.0,3265.0,3050.0,3190.0,145100.0
2024-04-25,62270,3115.0,3295.0,3115.0,3195.0,0,0,104400.0,334455500.0,1.0,3115.0,3295.0,3115.0,3195.0,104400.0
2024-04-26,62270,3265.0,3345.0,3225.0,3300.0,0,0,149600.0,489839500.0,1.0,3265.0,3345.0,3225.0,3300.0,149600.0
2024-04-30,62270,3305.0,3335.0,3230.0,3245.0,0,0,83300.0,271942500.0,1.0,3305.0,3335.0,3230.0,3245.0,83300.0
2024-05-01,62270,3225.0,3265.0,3145.0,3175.0,0,0,91900.0,293130500.0,1.0,3225.0,3265.0,3145.0,3175.0,91900.0
2024-05-02,62270,3155.0,3250.0,3140.0,3220.0,0,0,91700.0,293242000.0,1.0,3155.0,3250.0,3140.0,3220.0,91700.0
2024-05-07,62270,3330.0,3425.0,3260.0,3410.0,0,0,124500.0,420484000.0,1.0,3330.0,3425.0,3260.0,3410.0,124500.0
2024-05-08,62270,3405.0,3520.0,3385.0,3455.0,0,0,190800.0,660322000.0,1.0,3405.0,3520.0,3385.0,3455.0,190800.0
2024-05-09,62270,3435.0,3435.0,3340.0,3345.0,0,0,136400.0,460920500.0,1.0,3435.0,3435.0,3340.0,3345.0,136400.0
2024-05-10,62270,3345.0,3385.0,3310.0,3345.0,0,0,52300.0,175196000.0,1.0,3345.0,3385.0,3310.0,3345.0,52300.0
2024-05-13,62270,3300.0,3425.0,3300.0,3390.0,0,0,83200.0,281523500.0,1.0,3300.0,3425.0,3300.0,3390.0,83200.0
2024-05-14,62270,3365.0,3445.0,3325.0,3445.0,0,0,123200.0,415644000.0,1.0,3365.0,3445.0,3325.0,3445.0,123200.0
2024-05-15,62270,3440.0,3505.0,3320.0,3460.0,0,0,236900.0,811774500.0,1.0,3440.0,3505.0,3320.0,3460.0,236900.0
2024-05-16,62270,2870.0,2911.0,2760.0,2760.0,0,1,533700.0,1494781800.0,1.0,2870.0,2911.0,2760.0,2760.0,533700.0
2024-05-17,62270,2762.0,2778.0,2615.0,2700.0,0,0,255300.0,686451500.0,1.0,2762.0,2778.0,2615.0,2700.0,255300.0
2024-05-20,62270,2680.0,2805.0,2672.0,2795.0,0,0,174900.0,481541400.0,1.0,2680.0,2805.0,2672.0,2795.0,174900.0
2024-05-21,62270,2845.0,2914.0,2754.0,2754.0,0,0,190900.0,536072100.0,1.0,2845.0,2914.0,2754.0,2754.0,190900.0
2024-05-22,62270,2750.0,2779.0,2691.0,2716.0,0,0,96700.0,263523100.0,1.0,2750.0,2779.0,2691.0,2716.0,96700.0
2024-05-23,62270,2767.0,2777.0,2640.0,2640.0,0,0,105400.0,283129700.0,1.0,2767.0,2777.0,2640.0,2640.0,105400.0
2024-05-24,62270,2624.0,2634.0,2563.0,2565.0,0,0,125600.0,326368100.0,1.0,2624.0,2634.0,2563.0,2565.0,125600.0
2024-05-27,62270,2563.0,2580.0,2516.0,2518.0,0,0,142100.0,360332300.0,1.0,2563.0,2580.0,2516.0,2518.0,142100.0
2024-05-28,62270,2470.0,2548.0,2437.0,2481.0,0,0,142100.0,354262900.0,1.0,2470.0,2548.0,2437.0,2481.0,142100.0
2024-05-29,62270,2497.0,2519.0,2419.0,2419.0,0,0,127500.0,312722000.0,1.0,2497.0,2519.0,2419.0,2419.0,127500.0
2024-05-30,62270,2400.0,2460.0,2385.0,2429.0,0,0,103500.0,250670200.0,1.0,2400.0,2460.0,2385.0,2429.0,103500.0
2024-05-31,62270,2380.0,2686.0,2380.0,2670.0,0,0,203800.0,523593000.0,1.0,2380.0,2686.0,2380.0,2670.0,203800.0
2024-06-03,62270,2670.0,2969.0,2605.0,2860.0,0,0,501800.0,1438099000.0,1.0,2670.0,2969.0,2605.0,2860.0,501800.0
2024-06-04,62270,2873.0,3040.0,2723.0,2773.0,0,0,316100.0,905228200.0,1.0,2873.0,3040.0,2723.0,2773.0,316100.0
2024-06-05,62270,2730.0,2805.0,2711.0,2751.0,0,0,67200.0,184467900.0,1.0,2730.0,2805.0,2711.0,2751.0,67200.0
2024-06-06,62270,2771.0,2817.0,2669.0,2719.0,0,0,92800.0,252916900.0,1.0,2771.0,2817.0,2669.0,2719.0,92800.0
2024-06-07,62270,2709.0,2735.0,2642.0,2642.0,0,0,50500.0,135293000.0,1.0,2709.0,2735.0,2642.0,2642.0,50500.0
2024-06-10,62270,2611.0,2734.0,2610.0,2711.0,0,0,68200.0,183910100.0,1.0,2611.0,2734.0,2610.0,2711.0,68200.0
2024-06-11,62270,2700.0,2742.0,2664.0,2723.0,0,0,71300.0,192822900.0,1.0,2700.0,2742.0,2664.0,2723.0,71300.0
2024-06-12,62270,2673.0,2702.0,2564.0,2612.0,0,0,143000.0,373756600.0,1.0,2673.0,2702.0,2564.0,2612.0,143000.0
2024-06-13,62270,2612.0,2617.0,2508.0,2508.0,0,0,158900.0,404738600.0,1.0,2612.0,2617.0,2508.0,2508.0,158900.0
2024-06-14,62270,2507.0,2575.0,2504.0,2540.0,0,0,121400.0,308937900.0,1.0,2507.0,2575.0,2504.0,2540.0,121400.0
2024-06-17,62270,2554.0,2575.0,2481.0,2490.0,0,0,65700.0,165746200.0,1.0,2554.0,2575.0,2481.0,2490.0,65700.0
2024-06-18,62270,2473.0,2590.0,2445.0,2540.0,0,0,105600.0,265945600.0,1.0,2473.0,2590.0,2445.0,2540.0,105600.0
2024-06-19,62270,2565.0,2581.0,2506.0,2506.0,0,0,74200.0,188423300.0,1.0,2565.0,2581.0,2506.0,2506.0,74200.0
2024-06-20,62270,2464.0,2485.0,2380.0,2380.0,0,0,118100.0,284452000.0,1.0,2464.0,2485.0,2380.0,2380.0,118100.0
2024-06-21,62270,2355.0,2540.0,2310.0,2474.0,0,0,137500.0,337530500.0,1.0,2355.0,2540.0,2310.0,2474.0,137500.0
2024-06-24,62270,2474.0,2483.0,2401.0,2410.0,0,0,66600.0,161795300.0,1.0,2474.0,2483.0,2401.0,2410.0,66600.0
2024-06-25,62270,2410.0,2413.0,2380.0,2381.0,0,0,63900.0,152873000.0,1.0,2410.0,2413.0,2380.0,2381.0,63900.0
2024-06-26,62270,2400.0,2474.0,2400.0,2454.0,0,0,133700.0,327922200.0,1.0,2400.0,2474.0,2400.0,2454.0,133700.0
2024-06-27,62270,2411.0,2460.0,2352.0,2352.0,0,0,112100.0,268222900.0,1.0,2411.0,2460.0,2352.0,2352.0,112100.0
2024-06-28,62270,2386.0,2397.0,2306.0,2307.0,0,0,112800.0,264803800.0,1.0,2386.0,2397.0,2306.0,2307.0,112800.0
2024-07-01,62270,2301.0,2340.0,2226.0,2226.0,0,0,142700.0,324118500.0,1.0,2301.0,2340.0,2226.0,2226.0,142700.0
2024-07-02,62270,2240.0,2318.0,2228.0,2286.0,0,0,115000.0,262061700.0,1.0,2240.0,2318.0,2228.0,2286.0,115000.0
2024-07-03,62270,2304.0,2387.0,2295.0,2364.0,0,0,89500.0,210863500.0,1.0,2304.0,2387.0,2295.0,2364.0,89500.0
2024-07-04,62270,2414.0,2560.0,2409.0,2549.0,0,0,206800.0,519340900.0,1.0,2414.0,2560.0,2409.0,2549.0,206800.0
2024-07-05,62270,2499.0,2533.0,2388.0,2417.0,0,0,245400.0,598371400.0,1.0,2499.0,2533.0,2388.0,2417.0,245400.0
2024-07-08,62270,2411.0,2488.0,2377.0,2443.0,0,0,100400.0,243165700.0,1.0,2411.0,2488.0,2377.0,2443.0,100400.0
2024-07-09,62270,2458.0,2499.0,2408.0,2408.0,0,0,62600.0,153259700.0,1.0,2458.0,2499.0,2408.0,2408.0,62600.0
2024-07-10,62270,2406.0,2410.0,2335.0,2348.0,0,0,59700.0,141689300.0,1.0,2406.0,2410.0,2335.0,2348.0,59700.0
2024-07-11,62270,2350.0,2650.0,2350.0,2587.0,0,0,319100.0,812259400.0,1.0,2350.0,2650.0,2350.0,2587.0,319100.0
2024-07-12,62270,2537.0,2576.0,2492.0,2560.0,0,0,164300.0,416912500.0,1.0,2537.0,2576.0,2492.0,2560.0,164300.0
2024-07-16,62270,2606.0,2635.0,2515.0,2549.0,0,0,86200.0,220437700.0,1.0,2606.0,2635.0,2515.0,2549.0,86200.0
2024-07-17,62270,2599.0,2628.0,2540.0,2586.0,0,0,85600.0,221178700.0,1.0,2599.0,2628.0,2540.0,2586.0,85600.0
2024-07-18,62270,2486.0,2516.0,2370.0,2370.0,0,0,197400.0,481255800.0,1.0,2486.0,2516.0,2370.0,2370.0,197400.0
2024-07-19,62270,2380.0,2527.0,2376.0,2506.0,0,0,212300.0,526429600.0,1.0,2380.0,2527.0,2376.0,2506.0,212300.0
2024-07-22,62270,2470.0,2485.0,2328.0,2328.0,0,0,142100.0,335196200.0,1.0,2470.0,2485.0,2328.0,2328.0,142100.0
2024-07-23,62270,2387.0,2425.0,2340.0,2383.0,0,0,77700.0,184669600.0,1.0,2387.0,2425.0,2340.0,2383.0,77700.0
2024-07-24,62270,2361.0,2410.0,2282.0,2282.0,0,0,91100.0,212446100.0,1.0,2361.0,2410.0,2282.0,2282.0,91100.0
2024-07-25,62270,2188.0,2224.0,2155.0,2181.0,0,0,113400.0,248467300.0,1.0,2188.0,2224.0,2155.0,2181.0,113400.0
2024-07-26,62270,2208.0,2282.0,2192.0,2221.0,0,0,69800.0,156839300.0,1.0,2208.0,2282.0,2192.0,2221.0,69800.0
2024-07-29,62270,2271.0,2284.0,2153.0,2171.0,0,0,172800.0,377946200.0,1.0,2271.0,2284.0,2153.0,2171.0,172800.0
2024-07-30,62270,2170.0,2192.0,2097.0,2117.0,0,0,84100.0,178568100.0,1.0,2170.0,2192.0,2097.0,2117.0,84100.0
2024-07-31,62270,2070.0,2145.0,2037.0,2136.0,0,0,97200.0,201753500.0,1.0,2070.0,2145.0,2037.0,2136.0,97200.0
2024-08-01,62270,2113.0,2127.0,2021.0,2064.0,0,0,67100.0,138031100.0,1.0,2113.0,2127.0,2021.0,2064.0,67100.0
2024-08-02,62270,1950.0,2007.0,1905.0,1921.0,0,0,113700.0,221187500.0,1.0,1950.0,2007.0,1905.0,1921.0,113700.0
2024-08-05,62270,1786.0,1801.0,1521.0,1521.0,0,1,194900.0,330933000.0,1.0,1786.0,1801.0,1521.0,1521.0,194900.0
2024-08-06,62270,1601.0,1779.0,1544.0,1732.0,0,0,148400.0,249453700.0,1.0,1601.0,1779.0,1544.0,1732.0,148400.0
2024-08-07,62270,1692.0,1875.0,1685.0,1825.0,0,0,153200.0,273293600.0,1.0,1692.0,1875.0,1685.0,1825.0,153200.0
2024-08-08,62270,1825.0,1942.0,1801.0,1887.0,0,0,195400.0,365802900.0,1.0,1825.0,1942.0,1801.0,1887.0,195400.0
2024-08-09,62270,1860.0,1861.0,1686.0,1783.0,0,0,609500.0,1070187300.0,1.0,1860.0,1861.0,1686.0,1783.0,609500.0
2024-08-13,62270,1756.0,1833.0,1744.0,1784.0,0,0,145600.0,259178000.0,1.0,1756.0,1833.0,1744.0,1784.0,145600.0
2024-08-14,62270,1803.0,1868.0,1767.0,1833.0,0,0,138200.0,253607700.0,1.0,1803.0,1868.0,1767.0,1833.0,138200.0
2024-08-15,62270,1833.0,1920.0,1809.0,1886.0,0,0,113900.0,215296100.0,1.0,1833.0,1920.0,1809.0,1886.0,113900.0
2024-08-16,62270,1921.0,1992.0,1912.0,1983.0,0,0,115800.0,227146700.0,1.0,1921.0,1992.0,1912.0,1983.0,115800.0
2024-08-19,62270,1984.0,2000.0,1932.0,1970.0,0,0,75000.0,147701000.0,1.0,1984.0,2000.0,1932.0,1970.0,75000.0
2024-08-20,62270,2000.0,2074.0,1995.0,2074.0,0,0,52000.0,106243800.0,1.0,2000.0,2074.0,1995.0,2074.0,52000.0
2024-08-21,62270,2024.0,2053.0,1993.0,2021.0,0,0,74100.0,149191800.0,1.0,2024.0,2053.0,1993.0,2021.0,74100.0
2024-08-22,62270,2020.0,2069.0,2013.0,2055.0,0,0,43000.0,87796800.0,1.0,2020.0,2069.0,2013.0,2055.0,43000.0
2024-08-23,62270,2042.0,2055.0,2002.0,2011.0,0,0,44000.0,88685200.0,1.0,2042.0,2055.0,2002.0,2011.0,44000.0
2024-08-26,62270,2030.0,2030.0,1985.0,2027.0,0,0,31500.0,63291100.0,1.0,2030.0,2030.0,1985.0,2027.0,31500.0
2024-08-27,62270,2020.0,2048.0,2010.0,2010.0,0,0,38600.0,78087100.0,1.0,2020.0,2048.0,2010.0,2010.0,38600.0
2024-08-28,62270,2014.0,2014.0,1973.0,2006.0,0,0,36200.0,72139300.0,1.0,2014.0,2014.0,1973.0,2006.0,36200.0
2024-08-29,62270,1960.0,2120.0,1946.0,2095.0,0,0,76200.0,156756100.0,1.0,1960.0,2120.0,1946.0,2095.0,76200.0
2024-08-30,62270,2139.0,2161.0,2064.0,2097.0,0,0,94900.0,200318400.0,1.0,2139.0,2161.0,2064.0,2097.0,94900.0
2024-09-02,62270,2100.0,2100.0,1993.0,2001.0,0,0,94300.0,191723800.0,1.0,2100.0,2100.0,1993.0,2001.0,94300.0
2024-09-03,62270,1978.0,1987.0,1932.0,1945.0,0,0,145800.0,285482700.0,1.0,1978.0,1987.0,1932.0,1945.0,145800.0
2024-09-04,62270,1865.0,1892.0,1818.0,1824.0,0,0,101800.0,188746600.0,1.0,1865.0,1892.0,1818.0,1824.0,101800.0
2024-09-05,62270,1820.0,1886.0,1800.0,1843.0,0,0,63300.0,116812400.0,1.0,1820.0,1886.0,1800.0,1843.0,63300.0
2024-09-06,62270,1854.0,1861.0,1803.0,1839.0,0,0,56300.0,102716600.0,1.0,1854.0,1861.0,1803.0,1839.0,56300.0
2024-09-09,62270,1762.0,1824.0,1756.0,1810.0,0,0,53700.0,96346700.0,1.0,1762.0,1824.0,1756.0,1810.0,53700.0
2024-09-10,62270,1838.0,1855.0,1791.0,1801.0,0,0,57500.0,103974500.0,1.0,1838.0,1855.0,1791.0,1801.0,57500.0
2024-09-11,62270,2201.0,2201.0,2201.0,2201.0,1,0,35700.0,78575700.0,1.0,2201.0,2201.0,2201.0,2201.0,35700.0
2024-09-12,62270,2396.0,2440.0,2120.0,2390.0,0,0,3173000.0,7320021300.0,1.0,2396.0,2440.0,2120.0,2390.0,3173000.0
2024-09-13,62270,2437.0,2572.0,2231.0,2232.0,0,0,1459800.0,3469771600.0,1.0,2437.0,2572.0,2231.0,2232.0,1459800.0
2024-09-17,62270,2209.0,2279.0,2183.0,2219.0,0,0,383900.0,855093800.0,1.0,2209.0,2279.0,2183.0,2219.0,383900.0
2024-09-18,62270,2254.0,2276.0,2111.0,2125.0,0,0,393400.0,855844700.0,1.0,2254.0,2276.0,2111.0,2125.0,393400.0
2024-09-19,62270,2175.0,2317.0,2150.0,2296.0,0,0,389900.0,879292000.0,1.0,2175.0,2317.0,2150.0,2296.0,389900.0
2024-09-20,62270,2344.0,2380.0,2260.0,2287.0,0,0,342900.0,793794700.0,1.0,2344.0,2380.0,2260.0,2287.0,342900.0
2024-09-24,62270,2437.0,2595.0,2425.0,2542.0,0,0,1335600.0,3381019900.0,1.0,2437.0,2595.0,2425.0,2542.0,1335600.0
2024-09-25,62270,2547.0,2938.0,2501.0,2774.0,0,0,2566800.0,7129004600.0,1.0,2547.0,2938.0,2501.0,2774.0,2566800.0
2024-09-26,62270,2774.0,2815.0,2665.0,2741.0,0,0,1456300.0,4008871300.0,1.0,2774.0,2815.0,2665.0,2741.0,1456300.0
2024-09-27,62270,2941.0,3045.0,2787.0,3020.0,0,0,2066200.0,6076897700.0,1.0,2941.0,3045.0,2787.0,3020.0,2066200.0
2024-09-30,62270,2950.0,3085.0,2815.0,2854.0,0,0,887000.0,2587693000.0,1.0,2950.0,3085.0,2815.0,2854.0,887000.0
2024-10-01,62270,2916.0,2981.0,2734.0,2820.0,0,0,739700.0,2086961300.0,1.0,2916.0,2981.0,2734.0,2820.0,739700.0
2024-10-02,62270,2700.0,2716.0,2635.0,2636.0,0,0,402400.0,1074612800.0,1.0,2700.0,2716.0,2635.0,2636.0,402400.0
2024-10-03,62270,2741.0,2915.0,2725.0,2880.0,0,0,793800.0,2253833900.0,1.0,2741.0,2915.0,2725.0,2880.0,793800.0
2024-10-04,62270,2839.0,2879.0,2760.0,2826.0,0,0,411900.0,1163054800.0,1.0,2839.0,2879.0,2760.0,2826.0,411900.0
2024-10-07,62270,2915.0,2929.0,2723.0,2767.0,0,0,421900.0,1181699900.0,1.0,2915.0,2929.0,2723.0,2767.0,421900.0
2024-10-08,62270,2717.0,2790.0,2669.0,2676.0,0,0,241100.0,652176700.0,1.0,2717.0,2790.0,2669.0,2676.0,241100.0
2024-10-09,62270,2716.0,2755.0,2636.0,2696.0,0,0,216600.0,584158100.0,1.0,2716.0,2755.0,2636.0,2696.0,216600.0
2024-10-10,62270,2693.0,2735.0,2614.0,2615.0,0,0,149100.0,394272200.0,1.0,2693.0,2735.0,2614.0,2615.0,149100.0
2024-10-11,62270,2616.0,2662.0,2583.0,2592.0,0,0,134400.0,350916600.0,1.0,2616.0,2662.0,2583.0,2592.0,134400.0
2024-10-15,62270,2613.0,2768.0,2577.0,2768.0,0,0,204700.0,548156900.0,1.0,2613.0,2768.0,2577.0,2768.0,204700.0
2024-10-16,62270,2658.0,2755.0,2642.0,2727.0,0,0,170200.0,457577000.0,1.0,2658.0,2755.0,2642.0,2727.0,170200.0
2024-10-17,62270,2709.0,2713.0,2593.0,2700.0,0,0,185900.0,493927300.0,1.0,2709.0,2713.0,2593.0,2700.0,185900.0
2024-10-18,62270,2719.0,2761.0,2682.0,2730.0,0,0,131500.0,358425300.0,1.0,2719.0,2761.0,2682.0,2730.0,131500.0
2024-10-21,62270,2713.0,2799.0,2652.0,2776.0,0,0,146000.0,402795200.0,1.0,2713.0,2799.0,2652.0,2776.0,146000.0
2024-10-22,62270,2745.0,2764.0,2634.0,2680.0,0,0,145100.0,388736900.0,1.0,2745.0,2764.0,2634.0,2680.0,145100.0
2024-10-23,62270,2638.0,2655.0,2542.0,2580.0,0,0,122500.0,316086800.0,1.0,2638.0,2655.0,2542.0,2580.0,122500.0
2024-10-24,62270,2530.0,2583.0,2505.0,2550.0,0,0,105000.0,267594400.0,1.0,2530.0,2583.0,2505.0,2550.0,105000.0
2024-10-25,62270,2515.0,2525.0,2436.0,2450.0,0,0,116500.0,287569400.0,1.0,2515.0,2525.0,2436.0,2450.0,116500.0
2024-10-28,62270,2445.0,2574.0,2434.0,2574.0,0,0,106000.0,268837200.0,1.0,2445.0,2574.0,2434.0,2574.0,106000.0
2024-10-29,62270,2570.0,2597.0,2514.0,2576.0,0,0,63000.0,161074100.0,1.0,2570.0,2597.0,2514.0,2576.0,63000.0
2024-10-30,62270,2595.0,2745.0,2566.0,2722.0,0,0,206900.0,557380300.0,1.0,2595.0,2745.0,2566.0,2722.0,206900.0
2024-10-31,62270,2673.0,2719.0,2635.0,2687.0,0,0,117900.0,314742300.0,1.0,2673.0,2719.0,2635.0,2687.0,117900.0
2024-11-01,62270,2601.0,2743.0,2597.0,2719.0,0,0,129200.0,344673700.0,1.0,2601.0,2743.0,2597.0,2719.0,129200.0
2024-11-05,62270,2702.0,2725.0,2656.0,2695.0,0,0,70600.0,189965000.0,1.0,2702.0,2725.0,2656.0,2695.0,70600.0
2024-11-06,62270,2703.0,2778.0,2680.0,2692.0,0,0,119000.0,322978700.0,1.0,2703.0,2778.0,2680.0,2692.0,119000.0
2024-11-07,62270,2652.0,2721.0,2620.0,2679.0,0,0,99800.0,266857200.0,1.0,2652.0,2721.0,2620.0,2679.0,99800.0
2024-11-08,62270,2698.0,2753.0,2670.0,2670.0,0,0,83000.0,224502600.0,1.0,2698.0,2753.0,2670.0,2670.0,83000.0
2024-11-11,62270,2631.0,2676.0,2626.0,2636.0,0,0,62700.0,166042200.0,1.0,2631.0,2676.0,2626.0,2636.0,62700.0
2024-11-12,62270,2640.0,2669.0,2560.0,2575.0,0,0,134000.0,350208000.0,1.0,2640.0,2669.0,2560.0,2575.0,134000.0
2024-11-13,62270,2533.0,2560.0,2510.0,2521.0,0,0,121500.0,307784200.0,1.0,2533.0,2560.0,2510.0,2521.0,121500.0
2024-11-14,62270,2571.0,2586.0,2465.0,2474.0,0,0,193500.0,486851500.0,1.0,2571.0,2586.0,2465.0,2474.0,193500.0
2024-11-15,62270,2324.0,2532.0,2310.0,2419.0,0,0,316000.0,753516900.0,1.0,2324.0,2532.0,2310.0,2419.0,316000.0
2024-11-18,62270,2449.0,2510.0,2353.0,2354.0,0,0,126900.0,306440600.0,1.0,2449.0,2510.0,2353.0,2354.0,126900.0
2024-11-19,62270,2350.0,2380.0,2323.0,2341.0,0,0,61900.0,145072800.0,1.0,2350.0,2380.0,2323.0,2341.0,61900.0
2024-11-20,62270,2340.0,2388.0,2310.0,2325.0,0,0,71700.0,167562000.0,1.0,2340.0,2388.0,2310.0,2325.0,71700.0
2024-11-21,62270,2315.0,2399.0,2300.0,2399.0,0,0,92300.0,216583100.0,1.0,2315.0,2399.0,2300.0,2399.0,92300.0
2024-11-22,62270,2420.0,2458.0,2380.0,2399.0,0,0,77400.0,186113100.0,1.0,2420.0,2458.0,2380.0,2399.0,77400.0
2024-11-25,62270,2449.0,2495.0,2410.0,2472.0,0,0,77500.0,190582500.0,1.0,2449.0,2495.0,2410.0,2472.0,77500.0
2024-11-26,62270,2495.0,2555.0,2464.0,2538.0,0,0,105900.0,266641600.0,1.0,2495.0,2555.0,2464.0,2538.0,105900.0
2024-11-27,62270,2550.0,2568.0,2483.0,2531.0,0,0,87100.0,219396500.0,1.0,2550.0,2568.0,2483.0,2531.0,87100.0
2024-11-28,62270,2481.0,2580.0,2480.0,2549.0,0,0,61500.0,155690800.0,1.0,2481.0,2580.0,2480.0,2549.0,61500.0
2024-11-29,62270,2565.0,2700.0,2541.0,2677.0,0,0,180700.0,476801600.0,1.0,2565.0,2700.0,2541.0,2677.0,180700.0
2024-12-02,62270,2687.0,2823.0,2670.0,2820.0,0,0,233500.0,641852300.0,1.0,2687.0,2823.0,2670.0,2820.0,233500.0
2024-12-03,62270,2910.0,3000.0,2870.0,2885.0,0,0,448600.0,1318424700.0,1.0,2910.0,3000.0,2870.0,2885.0,448600.0
2024-12-04,62270,2879.0,3165.0,2879.0,3120.0,0,0,536900.0,1638352600.0,1.0,2879.0,3165.0,2879.0,3120.0,536900.0
2024-12-05,62270,3160.0,3305.0,3080.0,3235.0,0,0,419100.0,1334766500.0,1.0,3160.0,3305.0,3080.0,3235.0,419100.0
2024-12-06,62270,3235.0,3555.0,3235.0,3420.0,0,0,604200.0,2035519500.0,1.0,3235.0,3555.0,3235.0,3420.0,604200.0
2024-12-09,62270,3310.0,3470.0,3165.0,3280.0,0,0,405300.0,1331349000.0,1.0,3310.0,3470.0,3165.0,3280.0,405300.0
2024-12-10,62270,3235.0,3290.0,3180.0,3230.0,0,0,213200.0,689053000.0,1.0,3235.0,3290.0,3180.0,3230.0,213200.0
2024-12-11,62270,3160.0,3190.0,3065.0,3155.0,0,0,206800.0,647847500.0,1.0,3160.0,3190.0,3065.0,3155.0,206800.0
2024-12-12,62270,3250.0,3250.0,3070.0,3070.0,0,0,149400.0,469293500.0,1.0,3250.0,3250.0,3070.0,3070.0,149400.0
2024-12-13,62270,3035.0,3175.0,3025.0,3075.0,0,0,142100.0,441390500.0,1.0,3035.0,3175.0,3025.0,3075.0,142100.0
2024-12-16,62270,3215.0,3260.0,3115.0,3175.0,0,0,274100.0,876773500.0,1.0,3215.0,3260.0,3115.0,3175.0,274100.0
2024-12-17,62270,3200.0,3200.0,3045.0,3065.0,0,0,122100.0,377139000.0,1.0,3200.0,3200.0,3045.0,3065.0,122100.0
2024-12-18,62270,3010.0,3095.0,2995.0,3025.0,0,0,68300.0,207009100.0,1.0,3010.0,3095.0,2995.0,3025.0,68300.0
2024-12-19,62270,2968.0,3050.0,2927.0,3025.0,0,0,112800.0,336246800.0,1.0,2968.0,3050.0,2927.0,3025.0,112800.0
2024-12-20,62270,2981.0,3090.0,2967.0,3075.0,0,0,142400.0,432675100.0,1.0,2981.0,3090.0,2967.0,3075.0,142400.0
2024-12-23,62270,3080.0,3125.0,3010.0,3030.0,0,0,79600.0,243203000.0,1.0,3080.0,3125.0,3010.0,3030.0,79600.0
2024-12-24,62270,3080.0,3200.0,3055.0,3195.0,0,0,151100.0,473151000.0,1.0,3080.0,3200.0,3055.0,3195.0,151100.0
2024-12-25,62270,3210.0,3225.0,3090.0,3140.0,0,0,80500.0,252608500.0,1.0,3210.0,3225.0,3090.0,3140.0,80500.0
2024-12-26,62270,3140.0,3140.0,3015.0,3050.0,0,0,77200.0,236249500.0,1.0,3140.0,3140.0,3015.0,3050.0,77200.0
2024-12-27,62270,3030.0,3090.0,3000.0,3040.0,0,0,62600.0,190637000.0,1.0,3030.0,3090.0,3000.0,3040.0,62600.0
2024-12-30,62270,3040.0,3085.0,3000.0,3035.0,0,0,67200.0,204061000.0,1.0,3040.0,3085.0,3000.0,3035.0,67200.0
2025-01-06,62270,3090.0,3210.0,3060.0,3160.0,0,0,119500.0,376699500.0,1.0,3090.0,3210.0,3060.0,3160.0,119500.0
2025-01-07,62270,3185.0,3220.0,3070.0,3220.0,0,0,139200.0,440892500.0,1.0,3185.0,3220.0,3070.0,3220.0,139200.0
2025-01-08,62270,3265.0,3520.0,3235.0,3480.0,0,0,322700.0,1095741500.0,1.0,3265.0,3520.0,3235.0,3480.0,322700.0
2025-01-09,62270,3480.0,3515.0,3330.0,3405.0,0,0,198600.0,675757000.0,1.0,3480.0,3515.0,3330.0,3405.0,198600.0
2025-01-10,62270,3410.0,3955.0,3405.0,3610.0,0,0,937000.0,3480651500.0,1.0,3410.0,3955.0,3405.0,3610.0,937000.0
2025-01-14,62270,3455.0,3455.0,3170.0,3390.0,0,0,476000.0,1575021000.0,1.0,3455.0,3455.0,3170.0,3390.0,476000.0
2025-01-15,62270,3460.0,3475.0,3045.0,3270.0,0,0,397100.0,1271318500.0,1.0,3460.0,3475.0,3045.0,3270.0,397100.0
2025-01-16,62270,3300.0,3390.0,3260.0,3375.0,0,0,206600.0,688369000.0,1.0,3300.0,3390.0,3260.0,3375.0,206600.0
2025-01-17,62270,3445.0,3680.0,3430.0,3560.0,0,0,494000.0,1761921000.0,1.0,3445.0,3680.0,3430.0,3560.0,494000.0
2025-01-20,62270,3455.0,3690.0,3360.0,3690.0,0,0,225800.0,804610000.0,1.0,3455.0,3690.0,3360.0,3690.0,225800.0
2025-01-21,62270,3730.0,3735.0,3580.0,3670.0,0,0,149600.0,543685500.0,1.0,3730.0,3735.0,3580.0,3670.0,149600.0
2025-01-22,62270,3700.0,3725.0,3525.0,3550.0,0,0,174500.0,628239500.0,1.0,3700.0,3725.0,3525.0,3550.0,174500.0
2025-01-23,62270,3610.0,3795.0,3555.0,3735.0,0,0,376200.0,1400396000.0,1.0,3610.0,3795.0,3555.0,3735.0,376200.0
2025-01-24,62270,3710.0,3890.0,3650.0,3870.0,0,0,247900.0,942008000.0,1.0,3710.0,3890.0,3650.0,3870.0,247900.0
2025-01-27,62270,3895.0,3960.0,3685.0,3735.0,0,0,223100.0,851533500.0,1.0,3895.0,3960.0,3685.0,3735.0,223100.0
2025-01-28,62270,3605.0,3765.0,3540.0,3640.0,0,0,182700.0,666082500.0,1.0,3605.0,3765.0,3540.0,3640.0,182700.0
2025-01-29,62270,3685.0,3740.0,3555.0,3585.0,0,0,124000.0,452005000.0,1.0,3685.0,3740.0,3555.0,3585.0,124000.0
2025-01-30,62270,3545.0,3620.0,3470.0,3530.0,0,0,73000.0,258475500.0,1.0,3545.0,3620.0,3470.0,3530.0,73000.0
2025-01-31,62270,3505.0,3565.0,3460.0,3505.0,0,0,70200.0,246374000.0,1.0,3505.0,3565.0,3460.0,3505.0,70200.0
2025-02-03,62270,3500.0,3625.0,3450.0,3490.0,0,0,131900.0,465290000.0,1.0,3500.0,3625.0,3450.0,3490.0,131900.0
2025-02-04,62270,3530.0,3775.0,3500.0,3695.0,0,0,184400.0,679166500.0,1.0,3530.0,3775.0,3500.0,3695.0,184400.0
2025-02-05,62270,3765.0,3765.0,3620.0,3660.0,0,0,109000.0,400727500.0,1.0,3765.0,3765.0,3620.0,3660.0,109000.0
2025-02-06,62270,3630.0,3650.0,3495.0,3500.0,0,0,155200.0,551785000.0,1.0,3630.0,3650.0,3495.0,3500.0,155200.0
2025-02-07,62270,3505.0,3585.0,3385.0,3400.0,0,0,158900.0,551577000.0,1.0,3505.0,3585.0,3385.0,3400.0,158900.0
2025-02-10,62270,3360.0,3615.0,3350.0,3580.0,0,0,125200.0,437634500.0,1.0,3360.0,3615.0,3350.0,3580.0,125200.0
2025-02-12,62270,3650.0,3650.0,3510.0,3610.0,0,0,127600.0,455386000.0,1.0,3650.0,3650.0,3510.0,3610.0,127600.0
2025-02-13,62270,3610.0,3675.0,3530.0,3535.0,0,0,130800.0,470607500.0,1.0,3610.0,3675.0,3530.0,3535.0,130800.0
2025-02-14,62270,3455.0,3555.0,3420.0,3495.0,0,0,112100.0,392681000.0,1.0,3455.0,3555.0,3420.0,3495.0,112100.0
2025-02-17,62270,3705.0,4180.0,3705.0,3910.0,0,0,891200.0,3559661000.0,1.0,3705.0,4180.0,3705.0,3910.0,891200.0
2025-02-18,62270,4120.0,4280.0,3790.0,3830.0,0,0,516600.0,2082342000.0,1.0,4120.0,4280.0,3790.0,3830.0,516600.0
2025-02-19,62270,3895.0,4050.0,3750.0,3805.0,0,0,363100.0,1424917500.0,1.0,3895.0,4050.0,3750.0,3805.0,363100.0
2025-02-20,62270,3835.0,3860.0,3715.0,3775.0,0,0,139400.0,527065000.0,1.0,3835.0,3860.0,3715.0,3775.0,139400.0
2025-02-21,62270,3735.0,3840.0,3625.0,3655.0,0,0,184200.0,689314000.0,1.0,3735.0,3840.0,3625.0,3655.0,184200.0
2025-02-25,62270,3585.0,4055.0,3550.0,3780.0,0,0,290300.0,1119862000.0,1.0,3585.0,4055.0,3550.0,3780.0,290300.0
2025-02-26,62270,3740.0,3800.0,3625.0,3700.0,0,0,151500.0,560516000.0,1.0,3740.0,3800.0,3625.0,3700.0,151500.0
2025-02-27,62270,3805.0,3980.0,3610.0,3670.0,0,0,223600.0,842171500.0,1.0,3805.0,3980.0,3610.0,3670.0,223600.0
2025-02-28,62270,3575.0,3645.0,3500.0,3630.0,0,0,175900.0,628637500.0,1.0,3575.0,3645.0,3500.0,3630.0,175900.0
2025-03-03,62270,3660.0,3680.0,3555.0,3600.0,0,0,124300.0,448679500.0,1.0,3660.0,3680.0,3555.0,3600.0,124300.0
2025-03-04,62270,3535.0,3610.0,3360.0,3565.0,0,0,180400.0,624903500.0,1.0,3535.0,3610.0,3360.0,3565.0,180400.0
2025-03-05,62270,3565.0,3695.0,3530.0,3600.0,0,0,139000.0,501560000.0,1.0,3565.0,3695.0,3530.0,3600.0,139000.0
2025-03-06,62270,3610.0,3610.0,3425.0,3435.0,0,0,121400.0,426944000.0,1.0,3610.0,3610.0,3425.0,3435.0,121400.0
2025-03-07,62270,3370.0,3400.0,3215.0,3215.0,0,0,132900.0,434441500.0,1.0,3370.0,3400.0,3215.0,3215.0,132900.0
2025-03-10,62270,3185.0,3220.0,3120.0,3195.0,0,0,121700.0,388337500.0,1.0,3185.0,3220.0,3120.0,3195.0,121700.0
2025-03-11,62270,3090.0,3170.0,3000.0,3140.0,0,0,140000.0,430011000.0,1.0,3090.0,3170.0,3000.0,3140.0,140000.0
2025-03-12,62270,3140.0,3240.0,3140.0,3145.0,0,0,62200.0,197693500.0,1.0,3140.0,3240.0,3140.0,3145.0,62200.0
2025-03-13,62270,3200.0,3235.0,3130.0,3130.0,0,0,85200.0,270758500.0,1.0,3200.0,3235.0,3130.0,3130.0,85200.0
2025-03-14,62270,3130.0,3230.0,3110.0,3200.0,0,0,58000.0,183698500.0,1.0,3130.0,3230.0,3110.0,3200.0,58000.0
2025-03-17,62270,3265.0,3325.0,3190.0,3290.0,0,0,74200.0,243282000.0,1.0,3265.0,3325.0,3190.0,3290.0,74200.0
2025-03-18,62270,3320.0,3470.0,3310.0,3415.0,0,0,109400.0,371154000.0,1.0,3320.0,3470.0,3310.0,3415.0,109400.0
2025-03-19,62270,3465.0,3485.0,3270.0,3300.0,0,0,120300.0,402605000.0,1.0,3465.0,3485.0,3270.0,3300.0,120300.0
2025-03-21,62270,3260.0,3315.0,3215.0,3250.0,0,0,54000.0,177015500.0,1.0,3260.0,3315.0,3215.0,3250.0,54000.0
2025-03-24,62270,3205.0,3275.0,3185.0,3210.0,0,0,103100.0,331139500.0,1.0,3205.0,3275.0,3185.0,3210.0,103100.0
2025-03-25,62270,3250.0,3345.0,3250.0,3325.0,0,0,66600.0,220202000.0,1.0,3250.0,3345.0,3250.0,3325.0,66600.0
2025-03-26,62270,3265.0,3280.0,3205.0,3210.0,0,0,65700.0,212725500.0,1.0,3265.0,3280.0,3205.0,3210.0,65700.0
2025-03-27,62270,3155.0,3155.0,3085.0,3105.0,0,0,74700.0,232396500.0,1.0,3155.0,3155.0,3085.0,3105.0,74700.0
2025-03-28,62270,3105.0,3110.0,3000.0,3005.0,0,0,62600.0,190534500.0,1.0,3105.0,3110.0,3000.0,3005.0,62600.0
2025-03-31,62270,2950.0,2975.0,2900.0,2910.0,0,0,70400.0,206063400.0,1.0,2950.0,2975.0,2900.0,2910.0,70400.0
2025-04-01,62270,2888.0,2895.0,2767.0,2785.0,0,0,129500.0,365014500.0,1.0,2888.0,2895.0,2767.0,2785.0,129500.0
2025-04-02,62270,2813.0,2844.0,2693.0,2707.0,0,0,104000.0,285022400.0,1.0,2813.0,2844.0,2693.0,2707.0,104000.0
2025-04-03,62270,2557.0,2633.0,2506.0,2627.0,0,0,114500.0,295792400.0,1.0,2557.0,2633.0,2506.0,2627.0,114500.0
2025-04-04,62270,2530.0,2571.0,2371.0,2479.0,0,0,146300.0,359145000.0,1.0,2530.0,2571.0,2371.0,2479.0,146300.0
2025-04-07,62270,2080.0,2262.0,2025.0,2127.0,0,0,137900.0,296105900.0,1.0,2080.0,2262.0,2025.0,2127.0,137900.0
2025-04-08,62270,2377.0,2478.0,2377.0,2428.0,0,0,113900.0,275542800.0,1.0,2377.0,2478.0,2377.0,2428.0,113900.0
2025-04-09,62270,2378.0,2380.0,2220.0,2275.0,0,0,100900.0,230226500.0,1.0,2378.0,2380.0,2220.0,2275.0,100900.0
2025-04-10,62270,2625.0,2625.0,2450.0,2461.0,0,0,102600.0,257256100.0,1.0,2625.0,2625.0,2450.0,2461.0,102600.0
2025-04-11,62270,2380.0,2409.0,2312.0,2401.0,0,0,75900.0,179069100.0,1.0,2380.0,2409.0,2312.0,2401.0,75900.0
2025-04-14,62270,2431.0,2457.0,2392.0,2396.0,0,0,82600.0,199882100.0,1.0,2431.0,2457.0,2392.0,2396.0,82600.0
2025-04-15,62270,2405.0,2465.0,2401.0,2401.0,0,0,53500.0,129992900.0,1.0,2405.0,2465.0,2401.0,2401.0,53500.0
2025-04-16,62270,2387.0,2426.0,2252.0,2273.0,0,0,88700.0,205778500.0,1.0,2387.0,2426.0,2252.0,2273.0,88700.0
2025-04-17,62270,2265.0,2314.0,2261.0,2310.0,0,0,55800.0,127319000.0,1.0,2265.0,2314.0,2261.0,2310.0,55800.0
2025-04-18,62270,2277.0,2300.0,2186.0,2204.0,0,0,173300.0,385208100.0,1.0,2277.0,2300.0,2186.0,2204.0,173300.0
2025-04-21,62270,2180.0,2218.0,2155.0,2160.0,0,0,81900.0,178439100.0,1.0,2180.0,2218.0,2155.0,2160.0,81900.0
2025-04-22,62270,2210.0,2243.0,2183.0,2199.0,0,0,57100.0,126027000.0,1.0,2210.0,2243.0,2183.0,2199.0,57100.0
2025-04-23,62270,2249.0,2252.0,2211.0,2211.0,0,0,98800.0,220587000.0,1.0,2249.0,2252.0,2211.0,2211.0,98800.0
2025-04-24,62270,2241.0,2251.0,2186.0,2186.0,0,0,59200.0,131201500.0,1.0,2241.0,2251.0,2186.0,2186.0,59200.0
2025-04-25,62270,2281.0,2430.0,2280.0,2400.0,0,0,255200.0,601609100.0,1.0,2281.0,2430.0,2280.0,2400.0,255200.0
2025-04-28,62270,2500.0,2512.0,2400.0,2411.0,0,0,127600.0,310740500.0,1.0,2500.0,2512.0,2400.0,2411.0,127600.0
2025-04-30,62270,2426.0,2435.0,2374.0,2424.0,0,0,53200.0,127818600.0,1.0,2426.0,2435.0,2374.0,2424.0,53200.0
2025-05-01,62270,2407.0,2451.0,2397.0,2406.0,0,0,47000.0,113554100.0,1.0,2407.0,2451.0,2397.0,2406.0,47000.0
2025-05-02,62270,2416.0,2584.0,2406.0,2576.0,0,0,97400.0,243232600.0,1.0,2416.0,2584.0,2406.0,2576.0,97400.0
2025-05-07,62270,2588.0,2599.0,2495.0,2523.0,0,0,84500.0,214242800.0,1.0,2588.0,2599.0,2495.0,2523.0,84500.0
2025-05-08,62270,2580.0,2693.0,2544.0,2677.0,0,0,150300.0,395119800.0,1.0,2580.0,2693.0,2544.0,2677.0,150300.0
2025-05-09,62270,2751.0,2785.0,2681.0,2701.0,0,0,135400.0,369237500.0,1.0,2751.0,2785.0,2681.0,2701.0,135400.0
2025-05-12,62270,2751.0,2889.0,2725.0,2870.0,0,0,132100.0,370536500.0,1.0,2751.0,2889.0,2725.0,2870.0,132100.0
2025-05-13,62270,2954.0,3020.0,2889.0,2939.0,0,0,174300.0,513633300.0,1.0,2954.0,3020.0,2889.0,2939.0,174300.0
2025-05-14,62270,2972.0,3040.0,2961.0,3000.0,0,0,134600.0,404051600.0,1.0,2972.0,3040.0,2961.0,3000.0,134600.0
2025-05-15,62270,2952.0,2953.0,2850.0,2877.0,0,0,227600.0,660084400.0,1.0,2952.0,2953.0,2850.0,2877.0,227600.0
2025-05-16,62270,2845.0,3065.0,2832.0,2898.0,0,0,367100.0,1090478200.0,1.0,2845.0,3065.0,2832.0,2898.0,367100.0
2025-05-19,62270,2877.0,2930.0,2831.0,2867.0,0,0,89300.0,256734600.0,1.0,2877.0,2930.0,2831.0,2867.0,89300.0
2025-05-20,62270,2864.0,3115.0,2858.0,3000.0,0,0,153200.0,464147200.0,1.0,2864.0,3115.0,2858.0,3000.0,153200.0
2025-05-21,62270,3005.0,3160.0,2985.0,3045.0,0,0,162200.0,496017900.0,1.0,3005.0,3160.0,2985.0,3045.0,162200.0
2025-05-22,62270,3040.0,3100.0,2990.0,2990.0,0,0,93200.0,282601600.0,1.0,3040.0,3100.0,2990.0,2990.0,93200.0
2025-05-23,62270,2985.0,3070.0,2911.0,2916.0,0,0,110100.0,328254600.0,1.0,2985.0,3070.0,2911.0,2916.0,110100.0
2025-05-26,62270,2916.0,3035.0,2871.0,2941.0,0,0,113800.0,338319300.0,1.0,2916.0,3035.0,2871.0,2941.0,113800.0
2025-05-27,62270,2991.0,2991.0,2884.0,2942.0,0,0,117700.0,345081200.0,1.0,2991.0,2991.0,2884.0,2942.0,117700.0
2025-05-28,62270,2992.0,3110.0,2990.0,3035.0,0,0,132600.0,403025800.0,1.0,2992.0,3110.0,2990.0,3035.0,132600.0
2025-05-29,62270,3100.0,3310.0,2922.0,2961.0,0,0,336400.0,1036184800.0,1.0,3100.0,3310.0,2922.0,2961.0,336400.0
2025-05-30,62270,2939.0,3015.0,2910.0,2975.0,0,0,97800.0,290616300.0,1.0,2939.0,3015.0,2910.0,2975.0,97800.0
2025-06-02,62270,2975.0,3045.0,2927.0,2953.0,0,0,119800.0,354878200.0,1.0,2975.0,3045.0,2927.0,2953.0,119800.0
2025-06-03,62270,2984.0,3035.0,2912.0,2913.0,0,0,96500.0,286704900.0,1.0,2984.0,3035.0,2912.0,2913.0,96500.0
2025-06-04,62270,2920.0,3115.0,2920.0,3115.0,0,0,157400.0,479450300.0,1.0,2920.0,3115.0,2920.0,3115.0,157400.0
2025-06-05,62270,3150.0,3250.0,3070.0,3085.0,0,0,116400.0,366520500.0,1.0,3150.0,3250.0,3070.0,3085.0,116400.0
2025-06-06,62270,3055.0,3095.0,3010.0,3010.0,0,0,71000.0,215222500.0,1.0,3055.0,3095.0,3010.0,3010.0,71000.0
2025-06-09,62270,3055.0,3115.0,2980.0,2980.0,0,0,87900.0,265741300.0,1.0,3055.0,3115.0,2980.0,2980.0,87900.0
2025-06-10,62270,3020.0,3050.0,2970.0,2972.0,0,0,110600.0,332048800.0,1.0,3020.0,3050.0,2970.0,2972.0,110600.0
2025-06-11,62270,3020.0,3025.0,2952.0,2979.0,0,0,90500.0,269857100.0,1.0,3020.0,3025.0,2952.0,2979.0,90500.0
2025-06-12,62270,3015.0,3135.0,2972.0,2980.0,0,0,260400.0,786869200.0,1.0,3015.0,3135.0,2972.0,2980.0,260400.0
2025-06-13,62270,2980.0,3005.0,2786.0,2836.0,0,0,169700.0,489657400.0,1.0,2980.0,3005.0,2786.0,2836.0,169700.0
2025-06-16,62270,2813.0,2865.0,2812.0,2831.0,0,0,46600.0,132218700.0,1.0,2813.0,2865.0,2812.0,2831.0,46600.0
2025-06-17,62270,2850.0,3035.0,2850.0,2944.0,0,0,128000.0,379335700.0,1.0,2850.0,3035.0,2850.0,2944.0,128000.0
2025-06-18,62270,2948.0,2993.0,2930.0,2973.0,0,0,45600.0,135146500.0,1.0,2948.0,2993.0,2930.0,2973.0,45600.0
2025-06-19,62270,2973.0,3180.0,2945.0,3110.0,0,0,180600.0,554508300.0,1.0,2973.0,3180.0,2945.0,3110.0,180600.0
2025-06-20,62270,3170.0,3215.0,3080.0,3180.0,0,0,138000.0,437176000.0,1.0,3170.0,3215.0,3080.0,3180.0,138000.0
2025-06-23,62270,3050.0,3145.0,2967.0,3110.0,0,0,127200.0,386882000.0,1.0,3050.0,3145.0,2967.0,3110.0,127200.0
2025-06-24,62270,3180.0,3210.0,3130.0,3195.0,0,0,118600.0,376091000.0,1.0,3180.0,3210.0,3130.0,3195.0,118600.0
2025-06-25,62270,3220.0,3410.0,3220.0,3305.0,0,0,172300.0,569041000.0,1.0,3220.0,3410.0,3220.0,3305.0,172300.0
2025-06-26,62270,3300.0,3400.0,3280.0,3290.0,0,0,138400.0,461751000.0,1.0,3300.0,3400.0,3280.0,3290.0,138400.0
2025-06-27,62270,3315.0,3390.0,3270.0,3325.0,0,0,115100.0,384251500.0,1.0,3315.0,3390.0,3270.0,3325.0,115100.0
2025-06-30,62270,3345.0,3385.0,3270.0,3310.0,0,0,103100.0,343874000.0,1.0,3345.0,3385.0,3270.0,3310.0,103100.0
2025-07-01,62270,3310.0,3365.0,3205.0,3240.0,0,0,66000.0,215605000.0,1.0,3310.0,3365.0,3205.0,3240.0,66000.0
2025-07-02,62270,3145.0,3170.0,3100.0,3110.0,0,0,71800.0,224843000.0,1.0,3145.0,3170.0,3100.0,3110.0,71800.0
2025-07-03,62270,3165.0,3250.0,3130.0,3185.0,0,0,63700.0,202742500.0,1.0,3165.0,3250.0,3130.0,3185.0,63700.0
2025-07-04,62270,3200.0,3210.0,3085.0,3085.0,0,0,52300.0,163413500.0,1.0,3200.0,3210.0,3085.0,3085.0,52300.0
2025-07-07,62270,3085.0,3140.0,3055.0,3070.0,0,0,33800.0,104305000.0,1.0,3085.0,3140.0,3055.0,3070.0,33800.0
2025-07-08,62270,3075.0,3275.0,3060.0,3255.0,0,0,84600.0,271691500.0,1.0,3075.0,3275.0,3060.0,3255.0,84600.0
2025-07-09,62270,3275.0,3320.0,3220.0,3310.0,0,0,74100.0,243215500.0,1.0,3275.0,3320.0,3220.0,3310.0,74100.0
2025-07-10,62270,3310.0,3405.0,3290.0,3360.0,0,0,90600.0,303688000.0,1.0,3310.0,3405.0,3290.0,3360.0,90600.0
2025-07-11,62270,3315.0,3450.0,3305.0,3350.0,0,0,88900.0,300879000.0,1.0,3315.0,3450.0,3305.0,3350.0,88900.0
2025-07-14,62270,3345.0,3435.0,3320.0,3395.0,0,0,81100.0,274403000.0,1.0,3345.0,3435.0,3320.0,3395.0,81100.0
2025-07-15,62270,3340.0,3350.0,3215.0,3320.0,0,0,111300.0,364482000.0,1.0,3340.0,3350.0,3215.0,3320.0,111300.0
2025-07-16,62270,3320.0,3330.0,3230.0,3235.0,0,0,52300.0,170482500.0,1.0,3320.0,3330.0,3230.0,3235.0,52300.0
2025-07-17,62270,3235.0,3330.0,3200.0,3330.0,0,0,47800.0,156573500.0,1.0,3235.0,3330.0,3200.0,3330.0,47800.0
2025-07-18,62270,3330.0,3330.0,3170.0,3250.0,0,0,79600.0,257029500.0,1.0,3330.0,3330.0,3170.0,3250.0,79600.0
2025-07-22,62270,3250.0,3310.0,3165.0,3215.0,0,0,47100.0,151938000.0,1.0,3250.0,3310.0,3165.0,3215.0,47100.0
2025-07-23,62270,3250.0,3335.0,3200.0,3315.0,0,0,87200.0,287018000.0,1.0,3250.0,3335.0,3200.0,3315.0,87200.0
2025-07-24,62270,3330.0,3360.0,3250.0,3285.0,0,0,53500.0,176263500.0,1.0,3330.0,3360.0,3250.0,3285.0,53500.0
2025-07-25,62270,3285.0,3345.0,3250.0,3295.0,0,0,43400.0,143802500.0,1.0,3285.0,3345.0,3250.0,3295.0,43400.0
2025-07-28,62270,3325.0,3370.0,3260.0,3350.0,0,0,46000.0,152606000.0,1.0,3325.0,3370.0,3260.0,3350.0,46000.0
2025-07-29,62270,3355.0,3375.0,3285.0,3290.0,0,0,39400.0,131104500.0,1.0,3355.0,3375.0,3285.0,3290.0,39400.0
2025-07-30,62270,3325.0,3370.0,3290.0,3365.0,0,0,51300.0,170969500.0,1.0,3325.0,3370.0,3290.0,3365.0,51300.0
2025-07-31,62270,3395.0,3410.0,3345.0,3385.0,0,0,44400.0,149848500.0,1.0,3395.0,3410.0,3345.0,3385.0,44400.0
2025-08-01,62270,3360.0,3395.0,3275.0,3365.0,0,0,140100.0,468572500.0,1.0,3360.0,3395.0,3275.0,3365.0,140100.0
2025-08-04,62270,3225.0,3365.0,3180.0,3365.0,0,0,84300.0,275611500.0,1.0,3225.0,3365.0,3180.0,3365.0,84300.0
2025-08-05,62270,3400.0,3415.0,3330.0,3350.0,0,0,84400.0,284437000.0,1.0,3400.0,3415.0,3330.0,3350.0,84400.0
2025-08-06,62270,3350.0,3375.0,3265.0,3320.0,0,0,92600.0,307900000.0,1.0,3350.0,3375.0,3265.0,3320.0,92600.0
2025-08-07,62270,3345.0,3370.0,3285.0,3300.0,0,0,89100.0,296264500.0,1.0,3345.0,3370.0,3285.0,3300.0,89100.0
2025-08-08,62270,3440.0,3545.0,3345.0,3365.0,0,0,205100.0,702722000.0,1.0,3440.0,3545.0,3345.0,3365.0,205100.0
2025-08-12,62270,4065.0,4065.0,4065.0,4065.0,1,0,52900.0,215038500.0,1.0,4065.0,4065.0,4065.0,4065.0,52900.0
2025-08-13,62270,4485.0,4765.0,4310.0,4695.0,1,0,1460700.0,6718948000.0,1.0,4485.0,4765.0,4310.0,4695.0,1460700.0
2025-08-14,62270,4625.0,4625.0,4490.0,4625.0,0,0,321100.0,1464488500.0,1.0,4625.0,4625.0,4490.0,4625.0,321100.0
2025-08-15,62270,4740.0,4765.0,4625.0,4755.0,0,0,250900.0,1181011000.0,1.0,4740.0,4765.0,4625.0,4755.0,250900.0
2025-08-18,62270,4800.0,4805.0,4640.0,4715.0,0,0,184900.0,871356500.0,1.0,4800.0,4805.0,4640.0,4715.0,184900.0
2025-08-19,62270,4750.0,4830.0,4700.0,4740.0,0,0,123900.0,588696000.0,1.0,4750.0,4830.0,4700.0,4740.0,123900.0
2025-08-20,62270,4675.0,4685.0,4415.0,4425.0,0,0,212000.0,958558500.0,1.0,4675.0,4685.0,4415.0,4425.0,212000.0
2025-08-21,62270,4405.0,4435.0,4190.0,4205.0,0,0,242400.0,1037203000.0,1.0,4405.0,4435.0,4190.0,4205.0,242400.0
2025-08-22,62270,4185.0,4370.0,4120.0,4220.0,0,0,247900.0,1047519500.0,1.0,4185.0,4370.0,4120.0,4220.0,247900.0
2025-08-25,62270,4330.0,4450.0,4265.0,4395.0,0,0,203100.0,887686000.0,1.0,4330.0,4450.0,4265.0,4395.0,203100.0
2025-08-26,62270,4350.0,4355.0,4220.0,4230.0,0,0,121100.0,516773000.0,1.0,4350.0,4355.0,4220.0,4230.0,121100.0
2025-08-27,62270,4165.0,4245.0,4115.0,4125.0,0,0,143600.0,597892000.0,1.0,4165.0,4245.0,4115.0,4125.0,143600.0
2025-08-28,62270,4025.0,4185.0,3990.0,4150.0,0,0,188300.0,769527500.0,1.0,4025.0,4185.0,3990.0,4150.0,188300.0
2025-08-29,62270,4150.0,4335.0,4130.0,4305.0,0,0,167600.0,712372500.0,1.0,4150.0,4335.0,4130.0,4305.0,167600.0
2025-09-01,62270,4110.0,4130.0,3925.0,3950.0,0,0,303100.0,1212820000.0,1.0,4110.0,4130.0,3925.0,3950.0,303100.0
2025-09-02,62270,3955.0,4025.0,3895.0,3900.0,0,0,141400.0,557956500.0,1.0,3955.0,4025.0,3895.0,3900.0,141400.0
2025-09-03,62270,3830.0,3905.0,3780.0,3805.0,0,0,141500.0,542907000.0,1.0,3830.0,3905.0,3780.0,3805.0,141500.0
2025-09-04,62270,3835.0,3860.0,3795.0,3840.0,0,0,74100.0,283696000.0,1.0,3835.0,3860.0,3795.0,3840.0,74100.0
2025-09-05,62270,3900.0,4145.0,3890.0,4110.0,0,0,225600.0,909295500.0,1.0,3900.0,4145.0,3890.0,4110.0,225600.0
2025-09-08,62270,4210.0,4340.0,4155.0,4325.0,0,0,164300.0,697675500.0,1.0,4210.0,4340.0,4155.0,4325.0,164300.0
2025-09-09,62270,4350.0,4470.0,4265.0,4335.0,0,0,236700.0,1033804500.0,1.0,4350.0,4470.0,4265.0,4335.0,236700.0
2025-09-10,62270,4370.0,4525.0,4300.0,4500.0,0,0,208100.0,923627500.0,1.0,4370.0,4525.0,4300.0,4500.0,208100.0
2025-09-11,62270,4500.0,4570.0,4430.0,4435.0,0,0,190400.0,858095000.0,1.0,4500.0,4570.0,4430.0,4435.0,190400.0
2025-09-12,62270,4525.0,4595.0,4365.0,4410.0,0,0,141400.0,629323500.0,1.0,4525.0,4595.0,4365.0,4410.0,141400.0
2025-09-16,62270,4420.0,4520.0,4405.0,4450.0,0,0,103800.0,463917000.0,1.0,4420.0,4520.0,4405.0,4450.0,103800.0
2025-09-17,62270,4410.0,4460.0,4355.0,4390.0,0,0,69400.0,305967000.0,1.0,4410.0,4460.0,4355.0,4390.0,69400.0
2025-09-18,62270,4445.0,4710.0,4415.0,4635.0,0,0,276600.0,1279004000.0,1.0,4445.0,4710.0,4415.0,4635.0,276600.0
2025-09-19,62270,4775.0,4945.0,4575.0,4890.0,0,0,352400.0,1678439000.0,1.0,4775.0,4945.0,4575.0,4890.0,352400.0
2025-09-22,62270,4990.0,5090.0,4805.0,4860.0,0,0,231600.0,1142909500.0,1.0,4990.0,5090.0,4805.0,4860.0,231600.0
2025-09-24,62270,4800.0,4870.0,4725.0,4735.0,0,0,121100.0,579002000.0,1.0,4800.0,4870.0,4725.0,4735.0,121100.0
2025-09-25,62270,4610.0,4750.0,4600.0,4720.0,0,0,120900.0,565565000.0,1.0,4610.0,4750.0,4600.0,4720.0,120900.0
2025-09-26,62270,4670.0,4690.0,4525.0,4530.0,0,0,146900.0,673221500.0,1.0,4670.0,4690.0,4525.0,4530.0,146900.0
2025-09-29,62270,4560.0,4615.0,4535.0,4590.0,0,0,57100.0,261711500.0,1.0,4560.0,4615.0,4535.0,4590.0,57100.0
2025-09-30,62270,4590.0,4680.0,4550.0,4580.0,0,0,83100.0,384411500.0,1.0,4590.0,4680.0,4550.0,4580.0,83100.0
2025-10-01,62270,4550.0,4565.0,4380.0,4380.0,0,0,100400.0,446984000.0,1.0,4550.0,4565.0,4380.0,4380.0,100400.0
2025-10-02,62270,4500.0,4825.0,4500.0,4820.0,0,0,238100.0,1120894500.0,1.0,4500.0,4825.0,4500.0,4820.0,238100.0
2025-10-03,62270,4825.0,4825.0,4665.0,4690.0,0,0,140500.0,666088500.0,1.0,4825.0,4825.0,4665.0,4690.0,140500.0
2025-10-06,62270,4830.0,4840.0,4605.0,4775.0,0,0,164500.0,772357500.0,1.0,4830.0,4840.0,4605.0,4775.0,164500.0
2025-10-07,62270,4835.0,4895.0,4685.0,4715.0,0,0,109500.0,523027000.0,1.0,4835.0,4895.0,4685.0,4715.0,109500.0
2025-10-08,62270,4675.0,4750.0,4615.0,4670.0,0,0,66000.0,309376500.0,1.0,4675.0,4750.0,4615.0,4670.0,66000.0
2025-10-09,62270,4710.0,4850.0,4710.0,4815.0,0,0,124800.0,598245500.0,1.0,4710.0,4850.0,4710.0,4815.0,124800.0
2025-10-10,62270,4805.0,4970.0,4670.0,4960.0,0,0,203300.0,991250500.0,1.0,4805.0,4970.0,4670.0,4960.0,203300.0
2025-10-14,62270,4865.0,4970.0,4670.0,4685.0,0,0,197300.0,951517000.0,1.0,4865.0,4970.0,4670.0,4685.0,197300.0
2025-10-15,62270,4710.0,4850.0,4670.0,4850.0,0,0,104200.0,495803000.0,1.0,4710.0,4850.0,4670.0,4850.0,104200.0
2025-10-16,62270,4920.0,5020.0,4880.0,5000.0,0,0,139900.0,694845500.0,1.0,4920.0,5020.0,4880.0,5000.0,139900.0
2025-10-17,62270,4920.0,4945.0,4750.0,4800.0,0,0,179200.0,866332500.0,1.0,4920.0,4945.0,4750.0,4800.0,179200.0
2025-10-20,62270,4940.0,5130.0,4895.0,5130.0,0,0,197700.0,998337000.0,1.0,4940.0,5130.0,4895.0,5130.0,197700.0
2025-10-21,62270,5250.0,5320.0,5060.0,5090.0,0,0,142000.0,734678000.0,1.0,5250.0,5320.0,5060.0,5090.0,142000.0
2025-10-22,62270,5100.0,5120.0,4870.0,4995.0,0,0,129200.0,643636500.0,1.0,5100.0,5120.0,4870.0,4995.0,129200.0
2025-10-23,62270,4895.0,4900.0,4755.0,4780.0,0,0,148200.0,714183500.0,1.0,4895.0,4900.0,4755.0,4780.0,148200.0
2025-10-24,62270,4900.0,5050.0,4830.0,5040.0,0,0,134800.0,669450000.0,1.0,4900.0,5050.0,4830.0,5040.0,134800.0
2025-10-27,62270,5190.0,5260.0,5070.0,5100.0,0,0,110000.0,566328000.0,1.0,5190.0,5260.0,5070.0,5100.0,110000.0
2025-10-28,62270,5050.0,5100.0,4930.0,4955.0,0,0,103100.0,515919000.0,1.0,5050.0,5100.0,4930.0,4955.0,103100.0
2025-10-29,62270,4990.0,5010.0,4830.0,4910.0,0,0,103200.0,505956500.0,1.0,4990.0,5010.0,4830.0,4910.0,103200.0
