Date,Code,Open,High,Low,Close,UpperLimit,LowerLimit,Volume,TurnoverValue,AdjustmentFactor,AdjustmentOpen,AdjustmentHigh,AdjustmentLow,AdjustmentClose,AdjustmentVolume
2020-10-29,63260,1824.5,1858.5,1821.0,1851.0,0,0,1834400.0,3383255050.0,1.0,1824.5,1858.5,1821.0,1851.0,1834400.0
2020-10-30,63260,1863.0,1863.0,1805.5,1810.5,0,0,2689300.0,4907782150.0,1.0,1863.0,1863.0,1805.5,1810.5,2689300.0
2020-11-02,63260,1821.0,1860.0,1820.0,1844.5,0,0,1809200.0,3333524950.0,1.0,1821.0,1860.0,1820.0,1844.5,1809200.0
2020-11-04,63260,1903.5,1904.0,1875.0,1880.5,0,0,3014100.0,5694550300.0,1.0,1903.5,1904.0,1875.0,1880.5,3014100.0
2020-11-05,63260,1871.0,1893.0,1847.0,1881.0,0,0,2660500.0,4991266900.0,1.0,1871.0,1893.0,1847.0,1881.0,2660500.0
2020-11-06,63260,1951.5,2047.0,1933.0,2018.5,0,0,5251000.0,10546294800.0,1.0,1951.5,2047.0,1933.0,2018.5,5251000.0
2020-11-09,63260,2040.0,2098.0,2019.0,2084.5,0,0,3846900.0,7972600750.0,1.0,2040.0,2098.0,2019.0,2084.5,3846900.0
2020-11-10,63260,2100.0,2103.0,2015.5,2033.5,0,0,4244800.0,8711436450.0,1.0,2100.0,2103.0,2015.5,2033.5,4244800.0
2020-11-11,63260,2070.0,2070.0,2039.5,2055.5,0,0,2998400.0,6162062250.0,1.0,2070.0,2070.0,2039.5,2055.5,2998400.0
2020-11-12,63260,2084.0,2149.0,2081.5,2144.5,0,0,4195300.0,8899592900.0,1.0,2084.0,2149.0,2081.5,2144.5,4195300.0
2020-11-13,63260,2128.5,2130.5,2048.5,2076.5,0,0,3799600.0,7913762450.0,1.0,2128.5,2130.5,2048.5,2076.5,3799600.0
2020-11-16,63260,2149.5,2152.5,2099.0,2118.0,0,0,3477100.0,7373481150.0,1.0,2149.5,2152.5,2099.0,2118.0,3477100.0
2020-11-17,63260,2090.5,2098.0,2064.5,2091.5,0,0,3204100.0,6682922850.0,1.0,2090.5,2098.0,2064.5,2091.5,3204100.0
2020-11-18,63260,2075.0,2090.5,2048.5,2080.0,0,0,2286000.0,4745746650.0,1.0,2075.0,2090.5,2048.5,2080.0,2286000.0
2020-11-19,63260,2118.0,2124.5,2087.5,2104.0,0,0,2886300.0,6074548050.0,1.0,2118.0,2124.5,2087.5,2104.0,2886300.0
2020-11-20,63260,2122.5,2167.5,2120.0,2167.0,0,0,3498300.0,7540638850.0,1.0,2122.5,2167.5,2120.0,2167.0,3498300.0
2020-11-24,63260,2216.0,2252.0,2203.0,2216.0,0,0,3811600.0,8480893550.0,1.0,2216.0,2252.0,2203.0,2216.0,3811600.0
2020-11-25,63260,2237.5,2242.0,2131.5,2136.5,0,0,3600800.0,7832163000.0,1.0,2237.5,2242.0,2131.5,2136.5,3600800.0
2020-11-26,63260,2122.5,2144.5,2081.0,2131.0,0,0,3112800.0,6602584250.0,1.0,2122.5,2144.5,2081.0,2131.0,3112800.0
2020-11-27,63260,2123.5,2150.0,2119.5,2135.0,0,0,2942000.0,6285189000.0,1.0,2123.5,2150.0,2119.5,2135.0,2942000.0
2020-11-30,63260,2130.0,2142.0,2064.5,2070.5,0,0,4559800.0,9506772550.0,1.0,2130.0,2142.0,2064.5,2070.5,4559800.0
2020-12-01,63260,2095.0,2139.5,2095.0,2121.5,0,0,2095400.0,4439333600.0,1.0,2095.0,2139.5,2095.0,2121.5,2095400.0
2020-12-02,63260,2193.5,2231.0,2152.0,2161.5,0,0,4159900.0,9083394350.0,1.0,2193.5,2231.0,2152.0,2161.5,4159900.0
2020-12-03,63260,2189.0,2195.5,2149.0,2153.0,0,0,2958800.0,6410682500.0,1.0,2189.0,2195.5,2149.0,2153.0,2958800.0
2020-12-04,63260,2145.0,2168.5,2145.0,2159.5,0,0,1446200.0,3116544100.0,1.0,2145.0,2168.5,2145.0,2159.5,1446200.0
2020-12-07,63260,2172.5,2182.5,2148.5,2155.5,0,0,2139600.0,4629497200.0,1.0,2172.5,2182.5,2148.5,2155.5,2139600.0
2020-12-08,63260,2152.0,2152.0,2121.5,2129.5,0,0,1981800.0,4224522450.0,1.0,2152.0,2152.0,2121.5,2129.5,1981800.0
2020-12-09,63260,2151.0,2171.5,2145.0,2171.5,0,0,2216800.0,4795372850.0,1.0,2151.0,2171.5,2145.0,2171.5,2216800.0
2020-12-10,63260,2175.0,2200.0,2169.0,2175.5,0,0,1755000.0,3827113050.0,1.0,2175.0,2200.0,2169.0,2175.5,1755000.0
2020-12-11,63260,2177.0,2190.0,2150.0,2187.0,0,0,2183900.0,4755421800.0,1.0,2177.0,2190.0,2150.0,2187.0,2183900.0
2020-12-14,63260,2197.0,2292.0,2193.5,2263.0,0,0,3249500.0,7345230250.0,1.0,2197.0,2292.0,2193.5,2263.0,3249500.0
2020-12-15,63260,2271.5,2277.0,2189.0,2190.5,0,0,3377600.0,7511178600.0,1.0,2271.5,2277.0,2189.0,2190.5,3377600.0
2020-12-16,63260,2195.5,2218.5,2181.0,2181.0,0,0,1892000.0,4142709900.0,1.0,2195.5,2218.5,2181.0,2181.0,1892000.0
2020-12-17,63260,2195.5,2220.5,2179.0,2219.0,0,0,1899300.0,4189312250.0,1.0,2195.5,2220.5,2179.0,2219.0,1899300.0
2020-12-18,63260,2214.5,2223.5,2192.5,2211.5,0,0,3601500.0,7959489550.0,1.0,2214.5,2223.5,2192.5,2211.5,3601500.0
2020-12-21,63260,2205.5,2212.0,2151.0,2162.5,0,0,2246400.0,4874608350.0,1.0,2205.5,2212.0,2151.0,2162.5,2246400.0
2020-12-22,63260,2144.0,2169.5,2135.5,2144.0,0,0,1477600.0,3176859350.0,1.0,2144.0,2169.5,2135.5,2144.0,1477600.0
2020-12-23,63260,2169.0,2172.0,2142.5,2160.5,0,0,1443500.0,3118858800.0,1.0,2169.0,2172.0,2142.5,2160.5,1443500.0
2020-12-24,63260,2183.5,2204.5,2152.0,2202.0,0,0,1710200.0,3757442100.0,1.0,2183.5,2204.5,2152.0,2202.0,1710200.0
2020-12-25,63260,2188.0,2220.5,2187.0,2215.0,0,0,1068200.0,2361362950.0,1.0,2188.0,2220.5,2187.0,2215.0,1068200.0
2020-12-28,63260,2233.0,2263.0,2229.5,2259.5,0,0,1749200.0,3938583700.0,1.0,2233.0,2263.0,2229.5,2259.5,1749200.0
2020-12-29,63260,2251.0,2288.0,2248.5,2283.0,0,0,2039400.0,4635421200.0,1.0,2251.0,2288.0,2248.5,2283.0,2039400.0
2020-12-30,63260,2290.0,2290.0,2251.0,2251.0,0,0,1602300.0,3625053750.0,1.0,2290.0,2290.0,2251.0,2251.0,1602300.0
2021-01-04,63260,2265.5,2265.5,2195.0,2236.5,0,0,1432500.0,3193600200.0,1.0,2265.5,2265.5,2195.0,2236.5,1432500.0
2021-01-05,63260,2249.0,2251.5,2192.0,2197.5,0,0,2127200.0,4704456000.0,1.0,2249.0,2251.5,2192.0,2197.5,2127200.0
2021-01-06,63260,2186.0,2200.0,2162.5,2172.5,0,0,2696200.0,5871997650.0,1.0,2186.0,2200.0,2162.5,2172.5,2696200.0
2021-01-07,63260,2250.0,2296.5,2242.5,2290.0,0,0,3762400.0,8579733550.0,1.0,2250.0,2296.5,2242.5,2290.0,3762400.0
2021-01-08,63260,2264.0,2269.5,2210.5,2269.5,0,0,4317000.0,9717835950.0,1.0,2264.0,2269.5,2210.5,2269.5,4317000.0
2021-01-12,63260,2315.5,2336.5,2273.5,2286.0,0,0,3274400.0,7516144550.0,1.0,2315.5,2336.5,2273.5,2286.0,3274400.0
2021-01-13,63260,2260.0,2270.5,2235.5,2270.5,0,0,3131900.0,7075511550.0,1.0,2260.0,2270.5,2235.5,2270.5,3131900.0
2021-01-14,63260,2274.0,2339.0,2265.0,2332.5,0,0,3148000.0,7295284850.0,1.0,2274.0,2339.0,2265.0,2332.5,3148000.0
2021-01-15,63260,2348.5,2350.0,2311.5,2348.0,0,0,3954300.0,9247883850.0,1.0,2348.5,2350.0,2311.5,2348.0,3954300.0
2021-01-18,63260,2350.0,2387.0,2313.0,2387.0,0,0,2835700.0,6702785000.0,1.0,2350.0,2387.0,2313.0,2387.0,2835700.0
2021-01-19,63260,2384.0,2408.0,2360.5,2374.5,0,0,3151400.0,7492626600.0,1.0,2384.0,2408.0,2360.5,2374.5,3151400.0
2021-01-20,63260,2378.5,2381.5,2340.5,2380.0,0,0,3222500.0,7637597250.0,1.0,2378.5,2381.5,2340.5,2380.0,3222500.0
2021-01-21,63260,2385.5,2426.5,2358.0,2409.0,0,0,3529900.0,8466359350.0,1.0,2385.5,2426.5,2358.0,2409.0,3529900.0
2021-01-22,63260,2403.0,2441.5,2394.5,2437.0,0,0,2815100.0,6817015450.0,1.0,2403.0,2441.5,2394.5,2437.0,2815100.0
2021-01-25,63260,2407.5,2416.0,2351.0,2360.0,0,0,2120600.0,5028040750.0,1.0,2407.5,2416.0,2351.0,2360.0,2120600.0
2021-01-26,63260,2339.0,2392.0,2333.0,2386.0,0,0,2541700.0,6036629450.0,1.0,2339.0,2392.0,2333.0,2386.0,2541700.0
2021-01-27,63260,2400.0,2424.5,2371.0,2375.0,0,0,2877600.0,6874040300.0,1.0,2400.0,2424.5,2371.0,2375.0,2877600.0
2021-01-28,63260,2306.0,2384.0,2302.5,2367.0,0,0,3519200.0,8292195050.0,1.0,2306.0,2384.0,2302.5,2367.0,3519200.0
2021-01-29,63260,2355.0,2365.5,2298.5,2299.0,0,0,2727800.0,6328920050.0,1.0,2355.0,2365.5,2298.5,2299.0,2727800.0
2021-02-01,63260,2317.5,2397.5,2315.5,2378.5,0,0,2748800.0,6513750950.0,1.0,2317.5,2397.5,2315.5,2378.5,2748800.0
2021-02-02,63260,2398.5,2405.0,2370.5,2376.0,0,0,2253100.0,5373166300.0,1.0,2398.5,2405.0,2370.5,2376.0,2253100.0
2021-02-03,63260,2404.5,2440.0,2394.0,2402.0,0,0,2440500.0,5873861050.0,1.0,2404.5,2440.0,2394.0,2402.0,2440500.0
2021-02-04,63260,2424.5,2444.0,2403.0,2417.5,0,0,1764400.0,4268441350.0,1.0,2424.5,2444.0,2403.0,2417.5,1764400.0
2021-02-05,63260,2447.5,2450.0,2403.5,2420.5,0,0,2747000.0,6649361400.0,1.0,2447.5,2450.0,2403.5,2420.5,2747000.0
2021-02-08,63260,2448.0,2538.0,2438.0,2525.0,0,0,3229600.0,8116687550.0,1.0,2448.0,2538.0,2438.0,2525.0,3229600.0
2021-02-09,63260,2515.5,2524.5,2472.0,2480.0,0,0,2496200.0,6218814900.0,1.0,2515.5,2524.5,2472.0,2480.0,2496200.0
2021-02-10,63260,2525.5,2543.5,2507.5,2537.5,0,0,2685500.0,6798493450.0,1.0,2525.5,2543.5,2507.5,2537.5,2685500.0
2021-02-12,63260,2537.5,2585.0,2525.5,2554.0,0,0,2751300.0,7019861050.0,1.0,2537.5,2585.0,2525.5,2554.0,2751300.0
2021-02-15,63260,2572.5,2600.0,2554.0,2584.0,0,0,2536000.0,6548284000.0,1.0,2572.5,2600.0,2554.0,2584.0,2536000.0
2021-02-16,63260,2588.0,2599.0,2490.0,2509.0,0,0,3140800.0,7923681500.0,1.0,2588.0,2599.0,2490.0,2509.0,3140800.0
2021-02-17,63260,2599.0,2650.5,2414.5,2425.5,0,0,5969000.0,14865759100.0,1.0,2599.0,2650.5,2414.5,2425.5,5969000.0
2021-02-18,63260,2424.0,2472.0,2401.0,2459.5,0,0,3104000.0,7595028400.0,1.0,2424.0,2472.0,2401.0,2459.5,3104000.0
2021-02-19,63260,2458.0,2480.0,2426.0,2464.5,0,0,3243600.0,7961644100.0,1.0,2458.0,2480.0,2426.0,2464.5,3243600.0
2021-02-22,63260,2539.5,2548.5,2467.0,2471.5,0,0,3040100.0,7575044700.0,1.0,2539.5,2548.5,2467.0,2471.5,3040100.0
2021-02-24,63260,2471.5,2507.5,2449.0,2452.0,0,0,3357900.0,8286187900.0,1.0,2471.5,2507.5,2449.0,2452.0,3357900.0
2021-02-25,63260,2485.5,2526.5,2480.0,2521.0,0,0,3011300.0,7555352550.0,1.0,2485.5,2526.5,2480.0,2521.0,3011300.0
2021-02-26,63260,2520.0,2520.0,2402.5,2407.5,0,0,4651800.0,11314982400.0,1.0,2520.0,2520.0,2402.5,2407.5,4651800.0
2021-03-01,63260,2457.5,2476.5,2432.0,2472.5,0,0,2565800.0,6322474200.0,1.0,2457.5,2476.5,2432.0,2472.5,2565800.0
2021-03-02,63260,2497.5,2529.5,2477.5,2510.0,0,0,2461900.0,6166648200.0,1.0,2497.5,2529.5,2477.5,2510.0,2461900.0
2021-03-03,63260,2460.0,2485.0,2403.0,2420.0,0,0,3654300.0,8866936400.0,1.0,2460.0,2485.0,2403.0,2420.0,3654300.0
2021-03-04,63260,2397.0,2399.0,2317.0,2342.5,0,0,3954900.0,9310972150.0,1.0,2397.0,2399.0,2317.0,2342.5,3954900.0
2021-03-05,63260,2319.0,2380.0,2272.0,2378.5,0,0,4349600.0,10179101000.0,1.0,2319.0,2380.0,2272.0,2378.5,4349600.0
2021-03-08,63260,2408.5,2412.0,2366.5,2386.5,0,0,2808400.0,6716752900.0,1.0,2408.5,2412.0,2366.5,2386.5,2808400.0
2021-03-09,63260,2425.0,2428.0,2379.0,2424.5,0,0,2782200.0,6708883500.0,1.0,2425.0,2428.0,2379.0,2424.5,2782200.0
2021-03-10,63260,2441.0,2493.0,2423.0,2488.5,0,0,3157700.0,7804535400.0,1.0,2441.0,2493.0,2423.0,2488.5,3157700.0
2021-03-11,63260,2500.0,2527.5,2472.5,2479.5,0,0,2933700.0,7309255100.0,1.0,2500.0,2527.5,2472.5,2479.5,2933700.0
2021-03-12,63260,2429.5,2529.5,2424.5,2519.5,0,0,4648400.0,11520762400.0,1.0,2429.5,2529.5,2424.5,2519.5,4648400.0
2021-03-15,63260,2541.0,2550.0,2510.5,2535.0,0,0,2536900.0,6422301450.0,1.0,2541.0,2550.0,2510.5,2535.0,2536900.0
2021-03-16,63260,2526.5,2533.5,2492.0,2500.5,0,0,2774700.0,6948095900.0,1.0,2526.5,2533.5,2492.0,2500.5,2774700.0
2021-03-17,63260,2462.0,2516.0,2458.0,2510.5,0,0,2651900.0,6623857600.0,1.0,2462.0,2516.0,2458.0,2510.5,2651900.0
2021-03-18,63260,2502.0,2534.0,2480.0,2505.0,0,0,3356900.0,8419457850.0,1.0,2502.0,2534.0,2480.0,2505.0,3356900.0
2021-03-19,63260,2502.5,2516.0,2466.0,2502.0,0,0,5048100.0,12599270250.0,1.0,2502.5,2516.0,2466.0,2502.0,5048100.0
2021-03-22,63260,2471.0,2480.0,2429.0,2469.0,0,0,2762100.0,6792930100.0,1.0,2471.0,2480.0,2429.0,2469.0,2762100.0
2021-03-23,63260,2486.0,2495.0,2433.5,2436.5,0,0,2908700.0,7132998300.0,1.0,2486.0,2495.0,2433.5,2436.5,2908700.0
2021-03-24,63260,2406.5,2424.5,2362.5,2365.5,0,0,2692000.0,6406484400.0,1.0,2406.5,2424.5,2362.5,2365.5,2692000.0
2021-03-25,63260,2398.0,2443.0,2378.5,2436.5,0,0,2932300.0,7094547250.0,1.0,2398.0,2443.0,2378.5,2436.5,2932300.0
2021-03-26,63260,2440.0,2498.5,2436.5,2486.0,0,0,2896300.0,7183546450.0,1.0,2440.0,2498.5,2436.5,2486.0,2896300.0
2021-03-29,63260,2511.0,2526.0,2475.5,2516.0,0,0,3953700.0,9919624350.0,1.0,2511.0,2526.0,2475.5,2516.0,3953700.0
2021-03-30,63260,2531.5,2531.5,2469.0,2521.0,0,0,2975200.0,7477670200.0,1.0,2531.5,2531.5,2469.0,2521.0,2975200.0
2021-03-31,63260,2512.5,2554.5,2496.0,2519.5,0,0,2493600.0,6295812450.0,1.0,2512.5,2554.5,2496.0,2519.5,2493600.0
2021-04-01,63260,2543.5,2555.5,2493.0,2503.0,0,0,1946800.0,4899699550.0,1.0,2543.5,2555.5,2493.0,2503.0,1946800.0
2021-04-02,63260,2510.0,2529.0,2503.5,2524.5,0,0,1297000.0,3268401400.0,1.0,2510.0,2529.0,2503.5,2524.5,1297000.0
2021-04-05,63260,2527.5,2527.5,2493.5,2501.0,0,0,1691000.0,4240625250.0,1.0,2527.5,2527.5,2493.5,2501.0,1691000.0
2021-04-06,63260,2527.5,2529.0,2472.5,2476.5,0,0,1834300.0,4575176600.0,1.0,2527.5,2529.0,2472.5,2476.5,1834300.0
2021-04-07,63260,2482.5,2497.0,2424.0,2446.5,0,0,2431000.0,5956715550.0,1.0,2482.5,2497.0,2424.0,2446.5,2431000.0
2021-04-08,63260,2450.5,2456.0,2422.5,2446.0,0,0,2368200.0,5785003050.0,1.0,2450.5,2456.0,2422.5,2446.0,2368200.0
2021-04-09,63260,2470.0,2509.0,2450.0,2466.5,0,0,2936600.0,7261269150.0,1.0,2470.0,2509.0,2450.0,2466.5,2936600.0
2021-04-12,63260,2475.0,2531.5,2471.5,2510.0,0,0,2380300.0,5974635250.0,1.0,2475.0,2531.5,2471.5,2510.0,2380300.0
2021-04-13,63260,2504.0,2603.5,2504.0,2587.5,0,0,3415400.0,8796668950.0,1.0,2504.0,2603.5,2504.0,2587.5,3415400.0
2021-04-14,63260,2635.0,2656.0,2596.0,2644.5,0,0,2965900.0,7809561600.0,1.0,2635.0,2656.0,2596.0,2644.5,2965900.0
2021-04-15,63260,2632.0,2642.0,2589.5,2602.0,0,0,2020300.0,5280636850.0,1.0,2632.0,2642.0,2589.5,2602.0,2020300.0
2021-04-16,63260,2620.0,2620.0,2558.0,2577.0,0,0,1685100.0,4350748950.0,1.0,2620.0,2620.0,2558.0,2577.0,1685100.0
2021-04-19,63260,2582.0,2610.5,2572.5,2605.0,0,0,1349900.0,3507227100.0,1.0,2582.0,2610.5,2572.5,2605.0,1349900.0
2021-04-20,63260,2580.5,2580.5,2537.0,2551.5,0,0,2141600.0,5475471800.0,1.0,2580.5,2580.5,2537.0,2551.5,2141600.0
2021-04-21,63260,2503.5,2518.5,2459.0,2464.0,0,0,2978900.0,7388041750.0,1.0,2503.5,2518.5,2459.0,2464.0,2978900.0
2021-04-22,63260,2514.0,2542.0,2491.5,2541.5,0,0,1959400.0,4949106900.0,1.0,2514.0,2542.0,2491.5,2541.5,1959400.0
2021-04-23,63260,2508.0,2541.0,2497.5,2541.0,0,0,1489500.0,3766521650.0,1.0,2508.0,2541.0,2497.5,2541.0,1489500.0
2021-04-26,63260,2546.5,2566.0,2511.0,2544.5,0,0,1404800.0,3566484100.0,1.0,2546.5,2566.0,2511.0,2544.5,1404800.0
2021-04-27,63260,2565.5,2572.0,2546.5,2563.0,0,0,1803800.0,4623625600.0,1.0,2565.5,2572.0,2546.5,2563.0,1803800.0
2021-04-28,63260,2572.0,2596.0,2557.0,2589.5,0,0,2124200.0,5481492700.0,1.0,2572.0,2596.0,2557.0,2589.5,2124200.0
2021-04-30,63260,2615.0,2615.0,2561.0,2570.0,0,0,2846400.0,7335474350.0,1.0,2615.0,2615.0,2561.0,2570.0,2846400.0
2021-05-06,63260,2615.0,2687.0,2610.5,2663.0,0,0,3539000.0,9396358400.0,1.0,2615.0,2687.0,2610.5,2663.0,3539000.0
2021-05-07,63260,2660.0,2663.0,2626.0,2636.5,0,0,2134700.0,5636446300.0,1.0,2660.0,2663.0,2626.0,2636.5,2134700.0
2021-05-10,63260,2659.0,2733.0,2657.5,2718.5,0,0,3073100.0,8323655650.0,1.0,2659.0,2733.0,2657.5,2718.5,3073100.0
2021-05-11,63260,2692.0,2704.0,2612.0,2620.0,0,0,2407900.0,6351271900.0,1.0,2692.0,2704.0,2612.0,2620.0,2407900.0
2021-05-12,63260,2617.0,2630.0,2533.0,2568.0,0,0,2406700.0,6192272200.0,1.0,2617.0,2630.0,2533.0,2568.0,2406700.0
2021-05-13,63260,2568.0,2605.5,2538.0,2553.0,0,0,2041200.0,5246295350.0,1.0,2568.0,2605.5,2538.0,2553.0,2041200.0
2021-05-14,63260,2595.0,2631.5,2570.5,2607.0,0,0,2925800.0,7623329700.0,1.0,2595.0,2631.5,2570.5,2607.0,2925800.0
2021-05-17,63260,2707.0,2707.0,2530.0,2558.5,0,0,3292300.0,8535905400.0,1.0,2707.0,2707.0,2530.0,2558.5,3292300.0
2021-05-18,63260,2579.0,2647.5,2573.5,2633.0,0,0,3186400.0,8347530400.0,1.0,2579.0,2647.5,2573.5,2633.0,3186400.0
2021-05-19,63260,2591.0,2593.0,2527.0,2536.0,0,0,2954000.0,7531396300.0,1.0,2591.0,2593.0,2527.0,2536.0,2954000.0
2021-05-20,63260,2501.0,2526.0,2485.5,2504.5,0,0,2490000.0,6239718400.0,1.0,2501.0,2526.0,2485.5,2504.5,2490000.0
2021-05-21,63260,2500.0,2528.0,2480.0,2498.0,0,0,2312600.0,5785686800.0,1.0,2500.0,2528.0,2480.0,2498.0,2312600.0
2021-05-24,63260,2525.0,2587.5,2525.0,2559.0,0,0,2613700.0,6699459800.0,1.0,2525.0,2587.5,2525.0,2559.0,2613700.0
2021-05-25,63260,2568.0,2590.0,2556.0,2585.5,0,0,2082900.0,5370777150.0,1.0,2568.0,2590.0,2556.0,2585.5,2082900.0
2021-05-26,63260,2600.0,2607.0,2563.0,2580.5,0,0,3005000.0,7764781600.0,1.0,2600.0,2607.0,2563.0,2580.5,3005000.0
2021-05-27,63260,2550.0,2557.5,2490.0,2490.0,0,0,7959200.0,19918806150.0,1.0,2550.0,2557.5,2490.0,2490.0,7959200.0
2021-05-28,63260,2558.5,2593.5,2541.0,2541.0,0,0,3981800.0,10192129850.0,1.0,2558.5,2593.5,2541.0,2541.0,3981800.0
2021-05-31,63260,2520.0,2528.5,2480.0,2488.0,0,0,2322800.0,5797328650.0,1.0,2520.0,2528.5,2480.0,2488.0,2322800.0
2021-06-01,63260,2510.0,2529.0,2467.0,2491.0,0,0,1991900.0,4962522000.0,1.0,2510.0,2529.0,2467.0,2491.0,1991900.0
2021-06-02,63260,2499.5,2529.0,2472.0,2511.0,0,0,2967200.0,7443744150.0,1.0,2499.5,2529.0,2472.0,2511.0,2967200.0
2021-06-03,63260,2481.0,2546.0,2472.0,2477.5,0,0,4069100.0,10150430750.0,1.0,2481.0,2546.0,2472.0,2477.5,4069100.0
2021-06-04,63260,2445.0,2491.0,2434.0,2488.5,0,0,3977700.0,9804402750.0,1.0,2445.0,2491.0,2434.0,2488.5,3977700.0
2021-06-07,63260,2513.5,2527.0,2455.0,2458.0,0,0,2555900.0,6330610850.0,1.0,2513.5,2527.0,2455.0,2458.0,2555900.0
2021-06-08,63260,2437.5,2450.0,2416.0,2416.0,0,0,2944000.0,7144252000.0,1.0,2437.5,2450.0,2416.0,2416.0,2944000.0
2021-06-09,63260,2425.0,2425.0,2388.5,2388.5,0,0,2469000.0,5923143350.0,1.0,2425.0,2425.0,2388.5,2388.5,2469000.0
2021-06-10,63260,2355.0,2404.5,2342.0,2385.0,0,0,4114900.0,9790125350.0,1.0,2355.0,2404.5,2342.0,2385.0,4114900.0
2021-06-11,63260,2375.0,2379.5,2256.0,2278.0,0,0,8051000.0,18564402700.0,1.0,2375.0,2379.5,2256.0,2278.0,8051000.0
2021-06-14,63260,2206.0,2278.0,2187.0,2262.5,0,0,7305700.0,16397227500.0,1.0,2206.0,2278.0,2187.0,2262.5,7305700.0
2021-06-15,63260,2362.5,2370.0,2270.0,2281.5,0,0,4181900.0,9650282400.0,1.0,2362.5,2370.0,2270.0,2281.5,4181900.0
2021-06-16,63260,2275.5,2308.0,2264.0,2305.0,0,0,3555700.0,8164657450.0,1.0,2275.5,2308.0,2264.0,2305.0,3555700.0
2021-06-17,63260,2285.5,2297.5,2265.5,2282.5,0,0,2410000.0,5496714100.0,1.0,2285.5,2297.5,2265.5,2282.5,2410000.0
2021-06-18,63260,2257.5,2261.0,2225.5,2231.0,0,0,5161500.0,11556932550.0,1.0,2257.5,2261.0,2225.5,2231.0,5161500.0
2021-06-21,63260,2213.5,2240.5,2203.5,2235.5,0,0,4405200.0,9814880500.0,1.0,2213.5,2240.5,2203.5,2235.5,4405200.0
2021-06-22,63260,2285.0,2307.5,2280.5,2306.0,0,0,4415700.0,10140642150.0,1.0,2285.0,2307.5,2280.5,2306.0,4415700.0
2021-06-23,63260,2329.5,2332.0,2298.5,2304.0,0,0,3093900.0,7139743250.0,1.0,2329.5,2332.0,2298.5,2304.0,3093900.0
2021-06-24,63260,2293.5,2303.0,2278.5,2300.0,0,0,2663500.0,6112297550.0,1.0,2293.5,2303.0,2278.5,2300.0,2663500.0
2021-06-25,63260,2323.0,2329.5,2292.0,2315.5,0,0,2904300.0,6717282050.0,1.0,2323.0,2329.5,2292.0,2315.5,2904300.0
2021-06-28,63260,2329.5,2345.0,2303.5,2304.5,0,0,1954100.0,4523422800.0,1.0,2329.5,2345.0,2303.5,2304.5,1954100.0
2021-06-29,63260,2257.0,2270.5,2232.5,2259.5,0,0,2715500.0,6125097450.0,1.0,2257.0,2270.5,2232.5,2259.5,2715500.0
2021-06-30,63260,2267.0,2286.5,2245.5,2247.0,0,0,2229000.0,5028700750.0,1.0,2267.0,2286.5,2245.5,2247.0,2229000.0
2021-07-01,63260,2257.0,2282.5,2241.0,2268.0,0,0,2576000.0,5831885800.0,1.0,2257.0,2282.5,2241.0,2268.0,2576000.0
2021-07-02,63260,2265.5,2279.5,2252.5,2266.5,0,0,2015600.0,4565569050.0,1.0,2265.5,2279.5,2252.5,2266.5,2015600.0
2021-07-05,63260,2272.0,2275.0,2250.0,2252.0,0,0,1792700.0,4048278250.0,1.0,2272.0,2275.0,2250.0,2252.0,1792700.0
2021-07-06,63260,2269.0,2272.0,2252.0,2269.0,0,0,1569700.0,3555830250.0,1.0,2269.0,2272.0,2252.0,2269.0,1569700.0
2021-07-07,63260,2248.0,2257.5,2227.5,2253.5,0,0,2950700.0,6627556200.0,1.0,2248.0,2257.5,2227.5,2253.5,2950700.0
2021-07-08,63260,2246.0,2249.0,2207.0,2207.5,0,0,4286500.0,9514691800.0,1.0,2246.0,2249.0,2207.0,2207.5,4286500.0
2021-07-09,63260,2187.0,2227.0,2158.5,2221.5,0,0,5193400.0,11412258150.0,1.0,2187.0,2227.0,2158.5,2221.5,5193400.0
2021-07-12,63260,2285.0,2291.0,2252.5,2272.5,0,0,2349600.0,5339076950.0,1.0,2285.0,2291.0,2252.5,2272.5,2349600.0
2021-07-13,63260,2304.0,2324.0,2282.0,2291.0,0,0,2871000.0,6592140400.0,1.0,2304.0,2324.0,2282.0,2291.0,2871000.0
2021-07-14,63260,2271.0,2303.0,2267.5,2292.0,0,0,2333300.0,5344628450.0,1.0,2271.0,2303.0,2267.5,2292.0,2333300.0
2021-07-15,63260,2282.5,2282.5,2253.0,2267.5,0,0,2343600.0,5314570900.0,1.0,2282.5,2282.5,2253.0,2267.5,2343600.0
2021-07-16,63260,2258.0,2272.5,2241.0,2252.0,0,0,2196900.0,4955682850.0,1.0,2258.0,2272.5,2241.0,2252.0,2196900.0
2021-07-19,63260,2227.0,2259.5,2226.0,2256.5,0,0,2604600.0,5854523050.0,1.0,2227.0,2259.5,2226.0,2256.5,2604600.0
2021-07-20,63260,2229.0,2256.0,2212.0,2222.5,0,0,2230000.0,4966233900.0,1.0,2229.0,2256.0,2212.0,2222.5,2230000.0
2021-07-21,63260,2278.0,2284.5,2244.0,2256.5,0,0,2629900.0,5951087800.0,1.0,2278.0,2284.5,2244.0,2256.5,2629900.0
2021-07-26,63260,2310.0,2323.0,2280.0,2285.5,0,0,2600700.0,5971169400.0,1.0,2310.0,2323.0,2280.0,2285.5,2600700.0
2021-07-27,63260,2302.0,2339.5,2294.5,2323.0,0,0,2970600.0,6902613100.0,1.0,2302.0,2339.5,2294.5,2323.0,2970600.0
2021-07-28,63260,2305.5,2332.0,2294.5,2313.0,0,0,2809100.0,6492852800.0,1.0,2305.5,2332.0,2294.5,2313.0,2809100.0
2021-07-29,63260,2323.5,2326.5,2291.0,2304.5,0,0,9013000.0,20776076000.0,1.0,2323.5,2326.5,2291.0,2304.5,9013000.0
2021-07-30,63260,2312.5,2327.0,2274.5,2277.5,0,0,3140000.0,7199226950.0,1.0,2312.5,2327.0,2274.5,2277.5,3140000.0
2021-08-02,63260,2307.5,2347.5,2295.0,2343.5,0,0,2497200.0,5824778200.0,1.0,2307.5,2347.5,2295.0,2343.5,2497200.0
2021-08-03,63260,2295.5,2359.0,2282.0,2344.5,0,0,2808100.0,6552661100.0,1.0,2295.5,2359.0,2282.0,2344.5,2808100.0
2021-08-04,63260,2330.0,2340.0,2215.5,2223.5,0,0,4786400.0,10781876950.0,1.0,2330.0,2340.0,2215.5,2223.5,4786400.0
2021-08-05,63260,2229.5,2276.0,2225.5,2261.0,0,0,2382600.0,5370180950.0,1.0,2229.5,2276.0,2225.5,2261.0,2382600.0
2021-08-06,63260,2241.5,2265.5,2216.0,2217.5,0,0,2342200.0,5215940850.0,1.0,2241.5,2265.5,2216.0,2217.5,2342200.0
2021-08-10,63260,2267.5,2274.5,2242.5,2250.0,0,0,2718200.0,6131274200.0,1.0,2267.5,2274.5,2242.5,2250.0,2718200.0
2021-08-11,63260,2275.0,2308.0,2268.5,2292.5,0,0,2216700.0,5080162850.0,1.0,2275.0,2308.0,2268.5,2292.5,2216700.0
2021-08-12,63260,2316.5,2336.0,2302.0,2314.0,0,0,3632100.0,8415816800.0,1.0,2316.5,2336.0,2302.0,2314.0,3632100.0
2021-08-13,63260,2290.0,2329.5,2274.0,2318.5,0,0,2794300.0,6454752250.0,1.0,2290.0,2329.5,2274.0,2318.5,2794300.0
2021-08-16,63260,2278.0,2291.5,2225.0,2227.0,0,0,2165600.0,4841066750.0,1.0,2278.0,2291.5,2225.0,2227.0,2165600.0
2021-08-17,63260,2272.0,2274.5,2241.0,2244.0,0,0,1568800.0,3531027050.0,1.0,2272.0,2274.5,2241.0,2244.0,1568800.0
2021-08-18,63260,2232.0,2241.5,2208.5,2223.0,0,0,1540000.0,3426275900.0,1.0,2232.0,2241.5,2208.5,2223.0,1540000.0
2021-08-19,63260,2223.0,2237.0,2164.5,2167.5,0,0,1968300.0,4305240600.0,1.0,2223.0,2237.0,2164.5,2167.5,1968300.0
2021-08-20,63260,2149.5,2155.5,2128.5,2131.5,0,0,2973100.0,6360664250.0,1.0,2149.5,2155.5,2128.5,2131.5,2973100.0
2021-08-23,63260,2169.5,2212.0,2169.5,2204.0,0,0,1975700.0,4345000400.0,1.0,2169.5,2212.0,2169.5,2204.0,1975700.0
2021-08-24,63260,2219.5,2229.0,2209.5,2218.5,0,0,2384500.0,5289443400.0,1.0,2219.5,2229.0,2209.5,2218.5,2384500.0
2021-08-25,63260,2229.5,2250.0,2218.0,2224.5,0,0,1190400.0,2652892350.0,1.0,2229.5,2250.0,2218.0,2224.5,1190400.0
2021-08-26,63260,2242.0,2245.5,2221.0,2223.0,0,0,1434100.0,3195076700.0,1.0,2242.0,2245.5,2221.0,2223.0,1434100.0
2021-08-27,63260,2218.0,2229.5,2205.5,2210.0,0,0,1324500.0,2929734500.0,1.0,2218.0,2229.5,2205.5,2210.0,1324500.0
2021-08-30,63260,2245.0,2259.0,2220.0,2246.0,0,0,1846600.0,4138077250.0,1.0,2245.0,2259.0,2220.0,2246.0,1846600.0
2021-08-31,63260,2247.0,2284.0,2227.0,2274.5,0,0,2463700.0,5589264150.0,1.0,2247.0,2284.0,2227.0,2274.5,2463700.0
2021-09-01,63260,2269.5,2317.0,2269.0,2311.5,0,0,1951500.0,4495435000.0,1.0,2269.5,2317.0,2269.0,2311.5,1951500.0
2021-09-02,63260,2292.0,2295.5,2267.0,2275.0,0,0,2165300.0,4932230450.0,1.0,2292.0,2295.5,2267.0,2275.0,2165300.0
2021-09-03,63260,2281.5,2333.0,2279.0,2333.0,0,0,2529400.0,5856346700.0,1.0,2281.5,2333.0,2279.0,2333.0,2529400.0
2021-09-06,63260,2390.0,2477.5,2379.5,2469.5,0,0,4854600.0,11849544150.0,1.0,2390.0,2477.5,2379.5,2469.5,4854600.0
2021-09-07,63260,2481.0,2483.5,2431.0,2441.0,0,0,3115300.0,7641914450.0,1.0,2481.0,2483.5,2431.0,2441.0,3115300.0
2021-09-08,63260,2424.5,2474.0,2421.5,2474.0,0,0,2874500.0,7073490500.0,1.0,2424.5,2474.0,2421.5,2474.0,2874500.0
2021-09-09,63260,2447.0,2454.0,2410.0,2414.5,0,0,2796600.0,6777382000.0,1.0,2447.0,2454.0,2410.0,2414.5,2796600.0
2021-09-10,63260,2364.5,2410.5,2364.5,2391.0,0,0,4009800.0,9544176750.0,1.0,2364.5,2410.5,2364.5,2391.0,4009800.0
2021-09-13,63260,2391.0,2424.0,2384.0,2422.0,0,0,1882000.0,4537976550.0,1.0,2391.0,2424.0,2384.0,2422.0,1882000.0
2021-09-14,63260,2457.0,2480.5,2442.0,2464.5,0,0,3252600.0,8007416250.0,1.0,2457.0,2480.5,2442.0,2464.5,3252600.0
2021-09-15,63260,2495.0,2530.0,2463.5,2511.5,0,0,5216200.0,13032732050.0,1.0,2495.0,2530.0,2463.5,2511.5,5216200.0
2021-09-16,63260,2474.0,2523.0,2455.5,2492.0,0,0,3412000.0,8495816100.0,1.0,2474.0,2523.0,2455.5,2492.0,3412000.0
2021-09-17,63260,2525.0,2528.0,2490.0,2513.0,0,0,4505100.0,11305886550.0,1.0,2525.0,2528.0,2490.0,2513.0,4505100.0
2021-09-21,63260,2432.0,2439.5,2417.5,2419.0,0,0,2705900.0,6564710150.0,1.0,2432.0,2439.5,2417.5,2419.0,2705900.0
2021-09-22,63260,2423.5,2435.0,2400.5,2400.5,0,0,1974500.0,4761501400.0,1.0,2423.5,2435.0,2400.5,2400.5,1974500.0
2021-09-24,63260,2450.5,2479.0,2432.5,2474.5,0,0,2684300.0,6621677700.0,1.0,2450.5,2479.0,2432.5,2474.5,2684300.0
2021-09-27,63260,2473.0,2482.0,2456.5,2464.5,0,0,1908000.0,4703943850.0,1.0,2473.0,2482.0,2456.5,2464.5,1908000.0
2021-09-28,63260,2475.0,2484.5,2420.5,2456.0,0,0,3072500.0,7532724500.0,1.0,2475.0,2484.5,2420.5,2456.0,3072500.0
2021-09-29,63260,2420.5,2439.5,2396.0,2414.5,0,0,2719500.0,6575257000.0,1.0,2420.5,2439.5,2396.0,2414.5,2719500.0
2021-09-30,63260,2420.0,2432.0,2387.0,2389.0,0,0,4182200.0,10044308500.0,1.0,2420.0,2432.0,2387.0,2389.0,4182200.0
2021-10-01,63260,2360.0,2386.0,2324.0,2333.0,0,0,2636300.0,6175360750.0,1.0,2360.0,2386.0,2324.0,2333.0,2636300.0
2021-10-04,63260,2364.0,2366.5,2303.5,2325.5,0,0,1549000.0,3606773200.0,1.0,2364.0,2366.5,2303.5,2325.5,1549000.0
2021-10-05,63260,2314.0,2322.0,2234.5,2256.5,0,0,3130400.0,7097385100.0,1.0,2314.0,2322.0,2234.5,2256.5,3130400.0
2021-10-06,63260,2301.5,2324.0,2212.5,2242.0,0,0,2713400.0,6127197750.0,1.0,2301.5,2324.0,2212.5,2242.0,2713400.0
2021-10-07,63260,2272.5,2288.0,2257.0,2266.0,0,0,2318800.0,5258747750.0,1.0,2272.5,2288.0,2257.0,2266.0,2318800.0
2021-10-08,63260,2311.0,2329.0,2301.0,2305.0,0,0,1774600.0,4099092650.0,1.0,2311.0,2329.0,2301.0,2305.0,1774600.0
2021-10-11,63260,2309.5,2350.5,2302.5,2337.0,0,0,2758400.0,6435295950.0,1.0,2309.5,2350.5,2302.5,2337.0,2758400.0
2021-10-12,63260,2342.5,2360.0,2321.0,2322.0,0,0,2046800.0,4769618250.0,1.0,2342.5,2360.0,2321.0,2322.0,2046800.0
2021-10-13,63260,2297.5,2328.5,2286.0,2289.5,0,0,2536200.0,5834983600.0,1.0,2297.5,2328.5,2286.0,2289.5,2536200.0
2021-10-14,63260,2296.5,2332.5,2285.0,2326.0,0,0,1735600.0,4016946800.0,1.0,2296.5,2332.5,2285.0,2326.0,1735600.0
2021-10-15,63260,2352.5,2397.0,2346.0,2390.5,0,0,1870900.0,4444920150.0,1.0,2352.5,2397.0,2346.0,2390.5,1870900.0
2021-10-18,63260,2400.0,2407.5,2373.0,2395.0,0,0,1524800.0,3644172000.0,1.0,2400.0,2407.5,2373.0,2395.0,1524800.0
2021-10-19,63260,2404.0,2423.5,2399.0,2416.5,0,0,1426400.0,3440220350.0,1.0,2404.0,2423.5,2399.0,2416.5,1426400.0
2021-10-20,63260,2435.0,2451.0,2395.0,2400.0,0,0,1559500.0,3765550950.0,1.0,2435.0,2451.0,2395.0,2400.0,1559500.0
2021-10-21,63260,2406.0,2435.0,2380.5,2380.5,0,0,1526700.0,3666432700.0,1.0,2406.0,2435.0,2380.5,2380.5,1526700.0
2021-10-22,63260,2361.5,2424.0,2360.5,2397.0,0,0,1542100.0,3695604850.0,1.0,2361.5,2424.0,2360.5,2397.0,1542100.0
2021-10-25,63260,2401.5,2438.0,2401.5,2429.0,0,0,1845900.0,4472816550.0,1.0,2401.5,2438.0,2401.5,2429.0,1845900.0
2021-10-26,63260,2472.0,2488.0,2452.5,2486.5,0,0,2403700.0,5957161350.0,1.0,2472.0,2488.0,2452.5,2486.5,2403700.0
2021-10-27,63260,2472.0,2475.5,2433.0,2463.0,0,0,2480200.0,6095348950.0,1.0,2472.0,2475.5,2433.0,2463.0,2480200.0
2021-10-28,63260,2429.0,2431.5,2404.0,2413.0,0,0,2165300.0,5233041400.0,1.0,2429.0,2431.5,2404.0,2413.0,2165300.0
2021-10-29,63260,2442.5,2454.5,2397.0,2422.5,0,0,2081800.0,5042017350.0,1.0,2442.5,2454.5,2397.0,2422.5,2081800.0
2021-11-01,63260,2470.0,2494.5,2453.5,2481.5,0,0,2060900.0,5102694900.0,1.0,2470.0,2494.5,2453.5,2481.5,2060900.0
2021-11-02,63260,2478.5,2481.0,2445.0,2456.0,0,0,1871000.0,4600170550.0,1.0,2478.5,2481.0,2445.0,2456.0,1871000.0
2021-11-04,63260,2495.0,2506.5,2466.0,2503.5,0,0,2779500.0,6927631400.0,1.0,2495.0,2506.5,2466.0,2503.5,2779500.0
2021-11-05,63260,2547.0,2564.0,2485.0,2492.5,0,0,2753400.0,6913324500.0,1.0,2547.0,2564.0,2485.0,2492.5,2753400.0
2021-11-08,63260,2301.0,2335.5,2272.0,2285.0,0,0,6307300.0,14484688500.0,1.0,2301.0,2335.5,2272.0,2285.0,6307300.0
2021-11-09,63260,2318.5,2334.0,2282.5,2293.0,0,0,4499500.0,10371423900.0,1.0,2318.5,2334.0,2282.5,2293.0,4499500.0
2021-11-10,63260,2280.0,2313.5,2278.0,2301.0,0,0,2550400.0,5853538900.0,1.0,2280.0,2313.5,2278.0,2301.0,2550400.0
2021-11-11,63260,2309.0,2331.0,2286.5,2313.5,0,0,2490200.0,5752901850.0,1.0,2309.0,2331.0,2286.5,2313.5,2490200.0
2021-11-12,63260,2325.0,2386.0,2325.0,2384.5,0,0,2402500.0,5686167350.0,1.0,2325.0,2386.0,2325.0,2384.5,2402500.0
2021-11-15,63260,2412.5,2443.5,2410.0,2432.5,0,0,3009500.0,7307835750.0,1.0,2412.5,2443.5,2410.0,2432.5,3009500.0
2021-11-16,63260,2401.0,2415.0,2353.0,2354.0,0,0,2631900.0,6234433450.0,1.0,2401.0,2415.0,2353.0,2354.0,2631900.0
2021-11-17,63260,2380.0,2418.0,2327.0,2331.0,0,0,3120200.0,7345601850.0,1.0,2380.0,2418.0,2327.0,2331.0,3120200.0
2021-11-18,63260,2332.0,2354.0,2320.0,2339.5,0,0,1798600.0,4203147100.0,1.0,2332.0,2354.0,2320.0,2339.5,1798600.0
2021-11-19,63260,2381.0,2488.5,2372.0,2484.5,0,0,4652700.0,11384727650.0,1.0,2381.0,2488.5,2372.0,2484.5,4652700.0
2021-11-22,63260,2440.0,2476.5,2435.5,2454.0,0,0,2628600.0,6450954050.0,1.0,2440.0,2476.5,2435.5,2454.0,2628600.0
2021-11-24,63260,2438.0,2500.0,2419.0,2431.5,0,0,2990400.0,7315425050.0,1.0,2438.0,2500.0,2419.0,2431.5,2990400.0
2021-11-25,63260,2433.5,2502.0,2433.5,2488.0,0,0,2532700.0,6292552500.0,1.0,2433.5,2502.0,2433.5,2488.0,2532700.0
2021-11-26,63260,2450.0,2470.0,2432.5,2451.5,0,0,2722300.0,6670420200.0,1.0,2450.0,2470.0,2432.5,2451.5,2722300.0
2021-11-29,63260,2400.0,2424.0,2374.0,2378.0,0,0,3705100.0,8873457800.0,1.0,2400.0,2424.0,2374.0,2378.0,3705100.0
2021-11-30,63260,2412.0,2444.5,2369.0,2369.0,0,0,5024100.0,12013039150.0,1.0,2412.0,2444.5,2369.0,2369.0,5024100.0
2021-12-01,63260,2376.0,2469.5,2373.0,2439.5,0,0,4111900.0,10003978850.0,1.0,2376.0,2469.5,2373.0,2439.5,4111900.0
2021-12-02,63260,2389.5,2439.0,2378.0,2426.0,0,0,3908100.0,9439432400.0,1.0,2389.5,2439.0,2378.0,2426.0,3908100.0
2021-12-03,63260,2421.0,2474.0,2414.5,2471.5,0,0,3179800.0,7785744400.0,1.0,2421.0,2474.0,2414.5,2471.5,3179800.0
2021-12-06,63260,2497.0,2522.0,2455.5,2487.5,0,0,2721000.0,6772706000.0,1.0,2497.0,2522.0,2455.5,2487.5,2721000.0
2021-12-07,63260,2497.5,2542.5,2462.5,2528.0,0,0,3422600.0,8606205800.0,1.0,2497.5,2542.5,2462.5,2528.0,3422600.0
2021-12-08,63260,2496.0,2523.0,2471.5,2509.5,0,0,2948700.0,7383908100.0,1.0,2496.0,2523.0,2471.5,2509.5,2948700.0
2021-12-09,63260,2515.0,2549.0,2515.0,2532.0,0,0,2396400.0,6074251350.0,1.0,2515.0,2549.0,2515.0,2532.0,2396400.0
2021-12-10,63260,2542.0,2574.5,2540.0,2550.0,0,0,2777700.0,7081387500.0,1.0,2542.0,2574.5,2540.0,2550.0,2777700.0
2021-12-13,63260,2560.0,2577.5,2536.0,2542.0,0,0,2117000.0,5405831100.0,1.0,2560.0,2577.5,2536.0,2542.0,2117000.0
2021-12-14,63260,2545.5,2561.0,2518.0,2533.0,0,0,2121200.0,5378991250.0,1.0,2545.5,2561.0,2518.0,2533.0,2121200.0
2021-12-15,63260,2534.5,2566.0,2530.0,2536.5,0,0,1635700.0,4162479050.0,1.0,2534.5,2566.0,2530.0,2536.5,1635700.0
2021-12-16,63260,2600.0,2618.0,2581.5,2611.5,0,0,2549800.0,6642487950.0,1.0,2600.0,2618.0,2581.5,2611.5,2549800.0
2021-12-17,63260,2620.5,2627.0,2567.5,2581.5,0,0,4051600.0,10476619200.0,1.0,2620.5,2627.0,2567.5,2581.5,4051600.0
2021-12-20,63260,2545.0,2555.0,2480.0,2480.0,0,0,1865600.0,4670905850.0,1.0,2545.0,2555.0,2480.0,2480.0,1865600.0
2021-12-21,63260,2519.0,2530.0,2506.0,2513.0,0,0,1662600.0,4184106500.0,1.0,2519.0,2530.0,2506.0,2513.0,1662600.0
2021-12-22,63260,2502.0,2514.5,2475.0,2479.5,0,0,1669300.0,4148822450.0,1.0,2502.0,2514.5,2475.0,2479.5,1669300.0
2021-12-23,63260,2517.5,2550.0,2514.5,2547.5,0,0,1667000.0,4230570200.0,1.0,2517.5,2550.0,2514.5,2547.5,1667000.0
2021-12-24,63260,2547.0,2555.0,2539.5,2552.5,0,0,980300.0,2498707600.0,1.0,2547.0,2555.0,2539.5,2552.5,980300.0
2021-12-27,63260,2543.0,2550.0,2530.0,2531.0,0,0,998400.0,2533057150.0,1.0,2543.0,2550.0,2530.0,2531.0,998400.0
2021-12-28,63260,2572.0,2581.0,2554.0,2578.5,0,0,1407700.0,3620428700.0,1.0,2572.0,2581.0,2554.0,2578.5,1407700.0
2021-12-29,63260,2548.0,2578.5,2537.5,2540.0,0,0,1253900.0,3191596950.0,1.0,2548.0,2578.5,2537.5,2540.0,1253900.0
2021-12-30,63260,2552.5,2572.0,2527.0,2553.5,0,0,1508800.0,3853890950.0,1.0,2552.5,2572.0,2527.0,2553.5,1508800.0
2022-01-04,63260,2578.5,2602.5,2549.0,2602.5,0,0,2129900.0,5508055650.0,1.0,2578.5,2602.5,2549.0,2602.5,2129900.0
2022-01-05,63260,2632.0,2663.0,2620.5,2650.0,0,0,2579500.0,6830784600.0,1.0,2632.0,2663.0,2620.5,2650.0,2579500.0
2022-01-06,63260,2640.5,2648.0,2589.5,2600.5,0,0,2093700.0,5467483450.0,1.0,2640.5,2648.0,2589.5,2600.5,2093700.0
2022-01-07,63260,2627.0,2637.5,2590.0,2606.0,0,0,1707700.0,4455252300.0,1.0,2627.0,2637.5,2590.0,2606.0,1707700.0
2022-01-11,63260,2603.5,2619.0,2569.5,2614.5,0,0,2681000.0,6978937300.0,1.0,2603.5,2619.0,2569.5,2614.5,2681000.0
2022-01-12,63260,2610.5,2657.0,2589.5,2654.5,0,0,2166000.0,5710382400.0,1.0,2610.5,2657.0,2589.5,2654.5,2166000.0
2022-01-13,63260,2636.5,2656.5,2629.0,2645.5,0,0,1908100.0,5045622250.0,1.0,2636.5,2656.5,2629.0,2645.5,1908100.0
2022-01-14,63260,2639.5,2644.5,2572.5,2606.5,0,0,2688100.0,7003913450.0,1.0,2639.5,2644.5,2572.5,2606.5,2688100.0
2022-01-17,63260,2655.0,2655.0,2580.5,2582.5,0,0,1754100.0,4570228100.0,1.0,2655.0,2655.0,2580.5,2582.5,1754100.0
2022-01-18,63260,2594.5,2596.0,2532.5,2537.0,0,0,2007200.0,5129221950.0,1.0,2594.5,2596.0,2532.5,2537.0,2007200.0
2022-01-19,63260,2507.0,2546.0,2477.0,2493.0,0,0,2514600.0,6285740150.0,1.0,2507.0,2546.0,2477.0,2493.0,2514600.0
2022-01-20,63260,2511.5,2539.5,2497.0,2525.0,0,0,2612300.0,6584184050.0,1.0,2511.5,2539.5,2497.0,2525.0,2612300.0
2022-01-21,63260,2511.0,2548.5,2493.0,2540.5,0,0,2011100.0,5078642600.0,1.0,2511.0,2548.5,2493.0,2540.5,2011100.0
2022-01-24,63260,2500.5,2533.0,2491.0,2530.0,0,0,1808600.0,4551799200.0,1.0,2500.5,2533.0,2491.0,2530.0,1808600.0
2022-01-25,63260,2516.0,2516.5,2401.0,2418.0,0,0,2793000.0,6808531550.0,1.0,2516.0,2516.5,2401.0,2418.0,2793000.0
2022-01-26,63260,2430.0,2453.5,2411.0,2438.5,0,0,1722600.0,4196016150.0,1.0,2430.0,2453.5,2411.0,2438.5,1722600.0
2022-01-27,63260,2464.5,2492.5,2383.5,2394.0,0,0,2531300.0,6133558850.0,1.0,2464.5,2492.5,2383.5,2394.0,2531300.0
2022-01-28,63260,2416.5,2430.0,2372.5,2413.0,0,0,2945600.0,7101904750.0,1.0,2416.5,2430.0,2372.5,2413.0,2945600.0
2022-01-31,63260,2410.0,2460.0,2398.0,2444.0,0,0,2121600.0,5177824100.0,1.0,2410.0,2460.0,2398.0,2444.0,2121600.0
2022-02-01,63260,2425.0,2443.5,2391.0,2396.0,0,0,2288100.0,5505586700.0,1.0,2425.0,2443.5,2391.0,2396.0,2288100.0
2022-02-02,63260,2401.5,2437.0,2401.5,2419.5,0,0,2748500.0,6649909600.0,1.0,2401.5,2437.0,2401.5,2419.5,2748500.0
2022-02-03,63260,2395.0,2404.5,2370.5,2387.0,0,0,2172800.0,5179037750.0,1.0,2395.0,2404.5,2370.5,2387.0,2172800.0
2022-02-04,63260,2382.5,2407.5,2365.0,2400.5,0,0,2216300.0,5306200000.0,1.0,2382.5,2407.5,2365.0,2400.5,2216300.0
2022-02-07,63260,2404.5,2418.5,2377.5,2396.5,0,0,1939700.0,4647878400.0,1.0,2404.5,2418.5,2377.5,2396.5,1939700.0
2022-02-08,63260,2407.0,2434.5,2359.5,2364.5,0,0,2250300.0,5359025000.0,1.0,2407.0,2434.5,2359.5,2364.5,2250300.0
2022-02-09,63260,2364.0,2408.5,2340.5,2400.0,0,0,4068200.0,9698695000.0,1.0,2364.0,2408.5,2340.5,2400.0,4068200.0
2022-02-10,63260,2396.5,2429.0,2377.0,2417.0,0,0,3190700.0,7692183150.0,1.0,2396.5,2429.0,2377.0,2417.0,3190700.0
2022-02-14,63260,2382.5,2402.0,2343.5,2358.0,0,0,4236200.0,9999861050.0,1.0,2382.5,2402.0,2343.5,2358.0,4236200.0
2022-02-15,63260,2108.0,2166.5,2051.0,2060.5,0,0,9736300.0,20335917450.0,1.0,2108.0,2166.5,2051.0,2060.5,9736300.0
2022-02-16,63260,2093.5,2137.0,2089.5,2131.0,0,0,4452500.0,9421584950.0,1.0,2093.5,2137.0,2089.5,2131.0,4452500.0
2022-02-17,63260,2136.5,2147.0,2100.0,2118.0,0,0,3926700.0,8345595250.0,1.0,2136.5,2147.0,2100.0,2118.0,3926700.0
2022-02-18,63260,2109.0,2113.0,2074.0,2102.5,0,0,2620600.0,5493881250.0,1.0,2109.0,2113.0,2074.0,2102.5,2620600.0
2022-02-21,63260,2043.5,2072.5,2017.0,2058.0,0,0,2766600.0,5673331100.0,1.0,2043.5,2072.5,2017.0,2058.0,2766600.0
2022-02-22,63260,2018.0,2051.0,2000.0,2016.0,0,0,2780600.0,5617423700.0,1.0,2018.0,2051.0,2000.0,2016.0,2780600.0
2022-02-24,63260,2000.0,2044.0,1994.0,2012.5,0,0,4766500.0,9590350350.0,1.0,2000.0,2044.0,1994.0,2012.5,4766500.0
2022-02-25,63260,2020.0,2061.5,2007.0,2059.0,0,0,4489900.0,9187543500.0,1.0,2020.0,2061.5,2007.0,2059.0,4489900.0
2022-02-28,63260,2058.0,2067.5,2024.0,2062.0,0,0,3433800.0,7056310150.0,1.0,2058.0,2067.5,2024.0,2062.0,3433800.0
2022-03-01,63260,2035.5,2079.0,2028.5,2029.5,0,0,3973000.0,8110395100.0,1.0,2035.5,2079.0,2028.5,2029.5,3973000.0
2022-03-02,63260,1991.0,2025.0,1968.0,1973.0,0,0,5198300.0,10343334900.0,1.0,1991.0,2025.0,1968.0,1973.0,5198300.0
2022-03-03,63260,1995.0,2016.5,1984.0,2006.5,0,0,2961300.0,5932551800.0,1.0,1995.0,2016.5,1984.0,2006.5,2961300.0
2022-03-04,63260,1986.5,2006.0,1959.0,1998.5,0,0,3227400.0,6419089300.0,1.0,1986.5,2006.0,1959.0,1998.5,3227400.0
2022-03-07,63260,1979.0,2010.0,1950.0,1998.5,0,0,4774000.0,9480463700.0,1.0,1979.0,2010.0,1950.0,1998.5,4774000.0
2022-03-08,63260,1950.5,1982.0,1933.5,1942.0,0,0,3990500.0,7791797200.0,1.0,1950.5,1982.0,1933.5,1942.0,3990500.0
2022-03-09,63260,1974.0,2007.5,1968.5,1969.0,0,0,4018400.0,7971698400.0,1.0,1974.0,2007.5,1968.5,1969.0,4018400.0
2022-03-10,63260,2009.0,2044.0,2000.5,2040.0,0,0,2960400.0,6004882000.0,1.0,2009.0,2044.0,2000.5,2040.0,2960400.0
2022-03-11,63260,2000.0,2023.0,1988.0,2021.0,0,0,3734700.0,7502196100.0,1.0,2000.0,2023.0,1988.0,2021.0,3734700.0
2022-03-14,63260,2046.0,2072.5,2040.5,2056.0,0,0,2393200.0,4917450400.0,1.0,2046.0,2072.5,2040.5,2056.0,2393200.0
2022-03-15,63260,2045.5,2078.0,2040.5,2076.0,0,0,2641300.0,5456511700.0,1.0,2045.5,2078.0,2040.5,2076.0,2641300.0
2022-03-16,63260,2106.0,2125.0,2073.5,2112.0,0,0,3403200.0,7174953050.0,1.0,2106.0,2125.0,2073.5,2112.0,3403200.0
2022-03-17,63260,2175.5,2189.5,2148.5,2175.5,0,0,2773300.0,6024087250.0,1.0,2175.5,2189.5,2148.5,2175.5,2773300.0
2022-03-18,63260,2185.0,2200.0,2156.0,2196.5,0,0,4031800.0,8820941100.0,1.0,2185.0,2200.0,2156.0,2196.5,4031800.0
2022-03-22,63260,2230.0,2258.5,2224.0,2253.0,0,0,3390800.0,7626337600.0,1.0,2230.0,2258.5,2224.0,2253.0,3390800.0
2022-03-23,63260,2350.0,2367.5,2298.0,2363.5,0,0,4699500.0,11022674900.0,1.0,2350.0,2367.5,2298.0,2363.5,4699500.0
2022-03-24,63260,2309.0,2320.5,2269.0,2305.0,0,0,4063200.0,9321902450.0,1.0,2309.0,2320.5,2269.0,2305.0,4063200.0
2022-03-25,63260,2340.5,2347.0,2306.0,2334.5,0,0,2712500.0,6318869900.0,1.0,2340.5,2347.0,2306.0,2334.5,2712500.0
2022-03-28,63260,2342.5,2359.0,2314.0,2355.5,0,0,2302100.0,5402928400.0,1.0,2342.5,2359.0,2314.0,2355.5,2302100.0
2022-03-29,63260,2385.0,2385.0,2335.5,2349.0,0,0,3364700.0,7919318250.0,1.0,2385.0,2385.0,2335.5,2349.0,3364700.0
2022-03-30,63260,2365.0,2367.0,2306.5,2329.5,0,0,3632600.0,8452941150.0,1.0,2365.0,2367.0,2306.5,2329.5,3632600.0
2022-03-31,63260,2305.5,2343.0,2295.0,2303.0,0,0,3426200.0,7909577350.0,1.0,2305.5,2343.0,2295.0,2303.0,3426200.0
2022-04-01,63260,2315.5,2333.5,2292.0,2308.5,0,0,2796500.0,6463716100.0,1.0,2315.5,2333.5,2292.0,2308.5,2796500.0
2022-04-04,63260,2288.5,2298.5,2269.5,2280.5,0,0,2399500.0,5469440250.0,1.0,2288.5,2298.5,2269.5,2280.5,2399500.0
2022-04-05,63260,2262.0,2287.5,2245.0,2273.5,0,0,3376800.0,7652673650.0,1.0,2262.0,2287.5,2245.0,2273.5,3376800.0
2022-04-06,63260,2261.5,2282.0,2245.0,2247.0,0,0,3073800.0,6928860400.0,1.0,2261.5,2282.0,2245.0,2247.0,3073800.0
2022-04-07,63260,2206.0,2242.0,2195.0,2232.0,0,0,2851000.0,6346220850.0,1.0,2206.0,2242.0,2195.0,2232.0,2851000.0
2022-04-08,63260,2254.0,2284.5,2242.0,2265.0,0,0,2970100.0,6706948850.0,1.0,2254.0,2284.5,2242.0,2265.0,2970100.0
2022-04-11,63260,2255.0,2274.5,2248.0,2270.0,0,0,2561200.0,5801723750.0,1.0,2255.0,2274.5,2248.0,2270.0,2561200.0
2022-04-12,63260,2246.0,2280.5,2153.5,2160.5,0,0,3720500.0,8129665950.0,1.0,2246.0,2280.5,2153.5,2160.5,3720500.0
2022-04-13,63260,2174.5,2193.5,2154.0,2186.5,0,0,5953600.0,12955758000.0,1.0,2174.5,2193.5,2154.0,2186.5,5953600.0
2022-04-14,63260,2190.5,2250.0,2188.5,2231.5,0,0,2466300.0,5497795500.0,1.0,2190.5,2250.0,2188.5,2231.5,2466300.0
2022-04-15,63260,2203.5,2220.0,2188.0,2213.0,0,0,2172300.0,4799192250.0,1.0,2203.5,2220.0,2188.0,2213.0,2172300.0
2022-04-18,63260,2180.5,2188.5,2117.0,2145.5,0,0,3003900.0,6440197150.0,1.0,2180.5,2188.5,2117.0,2145.5,3003900.0
2022-04-19,63260,2172.5,2197.0,2141.0,2191.0,0,0,2208100.0,4814301500.0,1.0,2172.5,2197.0,2141.0,2191.0,2208100.0
2022-04-20,63260,2233.5,2277.0,2203.0,2273.0,0,0,3637300.0,8217594100.0,1.0,2233.5,2277.0,2203.0,2273.0,3637300.0
2022-04-21,63260,2350.0,2364.5,2313.0,2318.0,0,0,5231700.0,12214755950.0,1.0,2350.0,2364.5,2313.0,2318.0,5231700.0
2022-04-22,63260,2268.0,2287.5,2238.0,2269.0,0,0,2969700.0,6740187200.0,1.0,2268.0,2287.5,2238.0,2269.0,2969700.0
2022-04-25,63260,2156.0,2195.0,2146.5,2184.5,0,0,3448700.0,7508350150.0,1.0,2156.0,2195.0,2146.5,2184.5,3448700.0
2022-04-26,63260,2175.0,2193.0,2157.0,2170.5,0,0,2683200.0,5841904250.0,1.0,2175.0,2193.0,2157.0,2170.5,2683200.0
2022-04-27,63260,2143.0,2160.5,2128.0,2157.5,0,0,5659600.0,12181519150.0,1.0,2143.0,2160.5,2128.0,2157.5,5659600.0
2022-04-28,63260,2194.0,2224.0,2156.5,2218.5,0,0,3048100.0,6721347350.0,1.0,2194.0,2224.0,2156.5,2218.5,3048100.0
2022-05-02,63260,2300.0,2300.0,2197.0,2242.5,0,0,3763200.0,8443429800.0,1.0,2300.0,2300.0,2197.0,2242.5,3763200.0
2022-05-06,63260,2270.5,2296.0,2242.5,2281.5,0,0,3345400.0,7616354050.0,1.0,2270.5,2296.0,2242.5,2281.5,3345400.0
2022-05-09,63260,2248.0,2273.5,2234.5,2250.0,0,0,3298000.0,7425735800.0,1.0,2248.0,2273.5,2234.5,2250.0,3298000.0
2022-05-10,63260,2228.0,2298.5,2222.0,2287.5,0,0,3582300.0,8130941650.0,1.0,2228.0,2298.5,2222.0,2287.5,3582300.0
2022-05-11,63260,2250.5,2261.5,2230.5,2237.5,0,0,2848000.0,6390875100.0,1.0,2250.5,2261.5,2230.5,2237.5,2848000.0
2022-05-12,63260,2244.0,2302.0,2218.5,2287.5,0,0,4701400.0,10720591600.0,1.0,2244.0,2302.0,2218.5,2287.5,4701400.0
2022-05-13,63260,2242.5,2286.0,2221.0,2259.0,0,0,4925700.0,11132836150.0,1.0,2242.5,2286.0,2221.0,2259.0,4925700.0
2022-05-16,63260,2280.0,2283.5,2239.0,2279.0,0,0,3449900.0,7829589750.0,1.0,2280.0,2283.5,2239.0,2279.0,3449900.0
2022-05-17,63260,2286.5,2289.0,2264.5,2279.5,0,0,2513300.0,5725656350.0,1.0,2286.5,2289.0,2264.5,2279.5,2513300.0
2022-05-18,63260,2308.5,2344.5,2281.0,2310.5,0,0,3159500.0,7297777200.0,1.0,2308.5,2344.5,2281.0,2310.5,3159500.0
2022-05-19,63260,2250.0,2272.5,2229.5,2268.5,0,0,2557900.0,5773849200.0,1.0,2250.0,2272.5,2229.5,2268.5,2557900.0
2022-05-20,63260,2271.5,2329.5,2259.0,2308.5,0,0,3721000.0,8574880450.0,1.0,2271.5,2329.5,2259.0,2308.5,3721000.0
2022-05-23,63260,2308.0,2315.0,2228.5,2240.5,0,0,6049000.0,13697192250.0,1.0,2308.0,2315.0,2228.5,2240.5,6049000.0
2022-05-24,63260,2242.0,2266.0,2237.5,2247.0,0,0,3215100.0,7237381350.0,1.0,2242.0,2266.0,2237.5,2247.0,3215100.0
2022-05-25,63260,2240.0,2291.0,2240.0,2274.5,0,0,3010300.0,6840234450.0,1.0,2240.0,2291.0,2240.0,2274.5,3010300.0
2022-05-26,63260,2301.5,2319.5,2288.5,2301.5,0,0,3374500.0,7766420200.0,1.0,2301.5,2319.5,2288.5,2301.5,3374500.0
2022-05-27,63260,2330.0,2333.5,2302.0,2320.5,0,0,2264300.0,5257888400.0,1.0,2330.0,2333.5,2302.0,2320.5,2264300.0
2022-05-30,63260,2354.5,2412.5,2347.0,2403.5,0,0,5830000.0,13991900000.0,1.0,2354.5,2412.5,2347.0,2403.5,5830000.0
2022-05-31,63260,2402.0,2421.5,2363.0,2374.0,0,0,10195800.0,24257041800.0,1.0,2402.0,2421.5,2363.0,2374.0,10195800.0
2022-06-01,63260,2378.5,2425.5,2376.5,2412.5,0,0,2672800.0,6432140700.0,1.0,2378.5,2425.5,2376.5,2412.5,2672800.0
2022-06-02,63260,2390.0,2430.0,2382.0,2417.0,0,0,3835100.0,9229248900.0,1.0,2390.0,2430.0,2382.0,2417.0,3835100.0
2022-06-03,63260,2439.0,2455.5,2431.0,2440.0,0,0,2639300.0,6440601550.0,1.0,2439.0,2455.5,2431.0,2440.0,2639300.0
2022-06-06,63260,2440.0,2462.5,2426.0,2462.5,0,0,1815500.0,4454059700.0,1.0,2440.0,2462.5,2426.0,2462.5,1815500.0
2022-06-07,63260,2480.0,2501.5,2471.5,2490.5,0,0,2576900.0,6412147300.0,1.0,2480.0,2501.5,2471.5,2490.5,2576900.0
2022-06-08,63260,2519.0,2553.5,2506.0,2551.5,0,0,2711700.0,6884515550.0,1.0,2519.0,2553.5,2506.0,2551.5,2711700.0
2022-06-09,63260,2547.5,2579.0,2540.5,2558.5,0,0,2920800.0,7480156000.0,1.0,2547.5,2579.0,2540.5,2558.5,2920800.0
2022-06-10,63260,2475.0,2510.0,2446.0,2452.0,0,0,6731100.0,16583541750.0,1.0,2475.0,2510.0,2446.0,2452.0,6731100.0
2022-06-13,63260,2332.0,2358.5,2298.5,2298.5,0,0,6102800.0,14142236350.0,1.0,2332.0,2358.5,2298.5,2298.5,6102800.0
2022-06-14,63260,2217.5,2245.0,2200.5,2239.0,0,0,5727700.0,12756537500.0,1.0,2217.5,2245.0,2200.5,2239.0,5727700.0
2022-06-15,63260,2205.0,2229.0,2201.5,2208.5,0,0,4071400.0,9006769100.0,1.0,2205.0,2229.0,2201.5,2208.5,4071400.0
2022-06-16,63260,2232.0,2258.5,2184.0,2188.0,0,0,4161400.0,9221266750.0,1.0,2232.0,2258.5,2184.0,2188.0,4161400.0
2022-06-17,63260,2081.5,2099.5,2058.5,2082.0,0,0,8071700.0,16794531300.0,1.0,2081.5,2099.5,2058.5,2082.0,8071700.0
2022-06-20,63260,2062.0,2072.0,1996.0,2008.5,0,0,6200800.0,12532404400.0,1.0,2062.0,2072.0,1996.0,2008.5,6200800.0
2022-06-21,63260,2053.0,2080.0,2043.5,2061.0,0,0,4105000.0,8462436450.0,1.0,2053.0,2080.0,2043.5,2061.0,4105000.0
2022-06-22,63260,2082.0,2100.5,2066.5,2068.5,0,0,5826800.0,12108584700.0,1.0,2082.0,2100.5,2066.5,2068.5,5826800.0
2022-06-23,63260,2061.5,2066.5,2021.5,2033.5,0,0,4455800.0,9090495450.0,1.0,2061.5,2066.5,2021.5,2033.5,4455800.0
2022-06-24,63260,1994.0,2059.5,1986.5,2058.5,0,0,4062500.0,8269886050.0,1.0,1994.0,2059.5,1986.5,2058.5,4062500.0
2022-06-27,63260,2084.0,2093.5,2063.5,2090.0,0,0,2804300.0,5841561500.0,1.0,2084.0,2093.5,2063.5,2090.0,2804300.0
2022-06-28,63260,2091.0,2109.5,2086.5,2104.5,0,0,3249000.0,6820926650.0,1.0,2091.0,2109.5,2086.5,2104.5,3249000.0
2022-06-29,63260,2089.0,2089.0,2047.0,2058.0,0,0,5804000.0,11952266000.0,1.0,2089.0,2089.0,2047.0,2058.0,5804000.0
2022-06-30,63260,2045.0,2048.5,2012.0,2027.0,0,0,3981000.0,8072121100.0,1.0,2045.0,2048.5,2012.0,2027.0,3981000.0
2022-07-01,63260,2016.5,2032.0,1969.5,1981.0,0,0,5389400.0,10723843750.0,1.0,2016.5,2032.0,1969.5,1981.0,5389400.0
2022-07-04,63260,1995.0,2033.0,1995.0,2030.0,0,0,3093900.0,6256731150.0,1.0,1995.0,2033.0,1995.0,2030.0,3093900.0
2022-07-05,63260,2060.0,2060.0,2030.5,2039.5,0,0,3568900.0,7290712100.0,1.0,2060.0,2060.0,2030.5,2039.5,3568900.0
2022-07-06,63260,1998.5,2026.5,1998.0,2008.0,0,0,4097900.0,8235362750.0,1.0,1998.5,2026.5,1998.0,2008.0,4097900.0
2022-07-07,63260,2020.0,2054.0,1996.5,2049.5,0,0,5700800.0,11597492800.0,1.0,2020.0,2054.0,1996.5,2049.5,5700800.0
2022-07-08,63260,2060.5,2120.0,2055.5,2095.0,0,0,5651000.0,11842508750.0,1.0,2060.5,2120.0,2055.5,2095.0,5651000.0
2022-07-11,63260,2134.0,2162.0,2127.0,2140.0,0,0,5103200.0,10932359600.0,1.0,2134.0,2162.0,2127.0,2140.0,5103200.0
2022-07-12,63260,2120.0,2128.5,2076.0,2081.0,0,0,4432600.0,9279096050.0,1.0,2120.0,2128.5,2076.0,2081.0,4432600.0
2022-07-13,63260,2081.5,2096.5,2077.5,2092.0,0,0,2734000.0,5706020150.0,1.0,2081.5,2096.5,2077.5,2092.0,2734000.0
2022-07-14,63260,2070.0,2122.0,2068.5,2111.5,0,0,3079400.0,6482806850.0,1.0,2070.0,2122.0,2068.5,2111.5,3079400.0
2022-07-15,63260,2112.5,2128.0,2091.5,2106.0,0,0,3072400.0,6471826950.0,1.0,2112.5,2128.0,2091.5,2106.0,3072400.0
2022-07-19,63260,2141.5,2174.0,2139.0,2164.0,0,0,3846100.0,8302061550.0,1.0,2141.5,2174.0,2139.0,2164.0,3846100.0
2022-07-20,63260,2206.0,2230.0,2199.5,2226.0,0,0,4789000.0,10628608000.0,1.0,2206.0,2230.0,2199.5,2226.0,4789000.0
2022-07-21,63260,2229.0,2250.0,2208.0,2244.0,0,0,2998900.0,6705079650.0,1.0,2229.0,2250.0,2208.0,2244.0,2998900.0
2022-07-22,63260,2255.5,2263.5,2239.0,2262.0,0,0,2681200.0,6048449850.0,1.0,2255.5,2263.5,2239.0,2262.0,2681200.0
2022-07-25,63260,2240.0,2246.5,2208.0,2223.0,0,0,2580400.0,5738225650.0,1.0,2240.0,2246.5,2208.0,2223.0,2580400.0
2022-07-26,63260,2235.0,2249.5,2221.0,2241.0,0,0,2133600.0,4775273750.0,1.0,2235.0,2249.5,2221.0,2241.0,2133600.0
2022-07-27,63260,2214.0,2236.5,2202.0,2226.5,0,0,3112200.0,6912695400.0,1.0,2214.0,2236.5,2202.0,2226.5,3112200.0
2022-07-28,63260,2234.0,2238.0,2194.0,2204.0,0,0,12730800.0,28073217500.0,1.0,2234.0,2238.0,2194.0,2204.0,12730800.0
2022-07-29,63260,2236.0,2236.0,2183.0,2193.5,0,0,4609000.0,10141237250.0,1.0,2236.0,2236.0,2183.0,2193.5,4609000.0
2022-08-01,63260,2241.5,2261.5,2215.0,2259.5,0,0,3758500.0,8451992900.0,1.0,2241.5,2261.5,2215.0,2259.5,3758500.0
2022-08-02,63260,2212.5,2226.0,2168.5,2180.5,0,0,3546100.0,7756999150.0,1.0,2212.5,2226.0,2168.5,2180.5,3546100.0
2022-08-03,63260,2180.0,2192.0,2164.0,2183.0,0,0,3620300.0,7897251800.0,1.0,2180.0,2192.0,2164.0,2183.0,3620300.0
2022-08-04,63260,2051.0,2103.0,2042.5,2080.5,0,0,6044300.0,12550819850.0,1.0,2051.0,2103.0,2042.5,2080.5,6044300.0
2022-08-05,63260,2066.0,2119.5,2065.0,2113.0,0,0,3783200.0,7945587050.0,1.0,2066.0,2119.5,2065.0,2113.0,3783200.0
2022-08-08,63260,2119.0,2164.0,2118.0,2157.5,0,0,2857300.0,6141001250.0,1.0,2119.0,2164.0,2118.0,2157.5,2857300.0
2022-08-09,63260,2154.0,2163.0,2119.5,2122.5,0,0,2628900.0,5605575550.0,1.0,2154.0,2163.0,2119.5,2122.5,2628900.0
2022-08-10,63260,2144.0,2158.0,2105.0,2154.0,0,0,2047200.0,4395308150.0,1.0,2144.0,2158.0,2105.0,2154.0,2047200.0
2022-08-12,63260,2170.0,2205.0,2164.0,2205.0,0,0,3786900.0,8291658550.0,1.0,2170.0,2205.0,2164.0,2205.0,3786900.0
2022-08-15,63260,2222.0,2233.0,2201.5,2225.0,0,0,1950400.0,4333553200.0,1.0,2222.0,2233.0,2201.5,2225.0,1950400.0
2022-08-16,63260,2230.0,2247.0,2211.5,2234.5,0,0,2136200.0,4768895400.0,1.0,2230.0,2247.0,2211.5,2234.5,2136200.0
2022-08-17,63260,2256.0,2265.5,2231.0,2262.5,0,0,2730800.0,6152841300.0,1.0,2256.0,2265.5,2231.0,2262.5,2730800.0
2022-08-18,63260,2235.0,2250.5,2228.5,2242.5,0,0,1813200.0,4063689750.0,1.0,2235.0,2250.5,2228.5,2242.5,1813200.0
2022-08-19,63260,2274.5,2279.5,2257.0,2258.5,0,0,1867900.0,4231419200.0,1.0,2274.5,2279.5,2257.0,2258.5,1867900.0
2022-08-22,63260,2226.0,2252.5,2219.5,2252.5,0,0,2062400.0,4621559300.0,1.0,2226.0,2252.5,2219.5,2252.5,2062400.0
2022-08-23,63260,2220.0,2228.0,2192.5,2193.5,0,0,2090400.0,4601238650.0,1.0,2220.0,2228.0,2192.5,2193.5,2090400.0
2022-08-24,63260,2195.5,2207.0,2183.5,2187.0,0,0,1942300.0,4255273150.0,1.0,2195.5,2207.0,2183.5,2187.0,1942300.0
2022-08-25,63260,2188.0,2195.0,2171.0,2183.0,0,0,1963100.0,4282930200.0,1.0,2188.0,2195.0,2171.0,2183.0,1963100.0
2022-08-26,63260,2201.5,2228.0,2201.5,2211.5,0,0,1688700.0,3740491450.0,1.0,2201.5,2228.0,2201.5,2211.5,1688700.0
2022-08-29,63260,2145.0,2149.5,2130.5,2147.0,0,0,2738600.0,5866224950.0,1.0,2145.0,2149.5,2130.5,2147.0,2738600.0
2022-08-30,63260,2163.0,2182.0,2160.0,2177.0,0,0,2072500.0,4506379100.0,1.0,2163.0,2182.0,2160.0,2177.0,2072500.0
2022-08-31,63260,2141.0,2176.0,2140.5,2175.5,0,0,3131600.0,6795337050.0,1.0,2141.0,2176.0,2140.5,2175.5,3131600.0
2022-09-01,63260,2147.5,2160.0,2135.0,2141.5,0,0,2500800.0,5360645600.0,1.0,2147.5,2160.0,2135.0,2141.5,2500800.0
2022-09-02,63260,2113.0,2124.5,2097.0,2117.0,0,0,3295000.0,6957315500.0,1.0,2113.0,2124.5,2097.0,2117.0,3295000.0
2022-09-05,63260,2133.0,2145.5,2117.0,2145.0,0,0,2642400.0,5644712250.0,1.0,2133.0,2145.5,2117.0,2145.0,2642400.0
2022-09-06,63260,2118.0,2133.5,2100.5,2119.0,0,0,2725800.0,5770084050.0,1.0,2118.0,2133.5,2100.5,2119.0,2725800.0
2022-09-07,63260,2108.0,2111.0,2086.0,2099.0,0,0,3078400.0,6460301350.0,1.0,2108.0,2111.0,2086.0,2099.0,3078400.0
2022-09-08,63260,2125.0,2166.0,2124.5,2164.5,0,0,2689300.0,5794255300.0,1.0,2125.0,2166.0,2124.5,2164.5,2689300.0
2022-09-09,63260,2165.0,2189.5,2163.0,2185.0,0,0,3445000.0,7493128700.0,1.0,2165.0,2189.5,2163.0,2185.0,3445000.0
2022-09-12,63260,2202.5,2212.0,2187.0,2203.0,0,0,2346200.0,5161643550.0,1.0,2202.5,2212.0,2187.0,2203.0,2346200.0
2022-09-13,63260,2218.5,2243.5,2207.0,2238.0,0,0,2303000.0,5133390900.0,1.0,2218.5,2243.5,2207.0,2238.0,2303000.0
2022-09-14,63260,2171.0,2187.5,2154.5,2174.0,0,0,2720500.0,5911458850.0,1.0,2171.0,2187.5,2154.5,2174.0,2720500.0
2022-09-15,63260,2177.0,2177.0,2150.5,2160.0,0,0,2026000.0,4374974500.0,1.0,2177.0,2177.0,2150.5,2160.0,2026000.0
2022-09-16,63260,2142.0,2167.5,2142.0,2161.0,0,0,2878500.0,6216037500.0,1.0,2142.0,2167.5,2142.0,2161.0,2878500.0
2022-09-20,63260,2183.0,2199.0,2156.0,2160.5,0,0,2295200.0,4984744850.0,1.0,2183.0,2199.0,2156.0,2160.5,2295200.0
2022-09-21,63260,2138.0,2149.5,2121.5,2130.0,0,0,2407600.0,5135142850.0,1.0,2138.0,2149.5,2121.5,2130.0,2407600.0
2022-09-22,63260,2100.0,2108.5,2078.5,2105.0,0,0,2997500.0,6285209100.0,1.0,2100.0,2108.5,2078.5,2105.0,2997500.0
2022-09-26,63260,2041.0,2049.5,1993.0,1998.0,0,0,4240800.0,8516568700.0,1.0,2041.0,2049.5,1993.0,1998.0,4240800.0
2022-09-27,63260,2020.0,2032.5,2000.0,2001.0,0,0,3270700.0,6570053700.0,1.0,2020.0,2032.5,2000.0,2001.0,3270700.0
2022-09-28,63260,1985.0,2015.0,1973.0,2004.5,0,0,3636100.0,7263317550.0,1.0,1985.0,2015.0,1973.0,2004.5,3636100.0
2022-09-29,63260,2030.5,2059.5,2028.5,2047.0,0,0,3351900.0,6851044900.0,1.0,2030.5,2059.5,2028.5,2047.0,3351900.0
2022-09-30,63260,2034.0,2037.5,1993.0,2004.0,0,0,4072400.0,8182999150.0,1.0,2034.0,2037.5,1993.0,2004.0,4072400.0
2022-10-03,63260,2005.0,2047.5,1999.5,2043.0,0,0,2775300.0,5640616150.0,1.0,2005.0,2047.5,1999.5,2043.0,2775300.0
2022-10-04,63260,2080.0,2102.0,2071.0,2095.5,0,0,3671900.0,7674597450.0,1.0,2080.0,2102.0,2071.0,2095.5,3671900.0
2022-10-05,63260,2132.0,2136.5,2103.0,2114.5,0,0,3188400.0,6749968750.0,1.0,2132.0,2136.5,2103.0,2114.5,3188400.0
2022-10-06,63260,2106.5,2123.5,2097.0,2098.5,0,0,3095300.0,6518085500.0,1.0,2106.5,2123.5,2097.0,2098.5,3095300.0
2022-10-07,63260,2070.0,2070.5,2050.5,2053.5,0,0,2625200.0,5403158050.0,1.0,2070.0,2070.5,2050.5,2053.5,2625200.0
2022-10-11,63260,2014.0,2022.0,1981.0,1990.5,0,0,4616100.0,9201853500.0,1.0,2014.0,2022.0,1981.0,1990.5,4616100.0
2022-10-12,63260,1988.0,2003.5,1978.5,1985.0,0,0,2626400.0,5217535250.0,1.0,1988.0,2003.5,1978.5,1985.0,2626400.0
2022-10-13,63260,1984.5,1994.5,1980.0,1986.5,0,0,1951300.0,3878257550.0,1.0,1984.5,1994.5,1980.0,1986.5,1951300.0
2022-10-14,63260,1998.0,2039.0,1994.0,2029.0,0,0,3497300.0,7060828850.0,1.0,1998.0,2039.0,1994.0,2029.0,3497300.0
2022-10-17,63260,1988.5,1998.5,1965.5,1995.5,0,0,3983300.0,7912993550.0,1.0,1988.5,1998.5,1965.5,1995.5,3983300.0
2022-10-18,63260,2045.5,2046.5,2004.5,2026.0,0,0,2512400.0,5087727550.0,1.0,2045.5,2046.5,2004.5,2026.0,2512400.0
2022-10-19,63260,2020.0,2037.5,2014.5,2029.0,0,0,1837400.0,3725785050.0,1.0,2020.0,2037.5,2014.5,2029.0,1837400.0
2022-10-20,63260,2000.0,2010.0,1994.0,2000.0,0,0,2387400.0,4777286500.0,1.0,2000.0,2010.0,1994.0,2000.0,2387400.0
2022-10-21,63260,1980.0,1993.0,1970.0,1970.0,0,0,3245300.0,6421261300.0,1.0,1980.0,1993.0,1970.0,1970.0,3245300.0
2022-10-24,63260,2005.5,2038.0,1999.5,2020.0,0,0,2678800.0,5411892500.0,1.0,2005.5,2038.0,1999.5,2020.0,2678800.0
2022-10-25,63260,2027.0,2041.5,2016.0,2025.5,0,0,2485800.0,5037869000.0,1.0,2027.0,2041.5,2016.0,2025.5,2485800.0
2022-10-26,63260,2041.0,2051.5,2032.5,2046.5,0,0,2459300.0,5028124500.0,1.0,2041.0,2051.5,2032.5,2046.5,2459300.0
2022-10-27,63260,2050.0,2059.5,2036.0,2056.5,0,0,2154200.0,4420914450.0,1.0,2050.0,2059.5,2036.0,2056.5,2154200.0
2022-10-28,63260,2056.0,2067.5,2030.0,2046.0,0,0,9312700.0,19081927700.0,1.0,2056.0,2067.5,2030.0,2046.0,9312700.0
2022-10-31,63260,2074.0,2077.0,2054.0,2076.5,0,0,2172200.0,4499503100.0,1.0,2074.0,2077.0,2054.0,2076.5,2172200.0
2022-11-01,63260,2084.0,2118.5,2073.0,2118.5,0,0,2621900.0,5517680550.0,1.0,2084.0,2118.5,2073.0,2118.5,2621900.0
2022-11-02,63260,2114.0,2119.5,2098.5,2106.0,0,0,2808800.0,5917991550.0,1.0,2114.0,2119.5,2098.5,2106.0,2808800.0
2022-11-04,63260,2080.0,2086.0,2049.0,2070.0,0,0,3128200.0,6468560850.0,1.0,2080.0,2086.0,2049.0,2070.0,3128200.0
2022-11-07,63260,2083.5,2106.5,2075.0,2096.5,0,0,3653800.0,7647677750.0,1.0,2083.5,2106.5,2075.0,2096.5,3653800.0
2022-11-08,63260,2108.0,2155.0,2102.0,2155.0,0,0,3903600.0,8362427250.0,1.0,2108.0,2155.0,2102.0,2155.0,3903600.0
2022-11-09,63260,2190.0,2204.0,2158.0,2163.5,0,0,4207800.0,9137886100.0,1.0,2190.0,2204.0,2158.0,2163.5,4207800.0
2022-11-10,63260,2023.0,2048.5,2011.0,2011.0,0,0,6733100.0,13615087050.0,1.0,2023.0,2048.5,2011.0,2011.0,6733100.0
2022-11-11,63260,2000.0,2035.5,1996.0,2008.0,0,0,7702100.0,15512362450.0,1.0,2000.0,2035.5,1996.0,2008.0,7702100.0
2022-11-14,63260,2014.0,2055.0,2006.0,2035.0,0,0,4946500.0,10078430450.0,1.0,2014.0,2055.0,2006.0,2035.0,4946500.0
2022-11-15,63260,2045.0,2069.0,2035.5,2069.0,0,0,2702800.0,5561525850.0,1.0,2045.0,2069.0,2035.5,2069.0,2702800.0
2022-11-16,63260,2076.5,2087.0,2043.5,2060.0,0,0,2170000.0,4474765300.0,1.0,2076.5,2087.0,2043.5,2060.0,2170000.0
2022-11-17,63260,2053.5,2066.0,2047.5,2054.0,0,0,1948400.0,4004579500.0,1.0,2053.5,2066.0,2047.5,2054.0,1948400.0
2022-11-18,63260,2055.0,2067.0,2045.0,2051.0,0,0,2280800.0,4685733500.0,1.0,2055.0,2067.0,2045.0,2051.0,2280800.0
2022-11-21,63260,2063.5,2072.0,2055.0,2055.0,0,0,1933600.0,3984403700.0,1.0,2063.5,2072.0,2055.0,2055.0,1933600.0
2022-11-22,63260,2068.0,2083.5,2065.5,2075.5,0,0,2828300.0,5867026300.0,1.0,2068.0,2083.5,2065.5,2075.5,2828300.0
2022-11-24,63260,2112.0,2122.0,2098.0,2100.5,0,0,2880700.0,6067396400.0,1.0,2112.0,2122.0,2098.0,2100.5,2880700.0
2022-11-25,63260,2111.5,2119.5,2098.5,2114.0,0,0,1771300.0,3740976250.0,1.0,2111.5,2119.5,2098.5,2114.0,1771300.0
2022-11-28,63260,2105.0,2124.0,2092.0,2092.5,0,0,1847100.0,3886112050.0,1.0,2105.0,2124.0,2092.0,2092.5,1847100.0
2022-11-29,63260,2057.0,2068.5,2047.0,2056.5,0,0,2744700.0,5647887400.0,1.0,2057.0,2068.5,2047.0,2056.5,2744700.0
2022-11-30,63260,2027.5,2034.5,2015.5,2030.0,0,0,4574800.0,9278842100.0,1.0,2027.5,2034.5,2015.5,2030.0,4574800.0
2022-12-01,63260,2054.5,2057.5,2039.0,2053.5,0,0,2448600.0,5025270950.0,1.0,2054.5,2057.5,2039.0,2053.5,2448600.0
2022-12-02,63260,2022.5,2024.5,1988.0,2003.5,0,0,4704000.0,9416568750.0,1.0,2022.5,2024.5,1988.0,2003.5,4704000.0
2022-12-05,63260,2021.5,2021.5,1994.0,2004.0,0,0,2614500.0,5243076150.0,1.0,2021.5,2021.5,1994.0,2004.0,2614500.0
2022-12-06,63260,1985.0,2004.5,1978.0,1987.5,0,0,2507600.0,4991638750.0,1.0,1985.0,2004.5,1978.0,1987.5,2507600.0
2022-12-07,63260,1965.0,1982.5,1958.5,1972.5,0,0,3393700.0,6697401450.0,1.0,1965.0,1982.5,1958.5,1972.5,3393700.0
2022-12-08,63260,1970.0,1970.5,1945.5,1955.0,0,0,3508500.0,6865667900.0,1.0,1970.0,1970.5,1945.5,1955.0,3508500.0
2022-12-09,63260,1956.0,2004.5,1955.5,1998.0,0,0,3798200.0,7541352350.0,1.0,1956.0,2004.5,1955.5,1998.0,3798200.0
2022-12-12,63260,1987.0,2009.0,1983.0,2004.0,0,0,2159300.0,4321763150.0,1.0,1987.0,2009.0,1983.0,2004.0,2159300.0
2022-12-13,63260,2029.0,2034.5,2001.0,2001.0,0,0,1778900.0,3577383550.0,1.0,2029.0,2034.5,2001.0,2001.0,1778900.0
2022-12-14,63260,2003.0,2013.5,1997.0,2013.5,0,0,1834200.0,3684198350.0,1.0,2003.0,2013.5,1997.0,2013.5,1834200.0
2022-12-15,63260,1995.5,2010.5,1988.5,1999.0,0,0,2141200.0,4280172300.0,1.0,1995.5,2010.5,1988.5,1999.0,2141200.0
2022-12-16,63260,1959.0,1979.0,1954.5,1960.0,0,0,4212700.0,8274469800.0,1.0,1959.0,1979.0,1954.5,1960.0,4212700.0
2022-12-19,63260,1951.0,1980.0,1949.0,1959.5,0,0,2553600.0,5008058750.0,1.0,1951.0,1980.0,1949.0,1959.5,2553600.0
2022-12-20,63260,1965.0,1972.0,1897.0,1900.5,0,0,4104400.0,7871356650.0,1.0,1965.0,1972.0,1897.0,1900.5,4104400.0
2022-12-21,63260,1876.5,1882.0,1843.0,1856.5,0,0,4897400.0,9105826200.0,1.0,1876.5,1882.0,1843.0,1856.5,4897400.0
2022-12-22,63260,1868.0,1875.0,1851.5,1860.0,0,0,2940400.0,5480027650.0,1.0,1868.0,1875.0,1851.5,1860.0,2940400.0
2022-12-23,63260,1838.5,1849.5,1831.0,1844.5,0,0,2610500.0,4809023400.0,1.0,1838.5,1849.5,1831.0,1844.5,2610500.0
2022-12-26,63260,1845.0,1866.0,1833.0,1833.5,0,0,2741600.0,5045321300.0,1.0,1845.0,1866.0,1833.0,1833.5,2741600.0
2022-12-27,63260,1854.5,1856.0,1829.0,1833.0,0,0,2088900.0,3834616700.0,1.0,1854.5,1856.0,1829.0,1833.0,2088900.0
2022-12-28,63260,1826.5,1842.5,1820.0,1842.0,0,0,2660400.0,4874640150.0,1.0,1826.5,1842.5,1820.0,1842.0,2660400.0
2022-12-29,63260,1817.5,1835.0,1806.0,1834.0,0,0,2429800.0,4434451450.0,1.0,1817.5,1835.0,1806.0,1834.0,2429800.0
2022-12-30,63260,1826.0,1842.0,1817.0,1817.0,0,0,2281900.0,4161148550.0,1.0,1826.0,1842.0,1817.0,1817.0,2281900.0
2023-01-04,63260,1806.5,1808.0,1777.0,1780.0,0,0,2695200.0,4815003800.0,1.0,1806.5,1808.0,1777.0,1780.0,2695200.0
2023-01-05,63260,1784.0,1818.0,1781.0,1814.5,0,0,3339100.0,6017946350.0,1.0,1784.0,1818.0,1781.0,1814.5,3339100.0
2023-01-06,63260,1809.0,1839.0,1805.5,1837.5,0,0,2374000.0,4347576300.0,1.0,1809.0,1839.0,1805.5,1837.5,2374000.0
2023-01-10,63260,1827.0,1833.0,1802.5,1819.5,0,0,3764200.0,6844030700.0,1.0,1827.0,1833.0,1802.5,1819.5,3764200.0
2023-01-11,63260,1840.5,1846.0,1828.5,1837.5,0,0,2098200.0,3854011850.0,1.0,1840.5,1846.0,1828.5,1837.5,2098200.0
2023-01-12,63260,1856.0,1869.0,1844.0,1849.5,0,0,2156100.0,3992406650.0,1.0,1856.0,1869.0,1844.0,1849.5,2156100.0
2023-01-13,63260,1852.5,1871.0,1852.0,1860.5,0,0,3163500.0,5884698700.0,1.0,1852.5,1871.0,1852.0,1860.5,3163500.0
2023-01-16,63260,1843.0,1846.0,1826.5,1833.5,0,0,2515100.0,4619235550.0,1.0,1843.0,1846.0,1826.5,1833.5,2515100.0
2023-01-17,63260,1833.0,1872.0,1833.0,1869.0,0,0,2165600.0,4031435300.0,1.0,1833.0,1872.0,1833.0,1869.0,2165600.0
2023-01-18,63260,1879.0,1926.0,1865.5,1922.0,0,0,3247200.0,6202575450.0,1.0,1879.0,1926.0,1865.5,1922.0,3247200.0
2023-01-19,63260,1883.5,1907.5,1879.0,1888.5,0,0,2653800.0,5017996150.0,1.0,1883.5,1907.5,1879.0,1888.5,2653800.0
2023-01-20,63260,1862.0,1880.0,1859.0,1874.5,0,0,2425900.0,4538347150.0,1.0,1862.0,1880.0,1859.0,1874.5,2425900.0
2023-01-23,63260,1893.0,1897.5,1873.5,1881.5,0,0,2282900.0,4297621300.0,1.0,1893.0,1897.5,1873.5,1881.5,2282900.0
2023-01-24,63260,1915.0,1918.5,1903.0,1917.5,0,0,2528800.0,4840782350.0,1.0,1915.0,1918.5,1903.0,1917.5,2528800.0
2023-01-25,63260,1920.0,1927.0,1901.5,1918.5,0,0,2940300.0,5635311300.0,1.0,1920.0,1927.0,1901.5,1918.5,2940300.0
2023-01-26,63260,1931.0,1933.0,1921.5,1927.0,0,0,2366000.0,4560287200.0,1.0,1931.0,1933.0,1921.5,1927.0,2366000.0
2023-01-27,63260,1929.0,1954.0,1926.5,1930.5,0,0,2777500.0,5377048100.0,1.0,1929.0,1954.0,1926.5,1930.5,2777500.0
2023-01-30,63260,1942.0,1945.0,1910.5,1917.0,0,0,2527100.0,4855369900.0,1.0,1942.0,1945.0,1910.5,1917.0,2527100.0
2023-01-31,63260,1943.0,1951.0,1937.0,1938.0,0,0,2892400.0,5614641650.0,1.0,1943.0,1951.0,1937.0,1938.0,2892400.0
2023-02-01,63260,1953.0,1956.5,1919.0,1923.5,0,0,2072500.0,4000899950.0,1.0,1953.0,1956.5,1919.0,1923.5,2072500.0
2023-02-02,63260,1930.0,1930.5,1896.5,1908.0,0,0,2622800.0,5003959700.0,1.0,1930.0,1930.5,1896.5,1908.0,2622800.0
2023-02-03,63260,1891.0,1914.5,1882.5,1907.0,0,0,2865600.0,5447449600.0,1.0,1891.0,1914.5,1882.5,1907.0,2865600.0
2023-02-06,63260,1947.0,1962.5,1942.0,1954.0,0,0,3458300.0,6752708750.0,1.0,1947.0,1962.5,1942.0,1954.0,3458300.0
2023-02-07,63260,1959.0,1961.0,1939.5,1956.0,0,0,2913400.0,5695885000.0,1.0,1959.0,1961.0,1939.5,1956.0,2913400.0
2023-02-08,63260,1960.0,1966.5,1946.0,1958.5,0,0,1722400.0,3370474250.0,1.0,1960.0,1966.5,1946.0,1958.5,1722400.0
2023-02-09,63260,1942.0,1968.0,1939.5,1966.5,0,0,2259300.0,4427781150.0,1.0,1942.0,1968.0,1939.5,1966.5,2259300.0
2023-02-10,63260,1973.0,1985.0,1963.5,1978.5,0,0,2435800.0,4813859950.0,1.0,1973.0,1985.0,1963.5,1978.5,2435800.0
2023-02-13,63260,1975.0,1985.5,1958.0,1985.0,0,0,2189900.0,4333054800.0,1.0,1975.0,1985.5,1958.0,1985.0,2189900.0
2023-02-14,63260,2003.5,2006.5,1991.5,2003.5,0,0,3402500.0,6801913750.0,1.0,2003.5,2006.5,1991.5,2003.5,3402500.0
2023-02-15,63260,2063.5,2104.0,2022.5,2025.5,0,0,6069000.0,12499922850.0,1.0,2063.5,2104.0,2022.5,2025.5,6069000.0
2023-02-16,63260,2056.5,2076.0,2047.5,2075.0,0,0,3390500.0,7003835950.0,1.0,2056.5,2076.0,2047.5,2075.0,3390500.0
2023-02-17,63260,2064.0,2070.5,2043.5,2047.0,0,0,1840900.0,3779525450.0,1.0,2064.0,2070.5,2043.5,2047.0,1840900.0
2023-02-20,63260,2063.0,2087.0,2049.0,2086.0,0,0,2708000.0,5624571250.0,1.0,2063.0,2087.0,2049.0,2086.0,2708000.0
2023-02-21,63260,2088.0,2099.5,2071.0,2088.0,0,0,2610800.0,5454094000.0,1.0,2088.0,2099.5,2071.0,2088.0,2610800.0
2023-02-22,63260,2052.0,2058.5,2028.5,2030.0,0,0,2254000.0,4591859650.0,1.0,2052.0,2058.5,2028.5,2030.0,2254000.0
2023-02-24,63260,2037.5,2047.5,2027.0,2040.0,0,0,2108800.0,4300702000.0,1.0,2037.5,2047.5,2027.0,2040.0,2108800.0
2023-02-27,63260,2034.0,2054.5,2030.5,2053.0,0,0,1525800.0,3122821900.0,1.0,2034.0,2054.5,2030.5,2053.0,1525800.0
2023-02-28,63260,2053.0,2063.0,2042.0,2055.5,0,0,3164400.0,6501502850.0,1.0,2053.0,2063.0,2042.0,2055.5,3164400.0
2023-03-01,63260,2056.5,2060.5,2035.0,2056.0,0,0,1842900.0,3782347900.0,1.0,2056.5,2060.5,2035.0,2056.0,1842900.0
2023-03-02,63260,2064.0,2072.0,2045.5,2051.0,0,0,1908600.0,3917972650.0,1.0,2064.0,2072.0,2045.5,2051.0,1908600.0
2023-03-03,63260,2052.0,2076.0,2046.5,2076.0,0,0,2902200.0,6004924850.0,1.0,2052.0,2076.0,2046.5,2076.0,2902200.0
2023-03-06,63260,2095.0,2116.5,2089.0,2114.0,0,0,3108400.0,6554655450.0,1.0,2095.0,2116.5,2089.0,2114.0,3108400.0
2023-03-07,63260,2106.0,2121.0,2104.0,2116.5,0,0,2520000.0,5331425950.0,1.0,2106.0,2121.0,2104.0,2116.5,2520000.0
2023-03-08,63260,2100.0,2118.0,2096.0,2116.0,0,0,2276900.0,4809208850.0,1.0,2100.0,2118.0,2096.0,2116.0,2276900.0
2023-03-09,63260,2130.0,2144.0,2128.0,2135.0,0,0,2389800.0,5102992400.0,1.0,2130.0,2144.0,2128.0,2135.0,2389800.0
2023-03-10,63260,2128.5,2132.0,2096.0,2100.5,0,0,4004000.0,8472537950.0,1.0,2128.5,2132.0,2096.0,2100.5,4004000.0
2023-03-13,63260,2058.0,2069.5,2039.5,2059.5,0,0,2524400.0,5183196000.0,1.0,2058.0,2069.5,2039.5,2059.5,2524400.0
2023-03-14,63260,2022.5,2024.5,1960.0,1980.0,0,0,3438700.0,6818859450.0,1.0,2022.5,2024.5,1960.0,1980.0,3438700.0
2023-03-15,63260,1997.5,2003.0,1971.5,1990.0,0,0,2336300.0,4645170900.0,1.0,1997.5,2003.0,1971.5,1990.0,2336300.0
2023-03-16,63260,1913.5,1939.5,1907.0,1933.0,0,0,3273900.0,6307882550.0,1.0,1913.5,1939.5,1907.0,1933.0,3273900.0
2023-03-17,63260,1935.0,1952.5,1923.0,1930.0,0,0,3666400.0,7083453450.0,1.0,1935.0,1952.5,1923.0,1930.0,3666400.0
2023-03-20,63260,1919.0,1940.5,1917.0,1920.5,0,0,3193100.0,6148254050.0,1.0,1919.0,1940.5,1917.0,1920.5,3193100.0
2023-03-22,63260,1952.0,1968.5,1942.5,1959.5,0,0,3102200.0,6076302900.0,1.0,1952.0,1968.5,1942.5,1959.5,3102200.0
2023-03-23,63260,1933.0,1945.0,1924.0,1938.5,0,0,2422500.0,4691522100.0,1.0,1933.0,1945.0,1924.0,1938.5,2422500.0
2023-03-24,63260,1930.0,1933.0,1909.5,1910.0,0,0,2475200.0,4739637300.0,1.0,1930.0,1933.0,1909.5,1910.0,2475200.0
2023-03-27,63260,1909.0,1916.5,1899.0,1913.0,0,0,3076500.0,5877324300.0,1.0,1909.0,1916.5,1899.0,1913.0,3076500.0
2023-03-28,63260,1911.0,1920.0,1897.0,1900.0,0,0,2816900.0,5366199350.0,1.0,1911.0,1920.0,1897.0,1900.0,2816900.0
2023-03-29,63260,1905.0,1940.5,1894.0,1940.5,0,0,4101900.0,7900573900.0,1.0,1905.0,1940.5,1894.0,1940.5,4101900.0
2023-03-30,63260,1950.0,1973.0,1947.0,1972.0,0,0,2611100.0,5135429800.0,1.0,1950.0,1973.0,1947.0,1972.0,2611100.0
2023-03-31,63260,1995.0,2005.5,1986.5,1999.0,0,0,3642500.0,7279113500.0,1.0,1995.0,2005.5,1986.5,1999.0,3642500.0
2023-04-03,63260,2025.5,2026.5,2001.0,2013.5,0,0,3183300.0,6406295850.0,1.0,2025.5,2026.5,2001.0,2013.5,3183300.0
2023-04-04,63260,2009.5,2020.5,1996.0,2018.0,0,0,3162400.0,6371309250.0,1.0,2009.5,2020.5,1996.0,2018.0,3162400.0
2023-04-05,63260,1985.5,1992.5,1948.5,1954.0,0,0,3395200.0,6676692100.0,1.0,1985.5,1992.5,1948.5,1954.0,3395200.0
2023-04-06,63260,1914.5,1923.5,1884.0,1885.0,0,0,4686200.0,8884026200.0,1.0,1914.5,1923.5,1884.0,1885.0,4686200.0
2023-04-07,63260,1880.0,1891.0,1877.0,1877.5,0,0,2247800.0,4226546250.0,1.0,1880.0,1891.0,1877.0,1877.5,2247800.0
2023-04-10,63260,1895.5,1912.0,1880.5,1891.5,0,0,2060700.0,3899451500.0,1.0,1895.5,1912.0,1880.5,1891.5,2060700.0
2023-04-11,63260,1907.0,1912.0,1892.0,1908.0,0,0,2690400.0,5126695950.0,1.0,1907.0,1912.0,1892.0,1908.0,2690400.0
2023-04-12,63260,1916.0,1962.0,1915.0,1954.0,0,0,3566200.0,6950789400.0,1.0,1916.0,1962.0,1915.0,1954.0,3566200.0
2023-04-13,63260,1948.0,1951.5,1935.0,1940.5,0,0,2169400.0,4211898150.0,1.0,1948.0,1951.5,1935.0,1940.5,2169400.0
2023-04-14,63260,1932.5,1958.5,1920.5,1951.0,0,0,2932600.0,5707342850.0,1.0,1932.5,1958.5,1920.5,1951.0,2932600.0
2023-04-17,63260,1969.0,1973.0,1959.0,1967.0,0,0,1716100.0,3374408300.0,1.0,1969.0,1973.0,1959.0,1967.0,1716100.0
2023-04-18,63260,1986.0,1988.0,1973.5,1977.5,0,0,1784500.0,3533613300.0,1.0,1986.0,1988.0,1973.5,1977.5,1784500.0
2023-04-19,63260,1960.0,1973.5,1954.0,1972.0,0,0,2376000.0,4670511650.0,1.0,1960.0,1973.5,1954.0,1972.0,2376000.0
2023-04-20,63260,1997.0,2019.5,1987.5,2000.5,0,0,4147200.0,8307098150.0,1.0,1997.0,2019.5,1987.5,2000.5,4147200.0
2023-04-21,63260,1990.5,2005.5,1983.5,2002.5,0,0,2336900.0,4670087250.0,1.0,1990.5,2005.5,1983.5,2002.5,2336900.0
2023-04-24,63260,2008.0,2015.5,1996.0,2009.5,0,0,1628900.0,3271389800.0,1.0,2008.0,2015.5,1996.0,2009.5,1628900.0
2023-04-25,63260,2028.5,2058.0,2025.5,2042.0,0,0,3123300.0,6376238050.0,1.0,2028.5,2058.0,2025.5,2042.0,3123300.0
2023-04-26,63260,2029.5,2030.5,1990.0,1990.0,0,0,3936800.0,7883652250.0,1.0,2029.5,2030.5,1990.0,1990.0,3936800.0
2023-04-27,63260,1988.0,1998.0,1985.0,1997.5,0,0,3443000.0,6865031550.0,1.0,1988.0,1998.0,1985.0,1997.5,3443000.0
2023-04-28,63260,2027.0,2048.0,2019.0,2048.0,0,0,3265700.0,6658846100.0,1.0,2027.0,2048.0,2019.0,2048.0,3265700.0
2023-05-01,63260,2072.0,2087.0,2069.5,2082.0,0,0,2242600.0,4663774600.0,1.0,2072.0,2087.0,2069.5,2082.0,2242600.0
2023-05-02,63260,2080.0,2082.5,2056.0,2078.5,0,0,2442300.0,5066341550.0,1.0,2080.0,2082.5,2056.0,2078.5,2442300.0
2023-05-08,63260,2063.5,2076.0,2048.0,2076.0,0,0,2967100.0,6136086550.0,1.0,2063.5,2076.0,2048.0,2076.0,2967100.0
2023-05-09,63260,2096.0,2128.5,2087.0,2121.5,0,0,3328200.0,7040098850.0,1.0,2096.0,2128.5,2087.0,2121.5,3328200.0
2023-05-10,63260,2105.5,2109.5,2090.0,2106.0,0,0,2728200.0,5733813000.0,1.0,2105.5,2109.5,2090.0,2106.0,2728200.0
2023-05-11,63260,2114.5,2114.5,2090.0,2097.5,0,0,2207500.0,4634799000.0,1.0,2114.5,2114.5,2090.0,2097.5,2207500.0
2023-05-12,63260,2047.5,2062.0,2028.5,2045.0,0,0,5595600.0,11449729700.0,1.0,2047.5,2062.0,2028.5,2045.0,5595600.0
2023-05-15,63260,1942.0,1989.5,1932.5,1972.0,0,0,8713000.0,17130981350.0,1.0,1942.0,1989.5,1932.5,1972.0,8713000.0
2023-05-16,63260,1995.0,2000.0,1974.5,1985.0,0,0,4244300.0,8429161200.0,1.0,1995.0,2000.0,1974.5,1985.0,4244300.0
2023-05-17,63260,1985.0,1989.0,1967.0,1972.0,0,0,3570500.0,7052340650.0,1.0,1985.0,1989.0,1967.0,1972.0,3570500.0
2023-05-18,63260,1994.0,2004.0,1985.0,2000.0,0,0,3562500.0,7115204800.0,1.0,1994.0,2004.0,1985.0,2000.0,3562500.0
2023-05-19,63260,2019.5,2024.5,2011.0,2020.0,0,0,3286600.0,6634862150.0,1.0,2019.5,2024.5,2011.0,2020.0,3286600.0
2023-05-22,63260,2002.5,2039.0,2002.5,2035.5,0,0,3341500.0,6763683200.0,1.0,2002.5,2039.0,2002.5,2035.5,3341500.0
2023-05-23,63260,2045.0,2069.0,2020.0,2038.0,0,0,3970200.0,8116291950.0,1.0,2045.0,2069.0,2020.0,2038.0,3970200.0
2023-05-24,63260,2031.0,2039.0,2016.5,2033.0,0,0,2741200.0,5564245000.0,1.0,2031.0,2039.0,2016.5,2033.0,2741200.0
2023-05-25,63260,2007.5,2030.0,1999.0,2022.0,0,0,3324400.0,6709271250.0,1.0,2007.5,2030.0,1999.0,2022.0,3324400.0
2023-05-26,63260,2024.5,2034.5,1990.0,1990.0,0,0,3772900.0,7573901750.0,1.0,2024.5,2034.5,1990.0,1990.0,3772900.0
2023-05-29,63260,2020.0,2026.0,2000.0,2000.0,0,0,2972200.0,5973379400.0,1.0,2020.0,2026.0,2000.0,2000.0,2972200.0
2023-05-30,63260,1974.5,1990.5,1963.5,1987.0,0,0,3525100.0,6974315050.0,1.0,1974.5,1990.5,1963.5,1987.0,3525100.0
2023-05-31,63260,1969.0,1973.0,1921.0,1927.0,0,0,9946000.0,19252816500.0,1.0,1969.0,1973.0,1921.0,1927.0,9946000.0
2023-06-01,63260,1917.0,1941.0,1910.0,1930.0,0,0,4242700.0,8177655450.0,1.0,1917.0,1941.0,1910.0,1930.0,4242700.0
2023-06-02,63260,1940.0,1986.5,1940.0,1985.5,0,0,3912800.0,7715365300.0,1.0,1940.0,1986.5,1940.0,1985.5,3912800.0
2023-06-05,63260,2021.5,2041.5,2020.0,2034.0,0,0,5122600.0,10409772000.0,1.0,2021.5,2041.5,2020.0,2034.0,5122600.0
2023-06-06,63260,2020.5,2039.5,2012.5,2039.5,0,0,4082900.0,8288112450.0,1.0,2020.5,2039.5,2012.5,2039.5,4082900.0
2023-06-07,63260,2032.5,2042.0,1990.0,1995.0,0,0,7172400.0,14406872000.0,1.0,2032.5,2042.0,1990.0,1995.0,7172400.0
2023-06-08,63260,2010.0,2033.0,1988.5,1993.0,0,0,5433200.0,10896084100.0,1.0,2010.0,2033.0,1988.5,1993.0,5433200.0
2023-06-09,63260,1995.0,2013.5,1993.5,2007.0,0,0,5163400.0,10341778850.0,1.0,1995.0,2013.5,1993.5,2007.0,5163400.0
2023-06-12,63260,1993.0,2042.5,1992.5,2029.5,0,0,4856800.0,9825292550.0,1.0,1993.0,2042.5,1992.5,2029.5,4856800.0
2023-06-13,63260,2037.5,2078.5,2034.0,2067.0,0,0,6557400.0,13522767150.0,1.0,2037.5,2078.5,2034.0,2067.0,6557400.0
2023-06-14,63260,2090.0,2145.0,2088.0,2138.0,0,0,7630700.0,16234866900.0,1.0,2090.0,2145.0,2088.0,2138.0,7630700.0
2023-06-15,63260,2186.0,2227.0,2176.5,2204.0,0,0,8189300.0,18053886600.0,1.0,2186.0,2227.0,2176.5,2204.0,8189300.0
2023-06-16,63260,2191.0,2200.5,2172.0,2196.0,0,0,7255700.0,15904377850.0,1.0,2191.0,2200.5,2172.0,2196.0,7255700.0
2023-06-19,63260,2209.5,2212.5,2150.0,2165.0,0,0,4226700.0,9170780150.0,1.0,2209.5,2212.5,2150.0,2165.0,4226700.0
2023-06-20,63260,2150.0,2151.5,2121.5,2141.0,0,0,3907700.0,8351977450.0,1.0,2150.0,2151.5,2121.5,2141.0,3907700.0
2023-06-21,63260,2109.5,2139.5,2107.0,2135.5,0,0,3112900.0,6622660750.0,1.0,2109.5,2139.5,2107.0,2135.5,3112900.0
2023-06-22,63260,2121.0,2156.0,2120.0,2149.0,0,0,3533700.0,7584399750.0,1.0,2121.0,2156.0,2120.0,2149.0,3533700.0
2023-06-23,63260,2168.0,2168.5,2104.5,2116.0,0,0,3792600.0,8067750200.0,1.0,2168.0,2168.5,2104.5,2116.0,3792600.0
2023-06-26,63260,2101.0,2125.0,2082.5,2108.0,0,0,3356200.0,7067385800.0,1.0,2101.0,2125.0,2082.5,2108.0,3356200.0
2023-06-27,63260,2108.5,2111.5,2057.0,2074.0,0,0,4739200.0,9840447000.0,1.0,2108.5,2111.5,2057.0,2074.0,4739200.0
2023-06-28,63260,2099.5,2145.5,2093.0,2145.5,0,0,5872000.0,12451156650.0,1.0,2099.5,2145.5,2093.0,2145.5,5872000.0
2023-06-29,63260,2121.0,2134.0,2111.0,2123.0,0,0,3382000.0,7180960950.0,1.0,2121.0,2134.0,2111.0,2123.0,3382000.0
2023-06-30,63260,2114.0,2119.5,2085.0,2099.0,0,0,4873400.0,10218188450.0,1.0,2114.0,2119.5,2085.0,2099.0,4873400.0
2023-07-03,63260,2108.5,2146.5,2108.5,2132.0,0,0,3613500.0,7697892150.0,1.0,2108.5,2146.5,2108.5,2132.0,3613500.0
2023-07-04,63260,2120.0,2120.0,2094.0,2107.0,0,0,2963800.0,6242816950.0,1.0,2120.0,2120.0,2094.0,2107.0,2963800.0
2023-07-05,63260,2094.0,2102.0,2082.0,2101.5,0,0,2997400.0,6280953950.0,1.0,2094.0,2102.0,2082.0,2101.5,2997400.0
2023-07-06,63260,2076.0,2078.5,2037.5,2043.0,0,0,3850600.0,7900540350.0,1.0,2076.0,2078.5,2037.5,2043.0,3850600.0
2023-07-07,63260,2018.5,2028.5,1994.5,2011.5,0,0,5186800.0,10448521750.0,1.0,2018.5,2028.5,1994.5,2011.5,5186800.0
2023-07-10,63260,2030.0,2047.5,2016.5,2024.0,0,0,4235300.0,8604056450.0,1.0,2030.0,2047.5,2016.5,2024.0,4235300.0
2023-07-11,63260,2038.5,2057.0,2032.0,2044.0,0,0,3641300.0,7442474850.0,1.0,2038.5,2057.0,2032.0,2044.0,3641300.0
2023-07-12,63260,2046.0,2046.5,2001.0,2020.5,0,0,3462900.0,7001355000.0,1.0,2046.0,2046.5,2001.0,2020.5,3462900.0
2023-07-13,63260,2023.0,2040.5,2008.0,2035.0,0,0,3568600.0,7246176600.0,1.0,2023.0,2040.5,2008.0,2035.0,3568600.0
2023-07-14,63260,2029.5,2055.0,1997.0,2041.0,0,0,4560700.0,9245231650.0,1.0,2029.5,2055.0,1997.0,2041.0,4560700.0
2023-07-18,63260,2036.5,2056.0,2030.0,2043.5,0,0,2978400.0,6083062000.0,1.0,2036.5,2056.0,2030.0,2043.5,2978400.0
2023-07-19,63260,2056.5,2062.0,2021.0,2041.5,0,0,6265300.0,12799113600.0,1.0,2056.5,2062.0,2021.0,2041.5,6265300.0
2023-07-20,63260,2050.0,2073.5,2028.5,2028.5,0,0,6177300.0,12627732350.0,1.0,2050.0,2073.5,2028.5,2028.5,6177300.0
2023-07-21,63260,2053.5,2070.5,2028.5,2056.0,0,0,3708700.0,7615122150.0,1.0,2053.5,2070.5,2028.5,2056.0,3708700.0
2023-07-24,63260,2068.0,2097.0,2067.5,2092.0,0,0,2989600.0,6244467600.0,1.0,2068.0,2097.0,2067.5,2092.0,2989600.0
2023-07-25,63260,2101.5,2122.5,2096.5,2115.5,0,0,3110500.0,6564266450.0,1.0,2101.5,2122.5,2096.5,2115.5,3110500.0
2023-07-26,63260,2118.0,2143.0,2101.0,2127.0,0,0,3742400.0,7958445350.0,1.0,2118.0,2143.0,2101.0,2127.0,3742400.0
2023-07-27,63260,2095.0,2106.5,2078.5,2106.5,0,0,4171700.0,8750030800.0,1.0,2095.0,2106.5,2078.5,2106.5,4171700.0
2023-07-28,63260,2082.5,2154.5,2079.0,2146.5,0,0,6866400.0,14607656300.0,1.0,2082.5,2154.5,2079.0,2146.5,6866400.0
2023-07-31,63260,2160.0,2162.0,2131.0,2144.5,0,0,4222700.0,9053604100.0,1.0,2160.0,2162.0,2131.0,2144.5,4222700.0
2023-08-01,63260,2155.0,2188.0,2148.5,2180.0,0,0,3166600.0,6879480250.0,1.0,2155.0,2188.0,2148.5,2180.0,3166600.0
2023-08-02,63260,2175.0,2208.5,2168.0,2177.0,0,0,4225400.0,9236213950.0,1.0,2175.0,2208.5,2168.0,2177.0,4225400.0
2023-08-03,63260,2156.0,2156.0,2113.0,2131.5,0,0,4500000.0,9590208500.0,1.0,2156.0,2156.0,2113.0,2131.5,4500000.0
2023-08-04,63260,2115.0,2136.0,2101.0,2136.0,0,0,3850000.0,8168613100.0,1.0,2115.0,2136.0,2101.0,2136.0,3850000.0
2023-08-07,63260,2166.0,2192.5,2125.5,2184.0,0,0,9087700.0,19650186200.0,1.0,2166.0,2192.5,2125.5,2184.0,9087700.0
2023-08-08,63260,2208.5,2268.5,2205.0,2263.5,0,0,6837200.0,15367901200.0,1.0,2208.5,2268.5,2205.0,2263.5,6837200.0
2023-08-09,63260,2255.0,2257.0,2212.5,2230.5,0,0,4087100.0,9111937400.0,1.0,2255.0,2257.0,2212.5,2230.5,4087100.0
2023-08-10,63260,2224.0,2255.0,2205.5,2251.5,0,0,3571000.0,7989990000.0,1.0,2224.0,2255.0,2205.5,2251.5,3571000.0
2023-08-14,63260,2233.5,2234.5,2167.5,2175.0,0,0,3727000.0,8164994750.0,1.0,2233.5,2234.5,2167.5,2175.0,3727000.0
2023-08-15,63260,2198.5,2201.0,2178.5,2194.5,0,0,2365600.0,5185425550.0,1.0,2198.5,2201.0,2178.5,2194.5,2365600.0
2023-08-16,63260,2170.0,2179.0,2157.0,2157.5,0,0,2835100.0,6139534400.0,1.0,2170.0,2179.0,2157.0,2157.5,2835100.0
2023-08-17,63260,2130.0,2132.5,2087.0,2120.0,0,0,3487500.0,7373648350.0,1.0,2130.0,2132.5,2087.0,2120.0,3487500.0
2023-08-18,63260,2126.0,2158.5,2115.5,2127.5,0,0,3167800.0,6753282450.0,1.0,2126.0,2158.5,2115.5,2127.5,3167800.0
2023-08-21,63260,2128.0,2195.5,2116.5,2159.5,0,0,4432300.0,9591737200.0,1.0,2128.0,2195.5,2116.5,2159.5,4432300.0
2023-08-22,63260,2179.5,2184.5,2142.0,2162.0,0,0,2799300.0,6044665650.0,1.0,2179.5,2184.5,2142.0,2162.0,2799300.0
2023-08-23,63260,2156.5,2177.0,2145.5,2175.5,0,0,1830500.0,3964800850.0,1.0,2156.5,2177.0,2145.5,2175.5,1830500.0
2023-08-24,63260,2172.0,2187.5,2155.0,2183.0,0,0,2342700.0,5102654300.0,1.0,2172.0,2187.5,2155.0,2183.0,2342700.0
2023-08-25,63260,2156.5,2165.5,2145.5,2147.0,0,0,2861100.0,6155953100.0,1.0,2156.5,2165.5,2145.5,2147.0,2861100.0
2023-08-28,63260,2171.0,2227.0,2171.0,2215.0,0,0,3388800.0,7478298700.0,1.0,2171.0,2227.0,2171.0,2215.0,3388800.0
2023-08-29,63260,2242.0,2243.0,2223.5,2236.5,0,0,2446300.0,5473519150.0,1.0,2242.0,2243.0,2223.5,2236.5,2446300.0
2023-08-30,63260,2305.0,2310.0,2269.0,2280.0,0,0,5142100.0,11751596100.0,1.0,2305.0,2310.0,2269.0,2280.0,5142100.0
2023-08-31,63260,2290.0,2346.0,2288.5,2335.0,0,0,6466500.0,15060542900.0,1.0,2290.0,2346.0,2288.5,2335.0,6466500.0
2023-09-01,63260,2355.0,2366.0,2341.5,2360.5,0,0,4576300.0,10779454550.0,1.0,2355.0,2366.0,2341.5,2360.5,4576300.0
2023-09-04,63260,2364.0,2388.0,2347.0,2387.5,0,0,3579200.0,8492488650.0,1.0,2364.0,2388.0,2347.0,2387.5,3579200.0
2023-09-05,63260,2390.0,2390.5,2360.0,2385.0,0,0,3470900.0,8257307600.0,1.0,2390.0,2390.5,2360.0,2385.0,3470900.0
2023-09-06,63260,2370.5,2390.5,2362.5,2383.5,0,0,2856100.0,6793608250.0,1.0,2370.5,2390.5,2362.5,2383.5,2856100.0
2023-09-07,63260,2390.0,2404.0,2372.5,2397.0,0,0,3274700.0,7846832300.0,1.0,2390.0,2404.0,2372.5,2397.0,3274700.0
2023-09-08,63260,2375.0,2384.5,2331.5,2341.5,0,0,4171000.0,9840018050.0,1.0,2375.0,2384.5,2331.5,2341.5,4171000.0
2023-09-11,63260,2346.5,2352.5,2323.0,2344.5,0,0,2689900.0,6297533250.0,1.0,2346.5,2352.5,2323.0,2344.5,2689900.0
2023-09-12,63260,2358.5,2379.0,2339.5,2367.5,0,0,2632000.0,6209878600.0,1.0,2358.5,2379.0,2339.5,2367.5,2632000.0
2023-09-13,63260,2384.5,2400.5,2369.5,2380.0,0,0,3589000.0,8554225900.0,1.0,2384.5,2400.5,2369.5,2380.0,3589000.0
2023-09-14,63260,2362.0,2371.5,2334.5,2342.0,0,0,7457900.0,17495891650.0,1.0,2362.0,2371.5,2334.5,2342.0,7457900.0
2023-09-15,63260,2378.0,2403.0,2368.5,2382.5,0,0,6189300.0,14769865250.0,1.0,2378.0,2403.0,2368.5,2382.5,6189300.0
2023-09-19,63260,2392.0,2405.5,2382.0,2405.5,0,0,3457500.0,8285363300.0,1.0,2392.0,2405.5,2382.0,2405.5,3457500.0
2023-09-20,63260,2400.0,2421.0,2376.0,2384.5,0,0,3500400.0,8375361050.0,1.0,2400.0,2421.0,2376.0,2384.5,3500400.0
2023-09-21,63260,2386.5,2413.5,2369.0,2378.0,0,0,3149800.0,7523497650.0,1.0,2386.5,2413.5,2369.0,2378.0,3149800.0
2023-09-22,63260,2345.0,2345.0,2297.0,2316.5,0,0,3715700.0,8610789450.0,1.0,2345.0,2345.0,2297.0,2316.5,3715700.0
2023-09-25,63260,2334.5,2338.0,2312.5,2313.0,0,0,2812300.0,6523306000.0,1.0,2334.5,2338.0,2312.5,2313.0,2812300.0
2023-09-26,63260,2314.0,2319.0,2270.0,2270.0,0,0,3600300.0,8218889650.0,1.0,2314.0,2319.0,2270.0,2270.0,3600300.0
2023-09-27,63260,2252.0,2258.0,2225.5,2258.0,0,0,4720700.0,10606891550.0,1.0,2252.0,2258.0,2225.5,2258.0,4720700.0
2023-09-28,63260,2292.0,2297.5,2218.0,2233.5,0,0,4753800.0,10691961050.0,1.0,2292.0,2297.5,2218.0,2233.5,4753800.0
2023-09-29,63260,2250.5,2253.5,2186.0,2204.0,0,0,4063700.0,8971958650.0,1.0,2250.5,2253.5,2186.0,2204.0,4063700.0
2023-10-02,63260,2209.5,2244.0,2182.0,2182.0,0,0,3128800.0,6901609400.0,1.0,2209.5,2244.0,2182.0,2182.0,3128800.0
2023-10-03,63260,2185.0,2188.0,2123.0,2128.0,0,0,4393200.0,9399792800.0,1.0,2185.0,2188.0,2123.0,2128.0,4393200.0
2023-10-04,63260,2098.5,2099.0,2058.0,2073.0,0,0,4784000.0,9944246200.0,1.0,2098.5,2099.0,2058.0,2073.0,4784000.0
2023-10-05,63260,2094.0,2131.5,2080.0,2120.0,0,0,4058600.0,8567186000.0,1.0,2094.0,2131.5,2080.0,2120.0,4058600.0
2023-10-06,63260,2119.5,2147.0,2107.5,2131.5,0,0,3002700.0,6405120400.0,1.0,2119.5,2147.0,2107.5,2131.5,3002700.0
2023-10-10,63260,2174.0,2198.5,2167.5,2174.0,0,0,3268500.0,7122796200.0,1.0,2174.0,2198.5,2167.5,2174.0,3268500.0
2023-10-11,63260,2160.0,2169.5,2148.0,2150.5,0,0,3146100.0,6784420650.0,1.0,2160.0,2169.5,2148.0,2150.5,3146100.0
2023-10-12,63260,2159.5,2179.5,2159.5,2167.5,0,0,3420000.0,7419382000.0,1.0,2159.5,2179.5,2159.5,2167.5,3420000.0
2023-10-13,63260,2150.0,2175.5,2142.0,2151.5,0,0,4174700.0,8993347900.0,1.0,2150.0,2175.5,2142.0,2151.5,4174700.0
2023-10-16,63260,2130.0,2140.0,2106.0,2108.0,0,0,2853900.0,6041808150.0,1.0,2130.0,2140.0,2106.0,2108.0,2853900.0
2023-10-17,63260,2130.5,2145.0,2077.0,2078.5,0,0,4411100.0,9240375350.0,1.0,2130.5,2145.0,2077.0,2078.5,4411100.0
2023-10-18,63260,2082.5,2093.0,2054.5,2067.5,0,0,3442400.0,7124317650.0,1.0,2082.5,2093.0,2054.5,2067.5,3442400.0
2023-10-19,63260,2022.0,2044.5,2019.0,2032.5,0,0,3635900.0,7390068300.0,1.0,2022.0,2044.5,2019.0,2032.5,3635900.0
2023-10-20,63260,2017.0,2029.5,2014.5,2018.0,0,0,2684400.0,5427460550.0,1.0,2017.0,2029.5,2014.5,2018.0,2684400.0
2023-10-23,63260,2010.0,2013.5,1993.5,1996.0,0,0,2433800.0,4873246150.0,1.0,2010.0,2013.5,1993.5,1996.0,2433800.0
2023-10-24,63260,1999.0,2017.0,1969.5,2008.5,0,0,3755900.0,7495516850.0,1.0,1999.0,2017.0,1969.5,2008.5,3755900.0
2023-10-25,63260,2035.0,2044.0,2017.5,2030.5,0,0,3102800.0,6304475800.0,1.0,2035.0,2044.0,2017.5,2030.5,3102800.0
2023-10-26,63260,2015.0,2024.5,1996.5,2005.5,0,0,3557100.0,7142244450.0,1.0,2015.0,2024.5,1996.5,2005.5,3557100.0
2023-10-27,63260,2021.0,2028.0,2004.5,2015.0,0,0,4053700.0,8169231650.0,1.0,2021.0,2028.0,2004.5,2015.0,4053700.0
2023-10-30,63260,2000.0,2019.5,1991.5,2017.0,0,0,4840800.0,9720519250.0,1.0,2000.0,2019.5,1991.5,2017.0,4840800.0
2023-10-31,63260,2027.5,2033.0,1991.0,2014.0,0,0,6804500.0,13698122350.0,1.0,2027.5,2033.0,1991.0,2014.0,6804500.0
2023-11-01,63260,2048.0,2063.5,2042.5,2063.0,0,0,4750000.0,9767789600.0,1.0,2048.0,2063.5,2042.5,2063.0,4750000.0
2023-11-02,63260,2100.0,2111.5,2071.0,2076.0,0,0,2960300.0,6173665450.0,1.0,2100.0,2111.5,2071.0,2076.0,2960300.0
2023-11-06,63260,2126.0,2145.5,2101.0,2137.5,0,0,4231800.0,9019009900.0,1.0,2126.0,2145.5,2101.0,2137.5,4231800.0
2023-11-07,63260,2130.0,2132.0,2091.0,2093.0,0,0,3301300.0,6943366550.0,1.0,2130.0,2132.0,2091.0,2093.0,3301300.0
2023-11-08,63260,2093.0,2098.0,2019.0,2036.0,0,0,5380100.0,11006245300.0,1.0,2093.0,2098.0,2019.0,2036.0,5380100.0
2023-11-09,63260,1920.0,2039.5,1907.0,2027.5,0,0,10212000.0,20313350100.0,1.0,1920.0,2039.5,1907.0,2027.5,10212000.0
2023-11-10,63260,2023.0,2043.0,2006.0,2043.0,0,0,4376500.0,8868472850.0,1.0,2023.0,2043.0,2006.0,2043.0,4376500.0
2023-11-13,63260,2053.0,2061.5,2035.5,2060.5,0,0,2895700.0,5941444400.0,1.0,2053.0,2061.5,2035.5,2060.5,2895700.0
2023-11-14,63260,2070.0,2081.5,2047.5,2048.5,0,0,3367800.0,6947708450.0,1.0,2070.0,2081.5,2047.5,2048.5,3367800.0
2023-11-15,63260,2078.0,2099.5,2068.0,2096.0,0,0,4527400.0,9452975150.0,1.0,2078.0,2099.5,2068.0,2096.0,4527400.0
2023-11-16,63260,2101.0,2106.0,2075.0,2102.5,0,0,2721100.0,5703323650.0,1.0,2101.0,2106.0,2075.0,2102.5,2721100.0
2023-11-17,63260,2111.5,2149.5,2104.0,2143.5,0,0,5726000.0,12236784800.0,1.0,2111.5,2149.5,2104.0,2143.5,5726000.0
2023-11-20,63260,2158.5,2178.0,2129.5,2129.5,0,0,4412400.0,9486924950.0,1.0,2158.5,2178.0,2129.5,2129.5,4412400.0
2023-11-21,63260,2134.5,2156.5,2112.5,2140.5,0,0,4705400.0,10084443500.0,1.0,2134.5,2156.5,2112.5,2140.5,4705400.0
2023-11-22,63260,2130.5,2184.0,2128.0,2159.0,0,0,3805900.0,8227967600.0,1.0,2130.5,2184.0,2128.0,2159.0,3805900.0
2023-11-24,63260,2169.5,2170.0,2115.0,2116.0,0,0,4464400.0,9512948900.0,1.0,2169.5,2170.0,2115.0,2116.0,4464400.0
2023-11-27,63260,2131.5,2132.5,2093.5,2094.0,0,0,2845300.0,5988957650.0,1.0,2131.5,2132.5,2093.5,2094.0,2845300.0
2023-11-28,63260,2118.0,2118.0,2088.0,2094.0,0,0,3247000.0,6820555200.0,1.0,2118.0,2118.0,2088.0,2094.0,3247000.0
2023-11-29,63260,2093.0,2112.0,2086.0,2088.0,0,0,2448100.0,5130266800.0,1.0,2093.0,2112.0,2086.0,2088.0,2448100.0
2023-11-30,63260,2086.0,2121.5,2073.0,2119.0,0,0,8279800.0,17485979850.0,1.0,2086.0,2121.5,2073.0,2119.0,8279800.0
2023-12-01,63260,2135.0,2135.0,2105.5,2117.0,0,0,3088000.0,6538121600.0,1.0,2135.0,2135.0,2105.5,2117.0,3088000.0
2023-12-04,63260,2107.5,2112.5,2077.0,2088.0,0,0,2392400.0,5001399850.0,1.0,2107.5,2112.5,2077.0,2088.0,2392400.0
2023-12-05,63260,2103.0,2103.0,2076.0,2081.5,0,0,2963200.0,6185550350.0,1.0,2103.0,2103.0,2076.0,2081.5,2963200.0
2023-12-06,63260,2082.0,2124.0,2077.5,2120.0,0,0,2405400.0,5078556950.0,1.0,2082.0,2124.0,2077.5,2120.0,2405400.0
2023-12-07,63260,2107.0,2113.5,2061.0,2066.0,0,0,3877500.0,8057219100.0,1.0,2107.0,2113.5,2061.0,2066.0,3877500.0
2023-12-08,63260,2050.0,2051.5,1999.0,2002.5,0,0,5427100.0,10974316600.0,1.0,2050.0,2051.5,1999.0,2002.5,5427100.0
2023-12-11,63260,2038.0,2062.0,2032.5,2040.5,0,0,2610600.0,5339833350.0,1.0,2038.0,2062.0,2032.5,2040.5,2610600.0
2023-12-12,63260,2049.5,2054.0,2017.5,2017.5,0,0,2700900.0,5490916150.0,1.0,2049.5,2054.0,2017.5,2017.5,2700900.0
2023-12-13,63260,2022.5,2027.5,2011.5,2021.5,0,0,2726800.0,5507703850.0,1.0,2022.5,2027.5,2011.5,2021.5,2726800.0
2023-12-14,63260,2029.0,2029.0,1987.5,2004.5,0,0,3401800.0,6815316450.0,1.0,2029.0,2029.0,1987.5,2004.5,3401800.0
2023-12-15,63260,2027.0,2087.0,2016.0,2086.0,0,0,5608300.0,11613095000.0,1.0,2027.0,2087.0,2016.0,2086.0,5608300.0
2023-12-18,63260,2080.0,2080.5,2045.5,2080.5,0,0,3863700.0,7990628400.0,1.0,2080.0,2080.5,2045.5,2080.5,3863700.0
2023-12-19,63260,2059.0,2100.0,2048.5,2100.0,0,0,2812100.0,5860286800.0,1.0,2059.0,2100.0,2048.5,2100.0,2812100.0
2023-12-20,63260,2110.5,2135.5,2110.5,2125.5,0,0,3412700.0,7256545400.0,1.0,2110.5,2135.5,2110.5,2125.5,3412700.0
2023-12-21,63260,2094.0,2118.0,2087.5,2112.5,0,0,2388200.0,5037322150.0,1.0,2094.0,2118.0,2087.5,2112.5,2388200.0
2023-12-22,63260,2113.0,2125.5,2105.5,2107.0,0,0,2343700.0,4947976900.0,1.0,2113.0,2125.5,2105.5,2107.0,2343700.0
2023-12-25,63260,2120.0,2126.0,2113.5,2119.0,0,0,1494200.0,3167274450.0,1.0,2120.0,2126.0,2113.5,2119.0,1494200.0
2023-12-26,63260,2113.0,2117.5,2096.0,2105.5,0,0,2056900.0,4331746150.0,1.0,2113.0,2117.5,2096.0,2105.5,2056900.0
2023-12-27,63260,2115.0,2144.5,2115.0,2142.0,0,0,2860500.0,6108617950.0,1.0,2115.0,2144.5,2115.0,2142.0,2860500.0
2023-12-28,63260,2100.0,2121.0,2097.0,2121.0,0,0,1748600.0,3696218850.0,1.0,2100.0,2121.0,2097.0,2121.0,1748600.0
2023-12-29,63260,2125.5,2139.5,2112.0,2122.5,0,0,2183900.0,4635697050.0,1.0,2125.5,2139.5,2112.0,2122.5,2183900.0
2024-01-04,63260,2107.5,2145.0,2080.5,2145.0,0,0,2975900.0,6322377550.0,1.0,2107.5,2145.0,2080.5,2145.0,2975900.0
2024-01-05,63260,2160.0,2169.5,2141.0,2141.0,0,0,3738200.0,8049701600.0,1.0,2160.0,2169.5,2141.0,2141.0,3738200.0
2024-01-09,63260,2162.0,2168.0,2141.5,2158.5,0,0,3879000.0,8359915750.0,1.0,2162.0,2168.0,2141.5,2158.5,3879000.0
2024-01-10,63260,2150.0,2185.5,2147.5,2172.5,0,0,2751100.0,5977398200.0,1.0,2150.0,2185.5,2147.5,2172.5,2751100.0
2024-01-11,63260,2190.0,2204.5,2186.5,2197.5,0,0,3735600.0,8207548050.0,1.0,2190.0,2204.5,2186.5,2197.5,3735600.0
2024-01-12,63260,2216.0,2216.0,2169.5,2208.0,0,0,4861300.0,10673502750.0,1.0,2216.0,2216.0,2169.5,2208.0,4861300.0
2024-01-15,63260,2206.0,2217.5,2191.0,2216.0,0,0,3002100.0,6624660550.0,1.0,2206.0,2217.5,2191.0,2216.0,3002100.0
2024-01-16,63260,2205.0,2212.5,2185.0,2186.0,0,0,2398400.0,5260283550.0,1.0,2205.0,2212.5,2185.0,2186.0,2398400.0
2024-01-17,63260,2211.5,2236.0,2191.5,2195.0,0,0,3458000.0,7638867900.0,1.0,2211.5,2236.0,2191.5,2195.0,3458000.0
2024-01-18,63260,2168.0,2185.5,2154.5,2161.0,0,0,2843500.0,6159983350.0,1.0,2168.0,2185.5,2154.5,2161.0,2843500.0
2024-01-19,63260,2185.0,2185.0,2151.0,2161.5,0,0,3685400.0,7987704650.0,1.0,2185.0,2185.0,2151.0,2161.5,3685400.0
2024-01-22,63260,2180.0,2192.5,2161.5,2191.0,0,0,3204500.0,6989155750.0,1.0,2180.0,2192.5,2161.5,2191.0,3204500.0
2024-01-23,63260,2200.5,2223.0,2186.5,2204.5,0,0,3497800.0,7702400750.0,1.0,2200.5,2223.0,2186.5,2204.5,3497800.0
2024-01-24,63260,2180.0,2190.0,2176.5,2190.0,0,0,2595700.0,5672399200.0,1.0,2180.0,2190.0,2176.5,2190.0,2595700.0
2024-01-25,63260,2190.5,2227.0,2182.0,2220.0,0,0,3066500.0,6773921450.0,1.0,2190.5,2227.0,2182.0,2220.0,3066500.0
2024-01-26,63260,2207.0,2225.0,2181.5,2210.0,0,0,2795800.0,6179053400.0,1.0,2207.0,2225.0,2181.5,2210.0,2795800.0
2024-01-29,63260,2228.0,2242.5,2218.0,2231.5,0,0,3712500.0,8282346500.0,1.0,2228.0,2242.5,2218.0,2231.5,3712500.0
2024-01-30,63260,2235.0,2236.0,2208.0,2223.0,0,0,2546800.0,5664730100.0,1.0,2235.0,2236.0,2208.0,2223.0,2546800.0
2024-01-31,63260,2205.0,2258.5,2198.0,2252.5,0,0,4131600.0,9271798600.0,1.0,2205.0,2258.5,2198.0,2252.5,4131600.0
2024-02-01,63260,2236.5,2245.5,2211.5,2229.0,0,0,3115000.0,6933309050.0,1.0,2236.5,2245.5,2211.5,2229.0,3115000.0
2024-02-02,63260,2239.0,2258.0,2227.5,2251.0,0,0,2366100.0,5315036000.0,1.0,2239.0,2258.0,2227.5,2251.0,2366100.0
2024-02-05,63260,2288.0,2314.5,2276.0,2312.5,0,0,3193700.0,7343939100.0,1.0,2288.0,2314.5,2276.0,2312.5,3193700.0
2024-02-06,63260,2262.5,2265.5,2231.5,2241.5,0,0,3567300.0,8016951350.0,1.0,2262.5,2265.5,2231.5,2241.5,3567300.0
2024-02-07,63260,2222.0,2231.0,2199.0,2217.5,0,0,3917200.0,8678322100.0,1.0,2222.0,2231.0,2199.0,2217.5,3917200.0
2024-02-08,63260,2218.0,2231.0,2192.0,2212.5,0,0,3914300.0,8665043200.0,1.0,2218.0,2231.0,2192.0,2212.5,3914300.0
2024-02-09,63260,2199.0,2206.5,2151.5,2160.5,0,0,5041800.0,10955991000.0,1.0,2199.0,2206.5,2151.5,2160.5,5041800.0
2024-02-13,63260,2171.0,2196.0,2135.5,2185.5,0,0,6259600.0,13601078250.0,1.0,2171.0,2196.0,2135.5,2185.5,6259600.0
2024-02-14,63260,2145.5,2154.0,2115.0,2130.5,0,0,6274900.0,13362616450.0,1.0,2145.5,2154.0,2115.0,2130.5,6274900.0
2024-02-15,63260,2270.0,2291.5,2237.5,2267.0,0,0,9373200.0,21222870200.0,1.0,2270.0,2291.5,2237.5,2267.0,9373200.0
2024-02-16,63260,2255.5,2272.5,2207.0,2216.5,0,0,5347900.0,11903886050.0,1.0,2255.5,2272.5,2207.0,2216.5,5347900.0
2024-02-19,63260,2195.5,2199.5,2176.5,2182.5,0,0,3028000.0,6622137300.0,1.0,2195.5,2199.5,2176.5,2182.5,3028000.0
2024-02-20,63260,2210.5,2247.0,2200.5,2221.0,0,0,4105000.0,9125357400.0,1.0,2210.5,2247.0,2200.5,2221.0,4105000.0
2024-02-21,63260,2212.0,2233.5,2195.0,2199.0,0,0,3184200.0,7028170850.0,1.0,2212.0,2233.5,2195.0,2199.0,3184200.0
2024-02-22,63260,2200.0,2218.0,2172.5,2179.5,0,0,4563800.0,9997201900.0,1.0,2200.0,2218.0,2172.5,2179.5,4563800.0
2024-02-26,63260,2175.0,2192.0,2152.0,2159.0,0,0,5110200.0,11076285200.0,1.0,2175.0,2192.0,2152.0,2159.0,5110200.0
2024-02-27,63260,2167.0,2190.0,2159.5,2186.0,0,0,3597100.0,7841945950.0,1.0,2167.0,2190.0,2159.5,2186.0,3597100.0
2024-02-28,63260,2201.0,2224.0,2187.0,2207.0,0,0,3509100.0,7744947550.0,1.0,2201.0,2224.0,2187.0,2207.0,3509100.0
2024-02-29,63260,2200.0,2213.5,2168.0,2194.0,0,0,4399300.0,9634848450.0,1.0,2200.0,2213.5,2168.0,2194.0,4399300.0
2024-03-01,63260,2189.5,2226.0,2180.0,2225.0,0,0,2896300.0,6412295450.0,1.0,2189.5,2226.0,2180.0,2225.0,2896300.0
2024-03-04,63260,2219.5,2223.5,2197.0,2216.5,0,0,3033800.0,6705763400.0,1.0,2219.5,2223.5,2197.0,2216.5,3033800.0
2024-03-05,63260,2228.0,2242.0,2214.0,2230.0,0,0,3690000.0,8226850900.0,1.0,2228.0,2242.0,2214.0,2230.0,3690000.0
2024-03-06,63260,2212.5,2259.5,2205.0,2257.5,0,0,4353100.0,9786081750.0,1.0,2212.5,2259.5,2205.0,2257.5,4353100.0
2024-03-07,63260,2282.5,2287.5,2235.0,2237.0,0,0,3776800.0,8519912800.0,1.0,2282.5,2287.5,2235.0,2237.0,3776800.0
2024-03-08,63260,2222.0,2254.5,2199.0,2247.5,0,0,3734000.0,8338349950.0,1.0,2222.0,2254.5,2199.0,2247.5,3734000.0
2024-03-11,63260,2209.0,2213.0,2160.0,2194.5,0,0,4430900.0,9670886850.0,1.0,2209.0,2213.0,2160.0,2194.5,4430900.0
2024-03-12,63260,2179.0,2189.0,2154.5,2185.5,0,0,3085300.0,6710599350.0,1.0,2179.0,2189.0,2154.5,2185.5,3085300.0
2024-03-13,63260,2201.5,2218.0,2153.5,2159.0,0,0,2978100.0,6477702900.0,1.0,2201.5,2218.0,2153.5,2159.0,2978100.0
2024-03-14,63260,2180.5,2209.0,2170.5,2208.5,0,0,3391600.0,7440856200.0,1.0,2180.5,2209.0,2170.5,2208.5,3391600.0
2024-03-15,63260,2222.0,2267.5,2191.0,2213.0,0,0,9200400.0,20387219600.0,1.0,2222.0,2267.5,2191.0,2213.0,9200400.0
2024-03-18,63260,2244.0,2283.5,2240.0,2272.0,0,0,3910400.0,8882348950.0,1.0,2244.0,2283.5,2240.0,2272.0,3910400.0
2024-03-19,63260,2273.5,2313.0,2272.0,2310.0,0,0,3559900.0,8183376500.0,1.0,2273.5,2313.0,2272.0,2310.0,3559900.0
2024-03-21,63260,2333.0,2367.0,2328.0,2361.5,0,0,3862900.0,9087006100.0,1.0,2333.0,2367.0,2328.0,2361.5,3862900.0
2024-03-22,63260,2380.0,2443.0,2375.0,2412.0,0,0,6736100.0,16272822250.0,1.0,2380.0,2443.0,2375.0,2412.0,6736100.0
2024-03-25,63260,2404.5,2404.5,2320.5,2323.0,0,0,3060400.0,7177801900.0,1.0,2404.5,2404.5,2320.5,2323.0,3060400.0
2024-03-26,63260,2310.0,2346.5,2305.5,2338.5,0,0,2834800.0,6614749500.0,1.0,2310.0,2346.5,2305.5,2338.5,2834800.0
2024-03-27,63260,2357.0,2376.0,2342.0,2369.5,0,0,3306300.0,7828643350.0,1.0,2357.0,2376.0,2342.0,2369.5,3306300.0
2024-03-28,63260,2354.5,2407.5,2350.0,2366.5,0,0,3070300.0,7302299200.0,1.0,2354.5,2407.5,2350.0,2366.5,3070300.0
2024-03-29,63260,2392.5,2409.5,2373.5,2384.0,0,0,2718600.0,6489068950.0,1.0,2392.5,2409.5,2373.5,2384.0,2718600.0
2024-04-01,63260,2402.5,2409.5,2352.5,2385.0,0,0,2768200.0,6591745950.0,1.0,2402.5,2409.5,2352.5,2385.0,2768200.0
2024-04-02,63260,2383.0,2399.0,2352.0,2361.5,0,0,2460900.0,5830648250.0,1.0,2383.0,2399.0,2352.0,2361.5,2460900.0
2024-04-03,63260,2411.5,2434.0,2377.5,2418.5,0,0,4324900.0,10445644900.0,1.0,2411.5,2434.0,2377.5,2418.5,4324900.0
2024-04-04,63260,2440.0,2499.0,2429.5,2475.0,0,0,3596300.0,8894213300.0,1.0,2440.0,2499.0,2429.5,2475.0,3596300.0
2024-04-05,63260,2461.5,2499.5,2445.0,2482.0,0,0,5047800.0,12492876850.0,1.0,2461.5,2499.5,2445.0,2482.0,5047800.0
2024-04-08,63260,2525.0,2547.0,2511.5,2517.0,0,0,3962700.0,10000853350.0,1.0,2525.0,2547.0,2511.5,2517.0,3962700.0
2024-04-09,63260,2540.0,2560.0,2527.0,2557.0,0,0,3204800.0,8168351600.0,1.0,2540.0,2560.0,2527.0,2557.0,3204800.0
2024-04-10,63260,2541.0,2562.0,2530.0,2558.0,0,0,2387400.0,6091275850.0,1.0,2541.0,2562.0,2530.0,2558.0,2387400.0
2024-04-11,63260,2513.0,2551.5,2510.0,2527.5,0,0,3530700.0,8932973250.0,1.0,2513.0,2551.5,2510.0,2527.5,3530700.0
2024-04-12,63260,2539.0,2565.0,2535.5,2541.5,0,0,3124900.0,7952692700.0,1.0,2539.0,2565.0,2535.5,2541.5,3124900.0
2024-04-15,63260,2541.0,2563.0,2519.0,2551.5,0,0,2329300.0,5929161900.0,1.0,2541.0,2563.0,2519.0,2551.5,2329300.0
2024-04-16,63260,2520.5,2523.5,2439.0,2450.5,0,0,3698600.0,9119239200.0,1.0,2520.5,2523.5,2439.0,2450.5,3698600.0
2024-04-17,63260,2475.5,2475.5,2423.5,2445.5,0,0,2551800.0,6246545750.0,1.0,2475.5,2475.5,2423.5,2445.5,2551800.0
2024-04-18,63260,2465.0,2480.0,2424.0,2424.0,0,0,3429300.0,8375092800.0,1.0,2465.0,2480.0,2424.0,2424.0,3429300.0
2024-04-19,63260,2390.5,2413.5,2363.5,2390.5,0,0,3038500.0,7265347700.0,1.0,2390.5,2413.5,2363.5,2390.5,3038500.0
2024-04-22,63260,2423.0,2432.5,2395.5,2417.5,0,0,2370500.0,5727447450.0,1.0,2423.0,2432.5,2395.5,2417.5,2370500.0
2024-04-23,63260,2432.5,2462.5,2432.0,2442.5,0,0,3057500.0,7476111050.0,1.0,2432.5,2462.5,2432.0,2442.5,3057500.0
2024-04-24,63260,2483.5,2508.0,2473.0,2507.0,0,0,3484900.0,8702305200.0,1.0,2483.5,2508.0,2473.0,2507.0,3484900.0
2024-04-25,63260,2515.0,2516.0,2431.0,2431.0,0,0,3471300.0,8528238450.0,1.0,2515.0,2516.0,2431.0,2431.0,3471300.0
2024-04-26,63260,2435.0,2461.5,2421.0,2461.5,0,0,2760300.0,6756715450.0,1.0,2435.0,2461.5,2421.0,2461.5,2760300.0
2024-04-30,63260,2511.5,2545.5,2491.0,2545.5,0,0,4170100.0,10563687600.0,1.0,2511.5,2545.5,2491.0,2545.5,4170100.0
2024-05-01,63260,2520.0,2540.5,2517.5,2520.0,0,0,2835500.0,7159665300.0,1.0,2520.0,2540.5,2517.5,2520.0,2835500.0
2024-05-02,63260,2517.5,2527.0,2503.0,2507.0,0,0,2199400.0,5527305600.0,1.0,2517.5,2527.0,2503.0,2507.0,2199400.0
2024-05-07,63260,2507.5,2520.0,2487.5,2520.0,0,0,3469900.0,8698046350.0,1.0,2507.5,2520.0,2487.5,2520.0,3469900.0
2024-05-08,63260,2520.0,2520.0,2462.5,2466.0,0,0,3729500.0,9253921600.0,1.0,2520.0,2520.0,2462.5,2466.0,3729500.0
2024-05-09,63260,2466.0,2466.0,2436.5,2462.0,0,0,3545600.0,8710532850.0,1.0,2466.0,2466.0,2436.5,2462.0,3545600.0
2024-05-10,63260,2492.0,2541.0,2466.0,2479.0,0,0,4927900.0,12298836550.0,1.0,2492.0,2541.0,2466.0,2479.0,4927900.0
2024-05-13,63260,2304.0,2377.5,2292.0,2354.0,0,0,5752800.0,13472941700.0,1.0,2304.0,2377.5,2292.0,2354.0,5752800.0
2024-05-14,63260,2370.0,2397.0,2340.5,2387.5,0,0,3758500.0,8947384300.0,1.0,2370.0,2397.0,2340.5,2387.5,3758500.0
2024-05-15,63260,2394.5,2435.0,2384.0,2417.5,0,0,3703500.0,8937385900.0,1.0,2394.5,2435.0,2384.0,2417.5,3703500.0
2024-05-16,63260,2420.0,2424.5,2363.5,2392.5,0,0,2479000.0,5924685100.0,1.0,2420.0,2424.5,2363.5,2392.5,2479000.0
2024-05-17,63260,2350.0,2373.0,2338.0,2363.0,0,0,3068300.0,7235054300.0,1.0,2350.0,2373.0,2338.0,2363.0,3068300.0
2024-05-20,63260,2363.0,2422.0,2363.0,2395.5,0,0,3174400.0,7604811850.0,1.0,2363.0,2422.0,2363.0,2395.5,3174400.0
2024-05-21,63260,2399.5,2407.5,2353.5,2356.0,0,0,3444300.0,8151041900.0,1.0,2399.5,2407.5,2353.5,2356.0,3444300.0
2024-05-22,63260,2306.0,2320.0,2274.0,2278.5,0,0,5054800.0,11564956250.0,1.0,2306.0,2320.0,2274.0,2278.5,5054800.0
2024-05-23,63260,2273.5,2307.5,2265.0,2301.0,0,0,4003800.0,9178139150.0,1.0,2273.5,2307.5,2265.0,2301.0,4003800.0
2024-05-24,63260,2259.0,2278.0,2236.5,2267.5,0,0,3847900.0,8714293250.0,1.0,2259.0,2278.0,2236.5,2267.5,3847900.0
2024-05-27,63260,2267.5,2282.0,2251.0,2280.5,0,0,2571100.0,5838918750.0,1.0,2267.5,2282.0,2251.0,2280.5,2571100.0
2024-05-28,63260,2273.0,2285.0,2260.0,2266.0,0,0,1478000.0,3352577500.0,1.0,2273.0,2285.0,2260.0,2266.0,1478000.0
2024-05-29,63260,2249.5,2254.5,2209.5,2209.5,0,0,3548100.0,7892172050.0,1.0,2249.5,2254.5,2209.5,2209.5,3548100.0
2024-05-30,63260,2175.0,2202.5,2166.5,2197.5,0,0,3592900.0,7862237550.0,1.0,2175.0,2202.5,2166.5,2197.5,3592900.0
2024-05-31,63260,2208.5,2239.0,2202.5,2221.0,0,0,10005500.0,22236283950.0,1.0,2208.5,2239.0,2202.5,2221.0,10005500.0
2024-06-03,63260,2245.0,2261.5,2237.5,2245.0,0,0,2517000.0,5658694050.0,1.0,2245.0,2261.5,2237.5,2245.0,2517000.0
2024-06-04,63260,2218.0,2229.5,2188.0,2205.0,0,0,4406900.0,9727316000.0,1.0,2218.0,2229.5,2188.0,2205.0,4406900.0
2024-06-05,63260,2178.0,2187.5,2149.0,2149.0,0,0,3823300.0,8269543700.0,1.0,2178.0,2187.5,2149.0,2149.0,3823300.0
2024-06-06,63260,2184.5,2185.0,2158.0,2182.0,0,0,2893800.0,6300939000.0,1.0,2184.5,2185.0,2158.0,2182.0,2893800.0
2024-06-07,63260,2183.5,2204.5,2168.5,2202.5,0,0,2698200.0,5930245250.0,1.0,2183.5,2204.5,2168.5,2202.5,2698200.0
2024-06-10,63260,2215.0,2220.0,2201.0,2215.0,0,0,1406500.0,3113149100.0,1.0,2215.0,2220.0,2201.0,2215.0,1406500.0
2024-06-11,63260,2233.0,2242.5,2219.5,2219.5,0,0,1999600.0,4454666250.0,1.0,2233.0,2242.5,2219.5,2219.5,1999600.0
2024-06-12,63260,2195.5,2225.0,2188.5,2225.0,0,0,2197100.0,4866131350.0,1.0,2195.5,2225.0,2188.5,2225.0,2197100.0
2024-06-13,63260,2244.0,2244.0,2208.5,2218.5,0,0,2544300.0,5652335000.0,1.0,2244.0,2244.0,2208.5,2218.5,2544300.0
2024-06-14,63260,2202.5,2227.5,2197.5,2212.5,0,0,3820500.0,8442493800.0,1.0,2202.5,2227.5,2197.5,2212.5,3820500.0
2024-06-17,63260,2222.5,2223.5,2198.0,2202.5,0,0,2793500.0,6154714300.0,1.0,2222.5,2223.5,2198.0,2202.5,2793500.0
2024-06-18,63260,2223.0,2244.0,2221.0,2226.5,0,0,2501500.0,5576215850.0,1.0,2223.0,2244.0,2221.0,2226.5,2501500.0
2024-06-19,63260,2258.0,2274.0,2241.5,2259.5,0,0,2464600.0,5574505050.0,1.0,2258.0,2274.0,2241.5,2259.5,2464600.0
2024-06-20,63260,2260.0,2278.5,2251.0,2271.5,0,0,2162700.0,4906323750.0,1.0,2260.0,2278.5,2251.0,2271.5,2162700.0
2024-06-21,63260,2296.5,2304.0,2256.0,2256.5,0,0,5002300.0,11342020200.0,1.0,2296.5,2304.0,2256.0,2256.5,5002300.0
2024-06-24,63260,2266.0,2286.0,2256.5,2266.5,0,0,2460400.0,5587480600.0,1.0,2266.0,2286.0,2256.5,2266.5,2460400.0
2024-06-25,63260,2272.5,2296.0,2268.0,2295.0,0,0,2392100.0,5476053350.0,1.0,2272.5,2296.0,2268.0,2295.0,2392100.0
2024-06-26,63260,2273.0,2275.5,2246.5,2256.5,0,0,3190100.0,7210453950.0,1.0,2273.0,2275.5,2246.5,2256.5,3190100.0
2024-06-27,63260,2256.5,2261.5,2219.0,2227.0,0,0,2785400.0,6217326100.0,1.0,2256.5,2261.5,2219.0,2227.0,2785400.0
2024-06-28,63260,2257.5,2264.0,2242.5,2250.0,0,0,3865600.0,8700112100.0,1.0,2257.5,2264.0,2242.5,2250.0,3865600.0
2024-07-01,63260,2264.0,2277.0,2242.0,2249.0,0,0,3112800.0,7024877450.0,1.0,2264.0,2277.0,2242.0,2249.0,3112800.0
2024-07-02,63260,2230.0,2259.0,2221.5,2252.0,0,0,2823600.0,6335471150.0,1.0,2230.0,2259.0,2221.5,2252.0,2823600.0
2024-07-03,63260,2249.0,2273.0,2242.0,2263.0,0,0,2709300.0,6129210300.0,1.0,2249.0,2273.0,2242.0,2263.0,2709300.0
2024-07-04,63260,2288.0,2310.0,2277.0,2307.0,0,0,2602400.0,5983402150.0,1.0,2288.0,2310.0,2277.0,2307.0,2602400.0
2024-07-05,63260,2318.5,2319.0,2270.0,2279.0,0,0,2185100.0,5004625950.0,1.0,2318.5,2319.0,2270.0,2279.0,2185100.0
2024-07-08,63260,2296.0,2304.0,2253.0,2257.0,0,0,4270000.0,9683880350.0,1.0,2296.0,2304.0,2253.0,2257.0,4270000.0
2024-07-09,63260,2257.0,2264.0,2231.0,2252.5,0,0,2869900.0,6453969850.0,1.0,2257.0,2264.0,2231.0,2252.5,2869900.0
2024-07-10,63260,2212.0,2224.5,2185.0,2185.0,0,0,5486500.0,12054599600.0,1.0,2212.0,2224.5,2185.0,2185.0,5486500.0
2024-07-11,63260,2215.0,2230.5,2207.0,2223.5,0,0,3863100.0,8578862050.0,1.0,2215.0,2230.5,2207.0,2223.5,3863100.0
2024-07-12,63260,2196.0,2258.0,2187.0,2257.0,0,0,4130900.0,9246310350.0,1.0,2196.0,2258.0,2187.0,2257.0,4130900.0
2024-07-16,63260,2275.0,2279.0,2235.0,2254.0,0,0,2970800.0,6699900350.0,1.0,2275.0,2279.0,2235.0,2254.0,2970800.0
2024-07-17,63260,2280.0,2338.5,2268.0,2334.5,0,0,4325200.0,10030881800.0,1.0,2280.0,2338.5,2268.0,2334.5,4325200.0
2024-07-18,63260,2284.5,2312.5,2276.5,2277.0,0,0,2982900.0,6823261050.0,1.0,2284.5,2312.5,2276.5,2277.0,2982900.0
2024-07-19,63260,2281.0,2281.5,2250.0,2270.0,0,0,2429200.0,5503065150.0,1.0,2281.0,2281.5,2250.0,2270.0,2429200.0
2024-07-22,63260,2274.5,2275.5,2235.0,2245.0,0,0,1848900.0,4157527450.0,1.0,2274.5,2275.5,2235.0,2245.0,1848900.0
2024-07-23,63260,2256.5,2263.5,2233.0,2237.0,0,0,1752900.0,3933615200.0,1.0,2256.5,2263.5,2233.0,2237.0,1752900.0
2024-07-24,63260,2225.0,2238.0,2200.0,2200.0,0,0,2020800.0,4477241600.0,1.0,2225.0,2238.0,2200.0,2200.0,2020800.0
2024-07-25,63260,2167.5,2185.0,2143.0,2160.0,0,0,3671100.0,7944428750.0,1.0,2167.5,2185.0,2143.0,2160.0,3671100.0
2024-07-26,63260,2191.5,2206.0,2173.0,2176.0,0,0,2546300.0,5564851650.0,1.0,2191.5,2206.0,2173.0,2176.0,2546300.0
2024-07-29,63260,2196.0,2230.0,2176.5,2183.5,0,0,2056100.0,4517258100.0,1.0,2196.0,2230.0,2176.5,2183.5,2056100.0
2024-07-30,63260,2151.0,2194.5,2150.5,2187.0,0,0,2408200.0,5256146400.0,1.0,2151.0,2194.5,2150.5,2187.0,2408200.0
2024-07-31,63260,2151.5,2191.0,2140.0,2180.0,0,0,3768800.0,8195166400.0,1.0,2151.5,2191.0,2140.0,2180.0,3768800.0
2024-08-01,63260,2148.0,2170.0,2052.5,2060.5,0,0,4566600.0,9498082550.0,1.0,2148.0,2170.0,2052.5,2060.5,4566600.0
2024-08-02,63260,1966.5,1984.0,1928.5,1935.5,0,0,4806000.0,9359528450.0,1.0,1966.5,1984.0,1928.5,1935.5,4806000.0
2024-08-05,63260,1825.0,1846.0,1678.0,1730.5,0,0,7255700.0,12867897550.0,1.0,1825.0,1846.0,1678.0,1730.5,7255700.0
2024-08-06,63260,1861.0,1890.0,1800.0,1834.0,0,0,5187600.0,9566961400.0,1.0,1861.0,1890.0,1800.0,1834.0,5187600.0
2024-08-07,63260,1805.0,1949.0,1801.0,1905.0,0,0,4960200.0,9355639850.0,1.0,1805.0,1949.0,1801.0,1905.0,4960200.0
2024-08-08,63260,1945.0,1964.0,1876.0,1917.0,0,0,5356900.0,10327083850.0,1.0,1945.0,1964.0,1876.0,1917.0,5356900.0
2024-08-09,63260,1975.0,1979.0,1925.5,1951.5,0,0,4894300.0,9590943300.0,1.0,1975.0,1979.0,1925.5,1951.5,4894300.0
2024-08-13,63260,1985.0,2002.0,1970.5,1998.0,0,0,2913900.0,5796271750.0,1.0,1985.0,2002.0,1970.5,1998.0,2913900.0
2024-08-14,63260,2007.5,2017.5,1959.0,1976.0,0,0,2923400.0,5785543350.0,1.0,2007.5,2017.5,1959.0,1976.0,2923400.0
2024-08-15,63260,1996.5,2017.0,1984.0,2015.0,0,0,2659300.0,5335131250.0,1.0,1996.5,2017.0,1984.0,2015.0,2659300.0
2024-08-16,63260,2065.0,2091.0,2040.0,2082.5,0,0,3101200.0,6423806650.0,1.0,2065.0,2091.0,2040.0,2082.5,3101200.0
2024-08-19,63260,2061.5,2068.0,2012.0,2018.0,0,0,2296900.0,4672997400.0,1.0,2061.5,2068.0,2012.0,2018.0,2296900.0
2024-08-20,63260,2051.5,2064.0,2036.5,2050.5,0,0,1811400.0,3716619600.0,1.0,2051.5,2064.0,2036.5,2050.5,1811400.0
2024-08-21,63260,2039.0,2070.5,2036.5,2063.0,0,0,1783100.0,3672298050.0,1.0,2039.0,2070.5,2036.5,2063.0,1783100.0
2024-08-22,63260,2042.0,2058.0,2034.0,2041.5,0,0,1698400.0,3467166450.0,1.0,2042.0,2058.0,2034.0,2041.5,1698400.0
2024-08-23,63260,2064.5,2094.5,2050.0,2091.5,0,0,2347900.0,4885509250.0,1.0,2064.5,2094.5,2050.0,2091.5,2347900.0
2024-08-26,63260,2064.5,2072.0,2037.5,2040.0,0,0,1619100.0,3315415300.0,1.0,2064.5,2072.0,2037.5,2040.0,1619100.0
2024-08-27,63260,2059.0,2067.5,2045.0,2058.0,0,0,1812600.0,3732132300.0,1.0,2059.0,2067.5,2045.0,2058.0,1812600.0
2024-08-28,63260,2054.0,2063.0,2049.0,2058.5,0,0,1684700.0,3466553900.0,1.0,2054.0,2063.0,2049.0,2058.5,1684700.0
2024-08-29,63260,2068.0,2070.0,2042.0,2050.0,0,0,1773900.0,3643190100.0,1.0,2068.0,2070.0,2042.0,2050.0,1773900.0
2024-08-30,63260,2052.5,2058.0,2023.5,2035.0,0,0,3920400.0,7981936550.0,1.0,2052.5,2058.0,2023.5,2035.0,3920400.0
2024-09-02,63260,2078.0,2079.0,2056.0,2067.5,0,0,2103300.0,4353255300.0,1.0,2078.0,2079.0,2056.0,2067.5,2103300.0
2024-09-03,63260,2080.0,2098.5,2076.0,2091.5,0,0,1989800.0,4156920750.0,1.0,2080.0,2098.5,2076.0,2091.5,1989800.0
2024-09-04,63260,2051.0,2082.5,2051.0,2072.5,0,0,3664200.0,7575989800.0,1.0,2051.0,2082.5,2051.0,2072.5,3664200.0
2024-09-05,63260,2025.5,2099.0,2025.5,2098.0,0,0,4185200.0,8702212400.0,1.0,2025.5,2099.0,2025.5,2098.0,4185200.0
2024-09-06,63260,2094.5,2106.5,2063.5,2072.5,0,0,5435800.0,11315964750.0,1.0,2094.5,2106.5,2063.5,2072.5,5435800.0
2024-09-09,63260,1987.0,2033.5,1975.0,2033.5,0,0,2660200.0,5342834200.0,1.0,1987.0,2033.5,1975.0,2033.5,2660200.0
2024-09-10,63260,1993.0,2034.5,1993.0,2008.0,0,0,3280900.0,6607864100.0,1.0,1993.0,2034.5,1993.0,2008.0,3280900.0
2024-09-11,63260,2000.0,2012.0,1961.5,1986.5,0,0,2160200.0,4295849800.0,1.0,2000.0,2012.0,1961.5,1986.5,2160200.0
2024-09-12,63260,2016.5,2021.0,1981.0,2002.5,0,0,4244200.0,8489446900.0,1.0,2016.5,2021.0,1981.0,2002.5,4244200.0
2024-09-13,63260,1992.5,1995.5,1948.0,1970.0,0,0,5018000.0,9905733450.0,1.0,1992.5,1995.5,1948.0,1970.0,5018000.0
2024-09-17,63260,1952.5,1961.5,1890.0,1921.5,0,0,5865300.0,11254875300.0,1.0,1952.5,1961.5,1890.0,1921.5,5865300.0
2024-09-18,63260,1948.0,1995.0,1941.5,1985.0,0,0,3204300.0,6345322250.0,1.0,1948.0,1995.0,1941.5,1985.0,3204300.0
2024-09-19,63260,2040.0,2044.5,2021.5,2021.5,0,0,2581800.0,5247249250.0,1.0,2040.0,2044.5,2021.5,2021.5,2581800.0
2024-09-20,63260,2068.0,2073.0,2042.5,2043.5,0,0,4940900.0,10136198500.0,1.0,2068.0,2073.0,2042.5,2043.5,4940900.0
2024-09-24,63260,2064.0,2077.0,2055.0,2055.0,0,0,3325300.0,6858094200.0,1.0,2064.0,2077.0,2055.0,2055.0,3325300.0
2024-09-25,63260,2005.0,2073.0,2002.5,2061.0,0,0,2705700.0,5560983400.0,1.0,2005.0,2073.0,2002.5,2061.0,2705700.0
2024-09-26,63260,2079.0,2089.0,2062.0,2089.0,0,0,3429000.0,7135148750.0,1.0,2079.0,2089.0,2062.0,2089.0,3429000.0
2024-09-27,63260,2097.5,2131.5,2089.5,2126.0,0,0,3074900.0,6504696800.0,1.0,2097.5,2131.5,2089.5,2126.0,3074900.0
2024-09-30,63260,2041.0,2071.0,2024.0,2031.0,0,0,3924400.0,8003723350.0,1.0,2041.0,2071.0,2024.0,2031.0,3924400.0
2024-10-01,63260,2061.0,2063.5,2037.0,2050.5,0,0,2217100.0,4550619500.0,1.0,2061.0,2063.5,2037.0,2050.5,2217100.0
2024-10-02,63260,2030.0,2061.0,2025.5,2050.0,0,0,2967400.0,6072832350.0,1.0,2030.0,2061.0,2025.5,2050.0,2967400.0
2024-10-03,63260,2100.0,2104.0,2063.0,2068.5,0,0,2414800.0,5017053950.0,1.0,2100.0,2104.0,2063.0,2068.5,2414800.0
2024-10-04,63260,2068.5,2083.5,2061.5,2078.0,0,0,2291600.0,4755532250.0,1.0,2068.5,2083.5,2061.5,2078.0,2291600.0
2024-10-07,63260,2113.0,2113.0,2077.0,2095.5,0,0,2666900.0,5591180400.0,1.0,2113.0,2113.0,2077.0,2095.5,2666900.0
2024-10-08,63260,2105.0,2110.0,2053.5,2063.0,0,0,2522200.0,5225046550.0,1.0,2105.0,2110.0,2053.5,2063.0,2522200.0
2024-10-09,63260,2076.5,2078.0,2031.5,2057.0,0,0,2291700.0,4704220950.0,1.0,2076.5,2078.0,2031.5,2057.0,2291700.0
2024-10-10,63260,2076.0,2101.0,2069.0,2100.5,0,0,2550200.0,5339152250.0,1.0,2076.0,2101.0,2069.0,2100.5,2550200.0
2024-10-11,63260,2114.5,2123.5,2105.0,2115.5,0,0,3349300.0,7086034750.0,1.0,2114.5,2123.5,2105.0,2115.5,3349300.0
2024-10-15,63260,2130.0,2131.5,2081.5,2090.0,0,0,2499600.0,5244560700.0,1.0,2130.0,2131.5,2081.5,2090.0,2499600.0
2024-10-16,63260,2065.0,2075.5,2047.0,2055.0,0,0,2712700.0,5584939250.0,1.0,2065.0,2075.5,2047.0,2055.0,2712700.0
2024-10-17,63260,2050.0,2052.5,1991.0,1998.0,0,0,5078600.0,10228815550.0,1.0,2050.0,2052.5,1991.0,1998.0,5078600.0
2024-10-18,63260,2026.0,2038.0,2012.5,2015.5,0,0,2865200.0,5789477950.0,1.0,2026.0,2038.0,2012.5,2015.5,2865200.0
2024-10-21,63260,2016.5,2023.5,1994.0,1994.0,0,0,1988500.0,3982283400.0,1.0,2016.5,2023.5,1994.0,1994.0,1988500.0
2024-10-22,63260,1995.0,2004.0,1952.5,1965.5,0,0,2684300.0,5292029300.0,1.0,1995.0,2004.0,1952.5,1965.5,2684300.0
2024-10-23,63260,1978.0,1991.0,1962.5,1974.5,0,0,1688100.0,3336479750.0,1.0,1978.0,1991.0,1962.5,1974.5,1688100.0
2024-10-24,63260,1969.5,1981.0,1948.0,1966.0,0,0,2220700.0,4364408250.0,1.0,1969.5,1981.0,1948.0,1966.0,2220700.0
2024-10-25,63260,1966.0,1974.0,1951.0,1961.5,0,0,1726100.0,3383927100.0,1.0,1966.0,1974.0,1951.0,1961.5,1726100.0
2024-10-28,63260,1935.0,1983.5,1929.5,1970.5,0,0,2385500.0,4694412150.0,1.0,1935.0,1983.5,1929.5,1970.5,2385500.0
2024-10-29,63260,1968.0,1973.5,1961.0,1961.0,0,0,2697900.0,5301321550.0,1.0,1968.0,1973.5,1961.0,1961.0,2697900.0
2024-10-30,63260,1950.0,1979.5,1949.0,1967.0,0,0,4945300.0,9729459150.0,1.0,1950.0,1979.5,1949.0,1967.0,4945300.0
2024-10-31,63260,1972.0,1981.0,1954.5,1971.5,0,0,3228500.0,6356821400.0,1.0,1972.0,1981.0,1954.5,1971.5,3228500.0
2024-11-01,63260,1935.0,1963.0,1927.0,1950.0,0,0,2406100.0,4690955500.0,1.0,1935.0,1963.0,1927.0,1950.0,2406100.0
2024-11-05,63260,2020.0,2021.5,1993.0,2010.0,0,0,4216400.0,8484237600.0,1.0,2020.0,2021.5,1993.0,2010.0,4216400.0
2024-11-06,63260,2002.0,2027.5,1990.5,2010.0,0,0,3766900.0,7574099100.0,1.0,2002.0,2027.5,1990.5,2010.0,3766900.0
2024-11-07,63260,2040.0,2060.0,2026.5,2040.0,0,0,3770200.0,7703793700.0,1.0,2040.0,2060.0,2026.5,2040.0,3770200.0
2024-11-08,63260,2043.5,2045.0,2010.0,2024.0,0,0,2680600.0,5425023550.0,1.0,2043.5,2045.0,2010.0,2024.0,2680600.0
2024-11-11,63260,1934.0,1971.5,1931.5,1946.0,0,0,5406600.0,10517673300.0,1.0,1934.0,1971.5,1931.5,1946.0,5406600.0
2024-11-12,63260,1943.0,1967.5,1939.5,1952.0,0,0,3954900.0,7727972500.0,1.0,1943.0,1967.5,1939.5,1952.0,3954900.0
2024-11-13,63260,1940.0,1956.0,1936.5,1948.0,0,0,3291200.0,6410853450.0,1.0,1940.0,1956.0,1936.5,1948.0,3291200.0
2024-11-14,63260,2070.0,2083.0,2013.5,2013.5,0,0,7906700.0,16242019250.0,1.0,2070.0,2083.0,2013.5,2013.5,7906700.0
2024-11-15,63260,1999.0,2003.0,1959.0,1962.0,0,0,3679000.0,7251691300.0,1.0,1999.0,2003.0,1959.0,1962.0,3679000.0
2024-11-18,63260,1940.0,1959.0,1932.5,1955.5,0,0,3460600.0,6748128600.0,1.0,1940.0,1959.0,1932.5,1955.5,3460600.0
2024-11-19,63260,1959.5,1968.5,1946.5,1957.5,0,0,3481900.0,6813093650.0,1.0,1959.5,1968.5,1946.5,1957.5,3481900.0
2024-11-20,63260,1948.0,1955.5,1921.0,1921.0,0,0,4559900.0,8821781750.0,1.0,1948.0,1955.5,1921.0,1921.0,4559900.0
2024-11-21,63260,1905.5,1919.0,1895.5,1899.0,0,0,4485600.0,8532102550.0,1.0,1905.5,1919.0,1895.5,1899.0,4485600.0
2024-11-22,63260,1900.0,1920.5,1893.5,1909.5,0,0,5700300.0,10876468800.0,1.0,1900.0,1920.5,1893.5,1909.5,5700300.0
2024-11-25,63260,1926.0,1939.0,1918.0,1926.5,0,0,11006300.0,21206224700.0,1.0,1926.0,1939.0,1918.0,1926.5,11006300.0
2024-11-26,63260,1909.0,1929.5,1904.0,1923.0,0,0,3167700.0,6073165650.0,1.0,1909.0,1929.5,1904.0,1923.0,3167700.0
2024-11-27,63260,1920.0,1942.5,1907.0,1907.5,0,0,4127400.0,7921106300.0,1.0,1920.0,1942.5,1907.0,1907.5,4127400.0
2024-11-28,63260,1907.5,1934.0,1904.0,1914.5,0,0,2641800.0,5074354800.0,1.0,1907.5,1934.0,1904.0,1914.5,2641800.0
2024-11-29,63260,1905.0,1920.0,1873.0,1873.0,0,0,3825500.0,7203527900.0,1.0,1905.0,1920.0,1873.0,1873.0,3825500.0
2024-12-02,63260,1854.5,1885.5,1853.0,1871.5,0,0,3314100.0,6195574050.0,1.0,1854.5,1885.5,1853.0,1871.5,3314100.0
2024-12-03,63260,1889.5,1898.0,1879.5,1879.5,0,0,4049300.0,7631504700.0,1.0,1889.5,1898.0,1879.5,1879.5,4049300.0
2024-12-04,63260,1874.0,1878.5,1854.0,1857.0,0,0,3704700.0,6894776400.0,1.0,1874.0,1878.5,1854.0,1857.0,3704700.0
2024-12-05,63260,1852.0,1865.0,1846.5,1847.0,0,0,3567700.0,6608181650.0,1.0,1852.0,1865.0,1846.5,1847.0,3567700.0
2024-12-06,63260,1845.0,1858.5,1838.0,1846.0,0,0,2946600.0,5435914000.0,1.0,1845.0,1858.5,1838.0,1846.0,2946600.0
2024-12-09,63260,1848.0,1859.0,1838.0,1857.0,0,0,3368700.0,6242938450.0,1.0,1848.0,1859.0,1838.0,1857.0,3368700.0
2024-12-10,63260,1890.0,1912.0,1865.0,1865.0,0,0,4678500.0,8795167600.0,1.0,1890.0,1912.0,1865.0,1865.0,4678500.0
2024-12-11,63260,1863.0,1888.5,1863.0,1874.0,0,0,3793800.0,7117942800.0,1.0,1863.0,1888.5,1863.0,1874.0,3793800.0
2024-12-12,63260,1882.0,1916.5,1882.0,1902.5,0,0,4746200.0,9031833750.0,1.0,1882.0,1916.5,1882.0,1902.5,4746200.0
2024-12-13,63260,1896.5,1917.5,1883.0,1888.5,0,0,4365900.0,8274877450.0,1.0,1896.5,1917.5,1883.0,1888.5,4365900.0
2024-12-16,63260,1890.0,1905.5,1877.0,1877.0,0,0,2264000.0,4273655250.0,1.0,1890.0,1905.5,1877.0,1877.0,2264000.0
2024-12-17,63260,1877.0,1880.0,1832.0,1832.0,0,0,3646200.0,6733699950.0,1.0,1877.0,1880.0,1832.0,1832.0,3646200.0
2024-12-18,63260,1825.0,1844.0,1824.5,1832.0,0,0,2611800.0,4791922800.0,1.0,1825.0,1844.0,1824.5,1832.0,2611800.0
2024-12-19,63260,1810.0,1821.5,1805.0,1806.5,0,0,3332300.0,6034296600.0,1.0,1810.0,1821.5,1805.0,1806.5,3332300.0
2024-12-20,63260,1816.0,1835.0,1805.0,1821.0,0,0,8755500.0,15932195000.0,1.0,1816.0,1835.0,1805.0,1821.0,8755500.0
2024-12-23,63260,1815.5,1826.0,1797.0,1822.5,0,0,2615200.0,4748626050.0,1.0,1815.5,1826.0,1797.0,1822.5,2615200.0
2024-12-24,63260,1814.0,1831.0,1813.5,1824.0,0,0,1387700.0,2531579950.0,1.0,1814.0,1831.0,1813.5,1824.0,1387700.0
2024-12-25,63260,1821.0,1837.5,1808.5,1837.5,0,0,2248100.0,4101376600.0,1.0,1821.0,1837.5,1808.5,1837.5,2248100.0
2024-12-26,63260,1828.0,1841.0,1828.0,1841.0,0,0,2364800.0,4345149800.0,1.0,1828.0,1841.0,1828.0,1841.0,2364800.0
2024-12-27,63260,1820.0,1842.0,1817.0,1841.0,0,0,2637800.0,4841284550.0,1.0,1820.0,1842.0,1817.0,1841.0,2637800.0
2024-12-30,63260,1839.5,1854.5,1831.0,1839.0,0,0,2218500.0,4085532400.0,1.0,1839.5,1854.5,1831.0,1839.0,2218500.0
2025-01-06,63260,1841.0,1842.0,1806.0,1815.5,0,0,4153000.0,7554947400.0,1.0,1841.0,1842.0,1806.0,1815.5,4153000.0
2025-01-07,63260,1819.5,1822.0,1804.5,1818.0,0,0,2689000.0,4881241150.0,1.0,1819.5,1822.0,1804.5,1818.0,2689000.0
2025-01-08,63260,1810.0,1815.0,1786.0,1803.5,0,0,3496900.0,6297523350.0,1.0,1810.0,1815.0,1786.0,1803.5,3496900.0
2025-01-09,63260,1807.0,1809.0,1779.0,1791.0,0,0,3296200.0,5903370000.0,1.0,1807.0,1809.0,1779.0,1791.0,3296200.0
2025-01-10,63260,1799.0,1802.5,1774.0,1783.5,0,0,3032900.0,5416948000.0,1.0,1799.0,1802.5,1774.0,1783.5,3032900.0
2025-01-14,63260,1795.0,1803.5,1770.5,1780.5,0,0,3908300.0,6973620800.0,1.0,1795.0,1803.5,1770.5,1780.5,3908300.0
2025-01-15,63260,1800.0,1805.0,1776.5,1791.5,0,0,3878200.0,6939566400.0,1.0,1800.0,1805.0,1776.5,1791.5,3878200.0
2025-01-16,63260,1800.0,1813.0,1786.5,1802.0,0,0,2981900.0,5372650450.0,1.0,1800.0,1813.0,1786.5,1802.0,2981900.0
2025-01-17,63260,1791.0,1820.0,1791.0,1818.0,0,0,2730500.0,4945853550.0,1.0,1791.0,1820.0,1791.0,1818.0,2730500.0
2025-01-20,63260,1834.5,1850.0,1826.5,1848.5,0,0,2991300.0,5515725900.0,1.0,1834.5,1850.0,1826.5,1848.5,2991300.0
2025-01-21,63260,1848.5,1858.0,1836.0,1856.5,0,0,1942800.0,3595608750.0,1.0,1848.5,1858.0,1836.0,1856.5,1942800.0
2025-01-22,63260,1880.0,1888.0,1864.5,1882.5,0,0,3152000.0,5928261000.0,1.0,1880.0,1888.0,1864.5,1882.5,3152000.0
2025-01-23,63260,1895.0,1895.0,1873.0,1887.0,0,0,2478500.0,4675325350.0,1.0,1895.0,1895.0,1873.0,1887.0,2478500.0
2025-01-24,63260,1892.0,1915.0,1883.5,1893.5,0,0,2445500.0,4643299000.0,1.0,1892.0,1915.0,1883.5,1893.5,2445500.0
2025-01-27,63260,1905.5,1920.0,1897.0,1920.0,0,0,2177900.0,4166086200.0,1.0,1905.5,1920.0,1897.0,1920.0,2177900.0
2025-01-28,63260,1940.0,1995.0,1926.0,1962.0,0,0,5072000.0,9972168200.0,1.0,1940.0,1995.0,1926.0,1962.0,5072000.0
2025-01-29,63260,1972.5,1977.5,1944.5,1956.0,0,0,2301000.0,4512083100.0,1.0,1972.5,1977.5,1944.5,1956.0,2301000.0
2025-01-30,63260,1951.0,1961.0,1935.5,1949.0,0,0,4736300.0,9229181450.0,1.0,1951.0,1961.0,1935.5,1949.0,4736300.0
2025-01-31,63260,1932.0,1958.5,1928.0,1951.5,0,0,3080800.0,5990352550.0,1.0,1932.0,1958.5,1928.0,1951.5,3080800.0
2025-02-03,63260,1911.5,1915.5,1830.0,1833.0,0,0,5328600.0,9872901300.0,1.0,1911.5,1915.5,1830.0,1833.0,5328600.0
2025-02-04,63260,1861.0,1869.0,1850.5,1862.0,0,0,2959700.0,5507305850.0,1.0,1861.0,1869.0,1850.5,1862.0,2959700.0
2025-02-05,63260,1902.0,1921.5,1877.0,1893.0,0,0,3125200.0,5922428300.0,1.0,1902.0,1921.5,1877.0,1893.0,3125200.0
2025-02-06,63260,1890.0,1904.0,1887.5,1888.0,0,0,2002400.0,3788013550.0,1.0,1890.0,1904.0,1887.5,1888.0,2002400.0
2025-02-07,63260,1895.0,1897.0,1878.5,1890.5,0,0,2226500.0,4205957750.0,1.0,1895.0,1897.0,1878.5,1890.5,2226500.0
2025-02-10,63260,1887.0,1894.0,1875.0,1886.0,0,0,1431600.0,2698397750.0,1.0,1887.0,1894.0,1875.0,1886.0,1431600.0
2025-02-12,63260,1900.0,1903.5,1878.0,1891.0,0,0,3449200.0,6521839350.0,1.0,1900.0,1903.5,1878.0,1891.0,3449200.0
2025-02-13,63260,1916.0,1931.0,1901.0,1927.0,0,0,2870700.0,5518300000.0,1.0,1916.0,1931.0,1901.0,1927.0,2870700.0
2025-02-14,63260,1869.0,1902.5,1855.0,1881.5,0,0,6239800.0,11733033350.0,1.0,1869.0,1902.5,1855.0,1881.5,6239800.0
2025-02-17,63260,1889.0,1942.0,1874.5,1909.0,0,0,3529500.0,6752838000.0,1.0,1889.0,1942.0,1874.5,1909.0,3529500.0
2025-02-18,63260,1910.0,1913.5,1877.0,1904.0,0,0,2978900.0,5663652900.0,1.0,1910.0,1913.5,1877.0,1904.0,2978900.0
2025-02-19,63260,1912.0,1959.5,1911.5,1921.0,0,0,4068600.0,7867922150.0,1.0,1912.0,1959.5,1911.5,1921.0,4068600.0
2025-02-20,63260,1921.5,1973.5,1921.0,1952.0,0,0,4960200.0,9681233950.0,1.0,1921.5,1973.5,1921.0,1952.0,4960200.0
2025-02-21,63260,1945.0,1976.0,1942.0,1955.5,0,0,3610000.0,7062695800.0,1.0,1945.0,1976.0,1942.0,1955.5,3610000.0
2025-02-25,63260,1884.0,1926.0,1878.0,1903.5,0,0,5051900.0,9587773050.0,1.0,1884.0,1926.0,1878.0,1903.5,5051900.0
2025-02-26,63260,1914.0,1917.5,1871.0,1891.0,0,0,3122500.0,5892483350.0,1.0,1914.0,1917.5,1871.0,1891.0,3122500.0
2025-02-27,63260,1882.0,1914.0,1882.0,1905.0,0,0,2245200.0,4276662350.0,1.0,1882.0,1914.0,1882.0,1905.0,2245200.0
2025-02-28,63260,1880.0,1889.5,1841.5,1850.5,0,0,7786300.0,14430760150.0,1.0,1880.0,1889.5,1841.5,1850.5,7786300.0
2025-03-03,63260,1859.5,1868.0,1827.0,1828.5,0,0,3810500.0,6990699050.0,1.0,1859.5,1868.0,1827.0,1828.5,3810500.0
2025-03-04,63260,1820.0,1840.5,1809.5,1828.5,0,0,3621900.0,6611733900.0,1.0,1820.0,1840.5,1809.5,1828.5,3621900.0
2025-03-05,63260,1820.0,1838.5,1812.0,1824.0,0,0,3136900.0,5721189050.0,1.0,1820.0,1838.5,1812.0,1824.0,3136900.0
2025-03-06,63260,1848.0,1880.0,1845.5,1873.5,0,0,3203300.0,5985940900.0,1.0,1848.0,1880.0,1845.5,1873.5,3203300.0
2025-03-07,63260,1881.0,1935.5,1878.0,1926.5,0,0,4858100.0,9330169300.0,1.0,1881.0,1935.5,1878.0,1926.5,4858100.0
2025-03-10,63260,1934.5,1951.5,1919.5,1945.5,0,0,2799600.0,5432819000.0,1.0,1934.5,1951.5,1919.5,1945.5,2799600.0
2025-03-11,63260,1946.5,1949.5,1891.0,1908.0,0,0,3957200.0,7554593500.0,1.0,1946.5,1949.5,1891.0,1908.0,3957200.0
2025-03-12,63260,1872.5,1916.0,1872.0,1916.0,0,0,4083200.0,7762760450.0,1.0,1872.5,1916.0,1872.0,1916.0,4083200.0
2025-03-13,63260,1903.0,1915.0,1868.5,1868.5,0,0,4506300.0,8490759250.0,1.0,1903.0,1915.0,1868.5,1868.5,4506300.0
2025-03-14,63260,1849.5,1867.0,1848.0,1866.5,0,0,4046000.0,7513788750.0,1.0,1849.5,1867.0,1848.0,1866.5,4046000.0
2025-03-17,63260,1894.0,1920.0,1891.0,1920.0,0,0,3404000.0,6506998200.0,1.0,1894.0,1920.0,1891.0,1920.0,3404000.0
2025-03-18,63260,1940.0,1959.0,1935.0,1939.0,0,0,3552600.0,6901862000.0,1.0,1940.0,1959.0,1935.0,1939.0,3552600.0
2025-03-19,63260,1940.0,1967.0,1940.0,1964.0,0,0,2231300.0,4375327050.0,1.0,1940.0,1967.0,1940.0,1964.0,2231300.0
2025-03-21,63260,1924.0,1959.0,1923.0,1933.0,0,0,3515800.0,6811833000.0,1.0,1924.0,1959.0,1923.0,1933.0,3515800.0
2025-03-24,63260,1939.0,1941.0,1911.0,1923.0,0,0,2350100.0,4521307000.0,1.0,1939.0,1941.0,1911.0,1923.0,2350100.0
2025-03-25,63260,1940.0,1947.5,1919.0,1933.0,0,0,2488500.0,4814940900.0,1.0,1940.0,1947.5,1919.0,1933.0,2488500.0
2025-03-26,63260,1926.5,1962.5,1917.0,1952.0,0,0,3214200.0,6253305700.0,1.0,1926.5,1962.5,1917.0,1952.0,3214200.0
2025-03-27,63260,1950.0,1960.0,1932.5,1954.5,0,0,3377900.0,6586275400.0,1.0,1950.0,1960.0,1932.5,1954.5,3377900.0
2025-03-28,63260,1942.5,1946.5,1895.0,1906.5,0,0,3245400.0,6201757600.0,1.0,1942.5,1946.5,1895.0,1906.5,3245400.0
2025-03-31,63260,1838.5,1847.0,1819.0,1831.0,0,0,4097700.0,7509702900.0,1.0,1838.5,1847.0,1819.0,1831.0,4097700.0
2025-04-01,63260,1857.0,1864.5,1834.5,1834.5,0,0,2700000.0,4982013000.0,1.0,1857.0,1864.5,1834.5,1834.5,2700000.0
2025-04-02,63260,1834.5,1837.0,1813.5,1822.5,0,0,2547000.0,4640062600.0,1.0,1834.5,1837.0,1813.5,1822.5,2547000.0
2025-04-03,63260,1744.0,1761.5,1697.0,1710.0,0,0,7115800.0,12250237200.0,1.0,1744.0,1761.5,1697.0,1710.0,7115800.0
2025-04-04,63260,1670.0,1687.5,1587.0,1616.5,0,0,6107100.0,9962085350.0,1.0,1670.0,1687.5,1587.0,1616.5,6107100.0
2025-04-07,63260,1507.0,1534.0,1460.5,1493.0,0,0,6689900.0,10038701600.0,1.0,1507.0,1534.0,1460.5,1493.0,6689900.0
2025-04-08,63260,1548.5,1604.5,1543.0,1583.0,0,0,5462300.0,8621426250.0,1.0,1548.5,1604.5,1543.0,1583.0,5462300.0
2025-04-09,63260,1543.0,1546.5,1492.5,1512.0,0,0,5252900.0,7960291650.0,1.0,1543.0,1546.5,1492.5,1512.0,5252900.0
2025-04-10,63260,1700.0,1700.5,1641.5,1681.0,0,0,5234100.0,8766455150.0,1.0,1700.0,1700.5,1641.5,1681.0,5234100.0
2025-04-11,63260,1561.0,1615.0,1552.0,1600.0,0,0,4286400.0,6794492400.0,1.0,1561.0,1615.0,1552.0,1600.0,4286400.0
2025-04-14,63260,1630.0,1648.5,1619.0,1620.5,0,0,3316100.0,5398803000.0,1.0,1630.0,1648.5,1619.0,1620.5,3316100.0
2025-04-15,63260,1635.0,1639.0,1613.5,1620.0,0,0,2837300.0,4602910200.0,1.0,1635.0,1639.0,1613.5,1620.0,2837300.0
2025-04-16,63260,1620.0,1632.0,1613.0,1625.0,0,0,3460300.0,5613199200.0,1.0,1620.0,1632.0,1613.0,1625.0,3460300.0
2025-04-17,63260,1622.0,1682.5,1621.5,1670.0,0,0,3576300.0,5950476550.0,1.0,1622.0,1682.5,1621.5,1670.0,3576300.0
2025-04-18,63260,1662.5,1672.0,1651.5,1666.0,0,0,1877000.0,3123239000.0,1.0,1662.5,1672.0,1651.5,1666.0,1877000.0
2025-04-21,63260,1637.5,1642.0,1598.5,1604.5,0,0,2496100.0,4027816250.0,1.0,1637.5,1642.0,1598.5,1604.5,2496100.0
2025-04-22,63260,1598.0,1661.0,1593.0,1609.0,0,0,3673600.0,5920025900.0,1.0,1598.0,1661.0,1593.0,1609.0,3673600.0
2025-04-23,63260,1647.0,1648.0,1611.5,1621.0,0,0,3330400.0,5410208850.0,1.0,1647.0,1648.0,1611.5,1621.0,3330400.0
2025-04-24,63260,1644.0,1669.5,1639.5,1646.5,0,0,3265900.0,5393640100.0,1.0,1644.0,1669.5,1639.5,1646.5,3265900.0
2025-04-25,63260,1662.0,1663.5,1648.0,1656.5,0,0,2394900.0,3969320900.0,1.0,1662.0,1663.5,1648.0,1656.5,2394900.0
2025-04-28,63260,1670.0,1679.0,1648.0,1656.0,0,0,2880600.0,4781527100.0,1.0,1670.0,1679.0,1648.0,1656.0,2880600.0
2025-04-30,63260,1670.0,1678.0,1653.0,1653.0,0,0,4535700.0,7521580500.0,1.0,1670.0,1678.0,1653.0,1653.0,4535700.0
2025-05-01,63260,1640.5,1648.0,1627.0,1648.0,0,0,3373300.0,5536597950.0,1.0,1640.5,1648.0,1627.0,1648.0,3373300.0
2025-05-02,63260,1671.5,1679.5,1661.0,1672.5,0,0,3743300.0,6257473150.0,1.0,1671.5,1679.5,1661.0,1672.5,3743300.0
2025-05-07,63260,1675.0,1676.5,1648.5,1660.0,0,0,4405600.0,7313443300.0,1.0,1675.0,1676.5,1648.5,1660.0,4405600.0
2025-05-08,63260,1655.5,1661.5,1635.0,1648.5,0,0,3647900.0,6005120700.0,1.0,1655.5,1661.5,1635.0,1648.5,3647900.0
2025-05-09,63260,1670.0,1672.0,1527.0,1598.0,0,0,9513700.0,15298065200.0,1.0,1670.0,1672.0,1527.0,1598.0,9513700.0
2025-05-12,63260,1660.0,1660.0,1602.0,1612.0,0,0,4739200.0,7676349950.0,1.0,1660.0,1660.0,1602.0,1612.0,4739200.0
2025-05-13,63260,1662.0,1687.0,1653.0,1668.5,0,0,6407800.0,10692939200.0,1.0,1662.0,1687.0,1653.0,1668.5,6407800.0
2025-05-14,63260,1660.0,1663.0,1641.0,1643.0,0,0,3608400.0,5939684000.0,1.0,1660.0,1663.0,1641.0,1643.0,3608400.0
2025-05-15,63260,1639.0,1650.0,1619.5,1628.5,0,0,3953100.0,6453348900.0,1.0,1639.0,1650.0,1619.5,1628.5,3953100.0
2025-05-16,63260,1645.0,1673.0,1638.0,1666.5,0,0,7140100.0,11847277100.0,1.0,1645.0,1673.0,1638.0,1666.5,7140100.0
2025-05-19,63260,1665.0,1681.5,1640.0,1648.0,0,0,3445900.0,5698931650.0,1.0,1665.0,1681.5,1640.0,1648.0,3445900.0
2025-05-20,63260,1670.5,1677.0,1638.0,1659.0,0,0,4627400.0,7664378650.0,1.0,1670.5,1677.0,1638.0,1659.0,4627400.0
2025-05-21,63260,1648.0,1658.5,1627.0,1633.5,0,0,4525100.0,7420118350.0,1.0,1648.0,1658.5,1627.0,1633.5,4525100.0
2025-05-22,63260,1560.5,1595.0,1560.5,1578.5,0,0,6380100.0,10068716600.0,1.0,1560.5,1595.0,1560.5,1578.5,6380100.0
2025-05-23,63260,1586.0,1593.5,1564.5,1574.0,0,0,3771500.0,5941342400.0,1.0,1586.0,1593.5,1564.5,1574.0,3771500.0
2025-05-26,63260,1583.0,1585.0,1560.0,1565.5,0,0,3310300.0,5192142650.0,1.0,1583.0,1585.0,1560.0,1565.5,3310300.0
2025-05-27,63260,1560.0,1570.0,1546.5,1570.0,0,0,3526400.0,5499617650.0,1.0,1560.0,1570.0,1546.5,1570.0,3526400.0
2025-05-28,63260,1580.0,1583.0,1567.0,1575.5,0,0,4014200.0,6325946700.0,1.0,1580.0,1583.0,1567.0,1575.5,4014200.0
2025-05-29,63260,1576.5,1642.5,1576.5,1638.0,0,0,5827900.0,9481814350.0,1.0,1576.5,1642.5,1576.5,1638.0,5827900.0
2025-05-30,63260,1603.0,1663.5,1603.0,1663.5,0,0,16188400.0,26819061050.0,1.0,1603.0,1663.5,1603.0,1663.5,16188400.0
2025-06-02,63260,1640.0,1642.5,1619.0,1620.0,0,0,3909300.0,6358480350.0,1.0,1640.0,1642.5,1619.0,1620.0,3909300.0
2025-06-03,63260,1589.0,1600.5,1567.0,1600.0,0,0,6895100.0,10962718050.0,1.0,1589.0,1600.5,1567.0,1600.0,6895100.0
2025-06-04,63260,1630.0,1638.5,1606.0,1610.0,0,0,6488300.0,10488570400.0,1.0,1630.0,1638.5,1606.0,1610.0,6488300.0
2025-06-05,63260,1609.0,1613.5,1600.0,1610.0,0,0,3670100.0,5899425500.0,1.0,1609.0,1613.5,1600.0,1610.0,3670100.0
2025-06-06,63260,1611.5,1613.0,1591.5,1608.5,0,0,4250100.0,6829217000.0,1.0,1611.5,1613.0,1591.5,1608.5,4250100.0
2025-06-09,63260,1595.0,1616.0,1593.5,1604.0,0,0,5552000.0,8902928050.0,1.0,1595.0,1616.0,1593.5,1604.0,5552000.0
2025-06-10,63260,1609.0,1620.0,1599.5,1605.5,0,0,4328800.0,6966127450.0,1.0,1609.0,1620.0,1599.5,1605.5,4328800.0
2025-06-11,63260,1620.0,1629.0,1609.5,1624.5,0,0,4292200.0,6964141450.0,1.0,1620.0,1629.0,1609.5,1624.5,4292200.0
2025-06-12,63260,1623.5,1624.5,1600.0,1609.5,0,0,3819000.0,6144300900.0,1.0,1623.5,1624.5,1600.0,1609.5,3819000.0
2025-06-13,63260,1608.0,1615.5,1579.0,1579.5,0,0,4324700.0,6872094900.0,1.0,1608.0,1615.5,1579.0,1579.5,4324700.0
2025-06-16,63260,1588.0,1594.0,1574.0,1574.5,0,0,3716300.0,5872774250.0,1.0,1588.0,1594.0,1574.0,1574.5,3716300.0
2025-06-17,63260,1590.0,1612.5,1587.5,1605.0,0,0,4702000.0,7530866650.0,1.0,1590.0,1612.5,1587.5,1605.0,4702000.0
2025-06-18,63260,1587.0,1609.0,1579.5,1609.0,0,0,4487500.0,7181409400.0,1.0,1587.0,1609.0,1579.5,1609.0,4487500.0
2025-06-19,63260,1596.0,1602.5,1574.5,1581.5,0,0,3301000.0,5226940250.0,1.0,1596.0,1602.5,1574.5,1581.5,3301000.0
2025-06-20,63260,1585.0,1593.5,1567.0,1569.0,0,0,9637100.0,15147914050.0,1.0,1585.0,1593.5,1567.0,1569.0,9637100.0
2025-06-23,63260,1575.0,1579.0,1549.0,1575.5,0,0,3753500.0,5893105350.0,1.0,1575.0,1579.0,1549.0,1575.5,3753500.0
2025-06-24,63260,1593.5,1605.0,1578.0,1590.5,0,0,2704800.0,4302111300.0,1.0,1593.5,1605.0,1578.0,1590.5,2704800.0
2025-06-25,63260,1597.0,1597.0,1575.0,1596.0,0,0,3197000.0,5084498400.0,1.0,1597.0,1597.0,1575.0,1596.0,3197000.0
2025-06-26,63260,1594.5,1613.0,1589.0,1609.0,0,0,4180000.0,6708715250.0,1.0,1594.5,1613.0,1589.0,1609.0,4180000.0
2025-06-27,63260,1615.0,1622.0,1604.0,1610.0,0,0,4621800.0,7454791400.0,1.0,1615.0,1622.0,1604.0,1610.0,4621800.0
2025-06-30,63260,1627.0,1636.5,1615.5,1622.0,0,0,4215300.0,6852915350.0,1.0,1627.0,1636.5,1615.5,1622.0,4215300.0
2025-07-01,63260,1636.5,1647.5,1608.0,1625.5,0,0,4014500.0,6528523300.0,1.0,1636.5,1647.5,1608.0,1625.5,4014500.0
2025-07-02,63260,1624.0,1632.0,1606.5,1629.5,0,0,2845300.0,4622406000.0,1.0,1624.0,1632.0,1606.5,1629.5,2845300.0
2025-07-03,63260,1624.0,1651.0,1608.5,1649.5,0,0,3682200.0,6036528350.0,1.0,1624.0,1651.0,1608.5,1649.5,3682200.0
2025-07-04,63260,1652.0,1661.0,1633.5,1633.5,0,0,2946400.0,4832453800.0,1.0,1652.0,1661.0,1633.5,1633.5,2946400.0
2025-07-07,63260,1634.5,1640.5,1601.0,1607.0,0,0,3118800.0,5032050800.0,1.0,1634.5,1640.5,1601.0,1607.0,3118800.0
2025-07-08,63260,1603.0,1624.0,1591.5,1613.5,0,0,3768100.0,6077079100.0,1.0,1603.0,1624.0,1591.5,1613.5,3768100.0
2025-07-09,63260,1632.5,1649.5,1624.5,1642.5,0,0,2936700.0,4814166550.0,1.0,1632.5,1649.5,1624.5,1642.5,2936700.0
2025-07-10,63260,1633.0,1637.5,1611.5,1614.5,0,0,3760500.0,6082263450.0,1.0,1633.0,1637.5,1611.5,1614.5,3760500.0
2025-07-11,63260,1640.5,1672.0,1628.0,1665.0,0,0,4830500.0,7995379300.0,1.0,1640.5,1672.0,1628.0,1665.0,4830500.0
2025-07-14,63260,1648.0,1663.0,1640.5,1649.0,0,0,3125800.0,5163954800.0,1.0,1648.0,1663.0,1640.5,1649.0,3125800.0
2025-07-15,63260,1633.5,1638.0,1616.0,1620.5,0,0,2654700.0,4310102950.0,1.0,1633.5,1638.0,1616.0,1620.5,2654700.0
2025-07-16,63260,1621.0,1621.5,1594.0,1594.0,0,0,3082500.0,4936596050.0,1.0,1621.0,1621.5,1594.0,1594.0,3082500.0
2025-07-17,63260,1583.5,1606.5,1580.5,1604.0,0,0,3017500.0,4818594500.0,1.0,1583.5,1606.5,1580.5,1604.0,3017500.0
2025-07-18,63260,1608.0,1616.0,1604.5,1612.5,0,0,2828000.0,4558100200.0,1.0,1608.0,1616.0,1604.5,1612.5,2828000.0
2025-07-22,63260,1625.0,1632.5,1592.0,1601.5,0,0,3293200.0,5291689100.0,1.0,1625.0,1632.5,1592.0,1601.5,3293200.0
2025-07-23,63260,1710.0,1762.0,1688.0,1757.0,0,0,9469400.0,16394991450.0,1.0,1710.0,1762.0,1688.0,1757.0,9469400.0
2025-07-24,63260,1741.0,1759.0,1737.0,1744.0,0,0,5270200.0,9213825000.0,1.0,1741.0,1759.0,1737.0,1744.0,5270200.0
2025-07-25,63260,1730.0,1734.5,1707.5,1713.0,0,0,3308000.0,5679922700.0,1.0,1730.0,1734.5,1707.5,1713.0,3308000.0
2025-07-28,63260,1713.5,1718.5,1706.5,1712.5,0,0,2531500.0,4334696950.0,1.0,1713.5,1718.5,1706.5,1712.5,2531500.0
2025-07-29,63260,1685.0,1692.0,1677.5,1682.0,0,0,2296600.0,3866505000.0,1.0,1685.0,1692.0,1677.5,1682.0,2296600.0
2025-07-30,63260,1670.0,1677.0,1662.5,1672.5,0,0,2598400.0,4343531000.0,1.0,1670.0,1677.0,1662.5,1672.5,2598400.0
2025-07-31,63260,1676.0,1694.5,1670.5,1689.5,0,0,3372100.0,5684673900.0,1.0,1676.0,1694.5,1670.5,1689.5,3372100.0
2025-08-01,63260,1698.5,1726.0,1693.5,1710.0,0,0,3987400.0,6824316250.0,1.0,1698.5,1726.0,1693.5,1710.0,3987400.0
2025-08-04,63260,1638.5,1680.0,1638.5,1673.5,0,0,3470400.0,5779140300.0,1.0,1638.5,1680.0,1638.5,1673.5,3470400.0
2025-08-05,63260,1672.0,1705.0,1616.5,1655.0,0,0,7012100.0,11660196250.0,1.0,1672.0,1705.0,1616.5,1655.0,7012100.0
2025-08-06,63260,1778.0,1779.0,1731.0,1731.0,0,0,8923000.0,15657823450.0,1.0,1778.0,1779.0,1731.0,1731.0,8923000.0
2025-08-07,63260,1715.0,1754.5,1708.5,1741.0,0,0,6136100.0,10658698950.0,1.0,1715.0,1754.5,1708.5,1741.0,6136100.0
2025-08-08,63260,1753.0,1800.0,1738.5,1800.0,0,0,5258300.0,9387710300.0,1.0,1753.0,1800.0,1738.5,1800.0,5258300.0
2025-08-12,63260,1806.0,1816.5,1792.0,1796.5,0,0,4503800.0,8111114300.0,1.0,1806.0,1816.5,1792.0,1796.5,4503800.0
2025-08-13,63260,1798.5,1822.5,1786.5,1791.0,0,0,4008500.0,7220712150.0,1.0,1798.5,1822.5,1786.5,1791.0,4008500.0
2025-08-14,63260,1780.0,1795.0,1767.5,1774.5,0,0,3387600.0,6020700000.0,1.0,1780.0,1795.0,1767.5,1774.5,3387600.0
2025-08-15,63260,1755.0,1796.5,1755.0,1796.5,0,0,4091100.0,7301227450.0,1.0,1755.0,1796.5,1755.0,1796.5,4091100.0
2025-08-18,63260,1808.5,1844.5,1803.0,1837.0,0,0,4414700.0,8072563350.0,1.0,1808.5,1844.5,1803.0,1837.0,4414700.0
2025-08-19,63260,1830.0,1833.0,1804.0,1807.0,0,0,4132600.0,7488995750.0,1.0,1830.0,1833.0,1804.0,1807.0,4132600.0
2025-08-20,63260,1814.0,1827.5,1753.0,1765.5,0,0,5854700.0,10400940650.0,1.0,1814.0,1827.5,1753.0,1765.5,5854700.0
2025-08-21,63260,1775.0,1779.0,1763.5,1769.0,0,0,3155100.0,5586033150.0,1.0,1775.0,1779.0,1763.5,1769.0,3155100.0
2025-08-22,63260,1770.0,1772.5,1753.5,1765.5,0,0,2733400.0,4817425000.0,1.0,1770.0,1772.5,1753.5,1765.5,2733400.0
2025-08-25,63260,1787.0,1809.0,1785.0,1809.0,0,0,3059400.0,5508614900.0,1.0,1787.0,1809.0,1785.0,1809.0,3059400.0
2025-08-26,63260,1800.0,1809.5,1766.0,1766.0,0,0,4065100.0,7220199700.0,1.0,1800.0,1809.5,1766.0,1766.0,4065100.0
2025-08-27,63260,1760.0,1768.0,1742.0,1751.0,0,0,3082000.0,5395206850.0,1.0,1760.0,1768.0,1742.0,1751.0,3082000.0
2025-08-28,63260,1760.0,1774.5,1750.0,1764.0,0,0,2421900.0,4268947050.0,1.0,1760.0,1774.5,1750.0,1764.0,2421900.0
2025-08-29,63260,1760.0,1762.0,1725.5,1725.5,0,0,3752700.0,6507144700.0,1.0,1760.0,1762.0,1725.5,1725.5,3752700.0
2025-09-01,63260,1714.0,1737.5,1700.0,1732.5,0,0,2572200.0,4425279800.0,1.0,1714.0,1737.5,1700.0,1732.5,2572200.0
2025-09-02,63260,1750.0,1764.0,1743.0,1750.5,0,0,2368100.0,4149210800.0,1.0,1750.0,1764.0,1743.0,1750.5,2368100.0
2025-09-03,63260,1744.5,1761.0,1740.0,1747.0,0,0,3012200.0,5265306950.0,1.0,1744.5,1761.0,1740.0,1747.0,3012200.0
2025-09-04,63260,1756.5,1796.0,1753.5,1786.5,0,0,4255200.0,7576711000.0,1.0,1756.5,1796.0,1753.5,1786.5,4255200.0
2025-09-05,63260,1800.0,1826.5,1797.0,1822.5,0,0,4486100.0,8143128950.0,1.0,1800.0,1826.5,1797.0,1822.5,4486100.0
2025-09-08,63260,1862.0,1864.5,1841.0,1856.0,0,0,3814100.0,7071208550.0,1.0,1862.0,1864.5,1841.0,1856.0,3814100.0
2025-09-09,63260,1856.0,1882.0,1838.5,1872.5,0,0,4398200.0,8214260100.0,1.0,1856.0,1882.0,1838.5,1872.5,4398200.0
2025-09-10,63260,1844.5,1850.0,1813.5,1813.5,0,0,4362700.0,7950089250.0,1.0,1844.5,1850.0,1813.5,1813.5,4362700.0
2025-09-11,63260,1813.0,1828.5,1805.0,1817.0,0,0,2602000.0,4725236650.0,1.0,1813.0,1828.5,1805.0,1817.0,2602000.0
2025-09-12,63260,1847.0,1848.0,1824.5,1831.5,0,0,3540300.0,6506737600.0,1.0,1847.0,1848.0,1824.5,1831.5,3540300.0
2025-09-16,63260,1850.0,1879.0,1847.5,1857.0,0,0,3630000.0,6766105750.0,1.0,1850.0,1879.0,1847.5,1857.0,3630000.0
2025-09-17,63260,1850.0,1852.0,1829.0,1831.0,0,0,2424700.0,4450403850.0,1.0,1850.0,1852.0,1829.0,1831.0,2424700.0
2025-09-18,63260,1844.0,1865.0,1832.0,1865.0,0,0,3143300.0,5839196250.0,1.0,1844.0,1865.0,1832.0,1865.0,3143300.0
2025-09-19,63260,1875.0,1894.0,1844.0,1856.5,0,0,6488500.0,12095424200.0,1.0,1875.0,1894.0,1844.0,1856.5,6488500.0
2025-09-22,63260,1857.0,1893.0,1847.0,1877.0,0,0,2920100.0,5483480900.0,1.0,1857.0,1893.0,1847.0,1877.0,2920100.0
2025-09-24,63260,1885.0,1893.5,1852.0,1852.0,0,0,3547700.0,6595698000.0,1.0,1885.0,1893.5,1852.0,1852.0,3547700.0
2025-09-25,63260,1875.5,1899.5,1870.5,1897.0,0,0,4070500.0,7696902800.0,1.0,1875.5,1899.5,1870.5,1897.0,4070500.0
2025-09-26,63260,1912.0,1928.0,1895.0,1909.5,0,0,4122600.0,7866501800.0,1.0,1912.0,1928.0,1895.0,1909.5,4122600.0
2025-09-29,63260,1913.5,1917.0,1852.5,1856.0,0,0,4696400.0,8777068950.0,1.0,1913.5,1917.0,1852.5,1856.0,4696400.0
2025-09-30,63260,1848.5,1871.5,1846.0,1863.0,0,0,4156300.0,7731331400.0,1.0,1848.5,1871.5,1846.0,1863.0,4156300.0
2025-10-01,63260,1832.0,1847.0,1808.0,1819.5,0,0,4146900.0,7562734500.0,1.0,1832.0,1847.0,1808.0,1819.5,4146900.0
2025-10-02,63260,1819.5,1885.0,1818.5,1872.0,0,0,5079400.0,9438406700.0,1.0,1819.5,1885.0,1818.5,1872.0,5079400.0
2025-10-03,63260,1876.5,1918.0,1875.0,1918.0,0,0,4694800.0,8950420100.0,1.0,1876.5,1918.0,1875.0,1918.0,4694800.0
2025-10-06,63260,1998.0,1999.0,1948.0,1962.0,0,0,5435800.0,10698849650.0,1.0,1998.0,1999.0,1948.0,1962.0,5435800.0
2025-10-07,63260,1963.5,1974.0,1943.5,1952.5,0,0,3649800.0,7140573050.0,1.0,1963.5,1974.0,1943.5,1952.5,3649800.0
2025-10-08,63260,1971.0,1973.0,1947.5,1947.5,0,0,3295100.0,6443050350.0,1.0,1971.0,1973.0,1947.5,1947.5,3295100.0
2025-10-09,63260,1957.5,1959.0,1930.5,1950.0,0,0,3901200.0,7592467750.0,1.0,1957.5,1959.0,1930.5,1950.0,3901200.0
2025-10-10,63260,1920.0,1924.5,1892.0,1899.0,0,0,3582800.0,6829329200.0,1.0,1920.0,1924.5,1892.0,1899.0,3582800.0
2025-10-14,63260,1859.0,1900.0,1851.5,1900.0,0,0,5434400.0,10266093450.0,1.0,1859.0,1900.0,1851.5,1900.0,5434400.0
2025-10-15,63260,1926.0,2048.0,1923.0,2048.0,0,0,7711200.0,15529035900.0,1.0,1926.0,2048.0,1923.0,2048.0,7711200.0
2025-10-16,63260,2050.0,2072.0,2040.0,2052.0,0,0,4900600.0,10052935950.0,1.0,2050.0,2072.0,2040.0,2052.0,4900600.0
2025-10-17,63260,2041.0,2061.5,2030.5,2037.0,0,0,4383300.0,8952975550.0,1.0,2041.0,2061.5,2030.5,2037.0,4383300.0
2025-10-20,63260,2061.5,2070.0,2047.5,2069.0,0,0,3299600.0,6800921150.0,1.0,2061.5,2070.0,2047.5,2069.0,3299600.0
2025-10-21,63260,2080.0,2091.5,2064.0,2065.0,0,0,3601200.0,7469589850.0,1.0,2080.0,2091.5,2064.0,2065.0,3601200.0
2025-10-22,63260,2070.0,2110.5,2068.5,2109.0,0,0,5922000.0,12428540000.0,1.0,2070.0,2110.5,2068.5,2109.0,5922000.0
2025-10-23,63260,2090.0,2097.5,2058.0,2064.5,0,0,4639400.0,9608171350.0,1.0,2090.0,2097.5,2058.0,2064.5,4639400.0
2025-10-24,63260,2065.0,2105.0,2062.0,2105.0,0,0,3487300.0,7308724200.0,1.0,2065.0,2105.0,2062.0,2105.0,3487300.0
2025-10-27,63260,2121.0,2125.0,2103.0,2111.0,0,0,4492900.0,9496979700.0,1.0,2121.0,2125.0,2103.0,2111.0,4492900.0
2025-10-28,63260,2115.0,2133.5,2091.0,2098.5,0,0,3322500.0,7004573750.0,1.0,2115.0,2133.5,2091.0,2098.5,3322500.0
2025-10-29,63260,2100.0,2103.5,2042.5,2058.5,0,0,3609000.0,7437279850.0,1.0,2100.0,2103.5,2042.5,2058.5,3609000.0
