Date,Code,Open,High,Low,Close,UpperLimit,LowerLimit,Volume,TurnoverValue,AdjustmentFactor,AdjustmentOpen,AdjustmentHigh,AdjustmentLow,AdjustmentClose,AdjustmentVolume
2020-10-29,64320,2301.0,2337.0,2265.0,2319.0,0,0,345600.0,796826300.0,1.0,2301.0,2337.0,2265.0,2319.0,345600.0
2020-10-30,64320,2287.0,2316.0,2237.0,2262.0,0,0,276200.0,624178600.0,1.0,2287.0,2316.0,2237.0,2262.0,276200.0
2020-11-02,64320,2270.0,2286.0,2215.0,2278.0,0,0,214000.0,484620900.0,1.0,2270.0,2286.0,2215.0,2278.0,214000.0
2020-11-04,64320,2328.0,2368.0,2294.0,2357.0,0,0,273600.0,642230700.0,1.0,2328.0,2368.0,2294.0,2357.0,273600.0
2020-11-05,64320,2375.0,2375.0,2296.0,2330.0,0,0,332700.0,772259400.0,1.0,2375.0,2375.0,2296.0,2330.0,332700.0
2020-11-06,64320,2334.0,2365.0,2303.0,2359.0,0,0,309400.0,724965000.0,1.0,2334.0,2365.0,2303.0,2359.0,309400.0
2020-11-09,64320,2401.0,2408.0,2319.0,2401.0,0,0,271400.0,645814100.0,1.0,2401.0,2408.0,2319.0,2401.0,271400.0
2020-11-10,64320,2436.0,2439.0,2378.0,2407.0,0,0,175600.0,423857600.0,1.0,2436.0,2439.0,2378.0,2407.0,175600.0
2020-11-11,64320,2441.0,2498.0,2440.0,2474.0,0,0,307300.0,758745300.0,1.0,2441.0,2498.0,2440.0,2474.0,307300.0
2020-11-12,64320,2479.0,2479.0,2425.0,2470.0,0,0,193900.0,476996700.0,1.0,2479.0,2479.0,2425.0,2470.0,193900.0
2020-11-13,64320,2442.0,2442.0,2383.0,2403.0,0,0,182800.0,439092600.0,1.0,2442.0,2442.0,2383.0,2403.0,182800.0
2020-11-16,64320,2450.0,2509.0,2437.0,2489.0,0,0,244200.0,605955500.0,1.0,2450.0,2509.0,2437.0,2489.0,244200.0
2020-11-17,64320,2520.0,2539.0,2494.0,2516.0,0,0,278300.0,701506800.0,1.0,2520.0,2539.0,2494.0,2516.0,278300.0
2020-11-18,64320,2469.0,2473.0,2432.0,2460.0,0,0,256500.0,628802800.0,1.0,2469.0,2473.0,2432.0,2460.0,256500.0
2020-11-19,64320,2455.0,2455.0,2407.0,2427.0,0,0,127000.0,307780700.0,1.0,2455.0,2455.0,2407.0,2427.0,127000.0
2020-11-20,64320,2408.0,2475.0,2391.0,2472.0,0,0,158900.0,388346200.0,1.0,2408.0,2475.0,2391.0,2472.0,158900.0
2020-11-24,64320,2550.0,2575.0,2515.0,2549.0,0,0,291500.0,745474800.0,1.0,2550.0,2575.0,2515.0,2549.0,291500.0
2020-11-25,64320,2595.0,2619.0,2536.0,2539.0,0,0,250400.0,646093800.0,1.0,2595.0,2619.0,2536.0,2539.0,250400.0
2020-11-26,64320,2516.0,2550.0,2472.0,2529.0,0,0,163000.0,411711900.0,1.0,2516.0,2550.0,2472.0,2529.0,163000.0
2020-11-27,64320,2535.0,2572.0,2514.0,2551.0,0,0,179900.0,458526100.0,1.0,2535.0,2572.0,2514.0,2551.0,179900.0
2020-11-30,64320,2545.0,2550.0,2451.0,2457.0,0,0,239300.0,595310500.0,1.0,2545.0,2550.0,2451.0,2457.0,239300.0
2020-12-01,64320,2460.0,2516.0,2460.0,2497.0,0,0,139000.0,347290100.0,1.0,2460.0,2516.0,2460.0,2497.0,139000.0
2020-12-02,64320,2519.0,2577.0,2492.0,2557.0,0,0,264900.0,676125400.0,1.0,2519.0,2577.0,2492.0,2557.0,264900.0
2020-12-03,64320,2554.0,2554.0,2516.0,2533.0,0,0,109400.0,277369500.0,1.0,2554.0,2554.0,2516.0,2533.0,109400.0
2020-12-04,64320,2507.0,2542.0,2490.0,2500.0,0,0,140400.0,351606500.0,1.0,2507.0,2542.0,2490.0,2500.0,140400.0
2020-12-07,64320,2529.0,2534.0,2493.0,2508.0,0,0,132900.0,333532000.0,1.0,2529.0,2534.0,2493.0,2508.0,132900.0
2020-12-08,64320,2494.0,2518.0,2481.0,2508.0,0,0,89600.0,224591900.0,1.0,2494.0,2518.0,2481.0,2508.0,89600.0
2020-12-09,64320,2508.0,2523.0,2500.0,2520.0,0,0,100200.0,251952200.0,1.0,2508.0,2523.0,2500.0,2520.0,100200.0
2020-12-10,64320,2514.0,2529.0,2498.0,2517.0,0,0,87100.0,219294000.0,1.0,2514.0,2529.0,2498.0,2517.0,87100.0
2020-12-11,64320,2501.0,2518.0,2417.0,2446.0,0,0,233100.0,571563600.0,1.0,2501.0,2518.0,2417.0,2446.0,233100.0
2020-12-14,64320,2424.0,2456.0,2405.0,2435.0,0,0,222500.0,542184400.0,1.0,2424.0,2456.0,2405.0,2435.0,222500.0
2020-12-15,64320,2426.0,2459.0,2419.0,2436.0,0,0,146700.0,358049300.0,1.0,2426.0,2459.0,2419.0,2436.0,146700.0
2020-12-16,64320,2448.0,2448.0,2421.0,2440.0,0,0,111800.0,272426900.0,1.0,2448.0,2448.0,2421.0,2440.0,111800.0
2020-12-17,64320,2416.0,2434.0,2396.0,2434.0,0,0,144300.0,349288800.0,1.0,2416.0,2434.0,2396.0,2434.0,144300.0
2020-12-18,64320,2434.0,2447.0,2412.0,2412.0,0,0,158900.0,384959400.0,1.0,2434.0,2447.0,2412.0,2412.0,158900.0
2020-12-21,64320,2412.0,2432.0,2391.0,2415.0,0,0,135100.0,325449700.0,1.0,2412.0,2432.0,2391.0,2415.0,135100.0
2020-12-22,64320,2409.0,2429.0,2394.0,2400.0,0,0,220700.0,531988800.0,1.0,2409.0,2429.0,2394.0,2400.0,220700.0
2020-12-23,64320,2415.0,2420.0,2348.0,2365.0,0,0,104200.0,246767800.0,1.0,2415.0,2420.0,2348.0,2365.0,104200.0
2020-12-24,64320,2393.0,2402.0,2360.0,2365.0,0,0,123200.0,292349000.0,1.0,2393.0,2402.0,2360.0,2365.0,123200.0
2020-12-25,64320,2384.0,2398.0,2363.0,2392.0,0,0,99800.0,237754000.0,1.0,2384.0,2398.0,2363.0,2392.0,99800.0
2020-12-28,64320,2383.0,2398.0,2360.0,2395.0,0,0,175600.0,418159000.0,1.0,2383.0,2398.0,2360.0,2395.0,175600.0
2020-12-29,64320,2402.0,2439.0,2366.0,2436.0,0,0,171000.0,411895600.0,1.0,2402.0,2439.0,2366.0,2436.0,171000.0
2020-12-30,64320,2403.0,2449.0,2377.0,2431.0,0,0,211500.0,510770700.0,1.0,2403.0,2449.0,2377.0,2431.0,211500.0
2021-01-04,64320,2435.0,2439.0,2367.0,2387.0,0,0,190100.0,453316700.0,1.0,2435.0,2439.0,2367.0,2387.0,190100.0
2021-01-05,64320,2380.0,2435.0,2362.0,2431.0,0,0,157000.0,379048900.0,1.0,2380.0,2435.0,2362.0,2431.0,157000.0
2021-01-06,64320,2439.0,2488.0,2438.0,2459.0,0,0,209800.0,516317900.0,1.0,2439.0,2488.0,2438.0,2459.0,209800.0
2021-01-07,64320,2535.0,2627.0,2530.0,2624.0,0,0,455100.0,1180530000.0,1.0,2535.0,2627.0,2530.0,2624.0,455100.0
2021-01-08,64320,2619.0,2652.0,2588.0,2632.0,0,0,341100.0,895084700.0,1.0,2619.0,2652.0,2588.0,2632.0,341100.0
2021-01-12,64320,2642.0,2669.0,2619.0,2669.0,0,0,248100.0,656666800.0,1.0,2642.0,2669.0,2619.0,2669.0,248100.0
2021-01-13,64320,2699.0,2824.0,2666.0,2686.0,0,0,471400.0,1279046300.0,1.0,2699.0,2824.0,2666.0,2686.0,471400.0
2021-01-14,64320,2643.0,2677.0,2583.0,2607.0,0,0,342500.0,894295700.0,1.0,2643.0,2677.0,2583.0,2607.0,342500.0
2021-01-15,64320,2650.0,2651.0,2520.0,2520.0,0,0,320800.0,816120200.0,1.0,2650.0,2651.0,2520.0,2520.0,320800.0
2021-01-18,64320,2489.0,2493.0,2449.0,2472.0,0,0,226100.0,559208100.0,1.0,2489.0,2493.0,2449.0,2472.0,226100.0
2021-01-19,64320,2484.0,2488.0,2447.0,2458.0,0,0,169400.0,416982700.0,1.0,2484.0,2488.0,2447.0,2458.0,169400.0
2021-01-20,64320,2458.0,2491.0,2439.0,2487.0,0,0,175400.0,433368500.0,1.0,2458.0,2491.0,2439.0,2487.0,175400.0
2021-01-21,64320,2502.0,2527.0,2493.0,2504.0,0,0,177800.0,445717600.0,1.0,2502.0,2527.0,2493.0,2504.0,177800.0
2021-01-22,64320,2470.0,2479.0,2427.0,2441.0,0,0,257700.0,630899200.0,1.0,2470.0,2479.0,2427.0,2441.0,257700.0
2021-01-25,64320,2465.0,2465.0,2397.0,2404.0,0,0,208200.0,503415800.0,1.0,2465.0,2465.0,2397.0,2404.0,208200.0
2021-01-26,64320,2404.0,2432.0,2377.0,2385.0,0,0,218900.0,524744400.0,1.0,2404.0,2432.0,2377.0,2385.0,218900.0
2021-01-27,64320,2462.0,2462.0,2415.0,2458.0,0,0,236800.0,578296900.0,1.0,2462.0,2462.0,2415.0,2458.0,236800.0
2021-01-28,64320,2408.0,2468.0,2398.0,2434.0,0,0,234800.0,573530600.0,1.0,2408.0,2468.0,2398.0,2434.0,234800.0
2021-01-29,64320,2440.0,2444.0,2377.0,2379.0,0,0,182800.0,438697800.0,1.0,2440.0,2444.0,2377.0,2379.0,182800.0
2021-02-01,64320,2370.0,2440.0,2369.0,2426.0,0,0,184100.0,445784000.0,1.0,2370.0,2440.0,2369.0,2426.0,184100.0
2021-02-02,64320,2449.0,2484.0,2432.0,2484.0,0,0,191200.0,470959500.0,1.0,2449.0,2484.0,2432.0,2484.0,191200.0
2021-02-03,64320,2493.0,2530.0,2487.0,2499.0,0,0,166700.0,416852800.0,1.0,2493.0,2530.0,2487.0,2499.0,166700.0
2021-02-04,64320,2484.0,2504.0,2462.0,2487.0,0,0,92500.0,229669700.0,1.0,2484.0,2504.0,2462.0,2487.0,92500.0
2021-02-05,64320,2516.0,2595.0,2505.0,2587.0,0,0,345400.0,884517500.0,1.0,2516.0,2595.0,2505.0,2587.0,345400.0
2021-02-08,64320,2586.0,2609.0,2558.0,2577.0,0,0,238200.0,615127400.0,1.0,2586.0,2609.0,2558.0,2577.0,238200.0
2021-02-09,64320,2623.0,2646.0,2601.0,2613.0,0,0,228100.0,597320100.0,1.0,2623.0,2646.0,2601.0,2613.0,228100.0
2021-02-10,64320,2630.0,2660.0,2621.0,2650.0,0,0,255600.0,677029600.0,1.0,2630.0,2660.0,2621.0,2650.0,255600.0
2021-02-12,64320,2655.0,2709.0,2633.0,2648.0,0,0,213100.0,567620600.0,1.0,2655.0,2709.0,2633.0,2648.0,213100.0
2021-02-15,64320,2685.0,2746.0,2668.0,2743.0,0,0,312200.0,848180000.0,1.0,2685.0,2746.0,2668.0,2743.0,312200.0
2021-02-16,64320,2761.0,2856.0,2753.0,2768.0,0,0,361400.0,1008600700.0,1.0,2761.0,2856.0,2753.0,2768.0,361400.0
2021-02-17,64320,2753.0,2825.0,2726.0,2819.0,0,0,255800.0,714713500.0,1.0,2753.0,2825.0,2726.0,2819.0,255800.0
2021-02-18,64320,2800.0,2802.0,2752.0,2760.0,0,0,145500.0,402701000.0,1.0,2800.0,2802.0,2752.0,2760.0,145500.0
2021-02-19,64320,2733.0,2799.0,2725.0,2770.0,0,0,227900.0,630073900.0,1.0,2733.0,2799.0,2725.0,2770.0,227900.0
2021-02-22,64320,2815.0,2848.0,2779.0,2779.0,0,0,246100.0,691161300.0,1.0,2815.0,2848.0,2779.0,2779.0,246100.0
2021-02-24,64320,2825.0,2907.0,2764.0,2767.0,0,0,456100.0,1291185100.0,1.0,2825.0,2907.0,2764.0,2767.0,456100.0
2021-02-25,64320,2809.0,2847.0,2795.0,2830.0,0,0,298900.0,845517800.0,1.0,2809.0,2847.0,2795.0,2830.0,298900.0
2021-02-26,64320,2757.0,2763.0,2695.0,2695.0,0,0,359100.0,980555100.0,1.0,2757.0,2763.0,2695.0,2695.0,359100.0
2021-03-01,64320,2723.0,2746.0,2695.0,2744.0,0,0,204100.0,556634900.0,1.0,2723.0,2746.0,2695.0,2744.0,204100.0
2021-03-02,64320,2794.0,2833.0,2746.0,2813.0,0,0,259100.0,725371400.0,1.0,2794.0,2833.0,2746.0,2813.0,259100.0
2021-03-03,64320,2786.0,2810.0,2775.0,2801.0,0,0,87500.0,244605700.0,1.0,2786.0,2810.0,2775.0,2801.0,87500.0
2021-03-04,64320,2798.0,2863.0,2789.0,2850.0,0,0,269700.0,766752700.0,1.0,2798.0,2863.0,2789.0,2850.0,269700.0
2021-03-05,64320,2826.0,2908.0,2797.0,2908.0,0,0,343800.0,984074500.0,1.0,2826.0,2908.0,2797.0,2908.0,343800.0
2021-03-08,64320,2970.0,2977.0,2892.0,2907.0,0,0,216600.0,635532700.0,1.0,2970.0,2977.0,2892.0,2907.0,216600.0
2021-03-09,64320,2936.0,2936.0,2845.0,2867.0,0,0,206400.0,593098700.0,1.0,2936.0,2936.0,2845.0,2867.0,206400.0
2021-03-10,64320,2900.0,2939.0,2882.0,2923.0,0,0,191000.0,557139300.0,1.0,2900.0,2939.0,2882.0,2923.0,191000.0
2021-03-11,64320,2916.0,2960.0,2886.0,2894.0,0,0,185400.0,540548300.0,1.0,2916.0,2960.0,2886.0,2894.0,185400.0
2021-03-12,64320,2890.0,2988.0,2882.0,2976.0,0,0,267400.0,787613100.0,1.0,2890.0,2988.0,2882.0,2976.0,267400.0
2021-03-15,64320,3020.0,3045.0,2997.0,3035.0,0,0,254700.0,770038600.0,1.0,3020.0,3045.0,2997.0,3035.0,254700.0
2021-03-16,64320,3045.0,3075.0,2998.0,3020.0,0,0,157300.0,476839700.0,1.0,3045.0,3075.0,2998.0,3020.0,157300.0
2021-03-17,64320,3025.0,3045.0,2977.0,3035.0,0,0,120400.0,363554300.0,1.0,3025.0,3045.0,2977.0,3035.0,120400.0
2021-03-18,64320,3075.0,3105.0,3050.0,3095.0,0,0,167100.0,515592000.0,1.0,3075.0,3105.0,3050.0,3095.0,167100.0
2021-03-19,64320,3060.0,3130.0,3055.0,3110.0,0,0,190700.0,591191000.0,1.0,3060.0,3130.0,3055.0,3110.0,190700.0
2021-03-22,64320,3120.0,3170.0,3090.0,3150.0,0,0,171000.0,537058000.0,1.0,3120.0,3170.0,3090.0,3150.0,171000.0
2021-03-23,64320,3130.0,3160.0,3075.0,3075.0,0,0,126500.0,393298500.0,1.0,3130.0,3160.0,3075.0,3075.0,126500.0
2021-03-24,64320,2950.0,2994.0,2920.0,2950.0,0,0,301800.0,895083100.0,1.0,2950.0,2994.0,2920.0,2950.0,301800.0
2021-03-25,64320,3000.0,3050.0,2970.0,2980.0,0,0,235700.0,706735800.0,1.0,3000.0,3050.0,2970.0,2980.0,235700.0
2021-03-26,64320,3085.0,3085.0,3035.0,3040.0,0,0,133400.0,407065000.0,1.0,3085.0,3085.0,3035.0,3040.0,133400.0
2021-03-29,64320,3100.0,3110.0,3045.0,3100.0,0,0,213200.0,657887500.0,1.0,3100.0,3110.0,3045.0,3100.0,213200.0
2021-03-30,64320,3090.0,3135.0,3060.0,3135.0,0,0,146200.0,454818000.0,1.0,3090.0,3135.0,3060.0,3135.0,146200.0
2021-03-31,64320,3160.0,3160.0,3075.0,3095.0,0,0,186700.0,580644500.0,1.0,3160.0,3160.0,3075.0,3095.0,186700.0
2021-04-01,64320,3065.0,3080.0,3015.0,3035.0,0,0,164400.0,499726500.0,1.0,3065.0,3080.0,3015.0,3035.0,164400.0
2021-04-02,64320,3050.0,3065.0,3020.0,3040.0,0,0,128100.0,388640000.0,1.0,3050.0,3065.0,3020.0,3040.0,128100.0
2021-04-05,64320,3030.0,3075.0,2982.0,3050.0,0,0,210500.0,639615900.0,1.0,3030.0,3075.0,2982.0,3050.0,210500.0
2021-04-06,64320,3015.0,3045.0,2951.0,2994.0,0,0,258000.0,770828000.0,1.0,3015.0,3045.0,2951.0,2994.0,258000.0
2021-04-07,64320,3065.0,3075.0,3030.0,3055.0,0,0,254500.0,778219500.0,1.0,3065.0,3075.0,3030.0,3055.0,254500.0
2021-04-08,64320,3030.0,3035.0,2982.0,3030.0,0,0,190700.0,573780300.0,1.0,3030.0,3035.0,2982.0,3030.0,190700.0
2021-04-09,64320,2944.0,3010.0,2919.0,2945.0,0,0,423500.0,1250574300.0,1.0,2944.0,3010.0,2919.0,2945.0,423500.0
2021-04-12,64320,2850.0,2960.0,2839.0,2898.0,0,0,713200.0,2069273400.0,1.0,2850.0,2960.0,2839.0,2898.0,713200.0
2021-04-13,64320,2918.0,2949.0,2895.0,2897.0,0,0,234900.0,683285200.0,1.0,2918.0,2949.0,2895.0,2897.0,234900.0
2021-04-14,64320,2947.0,2994.0,2926.0,2987.0,0,0,352300.0,1046507600.0,1.0,2947.0,2994.0,2926.0,2987.0,352300.0
2021-04-15,64320,3000.0,3040.0,2962.0,3025.0,0,0,331300.0,996815700.0,1.0,3000.0,3040.0,2962.0,3025.0,331300.0
2021-04-16,64320,3065.0,3075.0,2991.0,2992.0,0,0,166800.0,502846600.0,1.0,3065.0,3075.0,2991.0,2992.0,166800.0
2021-04-19,64320,2966.0,3015.0,2949.0,2986.0,0,0,112000.0,334410500.0,1.0,2966.0,3015.0,2949.0,2986.0,112000.0
2021-04-20,64320,2940.0,3020.0,2928.0,3020.0,0,0,241300.0,721844100.0,1.0,2940.0,3020.0,2928.0,3020.0,241300.0
2021-04-21,64320,2985.0,3015.0,2881.0,2899.0,0,0,249300.0,729156900.0,1.0,2985.0,3015.0,2881.0,2899.0,249300.0
2021-04-22,64320,2934.0,2983.0,2913.0,2980.0,0,0,197100.0,582673900.0,1.0,2934.0,2983.0,2913.0,2980.0,197100.0
2021-04-23,64320,2963.0,2995.0,2900.0,2919.0,0,0,152500.0,447324700.0,1.0,2963.0,2995.0,2900.0,2919.0,152500.0
2021-04-26,64320,2964.0,2978.0,2930.0,2964.0,0,0,187400.0,555188700.0,1.0,2964.0,2978.0,2930.0,2964.0,187400.0
2021-04-27,64320,2995.0,3040.0,2987.0,3010.0,0,0,248600.0,748904600.0,1.0,2995.0,3040.0,2987.0,3010.0,248600.0
2021-04-28,64320,2998.0,3035.0,2986.0,3015.0,0,0,103700.0,312666100.0,1.0,2998.0,3035.0,2986.0,3015.0,103700.0
2021-04-30,64320,3030.0,3030.0,2938.0,2945.0,0,0,185600.0,550230300.0,1.0,3030.0,3030.0,2938.0,2945.0,185600.0
2021-05-06,64320,3025.0,3085.0,3010.0,3045.0,0,0,267800.0,817534000.0,1.0,3025.0,3085.0,3010.0,3045.0,267800.0
2021-05-07,64320,3080.0,3110.0,3070.0,3105.0,0,0,156700.0,484935000.0,1.0,3080.0,3110.0,3070.0,3105.0,156700.0
2021-05-10,64320,3105.0,3110.0,3060.0,3075.0,0,0,82900.0,255018000.0,1.0,3105.0,3110.0,3060.0,3075.0,82900.0
2021-05-11,64320,3040.0,3040.0,2959.0,2961.0,0,0,181200.0,541872200.0,1.0,3040.0,3040.0,2959.0,2961.0,181200.0
2021-05-12,64320,2950.0,2955.0,2865.0,2886.0,0,0,190100.0,551895800.0,1.0,2950.0,2955.0,2865.0,2886.0,190100.0
2021-05-13,64320,2808.0,2862.0,2801.0,2812.0,0,0,232600.0,657880500.0,1.0,2808.0,2862.0,2801.0,2812.0,232600.0
2021-05-14,64320,2880.0,2895.0,2817.0,2852.0,0,0,218700.0,622286300.0,1.0,2880.0,2895.0,2817.0,2852.0,218700.0
2021-05-17,64320,2878.0,2887.0,2823.0,2850.0,0,0,108100.0,307764600.0,1.0,2878.0,2887.0,2823.0,2850.0,108100.0
2021-05-18,64320,2894.0,2954.0,2882.0,2939.0,0,0,124200.0,364198000.0,1.0,2894.0,2954.0,2882.0,2939.0,124200.0
2021-05-19,64320,2870.0,2904.0,2859.0,2878.0,0,0,214700.0,618329300.0,1.0,2870.0,2904.0,2859.0,2878.0,214700.0
2021-05-20,64320,2860.0,2872.0,2838.0,2849.0,0,0,127000.0,362191500.0,1.0,2860.0,2872.0,2838.0,2849.0,127000.0
2021-05-21,64320,2835.0,2861.0,2823.0,2845.0,0,0,138600.0,394266700.0,1.0,2835.0,2861.0,2823.0,2845.0,138600.0
2021-05-24,64320,2860.0,2901.0,2860.0,2891.0,0,0,168600.0,485984500.0,1.0,2860.0,2901.0,2860.0,2891.0,168600.0
2021-05-25,64320,2919.0,2927.0,2891.0,2909.0,0,0,125500.0,365302200.0,1.0,2919.0,2927.0,2891.0,2909.0,125500.0
2021-05-26,64320,2902.0,2916.0,2849.0,2882.0,0,0,165900.0,476939700.0,1.0,2902.0,2916.0,2849.0,2882.0,165900.0
2021-05-27,64320,2890.0,2890.0,2849.0,2849.0,0,0,151300.0,433148400.0,1.0,2890.0,2890.0,2849.0,2849.0,151300.0
2021-05-28,64320,2936.0,2994.0,2918.0,2979.0,0,0,256700.0,759314200.0,1.0,2936.0,2994.0,2918.0,2979.0,256700.0
2021-05-31,64320,2943.0,2954.0,2878.0,2898.0,0,0,226700.0,657334400.0,1.0,2943.0,2954.0,2878.0,2898.0,226700.0
2021-06-01,64320,2937.0,2946.0,2867.0,2893.0,0,0,118200.0,342035900.0,1.0,2937.0,2946.0,2867.0,2893.0,118200.0
2021-06-02,64320,2943.0,2943.0,2908.0,2932.0,0,0,164700.0,482453100.0,1.0,2943.0,2943.0,2908.0,2932.0,164700.0
2021-06-03,64320,2932.0,3015.0,2926.0,2999.0,0,0,209400.0,625690000.0,1.0,2932.0,3015.0,2926.0,2999.0,209400.0
2021-06-04,64320,3010.0,3010.0,2954.0,2962.0,0,0,118800.0,352267600.0,1.0,3010.0,3010.0,2954.0,2962.0,118800.0
2021-06-07,64320,2953.0,2964.0,2864.0,2902.0,0,0,502000.0,1460785400.0,1.0,2953.0,2964.0,2864.0,2902.0,502000.0
2021-06-08,64320,2888.0,2909.0,2881.0,2890.0,0,0,92400.0,267339800.0,1.0,2888.0,2909.0,2881.0,2890.0,92400.0
2021-06-09,64320,2890.0,2893.0,2853.0,2856.0,0,0,88200.0,252708700.0,1.0,2890.0,2893.0,2853.0,2856.0,88200.0
2021-06-10,64320,2840.0,2857.0,2825.0,2853.0,0,0,99500.0,283027000.0,1.0,2840.0,2857.0,2825.0,2853.0,99500.0
2021-06-11,64320,2815.0,2822.0,2753.0,2785.0,0,0,360900.0,1003592500.0,1.0,2815.0,2822.0,2753.0,2785.0,360900.0
2021-06-14,64320,2794.0,2826.0,2769.0,2815.0,0,0,171600.0,481065300.0,1.0,2794.0,2826.0,2769.0,2815.0,171600.0
2021-06-15,64320,2810.0,2839.0,2796.0,2796.0,0,0,118300.0,332503500.0,1.0,2810.0,2839.0,2796.0,2796.0,118300.0
2021-06-16,64320,2796.0,2816.0,2784.0,2810.0,0,0,157400.0,441271600.0,1.0,2796.0,2816.0,2784.0,2810.0,157400.0
2021-06-17,64320,2804.0,2804.0,2773.0,2774.0,0,0,128900.0,358755300.0,1.0,2804.0,2804.0,2773.0,2774.0,128900.0
2021-06-18,64320,2758.0,2761.0,2710.0,2710.0,0,0,227400.0,620337100.0,1.0,2758.0,2761.0,2710.0,2710.0,227400.0
2021-06-21,64320,2647.0,2675.0,2628.0,2675.0,0,0,185600.0,494126200.0,1.0,2647.0,2675.0,2628.0,2675.0,185600.0
2021-06-22,64320,2739.0,2752.0,2706.0,2740.0,0,0,157100.0,429465000.0,1.0,2739.0,2752.0,2706.0,2740.0,157100.0
2021-06-23,64320,2734.0,2735.0,2686.0,2696.0,0,0,169400.0,457962400.0,1.0,2734.0,2735.0,2686.0,2696.0,169400.0
2021-06-24,64320,2692.0,2763.0,2690.0,2757.0,0,0,158600.0,434975600.0,1.0,2692.0,2763.0,2690.0,2757.0,158600.0
2021-06-25,64320,2790.0,2827.0,2765.0,2816.0,0,0,248500.0,696258700.0,1.0,2790.0,2827.0,2765.0,2816.0,248500.0
2021-06-28,64320,2802.0,2850.0,2802.0,2835.0,0,0,141800.0,401375800.0,1.0,2802.0,2850.0,2802.0,2835.0,141800.0
2021-06-29,64320,2798.0,2815.0,2767.0,2806.0,0,0,143800.0,401677100.0,1.0,2798.0,2815.0,2767.0,2806.0,143800.0
2021-06-30,64320,2801.0,2817.0,2766.0,2767.0,0,0,127500.0,354913900.0,1.0,2801.0,2817.0,2766.0,2767.0,127500.0
2021-07-01,64320,2779.0,2806.0,2776.0,2799.0,0,0,83000.0,231995600.0,1.0,2779.0,2806.0,2776.0,2799.0,83000.0
2021-07-02,64320,2803.0,2842.0,2794.0,2826.0,0,0,107500.0,303570200.0,1.0,2803.0,2842.0,2794.0,2826.0,107500.0
2021-07-05,64320,2835.0,2835.0,2766.0,2777.0,0,0,182200.0,507328100.0,1.0,2835.0,2835.0,2766.0,2777.0,182200.0
2021-07-06,64320,2766.0,2793.0,2743.0,2783.0,0,0,112100.0,311163700.0,1.0,2766.0,2793.0,2743.0,2783.0,112100.0
2021-07-07,64320,2716.0,2732.0,2700.0,2701.0,0,0,243400.0,659550600.0,1.0,2716.0,2732.0,2700.0,2701.0,243400.0
2021-07-08,64320,2704.0,2741.0,2647.0,2647.0,0,0,361200.0,967942600.0,1.0,2704.0,2741.0,2647.0,2647.0,361200.0
2021-07-09,64320,2785.0,2946.0,2780.0,2941.0,0,0,1346700.0,3894249300.0,1.0,2785.0,2946.0,2780.0,2941.0,1346700.0
2021-07-12,64320,2904.0,2940.0,2874.0,2904.0,0,0,529600.0,1537478900.0,1.0,2904.0,2940.0,2874.0,2904.0,529600.0
2021-07-13,64320,2950.0,2956.0,2891.0,2928.0,0,0,370100.0,1080464900.0,1.0,2950.0,2956.0,2891.0,2928.0,370100.0
2021-07-14,64320,2891.0,2932.0,2865.0,2886.0,0,0,292900.0,848973600.0,1.0,2891.0,2932.0,2865.0,2886.0,292900.0
2021-07-15,64320,2910.0,2912.0,2836.0,2839.0,0,0,189800.0,542736800.0,1.0,2910.0,2912.0,2836.0,2839.0,189800.0
2021-07-16,64320,2848.0,2871.0,2820.0,2837.0,0,0,236900.0,675007600.0,1.0,2848.0,2871.0,2820.0,2837.0,236900.0
2021-07-19,64320,2800.0,2814.0,2735.0,2749.0,0,0,265800.0,735062700.0,1.0,2800.0,2814.0,2735.0,2749.0,265800.0
2021-07-20,64320,2728.0,2730.0,2631.0,2631.0,0,0,374500.0,995752100.0,1.0,2728.0,2730.0,2631.0,2631.0,374500.0
2021-07-21,64320,2716.0,2730.0,2655.0,2660.0,0,0,302700.0,811549600.0,1.0,2716.0,2730.0,2655.0,2660.0,302700.0
2021-07-26,64320,2734.0,2757.0,2710.0,2754.0,0,0,185800.0,509816200.0,1.0,2734.0,2757.0,2710.0,2754.0,185800.0
2021-07-27,64320,2777.0,2792.0,2745.0,2752.0,0,0,115000.0,317758400.0,1.0,2777.0,2792.0,2745.0,2752.0,115000.0
2021-07-28,64320,2727.0,2742.0,2705.0,2723.0,0,0,107300.0,291979100.0,1.0,2727.0,2742.0,2705.0,2723.0,107300.0
2021-07-29,64320,2788.0,2794.0,2754.0,2774.0,0,0,213500.0,592002400.0,1.0,2788.0,2794.0,2754.0,2774.0,213500.0
2021-07-30,64320,2750.0,2771.0,2708.0,2714.0,0,0,166200.0,454090100.0,1.0,2750.0,2771.0,2708.0,2714.0,166200.0
2021-08-02,64320,2745.0,2793.0,2737.0,2778.0,0,0,196800.0,545886700.0,1.0,2745.0,2793.0,2737.0,2778.0,196800.0
2021-08-03,64320,2755.0,2798.0,2750.0,2772.0,0,0,104500.0,290076400.0,1.0,2755.0,2798.0,2750.0,2772.0,104500.0
2021-08-04,64320,2772.0,2775.0,2712.0,2715.0,0,0,98500.0,269099200.0,1.0,2772.0,2775.0,2712.0,2715.0,98500.0
2021-08-05,64320,2692.0,2737.0,2686.0,2708.0,0,0,105300.0,285651700.0,1.0,2692.0,2737.0,2686.0,2708.0,105300.0
2021-08-06,64320,2700.0,2720.0,2692.0,2711.0,0,0,96200.0,260329400.0,1.0,2700.0,2720.0,2692.0,2711.0,96200.0
2021-08-10,64320,2729.0,2755.0,2711.0,2733.0,0,0,113100.0,309449900.0,1.0,2729.0,2755.0,2711.0,2733.0,113100.0
2021-08-11,64320,2770.0,2798.0,2766.0,2776.0,0,0,151300.0,420395700.0,1.0,2770.0,2798.0,2766.0,2776.0,151300.0
2021-08-12,64320,2807.0,2848.0,2792.0,2835.0,0,0,278100.0,788030500.0,1.0,2807.0,2848.0,2792.0,2835.0,278100.0
2021-08-13,64320,2800.0,2824.0,2783.0,2824.0,0,0,159000.0,446555300.0,1.0,2800.0,2824.0,2783.0,2824.0,159000.0
2021-08-16,64320,2804.0,2824.0,2720.0,2735.0,0,0,174200.0,477242600.0,1.0,2804.0,2824.0,2720.0,2735.0,174200.0
2021-08-17,64320,2745.0,2763.0,2725.0,2725.0,0,0,105600.0,289369000.0,1.0,2745.0,2763.0,2725.0,2725.0,105600.0
2021-08-18,64320,2675.0,2692.0,2641.0,2682.0,0,0,149800.0,400258800.0,1.0,2675.0,2692.0,2641.0,2682.0,149800.0
2021-08-19,64320,2628.0,2640.0,2580.0,2582.0,0,0,225200.0,586315700.0,1.0,2628.0,2640.0,2580.0,2582.0,225200.0
2021-08-20,64320,2550.0,2577.0,2501.0,2512.0,0,0,202700.0,511302100.0,1.0,2550.0,2577.0,2501.0,2512.0,202700.0
2021-08-23,64320,2520.0,2564.0,2493.0,2550.0,0,0,172500.0,437393400.0,1.0,2520.0,2564.0,2493.0,2550.0,172500.0
2021-08-24,64320,2590.0,2630.0,2588.0,2614.0,0,0,121800.0,318554400.0,1.0,2590.0,2630.0,2588.0,2614.0,121800.0
2021-08-25,64320,2655.0,2666.0,2623.0,2626.0,0,0,94300.0,249113400.0,1.0,2655.0,2666.0,2623.0,2626.0,94300.0
2021-08-26,64320,2634.0,2651.0,2620.0,2623.0,0,0,108100.0,284512000.0,1.0,2634.0,2651.0,2620.0,2623.0,108100.0
2021-08-27,64320,2603.0,2623.0,2596.0,2621.0,0,0,91400.0,238880700.0,1.0,2603.0,2623.0,2596.0,2621.0,91400.0
2021-08-30,64320,2643.0,2666.0,2638.0,2661.0,0,0,100600.0,267192300.0,1.0,2643.0,2666.0,2638.0,2661.0,100600.0
2021-08-31,64320,2631.0,2675.0,2630.0,2654.0,0,0,127700.0,338906700.0,1.0,2631.0,2675.0,2630.0,2654.0,127700.0
2021-09-01,64320,2649.0,2690.0,2646.0,2690.0,0,0,87000.0,232890300.0,1.0,2649.0,2690.0,2646.0,2690.0,87000.0
2021-09-02,64320,2690.0,2697.0,2665.0,2674.0,0,0,70600.0,189136800.0,1.0,2690.0,2697.0,2665.0,2674.0,70600.0
2021-09-03,64320,2699.0,2740.0,2692.0,2722.0,0,0,134900.0,366714700.0,1.0,2699.0,2740.0,2692.0,2722.0,134900.0
2021-09-06,64320,2750.0,2773.0,2730.0,2766.0,0,0,126700.0,349722400.0,1.0,2750.0,2773.0,2730.0,2766.0,126700.0
2021-09-07,64320,2796.0,2816.0,2754.0,2759.0,0,0,145600.0,404448600.0,1.0,2796.0,2816.0,2754.0,2759.0,145600.0
2021-09-08,64320,2739.0,2793.0,2723.0,2793.0,0,0,176700.0,488526800.0,1.0,2739.0,2793.0,2723.0,2793.0,176700.0
2021-09-09,64320,2756.0,2776.0,2736.0,2746.0,0,0,180100.0,495173200.0,1.0,2756.0,2776.0,2736.0,2746.0,180100.0
2021-09-10,64320,2716.0,2758.0,2704.0,2740.0,0,0,214100.0,584630500.0,1.0,2716.0,2758.0,2704.0,2740.0,214100.0
2021-09-13,64320,2721.0,2760.0,2717.0,2760.0,0,0,114200.0,313567900.0,1.0,2721.0,2760.0,2717.0,2760.0,114200.0
2021-09-14,64320,2748.0,2784.0,2745.0,2758.0,0,0,476600.0,1315596500.0,1.0,2748.0,2784.0,2745.0,2758.0,476600.0
2021-09-15,64320,2708.0,2719.0,2630.0,2651.0,0,0,608800.0,1617162100.0,1.0,2708.0,2719.0,2630.0,2651.0,608800.0
2021-09-16,64320,2641.0,2675.0,2627.0,2655.0,0,0,240900.0,638763500.0,1.0,2641.0,2675.0,2627.0,2655.0,240900.0
2021-09-17,64320,2616.0,2673.0,2606.0,2666.0,0,0,194300.0,515683700.0,1.0,2616.0,2673.0,2606.0,2666.0,194300.0
2021-09-21,64320,2554.0,2627.0,2554.0,2616.0,0,0,284300.0,738118000.0,1.0,2554.0,2627.0,2554.0,2616.0,284300.0
2021-09-22,64320,2584.0,2617.0,2566.0,2580.0,0,0,206000.0,532706600.0,1.0,2584.0,2617.0,2566.0,2580.0,206000.0
2021-09-24,64320,2670.0,2685.0,2655.0,2663.0,0,0,206000.0,549757900.0,1.0,2670.0,2685.0,2655.0,2663.0,206000.0
2021-09-27,64320,2678.0,2683.0,2638.0,2638.0,0,0,140000.0,371621700.0,1.0,2678.0,2683.0,2638.0,2638.0,140000.0
2021-09-28,64320,2638.0,2652.0,2594.0,2646.0,0,0,165600.0,436348800.0,1.0,2638.0,2652.0,2594.0,2646.0,165600.0
2021-09-29,64320,2601.0,2627.0,2588.0,2620.0,0,0,234300.0,611005800.0,1.0,2601.0,2627.0,2588.0,2620.0,234300.0
2021-09-30,64320,2620.0,2628.0,2596.0,2609.0,0,0,159000.0,415703500.0,1.0,2620.0,2628.0,2596.0,2609.0,159000.0
2021-10-01,64320,2590.0,2618.0,2550.0,2574.0,0,0,373400.0,963756100.0,1.0,2590.0,2618.0,2550.0,2574.0,373400.0
2021-10-04,64320,2603.0,2609.0,2534.0,2556.0,0,0,209100.0,535836800.0,1.0,2603.0,2609.0,2534.0,2556.0,209100.0
2021-10-05,64320,2530.0,2534.0,2465.0,2506.0,0,0,292600.0,731494300.0,1.0,2530.0,2534.0,2465.0,2506.0,292600.0
2021-10-06,64320,2543.0,2613.0,2502.0,2524.0,0,0,236900.0,602428700.0,1.0,2543.0,2613.0,2502.0,2524.0,236900.0
2021-10-07,64320,2506.0,2552.0,2492.0,2509.0,0,0,320900.0,809205000.0,1.0,2506.0,2552.0,2492.0,2509.0,320900.0
2021-10-08,64320,2626.0,2729.0,2617.0,2652.0,0,0,650000.0,1740200200.0,1.0,2626.0,2729.0,2617.0,2652.0,650000.0
2021-10-11,64320,2674.0,2719.0,2643.0,2697.0,0,0,306500.0,825095400.0,1.0,2674.0,2719.0,2643.0,2697.0,306500.0
2021-10-12,64320,2666.0,2699.0,2661.0,2696.0,0,0,181300.0,487227600.0,1.0,2666.0,2699.0,2661.0,2696.0,181300.0
2021-10-13,64320,2667.0,2696.0,2633.0,2666.0,0,0,163800.0,437577500.0,1.0,2667.0,2696.0,2633.0,2666.0,163800.0
2021-10-14,64320,2660.0,2695.0,2650.0,2683.0,0,0,163400.0,437866500.0,1.0,2660.0,2695.0,2650.0,2683.0,163400.0
2021-10-15,64320,2701.0,2776.0,2701.0,2769.0,0,0,249100.0,683889400.0,1.0,2701.0,2776.0,2701.0,2769.0,249100.0
2021-10-18,64320,2793.0,2806.0,2774.0,2800.0,0,0,201500.0,562263000.0,1.0,2793.0,2806.0,2774.0,2800.0,201500.0
2021-10-19,64320,2795.0,2807.0,2752.0,2765.0,0,0,166500.0,461608900.0,1.0,2795.0,2807.0,2752.0,2765.0,166500.0
2021-10-20,64320,2806.0,2919.0,2801.0,2898.0,0,0,679300.0,1962736100.0,1.0,2806.0,2919.0,2801.0,2898.0,679300.0
2021-10-21,64320,2895.0,2944.0,2866.0,2881.0,0,0,387600.0,1125302500.0,1.0,2895.0,2944.0,2866.0,2881.0,387600.0
2021-10-22,64320,2855.0,2930.0,2842.0,2900.0,0,0,275800.0,799664100.0,1.0,2855.0,2930.0,2842.0,2900.0,275800.0
2021-10-25,64320,2870.0,2907.0,2868.0,2900.0,0,0,225000.0,650939800.0,1.0,2870.0,2907.0,2868.0,2900.0,225000.0
2021-10-26,64320,2928.0,2967.0,2915.0,2945.0,0,0,192200.0,565339900.0,1.0,2928.0,2967.0,2915.0,2945.0,192200.0
2021-10-27,64320,2940.0,2961.0,2933.0,2957.0,0,0,205500.0,606437800.0,1.0,2940.0,2961.0,2933.0,2957.0,205500.0
2021-10-28,64320,2946.0,2950.0,2900.0,2924.0,0,0,511300.0,1495541000.0,1.0,2946.0,2950.0,2900.0,2924.0,511300.0
2021-10-29,64320,2963.0,2963.0,2910.0,2925.0,0,0,189200.0,554696700.0,1.0,2963.0,2963.0,2910.0,2925.0,189200.0
2021-11-01,64320,3000.0,3015.0,2986.0,3015.0,0,0,306000.0,918974700.0,1.0,3000.0,3015.0,2986.0,3015.0,306000.0
2021-11-02,64320,3015.0,3040.0,3000.0,3005.0,0,0,202800.0,612635000.0,1.0,3015.0,3040.0,3000.0,3005.0,202800.0
2021-11-04,64320,3050.0,3095.0,3040.0,3075.0,0,0,236100.0,724923500.0,1.0,3050.0,3095.0,3040.0,3075.0,236100.0
2021-11-05,64320,3050.0,3055.0,3005.0,3015.0,0,0,117900.0,356689000.0,1.0,3050.0,3055.0,3005.0,3015.0,117900.0
2021-11-08,64320,3010.0,3010.0,2959.0,3010.0,0,0,187000.0,559594700.0,1.0,3010.0,3010.0,2959.0,3010.0,187000.0
2021-11-09,64320,3030.0,3035.0,2979.0,2981.0,0,0,93000.0,278759500.0,1.0,3030.0,3035.0,2979.0,2981.0,93000.0
2021-11-10,64320,2970.0,2984.0,2925.0,2930.0,0,0,125400.0,369919700.0,1.0,2970.0,2984.0,2925.0,2930.0,125400.0
2021-11-11,64320,2938.0,2995.0,2938.0,2985.0,0,0,175000.0,521038800.0,1.0,2938.0,2995.0,2938.0,2985.0,175000.0
2021-11-12,64320,3015.0,3040.0,2998.0,3020.0,0,0,152600.0,460154900.0,1.0,3015.0,3040.0,2998.0,3020.0,152600.0
2021-11-15,64320,2997.0,3015.0,2980.0,3000.0,0,0,162800.0,487579800.0,1.0,2997.0,3015.0,2980.0,3000.0,162800.0
2021-11-16,64320,3005.0,3045.0,2998.0,2998.0,0,0,110900.0,334767400.0,1.0,3005.0,3045.0,2998.0,2998.0,110900.0
2021-11-17,64320,3020.0,3020.0,2964.0,2976.0,0,0,87100.0,259943500.0,1.0,3020.0,3020.0,2964.0,2976.0,87100.0
2021-11-18,64320,2945.0,2973.0,2918.0,2953.0,0,0,169500.0,499583600.0,1.0,2945.0,2973.0,2918.0,2953.0,169500.0
2021-11-19,64320,2959.0,2976.0,2922.0,2969.0,0,0,119300.0,352272100.0,1.0,2959.0,2976.0,2922.0,2969.0,119300.0
2021-11-22,64320,2934.0,2941.0,2916.0,2920.0,0,0,111200.0,325304100.0,1.0,2934.0,2941.0,2916.0,2920.0,111200.0
2021-11-24,64320,2918.0,2932.0,2863.0,2870.0,0,0,100100.0,289357000.0,1.0,2918.0,2932.0,2863.0,2870.0,100100.0
2021-11-25,64320,2897.0,2910.0,2862.0,2862.0,0,0,117700.0,338570200.0,1.0,2897.0,2910.0,2862.0,2862.0,117700.0
2021-11-26,64320,2845.0,2845.0,2769.0,2797.0,0,0,234600.0,657388900.0,1.0,2845.0,2845.0,2769.0,2797.0,234600.0
2021-11-29,64320,2747.0,2794.0,2730.0,2732.0,0,0,186500.0,513898700.0,1.0,2747.0,2794.0,2730.0,2732.0,186500.0
2021-11-30,64320,2772.0,2810.0,2717.0,2718.0,0,0,233100.0,643167400.0,1.0,2772.0,2810.0,2717.0,2718.0,233100.0
2021-12-01,64320,2689.0,2711.0,2648.0,2695.0,0,0,222000.0,596444000.0,1.0,2689.0,2711.0,2648.0,2695.0,222000.0
2021-12-02,64320,2674.0,2700.0,2659.0,2692.0,0,0,167000.0,448106600.0,1.0,2674.0,2700.0,2659.0,2692.0,167000.0
2021-12-03,64320,2705.0,2751.0,2672.0,2751.0,0,0,142700.0,387752800.0,1.0,2705.0,2751.0,2672.0,2751.0,142700.0
2021-12-06,64320,2760.0,2774.0,2718.0,2735.0,0,0,78100.0,213739800.0,1.0,2760.0,2774.0,2718.0,2735.0,78100.0
2021-12-07,64320,2784.0,2830.0,2735.0,2818.0,0,0,109400.0,306025100.0,1.0,2784.0,2830.0,2735.0,2818.0,109400.0
2021-12-08,64320,2850.0,2860.0,2791.0,2820.0,0,0,132100.0,373247000.0,1.0,2850.0,2860.0,2791.0,2820.0,132100.0
2021-12-09,64320,2807.0,2812.0,2767.0,2778.0,0,0,106700.0,297235300.0,1.0,2807.0,2812.0,2767.0,2778.0,106700.0
2021-12-10,64320,2778.0,2798.0,2740.0,2750.0,0,0,103400.0,285458600.0,1.0,2778.0,2798.0,2740.0,2750.0,103400.0
2021-12-13,64320,2775.0,2775.0,2744.0,2759.0,0,0,83500.0,230630800.0,1.0,2775.0,2775.0,2744.0,2759.0,83500.0
2021-12-14,64320,2733.0,2738.0,2672.0,2677.0,0,0,255600.0,688783500.0,1.0,2733.0,2738.0,2672.0,2677.0,255600.0
2021-12-15,64320,2686.0,2718.0,2676.0,2687.0,0,0,104600.0,282162300.0,1.0,2686.0,2718.0,2676.0,2687.0,104600.0
2021-12-16,64320,2748.0,2759.0,2711.0,2719.0,0,0,140600.0,383511600.0,1.0,2748.0,2759.0,2711.0,2719.0,140600.0
2021-12-17,64320,2715.0,2717.0,2674.0,2682.0,0,0,122400.0,328984800.0,1.0,2715.0,2717.0,2674.0,2682.0,122400.0
2021-12-20,64320,2640.0,2645.0,2605.0,2608.0,0,0,149400.0,391480900.0,1.0,2640.0,2645.0,2605.0,2608.0,149400.0
2021-12-21,64320,2645.0,2668.0,2628.0,2641.0,0,0,131800.0,349083900.0,1.0,2645.0,2668.0,2628.0,2641.0,131800.0
2021-12-22,64320,2656.0,2661.0,2627.0,2638.0,0,0,71900.0,189715000.0,1.0,2656.0,2661.0,2627.0,2638.0,71900.0
2021-12-23,64320,2680.0,2725.0,2668.0,2717.0,0,0,151100.0,407977400.0,1.0,2680.0,2725.0,2668.0,2717.0,151100.0
2021-12-24,64320,2731.0,2740.0,2695.0,2714.0,0,0,158200.0,429215800.0,1.0,2731.0,2740.0,2695.0,2714.0,158200.0
2021-12-27,64320,2693.0,2697.0,2661.0,2670.0,0,0,116900.0,312433000.0,1.0,2693.0,2697.0,2661.0,2670.0,116900.0
2021-12-28,64320,2720.0,2756.0,2700.0,2748.0,0,0,161800.0,442843800.0,1.0,2720.0,2756.0,2700.0,2748.0,161800.0
2021-12-29,64320,2750.0,2775.0,2716.0,2733.0,0,0,111200.0,304033500.0,1.0,2750.0,2775.0,2716.0,2733.0,111200.0
2021-12-30,64320,2725.0,2749.0,2716.0,2729.0,0,0,94300.0,257955700.0,1.0,2725.0,2749.0,2716.0,2729.0,94300.0
2022-01-04,64320,2798.0,2807.0,2772.0,2799.0,0,0,204200.0,570528500.0,1.0,2798.0,2807.0,2772.0,2799.0,204200.0
2022-01-05,64320,2835.0,2886.0,2832.0,2881.0,0,0,199000.0,568176500.0,1.0,2835.0,2886.0,2832.0,2881.0,199000.0
2022-01-06,64320,2866.0,2892.0,2843.0,2859.0,0,0,216300.0,619569500.0,1.0,2866.0,2892.0,2843.0,2859.0,216300.0
2022-01-07,64320,2869.0,2892.0,2824.0,2862.0,0,0,235000.0,671691300.0,1.0,2869.0,2892.0,2824.0,2862.0,235000.0
2022-01-11,64320,2860.0,2877.0,2832.0,2863.0,0,0,114200.0,326218500.0,1.0,2860.0,2877.0,2832.0,2863.0,114200.0
2022-01-12,64320,2879.0,2926.0,2875.0,2905.0,0,0,166500.0,483210800.0,1.0,2879.0,2926.0,2875.0,2905.0,166500.0
2022-01-13,64320,2945.0,2945.0,2883.0,2892.0,0,0,324100.0,940622900.0,1.0,2945.0,2945.0,2883.0,2892.0,324100.0
2022-01-14,64320,3125.0,3300.0,2999.0,3065.0,0,0,1387000.0,4334386700.0,1.0,3125.0,3300.0,2999.0,3065.0,1387000.0
2022-01-17,64320,3060.0,3095.0,2967.0,2991.0,0,0,455700.0,1372019000.0,1.0,3060.0,3095.0,2967.0,2991.0,455700.0
2022-01-18,64320,3010.0,3065.0,2997.0,3030.0,0,0,231600.0,701960900.0,1.0,3010.0,3065.0,2997.0,3030.0,231600.0
2022-01-19,64320,2985.0,3065.0,2982.0,3020.0,0,0,349800.0,1058197800.0,1.0,2985.0,3065.0,2982.0,3020.0,349800.0
2022-01-20,64320,2958.0,3010.0,2863.0,2909.0,0,0,442400.0,1288422800.0,1.0,2958.0,3010.0,2863.0,2909.0,442400.0
2022-01-21,64320,2830.0,2859.0,2752.0,2850.0,0,0,363500.0,1022441400.0,1.0,2830.0,2859.0,2752.0,2850.0,363500.0
2022-01-24,64320,2837.0,2927.0,2829.0,2914.0,0,0,262500.0,757988900.0,1.0,2837.0,2927.0,2829.0,2914.0,262500.0
2022-01-25,64320,2893.0,2894.0,2785.0,2818.0,0,0,295700.0,834518600.0,1.0,2893.0,2894.0,2785.0,2818.0,295700.0
2022-01-26,64320,2843.0,2843.0,2771.0,2821.0,0,0,216900.0,609410000.0,1.0,2843.0,2843.0,2771.0,2821.0,216900.0
2022-01-27,64320,2821.0,2869.0,2760.0,2784.0,0,0,298000.0,836201900.0,1.0,2821.0,2869.0,2760.0,2784.0,298000.0
2022-01-28,64320,2809.0,2873.0,2770.0,2866.0,0,0,285800.0,811427300.0,1.0,2809.0,2873.0,2770.0,2866.0,285800.0
2022-01-31,64320,2862.0,2866.0,2810.0,2832.0,0,0,300000.0,849508200.0,1.0,2862.0,2866.0,2810.0,2832.0,300000.0
2022-02-01,64320,2849.0,2880.0,2777.0,2787.0,0,0,328600.0,922029900.0,1.0,2849.0,2880.0,2777.0,2787.0,328600.0
2022-02-02,64320,2774.0,2826.0,2773.0,2820.0,0,0,207200.0,581666300.0,1.0,2774.0,2826.0,2773.0,2820.0,207200.0
2022-02-03,64320,2818.0,2824.0,2782.0,2801.0,0,0,160600.0,450959900.0,1.0,2818.0,2824.0,2782.0,2801.0,160600.0
2022-02-04,64320,2810.0,2843.0,2786.0,2836.0,0,0,124800.0,351915600.0,1.0,2810.0,2843.0,2786.0,2836.0,124800.0
2022-02-07,64320,2822.0,2838.0,2786.0,2822.0,0,0,110400.0,310710100.0,1.0,2822.0,2838.0,2786.0,2822.0,110400.0
2022-02-08,64320,2824.0,2842.0,2770.0,2777.0,0,0,237600.0,663215200.0,1.0,2824.0,2842.0,2770.0,2777.0,237600.0
2022-02-09,64320,2755.0,2806.0,2753.0,2785.0,0,0,243700.0,677877400.0,1.0,2755.0,2806.0,2753.0,2785.0,243700.0
2022-02-10,64320,2800.0,2806.0,2752.0,2780.0,0,0,371900.0,1031928800.0,1.0,2800.0,2806.0,2752.0,2780.0,371900.0
2022-02-14,64320,2721.0,2750.0,2707.0,2720.0,0,0,258100.0,703320700.0,1.0,2721.0,2750.0,2707.0,2720.0,258100.0
2022-02-15,64320,2710.0,2727.0,2634.0,2640.0,0,0,306900.0,820874200.0,1.0,2710.0,2727.0,2634.0,2640.0,306900.0
2022-02-16,64320,2727.0,2730.0,2700.0,2718.0,0,0,267100.0,725778500.0,1.0,2727.0,2730.0,2700.0,2718.0,267100.0
2022-02-17,64320,2702.0,2703.0,2627.0,2645.0,0,0,364200.0,969533600.0,1.0,2702.0,2703.0,2627.0,2645.0,364200.0
2022-02-18,64320,2608.0,2623.0,2575.0,2610.0,0,0,388700.0,1011060500.0,1.0,2608.0,2623.0,2575.0,2610.0,388700.0
2022-02-21,64320,2599.0,2602.0,2546.0,2602.0,0,0,384600.0,992855000.0,1.0,2599.0,2602.0,2546.0,2602.0,384600.0
2022-02-22,64320,2520.0,2565.0,2512.0,2552.0,0,0,285000.0,724446200.0,1.0,2520.0,2565.0,2512.0,2552.0,285000.0
2022-02-24,64320,2544.0,2546.0,2489.0,2516.0,0,0,513900.0,1295022400.0,1.0,2544.0,2546.0,2489.0,2516.0,513900.0
2022-02-25,64320,2460.0,2509.0,2450.0,2499.0,0,0,293400.0,730847900.0,1.0,2460.0,2509.0,2450.0,2499.0,293400.0
2022-02-28,64320,2512.0,2575.0,2493.0,2565.0,0,0,436700.0,1109782400.0,1.0,2512.0,2575.0,2493.0,2565.0,436700.0
2022-03-01,64320,2580.0,2599.0,2544.0,2549.0,0,0,306000.0,785467100.0,1.0,2580.0,2599.0,2544.0,2549.0,306000.0
2022-03-02,64320,2500.0,2514.0,2460.0,2469.0,0,0,259600.0,644630000.0,1.0,2500.0,2514.0,2460.0,2469.0,259600.0
2022-03-03,64320,2517.0,2533.0,2507.0,2513.0,0,0,171700.0,432505600.0,1.0,2517.0,2533.0,2507.0,2513.0,171700.0
2022-03-04,64320,2517.0,2534.0,2467.0,2520.0,0,0,242000.0,608031500.0,1.0,2517.0,2534.0,2467.0,2520.0,242000.0
2022-03-07,64320,2485.0,2493.0,2452.0,2463.0,0,0,259700.0,640349400.0,1.0,2485.0,2493.0,2452.0,2463.0,259700.0
2022-03-08,64320,2415.0,2427.0,2357.0,2363.0,0,0,250600.0,598285500.0,1.0,2415.0,2427.0,2357.0,2363.0,250600.0
2022-03-09,64320,2413.0,2499.0,2411.0,2428.0,0,0,305800.0,750174200.0,1.0,2413.0,2499.0,2411.0,2428.0,305800.0
2022-03-10,64320,2517.0,2537.0,2486.0,2528.0,0,0,210800.0,530786300.0,1.0,2517.0,2537.0,2486.0,2528.0,210800.0
2022-03-11,64320,2495.0,2499.0,2432.0,2469.0,0,0,287900.0,710759600.0,1.0,2495.0,2499.0,2432.0,2469.0,287900.0
2022-03-14,64320,2489.0,2546.0,2488.0,2521.0,0,0,158800.0,400394900.0,1.0,2489.0,2546.0,2488.0,2521.0,158800.0
2022-03-15,64320,2493.0,2557.0,2493.0,2541.0,0,0,277800.0,705052200.0,1.0,2493.0,2557.0,2493.0,2541.0,277800.0
2022-03-16,64320,2550.0,2550.0,2491.0,2519.0,0,0,333800.0,838849200.0,1.0,2550.0,2550.0,2491.0,2519.0,333800.0
2022-03-17,64320,2556.0,2608.0,2539.0,2608.0,0,0,388000.0,1000350900.0,1.0,2556.0,2608.0,2539.0,2608.0,388000.0
2022-03-18,64320,2597.0,2608.0,2570.0,2585.0,0,0,301300.0,778694000.0,1.0,2597.0,2608.0,2570.0,2585.0,301300.0
2022-03-22,64320,2597.0,2618.0,2577.0,2616.0,0,0,263100.0,684858500.0,1.0,2597.0,2618.0,2577.0,2616.0,263100.0
2022-03-23,64320,2622.0,2638.0,2604.0,2637.0,0,0,369500.0,969936400.0,1.0,2622.0,2638.0,2604.0,2637.0,369500.0
2022-03-24,64320,2566.0,2611.0,2535.0,2609.0,0,0,492300.0,1266495600.0,1.0,2566.0,2611.0,2535.0,2609.0,492300.0
2022-03-25,64320,2612.0,2626.0,2565.0,2596.0,0,0,348200.0,904178800.0,1.0,2612.0,2626.0,2565.0,2596.0,348200.0
2022-03-28,64320,2622.0,2640.0,2593.0,2617.0,0,0,279100.0,730179400.0,1.0,2622.0,2640.0,2593.0,2617.0,279100.0
2022-03-29,64320,2644.0,2729.0,2630.0,2729.0,0,0,613000.0,1652679800.0,1.0,2644.0,2729.0,2630.0,2729.0,613000.0
2022-03-30,64320,2779.0,2779.0,2658.0,2707.0,0,0,772400.0,2084800300.0,1.0,2779.0,2779.0,2658.0,2707.0,772400.0
2022-03-31,64320,2665.0,2688.0,2641.0,2642.0,0,0,457700.0,1216223900.0,1.0,2665.0,2688.0,2641.0,2642.0,457700.0
2022-04-01,64320,2595.0,2602.0,2565.0,2586.0,0,0,435500.0,1125875100.0,1.0,2595.0,2602.0,2565.0,2586.0,435500.0
2022-04-04,64320,2574.0,2610.0,2558.0,2599.0,0,0,349000.0,904986500.0,1.0,2574.0,2610.0,2558.0,2599.0,349000.0
2022-04-05,64320,2628.0,2636.0,2607.0,2624.0,0,0,211300.0,553959600.0,1.0,2628.0,2636.0,2607.0,2624.0,211300.0
2022-04-06,64320,2583.0,2600.0,2549.0,2559.0,0,0,303100.0,778683600.0,1.0,2583.0,2600.0,2549.0,2559.0,303100.0
2022-04-07,64320,2501.0,2523.0,2482.0,2516.0,0,0,338700.0,848530300.0,1.0,2501.0,2523.0,2482.0,2516.0,338700.0
2022-04-08,64320,2550.0,2555.0,2530.0,2551.0,0,0,270600.0,688560700.0,1.0,2550.0,2555.0,2530.0,2551.0,270600.0
2022-04-11,64320,2594.0,2598.0,2527.0,2555.0,0,0,340900.0,872589400.0,1.0,2594.0,2598.0,2527.0,2555.0,340900.0
2022-04-12,64320,2521.0,2538.0,2463.0,2465.0,0,0,732700.0,1822635400.0,1.0,2521.0,2538.0,2463.0,2465.0,732700.0
2022-04-13,64320,2265.0,2392.0,2251.0,2287.0,0,0,2518100.0,5794804500.0,1.0,2265.0,2392.0,2251.0,2287.0,2518100.0
2022-04-14,64320,2337.0,2340.0,2244.0,2248.0,0,0,917900.0,2090208800.0,1.0,2337.0,2340.0,2244.0,2248.0,917900.0
2022-04-15,64320,2217.0,2266.0,2176.0,2237.0,0,0,774700.0,1720587700.0,1.0,2217.0,2266.0,2176.0,2237.0,774700.0
2022-04-18,64320,2224.0,2231.0,2152.0,2193.0,0,0,790400.0,1722698800.0,1.0,2224.0,2231.0,2152.0,2193.0,790400.0
2022-04-19,64320,2221.0,2274.0,2205.0,2273.0,0,0,519600.0,1167843400.0,1.0,2221.0,2274.0,2205.0,2273.0,519600.0
2022-04-20,64320,2290.0,2294.0,2253.0,2272.0,0,0,388800.0,884105100.0,1.0,2290.0,2294.0,2253.0,2272.0,388800.0
2022-04-21,64320,2265.0,2315.0,2260.0,2304.0,0,0,298300.0,685713900.0,1.0,2265.0,2315.0,2260.0,2304.0,298300.0
2022-04-22,64320,2290.0,2335.0,2260.0,2329.0,0,0,374900.0,863359000.0,1.0,2290.0,2335.0,2260.0,2329.0,374900.0
2022-04-25,64320,2279.0,2324.0,2271.0,2320.0,0,0,402100.0,927547400.0,1.0,2279.0,2324.0,2271.0,2320.0,402100.0
2022-04-26,64320,2325.0,2335.0,2295.0,2312.0,0,0,531500.0,1229637500.0,1.0,2325.0,2335.0,2295.0,2312.0,531500.0
2022-04-27,64320,2275.0,2332.0,2260.0,2324.0,0,0,528000.0,1220884800.0,1.0,2275.0,2332.0,2260.0,2324.0,528000.0
2022-04-28,64320,2326.0,2382.0,2325.0,2381.0,0,0,391200.0,925087800.0,1.0,2326.0,2382.0,2325.0,2381.0,391200.0
2022-05-02,64320,2385.0,2428.0,2366.0,2419.0,0,0,445900.0,1070063700.0,1.0,2385.0,2428.0,2366.0,2419.0,445900.0
2022-05-06,64320,2400.0,2515.0,2389.0,2513.0,0,0,540700.0,1343447200.0,1.0,2400.0,2515.0,2389.0,2513.0,540700.0
2022-05-09,64320,2465.0,2505.0,2453.0,2472.0,0,0,366100.0,906927200.0,1.0,2465.0,2505.0,2453.0,2472.0,366100.0
2022-05-10,64320,2422.0,2475.0,2394.0,2461.0,0,0,352500.0,858697100.0,1.0,2422.0,2475.0,2394.0,2461.0,352500.0
2022-05-11,64320,2430.0,2448.0,2412.0,2419.0,0,0,183300.0,444560100.0,1.0,2430.0,2448.0,2412.0,2419.0,183300.0
2022-05-12,64320,2397.0,2411.0,2365.0,2368.0,0,0,261900.0,624717700.0,1.0,2397.0,2411.0,2365.0,2368.0,261900.0
2022-05-13,64320,2353.0,2397.0,2350.0,2385.0,0,0,244300.0,581581400.0,1.0,2353.0,2397.0,2350.0,2385.0,244300.0
2022-05-16,64320,2403.0,2409.0,2338.0,2339.0,0,0,321800.0,758531600.0,1.0,2403.0,2409.0,2338.0,2339.0,321800.0
2022-05-17,64320,2337.0,2393.0,2316.0,2373.0,0,0,260600.0,617176500.0,1.0,2337.0,2393.0,2316.0,2373.0,260600.0
2022-05-18,64320,2403.0,2411.0,2348.0,2358.0,0,0,210200.0,497284800.0,1.0,2403.0,2411.0,2348.0,2358.0,210200.0
2022-05-19,64320,2276.0,2355.0,2276.0,2355.0,0,0,226300.0,526250500.0,1.0,2276.0,2355.0,2276.0,2355.0,226300.0
2022-05-20,64320,2334.0,2352.0,2317.0,2342.0,0,0,203300.0,475381300.0,1.0,2334.0,2352.0,2317.0,2342.0,203300.0
2022-05-23,64320,2359.0,2364.0,2320.0,2331.0,0,0,217100.0,506867300.0,1.0,2359.0,2364.0,2320.0,2331.0,217100.0
2022-05-24,64320,2340.0,2340.0,2306.0,2310.0,0,0,143200.0,332460800.0,1.0,2340.0,2340.0,2306.0,2310.0,143200.0
2022-05-25,64320,2307.0,2307.0,2249.0,2279.0,0,0,280300.0,637618900.0,1.0,2307.0,2307.0,2249.0,2279.0,280300.0
2022-05-26,64320,2284.0,2294.0,2264.0,2266.0,0,0,202300.0,460366700.0,1.0,2284.0,2294.0,2264.0,2266.0,202300.0
2022-05-27,64320,2278.0,2298.0,2266.0,2275.0,0,0,191300.0,435927600.0,1.0,2278.0,2298.0,2266.0,2275.0,191300.0
2022-05-30,64320,2310.0,2341.0,2307.0,2327.0,0,0,284000.0,660452800.0,1.0,2310.0,2341.0,2307.0,2327.0,284000.0
2022-05-31,64320,2314.0,2351.0,2313.0,2340.0,0,0,253800.0,593624100.0,1.0,2314.0,2351.0,2313.0,2340.0,253800.0
2022-06-01,64320,2332.0,2391.0,2332.0,2386.0,0,0,138400.0,328884200.0,1.0,2332.0,2391.0,2332.0,2386.0,138400.0
2022-06-02,64320,2383.0,2383.0,2348.0,2366.0,0,0,136800.0,323834500.0,1.0,2383.0,2383.0,2348.0,2366.0,136800.0
2022-06-03,64320,2384.0,2390.0,2359.0,2368.0,0,0,170000.0,403038100.0,1.0,2384.0,2390.0,2359.0,2368.0,170000.0
2022-06-06,64320,2354.0,2362.0,2341.0,2349.0,0,0,143600.0,337599100.0,1.0,2354.0,2362.0,2341.0,2349.0,143600.0
2022-06-07,64320,2371.0,2421.0,2362.0,2408.0,0,0,260100.0,625711000.0,1.0,2371.0,2421.0,2362.0,2408.0,260100.0
2022-06-08,64320,2486.0,2497.0,2451.0,2481.0,0,0,271400.0,671753600.0,1.0,2486.0,2497.0,2451.0,2481.0,271400.0
2022-06-09,64320,2495.0,2544.0,2474.0,2504.0,0,0,352000.0,886041600.0,1.0,2495.0,2544.0,2474.0,2504.0,352000.0
2022-06-10,64320,2481.0,2501.0,2456.0,2488.0,0,0,233400.0,580112000.0,1.0,2481.0,2501.0,2456.0,2488.0,233400.0
2022-06-13,64320,2438.0,2472.0,2438.0,2438.0,0,0,270100.0,662317700.0,1.0,2438.0,2472.0,2438.0,2438.0,270100.0
2022-06-14,64320,2401.0,2441.0,2401.0,2422.0,0,0,182800.0,442327000.0,1.0,2401.0,2441.0,2401.0,2422.0,182800.0
2022-06-15,64320,2437.0,2451.0,2389.0,2411.0,0,0,154000.0,372320800.0,1.0,2437.0,2451.0,2389.0,2411.0,154000.0
2022-06-16,64320,2430.0,2468.0,2423.0,2425.0,0,0,134500.0,328099800.0,1.0,2430.0,2468.0,2423.0,2425.0,134500.0
2022-06-17,64320,2361.0,2372.0,2328.0,2347.0,0,0,360700.0,845990700.0,1.0,2361.0,2372.0,2328.0,2347.0,360700.0
2022-06-20,64320,2343.0,2352.0,2216.0,2223.0,0,0,274400.0,618184200.0,1.0,2343.0,2352.0,2216.0,2223.0,274400.0
2022-06-21,64320,2273.0,2278.0,2236.0,2243.0,0,0,329300.0,741353900.0,1.0,2273.0,2278.0,2236.0,2243.0,329300.0
2022-06-22,64320,2293.0,2315.0,2274.0,2303.0,0,0,249000.0,572714000.0,1.0,2293.0,2315.0,2274.0,2303.0,249000.0
2022-06-23,64320,2298.0,2322.0,2228.0,2231.0,0,0,235200.0,531896300.0,1.0,2298.0,2322.0,2228.0,2231.0,235200.0
2022-06-24,64320,2252.0,2255.0,2205.0,2252.0,0,0,163600.0,366124900.0,1.0,2252.0,2255.0,2205.0,2252.0,163600.0
2022-06-27,64320,2298.0,2307.0,2282.0,2306.0,0,0,166300.0,382109900.0,1.0,2298.0,2307.0,2282.0,2306.0,166300.0
2022-06-28,64320,2320.0,2357.0,2317.0,2342.0,0,0,220100.0,515131900.0,1.0,2320.0,2357.0,2317.0,2342.0,220100.0
2022-06-29,64320,2357.0,2363.0,2331.0,2353.0,0,0,253600.0,596101300.0,1.0,2357.0,2363.0,2331.0,2353.0,253600.0
2022-06-30,64320,2324.0,2350.0,2311.0,2321.0,0,0,137900.0,320412000.0,1.0,2324.0,2350.0,2311.0,2321.0,137900.0
2022-07-01,64320,2320.0,2338.0,2273.0,2286.0,0,0,199700.0,458789500.0,1.0,2320.0,2338.0,2273.0,2286.0,199700.0
2022-07-04,64320,2305.0,2316.0,2282.0,2301.0,0,0,126500.0,291318100.0,1.0,2305.0,2316.0,2282.0,2301.0,126500.0
2022-07-05,64320,2330.0,2350.0,2313.0,2335.0,0,0,257400.0,600970100.0,1.0,2330.0,2350.0,2313.0,2335.0,257400.0
2022-07-06,64320,2285.0,2290.0,2240.0,2241.0,0,0,322500.0,727784100.0,1.0,2285.0,2290.0,2240.0,2241.0,322500.0
2022-07-07,64320,2268.0,2298.0,2243.0,2283.0,0,0,248000.0,564181700.0,1.0,2268.0,2298.0,2243.0,2283.0,248000.0
2022-07-08,64320,2325.0,2373.0,2317.0,2351.0,0,0,388400.0,911857700.0,1.0,2325.0,2373.0,2317.0,2351.0,388400.0
2022-07-11,64320,2377.0,2380.0,2329.0,2344.0,0,0,281000.0,660588900.0,1.0,2377.0,2380.0,2329.0,2344.0,281000.0
2022-07-12,64320,2320.0,2321.0,2202.0,2205.0,0,0,709800.0,1583927300.0,1.0,2320.0,2321.0,2202.0,2205.0,709800.0
2022-07-13,64320,2405.0,2468.0,2381.0,2450.0,0,0,2150200.0,5228510300.0,1.0,2405.0,2468.0,2381.0,2450.0,2150200.0
2022-07-14,64320,2440.0,2458.0,2403.0,2411.0,0,0,559200.0,1355107200.0,1.0,2440.0,2458.0,2403.0,2411.0,559200.0
2022-07-15,64320,2420.0,2450.0,2405.0,2407.0,0,0,370500.0,896802400.0,1.0,2420.0,2450.0,2405.0,2407.0,370500.0
2022-07-19,64320,2436.0,2443.0,2405.0,2438.0,0,0,212800.0,516138500.0,1.0,2436.0,2443.0,2405.0,2438.0,212800.0
2022-07-20,64320,2476.0,2480.0,2445.0,2480.0,0,0,224500.0,554958200.0,1.0,2476.0,2480.0,2445.0,2480.0,224500.0
2022-07-21,64320,2475.0,2533.0,2475.0,2513.0,0,0,283600.0,712282600.0,1.0,2475.0,2533.0,2475.0,2513.0,283600.0
2022-07-22,64320,2530.0,2531.0,2506.0,2509.0,0,0,206300.0,518826200.0,1.0,2530.0,2531.0,2506.0,2509.0,206300.0
2022-07-25,64320,2481.0,2508.0,2479.0,2492.0,0,0,154300.0,384569400.0,1.0,2481.0,2508.0,2479.0,2492.0,154300.0
2022-07-26,64320,2542.0,2567.0,2530.0,2545.0,0,0,270000.0,688173600.0,1.0,2542.0,2567.0,2530.0,2545.0,270000.0
2022-07-27,64320,2567.0,2567.0,2528.0,2550.0,0,0,232900.0,594016200.0,1.0,2567.0,2567.0,2528.0,2550.0,232900.0
2022-07-28,64320,2541.0,2550.0,2523.0,2545.0,0,0,175900.0,446848900.0,1.0,2541.0,2550.0,2523.0,2545.0,175900.0
2022-07-29,64320,2550.0,2565.0,2531.0,2555.0,0,0,271100.0,692351800.0,1.0,2550.0,2565.0,2531.0,2555.0,271100.0
2022-08-01,64320,2563.0,2569.0,2529.0,2555.0,0,0,243100.0,619856500.0,1.0,2563.0,2569.0,2529.0,2555.0,243100.0
2022-08-02,64320,2517.0,2520.0,2456.0,2483.0,0,0,222700.0,553239000.0,1.0,2517.0,2520.0,2456.0,2483.0,222700.0
2022-08-03,64320,2465.0,2476.0,2439.0,2463.0,0,0,146400.0,360054900.0,1.0,2465.0,2476.0,2439.0,2463.0,146400.0
2022-08-04,64320,2466.0,2469.0,2443.0,2455.0,0,0,88900.0,218169700.0,1.0,2466.0,2469.0,2443.0,2455.0,88900.0
2022-08-05,64320,2459.0,2501.0,2452.0,2499.0,0,0,171200.0,425760600.0,1.0,2459.0,2501.0,2452.0,2499.0,171200.0
2022-08-08,64320,2504.0,2534.0,2504.0,2534.0,0,0,116800.0,294651600.0,1.0,2504.0,2534.0,2504.0,2534.0,116800.0
2022-08-09,64320,2533.0,2541.0,2503.0,2510.0,0,0,111200.0,279933100.0,1.0,2533.0,2541.0,2503.0,2510.0,111200.0
2022-08-10,64320,2511.0,2537.0,2497.0,2533.0,0,0,115800.0,292248000.0,1.0,2511.0,2537.0,2497.0,2533.0,115800.0
2022-08-12,64320,2592.0,2620.0,2579.0,2588.0,0,0,269700.0,699372400.0,1.0,2592.0,2620.0,2579.0,2588.0,269700.0
2022-08-15,64320,2600.0,2627.0,2596.0,2613.0,0,0,247600.0,647457500.0,1.0,2600.0,2627.0,2596.0,2613.0,247600.0
2022-08-16,64320,2600.0,2608.0,2560.0,2561.0,0,0,129200.0,332270400.0,1.0,2600.0,2608.0,2560.0,2561.0,129200.0
2022-08-17,64320,2599.0,2599.0,2569.0,2579.0,0,0,140700.0,363531900.0,1.0,2599.0,2599.0,2569.0,2579.0,140700.0
2022-08-18,64320,2578.0,2578.0,2545.0,2552.0,0,0,103900.0,265590300.0,1.0,2578.0,2578.0,2545.0,2552.0,103900.0
2022-08-19,64320,2560.0,2567.0,2547.0,2566.0,0,0,95900.0,245501700.0,1.0,2560.0,2567.0,2547.0,2566.0,95900.0
2022-08-22,64320,2540.0,2568.0,2532.0,2567.0,0,0,81000.0,207024300.0,1.0,2540.0,2568.0,2532.0,2567.0,81000.0
2022-08-23,64320,2556.0,2588.0,2549.0,2567.0,0,0,125400.0,322409900.0,1.0,2556.0,2588.0,2549.0,2567.0,125400.0
2022-08-24,64320,2598.0,2607.0,2572.0,2573.0,0,0,140100.0,362283000.0,1.0,2598.0,2607.0,2572.0,2573.0,140100.0
2022-08-25,64320,2584.0,2588.0,2553.0,2581.0,0,0,94900.0,244416300.0,1.0,2584.0,2588.0,2553.0,2581.0,94900.0
2022-08-26,64320,2642.0,2684.0,2637.0,2642.0,0,0,430400.0,1144216400.0,1.0,2642.0,2684.0,2637.0,2642.0,430400.0
2022-08-29,64320,2590.0,2625.0,2560.0,2622.0,0,0,171600.0,446297100.0,1.0,2590.0,2625.0,2560.0,2622.0,171600.0
2022-08-30,64320,2675.0,2675.0,2633.0,2652.0,0,0,142900.0,378795400.0,1.0,2675.0,2675.0,2633.0,2652.0,142900.0
2022-08-31,64320,2620.0,2666.0,2618.0,2653.0,0,0,197800.0,523623200.0,1.0,2620.0,2666.0,2618.0,2653.0,197800.0
2022-09-01,64320,2655.0,2666.0,2634.0,2647.0,0,0,261600.0,693334400.0,1.0,2655.0,2666.0,2634.0,2647.0,261600.0
2022-09-02,64320,2651.0,2659.0,2599.0,2618.0,0,0,187900.0,491346200.0,1.0,2651.0,2659.0,2599.0,2618.0,187900.0
2022-09-05,64320,2603.0,2626.0,2588.0,2610.0,0,0,147900.0,385752100.0,1.0,2603.0,2626.0,2588.0,2610.0,147900.0
2022-09-06,64320,2625.0,2642.0,2597.0,2633.0,0,0,120900.0,317534200.0,1.0,2625.0,2642.0,2597.0,2633.0,120900.0
2022-09-07,64320,2623.0,2635.0,2591.0,2632.0,0,0,158400.0,414238300.0,1.0,2623.0,2635.0,2591.0,2632.0,158400.0
2022-09-08,64320,2661.0,2700.0,2650.0,2700.0,0,0,303900.0,815747700.0,1.0,2661.0,2700.0,2650.0,2700.0,303900.0
2022-09-09,64320,2720.0,2738.0,2710.0,2731.0,0,0,268000.0,730027200.0,1.0,2720.0,2738.0,2710.0,2731.0,268000.0
2022-09-12,64320,2750.0,2760.0,2732.0,2738.0,0,0,172200.0,472576200.0,1.0,2750.0,2760.0,2732.0,2738.0,172200.0
2022-09-13,64320,2760.0,2761.0,2738.0,2753.0,0,0,199800.0,549362500.0,1.0,2760.0,2761.0,2738.0,2753.0,199800.0
2022-09-14,64320,2700.0,2737.0,2689.0,2727.0,0,0,181400.0,493907500.0,1.0,2700.0,2737.0,2689.0,2727.0,181400.0
2022-09-15,64320,2739.0,2739.0,2690.0,2699.0,0,0,132900.0,359156100.0,1.0,2739.0,2739.0,2690.0,2699.0,132900.0
2022-09-16,64320,2675.0,2688.0,2658.0,2663.0,0,0,160500.0,428297100.0,1.0,2675.0,2688.0,2658.0,2663.0,160500.0
2022-09-20,64320,2680.0,2700.0,2668.0,2680.0,0,0,114900.0,308078400.0,1.0,2680.0,2700.0,2668.0,2680.0,114900.0
2022-09-21,64320,2681.0,2703.0,2672.0,2681.0,0,0,98100.0,263525200.0,1.0,2681.0,2703.0,2672.0,2681.0,98100.0
2022-09-22,64320,2650.0,2704.0,2649.0,2703.0,0,0,151700.0,407187500.0,1.0,2650.0,2704.0,2649.0,2703.0,151700.0
2022-09-26,64320,2670.0,2673.0,2590.0,2601.0,0,0,277800.0,727276000.0,1.0,2670.0,2673.0,2590.0,2601.0,277800.0
2022-09-27,64320,2618.0,2658.0,2614.0,2617.0,0,0,169000.0,444190800.0,1.0,2618.0,2658.0,2614.0,2617.0,169000.0
2022-09-28,64320,2618.0,2635.0,2577.0,2617.0,0,0,243900.0,635086700.0,1.0,2618.0,2635.0,2577.0,2617.0,243900.0
2022-09-29,64320,2657.0,2679.0,2645.0,2677.0,0,0,147200.0,392806900.0,1.0,2657.0,2679.0,2645.0,2677.0,147200.0
2022-09-30,64320,2666.0,2669.0,2632.0,2661.0,0,0,308300.0,818825500.0,1.0,2666.0,2669.0,2632.0,2661.0,308300.0
2022-10-03,64320,2645.0,2716.0,2641.0,2716.0,0,0,260400.0,700262900.0,1.0,2645.0,2716.0,2641.0,2716.0,260400.0
2022-10-04,64320,2782.0,2824.0,2770.0,2812.0,0,0,544700.0,1528482200.0,1.0,2782.0,2824.0,2770.0,2812.0,544700.0
2022-10-05,64320,2841.0,2851.0,2818.0,2829.0,0,0,291200.0,824567000.0,1.0,2841.0,2851.0,2818.0,2829.0,291200.0
2022-10-06,64320,2830.0,2848.0,2804.0,2835.0,0,0,231100.0,654095900.0,1.0,2830.0,2848.0,2804.0,2835.0,231100.0
2022-10-07,64320,2795.0,2811.0,2775.0,2775.0,0,0,224800.0,627041200.0,1.0,2795.0,2811.0,2775.0,2775.0,224800.0
2022-10-11,64320,2768.0,2770.0,2646.0,2651.0,0,0,360900.0,970052400.0,1.0,2768.0,2770.0,2646.0,2651.0,360900.0
2022-10-12,64320,2639.0,2639.0,2582.0,2611.0,0,0,365500.0,951167100.0,1.0,2639.0,2639.0,2582.0,2611.0,365500.0
2022-10-13,64320,2605.0,2611.0,2575.0,2583.0,0,0,292900.0,758735900.0,1.0,2605.0,2611.0,2575.0,2583.0,292900.0
2022-10-14,64320,2828.0,2864.0,2727.0,2766.0,0,0,1393700.0,3888384200.0,1.0,2828.0,2864.0,2727.0,2766.0,1393700.0
2022-10-17,64320,2765.0,2826.0,2741.0,2821.0,0,0,565300.0,1578155700.0,1.0,2765.0,2826.0,2741.0,2821.0,565300.0
2022-10-18,64320,2851.0,2874.0,2822.0,2863.0,0,0,476900.0,1357007700.0,1.0,2851.0,2874.0,2822.0,2863.0,476900.0
2022-10-19,64320,2833.0,2884.0,2830.0,2867.0,0,0,342800.0,981432200.0,1.0,2833.0,2884.0,2830.0,2867.0,342800.0
2022-10-20,64320,2837.0,2880.0,2823.0,2856.0,0,0,380600.0,1087984100.0,1.0,2837.0,2880.0,2823.0,2856.0,380600.0
2022-10-21,64320,2861.0,2884.0,2839.0,2847.0,0,0,232800.0,664610000.0,1.0,2861.0,2884.0,2839.0,2847.0,232800.0
2022-10-24,64320,2877.0,2983.0,2863.0,2943.0,0,0,527800.0,1553793400.0,1.0,2877.0,2983.0,2863.0,2943.0,527800.0
2022-10-25,64320,2964.0,2985.0,2948.0,2974.0,0,0,241700.0,718050200.0,1.0,2964.0,2985.0,2948.0,2974.0,241700.0
2022-10-26,64320,2980.0,2985.0,2955.0,2974.0,0,0,241400.0,717812800.0,1.0,2980.0,2985.0,2955.0,2974.0,241400.0
2022-10-27,64320,2961.0,2987.0,2955.0,2978.0,0,0,219800.0,653671600.0,1.0,2961.0,2987.0,2955.0,2978.0,219800.0
2022-10-28,64320,2959.0,3025.0,2955.0,2983.0,0,0,626900.0,1874884400.0,1.0,2959.0,3025.0,2955.0,2983.0,626900.0
2022-10-31,64320,3025.0,3025.0,2979.0,3000.0,0,0,284400.0,852362800.0,1.0,3025.0,3025.0,2979.0,3000.0,284400.0
2022-11-01,64320,3005.0,3030.0,2972.0,3030.0,0,0,184300.0,553445200.0,1.0,3005.0,3030.0,2972.0,3030.0,184300.0
2022-11-02,64320,3005.0,3065.0,3005.0,3055.0,0,0,215100.0,654661000.0,1.0,3005.0,3065.0,3005.0,3055.0,215100.0
2022-11-04,64320,3045.0,3045.0,2993.0,2999.0,0,0,195800.0,589637900.0,1.0,3045.0,3045.0,2993.0,2999.0,195800.0
2022-11-07,64320,3050.0,3055.0,3025.0,3045.0,0,0,104000.0,316557500.0,1.0,3050.0,3055.0,3025.0,3045.0,104000.0
2022-11-08,64320,3050.0,3110.0,3050.0,3085.0,0,0,193000.0,595060000.0,1.0,3050.0,3110.0,3050.0,3085.0,193000.0
2022-11-09,64320,3095.0,3105.0,3055.0,3065.0,0,0,105800.0,325122000.0,1.0,3095.0,3105.0,3055.0,3065.0,105800.0
2022-11-10,64320,3035.0,3060.0,3015.0,3020.0,0,0,132500.0,401877000.0,1.0,3035.0,3060.0,3015.0,3020.0,132500.0
2022-11-11,64320,3010.0,3010.0,2933.0,2967.0,0,0,344000.0,1021585000.0,1.0,3010.0,3010.0,2933.0,2967.0,344000.0
2022-11-14,64320,2950.0,2987.0,2937.0,2973.0,0,0,125800.0,373416700.0,1.0,2950.0,2987.0,2937.0,2973.0,125800.0
2022-11-15,64320,2986.0,3005.0,2975.0,3005.0,0,0,105300.0,315586900.0,1.0,2986.0,3005.0,2975.0,3005.0,105300.0
2022-11-16,64320,2990.0,3005.0,2945.0,2990.0,0,0,144300.0,430799500.0,1.0,2990.0,3005.0,2945.0,2990.0,144300.0
2022-11-17,64320,2989.0,3040.0,2989.0,3030.0,0,0,110300.0,333272900.0,1.0,2989.0,3040.0,2989.0,3030.0,110300.0
2022-11-18,64320,3075.0,3075.0,3015.0,3030.0,0,0,103800.0,315804500.0,1.0,3075.0,3075.0,3015.0,3030.0,103800.0
2022-11-21,64320,3045.0,3055.0,3025.0,3050.0,0,0,71600.0,217855000.0,1.0,3045.0,3055.0,3025.0,3050.0,71600.0
2022-11-22,64320,3025.0,3105.0,3025.0,3090.0,0,0,141100.0,435200000.0,1.0,3025.0,3105.0,3025.0,3090.0,141100.0
2022-11-24,64320,3105.0,3135.0,3095.0,3105.0,0,0,138000.0,429732000.0,1.0,3105.0,3135.0,3095.0,3105.0,138000.0
2022-11-25,64320,3155.0,3225.0,3125.0,3220.0,0,0,330800.0,1055660000.0,1.0,3155.0,3225.0,3125.0,3220.0,330800.0
2022-11-28,64320,3240.0,3255.0,3200.0,3245.0,0,0,196500.0,634666000.0,1.0,3240.0,3255.0,3200.0,3245.0,196500.0
2022-11-29,64320,3210.0,3230.0,3175.0,3175.0,0,0,142700.0,456096500.0,1.0,3210.0,3230.0,3175.0,3175.0,142700.0
2022-11-30,64320,3165.0,3195.0,3110.0,3175.0,0,0,216300.0,682306500.0,1.0,3165.0,3195.0,3110.0,3175.0,216300.0
2022-12-01,64320,3215.0,3215.0,3140.0,3150.0,0,0,199800.0,632481000.0,1.0,3215.0,3215.0,3140.0,3150.0,199800.0
2022-12-02,64320,3115.0,3120.0,3025.0,3045.0,0,0,217300.0,665991500.0,1.0,3115.0,3120.0,3025.0,3045.0,217300.0
2022-12-05,64320,3030.0,3055.0,3000.0,3045.0,0,0,181000.0,547861000.0,1.0,3030.0,3055.0,3000.0,3045.0,181000.0
2022-12-06,64320,2950.0,2984.0,2900.0,2948.0,0,0,387100.0,1141889800.0,1.0,2950.0,2984.0,2900.0,2948.0,387100.0
2022-12-07,64320,2930.0,2979.0,2930.0,2964.0,0,0,150700.0,446199600.0,1.0,2930.0,2979.0,2930.0,2964.0,150700.0
2022-12-08,64320,2974.0,2983.0,2935.0,2966.0,0,0,121000.0,358151700.0,1.0,2974.0,2983.0,2935.0,2966.0,121000.0
2022-12-09,64320,2930.0,2998.0,2925.0,2998.0,0,0,124900.0,371464100.0,1.0,2930.0,2998.0,2925.0,2998.0,124900.0
2022-12-12,64320,2988.0,3015.0,2973.0,2978.0,0,0,100500.0,300329900.0,1.0,2988.0,3015.0,2973.0,2978.0,100500.0
2022-12-13,64320,3005.0,3045.0,2993.0,3040.0,0,0,125900.0,380474100.0,1.0,3005.0,3045.0,2993.0,3040.0,125900.0
2022-12-14,64320,3035.0,3055.0,3010.0,3035.0,0,0,92100.0,279239500.0,1.0,3035.0,3055.0,3010.0,3035.0,92100.0
2022-12-15,64320,3020.0,3075.0,3005.0,3050.0,0,0,77900.0,237785500.0,1.0,3020.0,3075.0,3005.0,3050.0,77900.0
2022-12-16,64320,3050.0,3065.0,2986.0,2989.0,0,0,200100.0,603585100.0,1.0,3050.0,3065.0,2986.0,2989.0,200100.0
2022-12-19,64320,2986.0,3050.0,2980.0,3015.0,0,0,144400.0,435559100.0,1.0,2986.0,3050.0,2980.0,3015.0,144400.0
2022-12-20,64320,3035.0,3040.0,2915.0,2944.0,0,0,243100.0,717158800.0,1.0,3035.0,3040.0,2915.0,2944.0,243100.0
2022-12-21,64320,2905.0,2923.0,2833.0,2833.0,0,0,316900.0,906681400.0,1.0,2905.0,2923.0,2833.0,2833.0,316900.0
2022-12-22,64320,2852.0,2899.0,2848.0,2868.0,0,0,184100.0,528839700.0,1.0,2852.0,2899.0,2848.0,2868.0,184100.0
2022-12-23,64320,2828.0,2849.0,2810.0,2832.0,0,0,165900.0,469248900.0,1.0,2828.0,2849.0,2810.0,2832.0,165900.0
2022-12-26,64320,2865.0,2918.0,2859.0,2916.0,0,0,121700.0,352980500.0,1.0,2865.0,2918.0,2859.0,2916.0,121700.0
2022-12-27,64320,2941.0,2941.0,2875.0,2886.0,0,0,115900.0,335642400.0,1.0,2941.0,2941.0,2875.0,2886.0,115900.0
2022-12-28,64320,2899.0,2899.0,2865.0,2891.0,0,0,119900.0,345557900.0,1.0,2899.0,2899.0,2865.0,2891.0,119900.0
2022-12-29,64320,2887.0,2915.0,2866.0,2914.0,0,0,146700.0,425211200.0,1.0,2887.0,2915.0,2866.0,2914.0,146700.0
2022-12-30,64320,2913.0,2940.0,2913.0,2914.0,0,0,159500.0,466490100.0,1.0,2913.0,2940.0,2913.0,2914.0,159500.0
2023-01-04,64320,2883.0,2885.0,2826.0,2836.0,0,0,222400.0,633225000.0,1.0,2883.0,2885.0,2826.0,2836.0,222400.0
2023-01-05,64320,2801.0,2820.0,2780.0,2810.0,0,0,284100.0,795913700.0,1.0,2801.0,2820.0,2780.0,2810.0,284100.0
2023-01-06,64320,2801.0,2834.0,2801.0,2831.0,0,0,221000.0,624013500.0,1.0,2801.0,2834.0,2801.0,2831.0,221000.0
2023-01-10,64320,2863.0,2868.0,2783.0,2791.0,0,0,259800.0,728683300.0,1.0,2863.0,2868.0,2783.0,2791.0,259800.0
2023-01-11,64320,2804.0,2845.0,2801.0,2830.0,0,0,199000.0,563505300.0,1.0,2804.0,2845.0,2801.0,2830.0,199000.0
2023-01-12,64320,2835.0,2846.0,2825.0,2835.0,0,0,159300.0,451465400.0,1.0,2835.0,2846.0,2825.0,2835.0,159300.0
2023-01-13,64320,2799.0,2839.0,2790.0,2817.0,0,0,270900.0,761087300.0,1.0,2799.0,2839.0,2790.0,2817.0,270900.0
2023-01-16,64320,2667.0,2691.0,2622.0,2648.0,0,0,1055800.0,2798707100.0,1.0,2667.0,2691.0,2622.0,2648.0,1055800.0
2023-01-17,64320,2647.0,2709.0,2644.0,2663.0,0,0,507500.0,1357862600.0,1.0,2647.0,2709.0,2644.0,2663.0,507500.0
2023-01-18,64320,2626.0,2707.0,2606.0,2703.0,0,0,534400.0,1423292600.0,1.0,2626.0,2707.0,2606.0,2703.0,534400.0
2023-01-19,64320,2708.0,2750.0,2701.0,2717.0,0,0,348600.0,948975300.0,1.0,2708.0,2750.0,2701.0,2717.0,348600.0
2023-01-20,64320,2713.0,2716.0,2685.0,2714.0,0,0,217700.0,589005500.0,1.0,2713.0,2716.0,2685.0,2714.0,217700.0
2023-01-23,64320,2736.0,2752.0,2707.0,2745.0,0,0,131500.0,359716500.0,1.0,2736.0,2752.0,2707.0,2745.0,131500.0
2023-01-24,64320,2787.0,2806.0,2765.0,2800.0,0,0,207900.0,579788600.0,1.0,2787.0,2806.0,2765.0,2800.0,207900.0
2023-01-25,64320,2803.0,2815.0,2783.0,2811.0,0,0,173600.0,486875700.0,1.0,2803.0,2815.0,2783.0,2811.0,173600.0
2023-01-26,64320,2803.0,2813.0,2774.0,2795.0,0,0,187700.0,524195500.0,1.0,2803.0,2813.0,2774.0,2795.0,187700.0
2023-01-27,64320,2816.0,2856.0,2812.0,2852.0,0,0,227500.0,645861900.0,1.0,2816.0,2856.0,2812.0,2852.0,227500.0
2023-01-30,64320,2868.0,2890.0,2824.0,2842.0,0,0,211000.0,600934200.0,1.0,2868.0,2890.0,2824.0,2842.0,211000.0
2023-01-31,64320,2832.0,2878.0,2832.0,2865.0,0,0,161100.0,460071300.0,1.0,2832.0,2878.0,2832.0,2865.0,161100.0
2023-02-01,64320,2885.0,2893.0,2830.0,2840.0,0,0,281300.0,801966400.0,1.0,2885.0,2893.0,2830.0,2840.0,281300.0
2023-02-02,64320,2842.0,2845.0,2796.0,2806.0,0,0,167900.0,472360600.0,1.0,2842.0,2845.0,2796.0,2806.0,167900.0
2023-02-03,64320,2795.0,2806.0,2784.0,2795.0,0,0,143600.0,400928500.0,1.0,2795.0,2806.0,2784.0,2795.0,143600.0
2023-02-06,64320,2845.0,2873.0,2835.0,2864.0,0,0,168200.0,480950700.0,1.0,2845.0,2873.0,2835.0,2864.0,168200.0
2023-02-07,64320,2875.0,2875.0,2835.0,2838.0,0,0,204200.0,581895700.0,1.0,2875.0,2875.0,2835.0,2838.0,204200.0
2023-02-08,64320,2834.0,2865.0,2832.0,2860.0,0,0,120600.0,343605800.0,1.0,2834.0,2865.0,2832.0,2860.0,120600.0
2023-02-09,64320,2836.0,2880.0,2833.0,2876.0,0,0,103200.0,295914600.0,1.0,2836.0,2880.0,2833.0,2876.0,103200.0
2023-02-10,64320,2857.0,2887.0,2856.0,2865.0,0,0,104100.0,298753000.0,1.0,2857.0,2887.0,2856.0,2865.0,104100.0
2023-02-13,64320,2885.0,2907.0,2867.0,2902.0,0,0,129600.0,374791000.0,1.0,2885.0,2907.0,2867.0,2902.0,129600.0
2023-02-14,64320,2939.0,2942.0,2912.0,2919.0,0,0,176400.0,515935400.0,1.0,2939.0,2942.0,2912.0,2919.0,176400.0
2023-02-15,64320,2936.0,2940.0,2912.0,2916.0,0,0,119300.0,348558300.0,1.0,2936.0,2940.0,2912.0,2916.0,119300.0
2023-02-16,64320,2943.0,2950.0,2922.0,2939.0,0,0,131900.0,387427600.0,1.0,2943.0,2950.0,2922.0,2939.0,131900.0
2023-02-17,64320,2940.0,2942.0,2921.0,2926.0,0,0,111700.0,327168500.0,1.0,2940.0,2942.0,2921.0,2926.0,111700.0
2023-02-20,64320,2931.0,2971.0,2921.0,2966.0,0,0,195500.0,577563400.0,1.0,2931.0,2971.0,2921.0,2966.0,195500.0
2023-02-21,64320,2965.0,3015.0,2952.0,3010.0,0,0,281300.0,841539400.0,1.0,2965.0,3015.0,2952.0,3010.0,281300.0
2023-02-22,64320,2980.0,3010.0,2966.0,2977.0,0,0,322100.0,961229200.0,1.0,2980.0,3010.0,2966.0,2977.0,322100.0
2023-02-24,64320,2940.0,2996.0,2930.0,2970.0,0,0,734200.0,2175079800.0,1.0,2940.0,2996.0,2930.0,2970.0,734200.0
2023-02-27,64320,2862.0,2930.0,2853.0,2903.0,0,0,341100.0,988810900.0,1.0,2862.0,2930.0,2853.0,2903.0,341100.0
2023-02-28,64320,2918.0,2920.0,2883.0,2907.0,0,0,292000.0,847863000.0,1.0,2918.0,2920.0,2883.0,2907.0,292000.0
2023-03-01,64320,2904.0,3020.0,2903.0,3015.0,0,0,430900.0,1284482800.0,1.0,2904.0,3020.0,2903.0,3015.0,430900.0
2023-03-02,64320,3040.0,3075.0,3005.0,3035.0,0,0,341400.0,1038748500.0,1.0,3040.0,3075.0,3005.0,3035.0,341400.0
2023-03-03,64320,3060.0,3095.0,3040.0,3085.0,0,0,226300.0,696552500.0,1.0,3060.0,3095.0,3040.0,3085.0,226300.0
2023-03-06,64320,3100.0,3115.0,3030.0,3065.0,0,0,206800.0,634265000.0,1.0,3100.0,3115.0,3030.0,3065.0,206800.0
2023-03-07,64320,3075.0,3100.0,3060.0,3090.0,0,0,156000.0,480518500.0,1.0,3075.0,3100.0,3060.0,3090.0,156000.0
2023-03-08,64320,3080.0,3115.0,3055.0,3100.0,0,0,159500.0,494473500.0,1.0,3080.0,3115.0,3055.0,3100.0,159500.0
2023-03-09,64320,3140.0,3180.0,3125.0,3175.0,0,0,204900.0,647448000.0,1.0,3140.0,3180.0,3125.0,3175.0,204900.0
2023-03-10,64320,3130.0,3175.0,3120.0,3140.0,0,0,195700.0,614010000.0,1.0,3130.0,3175.0,3120.0,3140.0,195700.0
2023-03-13,64320,3085.0,3085.0,2995.0,3025.0,0,0,163900.0,495469700.0,1.0,3085.0,3085.0,2995.0,3025.0,163900.0
2023-03-14,64320,2955.0,2960.0,2879.0,2914.0,0,0,194300.0,567363600.0,1.0,2955.0,2960.0,2879.0,2914.0,194300.0
2023-03-15,64320,2964.0,2998.0,2935.0,2979.0,0,0,136600.0,405234200.0,1.0,2964.0,2998.0,2935.0,2979.0,136600.0
2023-03-16,64320,2870.0,2887.0,2832.0,2868.0,0,0,184400.0,527884000.0,1.0,2870.0,2887.0,2832.0,2868.0,184400.0
2023-03-17,64320,2904.0,2916.0,2838.0,2859.0,0,0,158900.0,455104100.0,1.0,2904.0,2916.0,2838.0,2859.0,158900.0
2023-03-20,64320,2821.0,2845.0,2785.0,2792.0,0,0,172300.0,483178600.0,1.0,2821.0,2845.0,2785.0,2792.0,172300.0
2023-03-22,64320,2859.0,2859.0,2820.0,2838.0,0,0,178700.0,507663000.0,1.0,2859.0,2859.0,2820.0,2838.0,178700.0
2023-03-23,64320,2788.0,2841.0,2757.0,2841.0,0,0,166500.0,469334600.0,1.0,2788.0,2841.0,2757.0,2841.0,166500.0
2023-03-24,64320,2835.0,2838.0,2801.0,2813.0,0,0,113100.0,318194500.0,1.0,2835.0,2838.0,2801.0,2813.0,113100.0
2023-03-27,64320,2849.0,2849.0,2809.0,2831.0,0,0,97400.0,275283000.0,1.0,2849.0,2849.0,2809.0,2831.0,97400.0
2023-03-28,64320,2850.0,2857.0,2832.0,2846.0,0,0,134500.0,382597400.0,1.0,2850.0,2857.0,2832.0,2846.0,134500.0
2023-03-29,64320,2868.0,2894.0,2850.0,2894.0,0,0,152700.0,439486200.0,1.0,2868.0,2894.0,2850.0,2894.0,152700.0
2023-03-30,64320,2904.0,2911.0,2882.0,2906.0,0,0,134900.0,390952300.0,1.0,2904.0,2911.0,2882.0,2906.0,134900.0
2023-03-31,64320,2940.0,2957.0,2925.0,2932.0,0,0,103500.0,304151400.0,1.0,2940.0,2957.0,2925.0,2932.0,103500.0
2023-04-03,64320,2948.0,2963.0,2917.0,2948.0,0,0,102700.0,302387300.0,1.0,2948.0,2963.0,2917.0,2948.0,102700.0
2023-04-04,64320,2947.0,2960.0,2928.0,2944.0,0,0,125000.0,367776700.0,1.0,2947.0,2960.0,2928.0,2944.0,125000.0
2023-04-05,64320,2844.0,2879.0,2822.0,2844.0,0,0,276300.0,787220800.0,1.0,2844.0,2879.0,2822.0,2844.0,276300.0
2023-04-06,64320,2800.0,2810.0,2755.0,2757.0,0,0,213400.0,591995600.0,1.0,2800.0,2810.0,2755.0,2757.0,213400.0
2023-04-07,64320,2765.0,2793.0,2762.0,2784.0,0,0,153900.0,428146900.0,1.0,2765.0,2793.0,2762.0,2784.0,153900.0
2023-04-10,64320,2804.0,2811.0,2778.0,2796.0,0,0,175400.0,489747200.0,1.0,2804.0,2811.0,2778.0,2796.0,175400.0
2023-04-11,64320,2840.0,2852.0,2821.0,2835.0,0,0,270300.0,767227900.0,1.0,2840.0,2852.0,2821.0,2835.0,270300.0
2023-04-12,64320,3245.0,3335.0,3210.0,3335.0,1,0,2897800.0,9501777500.0,1.0,3245.0,3335.0,3210.0,3335.0,2897800.0
2023-04-13,64320,3255.0,3415.0,3225.0,3395.0,0,0,1319800.0,4402202000.0,1.0,3255.0,3415.0,3225.0,3395.0,1319800.0
2023-04-14,64320,3440.0,3440.0,3370.0,3385.0,0,0,488500.0,1662319500.0,1.0,3440.0,3440.0,3370.0,3385.0,488500.0
2023-04-17,64320,3340.0,3400.0,3330.0,3385.0,0,0,399100.0,1347982000.0,1.0,3340.0,3400.0,3330.0,3385.0,399100.0
2023-04-18,64320,3430.0,3505.0,3385.0,3480.0,0,0,378500.0,1310568000.0,1.0,3430.0,3505.0,3385.0,3480.0,378500.0
2023-04-19,64320,3475.0,3500.0,3425.0,3440.0,0,0,217300.0,750293000.0,1.0,3475.0,3500.0,3425.0,3440.0,217300.0
2023-04-20,64320,3440.0,3620.0,3435.0,3610.0,0,0,544100.0,1936260500.0,1.0,3440.0,3620.0,3435.0,3610.0,544100.0
2023-04-21,64320,3600.0,3635.0,3580.0,3585.0,0,0,361600.0,1302408000.0,1.0,3600.0,3635.0,3580.0,3585.0,361600.0
2023-04-24,64320,3575.0,3590.0,3510.0,3520.0,0,0,277000.0,981338000.0,1.0,3575.0,3590.0,3510.0,3520.0,277000.0
2023-04-25,64320,3500.0,3565.0,3480.0,3500.0,0,0,314000.0,1102914500.0,1.0,3500.0,3565.0,3480.0,3500.0,314000.0
2023-04-26,64320,3500.0,3555.0,3470.0,3540.0,0,0,280500.0,987480500.0,1.0,3500.0,3555.0,3470.0,3540.0,280500.0
2023-04-27,64320,3625.0,3670.0,3595.0,3640.0,0,0,599800.0,2183025500.0,1.0,3625.0,3670.0,3595.0,3640.0,599800.0
2023-04-28,64320,3670.0,3715.0,3625.0,3710.0,0,0,395500.0,1456136000.0,1.0,3670.0,3715.0,3625.0,3710.0,395500.0
2023-05-01,64320,3780.0,3800.0,3735.0,3760.0,0,0,297200.0,1120551500.0,1.0,3780.0,3800.0,3735.0,3760.0,297200.0
2023-05-02,64320,3785.0,3795.0,3720.0,3735.0,0,0,271800.0,1019645500.0,1.0,3785.0,3795.0,3720.0,3735.0,271800.0
2023-05-08,64320,3745.0,3820.0,3735.0,3735.0,0,0,310600.0,1170419500.0,1.0,3745.0,3820.0,3735.0,3735.0,310600.0
2023-05-09,64320,3735.0,3765.0,3695.0,3750.0,0,0,195300.0,729333000.0,1.0,3735.0,3765.0,3695.0,3750.0,195300.0
2023-05-10,64320,3750.0,3760.0,3705.0,3735.0,0,0,141700.0,528360500.0,1.0,3750.0,3760.0,3705.0,3735.0,141700.0
2023-05-11,64320,3700.0,3735.0,3650.0,3680.0,0,0,200000.0,738201000.0,1.0,3700.0,3735.0,3650.0,3680.0,200000.0
2023-05-12,64320,3670.0,3695.0,3645.0,3675.0,0,0,161600.0,593171000.0,1.0,3670.0,3695.0,3645.0,3675.0,161600.0
2023-05-15,64320,3680.0,3685.0,3615.0,3670.0,0,0,259700.0,947666500.0,1.0,3680.0,3685.0,3615.0,3670.0,259700.0
2023-05-16,64320,3695.0,3770.0,3685.0,3745.0,0,0,247600.0,921866500.0,1.0,3695.0,3770.0,3685.0,3745.0,247600.0
2023-05-17,64320,3725.0,3725.0,3680.0,3680.0,0,0,148900.0,550417000.0,1.0,3725.0,3725.0,3680.0,3680.0,148900.0
2023-05-18,64320,3730.0,3755.0,3690.0,3735.0,0,0,147700.0,549119000.0,1.0,3730.0,3755.0,3690.0,3735.0,147700.0
2023-05-19,64320,3805.0,3840.0,3795.0,3830.0,0,0,302900.0,1156392000.0,1.0,3805.0,3840.0,3795.0,3830.0,302900.0
2023-05-22,64320,3800.0,3860.0,3775.0,3850.0,0,0,262400.0,1004294500.0,1.0,3800.0,3860.0,3775.0,3850.0,262400.0
2023-05-23,64320,3900.0,3905.0,3800.0,3830.0,0,0,298600.0,1153372000.0,1.0,3900.0,3905.0,3800.0,3830.0,298600.0
2023-05-24,64320,3820.0,3880.0,3800.0,3850.0,0,0,166700.0,642012500.0,1.0,3820.0,3880.0,3800.0,3850.0,166700.0
2023-05-25,64320,3840.0,3875.0,3810.0,3865.0,0,0,148500.0,571921500.0,1.0,3840.0,3875.0,3810.0,3865.0,148500.0
2023-05-26,64320,3880.0,3930.0,3870.0,3880.0,0,0,236900.0,924943500.0,1.0,3880.0,3930.0,3870.0,3880.0,236900.0
2023-05-29,64320,3930.0,3935.0,3860.0,3875.0,0,0,155500.0,605714500.0,1.0,3930.0,3935.0,3860.0,3875.0,155500.0
2023-05-30,64320,3835.0,3860.0,3790.0,3860.0,0,0,234300.0,897021500.0,1.0,3835.0,3860.0,3790.0,3860.0,234300.0
2023-05-31,64320,3815.0,3835.0,3750.0,3760.0,0,0,240500.0,909201000.0,1.0,3815.0,3835.0,3750.0,3760.0,240500.0
2023-06-01,64320,3705.0,3745.0,3690.0,3700.0,0,0,226300.0,840066000.0,1.0,3705.0,3745.0,3690.0,3700.0,226300.0
2023-06-02,64320,3740.0,3810.0,3720.0,3810.0,0,0,188400.0,712239500.0,1.0,3740.0,3810.0,3720.0,3810.0,188400.0
2023-06-05,64320,3950.0,4030.0,3945.0,3985.0,0,0,432100.0,1723605000.0,1.0,3950.0,4030.0,3945.0,3985.0,432100.0
2023-06-06,64320,3940.0,4095.0,3900.0,4080.0,0,0,382800.0,1540157000.0,1.0,3940.0,4095.0,3900.0,4080.0,382800.0
2023-06-07,64320,4150.0,4225.0,4055.0,4065.0,0,0,529500.0,2187601500.0,1.0,4150.0,4225.0,4055.0,4065.0,529500.0
2023-06-08,64320,4125.0,4180.0,4085.0,4105.0,0,0,478400.0,1973293500.0,1.0,4125.0,4180.0,4085.0,4105.0,478400.0
2023-06-09,64320,4140.0,4190.0,4115.0,4140.0,0,0,264900.0,1098348500.0,1.0,4140.0,4190.0,4115.0,4140.0,264900.0
2023-06-12,64320,4150.0,4230.0,4135.0,4195.0,0,0,217100.0,910018000.0,1.0,4150.0,4230.0,4135.0,4195.0,217100.0
2023-06-13,64320,4245.0,4340.0,4240.0,4320.0,0,0,315700.0,1356075000.0,1.0,4245.0,4340.0,4240.0,4320.0,315700.0
2023-06-14,64320,4400.0,4400.0,4320.0,4375.0,0,0,413100.0,1802478500.0,1.0,4400.0,4400.0,4320.0,4375.0,413100.0
2023-06-15,64320,4360.0,4500.0,4350.0,4450.0,0,0,386800.0,1723162000.0,1.0,4360.0,4500.0,4350.0,4450.0,386800.0
2023-06-16,64320,4440.0,4445.0,4265.0,4280.0,0,0,840800.0,3636946000.0,1.0,4440.0,4445.0,4265.0,4280.0,840800.0
2023-06-19,64320,4330.0,4345.0,4255.0,4310.0,0,0,239900.0,1033201500.0,1.0,4330.0,4345.0,4255.0,4310.0,239900.0
2023-06-20,64320,4295.0,4355.0,4285.0,4355.0,0,0,183300.0,792009000.0,1.0,4295.0,4355.0,4285.0,4355.0,183300.0
2023-06-21,64320,4345.0,4420.0,4315.0,4390.0,0,0,211700.0,928314000.0,1.0,4345.0,4420.0,4315.0,4390.0,211700.0
2023-06-22,64320,4390.0,4425.0,4370.0,4410.0,0,0,244600.0,1076727000.0,1.0,4390.0,4425.0,4370.0,4410.0,244600.0
2023-06-23,64320,4465.0,4465.0,4330.0,4365.0,0,0,282400.0,1237771000.0,1.0,4465.0,4465.0,4330.0,4365.0,282400.0
2023-06-26,64320,4395.0,4450.0,4335.0,4350.0,0,0,156100.0,684133500.0,1.0,4395.0,4450.0,4335.0,4350.0,156100.0
2023-06-27,64320,4350.0,4365.0,4285.0,4350.0,0,0,171500.0,744384000.0,1.0,4350.0,4365.0,4285.0,4350.0,171500.0
2023-06-28,64320,4400.0,4495.0,4400.0,4490.0,0,0,289800.0,1290005500.0,1.0,4400.0,4495.0,4400.0,4490.0,289800.0
2023-06-29,64320,4490.0,4515.0,4430.0,4445.0,0,0,241000.0,1075008000.0,1.0,4490.0,4515.0,4430.0,4445.0,241000.0
2023-06-30,64320,4470.0,4480.0,4400.0,4430.0,0,0,227700.0,1009207000.0,1.0,4470.0,4480.0,4400.0,4430.0,227700.0
2023-07-03,64320,4495.0,4575.0,4480.0,4575.0,0,0,303300.0,1380990000.0,1.0,4495.0,4575.0,4480.0,4575.0,303300.0
2023-07-04,64320,4585.0,4605.0,4510.0,4590.0,0,0,318800.0,1457233500.0,1.0,4585.0,4605.0,4510.0,4590.0,318800.0
2023-07-05,64320,4565.0,4680.0,4535.0,4665.0,0,0,402900.0,1865075000.0,1.0,4565.0,4680.0,4535.0,4665.0,402900.0
2023-07-06,64320,4635.0,4655.0,4570.0,4580.0,0,0,332800.0,1532789500.0,1.0,4635.0,4655.0,4570.0,4580.0,332800.0
2023-07-07,64320,4525.0,4565.0,4440.0,4525.0,0,0,368600.0,1663277500.0,1.0,4525.0,4565.0,4440.0,4525.0,368600.0
2023-07-10,64320,4535.0,4615.0,4485.0,4495.0,0,0,307900.0,1393761500.0,1.0,4535.0,4615.0,4485.0,4495.0,307900.0
2023-07-11,64320,4530.0,4530.0,4420.0,4425.0,0,0,323600.0,1444427000.0,1.0,4530.0,4530.0,4420.0,4425.0,323600.0
2023-07-12,64320,4425.0,4465.0,4320.0,4320.0,0,0,528900.0,2307041000.0,1.0,4425.0,4465.0,4320.0,4320.0,528900.0
2023-07-13,64320,4305.0,4405.0,4260.0,4395.0,0,0,401300.0,1747530000.0,1.0,4305.0,4405.0,4260.0,4395.0,401300.0
2023-07-14,64320,4620.0,4620.0,4240.0,4420.0,0,0,1168400.0,5101250500.0,1.0,4620.0,4620.0,4240.0,4420.0,1168400.0
2023-07-18,64320,4490.0,4535.0,4370.0,4385.0,0,0,504500.0,2237293000.0,1.0,4490.0,4535.0,4370.0,4385.0,504500.0
2023-07-19,64320,4465.0,4565.0,4420.0,4560.0,0,0,433200.0,1961305000.0,1.0,4465.0,4565.0,4420.0,4560.0,433200.0
2023-07-20,64320,4525.0,4580.0,4460.0,4460.0,0,0,284300.0,1282768000.0,1.0,4525.0,4580.0,4460.0,4460.0,284300.0
2023-07-21,64320,4455.0,4465.0,4375.0,4405.0,0,0,245600.0,1084899500.0,1.0,4455.0,4465.0,4375.0,4405.0,245600.0
2023-07-24,64320,4450.0,4545.0,4425.0,4515.0,0,0,248400.0,1117276500.0,1.0,4450.0,4545.0,4425.0,4515.0,248400.0
2023-07-25,64320,4565.0,4655.0,4560.0,4645.0,0,0,331000.0,1531776500.0,1.0,4565.0,4655.0,4560.0,4645.0,331000.0
2023-07-26,64320,4700.0,4710.0,4600.0,4635.0,0,0,235200.0,1092814500.0,1.0,4700.0,4710.0,4600.0,4635.0,235200.0
2023-07-27,64320,4575.0,4580.0,4520.0,4535.0,0,0,315900.0,1434999500.0,1.0,4575.0,4580.0,4520.0,4535.0,315900.0
2023-07-28,64320,4405.0,4535.0,4370.0,4480.0,0,0,427800.0,1902461500.0,1.0,4405.0,4535.0,4370.0,4480.0,427800.0
2023-07-31,64320,4485.0,4535.0,4410.0,4445.0,0,0,313400.0,1398488000.0,1.0,4485.0,4535.0,4410.0,4445.0,313400.0
2023-08-01,64320,4515.0,4625.0,4500.0,4615.0,0,0,425900.0,1947982000.0,1.0,4515.0,4625.0,4500.0,4615.0,425900.0
2023-08-02,64320,4650.0,4745.0,4580.0,4585.0,0,0,495500.0,2302323000.0,1.0,4650.0,4745.0,4580.0,4585.0,495500.0
2023-08-03,64320,4500.0,4525.0,4450.0,4495.0,0,0,232000.0,1042477000.0,1.0,4500.0,4525.0,4450.0,4495.0,232000.0
2023-08-04,64320,4450.0,4510.0,4435.0,4470.0,0,0,179600.0,804479000.0,1.0,4450.0,4510.0,4435.0,4470.0,179600.0
2023-08-07,64320,4450.0,4450.0,4355.0,4370.0,0,0,349400.0,1535673500.0,1.0,4450.0,4450.0,4355.0,4370.0,349400.0
2023-08-08,64320,4440.0,4485.0,4400.0,4410.0,0,0,376800.0,1670370500.0,1.0,4440.0,4485.0,4400.0,4410.0,376800.0
2023-08-09,64320,4385.0,4385.0,4305.0,4330.0,0,0,326100.0,1413667000.0,1.0,4385.0,4385.0,4305.0,4330.0,326100.0
2023-08-10,64320,4315.0,4450.0,4315.0,4440.0,0,0,231200.0,1017972000.0,1.0,4315.0,4450.0,4315.0,4440.0,231200.0
2023-08-14,64320,4455.0,4455.0,4315.0,4335.0,0,0,205100.0,893912000.0,1.0,4455.0,4455.0,4315.0,4335.0,205100.0
2023-08-15,64320,4360.0,4400.0,4345.0,4355.0,0,0,152500.0,666113500.0,1.0,4360.0,4400.0,4345.0,4355.0,152500.0
2023-08-16,64320,4285.0,4350.0,4270.0,4320.0,0,0,177700.0,766213500.0,1.0,4285.0,4350.0,4270.0,4320.0,177700.0
2023-08-17,64320,4280.0,4355.0,4235.0,4350.0,0,0,189000.0,813149500.0,1.0,4280.0,4355.0,4235.0,4350.0,189000.0
2023-08-18,64320,4280.0,4365.0,4270.0,4305.0,0,0,161900.0,698989000.0,1.0,4280.0,4365.0,4270.0,4305.0,161900.0
2023-08-21,64320,4345.0,4345.0,4265.0,4290.0,0,0,103700.0,445586500.0,1.0,4345.0,4345.0,4265.0,4290.0,103700.0
2023-08-22,64320,4305.0,4345.0,4265.0,4345.0,0,0,120800.0,521704000.0,1.0,4305.0,4345.0,4265.0,4345.0,120800.0
2023-08-23,64320,4275.0,4365.0,4265.0,4360.0,0,0,115200.0,497661000.0,1.0,4275.0,4365.0,4265.0,4360.0,115200.0
2023-08-24,64320,4370.0,4390.0,4350.0,4355.0,0,0,76300.0,333051500.0,1.0,4370.0,4390.0,4350.0,4355.0,76300.0
2023-08-25,64320,4300.0,4335.0,4285.0,4320.0,0,0,96600.0,417018000.0,1.0,4300.0,4335.0,4285.0,4320.0,96600.0
2023-08-28,64320,4370.0,4425.0,4345.0,4425.0,0,0,121600.0,534602500.0,1.0,4370.0,4425.0,4345.0,4425.0,121600.0
2023-08-29,64320,4455.0,4480.0,4435.0,4480.0,0,0,154300.0,688479500.0,1.0,4455.0,4480.0,4435.0,4480.0,154300.0
2023-08-30,64320,4520.0,4525.0,4490.0,4510.0,0,0,196500.0,885999000.0,1.0,4520.0,4525.0,4490.0,4510.0,196500.0
2023-08-31,64320,4530.0,4660.0,4510.0,4640.0,0,0,325600.0,1498794000.0,1.0,4530.0,4660.0,4510.0,4640.0,325600.0
2023-09-01,64320,4590.0,4650.0,4575.0,4640.0,0,0,137900.0,637498000.0,1.0,4590.0,4650.0,4575.0,4640.0,137900.0
2023-09-04,64320,4615.0,4715.0,4580.0,4715.0,0,0,245500.0,1145391500.0,1.0,4615.0,4715.0,4580.0,4715.0,245500.0
2023-09-05,64320,4725.0,4740.0,4680.0,4740.0,0,0,169400.0,797753000.0,1.0,4725.0,4740.0,4680.0,4740.0,169400.0
2023-09-06,64320,4715.0,4740.0,4685.0,4695.0,0,0,158800.0,747402500.0,1.0,4715.0,4740.0,4685.0,4695.0,158800.0
2023-09-07,64320,4765.0,4975.0,4750.0,4920.0,0,0,539300.0,2642210000.0,1.0,4765.0,4975.0,4750.0,4920.0,539300.0
2023-09-08,64320,4915.0,5050.0,4910.0,5010.0,0,0,378900.0,1885367500.0,1.0,4915.0,5050.0,4910.0,5010.0,378900.0
2023-09-11,64320,5030.0,5100.0,4925.0,4945.0,0,0,471500.0,2365997000.0,1.0,5030.0,5100.0,4925.0,4945.0,471500.0
2023-09-12,64320,5000.0,5010.0,4915.0,5000.0,0,0,200800.0,997505500.0,1.0,5000.0,5010.0,4915.0,5000.0,200800.0
2023-09-13,64320,5020.0,5020.0,4940.0,4990.0,0,0,201000.0,1001254500.0,1.0,5020.0,5020.0,4940.0,4990.0,201000.0
2023-09-14,64320,5000.0,5010.0,4910.0,4930.0,0,0,231900.0,1145356500.0,1.0,5000.0,5010.0,4910.0,4930.0,231900.0
2023-09-15,64320,4965.0,5040.0,4935.0,5020.0,0,0,207000.0,1035394000.0,1.0,4965.0,5040.0,4935.0,5020.0,207000.0
2023-09-19,64320,5040.0,5140.0,5030.0,5130.0,0,0,188200.0,955986000.0,1.0,5040.0,5140.0,5030.0,5130.0,188200.0
2023-09-20,64320,5180.0,5200.0,5010.0,5030.0,0,0,237000.0,1205807000.0,1.0,5180.0,5200.0,5010.0,5030.0,237000.0
2023-09-21,64320,5010.0,5060.0,4985.0,5000.0,0,0,141200.0,708104500.0,1.0,5010.0,5060.0,4985.0,5000.0,141200.0
2023-09-22,64320,4910.0,4995.0,4885.0,4975.0,0,0,216700.0,1072246000.0,1.0,4910.0,4995.0,4885.0,4975.0,216700.0
2023-09-25,64320,4995.0,4995.0,4930.0,4970.0,0,0,152900.0,759218000.0,1.0,4995.0,4995.0,4930.0,4970.0,152900.0
2023-09-26,64320,4955.0,4970.0,4900.0,4910.0,0,0,141600.0,698539000.0,1.0,4955.0,4970.0,4900.0,4910.0,141600.0
2023-09-27,64320,4910.0,4985.0,4855.0,4980.0,0,0,240200.0,1188287000.0,1.0,4910.0,4985.0,4855.0,4980.0,240200.0
2023-09-28,64320,4970.0,5120.0,4955.0,4985.0,0,0,271900.0,1363714500.0,1.0,4970.0,5120.0,4955.0,4985.0,271900.0
2023-09-29,64320,5020.0,5020.0,4870.0,4900.0,0,0,307300.0,1516794500.0,1.0,5020.0,5020.0,4870.0,4900.0,307300.0
2023-10-02,64320,4850.0,4960.0,4840.0,4855.0,0,0,237900.0,1163809500.0,1.0,4850.0,4960.0,4840.0,4855.0,237900.0
2023-10-03,64320,4835.0,4840.0,4710.0,4720.0,0,0,247800.0,1177598500.0,1.0,4835.0,4840.0,4710.0,4720.0,247800.0
2023-10-04,64320,4585.0,4615.0,4480.0,4485.0,0,0,420900.0,1908869500.0,1.0,4585.0,4615.0,4480.0,4485.0,420900.0
2023-10-05,64320,4530.0,4555.0,4460.0,4500.0,0,0,294800.0,1327045500.0,1.0,4530.0,4555.0,4460.0,4500.0,294800.0
2023-10-06,64320,4470.0,4545.0,4460.0,4525.0,0,0,207500.0,936850500.0,1.0,4470.0,4545.0,4460.0,4525.0,207500.0
2023-10-10,64320,4610.0,4740.0,4610.0,4740.0,0,0,276200.0,1298289500.0,1.0,4610.0,4740.0,4610.0,4740.0,276200.0
2023-10-11,64320,4820.0,4840.0,4710.0,4765.0,0,0,360200.0,1720825500.0,1.0,4820.0,4840.0,4710.0,4765.0,360200.0
2023-10-12,64320,4820.0,4920.0,4780.0,4920.0,0,0,492800.0,2398834000.0,1.0,4820.0,4920.0,4780.0,4920.0,492800.0
2023-10-13,64320,5230.0,5340.0,5050.0,5110.0,0,0,1891700.0,9835738000.0,1.0,5230.0,5340.0,5050.0,5110.0,1891700.0
2023-10-16,64320,5050.0,5140.0,4940.0,5010.0,0,0,628400.0,3144585500.0,1.0,5050.0,5140.0,4940.0,5010.0,628400.0
2023-10-17,64320,5170.0,5170.0,4790.0,4840.0,0,0,746000.0,3668051500.0,1.0,5170.0,5170.0,4790.0,4840.0,746000.0
2023-10-18,64320,4910.0,4950.0,4840.0,4865.0,0,0,349900.0,1708540500.0,1.0,4910.0,4950.0,4840.0,4865.0,349900.0
2023-10-19,64320,4750.0,4760.0,4560.0,4560.0,0,0,643600.0,2993501500.0,1.0,4750.0,4760.0,4560.0,4560.0,643600.0
2023-10-20,64320,4560.0,4605.0,4505.0,4580.0,0,0,469700.0,2139587500.0,1.0,4560.0,4605.0,4505.0,4580.0,469700.0
2023-10-23,64320,4510.0,4530.0,4375.0,4390.0,0,0,507600.0,2252281500.0,1.0,4510.0,4530.0,4375.0,4390.0,507600.0
2023-10-24,64320,4420.0,4425.0,4225.0,4400.0,0,0,490500.0,2125274500.0,1.0,4420.0,4425.0,4225.0,4400.0,490500.0
2023-10-25,64320,4445.0,4575.0,4425.0,4520.0,0,0,433300.0,1952899000.0,1.0,4445.0,4575.0,4425.0,4520.0,433300.0
2023-10-26,64320,4475.0,4545.0,4395.0,4445.0,0,0,340700.0,1517945000.0,1.0,4475.0,4545.0,4395.0,4445.0,340700.0
2023-10-27,64320,4470.0,4485.0,4380.0,4425.0,0,0,411900.0,1819323000.0,1.0,4470.0,4485.0,4380.0,4425.0,411900.0
2023-10-30,64320,4375.0,4395.0,4180.0,4245.0,0,0,574200.0,2437679500.0,1.0,4375.0,4395.0,4180.0,4245.0,574200.0
2023-10-31,64320,4280.0,4280.0,4135.0,4250.0,0,0,621000.0,2614085500.0,1.0,4280.0,4280.0,4135.0,4250.0,621000.0
2023-11-01,64320,4315.0,4320.0,4225.0,4275.0,0,0,438800.0,1874136000.0,1.0,4315.0,4320.0,4225.0,4275.0,438800.0
2023-11-02,64320,4345.0,4360.0,4290.0,4320.0,0,0,296000.0,1279981000.0,1.0,4345.0,4360.0,4290.0,4320.0,296000.0
2023-11-06,64320,4390.0,4585.0,4380.0,4580.0,0,0,509600.0,2291965000.0,1.0,4390.0,4585.0,4380.0,4580.0,509600.0
2023-11-07,64320,4575.0,4575.0,4405.0,4415.0,0,0,333000.0,1484465000.0,1.0,4575.0,4575.0,4405.0,4415.0,333000.0
2023-11-08,64320,4405.0,4430.0,4255.0,4290.0,0,0,381300.0,1646209500.0,1.0,4405.0,4430.0,4255.0,4290.0,381300.0
2023-11-09,64320,4260.0,4290.0,4120.0,4270.0,0,0,692800.0,2911265000.0,1.0,4260.0,4290.0,4120.0,4270.0,692800.0
2023-11-10,64320,4270.0,4355.0,4245.0,4335.0,0,0,304100.0,1309606000.0,1.0,4270.0,4355.0,4245.0,4335.0,304100.0
2023-11-13,64320,4395.0,4405.0,4275.0,4340.0,0,0,423900.0,1838403000.0,1.0,4395.0,4405.0,4275.0,4340.0,423900.0
2023-11-14,64320,4370.0,4445.0,4345.0,4390.0,0,0,285300.0,1254171500.0,1.0,4370.0,4445.0,4345.0,4390.0,285300.0
2023-11-15,64320,4460.0,4460.0,4310.0,4345.0,0,0,371200.0,1620231500.0,1.0,4460.0,4460.0,4310.0,4345.0,371200.0
2023-11-16,64320,4345.0,4345.0,4245.0,4275.0,0,0,334400.0,1435076500.0,1.0,4345.0,4345.0,4245.0,4275.0,334400.0
2023-11-17,64320,4275.0,4405.0,4245.0,4400.0,0,0,320400.0,1394464500.0,1.0,4275.0,4405.0,4245.0,4400.0,320400.0
2023-11-20,64320,4420.0,4480.0,4335.0,4350.0,0,0,422700.0,1858283000.0,1.0,4420.0,4480.0,4335.0,4350.0,422700.0
2023-11-21,64320,4360.0,4395.0,4310.0,4325.0,0,0,348900.0,1515732500.0,1.0,4360.0,4395.0,4310.0,4325.0,348900.0
2023-11-22,64320,4280.0,4350.0,4255.0,4335.0,0,0,219900.0,948737000.0,1.0,4280.0,4350.0,4255.0,4335.0,219900.0
2023-11-24,64320,4455.0,4455.0,4360.0,4375.0,0,0,314100.0,1379943500.0,1.0,4455.0,4455.0,4360.0,4375.0,314100.0
2023-11-27,64320,4400.0,4415.0,4345.0,4360.0,0,0,221000.0,967414500.0,1.0,4400.0,4415.0,4345.0,4360.0,221000.0
2023-11-28,64320,4360.0,4370.0,4325.0,4345.0,0,0,209400.0,909207000.0,1.0,4360.0,4370.0,4325.0,4345.0,209400.0
2023-11-29,64320,4300.0,4320.0,4275.0,4285.0,0,0,238600.0,1025016500.0,1.0,4300.0,4320.0,4275.0,4285.0,238600.0
2023-11-30,64320,4260.0,4330.0,4240.0,4325.0,0,0,249500.0,1070897000.0,1.0,4260.0,4330.0,4240.0,4325.0,249500.0
2023-12-01,64320,4345.0,4365.0,4305.0,4340.0,0,0,203300.0,881072500.0,1.0,4345.0,4365.0,4305.0,4340.0,203300.0
2023-12-04,64320,4320.0,4355.0,4270.0,4305.0,0,0,227400.0,980994000.0,1.0,4320.0,4355.0,4270.0,4305.0,227400.0
2023-12-05,64320,4285.0,4315.0,4265.0,4265.0,0,0,205400.0,879614500.0,1.0,4285.0,4315.0,4265.0,4265.0,205400.0
2023-12-06,64320,4270.0,4330.0,4265.0,4320.0,0,0,197100.0,849359500.0,1.0,4270.0,4330.0,4265.0,4320.0,197100.0
2023-12-07,64320,4290.0,4305.0,4245.0,4270.0,0,0,281400.0,1202094500.0,1.0,4290.0,4305.0,4245.0,4270.0,281400.0
2023-12-08,64320,4230.0,4250.0,4065.0,4085.0,0,0,640400.0,2645982500.0,1.0,4230.0,4250.0,4065.0,4085.0,640400.0
2023-12-11,64320,4100.0,4270.0,4100.0,4245.0,0,0,380100.0,1606835000.0,1.0,4100.0,4270.0,4100.0,4245.0,380100.0
2023-12-12,64320,4315.0,4320.0,4215.0,4225.0,0,0,250300.0,1069810500.0,1.0,4315.0,4320.0,4215.0,4225.0,250300.0
2023-12-13,64320,4235.0,4250.0,4175.0,4175.0,0,0,173100.0,728971500.0,1.0,4235.0,4250.0,4175.0,4175.0,173100.0
2023-12-14,64320,4140.0,4170.0,4055.0,4115.0,0,0,377200.0,1550350500.0,1.0,4140.0,4170.0,4055.0,4115.0,377200.0
2023-12-15,64320,4030.0,4140.0,4030.0,4095.0,0,0,506300.0,2067582000.0,1.0,4030.0,4140.0,4030.0,4095.0,506300.0
2023-12-18,64320,4010.0,4095.0,4005.0,4085.0,0,0,344800.0,1398864000.0,1.0,4010.0,4095.0,4005.0,4085.0,344800.0
2023-12-19,64320,4080.0,4150.0,4055.0,4105.0,0,0,296700.0,1214612000.0,1.0,4080.0,4150.0,4055.0,4105.0,296700.0
2023-12-20,64320,4200.0,4305.0,4180.0,4275.0,0,0,422600.0,1800328500.0,1.0,4200.0,4305.0,4180.0,4275.0,422600.0
2023-12-21,64320,4235.0,4250.0,4190.0,4240.0,0,0,226100.0,955138500.0,1.0,4235.0,4250.0,4190.0,4240.0,226100.0
2023-12-22,64320,4220.0,4290.0,4220.0,4280.0,0,0,198600.0,848098500.0,1.0,4220.0,4290.0,4220.0,4280.0,198600.0
2023-12-25,64320,4295.0,4305.0,4235.0,4245.0,0,0,203700.0,869227000.0,1.0,4295.0,4305.0,4235.0,4245.0,203700.0
2023-12-26,64320,4250.0,4275.0,4200.0,4245.0,0,0,203000.0,859841500.0,1.0,4250.0,4275.0,4200.0,4245.0,203000.0
2023-12-27,64320,4265.0,4330.0,4260.0,4300.0,0,0,302400.0,1302178000.0,1.0,4265.0,4330.0,4260.0,4300.0,302400.0
2023-12-28,64320,4275.0,4335.0,4260.0,4290.0,0,0,173300.0,744234000.0,1.0,4275.0,4335.0,4260.0,4290.0,173300.0
2023-12-29,64320,4320.0,4320.0,4260.0,4285.0,0,0,183900.0,789114000.0,1.0,4320.0,4320.0,4260.0,4285.0,183900.0
2024-01-04,64320,4325.0,4490.0,4280.0,4470.0,0,0,609400.0,2700476500.0,1.0,4325.0,4490.0,4280.0,4470.0,609400.0
2024-01-05,64320,4475.0,4535.0,4455.0,4465.0,0,0,565500.0,2542042500.0,1.0,4475.0,4535.0,4455.0,4465.0,565500.0
2024-01-09,64320,4575.0,4625.0,4475.0,4495.0,0,0,547200.0,2483748000.0,1.0,4575.0,4625.0,4475.0,4495.0,547200.0
2024-01-10,64320,4510.0,4630.0,4490.0,4580.0,0,0,457000.0,2094341500.0,1.0,4510.0,4630.0,4490.0,4580.0,457000.0
2024-01-11,64320,4605.0,4655.0,4595.0,4610.0,0,0,426400.0,1971400500.0,1.0,4605.0,4655.0,4595.0,4610.0,426400.0
2024-01-12,64320,4670.0,4680.0,4500.0,4580.0,0,0,790300.0,3614571500.0,1.0,4670.0,4680.0,4500.0,4580.0,790300.0
2024-01-15,64320,4555.0,4590.0,4465.0,4530.0,0,0,1204500.0,5443175500.0,1.0,4555.0,4590.0,4465.0,4530.0,1204500.0
2024-01-16,64320,4530.0,4615.0,4470.0,4585.0,0,0,734700.0,3339737000.0,1.0,4530.0,4615.0,4470.0,4585.0,734700.0
2024-01-17,64320,4645.0,4670.0,4540.0,4540.0,0,0,731600.0,3373945500.0,1.0,4645.0,4670.0,4540.0,4540.0,731600.0
2024-01-18,64320,4545.0,4610.0,4540.0,4590.0,0,0,392800.0,1797906500.0,1.0,4545.0,4610.0,4540.0,4590.0,392800.0
2024-01-19,64320,4660.0,4700.0,4630.0,4700.0,0,0,589100.0,2747947000.0,1.0,4660.0,4700.0,4630.0,4700.0,589100.0
2024-01-22,64320,4730.0,4795.0,4705.0,4795.0,0,0,532200.0,2529022000.0,1.0,4730.0,4795.0,4705.0,4795.0,532200.0
2024-01-23,64320,4840.0,4850.0,4700.0,4735.0,0,0,633600.0,3021325500.0,1.0,4840.0,4850.0,4700.0,4735.0,633600.0
2024-01-24,64320,4775.0,4780.0,4710.0,4710.0,0,0,388900.0,1840760000.0,1.0,4775.0,4780.0,4710.0,4710.0,388900.0
2024-01-25,64320,4685.0,4695.0,4625.0,4645.0,0,0,484400.0,2256655000.0,1.0,4685.0,4695.0,4625.0,4645.0,484400.0
2024-01-26,64320,4645.0,4735.0,4620.0,4705.0,0,0,448200.0,2093073500.0,1.0,4645.0,4735.0,4620.0,4705.0,448200.0
2024-01-29,64320,4725.0,4750.0,4695.0,4730.0,0,0,437800.0,2068230000.0,1.0,4725.0,4750.0,4695.0,4730.0,437800.0
2024-01-30,64320,4745.0,4925.0,4715.0,4895.0,0,0,748900.0,3625390000.0,1.0,4745.0,4925.0,4715.0,4895.0,748900.0
2024-01-31,64320,4910.0,5130.0,4895.0,5100.0,0,0,1122700.0,5661509000.0,1.0,4910.0,5130.0,4895.0,5100.0,1122700.0
2024-02-01,64320,5030.0,5100.0,5020.0,5030.0,0,0,491500.0,2483957000.0,1.0,5030.0,5100.0,5020.0,5030.0,491500.0
2024-02-02,64320,5020.0,5100.0,4985.0,5080.0,0,0,421900.0,2124476500.0,1.0,5020.0,5100.0,4985.0,5080.0,421900.0
2024-02-05,64320,5120.0,5230.0,5060.0,5140.0,0,0,636900.0,3285497000.0,1.0,5120.0,5230.0,5060.0,5140.0,636900.0
2024-02-06,64320,5110.0,5120.0,5030.0,5030.0,0,0,534700.0,2713415000.0,1.0,5110.0,5120.0,5030.0,5030.0,534700.0
2024-02-07,64320,5070.0,5100.0,5030.0,5080.0,0,0,349500.0,1771298000.0,1.0,5070.0,5100.0,5030.0,5080.0,349500.0
2024-02-08,64320,5060.0,5090.0,5020.0,5080.0,0,0,320300.0,1618655000.0,1.0,5060.0,5090.0,5020.0,5080.0,320300.0
2024-02-09,64320,5070.0,5110.0,4995.0,4995.0,0,0,382000.0,1925155500.0,1.0,5070.0,5110.0,4995.0,4995.0,382000.0
2024-02-13,64320,5000.0,5000.0,4920.0,4980.0,0,0,613200.0,3042198000.0,1.0,5000.0,5000.0,4920.0,4980.0,613200.0
2024-02-14,64320,4930.0,4935.0,4865.0,4875.0,0,0,596100.0,2913708000.0,1.0,4930.0,4935.0,4865.0,4875.0,596100.0
2024-02-15,64320,4980.0,4990.0,4940.0,4945.0,0,0,354900.0,1760771500.0,1.0,4980.0,4990.0,4940.0,4945.0,354900.0
2024-02-16,64320,4985.0,5070.0,4960.0,5060.0,0,0,392400.0,1974615000.0,1.0,4985.0,5070.0,4960.0,5060.0,392400.0
2024-02-19,64320,5060.0,5120.0,5040.0,5120.0,0,0,232400.0,1181760000.0,1.0,5060.0,5120.0,5040.0,5120.0,232400.0
2024-02-20,64320,5130.0,5210.0,5110.0,5140.0,0,0,372100.0,1920458000.0,1.0,5130.0,5210.0,5110.0,5140.0,372100.0
2024-02-21,64320,5140.0,5180.0,5090.0,5110.0,0,0,259700.0,1330194000.0,1.0,5140.0,5180.0,5090.0,5110.0,259700.0
2024-02-22,64320,5140.0,5170.0,5100.0,5160.0,0,0,295300.0,1518046000.0,1.0,5140.0,5170.0,5100.0,5160.0,295300.0
2024-02-26,64320,5200.0,5460.0,5190.0,5400.0,0,0,924700.0,4928000000.0,1.0,5200.0,5460.0,5190.0,5400.0,924700.0
2024-02-27,64320,5340.0,5530.0,5330.0,5480.0,0,0,958200.0,5211374000.0,1.0,5340.0,5530.0,5330.0,5480.0,958200.0
2024-02-28,64320,5280.0,5370.0,5190.0,5290.0,0,0,1009200.0,5329285000.0,1.0,5280.0,5370.0,5190.0,5290.0,1009200.0
2024-02-29,64320,5260.0,5280.0,5140.0,5260.0,0,0,530500.0,2764499000.0,1.0,5260.0,5280.0,5140.0,5260.0,530500.0
2024-03-01,64320,5280.0,5310.0,5230.0,5290.0,0,0,320400.0,1686879000.0,1.0,5280.0,5310.0,5230.0,5290.0,320400.0
2024-03-04,64320,5290.0,5320.0,5220.0,5270.0,0,0,322300.0,1700984000.0,1.0,5290.0,5320.0,5220.0,5270.0,322300.0
2024-03-05,64320,5300.0,5650.0,5260.0,5650.0,0,0,870300.0,4775762000.0,1.0,5300.0,5650.0,5260.0,5650.0,870300.0
2024-03-06,64320,5640.0,5800.0,5560.0,5800.0,0,0,539400.0,3086407000.0,1.0,5640.0,5800.0,5560.0,5800.0,539400.0
2024-03-07,64320,5870.0,5880.0,5570.0,5600.0,0,0,531300.0,3021437000.0,1.0,5870.0,5880.0,5570.0,5600.0,531300.0
2024-03-08,64320,5550.0,5690.0,5540.0,5660.0,0,0,429700.0,2424328000.0,1.0,5550.0,5690.0,5540.0,5660.0,429700.0
2024-03-11,64320,5500.0,5540.0,5390.0,5430.0,0,0,330400.0,1800823000.0,1.0,5500.0,5540.0,5390.0,5430.0,330400.0
2024-03-12,64320,5370.0,5440.0,5310.0,5400.0,0,0,266400.0,1435047000.0,1.0,5370.0,5440.0,5310.0,5400.0,266400.0
2024-03-13,64320,5500.0,5500.0,5280.0,5310.0,0,0,300600.0,1607518000.0,1.0,5500.0,5500.0,5280.0,5310.0,300600.0
2024-03-14,64320,5290.0,5410.0,5280.0,5390.0,0,0,207900.0,1112645000.0,1.0,5290.0,5410.0,5280.0,5390.0,207900.0
2024-03-15,64320,5340.0,5550.0,5340.0,5500.0,0,0,315900.0,1734037000.0,1.0,5340.0,5550.0,5340.0,5500.0,315900.0
2024-03-18,64320,5560.0,5640.0,5530.0,5610.0,0,0,274200.0,1534089000.0,1.0,5560.0,5640.0,5530.0,5610.0,274200.0
2024-03-19,64320,5630.0,5680.0,5570.0,5660.0,0,0,276900.0,1560436000.0,1.0,5630.0,5680.0,5570.0,5660.0,276900.0
2024-03-21,64320,5790.0,5910.0,5760.0,5770.0,0,0,363000.0,2114355000.0,1.0,5790.0,5910.0,5760.0,5770.0,363000.0
2024-03-22,64320,5770.0,5840.0,5690.0,5810.0,0,0,278700.0,1609302000.0,1.0,5770.0,5840.0,5690.0,5810.0,278700.0
2024-03-25,64320,5790.0,5840.0,5710.0,5730.0,0,0,204500.0,1178444000.0,1.0,5790.0,5840.0,5710.0,5730.0,204500.0
2024-03-26,64320,5790.0,5880.0,5750.0,5840.0,0,0,267800.0,1562924000.0,1.0,5790.0,5880.0,5750.0,5840.0,267800.0
2024-03-27,64320,5860.0,5980.0,5820.0,5920.0,0,0,292500.0,1732205000.0,1.0,5860.0,5980.0,5820.0,5920.0,292500.0
2024-03-28,64320,5960.0,6150.0,5940.0,6040.0,0,0,410600.0,2483303000.0,1.0,5960.0,6150.0,5940.0,6040.0,410600.0
2024-03-29,64320,6030.0,6180.0,6020.0,6100.0,0,0,359800.0,2196155000.0,1.0,6030.0,6180.0,6020.0,6100.0,359800.0
2024-04-01,64320,6200.0,6210.0,5910.0,6010.0,0,0,424400.0,2574879000.0,1.0,6200.0,6210.0,5910.0,6010.0,424400.0
2024-04-02,64320,5990.0,6030.0,5900.0,5920.0,0,0,372800.0,2219388000.0,1.0,5990.0,6030.0,5900.0,5920.0,372800.0
2024-04-03,64320,5870.0,6010.0,5830.0,5930.0,0,0,283800.0,1679935000.0,1.0,5870.0,6010.0,5830.0,5930.0,283800.0
2024-04-04,64320,5980.0,6110.0,5940.0,6090.0,0,0,264800.0,1602415000.0,1.0,5980.0,6110.0,5940.0,6090.0,264800.0
2024-04-05,64320,5920.0,5960.0,5850.0,5940.0,0,0,369600.0,2184302000.0,1.0,5920.0,5960.0,5850.0,5940.0,369600.0
2024-04-08,64320,6000.0,6070.0,5950.0,6000.0,0,0,328000.0,1967562000.0,1.0,6000.0,6070.0,5950.0,6000.0,328000.0
2024-04-09,64320,6040.0,6040.0,5930.0,5960.0,0,0,199500.0,1192097000.0,1.0,6040.0,6040.0,5930.0,5960.0,199500.0
2024-04-10,64320,5950.0,6000.0,5900.0,5960.0,0,0,224900.0,1339513000.0,1.0,5950.0,6000.0,5900.0,5960.0,224900.0
2024-04-11,64320,5920.0,6090.0,5920.0,6090.0,0,0,257100.0,1548596000.0,1.0,5920.0,6090.0,5920.0,6090.0,257100.0
2024-04-12,64320,6100.0,6180.0,6010.0,6070.0,0,0,442600.0,2695262000.0,1.0,6100.0,6180.0,6010.0,6070.0,442600.0
2024-04-15,64320,6000.0,6170.0,5780.0,5940.0,0,0,1347800.0,8028031000.0,1.0,6000.0,6170.0,5780.0,5940.0,1347800.0
2024-04-16,64320,5920.0,6070.0,5790.0,5790.0,0,0,603800.0,3557230000.0,1.0,5920.0,6070.0,5790.0,5790.0,603800.0
2024-04-17,64320,5880.0,5910.0,5660.0,5720.0,0,0,374000.0,2146670000.0,1.0,5880.0,5910.0,5660.0,5720.0,374000.0
2024-04-18,64320,5520.0,5770.0,5470.0,5720.0,0,0,433700.0,2456284000.0,1.0,5520.0,5770.0,5470.0,5720.0,433700.0
2024-04-19,64320,5690.0,5780.0,5580.0,5690.0,0,0,398700.0,2264307000.0,1.0,5690.0,5780.0,5580.0,5690.0,398700.0
2024-04-22,64320,5700.0,5810.0,5640.0,5750.0,0,0,248000.0,1417881000.0,1.0,5700.0,5810.0,5640.0,5750.0,248000.0
2024-04-23,64320,5870.0,5970.0,5780.0,5930.0,0,0,490800.0,2887127000.0,1.0,5870.0,5970.0,5780.0,5930.0,490800.0
2024-04-24,64320,6020.0,6220.0,5980.0,6190.0,0,0,562700.0,3445405000.0,1.0,6020.0,6220.0,5980.0,6190.0,562700.0
2024-04-25,64320,6150.0,6160.0,5830.0,5830.0,0,0,647600.0,3843780000.0,1.0,6150.0,6160.0,5830.0,5830.0,647600.0
2024-04-26,64320,5780.0,5930.0,5720.0,5880.0,0,0,329200.0,1924754000.0,1.0,5780.0,5930.0,5720.0,5880.0,329200.0
2024-04-30,64320,5980.0,6080.0,5920.0,6020.0,0,0,315500.0,1899391000.0,1.0,5980.0,6080.0,5920.0,6020.0,315500.0
2024-05-01,64320,5940.0,5950.0,5870.0,5890.0,0,0,248400.0,1466042000.0,1.0,5940.0,5950.0,5870.0,5890.0,248400.0
2024-05-02,64320,5830.0,5890.0,5820.0,5820.0,0,0,189000.0,1105236000.0,1.0,5830.0,5890.0,5820.0,5820.0,189000.0
2024-05-07,64320,5920.0,5960.0,5860.0,5880.0,0,0,201300.0,1189214000.0,1.0,5920.0,5960.0,5860.0,5880.0,201300.0
2024-05-08,64320,5910.0,6160.0,5900.0,6090.0,0,0,386700.0,2334716000.0,1.0,5910.0,6160.0,5900.0,6090.0,386700.0
2024-05-09,64320,6280.0,6480.0,6180.0,6430.0,0,0,589000.0,3754232000.0,1.0,6280.0,6480.0,6180.0,6430.0,589000.0
2024-05-10,64320,6450.0,6700.0,6400.0,6680.0,0,0,621800.0,4100776000.0,1.0,6450.0,6700.0,6400.0,6680.0,621800.0
2024-05-13,64320,6600.0,6620.0,6380.0,6400.0,0,0,371900.0,2407034000.0,1.0,6600.0,6620.0,6380.0,6400.0,371900.0
2024-05-14,64320,6460.0,6480.0,6260.0,6340.0,0,0,280000.0,1773151000.0,1.0,6460.0,6480.0,6260.0,6340.0,280000.0
2024-05-15,64320,6330.0,6380.0,6280.0,6290.0,0,0,138100.0,870694000.0,1.0,6330.0,6380.0,6280.0,6290.0,138100.0
2024-05-16,64320,6330.0,6360.0,6130.0,6240.0,0,0,211000.0,1312746000.0,1.0,6330.0,6360.0,6130.0,6240.0,211000.0
2024-05-17,64320,6200.0,6240.0,6150.0,6170.0,0,0,149800.0,927158000.0,1.0,6200.0,6240.0,6150.0,6170.0,149800.0
2024-05-20,64320,6360.0,6410.0,6270.0,6320.0,0,0,372400.0,2362650000.0,1.0,6360.0,6410.0,6270.0,6320.0,372400.0
2024-05-21,64320,6330.0,6350.0,6250.0,6320.0,0,0,307300.0,1937802000.0,1.0,6330.0,6350.0,6250.0,6320.0,307300.0
2024-05-22,64320,6300.0,6310.0,6180.0,6190.0,0,0,210300.0,1307891000.0,1.0,6300.0,6310.0,6180.0,6190.0,210300.0
2024-05-23,64320,6190.0,6240.0,6160.0,6220.0,0,0,201600.0,1250463000.0,1.0,6190.0,6240.0,6160.0,6220.0,201600.0
2024-05-24,64320,6080.0,6230.0,6080.0,6100.0,0,0,329700.0,2024117000.0,1.0,6080.0,6230.0,6080.0,6100.0,329700.0
2024-05-27,64320,6200.0,6270.0,6150.0,6230.0,0,0,205000.0,1273511000.0,1.0,6200.0,6270.0,6150.0,6230.0,205000.0
2024-05-28,64320,6300.0,6310.0,6100.0,6130.0,0,0,345000.0,2123507000.0,1.0,6300.0,6310.0,6100.0,6130.0,345000.0
2024-05-29,64320,6160.0,6170.0,6040.0,6040.0,0,0,200100.0,1218528000.0,1.0,6160.0,6170.0,6040.0,6040.0,200100.0
2024-05-30,64320,6000.0,6120.0,5940.0,6030.0,0,0,194400.0,1170098000.0,1.0,6000.0,6120.0,5940.0,6030.0,194400.0
2024-05-31,64320,6000.0,6110.0,5980.0,6090.0,0,0,331800.0,2009479000.0,1.0,6000.0,6110.0,5980.0,6090.0,331800.0
2024-06-03,64320,6160.0,6180.0,6080.0,6080.0,0,0,158000.0,966114000.0,1.0,6160.0,6180.0,6080.0,6080.0,158000.0
2024-06-04,64320,6040.0,6050.0,5810.0,5810.0,0,0,429000.0,2527465000.0,1.0,6040.0,6050.0,5810.0,5810.0,429000.0
2024-06-05,64320,5760.0,5770.0,5660.0,5720.0,0,0,307100.0,1752570000.0,1.0,5760.0,5770.0,5660.0,5720.0,307100.0
2024-06-06,64320,5740.0,5770.0,5600.0,5650.0,0,0,276400.0,1565103000.0,1.0,5740.0,5770.0,5600.0,5650.0,276400.0
2024-06-07,64320,5670.0,5700.0,5620.0,5650.0,0,0,176500.0,998442000.0,1.0,5670.0,5700.0,5620.0,5650.0,176500.0
2024-06-10,64320,5720.0,5840.0,5680.0,5810.0,0,0,315700.0,1826946000.0,1.0,5720.0,5840.0,5680.0,5810.0,315700.0
2024-06-11,64320,5860.0,5970.0,5850.0,5860.0,0,0,317300.0,1875699000.0,1.0,5860.0,5970.0,5850.0,5860.0,317300.0
2024-06-12,64320,5770.0,5850.0,5760.0,5810.0,0,0,181000.0,1050399000.0,1.0,5770.0,5850.0,5760.0,5810.0,181000.0
2024-06-13,64320,5810.0,5820.0,5680.0,5680.0,0,0,206000.0,1179354000.0,1.0,5810.0,5820.0,5680.0,5680.0,206000.0
2024-06-14,64320,5590.0,5790.0,5570.0,5740.0,0,0,270300.0,1538970000.0,1.0,5590.0,5790.0,5570.0,5740.0,270300.0
2024-06-17,64320,5690.0,5730.0,5590.0,5620.0,0,0,272900.0,1542763000.0,1.0,5690.0,5730.0,5590.0,5620.0,272900.0
2024-06-18,64320,5710.0,5810.0,5710.0,5770.0,0,0,198600.0,1144870000.0,1.0,5710.0,5810.0,5710.0,5770.0,198600.0
2024-06-19,64320,5780.0,5830.0,5700.0,5730.0,0,0,155900.0,895555000.0,1.0,5780.0,5830.0,5700.0,5730.0,155900.0
2024-06-20,64320,5720.0,5760.0,5660.0,5740.0,0,0,174800.0,999059000.0,1.0,5720.0,5760.0,5660.0,5740.0,174800.0
2024-06-21,64320,5790.0,5820.0,5660.0,5700.0,0,0,260400.0,1486837000.0,1.0,5790.0,5820.0,5660.0,5700.0,260400.0
2024-06-24,64320,5730.0,5820.0,5720.0,5730.0,0,0,155200.0,892936000.0,1.0,5730.0,5820.0,5720.0,5730.0,155200.0
2024-06-25,64320,5660.0,5720.0,5580.0,5680.0,0,0,382800.0,2162745000.0,1.0,5660.0,5720.0,5580.0,5680.0,382800.0
2024-06-26,64320,5700.0,5700.0,5600.0,5630.0,0,0,259500.0,1465716000.0,1.0,5700.0,5700.0,5600.0,5630.0,259500.0
2024-06-27,64320,5620.0,5660.0,5580.0,5590.0,0,0,200400.0,1122550000.0,1.0,5620.0,5660.0,5580.0,5590.0,200400.0
2024-06-28,64320,5610.0,5680.0,5590.0,5630.0,0,0,183900.0,1037858000.0,1.0,5610.0,5680.0,5590.0,5630.0,183900.0
2024-07-01,64320,5730.0,5750.0,5680.0,5720.0,0,0,219700.0,1255567000.0,1.0,5730.0,5750.0,5680.0,5720.0,219700.0
2024-07-02,64320,5710.0,5770.0,5640.0,5730.0,0,0,293500.0,1673901000.0,1.0,5710.0,5770.0,5640.0,5730.0,293500.0
2024-07-03,64320,5720.0,5830.0,5710.0,5780.0,0,0,198600.0,1147192000.0,1.0,5720.0,5830.0,5710.0,5780.0,198600.0
2024-07-04,64320,5820.0,5890.0,5760.0,5860.0,0,0,245500.0,1430427000.0,1.0,5820.0,5890.0,5760.0,5860.0,245500.0
2024-07-05,64320,5860.0,5930.0,5820.0,5850.0,0,0,240700.0,1414894000.0,1.0,5860.0,5930.0,5820.0,5850.0,240700.0
2024-07-08,64320,5840.0,5880.0,5710.0,5810.0,0,0,282100.0,1637916000.0,1.0,5840.0,5880.0,5710.0,5810.0,282100.0
2024-07-09,64320,5850.0,5890.0,5700.0,5750.0,0,0,378500.0,2182689000.0,1.0,5850.0,5890.0,5700.0,5750.0,378500.0
2024-07-10,64320,5800.0,5800.0,5650.0,5720.0,0,0,324100.0,1852528000.0,1.0,5800.0,5800.0,5650.0,5720.0,324100.0
2024-07-11,64320,5800.0,5830.0,5720.0,5810.0,0,0,281300.0,1627608000.0,1.0,5800.0,5830.0,5720.0,5810.0,281300.0
2024-07-12,64320,5730.0,5810.0,5700.0,5760.0,0,0,468000.0,2695507000.0,1.0,5730.0,5810.0,5700.0,5760.0,468000.0
2024-07-16,64320,5670.0,5680.0,5440.0,5510.0,0,0,1337800.0,7416723000.0,1.0,5670.0,5680.0,5440.0,5510.0,1337800.0
2024-07-17,64320,5550.0,5630.0,5470.0,5500.0,0,0,746000.0,4139315000.0,1.0,5550.0,5630.0,5470.0,5500.0,746000.0
2024-07-18,64320,5400.0,5450.0,5360.0,5380.0,0,0,499100.0,2694913000.0,1.0,5400.0,5450.0,5360.0,5380.0,499100.0
2024-07-19,64320,5370.0,5390.0,5230.0,5250.0,0,0,517600.0,2739860000.0,1.0,5370.0,5390.0,5230.0,5250.0,517600.0
2024-07-22,64320,5150.0,5240.0,5110.0,5120.0,0,0,611400.0,3148654000.0,1.0,5150.0,5240.0,5110.0,5120.0,611400.0
2024-07-23,64320,5180.0,5290.0,5180.0,5220.0,0,0,448300.0,2348253000.0,1.0,5180.0,5290.0,5180.0,5220.0,448300.0
2024-07-24,64320,5160.0,5180.0,5050.0,5070.0,0,0,482100.0,2460062000.0,1.0,5160.0,5180.0,5050.0,5070.0,482100.0
2024-07-25,64320,4970.0,4975.0,4760.0,4770.0,0,0,1053000.0,5085570000.0,1.0,4970.0,4975.0,4760.0,4770.0,1053000.0
2024-07-26,64320,4840.0,4985.0,4775.0,4890.0,0,0,732300.0,3592080500.0,1.0,4840.0,4985.0,4775.0,4890.0,732300.0
2024-07-29,64320,4960.0,4965.0,4830.0,4865.0,0,0,497700.0,2432961500.0,1.0,4960.0,4965.0,4830.0,4865.0,497700.0
2024-07-30,64320,4820.0,4840.0,4735.0,4840.0,0,0,578600.0,2768603500.0,1.0,4820.0,4840.0,4735.0,4840.0,578600.0
2024-07-31,64320,4755.0,4880.0,4730.0,4880.0,0,0,494800.0,2377572500.0,1.0,4755.0,4880.0,4730.0,4880.0,494800.0
2024-08-01,64320,4750.0,4760.0,4550.0,4655.0,0,0,840000.0,3898675000.0,1.0,4750.0,4760.0,4550.0,4655.0,840000.0
2024-08-02,64320,4385.0,4400.0,4215.0,4220.0,0,0,1121800.0,4817532500.0,1.0,4385.0,4400.0,4215.0,4220.0,1121800.0
2024-08-05,64320,3730.0,3905.0,3560.0,3595.0,0,0,1163100.0,4380471000.0,1.0,3730.0,3905.0,3560.0,3595.0,1163100.0
2024-08-06,64320,3805.0,4035.0,3770.0,3880.0,0,0,1133900.0,4402906000.0,1.0,3805.0,4035.0,3770.0,3880.0,1133900.0
2024-08-07,64320,3830.0,4180.0,3800.0,4090.0,0,0,880400.0,3537450500.0,1.0,3830.0,4180.0,3800.0,4090.0,880400.0
2024-08-08,64320,3935.0,4045.0,3900.0,3955.0,0,0,938900.0,3716694000.0,1.0,3935.0,4045.0,3900.0,3955.0,938900.0
2024-08-09,64320,4050.0,4095.0,3925.0,3995.0,0,0,600100.0,2413420000.0,1.0,4050.0,4095.0,3925.0,3995.0,600100.0
2024-08-13,64320,4135.0,4235.0,4115.0,4230.0,0,0,655100.0,2747337500.0,1.0,4135.0,4235.0,4115.0,4230.0,655100.0
2024-08-14,64320,4255.0,4270.0,4185.0,4250.0,0,0,570400.0,2410797000.0,1.0,4255.0,4270.0,4185.0,4250.0,570400.0
2024-08-15,64320,4250.0,4330.0,4230.0,4295.0,0,0,447300.0,1920934500.0,1.0,4250.0,4330.0,4230.0,4295.0,447300.0
2024-08-16,64320,4435.0,4480.0,4400.0,4450.0,0,0,508400.0,2257510000.0,1.0,4435.0,4480.0,4400.0,4450.0,508400.0
2024-08-19,64320,4410.0,4495.0,4395.0,4435.0,0,0,576700.0,2565210500.0,1.0,4410.0,4495.0,4395.0,4435.0,576700.0
2024-08-20,64320,4460.0,4465.0,4365.0,4435.0,0,0,466700.0,2062397500.0,1.0,4460.0,4465.0,4365.0,4435.0,466700.0
2024-08-21,64320,4365.0,4385.0,4330.0,4370.0,0,0,404300.0,1760649500.0,1.0,4365.0,4385.0,4330.0,4370.0,404300.0
2024-08-22,64320,4375.0,4375.0,4275.0,4300.0,0,0,496500.0,2137161000.0,1.0,4375.0,4375.0,4275.0,4300.0,496500.0
2024-08-23,64320,4230.0,4275.0,4155.0,4195.0,0,0,1032100.0,4331803000.0,1.0,4230.0,4275.0,4155.0,4195.0,1032100.0
2024-08-26,64320,4195.0,4210.0,4120.0,4160.0,0,0,488600.0,2033735000.0,1.0,4195.0,4210.0,4120.0,4160.0,488600.0
2024-08-27,64320,4205.0,4215.0,4140.0,4210.0,0,0,387700.0,1625869000.0,1.0,4205.0,4215.0,4140.0,4210.0,387700.0
2024-08-28,64320,4190.0,4215.0,4150.0,4195.0,0,0,307700.0,1288927000.0,1.0,4190.0,4215.0,4150.0,4195.0,307700.0
2024-08-29,64320,4190.0,4255.0,4165.0,4215.0,0,0,343700.0,1449796000.0,1.0,4190.0,4255.0,4165.0,4215.0,343700.0
2024-08-30,64320,4255.0,4340.0,4245.0,4300.0,0,0,519200.0,2235624000.0,1.0,4255.0,4340.0,4245.0,4300.0,519200.0
2024-09-02,64320,4370.0,4390.0,4315.0,4360.0,0,0,453400.0,1975056000.0,1.0,4370.0,4390.0,4315.0,4360.0,453400.0
2024-09-03,64320,4375.0,4420.0,4370.0,4375.0,0,0,394800.0,1733230500.0,1.0,4375.0,4420.0,4370.0,4375.0,394800.0
2024-09-04,64320,4240.0,4265.0,4170.0,4185.0,0,0,545100.0,2298185500.0,1.0,4240.0,4265.0,4170.0,4185.0,545100.0
2024-09-05,64320,4125.0,4250.0,4110.0,4160.0,0,0,443600.0,1851754000.0,1.0,4125.0,4250.0,4110.0,4160.0,443600.0
2024-09-06,64320,4155.0,4170.0,4085.0,4110.0,0,0,435300.0,1790659500.0,1.0,4155.0,4170.0,4085.0,4110.0,435300.0
2024-09-09,64320,3970.0,4145.0,3960.0,4125.0,0,0,456400.0,1851292000.0,1.0,3970.0,4145.0,3960.0,4125.0,456400.0
2024-09-10,64320,4140.0,4200.0,4110.0,4150.0,0,0,377400.0,1570587000.0,1.0,4140.0,4200.0,4110.0,4150.0,377400.0
2024-09-11,64320,4145.0,4190.0,4060.0,4120.0,0,0,392300.0,1622775500.0,1.0,4145.0,4190.0,4060.0,4120.0,392300.0
2024-09-12,64320,4200.0,4210.0,4135.0,4190.0,0,0,389900.0,1630817500.0,1.0,4200.0,4210.0,4135.0,4190.0,389900.0
2024-09-13,64320,4205.0,4205.0,4160.0,4195.0,0,0,239500.0,1003304500.0,1.0,4205.0,4205.0,4160.0,4195.0,239500.0
2024-09-17,64320,4210.0,4245.0,4110.0,4160.0,0,0,380900.0,1586683000.0,1.0,4210.0,4245.0,4110.0,4160.0,380900.0
2024-09-18,64320,4230.0,4240.0,4155.0,4200.0,0,0,244700.0,1025867000.0,1.0,4230.0,4240.0,4155.0,4200.0,244700.0
2024-09-19,64320,4265.0,4330.0,4255.0,4295.0,0,0,365100.0,1568433000.0,1.0,4265.0,4330.0,4255.0,4295.0,365100.0
2024-09-20,64320,4400.0,4425.0,4360.0,4360.0,0,0,449100.0,1972500500.0,1.0,4400.0,4425.0,4360.0,4360.0,449100.0
2024-09-24,64320,4395.0,4420.0,4325.0,4335.0,0,0,310400.0,1354394000.0,1.0,4395.0,4420.0,4325.0,4335.0,310400.0
2024-09-25,64320,4330.0,4420.0,4325.0,4370.0,0,0,270600.0,1185759500.0,1.0,4330.0,4420.0,4325.0,4370.0,270600.0
2024-09-26,64320,4400.0,4470.0,4375.0,4470.0,0,0,373700.0,1655753000.0,1.0,4400.0,4470.0,4375.0,4470.0,373700.0
2024-09-27,64320,4555.0,4595.0,4515.0,4585.0,0,0,494900.0,2255153000.0,1.0,4555.0,4595.0,4515.0,4585.0,494900.0
2024-09-30,64320,4400.0,4465.0,4370.0,4420.0,0,0,500200.0,2209181000.0,1.0,4400.0,4465.0,4370.0,4420.0,500200.0
2024-10-01,64320,4480.0,4545.0,4445.0,4500.0,0,0,362600.0,1636436000.0,1.0,4480.0,4545.0,4445.0,4500.0,362600.0
2024-10-02,64320,4430.0,4480.0,4380.0,4405.0,0,0,360100.0,1593165500.0,1.0,4430.0,4480.0,4380.0,4405.0,360100.0
2024-10-03,64320,4530.0,4530.0,4435.0,4450.0,0,0,278200.0,1245708500.0,1.0,4530.0,4530.0,4435.0,4450.0,278200.0
2024-10-04,64320,4480.0,4490.0,4415.0,4415.0,0,0,235300.0,1044434000.0,1.0,4480.0,4490.0,4415.0,4415.0,235300.0
2024-10-07,64320,4585.0,4600.0,4540.0,4555.0,0,0,406100.0,1855609000.0,1.0,4585.0,4600.0,4540.0,4555.0,406100.0
2024-10-08,64320,4515.0,4530.0,4400.0,4410.0,0,0,545400.0,2421738500.0,1.0,4515.0,4530.0,4400.0,4410.0,545400.0
2024-10-09,64320,4440.0,4445.0,4350.0,4360.0,0,0,318300.0,1394285500.0,1.0,4440.0,4445.0,4350.0,4360.0,318300.0
2024-10-10,64320,4390.0,4420.0,4355.0,4380.0,0,0,589700.0,2583360500.0,1.0,4390.0,4420.0,4355.0,4380.0,589700.0
2024-10-11,64320,4730.0,4915.0,4700.0,4705.0,0,0,3557100.0,17037006000.0,1.0,4730.0,4915.0,4700.0,4705.0,3557100.0
2024-10-15,64320,4740.0,4755.0,4600.0,4670.0,0,0,979300.0,4588653000.0,1.0,4740.0,4755.0,4600.0,4670.0,979300.0
2024-10-16,64320,4575.0,4710.0,4555.0,4700.0,0,0,594600.0,2770374500.0,1.0,4575.0,4710.0,4555.0,4700.0,594600.0
2024-10-17,64320,4700.0,4755.0,4665.0,4710.0,0,0,442900.0,2086833000.0,1.0,4700.0,4755.0,4665.0,4710.0,442900.0
2024-10-18,64320,4755.0,4790.0,4680.0,4780.0,0,0,523400.0,2483904000.0,1.0,4755.0,4790.0,4680.0,4780.0,523400.0
2024-10-21,64320,4770.0,4820.0,4720.0,4770.0,0,0,376500.0,1798845500.0,1.0,4770.0,4820.0,4720.0,4770.0,376500.0
2024-10-22,64320,4740.0,4790.0,4655.0,4660.0,0,0,539800.0,2530321500.0,1.0,4740.0,4790.0,4655.0,4660.0,539800.0
2024-10-23,64320,4675.0,4730.0,4640.0,4680.0,0,0,381700.0,1785270000.0,1.0,4675.0,4730.0,4640.0,4680.0,381700.0
2024-10-24,64320,4640.0,4680.0,4590.0,4645.0,0,0,402500.0,1866978000.0,1.0,4640.0,4680.0,4590.0,4645.0,402500.0
2024-10-25,64320,4635.0,4690.0,4615.0,4675.0,0,0,307500.0,1431934500.0,1.0,4635.0,4690.0,4615.0,4675.0,307500.0
2024-10-28,64320,4660.0,4810.0,4645.0,4790.0,0,0,481700.0,2295198000.0,1.0,4660.0,4810.0,4645.0,4790.0,481700.0
2024-10-29,64320,4800.0,4835.0,4765.0,4820.0,0,0,341100.0,1641207000.0,1.0,4800.0,4835.0,4765.0,4820.0,341100.0
2024-10-30,64320,4780.0,4815.0,4740.0,4785.0,0,0,590200.0,2817225500.0,1.0,4780.0,4815.0,4740.0,4785.0,590200.0
2024-10-31,64320,4785.0,4835.0,4770.0,4825.0,0,0,374400.0,1799518000.0,1.0,4785.0,4835.0,4770.0,4825.0,374400.0
2024-11-01,64320,4730.0,4805.0,4715.0,4760.0,0,0,368400.0,1755142500.0,1.0,4730.0,4805.0,4715.0,4760.0,368400.0
2024-11-05,64320,4785.0,4820.0,4775.0,4785.0,0,0,288000.0,1382204000.0,1.0,4785.0,4820.0,4775.0,4785.0,288000.0
2024-11-06,64320,4810.0,5080.0,4805.0,5070.0,0,0,879800.0,4387032500.0,1.0,4810.0,5080.0,4805.0,5070.0,879800.0
2024-11-07,64320,5170.0,5250.0,5080.0,5120.0,0,0,690900.0,3549152000.0,1.0,5170.0,5250.0,5080.0,5120.0,690900.0
2024-11-08,64320,5140.0,5150.0,5030.0,5040.0,0,0,362200.0,1834645000.0,1.0,5140.0,5150.0,5030.0,5040.0,362200.0
2024-11-11,64320,5050.0,5090.0,5000.0,5030.0,0,0,266100.0,1340416000.0,1.0,5050.0,5090.0,5000.0,5030.0,266100.0
2024-11-12,64320,5050.0,5060.0,4935.0,4960.0,0,0,347700.0,1733462500.0,1.0,5050.0,5060.0,4935.0,4960.0,347700.0
2024-11-13,64320,4950.0,5020.0,4825.0,4865.0,0,0,499200.0,2438212000.0,1.0,4950.0,5020.0,4825.0,4865.0,499200.0
2024-11-14,64320,4885.0,5040.0,4875.0,4910.0,0,0,447000.0,2221327500.0,1.0,4885.0,5040.0,4875.0,4910.0,447000.0
2024-11-15,64320,4930.0,4980.0,4910.0,4930.0,0,0,262800.0,1298933500.0,1.0,4930.0,4980.0,4910.0,4930.0,262800.0
2024-11-18,64320,4860.0,4940.0,4855.0,4930.0,0,0,198300.0,973898000.0,1.0,4860.0,4940.0,4855.0,4930.0,198300.0
2024-11-19,64320,4925.0,4960.0,4895.0,4955.0,0,0,249800.0,1231840500.0,1.0,4925.0,4960.0,4895.0,4955.0,249800.0
2024-11-20,64320,4950.0,4960.0,4800.0,4830.0,0,0,369500.0,1795176000.0,1.0,4950.0,4960.0,4800.0,4830.0,369500.0
2024-11-21,64320,4830.0,4855.0,4760.0,4770.0,0,0,279200.0,1335896500.0,1.0,4830.0,4855.0,4760.0,4770.0,279200.0
2024-11-22,64320,4800.0,4825.0,4775.0,4795.0,0,0,217400.0,1044057000.0,1.0,4800.0,4825.0,4775.0,4795.0,217400.0
2024-11-25,64320,4865.0,4890.0,4800.0,4815.0,0,0,228300.0,1103468000.0,1.0,4865.0,4890.0,4800.0,4815.0,228300.0
2024-11-26,64320,4825.0,4840.0,4785.0,4830.0,0,0,252300.0,1215308000.0,1.0,4825.0,4840.0,4785.0,4830.0,252300.0
2024-11-27,64320,4880.0,4895.0,4755.0,4765.0,0,0,329500.0,1588284500.0,1.0,4880.0,4895.0,4755.0,4765.0,329500.0
2024-11-28,64320,4740.0,4845.0,4720.0,4840.0,0,0,220900.0,1061992500.0,1.0,4740.0,4845.0,4720.0,4840.0,220900.0
2024-11-29,64320,4890.0,4890.0,4775.0,4840.0,0,0,229200.0,1106035500.0,1.0,4890.0,4890.0,4775.0,4840.0,229200.0
2024-12-02,64320,4810.0,4880.0,4810.0,4850.0,0,0,184100.0,892999000.0,1.0,4810.0,4880.0,4810.0,4850.0,184100.0
2024-12-03,64320,4855.0,4930.0,4855.0,4910.0,0,0,256900.0,1261018000.0,1.0,4855.0,4930.0,4855.0,4910.0,256900.0
2024-12-04,64320,4930.0,4960.0,4850.0,4855.0,0,0,215100.0,1055522000.0,1.0,4930.0,4960.0,4850.0,4855.0,215100.0
2024-12-05,64320,4900.0,4920.0,4850.0,4850.0,0,0,140300.0,683414000.0,1.0,4900.0,4920.0,4850.0,4850.0,140300.0
2024-12-06,64320,4855.0,4865.0,4825.0,4830.0,0,0,115000.0,556196000.0,1.0,4855.0,4865.0,4825.0,4830.0,115000.0
2024-12-09,64320,4900.0,4975.0,4880.0,4960.0,0,0,360800.0,1782739500.0,1.0,4900.0,4975.0,4880.0,4960.0,360800.0
2024-12-10,64320,4990.0,5080.0,4975.0,5010.0,0,0,367300.0,1840615000.0,1.0,4990.0,5080.0,4975.0,5010.0,367300.0
2024-12-11,64320,5000.0,5010.0,4930.0,4975.0,0,0,207800.0,1031178500.0,1.0,5000.0,5010.0,4930.0,4975.0,207800.0
2024-12-12,64320,5030.0,5040.0,4965.0,5000.0,0,0,318000.0,1588890000.0,1.0,5030.0,5040.0,4965.0,5000.0,318000.0
2024-12-13,64320,4960.0,4990.0,4920.0,4935.0,0,0,244400.0,1208634500.0,1.0,4960.0,4990.0,4920.0,4935.0,244400.0
2024-12-16,64320,4960.0,4980.0,4925.0,4930.0,0,0,149700.0,740134000.0,1.0,4960.0,4980.0,4925.0,4930.0,149700.0
2024-12-17,64320,4935.0,4935.0,4825.0,4830.0,0,0,415800.0,2020501500.0,1.0,4935.0,4935.0,4825.0,4830.0,415800.0
2024-12-18,64320,4840.0,4895.0,4835.0,4855.0,0,0,207800.0,1011366000.0,1.0,4840.0,4895.0,4835.0,4855.0,207800.0
2024-12-19,64320,4800.0,4890.0,4780.0,4875.0,0,0,239800.0,1161172500.0,1.0,4800.0,4890.0,4780.0,4875.0,239800.0
2024-12-20,64320,4885.0,4900.0,4815.0,4835.0,0,0,267300.0,1295258500.0,1.0,4885.0,4900.0,4815.0,4835.0,267300.0
2024-12-23,64320,4835.0,4850.0,4780.0,4850.0,0,0,240500.0,1159870000.0,1.0,4835.0,4850.0,4780.0,4850.0,240500.0
2024-12-24,64320,4870.0,4870.0,4830.0,4845.0,0,0,168200.0,815020000.0,1.0,4870.0,4870.0,4830.0,4845.0,168200.0
2024-12-25,64320,4850.0,4855.0,4805.0,4850.0,0,0,201600.0,973322500.0,1.0,4850.0,4855.0,4805.0,4850.0,201600.0
2024-12-26,64320,4850.0,4885.0,4835.0,4885.0,0,0,267800.0,1302510000.0,1.0,4850.0,4885.0,4835.0,4885.0,267800.0
2024-12-27,64320,4915.0,4935.0,4890.0,4935.0,0,0,272900.0,1341160500.0,1.0,4915.0,4935.0,4890.0,4935.0,272900.0
2024-12-30,64320,4980.0,5040.0,4950.0,4980.0,0,0,382600.0,1907023000.0,1.0,4980.0,5040.0,4950.0,4980.0,382600.0
2025-01-06,64320,5030.0,5040.0,4890.0,4900.0,0,0,626700.0,3090959500.0,1.0,5030.0,5040.0,4890.0,4900.0,626700.0
2025-01-07,64320,4935.0,4950.0,4870.0,4890.0,0,0,499500.0,2450870500.0,1.0,4935.0,4950.0,4870.0,4890.0,499500.0
2025-01-08,64320,4910.0,4935.0,4870.0,4895.0,0,0,388000.0,1898131000.0,1.0,4910.0,4935.0,4870.0,4895.0,388000.0
2025-01-09,64320,4945.0,4950.0,4830.0,4845.0,0,0,539400.0,2630585000.0,1.0,4945.0,4950.0,4830.0,4845.0,539400.0
2025-01-10,64320,4850.0,4960.0,4845.0,4895.0,0,0,683400.0,3357375000.0,1.0,4850.0,4960.0,4845.0,4895.0,683400.0
2025-01-14,64320,4700.0,4920.0,4625.0,4875.0,0,0,1703900.0,8192677500.0,1.0,4700.0,4920.0,4625.0,4875.0,1703900.0
2025-01-15,64320,4895.0,5020.0,4880.0,5020.0,0,0,726900.0,3604790000.0,1.0,4895.0,5020.0,4880.0,5020.0,726900.0
2025-01-16,64320,4985.0,5030.0,4945.0,5000.0,0,0,469500.0,2338793000.0,1.0,4985.0,5030.0,4945.0,5000.0,469500.0
2025-01-17,64320,5010.0,5140.0,4940.0,5130.0,0,0,659400.0,3335699000.0,1.0,5010.0,5140.0,4940.0,5130.0,659400.0
2025-01-20,64320,5170.0,5260.0,5130.0,5160.0,0,0,468200.0,2426464000.0,1.0,5170.0,5260.0,5130.0,5160.0,468200.0
2025-01-21,64320,5170.0,5270.0,5120.0,5180.0,0,0,390900.0,2025439000.0,1.0,5170.0,5270.0,5120.0,5180.0,390900.0
2025-01-22,64320,5240.0,5260.0,5180.0,5190.0,0,0,374200.0,1949959000.0,1.0,5240.0,5260.0,5180.0,5190.0,374200.0
2025-01-23,64320,5210.0,5260.0,5190.0,5210.0,0,0,417600.0,2179064000.0,1.0,5210.0,5260.0,5190.0,5210.0,417600.0
2025-01-24,64320,5200.0,5320.0,5170.0,5240.0,0,0,524200.0,2749764000.0,1.0,5200.0,5320.0,5170.0,5240.0,524200.0
2025-01-27,64320,5290.0,5360.0,5270.0,5350.0,0,0,419800.0,2233125000.0,1.0,5290.0,5360.0,5270.0,5350.0,419800.0
2025-01-28,64320,5380.0,5600.0,5380.0,5510.0,0,0,1160700.0,6373026000.0,1.0,5380.0,5600.0,5380.0,5510.0,1160700.0
2025-01-29,64320,5500.0,5510.0,5400.0,5420.0,0,0,505300.0,2753130000.0,1.0,5500.0,5510.0,5400.0,5420.0,505300.0
2025-01-30,64320,5430.0,5490.0,5420.0,5480.0,0,0,358900.0,1958285000.0,1.0,5430.0,5490.0,5420.0,5480.0,358900.0
2025-01-31,64320,5440.0,5480.0,5400.0,5460.0,0,0,325400.0,1772901000.0,1.0,5440.0,5480.0,5400.0,5460.0,325400.0
2025-02-03,64320,5430.0,5450.0,5290.0,5290.0,0,0,654900.0,3505579000.0,1.0,5430.0,5450.0,5290.0,5290.0,654900.0
2025-02-04,64320,5370.0,5460.0,5350.0,5440.0,0,0,397000.0,2149819000.0,1.0,5370.0,5460.0,5350.0,5440.0,397000.0
2025-02-05,64320,5490.0,5550.0,5340.0,5340.0,0,0,452800.0,2445879000.0,1.0,5490.0,5550.0,5340.0,5340.0,452800.0
2025-02-06,64320,5310.0,5360.0,5310.0,5330.0,0,0,311800.0,1664439000.0,1.0,5310.0,5360.0,5310.0,5330.0,311800.0
2025-02-07,64320,5340.0,5420.0,5340.0,5410.0,0,0,239400.0,1288788000.0,1.0,5340.0,5420.0,5340.0,5410.0,239400.0
2025-02-10,64320,5400.0,5400.0,5310.0,5330.0,0,0,252200.0,1348614000.0,1.0,5400.0,5400.0,5310.0,5330.0,252200.0
2025-02-12,64320,5370.0,5380.0,5320.0,5360.0,0,0,213000.0,1139664000.0,1.0,5370.0,5380.0,5320.0,5360.0,213000.0
2025-02-13,64320,5370.0,5490.0,5360.0,5460.0,0,0,364300.0,1986644000.0,1.0,5370.0,5490.0,5360.0,5460.0,364300.0
2025-02-14,64320,5490.0,5550.0,5460.0,5460.0,0,0,476400.0,2619552000.0,1.0,5490.0,5550.0,5460.0,5460.0,476400.0
2025-02-17,64320,5480.0,5490.0,5440.0,5440.0,0,0,224400.0,1225053000.0,1.0,5480.0,5490.0,5440.0,5440.0,224400.0
2025-02-18,64320,5460.0,5520.0,5430.0,5520.0,0,0,311300.0,1707329000.0,1.0,5460.0,5520.0,5430.0,5520.0,311300.0
2025-02-19,64320,5550.0,5700.0,5530.0,5610.0,0,0,696300.0,3917182000.0,1.0,5550.0,5700.0,5530.0,5610.0,696300.0
2025-02-20,64320,5560.0,5600.0,5440.0,5480.0,0,0,457400.0,2520542000.0,1.0,5560.0,5600.0,5440.0,5480.0,457400.0
2025-02-21,64320,5530.0,5530.0,5410.0,5450.0,0,0,438900.0,2392839000.0,1.0,5530.0,5530.0,5410.0,5450.0,438900.0
2025-02-25,64320,5400.0,5490.0,5400.0,5410.0,0,0,592000.0,3216812000.0,1.0,5400.0,5490.0,5400.0,5410.0,592000.0
2025-02-26,64320,5430.0,5460.0,5340.0,5440.0,0,0,815400.0,4406491000.0,1.0,5430.0,5460.0,5340.0,5440.0,815400.0
2025-02-27,64320,5250.0,5350.0,5220.0,5280.0,0,0,773400.0,4085765000.0,1.0,5250.0,5350.0,5220.0,5280.0,773400.0
2025-02-28,64320,5220.0,5290.0,5090.0,5130.0,0,0,761600.0,3920309000.0,1.0,5220.0,5290.0,5090.0,5130.0,761600.0
2025-03-03,64320,5130.0,5140.0,5000.0,5100.0,0,0,646700.0,3280550000.0,1.0,5130.0,5140.0,5000.0,5100.0,646700.0
2025-03-04,64320,5040.0,5060.0,4925.0,5030.0,0,0,502100.0,2506438500.0,1.0,5040.0,5060.0,4925.0,5030.0,502100.0
2025-03-05,64320,5040.0,5090.0,4940.0,5090.0,0,0,413700.0,2082776000.0,1.0,5040.0,5090.0,4940.0,5090.0,413700.0
2025-03-06,64320,5130.0,5600.0,5120.0,5550.0,0,0,1782400.0,9738965000.0,1.0,5130.0,5600.0,5120.0,5550.0,1782400.0
2025-03-07,64320,5420.0,5520.0,5370.0,5410.0,0,0,465800.0,2526554000.0,1.0,5420.0,5520.0,5370.0,5410.0,465800.0
2025-03-10,64320,5430.0,5450.0,5320.0,5380.0,0,0,251600.0,1357255000.0,1.0,5430.0,5450.0,5320.0,5380.0,251600.0
2025-03-11,64320,5280.0,5300.0,5090.0,5300.0,0,0,608600.0,3162461000.0,1.0,5280.0,5300.0,5090.0,5300.0,608600.0
2025-03-12,64320,5290.0,5370.0,5250.0,5350.0,0,0,352700.0,1876661000.0,1.0,5290.0,5370.0,5250.0,5350.0,352700.0
2025-03-13,64320,5350.0,5350.0,5200.0,5200.0,0,0,384100.0,2031860000.0,1.0,5350.0,5350.0,5200.0,5200.0,384100.0
2025-03-14,64320,5240.0,5260.0,5200.0,5220.0,0,0,232800.0,1218358000.0,1.0,5240.0,5260.0,5200.0,5220.0,232800.0
2025-03-17,64320,5270.0,5370.0,5260.0,5360.0,0,0,346400.0,1845343000.0,1.0,5270.0,5370.0,5260.0,5360.0,346400.0
2025-03-18,64320,5390.0,5480.0,5380.0,5480.0,0,0,356000.0,1936359000.0,1.0,5390.0,5480.0,5380.0,5480.0,356000.0
2025-03-19,64320,5480.0,5610.0,5470.0,5530.0,0,0,552000.0,3058170000.0,1.0,5480.0,5610.0,5470.0,5530.0,552000.0
2025-03-21,64320,5460.0,5540.0,5420.0,5440.0,0,0,299200.0,1635864000.0,1.0,5460.0,5540.0,5420.0,5440.0,299200.0
2025-03-24,64320,5430.0,5450.0,5380.0,5410.0,0,0,180200.0,974215000.0,1.0,5430.0,5450.0,5380.0,5410.0,180200.0
2025-03-25,64320,5400.0,5440.0,5380.0,5420.0,0,0,137100.0,741615000.0,1.0,5400.0,5440.0,5380.0,5420.0,137100.0
2025-03-26,64320,5420.0,5460.0,5360.0,5450.0,0,0,229600.0,1245688000.0,1.0,5420.0,5460.0,5360.0,5450.0,229600.0
2025-03-27,64320,5420.0,5430.0,5340.0,5400.0,0,0,200700.0,1080850000.0,1.0,5420.0,5430.0,5340.0,5400.0,200700.0
2025-03-28,64320,5360.0,5460.0,5300.0,5330.0,0,0,211500.0,1131543000.0,1.0,5360.0,5460.0,5300.0,5330.0,211500.0
2025-03-31,64320,5160.0,5180.0,5080.0,5090.0,0,0,372400.0,1905743000.0,1.0,5160.0,5180.0,5080.0,5090.0,372400.0
2025-04-01,64320,5140.0,5190.0,5070.0,5070.0,0,0,206800.0,1059560000.0,1.0,5140.0,5190.0,5070.0,5070.0,206800.0
2025-04-02,64320,5130.0,5130.0,5050.0,5060.0,0,0,206000.0,1045509000.0,1.0,5130.0,5130.0,5050.0,5060.0,206000.0
2025-04-03,64320,4750.0,4855.0,4720.0,4805.0,0,0,747400.0,3575818500.0,1.0,4750.0,4855.0,4720.0,4805.0,747400.0
2025-04-04,64320,4595.0,4620.0,4315.0,4460.0,0,0,824900.0,3674937000.0,1.0,4595.0,4620.0,4315.0,4460.0,824900.0
2025-04-07,64320,3985.0,4150.0,3915.0,4045.0,0,0,716800.0,2905137000.0,1.0,3985.0,4150.0,3915.0,4045.0,716800.0
2025-04-08,64320,4325.0,4485.0,4325.0,4420.0,0,0,441100.0,1945244000.0,1.0,4325.0,4485.0,4325.0,4420.0,441100.0
2025-04-09,64320,4305.0,4330.0,4100.0,4180.0,0,0,392900.0,1652298500.0,1.0,4305.0,4330.0,4100.0,4180.0,392900.0
2025-04-10,64320,4740.0,4740.0,4580.0,4705.0,0,0,558500.0,2603722000.0,1.0,4740.0,4740.0,4580.0,4705.0,558500.0
2025-04-11,64320,4495.0,4550.0,4360.0,4520.0,0,0,640800.0,2851904000.0,1.0,4495.0,4550.0,4360.0,4520.0,640800.0
2025-04-14,64320,4380.0,4470.0,4305.0,4340.0,0,0,937600.0,4107063500.0,1.0,4380.0,4470.0,4305.0,4340.0,937600.0
2025-04-15,64320,4310.0,4430.0,4310.0,4390.0,0,0,498300.0,2180888000.0,1.0,4310.0,4430.0,4310.0,4390.0,498300.0
2025-04-16,64320,4370.0,4385.0,4240.0,4290.0,0,0,403400.0,1738179000.0,1.0,4370.0,4385.0,4240.0,4290.0,403400.0
2025-04-17,64320,4265.0,4380.0,4255.0,4380.0,0,0,272000.0,1177046500.0,1.0,4265.0,4380.0,4255.0,4380.0,272000.0
2025-04-18,64320,4385.0,4415.0,4345.0,4375.0,0,0,274500.0,1201973500.0,1.0,4385.0,4415.0,4345.0,4375.0,274500.0
2025-04-21,64320,4305.0,4315.0,4170.0,4215.0,0,0,445800.0,1884371000.0,1.0,4305.0,4315.0,4170.0,4215.0,445800.0
2025-04-22,64320,4180.0,4210.0,4105.0,4130.0,0,0,385900.0,1596048000.0,1.0,4180.0,4210.0,4105.0,4130.0,385900.0
2025-04-23,64320,4210.0,4220.0,4155.0,4205.0,0,0,342300.0,1435476000.0,1.0,4210.0,4220.0,4155.0,4205.0,342300.0
2025-04-24,64320,4250.0,4370.0,4230.0,4340.0,0,0,461500.0,1992484000.0,1.0,4250.0,4370.0,4230.0,4340.0,461500.0
2025-04-25,64320,4410.0,4455.0,4370.0,4435.0,0,0,315400.0,1394611500.0,1.0,4410.0,4455.0,4370.0,4435.0,315400.0
2025-04-28,64320,4470.0,4555.0,4465.0,4535.0,0,0,463500.0,2096208000.0,1.0,4470.0,4555.0,4465.0,4535.0,463500.0
2025-04-30,64320,4535.0,4550.0,4425.0,4455.0,0,0,341800.0,1527820500.0,1.0,4535.0,4550.0,4425.0,4455.0,341800.0
2025-05-01,64320,4455.0,4475.0,4400.0,4465.0,0,0,197800.0,878567000.0,1.0,4455.0,4475.0,4400.0,4465.0,197800.0
2025-05-02,64320,4490.0,4540.0,4475.0,4530.0,0,0,215000.0,971308500.0,1.0,4490.0,4540.0,4475.0,4530.0,215000.0
2025-05-07,64320,4510.0,4530.0,4445.0,4450.0,0,0,231700.0,1035154000.0,1.0,4510.0,4530.0,4445.0,4450.0,231700.0
2025-05-08,64320,4500.0,4500.0,4410.0,4480.0,0,0,216800.0,967372500.0,1.0,4500.0,4500.0,4410.0,4480.0,216800.0
2025-05-09,64320,4600.0,4620.0,4540.0,4590.0,0,0,256300.0,1175228000.0,1.0,4600.0,4620.0,4540.0,4590.0,256300.0
2025-05-12,64320,4640.0,4700.0,4635.0,4680.0,0,0,255900.0,1197229000.0,1.0,4640.0,4700.0,4635.0,4680.0,255900.0
2025-05-13,64320,4775.0,4855.0,4755.0,4830.0,0,0,329200.0,1582959500.0,1.0,4775.0,4855.0,4755.0,4830.0,329200.0
2025-05-14,64320,4820.0,4865.0,4715.0,4825.0,0,0,249600.0,1199998000.0,1.0,4820.0,4865.0,4715.0,4825.0,249600.0
2025-05-15,64320,4770.0,4810.0,4590.0,4600.0,0,0,422700.0,1963204000.0,1.0,4770.0,4810.0,4590.0,4600.0,422700.0
2025-05-16,64320,4600.0,4655.0,4575.0,4640.0,0,0,167000.0,771414000.0,1.0,4600.0,4655.0,4575.0,4640.0,167000.0
2025-05-19,64320,4590.0,4655.0,4575.0,4630.0,0,0,169300.0,781652000.0,1.0,4590.0,4655.0,4575.0,4630.0,169300.0
2025-05-20,64320,4660.0,4735.0,4615.0,4640.0,0,0,161300.0,752101500.0,1.0,4660.0,4735.0,4615.0,4640.0,161300.0
2025-05-21,64320,4655.0,4680.0,4620.0,4625.0,0,0,118900.0,551576000.0,1.0,4655.0,4680.0,4620.0,4625.0,118900.0
2025-05-22,64320,4570.0,4610.0,4555.0,4595.0,0,0,136300.0,624876500.0,1.0,4570.0,4610.0,4555.0,4595.0,136300.0
2025-05-23,64320,4570.0,4630.0,4540.0,4565.0,0,0,191000.0,875611500.0,1.0,4570.0,4630.0,4540.0,4565.0,191000.0
2025-05-26,64320,4590.0,4600.0,4555.0,4575.0,0,0,109200.0,500348000.0,1.0,4590.0,4600.0,4555.0,4575.0,109200.0
2025-05-27,64320,4585.0,4620.0,4565.0,4595.0,0,0,115800.0,531684000.0,1.0,4585.0,4620.0,4565.0,4595.0,115800.0
2025-05-28,64320,4650.0,4655.0,4580.0,4580.0,0,0,137500.0,634004500.0,1.0,4650.0,4655.0,4580.0,4580.0,137500.0
2025-05-29,64320,4635.0,4770.0,4635.0,4710.0,0,0,260100.0,1226248000.0,1.0,4635.0,4770.0,4635.0,4710.0,260100.0
2025-05-30,64320,4640.0,4680.0,4625.0,4670.0,0,0,180500.0,840913000.0,1.0,4640.0,4680.0,4625.0,4670.0,180500.0
2025-06-02,64320,4610.0,4635.0,4560.0,4580.0,0,0,163900.0,751786000.0,1.0,4610.0,4635.0,4560.0,4580.0,163900.0
2025-06-03,64320,4560.0,4620.0,4560.0,4610.0,0,0,162600.0,748371000.0,1.0,4560.0,4620.0,4560.0,4610.0,162600.0
2025-06-04,64320,4620.0,4670.0,4585.0,4585.0,0,0,155700.0,717911000.0,1.0,4620.0,4670.0,4585.0,4585.0,155700.0
2025-06-05,64320,4580.0,4620.0,4540.0,4550.0,0,0,167800.0,765981000.0,1.0,4580.0,4620.0,4540.0,4550.0,167800.0
2025-06-06,64320,4545.0,4565.0,4540.0,4555.0,0,0,83300.0,379145000.0,1.0,4545.0,4565.0,4540.0,4555.0,83300.0
2025-06-09,64320,4520.0,4570.0,4490.0,4515.0,0,0,396500.0,1793251000.0,1.0,4520.0,4570.0,4490.0,4515.0,396500.0
2025-06-10,64320,4520.0,4585.0,4505.0,4515.0,0,0,220400.0,1000847000.0,1.0,4520.0,4585.0,4505.0,4515.0,220400.0
2025-06-11,64320,4515.0,4540.0,4500.0,4510.0,0,0,266500.0,1204006500.0,1.0,4515.0,4540.0,4500.0,4510.0,266500.0
2025-06-12,64320,4490.0,4555.0,4480.0,4510.0,0,0,240200.0,1082480500.0,1.0,4490.0,4555.0,4480.0,4510.0,240200.0
2025-06-13,64320,4500.0,4505.0,4445.0,4450.0,0,0,254700.0,1137349000.0,1.0,4500.0,4505.0,4445.0,4450.0,254700.0
2025-06-16,64320,4465.0,4530.0,4465.0,4510.0,0,0,136700.0,615804500.0,1.0,4465.0,4530.0,4465.0,4510.0,136700.0
2025-06-17,64320,4500.0,4535.0,4485.0,4535.0,0,0,126100.0,570290500.0,1.0,4500.0,4535.0,4485.0,4535.0,126100.0
2025-06-18,64320,4470.0,4505.0,4465.0,4505.0,0,0,118700.0,532633000.0,1.0,4470.0,4505.0,4465.0,4505.0,118700.0
2025-06-19,64320,4480.0,4495.0,4400.0,4400.0,0,0,144900.0,641915500.0,1.0,4480.0,4495.0,4400.0,4400.0,144900.0
2025-06-20,64320,4405.0,4455.0,4390.0,4420.0,0,0,216900.0,960383500.0,1.0,4405.0,4455.0,4390.0,4420.0,216900.0
2025-06-23,64320,4400.0,4480.0,4380.0,4425.0,0,0,168300.0,745284500.0,1.0,4400.0,4480.0,4380.0,4425.0,168300.0
2025-06-24,64320,4480.0,4515.0,4460.0,4485.0,0,0,155100.0,696709500.0,1.0,4480.0,4515.0,4460.0,4485.0,155100.0
2025-06-25,64320,4505.0,4505.0,4465.0,4495.0,0,0,95400.0,428040000.0,1.0,4505.0,4505.0,4465.0,4495.0,95400.0
2025-06-26,64320,4490.0,4565.0,4490.0,4560.0,0,0,160600.0,729903500.0,1.0,4490.0,4565.0,4490.0,4560.0,160600.0
2025-06-27,64320,4630.0,4665.0,4575.0,4650.0,0,0,331600.0,1535685000.0,1.0,4630.0,4665.0,4575.0,4650.0,331600.0
2025-06-30,64320,4690.0,4780.0,4665.0,4685.0,0,0,300700.0,1422092500.0,1.0,4690.0,4780.0,4665.0,4685.0,300700.0
2025-07-01,64320,4650.0,4700.0,4605.0,4675.0,0,0,230300.0,1074828500.0,1.0,4650.0,4700.0,4605.0,4675.0,230300.0
2025-07-02,64320,4610.0,4655.0,4590.0,4620.0,0,0,254200.0,1174559500.0,1.0,4610.0,4655.0,4590.0,4620.0,254200.0
2025-07-03,64320,4615.0,4680.0,4610.0,4665.0,0,0,171700.0,798932000.0,1.0,4615.0,4680.0,4610.0,4665.0,171700.0
2025-07-04,64320,4700.0,4745.0,4625.0,4625.0,0,0,243400.0,1140243000.0,1.0,4700.0,4745.0,4625.0,4625.0,243400.0
2025-07-07,64320,4625.0,4650.0,4565.0,4580.0,0,0,214100.0,983626500.0,1.0,4625.0,4650.0,4565.0,4580.0,214100.0
2025-07-08,64320,4565.0,4705.0,4550.0,4680.0,0,0,243900.0,1136704000.0,1.0,4565.0,4705.0,4550.0,4680.0,243900.0
2025-07-09,64320,4710.0,4780.0,4690.0,4740.0,0,0,281800.0,1335737000.0,1.0,4710.0,4780.0,4690.0,4740.0,281800.0
2025-07-10,64320,4715.0,4740.0,4645.0,4650.0,0,0,342400.0,1599965500.0,1.0,4715.0,4740.0,4645.0,4650.0,342400.0
2025-07-11,64320,4930.0,5010.0,4825.0,4865.0,0,0,1005700.0,4943389500.0,1.0,4930.0,5010.0,4825.0,4865.0,1005700.0
2025-07-14,64320,4840.0,4880.0,4760.0,4810.0,0,0,247500.0,1191174500.0,1.0,4840.0,4880.0,4760.0,4810.0,247500.0
2025-07-15,64320,4775.0,4790.0,4735.0,4760.0,0,0,194000.0,922904000.0,1.0,4775.0,4790.0,4735.0,4760.0,194000.0
2025-07-16,64320,4760.0,4845.0,4745.0,4775.0,0,0,216100.0,1036719000.0,1.0,4760.0,4845.0,4745.0,4775.0,216100.0
2025-07-17,64320,4710.0,4770.0,4710.0,4760.0,0,0,193900.0,918499500.0,1.0,4710.0,4770.0,4710.0,4760.0,193900.0
2025-07-18,64320,4795.0,4825.0,4760.0,4810.0,0,0,177000.0,849195000.0,1.0,4795.0,4825.0,4760.0,4810.0,177000.0
2025-07-22,64320,4765.0,4825.0,4750.0,4795.0,0,0,187600.0,897439000.0,1.0,4765.0,4825.0,4750.0,4795.0,187600.0
2025-07-23,64320,5180.0,5440.0,5150.0,5340.0,0,0,1285900.0,6858770000.0,1.0,5180.0,5440.0,5150.0,5340.0,1285900.0
2025-07-24,64320,5430.0,5450.0,5380.0,5410.0,0,0,411300.0,2227768000.0,1.0,5430.0,5450.0,5380.0,5410.0,411300.0
2025-07-25,64320,5360.0,5370.0,5240.0,5250.0,0,0,430100.0,2278001000.0,1.0,5360.0,5370.0,5240.0,5250.0,430100.0
2025-07-28,64320,5320.0,5360.0,5270.0,5300.0,0,0,262400.0,1395841000.0,1.0,5320.0,5360.0,5270.0,5300.0,262400.0
2025-07-29,64320,5270.0,5350.0,5250.0,5320.0,0,0,235900.0,1250902000.0,1.0,5270.0,5350.0,5250.0,5320.0,235900.0
2025-07-30,64320,5340.0,5370.0,5280.0,5320.0,0,0,252900.0,1345931000.0,1.0,5340.0,5370.0,5280.0,5320.0,252900.0
2025-07-31,64320,5370.0,5440.0,5360.0,5420.0,0,0,567500.0,3070662000.0,1.0,5370.0,5440.0,5360.0,5420.0,567500.0
2025-08-01,64320,5450.0,5490.0,5380.0,5430.0,0,0,290300.0,1577175000.0,1.0,5450.0,5490.0,5380.0,5430.0,290300.0
2025-08-04,64320,5330.0,5420.0,5320.0,5400.0,0,0,189600.0,1019975000.0,1.0,5330.0,5420.0,5320.0,5400.0,189600.0
2025-08-05,64320,5450.0,5480.0,5410.0,5440.0,0,0,149600.0,815541000.0,1.0,5450.0,5480.0,5410.0,5440.0,149600.0
2025-08-06,64320,5440.0,5620.0,5440.0,5540.0,0,0,330600.0,1829694000.0,1.0,5440.0,5620.0,5440.0,5540.0,330600.0
2025-08-07,64320,5480.0,5530.0,5450.0,5490.0,0,0,161100.0,885021000.0,1.0,5480.0,5530.0,5450.0,5490.0,161100.0
2025-08-08,64320,5490.0,5550.0,5450.0,5520.0,0,0,247400.0,1364039000.0,1.0,5490.0,5550.0,5450.0,5520.0,247400.0
2025-08-12,64320,5570.0,5580.0,5400.0,5440.0,0,0,424000.0,2317028000.0,1.0,5570.0,5580.0,5400.0,5440.0,424000.0
2025-08-13,64320,5490.0,5510.0,5440.0,5500.0,0,0,332400.0,1820462000.0,1.0,5490.0,5510.0,5440.0,5500.0,332400.0
2025-08-14,64320,5500.0,5520.0,5410.0,5430.0,0,0,218700.0,1191353000.0,1.0,5500.0,5520.0,5410.0,5430.0,218700.0
2025-08-15,64320,5420.0,5500.0,5420.0,5470.0,0,0,212100.0,1159076000.0,1.0,5420.0,5500.0,5420.0,5470.0,212100.0
2025-08-18,64320,5440.0,5510.0,5430.0,5480.0,0,0,216400.0,1185562000.0,1.0,5440.0,5510.0,5430.0,5480.0,216400.0
2025-08-19,64320,5440.0,5440.0,5220.0,5330.0,0,0,715100.0,3800116000.0,1.0,5440.0,5440.0,5220.0,5330.0,715100.0
2025-08-20,64320,5340.0,5340.0,5170.0,5170.0,0,0,302800.0,1581715000.0,1.0,5340.0,5340.0,5170.0,5170.0,302800.0
2025-08-21,64320,5150.0,5160.0,5120.0,5150.0,0,0,203100.0,1044360000.0,1.0,5150.0,5160.0,5120.0,5150.0,203100.0
2025-08-22,64320,5150.0,5170.0,5110.0,5130.0,0,0,211900.0,1087663000.0,1.0,5150.0,5170.0,5110.0,5130.0,211900.0
2025-08-25,64320,5170.0,5270.0,5160.0,5250.0,0,0,195800.0,1025557000.0,1.0,5170.0,5270.0,5160.0,5250.0,195800.0
2025-08-26,64320,5270.0,5270.0,5210.0,5230.0,0,0,98800.0,517304000.0,1.0,5270.0,5270.0,5210.0,5230.0,98800.0
2025-08-27,64320,5210.0,5230.0,5190.0,5190.0,0,0,151800.0,790630000.0,1.0,5210.0,5230.0,5190.0,5190.0,151800.0
2025-08-28,64320,5190.0,5240.0,5170.0,5230.0,0,0,146000.0,761300000.0,1.0,5190.0,5240.0,5170.0,5230.0,146000.0
2025-08-29,64320,5190.0,5230.0,5160.0,5160.0,0,0,128100.0,663839000.0,1.0,5190.0,5230.0,5160.0,5160.0,128100.0
2025-09-01,64320,5100.0,5110.0,5050.0,5080.0,0,0,136100.0,691416000.0,1.0,5100.0,5110.0,5050.0,5080.0,136100.0
2025-09-02,64320,5110.0,5110.0,5070.0,5090.0,0,0,121300.0,617928000.0,1.0,5110.0,5110.0,5070.0,5090.0,121300.0
2025-09-03,64320,5080.0,5120.0,5060.0,5080.0,0,0,176900.0,900341000.0,1.0,5080.0,5120.0,5060.0,5080.0,176900.0
2025-09-04,64320,5100.0,5190.0,5090.0,5120.0,0,0,216500.0,1112225000.0,1.0,5100.0,5190.0,5090.0,5120.0,216500.0
2025-09-05,64320,5180.0,5290.0,5160.0,5270.0,0,0,252400.0,1319487000.0,1.0,5180.0,5290.0,5160.0,5270.0,252400.0
2025-09-08,64320,5340.0,5370.0,5300.0,5320.0,0,0,158900.0,847180000.0,1.0,5340.0,5370.0,5300.0,5320.0,158900.0
2025-09-09,64320,5330.0,5390.0,5300.0,5330.0,0,0,156900.0,837736000.0,1.0,5330.0,5390.0,5300.0,5330.0,156900.0
2025-09-10,64320,5330.0,5370.0,5300.0,5330.0,0,0,146300.0,779553000.0,1.0,5330.0,5370.0,5300.0,5330.0,146300.0
2025-09-11,64320,5370.0,5560.0,5370.0,5440.0,0,0,364200.0,1985231000.0,1.0,5370.0,5560.0,5370.0,5440.0,364200.0
2025-09-12,64320,5470.0,5500.0,5440.0,5450.0,0,0,203100.0,1109981000.0,1.0,5470.0,5500.0,5440.0,5450.0,203100.0
2025-09-16,64320,5420.0,5480.0,5420.0,5440.0,0,0,123500.0,672969000.0,1.0,5420.0,5480.0,5420.0,5440.0,123500.0
2025-09-17,64320,5410.0,5440.0,5310.0,5310.0,0,0,122600.0,654214000.0,1.0,5410.0,5440.0,5310.0,5310.0,122600.0
2025-09-18,64320,5330.0,5360.0,5280.0,5320.0,0,0,120300.0,640483000.0,1.0,5330.0,5360.0,5280.0,5320.0,120300.0
2025-09-19,64320,5360.0,5380.0,5210.0,5260.0,0,0,200400.0,1058626000.0,1.0,5360.0,5380.0,5210.0,5260.0,200400.0
2025-09-22,64320,5290.0,5300.0,5210.0,5250.0,0,0,157900.0,829505000.0,1.0,5290.0,5300.0,5210.0,5250.0,157900.0
2025-09-24,64320,5210.0,5210.0,5100.0,5170.0,0,0,237100.0,1224077000.0,1.0,5210.0,5210.0,5100.0,5170.0,237100.0
2025-09-25,64320,5200.0,5310.0,5180.0,5300.0,0,0,204100.0,1072780000.0,1.0,5200.0,5310.0,5180.0,5300.0,204100.0
2025-09-26,64320,5280.0,5370.0,5260.0,5290.0,0,0,233800.0,1240074000.0,1.0,5280.0,5370.0,5260.0,5290.0,233800.0
2025-09-29,64320,5300.0,5300.0,5190.0,5210.0,0,0,156200.0,816551000.0,1.0,5300.0,5300.0,5190.0,5210.0,156200.0
2025-09-30,64320,5190.0,5230.0,5160.0,5180.0,0,0,195700.0,1014466000.0,1.0,5190.0,5230.0,5160.0,5180.0,195700.0
2025-10-01,64320,5130.0,5130.0,5050.0,5060.0,0,0,190900.0,968633000.0,1.0,5130.0,5130.0,5050.0,5060.0,190900.0
2025-10-02,64320,5040.0,5090.0,5000.0,5040.0,0,0,202800.0,1022985000.0,1.0,5040.0,5090.0,5000.0,5040.0,202800.0
2025-10-03,64320,5070.0,5090.0,5040.0,5050.0,0,0,103000.0,520892000.0,1.0,5070.0,5090.0,5040.0,5050.0,103000.0
2025-10-06,64320,5340.0,5340.0,5240.0,5310.0,0,0,403900.0,2141048000.0,1.0,5340.0,5340.0,5240.0,5310.0,403900.0
2025-10-07,64320,5370.0,5380.0,5290.0,5310.0,0,0,282700.0,1506203000.0,1.0,5370.0,5380.0,5290.0,5310.0,282700.0
2025-10-08,64320,5410.0,5440.0,5320.0,5370.0,0,0,196000.0,1052756000.0,1.0,5410.0,5440.0,5320.0,5370.0,196000.0
2025-10-09,64320,5450.0,5560.0,5450.0,5510.0,0,0,288700.0,1584358000.0,1.0,5450.0,5560.0,5450.0,5510.0,288700.0
2025-10-10,64320,5430.0,5460.0,5160.0,5210.0,0,0,466500.0,2467260000.0,1.0,5430.0,5460.0,5160.0,5210.0,466500.0
2025-10-14,64320,5610.0,5960.0,5560.0,5800.0,0,0,1600500.0,9277233000.0,1.0,5610.0,5960.0,5560.0,5800.0,1600500.0
2025-10-15,64320,5840.0,6090.0,5740.0,6090.0,0,0,666700.0,3965144000.0,1.0,5840.0,6090.0,5740.0,6090.0,666700.0
2025-10-16,64320,6010.0,6120.0,5960.0,6040.0,0,0,368500.0,2219226000.0,1.0,6010.0,6120.0,5960.0,6040.0,368500.0
2025-10-17,64320,6000.0,6020.0,5890.0,5940.0,0,0,225900.0,1342676000.0,1.0,6000.0,6020.0,5890.0,5940.0,225900.0
2025-10-20,64320,6020.0,6060.0,5980.0,6040.0,0,0,151200.0,911145000.0,1.0,6020.0,6060.0,5980.0,6040.0,151200.0
2025-10-21,64320,6130.0,6140.0,5950.0,5950.0,0,0,249800.0,1503235000.0,1.0,6130.0,6140.0,5950.0,5950.0,249800.0
2025-10-22,64320,5990.0,6300.0,5990.0,6220.0,0,0,629500.0,3900497000.0,1.0,5990.0,6300.0,5990.0,6220.0,629500.0
2025-10-23,64320,6130.0,6250.0,6120.0,6180.0,0,0,308300.0,1909866000.0,1.0,6130.0,6250.0,6120.0,6180.0,308300.0
2025-10-24,64320,6230.0,6450.0,6200.0,6260.0,0,0,563200.0,3559230000.0,1.0,6230.0,6450.0,6200.0,6260.0,563200.0
2025-10-27,64320,6390.0,6400.0,6320.0,6380.0,0,0,220800.0,1406922000.0,1.0,6390.0,6400.0,6320.0,6380.0,220800.0
2025-10-28,64320,6380.0,6580.0,6300.0,6520.0,0,0,467200.0,3030942000.0,1.0,6380.0,6580.0,6300.0,6520.0,467200.0
2025-10-29,64320,6620.0,6680.0,6320.0,6430.0,0,0,428700.0,2765479000.0,1.0,6620.0,6680.0,6320.0,6430.0,428700.0
