Date,Code,Open,High,Low,Close,UpperLimit,LowerLimit,Volume,TurnoverValue,AdjustmentFactor,AdjustmentOpen,AdjustmentHigh,AdjustmentLow,AdjustmentClose,AdjustmentVolume
2020-10-29,65070,1137.0,1164.0,1126.0,1160.0,0,0,52400.0,60135900.0,1.0,1137.0,1164.0,1126.0,1160.0,52400.0
2020-10-30,65070,1158.0,1158.0,1124.0,1133.0,0,0,40400.0,45891000.0,1.0,1158.0,1158.0,1124.0,1133.0,40400.0
2020-11-02,65070,1145.0,1158.0,1127.0,1134.0,0,0,43500.0,49572600.0,1.0,1145.0,1158.0,1127.0,1134.0,43500.0
2020-11-04,65070,1126.0,1133.0,1112.0,1126.0,0,0,70200.0,78946100.0,1.0,1126.0,1133.0,1112.0,1126.0,70200.0
2020-11-05,65070,1130.0,1236.0,1104.0,1195.0,0,0,501700.0,594891100.0,1.0,1130.0,1236.0,1104.0,1195.0,501700.0
2020-11-06,65070,1225.0,1248.0,1207.0,1224.0,0,0,215700.0,264441900.0,1.0,1225.0,1248.0,1207.0,1224.0,215700.0
2020-11-09,65070,1240.0,1266.0,1218.0,1244.0,0,0,143700.0,178063100.0,1.0,1240.0,1266.0,1218.0,1244.0,143700.0
2020-11-10,65070,1273.0,1290.0,1230.0,1252.0,0,0,150900.0,189472000.0,1.0,1273.0,1290.0,1230.0,1252.0,150900.0
2020-11-11,65070,1235.0,1280.0,1235.0,1280.0,0,0,150600.0,191418800.0,1.0,1235.0,1280.0,1235.0,1280.0,150600.0
2020-11-12,65070,1284.0,1308.0,1254.0,1273.0,0,0,131200.0,168481400.0,1.0,1284.0,1308.0,1254.0,1273.0,131200.0
2020-11-13,65070,1265.0,1269.0,1230.0,1240.0,0,0,71600.0,89091600.0,1.0,1265.0,1269.0,1230.0,1240.0,71600.0
2020-11-16,65070,1260.0,1271.0,1233.0,1259.0,0,0,97300.0,121991500.0,1.0,1260.0,1271.0,1233.0,1259.0,97300.0
2020-11-17,65070,1270.0,1299.0,1247.0,1294.0,0,0,98800.0,126894400.0,1.0,1270.0,1299.0,1247.0,1294.0,98800.0
2020-11-18,65070,1290.0,1317.0,1261.0,1314.0,0,0,137400.0,178754100.0,1.0,1290.0,1317.0,1261.0,1314.0,137400.0
2020-11-19,65070,1304.0,1304.0,1266.0,1281.0,0,0,124900.0,159920000.0,1.0,1304.0,1304.0,1266.0,1281.0,124900.0
2020-11-20,65070,1275.0,1276.0,1251.0,1271.0,0,0,63700.0,80480600.0,1.0,1275.0,1276.0,1251.0,1271.0,63700.0
2020-11-24,65070,1316.0,1343.0,1291.0,1313.0,0,0,146300.0,193231500.0,1.0,1316.0,1343.0,1291.0,1313.0,146300.0
2020-11-25,65070,1340.0,1359.0,1316.0,1317.0,0,0,135800.0,181387400.0,1.0,1340.0,1359.0,1316.0,1317.0,135800.0
2020-11-26,65070,1313.0,1337.0,1289.0,1333.0,0,0,78200.0,103038000.0,1.0,1313.0,1337.0,1289.0,1333.0,78200.0
2020-11-27,65070,1342.0,1350.0,1317.0,1325.0,0,0,113600.0,151275500.0,1.0,1342.0,1350.0,1317.0,1325.0,113600.0
2020-11-30,65070,1344.0,1349.0,1314.0,1318.0,0,0,115100.0,152844100.0,1.0,1344.0,1349.0,1314.0,1318.0,115100.0
2020-12-01,65070,1319.0,1383.0,1317.0,1364.0,0,0,154900.0,210383700.0,1.0,1319.0,1383.0,1317.0,1364.0,154900.0
2020-12-02,65070,1387.0,1431.0,1373.0,1426.0,0,0,217100.0,306964100.0,1.0,1387.0,1431.0,1373.0,1426.0,217100.0
2020-12-03,65070,1455.0,1476.0,1437.0,1441.0,0,0,177000.0,257484400.0,1.0,1455.0,1476.0,1437.0,1441.0,177000.0
2020-12-04,65070,1453.0,1459.0,1412.0,1421.0,0,0,107600.0,154030300.0,1.0,1453.0,1459.0,1412.0,1421.0,107600.0
2020-12-07,65070,1442.0,1444.0,1398.0,1402.0,0,0,102400.0,145006900.0,1.0,1442.0,1444.0,1398.0,1402.0,102400.0
2020-12-08,65070,1395.0,1438.0,1381.0,1429.0,0,0,75400.0,107326600.0,1.0,1395.0,1438.0,1381.0,1429.0,75400.0
2020-12-09,65070,1429.0,1466.0,1420.0,1456.0,0,0,99100.0,144004700.0,1.0,1429.0,1466.0,1420.0,1456.0,99100.0
2020-12-10,65070,1456.0,1456.0,1419.0,1424.0,0,0,75200.0,108019200.0,1.0,1456.0,1456.0,1419.0,1424.0,75200.0
2020-12-11,65070,1423.0,1456.0,1416.0,1450.0,0,0,91600.0,131994300.0,1.0,1423.0,1456.0,1416.0,1450.0,91600.0
2020-12-14,65070,1498.0,1540.0,1482.0,1521.0,0,0,237400.0,359376700.0,1.0,1498.0,1540.0,1482.0,1521.0,237400.0
2020-12-15,65070,1538.0,1566.0,1500.0,1504.0,0,0,188600.0,288224300.0,1.0,1538.0,1566.0,1500.0,1504.0,188600.0
2020-12-16,65070,1522.0,1531.0,1480.0,1490.0,0,0,78900.0,118169300.0,1.0,1522.0,1531.0,1480.0,1490.0,78900.0
2020-12-17,65070,1490.0,1493.0,1448.0,1455.0,0,0,94700.0,138358600.0,1.0,1490.0,1493.0,1448.0,1455.0,94700.0
2020-12-18,65070,1451.0,1488.0,1450.0,1474.0,0,0,83500.0,122972900.0,1.0,1451.0,1488.0,1450.0,1474.0,83500.0
2020-12-21,65070,1469.0,1476.0,1451.0,1453.0,0,0,48800.0,71137900.0,1.0,1469.0,1476.0,1451.0,1453.0,48800.0
2020-12-22,65070,1445.0,1446.0,1375.0,1385.0,0,0,100100.0,140327900.0,1.0,1445.0,1446.0,1375.0,1385.0,100100.0
2020-12-23,65070,1392.0,1402.0,1374.0,1396.0,0,0,46300.0,64316400.0,1.0,1392.0,1402.0,1374.0,1396.0,46300.0
2020-12-24,65070,1385.0,1396.0,1382.0,1385.0,0,0,56700.0,78642300.0,1.0,1385.0,1396.0,1382.0,1385.0,56700.0
2020-12-25,65070,1398.0,1404.0,1368.0,1381.0,0,0,52500.0,72647400.0,1.0,1398.0,1404.0,1368.0,1381.0,52500.0
2020-12-28,65070,1382.0,1405.0,1378.0,1398.0,0,0,112300.0,155905400.0,1.0,1382.0,1405.0,1378.0,1398.0,112300.0
2020-12-29,65070,1398.0,1409.0,1391.0,1405.0,0,0,42500.0,59532900.0,1.0,1398.0,1409.0,1391.0,1405.0,42500.0
2020-12-30,65070,1398.0,1441.0,1389.0,1401.0,0,0,65200.0,91677100.0,1.0,1398.0,1441.0,1389.0,1401.0,65200.0
2021-01-04,65070,1408.0,1408.0,1347.0,1388.0,0,0,84900.0,116749700.0,1.0,1408.0,1408.0,1347.0,1388.0,84900.0
2021-01-05,65070,1388.0,1443.0,1381.0,1441.0,0,0,104400.0,149322000.0,1.0,1388.0,1443.0,1381.0,1441.0,104400.0
2021-01-06,65070,1441.0,1470.0,1432.0,1436.0,0,0,83500.0,121224800.0,1.0,1441.0,1470.0,1432.0,1436.0,83500.0
2021-01-07,65070,1473.0,1509.0,1473.0,1488.0,0,0,126700.0,188940900.0,1.0,1473.0,1509.0,1473.0,1488.0,126700.0
2021-01-08,65070,1500.0,1516.0,1490.0,1498.0,0,0,93300.0,140274800.0,1.0,1500.0,1516.0,1490.0,1498.0,93300.0
2021-01-12,65070,1490.0,1540.0,1486.0,1531.0,0,0,109300.0,166357000.0,1.0,1490.0,1540.0,1486.0,1531.0,109300.0
2021-01-13,65070,1532.0,1569.0,1527.0,1562.0,0,0,189800.0,294810000.0,1.0,1532.0,1569.0,1527.0,1562.0,189800.0
2021-01-14,65070,1540.0,1574.0,1494.0,1503.0,0,0,180000.0,275720100.0,1.0,1540.0,1574.0,1494.0,1503.0,180000.0
2021-01-15,65070,1517.0,1532.0,1468.0,1473.0,0,0,120500.0,179855500.0,1.0,1517.0,1532.0,1468.0,1473.0,120500.0
2021-01-18,65070,1465.0,1473.0,1443.0,1462.0,0,0,67200.0,97961100.0,1.0,1465.0,1473.0,1443.0,1462.0,67200.0
2021-01-19,65070,1450.0,1468.0,1442.0,1449.0,0,0,64600.0,94033200.0,1.0,1450.0,1468.0,1442.0,1449.0,64600.0
2021-01-20,65070,1449.0,1466.0,1443.0,1464.0,0,0,53600.0,78134000.0,1.0,1449.0,1466.0,1443.0,1464.0,53600.0
2021-01-21,65070,1490.0,1495.0,1459.0,1461.0,0,0,65200.0,96144100.0,1.0,1490.0,1495.0,1459.0,1461.0,65200.0
2021-01-22,65070,1462.0,1474.0,1453.0,1458.0,0,0,51800.0,75737300.0,1.0,1462.0,1474.0,1453.0,1458.0,51800.0
2021-01-25,65070,1455.0,1467.0,1450.0,1459.0,0,0,39400.0,57405900.0,1.0,1455.0,1467.0,1450.0,1459.0,39400.0
2021-01-26,65070,1467.0,1487.0,1464.0,1465.0,0,0,80500.0,118598700.0,1.0,1467.0,1487.0,1464.0,1465.0,80500.0
2021-01-27,65070,1473.0,1489.0,1460.0,1476.0,0,0,56000.0,82586100.0,1.0,1473.0,1489.0,1460.0,1476.0,56000.0
2021-01-28,65070,1437.0,1471.0,1430.0,1454.0,0,0,87000.0,126212500.0,1.0,1437.0,1471.0,1430.0,1454.0,87000.0
2021-01-29,65070,1460.0,1485.0,1436.0,1436.0,0,0,67500.0,98417900.0,1.0,1460.0,1485.0,1436.0,1436.0,67500.0
2021-02-01,65070,1428.0,1457.0,1427.0,1449.0,0,0,58100.0,84077500.0,1.0,1428.0,1457.0,1427.0,1449.0,58100.0
2021-02-02,65070,1462.0,1487.0,1444.0,1486.0,0,0,62200.0,91493000.0,1.0,1462.0,1487.0,1444.0,1486.0,62200.0
2021-02-03,65070,1505.0,1534.0,1384.0,1400.0,0,0,473500.0,682711500.0,1.0,1505.0,1534.0,1384.0,1400.0,473500.0
2021-02-04,65070,1400.0,1429.0,1373.0,1392.0,0,0,224300.0,312398100.0,1.0,1400.0,1429.0,1373.0,1392.0,224300.0
2021-02-05,65070,1395.0,1415.0,1384.0,1405.0,0,0,128700.0,180106000.0,1.0,1395.0,1415.0,1384.0,1405.0,128700.0
2021-02-08,65070,1405.0,1420.0,1390.0,1400.0,0,0,120400.0,168952700.0,1.0,1405.0,1420.0,1390.0,1400.0,120400.0
2021-02-09,65070,1400.0,1408.0,1390.0,1395.0,0,0,66100.0,92300100.0,1.0,1400.0,1408.0,1390.0,1395.0,66100.0
2021-02-10,65070,1392.0,1409.0,1386.0,1400.0,0,0,61100.0,85459400.0,1.0,1392.0,1409.0,1386.0,1400.0,61100.0
2021-02-12,65070,1397.0,1397.0,1363.0,1378.0,0,0,100200.0,138231400.0,1.0,1397.0,1397.0,1363.0,1378.0,100200.0
2021-02-15,65070,1391.0,1395.0,1372.0,1393.0,0,0,70000.0,97047300.0,1.0,1391.0,1395.0,1372.0,1393.0,70000.0
2021-02-16,65070,1375.0,1376.0,1354.0,1360.0,0,0,103900.0,141708800.0,1.0,1375.0,1376.0,1354.0,1360.0,103900.0
2021-02-17,65070,1352.0,1380.0,1352.0,1379.0,0,0,58700.0,80406200.0,1.0,1352.0,1380.0,1352.0,1379.0,58700.0
2021-02-18,65070,1378.0,1383.0,1340.0,1352.0,0,0,135900.0,183912100.0,1.0,1378.0,1383.0,1340.0,1352.0,135900.0
2021-02-19,65070,1335.0,1345.0,1326.0,1342.0,0,0,66000.0,88324800.0,1.0,1335.0,1345.0,1326.0,1342.0,66000.0
2021-02-22,65070,1345.0,1360.0,1331.0,1339.0,0,0,69700.0,93576800.0,1.0,1345.0,1360.0,1331.0,1339.0,69700.0
2021-02-24,65070,1333.0,1333.0,1305.0,1311.0,0,0,101000.0,132602200.0,1.0,1333.0,1333.0,1305.0,1311.0,101000.0
2021-02-25,65070,1339.0,1350.0,1330.0,1339.0,0,0,83200.0,111608400.0,1.0,1339.0,1350.0,1330.0,1339.0,83200.0
2021-02-26,65070,1330.0,1330.0,1298.0,1298.0,0,0,131800.0,172395100.0,1.0,1330.0,1330.0,1298.0,1298.0,131800.0
2021-03-01,65070,1313.0,1347.0,1313.0,1346.0,0,0,74300.0,99454600.0,1.0,1313.0,1347.0,1313.0,1346.0,74300.0
2021-03-02,65070,1346.0,1346.0,1311.0,1325.0,0,0,59800.0,79421100.0,1.0,1346.0,1346.0,1311.0,1325.0,59800.0
2021-03-03,65070,1339.0,1339.0,1310.0,1313.0,0,0,40600.0,53411800.0,1.0,1339.0,1339.0,1310.0,1313.0,40600.0
2021-03-04,65070,1309.0,1311.0,1289.0,1301.0,0,0,82200.0,106703400.0,1.0,1309.0,1311.0,1289.0,1301.0,82200.0
2021-03-05,65070,1295.0,1311.0,1278.0,1311.0,0,0,78300.0,101412800.0,1.0,1295.0,1311.0,1278.0,1311.0,78300.0
2021-03-08,65070,1326.0,1331.0,1292.0,1299.0,0,0,66200.0,86676300.0,1.0,1326.0,1331.0,1292.0,1299.0,66200.0
2021-03-09,65070,1314.0,1324.0,1293.0,1310.0,0,0,78100.0,102273000.0,1.0,1314.0,1324.0,1293.0,1310.0,78100.0
2021-03-10,65070,1310.0,1322.0,1301.0,1311.0,0,0,64300.0,84308900.0,1.0,1310.0,1322.0,1301.0,1311.0,64300.0
2021-03-11,65070,1309.0,1336.0,1308.0,1332.0,0,0,81900.0,108655300.0,1.0,1309.0,1336.0,1308.0,1332.0,81900.0
2021-03-12,65070,1324.0,1333.0,1319.0,1327.0,0,0,70400.0,93358200.0,1.0,1324.0,1333.0,1319.0,1327.0,70400.0
2021-03-15,65070,1334.0,1346.0,1324.0,1345.0,0,0,57800.0,77205100.0,1.0,1334.0,1346.0,1324.0,1345.0,57800.0
2021-03-16,65070,1349.0,1364.0,1349.0,1361.0,0,0,47200.0,64020100.0,1.0,1349.0,1364.0,1349.0,1361.0,47200.0
2021-03-17,65070,1365.0,1370.0,1347.0,1369.0,0,0,48900.0,66547200.0,1.0,1365.0,1370.0,1347.0,1369.0,48900.0
2021-03-18,65070,1381.0,1381.0,1364.0,1372.0,0,0,80300.0,110169200.0,1.0,1381.0,1381.0,1364.0,1372.0,80300.0
2021-03-19,65070,1372.0,1372.0,1350.0,1362.0,0,0,138300.0,188541000.0,1.0,1372.0,1372.0,1350.0,1362.0,138300.0
2021-03-22,65070,1365.0,1372.0,1352.0,1362.0,0,0,68800.0,93886900.0,1.0,1365.0,1372.0,1352.0,1362.0,68800.0
2021-03-23,65070,1378.0,1378.0,1344.0,1344.0,0,0,59000.0,80018100.0,1.0,1378.0,1378.0,1344.0,1344.0,59000.0
2021-03-24,65070,1334.0,1334.0,1305.0,1313.0,0,0,72500.0,95493800.0,1.0,1334.0,1334.0,1305.0,1313.0,72500.0
2021-03-25,65070,1323.0,1344.0,1319.0,1331.0,0,0,40600.0,54130800.0,1.0,1323.0,1344.0,1319.0,1331.0,40600.0
2021-03-26,65070,1334.0,1354.0,1333.0,1350.0,0,0,43200.0,58213000.0,1.0,1334.0,1354.0,1333.0,1350.0,43200.0
2021-03-29,65070,1369.0,1373.0,1341.0,1356.0,0,0,90900.0,123255500.0,1.0,1369.0,1373.0,1341.0,1356.0,90900.0
2021-03-30,65070,1335.0,1338.0,1318.0,1334.0,0,0,51500.0,68440700.0,1.0,1335.0,1338.0,1318.0,1334.0,51500.0
2021-03-31,65070,1321.0,1336.0,1315.0,1315.0,0,0,52200.0,69139500.0,1.0,1321.0,1336.0,1315.0,1315.0,52200.0
2021-04-01,65070,1326.0,1341.0,1321.0,1327.0,0,0,39200.0,52052500.0,1.0,1326.0,1341.0,1321.0,1327.0,39200.0
2021-04-02,65070,1334.0,1343.0,1329.0,1343.0,0,0,22300.0,29764000.0,1.0,1334.0,1343.0,1329.0,1343.0,22300.0
2021-04-05,65070,1360.0,1372.0,1356.0,1369.0,0,0,58100.0,79342400.0,1.0,1360.0,1372.0,1356.0,1369.0,58100.0
2021-04-06,65070,1370.0,1370.0,1334.0,1341.0,0,0,59100.0,79677600.0,1.0,1370.0,1370.0,1334.0,1341.0,59100.0
2021-04-07,65070,1335.0,1361.0,1335.0,1361.0,0,0,75800.0,102521400.0,1.0,1335.0,1361.0,1335.0,1361.0,75800.0
2021-04-08,65070,1350.0,1357.0,1322.0,1328.0,0,0,71400.0,95146200.0,1.0,1350.0,1357.0,1322.0,1328.0,71400.0
2021-04-09,65070,1337.0,1350.0,1328.0,1341.0,0,0,54800.0,73561500.0,1.0,1337.0,1350.0,1328.0,1341.0,54800.0
2021-04-12,65070,1431.0,1459.0,1413.0,1432.0,0,0,358900.0,513242500.0,1.0,1431.0,1459.0,1413.0,1432.0,358900.0
2021-04-13,65070,1459.0,1487.0,1438.0,1468.0,0,0,345500.0,506756800.0,1.0,1459.0,1487.0,1438.0,1468.0,345500.0
2021-04-14,65070,1468.0,1474.0,1441.0,1445.0,0,0,133600.0,194422900.0,1.0,1468.0,1474.0,1441.0,1445.0,133600.0
2021-04-15,65070,1445.0,1452.0,1424.0,1427.0,0,0,126100.0,180637300.0,1.0,1445.0,1452.0,1424.0,1427.0,126100.0
2021-04-16,65070,1427.0,1452.0,1414.0,1447.0,0,0,85800.0,122963500.0,1.0,1427.0,1452.0,1414.0,1447.0,85800.0
2021-04-19,65070,1460.0,1475.0,1449.0,1465.0,0,0,93400.0,136641000.0,1.0,1460.0,1475.0,1449.0,1465.0,93400.0
2021-04-20,65070,1450.0,1454.0,1431.0,1447.0,0,0,71600.0,103484200.0,1.0,1450.0,1454.0,1431.0,1447.0,71600.0
2021-04-21,65070,1417.0,1421.0,1388.0,1409.0,0,0,118100.0,166099300.0,1.0,1417.0,1421.0,1388.0,1409.0,118100.0
2021-04-22,65070,1433.0,1444.0,1423.0,1440.0,0,0,73600.0,105643500.0,1.0,1433.0,1444.0,1423.0,1440.0,73600.0
2021-04-23,65070,1440.0,1525.0,1436.0,1519.0,0,0,432900.0,647612300.0,1.0,1440.0,1525.0,1436.0,1519.0,432900.0
2021-04-26,65070,1541.0,1572.0,1498.0,1518.0,0,0,255000.0,390150700.0,1.0,1541.0,1572.0,1498.0,1518.0,255000.0
2021-04-27,65070,1505.0,1525.0,1485.0,1509.0,0,0,138100.0,207986400.0,1.0,1505.0,1525.0,1485.0,1509.0,138100.0
2021-04-28,65070,1509.0,1509.0,1469.0,1469.0,0,0,116100.0,171763600.0,1.0,1509.0,1509.0,1469.0,1469.0,116100.0
2021-04-30,65070,1475.0,1483.0,1449.0,1449.0,0,0,96900.0,141667100.0,1.0,1475.0,1483.0,1449.0,1449.0,96900.0
2021-05-06,65070,1458.0,1486.0,1451.0,1467.0,0,0,109200.0,160542900.0,1.0,1458.0,1486.0,1451.0,1467.0,109200.0
2021-05-07,65070,1450.0,1503.0,1449.0,1501.0,0,0,104600.0,155858000.0,1.0,1450.0,1503.0,1449.0,1501.0,104600.0
2021-05-10,65070,1503.0,1521.0,1496.0,1520.0,0,0,74500.0,112450200.0,1.0,1503.0,1521.0,1496.0,1520.0,74500.0
2021-05-11,65070,1512.0,1512.0,1472.0,1483.0,0,0,115300.0,171315200.0,1.0,1512.0,1512.0,1472.0,1483.0,115300.0
2021-05-12,65070,1477.0,1490.0,1295.0,1306.0,0,0,454300.0,618926500.0,1.0,1477.0,1490.0,1295.0,1306.0,454300.0
2021-05-13,65070,1292.0,1295.0,1244.0,1260.0,0,0,190500.0,241981900.0,1.0,1292.0,1295.0,1244.0,1260.0,190500.0
2021-05-14,65070,1274.0,1294.0,1247.0,1261.0,0,0,154600.0,195841800.0,1.0,1274.0,1294.0,1247.0,1261.0,154600.0
2021-05-17,65070,1280.0,1292.0,1252.0,1254.0,0,0,120700.0,153347800.0,1.0,1280.0,1292.0,1252.0,1254.0,120700.0
2021-05-18,65070,1254.0,1273.0,1239.0,1270.0,0,0,89500.0,112855800.0,1.0,1254.0,1273.0,1239.0,1270.0,89500.0
2021-05-19,65070,1248.0,1257.0,1232.0,1239.0,0,0,115800.0,143495800.0,1.0,1248.0,1257.0,1232.0,1239.0,115800.0
2021-05-20,65070,1239.0,1281.0,1239.0,1273.0,0,0,84200.0,106694700.0,1.0,1239.0,1281.0,1239.0,1273.0,84200.0
2021-05-21,65070,1290.0,1319.0,1283.0,1290.0,0,0,153700.0,199062000.0,1.0,1290.0,1319.0,1283.0,1290.0,153700.0
2021-05-24,65070,1285.0,1303.0,1282.0,1284.0,0,0,49200.0,63408400.0,1.0,1285.0,1303.0,1282.0,1284.0,49200.0
2021-05-25,65070,1281.0,1286.0,1254.0,1256.0,0,0,76500.0,96983000.0,1.0,1281.0,1286.0,1254.0,1256.0,76500.0
2021-05-26,65070,1256.0,1286.0,1256.0,1272.0,0,0,62100.0,79092600.0,1.0,1256.0,1286.0,1256.0,1272.0,62100.0
2021-05-27,65070,1290.0,1290.0,1272.0,1284.0,0,0,82000.0,105264400.0,1.0,1290.0,1290.0,1272.0,1284.0,82000.0
2021-05-28,65070,1302.0,1328.0,1292.0,1324.0,0,0,236700.0,310653300.0,1.0,1302.0,1328.0,1292.0,1324.0,236700.0
2021-05-31,65070,1309.0,1315.0,1267.0,1278.0,0,0,107000.0,137343500.0,1.0,1309.0,1315.0,1267.0,1278.0,107000.0
2021-06-01,65070,1290.0,1293.0,1257.0,1276.0,0,0,84300.0,107000900.0,1.0,1290.0,1293.0,1257.0,1276.0,84300.0
2021-06-02,65070,1271.0,1307.0,1270.0,1288.0,0,0,99400.0,128179000.0,1.0,1271.0,1307.0,1270.0,1288.0,99400.0
2021-06-03,65070,1284.0,1316.0,1284.0,1314.0,0,0,96000.0,125529600.0,1.0,1284.0,1316.0,1284.0,1314.0,96000.0
2021-06-04,65070,1318.0,1333.0,1314.0,1320.0,0,0,88400.0,116751400.0,1.0,1318.0,1333.0,1314.0,1320.0,88400.0
2021-06-07,65070,1340.0,1344.0,1316.0,1321.0,0,0,97700.0,129686300.0,1.0,1340.0,1344.0,1316.0,1321.0,97700.0
2021-06-08,65070,1321.0,1327.0,1311.0,1315.0,0,0,51900.0,68414900.0,1.0,1321.0,1327.0,1311.0,1315.0,51900.0
2021-06-09,65070,1324.0,1326.0,1300.0,1302.0,0,0,56100.0,73408400.0,1.0,1324.0,1326.0,1300.0,1302.0,56100.0
2021-06-10,65070,1302.0,1304.0,1285.0,1295.0,0,0,67300.0,87273500.0,1.0,1302.0,1304.0,1285.0,1295.0,67300.0
2021-06-11,65070,1307.0,1317.0,1294.0,1306.0,0,0,90900.0,118800200.0,1.0,1307.0,1317.0,1294.0,1306.0,90900.0
2021-06-14,65070,1317.0,1321.0,1306.0,1318.0,0,0,54700.0,71920600.0,1.0,1317.0,1321.0,1306.0,1318.0,54700.0
2021-06-15,65070,1319.0,1320.0,1308.0,1311.0,0,0,56900.0,74806200.0,1.0,1319.0,1320.0,1308.0,1311.0,56900.0
2021-06-16,65070,1311.0,1338.0,1309.0,1338.0,0,0,82900.0,110151300.0,1.0,1311.0,1338.0,1309.0,1338.0,82900.0
2021-06-17,65070,1338.0,1340.0,1316.0,1317.0,0,0,49000.0,64868500.0,1.0,1338.0,1340.0,1316.0,1317.0,49000.0
2021-06-18,65070,1310.0,1318.0,1292.0,1304.0,0,0,94600.0,123294700.0,1.0,1310.0,1318.0,1292.0,1304.0,94600.0
2021-06-21,65070,1274.0,1277.0,1254.0,1255.0,0,0,74200.0,93686700.0,1.0,1274.0,1277.0,1254.0,1255.0,74200.0
2021-06-22,65070,1280.0,1295.0,1271.0,1289.0,0,0,54800.0,70417900.0,1.0,1280.0,1295.0,1271.0,1289.0,54800.0
2021-06-23,65070,1293.0,1293.0,1268.0,1275.0,0,0,46200.0,58941300.0,1.0,1293.0,1293.0,1268.0,1275.0,46200.0
2021-06-24,65070,1273.0,1287.0,1268.0,1277.0,0,0,42600.0,54396300.0,1.0,1273.0,1287.0,1268.0,1277.0,42600.0
2021-06-25,65070,1280.0,1299.0,1279.0,1285.0,0,0,46600.0,59995600.0,1.0,1280.0,1299.0,1279.0,1285.0,46600.0
2021-06-28,65070,1285.0,1291.0,1279.0,1285.0,0,0,54800.0,70450700.0,1.0,1285.0,1291.0,1279.0,1285.0,54800.0
2021-06-29,65070,1273.0,1278.0,1261.0,1272.0,0,0,52100.0,66097200.0,1.0,1273.0,1278.0,1261.0,1272.0,52100.0
2021-06-30,65070,1272.0,1281.0,1247.0,1249.0,0,0,85800.0,107709300.0,1.0,1272.0,1281.0,1247.0,1249.0,85800.0
2021-07-01,65070,1250.0,1266.0,1246.0,1253.0,0,0,85700.0,107545300.0,1.0,1250.0,1266.0,1246.0,1253.0,85700.0
2021-07-02,65070,1261.0,1269.0,1256.0,1266.0,0,0,40900.0,51708900.0,1.0,1261.0,1269.0,1256.0,1266.0,40900.0
2021-07-05,65070,1256.0,1260.0,1241.0,1242.0,0,0,48500.0,60590100.0,1.0,1256.0,1260.0,1241.0,1242.0,48500.0
2021-07-06,65070,1246.0,1256.0,1241.0,1256.0,0,0,42200.0,52737200.0,1.0,1246.0,1256.0,1241.0,1256.0,42200.0
2021-07-07,65070,1240.0,1259.0,1234.0,1247.0,0,0,56900.0,70989300.0,1.0,1240.0,1259.0,1234.0,1247.0,56900.0
2021-07-08,65070,1253.0,1259.0,1239.0,1239.0,0,0,58800.0,73394600.0,1.0,1253.0,1259.0,1239.0,1239.0,58800.0
2021-07-09,65070,1215.0,1237.0,1208.0,1234.0,0,0,93400.0,113967500.0,1.0,1215.0,1237.0,1208.0,1234.0,93400.0
2021-07-12,65070,1258.0,1282.0,1258.0,1282.0,0,0,94500.0,120528100.0,1.0,1258.0,1282.0,1258.0,1282.0,94500.0
2021-07-13,65070,1288.0,1313.0,1288.0,1304.0,0,0,75300.0,98350500.0,1.0,1288.0,1313.0,1288.0,1304.0,75300.0
2021-07-14,65070,1304.0,1324.0,1304.0,1320.0,0,0,75600.0,99669400.0,1.0,1304.0,1324.0,1304.0,1320.0,75600.0
2021-07-15,65070,1320.0,1329.0,1301.0,1303.0,0,0,105300.0,138183600.0,1.0,1320.0,1329.0,1301.0,1303.0,105300.0
2021-07-16,65070,1291.0,1309.0,1290.0,1301.0,0,0,60400.0,78574800.0,1.0,1291.0,1309.0,1290.0,1301.0,60400.0
2021-07-19,65070,1292.0,1292.0,1257.0,1263.0,0,0,47800.0,60624100.0,1.0,1292.0,1292.0,1257.0,1263.0,47800.0
2021-07-20,65070,1263.0,1269.0,1251.0,1252.0,0,0,71800.0,90344100.0,1.0,1263.0,1269.0,1251.0,1252.0,71800.0
2021-07-21,65070,1258.0,1277.0,1250.0,1250.0,0,0,41900.0,52782000.0,1.0,1258.0,1277.0,1250.0,1250.0,41900.0
2021-07-26,65070,1274.0,1293.0,1270.0,1292.0,0,0,56600.0,72796900.0,1.0,1274.0,1293.0,1270.0,1292.0,56600.0
2021-07-27,65070,1300.0,1307.0,1280.0,1290.0,0,0,102600.0,132734700.0,1.0,1300.0,1307.0,1280.0,1290.0,102600.0
2021-07-28,65070,1282.0,1297.0,1275.0,1283.0,0,0,43600.0,56040800.0,1.0,1282.0,1297.0,1275.0,1283.0,43600.0
2021-07-29,65070,1277.0,1287.0,1274.0,1287.0,0,0,37800.0,48412500.0,1.0,1277.0,1287.0,1274.0,1287.0,37800.0
2021-07-30,65070,1278.0,1282.0,1263.0,1263.0,0,0,58600.0,74418600.0,1.0,1278.0,1282.0,1263.0,1263.0,58600.0
2021-08-02,65070,1272.0,1301.0,1271.0,1295.0,0,0,75100.0,97156400.0,1.0,1272.0,1301.0,1271.0,1295.0,75100.0
2021-08-03,65070,1286.0,1305.0,1286.0,1296.0,0,0,50400.0,65390400.0,1.0,1286.0,1305.0,1286.0,1296.0,50400.0
2021-08-04,65070,1297.0,1303.0,1193.0,1255.0,0,0,285400.0,357365500.0,1.0,1297.0,1303.0,1193.0,1255.0,285400.0
2021-08-05,65070,1227.0,1281.0,1215.0,1264.0,0,0,142600.0,179091100.0,1.0,1227.0,1281.0,1215.0,1264.0,142600.0
2021-08-06,65070,1265.0,1270.0,1232.0,1235.0,0,0,43600.0,54331300.0,1.0,1265.0,1270.0,1232.0,1235.0,43600.0
2021-08-10,65070,1240.0,1265.0,1227.0,1242.0,0,0,48300.0,60247300.0,1.0,1240.0,1265.0,1227.0,1242.0,48300.0
2021-08-11,65070,1262.0,1263.0,1249.0,1260.0,0,0,37600.0,47265100.0,1.0,1262.0,1263.0,1249.0,1260.0,37600.0
2021-08-12,65070,1260.0,1260.0,1235.0,1236.0,0,0,68500.0,85035900.0,1.0,1260.0,1260.0,1235.0,1236.0,68500.0
2021-08-13,65070,1236.0,1242.0,1225.0,1238.0,0,0,67400.0,83155600.0,1.0,1236.0,1242.0,1225.0,1238.0,67400.0
2021-08-16,65070,1231.0,1231.0,1191.0,1192.0,0,0,66600.0,79893500.0,1.0,1231.0,1231.0,1191.0,1192.0,66600.0
2021-08-17,65070,1195.0,1199.0,1166.0,1169.0,0,0,67300.0,79394400.0,1.0,1195.0,1199.0,1166.0,1169.0,67300.0
2021-08-18,65070,1165.0,1177.0,1145.0,1172.0,0,0,62700.0,73089700.0,1.0,1165.0,1177.0,1145.0,1172.0,62700.0
2021-08-19,65070,1164.0,1164.0,1143.0,1143.0,0,0,59800.0,68863600.0,1.0,1164.0,1164.0,1143.0,1143.0,59800.0
2021-08-20,65070,1150.0,1150.0,1120.0,1120.0,0,0,66300.0,74856600.0,1.0,1150.0,1150.0,1120.0,1120.0,66300.0
2021-08-23,65070,1123.0,1145.0,1123.0,1137.0,0,0,81200.0,92349500.0,1.0,1123.0,1145.0,1123.0,1137.0,81200.0
2021-08-24,65070,1131.0,1165.0,1131.0,1161.0,0,0,84200.0,97476400.0,1.0,1131.0,1165.0,1131.0,1161.0,84200.0
2021-08-25,65070,1180.0,1185.0,1168.0,1169.0,0,0,55100.0,64672300.0,1.0,1180.0,1185.0,1168.0,1169.0,55100.0
2021-08-26,65070,1170.0,1186.0,1165.0,1180.0,0,0,57700.0,67967700.0,1.0,1170.0,1186.0,1165.0,1180.0,57700.0
2021-08-27,65070,1180.0,1184.0,1170.0,1175.0,0,0,19600.0,23025200.0,1.0,1180.0,1184.0,1170.0,1175.0,19600.0
2021-08-30,65070,1182.0,1202.0,1182.0,1198.0,0,0,46800.0,55972400.0,1.0,1182.0,1202.0,1182.0,1198.0,46800.0
2021-08-31,65070,1198.0,1206.0,1180.0,1196.0,0,0,41800.0,49972300.0,1.0,1198.0,1206.0,1180.0,1196.0,41800.0
2021-09-01,65070,1207.0,1209.0,1190.0,1192.0,0,0,31400.0,37587600.0,1.0,1207.0,1209.0,1190.0,1192.0,31400.0
2021-09-02,65070,1195.0,1209.0,1190.0,1200.0,0,0,47000.0,56342500.0,1.0,1195.0,1209.0,1190.0,1200.0,47000.0
2021-09-03,65070,1202.0,1231.0,1202.0,1220.0,0,0,89400.0,109143300.0,1.0,1202.0,1231.0,1202.0,1220.0,89400.0
2021-09-06,65070,1231.0,1234.0,1220.0,1234.0,0,0,62000.0,76220400.0,1.0,1231.0,1234.0,1220.0,1234.0,62000.0
2021-09-07,65070,1234.0,1247.0,1230.0,1235.0,0,0,73300.0,90650400.0,1.0,1234.0,1247.0,1230.0,1235.0,73300.0
2021-09-08,65070,1238.0,1261.0,1237.0,1261.0,0,0,95600.0,119689100.0,1.0,1238.0,1261.0,1237.0,1261.0,95600.0
2021-09-09,65070,1243.0,1261.0,1242.0,1251.0,0,0,48200.0,60354600.0,1.0,1243.0,1261.0,1242.0,1251.0,48200.0
2021-09-10,65070,1246.0,1261.0,1242.0,1255.0,0,0,88800.0,110869900.0,1.0,1246.0,1261.0,1242.0,1255.0,88800.0
2021-09-13,65070,1243.0,1271.0,1239.0,1269.0,0,0,52300.0,65962600.0,1.0,1243.0,1271.0,1239.0,1269.0,52300.0
2021-09-14,65070,1280.0,1320.0,1279.0,1320.0,0,0,209300.0,272203400.0,1.0,1280.0,1320.0,1279.0,1320.0,209300.0
2021-09-15,65070,1304.0,1304.0,1256.0,1261.0,0,0,93000.0,117951000.0,1.0,1304.0,1304.0,1256.0,1261.0,93000.0
2021-09-16,65070,1263.0,1270.0,1240.0,1259.0,0,0,93600.0,117247500.0,1.0,1263.0,1270.0,1240.0,1259.0,93600.0
2021-09-17,65070,1249.0,1273.0,1247.0,1273.0,0,0,72600.0,91952100.0,1.0,1249.0,1273.0,1247.0,1273.0,72600.0
2021-09-21,65070,1234.0,1242.0,1222.0,1229.0,0,0,58500.0,72118300.0,1.0,1234.0,1242.0,1222.0,1229.0,58500.0
2021-09-22,65070,1229.0,1233.0,1216.0,1217.0,0,0,75500.0,92222100.0,1.0,1229.0,1233.0,1216.0,1217.0,75500.0
2021-09-24,65070,1236.0,1265.0,1236.0,1254.0,0,0,65200.0,81788400.0,1.0,1236.0,1265.0,1236.0,1254.0,65200.0
2021-09-27,65070,1245.0,1254.0,1225.0,1228.0,0,0,78100.0,96645400.0,1.0,1245.0,1254.0,1225.0,1228.0,78100.0
2021-09-28,65070,1228.0,1243.0,1217.0,1243.0,0,0,53500.0,66003900.0,1.0,1228.0,1243.0,1217.0,1243.0,53500.0
2021-09-29,65070,1220.0,1237.0,1203.0,1219.0,0,0,65900.0,79900800.0,1.0,1220.0,1237.0,1203.0,1219.0,65900.0
2021-09-30,65070,1226.0,1241.0,1216.0,1217.0,0,0,53700.0,65606100.0,1.0,1226.0,1241.0,1216.0,1217.0,53700.0
2021-10-01,65070,1205.0,1217.0,1182.0,1185.0,0,0,117500.0,139923100.0,1.0,1205.0,1217.0,1182.0,1185.0,117500.0
2021-10-04,65070,1194.0,1198.0,1166.0,1170.0,0,0,44000.0,51686700.0,1.0,1194.0,1198.0,1166.0,1170.0,44000.0
2021-10-05,65070,1151.0,1161.0,1137.0,1149.0,0,0,54800.0,62950900.0,1.0,1151.0,1161.0,1137.0,1149.0,54800.0
2021-10-06,65070,1151.0,1186.0,1151.0,1160.0,0,0,65400.0,76224900.0,1.0,1151.0,1186.0,1151.0,1160.0,65400.0
2021-10-07,65070,1169.0,1174.0,1141.0,1141.0,0,0,41700.0,48137900.0,1.0,1169.0,1174.0,1141.0,1141.0,41700.0
2021-10-08,65070,1164.0,1170.0,1148.0,1149.0,0,0,44700.0,51784600.0,1.0,1164.0,1170.0,1148.0,1149.0,44700.0
2021-10-11,65070,1150.0,1165.0,1143.0,1163.0,0,0,59500.0,68753400.0,1.0,1150.0,1165.0,1143.0,1163.0,59500.0
2021-10-12,65070,1150.0,1152.0,1140.0,1143.0,0,0,52700.0,60372600.0,1.0,1150.0,1152.0,1140.0,1143.0,52700.0
2021-10-13,65070,1140.0,1146.0,1127.0,1127.0,0,0,54000.0,61211200.0,1.0,1140.0,1146.0,1127.0,1127.0,54000.0
2021-10-14,65070,1132.0,1144.0,1123.0,1144.0,0,0,96200.0,108982800.0,1.0,1132.0,1144.0,1123.0,1144.0,96200.0
2021-10-15,65070,1155.0,1191.0,1155.0,1190.0,0,0,82500.0,96630100.0,1.0,1155.0,1191.0,1155.0,1190.0,82500.0
2021-10-18,65070,1187.0,1190.0,1169.0,1186.0,0,0,59700.0,70571000.0,1.0,1187.0,1190.0,1169.0,1186.0,59700.0
2021-10-19,65070,1185.0,1188.0,1173.0,1183.0,0,0,30000.0,35406100.0,1.0,1185.0,1188.0,1173.0,1183.0,30000.0
2021-10-20,65070,1200.0,1203.0,1188.0,1199.0,0,0,71600.0,85674700.0,1.0,1200.0,1203.0,1188.0,1199.0,71600.0
2021-10-21,65070,1199.0,1202.0,1180.0,1180.0,0,0,42900.0,50943400.0,1.0,1199.0,1202.0,1180.0,1180.0,42900.0
2021-10-22,65070,1168.0,1390.0,1163.0,1354.0,0,0,1059600.0,1391471300.0,1.0,1168.0,1390.0,1163.0,1354.0,1059600.0
2021-10-25,65070,1337.0,1348.0,1273.0,1282.0,0,0,685800.0,893336700.0,1.0,1337.0,1348.0,1273.0,1282.0,685800.0
2021-10-26,65070,1301.0,1339.0,1295.0,1321.0,0,0,278400.0,367018000.0,1.0,1301.0,1339.0,1295.0,1321.0,278400.0
2021-10-27,65070,1315.0,1319.0,1289.0,1313.0,0,0,177600.0,232007500.0,1.0,1315.0,1319.0,1289.0,1313.0,177600.0
2021-10-28,65070,1284.0,1322.0,1273.0,1308.0,0,0,293700.0,382920400.0,1.0,1284.0,1322.0,1273.0,1308.0,293700.0
2021-10-29,65070,1302.0,1321.0,1293.0,1310.0,0,0,120800.0,157853000.0,1.0,1302.0,1321.0,1293.0,1310.0,120800.0
2021-11-01,65070,1324.0,1353.0,1311.0,1342.0,0,0,211300.0,282264800.0,1.0,1324.0,1353.0,1311.0,1342.0,211300.0
2021-11-02,65070,1350.0,1350.0,1299.0,1310.0,0,0,146800.0,193652500.0,1.0,1350.0,1350.0,1299.0,1310.0,146800.0
2021-11-04,65070,1315.0,1356.0,1304.0,1356.0,0,0,203900.0,273049900.0,1.0,1315.0,1356.0,1304.0,1356.0,203900.0
2021-11-05,65070,1350.0,1372.0,1329.0,1364.0,0,0,280700.0,379058500.0,1.0,1350.0,1372.0,1329.0,1364.0,280700.0
2021-11-08,65070,1350.0,1388.0,1333.0,1374.0,0,0,171600.0,235072000.0,1.0,1350.0,1388.0,1333.0,1374.0,171600.0
2021-11-09,65070,1364.0,1364.0,1328.0,1332.0,0,0,163400.0,218623900.0,1.0,1364.0,1364.0,1328.0,1332.0,163400.0
2021-11-10,65070,1337.0,1366.0,1326.0,1342.0,0,0,85500.0,115260200.0,1.0,1337.0,1366.0,1326.0,1342.0,85500.0
2021-11-11,65070,1332.0,1345.0,1317.0,1321.0,0,0,84300.0,112121700.0,1.0,1332.0,1345.0,1317.0,1321.0,84300.0
2021-11-12,65070,1327.0,1344.0,1300.0,1305.0,0,0,219600.0,288153200.0,1.0,1327.0,1344.0,1300.0,1305.0,219600.0
2021-11-15,65070,1307.0,1338.0,1307.0,1329.0,0,0,138700.0,184441200.0,1.0,1307.0,1338.0,1307.0,1329.0,138700.0
2021-11-16,65070,1327.0,1344.0,1315.0,1319.0,0,0,122500.0,162897700.0,1.0,1327.0,1344.0,1315.0,1319.0,122500.0
2021-11-17,65070,1309.0,1318.0,1294.0,1306.0,0,0,133300.0,174252700.0,1.0,1309.0,1318.0,1294.0,1306.0,133300.0
2021-11-18,65070,1299.0,1339.0,1299.0,1335.0,0,0,104800.0,139216000.0,1.0,1299.0,1339.0,1299.0,1335.0,104800.0
2021-11-19,65070,1345.0,1350.0,1328.0,1350.0,0,0,115800.0,155467500.0,1.0,1345.0,1350.0,1328.0,1350.0,115800.0
2021-11-22,65070,1345.0,1363.0,1321.0,1362.0,0,0,105700.0,142303300.0,1.0,1345.0,1363.0,1321.0,1362.0,105700.0
2021-11-24,65070,1352.0,1359.0,1315.0,1323.0,0,0,150100.0,199972900.0,1.0,1352.0,1359.0,1315.0,1323.0,150100.0
2021-11-25,65070,1345.0,1360.0,1325.0,1334.0,0,0,106500.0,142421000.0,1.0,1345.0,1360.0,1325.0,1334.0,106500.0
2021-11-26,65070,1314.0,1323.0,1252.0,1271.0,0,0,248400.0,315993300.0,1.0,1314.0,1323.0,1252.0,1271.0,248400.0
2021-11-29,65070,1242.0,1266.0,1225.0,1235.0,0,0,177500.0,220807600.0,1.0,1242.0,1266.0,1225.0,1235.0,177500.0
2021-11-30,65070,1265.0,1272.0,1236.0,1261.0,0,0,840500.0,1057360100.0,1.0,1265.0,1272.0,1236.0,1261.0,840500.0
2021-12-01,65070,1236.0,1281.0,1207.0,1269.0,0,0,206200.0,258011700.0,1.0,1236.0,1281.0,1207.0,1269.0,206200.0
2021-12-02,65070,1258.0,1293.0,1248.0,1263.0,0,0,123800.0,157315100.0,1.0,1258.0,1293.0,1248.0,1263.0,123800.0
2021-12-03,65070,1266.0,1279.0,1254.0,1275.0,0,0,72800.0,92383600.0,1.0,1266.0,1279.0,1254.0,1275.0,72800.0
2021-12-06,65070,1288.0,1305.0,1276.0,1280.0,0,0,100300.0,129244600.0,1.0,1288.0,1305.0,1276.0,1280.0,100300.0
2021-12-07,65070,1294.0,1298.0,1278.0,1296.0,0,0,119200.0,153801800.0,1.0,1294.0,1298.0,1278.0,1296.0,119200.0
2021-12-08,65070,1298.0,1332.0,1297.0,1321.0,0,0,158200.0,208216200.0,1.0,1298.0,1332.0,1297.0,1321.0,158200.0
2021-12-09,65070,1321.0,1337.0,1310.0,1310.0,0,0,63700.0,84049800.0,1.0,1321.0,1337.0,1310.0,1310.0,63700.0
2021-12-10,65070,1310.0,1319.0,1292.0,1299.0,0,0,92000.0,119987800.0,1.0,1310.0,1319.0,1292.0,1299.0,92000.0
2021-12-13,65070,1308.0,1317.0,1294.0,1313.0,0,0,60400.0,79001700.0,1.0,1308.0,1317.0,1294.0,1313.0,60400.0
2021-12-14,65070,1308.0,1308.0,1289.0,1297.0,0,0,73200.0,94848100.0,1.0,1308.0,1308.0,1289.0,1297.0,73200.0
2021-12-15,65070,1299.0,1324.0,1298.0,1304.0,0,0,65500.0,85651700.0,1.0,1299.0,1324.0,1298.0,1304.0,65500.0
2021-12-16,65070,1319.0,1326.0,1310.0,1321.0,0,0,68200.0,89997100.0,1.0,1319.0,1326.0,1310.0,1321.0,68200.0
2021-12-17,65070,1316.0,1320.0,1300.0,1309.0,0,0,58500.0,76566200.0,1.0,1316.0,1320.0,1300.0,1309.0,58500.0
2021-12-20,65070,1299.0,1299.0,1239.0,1243.0,0,0,120500.0,151479300.0,1.0,1299.0,1299.0,1239.0,1243.0,120500.0
2021-12-21,65070,1256.0,1279.0,1239.0,1247.0,0,0,87200.0,109455000.0,1.0,1256.0,1279.0,1239.0,1247.0,87200.0
2021-12-22,65070,1262.0,1277.0,1256.0,1275.0,0,0,74700.0,94875100.0,1.0,1262.0,1277.0,1256.0,1275.0,74700.0
2021-12-23,65070,1275.0,1287.0,1272.0,1280.0,0,0,45900.0,58639400.0,1.0,1275.0,1287.0,1272.0,1280.0,45900.0
2021-12-24,65070,1278.0,1294.0,1277.0,1289.0,0,0,54100.0,69664000.0,1.0,1278.0,1294.0,1277.0,1289.0,54100.0
2021-12-27,65070,1289.0,1297.0,1277.0,1286.0,0,0,60300.0,77657600.0,1.0,1289.0,1297.0,1277.0,1286.0,60300.0
2021-12-28,65070,1298.0,1320.0,1298.0,1317.0,0,0,78700.0,103323700.0,1.0,1298.0,1320.0,1298.0,1317.0,78700.0
2021-12-29,65070,1317.0,1335.0,1314.0,1327.0,0,0,72500.0,96018600.0,1.0,1317.0,1335.0,1314.0,1327.0,72500.0
2021-12-30,65070,1312.0,1318.0,1293.0,1312.0,0,0,76000.0,99506600.0,1.0,1312.0,1318.0,1293.0,1312.0,76000.0
2022-01-04,65070,1334.0,1335.0,1312.0,1335.0,0,0,44700.0,59315600.0,1.0,1334.0,1335.0,1312.0,1335.0,44700.0
2022-01-05,65070,1334.0,1340.0,1324.0,1336.0,0,0,66000.0,88071800.0,1.0,1334.0,1340.0,1324.0,1336.0,66000.0
2022-01-06,65070,1330.0,1330.0,1300.0,1300.0,0,0,55100.0,72155100.0,1.0,1330.0,1330.0,1300.0,1300.0,55100.0
2022-01-07,65070,1308.0,1314.0,1276.0,1284.0,0,0,53500.0,68841100.0,1.0,1308.0,1314.0,1276.0,1284.0,53500.0
2022-01-11,65070,1285.0,1285.0,1260.0,1273.0,0,0,65900.0,83654100.0,1.0,1285.0,1285.0,1260.0,1273.0,65900.0
2022-01-12,65070,1289.0,1304.0,1286.0,1287.0,0,0,41800.0,54020400.0,1.0,1289.0,1304.0,1286.0,1287.0,41800.0
2022-01-13,65070,1293.0,1294.0,1271.0,1272.0,0,0,45500.0,58076200.0,1.0,1293.0,1294.0,1271.0,1272.0,45500.0
2022-01-14,65070,1267.0,1269.0,1250.0,1262.0,0,0,82600.0,104057800.0,1.0,1267.0,1269.0,1250.0,1262.0,82600.0
2022-01-17,65070,1275.0,1279.0,1247.0,1247.0,0,0,48900.0,61450200.0,1.0,1275.0,1279.0,1247.0,1247.0,48900.0
2022-01-18,65070,1248.0,1254.0,1223.0,1235.0,0,0,101300.0,125288800.0,1.0,1248.0,1254.0,1223.0,1235.0,101300.0
2022-01-19,65070,1222.0,1236.0,1196.0,1205.0,0,0,161000.0,194979200.0,1.0,1222.0,1236.0,1196.0,1205.0,161000.0
2022-01-20,65070,1197.0,1220.0,1191.0,1210.0,0,0,64400.0,77808900.0,1.0,1197.0,1220.0,1191.0,1210.0,64400.0
2022-01-21,65070,1193.0,1201.0,1173.0,1189.0,0,0,82800.0,97946400.0,1.0,1193.0,1201.0,1173.0,1189.0,82800.0
2022-01-24,65070,1185.0,1209.0,1174.0,1205.0,0,0,40100.0,47930000.0,1.0,1185.0,1209.0,1174.0,1205.0,40100.0
2022-01-25,65070,1207.0,1207.0,1161.0,1176.0,0,0,71000.0,83594800.0,1.0,1207.0,1207.0,1161.0,1176.0,71000.0
2022-01-26,65070,1180.0,1197.0,1161.0,1177.0,0,0,75900.0,89627000.0,1.0,1180.0,1197.0,1161.0,1177.0,75900.0
2022-01-27,65070,1185.0,1194.0,1147.0,1157.0,0,0,120500.0,140117700.0,1.0,1185.0,1194.0,1147.0,1157.0,120500.0
2022-01-28,65070,1164.0,1189.0,1156.0,1189.0,0,0,77400.0,90941600.0,1.0,1164.0,1189.0,1156.0,1189.0,77400.0
2022-01-31,65070,1197.0,1209.0,1183.0,1201.0,0,0,49500.0,59319300.0,1.0,1197.0,1209.0,1183.0,1201.0,49500.0
2022-02-01,65070,1214.0,1224.0,1193.0,1198.0,0,0,47300.0,57120600.0,1.0,1214.0,1224.0,1193.0,1198.0,47300.0
2022-02-02,65070,1210.0,1224.0,1198.0,1221.0,0,0,45000.0,54711500.0,1.0,1210.0,1224.0,1198.0,1221.0,45000.0
2022-02-03,65070,1220.0,1316.0,1198.0,1272.0,0,0,339200.0,430947200.0,1.0,1220.0,1316.0,1198.0,1272.0,339200.0
2022-02-04,65070,1285.0,1294.0,1241.0,1258.0,0,0,147200.0,185332600.0,1.0,1285.0,1294.0,1241.0,1258.0,147200.0
2022-02-07,65070,1252.0,1266.0,1236.0,1261.0,0,0,58400.0,73295700.0,1.0,1252.0,1266.0,1236.0,1261.0,58400.0
2022-02-08,65070,1267.0,1287.0,1262.0,1276.0,0,0,55800.0,71173000.0,1.0,1267.0,1287.0,1262.0,1276.0,55800.0
2022-02-09,65070,1288.0,1307.0,1279.0,1294.0,0,0,77500.0,100520100.0,1.0,1288.0,1307.0,1279.0,1294.0,77500.0
2022-02-10,65070,1303.0,1304.0,1286.0,1303.0,0,0,55000.0,71318300.0,1.0,1303.0,1304.0,1286.0,1303.0,55000.0
2022-02-14,65070,1280.0,1293.0,1276.0,1285.0,0,0,100300.0,128802500.0,1.0,1280.0,1293.0,1276.0,1285.0,100300.0
2022-02-15,65070,1285.0,1314.0,1285.0,1300.0,0,0,96600.0,125939500.0,1.0,1285.0,1314.0,1285.0,1300.0,96600.0
2022-02-16,65070,1314.0,1330.0,1311.0,1330.0,0,0,99500.0,131588600.0,1.0,1314.0,1330.0,1311.0,1330.0,99500.0
2022-02-17,65070,1320.0,1330.0,1309.0,1319.0,0,0,43600.0,57565200.0,1.0,1320.0,1330.0,1309.0,1319.0,43600.0
2022-02-18,65070,1295.0,1316.0,1281.0,1313.0,0,0,44900.0,58607800.0,1.0,1295.0,1316.0,1281.0,1313.0,44900.0
2022-02-21,65070,1289.0,1301.0,1279.0,1280.0,0,0,51800.0,66627500.0,1.0,1289.0,1301.0,1279.0,1280.0,51800.0
2022-02-22,65070,1268.0,1281.0,1256.0,1278.0,0,0,61700.0,78468800.0,1.0,1268.0,1281.0,1256.0,1278.0,61700.0
2022-02-24,65070,1261.0,1264.0,1243.0,1258.0,0,0,62000.0,77703600.0,1.0,1261.0,1264.0,1243.0,1258.0,62000.0
2022-02-25,65070,1267.0,1282.0,1260.0,1281.0,0,0,65200.0,83045000.0,1.0,1267.0,1282.0,1260.0,1281.0,65200.0
2022-02-28,65070,1281.0,1310.0,1275.0,1310.0,0,0,78100.0,101365000.0,1.0,1281.0,1310.0,1275.0,1310.0,78100.0
2022-03-01,65070,1310.0,1326.0,1298.0,1315.0,0,0,109000.0,143060900.0,1.0,1310.0,1326.0,1298.0,1315.0,109000.0
2022-03-02,65070,1300.0,1328.0,1285.0,1317.0,0,0,122400.0,160747700.0,1.0,1300.0,1328.0,1285.0,1317.0,122400.0
2022-03-03,65070,1330.0,1365.0,1324.0,1327.0,0,0,144900.0,194454100.0,1.0,1330.0,1365.0,1324.0,1327.0,144900.0
2022-03-04,65070,1317.0,1317.0,1282.0,1289.0,0,0,75200.0,97090400.0,1.0,1317.0,1317.0,1282.0,1289.0,75200.0
2022-03-07,65070,1287.0,1293.0,1249.0,1253.0,0,0,88800.0,111643000.0,1.0,1287.0,1293.0,1249.0,1253.0,88800.0
2022-03-08,65070,1237.0,1238.0,1202.0,1215.0,0,0,87400.0,106637600.0,1.0,1237.0,1238.0,1202.0,1215.0,87400.0
2022-03-09,65070,1230.0,1245.0,1217.0,1220.0,0,0,61700.0,75721200.0,1.0,1230.0,1245.0,1217.0,1220.0,61700.0
2022-03-10,65070,1280.0,1287.0,1257.0,1279.0,0,0,105100.0,134251200.0,1.0,1280.0,1287.0,1257.0,1279.0,105100.0
2022-03-11,65070,1266.0,1270.0,1249.0,1256.0,0,0,56400.0,71042800.0,1.0,1266.0,1270.0,1249.0,1256.0,56400.0
2022-03-14,65070,1272.0,1283.0,1260.0,1273.0,0,0,35600.0,45297300.0,1.0,1272.0,1283.0,1260.0,1273.0,35600.0
2022-03-15,65070,1273.0,1297.0,1270.0,1290.0,0,0,64900.0,83486400.0,1.0,1273.0,1297.0,1270.0,1290.0,64900.0
2022-03-16,65070,1302.0,1303.0,1280.0,1286.0,0,0,51700.0,66663100.0,1.0,1302.0,1303.0,1280.0,1286.0,51700.0
2022-03-17,65070,1298.0,1312.0,1288.0,1312.0,0,0,99900.0,130285100.0,1.0,1298.0,1312.0,1288.0,1312.0,99900.0
2022-03-18,65070,1313.0,1332.0,1303.0,1332.0,0,0,121900.0,161073900.0,1.0,1313.0,1332.0,1303.0,1332.0,121900.0
2022-03-22,65070,1333.0,1338.0,1313.0,1320.0,0,0,90700.0,119770900.0,1.0,1333.0,1338.0,1313.0,1320.0,90700.0
2022-03-23,65070,1334.0,1364.0,1330.0,1349.0,0,0,120400.0,162620700.0,1.0,1334.0,1364.0,1330.0,1349.0,120400.0
2022-03-24,65070,1340.0,1347.0,1318.0,1347.0,0,0,58500.0,78114400.0,1.0,1340.0,1347.0,1318.0,1347.0,58500.0
2022-03-25,65070,1360.0,1360.0,1334.0,1342.0,0,0,71800.0,96508300.0,1.0,1360.0,1360.0,1334.0,1342.0,71800.0
2022-03-28,65070,1343.0,1354.0,1334.0,1342.0,0,0,39100.0,52555700.0,1.0,1343.0,1354.0,1334.0,1342.0,39100.0
2022-03-29,65070,1345.0,1345.0,1330.0,1338.0,0,0,54800.0,73239600.0,1.0,1345.0,1345.0,1330.0,1338.0,54800.0
2022-03-30,65070,1320.0,1320.0,1284.0,1297.0,0,0,88500.0,114564400.0,1.0,1320.0,1320.0,1284.0,1297.0,88500.0
2022-03-31,65070,1314.0,1345.0,1302.0,1332.0,0,0,150000.0,199807700.0,1.0,1314.0,1345.0,1302.0,1332.0,150000.0
2022-04-01,65070,1310.0,1344.0,1308.0,1338.0,0,0,70000.0,93297800.0,1.0,1310.0,1344.0,1308.0,1338.0,70000.0
2022-04-04,65070,1337.0,1347.0,1323.0,1325.0,0,0,58900.0,78462200.0,1.0,1337.0,1347.0,1323.0,1325.0,58900.0
2022-04-05,65070,1345.0,1346.0,1330.0,1335.0,0,0,65800.0,88004900.0,1.0,1345.0,1346.0,1330.0,1335.0,65800.0
2022-04-06,65070,1325.0,1329.0,1301.0,1303.0,0,0,55000.0,71951600.0,1.0,1325.0,1329.0,1301.0,1303.0,55000.0
2022-04-07,65070,1284.0,1284.0,1257.0,1262.0,0,0,62100.0,78602800.0,1.0,1284.0,1284.0,1257.0,1262.0,62100.0
2022-04-08,65070,1290.0,1292.0,1263.0,1271.0,0,0,74100.0,94401500.0,1.0,1290.0,1292.0,1263.0,1271.0,74100.0
2022-04-11,65070,1270.0,1274.0,1246.0,1251.0,0,0,70800.0,88845000.0,1.0,1270.0,1274.0,1246.0,1251.0,70800.0
2022-04-12,65070,1245.0,1251.0,1234.0,1235.0,0,0,68000.0,84392000.0,1.0,1245.0,1251.0,1234.0,1235.0,68000.0
2022-04-13,65070,1241.0,1266.0,1241.0,1266.0,0,0,59800.0,75328800.0,1.0,1241.0,1266.0,1241.0,1266.0,59800.0
2022-04-14,65070,1267.0,1280.0,1267.0,1273.0,0,0,37400.0,47633500.0,1.0,1267.0,1280.0,1267.0,1273.0,37400.0
2022-04-15,65070,1255.0,1261.0,1243.0,1248.0,0,0,55400.0,69196600.0,1.0,1255.0,1261.0,1243.0,1248.0,55400.0
2022-04-18,65070,1248.0,1255.0,1230.0,1251.0,0,0,45500.0,56638900.0,1.0,1248.0,1255.0,1230.0,1251.0,45500.0
2022-04-19,65070,1260.0,1269.0,1256.0,1258.0,0,0,44500.0,56165800.0,1.0,1260.0,1269.0,1256.0,1258.0,44500.0
2022-04-20,65070,1268.0,1277.0,1257.0,1266.0,0,0,68300.0,86595400.0,1.0,1268.0,1277.0,1257.0,1266.0,68300.0
2022-04-21,65070,1266.0,1295.0,1266.0,1288.0,0,0,73700.0,94867300.0,1.0,1266.0,1295.0,1266.0,1288.0,73700.0
2022-04-22,65070,1261.0,1276.0,1246.0,1258.0,0,0,75600.0,95182200.0,1.0,1261.0,1276.0,1246.0,1258.0,75600.0
2022-04-25,65070,1233.0,1258.0,1230.0,1241.0,0,0,90400.0,112244500.0,1.0,1233.0,1258.0,1230.0,1241.0,90400.0
2022-04-26,65070,1251.0,1262.0,1245.0,1245.0,0,0,57200.0,71639100.0,1.0,1251.0,1262.0,1245.0,1245.0,57200.0
2022-04-27,65070,1232.0,1233.0,1217.0,1225.0,0,0,174300.0,213519500.0,1.0,1232.0,1233.0,1217.0,1225.0,174300.0
2022-04-28,65070,1226.0,1265.0,1226.0,1265.0,0,0,57400.0,72014700.0,1.0,1226.0,1265.0,1226.0,1265.0,57400.0
2022-05-02,65070,1265.0,1286.0,1253.0,1276.0,0,0,89500.0,113678900.0,1.0,1265.0,1286.0,1253.0,1276.0,89500.0
2022-05-06,65070,1287.0,1298.0,1270.0,1289.0,0,0,83300.0,107321800.0,1.0,1287.0,1298.0,1270.0,1289.0,83300.0
2022-05-09,65070,1275.0,1295.0,1266.0,1270.0,0,0,66600.0,85042700.0,1.0,1275.0,1295.0,1266.0,1270.0,66600.0
2022-05-10,65070,1260.0,1272.0,1241.0,1255.0,0,0,57100.0,71845200.0,1.0,1260.0,1272.0,1241.0,1255.0,57100.0
2022-05-11,65070,1243.0,1251.0,1234.0,1238.0,0,0,45700.0,56709100.0,1.0,1243.0,1251.0,1234.0,1238.0,45700.0
2022-05-12,65070,1225.0,1249.0,1220.0,1232.0,0,0,75600.0,93322200.0,1.0,1225.0,1249.0,1220.0,1232.0,75600.0
2022-05-13,65070,1253.0,1364.0,1252.0,1332.0,0,0,226300.0,298121700.0,1.0,1253.0,1364.0,1252.0,1332.0,226300.0
2022-05-16,65070,1345.0,1345.0,1291.0,1309.0,0,0,130500.0,170770400.0,1.0,1345.0,1345.0,1291.0,1309.0,130500.0
2022-05-17,65070,1304.0,1337.0,1300.0,1332.0,0,0,79300.0,105105100.0,1.0,1304.0,1337.0,1300.0,1332.0,79300.0
2022-05-18,65070,1327.0,1359.0,1321.0,1347.0,0,0,119100.0,160096900.0,1.0,1327.0,1359.0,1321.0,1347.0,119100.0
2022-05-19,65070,1301.0,1354.0,1300.0,1343.0,0,0,106900.0,142157700.0,1.0,1301.0,1354.0,1300.0,1343.0,106900.0
2022-05-20,65070,1331.0,1355.0,1328.0,1346.0,0,0,73200.0,98423400.0,1.0,1331.0,1355.0,1328.0,1346.0,73200.0
2022-05-23,65070,1350.0,1376.0,1349.0,1354.0,0,0,96100.0,130615800.0,1.0,1350.0,1376.0,1349.0,1354.0,96100.0
2022-05-24,65070,1358.0,1386.0,1354.0,1357.0,0,0,130400.0,178728900.0,1.0,1358.0,1386.0,1354.0,1357.0,130400.0
2022-05-25,65070,1366.0,1374.0,1341.0,1341.0,0,0,138500.0,188157900.0,1.0,1366.0,1374.0,1341.0,1341.0,138500.0
2022-05-26,65070,1343.0,1352.0,1328.0,1344.0,0,0,62500.0,83850900.0,1.0,1343.0,1352.0,1328.0,1344.0,62500.0
2022-05-27,65070,1341.0,1351.0,1332.0,1339.0,0,0,56300.0,75503300.0,1.0,1341.0,1351.0,1332.0,1339.0,56300.0
2022-05-30,65070,1357.0,1371.0,1344.0,1360.0,0,0,159200.0,216717700.0,1.0,1357.0,1371.0,1344.0,1360.0,159200.0
2022-05-31,65070,1364.0,1371.0,1357.0,1359.0,0,0,45500.0,61964200.0,1.0,1364.0,1371.0,1357.0,1359.0,45500.0
2022-06-01,65070,1356.0,1382.0,1355.0,1380.0,0,0,60200.0,82850800.0,1.0,1356.0,1382.0,1355.0,1380.0,60200.0
2022-06-02,65070,1380.0,1383.0,1365.0,1378.0,0,0,38800.0,53345800.0,1.0,1380.0,1383.0,1365.0,1378.0,38800.0
2022-06-03,65070,1391.0,1409.0,1391.0,1402.0,0,0,112200.0,157277700.0,1.0,1391.0,1409.0,1391.0,1402.0,112200.0
2022-06-06,65070,1408.0,1418.0,1400.0,1415.0,0,0,73600.0,103813300.0,1.0,1408.0,1418.0,1400.0,1415.0,73600.0
2022-06-07,65070,1416.0,1450.0,1411.0,1430.0,0,0,168700.0,241886100.0,1.0,1416.0,1450.0,1411.0,1430.0,168700.0
2022-06-08,65070,1445.0,1507.0,1431.0,1485.0,0,0,245800.0,365897100.0,1.0,1445.0,1507.0,1431.0,1485.0,245800.0
2022-06-09,65070,1464.0,1477.0,1456.0,1459.0,0,0,66000.0,96776800.0,1.0,1464.0,1477.0,1456.0,1459.0,66000.0
2022-06-10,65070,1444.0,1445.0,1416.0,1420.0,0,0,105000.0,150073300.0,1.0,1444.0,1445.0,1416.0,1420.0,105000.0
2022-06-13,65070,1417.0,1428.0,1397.0,1402.0,0,0,68000.0,95792700.0,1.0,1417.0,1428.0,1397.0,1402.0,68000.0
2022-06-14,65070,1374.0,1393.0,1373.0,1390.0,0,0,51400.0,71243700.0,1.0,1374.0,1393.0,1373.0,1390.0,51400.0
2022-06-15,65070,1390.0,1402.0,1373.0,1373.0,0,0,55700.0,76984200.0,1.0,1390.0,1402.0,1373.0,1373.0,55700.0
2022-06-16,65070,1381.0,1398.0,1367.0,1370.0,0,0,34500.0,47522500.0,1.0,1381.0,1398.0,1367.0,1370.0,34500.0
2022-06-17,65070,1322.0,1354.0,1319.0,1339.0,0,0,89700.0,119890900.0,1.0,1322.0,1354.0,1319.0,1339.0,89700.0
2022-06-20,65070,1349.0,1349.0,1306.0,1308.0,0,0,54600.0,71840900.0,1.0,1349.0,1349.0,1306.0,1308.0,54600.0
2022-06-21,65070,1314.0,1350.0,1314.0,1345.0,0,0,80600.0,108057800.0,1.0,1314.0,1350.0,1314.0,1345.0,80600.0
2022-06-22,65070,1354.0,1355.0,1315.0,1317.0,0,0,119700.0,158259900.0,1.0,1354.0,1355.0,1315.0,1317.0,119700.0
2022-06-23,65070,1319.0,1350.0,1317.0,1321.0,0,0,51300.0,68179400.0,1.0,1319.0,1350.0,1317.0,1321.0,51300.0
2022-06-24,65070,1321.0,1360.0,1311.0,1357.0,0,0,94900.0,127633500.0,1.0,1321.0,1360.0,1311.0,1357.0,94900.0
2022-06-27,65070,1386.0,1388.0,1362.0,1378.0,0,0,71300.0,97895900.0,1.0,1386.0,1388.0,1362.0,1378.0,71300.0
2022-06-28,65070,1378.0,1378.0,1361.0,1375.0,0,0,72600.0,99604700.0,1.0,1378.0,1378.0,1361.0,1375.0,72600.0
2022-06-29,65070,1368.0,1369.0,1350.0,1358.0,0,0,140000.0,190105600.0,1.0,1368.0,1369.0,1350.0,1358.0,140000.0
2022-06-30,65070,1357.0,1363.0,1331.0,1338.0,0,0,101200.0,135897800.0,1.0,1357.0,1363.0,1331.0,1338.0,101200.0
2022-07-01,65070,1343.0,1359.0,1322.0,1335.0,0,0,89200.0,118864300.0,1.0,1343.0,1359.0,1322.0,1335.0,89200.0
2022-07-04,65070,1364.0,1369.0,1349.0,1360.0,0,0,69400.0,94393000.0,1.0,1364.0,1369.0,1349.0,1360.0,69400.0
2022-07-05,65070,1370.0,1370.0,1346.0,1347.0,0,0,49000.0,66225200.0,1.0,1370.0,1370.0,1346.0,1347.0,49000.0
2022-07-06,65070,1340.0,1340.0,1320.0,1331.0,0,0,66400.0,88196000.0,1.0,1340.0,1340.0,1320.0,1331.0,66400.0
2022-07-07,65070,1342.0,1361.0,1335.0,1354.0,0,0,80200.0,108231200.0,1.0,1342.0,1361.0,1335.0,1354.0,80200.0
2022-07-08,65070,1355.0,1390.0,1355.0,1366.0,0,0,115100.0,158162600.0,1.0,1355.0,1390.0,1355.0,1366.0,115100.0
2022-07-11,65070,1381.0,1398.0,1380.0,1382.0,0,0,59100.0,81960400.0,1.0,1381.0,1398.0,1380.0,1382.0,59100.0
2022-07-12,65070,1385.0,1387.0,1354.0,1355.0,0,0,111100.0,151895700.0,1.0,1385.0,1387.0,1354.0,1355.0,111100.0
2022-07-13,65070,1362.0,1380.0,1358.0,1368.0,0,0,37600.0,51563000.0,1.0,1362.0,1380.0,1358.0,1368.0,37600.0
2022-07-14,65070,1374.0,1389.0,1354.0,1383.0,0,0,52600.0,72435100.0,1.0,1374.0,1389.0,1354.0,1383.0,52600.0
2022-07-15,65070,1383.0,1397.0,1374.0,1394.0,0,0,87300.0,121088500.0,1.0,1383.0,1397.0,1374.0,1394.0,87300.0
2022-07-19,65070,1395.0,1417.0,1389.0,1416.0,0,0,44800.0,63205900.0,1.0,1395.0,1417.0,1389.0,1416.0,44800.0
2022-07-20,65070,1429.0,1449.0,1429.0,1434.0,0,0,92400.0,132694600.0,1.0,1429.0,1449.0,1429.0,1434.0,92400.0
2022-07-21,65070,1424.0,1459.0,1420.0,1452.0,0,0,126700.0,183627600.0,1.0,1424.0,1459.0,1420.0,1452.0,126700.0
2022-07-22,65070,1453.0,1458.0,1446.0,1447.0,0,0,83300.0,120828200.0,1.0,1453.0,1458.0,1446.0,1447.0,83300.0
2022-07-25,65070,1443.0,1445.0,1428.0,1435.0,0,0,51000.0,73264600.0,1.0,1443.0,1445.0,1428.0,1435.0,51000.0
2022-07-26,65070,1440.0,1453.0,1435.0,1445.0,0,0,34000.0,49123500.0,1.0,1440.0,1453.0,1435.0,1445.0,34000.0
2022-07-27,65070,1436.0,1462.0,1435.0,1455.0,0,0,36700.0,53252800.0,1.0,1436.0,1462.0,1435.0,1455.0,36700.0
2022-07-28,65070,1469.0,1472.0,1439.0,1458.0,0,0,78400.0,113943700.0,1.0,1469.0,1472.0,1439.0,1458.0,78400.0
2022-07-29,65070,1464.0,1464.0,1440.0,1442.0,0,0,72800.0,105452800.0,1.0,1464.0,1464.0,1440.0,1442.0,72800.0
2022-08-01,65070,1452.0,1471.0,1447.0,1469.0,0,0,40500.0,59291100.0,1.0,1452.0,1471.0,1447.0,1469.0,40500.0
2022-08-02,65070,1469.0,1469.0,1443.0,1444.0,0,0,35900.0,52022400.0,1.0,1469.0,1469.0,1443.0,1444.0,35900.0
2022-08-03,65070,1453.0,1455.0,1444.0,1448.0,0,0,45700.0,66228300.0,1.0,1453.0,1455.0,1444.0,1448.0,45700.0
2022-08-04,65070,1460.0,1564.0,1430.0,1549.0,0,0,476900.0,719249800.0,1.0,1460.0,1564.0,1430.0,1549.0,476900.0
2022-08-05,65070,1528.0,1579.0,1525.0,1545.0,0,0,260300.0,404267600.0,1.0,1528.0,1579.0,1525.0,1545.0,260300.0
2022-08-08,65070,1540.0,1553.0,1513.0,1527.0,0,0,115900.0,177521100.0,1.0,1540.0,1553.0,1513.0,1527.0,115900.0
2022-08-09,65070,1527.0,1555.0,1515.0,1546.0,0,0,114300.0,175714600.0,1.0,1527.0,1555.0,1515.0,1546.0,114300.0
2022-08-10,65070,1542.0,1542.0,1510.0,1529.0,0,0,66000.0,100581800.0,1.0,1542.0,1542.0,1510.0,1529.0,66000.0
2022-08-12,65070,1556.0,1573.0,1548.0,1559.0,0,0,83200.0,129890600.0,1.0,1556.0,1573.0,1548.0,1559.0,83200.0
2022-08-15,65070,1561.0,1589.0,1561.0,1588.0,0,0,85000.0,134223000.0,1.0,1561.0,1589.0,1561.0,1588.0,85000.0
2022-08-16,65070,1588.0,1588.0,1565.0,1565.0,0,0,50100.0,78736000.0,1.0,1588.0,1588.0,1565.0,1565.0,50100.0
2022-08-17,65070,1569.0,1570.0,1560.0,1563.0,0,0,67200.0,105028800.0,1.0,1569.0,1570.0,1560.0,1563.0,67200.0
2022-08-18,65070,1538.0,1554.0,1537.0,1550.0,0,0,52700.0,81510600.0,1.0,1538.0,1554.0,1537.0,1550.0,52700.0
2022-08-19,65070,1569.0,1573.0,1552.0,1566.0,0,0,36800.0,57608600.0,1.0,1569.0,1573.0,1552.0,1566.0,36800.0
2022-08-22,65070,1542.0,1562.0,1535.0,1541.0,0,0,36300.0,56067800.0,1.0,1542.0,1562.0,1535.0,1541.0,36300.0
2022-08-23,65070,1515.0,1530.0,1515.0,1518.0,0,0,33500.0,50955800.0,1.0,1515.0,1530.0,1515.0,1518.0,33500.0
2022-08-24,65070,1517.0,1520.0,1506.0,1510.0,0,0,58100.0,87829600.0,1.0,1517.0,1520.0,1506.0,1510.0,58100.0
2022-08-25,65070,1509.0,1540.0,1508.0,1534.0,0,0,45200.0,69030800.0,1.0,1509.0,1540.0,1508.0,1534.0,45200.0
2022-08-26,65070,1536.0,1547.0,1534.0,1545.0,0,0,30200.0,46524200.0,1.0,1536.0,1547.0,1534.0,1545.0,30200.0
2022-08-29,65070,1506.0,1525.0,1496.0,1519.0,0,0,61000.0,92489700.0,1.0,1506.0,1525.0,1496.0,1519.0,61000.0
2022-08-30,65070,1521.0,1536.0,1519.0,1532.0,0,0,32000.0,48882000.0,1.0,1521.0,1536.0,1519.0,1532.0,32000.0
2022-08-31,65070,1501.0,1525.0,1500.0,1516.0,0,0,64500.0,97698200.0,1.0,1501.0,1525.0,1500.0,1516.0,64500.0
2022-09-01,65070,1502.0,1507.0,1470.0,1471.0,0,0,93700.0,138780200.0,1.0,1502.0,1507.0,1470.0,1471.0,93700.0
2022-09-02,65070,1485.0,1485.0,1441.0,1448.0,0,0,44500.0,64525100.0,1.0,1485.0,1485.0,1441.0,1448.0,44500.0
2022-09-05,65070,1439.0,1456.0,1439.0,1450.0,0,0,43700.0,63307100.0,1.0,1439.0,1456.0,1439.0,1450.0,43700.0
2022-09-06,65070,1455.0,1468.0,1444.0,1459.0,0,0,76300.0,111263700.0,1.0,1455.0,1468.0,1444.0,1459.0,76300.0
2022-09-07,65070,1457.0,1466.0,1446.0,1463.0,0,0,55700.0,81286900.0,1.0,1457.0,1466.0,1446.0,1463.0,55700.0
2022-09-08,65070,1479.0,1499.0,1473.0,1480.0,0,0,51500.0,76482200.0,1.0,1479.0,1499.0,1473.0,1480.0,51500.0
2022-09-09,65070,1480.0,1486.0,1468.0,1477.0,0,0,52000.0,76843900.0,1.0,1480.0,1486.0,1468.0,1477.0,52000.0
2022-09-12,65070,1497.0,1499.0,1474.0,1489.0,0,0,41100.0,61034400.0,1.0,1497.0,1499.0,1474.0,1489.0,41100.0
2022-09-13,65070,1489.0,1489.0,1472.0,1473.0,0,0,32100.0,47355700.0,1.0,1489.0,1489.0,1472.0,1473.0,32100.0
2022-09-14,65070,1430.0,1448.0,1428.0,1440.0,0,0,72700.0,104670300.0,1.0,1430.0,1448.0,1428.0,1440.0,72700.0
2022-09-15,65070,1447.0,1450.0,1424.0,1440.0,0,0,61800.0,88762400.0,1.0,1447.0,1450.0,1424.0,1440.0,61800.0
2022-09-16,65070,1427.0,1441.0,1419.0,1435.0,0,0,78600.0,112357700.0,1.0,1427.0,1441.0,1419.0,1435.0,78600.0
2022-09-20,65070,1435.0,1450.0,1429.0,1432.0,0,0,25000.0,35872600.0,1.0,1435.0,1450.0,1429.0,1432.0,25000.0
2022-09-21,65070,1422.0,1427.0,1408.0,1409.0,0,0,47400.0,66982800.0,1.0,1422.0,1427.0,1408.0,1409.0,47400.0
2022-09-22,65070,1399.0,1413.0,1394.0,1409.0,0,0,54000.0,75770000.0,1.0,1399.0,1413.0,1394.0,1409.0,54000.0
2022-09-26,65070,1402.0,1402.0,1356.0,1362.0,0,0,79500.0,109266100.0,1.0,1402.0,1402.0,1356.0,1362.0,79500.0
2022-09-27,65070,1374.0,1374.0,1353.0,1353.0,0,0,50500.0,68658000.0,1.0,1374.0,1374.0,1353.0,1353.0,50500.0
2022-09-28,65070,1353.0,1355.0,1335.0,1354.0,0,0,70600.0,95182400.0,1.0,1353.0,1355.0,1335.0,1354.0,70600.0
2022-09-29,65070,1380.0,1380.0,1354.0,1377.0,0,0,64900.0,89099000.0,1.0,1380.0,1380.0,1354.0,1377.0,64900.0
2022-09-30,65070,1359.0,1363.0,1331.0,1342.0,0,0,55400.0,74484700.0,1.0,1359.0,1363.0,1331.0,1342.0,55400.0
2022-10-03,65070,1324.0,1362.0,1324.0,1362.0,0,0,85100.0,114588200.0,1.0,1324.0,1362.0,1324.0,1362.0,85100.0
2022-10-04,65070,1398.0,1408.0,1391.0,1399.0,0,0,80200.0,112172100.0,1.0,1398.0,1408.0,1391.0,1399.0,80200.0
2022-10-05,65070,1418.0,1418.0,1390.0,1394.0,0,0,59700.0,83475000.0,1.0,1418.0,1418.0,1390.0,1394.0,59700.0
2022-10-06,65070,1405.0,1419.0,1401.0,1402.0,0,0,43700.0,61506500.0,1.0,1405.0,1419.0,1401.0,1402.0,43700.0
2022-10-07,65070,1390.0,1422.0,1390.0,1402.0,0,0,80200.0,112550800.0,1.0,1390.0,1422.0,1390.0,1402.0,80200.0
2022-10-11,65070,1376.0,1388.0,1352.0,1354.0,0,0,63900.0,87216400.0,1.0,1376.0,1388.0,1352.0,1354.0,63900.0
2022-10-12,65070,1350.0,1363.0,1332.0,1336.0,0,0,43600.0,58409300.0,1.0,1350.0,1363.0,1332.0,1336.0,43600.0
2022-10-13,65070,1328.0,1348.0,1320.0,1338.0,0,0,83000.0,110964800.0,1.0,1328.0,1348.0,1320.0,1338.0,83000.0
2022-10-14,65070,1365.0,1397.0,1361.0,1381.0,0,0,93300.0,128755100.0,1.0,1365.0,1397.0,1361.0,1381.0,93300.0
2022-10-17,65070,1366.0,1375.0,1356.0,1367.0,0,0,63300.0,86376700.0,1.0,1366.0,1375.0,1356.0,1367.0,63300.0
2022-10-18,65070,1381.0,1387.0,1363.0,1380.0,0,0,97100.0,133424800.0,1.0,1381.0,1387.0,1363.0,1380.0,97100.0
2022-10-19,65070,1374.0,1390.0,1370.0,1385.0,0,0,32400.0,44814500.0,1.0,1374.0,1390.0,1370.0,1385.0,32400.0
2022-10-20,65070,1369.0,1372.0,1347.0,1365.0,0,0,133900.0,181789200.0,1.0,1369.0,1372.0,1347.0,1365.0,133900.0
2022-10-21,65070,1366.0,1373.0,1347.0,1349.0,0,0,99800.0,135377000.0,1.0,1366.0,1373.0,1347.0,1349.0,99800.0
2022-10-24,65070,1375.0,1398.0,1367.0,1370.0,0,0,118700.0,164005800.0,1.0,1375.0,1398.0,1367.0,1370.0,118700.0
2022-10-25,65070,1389.0,1400.0,1373.0,1389.0,0,0,133000.0,184513400.0,1.0,1389.0,1400.0,1373.0,1389.0,133000.0
2022-10-26,65070,1400.0,1400.0,1360.0,1364.0,0,0,164100.0,225235800.0,1.0,1400.0,1400.0,1360.0,1364.0,164100.0
2022-10-27,65070,1364.0,1367.0,1346.0,1348.0,0,0,73100.0,98862400.0,1.0,1364.0,1367.0,1346.0,1348.0,73100.0
2022-10-28,65070,1340.0,1348.0,1321.0,1324.0,0,0,146300.0,194682100.0,1.0,1340.0,1348.0,1321.0,1324.0,146300.0
2022-10-31,65070,1350.0,1358.0,1341.0,1355.0,0,0,70600.0,95387700.0,1.0,1350.0,1358.0,1341.0,1355.0,70600.0
2022-11-01,65070,1363.0,1380.0,1356.0,1366.0,0,0,86300.0,118139900.0,1.0,1363.0,1380.0,1356.0,1366.0,86300.0
2022-11-02,65070,1364.0,1380.0,1359.0,1367.0,0,0,59200.0,81005600.0,1.0,1364.0,1380.0,1359.0,1367.0,59200.0
2022-11-04,65070,1360.0,1365.0,1354.0,1363.0,0,0,98600.0,134153500.0,1.0,1360.0,1365.0,1354.0,1363.0,98600.0
2022-11-07,65070,1382.0,1386.0,1365.0,1370.0,0,0,107700.0,148133800.0,1.0,1382.0,1386.0,1365.0,1370.0,107700.0
2022-11-08,65070,1397.0,1480.0,1393.0,1430.0,0,0,480200.0,688279100.0,1.0,1397.0,1480.0,1393.0,1430.0,480200.0
2022-11-09,65070,1449.0,1465.0,1423.0,1439.0,0,0,194600.0,280402200.0,1.0,1449.0,1465.0,1423.0,1439.0,194600.0
2022-11-10,65070,1420.0,1424.0,1402.0,1404.0,0,0,110400.0,155834900.0,1.0,1420.0,1424.0,1402.0,1404.0,110400.0
2022-11-11,65070,1441.0,1445.0,1419.0,1424.0,0,0,126000.0,179905700.0,1.0,1441.0,1445.0,1419.0,1424.0,126000.0
2022-11-14,65070,1433.0,1433.0,1414.0,1416.0,0,0,85000.0,120849600.0,1.0,1433.0,1433.0,1414.0,1416.0,85000.0
2022-11-15,65070,1413.0,1435.0,1406.0,1429.0,0,0,70800.0,100749800.0,1.0,1413.0,1435.0,1406.0,1429.0,70800.0
2022-11-16,65070,1420.0,1433.0,1404.0,1432.0,0,0,94600.0,134350900.0,1.0,1420.0,1433.0,1404.0,1432.0,94600.0
2022-11-17,65070,1427.0,1433.0,1416.0,1428.0,0,0,55200.0,78620200.0,1.0,1427.0,1433.0,1416.0,1428.0,55200.0
2022-11-18,65070,1452.0,1473.0,1448.0,1451.0,0,0,151300.0,220653900.0,1.0,1452.0,1473.0,1448.0,1451.0,151300.0
2022-11-21,65070,1455.0,1456.0,1442.0,1447.0,0,0,68100.0,98597100.0,1.0,1455.0,1456.0,1442.0,1447.0,68100.0
2022-11-22,65070,1460.0,1476.0,1457.0,1471.0,0,0,77400.0,113786300.0,1.0,1460.0,1476.0,1457.0,1471.0,77400.0
2022-11-24,65070,1498.0,1512.0,1496.0,1499.0,0,0,98000.0,147214100.0,1.0,1498.0,1512.0,1496.0,1499.0,98000.0
2022-11-25,65070,1510.0,1510.0,1490.0,1502.0,0,0,53700.0,80664200.0,1.0,1510.0,1510.0,1490.0,1502.0,53700.0
2022-11-28,65070,1512.0,1533.0,1505.0,1529.0,0,0,103500.0,157729600.0,1.0,1512.0,1533.0,1505.0,1529.0,103500.0
2022-11-29,65070,1506.0,1506.0,1488.0,1496.0,0,0,102800.0,154024800.0,1.0,1506.0,1506.0,1488.0,1496.0,102800.0
2022-11-30,65070,1488.0,1514.0,1485.0,1507.0,0,0,94000.0,141500900.0,1.0,1488.0,1514.0,1485.0,1507.0,94000.0
2022-12-01,65070,1528.0,1528.0,1497.0,1497.0,0,0,83600.0,125847300.0,1.0,1528.0,1528.0,1497.0,1497.0,83600.0
2022-12-02,65070,1495.0,1496.0,1472.0,1474.0,0,0,93000.0,137752500.0,1.0,1495.0,1496.0,1472.0,1474.0,93000.0
2022-12-05,65070,1470.0,1470.0,1442.0,1454.0,0,0,59000.0,85767500.0,1.0,1470.0,1470.0,1442.0,1454.0,59000.0
2022-12-06,65070,1446.0,1449.0,1438.0,1449.0,0,0,67100.0,96901700.0,1.0,1446.0,1449.0,1438.0,1449.0,67100.0
2022-12-07,65070,1437.0,1461.0,1437.0,1455.0,0,0,55700.0,80961900.0,1.0,1437.0,1461.0,1437.0,1455.0,55700.0
2022-12-08,65070,1452.0,1456.0,1440.0,1446.0,0,0,56100.0,81222300.0,1.0,1452.0,1456.0,1440.0,1446.0,56100.0
2022-12-09,65070,1446.0,1474.0,1446.0,1467.0,0,0,58400.0,85437600.0,1.0,1446.0,1474.0,1446.0,1467.0,58400.0
2022-12-12,65070,1467.0,1482.0,1459.0,1470.0,0,0,61200.0,90095100.0,1.0,1467.0,1482.0,1459.0,1470.0,61200.0
2022-12-13,65070,1491.0,1493.0,1478.0,1479.0,0,0,49200.0,73047000.0,1.0,1491.0,1493.0,1478.0,1479.0,49200.0
2022-12-14,65070,1496.0,1496.0,1483.0,1487.0,0,0,31800.0,47319000.0,1.0,1496.0,1496.0,1483.0,1487.0,31800.0
2022-12-15,65070,1487.0,1503.0,1472.0,1501.0,0,0,41300.0,61816800.0,1.0,1487.0,1503.0,1472.0,1501.0,41300.0
2022-12-16,65070,1486.0,1503.0,1482.0,1493.0,0,0,75700.0,113004700.0,1.0,1486.0,1503.0,1482.0,1493.0,75700.0
2022-12-19,65070,1485.0,1508.0,1479.0,1501.0,0,0,63400.0,95064500.0,1.0,1485.0,1508.0,1479.0,1501.0,63400.0
2022-12-20,65070,1495.0,1506.0,1441.0,1452.0,0,0,74900.0,109431400.0,1.0,1495.0,1506.0,1441.0,1452.0,74900.0
2022-12-21,65070,1451.0,1451.0,1421.0,1430.0,0,0,96800.0,139102600.0,1.0,1451.0,1451.0,1421.0,1430.0,96800.0
2022-12-22,65070,1448.0,1448.0,1421.0,1430.0,0,0,51300.0,73319600.0,1.0,1448.0,1448.0,1421.0,1430.0,51300.0
2022-12-23,65070,1422.0,1440.0,1419.0,1431.0,0,0,64500.0,92343600.0,1.0,1422.0,1440.0,1419.0,1431.0,64500.0
2022-12-26,65070,1431.0,1461.0,1431.0,1457.0,0,0,35700.0,51825900.0,1.0,1431.0,1461.0,1431.0,1457.0,35700.0
2022-12-27,65070,1464.0,1471.0,1459.0,1465.0,0,0,31200.0,45693100.0,1.0,1464.0,1471.0,1459.0,1465.0,31200.0
2022-12-28,65070,1465.0,1478.0,1456.0,1478.0,0,0,54200.0,79642300.0,1.0,1465.0,1478.0,1456.0,1478.0,54200.0
2022-12-29,65070,1473.0,1473.0,1456.0,1465.0,0,0,47200.0,69013700.0,1.0,1473.0,1473.0,1456.0,1465.0,47200.0
2022-12-30,65070,1472.0,1490.0,1472.0,1474.0,0,0,40700.0,60237500.0,1.0,1472.0,1490.0,1472.0,1474.0,40700.0
2023-01-04,65070,1481.0,1481.0,1447.0,1448.0,0,0,65400.0,95388000.0,1.0,1481.0,1481.0,1447.0,1448.0,65400.0
2023-01-05,65070,1446.0,1448.0,1430.0,1432.0,0,0,70500.0,101314900.0,1.0,1446.0,1448.0,1430.0,1432.0,70500.0
2023-01-06,65070,1424.0,1436.0,1424.0,1436.0,0,0,81900.0,117171200.0,1.0,1424.0,1436.0,1424.0,1436.0,81900.0
2023-01-10,65070,1457.0,1482.0,1453.0,1470.0,0,0,81400.0,119683200.0,1.0,1457.0,1482.0,1453.0,1470.0,81400.0
2023-01-11,65070,1477.0,1486.0,1471.0,1475.0,0,0,51000.0,75355400.0,1.0,1477.0,1486.0,1471.0,1475.0,51000.0
2023-01-12,65070,1476.0,1496.0,1475.0,1488.0,0,0,73800.0,109837700.0,1.0,1476.0,1496.0,1475.0,1488.0,73800.0
2023-01-13,65070,1488.0,1505.0,1488.0,1493.0,0,0,77200.0,115465600.0,1.0,1488.0,1505.0,1488.0,1493.0,77200.0
2023-01-16,65070,1477.0,1494.0,1458.0,1470.0,0,0,120800.0,178205600.0,1.0,1477.0,1494.0,1458.0,1470.0,120800.0
2023-01-17,65070,1480.0,1496.0,1474.0,1492.0,0,0,69500.0,103312100.0,1.0,1480.0,1496.0,1474.0,1492.0,69500.0
2023-01-18,65070,1497.0,1528.0,1481.0,1518.0,0,0,122400.0,184987700.0,1.0,1497.0,1528.0,1481.0,1518.0,122400.0
2023-01-19,65070,1499.0,1512.0,1495.0,1496.0,0,0,58700.0,88098100.0,1.0,1499.0,1512.0,1495.0,1496.0,58700.0
2023-01-20,65070,1497.0,1516.0,1495.0,1513.0,0,0,42400.0,63989200.0,1.0,1497.0,1516.0,1495.0,1513.0,42400.0
2023-01-23,65070,1532.0,1546.0,1524.0,1540.0,0,0,98800.0,151518900.0,1.0,1532.0,1546.0,1524.0,1540.0,98800.0
2023-01-24,65070,1556.0,1571.0,1555.0,1562.0,0,0,112400.0,175699900.0,1.0,1556.0,1571.0,1555.0,1562.0,112400.0
2023-01-25,65070,1555.0,1567.0,1546.0,1560.0,0,0,76300.0,118941300.0,1.0,1555.0,1567.0,1546.0,1560.0,76300.0
2023-01-26,65070,1561.0,1568.0,1527.0,1546.0,0,0,95700.0,147853100.0,1.0,1561.0,1568.0,1527.0,1546.0,95700.0
2023-01-27,65070,1546.0,1554.0,1536.0,1541.0,0,0,47700.0,73584100.0,1.0,1546.0,1554.0,1536.0,1541.0,47700.0
2023-01-30,65070,1536.0,1544.0,1529.0,1529.0,0,0,51200.0,78434100.0,1.0,1536.0,1544.0,1529.0,1529.0,51200.0
2023-01-31,65070,1529.0,1571.0,1529.0,1561.0,0,0,106700.0,166234800.0,1.0,1529.0,1571.0,1529.0,1561.0,106700.0
2023-02-01,65070,1566.0,1597.0,1566.0,1586.0,0,0,145200.0,230442200.0,1.0,1566.0,1597.0,1566.0,1586.0,145200.0
2023-02-02,65070,1605.0,1618.0,1573.0,1577.0,0,0,98200.0,156727500.0,1.0,1605.0,1618.0,1573.0,1577.0,98200.0
2023-02-03,65070,1582.0,1594.0,1577.0,1584.0,0,0,72000.0,113991000.0,1.0,1582.0,1594.0,1577.0,1584.0,72000.0
2023-02-06,65070,1599.0,1613.0,1589.0,1604.0,0,0,83000.0,132994600.0,1.0,1599.0,1613.0,1589.0,1604.0,83000.0
2023-02-07,65070,1604.0,1661.0,1585.0,1639.0,0,0,468300.0,761013400.0,1.0,1604.0,1661.0,1585.0,1639.0,468300.0
2023-02-08,65070,1630.0,1696.0,1607.0,1607.0,0,0,254600.0,417360500.0,1.0,1630.0,1696.0,1607.0,1607.0,254600.0
2023-02-09,65070,1607.0,1634.0,1607.0,1615.0,0,0,97900.0,158382300.0,1.0,1607.0,1634.0,1607.0,1615.0,97900.0
2023-02-10,65070,1608.0,1633.0,1608.0,1625.0,0,0,69700.0,113050100.0,1.0,1608.0,1633.0,1608.0,1625.0,69700.0
2023-02-13,65070,1650.0,1657.0,1629.0,1634.0,0,0,74700.0,122428900.0,1.0,1650.0,1657.0,1629.0,1634.0,74700.0
2023-02-14,65070,1656.0,1663.0,1645.0,1662.0,0,0,59500.0,98484400.0,1.0,1656.0,1663.0,1645.0,1662.0,59500.0
2023-02-15,65070,1676.0,1676.0,1625.0,1627.0,0,0,123800.0,203161500.0,1.0,1676.0,1676.0,1625.0,1627.0,123800.0
2023-02-16,65070,1638.0,1646.0,1619.0,1631.0,0,0,99500.0,162259900.0,1.0,1638.0,1646.0,1619.0,1631.0,99500.0
2023-02-17,65070,1606.0,1622.0,1606.0,1615.0,0,0,67500.0,108927400.0,1.0,1606.0,1622.0,1606.0,1615.0,67500.0
2023-02-20,65070,1620.0,1644.0,1618.0,1633.0,0,0,72200.0,117949700.0,1.0,1620.0,1644.0,1618.0,1633.0,72200.0
2023-02-21,65070,1637.0,1670.0,1634.0,1665.0,0,0,118500.0,195916600.0,1.0,1637.0,1670.0,1634.0,1665.0,118500.0
2023-02-22,65070,1656.0,1664.0,1629.0,1636.0,0,0,120200.0,197625800.0,1.0,1656.0,1664.0,1629.0,1636.0,120200.0
2023-02-24,65070,1645.0,1662.0,1641.0,1660.0,0,0,57500.0,95141300.0,1.0,1645.0,1662.0,1641.0,1660.0,57500.0
2023-02-27,65070,1650.0,1684.0,1649.0,1680.0,0,0,102800.0,172058700.0,1.0,1650.0,1684.0,1649.0,1680.0,102800.0
2023-02-28,65070,1687.0,1699.0,1658.0,1663.0,0,0,91200.0,152802100.0,1.0,1687.0,1699.0,1658.0,1663.0,91200.0
2023-03-01,65070,1657.0,1735.0,1657.0,1735.0,0,0,197200.0,337113800.0,1.0,1657.0,1735.0,1657.0,1735.0,197200.0
2023-03-02,65070,1734.0,1734.0,1697.0,1699.0,0,0,134800.0,230615100.0,1.0,1734.0,1734.0,1697.0,1699.0,134800.0
2023-03-03,65070,1708.0,1726.0,1699.0,1706.0,0,0,103500.0,177130500.0,1.0,1708.0,1726.0,1699.0,1706.0,103500.0
2023-03-06,65070,1726.0,1733.0,1713.0,1730.0,0,0,107300.0,185036800.0,1.0,1726.0,1733.0,1713.0,1730.0,107300.0
2023-03-07,65070,1740.0,1754.0,1736.0,1748.0,0,0,123000.0,214466000.0,1.0,1740.0,1754.0,1736.0,1748.0,123000.0
2023-03-08,65070,1750.0,1804.0,1748.0,1795.0,0,0,234300.0,418089500.0,1.0,1750.0,1804.0,1748.0,1795.0,234300.0
2023-03-09,65070,1799.0,1804.0,1775.0,1788.0,0,0,122000.0,218212100.0,1.0,1799.0,1804.0,1775.0,1788.0,122000.0
2023-03-10,65070,1755.0,1767.0,1740.0,1754.0,0,0,121800.0,213761000.0,1.0,1755.0,1767.0,1740.0,1754.0,121800.0
2023-03-13,65070,1714.0,1726.0,1680.0,1699.0,0,0,167100.0,284198800.0,1.0,1714.0,1726.0,1680.0,1699.0,167100.0
2023-03-14,65070,1666.0,1666.0,1614.0,1623.0,0,0,239600.0,390235100.0,1.0,1666.0,1666.0,1614.0,1623.0,239600.0
2023-03-15,65070,1650.0,1675.0,1636.0,1667.0,0,0,96600.0,160214400.0,1.0,1650.0,1675.0,1636.0,1667.0,96600.0
2023-03-16,65070,1618.0,1637.0,1606.0,1621.0,0,0,97800.0,158439400.0,1.0,1618.0,1637.0,1606.0,1621.0,97800.0
2023-03-17,65070,1637.0,1645.0,1586.0,1617.0,0,0,213400.0,343099900.0,1.0,1637.0,1645.0,1586.0,1617.0,213400.0
2023-03-20,65070,1600.0,1603.0,1567.0,1570.0,0,0,84900.0,134102500.0,1.0,1600.0,1603.0,1567.0,1570.0,84900.0
2023-03-22,65070,1620.0,1621.0,1596.0,1596.0,0,0,59600.0,95619800.0,1.0,1620.0,1621.0,1596.0,1596.0,59600.0
2023-03-23,65070,1574.0,1603.0,1570.0,1599.0,0,0,49900.0,79304600.0,1.0,1574.0,1603.0,1570.0,1599.0,49900.0
2023-03-24,65070,1596.0,1605.0,1587.0,1599.0,0,0,59400.0,94887000.0,1.0,1596.0,1605.0,1587.0,1599.0,59400.0
2023-03-27,65070,1613.0,1623.0,1593.0,1620.0,0,0,70300.0,113465900.0,1.0,1613.0,1623.0,1593.0,1620.0,70300.0
2023-03-28,65070,1630.0,1632.0,1606.0,1608.0,0,0,68400.0,110442600.0,1.0,1630.0,1632.0,1606.0,1608.0,68400.0
2023-03-29,65070,1605.0,1618.0,1600.0,1618.0,0,0,149900.0,241472600.0,1.0,1605.0,1618.0,1600.0,1618.0,149900.0
2023-03-30,65070,1567.0,1585.0,1559.0,1573.0,0,0,123300.0,193328500.0,1.0,1567.0,1585.0,1559.0,1573.0,123300.0
2023-03-31,65070,1574.0,1590.0,1570.0,1576.0,0,0,81900.0,129189100.0,1.0,1574.0,1590.0,1570.0,1576.0,81900.0
2023-04-03,65070,1593.0,1603.0,1579.0,1602.0,0,0,92400.0,147046000.0,1.0,1593.0,1603.0,1579.0,1602.0,92400.0
2023-04-04,65070,1609.0,1625.0,1595.0,1621.0,0,0,107400.0,173703200.0,1.0,1609.0,1625.0,1595.0,1621.0,107400.0
2023-04-05,65070,1597.0,1605.0,1579.0,1581.0,0,0,128400.0,204111000.0,1.0,1597.0,1605.0,1579.0,1581.0,128400.0
2023-04-06,65070,1558.0,1562.0,1536.0,1542.0,0,0,111400.0,172469700.0,1.0,1558.0,1562.0,1536.0,1542.0,111400.0
2023-04-07,65070,1543.0,1557.0,1543.0,1551.0,0,0,39100.0,60638700.0,1.0,1543.0,1557.0,1543.0,1551.0,39100.0
2023-04-10,65070,1557.0,1564.0,1538.0,1540.0,0,0,43200.0,66753000.0,1.0,1557.0,1564.0,1538.0,1540.0,43200.0
2023-04-11,65070,1557.0,1577.0,1554.0,1577.0,0,0,61800.0,96990600.0,1.0,1557.0,1577.0,1554.0,1577.0,61800.0
2023-04-12,65070,1585.0,1598.0,1578.0,1591.0,0,0,46600.0,74055300.0,1.0,1585.0,1598.0,1578.0,1591.0,46600.0
2023-04-13,65070,1582.0,1586.0,1577.0,1584.0,0,0,47300.0,74838400.0,1.0,1582.0,1586.0,1577.0,1584.0,47300.0
2023-04-14,65070,1590.0,1597.0,1581.0,1583.0,0,0,56300.0,89378800.0,1.0,1590.0,1597.0,1581.0,1583.0,56300.0
2023-04-17,65070,1583.0,1591.0,1581.0,1591.0,0,0,45900.0,72828200.0,1.0,1583.0,1591.0,1581.0,1591.0,45900.0
2023-04-18,65070,1605.0,1611.0,1595.0,1604.0,0,0,57300.0,91938900.0,1.0,1605.0,1611.0,1595.0,1604.0,57300.0
2023-04-19,65070,1596.0,1596.0,1574.0,1583.0,0,0,69900.0,110567200.0,1.0,1596.0,1596.0,1574.0,1583.0,69900.0
2023-04-20,65070,1579.0,1593.0,1575.0,1588.0,0,0,86300.0,136795600.0,1.0,1579.0,1593.0,1575.0,1588.0,86300.0
2023-04-21,65070,1589.0,1615.0,1583.0,1591.0,0,0,57700.0,92199000.0,1.0,1589.0,1615.0,1583.0,1591.0,57700.0
2023-04-24,65070,1602.0,1613.0,1599.0,1601.0,0,0,58900.0,94474400.0,1.0,1602.0,1613.0,1599.0,1601.0,58900.0
2023-04-25,65070,1602.0,1626.0,1599.0,1600.0,0,0,67100.0,107982100.0,1.0,1602.0,1626.0,1599.0,1600.0,67100.0
2023-04-26,65070,1580.0,1690.0,1572.0,1671.0,0,0,496600.0,815679600.0,1.0,1580.0,1690.0,1572.0,1671.0,496600.0
2023-04-27,65070,1661.0,1696.0,1632.0,1682.0,0,0,292200.0,487768500.0,1.0,1661.0,1696.0,1632.0,1682.0,292200.0
2023-04-28,65070,1700.0,1729.0,1690.0,1729.0,0,0,190800.0,327487200.0,1.0,1700.0,1729.0,1690.0,1729.0,190800.0
2023-05-01,65070,1746.0,1748.0,1723.0,1745.0,0,0,101000.0,175329700.0,1.0,1746.0,1748.0,1723.0,1745.0,101000.0
2023-05-02,65070,1739.0,1743.0,1725.0,1733.0,0,0,92000.0,159452100.0,1.0,1739.0,1743.0,1725.0,1733.0,92000.0
2023-05-08,65070,1721.0,1774.0,1721.0,1763.0,0,0,134600.0,236505800.0,1.0,1721.0,1774.0,1721.0,1763.0,134600.0
2023-05-09,65070,1772.0,1777.0,1746.0,1747.0,0,0,114600.0,201017800.0,1.0,1772.0,1777.0,1746.0,1747.0,114600.0
2023-05-10,65070,1755.0,1766.0,1739.0,1761.0,0,0,72900.0,128085800.0,1.0,1755.0,1766.0,1739.0,1761.0,72900.0
2023-05-11,65070,1741.0,1756.0,1731.0,1731.0,0,0,83400.0,145210100.0,1.0,1741.0,1756.0,1731.0,1731.0,83400.0
2023-05-12,65070,1723.0,1725.0,1551.0,1600.0,0,0,466600.0,752026300.0,1.0,1723.0,1725.0,1551.0,1600.0,466600.0
2023-05-15,65070,1629.0,1656.0,1573.0,1592.0,0,0,230800.0,369373600.0,1.0,1629.0,1656.0,1573.0,1592.0,230800.0
2023-05-16,65070,1590.0,1590.0,1562.0,1568.0,0,0,114200.0,179314100.0,1.0,1590.0,1590.0,1562.0,1568.0,114200.0
2023-05-17,65070,1560.0,1567.0,1549.0,1559.0,0,0,87900.0,136766300.0,1.0,1560.0,1567.0,1549.0,1559.0,87900.0
2023-05-18,65070,1585.0,1588.0,1557.0,1575.0,0,0,93600.0,146968600.0,1.0,1585.0,1588.0,1557.0,1575.0,93600.0
2023-05-19,65070,1585.0,1643.0,1585.0,1634.0,0,0,191900.0,311295600.0,1.0,1585.0,1643.0,1585.0,1634.0,191900.0
2023-05-22,65070,1629.0,1638.0,1613.0,1630.0,0,0,115200.0,187555300.0,1.0,1629.0,1638.0,1613.0,1630.0,115200.0
2023-05-23,65070,1646.0,1651.0,1618.0,1624.0,0,0,106700.0,173858200.0,1.0,1646.0,1651.0,1618.0,1624.0,106700.0
2023-05-24,65070,1609.0,1628.0,1609.0,1624.0,0,0,64900.0,105079000.0,1.0,1609.0,1628.0,1609.0,1624.0,64900.0
2023-05-25,65070,1621.0,1645.0,1612.0,1638.0,0,0,87800.0,143539700.0,1.0,1621.0,1645.0,1612.0,1638.0,87800.0
2023-05-26,65070,1639.0,1684.0,1635.0,1649.0,0,0,94100.0,156429700.0,1.0,1639.0,1684.0,1635.0,1649.0,94100.0
2023-05-29,65070,1672.0,1679.0,1656.0,1668.0,0,0,96800.0,161486600.0,1.0,1672.0,1679.0,1656.0,1668.0,96800.0
2023-05-30,65070,1660.0,1669.0,1646.0,1660.0,0,0,49400.0,81905300.0,1.0,1660.0,1669.0,1646.0,1660.0,49400.0
2023-05-31,65070,1646.0,1658.0,1618.0,1622.0,0,0,95400.0,155796500.0,1.0,1646.0,1658.0,1618.0,1622.0,95400.0
2023-06-01,65070,1616.0,1632.0,1597.0,1599.0,0,0,90300.0,145012500.0,1.0,1616.0,1632.0,1597.0,1599.0,90300.0
2023-06-02,65070,1613.0,1627.0,1601.0,1627.0,0,0,53900.0,87303400.0,1.0,1613.0,1627.0,1601.0,1627.0,53900.0
2023-06-05,65070,1656.0,1670.0,1654.0,1663.0,0,0,96400.0,160196400.0,1.0,1656.0,1670.0,1654.0,1663.0,96400.0
2023-06-06,65070,1650.0,1674.0,1638.0,1674.0,0,0,93500.0,155283300.0,1.0,1650.0,1674.0,1638.0,1674.0,93500.0
2023-06-07,65070,1683.0,1692.0,1653.0,1657.0,0,0,89800.0,149670500.0,1.0,1683.0,1692.0,1653.0,1657.0,89800.0
2023-06-08,65070,1657.0,1667.0,1645.0,1655.0,0,0,87100.0,144259600.0,1.0,1657.0,1667.0,1645.0,1655.0,87100.0
2023-06-09,65070,1666.0,1670.0,1645.0,1655.0,0,0,78400.0,129904300.0,1.0,1666.0,1670.0,1645.0,1655.0,78400.0
2023-06-12,65070,1670.0,1677.0,1660.0,1672.0,0,0,66000.0,110080800.0,1.0,1670.0,1677.0,1660.0,1672.0,66000.0
2023-06-13,65070,1680.0,1699.0,1675.0,1695.0,0,0,79100.0,133613400.0,1.0,1680.0,1699.0,1675.0,1695.0,79100.0
2023-06-14,65070,1708.0,1714.0,1696.0,1708.0,0,0,106300.0,181333000.0,1.0,1708.0,1714.0,1696.0,1708.0,106300.0
2023-06-15,65070,1700.0,1710.0,1682.0,1702.0,0,0,73000.0,124183300.0,1.0,1700.0,1710.0,1682.0,1702.0,73000.0
2023-06-16,65070,1703.0,1713.0,1684.0,1698.0,0,0,94500.0,160528300.0,1.0,1703.0,1713.0,1684.0,1698.0,94500.0
2023-06-19,65070,1707.0,1717.0,1697.0,1710.0,0,0,70600.0,120365200.0,1.0,1707.0,1717.0,1697.0,1710.0,70600.0
2023-06-20,65070,1700.0,1712.0,1692.0,1712.0,0,0,66700.0,113658900.0,1.0,1700.0,1712.0,1692.0,1712.0,66700.0
2023-06-21,65070,1699.0,1708.0,1693.0,1695.0,0,0,67600.0,114795500.0,1.0,1699.0,1708.0,1693.0,1695.0,67600.0
2023-06-22,65070,1698.0,1719.0,1698.0,1702.0,0,0,69100.0,117884000.0,1.0,1698.0,1719.0,1698.0,1702.0,69100.0
2023-06-23,65070,1705.0,1730.0,1690.0,1698.0,0,0,107600.0,183378000.0,1.0,1705.0,1730.0,1690.0,1698.0,107600.0
2023-06-26,65070,1698.0,1709.0,1668.0,1697.0,0,0,98700.0,167481200.0,1.0,1698.0,1709.0,1668.0,1697.0,98700.0
2023-06-27,65070,1697.0,1697.0,1659.0,1682.0,0,0,75700.0,126740000.0,1.0,1697.0,1697.0,1659.0,1682.0,75700.0
2023-06-28,65070,1703.0,1714.0,1688.0,1713.0,0,0,52900.0,90185700.0,1.0,1703.0,1714.0,1688.0,1713.0,52900.0
2023-06-29,65070,1711.0,1734.0,1698.0,1708.0,0,0,90900.0,155760300.0,1.0,1711.0,1734.0,1698.0,1708.0,90900.0
2023-06-30,65070,1695.0,1717.0,1695.0,1716.0,0,0,91600.0,156696100.0,1.0,1695.0,1717.0,1695.0,1716.0,91600.0
2023-07-03,65070,1734.0,1753.0,1734.0,1742.0,0,0,72200.0,125804300.0,1.0,1734.0,1753.0,1734.0,1742.0,72200.0
2023-07-04,65070,1741.0,1749.0,1721.0,1734.0,0,0,93400.0,161788200.0,1.0,1741.0,1749.0,1721.0,1734.0,93400.0
2023-07-05,65070,1718.0,1739.0,1706.0,1736.0,0,0,60000.0,103702200.0,1.0,1718.0,1739.0,1706.0,1736.0,60000.0
2023-07-06,65070,1722.0,1733.0,1709.0,1712.0,0,0,71400.0,122882200.0,1.0,1722.0,1733.0,1709.0,1712.0,71400.0
2023-07-07,65070,1692.0,1699.0,1671.0,1685.0,0,0,65600.0,110687300.0,1.0,1692.0,1699.0,1671.0,1685.0,65600.0
2023-07-10,65070,1686.0,1703.0,1685.0,1692.0,0,0,72300.0,122335100.0,1.0,1686.0,1703.0,1685.0,1692.0,72300.0
2023-07-11,65070,1709.0,1712.0,1688.0,1692.0,0,0,78900.0,133716800.0,1.0,1709.0,1712.0,1688.0,1692.0,78900.0
2023-07-12,65070,1698.0,1698.0,1666.0,1675.0,0,0,65000.0,109053700.0,1.0,1698.0,1698.0,1666.0,1675.0,65000.0
2023-07-13,65070,1688.0,1693.0,1668.0,1686.0,0,0,55300.0,93096200.0,1.0,1688.0,1693.0,1668.0,1686.0,55300.0
2023-07-14,65070,1681.0,1683.0,1660.0,1678.0,0,0,96100.0,161050200.0,1.0,1681.0,1683.0,1660.0,1678.0,96100.0
2023-07-18,65070,1680.0,1713.0,1680.0,1713.0,0,0,78500.0,133599700.0,1.0,1680.0,1713.0,1680.0,1713.0,78500.0
2023-07-19,65070,1717.0,1732.0,1717.0,1729.0,0,0,67100.0,115777000.0,1.0,1717.0,1732.0,1717.0,1729.0,67100.0
2023-07-20,65070,1718.0,1743.0,1718.0,1722.0,0,0,53500.0,92561500.0,1.0,1718.0,1743.0,1718.0,1722.0,53500.0
2023-07-21,65070,1749.0,1749.0,1729.0,1729.0,0,0,110200.0,191694200.0,1.0,1749.0,1749.0,1729.0,1729.0,110200.0
2023-07-24,65070,1746.0,1746.0,1726.0,1736.0,0,0,52100.0,90511500.0,1.0,1746.0,1746.0,1726.0,1736.0,52100.0
2023-07-25,65070,1740.0,1777.0,1736.0,1777.0,0,0,96600.0,170392900.0,1.0,1740.0,1777.0,1736.0,1777.0,96600.0
2023-07-26,65070,1777.0,1777.0,1736.0,1742.0,0,0,80600.0,140891700.0,1.0,1777.0,1777.0,1736.0,1742.0,80600.0
2023-07-27,65070,1744.0,1750.0,1731.0,1745.0,0,0,42700.0,74422700.0,1.0,1744.0,1750.0,1731.0,1745.0,42700.0
2023-07-28,65070,1723.0,1725.0,1691.0,1720.0,0,0,95700.0,163591700.0,1.0,1723.0,1725.0,1691.0,1720.0,95700.0
2023-07-31,65070,1748.0,1748.0,1718.0,1722.0,0,0,61200.0,105731600.0,1.0,1748.0,1748.0,1718.0,1722.0,61200.0
2023-08-01,65070,1727.0,1738.0,1718.0,1730.0,0,0,43000.0,74327500.0,1.0,1727.0,1738.0,1718.0,1730.0,43000.0
2023-08-02,65070,1718.0,1740.0,1713.0,1718.0,0,0,56500.0,97332300.0,1.0,1718.0,1740.0,1713.0,1718.0,56500.0
2023-08-03,65070,1702.0,1711.0,1668.0,1671.0,0,0,80200.0,134962500.0,1.0,1702.0,1711.0,1668.0,1671.0,80200.0
2023-08-04,65070,1666.0,1683.0,1535.0,1544.0,0,0,340000.0,541875800.0,1.0,1666.0,1683.0,1535.0,1544.0,340000.0
2023-08-07,65070,1539.0,1581.0,1527.0,1560.0,0,0,226400.0,351563000.0,1.0,1539.0,1581.0,1527.0,1560.0,226400.0
2023-08-08,65070,1565.0,1572.0,1556.0,1560.0,0,0,137000.0,213790100.0,1.0,1565.0,1572.0,1556.0,1560.0,137000.0
2023-08-09,65070,1556.0,1565.0,1537.0,1558.0,0,0,96700.0,150677100.0,1.0,1556.0,1565.0,1537.0,1558.0,96700.0
2023-08-10,65070,1550.0,1574.0,1538.0,1564.0,0,0,86800.0,135481400.0,1.0,1550.0,1574.0,1538.0,1564.0,86800.0
2023-08-14,65070,1564.0,1580.0,1557.0,1561.0,0,0,106600.0,166629600.0,1.0,1564.0,1580.0,1557.0,1561.0,106600.0
2023-08-15,65070,1563.0,1569.0,1559.0,1560.0,0,0,72700.0,113543600.0,1.0,1563.0,1569.0,1559.0,1560.0,72700.0
2023-08-16,65070,1555.0,1566.0,1551.0,1560.0,0,0,65300.0,101841300.0,1.0,1555.0,1566.0,1551.0,1560.0,65300.0
2023-08-17,65070,1555.0,1563.0,1529.0,1550.0,0,0,92000.0,142319100.0,1.0,1555.0,1563.0,1529.0,1550.0,92000.0
2023-08-18,65070,1535.0,1543.0,1520.0,1526.0,0,0,66200.0,101147000.0,1.0,1535.0,1543.0,1520.0,1526.0,66200.0
2023-08-21,65070,1523.0,1529.0,1500.0,1500.0,0,0,75400.0,113852200.0,1.0,1523.0,1529.0,1500.0,1500.0,75400.0
2023-08-22,65070,1504.0,1507.0,1490.0,1499.0,0,0,55900.0,83735700.0,1.0,1504.0,1507.0,1490.0,1499.0,55900.0
2023-08-23,65070,1493.0,1529.0,1490.0,1527.0,0,0,54200.0,82151400.0,1.0,1493.0,1529.0,1490.0,1527.0,54200.0
2023-08-24,65070,1524.0,1541.0,1524.0,1536.0,0,0,45000.0,69040100.0,1.0,1524.0,1541.0,1524.0,1536.0,45000.0
2023-08-25,65070,1524.0,1527.0,1515.0,1522.0,0,0,36300.0,55278000.0,1.0,1524.0,1527.0,1515.0,1522.0,36300.0
2023-08-28,65070,1531.0,1562.0,1531.0,1562.0,0,0,37500.0,58239100.0,1.0,1531.0,1562.0,1531.0,1562.0,37500.0
2023-08-29,65070,1562.0,1562.0,1546.0,1559.0,0,0,59000.0,91825000.0,1.0,1562.0,1562.0,1546.0,1559.0,59000.0
2023-08-30,65070,1561.0,1580.0,1561.0,1580.0,0,0,41200.0,64887100.0,1.0,1561.0,1580.0,1561.0,1580.0,41200.0
2023-08-31,65070,1587.0,1590.0,1574.0,1578.0,0,0,39700.0,62752100.0,1.0,1587.0,1590.0,1574.0,1578.0,39700.0
2023-09-01,65070,1578.0,1592.0,1575.0,1586.0,0,0,41900.0,66456700.0,1.0,1578.0,1592.0,1575.0,1586.0,41900.0
2023-09-04,65070,1592.0,1618.0,1590.0,1618.0,0,0,67800.0,109044400.0,1.0,1592.0,1618.0,1590.0,1618.0,67800.0
2023-09-05,65070,1615.0,1632.0,1612.0,1632.0,0,0,44700.0,72507500.0,1.0,1615.0,1632.0,1612.0,1632.0,44700.0
2023-09-06,65070,1631.0,1636.0,1622.0,1624.0,0,0,54200.0,88178600.0,1.0,1631.0,1636.0,1622.0,1624.0,54200.0
2023-09-07,65070,1618.0,1634.0,1608.0,1621.0,0,0,77500.0,125869300.0,1.0,1618.0,1634.0,1608.0,1621.0,77500.0
2023-09-08,65070,1609.0,1613.0,1595.0,1599.0,0,0,60500.0,97088500.0,1.0,1609.0,1613.0,1595.0,1599.0,60500.0
2023-09-11,65070,1595.0,1606.0,1585.0,1592.0,0,0,41000.0,65346900.0,1.0,1595.0,1606.0,1585.0,1592.0,41000.0
2023-09-12,65070,1607.0,1607.0,1599.0,1605.0,0,0,27600.0,44222800.0,1.0,1607.0,1607.0,1599.0,1605.0,27600.0
2023-09-13,65070,1605.0,1607.0,1595.0,1604.0,0,0,37900.0,60751100.0,1.0,1605.0,1607.0,1595.0,1604.0,37900.0
2023-09-14,65070,1610.0,1619.0,1604.0,1617.0,0,0,44400.0,71658200.0,1.0,1610.0,1619.0,1604.0,1617.0,44400.0
2023-09-15,65070,1622.0,1635.0,1621.0,1630.0,0,0,83900.0,136715200.0,1.0,1622.0,1635.0,1621.0,1630.0,83900.0
2023-09-19,65070,1630.0,1642.0,1629.0,1642.0,0,0,59300.0,96956000.0,1.0,1630.0,1642.0,1629.0,1642.0,59300.0
2023-09-20,65070,1635.0,1644.0,1626.0,1630.0,0,0,80800.0,131761800.0,1.0,1635.0,1644.0,1626.0,1630.0,80800.0
2023-09-21,65070,1632.0,1641.0,1615.0,1618.0,0,0,48400.0,78594800.0,1.0,1632.0,1641.0,1615.0,1618.0,48400.0
2023-09-22,65070,1600.0,1636.0,1600.0,1627.0,0,0,72400.0,117366500.0,1.0,1600.0,1636.0,1600.0,1627.0,72400.0
2023-09-25,65070,1622.0,1639.0,1620.0,1626.0,0,0,38100.0,62041400.0,1.0,1622.0,1639.0,1620.0,1626.0,38100.0
2023-09-26,65070,1626.0,1639.0,1615.0,1634.0,0,0,51000.0,83220900.0,1.0,1626.0,1639.0,1615.0,1634.0,51000.0
2023-09-27,65070,1630.0,1657.0,1618.0,1657.0,0,0,82100.0,135021400.0,1.0,1630.0,1657.0,1618.0,1657.0,82100.0
2023-09-28,65070,1656.0,1662.0,1645.0,1649.0,0,0,62600.0,103386900.0,1.0,1656.0,1662.0,1645.0,1649.0,62600.0
2023-09-29,65070,1648.0,1650.0,1602.0,1609.0,0,0,73500.0,119014300.0,1.0,1648.0,1650.0,1602.0,1609.0,73500.0
2023-10-02,65070,1618.0,1647.0,1618.0,1622.0,0,0,55900.0,91216100.0,1.0,1618.0,1647.0,1618.0,1622.0,55900.0
2023-10-03,65070,1625.0,1625.0,1573.0,1573.0,0,0,49400.0,78545000.0,1.0,1625.0,1625.0,1573.0,1573.0,49400.0
2023-10-04,65070,1549.0,1559.0,1530.0,1539.0,0,0,65900.0,101705500.0,1.0,1549.0,1559.0,1530.0,1539.0,65900.0
2023-10-05,65070,1540.0,1560.0,1530.0,1555.0,0,0,54700.0,84693000.0,1.0,1540.0,1560.0,1530.0,1555.0,54700.0
2023-10-06,65070,1567.0,1569.0,1553.0,1559.0,0,0,39300.0,61369700.0,1.0,1567.0,1569.0,1553.0,1559.0,39300.0
2023-10-10,65070,1587.0,1599.0,1582.0,1593.0,0,0,41200.0,65624700.0,1.0,1587.0,1599.0,1582.0,1593.0,41200.0
2023-10-11,65070,1598.0,1601.0,1584.0,1587.0,0,0,39900.0,63477700.0,1.0,1598.0,1601.0,1584.0,1587.0,39900.0
2023-10-12,65070,1600.0,1650.0,1588.0,1650.0,0,0,91300.0,148783900.0,1.0,1600.0,1650.0,1588.0,1650.0,91300.0
2023-10-13,65070,1643.0,1647.0,1598.0,1603.0,0,0,50400.0,81339000.0,1.0,1643.0,1647.0,1598.0,1603.0,50400.0
2023-10-16,65070,1601.0,1610.0,1584.0,1590.0,0,0,69000.0,110148500.0,1.0,1601.0,1610.0,1584.0,1590.0,69000.0
2023-10-17,65070,1595.0,1610.0,1563.0,1578.0,0,0,64500.0,101871700.0,1.0,1595.0,1610.0,1563.0,1578.0,64500.0
2023-10-18,65070,1593.0,1597.0,1572.0,1583.0,0,0,37500.0,59399800.0,1.0,1593.0,1597.0,1572.0,1583.0,37500.0
2023-10-19,65070,1560.0,1565.0,1538.0,1544.0,0,0,39600.0,61284500.0,1.0,1560.0,1565.0,1538.0,1544.0,39600.0
2023-10-20,65070,1537.0,1547.0,1529.0,1540.0,0,0,24000.0,36955300.0,1.0,1537.0,1547.0,1529.0,1540.0,24000.0
2023-10-23,65070,1537.0,1547.0,1525.0,1525.0,0,0,45500.0,69825900.0,1.0,1537.0,1547.0,1525.0,1525.0,45500.0
2023-10-24,65070,1525.0,1542.0,1496.0,1535.0,0,0,49800.0,75627500.0,1.0,1525.0,1542.0,1496.0,1535.0,49800.0
2023-10-25,65070,1550.0,1551.0,1530.0,1532.0,0,0,40500.0,62320600.0,1.0,1550.0,1551.0,1530.0,1532.0,40500.0
2023-10-26,65070,1529.0,1530.0,1514.0,1522.0,0,0,55000.0,83727400.0,1.0,1529.0,1530.0,1514.0,1522.0,55000.0
2023-10-27,65070,1538.0,1564.0,1537.0,1564.0,0,0,56600.0,87995000.0,1.0,1538.0,1564.0,1537.0,1564.0,56600.0
2023-10-30,65070,1564.0,1567.0,1539.0,1550.0,0,0,55800.0,86467000.0,1.0,1564.0,1567.0,1539.0,1550.0,55800.0
2023-10-31,65070,1557.0,1574.0,1539.0,1572.0,0,0,78000.0,121793500.0,1.0,1557.0,1574.0,1539.0,1572.0,78000.0
2023-11-01,65070,1601.0,1610.0,1587.0,1604.0,0,0,91600.0,146536400.0,1.0,1601.0,1610.0,1587.0,1604.0,91600.0
2023-11-02,65070,1624.0,1624.0,1590.0,1591.0,0,0,49200.0,78654200.0,1.0,1624.0,1624.0,1590.0,1591.0,49200.0
2023-11-06,65070,1624.0,1641.0,1600.0,1634.0,0,0,102000.0,165949900.0,1.0,1624.0,1641.0,1600.0,1634.0,102000.0
2023-11-07,65070,1613.0,1779.0,1613.0,1772.0,0,0,547900.0,947145100.0,1.0,1613.0,1779.0,1613.0,1772.0,547900.0
2023-11-08,65070,1698.0,1774.0,1684.0,1768.0,0,0,329800.0,575895000.0,1.0,1698.0,1774.0,1684.0,1768.0,329800.0
2023-11-09,65070,1800.0,1839.0,1785.0,1817.0,0,0,205800.0,373936900.0,1.0,1800.0,1839.0,1785.0,1817.0,205800.0
2023-11-10,65070,1805.0,1833.0,1768.0,1829.0,0,0,103000.0,186250800.0,1.0,1805.0,1833.0,1768.0,1829.0,103000.0
2023-11-13,65070,1838.0,1870.0,1825.0,1826.0,0,0,151100.0,278535900.0,1.0,1838.0,1870.0,1825.0,1826.0,151100.0
2023-11-14,65070,1830.0,1859.0,1816.0,1842.0,0,0,69000.0,127182100.0,1.0,1830.0,1859.0,1816.0,1842.0,69000.0
2023-11-15,65070,1860.0,1860.0,1805.0,1823.0,0,0,116600.0,213153700.0,1.0,1860.0,1860.0,1805.0,1823.0,116600.0
2023-11-16,65070,1807.0,1868.0,1807.0,1866.0,0,0,107200.0,198620900.0,1.0,1807.0,1868.0,1807.0,1866.0,107200.0
2023-11-17,65070,1884.0,1963.0,1884.0,1962.0,0,0,235800.0,456678100.0,1.0,1884.0,1963.0,1884.0,1962.0,235800.0
2023-11-20,65070,1969.0,1978.0,1939.0,1948.0,0,0,108100.0,211290500.0,1.0,1969.0,1978.0,1939.0,1948.0,108100.0
2023-11-21,65070,1948.0,1978.0,1940.0,1969.0,0,0,91300.0,179202300.0,1.0,1948.0,1978.0,1940.0,1969.0,91300.0
2023-11-22,65070,1950.0,2034.0,1950.0,2009.0,0,0,103800.0,208335700.0,1.0,1950.0,2034.0,1950.0,2009.0,103800.0
2023-11-24,65070,2034.0,2059.0,2034.0,2050.0,0,0,101400.0,207567600.0,1.0,2034.0,2059.0,2034.0,2050.0,101400.0
2023-11-27,65070,2072.0,2085.0,2050.0,2058.0,0,0,77600.0,160352700.0,1.0,2072.0,2085.0,2050.0,2058.0,77600.0
2023-11-28,65070,2066.0,2073.0,2018.0,2033.0,0,0,83200.0,169878100.0,1.0,2066.0,2073.0,2018.0,2033.0,83200.0
2023-11-29,65070,2006.0,2024.0,1995.0,2014.0,0,0,83100.0,167062500.0,1.0,2006.0,2024.0,1995.0,2014.0,83100.0
2023-11-30,65070,2019.0,2072.0,2003.0,2064.0,0,0,108200.0,221446000.0,1.0,2019.0,2072.0,2003.0,2064.0,108200.0
2023-12-01,65070,2064.0,2144.0,2050.0,2136.0,0,0,208400.0,439652000.0,1.0,2064.0,2144.0,2050.0,2136.0,208400.0
2023-12-04,65070,2186.0,2235.0,2155.0,2179.0,0,0,298400.0,657096800.0,1.0,2186.0,2235.0,2155.0,2179.0,298400.0
2023-12-05,65070,2203.0,2217.0,2151.0,2151.0,0,0,203400.0,443299000.0,1.0,2203.0,2217.0,2151.0,2151.0,203400.0
2023-12-06,65070,2164.0,2184.0,2134.0,2147.0,0,0,186000.0,400052600.0,1.0,2164.0,2184.0,2134.0,2147.0,186000.0
2023-12-07,65070,2097.0,2105.0,2030.0,2035.0,0,0,163100.0,335639300.0,1.0,2097.0,2105.0,2030.0,2035.0,163100.0
2023-12-08,65070,2035.0,2035.0,1995.0,2021.0,0,0,161500.0,326468300.0,1.0,2035.0,2035.0,1995.0,2021.0,161500.0
2023-12-11,65070,2071.0,2131.0,2071.0,2107.0,0,0,107400.0,226099200.0,1.0,2071.0,2131.0,2071.0,2107.0,107400.0
2023-12-12,65070,2122.0,2168.0,2121.0,2131.0,0,0,98300.0,210301300.0,1.0,2122.0,2168.0,2121.0,2131.0,98300.0
2023-12-13,65070,2150.0,2163.0,2133.0,2151.0,0,0,49800.0,107060800.0,1.0,2150.0,2163.0,2133.0,2151.0,49800.0
2023-12-14,65070,2159.0,2180.0,2112.0,2112.0,0,0,93900.0,200142800.0,1.0,2159.0,2180.0,2112.0,2112.0,93900.0
2023-12-15,65070,2147.0,2200.0,2143.0,2157.0,0,0,137600.0,298172200.0,1.0,2147.0,2200.0,2143.0,2157.0,137600.0
2023-12-18,65070,2143.0,2145.0,2102.0,2129.0,0,0,81500.0,172855600.0,1.0,2143.0,2145.0,2102.0,2129.0,81500.0
2023-12-19,65070,2117.0,2120.0,2076.0,2089.0,0,0,100900.0,211145700.0,1.0,2117.0,2120.0,2076.0,2089.0,100900.0
2023-12-20,65070,2117.0,2130.0,2098.0,2101.0,0,0,80300.0,169546600.0,1.0,2117.0,2130.0,2098.0,2101.0,80300.0
2023-12-21,65070,2081.0,2118.0,2064.0,2071.0,0,0,123600.0,257993100.0,1.0,2081.0,2118.0,2064.0,2071.0,123600.0
2023-12-22,65070,2103.0,2136.0,2088.0,2128.0,0,0,92500.0,195823300.0,1.0,2103.0,2136.0,2088.0,2128.0,92500.0
2023-12-25,65070,2125.0,2125.0,2070.0,2071.0,0,0,51800.0,108219400.0,1.0,2125.0,2125.0,2070.0,2071.0,51800.0
2023-12-26,65070,2071.0,2098.0,2053.0,2080.0,0,0,70100.0,145787000.0,1.0,2071.0,2098.0,2053.0,2080.0,70100.0
2023-12-27,65070,2082.0,2090.0,2052.0,2062.0,0,0,103400.0,213303300.0,1.0,2082.0,2090.0,2052.0,2062.0,103400.0
2023-12-28,65070,2047.0,2056.0,2029.0,2054.0,0,0,76700.0,156954400.0,1.0,2047.0,2056.0,2029.0,2054.0,76700.0
2023-12-29,65070,2061.0,2083.0,2044.0,2083.0,0,0,90200.0,186292600.0,1.0,2061.0,2083.0,2044.0,2083.0,90200.0
2024-01-04,65070,2080.0,2138.0,2048.0,2137.0,0,0,86600.0,183271000.0,1.0,2080.0,2138.0,2048.0,2137.0,86600.0
2024-01-05,65070,2155.0,2168.0,2134.0,2137.0,0,0,68700.0,147386400.0,1.0,2155.0,2168.0,2134.0,2137.0,68700.0
2024-01-09,65070,2159.0,2164.0,2133.0,2150.0,0,0,74700.0,160567600.0,1.0,2159.0,2164.0,2133.0,2150.0,74700.0
2024-01-10,65070,2157.0,2157.0,2114.0,2117.0,0,0,60400.0,128401300.0,1.0,2157.0,2157.0,2114.0,2117.0,60400.0
2024-01-11,65070,2140.0,2183.0,2132.0,2178.0,0,0,101600.0,219976700.0,1.0,2140.0,2183.0,2132.0,2178.0,101600.0
2024-01-12,65070,2181.0,2186.0,2134.0,2160.0,0,0,71300.0,153873500.0,1.0,2181.0,2186.0,2134.0,2160.0,71300.0
2024-01-15,65070,2180.0,2216.0,2160.0,2216.0,0,0,87900.0,193416800.0,1.0,2180.0,2216.0,2160.0,2216.0,87900.0
2024-01-16,65070,2220.0,2230.0,2187.0,2187.0,0,0,81800.0,180382900.0,1.0,2220.0,2230.0,2187.0,2187.0,81800.0
2024-01-17,65070,2205.0,2218.0,2178.0,2178.0,0,0,53900.0,118417500.0,1.0,2205.0,2218.0,2178.0,2178.0,53900.0
2024-01-18,65070,2166.0,2308.0,2162.0,2276.0,0,0,175400.0,397647500.0,1.0,2166.0,2308.0,2162.0,2276.0,175400.0
2024-01-19,65070,2310.0,2310.0,2261.0,2267.0,0,0,172200.0,392928000.0,1.0,2310.0,2310.0,2261.0,2267.0,172200.0
2024-01-22,65070,2311.0,2349.0,2298.0,2339.0,0,0,173300.0,404438700.0,1.0,2311.0,2349.0,2298.0,2339.0,173300.0
2024-01-23,65070,2420.0,2428.0,2354.0,2367.0,0,0,222500.0,531739700.0,1.0,2420.0,2428.0,2354.0,2367.0,222500.0
2024-01-24,65070,2345.0,2379.0,2321.0,2326.0,0,0,124100.0,290992600.0,1.0,2345.0,2379.0,2321.0,2326.0,124100.0
2024-01-25,65070,2323.0,2361.0,2322.0,2340.0,0,0,70000.0,163880000.0,1.0,2323.0,2361.0,2322.0,2340.0,70000.0
2024-01-26,65070,2326.0,2337.0,2273.0,2273.0,0,0,101700.0,233665800.0,1.0,2326.0,2337.0,2273.0,2273.0,101700.0
2024-01-29,65070,2273.0,2349.0,2265.0,2343.0,0,0,136100.0,315929200.0,1.0,2273.0,2349.0,2265.0,2343.0,136100.0
2024-01-30,65070,2352.0,2374.0,2329.0,2346.0,0,0,94600.0,222267300.0,1.0,2352.0,2374.0,2329.0,2346.0,94600.0
2024-01-31,65070,2352.0,2391.0,2344.0,2374.0,0,0,106300.0,251625000.0,1.0,2352.0,2391.0,2344.0,2374.0,106300.0
2024-02-01,65070,2355.0,2380.0,2348.0,2350.0,0,0,68500.0,161749800.0,1.0,2355.0,2380.0,2348.0,2350.0,68500.0
2024-02-02,65070,2340.0,2340.0,2289.0,2325.0,0,0,125600.0,291151900.0,1.0,2340.0,2340.0,2289.0,2325.0,125600.0
2024-02-05,65070,2340.0,2340.0,2282.0,2314.0,0,0,74200.0,170960200.0,1.0,2340.0,2340.0,2282.0,2314.0,74200.0
2024-02-06,65070,2293.0,2293.0,2265.0,2273.0,0,0,68900.0,156939900.0,1.0,2293.0,2293.0,2265.0,2273.0,68900.0
2024-02-07,65070,2265.0,2301.0,2141.0,2204.0,0,0,380000.0,842910000.0,1.0,2265.0,2301.0,2141.0,2204.0,380000.0
2024-02-08,65070,2190.0,2193.0,2035.0,2081.0,0,0,328500.0,684289200.0,1.0,2190.0,2193.0,2035.0,2081.0,328500.0
2024-02-09,65070,2088.0,2190.0,2084.0,2142.0,0,0,324400.0,698320900.0,1.0,2088.0,2190.0,2084.0,2142.0,324400.0
2024-02-13,65070,2372.0,2419.0,2340.0,2410.0,0,0,416500.0,995320700.0,1.0,2372.0,2419.0,2340.0,2410.0,416500.0
2024-02-14,65070,2409.0,2432.0,2331.0,2398.0,0,0,290800.0,697144800.0,1.0,2409.0,2432.0,2331.0,2398.0,290800.0
2024-02-15,65070,2539.0,2577.0,2471.0,2504.0,0,0,367300.0,919228200.0,1.0,2539.0,2577.0,2471.0,2504.0,367300.0
2024-02-16,65070,2513.0,2531.0,2476.0,2479.0,0,0,206400.0,514888700.0,1.0,2513.0,2531.0,2476.0,2479.0,206400.0
2024-02-19,65070,2498.0,2543.0,2479.0,2510.0,0,0,191700.0,480407900.0,1.0,2498.0,2543.0,2479.0,2510.0,191700.0
2024-02-20,65070,2520.0,2584.0,2500.0,2565.0,0,0,190400.0,484614800.0,1.0,2520.0,2584.0,2500.0,2565.0,190400.0
2024-02-21,65070,2524.0,2562.0,2521.0,2524.0,0,0,107900.0,274014200.0,1.0,2524.0,2562.0,2521.0,2524.0,107900.0
2024-02-22,65070,2590.0,2700.0,2590.0,2700.0,0,0,258900.0,687281500.0,1.0,2590.0,2700.0,2590.0,2700.0,258900.0
2024-02-26,65070,2727.0,2732.0,2643.0,2643.0,0,0,158100.0,423032700.0,1.0,2727.0,2732.0,2643.0,2643.0,158100.0
2024-02-27,65070,2717.0,2768.0,2717.0,2723.0,0,0,210800.0,577548600.0,1.0,2717.0,2768.0,2717.0,2723.0,210800.0
2024-02-28,65070,2732.0,2757.0,2682.0,2686.0,0,0,109000.0,295612100.0,1.0,2732.0,2757.0,2682.0,2686.0,109000.0
2024-02-29,65070,2662.0,2701.0,2636.0,2673.0,0,0,123100.0,328354900.0,1.0,2662.0,2701.0,2636.0,2673.0,123100.0
2024-03-01,65070,2722.0,2747.0,2681.0,2747.0,0,0,186900.0,508113800.0,1.0,2722.0,2747.0,2681.0,2747.0,186900.0
2024-03-04,65070,2777.0,2789.0,2726.0,2740.0,0,0,202800.0,558240100.0,1.0,2777.0,2789.0,2726.0,2740.0,202800.0
2024-03-05,65070,2782.0,2793.0,2740.0,2789.0,0,0,125900.0,349393800.0,1.0,2782.0,2793.0,2740.0,2789.0,125900.0
2024-03-06,65070,2743.0,2839.0,2733.0,2832.0,0,0,180500.0,507422600.0,1.0,2743.0,2839.0,2733.0,2832.0,180500.0
2024-03-07,65070,2850.0,2882.0,2801.0,2809.0,0,0,135100.0,381505100.0,1.0,2850.0,2882.0,2801.0,2809.0,135100.0
2024-03-08,65070,2815.0,2838.0,2796.0,2805.0,0,0,157300.0,443411300.0,1.0,2815.0,2838.0,2796.0,2805.0,157300.0
2024-03-11,65070,2755.0,2758.0,2678.0,2710.0,0,0,106200.0,288120900.0,1.0,2755.0,2758.0,2678.0,2710.0,106200.0
2024-03-12,65070,2670.0,2765.0,2669.0,2752.0,0,0,102000.0,278691200.0,1.0,2670.0,2765.0,2669.0,2752.0,102000.0
2024-03-13,65070,2838.0,2895.0,2785.0,2820.0,0,0,207500.0,586961000.0,1.0,2838.0,2895.0,2785.0,2820.0,207500.0
2024-03-14,65070,2820.0,2879.0,2796.0,2879.0,0,0,191500.0,543306600.0,1.0,2820.0,2879.0,2796.0,2879.0,191500.0
2024-03-15,65070,2856.0,2908.0,2810.0,2843.0,0,0,172700.0,493500100.0,1.0,2856.0,2908.0,2810.0,2843.0,172700.0
2024-03-18,65070,2873.0,2912.0,2793.0,2896.0,0,0,207900.0,597447000.0,1.0,2873.0,2912.0,2793.0,2896.0,207900.0
2024-03-19,65070,2917.0,2948.0,2891.0,2944.0,0,0,122300.0,357578500.0,1.0,2917.0,2948.0,2891.0,2944.0,122300.0
2024-03-21,65070,2982.0,3070.0,2969.0,3050.0,0,0,159900.0,485375900.0,1.0,2982.0,3070.0,2969.0,3050.0,159900.0
2024-03-22,65070,3040.0,3110.0,3010.0,3095.0,0,0,156600.0,482319500.0,1.0,3040.0,3110.0,3010.0,3095.0,156600.0
2024-03-25,65070,3055.0,3130.0,3050.0,3110.0,0,0,141800.0,439505000.0,1.0,3055.0,3130.0,3050.0,3110.0,141800.0
2024-03-26,65070,3120.0,3180.0,3090.0,3165.0,0,0,156100.0,491069500.0,1.0,3120.0,3180.0,3090.0,3165.0,156100.0
2024-03-27,65070,3165.0,3170.0,3120.0,3155.0,0,0,156600.0,493625500.0,1.0,3165.0,3170.0,3120.0,3155.0,156600.0
2024-03-28,65070,3105.0,3160.0,3075.0,3085.0,0,0,102900.0,319791000.0,1.0,3105.0,3160.0,3075.0,3085.0,102900.0
2024-03-29,65070,3130.0,3245.0,3105.0,3240.0,0,0,142300.0,456206500.0,1.0,3130.0,3245.0,3105.0,3240.0,142300.0
2024-04-01,65070,3290.0,3315.0,3105.0,3125.0,0,0,149500.0,476513500.0,1.0,3290.0,3315.0,3105.0,3125.0,149500.0
2024-04-02,65070,3170.0,3245.0,3135.0,3245.0,0,0,133100.0,427785000.0,1.0,3170.0,3245.0,3135.0,3245.0,133100.0
2024-04-03,65070,3240.0,3280.0,3155.0,3210.0,0,0,151600.0,487674000.0,1.0,3240.0,3280.0,3155.0,3210.0,151600.0
2024-04-04,65070,3240.0,3240.0,3145.0,3165.0,0,0,145600.0,464629000.0,1.0,3240.0,3240.0,3145.0,3165.0,145600.0
2024-04-05,65070,3070.0,3180.0,3065.0,3155.0,0,0,116300.0,364393000.0,1.0,3070.0,3180.0,3065.0,3155.0,116300.0
2024-04-08,65070,3155.0,3245.0,3155.0,3230.0,0,0,86200.0,276857500.0,1.0,3155.0,3245.0,3155.0,3230.0,86200.0
2024-04-09,65070,3240.0,3290.0,3220.0,3290.0,0,0,64800.0,211673000.0,1.0,3240.0,3290.0,3220.0,3290.0,64800.0
2024-04-10,65070,3300.0,3380.0,3300.0,3360.0,0,0,115800.0,387510000.0,1.0,3300.0,3380.0,3300.0,3360.0,115800.0
2024-04-11,65070,3335.0,3425.0,3305.0,3410.0,0,0,80400.0,272281000.0,1.0,3335.0,3425.0,3305.0,3410.0,80400.0
2024-04-12,65070,3480.0,3535.0,3430.0,3495.0,0,0,179100.0,622068000.0,1.0,3480.0,3535.0,3430.0,3495.0,179100.0
2024-04-15,65070,3465.0,3500.0,3415.0,3485.0,0,0,118500.0,411073000.0,1.0,3465.0,3500.0,3415.0,3485.0,118500.0
2024-04-16,65070,3445.0,3445.0,3245.0,3300.0,0,0,157300.0,520857000.0,1.0,3445.0,3445.0,3245.0,3300.0,157300.0
2024-04-17,65070,3370.0,3415.0,3255.0,3330.0,0,0,157700.0,526555000.0,1.0,3370.0,3415.0,3255.0,3330.0,157700.0
2024-04-18,65070,3310.0,3395.0,3250.0,3380.0,0,0,97800.0,327016000.0,1.0,3310.0,3395.0,3250.0,3380.0,97800.0
2024-04-19,65070,3330.0,3365.0,3105.0,3205.0,0,0,217100.0,696857500.0,1.0,3330.0,3365.0,3105.0,3205.0,217100.0
2024-04-22,65070,3180.0,3250.0,3160.0,3215.0,0,0,151400.0,486231500.0,1.0,3180.0,3250.0,3160.0,3215.0,151400.0
2024-04-23,65070,3235.0,3250.0,3085.0,3145.0,0,0,152100.0,477859000.0,1.0,3235.0,3250.0,3085.0,3145.0,152100.0
2024-04-24,65070,3190.0,3240.0,3140.0,3220.0,0,0,115700.0,370024500.0,1.0,3190.0,3240.0,3140.0,3220.0,115700.0
2024-04-25,65070,3200.0,3215.0,3095.0,3095.0,0,0,83800.0,262719000.0,1.0,3200.0,3215.0,3095.0,3095.0,83800.0
2024-04-26,65070,3095.0,3160.0,3095.0,3120.0,0,0,104400.0,326417000.0,1.0,3095.0,3160.0,3095.0,3120.0,104400.0
2024-04-30,65070,3185.0,3380.0,3165.0,3365.0,0,0,158400.0,527069500.0,1.0,3185.0,3380.0,3165.0,3365.0,158400.0
2024-05-01,65070,3325.0,3325.0,3235.0,3255.0,0,0,66300.0,217369500.0,1.0,3325.0,3325.0,3235.0,3255.0,66300.0
2024-05-02,65070,3235.0,3270.0,3215.0,3240.0,0,0,110600.0,358642000.0,1.0,3235.0,3270.0,3215.0,3240.0,110600.0
2024-05-07,65070,3300.0,3355.0,3295.0,3335.0,0,0,156200.0,519610000.0,1.0,3300.0,3355.0,3295.0,3335.0,156200.0
2024-05-08,65070,3265.0,3290.0,3240.0,3260.0,0,0,122000.0,397861500.0,1.0,3265.0,3290.0,3240.0,3260.0,122000.0
2024-05-09,65070,3250.0,3355.0,3210.0,3320.0,0,0,160900.0,532290000.0,1.0,3250.0,3355.0,3210.0,3320.0,160900.0
2024-05-10,65070,3380.0,3885.0,3275.0,3775.0,0,0,749400.0,2725386500.0,1.0,3380.0,3885.0,3275.0,3775.0,749400.0
2024-05-13,65070,3805.0,4040.0,3775.0,3945.0,0,0,443200.0,1744226000.0,1.0,3805.0,4040.0,3775.0,3945.0,443200.0
2024-05-14,65070,3935.0,3935.0,3755.0,3840.0,0,0,204200.0,784072000.0,1.0,3935.0,3935.0,3755.0,3840.0,204200.0
2024-05-15,65070,3945.0,3960.0,3780.0,3835.0,0,0,174100.0,670154000.0,1.0,3945.0,3960.0,3780.0,3835.0,174100.0
2024-05-16,65070,3850.0,3920.0,3765.0,3825.0,0,0,198800.0,761296000.0,1.0,3850.0,3920.0,3765.0,3825.0,198800.0
2024-05-17,65070,3765.0,3880.0,3730.0,3810.0,0,0,203600.0,774510000.0,1.0,3765.0,3880.0,3730.0,3810.0,203600.0
2024-05-20,65070,3750.0,3785.0,3680.0,3730.0,0,0,213000.0,793686000.0,1.0,3750.0,3785.0,3680.0,3730.0,213000.0
2024-05-21,65070,3785.0,3795.0,3700.0,3735.0,0,0,98000.0,366989000.0,1.0,3785.0,3795.0,3700.0,3735.0,98000.0
2024-05-22,65070,3690.0,3770.0,3680.0,3690.0,0,0,142100.0,528965500.0,1.0,3690.0,3770.0,3680.0,3690.0,142100.0
2024-05-23,65070,3780.0,3830.0,3740.0,3815.0,0,0,133600.0,506865000.0,1.0,3780.0,3830.0,3740.0,3815.0,133600.0
2024-05-24,65070,3675.0,3770.0,3665.0,3665.0,0,0,135700.0,502834000.0,1.0,3675.0,3770.0,3665.0,3665.0,135700.0
2024-05-27,65070,3705.0,3765.0,3670.0,3765.0,0,0,137300.0,511271500.0,1.0,3705.0,3765.0,3670.0,3765.0,137300.0
2024-05-28,65070,3750.0,3795.0,3705.0,3705.0,0,0,106900.0,399052000.0,1.0,3750.0,3795.0,3705.0,3705.0,106900.0
2024-05-29,65070,3735.0,3755.0,3580.0,3610.0,0,0,170800.0,620668500.0,1.0,3735.0,3755.0,3580.0,3610.0,170800.0
2024-05-30,65070,3470.0,3515.0,3390.0,3425.0,0,0,245500.0,845954500.0,1.0,3470.0,3515.0,3390.0,3425.0,245500.0
2024-05-31,65070,3460.0,3570.0,3415.0,3415.0,0,0,879300.0,3026613000.0,1.0,3460.0,3570.0,3415.0,3415.0,879300.0
2024-06-03,65070,3625.0,3635.0,3400.0,3460.0,0,0,192300.0,673215000.0,1.0,3625.0,3635.0,3400.0,3460.0,192300.0
2024-06-04,65070,3390.0,3470.0,3365.0,3425.0,0,0,118800.0,407030500.0,1.0,3390.0,3470.0,3365.0,3425.0,118800.0
2024-06-05,65070,3355.0,3405.0,3300.0,3335.0,0,0,141400.0,472661000.0,1.0,3355.0,3405.0,3300.0,3335.0,141400.0
2024-06-06,65070,3375.0,3410.0,3260.0,3265.0,0,0,173800.0,573199500.0,1.0,3375.0,3410.0,3260.0,3265.0,173800.0
2024-06-07,65070,3250.0,3300.0,3210.0,3250.0,0,0,122500.0,398045500.0,1.0,3250.0,3300.0,3210.0,3250.0,122500.0
2024-06-10,65070,3215.0,3375.0,3215.0,3345.0,0,0,110900.0,367725500.0,1.0,3215.0,3375.0,3215.0,3345.0,110900.0
2024-06-11,65070,3290.0,3410.0,3290.0,3350.0,0,0,133900.0,450076000.0,1.0,3290.0,3410.0,3290.0,3350.0,133900.0
2024-06-12,65070,3335.0,3490.0,3335.0,3455.0,0,0,114900.0,395350000.0,1.0,3335.0,3490.0,3335.0,3455.0,114900.0
2024-06-13,65070,3465.0,3520.0,3375.0,3425.0,0,0,152200.0,523310500.0,1.0,3465.0,3520.0,3375.0,3425.0,152200.0
2024-06-14,65070,3390.0,3535.0,3390.0,3480.0,0,0,178200.0,618228000.0,1.0,3390.0,3535.0,3390.0,3480.0,178200.0
2024-06-17,65070,3420.0,3440.0,3330.0,3405.0,0,0,138300.0,467899500.0,1.0,3420.0,3440.0,3330.0,3405.0,138300.0
2024-06-18,65070,3445.0,3465.0,3385.0,3390.0,0,0,84700.0,289460000.0,1.0,3445.0,3465.0,3385.0,3390.0,84700.0
2024-06-19,65070,3395.0,3420.0,3220.0,3300.0,0,0,176800.0,583855000.0,1.0,3395.0,3420.0,3220.0,3300.0,176800.0
2024-06-20,65070,3240.0,3255.0,3125.0,3240.0,0,0,284600.0,909345000.0,1.0,3240.0,3255.0,3125.0,3240.0,284600.0
2024-06-21,65070,3240.0,3320.0,3205.0,3255.0,0,0,249900.0,816506000.0,1.0,3240.0,3320.0,3205.0,3255.0,249900.0
2024-06-24,65070,3265.0,3295.0,3215.0,3245.0,0,0,107100.0,348775000.0,1.0,3265.0,3295.0,3215.0,3245.0,107100.0
2024-06-25,65070,3220.0,3290.0,3220.0,3275.0,0,0,105800.0,345135000.0,1.0,3220.0,3290.0,3220.0,3275.0,105800.0
2024-06-26,65070,3305.0,3315.0,3270.0,3280.0,0,0,132800.0,436655000.0,1.0,3305.0,3315.0,3270.0,3280.0,132800.0
2024-06-27,65070,3270.0,3345.0,3255.0,3295.0,0,0,94900.0,313171000.0,1.0,3270.0,3345.0,3255.0,3295.0,94900.0
2024-06-28,65070,3330.0,3445.0,3310.0,3400.0,0,0,175200.0,594071500.0,1.0,3330.0,3445.0,3310.0,3400.0,175200.0
2024-07-01,65070,3460.0,3600.0,3455.0,3535.0,0,0,250100.0,885060000.0,1.0,3460.0,3600.0,3455.0,3535.0,250100.0
2024-07-02,65070,3515.0,3540.0,3450.0,3525.0,0,0,119700.0,420174500.0,1.0,3515.0,3540.0,3450.0,3525.0,119700.0
2024-07-03,65070,3535.0,3535.0,3435.0,3495.0,0,0,126300.0,439923500.0,1.0,3535.0,3535.0,3435.0,3495.0,126300.0
2024-07-04,65070,3535.0,3630.0,3535.0,3595.0,0,0,134900.0,483347500.0,1.0,3535.0,3630.0,3535.0,3595.0,134900.0
2024-07-05,65070,3595.0,3640.0,3545.0,3630.0,0,0,115100.0,415514000.0,1.0,3595.0,3640.0,3545.0,3630.0,115100.0
2024-07-08,65070,3570.0,3670.0,3555.0,3600.0,0,0,120200.0,435501500.0,1.0,3570.0,3670.0,3555.0,3600.0,120200.0
2024-07-09,65070,3620.0,3665.0,3575.0,3600.0,0,0,114700.0,413763000.0,1.0,3620.0,3665.0,3575.0,3600.0,114700.0
2024-07-10,65070,3560.0,3615.0,3395.0,3490.0,0,0,179300.0,626456000.0,1.0,3560.0,3615.0,3395.0,3490.0,179300.0
2024-07-11,65070,3550.0,3550.0,3410.0,3445.0,0,0,124200.0,428244500.0,1.0,3550.0,3550.0,3410.0,3445.0,124200.0
2024-07-12,65070,3400.0,3510.0,3400.0,3425.0,0,0,116700.0,402901500.0,1.0,3400.0,3510.0,3400.0,3425.0,116700.0
2024-07-16,65070,3455.0,3520.0,3440.0,3520.0,0,0,84900.0,296627000.0,1.0,3455.0,3520.0,3440.0,3520.0,84900.0
2024-07-17,65070,3545.0,3570.0,3405.0,3420.0,0,0,159200.0,549090500.0,1.0,3545.0,3570.0,3405.0,3420.0,159200.0
2024-07-18,65070,3350.0,3385.0,3285.0,3330.0,0,0,132800.0,443411000.0,1.0,3350.0,3385.0,3285.0,3330.0,132800.0
2024-07-19,65070,3350.0,3545.0,3350.0,3405.0,0,0,154700.0,532442500.0,1.0,3350.0,3545.0,3350.0,3405.0,154700.0
2024-07-22,65070,3365.0,3390.0,3290.0,3300.0,0,0,101000.0,335331000.0,1.0,3365.0,3390.0,3290.0,3300.0,101000.0
2024-07-23,65070,3330.0,3385.0,3290.0,3335.0,0,0,119900.0,399203500.0,1.0,3330.0,3385.0,3290.0,3335.0,119900.0
2024-07-24,65070,3295.0,3395.0,3280.0,3280.0,0,0,102700.0,341675000.0,1.0,3295.0,3395.0,3280.0,3280.0,102700.0
2024-07-25,65070,3205.0,3205.0,3045.0,3045.0,0,0,159800.0,495128500.0,1.0,3205.0,3205.0,3045.0,3045.0,159800.0
2024-07-26,65070,3020.0,3125.0,2999.0,3060.0,0,0,137900.0,423008800.0,1.0,3020.0,3125.0,2999.0,3060.0,137900.0
2024-07-29,65070,3125.0,3215.0,3105.0,3185.0,0,0,70700.0,224977000.0,1.0,3125.0,3215.0,3105.0,3185.0,70700.0
2024-07-30,65070,3200.0,3230.0,3145.0,3190.0,0,0,96800.0,307993500.0,1.0,3200.0,3230.0,3145.0,3190.0,96800.0
2024-07-31,65070,3120.0,3235.0,3110.0,3235.0,0,0,81700.0,260355000.0,1.0,3120.0,3235.0,3110.0,3235.0,81700.0
2024-08-01,65070,3175.0,3185.0,3070.0,3105.0,0,0,118700.0,369152500.0,1.0,3175.0,3185.0,3070.0,3105.0,118700.0
2024-08-02,65070,2971.0,2976.0,2805.0,2827.0,0,0,218000.0,626531300.0,1.0,2971.0,2976.0,2805.0,2827.0,218000.0
2024-08-05,65070,2327.0,2432.0,2327.0,2327.0,0,1,269800.0,637312600.0,1.0,2327.0,2432.0,2327.0,2327.0,269800.0
2024-08-06,65070,2677.0,2827.0,2530.0,2827.0,1,0,609200.0,1664421100.0,1.0,2677.0,2827.0,2530.0,2827.0,609200.0
2024-08-07,65070,2910.0,3330.0,2878.0,3330.0,1,0,438600.0,1401017800.0,1.0,2910.0,3330.0,2878.0,3330.0,438600.0
2024-08-08,65070,3190.0,3650.0,3185.0,3510.0,0,0,656000.0,2275070500.0,1.0,3190.0,3650.0,3185.0,3510.0,656000.0
2024-08-09,65070,3680.0,3725.0,3520.0,3580.0,0,0,327500.0,1179555500.0,1.0,3680.0,3725.0,3520.0,3580.0,327500.0
2024-08-13,65070,3700.0,3750.0,3605.0,3710.0,0,0,233500.0,859033000.0,1.0,3700.0,3750.0,3605.0,3710.0,233500.0
2024-08-14,65070,3715.0,3895.0,3680.0,3880.0,0,0,258500.0,984290500.0,1.0,3715.0,3895.0,3680.0,3880.0,258500.0
2024-08-15,65070,3865.0,4015.0,3775.0,3915.0,0,0,292200.0,1140677500.0,1.0,3865.0,4015.0,3775.0,3915.0,292200.0
2024-08-16,65070,4040.0,4105.0,3950.0,4040.0,0,0,238700.0,962449000.0,1.0,4040.0,4105.0,3950.0,4040.0,238700.0
2024-08-19,65070,3980.0,4030.0,3730.0,3730.0,0,0,216500.0,832854500.0,1.0,3980.0,4030.0,3730.0,3730.0,216500.0
2024-08-20,65070,3840.0,3860.0,3765.0,3850.0,0,0,130600.0,498724000.0,1.0,3840.0,3860.0,3765.0,3850.0,130600.0
2024-08-21,65070,3800.0,3845.0,3715.0,3780.0,0,0,125100.0,470869000.0,1.0,3800.0,3845.0,3715.0,3780.0,125100.0
2024-08-22,65070,3830.0,3890.0,3760.0,3890.0,0,0,170000.0,652856000.0,1.0,3830.0,3890.0,3760.0,3890.0,170000.0
2024-08-23,65070,3830.0,3875.0,3760.0,3875.0,0,0,143000.0,548891500.0,1.0,3830.0,3875.0,3760.0,3875.0,143000.0
2024-08-26,65070,3875.0,3905.0,3835.0,3865.0,0,0,95800.0,370585500.0,1.0,3875.0,3905.0,3835.0,3865.0,95800.0
2024-08-27,65070,3885.0,4000.0,3885.0,3985.0,0,0,169800.0,671412000.0,1.0,3885.0,4000.0,3885.0,3985.0,169800.0
2024-08-28,65070,3995.0,4055.0,3955.0,4015.0,0,0,140700.0,564460000.0,1.0,3995.0,4055.0,3955.0,4015.0,140700.0
2024-08-29,65070,4005.0,4295.0,3985.0,4295.0,0,0,313400.0,1318408000.0,1.0,4005.0,4295.0,3985.0,4295.0,313400.0
2024-08-30,65070,4335.0,4390.0,4265.0,4375.0,0,0,269400.0,1169830500.0,1.0,4335.0,4390.0,4265.0,4375.0,269400.0
2024-09-02,65070,4360.0,4470.0,4250.0,4460.0,0,0,181400.0,794536000.0,1.0,4360.0,4470.0,4250.0,4460.0,181400.0
2024-09-03,65070,4500.0,4510.0,4370.0,4450.0,0,0,184900.0,821112000.0,1.0,4500.0,4510.0,4370.0,4450.0,184900.0
2024-09-04,65070,4210.0,4400.0,4200.0,4380.0,0,0,260700.0,1127365000.0,1.0,4210.0,4400.0,4200.0,4380.0,260700.0
2024-09-05,65070,4325.0,4500.0,4315.0,4365.0,0,0,163000.0,719132500.0,1.0,4325.0,4500.0,4315.0,4365.0,163000.0
2024-09-06,65070,4420.0,4450.0,4185.0,4260.0,0,0,229600.0,978752000.0,1.0,4420.0,4450.0,4185.0,4260.0,229600.0
2024-09-09,65070,4080.0,4365.0,4070.0,4340.0,0,0,158500.0,671738500.0,1.0,4080.0,4365.0,4070.0,4340.0,158500.0
2024-09-10,65070,4425.0,4445.0,4350.0,4360.0,0,0,119000.0,521568000.0,1.0,4425.0,4445.0,4350.0,4360.0,119000.0
2024-09-11,65070,4430.0,4535.0,4315.0,4320.0,0,0,252700.0,1116981500.0,1.0,4430.0,4535.0,4315.0,4320.0,252700.0
2024-09-12,65070,4500.0,4565.0,4410.0,4495.0,0,0,181400.0,816938500.0,1.0,4500.0,4565.0,4410.0,4495.0,181400.0
2024-09-13,65070,4500.0,4610.0,4485.0,4565.0,0,0,194700.0,885079500.0,1.0,4500.0,4610.0,4485.0,4565.0,194700.0
2024-09-17,65070,4580.0,4595.0,4465.0,4590.0,0,0,133600.0,605134000.0,1.0,4580.0,4595.0,4465.0,4590.0,133600.0
2024-09-18,65070,4640.0,4700.0,4565.0,4630.0,0,0,163200.0,754929000.0,1.0,4640.0,4700.0,4565.0,4630.0,163200.0
2024-09-19,65070,4680.0,4765.0,4650.0,4760.0,0,0,168500.0,796526500.0,1.0,4680.0,4765.0,4650.0,4760.0,168500.0
2024-09-20,65070,4830.0,4935.0,4790.0,4865.0,0,0,299100.0,1457792500.0,1.0,4830.0,4935.0,4790.0,4865.0,299100.0
2024-09-24,65070,4995.0,5020.0,4835.0,4980.0,0,0,246500.0,1219122500.0,1.0,4995.0,5020.0,4835.0,4980.0,246500.0
2024-09-25,65070,4950.0,5070.0,4905.0,4950.0,0,0,204700.0,1023495500.0,1.0,4950.0,5070.0,4905.0,4950.0,204700.0
2024-09-26,65070,5150.0,5190.0,5060.0,5160.0,0,0,210600.0,1084853000.0,1.0,5150.0,5190.0,5060.0,5160.0,210600.0
2024-09-27,65070,5200.0,5250.0,5100.0,5250.0,0,0,210500.0,1091630000.0,1.0,5200.0,5250.0,5100.0,5250.0,210500.0
2024-09-30,65070,5000.0,5140.0,4955.0,5050.0,0,0,264600.0,1331197500.0,1.0,5000.0,5140.0,4955.0,5050.0,264600.0
2024-10-01,65070,5060.0,5380.0,5040.0,5380.0,0,0,186100.0,986644000.0,1.0,5060.0,5380.0,5040.0,5380.0,186100.0
2024-10-02,65070,5300.0,5440.0,5130.0,5160.0,0,0,195100.0,1021373000.0,1.0,5300.0,5440.0,5130.0,5160.0,195100.0
2024-10-03,65070,5340.0,5350.0,4995.0,5020.0,0,0,252000.0,1279820000.0,1.0,5340.0,5350.0,4995.0,5020.0,252000.0
2024-10-04,65070,4975.0,5090.0,4965.0,4995.0,0,0,137100.0,689250500.0,1.0,4975.0,5090.0,4965.0,4995.0,137100.0
2024-10-07,65070,5200.0,5280.0,5120.0,5280.0,0,0,197000.0,1028165000.0,1.0,5200.0,5280.0,5120.0,5280.0,197000.0
2024-10-08,65070,5190.0,5250.0,5040.0,5040.0,0,0,149000.0,761215000.0,1.0,5190.0,5250.0,5040.0,5040.0,149000.0
2024-10-09,65070,5130.0,5150.0,5030.0,5090.0,0,0,134800.0,685184000.0,1.0,5130.0,5150.0,5030.0,5090.0,134800.0
2024-10-10,65070,5130.0,5190.0,5000.0,5150.0,0,0,135700.0,694902000.0,1.0,5130.0,5190.0,5000.0,5150.0,135700.0
2024-10-11,65070,5150.0,5270.0,5140.0,5150.0,0,0,81400.0,421991000.0,1.0,5150.0,5270.0,5140.0,5150.0,81400.0
2024-10-15,65070,5220.0,5250.0,5170.0,5180.0,0,0,98800.0,514390000.0,1.0,5220.0,5250.0,5170.0,5180.0,98800.0
2024-10-16,65070,5090.0,5230.0,5090.0,5220.0,0,0,122000.0,632356000.0,1.0,5090.0,5230.0,5090.0,5220.0,122000.0
2024-10-17,65070,5200.0,5220.0,5120.0,5190.0,0,0,114600.0,593928000.0,1.0,5200.0,5220.0,5120.0,5190.0,114600.0
2024-10-18,65070,5240.0,5340.0,5230.0,5270.0,0,0,99500.0,525588000.0,1.0,5240.0,5340.0,5230.0,5270.0,99500.0
2024-10-21,65070,5230.0,5240.0,5120.0,5120.0,0,0,185000.0,956888000.0,1.0,5230.0,5240.0,5120.0,5120.0,185000.0
2024-10-22,65070,5090.0,5140.0,4985.0,5100.0,0,0,242800.0,1228097500.0,1.0,5090.0,5140.0,4985.0,5100.0,242800.0
2024-10-23,65070,5070.0,5150.0,4970.0,5010.0,0,0,177900.0,898798500.0,1.0,5070.0,5150.0,4970.0,5010.0,177900.0
2024-10-24,65070,4910.0,5100.0,4875.0,5040.0,0,0,157600.0,790160000.0,1.0,4910.0,5100.0,4875.0,5040.0,157600.0
2024-10-25,65070,5020.0,5100.0,4995.0,5010.0,0,0,148400.0,745249500.0,1.0,5020.0,5100.0,4995.0,5010.0,148400.0
2024-10-28,65070,4945.0,5050.0,4880.0,4975.0,0,0,178100.0,883708000.0,1.0,4945.0,5050.0,4880.0,4975.0,178100.0
2024-10-29,65070,4975.0,5030.0,4925.0,5030.0,0,0,113600.0,567500000.0,1.0,4975.0,5030.0,4925.0,5030.0,113600.0
2024-10-30,65070,5030.0,5260.0,4995.0,5150.0,0,0,478900.0,2465779000.0,1.0,5030.0,5260.0,4995.0,5150.0,478900.0
2024-10-31,65070,5100.0,5310.0,5020.0,5260.0,0,0,136700.0,710913000.0,1.0,5100.0,5310.0,5020.0,5260.0,136700.0
2024-11-01,65070,5160.0,5190.0,5030.0,5030.0,0,0,171700.0,872682000.0,1.0,5160.0,5190.0,5030.0,5030.0,171700.0
2024-11-05,65070,5090.0,5140.0,5040.0,5050.0,0,0,115000.0,585012000.0,1.0,5090.0,5140.0,5040.0,5050.0,115000.0
2024-11-06,65070,5050.0,5370.0,5050.0,5360.0,0,0,190000.0,1004623000.0,1.0,5050.0,5370.0,5050.0,5360.0,190000.0
2024-11-07,65070,5550.0,5570.0,5400.0,5510.0,0,0,200700.0,1103820000.0,1.0,5550.0,5570.0,5400.0,5510.0,200700.0
2024-11-08,65070,5540.0,6410.0,5510.0,6260.0,0,0,722600.0,4418539000.0,1.0,5540.0,6410.0,5510.0,6260.0,722600.0
2024-11-11,65070,6260.0,6450.0,6040.0,6440.0,0,0,428700.0,2705609000.0,1.0,6260.0,6450.0,6040.0,6440.0,428700.0
2024-11-12,65070,6520.0,6710.0,6370.0,6440.0,0,0,398700.0,2593078000.0,1.0,6520.0,6710.0,6370.0,6440.0,398700.0
2024-11-13,65070,6400.0,6400.0,6180.0,6220.0,0,0,209200.0,1311541000.0,1.0,6400.0,6400.0,6180.0,6220.0,209200.0
2024-11-14,65070,6200.0,6320.0,6130.0,6250.0,0,0,166800.0,1043139000.0,1.0,6200.0,6320.0,6130.0,6250.0,166800.0
2024-11-15,65070,6300.0,6450.0,6270.0,6390.0,0,0,144500.0,916213000.0,1.0,6300.0,6450.0,6270.0,6390.0,144500.0
2024-11-18,65070,6230.0,6330.0,6050.0,6060.0,0,0,142800.0,877359000.0,1.0,6230.0,6330.0,6050.0,6060.0,142800.0
2024-11-19,65070,6100.0,6120.0,5900.0,5960.0,0,0,270500.0,1613084000.0,1.0,6100.0,6120.0,5900.0,5960.0,270500.0
2024-11-20,65070,5990.0,6100.0,5990.0,6080.0,0,0,88000.0,533228000.0,1.0,5990.0,6100.0,5990.0,6080.0,88000.0
2024-11-21,65070,5980.0,6060.0,5780.0,5810.0,0,0,149100.0,876625000.0,1.0,5980.0,6060.0,5780.0,5810.0,149100.0
2024-11-22,65070,5870.0,6000.0,5820.0,5940.0,0,0,101100.0,598702000.0,1.0,5870.0,6000.0,5820.0,5940.0,101100.0
2024-11-25,65070,6020.0,6020.0,5670.0,5710.0,0,0,362200.0,2081168000.0,1.0,6020.0,6020.0,5670.0,5710.0,362200.0
2024-11-26,65070,5720.0,5740.0,5500.0,5660.0,0,0,205300.0,1152928000.0,1.0,5720.0,5740.0,5500.0,5660.0,205300.0
2024-11-27,65070,5700.0,5700.0,5520.0,5640.0,0,0,163200.0,911543000.0,1.0,5700.0,5700.0,5520.0,5640.0,163200.0
2024-11-28,65070,5600.0,5720.0,5560.0,5710.0,0,0,109500.0,619917000.0,1.0,5600.0,5720.0,5560.0,5710.0,109500.0
2024-11-29,65070,5710.0,5850.0,5710.0,5780.0,0,0,143400.0,828841000.0,1.0,5710.0,5850.0,5710.0,5780.0,143400.0
2024-12-02,65070,5760.0,5880.0,5740.0,5850.0,0,0,145900.0,848449000.0,1.0,5760.0,5880.0,5740.0,5850.0,145900.0
2024-12-03,65070,5890.0,6160.0,5890.0,6110.0,0,0,223700.0,1359313000.0,1.0,5890.0,6160.0,5890.0,6110.0,223700.0
2024-12-04,65070,6130.0,6220.0,5930.0,5980.0,0,0,196200.0,1182493000.0,1.0,6130.0,6220.0,5930.0,5980.0,196200.0
2024-12-05,65070,6050.0,6150.0,6010.0,6050.0,0,0,153400.0,929630000.0,1.0,6050.0,6150.0,6010.0,6050.0,153400.0
2024-12-06,65070,6190.0,6200.0,5890.0,5920.0,0,0,271600.0,1633593000.0,1.0,6190.0,6200.0,5890.0,5920.0,271600.0
2024-12-09,65070,5960.0,6010.0,5510.0,5520.0,0,0,376100.0,2111635000.0,1.0,5960.0,6010.0,5510.0,5520.0,376100.0
2024-12-10,65070,5540.0,5610.0,5400.0,5440.0,0,0,278500.0,1524777000.0,1.0,5540.0,5610.0,5400.0,5440.0,278500.0
2024-12-11,65070,5480.0,5940.0,5480.0,5920.0,0,0,432700.0,2492251000.0,1.0,5480.0,5940.0,5480.0,5920.0,432700.0
2024-12-12,65070,6010.0,6420.0,5960.0,6330.0,0,0,467200.0,2923678000.0,1.0,6010.0,6420.0,5960.0,6330.0,467200.0
2024-12-13,65070,6310.0,6420.0,6200.0,6270.0,0,0,353200.0,2221019000.0,1.0,6310.0,6420.0,6200.0,6270.0,353200.0
2024-12-16,65070,6170.0,6490.0,6110.0,6450.0,0,0,215700.0,1375735000.0,1.0,6170.0,6490.0,6110.0,6450.0,215700.0
2024-12-17,65070,6510.0,6590.0,6430.0,6480.0,0,0,221700.0,1441807000.0,1.0,6510.0,6590.0,6430.0,6480.0,221700.0
2024-12-18,65070,6460.0,6680.0,6410.0,6630.0,0,0,226500.0,1491176000.0,1.0,6460.0,6680.0,6410.0,6630.0,226500.0
2024-12-19,65070,6530.0,6760.0,6410.0,6660.0,0,0,232500.0,1542806000.0,1.0,6530.0,6760.0,6410.0,6660.0,232500.0
2024-12-20,65070,6660.0,6810.0,6560.0,6710.0,0,0,205500.0,1376727000.0,1.0,6660.0,6810.0,6560.0,6710.0,205500.0
2024-12-23,65070,6890.0,7010.0,6800.0,6840.0,0,0,333500.0,2300944000.0,1.0,6890.0,7010.0,6800.0,6840.0,333500.0
2024-12-24,65070,6840.0,6860.0,6550.0,6570.0,0,0,242100.0,1614452000.0,1.0,6840.0,6860.0,6550.0,6570.0,242100.0
2024-12-25,65070,6480.0,6590.0,6400.0,6590.0,0,0,264400.0,1715885000.0,1.0,6480.0,6590.0,6400.0,6590.0,264400.0
2024-12-26,65070,6600.0,6630.0,6500.0,6570.0,0,0,181200.0,1187605000.0,1.0,6600.0,6630.0,6500.0,6570.0,181200.0
2024-12-27,65070,6600.0,6620.0,6460.0,6590.0,0,0,166600.0,1090050000.0,1.0,6600.0,6620.0,6460.0,6590.0,166600.0
2024-12-30,65070,6550.0,6550.0,6190.0,6420.0,0,0,244100.0,1546626000.0,1.0,6550.0,6550.0,6190.0,6420.0,244100.0
2025-01-06,65070,6510.0,6530.0,6030.0,6050.0,0,0,278900.0,1734241000.0,1.0,6510.0,6530.0,6030.0,6050.0,278900.0
2025-01-07,65070,6120.0,6220.0,6020.0,6050.0,0,0,215800.0,1314933000.0,1.0,6120.0,6220.0,6020.0,6050.0,215800.0
2025-01-08,65070,6000.0,6290.0,5960.0,6120.0,0,0,272500.0,1671798000.0,1.0,6000.0,6290.0,5960.0,6120.0,272500.0
2025-01-09,65070,6120.0,6170.0,5880.0,5930.0,0,0,224900.0,1343940000.0,1.0,6120.0,6170.0,5880.0,5930.0,224900.0
2025-01-10,65070,5910.0,6040.0,5910.0,5960.0,0,0,149100.0,891621000.0,1.0,5910.0,6040.0,5910.0,5960.0,149100.0
2025-01-14,65070,5970.0,6030.0,5780.0,5840.0,0,0,183800.0,1078948000.0,1.0,5970.0,6030.0,5780.0,5840.0,183800.0
2025-01-15,65070,5800.0,5830.0,5610.0,5750.0,0,0,274800.0,1566747000.0,1.0,5800.0,5830.0,5610.0,5750.0,274800.0
2025-01-16,65070,5800.0,5830.0,5690.0,5780.0,0,0,202500.0,1168303000.0,1.0,5800.0,5830.0,5690.0,5780.0,202500.0
2025-01-17,65070,5710.0,5960.0,5650.0,5900.0,0,0,209000.0,1218445000.0,1.0,5710.0,5960.0,5650.0,5900.0,209000.0
2025-01-20,65070,6000.0,6190.0,5970.0,6020.0,0,0,253100.0,1540391000.0,1.0,6000.0,6190.0,5970.0,6020.0,253100.0
2025-01-21,65070,6380.0,6450.0,6160.0,6320.0,0,0,460000.0,2899288000.0,1.0,6380.0,6450.0,6160.0,6320.0,460000.0
2025-01-22,65070,6380.0,6710.0,6350.0,6610.0,0,0,406400.0,2661295000.0,1.0,6380.0,6710.0,6350.0,6610.0,406400.0
2025-01-23,65070,6670.0,6810.0,6550.0,6730.0,0,0,473800.0,3168979000.0,1.0,6670.0,6810.0,6550.0,6730.0,473800.0
2025-01-24,65070,6800.0,6830.0,6610.0,6680.0,0,0,324000.0,2175460000.0,1.0,6800.0,6830.0,6610.0,6680.0,324000.0
2025-01-27,65070,6780.0,6830.0,6500.0,6560.0,0,0,318100.0,2104366000.0,1.0,6780.0,6830.0,6500.0,6560.0,318100.0
2025-01-28,65070,6460.0,6630.0,6380.0,6600.0,0,0,236100.0,1540394000.0,1.0,6460.0,6630.0,6380.0,6600.0,236100.0
2025-01-29,65070,6620.0,6930.0,6600.0,6880.0,0,0,264000.0,1798403000.0,1.0,6620.0,6930.0,6600.0,6880.0,264000.0
2025-01-30,65070,6780.0,7340.0,6780.0,7040.0,0,0,618600.0,4408973000.0,1.0,6780.0,7340.0,6780.0,7040.0,618600.0
2025-01-31,65070,7010.0,7100.0,6990.0,7010.0,0,0,227600.0,1600745000.0,1.0,7010.0,7100.0,6990.0,7010.0,227600.0
2025-02-03,65070,6960.0,7070.0,6840.0,6850.0,0,0,238000.0,1651614000.0,1.0,6960.0,7070.0,6840.0,6850.0,238000.0
2025-02-04,65070,6950.0,7030.0,6870.0,6910.0,0,0,189000.0,1312402000.0,1.0,6950.0,7030.0,6870.0,6910.0,189000.0
2025-02-05,65070,6900.0,6930.0,6750.0,6850.0,0,0,253600.0,1733304000.0,1.0,6900.0,6930.0,6750.0,6850.0,253600.0
2025-02-06,65070,6750.0,6970.0,6720.0,6910.0,0,0,393200.0,2701699000.0,1.0,6750.0,6970.0,6720.0,6910.0,393200.0
2025-02-07,65070,6710.0,6830.0,6340.0,6540.0,0,0,959700.0,6346354000.0,1.0,6710.0,6830.0,6340.0,6540.0,959700.0
2025-02-10,65070,6580.0,6710.0,6280.0,6340.0,0,0,382600.0,2442065000.0,1.0,6580.0,6710.0,6280.0,6340.0,382600.0
2025-02-12,65070,6280.0,6280.0,6070.0,6070.0,0,0,329000.0,2020209000.0,1.0,6280.0,6280.0,6070.0,6070.0,329000.0
2025-02-13,65070,6210.0,6260.0,6090.0,6130.0,0,0,219800.0,1350663000.0,1.0,6210.0,6260.0,6090.0,6130.0,219800.0
2025-02-14,65070,6030.0,6090.0,5960.0,6030.0,0,0,276000.0,1662434000.0,1.0,6030.0,6090.0,5960.0,6030.0,276000.0
2025-02-17,65070,6120.0,6550.0,6090.0,6540.0,0,0,293400.0,1882214000.0,1.0,6120.0,6550.0,6090.0,6540.0,293400.0
2025-02-18,65070,6600.0,6930.0,6520.0,6870.0,0,0,417400.0,2816952000.0,1.0,6600.0,6930.0,6520.0,6870.0,417400.0
2025-02-19,65070,6670.0,6670.0,6210.0,6430.0,0,0,521400.0,3342266000.0,1.0,6670.0,6670.0,6210.0,6430.0,521400.0
2025-02-20,65070,6340.0,6440.0,6150.0,6210.0,0,0,224200.0,1411415000.0,1.0,6340.0,6440.0,6150.0,6210.0,224200.0
2025-02-21,65070,6160.0,6170.0,5970.0,6070.0,0,0,230700.0,1400063000.0,1.0,6160.0,6170.0,5970.0,6070.0,230700.0
2025-02-25,65070,6000.0,6080.0,5900.0,6000.0,0,0,168600.0,1013954000.0,1.0,6000.0,6080.0,5900.0,6000.0,168600.0
2025-02-26,65070,5940.0,5980.0,5710.0,5870.0,0,0,274400.0,1596952000.0,1.0,5940.0,5980.0,5710.0,5870.0,274400.0
2025-02-27,65070,6140.0,6200.0,5890.0,5970.0,0,0,250200.0,1507869000.0,1.0,6140.0,6200.0,5890.0,5970.0,250200.0
2025-02-28,65070,5900.0,5970.0,5800.0,5840.0,0,0,222400.0,1301646000.0,1.0,5900.0,5970.0,5800.0,5840.0,222400.0
2025-03-03,65070,6000.0,6000.0,5860.0,5910.0,0,0,185500.0,1096310000.0,1.0,6000.0,6000.0,5860.0,5910.0,185500.0
2025-03-04,65070,5810.0,5950.0,5710.0,5950.0,0,0,261600.0,1528831000.0,1.0,5810.0,5950.0,5710.0,5950.0,261600.0
2025-03-05,65070,5970.0,6400.0,5960.0,6240.0,0,0,669700.0,4178429000.0,1.0,5970.0,6400.0,5960.0,6240.0,669700.0
2025-03-06,65070,6620.0,7200.0,6610.0,6990.0,0,0,1104600.0,7621496000.0,1.0,6620.0,7200.0,6610.0,6990.0,1104600.0
2025-03-07,65070,6890.0,7080.0,6690.0,6710.0,0,0,622100.0,4253824000.0,1.0,6890.0,7080.0,6690.0,6710.0,622100.0
2025-03-10,65070,6610.0,6780.0,6300.0,6320.0,0,0,391300.0,2529086000.0,1.0,6610.0,6780.0,6300.0,6320.0,391300.0
2025-03-11,65070,6050.0,6220.0,5940.0,6060.0,0,0,393900.0,2377184000.0,1.0,6050.0,6220.0,5940.0,6060.0,393900.0
2025-03-12,65070,5980.0,6300.0,5890.0,6240.0,0,0,392800.0,2412525000.0,1.0,5980.0,6300.0,5890.0,6240.0,392800.0
2025-03-13,65070,6270.0,6390.0,6100.0,6260.0,0,0,339900.0,2126075000.0,1.0,6270.0,6390.0,6100.0,6260.0,339900.0
2025-03-14,65070,6300.0,6530.0,6240.0,6520.0,0,0,256400.0,1643055000.0,1.0,6300.0,6530.0,6240.0,6520.0,256400.0
2025-03-17,65070,6620.0,6930.0,6520.0,6900.0,0,0,511400.0,3467508000.0,1.0,6620.0,6930.0,6520.0,6900.0,511400.0
2025-03-18,65070,6920.0,6970.0,6600.0,6690.0,0,0,343000.0,2307656000.0,1.0,6920.0,6970.0,6600.0,6690.0,343000.0
2025-03-19,65070,6760.0,7030.0,6700.0,7030.0,0,0,330000.0,2282413000.0,1.0,6760.0,7030.0,6700.0,7030.0,330000.0
2025-03-21,65070,6980.0,7040.0,6800.0,6810.0,0,0,271800.0,1873363000.0,1.0,6980.0,7040.0,6800.0,6810.0,271800.0
2025-03-24,65070,6890.0,7000.0,6620.0,6620.0,0,0,178800.0,1210198000.0,1.0,6890.0,7000.0,6620.0,6620.0,178800.0
2025-03-25,65070,6760.0,6770.0,6470.0,6470.0,0,0,175800.0,1155135000.0,1.0,6760.0,6770.0,6470.0,6470.0,175800.0
2025-03-26,65070,6610.0,6610.0,6460.0,6490.0,0,0,136600.0,890063000.0,1.0,6610.0,6610.0,6460.0,6490.0,136600.0
2025-03-27,65070,6410.0,6470.0,6340.0,6430.0,0,0,194900.0,1249249000.0,1.0,6410.0,6470.0,6340.0,6430.0,194900.0
2025-03-28,65070,6340.0,6510.0,6160.0,6290.0,0,0,233000.0,1461990000.0,1.0,6340.0,6510.0,6160.0,6290.0,233000.0
2025-03-31,65070,6050.0,6210.0,5980.0,5980.0,0,0,280400.0,1696013000.0,1.0,6050.0,6210.0,5980.0,5980.0,280400.0
2025-04-01,65070,6020.0,6020.0,5600.0,5640.0,0,0,326600.0,1882975000.0,1.0,6020.0,6020.0,5600.0,5640.0,326600.0
2025-04-02,65070,5700.0,5920.0,5620.0,5890.0,0,0,281600.0,1636448000.0,1.0,5700.0,5920.0,5620.0,5890.0,281600.0
2025-04-03,65070,5590.0,5690.0,5450.0,5550.0,0,0,350700.0,1949590000.0,1.0,5590.0,5690.0,5450.0,5550.0,350700.0
2025-04-04,65070,5310.0,5330.0,4960.0,5190.0,0,0,431700.0,2213659500.0,1.0,5310.0,5330.0,4960.0,5190.0,431700.0
2025-04-07,65070,4360.0,4675.0,4260.0,4355.0,0,0,409300.0,1822048500.0,1.0,4360.0,4675.0,4260.0,4355.0,409300.0
2025-04-08,65070,4985.0,5060.0,4920.0,5060.0,1,0,278700.0,1399984000.0,1.0,4985.0,5060.0,4920.0,5060.0,278700.0
2025-04-09,65070,4960.0,4985.0,4590.0,4750.0,0,0,580200.0,2739713000.0,1.0,4960.0,4985.0,4590.0,4750.0,580200.0
2025-04-10,65070,5450.0,5450.0,5220.0,5450.0,1,0,389300.0,2089449000.0,1.0,5450.0,5450.0,5220.0,5450.0,389300.0
2025-04-11,65070,5250.0,5430.0,5030.0,5320.0,0,0,395300.0,2072525000.0,1.0,5250.0,5430.0,5030.0,5320.0,395300.0
2025-04-14,65070,5410.0,5570.0,5400.0,5420.0,0,0,215700.0,1178046000.0,1.0,5410.0,5570.0,5400.0,5420.0,215700.0
2025-04-15,65070,5450.0,5650.0,5450.0,5600.0,0,0,247300.0,1377890000.0,1.0,5450.0,5650.0,5450.0,5600.0,247300.0
2025-04-16,65070,5600.0,5620.0,5260.0,5300.0,0,0,275000.0,1480031000.0,1.0,5600.0,5620.0,5260.0,5300.0,275000.0
2025-04-17,65070,5470.0,5780.0,5440.0,5760.0,0,0,432800.0,2437129000.0,1.0,5470.0,5780.0,5440.0,5760.0,432800.0
2025-04-18,65070,5670.0,5820.0,5600.0,5740.0,0,0,204700.0,1168311000.0,1.0,5670.0,5820.0,5600.0,5740.0,204700.0
2025-04-21,65070,5640.0,5750.0,5520.0,5710.0,0,0,243400.0,1369310000.0,1.0,5640.0,5750.0,5520.0,5710.0,243400.0
2025-04-22,65070,5690.0,5810.0,5670.0,5730.0,0,0,166500.0,953191000.0,1.0,5690.0,5810.0,5670.0,5730.0,166500.0
2025-04-23,65070,5880.0,5910.0,5760.0,5840.0,0,0,181000.0,1055739000.0,1.0,5880.0,5910.0,5760.0,5840.0,181000.0
2025-04-24,65070,5990.0,6020.0,5800.0,5800.0,0,0,220600.0,1303669000.0,1.0,5990.0,6020.0,5800.0,5800.0,220600.0
2025-04-25,65070,5900.0,6130.0,5870.0,5870.0,0,0,324000.0,1942413000.0,1.0,5900.0,6130.0,5870.0,5870.0,324000.0
2025-04-28,65070,5970.0,6070.0,5850.0,5880.0,0,0,194100.0,1149266000.0,1.0,5970.0,6070.0,5850.0,5880.0,194100.0
2025-04-30,65070,5960.0,6110.0,5890.0,6080.0,0,0,202800.0,1221730000.0,1.0,5960.0,6110.0,5890.0,6080.0,202800.0
2025-05-01,65070,6180.0,6330.0,6110.0,6250.0,0,0,268100.0,1670328000.0,1.0,6180.0,6330.0,6110.0,6250.0,268100.0
2025-05-02,65070,6290.0,6300.0,6110.0,6230.0,0,0,179900.0,1118033000.0,1.0,6290.0,6300.0,6110.0,6230.0,179900.0
2025-05-07,65070,6230.0,6250.0,6050.0,6240.0,0,0,144100.0,889021000.0,1.0,6230.0,6250.0,6050.0,6240.0,144100.0
2025-05-08,65070,6210.0,6280.0,6110.0,6280.0,0,0,154800.0,961909000.0,1.0,6210.0,6280.0,6110.0,6280.0,154800.0
2025-05-09,65070,6180.0,6310.0,6160.0,6290.0,0,0,235600.0,1470017000.0,1.0,6180.0,6310.0,6160.0,6290.0,235600.0
2025-05-12,65070,6250.0,6350.0,6190.0,6310.0,0,0,171100.0,1074322000.0,1.0,6250.0,6350.0,6190.0,6310.0,171100.0
2025-05-13,65070,6480.0,6740.0,6020.0,6630.0,0,0,785000.0,5072964000.0,1.0,6480.0,6740.0,6020.0,6630.0,785000.0
2025-05-14,65070,6640.0,6720.0,6270.0,6510.0,0,0,448700.0,2904562000.0,1.0,6640.0,6720.0,6270.0,6510.0,448700.0
2025-05-15,65070,6420.0,6660.0,6370.0,6660.0,0,0,210500.0,1380039000.0,1.0,6420.0,6660.0,6370.0,6660.0,210500.0
2025-05-16,65070,6760.0,7000.0,6660.0,6870.0,0,0,368000.0,2517645000.0,1.0,6760.0,7000.0,6660.0,6870.0,368000.0
2025-05-19,65070,6670.0,6850.0,6610.0,6840.0,0,0,237800.0,1604264000.0,1.0,6670.0,6850.0,6610.0,6840.0,237800.0
2025-05-20,65070,6940.0,7050.0,6820.0,6850.0,0,0,233300.0,1615098000.0,1.0,6940.0,7050.0,6820.0,6850.0,233300.0
2025-05-21,65070,7050.0,7060.0,6670.0,6760.0,0,0,263700.0,1790537000.0,1.0,7050.0,7060.0,6670.0,6760.0,263700.0
2025-05-22,65070,6500.0,6660.0,6490.0,6600.0,0,0,180100.0,1187153000.0,1.0,6500.0,6660.0,6490.0,6600.0,180100.0
2025-05-23,65070,6660.0,6980.0,6610.0,6920.0,0,0,297800.0,2043839000.0,1.0,6660.0,6980.0,6610.0,6920.0,297800.0
2025-05-26,65070,6920.0,7060.0,6840.0,7050.0,0,0,279100.0,1951037000.0,1.0,6920.0,7060.0,6840.0,7050.0,279100.0
2025-05-27,65070,7050.0,7610.0,7020.0,7590.0,0,0,454900.0,3368802000.0,1.0,7050.0,7610.0,7020.0,7590.0,454900.0
2025-05-28,65070,7720.0,7790.0,7590.0,7600.0,0,0,451700.0,3470195000.0,1.0,7720.0,7790.0,7590.0,7600.0,451700.0
2025-05-29,65070,7720.0,7980.0,7620.0,7820.0,0,0,390700.0,3056379000.0,1.0,7720.0,7980.0,7620.0,7820.0,390700.0
2025-05-30,65070,7680.0,8010.0,7680.0,7850.0,0,0,330700.0,2604849000.0,1.0,7680.0,8010.0,7680.0,7850.0,330700.0
2025-06-02,65070,7800.0,8300.0,7800.0,8260.0,0,0,452700.0,3655052000.0,1.0,7800.0,8300.0,7800.0,8260.0,452700.0
2025-06-03,65070,8300.0,8710.0,8270.0,8480.0,0,0,542100.0,4624123000.0,1.0,8300.0,8710.0,8270.0,8480.0,542100.0
2025-06-04,65070,8520.0,8640.0,8350.0,8400.0,0,0,315100.0,2674135000.0,1.0,8520.0,8640.0,8350.0,8400.0,315100.0
2025-06-05,65070,8390.0,8500.0,8190.0,8190.0,0,0,351600.0,2913872000.0,1.0,8390.0,8500.0,8190.0,8190.0,351600.0
2025-06-06,65070,8190.0,8620.0,8160.0,8530.0,0,0,336600.0,2847542000.0,1.0,8190.0,8620.0,8160.0,8530.0,336600.0
2025-06-09,65070,8590.0,8650.0,8270.0,8310.0,0,0,261400.0,2201155000.0,1.0,8590.0,8650.0,8270.0,8310.0,261400.0
2025-06-10,65070,8610.0,8880.0,8560.0,8750.0,0,0,555000.0,4844396000.0,1.0,8610.0,8880.0,8560.0,8750.0,555000.0
2025-06-11,65070,8750.0,8830.0,8490.0,8490.0,0,0,506800.0,4365412000.0,1.0,8750.0,8830.0,8490.0,8490.0,506800.0
2025-06-12,65070,8620.0,8780.0,8510.0,8710.0,0,0,313300.0,2716100000.0,1.0,8620.0,8780.0,8510.0,8710.0,313300.0
2025-06-13,65070,8720.0,8830.0,8640.0,8770.0,0,0,324600.0,2839943000.0,1.0,8720.0,8830.0,8640.0,8770.0,324600.0
2025-06-16,65070,9070.0,9090.0,8650.0,8790.0,0,0,259700.0,2288382000.0,1.0,9070.0,9090.0,8650.0,8790.0,259700.0
2025-06-17,65070,8840.0,9020.0,8750.0,8950.0,0,0,323800.0,2884966000.0,1.0,8840.0,9020.0,8750.0,8950.0,323800.0
2025-06-18,65070,8880.0,8990.0,8650.0,8670.0,0,0,216100.0,1895086000.0,1.0,8880.0,8990.0,8650.0,8670.0,216100.0
2025-06-19,65070,8650.0,8750.0,8580.0,8700.0,0,0,223500.0,1936107000.0,1.0,8650.0,8750.0,8580.0,8700.0,223500.0
2025-06-20,65070,8730.0,8740.0,8500.0,8560.0,0,0,476000.0,4083862000.0,1.0,8730.0,8740.0,8500.0,8560.0,476000.0
2025-06-23,65070,8600.0,8740.0,8450.0,8460.0,0,0,240300.0,2062075000.0,1.0,8600.0,8740.0,8450.0,8460.0,240300.0
2025-06-24,65070,8510.0,8720.0,8480.0,8680.0,0,0,270000.0,2328638000.0,1.0,8510.0,8720.0,8480.0,8680.0,270000.0
2025-06-25,65070,8530.0,8860.0,8530.0,8790.0,0,0,246400.0,2158497000.0,1.0,8530.0,8860.0,8530.0,8790.0,246400.0
2025-06-26,65070,9240.0,9350.0,9060.0,9120.0,0,0,529800.0,4878132000.0,1.0,9240.0,9350.0,9060.0,9120.0,529800.0
2025-06-27,65070,9870.0,10050.0,9600.0,9930.0,0,0,716400.0,7066885000.0,1.0,9870.0,10050.0,9600.0,9930.0,716400.0
2025-06-30,65070,10170.0,10270.0,9740.0,9760.0,0,0,507900.0,5089359000.0,1.0,10170.0,10270.0,9740.0,9760.0,507900.0
2025-07-01,65070,9670.0,10020.0,9670.0,9850.0,0,0,301800.0,2988893000.0,1.0,9670.0,10020.0,9670.0,9850.0,301800.0
2025-07-02,65070,9700.0,9920.0,9600.0,9600.0,0,0,297000.0,2894712000.0,1.0,9700.0,9920.0,9600.0,9600.0,297000.0
2025-07-03,65070,9490.0,9560.0,9080.0,9090.0,0,0,426700.0,3927756000.0,1.0,9490.0,9560.0,9080.0,9090.0,426700.0
2025-07-04,65070,9370.0,9470.0,9230.0,9300.0,0,0,341900.0,3198313000.0,1.0,9370.0,9470.0,9230.0,9300.0,341900.0
2025-07-07,65070,9150.0,9270.0,9090.0,9270.0,0,0,225800.0,2072277000.0,1.0,9150.0,9270.0,9090.0,9270.0,225800.0
2025-07-08,65070,9120.0,9430.0,9120.0,9330.0,0,0,167100.0,1559359000.0,1.0,9120.0,9430.0,9120.0,9330.0,167100.0
2025-07-09,65070,9330.0,9520.0,9240.0,9460.0,0,0,362600.0,3420214000.0,1.0,9330.0,9520.0,9240.0,9460.0,362600.0
2025-07-10,65070,9500.0,9560.0,9230.0,9450.0,0,0,232700.0,2189629000.0,1.0,9500.0,9560.0,9230.0,9450.0,232700.0
2025-07-11,65070,9460.0,9530.0,8880.0,8900.0,0,0,309700.0,2813682000.0,1.0,9460.0,9530.0,8880.0,8900.0,309700.0
2025-07-14,65070,8770.0,9060.0,8700.0,8970.0,0,0,315500.0,2811588000.0,1.0,8770.0,9060.0,8700.0,8970.0,315500.0
2025-07-15,65070,9120.0,9200.0,8980.0,9060.0,0,0,180900.0,1641832000.0,1.0,9120.0,9200.0,8980.0,9060.0,180900.0
2025-07-16,65070,9060.0,9180.0,9010.0,9070.0,0,0,117500.0,1067612000.0,1.0,9060.0,9180.0,9010.0,9070.0,117500.0
2025-07-17,65070,9020.0,9150.0,8930.0,9130.0,0,0,118500.0,1074830000.0,1.0,9020.0,9150.0,8930.0,9130.0,118500.0
2025-07-18,65070,9160.0,9320.0,9090.0,9100.0,0,0,141000.0,1295183000.0,1.0,9160.0,9320.0,9090.0,9100.0,141000.0
2025-07-22,65070,9080.0,9350.0,9080.0,9180.0,0,0,158300.0,1458877000.0,1.0,9080.0,9350.0,9080.0,9180.0,158300.0
2025-07-23,65070,9180.0,9230.0,8720.0,8930.0,0,0,345300.0,3081231000.0,1.0,9180.0,9230.0,8720.0,8930.0,345300.0
2025-07-24,65070,9060.0,9290.0,8980.0,9220.0,0,0,273400.0,2506661000.0,1.0,9060.0,9290.0,8980.0,9220.0,273400.0
2025-07-25,65070,9270.0,9390.0,9130.0,9320.0,0,0,159600.0,1482216000.0,1.0,9270.0,9390.0,9130.0,9320.0,159600.0
2025-07-28,65070,9470.0,9470.0,9270.0,9310.0,0,0,220400.0,2064427000.0,1.0,9470.0,9470.0,9270.0,9310.0,220400.0
2025-07-29,65070,8890.0,9270.0,8810.0,9270.0,0,0,220100.0,2002016000.0,1.0,8890.0,9270.0,8810.0,9270.0,220100.0
2025-07-30,65070,9340.0,9580.0,9280.0,9510.0,0,0,315500.0,2985721000.0,1.0,9340.0,9580.0,9280.0,9510.0,315500.0
2025-07-31,65070,9590.0,9790.0,9470.0,9610.0,0,0,321900.0,3090087000.0,1.0,9590.0,9790.0,9470.0,9610.0,321900.0
2025-08-01,65070,9500.0,9600.0,9370.0,9560.0,0,0,189000.0,1795899000.0,1.0,9500.0,9600.0,9370.0,9560.0,189000.0
2025-08-04,65070,9300.0,9630.0,9270.0,9630.0,0,0,200500.0,1908416000.0,1.0,9300.0,9630.0,9270.0,9630.0,200500.0
2025-08-05,65070,9720.0,9800.0,9540.0,9740.0,0,0,273200.0,2655383000.0,1.0,9720.0,9800.0,9540.0,9740.0,273200.0
2025-08-06,65070,9790.0,10070.0,9790.0,10050.0,0,0,351800.0,3508382000.0,1.0,9790.0,10070.0,9790.0,10050.0,351800.0
2025-08-07,65070,9990.0,10060.0,9880.0,10040.0,0,0,240700.0,2405314000.0,1.0,9990.0,10060.0,9880.0,10040.0,240700.0
2025-08-08,65070,9930.0,10050.0,9020.0,9610.0,0,0,818600.0,7789931000.0,1.0,9930.0,10050.0,9020.0,9610.0,818600.0
2025-08-12,65070,9570.0,9710.0,9170.0,9290.0,0,0,429100.0,4019967000.0,1.0,9570.0,9710.0,9170.0,9290.0,429100.0
2025-08-13,65070,9570.0,9590.0,9120.0,9190.0,0,0,290300.0,2711656000.0,1.0,9570.0,9590.0,9120.0,9190.0,290300.0
2025-08-14,65070,9180.0,9180.0,8830.0,9110.0,0,0,316200.0,2851571000.0,1.0,9180.0,9180.0,8830.0,9110.0,316200.0
2025-08-15,65070,9040.0,9040.0,8750.0,8760.0,0,0,296900.0,2625385000.0,1.0,9040.0,9040.0,8750.0,8760.0,296900.0
2025-08-18,65070,8800.0,8830.0,8610.0,8740.0,0,0,290900.0,2535697000.0,1.0,8800.0,8830.0,8610.0,8740.0,290900.0
2025-08-19,65070,8750.0,8750.0,8480.0,8520.0,0,0,239800.0,2055257000.0,1.0,8750.0,8750.0,8480.0,8520.0,239800.0
2025-08-20,65070,8080.0,8300.0,7980.0,8290.0,0,0,510600.0,4167802000.0,1.0,8080.0,8300.0,7980.0,8290.0,510600.0
2025-08-21,65070,8260.0,8430.0,8150.0,8180.0,0,0,228800.0,1889008000.0,1.0,8260.0,8430.0,8150.0,8180.0,228800.0
2025-08-22,65070,8250.0,8310.0,8180.0,8200.0,0,0,149200.0,1229184000.0,1.0,8250.0,8310.0,8180.0,8200.0,149200.0
2025-08-25,65070,8330.0,8450.0,8270.0,8380.0,0,0,205600.0,1720915000.0,1.0,8330.0,8450.0,8270.0,8380.0,205600.0
2025-08-26,65070,8320.0,8340.0,8140.0,8240.0,0,0,166800.0,1373536000.0,1.0,8320.0,8340.0,8140.0,8240.0,166800.0
2025-08-27,65070,8250.0,8250.0,8020.0,8040.0,0,0,159000.0,1284074000.0,1.0,8250.0,8250.0,8020.0,8040.0,159000.0
2025-08-28,65070,8020.0,8060.0,7920.0,7980.0,0,0,178300.0,1423473000.0,1.0,8020.0,8060.0,7920.0,7980.0,178300.0
2025-08-29,65070,7980.0,8150.0,7930.0,7950.0,0,0,182000.0,1458806000.0,1.0,7980.0,8150.0,7930.0,7950.0,182000.0
2025-09-01,65070,7800.0,7890.0,7560.0,7690.0,0,0,353900.0,2720609000.0,1.0,7800.0,7890.0,7560.0,7690.0,353900.0
2025-09-02,65070,7840.0,7930.0,7610.0,7630.0,0,0,180800.0,1397424000.0,1.0,7840.0,7930.0,7610.0,7630.0,180800.0
2025-09-03,65070,7600.0,7610.0,7400.0,7460.0,0,0,175400.0,1314340000.0,1.0,7600.0,7610.0,7400.0,7460.0,175400.0
2025-09-04,65070,7480.0,7540.0,7380.0,7430.0,0,0,195800.0,1456356000.0,1.0,7480.0,7540.0,7380.0,7430.0,195800.0
2025-09-05,65070,7500.0,7520.0,7390.0,7490.0,0,0,185200.0,1383053000.0,1.0,7500.0,7520.0,7390.0,7490.0,185200.0
2025-09-08,65070,7610.0,7660.0,7430.0,7500.0,0,0,179500.0,1351512000.0,1.0,7610.0,7660.0,7430.0,7500.0,179500.0
2025-09-09,65070,7610.0,7820.0,7460.0,7520.0,0,0,303700.0,2316644000.0,1.0,7610.0,7820.0,7460.0,7520.0,303700.0
2025-09-10,65070,7430.0,7590.0,7400.0,7560.0,0,0,146200.0,1097875000.0,1.0,7430.0,7590.0,7400.0,7560.0,146200.0
2025-09-11,65070,7650.0,7830.0,7600.0,7700.0,0,0,261800.0,2021254000.0,1.0,7650.0,7830.0,7600.0,7700.0,261800.0
2025-09-12,65070,7780.0,8080.0,7710.0,7940.0,0,0,368400.0,2921034000.0,1.0,7780.0,8080.0,7710.0,7940.0,368400.0
2025-09-16,65070,8020.0,8150.0,8000.0,8000.0,0,0,375100.0,3022132000.0,1.0,8020.0,8150.0,8000.0,8000.0,375100.0
2025-09-17,65070,7980.0,8180.0,7860.0,7900.0,0,0,365100.0,2916359000.0,1.0,7980.0,8180.0,7860.0,7900.0,365100.0
2025-09-18,65070,7860.0,8100.0,7770.0,7970.0,0,0,252900.0,2008795000.0,1.0,7860.0,8100.0,7770.0,7970.0,252900.0
2025-09-19,65070,8070.0,8530.0,7990.0,8250.0,0,0,467200.0,3881271000.0,1.0,8070.0,8530.0,7990.0,8250.0,467200.0
2025-09-22,65070,8320.0,8530.0,8270.0,8360.0,0,0,275000.0,2299363000.0,1.0,8320.0,8530.0,8270.0,8360.0,275000.0
2025-09-24,65070,8270.0,8840.0,8110.0,8840.0,0,0,357800.0,3075126000.0,1.0,8270.0,8840.0,8110.0,8840.0,357800.0
2025-09-25,65070,8950.0,9270.0,8920.0,9220.0,0,0,478800.0,4380230000.0,1.0,8950.0,9270.0,8920.0,9220.0,478800.0
2025-09-26,65070,9200.0,9220.0,8700.0,8710.0,0,0,363500.0,3231224000.0,1.0,9200.0,9220.0,8700.0,8710.0,363500.0
2025-09-29,65070,8830.0,9170.0,8800.0,9130.0,0,0,267900.0,2418859000.0,1.0,8830.0,9170.0,8800.0,9130.0,267900.0
2025-09-30,65070,9030.0,9180.0,8950.0,9120.0,0,0,168300.0,1529857000.0,1.0,9030.0,9180.0,8950.0,9120.0,168300.0
2025-10-01,65070,9050.0,9050.0,8770.0,8950.0,0,0,219500.0,1961532000.0,1.0,9050.0,9050.0,8770.0,8950.0,219500.0
2025-10-02,65070,9040.0,9170.0,8930.0,9120.0,0,0,181100.0,1641547000.0,1.0,9040.0,9170.0,8930.0,9120.0,181100.0
2025-10-03,65070,9060.0,9370.0,8990.0,9250.0,0,0,198700.0,1830598000.0,1.0,9060.0,9370.0,8990.0,9250.0,198700.0
2025-10-06,65070,10000.0,10730.0,10000.0,10730.0,0,0,815600.0,8542233000.0,1.0,10000.0,10730.0,10000.0,10730.0,815600.0
2025-10-07,65070,10750.0,10940.0,10450.0,10550.0,0,0,434000.0,4633688000.0,1.0,10750.0,10940.0,10450.0,10550.0,434000.0
2025-10-08,65070,10450.0,10970.0,10380.0,10800.0,0,0,339500.0,3663144000.0,1.0,10450.0,10970.0,10380.0,10800.0,339500.0
2025-10-09,65070,11180.0,11230.0,10720.0,10810.0,0,0,254900.0,2776857000.0,1.0,11180.0,11230.0,10720.0,10810.0,254900.0
2025-10-10,65070,10670.0,10740.0,10250.0,10320.0,0,0,281400.0,2928604000.0,1.0,10670.0,10740.0,10250.0,10320.0,281400.0
2025-10-14,65070,10000.0,10080.0,9530.0,9580.0,0,0,460300.0,4519162000.0,1.0,10000.0,10080.0,9530.0,9580.0,460300.0
2025-10-15,65070,9580.0,10130.0,9530.0,10080.0,0,0,306000.0,3034275000.0,1.0,9580.0,10130.0,9530.0,10080.0,306000.0
2025-10-16,65070,10170.0,10580.0,10100.0,10500.0,0,0,317700.0,3310019000.0,1.0,10170.0,10580.0,10100.0,10500.0,317700.0
2025-10-17,65070,10280.0,10640.0,10150.0,10260.0,0,0,225500.0,2331667000.0,1.0,10280.0,10640.0,10150.0,10260.0,225500.0
2025-10-20,65070,10590.0,10760.0,10380.0,10760.0,0,0,177500.0,1880090000.0,1.0,10590.0,10760.0,10380.0,10760.0,177500.0
2025-10-21,65070,10840.0,10940.0,10320.0,10340.0,0,0,232500.0,2453810000.0,1.0,10840.0,10940.0,10320.0,10340.0,232500.0
2025-10-22,65070,10340.0,10670.0,10290.0,10590.0,0,0,255200.0,2690938000.0,1.0,10340.0,10670.0,10290.0,10590.0,255200.0
2025-10-23,65070,10340.0,10780.0,10180.0,10600.0,0,0,356500.0,3751381000.0,1.0,10340.0,10780.0,10180.0,10600.0,356500.0
2025-10-24,65070,10690.0,10820.0,10580.0,10780.0,0,0,197800.0,2121379000.0,1.0,10690.0,10820.0,10580.0,10780.0,197800.0
2025-10-27,65070,10980.0,11180.0,10780.0,11150.0,0,0,364600.0,4006674000.0,1.0,10980.0,11180.0,10780.0,11150.0,364600.0
2025-10-28,65070,11000.0,11030.0,10510.0,10510.0,0,0,226000.0,2418813000.0,1.0,11000.0,11030.0,10510.0,10510.0,226000.0
2025-10-29,65070,10720.0,10960.0,10530.0,10610.0,0,0,188300.0,2017902000.0,1.0,10720.0,10960.0,10530.0,10610.0,188300.0
