Date,Code,Open,High,Low,Close,UpperLimit,LowerLimit,Volume,TurnoverValue,AdjustmentFactor,AdjustmentOpen,AdjustmentHigh,AdjustmentLow,AdjustmentClose,AdjustmentVolume
2020-10-29,67280,3805.0,3850.0,3755.0,3840.0,0,0,231600.0,884063000.0,1.0,3805.0,3850.0,3755.0,3840.0,231600.0
2020-10-30,67280,3905.0,3945.0,3770.0,3795.0,0,0,431900.0,1653550500.0,1.0,3905.0,3945.0,3770.0,3795.0,431900.0
2020-11-02,67280,3810.0,3855.0,3780.0,3785.0,0,0,309000.0,1175857500.0,1.0,3810.0,3855.0,3780.0,3785.0,309000.0
2020-11-04,67280,3820.0,3840.0,3750.0,3810.0,0,0,315700.0,1202813000.0,1.0,3820.0,3840.0,3750.0,3810.0,315700.0
2020-11-05,67280,3870.0,3950.0,3810.0,3920.0,0,0,371900.0,1454962000.0,1.0,3870.0,3950.0,3810.0,3920.0,371900.0
2020-11-06,67280,3940.0,3995.0,3900.0,3990.0,0,0,307800.0,1217204000.0,1.0,3940.0,3995.0,3900.0,3990.0,307800.0
2020-11-09,67280,4060.0,4145.0,3990.0,4125.0,0,0,428300.0,1754810500.0,1.0,4060.0,4145.0,3990.0,4125.0,428300.0
2020-11-10,67280,4155.0,4230.0,4120.0,4135.0,0,0,359200.0,1495308500.0,1.0,4155.0,4230.0,4120.0,4135.0,359200.0
2020-11-11,67280,4135.0,4240.0,4135.0,4210.0,0,0,389600.0,1634629000.0,1.0,4135.0,4240.0,4135.0,4210.0,389600.0
2020-11-12,67280,4260.0,4320.0,4245.0,4300.0,0,0,443800.0,1905041000.0,1.0,4260.0,4320.0,4245.0,4300.0,443800.0
2020-11-13,67280,4250.0,4350.0,4155.0,4215.0,0,0,422000.0,1789820000.0,1.0,4250.0,4350.0,4155.0,4215.0,422000.0
2020-11-16,67280,4075.0,4240.0,3950.0,4145.0,0,0,837900.0,3452216500.0,1.0,4075.0,4240.0,3950.0,4145.0,837900.0
2020-11-17,67280,4150.0,4150.0,4065.0,4085.0,0,0,437300.0,1788752000.0,1.0,4150.0,4150.0,4065.0,4085.0,437300.0
2020-11-18,67280,4065.0,4065.0,3950.0,4020.0,0,0,436400.0,1753844500.0,1.0,4065.0,4065.0,3950.0,4020.0,436400.0
2020-11-19,67280,3990.0,4015.0,3825.0,3880.0,0,0,555600.0,2168677500.0,1.0,3990.0,4015.0,3825.0,3880.0,555600.0
2020-11-20,67280,3905.0,3970.0,3865.0,3965.0,0,0,321100.0,1265088000.0,1.0,3905.0,3970.0,3865.0,3965.0,321100.0
2020-11-24,67280,4075.0,4120.0,4055.0,4065.0,0,0,440800.0,1804960000.0,1.0,4075.0,4120.0,4055.0,4065.0,440800.0
2020-11-25,67280,4100.0,4140.0,4025.0,4030.0,0,0,288400.0,1181930000.0,1.0,4100.0,4140.0,4025.0,4030.0,288400.0
2020-11-26,67280,4035.0,4195.0,4035.0,4185.0,0,0,304700.0,1266980000.0,1.0,4035.0,4195.0,4035.0,4185.0,304700.0
2020-11-27,67280,4190.0,4315.0,4185.0,4305.0,0,0,380600.0,1627883000.0,1.0,4190.0,4315.0,4185.0,4305.0,380600.0
2020-11-30,67280,4325.0,4365.0,4220.0,4220.0,0,0,360100.0,1542223000.0,1.0,4325.0,4365.0,4220.0,4220.0,360100.0
2020-12-01,67280,4360.0,4435.0,4330.0,4395.0,0,0,418400.0,1834987500.0,1.0,4360.0,4435.0,4330.0,4395.0,418400.0
2020-12-02,67280,4500.0,4525.0,4425.0,4425.0,0,0,470900.0,2105609000.0,1.0,4500.0,4525.0,4425.0,4425.0,470900.0
2020-12-03,67280,4440.0,4560.0,4425.0,4550.0,0,0,412000.0,1862699500.0,1.0,4440.0,4560.0,4425.0,4550.0,412000.0
2020-12-04,67280,4530.0,4560.0,4450.0,4520.0,0,0,203300.0,916179000.0,1.0,4530.0,4560.0,4450.0,4520.0,203300.0
2020-12-07,67280,4585.0,4590.0,4380.0,4395.0,0,0,249900.0,1112852500.0,1.0,4585.0,4590.0,4380.0,4395.0,249900.0
2020-12-08,67280,4400.0,4565.0,4400.0,4525.0,0,0,268000.0,1211253000.0,1.0,4400.0,4565.0,4400.0,4525.0,268000.0
2020-12-09,67280,4525.0,4615.0,4520.0,4590.0,0,0,285200.0,1307200000.0,1.0,4525.0,4615.0,4520.0,4590.0,285200.0
2020-12-10,67280,4580.0,4580.0,4475.0,4515.0,0,0,251200.0,1134250000.0,1.0,4580.0,4580.0,4475.0,4515.0,251200.0
2020-12-11,67280,4565.0,4565.0,4480.0,4505.0,0,0,276300.0,1245638000.0,1.0,4565.0,4565.0,4480.0,4505.0,276300.0
2020-12-14,67280,4510.0,4540.0,4455.0,4495.0,0,0,275900.0,1241713000.0,1.0,4510.0,4540.0,4455.0,4495.0,275900.0
2020-12-15,67280,4490.0,4490.0,4370.0,4425.0,0,0,224000.0,989026500.0,1.0,4490.0,4490.0,4370.0,4425.0,224000.0
2020-12-16,67280,4425.0,4425.0,4320.0,4355.0,0,0,271900.0,1186274500.0,1.0,4425.0,4425.0,4320.0,4355.0,271900.0
2020-12-17,67280,4350.0,4370.0,4315.0,4350.0,0,0,300000.0,1303786500.0,1.0,4350.0,4370.0,4315.0,4350.0,300000.0
2020-12-18,67280,4350.0,4420.0,4285.0,4360.0,0,0,402700.0,1751112000.0,1.0,4350.0,4420.0,4285.0,4360.0,402700.0
2020-12-21,67280,4415.0,4450.0,4335.0,4440.0,0,0,228100.0,1006022000.0,1.0,4415.0,4450.0,4335.0,4440.0,228100.0
2020-12-22,67280,4385.0,4455.0,4305.0,4315.0,0,0,276400.0,1206548500.0,1.0,4385.0,4455.0,4305.0,4315.0,276400.0
2020-12-23,67280,4290.0,4305.0,4160.0,4235.0,0,0,383400.0,1616569000.0,1.0,4290.0,4305.0,4160.0,4235.0,383400.0
2020-12-24,67280,4280.0,4325.0,4245.0,4290.0,0,0,223800.0,959895000.0,1.0,4280.0,4325.0,4245.0,4290.0,223800.0
2020-12-25,67280,4275.0,4275.0,4220.0,4250.0,0,0,178600.0,757884000.0,1.0,4275.0,4275.0,4220.0,4250.0,178600.0
2020-12-28,67280,4225.0,4295.0,4225.0,4285.0,0,0,250000.0,1066079000.0,1.0,4225.0,4295.0,4225.0,4285.0,250000.0
2020-12-29,67280,4355.0,4450.0,4355.0,4450.0,0,0,256000.0,1129934500.0,1.0,4355.0,4450.0,4355.0,4450.0,256000.0
2020-12-30,67280,4380.0,4440.0,4330.0,4415.0,0,0,272300.0,1195581500.0,1.0,4380.0,4440.0,4330.0,4415.0,272300.0
2021-01-04,67280,4480.0,4490.0,4325.0,4380.0,0,0,213400.0,932916500.0,1.0,4480.0,4490.0,4325.0,4380.0,213400.0
2021-01-05,67280,4350.0,4560.0,4340.0,4550.0,0,0,339500.0,1528116500.0,1.0,4350.0,4560.0,4340.0,4550.0,339500.0
2021-01-06,67280,4570.0,4625.0,4525.0,4540.0,0,0,304800.0,1394756000.0,1.0,4570.0,4625.0,4525.0,4540.0,304800.0
2021-01-07,67280,4500.0,4620.0,4490.0,4540.0,0,0,328000.0,1496532000.0,1.0,4500.0,4620.0,4490.0,4540.0,328000.0
2021-01-08,67280,4605.0,4735.0,4585.0,4720.0,0,0,507100.0,2373689000.0,1.0,4605.0,4735.0,4585.0,4720.0,507100.0
2021-01-12,67280,4690.0,4705.0,4605.0,4625.0,0,0,214400.0,996071000.0,1.0,4690.0,4705.0,4605.0,4625.0,214400.0
2021-01-13,67280,4645.0,4795.0,4645.0,4785.0,0,0,425900.0,2027518500.0,1.0,4645.0,4795.0,4645.0,4785.0,425900.0
2021-01-14,67280,4795.0,4895.0,4640.0,4700.0,0,0,415400.0,1987408000.0,1.0,4795.0,4895.0,4640.0,4700.0,415400.0
2021-01-15,67280,4750.0,4890.0,4695.0,4705.0,0,0,366300.0,1749375000.0,1.0,4750.0,4890.0,4695.0,4705.0,366300.0
2021-01-18,67280,4650.0,4795.0,4620.0,4755.0,0,0,350700.0,1663720000.0,1.0,4650.0,4795.0,4620.0,4755.0,350700.0
2021-01-19,67280,4800.0,4935.0,4790.0,4905.0,0,0,446900.0,2180564500.0,1.0,4800.0,4935.0,4790.0,4905.0,446900.0
2021-01-20,67280,5040.0,5190.0,4990.0,5140.0,0,0,660100.0,3373253500.0,1.0,5040.0,5190.0,4990.0,5140.0,660100.0
2021-01-21,67280,5210.0,5230.0,5110.0,5140.0,0,0,345300.0,1786747000.0,1.0,5210.0,5230.0,5110.0,5140.0,345300.0
2021-01-22,67280,5100.0,5180.0,5070.0,5090.0,0,0,188800.0,965135000.0,1.0,5100.0,5180.0,5070.0,5090.0,188800.0
2021-01-25,67280,5100.0,5180.0,5080.0,5150.0,0,0,187300.0,961378000.0,1.0,5100.0,5180.0,5080.0,5150.0,187300.0
2021-01-26,67280,5060.0,5160.0,5050.0,5050.0,0,0,314300.0,1599179000.0,1.0,5060.0,5160.0,5050.0,5050.0,314300.0
2021-01-27,67280,5030.0,5050.0,4870.0,4955.0,0,0,374500.0,1857292000.0,1.0,5030.0,5050.0,4870.0,4955.0,374500.0
2021-01-28,67280,4830.0,4930.0,4800.0,4825.0,0,0,533900.0,2586664000.0,1.0,4830.0,4930.0,4800.0,4825.0,533900.0
2021-01-29,67280,4875.0,4920.0,4710.0,4725.0,0,0,245400.0,1177922500.0,1.0,4875.0,4920.0,4710.0,4725.0,245400.0
2021-02-01,67280,4655.0,4790.0,4650.0,4765.0,0,0,154800.0,735291000.0,1.0,4655.0,4790.0,4650.0,4765.0,154800.0
2021-02-02,67280,4845.0,4880.0,4755.0,4875.0,0,0,240800.0,1165906000.0,1.0,4845.0,4880.0,4755.0,4875.0,240800.0
2021-02-03,67280,4925.0,4940.0,4815.0,4875.0,0,0,254800.0,1241287000.0,1.0,4925.0,4940.0,4815.0,4875.0,254800.0
2021-02-04,67280,4830.0,4910.0,4800.0,4880.0,0,0,139200.0,677225000.0,1.0,4830.0,4910.0,4800.0,4880.0,139200.0
2021-02-05,67280,4895.0,4970.0,4870.0,4945.0,0,0,214300.0,1058413000.0,1.0,4895.0,4970.0,4870.0,4945.0,214300.0
2021-02-08,67280,4995.0,4995.0,4890.0,4925.0,0,0,383600.0,1895434000.0,1.0,4995.0,4995.0,4890.0,4925.0,383600.0
2021-02-09,67280,4990.0,5080.0,4950.0,5080.0,0,0,311000.0,1565377000.0,1.0,4990.0,5080.0,4950.0,5080.0,311000.0
2021-02-10,67280,5050.0,5090.0,5000.0,5030.0,0,0,224000.0,1131376000.0,1.0,5050.0,5090.0,5000.0,5030.0,224000.0
2021-02-12,67280,5120.0,5210.0,5090.0,5180.0,0,0,301300.0,1554956000.0,1.0,5120.0,5210.0,5090.0,5180.0,301300.0
2021-02-15,67280,5280.0,5440.0,5140.0,5260.0,0,0,674100.0,3565928000.0,1.0,5280.0,5440.0,5140.0,5260.0,674100.0
2021-02-16,67280,5270.0,5390.0,5220.0,5260.0,0,0,297100.0,1569771000.0,1.0,5270.0,5390.0,5220.0,5260.0,297100.0
2021-02-17,67280,5270.0,5280.0,5150.0,5210.0,0,0,240900.0,1254435000.0,1.0,5270.0,5280.0,5150.0,5210.0,240900.0
2021-02-18,67280,5140.0,5150.0,4930.0,4940.0,0,0,334500.0,1671347000.0,1.0,5140.0,5150.0,4930.0,4940.0,334500.0
2021-02-19,67280,4955.0,5050.0,4940.0,4995.0,0,0,358700.0,1790110500.0,1.0,4955.0,5050.0,4940.0,4995.0,358700.0
2021-02-22,67280,5090.0,5210.0,5040.0,5110.0,0,0,354100.0,1816150000.0,1.0,5090.0,5210.0,5040.0,5110.0,354100.0
2021-02-24,67280,5070.0,5100.0,4895.0,4905.0,0,0,408800.0,2022239500.0,1.0,5070.0,5100.0,4895.0,4905.0,408800.0
2021-02-25,67280,5050.0,5060.0,4910.0,4925.0,0,0,290400.0,1439514000.0,1.0,5050.0,5060.0,4910.0,4925.0,290400.0
2021-02-26,67280,4785.0,4850.0,4750.0,4785.0,0,0,331500.0,1588952500.0,1.0,4785.0,4850.0,4750.0,4785.0,331500.0
2021-03-01,67280,4895.0,4965.0,4815.0,4920.0,0,0,298900.0,1468124000.0,1.0,4895.0,4965.0,4815.0,4920.0,298900.0
2021-03-02,67280,4975.0,4995.0,4845.0,4870.0,0,0,308500.0,1508146500.0,1.0,4975.0,4995.0,4845.0,4870.0,308500.0
2021-03-03,67280,4845.0,4845.0,4735.0,4800.0,0,0,237400.0,1136011000.0,1.0,4845.0,4845.0,4735.0,4800.0,237400.0
2021-03-04,67280,4625.0,4655.0,4490.0,4555.0,0,0,761700.0,3475629500.0,1.0,4625.0,4655.0,4490.0,4555.0,761700.0
2021-03-05,67280,4465.0,4490.0,4315.0,4490.0,0,0,741200.0,3288028000.0,1.0,4465.0,4490.0,4315.0,4490.0,741200.0
2021-03-08,67280,4545.0,4555.0,4395.0,4410.0,0,0,317800.0,1414876500.0,1.0,4545.0,4555.0,4395.0,4410.0,317800.0
2021-03-09,67280,4365.0,4420.0,4260.0,4370.0,0,0,339900.0,1478651000.0,1.0,4365.0,4420.0,4260.0,4370.0,339900.0
2021-03-10,67280,4490.0,4535.0,4410.0,4460.0,0,0,391200.0,1744079500.0,1.0,4490.0,4535.0,4410.0,4460.0,391200.0
2021-03-11,67280,4390.0,4465.0,4310.0,4440.0,0,0,402700.0,1774950500.0,1.0,4390.0,4465.0,4310.0,4440.0,402700.0
2021-03-12,67280,4490.0,4545.0,4415.0,4480.0,0,0,400000.0,1796280000.0,1.0,4490.0,4545.0,4415.0,4480.0,400000.0
2021-03-15,67280,4425.0,4445.0,4325.0,4385.0,0,0,331900.0,1454253500.0,1.0,4425.0,4445.0,4325.0,4385.0,331900.0
2021-03-16,67280,4420.0,4465.0,4390.0,4455.0,0,0,215900.0,957842500.0,1.0,4420.0,4465.0,4390.0,4455.0,215900.0
2021-03-17,67280,4435.0,4485.0,4420.0,4465.0,0,0,220300.0,981075500.0,1.0,4435.0,4485.0,4420.0,4465.0,220300.0
2021-03-18,67280,4535.0,4540.0,4435.0,4530.0,0,0,350700.0,1573894000.0,1.0,4535.0,4540.0,4435.0,4530.0,350700.0
2021-03-19,67280,4440.0,4540.0,4435.0,4540.0,0,0,274100.0,1236195000.0,1.0,4440.0,4540.0,4435.0,4540.0,274100.0
2021-03-22,67280,4545.0,4555.0,4445.0,4445.0,0,0,207200.0,928215500.0,1.0,4545.0,4555.0,4445.0,4445.0,207200.0
2021-03-23,67280,4490.0,4545.0,4410.0,4415.0,0,0,185800.0,830441000.0,1.0,4490.0,4545.0,4410.0,4415.0,185800.0
2021-03-24,67280,4345.0,4410.0,4315.0,4320.0,0,0,265900.0,1154812500.0,1.0,4345.0,4410.0,4315.0,4320.0,265900.0
2021-03-25,67280,4315.0,4445.0,4310.0,4430.0,0,0,239400.0,1055379500.0,1.0,4315.0,4445.0,4310.0,4430.0,239400.0
2021-03-26,67280,4525.0,4545.0,4455.0,4505.0,0,0,242000.0,1089718000.0,1.0,4525.0,4545.0,4455.0,4505.0,242000.0
2021-03-29,67280,4575.0,4580.0,4480.0,4535.0,0,0,273200.0,1237310000.0,1.0,4575.0,4580.0,4480.0,4535.0,273200.0
2021-03-30,67280,4535.0,4625.0,4510.0,4625.0,0,0,243200.0,1116308500.0,1.0,4535.0,4625.0,4510.0,4625.0,243200.0
2021-03-31,67280,4620.0,4685.0,4570.0,4655.0,0,0,400000.0,1853980500.0,1.0,4620.0,4685.0,4570.0,4655.0,400000.0
2021-04-01,67280,4780.0,4835.0,4750.0,4820.0,0,0,390600.0,1874059000.0,1.0,4780.0,4835.0,4750.0,4820.0,390600.0
2021-04-02,67280,4960.0,5070.0,4905.0,5040.0,0,0,400600.0,2000051500.0,1.0,4960.0,5070.0,4905.0,5040.0,400600.0
2021-04-05,67280,5090.0,5150.0,5040.0,5090.0,0,0,286500.0,1460525000.0,1.0,5090.0,5150.0,5040.0,5090.0,286500.0
2021-04-06,67280,5080.0,5100.0,4880.0,4880.0,0,0,349100.0,1728531000.0,1.0,5080.0,5100.0,4880.0,4880.0,349100.0
2021-04-07,67280,4880.0,5060.0,4865.0,5050.0,0,0,311500.0,1557876000.0,1.0,4880.0,5060.0,4865.0,5050.0,311500.0
2021-04-08,67280,4995.0,5060.0,4960.0,5030.0,0,0,300400.0,1504094500.0,1.0,4995.0,5060.0,4960.0,5030.0,300400.0
2021-04-09,67280,5080.0,5130.0,5020.0,5090.0,0,0,403900.0,2053934000.0,1.0,5080.0,5130.0,5020.0,5090.0,403900.0
2021-04-12,67280,5100.0,5110.0,4980.0,5040.0,0,0,240000.0,1206747500.0,1.0,5100.0,5110.0,4980.0,5040.0,240000.0
2021-04-13,67280,5070.0,5070.0,4995.0,5030.0,0,0,200900.0,1010679500.0,1.0,5070.0,5070.0,4995.0,5030.0,200900.0
2021-04-14,67280,5000.0,5070.0,4905.0,5060.0,0,0,207500.0,1037334500.0,1.0,5000.0,5070.0,4905.0,5060.0,207500.0
2021-04-15,67280,5100.0,5130.0,5020.0,5110.0,0,0,208500.0,1059754000.0,1.0,5100.0,5130.0,5020.0,5110.0,208500.0
2021-04-16,67280,5150.0,5190.0,5050.0,5120.0,0,0,202600.0,1036232000.0,1.0,5150.0,5190.0,5050.0,5120.0,202600.0
2021-04-19,67280,5160.0,5170.0,5080.0,5130.0,0,0,163100.0,836775000.0,1.0,5160.0,5170.0,5080.0,5130.0,163100.0
2021-04-20,67280,5090.0,5130.0,5060.0,5100.0,0,0,214600.0,1095200000.0,1.0,5090.0,5130.0,5060.0,5100.0,214600.0
2021-04-21,67280,5020.0,5050.0,4950.0,5030.0,0,0,267500.0,1341887000.0,1.0,5020.0,5050.0,4950.0,5030.0,267500.0
2021-04-22,67280,5180.0,5240.0,5030.0,5070.0,0,0,251900.0,1288781000.0,1.0,5180.0,5240.0,5030.0,5070.0,251900.0
2021-04-23,67280,5030.0,5060.0,4920.0,4935.0,0,0,229400.0,1138166000.0,1.0,5030.0,5060.0,4920.0,4935.0,229400.0
2021-04-26,67280,5180.0,5200.0,5090.0,5130.0,0,0,343800.0,1769120000.0,1.0,5180.0,5200.0,5090.0,5130.0,343800.0
2021-04-27,67280,5110.0,5110.0,5040.0,5070.0,0,0,240400.0,1220910000.0,1.0,5110.0,5110.0,5040.0,5070.0,240400.0
2021-04-28,67280,4995.0,5030.0,4965.0,5000.0,0,0,173200.0,865382000.0,1.0,4995.0,5030.0,4965.0,5000.0,173200.0
2021-04-30,67280,5040.0,5080.0,5000.0,5000.0,0,0,149900.0,753369000.0,1.0,5040.0,5080.0,5000.0,5000.0,149900.0
2021-05-06,67280,4960.0,5010.0,4925.0,4990.0,0,0,207200.0,1030116500.0,1.0,4960.0,5010.0,4925.0,4990.0,207200.0
2021-05-07,67280,5050.0,5090.0,5000.0,5040.0,0,0,117900.0,594977000.0,1.0,5050.0,5090.0,5000.0,5040.0,117900.0
2021-05-10,67280,5030.0,5070.0,5030.0,5040.0,0,0,84800.0,427998000.0,1.0,5030.0,5070.0,5030.0,5040.0,84800.0
2021-05-11,67280,4950.0,4980.0,4815.0,4845.0,0,0,247100.0,1208428500.0,1.0,4950.0,4980.0,4815.0,4845.0,247100.0
2021-05-12,67280,4815.0,4845.0,4585.0,4625.0,0,0,301200.0,1407385500.0,1.0,4815.0,4845.0,4585.0,4625.0,301200.0
2021-05-13,67280,4570.0,4675.0,4565.0,4585.0,0,0,206400.0,951446000.0,1.0,4570.0,4675.0,4565.0,4585.0,206400.0
2021-05-14,67280,4690.0,4705.0,4625.0,4665.0,0,0,192700.0,899117000.0,1.0,4690.0,4705.0,4625.0,4665.0,192700.0
2021-05-17,67280,4820.0,4845.0,4635.0,4765.0,0,0,396600.0,1884030000.0,1.0,4820.0,4845.0,4635.0,4765.0,396600.0
2021-05-18,67280,4745.0,4755.0,4645.0,4710.0,0,0,244900.0,1150727000.0,1.0,4745.0,4755.0,4645.0,4710.0,244900.0
2021-05-19,67280,4700.0,4710.0,4545.0,4580.0,0,0,278600.0,1285205000.0,1.0,4700.0,4710.0,4545.0,4580.0,278600.0
2021-05-20,67280,4545.0,4690.0,4530.0,4675.0,0,0,164600.0,765753000.0,1.0,4545.0,4690.0,4530.0,4675.0,164600.0
2021-05-21,67280,4720.0,4785.0,4665.0,4685.0,0,0,258100.0,1219657500.0,1.0,4720.0,4785.0,4665.0,4685.0,258100.0
2021-05-24,67280,4690.0,4830.0,4690.0,4755.0,0,0,180500.0,863205500.0,1.0,4690.0,4830.0,4690.0,4755.0,180500.0
2021-05-25,67280,4865.0,4985.0,4835.0,4980.0,0,0,218900.0,1080860500.0,1.0,4865.0,4985.0,4835.0,4980.0,218900.0
2021-05-26,67280,4975.0,5070.0,4935.0,5070.0,0,0,230200.0,1158259500.0,1.0,4975.0,5070.0,4935.0,5070.0,230200.0
2021-05-27,67280,5090.0,5190.0,5030.0,5060.0,0,0,279500.0,1420976000.0,1.0,5090.0,5190.0,5030.0,5060.0,279500.0
2021-05-28,67280,5100.0,5130.0,5050.0,5100.0,0,0,191900.0,978691000.0,1.0,5100.0,5130.0,5050.0,5100.0,191900.0
2021-05-31,67280,5120.0,5180.0,5090.0,5150.0,0,0,188500.0,967767000.0,1.0,5120.0,5180.0,5090.0,5150.0,188500.0
2021-06-01,67280,5160.0,5220.0,5120.0,5180.0,0,0,265300.0,1376835000.0,1.0,5160.0,5220.0,5120.0,5180.0,265300.0
2021-06-02,67280,5260.0,5340.0,5220.0,5290.0,0,0,333700.0,1762041000.0,1.0,5260.0,5340.0,5220.0,5290.0,333700.0
2021-06-03,67280,5290.0,5370.0,5270.0,5350.0,0,0,239800.0,1278847000.0,1.0,5290.0,5370.0,5270.0,5350.0,239800.0
2021-06-04,67280,5330.0,5440.0,5310.0,5420.0,0,0,201200.0,1084825000.0,1.0,5330.0,5440.0,5310.0,5420.0,201200.0
2021-06-07,67280,5450.0,5500.0,5390.0,5410.0,0,0,217300.0,1183246000.0,1.0,5450.0,5500.0,5390.0,5410.0,217300.0
2021-06-08,67280,5380.0,5440.0,5290.0,5310.0,0,0,183300.0,981218000.0,1.0,5380.0,5440.0,5290.0,5310.0,183300.0
2021-06-09,67280,5280.0,5300.0,5220.0,5290.0,0,0,168000.0,884905000.0,1.0,5280.0,5300.0,5220.0,5290.0,168000.0
2021-06-10,67280,5270.0,5430.0,5270.0,5370.0,0,0,296000.0,1592685000.0,1.0,5270.0,5430.0,5270.0,5370.0,296000.0
2021-06-11,67280,5370.0,5400.0,5230.0,5270.0,0,0,321500.0,1700819000.0,1.0,5370.0,5400.0,5230.0,5270.0,321500.0
2021-06-14,67280,5420.0,5520.0,5400.0,5520.0,0,0,288800.0,1582206000.0,1.0,5420.0,5520.0,5400.0,5520.0,288800.0
2021-06-15,67280,5570.0,5580.0,5490.0,5540.0,0,0,162300.0,896918000.0,1.0,5570.0,5580.0,5490.0,5540.0,162300.0
2021-06-16,67280,5470.0,5530.0,5440.0,5530.0,0,0,133300.0,731740000.0,1.0,5470.0,5530.0,5440.0,5530.0,133300.0
2021-06-17,67280,5520.0,5570.0,5490.0,5550.0,0,0,161100.0,891754000.0,1.0,5520.0,5570.0,5490.0,5550.0,161100.0
2021-06-18,67280,5580.0,5600.0,5500.0,5500.0,0,0,137200.0,758755000.0,1.0,5580.0,5600.0,5500.0,5500.0,137200.0
2021-06-21,67280,5430.0,5480.0,5390.0,5420.0,0,0,179300.0,973579000.0,1.0,5430.0,5480.0,5390.0,5420.0,179300.0
2021-06-22,67280,5520.0,5590.0,5490.0,5570.0,0,0,161700.0,897940000.0,1.0,5520.0,5590.0,5490.0,5570.0,161700.0
2021-06-23,67280,5600.0,5700.0,5560.0,5700.0,0,0,183400.0,1035778000.0,1.0,5600.0,5700.0,5560.0,5700.0,183400.0
2021-06-24,67280,5750.0,5800.0,5680.0,5690.0,0,0,266300.0,1527977000.0,1.0,5750.0,5800.0,5680.0,5690.0,266300.0
2021-06-25,67280,5790.0,5820.0,5740.0,5800.0,0,0,274800.0,1591365000.0,1.0,5790.0,5820.0,5740.0,5800.0,274800.0
2021-06-28,67280,5780.0,5790.0,5710.0,5750.0,0,0,269500.0,1549014000.0,1.0,5780.0,5790.0,5710.0,5750.0,269500.0
2021-06-29,67280,5610.0,5680.0,5590.0,5620.0,0,0,246200.0,1386448000.0,1.0,5610.0,5680.0,5590.0,5620.0,246200.0
2021-06-30,67280,5600.0,5710.0,5600.0,5630.0,0,0,282700.0,1597303000.0,1.0,5600.0,5710.0,5600.0,5630.0,282700.0
2021-07-01,67280,5580.0,5590.0,5450.0,5560.0,0,0,200800.0,1110089000.0,1.0,5580.0,5590.0,5450.0,5560.0,200800.0
2021-07-02,67280,5600.0,5600.0,5510.0,5540.0,0,0,214800.0,1192921000.0,1.0,5600.0,5600.0,5510.0,5540.0,214800.0
2021-07-05,67280,5600.0,5650.0,5550.0,5610.0,0,0,129300.0,724668000.0,1.0,5600.0,5650.0,5550.0,5610.0,129300.0
2021-07-06,67280,5610.0,5670.0,5570.0,5650.0,0,0,123500.0,696014000.0,1.0,5610.0,5670.0,5570.0,5650.0,123500.0
2021-07-07,67280,5560.0,5640.0,5540.0,5610.0,0,0,154800.0,867259000.0,1.0,5560.0,5640.0,5540.0,5610.0,154800.0
2021-07-08,67280,5510.0,5570.0,5490.0,5490.0,0,0,255300.0,1409815000.0,1.0,5510.0,5570.0,5490.0,5490.0,255300.0
2021-07-09,67280,5400.0,5490.0,5370.0,5480.0,0,0,353800.0,1922423000.0,1.0,5400.0,5490.0,5370.0,5480.0,353800.0
2021-07-12,67280,5500.0,5600.0,5500.0,5600.0,0,0,197600.0,1099106000.0,1.0,5500.0,5600.0,5500.0,5600.0,197600.0
2021-07-13,67280,5800.0,5840.0,5680.0,5710.0,0,0,381900.0,2195527000.0,1.0,5800.0,5840.0,5680.0,5710.0,381900.0
2021-07-14,67280,5660.0,5660.0,5580.0,5640.0,0,0,240400.0,1354895000.0,1.0,5660.0,5660.0,5580.0,5640.0,240400.0
2021-07-15,67280,5640.0,5660.0,5560.0,5580.0,0,0,237500.0,1329593000.0,1.0,5640.0,5660.0,5560.0,5580.0,237500.0
2021-07-16,67280,5490.0,5530.0,5400.0,5500.0,0,0,225000.0,1234078000.0,1.0,5490.0,5530.0,5400.0,5500.0,225000.0
2021-07-19,67280,5450.0,5480.0,5320.0,5340.0,0,0,197100.0,1060121000.0,1.0,5450.0,5480.0,5320.0,5340.0,197100.0
2021-07-20,67280,5340.0,5380.0,5260.0,5290.0,0,0,205200.0,1091315000.0,1.0,5340.0,5380.0,5260.0,5290.0,205200.0
2021-07-21,67280,5390.0,5400.0,5280.0,5320.0,0,0,203000.0,1082038000.0,1.0,5390.0,5400.0,5280.0,5320.0,203000.0
2021-07-26,67280,5460.0,5480.0,5380.0,5410.0,0,0,150600.0,817435000.0,1.0,5460.0,5480.0,5380.0,5410.0,150600.0
2021-07-27,67280,5440.0,5460.0,5390.0,5420.0,0,0,110700.0,600654000.0,1.0,5440.0,5460.0,5390.0,5420.0,110700.0
2021-07-28,67280,5350.0,5360.0,5210.0,5250.0,0,0,210500.0,1108198000.0,1.0,5350.0,5360.0,5210.0,5250.0,210500.0
2021-07-29,67280,5270.0,5360.0,5260.0,5350.0,0,0,199200.0,1059372000.0,1.0,5270.0,5360.0,5260.0,5350.0,199200.0
2021-07-30,67280,5330.0,5360.0,5290.0,5310.0,0,0,182300.0,968454000.0,1.0,5330.0,5360.0,5290.0,5310.0,182300.0
2021-08-02,67280,5410.0,5480.0,5370.0,5440.0,0,0,162400.0,883573000.0,1.0,5410.0,5480.0,5370.0,5440.0,162400.0
2021-08-03,67280,5490.0,5520.0,5430.0,5470.0,0,0,148100.0,810649000.0,1.0,5490.0,5520.0,5430.0,5470.0,148100.0
2021-08-04,67280,5420.0,5470.0,5420.0,5450.0,0,0,103800.0,565138000.0,1.0,5420.0,5470.0,5420.0,5450.0,103800.0
2021-08-05,67280,5450.0,5590.0,5440.0,5590.0,0,0,216500.0,1199977000.0,1.0,5450.0,5590.0,5440.0,5590.0,216500.0
2021-08-06,67280,5530.0,5590.0,5490.0,5590.0,0,0,155600.0,863032000.0,1.0,5530.0,5590.0,5490.0,5590.0,155600.0
2021-08-10,67280,5630.0,5730.0,5580.0,5610.0,0,0,338300.0,1910332000.0,1.0,5630.0,5730.0,5580.0,5610.0,338300.0
2021-08-11,67280,5860.0,6140.0,5860.0,6000.0,0,0,901300.0,5406244000.0,1.0,5860.0,6140.0,5860.0,6000.0,901300.0
2021-08-12,67280,6020.0,6030.0,5840.0,5870.0,0,0,311200.0,1843826000.0,1.0,6020.0,6030.0,5840.0,5870.0,311200.0
2021-08-13,67280,5790.0,5810.0,5660.0,5770.0,0,0,229900.0,1324030000.0,1.0,5790.0,5810.0,5660.0,5770.0,229900.0
2021-08-16,67280,5770.0,5840.0,5750.0,5810.0,0,0,217000.0,1256862000.0,1.0,5770.0,5840.0,5750.0,5810.0,217000.0
2021-08-17,67280,5810.0,5910.0,5760.0,5760.0,0,0,236900.0,1383105000.0,1.0,5810.0,5910.0,5760.0,5760.0,236900.0
2021-08-18,67280,5850.0,5880.0,5730.0,5790.0,0,0,160900.0,931576000.0,1.0,5850.0,5880.0,5730.0,5790.0,160900.0
2021-08-19,67280,5690.0,5730.0,5620.0,5630.0,0,0,199000.0,1131215000.0,1.0,5690.0,5730.0,5620.0,5630.0,199000.0
2021-08-20,67280,5730.0,5810.0,5630.0,5640.0,0,0,246700.0,1408052000.0,1.0,5730.0,5810.0,5630.0,5640.0,246700.0
2021-08-23,67280,5710.0,5800.0,5650.0,5650.0,0,0,193000.0,1097842000.0,1.0,5710.0,5800.0,5650.0,5650.0,193000.0
2021-08-24,67280,5700.0,5770.0,5680.0,5750.0,0,0,238800.0,1371162000.0,1.0,5700.0,5770.0,5680.0,5750.0,238800.0
2021-08-25,67280,5850.0,6060.0,5840.0,6020.0,0,0,552300.0,3310023000.0,1.0,5850.0,6060.0,5840.0,6020.0,552300.0
2021-08-26,67280,5930.0,5980.0,5840.0,5850.0,0,0,216400.0,1274665000.0,1.0,5930.0,5980.0,5840.0,5850.0,216400.0
2021-08-27,67280,5950.0,5990.0,5900.0,5950.0,0,0,287500.0,1712041000.0,1.0,5950.0,5990.0,5900.0,5950.0,287500.0
2021-08-30,67280,5970.0,6000.0,5810.0,5890.0,0,0,293300.0,1719552000.0,1.0,5970.0,6000.0,5810.0,5890.0,293300.0
2021-08-31,67280,5880.0,5960.0,5860.0,5940.0,0,0,172800.0,1022193000.0,1.0,5880.0,5960.0,5860.0,5940.0,172800.0
2021-09-01,67280,5950.0,6010.0,5890.0,5900.0,0,0,247600.0,1468515000.0,1.0,5950.0,6010.0,5890.0,5900.0,247600.0
2021-09-02,67280,5950.0,5990.0,5920.0,5980.0,0,0,158600.0,947097000.0,1.0,5950.0,5990.0,5920.0,5980.0,158600.0
2021-09-03,67280,6030.0,6240.0,6020.0,6170.0,0,0,365700.0,2252189000.0,1.0,6030.0,6240.0,6020.0,6170.0,365700.0
2021-09-06,67280,6360.0,6410.0,6310.0,6350.0,0,0,316000.0,2010886000.0,1.0,6360.0,6410.0,6310.0,6350.0,316000.0
2021-09-07,67280,6470.0,6530.0,6360.0,6370.0,0,0,291800.0,1879553000.0,1.0,6470.0,6530.0,6360.0,6370.0,291800.0
2021-09-08,67280,6430.0,6490.0,6400.0,6490.0,0,0,204600.0,1321839000.0,1.0,6430.0,6490.0,6400.0,6490.0,204600.0
2021-09-09,67280,6440.0,6520.0,6420.0,6480.0,0,0,265000.0,1715796000.0,1.0,6440.0,6520.0,6420.0,6480.0,265000.0
2021-09-10,67280,6500.0,6640.0,6500.0,6630.0,0,0,343500.0,2263650000.0,1.0,6500.0,6640.0,6500.0,6630.0,343500.0
2021-09-13,67280,6710.0,6800.0,6670.0,6710.0,0,0,268100.0,1804604000.0,1.0,6710.0,6800.0,6670.0,6710.0,268100.0
2021-09-14,67280,6740.0,6810.0,6720.0,6800.0,0,0,272000.0,1842844000.0,1.0,6740.0,6810.0,6720.0,6800.0,272000.0
2021-09-15,67280,6700.0,6700.0,6610.0,6660.0,0,0,271500.0,1807944000.0,1.0,6700.0,6700.0,6610.0,6660.0,271500.0
2021-09-16,67280,6800.0,6830.0,6610.0,6700.0,0,0,414700.0,2779759000.0,1.0,6800.0,6830.0,6610.0,6700.0,414700.0
2021-09-17,67280,6650.0,6710.0,6620.0,6690.0,0,0,287700.0,1920325000.0,1.0,6650.0,6710.0,6620.0,6690.0,287700.0
2021-09-21,67280,6390.0,6540.0,6350.0,6520.0,0,0,304300.0,1969620000.0,1.0,6390.0,6540.0,6350.0,6520.0,304300.0
2021-09-22,67280,6470.0,6510.0,6420.0,6450.0,0,0,221500.0,1431366000.0,1.0,6470.0,6510.0,6420.0,6450.0,221500.0
2021-09-24,67280,6750.0,6760.0,6650.0,6740.0,0,0,293400.0,1973337000.0,1.0,6750.0,6760.0,6650.0,6740.0,293400.0
2021-09-27,67280,6800.0,6800.0,6610.0,6650.0,0,0,227900.0,1518125000.0,1.0,6800.0,6800.0,6610.0,6650.0,227900.0
2021-09-28,67280,6630.0,6630.0,6490.0,6570.0,0,0,267900.0,1753714000.0,1.0,6630.0,6630.0,6490.0,6570.0,267900.0
2021-09-29,67280,6370.0,6380.0,6230.0,6340.0,0,0,560300.0,3537603000.0,1.0,6370.0,6380.0,6230.0,6340.0,560300.0
2021-09-30,67280,6340.0,6440.0,6300.0,6410.0,0,0,353800.0,2254395000.0,1.0,6340.0,6440.0,6300.0,6410.0,353800.0
2021-10-01,67280,6310.0,6380.0,6160.0,6180.0,0,0,310800.0,1937811000.0,1.0,6310.0,6380.0,6160.0,6180.0,310800.0
2021-10-04,67280,6170.0,6200.0,5850.0,5900.0,0,0,425100.0,2534028000.0,1.0,6170.0,6200.0,5850.0,5900.0,425100.0
2021-10-05,67280,5800.0,5860.0,5590.0,5780.0,0,0,490900.0,2816105000.0,1.0,5800.0,5860.0,5590.0,5780.0,490900.0
2021-10-06,67280,6040.0,6070.0,5790.0,5850.0,0,0,501700.0,2957395000.0,1.0,6040.0,6070.0,5790.0,5850.0,501700.0
2021-10-07,67280,5900.0,6040.0,5900.0,5940.0,0,0,375800.0,2241661000.0,1.0,5900.0,6040.0,5900.0,5940.0,375800.0
2021-10-08,67280,6010.0,6160.0,5980.0,6070.0,0,0,419300.0,2555802000.0,1.0,6010.0,6160.0,5980.0,6070.0,419300.0
2021-10-11,67280,6020.0,6190.0,5980.0,6150.0,0,0,328700.0,2011327000.0,1.0,6020.0,6190.0,5980.0,6150.0,328700.0
2021-10-12,67280,6200.0,6230.0,6040.0,6070.0,0,0,279300.0,1708223000.0,1.0,6200.0,6230.0,6040.0,6070.0,279300.0
2021-10-13,67280,6000.0,6020.0,5900.0,5960.0,0,0,295200.0,1764179000.0,1.0,6000.0,6020.0,5900.0,5960.0,295200.0
2021-10-14,67280,6020.0,6170.0,5990.0,6160.0,0,0,339700.0,2073629000.0,1.0,6020.0,6170.0,5990.0,6160.0,339700.0
2021-10-15,67280,6300.0,6380.0,6280.0,6360.0,0,0,343200.0,2174407000.0,1.0,6300.0,6380.0,6280.0,6360.0,343200.0
2021-10-18,67280,6350.0,6370.0,6250.0,6310.0,0,0,167700.0,1056884000.0,1.0,6350.0,6370.0,6250.0,6310.0,167700.0
2021-10-19,67280,6330.0,6440.0,6330.0,6440.0,0,0,194000.0,1242592000.0,1.0,6330.0,6440.0,6330.0,6440.0,194000.0
2021-10-20,67280,6450.0,6560.0,6330.0,6340.0,0,0,233100.0,1494462000.0,1.0,6450.0,6560.0,6330.0,6340.0,233100.0
2021-10-21,67280,6250.0,6310.0,6160.0,6180.0,0,0,209500.0,1304483000.0,1.0,6250.0,6310.0,6160.0,6180.0,209500.0
2021-10-22,67280,6200.0,6320.0,6170.0,6250.0,0,0,236400.0,1479214000.0,1.0,6200.0,6320.0,6170.0,6250.0,236400.0
2021-10-25,67280,6180.0,6320.0,6170.0,6310.0,0,0,224900.0,1411714000.0,1.0,6180.0,6320.0,6170.0,6310.0,224900.0
2021-10-26,67280,6400.0,6400.0,6300.0,6360.0,0,0,159200.0,1011602000.0,1.0,6400.0,6400.0,6300.0,6360.0,159200.0
2021-10-27,67280,6260.0,6310.0,6190.0,6240.0,0,0,229200.0,1431309000.0,1.0,6260.0,6310.0,6190.0,6240.0,229200.0
2021-10-28,67280,6250.0,6380.0,6230.0,6340.0,0,0,229600.0,1454351000.0,1.0,6250.0,6380.0,6230.0,6340.0,229600.0
2021-10-29,67280,6400.0,6430.0,6280.0,6360.0,0,0,185500.0,1176560000.0,1.0,6400.0,6430.0,6280.0,6360.0,185500.0
2021-11-01,67280,6550.0,6550.0,6460.0,6530.0,0,0,167900.0,1092747000.0,1.0,6550.0,6550.0,6460.0,6530.0,167900.0
2021-11-02,67280,6530.0,6560.0,6460.0,6470.0,0,0,156800.0,1019654000.0,1.0,6530.0,6560.0,6460.0,6470.0,156800.0
2021-11-04,67280,6620.0,6700.0,6610.0,6670.0,0,0,260100.0,1729671000.0,1.0,6620.0,6700.0,6610.0,6670.0,260100.0
2021-11-05,67280,6730.0,6780.0,6690.0,6730.0,0,0,344800.0,2320519000.0,1.0,6730.0,6780.0,6690.0,6730.0,344800.0
2021-11-08,67280,6890.0,6970.0,6750.0,6790.0,0,0,451300.0,3085650000.0,1.0,6890.0,6970.0,6750.0,6790.0,451300.0
2021-11-09,67280,6840.0,6940.0,6780.0,6820.0,0,0,315600.0,2163872000.0,1.0,6840.0,6940.0,6780.0,6820.0,315600.0
2021-11-10,67280,6740.0,6740.0,6530.0,6600.0,0,0,279800.0,1851346000.0,1.0,6740.0,6740.0,6530.0,6600.0,279800.0
2021-11-11,67280,6620.0,6680.0,6570.0,6620.0,0,0,209800.0,1391701000.0,1.0,6620.0,6680.0,6570.0,6620.0,209800.0
2021-11-12,67280,6740.0,6780.0,6660.0,6770.0,0,0,213300.0,1435858000.0,1.0,6740.0,6780.0,6660.0,6770.0,213300.0
2021-11-15,67280,6470.0,6580.0,6390.0,6500.0,0,0,562200.0,3638897000.0,1.0,6470.0,6580.0,6390.0,6500.0,562200.0
2021-11-16,67280,6600.0,6640.0,6320.0,6330.0,0,0,321300.0,2060781000.0,1.0,6600.0,6640.0,6320.0,6330.0,321300.0
2021-11-17,67280,6490.0,6660.0,6460.0,6650.0,0,0,500700.0,3287061000.0,1.0,6490.0,6660.0,6460.0,6650.0,500700.0
2021-11-18,67280,6800.0,6880.0,6690.0,6790.0,0,0,419800.0,2857463000.0,1.0,6800.0,6880.0,6690.0,6790.0,419800.0
2021-11-19,67280,6740.0,7000.0,6730.0,6980.0,0,0,361800.0,2508232000.0,1.0,6740.0,7000.0,6730.0,6980.0,361800.0
2021-11-22,67280,7000.0,7000.0,6870.0,6940.0,0,0,208400.0,1442969000.0,1.0,7000.0,7000.0,6870.0,6940.0,208400.0
2021-11-24,67280,6740.0,6820.0,6660.0,6690.0,0,0,291600.0,1956376000.0,1.0,6740.0,6820.0,6660.0,6690.0,291600.0
2021-11-25,67280,6810.0,6810.0,6660.0,6680.0,0,0,114300.0,766623000.0,1.0,6810.0,6810.0,6660.0,6680.0,114300.0
2021-11-26,67280,6610.0,6620.0,6460.0,6510.0,0,0,233000.0,1518870000.0,1.0,6610.0,6620.0,6460.0,6510.0,233000.0
2021-11-29,67280,6410.0,6600.0,6400.0,6480.0,0,0,217000.0,1411262000.0,1.0,6410.0,6600.0,6400.0,6480.0,217000.0
2021-11-30,67280,6680.0,6690.0,6480.0,6500.0,0,0,345700.0,2275113000.0,1.0,6680.0,6690.0,6480.0,6500.0,345700.0
2021-12-01,67280,6670.0,6670.0,6410.0,6570.0,0,0,243400.0,1590525000.0,1.0,6670.0,6670.0,6410.0,6570.0,243400.0
2021-12-02,67280,6500.0,6590.0,6430.0,6530.0,0,0,275600.0,1796323000.0,1.0,6500.0,6590.0,6430.0,6530.0,275600.0
2021-12-03,67280,6460.0,6550.0,6360.0,6550.0,0,0,264500.0,1710660000.0,1.0,6460.0,6550.0,6360.0,6550.0,264500.0
2021-12-06,67280,6490.0,6520.0,6410.0,6460.0,0,0,153800.0,991739000.0,1.0,6490.0,6520.0,6410.0,6460.0,153800.0
2021-12-07,67280,6490.0,6580.0,6400.0,6580.0,0,0,248500.0,1619227000.0,1.0,6490.0,6580.0,6400.0,6580.0,248500.0
2021-12-08,67280,6730.0,6800.0,6630.0,6780.0,0,0,282400.0,1907470000.0,1.0,6730.0,6800.0,6630.0,6780.0,282400.0
2021-12-09,67280,6790.0,6830.0,6710.0,6720.0,0,0,253300.0,1712613000.0,1.0,6790.0,6830.0,6710.0,6720.0,253300.0
2021-12-10,67280,6620.0,6650.0,6490.0,6520.0,0,0,246400.0,1613664000.0,1.0,6620.0,6650.0,6490.0,6520.0,246400.0
2021-12-13,67280,6630.0,6700.0,6600.0,6630.0,0,0,191900.0,1274333000.0,1.0,6630.0,6700.0,6600.0,6630.0,191900.0
2021-12-14,67280,6610.0,6660.0,6470.0,6510.0,0,0,229300.0,1499007000.0,1.0,6610.0,6660.0,6470.0,6510.0,229300.0
2021-12-15,67280,6410.0,6550.0,6410.0,6490.0,0,0,193200.0,1253731000.0,1.0,6410.0,6550.0,6410.0,6490.0,193200.0
2021-12-16,67280,6950.0,7240.0,6930.0,7220.0,0,0,1134300.0,8020537000.0,1.0,6950.0,7240.0,6930.0,7220.0,1134300.0
2021-12-17,67280,7100.0,7200.0,7020.0,7030.0,0,0,543600.0,3853312000.0,1.0,7100.0,7200.0,7020.0,7030.0,543600.0
2021-12-20,67280,6990.0,7020.0,6920.0,6920.0,0,0,422300.0,2940464000.0,1.0,6990.0,7020.0,6920.0,6920.0,422300.0
2021-12-21,67280,7020.0,7060.0,6900.0,7000.0,0,0,302100.0,2114306000.0,1.0,7020.0,7060.0,6900.0,7000.0,302100.0
2021-12-22,67280,7210.0,7220.0,7030.0,7080.0,0,0,341400.0,2424030000.0,1.0,7210.0,7220.0,7030.0,7080.0,341400.0
2021-12-23,67280,7050.0,7170.0,7020.0,7170.0,0,0,149600.0,1065572000.0,1.0,7050.0,7170.0,7020.0,7170.0,149600.0
2021-12-24,67280,7250.0,7270.0,7170.0,7230.0,0,0,254300.0,1836451000.0,1.0,7250.0,7270.0,7170.0,7230.0,254300.0
2021-12-27,67280,7230.0,7250.0,7130.0,7150.0,0,0,171300.0,1229804000.0,1.0,7230.0,7250.0,7130.0,7150.0,171300.0
2021-12-28,67280,7220.0,7220.0,7080.0,7180.0,0,0,287800.0,2059222000.0,1.0,7220.0,7220.0,7080.0,7180.0,287800.0
2021-12-29,67280,7150.0,7180.0,7100.0,7160.0,0,0,207600.0,1481831000.0,1.0,7150.0,7180.0,7100.0,7160.0,207600.0
2021-12-30,67280,7160.0,7270.0,7120.0,7200.0,0,0,317600.0,2286001000.0,1.0,7160.0,7270.0,7120.0,7200.0,317600.0
2022-01-04,67280,7150.0,7300.0,7150.0,7220.0,0,0,386500.0,2796902000.0,1.0,7150.0,7300.0,7150.0,7220.0,386500.0
2022-01-05,67280,7230.0,7240.0,7030.0,7060.0,0,0,350800.0,2484292000.0,1.0,7230.0,7240.0,7030.0,7060.0,350800.0
2022-01-06,67280,6910.0,6950.0,6710.0,6720.0,0,0,465600.0,3170624000.0,1.0,6910.0,6950.0,6710.0,6720.0,465600.0
2022-01-07,67280,6880.0,6910.0,6640.0,6720.0,0,0,234300.0,1580680000.0,1.0,6880.0,6910.0,6640.0,6720.0,234300.0
2022-01-11,67280,6700.0,6700.0,6510.0,6510.0,0,0,248000.0,1628899000.0,1.0,6700.0,6700.0,6510.0,6510.0,248000.0
2022-01-12,67280,6600.0,6690.0,6580.0,6660.0,0,0,288100.0,1914103000.0,1.0,6600.0,6690.0,6580.0,6660.0,288100.0
2022-01-13,67280,6760.0,6820.0,6650.0,6710.0,0,0,416700.0,2800893000.0,1.0,6760.0,6820.0,6650.0,6710.0,416700.0
2022-01-14,67280,6610.0,6740.0,6600.0,6730.0,0,0,365900.0,2446557000.0,1.0,6610.0,6740.0,6600.0,6730.0,365900.0
2022-01-17,67280,6830.0,6850.0,6720.0,6760.0,0,0,316700.0,2147803000.0,1.0,6830.0,6850.0,6720.0,6760.0,316700.0
2022-01-18,67280,6840.0,6950.0,6770.0,6800.0,0,0,321900.0,2205962000.0,1.0,6840.0,6950.0,6770.0,6800.0,321900.0
2022-01-19,67280,6560.0,6560.0,6180.0,6220.0,0,0,498200.0,3143394000.0,1.0,6560.0,6560.0,6180.0,6220.0,498200.0
2022-01-20,67280,6140.0,6260.0,6020.0,6170.0,0,0,479600.0,2949012000.0,1.0,6140.0,6260.0,6020.0,6170.0,479600.0
2022-01-21,67280,6010.0,6010.0,5830.0,5990.0,0,0,547500.0,3243513000.0,1.0,6010.0,6010.0,5830.0,5990.0,547500.0
2022-01-24,67280,5860.0,6060.0,5840.0,6040.0,0,0,394300.0,2348970000.0,1.0,5860.0,6060.0,5840.0,6040.0,394300.0
2022-01-25,67280,6040.0,6100.0,5850.0,5900.0,0,0,355000.0,2105576000.0,1.0,6040.0,6100.0,5850.0,5900.0,355000.0
2022-01-26,67280,5800.0,5900.0,5730.0,5850.0,0,0,328100.0,1911053000.0,1.0,5800.0,5900.0,5730.0,5850.0,328100.0
2022-01-27,67280,5900.0,5940.0,5450.0,5480.0,0,0,523000.0,2915046000.0,1.0,5900.0,5940.0,5450.0,5480.0,523000.0
2022-01-28,67280,5520.0,5560.0,5380.0,5500.0,0,0,771200.0,4242384000.0,1.0,5520.0,5560.0,5380.0,5500.0,771200.0
2022-01-31,67280,5560.0,5800.0,5510.0,5760.0,0,0,338700.0,1934719000.0,1.0,5560.0,5800.0,5510.0,5760.0,338700.0
2022-02-01,67280,6060.0,6100.0,5790.0,5820.0,0,0,479400.0,2835951000.0,1.0,6060.0,6100.0,5790.0,5820.0,479400.0
2022-02-02,67280,5830.0,5990.0,5830.0,5980.0,0,0,275100.0,1636044000.0,1.0,5830.0,5990.0,5830.0,5980.0,275100.0
2022-02-03,67280,5880.0,5890.0,5740.0,5770.0,0,0,235100.0,1364297000.0,1.0,5880.0,5890.0,5740.0,5770.0,235100.0
2022-02-04,67280,5750.0,5940.0,5730.0,5910.0,0,0,357600.0,2101059000.0,1.0,5750.0,5940.0,5730.0,5910.0,357600.0
2022-02-07,67280,5890.0,5940.0,5830.0,5900.0,0,0,227900.0,1342270000.0,1.0,5890.0,5940.0,5830.0,5900.0,227900.0
2022-02-08,67280,5870.0,5930.0,5770.0,5800.0,0,0,303500.0,1769687000.0,1.0,5870.0,5930.0,5770.0,5800.0,303500.0
2022-02-09,67280,5940.0,6030.0,5900.0,5970.0,0,0,237800.0,1414726000.0,1.0,5940.0,6030.0,5900.0,5970.0,237800.0
2022-02-10,67280,6150.0,6150.0,6030.0,6080.0,0,0,341200.0,2074486000.0,1.0,6150.0,6150.0,6030.0,6080.0,341200.0
2022-02-14,67280,5880.0,5910.0,5760.0,5820.0,0,0,541600.0,3151689000.0,1.0,5880.0,5910.0,5760.0,5820.0,541600.0
2022-02-15,67280,6200.0,6300.0,5930.0,5930.0,0,0,620400.0,3772395000.0,1.0,6200.0,6300.0,5930.0,5930.0,620400.0
2022-02-16,67280,6160.0,6270.0,6130.0,6270.0,0,0,345000.0,2146300000.0,1.0,6160.0,6270.0,6130.0,6270.0,345000.0
2022-02-17,67280,6230.0,6250.0,6040.0,6090.0,0,0,311100.0,1904198000.0,1.0,6230.0,6250.0,6040.0,6090.0,311100.0
2022-02-18,67280,5930.0,6030.0,5880.0,5980.0,0,0,237100.0,1412264000.0,1.0,5930.0,6030.0,5880.0,5980.0,237100.0
2022-02-21,67280,5780.0,5860.0,5670.0,5800.0,0,0,252600.0,1461110000.0,1.0,5780.0,5860.0,5670.0,5800.0,252600.0
2022-02-22,67280,5650.0,5670.0,5510.0,5580.0,0,0,328800.0,1837994000.0,1.0,5650.0,5670.0,5510.0,5580.0,328800.0
2022-02-24,67280,5480.0,5570.0,5400.0,5460.0,0,0,334400.0,1827414000.0,1.0,5480.0,5570.0,5400.0,5460.0,334400.0
2022-02-25,67280,5600.0,5700.0,5550.0,5680.0,0,0,333400.0,1881566000.0,1.0,5600.0,5700.0,5550.0,5680.0,333400.0
2022-02-28,67280,5590.0,5730.0,5560.0,5660.0,0,0,197400.0,1114358000.0,1.0,5590.0,5730.0,5560.0,5660.0,197400.0
2022-03-01,67280,5760.0,5810.0,5700.0,5740.0,0,0,221000.0,1272783000.0,1.0,5760.0,5810.0,5700.0,5740.0,221000.0
2022-03-02,67280,5600.0,5740.0,5600.0,5670.0,0,0,164000.0,930951000.0,1.0,5600.0,5740.0,5600.0,5670.0,164000.0
2022-03-03,67280,5830.0,5840.0,5720.0,5760.0,0,0,200500.0,1158272000.0,1.0,5830.0,5840.0,5720.0,5760.0,200500.0
2022-03-04,67280,5640.0,5660.0,5480.0,5500.0,0,0,284900.0,1577473000.0,1.0,5640.0,5660.0,5480.0,5500.0,284900.0
2022-03-07,67280,5300.0,5310.0,5070.0,5110.0,0,0,479300.0,2463316000.0,1.0,5300.0,5310.0,5070.0,5110.0,479300.0
2022-03-08,67280,4945.0,5200.0,4910.0,5090.0,0,0,449800.0,2291858500.0,1.0,4945.0,5200.0,4910.0,5090.0,449800.0
2022-03-09,67280,5180.0,5270.0,5010.0,5190.0,0,0,298300.0,1545275000.0,1.0,5180.0,5270.0,5010.0,5190.0,298300.0
2022-03-10,67280,5490.0,5490.0,5380.0,5400.0,0,0,369700.0,2008192000.0,1.0,5490.0,5490.0,5380.0,5400.0,369700.0
2022-03-11,67280,5310.0,5340.0,5190.0,5300.0,0,0,341700.0,1805485000.0,1.0,5310.0,5340.0,5190.0,5300.0,341700.0
2022-03-14,67280,5290.0,5460.0,5280.0,5370.0,0,0,204200.0,1099098000.0,1.0,5290.0,5460.0,5280.0,5370.0,204200.0
2022-03-15,67280,5370.0,5520.0,5360.0,5420.0,0,0,206000.0,1122304000.0,1.0,5370.0,5520.0,5360.0,5420.0,206000.0
2022-03-16,67280,5540.0,5540.0,5410.0,5470.0,0,0,207800.0,1137829000.0,1.0,5540.0,5540.0,5410.0,5470.0,207800.0
2022-03-17,67280,5700.0,5890.0,5670.0,5850.0,0,0,382900.0,2221590000.0,1.0,5700.0,5890.0,5670.0,5850.0,382900.0
2022-03-18,67280,5950.0,6060.0,5930.0,6030.0,0,0,399500.0,2405842000.0,1.0,5950.0,6060.0,5930.0,6030.0,399500.0
2022-03-22,67280,6100.0,6120.0,6000.0,6030.0,0,0,201400.0,1219221000.0,1.0,6100.0,6120.0,6000.0,6030.0,201400.0
2022-03-23,67280,6200.0,6320.0,6160.0,6290.0,0,0,288200.0,1807222000.0,1.0,6200.0,6320.0,6160.0,6290.0,288200.0
2022-03-24,67280,6130.0,6360.0,6100.0,6360.0,0,0,208500.0,1303122000.0,1.0,6130.0,6360.0,6100.0,6360.0,208500.0
2022-03-25,67280,6500.0,6530.0,6410.0,6480.0,0,0,261200.0,1690732000.0,1.0,6500.0,6530.0,6410.0,6480.0,261200.0
2022-03-28,67280,6380.0,6390.0,6290.0,6320.0,0,0,282000.0,1784111000.0,1.0,6380.0,6390.0,6290.0,6320.0,282000.0
2022-03-29,67280,6390.0,6440.0,6270.0,6330.0,0,0,310900.0,1971697000.0,1.0,6390.0,6440.0,6270.0,6330.0,310900.0
2022-03-30,67280,6500.0,6570.0,6320.0,6360.0,0,0,425400.0,2738739000.0,1.0,6500.0,6570.0,6320.0,6360.0,425400.0
2022-03-31,67280,6230.0,6350.0,6230.0,6300.0,0,0,250600.0,1578718000.0,1.0,6230.0,6350.0,6230.0,6300.0,250600.0
2022-04-01,67280,6140.0,6140.0,5970.0,6110.0,0,0,389300.0,2364786000.0,1.0,6140.0,6140.0,5970.0,6110.0,389300.0
2022-04-04,67280,6090.0,6160.0,6040.0,6120.0,0,0,230400.0,1407619000.0,1.0,6090.0,6160.0,6040.0,6120.0,230400.0
2022-04-05,67280,6220.0,6240.0,6150.0,6190.0,0,0,265500.0,1644862000.0,1.0,6220.0,6240.0,6150.0,6190.0,265500.0
2022-04-06,67280,6050.0,6050.0,5850.0,5940.0,0,0,389700.0,2308996000.0,1.0,6050.0,6050.0,5850.0,5940.0,389700.0
2022-04-07,67280,5640.0,5720.0,5450.0,5470.0,0,0,683900.0,3787783000.0,1.0,5640.0,5720.0,5450.0,5470.0,683900.0
2022-04-08,67280,5470.0,5550.0,5370.0,5400.0,0,0,443400.0,2406035000.0,1.0,5470.0,5550.0,5370.0,5400.0,443400.0
2022-04-11,67280,5340.0,5410.0,5300.0,5370.0,0,0,391400.0,2096996000.0,1.0,5340.0,5410.0,5300.0,5370.0,391400.0
2022-04-12,67280,5250.0,5300.0,5200.0,5230.0,0,0,240400.0,1259940000.0,1.0,5250.0,5300.0,5200.0,5230.0,240400.0
2022-04-13,67280,5210.0,5410.0,5200.0,5410.0,0,0,303700.0,1624207000.0,1.0,5210.0,5410.0,5200.0,5410.0,303700.0
2022-04-14,67280,5510.0,5520.0,5360.0,5440.0,0,0,333400.0,1812014000.0,1.0,5510.0,5520.0,5360.0,5440.0,333400.0
2022-04-15,67280,5270.0,5310.0,5170.0,5230.0,0,0,428400.0,2241252000.0,1.0,5270.0,5310.0,5170.0,5230.0,428400.0
2022-04-18,67280,5130.0,5170.0,5060.0,5150.0,0,0,427400.0,2186523000.0,1.0,5130.0,5170.0,5060.0,5150.0,427400.0
2022-04-19,67280,5230.0,5330.0,5170.0,5290.0,0,0,410300.0,2154677000.0,1.0,5230.0,5330.0,5170.0,5290.0,410300.0
2022-04-20,67280,5240.0,5270.0,5170.0,5180.0,0,0,478500.0,2496038000.0,1.0,5240.0,5270.0,5170.0,5180.0,478500.0
2022-04-21,67280,5110.0,5390.0,5100.0,5380.0,0,0,550300.0,2917521000.0,1.0,5110.0,5390.0,5100.0,5380.0,550300.0
2022-04-22,67280,5280.0,5290.0,5210.0,5250.0,0,0,395800.0,2076252000.0,1.0,5280.0,5290.0,5210.0,5250.0,395800.0
2022-04-25,67280,5050.0,5140.0,5040.0,5090.0,0,0,343600.0,1748660000.0,1.0,5050.0,5140.0,5040.0,5090.0,343600.0
2022-04-26,67280,5070.0,5100.0,5020.0,5070.0,0,0,370000.0,1875033000.0,1.0,5070.0,5100.0,5020.0,5070.0,370000.0
2022-04-27,67280,4970.0,5050.0,4925.0,5040.0,0,0,466000.0,2329122500.0,1.0,4970.0,5050.0,4925.0,5040.0,466000.0
2022-04-28,67280,5040.0,5200.0,5010.0,5160.0,0,0,301600.0,1549503000.0,1.0,5040.0,5200.0,5010.0,5160.0,301600.0
2022-05-02,67280,5150.0,5180.0,5050.0,5130.0,0,0,272100.0,1393566000.0,1.0,5150.0,5180.0,5050.0,5130.0,272100.0
2022-05-06,67280,5100.0,5170.0,5030.0,5170.0,0,0,324800.0,1667016000.0,1.0,5100.0,5170.0,5030.0,5170.0,324800.0
2022-05-09,67280,5010.0,5090.0,5000.0,5050.0,0,0,297900.0,1501952000.0,1.0,5010.0,5090.0,5000.0,5050.0,297900.0
2022-05-10,67280,4955.0,5010.0,4875.0,4990.0,0,0,401000.0,1985456000.0,1.0,4955.0,5010.0,4875.0,4990.0,401000.0
2022-05-11,67280,4945.0,5140.0,4940.0,5090.0,0,0,473400.0,2400523500.0,1.0,4945.0,5140.0,4940.0,5090.0,473400.0
2022-05-12,67280,4920.0,5120.0,4920.0,5020.0,0,0,336000.0,1688016000.0,1.0,4920.0,5120.0,4920.0,5020.0,336000.0
2022-05-13,67280,4980.0,5160.0,4980.0,5130.0,0,0,455800.0,2322960500.0,1.0,4980.0,5160.0,4980.0,5130.0,455800.0
2022-05-16,67280,5420.0,5450.0,5180.0,5210.0,0,0,355900.0,1878445000.0,1.0,5420.0,5450.0,5180.0,5210.0,355900.0
2022-05-17,67280,5240.0,5310.0,5230.0,5290.0,0,0,240500.0,1269486000.0,1.0,5240.0,5310.0,5230.0,5290.0,240500.0
2022-05-18,67280,5420.0,5430.0,5350.0,5370.0,0,0,269700.0,1450807000.0,1.0,5420.0,5430.0,5350.0,5370.0,269700.0
2022-05-19,67280,5120.0,5280.0,5120.0,5270.0,0,0,311600.0,1631144000.0,1.0,5120.0,5280.0,5120.0,5270.0,311600.0
2022-05-20,67280,5220.0,5340.0,5220.0,5320.0,0,0,235100.0,1245793000.0,1.0,5220.0,5340.0,5220.0,5320.0,235100.0
2022-05-23,67280,5420.0,5420.0,5270.0,5290.0,0,0,198900.0,1055883000.0,1.0,5420.0,5420.0,5270.0,5290.0,198900.0
2022-05-24,67280,5320.0,5340.0,5210.0,5220.0,0,0,209300.0,1100528000.0,1.0,5320.0,5340.0,5210.0,5220.0,209300.0
2022-05-25,67280,5330.0,5390.0,5250.0,5270.0,0,0,547800.0,2912232000.0,1.0,5330.0,5390.0,5250.0,5270.0,547800.0
2022-05-26,67280,5270.0,5350.0,5210.0,5220.0,0,0,295300.0,1557352000.0,1.0,5270.0,5350.0,5210.0,5220.0,295300.0
2022-05-27,67280,5350.0,5390.0,5320.0,5340.0,0,0,389300.0,2085049000.0,1.0,5350.0,5390.0,5320.0,5340.0,389300.0
2022-05-30,67280,5480.0,5580.0,5480.0,5540.0,0,0,469300.0,2598052000.0,1.0,5480.0,5580.0,5480.0,5540.0,469300.0
2022-05-31,67280,5470.0,5510.0,5430.0,5480.0,0,0,534100.0,2922790000.0,1.0,5470.0,5510.0,5430.0,5480.0,534100.0
2022-06-01,67280,5480.0,5570.0,5470.0,5550.0,0,0,266000.0,1471943000.0,1.0,5480.0,5570.0,5470.0,5550.0,266000.0
2022-06-02,67280,5520.0,5560.0,5490.0,5510.0,0,0,173100.0,955724000.0,1.0,5520.0,5560.0,5490.0,5510.0,173100.0
2022-06-03,67280,5600.0,5680.0,5580.0,5650.0,0,0,274100.0,1545985000.0,1.0,5600.0,5680.0,5580.0,5650.0,274100.0
2022-06-06,67280,5550.0,5650.0,5530.0,5630.0,0,0,209300.0,1173101000.0,1.0,5550.0,5650.0,5530.0,5630.0,209300.0
2022-06-07,67280,5640.0,5650.0,5580.0,5610.0,0,0,177800.0,998161000.0,1.0,5640.0,5650.0,5580.0,5610.0,177800.0
2022-06-08,67280,5630.0,5660.0,5600.0,5600.0,0,0,257700.0,1450672000.0,1.0,5630.0,5660.0,5600.0,5600.0,257700.0
2022-06-09,67280,5560.0,5570.0,5430.0,5440.0,0,0,378900.0,2074847000.0,1.0,5560.0,5570.0,5430.0,5440.0,378900.0
2022-06-10,67280,5390.0,5400.0,5290.0,5290.0,0,0,320500.0,1709069000.0,1.0,5390.0,5400.0,5290.0,5290.0,320500.0
2022-06-13,67280,5100.0,5180.0,5090.0,5160.0,0,0,302400.0,1555100000.0,1.0,5100.0,5180.0,5090.0,5160.0,302400.0
2022-06-14,67280,5030.0,5120.0,5020.0,5110.0,0,0,254000.0,1287690000.0,1.0,5030.0,5120.0,5020.0,5110.0,254000.0
2022-06-15,67280,5120.0,5130.0,5020.0,5050.0,0,0,202000.0,1021331000.0,1.0,5120.0,5130.0,5020.0,5050.0,202000.0
2022-06-16,67280,5230.0,5280.0,5160.0,5170.0,0,0,341800.0,1783417000.0,1.0,5230.0,5280.0,5160.0,5170.0,341800.0
2022-06-17,67280,4900.0,4925.0,4760.0,4765.0,0,0,837000.0,4024757500.0,1.0,4900.0,4925.0,4760.0,4765.0,837000.0
2022-06-20,67280,4760.0,4800.0,4515.0,4560.0,0,0,502600.0,2313569000.0,1.0,4760.0,4800.0,4515.0,4560.0,502600.0
2022-06-21,67280,4675.0,4775.0,4575.0,4710.0,0,0,386500.0,1815704000.0,1.0,4675.0,4775.0,4575.0,4710.0,386500.0
2022-06-22,67280,4780.0,4790.0,4590.0,4600.0,0,0,433000.0,2010438500.0,1.0,4780.0,4790.0,4590.0,4600.0,433000.0
2022-06-23,67280,4620.0,4665.0,4555.0,4605.0,0,0,420400.0,1935797000.0,1.0,4620.0,4665.0,4555.0,4605.0,420400.0
2022-06-24,67280,4700.0,4810.0,4660.0,4800.0,0,0,358400.0,1706071500.0,1.0,4700.0,4810.0,4660.0,4800.0,358400.0
2022-06-27,67280,4900.0,4950.0,4845.0,4930.0,0,0,354500.0,1739205500.0,1.0,4900.0,4950.0,4845.0,4930.0,354500.0
2022-06-28,67280,4860.0,4940.0,4855.0,4940.0,0,0,421400.0,2064483000.0,1.0,4860.0,4940.0,4855.0,4940.0,421400.0
2022-06-29,67280,4795.0,4795.0,4715.0,4795.0,0,0,467500.0,2229344500.0,1.0,4795.0,4795.0,4715.0,4795.0,467500.0
2022-06-30,67280,4780.0,4785.0,4600.0,4620.0,0,0,415700.0,1934198500.0,1.0,4780.0,4785.0,4600.0,4620.0,415700.0
2022-07-01,67280,4570.0,4620.0,4325.0,4340.0,0,0,876600.0,3885616000.0,1.0,4570.0,4620.0,4325.0,4340.0,876600.0
2022-07-04,67280,4480.0,4520.0,4395.0,4520.0,0,0,594200.0,2661881000.0,1.0,4480.0,4520.0,4395.0,4520.0,594200.0
2022-07-05,67280,4625.0,4645.0,4585.0,4605.0,0,0,329800.0,1521535000.0,1.0,4625.0,4645.0,4585.0,4605.0,329800.0
2022-07-06,67280,4535.0,4665.0,4520.0,4605.0,0,0,471400.0,2172556500.0,1.0,4535.0,4665.0,4520.0,4605.0,471400.0
2022-07-07,67280,4625.0,4765.0,4580.0,4700.0,0,0,644700.0,3020069500.0,1.0,4625.0,4765.0,4580.0,4700.0,644700.0
2022-07-08,67280,4770.0,4840.0,4710.0,4755.0,0,0,500700.0,2389954500.0,1.0,4770.0,4840.0,4710.0,4755.0,500700.0
2022-07-11,67280,4795.0,4795.0,4670.0,4730.0,0,0,436600.0,2065307000.0,1.0,4795.0,4795.0,4670.0,4730.0,436600.0
2022-07-12,67280,4680.0,4685.0,4565.0,4605.0,0,0,449400.0,2069947500.0,1.0,4680.0,4685.0,4565.0,4605.0,449400.0
2022-07-13,67280,4620.0,4660.0,4600.0,4645.0,0,0,259100.0,1198113000.0,1.0,4620.0,4660.0,4600.0,4645.0,259100.0
2022-07-14,67280,4650.0,4760.0,4615.0,4745.0,0,0,297300.0,1399130500.0,1.0,4650.0,4760.0,4615.0,4745.0,297300.0
2022-07-15,67280,4675.0,4715.0,4600.0,4640.0,0,0,485100.0,2252533000.0,1.0,4675.0,4715.0,4600.0,4640.0,485100.0
2022-07-19,67280,4710.0,4735.0,4610.0,4730.0,0,0,456300.0,2140404000.0,1.0,4710.0,4735.0,4610.0,4730.0,456300.0
2022-07-20,67280,4870.0,4910.0,4845.0,4895.0,0,0,345700.0,1691416500.0,1.0,4870.0,4910.0,4845.0,4895.0,345700.0
2022-07-21,67280,4890.0,4940.0,4875.0,4935.0,0,0,280300.0,1378891000.0,1.0,4890.0,4940.0,4875.0,4935.0,280300.0
2022-07-22,67280,4915.0,4940.0,4890.0,4935.0,0,0,231800.0,1140706000.0,1.0,4915.0,4940.0,4890.0,4935.0,231800.0
2022-07-25,67280,4900.0,4925.0,4875.0,4890.0,0,0,175200.0,858645000.0,1.0,4900.0,4925.0,4875.0,4890.0,175200.0
2022-07-26,67280,4885.0,4930.0,4860.0,4915.0,0,0,241000.0,1181981000.0,1.0,4885.0,4930.0,4860.0,4915.0,241000.0
2022-07-27,67280,4940.0,5080.0,4910.0,5050.0,0,0,274500.0,1377026500.0,1.0,4940.0,5080.0,4910.0,5050.0,274500.0
2022-07-28,67280,5130.0,5140.0,4985.0,5020.0,0,0,271000.0,1363408500.0,1.0,5130.0,5140.0,4985.0,5020.0,271000.0
2022-07-29,67280,5020.0,5050.0,4965.0,5000.0,0,0,251100.0,1257274000.0,1.0,5020.0,5050.0,4965.0,5000.0,251100.0
2022-08-01,67280,5050.0,5120.0,5030.0,5110.0,0,0,212800.0,1084456000.0,1.0,5050.0,5120.0,5030.0,5110.0,212800.0
2022-08-02,67280,5060.0,5080.0,5000.0,5050.0,0,0,287400.0,1450939000.0,1.0,5060.0,5080.0,5000.0,5050.0,287400.0
2022-08-03,67280,5030.0,5060.0,4985.0,5040.0,0,0,339700.0,1706782500.0,1.0,5030.0,5060.0,4985.0,5040.0,339700.0
2022-08-04,67280,5120.0,5150.0,5040.0,5090.0,0,0,232800.0,1184624000.0,1.0,5120.0,5150.0,5040.0,5090.0,232800.0
2022-08-05,67280,5130.0,5220.0,5120.0,5190.0,0,0,366300.0,1895897000.0,1.0,5130.0,5220.0,5120.0,5190.0,366300.0
2022-08-08,67280,5180.0,5230.0,5160.0,5190.0,0,0,246800.0,1279435000.0,1.0,5180.0,5230.0,5160.0,5190.0,246800.0
2022-08-09,67280,5170.0,5190.0,5050.0,5070.0,0,0,477900.0,2436791000.0,1.0,5170.0,5190.0,5050.0,5070.0,477900.0
2022-08-10,67280,4830.0,5080.0,4825.0,5040.0,0,0,663600.0,3310551000.0,1.0,4830.0,5080.0,4825.0,5040.0,663600.0
2022-08-12,67280,5240.0,5340.0,5130.0,5320.0,0,0,677000.0,3577489000.0,1.0,5240.0,5340.0,5130.0,5320.0,677000.0
2022-08-15,67280,5360.0,5470.0,5320.0,5400.0,0,0,454900.0,2465271000.0,1.0,5360.0,5470.0,5320.0,5400.0,454900.0
2022-08-16,67280,5380.0,5430.0,5350.0,5370.0,0,0,339300.0,1826815000.0,1.0,5380.0,5430.0,5350.0,5370.0,339300.0
2022-08-17,67280,5440.0,5440.0,5360.0,5400.0,0,0,264400.0,1426045000.0,1.0,5440.0,5440.0,5360.0,5400.0,264400.0
2022-08-18,67280,5320.0,5380.0,5280.0,5380.0,0,0,216800.0,1157794000.0,1.0,5320.0,5380.0,5280.0,5380.0,216800.0
2022-08-19,67280,5470.0,5480.0,5420.0,5460.0,0,0,418600.0,2284231000.0,1.0,5470.0,5480.0,5420.0,5460.0,418600.0
2022-08-22,67280,5360.0,5460.0,5360.0,5450.0,0,0,329200.0,1785535000.0,1.0,5360.0,5460.0,5360.0,5450.0,329200.0
2022-08-23,67280,5360.0,5450.0,5360.0,5440.0,0,0,269700.0,1463898000.0,1.0,5360.0,5450.0,5360.0,5440.0,269700.0
2022-08-24,67280,5460.0,5480.0,5390.0,5450.0,0,0,387800.0,2109476000.0,1.0,5460.0,5480.0,5390.0,5450.0,387800.0
2022-08-25,67280,5560.0,5650.0,5470.0,5620.0,0,0,703000.0,3925431000.0,1.0,5560.0,5650.0,5470.0,5620.0,703000.0
2022-08-26,67280,5630.0,5680.0,5600.0,5640.0,0,0,401300.0,2260056000.0,1.0,5630.0,5680.0,5600.0,5640.0,401300.0
2022-08-29,67280,5440.0,5480.0,5380.0,5380.0,0,0,432900.0,2347936000.0,1.0,5440.0,5480.0,5380.0,5380.0,432900.0
2022-08-30,67280,5390.0,5530.0,5390.0,5530.0,0,0,329500.0,1808358000.0,1.0,5390.0,5530.0,5390.0,5530.0,329500.0
2022-08-31,67280,5430.0,5510.0,5400.0,5470.0,0,0,477600.0,2609406000.0,1.0,5430.0,5510.0,5400.0,5470.0,477600.0
2022-09-01,67280,5380.0,5410.0,5290.0,5360.0,0,0,348400.0,1868994000.0,1.0,5380.0,5410.0,5290.0,5360.0,348400.0
2022-09-02,67280,5460.0,5470.0,5280.0,5320.0,0,0,657400.0,3500742000.0,1.0,5460.0,5470.0,5280.0,5320.0,657400.0
2022-09-05,67280,5290.0,5420.0,5270.0,5380.0,0,0,295600.0,1584932000.0,1.0,5290.0,5420.0,5270.0,5380.0,295600.0
2022-09-06,67280,5380.0,5470.0,5350.0,5450.0,0,0,303100.0,1648385000.0,1.0,5380.0,5470.0,5350.0,5450.0,303100.0
2022-09-07,67280,5450.0,5500.0,5320.0,5480.0,0,0,469800.0,2553557000.0,1.0,5450.0,5500.0,5320.0,5480.0,469800.0
2022-09-08,67280,5510.0,5610.0,5470.0,5590.0,0,0,498900.0,2775219000.0,1.0,5510.0,5610.0,5470.0,5590.0,498900.0
2022-09-09,67280,5710.0,5820.0,5650.0,5700.0,0,0,746300.0,4274829000.0,1.0,5710.0,5820.0,5650.0,5700.0,746300.0
2022-09-12,67280,5800.0,5910.0,5800.0,5860.0,0,0,486800.0,2853098000.0,1.0,5800.0,5910.0,5800.0,5860.0,486800.0
2022-09-13,67280,5850.0,5950.0,5840.0,5920.0,0,0,470600.0,2779183000.0,1.0,5850.0,5950.0,5840.0,5920.0,470600.0
2022-09-14,67280,5710.0,5860.0,5650.0,5780.0,0,0,466000.0,2695763000.0,1.0,5710.0,5860.0,5650.0,5780.0,466000.0
2022-09-15,67280,5770.0,5820.0,5750.0,5800.0,0,0,333000.0,1925820000.0,1.0,5770.0,5820.0,5750.0,5800.0,333000.0
2022-09-16,67280,5700.0,5730.0,5630.0,5640.0,0,0,436100.0,2471606000.0,1.0,5700.0,5730.0,5630.0,5640.0,436100.0
2022-09-20,67280,5730.0,5780.0,5650.0,5680.0,0,0,326200.0,1857217000.0,1.0,5730.0,5780.0,5650.0,5680.0,326200.0
2022-09-21,67280,5580.0,5650.0,5560.0,5620.0,0,0,404000.0,2267544000.0,1.0,5580.0,5650.0,5560.0,5620.0,404000.0
2022-09-22,67280,5550.0,5660.0,5530.0,5640.0,0,0,348600.0,1956632000.0,1.0,5550.0,5660.0,5530.0,5640.0,348600.0
2022-09-26,67280,5440.0,5480.0,5340.0,5430.0,0,0,536900.0,2908448000.0,1.0,5440.0,5480.0,5340.0,5430.0,536900.0
2022-09-27,67280,5400.0,5450.0,5340.0,5390.0,0,0,331400.0,1789320000.0,1.0,5400.0,5450.0,5340.0,5390.0,331400.0
2022-09-28,67280,5320.0,5440.0,5200.0,5270.0,0,0,600500.0,3172600000.0,1.0,5320.0,5440.0,5200.0,5270.0,600500.0
2022-09-29,67280,5370.0,5370.0,5250.0,5290.0,0,0,425800.0,2253357000.0,1.0,5370.0,5370.0,5250.0,5290.0,425800.0
2022-09-30,67280,5180.0,5200.0,5050.0,5130.0,0,0,583600.0,2995356000.0,1.0,5180.0,5200.0,5050.0,5130.0,583600.0
2022-10-03,67280,5040.0,5340.0,5040.0,5290.0,0,0,380300.0,1987651000.0,1.0,5040.0,5340.0,5040.0,5290.0,380300.0
2022-10-04,67280,5460.0,5460.0,5350.0,5400.0,0,0,338500.0,1829261000.0,1.0,5460.0,5460.0,5350.0,5400.0,338500.0
2022-10-05,67280,5480.0,5480.0,5400.0,5420.0,0,0,278000.0,1509733000.0,1.0,5480.0,5480.0,5400.0,5420.0,278000.0
2022-10-06,67280,5400.0,5690.0,5400.0,5640.0,0,0,635000.0,3566778000.0,1.0,5400.0,5690.0,5400.0,5640.0,635000.0
2022-10-07,67280,5540.0,5740.0,5540.0,5670.0,0,0,545300.0,3092718000.0,1.0,5540.0,5740.0,5540.0,5670.0,545300.0
2022-10-11,67280,5500.0,5550.0,5360.0,5440.0,0,0,516100.0,2811687000.0,1.0,5500.0,5550.0,5360.0,5440.0,516100.0
2022-10-12,67280,5410.0,5450.0,5230.0,5270.0,0,0,642500.0,3406835000.0,1.0,5410.0,5450.0,5230.0,5270.0,642500.0
2022-10-13,67280,5310.0,5400.0,5250.0,5270.0,0,0,482300.0,2561735000.0,1.0,5310.0,5400.0,5250.0,5270.0,482300.0
2022-10-14,67280,5470.0,5470.0,5340.0,5400.0,0,0,416000.0,2248397000.0,1.0,5470.0,5470.0,5340.0,5400.0,416000.0
2022-10-17,67280,5300.0,5400.0,5300.0,5380.0,0,0,209800.0,1128407000.0,1.0,5300.0,5400.0,5300.0,5380.0,209800.0
2022-10-18,67280,5440.0,5460.0,5350.0,5420.0,0,0,249300.0,1348763000.0,1.0,5440.0,5460.0,5350.0,5420.0,249300.0
2022-10-19,67280,5400.0,5500.0,5390.0,5460.0,0,0,252200.0,1378379000.0,1.0,5400.0,5500.0,5390.0,5460.0,252200.0
2022-10-20,67280,5430.0,5530.0,5430.0,5480.0,0,0,360300.0,1975855000.0,1.0,5430.0,5530.0,5430.0,5480.0,360300.0
2022-10-21,67280,5500.0,5760.0,5500.0,5640.0,0,0,501300.0,2834017000.0,1.0,5500.0,5760.0,5500.0,5640.0,501300.0
2022-10-24,67280,5740.0,5760.0,5620.0,5670.0,0,0,323700.0,1840573000.0,1.0,5740.0,5760.0,5620.0,5670.0,323700.0
2022-10-25,67280,5680.0,5740.0,5660.0,5670.0,0,0,215300.0,1225518000.0,1.0,5680.0,5740.0,5660.0,5670.0,215300.0
2022-10-26,67280,5720.0,5760.0,5660.0,5680.0,0,0,286300.0,1634456000.0,1.0,5720.0,5760.0,5660.0,5680.0,286300.0
2022-10-27,67280,5700.0,5810.0,5680.0,5780.0,0,0,290800.0,1680017000.0,1.0,5700.0,5810.0,5680.0,5780.0,290800.0
2022-10-28,67280,5680.0,5810.0,5670.0,5760.0,0,0,623900.0,3590807000.0,1.0,5680.0,5810.0,5670.0,5760.0,623900.0
2022-10-31,67280,5840.0,5910.0,5770.0,5880.0,0,0,456900.0,2678500000.0,1.0,5840.0,5910.0,5770.0,5880.0,456900.0
2022-11-01,67280,5850.0,5910.0,5800.0,5870.0,0,0,184800.0,1084359000.0,1.0,5850.0,5910.0,5800.0,5870.0,184800.0
2022-11-02,67280,5910.0,5940.0,5730.0,5780.0,0,0,474300.0,2744854000.0,1.0,5910.0,5940.0,5730.0,5780.0,474300.0
2022-11-04,67280,5670.0,5770.0,5670.0,5740.0,0,0,297900.0,1708937000.0,1.0,5670.0,5770.0,5670.0,5740.0,297900.0
2022-11-07,67280,5790.0,5870.0,5760.0,5830.0,0,0,244200.0,1423209000.0,1.0,5790.0,5870.0,5760.0,5830.0,244200.0
2022-11-08,67280,5830.0,5970.0,5810.0,5970.0,0,0,253900.0,1505141000.0,1.0,5830.0,5970.0,5810.0,5970.0,253900.0
2022-11-09,67280,5960.0,6000.0,5900.0,5950.0,0,0,341500.0,2031978000.0,1.0,5960.0,6000.0,5900.0,5950.0,341500.0
2022-11-10,67280,5940.0,5980.0,5850.0,5900.0,0,0,416300.0,2460632000.0,1.0,5940.0,5980.0,5850.0,5900.0,416300.0
2022-11-11,67280,6050.0,6210.0,6040.0,6200.0,0,0,606300.0,3729291000.0,1.0,6050.0,6210.0,6040.0,6200.0,606300.0
2022-11-14,67280,6180.0,6220.0,5760.0,5790.0,0,0,1029300.0,6049847000.0,1.0,6180.0,6220.0,5760.0,5790.0,1029300.0
2022-11-15,67280,5810.0,6060.0,5750.0,6010.0,0,0,580100.0,3466413000.0,1.0,5810.0,6060.0,5750.0,6010.0,580100.0
2022-11-16,67280,6070.0,6120.0,6010.0,6110.0,0,0,789200.0,4793179000.0,1.0,6070.0,6120.0,6010.0,6110.0,789200.0
2022-11-17,67280,6050.0,6090.0,5880.0,5950.0,0,0,429600.0,2555292000.0,1.0,6050.0,6090.0,5880.0,5950.0,429600.0
2022-11-18,67280,6050.0,6070.0,5940.0,5950.0,0,0,330000.0,1979029000.0,1.0,6050.0,6070.0,5940.0,5950.0,330000.0
2022-11-21,67280,6020.0,6070.0,5960.0,6000.0,0,0,294700.0,1776534000.0,1.0,6020.0,6070.0,5960.0,6000.0,294700.0
2022-11-22,67280,6070.0,6100.0,6010.0,6040.0,0,0,253900.0,1538963000.0,1.0,6070.0,6100.0,6010.0,6040.0,253900.0
2022-11-24,67280,6140.0,6230.0,6110.0,6200.0,0,0,345400.0,2139296000.0,1.0,6140.0,6230.0,6110.0,6200.0,345400.0
2022-11-25,67280,6210.0,6220.0,6120.0,6130.0,0,0,280600.0,1728070000.0,1.0,6210.0,6220.0,6120.0,6130.0,280600.0
2022-11-28,67280,6130.0,6130.0,6050.0,6050.0,0,0,240700.0,1464510000.0,1.0,6130.0,6130.0,6050.0,6050.0,240700.0
2022-11-29,67280,5980.0,5980.0,5920.0,5960.0,0,0,246600.0,1467388000.0,1.0,5980.0,5980.0,5920.0,5960.0,246600.0
2022-11-30,67280,5910.0,5950.0,5880.0,5930.0,0,0,287400.0,1699414000.0,1.0,5910.0,5950.0,5880.0,5930.0,287400.0
2022-12-01,67280,6070.0,6120.0,6030.0,6090.0,0,0,332300.0,2021043000.0,1.0,6070.0,6120.0,6030.0,6090.0,332300.0
2022-12-02,67280,6030.0,6050.0,5960.0,6010.0,0,0,290600.0,1744642000.0,1.0,6030.0,6050.0,5960.0,6010.0,290600.0
2022-12-05,67280,5990.0,6100.0,5990.0,5990.0,0,0,278700.0,1680293000.0,1.0,5990.0,6100.0,5990.0,5990.0,278700.0
2022-12-06,67280,6090.0,6120.0,6020.0,6050.0,0,0,284900.0,1728376000.0,1.0,6090.0,6120.0,6020.0,6050.0,284900.0
2022-12-07,67280,5950.0,5990.0,5890.0,5920.0,0,0,275400.0,1634870000.0,1.0,5950.0,5990.0,5890.0,5920.0,275400.0
2022-12-08,67280,5970.0,5970.0,5820.0,5890.0,0,0,190400.0,1117338000.0,1.0,5970.0,5970.0,5820.0,5890.0,190400.0
2022-12-09,67280,5930.0,6110.0,5910.0,6100.0,0,0,312600.0,1887872000.0,1.0,5930.0,6110.0,5910.0,6100.0,312600.0
2022-12-12,67280,6140.0,6140.0,6040.0,6090.0,0,0,286700.0,1747369000.0,1.0,6140.0,6140.0,6040.0,6090.0,286700.0
2022-12-13,67280,6120.0,6120.0,6050.0,6100.0,0,0,184100.0,1120219000.0,1.0,6120.0,6120.0,6050.0,6100.0,184100.0
2022-12-14,67280,6140.0,6240.0,6120.0,6150.0,0,0,240500.0,1485156000.0,1.0,6140.0,6240.0,6120.0,6150.0,240500.0
2022-12-15,67280,6090.0,6100.0,6050.0,6070.0,0,0,180300.0,1094307000.0,1.0,6090.0,6100.0,6050.0,6070.0,180300.0
2022-12-16,67280,5920.0,5970.0,5890.0,5960.0,0,0,282600.0,1679903000.0,1.0,5920.0,5970.0,5890.0,5960.0,282600.0
2022-12-19,67280,5890.0,5960.0,5880.0,5910.0,0,0,115900.0,685813000.0,1.0,5890.0,5960.0,5880.0,5910.0,115900.0
2022-12-20,67280,5940.0,6070.0,5810.0,5830.0,0,0,501900.0,2966201000.0,1.0,5940.0,6070.0,5810.0,5830.0,501900.0
2022-12-21,67280,5780.0,5840.0,5650.0,5760.0,0,0,346800.0,1995164000.0,1.0,5780.0,5840.0,5650.0,5760.0,346800.0
2022-12-22,67280,5850.0,5860.0,5650.0,5660.0,0,0,236300.0,1350532000.0,1.0,5850.0,5860.0,5650.0,5660.0,236300.0
2022-12-23,67280,5500.0,5580.0,5400.0,5480.0,0,0,441100.0,2416134000.0,1.0,5500.0,5580.0,5400.0,5480.0,441100.0
2022-12-26,67280,5510.0,5660.0,5490.0,5660.0,0,0,169000.0,948060000.0,1.0,5510.0,5660.0,5490.0,5660.0,169000.0
2022-12-27,67280,5750.0,5750.0,5590.0,5620.0,0,0,139800.0,788057000.0,1.0,5750.0,5750.0,5590.0,5620.0,139800.0
2022-12-28,67280,5530.0,5640.0,5510.0,5630.0,0,0,189300.0,1058696000.0,1.0,5530.0,5640.0,5510.0,5630.0,189300.0
2022-12-29,67280,5540.0,5590.0,5500.0,5590.0,0,0,244700.0,1357014000.0,1.0,5540.0,5590.0,5500.0,5590.0,244700.0
2022-12-30,67280,5630.0,5680.0,5560.0,5560.0,0,0,158900.0,888358000.0,1.0,5630.0,5680.0,5560.0,5560.0,158900.0
2023-01-04,67280,5500.0,5560.0,5440.0,5450.0,0,0,267900.0,1468327000.0,1.0,5500.0,5560.0,5440.0,5450.0,267900.0
2023-01-05,67280,5450.0,5610.0,5440.0,5560.0,0,0,299900.0,1661089000.0,1.0,5450.0,5610.0,5440.0,5560.0,299900.0
2023-01-06,67280,5500.0,5650.0,5480.0,5630.0,0,0,195900.0,1096184000.0,1.0,5500.0,5650.0,5480.0,5630.0,195900.0
2023-01-10,67280,5830.0,5830.0,5710.0,5790.0,0,0,222000.0,1284265000.0,1.0,5830.0,5830.0,5710.0,5790.0,222000.0
2023-01-11,67280,5780.0,5900.0,5760.0,5840.0,0,0,277600.0,1622031000.0,1.0,5780.0,5900.0,5760.0,5840.0,277600.0
2023-01-12,67280,5890.0,5900.0,5750.0,5780.0,0,0,210700.0,1223252000.0,1.0,5890.0,5900.0,5750.0,5780.0,210700.0
2023-01-13,67280,5750.0,5900.0,5750.0,5820.0,0,0,221200.0,1291983000.0,1.0,5750.0,5900.0,5750.0,5820.0,221200.0
2023-01-16,67280,5760.0,5820.0,5670.0,5690.0,0,0,197200.0,1130723000.0,1.0,5760.0,5820.0,5670.0,5690.0,197200.0
2023-01-17,67280,5690.0,5790.0,5690.0,5760.0,0,0,192100.0,1105428000.0,1.0,5690.0,5790.0,5690.0,5760.0,192100.0
2023-01-18,67280,5810.0,5960.0,5760.0,5890.0,0,0,238200.0,1396914000.0,1.0,5810.0,5960.0,5760.0,5890.0,238200.0
2023-01-19,67280,5940.0,5940.0,5780.0,5780.0,0,0,348300.0,2030641000.0,1.0,5940.0,5940.0,5780.0,5780.0,348300.0
2023-01-20,67280,5730.0,5830.0,5690.0,5800.0,0,0,227600.0,1314376000.0,1.0,5730.0,5830.0,5690.0,5800.0,227600.0
2023-01-23,67280,5930.0,5960.0,5850.0,5940.0,0,0,247200.0,1465472000.0,1.0,5930.0,5960.0,5850.0,5940.0,247200.0
2023-01-24,67280,6100.0,6140.0,6080.0,6110.0,0,0,325800.0,1990702000.0,1.0,6100.0,6140.0,6080.0,6110.0,325800.0
2023-01-25,67280,6040.0,6140.0,6020.0,6070.0,0,0,282000.0,1716902000.0,1.0,6040.0,6140.0,6020.0,6070.0,282000.0
2023-01-26,67280,6100.0,6100.0,5990.0,6060.0,0,0,306000.0,1849475000.0,1.0,6100.0,6100.0,5990.0,6060.0,306000.0
2023-01-27,67280,6040.0,6140.0,5980.0,6040.0,0,0,358800.0,2171959000.0,1.0,6040.0,6140.0,5980.0,6040.0,358800.0
2023-01-30,67280,6030.0,6070.0,6000.0,6020.0,0,0,262100.0,1581228000.0,1.0,6030.0,6070.0,6000.0,6020.0,262100.0
2023-01-31,67280,6090.0,6110.0,5970.0,6020.0,0,0,279900.0,1691633000.0,1.0,6090.0,6110.0,5970.0,6020.0,279900.0
2023-02-01,67280,6030.0,6100.0,5970.0,5980.0,0,0,302500.0,1818726000.0,1.0,6030.0,6100.0,5970.0,5980.0,302500.0
2023-02-02,67280,6070.0,6090.0,5980.0,6060.0,0,0,293400.0,1774309000.0,1.0,6070.0,6090.0,5980.0,6060.0,293400.0
2023-02-03,67280,6090.0,6090.0,5990.0,6080.0,0,0,191800.0,1163377000.0,1.0,6090.0,6090.0,5990.0,6080.0,191800.0
2023-02-06,67280,6130.0,6170.0,5940.0,5950.0,0,0,337800.0,2032058000.0,1.0,6130.0,6170.0,5940.0,5950.0,337800.0
2023-02-07,67280,5980.0,6080.0,5980.0,6040.0,0,0,171400.0,1034648000.0,1.0,5980.0,6080.0,5980.0,6040.0,171400.0
2023-02-08,67280,6080.0,6110.0,6040.0,6080.0,0,0,185500.0,1126367000.0,1.0,6080.0,6110.0,6040.0,6080.0,185500.0
2023-02-09,67280,6040.0,6100.0,6010.0,6060.0,0,0,222400.0,1346366000.0,1.0,6040.0,6100.0,6010.0,6060.0,222400.0
2023-02-10,67280,6120.0,6330.0,6100.0,6190.0,0,0,477500.0,2970034000.0,1.0,6120.0,6330.0,6100.0,6190.0,477500.0
2023-02-13,67280,6090.0,6130.0,5950.0,5950.0,0,0,405000.0,2431107000.0,1.0,6090.0,6130.0,5950.0,5950.0,405000.0
2023-02-14,67280,5450.0,5560.0,5350.0,5520.0,0,0,1451900.0,7928871000.0,1.0,5450.0,5560.0,5350.0,5520.0,1451900.0
2023-02-15,67280,5590.0,5630.0,5400.0,5420.0,0,0,627200.0,3421756000.0,1.0,5590.0,5630.0,5400.0,5420.0,627200.0
2023-02-16,67280,5390.0,5420.0,5310.0,5330.0,0,0,573000.0,3065655000.0,1.0,5390.0,5420.0,5310.0,5330.0,573000.0
2023-02-17,67280,5210.0,5260.0,5170.0,5230.0,0,0,539500.0,2817796000.0,1.0,5210.0,5260.0,5170.0,5230.0,539500.0
2023-02-20,67280,5220.0,5300.0,5220.0,5270.0,0,0,250100.0,1317448000.0,1.0,5220.0,5300.0,5220.0,5270.0,250100.0
2023-02-21,67280,5250.0,5250.0,5160.0,5180.0,0,0,303000.0,1572575000.0,1.0,5250.0,5250.0,5160.0,5180.0,303000.0
2023-02-22,67280,5100.0,5200.0,5090.0,5090.0,0,0,370100.0,1898257000.0,1.0,5100.0,5200.0,5090.0,5090.0,370100.0
2023-02-24,67280,5140.0,5280.0,5110.0,5250.0,0,0,436000.0,2278927000.0,1.0,5140.0,5280.0,5110.0,5250.0,436000.0
2023-02-27,67280,5210.0,5240.0,5180.0,5240.0,0,0,201100.0,1049869000.0,1.0,5210.0,5240.0,5180.0,5240.0,201100.0
2023-02-28,67280,5240.0,5280.0,5210.0,5220.0,0,0,325100.0,1703462000.0,1.0,5240.0,5280.0,5210.0,5220.0,325100.0
2023-03-01,67280,5210.0,5320.0,5200.0,5310.0,0,0,184900.0,976154000.0,1.0,5210.0,5320.0,5200.0,5310.0,184900.0
2023-03-02,67280,5330.0,5340.0,5220.0,5240.0,0,0,205500.0,1080297000.0,1.0,5330.0,5340.0,5220.0,5240.0,205500.0
2023-03-03,67280,5280.0,5330.0,5240.0,5300.0,0,0,290400.0,1538264000.0,1.0,5280.0,5330.0,5240.0,5300.0,290400.0
2023-03-06,67280,5330.0,5340.0,5280.0,5300.0,0,0,249700.0,1324451000.0,1.0,5330.0,5340.0,5280.0,5300.0,249700.0
2023-03-07,67280,5290.0,5290.0,5220.0,5240.0,0,0,276400.0,1450868000.0,1.0,5290.0,5290.0,5220.0,5240.0,276400.0
2023-03-08,67280,5200.0,5280.0,5190.0,5220.0,0,0,232100.0,1213057000.0,1.0,5200.0,5280.0,5190.0,5220.0,232100.0
2023-03-09,67280,5300.0,5340.0,5250.0,5340.0,0,0,259600.0,1376794000.0,1.0,5300.0,5340.0,5250.0,5340.0,259600.0
2023-03-10,67280,5270.0,5350.0,5250.0,5270.0,0,0,283000.0,1495533000.0,1.0,5270.0,5350.0,5250.0,5270.0,283000.0
2023-03-13,67280,5210.0,5240.0,5140.0,5190.0,0,0,247300.0,1280631000.0,1.0,5210.0,5240.0,5140.0,5190.0,247300.0
2023-03-14,67280,5110.0,5140.0,5050.0,5050.0,0,0,282000.0,1432292000.0,1.0,5110.0,5140.0,5050.0,5050.0,282000.0
2023-03-15,67280,5150.0,5180.0,5060.0,5130.0,0,0,337500.0,1731289000.0,1.0,5150.0,5180.0,5060.0,5130.0,337500.0
2023-03-16,67280,4980.0,5150.0,4975.0,5090.0,0,0,216000.0,1097855500.0,1.0,4980.0,5150.0,4975.0,5090.0,216000.0
2023-03-17,67280,5170.0,5330.0,5130.0,5310.0,0,0,439600.0,2320027000.0,1.0,5170.0,5330.0,5130.0,5310.0,439600.0
2023-03-20,67280,5310.0,5400.0,5250.0,5250.0,0,0,415000.0,2208909000.0,1.0,5310.0,5400.0,5250.0,5250.0,415000.0
2023-03-22,67280,5300.0,5430.0,5290.0,5420.0,0,0,431100.0,2324851000.0,1.0,5300.0,5430.0,5290.0,5420.0,431100.0
2023-03-23,67280,5420.0,5500.0,5380.0,5500.0,0,0,387400.0,2118584000.0,1.0,5420.0,5500.0,5380.0,5500.0,387400.0
2023-03-24,67280,5550.0,5630.0,5490.0,5500.0,0,0,356600.0,1978261000.0,1.0,5550.0,5630.0,5490.0,5500.0,356600.0
2023-03-27,67280,5540.0,5560.0,5450.0,5540.0,0,0,341300.0,1886711000.0,1.0,5540.0,5560.0,5450.0,5540.0,341300.0
2023-03-28,67280,5520.0,5600.0,5500.0,5590.0,0,0,391900.0,2179642000.0,1.0,5520.0,5600.0,5500.0,5590.0,391900.0
2023-03-29,67280,5600.0,5670.0,5540.0,5670.0,0,0,466200.0,2616508000.0,1.0,5600.0,5670.0,5540.0,5670.0,466200.0
2023-03-30,67280,5770.0,5820.0,5730.0,5780.0,0,0,400300.0,2311912000.0,1.0,5770.0,5820.0,5730.0,5780.0,400300.0
2023-03-31,67280,5780.0,5840.0,5730.0,5750.0,0,0,365900.0,2110758000.0,1.0,5780.0,5840.0,5730.0,5750.0,365900.0
2023-04-03,67280,5800.0,5830.0,5700.0,5730.0,0,0,365000.0,2098065000.0,1.0,5800.0,5830.0,5700.0,5730.0,365000.0
2023-04-04,67280,5680.0,5720.0,5650.0,5660.0,0,0,303100.0,1718981000.0,1.0,5680.0,5720.0,5650.0,5660.0,303100.0
2023-04-05,67280,5560.0,5620.0,5530.0,5590.0,0,0,232500.0,1298652000.0,1.0,5560.0,5620.0,5530.0,5590.0,232500.0
2023-04-06,67280,5490.0,5500.0,5340.0,5360.0,0,0,473300.0,2548056000.0,1.0,5490.0,5500.0,5340.0,5360.0,473300.0
2023-04-07,67280,5370.0,5460.0,5370.0,5460.0,0,0,211300.0,1146442000.0,1.0,5370.0,5460.0,5370.0,5460.0,211300.0
2023-04-10,67280,5470.0,5490.0,5410.0,5440.0,0,0,208500.0,1134847000.0,1.0,5470.0,5490.0,5410.0,5440.0,208500.0
2023-04-11,67280,5530.0,5560.0,5480.0,5500.0,0,0,277300.0,1528768000.0,1.0,5530.0,5560.0,5480.0,5500.0,277300.0
2023-04-12,67280,5480.0,5560.0,5450.0,5550.0,0,0,339700.0,1877017000.0,1.0,5480.0,5560.0,5450.0,5550.0,339700.0
2023-04-13,67280,5540.0,5580.0,5490.0,5570.0,0,0,262800.0,1455232000.0,1.0,5540.0,5580.0,5490.0,5570.0,262800.0
2023-04-14,67280,5650.0,5650.0,5550.0,5570.0,0,0,217900.0,1214746000.0,1.0,5650.0,5650.0,5550.0,5570.0,217900.0
2023-04-17,67280,5600.0,5610.0,5550.0,5580.0,0,0,259100.0,1445385000.0,1.0,5600.0,5610.0,5550.0,5580.0,259100.0
2023-04-18,67280,5550.0,5550.0,5440.0,5450.0,0,0,369000.0,2025510000.0,1.0,5550.0,5550.0,5440.0,5450.0,369000.0
2023-04-19,67280,5370.0,5470.0,5370.0,5430.0,0,0,376800.0,2045991000.0,1.0,5370.0,5470.0,5370.0,5430.0,376800.0
2023-04-20,67280,5360.0,5500.0,5340.0,5480.0,0,0,344500.0,1878743000.0,1.0,5360.0,5500.0,5340.0,5480.0,344500.0
2023-04-21,67280,5520.0,5660.0,5510.0,5550.0,0,0,338000.0,1885016000.0,1.0,5520.0,5660.0,5510.0,5550.0,338000.0
2023-04-24,67280,5510.0,5550.0,5430.0,5500.0,0,0,236200.0,1297000000.0,1.0,5510.0,5550.0,5430.0,5500.0,236200.0
2023-04-25,67280,5560.0,5580.0,5420.0,5440.0,0,0,268500.0,1466481000.0,1.0,5560.0,5580.0,5420.0,5440.0,268500.0
2023-04-26,67280,5380.0,5400.0,5310.0,5350.0,0,0,296400.0,1585765000.0,1.0,5380.0,5400.0,5310.0,5350.0,296400.0
2023-04-27,67280,5310.0,5370.0,5290.0,5340.0,0,0,338200.0,1802151000.0,1.0,5310.0,5370.0,5290.0,5340.0,338200.0
2023-04-28,67280,5380.0,5390.0,5290.0,5360.0,0,0,428900.0,2293949000.0,1.0,5380.0,5390.0,5290.0,5360.0,428900.0
2023-05-01,67280,5400.0,5420.0,5320.0,5410.0,0,0,368800.0,1984234000.0,1.0,5400.0,5420.0,5320.0,5410.0,368800.0
2023-05-02,67280,5410.0,5480.0,5380.0,5450.0,0,0,392900.0,2138306000.0,1.0,5410.0,5480.0,5380.0,5450.0,392900.0
2023-05-08,67280,5400.0,5500.0,5360.0,5440.0,0,0,394700.0,2146347000.0,1.0,5400.0,5500.0,5360.0,5440.0,394700.0
2023-05-09,67280,5470.0,5500.0,5420.0,5480.0,0,0,251300.0,1373160000.0,1.0,5470.0,5500.0,5420.0,5480.0,251300.0
2023-05-10,67280,5450.0,5490.0,5420.0,5450.0,0,0,267500.0,1456650000.0,1.0,5450.0,5490.0,5420.0,5450.0,267500.0
2023-05-11,67280,5450.0,5520.0,5420.0,5460.0,0,0,300500.0,1639982000.0,1.0,5450.0,5520.0,5420.0,5460.0,300500.0
2023-05-12,67280,5420.0,5520.0,5410.0,5480.0,0,0,500600.0,2743892000.0,1.0,5420.0,5520.0,5410.0,5480.0,500600.0
2023-05-15,67280,5280.0,5350.0,5040.0,5200.0,0,0,971800.0,5034274000.0,1.0,5280.0,5350.0,5040.0,5200.0,971800.0
2023-05-16,67280,5230.0,5330.0,5180.0,5200.0,0,0,414500.0,2164478000.0,1.0,5230.0,5330.0,5180.0,5200.0,414500.0
2023-05-17,67280,5260.0,5320.0,5250.0,5320.0,0,0,352100.0,1863493000.0,1.0,5260.0,5320.0,5250.0,5320.0,352100.0
2023-05-18,67280,5380.0,5500.0,5340.0,5360.0,0,0,421700.0,2267707000.0,1.0,5380.0,5500.0,5340.0,5360.0,421700.0
2023-05-19,67280,5410.0,5460.0,5360.0,5440.0,0,0,377800.0,2046708000.0,1.0,5410.0,5460.0,5360.0,5440.0,377800.0
2023-05-22,67280,5440.0,5500.0,5410.0,5500.0,0,0,331200.0,1810146000.0,1.0,5440.0,5500.0,5410.0,5500.0,331200.0
2023-05-23,67280,5530.0,5550.0,5420.0,5460.0,0,0,267600.0,1463396000.0,1.0,5530.0,5550.0,5420.0,5460.0,267600.0
2023-05-24,67280,5460.0,5470.0,5400.0,5450.0,0,0,226700.0,1232320000.0,1.0,5460.0,5470.0,5400.0,5450.0,226700.0
2023-05-25,67280,5520.0,5590.0,5480.0,5570.0,0,0,367300.0,2036528000.0,1.0,5520.0,5590.0,5480.0,5570.0,367300.0
2023-05-26,67280,5650.0,5900.0,5640.0,5880.0,0,0,701100.0,4088264000.0,1.0,5650.0,5900.0,5640.0,5880.0,701100.0
2023-05-29,67280,5980.0,6060.0,5880.0,5920.0,0,0,523600.0,3118878000.0,1.0,5980.0,6060.0,5880.0,5920.0,523600.0
2023-05-30,67280,5910.0,5930.0,5740.0,5800.0,0,0,340500.0,1973852000.0,1.0,5910.0,5930.0,5740.0,5800.0,340500.0
2023-05-31,67280,5780.0,5790.0,5620.0,5670.0,0,0,676100.0,3841494000.0,1.0,5780.0,5790.0,5620.0,5670.0,676100.0
2023-06-01,67280,5590.0,5720.0,5540.0,5710.0,0,0,445000.0,2512291000.0,1.0,5590.0,5720.0,5540.0,5710.0,445000.0
2023-06-02,67280,5770.0,5770.0,5640.0,5690.0,0,0,224200.0,1276479000.0,1.0,5770.0,5770.0,5640.0,5690.0,224200.0
2023-06-05,67280,5732.0,5795.0,5659.0,5789.0,0,0,325700.0,1874960600.0,1.0,5732.0,5795.0,5659.0,5789.0,325700.0
2023-06-06,67280,5717.0,5800.0,5694.0,5789.0,0,0,345600.0,1992781700.0,1.0,5717.0,5800.0,5694.0,5789.0,345600.0
2023-06-07,67280,5759.0,5866.0,5743.0,5743.0,0,0,483100.0,2796434500.0,1.0,5759.0,5866.0,5743.0,5743.0,483100.0
2023-06-08,67280,5780.0,5784.0,5674.0,5730.0,0,0,396200.0,2269145800.0,1.0,5780.0,5784.0,5674.0,5730.0,396200.0
2023-06-09,67280,5790.0,5928.0,5747.0,5857.0,0,0,436600.0,2551716200.0,1.0,5790.0,5928.0,5747.0,5857.0,436600.0
2023-06-12,67280,5880.0,5952.0,5822.0,5912.0,0,0,198400.0,1169770800.0,1.0,5880.0,5952.0,5822.0,5912.0,198400.0
2023-06-13,67280,5973.0,6107.0,5950.0,6059.0,0,0,300800.0,1820547300.0,1.0,5973.0,6107.0,5950.0,6059.0,300800.0
2023-06-14,67280,6090.0,6115.0,5994.0,6037.0,0,0,283200.0,1711550100.0,1.0,6090.0,6115.0,5994.0,6037.0,283200.0
2023-06-15,67280,6038.0,6090.0,5945.0,5964.0,0,0,438900.0,2632159000.0,1.0,6038.0,6090.0,5945.0,5964.0,438900.0
2023-06-16,67280,5900.0,5917.0,5838.0,5914.0,0,0,407300.0,2399873700.0,1.0,5900.0,5917.0,5838.0,5914.0,407300.0
2023-06-19,67280,5960.0,6033.0,5890.0,5932.0,0,0,251400.0,1496794200.0,1.0,5960.0,6033.0,5890.0,5932.0,251400.0
2023-06-20,67280,5907.0,5954.0,5853.0,5909.0,0,0,309600.0,1823719200.0,1.0,5907.0,5954.0,5853.0,5909.0,309600.0
2023-06-21,67280,5905.0,6047.0,5888.0,5994.0,0,0,244000.0,1459811800.0,1.0,5905.0,6047.0,5888.0,5994.0,244000.0
2023-06-22,67280,5919.0,5959.0,5904.0,5913.0,0,0,227900.0,1352017400.0,1.0,5919.0,5959.0,5904.0,5913.0,227900.0
2023-06-23,67280,5950.0,5993.0,5835.0,5882.0,0,0,358900.0,2112071900.0,1.0,5950.0,5993.0,5835.0,5882.0,358900.0
2023-06-26,67280,5870.0,5956.0,5849.0,5921.0,0,0,213000.0,1260159500.0,1.0,5870.0,5956.0,5849.0,5921.0,213000.0
2023-06-27,67280,5925.0,5944.0,5855.0,5889.0,0,0,334800.0,1973729400.0,1.0,5925.0,5944.0,5855.0,5889.0,334800.0
2023-06-28,67280,5989.0,6199.0,5970.0,6195.0,0,0,555600.0,3392026500.0,1.0,5989.0,6199.0,5970.0,6195.0,555600.0
2023-06-29,67280,6195.0,6239.0,6100.0,6122.0,0,0,317600.0,1952737000.0,1.0,6195.0,6239.0,6100.0,6122.0,317600.0
2023-06-30,67280,6121.0,6128.0,6009.0,6092.0,0,0,336900.0,2048816900.0,1.0,6121.0,6128.0,6009.0,6092.0,336900.0
2023-07-03,67280,6158.0,6223.0,6158.0,6185.0,0,0,239700.0,1484505800.0,1.0,6158.0,6223.0,6158.0,6185.0,239700.0
2023-07-04,67280,6124.0,6166.0,6096.0,6117.0,0,0,282100.0,1729097100.0,1.0,6124.0,6166.0,6096.0,6117.0,282100.0
2023-07-05,67280,6080.0,6091.0,5958.0,5972.0,0,0,335900.0,2017305700.0,1.0,6080.0,6091.0,5958.0,5972.0,335900.0
2023-07-06,67280,5850.0,5923.0,5830.0,5894.0,0,0,264600.0,1558721700.0,1.0,5850.0,5923.0,5830.0,5894.0,264600.0
2023-07-07,67280,5830.0,5937.0,5814.0,5847.0,0,0,224500.0,1317252000.0,1.0,5830.0,5937.0,5814.0,5847.0,224500.0
2023-07-10,67280,5856.0,5875.0,5821.0,5837.0,0,0,236700.0,1383363800.0,1.0,5856.0,5875.0,5821.0,5837.0,236700.0
2023-07-11,67280,5937.0,5937.0,5863.0,5910.0,0,0,251200.0,1483585600.0,1.0,5937.0,5937.0,5863.0,5910.0,251200.0
2023-07-12,67280,5928.0,5942.0,5853.0,5865.0,0,0,304400.0,1795242300.0,1.0,5928.0,5942.0,5853.0,5865.0,304400.0
2023-07-13,67280,5927.0,6018.0,5871.0,6016.0,0,0,404900.0,2418475000.0,1.0,5927.0,6018.0,5871.0,6016.0,404900.0
2023-07-14,67280,6050.0,6091.0,5996.0,6070.0,0,0,343600.0,2080848600.0,1.0,6050.0,6091.0,5996.0,6070.0,343600.0
2023-07-18,67280,6075.0,6157.0,6060.0,6114.0,0,0,250100.0,1527848500.0,1.0,6075.0,6157.0,6060.0,6114.0,250100.0
2023-07-19,67280,6213.0,6242.0,6167.0,6232.0,0,0,428300.0,2659295800.0,1.0,6213.0,6242.0,6167.0,6232.0,428300.0
2023-07-20,67280,6210.0,6248.0,6174.0,6174.0,0,0,382800.0,2377344600.0,1.0,6210.0,6248.0,6174.0,6174.0,382800.0
2023-07-21,67280,6074.0,6115.0,5992.0,6024.0,0,0,392700.0,2370841200.0,1.0,6074.0,6115.0,5992.0,6024.0,392700.0
2023-07-24,67280,6111.0,6147.0,6047.0,6113.0,0,0,243700.0,1486582900.0,1.0,6111.0,6147.0,6047.0,6113.0,243700.0
2023-07-25,67280,6133.0,6138.0,6011.0,6039.0,0,0,243500.0,1473099700.0,1.0,6133.0,6138.0,6011.0,6039.0,243500.0
2023-07-26,67280,6053.0,6078.0,6022.0,6036.0,0,0,214300.0,1294849000.0,1.0,6053.0,6078.0,6022.0,6036.0,214300.0
2023-07-27,67280,5917.0,6049.0,5870.0,6038.0,0,0,344500.0,2059600400.0,1.0,5917.0,6049.0,5870.0,6038.0,344500.0
2023-07-28,67280,5984.0,6039.0,5891.0,5989.0,0,0,360400.0,2148221600.0,1.0,5984.0,6039.0,5891.0,5989.0,360400.0
2023-07-31,67280,6078.0,6123.0,6009.0,6095.0,0,0,384200.0,2337853000.0,1.0,6078.0,6123.0,6009.0,6095.0,384200.0
2023-08-01,67280,6071.0,6136.0,6046.0,6125.0,0,0,221700.0,1353920000.0,1.0,6071.0,6136.0,6046.0,6125.0,221700.0
2023-08-02,67280,6057.0,6086.0,5991.0,6022.0,0,0,216900.0,1308547300.0,1.0,6057.0,6086.0,5991.0,6022.0,216900.0
2023-08-03,67280,5922.0,5961.0,5874.0,5914.0,0,0,234800.0,1389731200.0,1.0,5922.0,5961.0,5874.0,5914.0,234800.0
2023-08-04,67280,5850.0,5979.0,5850.0,5967.0,0,0,234100.0,1391375100.0,1.0,5850.0,5979.0,5850.0,5967.0,234100.0
2023-08-07,67280,5910.0,5976.0,5884.0,5974.0,0,0,174900.0,1039912500.0,1.0,5910.0,5976.0,5884.0,5974.0,174900.0
2023-08-08,67280,5951.0,6020.0,5850.0,5865.0,0,0,404700.0,2394147700.0,1.0,5951.0,6020.0,5850.0,5865.0,404700.0
2023-08-09,67280,5605.0,6100.0,5567.0,5908.0,0,0,779000.0,4599217300.0,1.0,5605.0,6100.0,5567.0,5908.0,779000.0
2023-08-10,67280,5900.0,5900.0,5738.0,5862.0,0,0,462900.0,2698151800.0,1.0,5900.0,5900.0,5738.0,5862.0,462900.0
2023-08-14,67280,5817.0,5841.0,5672.0,5685.0,0,0,359700.0,2063830500.0,1.0,5817.0,5841.0,5672.0,5685.0,359700.0
2023-08-15,67280,5722.0,5797.0,5690.0,5697.0,0,0,318600.0,1822803100.0,1.0,5722.0,5797.0,5690.0,5697.0,318600.0
2023-08-16,67280,5600.0,5629.0,5496.0,5516.0,0,0,332800.0,1847965800.0,1.0,5600.0,5629.0,5496.0,5516.0,332800.0
2023-08-17,67280,5518.0,5546.0,5418.0,5541.0,0,0,341200.0,1873782000.0,1.0,5518.0,5546.0,5418.0,5541.0,341200.0
2023-08-18,67280,5469.0,5513.0,5425.0,5455.0,0,0,208900.0,1139568100.0,1.0,5469.0,5513.0,5425.0,5455.0,208900.0
2023-08-21,67280,5471.0,5494.0,5420.0,5459.0,0,0,158400.0,865261900.0,1.0,5471.0,5494.0,5420.0,5459.0,158400.0
2023-08-22,67280,5523.0,5572.0,5493.0,5548.0,0,0,194500.0,1075388000.0,1.0,5523.0,5572.0,5493.0,5548.0,194500.0
2023-08-23,67280,5451.0,5593.0,5433.0,5593.0,0,0,284000.0,1572641500.0,1.0,5451.0,5593.0,5433.0,5593.0,284000.0
2023-08-24,67280,5645.0,5650.0,5566.0,5626.0,0,0,245800.0,1379093800.0,1.0,5645.0,5650.0,5566.0,5626.0,245800.0
2023-08-25,67280,5537.0,5559.0,5484.0,5541.0,0,0,188300.0,1042333900.0,1.0,5537.0,5559.0,5484.0,5541.0,188300.0
2023-08-28,67280,5570.0,5619.0,5539.0,5615.0,0,0,172100.0,961991600.0,1.0,5570.0,5619.0,5539.0,5615.0,172100.0
2023-08-29,67280,5630.0,5660.0,5596.0,5611.0,0,0,95200.0,534927700.0,1.0,5630.0,5660.0,5596.0,5611.0,95200.0
2023-08-30,67280,5664.0,5664.0,5585.0,5612.0,0,0,250600.0,1407260500.0,1.0,5664.0,5664.0,5585.0,5612.0,250600.0
2023-08-31,67280,5580.0,5679.0,5580.0,5654.0,0,0,238300.0,1344362900.0,1.0,5580.0,5679.0,5580.0,5654.0,238300.0
2023-09-01,67280,5678.0,5728.0,5663.0,5720.0,0,0,182700.0,1043567700.0,1.0,5678.0,5728.0,5663.0,5720.0,182700.0
2023-09-04,67280,5749.0,5795.0,5726.0,5792.0,0,0,223300.0,1289669800.0,1.0,5749.0,5795.0,5726.0,5792.0,223300.0
2023-09-05,67280,5780.0,5844.0,5755.0,5809.0,0,0,184600.0,1072669500.0,1.0,5780.0,5844.0,5755.0,5809.0,184600.0
2023-09-06,67280,5750.0,5802.0,5726.0,5799.0,0,0,190600.0,1101607300.0,1.0,5750.0,5802.0,5726.0,5799.0,190600.0
2023-09-07,67280,5792.0,5811.0,5757.0,5757.0,0,0,134400.0,776103700.0,1.0,5792.0,5811.0,5757.0,5757.0,134400.0
2023-09-08,67280,5716.0,5745.0,5604.0,5610.0,0,0,222700.0,1259334100.0,1.0,5716.0,5745.0,5604.0,5610.0,222700.0
2023-09-11,67280,5597.0,5648.0,5585.0,5616.0,0,0,196100.0,1100191000.0,1.0,5597.0,5648.0,5585.0,5616.0,196100.0
2023-09-12,67280,5640.0,5700.0,5593.0,5696.0,0,0,209000.0,1182553300.0,1.0,5640.0,5700.0,5593.0,5696.0,209000.0
2023-09-13,67280,5620.0,5623.0,5472.0,5489.0,0,0,483700.0,2668992400.0,1.0,5620.0,5623.0,5472.0,5489.0,483700.0
2023-09-14,67280,5480.0,5577.0,5455.0,5536.0,0,0,166800.0,923333200.0,1.0,5480.0,5577.0,5455.0,5536.0,166800.0
2023-09-15,67280,5543.0,5592.0,5477.0,5561.0,0,0,276400.0,1532777000.0,1.0,5543.0,5592.0,5477.0,5561.0,276400.0
2023-09-19,67280,5497.0,5513.0,5356.0,5474.0,0,0,326500.0,1775501700.0,1.0,5497.0,5513.0,5356.0,5474.0,326500.0
2023-09-20,67280,5474.0,5526.0,5421.0,5432.0,0,0,215100.0,1173363700.0,1.0,5474.0,5526.0,5421.0,5432.0,215100.0
2023-09-21,67280,5419.0,5435.0,5327.0,5355.0,0,0,172700.0,925769500.0,1.0,5419.0,5435.0,5327.0,5355.0,172700.0
2023-09-22,67280,5287.0,5359.0,5261.0,5338.0,0,0,167400.0,889771100.0,1.0,5287.0,5359.0,5261.0,5338.0,167400.0
2023-09-25,67280,5410.0,5580.0,5410.0,5574.0,0,0,351500.0,1936568600.0,1.0,5410.0,5580.0,5410.0,5574.0,351500.0
2023-09-26,67280,5573.0,5573.0,5448.0,5460.0,0,0,181700.0,996753800.0,1.0,5573.0,5573.0,5448.0,5460.0,181700.0
2023-09-27,67280,5409.0,5459.0,5375.0,5459.0,0,0,208200.0,1131562700.0,1.0,5409.0,5459.0,5375.0,5459.0,208200.0
2023-09-28,67280,5405.0,5443.0,5333.0,5397.0,0,0,225300.0,1215675300.0,1.0,5405.0,5443.0,5333.0,5397.0,225300.0
2023-09-29,67280,5410.0,5427.0,5368.0,5395.0,0,0,240900.0,1299839400.0,1.0,5410.0,5427.0,5368.0,5395.0,240900.0
2023-10-02,67280,5427.0,5559.0,5397.0,5441.0,0,0,247600.0,1356553400.0,1.0,5427.0,5559.0,5397.0,5441.0,247600.0
2023-10-03,67280,5435.0,5451.0,5367.0,5367.0,0,0,210200.0,1134226600.0,1.0,5435.0,5451.0,5367.0,5367.0,210200.0
2023-10-04,67280,5282.0,5348.0,5234.0,5327.0,0,0,319000.0,1692648200.0,1.0,5282.0,5348.0,5234.0,5327.0,319000.0
2023-10-05,67280,5335.0,5369.0,5247.0,5369.0,0,0,262500.0,1399249000.0,1.0,5335.0,5369.0,5247.0,5369.0,262500.0
2023-10-06,67280,5368.0,5375.0,5230.0,5275.0,0,0,203000.0,1073402900.0,1.0,5368.0,5375.0,5230.0,5275.0,203000.0
2023-10-10,67280,5280.0,5363.0,5280.0,5355.0,0,0,201500.0,1074451400.0,1.0,5280.0,5363.0,5280.0,5355.0,201500.0
2023-10-11,67280,5358.0,5419.0,5317.0,5391.0,0,0,137500.0,739942400.0,1.0,5358.0,5419.0,5317.0,5391.0,137500.0
2023-10-12,67280,5462.0,5695.0,5442.0,5660.0,0,0,292700.0,1645480300.0,1.0,5462.0,5695.0,5442.0,5660.0,292700.0
2023-10-13,67280,5660.0,5668.0,5548.0,5574.0,0,0,233300.0,1306032500.0,1.0,5660.0,5668.0,5548.0,5574.0,233300.0
2023-10-16,67280,5440.0,5475.0,5410.0,5466.0,0,0,130900.0,713925000.0,1.0,5440.0,5475.0,5410.0,5466.0,130900.0
2023-10-17,67280,5514.0,5587.0,5485.0,5537.0,0,0,170400.0,942377800.0,1.0,5514.0,5587.0,5485.0,5537.0,170400.0
2023-10-18,67280,5540.0,5606.0,5527.0,5589.0,0,0,241100.0,1344156600.0,1.0,5540.0,5606.0,5527.0,5589.0,241100.0
2023-10-19,67280,5489.0,5580.0,5477.0,5508.0,0,0,203100.0,1122539100.0,1.0,5489.0,5580.0,5477.0,5508.0,203100.0
2023-10-20,67280,5440.0,5516.0,5416.0,5483.0,0,0,158700.0,866798400.0,1.0,5440.0,5516.0,5416.0,5483.0,158700.0
2023-10-23,67280,5438.0,5466.0,5407.0,5420.0,0,0,239100.0,1299606400.0,1.0,5438.0,5466.0,5407.0,5420.0,239100.0
2023-10-24,67280,5446.0,5478.0,5286.0,5462.0,0,0,234200.0,1265939600.0,1.0,5446.0,5478.0,5286.0,5462.0,234200.0
2023-10-25,67280,5518.0,5526.0,5386.0,5408.0,0,0,258200.0,1403522100.0,1.0,5518.0,5526.0,5386.0,5408.0,258200.0
2023-10-26,67280,5290.0,5303.0,5225.0,5257.0,0,0,303400.0,1597905200.0,1.0,5290.0,5303.0,5225.0,5257.0,303400.0
2023-10-27,67280,5293.0,5344.0,5275.0,5334.0,0,0,281000.0,1492650500.0,1.0,5293.0,5344.0,5275.0,5334.0,281000.0
2023-10-30,67280,5236.0,5297.0,5206.0,5247.0,0,0,205900.0,1079977400.0,1.0,5236.0,5297.0,5206.0,5247.0,205900.0
2023-10-31,67280,5206.0,5214.0,5102.0,5131.0,0,0,447800.0,2300269600.0,1.0,5206.0,5214.0,5102.0,5131.0,447800.0
2023-11-01,67280,5300.0,5332.0,5261.0,5278.0,0,0,286100.0,1513412700.0,1.0,5300.0,5332.0,5261.0,5278.0,286100.0
2023-11-02,67280,5337.0,5421.0,5330.0,5396.0,0,0,268000.0,1441358900.0,1.0,5337.0,5421.0,5330.0,5396.0,268000.0
2023-11-06,67280,5496.0,5649.0,5491.0,5622.0,0,0,509700.0,2844628500.0,1.0,5496.0,5649.0,5491.0,5622.0,509700.0
2023-11-07,67280,5552.0,5677.0,5537.0,5657.0,0,0,381000.0,2148292900.0,1.0,5552.0,5677.0,5537.0,5657.0,381000.0
2023-11-08,67280,6060.0,6092.0,5788.0,5923.0,0,0,1162300.0,6886072100.0,1.0,6060.0,6092.0,5788.0,5923.0,1162300.0
2023-11-09,67280,6001.0,6167.0,6001.0,6081.0,0,0,784800.0,4798457900.0,1.0,6001.0,6167.0,6001.0,6081.0,784800.0
2023-11-10,67280,6044.0,6131.0,6034.0,6105.0,0,0,441000.0,2688834300.0,1.0,6044.0,6131.0,6034.0,6105.0,441000.0
2023-11-13,67280,6305.0,6396.0,6274.0,6291.0,0,0,631400.0,3991055700.0,1.0,6305.0,6396.0,6274.0,6291.0,631400.0
2023-11-14,67280,6375.0,6498.0,6371.0,6425.0,0,0,546100.0,3511017500.0,1.0,6375.0,6498.0,6371.0,6425.0,546100.0
2023-11-15,67280,6700.0,6825.0,6505.0,6610.0,0,0,645200.0,4271481700.0,1.0,6700.0,6825.0,6505.0,6610.0,645200.0
2023-11-16,67280,6517.0,6572.0,6473.0,6501.0,0,0,344200.0,2245225200.0,1.0,6517.0,6572.0,6473.0,6501.0,344200.0
2023-11-17,67280,6439.0,6495.0,6366.0,6451.0,0,0,328200.0,2111337100.0,1.0,6439.0,6495.0,6366.0,6451.0,328200.0
2023-11-20,67280,6451.0,6488.0,6363.0,6368.0,0,0,283400.0,1816048400.0,1.0,6451.0,6488.0,6363.0,6368.0,283400.0
2023-11-21,67280,6468.0,6505.0,6350.0,6465.0,0,0,259400.0,1668324300.0,1.0,6468.0,6505.0,6350.0,6465.0,259400.0
2023-11-22,67280,6412.0,6503.0,6406.0,6462.0,0,0,178000.0,1151007900.0,1.0,6412.0,6503.0,6406.0,6462.0,178000.0
2023-11-24,67280,6530.0,6599.0,6489.0,6539.0,0,0,270500.0,1771696800.0,1.0,6530.0,6599.0,6489.0,6539.0,270500.0
2023-11-27,67280,6539.0,6568.0,6482.0,6488.0,0,0,240800.0,1568939900.0,1.0,6539.0,6568.0,6482.0,6488.0,240800.0
2023-11-28,67280,6484.0,6506.0,6318.0,6396.0,0,0,280700.0,1791239300.0,1.0,6484.0,6506.0,6318.0,6396.0,280700.0
2023-11-29,67280,6342.0,6445.0,6342.0,6428.0,0,0,269200.0,1726659900.0,1.0,6342.0,6445.0,6342.0,6428.0,269200.0
2023-11-30,67280,6431.0,6537.0,6427.0,6508.0,0,0,455500.0,2965031000.0,1.0,6431.0,6537.0,6427.0,6508.0,455500.0
2023-12-01,67280,6510.0,6548.0,6456.0,6498.0,0,0,257500.0,1675744400.0,1.0,6510.0,6548.0,6456.0,6498.0,257500.0
2023-12-04,67280,6408.0,6446.0,6336.0,6439.0,0,0,235500.0,1507982000.0,1.0,6408.0,6446.0,6336.0,6439.0,235500.0
2023-12-05,67280,6340.0,6393.0,6234.0,6234.0,0,0,307500.0,1927451800.0,1.0,6340.0,6393.0,6234.0,6234.0,307500.0
2023-12-06,67280,6226.0,6375.0,6226.0,6372.0,0,0,246300.0,1559856300.0,1.0,6226.0,6375.0,6226.0,6372.0,246300.0
2023-12-07,67280,6160.0,6270.0,6091.0,6164.0,0,0,442900.0,2734537900.0,1.0,6160.0,6270.0,6091.0,6164.0,442900.0
2023-12-08,67280,6164.0,6230.0,6063.0,6082.0,0,0,266100.0,1627066300.0,1.0,6164.0,6230.0,6063.0,6082.0,266100.0
2023-12-11,67280,6150.0,6166.0,6064.0,6126.0,0,0,357700.0,2188873200.0,1.0,6150.0,6166.0,6064.0,6126.0,357700.0
2023-12-12,67280,6426.0,6426.0,6317.0,6358.0,0,0,491600.0,3127604600.0,1.0,6426.0,6426.0,6317.0,6358.0,491600.0
2023-12-13,67280,6344.0,6585.0,6344.0,6548.0,0,0,547400.0,3554070800.0,1.0,6344.0,6585.0,6344.0,6548.0,547400.0
2023-12-14,67280,6648.0,6674.0,6541.0,6553.0,0,0,382000.0,2513932000.0,1.0,6648.0,6674.0,6541.0,6553.0,382000.0
2023-12-15,67280,6660.0,6737.0,6605.0,6631.0,0,0,478500.0,3193298900.0,1.0,6660.0,6737.0,6605.0,6631.0,478500.0
2023-12-18,67280,6635.0,6665.0,6577.0,6624.0,0,0,243100.0,1609482300.0,1.0,6635.0,6665.0,6577.0,6624.0,243100.0
2023-12-19,67280,6699.0,6802.0,6633.0,6802.0,0,0,299200.0,2016505100.0,1.0,6699.0,6802.0,6633.0,6802.0,299200.0
2023-12-20,67280,6836.0,6851.0,6720.0,6746.0,0,0,252700.0,1708899600.0,1.0,6836.0,6851.0,6720.0,6746.0,252700.0
2023-12-21,67280,6646.0,6738.0,6503.0,6532.0,0,0,402900.0,2649540900.0,1.0,6646.0,6738.0,6503.0,6532.0,402900.0
2023-12-22,67280,6632.0,6684.0,6532.0,6548.0,0,0,413600.0,2725773200.0,1.0,6632.0,6684.0,6532.0,6548.0,413600.0
2023-12-25,67280,6574.0,6707.0,6573.0,6705.0,0,0,272500.0,1810300600.0,1.0,6574.0,6707.0,6573.0,6705.0,272500.0
2023-12-26,67280,6650.0,6661.0,6589.0,6589.0,0,0,123100.0,814031700.0,1.0,6650.0,6661.0,6589.0,6589.0,123100.0
2023-12-27,67280,6689.0,6757.0,6666.0,6677.0,0,0,220700.0,1480382000.0,1.0,6689.0,6757.0,6666.0,6677.0,220700.0
2023-12-28,67280,6650.0,6738.0,6650.0,6738.0,0,0,154800.0,1037186900.0,1.0,6650.0,6738.0,6650.0,6738.0,154800.0
2023-12-29,67280,6719.0,6744.0,6688.0,6738.0,0,0,138300.0,929530300.0,1.0,6719.0,6744.0,6688.0,6738.0,138300.0
2024-01-04,67280,6501.0,6537.0,6397.0,6408.0,0,0,536900.0,3461426700.0,1.0,6501.0,6537.0,6397.0,6408.0,536900.0
2024-01-05,67280,6475.0,6479.0,6370.0,6443.0,0,0,277500.0,1785548500.0,1.0,6475.0,6479.0,6370.0,6443.0,277500.0
2024-01-09,67280,6540.0,6634.0,6540.0,6599.0,0,0,284900.0,1876779600.0,1.0,6540.0,6634.0,6540.0,6599.0,284900.0
2024-01-10,67280,6628.0,6680.0,6620.0,6650.0,0,0,235300.0,1564654000.0,1.0,6628.0,6680.0,6620.0,6650.0,235300.0
2024-01-11,67280,6747.0,6750.0,6631.0,6725.0,0,0,343200.0,2302795900.0,1.0,6747.0,6750.0,6631.0,6725.0,343200.0
2024-01-12,67280,6760.0,6871.0,6720.0,6842.0,0,0,375500.0,2553964100.0,1.0,6760.0,6871.0,6720.0,6842.0,375500.0
2024-01-15,67280,6822.0,6864.0,6766.0,6846.0,0,0,266300.0,1817116500.0,1.0,6822.0,6864.0,6766.0,6846.0,266300.0
2024-01-16,67280,6843.0,6871.0,6755.0,6755.0,0,0,202900.0,1376699100.0,1.0,6843.0,6871.0,6755.0,6755.0,202900.0
2024-01-17,67280,6827.0,6889.0,6630.0,6641.0,0,0,398200.0,2685915000.0,1.0,6827.0,6889.0,6630.0,6641.0,398200.0
2024-01-18,67280,6585.0,6689.0,6580.0,6614.0,0,0,217300.0,1440997900.0,1.0,6585.0,6689.0,6580.0,6614.0,217300.0
2024-01-19,67280,6879.0,7029.0,6872.0,6995.0,0,0,509200.0,3548860300.0,1.0,6879.0,7029.0,6872.0,6995.0,509200.0
2024-01-22,67280,7130.0,7148.0,6955.0,7034.0,0,0,449100.0,3164866000.0,1.0,7130.0,7148.0,6955.0,7034.0,449100.0
2024-01-23,67280,7011.0,7060.0,6952.0,6996.0,0,0,248100.0,1737435300.0,1.0,7011.0,7060.0,6952.0,6996.0,248100.0
2024-01-24,67280,7036.0,7153.0,7016.0,7145.0,0,0,339600.0,2409852600.0,1.0,7036.0,7153.0,7016.0,7145.0,339600.0
2024-01-25,67280,7266.0,7519.0,7255.0,7516.0,0,0,640200.0,4747482800.0,1.0,7266.0,7519.0,7255.0,7516.0,640200.0
2024-01-26,67280,7235.0,7373.0,7179.0,7247.0,0,0,532100.0,3877876400.0,1.0,7235.0,7373.0,7179.0,7247.0,532100.0
2024-01-29,67280,7150.0,7230.0,7105.0,7204.0,0,0,446000.0,3204906200.0,1.0,7150.0,7230.0,7105.0,7204.0,446000.0
2024-01-30,67280,7263.0,7378.0,7263.0,7341.0,0,0,760000.0,5576993500.0,1.0,7263.0,7378.0,7263.0,7341.0,760000.0
2024-01-31,67280,7231.0,7328.0,7212.0,7300.0,0,0,355500.0,2587733600.0,1.0,7231.0,7328.0,7212.0,7300.0,355500.0
2024-02-01,67280,7257.0,7379.0,7257.0,7345.0,0,0,219900.0,1614071100.0,1.0,7257.0,7379.0,7257.0,7345.0,219900.0
2024-02-02,67280,7430.0,7549.0,7400.0,7505.0,0,0,328700.0,2465306800.0,1.0,7430.0,7549.0,7400.0,7505.0,328700.0
2024-02-05,67280,7520.0,7559.0,7420.0,7487.0,0,0,325200.0,2437439400.0,1.0,7520.0,7559.0,7420.0,7487.0,325200.0
2024-02-06,67280,7475.0,7591.0,7447.0,7569.0,0,0,325700.0,2461598600.0,1.0,7475.0,7591.0,7447.0,7569.0,325700.0
2024-02-07,67280,7455.0,7599.0,7455.0,7559.0,0,0,330100.0,2495113900.0,1.0,7455.0,7599.0,7455.0,7559.0,330100.0
2024-02-08,67280,7709.0,7800.0,7677.0,7695.0,0,0,398800.0,3080849900.0,1.0,7709.0,7800.0,7677.0,7695.0,398800.0
2024-02-09,67280,7737.0,7781.0,7686.0,7695.0,0,0,298900.0,2305769100.0,1.0,7737.0,7781.0,7686.0,7695.0,298900.0
2024-02-13,67280,7916.0,8050.0,7742.0,7888.0,0,0,795200.0,6280889400.0,1.0,7916.0,8050.0,7742.0,7888.0,795200.0
2024-02-14,67280,8338.0,8648.0,8300.0,8625.0,0,0,1223100.0,10443822400.0,1.0,8338.0,8648.0,8300.0,8625.0,1223100.0
2024-02-15,67280,8824.0,8956.0,8771.0,8886.0,0,0,702800.0,6237196900.0,1.0,8824.0,8956.0,8771.0,8886.0,702800.0
2024-02-16,67280,8940.0,9217.0,8922.0,9001.0,0,0,857500.0,7767600600.0,1.0,8940.0,9217.0,8922.0,9001.0,857500.0
2024-02-19,67280,8874.0,8902.0,8680.0,8742.0,0,0,400400.0,3507779200.0,1.0,8874.0,8902.0,8680.0,8742.0,400400.0
2024-02-20,67280,8700.0,8788.0,8666.0,8706.0,0,0,546800.0,4769417300.0,1.0,8700.0,8788.0,8666.0,8706.0,546800.0
2024-02-21,67280,8556.0,8913.0,8549.0,8844.0,0,0,573600.0,5044406500.0,1.0,8556.0,8913.0,8549.0,8844.0,573600.0
2024-02-22,67280,9294.0,9319.0,9120.0,9156.0,0,0,705000.0,6495764300.0,1.0,9294.0,9319.0,9120.0,9156.0,705000.0
2024-02-26,67280,9306.0,9410.0,9145.0,9150.0,0,0,578000.0,5337367900.0,1.0,9306.0,9410.0,9145.0,9150.0,578000.0
2024-02-27,67280,9121.0,9272.0,9058.0,9266.0,0,0,350300.0,3216587300.0,1.0,9121.0,9272.0,9058.0,9266.0,350300.0
2024-02-28,67280,9140.0,9256.0,9053.0,9084.0,0,0,263100.0,2400770700.0,1.0,9140.0,9256.0,9053.0,9084.0,263100.0
2024-02-29,67280,8986.0,9243.0,8935.0,9210.0,0,0,311500.0,2850013400.0,1.0,8986.0,9243.0,8935.0,9210.0,311500.0
2024-03-01,67280,9360.0,9496.0,9307.0,9496.0,0,0,379200.0,3570504600.0,1.0,9360.0,9496.0,9307.0,9496.0,379200.0
2024-03-04,67280,9750.0,9789.0,9616.0,9655.0,0,0,417000.0,4036514200.0,1.0,9750.0,9789.0,9616.0,9655.0,417000.0
2024-03-05,67280,9505.0,9745.0,9484.0,9742.0,0,0,309400.0,2982481600.0,1.0,9505.0,9745.0,9484.0,9742.0,309400.0
2024-03-06,67280,9677.0,9778.0,9553.0,9747.0,0,0,251700.0,2444899800.0,1.0,9677.0,9778.0,9553.0,9747.0,251700.0
2024-03-07,67280,9850.0,10065.0,9702.0,9763.0,0,0,624700.0,6143429900.0,1.0,9850.0,10065.0,9702.0,9763.0,624700.0
2024-03-08,67280,9706.0,9839.0,9700.0,9736.0,0,0,336100.0,3274359400.0,1.0,9706.0,9839.0,9700.0,9736.0,336100.0
2024-03-11,67280,9400.0,9498.0,9267.0,9370.0,0,0,521500.0,4881508800.0,1.0,9400.0,9498.0,9267.0,9370.0,521500.0
2024-03-12,67280,9255.0,9426.0,9200.0,9422.0,0,0,338800.0,3155182400.0,1.0,9255.0,9426.0,9200.0,9422.0,338800.0
2024-03-13,67280,9600.0,9633.0,9276.0,9407.0,0,0,389600.0,3670234900.0,1.0,9600.0,9633.0,9276.0,9407.0,389600.0
2024-03-14,67280,9494.0,9494.0,9245.0,9375.0,0,0,244500.0,2289173200.0,1.0,9494.0,9494.0,9245.0,9375.0,244500.0
2024-03-15,67280,9180.0,9346.0,9087.0,9326.0,0,0,446200.0,4131008000.0,1.0,9180.0,9346.0,9087.0,9326.0,446200.0
2024-03-18,67280,9385.0,9603.0,9361.0,9571.0,0,0,245700.0,2339849700.0,1.0,9385.0,9603.0,9361.0,9571.0,245700.0
2024-03-19,67280,9571.0,9619.0,9450.0,9580.0,0,0,324000.0,3088731900.0,1.0,9571.0,9619.0,9450.0,9580.0,324000.0
2024-03-21,67280,9850.0,9968.0,9739.0,9862.0,0,0,272000.0,2675497100.0,1.0,9850.0,9968.0,9739.0,9862.0,272000.0
2024-03-22,67280,9820.0,9906.0,9701.0,9776.0,0,0,262300.0,2568723100.0,1.0,9820.0,9906.0,9701.0,9776.0,262300.0
2024-03-25,67280,9750.0,9879.0,9736.0,9802.0,0,0,213200.0,2088429900.0,1.0,9750.0,9879.0,9736.0,9802.0,213200.0
2024-03-26,67280,9720.0,9857.0,9711.0,9793.0,0,0,160600.0,1571615100.0,1.0,9720.0,9857.0,9711.0,9793.0,160600.0
2024-03-27,67280,9880.0,9881.0,9721.0,9726.0,0,0,244300.0,2386774900.0,1.0,9880.0,9881.0,9721.0,9726.0,244300.0
2024-03-28,67280,9620.0,9816.0,9620.0,9680.0,0,0,248500.0,2412102700.0,1.0,9620.0,9816.0,9620.0,9680.0,248500.0
2024-03-29,67280,9690.0,9859.0,9540.0,9859.0,0,0,265300.0,2584299600.0,1.0,9690.0,9859.0,9540.0,9859.0,265300.0
2024-04-01,67280,9947.0,9950.0,9674.0,9679.0,0,0,184600.0,1802871600.0,1.0,9947.0,9950.0,9674.0,9679.0,184600.0
2024-04-02,67280,9710.0,9880.0,9687.0,9861.0,0,0,284900.0,2795351900.0,1.0,9710.0,9880.0,9687.0,9861.0,284900.0
2024-04-03,67280,9701.0,9939.0,9679.0,9893.0,0,0,253900.0,2504556300.0,1.0,9701.0,9939.0,9679.0,9893.0,253900.0
2024-04-04,67280,10045.0,10310.0,10035.0,10245.0,0,0,356800.0,3648852000.0,1.0,10045.0,10310.0,10035.0,10245.0,356800.0
2024-04-05,67280,9952.0,10030.0,9830.0,9885.0,0,0,235100.0,2329500500.0,1.0,9952.0,10030.0,9830.0,9885.0,235100.0
2024-04-08,67280,10035.0,10055.0,9740.0,9866.0,0,0,166100.0,1642650500.0,1.0,10035.0,10055.0,9740.0,9866.0,166100.0
2024-04-09,67280,9960.0,9976.0,9805.0,9950.0,0,0,122900.0,1219687300.0,1.0,9960.0,9976.0,9805.0,9950.0,122900.0
2024-04-10,67280,10055.0,10160.0,9970.0,10090.0,0,0,223800.0,2254439000.0,1.0,10055.0,10160.0,9970.0,10090.0,223800.0
2024-04-11,67280,9967.0,9973.0,9752.0,9953.0,0,0,316400.0,3128136100.0,1.0,9967.0,9973.0,9752.0,9953.0,316400.0
2024-04-12,67280,10005.0,10065.0,9906.0,9947.0,0,0,183700.0,1832575800.0,1.0,10005.0,10065.0,9906.0,9947.0,183700.0
2024-04-15,67280,9815.0,10130.0,9800.0,10060.0,0,0,185900.0,1860762700.0,1.0,9815.0,10130.0,9800.0,10060.0,185900.0
2024-04-16,67280,9964.0,10010.0,9825.0,9903.0,0,0,189200.0,1873581500.0,1.0,9964.0,10010.0,9825.0,9903.0,189200.0
2024-04-17,67280,9895.0,10035.0,9811.0,9817.0,0,0,195800.0,1940100600.0,1.0,9895.0,10035.0,9811.0,9817.0,195800.0
2024-04-18,67280,9817.0,9999.0,9632.0,9961.0,0,0,145700.0,1439693600.0,1.0,9817.0,9999.0,9632.0,9961.0,145700.0
2024-04-19,67280,9700.0,9802.0,9375.0,9575.0,0,0,263300.0,2523004000.0,1.0,9700.0,9802.0,9375.0,9575.0,263300.0
2024-04-22,67280,9441.0,9490.0,9116.0,9190.0,0,0,388600.0,3590191100.0,1.0,9441.0,9490.0,9116.0,9190.0,388600.0
2024-04-23,67280,9340.0,9363.0,9035.0,9118.0,0,0,271200.0,2482912400.0,1.0,9340.0,9363.0,9035.0,9118.0,271200.0
2024-04-24,67280,9418.0,9615.0,9370.0,9577.0,0,0,326500.0,3119924300.0,1.0,9418.0,9615.0,9370.0,9577.0,326500.0
2024-04-25,67280,9427.0,9519.0,9300.0,9321.0,0,0,217100.0,2035518800.0,1.0,9427.0,9519.0,9300.0,9321.0,217100.0
2024-04-26,67280,9471.0,9685.0,9364.0,9630.0,0,0,338100.0,3233523500.0,1.0,9471.0,9685.0,9364.0,9630.0,338100.0
2024-04-30,67280,9600.0,9669.0,9494.0,9549.0,0,0,290700.0,2779671700.0,1.0,9600.0,9669.0,9494.0,9549.0,290700.0
2024-05-01,67280,9480.0,9646.0,9451.0,9646.0,0,0,131800.0,1262087600.0,1.0,9480.0,9646.0,9451.0,9646.0,131800.0
2024-05-02,67280,9560.0,9708.0,9523.0,9700.0,0,0,80600.0,777995600.0,1.0,9560.0,9708.0,9523.0,9700.0,80600.0
2024-05-07,67280,9880.0,10040.0,9802.0,9982.0,0,0,248400.0,2472331900.0,1.0,9880.0,10040.0,9802.0,9982.0,248400.0
2024-05-08,67280,9891.0,9964.0,9788.0,9881.0,0,0,237700.0,2344916300.0,1.0,9891.0,9964.0,9788.0,9881.0,237700.0
2024-05-09,67280,9910.0,10090.0,9856.0,9887.0,0,0,228300.0,2272601900.0,1.0,9910.0,10090.0,9856.0,9887.0,228300.0
2024-05-10,67280,9850.0,9968.0,9767.0,9839.0,0,0,169300.0,1666464100.0,1.0,9850.0,9968.0,9767.0,9839.0,169300.0
2024-05-13,67280,9690.0,9973.0,9613.0,9959.0,0,0,331400.0,3265697300.0,1.0,9690.0,9973.0,9613.0,9959.0,331400.0
2024-05-14,67280,9961.0,10030.0,9630.0,9700.0,0,0,305900.0,2984072400.0,1.0,9961.0,10030.0,9630.0,9700.0,305900.0
2024-05-15,67280,10600.0,10885.0,10370.0,10700.0,0,0,750300.0,7959754500.0,1.0,10600.0,10885.0,10370.0,10700.0,750300.0
2024-05-16,67280,11100.0,11250.0,10930.0,10970.0,0,0,520200.0,5737901000.0,1.0,11100.0,11250.0,10930.0,10970.0,520200.0
2024-05-17,67280,10870.0,11000.0,10795.0,10920.0,0,0,316800.0,3449896000.0,1.0,10870.0,11000.0,10795.0,10920.0,316800.0
2024-05-20,67280,10880.0,10930.0,10730.0,10895.0,0,0,208600.0,2266706500.0,1.0,10880.0,10930.0,10730.0,10895.0,208600.0
2024-05-21,67280,10995.0,11030.0,10875.0,10950.0,0,0,172500.0,1888984500.0,1.0,10995.0,11030.0,10875.0,10950.0,172500.0
2024-05-22,67280,11060.0,11070.0,10805.0,10815.0,0,0,222500.0,2427799500.0,1.0,11060.0,11070.0,10805.0,10815.0,222500.0
2024-05-23,67280,11025.0,11180.0,10895.0,11000.0,0,0,342000.0,3773099500.0,1.0,11025.0,11180.0,10895.0,11000.0,342000.0
2024-05-24,67280,10900.0,11195.0,10845.0,11160.0,0,0,280100.0,3108246500.0,1.0,10900.0,11195.0,10845.0,11160.0,280100.0
2024-05-27,67280,11400.0,11450.0,11165.0,11235.0,0,0,187600.0,2110924500.0,1.0,11400.0,11450.0,11165.0,11235.0,187600.0
2024-05-28,67280,11385.0,11385.0,11185.0,11285.0,0,0,174700.0,1970121500.0,1.0,11385.0,11385.0,11185.0,11285.0,174700.0
2024-05-29,67280,11285.0,11310.0,11060.0,11125.0,0,0,174100.0,1945237500.0,1.0,11285.0,11310.0,11060.0,11125.0,174100.0
2024-05-30,67280,11085.0,11340.0,10895.0,11205.0,0,0,267300.0,2986707000.0,1.0,11085.0,11340.0,10895.0,11205.0,267300.0
2024-05-31,67280,11040.0,11245.0,11005.0,11200.0,0,0,440700.0,4919846000.0,1.0,11040.0,11245.0,11005.0,11200.0,440700.0
2024-06-03,67280,11245.0,11290.0,11095.0,11225.0,0,0,216000.0,2418354500.0,1.0,11245.0,11290.0,11095.0,11225.0,216000.0
2024-06-04,67280,11210.0,11225.0,11060.0,11120.0,0,0,196800.0,2193358000.0,1.0,11210.0,11225.0,11060.0,11120.0,196800.0
2024-06-05,67280,11220.0,11270.0,10795.0,10830.0,0,0,280400.0,3060114000.0,1.0,11220.0,11270.0,10795.0,10830.0,280400.0
2024-06-06,67280,11200.0,11270.0,11070.0,11180.0,0,0,239900.0,2676476000.0,1.0,11200.0,11270.0,11070.0,11180.0,239900.0
2024-06-07,67280,11145.0,11250.0,11040.0,11115.0,0,0,109200.0,1216722500.0,1.0,11145.0,11250.0,11040.0,11115.0,109200.0
2024-06-10,67280,11115.0,11210.0,11060.0,11180.0,0,0,116700.0,1302514500.0,1.0,11115.0,11210.0,11060.0,11180.0,116700.0
2024-06-11,67280,11255.0,11415.0,11040.0,11130.0,0,0,246200.0,2745875500.0,1.0,11255.0,11415.0,11040.0,11130.0,246200.0
2024-06-12,67280,11125.0,11160.0,10885.0,10935.0,0,0,190600.0,2097596500.0,1.0,11125.0,11160.0,10885.0,10935.0,190600.0
2024-06-13,67280,11010.0,11030.0,10735.0,10745.0,0,0,210100.0,2280750000.0,1.0,11010.0,11030.0,10735.0,10745.0,210100.0
2024-06-14,67280,10550.0,10930.0,10500.0,10910.0,0,0,255700.0,2749936500.0,1.0,10550.0,10930.0,10500.0,10910.0,255700.0
2024-06-17,67280,10700.0,10710.0,10505.0,10555.0,0,0,156500.0,1654565000.0,1.0,10700.0,10710.0,10505.0,10555.0,156500.0
2024-06-18,67280,10590.0,10735.0,10580.0,10640.0,0,0,188200.0,2004398000.0,1.0,10590.0,10735.0,10580.0,10640.0,188200.0
2024-06-19,67280,10635.0,10690.0,10180.0,10275.0,0,0,243200.0,2519102500.0,1.0,10635.0,10690.0,10180.0,10275.0,243200.0
2024-06-20,67280,10250.0,10660.0,10190.0,10630.0,0,0,305800.0,3206356500.0,1.0,10250.0,10660.0,10190.0,10630.0,305800.0
2024-06-21,67280,10625.0,10645.0,10245.0,10420.0,0,0,312000.0,3245746000.0,1.0,10625.0,10645.0,10245.0,10420.0,312000.0
2024-06-24,67280,10290.0,10365.0,10215.0,10290.0,0,0,278500.0,2862731000.0,1.0,10290.0,10365.0,10215.0,10290.0,278500.0
2024-06-25,67280,10200.0,10535.0,10155.0,10495.0,0,0,308900.0,3209260000.0,1.0,10200.0,10535.0,10155.0,10495.0,308900.0
2024-06-26,67280,10600.0,10645.0,10420.0,10645.0,0,0,290300.0,3071436000.0,1.0,10600.0,10645.0,10420.0,10645.0,290300.0
2024-06-27,67280,10410.0,10510.0,10290.0,10420.0,0,0,225300.0,2350167500.0,1.0,10410.0,10510.0,10290.0,10420.0,225300.0
2024-06-28,67280,10410.0,10600.0,10355.0,10510.0,0,0,195800.0,2056516500.0,1.0,10410.0,10600.0,10355.0,10510.0,195800.0
2024-07-01,67280,10660.0,10725.0,10450.0,10485.0,0,0,197700.0,2082068000.0,1.0,10660.0,10725.0,10450.0,10485.0,197700.0
2024-07-02,67280,10430.0,10430.0,10250.0,10365.0,0,0,170900.0,1768235000.0,1.0,10430.0,10430.0,10250.0,10365.0,170900.0
2024-07-03,67280,10255.0,10565.0,10240.0,10560.0,0,0,220800.0,2305878000.0,1.0,10255.0,10565.0,10240.0,10560.0,220800.0
2024-07-04,67280,10560.0,10620.0,10435.0,10495.0,0,0,151800.0,1596793000.0,1.0,10560.0,10620.0,10435.0,10495.0,151800.0
2024-07-05,67280,10530.0,10640.0,10460.0,10540.0,0,0,125500.0,1327188000.0,1.0,10530.0,10640.0,10460.0,10540.0,125500.0
2024-07-08,67280,10465.0,10690.0,10445.0,10635.0,0,0,158900.0,1684822500.0,1.0,10465.0,10690.0,10445.0,10635.0,158900.0
2024-07-09,67280,10760.0,11000.0,10700.0,10895.0,0,0,211700.0,2303823000.0,1.0,10760.0,11000.0,10700.0,10895.0,211700.0
2024-07-10,67280,10880.0,10950.0,10570.0,10790.0,0,0,253400.0,2719955500.0,1.0,10880.0,10950.0,10570.0,10790.0,253400.0
2024-07-11,67280,10855.0,10930.0,10670.0,10885.0,0,0,216400.0,2347551500.0,1.0,10855.0,10930.0,10670.0,10885.0,216400.0
2024-07-12,67280,10655.0,10765.0,10425.0,10505.0,0,0,226500.0,2381910500.0,1.0,10655.0,10765.0,10425.0,10505.0,226500.0
2024-07-16,67280,10595.0,10900.0,10570.0,10885.0,0,0,187700.0,2030166000.0,1.0,10595.0,10900.0,10570.0,10885.0,187700.0
2024-07-17,67280,10750.0,10840.0,10230.0,10305.0,0,0,248100.0,2587429500.0,1.0,10750.0,10840.0,10230.0,10305.0,248100.0
2024-07-18,67280,9405.0,9608.0,9261.0,9319.0,0,0,703200.0,6609869100.0,1.0,9405.0,9608.0,9261.0,9319.0,703200.0
2024-07-19,67280,9325.0,9543.0,9321.0,9525.0,0,0,243500.0,2310153500.0,1.0,9325.0,9543.0,9321.0,9525.0,243500.0
2024-07-22,67280,9440.0,9453.0,9140.0,9168.0,0,0,251800.0,2321299600.0,1.0,9440.0,9453.0,9140.0,9168.0,251800.0
2024-07-23,67280,9473.0,9630.0,9401.0,9510.0,0,0,297300.0,2822189200.0,1.0,9473.0,9630.0,9401.0,9510.0,297300.0
2024-07-24,67280,9470.0,9609.0,9362.0,9417.0,0,0,225000.0,2127732000.0,1.0,9470.0,9609.0,9362.0,9417.0,225000.0
2024-07-25,67280,8855.0,8890.0,8693.0,8786.0,0,0,345000.0,3033658000.0,1.0,8855.0,8890.0,8693.0,8786.0,345000.0
2024-07-26,67280,8636.0,8944.0,8627.0,8677.0,0,0,295600.0,2593052500.0,1.0,8636.0,8944.0,8627.0,8677.0,295600.0
2024-07-29,67280,8890.0,9146.0,8853.0,9109.0,0,0,212000.0,1919896500.0,1.0,8890.0,9146.0,8853.0,9109.0,212000.0
2024-07-30,67280,9050.0,9132.0,8870.0,9083.0,0,0,232200.0,2090439500.0,1.0,9050.0,9132.0,8870.0,9083.0,232200.0
2024-07-31,67280,8900.0,9407.0,8826.0,9311.0,0,0,309400.0,2838540900.0,1.0,8900.0,9407.0,8826.0,9311.0,309400.0
2024-08-01,67280,9411.0,9543.0,8916.0,8952.0,0,0,262500.0,2387466400.0,1.0,9411.0,9543.0,8916.0,8952.0,262500.0
2024-08-02,67280,8413.0,8425.0,8060.0,8086.0,0,0,506800.0,4159213300.0,1.0,8413.0,8425.0,8060.0,8086.0,506800.0
2024-08-05,67280,7336.0,7486.0,6650.0,6792.0,0,0,365700.0,2596444300.0,1.0,7336.0,7486.0,6650.0,6792.0,365700.0
2024-08-06,67280,7542.0,7792.0,7351.0,7530.0,1,0,520000.0,3947107300.0,1.0,7542.0,7792.0,7351.0,7530.0,520000.0
2024-08-07,67280,7460.0,8015.0,7301.0,7778.0,0,0,304900.0,2366415000.0,1.0,7460.0,8015.0,7301.0,7778.0,304900.0
2024-08-08,67280,7628.0,7723.0,7364.0,7589.0,0,0,276300.0,2084724700.0,1.0,7628.0,7723.0,7364.0,7589.0,276300.0
2024-08-09,67280,7889.0,7948.0,7375.0,7543.0,0,0,417300.0,3175244000.0,1.0,7889.0,7948.0,7375.0,7543.0,417300.0
2024-08-13,67280,7904.0,8250.0,7838.0,8249.0,0,0,607100.0,4901666100.0,1.0,7904.0,8250.0,7838.0,8249.0,607100.0
2024-08-14,67280,8399.0,8638.0,7979.0,8088.0,0,0,798000.0,6562431800.0,1.0,8399.0,8638.0,7979.0,8088.0,798000.0
2024-08-15,67280,8003.0,8215.0,7942.0,8044.0,0,0,385600.0,3112702100.0,1.0,8003.0,8215.0,7942.0,8044.0,385600.0
2024-08-16,67280,8380.0,8571.0,8335.0,8569.0,0,0,395400.0,3347322900.0,1.0,8380.0,8571.0,8335.0,8569.0,395400.0
2024-08-19,67280,8501.0,8591.0,8222.0,8233.0,0,0,254300.0,2132726800.0,1.0,8501.0,8591.0,8222.0,8233.0,254300.0
2024-08-20,67280,8383.0,8455.0,8300.0,8304.0,0,0,202100.0,1690661600.0,1.0,8383.0,8455.0,8300.0,8304.0,202100.0
2024-08-21,67280,8300.0,8460.0,8182.0,8355.0,0,0,317900.0,2641930700.0,1.0,8300.0,8460.0,8182.0,8355.0,317900.0
2024-08-22,67280,8300.0,8327.0,8154.0,8200.0,0,0,207600.0,1707545400.0,1.0,8300.0,8327.0,8154.0,8200.0,207600.0
2024-08-23,67280,8065.0,8228.0,7926.0,8187.0,0,0,328100.0,2654413000.0,1.0,8065.0,8228.0,7926.0,8187.0,328100.0
2024-08-26,67280,8150.0,8187.0,7988.0,7988.0,0,0,182500.0,1467172400.0,1.0,8150.0,8187.0,7988.0,7988.0,182500.0
2024-08-27,67280,7888.0,8015.0,7877.0,8003.0,0,0,137600.0,1093758300.0,1.0,7888.0,8015.0,7877.0,8003.0,137600.0
2024-08-28,67280,7999.0,8025.0,7880.0,7999.0,0,0,208200.0,1659762800.0,1.0,7999.0,8025.0,7880.0,7999.0,208200.0
2024-08-29,67280,7901.0,8018.0,7852.0,7975.0,0,0,173300.0,1379295700.0,1.0,7901.0,8018.0,7852.0,7975.0,173300.0
2024-08-30,67280,8034.0,8210.0,7987.0,8147.0,0,0,223300.0,1815071100.0,1.0,8034.0,8210.0,7987.0,8147.0,223300.0
2024-09-02,67280,8350.0,8417.0,8246.0,8286.0,0,0,189300.0,1573683400.0,1.0,8350.0,8417.0,8246.0,8286.0,189300.0
2024-09-03,67280,8290.0,8347.0,8055.0,8126.0,0,0,199800.0,1628755000.0,1.0,8290.0,8347.0,8055.0,8126.0,199800.0
2024-09-04,67280,7633.0,7727.0,7373.0,7412.0,0,0,318800.0,2399646500.0,1.0,7633.0,7727.0,7373.0,7412.0,318800.0
2024-09-05,67280,7311.0,7498.0,7236.0,7438.0,0,0,240800.0,1781525000.0,1.0,7311.0,7498.0,7236.0,7438.0,240800.0
2024-09-06,67280,7465.0,7521.0,7307.0,7413.0,0,0,242700.0,1791937400.0,1.0,7465.0,7521.0,7307.0,7413.0,242700.0
2024-09-09,67280,6918.0,7252.0,6829.0,7170.0,0,0,328900.0,2317940300.0,1.0,6918.0,7252.0,6829.0,7170.0,328900.0
2024-09-10,67280,7241.0,7380.0,7137.0,7316.0,0,0,220300.0,1608401000.0,1.0,7241.0,7380.0,7137.0,7316.0,220300.0
2024-09-11,67280,7233.0,7354.0,7012.0,7137.0,0,0,239300.0,1714147700.0,1.0,7233.0,7354.0,7012.0,7137.0,239300.0
2024-09-12,67280,7494.0,7555.0,7290.0,7400.0,0,0,184200.0,1365185000.0,1.0,7494.0,7555.0,7290.0,7400.0,184200.0
2024-09-13,67280,7346.0,7453.0,7319.0,7397.0,0,0,133900.0,988192800.0,1.0,7346.0,7453.0,7319.0,7397.0,133900.0
2024-09-17,67280,7323.0,7336.0,7023.0,7198.0,0,0,213300.0,1526049600.0,1.0,7323.0,7336.0,7023.0,7198.0,213300.0
2024-09-18,67280,7343.0,7349.0,7034.0,7145.0,0,0,239300.0,1705042200.0,1.0,7343.0,7349.0,7034.0,7145.0,239300.0
2024-09-19,67280,7260.0,7296.0,7151.0,7258.0,0,0,280600.0,2030702800.0,1.0,7260.0,7296.0,7151.0,7258.0,280600.0
2024-09-20,67280,7558.0,7603.0,7490.0,7501.0,0,0,382300.0,2879515500.0,1.0,7558.0,7603.0,7490.0,7501.0,382300.0
2024-09-24,67280,7700.0,7709.0,7429.0,7429.0,0,0,208800.0,1569007800.0,1.0,7700.0,7709.0,7429.0,7429.0,208800.0
2024-09-25,67280,7599.0,7599.0,7453.0,7539.0,0,0,208200.0,1567643000.0,1.0,7599.0,7599.0,7453.0,7539.0,208200.0
2024-09-26,67280,7750.0,7851.0,7706.0,7841.0,0,0,279900.0,2183436900.0,1.0,7750.0,7851.0,7706.0,7841.0,279900.0
2024-09-27,67280,8079.0,8080.0,7863.0,7960.0,0,0,238500.0,1899991100.0,1.0,8079.0,8080.0,7863.0,7960.0,238500.0
2024-09-30,67280,7590.0,7735.0,7570.0,7619.0,0,0,353600.0,2698218700.0,1.0,7590.0,7735.0,7570.0,7619.0,353600.0
2024-10-01,67280,7733.0,7847.0,7671.0,7780.0,0,0,170300.0,1324567900.0,1.0,7733.0,7847.0,7671.0,7780.0,170300.0
2024-10-02,67280,7630.0,7667.0,7462.0,7503.0,0,0,221300.0,1669214200.0,1.0,7630.0,7667.0,7462.0,7503.0,221300.0
2024-10-03,67280,7795.0,7928.0,7726.0,7822.0,0,0,313200.0,2448603300.0,1.0,7795.0,7928.0,7726.0,7822.0,313200.0
2024-10-04,67280,7754.0,7838.0,7616.0,7616.0,0,0,170300.0,1306297100.0,1.0,7754.0,7838.0,7616.0,7616.0,170300.0
2024-10-07,67280,7916.0,7991.0,7783.0,7798.0,0,0,196700.0,1541500900.0,1.0,7916.0,7991.0,7783.0,7798.0,196700.0
2024-10-08,67280,7719.0,7798.0,7530.0,7609.0,0,0,175800.0,1338601000.0,1.0,7719.0,7798.0,7530.0,7609.0,175800.0
2024-10-09,67280,7785.0,7817.0,7642.0,7702.0,0,0,110000.0,848041600.0,1.0,7785.0,7817.0,7642.0,7702.0,110000.0
2024-10-10,67280,7775.0,7790.0,7584.0,7616.0,0,0,116700.0,891023900.0,1.0,7775.0,7790.0,7584.0,7616.0,116700.0
2024-10-11,67280,7604.0,7686.0,7551.0,7626.0,0,0,120400.0,918458600.0,1.0,7604.0,7686.0,7551.0,7626.0,120400.0
2024-10-15,67280,7746.0,7899.0,7700.0,7868.0,0,0,218700.0,1712815500.0,1.0,7746.0,7899.0,7700.0,7868.0,218700.0
2024-10-16,67280,7598.0,7620.0,7285.0,7371.0,0,0,290600.0,2143901900.0,1.0,7598.0,7620.0,7285.0,7371.0,290600.0
2024-10-17,67280,7371.0,7384.0,7230.0,7308.0,0,0,338200.0,2469067100.0,1.0,7371.0,7384.0,7230.0,7308.0,338200.0
2024-10-18,67280,7349.0,7358.0,7190.0,7309.0,0,0,314700.0,2291680900.0,1.0,7349.0,7358.0,7190.0,7309.0,314700.0
2024-10-21,67280,7297.0,7346.0,7246.0,7272.0,0,0,221100.0,1611187300.0,1.0,7297.0,7346.0,7246.0,7272.0,221100.0
2024-10-22,67280,7230.0,7274.0,7083.0,7090.0,0,0,253000.0,1802267000.0,1.0,7230.0,7274.0,7083.0,7090.0,253000.0
2024-10-23,67280,7080.0,7093.0,6928.0,6958.0,0,0,232200.0,1625993900.0,1.0,7080.0,7093.0,6928.0,6958.0,232200.0
2024-10-24,67280,6900.0,7050.0,6857.0,6995.0,0,0,176000.0,1229738700.0,1.0,6900.0,7050.0,6857.0,6995.0,176000.0
2024-10-25,67280,6947.0,7022.0,6914.0,6953.0,0,0,127900.0,888889400.0,1.0,6947.0,7022.0,6914.0,6953.0,127900.0
2024-10-28,67280,6961.0,7170.0,6953.0,7151.0,0,0,116300.0,826916400.0,1.0,6961.0,7170.0,6953.0,7151.0,116300.0
2024-10-29,67280,7032.0,7142.0,7010.0,7137.0,0,0,144600.0,1027083700.0,1.0,7032.0,7142.0,7010.0,7137.0,144600.0
2024-10-30,67280,7152.0,7286.0,7101.0,7248.0,0,0,298800.0,2159676100.0,1.0,7152.0,7286.0,7101.0,7248.0,298800.0
2024-10-31,67280,7164.0,7384.0,7103.0,7340.0,0,0,322100.0,2349874000.0,1.0,7164.0,7384.0,7103.0,7340.0,322100.0
2024-11-01,67280,7066.0,7118.0,7038.0,7038.0,0,0,168700.0,1191596700.0,1.0,7066.0,7118.0,7038.0,7038.0,168700.0
2024-11-05,67280,7166.0,7313.0,7077.0,7228.0,0,0,192000.0,1388731600.0,1.0,7166.0,7313.0,7077.0,7228.0,192000.0
2024-11-06,67280,7361.0,7445.0,7316.0,7361.0,0,0,161900.0,1194971800.0,1.0,7361.0,7445.0,7316.0,7361.0,161900.0
2024-11-07,67280,7381.0,7468.0,7220.0,7356.0,0,0,199800.0,1469979800.0,1.0,7381.0,7468.0,7220.0,7356.0,199800.0
2024-11-08,67280,7445.0,7449.0,7327.0,7374.0,0,0,225000.0,1661502700.0,1.0,7445.0,7449.0,7327.0,7374.0,225000.0
2024-11-11,67280,7262.0,7357.0,7151.0,7357.0,0,0,330500.0,2402019200.0,1.0,7262.0,7357.0,7151.0,7357.0,330500.0
2024-11-12,67280,6440.0,6627.0,6276.0,6303.0,0,0,1357000.0,8615075400.0,1.0,6440.0,6627.0,6276.0,6303.0,1357000.0
2024-11-13,67280,6503.0,6594.0,6206.0,6220.0,0,0,815400.0,5200746400.0,1.0,6503.0,6594.0,6206.0,6220.0,815400.0
2024-11-14,67280,6150.0,6192.0,5961.0,5969.0,0,0,436500.0,2635181100.0,1.0,6150.0,6192.0,5961.0,5969.0,436500.0
2024-11-15,67280,5995.0,6163.0,5951.0,6138.0,0,0,658500.0,4003632700.0,1.0,5995.0,6163.0,5951.0,6138.0,658500.0
2024-11-18,67280,5917.0,6139.0,5880.0,6123.0,0,0,321500.0,1951794600.0,1.0,5917.0,6139.0,5880.0,6123.0,321500.0
2024-11-19,67280,6086.0,6139.0,6010.0,6098.0,0,0,312500.0,1896255100.0,1.0,6086.0,6139.0,6010.0,6098.0,312500.0
2024-11-20,67280,6128.0,6410.0,6128.0,6264.0,0,0,449200.0,2822773400.0,1.0,6128.0,6410.0,6128.0,6264.0,449200.0
2024-11-21,67280,6302.0,6396.0,6178.0,6260.0,0,0,292000.0,1826058600.0,1.0,6302.0,6396.0,6178.0,6260.0,292000.0
2024-11-22,67280,6360.0,6424.0,6283.0,6320.0,0,0,242200.0,1533002600.0,1.0,6360.0,6424.0,6283.0,6320.0,242200.0
2024-11-25,67280,6405.0,6408.0,6197.0,6305.0,0,0,280000.0,1763305700.0,1.0,6405.0,6408.0,6197.0,6305.0,280000.0
2024-11-26,67280,6294.0,6305.0,6114.0,6180.0,0,0,226900.0,1402159500.0,1.0,6294.0,6305.0,6114.0,6180.0,226900.0
2024-11-27,67280,5980.0,6198.0,5901.0,6183.0,0,0,317400.0,1932084300.0,1.0,5980.0,6198.0,5901.0,6183.0,317400.0
2024-11-28,67280,6146.0,6290.0,6074.0,6233.0,0,0,231300.0,1437362300.0,1.0,6146.0,6290.0,6074.0,6233.0,231300.0
2024-11-29,67280,6174.0,6207.0,6097.0,6138.0,0,0,172400.0,1057701100.0,1.0,6174.0,6207.0,6097.0,6138.0,172400.0
2024-12-02,67280,6170.0,6327.0,6170.0,6299.0,0,0,235700.0,1479880400.0,1.0,6170.0,6327.0,6170.0,6299.0,235700.0
2024-12-03,67280,6363.0,6587.0,6322.0,6502.0,0,0,392700.0,2557391800.0,1.0,6363.0,6587.0,6322.0,6502.0,392700.0
2024-12-04,67280,6490.0,6520.0,6327.0,6343.0,0,0,218000.0,1390279300.0,1.0,6490.0,6520.0,6327.0,6343.0,218000.0
2024-12-05,67280,6458.0,6460.0,6258.0,6288.0,0,0,247700.0,1562407000.0,1.0,6458.0,6460.0,6258.0,6288.0,247700.0
2024-12-06,67280,6312.0,6340.0,6103.0,6156.0,0,0,257100.0,1586181900.0,1.0,6312.0,6340.0,6103.0,6156.0,257100.0
2024-12-09,67280,6201.0,6274.0,6121.0,6274.0,0,0,245500.0,1529758500.0,1.0,6201.0,6274.0,6121.0,6274.0,245500.0
2024-12-10,67280,6359.0,6420.0,6307.0,6385.0,0,0,193500.0,1231161300.0,1.0,6359.0,6420.0,6307.0,6385.0,193500.0
2024-12-11,67280,6335.0,6412.0,6280.0,6412.0,0,0,213100.0,1358620000.0,1.0,6335.0,6412.0,6280.0,6412.0,213100.0
2024-12-12,67280,6493.0,6523.0,6357.0,6394.0,0,0,276400.0,1775409600.0,1.0,6493.0,6523.0,6357.0,6394.0,276400.0
2024-12-13,67280,6367.0,6412.0,6234.0,6253.0,0,0,261900.0,1649765800.0,1.0,6367.0,6412.0,6234.0,6253.0,261900.0
2024-12-16,67280,6280.0,6431.0,6280.0,6332.0,0,0,241500.0,1532055300.0,1.0,6280.0,6431.0,6280.0,6332.0,241500.0
2024-12-17,67280,6355.0,6380.0,6233.0,6238.0,0,0,257400.0,1615861700.0,1.0,6355.0,6380.0,6233.0,6238.0,257400.0
2024-12-18,67280,6250.0,6269.0,6139.0,6150.0,0,0,388300.0,2402645400.0,1.0,6250.0,6269.0,6139.0,6150.0,388300.0
2024-12-19,67280,6100.0,6140.0,6029.0,6099.0,0,0,398400.0,2429320100.0,1.0,6100.0,6140.0,6029.0,6099.0,398400.0
2024-12-20,67280,6100.0,6107.0,6031.0,6053.0,0,0,343200.0,2081492200.0,1.0,6100.0,6107.0,6031.0,6053.0,343200.0
2024-12-23,67280,6080.0,6080.0,6011.0,6077.0,0,0,370500.0,2245542400.0,1.0,6080.0,6080.0,6011.0,6077.0,370500.0
2024-12-24,67280,6100.0,6125.0,6043.0,6079.0,0,0,497900.0,3026156200.0,1.0,6100.0,6125.0,6043.0,6079.0,497900.0
2024-12-25,67280,6123.0,6134.0,6010.0,6085.0,0,0,184100.0,1114973200.0,1.0,6123.0,6134.0,6010.0,6085.0,184100.0
2024-12-26,67280,6076.0,6090.0,6030.0,6070.0,0,0,319500.0,1938058300.0,1.0,6076.0,6090.0,6030.0,6070.0,319500.0
2024-12-27,67280,6133.0,6166.0,6073.0,6166.0,0,0,456400.0,2799727200.0,1.0,6133.0,6166.0,6073.0,6166.0,456400.0
2024-12-30,67280,6180.0,6201.0,6101.0,6166.0,0,0,307500.0,1891436400.0,1.0,6180.0,6201.0,6101.0,6166.0,307500.0
2025-01-06,67280,6175.0,6187.0,6101.0,6130.0,0,0,307100.0,1882645600.0,1.0,6175.0,6187.0,6101.0,6130.0,307100.0
2025-01-07,67280,6230.0,6384.0,6196.0,6315.0,0,0,964200.0,6089169400.0,1.0,6230.0,6384.0,6196.0,6315.0,964200.0
2025-01-08,67280,6230.0,6499.0,6187.0,6437.0,0,0,631500.0,4009392400.0,1.0,6230.0,6499.0,6187.0,6437.0,631500.0
2025-01-09,67280,6437.0,6445.0,6295.0,6344.0,0,0,381400.0,2425074600.0,1.0,6437.0,6445.0,6295.0,6344.0,381400.0
2025-01-10,67280,6296.0,6362.0,6257.0,6257.0,0,0,314200.0,1977799100.0,1.0,6296.0,6362.0,6257.0,6257.0,314200.0
2025-01-14,67280,6190.0,6213.0,6038.0,6100.0,0,0,371500.0,2263707000.0,1.0,6190.0,6213.0,6038.0,6100.0,371500.0
2025-01-15,67280,6052.0,6095.0,5981.0,6095.0,0,0,338800.0,2051407700.0,1.0,6052.0,6095.0,5981.0,6095.0,338800.0
2025-01-16,67280,6165.0,6196.0,6058.0,6143.0,0,0,229700.0,1405291700.0,1.0,6165.0,6196.0,6058.0,6143.0,229700.0
2025-01-17,67280,6109.0,6222.0,6035.0,6159.0,0,0,237500.0,1454968000.0,1.0,6109.0,6222.0,6035.0,6159.0,237500.0
2025-01-20,67280,6215.0,6277.0,6161.0,6226.0,0,0,189700.0,1180456800.0,1.0,6215.0,6277.0,6161.0,6226.0,189700.0
2025-01-21,67280,6274.0,6283.0,6181.0,6243.0,0,0,171000.0,1065591700.0,1.0,6274.0,6283.0,6181.0,6243.0,171000.0
2025-01-22,67280,6300.0,6547.0,6271.0,6529.0,0,0,412100.0,2671106600.0,1.0,6300.0,6547.0,6271.0,6529.0,412100.0
2025-01-23,67280,6615.0,6632.0,6392.0,6409.0,0,0,298500.0,1928363000.0,1.0,6615.0,6632.0,6392.0,6409.0,298500.0
2025-01-24,67280,6365.0,6391.0,6243.0,6256.0,0,0,471000.0,2965040700.0,1.0,6365.0,6391.0,6243.0,6256.0,471000.0
2025-01-27,67280,6212.0,6229.0,6056.0,6078.0,0,0,467800.0,2859088200.0,1.0,6212.0,6229.0,6056.0,6078.0,467800.0
2025-01-28,67280,5814.0,6050.0,5814.0,5988.0,0,0,444000.0,2644050500.0,1.0,5814.0,6050.0,5814.0,5988.0,444000.0
2025-01-29,67280,6066.0,6068.0,5933.0,6007.0,0,0,263100.0,1578485300.0,1.0,6066.0,6068.0,5933.0,6007.0,263100.0
2025-01-30,67280,5982.0,6087.0,5958.0,6070.0,0,0,211800.0,1280048900.0,1.0,5982.0,6087.0,5958.0,6070.0,211800.0
2025-01-31,67280,6100.0,6187.0,6051.0,6157.0,0,0,308600.0,1895158500.0,1.0,6100.0,6187.0,6051.0,6157.0,308600.0
2025-02-03,67280,6057.0,6075.0,5858.0,5858.0,0,0,399500.0,2360938900.0,1.0,6057.0,6075.0,5858.0,5858.0,399500.0
2025-02-04,67280,5937.0,6000.0,5905.0,5940.0,0,0,215100.0,1279620000.0,1.0,5937.0,6000.0,5905.0,5940.0,215100.0
2025-02-05,67280,6000.0,6000.0,5901.0,5918.0,0,0,224800.0,1333987300.0,1.0,6000.0,6000.0,5901.0,5918.0,224800.0
2025-02-06,67280,5995.0,6086.0,5970.0,6064.0,0,0,263700.0,1593941900.0,1.0,5995.0,6086.0,5970.0,6064.0,263700.0
2025-02-07,67280,6000.0,6066.0,5986.0,6066.0,0,0,183300.0,1108796800.0,1.0,6000.0,6066.0,5986.0,6066.0,183300.0
2025-02-10,67280,6037.0,6060.0,5987.0,6034.0,0,0,163300.0,985671200.0,1.0,6037.0,6060.0,5987.0,6034.0,163300.0
2025-02-12,67280,6269.0,6269.0,6144.0,6223.0,0,0,368400.0,2283488000.0,1.0,6269.0,6269.0,6144.0,6223.0,368400.0
2025-02-13,67280,6257.0,6257.0,6037.0,6110.0,0,0,588600.0,3617242300.0,1.0,6257.0,6257.0,6037.0,6110.0,588600.0
2025-02-14,67280,5960.0,5960.0,5769.0,5769.0,0,0,791800.0,4628233800.0,1.0,5960.0,5960.0,5769.0,5769.0,791800.0
2025-02-17,67280,5730.0,5790.0,5673.0,5673.0,0,0,513500.0,2938002600.0,1.0,5730.0,5790.0,5673.0,5673.0,513500.0
2025-02-18,67280,5620.0,5726.0,5612.0,5695.0,0,0,458100.0,2602785500.0,1.0,5620.0,5726.0,5612.0,5695.0,458100.0
2025-02-19,67280,5692.0,5794.0,5679.0,5742.0,0,0,404600.0,2318862000.0,1.0,5692.0,5794.0,5679.0,5742.0,404600.0
2025-02-20,67280,5650.0,5690.0,5606.0,5632.0,0,0,355600.0,2006543500.0,1.0,5650.0,5690.0,5606.0,5632.0,355600.0
2025-02-21,67280,5581.0,5691.0,5576.0,5683.0,0,0,395700.0,2241058700.0,1.0,5581.0,5691.0,5576.0,5683.0,395700.0
2025-02-25,67280,5551.0,5645.0,5529.0,5614.0,0,0,496400.0,2779062400.0,1.0,5551.0,5645.0,5529.0,5614.0,496400.0
2025-02-26,67280,5530.0,5660.0,5530.0,5607.0,0,0,312600.0,1756412400.0,1.0,5530.0,5660.0,5530.0,5607.0,312600.0
2025-02-27,67280,5569.0,5652.0,5567.0,5614.0,0,0,333000.0,1867889400.0,1.0,5569.0,5652.0,5567.0,5614.0,333000.0
2025-02-28,67280,5500.0,5515.0,5399.0,5403.0,0,0,559300.0,3035698400.0,1.0,5500.0,5515.0,5399.0,5403.0,559300.0
2025-03-03,67280,5490.0,5490.0,5400.0,5418.0,0,0,254300.0,1378826100.0,1.0,5490.0,5490.0,5400.0,5418.0,254300.0
2025-03-04,67280,5298.0,5300.0,5205.0,5273.0,0,0,442500.0,2326150200.0,1.0,5298.0,5300.0,5205.0,5273.0,442500.0
2025-03-05,67280,5273.0,5395.0,5249.0,5355.0,0,0,340000.0,1815820700.0,1.0,5273.0,5395.0,5249.0,5355.0,340000.0
2025-03-06,67280,5371.0,5425.0,5348.0,5370.0,0,0,185100.0,996125700.0,1.0,5371.0,5425.0,5348.0,5370.0,185100.0
2025-03-07,67280,5250.0,5335.0,5230.0,5315.0,0,0,310100.0,1643043900.0,1.0,5250.0,5335.0,5230.0,5315.0,310100.0
2025-03-10,67280,5330.0,5392.0,5310.0,5390.0,0,0,185000.0,994426500.0,1.0,5330.0,5392.0,5310.0,5390.0,185000.0
2025-03-11,67280,5210.0,5379.0,5182.0,5359.0,0,0,402700.0,2134386300.0,1.0,5210.0,5379.0,5182.0,5359.0,402700.0
2025-03-12,67280,5271.0,5380.0,5260.0,5356.0,0,0,272200.0,1454416100.0,1.0,5271.0,5380.0,5260.0,5356.0,272200.0
2025-03-13,67280,5440.0,5500.0,5401.0,5417.0,0,0,250900.0,1364646600.0,1.0,5440.0,5500.0,5401.0,5417.0,250900.0
2025-03-14,67280,5419.0,5462.0,5373.0,5457.0,0,0,268700.0,1458894900.0,1.0,5419.0,5462.0,5373.0,5457.0,268700.0
2025-03-17,67280,5557.0,5594.0,5510.0,5523.0,0,0,189700.0,1051933000.0,1.0,5557.0,5594.0,5510.0,5523.0,189700.0
2025-03-18,67280,5593.0,5615.0,5533.0,5610.0,0,0,229300.0,1283185700.0,1.0,5593.0,5615.0,5533.0,5610.0,229300.0
2025-03-19,67280,5639.0,5751.0,5604.0,5608.0,0,0,289600.0,1636609900.0,1.0,5639.0,5751.0,5604.0,5608.0,289600.0
2025-03-21,67280,5546.0,5589.0,5500.0,5508.0,0,0,314900.0,1740220200.0,1.0,5546.0,5589.0,5500.0,5508.0,314900.0
2025-03-24,67280,5520.0,5534.0,5488.0,5499.0,0,0,196700.0,1082807400.0,1.0,5520.0,5534.0,5488.0,5499.0,196700.0
2025-03-25,67280,5510.0,5552.0,5448.0,5481.0,0,0,253000.0,1387808300.0,1.0,5510.0,5552.0,5448.0,5481.0,253000.0
2025-03-26,67280,5495.0,5539.0,5451.0,5509.0,0,0,261900.0,1440911200.0,1.0,5495.0,5539.0,5451.0,5509.0,261900.0
2025-03-27,67280,5440.0,5522.0,5430.0,5522.0,0,0,226800.0,1245309900.0,1.0,5440.0,5522.0,5430.0,5522.0,226800.0
2025-03-28,67280,5450.0,5458.0,5378.0,5391.0,0,0,267800.0,1446742400.0,1.0,5450.0,5458.0,5378.0,5391.0,267800.0
2025-03-31,67280,5200.0,5216.0,5084.0,5084.0,0,0,493500.0,2521513800.0,1.0,5200.0,5216.0,5084.0,5084.0,493500.0
2025-04-01,67280,5148.0,5150.0,5075.0,5102.0,0,0,283600.0,1450350800.0,1.0,5148.0,5150.0,5075.0,5102.0,283600.0
2025-04-02,67280,5081.0,5131.0,5068.0,5097.0,0,0,316500.0,1611339500.0,1.0,5081.0,5131.0,5068.0,5097.0,316500.0
2025-04-03,67280,4787.0,4857.0,4747.0,4853.0,0,0,575600.0,2774190900.0,1.0,4787.0,4857.0,4747.0,4853.0,575600.0
2025-04-04,67280,4729.0,4745.0,4361.0,4463.0,0,0,860100.0,3857148800.0,1.0,4729.0,4745.0,4361.0,4463.0,860100.0
2025-04-07,67280,4043.0,4132.0,3915.0,3991.0,0,0,942800.0,3793583400.0,1.0,4043.0,4132.0,3915.0,3991.0,942800.0
2025-04-08,67280,4284.0,4463.0,4236.0,4279.0,0,0,645200.0,2777841700.0,1.0,4284.0,4463.0,4236.0,4279.0,645200.0
2025-04-09,67280,4133.0,4142.0,3942.0,4031.0,0,0,696900.0,2811419500.0,1.0,4133.0,4142.0,3942.0,4031.0,696900.0
2025-04-10,67280,4485.0,4485.0,4300.0,4313.0,0,0,577100.0,2507947100.0,1.0,4485.0,4485.0,4300.0,4313.0,577100.0
2025-04-11,67280,4151.0,4316.0,4109.0,4280.0,0,0,531400.0,2246980300.0,1.0,4151.0,4316.0,4109.0,4280.0,531400.0
2025-04-14,67280,4400.0,4523.0,4382.0,4382.0,0,0,439400.0,1939847200.0,1.0,4400.0,4523.0,4382.0,4382.0,439400.0
2025-04-15,67280,4423.0,4520.0,4413.0,4482.0,0,0,456100.0,2043687200.0,1.0,4423.0,4520.0,4413.0,4482.0,456100.0
2025-04-16,67280,4447.0,4466.0,4325.0,4367.0,0,0,347100.0,1521420700.0,1.0,4447.0,4466.0,4325.0,4367.0,347100.0
2025-04-17,67280,4384.0,4430.0,4322.0,4413.0,0,0,266700.0,1169345900.0,1.0,4384.0,4430.0,4322.0,4413.0,266700.0
2025-04-18,67280,4430.0,4455.0,4388.0,4410.0,0,0,194200.0,857895700.0,1.0,4430.0,4455.0,4388.0,4410.0,194200.0
2025-04-21,67280,4387.0,4443.0,4340.0,4391.0,0,0,129600.0,569104300.0,1.0,4387.0,4443.0,4340.0,4391.0,129600.0
2025-04-22,67280,4384.0,4418.0,4367.0,4407.0,0,0,113700.0,499685700.0,1.0,4384.0,4418.0,4367.0,4407.0,113700.0
2025-04-23,67280,4555.0,4570.0,4478.0,4503.0,0,0,214400.0,967434300.0,1.0,4555.0,4570.0,4478.0,4503.0,214400.0
2025-04-24,67280,4605.0,4686.0,4601.0,4625.0,0,0,276500.0,1284285300.0,1.0,4605.0,4686.0,4601.0,4625.0,276500.0
2025-04-25,67280,4762.0,4846.0,4754.0,4773.0,0,0,402600.0,1926019500.0,1.0,4762.0,4846.0,4754.0,4773.0,402600.0
2025-04-28,67280,4848.0,4877.0,4799.0,4799.0,0,0,241400.0,1164364600.0,1.0,4848.0,4877.0,4799.0,4799.0,241400.0
2025-04-30,67280,4770.0,4858.0,4734.0,4835.0,0,0,354600.0,1710248700.0,1.0,4770.0,4858.0,4734.0,4835.0,354600.0
2025-05-01,67280,4845.0,4925.0,4804.0,4901.0,0,0,235400.0,1148558100.0,1.0,4845.0,4925.0,4804.0,4901.0,235400.0
2025-05-02,67280,4936.0,4955.0,4875.0,4919.0,0,0,222400.0,1093005500.0,1.0,4936.0,4955.0,4875.0,4919.0,222400.0
2025-05-07,67280,4919.0,4946.0,4875.0,4914.0,0,0,214600.0,1052294000.0,1.0,4919.0,4946.0,4875.0,4914.0,214600.0
2025-05-08,67280,4928.0,5078.0,4928.0,5040.0,0,0,285400.0,1435725100.0,1.0,4928.0,5078.0,4928.0,5040.0,285400.0
2025-05-09,67280,5098.0,5113.0,5034.0,5076.0,0,0,206300.0,1048336700.0,1.0,5098.0,5113.0,5034.0,5076.0,206300.0
2025-05-12,67280,5140.0,5222.0,5124.0,5188.0,0,0,228800.0,1185610800.0,1.0,5140.0,5222.0,5124.0,5188.0,228800.0
2025-05-13,67280,5368.0,5425.0,5274.0,5300.0,0,0,316900.0,1688447500.0,1.0,5368.0,5425.0,5274.0,5300.0,316900.0
2025-05-14,67280,5000.0,5133.0,4893.0,5133.0,0,0,788400.0,3968541700.0,1.0,5000.0,5133.0,4893.0,5133.0,788400.0
2025-05-15,67280,5075.0,5212.0,5062.0,5176.0,0,0,335400.0,1725730100.0,1.0,5075.0,5212.0,5062.0,5176.0,335400.0
2025-05-16,67280,5131.0,5156.0,5057.0,5100.0,0,0,360900.0,1839224000.0,1.0,5131.0,5156.0,5057.0,5100.0,360900.0
2025-05-19,67280,5085.0,5145.0,5004.0,5026.0,0,0,261600.0,1319735100.0,1.0,5085.0,5145.0,5004.0,5026.0,261600.0
2025-05-20,67280,5026.0,5050.0,4925.0,4943.0,0,0,431500.0,2141784200.0,1.0,5026.0,5050.0,4925.0,4943.0,431500.0
2025-05-21,67280,4939.0,4956.0,4916.0,4928.0,0,0,232700.0,1147183200.0,1.0,4939.0,4956.0,4916.0,4928.0,232700.0
2025-05-22,67280,4855.0,4908.0,4852.0,4906.0,0,0,295600.0,1445616600.0,1.0,4855.0,4908.0,4852.0,4906.0,295600.0
2025-05-23,67280,4921.0,4956.0,4890.0,4938.0,0,0,220700.0,1087361300.0,1.0,4921.0,4956.0,4890.0,4938.0,220700.0
2025-05-26,67280,4952.0,5032.0,4941.0,5013.0,0,0,162400.0,812508700.0,1.0,4952.0,5032.0,4941.0,5013.0,162400.0
2025-05-27,67280,5013.0,5056.0,4982.0,5037.0,0,0,147900.0,742763600.0,1.0,5013.0,5056.0,4982.0,5037.0,147900.0
2025-05-28,67280,5150.0,5191.0,5103.0,5103.0,0,0,254900.0,1306366000.0,1.0,5150.0,5191.0,5103.0,5103.0,254900.0
2025-05-29,67280,5140.0,5185.0,5101.0,5120.0,0,0,299000.0,1532032400.0,1.0,5140.0,5185.0,5101.0,5120.0,299000.0
2025-05-30,67280,5054.0,5108.0,5016.0,5035.0,0,0,416100.0,2098402800.0,1.0,5054.0,5108.0,5016.0,5035.0,416100.0
2025-06-02,67280,4990.0,4999.0,4891.0,4929.0,0,0,257900.0,1270374900.0,1.0,4990.0,4999.0,4891.0,4929.0,257900.0
2025-06-03,67280,4900.0,4987.0,4898.0,4969.0,0,0,220200.0,1092663100.0,1.0,4900.0,4987.0,4898.0,4969.0,220200.0
2025-06-04,67280,5039.0,5091.0,4978.0,4986.0,0,0,291100.0,1463094100.0,1.0,5039.0,5091.0,4978.0,4986.0,291100.0
2025-06-05,67280,4970.0,5078.0,4962.0,4984.0,0,0,259200.0,1300086000.0,1.0,4970.0,5078.0,4962.0,4984.0,259200.0
2025-06-06,67280,4980.0,5017.0,4938.0,5002.0,0,0,309400.0,1542205800.0,1.0,4980.0,5017.0,4938.0,5002.0,309400.0
2025-06-09,67280,5004.0,5035.0,4965.0,4994.0,0,0,260300.0,1298434600.0,1.0,5004.0,5035.0,4965.0,4994.0,260300.0
2025-06-10,67280,5025.0,5144.0,5016.0,5048.0,0,0,332000.0,1685401000.0,1.0,5025.0,5144.0,5016.0,5048.0,332000.0
2025-06-11,67280,5107.0,5185.0,5081.0,5146.0,0,0,375000.0,1929016100.0,1.0,5107.0,5185.0,5081.0,5146.0,375000.0
2025-06-12,67280,5080.0,5143.0,5060.0,5060.0,0,0,268000.0,1361244600.0,1.0,5080.0,5143.0,5060.0,5060.0,268000.0
2025-06-13,67280,5011.0,5044.0,4910.0,4952.0,0,0,323700.0,1606506400.0,1.0,5011.0,5044.0,4910.0,4952.0,323700.0
2025-06-16,67280,4985.0,5012.0,4960.0,4995.0,0,0,261900.0,1306526600.0,1.0,4985.0,5012.0,4960.0,4995.0,261900.0
2025-06-17,67280,5050.0,5155.0,5004.0,5123.0,0,0,358900.0,1831744900.0,1.0,5050.0,5155.0,5004.0,5123.0,358900.0
2025-06-18,67280,5051.0,5117.0,5050.0,5117.0,0,0,264500.0,1348267300.0,1.0,5051.0,5117.0,5050.0,5117.0,264500.0
2025-06-19,67280,5081.0,5081.0,4985.0,5001.0,0,0,311900.0,1564934300.0,1.0,5081.0,5081.0,4985.0,5001.0,311900.0
2025-06-20,67280,5001.0,5075.0,4990.0,5001.0,0,0,313200.0,1569825000.0,1.0,5001.0,5075.0,4990.0,5001.0,313200.0
2025-06-23,67280,4958.0,5052.0,4880.0,4999.0,0,0,348100.0,1735613800.0,1.0,4958.0,5052.0,4880.0,4999.0,348100.0
2025-06-24,67280,5066.0,5144.0,5038.0,5063.0,0,0,363700.0,1846559600.0,1.0,5066.0,5144.0,5038.0,5063.0,363700.0
2025-06-25,67280,5140.0,5194.0,5101.0,5101.0,0,0,320600.0,1645836900.0,1.0,5140.0,5194.0,5101.0,5101.0,320600.0
2025-06-26,67280,5101.0,5194.0,5084.0,5163.0,0,0,508300.0,2619842200.0,1.0,5101.0,5194.0,5084.0,5163.0,508300.0
2025-06-27,67280,5129.0,5310.0,5090.0,5225.0,0,0,666200.0,3475195900.0,1.0,5129.0,5310.0,5090.0,5225.0,666200.0
2025-06-30,67280,5250.0,5367.0,5247.0,5306.0,0,0,540100.0,2874119100.0,1.0,5250.0,5367.0,5247.0,5306.0,540100.0
2025-07-01,67280,5251.0,5348.0,5217.0,5286.0,0,0,422800.0,2236728200.0,1.0,5251.0,5348.0,5217.0,5286.0,422800.0
2025-07-02,67280,5206.0,5246.0,5173.0,5233.0,0,0,330800.0,1726864100.0,1.0,5206.0,5246.0,5173.0,5233.0,330800.0
2025-07-03,67280,5258.0,5419.0,5257.0,5382.0,0,0,696400.0,3743460200.0,1.0,5258.0,5419.0,5257.0,5382.0,696400.0
2025-07-04,67280,5398.0,5419.0,5323.0,5325.0,0,0,337400.0,1804171300.0,1.0,5398.0,5419.0,5323.0,5325.0,337400.0
2025-07-07,67280,5300.0,5429.0,5257.0,5270.0,0,0,566100.0,3009066400.0,1.0,5300.0,5429.0,5257.0,5270.0,566100.0
2025-07-08,67280,5218.0,5301.0,5211.0,5275.0,0,0,309900.0,1633547000.0,1.0,5218.0,5301.0,5211.0,5275.0,309900.0
2025-07-09,67280,5347.0,5386.0,5275.0,5325.0,0,0,389100.0,2075545600.0,1.0,5347.0,5386.0,5275.0,5325.0,389100.0
2025-07-10,67280,5305.0,5314.0,5250.0,5279.0,0,0,277500.0,1465352200.0,1.0,5305.0,5314.0,5250.0,5279.0,277500.0
2025-07-11,67280,5303.0,5400.0,5283.0,5385.0,0,0,314200.0,1687810400.0,1.0,5303.0,5400.0,5283.0,5385.0,314200.0
2025-07-14,67280,5358.0,5395.0,5325.0,5363.0,0,0,349200.0,1872856700.0,1.0,5358.0,5395.0,5325.0,5363.0,349200.0
2025-07-15,67280,5346.0,5395.0,5263.0,5392.0,0,0,470000.0,2513183000.0,1.0,5346.0,5395.0,5263.0,5392.0,470000.0
2025-07-16,67280,5392.0,5512.0,5363.0,5364.0,0,0,507600.0,2749959600.0,1.0,5392.0,5512.0,5363.0,5364.0,507600.0
2025-07-17,67280,5268.0,5390.0,5240.0,5390.0,0,0,452100.0,2414558100.0,1.0,5268.0,5390.0,5240.0,5390.0,452100.0
2025-07-18,67280,5367.0,5415.0,5341.0,5398.0,0,0,269600.0,1452835500.0,1.0,5367.0,5415.0,5341.0,5398.0,269600.0
2025-07-22,67280,5393.0,5448.0,5363.0,5404.0,0,0,333900.0,1804520900.0,1.0,5393.0,5448.0,5363.0,5404.0,333900.0
2025-07-23,67280,5520.0,5612.0,5468.0,5591.0,0,0,614000.0,3412878700.0,1.0,5520.0,5612.0,5468.0,5591.0,614000.0
2025-07-24,67280,5619.0,5670.0,5537.0,5617.0,0,0,585600.0,3288939400.0,1.0,5619.0,5670.0,5537.0,5617.0,585600.0
2025-07-25,67280,5581.0,5581.0,5520.0,5570.0,0,0,457000.0,2540566300.0,1.0,5581.0,5581.0,5520.0,5570.0,457000.0
2025-07-28,67280,5504.0,5620.0,5500.0,5590.0,0,0,535100.0,2982510100.0,1.0,5504.0,5620.0,5500.0,5590.0,535100.0
2025-07-29,67280,5551.0,5590.0,5474.0,5474.0,0,0,285100.0,1568007500.0,1.0,5551.0,5590.0,5474.0,5474.0,285100.0
2025-07-30,67280,5402.0,5509.0,5402.0,5508.0,0,0,244000.0,1339542000.0,1.0,5402.0,5509.0,5402.0,5508.0,244000.0
2025-07-31,67280,5504.0,5618.0,5485.0,5607.0,0,0,326700.0,1825822000.0,1.0,5504.0,5618.0,5485.0,5607.0,326700.0
2025-08-01,67280,5507.0,5580.0,5403.0,5544.0,0,0,566900.0,3121562100.0,1.0,5507.0,5580.0,5403.0,5544.0,566900.0
2025-08-04,67280,5360.0,5465.0,5360.0,5445.0,0,0,334600.0,1818146700.0,1.0,5360.0,5465.0,5360.0,5445.0,334600.0
2025-08-05,67280,5530.0,5535.0,5459.0,5510.0,0,0,258100.0,1420206700.0,1.0,5530.0,5535.0,5459.0,5510.0,258100.0
2025-08-06,67280,5461.0,5522.0,5455.0,5499.0,0,0,248400.0,1364727600.0,1.0,5461.0,5522.0,5455.0,5499.0,248400.0
2025-08-07,67280,5446.0,5514.0,5409.0,5468.0,0,0,221100.0,1209710400.0,1.0,5446.0,5514.0,5409.0,5468.0,221100.0
2025-08-08,67280,5470.0,5587.0,5434.0,5535.0,0,0,360900.0,2000027200.0,1.0,5470.0,5587.0,5434.0,5535.0,360900.0
2025-08-12,67280,5549.0,5581.0,5495.0,5495.0,0,0,416300.0,2305697600.0,1.0,5549.0,5581.0,5495.0,5495.0,416300.0
2025-08-13,67280,5595.0,5636.0,5509.0,5619.0,0,0,459800.0,2572472700.0,1.0,5595.0,5636.0,5509.0,5619.0,459800.0
2025-08-14,67280,6270.0,6385.0,6049.0,6049.0,0,0,1192200.0,7348780600.0,1.0,6270.0,6385.0,6049.0,6049.0,1192200.0
2025-08-15,67280,6110.0,6219.0,6067.0,6171.0,0,0,761700.0,4687335600.0,1.0,6110.0,6219.0,6067.0,6171.0,761700.0
2025-08-18,67280,6170.0,6193.0,6090.0,6149.0,0,0,423600.0,2608644000.0,1.0,6170.0,6193.0,6090.0,6149.0,423600.0
2025-08-19,67280,6170.0,6215.0,6115.0,6143.0,0,0,366200.0,2254812700.0,1.0,6170.0,6215.0,6115.0,6143.0,366200.0
2025-08-20,67280,6112.0,6198.0,6023.0,6023.0,0,0,397600.0,2421508400.0,1.0,6112.0,6198.0,6023.0,6023.0,397600.0
2025-08-21,67280,5999.0,6079.0,5946.0,6032.0,0,0,251400.0,1512998200.0,1.0,5999.0,6079.0,5946.0,6032.0,251400.0
2025-08-22,67280,6050.0,6181.0,5983.0,6156.0,0,0,405700.0,2488740800.0,1.0,6050.0,6181.0,5983.0,6156.0,405700.0
2025-08-25,67280,6256.0,6314.0,6079.0,6125.0,0,0,449900.0,2773044400.0,1.0,6256.0,6314.0,6079.0,6125.0,449900.0
2025-08-26,67280,6088.0,6100.0,6016.0,6050.0,0,0,243500.0,1474269600.0,1.0,6088.0,6100.0,6016.0,6050.0,243500.0
2025-08-27,67280,6062.0,6078.0,5996.0,6019.0,0,0,219500.0,1321198000.0,1.0,6062.0,6078.0,5996.0,6019.0,219500.0
2025-08-28,67280,6016.0,6076.0,6002.0,6053.0,0,0,208500.0,1258745300.0,1.0,6016.0,6076.0,6002.0,6053.0,208500.0
2025-08-29,67280,6150.0,6164.0,6024.0,6031.0,0,0,303400.0,1838454700.0,1.0,6150.0,6164.0,6024.0,6031.0,303400.0
2025-09-01,67280,6011.0,6030.0,5847.0,5905.0,0,0,317000.0,1872157300.0,1.0,6011.0,6030.0,5847.0,5905.0,317000.0
2025-09-02,67280,5980.0,5997.0,5872.0,5892.0,0,0,245300.0,1455492400.0,1.0,5980.0,5997.0,5872.0,5892.0,245300.0
2025-09-03,67280,5890.0,5948.0,5876.0,5899.0,0,0,304400.0,1797463500.0,1.0,5890.0,5948.0,5876.0,5899.0,304400.0
2025-09-04,67280,5900.0,5955.0,5891.0,5940.0,0,0,228000.0,1351467700.0,1.0,5900.0,5955.0,5891.0,5940.0,228000.0
2025-09-05,67280,6118.0,6385.0,5999.0,6350.0,0,0,692400.0,4337848200.0,1.0,6118.0,6385.0,5999.0,6350.0,692400.0
2025-09-08,67280,6384.0,6400.0,6295.0,6330.0,0,0,439800.0,2784198000.0,1.0,6384.0,6400.0,6295.0,6330.0,439800.0
2025-09-09,67280,6410.0,6528.0,6366.0,6381.0,0,0,616000.0,3956015800.0,1.0,6410.0,6528.0,6366.0,6381.0,616000.0
2025-09-10,67280,6359.0,6425.0,6312.0,6339.0,0,0,267700.0,1700442000.0,1.0,6359.0,6425.0,6312.0,6339.0,267700.0
2025-09-11,67280,6378.0,6526.0,6352.0,6445.0,0,0,340600.0,2196276100.0,1.0,6378.0,6526.0,6352.0,6445.0,340600.0
2025-09-12,67280,6426.0,6582.0,6404.0,6447.0,0,0,353900.0,2285411300.0,1.0,6426.0,6582.0,6404.0,6447.0,353900.0
2025-09-16,67280,6499.0,6636.0,6499.0,6535.0,0,0,390700.0,2558380600.0,1.0,6499.0,6636.0,6499.0,6535.0,390700.0
2025-09-17,67280,6480.0,6567.0,6456.0,6456.0,0,0,337200.0,2190721700.0,1.0,6480.0,6567.0,6456.0,6456.0,337200.0
2025-09-18,67280,6499.0,6790.0,6445.0,6682.0,0,0,544600.0,3647111500.0,1.0,6499.0,6790.0,6445.0,6682.0,544600.0
2025-09-19,67280,6856.0,6880.0,6513.0,6668.0,0,0,578400.0,3864557400.0,1.0,6856.0,6880.0,6513.0,6668.0,578400.0
2025-09-22,67280,6702.0,6811.0,6670.0,6714.0,0,0,532400.0,3584402100.0,1.0,6702.0,6811.0,6670.0,6714.0,532400.0
2025-09-24,67280,6660.0,6695.0,6575.0,6670.0,0,0,339600.0,2257055900.0,1.0,6660.0,6695.0,6575.0,6670.0,339600.0
2025-09-25,67280,6607.0,6730.0,6600.0,6701.0,0,0,292700.0,1956159500.0,1.0,6607.0,6730.0,6600.0,6701.0,292700.0
2025-09-26,67280,6622.0,6650.0,6392.0,6424.0,0,0,524700.0,3395143300.0,1.0,6622.0,6650.0,6392.0,6424.0,524700.0
2025-09-29,67280,6427.0,6499.0,6422.0,6462.0,0,0,313600.0,2025178900.0,1.0,6427.0,6499.0,6422.0,6462.0,313600.0
2025-09-30,67280,6466.0,6567.0,6431.0,6449.0,0,0,315800.0,2047204200.0,1.0,6466.0,6567.0,6431.0,6449.0,315800.0
2025-10-01,67280,6432.0,6437.0,6253.0,6267.0,0,0,307400.0,1937612300.0,1.0,6432.0,6437.0,6253.0,6267.0,307400.0
2025-10-02,67280,6339.0,6572.0,6325.0,6567.0,0,0,391000.0,2545510800.0,1.0,6339.0,6572.0,6325.0,6567.0,391000.0
2025-10-03,67280,6573.0,6612.0,6523.0,6578.0,0,0,271700.0,1785017800.0,1.0,6573.0,6612.0,6523.0,6578.0,271700.0
2025-10-06,67280,6740.0,6740.0,6621.0,6680.0,0,0,379500.0,2534093900.0,1.0,6740.0,6740.0,6621.0,6680.0,379500.0
2025-10-07,67280,6750.0,6768.0,6592.0,6627.0,0,0,306900.0,2042188200.0,1.0,6750.0,6768.0,6592.0,6627.0,306900.0
2025-10-08,67280,6527.0,6627.0,6507.0,6589.0,0,0,230500.0,1516816500.0,1.0,6527.0,6627.0,6507.0,6589.0,230500.0
2025-10-09,67280,6735.0,6957.0,6713.0,6892.0,0,0,593400.0,4068411200.0,1.0,6735.0,6957.0,6713.0,6892.0,593400.0
2025-10-10,67280,6852.0,6861.0,6666.0,6688.0,0,0,457900.0,3087146700.0,1.0,6852.0,6861.0,6666.0,6688.0,457900.0
2025-10-14,67280,6588.0,6777.0,6509.0,6531.0,0,0,563400.0,3729791400.0,1.0,6588.0,6777.0,6509.0,6531.0,563400.0
2025-10-15,67280,6568.0,6685.0,6550.0,6637.0,0,0,328800.0,2181077200.0,1.0,6568.0,6685.0,6550.0,6637.0,328800.0
2025-10-16,67280,6830.0,6858.0,6703.0,6774.0,0,0,321700.0,2179964100.0,1.0,6830.0,6858.0,6703.0,6774.0,321700.0
2025-10-17,67280,6769.0,6773.0,6631.0,6680.0,0,0,375400.0,2513794500.0,1.0,6769.0,6773.0,6631.0,6680.0,375400.0
2025-10-20,67280,6851.0,6873.0,6764.0,6854.0,0,0,216300.0,1478207000.0,1.0,6851.0,6873.0,6764.0,6854.0,216300.0
2025-10-21,67280,6916.0,6953.0,6797.0,6842.0,0,0,249300.0,1713439200.0,1.0,6916.0,6953.0,6797.0,6842.0,249300.0
2025-10-22,67280,6779.0,6854.0,6718.0,6827.0,0,0,245200.0,1670964400.0,1.0,6779.0,6854.0,6718.0,6827.0,245200.0
2025-10-23,67280,6704.0,6777.0,6635.0,6740.0,0,0,368000.0,2478052900.0,1.0,6704.0,6777.0,6635.0,6740.0,368000.0
2025-10-24,67280,6840.0,6978.0,6760.0,6970.0,0,0,339400.0,2352815700.0,1.0,6840.0,6978.0,6760.0,6970.0,339400.0
2025-10-27,67280,7070.0,7080.0,6980.0,7035.0,0,0,269200.0,1893481000.0,1.0,7070.0,7080.0,6980.0,7035.0,269200.0
2025-10-28,67280,7035.0,7096.0,6858.0,6905.0,0,0,372400.0,2589365600.0,1.0,7035.0,7096.0,6858.0,6905.0,372400.0
2025-10-29,67280,6986.0,6986.0,6866.0,6870.0,0,0,215900.0,1490628400.0,1.0,6986.0,6986.0,6866.0,6870.0,215900.0
