Date,Code,Open,High,Low,Close,UpperLimit,LowerLimit,Volume,TurnoverValue,AdjustmentFactor,AdjustmentOpen,AdjustmentHigh,AdjustmentLow,AdjustmentClose,AdjustmentVolume
2020-10-29,68100,1042.0,1070.0,1037.0,1058.0,0,0,160400.0,169596500.0,1.0,1042.0,1070.0,1037.0,1058.0,160400.0
2020-10-30,68100,1058.0,1128.0,1058.0,1090.0,0,0,387800.0,425931700.0,1.0,1058.0,1128.0,1058.0,1090.0,387800.0
2020-11-02,68100,1100.0,1130.0,1078.0,1084.0,0,0,254500.0,280404500.0,1.0,1100.0,1130.0,1078.0,1084.0,254500.0
2020-11-04,68100,1109.0,1128.0,1101.0,1116.0,0,0,274500.0,306357700.0,1.0,1109.0,1128.0,1101.0,1116.0,274500.0
2020-11-05,68100,1117.0,1121.0,1081.0,1090.0,0,0,244000.0,266301900.0,1.0,1117.0,1121.0,1081.0,1090.0,244000.0
2020-11-06,68100,1080.0,1115.0,1074.0,1113.0,0,0,194700.0,215294000.0,1.0,1080.0,1115.0,1074.0,1113.0,194700.0
2020-11-09,68100,1125.0,1130.0,1107.0,1114.0,0,0,145600.0,162709100.0,1.0,1125.0,1130.0,1107.0,1114.0,145600.0
2020-11-10,68100,1158.0,1170.0,1135.0,1151.0,0,0,349300.0,402511400.0,1.0,1158.0,1170.0,1135.0,1151.0,349300.0
2020-11-11,68100,1159.0,1170.0,1141.0,1169.0,0,0,273500.0,317126200.0,1.0,1159.0,1170.0,1141.0,1169.0,273500.0
2020-11-12,68100,1165.0,1170.0,1148.0,1152.0,0,0,160100.0,185198400.0,1.0,1165.0,1170.0,1148.0,1152.0,160100.0
2020-11-13,68100,1142.0,1153.0,1121.0,1147.0,0,0,202500.0,230966700.0,1.0,1142.0,1153.0,1121.0,1147.0,202500.0
2020-11-16,68100,1160.0,1177.0,1156.0,1167.0,0,0,190300.0,222067700.0,1.0,1160.0,1177.0,1156.0,1167.0,190300.0
2020-11-17,68100,1175.0,1190.0,1162.0,1184.0,0,0,329900.0,389565600.0,1.0,1175.0,1190.0,1162.0,1184.0,329900.0
2020-11-18,68100,1178.0,1178.0,1146.0,1146.0,0,0,192100.0,222723000.0,1.0,1178.0,1178.0,1146.0,1146.0,192100.0
2020-11-19,68100,1128.0,1131.0,1108.0,1116.0,0,0,269500.0,301210700.0,1.0,1128.0,1131.0,1108.0,1116.0,269500.0
2020-11-20,68100,1110.0,1147.0,1102.0,1139.0,0,0,152700.0,173089000.0,1.0,1110.0,1147.0,1102.0,1139.0,152700.0
2020-11-24,68100,1163.0,1190.0,1163.0,1179.0,0,0,294600.0,347834300.0,1.0,1163.0,1190.0,1163.0,1179.0,294600.0
2020-11-25,68100,1190.0,1204.0,1172.0,1172.0,0,0,306700.0,364872100.0,1.0,1190.0,1204.0,1172.0,1172.0,306700.0
2020-11-26,68100,1165.0,1173.0,1145.0,1167.0,0,0,178500.0,207617400.0,1.0,1165.0,1173.0,1145.0,1167.0,178500.0
2020-11-27,68100,1167.0,1196.0,1158.0,1180.0,0,0,206900.0,245098400.0,1.0,1167.0,1196.0,1158.0,1180.0,206900.0
2020-11-30,68100,1197.0,1208.0,1182.0,1200.0,0,0,425100.0,509651200.0,1.0,1197.0,1208.0,1182.0,1200.0,425100.0
2020-12-01,68100,1195.0,1215.0,1184.0,1208.0,0,0,247500.0,297579700.0,1.0,1195.0,1215.0,1184.0,1208.0,247500.0
2020-12-02,68100,1216.0,1243.0,1209.0,1234.0,0,0,257100.0,316155900.0,1.0,1216.0,1243.0,1209.0,1234.0,257100.0
2020-12-03,68100,1245.0,1290.0,1233.0,1273.0,0,0,294100.0,373115700.0,1.0,1245.0,1290.0,1233.0,1273.0,294100.0
2020-12-04,68100,1291.0,1331.0,1277.0,1328.0,0,0,487300.0,637823900.0,1.0,1291.0,1331.0,1277.0,1328.0,487300.0
2020-12-07,68100,1350.0,1370.0,1270.0,1270.0,0,0,372700.0,487580100.0,1.0,1350.0,1370.0,1270.0,1270.0,372700.0
2020-12-08,68100,1263.0,1284.0,1251.0,1278.0,0,0,187100.0,238133300.0,1.0,1263.0,1284.0,1251.0,1278.0,187100.0
2020-12-09,68100,1278.0,1328.0,1276.0,1321.0,0,0,301300.0,397431200.0,1.0,1278.0,1328.0,1276.0,1321.0,301300.0
2020-12-10,68100,1335.0,1360.0,1323.0,1323.0,0,0,412700.0,550627100.0,1.0,1335.0,1360.0,1323.0,1323.0,412700.0
2020-12-11,68100,1330.0,1335.0,1279.0,1286.0,0,0,245300.0,318139800.0,1.0,1330.0,1335.0,1279.0,1286.0,245300.0
2020-12-14,68100,1316.0,1350.0,1307.0,1340.0,0,0,358700.0,479765900.0,1.0,1316.0,1350.0,1307.0,1340.0,358700.0
2020-12-15,68100,1329.0,1338.0,1305.0,1322.0,0,0,327400.0,432627900.0,1.0,1329.0,1338.0,1305.0,1322.0,327400.0
2020-12-16,68100,1325.0,1325.0,1304.0,1305.0,0,0,196000.0,257474700.0,1.0,1325.0,1325.0,1304.0,1305.0,196000.0
2020-12-17,68100,1303.0,1303.0,1276.0,1287.0,0,0,206600.0,265614600.0,1.0,1303.0,1303.0,1276.0,1287.0,206600.0
2020-12-18,68100,1288.0,1288.0,1258.0,1263.0,0,0,229800.0,291131200.0,1.0,1288.0,1288.0,1258.0,1263.0,229800.0
2020-12-21,68100,1259.0,1273.0,1241.0,1267.0,0,0,169500.0,213399700.0,1.0,1259.0,1273.0,1241.0,1267.0,169500.0
2020-12-22,68100,1260.0,1260.0,1238.0,1244.0,0,0,178000.0,221877300.0,1.0,1260.0,1260.0,1238.0,1244.0,178000.0
2020-12-23,68100,1230.0,1242.0,1212.0,1221.0,0,0,206500.0,252678800.0,1.0,1230.0,1242.0,1212.0,1221.0,206500.0
2020-12-24,68100,1224.0,1239.0,1221.0,1232.0,0,0,141700.0,174229000.0,1.0,1224.0,1239.0,1221.0,1232.0,141700.0
2020-12-25,68100,1230.0,1243.0,1226.0,1231.0,0,0,124000.0,152852400.0,1.0,1230.0,1243.0,1226.0,1231.0,124000.0
2020-12-28,68100,1226.0,1237.0,1220.0,1229.0,0,0,211300.0,259464800.0,1.0,1226.0,1237.0,1220.0,1229.0,211300.0
2020-12-29,68100,1234.0,1296.0,1234.0,1296.0,0,0,337900.0,431979000.0,1.0,1234.0,1296.0,1234.0,1296.0,337900.0
2020-12-30,68100,1280.0,1308.0,1269.0,1286.0,0,0,226500.0,293275700.0,1.0,1280.0,1308.0,1269.0,1286.0,226500.0
2021-01-04,68100,1301.0,1304.0,1271.0,1285.0,0,0,202100.0,260100800.0,1.0,1301.0,1304.0,1271.0,1285.0,202100.0
2021-01-05,68100,1278.0,1304.0,1278.0,1292.0,0,0,205500.0,265756100.0,1.0,1278.0,1304.0,1278.0,1292.0,205500.0
2021-01-06,68100,1305.0,1335.0,1295.0,1320.0,0,0,281000.0,370320300.0,1.0,1305.0,1335.0,1295.0,1320.0,281000.0
2021-01-07,68100,1345.0,1406.0,1345.0,1377.0,0,0,560700.0,773362600.0,1.0,1345.0,1406.0,1345.0,1377.0,560700.0
2021-01-08,68100,1377.0,1384.0,1363.0,1374.0,0,0,250500.0,343981400.0,1.0,1377.0,1384.0,1363.0,1374.0,250500.0
2021-01-12,68100,1363.0,1383.0,1357.0,1371.0,0,0,217600.0,298266000.0,1.0,1363.0,1383.0,1357.0,1371.0,217600.0
2021-01-13,68100,1384.0,1401.0,1380.0,1384.0,0,0,320900.0,445460300.0,1.0,1384.0,1401.0,1380.0,1384.0,320900.0
2021-01-14,68100,1377.0,1385.0,1342.0,1349.0,0,0,191000.0,260083500.0,1.0,1377.0,1385.0,1342.0,1349.0,191000.0
2021-01-15,68100,1339.0,1349.0,1305.0,1313.0,0,0,248400.0,328530100.0,1.0,1339.0,1349.0,1305.0,1313.0,248400.0
2021-01-18,68100,1300.0,1325.0,1286.0,1319.0,0,0,168900.0,221499100.0,1.0,1300.0,1325.0,1286.0,1319.0,168900.0
2021-01-19,68100,1320.0,1343.0,1315.0,1326.0,0,0,224000.0,298102200.0,1.0,1320.0,1343.0,1315.0,1326.0,224000.0
2021-01-20,68100,1338.0,1343.0,1319.0,1342.0,0,0,132900.0,176996600.0,1.0,1338.0,1343.0,1319.0,1342.0,132900.0
2021-01-21,68100,1345.0,1352.0,1329.0,1329.0,0,0,141600.0,189459100.0,1.0,1345.0,1352.0,1329.0,1329.0,141600.0
2021-01-22,68100,1328.0,1356.0,1320.0,1344.0,0,0,168100.0,226201900.0,1.0,1328.0,1356.0,1320.0,1344.0,168100.0
2021-01-25,68100,1346.0,1362.0,1335.0,1351.0,0,0,133000.0,179591100.0,1.0,1346.0,1362.0,1335.0,1351.0,133000.0
2021-01-26,68100,1375.0,1375.0,1351.0,1360.0,0,0,137300.0,186552500.0,1.0,1375.0,1375.0,1351.0,1360.0,137300.0
2021-01-27,68100,1370.0,1414.0,1363.0,1413.0,0,0,383200.0,537647100.0,1.0,1370.0,1414.0,1363.0,1413.0,383200.0
2021-01-28,68100,1372.0,1400.0,1364.0,1390.0,0,0,383100.0,531271000.0,1.0,1372.0,1400.0,1364.0,1390.0,383100.0
2021-01-29,68100,1395.0,1418.0,1366.0,1374.0,0,0,307800.0,426919800.0,1.0,1395.0,1418.0,1366.0,1374.0,307800.0
2021-02-01,68100,1404.0,1477.0,1387.0,1467.0,0,0,588000.0,851122900.0,1.0,1404.0,1477.0,1387.0,1467.0,588000.0
2021-02-02,68100,1478.0,1489.0,1442.0,1443.0,0,0,345100.0,503716900.0,1.0,1478.0,1489.0,1442.0,1443.0,345100.0
2021-02-03,68100,1456.0,1458.0,1424.0,1427.0,0,0,170000.0,244241900.0,1.0,1456.0,1458.0,1424.0,1427.0,170000.0
2021-02-04,68100,1424.0,1438.0,1414.0,1419.0,0,0,152000.0,216390900.0,1.0,1424.0,1438.0,1414.0,1419.0,152000.0
2021-02-05,68100,1447.0,1468.0,1441.0,1452.0,0,0,207000.0,300967700.0,1.0,1447.0,1468.0,1441.0,1452.0,207000.0
2021-02-08,68100,1464.0,1473.0,1450.0,1468.0,0,0,245600.0,359140700.0,1.0,1464.0,1473.0,1450.0,1468.0,245600.0
2021-02-09,68100,1459.0,1468.0,1441.0,1451.0,0,0,182000.0,264631300.0,1.0,1459.0,1468.0,1441.0,1451.0,182000.0
2021-02-10,68100,1443.0,1450.0,1435.0,1436.0,0,0,125500.0,180981400.0,1.0,1443.0,1450.0,1435.0,1436.0,125500.0
2021-02-12,68100,1447.0,1449.0,1423.0,1448.0,0,0,105800.0,152216200.0,1.0,1447.0,1449.0,1423.0,1448.0,105800.0
2021-02-15,68100,1459.0,1469.0,1439.0,1439.0,0,0,136800.0,198444100.0,1.0,1459.0,1469.0,1439.0,1439.0,136800.0
2021-02-16,68100,1430.0,1437.0,1412.0,1420.0,0,0,139500.0,198463000.0,1.0,1430.0,1437.0,1412.0,1420.0,139500.0
2021-02-17,68100,1429.0,1463.0,1416.0,1459.0,0,0,185300.0,268169000.0,1.0,1429.0,1463.0,1416.0,1459.0,185300.0
2021-02-18,68100,1445.0,1445.0,1404.0,1410.0,0,0,188800.0,267786400.0,1.0,1445.0,1445.0,1404.0,1410.0,188800.0
2021-02-19,68100,1424.0,1428.0,1394.0,1416.0,0,0,177800.0,250603100.0,1.0,1424.0,1428.0,1394.0,1416.0,177800.0
2021-02-22,68100,1430.0,1446.0,1427.0,1444.0,0,0,170800.0,245803600.0,1.0,1430.0,1446.0,1427.0,1444.0,170800.0
2021-02-24,68100,1450.0,1465.0,1432.0,1437.0,0,0,223400.0,322726300.0,1.0,1450.0,1465.0,1432.0,1437.0,223400.0
2021-02-25,68100,1458.0,1473.0,1451.0,1464.0,0,0,251800.0,369015800.0,1.0,1458.0,1473.0,1451.0,1464.0,251800.0
2021-02-26,68100,1428.0,1434.0,1387.0,1387.0,0,0,334600.0,471095600.0,1.0,1428.0,1434.0,1387.0,1387.0,334600.0
2021-03-01,68100,1402.0,1417.0,1392.0,1417.0,0,0,202500.0,285130900.0,1.0,1402.0,1417.0,1392.0,1417.0,202500.0
2021-03-02,68100,1433.0,1439.0,1407.0,1436.0,0,0,195700.0,279213400.0,1.0,1433.0,1439.0,1407.0,1436.0,195700.0
2021-03-03,68100,1440.0,1475.0,1431.0,1470.0,0,0,242300.0,353423400.0,1.0,1440.0,1475.0,1431.0,1470.0,242300.0
2021-03-04,68100,1449.0,1465.0,1431.0,1450.0,0,0,257300.0,372918600.0,1.0,1449.0,1465.0,1431.0,1450.0,257300.0
2021-03-05,68100,1443.0,1452.0,1403.0,1452.0,0,0,238400.0,342347800.0,1.0,1443.0,1452.0,1403.0,1452.0,238400.0
2021-03-08,68100,1457.0,1461.0,1440.0,1445.0,0,0,115300.0,167109500.0,1.0,1457.0,1461.0,1440.0,1445.0,115300.0
2021-03-09,68100,1465.0,1471.0,1441.0,1464.0,0,0,191700.0,280142500.0,1.0,1465.0,1471.0,1441.0,1464.0,191700.0
2021-03-10,68100,1464.0,1490.0,1460.0,1482.0,0,0,317300.0,469458900.0,1.0,1464.0,1490.0,1460.0,1482.0,317300.0
2021-03-11,68100,1488.0,1488.0,1472.0,1474.0,0,0,161000.0,238109000.0,1.0,1488.0,1488.0,1472.0,1474.0,161000.0
2021-03-12,68100,1488.0,1490.0,1471.0,1488.0,0,0,184100.0,273402700.0,1.0,1488.0,1490.0,1471.0,1488.0,184100.0
2021-03-15,68100,1491.0,1516.0,1472.0,1475.0,0,0,279600.0,417661200.0,1.0,1491.0,1516.0,1472.0,1475.0,279600.0
2021-03-16,68100,1471.0,1485.0,1463.0,1475.0,0,0,121500.0,179046400.0,1.0,1471.0,1485.0,1463.0,1475.0,121500.0
2021-03-17,68100,1462.0,1462.0,1440.0,1450.0,0,0,153800.0,222748700.0,1.0,1462.0,1462.0,1440.0,1450.0,153800.0
2021-03-18,68100,1461.0,1481.0,1453.0,1474.0,0,0,192400.0,282798100.0,1.0,1461.0,1481.0,1453.0,1474.0,192400.0
2021-03-19,68100,1470.0,1486.0,1459.0,1486.0,0,0,282400.0,417279200.0,1.0,1470.0,1486.0,1459.0,1486.0,282400.0
2021-03-22,68100,1470.0,1492.0,1457.0,1475.0,0,0,174500.0,257779400.0,1.0,1470.0,1492.0,1457.0,1475.0,174500.0
2021-03-23,68100,1485.0,1503.0,1458.0,1458.0,0,0,223700.0,330783300.0,1.0,1485.0,1503.0,1458.0,1458.0,223700.0
2021-03-24,68100,1455.0,1455.0,1404.0,1414.0,0,0,215600.0,306180300.0,1.0,1455.0,1455.0,1404.0,1414.0,215600.0
2021-03-25,68100,1415.0,1441.0,1415.0,1431.0,0,0,133600.0,191413000.0,1.0,1415.0,1441.0,1415.0,1431.0,133600.0
2021-03-26,68100,1448.0,1454.0,1426.0,1430.0,0,0,176700.0,253555400.0,1.0,1448.0,1454.0,1426.0,1430.0,176700.0
2021-03-29,68100,1437.0,1452.0,1403.0,1418.0,0,0,173200.0,246347500.0,1.0,1437.0,1452.0,1403.0,1418.0,173200.0
2021-03-30,68100,1404.0,1449.0,1400.0,1430.0,0,0,235600.0,334827600.0,1.0,1404.0,1449.0,1400.0,1430.0,235600.0
2021-03-31,68100,1430.0,1435.0,1393.0,1399.0,0,0,272000.0,383126300.0,1.0,1430.0,1435.0,1393.0,1399.0,272000.0
2021-04-01,68100,1418.0,1419.0,1398.0,1401.0,0,0,173600.0,244126000.0,1.0,1418.0,1419.0,1398.0,1401.0,173600.0
2021-04-02,68100,1409.0,1447.0,1409.0,1446.0,0,0,145300.0,207666000.0,1.0,1409.0,1447.0,1409.0,1446.0,145300.0
2021-04-05,68100,1476.0,1487.0,1461.0,1467.0,0,0,173400.0,255266000.0,1.0,1476.0,1487.0,1461.0,1467.0,173400.0
2021-04-06,68100,1476.0,1485.0,1444.0,1448.0,0,0,154900.0,226819000.0,1.0,1476.0,1485.0,1444.0,1448.0,154900.0
2021-04-07,68100,1448.0,1480.0,1448.0,1475.0,0,0,115600.0,170056900.0,1.0,1448.0,1480.0,1448.0,1475.0,115600.0
2021-04-08,68100,1472.0,1472.0,1445.0,1450.0,0,0,101800.0,148052900.0,1.0,1472.0,1472.0,1445.0,1450.0,101800.0
2021-04-09,68100,1452.0,1468.0,1436.0,1439.0,0,0,93800.0,135862200.0,1.0,1452.0,1468.0,1436.0,1439.0,93800.0
2021-04-12,68100,1449.0,1462.0,1446.0,1460.0,0,0,77000.0,112052500.0,1.0,1449.0,1462.0,1446.0,1460.0,77000.0
2021-04-13,68100,1464.0,1482.0,1453.0,1467.0,0,0,125300.0,184463700.0,1.0,1464.0,1482.0,1453.0,1467.0,125300.0
2021-04-14,68100,1469.0,1473.0,1460.0,1470.0,0,0,80500.0,118083000.0,1.0,1469.0,1473.0,1460.0,1470.0,80500.0
2021-04-15,68100,1473.0,1481.0,1461.0,1467.0,0,0,80200.0,117889100.0,1.0,1473.0,1481.0,1461.0,1467.0,80200.0
2021-04-16,68100,1461.0,1463.0,1447.0,1463.0,0,0,90100.0,131075900.0,1.0,1461.0,1463.0,1447.0,1463.0,90100.0
2021-04-19,68100,1460.0,1468.0,1453.0,1454.0,0,0,68800.0,100441600.0,1.0,1460.0,1468.0,1453.0,1454.0,68800.0
2021-04-20,68100,1454.0,1469.0,1448.0,1458.0,0,0,112700.0,164537900.0,1.0,1454.0,1469.0,1448.0,1458.0,112700.0
2021-04-21,68100,1429.0,1439.0,1411.0,1437.0,0,0,137300.0,196149200.0,1.0,1429.0,1439.0,1411.0,1437.0,137300.0
2021-04-22,68100,1450.0,1465.0,1441.0,1455.0,0,0,97900.0,142429400.0,1.0,1450.0,1465.0,1441.0,1455.0,97900.0
2021-04-23,68100,1450.0,1458.0,1437.0,1448.0,0,0,97200.0,140600200.0,1.0,1450.0,1458.0,1437.0,1448.0,97200.0
2021-04-26,68100,1452.0,1481.0,1445.0,1479.0,0,0,139300.0,204798000.0,1.0,1452.0,1481.0,1445.0,1479.0,139300.0
2021-04-27,68100,1471.0,1474.0,1449.0,1454.0,0,0,83200.0,121513500.0,1.0,1471.0,1474.0,1449.0,1454.0,83200.0
2021-04-28,68100,1473.0,1473.0,1424.0,1426.0,0,0,135400.0,194206400.0,1.0,1473.0,1473.0,1424.0,1426.0,135400.0
2021-04-30,68100,1390.0,1390.0,1283.0,1287.0,0,0,716900.0,940829500.0,1.0,1390.0,1390.0,1283.0,1287.0,716900.0
2021-05-06,68100,1303.0,1355.0,1292.0,1352.0,0,0,353000.0,471494300.0,1.0,1303.0,1355.0,1292.0,1352.0,353000.0
2021-05-07,68100,1358.0,1363.0,1318.0,1328.0,0,0,175400.0,233831000.0,1.0,1358.0,1363.0,1318.0,1328.0,175400.0
2021-05-10,68100,1328.0,1341.0,1324.0,1340.0,0,0,128200.0,170913500.0,1.0,1328.0,1341.0,1324.0,1340.0,128200.0
2021-05-11,68100,1335.0,1336.0,1301.0,1301.0,0,0,146500.0,191757500.0,1.0,1335.0,1336.0,1301.0,1301.0,146500.0
2021-05-12,68100,1307.0,1317.0,1286.0,1290.0,0,0,153100.0,198845000.0,1.0,1307.0,1317.0,1286.0,1290.0,153100.0
2021-05-13,68100,1280.0,1297.0,1263.0,1269.0,0,0,127500.0,162981700.0,1.0,1280.0,1297.0,1263.0,1269.0,127500.0
2021-05-14,68100,1287.0,1288.0,1251.0,1252.0,0,0,156200.0,196865200.0,1.0,1287.0,1288.0,1251.0,1252.0,156200.0
2021-05-17,68100,1267.0,1269.0,1235.0,1241.0,0,0,176000.0,219262600.0,1.0,1267.0,1269.0,1235.0,1241.0,176000.0
2021-05-18,68100,1245.0,1266.0,1244.0,1260.0,0,0,111900.0,140778300.0,1.0,1245.0,1266.0,1244.0,1260.0,111900.0
2021-05-19,68100,1250.0,1255.0,1227.0,1233.0,0,0,117500.0,145189300.0,1.0,1250.0,1255.0,1227.0,1233.0,117500.0
2021-05-20,68100,1229.0,1261.0,1229.0,1251.0,0,0,97500.0,121950100.0,1.0,1229.0,1261.0,1229.0,1251.0,97500.0
2021-05-21,68100,1269.0,1274.0,1250.0,1268.0,0,0,95500.0,121018400.0,1.0,1269.0,1274.0,1250.0,1268.0,95500.0
2021-05-24,68100,1261.0,1278.0,1259.0,1267.0,0,0,58300.0,73888600.0,1.0,1261.0,1278.0,1259.0,1267.0,58300.0
2021-05-25,68100,1276.0,1279.0,1260.0,1265.0,0,0,68000.0,86269400.0,1.0,1276.0,1279.0,1260.0,1265.0,68000.0
2021-05-26,68100,1258.0,1266.0,1256.0,1259.0,0,0,74300.0,93631300.0,1.0,1258.0,1266.0,1256.0,1259.0,74300.0
2021-05-27,68100,1259.0,1262.0,1222.0,1226.0,0,0,168900.0,208631700.0,1.0,1259.0,1262.0,1222.0,1226.0,168900.0
2021-05-28,68100,1250.0,1268.0,1248.0,1266.0,0,0,135800.0,171171900.0,1.0,1250.0,1268.0,1248.0,1266.0,135800.0
2021-05-31,68100,1245.0,1253.0,1227.0,1241.0,0,0,132300.0,163577300.0,1.0,1245.0,1253.0,1227.0,1241.0,132300.0
2021-06-01,68100,1230.0,1243.0,1227.0,1237.0,0,0,67200.0,82888100.0,1.0,1230.0,1243.0,1227.0,1237.0,67200.0
2021-06-02,68100,1226.0,1251.0,1225.0,1242.0,0,0,134900.0,167659700.0,1.0,1226.0,1251.0,1225.0,1242.0,134900.0
2021-06-03,68100,1230.0,1246.0,1230.0,1241.0,0,0,80800.0,100158700.0,1.0,1230.0,1246.0,1230.0,1241.0,80800.0
2021-06-04,68100,1235.0,1251.0,1235.0,1251.0,0,0,91200.0,113598800.0,1.0,1235.0,1251.0,1235.0,1251.0,91200.0
2021-06-07,68100,1256.0,1256.0,1242.0,1242.0,0,0,83200.0,103690000.0,1.0,1256.0,1256.0,1242.0,1242.0,83200.0
2021-06-08,68100,1247.0,1294.0,1247.0,1287.0,0,0,235200.0,301593100.0,1.0,1247.0,1294.0,1247.0,1287.0,235200.0
2021-06-09,68100,1290.0,1297.0,1278.0,1286.0,0,0,74800.0,96286400.0,1.0,1290.0,1297.0,1278.0,1286.0,74800.0
2021-06-10,68100,1279.0,1287.0,1266.0,1280.0,0,0,73400.0,93889000.0,1.0,1279.0,1287.0,1266.0,1280.0,73400.0
2021-06-11,68100,1279.0,1279.0,1257.0,1264.0,0,0,105300.0,133754500.0,1.0,1279.0,1279.0,1257.0,1264.0,105300.0
2021-06-14,68100,1262.0,1267.0,1250.0,1254.0,0,0,65700.0,82575900.0,1.0,1262.0,1267.0,1250.0,1254.0,65700.0
2021-06-15,68100,1254.0,1269.0,1252.0,1262.0,0,0,72200.0,91049400.0,1.0,1254.0,1269.0,1252.0,1262.0,72200.0
2021-06-16,68100,1265.0,1280.0,1263.0,1271.0,0,0,72500.0,92227900.0,1.0,1265.0,1280.0,1263.0,1271.0,72500.0
2021-06-17,68100,1267.0,1267.0,1252.0,1255.0,0,0,61900.0,77778500.0,1.0,1267.0,1267.0,1252.0,1255.0,61900.0
2021-06-18,68100,1246.0,1257.0,1236.0,1236.0,0,0,184400.0,228746300.0,1.0,1246.0,1257.0,1236.0,1236.0,184400.0
2021-06-21,68100,1216.0,1216.0,1190.0,1202.0,0,0,193200.0,231771600.0,1.0,1216.0,1216.0,1190.0,1202.0,193200.0
2021-06-22,68100,1236.0,1245.0,1225.0,1227.0,0,0,107100.0,131822800.0,1.0,1236.0,1245.0,1225.0,1227.0,107100.0
2021-06-23,68100,1242.0,1245.0,1230.0,1231.0,0,0,70200.0,86691100.0,1.0,1242.0,1245.0,1230.0,1231.0,70200.0
2021-06-24,68100,1232.0,1259.0,1232.0,1252.0,0,0,78900.0,98578100.0,1.0,1232.0,1259.0,1232.0,1252.0,78900.0
2021-06-25,68100,1255.0,1273.0,1255.0,1268.0,0,0,100900.0,127756000.0,1.0,1255.0,1273.0,1255.0,1268.0,100900.0
2021-06-28,68100,1274.0,1279.0,1268.0,1272.0,0,0,73500.0,93495400.0,1.0,1274.0,1279.0,1268.0,1272.0,73500.0
2021-06-29,68100,1261.0,1266.0,1244.0,1247.0,0,0,90700.0,113408500.0,1.0,1261.0,1266.0,1244.0,1247.0,90700.0
2021-06-30,68100,1255.0,1265.0,1240.0,1242.0,0,0,87300.0,109038600.0,1.0,1255.0,1265.0,1240.0,1242.0,87300.0
2021-07-01,68100,1242.0,1249.0,1234.0,1238.0,0,0,136700.0,169649300.0,1.0,1242.0,1249.0,1234.0,1238.0,136700.0
2021-07-02,68100,1244.0,1268.0,1243.0,1268.0,0,0,94200.0,118909400.0,1.0,1244.0,1268.0,1243.0,1268.0,94200.0
2021-07-05,68100,1268.0,1277.0,1262.0,1263.0,0,0,71500.0,90821500.0,1.0,1268.0,1277.0,1262.0,1263.0,71500.0
2021-07-06,68100,1268.0,1290.0,1268.0,1286.0,0,0,88700.0,113739000.0,1.0,1268.0,1290.0,1268.0,1286.0,88700.0
2021-07-07,68100,1264.0,1272.0,1253.0,1253.0,0,0,63200.0,79624100.0,1.0,1264.0,1272.0,1253.0,1253.0,63200.0
2021-07-08,68100,1250.0,1256.0,1240.0,1243.0,0,0,81200.0,101253200.0,1.0,1250.0,1256.0,1240.0,1243.0,81200.0
2021-07-09,68100,1243.0,1255.0,1224.0,1251.0,0,0,134600.0,167123400.0,1.0,1243.0,1255.0,1224.0,1251.0,134600.0
2021-07-12,68100,1269.0,1285.0,1267.0,1282.0,0,0,106200.0,136036500.0,1.0,1269.0,1285.0,1267.0,1282.0,106200.0
2021-07-13,68100,1287.0,1299.0,1284.0,1295.0,0,0,86800.0,112239700.0,1.0,1287.0,1299.0,1284.0,1295.0,86800.0
2021-07-14,68100,1286.0,1300.0,1282.0,1297.0,0,0,63000.0,81663100.0,1.0,1286.0,1300.0,1282.0,1297.0,63000.0
2021-07-15,68100,1297.0,1319.0,1296.0,1300.0,0,0,106700.0,139523100.0,1.0,1297.0,1319.0,1296.0,1300.0,106700.0
2021-07-16,68100,1300.0,1325.0,1297.0,1305.0,0,0,88100.0,115410000.0,1.0,1300.0,1325.0,1297.0,1305.0,88100.0
2021-07-19,68100,1296.0,1296.0,1253.0,1265.0,0,0,102600.0,129944500.0,1.0,1296.0,1296.0,1253.0,1265.0,102600.0
2021-07-20,68100,1250.0,1266.0,1250.0,1254.0,0,0,89900.0,112959300.0,1.0,1250.0,1266.0,1250.0,1254.0,89900.0
2021-07-21,68100,1261.0,1275.0,1258.0,1259.0,0,0,47100.0,59514200.0,1.0,1261.0,1275.0,1258.0,1259.0,47100.0
2021-07-26,68100,1273.0,1284.0,1270.0,1276.0,0,0,54300.0,69241400.0,1.0,1273.0,1284.0,1270.0,1276.0,54300.0
2021-07-27,68100,1286.0,1297.0,1280.0,1293.0,0,0,76100.0,98194500.0,1.0,1286.0,1297.0,1280.0,1293.0,76100.0
2021-07-28,68100,1282.0,1296.0,1281.0,1287.0,0,0,53700.0,69197600.0,1.0,1282.0,1296.0,1281.0,1287.0,53700.0
2021-07-29,68100,1288.0,1306.0,1273.0,1306.0,0,0,112200.0,144964300.0,1.0,1288.0,1306.0,1273.0,1306.0,112200.0
2021-07-30,68100,1300.0,1303.0,1271.0,1278.0,0,0,98600.0,126207300.0,1.0,1300.0,1303.0,1271.0,1278.0,98600.0
2021-08-02,68100,1400.0,1438.0,1368.0,1420.0,0,0,574900.0,811355600.0,1.0,1400.0,1438.0,1368.0,1420.0,574900.0
2021-08-03,68100,1410.0,1423.0,1377.0,1377.0,0,0,256700.0,357448700.0,1.0,1410.0,1423.0,1377.0,1377.0,256700.0
2021-08-04,68100,1371.0,1401.0,1371.0,1378.0,0,0,173100.0,239686300.0,1.0,1371.0,1401.0,1371.0,1378.0,173100.0
2021-08-05,68100,1362.0,1378.0,1358.0,1373.0,0,0,80000.0,109594900.0,1.0,1362.0,1378.0,1358.0,1373.0,80000.0
2021-08-06,68100,1356.0,1357.0,1332.0,1340.0,0,0,128000.0,172002100.0,1.0,1356.0,1357.0,1332.0,1340.0,128000.0
2021-08-10,68100,1350.0,1403.0,1350.0,1397.0,0,0,248700.0,345545800.0,1.0,1350.0,1403.0,1350.0,1397.0,248700.0
2021-08-11,68100,1400.0,1423.0,1389.0,1402.0,0,0,271700.0,382553200.0,1.0,1400.0,1423.0,1389.0,1402.0,271700.0
2021-08-12,68100,1425.0,1446.0,1415.0,1421.0,0,0,280200.0,399975200.0,1.0,1425.0,1446.0,1415.0,1421.0,280200.0
2021-08-13,68100,1423.0,1425.0,1375.0,1383.0,0,0,118400.0,164662700.0,1.0,1423.0,1425.0,1375.0,1383.0,118400.0
2021-08-16,68100,1369.0,1369.0,1337.0,1338.0,0,0,105400.0,141719800.0,1.0,1369.0,1369.0,1337.0,1338.0,105400.0
2021-08-17,68100,1322.0,1329.0,1306.0,1320.0,0,0,139000.0,183328000.0,1.0,1322.0,1329.0,1306.0,1320.0,139000.0
2021-08-18,68100,1336.0,1346.0,1324.0,1333.0,0,0,70100.0,93435700.0,1.0,1336.0,1346.0,1324.0,1333.0,70100.0
2021-08-19,68100,1322.0,1322.0,1300.0,1301.0,0,0,71900.0,94338100.0,1.0,1322.0,1322.0,1300.0,1301.0,71900.0
2021-08-20,68100,1295.0,1309.0,1263.0,1264.0,0,0,124200.0,158759400.0,1.0,1295.0,1309.0,1263.0,1264.0,124200.0
2021-08-23,68100,1280.0,1308.0,1280.0,1297.0,0,0,114700.0,148869000.0,1.0,1280.0,1308.0,1280.0,1297.0,114700.0
2021-08-24,68100,1302.0,1316.0,1293.0,1306.0,0,0,66400.0,86580200.0,1.0,1302.0,1316.0,1293.0,1306.0,66400.0
2021-08-25,68100,1310.0,1311.0,1294.0,1307.0,0,0,63100.0,82284800.0,1.0,1310.0,1311.0,1294.0,1307.0,63100.0
2021-08-26,68100,1303.0,1303.0,1285.0,1303.0,0,0,88000.0,114155200.0,1.0,1303.0,1303.0,1285.0,1303.0,88000.0
2021-08-27,68100,1293.0,1300.0,1286.0,1293.0,0,0,51100.0,65984600.0,1.0,1293.0,1300.0,1286.0,1293.0,51100.0
2021-08-30,68100,1306.0,1311.0,1276.0,1311.0,0,0,151000.0,196123400.0,1.0,1306.0,1311.0,1276.0,1311.0,151000.0
2021-08-31,68100,1297.0,1304.0,1282.0,1295.0,0,0,93000.0,120427100.0,1.0,1297.0,1304.0,1282.0,1295.0,93000.0
2021-09-01,68100,1295.0,1308.0,1291.0,1308.0,0,0,110600.0,143576700.0,1.0,1295.0,1308.0,1291.0,1308.0,110600.0
2021-09-02,68100,1299.0,1306.0,1284.0,1292.0,0,0,65000.0,83856000.0,1.0,1299.0,1306.0,1284.0,1292.0,65000.0
2021-09-03,68100,1301.0,1316.0,1292.0,1316.0,0,0,180300.0,235511900.0,1.0,1301.0,1316.0,1292.0,1316.0,180300.0
2021-09-06,68100,1324.0,1332.0,1315.0,1329.0,0,0,93000.0,123259000.0,1.0,1324.0,1332.0,1315.0,1329.0,93000.0
2021-09-07,68100,1344.0,1344.0,1316.0,1333.0,0,0,122800.0,163219900.0,1.0,1344.0,1344.0,1316.0,1333.0,122800.0
2021-09-08,68100,1340.0,1347.0,1325.0,1336.0,0,0,102500.0,136937100.0,1.0,1340.0,1347.0,1325.0,1336.0,102500.0
2021-09-09,68100,1330.0,1333.0,1311.0,1320.0,0,0,93200.0,123108000.0,1.0,1330.0,1333.0,1311.0,1320.0,93200.0
2021-09-10,68100,1319.0,1327.0,1316.0,1327.0,0,0,131600.0,174032800.0,1.0,1319.0,1327.0,1316.0,1327.0,131600.0
2021-09-13,68100,1325.0,1327.0,1310.0,1327.0,0,0,102400.0,135179300.0,1.0,1325.0,1327.0,1310.0,1327.0,102400.0
2021-09-14,68100,1357.0,1369.0,1345.0,1368.0,0,0,234800.0,319552000.0,1.0,1357.0,1369.0,1345.0,1368.0,234800.0
2021-09-15,68100,1345.0,1348.0,1323.0,1340.0,0,0,133900.0,178716400.0,1.0,1345.0,1348.0,1323.0,1340.0,133900.0
2021-09-16,68100,1345.0,1349.0,1334.0,1348.0,0,0,112700.0,151418700.0,1.0,1345.0,1349.0,1334.0,1348.0,112700.0
2021-09-17,68100,1366.0,1366.0,1332.0,1333.0,0,0,244000.0,327991500.0,1.0,1366.0,1366.0,1332.0,1333.0,244000.0
2021-09-21,68100,1333.0,1340.0,1311.0,1324.0,0,0,166400.0,220937700.0,1.0,1333.0,1340.0,1311.0,1324.0,166400.0
2021-09-22,68100,1316.0,1317.0,1289.0,1307.0,0,0,148300.0,193709900.0,1.0,1316.0,1317.0,1289.0,1307.0,148300.0
2021-09-24,68100,1397.0,1397.0,1350.0,1357.0,0,0,283900.0,388169700.0,1.0,1397.0,1397.0,1350.0,1357.0,283900.0
2021-09-27,68100,1366.0,1375.0,1360.0,1366.0,0,0,140700.0,192287900.0,1.0,1366.0,1375.0,1360.0,1366.0,140700.0
2021-09-28,68100,1363.0,1367.0,1344.0,1366.0,0,0,143300.0,194730300.0,1.0,1363.0,1367.0,1344.0,1366.0,143300.0
2021-09-29,68100,1330.0,1342.0,1317.0,1342.0,0,0,151400.0,201497300.0,1.0,1330.0,1342.0,1317.0,1342.0,151400.0
2021-09-30,68100,1330.0,1352.0,1301.0,1340.0,0,0,216800.0,288379700.0,1.0,1330.0,1352.0,1301.0,1340.0,216800.0
2021-10-01,68100,1327.0,1337.0,1306.0,1315.0,0,0,187500.0,246756300.0,1.0,1327.0,1337.0,1306.0,1315.0,187500.0
2021-10-04,68100,1339.0,1347.0,1312.0,1327.0,0,0,169100.0,224613600.0,1.0,1339.0,1347.0,1312.0,1327.0,169100.0
2021-10-05,68100,1310.0,1319.0,1282.0,1310.0,0,0,214000.0,279111300.0,1.0,1310.0,1319.0,1282.0,1310.0,214000.0
2021-10-06,68100,1315.0,1349.0,1308.0,1312.0,0,0,182600.0,241896200.0,1.0,1315.0,1349.0,1308.0,1312.0,182600.0
2021-10-07,68100,1320.0,1320.0,1300.0,1305.0,0,0,117600.0,153764500.0,1.0,1320.0,1320.0,1300.0,1305.0,117600.0
2021-10-08,68100,1320.0,1328.0,1296.0,1296.0,0,0,89700.0,117258100.0,1.0,1320.0,1328.0,1296.0,1296.0,89700.0
2021-10-11,68100,1308.0,1330.0,1305.0,1330.0,0,0,91300.0,120489700.0,1.0,1308.0,1330.0,1305.0,1330.0,91300.0
2021-10-12,68100,1317.0,1326.0,1309.0,1323.0,0,0,65300.0,86026900.0,1.0,1317.0,1326.0,1309.0,1323.0,65300.0
2021-10-13,68100,1321.0,1326.0,1309.0,1313.0,0,0,110100.0,144679400.0,1.0,1321.0,1326.0,1309.0,1313.0,110100.0
2021-10-14,68100,1311.0,1314.0,1303.0,1312.0,0,0,52500.0,68781100.0,1.0,1311.0,1314.0,1303.0,1312.0,52500.0
2021-10-15,68100,1324.0,1335.0,1320.0,1335.0,0,0,89500.0,118854800.0,1.0,1324.0,1335.0,1320.0,1335.0,89500.0
2021-10-18,68100,1337.0,1339.0,1321.0,1339.0,0,0,65700.0,87548500.0,1.0,1337.0,1339.0,1321.0,1339.0,65700.0
2021-10-19,68100,1336.0,1342.0,1328.0,1337.0,0,0,69100.0,92289500.0,1.0,1336.0,1342.0,1328.0,1337.0,69100.0
2021-10-20,68100,1345.0,1350.0,1317.0,1317.0,0,0,110900.0,147389200.0,1.0,1345.0,1350.0,1317.0,1317.0,110900.0
2021-10-21,68100,1318.0,1337.0,1314.0,1321.0,0,0,87000.0,115078400.0,1.0,1318.0,1337.0,1314.0,1321.0,87000.0
2021-10-22,68100,1306.0,1313.0,1291.0,1296.0,0,0,86800.0,112901200.0,1.0,1306.0,1313.0,1291.0,1296.0,86800.0
2021-10-25,68100,1291.0,1296.0,1286.0,1293.0,0,0,84000.0,108367300.0,1.0,1291.0,1296.0,1286.0,1293.0,84000.0
2021-10-26,68100,1298.0,1302.0,1291.0,1300.0,0,0,58200.0,75550500.0,1.0,1298.0,1302.0,1291.0,1300.0,58200.0
2021-10-27,68100,1296.0,1323.0,1295.0,1323.0,0,0,118900.0,156137700.0,1.0,1296.0,1323.0,1295.0,1323.0,118900.0
2021-10-28,68100,1315.0,1357.0,1306.0,1355.0,0,0,255200.0,341540200.0,1.0,1315.0,1357.0,1306.0,1355.0,255200.0
2021-10-29,68100,1415.0,1437.0,1366.0,1367.0,0,0,495500.0,691814900.0,1.0,1415.0,1437.0,1366.0,1367.0,495500.0
2021-11-01,68100,1380.0,1390.0,1354.0,1364.0,0,0,204100.0,279406700.0,1.0,1380.0,1390.0,1354.0,1364.0,204100.0
2021-11-02,68100,1347.0,1389.0,1342.0,1368.0,0,0,197800.0,271178300.0,1.0,1347.0,1389.0,1342.0,1368.0,197800.0
2021-11-04,68100,1373.0,1406.0,1369.0,1406.0,0,0,242300.0,338603800.0,1.0,1373.0,1406.0,1369.0,1406.0,242300.0
2021-11-05,68100,1387.0,1402.0,1370.0,1385.0,0,0,129800.0,179995600.0,1.0,1387.0,1402.0,1370.0,1385.0,129800.0
2021-11-08,68100,1386.0,1388.0,1355.0,1361.0,0,0,150100.0,205075200.0,1.0,1386.0,1388.0,1355.0,1361.0,150100.0
2021-11-09,68100,1367.0,1368.0,1340.0,1342.0,0,0,51000.0,68730200.0,1.0,1367.0,1368.0,1340.0,1342.0,51000.0
2021-11-10,68100,1342.0,1353.0,1330.0,1338.0,0,0,60900.0,81589600.0,1.0,1342.0,1353.0,1330.0,1338.0,60900.0
2021-11-11,68100,1338.0,1343.0,1331.0,1339.0,0,0,59700.0,79852900.0,1.0,1338.0,1343.0,1331.0,1339.0,59700.0
2021-11-12,68100,1342.0,1358.0,1342.0,1348.0,0,0,85500.0,115314300.0,1.0,1342.0,1358.0,1342.0,1348.0,85500.0
2021-11-15,68100,1350.0,1355.0,1336.0,1345.0,0,0,109600.0,147265100.0,1.0,1350.0,1355.0,1336.0,1345.0,109600.0
2021-11-16,68100,1337.0,1349.0,1332.0,1338.0,0,0,111900.0,149881500.0,1.0,1337.0,1349.0,1332.0,1338.0,111900.0
2021-11-17,68100,1333.0,1333.0,1311.0,1323.0,0,0,179200.0,236898200.0,1.0,1333.0,1333.0,1311.0,1323.0,179200.0
2021-11-18,68100,1319.0,1332.0,1310.0,1330.0,0,0,203200.0,268223500.0,1.0,1319.0,1332.0,1310.0,1330.0,203200.0
2021-11-19,68100,1337.0,1375.0,1324.0,1371.0,0,0,219300.0,297150200.0,1.0,1337.0,1375.0,1324.0,1371.0,219300.0
2021-11-22,68100,1363.0,1399.0,1354.0,1388.0,0,0,168900.0,234158700.0,1.0,1363.0,1399.0,1354.0,1388.0,168900.0
2021-11-24,68100,1393.0,1407.0,1382.0,1395.0,0,0,168500.0,235089600.0,1.0,1393.0,1407.0,1382.0,1395.0,168500.0
2021-11-25,68100,1395.0,1415.0,1392.0,1406.0,0,0,172200.0,241689100.0,1.0,1395.0,1415.0,1392.0,1406.0,172200.0
2021-11-26,68100,1396.0,1396.0,1341.0,1350.0,0,0,149600.0,202401700.0,1.0,1396.0,1396.0,1341.0,1350.0,149600.0
2021-11-29,68100,1320.0,1329.0,1294.0,1300.0,0,0,179200.0,234388500.0,1.0,1320.0,1329.0,1294.0,1300.0,179200.0
2021-11-30,68100,1318.0,1350.0,1304.0,1309.0,0,0,276200.0,365912800.0,1.0,1318.0,1350.0,1304.0,1309.0,276200.0
2021-12-01,68100,1309.0,1343.0,1292.0,1340.0,0,0,234600.0,311154600.0,1.0,1309.0,1343.0,1292.0,1340.0,234600.0
2021-12-02,68100,1354.0,1394.0,1344.0,1374.0,0,0,330600.0,454093900.0,1.0,1354.0,1394.0,1344.0,1374.0,330600.0
2021-12-03,68100,1375.0,1390.0,1367.0,1387.0,0,0,169500.0,234020200.0,1.0,1375.0,1390.0,1367.0,1387.0,169500.0
2021-12-06,68100,1399.0,1412.0,1389.0,1394.0,0,0,191700.0,268659200.0,1.0,1399.0,1412.0,1389.0,1394.0,191700.0
2021-12-07,68100,1410.0,1445.0,1405.0,1441.0,0,0,224300.0,320045300.0,1.0,1410.0,1445.0,1405.0,1441.0,224300.0
2021-12-08,68100,1450.0,1456.0,1432.0,1442.0,0,0,118000.0,170510200.0,1.0,1450.0,1456.0,1432.0,1442.0,118000.0
2021-12-09,68100,1413.0,1453.0,1411.0,1444.0,0,0,135600.0,195294600.0,1.0,1413.0,1453.0,1411.0,1444.0,135600.0
2021-12-10,68100,1450.0,1467.0,1437.0,1443.0,0,0,169300.0,245971000.0,1.0,1450.0,1467.0,1437.0,1443.0,169300.0
2021-12-13,68100,1460.0,1460.0,1426.0,1435.0,0,0,95800.0,137936900.0,1.0,1460.0,1460.0,1426.0,1435.0,95800.0
2021-12-14,68100,1455.0,1470.0,1437.0,1468.0,0,0,167300.0,243593200.0,1.0,1455.0,1470.0,1437.0,1468.0,167300.0
2021-12-15,68100,1460.0,1469.0,1440.0,1444.0,0,0,120000.0,174335700.0,1.0,1460.0,1469.0,1440.0,1444.0,120000.0
2021-12-16,68100,1466.0,1474.0,1457.0,1469.0,0,0,159600.0,234375600.0,1.0,1466.0,1474.0,1457.0,1469.0,159600.0
2021-12-17,68100,1466.0,1482.0,1453.0,1479.0,0,0,184600.0,271918100.0,1.0,1466.0,1482.0,1453.0,1479.0,184600.0
2021-12-20,68100,1460.0,1464.0,1408.0,1414.0,0,0,206100.0,294117200.0,1.0,1460.0,1464.0,1408.0,1414.0,206100.0
2021-12-21,68100,1425.0,1451.0,1419.0,1434.0,0,0,245100.0,351787800.0,1.0,1425.0,1451.0,1419.0,1434.0,245100.0
2021-12-22,68100,1423.0,1423.0,1403.0,1405.0,0,0,162500.0,229180400.0,1.0,1423.0,1423.0,1403.0,1405.0,162500.0
2021-12-23,68100,1405.0,1409.0,1385.0,1395.0,0,0,132000.0,184216600.0,1.0,1405.0,1409.0,1385.0,1395.0,132000.0
2021-12-24,68100,1402.0,1406.0,1374.0,1377.0,0,0,155800.0,215527100.0,1.0,1402.0,1406.0,1374.0,1377.0,155800.0
2021-12-27,68100,1380.0,1383.0,1352.0,1363.0,0,0,156000.0,213187600.0,1.0,1380.0,1383.0,1352.0,1363.0,156000.0
2021-12-28,68100,1360.0,1380.0,1357.0,1380.0,0,0,257100.0,352124900.0,1.0,1360.0,1380.0,1357.0,1380.0,257100.0
2021-12-29,68100,1374.0,1392.0,1372.0,1384.0,0,0,228200.0,315415400.0,1.0,1374.0,1392.0,1372.0,1384.0,228200.0
2021-12-30,68100,1378.0,1385.0,1361.0,1368.0,0,0,120100.0,164822400.0,1.0,1378.0,1385.0,1361.0,1368.0,120100.0
2022-01-04,68100,1397.0,1424.0,1380.0,1421.0,0,0,271900.0,381845600.0,1.0,1397.0,1424.0,1380.0,1421.0,271900.0
2022-01-05,68100,1435.0,1472.0,1425.0,1466.0,0,0,416900.0,604320800.0,1.0,1435.0,1472.0,1425.0,1466.0,416900.0
2022-01-06,68100,1452.0,1498.0,1435.0,1442.0,0,0,511400.0,751454300.0,1.0,1452.0,1498.0,1435.0,1442.0,511400.0
2022-01-07,68100,1403.0,1420.0,1392.0,1419.0,0,0,549300.0,774579700.0,1.0,1403.0,1420.0,1392.0,1419.0,549300.0
2022-01-11,68100,1412.0,1448.0,1403.0,1447.0,0,0,316300.0,452598000.0,1.0,1412.0,1448.0,1403.0,1447.0,316300.0
2022-01-12,68100,1469.0,1531.0,1460.0,1506.0,0,0,553200.0,833108700.0,1.0,1469.0,1531.0,1460.0,1506.0,553200.0
2022-01-13,68100,1506.0,1513.0,1458.0,1468.0,0,0,224600.0,331954100.0,1.0,1506.0,1513.0,1458.0,1468.0,224600.0
2022-01-14,68100,1464.0,1464.0,1435.0,1457.0,0,0,230800.0,335217800.0,1.0,1464.0,1464.0,1435.0,1457.0,230800.0
2022-01-17,68100,1445.0,1446.0,1417.0,1418.0,0,0,180100.0,257222700.0,1.0,1445.0,1446.0,1417.0,1418.0,180100.0
2022-01-18,68100,1424.0,1437.0,1362.0,1375.0,0,0,366200.0,507967000.0,1.0,1424.0,1437.0,1362.0,1375.0,366200.0
2022-01-19,68100,1361.0,1368.0,1328.0,1332.0,0,0,239800.0,322551100.0,1.0,1361.0,1368.0,1328.0,1332.0,239800.0
2022-01-20,68100,1339.0,1364.0,1330.0,1352.0,0,0,334100.0,450910000.0,1.0,1339.0,1364.0,1330.0,1352.0,334100.0
2022-01-21,68100,1315.0,1344.0,1307.0,1341.0,0,0,329600.0,437295900.0,1.0,1315.0,1344.0,1307.0,1341.0,329600.0
2022-01-24,68100,1322.0,1339.0,1316.0,1332.0,0,0,166300.0,220802200.0,1.0,1322.0,1339.0,1316.0,1332.0,166300.0
2022-01-25,68100,1320.0,1321.0,1271.0,1285.0,0,0,238500.0,307910200.0,1.0,1320.0,1321.0,1271.0,1285.0,238500.0
2022-01-26,68100,1287.0,1303.0,1278.0,1289.0,0,0,156700.0,201757100.0,1.0,1287.0,1303.0,1278.0,1289.0,156700.0
2022-01-27,68100,1295.0,1296.0,1223.0,1232.0,0,0,363500.0,453874200.0,1.0,1295.0,1296.0,1223.0,1232.0,363500.0
2022-01-28,68100,1210.0,1231.0,1144.0,1192.0,0,0,773000.0,906953300.0,1.0,1210.0,1231.0,1144.0,1192.0,773000.0
2022-01-31,68100,1215.0,1237.0,1207.0,1224.0,0,0,431700.0,527003500.0,1.0,1215.0,1237.0,1207.0,1224.0,431700.0
2022-02-01,68100,1250.0,1262.0,1242.0,1247.0,0,0,464000.0,579952200.0,1.0,1250.0,1262.0,1242.0,1247.0,464000.0
2022-02-02,68100,1250.0,1251.0,1234.0,1242.0,0,0,208700.0,259385700.0,1.0,1250.0,1251.0,1234.0,1242.0,208700.0
2022-02-03,68100,1235.0,1239.0,1227.0,1227.0,0,0,147300.0,181410500.0,1.0,1235.0,1239.0,1227.0,1227.0,147300.0
2022-02-04,68100,1220.0,1254.0,1219.0,1247.0,0,0,179100.0,222538800.0,1.0,1220.0,1254.0,1219.0,1247.0,179100.0
2022-02-07,68100,1236.0,1236.0,1216.0,1230.0,0,0,237000.0,290476500.0,1.0,1236.0,1236.0,1216.0,1230.0,237000.0
2022-02-08,68100,1227.0,1232.0,1214.0,1224.0,0,0,238600.0,291732500.0,1.0,1227.0,1232.0,1214.0,1224.0,238600.0
2022-02-09,68100,1220.0,1249.0,1219.0,1245.0,0,0,175200.0,217324200.0,1.0,1220.0,1249.0,1219.0,1245.0,175200.0
2022-02-10,68100,1253.0,1259.0,1241.0,1252.0,0,0,214500.0,268300800.0,1.0,1253.0,1259.0,1241.0,1252.0,214500.0
2022-02-14,68100,1235.0,1245.0,1229.0,1240.0,0,0,132100.0,163751000.0,1.0,1235.0,1245.0,1229.0,1240.0,132100.0
2022-02-15,68100,1251.0,1257.0,1225.0,1231.0,0,0,126000.0,156301600.0,1.0,1251.0,1257.0,1225.0,1231.0,126000.0
2022-02-16,68100,1245.0,1261.0,1243.0,1255.0,0,0,80500.0,100927500.0,1.0,1245.0,1261.0,1243.0,1255.0,80500.0
2022-02-17,68100,1258.0,1262.0,1225.0,1227.0,0,0,81200.0,100301700.0,1.0,1258.0,1262.0,1225.0,1227.0,81200.0
2022-02-18,68100,1211.0,1222.0,1202.0,1214.0,0,0,134600.0,163321200.0,1.0,1211.0,1222.0,1202.0,1214.0,134600.0
2022-02-21,68100,1196.0,1214.0,1191.0,1212.0,0,0,100000.0,120276500.0,1.0,1196.0,1214.0,1191.0,1212.0,100000.0
2022-02-22,68100,1196.0,1196.0,1165.0,1172.0,0,0,159900.0,188338600.0,1.0,1196.0,1196.0,1165.0,1172.0,159900.0
2022-02-24,68100,1161.0,1169.0,1143.0,1155.0,0,0,190900.0,220284400.0,1.0,1161.0,1169.0,1143.0,1155.0,190900.0
2022-02-25,68100,1167.0,1183.0,1164.0,1173.0,0,0,106800.0,125232500.0,1.0,1167.0,1183.0,1164.0,1173.0,106800.0
2022-02-28,68100,1186.0,1189.0,1160.0,1179.0,0,0,252700.0,297239700.0,1.0,1186.0,1189.0,1160.0,1179.0,252700.0
2022-03-01,68100,1182.0,1199.0,1173.0,1178.0,0,0,258400.0,306261900.0,1.0,1182.0,1199.0,1173.0,1178.0,258400.0
2022-03-02,68100,1162.0,1163.0,1143.0,1146.0,0,0,185600.0,213312300.0,1.0,1162.0,1163.0,1143.0,1146.0,185600.0
2022-03-03,68100,1164.0,1179.0,1150.0,1157.0,0,0,186600.0,216874500.0,1.0,1164.0,1179.0,1150.0,1157.0,186600.0
2022-03-04,68100,1168.0,1176.0,1142.0,1148.0,0,0,188300.0,216722500.0,1.0,1168.0,1176.0,1142.0,1148.0,188300.0
2022-03-07,68100,1125.0,1127.0,1075.0,1086.0,0,0,218600.0,238795600.0,1.0,1125.0,1127.0,1075.0,1086.0,218600.0
2022-03-08,68100,1063.0,1083.0,1055.0,1061.0,0,0,188100.0,200616800.0,1.0,1063.0,1083.0,1055.0,1061.0,188100.0
2022-03-09,68100,1077.0,1093.0,1061.0,1070.0,0,0,111100.0,119485100.0,1.0,1077.0,1093.0,1061.0,1070.0,111100.0
2022-03-10,68100,1114.0,1128.0,1109.0,1121.0,0,0,126200.0,141330600.0,1.0,1114.0,1128.0,1109.0,1121.0,126200.0
2022-03-11,68100,1097.0,1116.0,1093.0,1111.0,0,0,178500.0,197069900.0,1.0,1097.0,1116.0,1093.0,1111.0,178500.0
2022-03-14,68100,1125.0,1134.0,1115.0,1120.0,0,0,86000.0,96444700.0,1.0,1125.0,1134.0,1115.0,1120.0,86000.0
2022-03-15,68100,1120.0,1162.0,1120.0,1154.0,0,0,119600.0,137560400.0,1.0,1120.0,1162.0,1120.0,1154.0,119600.0
2022-03-16,68100,1162.0,1166.0,1145.0,1161.0,0,0,127000.0,147188100.0,1.0,1162.0,1166.0,1145.0,1161.0,127000.0
2022-03-17,68100,1188.0,1191.0,1162.0,1181.0,0,0,120800.0,142383400.0,1.0,1188.0,1191.0,1162.0,1181.0,120800.0
2022-03-18,68100,1181.0,1193.0,1173.0,1184.0,0,0,192300.0,227686400.0,1.0,1181.0,1193.0,1173.0,1184.0,192300.0
2022-03-22,68100,1200.0,1207.0,1180.0,1189.0,0,0,145500.0,172894300.0,1.0,1200.0,1207.0,1180.0,1189.0,145500.0
2022-03-23,68100,1193.0,1212.0,1191.0,1207.0,0,0,153100.0,184312000.0,1.0,1193.0,1212.0,1191.0,1207.0,153100.0
2022-03-24,68100,1196.0,1233.0,1194.0,1233.0,0,0,188800.0,230193200.0,1.0,1196.0,1233.0,1194.0,1233.0,188800.0
2022-03-25,68100,1235.0,1249.0,1232.0,1238.0,0,0,193700.0,240167600.0,1.0,1235.0,1249.0,1232.0,1238.0,193700.0
2022-03-28,68100,1250.0,1250.0,1220.0,1220.0,0,0,101200.0,124610000.0,1.0,1250.0,1250.0,1220.0,1220.0,101200.0
2022-03-29,68100,1218.0,1240.0,1207.0,1239.0,0,0,125200.0,153913700.0,1.0,1218.0,1240.0,1207.0,1239.0,125200.0
2022-03-30,68100,1230.0,1234.0,1214.0,1229.0,0,0,115700.0,141646900.0,1.0,1230.0,1234.0,1214.0,1229.0,115700.0
2022-03-31,68100,1204.0,1227.0,1202.0,1202.0,0,0,143000.0,173152600.0,1.0,1204.0,1227.0,1202.0,1202.0,143000.0
2022-04-01,68100,1190.0,1220.0,1171.0,1214.0,0,0,141200.0,170207000.0,1.0,1190.0,1220.0,1171.0,1214.0,141200.0
2022-04-04,68100,1207.0,1224.0,1200.0,1223.0,0,0,67800.0,82593800.0,1.0,1207.0,1224.0,1200.0,1223.0,67800.0
2022-04-05,68100,1232.0,1234.0,1207.0,1218.0,0,0,121100.0,147518100.0,1.0,1232.0,1234.0,1207.0,1218.0,121100.0
2022-04-06,68100,1213.0,1215.0,1188.0,1196.0,0,0,143000.0,171381300.0,1.0,1213.0,1215.0,1188.0,1196.0,143000.0
2022-04-07,68100,1181.0,1186.0,1158.0,1181.0,0,0,124500.0,146352200.0,1.0,1181.0,1186.0,1158.0,1181.0,124500.0
2022-04-08,68100,1186.0,1189.0,1147.0,1169.0,0,0,142800.0,166252800.0,1.0,1186.0,1189.0,1147.0,1169.0,142800.0
2022-04-11,68100,1169.0,1178.0,1161.0,1172.0,0,0,87700.0,102417600.0,1.0,1169.0,1178.0,1161.0,1172.0,87700.0
2022-04-12,68100,1172.0,1182.0,1159.0,1161.0,0,0,108700.0,126925400.0,1.0,1172.0,1182.0,1159.0,1161.0,108700.0
2022-04-13,68100,1158.0,1170.0,1158.0,1167.0,0,0,88400.0,103044100.0,1.0,1158.0,1170.0,1158.0,1167.0,88400.0
2022-04-14,68100,1158.0,1183.0,1158.0,1174.0,0,0,67900.0,79800100.0,1.0,1158.0,1183.0,1158.0,1174.0,67900.0
2022-04-15,68100,1157.0,1166.0,1147.0,1162.0,0,0,99500.0,115235600.0,1.0,1157.0,1166.0,1147.0,1162.0,99500.0
2022-04-18,68100,1134.0,1144.0,1118.0,1129.0,0,0,109200.0,123249900.0,1.0,1134.0,1144.0,1118.0,1129.0,109200.0
2022-04-19,68100,1140.0,1149.0,1110.0,1137.0,0,0,240700.0,272304800.0,1.0,1140.0,1149.0,1110.0,1137.0,240700.0
2022-04-20,68100,1145.0,1193.0,1145.0,1163.0,0,0,184800.0,216169000.0,1.0,1145.0,1193.0,1145.0,1163.0,184800.0
2022-04-21,68100,1158.0,1200.0,1158.0,1191.0,0,0,192300.0,228899600.0,1.0,1158.0,1200.0,1158.0,1191.0,192300.0
2022-04-22,68100,1174.0,1179.0,1162.0,1165.0,0,0,93600.0,109462700.0,1.0,1174.0,1179.0,1162.0,1165.0,93600.0
2022-04-25,68100,1150.0,1154.0,1136.0,1142.0,0,0,109200.0,125103100.0,1.0,1150.0,1154.0,1136.0,1142.0,109200.0
2022-04-26,68100,1144.0,1153.0,1128.0,1140.0,0,0,101600.0,116082400.0,1.0,1144.0,1153.0,1128.0,1140.0,101600.0
2022-04-27,68100,1121.0,1135.0,1117.0,1135.0,0,0,146700.0,165470900.0,1.0,1121.0,1135.0,1117.0,1135.0,146700.0
2022-04-28,68100,1133.0,1164.0,1133.0,1164.0,0,0,81500.0,94155400.0,1.0,1133.0,1164.0,1133.0,1164.0,81500.0
2022-05-02,68100,1168.0,1179.0,1159.0,1173.0,0,0,90300.0,105751400.0,1.0,1168.0,1179.0,1159.0,1173.0,90300.0
2022-05-06,68100,1179.0,1189.0,1166.0,1180.0,0,0,182200.0,214371200.0,1.0,1179.0,1189.0,1166.0,1180.0,182200.0
2022-05-09,68100,1156.0,1169.0,1150.0,1152.0,0,0,90200.0,104281100.0,1.0,1156.0,1169.0,1150.0,1152.0,90200.0
2022-05-10,68100,1135.0,1152.0,1128.0,1145.0,0,0,108300.0,123534000.0,1.0,1135.0,1152.0,1128.0,1145.0,108300.0
2022-05-11,68100,1143.0,1151.0,1139.0,1144.0,0,0,60000.0,68630000.0,1.0,1143.0,1151.0,1139.0,1144.0,60000.0
2022-05-12,68100,1141.0,1151.0,1130.0,1130.0,0,0,85900.0,97744300.0,1.0,1141.0,1151.0,1130.0,1130.0,85900.0
2022-05-13,68100,1124.0,1162.0,1124.0,1157.0,0,0,101800.0,117380200.0,1.0,1124.0,1162.0,1124.0,1157.0,101800.0
2022-05-16,68100,1252.0,1254.0,1200.0,1204.0,0,0,559600.0,686265400.0,1.0,1252.0,1254.0,1200.0,1204.0,559600.0
2022-05-17,68100,1210.0,1246.0,1206.0,1224.0,0,0,242800.0,298007800.0,1.0,1210.0,1246.0,1206.0,1224.0,242800.0
2022-05-18,68100,1240.0,1245.0,1211.0,1216.0,0,0,197400.0,241181300.0,1.0,1240.0,1245.0,1211.0,1216.0,197400.0
2022-05-19,68100,1171.0,1227.0,1170.0,1227.0,0,0,260200.0,313348700.0,1.0,1171.0,1227.0,1170.0,1227.0,260200.0
2022-05-20,68100,1216.0,1226.0,1205.0,1220.0,0,0,144100.0,175425900.0,1.0,1216.0,1226.0,1205.0,1220.0,144100.0
2022-05-23,68100,1229.0,1239.0,1220.0,1233.0,0,0,97800.0,120350800.0,1.0,1229.0,1239.0,1220.0,1233.0,97800.0
2022-05-24,68100,1231.0,1232.0,1207.0,1207.0,0,0,137600.0,167557200.0,1.0,1231.0,1232.0,1207.0,1207.0,137600.0
2022-05-25,68100,1201.0,1206.0,1187.0,1192.0,0,0,153700.0,183504600.0,1.0,1201.0,1206.0,1187.0,1192.0,153700.0
2022-05-26,68100,1199.0,1214.0,1199.0,1199.0,0,0,89700.0,108043900.0,1.0,1199.0,1214.0,1199.0,1199.0,89700.0
2022-05-27,68100,1212.0,1214.0,1200.0,1202.0,0,0,100600.0,121279300.0,1.0,1212.0,1214.0,1200.0,1202.0,100600.0
2022-05-30,68100,1216.0,1245.0,1215.0,1234.0,0,0,295900.0,364800800.0,1.0,1216.0,1245.0,1215.0,1234.0,295900.0
2022-05-31,68100,1243.0,1272.0,1233.0,1260.0,0,0,332600.0,418580000.0,1.0,1243.0,1272.0,1233.0,1260.0,332600.0
2022-06-01,68100,1263.0,1269.0,1250.0,1264.0,0,0,150300.0,189650100.0,1.0,1263.0,1269.0,1250.0,1264.0,150300.0
2022-06-02,68100,1269.0,1284.0,1261.0,1278.0,0,0,254300.0,324601600.0,1.0,1269.0,1284.0,1261.0,1278.0,254300.0
2022-06-03,68100,1286.0,1323.0,1286.0,1318.0,0,0,279300.0,366457400.0,1.0,1286.0,1323.0,1286.0,1318.0,279300.0
2022-06-06,68100,1310.0,1315.0,1290.0,1307.0,0,0,147500.0,192110900.0,1.0,1310.0,1315.0,1290.0,1307.0,147500.0
2022-06-07,68100,1305.0,1319.0,1303.0,1309.0,0,0,146300.0,192017900.0,1.0,1305.0,1319.0,1303.0,1309.0,146300.0
2022-06-08,68100,1380.0,1409.0,1364.0,1393.0,0,0,603400.0,834739800.0,1.0,1380.0,1409.0,1364.0,1393.0,603400.0
2022-06-09,68100,1389.0,1389.0,1354.0,1354.0,0,0,265000.0,363042800.0,1.0,1389.0,1389.0,1354.0,1354.0,265000.0
2022-06-10,68100,1339.0,1348.0,1317.0,1323.0,0,0,315300.0,418595300.0,1.0,1339.0,1348.0,1317.0,1323.0,315300.0
2022-06-13,68100,1296.0,1312.0,1291.0,1304.0,0,0,185700.0,242145700.0,1.0,1296.0,1312.0,1291.0,1304.0,185700.0
2022-06-14,68100,1290.0,1339.0,1286.0,1337.0,0,0,276800.0,365182300.0,1.0,1290.0,1339.0,1286.0,1337.0,276800.0
2022-06-15,68100,1327.0,1332.0,1313.0,1313.0,0,0,185200.0,244416600.0,1.0,1327.0,1332.0,1313.0,1313.0,185200.0
2022-06-16,68100,1337.0,1359.0,1332.0,1347.0,0,0,215400.0,290865300.0,1.0,1337.0,1359.0,1332.0,1347.0,215400.0
2022-06-17,68100,1326.0,1352.0,1321.0,1332.0,0,0,309800.0,413665700.0,1.0,1326.0,1352.0,1321.0,1332.0,309800.0
2022-06-20,68100,1341.0,1347.0,1303.0,1317.0,0,0,155500.0,205373500.0,1.0,1341.0,1347.0,1303.0,1317.0,155500.0
2022-06-21,68100,1320.0,1352.0,1320.0,1344.0,0,0,154600.0,207537800.0,1.0,1320.0,1352.0,1320.0,1344.0,154600.0
2022-06-22,68100,1345.0,1347.0,1323.0,1323.0,0,0,138300.0,184205200.0,1.0,1345.0,1347.0,1323.0,1323.0,138300.0
2022-06-23,68100,1326.0,1349.0,1323.0,1339.0,0,0,168200.0,225349700.0,1.0,1326.0,1349.0,1323.0,1339.0,168200.0
2022-06-24,68100,1329.0,1331.0,1307.0,1327.0,0,0,194500.0,257067300.0,1.0,1329.0,1331.0,1307.0,1327.0,194500.0
2022-06-27,68100,1343.0,1356.0,1326.0,1342.0,0,0,103400.0,138360400.0,1.0,1343.0,1356.0,1326.0,1342.0,103400.0
2022-06-28,68100,1342.0,1350.0,1330.0,1348.0,0,0,107700.0,144641200.0,1.0,1342.0,1350.0,1330.0,1348.0,107700.0
2022-06-29,68100,1347.0,1349.0,1333.0,1345.0,0,0,106300.0,142758400.0,1.0,1347.0,1349.0,1333.0,1345.0,106300.0
2022-06-30,68100,1336.0,1340.0,1317.0,1325.0,0,0,208000.0,275652100.0,1.0,1336.0,1340.0,1317.0,1325.0,208000.0
2022-07-01,68100,1335.0,1341.0,1311.0,1323.0,0,0,188700.0,250247600.0,1.0,1335.0,1341.0,1311.0,1323.0,188700.0
2022-07-04,68100,1338.0,1343.0,1319.0,1339.0,0,0,118100.0,157458400.0,1.0,1338.0,1343.0,1319.0,1339.0,118100.0
2022-07-05,68100,1342.0,1349.0,1333.0,1335.0,0,0,150300.0,201399400.0,1.0,1342.0,1349.0,1333.0,1335.0,150300.0
2022-07-06,68100,1325.0,1328.0,1293.0,1296.0,0,0,157700.0,205321800.0,1.0,1325.0,1328.0,1293.0,1296.0,157700.0
2022-07-07,68100,1299.0,1314.0,1269.0,1295.0,0,0,223000.0,287905700.0,1.0,1299.0,1314.0,1269.0,1295.0,223000.0
2022-07-08,68100,1301.0,1336.0,1301.0,1314.0,0,0,214000.0,282910700.0,1.0,1301.0,1336.0,1301.0,1314.0,214000.0
2022-07-11,68100,1339.0,1349.0,1335.0,1347.0,0,0,142200.0,191164300.0,1.0,1339.0,1349.0,1335.0,1347.0,142200.0
2022-07-12,68100,1324.0,1325.0,1297.0,1300.0,0,0,188600.0,246557000.0,1.0,1324.0,1325.0,1297.0,1300.0,188600.0
2022-07-13,68100,1315.0,1325.0,1312.0,1322.0,0,0,111600.0,147311500.0,1.0,1315.0,1325.0,1312.0,1322.0,111600.0
2022-07-14,68100,1352.0,1388.0,1345.0,1388.0,0,0,391300.0,538245200.0,1.0,1352.0,1388.0,1345.0,1388.0,391300.0
2022-07-15,68100,1388.0,1396.0,1377.0,1387.0,0,0,276100.0,383420300.0,1.0,1388.0,1396.0,1377.0,1387.0,276100.0
2022-07-19,68100,1399.0,1405.0,1375.0,1402.0,0,0,196200.0,273907100.0,1.0,1399.0,1405.0,1375.0,1402.0,196200.0
2022-07-20,68100,1417.0,1427.0,1413.0,1420.0,0,0,220200.0,312710400.0,1.0,1417.0,1427.0,1413.0,1420.0,220200.0
2022-07-21,68100,1420.0,1431.0,1411.0,1431.0,0,0,328300.0,468345800.0,1.0,1420.0,1431.0,1411.0,1431.0,328300.0
2022-07-22,68100,1453.0,1505.0,1449.0,1495.0,0,0,716600.0,1070067500.0,1.0,1453.0,1505.0,1449.0,1495.0,716600.0
2022-07-25,68100,1475.0,1489.0,1461.0,1468.0,0,0,251100.0,369614200.0,1.0,1475.0,1489.0,1461.0,1468.0,251100.0
2022-07-26,68100,1471.0,1504.0,1465.0,1496.0,0,0,329600.0,491311300.0,1.0,1471.0,1504.0,1465.0,1496.0,329600.0
2022-07-27,68100,1485.0,1485.0,1458.0,1467.0,0,0,368800.0,541632500.0,1.0,1485.0,1485.0,1458.0,1467.0,368800.0
2022-07-28,68100,1347.0,1407.0,1330.0,1401.0,0,0,947800.0,1310966200.0,1.0,1347.0,1407.0,1330.0,1401.0,947800.0
2022-07-29,68100,1400.0,1405.0,1383.0,1386.0,0,0,331500.0,461396800.0,1.0,1400.0,1405.0,1383.0,1386.0,331500.0
2022-08-01,68100,1391.0,1395.0,1352.0,1359.0,0,0,392300.0,536098700.0,1.0,1391.0,1395.0,1352.0,1359.0,392300.0
2022-08-02,68100,1359.0,1378.0,1357.0,1374.0,0,0,385200.0,526465700.0,1.0,1359.0,1378.0,1357.0,1374.0,385200.0
2022-08-03,68100,1390.0,1444.0,1383.0,1438.0,0,0,255100.0,362449600.0,1.0,1390.0,1444.0,1383.0,1438.0,255100.0
2022-08-04,68100,1458.0,1474.0,1440.0,1456.0,0,0,219900.0,319546500.0,1.0,1458.0,1474.0,1440.0,1456.0,219900.0
2022-08-05,68100,1455.0,1475.0,1448.0,1470.0,0,0,188100.0,275600600.0,1.0,1455.0,1475.0,1448.0,1470.0,188100.0
2022-08-08,68100,1478.0,1478.0,1448.0,1452.0,0,0,165100.0,240787100.0,1.0,1478.0,1478.0,1448.0,1452.0,165100.0
2022-08-09,68100,1446.0,1446.0,1413.0,1429.0,0,0,230300.0,328396000.0,1.0,1446.0,1446.0,1413.0,1429.0,230300.0
2022-08-10,68100,1410.0,1422.0,1403.0,1417.0,0,0,90200.0,127628900.0,1.0,1410.0,1422.0,1403.0,1417.0,90200.0
2022-08-12,68100,1439.0,1444.0,1418.0,1428.0,0,0,132700.0,189816900.0,1.0,1439.0,1444.0,1418.0,1428.0,132700.0
2022-08-15,68100,1430.0,1448.0,1429.0,1445.0,0,0,114400.0,164653600.0,1.0,1430.0,1448.0,1429.0,1445.0,114400.0
2022-08-16,68100,1450.0,1455.0,1436.0,1448.0,0,0,123100.0,178144000.0,1.0,1450.0,1455.0,1436.0,1448.0,123100.0
2022-08-17,68100,1456.0,1463.0,1453.0,1458.0,0,0,116400.0,169658100.0,1.0,1456.0,1463.0,1453.0,1458.0,116400.0
2022-08-18,68100,1444.0,1468.0,1442.0,1468.0,0,0,119800.0,174919800.0,1.0,1444.0,1468.0,1442.0,1468.0,119800.0
2022-08-19,68100,1471.0,1486.0,1470.0,1472.0,0,0,128100.0,189343200.0,1.0,1471.0,1486.0,1470.0,1472.0,128100.0
2022-08-22,68100,1469.0,1488.0,1461.0,1480.0,0,0,169700.0,251246500.0,1.0,1469.0,1488.0,1461.0,1480.0,169700.0
2022-08-23,68100,1464.0,1477.0,1459.0,1470.0,0,0,163900.0,240776900.0,1.0,1464.0,1477.0,1459.0,1470.0,163900.0
2022-08-24,68100,1465.0,1474.0,1449.0,1450.0,0,0,171700.0,250749000.0,1.0,1465.0,1474.0,1449.0,1450.0,171700.0
2022-08-25,68100,1452.0,1473.0,1452.0,1466.0,0,0,102000.0,149575300.0,1.0,1452.0,1473.0,1452.0,1466.0,102000.0
2022-08-26,68100,1475.0,1489.0,1475.0,1479.0,0,0,132000.0,195842600.0,1.0,1475.0,1489.0,1475.0,1479.0,132000.0
2022-08-29,68100,1455.0,1468.0,1452.0,1461.0,0,0,118700.0,173416300.0,1.0,1455.0,1468.0,1452.0,1461.0,118700.0
2022-08-30,68100,1466.0,1479.0,1466.0,1479.0,0,0,90800.0,134002500.0,1.0,1466.0,1479.0,1466.0,1479.0,90800.0
2022-08-31,68100,1469.0,1486.0,1469.0,1484.0,0,0,208400.0,308289300.0,1.0,1469.0,1486.0,1469.0,1484.0,208400.0
2022-09-01,68100,1480.0,1490.0,1458.0,1464.0,0,0,208900.0,307494200.0,1.0,1480.0,1490.0,1458.0,1464.0,208900.0
2022-09-02,68100,1469.0,1470.0,1441.0,1466.0,0,0,165900.0,241966600.0,1.0,1469.0,1470.0,1441.0,1466.0,165900.0
2022-09-05,68100,1465.0,1471.0,1449.0,1461.0,0,0,182700.0,267131500.0,1.0,1465.0,1471.0,1449.0,1461.0,182700.0
2022-09-06,68100,1460.0,1473.0,1448.0,1462.0,0,0,198500.0,290305900.0,1.0,1460.0,1473.0,1448.0,1462.0,198500.0
2022-09-07,68100,1476.0,1476.0,1447.0,1449.0,0,0,152000.0,221428300.0,1.0,1476.0,1476.0,1447.0,1449.0,152000.0
2022-09-08,68100,1465.0,1479.0,1458.0,1468.0,0,0,199600.0,293026200.0,1.0,1465.0,1479.0,1458.0,1468.0,199600.0
2022-09-09,68100,1455.0,1474.0,1455.0,1458.0,0,0,118600.0,173182400.0,1.0,1455.0,1474.0,1455.0,1458.0,118600.0
2022-09-12,68100,1459.0,1479.0,1456.0,1467.0,0,0,101300.0,148791700.0,1.0,1459.0,1479.0,1456.0,1467.0,101300.0
2022-09-13,68100,1472.0,1476.0,1463.0,1472.0,0,0,79000.0,116203100.0,1.0,1472.0,1476.0,1463.0,1472.0,79000.0
2022-09-14,68100,1442.0,1456.0,1431.0,1442.0,0,0,170700.0,246520200.0,1.0,1442.0,1456.0,1431.0,1442.0,170700.0
2022-09-15,68100,1449.0,1458.0,1435.0,1455.0,0,0,131600.0,190535300.0,1.0,1449.0,1458.0,1435.0,1455.0,131600.0
2022-09-16,68100,1449.0,1470.0,1449.0,1463.0,0,0,190400.0,278379800.0,1.0,1449.0,1470.0,1449.0,1463.0,190400.0
2022-09-20,68100,1480.0,1498.0,1480.0,1491.0,0,0,188500.0,281465000.0,1.0,1480.0,1498.0,1480.0,1491.0,188500.0
2022-09-21,68100,1498.0,1498.0,1462.0,1470.0,0,0,165100.0,243914000.0,1.0,1498.0,1498.0,1462.0,1470.0,165100.0
2022-09-22,68100,1443.0,1447.0,1429.0,1437.0,0,0,164600.0,236713200.0,1.0,1443.0,1447.0,1429.0,1437.0,164600.0
2022-09-26,68100,1424.0,1429.0,1385.0,1394.0,0,0,199200.0,278804700.0,1.0,1424.0,1429.0,1385.0,1394.0,199200.0
2022-09-27,68100,1393.0,1422.0,1386.0,1410.0,0,0,210600.0,297061900.0,1.0,1393.0,1422.0,1386.0,1410.0,210600.0
2022-09-28,68100,1399.0,1408.0,1382.0,1406.0,0,0,200100.0,279451200.0,1.0,1399.0,1408.0,1382.0,1406.0,200100.0
2022-09-29,68100,1419.0,1431.0,1390.0,1425.0,0,0,200900.0,285577000.0,1.0,1419.0,1431.0,1390.0,1425.0,200900.0
2022-09-30,68100,1421.0,1424.0,1356.0,1371.0,0,0,175300.0,241184000.0,1.0,1421.0,1424.0,1356.0,1371.0,175300.0
2022-10-03,68100,1347.0,1391.0,1347.0,1391.0,0,0,166800.0,228781400.0,1.0,1347.0,1391.0,1347.0,1391.0,166800.0
2022-10-04,68100,1400.0,1443.0,1391.0,1433.0,0,0,269500.0,385355600.0,1.0,1400.0,1443.0,1391.0,1433.0,269500.0
2022-10-05,68100,1447.0,1453.0,1418.0,1422.0,0,0,207100.0,295656100.0,1.0,1447.0,1453.0,1418.0,1422.0,207100.0
2022-10-06,68100,1435.0,1461.0,1435.0,1446.0,0,0,159800.0,231949100.0,1.0,1435.0,1461.0,1435.0,1446.0,159800.0
2022-10-07,68100,1416.0,1424.0,1403.0,1418.0,0,0,237200.0,335824200.0,1.0,1416.0,1424.0,1403.0,1418.0,237200.0
2022-10-11,68100,1403.0,1403.0,1369.0,1374.0,0,0,224900.0,310912700.0,1.0,1403.0,1403.0,1369.0,1374.0,224900.0
2022-10-12,68100,1369.0,1374.0,1360.0,1369.0,0,0,174000.0,238128600.0,1.0,1369.0,1374.0,1360.0,1369.0,174000.0
2022-10-13,68100,1369.0,1377.0,1358.0,1366.0,0,0,162000.0,221775400.0,1.0,1369.0,1377.0,1358.0,1366.0,162000.0
2022-10-14,68100,1396.0,1399.0,1376.0,1396.0,0,0,175600.0,244445600.0,1.0,1396.0,1399.0,1376.0,1396.0,175600.0
2022-10-17,68100,1378.0,1382.0,1364.0,1374.0,0,0,153400.0,210553500.0,1.0,1378.0,1382.0,1364.0,1374.0,153400.0
2022-10-18,68100,1395.0,1400.0,1377.0,1383.0,0,0,154900.0,214775000.0,1.0,1395.0,1400.0,1377.0,1383.0,154900.0
2022-10-19,68100,1366.0,1374.0,1352.0,1355.0,0,0,204200.0,278037800.0,1.0,1366.0,1374.0,1352.0,1355.0,204200.0
2022-10-20,68100,1350.0,1350.0,1334.0,1347.0,0,0,184300.0,247410900.0,1.0,1350.0,1350.0,1334.0,1347.0,184300.0
2022-10-21,68100,1340.0,1347.0,1331.0,1331.0,0,0,150500.0,201485100.0,1.0,1340.0,1347.0,1331.0,1331.0,150500.0
2022-10-24,68100,1350.0,1361.0,1340.0,1346.0,0,0,237000.0,319641300.0,1.0,1350.0,1361.0,1340.0,1346.0,237000.0
2022-10-25,68100,1336.0,1350.0,1329.0,1334.0,0,0,205300.0,274308300.0,1.0,1336.0,1350.0,1329.0,1334.0,205300.0
2022-10-26,68100,1342.0,1351.0,1331.0,1336.0,0,0,219500.0,294121300.0,1.0,1342.0,1351.0,1331.0,1336.0,219500.0
2022-10-27,68100,1336.0,1336.0,1313.0,1318.0,0,0,234600.0,309860700.0,1.0,1336.0,1336.0,1313.0,1318.0,234600.0
2022-10-28,68100,1303.0,1310.0,1280.0,1280.0,0,0,602700.0,777964800.0,1.0,1303.0,1310.0,1280.0,1280.0,602700.0
2022-10-31,68100,1260.0,1275.0,1207.0,1235.0,0,0,862000.0,1057297400.0,1.0,1260.0,1275.0,1207.0,1235.0,862000.0
2022-11-01,68100,1262.0,1289.0,1243.0,1277.0,0,0,409600.0,521862800.0,1.0,1262.0,1289.0,1243.0,1277.0,409600.0
2022-11-02,68100,1278.0,1311.0,1270.0,1306.0,0,0,348800.0,452921500.0,1.0,1278.0,1311.0,1270.0,1306.0,348800.0
2022-11-04,68100,1306.0,1314.0,1298.0,1303.0,0,0,272500.0,355652600.0,1.0,1306.0,1314.0,1298.0,1303.0,272500.0
2022-11-07,68100,1313.0,1362.0,1310.0,1353.0,0,0,313700.0,420641800.0,1.0,1313.0,1362.0,1310.0,1353.0,313700.0
2022-11-08,68100,1359.0,1375.0,1346.0,1357.0,0,0,269500.0,367317200.0,1.0,1359.0,1375.0,1346.0,1357.0,269500.0
2022-11-09,68100,1365.0,1367.0,1348.0,1356.0,0,0,144600.0,195906500.0,1.0,1365.0,1367.0,1348.0,1356.0,144600.0
2022-11-10,68100,1355.0,1365.0,1337.0,1348.0,0,0,233000.0,315379800.0,1.0,1355.0,1365.0,1337.0,1348.0,233000.0
2022-11-11,68100,1366.0,1368.0,1320.0,1322.0,0,0,208800.0,277307300.0,1.0,1366.0,1368.0,1320.0,1322.0,208800.0
2022-11-14,68100,1302.0,1304.0,1280.0,1280.0,0,0,160700.0,207423600.0,1.0,1302.0,1304.0,1280.0,1280.0,160700.0
2022-11-15,68100,1280.0,1327.0,1276.0,1316.0,0,0,175100.0,229673400.0,1.0,1280.0,1327.0,1276.0,1316.0,175100.0
2022-11-16,68100,1316.0,1354.0,1310.0,1347.0,0,0,233500.0,313374200.0,1.0,1316.0,1354.0,1310.0,1347.0,233500.0
2022-11-17,68100,1352.0,1395.0,1350.0,1386.0,0,0,315400.0,435523400.0,1.0,1352.0,1395.0,1350.0,1386.0,315400.0
2022-11-18,68100,1398.0,1423.0,1395.0,1414.0,0,0,301200.0,426134900.0,1.0,1398.0,1423.0,1395.0,1414.0,301200.0
2022-11-21,68100,1418.0,1434.0,1395.0,1395.0,0,0,182100.0,256302000.0,1.0,1418.0,1434.0,1395.0,1395.0,182100.0
2022-11-22,68100,1399.0,1414.0,1395.0,1400.0,0,0,159300.0,223673600.0,1.0,1399.0,1414.0,1395.0,1400.0,159300.0
2022-11-24,68100,1421.0,1432.0,1412.0,1417.0,0,0,172700.0,245484400.0,1.0,1421.0,1432.0,1412.0,1417.0,172700.0
2022-11-25,68100,1423.0,1433.0,1417.0,1424.0,0,0,135800.0,193751700.0,1.0,1423.0,1433.0,1417.0,1424.0,135800.0
2022-11-28,68100,1430.0,1431.0,1410.0,1415.0,0,0,177400.0,251821100.0,1.0,1430.0,1431.0,1410.0,1415.0,177400.0
2022-11-29,68100,1414.0,1443.0,1410.0,1432.0,0,0,249000.0,356877100.0,1.0,1414.0,1443.0,1410.0,1432.0,249000.0
2022-11-30,68100,1432.0,1441.0,1397.0,1410.0,0,0,257800.0,363512000.0,1.0,1432.0,1441.0,1397.0,1410.0,257800.0
2022-12-01,68100,1434.0,1440.0,1404.0,1404.0,0,0,287200.0,407278000.0,1.0,1434.0,1440.0,1404.0,1404.0,287200.0
2022-12-02,68100,1397.0,1397.0,1361.0,1369.0,0,0,224400.0,308623800.0,1.0,1397.0,1397.0,1361.0,1369.0,224400.0
2022-12-05,68100,1375.0,1382.0,1370.0,1382.0,0,0,146300.0,201637600.0,1.0,1375.0,1382.0,1370.0,1382.0,146300.0
2022-12-06,68100,1374.0,1382.0,1355.0,1374.0,0,0,175600.0,241390300.0,1.0,1374.0,1382.0,1355.0,1374.0,175600.0
2022-12-07,68100,1373.0,1385.0,1368.0,1376.0,0,0,186700.0,257444300.0,1.0,1373.0,1385.0,1368.0,1376.0,186700.0
2022-12-08,68100,1379.0,1383.0,1365.0,1380.0,0,0,157000.0,216065300.0,1.0,1379.0,1383.0,1365.0,1380.0,157000.0
2022-12-09,68100,1395.0,1416.0,1395.0,1405.0,0,0,205200.0,288709600.0,1.0,1395.0,1416.0,1395.0,1405.0,205200.0
2022-12-12,68100,1406.0,1421.0,1397.0,1415.0,0,0,157900.0,222943800.0,1.0,1406.0,1421.0,1397.0,1415.0,157900.0
2022-12-13,68100,1428.0,1433.0,1404.0,1404.0,0,0,158200.0,223799000.0,1.0,1428.0,1433.0,1404.0,1404.0,158200.0
2022-12-14,68100,1410.0,1422.0,1407.0,1409.0,0,0,148100.0,209074600.0,1.0,1410.0,1422.0,1407.0,1409.0,148100.0
2022-12-15,68100,1403.0,1428.0,1396.0,1422.0,0,0,104300.0,147882400.0,1.0,1403.0,1428.0,1396.0,1422.0,104300.0
2022-12-16,68100,1415.0,1417.0,1393.0,1396.0,0,0,163000.0,228168400.0,1.0,1415.0,1417.0,1393.0,1396.0,163000.0
2022-12-19,68100,1386.0,1404.0,1379.0,1390.0,0,0,270500.0,377263300.0,1.0,1386.0,1404.0,1379.0,1390.0,270500.0
2022-12-20,68100,1390.0,1410.0,1354.0,1361.0,0,0,216700.0,297431000.0,1.0,1390.0,1410.0,1354.0,1361.0,216700.0
2022-12-21,68100,1357.0,1363.0,1329.0,1343.0,0,0,296100.0,397495400.0,1.0,1357.0,1363.0,1329.0,1343.0,296100.0
2022-12-22,68100,1358.0,1367.0,1347.0,1353.0,0,0,182000.0,246387200.0,1.0,1358.0,1367.0,1347.0,1353.0,182000.0
2022-12-23,68100,1340.0,1372.0,1335.0,1369.0,0,0,181300.0,246838300.0,1.0,1340.0,1372.0,1335.0,1369.0,181300.0
2022-12-26,68100,1380.0,1380.0,1335.0,1345.0,0,0,88800.0,119704500.0,1.0,1380.0,1380.0,1335.0,1345.0,88800.0
2022-12-27,68100,1350.0,1354.0,1339.0,1354.0,0,0,66400.0,89526500.0,1.0,1350.0,1354.0,1339.0,1354.0,66400.0
2022-12-28,68100,1354.0,1360.0,1341.0,1358.0,0,0,118900.0,161037300.0,1.0,1354.0,1360.0,1341.0,1358.0,118900.0
2022-12-29,68100,1350.0,1357.0,1333.0,1354.0,0,0,69500.0,93810000.0,1.0,1350.0,1357.0,1333.0,1354.0,69500.0
2022-12-30,68100,1365.0,1374.0,1357.0,1359.0,0,0,98900.0,134871700.0,1.0,1365.0,1374.0,1357.0,1359.0,98900.0
2023-01-04,68100,1361.0,1361.0,1342.0,1357.0,0,0,131200.0,177600000.0,1.0,1361.0,1361.0,1342.0,1357.0,131200.0
2023-01-05,68100,1350.0,1363.0,1335.0,1340.0,0,0,111000.0,149161700.0,1.0,1350.0,1363.0,1335.0,1340.0,111000.0
2023-01-06,68100,1330.0,1357.0,1322.0,1351.0,0,0,150700.0,202683300.0,1.0,1330.0,1357.0,1322.0,1351.0,150700.0
2023-01-10,68100,1364.0,1369.0,1353.0,1354.0,0,0,115600.0,157157500.0,1.0,1364.0,1369.0,1353.0,1354.0,115600.0
2023-01-11,68100,1365.0,1402.0,1365.0,1394.0,0,0,116700.0,162404900.0,1.0,1365.0,1402.0,1365.0,1394.0,116700.0
2023-01-12,68100,1390.0,1394.0,1376.0,1377.0,0,0,118700.0,164296400.0,1.0,1390.0,1394.0,1376.0,1377.0,118700.0
2023-01-13,68100,1377.0,1383.0,1346.0,1347.0,0,0,121200.0,164270600.0,1.0,1377.0,1383.0,1346.0,1347.0,121200.0
2023-01-16,68100,1342.0,1349.0,1325.0,1336.0,0,0,84900.0,113540200.0,1.0,1342.0,1349.0,1325.0,1336.0,84900.0
2023-01-17,68100,1336.0,1351.0,1336.0,1346.0,0,0,91200.0,122713000.0,1.0,1336.0,1351.0,1336.0,1346.0,91200.0
2023-01-18,68100,1406.0,1463.0,1393.0,1433.0,0,0,455600.0,650600700.0,1.0,1406.0,1463.0,1393.0,1433.0,455600.0
2023-01-19,68100,1415.0,1426.0,1391.0,1393.0,0,0,250800.0,352106800.0,1.0,1415.0,1426.0,1391.0,1393.0,250800.0
2023-01-20,68100,1393.0,1402.0,1387.0,1394.0,0,0,142700.0,199154800.0,1.0,1393.0,1402.0,1387.0,1394.0,142700.0
2023-01-23,68100,1394.0,1431.0,1385.0,1429.0,0,0,156900.0,222394700.0,1.0,1394.0,1431.0,1385.0,1429.0,156900.0
2023-01-24,68100,1434.0,1441.0,1422.0,1425.0,0,0,125300.0,178891900.0,1.0,1434.0,1441.0,1422.0,1425.0,125300.0
2023-01-25,68100,1428.0,1463.0,1425.0,1447.0,0,0,197900.0,287187600.0,1.0,1428.0,1463.0,1425.0,1447.0,197900.0
2023-01-26,68100,1453.0,1462.0,1425.0,1432.0,0,0,86400.0,124572200.0,1.0,1453.0,1462.0,1425.0,1432.0,86400.0
2023-01-27,68100,1446.0,1454.0,1433.0,1433.0,0,0,125300.0,180351600.0,1.0,1446.0,1454.0,1433.0,1433.0,125300.0
2023-01-30,68100,1420.0,1422.0,1395.0,1407.0,0,0,161000.0,225919800.0,1.0,1420.0,1422.0,1395.0,1407.0,161000.0
2023-01-31,68100,1407.0,1423.0,1389.0,1413.0,0,0,230700.0,325287500.0,1.0,1407.0,1423.0,1389.0,1413.0,230700.0
2023-02-01,68100,1485.0,1530.0,1476.0,1483.0,0,0,549200.0,817914800.0,1.0,1485.0,1530.0,1476.0,1483.0,549200.0
2023-02-02,68100,1474.0,1474.0,1443.0,1447.0,0,0,194600.0,282800400.0,1.0,1474.0,1474.0,1443.0,1447.0,194600.0
2023-02-03,68100,1432.0,1451.0,1422.0,1428.0,0,0,172200.0,246731900.0,1.0,1432.0,1451.0,1422.0,1428.0,172200.0
2023-02-06,68100,1450.0,1463.0,1441.0,1442.0,0,0,150100.0,217066800.0,1.0,1450.0,1463.0,1441.0,1442.0,150100.0
2023-02-07,68100,1443.0,1460.0,1436.0,1438.0,0,0,173100.0,250360200.0,1.0,1443.0,1460.0,1436.0,1438.0,173100.0
2023-02-08,68100,1440.0,1451.0,1432.0,1444.0,0,0,154400.0,222727800.0,1.0,1440.0,1451.0,1432.0,1444.0,154400.0
2023-02-09,68100,1430.0,1464.0,1427.0,1452.0,0,0,160100.0,232866200.0,1.0,1430.0,1464.0,1427.0,1452.0,160100.0
2023-02-10,68100,1436.0,1453.0,1430.0,1441.0,0,0,136500.0,196941900.0,1.0,1436.0,1453.0,1430.0,1441.0,136500.0
2023-02-13,68100,1437.0,1437.0,1423.0,1424.0,0,0,64600.0,92335300.0,1.0,1437.0,1437.0,1423.0,1424.0,64600.0
2023-02-14,68100,1442.0,1448.0,1436.0,1439.0,0,0,78600.0,113219500.0,1.0,1442.0,1448.0,1436.0,1439.0,78600.0
2023-02-15,68100,1445.0,1470.0,1445.0,1469.0,0,0,157200.0,229725300.0,1.0,1445.0,1470.0,1445.0,1469.0,157200.0
2023-02-16,68100,1469.0,1480.0,1462.0,1463.0,0,0,112400.0,164998700.0,1.0,1469.0,1480.0,1462.0,1463.0,112400.0
2023-02-17,68100,1451.0,1468.0,1442.0,1462.0,0,0,76500.0,111581900.0,1.0,1451.0,1468.0,1442.0,1462.0,76500.0
2023-02-20,68100,1465.0,1478.0,1464.0,1464.0,0,0,58700.0,86199700.0,1.0,1465.0,1478.0,1464.0,1464.0,58700.0
2023-02-21,68100,1462.0,1476.0,1452.0,1470.0,0,0,68100.0,100005800.0,1.0,1462.0,1476.0,1452.0,1470.0,68100.0
2023-02-22,68100,1462.0,1462.0,1424.0,1427.0,0,0,114900.0,164724500.0,1.0,1462.0,1462.0,1424.0,1427.0,114900.0
2023-02-24,68100,1440.0,1464.0,1435.0,1457.0,0,0,139300.0,202528100.0,1.0,1440.0,1464.0,1435.0,1457.0,139300.0
2023-02-27,68100,1455.0,1475.0,1455.0,1464.0,0,0,78100.0,114293300.0,1.0,1455.0,1475.0,1455.0,1464.0,78100.0
2023-02-28,68100,1470.0,1475.0,1446.0,1452.0,0,0,155700.0,226656100.0,1.0,1470.0,1475.0,1446.0,1452.0,155700.0
2023-03-01,68100,1442.0,1459.0,1434.0,1459.0,0,0,126500.0,183674200.0,1.0,1442.0,1459.0,1434.0,1459.0,126500.0
2023-03-02,68100,1479.0,1484.0,1459.0,1466.0,0,0,183000.0,268531500.0,1.0,1479.0,1484.0,1459.0,1466.0,183000.0
2023-03-03,68100,1470.0,1480.0,1461.0,1469.0,0,0,133500.0,196418900.0,1.0,1470.0,1480.0,1461.0,1469.0,133500.0
2023-03-06,68100,1469.0,1478.0,1456.0,1470.0,0,0,126800.0,186376200.0,1.0,1469.0,1478.0,1456.0,1470.0,126800.0
2023-03-07,68100,1469.0,1472.0,1459.0,1466.0,0,0,126600.0,185511400.0,1.0,1469.0,1472.0,1459.0,1466.0,126600.0
2023-03-08,68100,1472.0,1497.0,1451.0,1495.0,0,0,229100.0,339320000.0,1.0,1472.0,1497.0,1451.0,1495.0,229100.0
2023-03-09,68100,1498.0,1504.0,1491.0,1499.0,0,0,167200.0,250256700.0,1.0,1498.0,1504.0,1491.0,1499.0,167200.0
2023-03-10,68100,1483.0,1492.0,1471.0,1480.0,0,0,196300.0,291010800.0,1.0,1483.0,1492.0,1471.0,1480.0,196300.0
2023-03-13,68100,1451.0,1451.0,1420.0,1440.0,0,0,132700.0,190490800.0,1.0,1451.0,1451.0,1420.0,1440.0,132700.0
2023-03-14,68100,1426.0,1432.0,1388.0,1394.0,0,0,230600.0,323140400.0,1.0,1426.0,1432.0,1388.0,1394.0,230600.0
2023-03-15,68100,1403.0,1415.0,1394.0,1411.0,0,0,183400.0,258102800.0,1.0,1403.0,1415.0,1394.0,1411.0,183400.0
2023-03-16,68100,1387.0,1392.0,1362.0,1378.0,0,0,155400.0,214145800.0,1.0,1387.0,1392.0,1362.0,1378.0,155400.0
2023-03-17,68100,1408.0,1408.0,1386.0,1391.0,0,0,147200.0,205052400.0,1.0,1408.0,1408.0,1386.0,1391.0,147200.0
2023-03-20,68100,1691.0,1691.0,1691.0,1691.0,1,0,367400.0,621273400.0,1.0,1691.0,1691.0,1691.0,1691.0,367400.0
2023-03-22,68100,1590.0,1590.0,1501.0,1520.0,0,0,2521300.0,3881679100.0,1.0,1590.0,1590.0,1501.0,1520.0,2521300.0
2023-03-23,68100,1511.0,1606.0,1511.0,1588.0,0,0,1588300.0,2497004500.0,1.0,1511.0,1606.0,1511.0,1588.0,1588300.0
2023-03-24,68100,1593.0,1599.0,1546.0,1546.0,0,0,592800.0,924195400.0,1.0,1593.0,1599.0,1546.0,1546.0,592800.0
2023-03-27,68100,1566.0,1574.0,1532.0,1547.0,0,0,377500.0,585192300.0,1.0,1566.0,1574.0,1532.0,1547.0,377500.0
2023-03-28,68100,1559.0,1565.0,1513.0,1521.0,0,0,279700.0,426725700.0,1.0,1559.0,1565.0,1513.0,1521.0,279700.0
2023-03-29,68100,1521.0,1558.0,1507.0,1557.0,0,0,349300.0,537584000.0,1.0,1521.0,1558.0,1507.0,1557.0,349300.0
2023-03-30,68100,1565.0,1567.0,1510.0,1528.0,0,0,488400.0,747093400.0,1.0,1565.0,1567.0,1510.0,1528.0,488400.0
2023-03-31,68100,1547.0,1576.0,1531.0,1539.0,0,0,400200.0,619231800.0,1.0,1547.0,1576.0,1531.0,1539.0,400200.0
2023-04-03,68100,1551.0,1569.0,1541.0,1564.0,0,0,292700.0,455916200.0,1.0,1551.0,1569.0,1541.0,1564.0,292700.0
2023-04-04,68100,1564.0,1570.0,1541.0,1550.0,0,0,200300.0,310851200.0,1.0,1564.0,1570.0,1541.0,1550.0,200300.0
2023-04-05,68100,1503.0,1516.0,1476.0,1506.0,0,0,474700.0,712195100.0,1.0,1503.0,1516.0,1476.0,1506.0,474700.0
2023-04-06,68100,1487.0,1491.0,1465.0,1478.0,0,0,296400.0,437757100.0,1.0,1487.0,1491.0,1465.0,1478.0,296400.0
2023-04-07,68100,1491.0,1502.0,1476.0,1480.0,0,0,140200.0,208273800.0,1.0,1491.0,1502.0,1476.0,1480.0,140200.0
2023-04-10,68100,1490.0,1503.0,1481.0,1486.0,0,0,158000.0,235495300.0,1.0,1490.0,1503.0,1481.0,1486.0,158000.0
2023-04-11,68100,1498.0,1504.0,1480.0,1498.0,0,0,200500.0,299144600.0,1.0,1498.0,1504.0,1480.0,1498.0,200500.0
2023-04-12,68100,1500.0,1512.0,1491.0,1502.0,0,0,170600.0,256404100.0,1.0,1500.0,1512.0,1491.0,1502.0,170600.0
2023-04-13,68100,1490.0,1495.0,1480.0,1489.0,0,0,128700.0,191366400.0,1.0,1490.0,1495.0,1480.0,1489.0,128700.0
2023-04-14,68100,1505.0,1514.0,1489.0,1490.0,0,0,204400.0,306019000.0,1.0,1505.0,1514.0,1489.0,1490.0,204400.0
2023-04-17,68100,1490.0,1502.0,1472.0,1502.0,0,0,187200.0,278673500.0,1.0,1490.0,1502.0,1472.0,1502.0,187200.0
2023-04-18,68100,1502.0,1503.0,1485.0,1493.0,0,0,138600.0,206929600.0,1.0,1502.0,1503.0,1485.0,1493.0,138600.0
2023-04-19,68100,1493.0,1498.0,1470.0,1477.0,0,0,224000.0,330928000.0,1.0,1493.0,1498.0,1470.0,1477.0,224000.0
2023-04-20,68100,1480.0,1498.0,1474.0,1485.0,0,0,154400.0,229423900.0,1.0,1480.0,1498.0,1474.0,1485.0,154400.0
2023-04-21,68100,1485.0,1507.0,1477.0,1486.0,0,0,238600.0,355807000.0,1.0,1485.0,1507.0,1477.0,1486.0,238600.0
2023-04-24,68100,1506.0,1523.0,1495.0,1513.0,0,0,346300.0,523241000.0,1.0,1506.0,1523.0,1495.0,1513.0,346300.0
2023-04-25,68100,1520.0,1542.0,1520.0,1524.0,0,0,289800.0,443048500.0,1.0,1520.0,1542.0,1520.0,1524.0,289800.0
2023-04-26,68100,1517.0,1517.0,1477.0,1487.0,0,0,267100.0,397886800.0,1.0,1517.0,1517.0,1477.0,1487.0,267100.0
2023-04-27,68100,1495.0,1505.0,1485.0,1496.0,0,0,365800.0,546533800.0,1.0,1495.0,1505.0,1485.0,1496.0,365800.0
2023-04-28,68100,1481.0,1502.0,1478.0,1493.0,0,0,281700.0,419947500.0,1.0,1481.0,1502.0,1478.0,1493.0,281700.0
2023-05-01,68100,1488.0,1503.0,1464.0,1488.0,0,0,351500.0,520216600.0,1.0,1488.0,1503.0,1464.0,1488.0,351500.0
2023-05-02,68100,1494.0,1496.0,1466.0,1479.0,0,0,166400.0,245749000.0,1.0,1494.0,1496.0,1466.0,1479.0,166400.0
2023-05-08,68100,1490.0,1494.0,1479.0,1480.0,0,0,156300.0,232210200.0,1.0,1490.0,1494.0,1479.0,1480.0,156300.0
2023-05-09,68100,1485.0,1491.0,1474.0,1491.0,0,0,219200.0,325196500.0,1.0,1485.0,1491.0,1474.0,1491.0,219200.0
2023-05-10,68100,1492.0,1494.0,1474.0,1476.0,0,0,166500.0,246550100.0,1.0,1492.0,1494.0,1474.0,1476.0,166500.0
2023-05-11,68100,1474.0,1476.0,1461.0,1473.0,0,0,156000.0,228971400.0,1.0,1474.0,1476.0,1461.0,1473.0,156000.0
2023-05-12,68100,1466.0,1474.0,1453.0,1457.0,0,0,162100.0,236512900.0,1.0,1466.0,1474.0,1453.0,1457.0,162100.0
2023-05-15,68100,1463.0,1500.0,1463.0,1497.0,0,0,222300.0,330786500.0,1.0,1463.0,1500.0,1463.0,1497.0,222300.0
2023-05-16,68100,1502.0,1502.0,1482.0,1492.0,0,0,148400.0,221507700.0,1.0,1502.0,1502.0,1482.0,1492.0,148400.0
2023-05-17,68100,1491.0,1495.0,1484.0,1486.0,0,0,110600.0,164679500.0,1.0,1491.0,1495.0,1484.0,1486.0,110600.0
2023-05-18,68100,1485.0,1495.0,1480.0,1487.0,0,0,186300.0,276927800.0,1.0,1485.0,1495.0,1480.0,1487.0,186300.0
2023-05-19,68100,1491.0,1505.0,1484.0,1487.0,0,0,172000.0,257000100.0,1.0,1491.0,1505.0,1484.0,1487.0,172000.0
2023-05-22,68100,1487.0,1495.0,1480.0,1485.0,0,0,101300.0,150613600.0,1.0,1487.0,1495.0,1480.0,1485.0,101300.0
2023-05-23,68100,1488.0,1493.0,1472.0,1479.0,0,0,142800.0,211852000.0,1.0,1488.0,1493.0,1472.0,1479.0,142800.0
2023-05-24,68100,1475.0,1482.0,1461.0,1462.0,0,0,160700.0,235958700.0,1.0,1475.0,1482.0,1461.0,1462.0,160700.0
2023-05-25,68100,1461.0,1466.0,1453.0,1461.0,0,0,129200.0,188731800.0,1.0,1461.0,1466.0,1453.0,1461.0,129200.0
2023-05-26,68100,1461.0,1474.0,1456.0,1464.0,0,0,111000.0,162834300.0,1.0,1461.0,1474.0,1456.0,1464.0,111000.0
2023-05-29,68100,1485.0,1490.0,1470.0,1473.0,0,0,126100.0,186485500.0,1.0,1485.0,1490.0,1470.0,1473.0,126100.0
2023-05-30,68100,1467.0,1469.0,1435.0,1461.0,0,0,164300.0,238883900.0,1.0,1467.0,1469.0,1435.0,1461.0,164300.0
2023-05-31,68100,1452.0,1452.0,1434.0,1441.0,0,0,368500.0,530902500.0,1.0,1452.0,1452.0,1434.0,1441.0,368500.0
2023-06-01,68100,1446.0,1465.0,1445.0,1453.0,0,0,130400.0,189480000.0,1.0,1446.0,1465.0,1445.0,1453.0,130400.0
2023-06-02,68100,1450.0,1468.0,1450.0,1466.0,0,0,129600.0,189747100.0,1.0,1450.0,1468.0,1450.0,1466.0,129600.0
2023-06-05,68100,1488.0,1499.0,1486.0,1492.0,0,0,192200.0,286954800.0,1.0,1488.0,1499.0,1486.0,1492.0,192200.0
2023-06-06,68100,1481.0,1484.0,1468.0,1474.0,0,0,95700.0,141202400.0,1.0,1481.0,1484.0,1468.0,1474.0,95700.0
2023-06-07,68100,1485.0,1493.0,1465.0,1475.0,0,0,201800.0,297974500.0,1.0,1485.0,1493.0,1465.0,1475.0,201800.0
2023-06-08,68100,1479.0,1489.0,1457.0,1469.0,0,0,161000.0,236748800.0,1.0,1479.0,1489.0,1457.0,1469.0,161000.0
2023-06-09,68100,1471.0,1487.0,1469.0,1485.0,0,0,220900.0,326605300.0,1.0,1471.0,1487.0,1469.0,1485.0,220900.0
2023-06-12,68100,1500.0,1502.0,1482.0,1487.0,0,0,186000.0,277126600.0,1.0,1500.0,1502.0,1482.0,1487.0,186000.0
2023-06-13,68100,1550.0,1562.0,1521.0,1539.0,0,0,594200.0,914793000.0,1.0,1550.0,1562.0,1521.0,1539.0,594200.0
2023-06-14,68100,1573.0,1623.0,1556.0,1597.0,0,0,1037300.0,1656500500.0,1.0,1573.0,1623.0,1556.0,1597.0,1037300.0
2023-06-15,68100,1597.0,1600.0,1559.0,1572.0,0,0,437100.0,689676400.0,1.0,1597.0,1600.0,1559.0,1572.0,437100.0
2023-06-16,68100,1580.0,1581.0,1546.0,1566.0,0,0,450300.0,704033200.0,1.0,1580.0,1581.0,1546.0,1566.0,450300.0
2023-06-19,68100,1596.0,1602.0,1571.0,1575.0,0,0,369300.0,584907600.0,1.0,1596.0,1602.0,1571.0,1575.0,369300.0
2023-06-20,68100,1580.0,1590.0,1558.0,1590.0,0,0,271500.0,427822000.0,1.0,1580.0,1590.0,1558.0,1590.0,271500.0
2023-06-21,68100,1570.0,1587.0,1560.0,1566.0,0,0,243700.0,382221200.0,1.0,1570.0,1587.0,1560.0,1566.0,243700.0
2023-06-22,68100,1568.0,1589.0,1568.0,1573.0,0,0,197900.0,312299500.0,1.0,1568.0,1589.0,1568.0,1573.0,197900.0
2023-06-23,68100,1580.0,1585.0,1538.0,1550.0,0,0,231400.0,359575000.0,1.0,1580.0,1585.0,1538.0,1550.0,231400.0
2023-06-26,68100,1550.0,1576.0,1540.0,1568.0,0,0,220800.0,345537100.0,1.0,1550.0,1576.0,1540.0,1568.0,220800.0
2023-06-27,68100,1562.0,1562.0,1532.0,1538.0,0,0,249300.0,384419900.0,1.0,1562.0,1562.0,1532.0,1538.0,249300.0
2023-06-28,68100,1554.0,1598.0,1553.0,1595.0,0,0,427300.0,677006700.0,1.0,1554.0,1598.0,1553.0,1595.0,427300.0
2023-06-29,68100,1595.0,1617.0,1586.0,1592.0,0,0,266500.0,425609000.0,1.0,1595.0,1617.0,1586.0,1592.0,266500.0
2023-06-30,68100,1593.0,1603.0,1577.0,1599.0,0,0,241200.0,384330000.0,1.0,1593.0,1603.0,1577.0,1599.0,241200.0
2023-07-03,68100,1637.0,1647.0,1624.0,1637.0,0,0,355700.0,582415100.0,1.0,1637.0,1647.0,1624.0,1637.0,355700.0
2023-07-04,68100,1634.0,1649.0,1626.0,1646.0,0,0,181100.0,297400900.0,1.0,1634.0,1649.0,1626.0,1646.0,181100.0
2023-07-05,68100,1639.0,1640.0,1620.0,1624.0,0,0,180000.0,292791800.0,1.0,1639.0,1640.0,1620.0,1624.0,180000.0
2023-07-06,68100,1617.0,1631.0,1605.0,1618.0,0,0,198900.0,322217400.0,1.0,1617.0,1631.0,1605.0,1618.0,198900.0
2023-07-07,68100,1600.0,1605.0,1587.0,1592.0,0,0,161700.0,258027100.0,1.0,1600.0,1605.0,1587.0,1592.0,161700.0
2023-07-10,68100,1605.0,1605.0,1588.0,1588.0,0,0,166500.0,265497300.0,1.0,1605.0,1605.0,1588.0,1588.0,166500.0
2023-07-11,68100,1590.0,1595.0,1569.0,1570.0,0,0,151500.0,238948000.0,1.0,1590.0,1595.0,1569.0,1570.0,151500.0
2023-07-12,68100,1574.0,1576.0,1555.0,1559.0,0,0,147900.0,230992100.0,1.0,1574.0,1576.0,1555.0,1559.0,147900.0
2023-07-13,68100,1570.0,1586.0,1556.0,1573.0,0,0,174400.0,274681000.0,1.0,1570.0,1586.0,1556.0,1573.0,174400.0
2023-07-14,68100,1575.0,1580.0,1548.0,1562.0,0,0,207400.0,323729800.0,1.0,1575.0,1580.0,1548.0,1562.0,207400.0
2023-07-18,68100,1570.0,1579.0,1563.0,1569.0,0,0,139000.0,218275800.0,1.0,1570.0,1579.0,1563.0,1569.0,139000.0
2023-07-19,68100,1580.0,1588.0,1571.0,1579.0,0,0,140900.0,222221300.0,1.0,1580.0,1588.0,1571.0,1579.0,140900.0
2023-07-20,68100,1581.0,1581.0,1559.0,1559.0,0,0,121300.0,190095200.0,1.0,1581.0,1581.0,1559.0,1559.0,121300.0
2023-07-21,68100,1562.0,1568.0,1549.0,1553.0,0,0,138800.0,215925400.0,1.0,1562.0,1568.0,1549.0,1553.0,138800.0
2023-07-24,68100,1558.0,1574.0,1555.0,1563.0,0,0,125700.0,196599000.0,1.0,1558.0,1574.0,1555.0,1563.0,125700.0
2023-07-25,68100,1566.0,1568.0,1556.0,1562.0,0,0,127600.0,199199300.0,1.0,1566.0,1568.0,1556.0,1562.0,127600.0
2023-07-26,68100,1565.0,1570.0,1552.0,1565.0,0,0,154800.0,241997800.0,1.0,1565.0,1570.0,1552.0,1565.0,154800.0
2023-07-27,68100,1562.0,1575.0,1542.0,1562.0,0,0,277600.0,431451200.0,1.0,1562.0,1575.0,1542.0,1562.0,277600.0
2023-07-28,68100,1632.0,1668.0,1558.0,1599.0,0,0,898900.0,1432501100.0,1.0,1632.0,1668.0,1558.0,1599.0,898900.0
2023-07-31,68100,1615.0,1649.0,1602.0,1615.0,0,0,376600.0,609737400.0,1.0,1615.0,1649.0,1602.0,1615.0,376600.0
2023-08-01,68100,1613.0,1616.0,1587.0,1605.0,0,0,288300.0,461703300.0,1.0,1613.0,1616.0,1587.0,1605.0,288300.0
2023-08-02,68100,1590.0,1655.0,1589.0,1635.0,0,0,351500.0,572866600.0,1.0,1590.0,1655.0,1589.0,1635.0,351500.0
2023-08-03,68100,1613.0,1613.0,1544.0,1546.0,0,0,571100.0,895858500.0,1.0,1613.0,1613.0,1544.0,1546.0,571100.0
2023-08-04,68100,1545.0,1556.0,1526.0,1529.0,0,0,242800.0,373222400.0,1.0,1545.0,1556.0,1526.0,1529.0,242800.0
2023-08-07,68100,1527.0,1531.0,1509.0,1529.0,0,0,137500.0,209439000.0,1.0,1527.0,1531.0,1509.0,1529.0,137500.0
2023-08-08,68100,1531.0,1534.0,1513.0,1520.0,0,0,142500.0,216670600.0,1.0,1531.0,1534.0,1513.0,1520.0,142500.0
2023-08-09,68100,1560.0,1562.0,1537.0,1551.0,0,0,257800.0,399934700.0,1.0,1560.0,1562.0,1537.0,1551.0,257800.0
2023-08-10,68100,1548.0,1562.0,1546.0,1559.0,0,0,134500.0,209043700.0,1.0,1548.0,1562.0,1546.0,1559.0,134500.0
2023-08-14,68100,1560.0,1584.0,1544.0,1549.0,0,0,145000.0,226311800.0,1.0,1560.0,1584.0,1544.0,1549.0,145000.0
2023-08-15,68100,1547.0,1547.0,1526.0,1528.0,0,0,183000.0,280509100.0,1.0,1547.0,1547.0,1526.0,1528.0,183000.0
2023-08-16,68100,1520.0,1536.0,1519.0,1526.0,0,0,133200.0,203495800.0,1.0,1520.0,1536.0,1519.0,1526.0,133200.0
2023-08-17,68100,1520.0,1521.0,1493.0,1516.0,0,0,154700.0,233301600.0,1.0,1520.0,1521.0,1493.0,1516.0,154700.0
2023-08-18,68100,1500.0,1518.0,1497.0,1507.0,0,0,120600.0,181839600.0,1.0,1500.0,1518.0,1497.0,1507.0,120600.0
2023-08-21,68100,1505.0,1506.0,1494.0,1494.0,0,0,94000.0,140933800.0,1.0,1505.0,1506.0,1494.0,1494.0,94000.0
2023-08-22,68100,1498.0,1511.0,1493.0,1510.0,0,0,87900.0,132036400.0,1.0,1498.0,1511.0,1493.0,1510.0,87900.0
2023-08-23,68100,1503.0,1535.0,1502.0,1532.0,0,0,124700.0,190007400.0,1.0,1503.0,1535.0,1502.0,1532.0,124700.0
2023-08-24,68100,1534.0,1534.0,1521.0,1532.0,0,0,78600.0,120255700.0,1.0,1534.0,1534.0,1521.0,1532.0,78600.0
2023-08-25,68100,1519.0,1530.0,1506.0,1529.0,0,0,128600.0,195741200.0,1.0,1519.0,1530.0,1506.0,1529.0,128600.0
2023-08-28,68100,1535.0,1545.0,1535.0,1544.0,0,0,83400.0,128485300.0,1.0,1535.0,1545.0,1535.0,1544.0,83400.0
2023-08-29,68100,1555.0,1563.0,1546.0,1547.0,0,0,89600.0,139160100.0,1.0,1555.0,1563.0,1546.0,1547.0,89600.0
2023-08-30,68100,1552.0,1575.0,1548.0,1569.0,0,0,136200.0,213464300.0,1.0,1552.0,1575.0,1548.0,1569.0,136200.0
2023-08-31,68100,1569.0,1582.0,1567.0,1579.0,0,0,149600.0,236012000.0,1.0,1569.0,1582.0,1567.0,1579.0,149600.0
2023-09-01,68100,1583.0,1611.0,1581.0,1610.0,0,0,223100.0,357814600.0,1.0,1583.0,1611.0,1581.0,1610.0,223100.0
2023-09-04,68100,1614.0,1635.0,1603.0,1633.0,0,0,172300.0,279976600.0,1.0,1614.0,1635.0,1603.0,1633.0,172300.0
2023-09-05,68100,1624.0,1637.0,1613.0,1637.0,0,0,111500.0,181692400.0,1.0,1624.0,1637.0,1613.0,1637.0,111500.0
2023-09-06,68100,1659.0,1660.0,1633.0,1644.0,0,0,221800.0,364984700.0,1.0,1659.0,1660.0,1633.0,1644.0,221800.0
2023-09-07,68100,1631.0,1646.0,1619.0,1621.0,0,0,150200.0,244654000.0,1.0,1631.0,1646.0,1619.0,1621.0,150200.0
2023-09-08,68100,1620.0,1630.0,1605.0,1606.0,0,0,172500.0,278468200.0,1.0,1620.0,1630.0,1605.0,1606.0,172500.0
2023-09-11,68100,1601.0,1611.0,1590.0,1601.0,0,0,82600.0,132064800.0,1.0,1601.0,1611.0,1590.0,1601.0,82600.0
2023-09-12,68100,1603.0,1640.0,1603.0,1640.0,0,0,121900.0,198023300.0,1.0,1603.0,1640.0,1603.0,1640.0,121900.0
2023-09-13,68100,1629.0,1630.0,1614.0,1624.0,0,0,101200.0,164221400.0,1.0,1629.0,1630.0,1614.0,1624.0,101200.0
2023-09-14,68100,1624.0,1632.0,1612.0,1626.0,0,0,111200.0,180620700.0,1.0,1624.0,1632.0,1612.0,1626.0,111200.0
2023-09-15,68100,1638.0,1646.0,1631.0,1631.0,0,0,208700.0,341314200.0,1.0,1638.0,1646.0,1631.0,1631.0,208700.0
2023-09-19,68100,1640.0,1715.0,1640.0,1711.0,0,0,517600.0,876979900.0,1.0,1640.0,1715.0,1640.0,1711.0,517600.0
2023-09-20,68100,1702.0,1803.0,1702.0,1762.0,0,0,834500.0,1477756800.0,1.0,1702.0,1803.0,1702.0,1762.0,834500.0
2023-09-21,68100,1745.0,1750.0,1717.0,1722.0,0,0,348600.0,602922000.0,1.0,1745.0,1750.0,1717.0,1722.0,348600.0
2023-09-22,68100,1714.0,1718.0,1674.0,1686.0,0,0,510500.0,863656000.0,1.0,1714.0,1718.0,1674.0,1686.0,510500.0
2023-09-25,68100,1762.0,1764.0,1724.0,1735.0,0,0,308800.0,537224400.0,1.0,1762.0,1764.0,1724.0,1735.0,308800.0
2023-09-26,68100,1727.0,1737.0,1709.0,1718.0,0,0,177100.0,304419500.0,1.0,1727.0,1737.0,1709.0,1718.0,177100.0
2023-09-27,68100,1716.0,1750.0,1706.0,1748.0,0,0,229400.0,397607500.0,1.0,1716.0,1750.0,1706.0,1748.0,229400.0
2023-09-28,68100,1722.0,1734.0,1707.0,1717.0,0,0,179400.0,308397500.0,1.0,1722.0,1734.0,1707.0,1717.0,179400.0
2023-09-29,68100,1724.0,1731.0,1660.0,1673.0,0,0,347800.0,586230600.0,1.0,1724.0,1731.0,1660.0,1673.0,347800.0
2023-10-02,68100,1698.0,1717.0,1681.0,1688.0,0,0,187100.0,317696000.0,1.0,1698.0,1717.0,1681.0,1688.0,187100.0
2023-10-03,68100,1678.0,1678.0,1637.0,1644.0,0,0,197200.0,326023400.0,1.0,1678.0,1678.0,1637.0,1644.0,197200.0
2023-10-04,68100,1613.0,1621.0,1593.0,1594.0,0,0,227700.0,365488700.0,1.0,1613.0,1621.0,1593.0,1594.0,227700.0
2023-10-05,68100,1590.0,1604.0,1581.0,1599.0,0,0,193200.0,307852100.0,1.0,1590.0,1604.0,1581.0,1599.0,193200.0
2023-10-06,68100,1597.0,1601.0,1582.0,1582.0,0,0,146800.0,233109700.0,1.0,1597.0,1601.0,1582.0,1582.0,146800.0
2023-10-10,68100,1632.0,1648.0,1624.0,1633.0,0,0,209900.0,343527800.0,1.0,1632.0,1648.0,1624.0,1633.0,209900.0
2023-10-11,68100,1645.0,1649.0,1632.0,1632.0,0,0,111000.0,181931800.0,1.0,1645.0,1649.0,1632.0,1632.0,111000.0
2023-10-12,68100,1631.0,1684.0,1630.0,1682.0,0,0,180600.0,301009600.0,1.0,1631.0,1684.0,1630.0,1682.0,180600.0
2023-10-13,68100,1682.0,1690.0,1650.0,1653.0,0,0,123800.0,206509900.0,1.0,1682.0,1690.0,1650.0,1653.0,123800.0
2023-10-16,68100,1647.0,1662.0,1621.0,1626.0,0,0,134700.0,220090200.0,1.0,1647.0,1662.0,1621.0,1626.0,134700.0
2023-10-17,68100,1645.0,1656.0,1621.0,1632.0,0,0,100000.0,163261900.0,1.0,1645.0,1656.0,1621.0,1632.0,100000.0
2023-10-18,68100,1655.0,1655.0,1623.0,1639.0,0,0,95200.0,155889400.0,1.0,1655.0,1655.0,1623.0,1639.0,95200.0
2023-10-19,68100,1619.0,1636.0,1615.0,1624.0,0,0,98200.0,159573400.0,1.0,1619.0,1636.0,1615.0,1624.0,98200.0
2023-10-20,68100,1615.0,1621.0,1601.0,1605.0,0,0,68700.0,110595600.0,1.0,1615.0,1621.0,1601.0,1605.0,68700.0
2023-10-23,68100,1600.0,1616.0,1582.0,1592.0,0,0,161400.0,257820100.0,1.0,1600.0,1616.0,1582.0,1592.0,161400.0
2023-10-24,68100,1607.0,1607.0,1552.0,1591.0,0,0,117900.0,186399000.0,1.0,1607.0,1607.0,1552.0,1591.0,117900.0
2023-10-25,68100,1605.0,1610.0,1578.0,1581.0,0,0,111400.0,177670800.0,1.0,1605.0,1610.0,1578.0,1581.0,111400.0
2023-10-26,68100,1575.0,1579.0,1544.0,1549.0,0,0,139800.0,217538400.0,1.0,1575.0,1579.0,1544.0,1549.0,139800.0
2023-10-27,68100,1589.0,1640.0,1564.0,1640.0,0,0,439300.0,712080800.0,1.0,1589.0,1640.0,1564.0,1640.0,439300.0
2023-10-30,68100,1662.0,1668.0,1598.0,1603.0,0,0,604900.0,974651300.0,1.0,1662.0,1668.0,1598.0,1603.0,604900.0
2023-10-31,68100,1673.0,1675.0,1560.0,1608.0,0,0,537700.0,862855100.0,1.0,1673.0,1675.0,1560.0,1608.0,537700.0
2023-11-01,68100,1647.0,1687.0,1635.0,1651.0,0,0,385000.0,638194900.0,1.0,1647.0,1687.0,1635.0,1651.0,385000.0
2023-11-02,68100,1677.0,1708.0,1640.0,1660.0,0,0,230200.0,384610600.0,1.0,1677.0,1708.0,1640.0,1660.0,230200.0
2023-11-06,68100,1700.0,1700.0,1650.0,1662.0,0,0,187500.0,312572100.0,1.0,1700.0,1700.0,1650.0,1662.0,187500.0
2023-11-07,68100,1650.0,1654.0,1628.0,1630.0,0,0,119800.0,196062300.0,1.0,1650.0,1654.0,1628.0,1630.0,119800.0
2023-11-08,68100,1637.0,1642.0,1605.0,1617.0,0,0,216900.0,350862500.0,1.0,1637.0,1642.0,1605.0,1617.0,216900.0
2023-11-09,68100,1629.0,1639.0,1618.0,1629.0,0,0,180000.0,293060000.0,1.0,1629.0,1639.0,1618.0,1629.0,180000.0
2023-11-10,68100,1628.0,1665.0,1623.0,1665.0,0,0,178900.0,293948700.0,1.0,1628.0,1665.0,1623.0,1665.0,178900.0
2023-11-13,68100,1684.0,1684.0,1652.0,1667.0,0,0,165200.0,275042800.0,1.0,1684.0,1684.0,1652.0,1667.0,165200.0
2023-11-14,68100,1671.0,1674.0,1653.0,1657.0,0,0,80900.0,134427700.0,1.0,1671.0,1674.0,1653.0,1657.0,80900.0
2023-11-15,68100,1660.0,1668.0,1646.0,1653.0,0,0,131800.0,218340000.0,1.0,1660.0,1668.0,1646.0,1653.0,131800.0
2023-11-16,68100,1651.0,1664.0,1629.0,1643.0,0,0,130300.0,213986500.0,1.0,1651.0,1664.0,1629.0,1643.0,130300.0
2023-11-17,68100,1640.0,1654.0,1633.0,1653.0,0,0,95800.0,157905200.0,1.0,1640.0,1654.0,1633.0,1653.0,95800.0
2023-11-20,68100,1658.0,1673.0,1641.0,1641.0,0,0,179100.0,296587400.0,1.0,1658.0,1673.0,1641.0,1641.0,179100.0
2023-11-21,68100,1642.0,1657.0,1636.0,1641.0,0,0,111600.0,183379900.0,1.0,1642.0,1657.0,1636.0,1641.0,111600.0
2023-11-22,68100,1641.0,1658.0,1636.0,1645.0,0,0,99500.0,164030700.0,1.0,1641.0,1658.0,1636.0,1645.0,99500.0
2023-11-24,68100,1650.0,1672.0,1650.0,1668.0,0,0,129400.0,215101300.0,1.0,1650.0,1672.0,1650.0,1668.0,129400.0
2023-11-27,68100,1674.0,1682.0,1654.0,1680.0,0,0,161300.0,269427600.0,1.0,1674.0,1682.0,1654.0,1680.0,161300.0
2023-11-28,68100,1680.0,1686.0,1644.0,1656.0,0,0,140100.0,231954700.0,1.0,1680.0,1686.0,1644.0,1656.0,140100.0
2023-11-29,68100,1645.0,1656.0,1639.0,1652.0,0,0,92000.0,151685400.0,1.0,1645.0,1656.0,1639.0,1652.0,92000.0
2023-11-30,68100,1645.0,1664.0,1645.0,1658.0,0,0,97500.0,161505900.0,1.0,1645.0,1664.0,1645.0,1658.0,97500.0
2023-12-01,68100,1678.0,1678.0,1654.0,1659.0,0,0,107000.0,177747500.0,1.0,1678.0,1678.0,1654.0,1659.0,107000.0
2023-12-04,68100,1659.0,1666.0,1645.0,1662.0,0,0,80900.0,134220200.0,1.0,1659.0,1666.0,1645.0,1662.0,80900.0
2023-12-05,68100,1661.0,1674.0,1644.0,1645.0,0,0,123100.0,203504200.0,1.0,1661.0,1674.0,1644.0,1645.0,123100.0
2023-12-06,68100,1643.0,1664.0,1641.0,1661.0,0,0,109500.0,181259700.0,1.0,1643.0,1664.0,1641.0,1661.0,109500.0
2023-12-07,68100,1642.0,1652.0,1618.0,1621.0,0,0,150600.0,245519700.0,1.0,1642.0,1652.0,1618.0,1621.0,150600.0
2023-12-08,68100,1621.0,1627.0,1581.0,1588.0,0,0,191800.0,305983000.0,1.0,1621.0,1627.0,1581.0,1588.0,191800.0
2023-12-11,68100,1610.0,1610.0,1588.0,1600.0,0,0,94300.0,150766000.0,1.0,1610.0,1610.0,1588.0,1600.0,94300.0
2023-12-12,68100,1610.0,1617.0,1595.0,1600.0,0,0,122100.0,196086300.0,1.0,1610.0,1617.0,1595.0,1600.0,122100.0
2023-12-13,68100,1605.0,1617.0,1593.0,1613.0,0,0,107500.0,172765100.0,1.0,1605.0,1617.0,1593.0,1613.0,107500.0
2023-12-14,68100,1616.0,1622.0,1581.0,1588.0,0,0,181800.0,289464500.0,1.0,1616.0,1622.0,1581.0,1588.0,181800.0
2023-12-15,68100,1600.0,1601.0,1573.0,1576.0,0,0,208200.0,329023200.0,1.0,1600.0,1601.0,1573.0,1576.0,208200.0
2023-12-18,68100,1573.0,1573.0,1545.0,1564.0,0,0,133600.0,207999900.0,1.0,1573.0,1573.0,1545.0,1564.0,133600.0
2023-12-19,68100,1564.0,1569.0,1550.0,1565.0,0,0,113300.0,176880200.0,1.0,1564.0,1569.0,1550.0,1565.0,113300.0
2023-12-20,68100,1570.0,1580.0,1566.0,1568.0,0,0,89100.0,140051500.0,1.0,1570.0,1580.0,1566.0,1568.0,89100.0
2023-12-21,68100,1545.0,1560.0,1537.0,1537.0,0,0,131500.0,202820800.0,1.0,1545.0,1560.0,1537.0,1537.0,131500.0
2023-12-22,68100,1551.0,1569.0,1550.0,1564.0,0,0,168800.0,263786100.0,1.0,1551.0,1569.0,1550.0,1564.0,168800.0
2023-12-25,68100,1566.0,1568.0,1537.0,1537.0,0,0,110900.0,171726800.0,1.0,1566.0,1568.0,1537.0,1537.0,110900.0
2023-12-26,68100,1535.0,1548.0,1532.0,1537.0,0,0,111500.0,171590900.0,1.0,1535.0,1548.0,1532.0,1537.0,111500.0
2023-12-27,68100,1542.0,1550.0,1541.0,1549.0,0,0,135300.0,209250900.0,1.0,1542.0,1550.0,1541.0,1549.0,135300.0
2023-12-28,68100,1540.0,1557.0,1540.0,1556.0,0,0,101100.0,156487400.0,1.0,1540.0,1557.0,1540.0,1556.0,101100.0
2023-12-29,68100,1557.0,1569.0,1552.0,1560.0,0,0,82300.0,128276900.0,1.0,1557.0,1569.0,1552.0,1560.0,82300.0
2024-01-04,68100,1569.0,1601.0,1536.0,1601.0,0,0,281000.0,442654900.0,1.0,1569.0,1601.0,1536.0,1601.0,281000.0
2024-01-05,68100,1615.0,1617.0,1582.0,1586.0,0,0,206200.0,328808700.0,1.0,1615.0,1617.0,1582.0,1586.0,206200.0
2024-01-09,68100,1600.0,1605.0,1581.0,1588.0,0,0,118300.0,188138300.0,1.0,1600.0,1605.0,1581.0,1588.0,118300.0
2024-01-10,68100,1591.0,1606.0,1585.0,1594.0,0,0,137100.0,218902800.0,1.0,1591.0,1606.0,1585.0,1594.0,137100.0
2024-01-11,68100,1609.0,1627.0,1607.0,1619.0,0,0,163900.0,265350500.0,1.0,1609.0,1627.0,1607.0,1619.0,163900.0
2024-01-12,68100,1625.0,1625.0,1591.0,1599.0,0,0,161800.0,259127300.0,1.0,1625.0,1625.0,1591.0,1599.0,161800.0
2024-01-15,68100,1595.0,1602.0,1587.0,1599.0,0,0,183500.0,292927000.0,1.0,1595.0,1602.0,1587.0,1599.0,183500.0
2024-01-16,68100,1602.0,1602.0,1573.0,1577.0,0,0,243600.0,385844900.0,1.0,1602.0,1602.0,1573.0,1577.0,243600.0
2024-01-17,68100,1577.0,1581.0,1559.0,1561.0,0,0,176900.0,277665600.0,1.0,1577.0,1581.0,1559.0,1561.0,176900.0
2024-01-18,68100,1558.0,1570.0,1553.0,1565.0,0,0,105400.0,164725000.0,1.0,1558.0,1570.0,1553.0,1565.0,105400.0
2024-01-19,68100,1580.0,1629.0,1578.0,1627.0,0,0,338300.0,544634300.0,1.0,1580.0,1629.0,1578.0,1627.0,338300.0
2024-01-22,68100,1631.0,1637.0,1614.0,1635.0,0,0,149300.0,243133100.0,1.0,1631.0,1637.0,1614.0,1635.0,149300.0
2024-01-23,68100,1635.0,1638.0,1618.0,1625.0,0,0,198700.0,323240700.0,1.0,1635.0,1638.0,1618.0,1625.0,198700.0
2024-01-24,68100,1620.0,1636.0,1619.0,1634.0,0,0,120100.0,195583600.0,1.0,1620.0,1636.0,1619.0,1634.0,120100.0
2024-01-25,68100,1630.0,1638.0,1620.0,1623.0,0,0,140100.0,227847400.0,1.0,1630.0,1638.0,1620.0,1623.0,140100.0
2024-01-26,68100,1613.0,1619.0,1601.0,1610.0,0,0,140700.0,226801700.0,1.0,1613.0,1619.0,1601.0,1610.0,140700.0
2024-01-29,68100,1615.0,1632.0,1615.0,1631.0,0,0,101200.0,164419100.0,1.0,1615.0,1632.0,1615.0,1631.0,101200.0
2024-01-30,68100,1631.0,1631.0,1613.0,1617.0,0,0,116800.0,189012900.0,1.0,1631.0,1631.0,1613.0,1617.0,116800.0
2024-01-31,68100,1606.0,1630.0,1600.0,1630.0,0,0,187500.0,303020100.0,1.0,1606.0,1630.0,1600.0,1630.0,187500.0
2024-02-01,68100,1597.0,1625.0,1560.0,1587.0,0,0,577900.0,915194500.0,1.0,1597.0,1625.0,1560.0,1587.0,577900.0
2024-02-02,68100,1584.0,1594.0,1564.0,1566.0,0,0,379000.0,597518200.0,1.0,1584.0,1594.0,1564.0,1566.0,379000.0
2024-02-05,68100,1567.0,1568.0,1540.0,1540.0,0,0,318300.0,493188600.0,1.0,1567.0,1568.0,1540.0,1540.0,318300.0
2024-02-06,68100,1544.0,1546.0,1519.0,1521.0,0,0,237700.0,363897400.0,1.0,1544.0,1546.0,1519.0,1521.0,237700.0
2024-02-07,68100,1557.0,1573.0,1543.0,1570.0,0,0,277900.0,433826000.0,1.0,1557.0,1573.0,1543.0,1570.0,277900.0
2024-02-08,68100,1570.0,1587.0,1549.0,1575.0,0,0,210500.0,330999000.0,1.0,1570.0,1587.0,1549.0,1575.0,210500.0
2024-02-09,68100,1570.0,1618.0,1570.0,1602.0,0,0,264400.0,423568900.0,1.0,1570.0,1618.0,1570.0,1602.0,264400.0
2024-02-13,68100,1610.0,1611.0,1585.0,1602.0,0,0,191100.0,304966100.0,1.0,1610.0,1611.0,1585.0,1602.0,191100.0
2024-02-14,68100,1590.0,1593.0,1555.0,1565.0,0,0,138100.0,216597500.0,1.0,1590.0,1593.0,1555.0,1565.0,138100.0
2024-02-15,68100,1582.0,1582.0,1555.0,1557.0,0,0,96600.0,150936600.0,1.0,1582.0,1582.0,1555.0,1557.0,96600.0
2024-02-16,68100,1560.0,1575.0,1558.0,1566.0,0,0,239900.0,375746600.0,1.0,1560.0,1575.0,1558.0,1566.0,239900.0
2024-02-19,68100,1556.0,1569.0,1550.0,1565.0,0,0,240400.0,374934500.0,1.0,1556.0,1569.0,1550.0,1565.0,240400.0
2024-02-20,68100,1572.0,1589.0,1563.0,1585.0,0,0,180000.0,284235800.0,1.0,1572.0,1589.0,1563.0,1585.0,180000.0
2024-02-21,68100,1582.0,1583.0,1567.0,1578.0,0,0,99300.0,156433900.0,1.0,1582.0,1583.0,1567.0,1578.0,99300.0
2024-02-22,68100,1588.0,1604.0,1586.0,1596.0,0,0,149000.0,237568800.0,1.0,1588.0,1604.0,1586.0,1596.0,149000.0
2024-02-26,68100,1603.0,1610.0,1583.0,1589.0,0,0,139500.0,222450700.0,1.0,1603.0,1610.0,1583.0,1589.0,139500.0
2024-02-27,68100,1589.0,1598.0,1578.0,1584.0,0,0,137400.0,218133400.0,1.0,1589.0,1598.0,1578.0,1584.0,137400.0
2024-02-28,68100,1575.0,1579.0,1563.0,1566.0,0,0,199100.0,312589400.0,1.0,1575.0,1579.0,1563.0,1566.0,199100.0
2024-02-29,68100,1561.0,1561.0,1541.0,1556.0,0,0,211400.0,327998700.0,1.0,1561.0,1561.0,1541.0,1556.0,211400.0
2024-03-01,68100,1563.0,1583.0,1551.0,1574.0,0,0,197400.0,310268200.0,1.0,1563.0,1583.0,1551.0,1574.0,197400.0
2024-03-04,68100,1577.0,1577.0,1555.0,1567.0,0,0,215800.0,337808100.0,1.0,1577.0,1577.0,1555.0,1567.0,215800.0
2024-03-05,68100,1568.0,1570.0,1554.0,1560.0,0,0,124000.0,193699400.0,1.0,1568.0,1570.0,1554.0,1560.0,124000.0
2024-03-06,68100,1553.0,1579.0,1549.0,1575.0,0,0,133500.0,209665100.0,1.0,1553.0,1579.0,1549.0,1575.0,133500.0
2024-03-07,68100,1596.0,1600.0,1557.0,1564.0,0,0,255700.0,402982800.0,1.0,1596.0,1600.0,1557.0,1564.0,255700.0
2024-03-08,68100,1545.0,1595.0,1543.0,1589.0,0,0,247300.0,389730600.0,1.0,1545.0,1595.0,1543.0,1589.0,247300.0
2024-03-11,68100,1565.0,1565.0,1528.0,1543.0,0,0,215600.0,332447500.0,1.0,1565.0,1565.0,1528.0,1543.0,215600.0
2024-03-12,68100,1539.0,1544.0,1518.0,1543.0,0,0,146400.0,224191300.0,1.0,1539.0,1544.0,1518.0,1543.0,146400.0
2024-03-13,68100,1549.0,1549.0,1511.0,1514.0,0,0,216500.0,329971700.0,1.0,1549.0,1549.0,1511.0,1514.0,216500.0
2024-03-14,68100,1515.0,1523.0,1507.0,1522.0,0,0,194200.0,294315800.0,1.0,1515.0,1523.0,1507.0,1522.0,194200.0
2024-03-15,68100,1516.0,1529.0,1516.0,1525.0,0,0,146300.0,222778400.0,1.0,1516.0,1529.0,1516.0,1525.0,146300.0
2024-03-18,68100,1540.0,1564.0,1535.0,1564.0,0,0,279000.0,433579000.0,1.0,1540.0,1564.0,1535.0,1564.0,279000.0
2024-03-19,68100,1570.0,1637.0,1570.0,1637.0,0,0,441700.0,713435200.0,1.0,1570.0,1637.0,1570.0,1637.0,441700.0
2024-03-21,68100,1635.0,1637.0,1614.0,1624.0,0,0,265100.0,431383700.0,1.0,1635.0,1637.0,1614.0,1624.0,265100.0
2024-03-22,68100,1629.0,1629.0,1607.0,1625.0,0,0,180100.0,291774900.0,1.0,1629.0,1629.0,1607.0,1625.0,180100.0
2024-03-25,68100,1602.0,1615.0,1587.0,1588.0,0,0,221500.0,354156400.0,1.0,1602.0,1615.0,1587.0,1588.0,221500.0
2024-03-26,68100,1567.0,1590.0,1567.0,1582.0,0,0,155200.0,245178800.0,1.0,1567.0,1590.0,1567.0,1582.0,155200.0
2024-03-27,68100,1600.0,1620.0,1592.0,1598.0,0,0,273300.0,438684700.0,1.0,1600.0,1620.0,1592.0,1598.0,273300.0
2024-03-28,68100,1572.0,1593.0,1568.0,1582.0,0,0,189900.0,300117800.0,1.0,1572.0,1593.0,1568.0,1582.0,189900.0
2024-03-29,68100,1585.0,1594.0,1578.0,1593.0,0,0,87000.0,138251600.0,1.0,1585.0,1594.0,1578.0,1593.0,87000.0
2024-04-01,68100,1605.0,1610.0,1560.0,1562.0,0,0,157500.0,248180000.0,1.0,1605.0,1610.0,1560.0,1562.0,157500.0
2024-04-02,68100,1562.0,1562.0,1541.0,1544.0,0,0,151900.0,235262700.0,1.0,1562.0,1562.0,1541.0,1544.0,151900.0
2024-04-03,68100,1554.0,1589.0,1542.0,1574.0,0,0,192200.0,302400700.0,1.0,1554.0,1589.0,1542.0,1574.0,192200.0
2024-04-04,68100,1556.0,1563.0,1545.0,1547.0,0,0,157300.0,244168000.0,1.0,1556.0,1563.0,1545.0,1547.0,157300.0
2024-04-05,68100,1540.0,1556.0,1532.0,1554.0,0,0,145800.0,225720300.0,1.0,1540.0,1556.0,1532.0,1554.0,145800.0
2024-04-08,68100,1560.0,1565.0,1540.0,1549.0,0,0,163100.0,252977000.0,1.0,1560.0,1565.0,1540.0,1549.0,163100.0
2024-04-09,68100,1557.0,1557.0,1544.0,1553.0,0,0,114400.0,177255300.0,1.0,1557.0,1557.0,1544.0,1553.0,114400.0
2024-04-10,68100,1552.0,1559.0,1549.0,1558.0,0,0,86300.0,134237600.0,1.0,1552.0,1559.0,1549.0,1558.0,86300.0
2024-04-11,68100,1537.0,1540.0,1523.0,1530.0,0,0,146800.0,224769900.0,1.0,1537.0,1540.0,1523.0,1530.0,146800.0
2024-04-12,68100,1540.0,1551.0,1531.0,1532.0,0,0,191100.0,293814500.0,1.0,1540.0,1551.0,1531.0,1532.0,191100.0
2024-04-15,68100,1530.0,1556.0,1524.0,1555.0,0,0,142200.0,219801800.0,1.0,1530.0,1556.0,1524.0,1555.0,142200.0
2024-04-16,68100,1548.0,1548.0,1500.0,1516.0,0,0,312300.0,475065200.0,1.0,1548.0,1548.0,1500.0,1516.0,312300.0
2024-04-17,68100,1530.0,1535.0,1504.0,1512.0,0,0,148300.0,224713600.0,1.0,1530.0,1535.0,1504.0,1512.0,148300.0
2024-04-18,68100,1507.0,1553.0,1502.0,1552.0,0,0,227400.0,349613500.0,1.0,1507.0,1553.0,1502.0,1552.0,227400.0
2024-04-19,68100,1530.0,1532.0,1488.0,1501.0,0,0,202000.0,303984400.0,1.0,1530.0,1532.0,1488.0,1501.0,202000.0
2024-04-22,68100,1502.0,1512.0,1494.0,1501.0,0,0,206300.0,309703100.0,1.0,1502.0,1512.0,1494.0,1501.0,206300.0
2024-04-23,68100,1503.0,1505.0,1479.0,1492.0,0,0,254000.0,378679100.0,1.0,1503.0,1505.0,1479.0,1492.0,254000.0
2024-04-24,68100,1502.0,1518.0,1498.0,1518.0,0,0,232100.0,350451800.0,1.0,1502.0,1518.0,1498.0,1518.0,232100.0
2024-04-25,68100,1519.0,1519.0,1499.0,1504.0,0,0,170700.0,257181900.0,1.0,1519.0,1519.0,1499.0,1504.0,170700.0
2024-04-26,68100,1498.0,1513.0,1483.0,1508.0,0,0,233100.0,349754200.0,1.0,1498.0,1513.0,1483.0,1508.0,233100.0
2024-04-30,68100,1525.0,1562.0,1516.0,1562.0,0,0,531800.0,824239900.0,1.0,1525.0,1562.0,1516.0,1562.0,531800.0
2024-05-01,68100,1555.0,1555.0,1534.0,1549.0,0,0,258700.0,399664800.0,1.0,1555.0,1555.0,1534.0,1549.0,258700.0
2024-05-02,68100,1550.0,1563.0,1549.0,1558.0,0,0,129900.0,202277500.0,1.0,1550.0,1563.0,1549.0,1558.0,129900.0
2024-05-07,68100,1557.0,1560.0,1534.0,1535.0,0,0,223300.0,345215200.0,1.0,1557.0,1560.0,1534.0,1535.0,223300.0
2024-05-08,68100,1540.0,1540.0,1521.0,1528.0,0,0,186900.0,286037500.0,1.0,1540.0,1540.0,1521.0,1528.0,186900.0
2024-05-09,68100,1540.0,1544.0,1517.0,1536.0,0,0,181100.0,277659200.0,1.0,1540.0,1544.0,1517.0,1536.0,181100.0
2024-05-10,68100,1565.0,1567.0,1547.0,1552.0,0,0,241200.0,375112900.0,1.0,1565.0,1567.0,1547.0,1552.0,241200.0
2024-05-13,68100,1537.0,1545.0,1523.0,1535.0,0,0,205300.0,314910200.0,1.0,1537.0,1545.0,1523.0,1535.0,205300.0
2024-05-14,68100,1535.0,1545.0,1530.0,1544.0,0,0,123800.0,190613200.0,1.0,1535.0,1545.0,1530.0,1544.0,123800.0
2024-05-15,68100,1548.0,1569.0,1547.0,1566.0,0,0,185800.0,289638600.0,1.0,1548.0,1569.0,1547.0,1566.0,185800.0
2024-05-16,68100,1570.0,1570.0,1536.0,1540.0,0,0,169300.0,261503100.0,1.0,1570.0,1570.0,1536.0,1540.0,169300.0
2024-05-17,68100,1535.0,1564.0,1528.0,1560.0,0,0,191000.0,296866300.0,1.0,1535.0,1564.0,1528.0,1560.0,191000.0
2024-05-20,68100,1557.0,1575.0,1539.0,1544.0,0,0,237900.0,369320400.0,1.0,1557.0,1575.0,1539.0,1544.0,237900.0
2024-05-21,68100,1545.0,1567.0,1545.0,1554.0,0,0,204200.0,317934200.0,1.0,1545.0,1567.0,1545.0,1554.0,204200.0
2024-05-22,68100,1551.0,1583.0,1551.0,1566.0,0,0,197300.0,309637100.0,1.0,1551.0,1583.0,1551.0,1566.0,197300.0
2024-05-23,68100,1577.0,1602.0,1569.0,1589.0,0,0,233500.0,371199100.0,1.0,1577.0,1602.0,1569.0,1589.0,233500.0
2024-05-24,68100,1576.0,1615.0,1576.0,1612.0,0,0,247100.0,396733000.0,1.0,1576.0,1615.0,1576.0,1612.0,247100.0
2024-05-27,68100,1619.0,1645.0,1619.0,1645.0,0,0,295400.0,483717800.0,1.0,1619.0,1645.0,1619.0,1645.0,295400.0
2024-05-28,68100,1645.0,1674.0,1644.0,1659.0,0,0,231800.0,384961300.0,1.0,1645.0,1674.0,1644.0,1659.0,231800.0
2024-05-29,68100,1647.0,1657.0,1627.0,1628.0,0,0,237700.0,389548900.0,1.0,1647.0,1657.0,1627.0,1628.0,237700.0
2024-05-30,68100,1604.0,1638.0,1601.0,1635.0,0,0,244400.0,397813900.0,1.0,1604.0,1638.0,1601.0,1635.0,244400.0
2024-05-31,68100,1692.0,1719.0,1673.0,1673.0,0,0,830100.0,1396351400.0,1.0,1692.0,1719.0,1673.0,1673.0,830100.0
2024-06-03,68100,1704.0,1765.0,1700.0,1754.0,0,0,545100.0,948907500.0,1.0,1704.0,1765.0,1700.0,1754.0,545100.0
2024-06-04,68100,1725.0,1752.0,1722.0,1730.0,0,0,375600.0,651903200.0,1.0,1725.0,1752.0,1722.0,1730.0,375600.0
2024-06-05,68100,1701.0,1860.0,1690.0,1818.0,0,0,1389000.0,2533286000.0,1.0,1701.0,1860.0,1690.0,1818.0,1389000.0
2024-06-06,68100,1818.0,1836.0,1768.0,1802.0,0,0,1070200.0,1932367100.0,1.0,1818.0,1836.0,1768.0,1802.0,1070200.0
2024-06-07,68100,1802.0,1837.0,1797.0,1833.0,0,0,468900.0,854334600.0,1.0,1802.0,1837.0,1797.0,1833.0,468900.0
2024-06-10,68100,1841.0,1853.0,1820.0,1837.0,0,0,365300.0,670530500.0,1.0,1841.0,1853.0,1820.0,1837.0,365300.0
2024-06-11,68100,1840.0,1857.0,1828.0,1846.0,0,0,340100.0,628166500.0,1.0,1840.0,1857.0,1828.0,1846.0,340100.0
2024-06-12,68100,1844.0,1844.0,1806.0,1806.0,0,0,354700.0,645913200.0,1.0,1844.0,1844.0,1806.0,1806.0,354700.0
2024-06-13,68100,1810.0,1820.0,1797.0,1809.0,0,0,488200.0,883110500.0,1.0,1810.0,1820.0,1797.0,1809.0,488200.0
2024-06-14,68100,1823.0,1884.0,1810.0,1871.0,0,0,578200.0,1074294500.0,1.0,1823.0,1884.0,1810.0,1871.0,578200.0
2024-06-17,68100,1865.0,1879.0,1851.0,1859.0,0,0,326100.0,608278700.0,1.0,1865.0,1879.0,1851.0,1859.0,326100.0
2024-06-18,68100,1859.0,1887.0,1842.0,1848.0,0,0,337600.0,628455100.0,1.0,1859.0,1887.0,1842.0,1848.0,337600.0
2024-06-19,68100,1848.0,1859.0,1818.0,1834.0,0,0,295400.0,542007900.0,1.0,1848.0,1859.0,1818.0,1834.0,295400.0
2024-06-20,68100,1823.0,1843.0,1812.0,1834.0,0,0,207800.0,380097500.0,1.0,1823.0,1843.0,1812.0,1834.0,207800.0
2024-06-21,68100,1837.0,1860.0,1803.0,1806.0,0,0,456100.0,829355700.0,1.0,1837.0,1860.0,1803.0,1806.0,456100.0
2024-06-24,68100,1817.0,1819.0,1800.0,1816.0,0,0,225500.0,408792500.0,1.0,1817.0,1819.0,1800.0,1816.0,225500.0
2024-06-25,68100,1823.0,1843.0,1819.0,1823.0,0,0,207200.0,378857000.0,1.0,1823.0,1843.0,1819.0,1823.0,207200.0
2024-06-26,68100,1805.0,1830.0,1793.0,1801.0,0,0,342300.0,618605700.0,1.0,1805.0,1830.0,1793.0,1801.0,342300.0
2024-06-27,68100,1796.0,1814.0,1793.0,1814.0,0,0,210000.0,379528900.0,1.0,1796.0,1814.0,1793.0,1814.0,210000.0
2024-06-28,68100,1827.0,1827.0,1779.0,1784.0,0,0,326600.0,585997200.0,1.0,1827.0,1827.0,1779.0,1784.0,326600.0
2024-07-01,68100,1809.0,1837.0,1799.0,1835.0,0,0,260700.0,474758300.0,1.0,1809.0,1837.0,1799.0,1835.0,260700.0
2024-07-02,68100,1836.0,1871.0,1836.0,1845.0,0,0,411200.0,763072900.0,1.0,1836.0,1871.0,1836.0,1845.0,411200.0
2024-07-03,68100,1840.0,1844.0,1823.0,1831.0,0,0,220500.0,404112900.0,1.0,1840.0,1844.0,1823.0,1831.0,220500.0
2024-07-04,68100,1831.0,1850.0,1825.0,1839.0,0,0,202700.0,372815700.0,1.0,1831.0,1850.0,1825.0,1839.0,202700.0
2024-07-05,68100,1833.0,1835.0,1815.0,1815.0,0,0,175900.0,320781800.0,1.0,1833.0,1835.0,1815.0,1815.0,175900.0
2024-07-08,68100,1817.0,1846.0,1815.0,1823.0,0,0,197500.0,361154400.0,1.0,1817.0,1846.0,1815.0,1823.0,197500.0
2024-07-09,68100,1823.0,1851.0,1823.0,1837.0,0,0,246900.0,454943900.0,1.0,1823.0,1851.0,1823.0,1837.0,246900.0
2024-07-10,68100,1839.0,1861.0,1834.0,1853.0,0,0,268300.0,496536600.0,1.0,1839.0,1861.0,1834.0,1853.0,268300.0
2024-07-11,68100,1861.0,1888.0,1861.0,1881.0,0,0,294400.0,552823600.0,1.0,1861.0,1888.0,1861.0,1881.0,294400.0
2024-07-12,68100,1881.0,1900.0,1840.0,1848.0,0,0,265500.0,496075400.0,1.0,1881.0,1900.0,1840.0,1848.0,265500.0
2024-07-16,68100,1849.0,1890.0,1849.0,1870.0,0,0,190300.0,356219200.0,1.0,1849.0,1890.0,1849.0,1870.0,190300.0
2024-07-17,68100,1879.0,1879.0,1832.0,1838.0,0,0,162300.0,300321900.0,1.0,1879.0,1879.0,1832.0,1838.0,162300.0
2024-07-18,68100,1825.0,1850.0,1820.0,1825.0,0,0,130000.0,238513000.0,1.0,1825.0,1850.0,1820.0,1825.0,130000.0
2024-07-19,68100,1825.0,1842.0,1803.0,1812.0,0,0,137200.0,249455100.0,1.0,1825.0,1842.0,1803.0,1812.0,137200.0
2024-07-22,68100,1821.0,1831.0,1792.0,1801.0,0,0,213700.0,386250500.0,1.0,1821.0,1831.0,1792.0,1801.0,213700.0
2024-07-23,68100,1801.0,1811.0,1776.0,1785.0,0,0,138900.0,248354400.0,1.0,1801.0,1811.0,1776.0,1785.0,138900.0
2024-07-24,68100,1778.0,1795.0,1757.0,1762.0,0,0,174200.0,308770400.0,1.0,1778.0,1795.0,1757.0,1762.0,174200.0
2024-07-25,68100,1746.0,1746.0,1704.0,1706.0,0,0,209900.0,360611100.0,1.0,1746.0,1746.0,1704.0,1706.0,209900.0
2024-07-26,68100,1723.0,1730.0,1703.0,1725.0,0,0,148500.0,255219300.0,1.0,1723.0,1730.0,1703.0,1725.0,148500.0
2024-07-29,68100,1739.0,1756.0,1728.0,1728.0,0,0,132600.0,230431300.0,1.0,1739.0,1756.0,1728.0,1728.0,132600.0
2024-07-30,68100,1748.0,1748.0,1715.0,1736.0,0,0,122000.0,211089000.0,1.0,1748.0,1748.0,1715.0,1736.0,122000.0
2024-07-31,68100,1711.0,1745.0,1710.0,1733.0,0,0,182300.0,315158600.0,1.0,1711.0,1745.0,1710.0,1733.0,182300.0
2024-08-01,68100,1743.0,1743.0,1642.0,1654.0,0,0,250700.0,418351100.0,1.0,1743.0,1743.0,1642.0,1654.0,250700.0
2024-08-02,68100,1615.0,1626.0,1569.0,1581.0,0,0,276500.0,440726300.0,1.0,1615.0,1626.0,1569.0,1581.0,276500.0
2024-08-05,68100,1505.0,1525.0,1380.0,1381.0,0,0,346500.0,503675700.0,1.0,1505.0,1525.0,1380.0,1381.0,346500.0
2024-08-06,68100,1469.0,1534.0,1454.0,1504.0,0,0,226000.0,339495300.0,1.0,1469.0,1534.0,1454.0,1504.0,226000.0
2024-08-07,68100,1464.0,1530.0,1450.0,1481.0,0,0,162600.0,242666300.0,1.0,1464.0,1530.0,1450.0,1481.0,162600.0
2024-08-08,68100,1480.0,1511.0,1470.0,1486.0,0,0,117300.0,174695500.0,1.0,1480.0,1511.0,1470.0,1486.0,117300.0
2024-08-09,68100,1520.0,1529.0,1469.0,1494.0,0,0,195300.0,292794500.0,1.0,1520.0,1529.0,1469.0,1494.0,195300.0
2024-08-13,68100,1510.0,1549.0,1510.0,1538.0,0,0,163200.0,250907800.0,1.0,1510.0,1549.0,1510.0,1538.0,163200.0
2024-08-14,68100,1541.0,1553.0,1526.0,1549.0,0,0,156600.0,241488000.0,1.0,1541.0,1553.0,1526.0,1549.0,156600.0
2024-08-15,68100,1549.0,1563.0,1537.0,1542.0,0,0,77900.0,120580200.0,1.0,1549.0,1563.0,1537.0,1542.0,77900.0
2024-08-16,68100,1575.0,1590.0,1553.0,1578.0,0,0,122600.0,193374200.0,1.0,1575.0,1590.0,1553.0,1578.0,122600.0
2024-08-19,68100,1571.0,1591.0,1560.0,1568.0,0,0,103200.0,162254800.0,1.0,1571.0,1591.0,1560.0,1568.0,103200.0
2024-08-20,68100,1569.0,1579.0,1558.0,1574.0,0,0,124000.0,194912600.0,1.0,1569.0,1579.0,1558.0,1574.0,124000.0
2024-08-21,68100,1567.0,1580.0,1558.0,1571.0,0,0,62400.0,97918900.0,1.0,1567.0,1580.0,1558.0,1571.0,62400.0
2024-08-22,68100,1579.0,1589.0,1568.0,1585.0,0,0,70500.0,111467300.0,1.0,1579.0,1589.0,1568.0,1585.0,70500.0
2024-08-23,68100,1585.0,1608.0,1583.0,1601.0,0,0,103200.0,164594800.0,1.0,1585.0,1608.0,1583.0,1601.0,103200.0
2024-08-26,68100,1610.0,1640.0,1601.0,1640.0,0,0,242800.0,394232100.0,1.0,1610.0,1640.0,1601.0,1640.0,242800.0
2024-08-27,68100,1640.0,1673.0,1625.0,1670.0,0,0,221700.0,366577300.0,1.0,1640.0,1673.0,1625.0,1670.0,221700.0
2024-08-28,68100,1667.0,1725.0,1655.0,1722.0,0,0,422700.0,718665800.0,1.0,1667.0,1725.0,1655.0,1722.0,422700.0
2024-08-29,68100,1740.0,1803.0,1727.0,1792.0,0,0,546900.0,974593900.0,1.0,1740.0,1803.0,1727.0,1792.0,546900.0
2024-08-30,68100,1806.0,1849.0,1801.0,1817.0,0,0,440400.0,804786900.0,1.0,1806.0,1849.0,1801.0,1817.0,440400.0
2024-09-02,68100,1817.0,1846.0,1801.0,1837.0,0,0,368200.0,671626800.0,1.0,1817.0,1846.0,1801.0,1837.0,368200.0
2024-09-03,68100,1850.0,1947.0,1849.0,1942.0,0,0,531700.0,1019587900.0,1.0,1850.0,1947.0,1849.0,1942.0,531700.0
2024-09-04,68100,1871.0,1913.0,1865.0,1890.0,0,0,458100.0,866145400.0,1.0,1871.0,1913.0,1865.0,1890.0,458100.0
2024-09-05,68100,1851.0,1914.0,1843.0,1873.0,0,0,428900.0,805331200.0,1.0,1851.0,1914.0,1843.0,1873.0,428900.0
2024-09-06,68100,1873.0,1873.0,1820.0,1821.0,0,0,403000.0,742500600.0,1.0,1873.0,1873.0,1820.0,1821.0,403000.0
2024-09-09,68100,1802.0,1862.0,1793.0,1862.0,0,0,240100.0,440225400.0,1.0,1802.0,1862.0,1793.0,1862.0,240100.0
2024-09-10,68100,1869.0,1875.0,1801.0,1801.0,0,0,185700.0,339017300.0,1.0,1869.0,1875.0,1801.0,1801.0,185700.0
2024-09-11,68100,1791.0,1791.0,1732.0,1742.0,0,0,203100.0,355828900.0,1.0,1791.0,1791.0,1732.0,1742.0,203100.0
2024-09-12,68100,1800.0,1807.0,1761.0,1768.0,0,0,188700.0,334505600.0,1.0,1800.0,1807.0,1761.0,1768.0,188700.0
2024-09-13,68100,1754.0,1768.0,1735.0,1736.0,0,0,171300.0,299482600.0,1.0,1754.0,1768.0,1735.0,1736.0,171300.0
2024-09-17,68100,1753.0,1760.0,1722.0,1744.0,0,0,125400.0,218043200.0,1.0,1753.0,1760.0,1722.0,1744.0,125400.0
2024-09-18,68100,1752.0,1766.0,1722.0,1734.0,0,0,227000.0,393999200.0,1.0,1752.0,1766.0,1722.0,1734.0,227000.0
2024-09-19,68100,1769.0,1773.0,1740.0,1761.0,0,0,96000.0,168582100.0,1.0,1769.0,1773.0,1740.0,1761.0,96000.0
2024-09-20,68100,1761.0,1798.0,1754.0,1772.0,0,0,365900.0,649123200.0,1.0,1761.0,1798.0,1754.0,1772.0,365900.0
2024-09-24,68100,1800.0,1800.0,1777.0,1778.0,0,0,111500.0,199095700.0,1.0,1800.0,1800.0,1777.0,1778.0,111500.0
2024-09-25,68100,1775.0,1810.0,1772.0,1794.0,0,0,139600.0,250352800.0,1.0,1775.0,1810.0,1772.0,1794.0,139600.0
2024-09-26,68100,1820.0,1870.0,1817.0,1860.0,0,0,272600.0,504227400.0,1.0,1820.0,1870.0,1817.0,1860.0,272600.0
2024-09-27,68100,1850.0,1897.0,1846.0,1894.0,0,0,223500.0,419680300.0,1.0,1850.0,1897.0,1846.0,1894.0,223500.0
2024-09-30,68100,1814.0,1855.0,1810.0,1839.0,0,0,144300.0,265134600.0,1.0,1814.0,1855.0,1810.0,1839.0,144300.0
2024-10-01,68100,1825.0,1851.0,1817.0,1831.0,0,0,153400.0,281396600.0,1.0,1825.0,1851.0,1817.0,1831.0,153400.0
2024-10-02,68100,1820.0,1863.0,1816.0,1825.0,0,0,142700.0,261587300.0,1.0,1820.0,1863.0,1816.0,1825.0,142700.0
2024-10-03,68100,1863.0,1873.0,1846.0,1852.0,0,0,170500.0,316964000.0,1.0,1863.0,1873.0,1846.0,1852.0,170500.0
2024-10-04,68100,1868.0,1876.0,1840.0,1876.0,0,0,151300.0,282273300.0,1.0,1868.0,1876.0,1840.0,1876.0,151300.0
2024-10-07,68100,1904.0,1941.0,1890.0,1928.0,0,0,223000.0,428774400.0,1.0,1904.0,1941.0,1890.0,1928.0,223000.0
2024-10-08,68100,1921.0,1935.0,1904.0,1909.0,0,0,166500.0,318506600.0,1.0,1921.0,1935.0,1904.0,1909.0,166500.0
2024-10-09,68100,1905.0,1945.0,1902.0,1945.0,0,0,164800.0,318445100.0,1.0,1905.0,1945.0,1902.0,1945.0,164800.0
2024-10-10,68100,1945.0,1947.0,1912.0,1925.0,0,0,130600.0,251436000.0,1.0,1945.0,1947.0,1912.0,1925.0,130600.0
2024-10-11,68100,1925.0,1945.0,1922.0,1934.0,0,0,93000.0,180027500.0,1.0,1925.0,1945.0,1922.0,1934.0,93000.0
2024-10-15,68100,1945.0,1950.0,1930.0,1941.0,0,0,215000.0,417409700.0,1.0,1945.0,1950.0,1930.0,1941.0,215000.0
2024-10-16,68100,1926.0,1936.0,1907.0,1931.0,0,0,109000.0,210279900.0,1.0,1926.0,1936.0,1907.0,1931.0,109000.0
2024-10-17,68100,1922.0,1922.0,1881.0,1881.0,0,0,146800.0,277953900.0,1.0,1922.0,1922.0,1881.0,1881.0,146800.0
2024-10-18,68100,1896.0,1900.0,1879.0,1894.0,0,0,79600.0,150360700.0,1.0,1896.0,1900.0,1879.0,1894.0,79600.0
2024-10-21,68100,1880.0,1900.0,1879.0,1884.0,0,0,63800.0,120496200.0,1.0,1880.0,1900.0,1879.0,1884.0,63800.0
2024-10-22,68100,1880.0,1884.0,1836.0,1838.0,0,0,126200.0,233365400.0,1.0,1880.0,1884.0,1836.0,1838.0,126200.0
2024-10-23,68100,1842.0,1858.0,1835.0,1855.0,0,0,84500.0,156443200.0,1.0,1842.0,1858.0,1835.0,1855.0,84500.0
2024-10-24,68100,1841.0,1853.0,1832.0,1842.0,0,0,91300.0,168019500.0,1.0,1841.0,1853.0,1832.0,1842.0,91300.0
2024-10-25,68100,1844.0,1853.0,1808.0,1819.0,0,0,98300.0,179303100.0,1.0,1844.0,1853.0,1808.0,1819.0,98300.0
2024-10-28,68100,1836.0,1865.0,1831.0,1847.0,0,0,106900.0,197950700.0,1.0,1836.0,1865.0,1831.0,1847.0,106900.0
2024-10-29,68100,1855.0,1858.0,1840.0,1848.0,0,0,84500.0,156389800.0,1.0,1855.0,1858.0,1840.0,1848.0,84500.0
2024-10-30,68100,1858.0,1878.0,1857.0,1870.0,0,0,485100.0,906860300.0,1.0,1858.0,1878.0,1857.0,1870.0,485100.0
2024-10-31,68100,1866.0,1889.0,1853.0,1878.0,0,0,164900.0,309641900.0,1.0,1866.0,1889.0,1853.0,1878.0,164900.0
2024-11-01,68100,1718.0,1733.0,1688.0,1704.0,0,0,316000.0,541556400.0,1.0,1718.0,1733.0,1688.0,1704.0,316000.0
2024-11-05,68100,1710.0,1852.0,1699.0,1802.0,0,0,632700.0,1134944800.0,1.0,1710.0,1852.0,1699.0,1802.0,632700.0
2024-11-06,68100,1795.0,1838.0,1790.0,1812.0,0,0,269100.0,490020500.0,1.0,1795.0,1838.0,1790.0,1812.0,269100.0
2024-11-07,68100,1805.0,1853.0,1800.0,1834.0,0,0,201200.0,367504700.0,1.0,1805.0,1853.0,1800.0,1834.0,201200.0
2024-11-08,68100,1855.0,1869.0,1803.0,1806.0,0,0,127600.0,232136200.0,1.0,1855.0,1869.0,1803.0,1806.0,127600.0
2024-11-11,68100,1790.0,1805.0,1771.0,1771.0,0,0,82200.0,146498800.0,1.0,1790.0,1805.0,1771.0,1771.0,82200.0
2024-11-12,68100,1761.0,1785.0,1751.0,1754.0,0,0,108600.0,191801700.0,1.0,1761.0,1785.0,1751.0,1754.0,108600.0
2024-11-13,68100,1750.0,1750.0,1706.0,1717.0,0,0,92000.0,158501000.0,1.0,1750.0,1750.0,1706.0,1717.0,92000.0
2024-11-14,68100,1725.0,1754.0,1721.0,1737.0,0,0,125300.0,217683800.0,1.0,1725.0,1754.0,1721.0,1737.0,125300.0
2024-11-15,68100,1744.0,1749.0,1705.0,1705.0,0,0,84200.0,144439100.0,1.0,1744.0,1749.0,1705.0,1705.0,84200.0
2024-11-18,68100,1700.0,1725.0,1687.0,1717.0,0,0,127400.0,217949700.0,1.0,1700.0,1725.0,1687.0,1717.0,127400.0
2024-11-19,68100,1719.0,1749.0,1709.0,1730.0,0,0,98000.0,169656400.0,1.0,1719.0,1749.0,1709.0,1730.0,98000.0
2024-11-20,68100,1723.0,1735.0,1691.0,1700.0,0,0,115200.0,196013800.0,1.0,1723.0,1735.0,1691.0,1700.0,115200.0
2024-11-21,68100,1685.0,1688.0,1656.0,1673.0,0,0,149500.0,249768700.0,1.0,1685.0,1688.0,1656.0,1673.0,149500.0
2024-11-22,68100,1697.0,1699.0,1660.0,1667.0,0,0,121000.0,202223200.0,1.0,1697.0,1699.0,1660.0,1667.0,121000.0
2024-11-25,68100,1685.0,1688.0,1668.0,1683.0,0,0,170300.0,286169700.0,1.0,1685.0,1688.0,1668.0,1683.0,170300.0
2024-11-26,68100,1671.0,1685.0,1654.0,1682.0,0,0,76500.0,127773500.0,1.0,1671.0,1685.0,1654.0,1682.0,76500.0
2024-11-27,68100,1674.0,1674.0,1646.0,1659.0,0,0,90600.0,150021100.0,1.0,1674.0,1674.0,1646.0,1659.0,90600.0
2024-11-28,68100,1662.0,1690.0,1656.0,1677.0,0,0,91900.0,154329600.0,1.0,1662.0,1690.0,1656.0,1677.0,91900.0
2024-11-29,68100,1695.0,1719.0,1689.0,1710.0,0,0,130100.0,221949400.0,1.0,1695.0,1719.0,1689.0,1710.0,130100.0
2024-12-02,68100,1724.0,1743.0,1719.0,1728.0,0,0,104900.0,181439400.0,1.0,1724.0,1743.0,1719.0,1728.0,104900.0
2024-12-03,68100,1738.0,1757.0,1718.0,1718.0,0,0,154200.0,267779000.0,1.0,1738.0,1757.0,1718.0,1718.0,154200.0
2024-12-04,68100,1720.0,1729.0,1683.0,1687.0,0,0,109300.0,185293400.0,1.0,1720.0,1729.0,1683.0,1687.0,109300.0
2024-12-05,68100,1702.0,1725.0,1689.0,1725.0,0,0,106000.0,181808000.0,1.0,1702.0,1725.0,1689.0,1725.0,106000.0
2024-12-06,68100,1723.0,1732.0,1706.0,1718.0,0,0,99600.0,170894800.0,1.0,1723.0,1732.0,1706.0,1718.0,99600.0
2024-12-09,68100,1725.0,1727.0,1708.0,1711.0,0,0,107400.0,184241300.0,1.0,1725.0,1727.0,1708.0,1711.0,107400.0
2024-12-10,68100,1725.0,1727.0,1696.0,1708.0,0,0,79200.0,135185800.0,1.0,1725.0,1727.0,1696.0,1708.0,79200.0
2024-12-11,68100,1722.0,1726.0,1707.0,1721.0,0,0,82700.0,142133800.0,1.0,1722.0,1726.0,1707.0,1721.0,82700.0
2024-12-12,68100,1725.0,1735.0,1715.0,1728.0,0,0,86800.0,149782800.0,1.0,1725.0,1735.0,1715.0,1728.0,86800.0
2024-12-13,68100,1709.0,1729.0,1707.0,1725.0,0,0,71400.0,122581700.0,1.0,1709.0,1729.0,1707.0,1725.0,71400.0
2024-12-16,68100,1720.0,1726.0,1712.0,1720.0,0,0,51000.0,87712200.0,1.0,1720.0,1726.0,1712.0,1720.0,51000.0
2024-12-17,68100,1728.0,1747.0,1719.0,1723.0,0,0,82000.0,141763200.0,1.0,1728.0,1747.0,1719.0,1723.0,82000.0
2024-12-18,68100,1731.0,1731.0,1710.0,1721.0,0,0,72700.0,125029800.0,1.0,1731.0,1731.0,1710.0,1721.0,72700.0
2024-12-19,68100,1703.0,1744.0,1701.0,1733.0,0,0,84500.0,146232500.0,1.0,1703.0,1744.0,1701.0,1733.0,84500.0
2024-12-20,68100,1740.0,1769.0,1723.0,1741.0,0,0,134400.0,234729800.0,1.0,1740.0,1769.0,1723.0,1741.0,134400.0
2024-12-23,68100,1740.0,1757.0,1725.0,1757.0,0,0,84000.0,146675600.0,1.0,1740.0,1757.0,1725.0,1757.0,84000.0
2024-12-24,68100,1760.0,1783.0,1754.0,1783.0,0,0,104500.0,185267700.0,1.0,1760.0,1783.0,1754.0,1783.0,104500.0
2024-12-25,68100,1783.0,1784.0,1761.0,1779.0,0,0,73300.0,129827200.0,1.0,1783.0,1784.0,1761.0,1779.0,73300.0
2024-12-26,68100,1770.0,1797.0,1770.0,1797.0,0,0,110000.0,196923700.0,1.0,1770.0,1797.0,1770.0,1797.0,110000.0
2024-12-27,68100,1797.0,1848.0,1795.0,1848.0,0,0,259900.0,476670700.0,1.0,1797.0,1848.0,1795.0,1848.0,259900.0
2024-12-30,68100,1842.0,1884.0,1840.0,1872.0,0,0,142300.0,265710100.0,1.0,1842.0,1884.0,1840.0,1872.0,142300.0
2025-01-06,68100,1890.0,1890.0,1830.0,1832.0,0,0,151900.0,281071200.0,1.0,1890.0,1890.0,1830.0,1832.0,151900.0
2025-01-07,68100,1860.0,1909.0,1860.0,1900.0,0,0,184200.0,349101600.0,1.0,1860.0,1909.0,1860.0,1900.0,184200.0
2025-01-08,68100,1930.0,1999.0,1930.0,1958.0,0,0,356200.0,699061900.0,1.0,1930.0,1999.0,1930.0,1958.0,356200.0
2025-01-09,68100,1948.0,1961.0,1927.0,1952.0,0,0,213200.0,415755100.0,1.0,1948.0,1961.0,1927.0,1952.0,213200.0
2025-01-10,68100,1912.0,1950.0,1912.0,1939.0,0,0,168200.0,325033700.0,1.0,1912.0,1950.0,1912.0,1939.0,168200.0
2025-01-14,68100,1930.0,1946.0,1880.0,1911.0,0,0,201900.0,384362300.0,1.0,1930.0,1946.0,1880.0,1911.0,201900.0
2025-01-15,68100,1922.0,1939.0,1912.0,1922.0,0,0,193900.0,372979100.0,1.0,1922.0,1939.0,1912.0,1922.0,193900.0
2025-01-16,68100,1910.0,1924.0,1878.0,1897.0,0,0,184100.0,348842000.0,1.0,1910.0,1924.0,1878.0,1897.0,184100.0
2025-01-17,68100,1881.0,1938.0,1880.0,1930.0,0,0,222300.0,427662500.0,1.0,1881.0,1938.0,1880.0,1930.0,222300.0
2025-01-20,68100,1950.0,1971.0,1938.0,1946.0,0,0,179700.0,351403300.0,1.0,1950.0,1971.0,1938.0,1946.0,179700.0
2025-01-21,68100,1980.0,1984.0,1958.0,1959.0,0,0,131200.0,258214600.0,1.0,1980.0,1984.0,1958.0,1959.0,131200.0
2025-01-22,68100,1984.0,2028.0,1966.0,2006.0,0,0,366400.0,734719900.0,1.0,1984.0,2028.0,1966.0,2006.0,366400.0
2025-01-23,68100,2020.0,2035.0,1999.0,2009.0,0,0,139600.0,280936300.0,1.0,2020.0,2035.0,1999.0,2009.0,139600.0
2025-01-24,68100,1995.0,2005.0,1985.0,2004.0,0,0,276300.0,552337600.0,1.0,1995.0,2005.0,1985.0,2004.0,276300.0
2025-01-27,68100,2005.0,2027.0,2001.0,2019.0,0,0,164400.0,331324600.0,1.0,2005.0,2027.0,2001.0,2019.0,164400.0
2025-01-28,68100,2000.0,2016.0,1986.0,2012.0,0,0,106000.0,212958200.0,1.0,2000.0,2016.0,1986.0,2012.0,106000.0
2025-01-29,68100,2012.0,2033.0,2010.0,2027.0,0,0,121500.0,245946300.0,1.0,2012.0,2033.0,2010.0,2027.0,121500.0
2025-01-30,68100,2028.0,2033.0,2001.0,2031.0,0,0,190600.0,385894600.0,1.0,2028.0,2033.0,2001.0,2031.0,190600.0
2025-01-31,68100,2010.0,2012.0,1990.0,2003.0,0,0,174500.0,349212900.0,1.0,2010.0,2012.0,1990.0,2003.0,174500.0
2025-02-03,68100,2030.0,2033.0,1920.0,1937.0,0,0,418400.0,817472200.0,1.0,2030.0,2033.0,1920.0,1937.0,418400.0
2025-02-04,68100,1960.0,1972.0,1944.0,1960.0,0,0,194800.0,382185800.0,1.0,1960.0,1972.0,1944.0,1960.0,194800.0
2025-02-05,68100,1956.0,1965.0,1929.0,1950.0,0,0,145700.0,283712400.0,1.0,1956.0,1965.0,1929.0,1950.0,145700.0
2025-02-06,68100,1970.0,1971.0,1946.0,1952.0,0,0,116200.0,227121000.0,1.0,1970.0,1971.0,1946.0,1952.0,116200.0
2025-02-07,68100,1966.0,1969.0,1919.0,1922.0,0,0,120300.0,232794700.0,1.0,1966.0,1969.0,1919.0,1922.0,120300.0
2025-02-10,68100,1864.0,1900.0,1845.0,1890.0,0,0,121300.0,228341900.0,1.0,1864.0,1900.0,1845.0,1890.0,121300.0
2025-02-12,68100,1891.0,1897.0,1853.0,1871.0,0,0,106600.0,199037300.0,1.0,1891.0,1897.0,1853.0,1871.0,106600.0
2025-02-13,68100,1927.0,1959.0,1914.0,1918.0,0,0,165000.0,318982000.0,1.0,1927.0,1959.0,1914.0,1918.0,165000.0
2025-02-14,68100,1935.0,1959.0,1909.0,1909.0,0,0,117200.0,225360100.0,1.0,1935.0,1959.0,1909.0,1909.0,117200.0
2025-02-17,68100,1905.0,1912.0,1898.0,1898.0,0,0,121000.0,230323100.0,1.0,1905.0,1912.0,1898.0,1898.0,121000.0
2025-02-18,68100,1943.0,1945.0,1913.0,1925.0,0,0,179600.0,347036900.0,1.0,1943.0,1945.0,1913.0,1925.0,179600.0
2025-02-19,68100,1921.0,1928.0,1905.0,1910.0,0,0,99600.0,190443100.0,1.0,1921.0,1928.0,1905.0,1910.0,99600.0
2025-02-20,68100,1899.0,1900.0,1853.0,1879.0,0,0,131700.0,246742600.0,1.0,1899.0,1900.0,1853.0,1879.0,131700.0
2025-02-21,68100,1860.0,1869.0,1852.0,1865.0,0,0,77800.0,144847200.0,1.0,1860.0,1869.0,1852.0,1865.0,77800.0
2025-02-25,68100,1850.0,1882.0,1844.0,1878.0,0,0,111600.0,208173000.0,1.0,1850.0,1882.0,1844.0,1878.0,111600.0
2025-02-26,68100,1865.0,1872.0,1824.0,1853.0,0,0,249200.0,459466500.0,1.0,1865.0,1872.0,1824.0,1853.0,249200.0
2025-02-27,68100,1867.0,1909.0,1858.0,1881.0,0,0,277800.0,524363100.0,1.0,1867.0,1909.0,1858.0,1881.0,277800.0
2025-02-28,68100,1862.0,1882.0,1853.0,1876.0,0,0,167200.0,312589200.0,1.0,1862.0,1882.0,1853.0,1876.0,167200.0
2025-03-03,68100,1914.0,1919.0,1882.0,1911.0,0,0,131700.0,251059200.0,1.0,1914.0,1919.0,1882.0,1911.0,131700.0
2025-03-04,68100,1919.0,1922.0,1874.0,1874.0,0,0,160700.0,304159700.0,1.0,1919.0,1922.0,1874.0,1874.0,160700.0
2025-03-05,68100,1875.0,1913.0,1867.0,1892.0,0,0,101300.0,191517300.0,1.0,1875.0,1913.0,1867.0,1892.0,101300.0
2025-03-06,68100,1920.0,1970.0,1889.0,1936.0,0,0,189300.0,368105100.0,1.0,1920.0,1970.0,1889.0,1936.0,189300.0
2025-03-07,68100,1907.0,1924.0,1886.0,1908.0,0,0,122200.0,233512100.0,1.0,1907.0,1924.0,1886.0,1908.0,122200.0
2025-03-10,68100,1908.0,1919.0,1877.0,1887.0,0,0,125700.0,237566700.0,1.0,1908.0,1919.0,1877.0,1887.0,125700.0
2025-03-11,68100,1880.0,1882.0,1842.0,1858.0,0,0,136800.0,254056800.0,1.0,1880.0,1882.0,1842.0,1858.0,136800.0
2025-03-12,68100,1861.0,1895.0,1861.0,1875.0,0,0,102200.0,191936700.0,1.0,1861.0,1895.0,1861.0,1875.0,102200.0
2025-03-13,68100,1891.0,1915.0,1891.0,1899.0,0,0,124400.0,236607800.0,1.0,1891.0,1915.0,1891.0,1899.0,124400.0
2025-03-14,68100,1903.0,1903.0,1880.0,1886.0,0,0,85100.0,161100200.0,1.0,1903.0,1903.0,1880.0,1886.0,85100.0
2025-03-17,68100,1900.0,1932.0,1899.0,1908.0,0,0,77100.0,147605000.0,1.0,1900.0,1932.0,1899.0,1908.0,77100.0
2025-03-18,68100,1920.0,1930.0,1913.0,1922.0,0,0,75000.0,144192800.0,1.0,1920.0,1930.0,1913.0,1922.0,75000.0
2025-03-19,68100,1920.0,1960.0,1920.0,1929.0,0,0,78900.0,152814200.0,1.0,1920.0,1960.0,1920.0,1929.0,78900.0
2025-03-21,68100,1920.0,1962.0,1917.0,1939.0,0,0,150200.0,291875300.0,1.0,1920.0,1962.0,1917.0,1939.0,150200.0
2025-03-24,68100,1939.0,2013.0,1913.0,1990.0,0,0,271400.0,533519300.0,1.0,1939.0,2013.0,1913.0,1990.0,271400.0
2025-03-25,68100,1981.0,1994.0,1926.0,1942.0,0,0,225300.0,440721000.0,1.0,1981.0,1994.0,1926.0,1942.0,225300.0
2025-03-26,68100,1947.0,1950.0,1923.0,1944.0,0,0,166500.0,323020100.0,1.0,1947.0,1950.0,1923.0,1944.0,166500.0
2025-03-27,68100,1924.0,1945.0,1914.0,1928.0,0,0,158600.0,305769400.0,1.0,1924.0,1945.0,1914.0,1928.0,158600.0
2025-03-28,68100,1904.0,1915.0,1888.0,1899.0,0,0,106800.0,202709700.0,1.0,1904.0,1915.0,1888.0,1899.0,106800.0
2025-03-31,68100,1859.0,1859.0,1823.0,1823.0,0,0,149700.0,274219800.0,1.0,1859.0,1859.0,1823.0,1823.0,149700.0
2025-04-01,68100,1847.0,1848.0,1825.0,1835.0,0,0,166900.0,306593600.0,1.0,1847.0,1848.0,1825.0,1835.0,166900.0
2025-04-02,68100,1840.0,1841.0,1810.0,1820.0,0,0,113800.0,207159800.0,1.0,1840.0,1841.0,1810.0,1820.0,113800.0
2025-04-03,68100,1753.0,1767.0,1745.0,1758.0,0,0,185100.0,324657900.0,1.0,1753.0,1767.0,1745.0,1758.0,185100.0
2025-04-04,68100,1688.0,1693.0,1603.0,1635.0,0,0,235600.0,385732200.0,1.0,1688.0,1693.0,1603.0,1635.0,235600.0
2025-04-07,68100,1490.0,1537.0,1476.0,1509.0,0,0,202700.0,306180200.0,1.0,1490.0,1537.0,1476.0,1509.0,202700.0
2025-04-08,68100,1589.0,1630.0,1572.0,1612.0,0,0,171800.0,276813100.0,1.0,1589.0,1630.0,1572.0,1612.0,171800.0
2025-04-09,68100,1585.0,1590.0,1518.0,1535.0,0,0,204500.0,316091100.0,1.0,1585.0,1590.0,1518.0,1535.0,204500.0
2025-04-10,68100,1695.0,1699.0,1649.0,1666.0,0,0,152500.0,254595800.0,1.0,1695.0,1699.0,1649.0,1666.0,152500.0
2025-04-11,68100,1590.0,1629.0,1562.0,1626.0,0,0,135700.0,216816200.0,1.0,1590.0,1629.0,1562.0,1626.0,135700.0
2025-04-14,68100,1649.0,1666.0,1639.0,1639.0,0,0,92000.0,151888700.0,1.0,1649.0,1666.0,1639.0,1639.0,92000.0
2025-04-15,68100,1666.0,1682.0,1658.0,1677.0,0,0,133900.0,224039100.0,1.0,1666.0,1682.0,1658.0,1677.0,133900.0
2025-04-16,68100,1677.0,1685.0,1653.0,1658.0,0,0,114600.0,190892200.0,1.0,1677.0,1685.0,1653.0,1658.0,114600.0
2025-04-17,68100,1658.0,1690.0,1653.0,1683.0,0,0,129900.0,217582800.0,1.0,1658.0,1690.0,1653.0,1683.0,129900.0
2025-04-18,68100,1681.0,1714.0,1674.0,1710.0,0,0,78800.0,134122000.0,1.0,1681.0,1714.0,1674.0,1710.0,78800.0
2025-04-21,68100,1711.0,1729.0,1706.0,1716.0,0,0,185200.0,317936100.0,1.0,1711.0,1729.0,1706.0,1716.0,185200.0
2025-04-22,68100,1700.0,1713.0,1675.0,1682.0,0,0,112000.0,188906000.0,1.0,1700.0,1713.0,1675.0,1682.0,112000.0
2025-04-23,68100,1711.0,1734.0,1708.0,1709.0,0,0,154800.0,265668600.0,1.0,1711.0,1734.0,1708.0,1709.0,154800.0
2025-04-24,68100,1734.0,1751.0,1718.0,1718.0,0,0,106100.0,183573700.0,1.0,1734.0,1751.0,1718.0,1718.0,106100.0
2025-04-25,68100,1761.0,1844.0,1760.0,1825.0,0,0,350700.0,633352300.0,1.0,1761.0,1844.0,1760.0,1825.0,350700.0
2025-04-28,68100,1845.0,1848.0,1740.0,1740.0,0,0,558300.0,994772200.0,1.0,1845.0,1848.0,1740.0,1740.0,558300.0
2025-04-30,68100,1749.0,1760.0,1722.0,1747.0,0,0,218700.0,381282200.0,1.0,1749.0,1760.0,1722.0,1747.0,218700.0
2025-05-01,68100,1740.0,1761.0,1738.0,1754.0,0,0,122100.0,214078700.0,1.0,1740.0,1761.0,1738.0,1754.0,122100.0
2025-05-02,68100,1754.0,1766.0,1732.0,1743.0,0,0,95900.0,167461500.0,1.0,1754.0,1766.0,1732.0,1743.0,95900.0
2025-05-07,68100,1745.0,1785.0,1741.0,1763.0,0,0,130200.0,230026600.0,1.0,1745.0,1785.0,1741.0,1763.0,130200.0
2025-05-08,68100,1763.0,1781.0,1723.0,1737.0,0,0,195000.0,338526500.0,1.0,1763.0,1781.0,1723.0,1737.0,195000.0
2025-05-09,68100,1738.0,1745.0,1719.0,1733.0,0,0,113700.0,197156700.0,1.0,1738.0,1745.0,1719.0,1733.0,113700.0
2025-05-12,68100,1737.0,1762.0,1730.0,1760.0,0,0,94600.0,165525600.0,1.0,1737.0,1762.0,1730.0,1760.0,94600.0
2025-05-13,68100,1789.0,1796.0,1758.0,1772.0,0,0,76900.0,136466900.0,1.0,1789.0,1796.0,1758.0,1772.0,76900.0
2025-05-14,68100,1760.0,1777.0,1741.0,1770.0,0,0,55000.0,97052400.0,1.0,1760.0,1777.0,1741.0,1770.0,55000.0
2025-05-15,68100,1762.0,1762.0,1738.0,1750.0,0,0,95200.0,166604400.0,1.0,1762.0,1762.0,1738.0,1750.0,95200.0
2025-05-16,68100,1750.0,1753.0,1723.0,1750.0,0,0,59800.0,104170500.0,1.0,1750.0,1753.0,1723.0,1750.0,59800.0
2025-05-19,68100,1746.0,1759.0,1734.0,1754.0,0,0,63700.0,111461900.0,1.0,1746.0,1759.0,1734.0,1754.0,63700.0
2025-05-20,68100,1770.0,1770.0,1751.0,1753.0,0,0,96600.0,169870800.0,1.0,1770.0,1770.0,1751.0,1753.0,96600.0
2025-05-21,68100,1759.0,1761.0,1738.0,1744.0,0,0,105600.0,184267300.0,1.0,1759.0,1761.0,1738.0,1744.0,105600.0
2025-05-22,68100,1716.0,1735.0,1706.0,1732.0,0,0,91700.0,158507900.0,1.0,1716.0,1735.0,1706.0,1732.0,91700.0
2025-05-23,68100,1740.0,1750.0,1730.0,1735.0,0,0,79700.0,138467900.0,1.0,1740.0,1750.0,1730.0,1735.0,79700.0
2025-05-26,68100,1748.0,1763.0,1738.0,1761.0,0,0,82100.0,144226700.0,1.0,1748.0,1763.0,1738.0,1761.0,82100.0
2025-05-27,68100,1762.0,1766.0,1742.0,1757.0,0,0,64800.0,113706100.0,1.0,1762.0,1766.0,1742.0,1757.0,64800.0
2025-05-28,68100,1769.0,1777.0,1763.0,1769.0,0,0,79500.0,140658600.0,1.0,1769.0,1777.0,1763.0,1769.0,79500.0
2025-05-29,68100,1778.0,1788.0,1771.0,1787.0,0,0,118400.0,210998400.0,1.0,1778.0,1788.0,1771.0,1787.0,118400.0
2025-05-30,68100,1761.0,1810.0,1761.0,1804.0,0,0,135200.0,243325500.0,1.0,1761.0,1810.0,1761.0,1804.0,135200.0
2025-06-02,68100,1799.0,1802.0,1782.0,1800.0,0,0,76900.0,138094300.0,1.0,1799.0,1802.0,1782.0,1800.0,76900.0
2025-06-03,68100,1801.0,1805.0,1775.0,1783.0,0,0,100600.0,179759700.0,1.0,1801.0,1805.0,1775.0,1783.0,100600.0
2025-06-04,68100,1798.0,1809.0,1792.0,1801.0,0,0,70000.0,126082800.0,1.0,1798.0,1809.0,1792.0,1801.0,70000.0
2025-06-05,68100,1795.0,1814.0,1789.0,1805.0,0,0,91500.0,164894900.0,1.0,1795.0,1814.0,1789.0,1805.0,91500.0
2025-06-06,68100,1804.0,1825.0,1797.0,1800.0,0,0,60100.0,108581200.0,1.0,1804.0,1825.0,1797.0,1800.0,60100.0
2025-06-09,68100,1813.0,1815.0,1784.0,1786.0,0,0,59400.0,106661900.0,1.0,1813.0,1815.0,1784.0,1786.0,59400.0
2025-06-10,68100,1786.0,1808.0,1776.0,1779.0,0,0,98500.0,175933300.0,1.0,1786.0,1808.0,1776.0,1779.0,98500.0
2025-06-11,68100,1784.0,1795.0,1771.0,1789.0,0,0,116200.0,207479200.0,1.0,1784.0,1795.0,1771.0,1789.0,116200.0
2025-06-12,68100,1772.0,1788.0,1770.0,1788.0,0,0,84900.0,151276100.0,1.0,1772.0,1788.0,1770.0,1788.0,84900.0
2025-06-13,68100,1776.0,1788.0,1747.0,1751.0,0,0,88700.0,155900300.0,1.0,1776.0,1788.0,1747.0,1751.0,88700.0
2025-06-16,68100,1752.0,1770.0,1752.0,1765.0,0,0,75800.0,133647400.0,1.0,1752.0,1770.0,1752.0,1765.0,75800.0
2025-06-17,68100,1771.0,1803.0,1771.0,1797.0,0,0,103900.0,186031400.0,1.0,1771.0,1803.0,1771.0,1797.0,103900.0
2025-06-18,68100,1780.0,1827.0,1776.0,1822.0,0,0,120500.0,218263000.0,1.0,1780.0,1827.0,1776.0,1822.0,120500.0
2025-06-19,68100,1836.0,1850.0,1795.0,1813.0,0,0,122700.0,224114700.0,1.0,1836.0,1850.0,1795.0,1813.0,122700.0
2025-06-20,68100,1800.0,1865.0,1798.0,1841.0,0,0,194800.0,358002100.0,1.0,1800.0,1865.0,1798.0,1841.0,194800.0
2025-06-23,68100,1810.0,1840.0,1808.0,1826.0,0,0,152100.0,277536000.0,1.0,1810.0,1840.0,1808.0,1826.0,152100.0
2025-06-24,68100,1810.0,1829.0,1806.0,1817.0,0,0,104900.0,190348600.0,1.0,1810.0,1829.0,1806.0,1817.0,104900.0
2025-06-25,68100,1819.0,1830.0,1807.0,1826.0,0,0,111100.0,202385800.0,1.0,1819.0,1830.0,1807.0,1826.0,111100.0
2025-06-26,68100,1822.0,1858.0,1822.0,1850.0,0,0,118500.0,218504500.0,1.0,1822.0,1858.0,1822.0,1850.0,118500.0
2025-06-27,68100,1888.0,1894.0,1860.0,1890.0,0,0,192800.0,363060500.0,1.0,1888.0,1894.0,1860.0,1890.0,192800.0
2025-06-30,68100,1902.0,1931.0,1893.0,1901.0,0,0,238800.0,456061500.0,1.0,1902.0,1931.0,1893.0,1901.0,238800.0
2025-07-01,68100,1863.0,1907.0,1833.0,1901.0,0,0,230300.0,432094200.0,1.0,1863.0,1907.0,1833.0,1901.0,230300.0
2025-07-02,68100,1888.0,1923.0,1876.0,1914.0,0,0,118400.0,226021800.0,1.0,1888.0,1923.0,1876.0,1914.0,118400.0
2025-07-03,68100,1938.0,1947.0,1911.0,1913.0,0,0,120700.0,232905500.0,1.0,1938.0,1947.0,1911.0,1913.0,120700.0
2025-07-04,68100,1925.0,1934.0,1910.0,1910.0,0,0,78900.0,151366900.0,1.0,1925.0,1934.0,1910.0,1910.0,78900.0
2025-07-07,68100,1905.0,1905.0,1849.0,1852.0,0,0,93900.0,175423200.0,1.0,1905.0,1905.0,1849.0,1852.0,93900.0
2025-07-08,68100,1851.0,1864.0,1849.0,1857.0,0,0,125100.0,232380000.0,1.0,1851.0,1864.0,1849.0,1857.0,125100.0
2025-07-09,68100,1862.0,1886.0,1862.0,1868.0,0,0,126600.0,236931200.0,1.0,1862.0,1886.0,1862.0,1868.0,126600.0
2025-07-10,68100,1853.0,1858.0,1819.0,1832.0,0,0,178900.0,327892400.0,1.0,1853.0,1858.0,1819.0,1832.0,178900.0
2025-07-11,68100,1862.0,1866.0,1836.0,1836.0,0,0,102600.0,189337400.0,1.0,1862.0,1866.0,1836.0,1836.0,102600.0
2025-07-14,68100,1833.0,1841.0,1820.0,1825.0,0,0,74200.0,135680800.0,1.0,1833.0,1841.0,1820.0,1825.0,74200.0
2025-07-15,68100,1836.0,1852.0,1831.0,1848.0,0,0,119300.0,220146300.0,1.0,1836.0,1852.0,1831.0,1848.0,119300.0
2025-07-16,68100,1848.0,1865.0,1837.0,1838.0,0,0,113300.0,209180800.0,1.0,1848.0,1865.0,1837.0,1838.0,113300.0
2025-07-17,68100,1823.0,1851.0,1817.0,1851.0,0,0,94300.0,173607900.0,1.0,1823.0,1851.0,1817.0,1851.0,94300.0
2025-07-18,68100,1845.0,1885.0,1828.0,1853.0,0,0,150500.0,279432900.0,1.0,1845.0,1885.0,1828.0,1853.0,150500.0
2025-07-22,68100,1858.0,1892.0,1836.0,1842.0,0,0,138300.0,256687400.0,1.0,1858.0,1892.0,1836.0,1842.0,138300.0
2025-07-23,68100,1869.0,1930.0,1864.0,1920.0,0,0,203800.0,388212600.0,1.0,1869.0,1930.0,1864.0,1920.0,203800.0
2025-07-24,68100,1942.0,1950.0,1919.0,1928.0,0,0,144000.0,278459900.0,1.0,1942.0,1950.0,1919.0,1928.0,144000.0
2025-07-25,68100,1907.0,1928.0,1886.0,1922.0,0,0,136500.0,261544700.0,1.0,1907.0,1928.0,1886.0,1922.0,136500.0
2025-07-28,68100,1925.0,1977.0,1925.0,1964.0,0,0,176600.0,345606100.0,1.0,1925.0,1977.0,1925.0,1964.0,176600.0
2025-07-29,68100,1965.0,1995.0,1965.0,1995.0,0,0,160800.0,319214100.0,1.0,1965.0,1995.0,1965.0,1995.0,160800.0
2025-07-30,68100,1976.0,1999.0,1971.0,1995.0,0,0,148200.0,294371500.0,1.0,1976.0,1999.0,1971.0,1995.0,148200.0
2025-07-31,68100,1990.0,2027.0,1976.0,2015.0,0,0,156300.0,313783700.0,1.0,1990.0,2027.0,1976.0,2015.0,156300.0
2025-08-01,68100,2020.0,2045.0,1953.0,1971.0,0,0,333700.0,661782600.0,1.0,2020.0,2045.0,1953.0,1971.0,333700.0
2025-08-04,68100,1931.0,1945.0,1911.0,1930.0,0,0,149300.0,287720600.0,1.0,1931.0,1945.0,1911.0,1930.0,149300.0
2025-08-05,68100,1935.0,1954.0,1919.0,1934.0,0,0,102300.0,198424700.0,1.0,1935.0,1954.0,1919.0,1934.0,102300.0
2025-08-06,68100,1931.0,1947.0,1922.0,1935.0,0,0,117000.0,226304300.0,1.0,1931.0,1947.0,1922.0,1935.0,117000.0
2025-08-07,68100,1934.0,1956.0,1930.0,1947.0,0,0,148400.0,288331100.0,1.0,1934.0,1956.0,1930.0,1947.0,148400.0
2025-08-08,68100,1956.0,1969.0,1946.0,1957.0,0,0,90100.0,176417700.0,1.0,1956.0,1969.0,1946.0,1957.0,90100.0
2025-08-12,68100,1969.0,1988.0,1957.0,1966.0,0,0,137100.0,270092500.0,1.0,1969.0,1988.0,1957.0,1966.0,137100.0
2025-08-13,68100,1964.0,1989.0,1958.0,1971.0,0,0,172200.0,340109700.0,1.0,1964.0,1989.0,1958.0,1971.0,172200.0
2025-08-14,68100,1966.0,1966.0,1936.0,1964.0,0,0,114900.0,224749400.0,1.0,1966.0,1966.0,1936.0,1964.0,114900.0
2025-08-15,68100,1955.0,1987.0,1950.0,1986.0,0,0,151900.0,299902200.0,1.0,1955.0,1987.0,1950.0,1986.0,151900.0
2025-08-18,68100,1986.0,2028.0,1978.0,2028.0,0,0,196000.0,393567500.0,1.0,1986.0,2028.0,1978.0,2028.0,196000.0
2025-08-19,68100,2019.0,2035.0,2010.0,2023.0,0,0,91500.0,185094500.0,1.0,2019.0,2035.0,2010.0,2023.0,91500.0
2025-08-20,68100,2015.0,2031.0,2013.0,2018.0,0,0,82900.0,167535600.0,1.0,2015.0,2031.0,2013.0,2018.0,82900.0
2025-08-21,68100,2011.0,2034.0,2004.0,2020.0,0,0,93300.0,188626700.0,1.0,2011.0,2034.0,2004.0,2020.0,93300.0
2025-08-22,68100,2034.0,2038.0,2019.0,2038.0,0,0,89100.0,181154800.0,1.0,2034.0,2038.0,2019.0,2038.0,89100.0
2025-08-25,68100,2040.0,2070.0,2039.0,2069.0,0,0,149200.0,306732500.0,1.0,2040.0,2070.0,2039.0,2069.0,149200.0
2025-08-26,68100,2075.0,2077.0,2049.0,2070.0,0,0,110900.0,229301600.0,1.0,2075.0,2077.0,2049.0,2070.0,110900.0
2025-08-27,68100,2075.0,2075.0,2044.0,2060.0,0,0,98400.0,202961700.0,1.0,2075.0,2075.0,2044.0,2060.0,98400.0
2025-08-28,68100,2070.0,2082.0,2054.0,2065.0,0,0,90000.0,186168000.0,1.0,2070.0,2082.0,2054.0,2065.0,90000.0
2025-08-29,68100,2085.0,2089.0,2070.0,2074.0,0,0,107900.0,224249000.0,1.0,2085.0,2089.0,2070.0,2074.0,107900.0
2025-09-01,68100,2100.0,2100.0,2048.0,2089.0,0,0,197400.0,409913400.0,1.0,2100.0,2100.0,2048.0,2089.0,197400.0
2025-09-02,68100,2114.0,2138.0,2086.0,2102.0,0,0,163900.0,345760800.0,1.0,2114.0,2138.0,2086.0,2102.0,163900.0
2025-09-03,68100,2112.0,2118.0,2079.0,2093.0,0,0,97300.0,204067100.0,1.0,2112.0,2118.0,2079.0,2093.0,97300.0
2025-09-04,68100,2091.0,2101.0,2063.0,2092.0,0,0,118000.0,246237400.0,1.0,2091.0,2101.0,2063.0,2092.0,118000.0
2025-09-05,68100,2112.0,2143.0,2099.0,2141.0,0,0,101900.0,216968000.0,1.0,2112.0,2143.0,2099.0,2141.0,101900.0
2025-09-08,68100,2152.0,2167.0,2138.0,2153.0,0,0,112700.0,242818600.0,1.0,2152.0,2167.0,2138.0,2153.0,112700.0
2025-09-09,68100,2159.0,2171.0,2122.0,2131.0,0,0,112000.0,239706800.0,1.0,2159.0,2171.0,2122.0,2131.0,112000.0
2025-09-10,68100,2134.0,2138.0,2118.0,2132.0,0,0,75100.0,160016600.0,1.0,2134.0,2138.0,2118.0,2132.0,75100.0
2025-09-11,68100,2168.0,2187.0,2146.0,2187.0,0,0,151200.0,328837600.0,1.0,2168.0,2187.0,2146.0,2187.0,151200.0
2025-09-12,68100,2200.0,2204.0,2163.0,2172.0,0,0,252900.0,552362700.0,1.0,2200.0,2204.0,2163.0,2172.0,252900.0
2025-09-16,68100,2172.0,2191.0,2157.0,2165.0,0,0,173500.0,376621700.0,1.0,2172.0,2191.0,2157.0,2165.0,173500.0
2025-09-17,68100,2151.0,2158.0,2131.0,2135.0,0,0,179600.0,384867600.0,1.0,2151.0,2158.0,2131.0,2135.0,179600.0
2025-09-18,68100,2141.0,2152.0,2125.0,2139.0,0,0,161600.0,345567900.0,1.0,2141.0,2152.0,2125.0,2139.0,161600.0
2025-09-19,68100,2143.0,2153.0,2096.0,2130.0,0,0,283700.0,604384500.0,1.0,2143.0,2153.0,2096.0,2130.0,283700.0
2025-09-22,68100,2148.0,2163.0,2138.0,2147.0,0,0,105600.0,226841900.0,1.0,2148.0,2163.0,2138.0,2147.0,105600.0
2025-09-24,68100,2132.0,2140.0,2123.0,2130.0,0,0,136900.0,291618700.0,1.0,2132.0,2140.0,2123.0,2130.0,136900.0
2025-09-25,68100,2130.0,2170.0,2129.0,2156.0,0,0,133800.0,288205000.0,1.0,2130.0,2170.0,2129.0,2156.0,133800.0
2025-09-26,68100,2135.0,2186.0,2135.0,2173.0,0,0,136000.0,295436900.0,1.0,2135.0,2186.0,2135.0,2173.0,136000.0
2025-09-29,68100,2168.0,2169.0,2111.0,2115.0,0,0,118000.0,250990700.0,1.0,2168.0,2169.0,2111.0,2115.0,118000.0
2025-09-30,68100,2104.0,2140.0,2103.0,2135.0,0,0,147800.0,314713000.0,1.0,2104.0,2140.0,2103.0,2135.0,147800.0
2025-10-01,68100,2120.0,2120.0,2050.0,2069.0,0,0,141300.0,292755100.0,1.0,2120.0,2120.0,2050.0,2069.0,141300.0
2025-10-02,68100,2069.0,2082.0,2046.0,2078.0,0,0,92800.0,192119700.0,1.0,2069.0,2082.0,2046.0,2078.0,92800.0
2025-10-03,68100,2093.0,2130.0,2091.0,2128.0,0,0,153500.0,325637700.0,1.0,2093.0,2130.0,2091.0,2128.0,153500.0
2025-10-06,68100,2209.0,2209.0,2145.0,2160.0,0,0,202500.0,438420200.0,1.0,2209.0,2209.0,2145.0,2160.0,202500.0
2025-10-07,68100,2160.0,2174.0,2143.0,2173.0,0,0,153700.0,333074700.0,1.0,2160.0,2174.0,2143.0,2173.0,153700.0
2025-10-08,68100,2165.0,2184.0,2150.0,2159.0,0,0,171600.0,371526700.0,1.0,2165.0,2184.0,2150.0,2159.0,171600.0
2025-10-09,68100,2159.0,2192.0,2150.0,2178.0,0,0,142500.0,310270200.0,1.0,2159.0,2192.0,2150.0,2178.0,142500.0
2025-10-10,68100,2151.0,2151.0,2117.0,2122.0,0,0,145500.0,309654900.0,1.0,2151.0,2151.0,2117.0,2122.0,145500.0
2025-10-14,68100,2078.0,2121.0,2038.0,2046.0,0,0,242100.0,499827700.0,1.0,2078.0,2121.0,2038.0,2046.0,242100.0
2025-10-15,68100,2076.0,2131.0,2073.0,2119.0,0,0,162100.0,342469100.0,1.0,2076.0,2131.0,2073.0,2119.0,162100.0
2025-10-16,68100,2130.0,2160.0,2125.0,2140.0,0,0,170900.0,365263500.0,1.0,2130.0,2160.0,2125.0,2140.0,170900.0
2025-10-17,68100,2130.0,2140.0,2109.0,2117.0,0,0,125700.0,266766900.0,1.0,2130.0,2140.0,2109.0,2117.0,125700.0
2025-10-20,68100,2155.0,2177.0,2147.0,2172.0,0,0,126600.0,274434900.0,1.0,2155.0,2177.0,2147.0,2172.0,126600.0
2025-10-21,68100,2180.0,2192.0,2167.0,2171.0,0,0,116000.0,252870400.0,1.0,2180.0,2192.0,2167.0,2171.0,116000.0
2025-10-22,68100,2160.0,2180.0,2147.0,2168.0,0,0,164100.0,355240700.0,1.0,2160.0,2180.0,2147.0,2168.0,164100.0
2025-10-23,68100,2154.0,2188.0,2145.0,2187.0,0,0,119200.0,259742000.0,1.0,2154.0,2188.0,2145.0,2187.0,119200.0
2025-10-24,68100,2200.0,2224.0,2190.0,2211.0,0,0,157100.0,346961800.0,1.0,2200.0,2224.0,2190.0,2211.0,157100.0
2025-10-27,68100,2261.0,2325.0,2250.0,2325.0,0,0,352100.0,808444400.0,1.0,2261.0,2325.0,2250.0,2325.0,352100.0
2025-10-28,68100,2324.0,2324.0,2225.0,2231.0,0,0,206400.0,467781400.0,1.0,2324.0,2324.0,2225.0,2231.0,206400.0
2025-10-29,68100,2225.0,2241.0,2201.0,2209.0,0,0,136300.0,301877800.0,1.0,2225.0,2241.0,2201.0,2209.0,136300.0
