Date,Code,Open,High,Low,Close,UpperLimit,LowerLimit,Volume,TurnoverValue,AdjustmentFactor,AdjustmentOpen,AdjustmentHigh,AdjustmentLow,AdjustmentClose,AdjustmentVolume
2020-10-29,68440,2008.0,2016.0,1987.0,1999.0,0,0,36400.0,72798700.0,1.0,2008.0,2016.0,1987.0,1999.0,36400.0
2020-10-30,68440,2008.0,2008.0,1967.0,1987.0,0,0,58500.0,115809900.0,1.0,2008.0,2008.0,1967.0,1987.0,58500.0
2020-11-02,68440,1987.0,2068.0,1987.0,2055.0,0,0,68900.0,140842700.0,1.0,1987.0,2068.0,1987.0,2055.0,68900.0
2020-11-04,68440,2068.0,2085.0,2047.0,2059.0,0,0,63500.0,130986500.0,1.0,2068.0,2085.0,2047.0,2059.0,63500.0
2020-11-05,68440,2077.0,2176.0,2036.0,2148.0,0,0,130800.0,278105200.0,1.0,2077.0,2176.0,2036.0,2148.0,130800.0
2020-11-06,68440,2198.0,2295.0,2189.0,2277.0,0,0,163600.0,369413500.0,1.0,2198.0,2295.0,2189.0,2277.0,163600.0
2020-11-09,68440,2250.0,2432.0,2195.0,2415.0,0,0,292000.0,689030400.0,1.0,2250.0,2432.0,2195.0,2415.0,292000.0
2020-11-10,68440,2415.0,2493.0,2305.0,2348.0,0,0,134900.0,319018800.0,1.0,2415.0,2493.0,2305.0,2348.0,134900.0
2020-11-11,68440,2409.0,2493.0,2369.0,2474.0,0,0,179400.0,439772700.0,1.0,2409.0,2493.0,2369.0,2474.0,179400.0
2020-11-12,68440,2492.0,2560.0,2450.0,2481.0,0,0,83300.0,208933400.0,1.0,2492.0,2560.0,2450.0,2481.0,83300.0
2020-11-13,68440,2479.0,2479.0,2370.0,2410.0,0,0,66500.0,160321900.0,1.0,2479.0,2479.0,2370.0,2410.0,66500.0
2020-11-16,68440,2457.0,2500.0,2422.0,2431.0,0,0,64300.0,157607500.0,1.0,2457.0,2500.0,2422.0,2431.0,64300.0
2020-11-17,68440,2455.0,2460.0,2391.0,2408.0,0,0,79300.0,191782600.0,1.0,2455.0,2460.0,2391.0,2408.0,79300.0
2020-11-18,68440,2382.0,2382.0,2280.0,2323.0,0,0,88500.0,205840700.0,1.0,2382.0,2382.0,2280.0,2323.0,88500.0
2020-11-19,68440,2311.0,2324.0,2267.0,2302.0,0,0,128000.0,294383200.0,1.0,2311.0,2324.0,2267.0,2302.0,128000.0
2020-11-20,68440,2297.0,2368.0,2273.0,2339.0,0,0,84400.0,197565500.0,1.0,2297.0,2368.0,2273.0,2339.0,84400.0
2020-11-24,68440,2405.0,2490.0,2387.0,2395.0,0,0,105300.0,255765000.0,1.0,2405.0,2490.0,2387.0,2395.0,105300.0
2020-11-25,68440,2441.0,2464.0,2360.0,2360.0,0,0,78000.0,187778100.0,1.0,2441.0,2464.0,2360.0,2360.0,78000.0
2020-11-26,68440,2397.0,2409.0,2311.0,2353.0,0,0,82300.0,193324800.0,1.0,2397.0,2409.0,2311.0,2353.0,82300.0
2020-11-27,68440,2398.0,2436.0,2361.0,2412.0,0,0,63900.0,154015700.0,1.0,2398.0,2436.0,2361.0,2412.0,63900.0
2020-11-30,68440,2430.0,2467.0,2293.0,2346.0,0,0,264200.0,621090500.0,1.0,2430.0,2467.0,2293.0,2346.0,264200.0
2020-12-01,68440,2314.0,2351.0,2292.0,2332.0,0,0,51100.0,119039500.0,1.0,2314.0,2351.0,2292.0,2332.0,51100.0
2020-12-02,68440,2339.0,2407.0,2337.0,2395.0,0,0,103200.0,244899300.0,1.0,2339.0,2407.0,2337.0,2395.0,103200.0
2020-12-03,68440,2445.0,2555.0,2409.0,2529.0,0,0,168500.0,422077900.0,1.0,2445.0,2555.0,2409.0,2529.0,168500.0
2020-12-04,68440,2585.0,2689.0,2585.0,2656.0,0,0,139800.0,369769900.0,1.0,2585.0,2689.0,2585.0,2656.0,139800.0
2020-12-07,68440,2706.0,2749.0,2547.0,2588.0,0,0,133400.0,351007300.0,1.0,2706.0,2749.0,2547.0,2588.0,133400.0
2020-12-08,68440,2552.0,2608.0,2500.0,2567.0,0,0,64000.0,163997700.0,1.0,2552.0,2608.0,2500.0,2567.0,64000.0
2020-12-09,68440,2568.0,2686.0,2568.0,2663.0,0,0,79900.0,211020600.0,1.0,2568.0,2686.0,2568.0,2663.0,79900.0
2020-12-10,68440,2709.0,2741.0,2565.0,2567.0,0,0,148600.0,393454400.0,1.0,2709.0,2741.0,2565.0,2567.0,148600.0
2020-12-11,68440,2570.0,2615.0,2536.0,2552.0,0,0,62200.0,159332200.0,1.0,2570.0,2615.0,2536.0,2552.0,62200.0
2020-12-14,68440,2560.0,2628.0,2546.0,2596.0,0,0,50800.0,132007400.0,1.0,2560.0,2628.0,2546.0,2596.0,50800.0
2020-12-15,68440,2635.0,2646.0,2557.0,2596.0,0,0,58100.0,150244400.0,1.0,2635.0,2646.0,2557.0,2596.0,58100.0
2020-12-16,68440,2600.0,2610.0,2504.0,2520.0,0,0,70300.0,178134400.0,1.0,2600.0,2610.0,2504.0,2520.0,70300.0
2020-12-17,68440,2503.0,2506.0,2412.0,2422.0,0,0,81800.0,199222600.0,1.0,2503.0,2506.0,2412.0,2422.0,81800.0
2020-12-18,68440,2402.0,2501.0,2387.0,2496.0,0,0,92800.0,227729100.0,1.0,2402.0,2501.0,2387.0,2496.0,92800.0
2020-12-21,68440,2496.0,2518.0,2380.0,2396.0,0,0,55700.0,134773600.0,1.0,2496.0,2518.0,2380.0,2396.0,55700.0
2020-12-22,68440,2384.0,2384.0,2303.0,2325.0,0,0,55000.0,128629100.0,1.0,2384.0,2384.0,2303.0,2325.0,55000.0
2020-12-23,68440,2339.0,2377.0,2272.0,2372.0,0,0,108600.0,252472800.0,1.0,2339.0,2377.0,2272.0,2372.0,108600.0
2020-12-24,68440,2374.0,2432.0,2352.0,2404.0,0,0,52100.0,124965800.0,1.0,2374.0,2432.0,2352.0,2404.0,52100.0
2020-12-25,68440,2419.0,2419.0,2345.0,2375.0,0,0,35000.0,83002800.0,1.0,2419.0,2419.0,2345.0,2375.0,35000.0
2020-12-28,68440,2418.0,2506.0,2407.0,2489.0,0,0,108500.0,267873700.0,1.0,2418.0,2506.0,2407.0,2489.0,108500.0
2020-12-29,68440,2500.0,2582.0,2500.0,2574.0,0,0,76100.0,194435800.0,1.0,2500.0,2582.0,2500.0,2574.0,76100.0
2020-12-30,68440,2610.0,2610.0,2540.0,2565.0,0,0,49900.0,128317900.0,1.0,2610.0,2610.0,2540.0,2565.0,49900.0
2021-01-04,68440,2631.0,2631.0,2462.0,2528.0,0,0,58000.0,146577200.0,1.0,2631.0,2631.0,2462.0,2528.0,58000.0
2021-01-05,68440,2490.0,2577.0,2468.0,2520.0,0,0,63400.0,160286600.0,1.0,2490.0,2577.0,2468.0,2520.0,63400.0
2021-01-06,68440,2533.0,2565.0,2495.0,2518.0,0,0,41800.0,105482600.0,1.0,2533.0,2565.0,2495.0,2518.0,41800.0
2021-01-07,68440,2560.0,2586.0,2504.0,2508.0,0,0,60100.0,152526100.0,1.0,2560.0,2586.0,2504.0,2508.0,60100.0
2021-01-08,68440,2529.0,2629.0,2513.0,2629.0,0,0,73100.0,189480500.0,1.0,2529.0,2629.0,2513.0,2629.0,73100.0
2021-01-12,68440,2677.0,2852.0,2662.0,2840.0,0,0,163600.0,456249900.0,1.0,2677.0,2852.0,2662.0,2840.0,163600.0
2021-01-13,68440,2879.0,2948.0,2802.0,2890.0,0,0,119800.0,343686900.0,1.0,2879.0,2948.0,2802.0,2890.0,119800.0
2021-01-14,68440,2984.0,3000.0,2809.0,2848.0,0,0,143400.0,417022500.0,1.0,2984.0,3000.0,2809.0,2848.0,143400.0
2021-01-15,68440,2868.0,2930.0,2820.0,2858.0,0,0,90600.0,259523600.0,1.0,2868.0,2930.0,2820.0,2858.0,90600.0
2021-01-18,68440,2820.0,2823.0,2755.0,2796.0,0,0,70100.0,195376400.0,1.0,2820.0,2823.0,2755.0,2796.0,70100.0
2021-01-19,68440,2830.0,2924.0,2830.0,2882.0,0,0,68400.0,197888200.0,1.0,2830.0,2924.0,2830.0,2882.0,68400.0
2021-01-20,68440,2932.0,2972.0,2883.0,2917.0,0,0,44800.0,130574500.0,1.0,2932.0,2972.0,2883.0,2917.0,44800.0
2021-01-21,68440,2917.0,2939.0,2852.0,2902.0,0,0,63600.0,184195500.0,1.0,2917.0,2939.0,2852.0,2902.0,63600.0
2021-01-22,68440,2910.0,2946.0,2877.0,2878.0,0,0,43700.0,126801400.0,1.0,2910.0,2946.0,2877.0,2878.0,43700.0
2021-01-25,68440,2900.0,2979.0,2895.0,2925.0,0,0,59700.0,174850800.0,1.0,2900.0,2979.0,2895.0,2925.0,59700.0
2021-01-26,68440,2925.0,2927.0,2836.0,2870.0,0,0,63400.0,181992600.0,1.0,2925.0,2927.0,2836.0,2870.0,63400.0
2021-01-27,68440,2902.0,2937.0,2766.0,2800.0,0,0,87900.0,247193000.0,1.0,2902.0,2937.0,2766.0,2800.0,87900.0
2021-01-28,68440,2709.0,2851.0,2700.0,2820.0,0,0,130300.0,364561800.0,1.0,2709.0,2851.0,2700.0,2820.0,130300.0
2021-01-29,68440,2819.0,2846.0,2680.0,2681.0,0,0,73500.0,201049600.0,1.0,2819.0,2846.0,2680.0,2681.0,73500.0
2021-02-01,68440,2657.0,2793.0,2629.0,2786.0,0,0,61000.0,166715800.0,1.0,2657.0,2793.0,2629.0,2786.0,61000.0
2021-02-02,68440,2786.0,2880.0,2770.0,2880.0,0,0,48500.0,137550200.0,1.0,2786.0,2880.0,2770.0,2880.0,48500.0
2021-02-03,68440,2906.0,2928.0,2851.0,2895.0,0,0,49000.0,141561300.0,1.0,2906.0,2928.0,2851.0,2895.0,49000.0
2021-02-04,68440,2918.0,2918.0,2869.0,2898.0,0,0,35000.0,101282500.0,1.0,2918.0,2918.0,2869.0,2898.0,35000.0
2021-02-05,68440,2912.0,2970.0,2895.0,2961.0,0,0,60000.0,176439800.0,1.0,2912.0,2970.0,2895.0,2961.0,60000.0
2021-02-08,68440,2998.0,3030.0,2936.0,2969.0,0,0,80600.0,239431200.0,1.0,2998.0,3030.0,2936.0,2969.0,80600.0
2021-02-09,68440,2968.0,3160.0,2854.0,3140.0,0,0,187100.0,564700700.0,1.0,2968.0,3160.0,2854.0,3140.0,187100.0
2021-02-10,68440,3100.0,3180.0,3050.0,3105.0,0,0,62100.0,193089000.0,1.0,3100.0,3180.0,3050.0,3105.0,62100.0
2021-02-12,68440,3175.0,3270.0,3150.0,3235.0,0,0,84900.0,273021500.0,1.0,3175.0,3270.0,3150.0,3235.0,84900.0
2021-02-15,68440,3270.0,3315.0,3160.0,3170.0,0,0,67300.0,216596000.0,1.0,3270.0,3315.0,3160.0,3170.0,67300.0
2021-02-16,68440,3190.0,3190.0,3040.0,3080.0,0,0,60500.0,186165000.0,1.0,3190.0,3190.0,3040.0,3080.0,60500.0
2021-02-17,68440,3045.0,3150.0,3020.0,3150.0,0,0,48100.0,149352000.0,1.0,3045.0,3150.0,3020.0,3150.0,48100.0
2021-02-18,68440,3120.0,3120.0,3000.0,3010.0,0,0,54000.0,163905500.0,1.0,3120.0,3120.0,3000.0,3010.0,54000.0
2021-02-19,68440,2985.0,3085.0,2985.0,3015.0,0,0,36900.0,111711500.0,1.0,2985.0,3085.0,2985.0,3015.0,36900.0
2021-02-22,68440,3085.0,3220.0,3070.0,3160.0,0,0,83500.0,263825500.0,1.0,3085.0,3220.0,3070.0,3160.0,83500.0
2021-02-24,68440,3150.0,3150.0,3055.0,3070.0,0,0,46700.0,144629500.0,1.0,3150.0,3150.0,3055.0,3070.0,46700.0
2021-02-25,68440,3140.0,3275.0,3125.0,3200.0,0,0,166600.0,533824500.0,1.0,3140.0,3275.0,3125.0,3200.0,166600.0
2021-02-26,68440,3140.0,3150.0,3050.0,3075.0,0,0,68300.0,211826000.0,1.0,3140.0,3150.0,3050.0,3075.0,68300.0
2021-03-01,68440,3180.0,3340.0,3160.0,3315.0,0,0,130100.0,427185500.0,1.0,3180.0,3340.0,3160.0,3315.0,130100.0
2021-03-02,68440,3360.0,3415.0,3210.0,3260.0,0,0,97600.0,321779500.0,1.0,3360.0,3415.0,3210.0,3260.0,97600.0
2021-03-03,68440,3300.0,3470.0,3260.0,3460.0,0,0,133200.0,454083000.0,1.0,3300.0,3470.0,3260.0,3460.0,133200.0
2021-03-04,68440,3430.0,3575.0,3420.0,3475.0,0,0,113600.0,396595000.0,1.0,3430.0,3575.0,3420.0,3475.0,113600.0
2021-03-05,68440,3440.0,3440.0,3265.0,3365.0,0,0,82500.0,275672000.0,1.0,3440.0,3440.0,3265.0,3365.0,82500.0
2021-03-08,68440,3430.0,3450.0,3280.0,3320.0,0,0,59600.0,198755500.0,1.0,3430.0,3450.0,3280.0,3320.0,59600.0
2021-03-09,68440,3360.0,3455.0,3285.0,3440.0,0,0,64200.0,218690000.0,1.0,3360.0,3455.0,3285.0,3440.0,64200.0
2021-03-10,68440,3470.0,3490.0,3380.0,3390.0,0,0,53300.0,181959000.0,1.0,3470.0,3490.0,3380.0,3390.0,53300.0
2021-03-11,68440,3390.0,3395.0,3295.0,3330.0,0,0,60200.0,200452000.0,1.0,3390.0,3395.0,3295.0,3330.0,60200.0
2021-03-12,68440,3330.0,3375.0,3285.0,3340.0,0,0,69300.0,231097500.0,1.0,3330.0,3375.0,3285.0,3340.0,69300.0
2021-03-15,68440,3340.0,3440.0,3290.0,3335.0,0,0,70000.0,234005500.0,1.0,3340.0,3440.0,3290.0,3335.0,70000.0
2021-03-16,68440,3335.0,3395.0,3220.0,3310.0,0,0,109000.0,358410500.0,1.0,3335.0,3395.0,3220.0,3310.0,109000.0
2021-03-17,68440,3325.0,3350.0,3270.0,3275.0,0,0,42800.0,141191500.0,1.0,3325.0,3350.0,3270.0,3275.0,42800.0
2021-03-18,68440,3330.0,3395.0,3305.0,3370.0,0,0,71100.0,239005500.0,1.0,3330.0,3395.0,3305.0,3370.0,71100.0
2021-03-19,68440,3275.0,3385.0,3255.0,3355.0,0,0,60800.0,202279000.0,1.0,3275.0,3385.0,3255.0,3355.0,60800.0
2021-03-22,68440,3380.0,3415.0,3310.0,3355.0,0,0,50400.0,169762500.0,1.0,3380.0,3415.0,3310.0,3355.0,50400.0
2021-03-23,68440,3390.0,3405.0,3295.0,3295.0,0,0,50000.0,167604500.0,1.0,3390.0,3405.0,3295.0,3295.0,50000.0
2021-03-24,68440,3215.0,3215.0,3100.0,3130.0,0,0,94500.0,298020000.0,1.0,3215.0,3215.0,3100.0,3130.0,94500.0
2021-03-25,68440,3130.0,3210.0,3105.0,3185.0,0,0,44400.0,141257000.0,1.0,3130.0,3210.0,3105.0,3185.0,44400.0
2021-03-26,68440,3250.0,3310.0,3240.0,3290.0,0,0,36200.0,118615500.0,1.0,3250.0,3310.0,3240.0,3290.0,36200.0
2021-03-29,68440,3330.0,3380.0,3185.0,3235.0,0,0,60000.0,195330000.0,1.0,3330.0,3380.0,3185.0,3235.0,60000.0
2021-03-30,68440,3165.0,3290.0,3165.0,3285.0,0,0,43200.0,140294500.0,1.0,3165.0,3290.0,3165.0,3285.0,43200.0
2021-03-31,68440,3290.0,3310.0,3235.0,3250.0,0,0,52500.0,171467500.0,1.0,3290.0,3310.0,3235.0,3250.0,52500.0
2021-04-01,68440,3280.0,3420.0,3280.0,3360.0,0,0,89300.0,299880000.0,1.0,3280.0,3420.0,3280.0,3360.0,89300.0
2021-04-02,68440,3390.0,3450.0,3320.0,3435.0,0,0,87300.0,295955000.0,1.0,3390.0,3450.0,3320.0,3435.0,87300.0
2021-04-05,68440,3480.0,3560.0,3450.0,3520.0,0,0,101300.0,356314000.0,1.0,3480.0,3560.0,3450.0,3520.0,101300.0
2021-04-06,68440,3500.0,3500.0,3345.0,3380.0,0,0,79900.0,272498000.0,1.0,3500.0,3500.0,3345.0,3380.0,79900.0
2021-04-07,68440,3365.0,3430.0,3365.0,3405.0,0,0,36200.0,123098500.0,1.0,3365.0,3430.0,3365.0,3405.0,36200.0
2021-04-08,68440,3375.0,3410.0,3260.0,3300.0,0,0,64200.0,212271000.0,1.0,3375.0,3410.0,3260.0,3300.0,64200.0
2021-04-09,68440,3335.0,3335.0,3270.0,3275.0,0,0,27400.0,90166000.0,1.0,3335.0,3335.0,3270.0,3275.0,27400.0
2021-04-12,68440,3275.0,3320.0,3225.0,3250.0,0,0,42100.0,137242500.0,1.0,3275.0,3320.0,3225.0,3250.0,42100.0
2021-04-13,68440,3235.0,3330.0,3225.0,3275.0,0,0,28100.0,92235500.0,1.0,3235.0,3330.0,3225.0,3275.0,28100.0
2021-04-14,68440,3280.0,3280.0,3225.0,3280.0,0,0,25100.0,81855000.0,1.0,3280.0,3280.0,3225.0,3280.0,25100.0
2021-04-15,68440,3295.0,3380.0,3295.0,3360.0,0,0,34700.0,115890000.0,1.0,3295.0,3380.0,3295.0,3360.0,34700.0
2021-04-16,68440,3450.0,3615.0,3445.0,3505.0,0,0,219100.0,776183500.0,1.0,3450.0,3615.0,3445.0,3505.0,219100.0
2021-04-19,68440,3510.0,3660.0,3510.0,3585.0,0,0,117900.0,425455500.0,1.0,3510.0,3660.0,3510.0,3585.0,117900.0
2021-04-20,68440,3555.0,3600.0,3500.0,3545.0,0,0,85000.0,301756500.0,1.0,3555.0,3600.0,3500.0,3545.0,85000.0
2021-04-21,68440,3465.0,3480.0,3375.0,3380.0,0,0,71700.0,244819000.0,1.0,3465.0,3480.0,3375.0,3380.0,71700.0
2021-04-22,68440,3450.0,3560.0,3450.0,3465.0,0,0,81800.0,285683000.0,1.0,3450.0,3560.0,3450.0,3465.0,81800.0
2021-04-23,68440,3450.0,3450.0,3375.0,3390.0,0,0,55200.0,187704000.0,1.0,3450.0,3450.0,3375.0,3390.0,55200.0
2021-04-26,68440,3460.0,3505.0,3420.0,3420.0,0,0,46300.0,159871000.0,1.0,3460.0,3505.0,3420.0,3420.0,46300.0
2021-04-27,68440,3490.0,3510.0,3410.0,3410.0,0,0,57300.0,197411500.0,1.0,3490.0,3510.0,3410.0,3410.0,57300.0
2021-04-28,68440,3410.0,3475.0,3410.0,3420.0,0,0,55400.0,190430000.0,1.0,3410.0,3475.0,3410.0,3420.0,55400.0
2021-04-30,68440,3445.0,3515.0,3415.0,3420.0,0,0,47700.0,164673500.0,1.0,3445.0,3515.0,3415.0,3420.0,47700.0
2021-05-06,68440,3455.0,3555.0,3420.0,3530.0,0,0,71100.0,249702000.0,1.0,3455.0,3555.0,3420.0,3530.0,71100.0
2021-05-07,68440,3545.0,3625.0,3505.0,3575.0,0,0,62400.0,222793500.0,1.0,3545.0,3625.0,3505.0,3575.0,62400.0
2021-05-10,68440,3630.0,3740.0,3580.0,3610.0,0,0,71800.0,261040000.0,1.0,3630.0,3740.0,3580.0,3610.0,71800.0
2021-05-11,68440,3585.0,3625.0,3495.0,3500.0,0,0,68200.0,241260000.0,1.0,3585.0,3625.0,3495.0,3500.0,68200.0
2021-05-12,68440,3505.0,3515.0,3390.0,3395.0,0,0,82800.0,285362000.0,1.0,3505.0,3515.0,3390.0,3395.0,82800.0
2021-05-13,68440,3450.0,3565.0,3410.0,3480.0,0,0,146600.0,512479000.0,1.0,3450.0,3565.0,3410.0,3480.0,146600.0
2021-05-14,68440,3515.0,3565.0,3390.0,3390.0,0,0,98900.0,341876000.0,1.0,3515.0,3565.0,3390.0,3390.0,98900.0
2021-05-17,68440,3460.0,3475.0,3290.0,3380.0,0,0,92100.0,309551500.0,1.0,3460.0,3475.0,3290.0,3380.0,92100.0
2021-05-18,68440,3380.0,3545.0,3330.0,3535.0,0,0,106300.0,368254500.0,1.0,3380.0,3545.0,3330.0,3535.0,106300.0
2021-05-19,68440,3465.0,3535.0,3415.0,3420.0,0,0,64200.0,221831500.0,1.0,3465.0,3535.0,3415.0,3420.0,64200.0
2021-05-20,68440,3455.0,3500.0,3405.0,3450.0,0,0,56700.0,195363000.0,1.0,3455.0,3500.0,3405.0,3450.0,56700.0
2021-05-21,68440,3460.0,3520.0,3420.0,3490.0,0,0,47200.0,163733000.0,1.0,3460.0,3520.0,3420.0,3490.0,47200.0
2021-05-24,68440,3460.0,3535.0,3460.0,3465.0,0,0,36800.0,128494000.0,1.0,3460.0,3535.0,3460.0,3465.0,36800.0
2021-05-25,68440,3505.0,3520.0,3415.0,3415.0,0,0,52900.0,182963500.0,1.0,3505.0,3520.0,3415.0,3415.0,52900.0
2021-05-26,68440,3420.0,3495.0,3410.0,3490.0,0,0,56700.0,195572000.0,1.0,3420.0,3495.0,3410.0,3490.0,56700.0
2021-05-27,68440,3490.0,3565.0,3485.0,3485.0,0,0,72900.0,257329000.0,1.0,3490.0,3565.0,3485.0,3485.0,72900.0
2021-05-28,68440,3570.0,3595.0,3505.0,3595.0,0,0,91600.0,325604500.0,1.0,3570.0,3595.0,3505.0,3595.0,91600.0
2021-05-31,68440,3635.0,3795.0,3610.0,3740.0,0,0,189100.0,702669500.0,1.0,3635.0,3795.0,3610.0,3740.0,189100.0
2021-06-01,68440,3770.0,3960.0,3760.0,3945.0,0,0,169600.0,658772500.0,1.0,3770.0,3960.0,3760.0,3945.0,169600.0
2021-06-02,68440,4035.0,4135.0,3960.0,3975.0,0,0,260100.0,1051992000.0,1.0,4035.0,4135.0,3960.0,3975.0,260100.0
2021-06-03,68440,4000.0,4065.0,3905.0,4040.0,0,0,135000.0,540036500.0,1.0,4000.0,4065.0,3905.0,4040.0,135000.0
2021-06-04,68440,4055.0,4265.0,4025.0,4220.0,0,0,177500.0,741359000.0,1.0,4055.0,4265.0,4025.0,4220.0,177500.0
2021-06-07,68440,4295.0,4315.0,4180.0,4185.0,0,0,124600.0,528399500.0,1.0,4295.0,4315.0,4180.0,4185.0,124600.0
2021-06-08,68440,4185.0,4195.0,4050.0,4115.0,0,0,84900.0,350200500.0,1.0,4185.0,4195.0,4050.0,4115.0,84900.0
2021-06-09,68440,4080.0,4105.0,3935.0,3950.0,0,0,129600.0,516240500.0,1.0,4080.0,4105.0,3935.0,3950.0,129600.0
2021-06-10,68440,4180.0,4270.0,4015.0,4205.0,0,0,398100.0,1648431000.0,1.0,4180.0,4270.0,4015.0,4205.0,398100.0
2021-06-11,68440,4295.0,4540.0,4290.0,4450.0,0,0,503000.0,2223478000.0,1.0,4295.0,4540.0,4290.0,4450.0,503000.0
2021-06-14,68440,4570.0,4935.0,4505.0,4885.0,0,0,672200.0,3184200000.0,1.0,4570.0,4935.0,4505.0,4885.0,672200.0
2021-06-15,68440,4750.0,4875.0,4610.0,4775.0,0,0,523400.0,2479881000.0,1.0,4750.0,4875.0,4610.0,4775.0,523400.0
2021-06-16,68440,4760.0,4915.0,4710.0,4910.0,0,0,309000.0,1488596500.0,1.0,4760.0,4915.0,4710.0,4910.0,309000.0
2021-06-17,68440,5070.0,5270.0,5010.0,5160.0,0,0,496700.0,2545752000.0,1.0,5070.0,5270.0,5010.0,5160.0,496700.0
2021-06-18,68440,5080.0,5180.0,4740.0,4755.0,0,0,467100.0,2291507000.0,1.0,5080.0,5180.0,4740.0,4755.0,467100.0
2021-06-21,68440,4590.0,4930.0,4575.0,4775.0,0,0,445000.0,2124624000.0,1.0,4590.0,4930.0,4575.0,4775.0,445000.0
2021-06-22,68440,4915.0,5040.0,4850.0,4995.0,0,0,339100.0,1676366000.0,1.0,4915.0,5040.0,4850.0,4995.0,339100.0
2021-06-23,68440,5040.0,5110.0,4850.0,4920.0,0,0,231600.0,1147516500.0,1.0,5040.0,5110.0,4850.0,4920.0,231600.0
2021-06-24,68440,4870.0,4905.0,4765.0,4800.0,0,0,151500.0,731290000.0,1.0,4870.0,4905.0,4765.0,4800.0,151500.0
2021-06-25,68440,4855.0,4955.0,4805.0,4825.0,0,0,151800.0,739993000.0,1.0,4855.0,4955.0,4805.0,4825.0,151800.0
2021-06-28,68440,4830.0,4915.0,4760.0,4800.0,0,0,139000.0,669291500.0,1.0,4830.0,4915.0,4760.0,4800.0,139000.0
2021-06-29,68440,4780.0,4780.0,4665.0,4750.0,0,0,115700.0,545973500.0,1.0,4780.0,4780.0,4665.0,4750.0,115700.0
2021-06-30,68440,4695.0,4740.0,4630.0,4710.0,0,0,104800.0,491806500.0,1.0,4695.0,4740.0,4630.0,4710.0,104800.0
2021-07-01,68440,4710.0,4710.0,4485.0,4525.0,0,0,203900.0,928393500.0,1.0,4710.0,4710.0,4485.0,4525.0,203900.0
2021-07-02,68440,4530.0,4575.0,4405.0,4530.0,0,0,230400.0,1034365500.0,1.0,4530.0,4575.0,4405.0,4530.0,230400.0
2021-07-05,68440,4550.0,4550.0,4435.0,4435.0,0,0,77400.0,346770500.0,1.0,4550.0,4550.0,4435.0,4435.0,77400.0
2021-07-06,68440,4375.0,4450.0,4290.0,4415.0,0,0,136800.0,597566000.0,1.0,4375.0,4450.0,4290.0,4415.0,136800.0
2021-07-07,68440,4380.0,4575.0,4360.0,4520.0,0,0,157500.0,709183500.0,1.0,4380.0,4575.0,4360.0,4520.0,157500.0
2021-07-08,68440,4485.0,4525.0,4355.0,4370.0,0,0,99000.0,436373000.0,1.0,4485.0,4525.0,4355.0,4370.0,99000.0
2021-07-09,68440,4270.0,4445.0,4260.0,4415.0,0,0,127800.0,557779000.0,1.0,4270.0,4445.0,4260.0,4415.0,127800.0
2021-07-12,68440,4450.0,4540.0,4430.0,4490.0,0,0,126300.0,566940500.0,1.0,4450.0,4540.0,4430.0,4490.0,126300.0
2021-07-13,68440,4560.0,4615.0,4550.0,4570.0,0,0,93000.0,425950500.0,1.0,4560.0,4615.0,4550.0,4570.0,93000.0
2021-07-14,68440,4570.0,4640.0,4430.0,4620.0,0,0,213800.0,973547000.0,1.0,4570.0,4640.0,4430.0,4620.0,213800.0
2021-07-15,68440,4585.0,4585.0,4490.0,4520.0,0,0,124900.0,566058000.0,1.0,4585.0,4585.0,4490.0,4520.0,124900.0
2021-07-16,68440,4540.0,4690.0,4495.0,4680.0,0,0,196700.0,909105500.0,1.0,4540.0,4690.0,4495.0,4680.0,196700.0
2021-07-19,68440,4600.0,4615.0,4355.0,4355.0,0,0,259800.0,1151634000.0,1.0,4600.0,4615.0,4355.0,4355.0,259800.0
2021-07-20,68440,4290.0,4490.0,4275.0,4295.0,0,0,203000.0,882486500.0,1.0,4290.0,4490.0,4275.0,4295.0,203000.0
2021-07-21,68440,4400.0,4440.0,4320.0,4350.0,0,0,111500.0,487644500.0,1.0,4400.0,4440.0,4320.0,4350.0,111500.0
2021-07-26,68440,4380.0,4465.0,4360.0,4435.0,0,0,82300.0,364338000.0,1.0,4380.0,4465.0,4360.0,4435.0,82300.0
2021-07-27,68440,4480.0,4615.0,4470.0,4580.0,0,0,106100.0,484456500.0,1.0,4480.0,4615.0,4470.0,4580.0,106100.0
2021-07-28,68440,4510.0,4520.0,4370.0,4410.0,0,0,96900.0,429541000.0,1.0,4510.0,4520.0,4370.0,4410.0,96900.0
2021-07-29,68440,4440.0,4510.0,4380.0,4510.0,0,0,73500.0,327627000.0,1.0,4440.0,4510.0,4380.0,4510.0,73500.0
2021-07-30,68440,4510.0,4520.0,4400.0,4430.0,0,0,67900.0,301059000.0,1.0,4510.0,4520.0,4400.0,4430.0,67900.0
2021-08-02,68440,4445.0,4485.0,4400.0,4470.0,0,0,64500.0,286715000.0,1.0,4445.0,4485.0,4400.0,4470.0,64500.0
2021-08-03,68440,4470.0,4515.0,4430.0,4505.0,0,0,53100.0,238092000.0,1.0,4470.0,4515.0,4430.0,4505.0,53100.0
2021-08-04,68440,4545.0,4610.0,4440.0,4450.0,0,0,106800.0,482668000.0,1.0,4545.0,4610.0,4440.0,4450.0,106800.0
2021-08-05,68440,4430.0,4500.0,4395.0,4475.0,0,0,74200.0,330911500.0,1.0,4430.0,4500.0,4395.0,4475.0,74200.0
2021-08-06,68440,4805.0,4935.0,4705.0,4740.0,0,0,365400.0,1757934500.0,1.0,4805.0,4935.0,4705.0,4740.0,365400.0
2021-08-10,68440,4840.0,4970.0,4715.0,4870.0,0,0,205400.0,997520000.0,1.0,4840.0,4970.0,4715.0,4870.0,205400.0
2021-08-11,68440,4835.0,4925.0,4680.0,4720.0,0,0,174500.0,829283500.0,1.0,4835.0,4925.0,4680.0,4720.0,174500.0
2021-08-12,68440,4735.0,4750.0,4635.0,4700.0,0,0,90500.0,424581500.0,1.0,4735.0,4750.0,4635.0,4700.0,90500.0
2021-08-13,68440,4650.0,4665.0,4535.0,4545.0,0,0,114900.0,526955500.0,1.0,4650.0,4665.0,4535.0,4545.0,114900.0
2021-08-16,68440,4490.0,4490.0,4300.0,4370.0,0,0,172200.0,753683500.0,1.0,4490.0,4490.0,4300.0,4370.0,172200.0
2021-08-17,68440,4400.0,4400.0,4180.0,4180.0,0,0,184900.0,785184500.0,1.0,4400.0,4400.0,4180.0,4180.0,184900.0
2021-08-18,68440,4155.0,4255.0,4060.0,4220.0,0,0,127200.0,532180000.0,1.0,4155.0,4255.0,4060.0,4220.0,127200.0
2021-08-19,68440,4110.0,4165.0,3950.0,3950.0,0,0,190800.0,768921000.0,1.0,4110.0,4165.0,3950.0,3950.0,190800.0
2021-08-20,68440,3950.0,4045.0,3705.0,3745.0,0,0,401700.0,1527929000.0,1.0,3950.0,4045.0,3705.0,3745.0,401700.0
2021-08-23,68440,3835.0,3965.0,3800.0,3910.0,0,0,153300.0,596656000.0,1.0,3835.0,3965.0,3800.0,3910.0,153300.0
2021-08-24,68440,4015.0,4125.0,3990.0,4110.0,0,0,120400.0,489888000.0,1.0,4015.0,4125.0,3990.0,4110.0,120400.0
2021-08-25,68440,4055.0,4155.0,4000.0,4025.0,0,0,93800.0,380427500.0,1.0,4055.0,4155.0,4000.0,4025.0,93800.0
2021-08-26,68440,4025.0,4080.0,3950.0,3950.0,0,0,77900.0,311408500.0,1.0,4025.0,4080.0,3950.0,3950.0,77900.0
2021-08-27,68440,3940.0,4020.0,3890.0,3955.0,0,0,66500.0,263440500.0,1.0,3940.0,4020.0,3890.0,3955.0,66500.0
2021-08-30,68440,4025.0,4070.0,4005.0,4050.0,0,0,60900.0,246113500.0,1.0,4025.0,4070.0,4005.0,4050.0,60900.0
2021-08-31,68440,4010.0,4090.0,3960.0,4060.0,0,0,85900.0,346627500.0,1.0,4010.0,4090.0,3960.0,4060.0,85900.0
2021-09-01,68440,4045.0,4070.0,3990.0,4030.0,0,0,74600.0,300920500.0,1.0,4045.0,4070.0,3990.0,4030.0,74600.0
2021-09-02,68440,4095.0,4115.0,4015.0,4080.0,0,0,109300.0,445872000.0,1.0,4095.0,4115.0,4015.0,4080.0,109300.0
2021-09-03,68440,4010.0,4095.0,3995.0,4085.0,0,0,119500.0,484082500.0,1.0,4010.0,4095.0,3995.0,4085.0,119500.0
2021-09-06,68440,4190.0,4220.0,4145.0,4190.0,0,0,103800.0,434833500.0,1.0,4190.0,4220.0,4145.0,4190.0,103800.0
2021-09-07,68440,4260.0,4320.0,4145.0,4155.0,0,0,114800.0,485470000.0,1.0,4260.0,4320.0,4145.0,4155.0,114800.0
2021-09-08,68440,4225.0,4270.0,4190.0,4230.0,0,0,85800.0,362686000.0,1.0,4225.0,4270.0,4190.0,4230.0,85800.0
2021-09-09,68440,4170.0,4220.0,4150.0,4205.0,0,0,76700.0,321249500.0,1.0,4170.0,4220.0,4150.0,4205.0,76700.0
2021-09-10,68440,4205.0,4375.0,4205.0,4375.0,0,0,131500.0,567384500.0,1.0,4205.0,4375.0,4205.0,4375.0,131500.0
2021-09-13,68440,4315.0,4385.0,4300.0,4380.0,0,0,92600.0,402559500.0,1.0,4315.0,4385.0,4300.0,4380.0,92600.0
2021-09-14,68440,4450.0,4455.0,4385.0,4445.0,0,0,75300.0,333186500.0,1.0,4450.0,4455.0,4385.0,4445.0,75300.0
2021-09-15,68440,4380.0,4390.0,4295.0,4375.0,0,0,69000.0,300112000.0,1.0,4380.0,4390.0,4295.0,4375.0,69000.0
2021-09-16,68440,4395.0,4410.0,4185.0,4290.0,0,0,85800.0,366947000.0,1.0,4395.0,4410.0,4185.0,4290.0,85800.0
2021-09-17,68440,4240.0,4345.0,4240.0,4300.0,0,0,70400.0,302775000.0,1.0,4240.0,4345.0,4240.0,4300.0,70400.0
2021-09-21,68440,4125.0,4190.0,4085.0,4135.0,0,0,93500.0,387079000.0,1.0,4125.0,4190.0,4085.0,4135.0,93500.0
2021-09-22,68440,4100.0,4140.0,4040.0,4040.0,0,0,83700.0,340583500.0,1.0,4100.0,4140.0,4040.0,4040.0,83700.0
2021-09-24,68440,4195.0,4200.0,4130.0,4160.0,0,0,67100.0,279576000.0,1.0,4195.0,4200.0,4130.0,4160.0,67100.0
2021-09-27,68440,4200.0,4250.0,4180.0,4210.0,0,0,59300.0,249784000.0,1.0,4200.0,4250.0,4180.0,4210.0,59300.0
2021-09-28,68440,4315.0,4370.0,4235.0,4350.0,0,0,132200.0,570860000.0,1.0,4315.0,4370.0,4235.0,4350.0,132200.0
2021-09-29,68440,4220.0,4330.0,4210.0,4285.0,0,0,93000.0,396280000.0,1.0,4220.0,4330.0,4210.0,4285.0,93000.0
2021-09-30,68440,4215.0,4225.0,4030.0,4090.0,0,0,147500.0,604799000.0,1.0,4215.0,4225.0,4030.0,4090.0,147500.0
2021-10-01,68440,4035.0,4130.0,3950.0,3980.0,0,0,133900.0,538860000.0,1.0,4035.0,4130.0,3950.0,3980.0,133900.0
2021-10-04,68440,4030.0,4055.0,3845.0,3855.0,0,0,84600.0,329717000.0,1.0,4030.0,4055.0,3845.0,3855.0,84600.0
2021-10-05,68440,3800.0,3870.0,3705.0,3825.0,0,0,158700.0,603303000.0,1.0,3800.0,3870.0,3705.0,3825.0,158700.0
2021-10-06,68440,3845.0,3985.0,3765.0,3790.0,0,0,99200.0,381751000.0,1.0,3845.0,3985.0,3765.0,3790.0,99200.0
2021-10-07,68440,3790.0,3840.0,3760.0,3820.0,0,0,123700.0,470214000.0,1.0,3790.0,3840.0,3760.0,3820.0,123700.0
2021-10-08,68440,3920.0,3955.0,3795.0,3815.0,0,0,98000.0,379401500.0,1.0,3920.0,3955.0,3795.0,3815.0,98000.0
2021-10-11,68440,3785.0,3820.0,3735.0,3810.0,0,0,85700.0,324706500.0,1.0,3785.0,3820.0,3735.0,3810.0,85700.0
2021-10-12,68440,3805.0,3830.0,3660.0,3660.0,0,0,136400.0,505839500.0,1.0,3805.0,3830.0,3660.0,3660.0,136400.0
2021-10-13,68440,3640.0,3680.0,3580.0,3650.0,0,0,130600.0,474976000.0,1.0,3640.0,3680.0,3580.0,3650.0,130600.0
2021-10-14,68440,3650.0,3730.0,3640.0,3730.0,0,0,69400.0,256163000.0,1.0,3650.0,3730.0,3640.0,3730.0,69400.0
2021-10-15,68440,3800.0,3855.0,3775.0,3830.0,0,0,94400.0,361328000.0,1.0,3800.0,3855.0,3775.0,3830.0,94400.0
2021-10-18,68440,3890.0,3945.0,3840.0,3945.0,0,0,83200.0,324280500.0,1.0,3890.0,3945.0,3840.0,3945.0,83200.0
2021-10-19,68440,3995.0,4045.0,3975.0,3990.0,0,0,82600.0,331011500.0,1.0,3995.0,4045.0,3975.0,3990.0,82600.0
2021-10-20,68440,4040.0,4045.0,3910.0,3920.0,0,0,62900.0,249609000.0,1.0,4040.0,4045.0,3910.0,3920.0,62900.0
2021-10-21,68440,3875.0,3960.0,3840.0,3865.0,0,0,70400.0,274316000.0,1.0,3875.0,3960.0,3840.0,3865.0,70400.0
2021-10-22,68440,3845.0,3935.0,3820.0,3910.0,0,0,48200.0,187624000.0,1.0,3845.0,3935.0,3820.0,3910.0,48200.0
2021-10-25,68440,3865.0,3935.0,3850.0,3890.0,0,0,34700.0,135195500.0,1.0,3865.0,3935.0,3850.0,3890.0,34700.0
2021-10-26,68440,3910.0,4020.0,3895.0,4015.0,0,0,55400.0,220804000.0,1.0,3910.0,4020.0,3895.0,4015.0,55400.0
2021-10-27,68440,4020.0,4040.0,3950.0,3955.0,0,0,39000.0,155101000.0,1.0,4020.0,4040.0,3950.0,3955.0,39000.0
2021-10-28,68440,3995.0,4035.0,3960.0,4010.0,0,0,56800.0,227201500.0,1.0,3995.0,4035.0,3960.0,4010.0,56800.0
2021-10-29,68440,4025.0,4055.0,3965.0,4040.0,0,0,58300.0,234282500.0,1.0,4025.0,4055.0,3965.0,4040.0,58300.0
2021-11-01,68440,4080.0,4120.0,4010.0,4010.0,0,0,77300.0,312797000.0,1.0,4080.0,4120.0,4010.0,4010.0,77300.0
2021-11-02,68440,4000.0,4050.0,3950.0,3955.0,0,0,81200.0,324319500.0,1.0,4000.0,4050.0,3950.0,3955.0,81200.0
2021-11-04,68440,4055.0,4235.0,4030.0,4200.0,0,0,132500.0,549957500.0,1.0,4055.0,4235.0,4030.0,4200.0,132500.0
2021-11-05,68440,4195.0,4225.0,4070.0,4070.0,0,0,78700.0,323836000.0,1.0,4195.0,4225.0,4070.0,4070.0,78700.0
2021-11-08,68440,4120.0,4160.0,4075.0,4110.0,0,0,82300.0,338498500.0,1.0,4120.0,4160.0,4075.0,4110.0,82300.0
2021-11-09,68440,4180.0,4220.0,4120.0,4150.0,0,0,147400.0,612746000.0,1.0,4180.0,4220.0,4120.0,4150.0,147400.0
2021-11-10,68440,3870.0,3870.0,3655.0,3660.0,0,0,490600.0,1830456500.0,1.0,3870.0,3870.0,3655.0,3660.0,490600.0
2021-11-11,68440,3625.0,3840.0,3605.0,3820.0,0,0,222800.0,833636000.0,1.0,3625.0,3840.0,3605.0,3820.0,222800.0
2021-11-12,68440,3840.0,3930.0,3825.0,3875.0,0,0,103800.0,402861500.0,1.0,3840.0,3930.0,3825.0,3875.0,103800.0
2021-11-15,68440,3915.0,3915.0,3800.0,3855.0,0,0,82000.0,315581500.0,1.0,3915.0,3915.0,3800.0,3855.0,82000.0
2021-11-16,68440,3850.0,3870.0,3765.0,3795.0,0,0,70300.0,267760000.0,1.0,3850.0,3870.0,3765.0,3795.0,70300.0
2021-11-17,68440,3795.0,3810.0,3700.0,3780.0,0,0,57000.0,213999000.0,1.0,3795.0,3810.0,3700.0,3780.0,57000.0
2021-11-18,68440,3785.0,3785.0,3685.0,3750.0,0,0,56600.0,210604000.0,1.0,3785.0,3785.0,3685.0,3750.0,56600.0
2021-11-19,68440,3720.0,3790.0,3680.0,3780.0,0,0,86500.0,323373000.0,1.0,3720.0,3790.0,3680.0,3780.0,86500.0
2021-11-22,68440,3780.0,3790.0,3720.0,3750.0,0,0,50600.0,190175000.0,1.0,3780.0,3790.0,3720.0,3750.0,50600.0
2021-11-24,68440,3765.0,3845.0,3705.0,3725.0,0,0,86100.0,324158000.0,1.0,3765.0,3845.0,3705.0,3725.0,86100.0
2021-11-25,68440,3760.0,3760.0,3670.0,3670.0,0,0,77200.0,285457500.0,1.0,3760.0,3760.0,3670.0,3670.0,77200.0
2021-11-26,68440,3665.0,3665.0,3475.0,3535.0,0,0,140600.0,498908500.0,1.0,3665.0,3665.0,3475.0,3535.0,140600.0
2021-11-29,68440,3410.0,3520.0,3395.0,3415.0,0,0,144900.0,498818500.0,1.0,3410.0,3520.0,3395.0,3415.0,144900.0
2021-11-30,68440,3510.0,3515.0,3370.0,3380.0,0,0,84700.0,292291500.0,1.0,3510.0,3515.0,3370.0,3380.0,84700.0
2021-12-01,68440,3400.0,3525.0,3320.0,3515.0,0,0,123800.0,426889500.0,1.0,3400.0,3525.0,3320.0,3515.0,123800.0
2021-12-02,68440,3460.0,3575.0,3430.0,3465.0,0,0,120500.0,422593500.0,1.0,3460.0,3575.0,3430.0,3465.0,120500.0
2021-12-03,68440,3480.0,3565.0,3480.0,3565.0,0,0,55600.0,196004000.0,1.0,3480.0,3565.0,3480.0,3565.0,55600.0
2021-12-06,68440,3555.0,3590.0,3525.0,3560.0,0,0,67100.0,238635000.0,1.0,3555.0,3590.0,3525.0,3560.0,67100.0
2021-12-07,68440,3600.0,3615.0,3550.0,3600.0,0,0,55400.0,198796000.0,1.0,3600.0,3615.0,3550.0,3600.0,55400.0
2021-12-08,68440,3630.0,3675.0,3625.0,3655.0,0,0,55100.0,201008500.0,1.0,3630.0,3675.0,3625.0,3655.0,55100.0
2021-12-09,68440,3640.0,3640.0,3535.0,3535.0,0,0,57400.0,205154000.0,1.0,3640.0,3640.0,3535.0,3535.0,57400.0
2021-12-10,68440,3505.0,3575.0,3500.0,3545.0,0,0,54000.0,191035000.0,1.0,3505.0,3575.0,3500.0,3545.0,54000.0
2021-12-13,68440,3570.0,3575.0,3485.0,3500.0,0,0,38100.0,134037500.0,1.0,3570.0,3575.0,3485.0,3500.0,38100.0
2021-12-14,68440,3480.0,3480.0,3370.0,3430.0,0,0,76100.0,259900500.0,1.0,3480.0,3480.0,3370.0,3430.0,76100.0
2021-12-15,68440,3570.0,3720.0,3550.0,3640.0,0,0,205700.0,751610000.0,1.0,3570.0,3720.0,3550.0,3640.0,205700.0
2021-12-16,68440,3760.0,3780.0,3665.0,3760.0,0,0,115300.0,430178000.0,1.0,3760.0,3780.0,3665.0,3760.0,115300.0
2021-12-17,68440,3670.0,3730.0,3645.0,3685.0,0,0,98700.0,364152500.0,1.0,3670.0,3730.0,3645.0,3685.0,98700.0
2021-12-20,68440,3615.0,3615.0,3430.0,3430.0,0,0,107600.0,376651000.0,1.0,3615.0,3615.0,3430.0,3430.0,107600.0
2021-12-21,68440,3495.0,3515.0,3400.0,3465.0,0,0,101500.0,351461000.0,1.0,3495.0,3515.0,3400.0,3465.0,101500.0
2021-12-22,68440,3465.0,3500.0,3445.0,3475.0,0,0,71100.0,246850500.0,1.0,3465.0,3500.0,3445.0,3475.0,71100.0
2021-12-23,68440,3510.0,3625.0,3500.0,3625.0,0,0,103100.0,369974000.0,1.0,3510.0,3625.0,3500.0,3625.0,103100.0
2021-12-24,68440,3670.0,3725.0,3660.0,3695.0,0,0,79600.0,293848500.0,1.0,3670.0,3725.0,3660.0,3695.0,79600.0
2021-12-27,68440,3745.0,3745.0,3640.0,3650.0,0,0,62000.0,227405500.0,1.0,3745.0,3745.0,3640.0,3650.0,62000.0
2021-12-28,68440,3700.0,3705.0,3590.0,3630.0,0,0,75600.0,274483500.0,1.0,3700.0,3705.0,3590.0,3630.0,75600.0
2021-12-29,68440,3635.0,3675.0,3610.0,3655.0,0,0,40100.0,146206500.0,1.0,3635.0,3675.0,3610.0,3655.0,40100.0
2021-12-30,68440,3680.0,3725.0,3610.0,3710.0,0,0,50200.0,185393000.0,1.0,3680.0,3725.0,3610.0,3710.0,50200.0
2022-01-04,68440,3780.0,3900.0,3765.0,3870.0,0,0,147600.0,567537500.0,1.0,3780.0,3900.0,3765.0,3870.0,147600.0
2022-01-05,68440,3910.0,3950.0,3835.0,3885.0,0,0,119800.0,467139500.0,1.0,3910.0,3950.0,3835.0,3885.0,119800.0
2022-01-06,68440,3820.0,3915.0,3750.0,3755.0,0,0,136300.0,519706000.0,1.0,3820.0,3915.0,3750.0,3755.0,136300.0
2022-01-07,68440,3780.0,3820.0,3670.0,3735.0,0,0,124100.0,464388500.0,1.0,3780.0,3820.0,3670.0,3735.0,124100.0
2022-01-11,68440,3730.0,3755.0,3645.0,3705.0,0,0,67700.0,250428000.0,1.0,3730.0,3755.0,3645.0,3705.0,67700.0
2022-01-12,68440,3775.0,3875.0,3775.0,3875.0,0,0,105500.0,404262000.0,1.0,3775.0,3875.0,3775.0,3875.0,105500.0
2022-01-13,68440,3875.0,3905.0,3820.0,3845.0,0,0,85300.0,328996000.0,1.0,3875.0,3905.0,3820.0,3845.0,85300.0
2022-01-14,68440,3820.0,3820.0,3695.0,3745.0,0,0,85600.0,320241500.0,1.0,3820.0,3820.0,3695.0,3745.0,85600.0
2022-01-17,68440,3790.0,3795.0,3675.0,3675.0,0,0,91200.0,338740000.0,1.0,3790.0,3795.0,3675.0,3675.0,91200.0
2022-01-18,68440,3675.0,3690.0,3550.0,3580.0,0,0,122300.0,441421500.0,1.0,3675.0,3690.0,3550.0,3580.0,122300.0
2022-01-19,68440,3465.0,3510.0,3385.0,3405.0,0,0,154300.0,529757500.0,1.0,3465.0,3510.0,3385.0,3405.0,154300.0
2022-01-20,68440,3375.0,3465.0,3340.0,3430.0,0,0,95200.0,324007500.0,1.0,3375.0,3465.0,3340.0,3430.0,95200.0
2022-01-21,68440,3335.0,3365.0,3285.0,3360.0,0,0,91300.0,303558500.0,1.0,3335.0,3365.0,3285.0,3360.0,91300.0
2022-01-24,68440,3300.0,3445.0,3290.0,3420.0,0,0,110600.0,370481000.0,1.0,3300.0,3445.0,3290.0,3420.0,110600.0
2022-01-25,68440,3440.0,3440.0,3250.0,3285.0,0,0,128000.0,422516000.0,1.0,3440.0,3440.0,3250.0,3285.0,128000.0
2022-01-26,68440,3315.0,3330.0,3245.0,3285.0,0,0,91600.0,301340500.0,1.0,3315.0,3330.0,3245.0,3285.0,91600.0
2022-01-27,68440,3330.0,3395.0,3175.0,3210.0,0,0,151200.0,491841000.0,1.0,3330.0,3395.0,3175.0,3210.0,151200.0
2022-01-28,68440,3235.0,3280.0,3205.0,3275.0,0,0,95500.0,310276000.0,1.0,3235.0,3280.0,3205.0,3275.0,95500.0
2022-01-31,68440,3260.0,3365.0,3235.0,3345.0,0,0,69500.0,231248500.0,1.0,3260.0,3365.0,3235.0,3345.0,69500.0
2022-02-01,68440,3435.0,3460.0,3345.0,3375.0,0,0,87900.0,298587500.0,1.0,3435.0,3460.0,3345.0,3375.0,87900.0
2022-02-02,68440,3445.0,3475.0,3415.0,3470.0,0,0,79700.0,275333000.0,1.0,3445.0,3475.0,3415.0,3470.0,79700.0
2022-02-03,68440,3430.0,3450.0,3380.0,3400.0,0,0,78200.0,266433500.0,1.0,3430.0,3450.0,3380.0,3400.0,78200.0
2022-02-04,68440,3365.0,3420.0,3335.0,3415.0,0,0,55700.0,188609500.0,1.0,3365.0,3420.0,3335.0,3415.0,55700.0
2022-02-07,68440,3375.0,3395.0,3335.0,3375.0,0,0,59100.0,199256000.0,1.0,3375.0,3395.0,3335.0,3375.0,59100.0
2022-02-08,68440,3375.0,3410.0,3345.0,3345.0,0,0,54800.0,185054500.0,1.0,3375.0,3410.0,3345.0,3345.0,54800.0
2022-02-09,68440,3400.0,3485.0,3370.0,3480.0,0,0,96600.0,332757500.0,1.0,3400.0,3485.0,3370.0,3480.0,96600.0
2022-02-10,68440,3270.0,3315.0,3135.0,3170.0,0,0,445200.0,1424549000.0,1.0,3270.0,3315.0,3135.0,3170.0,445200.0
2022-02-14,68440,3085.0,3100.0,3005.0,3060.0,0,0,202900.0,620830500.0,1.0,3085.0,3100.0,3005.0,3060.0,202900.0
2022-02-15,68440,3035.0,3075.0,2990.0,3005.0,0,0,147600.0,446243100.0,1.0,3035.0,3075.0,2990.0,3005.0,147600.0
2022-02-16,68440,3085.0,3100.0,3020.0,3050.0,0,0,103000.0,314433500.0,1.0,3085.0,3100.0,3020.0,3050.0,103000.0
2022-02-17,68440,3030.0,3055.0,3005.0,3005.0,0,0,70900.0,214432000.0,1.0,3030.0,3055.0,3005.0,3005.0,70900.0
2022-02-18,68440,2985.0,3045.0,2954.0,3010.0,0,0,131800.0,394259000.0,1.0,2985.0,3045.0,2954.0,3010.0,131800.0
2022-02-21,68440,2955.0,3005.0,2927.0,2984.0,0,0,91000.0,270068900.0,1.0,2955.0,3005.0,2927.0,2984.0,91000.0
2022-02-22,68440,2934.0,2965.0,2900.0,2915.0,0,0,118500.0,346330300.0,1.0,2934.0,2965.0,2900.0,2915.0,118500.0
2022-02-24,68440,2865.0,2896.0,2780.0,2795.0,0,0,194700.0,549320400.0,1.0,2865.0,2896.0,2780.0,2795.0,194700.0
2022-02-25,68440,2845.0,2880.0,2820.0,2879.0,0,0,87600.0,250453800.0,1.0,2845.0,2880.0,2820.0,2879.0,87600.0
2022-02-28,68440,2901.0,2942.0,2862.0,2939.0,0,0,94300.0,274508400.0,1.0,2901.0,2942.0,2862.0,2939.0,94300.0
2022-03-01,68440,2965.0,3050.0,2962.0,3025.0,0,0,131900.0,397897800.0,1.0,2965.0,3050.0,2962.0,3025.0,131900.0
2022-03-02,68440,2959.0,2985.0,2943.0,2960.0,0,0,87800.0,260127100.0,1.0,2959.0,2985.0,2943.0,2960.0,87800.0
2022-03-03,68440,3010.0,3025.0,2943.0,2951.0,0,0,106200.0,315183500.0,1.0,3010.0,3025.0,2943.0,2951.0,106200.0
2022-03-04,68440,2938.0,2943.0,2844.0,2874.0,0,0,104400.0,300548700.0,1.0,2938.0,2943.0,2844.0,2874.0,104400.0
2022-03-07,68440,2791.0,2791.0,2670.0,2709.0,0,0,164500.0,447598900.0,1.0,2791.0,2791.0,2670.0,2709.0,164500.0
2022-03-08,68440,2630.0,2731.0,2615.0,2634.0,0,0,131100.0,348887500.0,1.0,2630.0,2731.0,2615.0,2634.0,131100.0
2022-03-09,68440,2684.0,2714.0,2618.0,2640.0,0,0,105000.0,280275800.0,1.0,2684.0,2714.0,2618.0,2640.0,105000.0
2022-03-10,68440,2774.0,2794.0,2747.0,2779.0,0,0,106900.0,296752900.0,1.0,2774.0,2794.0,2747.0,2779.0,106900.0
2022-03-11,68440,2738.0,2763.0,2675.0,2714.0,0,0,90300.0,245158100.0,1.0,2738.0,2763.0,2675.0,2714.0,90300.0
2022-03-14,68440,2754.0,2783.0,2721.0,2759.0,0,0,56900.0,156623500.0,1.0,2754.0,2783.0,2721.0,2759.0,56900.0
2022-03-15,68440,2761.0,2848.0,2761.0,2825.0,0,0,63000.0,177577100.0,1.0,2761.0,2848.0,2761.0,2825.0,63000.0
2022-03-16,68440,2896.0,2906.0,2836.0,2890.0,0,0,62100.0,178751700.0,1.0,2896.0,2906.0,2836.0,2890.0,62100.0
2022-03-17,68440,2990.0,2999.0,2945.0,2998.0,0,0,83400.0,248893700.0,1.0,2990.0,2999.0,2945.0,2998.0,83400.0
2022-03-18,68440,2978.0,3050.0,2972.0,3045.0,0,0,122900.0,370763700.0,1.0,2978.0,3050.0,2972.0,3045.0,122900.0
2022-03-22,68440,3100.0,3120.0,3055.0,3055.0,0,0,106900.0,330416500.0,1.0,3100.0,3120.0,3055.0,3055.0,106900.0
2022-03-23,68440,3100.0,3140.0,3090.0,3120.0,0,0,55700.0,173653000.0,1.0,3100.0,3140.0,3090.0,3120.0,55700.0
2022-03-24,68440,3090.0,3130.0,3050.0,3130.0,0,0,65500.0,202851000.0,1.0,3090.0,3130.0,3050.0,3130.0,65500.0
2022-03-25,68440,3195.0,3205.0,3125.0,3170.0,0,0,91400.0,289431000.0,1.0,3195.0,3205.0,3125.0,3170.0,91400.0
2022-03-28,68440,3190.0,3190.0,3105.0,3120.0,0,0,81300.0,255240500.0,1.0,3190.0,3190.0,3105.0,3120.0,81300.0
2022-03-29,68440,3175.0,3185.0,3135.0,3175.0,0,0,95200.0,301246000.0,1.0,3175.0,3185.0,3135.0,3175.0,95200.0
2022-03-30,68440,3140.0,3175.0,3080.0,3170.0,0,0,86500.0,270726500.0,1.0,3140.0,3175.0,3080.0,3170.0,86500.0
2022-03-31,68440,3105.0,3150.0,3095.0,3125.0,0,0,54000.0,168915000.0,1.0,3105.0,3150.0,3095.0,3125.0,54000.0
2022-04-01,68440,3070.0,3105.0,3030.0,3090.0,0,0,41200.0,126743000.0,1.0,3070.0,3105.0,3030.0,3090.0,41200.0
2022-04-04,68440,3045.0,3125.0,3035.0,3110.0,0,0,44200.0,136388500.0,1.0,3045.0,3125.0,3035.0,3110.0,44200.0
2022-04-05,68440,3140.0,3150.0,3035.0,3040.0,0,0,107500.0,330160500.0,1.0,3140.0,3150.0,3035.0,3040.0,107500.0
2022-04-06,68440,2986.0,2994.0,2954.0,2972.0,0,0,68700.0,204390200.0,1.0,2986.0,2994.0,2954.0,2972.0,68700.0
2022-04-07,68440,2905.0,2916.0,2803.0,2840.0,0,0,126100.0,357954500.0,1.0,2905.0,2916.0,2803.0,2840.0,126100.0
2022-04-08,68440,2870.0,2881.0,2821.0,2859.0,0,0,57100.0,162741200.0,1.0,2870.0,2881.0,2821.0,2859.0,57100.0
2022-04-11,68440,2819.0,2853.0,2802.0,2827.0,0,0,37600.0,106144500.0,1.0,2819.0,2853.0,2802.0,2827.0,37600.0
2022-04-12,68440,2825.0,2847.0,2775.0,2792.0,0,0,60800.0,170619700.0,1.0,2825.0,2847.0,2775.0,2792.0,60800.0
2022-04-13,68440,2805.0,2875.0,2805.0,2871.0,0,0,50700.0,144607700.0,1.0,2805.0,2875.0,2805.0,2871.0,50700.0
2022-04-14,68440,2915.0,2924.0,2875.0,2910.0,0,0,18300.0,53018600.0,1.0,2915.0,2924.0,2875.0,2910.0,18300.0
2022-04-15,68440,2869.0,2890.0,2855.0,2884.0,0,0,26200.0,75316500.0,1.0,2869.0,2890.0,2855.0,2884.0,26200.0
2022-04-18,68440,2870.0,2879.0,2831.0,2874.0,0,0,21100.0,60366000.0,1.0,2870.0,2879.0,2831.0,2874.0,21100.0
2022-04-19,68440,2910.0,2991.0,2910.0,2978.0,0,0,62300.0,184093800.0,1.0,2910.0,2991.0,2910.0,2978.0,62300.0
2022-04-20,68440,3030.0,3030.0,2961.0,2971.0,0,0,41600.0,124281500.0,1.0,3030.0,3030.0,2961.0,2971.0,41600.0
2022-04-21,68440,2967.0,3035.0,2967.0,3025.0,0,0,42300.0,127443600.0,1.0,2967.0,3035.0,2967.0,3025.0,42300.0
2022-04-22,68440,2974.0,2995.0,2944.0,2972.0,0,0,36300.0,107755600.0,1.0,2974.0,2995.0,2944.0,2972.0,36300.0
2022-04-25,68440,2905.0,2910.0,2870.0,2885.0,0,0,46700.0,134792500.0,1.0,2905.0,2910.0,2870.0,2885.0,46700.0
2022-04-26,68440,2895.0,2913.0,2861.0,2879.0,0,0,43000.0,123688700.0,1.0,2895.0,2913.0,2861.0,2879.0,43000.0
2022-04-27,68440,2836.0,2857.0,2806.0,2850.0,0,0,65000.0,184075300.0,1.0,2836.0,2857.0,2806.0,2850.0,65000.0
2022-04-28,68440,2855.0,2919.0,2847.0,2919.0,0,0,57600.0,166804400.0,1.0,2855.0,2919.0,2847.0,2919.0,57600.0
2022-05-02,68440,2919.0,2942.0,2901.0,2905.0,0,0,56500.0,164565200.0,1.0,2919.0,2942.0,2901.0,2905.0,56500.0
2022-05-06,68440,2900.0,2928.0,2860.0,2910.0,0,0,45500.0,131950500.0,1.0,2900.0,2928.0,2860.0,2910.0,45500.0
2022-05-09,68440,2887.0,2893.0,2826.0,2848.0,0,0,58400.0,165936600.0,1.0,2887.0,2893.0,2826.0,2848.0,58400.0
2022-05-10,68440,2800.0,2864.0,2712.0,2849.0,0,0,134300.0,373799500.0,1.0,2800.0,2864.0,2712.0,2849.0,134300.0
2022-05-11,68440,2870.0,2877.0,2817.0,2846.0,0,0,29200.0,83340600.0,1.0,2870.0,2877.0,2817.0,2846.0,29200.0
2022-05-12,68440,2796.0,2830.0,2750.0,2785.0,0,0,81100.0,226763700.0,1.0,2796.0,2830.0,2750.0,2785.0,81100.0
2022-05-13,68440,2845.0,3100.0,2835.0,3095.0,0,0,189800.0,569660700.0,1.0,2845.0,3100.0,2835.0,3095.0,189800.0
2022-05-16,68440,3140.0,3150.0,2993.0,3020.0,0,0,79100.0,240880700.0,1.0,3140.0,3150.0,2993.0,3020.0,79100.0
2022-05-17,68440,3045.0,3165.0,3030.0,3135.0,0,0,84900.0,265761500.0,1.0,3045.0,3165.0,3030.0,3135.0,84900.0
2022-05-18,68440,3180.0,3300.0,3180.0,3300.0,0,0,196800.0,640460500.0,1.0,3180.0,3300.0,3180.0,3300.0,196800.0
2022-05-19,68440,3220.0,3315.0,3210.0,3285.0,0,0,105300.0,342928000.0,1.0,3220.0,3315.0,3210.0,3285.0,105300.0
2022-05-20,68440,3280.0,3280.0,3210.0,3235.0,0,0,89000.0,288160000.0,1.0,3280.0,3280.0,3210.0,3235.0,89000.0
2022-05-23,68440,3295.0,3315.0,3210.0,3220.0,0,0,59900.0,195295500.0,1.0,3295.0,3315.0,3210.0,3220.0,59900.0
2022-05-24,68440,3220.0,3220.0,3130.0,3135.0,0,0,57400.0,181574000.0,1.0,3220.0,3220.0,3130.0,3135.0,57400.0
2022-05-25,68440,3140.0,3190.0,3125.0,3145.0,0,0,45400.0,143514000.0,1.0,3140.0,3190.0,3125.0,3145.0,45400.0
2022-05-26,68440,3175.0,3210.0,3135.0,3150.0,0,0,40600.0,128472000.0,1.0,3175.0,3210.0,3135.0,3150.0,40600.0
2022-05-27,68440,3220.0,3240.0,3195.0,3220.0,0,0,33100.0,106377500.0,1.0,3220.0,3240.0,3195.0,3220.0,33100.0
2022-05-30,68440,3275.0,3275.0,3235.0,3250.0,0,0,54900.0,178828000.0,1.0,3275.0,3275.0,3235.0,3250.0,54900.0
2022-05-31,68440,3245.0,3270.0,3195.0,3200.0,0,0,43700.0,140873500.0,1.0,3245.0,3270.0,3195.0,3200.0,43700.0
2022-06-01,68440,3200.0,3280.0,3200.0,3275.0,0,0,46400.0,150905000.0,1.0,3200.0,3280.0,3200.0,3275.0,46400.0
2022-06-02,68440,3250.0,3250.0,3215.0,3220.0,0,0,31700.0,102355500.0,1.0,3250.0,3250.0,3215.0,3220.0,31700.0
2022-06-03,68440,3240.0,3275.0,3235.0,3250.0,0,0,38900.0,126730500.0,1.0,3240.0,3275.0,3235.0,3250.0,38900.0
2022-06-06,68440,3240.0,3330.0,3230.0,3300.0,0,0,64100.0,211518000.0,1.0,3240.0,3330.0,3230.0,3300.0,64100.0
2022-06-07,68440,3305.0,3400.0,3295.0,3350.0,0,0,70400.0,236815000.0,1.0,3305.0,3400.0,3295.0,3350.0,70400.0
2022-06-08,68440,3400.0,3445.0,3365.0,3440.0,0,0,69700.0,238400500.0,1.0,3400.0,3445.0,3365.0,3440.0,69700.0
2022-06-09,68440,3410.0,3430.0,3345.0,3400.0,0,0,64700.0,219311000.0,1.0,3410.0,3430.0,3345.0,3400.0,64700.0
2022-06-10,68440,3350.0,3395.0,3320.0,3340.0,0,0,46500.0,155975000.0,1.0,3350.0,3395.0,3320.0,3340.0,46500.0
2022-06-13,68440,3300.0,3335.0,3275.0,3295.0,0,0,57600.0,190181000.0,1.0,3300.0,3335.0,3275.0,3295.0,57600.0
2022-06-14,68440,3240.0,3390.0,3230.0,3390.0,0,0,82700.0,274170000.0,1.0,3240.0,3390.0,3230.0,3390.0,82700.0
2022-06-15,68440,3400.0,3430.0,3295.0,3300.0,0,0,51300.0,171194500.0,1.0,3400.0,3430.0,3295.0,3300.0,51300.0
2022-06-16,68440,3370.0,3410.0,3310.0,3315.0,0,0,48600.0,163039500.0,1.0,3370.0,3410.0,3310.0,3315.0,48600.0
2022-06-17,68440,3185.0,3250.0,3140.0,3230.0,0,0,105200.0,335899500.0,1.0,3185.0,3250.0,3140.0,3230.0,105200.0
2022-06-20,68440,3250.0,3270.0,3110.0,3140.0,0,0,49600.0,156875000.0,1.0,3250.0,3270.0,3110.0,3140.0,49600.0
2022-06-21,68440,3200.0,3295.0,3180.0,3255.0,0,0,39900.0,129176500.0,1.0,3200.0,3295.0,3180.0,3255.0,39900.0
2022-06-22,68440,3320.0,3320.0,3160.0,3195.0,0,0,68000.0,218992000.0,1.0,3320.0,3320.0,3160.0,3195.0,68000.0
2022-06-23,68440,3195.0,3295.0,3195.0,3255.0,0,0,47300.0,154261500.0,1.0,3195.0,3295.0,3195.0,3255.0,47300.0
2022-06-24,68440,3285.0,3515.0,3245.0,3515.0,0,0,225700.0,777400000.0,1.0,3285.0,3515.0,3245.0,3515.0,225700.0
2022-06-27,68440,3585.0,3615.0,3495.0,3505.0,0,0,146200.0,520080000.0,1.0,3585.0,3615.0,3495.0,3505.0,146200.0
2022-06-28,68440,3595.0,3605.0,3510.0,3560.0,0,0,72800.0,259170500.0,1.0,3595.0,3605.0,3510.0,3560.0,72800.0
2022-06-29,68440,3535.0,3550.0,3470.0,3535.0,0,0,50300.0,176653500.0,1.0,3535.0,3550.0,3470.0,3535.0,50300.0
2022-06-30,68440,3500.0,3510.0,3385.0,3390.0,0,0,69800.0,239438500.0,1.0,3500.0,3510.0,3385.0,3390.0,69800.0
2022-07-01,68440,3390.0,3455.0,3315.0,3350.0,0,0,71900.0,241826500.0,1.0,3390.0,3455.0,3315.0,3350.0,71900.0
2022-07-04,68440,3400.0,3405.0,3285.0,3340.0,0,0,57000.0,190210500.0,1.0,3400.0,3405.0,3285.0,3340.0,57000.0
2022-07-05,68440,3410.0,3435.0,3370.0,3430.0,0,0,55600.0,189863000.0,1.0,3410.0,3435.0,3370.0,3430.0,55600.0
2022-07-06,68440,3390.0,3390.0,3265.0,3270.0,0,0,65600.0,217140500.0,1.0,3390.0,3390.0,3265.0,3270.0,65600.0
2022-07-07,68440,3320.0,3415.0,3290.0,3390.0,0,0,64800.0,218145500.0,1.0,3320.0,3415.0,3290.0,3390.0,64800.0
2022-07-08,68440,3450.0,3495.0,3390.0,3390.0,0,0,104100.0,357472500.0,1.0,3450.0,3495.0,3390.0,3390.0,104100.0
2022-07-11,68440,3460.0,3495.0,3410.0,3435.0,0,0,65600.0,226771500.0,1.0,3460.0,3495.0,3410.0,3435.0,65600.0
2022-07-12,68440,3400.0,3400.0,3300.0,3320.0,0,0,62300.0,207973500.0,1.0,3400.0,3400.0,3300.0,3320.0,62300.0
2022-07-13,68440,3310.0,3370.0,3280.0,3330.0,0,0,38200.0,126989500.0,1.0,3310.0,3370.0,3280.0,3330.0,38200.0
2022-07-14,68440,3325.0,3420.0,3295.0,3395.0,0,0,41000.0,138296500.0,1.0,3325.0,3420.0,3295.0,3395.0,41000.0
2022-07-15,68440,3385.0,3410.0,3325.0,3375.0,0,0,33200.0,111955500.0,1.0,3385.0,3410.0,3325.0,3375.0,33200.0
2022-07-19,68440,3400.0,3475.0,3380.0,3470.0,0,0,74900.0,256676000.0,1.0,3400.0,3475.0,3380.0,3470.0,74900.0
2022-07-20,68440,3555.0,3565.0,3480.0,3505.0,0,0,53700.0,189071500.0,1.0,3555.0,3565.0,3480.0,3505.0,53700.0
2022-07-21,68440,3490.0,3525.0,3460.0,3490.0,0,0,54200.0,189228500.0,1.0,3490.0,3525.0,3460.0,3490.0,54200.0
2022-07-22,68440,3485.0,3530.0,3470.0,3500.0,0,0,50100.0,175521000.0,1.0,3485.0,3530.0,3470.0,3500.0,50100.0
2022-07-25,68440,3485.0,3495.0,3405.0,3430.0,0,0,52600.0,181150500.0,1.0,3485.0,3495.0,3405.0,3430.0,52600.0
2022-07-26,68440,3425.0,3490.0,3420.0,3450.0,0,0,41400.0,143258000.0,1.0,3425.0,3490.0,3420.0,3450.0,41400.0
2022-07-27,68440,3435.0,3510.0,3410.0,3505.0,0,0,32500.0,113073000.0,1.0,3435.0,3510.0,3410.0,3505.0,32500.0
2022-07-28,68440,3550.0,3565.0,3440.0,3450.0,0,0,47900.0,166689000.0,1.0,3550.0,3565.0,3440.0,3450.0,47900.0
2022-07-29,68440,3455.0,3500.0,3430.0,3480.0,0,0,50400.0,175015500.0,1.0,3455.0,3500.0,3430.0,3480.0,50400.0
2022-08-01,68440,3510.0,3565.0,3495.0,3545.0,0,0,68300.0,241658000.0,1.0,3510.0,3565.0,3495.0,3545.0,68300.0
2022-08-02,68440,3550.0,3550.0,3455.0,3470.0,0,0,37100.0,129124500.0,1.0,3550.0,3550.0,3455.0,3470.0,37100.0
2022-08-03,68440,3455.0,3505.0,3440.0,3440.0,0,0,30000.0,103779000.0,1.0,3455.0,3505.0,3440.0,3440.0,30000.0
2022-08-04,68440,3490.0,3490.0,3415.0,3485.0,0,0,46300.0,160291500.0,1.0,3490.0,3490.0,3415.0,3485.0,46300.0
2022-08-05,68440,3450.0,3535.0,3450.0,3505.0,0,0,40200.0,140643000.0,1.0,3450.0,3535.0,3450.0,3505.0,40200.0
2022-08-08,68440,3490.0,3580.0,3475.0,3565.0,0,0,97400.0,345859500.0,1.0,3490.0,3580.0,3475.0,3565.0,97400.0
2022-08-09,68440,3480.0,3490.0,3375.0,3405.0,0,0,137300.0,469367000.0,1.0,3480.0,3490.0,3375.0,3405.0,137300.0
2022-08-10,68440,3365.0,3380.0,3315.0,3365.0,0,0,62400.0,208980000.0,1.0,3365.0,3380.0,3315.0,3365.0,62400.0
2022-08-12,68440,3410.0,3445.0,3395.0,3400.0,0,0,47900.0,163838000.0,1.0,3410.0,3445.0,3395.0,3400.0,47900.0
2022-08-15,68440,3435.0,3480.0,3415.0,3480.0,0,0,47000.0,162668500.0,1.0,3435.0,3480.0,3415.0,3480.0,47000.0
2022-08-16,68440,3475.0,3525.0,3450.0,3510.0,0,0,42100.0,147323000.0,1.0,3475.0,3525.0,3450.0,3510.0,42100.0
2022-08-17,68440,3500.0,3540.0,3495.0,3540.0,0,0,41300.0,145535000.0,1.0,3500.0,3540.0,3495.0,3540.0,41300.0
2022-08-18,68440,3500.0,3570.0,3485.0,3565.0,0,0,47400.0,167994500.0,1.0,3500.0,3570.0,3485.0,3565.0,47400.0
2022-08-19,68440,3570.0,3660.0,3565.0,3650.0,0,0,95300.0,345118500.0,1.0,3570.0,3660.0,3565.0,3650.0,95300.0
2022-08-22,68440,3605.0,3725.0,3590.0,3715.0,0,0,78000.0,285639500.0,1.0,3605.0,3725.0,3590.0,3715.0,78000.0
2022-08-23,68440,3680.0,3695.0,3615.0,3615.0,0,0,56600.0,206312000.0,1.0,3680.0,3695.0,3615.0,3615.0,56600.0
2022-08-24,68440,3645.0,3690.0,3630.0,3675.0,0,0,36500.0,134010000.0,1.0,3645.0,3690.0,3630.0,3675.0,36500.0
2022-08-25,68440,3715.0,3775.0,3675.0,3760.0,0,0,60500.0,225863500.0,1.0,3715.0,3775.0,3675.0,3760.0,60500.0
2022-08-26,68440,3780.0,3820.0,3740.0,3760.0,0,0,53700.0,202576500.0,1.0,3780.0,3820.0,3740.0,3760.0,53700.0
2022-08-29,68440,3615.0,3710.0,3610.0,3670.0,0,0,49900.0,182791500.0,1.0,3615.0,3710.0,3610.0,3670.0,49900.0
2022-08-30,68440,3690.0,3745.0,3665.0,3745.0,0,0,27300.0,101391000.0,1.0,3690.0,3745.0,3665.0,3745.0,27300.0
2022-08-31,68440,3675.0,3720.0,3670.0,3675.0,0,0,38700.0,142966500.0,1.0,3675.0,3720.0,3670.0,3675.0,38700.0
2022-09-01,68440,3620.0,3635.0,3550.0,3565.0,0,0,52300.0,187579000.0,1.0,3620.0,3635.0,3550.0,3565.0,52300.0
2022-09-02,68440,3570.0,3570.0,3495.0,3515.0,0,0,55100.0,194220500.0,1.0,3570.0,3570.0,3495.0,3515.0,55100.0
2022-09-05,68440,3490.0,3585.0,3460.0,3585.0,0,0,68600.0,242519000.0,1.0,3490.0,3585.0,3460.0,3585.0,68600.0
2022-09-06,68440,3620.0,3675.0,3560.0,3660.0,0,0,91000.0,332029500.0,1.0,3620.0,3675.0,3560.0,3660.0,91000.0
2022-09-07,68440,3635.0,3710.0,3595.0,3665.0,0,0,55500.0,202576000.0,1.0,3635.0,3710.0,3595.0,3665.0,55500.0
2022-09-08,68440,3730.0,3795.0,3710.0,3785.0,0,0,68100.0,255836500.0,1.0,3730.0,3795.0,3710.0,3785.0,68100.0
2022-09-09,68440,3805.0,3860.0,3800.0,3800.0,0,0,71300.0,272855000.0,1.0,3805.0,3860.0,3800.0,3800.0,71300.0
2022-09-12,68440,3820.0,3850.0,3740.0,3745.0,0,0,60300.0,227970000.0,1.0,3820.0,3850.0,3740.0,3745.0,60300.0
2022-09-13,68440,3865.0,4070.0,3850.0,4070.0,0,0,227500.0,904785500.0,1.0,3865.0,4070.0,3850.0,4070.0,227500.0
2022-09-14,68440,3930.0,3985.0,3900.0,3975.0,0,0,135100.0,533198000.0,1.0,3930.0,3985.0,3900.0,3975.0,135100.0
2022-09-15,68440,3985.0,4025.0,3910.0,3920.0,0,0,92800.0,367341500.0,1.0,3985.0,4025.0,3910.0,3920.0,92800.0
2022-09-16,68440,3920.0,3925.0,3795.0,3830.0,0,0,87600.0,336269500.0,1.0,3920.0,3925.0,3795.0,3830.0,87600.0
2022-09-20,68440,3850.0,3935.0,3850.0,3900.0,0,0,60400.0,235671500.0,1.0,3850.0,3935.0,3850.0,3900.0,60400.0
2022-09-21,68440,3805.0,3845.0,3775.0,3820.0,0,0,47000.0,179160000.0,1.0,3805.0,3845.0,3775.0,3820.0,47000.0
2022-09-22,68440,3790.0,3840.0,3770.0,3820.0,0,0,40400.0,153752000.0,1.0,3790.0,3840.0,3770.0,3820.0,40400.0
2022-09-26,68440,3765.0,3765.0,3505.0,3525.0,0,0,148400.0,533302500.0,1.0,3765.0,3765.0,3505.0,3525.0,148400.0
2022-09-27,68440,3595.0,3620.0,3555.0,3555.0,0,0,67600.0,241851500.0,1.0,3595.0,3620.0,3555.0,3555.0,67600.0
2022-09-28,68440,3570.0,3660.0,3475.0,3545.0,0,0,91800.0,324890500.0,1.0,3570.0,3660.0,3475.0,3545.0,91800.0
2022-09-29,68440,3595.0,3630.0,3560.0,3620.0,0,0,48000.0,172931500.0,1.0,3595.0,3630.0,3560.0,3620.0,48000.0
2022-09-30,68440,3570.0,3575.0,3470.0,3490.0,0,0,48000.0,168551500.0,1.0,3570.0,3575.0,3470.0,3490.0,48000.0
2022-10-03,68440,3425.0,3580.0,3410.0,3530.0,0,0,73900.0,258860000.0,1.0,3425.0,3580.0,3410.0,3530.0,73900.0
2022-10-04,68440,3650.0,3680.0,3615.0,3665.0,0,0,60700.0,221682500.0,1.0,3650.0,3680.0,3615.0,3665.0,60700.0
2022-10-05,68440,3735.0,3735.0,3650.0,3650.0,0,0,43000.0,158390500.0,1.0,3735.0,3735.0,3650.0,3650.0,43000.0
2022-10-06,68440,3650.0,3730.0,3650.0,3695.0,0,0,47100.0,174525500.0,1.0,3650.0,3730.0,3650.0,3695.0,47100.0
2022-10-07,68440,3645.0,3730.0,3625.0,3710.0,0,0,51600.0,190930500.0,1.0,3645.0,3730.0,3625.0,3710.0,51600.0
2022-10-11,68440,3615.0,3650.0,3575.0,3580.0,0,0,49500.0,178435000.0,1.0,3615.0,3650.0,3575.0,3580.0,49500.0
2022-10-12,68440,3555.0,3555.0,3465.0,3490.0,0,0,58500.0,204931500.0,1.0,3555.0,3555.0,3465.0,3490.0,58500.0
2022-10-13,68440,3475.0,3560.0,3455.0,3530.0,0,0,50300.0,177330000.0,1.0,3475.0,3560.0,3455.0,3530.0,50300.0
2022-10-14,68440,3635.0,3650.0,3575.0,3640.0,0,0,48000.0,173946500.0,1.0,3635.0,3650.0,3575.0,3640.0,48000.0
2022-10-17,68440,3590.0,3635.0,3570.0,3605.0,0,0,37700.0,135964000.0,1.0,3590.0,3635.0,3570.0,3605.0,37700.0
2022-10-18,68440,3660.0,3680.0,3600.0,3620.0,0,0,46300.0,168071000.0,1.0,3660.0,3680.0,3600.0,3620.0,46300.0
2022-10-19,68440,3590.0,3630.0,3560.0,3615.0,0,0,36800.0,132531500.0,1.0,3590.0,3630.0,3560.0,3615.0,36800.0
2022-10-20,68440,3595.0,3605.0,3560.0,3595.0,0,0,30500.0,109259500.0,1.0,3595.0,3605.0,3560.0,3595.0,30500.0
2022-10-21,68440,3585.0,3620.0,3560.0,3560.0,0,0,22500.0,80704500.0,1.0,3585.0,3620.0,3560.0,3560.0,22500.0
2022-10-24,68440,3635.0,3700.0,3620.0,3635.0,0,0,43100.0,157305500.0,1.0,3635.0,3700.0,3620.0,3635.0,43100.0
2022-10-25,68440,3695.0,3780.0,3680.0,3720.0,0,0,74400.0,277305500.0,1.0,3695.0,3780.0,3680.0,3720.0,74400.0
2022-10-26,68440,3720.0,3720.0,3640.0,3640.0,0,0,61100.0,224071000.0,1.0,3720.0,3720.0,3640.0,3640.0,61100.0
2022-10-27,68440,3650.0,3700.0,3625.0,3670.0,0,0,43700.0,160345000.0,1.0,3650.0,3700.0,3625.0,3670.0,43700.0
2022-10-28,68440,3610.0,3660.0,3575.0,3580.0,0,0,64300.0,231426000.0,1.0,3610.0,3660.0,3575.0,3580.0,64300.0
2022-10-31,68440,3650.0,3685.0,3625.0,3680.0,0,0,39600.0,145126500.0,1.0,3650.0,3685.0,3625.0,3680.0,39600.0
2022-11-01,68440,3695.0,3705.0,3655.0,3700.0,0,0,26400.0,97324000.0,1.0,3695.0,3705.0,3655.0,3700.0,26400.0
2022-11-02,68440,3715.0,3740.0,3700.0,3710.0,0,0,35300.0,131256500.0,1.0,3715.0,3740.0,3700.0,3710.0,35300.0
2022-11-04,68440,3720.0,3750.0,3670.0,3750.0,0,0,55100.0,204719500.0,1.0,3720.0,3750.0,3670.0,3750.0,55100.0
2022-11-07,68440,3420.0,3495.0,3370.0,3415.0,0,0,187700.0,641875000.0,1.0,3420.0,3495.0,3370.0,3415.0,187700.0
2022-11-08,68440,3445.0,3510.0,3420.0,3455.0,0,0,76800.0,266520500.0,1.0,3445.0,3510.0,3420.0,3455.0,76800.0
2022-11-09,68440,3425.0,3430.0,3370.0,3375.0,0,0,104500.0,355064500.0,1.0,3425.0,3430.0,3370.0,3375.0,104500.0
2022-11-10,68440,3370.0,3370.0,3240.0,3290.0,0,0,122600.0,405607000.0,1.0,3370.0,3370.0,3240.0,3290.0,122600.0
2022-11-11,68440,3400.0,3410.0,3335.0,3335.0,0,0,77800.0,260977500.0,1.0,3400.0,3410.0,3335.0,3335.0,77800.0
2022-11-14,68440,3360.0,3360.0,3275.0,3275.0,0,0,51700.0,170764500.0,1.0,3360.0,3360.0,3275.0,3275.0,51700.0
2022-11-15,68440,3250.0,3330.0,3240.0,3300.0,0,0,44900.0,147771000.0,1.0,3250.0,3330.0,3240.0,3300.0,44900.0
2022-11-16,68440,3300.0,3345.0,3265.0,3315.0,0,0,53800.0,178416000.0,1.0,3300.0,3345.0,3265.0,3315.0,53800.0
2022-11-17,68440,3280.0,3300.0,3250.0,3290.0,0,0,80100.0,262203000.0,1.0,3280.0,3300.0,3250.0,3290.0,80100.0
2022-11-18,68440,3355.0,3375.0,3310.0,3315.0,0,0,111900.0,374547000.0,1.0,3355.0,3375.0,3310.0,3315.0,111900.0
2022-11-21,68440,3335.0,3400.0,3330.0,3400.0,0,0,56800.0,191825500.0,1.0,3335.0,3400.0,3330.0,3400.0,56800.0
2022-11-22,68440,3420.0,3440.0,3360.0,3360.0,0,0,83700.0,282886500.0,1.0,3420.0,3440.0,3360.0,3360.0,83700.0
2022-11-24,68440,3400.0,3430.0,3390.0,3410.0,0,0,55600.0,189626000.0,1.0,3400.0,3430.0,3390.0,3410.0,55600.0
2022-11-25,68440,3425.0,3435.0,3380.0,3410.0,0,0,51600.0,176200000.0,1.0,3425.0,3435.0,3380.0,3410.0,51600.0
2022-11-28,68440,3415.0,3445.0,3355.0,3365.0,0,0,78000.0,265253000.0,1.0,3415.0,3445.0,3355.0,3365.0,78000.0
2022-11-29,68440,3350.0,3365.0,3315.0,3360.0,0,0,51000.0,170760000.0,1.0,3350.0,3365.0,3315.0,3360.0,51000.0
2022-11-30,68440,3340.0,3355.0,3315.0,3335.0,0,0,52600.0,175102500.0,1.0,3340.0,3355.0,3315.0,3335.0,52600.0
2022-12-01,68440,3370.0,3375.0,3320.0,3320.0,0,0,40900.0,136820500.0,1.0,3370.0,3375.0,3320.0,3320.0,40900.0
2022-12-02,68440,3295.0,3295.0,3255.0,3255.0,0,0,87700.0,286620000.0,1.0,3295.0,3295.0,3255.0,3255.0,87700.0
2022-12-05,68440,3250.0,3270.0,3175.0,3185.0,0,0,96700.0,310483000.0,1.0,3250.0,3270.0,3175.0,3185.0,96700.0
2022-12-06,68440,3190.0,3225.0,3175.0,3190.0,0,0,83100.0,265762500.0,1.0,3190.0,3225.0,3175.0,3190.0,83100.0
2022-12-07,68440,3180.0,3210.0,3160.0,3160.0,0,0,41200.0,130971000.0,1.0,3180.0,3210.0,3160.0,3160.0,41200.0
2022-12-08,68440,3175.0,3175.0,3110.0,3125.0,0,0,88400.0,276482500.0,1.0,3175.0,3175.0,3110.0,3125.0,88400.0
2022-12-09,68440,3130.0,3165.0,3130.0,3165.0,0,0,67400.0,212227500.0,1.0,3130.0,3165.0,3130.0,3165.0,67400.0
2022-12-12,68440,3135.0,3165.0,3125.0,3150.0,0,0,38700.0,121662500.0,1.0,3135.0,3165.0,3125.0,3150.0,38700.0
2022-12-13,68440,3180.0,3180.0,3145.0,3145.0,0,0,39300.0,124135500.0,1.0,3180.0,3180.0,3145.0,3145.0,39300.0
2022-12-14,68440,3140.0,3185.0,3140.0,3185.0,0,0,47200.0,149494000.0,1.0,3140.0,3185.0,3140.0,3185.0,47200.0
2022-12-15,68440,3175.0,3210.0,3175.0,3195.0,0,0,34700.0,110940000.0,1.0,3175.0,3210.0,3175.0,3195.0,34700.0
2022-12-16,68440,3150.0,3200.0,3135.0,3135.0,0,0,55700.0,175863000.0,1.0,3150.0,3200.0,3135.0,3135.0,55700.0
2022-12-19,68440,3110.0,3135.0,3095.0,3115.0,0,0,57000.0,177382000.0,1.0,3110.0,3135.0,3095.0,3115.0,57000.0
2022-12-20,68440,3105.0,3155.0,2990.0,3015.0,0,0,136300.0,415630900.0,1.0,3105.0,3155.0,2990.0,3015.0,136300.0
2022-12-21,68440,3010.0,3025.0,2952.0,2960.0,0,0,99400.0,296256000.0,1.0,3010.0,3025.0,2952.0,2960.0,99400.0
2022-12-22,68440,3000.0,3015.0,2978.0,2983.0,0,0,54900.0,164269400.0,1.0,3000.0,3015.0,2978.0,2983.0,54900.0
2022-12-23,68440,2950.0,2978.0,2916.0,2950.0,0,0,67000.0,197388500.0,1.0,2950.0,2978.0,2916.0,2950.0,67000.0
2022-12-26,68440,2956.0,3000.0,2956.0,2994.0,0,0,67200.0,200610100.0,1.0,2956.0,3000.0,2956.0,2994.0,67200.0
2022-12-27,68440,3010.0,3020.0,2980.0,3000.0,0,0,51900.0,155623700.0,1.0,3010.0,3020.0,2980.0,3000.0,51900.0
2022-12-28,68440,2997.0,3005.0,2972.0,2987.0,0,0,68700.0,204996700.0,1.0,2997.0,3005.0,2972.0,2987.0,68700.0
2022-12-29,68440,2937.0,2983.0,2927.0,2977.0,0,0,60400.0,178218200.0,1.0,2937.0,2983.0,2927.0,2977.0,60400.0
2022-12-30,68440,2982.0,3020.0,2982.0,2995.0,0,0,56500.0,169586200.0,1.0,2982.0,3020.0,2982.0,2995.0,56500.0
2023-01-04,68440,3035.0,3060.0,2994.0,3020.0,0,0,78200.0,236826600.0,1.0,3035.0,3060.0,2994.0,3020.0,78200.0
2023-01-05,68440,3025.0,3060.0,3010.0,3030.0,0,0,45100.0,136934500.0,1.0,3025.0,3060.0,3010.0,3030.0,45100.0
2023-01-06,68440,3010.0,3090.0,3005.0,3085.0,0,0,50200.0,153670500.0,1.0,3010.0,3090.0,3005.0,3085.0,50200.0
2023-01-10,68440,3140.0,3155.0,3095.0,3145.0,0,0,70800.0,221698000.0,1.0,3140.0,3155.0,3095.0,3145.0,70800.0
2023-01-11,68440,3160.0,3245.0,3160.0,3225.0,0,0,73100.0,234973000.0,1.0,3160.0,3245.0,3160.0,3225.0,73100.0
2023-01-12,68440,3220.0,3245.0,3185.0,3185.0,0,0,54000.0,173348000.0,1.0,3220.0,3245.0,3185.0,3185.0,54000.0
2023-01-13,68440,3170.0,3195.0,3160.0,3175.0,0,0,57300.0,182006500.0,1.0,3170.0,3195.0,3160.0,3175.0,57300.0
2023-01-16,68440,3155.0,3170.0,3125.0,3165.0,0,0,35000.0,110375500.0,1.0,3155.0,3170.0,3125.0,3165.0,35000.0
2023-01-17,68440,3165.0,3210.0,3165.0,3185.0,0,0,30900.0,98577500.0,1.0,3165.0,3210.0,3165.0,3185.0,30900.0
2023-01-18,68440,3195.0,3270.0,3175.0,3235.0,0,0,45900.0,148098000.0,1.0,3195.0,3270.0,3175.0,3235.0,45900.0
2023-01-19,68440,3200.0,3230.0,3180.0,3200.0,0,0,41000.0,131418500.0,1.0,3200.0,3230.0,3180.0,3200.0,41000.0
2023-01-20,68440,3200.0,3240.0,3170.0,3230.0,0,0,33800.0,108475500.0,1.0,3200.0,3240.0,3170.0,3230.0,33800.0
2023-01-23,68440,3270.0,3280.0,3245.0,3265.0,0,0,27500.0,89824000.0,1.0,3270.0,3280.0,3245.0,3265.0,27500.0
2023-01-24,68440,3290.0,3305.0,3270.0,3290.0,0,0,48000.0,157944500.0,1.0,3290.0,3305.0,3270.0,3290.0,48000.0
2023-01-25,68440,3300.0,3315.0,3285.0,3315.0,0,0,33900.0,112044000.0,1.0,3300.0,3315.0,3285.0,3315.0,33900.0
2023-01-26,68440,3320.0,3325.0,3280.0,3290.0,0,0,34600.0,114019000.0,1.0,3320.0,3325.0,3280.0,3290.0,34600.0
2023-01-27,68440,3275.0,3310.0,3275.0,3310.0,0,0,30800.0,101422000.0,1.0,3275.0,3310.0,3275.0,3310.0,30800.0
2023-01-30,68440,3325.0,3345.0,3310.0,3325.0,0,0,52500.0,174803000.0,1.0,3325.0,3345.0,3310.0,3325.0,52500.0
2023-01-31,68440,3320.0,3365.0,3315.0,3350.0,0,0,45700.0,152555500.0,1.0,3320.0,3365.0,3315.0,3350.0,45700.0
2023-02-01,68440,3380.0,3420.0,3375.0,3400.0,0,0,57200.0,194404500.0,1.0,3380.0,3420.0,3375.0,3400.0,57200.0
2023-02-02,68440,3415.0,3420.0,3385.0,3420.0,0,0,31400.0,107058500.0,1.0,3415.0,3420.0,3385.0,3420.0,31400.0
2023-02-03,68440,3420.0,3420.0,3355.0,3365.0,0,0,45800.0,154771000.0,1.0,3420.0,3420.0,3355.0,3365.0,45800.0
2023-02-06,68440,3360.0,3400.0,3350.0,3395.0,0,0,41100.0,138936500.0,1.0,3360.0,3400.0,3350.0,3395.0,41100.0
2023-02-07,68440,3395.0,3395.0,3350.0,3385.0,0,0,27400.0,92505000.0,1.0,3395.0,3395.0,3350.0,3385.0,27400.0
2023-02-08,68440,3365.0,3385.0,3355.0,3375.0,0,0,39800.0,134096000.0,1.0,3365.0,3385.0,3355.0,3375.0,39800.0
2023-02-09,68440,3350.0,3405.0,3350.0,3385.0,0,0,49000.0,165875000.0,1.0,3350.0,3405.0,3350.0,3385.0,49000.0
2023-02-10,68440,3455.0,3520.0,3400.0,3425.0,0,0,118300.0,408639000.0,1.0,3455.0,3520.0,3400.0,3425.0,118300.0
2023-02-13,68440,3410.0,3435.0,3375.0,3395.0,0,0,39300.0,133732000.0,1.0,3410.0,3435.0,3375.0,3395.0,39300.0
2023-02-14,68440,3405.0,3455.0,3405.0,3455.0,0,0,38400.0,132077000.0,1.0,3405.0,3455.0,3405.0,3455.0,38400.0
2023-02-15,68440,3465.0,3465.0,3435.0,3445.0,0,0,23500.0,80946500.0,1.0,3465.0,3465.0,3435.0,3445.0,23500.0
2023-02-16,68440,3440.0,3505.0,3440.0,3475.0,0,0,49400.0,172028500.0,1.0,3440.0,3505.0,3440.0,3475.0,49400.0
2023-02-17,68440,3455.0,3475.0,3445.0,3445.0,0,0,25300.0,87445000.0,1.0,3455.0,3475.0,3445.0,3445.0,25300.0
2023-02-20,68440,3460.0,3485.0,3440.0,3480.0,0,0,29800.0,103424500.0,1.0,3460.0,3485.0,3440.0,3480.0,29800.0
2023-02-21,68440,3495.0,3515.0,3470.0,3500.0,0,0,34300.0,119903500.0,1.0,3495.0,3515.0,3470.0,3500.0,34300.0
2023-02-22,68440,3470.0,3475.0,3425.0,3435.0,0,0,45900.0,158332500.0,1.0,3470.0,3475.0,3425.0,3435.0,45900.0
2023-02-24,68440,3465.0,3505.0,3460.0,3500.0,0,0,29100.0,101529000.0,1.0,3465.0,3505.0,3460.0,3500.0,29100.0
2023-02-27,68440,3500.0,3585.0,3485.0,3585.0,0,0,54200.0,192224500.0,1.0,3500.0,3585.0,3485.0,3585.0,54200.0
2023-02-28,68440,3585.0,3600.0,3530.0,3530.0,0,0,37400.0,133177500.0,1.0,3585.0,3600.0,3530.0,3530.0,37400.0
2023-03-01,68440,3520.0,3695.0,3520.0,3675.0,0,0,90800.0,330424500.0,1.0,3520.0,3695.0,3520.0,3675.0,90800.0
2023-03-02,68440,3690.0,3690.0,3610.0,3640.0,0,0,62700.0,228342500.0,1.0,3690.0,3690.0,3610.0,3640.0,62700.0
2023-03-03,68440,3675.0,3765.0,3650.0,3725.0,0,0,123300.0,457693500.0,1.0,3675.0,3765.0,3650.0,3725.0,123300.0
2023-03-06,68440,3745.0,3825.0,3725.0,3765.0,0,0,85200.0,322053000.0,1.0,3745.0,3825.0,3725.0,3765.0,85200.0
2023-03-07,68440,3820.0,3855.0,3765.0,3790.0,0,0,104300.0,396788000.0,1.0,3820.0,3855.0,3765.0,3790.0,104300.0
2023-03-08,68440,3780.0,3900.0,3780.0,3900.0,0,0,103600.0,401601000.0,1.0,3780.0,3900.0,3780.0,3900.0,103600.0
2023-03-09,68440,3900.0,3900.0,3825.0,3875.0,0,0,64300.0,248565500.0,1.0,3900.0,3900.0,3825.0,3875.0,64300.0
2023-03-10,68440,3815.0,3875.0,3800.0,3810.0,0,0,64100.0,245376500.0,1.0,3815.0,3875.0,3800.0,3810.0,64100.0
2023-03-13,68440,3745.0,3750.0,3665.0,3715.0,0,0,61200.0,226935000.0,1.0,3745.0,3750.0,3665.0,3715.0,61200.0
2023-03-14,68440,3655.0,3655.0,3580.0,3620.0,0,0,64200.0,232513500.0,1.0,3655.0,3655.0,3580.0,3620.0,64200.0
2023-03-15,68440,3690.0,3715.0,3645.0,3660.0,0,0,40000.0,146733000.0,1.0,3690.0,3715.0,3645.0,3660.0,40000.0
2023-03-16,68440,3545.0,3590.0,3525.0,3555.0,0,0,47500.0,169010000.0,1.0,3545.0,3590.0,3525.0,3555.0,47500.0
2023-03-17,68440,3600.0,3645.0,3575.0,3575.0,0,0,42800.0,153995500.0,1.0,3600.0,3645.0,3575.0,3575.0,42800.0
2023-03-20,68440,3570.0,3575.0,3475.0,3480.0,0,0,47800.0,167586500.0,1.0,3570.0,3575.0,3475.0,3480.0,47800.0
2023-03-22,68440,3545.0,3600.0,3535.0,3590.0,0,0,38100.0,136200000.0,1.0,3545.0,3600.0,3535.0,3590.0,38100.0
2023-03-23,68440,3540.0,3630.0,3535.0,3630.0,0,0,31600.0,113701000.0,1.0,3540.0,3630.0,3535.0,3630.0,31600.0
2023-03-24,68440,3635.0,3650.0,3590.0,3645.0,0,0,38200.0,138624000.0,1.0,3635.0,3650.0,3590.0,3645.0,38200.0
2023-03-27,68440,3435.0,3435.0,3385.0,3420.0,0,0,168600.0,575803000.0,1.0,3435.0,3435.0,3385.0,3420.0,168600.0
2023-03-28,68440,3430.0,3430.0,3315.0,3320.0,0,0,153300.0,515904500.0,1.0,3430.0,3430.0,3315.0,3320.0,153300.0
2023-03-29,68440,3300.0,3355.0,3270.0,3330.0,0,0,120900.0,400111500.0,1.0,3300.0,3355.0,3270.0,3330.0,120900.0
2023-03-30,68440,3270.0,3315.0,3245.0,3290.0,0,0,55600.0,182584000.0,1.0,3270.0,3315.0,3245.0,3290.0,55600.0
2023-03-31,68440,3310.0,3385.0,3310.0,3345.0,0,0,76200.0,255566500.0,1.0,3310.0,3385.0,3310.0,3345.0,76200.0
2023-04-03,68440,3385.0,3435.0,3330.0,3435.0,0,0,82300.0,279401500.0,1.0,3385.0,3435.0,3330.0,3435.0,82300.0
2023-04-04,68440,3430.0,3440.0,3405.0,3435.0,0,0,58900.0,201777000.0,1.0,3430.0,3440.0,3405.0,3435.0,58900.0
2023-04-05,68440,3370.0,3380.0,3320.0,3325.0,0,0,52900.0,176938000.0,1.0,3370.0,3380.0,3320.0,3325.0,52900.0
2023-04-06,68440,3320.0,3350.0,3290.0,3310.0,0,0,57900.0,192306000.0,1.0,3320.0,3350.0,3290.0,3310.0,57900.0
2023-04-07,68440,3335.0,3375.0,3310.0,3360.0,0,0,42700.0,143167000.0,1.0,3335.0,3375.0,3310.0,3360.0,42700.0
2023-04-10,68440,3385.0,3400.0,3355.0,3380.0,0,0,41000.0,138585000.0,1.0,3385.0,3400.0,3355.0,3380.0,41000.0
2023-04-11,68440,3430.0,3435.0,3400.0,3405.0,0,0,22600.0,77172000.0,1.0,3430.0,3435.0,3400.0,3405.0,22600.0
2023-04-12,68440,3410.0,3445.0,3410.0,3420.0,0,0,31700.0,108667000.0,1.0,3410.0,3445.0,3410.0,3420.0,31700.0
2023-04-13,68440,3415.0,3425.0,3365.0,3365.0,0,0,24300.0,82194500.0,1.0,3415.0,3425.0,3365.0,3365.0,24300.0
2023-04-14,68440,3395.0,3415.0,3370.0,3395.0,0,0,27100.0,91997500.0,1.0,3395.0,3415.0,3370.0,3395.0,27100.0
2023-04-17,68440,3395.0,3405.0,3340.0,3360.0,0,0,20800.0,69926500.0,1.0,3395.0,3405.0,3340.0,3360.0,20800.0
2023-04-18,68440,3385.0,3385.0,3345.0,3365.0,0,0,20000.0,67194000.0,1.0,3385.0,3385.0,3345.0,3365.0,20000.0
2023-04-19,68440,3330.0,3355.0,3330.0,3355.0,0,0,20200.0,67536500.0,1.0,3330.0,3355.0,3330.0,3355.0,20200.0
2023-04-20,68440,3355.0,3435.0,3355.0,3430.0,0,0,46500.0,158599000.0,1.0,3355.0,3435.0,3355.0,3430.0,46500.0
2023-04-21,68440,3430.0,3470.0,3385.0,3390.0,0,0,48600.0,166433000.0,1.0,3430.0,3470.0,3385.0,3390.0,48600.0
2023-04-24,68440,3420.0,3420.0,3385.0,3410.0,0,0,18500.0,62982500.0,1.0,3420.0,3420.0,3385.0,3410.0,18500.0
2023-04-25,68440,3425.0,3460.0,3370.0,3385.0,0,0,49700.0,169333500.0,1.0,3425.0,3460.0,3370.0,3385.0,49700.0
2023-04-26,68440,3355.0,3380.0,3330.0,3375.0,0,0,32500.0,109139500.0,1.0,3355.0,3380.0,3330.0,3375.0,32500.0
2023-04-27,68440,3360.0,3405.0,3360.0,3400.0,0,0,33700.0,114258500.0,1.0,3360.0,3405.0,3360.0,3400.0,33700.0
2023-04-28,68440,3445.0,3445.0,3385.0,3445.0,0,0,36800.0,126216500.0,1.0,3445.0,3445.0,3385.0,3445.0,36800.0
2023-05-01,68440,3455.0,3475.0,3450.0,3470.0,0,0,33100.0,114546000.0,1.0,3455.0,3475.0,3450.0,3470.0,33100.0
2023-05-02,68440,3470.0,3490.0,3455.0,3480.0,0,0,42600.0,148196000.0,1.0,3470.0,3490.0,3455.0,3480.0,42600.0
2023-05-08,68440,3495.0,3520.0,3480.0,3505.0,0,0,50500.0,177033500.0,1.0,3495.0,3520.0,3480.0,3505.0,50500.0
2023-05-09,68440,3530.0,3560.0,3510.0,3560.0,0,0,49000.0,173688000.0,1.0,3530.0,3560.0,3510.0,3560.0,49000.0
2023-05-10,68440,3535.0,3550.0,3495.0,3545.0,0,0,36900.0,130117000.0,1.0,3535.0,3550.0,3495.0,3545.0,36900.0
2023-05-11,68440,3520.0,3540.0,3495.0,3505.0,0,0,24500.0,86143000.0,1.0,3520.0,3540.0,3495.0,3505.0,24500.0
2023-05-12,68440,3500.0,3520.0,3475.0,3490.0,0,0,32200.0,112555500.0,1.0,3500.0,3520.0,3475.0,3490.0,32200.0
2023-05-15,68440,3490.0,3500.0,3450.0,3495.0,0,0,35200.0,122481500.0,1.0,3490.0,3500.0,3450.0,3495.0,35200.0
2023-05-16,68440,3420.0,3460.0,3350.0,3370.0,0,0,70200.0,237420000.0,1.0,3420.0,3460.0,3350.0,3370.0,70200.0
2023-05-17,68440,3350.0,3360.0,3285.0,3285.0,0,0,81400.0,269990000.0,1.0,3350.0,3360.0,3285.0,3285.0,81400.0
2023-05-18,68440,3325.0,3375.0,3305.0,3360.0,0,0,42700.0,142701000.0,1.0,3325.0,3375.0,3305.0,3360.0,42700.0
2023-05-19,68440,3380.0,3385.0,3345.0,3350.0,0,0,32300.0,108510000.0,1.0,3380.0,3385.0,3345.0,3350.0,32300.0
2023-05-22,68440,3340.0,3370.0,3315.0,3370.0,0,0,22900.0,76851000.0,1.0,3340.0,3370.0,3315.0,3370.0,22900.0
2023-05-23,68440,3380.0,3405.0,3330.0,3340.0,0,0,42700.0,143433500.0,1.0,3380.0,3405.0,3330.0,3340.0,42700.0
2023-05-24,68440,3315.0,3345.0,3290.0,3315.0,0,0,45900.0,152091000.0,1.0,3315.0,3345.0,3290.0,3315.0,45900.0
2023-05-25,68440,3320.0,3365.0,3305.0,3365.0,0,0,50600.0,169386500.0,1.0,3320.0,3365.0,3305.0,3365.0,50600.0
2023-05-26,68440,3385.0,3390.0,3330.0,3330.0,0,0,38300.0,128708000.0,1.0,3385.0,3390.0,3330.0,3330.0,38300.0
2023-05-29,68440,3400.0,3470.0,3400.0,3425.0,0,0,72800.0,250033500.0,1.0,3400.0,3470.0,3400.0,3425.0,72800.0
2023-05-30,68440,3410.0,3435.0,3370.0,3390.0,0,0,57100.0,193882500.0,1.0,3410.0,3435.0,3370.0,3390.0,57100.0
2023-05-31,68440,3360.0,3360.0,3250.0,3250.0,0,0,95900.0,315536500.0,1.0,3360.0,3360.0,3250.0,3250.0,95900.0
2023-06-01,68440,3235.0,3245.0,3190.0,3210.0,0,0,61900.0,199233000.0,1.0,3235.0,3245.0,3190.0,3210.0,61900.0
2023-06-02,68440,3210.0,3260.0,3195.0,3250.0,0,0,43800.0,141726500.0,1.0,3210.0,3260.0,3195.0,3250.0,43800.0
2023-06-05,68440,3300.0,3310.0,3280.0,3310.0,0,0,45300.0,149432500.0,1.0,3300.0,3310.0,3280.0,3310.0,45300.0
2023-06-06,68440,3280.0,3290.0,3255.0,3280.0,0,0,51800.0,169531500.0,1.0,3280.0,3290.0,3255.0,3280.0,51800.0
2023-06-07,68440,3280.0,3300.0,3225.0,3235.0,0,0,81700.0,265605500.0,1.0,3280.0,3300.0,3225.0,3235.0,81700.0
2023-06-08,68440,3225.0,3265.0,3170.0,3190.0,0,0,57500.0,183959000.0,1.0,3225.0,3265.0,3170.0,3190.0,57500.0
2023-06-09,68440,3195.0,3235.0,3195.0,3220.0,0,0,44800.0,143946500.0,1.0,3195.0,3235.0,3195.0,3220.0,44800.0
2023-06-12,68440,3235.0,3275.0,3235.0,3270.0,0,0,32800.0,106875000.0,1.0,3235.0,3275.0,3235.0,3270.0,32800.0
2023-06-13,68440,3290.0,3330.0,3280.0,3325.0,0,0,63900.0,211863500.0,1.0,3290.0,3330.0,3280.0,3325.0,63900.0
2023-06-14,68440,3350.0,3405.0,3325.0,3335.0,0,0,62300.0,209455500.0,1.0,3350.0,3405.0,3325.0,3335.0,62300.0
2023-06-15,68440,3345.0,3385.0,3345.0,3355.0,0,0,46800.0,157616000.0,1.0,3345.0,3385.0,3345.0,3355.0,46800.0
2023-06-16,68440,3385.0,3385.0,3315.0,3355.0,0,0,84100.0,281891500.0,1.0,3385.0,3385.0,3315.0,3355.0,84100.0
2023-06-19,68440,3365.0,3370.0,3315.0,3330.0,0,0,48700.0,162793500.0,1.0,3365.0,3370.0,3315.0,3330.0,48700.0
2023-06-20,68440,3320.0,3375.0,3315.0,3375.0,0,0,38600.0,129586000.0,1.0,3320.0,3375.0,3315.0,3375.0,38600.0
2023-06-21,68440,3335.0,3395.0,3335.0,3375.0,0,0,36700.0,123629500.0,1.0,3335.0,3395.0,3335.0,3375.0,36700.0
2023-06-22,68440,3375.0,3385.0,3330.0,3335.0,0,0,39200.0,131569000.0,1.0,3375.0,3385.0,3330.0,3335.0,39200.0
2023-06-23,68440,3345.0,3380.0,3285.0,3310.0,0,0,61300.0,203269000.0,1.0,3345.0,3380.0,3285.0,3310.0,61300.0
2023-06-26,68440,3310.0,3345.0,3270.0,3305.0,0,0,47200.0,156165000.0,1.0,3310.0,3345.0,3270.0,3305.0,47200.0
2023-06-27,68440,3300.0,3300.0,3245.0,3270.0,0,0,33800.0,110354000.0,1.0,3300.0,3300.0,3245.0,3270.0,33800.0
2023-06-28,68440,3295.0,3320.0,3270.0,3320.0,0,0,45800.0,150989000.0,1.0,3295.0,3320.0,3270.0,3320.0,45800.0
2023-06-29,68440,3300.0,3315.0,3250.0,3265.0,0,0,89300.0,292573000.0,1.0,3300.0,3315.0,3250.0,3265.0,89300.0
2023-06-30,68440,3280.0,3280.0,3225.0,3255.0,0,0,58200.0,188869500.0,1.0,3280.0,3280.0,3225.0,3255.0,58200.0
2023-07-03,68440,3265.0,3350.0,3265.0,3295.0,0,0,54400.0,179815500.0,1.0,3265.0,3350.0,3265.0,3295.0,54400.0
2023-07-04,68440,3285.0,3300.0,3270.0,3280.0,0,0,37600.0,123414500.0,1.0,3285.0,3300.0,3270.0,3280.0,37600.0
2023-07-05,68440,3275.0,3320.0,3260.0,3315.0,0,0,40700.0,134301000.0,1.0,3275.0,3320.0,3260.0,3315.0,40700.0
2023-07-06,68440,3300.0,3300.0,3255.0,3265.0,0,0,42600.0,139330500.0,1.0,3300.0,3300.0,3255.0,3265.0,42600.0
2023-07-07,68440,3250.0,3285.0,3235.0,3245.0,0,0,43300.0,140899000.0,1.0,3250.0,3285.0,3235.0,3245.0,43300.0
2023-07-10,68440,3245.0,3255.0,3205.0,3210.0,0,0,53400.0,172256000.0,1.0,3245.0,3255.0,3205.0,3210.0,53400.0
2023-07-11,68440,3215.0,3230.0,3190.0,3200.0,0,0,57600.0,184559500.0,1.0,3215.0,3230.0,3190.0,3200.0,57600.0
2023-07-12,68440,3220.0,3220.0,3165.0,3170.0,0,0,47000.0,149502000.0,1.0,3220.0,3220.0,3165.0,3170.0,47000.0
2023-07-13,68440,3170.0,3190.0,3120.0,3185.0,0,0,60700.0,191778000.0,1.0,3170.0,3190.0,3120.0,3185.0,60700.0
2023-07-14,68440,3215.0,3220.0,3150.0,3190.0,0,0,38100.0,121213500.0,1.0,3215.0,3220.0,3150.0,3190.0,38100.0
2023-07-18,68440,3185.0,3240.0,3185.0,3235.0,0,0,25100.0,80897000.0,1.0,3185.0,3240.0,3185.0,3235.0,25100.0
2023-07-19,68440,3255.0,3270.0,3245.0,3270.0,0,0,32000.0,104228500.0,1.0,3255.0,3270.0,3245.0,3270.0,32000.0
2023-07-20,68440,3275.0,3300.0,3250.0,3250.0,0,0,35200.0,115164000.0,1.0,3275.0,3300.0,3250.0,3250.0,35200.0
2023-07-21,68440,3250.0,3250.0,3215.0,3235.0,0,0,21500.0,69515000.0,1.0,3250.0,3250.0,3215.0,3235.0,21500.0
2023-07-24,68440,3250.0,3280.0,3245.0,3280.0,0,0,30300.0,99100000.0,1.0,3250.0,3280.0,3245.0,3280.0,30300.0
2023-07-25,68440,3300.0,3300.0,3255.0,3280.0,0,0,39800.0,130613000.0,1.0,3300.0,3300.0,3255.0,3280.0,39800.0
2023-07-26,68440,3295.0,3295.0,3260.0,3265.0,0,0,31100.0,101805000.0,1.0,3295.0,3295.0,3260.0,3265.0,31100.0
2023-07-27,68440,3245.0,3280.0,3240.0,3280.0,0,0,28500.0,92905500.0,1.0,3245.0,3280.0,3240.0,3280.0,28500.0
2023-07-28,68440,3275.0,3280.0,3235.0,3275.0,0,0,52400.0,170846000.0,1.0,3275.0,3280.0,3235.0,3275.0,52400.0
2023-07-31,68440,3295.0,3295.0,3245.0,3275.0,0,0,68900.0,225059000.0,1.0,3295.0,3295.0,3245.0,3275.0,68900.0
2023-08-01,68440,3265.0,3315.0,3265.0,3305.0,0,0,53200.0,175369500.0,1.0,3265.0,3315.0,3265.0,3305.0,53200.0
2023-08-02,68440,3305.0,3310.0,3235.0,3260.0,0,0,60800.0,198690000.0,1.0,3305.0,3310.0,3235.0,3260.0,60800.0
2023-08-03,68440,3225.0,3265.0,3190.0,3210.0,0,0,71300.0,229694500.0,1.0,3225.0,3265.0,3190.0,3210.0,71300.0
2023-08-04,68440,3200.0,3215.0,3170.0,3185.0,0,0,50900.0,162188000.0,1.0,3200.0,3215.0,3170.0,3185.0,50900.0
2023-08-07,68440,3205.0,3230.0,3165.0,3215.0,0,0,46300.0,148383000.0,1.0,3205.0,3230.0,3165.0,3215.0,46300.0
2023-08-08,68440,3225.0,3255.0,3190.0,3220.0,0,0,54300.0,175019000.0,1.0,3225.0,3255.0,3190.0,3220.0,54300.0
2023-08-09,68440,3010.0,3045.0,2965.0,3045.0,0,0,229400.0,689467400.0,1.0,3010.0,3045.0,2965.0,3045.0,229400.0
2023-08-10,68440,3040.0,3080.0,2996.0,3070.0,0,0,100700.0,305789900.0,1.0,3040.0,3080.0,2996.0,3070.0,100700.0
2023-08-14,68440,3050.0,3070.0,3010.0,3020.0,0,0,50600.0,153486500.0,1.0,3050.0,3070.0,3010.0,3020.0,50600.0
2023-08-15,68440,3040.0,3050.0,2988.0,2988.0,0,0,71100.0,213584700.0,1.0,3040.0,3050.0,2988.0,2988.0,71100.0
2023-08-16,68440,2980.0,2986.0,2944.0,2944.0,0,0,70900.0,210092700.0,1.0,2980.0,2986.0,2944.0,2944.0,70900.0
2023-08-17,68440,2944.0,2944.0,2881.0,2930.0,0,0,118400.0,345080500.0,1.0,2944.0,2944.0,2881.0,2930.0,118400.0
2023-08-18,68440,2920.0,2970.0,2920.0,2970.0,0,0,62200.0,183810800.0,1.0,2920.0,2970.0,2920.0,2970.0,62200.0
2023-08-21,68440,2973.0,2984.0,2939.0,2945.0,0,0,39300.0,116140300.0,1.0,2973.0,2984.0,2939.0,2945.0,39300.0
2023-08-22,68440,2950.0,3005.0,2950.0,3005.0,0,0,37900.0,113181500.0,1.0,2950.0,3005.0,2950.0,3005.0,37900.0
2023-08-23,68440,3020.0,3090.0,3010.0,3080.0,0,0,52000.0,158893500.0,1.0,3020.0,3090.0,3010.0,3080.0,52000.0
2023-08-24,68440,3095.0,3130.0,3090.0,3110.0,0,0,44200.0,137553500.0,1.0,3095.0,3130.0,3090.0,3110.0,44200.0
2023-08-25,68440,3090.0,3125.0,3070.0,3100.0,0,0,34000.0,105582500.0,1.0,3090.0,3125.0,3070.0,3100.0,34000.0
2023-08-28,68440,3150.0,3170.0,3100.0,3105.0,0,0,34400.0,107528000.0,1.0,3150.0,3170.0,3100.0,3105.0,34400.0
2023-08-29,68440,3135.0,3135.0,3090.0,3095.0,0,0,30500.0,94696000.0,1.0,3135.0,3135.0,3090.0,3095.0,30500.0
2023-08-30,68440,3130.0,3160.0,3120.0,3150.0,0,0,33200.0,104404000.0,1.0,3130.0,3160.0,3120.0,3150.0,33200.0
2023-08-31,68440,3125.0,3130.0,3090.0,3105.0,0,0,31700.0,98632000.0,1.0,3125.0,3130.0,3090.0,3105.0,31700.0
2023-09-01,68440,3115.0,3140.0,3115.0,3120.0,0,0,34700.0,108471000.0,1.0,3115.0,3140.0,3115.0,3120.0,34700.0
2023-09-04,68440,3175.0,3225.0,3160.0,3220.0,0,0,59300.0,189966000.0,1.0,3175.0,3225.0,3160.0,3220.0,59300.0
2023-09-05,68440,3230.0,3235.0,3185.0,3210.0,0,0,41700.0,133575000.0,1.0,3230.0,3235.0,3185.0,3210.0,41700.0
2023-09-06,68440,3215.0,3220.0,3195.0,3215.0,0,0,27800.0,89245500.0,1.0,3215.0,3220.0,3195.0,3215.0,27800.0
2023-09-07,68440,3205.0,3215.0,3175.0,3185.0,0,0,35100.0,111968500.0,1.0,3205.0,3215.0,3175.0,3185.0,35100.0
2023-09-08,68440,3150.0,3175.0,3130.0,3135.0,0,0,41700.0,131329500.0,1.0,3150.0,3175.0,3130.0,3135.0,41700.0
2023-09-11,68440,3155.0,3190.0,3155.0,3160.0,0,0,21900.0,69425000.0,1.0,3155.0,3190.0,3155.0,3160.0,21900.0
2023-09-12,68440,3175.0,3190.0,3140.0,3155.0,0,0,32800.0,103566500.0,1.0,3175.0,3190.0,3140.0,3155.0,32800.0
2023-09-13,68440,3145.0,3155.0,3120.0,3120.0,0,0,37000.0,115929000.0,1.0,3145.0,3155.0,3120.0,3120.0,37000.0
2023-09-14,68440,3125.0,3160.0,3125.0,3160.0,0,0,37900.0,119288000.0,1.0,3125.0,3160.0,3125.0,3160.0,37900.0
2023-09-15,68440,3160.0,3175.0,3150.0,3160.0,0,0,32700.0,103397500.0,1.0,3160.0,3175.0,3150.0,3160.0,32700.0
2023-09-19,68440,3185.0,3185.0,3130.0,3165.0,0,0,45400.0,143185500.0,1.0,3185.0,3185.0,3130.0,3165.0,45400.0
2023-09-20,68440,3160.0,3170.0,3120.0,3120.0,0,0,40800.0,128009500.0,1.0,3160.0,3170.0,3120.0,3120.0,40800.0
2023-09-21,68440,3120.0,3160.0,3095.0,3100.0,0,0,32500.0,101244000.0,1.0,3120.0,3160.0,3095.0,3100.0,32500.0
2023-09-22,68440,3080.0,3105.0,3060.0,3090.0,0,0,36300.0,111921000.0,1.0,3080.0,3105.0,3060.0,3090.0,36300.0
2023-09-25,68440,3120.0,3130.0,3100.0,3105.0,0,0,26500.0,82548500.0,1.0,3120.0,3130.0,3100.0,3105.0,26500.0
2023-09-26,68440,3120.0,3120.0,3085.0,3095.0,0,0,28700.0,89011000.0,1.0,3120.0,3120.0,3085.0,3095.0,28700.0
2023-09-27,68440,3100.0,3145.0,3085.0,3145.0,0,0,36000.0,112334000.0,1.0,3100.0,3145.0,3085.0,3145.0,36000.0
2023-09-28,68440,3135.0,3135.0,3090.0,3115.0,0,0,21700.0,67547000.0,1.0,3135.0,3135.0,3090.0,3115.0,21700.0
2023-09-29,68440,3120.0,3125.0,3050.0,3055.0,0,0,48200.0,148343000.0,1.0,3120.0,3125.0,3050.0,3055.0,48200.0
2023-10-02,68440,3065.0,3100.0,3025.0,3025.0,0,0,44000.0,134462000.0,1.0,3065.0,3100.0,3025.0,3025.0,44000.0
2023-10-03,68440,3000.0,3005.0,2942.0,2947.0,0,0,74400.0,220716800.0,1.0,3000.0,3005.0,2942.0,2947.0,74400.0
2023-10-04,68440,2921.0,2954.0,2868.0,2885.0,0,0,111100.0,322788100.0,1.0,2921.0,2954.0,2868.0,2885.0,111100.0
2023-10-05,68440,2935.0,2963.0,2918.0,2956.0,0,0,49900.0,147015900.0,1.0,2935.0,2963.0,2918.0,2956.0,49900.0
2023-10-06,68440,2961.0,2990.0,2950.0,2974.0,0,0,34600.0,102926700.0,1.0,2961.0,2990.0,2950.0,2974.0,34600.0
2023-10-10,68440,3015.0,3050.0,3015.0,3045.0,0,0,30200.0,91705500.0,1.0,3015.0,3050.0,3015.0,3045.0,30200.0
2023-10-11,68440,3070.0,3070.0,3025.0,3030.0,0,0,43000.0,130596500.0,1.0,3070.0,3070.0,3025.0,3030.0,43000.0
2023-10-12,68440,3030.0,3055.0,3015.0,3055.0,0,0,28900.0,87886500.0,1.0,3030.0,3055.0,3015.0,3055.0,28900.0
2023-10-13,68440,3060.0,3060.0,3010.0,3020.0,0,0,34700.0,105183000.0,1.0,3060.0,3060.0,3010.0,3020.0,34700.0
2023-10-16,68440,3000.0,3005.0,2965.0,2980.0,0,0,35400.0,105406100.0,1.0,3000.0,3005.0,2965.0,2980.0,35400.0
2023-10-17,68440,2985.0,3025.0,2977.0,2999.0,0,0,26100.0,78194500.0,1.0,2985.0,3025.0,2977.0,2999.0,26100.0
2023-10-18,68440,2999.0,3025.0,2994.0,3025.0,0,0,26900.0,80890900.0,1.0,2999.0,3025.0,2994.0,3025.0,26900.0
2023-10-19,68440,2984.0,2997.0,2966.0,2982.0,0,0,26800.0,79973800.0,1.0,2984.0,2997.0,2966.0,2982.0,26800.0
2023-10-20,68440,2965.0,2985.0,2943.0,2961.0,0,0,32900.0,97515700.0,1.0,2965.0,2985.0,2943.0,2961.0,32900.0
2023-10-23,68440,2961.0,2963.0,2912.0,2912.0,0,0,32800.0,96064500.0,1.0,2961.0,2963.0,2912.0,2912.0,32800.0
2023-10-24,68440,2918.0,2944.0,2874.0,2936.0,0,0,48200.0,140497900.0,1.0,2918.0,2944.0,2874.0,2936.0,48200.0
2023-10-25,68440,2950.0,2975.0,2940.0,2949.0,0,0,22900.0,67628900.0,1.0,2950.0,2975.0,2940.0,2949.0,22900.0
2023-10-26,68440,2935.0,2935.0,2886.0,2889.0,0,0,41400.0,120127700.0,1.0,2935.0,2935.0,2886.0,2889.0,41400.0
2023-10-27,68440,2907.0,2934.0,2900.0,2925.0,0,0,24900.0,72630600.0,1.0,2907.0,2934.0,2900.0,2925.0,24900.0
2023-10-30,68440,2922.0,2922.0,2845.0,2860.0,0,0,57200.0,163868200.0,1.0,2922.0,2922.0,2845.0,2860.0,57200.0
2023-10-31,68440,2857.0,2857.0,2809.0,2838.0,0,0,49600.0,140305700.0,1.0,2857.0,2857.0,2809.0,2838.0,49600.0
2023-11-01,68440,2888.0,2912.0,2858.0,2870.0,0,0,30300.0,87114300.0,1.0,2888.0,2912.0,2858.0,2870.0,30300.0
2023-11-02,68440,2898.0,2902.0,2872.0,2886.0,0,0,23000.0,66377500.0,1.0,2898.0,2902.0,2872.0,2886.0,23000.0
2023-11-06,68440,2936.0,2961.0,2915.0,2947.0,0,0,53900.0,158614300.0,1.0,2936.0,2961.0,2915.0,2947.0,53900.0
2023-11-07,68440,2935.0,2959.0,2920.0,2925.0,0,0,23000.0,67618900.0,1.0,2935.0,2959.0,2920.0,2925.0,23000.0
2023-11-08,68440,2936.0,2936.0,2872.0,2881.0,0,0,52100.0,150882400.0,1.0,2936.0,2936.0,2872.0,2881.0,52100.0
2023-11-09,68440,2855.0,2971.0,2855.0,2954.0,0,0,57500.0,168611400.0,1.0,2855.0,2971.0,2855.0,2954.0,57500.0
2023-11-10,68440,2904.0,3000.0,2903.0,3000.0,0,0,51600.0,153223400.0,1.0,2904.0,3000.0,2903.0,3000.0,51600.0
2023-11-13,68440,3015.0,3030.0,2923.0,2925.0,0,0,42000.0,124080200.0,1.0,3015.0,3030.0,2923.0,2925.0,42000.0
2023-11-14,68440,2950.0,2960.0,2939.0,2942.0,0,0,17600.0,51872500.0,1.0,2950.0,2960.0,2939.0,2942.0,17600.0
2023-11-15,68440,2966.0,2983.0,2953.0,2969.0,0,0,30100.0,89378500.0,1.0,2966.0,2983.0,2953.0,2969.0,30100.0
2023-11-16,68440,2968.0,2972.0,2935.0,2962.0,0,0,22400.0,66214000.0,1.0,2968.0,2972.0,2935.0,2962.0,22400.0
2023-11-17,68440,2932.0,2972.0,2932.0,2965.0,0,0,28100.0,83084900.0,1.0,2932.0,2972.0,2932.0,2965.0,28100.0
2023-11-20,68440,2937.0,2991.0,2937.0,2963.0,0,0,27500.0,81667700.0,1.0,2937.0,2991.0,2937.0,2963.0,27500.0
2023-11-21,68440,2979.0,3035.0,2971.0,3015.0,0,0,32800.0,98706300.0,1.0,2979.0,3035.0,2971.0,3015.0,32800.0
2023-11-22,68440,2985.0,3005.0,2970.0,2991.0,0,0,18600.0,55672400.0,1.0,2985.0,3005.0,2970.0,2991.0,18600.0
2023-11-24,68440,3035.0,3085.0,3035.0,3050.0,0,0,44200.0,135579500.0,1.0,3035.0,3085.0,3035.0,3050.0,44200.0
2023-11-27,68440,3065.0,3100.0,3065.0,3085.0,0,0,21800.0,67196000.0,1.0,3065.0,3100.0,3065.0,3085.0,21800.0
2023-11-28,68440,3080.0,3085.0,3025.0,3035.0,0,0,33000.0,100546000.0,1.0,3080.0,3085.0,3025.0,3035.0,33000.0
2023-11-29,68440,3035.0,3045.0,3025.0,3030.0,0,0,17900.0,54301000.0,1.0,3035.0,3045.0,3025.0,3030.0,17900.0
2023-11-30,68440,3040.0,3070.0,3035.0,3055.0,0,0,22900.0,69940500.0,1.0,3040.0,3070.0,3035.0,3055.0,22900.0
2023-12-01,68440,3055.0,3060.0,3035.0,3045.0,0,0,20200.0,61545000.0,1.0,3055.0,3060.0,3035.0,3045.0,20200.0
2023-12-04,68440,3060.0,3065.0,3015.0,3035.0,0,0,28400.0,86326000.0,1.0,3060.0,3065.0,3015.0,3035.0,28400.0
2023-12-05,68440,3010.0,3030.0,2972.0,2972.0,0,0,46100.0,137810200.0,1.0,3010.0,3030.0,2972.0,2972.0,46100.0
2023-12-06,68440,2972.0,3045.0,2972.0,3045.0,0,0,24400.0,73751300.0,1.0,2972.0,3045.0,2972.0,3045.0,24400.0
2023-12-07,68440,3010.0,3015.0,2971.0,2978.0,0,0,30200.0,90185700.0,1.0,3010.0,3015.0,2971.0,2978.0,30200.0
2023-12-08,68440,2980.0,2981.0,2921.0,2936.0,0,0,37500.0,110594600.0,1.0,2980.0,2981.0,2921.0,2936.0,37500.0
2023-12-11,68440,2979.0,2992.0,2950.0,2966.0,0,0,37500.0,111306200.0,1.0,2979.0,2992.0,2950.0,2966.0,37500.0
2023-12-12,68440,2965.0,3010.0,2965.0,2974.0,0,0,43400.0,129582900.0,1.0,2965.0,3010.0,2965.0,2974.0,43400.0
2023-12-13,68440,2988.0,3015.0,2972.0,2999.0,0,0,42800.0,128339700.0,1.0,2988.0,3015.0,2972.0,2999.0,42800.0
2023-12-14,68440,3010.0,3030.0,2960.0,2973.0,0,0,42700.0,127730900.0,1.0,3010.0,3030.0,2960.0,2973.0,42700.0
2023-12-15,68440,3005.0,3055.0,2991.0,3040.0,0,0,51100.0,155063700.0,1.0,3005.0,3055.0,2991.0,3040.0,51100.0
2023-12-18,68440,3030.0,3030.0,2959.0,2978.0,0,0,32100.0,95586400.0,1.0,3030.0,3030.0,2959.0,2978.0,32100.0
2023-12-19,68440,2985.0,3015.0,2970.0,3005.0,0,0,35000.0,104716100.0,1.0,2985.0,3015.0,2970.0,3005.0,35000.0
2023-12-20,68440,3010.0,3060.0,3005.0,3010.0,0,0,84700.0,256745000.0,1.0,3010.0,3060.0,3005.0,3010.0,84700.0
2023-12-21,68440,2996.0,3020.0,2996.0,3005.0,0,0,51100.0,153493200.0,1.0,2996.0,3020.0,2996.0,3005.0,51100.0
2023-12-22,68440,3015.0,3045.0,3010.0,3030.0,0,0,33100.0,100163000.0,1.0,3015.0,3045.0,3010.0,3030.0,33100.0
2023-12-25,68440,3050.0,3055.0,2988.0,2988.0,0,0,37400.0,112639000.0,1.0,3050.0,3055.0,2988.0,2988.0,37400.0
2023-12-26,68440,2991.0,2999.0,2949.0,2954.0,0,0,33700.0,99975000.0,1.0,2991.0,2999.0,2949.0,2954.0,33700.0
2023-12-27,68440,2954.0,2970.0,2946.0,2958.0,0,0,50100.0,148132000.0,1.0,2954.0,2970.0,2946.0,2958.0,50100.0
2023-12-28,68440,2965.0,3030.0,2960.0,3030.0,0,0,21400.0,64308400.0,1.0,2965.0,3030.0,2960.0,3030.0,21400.0
2023-12-29,68440,3045.0,3045.0,3010.0,3030.0,0,0,20400.0,61749500.0,1.0,3045.0,3045.0,3010.0,3030.0,20400.0
2024-01-04,68440,3030.0,3070.0,2994.0,3070.0,0,0,25800.0,78442200.0,1.0,3030.0,3070.0,2994.0,3070.0,25800.0
2024-01-05,68440,3080.0,3085.0,3065.0,3075.0,0,0,15000.0,46094000.0,1.0,3080.0,3085.0,3065.0,3075.0,15000.0
2024-01-09,68440,3085.0,3125.0,3070.0,3120.0,0,0,36900.0,114581000.0,1.0,3085.0,3125.0,3070.0,3120.0,36900.0
2024-01-10,68440,3130.0,3160.0,3115.0,3130.0,0,0,30100.0,94547000.0,1.0,3130.0,3160.0,3115.0,3130.0,30100.0
2024-01-11,68440,3160.0,3165.0,3115.0,3120.0,0,0,46900.0,147069500.0,1.0,3160.0,3165.0,3115.0,3120.0,46900.0
2024-01-12,68440,3130.0,3135.0,3095.0,3100.0,0,0,20100.0,62451500.0,1.0,3130.0,3135.0,3095.0,3100.0,20100.0
2024-01-15,68440,3110.0,3150.0,3110.0,3135.0,0,0,20300.0,63587500.0,1.0,3110.0,3150.0,3110.0,3135.0,20300.0
2024-01-16,68440,3150.0,3150.0,3110.0,3110.0,0,0,18100.0,56553000.0,1.0,3150.0,3150.0,3110.0,3110.0,18100.0
2024-01-17,68440,3120.0,3150.0,3100.0,3100.0,0,0,22100.0,68886000.0,1.0,3120.0,3150.0,3100.0,3100.0,22100.0
2024-01-18,68440,3090.0,3125.0,3085.0,3125.0,0,0,13700.0,42685500.0,1.0,3090.0,3125.0,3085.0,3125.0,13700.0
2024-01-19,68440,3120.0,3135.0,3105.0,3115.0,0,0,21900.0,68344000.0,1.0,3120.0,3135.0,3105.0,3115.0,21900.0
2024-01-22,68440,3145.0,3190.0,3145.0,3180.0,0,0,64100.0,203147000.0,1.0,3145.0,3190.0,3145.0,3180.0,64100.0
2024-01-23,68440,3195.0,3195.0,3145.0,3150.0,0,0,36900.0,116767500.0,1.0,3195.0,3195.0,3145.0,3150.0,36900.0
2024-01-24,68440,3165.0,3165.0,3115.0,3150.0,0,0,26300.0,82659500.0,1.0,3165.0,3165.0,3115.0,3150.0,26300.0
2024-01-25,68440,3155.0,3195.0,3150.0,3175.0,0,0,33000.0,104748500.0,1.0,3155.0,3195.0,3150.0,3175.0,33000.0
2024-01-26,68440,3165.0,3165.0,3110.0,3120.0,0,0,40200.0,126226500.0,1.0,3165.0,3165.0,3110.0,3120.0,40200.0
2024-01-29,68440,3145.0,3155.0,3120.0,3130.0,0,0,23400.0,73425000.0,1.0,3145.0,3155.0,3120.0,3130.0,23400.0
2024-01-30,68440,3170.0,3180.0,3145.0,3170.0,0,0,35500.0,112385000.0,1.0,3170.0,3180.0,3145.0,3170.0,35500.0
2024-01-31,68440,3145.0,3165.0,3125.0,3165.0,0,0,19700.0,61991500.0,1.0,3145.0,3165.0,3125.0,3165.0,19700.0
2024-02-01,68440,3125.0,3140.0,3105.0,3130.0,0,0,27000.0,84349000.0,1.0,3125.0,3140.0,3105.0,3130.0,27000.0
2024-02-02,68440,3135.0,3170.0,3135.0,3150.0,0,0,18900.0,59616000.0,1.0,3135.0,3170.0,3135.0,3150.0,18900.0
2024-02-05,68440,3165.0,3175.0,3155.0,3160.0,0,0,13900.0,43951500.0,1.0,3165.0,3175.0,3155.0,3160.0,13900.0
2024-02-06,68440,3170.0,3170.0,3150.0,3155.0,0,0,19100.0,60370000.0,1.0,3170.0,3170.0,3150.0,3155.0,19100.0
2024-02-07,68440,3135.0,3160.0,3135.0,3150.0,0,0,27900.0,87861000.0,1.0,3135.0,3160.0,3135.0,3150.0,27900.0
2024-02-08,68440,3155.0,3170.0,3125.0,3155.0,0,0,35900.0,113241500.0,1.0,3155.0,3170.0,3125.0,3155.0,35900.0
2024-02-09,68440,3145.0,3160.0,3130.0,3140.0,0,0,39700.0,124970500.0,1.0,3145.0,3160.0,3130.0,3140.0,39700.0
2024-02-13,68440,3180.0,3180.0,3085.0,3085.0,0,0,50300.0,157320500.0,1.0,3180.0,3180.0,3085.0,3085.0,50300.0
2024-02-14,68440,3070.0,3070.0,3025.0,3050.0,0,0,44300.0,135090500.0,1.0,3070.0,3070.0,3025.0,3050.0,44300.0
2024-02-15,68440,3075.0,3075.0,3020.0,3025.0,0,0,24700.0,74982500.0,1.0,3075.0,3075.0,3020.0,3025.0,24700.0
2024-02-16,68440,3035.0,3070.0,3035.0,3035.0,0,0,26600.0,81007000.0,1.0,3035.0,3070.0,3035.0,3035.0,26600.0
2024-02-19,68440,3060.0,3090.0,3060.0,3090.0,0,0,16700.0,51353000.0,1.0,3060.0,3090.0,3060.0,3090.0,16700.0
2024-02-20,68440,3090.0,3090.0,3060.0,3085.0,0,0,22200.0,68360000.0,1.0,3090.0,3090.0,3060.0,3085.0,22200.0
2024-02-21,68440,3070.0,3085.0,3055.0,3080.0,0,0,18200.0,55926500.0,1.0,3070.0,3085.0,3055.0,3080.0,18200.0
2024-02-22,68440,3095.0,3120.0,3070.0,3105.0,0,0,27300.0,84475000.0,1.0,3095.0,3120.0,3070.0,3105.0,27300.0
2024-02-26,68440,3110.0,3140.0,3105.0,3105.0,0,0,22300.0,69585500.0,1.0,3110.0,3140.0,3105.0,3105.0,22300.0
2024-02-27,68440,3100.0,3140.0,3100.0,3130.0,0,0,19800.0,61795000.0,1.0,3100.0,3140.0,3100.0,3130.0,19800.0
2024-02-28,68440,3130.0,3155.0,3120.0,3120.0,0,0,29800.0,93385500.0,1.0,3130.0,3155.0,3120.0,3120.0,29800.0
2024-02-29,68440,3120.0,3140.0,3090.0,3095.0,0,0,20300.0,63129000.0,1.0,3120.0,3140.0,3090.0,3095.0,20300.0
2024-03-01,68440,3100.0,3130.0,3100.0,3110.0,0,0,24900.0,77500500.0,1.0,3100.0,3130.0,3100.0,3110.0,24900.0
2024-03-04,68440,3130.0,3135.0,3105.0,3120.0,0,0,23000.0,71825000.0,1.0,3130.0,3135.0,3105.0,3120.0,23000.0
2024-03-05,68440,3125.0,3135.0,3100.0,3120.0,0,0,25400.0,79192000.0,1.0,3125.0,3135.0,3100.0,3120.0,25400.0
2024-03-06,68440,3100.0,3160.0,3100.0,3150.0,0,0,37800.0,118826500.0,1.0,3100.0,3160.0,3100.0,3150.0,37800.0
2024-03-07,68440,3155.0,3155.0,3095.0,3105.0,0,0,42600.0,132727000.0,1.0,3155.0,3155.0,3095.0,3105.0,42600.0
2024-03-08,68440,3110.0,3155.0,3110.0,3135.0,0,0,31900.0,99944000.0,1.0,3110.0,3155.0,3110.0,3135.0,31900.0
2024-03-11,68440,3105.0,3110.0,3040.0,3065.0,0,0,46100.0,141856000.0,1.0,3105.0,3110.0,3040.0,3065.0,46100.0
2024-03-12,68440,3055.0,3065.0,3015.0,3040.0,0,0,25600.0,77729500.0,1.0,3055.0,3065.0,3015.0,3040.0,25600.0
2024-03-13,68440,3090.0,3090.0,3030.0,3040.0,0,0,26500.0,80922000.0,1.0,3090.0,3090.0,3030.0,3040.0,26500.0
2024-03-14,68440,3050.0,3055.0,3030.0,3045.0,0,0,15200.0,46277500.0,1.0,3050.0,3055.0,3030.0,3045.0,15200.0
2024-03-15,68440,3045.0,3090.0,3045.0,3085.0,0,0,26700.0,82098000.0,1.0,3045.0,3090.0,3045.0,3085.0,26700.0
2024-03-18,68440,3115.0,3115.0,3090.0,3095.0,0,0,14500.0,44983500.0,1.0,3115.0,3115.0,3090.0,3095.0,14500.0
2024-03-19,68440,3100.0,3115.0,3090.0,3115.0,0,0,17100.0,53109500.0,1.0,3100.0,3115.0,3090.0,3115.0,17100.0
2024-03-21,68440,3150.0,3160.0,3140.0,3155.0,0,0,33600.0,105894500.0,1.0,3150.0,3160.0,3140.0,3155.0,33600.0
2024-03-22,68440,3160.0,3180.0,3145.0,3180.0,0,0,33600.0,106330000.0,1.0,3160.0,3180.0,3145.0,3180.0,33600.0
2024-03-25,68440,3135.0,3180.0,3130.0,3145.0,0,0,41900.0,131934000.0,1.0,3135.0,3180.0,3130.0,3145.0,41900.0
2024-03-26,68440,3155.0,3170.0,3135.0,3170.0,0,0,27900.0,88199500.0,1.0,3155.0,3170.0,3135.0,3170.0,27900.0
2024-03-27,68440,3190.0,3195.0,3150.0,3160.0,0,0,87400.0,277547500.0,1.0,3190.0,3195.0,3150.0,3160.0,87400.0
2024-03-28,68440,3035.0,3070.0,3025.0,3030.0,0,0,55800.0,169808000.0,1.0,3035.0,3070.0,3025.0,3030.0,55800.0
2024-03-29,68440,3040.0,3050.0,3010.0,3045.0,0,0,22700.0,68868000.0,1.0,3040.0,3050.0,3010.0,3045.0,22700.0
2024-04-01,68440,3080.0,3080.0,3005.0,3020.0,0,0,25700.0,77881500.0,1.0,3080.0,3080.0,3005.0,3020.0,25700.0
2024-04-02,68440,3030.0,3030.0,2975.0,2975.0,0,0,40700.0,121752500.0,1.0,3030.0,3030.0,2975.0,2975.0,40700.0
2024-04-03,68440,2951.0,2980.0,2945.0,2964.0,0,0,31200.0,92458000.0,1.0,2951.0,2980.0,2945.0,2964.0,31200.0
2024-04-04,68440,2964.0,2964.0,2937.0,2941.0,0,0,33500.0,98695300.0,1.0,2964.0,2964.0,2937.0,2941.0,33500.0
2024-04-05,68440,2919.0,2927.0,2875.0,2914.0,0,0,49100.0,142683300.0,1.0,2919.0,2927.0,2875.0,2914.0,49100.0
2024-04-08,68440,2939.0,2940.0,2891.0,2903.0,0,0,25400.0,73809400.0,1.0,2939.0,2940.0,2891.0,2903.0,25400.0
2024-04-09,68440,2929.0,2930.0,2911.0,2911.0,0,0,28200.0,82313300.0,1.0,2929.0,2930.0,2911.0,2911.0,28200.0
2024-04-10,68440,2914.0,2948.0,2914.0,2948.0,0,0,18200.0,53385600.0,1.0,2914.0,2948.0,2914.0,2948.0,18200.0
2024-04-11,68440,2935.0,2935.0,2913.0,2920.0,0,0,19800.0,57854300.0,1.0,2935.0,2935.0,2913.0,2920.0,19800.0
2024-04-12,68440,2930.0,2939.0,2900.0,2913.0,0,0,37400.0,109068300.0,1.0,2930.0,2939.0,2900.0,2913.0,37400.0
2024-04-15,68440,2909.0,2927.0,2905.0,2916.0,0,0,47400.0,138177100.0,1.0,2909.0,2927.0,2905.0,2916.0,47400.0
2024-04-16,68440,2910.0,2910.0,2837.0,2839.0,0,0,79500.0,227522000.0,1.0,2910.0,2910.0,2837.0,2839.0,79500.0
2024-04-17,68440,2849.0,2856.0,2806.0,2806.0,0,0,35500.0,100110800.0,1.0,2849.0,2856.0,2806.0,2806.0,35500.0
2024-04-18,68440,2805.0,2859.0,2805.0,2849.0,0,0,19200.0,54500200.0,1.0,2805.0,2859.0,2805.0,2849.0,19200.0
2024-04-19,68440,2841.0,2841.0,2766.0,2785.0,0,0,56000.0,156499300.0,1.0,2841.0,2841.0,2766.0,2785.0,56000.0
2024-04-22,68440,2815.0,2817.0,2783.0,2816.0,0,0,41200.0,115537700.0,1.0,2815.0,2817.0,2783.0,2816.0,41200.0
2024-04-23,68440,2839.0,2842.0,2816.0,2826.0,0,0,32000.0,90594400.0,1.0,2839.0,2842.0,2816.0,2826.0,32000.0
2024-04-24,68440,2840.0,2889.0,2828.0,2889.0,0,0,35300.0,101311300.0,1.0,2840.0,2889.0,2828.0,2889.0,35300.0
2024-04-25,68440,2905.0,2923.0,2892.0,2908.0,0,0,25800.0,75130400.0,1.0,2905.0,2923.0,2892.0,2908.0,25800.0
2024-04-26,68440,2905.0,2928.0,2896.0,2914.0,0,0,31000.0,90348700.0,1.0,2905.0,2928.0,2896.0,2914.0,31000.0
2024-04-30,68440,2940.0,2968.0,2922.0,2963.0,0,0,38900.0,114764400.0,1.0,2940.0,2968.0,2922.0,2963.0,38900.0
2024-05-01,68440,2933.0,2951.0,2926.0,2945.0,0,0,17800.0,52344800.0,1.0,2933.0,2951.0,2926.0,2945.0,17800.0
2024-05-02,68440,2940.0,2965.0,2932.0,2958.0,0,0,25700.0,75915800.0,1.0,2940.0,2965.0,2932.0,2958.0,25700.0
2024-05-07,68440,2958.0,3015.0,2958.0,3015.0,0,0,49300.0,147513600.0,1.0,2958.0,3015.0,2958.0,3015.0,49300.0
2024-05-08,68440,2984.0,3020.0,2984.0,2993.0,0,0,23100.0,69315500.0,1.0,2984.0,3020.0,2984.0,2993.0,23100.0
2024-05-09,68440,3010.0,3010.0,2970.0,2981.0,0,0,13300.0,39741800.0,1.0,3010.0,3010.0,2970.0,2981.0,13300.0
2024-05-10,68440,3015.0,3015.0,2966.0,2977.0,0,0,16200.0,48262000.0,1.0,3015.0,3015.0,2966.0,2977.0,16200.0
2024-05-13,68440,2978.0,2996.0,2958.0,2982.0,0,0,13500.0,40122900.0,1.0,2978.0,2996.0,2958.0,2982.0,13500.0
2024-05-14,68440,2980.0,2980.0,2946.0,2959.0,0,0,13400.0,39681200.0,1.0,2980.0,2980.0,2946.0,2959.0,13400.0
2024-05-15,68440,3080.0,3105.0,3025.0,3045.0,0,0,67000.0,205017500.0,1.0,3080.0,3105.0,3025.0,3045.0,67000.0
2024-05-16,68440,3035.0,3040.0,2952.0,3025.0,0,0,37300.0,112273900.0,1.0,3035.0,3040.0,2952.0,3025.0,37300.0
2024-05-17,68440,3025.0,3030.0,2991.0,3010.0,0,0,19100.0,57531500.0,1.0,3025.0,3030.0,2991.0,3010.0,19100.0
2024-05-20,68440,3000.0,3025.0,2998.0,3000.0,0,0,15100.0,45405500.0,1.0,3000.0,3025.0,2998.0,3000.0,15100.0
2024-05-21,68440,3000.0,3025.0,2970.0,2973.0,0,0,18300.0,54853300.0,1.0,3000.0,3025.0,2970.0,2973.0,18300.0
2024-05-22,68440,2970.0,2988.0,2961.0,2973.0,0,0,13000.0,38676800.0,1.0,2970.0,2988.0,2961.0,2973.0,13000.0
2024-05-23,68440,2975.0,3020.0,2975.0,3020.0,0,0,14400.0,43199100.0,1.0,2975.0,3020.0,2975.0,3020.0,14400.0
2024-05-24,68440,2965.0,3015.0,2960.0,2989.0,0,0,17900.0,53512500.0,1.0,2965.0,3015.0,2960.0,2989.0,17900.0
2024-05-27,68440,2989.0,3005.0,2971.0,3005.0,0,0,21700.0,64863800.0,1.0,2989.0,3005.0,2971.0,3005.0,21700.0
2024-05-28,68440,2991.0,3005.0,2973.0,2982.0,0,0,12600.0,37635500.0,1.0,2991.0,3005.0,2973.0,2982.0,12600.0
2024-05-29,68440,2982.0,2998.0,2946.0,2946.0,0,0,13900.0,41217200.0,1.0,2982.0,2998.0,2946.0,2946.0,13900.0
2024-05-30,68440,2945.0,2950.0,2900.0,2950.0,0,0,24700.0,72342800.0,1.0,2945.0,2950.0,2900.0,2950.0,24700.0
2024-05-31,68440,2963.0,2980.0,2947.0,2980.0,0,0,14400.0,42685600.0,1.0,2963.0,2980.0,2947.0,2980.0,14400.0
2024-06-03,68440,2990.0,3010.0,2988.0,3010.0,0,0,10800.0,32409400.0,1.0,2990.0,3010.0,2988.0,3010.0,10800.0
2024-06-04,68440,3010.0,3020.0,3000.0,3015.0,0,0,11600.0,34903500.0,1.0,3010.0,3020.0,3000.0,3015.0,11600.0
2024-06-05,68440,3015.0,3015.0,2988.0,3005.0,0,0,12000.0,36009500.0,1.0,3015.0,3015.0,2988.0,3005.0,12000.0
2024-06-06,68440,3010.0,3010.0,2961.0,2974.0,0,0,10700.0,31873800.0,1.0,3010.0,3010.0,2961.0,2974.0,10700.0
2024-06-07,68440,2965.0,2994.0,2963.0,2988.0,0,0,12700.0,37827400.0,1.0,2965.0,2994.0,2963.0,2988.0,12700.0
2024-06-10,68440,2988.0,3005.0,2984.0,3005.0,0,0,8800.0,26375300.0,1.0,2988.0,3005.0,2984.0,3005.0,8800.0
2024-06-11,68440,3005.0,3010.0,2987.0,2987.0,0,0,11200.0,33594300.0,1.0,3005.0,3010.0,2987.0,2987.0,11200.0
2024-06-12,68440,3005.0,3010.0,2971.0,2990.0,0,0,18300.0,54838000.0,1.0,3005.0,3010.0,2971.0,2990.0,18300.0
2024-06-13,68440,2990.0,3000.0,2970.0,2990.0,0,0,15900.0,47491100.0,1.0,2990.0,3000.0,2970.0,2990.0,15900.0
2024-06-14,68440,2990.0,3030.0,2979.0,3030.0,0,0,41900.0,126002600.0,1.0,2990.0,3030.0,2979.0,3030.0,41900.0
2024-06-17,68440,3025.0,3025.0,2955.0,2970.0,0,0,24100.0,71805700.0,1.0,3025.0,3025.0,2955.0,2970.0,24100.0
2024-06-18,68440,3005.0,3030.0,2994.0,3005.0,0,0,12800.0,38580600.0,1.0,3005.0,3030.0,2994.0,3005.0,12800.0
2024-06-19,68440,3005.0,3020.0,2969.0,2976.0,0,0,21700.0,64925000.0,1.0,3005.0,3020.0,2969.0,2976.0,21700.0
2024-06-20,68440,2970.0,2979.0,2950.0,2967.0,0,0,19800.0,58650900.0,1.0,2970.0,2979.0,2950.0,2967.0,19800.0
2024-06-21,68440,2964.0,2978.0,2911.0,2939.0,0,0,48700.0,143522000.0,1.0,2964.0,2978.0,2911.0,2939.0,48700.0
2024-06-24,68440,2940.0,2950.0,2926.0,2935.0,0,0,28000.0,82240600.0,1.0,2940.0,2950.0,2926.0,2935.0,28000.0
2024-06-25,68440,2959.0,2979.0,2940.0,2974.0,0,0,31200.0,92657100.0,1.0,2959.0,2979.0,2940.0,2974.0,31200.0
2024-06-26,68440,2975.0,2978.0,2956.0,2970.0,0,0,23900.0,70934900.0,1.0,2975.0,2978.0,2956.0,2970.0,23900.0
2024-06-27,68440,2970.0,2984.0,2953.0,2966.0,0,0,22000.0,65290600.0,1.0,2970.0,2984.0,2953.0,2966.0,22000.0
2024-06-28,68440,2979.0,2979.0,2952.0,2961.0,0,0,21600.0,64016200.0,1.0,2979.0,2979.0,2952.0,2961.0,21600.0
2024-07-01,68440,2976.0,2988.0,2957.0,2957.0,0,0,20100.0,59649000.0,1.0,2976.0,2988.0,2957.0,2957.0,20100.0
2024-07-02,68440,2980.0,2980.0,2937.0,2938.0,0,0,29100.0,85810400.0,1.0,2980.0,2980.0,2937.0,2938.0,29100.0
2024-07-03,68440,2949.0,2978.0,2945.0,2978.0,0,0,31100.0,92277700.0,1.0,2949.0,2978.0,2945.0,2978.0,31100.0
2024-07-04,68440,2976.0,2988.0,2970.0,2987.0,0,0,22300.0,66485900.0,1.0,2976.0,2988.0,2970.0,2987.0,22300.0
2024-07-05,68440,2983.0,2987.0,2967.0,2973.0,0,0,17200.0,51144000.0,1.0,2983.0,2987.0,2967.0,2973.0,17200.0
2024-07-08,68440,2978.0,2978.0,2936.0,2936.0,0,0,31200.0,92010600.0,1.0,2978.0,2978.0,2936.0,2936.0,31200.0
2024-07-09,68440,2949.0,2951.0,2916.0,2926.0,0,0,33900.0,99298800.0,1.0,2949.0,2951.0,2916.0,2926.0,33900.0
2024-07-10,68440,2922.0,2922.0,2879.0,2889.0,0,0,69000.0,199995600.0,1.0,2922.0,2922.0,2879.0,2889.0,69000.0
2024-07-11,68440,2903.0,2937.0,2898.0,2922.0,0,0,42400.0,123714000.0,1.0,2903.0,2937.0,2898.0,2922.0,42400.0
2024-07-12,68440,2920.0,2969.0,2913.0,2954.0,0,0,50400.0,148529200.0,1.0,2920.0,2969.0,2913.0,2954.0,50400.0
2024-07-16,68440,2947.0,2963.0,2942.0,2944.0,0,0,17300.0,51048400.0,1.0,2947.0,2963.0,2942.0,2944.0,17300.0
2024-07-17,68440,2967.0,2977.0,2961.0,2974.0,0,0,27300.0,81068000.0,1.0,2967.0,2977.0,2961.0,2974.0,27300.0
2024-07-18,68440,2961.0,2969.0,2941.0,2941.0,0,0,21300.0,62894500.0,1.0,2961.0,2969.0,2941.0,2941.0,21300.0
2024-07-19,68440,2940.0,2954.0,2923.0,2936.0,0,0,15000.0,44046100.0,1.0,2940.0,2954.0,2923.0,2936.0,15000.0
2024-07-22,68440,2930.0,2935.0,2878.0,2878.0,0,0,35300.0,102169500.0,1.0,2930.0,2935.0,2878.0,2878.0,35300.0
2024-07-23,68440,2889.0,2902.0,2872.0,2873.0,0,0,24800.0,71510700.0,1.0,2889.0,2902.0,2872.0,2873.0,24800.0
2024-07-24,68440,2874.0,2883.0,2847.0,2850.0,0,0,29600.0,84612100.0,1.0,2874.0,2883.0,2847.0,2850.0,29600.0
2024-07-25,68440,2838.0,2839.0,2810.0,2824.0,0,0,47500.0,134340400.0,1.0,2838.0,2839.0,2810.0,2824.0,47500.0
2024-07-26,68440,2812.0,2832.0,2810.0,2810.0,0,0,28000.0,78885500.0,1.0,2812.0,2832.0,2810.0,2810.0,28000.0
2024-07-29,68440,2846.0,2868.0,2838.0,2860.0,0,0,24200.0,69156100.0,1.0,2846.0,2868.0,2838.0,2860.0,24200.0
2024-07-30,68440,2878.0,2888.0,2863.0,2872.0,0,0,28600.0,82217200.0,1.0,2878.0,2888.0,2863.0,2872.0,28600.0
2024-07-31,68440,2860.0,2929.0,2835.0,2929.0,0,0,30000.0,86624000.0,1.0,2860.0,2929.0,2835.0,2929.0,30000.0
2024-08-01,68440,2899.0,2899.0,2803.0,2829.0,0,0,40300.0,114064400.0,1.0,2899.0,2899.0,2803.0,2829.0,40300.0
2024-08-02,68440,2782.0,2790.0,2675.0,2676.0,0,0,65300.0,177240200.0,1.0,2782.0,2790.0,2675.0,2676.0,65300.0
2024-08-05,68440,2526.0,2532.0,2259.0,2259.0,0,0,83600.0,204681600.0,1.0,2526.0,2532.0,2259.0,2259.0,83600.0
2024-08-06,68440,2278.0,2514.0,2278.0,2474.0,0,0,61200.0,148832600.0,1.0,2278.0,2514.0,2278.0,2474.0,61200.0
2024-08-07,68440,2424.0,2509.0,2412.0,2412.0,0,0,63500.0,155565100.0,1.0,2424.0,2509.0,2412.0,2412.0,63500.0
2024-08-08,68440,2399.0,2424.0,2335.0,2359.0,0,0,70100.0,166865700.0,1.0,2399.0,2424.0,2335.0,2359.0,70100.0
2024-08-09,68440,2409.0,2433.0,2358.0,2403.0,0,0,40600.0,97457700.0,1.0,2409.0,2433.0,2358.0,2403.0,40600.0
2024-08-13,68440,2403.0,2472.0,2403.0,2472.0,0,0,38200.0,93427500.0,1.0,2403.0,2472.0,2403.0,2472.0,38200.0
2024-08-14,68440,2462.0,2507.0,2445.0,2484.0,0,0,28200.0,69877300.0,1.0,2462.0,2507.0,2445.0,2484.0,28200.0
2024-08-15,68440,2506.0,2533.0,2491.0,2514.0,0,0,30400.0,76464000.0,1.0,2506.0,2533.0,2491.0,2514.0,30400.0
2024-08-16,68440,2552.0,2592.0,2551.0,2592.0,0,0,28100.0,72374900.0,1.0,2552.0,2592.0,2551.0,2592.0,28100.0
2024-08-19,68440,2592.0,2603.0,2550.0,2560.0,0,0,26800.0,68959700.0,1.0,2592.0,2603.0,2550.0,2560.0,26800.0
2024-08-20,68440,2589.0,2600.0,2580.0,2581.0,0,0,16800.0,43458200.0,1.0,2589.0,2600.0,2580.0,2581.0,16800.0
2024-08-21,68440,2571.0,2589.0,2553.0,2568.0,0,0,15200.0,39011300.0,1.0,2571.0,2589.0,2553.0,2568.0,15200.0
2024-08-22,68440,2579.0,2589.0,2550.0,2569.0,0,0,14900.0,38187100.0,1.0,2579.0,2589.0,2550.0,2569.0,14900.0
2024-08-23,68440,2584.0,2605.0,2573.0,2589.0,0,0,25100.0,64975000.0,1.0,2584.0,2605.0,2573.0,2589.0,25100.0
2024-08-26,68440,2582.0,2582.0,2523.0,2531.0,0,0,32100.0,81691900.0,1.0,2582.0,2582.0,2523.0,2531.0,32100.0
2024-08-27,68440,2531.0,2539.0,2518.0,2535.0,0,0,20200.0,51082600.0,1.0,2531.0,2539.0,2518.0,2535.0,20200.0
2024-08-28,68440,2525.0,2525.0,2500.0,2513.0,0,0,19700.0,49449200.0,1.0,2525.0,2525.0,2500.0,2513.0,19700.0
2024-08-29,68440,2505.0,2522.0,2493.0,2510.0,0,0,27000.0,67637100.0,1.0,2505.0,2522.0,2493.0,2510.0,27000.0
2024-08-30,68440,2525.0,2540.0,2505.0,2533.0,0,0,23300.0,58940000.0,1.0,2525.0,2540.0,2505.0,2533.0,23300.0
2024-09-02,68440,2572.0,2582.0,2551.0,2569.0,0,0,25500.0,65418000.0,1.0,2572.0,2582.0,2551.0,2569.0,25500.0
2024-09-03,68440,2583.0,2609.0,2583.0,2599.0,0,0,30400.0,78919100.0,1.0,2583.0,2609.0,2583.0,2599.0,30400.0
2024-09-04,68440,2531.0,2554.0,2492.0,2492.0,0,0,56700.0,142399600.0,1.0,2531.0,2554.0,2492.0,2492.0,56700.0
2024-09-05,68440,2492.0,2529.0,2452.0,2478.0,0,0,28000.0,69750600.0,1.0,2492.0,2529.0,2452.0,2478.0,28000.0
2024-09-06,68440,2496.0,2515.0,2464.0,2470.0,0,0,41100.0,101806700.0,1.0,2496.0,2515.0,2464.0,2470.0,41100.0
2024-09-09,68440,2401.0,2413.0,2361.0,2399.0,0,0,50300.0,120306200.0,1.0,2401.0,2413.0,2361.0,2399.0,50300.0
2024-09-10,68440,2410.0,2410.0,2361.0,2361.0,0,0,48900.0,116480600.0,1.0,2410.0,2410.0,2361.0,2361.0,48900.0
2024-09-11,68440,2366.0,2366.0,2290.0,2300.0,0,0,38000.0,88112200.0,1.0,2366.0,2366.0,2290.0,2300.0,38000.0
2024-09-12,68440,2312.0,2376.0,2312.0,2326.0,0,0,37200.0,86817500.0,1.0,2312.0,2376.0,2312.0,2326.0,37200.0
2024-09-13,68440,2312.0,2331.0,2292.0,2295.0,0,0,26600.0,61281300.0,1.0,2312.0,2331.0,2292.0,2295.0,26600.0
2024-09-17,68440,2307.0,2320.0,2271.0,2317.0,0,0,41500.0,95231800.0,1.0,2307.0,2320.0,2271.0,2317.0,41500.0
2024-09-18,68440,2333.0,2358.0,2321.0,2328.0,0,0,35000.0,81786100.0,1.0,2333.0,2358.0,2321.0,2328.0,35000.0
2024-09-19,68440,2350.0,2386.0,2350.0,2371.0,0,0,32600.0,77402800.0,1.0,2350.0,2386.0,2350.0,2371.0,32600.0
2024-09-20,68440,2414.0,2427.0,2392.0,2402.0,0,0,51800.0,124650300.0,1.0,2414.0,2427.0,2392.0,2402.0,51800.0
2024-09-24,68440,2430.0,2430.0,2394.0,2400.0,0,0,20600.0,49529500.0,1.0,2430.0,2430.0,2394.0,2400.0,20600.0
2024-09-25,68440,2402.0,2425.0,2388.0,2420.0,0,0,21500.0,51837200.0,1.0,2402.0,2425.0,2388.0,2420.0,21500.0
2024-09-26,68440,2440.0,2440.0,2411.0,2440.0,0,0,44200.0,107389700.0,1.0,2440.0,2440.0,2411.0,2440.0,44200.0
2024-09-27,68440,2459.0,2482.0,2441.0,2479.0,0,0,27400.0,67655000.0,1.0,2459.0,2482.0,2441.0,2479.0,27400.0
2024-09-30,68440,2400.0,2400.0,2340.0,2345.0,0,0,88600.0,209133400.0,1.0,2400.0,2400.0,2340.0,2345.0,88600.0
2024-10-01,68440,2369.0,2380.0,2355.0,2377.0,0,0,22400.0,53129000.0,1.0,2369.0,2380.0,2355.0,2377.0,22400.0
2024-10-02,68440,2355.0,2400.0,2355.0,2363.0,0,0,34000.0,80768900.0,1.0,2355.0,2400.0,2355.0,2363.0,34000.0
2024-10-03,68440,2410.0,2439.0,2405.0,2432.0,0,0,26800.0,64947300.0,1.0,2410.0,2439.0,2405.0,2432.0,26800.0
2024-10-04,68440,2432.0,2488.0,2432.0,2477.0,0,0,41300.0,101872300.0,1.0,2432.0,2488.0,2432.0,2477.0,41300.0
2024-10-07,68440,2500.0,2500.0,2462.0,2462.0,0,0,24400.0,60412000.0,1.0,2500.0,2500.0,2462.0,2462.0,24400.0
2024-10-08,68440,2465.0,2473.0,2405.0,2408.0,0,0,32600.0,79136700.0,1.0,2465.0,2473.0,2405.0,2408.0,32600.0
2024-10-09,68440,2429.0,2440.0,2392.0,2417.0,0,0,16200.0,39014900.0,1.0,2429.0,2440.0,2392.0,2417.0,16200.0
2024-10-10,68440,2420.0,2430.0,2418.0,2420.0,0,0,12500.0,30275900.0,1.0,2420.0,2430.0,2418.0,2420.0,12500.0
2024-10-11,68440,2420.0,2431.0,2411.0,2411.0,0,0,16400.0,39694100.0,1.0,2420.0,2431.0,2411.0,2411.0,16400.0
2024-10-15,68440,2416.0,2429.0,2394.0,2418.0,0,0,28300.0,68299600.0,1.0,2416.0,2429.0,2394.0,2418.0,28300.0
2024-10-16,68440,2395.0,2436.0,2386.0,2408.0,0,0,20100.0,48463200.0,1.0,2395.0,2436.0,2386.0,2408.0,20100.0
2024-10-17,68440,2420.0,2435.0,2391.0,2393.0,0,0,13300.0,31984300.0,1.0,2420.0,2435.0,2391.0,2393.0,13300.0
2024-10-18,68440,2399.0,2409.0,2393.0,2409.0,0,0,13200.0,31712000.0,1.0,2399.0,2409.0,2393.0,2409.0,13200.0
2024-10-21,68440,2409.0,2424.0,2402.0,2423.0,0,0,16800.0,40557600.0,1.0,2409.0,2424.0,2402.0,2423.0,16800.0
2024-10-22,68440,2423.0,2423.0,2376.0,2379.0,0,0,18000.0,42941600.0,1.0,2423.0,2423.0,2376.0,2379.0,18000.0
2024-10-23,68440,2380.0,2391.0,2366.0,2366.0,0,0,17300.0,41097500.0,1.0,2380.0,2391.0,2366.0,2366.0,17300.0
2024-10-24,68440,2350.0,2360.0,2331.0,2353.0,0,0,33300.0,78197000.0,1.0,2350.0,2360.0,2331.0,2353.0,33300.0
2024-10-25,68440,2342.0,2346.0,2320.0,2331.0,0,0,19700.0,45929100.0,1.0,2342.0,2346.0,2320.0,2331.0,19700.0
2024-10-28,68440,2329.0,2386.0,2329.0,2371.0,0,0,27400.0,64675900.0,1.0,2329.0,2386.0,2329.0,2371.0,27400.0
2024-10-29,68440,2355.0,2394.0,2355.0,2394.0,0,0,17700.0,42179700.0,1.0,2355.0,2394.0,2355.0,2394.0,17700.0
2024-10-30,68440,2397.0,2398.0,2371.0,2394.0,0,0,26500.0,63230000.0,1.0,2397.0,2398.0,2371.0,2394.0,26500.0
2024-10-31,68440,2375.0,2425.0,2375.0,2404.0,0,0,50400.0,121018200.0,1.0,2375.0,2425.0,2375.0,2404.0,50400.0
2024-11-01,68440,2388.0,2397.0,2372.0,2380.0,0,0,29000.0,69112400.0,1.0,2388.0,2397.0,2372.0,2380.0,29000.0
2024-11-05,68440,2360.0,2360.0,2333.0,2335.0,0,0,52000.0,121865400.0,1.0,2360.0,2360.0,2333.0,2335.0,52000.0
2024-11-06,68440,2348.0,2417.0,2340.0,2403.0,0,0,43200.0,103483200.0,1.0,2348.0,2417.0,2340.0,2403.0,43200.0
2024-11-07,68440,2405.0,2464.0,2404.0,2449.0,0,0,51100.0,124717400.0,1.0,2405.0,2464.0,2404.0,2449.0,51100.0
2024-11-08,68440,2465.0,2465.0,2399.0,2409.0,0,0,38500.0,93081000.0,1.0,2465.0,2465.0,2399.0,2409.0,38500.0
2024-11-11,68440,2429.0,2450.0,2418.0,2434.0,0,0,32700.0,79453000.0,1.0,2429.0,2450.0,2418.0,2434.0,32700.0
2024-11-12,68440,2434.0,2460.0,2413.0,2414.0,0,0,36200.0,88225100.0,1.0,2434.0,2460.0,2413.0,2414.0,36200.0
2024-11-13,68440,2420.0,2458.0,2415.0,2431.0,0,0,40800.0,99294000.0,1.0,2420.0,2458.0,2415.0,2431.0,40800.0
2024-11-14,68440,2439.0,2485.0,2439.0,2455.0,0,0,34800.0,85833100.0,1.0,2439.0,2485.0,2439.0,2455.0,34800.0
2024-11-15,68440,2477.0,2477.0,2436.0,2449.0,0,0,19400.0,47537000.0,1.0,2477.0,2477.0,2436.0,2449.0,19400.0
2024-11-18,68440,2444.0,2477.0,2436.0,2468.0,0,0,23000.0,56636100.0,1.0,2444.0,2477.0,2436.0,2468.0,23000.0
2024-11-19,68440,2481.0,2531.0,2481.0,2525.0,0,0,52900.0,132896200.0,1.0,2481.0,2531.0,2481.0,2525.0,52900.0
2024-11-20,68440,2528.0,2547.0,2508.0,2530.0,0,0,32700.0,82439500.0,1.0,2528.0,2547.0,2508.0,2530.0,32700.0
2024-11-21,68440,2523.0,2583.0,2523.0,2568.0,0,0,64900.0,166202300.0,1.0,2523.0,2583.0,2523.0,2568.0,64900.0
2024-11-22,68440,2565.0,2579.0,2502.0,2502.0,0,0,28600.0,72293900.0,1.0,2565.0,2579.0,2502.0,2502.0,28600.0
2024-11-25,68440,2532.0,2542.0,2501.0,2501.0,0,0,38300.0,96262800.0,1.0,2532.0,2542.0,2501.0,2501.0,38300.0
2024-11-26,68440,2497.0,2497.0,2433.0,2448.0,0,0,23400.0,57558400.0,1.0,2497.0,2497.0,2433.0,2448.0,23400.0
2024-11-27,68440,2448.0,2448.0,2362.0,2382.0,0,0,44100.0,105621200.0,1.0,2448.0,2448.0,2362.0,2382.0,44100.0
2024-11-28,68440,2394.0,2418.0,2380.0,2393.0,0,0,32300.0,77290400.0,1.0,2394.0,2418.0,2380.0,2393.0,32300.0
2024-11-29,68440,2408.0,2410.0,2376.0,2397.0,0,0,28100.0,67362000.0,1.0,2408.0,2410.0,2376.0,2397.0,28100.0
2024-12-02,68440,2410.0,2428.0,2399.0,2406.0,0,0,18900.0,45622800.0,1.0,2410.0,2428.0,2399.0,2406.0,18900.0
2024-12-03,68440,2408.0,2437.0,2408.0,2415.0,0,0,28500.0,69131900.0,1.0,2408.0,2437.0,2408.0,2415.0,28500.0
2024-12-04,68440,2415.0,2415.0,2377.0,2397.0,0,0,26100.0,62508100.0,1.0,2415.0,2415.0,2377.0,2397.0,26100.0
2024-12-05,68440,2396.0,2405.0,2375.0,2386.0,0,0,22400.0,53434600.0,1.0,2396.0,2405.0,2375.0,2386.0,22400.0
2024-12-06,68440,2395.0,2395.0,2350.0,2359.0,0,0,31700.0,75059200.0,1.0,2395.0,2395.0,2350.0,2359.0,31700.0
2024-12-09,68440,2369.0,2377.0,2350.0,2350.0,0,0,34400.0,81333700.0,1.0,2369.0,2377.0,2350.0,2350.0,34400.0
2024-12-10,68440,2350.0,2377.0,2342.0,2350.0,0,0,37200.0,87711400.0,1.0,2350.0,2377.0,2342.0,2350.0,37200.0
2024-12-11,68440,2345.0,2354.0,2314.0,2321.0,0,0,40800.0,94819000.0,1.0,2345.0,2354.0,2314.0,2321.0,40800.0
2024-12-12,68440,2332.0,2347.0,2325.0,2325.0,0,0,43800.0,102191300.0,1.0,2332.0,2347.0,2325.0,2325.0,43800.0
2024-12-13,68440,2320.0,2368.0,2310.0,2360.0,0,0,50700.0,118419200.0,1.0,2320.0,2368.0,2310.0,2360.0,50700.0
2024-12-16,68440,2360.0,2375.0,2346.0,2354.0,0,0,30700.0,72378200.0,1.0,2360.0,2375.0,2346.0,2354.0,30700.0
2024-12-17,68440,2350.0,2351.0,2295.0,2318.0,0,0,60500.0,140070300.0,1.0,2350.0,2351.0,2295.0,2318.0,60500.0
2024-12-18,68440,2321.0,2385.0,2320.0,2379.0,0,0,48900.0,115350600.0,1.0,2321.0,2385.0,2320.0,2379.0,48900.0
2024-12-19,68440,2329.0,2375.0,2329.0,2357.0,0,0,31900.0,75085600.0,1.0,2329.0,2375.0,2329.0,2357.0,31900.0
2024-12-20,68440,2360.0,2386.0,2348.0,2348.0,0,0,46300.0,109378500.0,1.0,2360.0,2386.0,2348.0,2348.0,46300.0
2024-12-23,68440,2347.0,2348.0,2315.0,2334.0,0,0,34900.0,81470600.0,1.0,2347.0,2348.0,2315.0,2334.0,34900.0
2024-12-24,68440,2343.0,2363.0,2333.0,2349.0,0,0,35700.0,83977600.0,1.0,2343.0,2363.0,2333.0,2349.0,35700.0
2024-12-25,68440,2386.0,2413.0,2364.0,2389.0,0,0,61900.0,147987800.0,1.0,2386.0,2413.0,2364.0,2389.0,61900.0
2024-12-26,68440,2389.0,2482.0,2389.0,2470.0,0,0,61000.0,149838700.0,1.0,2389.0,2482.0,2389.0,2470.0,61000.0
2024-12-27,68440,2470.0,2500.0,2465.0,2493.0,0,0,37100.0,92181000.0,1.0,2470.0,2500.0,2465.0,2493.0,37100.0
2024-12-30,68440,2499.0,2500.0,2479.0,2491.0,0,0,32100.0,79932200.0,1.0,2499.0,2500.0,2479.0,2491.0,32100.0
2025-01-06,68440,2494.0,2500.0,2456.0,2468.0,0,0,51900.0,128187800.0,1.0,2494.0,2500.0,2456.0,2468.0,51900.0
2025-01-07,68440,2498.0,2538.0,2465.0,2534.0,0,0,36400.0,91422100.0,1.0,2498.0,2538.0,2465.0,2534.0,36400.0
2025-01-08,68440,2505.0,2530.0,2499.0,2519.0,0,0,30700.0,77197100.0,1.0,2505.0,2530.0,2499.0,2519.0,30700.0
2025-01-09,68440,2506.0,2506.0,2452.0,2463.0,0,0,33400.0,82686900.0,1.0,2506.0,2506.0,2452.0,2463.0,33400.0
2025-01-10,68440,2465.0,2478.0,2458.0,2474.0,0,0,17800.0,43910200.0,1.0,2465.0,2478.0,2458.0,2474.0,17800.0
2025-01-14,68440,2470.0,2470.0,2414.0,2423.0,0,0,28600.0,69645200.0,1.0,2470.0,2470.0,2414.0,2423.0,28600.0
2025-01-15,68440,2421.0,2447.0,2412.0,2423.0,0,0,20500.0,49754900.0,1.0,2421.0,2447.0,2412.0,2423.0,20500.0
2025-01-16,68440,2444.0,2444.0,2394.0,2397.0,0,0,19900.0,47933100.0,1.0,2444.0,2444.0,2394.0,2397.0,19900.0
2025-01-17,68440,2397.0,2450.0,2374.0,2378.0,0,0,42000.0,100469000.0,1.0,2397.0,2450.0,2374.0,2378.0,42000.0
2025-01-20,68440,2387.0,2442.0,2387.0,2415.0,0,0,20300.0,49093800.0,1.0,2387.0,2442.0,2387.0,2415.0,20300.0
2025-01-21,68440,2428.0,2452.0,2428.0,2446.0,0,0,16200.0,39522200.0,1.0,2428.0,2452.0,2428.0,2446.0,16200.0
2025-01-22,68440,2445.0,2488.0,2441.0,2470.0,0,0,24700.0,60891300.0,1.0,2445.0,2488.0,2441.0,2470.0,24700.0
2025-01-23,68440,2466.0,2484.0,2454.0,2465.0,0,0,17500.0,43231800.0,1.0,2466.0,2484.0,2454.0,2465.0,17500.0
2025-01-24,68440,2479.0,2480.0,2450.0,2450.0,0,0,14000.0,34500900.0,1.0,2479.0,2480.0,2450.0,2450.0,14000.0
2025-01-27,68440,2469.0,2499.0,2464.0,2472.0,0,0,23300.0,57855700.0,1.0,2469.0,2499.0,2464.0,2472.0,23300.0
2025-01-28,68440,2468.0,2485.0,2454.0,2466.0,0,0,12100.0,29850400.0,1.0,2468.0,2485.0,2454.0,2466.0,12100.0
2025-01-29,68440,2474.0,2474.0,2450.0,2451.0,0,0,20500.0,50354400.0,1.0,2474.0,2474.0,2450.0,2451.0,20500.0
2025-01-30,68440,2450.0,2458.0,2433.0,2458.0,0,0,21500.0,52662700.0,1.0,2450.0,2458.0,2433.0,2458.0,21500.0
2025-01-31,68440,2468.0,2469.0,2430.0,2430.0,0,0,20700.0,50541100.0,1.0,2468.0,2469.0,2430.0,2430.0,20700.0
2025-02-03,68440,2430.0,2430.0,2371.0,2375.0,0,0,57100.0,136496400.0,1.0,2430.0,2430.0,2371.0,2375.0,57100.0
2025-02-04,68440,2419.0,2420.0,2394.0,2395.0,0,0,26500.0,63790900.0,1.0,2419.0,2420.0,2394.0,2395.0,26500.0
2025-02-05,68440,2419.0,2454.0,2419.0,2432.0,0,0,23100.0,56144000.0,1.0,2419.0,2454.0,2419.0,2432.0,23100.0
2025-02-06,68440,2432.0,2455.0,2432.0,2455.0,0,0,11400.0,27893400.0,1.0,2432.0,2455.0,2432.0,2455.0,11400.0
2025-02-07,68440,2459.0,2501.0,2458.0,2498.0,0,0,36400.0,90612600.0,1.0,2459.0,2501.0,2458.0,2498.0,36400.0
2025-02-10,68440,2500.0,2523.0,2496.0,2509.0,0,0,36500.0,91689500.0,1.0,2500.0,2523.0,2496.0,2509.0,36500.0
2025-02-12,68440,2522.0,2658.0,2522.0,2654.0,0,0,140900.0,367682800.0,1.0,2522.0,2658.0,2522.0,2654.0,140900.0
2025-02-13,68440,2646.0,2658.0,2617.0,2638.0,0,0,37600.0,98954100.0,1.0,2646.0,2658.0,2617.0,2638.0,37600.0
2025-02-14,68440,2632.0,2644.0,2599.0,2600.0,0,0,18500.0,48375600.0,1.0,2632.0,2644.0,2599.0,2600.0,18500.0
2025-02-17,68440,2601.0,2639.0,2601.0,2628.0,0,0,12700.0,33348900.0,1.0,2601.0,2639.0,2601.0,2628.0,12700.0
2025-02-18,68440,2644.0,2655.0,2600.0,2632.0,0,0,19800.0,52000300.0,1.0,2644.0,2655.0,2600.0,2632.0,19800.0
2025-02-19,68440,2621.0,2649.0,2621.0,2638.0,0,0,13000.0,34245500.0,1.0,2621.0,2649.0,2621.0,2638.0,13000.0
2025-02-20,68440,2631.0,2646.0,2597.0,2607.0,0,0,13000.0,33980500.0,1.0,2631.0,2646.0,2597.0,2607.0,13000.0
2025-02-21,68440,2578.0,2578.0,2528.0,2550.0,0,0,21000.0,53583500.0,1.0,2578.0,2578.0,2528.0,2550.0,21000.0
2025-02-25,68440,2530.0,2562.0,2518.0,2555.0,0,0,19000.0,48281300.0,1.0,2530.0,2562.0,2518.0,2555.0,19000.0
2025-02-26,68440,2534.0,2554.0,2520.0,2542.0,0,0,20600.0,52212800.0,1.0,2534.0,2554.0,2520.0,2542.0,20600.0
2025-02-27,68440,2543.0,2596.0,2543.0,2596.0,0,0,15500.0,39821500.0,1.0,2543.0,2596.0,2543.0,2596.0,15500.0
2025-02-28,68440,2581.0,2594.0,2554.0,2567.0,0,0,22400.0,57604500.0,1.0,2581.0,2594.0,2554.0,2567.0,22400.0
2025-03-03,68440,2599.0,2599.0,2575.0,2584.0,0,0,26500.0,68568000.0,1.0,2599.0,2599.0,2575.0,2584.0,26500.0
2025-03-04,68440,2585.0,2585.0,2511.0,2522.0,0,0,24400.0,61847100.0,1.0,2585.0,2585.0,2511.0,2522.0,24400.0
2025-03-05,68440,2544.0,2544.0,2511.0,2511.0,0,0,24500.0,61843900.0,1.0,2544.0,2544.0,2511.0,2511.0,24500.0
2025-03-06,68440,2547.0,2588.0,2510.0,2585.0,0,0,30000.0,77099200.0,1.0,2547.0,2588.0,2510.0,2585.0,30000.0
2025-03-07,68440,2560.0,2591.0,2523.0,2591.0,0,0,30200.0,77643900.0,1.0,2560.0,2591.0,2523.0,2591.0,30200.0
2025-03-10,68440,2593.0,2650.0,2593.0,2599.0,0,0,34400.0,90257600.0,1.0,2593.0,2650.0,2593.0,2599.0,34400.0
2025-03-11,68440,2537.0,2581.0,2530.0,2581.0,0,0,35000.0,89356000.0,1.0,2537.0,2581.0,2530.0,2581.0,35000.0
2025-03-12,68440,2585.0,2603.0,2560.0,2586.0,0,0,25800.0,66535000.0,1.0,2585.0,2603.0,2560.0,2586.0,25800.0
2025-03-13,68440,2589.0,2598.0,2537.0,2541.0,0,0,44100.0,112654600.0,1.0,2589.0,2598.0,2537.0,2541.0,44100.0
2025-03-14,68440,2530.0,2569.0,2530.0,2559.0,0,0,22600.0,57565600.0,1.0,2530.0,2569.0,2530.0,2559.0,22600.0
2025-03-17,68440,2562.0,2575.0,2552.0,2570.0,0,0,25200.0,64621000.0,1.0,2562.0,2575.0,2552.0,2570.0,25200.0
2025-03-18,68440,2589.0,2597.0,2574.0,2585.0,0,0,33700.0,87159100.0,1.0,2589.0,2597.0,2574.0,2585.0,33700.0
2025-03-19,68440,2306.0,2374.0,2301.0,2344.0,0,0,358900.0,839561700.0,1.0,2306.0,2374.0,2301.0,2344.0,358900.0
2025-03-21,68440,2334.0,2340.0,2302.0,2309.0,0,0,190500.0,441833700.0,1.0,2334.0,2340.0,2302.0,2309.0,190500.0
2025-03-24,68440,2311.0,2312.0,2251.0,2251.0,0,0,164700.0,374857900.0,1.0,2311.0,2312.0,2251.0,2251.0,164700.0
2025-03-25,68440,2252.0,2264.0,2245.0,2249.0,0,0,94700.0,213617800.0,1.0,2252.0,2264.0,2245.0,2249.0,94700.0
2025-03-26,68440,2259.0,2288.0,2248.0,2276.0,0,0,78700.0,178288000.0,1.0,2259.0,2288.0,2248.0,2276.0,78700.0
2025-03-27,68440,2262.0,2277.0,2249.0,2277.0,0,0,119000.0,269274600.0,1.0,2262.0,2277.0,2249.0,2277.0,119000.0
2025-03-28,68440,2195.0,2254.0,2159.0,2163.0,0,0,163500.0,357972200.0,1.0,2195.0,2254.0,2159.0,2163.0,163500.0
2025-03-31,68440,2096.0,2111.0,2026.0,2027.0,0,0,174800.0,359006400.0,1.0,2096.0,2111.0,2026.0,2027.0,174800.0
2025-04-01,68440,2034.0,2055.0,2015.0,2015.0,0,0,65600.0,133132200.0,1.0,2034.0,2055.0,2015.0,2015.0,65600.0
2025-04-02,68440,2028.0,2038.0,2010.0,2033.0,0,0,56700.0,114952700.0,1.0,2028.0,2038.0,2010.0,2033.0,56700.0
2025-04-03,68440,1953.0,1972.0,1913.0,1955.0,0,0,127100.0,247548000.0,1.0,1953.0,1972.0,1913.0,1955.0,127100.0
2025-04-04,68440,1902.0,1913.0,1756.0,1834.0,0,0,214600.0,392756700.0,1.0,1902.0,1913.0,1756.0,1834.0,214600.0
2025-04-07,68440,1725.0,1733.0,1651.0,1652.0,0,0,142000.0,240261400.0,1.0,1725.0,1733.0,1651.0,1652.0,142000.0
2025-04-08,68440,1751.0,1823.0,1738.0,1775.0,0,0,89000.0,158465900.0,1.0,1751.0,1823.0,1738.0,1775.0,89000.0
2025-04-09,68440,1695.0,1699.0,1625.0,1675.0,0,0,153700.0,255947900.0,1.0,1695.0,1699.0,1625.0,1675.0,153700.0
2025-04-10,68440,1873.0,1880.0,1789.0,1791.0,0,0,118000.0,214856000.0,1.0,1873.0,1880.0,1789.0,1791.0,118000.0
2025-04-11,68440,1728.0,1839.0,1708.0,1830.0,0,0,92300.0,162889700.0,1.0,1728.0,1839.0,1708.0,1830.0,92300.0
2025-04-14,68440,1835.0,1935.0,1835.0,1910.0,0,0,66400.0,126248900.0,1.0,1835.0,1935.0,1835.0,1910.0,66400.0
2025-04-15,68440,1900.0,1939.0,1899.0,1918.0,0,0,41700.0,80091500.0,1.0,1900.0,1939.0,1899.0,1918.0,41700.0
2025-04-16,68440,1907.0,1907.0,1830.0,1840.0,0,0,48000.0,89139400.0,1.0,1907.0,1907.0,1830.0,1840.0,48000.0
2025-04-17,68440,1821.0,1857.0,1820.0,1843.0,0,0,27000.0,49742000.0,1.0,1821.0,1857.0,1820.0,1843.0,27000.0
2025-04-18,68440,1840.0,1883.0,1840.0,1869.0,0,0,29500.0,54979600.0,1.0,1840.0,1883.0,1840.0,1869.0,29500.0
2025-04-21,68440,1861.0,1881.0,1844.0,1871.0,0,0,33700.0,62748600.0,1.0,1861.0,1881.0,1844.0,1871.0,33700.0
2025-04-22,68440,1861.0,1911.0,1858.0,1904.0,0,0,46900.0,88590000.0,1.0,1861.0,1911.0,1858.0,1904.0,46900.0
2025-04-23,68440,1929.0,1980.0,1926.0,1930.0,0,0,49600.0,96350400.0,1.0,1929.0,1980.0,1926.0,1930.0,49600.0
2025-04-24,68440,1941.0,1962.0,1941.0,1949.0,0,0,45700.0,89106700.0,1.0,1941.0,1962.0,1941.0,1949.0,45700.0
2025-04-25,68440,2003.0,2066.0,1997.0,2055.0,0,0,128200.0,260648400.0,1.0,2003.0,2066.0,1997.0,2055.0,128200.0
2025-04-28,68440,2056.0,2087.0,2029.0,2035.0,0,0,76700.0,157775700.0,1.0,2056.0,2087.0,2029.0,2035.0,76700.0
2025-04-30,68440,2039.0,2062.0,2028.0,2062.0,0,0,32900.0,67324200.0,1.0,2039.0,2062.0,2028.0,2062.0,32900.0
2025-05-01,68440,2049.0,2062.0,2025.0,2025.0,0,0,35800.0,73057600.0,1.0,2049.0,2062.0,2025.0,2025.0,35800.0
2025-05-02,68440,2042.0,2096.0,2042.0,2072.0,0,0,63800.0,132182200.0,1.0,2042.0,2096.0,2042.0,2072.0,63800.0
2025-05-07,68440,2069.0,2096.0,2065.0,2075.0,0,0,41900.0,87069000.0,1.0,2069.0,2096.0,2065.0,2075.0,41900.0
2025-05-08,68440,2083.0,2089.0,2057.0,2079.0,0,0,36500.0,75669200.0,1.0,2083.0,2089.0,2057.0,2079.0,36500.0
2025-05-09,68440,2092.0,2102.0,2081.0,2098.0,0,0,46800.0,97979900.0,1.0,2092.0,2102.0,2081.0,2098.0,46800.0
2025-05-12,68440,2099.0,2125.0,2087.0,2121.0,0,0,48000.0,101469000.0,1.0,2099.0,2125.0,2087.0,2121.0,48000.0
2025-05-13,68440,2144.0,2173.0,2132.0,2139.0,0,0,53300.0,114452400.0,1.0,2144.0,2173.0,2132.0,2139.0,53300.0
2025-05-14,68440,2116.0,2143.0,2098.0,2123.0,0,0,69700.0,147158000.0,1.0,2116.0,2143.0,2098.0,2123.0,69700.0
2025-05-15,68440,2016.0,2023.0,1963.0,1997.0,0,0,150500.0,299414700.0,1.0,2016.0,2023.0,1963.0,1997.0,150500.0
2025-05-16,68440,1995.0,2012.0,1941.0,2000.0,0,0,102000.0,201848000.0,1.0,1995.0,2012.0,1941.0,2000.0,102000.0
2025-05-19,68440,1972.0,1999.0,1946.0,1960.0,0,0,51300.0,100402200.0,1.0,1972.0,1999.0,1946.0,1960.0,51300.0
2025-05-20,68440,1950.0,1951.0,1927.0,1934.0,0,0,75400.0,146264000.0,1.0,1950.0,1951.0,1927.0,1934.0,75400.0
2025-05-21,68440,1935.0,1955.0,1922.0,1922.0,0,0,53300.0,103289100.0,1.0,1935.0,1955.0,1922.0,1922.0,53300.0
2025-05-22,68440,1922.0,1936.0,1900.0,1923.0,0,0,37700.0,72620100.0,1.0,1922.0,1936.0,1900.0,1923.0,37700.0
2025-05-23,68440,1935.0,1965.0,1935.0,1942.0,0,0,28100.0,54743800.0,1.0,1935.0,1965.0,1935.0,1942.0,28100.0
2025-05-26,68440,1944.0,1981.0,1941.0,1972.0,0,0,23100.0,45500800.0,1.0,1944.0,1981.0,1941.0,1972.0,23100.0
2025-05-27,68440,1976.0,2000.0,1971.0,1986.0,0,0,18800.0,37400100.0,1.0,1976.0,2000.0,1971.0,1986.0,18800.0
2025-05-28,68440,1990.0,2014.0,1990.0,2006.0,0,0,27700.0,55496100.0,1.0,1990.0,2014.0,1990.0,2006.0,27700.0
2025-05-29,68440,2008.0,2018.0,2001.0,2013.0,0,0,33400.0,67122300.0,1.0,2008.0,2018.0,2001.0,2013.0,33400.0
2025-05-30,68440,2000.0,2013.0,1993.0,1998.0,0,0,42000.0,84073700.0,1.0,2000.0,2013.0,1993.0,1998.0,42000.0
2025-06-02,68440,1991.0,1995.0,1963.0,1965.0,0,0,37600.0,74156500.0,1.0,1991.0,1995.0,1963.0,1965.0,37600.0
2025-06-03,68440,1980.0,2076.0,1980.0,2018.0,0,0,104600.0,212624100.0,1.0,1980.0,2076.0,1980.0,2018.0,104600.0
2025-06-04,68440,2021.0,2056.0,2021.0,2031.0,0,0,38200.0,77933000.0,1.0,2021.0,2056.0,2021.0,2031.0,38200.0
2025-06-05,68440,2035.0,2065.0,2035.0,2060.0,0,0,18800.0,38598200.0,1.0,2035.0,2065.0,2035.0,2060.0,18800.0
2025-06-06,68440,2043.0,2075.0,2043.0,2050.0,0,0,26100.0,53679500.0,1.0,2043.0,2075.0,2043.0,2050.0,26100.0
2025-06-09,68440,2065.0,2070.0,2040.0,2042.0,0,0,22500.0,46192400.0,1.0,2065.0,2070.0,2040.0,2042.0,22500.0
2025-06-10,68440,2042.0,2088.0,2042.0,2051.0,0,0,33700.0,69719900.0,1.0,2042.0,2088.0,2042.0,2051.0,33700.0
2025-06-11,68440,2059.0,2110.0,2059.0,2109.0,0,0,50800.0,106221900.0,1.0,2059.0,2110.0,2059.0,2109.0,50800.0
2025-06-12,68440,2110.0,2110.0,2074.0,2075.0,0,0,31000.0,64641300.0,1.0,2110.0,2110.0,2074.0,2075.0,31000.0
2025-06-13,68440,2075.0,2079.0,2035.0,2045.0,0,0,37700.0,77290400.0,1.0,2075.0,2079.0,2035.0,2045.0,37700.0
2025-06-16,68440,2047.0,2066.0,2047.0,2053.0,0,0,19500.0,40108500.0,1.0,2047.0,2066.0,2047.0,2053.0,19500.0
2025-06-17,68440,2063.0,2073.0,2042.0,2059.0,0,0,25100.0,51607400.0,1.0,2063.0,2073.0,2042.0,2059.0,25100.0
2025-06-18,68440,2061.0,2120.0,2061.0,2120.0,0,0,49200.0,103115100.0,1.0,2061.0,2120.0,2061.0,2120.0,49200.0
2025-06-19,68440,2121.0,2137.0,2100.0,2103.0,0,0,21500.0,45422900.0,1.0,2121.0,2137.0,2100.0,2103.0,21500.0
2025-06-20,68440,2102.0,2137.0,2098.0,2098.0,0,0,27000.0,57074500.0,1.0,2102.0,2137.0,2098.0,2098.0,27000.0
2025-06-23,68440,2098.0,2098.0,2047.0,2061.0,0,0,21700.0,44886200.0,1.0,2098.0,2098.0,2047.0,2061.0,21700.0
2025-06-24,68440,2085.0,2126.0,2085.0,2093.0,0,0,39500.0,83004500.0,1.0,2085.0,2126.0,2085.0,2093.0,39500.0
2025-06-25,68440,2093.0,2104.0,2076.0,2100.0,0,0,19600.0,40997700.0,1.0,2093.0,2104.0,2076.0,2100.0,19600.0
2025-06-26,68440,2108.0,2147.0,2108.0,2136.0,0,0,35700.0,76150600.0,1.0,2108.0,2147.0,2108.0,2136.0,35700.0
2025-06-27,68440,2148.0,2229.0,2148.0,2211.0,0,0,96900.0,213151600.0,1.0,2148.0,2229.0,2148.0,2211.0,96900.0
2025-06-30,68440,2229.0,2247.0,2197.0,2200.0,0,0,58600.0,130003400.0,1.0,2229.0,2247.0,2197.0,2200.0,58600.0
2025-07-01,68440,2196.0,2212.0,2161.0,2169.0,0,0,35500.0,77229100.0,1.0,2196.0,2212.0,2161.0,2169.0,35500.0
2025-07-02,68440,2160.0,2205.0,2149.0,2193.0,0,0,44000.0,95707700.0,1.0,2160.0,2205.0,2149.0,2193.0,44000.0
2025-07-03,68440,2195.0,2268.0,2195.0,2263.0,0,0,87600.0,197250900.0,1.0,2195.0,2268.0,2195.0,2263.0,87600.0
2025-07-04,68440,2270.0,2275.0,2228.0,2255.0,0,0,31300.0,70394000.0,1.0,2270.0,2275.0,2228.0,2255.0,31300.0
2025-07-07,68440,2245.0,2245.0,2200.0,2200.0,0,0,36600.0,81169400.0,1.0,2245.0,2245.0,2200.0,2200.0,36600.0
2025-07-08,68440,2192.0,2244.0,2182.0,2230.0,0,0,35600.0,79099500.0,1.0,2192.0,2244.0,2182.0,2230.0,35600.0
2025-07-09,68440,2238.0,2263.0,2223.0,2251.0,0,0,36900.0,83135100.0,1.0,2238.0,2263.0,2223.0,2251.0,36900.0
2025-07-10,68440,2251.0,2251.0,2209.0,2224.0,0,0,38300.0,85256400.0,1.0,2251.0,2251.0,2209.0,2224.0,38300.0
2025-07-11,68440,2259.0,2287.0,2252.0,2285.0,0,0,74000.0,168148900.0,1.0,2259.0,2287.0,2252.0,2285.0,74000.0
2025-07-14,68440,2297.0,2331.0,2292.0,2316.0,0,0,98500.0,227940200.0,1.0,2297.0,2331.0,2292.0,2316.0,98500.0
2025-07-15,68440,2318.0,2340.0,2299.0,2340.0,0,0,64500.0,149720900.0,1.0,2318.0,2340.0,2299.0,2340.0,64500.0
2025-07-16,68440,2338.0,2357.0,2311.0,2315.0,0,0,71200.0,166328800.0,1.0,2338.0,2357.0,2311.0,2315.0,71200.0
2025-07-17,68440,2315.0,2364.0,2310.0,2355.0,0,0,69200.0,162207400.0,1.0,2315.0,2364.0,2310.0,2355.0,69200.0
2025-07-18,68440,2365.0,2378.0,2342.0,2343.0,0,0,55700.0,131456600.0,1.0,2365.0,2378.0,2342.0,2343.0,55700.0
2025-07-22,68440,2343.0,2387.0,2337.0,2359.0,0,0,71400.0,168861600.0,1.0,2343.0,2387.0,2337.0,2359.0,71400.0
2025-07-23,68440,2397.0,2445.0,2396.0,2435.0,0,0,103300.0,250896700.0,1.0,2397.0,2445.0,2396.0,2435.0,103300.0
2025-07-24,68440,2436.0,2478.0,2415.0,2477.0,0,0,88800.0,217704800.0,1.0,2436.0,2478.0,2415.0,2477.0,88800.0
2025-07-25,68440,2471.0,2549.0,2445.0,2547.0,0,0,107800.0,270583500.0,1.0,2471.0,2549.0,2445.0,2547.0,107800.0
2025-07-28,68440,2572.0,2614.0,2565.0,2600.0,0,0,97300.0,252472500.0,1.0,2572.0,2614.0,2565.0,2600.0,97300.0
2025-07-29,68440,2570.0,2591.0,2536.0,2567.0,0,0,62000.0,158508700.0,1.0,2570.0,2591.0,2536.0,2567.0,62000.0
2025-07-30,68440,2562.0,2591.0,2536.0,2585.0,0,0,64100.0,164454200.0,1.0,2562.0,2591.0,2536.0,2585.0,64100.0
2025-07-31,68440,2570.0,2612.0,2554.0,2609.0,0,0,64100.0,166636200.0,1.0,2570.0,2612.0,2554.0,2609.0,64100.0
2025-08-01,68440,2610.0,2657.0,2601.0,2654.0,0,0,113200.0,298154700.0,1.0,2610.0,2657.0,2601.0,2654.0,113200.0
2025-08-04,68440,2504.0,2592.0,2504.0,2590.0,0,0,82700.0,211285200.0,1.0,2504.0,2592.0,2504.0,2590.0,82700.0
2025-08-05,68440,2600.0,2669.0,2600.0,2665.0,0,0,54700.0,145055900.0,1.0,2600.0,2669.0,2600.0,2665.0,54700.0
2025-08-06,68440,2671.0,2674.0,2650.0,2655.0,0,0,46400.0,123533200.0,1.0,2671.0,2674.0,2650.0,2655.0,46400.0
2025-08-07,68440,2655.0,2664.0,2623.0,2636.0,0,0,62900.0,166401500.0,1.0,2655.0,2664.0,2623.0,2636.0,62900.0
2025-08-08,68440,2630.0,2647.0,2606.0,2625.0,0,0,70600.0,185324900.0,1.0,2630.0,2647.0,2606.0,2625.0,70600.0
2025-08-12,68440,3125.0,3125.0,3080.0,3125.0,1,0,452600.0,1411354500.0,1.0,3125.0,3125.0,3080.0,3125.0,452600.0
2025-08-13,68440,3230.0,3440.0,3200.0,3420.0,0,0,622200.0,2055636000.0,1.0,3230.0,3440.0,3200.0,3420.0,622200.0
2025-08-14,68440,3310.0,3345.0,3230.0,3275.0,0,0,237800.0,781004500.0,1.0,3310.0,3345.0,3230.0,3275.0,237800.0
2025-08-15,68440,3300.0,3305.0,3190.0,3190.0,0,0,117500.0,378395000.0,1.0,3300.0,3305.0,3190.0,3190.0,117500.0
2025-08-18,68440,3190.0,3230.0,3145.0,3175.0,0,0,89000.0,284467500.0,1.0,3190.0,3230.0,3145.0,3175.0,89000.0
2025-08-19,68440,3180.0,3225.0,3170.0,3195.0,0,0,74100.0,237333500.0,1.0,3180.0,3225.0,3170.0,3195.0,74100.0
2025-08-20,68440,3175.0,3190.0,3135.0,3135.0,0,0,48500.0,153006000.0,1.0,3175.0,3190.0,3135.0,3135.0,48500.0
2025-08-21,68440,3130.0,3180.0,3110.0,3155.0,0,0,53500.0,168777000.0,1.0,3130.0,3180.0,3110.0,3155.0,53500.0
2025-08-22,68440,3160.0,3185.0,3140.0,3160.0,0,0,35200.0,111363500.0,1.0,3160.0,3185.0,3140.0,3160.0,35200.0
2025-08-25,68440,3200.0,3225.0,3160.0,3160.0,0,0,58200.0,185638000.0,1.0,3200.0,3225.0,3160.0,3160.0,58200.0
2025-08-26,68440,3150.0,3180.0,3140.0,3145.0,0,0,51400.0,162185500.0,1.0,3150.0,3180.0,3140.0,3145.0,51400.0
2025-08-27,68440,3150.0,3195.0,3145.0,3165.0,0,0,50000.0,158162000.0,1.0,3150.0,3195.0,3145.0,3165.0,50000.0
2025-08-28,68440,3155.0,3170.0,3070.0,3105.0,0,0,74100.0,229983000.0,1.0,3155.0,3170.0,3070.0,3105.0,74100.0
2025-08-29,68440,3125.0,3275.0,3110.0,3205.0,0,0,121500.0,388935500.0,1.0,3125.0,3275.0,3110.0,3205.0,121500.0
2025-09-01,68440,3190.0,3190.0,3105.0,3135.0,0,0,50400.0,158243500.0,1.0,3190.0,3190.0,3105.0,3135.0,50400.0
2025-09-02,68440,3165.0,3185.0,3065.0,3065.0,0,0,49800.0,154587000.0,1.0,3165.0,3185.0,3065.0,3065.0,49800.0
2025-09-03,68440,3045.0,3110.0,3020.0,3025.0,0,0,74800.0,228165500.0,1.0,3045.0,3110.0,3020.0,3025.0,74800.0
2025-09-04,68440,3045.0,3060.0,2994.0,2997.0,0,0,46400.0,139932600.0,1.0,3045.0,3060.0,2994.0,2997.0,46400.0
2025-09-05,68440,3010.0,3060.0,3010.0,3030.0,0,0,29600.0,89902000.0,1.0,3010.0,3060.0,3010.0,3030.0,29600.0
2025-09-08,68440,3095.0,3125.0,3060.0,3115.0,0,0,56600.0,175036500.0,1.0,3095.0,3125.0,3060.0,3115.0,56600.0
2025-09-09,68440,3130.0,3160.0,3090.0,3100.0,0,0,63700.0,198701000.0,1.0,3130.0,3160.0,3090.0,3100.0,63700.0
2025-09-10,68440,3110.0,3145.0,3085.0,3125.0,0,0,35000.0,109207000.0,1.0,3110.0,3145.0,3085.0,3125.0,35000.0
2025-09-11,68440,3125.0,3160.0,3115.0,3155.0,0,0,45800.0,143996500.0,1.0,3125.0,3160.0,3115.0,3155.0,45800.0
2025-09-12,68440,3160.0,3245.0,3155.0,3185.0,0,0,72400.0,230967000.0,1.0,3160.0,3245.0,3155.0,3185.0,72400.0
2025-09-16,68440,3205.0,3265.0,3170.0,3225.0,0,0,58700.0,189271500.0,1.0,3205.0,3265.0,3170.0,3225.0,58700.0
2025-09-17,68440,3220.0,3220.0,3145.0,3175.0,0,0,40700.0,129775000.0,1.0,3220.0,3220.0,3145.0,3175.0,40700.0
2025-09-18,68440,3150.0,3225.0,3135.0,3205.0,0,0,57200.0,182895000.0,1.0,3150.0,3225.0,3135.0,3205.0,57200.0
2025-09-19,68440,3225.0,3255.0,3165.0,3215.0,0,0,64900.0,208735500.0,1.0,3225.0,3255.0,3165.0,3215.0,64900.0
2025-09-22,68440,3220.0,3310.0,3220.0,3280.0,0,0,75300.0,246964000.0,1.0,3220.0,3310.0,3220.0,3280.0,75300.0
2025-09-24,68440,3290.0,3300.0,3240.0,3250.0,0,0,46700.0,152303000.0,1.0,3290.0,3300.0,3240.0,3250.0,46700.0
2025-09-25,68440,3250.0,3275.0,3230.0,3250.0,0,0,34600.0,112583500.0,1.0,3250.0,3275.0,3230.0,3250.0,34600.0
2025-09-26,68440,3240.0,3250.0,3210.0,3230.0,0,0,35800.0,115672500.0,1.0,3240.0,3250.0,3210.0,3230.0,35800.0
2025-09-29,68440,3215.0,3250.0,3185.0,3225.0,0,0,31700.0,102154500.0,1.0,3215.0,3250.0,3185.0,3225.0,31700.0
2025-09-30,68440,3200.0,3225.0,3175.0,3180.0,0,0,32000.0,102136000.0,1.0,3200.0,3225.0,3175.0,3180.0,32000.0
2025-10-01,68440,3145.0,3145.0,3005.0,3045.0,0,0,72900.0,222241000.0,1.0,3145.0,3145.0,3005.0,3045.0,72900.0
2025-10-02,68440,3090.0,3125.0,3080.0,3095.0,0,0,34400.0,106609500.0,1.0,3090.0,3125.0,3080.0,3095.0,34400.0
2025-10-03,68440,3060.0,3145.0,3060.0,3130.0,0,0,22600.0,70579000.0,1.0,3060.0,3145.0,3060.0,3130.0,22600.0
2025-10-06,68440,3200.0,3200.0,3145.0,3190.0,0,0,37600.0,119543500.0,1.0,3200.0,3200.0,3145.0,3190.0,37600.0
2025-10-07,68440,3195.0,3245.0,3180.0,3215.0,0,0,41800.0,134126500.0,1.0,3195.0,3245.0,3180.0,3215.0,41800.0
2025-10-08,68440,3235.0,3270.0,3215.0,3255.0,0,0,45300.0,146844500.0,1.0,3235.0,3270.0,3215.0,3255.0,45300.0
2025-10-09,68440,3280.0,3395.0,3275.0,3335.0,0,0,104900.0,350814500.0,1.0,3280.0,3395.0,3275.0,3335.0,104900.0
2025-10-10,68440,3280.0,3315.0,3240.0,3290.0,0,0,58300.0,191094500.0,1.0,3280.0,3315.0,3240.0,3290.0,58300.0
2025-10-14,68440,3220.0,3285.0,3135.0,3160.0,0,0,74100.0,236320500.0,1.0,3220.0,3285.0,3135.0,3160.0,74100.0
2025-10-15,68440,3220.0,3285.0,3210.0,3280.0,0,0,44100.0,143387000.0,1.0,3220.0,3285.0,3210.0,3280.0,44100.0
2025-10-16,68440,3280.0,3340.0,3280.0,3325.0,0,0,46200.0,152766500.0,1.0,3280.0,3340.0,3280.0,3325.0,46200.0
2025-10-17,68440,3285.0,3295.0,3230.0,3230.0,0,0,29700.0,96651500.0,1.0,3285.0,3295.0,3230.0,3230.0,29700.0
2025-10-20,68440,3285.0,3330.0,3250.0,3325.0,0,0,37300.0,123348500.0,1.0,3285.0,3330.0,3250.0,3325.0,37300.0
2025-10-21,68440,3355.0,3375.0,3305.0,3325.0,0,0,45800.0,152955000.0,1.0,3355.0,3375.0,3305.0,3325.0,45800.0
2025-10-22,68440,3320.0,3370.0,3265.0,3330.0,0,0,133100.0,443459500.0,1.0,3320.0,3370.0,3265.0,3330.0,133100.0
2025-10-23,68440,3330.0,3465.0,3310.0,3465.0,0,0,110200.0,374843000.0,1.0,3330.0,3465.0,3310.0,3465.0,110200.0
2025-10-24,68440,3475.0,3495.0,3440.0,3480.0,0,0,67300.0,233822000.0,1.0,3475.0,3495.0,3440.0,3480.0,67300.0
2025-10-27,68440,3540.0,3555.0,3475.0,3475.0,0,0,55100.0,193191000.0,1.0,3540.0,3555.0,3475.0,3475.0,55100.0
2025-10-28,68440,3445.0,3460.0,3365.0,3400.0,0,0,52100.0,177764000.0,1.0,3445.0,3460.0,3365.0,3400.0,52100.0
2025-10-29,68440,3420.0,3435.0,3340.0,3345.0,0,0,56000.0,189621500.0,1.0,3420.0,3435.0,3340.0,3345.0,56000.0
