Date,Code,Open,High,Low,Close,UpperLimit,LowerLimit,Volume,TurnoverValue,AdjustmentFactor,AdjustmentOpen,AdjustmentHigh,AdjustmentLow,AdjustmentClose,AdjustmentVolume
2020-10-29,74760,14480.0,14760.0,14410.0,14700.0,0,0,28000.0,408909000.0,1.0,3620.0,3690.0,3602.5,3675.0,112000.0
2020-10-30,74760,15000.0,15290.0,14670.0,15060.0,0,0,112600.0,1686978000.0,1.0,3750.0,3822.5,3667.5,3765.0,450400.0
2020-11-02,74760,15300.0,15760.0,14460.0,14830.0,0,0,64600.0,967168000.0,1.0,3825.0,3940.0,3615.0,3707.5,258400.0
2020-11-04,74760,14910.0,15520.0,14840.0,15460.0,0,0,60800.0,932126000.0,1.0,3727.5,3880.0,3710.0,3865.0,243200.0
2020-11-05,74760,15690.0,16250.0,15540.0,16170.0,0,0,67900.0,1087900000.0,1.0,3922.5,4062.5,3885.0,4042.5,271600.0
2020-11-06,74760,16320.0,16360.0,15860.0,15900.0,0,0,42000.0,675205000.0,1.0,4080.0,4090.0,3965.0,3975.0,168000.0
2020-11-09,74760,16300.0,16460.0,16230.0,16420.0,0,0,47400.0,776353000.0,1.0,4075.0,4115.0,4057.5,4105.0,189600.0
2020-11-10,74760,16000.0,16050.0,15030.0,15080.0,0,0,104800.0,1614119000.0,1.0,4000.0,4012.5,3757.5,3770.0,419200.0
2020-11-11,74760,14980.0,15210.0,14590.0,14920.0,0,0,121500.0,1802991000.0,1.0,3745.0,3802.5,3647.5,3730.0,486000.0
2020-11-12,74760,15190.0,15370.0,14840.0,14990.0,0,0,48400.0,728301000.0,1.0,3797.5,3842.5,3710.0,3747.5,193600.0
2020-11-13,74760,15190.0,15190.0,14740.0,14780.0,0,0,59000.0,878297000.0,1.0,3797.5,3797.5,3685.0,3695.0,236000.0
2020-11-16,74760,14970.0,15000.0,14580.0,14790.0,0,0,74900.0,1105614000.0,1.0,3742.5,3750.0,3645.0,3697.5,299600.0
2020-11-17,74760,14860.0,14860.0,14320.0,14640.0,0,0,59200.0,860543000.0,1.0,3715.0,3715.0,3580.0,3660.0,236800.0
2020-11-18,74760,14830.0,14850.0,14340.0,14410.0,0,0,44300.0,641188000.0,1.0,3707.5,3712.5,3585.0,3602.5,177200.0
2020-11-19,74760,14410.0,14800.0,14260.0,14800.0,0,0,44200.0,648559000.0,1.0,3602.5,3700.0,3565.0,3700.0,176800.0
2020-11-20,74760,15080.0,15100.0,14750.0,15000.0,0,0,93900.0,1401717000.0,1.0,3770.0,3775.0,3687.5,3750.0,375600.0
2020-11-24,74760,15550.0,15920.0,15530.0,15750.0,0,0,83200.0,1306385000.0,1.0,3887.5,3980.0,3882.5,3937.5,332800.0
2020-11-25,74760,15350.0,15510.0,15060.0,15210.0,0,0,53500.0,818275000.0,1.0,3837.5,3877.5,3765.0,3802.5,214000.0
2020-11-26,74760,15420.0,15650.0,15270.0,15430.0,0,0,56200.0,869569000.0,1.0,3855.0,3912.5,3817.5,3857.5,224800.0
2020-11-27,74760,15730.0,16100.0,15390.0,16020.0,0,0,68400.0,1090218000.0,1.0,3932.5,4025.0,3847.5,4005.0,273600.0
2020-11-30,74760,16020.0,16190.0,15810.0,16040.0,0,0,64700.0,1036625000.0,1.0,4005.0,4047.5,3952.5,4010.0,258800.0
2020-12-01,74760,16060.0,16180.0,15820.0,16020.0,0,0,29900.0,479281000.0,1.0,4015.0,4045.0,3955.0,4005.0,119600.0
2020-12-02,74760,15810.0,15940.0,15610.0,15800.0,0,0,53800.0,851059000.0,1.0,3952.5,3985.0,3902.5,3950.0,215200.0
2020-12-03,74760,15760.0,15760.0,15320.0,15450.0,0,0,31900.0,492941000.0,1.0,3940.0,3940.0,3830.0,3862.5,127600.0
2020-12-04,74760,15330.0,15330.0,15020.0,15230.0,0,0,39300.0,597103000.0,1.0,3832.5,3832.5,3755.0,3807.5,157200.0
2020-12-07,74760,15100.0,15130.0,14670.0,14770.0,0,0,74800.0,1108840000.0,1.0,3775.0,3782.5,3667.5,3692.5,299200.0
2020-12-08,74760,14730.0,14830.0,14610.0,14730.0,0,0,31300.0,460541000.0,1.0,3682.5,3707.5,3652.5,3682.5,125200.0
2020-12-09,74760,14730.0,14830.0,14070.0,14250.0,0,0,101000.0,1438494000.0,1.0,3682.5,3707.5,3517.5,3562.5,404000.0
2020-12-10,74760,14010.0,14250.0,13970.0,14200.0,0,0,33400.0,471883000.0,1.0,3502.5,3562.5,3492.5,3550.0,133600.0
2020-12-11,74760,14300.0,14610.0,14230.0,14610.0,0,0,45400.0,654852000.0,1.0,3575.0,3652.5,3557.5,3652.5,181600.0
2020-12-14,74760,14910.0,14950.0,14740.0,14860.0,0,0,47200.0,702412000.0,1.0,3727.5,3737.5,3685.0,3715.0,188800.0
2020-12-15,74760,15160.0,15250.0,14790.0,15070.0,0,0,52300.0,789159000.0,1.0,3790.0,3812.5,3697.5,3767.5,209200.0
2020-12-16,74760,15450.0,15450.0,14880.0,15080.0,0,0,32300.0,487372000.0,1.0,3862.5,3862.5,3720.0,3770.0,129200.0
2020-12-17,74760,15080.0,15230.0,14910.0,15230.0,0,0,22200.0,335231000.0,1.0,3770.0,3807.5,3727.5,3807.5,88800.0
2020-12-18,74760,15150.0,15860.0,15050.0,15840.0,0,0,85400.0,1334571000.0,1.0,3787.5,3965.0,3762.5,3960.0,341600.0
2020-12-21,74760,15850.0,16040.0,15670.0,15970.0,0,0,50800.0,809349000.0,1.0,3962.5,4010.0,3917.5,3992.5,203200.0
2020-12-22,74760,15970.0,16090.0,15550.0,15670.0,0,0,63700.0,1002591000.0,1.0,3992.5,4022.5,3887.5,3917.5,254800.0
2020-12-23,74760,16310.0,16790.0,15990.0,16310.0,0,0,94300.0,1543233000.0,1.0,4077.5,4197.5,3997.5,4077.5,377200.0
2020-12-24,74760,16190.0,16460.0,16010.0,16260.0,0,0,48900.0,796009000.0,1.0,4047.5,4115.0,4002.5,4065.0,195600.0
2020-12-25,74760,16480.0,16770.0,16480.0,16770.0,0,0,43400.0,721826000.0,1.0,4120.0,4192.5,4120.0,4192.5,173600.0
2020-12-28,74760,16800.0,17080.0,16760.0,16940.0,0,0,53900.0,912461000.0,1.0,4200.0,4270.0,4190.0,4235.0,215600.0
2020-12-29,74760,17090.0,17660.0,17050.0,17660.0,0,0,51000.0,891840000.0,1.0,4272.5,4415.0,4262.5,4415.0,204000.0
2020-12-30,74760,17420.0,17800.0,17370.0,17650.0,0,0,38000.0,670461000.0,1.0,4355.0,4450.0,4342.5,4412.5,152000.0
2021-01-04,74760,17910.0,17910.0,17280.0,17520.0,0,0,33900.0,594252000.0,1.0,4477.5,4477.5,4320.0,4380.0,135600.0
2021-01-05,74760,17600.0,17630.0,17390.0,17470.0,0,0,50000.0,875782000.0,1.0,4400.0,4407.5,4347.5,4367.5,200000.0
2021-01-06,74760,17470.0,17470.0,16880.0,16980.0,0,0,50300.0,858694000.0,1.0,4367.5,4367.5,4220.0,4245.0,201200.0
2021-01-07,74760,17070.0,17460.0,17030.0,17290.0,0,0,61300.0,1060932000.0,1.0,4267.5,4365.0,4257.5,4322.5,245200.0
2021-01-08,74760,17460.0,18070.0,17460.0,17900.0,0,0,83500.0,1492024000.0,1.0,4365.0,4517.5,4365.0,4475.0,334000.0
2021-01-12,74760,17900.0,17900.0,17180.0,17350.0,0,0,62900.0,1091476000.0,1.0,4475.0,4475.0,4295.0,4337.5,251600.0
2021-01-13,74760,17010.0,17300.0,16980.0,17210.0,0,0,81000.0,1390438000.0,1.0,4252.5,4325.0,4245.0,4302.5,324000.0
2021-01-14,74760,16820.0,17060.0,16440.0,16580.0,0,0,89700.0,1494536000.0,1.0,4205.0,4265.0,4110.0,4145.0,358800.0
2021-01-15,74760,16500.0,16500.0,16200.0,16270.0,0,0,56800.0,927880000.0,1.0,4125.0,4125.0,4050.0,4067.5,227200.0
2021-01-18,74760,15880.0,16340.0,15850.0,16130.0,0,0,60500.0,976442000.0,1.0,3970.0,4085.0,3962.5,4032.5,242000.0
2021-01-19,74760,16190.0,16280.0,15920.0,15930.0,0,0,45200.0,724467000.0,1.0,4047.5,4070.0,3980.0,3982.5,180800.0
2021-01-20,74760,16240.0,16240.0,15910.0,15980.0,0,0,61500.0,983606000.0,1.0,4060.0,4060.0,3977.5,3995.0,246000.0
2021-01-21,74760,15970.0,16520.0,15910.0,16450.0,0,0,90700.0,1473998000.0,1.0,3992.5,4130.0,3977.5,4112.5,362800.0
2021-01-22,74760,16240.0,16350.0,16050.0,16250.0,0,0,63800.0,1034403000.0,1.0,4060.0,4087.5,4012.5,4062.5,255200.0
2021-01-25,74760,16450.0,16580.0,16350.0,16480.0,0,0,34400.0,566547000.0,1.0,4112.5,4145.0,4087.5,4120.0,137600.0
2021-01-26,74760,16380.0,16590.0,16170.0,16210.0,0,0,32900.0,536570000.0,1.0,4095.0,4147.5,4042.5,4052.5,131600.0
2021-01-27,74760,16430.0,16450.0,15940.0,16000.0,0,0,49800.0,801513000.0,1.0,4107.5,4112.5,3985.0,4000.0,199200.0
2021-01-28,74760,15880.0,16090.0,15800.0,16010.0,0,0,192100.0,3070123000.0,1.0,3970.0,4022.5,3950.0,4002.5,768400.0
2021-01-29,74760,15830.0,16070.0,15340.0,15340.0,0,0,39700.0,622271000.0,1.0,3957.5,4017.5,3835.0,3835.0,158800.0
2021-02-01,74760,15990.0,16190.0,15650.0,15990.0,0,0,43200.0,689900000.0,1.0,3997.5,4047.5,3912.5,3997.5,172800.0
2021-02-02,74760,16130.0,16260.0,16010.0,16150.0,0,0,60600.0,979828000.0,1.0,4032.5,4065.0,4002.5,4037.5,242400.0
2021-02-03,74760,16150.0,16250.0,15850.0,15990.0,0,0,58100.0,930692000.0,1.0,4037.5,4062.5,3962.5,3997.5,232400.0
2021-02-04,74760,16300.0,16570.0,15830.0,15990.0,0,0,65800.0,1056070000.0,1.0,4075.0,4142.5,3957.5,3997.5,263200.0
2021-02-05,74760,15990.0,16000.0,15710.0,15800.0,0,0,29100.0,460686000.0,1.0,3997.5,4000.0,3927.5,3950.0,116400.0
2021-02-08,74760,15850.0,15850.0,15340.0,15400.0,0,0,85100.0,1315341000.0,1.0,3962.5,3962.5,3835.0,3850.0,340400.0
2021-02-09,74760,15440.0,15540.0,15240.0,15470.0,0,0,56900.0,879172000.0,1.0,3860.0,3885.0,3810.0,3867.5,227600.0
2021-02-10,74760,15480.0,15500.0,15210.0,15410.0,0,0,48400.0,744978000.0,1.0,3870.0,3875.0,3802.5,3852.5,193600.0
2021-02-12,74760,15440.0,15530.0,15320.0,15480.0,0,0,78500.0,1212923000.0,1.0,3860.0,3882.5,3830.0,3870.0,314000.0
2021-02-15,74760,15250.0,15450.0,15030.0,15400.0,0,0,47200.0,722067000.0,1.0,3812.5,3862.5,3757.5,3850.0,188800.0
2021-02-16,74760,15450.0,15660.0,15060.0,15130.0,0,0,107100.0,1637166000.0,1.0,3862.5,3915.0,3765.0,3782.5,428400.0
2021-02-17,74760,15030.0,15030.0,14720.0,14770.0,0,0,72900.0,1082331000.0,1.0,3757.5,3757.5,3680.0,3692.5,291600.0
2021-02-18,74760,14790.0,15040.0,14700.0,14830.0,0,0,52300.0,778224000.0,1.0,3697.5,3760.0,3675.0,3707.5,209200.0
2021-02-19,74760,14800.0,14910.0,14670.0,14890.0,0,0,32200.0,477577000.0,1.0,3700.0,3727.5,3667.5,3722.5,128800.0
2021-02-22,74760,14890.0,14910.0,14560.0,14760.0,0,0,63600.0,934767000.0,1.0,3722.5,3727.5,3640.0,3690.0,254400.0
2021-02-24,74760,14160.0,14330.0,13760.0,13790.0,0,0,84900.0,1186183000.0,1.0,3540.0,3582.5,3440.0,3447.5,339600.0
2021-02-25,74760,13990.0,14110.0,13860.0,13900.0,0,0,72800.0,1016282000.0,1.0,3497.5,3527.5,3465.0,3475.0,291200.0
2021-02-26,74760,13900.0,13900.0,13540.0,13660.0,0,0,43000.0,589457000.0,1.0,3475.0,3475.0,3385.0,3415.0,172000.0
2021-03-01,74760,13660.0,13800.0,13430.0,13520.0,0,0,47300.0,639724000.0,1.0,3415.0,3450.0,3357.5,3380.0,189200.0
2021-03-02,74760,13480.0,13760.0,13400.0,13500.0,0,0,62300.0,843518000.0,1.0,3370.0,3440.0,3350.0,3375.0,249200.0
2021-03-03,74760,13210.0,13380.0,13150.0,13320.0,0,0,84900.0,1127671000.0,1.0,3302.5,3345.0,3287.5,3330.0,339600.0
2021-03-04,74760,12890.0,13060.0,12830.0,12980.0,0,0,56000.0,725663000.0,1.0,3222.5,3265.0,3207.5,3245.0,224000.0
2021-03-05,74760,12850.0,13030.0,12710.0,12840.0,0,0,47600.0,610338000.0,1.0,3212.5,3257.5,3177.5,3210.0,190400.0
2021-03-08,74760,13100.0,13400.0,12660.0,12700.0,0,0,37200.0,476362000.0,1.0,3275.0,3350.0,3165.0,3175.0,148800.0
2021-03-09,74760,12670.0,12740.0,12440.0,12710.0,0,0,81600.0,1033643000.0,1.0,3167.5,3185.0,3110.0,3177.5,326400.0
2021-03-10,74760,12830.0,13110.0,12690.0,12790.0,0,0,79900.0,1024774000.0,1.0,3207.5,3277.5,3172.5,3197.5,319600.0
2021-03-11,74760,13000.0,13080.0,12700.0,12850.0,0,0,59200.0,759983000.0,1.0,3250.0,3270.0,3175.0,3212.5,236800.0
2021-03-12,74760,12960.0,13340.0,12780.0,13280.0,0,0,79700.0,1049543000.0,1.0,3240.0,3335.0,3195.0,3320.0,318800.0
2021-03-15,74760,13390.0,13390.0,13190.0,13250.0,0,0,52900.0,701937000.0,1.0,3347.5,3347.5,3297.5,3312.5,211600.0
2021-03-16,74760,13290.0,13340.0,13120.0,13210.0,0,0,55400.0,731274000.0,1.0,3322.5,3335.0,3280.0,3302.5,221600.0
2021-03-17,74760,13340.0,13390.0,13170.0,13220.0,0,0,54200.0,718021000.0,1.0,3335.0,3347.5,3292.5,3305.0,216800.0
2021-03-18,74760,13480.0,13630.0,13370.0,13520.0,0,0,60400.0,815948000.0,1.0,3370.0,3407.5,3342.5,3380.0,241600.0
2021-03-19,74760,13780.0,13780.0,13460.0,13750.0,0,0,72700.0,993535000.0,1.0,3445.0,3445.0,3365.0,3437.5,290800.0
2021-03-22,74760,13730.0,13950.0,13610.0,13640.0,0,0,60100.0,821410000.0,1.0,3432.5,3487.5,3402.5,3410.0,240400.0
2021-03-23,74760,13670.0,13820.0,13570.0,13570.0,0,0,47400.0,647207000.0,1.0,3417.5,3455.0,3392.5,3392.5,189600.0
2021-03-24,74760,13740.0,13750.0,13210.0,13450.0,0,0,69400.0,931069000.0,1.0,3435.0,3437.5,3302.5,3362.5,277600.0
2021-03-25,74760,13480.0,13800.0,13410.0,13670.0,0,0,39300.0,536048000.0,1.0,3370.0,3450.0,3352.5,3417.5,157200.0
2021-03-26,74760,13700.0,13980.0,13700.0,13980.0,0,0,40100.0,556789000.0,1.0,3425.0,3495.0,3425.0,3495.0,160400.0
2021-03-29,74760,14180.0,14280.0,14030.0,14180.0,0,0,54700.0,775341000.0,1.0,3545.0,3570.0,3507.5,3545.0,218800.0
2021-03-30,74760,14160.0,14230.0,13750.0,13880.0,0,0,53800.0,746776000.0,1.0,3540.0,3557.5,3437.5,3470.0,215200.0
2021-03-31,74760,13640.0,14020.0,13640.0,13910.0,0,0,34100.0,474558000.0,1.0,3410.0,3505.0,3410.0,3477.5,136400.0
2021-04-01,74760,13980.0,14120.0,13910.0,13970.0,0,0,42200.0,590299000.0,1.0,3495.0,3530.0,3477.5,3492.5,168800.0
2021-04-02,74760,14200.0,14400.0,14030.0,14350.0,0,0,46600.0,667440000.0,1.0,3550.0,3600.0,3507.5,3587.5,186400.0
2021-04-05,74760,14300.0,14400.0,13860.0,13950.0,0,0,39200.0,549139000.0,1.0,3575.0,3600.0,3465.0,3487.5,156800.0
2021-04-06,74760,14050.0,14210.0,13710.0,14000.0,0,0,61700.0,862133000.0,1.0,3512.5,3552.5,3427.5,3500.0,246800.0
2021-04-07,74760,13960.0,14020.0,13860.0,13940.0,0,0,38600.0,538691000.0,1.0,3490.0,3505.0,3465.0,3485.0,154400.0
2021-04-08,74760,13860.0,14000.0,13840.0,13980.0,0,0,35200.0,491211000.0,1.0,3465.0,3500.0,3460.0,3495.0,140800.0
2021-04-09,74760,14170.0,14180.0,13950.0,14010.0,0,0,28100.0,394766000.0,1.0,3542.5,3545.0,3487.5,3502.5,112400.0
2021-04-12,74760,14310.0,14470.0,14210.0,14360.0,0,0,58900.0,847121000.0,1.0,3577.5,3617.5,3552.5,3590.0,235600.0
2021-04-13,74760,14370.0,14530.0,14300.0,14300.0,0,0,33700.0,485064000.0,1.0,3592.5,3632.5,3575.0,3575.0,134800.0
2021-04-14,74760,14300.0,14350.0,14120.0,14200.0,0,0,24500.0,347885000.0,1.0,3575.0,3587.5,3530.0,3550.0,98000.0
2021-04-15,74760,14190.0,14310.0,14150.0,14290.0,0,0,21200.0,302089000.0,1.0,3547.5,3577.5,3537.5,3572.5,84800.0
2021-04-16,74760,14140.0,14250.0,14000.0,14210.0,0,0,40400.0,571554000.0,1.0,3535.0,3562.5,3500.0,3552.5,161600.0
2021-04-19,74760,14030.0,14370.0,13990.0,14240.0,0,0,22600.0,321697000.0,1.0,3507.5,3592.5,3497.5,3560.0,90400.0
2021-04-20,74760,14080.0,14290.0,14010.0,14150.0,0,0,39000.0,552004000.0,1.0,3520.0,3572.5,3502.5,3537.5,156000.0
2021-04-21,74760,14140.0,14140.0,13830.0,13840.0,0,0,48800.0,679162000.0,1.0,3535.0,3535.0,3457.5,3460.0,195200.0
2021-04-22,74760,14140.0,14490.0,14140.0,14490.0,0,0,50500.0,726463000.0,1.0,3535.0,3622.5,3535.0,3622.5,202000.0
2021-04-23,74760,14280.0,14450.0,14280.0,14360.0,0,0,40300.0,578853000.0,1.0,3570.0,3612.5,3570.0,3590.0,161200.0
2021-04-26,74760,14370.0,14400.0,14060.0,14060.0,0,0,29800.0,421478000.0,1.0,3592.5,3600.0,3515.0,3515.0,119200.0
2021-04-27,74760,14180.0,14200.0,13920.0,13990.0,0,0,26500.0,371145000.0,1.0,3545.0,3550.0,3480.0,3497.5,106000.0
2021-04-28,74760,14040.0,14120.0,13900.0,13970.0,0,0,19800.0,276803000.0,1.0,3510.0,3530.0,3475.0,3492.5,79200.0
2021-04-30,74760,13900.0,13990.0,13600.0,13650.0,0,0,46000.0,630541000.0,1.0,3475.0,3497.5,3400.0,3412.5,184000.0
2021-05-06,74760,13760.0,13860.0,13570.0,13680.0,0,0,44300.0,606950000.0,1.0,3440.0,3465.0,3392.5,3420.0,177200.0
2021-05-07,74760,13850.0,13850.0,13390.0,13400.0,0,0,44900.0,608115000.0,1.0,3462.5,3462.5,3347.5,3350.0,179600.0
2021-05-10,74760,13410.0,13910.0,13410.0,13910.0,0,0,42700.0,586275000.0,1.0,3352.5,3477.5,3352.5,3477.5,170800.0
2021-05-11,74760,13910.0,13960.0,13210.0,13210.0,0,0,46700.0,624260000.0,1.0,3477.5,3490.0,3302.5,3302.5,186800.0
2021-05-12,74760,13370.0,13460.0,12890.0,12970.0,0,0,55700.0,731058000.0,1.0,3342.5,3365.0,3222.5,3242.5,222800.0
2021-05-13,74760,12890.0,13090.0,12630.0,12820.0,0,0,30700.0,394022000.0,1.0,3222.5,3272.5,3157.5,3205.0,122800.0
2021-05-14,74760,12910.0,13250.0,12910.0,13190.0,0,0,30600.0,402724000.0,1.0,3227.5,3312.5,3227.5,3297.5,122400.0
2021-05-17,74760,13190.0,13260.0,12360.0,12490.0,0,0,47000.0,596508000.0,1.0,3297.5,3315.0,3090.0,3122.5,188000.0
2021-05-18,74760,12630.0,12750.0,12380.0,12520.0,0,0,46000.0,576944000.0,1.0,3157.5,3187.5,3095.0,3130.0,184000.0
2021-05-19,74760,12310.0,12650.0,12310.0,12610.0,0,0,34000.0,426825000.0,1.0,3077.5,3162.5,3077.5,3152.5,136000.0
2021-05-20,74760,12540.0,12970.0,12540.0,12770.0,0,0,34600.0,444486000.0,1.0,3135.0,3242.5,3135.0,3192.5,138400.0
2021-05-21,74760,12910.0,13070.0,12660.0,12940.0,0,0,33500.0,433103000.0,1.0,3227.5,3267.5,3165.0,3235.0,134000.0
2021-05-24,74760,13000.0,13180.0,12740.0,12820.0,0,0,33500.0,430345000.0,1.0,3250.0,3295.0,3185.0,3205.0,134000.0
2021-05-25,74760,12620.0,12970.0,12620.0,12940.0,0,0,30900.0,397330000.0,1.0,3155.0,3242.5,3155.0,3235.0,123600.0
2021-05-26,74760,12720.0,12900.0,12720.0,12740.0,0,0,30000.0,382999000.0,1.0,3180.0,3225.0,3180.0,3185.0,120000.0
2021-05-27,74760,12500.0,12600.0,12370.0,12490.0,0,0,92900.0,1161240000.0,1.0,3125.0,3150.0,3092.5,3122.5,371600.0
2021-05-28,74760,12620.0,12920.0,12620.0,12760.0,0,0,50900.0,648525000.0,1.0,3155.0,3230.0,3155.0,3190.0,203600.0
2021-05-31,74760,12670.0,12870.0,12440.0,12490.0,0,0,38100.0,479618000.0,1.0,3167.5,3217.5,3110.0,3122.5,152400.0
2021-06-01,74760,12670.0,12670.0,12290.0,12370.0,0,0,36300.0,450538000.0,1.0,3167.5,3167.5,3072.5,3092.5,145200.0
2021-06-02,74760,12380.0,12500.0,12170.0,12260.0,0,0,49500.0,607731000.0,1.0,3095.0,3125.0,3042.5,3065.0,198000.0
2021-06-03,74760,12260.0,12320.0,12020.0,12090.0,0,0,46400.0,564778000.0,1.0,3065.0,3080.0,3005.0,3022.5,185600.0
2021-06-04,74760,12090.0,12150.0,11900.0,11940.0,0,0,37600.0,451119000.0,1.0,3022.5,3037.5,2975.0,2985.0,150400.0
2021-06-07,74760,11940.0,12280.0,11940.0,12200.0,0,0,40100.0,489287000.0,1.0,2985.0,3070.0,2985.0,3050.0,160400.0
2021-06-08,74760,12320.0,12640.0,12320.0,12500.0,0,0,61700.0,771895000.0,1.0,3080.0,3160.0,3080.0,3125.0,246800.0
2021-06-09,74760,12600.0,12880.0,12550.0,12800.0,0,0,75200.0,961328000.0,1.0,3150.0,3220.0,3137.5,3200.0,300800.0
2021-06-10,74760,12740.0,12910.0,12720.0,12870.0,0,0,31800.0,408697000.0,1.0,3185.0,3227.5,3180.0,3217.5,127200.0
2021-06-11,74760,13010.0,13170.0,12950.0,12990.0,0,0,48300.0,628537000.0,1.0,3252.5,3292.5,3237.5,3247.5,193200.0
2021-06-14,74760,13200.0,13200.0,13060.0,13130.0,0,0,25900.0,340336000.0,1.0,3300.0,3300.0,3265.0,3282.5,103600.0
2021-06-15,74760,13430.0,13570.0,13360.0,13500.0,0,0,46400.0,625983000.0,1.0,3357.5,3392.5,3340.0,3375.0,185600.0
2021-06-16,74760,13570.0,13660.0,13430.0,13600.0,0,0,46900.0,636365000.0,1.0,3392.5,3415.0,3357.5,3400.0,187600.0
2021-06-17,74760,13620.0,13670.0,13450.0,13570.0,0,0,51000.0,692682000.0,1.0,3405.0,3417.5,3362.5,3392.5,204000.0
2021-06-18,74760,13720.0,13870.0,13450.0,13720.0,0,0,97900.0,1345465000.0,1.0,3430.0,3467.5,3362.5,3430.0,391600.0
2021-06-21,74760,13480.0,13700.0,13320.0,13490.0,0,0,64900.0,878328000.0,1.0,3370.0,3425.0,3330.0,3372.5,259600.0
2021-06-22,74760,13830.0,14220.0,13690.0,14180.0,0,0,69400.0,977367000.0,1.0,3457.5,3555.0,3422.5,3545.0,277600.0
2021-06-23,74760,14200.0,14560.0,14180.0,14390.0,0,0,110300.0,1589988000.0,1.0,3550.0,3640.0,3545.0,3597.5,441200.0
2021-06-24,74760,14320.0,14450.0,14110.0,14320.0,0,0,92700.0,1329828000.0,1.0,3580.0,3612.5,3527.5,3580.0,370800.0
2021-06-25,74760,14400.0,14610.0,14260.0,14480.0,0,0,85500.0,1233659000.0,1.0,3600.0,3652.5,3565.0,3620.0,342000.0
2021-06-28,74760,14480.0,14550.0,14350.0,14460.0,0,0,39800.0,576249000.0,1.0,3620.0,3637.5,3587.5,3615.0,159200.0
2021-06-29,74760,14590.0,14640.0,14490.0,14630.0,0,0,40400.0,588617000.0,1.0,3647.5,3660.0,3622.5,3657.5,161600.0
2021-06-30,74760,14680.0,14760.0,14430.0,14510.0,0,0,61100.0,888568000.0,1.0,3670.0,3690.0,3607.5,3627.5,244400.0
2021-07-01,74760,14500.0,14620.0,14350.0,14350.0,0,0,38500.0,556449000.0,1.0,3625.0,3655.0,3587.5,3587.5,154000.0
2021-07-02,74760,14350.0,14400.0,14250.0,14370.0,0,0,39200.0,562204000.0,1.0,3587.5,3600.0,3562.5,3592.5,156800.0
2021-07-05,74760,14350.0,14470.0,14220.0,14420.0,0,0,30300.0,435849000.0,1.0,3587.5,3617.5,3555.0,3605.0,121200.0
2021-07-06,74760,14450.0,14650.0,14450.0,14630.0,0,0,22800.0,332619000.0,1.0,3612.5,3662.5,3612.5,3657.5,91200.0
2021-07-07,74760,14930.0,15320.0,14840.0,15210.0,0,0,73000.0,1105878000.0,1.0,3732.5,3830.0,3710.0,3802.5,292000.0
2021-07-08,74760,15290.0,15350.0,15070.0,15070.0,0,0,60000.0,910577000.0,1.0,3822.5,3837.5,3767.5,3767.5,240000.0
2021-07-09,74760,14940.0,14980.0,14510.0,14770.0,0,0,49200.0,724927000.0,1.0,3735.0,3745.0,3627.5,3692.5,196800.0
2021-07-12,74760,15060.0,15150.0,14960.0,15050.0,0,0,38300.0,576888000.0,1.0,3765.0,3787.5,3740.0,3762.5,153200.0
2021-07-13,74760,15120.0,15190.0,14980.0,15040.0,0,0,29000.0,437068000.0,1.0,3780.0,3797.5,3745.0,3760.0,116000.0
2021-07-14,74760,15010.0,15210.0,14980.0,15070.0,0,0,21300.0,321717000.0,1.0,3752.5,3802.5,3745.0,3767.5,85200.0
2021-07-15,74760,15050.0,15060.0,14750.0,14770.0,0,0,24400.0,362675000.0,1.0,3762.5,3765.0,3687.5,3692.5,97600.0
2021-07-16,74760,14760.0,14980.0,14650.0,14820.0,0,0,23600.0,350379000.0,1.0,3690.0,3745.0,3662.5,3705.0,94400.0
2021-07-19,74760,14640.0,14860.0,14640.0,14750.0,0,0,32600.0,481211000.0,1.0,3660.0,3715.0,3660.0,3687.5,130400.0
2021-07-20,74760,14600.0,14850.0,14570.0,14690.0,0,0,27300.0,401261000.0,1.0,3650.0,3712.5,3642.5,3672.5,109200.0
2021-07-21,74760,14750.0,15050.0,14750.0,14990.0,0,0,24100.0,360451000.0,1.0,3687.5,3762.5,3687.5,3747.5,96400.0
2021-07-26,74760,15350.0,15610.0,15280.0,15520.0,0,0,48900.0,757734000.0,1.0,3837.5,3902.5,3820.0,3880.0,195600.0
2021-07-27,74760,15230.0,15540.0,15230.0,15470.0,0,0,37700.0,582185000.0,1.0,3807.5,3885.0,3807.5,3867.5,150800.0
2021-07-28,74760,15370.0,15470.0,15170.0,15320.0,0,0,22100.0,337687000.0,1.0,3842.5,3867.5,3792.5,3830.0,88400.0
2021-07-29,74760,15360.0,15360.0,15110.0,15230.0,0,0,23000.0,350025000.0,1.0,3840.0,3840.0,3777.5,3807.5,92000.0
2021-07-30,74760,15060.0,15350.0,14700.0,14840.0,0,0,69800.0,1046408000.0,1.0,3765.0,3837.5,3675.0,3710.0,279200.0
2021-08-02,74760,14350.0,14740.0,13860.0,14430.0,0,0,98000.0,1400841000.0,1.0,3587.5,3685.0,3465.0,3607.5,392000.0
2021-08-03,74760,14380.0,14640.0,14260.0,14260.0,0,0,31900.0,459266000.0,1.0,3595.0,3660.0,3565.0,3565.0,127600.0
2021-08-04,74760,14310.0,14730.0,14230.0,14580.0,0,0,41900.0,609629000.0,1.0,3577.5,3682.5,3557.5,3645.0,167600.0
2021-08-05,74760,14730.0,15110.0,14720.0,14810.0,0,0,38100.0,567054000.0,1.0,3682.5,3777.5,3680.0,3702.5,152400.0
2021-08-06,74760,14960.0,15200.0,14760.0,14830.0,0,0,26800.0,398416000.0,1.0,3740.0,3800.0,3690.0,3707.5,107200.0
2021-08-10,74760,14830.0,15000.0,14750.0,14840.0,0,0,28700.0,426603000.0,1.0,3707.5,3750.0,3687.5,3710.0,114800.0
2021-08-11,74760,14820.0,14940.0,14790.0,14890.0,0,0,22300.0,331649000.0,1.0,3705.0,3735.0,3697.5,3722.5,89200.0
2021-08-12,74760,15000.0,15190.0,14860.0,15030.0,0,0,38000.0,570966000.0,1.0,3750.0,3797.5,3715.0,3757.5,152000.0
2021-08-13,74760,15220.0,15340.0,15080.0,15290.0,0,0,33100.0,505594000.0,1.0,3805.0,3835.0,3770.0,3822.5,132400.0
2021-08-16,74760,15310.0,15340.0,15200.0,15240.0,0,0,34500.0,526437000.0,1.0,3827.5,3835.0,3800.0,3810.0,138000.0
2021-08-17,74760,15410.0,15490.0,15210.0,15210.0,0,0,35100.0,538708000.0,1.0,3852.5,3872.5,3802.5,3802.5,140400.0
2021-08-18,74760,15210.0,15320.0,14920.0,15220.0,0,0,44400.0,673138000.0,1.0,3802.5,3830.0,3730.0,3805.0,177600.0
2021-08-19,74760,15210.0,15580.0,15010.0,15400.0,0,0,48900.0,752441000.0,1.0,3802.5,3895.0,3752.5,3850.0,195600.0
2021-08-20,74760,15400.0,15550.0,15390.0,15410.0,0,0,48800.0,753366000.0,1.0,3850.0,3887.5,3847.5,3852.5,195200.0
2021-08-23,74760,15600.0,15960.0,15600.0,15710.0,0,0,66000.0,1042862000.0,1.0,3900.0,3990.0,3900.0,3927.5,264000.0
2021-08-24,74760,15710.0,16170.0,15700.0,16090.0,0,0,40100.0,641752000.0,1.0,3927.5,4042.5,3925.0,4022.5,160400.0
2021-08-25,74760,16000.0,16270.0,15890.0,16240.0,0,0,38200.0,616261000.0,1.0,4000.0,4067.5,3972.5,4060.0,152800.0
2021-08-26,74760,16140.0,16450.0,16100.0,16330.0,0,0,57200.0,931376000.0,1.0,4035.0,4112.5,4025.0,4082.5,228800.0
2021-08-27,74760,16340.0,16340.0,16120.0,16260.0,0,0,26500.0,430379000.0,1.0,4085.0,4085.0,4030.0,4065.0,106000.0
2021-08-30,74760,16160.0,16350.0,16010.0,16260.0,0,0,44900.0,727338000.0,1.0,4040.0,4087.5,4002.5,4065.0,179600.0
2021-08-31,74760,16300.0,16490.0,16240.0,16350.0,0,0,32600.0,533774000.0,1.0,4075.0,4122.5,4060.0,4087.5,130400.0
2021-09-01,74760,16350.0,16610.0,16340.0,16550.0,0,0,28100.0,464183000.0,1.0,4087.5,4152.5,4085.0,4137.5,112400.0
2021-09-02,74760,16500.0,16740.0,16490.0,16740.0,0,0,17800.0,296566000.0,1.0,4125.0,4185.0,4122.5,4185.0,71200.0
2021-09-03,74760,16750.0,17200.0,16690.0,17020.0,0,0,28100.0,477296000.0,1.0,4187.5,4300.0,4172.5,4255.0,112400.0
2021-09-06,74760,17200.0,17550.0,17140.0,17480.0,0,0,24700.0,430349000.0,1.0,4300.0,4387.5,4285.0,4370.0,98800.0
2021-09-07,74760,17820.0,17850.0,17620.0,17720.0,0,0,63200.0,1120153000.0,1.0,4455.0,4462.5,4405.0,4430.0,252800.0
2021-09-08,74760,17880.0,17880.0,17330.0,17520.0,0,0,82100.0,1438248000.0,1.0,4470.0,4470.0,4332.5,4380.0,328400.0
2021-09-09,74760,17420.0,17480.0,17140.0,17240.0,0,0,38500.0,665156000.0,1.0,4355.0,4370.0,4285.0,4310.0,154000.0
2021-09-10,74760,17010.0,17510.0,16940.0,17510.0,0,0,67100.0,1158614000.0,1.0,4252.5,4377.5,4235.0,4377.5,268400.0
2021-09-13,74760,17880.0,18240.0,17800.0,18140.0,0,0,100200.0,1808625000.0,1.0,4470.0,4560.0,4450.0,4535.0,400800.0
2021-09-14,74760,18130.0,18130.0,17650.0,18060.0,0,0,76600.0,1371908000.0,1.0,4532.5,4532.5,4412.5,4515.0,306400.0
2021-09-15,74760,17870.0,17970.0,17570.0,17780.0,0,0,65700.0,1168304000.0,1.0,4467.5,4492.5,4392.5,4445.0,262800.0
2021-09-16,74760,17900.0,17950.0,17760.0,17870.0,0,0,39000.0,696457000.0,1.0,4475.0,4487.5,4440.0,4467.5,156000.0
2021-09-17,74760,18000.0,18240.0,18000.0,18110.0,0,0,75800.0,1372984000.0,1.0,4500.0,4560.0,4500.0,4527.5,303200.0
2021-09-21,74760,17760.0,17760.0,17570.0,17650.0,0,0,33900.0,599031000.0,1.0,4440.0,4440.0,4392.5,4412.5,135600.0
2021-09-22,74760,17610.0,17610.0,17260.0,17260.0,0,0,61300.0,1066718000.0,1.0,4402.5,4402.5,4315.0,4315.0,245200.0
2021-09-24,74760,17650.0,17760.0,17520.0,17650.0,0,0,46900.0,827572000.0,1.0,4412.5,4440.0,4380.0,4412.5,187600.0
2021-09-27,74760,17420.0,17420.0,17110.0,17160.0,0,0,39900.0,688165000.0,1.0,4355.0,4355.0,4277.5,4290.0,159600.0
2021-09-28,74760,16950.0,16970.0,16520.0,16750.0,0,0,69100.0,1156610000.0,1.0,4237.5,4242.5,4130.0,4187.5,276400.0
2021-09-29,74760,16290.0,16330.0,16010.0,16160.0,0,0,50500.0,815785000.0,1.0,4072.5,4082.5,4002.5,4040.0,202000.0
2021-09-30,74760,16010.0,16430.0,16010.0,16340.0,0,0,37600.0,613436000.0,1.0,4002.5,4107.5,4002.5,4085.0,150400.0
2021-10-01,74760,16100.0,16200.0,15950.0,16020.0,0,0,60800.0,977711000.0,1.0,4025.0,4050.0,3987.5,4005.0,243200.0
2021-10-04,74760,16180.0,16190.0,15510.0,15610.0,0,0,50100.0,786376000.0,1.0,4045.0,4047.5,3877.5,3902.5,200400.0
2021-10-05,74760,15570.0,15690.0,15090.0,15140.0,0,0,40800.0,623511000.0,1.0,3892.5,3922.5,3772.5,3785.0,163200.0
2021-10-06,74760,15480.0,15750.0,15040.0,15170.0,0,0,53300.0,817852000.0,1.0,3870.0,3937.5,3760.0,3792.5,213200.0
2021-10-07,74760,15260.0,15640.0,15200.0,15230.0,0,0,31900.0,488496000.0,1.0,3815.0,3910.0,3800.0,3807.5,127600.0
2021-10-08,74760,15590.0,15690.0,15400.0,15440.0,0,0,31000.0,479973000.0,1.0,3897.5,3922.5,3850.0,3860.0,124000.0
2021-10-11,74760,15330.0,15570.0,15200.0,15470.0,0,0,29700.0,458260000.0,1.0,3832.5,3892.5,3800.0,3867.5,118800.0
2021-10-12,74760,15490.0,15720.0,15160.0,15160.0,0,0,25400.0,389828000.0,1.0,3872.5,3930.0,3790.0,3790.0,101600.0
2021-10-13,74760,15060.0,15400.0,15060.0,15220.0,0,0,27500.0,419674000.0,1.0,3765.0,3850.0,3765.0,3805.0,110000.0
2021-10-14,74760,15220.0,15570.0,15190.0,15420.0,0,0,30600.0,472085000.0,1.0,3805.0,3892.5,3797.5,3855.0,122400.0
2021-10-15,74760,15630.0,15910.0,15560.0,15880.0,0,0,25900.0,408142000.0,1.0,3907.5,3977.5,3890.0,3970.0,103600.0
2021-10-18,74760,15900.0,15900.0,15600.0,15690.0,0,0,25500.0,400258000.0,1.0,3975.0,3975.0,3900.0,3922.5,102000.0
2021-10-19,74760,15820.0,15910.0,15680.0,15820.0,0,0,25800.0,407405000.0,1.0,3955.0,3977.5,3920.0,3955.0,103200.0
2021-10-20,74760,15970.0,16000.0,15760.0,15840.0,0,0,20200.0,319991000.0,1.0,3992.5,4000.0,3940.0,3960.0,80800.0
2021-10-21,74760,15680.0,15880.0,15630.0,15640.0,0,0,19700.0,309979000.0,1.0,3920.0,3970.0,3907.5,3910.0,78800.0
2021-10-22,74760,15670.0,15670.0,15260.0,15320.0,0,0,27700.0,427122000.0,1.0,3917.5,3917.5,3815.0,3830.0,110800.0
2021-10-25,74760,15500.0,15550.0,15370.0,15400.0,0,0,33400.0,516109000.0,1.0,3875.0,3887.5,3842.5,3850.0,133600.0
2021-10-26,74760,15600.0,15610.0,15450.0,15570.0,0,0,23700.0,368390000.0,1.0,3900.0,3902.5,3862.5,3892.5,94800.0
2021-10-27,74760,15630.0,15930.0,15590.0,15720.0,0,0,42700.0,671621000.0,1.0,3907.5,3982.5,3897.5,3930.0,170800.0
2021-10-28,74760,15990.0,15990.0,15590.0,15900.0,0,0,49600.0,785510000.0,1.0,3997.5,3997.5,3897.5,3975.0,198400.0
2021-10-29,74760,15920.0,15960.0,15430.0,15560.0,0,0,32500.0,505543000.0,1.0,3980.0,3990.0,3857.5,3890.0,130000.0
2021-11-01,74760,14760.0,14820.0,14010.0,14050.0,0,0,107700.0,1534912000.0,1.0,3690.0,3705.0,3502.5,3512.5,430800.0
2021-11-02,74760,14160.0,14430.0,13960.0,14030.0,0,0,81300.0,1146201000.0,1.0,3540.0,3607.5,3490.0,3507.5,325200.0
2021-11-04,74760,14500.0,14590.0,14320.0,14540.0,0,0,50000.0,725021000.0,1.0,3625.0,3647.5,3580.0,3635.0,200000.0
2021-11-05,74760,14500.0,14510.0,14280.0,14470.0,0,0,40500.0,582895000.0,1.0,3625.0,3627.5,3570.0,3617.5,162000.0
2021-11-08,74760,14600.0,14660.0,14390.0,14610.0,0,0,46000.0,669290000.0,1.0,3650.0,3665.0,3597.5,3652.5,184000.0
2021-11-09,74760,14650.0,14870.0,14650.0,14740.0,0,0,44700.0,659431000.0,1.0,3662.5,3717.5,3662.5,3685.0,178800.0
2021-11-10,74760,14680.0,15050.0,14680.0,14880.0,0,0,36000.0,536287000.0,1.0,3670.0,3762.5,3670.0,3720.0,144000.0
2021-11-11,74760,14880.0,15290.0,14880.0,15210.0,0,0,46500.0,706517000.0,1.0,3720.0,3822.5,3720.0,3802.5,186000.0
2021-11-12,74760,15300.0,15560.0,15300.0,15450.0,0,0,31000.0,480079000.0,1.0,3825.0,3890.0,3825.0,3862.5,124000.0
2021-11-15,74760,15550.0,15620.0,15340.0,15370.0,0,0,15400.0,237660000.0,1.0,3887.5,3905.0,3835.0,3842.5,61600.0
2021-11-16,74760,15370.0,15400.0,15170.0,15220.0,0,0,20500.0,313347000.0,1.0,3842.5,3850.0,3792.5,3805.0,82000.0
2021-11-17,74760,15220.0,15220.0,14980.0,14980.0,0,0,24300.0,365137000.0,1.0,3805.0,3805.0,3745.0,3745.0,97200.0
2021-11-18,74760,14920.0,15290.0,14920.0,15180.0,0,0,24400.0,369518000.0,1.0,3730.0,3822.5,3730.0,3795.0,97600.0
2021-11-19,74760,15160.0,15210.0,14980.0,15040.0,0,0,34300.0,516370000.0,1.0,3790.0,3802.5,3745.0,3760.0,137200.0
2021-11-22,74760,14750.0,14900.0,14750.0,14860.0,0,0,15100.0,223881000.0,1.0,3687.5,3725.0,3687.5,3715.0,60400.0
2021-11-24,74760,14830.0,14840.0,14450.0,14500.0,0,0,30300.0,441133000.0,1.0,3707.5,3710.0,3612.5,3625.0,121200.0
2021-11-25,74760,14500.0,14750.0,14380.0,14390.0,0,0,16100.0,233494000.0,1.0,3625.0,3687.5,3595.0,3597.5,64400.0
2021-11-26,74760,14330.0,14640.0,14290.0,14350.0,0,0,25700.0,368927000.0,1.0,3582.5,3660.0,3572.5,3587.5,102800.0
2021-11-29,74760,14250.0,14560.0,14200.0,14400.0,0,0,31600.0,456220000.0,1.0,3562.5,3640.0,3550.0,3600.0,126400.0
2021-11-30,74760,14500.0,14570.0,14020.0,14050.0,0,0,61800.0,878293000.0,1.0,3625.0,3642.5,3505.0,3512.5,247200.0
2021-12-01,74760,13950.0,14020.0,13740.0,13910.0,0,0,26800.0,372371000.0,1.0,3487.5,3505.0,3435.0,3477.5,107200.0
2021-12-02,74760,14020.0,14390.0,14020.0,14240.0,0,0,53800.0,767693000.0,1.0,3505.0,3597.5,3505.0,3560.0,215200.0
2021-12-03,74760,14260.0,14470.0,14240.0,14370.0,0,0,26700.0,382564000.0,1.0,3565.0,3617.5,3560.0,3592.5,106800.0
2021-12-06,74760,14300.0,14300.0,14070.0,14090.0,0,0,34800.0,491814000.0,1.0,3575.0,3575.0,3517.5,3522.5,139200.0
2021-12-07,74760,14160.0,14470.0,14100.0,14460.0,0,0,41100.0,590925000.0,1.0,3540.0,3617.5,3525.0,3615.0,164400.0
2021-12-08,74760,14460.0,14760.0,14460.0,14680.0,0,0,51400.0,754654000.0,1.0,3615.0,3690.0,3615.0,3670.0,205600.0
2021-12-09,74760,14680.0,14780.0,14470.0,14690.0,0,0,30000.0,440063000.0,1.0,3670.0,3695.0,3617.5,3672.5,120000.0
2021-12-10,74760,14720.0,14790.0,14520.0,14590.0,0,0,45300.0,664366000.0,1.0,3680.0,3697.5,3630.0,3647.5,181200.0
2021-12-13,74760,14770.0,15150.0,14770.0,14990.0,0,0,41000.0,614677000.0,1.0,3692.5,3787.5,3692.5,3747.5,164000.0
2021-12-14,74760,15100.0,15200.0,14830.0,14870.0,0,0,39800.0,594617000.0,1.0,3775.0,3800.0,3707.5,3717.5,159200.0
2021-12-15,74760,14870.0,15040.0,14740.0,14810.0,0,0,30700.0,456072000.0,1.0,3717.5,3760.0,3685.0,3702.5,122800.0
2021-12-16,74760,15110.0,15200.0,15000.0,15040.0,0,0,40400.0,609248000.0,1.0,3777.5,3800.0,3750.0,3760.0,161600.0
2021-12-17,74760,15100.0,15110.0,14500.0,14620.0,0,0,32500.0,476879000.0,1.0,3775.0,3777.5,3625.0,3655.0,130000.0
2021-12-20,74760,14630.0,14630.0,14280.0,14370.0,0,0,40900.0,590081000.0,1.0,3657.5,3657.5,3570.0,3592.5,163600.0
2021-12-21,74760,14620.0,15040.0,14620.0,14940.0,0,0,39000.0,580894000.0,1.0,3655.0,3760.0,3655.0,3735.0,156000.0
2021-12-22,74760,14920.0,14940.0,14780.0,14830.0,0,0,27600.0,410266000.0,1.0,3730.0,3735.0,3695.0,3707.5,110400.0
2021-12-23,74760,15040.0,15170.0,15030.0,15130.0,0,0,30600.0,462306000.0,1.0,3760.0,3792.5,3757.5,3782.5,122400.0
2021-12-24,74760,15200.0,15430.0,15200.0,15390.0,0,0,20700.0,317925000.0,1.0,3800.0,3857.5,3800.0,3847.5,82800.0
2021-12-27,74760,15450.0,15760.0,15390.0,15700.0,0,0,24900.0,389139000.0,1.0,3862.5,3940.0,3847.5,3925.0,99600.0
2021-12-28,74760,15900.0,15900.0,14810.0,15280.0,0,0,31300.0,481168000.0,1.0,3975.0,3975.0,3702.5,3820.0,125200.0
2021-12-29,74760,7500.0,7630.0,7220.0,7570.0,0,0,36800.0,277357000.0,0.5,3750.0,3815.0,3610.0,3785.0,73600.0
2021-12-30,74760,7520.0,7710.0,7440.0,7710.0,0,0,48100.0,367433000.0,1.0,3760.0,3855.0,3720.0,3855.0,96200.0
2022-01-04,74760,7850.0,7890.0,7490.0,7500.0,0,0,103100.0,780766000.0,1.0,3925.0,3945.0,3745.0,3750.0,206200.0
2022-01-05,74760,7410.0,7410.0,7170.0,7200.0,0,0,101800.0,738881000.0,1.0,3705.0,3705.0,3585.0,3600.0,203600.0
2022-01-06,74760,7200.0,7200.0,6870.0,6890.0,0,0,64300.0,449693000.0,1.0,3600.0,3600.0,3435.0,3445.0,128600.0
2022-01-07,74760,6890.0,6970.0,6810.0,6910.0,0,0,71700.0,494165000.0,1.0,3445.0,3485.0,3405.0,3455.0,143400.0
2022-01-11,74760,6880.0,6980.0,6820.0,6840.0,0,0,48100.0,330033000.0,1.0,3440.0,3490.0,3410.0,3420.0,96200.0
2022-01-12,74760,6920.0,7010.0,6840.0,6960.0,0,0,48100.0,333198000.0,1.0,3460.0,3505.0,3420.0,3480.0,96200.0
2022-01-13,74760,6940.0,6940.0,6700.0,6700.0,0,0,62800.0,424456000.0,1.0,3470.0,3470.0,3350.0,3350.0,125600.0
2022-01-14,74760,6550.0,6560.0,6310.0,6350.0,0,0,130900.0,835637000.0,1.0,3275.0,3280.0,3155.0,3175.0,261800.0
2022-01-17,74760,6280.0,6290.0,6100.0,6210.0,0,0,143900.0,892263000.0,1.0,3140.0,3145.0,3050.0,3105.0,287800.0
2022-01-18,74760,6180.0,6250.0,6100.0,6180.0,0,0,112000.0,692362000.0,1.0,3090.0,3125.0,3050.0,3090.0,224000.0
2022-01-19,74760,6030.0,6140.0,5800.0,5840.0,0,0,137700.0,812601000.0,1.0,3015.0,3070.0,2900.0,2920.0,275400.0
2022-01-20,74760,5800.0,5990.0,5770.0,5840.0,0,0,124800.0,729761000.0,1.0,2900.0,2995.0,2885.0,2920.0,249600.0
2022-01-21,74760,5780.0,5840.0,5710.0,5800.0,0,0,127100.0,737411000.0,1.0,2890.0,2920.0,2855.0,2900.0,254200.0
2022-01-24,74760,5740.0,5880.0,5730.0,5820.0,0,0,136000.0,789680000.0,1.0,2870.0,2940.0,2865.0,2910.0,272000.0
2022-01-25,74760,5840.0,5920.0,5640.0,5710.0,0,0,109900.0,630629000.0,1.0,2920.0,2960.0,2820.0,2855.0,219800.0
2022-01-26,74760,5730.0,5890.0,5730.0,5820.0,0,0,78100.0,454273000.0,1.0,2865.0,2945.0,2865.0,2910.0,156200.0
2022-01-27,74760,5840.0,5870.0,5590.0,5640.0,0,0,111000.0,630229000.0,1.0,2920.0,2935.0,2795.0,2820.0,222000.0
2022-01-28,74760,5610.0,5690.0,5440.0,5590.0,0,0,106700.0,595368000.0,1.0,2805.0,2845.0,2720.0,2795.0,213400.0
2022-01-31,74760,5600.0,5690.0,5560.0,5650.0,0,0,132000.0,744206000.0,1.0,2800.0,2845.0,2780.0,2825.0,264000.0
2022-02-01,74760,5650.0,6050.0,5650.0,5800.0,0,0,155100.0,907568000.0,1.0,2825.0,3025.0,2825.0,2900.0,310200.0
2022-02-02,74760,6000.0,6190.0,5930.0,6150.0,0,0,117700.0,715951000.0,1.0,3000.0,3095.0,2965.0,3075.0,235400.0
2022-02-03,74760,6030.0,6210.0,6030.0,6110.0,0,0,131000.0,802076000.0,1.0,3015.0,3105.0,3015.0,3055.0,262000.0
2022-02-04,74760,6120.0,6230.0,6050.0,6170.0,0,0,101000.0,621475000.0,1.0,3060.0,3115.0,3025.0,3085.0,202000.0
2022-02-07,74760,6200.0,6260.0,6030.0,6120.0,0,0,54600.0,333677000.0,1.0,3100.0,3130.0,3015.0,3060.0,109200.0
2022-02-08,74760,6270.0,6360.0,6160.0,6170.0,0,0,90000.0,557485000.0,1.0,3135.0,3180.0,3080.0,3085.0,180000.0
2022-02-09,74760,6270.0,6300.0,6150.0,6290.0,0,0,43300.0,271124000.0,1.0,3135.0,3150.0,3075.0,3145.0,86600.0
2022-02-10,74760,6460.0,6570.0,6420.0,6500.0,0,0,96600.0,627578000.0,1.0,3230.0,3285.0,3210.0,3250.0,193200.0
2022-02-14,74760,6340.0,6410.0,6260.0,6340.0,0,0,76400.0,485051000.0,1.0,3170.0,3205.0,3130.0,3170.0,152800.0
2022-02-15,74760,6510.0,6510.0,6250.0,6390.0,0,0,88600.0,563910000.0,1.0,3255.0,3255.0,3125.0,3195.0,177200.0
2022-02-16,74760,6580.0,6580.0,6450.0,6510.0,0,0,65800.0,428636000.0,1.0,3290.0,3290.0,3225.0,3255.0,131600.0
2022-02-17,74760,6510.0,6520.0,6340.0,6430.0,0,0,47500.0,305050000.0,1.0,3255.0,3260.0,3170.0,3215.0,95000.0
2022-02-18,74760,6410.0,6540.0,6360.0,6500.0,0,0,55600.0,358802000.0,1.0,3205.0,3270.0,3180.0,3250.0,111200.0
2022-02-21,74760,6440.0,6710.0,6350.0,6660.0,0,0,96200.0,633864000.0,1.0,3220.0,3355.0,3175.0,3330.0,192400.0
2022-02-22,74760,6560.0,6690.0,6530.0,6660.0,0,0,159400.0,1058021000.0,1.0,3280.0,3345.0,3265.0,3330.0,318800.0
2022-02-24,74760,6600.0,6910.0,6560.0,6860.0,0,0,160400.0,1089159000.0,1.0,3300.0,3455.0,3280.0,3430.0,320800.0
2022-02-25,74760,6900.0,6940.0,6670.0,6800.0,0,0,93800.0,635547000.0,1.0,3450.0,3470.0,3335.0,3400.0,187600.0
2022-02-28,74760,6740.0,6920.0,6570.0,6910.0,0,0,90100.0,613840000.0,1.0,3370.0,3460.0,3285.0,3455.0,180200.0
2022-03-01,74760,7070.0,7240.0,7050.0,7200.0,0,0,78200.0,560640000.0,1.0,3535.0,3620.0,3525.0,3600.0,156400.0
2022-03-02,74760,7100.0,7290.0,7100.0,7170.0,0,0,72700.0,522495000.0,1.0,3550.0,3645.0,3550.0,3585.0,145400.0
2022-03-03,74760,7320.0,7320.0,7200.0,7200.0,0,0,75400.0,546191000.0,1.0,3660.0,3660.0,3600.0,3600.0,150800.0
2022-03-04,74760,7270.0,7310.0,7020.0,7070.0,0,0,70000.0,497168000.0,1.0,3635.0,3655.0,3510.0,3535.0,140000.0
2022-03-07,74760,6870.0,6960.0,6840.0,6900.0,0,0,106000.0,731848000.0,1.0,3435.0,3480.0,3420.0,3450.0,212000.0
2022-03-08,74760,6830.0,6990.0,6800.0,6890.0,0,0,82200.0,568359000.0,1.0,3415.0,3495.0,3400.0,3445.0,164400.0
2022-03-09,74760,6950.0,6970.0,6850.0,6870.0,0,0,98000.0,677470000.0,1.0,3475.0,3485.0,3425.0,3435.0,196000.0
2022-03-10,74760,7080.0,7250.0,7020.0,7240.0,0,0,103700.0,743045000.0,1.0,3540.0,3625.0,3510.0,3620.0,207400.0
2022-03-11,74760,7090.0,7260.0,7020.0,7200.0,0,0,124600.0,892008000.0,1.0,3545.0,3630.0,3510.0,3600.0,249200.0
2022-03-14,74760,7260.0,7330.0,7200.0,7210.0,0,0,122900.0,891794000.0,1.0,3630.0,3665.0,3600.0,3605.0,245800.0
2022-03-15,74760,7060.0,7110.0,6890.0,7040.0,0,0,103800.0,729001000.0,1.0,3530.0,3555.0,3445.0,3520.0,207600.0
2022-03-16,74760,7130.0,7140.0,6910.0,6970.0,0,0,85800.0,599927000.0,1.0,3565.0,3570.0,3455.0,3485.0,171600.0
2022-03-17,74760,7070.0,7310.0,7020.0,7250.0,0,0,99200.0,715721000.0,1.0,3535.0,3655.0,3510.0,3625.0,198400.0
2022-03-18,74760,7290.0,7440.0,7260.0,7340.0,0,0,137000.0,1005564000.0,1.0,3645.0,3720.0,3630.0,3670.0,274000.0
2022-03-22,74760,7300.0,7350.0,7230.0,7330.0,0,0,153100.0,1118580000.0,1.0,3650.0,3675.0,3615.0,3665.0,306200.0
2022-03-23,74760,7390.0,7470.0,7270.0,7450.0,0,0,120000.0,890078000.0,1.0,3695.0,3735.0,3635.0,3725.0,240000.0
2022-03-24,74760,7380.0,7490.0,7240.0,7470.0,0,0,77800.0,575023000.0,1.0,3690.0,3745.0,3620.0,3735.0,155600.0
2022-03-25,74760,7490.0,7550.0,7430.0,7530.0,0,0,52400.0,392936000.0,1.0,3745.0,3775.0,3715.0,3765.0,104800.0
2022-03-28,74760,7540.0,7540.0,7410.0,7470.0,0,0,51500.0,384603000.0,1.0,3770.0,3770.0,3705.0,3735.0,103000.0
2022-03-29,74760,7510.0,7510.0,7320.0,7440.0,0,0,109300.0,809998000.0,1.0,3755.0,3755.0,3660.0,3720.0,218600.0
2022-03-30,74760,7530.0,7600.0,7470.0,7550.0,0,0,76000.0,573152000.0,1.0,3765.0,3800.0,3735.0,3775.0,152000.0
2022-03-31,74760,7500.0,7500.0,7210.0,7240.0,0,0,66800.0,487261000.0,1.0,3750.0,3750.0,3605.0,3620.0,133600.0
2022-04-01,74760,7240.0,7490.0,7210.0,7410.0,0,0,78900.0,582923000.0,1.0,3620.0,3745.0,3605.0,3705.0,157800.0
2022-04-04,74760,7440.0,7460.0,7380.0,7430.0,0,0,46600.0,345778000.0,1.0,3720.0,3730.0,3690.0,3715.0,93200.0
2022-04-05,74760,7480.0,7480.0,7280.0,7320.0,0,0,67900.0,498518000.0,1.0,3740.0,3740.0,3640.0,3660.0,135800.0
2022-04-06,74760,7270.0,7350.0,7180.0,7190.0,0,0,70100.0,506570000.0,1.0,3635.0,3675.0,3590.0,3595.0,140200.0
2022-04-07,74760,7130.0,7130.0,6910.0,6940.0,0,0,50100.0,349061000.0,1.0,3565.0,3565.0,3455.0,3470.0,100200.0
2022-04-08,74760,7040.0,7150.0,6990.0,7070.0,0,0,61600.0,435846000.0,1.0,3520.0,3575.0,3495.0,3535.0,123200.0
2022-04-11,74760,6990.0,7020.0,6880.0,6930.0,0,0,43900.0,304818000.0,1.0,3495.0,3510.0,3440.0,3465.0,87800.0
2022-04-12,74760,6890.0,6960.0,6740.0,6780.0,0,0,55200.0,376582000.0,1.0,3445.0,3480.0,3370.0,3390.0,110400.0
2022-04-13,74760,6870.0,6990.0,6750.0,6970.0,0,0,63000.0,437387000.0,1.0,3435.0,3495.0,3375.0,3485.0,126000.0
2022-04-14,74760,6980.0,6990.0,6880.0,6950.0,0,0,45900.0,318430000.0,1.0,3490.0,3495.0,3440.0,3475.0,91800.0
2022-04-15,74760,7000.0,7050.0,6880.0,6950.0,0,0,61100.0,424535000.0,1.0,3500.0,3525.0,3440.0,3475.0,122200.0
2022-04-18,74760,6850.0,6940.0,6710.0,6800.0,0,0,51500.0,350039000.0,1.0,3425.0,3470.0,3355.0,3400.0,103000.0
2022-04-19,74760,6840.0,6860.0,6780.0,6800.0,0,0,37700.0,257008000.0,1.0,3420.0,3430.0,3390.0,3400.0,75400.0
2022-04-20,74760,6900.0,6970.0,6840.0,6900.0,0,0,36600.0,252964000.0,1.0,3450.0,3485.0,3420.0,3450.0,73200.0
2022-04-21,74760,6930.0,7010.0,6870.0,6970.0,0,0,40300.0,280780000.0,1.0,3465.0,3505.0,3435.0,3485.0,80600.0
2022-04-22,74760,6770.0,6990.0,6770.0,6890.0,0,0,58800.0,405344000.0,1.0,3385.0,3495.0,3385.0,3445.0,117600.0
2022-04-25,74760,6700.0,6870.0,6690.0,6830.0,0,0,62500.0,424985000.0,1.0,3350.0,3435.0,3345.0,3415.0,125000.0
2022-04-26,74760,6780.0,6850.0,6700.0,6800.0,0,0,66500.0,451744000.0,1.0,3390.0,3425.0,3350.0,3400.0,133000.0
2022-04-27,74760,6720.0,6870.0,6700.0,6820.0,0,0,132700.0,903460000.0,1.0,3360.0,3435.0,3350.0,3410.0,265400.0
2022-04-28,74760,6770.0,6950.0,6770.0,6930.0,0,0,50800.0,349939000.0,1.0,3385.0,3475.0,3385.0,3465.0,101600.0
2022-05-02,74760,6930.0,6960.0,6850.0,6900.0,0,0,32800.0,226427000.0,1.0,3465.0,3480.0,3425.0,3450.0,65600.0
2022-05-06,74760,6850.0,6900.0,6730.0,6740.0,0,0,59200.0,401275000.0,1.0,3425.0,3450.0,3365.0,3370.0,118400.0
2022-05-09,74760,6650.0,6660.0,6480.0,6480.0,0,0,43300.0,283535000.0,1.0,3325.0,3330.0,3240.0,3240.0,86600.0
2022-05-10,74760,6380.0,6420.0,6250.0,6400.0,0,0,59200.0,374766000.0,1.0,3190.0,3210.0,3125.0,3200.0,118400.0
2022-05-11,74760,6300.0,6400.0,6220.0,6260.0,0,0,116000.0,729396000.0,1.0,3150.0,3200.0,3110.0,3130.0,232000.0
2022-05-12,74760,6130.0,6210.0,6060.0,6090.0,0,0,72100.0,441014000.0,1.0,3065.0,3105.0,3030.0,3045.0,144200.0
2022-05-13,74760,6120.0,6330.0,6000.0,6330.0,0,0,84900.0,528544000.0,1.0,3060.0,3165.0,3000.0,3165.0,169800.0
2022-05-16,74760,6630.0,6670.0,6290.0,6340.0,0,0,86200.0,551982000.0,1.0,3315.0,3335.0,3145.0,3170.0,172400.0
2022-05-17,74760,6370.0,6560.0,6320.0,6550.0,0,0,45700.0,297320000.0,1.0,3185.0,3280.0,3160.0,3275.0,91400.0
2022-05-18,74760,6550.0,6670.0,6480.0,6660.0,0,0,37400.0,247815000.0,1.0,3275.0,3335.0,3240.0,3330.0,74800.0
2022-05-19,74760,6460.0,6530.0,6410.0,6500.0,0,0,57300.0,370966000.0,1.0,3230.0,3265.0,3205.0,3250.0,114600.0
2022-05-20,74760,6500.0,6600.0,6410.0,6510.0,0,0,96700.0,626104000.0,1.0,3250.0,3300.0,3205.0,3255.0,193400.0
2022-05-23,74760,6670.0,6770.0,6620.0,6740.0,0,0,48700.0,327298000.0,1.0,3335.0,3385.0,3310.0,3370.0,97400.0
2022-05-24,74760,6540.0,6630.0,6480.0,6490.0,0,0,47500.0,309839000.0,1.0,3270.0,3315.0,3240.0,3245.0,95000.0
2022-05-25,74760,6490.0,6560.0,6430.0,6470.0,0,0,38900.0,252726000.0,1.0,3245.0,3280.0,3215.0,3235.0,77800.0
2022-05-26,74760,6430.0,6550.0,6340.0,6350.0,0,0,54100.0,346293000.0,1.0,3215.0,3275.0,3170.0,3175.0,108200.0
2022-05-27,74760,6440.0,6460.0,6290.0,6340.0,0,0,49500.0,313858000.0,1.0,3220.0,3230.0,3145.0,3170.0,99000.0
2022-05-30,74760,6420.0,6570.0,6370.0,6550.0,0,0,148300.0,965636000.0,1.0,3210.0,3285.0,3185.0,3275.0,296600.0
2022-05-31,74760,6500.0,6500.0,6260.0,6280.0,0,0,91500.0,577805000.0,1.0,3250.0,3250.0,3130.0,3140.0,183000.0
2022-06-01,74760,6200.0,6410.0,6200.0,6350.0,0,0,57600.0,365356000.0,1.0,3100.0,3205.0,3100.0,3175.0,115200.0
2022-06-02,74760,6210.0,6220.0,5870.0,5870.0,0,0,88800.0,528753000.0,1.0,3105.0,3110.0,2935.0,2935.0,177600.0
2022-06-03,74760,5970.0,6070.0,5930.0,5970.0,0,0,90100.0,540662000.0,1.0,2985.0,3035.0,2965.0,2985.0,180200.0
2022-06-06,74760,5870.0,5960.0,5820.0,5940.0,0,0,104800.0,618058000.0,1.0,2935.0,2980.0,2910.0,2970.0,209600.0
2022-06-07,74760,5950.0,6020.0,5890.0,5900.0,0,0,57900.0,344330000.0,1.0,2975.0,3010.0,2945.0,2950.0,115800.0
2022-06-08,74760,6080.0,6140.0,6050.0,6130.0,0,0,53400.0,326437000.0,1.0,3040.0,3070.0,3025.0,3065.0,106800.0
2022-06-09,74760,6130.0,6270.0,6110.0,6210.0,0,0,54800.0,340432000.0,1.0,3065.0,3135.0,3055.0,3105.0,109600.0
2022-06-10,74760,6180.0,6230.0,6060.0,6120.0,0,0,84400.0,518045000.0,1.0,3090.0,3115.0,3030.0,3060.0,168800.0
2022-06-13,74760,5970.0,6090.0,5970.0,6040.0,0,0,41000.0,247761000.0,1.0,2985.0,3045.0,2985.0,3020.0,82000.0
2022-06-14,74760,5910.0,5940.0,5800.0,5860.0,0,0,63500.0,371862000.0,1.0,2955.0,2970.0,2900.0,2930.0,127000.0
2022-06-15,74760,5760.0,5770.0,5690.0,5730.0,0,0,66700.0,382230000.0,1.0,2880.0,2885.0,2845.0,2865.0,133400.0
2022-06-16,74760,5830.0,5840.0,5620.0,5660.0,0,0,84400.0,481479000.0,1.0,2915.0,2920.0,2810.0,2830.0,168800.0
2022-06-17,74760,5480.0,5580.0,5460.0,5490.0,0,0,119900.0,658435000.0,1.0,2740.0,2790.0,2730.0,2745.0,239800.0
2022-06-20,74760,5560.0,5660.0,5520.0,5570.0,0,0,73500.0,410795000.0,1.0,2780.0,2830.0,2760.0,2785.0,147000.0
2022-06-21,74760,5650.0,5710.0,5620.0,5660.0,0,0,90500.0,512916000.0,1.0,2825.0,2855.0,2810.0,2830.0,181000.0
2022-06-22,74760,5700.0,5710.0,5540.0,5570.0,0,0,104900.0,586650000.0,1.0,2850.0,2855.0,2770.0,2785.0,209800.0
2022-06-23,74760,5600.0,5740.0,5580.0,5650.0,0,0,74900.0,424069000.0,1.0,2800.0,2870.0,2790.0,2825.0,149800.0
2022-06-24,74760,5750.0,5930.0,5730.0,5930.0,0,0,87800.0,514759000.0,1.0,2875.0,2965.0,2865.0,2965.0,175600.0
2022-06-27,74760,5830.0,5830.0,5680.0,5790.0,0,0,75500.0,434608000.0,1.0,2915.0,2915.0,2840.0,2895.0,151000.0
2022-06-28,74760,5790.0,5870.0,5630.0,5740.0,0,0,142700.0,815343000.0,1.0,2895.0,2935.0,2815.0,2870.0,285400.0
2022-06-29,74760,5590.0,5590.0,5470.0,5520.0,0,0,208500.0,1149672000.0,1.0,2795.0,2795.0,2735.0,2760.0,417000.0
2022-06-30,74760,5600.0,5600.0,5320.0,5350.0,0,0,248000.0,1342794000.0,1.0,2800.0,2800.0,2660.0,2675.0,496000.0
2022-07-01,74760,5430.0,5580.0,5430.0,5550.0,0,0,165100.0,912934000.0,1.0,2715.0,2790.0,2715.0,2775.0,330200.0
2022-07-04,74760,5640.0,5660.0,5430.0,5500.0,0,0,153900.0,844330000.0,1.0,2820.0,2830.0,2715.0,2750.0,307800.0
2022-07-05,74760,5600.0,5720.0,5600.0,5620.0,0,0,104200.0,588252000.0,1.0,2800.0,2860.0,2800.0,2810.0,208400.0
2022-07-06,74760,5650.0,5810.0,5640.0,5750.0,0,0,70100.0,403080000.0,1.0,2825.0,2905.0,2820.0,2875.0,140200.0
2022-07-07,74760,5780.0,5930.0,5680.0,5840.0,0,0,72900.0,426417000.0,1.0,2890.0,2965.0,2840.0,2920.0,145800.0
2022-07-08,74760,6000.0,6100.0,5900.0,6000.0,0,0,110700.0,666222000.0,1.0,3000.0,3050.0,2950.0,3000.0,221400.0
2022-07-11,74760,6180.0,6210.0,6050.0,6140.0,0,0,72500.0,444084000.0,1.0,3090.0,3105.0,3025.0,3070.0,145000.0
2022-07-12,74760,6150.0,6190.0,6020.0,6050.0,0,0,74700.0,452706000.0,1.0,3075.0,3095.0,3010.0,3025.0,149400.0
2022-07-13,74760,6150.0,6150.0,6080.0,6110.0,0,0,49600.0,302991000.0,1.0,3075.0,3075.0,3040.0,3055.0,99200.0
2022-07-14,74760,6140.0,6230.0,6110.0,6210.0,0,0,55200.0,341717000.0,1.0,3070.0,3115.0,3055.0,3105.0,110400.0
2022-07-15,74760,6310.0,6390.0,6250.0,6310.0,0,0,66400.0,419834000.0,1.0,3155.0,3195.0,3125.0,3155.0,132800.0
2022-07-19,74760,6320.0,6320.0,6120.0,6210.0,0,0,58800.0,365306000.0,1.0,3160.0,3160.0,3060.0,3105.0,117600.0
2022-07-20,74760,6310.0,6310.0,6210.0,6280.0,0,0,55700.0,349335000.0,1.0,3155.0,3155.0,3105.0,3140.0,111400.0
2022-07-21,74760,6210.0,6280.0,6200.0,6250.0,0,0,26300.0,164014000.0,1.0,3105.0,3140.0,3100.0,3125.0,52600.0
2022-07-22,74760,6250.0,6310.0,6210.0,6290.0,0,0,44100.0,276716000.0,1.0,3125.0,3155.0,3105.0,3145.0,88200.0
2022-07-25,74760,6260.0,6420.0,6260.0,6370.0,0,0,54000.0,343464000.0,1.0,3130.0,3210.0,3130.0,3185.0,108000.0
2022-07-26,74760,6350.0,6350.0,6270.0,6290.0,0,0,28100.0,177231000.0,1.0,3175.0,3175.0,3135.0,3145.0,56200.0
2022-07-27,74760,6360.0,6400.0,6280.0,6330.0,0,0,34000.0,215577000.0,1.0,3180.0,3200.0,3140.0,3165.0,68000.0
2022-07-28,74760,6310.0,6360.0,6240.0,6330.0,0,0,67400.0,424892000.0,1.0,3155.0,3180.0,3120.0,3165.0,134800.0
2022-07-29,74760,6310.0,6380.0,6260.0,6290.0,0,0,66300.0,418667000.0,1.0,3155.0,3190.0,3130.0,3145.0,132600.0
2022-08-01,74760,6280.0,6700.0,6230.0,6690.0,0,0,117100.0,768118000.0,1.0,3140.0,3350.0,3115.0,3345.0,234200.0
2022-08-02,74760,6650.0,6720.0,6560.0,6570.0,0,0,112000.0,740137000.0,1.0,3325.0,3360.0,3280.0,3285.0,224000.0
2022-08-03,74760,6570.0,6600.0,6510.0,6560.0,0,0,66000.0,432785000.0,1.0,3285.0,3300.0,3255.0,3280.0,132000.0
2022-08-04,74760,6560.0,6570.0,6380.0,6450.0,0,0,69700.0,450814000.0,1.0,3280.0,3285.0,3190.0,3225.0,139400.0
2022-08-05,74760,6460.0,6670.0,6460.0,6660.0,0,0,69900.0,462737000.0,1.0,3230.0,3335.0,3230.0,3330.0,139800.0
2022-08-08,74760,6610.0,6610.0,6460.0,6480.0,0,0,43100.0,280831000.0,1.0,3305.0,3305.0,3230.0,3240.0,86200.0
2022-08-09,74760,6580.0,6670.0,6510.0,6550.0,0,0,57000.0,374863000.0,1.0,3290.0,3335.0,3255.0,3275.0,114000.0
2022-08-10,74760,6640.0,6710.0,6520.0,6640.0,0,0,78200.0,519474000.0,1.0,3320.0,3355.0,3260.0,3320.0,156400.0
2022-08-12,74760,6680.0,6790.0,6590.0,6670.0,0,0,48200.0,322253000.0,1.0,3340.0,3395.0,3295.0,3335.0,96400.0
2022-08-15,74760,6670.0,6670.0,6570.0,6640.0,0,0,26100.0,173357000.0,1.0,3335.0,3335.0,3285.0,3320.0,52200.0
2022-08-16,74760,6620.0,6680.0,6480.0,6510.0,0,0,37100.0,242751000.0,1.0,3310.0,3340.0,3240.0,3255.0,74200.0
2022-08-17,74760,6500.0,6580.0,6420.0,6580.0,0,0,61500.0,400955000.0,1.0,3250.0,3290.0,3210.0,3290.0,123000.0
2022-08-18,74760,6480.0,6520.0,6430.0,6500.0,0,0,40800.0,264882000.0,1.0,3240.0,3260.0,3215.0,3250.0,81600.0
2022-08-19,74760,6500.0,6560.0,6480.0,6490.0,0,0,34900.0,226993000.0,1.0,3250.0,3280.0,3240.0,3245.0,69800.0
2022-08-22,74760,6400.0,6470.0,6370.0,6420.0,0,0,66500.0,426399000.0,1.0,3200.0,3235.0,3185.0,3210.0,133000.0
2022-08-23,74760,6330.0,6440.0,6240.0,6390.0,0,0,57100.0,363379000.0,1.0,3165.0,3220.0,3120.0,3195.0,114200.0
2022-08-24,74760,6390.0,6470.0,6360.0,6430.0,0,0,36800.0,236531000.0,1.0,3195.0,3235.0,3180.0,3215.0,73600.0
2022-08-25,74760,6440.0,6630.0,6440.0,6600.0,0,0,54900.0,360788000.0,1.0,3220.0,3315.0,3220.0,3300.0,109800.0
2022-08-26,74760,6720.0,6720.0,6630.0,6650.0,0,0,49000.0,326551000.0,1.0,3360.0,3360.0,3315.0,3325.0,98000.0
2022-08-29,74760,6450.0,6480.0,6390.0,6410.0,0,0,70300.0,451483000.0,1.0,3225.0,3240.0,3195.0,3205.0,140600.0
2022-08-30,74760,6440.0,6460.0,6330.0,6370.0,0,0,71800.0,457552000.0,1.0,3220.0,3230.0,3165.0,3185.0,143600.0
2022-08-31,74760,6310.0,6430.0,6240.0,6430.0,0,0,80100.0,509119000.0,1.0,3155.0,3215.0,3120.0,3215.0,160200.0
2022-09-01,74760,6340.0,6460.0,6340.0,6430.0,0,0,52200.0,335076000.0,1.0,3170.0,3230.0,3170.0,3215.0,104400.0
2022-09-02,74760,6510.0,6520.0,6350.0,6390.0,0,0,61000.0,390427000.0,1.0,3255.0,3260.0,3175.0,3195.0,122000.0
2022-09-05,74760,6420.0,6520.0,6350.0,6370.0,0,0,56200.0,360544000.0,1.0,3210.0,3260.0,3175.0,3185.0,112400.0
2022-09-06,74760,6380.0,6380.0,6200.0,6200.0,0,0,38300.0,239645000.0,1.0,3190.0,3190.0,3100.0,3100.0,76600.0
2022-09-07,74760,6160.0,6180.0,6090.0,6130.0,0,0,54900.0,336290000.0,1.0,3080.0,3090.0,3045.0,3065.0,109800.0
2022-09-08,74760,6310.0,6320.0,6250.0,6300.0,0,0,61300.0,385968000.0,1.0,3155.0,3160.0,3125.0,3150.0,122600.0
2022-09-09,74760,6250.0,6420.0,6230.0,6410.0,0,0,67000.0,423525000.0,1.0,3125.0,3210.0,3115.0,3205.0,134000.0
2022-09-12,74760,6540.0,6570.0,6480.0,6570.0,0,0,20500.0,134217000.0,1.0,3270.0,3285.0,3240.0,3285.0,41000.0
2022-09-13,74760,6480.0,6510.0,6410.0,6440.0,0,0,36600.0,236033000.0,1.0,3240.0,3255.0,3205.0,3220.0,73200.0
2022-09-14,74760,6280.0,6320.0,6220.0,6220.0,0,0,44900.0,280661000.0,1.0,3140.0,3160.0,3110.0,3110.0,89800.0
2022-09-15,74760,6220.0,6230.0,6120.0,6120.0,0,0,34100.0,210263000.0,1.0,3110.0,3115.0,3060.0,3060.0,68200.0
2022-09-16,74760,6070.0,6110.0,5970.0,6000.0,0,0,85700.0,516079000.0,1.0,3035.0,3055.0,2985.0,3000.0,171400.0
2022-09-20,74760,5990.0,6020.0,5890.0,5990.0,0,0,75200.0,447874000.0,1.0,2995.0,3010.0,2945.0,2995.0,150400.0
2022-09-21,74760,5910.0,6000.0,5910.0,5930.0,0,0,42700.0,253684000.0,1.0,2955.0,3000.0,2955.0,2965.0,85400.0
2022-09-22,74760,5840.0,5940.0,5750.0,5840.0,0,0,60400.0,353605000.0,1.0,2920.0,2970.0,2875.0,2920.0,120800.0
2022-09-26,74760,5730.0,5780.0,5650.0,5650.0,0,0,111500.0,634361000.0,1.0,2865.0,2890.0,2825.0,2825.0,223000.0
2022-09-27,74760,5630.0,5660.0,5530.0,5590.0,0,0,148700.0,831756000.0,1.0,2815.0,2830.0,2765.0,2795.0,297400.0
2022-09-28,74760,5590.0,5820.0,5560.0,5800.0,0,0,141200.0,806953000.0,1.0,2795.0,2910.0,2780.0,2900.0,282400.0
2022-09-29,74760,5850.0,6060.0,5850.0,6010.0,0,0,100200.0,599471000.0,1.0,2925.0,3030.0,2925.0,3005.0,200400.0
2022-09-30,74760,5940.0,6060.0,5880.0,5990.0,0,0,63900.0,381843000.0,1.0,2970.0,3030.0,2940.0,2995.0,127800.0
2022-10-03,74760,5850.0,5970.0,5810.0,5960.0,0,0,46500.0,275170000.0,1.0,2925.0,2985.0,2905.0,2980.0,93000.0
2022-10-04,74760,6060.0,6260.0,6010.0,6230.0,0,0,57000.0,352752000.0,1.0,3030.0,3130.0,3005.0,3115.0,114000.0
2022-10-05,74760,6280.0,6310.0,6250.0,6290.0,0,0,49500.0,311221000.0,1.0,3140.0,3155.0,3125.0,3145.0,99000.0
2022-10-06,74760,6230.0,6400.0,6230.0,6350.0,0,0,91900.0,583342000.0,1.0,3115.0,3200.0,3115.0,3175.0,183800.0
2022-10-07,74760,6250.0,6280.0,6170.0,6220.0,0,0,52700.0,328298000.0,1.0,3125.0,3140.0,3085.0,3110.0,105400.0
2022-10-11,74760,6060.0,6120.0,5980.0,6050.0,0,0,75500.0,457336000.0,1.0,3030.0,3060.0,2990.0,3025.0,151000.0
2022-10-12,74760,5980.0,6080.0,5980.0,6060.0,0,0,47800.0,288639000.0,1.0,2990.0,3040.0,2990.0,3030.0,95600.0
2022-10-13,74760,6060.0,6080.0,6030.0,6030.0,0,0,44500.0,268910000.0,1.0,3030.0,3040.0,3015.0,3015.0,89000.0
2022-10-14,74760,6090.0,6340.0,6050.0,6330.0,0,0,67300.0,420785000.0,1.0,3045.0,3170.0,3025.0,3165.0,134600.0
2022-10-17,74760,6150.0,6150.0,6080.0,6080.0,0,0,45100.0,275306000.0,1.0,3075.0,3075.0,3040.0,3040.0,90200.0
2022-10-18,74760,6180.0,6230.0,6050.0,6100.0,0,0,84100.0,514248000.0,1.0,3090.0,3115.0,3025.0,3050.0,168200.0
2022-10-19,74760,6090.0,6170.0,6080.0,6140.0,0,0,36800.0,225637000.0,1.0,3045.0,3085.0,3040.0,3070.0,73600.0
2022-10-20,74760,6070.0,6090.0,6010.0,6080.0,0,0,35000.0,212260000.0,1.0,3035.0,3045.0,3005.0,3040.0,70000.0
2022-10-21,74760,6090.0,6130.0,6010.0,6100.0,0,0,40500.0,246342000.0,1.0,3045.0,3065.0,3005.0,3050.0,81000.0
2022-10-24,74760,6170.0,6200.0,6120.0,6130.0,0,0,46100.0,283318000.0,1.0,3085.0,3100.0,3060.0,3065.0,92200.0
2022-10-25,74760,6180.0,6290.0,6140.0,6260.0,0,0,66300.0,413866000.0,1.0,3090.0,3145.0,3070.0,3130.0,132600.0
2022-10-26,74760,6370.0,6450.0,6350.0,6420.0,0,0,46700.0,299465000.0,1.0,3185.0,3225.0,3175.0,3210.0,93400.0
2022-10-27,74760,6390.0,6400.0,6300.0,6330.0,0,0,45200.0,286737000.0,1.0,3195.0,3200.0,3150.0,3165.0,90400.0
2022-10-28,74760,6210.0,6370.0,6210.0,6300.0,0,0,152500.0,960563000.0,1.0,3105.0,3185.0,3105.0,3150.0,305000.0
2022-10-31,74760,6320.0,6380.0,6260.0,6360.0,0,0,73700.0,467451000.0,1.0,3160.0,3190.0,3130.0,3180.0,147400.0
2022-11-01,74760,6500.0,6590.0,6370.0,6420.0,0,0,110000.0,710966000.0,1.0,3250.0,3295.0,3185.0,3210.0,220000.0
2022-11-02,74760,6400.0,6480.0,6250.0,6270.0,0,0,68400.0,431579000.0,1.0,3200.0,3240.0,3125.0,3135.0,136800.0
2022-11-04,74760,6100.0,6150.0,5860.0,5860.0,0,0,83200.0,494124000.0,1.0,3050.0,3075.0,2930.0,2930.0,166400.0
2022-11-07,74760,5910.0,5980.0,5870.0,5970.0,0,0,47800.0,284173000.0,1.0,2955.0,2990.0,2935.0,2985.0,95600.0
2022-11-08,74760,6000.0,6010.0,5940.0,5990.0,0,0,34600.0,206856000.0,1.0,3000.0,3005.0,2970.0,2995.0,69200.0
2022-11-09,74760,5980.0,5990.0,5900.0,5930.0,0,0,24300.0,144263000.0,1.0,2990.0,2995.0,2950.0,2965.0,48600.0
2022-11-10,74760,5870.0,5920.0,5820.0,5820.0,0,0,31200.0,182402000.0,1.0,2935.0,2960.0,2910.0,2910.0,62400.0
2022-11-11,74760,5970.0,6260.0,5970.0,6220.0,0,0,79400.0,488298000.0,1.0,2985.0,3130.0,2985.0,3110.0,158800.0
2022-11-14,74760,6180.0,6520.0,6180.0,6480.0,0,0,97100.0,622274000.0,1.0,3090.0,3260.0,3090.0,3240.0,194200.0
2022-11-15,74760,6470.0,6600.0,6470.0,6560.0,0,0,78000.0,510416000.0,1.0,3235.0,3300.0,3235.0,3280.0,156000.0
2022-11-16,74760,6580.0,6640.0,6500.0,6500.0,0,0,56400.0,369306000.0,1.0,3290.0,3320.0,3250.0,3250.0,112800.0
2022-11-17,74760,6520.0,6560.0,6420.0,6460.0,0,0,34400.0,222418000.0,1.0,3260.0,3280.0,3210.0,3230.0,68800.0
2022-11-18,74760,6360.0,6410.0,6310.0,6320.0,0,0,45900.0,291013000.0,1.0,3180.0,3205.0,3155.0,3160.0,91800.0
2022-11-21,74760,6350.0,6350.0,6270.0,6320.0,0,0,23400.0,147543000.0,1.0,3175.0,3175.0,3135.0,3160.0,46800.0
2022-11-22,74760,6330.0,6410.0,6280.0,6300.0,0,0,40900.0,258564000.0,1.0,3165.0,3205.0,3140.0,3150.0,81800.0
2022-11-24,74760,6600.0,6680.0,6510.0,6600.0,0,0,82900.0,548374000.0,1.0,3300.0,3340.0,3255.0,3300.0,165800.0
2022-11-25,74760,6650.0,6650.0,6530.0,6570.0,0,0,43000.0,283066000.0,1.0,3325.0,3325.0,3265.0,3285.0,86000.0
2022-11-28,74760,6590.0,6590.0,6440.0,6440.0,0,0,47400.0,307119000.0,1.0,3295.0,3295.0,3220.0,3220.0,94800.0
2022-11-29,74760,6340.0,6340.0,6210.0,6230.0,0,0,59100.0,370651000.0,1.0,3170.0,3170.0,3105.0,3115.0,118200.0
2022-11-30,74760,6150.0,6180.0,6090.0,6110.0,0,0,64200.0,393228000.0,1.0,3075.0,3090.0,3045.0,3055.0,128400.0
2022-12-01,74760,6140.0,6200.0,6090.0,6180.0,0,0,92700.0,570437000.0,1.0,3070.0,3100.0,3045.0,3090.0,185400.0
2022-12-02,74760,6140.0,6140.0,5980.0,6030.0,0,0,49100.0,296817000.0,1.0,3070.0,3070.0,2990.0,3015.0,98200.0
2022-12-05,74760,6100.0,6270.0,6030.0,6230.0,0,0,72700.0,451170000.0,1.0,3050.0,3135.0,3015.0,3115.0,145400.0
2022-12-06,74760,6130.0,6190.0,6060.0,6080.0,0,0,54600.0,333202000.0,1.0,3065.0,3095.0,3030.0,3040.0,109200.0
2022-12-07,74760,6070.0,6160.0,6060.0,6110.0,0,0,32600.0,199304000.0,1.0,3035.0,3080.0,3030.0,3055.0,65200.0
2022-12-08,74760,6130.0,6130.0,6020.0,6100.0,0,0,44600.0,271329000.0,1.0,3065.0,3065.0,3010.0,3050.0,89200.0
2022-12-09,74760,6250.0,6270.0,6160.0,6160.0,0,0,54700.0,339783000.0,1.0,3125.0,3135.0,3080.0,3080.0,109400.0
2022-12-12,74760,6120.0,6180.0,6100.0,6100.0,0,0,39700.0,243065000.0,1.0,3060.0,3090.0,3050.0,3050.0,79400.0
2022-12-13,74760,6170.0,6230.0,6000.0,6000.0,0,0,52800.0,321329000.0,1.0,3085.0,3115.0,3000.0,3000.0,105600.0
2022-12-14,74760,6020.0,6060.0,5980.0,6040.0,0,0,53100.0,320066000.0,1.0,3010.0,3030.0,2990.0,3020.0,106200.0
2022-12-15,74760,6010.0,6090.0,5990.0,6050.0,0,0,50500.0,305288000.0,1.0,3005.0,3045.0,2995.0,3025.0,101000.0
2022-12-16,74760,5960.0,5990.0,5900.0,5910.0,0,0,75500.0,447811000.0,1.0,2980.0,2995.0,2950.0,2955.0,151000.0
2022-12-19,74760,5890.0,5910.0,5770.0,5780.0,0,0,60600.0,352232000.0,1.0,2945.0,2955.0,2885.0,2890.0,121200.0
2022-12-20,74760,5780.0,5780.0,5460.0,5530.0,0,0,122600.0,682873000.0,1.0,2890.0,2890.0,2730.0,2765.0,245200.0
2022-12-21,74760,5530.0,5560.0,5420.0,5450.0,0,0,93000.0,509279000.0,1.0,2765.0,2780.0,2710.0,2725.0,186000.0
2022-12-22,74760,5490.0,5680.0,5410.0,5670.0,0,0,85300.0,476413000.0,1.0,2745.0,2840.0,2705.0,2835.0,170600.0
2022-12-23,74760,5670.0,5740.0,5620.0,5650.0,0,0,65900.0,373409000.0,1.0,2835.0,2870.0,2810.0,2825.0,131800.0
2022-12-26,74760,5650.0,5660.0,5540.0,5550.0,0,0,31400.0,174804000.0,1.0,2825.0,2830.0,2770.0,2775.0,62800.0
2022-12-27,74760,5590.0,5700.0,5590.0,5610.0,0,0,37600.0,212113000.0,1.0,2795.0,2850.0,2795.0,2805.0,75200.0
2022-12-28,74760,5670.0,5770.0,5630.0,5750.0,0,0,55300.0,316891000.0,1.0,2835.0,2885.0,2815.0,2875.0,110600.0
2022-12-29,74760,5670.0,5770.0,5670.0,5770.0,0,0,50500.0,289560000.0,1.0,2835.0,2885.0,2835.0,2885.0,101000.0
2022-12-30,74760,5780.0,5840.0,5740.0,5760.0,0,0,50900.0,293874000.0,1.0,2890.0,2920.0,2870.0,2880.0,101800.0
2023-01-04,74760,5750.0,5750.0,5540.0,5540.0,0,0,46400.0,259664000.0,1.0,2875.0,2875.0,2770.0,2770.0,92800.0
2023-01-05,74760,5510.0,5560.0,5480.0,5540.0,0,0,47200.0,260873000.0,1.0,2755.0,2780.0,2740.0,2770.0,94400.0
2023-01-06,74760,5520.0,5610.0,5520.0,5570.0,0,0,34900.0,193995000.0,1.0,2760.0,2805.0,2760.0,2785.0,69800.0
2023-01-10,74760,5570.0,5600.0,5400.0,5420.0,0,0,58400.0,318134000.0,1.0,2785.0,2800.0,2700.0,2710.0,116800.0
2023-01-11,74760,5490.0,5580.0,5460.0,5570.0,0,0,60300.0,333882000.0,1.0,2745.0,2790.0,2730.0,2785.0,120600.0
2023-01-12,74760,5550.0,5590.0,5470.0,5480.0,0,0,34200.0,188459000.0,1.0,2775.0,2795.0,2735.0,2740.0,68400.0
2023-01-13,74760,5440.0,5590.0,5440.0,5440.0,0,0,65200.0,357889000.0,1.0,2720.0,2795.0,2720.0,2720.0,130400.0
2023-01-16,74760,5390.0,5440.0,5310.0,5330.0,0,0,43800.0,234871000.0,1.0,2695.0,2720.0,2655.0,2665.0,87600.0
2023-01-17,74760,5370.0,5460.0,5370.0,5410.0,0,0,45900.0,248478000.0,1.0,2685.0,2730.0,2685.0,2705.0,91800.0
2023-01-18,74760,5450.0,5640.0,5450.0,5570.0,0,0,45300.0,251832000.0,1.0,2725.0,2820.0,2725.0,2785.0,90600.0
2023-01-19,74760,5550.0,5610.0,5510.0,5550.0,0,0,36200.0,201166000.0,1.0,2775.0,2805.0,2755.0,2775.0,72400.0
2023-01-20,74760,5550.0,5640.0,5550.0,5610.0,0,0,42000.0,235575000.0,1.0,2775.0,2820.0,2775.0,2805.0,84000.0
2023-01-23,74760,5670.0,5700.0,5610.0,5680.0,0,0,37800.0,214568000.0,1.0,2835.0,2850.0,2805.0,2840.0,75600.0
2023-01-24,74760,5730.0,5750.0,5650.0,5700.0,0,0,85600.0,487847000.0,1.0,2865.0,2875.0,2825.0,2850.0,171200.0
2023-01-25,74760,5660.0,5790.0,5640.0,5770.0,0,0,38100.0,218936000.0,1.0,2830.0,2895.0,2820.0,2885.0,76200.0
2023-01-26,74760,5800.0,5820.0,5750.0,5800.0,0,0,33900.0,196547000.0,1.0,2900.0,2910.0,2875.0,2900.0,67800.0
2023-01-27,74760,5800.0,5830.0,5740.0,5780.0,0,0,49600.0,286741000.0,1.0,2900.0,2915.0,2870.0,2890.0,99200.0
2023-01-30,74760,5780.0,5850.0,5760.0,5800.0,0,0,41700.0,241801000.0,1.0,2890.0,2925.0,2880.0,2900.0,83400.0
2023-01-31,74760,5750.0,5850.0,5750.0,5790.0,0,0,80100.0,465180000.0,1.0,2875.0,2925.0,2875.0,2895.0,160200.0
2023-02-01,74760,5850.0,5910.0,5790.0,5870.0,0,0,98000.0,574237000.0,1.0,2925.0,2955.0,2895.0,2935.0,196000.0
2023-02-02,74760,5860.0,5960.0,5820.0,5930.0,0,0,134100.0,792282000.0,1.0,2930.0,2980.0,2910.0,2965.0,268200.0
2023-02-03,74760,5990.0,6070.0,5970.0,6020.0,0,0,95500.0,575650000.0,1.0,2995.0,3035.0,2985.0,3010.0,191000.0
2023-02-06,74760,6050.0,6080.0,6020.0,6050.0,0,0,59500.0,360273000.0,1.0,3025.0,3040.0,3010.0,3025.0,119000.0
2023-02-07,74760,6030.0,6080.0,6020.0,6050.0,0,0,77700.0,469976000.0,1.0,3015.0,3040.0,3010.0,3025.0,155400.0
2023-02-08,74760,6080.0,6110.0,6060.0,6090.0,0,0,45400.0,276309000.0,1.0,3040.0,3055.0,3030.0,3045.0,90800.0
2023-02-09,74760,6060.0,6150.0,6060.0,6130.0,0,0,54400.0,332305000.0,1.0,3030.0,3075.0,3030.0,3065.0,108800.0
2023-02-10,74760,6040.0,6080.0,5960.0,5970.0,0,0,135900.0,817030000.0,1.0,3020.0,3040.0,2980.0,2985.0,271800.0
2023-02-13,74760,5920.0,5950.0,5770.0,5890.0,0,0,164900.0,966760000.0,1.0,2960.0,2975.0,2885.0,2945.0,329800.0
2023-02-14,74760,5980.0,6030.0,5890.0,5960.0,0,0,84200.0,501063000.0,1.0,2990.0,3015.0,2945.0,2980.0,168400.0
2023-02-15,74760,5950.0,5960.0,5850.0,5900.0,0,0,85300.0,503162000.0,1.0,2975.0,2980.0,2925.0,2950.0,170600.0
2023-02-16,74760,5980.0,6000.0,5850.0,5850.0,0,0,66400.0,391099000.0,1.0,2990.0,3000.0,2925.0,2925.0,132800.0
2023-02-17,74760,5780.0,5810.0,5720.0,5720.0,0,0,51500.0,296484000.0,1.0,2890.0,2905.0,2860.0,2860.0,103000.0
2023-02-20,74760,5700.0,5740.0,5670.0,5710.0,0,0,65200.0,372112000.0,1.0,2850.0,2870.0,2835.0,2855.0,130400.0
2023-02-21,74760,5670.0,5740.0,5640.0,5670.0,0,0,88800.0,504087000.0,1.0,2835.0,2870.0,2820.0,2835.0,177600.0
2023-02-22,74760,5600.0,5600.0,5500.0,5520.0,0,0,75400.0,417636000.0,1.0,2800.0,2800.0,2750.0,2760.0,150800.0
2023-02-24,74760,5500.0,5520.0,5460.0,5510.0,0,0,53600.0,294459000.0,1.0,2750.0,2760.0,2730.0,2755.0,107200.0
2023-02-27,74760,5460.0,5470.0,5380.0,5440.0,0,0,121000.0,656471000.0,1.0,2730.0,2735.0,2690.0,2720.0,242000.0
2023-02-28,74760,5470.0,5740.0,5470.0,5680.0,0,0,130200.0,734725000.0,1.0,2735.0,2870.0,2735.0,2840.0,260400.0
2023-03-01,74760,5680.0,5680.0,5560.0,5570.0,0,0,72300.0,404545000.0,1.0,2840.0,2840.0,2780.0,2785.0,144600.0
2023-03-02,74760,5560.0,5580.0,5450.0,5490.0,0,0,52700.0,289881000.0,1.0,2780.0,2790.0,2725.0,2745.0,105400.0
2023-03-03,74760,5530.0,5610.0,5480.0,5510.0,0,0,110100.0,608164000.0,1.0,2765.0,2805.0,2740.0,2755.0,220200.0
2023-03-06,74760,5600.0,5640.0,5540.0,5590.0,0,0,57200.0,319974000.0,1.0,2800.0,2820.0,2770.0,2795.0,114400.0
2023-03-07,74760,5560.0,5640.0,5560.0,5610.0,0,0,43100.0,241720000.0,1.0,2780.0,2820.0,2780.0,2805.0,86200.0
2023-03-08,74760,5580.0,5610.0,5550.0,5570.0,0,0,43700.0,243766000.0,1.0,2790.0,2805.0,2775.0,2785.0,87400.0
2023-03-09,74760,5590.0,5600.0,5540.0,5580.0,0,0,78900.0,439960000.0,1.0,2795.0,2800.0,2770.0,2790.0,157800.0
2023-03-10,74760,5540.0,5600.0,5510.0,5580.0,0,0,114800.0,637731000.0,1.0,2770.0,2800.0,2755.0,2790.0,229600.0
2023-03-13,74760,5510.0,5540.0,5450.0,5490.0,0,0,62800.0,344708000.0,1.0,2755.0,2770.0,2725.0,2745.0,125600.0
2023-03-14,74760,5390.0,5390.0,5280.0,5330.0,0,0,140400.0,747866000.0,1.0,2695.0,2695.0,2640.0,2665.0,280800.0
2023-03-15,74760,5370.0,5390.0,5230.0,5270.0,0,0,127300.0,671763000.0,1.0,2685.0,2695.0,2615.0,2635.0,254600.0
2023-03-16,74760,5220.0,5290.0,5210.0,5230.0,0,0,89700.0,469924000.0,1.0,2610.0,2645.0,2605.0,2615.0,179400.0
2023-03-17,74760,5200.0,5260.0,5190.0,5210.0,0,0,156400.0,817142000.0,1.0,2600.0,2630.0,2595.0,2605.0,312800.0
2023-03-20,74760,5190.0,5250.0,5150.0,5150.0,0,0,100400.0,520636000.0,1.0,2595.0,2625.0,2575.0,2575.0,200800.0
2023-03-22,74760,5250.0,5320.0,5240.0,5290.0,0,0,100400.0,530394000.0,1.0,2625.0,2660.0,2620.0,2645.0,200800.0
2023-03-23,74760,5270.0,5370.0,5250.0,5360.0,0,0,58900.0,313676000.0,1.0,2635.0,2685.0,2625.0,2680.0,117800.0
2023-03-24,74760,5300.0,5300.0,5190.0,5220.0,0,0,63800.0,333394000.0,1.0,2650.0,2650.0,2595.0,2610.0,127600.0
2023-03-27,74760,5310.0,5350.0,5250.0,5330.0,0,0,70800.0,376122000.0,1.0,2655.0,2675.0,2625.0,2665.0,141600.0
2023-03-28,74760,5330.0,5410.0,5300.0,5390.0,0,0,74300.0,398108000.0,1.0,2665.0,2705.0,2650.0,2695.0,148600.0
2023-03-29,74760,5420.0,5560.0,5420.0,5540.0,0,0,97000.0,534458000.0,1.0,2710.0,2780.0,2710.0,2770.0,194000.0
2023-03-30,74760,5490.0,5560.0,5470.0,5540.0,0,0,72700.0,401136000.0,1.0,2745.0,2780.0,2735.0,2770.0,145400.0
2023-03-31,74760,5550.0,5640.0,5530.0,5610.0,0,0,99500.0,556692000.0,1.0,2775.0,2820.0,2765.0,2805.0,199000.0
2023-04-03,74760,5710.0,5760.0,5690.0,5710.0,0,0,52400.0,299619000.0,1.0,2855.0,2880.0,2845.0,2855.0,104800.0
2023-04-04,74760,5690.0,5730.0,5640.0,5680.0,0,0,79300.0,451224000.0,1.0,2845.0,2865.0,2820.0,2840.0,158600.0
2023-04-05,74760,5630.0,5640.0,5540.0,5550.0,0,0,63200.0,352545000.0,1.0,2815.0,2820.0,2770.0,2775.0,126400.0
2023-04-06,74760,5490.0,5580.0,5480.0,5560.0,0,0,68400.0,378951000.0,1.0,2745.0,2790.0,2740.0,2780.0,136800.0
2023-04-07,74760,5570.0,5610.0,5480.0,5480.0,0,0,40200.0,221399000.0,1.0,2785.0,2805.0,2740.0,2740.0,80400.0
2023-04-10,74760,5500.0,5530.0,5490.0,5510.0,0,0,33500.0,184595000.0,1.0,2750.0,2765.0,2745.0,2755.0,67000.0
2023-04-11,74760,5550.0,5560.0,5380.0,5400.0,0,0,66100.0,358700000.0,1.0,2775.0,2780.0,2690.0,2700.0,132200.0
2023-04-12,74760,5430.0,5560.0,5430.0,5530.0,0,0,59400.0,328112000.0,1.0,2715.0,2780.0,2715.0,2765.0,118800.0
2023-04-13,74760,5490.0,5660.0,5490.0,5630.0,0,0,49800.0,279389000.0,1.0,2745.0,2830.0,2745.0,2815.0,99600.0
2023-04-14,74760,5700.0,5720.0,5620.0,5680.0,0,0,53200.0,302108000.0,1.0,2850.0,2860.0,2810.0,2840.0,106400.0
2023-04-17,74760,5670.0,5670.0,5590.0,5630.0,0,0,28900.0,162511000.0,1.0,2835.0,2835.0,2795.0,2815.0,57800.0
2023-04-18,74760,5630.0,5690.0,5610.0,5680.0,0,0,40500.0,229431000.0,1.0,2815.0,2845.0,2805.0,2840.0,81000.0
2023-04-19,74760,5650.0,5650.0,5530.0,5550.0,0,0,41900.0,233075000.0,1.0,2825.0,2825.0,2765.0,2775.0,83800.0
2023-04-20,74760,5500.0,5530.0,5440.0,5500.0,0,0,48400.0,265791000.0,1.0,2750.0,2765.0,2720.0,2750.0,96800.0
2023-04-21,74760,5550.0,5580.0,5500.0,5580.0,0,0,30900.0,171811000.0,1.0,2775.0,2790.0,2750.0,2790.0,61800.0
2023-04-24,74760,5580.0,5610.0,5550.0,5600.0,0,0,39400.0,220393000.0,1.0,2790.0,2805.0,2775.0,2800.0,78800.0
2023-04-25,74760,5610.0,5710.0,5610.0,5690.0,0,0,93800.0,533295000.0,1.0,2805.0,2855.0,2805.0,2845.0,187600.0
2023-04-26,74760,5670.0,5670.0,5560.0,5610.0,0,0,57600.0,323129000.0,1.0,2835.0,2835.0,2780.0,2805.0,115200.0
2023-04-27,74760,5570.0,5620.0,5540.0,5600.0,0,0,59200.0,331192000.0,1.0,2785.0,2810.0,2770.0,2800.0,118400.0
2023-04-28,74760,5670.0,5750.0,5670.0,5740.0,0,0,57600.0,329701000.0,1.0,2835.0,2875.0,2835.0,2870.0,115200.0
2023-05-01,74760,5790.0,5830.0,5740.0,5790.0,0,0,86300.0,499156000.0,1.0,2895.0,2915.0,2870.0,2895.0,172600.0
2023-05-02,74760,5800.0,5880.0,5800.0,5870.0,0,0,61500.0,359552000.0,1.0,2900.0,2940.0,2900.0,2935.0,123000.0
2023-05-08,74760,5870.0,5950.0,5850.0,5910.0,0,0,77100.0,455192000.0,1.0,2935.0,2975.0,2925.0,2955.0,154200.0
2023-05-09,74760,5920.0,6000.0,5910.0,5990.0,0,0,68300.0,407379000.0,1.0,2960.0,3000.0,2955.0,2995.0,136600.0
2023-05-10,74760,6000.0,6040.0,5920.0,5950.0,0,0,51200.0,305293000.0,1.0,3000.0,3020.0,2960.0,2975.0,102400.0
2023-05-11,74760,5860.0,5900.0,5830.0,5850.0,0,0,47800.0,279953000.0,1.0,2930.0,2950.0,2915.0,2925.0,95600.0
2023-05-12,74760,5860.0,5930.0,5840.0,5900.0,0,0,62000.0,365083000.0,1.0,2930.0,2965.0,2920.0,2950.0,124000.0
2023-05-15,74760,5800.0,5840.0,5640.0,5640.0,0,0,103900.0,593083000.0,1.0,2900.0,2920.0,2820.0,2820.0,207800.0
2023-05-16,74760,5690.0,5690.0,5510.0,5560.0,0,0,86200.0,478791000.0,1.0,2845.0,2845.0,2755.0,2780.0,172400.0
2023-05-17,74760,5500.0,5620.0,5500.0,5550.0,0,0,55700.0,310202000.0,1.0,2750.0,2810.0,2750.0,2775.0,111400.0
2023-05-18,74760,5600.0,5690.0,5580.0,5690.0,0,0,61300.0,346455000.0,1.0,2800.0,2845.0,2790.0,2845.0,122600.0
2023-05-19,74760,5690.0,5790.0,5690.0,5730.0,0,0,56800.0,326130000.0,1.0,2845.0,2895.0,2845.0,2865.0,113600.0
2023-05-22,74760,5720.0,5730.0,5630.0,5670.0,0,0,43900.0,248523000.0,1.0,2860.0,2865.0,2815.0,2835.0,87800.0
2023-05-23,74760,5730.0,5780.0,5670.0,5670.0,0,0,62500.0,356921000.0,1.0,2865.0,2890.0,2835.0,2835.0,125000.0
2023-05-24,74760,5570.0,5570.0,5470.0,5530.0,0,0,102800.0,566791000.0,1.0,2785.0,2785.0,2735.0,2765.0,205600.0
2023-05-25,74760,5510.0,5530.0,5460.0,5500.0,0,0,91600.0,503021000.0,1.0,2755.0,2765.0,2730.0,2750.0,183200.0
2023-05-26,74760,5550.0,5550.0,5410.0,5420.0,0,0,71300.0,389645000.0,1.0,2775.0,2775.0,2705.0,2710.0,142600.0
2023-05-29,74760,5490.0,5490.0,5340.0,5360.0,0,0,47800.0,256998000.0,1.0,2745.0,2745.0,2670.0,2680.0,95600.0
2023-05-30,74760,5330.0,5340.0,5230.0,5270.0,0,0,63900.0,336654000.0,1.0,2665.0,2670.0,2615.0,2635.0,127800.0
2023-05-31,74760,5230.0,5400.0,5230.0,5310.0,0,0,147900.0,787498000.0,1.0,2615.0,2700.0,2615.0,2655.0,295800.0
2023-06-01,74760,5310.0,5460.0,5310.0,5440.0,0,0,59300.0,321599000.0,1.0,2655.0,2730.0,2655.0,2720.0,118600.0
2023-06-02,74760,5420.0,5520.0,5420.0,5510.0,0,0,71200.0,391073000.0,1.0,2710.0,2760.0,2710.0,2755.0,142400.0
2023-06-05,74760,5610.0,5610.0,5529.0,5570.0,0,0,88900.0,494928500.0,1.0,2805.0,2805.0,2764.5,2785.0,177800.0
2023-06-06,74760,5516.0,5572.0,5441.0,5569.0,0,0,50200.0,277715600.0,1.0,2758.0,2786.0,2720.5,2784.5,100400.0
2023-06-07,74760,5669.0,5696.0,5497.0,5528.0,0,0,116700.0,650025900.0,1.0,2834.5,2848.0,2748.5,2764.0,233400.0
2023-06-08,74760,5579.0,5619.0,5509.0,5590.0,0,0,75500.0,421063000.0,1.0,2789.5,2809.5,2754.5,2795.0,151000.0
2023-06-09,74760,5730.0,5763.0,5670.0,5732.0,0,0,108500.0,620515100.0,1.0,2865.0,2881.5,2835.0,2866.0,217000.0
2023-06-12,74760,5793.0,5830.0,5750.0,5772.0,0,0,57500.0,332762500.0,1.0,2896.5,2915.0,2875.0,2886.0,115000.0
2023-06-13,74760,5792.0,5842.0,5735.0,5806.0,0,0,68900.0,399598400.0,1.0,2896.0,2921.0,2867.5,2903.0,137800.0
2023-06-14,74760,5890.0,5952.0,5818.0,5931.0,0,0,81500.0,482320000.0,1.0,2945.0,2976.0,2909.0,2965.5,163000.0
2023-06-15,74760,5883.0,5949.0,5847.0,5893.0,0,0,88500.0,521664700.0,1.0,2941.5,2974.5,2923.5,2946.5,177000.0
2023-06-16,74760,5915.0,5959.0,5856.0,5923.0,0,0,143000.0,846778300.0,1.0,2957.5,2979.5,2928.0,2961.5,286000.0
2023-06-19,74760,6000.0,6035.0,5947.0,6035.0,0,0,72400.0,435036700.0,1.0,3000.0,3017.5,2973.5,3017.5,144800.0
2023-06-20,74760,5983.0,6020.0,5942.0,6020.0,0,0,63200.0,378482300.0,1.0,2991.5,3010.0,2971.0,3010.0,126400.0
2023-06-21,74760,6012.0,6012.0,5868.0,5868.0,0,0,96900.0,572644100.0,1.0,3006.0,3006.0,2934.0,2934.0,193800.0
2023-06-22,74760,5838.0,5880.0,5802.0,5821.0,0,0,79300.0,463259600.0,1.0,2919.0,2940.0,2901.0,2910.5,158600.0
2023-06-23,74760,5829.0,5840.0,5630.0,5695.0,0,0,76600.0,437973100.0,1.0,2914.5,2920.0,2815.0,2847.5,153200.0
2023-06-26,74760,5715.0,5747.0,5615.0,5686.0,0,0,36900.0,209808200.0,1.0,2857.5,2873.5,2807.5,2843.0,73800.0
2023-06-27,74760,5668.0,5715.0,5639.0,5710.0,0,0,34700.0,197498600.0,1.0,2834.0,2857.5,2819.5,2855.0,69400.0
2023-06-28,74760,5747.0,5881.0,5702.0,5865.0,0,0,68300.0,398486800.0,1.0,2873.5,2940.5,2851.0,2932.5,136600.0
2023-06-29,74760,5865.0,5867.0,5675.0,5708.0,0,0,73000.0,417879800.0,1.0,2932.5,2933.5,2837.5,2854.0,146000.0
2023-06-30,74760,5680.0,5706.0,5624.0,5682.0,0,0,77800.0,440966400.0,1.0,2840.0,2853.0,2812.0,2841.0,155600.0
2023-07-03,74760,5782.0,5802.0,5698.0,5705.0,0,0,46500.0,266416300.0,1.0,2891.0,2901.0,2849.0,2852.5,93000.0
2023-07-04,74760,5647.0,5647.0,5563.0,5590.0,0,0,53100.0,296909900.0,1.0,2823.5,2823.5,2781.5,2795.0,106200.0
2023-07-05,74760,5490.0,5490.0,5430.0,5430.0,0,0,74000.0,403746300.0,1.0,2745.0,2745.0,2715.0,2715.0,148000.0
2023-07-06,74760,5400.0,5420.0,5301.0,5318.0,0,0,99200.0,531511300.0,1.0,2700.0,2710.0,2650.5,2659.0,198400.0
2023-07-07,74760,5292.0,5311.0,5244.0,5278.0,0,0,88900.0,468951900.0,1.0,2646.0,2655.5,2622.0,2639.0,177800.0
2023-07-10,74760,5315.0,5454.0,5301.0,5454.0,0,0,104600.0,566643900.0,1.0,2657.5,2727.0,2650.5,2727.0,209200.0
2023-07-11,74760,5524.0,5550.0,5431.0,5473.0,0,0,83100.0,455408100.0,1.0,2762.0,2775.0,2715.5,2736.5,166200.0
2023-07-12,74760,5481.0,5481.0,5404.0,5426.0,0,0,75700.0,411383900.0,1.0,2740.5,2740.5,2702.0,2713.0,151400.0
2023-07-13,74760,5441.0,5550.0,5400.0,5542.0,0,0,69600.0,382726700.0,1.0,2720.5,2775.0,2700.0,2771.0,139200.0
2023-07-14,74760,5523.0,5543.0,5437.0,5495.0,0,0,61700.0,338393200.0,1.0,2761.5,2771.5,2718.5,2747.5,123400.0
2023-07-18,74760,5502.0,5543.0,5448.0,5486.0,0,0,39200.0,214730900.0,1.0,2751.0,2771.5,2724.0,2743.0,78400.0
2023-07-19,74760,5555.0,5572.0,5482.0,5520.0,0,0,36700.0,202563600.0,1.0,2777.5,2786.0,2741.0,2760.0,73400.0
2023-07-20,74760,5540.0,5540.0,5475.0,5478.0,0,0,38700.0,212598600.0,1.0,2770.0,2770.0,2737.5,2739.0,77400.0
2023-07-21,74760,5428.0,5428.0,5369.0,5391.0,0,0,72100.0,388971500.0,1.0,2714.0,2714.0,2684.5,2695.5,144200.0
2023-07-24,74760,5478.0,5480.0,5402.0,5442.0,0,0,63700.0,346463700.0,1.0,2739.0,2740.0,2701.0,2721.0,127400.0
2023-07-25,74760,5477.0,5494.0,5458.0,5488.0,0,0,38000.0,208343000.0,1.0,2738.5,2747.0,2729.0,2744.0,76000.0
2023-07-26,74760,5500.0,5571.0,5485.0,5565.0,0,0,45900.0,254633700.0,1.0,2750.0,2785.5,2742.5,2782.5,91800.0
2023-07-27,74760,5546.0,5595.0,5539.0,5593.0,0,0,37800.0,210671600.0,1.0,2773.0,2797.5,2769.5,2796.5,75600.0
2023-07-28,74760,5494.0,5595.0,5488.0,5580.0,0,0,62900.0,348768600.0,1.0,2747.0,2797.5,2744.0,2790.0,125800.0
2023-07-31,74760,5642.0,5655.0,5582.0,5649.0,0,0,73500.0,413701800.0,1.0,2821.0,2827.5,2791.0,2824.5,147000.0
2023-08-01,74760,5648.0,5870.0,5611.0,5796.0,0,0,194700.0,1125223200.0,1.0,2824.0,2935.0,2805.5,2898.0,389400.0
2023-08-02,74760,5730.0,5794.0,5681.0,5757.0,0,0,110700.0,634936700.0,1.0,2865.0,2897.0,2840.5,2878.5,221400.0
2023-08-03,74760,5690.0,5758.0,5650.0,5698.0,0,0,115000.0,655537300.0,1.0,2845.0,2879.0,2825.0,2849.0,230000.0
2023-08-04,74760,5698.0,5706.0,5620.0,5706.0,0,0,70100.0,398710400.0,1.0,2849.0,2853.0,2810.0,2853.0,140200.0
2023-08-07,74760,5684.0,5794.0,5684.0,5794.0,0,0,42900.0,246859800.0,1.0,2842.0,2897.0,2842.0,2897.0,85800.0
2023-08-08,74760,5825.0,5825.0,5783.0,5785.0,0,0,37300.0,216354500.0,1.0,2912.5,2912.5,2891.5,2892.5,74600.0
2023-08-09,74760,5785.0,5785.0,5677.0,5718.0,0,0,44800.0,256097600.0,1.0,2892.5,2892.5,2838.5,2859.0,89600.0
2023-08-10,74760,5660.0,5698.0,5585.0,5698.0,0,0,47600.0,269187900.0,1.0,2830.0,2849.0,2792.5,2849.0,95200.0
2023-08-14,74760,5730.0,5764.0,5692.0,5709.0,0,0,54800.0,313074300.0,1.0,2865.0,2882.0,2846.0,2854.5,109600.0
2023-08-15,74760,5710.0,5742.0,5680.0,5742.0,0,0,47800.0,273194200.0,1.0,2855.0,2871.0,2840.0,2871.0,95600.0
2023-08-16,74760,5669.0,5669.0,5587.0,5620.0,0,0,54600.0,307215500.0,1.0,2834.5,2834.5,2793.5,2810.0,109200.0
2023-08-17,74760,5599.0,5610.0,5472.0,5520.0,0,0,68600.0,378986100.0,1.0,2799.5,2805.0,2736.0,2760.0,137200.0
2023-08-18,74760,5540.0,5556.0,5496.0,5532.0,0,0,38000.0,210150200.0,1.0,2770.0,2778.0,2748.0,2766.0,76000.0
2023-08-21,74760,5520.0,5575.0,5501.0,5540.0,0,0,52000.0,288069000.0,1.0,2760.0,2787.5,2750.5,2770.0,104000.0
2023-08-22,74760,5574.0,5645.0,5551.0,5625.0,0,0,62400.0,350601200.0,1.0,2787.0,2822.5,2775.5,2812.5,124800.0
2023-08-23,74760,5581.0,5745.0,5581.0,5736.0,0,0,58200.0,332026200.0,1.0,2790.5,2872.5,2790.5,2868.0,116400.0
2023-08-24,74760,5658.0,5689.0,5532.0,5654.0,0,0,162700.0,913019600.0,1.0,2829.0,2844.5,2766.0,2827.0,325400.0
2023-08-25,74760,5594.0,5688.0,5561.0,5668.0,0,0,58300.0,329571200.0,1.0,2797.0,2844.0,2780.5,2834.0,116600.0
2023-08-28,74760,5715.0,5763.0,5687.0,5760.0,0,0,35300.0,202671000.0,1.0,2857.5,2881.5,2843.5,2880.0,70600.0
2023-08-29,74760,5763.0,5844.0,5755.0,5844.0,0,0,50600.0,293876400.0,1.0,2881.5,2922.0,2877.5,2922.0,101200.0
2023-08-30,74760,5845.0,5870.0,5797.0,5836.0,0,0,60200.0,351248700.0,1.0,2922.5,2935.0,2898.5,2918.0,120400.0
2023-08-31,74760,5830.0,5830.0,5683.0,5721.0,0,0,54100.0,309468600.0,1.0,2915.0,2915.0,2841.5,2860.5,108200.0
2023-09-01,74760,5722.0,5814.0,5692.0,5805.0,0,0,62900.0,363460100.0,1.0,2861.0,2907.0,2846.0,2902.5,125800.0
2023-09-04,74760,5806.0,5826.0,5775.0,5815.0,0,0,51600.0,299512400.0,1.0,2903.0,2913.0,2887.5,2907.5,103200.0
2023-09-05,74760,5810.0,5844.0,5786.0,5842.0,0,0,57400.0,334144600.0,1.0,2905.0,2922.0,2893.0,2921.0,114800.0
2023-09-06,74760,5842.0,5915.0,5832.0,5899.0,0,0,43600.0,256754900.0,1.0,2921.0,2957.5,2916.0,2949.5,87200.0
2023-09-07,74760,5842.0,5850.0,5782.0,5827.0,0,0,94100.0,547407000.0,1.0,2921.0,2925.0,2891.0,2913.5,188200.0
2023-09-08,74760,5740.0,5821.0,5714.0,5759.0,0,0,131500.0,756184900.0,1.0,2870.0,2910.5,2857.0,2879.5,263000.0
2023-09-11,74760,5761.0,5784.0,5725.0,5780.0,0,0,93000.0,535841800.0,1.0,2880.5,2892.0,2862.5,2890.0,186000.0
2023-09-12,74760,5850.0,5864.0,5775.0,5850.0,0,0,63900.0,372226200.0,1.0,2925.0,2932.0,2887.5,2925.0,127800.0
2023-09-13,74760,5810.0,5851.0,5789.0,5805.0,0,0,64900.0,377314900.0,1.0,2905.0,2925.5,2894.5,2902.5,129800.0
2023-09-14,74760,5793.0,5846.0,5715.0,5807.0,0,0,71300.0,412473400.0,1.0,2896.5,2923.0,2857.5,2903.5,142600.0
2023-09-15,74760,5808.0,5895.0,5764.0,5876.0,0,0,130100.0,761365300.0,1.0,2904.0,2947.5,2882.0,2938.0,260200.0
2023-09-19,74760,5841.0,5888.0,5780.0,5831.0,0,0,144300.0,838952900.0,1.0,2920.5,2944.0,2890.0,2915.5,288600.0
2023-09-20,74760,5802.0,5802.0,5709.0,5760.0,0,0,153500.0,884150300.0,1.0,2901.0,2901.0,2854.5,2880.0,307000.0
2023-09-21,74760,5760.0,5779.0,5464.0,5464.0,0,0,120800.0,674826400.0,1.0,2880.0,2889.5,2732.0,2732.0,241600.0
2023-09-22,74760,5381.0,5417.0,5344.0,5372.0,0,0,110700.0,594678800.0,1.0,2690.5,2708.5,2672.0,2686.0,221400.0
2023-09-25,74760,5382.0,5545.0,5382.0,5545.0,0,0,124600.0,682796500.0,1.0,2691.0,2772.5,2691.0,2772.5,249200.0
2023-09-26,74760,5545.0,5605.0,5517.0,5536.0,0,0,103700.0,576579200.0,1.0,2772.5,2802.5,2758.5,2768.0,207400.0
2023-09-27,74760,5455.0,5537.0,5450.0,5528.0,0,0,157400.0,862611300.0,1.0,2727.5,2768.5,2725.0,2764.0,314800.0
2023-09-28,74760,5420.0,5447.0,5353.0,5367.0,0,0,73500.0,395900300.0,1.0,2710.0,2723.5,2676.5,2683.5,147000.0
2023-09-29,74760,5428.0,5498.0,5368.0,5460.0,0,0,70500.0,383894200.0,1.0,2714.0,2749.0,2684.0,2730.0,141000.0
2023-10-02,74760,5474.0,5496.0,5284.0,5288.0,0,0,82400.0,441107100.0,1.0,2737.0,2748.0,2642.0,2644.0,164800.0
2023-10-03,74760,5265.0,5265.0,5167.0,5171.0,0,0,87300.0,454786300.0,1.0,2632.5,2632.5,2583.5,2585.5,174600.0
2023-10-04,74760,5175.0,5258.0,5144.0,5181.0,0,0,85800.0,446527500.0,1.0,2587.5,2629.0,2572.0,2590.5,171600.0
2023-10-05,74760,5251.0,5313.0,5215.0,5297.0,0,0,99000.0,522906300.0,1.0,2625.5,2656.5,2607.5,2648.5,198000.0
2023-10-06,74760,5315.0,5358.0,5308.0,5347.0,0,0,69200.0,369484900.0,1.0,2657.5,2679.0,2654.0,2673.5,138400.0
2023-10-10,74760,5384.0,5457.0,5384.0,5393.0,0,0,104000.0,562866100.0,1.0,2692.0,2728.5,2692.0,2696.5,208000.0
2023-10-11,74760,5335.0,5339.0,5135.0,5167.0,0,0,140000.0,726576800.0,1.0,2667.5,2669.5,2567.5,2583.5,280000.0
2023-10-12,74760,5200.0,5234.0,5160.0,5193.0,0,0,83500.0,434446700.0,1.0,2600.0,2617.0,2580.0,2596.5,167000.0
2023-10-13,74760,5135.0,5135.0,5015.0,5015.0,0,0,103500.0,524768700.0,1.0,2567.5,2567.5,2507.5,2507.5,207000.0
2023-10-16,74760,4998.0,4998.0,4845.0,4872.0,0,0,108500.0,530251900.0,1.0,2499.0,2499.0,2422.5,2436.0,217000.0
2023-10-17,74760,4890.0,4958.0,4858.0,4900.0,0,0,92800.0,455106500.0,1.0,2445.0,2479.0,2429.0,2450.0,185600.0
2023-10-18,74760,4890.0,4898.0,4816.0,4885.0,0,0,134900.0,655507600.0,1.0,2445.0,2449.0,2408.0,2442.5,269800.0
2023-10-19,74760,4786.0,4853.0,4758.0,4768.0,0,0,85800.0,410827900.0,1.0,2393.0,2426.5,2379.0,2384.0,171600.0
2023-10-20,74760,4737.0,4743.0,4688.0,4694.0,0,0,68300.0,321918200.0,1.0,2368.5,2371.5,2344.0,2347.0,136600.0
2023-10-23,74760,4688.0,4722.0,4610.0,4635.0,0,0,73500.0,342189800.0,1.0,2344.0,2361.0,2305.0,2317.5,147000.0
2023-10-24,74760,4647.0,4734.0,4548.0,4722.0,0,0,92000.0,428457400.0,1.0,2323.5,2367.0,2274.0,2361.0,184000.0
2023-10-25,74760,4730.0,4767.0,4691.0,4709.0,0,0,106800.0,505700400.0,1.0,2365.0,2383.5,2345.5,2354.5,213600.0
2023-10-26,74760,4711.0,4774.0,4677.0,4723.0,0,0,95000.0,447926500.0,1.0,2355.5,2387.0,2338.5,2361.5,190000.0
2023-10-27,74760,4793.0,4793.0,4712.0,4768.0,0,0,95500.0,454649500.0,1.0,2396.5,2396.5,2356.0,2384.0,191000.0
2023-10-30,74760,4729.0,4762.0,4692.0,4706.0,0,0,373100.0,1756551900.0,1.0,2364.5,2381.0,2346.0,2353.0,746200.0
2023-10-31,74760,4720.0,4779.0,4671.0,4779.0,0,0,105100.0,496894400.0,1.0,2360.0,2389.5,2335.5,2389.5,210200.0
2023-11-01,74760,4935.0,4985.0,4845.0,4870.0,0,0,164700.0,805804400.0,1.0,2467.5,2492.5,2422.5,2435.0,329400.0
2023-11-02,74760,4854.0,4920.0,4818.0,4919.0,0,0,77800.0,380842700.0,1.0,2427.0,2460.0,2409.0,2459.5,155600.0
2023-11-06,74760,4989.0,5037.0,4892.0,5005.0,0,0,124400.0,621824800.0,1.0,2494.5,2518.5,2446.0,2502.5,248800.0
2023-11-07,74760,4957.0,5020.0,4941.0,4995.0,0,0,70200.0,350361100.0,1.0,2478.5,2510.0,2470.5,2497.5,140400.0
2023-11-08,74760,5029.0,5095.0,5002.0,5071.0,0,0,80500.0,407590600.0,1.0,2514.5,2547.5,2501.0,2535.5,161000.0
2023-11-09,74760,5063.0,5108.0,5024.0,5094.0,0,0,52000.0,263874100.0,1.0,2531.5,2554.0,2512.0,2547.0,104000.0
2023-11-10,74760,5046.0,5095.0,5020.0,5095.0,0,0,81600.0,413104500.0,1.0,2523.0,2547.5,2510.0,2547.5,163200.0
2023-11-13,74760,5107.0,5113.0,4967.0,4973.0,0,0,73600.0,368802100.0,1.0,2553.5,2556.5,2483.5,2486.5,147200.0
2023-11-14,74760,5011.0,5011.0,4856.0,4905.0,0,0,67100.0,329186400.0,1.0,2505.5,2505.5,2428.0,2452.5,134200.0
2023-11-15,74760,5019.0,5026.0,4961.0,4995.0,0,0,53300.0,266178200.0,1.0,2509.5,2513.0,2480.5,2497.5,106600.0
2023-11-16,74760,4995.0,4995.0,4930.0,4984.0,0,0,46300.0,230392500.0,1.0,2497.5,2497.5,2465.0,2492.0,92600.0
2023-11-17,74760,4982.0,5047.0,4982.0,5037.0,0,0,46200.0,232256300.0,1.0,2491.0,2523.5,2491.0,2518.5,92400.0
2023-11-20,74760,5012.0,5052.0,4995.0,5038.0,0,0,62700.0,315035200.0,1.0,2506.0,2526.0,2497.5,2519.0,125400.0
2023-11-21,74760,5029.0,5113.0,5013.0,5101.0,0,0,55100.0,279174500.0,1.0,2514.5,2556.5,2506.5,2550.5,110200.0
2023-11-22,74760,5102.0,5148.0,5064.0,5064.0,0,0,40400.0,206092200.0,1.0,2551.0,2574.0,2532.0,2532.0,80800.0
2023-11-24,74760,5065.0,5099.0,5056.0,5069.0,0,0,30300.0,153741100.0,1.0,2532.5,2549.5,2528.0,2534.5,60600.0
2023-11-27,74760,5070.0,5105.0,5002.0,5023.0,0,0,47000.0,236551600.0,1.0,2535.0,2552.5,2501.0,2511.5,94000.0
2023-11-28,74760,5022.0,5059.0,4916.0,5018.0,0,0,76500.0,380171800.0,1.0,2511.0,2529.5,2458.0,2509.0,153000.0
2023-11-29,74760,5014.0,5120.0,5014.0,5096.0,0,0,45300.0,230889200.0,1.0,2507.0,2560.0,2507.0,2548.0,90600.0
2023-11-30,74760,5036.0,5074.0,4936.0,5072.0,0,0,72600.0,365626500.0,1.0,2518.0,2537.0,2468.0,2536.0,145200.0
2023-12-01,74760,5137.0,5147.0,5075.0,5077.0,0,0,64200.0,328065400.0,1.0,2568.5,2573.5,2537.5,2538.5,128400.0
2023-12-04,74760,4977.0,5013.0,4942.0,4984.0,0,0,60600.0,302288000.0,1.0,2488.5,2506.5,2471.0,2492.0,121200.0
2023-12-05,74760,5054.0,5080.0,4934.0,4961.0,0,0,120000.0,597563900.0,1.0,2527.0,2540.0,2467.0,2480.5,240000.0
2023-12-06,74760,4971.0,5209.0,4971.0,5200.0,0,0,123600.0,633662000.0,1.0,2485.5,2604.5,2485.5,2600.0,247200.0
2023-12-07,74760,5128.0,5178.0,5120.0,5172.0,0,0,75100.0,387476700.0,1.0,2564.0,2589.0,2560.0,2586.0,150200.0
2023-12-08,74760,5210.0,5274.0,5177.0,5267.0,0,0,142800.0,748441600.0,1.0,2605.0,2637.0,2588.5,2633.5,285600.0
2023-12-11,74760,5275.0,5370.0,5268.0,5352.0,0,0,97500.0,520520800.0,1.0,2637.5,2685.0,2634.0,2676.0,195000.0
2023-12-12,74760,5366.0,5372.0,5240.0,5318.0,0,0,102200.0,543150800.0,1.0,2683.0,2686.0,2620.0,2659.0,204400.0
2023-12-13,74760,5351.0,5370.0,5316.0,5318.0,0,0,47900.0,255216400.0,1.0,2675.5,2685.0,2658.0,2659.0,95800.0
2023-12-14,74760,5294.0,5377.0,5294.0,5362.0,0,0,92700.0,496584100.0,1.0,2647.0,2688.5,2647.0,2681.0,185400.0
2023-12-15,74760,5364.0,5380.0,5316.0,5380.0,0,0,85300.0,457664500.0,1.0,2682.0,2690.0,2658.0,2690.0,170600.0
2023-12-18,74760,5325.0,5345.0,5244.0,5307.0,0,0,63100.0,334026900.0,1.0,2662.5,2672.5,2622.0,2653.5,126200.0
2023-12-19,74760,5335.0,5360.0,5297.0,5350.0,0,0,51100.0,272767500.0,1.0,2667.5,2680.0,2648.5,2675.0,102200.0
2023-12-20,74760,5385.0,5434.0,5359.0,5373.0,0,0,67000.0,360784600.0,1.0,2692.5,2717.0,2679.5,2686.5,134000.0
2023-12-21,74760,5325.0,5358.0,5296.0,5351.0,0,0,49000.0,261520400.0,1.0,2662.5,2679.0,2648.0,2675.5,98000.0
2023-12-22,74760,5351.0,5425.0,5334.0,5405.0,0,0,46800.0,252658100.0,1.0,2675.5,2712.5,2667.0,2702.5,93600.0
2023-12-25,74760,5425.0,5460.0,5367.0,5374.0,0,0,52800.0,284950000.0,1.0,2712.5,2730.0,2683.5,2687.0,105600.0
2023-12-26,74760,5370.0,5457.0,5370.0,5419.0,0,0,42500.0,230587100.0,1.0,2685.0,2728.5,2685.0,2709.5,85000.0
2023-12-27,74760,5459.0,5610.0,5459.0,5609.0,0,0,89600.0,498694900.0,1.0,2729.5,2805.0,2729.5,2804.5,179200.0
2023-12-28,74760,5585.0,5596.0,5519.0,5584.0,0,0,29700.0,165223500.0,1.0,2792.5,2798.0,2759.5,2792.0,59400.0
2023-12-29,74760,5599.0,5610.0,5564.0,5600.0,0,0,46700.0,261353500.0,1.0,2799.5,2805.0,2782.0,2800.0,93400.0
2024-01-04,74760,5512.0,5513.0,5410.0,5428.0,0,0,71600.0,389334000.0,1.0,2756.0,2756.5,2705.0,2714.0,143200.0
2024-01-05,74760,5428.0,5442.0,5371.0,5421.0,0,0,83400.0,452270900.0,1.0,2714.0,2721.0,2685.5,2710.5,166800.0
2024-01-09,74760,5510.0,5563.0,5422.0,5481.0,0,0,81900.0,451469100.0,1.0,2755.0,2781.5,2711.0,2740.5,163800.0
2024-01-10,74760,5478.0,5512.0,5411.0,5495.0,0,0,94500.0,517627700.0,1.0,2739.0,2756.0,2705.5,2747.5,189000.0
2024-01-11,74760,5557.0,5583.0,5502.0,5528.0,0,0,71900.0,398411000.0,1.0,2778.5,2791.5,2751.0,2764.0,143800.0
2024-01-12,74760,5556.0,5575.0,5434.0,5564.0,0,0,52600.0,291323900.0,1.0,2778.0,2787.5,2717.0,2782.0,105200.0
2024-01-15,74760,5536.0,5604.0,5508.0,5601.0,0,0,37500.0,209171000.0,1.0,2768.0,2802.0,2754.0,2800.5,75000.0
2024-01-16,74760,5583.0,5612.0,5541.0,5579.0,0,0,49500.0,276142300.0,1.0,2791.5,2806.0,2770.5,2789.5,99000.0
2024-01-17,74760,5612.0,5669.0,5581.0,5581.0,0,0,73700.0,414492300.0,1.0,2806.0,2834.5,2790.5,2790.5,147400.0
2024-01-18,74760,5490.0,5498.0,5417.0,5417.0,0,0,47700.0,259163100.0,1.0,2745.0,2749.0,2708.5,2708.5,95400.0
2024-01-19,74760,5417.0,5490.0,5417.0,5428.0,0,0,43600.0,237419200.0,1.0,2708.5,2745.0,2708.5,2714.0,87200.0
2024-01-22,74760,5489.0,5529.0,5461.0,5518.0,0,0,31400.0,172831000.0,1.0,2744.5,2764.5,2730.5,2759.0,62800.0
2024-01-23,74760,5523.0,5660.0,5523.0,5643.0,0,0,43800.0,246454200.0,1.0,2761.5,2830.0,2761.5,2821.5,87600.0
2024-01-24,74760,5631.0,5639.0,5520.0,5589.0,0,0,49900.0,278919100.0,1.0,2815.5,2819.5,2760.0,2794.5,99800.0
2024-01-25,74760,5589.0,5589.0,5510.0,5558.0,0,0,28200.0,156669800.0,1.0,2794.5,2794.5,2755.0,2779.0,56400.0
2024-01-26,74760,5550.0,5627.0,5534.0,5557.0,0,0,36500.0,203438000.0,1.0,2775.0,2813.5,2767.0,2778.5,73000.0
2024-01-29,74760,5577.0,5579.0,5513.0,5544.0,0,0,24100.0,133768900.0,1.0,2788.5,2789.5,2756.5,2772.0,48200.0
2024-01-30,74760,5590.0,5650.0,5588.0,5620.0,0,0,43800.0,246341100.0,1.0,2795.0,2825.0,2794.0,2810.0,87600.0
2024-01-31,74760,5593.0,5611.0,5521.0,5607.0,0,0,51300.0,286033800.0,1.0,2796.5,2805.5,2760.5,2803.5,102600.0
2024-02-01,74760,5407.0,5531.0,5324.0,5435.0,0,0,152800.0,830639100.0,1.0,2703.5,2765.5,2662.0,2717.5,305600.0
2024-02-02,74760,5439.0,5552.0,5431.0,5443.0,0,0,66700.0,365412100.0,1.0,2719.5,2776.0,2715.5,2721.5,133400.0
2024-02-05,74760,5543.0,5640.0,5487.0,5605.0,0,0,65700.0,368164700.0,1.0,2771.5,2820.0,2743.5,2802.5,131400.0
2024-02-06,74760,5602.0,5602.0,5473.0,5501.0,0,0,59000.0,325014300.0,1.0,2801.0,2801.0,2736.5,2750.5,118000.0
2024-02-07,74760,5507.0,5580.0,5465.0,5497.0,0,0,57000.0,313647800.0,1.0,2753.5,2790.0,2732.5,2748.5,114000.0
2024-02-08,74760,5497.0,5550.0,5438.0,5464.0,0,0,85500.0,469529000.0,1.0,2748.5,2775.0,2719.0,2732.0,171000.0
2024-02-09,74760,5364.0,5398.0,5272.0,5322.0,0,0,111100.0,592142100.0,1.0,2682.0,2699.0,2636.0,2661.0,222200.0
2024-02-13,74760,5335.0,5369.0,5241.0,5338.0,0,0,95000.0,505009300.0,1.0,2667.5,2684.5,2620.5,2669.0,190000.0
2024-02-14,74760,5326.0,5326.0,5210.0,5311.0,0,0,61300.0,323525000.0,1.0,2663.0,2663.0,2605.0,2655.5,122600.0
2024-02-15,74760,5311.0,5376.0,5273.0,5313.0,0,0,55500.0,294935500.0,1.0,2655.5,2688.0,2636.5,2656.5,111000.0
2024-02-16,74760,5359.0,5410.0,5281.0,5367.0,0,0,62800.0,336631700.0,1.0,2679.5,2705.0,2640.5,2683.5,125600.0
2024-02-19,74760,5282.0,5347.0,5194.0,5239.0,0,0,59900.0,314333100.0,1.0,2641.0,2673.5,2597.0,2619.5,119800.0
2024-02-20,74760,5243.0,5316.0,5200.0,5289.0,0,0,53100.0,280192600.0,1.0,2621.5,2658.0,2600.0,2644.5,106200.0
2024-02-21,74760,5250.0,5309.0,5151.0,5216.0,0,0,41700.0,217507400.0,1.0,2625.0,2654.5,2575.5,2608.0,83400.0
2024-02-22,74760,5216.0,5282.0,5192.0,5262.0,0,0,49900.0,261919600.0,1.0,2608.0,2641.0,2596.0,2631.0,99800.0
2024-02-26,74760,5262.0,5356.0,5262.0,5285.0,0,0,63100.0,334439500.0,1.0,2631.0,2678.0,2631.0,2642.5,126200.0
2024-02-27,74760,5287.0,5347.0,5240.0,5309.0,0,0,57000.0,302491500.0,1.0,2643.5,2673.5,2620.0,2654.5,114000.0
2024-02-28,74760,5285.0,5385.0,5214.0,5233.0,0,0,43100.0,225954000.0,1.0,2642.5,2692.5,2607.0,2616.5,86200.0
2024-02-29,74760,5204.0,5240.0,5149.0,5218.0,0,0,54000.0,280864600.0,1.0,2602.0,2620.0,2574.5,2609.0,108000.0
2024-03-01,74760,5239.0,5333.0,5190.0,5199.0,0,0,46000.0,240039400.0,1.0,2619.5,2666.5,2595.0,2599.5,92000.0
2024-03-04,74760,5160.0,5234.0,5094.0,5112.0,0,0,72200.0,370789200.0,1.0,2580.0,2617.0,2547.0,2556.0,144400.0
2024-03-05,74760,5079.0,5079.0,4976.0,5002.0,0,0,79100.0,396292800.0,1.0,2539.5,2539.5,2488.0,2501.0,158200.0
2024-03-06,74760,4979.0,5051.0,4960.0,5023.0,0,0,58500.0,293882600.0,1.0,2489.5,2525.5,2480.0,2511.5,117000.0
2024-03-07,74760,5050.0,5156.0,5028.0,5115.0,0,0,37600.0,191989100.0,1.0,2525.0,2578.0,2514.0,2557.5,75200.0
2024-03-08,74760,5062.0,5075.0,4965.0,5035.0,0,0,76500.0,385830400.0,1.0,2531.0,2537.5,2482.5,2517.5,153000.0
2024-03-11,74760,4999.0,5063.0,4974.0,5060.0,0,0,57100.0,287031600.0,1.0,2499.5,2531.5,2487.0,2530.0,114200.0
2024-03-12,74760,5103.0,5191.0,5013.0,5191.0,0,0,55000.0,282237800.0,1.0,2551.5,2595.5,2506.5,2595.5,110000.0
2024-03-13,74760,5235.0,5455.0,5200.0,5395.0,0,0,137200.0,734996600.0,1.0,2617.5,2727.5,2600.0,2697.5,274400.0
2024-03-14,74760,5416.0,5572.0,5410.0,5503.0,0,0,94100.0,517833500.0,1.0,2708.0,2786.0,2705.0,2751.5,188200.0
2024-03-15,74760,5503.0,5582.0,5463.0,5493.0,0,0,69000.0,380486800.0,1.0,2751.5,2791.0,2731.5,2746.5,138000.0
2024-03-18,74760,5585.0,5656.0,5584.0,5596.0,0,0,33700.0,188894900.0,1.0,2792.5,2828.0,2792.0,2798.0,67400.0
2024-03-19,74760,5521.0,5639.0,5521.0,5598.0,0,0,43600.0,243550800.0,1.0,2760.5,2819.5,2760.5,2799.0,87200.0
2024-03-21,74760,5627.0,5650.0,5518.0,5526.0,0,0,64700.0,359790700.0,1.0,2813.5,2825.0,2759.0,2763.0,129400.0
2024-03-22,74760,5550.0,5578.0,5470.0,5507.0,0,0,67000.0,369734600.0,1.0,2775.0,2789.0,2735.0,2753.5,134000.0
2024-03-25,74760,5467.0,5471.0,5311.0,5355.0,0,0,68900.0,369849900.0,1.0,2733.5,2735.5,2655.5,2677.5,137800.0
2024-03-26,74760,5354.0,5413.0,5320.0,5379.0,0,0,33200.0,178541100.0,1.0,2677.0,2706.5,2660.0,2689.5,66400.0
2024-03-27,74760,5479.0,5550.0,5448.0,5486.0,0,0,83100.0,457043500.0,1.0,2739.5,2775.0,2724.0,2743.0,166200.0
2024-03-28,74760,2676.0,2701.5,2642.0,2642.0,0,0,108200.0,287947600.0,0.5,2676.0,2701.5,2642.0,2642.0,108200.0
2024-03-29,74760,2640.0,2676.5,2619.0,2656.0,0,0,92500.0,245026400.0,1.0,2640.0,2676.5,2619.0,2656.0,92500.0
2024-04-01,74760,2656.0,2656.0,2592.0,2605.0,0,0,84600.0,221032700.0,1.0,2656.0,2656.0,2592.0,2605.0,84600.0
2024-04-02,74760,2575.0,2583.0,2535.0,2555.5,0,0,129200.0,330100950.0,1.0,2575.0,2583.0,2535.0,2555.5,129200.0
2024-04-03,74760,2550.0,2573.5,2520.0,2539.5,0,0,96400.0,245094150.0,1.0,2550.0,2573.5,2520.0,2539.5,96400.0
2024-04-04,74760,2535.0,2591.0,2516.0,2535.5,0,0,112900.0,286875150.0,1.0,2535.0,2591.0,2516.0,2535.5,112900.0
2024-04-05,74760,2531.0,2615.5,2529.5,2612.0,0,0,95200.0,246329000.0,1.0,2531.0,2615.5,2529.5,2612.0,95200.0
2024-04-08,74760,2642.5,2659.0,2576.0,2589.0,0,0,115900.0,301493700.0,1.0,2642.5,2659.0,2576.0,2589.0,115900.0
2024-04-09,74760,2607.0,2621.5,2583.0,2605.5,0,0,70400.0,183376650.0,1.0,2607.0,2621.5,2583.0,2605.5,70400.0
2024-04-10,74760,2606.5,2637.0,2593.0,2601.0,0,0,48800.0,127070850.0,1.0,2606.5,2637.0,2593.0,2601.0,48800.0
2024-04-11,74760,2558.5,2609.0,2551.5,2594.5,0,0,89600.0,232287250.0,1.0,2558.5,2609.0,2551.5,2594.5,89600.0
2024-04-12,74760,2578.0,2651.5,2578.0,2625.0,0,0,102100.0,267189050.0,1.0,2578.0,2651.5,2578.0,2625.0,102100.0
2024-04-15,74760,2598.0,2636.0,2598.0,2631.5,0,0,82700.0,217061550.0,1.0,2598.0,2636.0,2598.0,2631.5,82700.0
2024-04-16,74760,2647.0,2700.0,2625.5,2691.0,0,0,132900.0,355307500.0,1.0,2647.0,2700.0,2625.5,2691.0,132900.0
2024-04-17,74760,2699.0,2702.0,2582.5,2587.0,0,0,101200.0,263760650.0,1.0,2699.0,2702.0,2582.5,2587.0,101200.0
2024-04-18,74760,2587.0,2629.0,2570.5,2576.5,0,0,75700.0,196268300.0,1.0,2587.0,2629.0,2570.5,2576.5,75700.0
2024-04-19,74760,2538.0,2550.0,2475.5,2506.0,0,0,108600.0,272139300.0,1.0,2538.0,2550.0,2475.5,2506.0,108600.0
2024-04-22,74760,2556.0,2568.5,2538.5,2556.5,0,0,78100.0,199544350.0,1.0,2556.0,2568.5,2538.5,2556.5,78100.0
2024-04-23,74760,2556.5,2589.5,2556.5,2575.5,0,0,94900.0,244274000.0,1.0,2556.5,2589.5,2556.5,2575.5,94900.0
2024-04-24,74760,2575.0,2579.0,2551.5,2561.0,0,0,87300.0,223777650.0,1.0,2575.0,2579.0,2551.5,2561.0,87300.0
2024-04-25,74760,2551.0,2551.0,2501.0,2519.0,0,0,113100.0,285121350.0,1.0,2551.0,2551.0,2501.0,2519.0,113100.0
2024-04-26,74760,2519.0,2605.0,2509.5,2593.5,0,0,189200.0,488480350.0,1.0,2519.0,2605.0,2509.5,2593.5,189200.0
2024-04-30,74760,2604.5,2641.5,2591.0,2612.5,0,0,82800.0,216480650.0,1.0,2604.5,2641.5,2591.0,2612.5,82800.0
2024-05-01,74760,2596.0,2598.5,2571.5,2580.0,0,0,59300.0,153200100.0,1.0,2596.0,2598.5,2571.5,2580.0,59300.0
2024-05-02,74760,2598.5,2598.5,2553.5,2587.0,0,0,77800.0,200590400.0,1.0,2598.5,2598.5,2553.5,2587.0,77800.0
2024-05-07,74760,2613.5,2645.0,2601.5,2639.5,0,0,123700.0,324711000.0,1.0,2613.5,2645.0,2601.5,2639.5,123700.0
2024-05-08,74760,2615.0,2629.5,2583.5,2604.5,0,0,85700.0,222912600.0,1.0,2615.0,2629.5,2583.5,2604.5,85700.0
2024-05-09,74760,2618.0,2646.5,2598.0,2617.0,0,0,63400.0,165940850.0,1.0,2618.0,2646.5,2598.0,2617.0,63400.0
2024-05-10,74760,2640.0,2658.5,2623.0,2638.0,0,0,71300.0,188123800.0,1.0,2640.0,2658.5,2623.0,2638.0,71300.0
2024-05-13,74760,2604.5,2641.5,2604.5,2637.5,0,0,66300.0,174040150.0,1.0,2604.5,2641.5,2604.5,2637.5,66300.0
2024-05-14,74760,2617.0,2678.5,2604.5,2672.0,0,0,100700.0,268106400.0,1.0,2617.0,2678.5,2604.5,2672.0,100700.0
2024-05-15,74760,2670.0,2671.5,2463.5,2491.0,0,0,331500.0,834307450.0,1.0,2670.0,2671.5,2463.5,2491.0,331500.0
2024-05-16,74760,2520.0,2598.5,2512.5,2537.5,0,0,145800.0,372729750.0,1.0,2520.0,2598.5,2512.5,2537.5,145800.0
2024-05-17,74760,2510.0,2538.5,2483.5,2487.0,0,0,108700.0,271444000.0,1.0,2510.0,2538.5,2483.5,2487.0,108700.0
2024-05-20,74760,2463.5,2468.5,2427.5,2429.0,0,0,167000.0,408721750.0,1.0,2463.5,2468.5,2427.5,2429.0,167000.0
2024-05-21,74760,2430.0,2447.5,2390.0,2420.0,0,0,131600.0,318420050.0,1.0,2430.0,2447.5,2390.0,2420.0,131600.0
2024-05-22,74760,2418.0,2446.5,2402.5,2437.0,0,0,118100.0,287113350.0,1.0,2418.0,2446.5,2402.5,2437.0,118100.0
2024-05-23,74760,2434.5,2435.0,2356.0,2357.5,0,0,131600.0,313316250.0,1.0,2434.5,2435.0,2356.0,2357.5,131600.0
2024-05-24,74760,2307.5,2393.0,2305.0,2372.0,0,0,114000.0,268486750.0,1.0,2307.5,2393.0,2305.0,2372.0,114000.0
2024-05-27,74760,2373.0,2430.5,2368.5,2426.0,0,0,132200.0,318077600.0,1.0,2373.0,2430.5,2368.5,2426.0,132200.0
2024-05-28,74760,2415.0,2452.0,2392.0,2407.5,0,0,114300.0,275468950.0,1.0,2415.0,2452.0,2392.0,2407.5,114300.0
2024-05-29,74760,2369.0,2388.0,2336.0,2340.0,0,0,102900.0,241940100.0,1.0,2369.0,2388.0,2336.0,2340.0,102900.0
2024-05-30,74760,2390.0,2436.5,2358.0,2433.5,0,0,190000.0,457465850.0,1.0,2390.0,2436.5,2358.0,2433.5,190000.0
2024-05-31,74760,2458.0,2495.0,2441.5,2489.5,0,0,190100.0,471932450.0,1.0,2458.0,2495.0,2441.5,2489.5,190100.0
2024-06-03,74760,2488.5,2516.5,2481.0,2506.5,0,0,117700.0,294406250.0,1.0,2488.5,2516.5,2481.0,2506.5,117700.0
2024-06-04,74760,2470.0,2506.0,2465.5,2496.5,0,0,85400.0,212946050.0,1.0,2470.0,2506.0,2465.5,2496.5,85400.0
2024-06-05,74760,2510.0,2544.5,2495.0,2537.0,0,0,152000.0,384488600.0,1.0,2510.0,2544.5,2495.0,2537.0,152000.0
2024-06-06,74760,2560.0,2592.5,2536.0,2560.0,0,0,161000.0,411525750.0,1.0,2560.0,2592.5,2536.0,2560.0,161000.0
2024-06-07,74760,2560.0,2666.5,2560.0,2663.0,0,0,204600.0,538988300.0,1.0,2560.0,2666.5,2560.0,2663.0,204600.0
2024-06-10,74760,2670.0,2748.0,2662.5,2743.5,0,0,221400.0,602444950.0,1.0,2670.0,2748.0,2662.5,2743.5,221400.0
2024-06-11,74760,2742.5,2795.0,2727.0,2729.5,0,0,248400.0,685826850.0,1.0,2742.5,2795.0,2727.0,2729.5,248400.0
2024-06-12,74760,2632.0,2686.5,2617.5,2638.0,0,0,161600.0,428211200.0,1.0,2632.0,2686.5,2617.5,2638.0,161600.0
2024-06-13,74760,2653.5,2669.5,2589.5,2623.0,0,0,161400.0,423841400.0,1.0,2653.5,2669.5,2589.5,2623.0,161400.0
2024-06-14,74760,2573.0,2643.5,2573.0,2638.0,0,0,252100.0,657939400.0,1.0,2573.0,2643.5,2573.0,2638.0,252100.0
2024-06-17,74760,2594.0,2621.5,2529.5,2613.0,0,0,219400.0,564808750.0,1.0,2594.0,2621.5,2529.5,2613.0,219400.0
2024-06-18,74760,2663.0,2674.0,2630.0,2636.5,0,0,112100.0,296482450.0,1.0,2663.0,2674.0,2630.0,2636.5,112100.0
2024-06-19,74760,2650.0,2685.0,2629.0,2653.0,0,0,121100.0,322031650.0,1.0,2650.0,2685.0,2629.0,2653.0,121100.0
2024-06-20,74760,2665.0,2709.0,2653.5,2699.5,0,0,141900.0,381028950.0,1.0,2665.0,2709.0,2653.5,2699.5,141900.0
2024-06-21,74760,2709.0,2791.0,2709.0,2733.5,0,0,797300.0,2186894300.0,1.0,2709.0,2791.0,2709.0,2733.5,797300.0
2024-06-24,74760,2776.0,2804.5,2734.0,2782.0,0,0,210200.0,585424450.0,1.0,2776.0,2804.5,2734.0,2782.0,210200.0
2024-06-25,74760,2806.5,2851.0,2800.5,2834.0,0,0,227500.0,644771450.0,1.0,2806.5,2851.0,2800.5,2834.0,227500.0
2024-06-26,74760,2818.0,2844.0,2781.5,2844.0,0,0,208700.0,589146950.0,1.0,2818.0,2844.0,2781.5,2844.0,208700.0
2024-06-27,74760,2804.0,2853.0,2793.5,2845.5,0,0,241600.0,683109500.0,1.0,2804.0,2853.0,2793.5,2845.5,241600.0
2024-06-28,74760,2856.5,2894.5,2834.0,2867.0,0,0,228000.0,653132900.0,1.0,2856.5,2894.5,2834.0,2867.0,228000.0
2024-07-01,74760,2887.0,2889.0,2830.5,2877.5,0,0,221800.0,635115500.0,1.0,2887.0,2889.0,2830.5,2877.5,221800.0
2024-07-02,74760,2863.5,2932.0,2847.5,2923.0,0,0,239400.0,696418450.0,1.0,2863.5,2932.0,2847.5,2923.0,239400.0
2024-07-03,74760,2905.0,2959.0,2870.0,2932.0,0,0,178100.0,521788200.0,1.0,2905.0,2959.0,2870.0,2932.0,178100.0
2024-07-04,74760,2948.5,2957.5,2907.0,2941.5,0,0,106200.0,311800050.0,1.0,2948.5,2957.5,2907.0,2941.5,106200.0
2024-07-05,74760,2960.0,2960.5,2922.5,2937.5,0,0,86300.0,253812200.0,1.0,2960.0,2960.5,2922.5,2937.5,86300.0
2024-07-08,74760,2958.0,2973.0,2937.5,2949.5,0,0,134500.0,397431350.0,1.0,2958.0,2973.0,2937.5,2949.5,134500.0
2024-07-09,74760,2977.0,3086.0,2970.0,3076.0,0,0,232200.0,709054950.0,1.0,2977.0,3086.0,2970.0,3076.0,232200.0
2024-07-10,74760,3050.0,3108.0,3050.0,3107.0,0,0,139300.0,430797500.0,1.0,3050.0,3108.0,3050.0,3107.0,139300.0
2024-07-11,74760,3144.0,3147.0,3102.0,3119.0,0,0,126100.0,393612100.0,1.0,3144.0,3147.0,3102.0,3119.0,126100.0
2024-07-12,74760,3110.0,3201.0,3066.0,3200.0,0,0,154100.0,489222100.0,1.0,3110.0,3201.0,3066.0,3200.0,154100.0
2024-07-16,74760,3216.0,3216.0,3116.0,3117.0,0,0,222500.0,698266600.0,1.0,3216.0,3216.0,3116.0,3117.0,222500.0
2024-07-17,74760,3185.0,3207.0,3125.0,3144.0,0,0,143400.0,452486100.0,1.0,3185.0,3207.0,3125.0,3144.0,143400.0
2024-07-18,74760,3138.0,3169.0,3122.0,3154.0,0,0,185000.0,583217900.0,1.0,3138.0,3169.0,3122.0,3154.0,185000.0
2024-07-19,74760,3159.0,3169.0,3110.0,3127.0,0,0,100600.0,315769800.0,1.0,3159.0,3169.0,3110.0,3127.0,100600.0
2024-07-22,74760,3141.0,3141.0,3100.0,3113.0,0,0,102300.0,318945800.0,1.0,3141.0,3141.0,3100.0,3113.0,102300.0
2024-07-23,74760,3150.0,3184.0,3121.0,3179.0,0,0,132700.0,419954000.0,1.0,3150.0,3184.0,3121.0,3179.0,132700.0
2024-07-24,74760,3148.0,3154.0,3075.0,3082.0,0,0,152900.0,475796400.0,1.0,3148.0,3154.0,3075.0,3082.0,152900.0
2024-07-25,74760,3081.0,3136.0,3070.0,3107.0,0,0,117000.0,363877500.0,1.0,3081.0,3136.0,3070.0,3107.0,117000.0
2024-07-26,74760,3110.0,3144.0,3085.0,3129.0,0,0,91300.0,284638700.0,1.0,3110.0,3144.0,3085.0,3129.0,91300.0
2024-07-29,74760,3197.0,3233.0,3151.0,3231.0,0,0,102400.0,328865500.0,1.0,3197.0,3233.0,3151.0,3231.0,102400.0
2024-07-30,74760,3224.0,3233.0,3179.0,3223.0,0,0,118200.0,380369100.0,1.0,3224.0,3233.0,3179.0,3223.0,118200.0
2024-07-31,74760,3205.0,3247.0,3148.0,3245.0,0,0,234300.0,749217600.0,1.0,3205.0,3247.0,3148.0,3245.0,234300.0
2024-08-01,74760,3134.0,3135.0,2944.5,3016.0,0,0,411300.0,1235312800.0,1.0,3134.0,3135.0,2944.5,3016.0,411300.0
2024-08-02,74760,2961.5,2963.0,2848.0,2855.0,0,0,339500.0,985138750.0,1.0,2961.5,2963.0,2848.0,2855.0,339500.0
2024-08-05,74760,2757.0,2823.5,2578.0,2637.5,0,0,230600.0,626785450.0,1.0,2757.0,2823.5,2578.0,2637.5,230600.0
2024-08-06,74760,2800.0,2889.5,2729.5,2850.0,0,0,318000.0,900114100.0,1.0,2800.0,2889.5,2729.5,2850.0,318000.0
2024-08-07,74760,2825.0,3006.0,2825.0,2927.0,0,0,144500.0,425217950.0,1.0,2825.0,3006.0,2825.0,2927.0,144500.0
2024-08-08,74760,2882.0,2973.5,2832.0,2938.0,0,0,142500.0,417973700.0,1.0,2882.0,2973.5,2832.0,2938.0,142500.0
2024-08-09,74760,3000.0,3021.0,2931.5,2968.0,0,0,146400.0,436547000.0,1.0,3000.0,3021.0,2931.5,2968.0,146400.0
2024-08-13,74760,3018.0,3047.0,2991.0,3037.0,0,0,135400.0,409245350.0,1.0,3018.0,3047.0,2991.0,3037.0,135400.0
2024-08-14,74760,3051.0,3084.0,3020.0,3077.0,0,0,118100.0,361709500.0,1.0,3051.0,3084.0,3020.0,3077.0,118100.0
2024-08-15,74760,3071.0,3071.0,3012.0,3043.0,0,0,91700.0,278655500.0,1.0,3071.0,3071.0,3012.0,3043.0,91700.0
2024-08-16,74760,3075.0,3099.0,3030.0,3094.0,0,0,102900.0,316770300.0,1.0,3075.0,3099.0,3030.0,3094.0,102900.0
2024-08-19,74760,3024.0,3068.0,2990.0,3045.0,0,0,138000.0,419762750.0,1.0,3024.0,3068.0,2990.0,3045.0,138000.0
2024-08-20,74760,3058.0,3070.0,3035.0,3050.0,0,0,99000.0,302340500.0,1.0,3058.0,3070.0,3035.0,3050.0,99000.0
2024-08-21,74760,3019.0,3057.0,3002.0,3039.0,0,0,78900.0,239617500.0,1.0,3019.0,3057.0,3002.0,3039.0,78900.0
2024-08-22,74760,3059.0,3059.0,3010.0,3039.0,0,0,91900.0,279878700.0,1.0,3059.0,3059.0,3010.0,3039.0,91900.0
2024-08-23,74760,3031.0,3031.0,2972.0,3007.0,0,0,163600.0,490531000.0,1.0,3031.0,3031.0,2972.0,3007.0,163600.0
2024-08-26,74760,2997.5,3021.0,2988.0,3000.0,0,0,127900.0,383856100.0,1.0,2997.5,3021.0,2988.0,3000.0,127900.0
2024-08-27,74760,3030.0,3050.0,3013.0,3029.0,0,0,90900.0,275507700.0,1.0,3030.0,3050.0,3013.0,3029.0,90900.0
2024-08-28,74760,3010.0,3039.0,2988.5,3033.0,0,0,113100.0,341541550.0,1.0,3010.0,3039.0,2988.5,3033.0,113100.0
2024-08-29,74760,3000.0,3030.0,2967.0,2989.0,0,0,118000.0,352815100.0,1.0,3000.0,3030.0,2967.0,2989.0,118000.0
2024-08-30,74760,2976.0,2976.0,2928.0,2938.0,0,0,251800.0,741853300.0,1.0,2976.0,2976.0,2928.0,2938.0,251800.0
2024-09-02,74760,2928.5,2934.0,2791.0,2791.0,0,0,182000.0,517504150.0,1.0,2928.5,2934.0,2791.0,2791.0,182000.0
2024-09-03,74760,2773.5,2825.0,2764.0,2806.5,0,0,300500.0,839635250.0,1.0,2773.5,2825.0,2764.0,2806.5,300500.0
2024-09-04,74760,2746.5,2785.0,2730.5,2759.5,0,0,241600.0,667177850.0,1.0,2746.5,2785.0,2730.5,2759.5,241600.0
2024-09-05,74760,2759.0,2812.0,2759.0,2784.0,0,0,158900.0,441651650.0,1.0,2759.0,2812.0,2759.0,2784.0,158900.0
2024-09-06,74760,2792.5,2830.0,2791.0,2821.0,0,0,165800.0,465509950.0,1.0,2792.5,2830.0,2791.0,2821.0,165800.0
2024-09-09,74760,2749.0,2790.0,2745.5,2778.5,0,0,156100.0,431404050.0,1.0,2749.0,2790.0,2745.5,2778.5,156100.0
2024-09-10,74760,2788.0,2869.5,2785.0,2862.0,0,0,164900.0,467558350.0,1.0,2788.0,2869.5,2785.0,2862.0,164900.0
2024-09-11,74760,2844.0,2850.5,2702.0,2731.0,0,0,207700.0,572937600.0,1.0,2844.0,2850.5,2702.0,2731.0,207700.0
2024-09-12,74760,2774.5,2808.5,2750.5,2757.5,0,0,191000.0,529021650.0,1.0,2774.5,2808.5,2750.5,2757.5,191000.0
2024-09-13,74760,2767.5,2805.5,2745.0,2796.5,0,0,218700.0,606989900.0,1.0,2767.5,2805.5,2745.0,2796.5,218700.0
2024-09-17,74760,2815.0,2830.0,2756.5,2800.5,0,0,177600.0,497194300.0,1.0,2815.0,2830.0,2756.5,2800.5,177600.0
2024-09-18,74760,2812.5,2846.0,2788.0,2834.5,0,0,176300.0,497549650.0,1.0,2812.5,2846.0,2788.0,2834.5,176300.0
2024-09-19,74760,2854.0,2876.0,2830.5,2835.0,0,0,191000.0,544245000.0,1.0,2854.0,2876.0,2830.5,2835.0,191000.0
2024-09-20,74760,2860.5,2869.0,2834.0,2853.0,0,0,263800.0,753237800.0,1.0,2860.5,2869.0,2834.0,2853.0,263800.0
2024-09-24,74760,2881.5,2881.5,2836.5,2858.5,0,0,272100.0,781246800.0,1.0,2881.5,2881.5,2836.5,2858.5,272100.0
2024-09-25,74760,2860.0,2889.5,2844.0,2863.0,0,0,285000.0,816216450.0,1.0,2860.0,2889.5,2844.0,2863.0,285000.0
2024-09-26,74760,2881.5,2956.0,2881.5,2948.0,0,0,489400.0,1428240650.0,1.0,2881.5,2956.0,2881.5,2948.0,489400.0
2024-09-27,74760,2933.5,2955.0,2914.0,2939.5,0,0,217400.0,638106000.0,1.0,2933.5,2955.0,2914.0,2939.5,217400.0
2024-09-30,74760,2889.5,2930.0,2875.5,2896.0,0,0,141000.0,409174250.0,1.0,2889.5,2930.0,2875.5,2896.0,141000.0
2024-10-01,74760,2880.0,2914.5,2837.0,2893.5,0,0,128800.0,371952200.0,1.0,2880.0,2914.5,2837.0,2893.5,128800.0
2024-10-02,74760,2900.5,2943.0,2896.0,2932.5,0,0,202500.0,590963900.0,1.0,2900.5,2943.0,2896.0,2932.5,202500.0
2024-10-03,74760,2978.0,2991.0,2937.0,2985.5,0,0,158800.0,472885400.0,1.0,2978.0,2991.0,2937.0,2985.5,158800.0
2024-10-04,74760,2958.5,2993.0,2954.5,2979.5,0,0,143500.0,427208900.0,1.0,2958.5,2993.0,2954.5,2979.5,143500.0
2024-10-07,74760,3019.0,3050.0,3010.0,3032.0,0,0,137200.0,416294500.0,1.0,3019.0,3050.0,3010.0,3032.0,137200.0
2024-10-08,74760,3012.0,3098.0,3012.0,3098.0,0,0,117200.0,360156200.0,1.0,3012.0,3098.0,3012.0,3098.0,117200.0
2024-10-09,74760,3100.0,3167.0,3100.0,3149.0,0,0,92300.0,289599800.0,1.0,3100.0,3167.0,3100.0,3149.0,92300.0
2024-10-10,74760,3139.0,3157.0,3001.0,3041.0,0,0,131700.0,403615500.0,1.0,3139.0,3157.0,3001.0,3041.0,131700.0
2024-10-11,74760,3046.0,3077.0,3016.0,3060.0,0,0,104900.0,320350500.0,1.0,3046.0,3077.0,3016.0,3060.0,104900.0
2024-10-15,74760,3102.0,3144.0,3090.0,3128.0,0,0,146700.0,458389500.0,1.0,3102.0,3144.0,3090.0,3128.0,146700.0
2024-10-16,74760,3082.0,3137.0,3068.0,3075.0,0,0,69300.0,213721700.0,1.0,3082.0,3137.0,3068.0,3075.0,69300.0
2024-10-17,74760,3085.0,3096.0,3039.0,3059.0,0,0,105800.0,323480900.0,1.0,3085.0,3096.0,3039.0,3059.0,105800.0
2024-10-18,74760,3045.0,3095.0,3030.0,3042.0,0,0,88300.0,269482400.0,1.0,3045.0,3095.0,3030.0,3042.0,88300.0
2024-10-21,74760,3060.0,3076.0,3030.0,3040.0,0,0,92800.0,282988300.0,1.0,3060.0,3076.0,3030.0,3040.0,92800.0
2024-10-22,74760,3026.0,3026.0,2935.5,2941.0,0,0,109800.0,324243600.0,1.0,3026.0,3026.0,2935.5,2941.0,109800.0
2024-10-23,74760,2967.5,2973.0,2878.5,2898.5,0,0,84000.0,244404650.0,1.0,2967.5,2973.0,2878.5,2898.5,84000.0
2024-10-24,74760,2883.5,2912.0,2871.0,2882.0,0,0,127400.0,368089800.0,1.0,2883.5,2912.0,2871.0,2882.0,127400.0
2024-10-25,74760,2911.0,2921.0,2820.0,2849.0,0,0,74800.0,213715800.0,1.0,2911.0,2921.0,2820.0,2849.0,74800.0
2024-10-28,74760,2850.0,2881.5,2823.0,2837.0,0,0,78300.0,222929200.0,1.0,2850.0,2881.5,2823.0,2837.0,78300.0
2024-10-29,74760,2852.0,2873.0,2818.5,2864.5,0,0,66900.0,191027250.0,1.0,2852.0,2873.0,2818.5,2864.5,66900.0
2024-10-30,74760,2858.0,2875.0,2823.0,2863.5,0,0,168000.0,480757400.0,1.0,2858.0,2875.0,2823.0,2863.5,168000.0
2024-10-31,74760,2873.0,2892.0,2853.0,2874.5,0,0,108300.0,311619850.0,1.0,2873.0,2892.0,2853.0,2874.5,108300.0
2024-11-01,74760,2722.0,2787.5,2672.0,2707.5,0,0,157600.0,427538750.0,1.0,2722.0,2787.5,2672.0,2707.5,157600.0
2024-11-05,74760,2735.0,2842.5,2709.5,2812.0,0,0,122500.0,343957750.0,1.0,2735.0,2842.5,2709.5,2812.0,122500.0
2024-11-06,74760,2840.0,2935.0,2839.5,2869.0,0,0,123700.0,355256550.0,1.0,2840.0,2935.0,2839.5,2869.0,123700.0
2024-11-07,74760,2880.0,2903.0,2832.5,2843.5,0,0,96900.0,276745450.0,1.0,2880.0,2903.0,2832.5,2843.5,96900.0
2024-11-08,74760,2904.0,2947.0,2871.0,2897.0,0,0,111200.0,323833600.0,1.0,2904.0,2947.0,2871.0,2897.0,111200.0
2024-11-11,74760,2858.0,2899.5,2858.0,2881.0,0,0,62500.0,180027950.0,1.0,2858.0,2899.5,2858.0,2881.0,62500.0
2024-11-12,74760,2881.0,2900.0,2811.0,2831.0,0,0,104600.0,296631250.0,1.0,2881.0,2900.0,2811.0,2831.0,104600.0
2024-11-13,74760,2817.5,2839.0,2809.0,2820.5,0,0,84900.0,239599600.0,1.0,2817.5,2839.0,2809.0,2820.5,84900.0
2024-11-14,74760,2800.0,2820.5,2773.0,2773.0,0,0,75200.0,209741900.0,1.0,2800.0,2820.5,2773.0,2773.0,75200.0
2024-11-15,74760,2779.5,2783.5,2730.0,2760.5,0,0,71100.0,196124750.0,1.0,2779.5,2783.5,2730.0,2760.5,71100.0
2024-11-18,74760,2757.0,2795.0,2729.5,2772.5,0,0,112100.0,309104000.0,1.0,2757.0,2795.0,2729.5,2772.5,112100.0
2024-11-19,74760,2872.5,2901.0,2833.0,2833.0,0,0,145800.0,417304900.0,1.0,2872.5,2901.0,2833.0,2833.0,145800.0
2024-11-20,74760,2783.0,2805.5,2745.5,2792.0,0,0,106600.0,296428400.0,1.0,2783.0,2805.5,2745.5,2792.0,106600.0
2024-11-21,74760,2791.0,2835.5,2777.0,2827.0,0,0,72300.0,203410750.0,1.0,2791.0,2835.5,2777.0,2827.0,72300.0
2024-11-22,74760,2797.0,2825.0,2738.0,2750.5,0,0,108900.0,300971150.0,1.0,2797.0,2825.0,2738.0,2750.5,108900.0
2024-11-25,74760,2752.5,2764.0,2665.0,2665.0,0,0,236600.0,638076750.0,1.0,2752.5,2764.0,2665.0,2665.0,236600.0
2024-11-26,74760,2684.0,2734.5,2679.5,2715.0,0,0,146000.0,395633800.0,1.0,2684.0,2734.5,2679.5,2715.0,146000.0
2024-11-27,74760,2727.0,2748.0,2676.0,2712.0,0,0,145000.0,392241800.0,1.0,2727.0,2748.0,2676.0,2712.0,145000.0
2024-11-28,74760,2726.5,2773.0,2699.5,2756.0,0,0,111000.0,305297000.0,1.0,2726.5,2773.0,2699.5,2756.0,111000.0
2024-11-29,74760,2725.5,2758.0,2701.5,2718.5,0,0,60000.0,163651900.0,1.0,2725.5,2758.0,2701.5,2718.5,60000.0
2024-12-02,74760,2704.0,2710.0,2666.5,2704.5,0,0,90000.0,242754050.0,1.0,2704.0,2710.0,2666.5,2704.5,90000.0
2024-12-03,74760,2690.0,2794.0,2690.0,2752.0,0,0,149300.0,411996700.0,1.0,2690.0,2794.0,2690.0,2752.0,149300.0
2024-12-04,74760,2752.0,2792.0,2741.0,2756.0,0,0,99400.0,274265550.0,1.0,2752.0,2792.0,2741.0,2756.0,99400.0
2024-12-05,74760,2778.0,2795.0,2727.5,2737.5,0,0,62600.0,171893800.0,1.0,2778.0,2795.0,2727.5,2737.5,62600.0
2024-12-06,74760,2765.0,2780.5,2701.5,2748.5,0,0,103200.0,282488400.0,1.0,2765.0,2780.5,2701.5,2748.5,103200.0
2024-12-09,74760,2762.5,2798.5,2759.0,2794.0,0,0,105400.0,293816450.0,1.0,2762.5,2798.5,2759.0,2794.0,105400.0
2024-12-10,74760,2800.0,2828.5,2784.0,2801.5,0,0,84200.0,236312800.0,1.0,2800.0,2828.5,2784.0,2801.5,84200.0
2024-12-11,74760,2810.0,2825.0,2785.0,2800.0,0,0,74800.0,209630550.0,1.0,2810.0,2825.0,2785.0,2800.0,74800.0
2024-12-12,74760,2829.5,2845.5,2807.0,2815.0,0,0,91400.0,257769700.0,1.0,2829.5,2845.5,2807.0,2815.0,91400.0
2024-12-13,74760,2777.5,2840.0,2773.0,2828.0,0,0,137300.0,385801950.0,1.0,2777.5,2840.0,2773.0,2828.0,137300.0
2024-12-16,74760,2820.0,2822.0,2755.5,2799.0,0,0,77800.0,217329100.0,1.0,2820.0,2822.0,2755.5,2799.0,77800.0
2024-12-17,74760,2800.0,2800.0,2754.0,2760.0,0,0,73300.0,203218700.0,1.0,2800.0,2800.0,2754.0,2760.0,73300.0
2024-12-18,74760,2779.5,2781.0,2747.5,2758.5,0,0,54900.0,151727550.0,1.0,2779.5,2781.0,2747.5,2758.5,54900.0
2024-12-19,74760,2708.5,2770.0,2678.5,2756.0,0,0,63400.0,174426850.0,1.0,2708.5,2770.0,2678.5,2756.0,63400.0
2024-12-20,74760,2759.5,2759.5,2683.0,2688.5,0,0,117900.0,318343600.0,1.0,2759.5,2759.5,2683.0,2688.5,117900.0
2024-12-23,74760,2659.0,2705.5,2642.5,2690.0,0,0,86700.0,232598550.0,1.0,2659.0,2705.5,2642.5,2690.0,86700.0
2024-12-24,74760,2690.0,2690.0,2651.5,2666.0,0,0,72400.0,192954650.0,1.0,2690.0,2690.0,2651.5,2666.0,72400.0
2024-12-25,74760,2666.0,2666.5,2607.5,2633.0,0,0,64900.0,170615500.0,1.0,2666.0,2666.5,2607.5,2633.0,64900.0
2024-12-26,74760,2639.5,2679.5,2624.0,2667.5,0,0,122200.0,325640850.0,1.0,2639.5,2679.5,2624.0,2667.5,122200.0
2024-12-27,74760,2699.5,2730.0,2666.0,2690.0,0,0,129400.0,348900150.0,1.0,2699.5,2730.0,2666.0,2690.0,129400.0
2024-12-30,74760,2699.0,2699.0,2644.5,2651.0,0,0,74900.0,199321250.0,1.0,2699.0,2699.0,2644.5,2651.0,74900.0
2025-01-06,74760,2630.0,2630.0,2544.0,2550.5,0,0,207100.0,531861500.0,1.0,2630.0,2630.0,2544.0,2550.5,207100.0
2025-01-07,74760,2305.5,2392.0,2305.5,2389.0,0,0,1528500.0,3596019300.0,1.0,2305.5,2392.0,2305.5,2389.0,1528500.0
2025-01-08,74760,2373.5,2427.5,2371.0,2410.0,0,0,742200.0,1782582150.0,1.0,2373.5,2427.5,2371.0,2410.0,742200.0
2025-01-09,74760,2385.0,2409.0,2342.0,2346.5,0,0,449800.0,1064865300.0,1.0,2385.0,2409.0,2342.0,2346.5,449800.0
2025-01-10,74760,2342.0,2366.0,2332.5,2340.5,0,0,354600.0,832279250.0,1.0,2342.0,2366.0,2332.5,2340.5,354600.0
2025-01-14,74760,2315.0,2368.0,2311.5,2350.0,0,0,704700.0,1655059350.0,1.0,2315.0,2368.0,2311.5,2350.0,704700.0
2025-01-15,74760,2363.5,2392.0,2356.0,2375.5,0,0,1433700.0,3403147500.0,1.0,2363.5,2392.0,2356.0,2375.5,1433700.0
2025-01-16,74760,2376.0,2443.0,2365.0,2403.0,0,0,1911600.0,4595885850.0,1.0,2376.0,2443.0,2365.0,2403.0,1911600.0
2025-01-17,74760,2429.5,2475.0,2409.0,2474.5,0,0,819600.0,2005923150.0,1.0,2429.5,2475.0,2409.0,2474.5,819600.0
2025-01-20,74760,2455.0,2488.0,2441.0,2470.0,0,0,438000.0,1081478500.0,1.0,2455.0,2488.0,2441.0,2470.0,438000.0
2025-01-21,74760,2475.0,2492.0,2451.5,2460.0,0,0,436300.0,1076962100.0,1.0,2475.0,2492.0,2451.5,2460.0,436300.0
2025-01-22,74760,2500.0,2510.0,2443.5,2507.5,0,0,3102800.0,7727206000.0,1.0,2500.0,2510.0,2443.5,2507.5,3102800.0
2025-01-23,74760,2500.0,2509.0,2458.0,2483.0,0,0,558600.0,1387805350.0,1.0,2500.0,2509.0,2458.0,2483.0,558600.0
2025-01-24,74760,2507.0,2559.5,2500.0,2518.0,0,0,429400.0,1083724850.0,1.0,2507.0,2559.5,2500.0,2518.0,429400.0
2025-01-27,74760,2560.0,2577.5,2547.5,2556.5,0,0,261500.0,669067850.0,1.0,2560.0,2577.5,2547.5,2556.5,261500.0
2025-01-28,74760,2574.0,2621.0,2572.0,2592.0,0,0,347200.0,898896350.0,1.0,2574.0,2621.0,2572.0,2592.0,347200.0
2025-01-29,74760,2581.5,2592.5,2564.5,2572.0,0,0,230500.0,594221350.0,1.0,2581.5,2592.5,2564.5,2572.0,230500.0
2025-01-30,74760,2562.5,2577.0,2538.0,2570.5,0,0,155000.0,397417800.0,1.0,2562.5,2577.0,2538.0,2570.5,155000.0
2025-01-31,74760,2570.5,2575.5,2547.5,2549.0,0,0,211800.0,541268750.0,1.0,2570.5,2575.5,2547.5,2549.0,211800.0
2025-02-03,74760,2525.0,2556.5,2450.0,2457.0,0,0,342400.0,849587350.0,1.0,2525.0,2556.5,2450.0,2457.0,342400.0
2025-02-04,74760,2507.0,2541.5,2487.5,2496.0,0,0,223900.0,561904350.0,1.0,2507.0,2541.5,2487.5,2496.0,223900.0
2025-02-05,74760,2488.0,2496.0,2420.5,2433.0,0,0,211000.0,516877900.0,1.0,2488.0,2496.0,2420.5,2433.0,211000.0
2025-02-06,74760,2467.0,2529.5,2467.0,2526.0,0,0,235100.0,591203550.0,1.0,2467.0,2529.5,2467.0,2526.0,235100.0
2025-02-07,74760,2519.0,2532.5,2491.0,2502.5,0,0,111700.0,280180750.0,1.0,2519.0,2532.5,2491.0,2502.5,111700.0
2025-02-10,74760,2488.5,2502.5,2469.0,2489.0,0,0,115800.0,288195850.0,1.0,2488.5,2502.5,2469.0,2489.0,115800.0
2025-02-12,74760,2468.0,2496.0,2445.0,2491.5,0,0,140200.0,347839950.0,1.0,2468.0,2496.0,2445.0,2491.5,140200.0
2025-02-13,74760,2488.5,2527.0,2488.5,2509.0,0,0,118300.0,297279200.0,1.0,2488.5,2527.0,2488.5,2509.0,118300.0
2025-02-14,74760,2509.0,2515.5,2485.0,2492.0,0,0,98100.0,245117450.0,1.0,2509.0,2515.5,2485.0,2492.0,98100.0
2025-02-17,74760,2516.5,2530.0,2482.0,2487.5,0,0,124200.0,310801250.0,1.0,2516.5,2530.0,2482.0,2487.5,124200.0
2025-02-18,74760,2494.5,2512.5,2481.0,2482.5,0,0,95300.0,237578850.0,1.0,2494.5,2512.5,2481.0,2482.5,95300.0
2025-02-19,74760,2477.0,2491.0,2466.5,2481.5,0,0,62400.0,154790650.0,1.0,2477.0,2491.0,2466.5,2481.5,62400.0
2025-02-20,74760,2460.0,2461.5,2409.0,2418.0,0,0,120700.0,293285650.0,1.0,2460.0,2461.5,2409.0,2418.0,120700.0
2025-02-21,74760,2400.0,2412.0,2383.0,2410.0,0,0,125600.0,301352150.0,1.0,2400.0,2412.0,2383.0,2410.0,125600.0
2025-02-25,74760,2383.0,2412.0,2378.5,2412.0,0,0,118000.0,283327850.0,1.0,2383.0,2412.0,2378.5,2412.0,118000.0
2025-02-26,74760,2413.5,2431.5,2390.0,2405.0,0,0,190700.0,458574200.0,1.0,2413.5,2431.5,2390.0,2405.0,190700.0
2025-02-27,74760,2384.0,2384.0,2349.0,2357.0,0,0,250600.0,591316500.0,1.0,2384.0,2384.0,2349.0,2357.0,250600.0
2025-02-28,74760,2345.0,2353.5,2272.5,2305.5,0,0,374000.0,862462750.0,1.0,2345.0,2353.5,2272.5,2305.5,374000.0
2025-03-03,74760,2306.0,2342.0,2296.0,2337.0,0,0,228400.0,531647350.0,1.0,2306.0,2342.0,2296.0,2337.0,228400.0
2025-03-04,74760,2345.0,2359.0,2323.5,2349.0,0,0,203300.0,477017900.0,1.0,2345.0,2359.0,2323.5,2349.0,203300.0
2025-03-05,74760,2303.0,2344.0,2296.5,2322.5,0,0,287900.0,667877450.0,1.0,2303.0,2344.0,2296.5,2322.5,287900.0
2025-03-06,74760,2369.0,2379.0,2353.5,2379.0,0,0,147200.0,349174000.0,1.0,2369.0,2379.0,2353.5,2379.0,147200.0
2025-03-07,74760,2360.5,2395.5,2341.0,2395.0,0,0,176000.0,419193150.0,1.0,2360.5,2395.5,2341.0,2395.0,176000.0
2025-03-10,74760,2388.5,2419.0,2362.0,2401.0,0,0,146500.0,351589000.0,1.0,2388.5,2419.0,2362.0,2401.0,146500.0
2025-03-11,74760,2391.0,2393.0,2369.0,2383.5,0,0,155000.0,369571450.0,1.0,2391.0,2393.0,2369.0,2383.5,155000.0
2025-03-12,74760,2402.0,2451.0,2402.0,2427.0,0,0,258700.0,628040350.0,1.0,2402.0,2451.0,2402.0,2427.0,258700.0
2025-03-13,74760,2400.0,2419.0,2377.0,2408.5,0,0,174400.0,419441250.0,1.0,2400.0,2419.0,2377.0,2408.5,174400.0
2025-03-14,74760,2392.0,2402.0,2365.5,2366.0,0,0,168700.0,402076950.0,1.0,2392.0,2402.0,2365.5,2366.0,168700.0
2025-03-17,74760,2371.5,2384.0,2361.0,2362.0,0,0,175500.0,415789450.0,1.0,2371.5,2384.0,2361.0,2362.0,175500.0
2025-03-18,74760,2394.0,2415.0,2384.0,2394.0,0,0,183000.0,439190050.0,1.0,2394.0,2415.0,2384.0,2394.0,183000.0
2025-03-19,74760,2390.5,2425.0,2390.0,2407.5,0,0,74700.0,179972400.0,1.0,2390.5,2425.0,2390.0,2407.5,74700.0
2025-03-21,74760,2407.5,2431.0,2378.5,2384.0,0,0,144400.0,345438750.0,1.0,2407.5,2431.0,2378.5,2384.0,144400.0
2025-03-24,74760,2398.0,2419.5,2367.0,2398.0,0,0,97700.0,233266200.0,1.0,2398.0,2419.5,2367.0,2398.0,97700.0
2025-03-25,74760,2386.0,2420.5,2384.0,2420.5,0,0,89300.0,214647400.0,1.0,2386.0,2420.5,2384.0,2420.5,89300.0
2025-03-26,74760,2425.0,2435.0,2407.5,2417.0,0,0,183400.0,443662350.0,1.0,2425.0,2435.0,2407.5,2417.0,183400.0
2025-03-27,74760,2419.0,2441.0,2415.0,2441.0,0,0,156300.0,380475300.0,1.0,2419.0,2441.0,2415.0,2441.0,156300.0
2025-03-28,74760,2389.0,2399.0,2347.5,2371.0,0,0,189900.0,450189850.0,1.0,2389.0,2399.0,2347.5,2371.0,189900.0
2025-03-31,74760,2341.5,2350.0,2285.0,2317.5,0,0,208800.0,482571900.0,1.0,2341.5,2350.0,2285.0,2317.5,208800.0
2025-04-01,74760,2335.0,2341.0,2322.0,2335.0,0,0,168400.0,392772200.0,1.0,2335.0,2341.0,2322.0,2335.0,168400.0
2025-04-02,74760,2338.5,2338.5,2287.0,2302.0,0,0,168400.0,387381050.0,1.0,2338.5,2338.5,2287.0,2302.0,168400.0
2025-04-03,74760,2288.5,2325.5,2273.0,2296.0,0,0,190000.0,435913200.0,1.0,2288.5,2325.5,2273.0,2296.0,190000.0
2025-04-04,74760,2282.0,2286.0,2236.0,2267.5,0,0,214500.0,485753850.0,1.0,2282.0,2286.0,2236.0,2267.5,214500.0
2025-04-07,74760,2190.0,2263.5,2158.5,2200.5,0,0,364800.0,807029850.0,1.0,2190.0,2263.5,2158.5,2200.5,364800.0
2025-04-08,74760,2250.5,2263.5,2206.5,2250.0,0,0,234800.0,526103500.0,1.0,2250.5,2263.5,2206.5,2250.0,234800.0
2025-04-09,74760,2218.5,2234.0,2188.0,2214.0,0,0,158600.0,350617800.0,1.0,2218.5,2234.0,2188.0,2214.0,158600.0
2025-04-10,74760,2309.0,2330.0,2256.0,2313.0,0,0,198100.0,455759950.0,1.0,2309.0,2330.0,2256.0,2313.0,198100.0
2025-04-11,74760,2268.5,2306.0,2230.0,2299.0,0,0,227900.0,519490700.0,1.0,2268.5,2306.0,2230.0,2299.0,227900.0
2025-04-14,74760,2310.0,2330.5,2296.5,2309.0,0,0,95000.0,220036800.0,1.0,2310.0,2330.5,2296.5,2309.0,95000.0
2025-04-15,74760,2314.5,2327.0,2296.0,2303.5,0,0,105600.0,243474350.0,1.0,2314.5,2327.0,2296.0,2303.5,105600.0
2025-04-16,74760,2300.5,2322.0,2287.0,2322.0,0,0,94600.0,218283300.0,1.0,2300.5,2322.0,2287.0,2322.0,94600.0
2025-04-17,74760,2300.0,2315.5,2300.0,2303.0,0,0,80500.0,185483600.0,1.0,2300.0,2315.5,2300.0,2303.0,80500.0
2025-04-18,74760,2322.0,2322.0,2303.0,2318.5,0,0,95200.0,220229850.0,1.0,2322.0,2322.0,2303.0,2318.5,95200.0
2025-04-21,74760,2300.0,2313.5,2293.0,2313.5,0,0,81300.0,187473450.0,1.0,2300.0,2313.5,2293.0,2313.5,81300.0
2025-04-22,74760,2310.0,2320.0,2295.5,2300.5,0,0,94300.0,217212950.0,1.0,2310.0,2320.0,2295.5,2300.5,94300.0
2025-04-23,74760,2326.0,2347.0,2304.0,2314.0,0,0,114100.0,264923000.0,1.0,2326.0,2347.0,2304.0,2314.0,114100.0
2025-04-24,74760,2323.0,2331.0,2297.0,2301.5,0,0,127300.0,294025850.0,1.0,2323.0,2331.0,2297.0,2301.5,127300.0
2025-04-25,74760,2300.0,2310.0,2270.5,2278.0,0,0,81400.0,186141400.0,1.0,2300.0,2310.0,2270.5,2278.0,81400.0
2025-04-28,74760,2280.0,2293.5,2260.0,2267.5,0,0,108800.0,246998750.0,1.0,2280.0,2293.5,2260.0,2267.5,108800.0
2025-04-30,74760,2255.0,2269.5,2242.0,2261.5,0,0,125100.0,282583000.0,1.0,2255.0,2269.5,2242.0,2261.5,125100.0
2025-05-01,74760,2261.5,2281.5,2229.5,2241.5,0,0,81900.0,183874300.0,1.0,2261.5,2281.5,2229.5,2241.5,81900.0
2025-05-02,74760,2236.5,2247.0,2218.0,2237.5,0,0,137500.0,307225150.0,1.0,2236.5,2247.0,2218.0,2237.5,137500.0
2025-05-07,74760,2250.0,2315.5,2250.0,2307.0,0,0,183200.0,421034050.0,1.0,2250.0,2315.5,2250.0,2307.0,183200.0
2025-05-08,74760,2295.0,2320.0,2276.5,2313.0,0,0,107800.0,248377000.0,1.0,2295.0,2320.0,2276.5,2313.0,107800.0
2025-05-09,74760,2324.0,2368.0,2316.5,2331.0,0,0,109900.0,257650900.0,1.0,2324.0,2368.0,2316.5,2331.0,109900.0
2025-05-12,74760,2336.5,2341.5,2298.5,2321.0,0,0,129900.0,301064750.0,1.0,2336.5,2341.5,2298.5,2321.0,129900.0
2025-05-13,74760,2321.5,2340.0,2319.5,2320.5,0,0,96700.0,225014150.0,1.0,2321.5,2340.0,2319.5,2320.5,96700.0
2025-05-14,74760,2321.5,2333.0,2231.5,2263.5,0,0,212300.0,483898600.0,1.0,2321.5,2333.0,2231.5,2263.5,212300.0
2025-05-15,74760,2269.0,2330.0,2269.0,2301.0,0,0,202000.0,465534750.0,1.0,2269.0,2330.0,2269.0,2301.0,202000.0
2025-05-16,74760,2305.0,2325.5,2272.5,2298.5,0,0,126900.0,291373100.0,1.0,2305.0,2325.5,2272.5,2298.5,126900.0
2025-05-19,74760,2296.0,2316.0,2293.0,2306.5,0,0,146000.0,336298000.0,1.0,2296.0,2316.0,2293.0,2306.5,146000.0
2025-05-20,74760,2309.5,2318.5,2251.0,2260.0,0,0,192300.0,436350750.0,1.0,2309.5,2318.5,2251.0,2260.0,192300.0
2025-05-21,74760,2287.0,2293.0,2218.5,2224.0,0,0,186300.0,417464750.0,1.0,2287.0,2293.0,2218.5,2224.0,186300.0
2025-05-22,74760,2220.0,2261.5,2206.5,2222.0,0,0,176400.0,392301900.0,1.0,2220.0,2261.5,2206.5,2222.0,176400.0
2025-05-23,74760,2210.0,2219.5,2177.0,2177.0,0,0,178000.0,390325050.0,1.0,2210.0,2219.5,2177.0,2177.0,178000.0
2025-05-26,74760,2165.0,2185.5,2160.0,2177.5,0,0,184000.0,400035600.0,1.0,2165.0,2185.5,2160.0,2177.5,184000.0
2025-05-27,74760,2183.0,2209.5,2167.0,2209.5,0,0,159100.0,348843500.0,1.0,2183.0,2209.5,2167.0,2209.5,159100.0
2025-05-28,74760,2217.0,2231.5,2200.0,2200.0,0,0,179700.0,397671900.0,1.0,2217.0,2231.5,2200.0,2200.0,179700.0
2025-05-29,74760,2202.5,2227.0,2195.5,2200.5,0,0,143100.0,315573000.0,1.0,2202.5,2227.0,2195.5,2200.5,143100.0
2025-05-30,74760,2192.5,2249.0,2191.0,2236.0,0,0,212100.0,472720450.0,1.0,2192.5,2249.0,2191.0,2236.0,212100.0
2025-06-02,74760,2236.0,2280.0,2229.5,2275.0,0,0,201700.0,456518450.0,1.0,2236.0,2280.0,2229.5,2275.0,201700.0
2025-06-03,74760,2297.5,2367.5,2291.0,2360.0,0,0,254800.0,598073200.0,1.0,2297.5,2367.5,2291.0,2360.0,254800.0
2025-06-04,74760,2365.0,2382.0,2337.5,2345.0,0,0,237000.0,558584450.0,1.0,2365.0,2382.0,2337.5,2345.0,237000.0
2025-06-05,74760,2344.0,2397.0,2337.5,2385.0,0,0,276700.0,659045400.0,1.0,2344.0,2397.0,2337.5,2385.0,276700.0
2025-06-06,74760,2409.5,2422.5,2388.5,2410.0,0,0,200600.0,482471000.0,1.0,2409.5,2422.5,2388.5,2410.0,200600.0
2025-06-09,74760,2442.0,2458.5,2430.5,2451.5,0,0,217400.0,531190550.0,1.0,2442.0,2458.5,2430.5,2451.5,217400.0
2025-06-10,74760,2452.5,2467.5,2397.0,2397.0,0,0,179100.0,434480100.0,1.0,2452.5,2467.5,2397.0,2397.0,179100.0
2025-06-11,74760,2480.5,2515.0,2430.0,2459.0,0,0,324900.0,800428350.0,1.0,2480.5,2515.0,2430.0,2459.0,324900.0
2025-06-12,74760,2460.0,2460.0,2437.0,2437.0,0,0,159600.0,390222850.0,1.0,2460.0,2460.0,2437.0,2437.0,159600.0
2025-06-13,74760,2437.0,2447.0,2419.0,2426.0,0,0,170400.0,414173000.0,1.0,2437.0,2447.0,2419.0,2426.0,170400.0
2025-06-16,74760,2425.0,2436.5,2408.0,2426.0,0,0,195500.0,474326850.0,1.0,2425.0,2436.5,2408.0,2426.0,195500.0
2025-06-17,74760,2420.0,2439.0,2416.0,2431.5,0,0,132900.0,322821800.0,1.0,2420.0,2439.0,2416.0,2431.5,132900.0
2025-06-18,74760,2433.0,2463.5,2430.5,2450.0,0,0,166800.0,408207450.0,1.0,2433.0,2463.5,2430.5,2450.0,166800.0
2025-06-19,74760,2441.0,2444.5,2410.0,2410.0,0,0,119500.0,289645250.0,1.0,2441.0,2444.5,2410.0,2410.0,119500.0
2025-06-20,74760,2397.0,2397.0,2359.5,2359.5,0,0,148700.0,351908200.0,1.0,2397.0,2397.0,2359.5,2359.5,148700.0
2025-06-23,74760,2400.0,2441.5,2388.5,2415.0,0,0,292400.0,706709400.0,1.0,2400.0,2441.5,2388.5,2415.0,292400.0
2025-06-24,74760,2420.0,2440.5,2408.0,2409.0,0,0,184500.0,446636750.0,1.0,2420.0,2440.5,2408.0,2409.0,184500.0
2025-06-25,74760,2405.0,2449.0,2394.5,2431.0,0,0,271000.0,657603550.0,1.0,2405.0,2449.0,2394.5,2431.0,271000.0
2025-06-26,74760,2420.0,2449.5,2415.5,2429.0,0,0,166600.0,405085500.0,1.0,2420.0,2449.5,2415.5,2429.0,166600.0
2025-06-27,74760,2452.5,2473.5,2440.5,2473.5,0,0,460600.0,1137470300.0,1.0,2452.5,2473.5,2440.5,2473.5,460600.0
2025-06-30,74760,2471.0,2505.5,2443.5,2491.0,0,0,248600.0,618200800.0,1.0,2471.0,2505.5,2443.5,2491.0,248600.0
2025-07-01,74760,2491.0,2497.5,2471.0,2479.0,0,0,166500.0,413299600.0,1.0,2491.0,2497.5,2471.0,2479.0,166500.0
2025-07-02,74760,2500.0,2518.0,2494.0,2504.5,0,0,244300.0,612707500.0,1.0,2500.0,2518.0,2494.0,2504.5,244300.0
2025-07-03,74760,2491.0,2519.5,2479.0,2499.5,0,0,225000.0,561716600.0,1.0,2491.0,2519.5,2479.0,2499.5,225000.0
2025-07-04,74760,2482.0,2499.5,2465.5,2465.5,0,0,175400.0,434529500.0,1.0,2482.0,2499.5,2465.5,2465.5,175400.0
2025-07-07,74760,2450.0,2450.0,2355.5,2367.0,0,0,193600.0,461412950.0,1.0,2450.0,2450.0,2355.5,2367.0,193600.0
2025-07-08,74760,2334.0,2363.5,2320.0,2352.5,0,0,294800.0,690941000.0,1.0,2334.0,2363.5,2320.0,2352.5,294800.0
2025-07-09,74760,2386.5,2408.0,2371.5,2385.0,0,0,174600.0,416763400.0,1.0,2386.5,2408.0,2371.5,2385.0,174600.0
2025-07-10,74760,2385.0,2409.0,2376.5,2387.5,0,0,219500.0,524565950.0,1.0,2385.0,2409.0,2376.5,2387.5,219500.0
2025-07-11,74760,2408.0,2437.5,2379.5,2379.5,0,0,135800.0,325393200.0,1.0,2408.0,2437.5,2379.5,2379.5,135800.0
2025-07-14,74760,2368.5,2402.5,2365.5,2389.0,0,0,129600.0,309520550.0,1.0,2368.5,2402.5,2365.5,2389.0,129600.0
2025-07-15,74760,2385.0,2398.0,2370.5,2378.0,0,0,147700.0,351526150.0,1.0,2385.0,2398.0,2370.5,2378.0,147700.0
2025-07-16,74760,2375.0,2388.0,2367.0,2375.0,0,0,126300.0,300212850.0,1.0,2375.0,2388.0,2367.0,2375.0,126300.0
2025-07-17,74760,2368.0,2451.0,2366.5,2430.5,0,0,247500.0,599939600.0,1.0,2368.0,2451.0,2366.5,2430.5,247500.0
2025-07-18,74760,2437.0,2444.5,2383.5,2383.5,0,0,108300.0,259747150.0,1.0,2437.0,2444.5,2383.5,2383.5,108300.0
2025-07-22,74760,2383.5,2394.5,2330.5,2330.5,0,0,124400.0,292189250.0,1.0,2383.5,2394.5,2330.5,2330.5,124400.0
2025-07-23,74760,2353.5,2405.0,2346.5,2378.5,0,0,168600.0,401452550.0,1.0,2353.5,2405.0,2346.5,2378.5,168600.0
2025-07-24,74760,2380.0,2388.0,2360.0,2388.0,0,0,185700.0,441951350.0,1.0,2380.0,2388.0,2360.0,2388.0,185700.0
2025-07-25,74760,2403.5,2416.5,2384.5,2404.5,0,0,148900.0,358042100.0,1.0,2403.5,2416.5,2384.5,2404.5,148900.0
2025-07-28,74760,2387.5,2401.5,2371.0,2383.0,0,0,172200.0,410395250.0,1.0,2387.5,2401.5,2371.0,2383.0,172200.0
2025-07-29,74760,2377.5,2390.0,2360.5,2367.0,0,0,132700.0,314390150.0,1.0,2377.5,2390.0,2360.5,2367.0,132700.0
2025-07-30,74760,2369.0,2420.5,2368.5,2388.0,0,0,199900.0,478256050.0,1.0,2369.0,2420.5,2368.5,2388.0,199900.0
2025-07-31,74760,2379.0,2419.0,2369.0,2390.5,0,0,161900.0,386666250.0,1.0,2379.0,2419.0,2369.0,2390.5,161900.0
2025-08-01,74760,2371.0,2493.0,2358.0,2424.5,0,0,259700.0,631743850.0,1.0,2371.0,2493.0,2358.0,2424.5,259700.0
2025-08-04,74760,2391.0,2445.5,2367.0,2428.0,0,0,175600.0,425017600.0,1.0,2391.0,2445.5,2367.0,2428.0,175600.0
2025-08-05,74760,2425.0,2460.0,2422.0,2459.0,0,0,150100.0,367559150.0,1.0,2425.0,2460.0,2422.0,2459.0,150100.0
2025-08-06,74760,2456.5,2490.0,2437.0,2479.5,0,0,169400.0,418738600.0,1.0,2456.5,2490.0,2437.0,2479.5,169400.0
2025-08-07,74760,2479.5,2526.0,2479.5,2504.0,0,0,158200.0,396548500.0,1.0,2479.5,2526.0,2479.5,2504.0,158200.0
2025-08-08,74760,2504.0,2566.5,2495.5,2564.0,0,0,204400.0,521163200.0,1.0,2504.0,2566.5,2495.5,2564.0,204400.0
2025-08-12,74760,2583.0,2623.5,2570.0,2615.0,0,0,235500.0,613927700.0,1.0,2583.0,2623.5,2570.0,2615.0,235500.0
2025-08-13,74760,2599.0,2619.5,2590.0,2614.5,0,0,186500.0,486833300.0,1.0,2599.0,2619.5,2590.0,2614.5,186500.0
2025-08-14,74760,2619.0,2620.0,2577.5,2585.0,0,0,153700.0,398686350.0,1.0,2619.0,2620.0,2577.5,2585.0,153700.0
2025-08-15,74760,2569.5,2598.0,2522.5,2523.0,0,0,150600.0,381427000.0,1.0,2569.5,2598.0,2522.5,2523.0,150600.0
2025-08-18,74760,2520.5,2567.0,2514.5,2548.5,0,0,130300.0,331892650.0,1.0,2520.5,2567.0,2514.5,2548.5,130300.0
2025-08-19,74760,2546.0,2551.0,2526.0,2547.0,0,0,71800.0,182648100.0,1.0,2546.0,2551.0,2526.0,2547.0,71800.0
2025-08-20,74760,2548.5,2567.0,2527.5,2547.0,0,0,76800.0,195663150.0,1.0,2548.5,2567.0,2527.5,2547.0,76800.0
2025-08-21,74760,2567.0,2569.0,2536.0,2559.0,0,0,81800.0,209312500.0,1.0,2567.0,2569.0,2536.0,2559.0,81800.0
2025-08-22,74760,2579.0,2590.0,2535.5,2553.0,0,0,73700.0,188336050.0,1.0,2579.0,2590.0,2535.5,2553.0,73700.0
2025-08-25,74760,2523.0,2578.0,2523.0,2555.5,0,0,176300.0,450215850.0,1.0,2523.0,2578.0,2523.0,2555.5,176300.0
2025-08-26,74760,2523.5,2549.5,2482.5,2482.5,0,0,257200.0,641068250.0,1.0,2523.5,2549.5,2482.5,2482.5,257200.0
2025-08-27,74760,2503.5,2506.0,2475.0,2492.5,0,0,99200.0,247006800.0,1.0,2503.5,2506.0,2475.0,2492.5,99200.0
2025-08-28,74760,2482.0,2499.5,2458.0,2483.5,0,0,102300.0,253627950.0,1.0,2482.0,2499.5,2458.0,2483.5,102300.0
2025-08-29,74760,2483.5,2537.0,2476.5,2529.0,0,0,153800.0,387175700.0,1.0,2483.5,2537.0,2476.5,2529.0,153800.0
2025-09-01,74760,2527.0,2547.0,2500.0,2519.5,0,0,107100.0,269811450.0,1.0,2527.0,2547.0,2500.0,2519.5,107100.0
2025-09-02,74760,2507.5,2567.5,2501.0,2544.0,0,0,222500.0,566345250.0,1.0,2507.5,2567.5,2501.0,2544.0,222500.0
2025-09-03,74760,2550.5,2575.5,2538.0,2575.5,0,0,153500.0,393343600.0,1.0,2550.5,2575.5,2538.0,2575.5,153500.0
2025-09-04,74760,2601.0,2618.5,2558.0,2564.0,0,0,143400.0,369618050.0,1.0,2601.0,2618.5,2558.0,2564.0,143400.0
2025-09-05,74760,2576.5,2603.0,2569.5,2583.5,0,0,127800.0,330207400.0,1.0,2576.5,2603.0,2569.5,2583.5,127800.0
2025-09-08,74760,2599.5,2627.0,2580.5,2585.5,0,0,149700.0,389324300.0,1.0,2599.5,2627.0,2580.5,2585.5,149700.0
2025-09-09,74760,2585.5,2600.0,2556.5,2580.5,0,0,142100.0,366174100.0,1.0,2585.5,2600.0,2556.5,2580.5,142100.0
2025-09-10,74760,2560.5,2584.0,2537.0,2553.0,0,0,95600.0,244557950.0,1.0,2560.5,2584.0,2537.0,2553.0,95600.0
2025-09-11,74760,2552.5,2573.5,2534.5,2573.5,0,0,103500.0,265037600.0,1.0,2552.5,2573.5,2534.5,2573.5,103500.0
2025-09-12,74760,2581.0,2588.0,2556.5,2587.0,0,0,151100.0,390252000.0,1.0,2581.0,2588.0,2556.5,2587.0,151100.0
2025-09-16,74760,2581.0,2611.0,2575.5,2581.5,0,0,176100.0,455836400.0,1.0,2581.0,2611.0,2575.5,2581.5,176100.0
2025-09-17,74760,2581.0,2591.5,2568.5,2573.5,0,0,100000.0,257844050.0,1.0,2581.0,2591.5,2568.5,2573.5,100000.0
2025-09-18,74760,2573.5,2573.5,2534.5,2553.0,0,0,107200.0,273536050.0,1.0,2573.5,2573.5,2534.5,2553.0,107200.0
2025-09-19,74760,2553.0,2621.0,2547.0,2601.5,0,0,755200.0,1961852250.0,1.0,2553.0,2621.0,2547.0,2601.5,755200.0
2025-09-22,74760,2628.0,2641.5,2588.5,2588.5,0,0,143900.0,375727850.0,1.0,2628.0,2641.5,2588.5,2588.5,143900.0
2025-09-24,74760,2610.0,2651.5,2592.5,2601.5,0,0,313100.0,817843800.0,1.0,2610.0,2651.5,2592.5,2601.5,313100.0
2025-09-25,74760,2598.0,2614.0,2586.0,2614.0,0,0,197600.0,514506750.0,1.0,2598.0,2614.0,2586.0,2614.0,197600.0
2025-09-26,74760,2614.0,2644.5,2611.5,2630.0,0,0,278200.0,730453000.0,1.0,2614.0,2644.5,2611.5,2630.0,278200.0
2025-09-29,74760,2617.5,2627.5,2573.0,2573.0,0,0,313200.0,810037050.0,1.0,2617.5,2627.5,2573.0,2573.0,313200.0
2025-09-30,74760,2573.0,2596.0,2448.0,2455.0,0,0,353200.0,872232600.0,1.0,2573.0,2596.0,2448.0,2455.0,353200.0
2025-10-01,74760,2440.0,2477.5,2425.5,2450.0,0,0,208200.0,510929700.0,1.0,2440.0,2477.5,2425.5,2450.0,208200.0
2025-10-02,74760,2450.0,2464.0,2436.5,2438.0,0,0,161900.0,395895600.0,1.0,2450.0,2464.0,2436.5,2438.0,161900.0
2025-10-03,74760,2455.0,2477.0,2440.0,2462.0,0,0,127600.0,313118200.0,1.0,2455.0,2477.0,2440.0,2462.0,127600.0
2025-10-06,74760,2498.5,2513.5,2472.0,2509.0,0,0,173800.0,434578650.0,1.0,2498.5,2513.5,2472.0,2509.0,173800.0
2025-10-07,74760,2521.0,2578.0,2521.0,2533.5,0,0,142600.0,363054050.0,1.0,2521.0,2578.0,2521.0,2533.5,142600.0
2025-10-08,74760,2546.5,2563.0,2513.5,2513.5,0,0,104900.0,266259000.0,1.0,2546.5,2563.0,2513.5,2513.5,104900.0
2025-10-09,74760,2510.0,2547.5,2507.0,2525.0,0,0,147000.0,371541200.0,1.0,2510.0,2547.5,2507.0,2525.0,147000.0
2025-10-10,74760,2502.0,2530.0,2488.5,2521.5,0,0,158200.0,398315250.0,1.0,2502.0,2530.0,2488.5,2521.5,158200.0
2025-10-14,74760,2475.0,2493.5,2449.0,2450.5,0,0,161900.0,398443400.0,1.0,2475.0,2493.5,2449.0,2450.5,161900.0
2025-10-15,74760,2483.0,2550.0,2479.0,2510.0,0,0,205600.0,517545300.0,1.0,2483.0,2550.0,2479.0,2510.0,205600.0
2025-10-16,74760,2505.0,2525.5,2481.5,2520.0,0,0,191000.0,479035100.0,1.0,2505.0,2525.5,2481.5,2520.0,191000.0
2025-10-17,74760,2527.0,2536.0,2495.0,2513.0,0,0,161600.0,406371300.0,1.0,2527.0,2536.0,2495.0,2513.0,161600.0
2025-10-20,74760,2548.5,2556.5,2516.0,2530.5,0,0,182600.0,462182300.0,1.0,2548.5,2556.5,2516.0,2530.5,182600.0
2025-10-21,74760,2537.5,2546.5,2513.5,2517.5,0,0,151700.0,383025200.0,1.0,2537.5,2546.5,2513.5,2517.5,151700.0
2025-10-22,74760,2540.0,2569.5,2540.0,2559.5,0,0,162000.0,414167900.0,1.0,2540.0,2569.5,2540.0,2559.5,162000.0
2025-10-23,74760,2536.0,2577.5,2533.0,2560.5,0,0,119100.0,305247500.0,1.0,2536.0,2577.5,2533.0,2560.5,119100.0
2025-10-24,74760,2540.0,2548.0,2522.5,2535.5,0,0,152400.0,387014700.0,1.0,2540.0,2548.0,2522.5,2535.5,152400.0
2025-10-27,74760,2540.0,2605.5,2535.5,2590.0,0,0,213500.0,551331400.0,1.0,2540.0,2605.5,2535.5,2590.0,213500.0
2025-10-28,74760,2583.0,2590.5,2532.5,2544.0,0,0,188000.0,480693800.0,1.0,2583.0,2590.5,2532.5,2544.0,188000.0
2025-10-29,74760,2522.0,2540.0,2485.0,2492.0,0,0,158800.0,396730050.0,1.0,2522.0,2540.0,2485.0,2492.0,158800.0
