Date,Code,Open,High,Low,Close,UpperLimit,LowerLimit,Volume,TurnoverValue,AdjustmentFactor,AdjustmentOpen,AdjustmentHigh,AdjustmentLow,AdjustmentClose,AdjustmentVolume
2020-10-29,77250,1587.0,1715.0,1577.0,1702.0,0,0,233100.0,387730700.0,1.0,1587.0,1715.0,1577.0,1702.0,233100.0
2020-10-30,77250,1702.0,1784.0,1693.0,1739.0,0,0,316100.0,552508600.0,1.0,1702.0,1784.0,1693.0,1739.0,316100.0
2020-11-02,77250,1739.0,1777.0,1726.0,1762.0,0,0,143500.0,252174000.0,1.0,1739.0,1777.0,1726.0,1762.0,143500.0
2020-11-04,77250,1777.0,1811.0,1743.0,1754.0,0,0,118400.0,210142700.0,1.0,1777.0,1811.0,1743.0,1754.0,118400.0
2020-11-05,77250,1783.0,1783.0,1735.0,1739.0,0,0,122900.0,215322900.0,1.0,1783.0,1783.0,1735.0,1739.0,122900.0
2020-11-06,77250,1751.0,1753.0,1723.0,1742.0,0,0,82700.0,144053800.0,1.0,1751.0,1753.0,1723.0,1742.0,82700.0
2020-11-09,77250,1768.0,1839.0,1761.0,1827.0,0,0,192700.0,347710800.0,1.0,1768.0,1839.0,1761.0,1827.0,192700.0
2020-11-10,77250,1835.0,1843.0,1793.0,1807.0,0,0,101100.0,183471800.0,1.0,1835.0,1843.0,1793.0,1807.0,101100.0
2020-11-11,77250,1810.0,1847.0,1806.0,1811.0,0,0,101900.0,185764100.0,1.0,1810.0,1847.0,1806.0,1811.0,101900.0
2020-11-12,77250,1830.0,1830.0,1784.0,1803.0,0,0,90100.0,162609900.0,1.0,1830.0,1830.0,1784.0,1803.0,90100.0
2020-11-13,77250,1780.0,1799.0,1766.0,1789.0,0,0,66000.0,117585400.0,1.0,1780.0,1799.0,1766.0,1789.0,66000.0
2020-11-16,77250,1792.0,1792.0,1765.0,1766.0,0,0,86200.0,152870100.0,1.0,1792.0,1792.0,1765.0,1766.0,86200.0
2020-11-17,77250,1764.0,1777.0,1748.0,1750.0,0,0,66000.0,115923000.0,1.0,1764.0,1777.0,1748.0,1750.0,66000.0
2020-11-18,77250,1734.0,1745.0,1706.0,1743.0,0,0,94100.0,162345100.0,1.0,1734.0,1745.0,1706.0,1743.0,94100.0
2020-11-19,77250,1710.0,1721.0,1701.0,1703.0,0,0,89300.0,152559900.0,1.0,1710.0,1721.0,1701.0,1703.0,89300.0
2020-11-20,77250,1700.0,1739.0,1681.0,1729.0,0,0,72100.0,123470300.0,1.0,1700.0,1739.0,1681.0,1729.0,72100.0
2020-11-24,77250,1768.0,1780.0,1750.0,1773.0,0,0,107400.0,189826500.0,1.0,1768.0,1780.0,1750.0,1773.0,107400.0
2020-11-25,77250,1776.0,1788.0,1732.0,1732.0,0,0,126300.0,222318700.0,1.0,1776.0,1788.0,1732.0,1732.0,126300.0
2020-11-26,77250,1730.0,1750.0,1721.0,1742.0,0,0,107300.0,186249600.0,1.0,1730.0,1750.0,1721.0,1742.0,107300.0
2020-11-27,77250,1754.0,1900.0,1753.0,1900.0,0,0,364600.0,668260900.0,1.0,1754.0,1900.0,1753.0,1900.0,364600.0
2020-11-30,77250,1898.0,1917.0,1872.0,1880.0,0,0,212700.0,402553800.0,1.0,1898.0,1917.0,1872.0,1880.0,212700.0
2020-12-01,77250,1900.0,1924.0,1888.0,1912.0,0,0,172000.0,328105800.0,1.0,1900.0,1924.0,1888.0,1912.0,172000.0
2020-12-02,77250,1930.0,2005.0,1922.0,2000.0,0,0,396500.0,787054500.0,1.0,1930.0,2005.0,1922.0,2000.0,396500.0
2020-12-03,77250,2020.0,2080.0,2005.0,2073.0,0,0,414800.0,853661000.0,1.0,2020.0,2080.0,2005.0,2073.0,414800.0
2020-12-04,77250,2048.0,2093.0,2036.0,2081.0,0,0,236900.0,490314400.0,1.0,2048.0,2093.0,2036.0,2081.0,236900.0
2020-12-07,77250,2100.0,2141.0,1991.0,2005.0,0,0,267800.0,551326400.0,1.0,2100.0,2141.0,1991.0,2005.0,267800.0
2020-12-08,77250,1983.0,2094.0,1972.0,2038.0,0,0,233000.0,478200200.0,1.0,1983.0,2094.0,1972.0,2038.0,233000.0
2020-12-09,77250,2030.0,2078.0,2020.0,2054.0,0,0,120800.0,247865000.0,1.0,2030.0,2078.0,2020.0,2054.0,120800.0
2020-12-10,77250,2041.0,2076.0,2020.0,2020.0,0,0,120000.0,245981100.0,1.0,2041.0,2076.0,2020.0,2020.0,120000.0
2020-12-11,77250,2023.0,2051.0,1979.0,1985.0,0,0,116100.0,232815100.0,1.0,2023.0,2051.0,1979.0,1985.0,116100.0
2020-12-14,77250,2025.0,2040.0,1982.0,1985.0,0,0,68100.0,136490700.0,1.0,2025.0,2040.0,1982.0,1985.0,68100.0
2020-12-15,77250,1970.0,1987.0,1953.0,1970.0,0,0,108200.0,212909300.0,1.0,1970.0,1987.0,1953.0,1970.0,108200.0
2020-12-16,77250,1966.0,1972.0,1937.0,1944.0,0,0,109000.0,213022300.0,1.0,1966.0,1972.0,1937.0,1944.0,109000.0
2020-12-17,77250,1929.0,1940.0,1876.0,1908.0,0,0,130500.0,248708500.0,1.0,1929.0,1940.0,1876.0,1908.0,130500.0
2020-12-18,77250,1900.0,1924.0,1873.0,1917.0,0,0,104500.0,199301000.0,1.0,1900.0,1924.0,1873.0,1917.0,104500.0
2020-12-21,77250,1917.0,1938.0,1877.0,1895.0,0,0,104700.0,198608700.0,1.0,1917.0,1938.0,1877.0,1895.0,104700.0
2020-12-22,77250,1906.0,1913.0,1844.0,1854.0,0,0,76200.0,141774700.0,1.0,1906.0,1913.0,1844.0,1854.0,76200.0
2020-12-23,77250,1881.0,1940.0,1869.0,1916.0,0,0,112700.0,215802100.0,1.0,1881.0,1940.0,1869.0,1916.0,112700.0
2020-12-24,77250,1887.0,1952.0,1887.0,1914.0,0,0,120000.0,230932500.0,1.0,1887.0,1952.0,1887.0,1914.0,120000.0
2020-12-25,77250,1916.0,1923.0,1868.0,1876.0,0,0,102600.0,193190100.0,1.0,1916.0,1923.0,1868.0,1876.0,102600.0
2020-12-28,77250,1885.0,1895.0,1838.0,1847.0,0,0,111600.0,207500600.0,1.0,1885.0,1895.0,1838.0,1847.0,111600.0
2020-12-29,77250,1867.0,1943.0,1864.0,1932.0,0,0,98600.0,189271500.0,1.0,1867.0,1943.0,1864.0,1932.0,98600.0
2020-12-30,77250,1906.0,1952.0,1897.0,1932.0,0,0,79000.0,152420700.0,1.0,1906.0,1952.0,1897.0,1932.0,79000.0
2021-01-04,77250,1953.0,1966.0,1895.0,1922.0,0,0,62500.0,120053200.0,1.0,1953.0,1966.0,1895.0,1922.0,62500.0
2021-01-05,77250,1893.0,1950.0,1881.0,1941.0,0,0,53300.0,102867600.0,1.0,1893.0,1950.0,1881.0,1941.0,53300.0
2021-01-06,77250,1930.0,1949.0,1901.0,1906.0,0,0,55700.0,106837200.0,1.0,1930.0,1949.0,1901.0,1906.0,55700.0
2021-01-07,77250,1920.0,1931.0,1887.0,1887.0,0,0,66600.0,126702600.0,1.0,1920.0,1931.0,1887.0,1887.0,66600.0
2021-01-08,77250,1903.0,1967.0,1902.0,1948.0,0,0,213900.0,415946000.0,1.0,1903.0,1967.0,1902.0,1948.0,213900.0
2021-01-12,77250,1951.0,1986.0,1951.0,1952.0,0,0,98900.0,194062300.0,1.0,1951.0,1986.0,1951.0,1952.0,98900.0
2021-01-13,77250,2132.0,2352.0,2104.0,2303.0,1,0,1334000.0,3009794600.0,1.0,2132.0,2352.0,2104.0,2303.0,1334000.0
2021-01-14,77250,2271.0,2403.0,2190.0,2310.0,0,0,795400.0,1850029900.0,1.0,2271.0,2403.0,2190.0,2310.0,795400.0
2021-01-15,77250,2322.0,2424.0,2320.0,2395.0,0,0,442500.0,1059086500.0,1.0,2322.0,2424.0,2320.0,2395.0,442500.0
2021-01-18,77250,2360.0,2408.0,2280.0,2386.0,0,0,295700.0,696324300.0,1.0,2360.0,2408.0,2280.0,2386.0,295700.0
2021-01-19,77250,2424.0,2512.0,2424.0,2488.0,0,0,468200.0,1161073100.0,1.0,2424.0,2512.0,2424.0,2488.0,468200.0
2021-01-20,77250,2531.0,2600.0,2498.0,2587.0,0,0,443700.0,1133870000.0,1.0,2531.0,2600.0,2498.0,2587.0,443700.0
2021-01-21,77250,2632.0,2742.0,2626.0,2672.0,0,0,627600.0,1688560700.0,1.0,2632.0,2742.0,2626.0,2672.0,627600.0
2021-01-22,77250,2661.0,2728.0,2633.0,2669.0,0,0,364900.0,979926000.0,1.0,2661.0,2728.0,2633.0,2669.0,364900.0
2021-01-25,77250,2664.0,2678.0,2576.0,2646.0,0,0,256000.0,668321000.0,1.0,2664.0,2678.0,2576.0,2646.0,256000.0
2021-01-26,77250,2646.0,2695.0,2571.0,2571.0,0,0,211600.0,552915100.0,1.0,2646.0,2695.0,2571.0,2571.0,211600.0
2021-01-27,77250,2590.0,2591.0,2453.0,2456.0,0,0,330200.0,825386600.0,1.0,2590.0,2591.0,2453.0,2456.0,330200.0
2021-01-28,77250,2406.0,2473.0,2383.0,2414.0,0,0,335900.0,813758600.0,1.0,2406.0,2473.0,2383.0,2414.0,335900.0
2021-01-29,77250,2443.0,2545.0,2395.0,2403.0,0,0,306300.0,755375900.0,1.0,2443.0,2545.0,2395.0,2403.0,306300.0
2021-02-01,77250,2406.0,2487.0,2361.0,2480.0,0,0,202500.0,493946500.0,1.0,2406.0,2487.0,2361.0,2480.0,202500.0
2021-02-02,77250,2501.0,2549.0,2441.0,2549.0,0,0,239500.0,596975400.0,1.0,2501.0,2549.0,2441.0,2549.0,239500.0
2021-02-03,77250,2586.0,2590.0,2489.0,2498.0,0,0,227600.0,574257200.0,1.0,2586.0,2590.0,2489.0,2498.0,227600.0
2021-02-04,77250,2521.0,2710.0,2521.0,2613.0,0,0,449300.0,1182441800.0,1.0,2521.0,2710.0,2521.0,2613.0,449300.0
2021-02-05,77250,2567.0,2630.0,2552.0,2621.0,0,0,163500.0,425139300.0,1.0,2567.0,2630.0,2552.0,2621.0,163500.0
2021-02-08,77250,2578.0,2594.0,2513.0,2550.0,0,0,197300.0,502506600.0,1.0,2578.0,2594.0,2513.0,2550.0,197300.0
2021-02-09,77250,2546.0,2546.0,2490.0,2503.0,0,0,195500.0,490925500.0,1.0,2546.0,2546.0,2490.0,2503.0,195500.0
2021-02-10,77250,2515.0,2563.0,2500.0,2514.0,0,0,99700.0,252739600.0,1.0,2515.0,2563.0,2500.0,2514.0,99700.0
2021-02-12,77250,2578.0,2599.0,2540.0,2564.0,0,0,141700.0,363999200.0,1.0,2578.0,2599.0,2540.0,2564.0,141700.0
2021-02-15,77250,2621.0,2664.0,2601.0,2620.0,0,0,134300.0,352810800.0,1.0,2621.0,2664.0,2601.0,2620.0,134300.0
2021-02-16,77250,2620.0,2621.0,2576.0,2581.0,0,0,107300.0,278549300.0,1.0,2620.0,2621.0,2576.0,2581.0,107300.0
2021-02-17,77250,2557.0,2630.0,2537.0,2621.0,0,0,103700.0,269993000.0,1.0,2557.0,2630.0,2537.0,2621.0,103700.0
2021-02-18,77250,2588.0,2588.0,2459.0,2459.0,0,0,186400.0,468727800.0,1.0,2588.0,2588.0,2459.0,2459.0,186400.0
2021-02-19,77250,2459.0,2566.0,2452.0,2552.0,0,0,189400.0,480377900.0,1.0,2459.0,2566.0,2452.0,2552.0,189400.0
2021-02-22,77250,2624.0,2700.0,2621.0,2691.0,0,0,266800.0,713490900.0,1.0,2624.0,2700.0,2621.0,2691.0,266800.0
2021-02-24,77250,2647.0,2679.0,2568.0,2576.0,0,0,197500.0,518401600.0,1.0,2647.0,2679.0,2568.0,2576.0,197500.0
2021-02-25,77250,2640.0,2668.0,2602.0,2612.0,0,0,112200.0,295437700.0,1.0,2640.0,2668.0,2602.0,2612.0,112200.0
2021-02-26,77250,2545.0,2582.0,2493.0,2503.0,0,0,130400.0,329896200.0,1.0,2545.0,2582.0,2493.0,2503.0,130400.0
2021-03-01,77250,2576.0,2634.0,2542.0,2620.0,0,0,93700.0,243524100.0,1.0,2576.0,2634.0,2542.0,2620.0,93700.0
2021-03-02,77250,2610.0,2635.0,2500.0,2546.0,0,0,127000.0,323034100.0,1.0,2610.0,2635.0,2500.0,2546.0,127000.0
2021-03-03,77250,2521.0,2536.0,2471.0,2481.0,0,0,89400.0,222810400.0,1.0,2521.0,2536.0,2471.0,2481.0,89400.0
2021-03-04,77250,2449.0,2479.0,2401.0,2439.0,0,0,105400.0,257020200.0,1.0,2449.0,2479.0,2401.0,2439.0,105400.0
2021-03-05,77250,2415.0,2435.0,2288.0,2409.0,0,0,125500.0,295647000.0,1.0,2415.0,2435.0,2288.0,2409.0,125500.0
2021-03-08,77250,2453.0,2460.0,2313.0,2325.0,0,0,79900.0,189141400.0,1.0,2453.0,2460.0,2313.0,2325.0,79900.0
2021-03-09,77250,2290.0,2305.0,2188.0,2226.0,0,0,262400.0,582617500.0,1.0,2290.0,2305.0,2188.0,2226.0,262400.0
2021-03-10,77250,2261.0,2281.0,2229.0,2271.0,0,0,117400.0,264783700.0,1.0,2261.0,2281.0,2229.0,2271.0,117400.0
2021-03-11,77250,2274.0,2355.0,2250.0,2336.0,0,0,107500.0,248430500.0,1.0,2274.0,2355.0,2250.0,2336.0,107500.0
2021-03-12,77250,2365.0,2412.0,2347.0,2378.0,0,0,85600.0,204165200.0,1.0,2365.0,2412.0,2347.0,2378.0,85600.0
2021-03-15,77250,2383.0,2383.0,2320.0,2337.0,0,0,67200.0,157542800.0,1.0,2383.0,2383.0,2320.0,2337.0,67200.0
2021-03-16,77250,2337.0,2405.0,2337.0,2377.0,0,0,72900.0,173387600.0,1.0,2337.0,2405.0,2337.0,2377.0,72900.0
2021-03-17,77250,2368.0,2389.0,2340.0,2353.0,0,0,53400.0,126314900.0,1.0,2368.0,2389.0,2340.0,2353.0,53400.0
2021-03-18,77250,2378.0,2433.0,2371.0,2419.0,0,0,86000.0,207196800.0,1.0,2378.0,2433.0,2371.0,2419.0,86000.0
2021-03-19,77250,2369.0,2392.0,2333.0,2359.0,0,0,133800.0,316257600.0,1.0,2369.0,2392.0,2333.0,2359.0,133800.0
2021-03-22,77250,2368.0,2441.0,2349.0,2373.0,0,0,107700.0,257155400.0,1.0,2368.0,2441.0,2349.0,2373.0,107700.0
2021-03-23,77250,2396.0,2421.0,2346.0,2346.0,0,0,79600.0,189084200.0,1.0,2396.0,2421.0,2346.0,2346.0,79600.0
2021-03-24,77250,2320.0,2331.0,2270.0,2283.0,0,0,104800.0,240571100.0,1.0,2320.0,2331.0,2270.0,2283.0,104800.0
2021-03-25,77250,2272.0,2347.0,2258.0,2330.0,0,0,95900.0,221702600.0,1.0,2272.0,2347.0,2258.0,2330.0,95900.0
2021-03-26,77250,2380.0,2390.0,2337.0,2368.0,0,0,88000.0,207878700.0,1.0,2380.0,2390.0,2337.0,2368.0,88000.0
2021-03-29,77250,2364.0,2383.0,2310.0,2330.0,0,0,121500.0,283867000.0,1.0,2364.0,2383.0,2310.0,2330.0,121500.0
2021-03-30,77250,2335.0,2360.0,2288.0,2317.0,0,0,72800.0,168495700.0,1.0,2335.0,2360.0,2288.0,2317.0,72800.0
2021-03-31,77250,2304.0,2355.0,2278.0,2337.0,0,0,71400.0,166283600.0,1.0,2304.0,2355.0,2278.0,2337.0,71400.0
2021-04-01,77250,2362.0,2440.0,2340.0,2440.0,0,0,122500.0,295221700.0,1.0,2362.0,2440.0,2340.0,2440.0,122500.0
2021-04-02,77250,2450.0,2522.0,2432.0,2485.0,0,0,106900.0,266113000.0,1.0,2450.0,2522.0,2432.0,2485.0,106900.0
2021-04-05,77250,2550.0,2566.0,2509.0,2519.0,0,0,113100.0,287585100.0,1.0,2550.0,2566.0,2509.0,2519.0,113100.0
2021-04-06,77250,2508.0,2525.0,2445.0,2505.0,0,0,153400.0,382620000.0,1.0,2508.0,2525.0,2445.0,2505.0,153400.0
2021-04-07,77250,2516.0,2539.0,2489.0,2537.0,0,0,70100.0,176787700.0,1.0,2516.0,2539.0,2489.0,2537.0,70100.0
2021-04-08,77250,2548.0,2567.0,2514.0,2516.0,0,0,102600.0,260297400.0,1.0,2548.0,2567.0,2514.0,2516.0,102600.0
2021-04-09,77250,2500.0,2515.0,2455.0,2476.0,0,0,101200.0,251830900.0,1.0,2500.0,2515.0,2455.0,2476.0,101200.0
2021-04-12,77250,2485.0,2485.0,2355.0,2388.0,0,0,229500.0,549278500.0,1.0,2485.0,2485.0,2355.0,2388.0,229500.0
2021-04-13,77250,2350.0,2472.0,2330.0,2423.0,0,0,245700.0,594405500.0,1.0,2350.0,2472.0,2330.0,2423.0,245700.0
2021-04-14,77250,2447.0,2520.0,2398.0,2477.0,0,0,189700.0,466958700.0,1.0,2447.0,2520.0,2398.0,2477.0,189700.0
2021-04-15,77250,2480.0,2505.0,2450.0,2502.0,0,0,102700.0,255435400.0,1.0,2480.0,2505.0,2450.0,2502.0,102700.0
2021-04-16,77250,2530.0,2618.0,2510.0,2518.0,0,0,172400.0,439920000.0,1.0,2530.0,2618.0,2510.0,2518.0,172400.0
2021-04-19,77250,2521.0,2645.0,2521.0,2622.0,0,0,192000.0,499950000.0,1.0,2521.0,2645.0,2521.0,2622.0,192000.0
2021-04-20,77250,2588.0,2611.0,2551.0,2566.0,0,0,135600.0,349798300.0,1.0,2588.0,2611.0,2551.0,2566.0,135600.0
2021-04-21,77250,2540.0,2569.0,2458.0,2465.0,0,0,157500.0,393568200.0,1.0,2540.0,2569.0,2458.0,2465.0,157500.0
2021-04-22,77250,2536.0,2633.0,2530.0,2591.0,0,0,195200.0,506262000.0,1.0,2536.0,2633.0,2530.0,2591.0,195200.0
2021-04-23,77250,2563.0,2598.0,2536.0,2551.0,0,0,100900.0,257802200.0,1.0,2563.0,2598.0,2536.0,2551.0,100900.0
2021-04-26,77250,2562.0,2615.0,2546.0,2577.0,0,0,93300.0,240621300.0,1.0,2562.0,2615.0,2546.0,2577.0,93300.0
2021-04-27,77250,2600.0,2600.0,2509.0,2515.0,0,0,89900.0,227620700.0,1.0,2600.0,2600.0,2509.0,2515.0,89900.0
2021-04-28,77250,2515.0,2523.0,2481.0,2494.0,0,0,90000.0,224489900.0,1.0,2515.0,2523.0,2481.0,2494.0,90000.0
2021-04-30,77250,2500.0,2560.0,2478.0,2487.0,0,0,99200.0,249001000.0,1.0,2500.0,2560.0,2478.0,2487.0,99200.0
2021-05-06,77250,2470.0,2480.0,2420.0,2439.0,0,0,82400.0,202035100.0,1.0,2470.0,2480.0,2420.0,2439.0,82400.0
2021-05-07,77250,2435.0,2469.0,2417.0,2420.0,0,0,65100.0,158519800.0,1.0,2435.0,2469.0,2417.0,2420.0,65100.0
2021-05-10,77250,2407.0,2420.0,2333.0,2377.0,0,0,120000.0,284560200.0,1.0,2407.0,2420.0,2333.0,2377.0,120000.0
2021-05-11,77250,2339.0,2343.0,2234.0,2247.0,0,0,202800.0,461245200.0,1.0,2339.0,2343.0,2234.0,2247.0,202800.0
2021-05-12,77250,2278.0,2287.0,2132.0,2156.0,0,0,179000.0,390276000.0,1.0,2278.0,2287.0,2132.0,2156.0,179000.0
2021-05-13,77250,2136.0,2167.0,2074.0,2117.0,0,0,169500.0,358543900.0,1.0,2136.0,2167.0,2074.0,2117.0,169500.0
2021-05-14,77250,2159.0,2173.0,2112.0,2120.0,0,0,106500.0,227089000.0,1.0,2159.0,2173.0,2112.0,2120.0,106500.0
2021-05-17,77250,2153.0,2156.0,2082.0,2087.0,0,0,76700.0,161263900.0,1.0,2153.0,2156.0,2082.0,2087.0,76700.0
2021-05-18,77250,2095.0,2147.0,2083.0,2139.0,0,0,64000.0,135828700.0,1.0,2095.0,2147.0,2083.0,2139.0,64000.0
2021-05-19,77250,2130.0,2205.0,2120.0,2168.0,0,0,115900.0,251271500.0,1.0,2130.0,2205.0,2120.0,2168.0,115900.0
2021-05-20,77250,2172.0,2245.0,2165.0,2235.0,0,0,70200.0,155918400.0,1.0,2172.0,2245.0,2165.0,2235.0,70200.0
2021-05-21,77250,2250.0,2288.0,2248.0,2285.0,0,0,109900.0,249760500.0,1.0,2250.0,2288.0,2248.0,2285.0,109900.0
2021-05-24,77250,2300.0,2300.0,2255.0,2255.0,0,0,87100.0,197995200.0,1.0,2300.0,2300.0,2255.0,2255.0,87100.0
2021-05-25,77250,2264.0,2281.0,2242.0,2242.0,0,0,41700.0,94132700.0,1.0,2264.0,2281.0,2242.0,2242.0,41700.0
2021-05-26,77250,2279.0,2428.0,2279.0,2360.0,0,0,289400.0,685279500.0,1.0,2279.0,2428.0,2279.0,2360.0,289400.0
2021-05-27,77250,2337.0,2350.0,2253.0,2266.0,0,0,172400.0,394792500.0,1.0,2337.0,2350.0,2253.0,2266.0,172400.0
2021-05-28,77250,2298.0,2359.0,2280.0,2347.0,0,0,184400.0,428910400.0,1.0,2298.0,2359.0,2280.0,2347.0,184400.0
2021-05-31,77250,2378.0,2410.0,2331.0,2333.0,0,0,129500.0,306668000.0,1.0,2378.0,2410.0,2331.0,2333.0,129500.0
2021-06-01,77250,2333.0,2340.0,2287.0,2335.0,0,0,72800.0,168567500.0,1.0,2333.0,2340.0,2287.0,2335.0,72800.0
2021-06-02,77250,2381.0,2381.0,2331.0,2363.0,0,0,121000.0,285644900.0,1.0,2381.0,2381.0,2331.0,2363.0,121000.0
2021-06-03,77250,2336.0,2460.0,2300.0,2437.0,0,0,204100.0,491943600.0,1.0,2336.0,2460.0,2300.0,2437.0,204100.0
2021-06-04,77250,2405.0,2443.0,2372.0,2410.0,0,0,124800.0,301187300.0,1.0,2405.0,2443.0,2372.0,2410.0,124800.0
2021-06-07,77250,2440.0,2444.0,2397.0,2429.0,0,0,93900.0,227467800.0,1.0,2440.0,2444.0,2397.0,2429.0,93900.0
2021-06-08,77250,2445.0,2502.0,2445.0,2452.0,0,0,176800.0,437322400.0,1.0,2445.0,2502.0,2445.0,2452.0,176800.0
2021-06-09,77250,2474.0,2493.0,2426.0,2464.0,0,0,106500.0,262120100.0,1.0,2474.0,2493.0,2426.0,2464.0,106500.0
2021-06-10,77250,2450.0,2472.0,2430.0,2439.0,0,0,79500.0,194699400.0,1.0,2450.0,2472.0,2430.0,2439.0,79500.0
2021-06-11,77250,2480.0,2533.0,2475.0,2517.0,0,0,160800.0,403611400.0,1.0,2480.0,2533.0,2475.0,2517.0,160800.0
2021-06-14,77250,2520.0,2544.0,2468.0,2537.0,0,0,84600.0,212543200.0,1.0,2520.0,2544.0,2468.0,2537.0,84600.0
2021-06-15,77250,2520.0,2597.0,2499.0,2581.0,0,0,111500.0,285802800.0,1.0,2520.0,2597.0,2499.0,2581.0,111500.0
2021-06-16,77250,2539.0,2599.0,2525.0,2592.0,0,0,126800.0,326774000.0,1.0,2539.0,2599.0,2525.0,2592.0,126800.0
2021-06-17,77250,2565.0,2598.0,2538.0,2596.0,0,0,105100.0,270230800.0,1.0,2565.0,2598.0,2538.0,2596.0,105100.0
2021-06-18,77250,2596.0,2622.0,2513.0,2523.0,0,0,135300.0,346658400.0,1.0,2596.0,2622.0,2513.0,2523.0,135300.0
2021-06-21,77250,2445.0,2465.0,2413.0,2435.0,0,0,194200.0,473421000.0,1.0,2445.0,2465.0,2413.0,2435.0,194200.0
2021-06-22,77250,2473.0,2473.0,2372.0,2444.0,0,0,232200.0,561158800.0,1.0,2473.0,2473.0,2372.0,2444.0,232200.0
2021-06-23,77250,2469.0,2481.0,2381.0,2396.0,0,0,110700.0,267628500.0,1.0,2469.0,2481.0,2381.0,2396.0,110700.0
2021-06-24,77250,2414.0,2417.0,2383.0,2400.0,0,0,125400.0,301568200.0,1.0,2414.0,2417.0,2383.0,2400.0,125400.0
2021-06-25,77250,2423.0,2474.0,2409.0,2467.0,0,0,112300.0,275626400.0,1.0,2423.0,2474.0,2409.0,2467.0,112300.0
2021-06-28,77250,2467.0,2540.0,2461.0,2534.0,0,0,157700.0,395809700.0,1.0,2467.0,2540.0,2461.0,2534.0,157700.0
2021-06-29,77250,2540.0,2555.0,2455.0,2496.0,0,0,123600.0,308455200.0,1.0,2540.0,2555.0,2455.0,2496.0,123600.0
2021-06-30,77250,2519.0,2537.0,2481.0,2493.0,0,0,77900.0,195231600.0,1.0,2519.0,2537.0,2481.0,2493.0,77900.0
2021-07-01,77250,2506.0,2570.0,2466.0,2468.0,0,0,142600.0,358584600.0,1.0,2506.0,2570.0,2466.0,2468.0,142600.0
2021-07-02,77250,2449.0,2481.0,2428.0,2469.0,0,0,64800.0,159323300.0,1.0,2449.0,2481.0,2428.0,2469.0,64800.0
2021-07-05,77250,2462.0,2521.0,2440.0,2509.0,0,0,67100.0,167735800.0,1.0,2462.0,2521.0,2440.0,2509.0,67100.0
2021-07-06,77250,2516.0,2528.0,2490.0,2502.0,0,0,44600.0,111878100.0,1.0,2516.0,2528.0,2490.0,2502.0,44600.0
2021-07-07,77250,2484.0,2520.0,2473.0,2486.0,0,0,57300.0,142903500.0,1.0,2484.0,2520.0,2473.0,2486.0,57300.0
2021-07-08,77250,2462.0,2470.0,2411.0,2419.0,0,0,104900.0,254666400.0,1.0,2462.0,2470.0,2411.0,2419.0,104900.0
2021-07-09,77250,2382.0,2410.0,2345.0,2410.0,0,0,110700.0,262949800.0,1.0,2382.0,2410.0,2345.0,2410.0,110700.0
2021-07-12,77250,2415.0,2486.0,2414.0,2473.0,0,0,132100.0,325331300.0,1.0,2415.0,2486.0,2414.0,2473.0,132100.0
2021-07-13,77250,2300.0,2334.0,2231.0,2252.0,0,0,831900.0,1892646200.0,1.0,2300.0,2334.0,2231.0,2252.0,831900.0
2021-07-14,77250,2245.0,2351.0,2205.0,2315.0,0,0,382400.0,880479300.0,1.0,2245.0,2351.0,2205.0,2315.0,382400.0
2021-07-15,77250,2329.0,2400.0,2286.0,2307.0,0,0,311400.0,725488500.0,1.0,2329.0,2400.0,2286.0,2307.0,311400.0
2021-07-16,77250,2288.0,2288.0,2231.0,2231.0,0,0,308300.0,694058200.0,1.0,2288.0,2288.0,2231.0,2231.0,308300.0
2021-07-19,77250,2208.0,2221.0,2173.0,2196.0,0,0,244500.0,536406700.0,1.0,2208.0,2221.0,2173.0,2196.0,244500.0
2021-07-20,77250,2180.0,2234.0,2158.0,2214.0,0,0,244900.0,539819000.0,1.0,2180.0,2234.0,2158.0,2214.0,244900.0
2021-07-21,77250,2224.0,2254.0,2190.0,2202.0,0,0,137000.0,302903000.0,1.0,2224.0,2254.0,2190.0,2202.0,137000.0
2021-07-26,77250,2222.0,2325.0,2218.0,2298.0,0,0,226400.0,516969000.0,1.0,2222.0,2325.0,2218.0,2298.0,226400.0
2021-07-27,77250,2309.0,2318.0,2259.0,2295.0,0,0,87000.0,199463900.0,1.0,2309.0,2318.0,2259.0,2295.0,87000.0
2021-07-28,77250,2276.0,2300.0,2250.0,2280.0,0,0,114100.0,259298000.0,1.0,2276.0,2300.0,2250.0,2280.0,114100.0
2021-07-29,77250,2282.0,2378.0,2270.0,2370.0,0,0,159900.0,374914800.0,1.0,2282.0,2378.0,2270.0,2370.0,159900.0
2021-07-30,77250,2360.0,2427.0,2355.0,2418.0,0,0,187200.0,449474900.0,1.0,2360.0,2427.0,2355.0,2418.0,187200.0
2021-08-02,77250,2417.0,2492.0,2396.0,2427.0,0,0,115100.0,282248700.0,1.0,2417.0,2492.0,2396.0,2427.0,115100.0
2021-08-03,77250,2475.0,2514.0,2462.0,2501.0,0,0,184300.0,460127500.0,1.0,2475.0,2514.0,2462.0,2501.0,184300.0
2021-08-04,77250,2510.0,2518.0,2469.0,2480.0,0,0,90400.0,225404000.0,1.0,2510.0,2518.0,2469.0,2480.0,90400.0
2021-08-05,77250,2462.0,2541.0,2432.0,2531.0,0,0,162000.0,408839200.0,1.0,2462.0,2541.0,2432.0,2531.0,162000.0
2021-08-06,77250,2524.0,2598.0,2520.0,2587.0,0,0,195100.0,501264800.0,1.0,2524.0,2598.0,2520.0,2587.0,195100.0
2021-08-10,77250,2556.0,2654.0,2506.0,2638.0,0,0,311100.0,815307400.0,1.0,2556.0,2654.0,2506.0,2638.0,311100.0
2021-08-11,77250,2640.0,2684.0,2605.0,2614.0,0,0,244800.0,647946600.0,1.0,2640.0,2684.0,2605.0,2614.0,244800.0
2021-08-12,77250,2639.0,2681.0,2609.0,2662.0,0,0,164300.0,436776700.0,1.0,2639.0,2681.0,2609.0,2662.0,164300.0
2021-08-13,77250,2639.0,2639.0,2527.0,2561.0,0,0,165100.0,423556100.0,1.0,2639.0,2639.0,2527.0,2561.0,165100.0
2021-08-16,77250,2595.0,2608.0,2550.0,2578.0,0,0,109800.0,283178900.0,1.0,2595.0,2608.0,2550.0,2578.0,109800.0
2021-08-17,77250,2578.0,2607.0,2551.0,2571.0,0,0,108600.0,280800800.0,1.0,2578.0,2607.0,2551.0,2571.0,108600.0
2021-08-18,77250,2549.0,2599.0,2512.0,2586.0,0,0,81500.0,209494900.0,1.0,2549.0,2599.0,2512.0,2586.0,81500.0
2021-08-19,77250,2561.0,2581.0,2522.0,2522.0,0,0,95400.0,242803400.0,1.0,2561.0,2581.0,2522.0,2522.0,95400.0
2021-08-20,77250,2531.0,2552.0,2488.0,2527.0,0,0,87800.0,221498100.0,1.0,2531.0,2552.0,2488.0,2527.0,87800.0
2021-08-23,77250,2539.0,2551.0,2513.0,2533.0,0,0,71200.0,180631900.0,1.0,2539.0,2551.0,2513.0,2533.0,71200.0
2021-08-24,77250,2549.0,2614.0,2549.0,2611.0,0,0,125200.0,325143800.0,1.0,2549.0,2614.0,2549.0,2611.0,125200.0
2021-08-25,77250,2611.0,2644.0,2577.0,2585.0,0,0,81700.0,213273200.0,1.0,2611.0,2644.0,2577.0,2585.0,81700.0
2021-08-26,77250,2589.0,2644.0,2585.0,2636.0,0,0,82100.0,215438700.0,1.0,2589.0,2644.0,2585.0,2636.0,82100.0
2021-08-27,77250,2636.0,2666.0,2611.0,2665.0,0,0,86100.0,228322600.0,1.0,2636.0,2666.0,2611.0,2665.0,86100.0
2021-08-30,77250,2684.0,2713.0,2676.0,2700.0,0,0,108700.0,292778700.0,1.0,2684.0,2713.0,2676.0,2700.0,108700.0
2021-08-31,77250,2693.0,2760.0,2681.0,2743.0,0,0,140300.0,383064000.0,1.0,2693.0,2760.0,2681.0,2743.0,140300.0
2021-09-01,77250,2748.0,2777.0,2719.0,2751.0,0,0,121500.0,334107600.0,1.0,2748.0,2777.0,2719.0,2751.0,121500.0
2021-09-02,77250,2737.0,2765.0,2700.0,2713.0,0,0,136700.0,372072600.0,1.0,2737.0,2765.0,2700.0,2713.0,136700.0
2021-09-03,77250,2728.0,2789.0,2720.0,2771.0,0,0,126300.0,348435100.0,1.0,2728.0,2789.0,2720.0,2771.0,126300.0
2021-09-06,77250,2790.0,2827.0,2784.0,2820.0,0,0,81600.0,229164200.0,1.0,2790.0,2827.0,2784.0,2820.0,81600.0
2021-09-07,77250,2831.0,2845.0,2747.0,2773.0,0,0,105100.0,292957600.0,1.0,2831.0,2845.0,2747.0,2773.0,105100.0
2021-09-08,77250,2798.0,2806.0,2710.0,2805.0,0,0,150200.0,414496900.0,1.0,2798.0,2806.0,2710.0,2805.0,150200.0
2021-09-09,77250,2782.0,2805.0,2731.0,2746.0,0,0,64700.0,178246000.0,1.0,2782.0,2805.0,2731.0,2746.0,64700.0
2021-09-10,77250,2787.0,2899.0,2778.0,2871.0,0,0,215400.0,615121000.0,1.0,2787.0,2899.0,2778.0,2871.0,215400.0
2021-09-13,77250,2900.0,2930.0,2878.0,2900.0,0,0,90200.0,261406000.0,1.0,2900.0,2930.0,2878.0,2900.0,90200.0
2021-09-14,77250,2893.0,2915.0,2842.0,2914.0,0,0,75800.0,219144900.0,1.0,2893.0,2915.0,2842.0,2914.0,75800.0
2021-09-15,77250,2864.0,2902.0,2855.0,2891.0,0,0,49100.0,141595900.0,1.0,2864.0,2902.0,2855.0,2891.0,49100.0
2021-09-16,77250,2886.0,2886.0,2775.0,2819.0,0,0,93500.0,263380700.0,1.0,2886.0,2886.0,2775.0,2819.0,93500.0
2021-09-17,77250,2808.0,2892.0,2802.0,2875.0,0,0,73800.0,211942800.0,1.0,2808.0,2892.0,2802.0,2875.0,73800.0
2021-09-21,77250,2784.0,2841.0,2777.0,2822.0,0,0,57600.0,162166300.0,1.0,2784.0,2841.0,2777.0,2822.0,57600.0
2021-09-22,77250,2800.0,2824.0,2778.0,2811.0,0,0,72400.0,203226500.0,1.0,2800.0,2824.0,2778.0,2811.0,72400.0
2021-09-24,77250,2860.0,2903.0,2835.0,2859.0,0,0,88700.0,254555200.0,1.0,2860.0,2903.0,2835.0,2859.0,88700.0
2021-09-27,77250,2820.0,2821.0,2770.0,2799.0,0,0,107600.0,301203800.0,1.0,2820.0,2821.0,2770.0,2799.0,107600.0
2021-09-28,77250,2781.0,2781.0,2720.0,2747.0,0,0,106900.0,292821700.0,1.0,2781.0,2781.0,2720.0,2747.0,106900.0
2021-09-29,77250,2701.0,2722.0,2652.0,2683.0,0,0,142900.0,383519300.0,1.0,2701.0,2722.0,2652.0,2683.0,142900.0
2021-09-30,77250,2667.0,2708.0,2582.0,2676.0,0,0,163900.0,434170100.0,1.0,2667.0,2708.0,2582.0,2676.0,163900.0
2021-10-01,77250,2651.0,2704.0,2621.0,2636.0,0,0,69800.0,184820600.0,1.0,2651.0,2704.0,2621.0,2636.0,69800.0
2021-10-04,77250,2661.0,2661.0,2516.0,2568.0,0,0,110500.0,283625200.0,1.0,2661.0,2661.0,2516.0,2568.0,110500.0
2021-10-05,77250,2519.0,2576.0,2491.0,2567.0,0,0,112800.0,286637000.0,1.0,2519.0,2576.0,2491.0,2567.0,112800.0
2021-10-06,77250,2591.0,2640.0,2450.0,2499.0,0,0,133800.0,336310300.0,1.0,2591.0,2640.0,2450.0,2499.0,133800.0
2021-10-07,77250,2482.0,2517.0,2451.0,2456.0,0,0,81200.0,201719600.0,1.0,2482.0,2517.0,2451.0,2456.0,81200.0
2021-10-08,77250,2484.0,2518.0,2472.0,2498.0,0,0,81100.0,202384100.0,1.0,2484.0,2518.0,2472.0,2498.0,81100.0
2021-10-11,77250,2524.0,2545.0,2472.0,2530.0,0,0,79500.0,200362000.0,1.0,2524.0,2545.0,2472.0,2530.0,79500.0
2021-10-12,77250,2570.0,2616.0,2511.0,2511.0,0,0,145300.0,369396800.0,1.0,2570.0,2616.0,2511.0,2511.0,145300.0
2021-10-13,77250,2361.0,2384.0,2282.0,2304.0,0,0,416100.0,966263000.0,1.0,2361.0,2384.0,2282.0,2304.0,416100.0
2021-10-14,77250,2338.0,2409.0,2321.0,2379.0,0,0,181700.0,429258400.0,1.0,2338.0,2409.0,2321.0,2379.0,181700.0
2021-10-15,77250,2424.0,2520.0,2424.0,2510.0,0,0,167500.0,416606500.0,1.0,2424.0,2520.0,2424.0,2510.0,167500.0
2021-10-18,77250,2555.0,2560.0,2494.0,2524.0,0,0,93100.0,234781100.0,1.0,2555.0,2560.0,2494.0,2524.0,93100.0
2021-10-19,77250,2525.0,2593.0,2525.0,2565.0,0,0,98700.0,253535400.0,1.0,2525.0,2593.0,2525.0,2565.0,98700.0
2021-10-20,77250,2601.0,2610.0,2500.0,2500.0,0,0,107500.0,274662200.0,1.0,2601.0,2610.0,2500.0,2500.0,107500.0
2021-10-21,77250,2472.0,2483.0,2393.0,2393.0,0,0,145000.0,352378200.0,1.0,2472.0,2483.0,2393.0,2393.0,145000.0
2021-10-22,77250,2376.0,2456.0,2360.0,2405.0,0,0,108400.0,261727500.0,1.0,2376.0,2456.0,2360.0,2405.0,108400.0
2021-10-25,77250,2419.0,2434.0,2376.0,2430.0,0,0,60300.0,145618800.0,1.0,2419.0,2434.0,2376.0,2430.0,60300.0
2021-10-26,77250,2459.0,2465.0,2427.0,2444.0,0,0,57300.0,140283700.0,1.0,2459.0,2465.0,2427.0,2444.0,57300.0
2021-10-27,77250,2448.0,2448.0,2404.0,2408.0,0,0,48500.0,117073700.0,1.0,2448.0,2448.0,2404.0,2408.0,48500.0
2021-10-28,77250,2429.0,2436.0,2376.0,2388.0,0,0,76500.0,183250300.0,1.0,2429.0,2436.0,2376.0,2388.0,76500.0
2021-10-29,77250,2395.0,2454.0,2379.0,2450.0,0,0,75700.0,183705200.0,1.0,2395.0,2454.0,2379.0,2450.0,75700.0
2021-11-01,77250,2483.0,2498.0,2458.0,2466.0,0,0,42900.0,106234300.0,1.0,2483.0,2498.0,2458.0,2466.0,42900.0
2021-11-02,77250,2448.0,2472.0,2394.0,2394.0,0,0,52800.0,127381600.0,1.0,2448.0,2472.0,2394.0,2394.0,52800.0
2021-11-04,77250,2424.0,2438.0,2385.0,2400.0,0,0,55000.0,132518400.0,1.0,2424.0,2438.0,2385.0,2400.0,55000.0
2021-11-05,77250,2426.0,2428.0,2366.0,2400.0,0,0,47400.0,113535500.0,1.0,2426.0,2428.0,2366.0,2400.0,47400.0
2021-11-08,77250,2400.0,2400.0,2332.0,2363.0,0,0,79500.0,187530000.0,1.0,2400.0,2400.0,2332.0,2363.0,79500.0
2021-11-09,77250,2373.0,2413.0,2366.0,2379.0,0,0,57700.0,137938100.0,1.0,2373.0,2413.0,2366.0,2379.0,57700.0
2021-11-10,77250,2377.0,2449.0,2351.0,2419.0,0,0,94700.0,229025800.0,1.0,2377.0,2449.0,2351.0,2419.0,94700.0
2021-11-11,77250,2392.0,2445.0,2375.0,2445.0,0,0,64600.0,156902900.0,1.0,2392.0,2445.0,2375.0,2445.0,64600.0
2021-11-12,77250,2450.0,2485.0,2440.0,2475.0,0,0,74800.0,184515900.0,1.0,2450.0,2485.0,2440.0,2475.0,74800.0
2021-11-15,77250,2504.0,2537.0,2497.0,2531.0,0,0,74300.0,187104500.0,1.0,2504.0,2537.0,2497.0,2531.0,74300.0
2021-11-16,77250,2540.0,2589.0,2512.0,2567.0,0,0,139800.0,359167300.0,1.0,2540.0,2589.0,2512.0,2567.0,139800.0
2021-11-17,77250,2567.0,2568.0,2499.0,2523.0,0,0,75500.0,190829600.0,1.0,2567.0,2568.0,2499.0,2523.0,75500.0
2021-11-18,77250,2514.0,2573.0,2503.0,2540.0,0,0,69000.0,175059400.0,1.0,2514.0,2573.0,2503.0,2540.0,69000.0
2021-11-19,77250,2534.0,2555.0,2477.0,2517.0,0,0,87500.0,219509400.0,1.0,2534.0,2555.0,2477.0,2517.0,87500.0
2021-11-22,77250,2517.0,2520.0,2477.0,2488.0,0,0,64200.0,160324400.0,1.0,2517.0,2520.0,2477.0,2488.0,64200.0
2021-11-24,77250,2473.0,2473.0,2378.0,2396.0,0,0,128800.0,310210300.0,1.0,2473.0,2473.0,2378.0,2396.0,128800.0
2021-11-25,77250,2384.0,2390.0,2324.0,2324.0,0,0,102900.0,241690900.0,1.0,2384.0,2390.0,2324.0,2324.0,102900.0
2021-11-26,77250,2333.0,2344.0,2275.0,2318.0,0,0,115400.0,266764600.0,1.0,2333.0,2344.0,2275.0,2318.0,115400.0
2021-11-29,77250,2268.0,2341.0,2224.0,2288.0,0,0,135000.0,309576800.0,1.0,2268.0,2341.0,2224.0,2288.0,135000.0
2021-11-30,77250,2330.0,2365.0,2307.0,2325.0,0,0,110800.0,259161400.0,1.0,2330.0,2365.0,2307.0,2325.0,110800.0
2021-12-01,77250,2320.0,2355.0,2210.0,2335.0,0,0,121600.0,280738900.0,1.0,2320.0,2355.0,2210.0,2335.0,121600.0
2021-12-02,77250,2311.0,2362.0,2290.0,2321.0,0,0,78100.0,182897000.0,1.0,2311.0,2362.0,2290.0,2321.0,78100.0
2021-12-03,77250,2337.0,2369.0,2311.0,2352.0,0,0,97300.0,228402000.0,1.0,2337.0,2369.0,2311.0,2352.0,97300.0
2021-12-06,77250,2386.0,2392.0,2354.0,2359.0,0,0,71800.0,170125400.0,1.0,2386.0,2392.0,2354.0,2359.0,71800.0
2021-12-07,77250,2379.0,2394.0,2340.0,2390.0,0,0,68000.0,161242500.0,1.0,2379.0,2394.0,2340.0,2390.0,68000.0
2021-12-08,77250,2429.0,2456.0,2414.0,2442.0,0,0,70900.0,172957400.0,1.0,2429.0,2456.0,2414.0,2442.0,70900.0
2021-12-09,77250,2444.0,2466.0,2430.0,2449.0,0,0,42500.0,104092800.0,1.0,2444.0,2466.0,2430.0,2449.0,42500.0
2021-12-10,77250,2427.0,2430.0,2373.0,2392.0,0,0,75300.0,180459400.0,1.0,2427.0,2430.0,2373.0,2392.0,75300.0
2021-12-13,77250,2417.0,2434.0,2377.0,2380.0,0,0,57300.0,137262300.0,1.0,2417.0,2434.0,2377.0,2380.0,57300.0
2021-12-14,77250,2363.0,2366.0,2302.0,2360.0,0,0,99900.0,234163400.0,1.0,2363.0,2366.0,2302.0,2360.0,99900.0
2021-12-15,77250,2385.0,2433.0,2363.0,2380.0,0,0,79200.0,189786900.0,1.0,2385.0,2433.0,2363.0,2380.0,79200.0
2021-12-16,77250,2451.0,2458.0,2419.0,2458.0,0,0,92500.0,226030200.0,1.0,2451.0,2458.0,2419.0,2458.0,92500.0
2021-12-17,77250,2421.0,2463.0,2415.0,2447.0,0,0,60500.0,147884300.0,1.0,2421.0,2463.0,2415.0,2447.0,60500.0
2021-12-20,77250,2434.0,2445.0,2341.0,2341.0,0,0,70900.0,168786400.0,1.0,2434.0,2445.0,2341.0,2341.0,70900.0
2021-12-21,77250,2359.0,2402.0,2350.0,2387.0,0,0,54800.0,130371400.0,1.0,2359.0,2402.0,2350.0,2387.0,54800.0
2021-12-22,77250,2400.0,2439.0,2377.0,2439.0,0,0,80600.0,194567800.0,1.0,2400.0,2439.0,2377.0,2439.0,80600.0
2021-12-23,77250,2439.0,2474.0,2415.0,2464.0,0,0,86900.0,213042300.0,1.0,2439.0,2474.0,2415.0,2464.0,86900.0
2021-12-24,77250,2475.0,2538.0,2468.0,2524.0,0,0,124400.0,312554100.0,1.0,2475.0,2538.0,2468.0,2524.0,124400.0
2021-12-27,77250,2517.0,2517.0,2452.0,2462.0,0,0,107300.0,265723600.0,1.0,2517.0,2517.0,2452.0,2462.0,107300.0
2021-12-28,77250,2494.0,2497.0,2434.0,2453.0,0,0,100400.0,246132400.0,1.0,2494.0,2497.0,2434.0,2453.0,100400.0
2021-12-29,77250,2453.0,2507.0,2421.0,2495.0,0,0,106000.0,263191500.0,1.0,2453.0,2507.0,2421.0,2495.0,106000.0
2021-12-30,77250,2473.0,2513.0,2441.0,2486.0,0,0,79500.0,197932200.0,1.0,2473.0,2513.0,2441.0,2486.0,79500.0
2022-01-04,77250,2500.0,2538.0,2462.0,2483.0,0,0,89400.0,223713300.0,1.0,2500.0,2538.0,2462.0,2483.0,89400.0
2022-01-05,77250,2481.0,2650.0,2448.0,2637.0,0,0,670900.0,1740768600.0,1.0,2481.0,2650.0,2448.0,2637.0,670900.0
2022-01-06,77250,2567.0,2567.0,2405.0,2430.0,0,0,446900.0,1108093400.0,1.0,2567.0,2567.0,2405.0,2430.0,446900.0
2022-01-07,77250,2482.0,2498.0,2344.0,2424.0,0,0,256200.0,618894300.0,1.0,2482.0,2498.0,2344.0,2424.0,256200.0
2022-01-11,77250,2404.0,2440.0,2374.0,2391.0,0,0,129000.0,308525600.0,1.0,2404.0,2440.0,2374.0,2391.0,129000.0
2022-01-12,77250,2431.0,2457.0,2372.0,2394.0,0,0,204400.0,491157700.0,1.0,2431.0,2457.0,2372.0,2394.0,204400.0
2022-01-13,77250,2344.0,2417.0,2270.0,2288.0,0,0,503300.0,1174811700.0,1.0,2344.0,2417.0,2270.0,2288.0,503300.0
2022-01-14,77250,2214.0,2242.0,2123.0,2159.0,0,0,346200.0,750704200.0,1.0,2214.0,2242.0,2123.0,2159.0,346200.0
2022-01-17,77250,2161.0,2192.0,2128.0,2131.0,0,0,166000.0,358101200.0,1.0,2161.0,2192.0,2128.0,2131.0,166000.0
2022-01-18,77250,2125.0,2196.0,2125.0,2169.0,0,0,187900.0,408886700.0,1.0,2125.0,2196.0,2125.0,2169.0,187900.0
2022-01-19,77250,2119.0,2149.0,1957.0,1965.0,0,0,315900.0,637838200.0,1.0,2119.0,2149.0,1957.0,1965.0,315900.0
2022-01-20,77250,1945.0,2025.0,1921.0,1999.0,0,0,255200.0,501565700.0,1.0,1945.0,2025.0,1921.0,1999.0,255200.0
2022-01-21,77250,1943.0,2015.0,1942.0,2002.0,0,0,134900.0,267247400.0,1.0,1943.0,2015.0,1942.0,2002.0,134900.0
2022-01-24,77250,1952.0,2048.0,1926.0,2033.0,0,0,195700.0,388991400.0,1.0,1952.0,2048.0,1926.0,2033.0,195700.0
2022-01-25,77250,2027.0,2035.0,1914.0,1938.0,0,0,141100.0,275626300.0,1.0,2027.0,2035.0,1914.0,1938.0,141100.0
2022-01-26,77250,1917.0,1962.0,1910.0,1947.0,0,0,108900.0,210897100.0,1.0,1917.0,1962.0,1910.0,1947.0,108900.0
2022-01-27,77250,1978.0,1978.0,1806.0,1810.0,0,0,200500.0,369388000.0,1.0,1978.0,1978.0,1806.0,1810.0,200500.0
2022-01-28,77250,1835.0,1864.0,1800.0,1852.0,0,0,129200.0,237281900.0,1.0,1835.0,1864.0,1800.0,1852.0,129200.0
2022-01-31,77250,1888.0,1958.0,1868.0,1926.0,0,0,88000.0,169125300.0,1.0,1888.0,1958.0,1868.0,1926.0,88000.0
2022-02-01,77250,1991.0,2005.0,1923.0,1945.0,0,0,97900.0,192048200.0,1.0,1991.0,2005.0,1923.0,1945.0,97900.0
2022-02-02,77250,1965.0,2008.0,1947.0,2005.0,0,0,68600.0,136462600.0,1.0,1965.0,2008.0,1947.0,2005.0,68600.0
2022-02-03,77250,1981.0,1993.0,1935.0,1937.0,0,0,124400.0,244207600.0,1.0,1981.0,1993.0,1935.0,1937.0,124400.0
2022-02-04,77250,1936.0,1960.0,1906.0,1959.0,0,0,148800.0,288115600.0,1.0,1936.0,1960.0,1906.0,1959.0,148800.0
2022-02-07,77250,1959.0,1984.0,1925.0,1958.0,0,0,87600.0,171370300.0,1.0,1959.0,1984.0,1925.0,1958.0,87600.0
2022-02-08,77250,1958.0,1981.0,1938.0,1956.0,0,0,50900.0,99754900.0,1.0,1958.0,1981.0,1938.0,1956.0,50900.0
2022-02-09,77250,1981.0,2005.0,1976.0,1989.0,0,0,47200.0,94005200.0,1.0,1981.0,2005.0,1976.0,1989.0,47200.0
2022-02-10,77250,2046.0,2046.0,1988.0,2022.0,0,0,91900.0,185113300.0,1.0,2046.0,2046.0,1988.0,2022.0,91900.0
2022-02-14,77250,1950.0,1993.0,1931.0,1972.0,0,0,82800.0,162917900.0,1.0,1950.0,1993.0,1931.0,1972.0,82800.0
2022-02-15,77250,1993.0,2010.0,1953.0,1965.0,0,0,46500.0,91969500.0,1.0,1993.0,2010.0,1953.0,1965.0,46500.0
2022-02-16,77250,2032.0,2059.0,2007.0,2059.0,0,0,72100.0,147044800.0,1.0,2032.0,2059.0,2007.0,2059.0,72100.0
2022-02-17,77250,2056.0,2066.0,2018.0,2037.0,0,0,40700.0,82976600.0,1.0,2056.0,2066.0,2018.0,2037.0,40700.0
2022-02-18,77250,2004.0,2026.0,1967.0,2013.0,0,0,59700.0,119496800.0,1.0,2004.0,2026.0,1967.0,2013.0,59700.0
2022-02-21,77250,2008.0,2008.0,1955.0,2002.0,0,0,31000.0,61632100.0,1.0,2008.0,2008.0,1955.0,2002.0,31000.0
2022-02-22,77250,1960.0,1983.0,1920.0,1954.0,0,0,77100.0,150365800.0,1.0,1960.0,1983.0,1920.0,1954.0,77100.0
2022-02-24,77250,1923.0,1997.0,1916.0,1963.0,0,0,86300.0,169307500.0,1.0,1923.0,1997.0,1916.0,1963.0,86300.0
2022-02-25,77250,2001.0,2103.0,1982.0,2099.0,0,0,147900.0,304736500.0,1.0,2001.0,2103.0,1982.0,2099.0,147900.0
2022-02-28,77250,2049.0,2165.0,2043.0,2136.0,0,0,163600.0,348746000.0,1.0,2049.0,2165.0,2043.0,2136.0,163600.0
2022-03-01,77250,2180.0,2193.0,2136.0,2149.0,0,0,167000.0,362067200.0,1.0,2180.0,2193.0,2136.0,2149.0,167000.0
2022-03-02,77250,2114.0,2115.0,2068.0,2105.0,0,0,58400.0,122582700.0,1.0,2114.0,2115.0,2068.0,2105.0,58400.0
2022-03-03,77250,2130.0,2135.0,2087.0,2109.0,0,0,53000.0,111941100.0,1.0,2130.0,2135.0,2087.0,2109.0,53000.0
2022-03-04,77250,2087.0,2094.0,2009.0,2033.0,0,0,91100.0,185721300.0,1.0,2087.0,2094.0,2009.0,2033.0,91100.0
2022-03-07,77250,1972.0,1999.0,1884.0,1923.0,0,0,127600.0,246446800.0,1.0,1972.0,1999.0,1884.0,1923.0,127600.0
2022-03-08,77250,1870.0,1912.0,1807.0,1817.0,0,0,174700.0,322496000.0,1.0,1870.0,1912.0,1807.0,1817.0,174700.0
2022-03-09,77250,1845.0,1868.0,1798.0,1826.0,0,0,133900.0,245591900.0,1.0,1845.0,1868.0,1798.0,1826.0,133900.0
2022-03-10,77250,1866.0,1901.0,1855.0,1899.0,0,0,109500.0,206326800.0,1.0,1866.0,1901.0,1855.0,1899.0,109500.0
2022-03-11,77250,1843.0,1876.0,1819.0,1848.0,0,0,103200.0,190159600.0,1.0,1843.0,1876.0,1819.0,1848.0,103200.0
2022-03-14,77250,1840.0,1869.0,1801.0,1831.0,0,0,89900.0,164503700.0,1.0,1840.0,1869.0,1801.0,1831.0,89900.0
2022-03-15,77250,1803.0,1823.0,1776.0,1818.0,0,0,112100.0,202236300.0,1.0,1803.0,1823.0,1776.0,1818.0,112100.0
2022-03-16,77250,1848.0,1869.0,1822.0,1868.0,0,0,54400.0,100581800.0,1.0,1848.0,1869.0,1822.0,1868.0,54400.0
2022-03-17,77250,1933.0,2007.0,1916.0,1974.0,0,0,127700.0,251854300.0,1.0,1933.0,2007.0,1916.0,1974.0,127700.0
2022-03-18,77250,1974.0,2025.0,1961.0,2021.0,0,0,111700.0,223303700.0,1.0,1974.0,2025.0,1961.0,2021.0,111700.0
2022-03-22,77250,2035.0,2044.0,2001.0,2028.0,0,0,44900.0,90946100.0,1.0,2035.0,2044.0,2001.0,2028.0,44900.0
2022-03-23,77250,2055.0,2124.0,2055.0,2088.0,0,0,103600.0,217615200.0,1.0,2055.0,2124.0,2055.0,2088.0,103600.0
2022-03-24,77250,2068.0,2116.0,2061.0,2107.0,0,0,72100.0,151435400.0,1.0,2068.0,2116.0,2061.0,2107.0,72100.0
2022-03-25,77250,2115.0,2136.0,2088.0,2108.0,0,0,56000.0,118197800.0,1.0,2115.0,2136.0,2088.0,2108.0,56000.0
2022-03-28,77250,2108.0,2116.0,2073.0,2083.0,0,0,47300.0,99041100.0,1.0,2108.0,2116.0,2073.0,2083.0,47300.0
2022-03-29,77250,2097.0,2128.0,2087.0,2121.0,0,0,141900.0,300119600.0,1.0,2097.0,2128.0,2087.0,2121.0,141900.0
2022-03-30,77250,2150.0,2168.0,2134.0,2167.0,0,0,56700.0,122251500.0,1.0,2150.0,2168.0,2134.0,2167.0,56700.0
2022-03-31,77250,2130.0,2181.0,2122.0,2165.0,0,0,77600.0,168291400.0,1.0,2130.0,2181.0,2122.0,2165.0,77600.0
2022-04-01,77250,2140.0,2145.0,2085.0,2090.0,0,0,70600.0,148448700.0,1.0,2140.0,2145.0,2085.0,2090.0,70600.0
2022-04-04,77250,2056.0,2094.0,2045.0,2072.0,0,0,50900.0,105101400.0,1.0,2056.0,2094.0,2045.0,2072.0,50900.0
2022-04-05,77250,2100.0,2129.0,2068.0,2072.0,0,0,56200.0,117519400.0,1.0,2100.0,2129.0,2068.0,2072.0,56200.0
2022-04-06,77250,2036.0,2048.0,2006.0,2016.0,0,0,49200.0,99579300.0,1.0,2036.0,2048.0,2006.0,2016.0,49200.0
2022-04-07,77250,1971.0,1971.0,1931.0,1943.0,0,0,64700.0,125952800.0,1.0,1971.0,1971.0,1931.0,1943.0,64700.0
2022-04-08,77250,1929.0,1948.0,1911.0,1935.0,0,0,94100.0,181644300.0,1.0,1929.0,1948.0,1911.0,1935.0,94100.0
2022-04-11,77250,1900.0,1933.0,1875.0,1891.0,0,0,97600.0,184575000.0,1.0,1900.0,1933.0,1875.0,1891.0,97600.0
2022-04-12,77250,1811.0,1859.0,1811.0,1824.0,0,0,229100.0,420141500.0,1.0,1811.0,1859.0,1811.0,1824.0,229100.0
2022-04-13,77250,1824.0,1852.0,1816.0,1832.0,0,0,68200.0,124727000.0,1.0,1824.0,1852.0,1816.0,1832.0,68200.0
2022-04-14,77250,1815.0,1820.0,1760.0,1788.0,0,0,189500.0,337851000.0,1.0,1815.0,1820.0,1760.0,1788.0,189500.0
2022-04-15,77250,1784.0,1837.0,1767.0,1836.0,0,0,128500.0,233458000.0,1.0,1784.0,1837.0,1767.0,1836.0,128500.0
2022-04-18,77250,1865.0,1887.0,1835.0,1885.0,0,0,101600.0,189394100.0,1.0,1865.0,1887.0,1835.0,1885.0,101600.0
2022-04-19,77250,1909.0,1945.0,1883.0,1929.0,0,0,108300.0,207364500.0,1.0,1909.0,1945.0,1883.0,1929.0,108300.0
2022-04-20,77250,1933.0,1956.0,1898.0,1914.0,0,0,51700.0,99474900.0,1.0,1933.0,1956.0,1898.0,1914.0,51700.0
2022-04-21,77250,1902.0,1936.0,1895.0,1923.0,0,0,62100.0,119239700.0,1.0,1902.0,1936.0,1895.0,1923.0,62100.0
2022-04-22,77250,1928.0,1928.0,1859.0,1864.0,0,0,39300.0,73628700.0,1.0,1928.0,1928.0,1859.0,1864.0,39300.0
2022-04-25,77250,1830.0,1857.0,1814.0,1837.0,0,0,40100.0,73591600.0,1.0,1830.0,1857.0,1814.0,1837.0,40100.0
2022-04-26,77250,1877.0,1922.0,1840.0,1873.0,0,0,68700.0,129297500.0,1.0,1877.0,1922.0,1840.0,1873.0,68700.0
2022-04-27,77250,1857.0,1926.0,1845.0,1923.0,0,0,81700.0,154935200.0,1.0,1857.0,1926.0,1845.0,1923.0,81700.0
2022-04-28,77250,1920.0,1961.0,1917.0,1953.0,0,0,50400.0,97942600.0,1.0,1920.0,1961.0,1917.0,1953.0,50400.0
2022-05-02,77250,1950.0,1950.0,1898.0,1902.0,0,0,52300.0,99717400.0,1.0,1950.0,1950.0,1898.0,1902.0,52300.0
2022-05-06,77250,1920.0,1947.0,1886.0,1931.0,0,0,38200.0,73342100.0,1.0,1920.0,1947.0,1886.0,1931.0,38200.0
2022-05-09,77250,1931.0,1935.0,1889.0,1899.0,0,0,46300.0,88380300.0,1.0,1931.0,1935.0,1889.0,1899.0,46300.0
2022-05-10,77250,1885.0,1901.0,1851.0,1885.0,0,0,66400.0,124956800.0,1.0,1885.0,1901.0,1851.0,1885.0,66400.0
2022-05-11,77250,1895.0,1950.0,1874.0,1950.0,0,0,67600.0,130531800.0,1.0,1895.0,1950.0,1874.0,1950.0,67600.0
2022-05-12,77250,1919.0,1922.0,1858.0,1860.0,0,0,114100.0,214858500.0,1.0,1919.0,1922.0,1858.0,1860.0,114100.0
2022-05-13,77250,1866.0,1988.0,1866.0,1988.0,0,0,92400.0,181585300.0,1.0,1866.0,1988.0,1866.0,1988.0,92400.0
2022-05-16,77250,2020.0,2039.0,1975.0,2003.0,0,0,65100.0,130159100.0,1.0,2020.0,2039.0,1975.0,2003.0,65100.0
2022-05-17,77250,2020.0,2020.0,1989.0,2015.0,0,0,56900.0,114230100.0,1.0,2020.0,2020.0,1989.0,2015.0,56900.0
2022-05-18,77250,2030.0,2065.0,2022.0,2048.0,0,0,75800.0,154913000.0,1.0,2030.0,2065.0,2022.0,2048.0,75800.0
2022-05-19,77250,1989.0,2024.0,1973.0,1986.0,0,0,71400.0,142490900.0,1.0,1989.0,2024.0,1973.0,1986.0,71400.0
2022-05-20,77250,2020.0,2065.0,1991.0,2057.0,0,0,89100.0,182057500.0,1.0,2020.0,2065.0,1991.0,2057.0,89100.0
2022-05-23,77250,2099.0,2105.0,2008.0,2045.0,0,0,65100.0,133500300.0,1.0,2099.0,2105.0,2008.0,2045.0,65100.0
2022-05-24,77250,2045.0,2045.0,1972.0,1972.0,0,0,58900.0,117560200.0,1.0,2045.0,2045.0,1972.0,1972.0,58900.0
2022-05-25,77250,1972.0,1994.0,1945.0,1984.0,0,0,47100.0,92895400.0,1.0,1972.0,1994.0,1945.0,1984.0,47100.0
2022-05-26,77250,1998.0,2027.0,1984.0,1988.0,0,0,50400.0,100805900.0,1.0,1998.0,2027.0,1984.0,1988.0,50400.0
2022-05-27,77250,2038.0,2046.0,1981.0,1984.0,0,0,110800.0,221947500.0,1.0,2038.0,2046.0,1981.0,1984.0,110800.0
2022-05-30,77250,2035.0,2162.0,2035.0,2132.0,0,0,232400.0,492370400.0,1.0,2035.0,2162.0,2035.0,2132.0,232400.0
2022-05-31,77250,2132.0,2190.0,2101.0,2164.0,0,0,113000.0,244191200.0,1.0,2132.0,2190.0,2101.0,2164.0,113000.0
2022-06-01,77250,2164.0,2164.0,2122.0,2143.0,0,0,43800.0,93605700.0,1.0,2164.0,2164.0,2122.0,2143.0,43800.0
2022-06-02,77250,2135.0,2151.0,2112.0,2132.0,0,0,40600.0,86493300.0,1.0,2135.0,2151.0,2112.0,2132.0,40600.0
2022-06-03,77250,2132.0,2165.0,2107.0,2116.0,0,0,54800.0,116562300.0,1.0,2132.0,2165.0,2107.0,2116.0,54800.0
2022-06-06,77250,2070.0,2124.0,2060.0,2115.0,0,0,33000.0,69570500.0,1.0,2070.0,2124.0,2060.0,2115.0,33000.0
2022-06-07,77250,2100.0,2119.0,2078.0,2094.0,0,0,28500.0,59733200.0,1.0,2100.0,2119.0,2078.0,2094.0,28500.0
2022-06-08,77250,2094.0,2152.0,2094.0,2122.0,0,0,35100.0,74605700.0,1.0,2094.0,2152.0,2094.0,2122.0,35100.0
2022-06-09,77250,2137.0,2139.0,2112.0,2116.0,0,0,32400.0,68821500.0,1.0,2137.0,2139.0,2112.0,2116.0,32400.0
2022-06-10,77250,2089.0,2089.0,2017.0,2040.0,0,0,76700.0,156936300.0,1.0,2089.0,2089.0,2017.0,2040.0,76700.0
2022-06-13,77250,1991.0,2000.0,1951.0,1963.0,0,0,57900.0,113918600.0,1.0,1991.0,2000.0,1951.0,1963.0,57900.0
2022-06-14,77250,1923.0,1953.0,1904.0,1951.0,0,0,59200.0,114449500.0,1.0,1923.0,1953.0,1904.0,1951.0,59200.0
2022-06-15,77250,1940.0,1964.0,1891.0,1898.0,0,0,63200.0,120439700.0,1.0,1940.0,1964.0,1891.0,1898.0,63200.0
2022-06-16,77250,1948.0,1965.0,1930.0,1933.0,0,0,34800.0,67660300.0,1.0,1948.0,1965.0,1930.0,1933.0,34800.0
2022-06-17,77250,1882.0,1902.0,1860.0,1875.0,0,0,84300.0,158714400.0,1.0,1882.0,1902.0,1860.0,1875.0,84300.0
2022-06-20,77250,1899.0,1899.0,1810.0,1830.0,0,0,49600.0,90919400.0,1.0,1899.0,1899.0,1810.0,1830.0,49600.0
2022-06-21,77250,1840.0,1883.0,1830.0,1866.0,0,0,56500.0,104976700.0,1.0,1840.0,1883.0,1830.0,1866.0,56500.0
2022-06-22,77250,1893.0,1898.0,1809.0,1822.0,0,0,73100.0,133855100.0,1.0,1893.0,1898.0,1809.0,1822.0,73100.0
2022-06-23,77250,1814.0,1850.0,1794.0,1821.0,0,0,36200.0,65847100.0,1.0,1814.0,1850.0,1794.0,1821.0,36200.0
2022-06-24,77250,1826.0,1868.0,1807.0,1863.0,0,0,33900.0,62811000.0,1.0,1826.0,1868.0,1807.0,1863.0,33900.0
2022-06-27,77250,1875.0,1897.0,1845.0,1880.0,0,0,51700.0,96811700.0,1.0,1875.0,1897.0,1845.0,1880.0,51700.0
2022-06-28,77250,1891.0,1939.0,1881.0,1918.0,0,0,81100.0,154408300.0,1.0,1891.0,1939.0,1881.0,1918.0,81100.0
2022-06-29,77250,1888.0,1986.0,1862.0,1973.0,0,0,124200.0,240010500.0,1.0,1888.0,1986.0,1862.0,1973.0,124200.0
2022-06-30,77250,1944.0,1969.0,1862.0,1875.0,0,0,87100.0,164941900.0,1.0,1944.0,1969.0,1862.0,1875.0,87100.0
2022-07-01,77250,1870.0,1870.0,1767.0,1799.0,0,0,132600.0,239485300.0,1.0,1870.0,1870.0,1767.0,1799.0,132600.0
2022-07-04,77250,1805.0,1825.0,1764.0,1788.0,0,0,84000.0,149735700.0,1.0,1805.0,1825.0,1764.0,1788.0,84000.0
2022-07-05,77250,1788.0,1813.0,1766.0,1793.0,0,0,84700.0,151800000.0,1.0,1788.0,1813.0,1766.0,1793.0,84700.0
2022-07-06,77250,1777.0,1784.0,1751.0,1783.0,0,0,98900.0,174561000.0,1.0,1777.0,1784.0,1751.0,1783.0,98900.0
2022-07-07,77250,1800.0,1823.0,1775.0,1817.0,0,0,104900.0,189276200.0,1.0,1800.0,1823.0,1775.0,1817.0,104900.0
2022-07-08,77250,1835.0,1907.0,1832.0,1841.0,0,0,174500.0,325560000.0,1.0,1835.0,1907.0,1832.0,1841.0,174500.0
2022-07-11,77250,1871.0,1875.0,1795.0,1822.0,0,0,134700.0,245801600.0,1.0,1871.0,1875.0,1795.0,1822.0,134700.0
2022-07-12,77250,1784.0,1794.0,1710.0,1728.0,0,0,232300.0,403225500.0,1.0,1784.0,1794.0,1710.0,1728.0,232300.0
2022-07-13,77250,1848.0,1888.0,1731.0,1772.0,0,0,570900.0,1034855800.0,1.0,1848.0,1888.0,1731.0,1772.0,570900.0
2022-07-14,77250,1755.0,1854.0,1732.0,1825.0,0,0,199200.0,361048100.0,1.0,1755.0,1854.0,1732.0,1825.0,199200.0
2022-07-15,77250,1850.0,1884.0,1824.0,1853.0,0,0,258600.0,479166200.0,1.0,1850.0,1884.0,1824.0,1853.0,258600.0
2022-07-19,77250,1888.0,1890.0,1815.0,1856.0,0,0,79000.0,146160000.0,1.0,1888.0,1890.0,1815.0,1856.0,79000.0
2022-07-20,77250,1896.0,1978.0,1896.0,1956.0,0,0,286900.0,559251700.0,1.0,1896.0,1978.0,1896.0,1956.0,286900.0
2022-07-21,77250,1954.0,2019.0,1942.0,2004.0,0,0,148900.0,296804100.0,1.0,1954.0,2019.0,1942.0,2004.0,148900.0
2022-07-22,77250,1994.0,2011.0,1971.0,1995.0,0,0,82800.0,165202400.0,1.0,1994.0,2011.0,1971.0,1995.0,82800.0
2022-07-25,77250,1981.0,2043.0,1980.0,2035.0,0,0,125000.0,253180100.0,1.0,1981.0,2043.0,1980.0,2035.0,125000.0
2022-07-26,77250,1991.0,1991.0,1964.0,1964.0,0,0,135600.0,267520700.0,1.0,1991.0,1991.0,1964.0,1964.0,135600.0
2022-07-27,77250,1946.0,2030.0,1946.0,2025.0,0,0,106500.0,212435900.0,1.0,1946.0,2030.0,1946.0,2025.0,106500.0
2022-07-28,77250,2041.0,2048.0,2005.0,2017.0,0,0,102400.0,206888300.0,1.0,2041.0,2048.0,2005.0,2017.0,102400.0
2022-07-29,77250,2017.0,2017.0,1963.0,1982.0,0,0,121600.0,240605800.0,1.0,2017.0,2017.0,1963.0,1982.0,121600.0
2022-08-01,77250,1982.0,1982.0,1937.0,1941.0,0,0,113700.0,221713900.0,1.0,1982.0,1982.0,1937.0,1941.0,113700.0
2022-08-02,77250,1947.0,1947.0,1882.0,1890.0,0,0,96500.0,182922500.0,1.0,1947.0,1947.0,1882.0,1890.0,96500.0
2022-08-03,77250,1890.0,1890.0,1850.0,1856.0,0,0,140200.0,261125600.0,1.0,1890.0,1890.0,1850.0,1856.0,140200.0
2022-08-04,77250,1890.0,1901.0,1876.0,1886.0,0,0,68000.0,128306600.0,1.0,1890.0,1901.0,1876.0,1886.0,68000.0
2022-08-05,77250,1888.0,1917.0,1883.0,1910.0,0,0,73000.0,139138200.0,1.0,1888.0,1917.0,1883.0,1910.0,73000.0
2022-08-08,77250,1919.0,1921.0,1851.0,1851.0,0,0,107400.0,200461700.0,1.0,1919.0,1921.0,1851.0,1851.0,107400.0
2022-08-09,77250,1851.0,1856.0,1804.0,1821.0,0,0,136500.0,248450400.0,1.0,1851.0,1856.0,1804.0,1821.0,136500.0
2022-08-10,77250,1786.0,1796.0,1773.0,1782.0,0,0,117100.0,208605200.0,1.0,1786.0,1796.0,1773.0,1782.0,117100.0
2022-08-12,77250,1818.0,1834.0,1798.0,1805.0,0,0,122600.0,222308300.0,1.0,1818.0,1834.0,1798.0,1805.0,122600.0
2022-08-15,77250,1835.0,1849.0,1820.0,1830.0,0,0,107500.0,197286300.0,1.0,1835.0,1849.0,1820.0,1830.0,107500.0
2022-08-16,77250,1830.0,1849.0,1815.0,1823.0,0,0,102800.0,187941800.0,1.0,1830.0,1849.0,1815.0,1823.0,102800.0
2022-08-17,77250,1815.0,1817.0,1788.0,1793.0,0,0,188500.0,338217300.0,1.0,1815.0,1817.0,1788.0,1793.0,188500.0
2022-08-18,77250,1793.0,1822.0,1772.0,1811.0,0,0,116400.0,209437200.0,1.0,1793.0,1822.0,1772.0,1811.0,116400.0
2022-08-19,77250,1814.0,1828.0,1787.0,1794.0,0,0,110300.0,198292600.0,1.0,1814.0,1828.0,1787.0,1794.0,110300.0
2022-08-22,77250,1777.0,1792.0,1762.0,1786.0,0,0,98000.0,174219100.0,1.0,1777.0,1792.0,1762.0,1786.0,98000.0
2022-08-23,77250,1816.0,1889.0,1816.0,1842.0,0,0,295600.0,549012500.0,1.0,1816.0,1889.0,1816.0,1842.0,295600.0
2022-08-24,77250,1880.0,1880.0,1848.0,1866.0,0,0,140800.0,262688900.0,1.0,1880.0,1880.0,1848.0,1866.0,140800.0
2022-08-25,77250,1860.0,1885.0,1850.0,1867.0,0,0,99100.0,185263500.0,1.0,1860.0,1885.0,1850.0,1867.0,99100.0
2022-08-26,77250,1889.0,1910.0,1878.0,1897.0,0,0,102800.0,194513000.0,1.0,1889.0,1910.0,1878.0,1897.0,102800.0
2022-08-29,77250,1812.0,1835.0,1803.0,1825.0,0,0,112600.0,204853100.0,1.0,1812.0,1835.0,1803.0,1825.0,112600.0
2022-08-30,77250,1844.0,1899.0,1840.0,1881.0,0,0,130700.0,244999600.0,1.0,1844.0,1899.0,1840.0,1881.0,130700.0
2022-08-31,77250,1857.0,1872.0,1835.0,1860.0,0,0,77400.0,143213800.0,1.0,1857.0,1872.0,1835.0,1860.0,77400.0
2022-09-01,77250,1840.0,1840.0,1802.0,1804.0,0,0,111900.0,202754900.0,1.0,1840.0,1840.0,1802.0,1804.0,111900.0
2022-09-02,77250,1809.0,1813.0,1767.0,1775.0,0,0,107100.0,190667100.0,1.0,1809.0,1813.0,1767.0,1775.0,107100.0
2022-09-05,77250,1771.0,1775.0,1744.0,1758.0,0,0,104600.0,183817100.0,1.0,1771.0,1775.0,1744.0,1758.0,104600.0
2022-09-06,77250,1777.0,1782.0,1734.0,1742.0,0,0,119700.0,209379800.0,1.0,1777.0,1782.0,1734.0,1742.0,119700.0
2022-09-07,77250,1732.0,1732.0,1693.0,1700.0,0,0,198900.0,338892500.0,1.0,1732.0,1732.0,1693.0,1700.0,198900.0
2022-09-08,77250,1727.0,1727.0,1697.0,1700.0,0,0,147700.0,252456700.0,1.0,1727.0,1727.0,1697.0,1700.0,147700.0
2022-09-09,77250,1707.0,1710.0,1692.0,1700.0,0,0,197400.0,335546200.0,1.0,1707.0,1710.0,1692.0,1700.0,197400.0
2022-09-12,77250,1723.0,1727.0,1700.0,1706.0,0,0,112500.0,192573500.0,1.0,1723.0,1727.0,1700.0,1706.0,112500.0
2022-09-13,77250,1703.0,1710.0,1696.0,1709.0,0,0,158400.0,269498800.0,1.0,1703.0,1710.0,1696.0,1709.0,158400.0
2022-09-14,77250,1680.0,1683.0,1656.0,1669.0,0,0,135000.0,225558100.0,1.0,1680.0,1683.0,1656.0,1669.0,135000.0
2022-09-15,77250,1675.0,1682.0,1659.0,1680.0,0,0,91600.0,152981100.0,1.0,1675.0,1682.0,1659.0,1680.0,91600.0
2022-09-16,77250,1670.0,1679.0,1646.0,1646.0,0,0,123700.0,205119300.0,1.0,1670.0,1679.0,1646.0,1646.0,123700.0
2022-09-20,77250,1667.0,1697.0,1667.0,1687.0,0,0,98400.0,165868300.0,1.0,1667.0,1697.0,1667.0,1687.0,98400.0
2022-09-21,77250,1657.0,1662.0,1632.0,1646.0,0,0,106000.0,174415300.0,1.0,1657.0,1662.0,1632.0,1646.0,106000.0
2022-09-22,77250,1625.0,1642.0,1605.0,1640.0,0,0,97600.0,158513000.0,1.0,1625.0,1642.0,1605.0,1640.0,97600.0
2022-09-26,77250,1605.0,1613.0,1578.0,1590.0,0,0,163100.0,259713300.0,1.0,1605.0,1613.0,1578.0,1590.0,163100.0
2022-09-27,77250,1614.0,1628.0,1596.0,1616.0,0,0,150000.0,242133400.0,1.0,1614.0,1628.0,1596.0,1616.0,150000.0
2022-09-28,77250,1612.0,1631.0,1570.0,1596.0,0,0,122800.0,195508200.0,1.0,1612.0,1631.0,1570.0,1596.0,122800.0
2022-09-29,77250,1636.0,1636.0,1580.0,1586.0,0,0,83700.0,133563600.0,1.0,1636.0,1636.0,1580.0,1586.0,83700.0
2022-09-30,77250,1579.0,1579.0,1516.0,1521.0,0,0,136700.0,209828600.0,1.0,1579.0,1579.0,1516.0,1521.0,136700.0
2022-10-03,77250,1513.0,1567.0,1508.0,1564.0,0,0,91500.0,141312400.0,1.0,1513.0,1567.0,1508.0,1564.0,91500.0
2022-10-04,77250,1604.0,1621.0,1595.0,1600.0,0,0,69100.0,110793400.0,1.0,1604.0,1621.0,1595.0,1600.0,69100.0
2022-10-05,77250,1619.0,1619.0,1591.0,1599.0,0,0,87900.0,140684000.0,1.0,1619.0,1619.0,1591.0,1599.0,87900.0
2022-10-06,77250,1602.0,1634.0,1600.0,1618.0,0,0,115700.0,187651600.0,1.0,1602.0,1634.0,1600.0,1618.0,115700.0
2022-10-07,77250,1590.0,1607.0,1588.0,1596.0,0,0,133000.0,212559400.0,1.0,1590.0,1607.0,1588.0,1596.0,133000.0
2022-10-11,77250,1556.0,1561.0,1538.0,1544.0,0,0,179600.0,277857500.0,1.0,1556.0,1561.0,1538.0,1544.0,179600.0
2022-10-12,77250,1535.0,1535.0,1466.0,1480.0,0,0,322900.0,480091400.0,1.0,1535.0,1535.0,1466.0,1480.0,322900.0
2022-10-13,77250,1495.0,1512.0,1442.0,1443.0,0,0,354100.0,517608000.0,1.0,1495.0,1512.0,1442.0,1443.0,354100.0
2022-10-14,77250,1470.0,1504.0,1455.0,1486.0,0,0,229400.0,339738500.0,1.0,1470.0,1504.0,1455.0,1486.0,229400.0
2022-10-17,77250,1456.0,1468.0,1442.0,1446.0,0,0,135900.0,197089300.0,1.0,1456.0,1468.0,1442.0,1446.0,135900.0
2022-10-18,77250,1453.0,1471.0,1452.0,1462.0,0,0,178300.0,260071400.0,1.0,1453.0,1471.0,1452.0,1462.0,178300.0
2022-10-19,77250,1454.0,1455.0,1417.0,1420.0,0,0,253200.0,361547000.0,1.0,1454.0,1455.0,1417.0,1420.0,253200.0
2022-10-20,77250,1408.0,1427.0,1404.0,1421.0,0,0,126000.0,178523400.0,1.0,1408.0,1427.0,1404.0,1421.0,126000.0
2022-10-21,77250,1418.0,1430.0,1409.0,1411.0,0,0,84800.0,120056200.0,1.0,1418.0,1430.0,1409.0,1411.0,84800.0
2022-10-24,77250,1425.0,1449.0,1414.0,1415.0,0,0,121200.0,173352000.0,1.0,1425.0,1449.0,1414.0,1415.0,121200.0
2022-10-25,77250,1430.0,1461.0,1430.0,1455.0,0,0,85100.0,123537100.0,1.0,1430.0,1461.0,1430.0,1455.0,85100.0
2022-10-26,77250,1470.0,1478.0,1439.0,1439.0,0,0,101800.0,148185100.0,1.0,1470.0,1478.0,1439.0,1439.0,101800.0
2022-10-27,77250,1445.0,1454.0,1434.0,1444.0,0,0,54400.0,78468100.0,1.0,1445.0,1454.0,1434.0,1444.0,54400.0
2022-10-28,77250,1418.0,1421.0,1391.0,1395.0,0,0,264400.0,369886300.0,1.0,1418.0,1421.0,1391.0,1395.0,264400.0
2022-10-31,77250,1419.0,1433.0,1397.0,1426.0,0,0,177600.0,251379500.0,1.0,1419.0,1433.0,1397.0,1426.0,177600.0
2022-11-01,77250,1420.0,1423.0,1408.0,1408.0,0,0,61100.0,86425200.0,1.0,1420.0,1423.0,1408.0,1408.0,61100.0
2022-11-02,77250,1416.0,1430.0,1390.0,1397.0,0,0,183700.0,256652500.0,1.0,1416.0,1430.0,1390.0,1397.0,183700.0
2022-11-04,77250,1380.0,1380.0,1338.0,1347.0,0,0,204800.0,277596400.0,1.0,1380.0,1380.0,1338.0,1347.0,204800.0
2022-11-07,77250,1369.0,1372.0,1343.0,1353.0,0,0,141200.0,191594600.0,1.0,1369.0,1372.0,1343.0,1353.0,141200.0
2022-11-08,77250,1368.0,1396.0,1366.0,1378.0,0,0,131700.0,181870000.0,1.0,1368.0,1396.0,1366.0,1378.0,131700.0
2022-11-09,77250,1405.0,1429.0,1403.0,1417.0,0,0,174000.0,246758100.0,1.0,1405.0,1429.0,1403.0,1417.0,174000.0
2022-11-10,77250,1405.0,1405.0,1376.0,1376.0,0,0,125100.0,173627300.0,1.0,1405.0,1405.0,1376.0,1376.0,125100.0
2022-11-11,77250,1430.0,1464.0,1416.0,1462.0,0,0,236700.0,342364000.0,1.0,1430.0,1464.0,1416.0,1462.0,236700.0
2022-11-14,77250,1462.0,1489.0,1438.0,1461.0,0,0,197500.0,288550800.0,1.0,1462.0,1489.0,1438.0,1461.0,197500.0
2022-11-15,77250,1446.0,1524.0,1444.0,1520.0,0,0,207100.0,310441900.0,1.0,1446.0,1524.0,1444.0,1520.0,207100.0
2022-11-16,77250,1560.0,1575.0,1519.0,1554.0,0,0,414800.0,644416400.0,1.0,1560.0,1575.0,1519.0,1554.0,414800.0
2022-11-17,77250,1530.0,1549.0,1511.0,1542.0,0,0,220900.0,337924300.0,1.0,1530.0,1549.0,1511.0,1542.0,220900.0
2022-11-18,77250,1555.0,1563.0,1533.0,1534.0,0,0,131300.0,202926000.0,1.0,1555.0,1563.0,1533.0,1534.0,131300.0
2022-11-21,77250,1557.0,1557.0,1525.0,1538.0,0,0,107900.0,166014500.0,1.0,1557.0,1557.0,1525.0,1538.0,107900.0
2022-11-22,77250,1537.0,1573.0,1522.0,1564.0,0,0,207300.0,321132000.0,1.0,1537.0,1573.0,1522.0,1564.0,207300.0
2022-11-24,77250,1582.0,1614.0,1579.0,1613.0,0,0,196900.0,314789000.0,1.0,1582.0,1614.0,1579.0,1613.0,196900.0
2022-11-25,77250,1669.0,1673.0,1625.0,1636.0,0,0,446300.0,733862000.0,1.0,1669.0,1673.0,1625.0,1636.0,446300.0
2022-11-28,77250,1607.0,1607.0,1556.0,1575.0,0,0,383600.0,605779700.0,1.0,1607.0,1607.0,1556.0,1575.0,383600.0
2022-11-29,77250,1599.0,1599.0,1560.0,1584.0,0,0,178000.0,282008500.0,1.0,1599.0,1599.0,1560.0,1584.0,178000.0
2022-11-30,77250,1567.0,1587.0,1549.0,1583.0,0,0,184000.0,288416800.0,1.0,1567.0,1587.0,1549.0,1583.0,184000.0
2022-12-01,77250,1610.0,1623.0,1599.0,1599.0,0,0,174900.0,281587200.0,1.0,1610.0,1623.0,1599.0,1599.0,174900.0
2022-12-02,77250,1584.0,1599.0,1563.0,1577.0,0,0,96200.0,151810300.0,1.0,1584.0,1599.0,1563.0,1577.0,96200.0
2022-12-05,77250,1575.0,1584.0,1547.0,1556.0,0,0,97900.0,152878900.0,1.0,1575.0,1584.0,1547.0,1556.0,97900.0
2022-12-06,77250,1545.0,1557.0,1531.0,1550.0,0,0,87700.0,135686400.0,1.0,1545.0,1557.0,1531.0,1550.0,87700.0
2022-12-07,77250,1530.0,1537.0,1512.0,1514.0,0,0,112800.0,171556300.0,1.0,1530.0,1537.0,1512.0,1514.0,112800.0
2022-12-08,77250,1515.0,1515.0,1484.0,1509.0,0,0,123600.0,185165500.0,1.0,1515.0,1515.0,1484.0,1509.0,123600.0
2022-12-09,77250,1535.0,1562.0,1518.0,1553.0,0,0,96800.0,149342700.0,1.0,1535.0,1562.0,1518.0,1553.0,96800.0
2022-12-12,77250,1533.0,1537.0,1520.0,1527.0,0,0,63500.0,97022300.0,1.0,1533.0,1537.0,1520.0,1527.0,63500.0
2022-12-13,77250,1544.0,1550.0,1530.0,1543.0,0,0,58000.0,89261700.0,1.0,1544.0,1550.0,1530.0,1543.0,58000.0
2022-12-14,77250,1550.0,1565.0,1538.0,1556.0,0,0,57900.0,90171000.0,1.0,1550.0,1565.0,1538.0,1556.0,57900.0
2022-12-15,77250,1550.0,1567.0,1538.0,1551.0,0,0,81000.0,125873000.0,1.0,1550.0,1567.0,1538.0,1551.0,81000.0
2022-12-16,77250,1575.0,1635.0,1564.0,1591.0,0,0,384500.0,616357900.0,1.0,1575.0,1635.0,1564.0,1591.0,384500.0
2022-12-19,77250,1582.0,1639.0,1560.0,1571.0,0,0,243700.0,388089800.0,1.0,1582.0,1639.0,1560.0,1571.0,243700.0
2022-12-20,77250,1558.0,1574.0,1484.0,1504.0,0,0,254700.0,387733000.0,1.0,1558.0,1574.0,1484.0,1504.0,254700.0
2022-12-21,77250,1486.0,1540.0,1471.0,1510.0,0,0,134100.0,201697800.0,1.0,1486.0,1540.0,1471.0,1510.0,134100.0
2022-12-22,77250,1515.0,1524.0,1485.0,1491.0,0,0,88700.0,132779500.0,1.0,1515.0,1524.0,1485.0,1491.0,88700.0
2022-12-23,77250,1461.0,1486.0,1445.0,1465.0,0,0,120500.0,176678100.0,1.0,1461.0,1486.0,1445.0,1465.0,120500.0
2022-12-26,77250,1461.0,1483.0,1458.0,1470.0,0,0,76700.0,112786500.0,1.0,1461.0,1483.0,1458.0,1470.0,76700.0
2022-12-27,77250,1479.0,1516.0,1470.0,1511.0,0,0,131600.0,197406800.0,1.0,1479.0,1516.0,1470.0,1511.0,131600.0
2022-12-28,77250,1480.0,1532.0,1480.0,1518.0,0,0,148100.0,224254600.0,1.0,1480.0,1532.0,1480.0,1518.0,148100.0
2022-12-29,77250,1493.0,1548.0,1493.0,1546.0,0,0,117100.0,179767500.0,1.0,1493.0,1548.0,1493.0,1546.0,117100.0
2022-12-30,77250,1548.0,1572.0,1535.0,1537.0,0,0,107400.0,166743200.0,1.0,1548.0,1572.0,1535.0,1537.0,107400.0
2023-01-04,77250,1520.0,1575.0,1520.0,1540.0,0,0,115200.0,178077900.0,1.0,1520.0,1575.0,1520.0,1540.0,115200.0
2023-01-05,77250,1539.0,1559.0,1519.0,1525.0,0,0,84100.0,129139500.0,1.0,1539.0,1559.0,1519.0,1525.0,84100.0
2023-01-06,77250,1500.0,1534.0,1488.0,1533.0,0,0,105400.0,159609700.0,1.0,1500.0,1534.0,1488.0,1533.0,105400.0
2023-01-10,77250,1560.0,1592.0,1560.0,1588.0,0,0,110500.0,174387700.0,1.0,1560.0,1592.0,1560.0,1588.0,110500.0
2023-01-11,77250,1580.0,1606.0,1580.0,1600.0,0,0,140300.0,224083800.0,1.0,1580.0,1606.0,1580.0,1600.0,140300.0
2023-01-12,77250,1600.0,1610.0,1579.0,1598.0,0,0,188600.0,300951800.0,1.0,1600.0,1610.0,1579.0,1598.0,188600.0
2023-01-13,77250,1500.0,1530.0,1452.0,1475.0,0,0,716000.0,1063224100.0,1.0,1500.0,1530.0,1452.0,1475.0,716000.0
2023-01-16,77250,1450.0,1463.0,1405.0,1406.0,0,0,354600.0,504646400.0,1.0,1450.0,1463.0,1405.0,1406.0,354600.0
2023-01-17,77250,1400.0,1478.0,1400.0,1467.0,0,0,275500.0,399521500.0,1.0,1400.0,1478.0,1400.0,1467.0,275500.0
2023-01-18,77250,1470.0,1509.0,1448.0,1502.0,0,0,252900.0,375222200.0,1.0,1470.0,1509.0,1448.0,1502.0,252900.0
2023-01-19,77250,1505.0,1557.0,1497.0,1525.0,0,0,246800.0,377689600.0,1.0,1505.0,1557.0,1497.0,1525.0,246800.0
2023-01-20,77250,1513.0,1514.0,1485.0,1486.0,0,0,141700.0,211824800.0,1.0,1513.0,1514.0,1485.0,1486.0,141700.0
2023-01-23,77250,1508.0,1538.0,1490.0,1538.0,0,0,132000.0,200433400.0,1.0,1508.0,1538.0,1490.0,1538.0,132000.0
2023-01-24,77250,1549.0,1579.0,1540.0,1560.0,0,0,134800.0,210880400.0,1.0,1549.0,1579.0,1540.0,1560.0,134800.0
2023-01-25,77250,1555.0,1581.0,1555.0,1574.0,0,0,104100.0,163654400.0,1.0,1555.0,1581.0,1555.0,1574.0,104100.0
2023-01-26,77250,1574.0,1580.0,1527.0,1530.0,0,0,101100.0,156089500.0,1.0,1574.0,1580.0,1527.0,1530.0,101100.0
2023-01-27,77250,1522.0,1522.0,1475.0,1480.0,0,0,274900.0,409450800.0,1.0,1522.0,1522.0,1475.0,1480.0,274900.0
2023-01-30,77250,1503.0,1520.0,1481.0,1495.0,0,0,383300.0,573637600.0,1.0,1503.0,1520.0,1481.0,1495.0,383300.0
2023-01-31,77250,1505.0,1510.0,1452.0,1459.0,0,0,152300.0,223641500.0,1.0,1505.0,1510.0,1452.0,1459.0,152300.0
2023-02-01,77250,1460.0,1488.0,1460.0,1475.0,0,0,96100.0,141762000.0,1.0,1460.0,1488.0,1460.0,1475.0,96100.0
2023-02-02,77250,1488.0,1525.0,1476.0,1515.0,0,0,137900.0,207837900.0,1.0,1488.0,1525.0,1476.0,1515.0,137900.0
2023-02-03,77250,1520.0,1520.0,1485.0,1506.0,0,0,105700.0,158590200.0,1.0,1520.0,1520.0,1485.0,1506.0,105700.0
2023-02-06,77250,1500.0,1517.0,1465.0,1472.0,0,0,107800.0,159782500.0,1.0,1500.0,1517.0,1465.0,1472.0,107800.0
2023-02-07,77250,1484.0,1490.0,1460.0,1472.0,0,0,86600.0,127349800.0,1.0,1484.0,1490.0,1460.0,1472.0,86600.0
2023-02-08,77250,1468.0,1473.0,1444.0,1468.0,0,0,95800.0,139522200.0,1.0,1468.0,1473.0,1444.0,1468.0,95800.0
2023-02-09,77250,1467.0,1481.0,1448.0,1450.0,0,0,101300.0,147587300.0,1.0,1467.0,1481.0,1448.0,1450.0,101300.0
2023-02-10,77250,1443.0,1455.0,1440.0,1447.0,0,0,64400.0,93041500.0,1.0,1443.0,1455.0,1440.0,1447.0,64400.0
2023-02-13,77250,1436.0,1444.0,1420.0,1424.0,0,0,99500.0,142037400.0,1.0,1436.0,1444.0,1420.0,1424.0,99500.0
2023-02-14,77250,1434.0,1465.0,1434.0,1456.0,0,0,134500.0,196057900.0,1.0,1434.0,1465.0,1434.0,1456.0,134500.0
2023-02-15,77250,1456.0,1456.0,1435.0,1452.0,0,0,84200.0,121632500.0,1.0,1456.0,1456.0,1435.0,1452.0,84200.0
2023-02-16,77250,1465.0,1475.0,1457.0,1467.0,0,0,72700.0,106661400.0,1.0,1465.0,1475.0,1457.0,1467.0,72700.0
2023-02-17,77250,1450.0,1455.0,1434.0,1434.0,0,0,124900.0,180340900.0,1.0,1450.0,1455.0,1434.0,1434.0,124900.0
2023-02-20,77250,1435.0,1486.0,1434.0,1485.0,0,0,90400.0,133011100.0,1.0,1435.0,1486.0,1434.0,1485.0,90400.0
2023-02-21,77250,1485.0,1485.0,1454.0,1456.0,0,0,76600.0,112297400.0,1.0,1485.0,1485.0,1454.0,1456.0,76600.0
2023-02-22,77250,1439.0,1445.0,1434.0,1436.0,0,0,63700.0,91614000.0,1.0,1439.0,1445.0,1434.0,1436.0,63700.0
2023-02-24,77250,1442.0,1467.0,1442.0,1462.0,0,0,59100.0,86024300.0,1.0,1442.0,1467.0,1442.0,1462.0,59100.0
2023-02-27,77250,1460.0,1495.0,1453.0,1494.0,0,0,130400.0,193078700.0,1.0,1460.0,1495.0,1453.0,1494.0,130400.0
2023-02-28,77250,1485.0,1501.0,1472.0,1474.0,0,0,80000.0,118906100.0,1.0,1485.0,1501.0,1472.0,1474.0,80000.0
2023-03-01,77250,1474.0,1495.0,1462.0,1490.0,0,0,53800.0,79874700.0,1.0,1474.0,1495.0,1462.0,1490.0,53800.0
2023-03-02,77250,1490.0,1493.0,1466.0,1472.0,0,0,59300.0,87504200.0,1.0,1490.0,1493.0,1466.0,1472.0,59300.0
2023-03-03,77250,1488.0,1489.0,1463.0,1473.0,0,0,72000.0,106163300.0,1.0,1488.0,1489.0,1463.0,1473.0,72000.0
2023-03-06,77250,1485.0,1495.0,1481.0,1489.0,0,0,67500.0,100402300.0,1.0,1485.0,1495.0,1481.0,1489.0,67500.0
2023-03-07,77250,1489.0,1489.0,1473.0,1484.0,0,0,71500.0,106009600.0,1.0,1489.0,1489.0,1473.0,1484.0,71500.0
2023-03-08,77250,1475.0,1534.0,1467.0,1530.0,0,0,125700.0,190299200.0,1.0,1475.0,1534.0,1467.0,1530.0,125700.0
2023-03-09,77250,1549.0,1551.0,1531.0,1538.0,0,0,93300.0,143668600.0,1.0,1549.0,1551.0,1531.0,1538.0,93300.0
2023-03-10,77250,1520.0,1535.0,1507.0,1515.0,0,0,102100.0,155022800.0,1.0,1520.0,1535.0,1507.0,1515.0,102100.0
2023-03-13,77250,1500.0,1504.0,1477.0,1500.0,0,0,72500.0,108195800.0,1.0,1500.0,1504.0,1477.0,1500.0,72500.0
2023-03-14,77250,1476.0,1484.0,1454.0,1460.0,0,0,95500.0,139947800.0,1.0,1476.0,1484.0,1454.0,1460.0,95500.0
2023-03-15,77250,1490.0,1505.0,1485.0,1492.0,0,0,90800.0,135809600.0,1.0,1490.0,1505.0,1485.0,1492.0,90800.0
2023-03-16,77250,1460.0,1496.0,1456.0,1481.0,0,0,69800.0,102985200.0,1.0,1460.0,1496.0,1456.0,1481.0,69800.0
2023-03-17,77250,1490.0,1504.0,1482.0,1498.0,0,0,121300.0,181307800.0,1.0,1490.0,1504.0,1482.0,1498.0,121300.0
2023-03-20,77250,1502.0,1502.0,1455.0,1458.0,0,0,88500.0,130306500.0,1.0,1502.0,1502.0,1455.0,1458.0,88500.0
2023-03-22,77250,1473.0,1510.0,1468.0,1490.0,0,0,94300.0,140722600.0,1.0,1473.0,1510.0,1468.0,1490.0,94300.0
2023-03-23,77250,1477.0,1511.0,1470.0,1511.0,0,0,97500.0,146189400.0,1.0,1477.0,1511.0,1470.0,1511.0,97500.0
2023-03-24,77250,1513.0,1517.0,1485.0,1490.0,0,0,67200.0,100583400.0,1.0,1513.0,1517.0,1485.0,1490.0,67200.0
2023-03-27,77250,1486.0,1488.0,1458.0,1477.0,0,0,66900.0,98528300.0,1.0,1486.0,1488.0,1458.0,1477.0,66900.0
2023-03-28,77250,1484.0,1488.0,1459.0,1467.0,0,0,61800.0,90799600.0,1.0,1484.0,1488.0,1459.0,1467.0,61800.0
2023-03-29,77250,1467.0,1488.0,1453.0,1486.0,0,0,81100.0,119822700.0,1.0,1467.0,1488.0,1453.0,1486.0,81100.0
2023-03-30,77250,1495.0,1548.0,1491.0,1543.0,0,0,197600.0,301881600.0,1.0,1495.0,1548.0,1491.0,1543.0,197600.0
2023-03-31,77250,1555.0,1567.0,1515.0,1524.0,0,0,171300.0,262254300.0,1.0,1555.0,1567.0,1515.0,1524.0,171300.0
2023-04-03,77250,1545.0,1545.0,1511.0,1524.0,0,0,91600.0,139621400.0,1.0,1545.0,1545.0,1511.0,1524.0,91600.0
2023-04-04,77250,1516.0,1524.0,1477.0,1480.0,0,0,157100.0,234628800.0,1.0,1516.0,1524.0,1477.0,1480.0,157100.0
2023-04-05,77250,1479.0,1484.0,1457.0,1469.0,0,0,92200.0,135320000.0,1.0,1479.0,1484.0,1457.0,1469.0,92200.0
2023-04-06,77250,1455.0,1460.0,1435.0,1449.0,0,0,114300.0,165251100.0,1.0,1455.0,1460.0,1435.0,1449.0,114300.0
2023-04-07,77250,1456.0,1468.0,1445.0,1465.0,0,0,68800.0,100312700.0,1.0,1456.0,1468.0,1445.0,1465.0,68800.0
2023-04-10,77250,1491.0,1526.0,1491.0,1492.0,0,0,136600.0,205582600.0,1.0,1491.0,1526.0,1491.0,1492.0,136600.0
2023-04-11,77250,1513.0,1513.0,1486.0,1494.0,0,0,120200.0,179933200.0,1.0,1513.0,1513.0,1486.0,1494.0,120200.0
2023-04-12,77250,1381.0,1384.0,1343.0,1346.0,0,0,920000.0,1251521000.0,1.0,1381.0,1384.0,1343.0,1346.0,920000.0
2023-04-13,77250,1347.0,1393.0,1346.0,1374.0,0,0,427800.0,586353600.0,1.0,1347.0,1393.0,1346.0,1374.0,427800.0
2023-04-14,77250,1393.0,1432.0,1382.0,1412.0,0,0,340000.0,479740600.0,1.0,1393.0,1432.0,1382.0,1412.0,340000.0
2023-04-17,77250,1420.0,1420.0,1365.0,1376.0,0,0,173400.0,240412400.0,1.0,1420.0,1420.0,1365.0,1376.0,173400.0
2023-04-18,77250,1420.0,1455.0,1417.0,1426.0,0,0,408300.0,585326700.0,1.0,1420.0,1455.0,1417.0,1426.0,408300.0
2023-04-19,77250,1438.0,1470.0,1427.0,1429.0,0,0,345200.0,500309600.0,1.0,1438.0,1470.0,1427.0,1429.0,345200.0
2023-04-20,77250,1422.0,1428.0,1403.0,1409.0,0,0,172300.0,243620000.0,1.0,1422.0,1428.0,1403.0,1409.0,172300.0
2023-04-21,77250,1397.0,1411.0,1385.0,1389.0,0,0,110800.0,154759000.0,1.0,1397.0,1411.0,1385.0,1389.0,110800.0
2023-04-24,77250,1399.0,1399.0,1370.0,1372.0,0,0,98200.0,135473800.0,1.0,1399.0,1399.0,1370.0,1372.0,98200.0
2023-04-25,77250,1367.0,1374.0,1342.0,1346.0,0,0,222900.0,301739000.0,1.0,1367.0,1374.0,1342.0,1346.0,222900.0
2023-04-26,77250,1325.0,1329.0,1302.0,1309.0,0,0,284000.0,373061800.0,1.0,1325.0,1329.0,1302.0,1309.0,284000.0
2023-04-27,77250,1302.0,1315.0,1281.0,1312.0,0,0,223900.0,291086600.0,1.0,1302.0,1315.0,1281.0,1312.0,223900.0
2023-04-28,77250,1317.0,1320.0,1296.0,1315.0,0,0,129000.0,168737800.0,1.0,1317.0,1320.0,1296.0,1315.0,129000.0
2023-05-01,77250,1320.0,1332.0,1304.0,1322.0,0,0,137400.0,181121100.0,1.0,1320.0,1332.0,1304.0,1322.0,137400.0
2023-05-02,77250,1330.0,1330.0,1310.0,1323.0,0,0,60500.0,79762000.0,1.0,1330.0,1330.0,1310.0,1323.0,60500.0
2023-05-08,77250,1328.0,1333.0,1317.0,1326.0,0,0,114300.0,151346700.0,1.0,1328.0,1333.0,1317.0,1326.0,114300.0
2023-05-09,77250,1331.0,1356.0,1330.0,1340.0,0,0,134900.0,181557800.0,1.0,1331.0,1356.0,1330.0,1340.0,134900.0
2023-05-10,77250,1340.0,1343.0,1323.0,1339.0,0,0,68500.0,91386600.0,1.0,1340.0,1343.0,1323.0,1339.0,68500.0
2023-05-11,77250,1339.0,1347.0,1337.0,1344.0,0,0,46900.0,62934800.0,1.0,1339.0,1347.0,1337.0,1344.0,46900.0
2023-05-12,77250,1340.0,1347.0,1331.0,1337.0,0,0,66800.0,89341000.0,1.0,1340.0,1347.0,1331.0,1337.0,66800.0
2023-05-15,77250,1330.0,1346.0,1327.0,1341.0,0,0,71300.0,95281000.0,1.0,1330.0,1346.0,1327.0,1341.0,71300.0
2023-05-16,77250,1350.0,1362.0,1343.0,1359.0,0,0,99000.0,134077800.0,1.0,1350.0,1362.0,1343.0,1359.0,99000.0
2023-05-17,77250,1355.0,1360.0,1337.0,1337.0,0,0,77100.0,103801400.0,1.0,1355.0,1360.0,1337.0,1337.0,77100.0
2023-05-18,77250,1351.0,1366.0,1337.0,1360.0,0,0,119100.0,161249700.0,1.0,1351.0,1366.0,1337.0,1360.0,119100.0
2023-05-19,77250,1371.0,1399.0,1371.0,1393.0,0,0,150600.0,208991600.0,1.0,1371.0,1399.0,1371.0,1393.0,150600.0
2023-05-22,77250,1400.0,1419.0,1391.0,1418.0,0,0,114800.0,161721500.0,1.0,1400.0,1419.0,1391.0,1418.0,114800.0
2023-05-23,77250,1435.0,1442.0,1396.0,1410.0,0,0,141900.0,200546400.0,1.0,1435.0,1442.0,1396.0,1410.0,141900.0
2023-05-24,77250,1400.0,1430.0,1397.0,1413.0,0,0,136900.0,193507800.0,1.0,1400.0,1430.0,1397.0,1413.0,136900.0
2023-05-25,77250,1425.0,1463.0,1425.0,1459.0,0,0,253100.0,366437500.0,1.0,1425.0,1463.0,1425.0,1459.0,253100.0
2023-05-26,77250,1484.0,1535.0,1480.0,1480.0,0,0,364000.0,547539700.0,1.0,1484.0,1535.0,1480.0,1480.0,364000.0
2023-05-29,77250,1520.0,1527.0,1477.0,1477.0,0,0,293400.0,439310500.0,1.0,1520.0,1527.0,1477.0,1477.0,293400.0
2023-05-30,77250,1450.0,1497.0,1450.0,1478.0,0,0,179700.0,264885400.0,1.0,1450.0,1497.0,1450.0,1478.0,179700.0
2023-05-31,77250,1464.0,1472.0,1418.0,1421.0,0,0,193600.0,277461500.0,1.0,1464.0,1472.0,1418.0,1421.0,193600.0
2023-06-01,77250,1410.0,1432.0,1405.0,1411.0,0,0,80600.0,113912700.0,1.0,1410.0,1432.0,1405.0,1411.0,80600.0
2023-06-02,77250,1414.0,1414.0,1394.0,1398.0,0,0,87300.0,122453200.0,1.0,1414.0,1414.0,1394.0,1398.0,87300.0
2023-06-05,77250,1412.0,1431.0,1399.0,1430.0,0,0,96200.0,136671100.0,1.0,1412.0,1431.0,1399.0,1430.0,96200.0
2023-06-06,77250,1411.0,1422.0,1406.0,1420.0,0,0,65900.0,93334300.0,1.0,1411.0,1422.0,1406.0,1420.0,65900.0
2023-06-07,77250,1424.0,1438.0,1405.0,1408.0,0,0,81100.0,114833100.0,1.0,1424.0,1438.0,1405.0,1408.0,81100.0
2023-06-08,77250,1403.0,1414.0,1380.0,1400.0,0,0,88400.0,123571200.0,1.0,1403.0,1414.0,1380.0,1400.0,88400.0
2023-06-09,77250,1418.0,1418.0,1398.0,1400.0,0,0,62200.0,87423500.0,1.0,1418.0,1418.0,1398.0,1400.0,62200.0
2023-06-12,77250,1421.0,1474.0,1419.0,1473.0,0,0,202200.0,293187700.0,1.0,1421.0,1474.0,1419.0,1473.0,202200.0
2023-06-13,77250,1490.0,1495.0,1452.0,1453.0,0,0,126800.0,186714200.0,1.0,1490.0,1495.0,1452.0,1453.0,126800.0
2023-06-14,77250,1470.0,1475.0,1423.0,1427.0,0,0,98700.0,141802100.0,1.0,1470.0,1475.0,1423.0,1427.0,98700.0
2023-06-15,77250,1427.0,1465.0,1427.0,1438.0,0,0,111900.0,162267100.0,1.0,1427.0,1465.0,1427.0,1438.0,111900.0
2023-06-16,77250,1435.0,1461.0,1428.0,1449.0,0,0,98800.0,142778600.0,1.0,1435.0,1461.0,1428.0,1449.0,98800.0
2023-06-19,77250,1442.0,1442.0,1404.0,1412.0,0,0,107700.0,153169700.0,1.0,1442.0,1442.0,1404.0,1412.0,107700.0
2023-06-20,77250,1403.0,1420.0,1393.0,1413.0,0,0,64000.0,89975800.0,1.0,1403.0,1420.0,1393.0,1413.0,64000.0
2023-06-21,77250,1406.0,1416.0,1396.0,1402.0,0,0,71100.0,99933200.0,1.0,1406.0,1416.0,1396.0,1402.0,71100.0
2023-06-22,77250,1392.0,1392.0,1366.0,1368.0,0,0,120700.0,166866900.0,1.0,1392.0,1392.0,1366.0,1368.0,120700.0
2023-06-23,77250,1392.0,1405.0,1355.0,1375.0,0,0,119700.0,164791000.0,1.0,1392.0,1405.0,1355.0,1375.0,119700.0
2023-06-26,77250,1365.0,1369.0,1345.0,1360.0,0,0,75500.0,102399300.0,1.0,1365.0,1369.0,1345.0,1360.0,75500.0
2023-06-27,77250,1349.0,1349.0,1321.0,1331.0,0,0,98000.0,130572300.0,1.0,1349.0,1349.0,1321.0,1331.0,98000.0
2023-06-28,77250,1361.0,1361.0,1337.0,1360.0,0,0,58800.0,79531800.0,1.0,1361.0,1361.0,1337.0,1360.0,58800.0
2023-06-29,77250,1363.0,1393.0,1362.0,1382.0,0,0,78600.0,108698500.0,1.0,1363.0,1393.0,1362.0,1382.0,78600.0
2023-06-30,77250,1382.0,1389.0,1362.0,1389.0,0,0,48600.0,67100100.0,1.0,1382.0,1389.0,1362.0,1389.0,48600.0
2023-07-03,77250,1408.0,1430.0,1402.0,1417.0,0,0,125500.0,178007300.0,1.0,1408.0,1430.0,1402.0,1417.0,125500.0
2023-07-04,77250,1401.0,1424.0,1397.0,1422.0,0,0,64200.0,90951500.0,1.0,1401.0,1424.0,1397.0,1422.0,64200.0
2023-07-05,77250,1402.0,1413.0,1400.0,1406.0,0,0,50200.0,70574900.0,1.0,1402.0,1413.0,1400.0,1406.0,50200.0
2023-07-06,77250,1385.0,1385.0,1360.0,1369.0,0,0,82000.0,112353700.0,1.0,1385.0,1385.0,1360.0,1369.0,82000.0
2023-07-07,77250,1369.0,1395.0,1364.0,1372.0,0,0,122700.0,169278300.0,1.0,1369.0,1395.0,1364.0,1372.0,122700.0
2023-07-10,77250,1417.0,1465.0,1409.0,1415.0,0,0,363500.0,519862600.0,1.0,1417.0,1465.0,1409.0,1415.0,363500.0
2023-07-11,77250,1420.0,1470.0,1420.0,1442.0,0,0,212100.0,307841000.0,1.0,1420.0,1470.0,1420.0,1442.0,212100.0
2023-07-12,77250,1468.0,1472.0,1414.0,1424.0,0,0,228100.0,326563400.0,1.0,1468.0,1472.0,1414.0,1424.0,228100.0
2023-07-13,77250,1214.0,1223.0,1171.0,1172.0,0,0,899800.0,1070587500.0,1.0,1214.0,1223.0,1171.0,1172.0,899800.0
2023-07-14,77250,1174.0,1213.0,1173.0,1210.0,0,0,417500.0,497968400.0,1.0,1174.0,1213.0,1173.0,1210.0,417500.0
2023-07-18,77250,1196.0,1205.0,1141.0,1148.0,0,0,421700.0,490838500.0,1.0,1196.0,1205.0,1141.0,1148.0,421700.0
2023-07-19,77250,1144.0,1160.0,1136.0,1151.0,0,0,251800.0,288239500.0,1.0,1144.0,1160.0,1136.0,1151.0,251800.0
2023-07-20,77250,1146.0,1157.0,1136.0,1144.0,0,0,176700.0,202145300.0,1.0,1146.0,1157.0,1136.0,1144.0,176700.0
2023-07-21,77250,1137.0,1139.0,1121.0,1129.0,0,0,197100.0,222459600.0,1.0,1137.0,1139.0,1121.0,1129.0,197100.0
2023-07-24,77250,1143.0,1148.0,1125.0,1126.0,0,0,107800.0,122349800.0,1.0,1143.0,1148.0,1125.0,1126.0,107800.0
2023-07-25,77250,1126.0,1139.0,1117.0,1139.0,0,0,103700.0,116837800.0,1.0,1126.0,1139.0,1117.0,1139.0,103700.0
2023-07-26,77250,1139.0,1147.0,1139.0,1143.0,0,0,86900.0,99255400.0,1.0,1139.0,1147.0,1139.0,1143.0,86900.0
2023-07-27,77250,1140.0,1143.0,1128.0,1131.0,0,0,88400.0,100118500.0,1.0,1140.0,1143.0,1128.0,1131.0,88400.0
2023-07-28,77250,1123.0,1124.0,1104.0,1115.0,0,0,257900.0,286957500.0,1.0,1123.0,1124.0,1104.0,1115.0,257900.0
2023-07-31,77250,1115.0,1122.0,1109.0,1115.0,0,0,104800.0,116910000.0,1.0,1115.0,1122.0,1109.0,1115.0,104800.0
2023-08-01,77250,1125.0,1141.0,1122.0,1139.0,0,0,109700.0,124474400.0,1.0,1125.0,1141.0,1122.0,1139.0,109700.0
2023-08-02,77250,1135.0,1153.0,1128.0,1130.0,0,0,137000.0,156274700.0,1.0,1135.0,1153.0,1128.0,1130.0,137000.0
2023-08-03,77250,1116.0,1118.0,1100.0,1100.0,0,0,189300.0,209610100.0,1.0,1116.0,1118.0,1100.0,1100.0,189300.0
2023-08-04,77250,1097.0,1100.0,1071.0,1083.0,0,0,173000.0,187447700.0,1.0,1097.0,1100.0,1071.0,1083.0,173000.0
2023-08-07,77250,1067.0,1075.0,1050.0,1075.0,0,0,185700.0,197091800.0,1.0,1067.0,1075.0,1050.0,1075.0,185700.0
2023-08-08,77250,1069.0,1072.0,1052.0,1059.0,0,0,100700.0,106593800.0,1.0,1069.0,1072.0,1052.0,1059.0,100700.0
2023-08-09,77250,1053.0,1070.0,1048.0,1060.0,0,0,92200.0,97888900.0,1.0,1053.0,1070.0,1048.0,1060.0,92200.0
2023-08-10,77250,1045.0,1057.0,1038.0,1053.0,0,0,102300.0,107168400.0,1.0,1045.0,1057.0,1038.0,1053.0,102300.0
2023-08-14,77250,1046.0,1048.0,1018.0,1023.0,0,0,224300.0,230915000.0,1.0,1046.0,1048.0,1018.0,1023.0,224300.0
2023-08-15,77250,1053.0,1053.0,1023.0,1024.0,0,0,100300.0,103891300.0,1.0,1053.0,1053.0,1023.0,1024.0,100300.0
2023-08-16,77250,1017.0,1032.0,1013.0,1020.0,0,0,97800.0,100062700.0,1.0,1017.0,1032.0,1013.0,1020.0,97800.0
2023-08-17,77250,1012.0,1019.0,1000.0,1019.0,0,0,126500.0,127827200.0,1.0,1012.0,1019.0,1000.0,1019.0,126500.0
2023-08-18,77250,1019.0,1025.0,1007.0,1012.0,0,0,128000.0,129777200.0,1.0,1019.0,1025.0,1007.0,1012.0,128000.0
2023-08-21,77250,1008.0,1020.0,1008.0,1013.0,0,0,40800.0,41330400.0,1.0,1008.0,1020.0,1008.0,1013.0,40800.0
2023-08-22,77250,1026.0,1027.0,1009.0,1019.0,0,0,55800.0,56724200.0,1.0,1026.0,1027.0,1009.0,1019.0,55800.0
2023-08-23,77250,1014.0,1042.0,1013.0,1040.0,0,0,57600.0,59288300.0,1.0,1014.0,1042.0,1013.0,1040.0,57600.0
2023-08-24,77250,1040.0,1049.0,1033.0,1035.0,0,0,50200.0,52177700.0,1.0,1040.0,1049.0,1033.0,1035.0,50200.0
2023-08-25,77250,1034.0,1068.0,1033.0,1054.0,0,0,125400.0,131929900.0,1.0,1034.0,1068.0,1033.0,1054.0,125400.0
2023-08-28,77250,1062.0,1076.0,1057.0,1070.0,0,0,96200.0,102742800.0,1.0,1062.0,1076.0,1057.0,1070.0,96200.0
2023-08-29,77250,1067.0,1088.0,1067.0,1085.0,0,0,92600.0,99989300.0,1.0,1067.0,1088.0,1067.0,1085.0,92600.0
2023-08-30,77250,1096.0,1098.0,1084.0,1087.0,0,0,89900.0,97977000.0,1.0,1096.0,1098.0,1084.0,1087.0,89900.0
2023-08-31,77250,1086.0,1096.0,1081.0,1088.0,0,0,68500.0,74461100.0,1.0,1086.0,1096.0,1081.0,1088.0,68500.0
2023-09-01,77250,1096.0,1099.0,1086.0,1090.0,0,0,54500.0,59404200.0,1.0,1096.0,1099.0,1086.0,1090.0,54500.0
2023-09-04,77250,1100.0,1105.0,1089.0,1103.0,0,0,81800.0,89850500.0,1.0,1100.0,1105.0,1089.0,1103.0,81800.0
2023-09-05,77250,1102.0,1102.0,1091.0,1096.0,0,0,53800.0,58941700.0,1.0,1102.0,1102.0,1091.0,1096.0,53800.0
2023-09-06,77250,1099.0,1102.0,1089.0,1099.0,0,0,53200.0,58416000.0,1.0,1099.0,1102.0,1089.0,1099.0,53200.0
2023-09-07,77250,1085.0,1086.0,1075.0,1077.0,0,0,67000.0,72337900.0,1.0,1085.0,1086.0,1075.0,1077.0,67000.0
2023-09-08,77250,1071.0,1073.0,1061.0,1066.0,0,0,77200.0,82341500.0,1.0,1071.0,1073.0,1061.0,1066.0,77200.0
2023-09-11,77250,1057.0,1060.0,1046.0,1054.0,0,0,85400.0,89852100.0,1.0,1057.0,1060.0,1046.0,1054.0,85400.0
2023-09-12,77250,1055.0,1062.0,1046.0,1053.0,0,0,49900.0,52555300.0,1.0,1055.0,1062.0,1046.0,1053.0,49900.0
2023-09-13,77250,1049.0,1058.0,1045.0,1057.0,0,0,56300.0,59272300.0,1.0,1049.0,1058.0,1045.0,1057.0,56300.0
2023-09-14,77250,1057.0,1074.0,1056.0,1065.0,0,0,66200.0,70541100.0,1.0,1057.0,1074.0,1056.0,1065.0,66200.0
2023-09-15,77250,1072.0,1074.0,1062.0,1071.0,0,0,75000.0,80226900.0,1.0,1072.0,1074.0,1062.0,1071.0,75000.0
2023-09-19,77250,1058.0,1060.0,1038.0,1044.0,0,0,74600.0,78047500.0,1.0,1058.0,1060.0,1038.0,1044.0,74600.0
2023-09-20,77250,1045.0,1053.0,1038.0,1039.0,0,0,50500.0,52789600.0,1.0,1045.0,1053.0,1038.0,1039.0,50500.0
2023-09-21,77250,1034.0,1034.0,1010.0,1012.0,0,0,65400.0,66489600.0,1.0,1034.0,1034.0,1010.0,1012.0,65400.0
2023-09-22,77250,1002.0,1022.0,997.0,1018.0,0,0,92100.0,93010900.0,1.0,1002.0,1022.0,997.0,1018.0,92100.0
2023-09-25,77250,1021.0,1044.0,1018.0,1042.0,0,0,45800.0,47313700.0,1.0,1021.0,1044.0,1018.0,1042.0,45800.0
2023-09-26,77250,1034.0,1035.0,1025.0,1026.0,0,0,36200.0,37236700.0,1.0,1034.0,1035.0,1025.0,1026.0,36200.0
2023-09-27,77250,1020.0,1040.0,1016.0,1039.0,0,0,70000.0,72084500.0,1.0,1020.0,1040.0,1016.0,1039.0,70000.0
2023-09-28,77250,1038.0,1039.0,1020.0,1030.0,0,0,77600.0,80014600.0,1.0,1038.0,1039.0,1020.0,1030.0,77600.0
2023-09-29,77250,1031.0,1044.0,1026.0,1030.0,0,0,65900.0,68099500.0,1.0,1031.0,1044.0,1026.0,1030.0,65900.0
2023-10-02,77250,1039.0,1039.0,1011.0,1011.0,0,0,61000.0,62333100.0,1.0,1039.0,1039.0,1011.0,1011.0,61000.0
2023-10-03,77250,1007.0,1007.0,985.0,987.0,0,0,96800.0,96003600.0,1.0,1007.0,1007.0,985.0,987.0,96800.0
2023-10-04,77250,976.0,985.0,964.0,967.0,0,0,155400.0,151123600.0,1.0,976.0,985.0,964.0,967.0,155400.0
2023-10-05,77250,982.0,986.0,967.0,971.0,0,0,106200.0,103387600.0,1.0,982.0,986.0,967.0,971.0,106200.0
2023-10-06,77250,964.0,970.0,956.0,963.0,0,0,98700.0,94984700.0,1.0,964.0,970.0,956.0,963.0,98700.0
2023-10-10,77250,970.0,975.0,964.0,973.0,0,0,109100.0,105895800.0,1.0,970.0,975.0,964.0,973.0,109100.0
2023-10-11,77250,978.0,993.0,954.0,966.0,0,0,186400.0,180639500.0,1.0,978.0,993.0,954.0,966.0,186400.0
2023-10-12,77250,957.0,994.0,956.0,986.0,0,0,245400.0,241051400.0,1.0,957.0,994.0,956.0,986.0,245400.0
2023-10-13,77250,1070.0,1112.0,1012.0,1018.0,0,0,671500.0,709893600.0,1.0,1070.0,1112.0,1012.0,1018.0,671500.0
2023-10-16,77250,1013.0,1055.0,1002.0,1028.0,0,0,260800.0,267220000.0,1.0,1013.0,1055.0,1002.0,1028.0,260800.0
2023-10-17,77250,1034.0,1053.0,1012.0,1018.0,0,0,145700.0,150243800.0,1.0,1034.0,1053.0,1012.0,1018.0,145700.0
2023-10-18,77250,1011.0,1033.0,1006.0,1032.0,0,0,97200.0,99104300.0,1.0,1011.0,1033.0,1006.0,1032.0,97200.0
2023-10-19,77250,1011.0,1045.0,1011.0,1038.0,0,0,92800.0,96009300.0,1.0,1011.0,1045.0,1011.0,1038.0,92800.0
2023-10-20,77250,1030.0,1047.0,1017.0,1026.0,0,0,69100.0,71228700.0,1.0,1030.0,1047.0,1017.0,1026.0,69100.0
2023-10-23,77250,1023.0,1048.0,1012.0,1013.0,0,0,95000.0,97769200.0,1.0,1023.0,1048.0,1012.0,1013.0,95000.0
2023-10-24,77250,1010.0,1018.0,985.0,1013.0,0,0,73000.0,73432300.0,1.0,1010.0,1018.0,985.0,1013.0,73000.0
2023-10-25,77250,1022.0,1029.0,1006.0,1012.0,0,0,60800.0,61935800.0,1.0,1022.0,1029.0,1006.0,1012.0,60800.0
2023-10-26,77250,1003.0,1003.0,969.0,972.0,0,0,114500.0,112464800.0,1.0,1003.0,1003.0,969.0,972.0,114500.0
2023-10-27,77250,987.0,1014.0,987.0,1008.0,0,0,81000.0,81070800.0,1.0,987.0,1014.0,987.0,1008.0,81000.0
2023-10-30,77250,997.0,1016.0,994.0,1013.0,0,0,76200.0,76811100.0,1.0,997.0,1016.0,994.0,1013.0,76200.0
2023-10-31,77250,999.0,1020.0,984.0,1018.0,0,0,79000.0,79464500.0,1.0,999.0,1020.0,984.0,1018.0,79000.0
2023-11-01,77250,1024.0,1032.0,1010.0,1023.0,0,0,50300.0,51371200.0,1.0,1024.0,1032.0,1010.0,1023.0,50300.0
2023-11-02,77250,1023.0,1030.0,1004.0,1005.0,0,0,74200.0,75077600.0,1.0,1023.0,1030.0,1004.0,1005.0,74200.0
2023-11-06,77250,1029.0,1029.0,1013.0,1024.0,0,0,66400.0,67781700.0,1.0,1029.0,1029.0,1013.0,1024.0,66400.0
2023-11-07,77250,1027.0,1046.0,1026.0,1038.0,0,0,61200.0,63442300.0,1.0,1027.0,1046.0,1026.0,1038.0,61200.0
2023-11-08,77250,1046.0,1049.0,1032.0,1035.0,0,0,34300.0,35639400.0,1.0,1046.0,1049.0,1032.0,1035.0,34300.0
2023-11-09,77250,1035.0,1055.0,1035.0,1054.0,0,0,47200.0,49411400.0,1.0,1035.0,1055.0,1035.0,1054.0,47200.0
2023-11-10,77250,1041.0,1041.0,1021.0,1025.0,0,0,80000.0,82322400.0,1.0,1041.0,1041.0,1021.0,1025.0,80000.0
2023-11-13,77250,1025.0,1034.0,1010.0,1017.0,0,0,60400.0,61519400.0,1.0,1025.0,1034.0,1010.0,1017.0,60400.0
2023-11-14,77250,1022.0,1027.0,1008.0,1015.0,0,0,39700.0,40352300.0,1.0,1022.0,1027.0,1008.0,1015.0,39700.0
2023-11-15,77250,1035.0,1055.0,1031.0,1036.0,0,0,99100.0,103147700.0,1.0,1035.0,1055.0,1031.0,1036.0,99100.0
2023-11-16,77250,1034.0,1034.0,1014.0,1017.0,0,0,40000.0,40892900.0,1.0,1034.0,1034.0,1014.0,1017.0,40000.0
2023-11-17,77250,1011.0,1019.0,1004.0,1019.0,0,0,68100.0,68878900.0,1.0,1011.0,1019.0,1004.0,1019.0,68100.0
2023-11-20,77250,1018.0,1021.0,996.0,996.0,0,0,133800.0,134632500.0,1.0,1018.0,1021.0,996.0,996.0,133800.0
2023-11-21,77250,1004.0,1014.0,998.0,1010.0,0,0,87200.0,87725700.0,1.0,1004.0,1014.0,998.0,1010.0,87200.0
2023-11-22,77250,1010.0,1016.0,996.0,1004.0,0,0,89400.0,89724000.0,1.0,1010.0,1016.0,996.0,1004.0,89400.0
2023-11-24,77250,1017.0,1025.0,1009.0,1010.0,0,0,95100.0,96506200.0,1.0,1017.0,1025.0,1009.0,1010.0,95100.0
2023-11-27,77250,1007.0,1015.0,998.0,999.0,0,0,119600.0,120236100.0,1.0,1007.0,1015.0,998.0,999.0,119600.0
2023-11-28,77250,1006.0,1013.0,983.0,1000.0,0,0,245600.0,244776600.0,1.0,1006.0,1013.0,983.0,1000.0,245600.0
2023-11-29,77250,992.0,1004.0,986.0,994.0,0,0,128600.0,127645600.0,1.0,992.0,1004.0,986.0,994.0,128600.0
2023-11-30,77250,999.0,1020.0,991.0,1016.0,0,0,109500.0,110401700.0,1.0,999.0,1020.0,991.0,1016.0,109500.0
2023-12-01,77250,1020.0,1020.0,996.0,996.0,0,0,82500.0,82819400.0,1.0,1020.0,1020.0,996.0,996.0,82500.0
2023-12-04,77250,995.0,1005.0,991.0,999.0,0,0,93700.0,93487500.0,1.0,995.0,1005.0,991.0,999.0,93700.0
2023-12-05,77250,991.0,992.0,965.0,967.0,0,0,126700.0,123577600.0,1.0,991.0,992.0,965.0,967.0,126700.0
2023-12-06,77250,968.0,984.0,968.0,981.0,0,0,60100.0,58750500.0,1.0,968.0,984.0,968.0,981.0,60100.0
2023-12-07,77250,969.0,969.0,941.0,941.0,0,0,136900.0,130400300.0,1.0,969.0,969.0,941.0,941.0,136900.0
2023-12-08,77250,935.0,956.0,933.0,941.0,0,0,81600.0,76889500.0,1.0,935.0,956.0,933.0,941.0,81600.0
2023-12-11,77250,956.0,970.0,942.0,952.0,0,0,87800.0,84030100.0,1.0,956.0,970.0,942.0,952.0,87800.0
2023-12-12,77250,957.0,965.0,940.0,940.0,0,0,84200.0,80001400.0,1.0,957.0,965.0,940.0,940.0,84200.0
2023-12-13,77250,947.0,972.0,947.0,970.0,0,0,104800.0,100774700.0,1.0,947.0,972.0,947.0,970.0,104800.0
2023-12-14,77250,978.0,981.0,951.0,956.0,0,0,48300.0,46478500.0,1.0,978.0,981.0,951.0,956.0,48300.0
2023-12-15,77250,954.0,970.0,954.0,967.0,0,0,78100.0,75320600.0,1.0,954.0,970.0,954.0,967.0,78100.0
2023-12-18,77250,966.0,966.0,945.0,954.0,0,0,36500.0,34813500.0,1.0,966.0,966.0,945.0,954.0,36500.0
2023-12-19,77250,952.0,952.0,923.0,940.0,0,0,116700.0,109079800.0,1.0,952.0,952.0,923.0,940.0,116700.0
2023-12-20,77250,945.0,958.0,941.0,944.0,0,0,89300.0,84988700.0,1.0,945.0,958.0,941.0,944.0,89300.0
2023-12-21,77250,938.0,943.0,933.0,935.0,0,0,63600.0,59586700.0,1.0,938.0,943.0,933.0,935.0,63600.0
2023-12-22,77250,942.0,948.0,927.0,932.0,0,0,91200.0,85312000.0,1.0,942.0,948.0,927.0,932.0,91200.0
2023-12-25,77250,935.0,937.0,920.0,920.0,0,0,74900.0,69464700.0,1.0,935.0,937.0,920.0,920.0,74900.0
2023-12-26,77250,919.0,938.0,917.0,927.0,0,0,147200.0,136704000.0,1.0,919.0,938.0,917.0,927.0,147200.0
2023-12-27,77250,926.0,952.0,926.0,952.0,0,0,170600.0,160930000.0,1.0,926.0,952.0,926.0,952.0,170600.0
2023-12-28,77250,1000.0,1051.0,990.0,1048.0,0,0,664900.0,678181800.0,1.0,1000.0,1051.0,990.0,1048.0,664900.0
2023-12-29,77250,1042.0,1084.0,1028.0,1083.0,0,0,471800.0,499178400.0,1.0,1042.0,1084.0,1028.0,1083.0,471800.0
2024-01-04,77250,1076.0,1093.0,1049.0,1088.0,0,0,243800.0,262503400.0,1.0,1076.0,1093.0,1049.0,1088.0,243800.0
2024-01-05,77250,1090.0,1090.0,1045.0,1061.0,0,0,231700.0,244982300.0,1.0,1090.0,1090.0,1045.0,1061.0,231700.0
2024-01-09,77250,1076.0,1081.0,1047.0,1055.0,0,0,251800.0,266870400.0,1.0,1076.0,1081.0,1047.0,1055.0,251800.0
2024-01-10,77250,1055.0,1072.0,1051.0,1058.0,0,0,85500.0,90815700.0,1.0,1055.0,1072.0,1051.0,1058.0,85500.0
2024-01-11,77250,1055.0,1070.0,1048.0,1064.0,0,0,130600.0,138391500.0,1.0,1055.0,1070.0,1048.0,1064.0,130600.0
2024-01-12,77250,1056.0,1072.0,1036.0,1036.0,0,0,182000.0,190542300.0,1.0,1056.0,1072.0,1036.0,1036.0,182000.0
2024-01-15,77250,1112.0,1187.0,1105.0,1144.0,0,0,996100.0,1146300600.0,1.0,1112.0,1187.0,1105.0,1144.0,996100.0
2024-01-16,77250,1137.0,1140.0,1095.0,1095.0,0,0,198700.0,220566300.0,1.0,1137.0,1140.0,1095.0,1095.0,198700.0
2024-01-17,77250,1115.0,1130.0,1088.0,1091.0,0,0,119900.0,132187300.0,1.0,1115.0,1130.0,1088.0,1091.0,119900.0
2024-01-18,77250,1090.0,1105.0,1077.0,1086.0,0,0,84000.0,91346500.0,1.0,1090.0,1105.0,1077.0,1086.0,84000.0
2024-01-19,77250,1100.0,1116.0,1096.0,1098.0,0,0,170300.0,188199400.0,1.0,1100.0,1116.0,1096.0,1098.0,170300.0
2024-01-22,77250,1120.0,1137.0,1113.0,1117.0,0,0,142100.0,159706200.0,1.0,1120.0,1137.0,1113.0,1117.0,142100.0
2024-01-23,77250,1123.0,1133.0,1111.0,1113.0,0,0,121900.0,136535400.0,1.0,1123.0,1133.0,1111.0,1113.0,121900.0
2024-01-24,77250,1117.0,1126.0,1107.0,1114.0,0,0,99100.0,110290100.0,1.0,1117.0,1126.0,1107.0,1114.0,99100.0
2024-01-25,77250,1110.0,1142.0,1108.0,1136.0,0,0,146500.0,165022100.0,1.0,1110.0,1142.0,1108.0,1136.0,146500.0
2024-01-26,77250,1128.0,1147.0,1124.0,1136.0,0,0,102000.0,115832500.0,1.0,1128.0,1147.0,1124.0,1136.0,102000.0
2024-01-29,77250,1140.0,1147.0,1133.0,1133.0,0,0,125200.0,142556900.0,1.0,1140.0,1147.0,1133.0,1133.0,125200.0
2024-01-30,77250,1147.0,1174.0,1144.0,1144.0,0,0,452200.0,521731800.0,1.0,1147.0,1174.0,1144.0,1144.0,452200.0
2024-01-31,77250,1132.0,1132.0,1100.0,1119.0,0,0,175900.0,195602900.0,1.0,1132.0,1132.0,1100.0,1119.0,175900.0
2024-02-01,77250,1104.0,1118.0,1097.0,1103.0,0,0,85500.0,94318100.0,1.0,1104.0,1118.0,1097.0,1103.0,85500.0
2024-02-02,77250,1100.0,1113.0,1091.0,1091.0,0,0,78300.0,86244800.0,1.0,1100.0,1113.0,1091.0,1091.0,78300.0
2024-02-05,77250,1092.0,1115.0,1090.0,1108.0,0,0,70200.0,77535100.0,1.0,1092.0,1115.0,1090.0,1108.0,70200.0
2024-02-06,77250,1114.0,1136.0,1110.0,1123.0,0,0,83900.0,94353300.0,1.0,1114.0,1136.0,1110.0,1123.0,83900.0
2024-02-07,77250,1130.0,1138.0,1117.0,1125.0,0,0,51500.0,57921700.0,1.0,1130.0,1138.0,1117.0,1125.0,51500.0
2024-02-08,77250,1120.0,1137.0,1115.0,1131.0,0,0,64500.0,72697700.0,1.0,1120.0,1137.0,1115.0,1131.0,64500.0
2024-02-09,77250,1142.0,1159.0,1138.0,1138.0,0,0,74100.0,85159300.0,1.0,1142.0,1159.0,1138.0,1138.0,74100.0
2024-02-13,77250,1146.0,1146.0,1127.0,1135.0,0,0,74600.0,84673200.0,1.0,1146.0,1146.0,1127.0,1135.0,74600.0
2024-02-14,77250,1123.0,1156.0,1120.0,1155.0,0,0,84400.0,96868000.0,1.0,1123.0,1156.0,1120.0,1155.0,84400.0
2024-02-15,77250,1161.0,1165.0,1147.0,1154.0,0,0,87300.0,101037000.0,1.0,1161.0,1165.0,1147.0,1154.0,87300.0
2024-02-16,77250,1159.0,1163.0,1130.0,1135.0,0,0,70800.0,81182800.0,1.0,1159.0,1163.0,1130.0,1135.0,70800.0
2024-02-19,77250,1126.0,1158.0,1126.0,1152.0,0,0,61200.0,70177000.0,1.0,1126.0,1158.0,1126.0,1152.0,61200.0
2024-02-20,77250,1146.0,1150.0,1127.0,1132.0,0,0,70500.0,79973900.0,1.0,1146.0,1150.0,1127.0,1132.0,70500.0
2024-02-21,77250,1183.0,1211.0,1163.0,1177.0,0,0,309000.0,365736700.0,1.0,1183.0,1211.0,1163.0,1177.0,309000.0
2024-02-22,77250,1196.0,1227.0,1180.0,1207.0,0,0,216000.0,260030700.0,1.0,1196.0,1227.0,1180.0,1207.0,216000.0
2024-02-26,77250,1214.0,1257.0,1190.0,1244.0,0,0,233900.0,289395300.0,1.0,1214.0,1257.0,1190.0,1244.0,233900.0
2024-02-27,77250,1266.0,1284.0,1260.0,1273.0,0,0,215700.0,274322100.0,1.0,1266.0,1284.0,1260.0,1273.0,215700.0
2024-02-28,77250,1270.0,1280.0,1260.0,1276.0,0,0,168500.0,214521600.0,1.0,1270.0,1280.0,1260.0,1276.0,168500.0
2024-02-29,77250,1260.0,1260.0,1220.0,1226.0,0,0,185000.0,228444300.0,1.0,1260.0,1260.0,1220.0,1226.0,185000.0
2024-03-01,77250,1220.0,1246.0,1209.0,1244.0,0,0,91300.0,112488900.0,1.0,1220.0,1246.0,1209.0,1244.0,91300.0
2024-03-04,77250,1262.0,1285.0,1258.0,1260.0,0,0,116100.0,147280700.0,1.0,1262.0,1285.0,1258.0,1260.0,116100.0
2024-03-05,77250,1258.0,1258.0,1231.0,1252.0,0,0,71800.0,89281000.0,1.0,1258.0,1258.0,1231.0,1252.0,71800.0
2024-03-06,77250,1270.0,1318.0,1270.0,1318.0,0,0,275000.0,358275700.0,1.0,1270.0,1318.0,1270.0,1318.0,275000.0
2024-03-07,77250,1325.0,1329.0,1263.0,1276.0,0,0,195400.0,251848000.0,1.0,1325.0,1329.0,1263.0,1276.0,195400.0
2024-03-08,77250,1272.0,1289.0,1261.0,1264.0,0,0,83200.0,106142000.0,1.0,1272.0,1289.0,1261.0,1264.0,83200.0
2024-03-11,77250,1234.0,1254.0,1214.0,1227.0,0,0,89200.0,109359100.0,1.0,1234.0,1254.0,1214.0,1227.0,89200.0
2024-03-12,77250,1219.0,1240.0,1217.0,1240.0,0,0,63000.0,77395800.0,1.0,1219.0,1240.0,1217.0,1240.0,63000.0
2024-03-13,77250,1260.0,1261.0,1215.0,1222.0,0,0,68400.0,84603500.0,1.0,1260.0,1261.0,1215.0,1222.0,68400.0
2024-03-14,77250,1220.0,1240.0,1205.0,1235.0,0,0,68100.0,83273100.0,1.0,1220.0,1240.0,1205.0,1235.0,68100.0
2024-03-15,77250,1240.0,1240.0,1208.0,1214.0,0,0,43600.0,53112800.0,1.0,1240.0,1240.0,1208.0,1214.0,43600.0
2024-03-18,77250,1220.0,1231.0,1213.0,1231.0,0,0,43500.0,53267300.0,1.0,1220.0,1231.0,1213.0,1231.0,43500.0
2024-03-19,77250,1231.0,1243.0,1216.0,1243.0,0,0,58100.0,71417800.0,1.0,1231.0,1243.0,1216.0,1243.0,58100.0
2024-03-21,77250,1250.0,1269.0,1249.0,1257.0,0,0,85400.0,107606800.0,1.0,1250.0,1269.0,1249.0,1257.0,85400.0
2024-03-22,77250,1260.0,1260.0,1230.0,1250.0,0,0,68700.0,85265300.0,1.0,1260.0,1260.0,1230.0,1250.0,68700.0
2024-03-25,77250,1258.0,1289.0,1252.0,1253.0,0,0,88600.0,112172600.0,1.0,1258.0,1289.0,1252.0,1253.0,88600.0
2024-03-26,77250,1250.0,1253.0,1237.0,1237.0,0,0,48500.0,60204700.0,1.0,1250.0,1253.0,1237.0,1237.0,48500.0
2024-03-27,77250,1297.0,1305.0,1270.0,1287.0,0,0,234000.0,301706800.0,1.0,1297.0,1305.0,1270.0,1287.0,234000.0
2024-03-28,77250,1296.0,1316.0,1285.0,1296.0,0,0,105400.0,137378500.0,1.0,1296.0,1316.0,1285.0,1296.0,105400.0
2024-03-29,77250,1293.0,1332.0,1286.0,1325.0,0,0,97600.0,128678000.0,1.0,1293.0,1332.0,1286.0,1325.0,97600.0
2024-04-01,77250,1380.0,1383.0,1317.0,1324.0,0,0,144400.0,194906900.0,1.0,1380.0,1383.0,1317.0,1324.0,144400.0
2024-04-02,77250,1317.0,1329.0,1297.0,1300.0,0,0,98800.0,129221100.0,1.0,1317.0,1329.0,1297.0,1300.0,98800.0
2024-04-03,77250,1300.0,1303.0,1261.0,1291.0,0,0,123500.0,158852000.0,1.0,1300.0,1303.0,1261.0,1291.0,123500.0
2024-04-04,77250,1292.0,1292.0,1266.0,1269.0,0,0,63500.0,80878500.0,1.0,1292.0,1292.0,1266.0,1269.0,63500.0
2024-04-05,77250,1260.0,1290.0,1255.0,1277.0,0,0,82000.0,104182200.0,1.0,1260.0,1290.0,1255.0,1277.0,82000.0
2024-04-08,77250,1287.0,1293.0,1268.0,1274.0,0,0,62900.0,80501100.0,1.0,1287.0,1293.0,1268.0,1274.0,62900.0
2024-04-09,77250,1287.0,1303.0,1281.0,1301.0,0,0,59300.0,76846100.0,1.0,1287.0,1303.0,1281.0,1301.0,59300.0
2024-04-10,77250,1301.0,1313.0,1287.0,1287.0,0,0,53300.0,69339100.0,1.0,1301.0,1313.0,1287.0,1287.0,53300.0
2024-04-11,77250,1280.0,1305.0,1269.0,1298.0,0,0,45700.0,58884500.0,1.0,1280.0,1305.0,1269.0,1298.0,45700.0
2024-04-12,77250,1300.0,1306.0,1270.0,1276.0,0,0,81300.0,104290300.0,1.0,1300.0,1306.0,1270.0,1276.0,81300.0
2024-04-15,77250,1390.0,1512.0,1385.0,1512.0,0,0,792300.0,1157067300.0,1.0,1390.0,1512.0,1385.0,1512.0,792300.0
2024-04-16,77250,1496.0,1502.0,1453.0,1469.0,0,0,264100.0,389892200.0,1.0,1496.0,1502.0,1453.0,1469.0,264100.0
2024-04-17,77250,1490.0,1632.0,1490.0,1601.0,0,0,676000.0,1065709400.0,1.0,1490.0,1632.0,1490.0,1601.0,676000.0
2024-04-18,77250,1590.0,1651.0,1581.0,1644.0,0,0,321500.0,523453900.0,1.0,1590.0,1651.0,1581.0,1644.0,321500.0
2024-04-19,77250,1639.0,1640.0,1580.0,1588.0,0,0,276500.0,443135600.0,1.0,1639.0,1640.0,1580.0,1588.0,276500.0
2024-04-22,77250,1600.0,1608.0,1520.0,1530.0,0,0,209300.0,324044200.0,1.0,1600.0,1608.0,1520.0,1530.0,209300.0
2024-04-23,77250,1599.0,1637.0,1573.0,1587.0,0,0,284500.0,456164400.0,1.0,1599.0,1637.0,1573.0,1587.0,284500.0
2024-04-24,77250,1573.0,1612.0,1552.0,1593.0,0,0,224100.0,356194900.0,1.0,1573.0,1612.0,1552.0,1593.0,224100.0
2024-04-25,77250,1573.0,1573.0,1516.0,1518.0,0,0,144900.0,223347900.0,1.0,1573.0,1573.0,1516.0,1518.0,144900.0
2024-04-26,77250,1525.0,1538.0,1491.0,1524.0,0,0,144700.0,219418500.0,1.0,1525.0,1538.0,1491.0,1524.0,144700.0
2024-04-30,77250,1539.0,1560.0,1532.0,1551.0,0,0,92300.0,142788400.0,1.0,1539.0,1560.0,1532.0,1551.0,92300.0
2024-05-01,77250,1581.0,1584.0,1537.0,1571.0,0,0,120600.0,189019300.0,1.0,1581.0,1584.0,1537.0,1571.0,120600.0
2024-05-02,77250,1565.0,1602.0,1551.0,1581.0,0,0,126800.0,200713500.0,1.0,1565.0,1602.0,1551.0,1581.0,126800.0
2024-05-07,77250,1595.0,1626.0,1575.0,1579.0,0,0,116100.0,185276700.0,1.0,1595.0,1626.0,1575.0,1579.0,116100.0
2024-05-08,77250,1577.0,1584.0,1555.0,1584.0,0,0,92300.0,145623600.0,1.0,1577.0,1584.0,1555.0,1584.0,92300.0
2024-05-09,77250,1566.0,1566.0,1517.0,1517.0,0,0,98800.0,152104700.0,1.0,1566.0,1566.0,1517.0,1517.0,98800.0
2024-05-10,77250,1536.0,1540.0,1505.0,1527.0,0,0,111100.0,169151700.0,1.0,1536.0,1540.0,1505.0,1527.0,111100.0
2024-05-13,77250,1520.0,1535.0,1496.0,1521.0,0,0,79500.0,120435300.0,1.0,1520.0,1535.0,1496.0,1521.0,79500.0
2024-05-14,77250,1508.0,1527.0,1476.0,1487.0,0,0,117800.0,175542600.0,1.0,1508.0,1527.0,1476.0,1487.0,117800.0
2024-05-15,77250,1513.0,1520.0,1487.0,1501.0,0,0,72500.0,108935000.0,1.0,1513.0,1520.0,1487.0,1501.0,72500.0
2024-05-16,77250,1497.0,1520.0,1486.0,1492.0,0,0,63000.0,94499200.0,1.0,1497.0,1520.0,1486.0,1492.0,63000.0
2024-05-17,77250,1480.0,1523.0,1468.0,1500.0,0,0,85900.0,129319100.0,1.0,1480.0,1523.0,1468.0,1500.0,85900.0
2024-05-20,77250,1525.0,1532.0,1490.0,1497.0,0,0,117100.0,176708200.0,1.0,1525.0,1532.0,1490.0,1497.0,117100.0
2024-05-21,77250,1498.0,1515.0,1464.0,1464.0,0,0,96300.0,142206400.0,1.0,1498.0,1515.0,1464.0,1464.0,96300.0
2024-05-22,77250,1459.0,1464.0,1442.0,1450.0,0,0,78000.0,113194800.0,1.0,1459.0,1464.0,1442.0,1450.0,78000.0
2024-05-23,77250,1451.0,1465.0,1438.0,1454.0,0,0,52100.0,75617100.0,1.0,1451.0,1465.0,1438.0,1454.0,52100.0
2024-05-24,77250,1443.0,1486.0,1438.0,1480.0,0,0,80400.0,118380800.0,1.0,1443.0,1486.0,1438.0,1480.0,80400.0
2024-05-27,77250,1482.0,1516.0,1475.0,1507.0,0,0,60600.0,91239000.0,1.0,1482.0,1516.0,1475.0,1507.0,60600.0
2024-05-28,77250,1508.0,1532.0,1503.0,1514.0,0,0,80500.0,121877600.0,1.0,1508.0,1532.0,1503.0,1514.0,80500.0
2024-05-29,77250,1512.0,1530.0,1480.0,1481.0,0,0,275300.0,413759200.0,1.0,1512.0,1530.0,1480.0,1481.0,275300.0
2024-05-30,77250,1431.0,1452.0,1405.0,1448.0,0,0,159100.0,227189700.0,1.0,1431.0,1452.0,1405.0,1448.0,159100.0
2024-05-31,77250,1450.0,1475.0,1448.0,1472.0,0,0,64600.0,94532000.0,1.0,1450.0,1475.0,1448.0,1472.0,64600.0
2024-06-03,77250,1493.0,1493.0,1462.0,1464.0,0,0,45400.0,66824000.0,1.0,1493.0,1493.0,1462.0,1464.0,45400.0
2024-06-04,77250,1476.0,1494.0,1460.0,1481.0,0,0,67800.0,100318500.0,1.0,1476.0,1494.0,1460.0,1481.0,67800.0
2024-06-05,77250,1490.0,1490.0,1436.0,1436.0,0,0,61000.0,88731100.0,1.0,1490.0,1490.0,1436.0,1436.0,61000.0
2024-06-06,77250,1466.0,1472.0,1425.0,1447.0,0,0,54900.0,79222900.0,1.0,1466.0,1472.0,1425.0,1447.0,54900.0
2024-06-07,77250,1431.0,1501.0,1431.0,1485.0,0,0,72800.0,107804200.0,1.0,1431.0,1501.0,1431.0,1485.0,72800.0
2024-06-10,77250,1478.0,1512.0,1476.0,1508.0,0,0,46800.0,70171000.0,1.0,1478.0,1512.0,1476.0,1508.0,46800.0
2024-06-11,77250,1500.0,1531.0,1500.0,1529.0,0,0,55400.0,84396800.0,1.0,1500.0,1531.0,1500.0,1529.0,55400.0
2024-06-12,77250,1540.0,1552.0,1523.0,1527.0,0,0,42300.0,64861600.0,1.0,1540.0,1552.0,1523.0,1527.0,42300.0
2024-06-13,77250,1531.0,1539.0,1518.0,1520.0,0,0,44900.0,68573200.0,1.0,1531.0,1539.0,1518.0,1520.0,44900.0
2024-06-14,77250,1524.0,1614.0,1522.0,1587.0,0,0,147500.0,232976000.0,1.0,1524.0,1614.0,1522.0,1587.0,147500.0
2024-06-17,77250,1600.0,1620.0,1554.0,1589.0,0,0,78200.0,123698700.0,1.0,1600.0,1620.0,1554.0,1589.0,78200.0
2024-06-18,77250,1617.0,1707.0,1617.0,1707.0,0,0,387000.0,651701300.0,1.0,1617.0,1707.0,1617.0,1707.0,387000.0
2024-06-19,77250,1698.0,1708.0,1658.0,1667.0,0,0,136800.0,230482800.0,1.0,1698.0,1708.0,1658.0,1667.0,136800.0
2024-06-20,77250,1668.0,1681.0,1645.0,1668.0,0,0,84800.0,140586700.0,1.0,1668.0,1681.0,1645.0,1668.0,84800.0
2024-06-21,77250,1674.0,1704.0,1669.0,1680.0,0,0,102600.0,173021100.0,1.0,1674.0,1704.0,1669.0,1680.0,102600.0
2024-06-24,77250,1678.0,1678.0,1645.0,1663.0,0,0,59800.0,99293700.0,1.0,1678.0,1678.0,1645.0,1663.0,59800.0
2024-06-25,77250,1653.0,1659.0,1629.0,1657.0,0,0,91800.0,151081600.0,1.0,1653.0,1659.0,1629.0,1657.0,91800.0
2024-06-26,77250,1657.0,1750.0,1655.0,1750.0,0,0,183200.0,312785500.0,1.0,1657.0,1750.0,1655.0,1750.0,183200.0
2024-06-27,77250,1734.0,1779.0,1712.0,1738.0,0,0,149300.0,261747300.0,1.0,1734.0,1779.0,1712.0,1738.0,149300.0
2024-06-28,77250,1754.0,1767.0,1721.0,1735.0,0,0,107500.0,186974100.0,1.0,1754.0,1767.0,1721.0,1735.0,107500.0
2024-07-01,77250,1740.0,1750.0,1710.0,1715.0,0,0,71700.0,123517500.0,1.0,1740.0,1750.0,1710.0,1715.0,71700.0
2024-07-02,77250,1702.0,1708.0,1668.0,1673.0,0,0,128600.0,215910000.0,1.0,1702.0,1708.0,1668.0,1673.0,128600.0
2024-07-03,77250,1666.0,1698.0,1665.0,1667.0,0,0,96300.0,161940000.0,1.0,1666.0,1698.0,1665.0,1667.0,96300.0
2024-07-04,77250,1663.0,1700.0,1646.0,1690.0,0,0,158600.0,266284800.0,1.0,1663.0,1700.0,1646.0,1690.0,158600.0
2024-07-05,77250,1690.0,1696.0,1665.0,1687.0,0,0,71800.0,120459100.0,1.0,1690.0,1696.0,1665.0,1687.0,71800.0
2024-07-08,77250,1700.0,1722.0,1648.0,1657.0,0,0,109200.0,183081400.0,1.0,1700.0,1722.0,1648.0,1657.0,109200.0
2024-07-09,77250,1664.0,1699.0,1664.0,1683.0,0,0,111200.0,187278400.0,1.0,1664.0,1699.0,1664.0,1683.0,111200.0
2024-07-10,77250,1697.0,1697.0,1641.0,1659.0,0,0,155100.0,256918600.0,1.0,1697.0,1697.0,1641.0,1659.0,155100.0
2024-07-11,77250,1674.0,1709.0,1667.0,1679.0,0,0,109100.0,184079600.0,1.0,1674.0,1709.0,1667.0,1679.0,109100.0
2024-07-12,77250,1668.0,1685.0,1621.0,1624.0,0,0,163000.0,267545200.0,1.0,1668.0,1685.0,1621.0,1624.0,163000.0
2024-07-16,77250,1254.0,1369.0,1225.0,1364.0,0,0,1383000.0,1800379500.0,1.0,1254.0,1369.0,1225.0,1364.0,1383000.0
2024-07-17,77250,1368.0,1471.0,1360.0,1448.0,0,0,754100.0,1066391600.0,1.0,1368.0,1471.0,1360.0,1448.0,754100.0
2024-07-18,77250,1448.0,1451.0,1395.0,1403.0,0,0,433500.0,616361500.0,1.0,1448.0,1451.0,1395.0,1403.0,433500.0
2024-07-19,77250,1398.0,1406.0,1367.0,1381.0,0,0,231400.0,320887800.0,1.0,1398.0,1406.0,1367.0,1381.0,231400.0
2024-07-22,77250,1387.0,1390.0,1329.0,1329.0,0,0,253500.0,341776100.0,1.0,1387.0,1390.0,1329.0,1329.0,253500.0
2024-07-23,77250,1355.0,1371.0,1329.0,1348.0,0,0,145400.0,196028300.0,1.0,1355.0,1371.0,1329.0,1348.0,145400.0
2024-07-24,77250,1352.0,1383.0,1340.0,1340.0,0,0,115100.0,156453000.0,1.0,1352.0,1383.0,1340.0,1340.0,115100.0
2024-07-25,77250,1313.0,1324.0,1295.0,1301.0,0,0,178400.0,232938100.0,1.0,1313.0,1324.0,1295.0,1301.0,178400.0
2024-07-26,77250,1300.0,1395.0,1296.0,1370.0,0,0,278200.0,375890400.0,1.0,1300.0,1395.0,1296.0,1370.0,278200.0
2024-07-29,77250,1388.0,1410.0,1371.0,1378.0,0,0,125300.0,173231300.0,1.0,1388.0,1410.0,1371.0,1378.0,125300.0
2024-07-30,77250,1378.0,1400.0,1367.0,1381.0,0,0,143900.0,198517100.0,1.0,1378.0,1400.0,1367.0,1381.0,143900.0
2024-07-31,77250,1360.0,1369.0,1322.0,1369.0,0,0,151000.0,203646800.0,1.0,1360.0,1369.0,1322.0,1369.0,151000.0
2024-08-01,77250,1363.0,1378.0,1330.0,1334.0,0,0,143100.0,192202300.0,1.0,1363.0,1378.0,1330.0,1334.0,143100.0
2024-08-02,77250,1295.0,1302.0,1244.0,1244.0,0,0,185100.0,234212400.0,1.0,1295.0,1302.0,1244.0,1244.0,185100.0
2024-08-05,77250,1148.0,1162.0,1050.0,1067.0,0,0,199400.0,222108600.0,1.0,1148.0,1162.0,1050.0,1067.0,199400.0
2024-08-06,77250,1097.0,1158.0,1097.0,1141.0,0,0,111100.0,125464200.0,1.0,1097.0,1158.0,1097.0,1141.0,111100.0
2024-08-07,77250,1095.0,1180.0,1091.0,1146.0,0,0,152900.0,174631800.0,1.0,1095.0,1180.0,1091.0,1146.0,152900.0
2024-08-08,77250,1130.0,1213.0,1130.0,1201.0,0,0,123700.0,146582500.0,1.0,1130.0,1213.0,1130.0,1201.0,123700.0
2024-08-09,77250,1229.0,1237.0,1189.0,1218.0,0,0,104600.0,127159000.0,1.0,1229.0,1237.0,1189.0,1218.0,104600.0
2024-08-13,77250,1237.0,1238.0,1201.0,1207.0,0,0,92700.0,112432500.0,1.0,1237.0,1238.0,1201.0,1207.0,92700.0
2024-08-14,77250,1207.0,1247.0,1204.0,1245.0,0,0,144600.0,178062000.0,1.0,1207.0,1247.0,1204.0,1245.0,144600.0
2024-08-15,77250,1231.0,1282.0,1219.0,1265.0,0,0,72600.0,91461800.0,1.0,1231.0,1282.0,1219.0,1265.0,72600.0
2024-08-16,77250,1289.0,1311.0,1279.0,1308.0,0,0,78300.0,101650400.0,1.0,1289.0,1311.0,1279.0,1308.0,78300.0
2024-08-19,77250,1299.0,1301.0,1273.0,1283.0,0,0,61800.0,79383000.0,1.0,1299.0,1301.0,1273.0,1283.0,61800.0
2024-08-20,77250,1283.0,1335.0,1283.0,1324.0,0,0,82400.0,109054500.0,1.0,1283.0,1335.0,1283.0,1324.0,82400.0
2024-08-21,77250,1294.0,1302.0,1273.0,1289.0,0,0,106200.0,136475600.0,1.0,1294.0,1302.0,1273.0,1289.0,106200.0
2024-08-22,77250,1282.0,1291.0,1251.0,1270.0,0,0,90100.0,114261900.0,1.0,1282.0,1291.0,1251.0,1270.0,90100.0
2024-08-23,77250,1262.0,1275.0,1243.0,1264.0,0,0,62100.0,78494900.0,1.0,1262.0,1275.0,1243.0,1264.0,62100.0
2024-08-26,77250,1259.0,1266.0,1245.0,1265.0,0,0,44900.0,56443600.0,1.0,1259.0,1266.0,1245.0,1265.0,44900.0
2024-08-27,77250,1250.0,1285.0,1245.0,1278.0,0,0,41300.0,52555400.0,1.0,1250.0,1285.0,1245.0,1278.0,41300.0
2024-08-28,77250,1278.0,1278.0,1251.0,1270.0,0,0,46800.0,59057100.0,1.0,1278.0,1278.0,1251.0,1270.0,46800.0
2024-08-29,77250,1251.0,1275.0,1250.0,1263.0,0,0,33300.0,42040000.0,1.0,1251.0,1275.0,1250.0,1263.0,33300.0
2024-08-30,77250,1271.0,1296.0,1262.0,1296.0,0,0,65200.0,83796700.0,1.0,1271.0,1296.0,1262.0,1296.0,65200.0
2024-09-02,77250,1300.0,1300.0,1271.0,1284.0,0,0,32400.0,41608400.0,1.0,1300.0,1300.0,1271.0,1284.0,32400.0
2024-09-03,77250,1277.0,1285.0,1272.0,1273.0,0,0,26500.0,33850100.0,1.0,1277.0,1285.0,1272.0,1273.0,26500.0
2024-09-04,77250,1235.0,1245.0,1221.0,1233.0,0,0,70000.0,86257400.0,1.0,1235.0,1245.0,1221.0,1233.0,70000.0
2024-09-05,77250,1230.0,1257.0,1219.0,1230.0,0,0,68700.0,84628800.0,1.0,1230.0,1257.0,1219.0,1230.0,68700.0
2024-09-06,77250,1228.0,1233.0,1213.0,1232.0,0,0,47700.0,58388500.0,1.0,1228.0,1233.0,1213.0,1232.0,47700.0
2024-09-09,77250,1185.0,1204.0,1157.0,1201.0,0,0,75300.0,88949900.0,1.0,1185.0,1204.0,1157.0,1201.0,75300.0
2024-09-10,77250,1214.0,1214.0,1175.0,1194.0,0,0,45700.0,54383100.0,1.0,1214.0,1214.0,1175.0,1194.0,45700.0
2024-09-11,77250,1171.0,1184.0,1144.0,1151.0,0,0,94200.0,109644100.0,1.0,1171.0,1184.0,1144.0,1151.0,94200.0
2024-09-12,77250,1198.0,1203.0,1182.0,1187.0,0,0,66100.0,78803400.0,1.0,1198.0,1203.0,1182.0,1187.0,66100.0
2024-09-13,77250,1186.0,1190.0,1172.0,1180.0,0,0,84000.0,99216000.0,1.0,1186.0,1190.0,1172.0,1180.0,84000.0
2024-09-17,77250,1178.0,1183.0,1135.0,1162.0,0,0,62600.0,72082600.0,1.0,1178.0,1183.0,1135.0,1162.0,62600.0
2024-09-18,77250,1179.0,1179.0,1150.0,1165.0,0,0,32400.0,37705000.0,1.0,1179.0,1179.0,1150.0,1165.0,32400.0
2024-09-19,77250,1177.0,1196.0,1177.0,1186.0,0,0,35200.0,41758100.0,1.0,1177.0,1196.0,1177.0,1186.0,35200.0
2024-09-20,77250,1200.0,1202.0,1185.0,1186.0,0,0,32100.0,38296500.0,1.0,1200.0,1202.0,1185.0,1186.0,32100.0
2024-09-24,77250,1200.0,1200.0,1187.0,1191.0,0,0,33300.0,39753800.0,1.0,1200.0,1200.0,1187.0,1191.0,33300.0
2024-09-25,77250,1190.0,1224.0,1190.0,1215.0,0,0,37700.0,45711400.0,1.0,1190.0,1224.0,1190.0,1215.0,37700.0
2024-09-26,77250,1215.0,1242.0,1215.0,1242.0,0,0,55400.0,68357900.0,1.0,1215.0,1242.0,1215.0,1242.0,55400.0
2024-09-27,77250,1233.0,1258.0,1233.0,1252.0,0,0,39900.0,49911100.0,1.0,1233.0,1258.0,1233.0,1252.0,39900.0
2024-09-30,77250,1209.0,1223.0,1199.0,1208.0,0,0,53100.0,64094400.0,1.0,1209.0,1223.0,1199.0,1208.0,53100.0
2024-10-01,77250,1208.0,1235.0,1208.0,1232.0,0,0,29400.0,36091900.0,1.0,1208.0,1235.0,1208.0,1232.0,29400.0
2024-10-02,77250,1214.0,1253.0,1214.0,1226.0,0,0,51000.0,62910300.0,1.0,1214.0,1253.0,1214.0,1226.0,51000.0
2024-10-03,77250,1256.0,1256.0,1223.0,1242.0,0,0,44900.0,55913400.0,1.0,1256.0,1256.0,1223.0,1242.0,44900.0
2024-10-04,77250,1234.0,1265.0,1234.0,1259.0,0,0,39400.0,49377600.0,1.0,1234.0,1265.0,1234.0,1259.0,39400.0
2024-10-07,77250,1267.0,1274.0,1248.0,1261.0,0,0,45400.0,57264800.0,1.0,1267.0,1274.0,1248.0,1261.0,45400.0
2024-10-08,77250,1248.0,1258.0,1245.0,1258.0,0,0,45100.0,56565700.0,1.0,1248.0,1258.0,1245.0,1258.0,45100.0
2024-10-09,77250,1265.0,1270.0,1241.0,1247.0,0,0,28400.0,35472600.0,1.0,1265.0,1270.0,1241.0,1247.0,28400.0
2024-10-10,77250,1250.0,1250.0,1231.0,1245.0,0,0,29000.0,35973300.0,1.0,1250.0,1250.0,1231.0,1245.0,29000.0
2024-10-11,77250,1256.0,1261.0,1211.0,1217.0,0,0,93200.0,114896700.0,1.0,1256.0,1261.0,1211.0,1217.0,93200.0
2024-10-15,77250,1237.0,1247.0,1180.0,1205.0,0,0,203300.0,245328200.0,1.0,1237.0,1247.0,1180.0,1205.0,203300.0
2024-10-16,77250,1187.0,1187.0,1158.0,1169.0,0,0,104200.0,121944400.0,1.0,1187.0,1187.0,1158.0,1169.0,104200.0
2024-10-17,77250,1162.0,1162.0,1135.0,1135.0,0,0,92900.0,106140200.0,1.0,1162.0,1162.0,1135.0,1135.0,92900.0
2024-10-18,77250,1135.0,1143.0,1126.0,1135.0,0,0,54900.0,62225400.0,1.0,1135.0,1143.0,1126.0,1135.0,54900.0
2024-10-21,77250,1127.0,1145.0,1116.0,1122.0,0,0,57900.0,65085100.0,1.0,1127.0,1145.0,1116.0,1122.0,57900.0
2024-10-22,77250,1114.0,1114.0,1077.0,1088.0,0,0,131300.0,143294800.0,1.0,1114.0,1114.0,1077.0,1088.0,131300.0
2024-10-23,77250,1077.0,1087.0,1069.0,1073.0,0,0,72000.0,77547700.0,1.0,1077.0,1087.0,1069.0,1073.0,72000.0
2024-10-24,77250,1057.0,1067.0,1046.0,1063.0,0,0,77500.0,82080000.0,1.0,1057.0,1067.0,1046.0,1063.0,77500.0
2024-10-25,77250,1073.0,1076.0,1050.0,1055.0,0,0,36400.0,38497300.0,1.0,1073.0,1076.0,1050.0,1055.0,36400.0
2024-10-28,77250,1058.0,1083.0,1058.0,1082.0,0,0,38700.0,41604400.0,1.0,1058.0,1083.0,1058.0,1082.0,38700.0
2024-10-29,77250,1070.0,1086.0,1061.0,1078.0,0,0,42900.0,46255600.0,1.0,1070.0,1086.0,1061.0,1078.0,42900.0
2024-10-30,77250,1083.0,1094.0,1069.0,1069.0,0,0,84900.0,91510500.0,1.0,1083.0,1094.0,1069.0,1069.0,84900.0
2024-10-31,77250,1062.0,1076.0,1052.0,1071.0,0,0,67200.0,71533200.0,1.0,1062.0,1076.0,1052.0,1071.0,67200.0
2024-11-01,77250,1052.0,1063.0,1049.0,1050.0,0,0,50800.0,53475700.0,1.0,1052.0,1063.0,1049.0,1050.0,50800.0
2024-11-05,77250,1053.0,1053.0,1042.0,1046.0,0,0,45800.0,47973400.0,1.0,1053.0,1053.0,1042.0,1046.0,45800.0
2024-11-06,77250,1055.0,1073.0,1055.0,1066.0,0,0,46600.0,49549600.0,1.0,1055.0,1073.0,1055.0,1066.0,46600.0
2024-11-07,77250,1074.0,1090.0,1061.0,1061.0,0,0,90300.0,96592400.0,1.0,1074.0,1090.0,1061.0,1061.0,90300.0
2024-11-08,77250,1064.0,1066.0,1055.0,1060.0,0,0,32500.0,34480000.0,1.0,1064.0,1066.0,1055.0,1060.0,32500.0
2024-11-11,77250,1044.0,1050.0,1027.0,1040.0,0,0,70600.0,73138400.0,1.0,1044.0,1050.0,1027.0,1040.0,70600.0
2024-11-12,77250,1040.0,1050.0,1028.0,1030.0,0,0,66200.0,68517800.0,1.0,1040.0,1050.0,1028.0,1030.0,66200.0
2024-11-13,77250,1027.0,1039.0,1020.0,1020.0,0,0,57000.0,58500100.0,1.0,1027.0,1039.0,1020.0,1020.0,57000.0
2024-11-14,77250,1020.0,1026.0,1003.0,1003.0,0,0,103000.0,104112000.0,1.0,1020.0,1026.0,1003.0,1003.0,103000.0
2024-11-15,77250,1002.0,1027.0,1002.0,1021.0,0,0,53000.0,53911700.0,1.0,1002.0,1027.0,1002.0,1021.0,53000.0
2024-11-18,77250,1005.0,1019.0,1004.0,1007.0,0,0,65800.0,66397600.0,1.0,1005.0,1019.0,1004.0,1007.0,65800.0
2024-11-19,77250,1003.0,1010.0,1000.0,1003.0,0,0,82200.0,82496200.0,1.0,1003.0,1010.0,1000.0,1003.0,82200.0
2024-11-20,77250,1013.0,1024.0,1004.0,1006.0,0,0,55000.0,55622100.0,1.0,1013.0,1024.0,1004.0,1006.0,55000.0
2024-11-21,77250,1011.0,1017.0,1004.0,1004.0,0,0,65900.0,66480000.0,1.0,1011.0,1017.0,1004.0,1004.0,65900.0
2024-11-22,77250,1009.0,1019.0,1005.0,1005.0,0,0,45200.0,45626700.0,1.0,1009.0,1019.0,1005.0,1005.0,45200.0
2024-11-25,77250,1009.0,1017.0,1004.0,1004.0,0,0,69000.0,69593200.0,1.0,1009.0,1017.0,1004.0,1004.0,69000.0
2024-11-26,77250,1003.0,1007.0,980.0,986.0,0,0,203700.0,201500700.0,1.0,1003.0,1007.0,980.0,986.0,203700.0
2024-11-27,77250,979.0,1007.0,968.0,1000.0,0,0,338100.0,332935000.0,1.0,979.0,1007.0,968.0,1000.0,338100.0
2024-11-28,77250,993.0,1007.0,991.0,1002.0,0,0,119000.0,118791600.0,1.0,993.0,1007.0,991.0,1002.0,119000.0
2024-11-29,77250,1002.0,1005.0,992.0,996.0,0,0,33900.0,33882000.0,1.0,1002.0,1005.0,992.0,996.0,33900.0
2024-12-02,77250,990.0,1004.0,988.0,997.0,0,0,53400.0,53164200.0,1.0,990.0,1004.0,988.0,997.0,53400.0
2024-12-03,77250,993.0,1000.0,988.0,990.0,0,0,94800.0,94174300.0,1.0,993.0,1000.0,988.0,990.0,94800.0
2024-12-04,77250,990.0,995.0,979.0,983.0,0,0,96100.0,94638500.0,1.0,990.0,995.0,979.0,983.0,96100.0
2024-12-05,77250,998.0,1014.0,988.0,992.0,0,0,71100.0,71061200.0,1.0,998.0,1014.0,988.0,992.0,71100.0
2024-12-06,77250,988.0,989.0,978.0,987.0,0,0,61000.0,60061800.0,1.0,988.0,989.0,978.0,987.0,61000.0
2024-12-09,77250,987.0,998.0,987.0,992.0,0,0,48300.0,47908500.0,1.0,987.0,998.0,987.0,992.0,48300.0
2024-12-10,77250,995.0,1010.0,991.0,996.0,0,0,83700.0,83738100.0,1.0,995.0,1010.0,991.0,996.0,83700.0
2024-12-11,77250,999.0,999.0,978.0,982.0,0,0,60500.0,59585800.0,1.0,999.0,999.0,978.0,982.0,60500.0
2024-12-12,77250,985.0,993.0,984.0,990.0,0,0,35500.0,35123900.0,1.0,985.0,993.0,984.0,990.0,35500.0
2024-12-13,77250,980.0,988.0,979.0,980.0,0,0,42600.0,41814200.0,1.0,980.0,988.0,979.0,980.0,42600.0
2024-12-16,77250,977.0,977.0,962.0,970.0,0,0,85700.0,83026000.0,1.0,977.0,977.0,962.0,970.0,85700.0
2024-12-17,77250,970.0,987.0,970.0,980.0,0,0,54600.0,53539800.0,1.0,970.0,987.0,970.0,980.0,54600.0
2024-12-18,77250,980.0,990.0,976.0,984.0,0,0,67500.0,66379200.0,1.0,980.0,990.0,976.0,984.0,67500.0
2024-12-19,77250,975.0,976.0,966.0,972.0,0,0,47300.0,45949800.0,1.0,975.0,976.0,966.0,972.0,47300.0
2024-12-20,77250,980.0,985.0,970.0,973.0,0,0,85200.0,83285000.0,1.0,980.0,985.0,970.0,973.0,85200.0
2024-12-23,77250,975.0,986.0,964.0,978.0,0,0,73300.0,71384600.0,1.0,975.0,986.0,964.0,978.0,73300.0
2024-12-24,77250,982.0,982.0,966.0,966.0,0,0,76300.0,74250400.0,1.0,982.0,982.0,966.0,966.0,76300.0
2024-12-25,77250,975.0,980.0,967.0,976.0,0,0,67100.0,65221800.0,1.0,975.0,980.0,967.0,976.0,67100.0
2024-12-26,77250,975.0,985.0,974.0,981.0,0,0,72900.0,71312500.0,1.0,975.0,985.0,974.0,981.0,72900.0
2024-12-27,77250,1000.0,1020.0,998.0,1013.0,0,0,99000.0,99958400.0,1.0,1000.0,1020.0,998.0,1013.0,99000.0
2024-12-30,77250,1009.0,1015.0,1002.0,1005.0,0,0,37000.0,37272300.0,1.0,1009.0,1015.0,1002.0,1005.0,37000.0
2025-01-06,77250,1019.0,1019.0,998.0,998.0,0,0,59800.0,60039700.0,1.0,1019.0,1019.0,998.0,998.0,59800.0
2025-01-07,77250,1005.0,1021.0,1001.0,1015.0,0,0,77100.0,78174900.0,1.0,1005.0,1021.0,1001.0,1015.0,77100.0
2025-01-08,77250,1014.0,1019.0,1005.0,1005.0,0,0,43100.0,43476200.0,1.0,1014.0,1019.0,1005.0,1005.0,43100.0
2025-01-09,77250,1012.0,1012.0,996.0,1000.0,0,0,69500.0,69580300.0,1.0,1012.0,1012.0,996.0,1000.0,69500.0
2025-01-10,77250,988.0,1005.0,988.0,992.0,0,0,76800.0,76563500.0,1.0,988.0,1005.0,988.0,992.0,76800.0
2025-01-14,77250,1070.0,1114.0,1041.0,1071.0,0,0,1001800.0,1088981700.0,1.0,1070.0,1114.0,1041.0,1071.0,1001800.0
2025-01-15,77250,1066.0,1070.0,1025.0,1065.0,0,0,454700.0,476972000.0,1.0,1066.0,1070.0,1025.0,1065.0,454700.0
2025-01-16,77250,1075.0,1076.0,1045.0,1054.0,0,0,170300.0,180491500.0,1.0,1075.0,1076.0,1045.0,1054.0,170300.0
2025-01-17,77250,1043.0,1097.0,1043.0,1097.0,0,0,159800.0,171266900.0,1.0,1043.0,1097.0,1043.0,1097.0,159800.0
2025-01-20,77250,1102.0,1111.0,1099.0,1105.0,0,0,88700.0,97955000.0,1.0,1102.0,1111.0,1099.0,1105.0,88700.0
2025-01-21,77250,1105.0,1117.0,1100.0,1111.0,0,0,81300.0,90373000.0,1.0,1105.0,1117.0,1100.0,1111.0,81300.0
2025-01-22,77250,1118.0,1139.0,1112.0,1129.0,0,0,86600.0,97575500.0,1.0,1118.0,1139.0,1112.0,1129.0,86600.0
2025-01-23,77250,1136.0,1143.0,1129.0,1135.0,0,0,106200.0,120718900.0,1.0,1136.0,1143.0,1129.0,1135.0,106200.0
2025-01-24,77250,1140.0,1145.0,1134.0,1139.0,0,0,79500.0,90595900.0,1.0,1140.0,1145.0,1134.0,1139.0,79500.0
2025-01-27,77250,1150.0,1154.0,1113.0,1122.0,0,0,203100.0,229635900.0,1.0,1150.0,1154.0,1113.0,1122.0,203100.0
2025-01-28,77250,1108.0,1120.0,1100.0,1116.0,0,0,68600.0,76382100.0,1.0,1108.0,1120.0,1100.0,1116.0,68600.0
2025-01-29,77250,1116.0,1125.0,1104.0,1109.0,0,0,73500.0,81568500.0,1.0,1116.0,1125.0,1104.0,1109.0,73500.0
2025-01-30,77250,1100.0,1108.0,1079.0,1093.0,0,0,85100.0,93017300.0,1.0,1100.0,1108.0,1079.0,1093.0,85100.0
2025-01-31,77250,1100.0,1105.0,1095.0,1101.0,0,0,40800.0,44881700.0,1.0,1100.0,1105.0,1095.0,1101.0,40800.0
2025-02-03,77250,1087.0,1087.0,1061.0,1080.0,0,0,80600.0,86816700.0,1.0,1087.0,1087.0,1061.0,1080.0,80600.0
2025-02-04,77250,1092.0,1110.0,1086.0,1097.0,0,0,37700.0,41448600.0,1.0,1092.0,1110.0,1086.0,1097.0,37700.0
2025-02-05,77250,1097.0,1106.0,1094.0,1095.0,0,0,73400.0,80594200.0,1.0,1097.0,1106.0,1094.0,1095.0,73400.0
2025-02-06,77250,1095.0,1118.0,1093.0,1118.0,0,0,42800.0,47412700.0,1.0,1095.0,1118.0,1093.0,1118.0,42800.0
2025-02-07,77250,1118.0,1118.0,1080.0,1086.0,0,0,59100.0,64604800.0,1.0,1118.0,1118.0,1080.0,1086.0,59100.0
2025-02-10,77250,1079.0,1114.0,1073.0,1112.0,0,0,72400.0,79862300.0,1.0,1079.0,1114.0,1073.0,1112.0,72400.0
2025-02-12,77250,1118.0,1122.0,1088.0,1090.0,0,0,60200.0,66055500.0,1.0,1118.0,1122.0,1088.0,1090.0,60200.0
2025-02-13,77250,1097.0,1141.0,1095.0,1133.0,0,0,111200.0,125425100.0,1.0,1097.0,1141.0,1095.0,1133.0,111200.0
2025-02-14,77250,1150.0,1158.0,1137.0,1137.0,0,0,88200.0,101315600.0,1.0,1150.0,1158.0,1137.0,1137.0,88200.0
2025-02-17,77250,1122.0,1145.0,1122.0,1137.0,0,0,74600.0,84902600.0,1.0,1122.0,1145.0,1122.0,1137.0,74600.0
2025-02-18,77250,1135.0,1152.0,1135.0,1146.0,0,0,56000.0,64232300.0,1.0,1135.0,1152.0,1135.0,1146.0,56000.0
2025-02-19,77250,1145.0,1207.0,1140.0,1184.0,0,0,182000.0,215299100.0,1.0,1145.0,1207.0,1140.0,1184.0,182000.0
2025-02-20,77250,1184.0,1196.0,1181.0,1191.0,0,0,84200.0,100168200.0,1.0,1184.0,1196.0,1181.0,1191.0,84200.0
2025-02-21,77250,1191.0,1191.0,1172.0,1185.0,0,0,49000.0,58046600.0,1.0,1191.0,1191.0,1172.0,1185.0,49000.0
2025-02-25,77250,1185.0,1199.0,1164.0,1190.0,0,0,94800.0,112568800.0,1.0,1185.0,1199.0,1164.0,1190.0,94800.0
2025-02-26,77250,1185.0,1185.0,1162.0,1169.0,0,0,117600.0,137838400.0,1.0,1185.0,1185.0,1162.0,1169.0,117600.0
2025-02-27,77250,1175.0,1193.0,1172.0,1193.0,0,0,122300.0,144738700.0,1.0,1175.0,1193.0,1172.0,1193.0,122300.0
2025-02-28,77250,1193.0,1193.0,1128.0,1166.0,0,0,155100.0,181919800.0,1.0,1193.0,1193.0,1128.0,1166.0,155100.0
2025-03-03,77250,1172.0,1194.0,1172.0,1194.0,0,0,60900.0,72408400.0,1.0,1172.0,1194.0,1172.0,1194.0,60900.0
2025-03-04,77250,1194.0,1194.0,1168.0,1174.0,0,0,43800.0,51659000.0,1.0,1194.0,1194.0,1168.0,1174.0,43800.0
2025-03-05,77250,1177.0,1191.0,1173.0,1175.0,0,0,53300.0,62953200.0,1.0,1177.0,1191.0,1173.0,1175.0,53300.0
2025-03-06,77250,1197.0,1210.0,1186.0,1191.0,0,0,67200.0,80185400.0,1.0,1197.0,1210.0,1186.0,1191.0,67200.0
2025-03-07,77250,1191.0,1211.0,1178.0,1198.0,0,0,79500.0,95545100.0,1.0,1191.0,1211.0,1178.0,1198.0,79500.0
2025-03-10,77250,1191.0,1205.0,1191.0,1197.0,0,0,38700.0,46431400.0,1.0,1191.0,1205.0,1191.0,1197.0,38700.0
2025-03-11,77250,1185.0,1193.0,1163.0,1192.0,0,0,60500.0,71424900.0,1.0,1185.0,1193.0,1163.0,1192.0,60500.0
2025-03-12,77250,1189.0,1200.0,1189.0,1197.0,0,0,26300.0,31436000.0,1.0,1189.0,1200.0,1189.0,1197.0,26300.0
2025-03-13,77250,1200.0,1236.0,1200.0,1216.0,0,0,67600.0,82543600.0,1.0,1200.0,1236.0,1200.0,1216.0,67600.0
2025-03-14,77250,1217.0,1236.0,1217.0,1232.0,0,0,53000.0,65055200.0,1.0,1217.0,1236.0,1217.0,1232.0,53000.0
2025-03-17,77250,1245.0,1258.0,1236.0,1245.0,0,0,58500.0,73144500.0,1.0,1245.0,1258.0,1236.0,1245.0,58500.0
2025-03-18,77250,1249.0,1257.0,1245.0,1255.0,0,0,36500.0,45705000.0,1.0,1249.0,1257.0,1245.0,1255.0,36500.0
2025-03-19,77250,1258.0,1278.0,1251.0,1256.0,0,0,58300.0,73884700.0,1.0,1258.0,1278.0,1251.0,1256.0,58300.0
2025-03-21,77250,1259.0,1267.0,1254.0,1257.0,0,0,33000.0,41546800.0,1.0,1259.0,1267.0,1254.0,1257.0,33000.0
2025-03-24,77250,1303.0,1307.0,1256.0,1258.0,0,0,66500.0,84616400.0,1.0,1303.0,1307.0,1256.0,1258.0,66500.0
2025-03-25,77250,1260.0,1268.0,1254.0,1254.0,0,0,31100.0,39122300.0,1.0,1260.0,1268.0,1254.0,1254.0,31100.0
2025-03-26,77250,1260.0,1277.0,1256.0,1271.0,0,0,36100.0,45861000.0,1.0,1260.0,1277.0,1256.0,1271.0,36100.0
2025-03-27,77250,1277.0,1285.0,1270.0,1285.0,0,0,54300.0,69362300.0,1.0,1277.0,1285.0,1270.0,1285.0,54300.0
2025-03-28,77250,1296.0,1296.0,1280.0,1287.0,0,0,48300.0,62163900.0,1.0,1296.0,1296.0,1280.0,1287.0,48300.0
2025-03-31,77250,1269.0,1281.0,1239.0,1239.0,0,0,122600.0,154603300.0,1.0,1269.0,1281.0,1239.0,1239.0,122600.0
2025-04-01,77250,1247.0,1252.0,1205.0,1238.0,0,0,82800.0,102459400.0,1.0,1247.0,1252.0,1205.0,1238.0,82800.0
2025-04-02,77250,1240.0,1250.0,1218.0,1232.0,0,0,77500.0,95311800.0,1.0,1240.0,1250.0,1218.0,1232.0,77500.0
2025-04-03,77250,1150.0,1227.0,1132.0,1222.0,0,0,179500.0,216350000.0,1.0,1150.0,1227.0,1132.0,1222.0,179500.0
2025-04-04,77250,1201.0,1221.0,1128.0,1157.0,0,0,197500.0,232028600.0,1.0,1201.0,1221.0,1128.0,1157.0,197500.0
2025-04-07,77250,1042.0,1055.0,1007.0,1007.0,0,0,165200.0,170717800.0,1.0,1042.0,1055.0,1007.0,1007.0,165200.0
2025-04-08,77250,1067.0,1104.0,1044.0,1056.0,0,0,88700.0,94755100.0,1.0,1067.0,1104.0,1044.0,1056.0,88700.0
2025-04-09,77250,1031.0,1035.0,998.0,1024.0,0,0,126000.0,128035200.0,1.0,1031.0,1035.0,998.0,1024.0,126000.0
2025-04-10,77250,1127.0,1127.0,1095.0,1104.0,0,0,70000.0,77379900.0,1.0,1127.0,1127.0,1095.0,1104.0,70000.0
2025-04-11,77250,1065.0,1080.0,1048.0,1072.0,0,0,88000.0,93985800.0,1.0,1065.0,1080.0,1048.0,1072.0,88000.0
2025-04-14,77250,1078.0,1120.0,1040.0,1103.0,0,0,180600.0,197172100.0,1.0,1078.0,1120.0,1040.0,1103.0,180600.0
2025-04-15,77250,1103.0,1120.0,1087.0,1087.0,0,0,71600.0,79003900.0,1.0,1103.0,1120.0,1087.0,1087.0,71600.0
2025-04-16,77250,1083.0,1098.0,1068.0,1068.0,0,0,75100.0,81382100.0,1.0,1083.0,1098.0,1068.0,1068.0,75100.0
2025-04-17,77250,1063.0,1139.0,1060.0,1135.0,0,0,86500.0,96254400.0,1.0,1063.0,1139.0,1060.0,1135.0,86500.0
2025-04-18,77250,1135.0,1147.0,1128.0,1146.0,0,0,60100.0,68411300.0,1.0,1135.0,1147.0,1128.0,1146.0,60100.0
2025-04-21,77250,1151.0,1175.0,1140.0,1140.0,0,0,65500.0,75485200.0,1.0,1151.0,1175.0,1140.0,1140.0,65500.0
2025-04-22,77250,1140.0,1154.0,1140.0,1146.0,0,0,43500.0,49895700.0,1.0,1140.0,1154.0,1140.0,1146.0,43500.0
2025-04-23,77250,1206.0,1206.0,1173.0,1204.0,0,0,102800.0,122653500.0,1.0,1206.0,1206.0,1173.0,1204.0,102800.0
2025-04-24,77250,1203.0,1227.0,1197.0,1215.0,0,0,69900.0,84793000.0,1.0,1203.0,1227.0,1197.0,1215.0,69900.0
2025-04-25,77250,1229.0,1229.0,1200.0,1218.0,0,0,52100.0,63174800.0,1.0,1229.0,1229.0,1200.0,1218.0,52100.0
2025-04-28,77250,1218.0,1244.0,1218.0,1229.0,0,0,80500.0,99298800.0,1.0,1218.0,1244.0,1218.0,1229.0,80500.0
2025-04-30,77250,1235.0,1235.0,1203.0,1215.0,0,0,58800.0,71454300.0,1.0,1235.0,1235.0,1203.0,1215.0,58800.0
2025-05-01,77250,1215.0,1233.0,1210.0,1222.0,0,0,28300.0,34581900.0,1.0,1215.0,1233.0,1210.0,1222.0,28300.0
2025-05-02,77250,1217.0,1243.0,1215.0,1243.0,0,0,52400.0,64511200.0,1.0,1217.0,1243.0,1215.0,1243.0,52400.0
2025-05-07,77250,1243.0,1246.0,1223.0,1230.0,0,0,38200.0,47127700.0,1.0,1243.0,1246.0,1223.0,1230.0,38200.0
2025-05-08,77250,1230.0,1230.0,1193.0,1202.0,0,0,49100.0,59234900.0,1.0,1230.0,1230.0,1193.0,1202.0,49100.0
2025-05-09,77250,1196.0,1218.0,1190.0,1214.0,0,0,55500.0,66993600.0,1.0,1196.0,1218.0,1190.0,1214.0,55500.0
2025-05-12,77250,1210.0,1290.0,1210.0,1231.0,0,0,94600.0,116974700.0,1.0,1210.0,1290.0,1210.0,1231.0,94600.0
2025-05-13,77250,1239.0,1246.0,1200.0,1200.0,0,0,45700.0,55528800.0,1.0,1239.0,1246.0,1200.0,1200.0,45700.0
2025-05-14,77250,1197.0,1212.0,1190.0,1204.0,0,0,34900.0,41901100.0,1.0,1197.0,1212.0,1190.0,1204.0,34900.0
2025-05-15,77250,1189.0,1210.0,1188.0,1202.0,0,0,45900.0,55217600.0,1.0,1189.0,1210.0,1188.0,1202.0,45900.0
2025-05-16,77250,1198.0,1209.0,1186.0,1205.0,0,0,69500.0,83167100.0,1.0,1198.0,1209.0,1186.0,1205.0,69500.0
2025-05-19,77250,1192.0,1204.0,1181.0,1190.0,0,0,35000.0,41693400.0,1.0,1192.0,1204.0,1181.0,1190.0,35000.0
2025-05-20,77250,1189.0,1208.0,1184.0,1187.0,0,0,29300.0,34886600.0,1.0,1189.0,1208.0,1184.0,1187.0,29300.0
2025-05-21,77250,1187.0,1200.0,1173.0,1173.0,0,0,43300.0,51275200.0,1.0,1187.0,1200.0,1173.0,1173.0,43300.0
2025-05-22,77250,1166.0,1169.0,1103.0,1154.0,0,0,115900.0,133279700.0,1.0,1166.0,1169.0,1103.0,1154.0,115900.0
2025-05-23,77250,1165.0,1165.0,1142.0,1142.0,0,0,48800.0,56215900.0,1.0,1165.0,1165.0,1142.0,1142.0,48800.0
2025-05-26,77250,1149.0,1174.0,1149.0,1153.0,0,0,39400.0,45557800.0,1.0,1149.0,1174.0,1149.0,1153.0,39400.0
2025-05-27,77250,1154.0,1163.0,1150.0,1160.0,0,0,61200.0,70807300.0,1.0,1154.0,1163.0,1150.0,1160.0,61200.0
2025-05-28,77250,1160.0,1189.0,1160.0,1169.0,0,0,325600.0,381028700.0,1.0,1160.0,1189.0,1160.0,1169.0,325600.0
2025-05-29,77250,1157.0,1195.0,1139.0,1181.0,0,0,205100.0,242018900.0,1.0,1157.0,1195.0,1139.0,1181.0,205100.0
2025-05-30,77250,1172.0,1235.0,1169.0,1205.0,0,0,156200.0,188270900.0,1.0,1172.0,1235.0,1169.0,1205.0,156200.0
2025-06-02,77250,1201.0,1234.0,1199.0,1219.0,0,0,85300.0,103766300.0,1.0,1201.0,1234.0,1199.0,1219.0,85300.0
2025-06-03,77250,1219.0,1232.0,1209.0,1228.0,0,0,67800.0,83056400.0,1.0,1219.0,1232.0,1209.0,1228.0,67800.0
2025-06-04,77250,1230.0,1252.0,1230.0,1240.0,0,0,77700.0,96750400.0,1.0,1230.0,1252.0,1230.0,1240.0,77700.0
2025-06-05,77250,1228.0,1243.0,1187.0,1191.0,0,0,55700.0,67139900.0,1.0,1228.0,1243.0,1187.0,1191.0,55700.0
2025-06-06,77250,1200.0,1216.0,1168.0,1168.0,0,0,41000.0,48566700.0,1.0,1200.0,1216.0,1168.0,1168.0,41000.0
2025-06-09,77250,1185.0,1194.0,1167.0,1172.0,0,0,50800.0,60066000.0,1.0,1185.0,1194.0,1167.0,1172.0,50800.0
2025-06-10,77250,1179.0,1185.0,1167.0,1167.0,0,0,33900.0,39825500.0,1.0,1179.0,1185.0,1167.0,1167.0,33900.0
2025-06-11,77250,1167.0,1185.0,1167.0,1175.0,0,0,41700.0,49080600.0,1.0,1167.0,1185.0,1167.0,1175.0,41700.0
2025-06-12,77250,1175.0,1181.0,1154.0,1156.0,0,0,55000.0,63828200.0,1.0,1175.0,1181.0,1154.0,1156.0,55000.0
2025-06-13,77250,1175.0,1187.0,1136.0,1138.0,0,0,60900.0,70177500.0,1.0,1175.0,1187.0,1136.0,1138.0,60900.0
2025-06-16,77250,1154.0,1157.0,1136.0,1143.0,0,0,42900.0,48984700.0,1.0,1154.0,1157.0,1136.0,1143.0,42900.0
2025-06-17,77250,1143.0,1154.0,1136.0,1147.0,0,0,53300.0,61072100.0,1.0,1143.0,1154.0,1136.0,1147.0,53300.0
2025-06-18,77250,1138.0,1168.0,1138.0,1161.0,0,0,96600.0,111513500.0,1.0,1138.0,1168.0,1138.0,1161.0,96600.0
2025-06-19,77250,1153.0,1156.0,1141.0,1146.0,0,0,35000.0,40161000.0,1.0,1153.0,1156.0,1141.0,1146.0,35000.0
2025-06-20,77250,1221.0,1338.0,1205.0,1277.0,0,0,1358200.0,1757854000.0,1.0,1221.0,1338.0,1205.0,1277.0,1358200.0
2025-06-23,77250,1268.0,1345.0,1260.0,1335.0,0,0,400800.0,521687400.0,1.0,1268.0,1345.0,1260.0,1335.0,400800.0
2025-06-24,77250,1355.0,1355.0,1307.0,1339.0,0,0,172200.0,229042500.0,1.0,1355.0,1355.0,1307.0,1339.0,172200.0
2025-06-25,77250,1342.0,1385.0,1336.0,1379.0,0,0,240500.0,328821700.0,1.0,1342.0,1385.0,1336.0,1379.0,240500.0
2025-06-26,77250,1375.0,1408.0,1358.0,1389.0,0,0,154900.0,214792400.0,1.0,1375.0,1408.0,1358.0,1389.0,154900.0
2025-06-27,77250,1390.0,1403.0,1373.0,1389.0,0,0,102800.0,142730500.0,1.0,1390.0,1403.0,1373.0,1389.0,102800.0
2025-06-30,77250,1389.0,1404.0,1370.0,1373.0,0,0,80700.0,111765700.0,1.0,1389.0,1404.0,1370.0,1373.0,80700.0
2025-07-01,77250,1373.0,1381.0,1352.0,1359.0,0,0,86400.0,117736700.0,1.0,1373.0,1381.0,1352.0,1359.0,86400.0
2025-07-02,77250,1343.0,1357.0,1332.0,1333.0,0,0,92300.0,123914900.0,1.0,1343.0,1357.0,1332.0,1333.0,92300.0
2025-07-03,77250,1337.0,1368.0,1335.0,1343.0,0,0,68200.0,92281500.0,1.0,1337.0,1368.0,1335.0,1343.0,68200.0
2025-07-04,77250,1360.0,1360.0,1304.0,1304.0,0,0,63900.0,84437300.0,1.0,1360.0,1360.0,1304.0,1304.0,63900.0
2025-07-07,77250,1300.0,1322.0,1296.0,1319.0,0,0,72900.0,95778300.0,1.0,1300.0,1322.0,1296.0,1319.0,72900.0
2025-07-08,77250,1331.0,1354.0,1322.0,1334.0,0,0,83100.0,111196200.0,1.0,1331.0,1354.0,1322.0,1334.0,83100.0
2025-07-09,77250,1344.0,1354.0,1336.0,1348.0,0,0,84800.0,113962600.0,1.0,1344.0,1354.0,1336.0,1348.0,84800.0
2025-07-10,77250,1345.0,1345.0,1330.0,1332.0,0,0,73700.0,98404000.0,1.0,1345.0,1345.0,1330.0,1332.0,73700.0
2025-07-11,77250,1331.0,1335.0,1311.0,1321.0,0,0,108100.0,143257800.0,1.0,1331.0,1335.0,1311.0,1321.0,108100.0
2025-07-14,77250,1310.0,1376.0,1269.0,1321.0,0,0,549200.0,731461800.0,1.0,1310.0,1376.0,1269.0,1321.0,549200.0
2025-07-15,77250,1301.0,1331.0,1291.0,1300.0,0,0,327800.0,429158300.0,1.0,1301.0,1331.0,1291.0,1300.0,327800.0
2025-07-16,77250,1293.0,1319.0,1285.0,1293.0,0,0,162900.0,211598800.0,1.0,1293.0,1319.0,1285.0,1293.0,162900.0
2025-07-17,77250,1293.0,1318.0,1285.0,1316.0,0,0,244100.0,317818100.0,1.0,1293.0,1318.0,1285.0,1316.0,244100.0
2025-07-18,77250,1309.0,1309.0,1282.0,1287.0,0,0,102700.0,132720100.0,1.0,1309.0,1309.0,1282.0,1287.0,102700.0
2025-07-22,77250,1290.0,1318.0,1282.0,1289.0,0,0,84900.0,110081900.0,1.0,1290.0,1318.0,1282.0,1289.0,84900.0
2025-07-23,77250,1297.0,1309.0,1292.0,1297.0,0,0,98600.0,128406600.0,1.0,1297.0,1309.0,1292.0,1297.0,98600.0
2025-07-24,77250,1301.0,1308.0,1296.0,1300.0,0,0,101500.0,131958100.0,1.0,1301.0,1308.0,1296.0,1300.0,101500.0
2025-07-25,77250,1300.0,1364.0,1300.0,1339.0,0,0,304800.0,406966200.0,1.0,1300.0,1364.0,1300.0,1339.0,304800.0
2025-07-28,77250,1327.0,1382.0,1322.0,1375.0,0,0,180300.0,244641800.0,1.0,1327.0,1382.0,1322.0,1375.0,180300.0
2025-07-29,77250,1360.0,1458.0,1359.0,1374.0,0,0,379900.0,533410700.0,1.0,1360.0,1458.0,1359.0,1374.0,379900.0
2025-07-30,77250,1370.0,1372.0,1337.0,1345.0,0,0,92300.0,124620300.0,1.0,1370.0,1372.0,1337.0,1345.0,92300.0
2025-07-31,77250,1345.0,1371.0,1344.0,1350.0,0,0,103300.0,139893100.0,1.0,1345.0,1371.0,1344.0,1350.0,103300.0
2025-08-01,77250,1361.0,1383.0,1351.0,1355.0,0,0,170200.0,231887000.0,1.0,1361.0,1383.0,1351.0,1355.0,170200.0
2025-08-04,77250,1344.0,1387.0,1330.0,1372.0,0,0,97800.0,133797800.0,1.0,1344.0,1387.0,1330.0,1372.0,97800.0
2025-08-05,77250,1368.0,1389.0,1363.0,1383.0,0,0,54900.0,75666200.0,1.0,1368.0,1389.0,1363.0,1383.0,54900.0
2025-08-06,77250,1391.0,1396.0,1352.0,1352.0,0,0,122600.0,168708100.0,1.0,1391.0,1396.0,1352.0,1352.0,122600.0
2025-08-07,77250,1342.0,1384.0,1334.0,1377.0,0,0,86800.0,118795300.0,1.0,1342.0,1384.0,1334.0,1377.0,86800.0
2025-08-08,77250,1385.0,1408.0,1385.0,1392.0,0,0,90900.0,126872700.0,1.0,1385.0,1408.0,1385.0,1392.0,90900.0
2025-08-12,77250,1410.0,1449.0,1410.0,1437.0,0,0,155400.0,222909500.0,1.0,1410.0,1449.0,1410.0,1437.0,155400.0
2025-08-13,77250,1445.0,1459.0,1430.0,1449.0,0,0,130200.0,188227100.0,1.0,1445.0,1459.0,1430.0,1449.0,130200.0
2025-08-14,77250,1449.0,1465.0,1438.0,1460.0,0,0,122900.0,178251500.0,1.0,1449.0,1465.0,1438.0,1460.0,122900.0
2025-08-15,77250,1470.0,1478.0,1455.0,1471.0,0,0,115200.0,168993400.0,1.0,1470.0,1478.0,1455.0,1471.0,115200.0
2025-08-18,77250,1471.0,1471.0,1411.0,1425.0,0,0,143800.0,205713600.0,1.0,1471.0,1471.0,1411.0,1425.0,143800.0
2025-08-19,77250,1410.0,1416.0,1391.0,1398.0,0,0,105100.0,147417000.0,1.0,1410.0,1416.0,1391.0,1398.0,105100.0
2025-08-20,77250,1394.0,1408.0,1381.0,1391.0,0,0,87700.0,122567400.0,1.0,1394.0,1408.0,1381.0,1391.0,87700.0
2025-08-21,77250,1400.0,1400.0,1370.0,1370.0,0,0,89700.0,124338000.0,1.0,1400.0,1400.0,1370.0,1370.0,89700.0
2025-08-22,77250,1370.0,1374.0,1355.0,1368.0,0,0,42100.0,57592400.0,1.0,1370.0,1374.0,1355.0,1368.0,42100.0
2025-08-25,77250,1380.0,1390.0,1355.0,1358.0,0,0,37100.0,50757200.0,1.0,1380.0,1390.0,1355.0,1358.0,37100.0
2025-08-26,77250,1363.0,1374.0,1356.0,1360.0,0,0,45300.0,61796200.0,1.0,1363.0,1374.0,1356.0,1360.0,45300.0
2025-08-27,77250,1362.0,1414.0,1358.0,1406.0,0,0,89500.0,124651400.0,1.0,1362.0,1414.0,1358.0,1406.0,89500.0
2025-08-28,77250,1401.0,1421.0,1394.0,1421.0,0,0,52100.0,73523600.0,1.0,1401.0,1421.0,1394.0,1421.0,52100.0
2025-08-29,77250,1410.0,1452.0,1408.0,1430.0,0,0,98300.0,141250900.0,1.0,1410.0,1452.0,1408.0,1430.0,98300.0
2025-09-01,77250,1425.0,1437.0,1400.0,1400.0,0,0,67500.0,95690600.0,1.0,1425.0,1437.0,1400.0,1400.0,67500.0
2025-09-02,77250,1400.0,1404.0,1347.0,1354.0,0,0,82700.0,113108400.0,1.0,1400.0,1404.0,1347.0,1354.0,82700.0
2025-09-03,77250,1338.0,1357.0,1330.0,1338.0,0,0,59700.0,80247400.0,1.0,1338.0,1357.0,1330.0,1338.0,59700.0
2025-09-04,77250,1338.0,1354.0,1335.0,1345.0,0,0,60900.0,82027800.0,1.0,1338.0,1354.0,1335.0,1345.0,60900.0
2025-09-05,77250,1345.0,1356.0,1344.0,1351.0,0,0,42300.0,57133600.0,1.0,1345.0,1356.0,1344.0,1351.0,42300.0
2025-09-08,77250,1381.0,1416.0,1378.0,1402.0,0,0,114000.0,158992100.0,1.0,1381.0,1416.0,1378.0,1402.0,114000.0
2025-09-09,77250,1403.0,1417.0,1400.0,1416.0,0,0,50300.0,70843100.0,1.0,1403.0,1417.0,1400.0,1416.0,50300.0
2025-09-10,77250,1418.0,1431.0,1414.0,1429.0,0,0,47800.0,68129900.0,1.0,1418.0,1431.0,1414.0,1429.0,47800.0
2025-09-11,77250,1430.0,1456.0,1430.0,1441.0,0,0,77500.0,111897200.0,1.0,1430.0,1456.0,1430.0,1441.0,77500.0
2025-09-12,77250,1454.0,1490.0,1454.0,1490.0,0,0,125100.0,184849600.0,1.0,1454.0,1490.0,1454.0,1490.0,125100.0
2025-09-16,77250,1491.0,1526.0,1478.0,1523.0,0,0,129000.0,194241100.0,1.0,1491.0,1526.0,1478.0,1523.0,129000.0
2025-09-17,77250,1523.0,1523.0,1491.0,1499.0,0,0,45600.0,68488700.0,1.0,1523.0,1523.0,1491.0,1499.0,45600.0
2025-09-18,77250,1499.0,1529.0,1495.0,1522.0,0,0,64800.0,98474400.0,1.0,1499.0,1529.0,1495.0,1522.0,64800.0
2025-09-19,77250,1528.0,1536.0,1508.0,1526.0,0,0,79000.0,120387400.0,1.0,1528.0,1536.0,1508.0,1526.0,79000.0
2025-09-22,77250,1526.0,1555.0,1526.0,1526.0,0,0,97200.0,149395700.0,1.0,1526.0,1555.0,1526.0,1526.0,97200.0
2025-09-24,77250,1515.0,1541.0,1505.0,1540.0,0,0,90800.0,138466700.0,1.0,1515.0,1541.0,1505.0,1540.0,90800.0
2025-09-25,77250,1540.0,1548.0,1523.0,1524.0,0,0,50700.0,77673900.0,1.0,1540.0,1548.0,1523.0,1524.0,50700.0
2025-09-26,77250,1523.0,1538.0,1501.0,1507.0,0,0,54700.0,82837100.0,1.0,1523.0,1538.0,1501.0,1507.0,54700.0
2025-09-29,77250,1500.0,1508.0,1497.0,1498.0,0,0,31400.0,47114900.0,1.0,1500.0,1508.0,1497.0,1498.0,31400.0
2025-09-30,77250,1506.0,1512.0,1495.0,1497.0,0,0,50400.0,75639800.0,1.0,1506.0,1512.0,1495.0,1497.0,50400.0
2025-10-01,77250,1491.0,1494.0,1416.0,1421.0,0,0,94800.0,137225700.0,1.0,1491.0,1494.0,1416.0,1421.0,94800.0
2025-10-02,77250,1449.0,1489.0,1447.0,1477.0,0,0,81500.0,119957900.0,1.0,1449.0,1489.0,1447.0,1477.0,81500.0
2025-10-03,77250,1485.0,1512.0,1478.0,1486.0,0,0,68500.0,102353800.0,1.0,1485.0,1512.0,1478.0,1486.0,68500.0
2025-10-06,77250,1503.0,1530.0,1500.0,1527.0,0,0,73100.0,110886900.0,1.0,1503.0,1530.0,1500.0,1527.0,73100.0
2025-10-07,77250,1514.0,1539.0,1514.0,1527.0,0,0,78800.0,120371300.0,1.0,1514.0,1539.0,1514.0,1527.0,78800.0
2025-10-08,77250,1508.0,1519.0,1480.0,1488.0,0,0,53400.0,80116400.0,1.0,1508.0,1519.0,1480.0,1488.0,53400.0
2025-10-09,77250,1483.0,1507.0,1483.0,1501.0,0,0,50200.0,75137400.0,1.0,1483.0,1507.0,1483.0,1501.0,50200.0
2025-10-10,77250,1481.0,1501.0,1458.0,1460.0,0,0,71900.0,105964700.0,1.0,1481.0,1501.0,1458.0,1460.0,71900.0
2025-10-14,77250,1400.0,1488.0,1400.0,1449.0,0,0,172300.0,248031500.0,1.0,1400.0,1488.0,1400.0,1449.0,172300.0
2025-10-15,77250,1460.0,1464.0,1435.0,1452.0,0,0,53600.0,77792900.0,1.0,1460.0,1464.0,1435.0,1452.0,53600.0
2025-10-16,77250,1456.0,1493.0,1456.0,1465.0,0,0,58400.0,86183600.0,1.0,1456.0,1493.0,1456.0,1465.0,58400.0
2025-10-17,77250,1438.0,1440.0,1398.0,1399.0,0,0,71000.0,100474300.0,1.0,1438.0,1440.0,1398.0,1399.0,71000.0
2025-10-20,77250,1408.0,1418.0,1402.0,1413.0,0,0,27800.0,39193200.0,1.0,1408.0,1418.0,1402.0,1413.0,27800.0
2025-10-21,77250,1414.0,1444.0,1401.0,1406.0,0,0,49100.0,69413800.0,1.0,1414.0,1444.0,1401.0,1406.0,49100.0
2025-10-22,77250,1436.0,1444.0,1407.0,1429.0,0,0,50100.0,71261400.0,1.0,1436.0,1444.0,1407.0,1429.0,50100.0
2025-10-23,77250,1423.0,1442.0,1400.0,1430.0,0,0,65000.0,92571200.0,1.0,1423.0,1442.0,1400.0,1430.0,65000.0
2025-10-24,77250,1449.0,1449.0,1430.0,1435.0,0,0,25400.0,36528600.0,1.0,1449.0,1449.0,1430.0,1435.0,25400.0
2025-10-27,77250,1441.0,1469.0,1434.0,1453.0,0,0,38200.0,55439200.0,1.0,1441.0,1469.0,1434.0,1453.0,38200.0
2025-10-28,77250,1441.0,1444.0,1417.0,1421.0,0,0,39400.0,56240000.0,1.0,1441.0,1444.0,1417.0,1421.0,39400.0
2025-10-29,77250,1422.0,1426.0,1401.0,1401.0,0,0,63800.0,90390900.0,1.0,1422.0,1426.0,1401.0,1401.0,63800.0
