Date,Code,Open,High,Low,Close,UpperLimit,LowerLimit,Volume,TurnoverValue,AdjustmentFactor,AdjustmentOpen,AdjustmentHigh,AdjustmentLow,AdjustmentClose,AdjustmentVolume
2020-10-29,77270,223.0,228.0,220.0,226.0,0,0,15100.0,3389100.0,1.0,223.0,228.0,220.0,226.0,15100.0
2020-10-30,77270,226.0,226.0,218.0,218.0,0,0,11100.0,2461600.0,1.0,226.0,226.0,218.0,218.0,11100.0
2020-11-02,77270,220.0,223.0,219.0,222.0,0,0,14600.0,3230400.0,1.0,220.0,223.0,219.0,222.0,14600.0
2020-11-04,77270,230.0,231.0,224.0,224.0,0,0,23400.0,5310100.0,1.0,230.0,231.0,224.0,224.0,23400.0
2020-11-05,77270,224.0,230.0,222.0,230.0,0,0,25700.0,5802400.0,1.0,224.0,230.0,222.0,230.0,25700.0
2020-11-06,77270,228.0,228.0,225.0,227.0,0,0,13900.0,3147000.0,1.0,228.0,228.0,225.0,227.0,13900.0
2020-11-09,77270,230.0,234.0,222.0,227.0,0,0,51500.0,11821500.0,1.0,230.0,234.0,222.0,227.0,51500.0
2020-11-10,77270,230.0,235.0,230.0,235.0,0,0,39500.0,9207000.0,1.0,230.0,235.0,230.0,235.0,39500.0
2020-11-11,77270,236.0,240.0,232.0,238.0,0,0,53800.0,12738600.0,1.0,236.0,240.0,232.0,238.0,53800.0
2020-11-12,77270,237.0,240.0,235.0,238.0,0,0,31400.0,7461200.0,1.0,237.0,240.0,235.0,238.0,31400.0
2020-11-13,77270,239.0,239.0,233.0,233.0,0,0,29000.0,6865200.0,1.0,239.0,239.0,233.0,233.0,29000.0
2020-11-16,77270,228.0,233.0,228.0,230.0,0,0,39300.0,9040100.0,1.0,228.0,233.0,228.0,230.0,39300.0
2020-11-17,77270,232.0,232.0,229.0,229.0,0,0,14800.0,3398600.0,1.0,232.0,232.0,229.0,229.0,14800.0
2020-11-18,77270,228.0,234.0,228.0,233.0,0,0,25100.0,5801300.0,1.0,228.0,234.0,228.0,233.0,25100.0
2020-11-19,77270,232.0,239.0,232.0,234.0,0,0,31300.0,7381300.0,1.0,232.0,239.0,232.0,234.0,31300.0
2020-11-20,77270,234.0,236.0,232.0,232.0,0,0,26900.0,6289500.0,1.0,234.0,236.0,232.0,232.0,26900.0
2020-11-24,77270,237.0,241.0,235.0,237.0,0,0,53300.0,12690100.0,1.0,237.0,241.0,235.0,237.0,53300.0
2020-11-25,77270,242.0,242.0,235.0,236.0,0,0,45800.0,10992600.0,1.0,242.0,242.0,235.0,236.0,45800.0
2020-11-26,77270,238.0,241.0,235.0,236.0,0,0,20500.0,4882100.0,1.0,238.0,241.0,235.0,236.0,20500.0
2020-11-27,77270,239.0,240.0,235.0,235.0,0,0,50000.0,11814400.0,1.0,239.0,240.0,235.0,235.0,50000.0
2020-11-30,77270,235.0,236.0,229.0,229.0,0,0,22700.0,5269700.0,1.0,235.0,236.0,229.0,229.0,22700.0
2020-12-01,77270,228.0,236.0,226.0,233.0,0,0,33600.0,7748800.0,1.0,228.0,236.0,226.0,233.0,33600.0
2020-12-02,77270,235.0,237.0,232.0,232.0,0,0,32300.0,7558900.0,1.0,235.0,237.0,232.0,232.0,32300.0
2020-12-03,77270,230.0,232.0,230.0,232.0,0,0,18300.0,4220400.0,1.0,230.0,232.0,230.0,232.0,18300.0
2020-12-04,77270,240.0,303.0,237.0,288.0,0,0,4278700.0,1204522200.0,1.0,240.0,303.0,237.0,288.0,4278700.0
2020-12-07,77270,300.0,368.0,298.0,354.0,1,0,16196100.0,5688692300.0,1.0,300.0,368.0,298.0,354.0,16196100.0
2020-12-08,77270,421.0,424.0,356.0,369.0,0,0,11652100.0,4551980800.0,1.0,421.0,424.0,356.0,369.0,11652100.0
2020-12-09,77270,355.0,386.0,342.0,367.0,0,0,3531000.0,1269958800.0,1.0,355.0,386.0,342.0,367.0,3531000.0
2020-12-10,77270,371.0,376.0,351.0,353.0,0,0,1739300.0,630751100.0,1.0,371.0,376.0,351.0,353.0,1739300.0
2020-12-11,77270,342.0,353.0,325.0,334.0,0,0,1711700.0,579431400.0,1.0,342.0,353.0,325.0,334.0,1711700.0
2020-12-14,77270,350.0,409.0,344.0,359.0,0,0,6198200.0,2366201400.0,1.0,350.0,409.0,344.0,359.0,6198200.0
2020-12-15,77270,353.0,356.0,330.0,332.0,0,0,1048700.0,358269500.0,1.0,353.0,356.0,330.0,332.0,1048700.0
2020-12-16,77270,340.0,340.0,305.0,313.0,0,0,826700.0,265114200.0,1.0,340.0,340.0,305.0,313.0,826700.0
2020-12-17,77270,311.0,319.0,303.0,306.0,0,0,351000.0,108859900.0,1.0,311.0,319.0,303.0,306.0,351000.0
2020-12-18,77270,303.0,316.0,299.0,303.0,0,0,391600.0,119477400.0,1.0,303.0,316.0,299.0,303.0,391600.0
2020-12-21,77270,305.0,309.0,294.0,296.0,0,0,238100.0,71264300.0,1.0,305.0,309.0,294.0,296.0,238100.0
2020-12-22,77270,302.0,324.0,297.0,306.0,0,0,1003800.0,310654500.0,1.0,302.0,324.0,297.0,306.0,1003800.0
2020-12-23,77270,310.0,330.0,310.0,329.0,0,0,808200.0,259065400.0,1.0,310.0,330.0,310.0,329.0,808200.0
2020-12-24,77270,322.0,331.0,317.0,324.0,0,0,719600.0,232601000.0,1.0,322.0,331.0,317.0,324.0,719600.0
2020-12-25,77270,327.0,329.0,312.0,319.0,0,0,248000.0,78899400.0,1.0,327.0,329.0,312.0,319.0,248000.0
2020-12-28,77270,314.0,321.0,303.0,312.0,0,0,295500.0,92075300.0,1.0,314.0,321.0,303.0,312.0,295500.0
2020-12-29,77270,312.0,320.0,307.0,312.0,0,0,173600.0,54416600.0,1.0,312.0,320.0,307.0,312.0,173600.0
2020-12-30,77270,315.0,322.0,305.0,315.0,0,0,189300.0,59294900.0,1.0,315.0,322.0,305.0,315.0,189300.0
2021-01-04,77270,323.0,325.0,301.0,307.0,0,0,221400.0,68361800.0,1.0,323.0,325.0,301.0,307.0,221400.0
2021-01-05,77270,302.0,343.0,302.0,311.0,0,0,1289800.0,416156000.0,1.0,302.0,343.0,302.0,311.0,1289800.0
2021-01-06,77270,309.0,335.0,308.0,324.0,0,0,578400.0,186557400.0,1.0,309.0,335.0,308.0,324.0,578400.0
2021-01-07,77270,329.0,339.0,325.0,332.0,0,0,473900.0,157175200.0,1.0,329.0,339.0,325.0,332.0,473900.0
2021-01-08,77270,333.0,334.0,322.0,327.0,0,0,273200.0,89562400.0,1.0,333.0,334.0,322.0,327.0,273200.0
2021-01-12,77270,325.0,343.0,324.0,340.0,0,0,422200.0,141564100.0,1.0,325.0,343.0,324.0,340.0,422200.0
2021-01-13,77270,340.0,357.0,335.0,343.0,0,0,918900.0,318711000.0,1.0,340.0,357.0,335.0,343.0,918900.0
2021-01-14,77270,365.0,375.0,356.0,362.0,0,0,1270000.0,461198000.0,1.0,365.0,375.0,356.0,362.0,1270000.0
2021-01-15,77270,367.0,369.0,353.0,354.0,0,0,561500.0,202354400.0,1.0,367.0,369.0,353.0,354.0,561500.0
2021-01-18,77270,352.0,364.0,347.0,362.0,0,0,258800.0,92154600.0,1.0,352.0,364.0,347.0,362.0,258800.0
2021-01-19,77270,363.0,378.0,361.0,371.0,0,0,533300.0,197268100.0,1.0,363.0,378.0,361.0,371.0,533300.0
2021-01-20,77270,371.0,374.0,365.0,368.0,0,0,342800.0,126514000.0,1.0,371.0,374.0,365.0,368.0,342800.0
2021-01-21,77270,370.0,372.0,355.0,359.0,0,0,296400.0,107571000.0,1.0,370.0,372.0,355.0,359.0,296400.0
2021-01-22,77270,356.0,359.0,346.0,353.0,0,0,272300.0,95860900.0,1.0,356.0,359.0,346.0,353.0,272300.0
2021-01-25,77270,354.0,359.0,345.0,347.0,0,0,116400.0,40955300.0,1.0,354.0,359.0,345.0,347.0,116400.0
2021-01-26,77270,345.0,354.0,333.0,353.0,0,0,240000.0,82822000.0,1.0,345.0,354.0,333.0,353.0,240000.0
2021-01-27,77270,354.0,354.0,338.0,343.0,0,0,150300.0,51606400.0,1.0,354.0,354.0,338.0,343.0,150300.0
2021-01-28,77270,331.0,340.0,330.0,334.0,0,0,158100.0,52892600.0,1.0,331.0,340.0,330.0,334.0,158100.0
2021-01-29,77270,333.0,338.0,318.0,323.0,0,0,218000.0,70881900.0,1.0,333.0,338.0,318.0,323.0,218000.0
2021-02-01,77270,316.0,339.0,313.0,333.0,0,0,171700.0,56738500.0,1.0,316.0,339.0,313.0,333.0,171700.0
2021-02-02,77270,331.0,347.0,327.0,341.0,0,0,226400.0,76301300.0,1.0,331.0,347.0,327.0,341.0,226400.0
2021-02-03,77270,341.0,350.0,332.0,333.0,0,0,168600.0,57222400.0,1.0,341.0,350.0,332.0,333.0,168600.0
2021-02-04,77270,333.0,337.0,328.0,335.0,0,0,98300.0,32722600.0,1.0,333.0,337.0,328.0,335.0,98300.0
2021-02-05,77270,338.0,338.0,327.0,333.0,0,0,111900.0,37331300.0,1.0,338.0,338.0,327.0,333.0,111900.0
2021-02-08,77270,330.0,335.0,322.0,329.0,0,0,154600.0,51027400.0,1.0,330.0,335.0,322.0,329.0,154600.0
2021-02-09,77270,329.0,333.0,321.0,325.0,0,0,167600.0,54609000.0,1.0,329.0,333.0,321.0,325.0,167600.0
2021-02-10,77270,322.0,333.0,321.0,327.0,0,0,167500.0,54534300.0,1.0,322.0,333.0,321.0,327.0,167500.0
2021-02-12,77270,303.0,308.0,295.0,295.0,0,0,607900.0,181829800.0,1.0,303.0,308.0,295.0,295.0,607900.0
2021-02-15,77270,299.0,304.0,296.0,301.0,0,0,214100.0,64080100.0,1.0,299.0,304.0,296.0,301.0,214100.0
2021-02-16,77270,301.0,304.0,299.0,299.0,0,0,127400.0,38346900.0,1.0,301.0,304.0,299.0,299.0,127400.0
2021-02-17,77270,299.0,311.0,299.0,306.0,0,0,161600.0,49528900.0,1.0,299.0,311.0,299.0,306.0,161600.0
2021-02-18,77270,306.0,308.0,298.0,301.0,0,0,99400.0,29913200.0,1.0,306.0,308.0,298.0,301.0,99400.0
2021-02-19,77270,299.0,313.0,299.0,311.0,0,0,264800.0,81425800.0,1.0,299.0,313.0,299.0,311.0,264800.0
2021-02-22,77270,314.0,314.0,302.0,305.0,0,0,134600.0,41266600.0,1.0,314.0,314.0,302.0,305.0,134600.0
2021-02-24,77270,302.0,303.0,289.0,292.0,0,0,218600.0,64542500.0,1.0,302.0,303.0,289.0,292.0,218600.0
2021-02-25,77270,297.0,297.0,288.0,289.0,0,0,153700.0,44817500.0,1.0,297.0,297.0,288.0,289.0,153700.0
2021-02-26,77270,286.0,288.0,279.0,282.0,0,0,187100.0,53102300.0,1.0,286.0,288.0,279.0,282.0,187100.0
2021-03-01,77270,283.0,288.0,280.0,288.0,0,0,77100.0,21975800.0,1.0,283.0,288.0,280.0,288.0,77100.0
2021-03-02,77270,292.0,293.0,282.0,284.0,0,0,105300.0,30194200.0,1.0,292.0,293.0,282.0,284.0,105300.0
2021-03-03,77270,286.0,290.0,283.0,287.0,0,0,88300.0,25255200.0,1.0,286.0,290.0,283.0,287.0,88300.0
2021-03-04,77270,286.0,286.0,275.0,281.0,0,0,142300.0,39919000.0,1.0,286.0,286.0,275.0,281.0,142300.0
2021-03-05,77270,277.0,281.0,271.0,281.0,0,0,135000.0,37114400.0,1.0,277.0,281.0,271.0,281.0,135000.0
2021-03-08,77270,285.0,285.0,281.0,284.0,0,0,112000.0,31754000.0,1.0,285.0,285.0,281.0,284.0,112000.0
2021-03-09,77270,284.0,286.0,281.0,286.0,0,0,82500.0,23431100.0,1.0,284.0,286.0,281.0,286.0,82500.0
2021-03-10,77270,288.0,291.0,283.0,288.0,0,0,137700.0,39500400.0,1.0,288.0,291.0,283.0,288.0,137700.0
2021-03-11,77270,288.0,290.0,287.0,290.0,0,0,66100.0,19102900.0,1.0,288.0,290.0,287.0,290.0,66100.0
2021-03-12,77270,291.0,295.0,289.0,295.0,0,0,113600.0,33186200.0,1.0,291.0,295.0,289.0,295.0,113600.0
2021-03-15,77270,297.0,303.0,292.0,299.0,0,0,206000.0,61265100.0,1.0,297.0,303.0,292.0,299.0,206000.0
2021-03-16,77270,299.0,304.0,296.0,304.0,0,0,143500.0,43257000.0,1.0,299.0,304.0,296.0,304.0,143500.0
2021-03-17,77270,305.0,305.0,301.0,303.0,0,0,101700.0,30862300.0,1.0,305.0,305.0,301.0,303.0,101700.0
2021-03-18,77270,304.0,305.0,297.0,299.0,0,0,128500.0,38586800.0,1.0,304.0,305.0,297.0,299.0,128500.0
2021-03-19,77270,297.0,313.0,297.0,313.0,0,0,278700.0,85590200.0,1.0,297.0,313.0,297.0,313.0,278700.0
2021-03-22,77270,310.0,310.0,302.0,304.0,0,0,119400.0,36490000.0,1.0,310.0,310.0,302.0,304.0,119400.0
2021-03-23,77270,306.0,306.0,297.0,298.0,0,0,96100.0,28954700.0,1.0,306.0,306.0,297.0,298.0,96100.0
2021-03-24,77270,298.0,298.0,286.0,289.0,0,0,127900.0,37186000.0,1.0,298.0,298.0,286.0,289.0,127900.0
2021-03-25,77270,292.0,301.0,291.0,301.0,0,0,89400.0,26363700.0,1.0,292.0,301.0,291.0,301.0,89400.0
2021-03-26,77270,300.0,304.0,296.0,302.0,0,0,75300.0,22615300.0,1.0,300.0,304.0,296.0,302.0,75300.0
2021-03-29,77270,294.0,298.0,290.0,292.0,0,0,250600.0,73574500.0,1.0,294.0,298.0,290.0,292.0,250600.0
2021-03-30,77270,291.0,293.0,288.0,290.0,0,0,74600.0,21662300.0,1.0,291.0,293.0,288.0,290.0,74600.0
2021-03-31,77270,290.0,292.0,287.0,288.0,0,0,55800.0,16100300.0,1.0,290.0,292.0,287.0,288.0,55800.0
2021-04-01,77270,288.0,291.0,284.0,284.0,0,0,123000.0,35217700.0,1.0,288.0,291.0,284.0,284.0,123000.0
2021-04-02,77270,287.0,291.0,283.0,290.0,0,0,59400.0,17061700.0,1.0,287.0,291.0,283.0,290.0,59400.0
2021-04-05,77270,289.0,296.0,287.0,296.0,0,0,109700.0,32095500.0,1.0,289.0,296.0,287.0,296.0,109700.0
2021-04-06,77270,297.0,297.0,286.0,288.0,0,0,95800.0,27884400.0,1.0,297.0,297.0,286.0,288.0,95800.0
2021-04-07,77270,288.0,292.0,286.0,292.0,0,0,65200.0,18837200.0,1.0,288.0,292.0,286.0,292.0,65200.0
2021-04-08,77270,287.0,288.0,277.0,278.0,0,0,247900.0,69670200.0,1.0,287.0,288.0,277.0,278.0,247900.0
2021-04-09,77270,278.0,288.0,278.0,284.0,0,0,102900.0,29191600.0,1.0,278.0,288.0,278.0,284.0,102900.0
2021-04-12,77270,289.0,292.0,285.0,291.0,0,0,107200.0,30931300.0,1.0,289.0,292.0,285.0,291.0,107200.0
2021-04-13,77270,291.0,292.0,287.0,288.0,0,0,50900.0,14730800.0,1.0,291.0,292.0,287.0,288.0,50900.0
2021-04-14,77270,288.0,288.0,281.0,282.0,0,0,70700.0,20126100.0,1.0,288.0,288.0,281.0,282.0,70700.0
2021-04-15,77270,284.0,285.0,280.0,283.0,0,0,76200.0,21541200.0,1.0,284.0,285.0,280.0,283.0,76200.0
2021-04-16,77270,286.0,286.0,278.0,284.0,0,0,73200.0,20571800.0,1.0,286.0,286.0,278.0,284.0,73200.0
2021-04-19,77270,284.0,290.0,284.0,290.0,0,0,34400.0,9855800.0,1.0,284.0,290.0,284.0,290.0,34400.0
2021-04-20,77270,285.0,287.0,283.0,284.0,0,0,44800.0,12777400.0,1.0,285.0,287.0,283.0,284.0,44800.0
2021-04-21,77270,282.0,284.0,271.0,273.0,0,0,176000.0,48565400.0,1.0,282.0,284.0,271.0,273.0,176000.0
2021-04-22,77270,277.0,282.0,274.0,282.0,0,0,65200.0,18081200.0,1.0,277.0,282.0,274.0,282.0,65200.0
2021-04-23,77270,278.0,283.0,278.0,279.0,0,0,38000.0,10629800.0,1.0,278.0,283.0,278.0,279.0,38000.0
2021-04-26,77270,281.0,290.0,276.0,276.0,0,0,195800.0,54960700.0,1.0,281.0,290.0,276.0,276.0,195800.0
2021-04-27,77270,278.0,289.0,278.0,281.0,0,0,124100.0,35077800.0,1.0,278.0,289.0,278.0,281.0,124100.0
2021-04-28,77270,281.0,282.0,274.0,276.0,0,0,107800.0,29922500.0,1.0,281.0,282.0,274.0,276.0,107800.0
2021-04-30,77270,276.0,279.0,274.0,274.0,0,0,50500.0,13930000.0,1.0,276.0,279.0,274.0,274.0,50500.0
2021-05-06,77270,276.0,286.0,276.0,282.0,0,0,92300.0,26021100.0,1.0,276.0,286.0,276.0,282.0,92300.0
2021-05-07,77270,282.0,292.0,280.0,288.0,0,0,130200.0,37341800.0,1.0,282.0,292.0,280.0,288.0,130200.0
2021-05-10,77270,288.0,291.0,283.0,286.0,0,0,89600.0,25617100.0,1.0,288.0,291.0,283.0,286.0,89600.0
2021-05-11,77270,283.0,284.0,276.0,276.0,0,0,76000.0,21217000.0,1.0,283.0,284.0,276.0,276.0,76000.0
2021-05-12,77270,277.0,279.0,269.0,272.0,0,0,98200.0,26803300.0,1.0,277.0,279.0,269.0,272.0,98200.0
2021-05-13,77270,271.0,273.0,264.0,264.0,0,0,102500.0,27484200.0,1.0,271.0,273.0,264.0,264.0,102500.0
2021-05-14,77270,268.0,274.0,267.0,270.0,0,0,78400.0,21202400.0,1.0,268.0,274.0,267.0,270.0,78400.0
2021-05-17,77270,267.0,271.0,263.0,269.0,0,0,91600.0,24359900.0,1.0,267.0,271.0,263.0,269.0,91600.0
2021-05-18,77270,271.0,275.0,269.0,275.0,0,0,88100.0,23979000.0,1.0,271.0,275.0,269.0,275.0,88100.0
2021-05-19,77270,272.0,277.0,272.0,272.0,0,0,57100.0,15621100.0,1.0,272.0,277.0,272.0,272.0,57100.0
2021-05-20,77270,274.0,281.0,274.0,278.0,0,0,76200.0,21115400.0,1.0,274.0,281.0,274.0,278.0,76200.0
2021-05-21,77270,277.0,282.0,276.0,280.0,0,0,51200.0,14289300.0,1.0,277.0,282.0,276.0,280.0,51200.0
2021-05-24,77270,280.0,287.0,279.0,287.0,0,0,72700.0,20608300.0,1.0,280.0,287.0,279.0,287.0,72700.0
2021-05-25,77270,288.0,288.0,282.0,282.0,0,0,51900.0,14807900.0,1.0,288.0,288.0,282.0,282.0,51900.0
2021-05-26,77270,285.0,285.0,279.0,283.0,0,0,58600.0,16582400.0,1.0,285.0,285.0,279.0,283.0,58600.0
2021-05-27,77270,280.0,281.0,279.0,279.0,0,0,31100.0,8692300.0,1.0,280.0,281.0,279.0,279.0,31100.0
2021-05-28,77270,282.0,282.0,277.0,280.0,0,0,47000.0,13143000.0,1.0,282.0,282.0,277.0,280.0,47000.0
2021-05-31,77270,284.0,290.0,282.0,285.0,0,0,145000.0,41465700.0,1.0,284.0,290.0,282.0,285.0,145000.0
2021-06-01,77270,283.0,284.0,278.0,280.0,0,0,92400.0,25989000.0,1.0,283.0,284.0,278.0,280.0,92400.0
2021-06-02,77270,278.0,280.0,277.0,277.0,0,0,51000.0,14182900.0,1.0,278.0,280.0,277.0,277.0,51000.0
2021-06-03,77270,277.0,283.0,277.0,283.0,0,0,102800.0,28878100.0,1.0,277.0,283.0,277.0,283.0,102800.0
2021-06-04,77270,283.0,290.0,282.0,287.0,0,0,99500.0,28363600.0,1.0,283.0,290.0,282.0,287.0,99500.0
2021-06-07,77270,289.0,289.0,282.0,283.0,0,0,74000.0,21084700.0,1.0,289.0,289.0,282.0,283.0,74000.0
2021-06-08,77270,281.0,286.0,279.0,282.0,0,0,92200.0,26061300.0,1.0,281.0,286.0,279.0,282.0,92200.0
2021-06-09,77270,283.0,285.0,282.0,282.0,0,0,31800.0,8999500.0,1.0,283.0,285.0,282.0,282.0,31800.0
2021-06-10,77270,284.0,288.0,282.0,286.0,0,0,94500.0,26916900.0,1.0,284.0,288.0,282.0,286.0,94500.0
2021-06-11,77270,286.0,287.0,282.0,282.0,0,0,48800.0,13897600.0,1.0,286.0,287.0,282.0,282.0,48800.0
2021-06-14,77270,282.0,283.0,280.0,282.0,0,0,80500.0,22673000.0,1.0,282.0,283.0,280.0,282.0,80500.0
2021-06-15,77270,280.0,287.0,280.0,285.0,0,0,68500.0,19376400.0,1.0,280.0,287.0,280.0,285.0,68500.0
2021-06-16,77270,285.0,288.0,281.0,283.0,0,0,85400.0,24251300.0,1.0,285.0,288.0,281.0,283.0,85400.0
2021-06-17,77270,283.0,285.0,281.0,285.0,0,0,47600.0,13471900.0,1.0,283.0,285.0,281.0,285.0,47600.0
2021-06-18,77270,284.0,286.0,281.0,282.0,0,0,65500.0,18584500.0,1.0,284.0,286.0,281.0,282.0,65500.0
2021-06-21,77270,278.0,278.0,270.0,270.0,0,0,134300.0,36720000.0,1.0,278.0,278.0,270.0,270.0,134300.0
2021-06-22,77270,276.0,278.0,272.0,275.0,0,0,86500.0,23780300.0,1.0,276.0,278.0,272.0,275.0,86500.0
2021-06-23,77270,277.0,278.0,272.0,274.0,0,0,51400.0,14118300.0,1.0,277.0,278.0,272.0,274.0,51400.0
2021-06-24,77270,273.0,276.0,273.0,275.0,0,0,29800.0,8180200.0,1.0,273.0,276.0,273.0,275.0,29800.0
2021-06-25,77270,276.0,279.0,276.0,278.0,0,0,43800.0,12146200.0,1.0,276.0,279.0,276.0,278.0,43800.0
2021-06-28,77270,280.0,289.0,279.0,289.0,0,0,105500.0,30044800.0,1.0,280.0,289.0,279.0,289.0,105500.0
2021-06-29,77270,290.0,292.0,285.0,291.0,0,0,162800.0,47113100.0,1.0,290.0,292.0,285.0,291.0,162800.0
2021-06-30,77270,292.0,305.0,291.0,300.0,0,0,338000.0,101236700.0,1.0,292.0,305.0,291.0,300.0,338000.0
2021-07-01,77270,303.0,307.0,297.0,307.0,0,0,364900.0,110362300.0,1.0,303.0,307.0,297.0,307.0,364900.0
2021-07-02,77270,306.0,306.0,297.0,297.0,0,0,187700.0,56397400.0,1.0,306.0,306.0,297.0,297.0,187700.0
2021-07-05,77270,297.0,300.0,293.0,294.0,0,0,99000.0,29226900.0,1.0,297.0,300.0,293.0,294.0,99000.0
2021-07-06,77270,293.0,298.0,287.0,297.0,0,0,104900.0,30659300.0,1.0,293.0,298.0,287.0,297.0,104900.0
2021-07-07,77270,293.0,296.0,290.0,291.0,0,0,56600.0,16555100.0,1.0,293.0,296.0,290.0,291.0,56600.0
2021-07-08,77270,295.0,295.0,286.0,286.0,0,0,42700.0,12332500.0,1.0,295.0,295.0,286.0,286.0,42700.0
2021-07-09,77270,281.0,287.0,280.0,286.0,0,0,96400.0,27266100.0,1.0,281.0,287.0,280.0,286.0,96400.0
2021-07-12,77270,290.0,290.0,286.0,289.0,0,0,40600.0,11713500.0,1.0,290.0,290.0,286.0,289.0,40600.0
2021-07-13,77270,290.0,293.0,289.0,292.0,0,0,42400.0,12341900.0,1.0,290.0,293.0,289.0,292.0,42400.0
2021-07-14,77270,290.0,297.0,290.0,293.0,0,0,53900.0,15865300.0,1.0,290.0,297.0,290.0,293.0,53900.0
2021-07-15,77270,294.0,294.0,289.0,289.0,0,0,34600.0,10040700.0,1.0,294.0,294.0,289.0,289.0,34600.0
2021-07-16,77270,289.0,291.0,287.0,288.0,0,0,19800.0,5714600.0,1.0,289.0,291.0,287.0,288.0,19800.0
2021-07-19,77270,288.0,288.0,283.0,283.0,0,0,31200.0,8879700.0,1.0,288.0,288.0,283.0,283.0,31200.0
2021-07-20,77270,280.0,282.0,278.0,280.0,0,0,46100.0,12915800.0,1.0,280.0,282.0,278.0,280.0,46100.0
2021-07-21,77270,281.0,284.0,280.0,282.0,0,0,30300.0,8527000.0,1.0,281.0,284.0,280.0,282.0,30300.0
2021-07-26,77270,282.0,288.0,282.0,285.0,0,0,22000.0,6274000.0,1.0,282.0,288.0,282.0,285.0,22000.0
2021-07-27,77270,287.0,291.0,285.0,291.0,0,0,32400.0,9338900.0,1.0,287.0,291.0,285.0,291.0,32400.0
2021-07-28,77270,289.0,291.0,283.0,283.0,0,0,24200.0,6945500.0,1.0,289.0,291.0,283.0,283.0,24200.0
2021-07-29,77270,281.0,288.0,281.0,285.0,0,0,42400.0,12067100.0,1.0,281.0,288.0,281.0,285.0,42400.0
2021-07-30,77270,282.0,284.0,279.0,280.0,0,0,39600.0,11128400.0,1.0,282.0,284.0,279.0,280.0,39600.0
2021-08-02,77270,280.0,289.0,280.0,288.0,0,0,49400.0,14112700.0,1.0,280.0,289.0,280.0,288.0,49400.0
2021-08-03,77270,288.0,289.0,286.0,287.0,0,0,33000.0,9496300.0,1.0,288.0,289.0,286.0,287.0,33000.0
2021-08-04,77270,285.0,288.0,281.0,281.0,0,0,36100.0,10244100.0,1.0,285.0,288.0,281.0,281.0,36100.0
2021-08-05,77270,281.0,281.0,273.0,277.0,0,0,69200.0,19162800.0,1.0,281.0,281.0,273.0,277.0,69200.0
2021-08-06,77270,274.0,280.0,273.0,278.0,0,0,41200.0,11402600.0,1.0,274.0,280.0,273.0,278.0,41200.0
2021-08-10,77270,278.0,279.0,271.0,273.0,0,0,47400.0,13033500.0,1.0,278.0,279.0,271.0,273.0,47400.0
2021-08-11,77270,276.0,276.0,273.0,274.0,0,0,15900.0,4370800.0,1.0,276.0,276.0,273.0,274.0,15900.0
2021-08-12,77270,276.0,277.0,273.0,274.0,0,0,36400.0,10011300.0,1.0,276.0,277.0,273.0,274.0,36400.0
2021-08-13,77270,275.0,275.0,272.0,272.0,0,0,35400.0,9672100.0,1.0,275.0,275.0,272.0,272.0,35400.0
2021-08-16,77270,269.0,271.0,267.0,269.0,0,0,65700.0,17672300.0,1.0,269.0,271.0,267.0,269.0,65700.0
2021-08-17,77270,270.0,271.0,263.0,263.0,0,0,75100.0,20130000.0,1.0,270.0,271.0,263.0,263.0,75100.0
2021-08-18,77270,263.0,268.0,261.0,265.0,0,0,44900.0,11886900.0,1.0,263.0,268.0,261.0,265.0,44900.0
2021-08-19,77270,264.0,269.0,263.0,263.0,0,0,32300.0,8583000.0,1.0,264.0,269.0,263.0,263.0,32300.0
2021-08-20,77270,262.0,266.0,253.0,259.0,0,0,120300.0,31138300.0,1.0,262.0,266.0,253.0,259.0,120300.0
2021-08-23,77270,267.0,269.0,259.0,264.0,0,0,36900.0,9742700.0,1.0,267.0,269.0,259.0,264.0,36900.0
2021-08-24,77270,262.0,268.0,262.0,268.0,0,0,21300.0,5669900.0,1.0,262.0,268.0,262.0,268.0,21300.0
2021-08-25,77270,269.0,273.0,268.0,272.0,0,0,51500.0,13913200.0,1.0,269.0,273.0,268.0,272.0,51500.0
2021-08-26,77270,271.0,275.0,271.0,275.0,0,0,24500.0,6699500.0,1.0,271.0,275.0,271.0,275.0,24500.0
2021-08-27,77270,274.0,277.0,273.0,277.0,0,0,12300.0,3393900.0,1.0,274.0,277.0,273.0,277.0,12300.0
2021-08-30,77270,277.0,280.0,274.0,280.0,0,0,33000.0,9153000.0,1.0,277.0,280.0,274.0,280.0,33000.0
2021-08-31,77270,278.0,280.0,276.0,276.0,0,0,22400.0,6219500.0,1.0,278.0,280.0,276.0,276.0,22400.0
2021-09-01,77270,277.0,277.0,272.0,276.0,0,0,32400.0,8886000.0,1.0,277.0,277.0,272.0,276.0,32400.0
2021-09-02,77270,279.0,279.0,272.0,272.0,0,0,41100.0,11300400.0,1.0,279.0,279.0,272.0,272.0,41100.0
2021-09-03,77270,272.0,279.0,272.0,279.0,0,0,45700.0,12621600.0,1.0,272.0,279.0,272.0,279.0,45700.0
2021-09-06,77270,280.0,280.0,278.0,279.0,0,0,35200.0,9827800.0,1.0,280.0,280.0,278.0,279.0,35200.0
2021-09-07,77270,279.0,279.0,274.0,275.0,0,0,42700.0,11841700.0,1.0,279.0,279.0,274.0,275.0,42700.0
2021-09-08,77270,276.0,277.0,275.0,277.0,0,0,32700.0,9025800.0,1.0,276.0,277.0,275.0,277.0,32700.0
2021-09-09,77270,277.0,278.0,275.0,278.0,0,0,23400.0,6480600.0,1.0,277.0,278.0,275.0,278.0,23400.0
2021-09-10,77270,272.0,277.0,272.0,276.0,0,0,62800.0,17207800.0,1.0,272.0,277.0,272.0,276.0,62800.0
2021-09-13,77270,277.0,277.0,270.0,276.0,0,0,122100.0,33252700.0,1.0,277.0,277.0,270.0,276.0,122100.0
2021-09-14,77270,278.0,281.0,276.0,281.0,0,0,67100.0,18705900.0,1.0,278.0,281.0,276.0,281.0,67100.0
2021-09-15,77270,280.0,280.0,277.0,279.0,0,0,28800.0,8018900.0,1.0,280.0,280.0,277.0,279.0,28800.0
2021-09-16,77270,278.0,278.0,272.0,274.0,0,0,71300.0,19541100.0,1.0,278.0,278.0,272.0,274.0,71300.0
2021-09-17,77270,275.0,275.0,269.0,273.0,0,0,58400.0,15867300.0,1.0,275.0,275.0,269.0,273.0,58400.0
2021-09-21,77270,271.0,272.0,268.0,270.0,0,0,60000.0,16208300.0,1.0,271.0,272.0,268.0,270.0,60000.0
2021-09-22,77270,267.0,267.0,265.0,265.0,0,0,45700.0,12153900.0,1.0,267.0,267.0,265.0,265.0,45700.0
2021-09-24,77270,271.0,271.0,265.0,268.0,0,0,58600.0,15667800.0,1.0,271.0,271.0,265.0,268.0,58600.0
2021-09-27,77270,268.0,271.0,266.0,271.0,0,0,42300.0,11368400.0,1.0,268.0,271.0,266.0,271.0,42300.0
2021-09-28,77270,272.0,275.0,268.0,275.0,0,0,66600.0,18101700.0,1.0,272.0,275.0,268.0,275.0,66600.0
2021-09-29,77270,270.0,271.0,268.0,270.0,0,0,45600.0,12294600.0,1.0,270.0,271.0,268.0,270.0,45600.0
2021-09-30,77270,269.0,270.0,267.0,267.0,0,0,25600.0,6866100.0,1.0,269.0,270.0,267.0,267.0,25600.0
2021-10-01,77270,267.0,268.0,262.0,262.0,0,0,60700.0,16034000.0,1.0,267.0,268.0,262.0,262.0,60700.0
2021-10-04,77270,263.0,263.0,258.0,258.0,0,0,58600.0,15290500.0,1.0,263.0,263.0,258.0,258.0,58600.0
2021-10-05,77270,255.0,255.0,248.0,254.0,0,0,80800.0,20333300.0,1.0,255.0,255.0,248.0,254.0,80800.0
2021-10-06,77270,255.0,261.0,254.0,255.0,0,0,35300.0,9082300.0,1.0,255.0,261.0,254.0,255.0,35300.0
2021-10-07,77270,260.0,260.0,256.0,257.0,0,0,14300.0,3688800.0,1.0,260.0,260.0,256.0,257.0,14300.0
2021-10-08,77270,258.0,262.0,258.0,261.0,0,0,32400.0,8408100.0,1.0,258.0,262.0,258.0,261.0,32400.0
2021-10-11,77270,259.0,263.0,259.0,263.0,0,0,10700.0,2808800.0,1.0,259.0,263.0,259.0,263.0,10700.0
2021-10-12,77270,262.0,262.0,258.0,258.0,0,0,13600.0,3533600.0,1.0,262.0,262.0,258.0,258.0,13600.0
2021-10-13,77270,258.0,258.0,255.0,256.0,0,0,36500.0,9346600.0,1.0,258.0,258.0,255.0,256.0,36500.0
2021-10-14,77270,254.0,255.0,253.0,254.0,0,0,16500.0,4191100.0,1.0,254.0,255.0,253.0,254.0,16500.0
2021-10-15,77270,256.0,258.0,253.0,258.0,0,0,36100.0,9226700.0,1.0,256.0,258.0,253.0,258.0,36100.0
2021-10-18,77270,259.0,259.0,256.0,257.0,0,0,37400.0,9612300.0,1.0,259.0,259.0,256.0,257.0,37400.0
2021-10-19,77270,257.0,260.0,256.0,260.0,0,0,24400.0,6292600.0,1.0,257.0,260.0,256.0,260.0,24400.0
2021-10-20,77270,261.0,262.0,252.0,254.0,0,0,64800.0,16551300.0,1.0,261.0,262.0,252.0,254.0,64800.0
2021-10-21,77270,254.0,257.0,254.0,254.0,0,0,18900.0,4824000.0,1.0,254.0,257.0,254.0,254.0,18900.0
2021-10-22,77270,252.0,253.0,248.0,252.0,0,0,65600.0,16487600.0,1.0,252.0,253.0,248.0,252.0,65600.0
2021-10-25,77270,248.0,252.0,248.0,250.0,0,0,28200.0,7044900.0,1.0,248.0,252.0,248.0,250.0,28200.0
2021-10-26,77270,250.0,253.0,250.0,253.0,0,0,22900.0,5760100.0,1.0,250.0,253.0,250.0,253.0,22900.0
2021-10-27,77270,254.0,257.0,252.0,255.0,0,0,21000.0,5333900.0,1.0,254.0,257.0,252.0,255.0,21000.0
2021-10-28,77270,254.0,255.0,253.0,254.0,0,0,12900.0,3271600.0,1.0,254.0,255.0,253.0,254.0,12900.0
2021-10-29,77270,255.0,257.0,253.0,257.0,0,0,17800.0,4545400.0,1.0,255.0,257.0,253.0,257.0,17800.0
2021-11-01,77270,257.0,261.0,255.0,260.0,0,0,32100.0,8297500.0,1.0,257.0,261.0,255.0,260.0,32100.0
2021-11-02,77270,262.0,264.0,259.0,260.0,0,0,40000.0,10441400.0,1.0,262.0,264.0,259.0,260.0,40000.0
2021-11-04,77270,262.0,269.0,259.0,268.0,0,0,96800.0,25658800.0,1.0,262.0,269.0,259.0,268.0,96800.0
2021-11-05,77270,267.0,267.0,258.0,258.0,0,0,40700.0,10652400.0,1.0,267.0,267.0,258.0,258.0,40700.0
2021-11-08,77270,259.0,260.0,256.0,256.0,0,0,14100.0,3630800.0,1.0,259.0,260.0,256.0,256.0,14100.0
2021-11-09,77270,258.0,259.0,254.0,256.0,0,0,21800.0,5580400.0,1.0,258.0,259.0,254.0,256.0,21800.0
2021-11-10,77270,260.0,260.0,253.0,256.0,0,0,35800.0,9164600.0,1.0,260.0,260.0,253.0,256.0,35800.0
2021-11-11,77270,256.0,257.0,252.0,252.0,0,0,27700.0,7043100.0,1.0,256.0,257.0,252.0,252.0,27700.0
2021-11-12,77270,253.0,262.0,253.0,262.0,0,0,28800.0,7404600.0,1.0,253.0,262.0,253.0,262.0,28800.0
2021-11-15,77270,281.0,281.0,267.0,268.0,0,0,156700.0,42925000.0,1.0,281.0,281.0,267.0,268.0,156700.0
2021-11-16,77270,267.0,268.0,265.0,266.0,0,0,25000.0,6647400.0,1.0,267.0,268.0,265.0,266.0,25000.0
2021-11-17,77270,267.0,267.0,261.0,262.0,0,0,62600.0,16476400.0,1.0,267.0,267.0,261.0,262.0,62600.0
2021-11-18,77270,262.0,264.0,261.0,261.0,0,0,22100.0,5795700.0,1.0,262.0,264.0,261.0,261.0,22100.0
2021-11-19,77270,265.0,265.0,261.0,263.0,0,0,28000.0,7349300.0,1.0,265.0,265.0,261.0,263.0,28000.0
2021-11-22,77270,262.0,264.0,260.0,263.0,0,0,17200.0,4517100.0,1.0,262.0,264.0,260.0,263.0,17200.0
2021-11-24,77270,265.0,267.0,263.0,265.0,0,0,34300.0,9097300.0,1.0,265.0,267.0,263.0,265.0,34300.0
2021-11-25,77270,267.0,272.0,266.0,269.0,0,0,58600.0,15796400.0,1.0,267.0,272.0,266.0,269.0,58600.0
2021-11-26,77270,272.0,272.0,261.0,262.0,0,0,42900.0,11316100.0,1.0,272.0,272.0,261.0,262.0,42900.0
2021-11-29,77270,260.0,262.0,254.0,255.0,0,0,31600.0,8138600.0,1.0,260.0,262.0,254.0,255.0,31600.0
2021-11-30,77270,256.0,259.0,253.0,253.0,0,0,41800.0,10721900.0,1.0,256.0,259.0,253.0,253.0,41800.0
2021-12-01,77270,251.0,256.0,246.0,253.0,0,0,41200.0,10341700.0,1.0,251.0,256.0,246.0,253.0,41200.0
2021-12-02,77270,247.0,253.0,247.0,249.0,0,0,48000.0,11991500.0,1.0,247.0,253.0,247.0,249.0,48000.0
2021-12-03,77270,255.0,262.0,252.0,261.0,0,0,66600.0,17140200.0,1.0,255.0,262.0,252.0,261.0,66600.0
2021-12-06,77270,260.0,262.0,254.0,254.0,0,0,29900.0,7708600.0,1.0,260.0,262.0,254.0,254.0,29900.0
2021-12-07,77270,256.0,266.0,256.0,266.0,0,0,32600.0,8527500.0,1.0,256.0,266.0,256.0,266.0,32600.0
2021-12-08,77270,266.0,266.0,263.0,265.0,0,0,23400.0,6191200.0,1.0,266.0,266.0,263.0,265.0,23400.0
2021-12-09,77270,265.0,265.0,259.0,260.0,0,0,17300.0,4515600.0,1.0,265.0,265.0,259.0,260.0,17300.0
2021-12-10,77270,256.0,260.0,254.0,255.0,0,0,37400.0,9579600.0,1.0,256.0,260.0,254.0,255.0,37400.0
2021-12-13,77270,258.0,258.0,252.0,255.0,0,0,31500.0,8000000.0,1.0,258.0,258.0,252.0,255.0,31500.0
2021-12-14,77270,253.0,255.0,252.0,252.0,0,0,26800.0,6774900.0,1.0,253.0,255.0,252.0,252.0,26800.0
2021-12-15,77270,252.0,258.0,252.0,254.0,0,0,33100.0,8442900.0,1.0,252.0,258.0,252.0,254.0,33100.0
2021-12-16,77270,256.0,257.0,253.0,254.0,0,0,47400.0,12099100.0,1.0,256.0,257.0,253.0,254.0,47400.0
2021-12-17,77270,254.0,255.0,249.0,249.0,0,0,62300.0,15730100.0,1.0,254.0,255.0,249.0,249.0,62300.0
2021-12-20,77270,249.0,250.0,237.0,237.0,0,0,89800.0,21933000.0,1.0,249.0,250.0,237.0,237.0,89800.0
2021-12-21,77270,236.0,243.0,236.0,240.0,0,0,47600.0,11399100.0,1.0,236.0,243.0,236.0,240.0,47600.0
2021-12-22,77270,241.0,245.0,240.0,243.0,0,0,37100.0,8994200.0,1.0,241.0,245.0,240.0,243.0,37100.0
2021-12-23,77270,247.0,247.0,245.0,246.0,0,0,21000.0,5174700.0,1.0,247.0,247.0,245.0,246.0,21000.0
2021-12-24,77270,251.0,251.0,241.0,244.0,0,0,56700.0,13991800.0,1.0,251.0,251.0,241.0,244.0,56700.0
2021-12-27,77270,246.0,246.0,239.0,240.0,0,0,26400.0,6373600.0,1.0,246.0,246.0,239.0,240.0,26400.0
2021-12-28,77270,242.0,244.0,237.0,239.0,0,0,60600.0,14551600.0,1.0,242.0,244.0,237.0,239.0,60600.0
2021-12-29,77270,239.0,249.0,239.0,249.0,0,0,62900.0,15411100.0,1.0,239.0,249.0,239.0,249.0,62900.0
2021-12-30,77270,248.0,254.0,246.0,253.0,0,0,36000.0,9032700.0,1.0,248.0,254.0,246.0,253.0,36000.0
2022-01-04,77270,256.0,264.0,255.0,263.0,0,0,34500.0,8960300.0,1.0,256.0,264.0,255.0,263.0,34500.0
2022-01-05,77270,263.0,268.0,261.0,268.0,0,0,71700.0,19003000.0,1.0,263.0,268.0,261.0,268.0,71700.0
2022-01-06,77270,262.0,263.0,259.0,259.0,0,0,58900.0,15385000.0,1.0,262.0,263.0,259.0,259.0,58900.0
2022-01-07,77270,259.0,261.0,251.0,253.0,0,0,37900.0,9654800.0,1.0,259.0,261.0,251.0,253.0,37900.0
2022-01-11,77270,253.0,256.0,253.0,256.0,0,0,16800.0,4278100.0,1.0,253.0,256.0,253.0,256.0,16800.0
2022-01-12,77270,256.0,261.0,256.0,260.0,0,0,30700.0,7945500.0,1.0,256.0,261.0,256.0,260.0,30700.0
2022-01-13,77270,260.0,261.0,254.0,254.0,0,0,21700.0,5564400.0,1.0,260.0,261.0,254.0,254.0,21700.0
2022-01-14,77270,253.0,254.0,251.0,253.0,0,0,35700.0,9000100.0,1.0,253.0,254.0,251.0,253.0,35700.0
2022-01-17,77270,253.0,255.0,250.0,252.0,0,0,27100.0,6837600.0,1.0,253.0,255.0,250.0,252.0,27100.0
2022-01-18,77270,253.0,253.0,248.0,248.0,0,0,30000.0,7529100.0,1.0,253.0,253.0,248.0,248.0,30000.0
2022-01-19,77270,247.0,248.0,243.0,243.0,0,0,33700.0,8258100.0,1.0,247.0,248.0,243.0,243.0,33700.0
2022-01-20,77270,243.0,249.0,243.0,246.0,0,0,36300.0,8926600.0,1.0,243.0,249.0,243.0,246.0,36300.0
2022-01-21,77270,243.0,249.0,243.0,249.0,0,0,16800.0,4136400.0,1.0,243.0,249.0,243.0,249.0,16800.0
2022-01-24,77270,250.0,255.0,248.0,255.0,0,0,12500.0,3150000.0,1.0,250.0,255.0,248.0,255.0,12500.0
2022-01-25,77270,256.0,258.0,253.0,253.0,0,0,71400.0,18258500.0,1.0,256.0,258.0,253.0,253.0,71400.0
2022-01-26,77270,251.0,255.0,251.0,254.0,0,0,15200.0,3836900.0,1.0,251.0,255.0,251.0,254.0,15200.0
2022-01-27,77270,259.0,259.0,245.0,246.0,0,0,47100.0,11766500.0,1.0,259.0,259.0,245.0,246.0,47100.0
2022-01-28,77270,246.0,253.0,246.0,252.0,0,0,24800.0,6205400.0,1.0,246.0,253.0,246.0,252.0,24800.0
2022-01-31,77270,249.0,254.0,249.0,253.0,0,0,21900.0,5501700.0,1.0,249.0,254.0,249.0,253.0,21900.0
2022-02-01,77270,255.0,258.0,253.0,258.0,0,0,19400.0,4954200.0,1.0,255.0,258.0,253.0,258.0,19400.0
2022-02-02,77270,259.0,267.0,258.0,267.0,0,0,52400.0,13740300.0,1.0,259.0,267.0,258.0,267.0,52400.0
2022-02-03,77270,265.0,272.0,265.0,269.0,0,0,104200.0,28110100.0,1.0,265.0,272.0,265.0,269.0,104200.0
2022-02-04,77270,267.0,269.0,265.0,266.0,0,0,56800.0,15192300.0,1.0,267.0,269.0,265.0,266.0,56800.0
2022-02-07,77270,268.0,268.0,265.0,268.0,0,0,37100.0,9895800.0,1.0,268.0,268.0,265.0,268.0,37100.0
2022-02-08,77270,268.0,269.0,265.0,269.0,0,0,33400.0,8925800.0,1.0,268.0,269.0,265.0,269.0,33400.0
2022-02-09,77270,269.0,270.0,266.0,269.0,0,0,23000.0,6166900.0,1.0,269.0,270.0,266.0,269.0,23000.0
2022-02-10,77270,270.0,272.0,268.0,272.0,0,0,52200.0,14106400.0,1.0,270.0,272.0,268.0,272.0,52200.0
2022-02-14,77270,266.0,270.0,264.0,267.0,0,0,40200.0,10747000.0,1.0,266.0,270.0,264.0,267.0,40200.0
2022-02-15,77270,270.0,270.0,267.0,267.0,0,0,14300.0,3827400.0,1.0,270.0,270.0,267.0,267.0,14300.0
2022-02-16,77270,267.0,273.0,267.0,271.0,0,0,43900.0,11881300.0,1.0,267.0,273.0,267.0,271.0,43900.0
2022-02-17,77270,270.0,276.0,269.0,272.0,0,0,78200.0,21353500.0,1.0,270.0,276.0,269.0,272.0,78200.0
2022-02-18,77270,269.0,274.0,269.0,271.0,0,0,45900.0,12437400.0,1.0,269.0,274.0,269.0,271.0,45900.0
2022-02-21,77270,271.0,271.0,269.0,270.0,0,0,23300.0,6293100.0,1.0,271.0,271.0,269.0,270.0,23300.0
2022-02-22,77270,270.0,271.0,269.0,271.0,0,0,25700.0,6942200.0,1.0,270.0,271.0,269.0,271.0,25700.0
2022-02-24,77270,271.0,272.0,268.0,272.0,0,0,76900.0,20759900.0,1.0,271.0,272.0,268.0,272.0,76900.0
2022-02-25,77270,276.0,276.0,267.0,274.0,0,0,34900.0,9480500.0,1.0,276.0,276.0,267.0,274.0,34900.0
2022-02-28,77270,275.0,282.0,273.0,275.0,0,0,97900.0,27206000.0,1.0,275.0,282.0,273.0,275.0,97900.0
2022-03-01,77270,280.0,283.0,279.0,283.0,0,0,91100.0,25585700.0,1.0,280.0,283.0,279.0,283.0,91100.0
2022-03-02,77270,280.0,281.0,277.0,277.0,0,0,53900.0,15080400.0,1.0,280.0,281.0,277.0,277.0,53900.0
2022-03-03,77270,278.0,283.0,278.0,281.0,0,0,45400.0,12720400.0,1.0,278.0,283.0,278.0,281.0,45400.0
2022-03-04,77270,282.0,283.0,279.0,280.0,0,0,129600.0,36404400.0,1.0,282.0,283.0,279.0,280.0,129600.0
2022-03-07,77270,278.0,280.0,273.0,276.0,0,0,125700.0,34799300.0,1.0,278.0,280.0,273.0,276.0,125700.0
2022-03-08,77270,271.0,276.0,268.0,274.0,0,0,80100.0,21802000.0,1.0,271.0,276.0,268.0,274.0,80100.0
2022-03-09,77270,274.0,276.0,269.0,270.0,0,0,18400.0,4994900.0,1.0,274.0,276.0,269.0,270.0,18400.0
2022-03-10,77270,273.0,277.0,273.0,277.0,0,0,63400.0,17416200.0,1.0,273.0,277.0,273.0,277.0,63400.0
2022-03-11,77270,277.0,284.0,273.0,283.0,0,0,102700.0,28738100.0,1.0,277.0,284.0,273.0,283.0,102700.0
2022-03-14,77270,284.0,291.0,284.0,291.0,0,0,103600.0,29701800.0,1.0,284.0,291.0,284.0,291.0,103600.0
2022-03-15,77270,292.0,292.0,282.0,285.0,0,0,92400.0,26660400.0,1.0,292.0,292.0,282.0,285.0,92400.0
2022-03-16,77270,285.0,290.0,284.0,290.0,0,0,71500.0,20461100.0,1.0,285.0,290.0,284.0,290.0,71500.0
2022-03-17,77270,293.0,293.0,287.0,287.0,0,0,53000.0,15309400.0,1.0,293.0,293.0,287.0,287.0,53000.0
2022-03-18,77270,287.0,293.0,287.0,292.0,0,0,79000.0,23012500.0,1.0,287.0,293.0,287.0,292.0,79000.0
2022-03-22,77270,294.0,294.0,291.0,292.0,0,0,52300.0,15269600.0,1.0,294.0,294.0,291.0,292.0,52300.0
2022-03-23,77270,294.0,297.0,293.0,297.0,0,0,117600.0,34664900.0,1.0,294.0,297.0,293.0,297.0,117600.0
2022-03-24,77270,293.0,297.0,292.0,297.0,0,0,43000.0,12659900.0,1.0,293.0,297.0,292.0,297.0,43000.0
2022-03-25,77270,297.0,297.0,287.0,288.0,0,0,61100.0,17838900.0,1.0,297.0,297.0,287.0,288.0,61100.0
2022-03-28,77270,286.0,286.0,280.0,282.0,0,0,46300.0,13093300.0,1.0,286.0,286.0,280.0,282.0,46300.0
2022-03-29,77270,283.0,290.0,281.0,290.0,0,0,43000.0,12312300.0,1.0,283.0,290.0,281.0,290.0,43000.0
2022-03-30,77270,293.0,294.0,289.0,294.0,0,0,64600.0,18826000.0,1.0,293.0,294.0,289.0,294.0,64600.0
2022-03-31,77270,291.0,292.0,282.0,283.0,0,0,60600.0,17334500.0,1.0,291.0,292.0,282.0,283.0,60600.0
2022-04-01,77270,281.0,293.0,281.0,292.0,0,0,46700.0,13520000.0,1.0,281.0,293.0,281.0,292.0,46700.0
2022-04-04,77270,290.0,292.0,288.0,289.0,0,0,29700.0,8608300.0,1.0,290.0,292.0,288.0,289.0,29700.0
2022-04-05,77270,289.0,310.0,289.0,305.0,0,0,154800.0,46363600.0,1.0,289.0,310.0,289.0,305.0,154800.0
2022-04-06,77270,305.0,308.0,295.0,295.0,0,0,123600.0,37219200.0,1.0,305.0,308.0,295.0,295.0,123600.0
2022-04-07,77270,293.0,296.0,290.0,292.0,0,0,49300.0,14419600.0,1.0,293.0,296.0,290.0,292.0,49300.0
2022-04-08,77270,298.0,298.0,291.0,295.0,0,0,41600.0,12270800.0,1.0,298.0,298.0,291.0,295.0,41600.0
2022-04-11,77270,300.0,300.0,293.0,293.0,0,0,50100.0,14834600.0,1.0,300.0,300.0,293.0,293.0,50100.0
2022-04-12,77270,293.0,322.0,293.0,318.0,0,0,294900.0,91637700.0,1.0,293.0,322.0,293.0,318.0,294900.0
2022-04-13,77270,318.0,319.0,307.0,309.0,0,0,133600.0,41811400.0,1.0,318.0,319.0,307.0,309.0,133600.0
2022-04-14,77270,312.0,313.0,305.0,311.0,0,0,54200.0,16782400.0,1.0,312.0,313.0,305.0,311.0,54200.0
2022-04-15,77270,309.0,310.0,303.0,310.0,0,0,54200.0,16585000.0,1.0,309.0,310.0,303.0,310.0,54200.0
2022-04-18,77270,305.0,311.0,303.0,308.0,0,0,37700.0,11556300.0,1.0,305.0,311.0,303.0,308.0,37700.0
2022-04-19,77270,308.0,316.0,306.0,315.0,0,0,56500.0,17603300.0,1.0,308.0,316.0,306.0,315.0,56500.0
2022-04-20,77270,317.0,319.0,311.0,311.0,0,0,36400.0,11488000.0,1.0,317.0,319.0,311.0,311.0,36400.0
2022-04-21,77270,311.0,316.0,309.0,316.0,0,0,35900.0,11233700.0,1.0,311.0,316.0,309.0,316.0,35900.0
2022-04-22,77270,310.0,316.0,310.0,315.0,0,0,39900.0,12425600.0,1.0,310.0,316.0,310.0,315.0,39900.0
2022-04-25,77270,319.0,319.0,310.0,314.0,0,0,40300.0,12634600.0,1.0,319.0,319.0,310.0,314.0,40300.0
2022-04-26,77270,314.0,314.0,305.0,306.0,0,0,45600.0,14085800.0,1.0,314.0,314.0,305.0,306.0,45600.0
2022-04-27,77270,302.0,314.0,302.0,313.0,0,0,64300.0,19807900.0,1.0,302.0,314.0,302.0,313.0,64300.0
2022-04-28,77270,315.0,315.0,304.0,315.0,0,0,54300.0,16824900.0,1.0,315.0,315.0,304.0,315.0,54300.0
2022-05-02,77270,310.0,316.0,310.0,315.0,0,0,30700.0,9625500.0,1.0,310.0,316.0,310.0,315.0,30700.0
2022-05-06,77270,315.0,322.0,315.0,318.0,0,0,67000.0,21329000.0,1.0,315.0,322.0,315.0,318.0,67000.0
2022-05-09,77270,318.0,320.0,311.0,311.0,0,0,25300.0,7970800.0,1.0,318.0,320.0,311.0,311.0,25300.0
2022-05-10,77270,308.0,313.0,304.0,307.0,0,0,44900.0,13821700.0,1.0,308.0,313.0,304.0,307.0,44900.0
2022-05-11,77270,304.0,310.0,304.0,306.0,0,0,32900.0,10115300.0,1.0,304.0,310.0,304.0,306.0,32900.0
2022-05-12,77270,304.0,315.0,304.0,310.0,0,0,55600.0,17264500.0,1.0,304.0,315.0,304.0,310.0,55600.0
2022-05-13,77270,307.0,315.0,307.0,313.0,0,0,35400.0,11015000.0,1.0,307.0,315.0,307.0,313.0,35400.0
2022-05-16,77270,306.0,310.0,304.0,307.0,0,0,57000.0,17472000.0,1.0,306.0,310.0,304.0,307.0,57000.0
2022-05-17,77270,305.0,307.0,300.0,305.0,0,0,123000.0,37451500.0,1.0,305.0,307.0,300.0,305.0,123000.0
2022-05-18,77270,303.0,320.0,303.0,318.0,0,0,236800.0,74206200.0,1.0,303.0,320.0,303.0,318.0,236800.0
2022-05-19,77270,311.0,320.0,311.0,320.0,0,0,50200.0,15925500.0,1.0,311.0,320.0,311.0,320.0,50200.0
2022-05-20,77270,318.0,333.0,317.0,330.0,0,0,129000.0,42239900.0,1.0,318.0,333.0,317.0,330.0,129000.0
2022-05-23,77270,332.0,335.0,324.0,324.0,0,0,76000.0,24903100.0,1.0,332.0,335.0,324.0,324.0,76000.0
2022-05-24,77270,323.0,323.0,314.0,318.0,0,0,63400.0,20231900.0,1.0,323.0,323.0,314.0,318.0,63400.0
2022-05-25,77270,323.0,323.0,312.0,321.0,0,0,50300.0,15976700.0,1.0,323.0,323.0,312.0,321.0,50300.0
2022-05-26,77270,325.0,325.0,316.0,317.0,0,0,39500.0,12610000.0,1.0,325.0,325.0,316.0,317.0,39500.0
2022-05-27,77270,321.0,322.0,317.0,317.0,0,0,34000.0,10833700.0,1.0,321.0,322.0,317.0,317.0,34000.0
2022-05-30,77270,319.0,327.0,318.0,327.0,0,0,86100.0,27876300.0,1.0,319.0,327.0,318.0,327.0,86100.0
2022-05-31,77270,327.0,328.0,323.0,324.0,0,0,57000.0,18523000.0,1.0,327.0,328.0,323.0,324.0,57000.0
2022-06-01,77270,324.0,327.0,323.0,326.0,0,0,29400.0,9559800.0,1.0,324.0,327.0,323.0,326.0,29400.0
2022-06-02,77270,322.0,323.0,320.0,321.0,0,0,23600.0,7592100.0,1.0,322.0,323.0,320.0,321.0,23600.0
2022-06-03,77270,320.0,321.0,313.0,315.0,0,0,44400.0,14055000.0,1.0,320.0,321.0,313.0,315.0,44400.0
2022-06-06,77270,313.0,323.0,313.0,321.0,0,0,35500.0,11289600.0,1.0,313.0,323.0,313.0,321.0,35500.0
2022-06-07,77270,325.0,328.0,323.0,326.0,0,0,33300.0,10824500.0,1.0,325.0,328.0,323.0,326.0,33300.0
2022-06-08,77270,328.0,334.0,320.0,321.0,0,0,79100.0,25920800.0,1.0,328.0,334.0,320.0,321.0,79100.0
2022-06-09,77270,321.0,323.0,317.0,318.0,0,0,38200.0,12187200.0,1.0,321.0,323.0,317.0,318.0,38200.0
2022-06-10,77270,314.0,317.0,312.0,312.0,0,0,39600.0,12411200.0,1.0,314.0,317.0,312.0,312.0,39600.0
2022-06-13,77270,310.0,313.0,306.0,309.0,0,0,91300.0,28314500.0,1.0,310.0,313.0,306.0,309.0,91300.0
2022-06-14,77270,309.0,318.0,308.0,315.0,0,0,46500.0,14584300.0,1.0,309.0,318.0,308.0,315.0,46500.0
2022-06-15,77270,311.0,311.0,308.0,309.0,0,0,53300.0,16467100.0,1.0,311.0,311.0,308.0,309.0,53300.0
2022-06-16,77270,311.0,314.0,304.0,305.0,0,0,52400.0,16121700.0,1.0,311.0,314.0,304.0,305.0,52400.0
2022-06-17,77270,301.0,308.0,301.0,305.0,0,0,41200.0,12515600.0,1.0,301.0,308.0,301.0,305.0,41200.0
2022-06-20,77270,305.0,305.0,295.0,297.0,0,0,52600.0,15683400.0,1.0,305.0,305.0,295.0,297.0,52600.0
2022-06-21,77270,297.0,303.0,297.0,303.0,0,0,27400.0,8257900.0,1.0,297.0,303.0,297.0,303.0,27400.0
2022-06-22,77270,303.0,305.0,295.0,295.0,0,0,28900.0,8627400.0,1.0,303.0,305.0,295.0,295.0,28900.0
2022-06-23,77270,295.0,297.0,289.0,290.0,0,0,40100.0,11727500.0,1.0,295.0,297.0,289.0,290.0,40100.0
2022-06-24,77270,290.0,294.0,287.0,293.0,0,0,38000.0,11023800.0,1.0,290.0,294.0,287.0,293.0,38000.0
2022-06-27,77270,295.0,298.0,294.0,297.0,0,0,17900.0,5301000.0,1.0,295.0,298.0,294.0,297.0,17900.0
2022-06-28,77270,295.0,304.0,295.0,304.0,0,0,28400.0,8513700.0,1.0,295.0,304.0,295.0,304.0,28400.0
2022-06-29,77270,299.0,312.0,296.0,312.0,0,0,59300.0,18297900.0,1.0,299.0,312.0,296.0,312.0,59300.0
2022-06-30,77270,312.0,312.0,300.0,300.0,0,0,30400.0,9222600.0,1.0,312.0,312.0,300.0,300.0,30400.0
2022-07-01,77270,300.0,302.0,289.0,289.0,0,0,65900.0,19470100.0,1.0,300.0,302.0,289.0,289.0,65900.0
2022-07-04,77270,294.0,305.0,289.0,303.0,0,0,59900.0,17799400.0,1.0,294.0,305.0,289.0,303.0,59900.0
2022-07-05,77270,299.0,344.0,299.0,333.0,0,0,542200.0,177472300.0,1.0,299.0,344.0,299.0,333.0,542200.0
2022-07-06,77270,325.0,333.0,322.0,323.0,0,0,237600.0,77517100.0,1.0,325.0,333.0,322.0,323.0,237600.0
2022-07-07,77270,328.0,343.0,321.0,342.0,0,0,203700.0,67863400.0,1.0,328.0,343.0,321.0,342.0,203700.0
2022-07-08,77270,348.0,367.0,343.0,343.0,0,0,673100.0,238459000.0,1.0,348.0,367.0,343.0,343.0,673100.0
2022-07-11,77270,343.0,363.0,343.0,350.0,0,0,217600.0,76458600.0,1.0,343.0,363.0,343.0,350.0,217600.0
2022-07-12,77270,348.0,376.0,343.0,376.0,0,0,530600.0,191084500.0,1.0,348.0,376.0,343.0,376.0,530600.0
2022-07-13,77270,373.0,384.0,365.0,371.0,0,0,700800.0,263393300.0,1.0,373.0,384.0,365.0,371.0,700800.0
2022-07-14,77270,372.0,392.0,368.0,386.0,0,0,558200.0,210244400.0,1.0,372.0,392.0,368.0,386.0,558200.0
2022-07-15,77270,385.0,397.0,377.0,397.0,0,0,531800.0,206821900.0,1.0,385.0,397.0,377.0,397.0,531800.0
2022-07-19,77270,395.0,396.0,385.0,388.0,0,0,266600.0,103833400.0,1.0,395.0,396.0,385.0,388.0,266600.0
2022-07-20,77270,390.0,428.0,390.0,422.0,0,0,1261800.0,521606800.0,1.0,390.0,428.0,390.0,422.0,1261800.0
2022-07-21,77270,502.0,502.0,502.0,502.0,1,0,180600.0,90661200.0,1.0,502.0,502.0,502.0,502.0,180600.0
2022-07-22,77270,602.0,602.0,602.0,602.0,1,0,189200.0,113898400.0,1.0,602.0,602.0,602.0,602.0,189200.0
2022-07-25,77270,852.0,947.0,734.0,764.0,0,0,18118500.0,15229160700.0,1.0,852.0,947.0,734.0,764.0,18118500.0
2022-07-26,77270,746.0,815.0,681.0,691.0,0,0,7518300.0,5654553600.0,1.0,746.0,815.0,681.0,691.0,7518300.0
2022-07-27,77270,688.0,754.0,647.0,715.0,0,0,6699000.0,4759821600.0,1.0,688.0,754.0,647.0,715.0,6699000.0
2022-07-28,77270,718.0,739.0,692.0,705.0,0,0,3732000.0,2662470100.0,1.0,718.0,739.0,692.0,705.0,3732000.0
2022-07-29,77270,555.0,555.0,555.0,555.0,0,1,79900.0,44344500.0,1.0,555.0,555.0,555.0,555.0,79900.0
2022-08-01,77270,525.0,549.0,482.0,499.0,0,0,3039100.0,1549137800.0,1.0,525.0,549.0,482.0,499.0,3039100.0
2022-08-02,77270,494.0,528.0,490.0,504.0,0,0,1768600.0,899856100.0,1.0,494.0,528.0,490.0,504.0,1768600.0
2022-08-03,77270,502.0,604.0,497.0,604.0,1,0,2015200.0,1082705600.0,1.0,502.0,604.0,497.0,604.0,2015200.0
2022-08-04,77270,620.0,648.0,555.0,583.0,0,0,4234400.0,2515379600.0,1.0,620.0,648.0,555.0,583.0,4234400.0
2022-08-05,77270,573.0,595.0,555.0,561.0,0,0,1609200.0,922973700.0,1.0,573.0,595.0,555.0,561.0,1609200.0
2022-08-08,77270,546.0,583.0,534.0,559.0,0,0,839800.0,471068100.0,1.0,546.0,583.0,534.0,559.0,839800.0
2022-08-09,77270,551.0,574.0,550.0,551.0,0,0,560700.0,313473600.0,1.0,551.0,574.0,550.0,551.0,560700.0
2022-08-10,77270,555.0,581.0,542.0,546.0,0,0,1042800.0,582784200.0,1.0,555.0,581.0,542.0,546.0,1042800.0
2022-08-12,77270,546.0,588.0,502.0,533.0,0,0,1868600.0,1028874600.0,1.0,546.0,588.0,502.0,533.0,1868600.0
2022-08-15,77270,530.0,537.0,504.0,508.0,0,0,730600.0,376633600.0,1.0,530.0,537.0,504.0,508.0,730600.0
2022-08-16,77270,515.0,534.0,512.0,523.0,0,0,446400.0,232925800.0,1.0,515.0,534.0,512.0,523.0,446400.0
2022-08-17,77270,520.0,532.0,514.0,518.0,0,0,334000.0,174054500.0,1.0,520.0,532.0,514.0,518.0,334000.0
2022-08-18,77270,511.0,520.0,504.0,510.0,0,0,312500.0,159540000.0,1.0,511.0,520.0,504.0,510.0,312500.0
2022-08-19,77270,513.0,530.0,507.0,523.0,0,0,526000.0,273625400.0,1.0,513.0,530.0,507.0,523.0,526000.0
2022-08-22,77270,523.0,529.0,500.0,503.0,0,0,514700.0,261841900.0,1.0,523.0,529.0,500.0,503.0,514700.0
2022-08-23,77270,499.0,507.0,486.0,488.0,0,0,431700.0,213567100.0,1.0,499.0,507.0,486.0,488.0,431700.0
2022-08-24,77270,489.0,511.0,485.0,508.0,0,0,455000.0,228654700.0,1.0,489.0,511.0,485.0,508.0,455000.0
2022-08-25,77270,502.0,505.0,493.0,493.0,0,0,288300.0,143690800.0,1.0,502.0,505.0,493.0,493.0,288300.0
2022-08-26,77270,492.0,510.0,492.0,504.0,0,0,259100.0,130389500.0,1.0,492.0,510.0,492.0,504.0,259100.0
2022-08-29,77270,486.0,499.0,485.0,493.0,0,0,240700.0,118076800.0,1.0,486.0,499.0,485.0,493.0,240700.0
2022-08-30,77270,496.0,517.0,487.0,489.0,0,0,555400.0,277631200.0,1.0,496.0,517.0,487.0,489.0,555400.0
2022-08-31,77270,487.0,491.0,475.0,480.0,0,0,303800.0,145898600.0,1.0,487.0,491.0,475.0,480.0,303800.0
2022-09-01,77270,472.0,475.0,465.0,467.0,0,0,303900.0,142431800.0,1.0,472.0,475.0,465.0,467.0,303900.0
2022-09-02,77270,468.0,474.0,459.0,463.0,0,0,187100.0,86725900.0,1.0,468.0,474.0,459.0,463.0,187100.0
2022-09-05,77270,458.0,471.0,456.0,463.0,0,0,120700.0,56077200.0,1.0,458.0,471.0,456.0,463.0,120700.0
2022-09-06,77270,467.0,474.0,461.0,466.0,0,0,143900.0,67008700.0,1.0,467.0,474.0,461.0,466.0,143900.0
2022-09-07,77270,464.0,464.0,447.0,455.0,0,0,193900.0,87971000.0,1.0,464.0,464.0,447.0,455.0,193900.0
2022-09-08,77270,459.0,464.0,454.0,463.0,0,0,125900.0,57919800.0,1.0,459.0,464.0,454.0,463.0,125900.0
2022-09-09,77270,460.0,478.0,458.0,471.0,0,0,285100.0,133640500.0,1.0,460.0,478.0,458.0,471.0,285100.0
2022-09-12,77270,472.0,477.0,467.0,468.0,0,0,151400.0,71336600.0,1.0,472.0,477.0,467.0,468.0,151400.0
2022-09-13,77270,471.0,474.0,462.0,465.0,0,0,142900.0,66843200.0,1.0,471.0,474.0,462.0,465.0,142900.0
2022-09-14,77270,453.0,463.0,451.0,459.0,0,0,99400.0,45599800.0,1.0,453.0,463.0,451.0,459.0,99400.0
2022-09-15,77270,460.0,460.0,450.0,453.0,0,0,138400.0,62824900.0,1.0,460.0,460.0,450.0,453.0,138400.0
2022-09-16,77270,454.0,455.0,439.0,440.0,0,0,196200.0,87120200.0,1.0,454.0,455.0,439.0,440.0,196200.0
2022-09-20,77270,440.0,457.0,440.0,448.0,0,0,235000.0,105567100.0,1.0,440.0,457.0,440.0,448.0,235000.0
2022-09-21,77270,440.0,445.0,433.0,437.0,0,0,375400.0,164568100.0,1.0,440.0,445.0,433.0,437.0,375400.0
2022-09-22,77270,435.0,450.0,430.0,439.0,0,0,233000.0,102929600.0,1.0,435.0,450.0,430.0,439.0,233000.0
2022-09-26,77270,433.0,436.0,423.0,427.0,0,0,188700.0,80830200.0,1.0,433.0,436.0,423.0,427.0,188700.0
2022-09-27,77270,432.0,450.0,430.0,446.0,0,0,167700.0,74285500.0,1.0,432.0,450.0,430.0,446.0,167700.0
2022-09-28,77270,443.0,444.0,423.0,431.0,0,0,169200.0,72892200.0,1.0,443.0,444.0,423.0,431.0,169200.0
2022-09-29,77270,436.0,450.0,433.0,438.0,0,0,217200.0,95886800.0,1.0,436.0,450.0,433.0,438.0,217200.0
2022-09-30,77270,431.0,437.0,423.0,431.0,0,0,222800.0,95652200.0,1.0,431.0,437.0,423.0,431.0,222800.0
2022-10-03,77270,423.0,429.0,416.0,426.0,0,0,169000.0,71382900.0,1.0,423.0,429.0,416.0,426.0,169000.0
2022-10-04,77270,437.0,447.0,431.0,439.0,0,0,247900.0,108681400.0,1.0,437.0,447.0,431.0,439.0,247900.0
2022-10-05,77270,440.0,446.0,430.0,430.0,0,0,159300.0,69203700.0,1.0,440.0,446.0,430.0,430.0,159300.0
2022-10-06,77270,510.0,510.0,510.0,510.0,1,0,30100.0,15351000.0,1.0,510.0,510.0,510.0,510.0,30100.0
2022-10-07,77270,610.0,610.0,463.0,466.0,1,0,4616700.0,2413256100.0,1.0,610.0,610.0,463.0,466.0,4616700.0
2022-10-11,77270,451.0,458.0,433.0,437.0,0,0,1269000.0,561536400.0,1.0,451.0,458.0,433.0,437.0,1269000.0
2022-10-12,77270,461.0,498.0,437.0,453.0,0,0,4797400.0,2254394200.0,1.0,461.0,498.0,437.0,453.0,4797400.0
2022-10-13,77270,443.0,473.0,428.0,430.0,0,0,1595400.0,707113300.0,1.0,443.0,473.0,428.0,430.0,1595400.0
2022-10-14,77270,422.0,432.0,415.0,423.0,0,0,632700.0,267458900.0,1.0,422.0,432.0,415.0,423.0,632700.0
2022-10-17,77270,418.0,428.0,415.0,422.0,0,0,283000.0,118885800.0,1.0,418.0,428.0,415.0,422.0,283000.0
2022-10-18,77270,422.0,438.0,422.0,434.0,0,0,301600.0,129941400.0,1.0,422.0,438.0,422.0,434.0,301600.0
2022-10-19,77270,433.0,440.0,422.0,430.0,0,0,336500.0,144832900.0,1.0,433.0,440.0,422.0,430.0,336500.0
2022-10-20,77270,425.0,434.0,419.0,434.0,0,0,350500.0,149837100.0,1.0,425.0,434.0,419.0,434.0,350500.0
2022-10-21,77270,428.0,476.0,426.0,470.0,0,0,1451000.0,663777800.0,1.0,428.0,476.0,426.0,470.0,1451000.0
2022-10-24,77270,454.0,462.0,441.0,443.0,0,0,593700.0,267505300.0,1.0,454.0,462.0,441.0,443.0,593700.0
2022-10-25,77270,440.0,490.0,436.0,480.0,0,0,1613800.0,764114000.0,1.0,440.0,490.0,436.0,480.0,1613800.0
2022-10-26,77270,486.0,503.0,469.0,497.0,0,0,1278200.0,622667800.0,1.0,486.0,503.0,469.0,497.0,1278200.0
2022-10-27,77270,490.0,496.0,475.0,478.0,0,0,615100.0,298351500.0,1.0,490.0,496.0,475.0,478.0,615100.0
2022-10-28,77270,477.0,488.0,461.0,465.0,0,0,703300.0,331598100.0,1.0,477.0,488.0,461.0,465.0,703300.0
2022-10-31,77270,457.0,467.0,447.0,454.0,0,0,400100.0,182283400.0,1.0,457.0,467.0,447.0,454.0,400100.0
2022-11-01,77270,471.0,490.0,461.0,466.0,0,0,1078800.0,509950400.0,1.0,471.0,490.0,461.0,466.0,1078800.0
2022-11-02,77270,461.0,462.0,446.0,449.0,0,0,518600.0,233668100.0,1.0,461.0,462.0,446.0,449.0,518600.0
2022-11-04,77270,445.0,457.0,445.0,450.0,0,0,322500.0,145353500.0,1.0,445.0,457.0,445.0,450.0,322500.0
2022-11-07,77270,450.0,452.0,438.0,445.0,0,0,186800.0,83117900.0,1.0,450.0,452.0,438.0,445.0,186800.0
2022-11-08,77270,453.0,453.0,443.0,449.0,0,0,169000.0,75569300.0,1.0,453.0,453.0,443.0,449.0,169000.0
2022-11-09,77270,446.0,452.0,444.0,447.0,0,0,179100.0,80203600.0,1.0,446.0,452.0,444.0,447.0,179100.0
2022-11-10,77270,442.0,445.0,433.0,441.0,0,0,332000.0,145271900.0,1.0,442.0,445.0,433.0,441.0,332000.0
2022-11-11,77270,443.0,445.0,434.0,444.0,0,0,269200.0,118151800.0,1.0,443.0,445.0,434.0,444.0,269200.0
2022-11-14,77270,455.0,476.0,442.0,463.0,0,0,731500.0,337350700.0,1.0,455.0,476.0,442.0,463.0,731500.0
2022-11-15,77270,460.0,499.0,460.0,492.0,0,0,652400.0,315428700.0,1.0,460.0,499.0,460.0,492.0,652400.0
2022-11-16,77270,497.0,520.0,481.0,520.0,0,0,1165900.0,587070400.0,1.0,497.0,520.0,481.0,520.0,1165900.0
2022-11-17,77270,517.0,536.0,509.0,512.0,0,0,664200.0,345996400.0,1.0,517.0,536.0,509.0,512.0,664200.0
2022-11-18,77270,516.0,573.0,516.0,559.0,0,0,1694800.0,940358400.0,1.0,516.0,573.0,516.0,559.0,1694800.0
2022-11-21,77270,550.0,557.0,537.0,538.0,0,0,756200.0,412491500.0,1.0,550.0,557.0,537.0,538.0,756200.0
2022-11-22,77270,538.0,565.0,527.0,527.0,0,0,611100.0,332830500.0,1.0,538.0,565.0,527.0,527.0,611100.0
2022-11-24,77270,530.0,543.0,520.0,535.0,0,0,427400.0,227309900.0,1.0,530.0,543.0,520.0,535.0,427400.0
2022-11-25,77270,540.0,577.0,537.0,570.0,0,0,865400.0,485197600.0,1.0,540.0,577.0,537.0,570.0,865400.0
2022-11-28,77270,560.0,587.0,481.0,505.0,0,0,2178400.0,1148044800.0,1.0,560.0,587.0,481.0,505.0,2178400.0
2022-11-29,77270,505.0,515.0,500.0,506.0,0,0,393200.0,199201300.0,1.0,505.0,515.0,500.0,506.0,393200.0
2022-11-30,77270,504.0,509.0,491.0,502.0,0,0,434700.0,216724700.0,1.0,504.0,509.0,491.0,502.0,434700.0
2022-12-01,77270,504.0,504.0,493.0,500.0,0,0,241300.0,120370300.0,1.0,504.0,504.0,493.0,500.0,241300.0
2022-12-02,77270,493.0,496.0,484.0,493.0,0,0,260900.0,127936100.0,1.0,493.0,496.0,484.0,493.0,260900.0
2022-12-05,77270,489.0,489.0,476.0,478.0,0,0,241700.0,116244400.0,1.0,489.0,489.0,476.0,478.0,241700.0
2022-12-06,77270,473.0,479.0,466.0,475.0,0,0,205200.0,97088900.0,1.0,473.0,479.0,466.0,475.0,205200.0
2022-12-07,77270,470.0,485.0,470.0,476.0,0,0,141700.0,67789200.0,1.0,470.0,485.0,470.0,476.0,141700.0
2022-12-08,77270,484.0,495.0,477.0,492.0,0,0,191600.0,93400100.0,1.0,484.0,495.0,477.0,492.0,191600.0
2022-12-09,77270,500.0,506.0,490.0,504.0,0,0,172500.0,86182600.0,1.0,500.0,506.0,490.0,504.0,172500.0
2022-12-12,77270,501.0,507.0,491.0,500.0,0,0,171400.0,85561400.0,1.0,501.0,507.0,491.0,500.0,171400.0
2022-12-13,77270,505.0,525.0,500.0,512.0,0,0,264200.0,136094300.0,1.0,505.0,525.0,500.0,512.0,264200.0
2022-12-14,77270,506.0,514.0,502.0,510.0,0,0,97100.0,49477000.0,1.0,506.0,514.0,502.0,510.0,97100.0
2022-12-15,77270,505.0,509.0,492.0,501.0,0,0,252100.0,125702700.0,1.0,505.0,509.0,492.0,501.0,252100.0
2022-12-16,77270,494.0,500.0,488.0,492.0,0,0,164700.0,81085700.0,1.0,494.0,500.0,488.0,492.0,164700.0
2022-12-19,77270,490.0,491.0,478.0,479.0,0,0,153800.0,74310600.0,1.0,490.0,491.0,478.0,479.0,153800.0
2022-12-20,77270,482.0,485.0,457.0,462.0,0,0,250200.0,116722400.0,1.0,482.0,485.0,457.0,462.0,250200.0
2022-12-21,77270,462.0,476.0,460.0,474.0,0,0,135900.0,63670200.0,1.0,462.0,476.0,460.0,474.0,135900.0
2022-12-22,77270,470.0,478.0,465.0,473.0,0,0,106900.0,50316800.0,1.0,470.0,478.0,465.0,473.0,106900.0
2022-12-23,77270,476.0,476.0,453.0,458.0,0,0,142300.0,65618600.0,1.0,476.0,476.0,453.0,458.0,142300.0
2022-12-26,77270,455.0,466.0,452.0,461.0,0,0,110200.0,50568200.0,1.0,455.0,466.0,452.0,461.0,110200.0
2022-12-27,77270,468.0,481.0,467.0,470.0,0,0,94100.0,44388700.0,1.0,468.0,481.0,467.0,470.0,94100.0
2022-12-28,77270,468.0,469.0,459.0,461.0,0,0,83900.0,38808400.0,1.0,468.0,469.0,459.0,461.0,83900.0
2022-12-29,77270,460.0,473.0,458.0,471.0,0,0,65700.0,30724100.0,1.0,460.0,473.0,458.0,471.0,65700.0
2022-12-30,77270,466.0,483.0,466.0,470.0,0,0,105300.0,49877500.0,1.0,466.0,483.0,466.0,470.0,105300.0
2023-01-04,77270,468.0,469.0,457.0,458.0,0,0,119500.0,55038400.0,1.0,468.0,469.0,457.0,458.0,119500.0
2023-01-05,77270,461.0,461.0,449.0,451.0,0,0,114000.0,51714400.0,1.0,461.0,461.0,449.0,451.0,114000.0
2023-01-06,77270,446.0,451.0,443.0,450.0,0,0,101000.0,45195500.0,1.0,446.0,451.0,443.0,450.0,101000.0
2023-01-10,77270,450.0,454.0,447.0,448.0,0,0,42600.0,19172000.0,1.0,450.0,454.0,447.0,448.0,42600.0
2023-01-11,77270,452.0,461.0,449.0,461.0,0,0,163200.0,74353900.0,1.0,452.0,461.0,449.0,461.0,163200.0
2023-01-12,77270,461.0,461.0,442.0,442.0,0,0,192100.0,85998100.0,1.0,461.0,461.0,442.0,442.0,192100.0
2023-01-13,77270,440.0,445.0,433.0,435.0,0,0,148300.0,64886500.0,1.0,440.0,445.0,433.0,435.0,148300.0
2023-01-16,77270,431.0,437.0,429.0,430.0,0,0,109200.0,47090200.0,1.0,431.0,437.0,429.0,430.0,109200.0
2023-01-17,77270,434.0,437.0,430.0,432.0,0,0,86200.0,37253400.0,1.0,434.0,437.0,430.0,432.0,86200.0
2023-01-18,77270,432.0,437.0,425.0,435.0,0,0,145700.0,62875800.0,1.0,432.0,437.0,425.0,435.0,145700.0
2023-01-19,77270,437.0,437.0,429.0,432.0,0,0,132700.0,57430100.0,1.0,437.0,437.0,429.0,432.0,132700.0
2023-01-20,77270,430.0,437.0,426.0,433.0,0,0,142900.0,61586900.0,1.0,430.0,437.0,426.0,433.0,142900.0
2023-01-23,77270,434.0,445.0,433.0,439.0,0,0,138000.0,60477900.0,1.0,434.0,445.0,433.0,439.0,138000.0
2023-01-24,77270,442.0,445.0,436.0,437.0,0,0,104300.0,45794800.0,1.0,442.0,445.0,436.0,437.0,104300.0
2023-01-25,77270,434.0,442.0,432.0,437.0,0,0,174000.0,76131800.0,1.0,434.0,442.0,432.0,437.0,174000.0
2023-01-26,77270,437.0,441.0,435.0,438.0,0,0,121900.0,53453200.0,1.0,437.0,441.0,435.0,438.0,121900.0
2023-01-27,77270,438.0,453.0,437.0,444.0,0,0,399800.0,176919800.0,1.0,438.0,453.0,437.0,444.0,399800.0
2023-01-30,77270,443.0,443.0,425.0,429.0,0,0,381300.0,163957000.0,1.0,443.0,443.0,425.0,429.0,381300.0
2023-01-31,77270,429.0,429.0,422.0,422.0,0,0,123600.0,52353400.0,1.0,429.0,429.0,422.0,422.0,123600.0
2023-02-01,77270,424.0,432.0,421.0,429.0,0,0,192600.0,82257300.0,1.0,424.0,432.0,421.0,429.0,192600.0
2023-02-02,77270,432.0,433.0,428.0,428.0,0,0,61200.0,26320800.0,1.0,432.0,433.0,428.0,428.0,61200.0
2023-02-03,77270,426.0,436.0,425.0,433.0,0,0,100800.0,43336900.0,1.0,426.0,436.0,425.0,433.0,100800.0
2023-02-06,77270,481.0,491.0,461.0,471.0,0,0,1585700.0,752284700.0,1.0,481.0,491.0,461.0,471.0,1585700.0
2023-02-07,77270,478.0,478.0,454.0,457.0,0,0,386900.0,179269000.0,1.0,478.0,478.0,454.0,457.0,386900.0
2023-02-08,77270,455.0,464.0,452.0,461.0,0,0,174900.0,80108000.0,1.0,455.0,464.0,452.0,461.0,174900.0
2023-02-09,77270,462.0,462.0,456.0,458.0,0,0,91400.0,41943400.0,1.0,462.0,462.0,456.0,458.0,91400.0
2023-02-10,77270,458.0,465.0,447.0,465.0,0,0,172500.0,78386900.0,1.0,458.0,465.0,447.0,465.0,172500.0
2023-02-13,77270,460.0,460.0,441.0,445.0,0,0,273000.0,122740500.0,1.0,460.0,460.0,441.0,445.0,273000.0
2023-02-14,77270,447.0,463.0,447.0,456.0,0,0,182500.0,83450400.0,1.0,447.0,463.0,447.0,456.0,182500.0
2023-02-15,77270,455.0,465.0,455.0,459.0,0,0,115300.0,53155900.0,1.0,455.0,465.0,455.0,459.0,115300.0
2023-02-16,77270,463.0,469.0,463.0,469.0,0,0,158000.0,73692800.0,1.0,463.0,469.0,463.0,469.0,158000.0
2023-02-17,77270,462.0,465.0,457.0,457.0,0,0,101900.0,46909100.0,1.0,462.0,465.0,457.0,457.0,101900.0
2023-02-20,77270,458.0,477.0,458.0,468.0,0,0,219400.0,103139600.0,1.0,458.0,477.0,458.0,468.0,219400.0
2023-02-21,77270,471.0,481.0,469.0,478.0,0,0,169800.0,80766000.0,1.0,471.0,481.0,469.0,478.0,169800.0
2023-02-22,77270,477.0,514.0,472.0,511.0,0,0,626100.0,312459600.0,1.0,477.0,514.0,472.0,511.0,626100.0
2023-02-24,77270,510.0,515.0,484.0,489.0,0,0,417000.0,206964100.0,1.0,510.0,515.0,484.0,489.0,417000.0
2023-02-27,77270,497.0,503.0,473.0,478.0,0,0,628600.0,306507500.0,1.0,497.0,503.0,473.0,478.0,628600.0
2023-02-28,77270,480.0,489.0,480.0,482.0,0,0,142300.0,68886800.0,1.0,480.0,489.0,480.0,482.0,142300.0
2023-03-01,77270,485.0,485.0,476.0,481.0,0,0,157000.0,75280100.0,1.0,485.0,485.0,476.0,481.0,157000.0
2023-03-02,77270,479.0,485.0,470.0,480.0,0,0,220800.0,105609600.0,1.0,479.0,485.0,470.0,480.0,220800.0
2023-03-03,77270,482.0,495.0,481.0,493.0,0,0,242500.0,118834500.0,1.0,482.0,495.0,481.0,493.0,242500.0
2023-03-06,77270,497.0,505.0,489.0,500.0,0,0,212000.0,105574000.0,1.0,497.0,505.0,489.0,500.0,212000.0
2023-03-07,77270,499.0,502.0,485.0,487.0,0,0,220500.0,108198000.0,1.0,499.0,502.0,485.0,487.0,220500.0
2023-03-08,77270,490.0,496.0,484.0,492.0,0,0,131600.0,64386100.0,1.0,490.0,496.0,484.0,492.0,131600.0
2023-03-09,77270,494.0,497.0,486.0,488.0,0,0,103700.0,50791000.0,1.0,494.0,497.0,486.0,488.0,103700.0
2023-03-10,77270,480.0,486.0,478.0,482.0,0,0,131900.0,63497600.0,1.0,480.0,486.0,478.0,482.0,131900.0
2023-03-13,77270,474.0,475.0,462.0,472.0,0,0,170200.0,79800400.0,1.0,474.0,475.0,462.0,472.0,170200.0
2023-03-14,77270,468.0,468.0,448.0,451.0,0,0,239300.0,108617500.0,1.0,468.0,468.0,448.0,451.0,239300.0
2023-03-15,77270,459.0,463.0,455.0,455.0,0,0,95300.0,43676400.0,1.0,459.0,463.0,455.0,455.0,95300.0
2023-03-16,77270,443.0,450.0,439.0,447.0,0,0,113400.0,50503900.0,1.0,443.0,450.0,439.0,447.0,113400.0
2023-03-17,77270,452.0,456.0,447.0,451.0,0,0,89400.0,40364400.0,1.0,452.0,456.0,447.0,451.0,89400.0
2023-03-20,77270,448.0,452.0,434.0,439.0,0,0,247700.0,109463700.0,1.0,448.0,452.0,434.0,439.0,247700.0
2023-03-22,77270,447.0,454.0,444.0,451.0,0,0,162000.0,72951200.0,1.0,447.0,454.0,444.0,451.0,162000.0
2023-03-23,77270,449.0,459.0,446.0,459.0,0,0,97600.0,44371400.0,1.0,449.0,459.0,446.0,459.0,97600.0
2023-03-24,77270,461.0,472.0,454.0,470.0,0,0,147200.0,68301000.0,1.0,461.0,472.0,454.0,470.0,147200.0
2023-03-27,77270,469.0,484.0,444.0,446.0,0,0,569900.0,264299000.0,1.0,469.0,484.0,444.0,446.0,569900.0
2023-03-28,77270,449.0,464.0,440.0,442.0,0,0,281200.0,126145300.0,1.0,449.0,464.0,440.0,442.0,281200.0
2023-03-29,77270,444.0,446.0,430.0,442.0,0,0,318600.0,140070600.0,1.0,444.0,446.0,430.0,442.0,318600.0
2023-03-30,77270,440.0,449.0,421.0,430.0,0,0,640500.0,278468100.0,1.0,440.0,449.0,421.0,430.0,640500.0
2023-03-31,77270,430.0,431.0,401.0,409.0,0,0,766800.0,318136000.0,1.0,430.0,431.0,401.0,409.0,766800.0
2023-04-03,77270,405.0,413.0,396.0,413.0,0,0,408500.0,165413200.0,1.0,405.0,413.0,396.0,413.0,408500.0
2023-04-04,77270,417.0,417.0,409.0,414.0,0,0,288800.0,119322600.0,1.0,417.0,417.0,409.0,414.0,288800.0
2023-04-05,77270,410.0,414.0,405.0,410.0,0,0,211900.0,86612200.0,1.0,410.0,414.0,405.0,410.0,211900.0
2023-04-06,77270,405.0,440.0,402.0,428.0,0,0,1337200.0,574320800.0,1.0,405.0,440.0,402.0,428.0,1337200.0
2023-04-07,77270,434.0,438.0,418.0,432.0,0,0,606700.0,259262700.0,1.0,434.0,438.0,418.0,432.0,606700.0
2023-04-10,77270,435.0,460.0,433.0,456.0,0,0,807400.0,359720200.0,1.0,435.0,460.0,433.0,456.0,807400.0
2023-04-11,77270,458.0,465.0,446.0,453.0,0,0,664200.0,302873300.0,1.0,458.0,465.0,446.0,453.0,664200.0
2023-04-12,77270,458.0,458.0,442.0,444.0,0,0,332600.0,148917200.0,1.0,458.0,458.0,442.0,444.0,332600.0
2023-04-13,77270,444.0,469.0,426.0,459.0,0,0,795700.0,360408700.0,1.0,444.0,469.0,426.0,459.0,795700.0
2023-04-14,77270,474.0,476.0,449.0,456.0,0,0,703700.0,325692100.0,1.0,474.0,476.0,449.0,456.0,703700.0
2023-04-17,77270,456.0,456.0,441.0,448.0,0,0,398800.0,178279700.0,1.0,456.0,456.0,441.0,448.0,398800.0
2023-04-18,77270,448.0,455.0,445.0,447.0,0,0,278400.0,125082300.0,1.0,448.0,455.0,445.0,447.0,278400.0
2023-04-19,77270,441.0,443.0,419.0,424.0,0,0,752000.0,323199800.0,1.0,441.0,443.0,419.0,424.0,752000.0
2023-04-20,77270,420.0,429.0,415.0,422.0,0,0,390700.0,164772600.0,1.0,420.0,429.0,415.0,422.0,390700.0
2023-04-21,77270,415.0,419.0,402.0,404.0,0,0,575400.0,234589900.0,1.0,415.0,419.0,402.0,404.0,575400.0
2023-04-24,77270,407.0,429.0,402.0,426.0,0,0,580800.0,243297000.0,1.0,407.0,429.0,402.0,426.0,580800.0
2023-04-25,77270,428.0,439.0,423.0,425.0,0,0,442000.0,189872200.0,1.0,428.0,439.0,423.0,425.0,442000.0
2023-04-26,77270,420.0,439.0,415.0,431.0,0,0,389000.0,167022600.0,1.0,420.0,439.0,415.0,431.0,389000.0
2023-04-27,77270,428.0,433.0,423.0,428.0,0,0,306400.0,131304600.0,1.0,428.0,433.0,423.0,428.0,306400.0
2023-04-28,77270,429.0,431.0,421.0,429.0,0,0,241200.0,102661400.0,1.0,429.0,431.0,421.0,429.0,241200.0
2023-05-01,77270,431.0,458.0,428.0,446.0,0,0,2052500.0,911640900.0,1.0,431.0,458.0,428.0,446.0,2052500.0
2023-05-02,77270,447.0,453.0,437.0,442.0,0,0,535200.0,237529000.0,1.0,447.0,453.0,437.0,442.0,535200.0
2023-05-08,77270,449.0,449.0,438.0,448.0,0,0,401400.0,178861500.0,1.0,449.0,449.0,438.0,448.0,401400.0
2023-05-09,77270,449.0,455.0,442.0,450.0,0,0,460000.0,205994600.0,1.0,449.0,455.0,442.0,450.0,460000.0
2023-05-10,77270,447.0,449.0,436.0,440.0,0,0,480300.0,212276100.0,1.0,447.0,449.0,436.0,440.0,480300.0
2023-05-11,77270,437.0,437.0,426.0,430.0,0,0,426600.0,184087000.0,1.0,437.0,437.0,426.0,430.0,426600.0
2023-05-12,77270,436.0,445.0,430.0,434.0,0,0,637600.0,279299800.0,1.0,436.0,445.0,430.0,434.0,637600.0
2023-05-15,77270,427.0,443.0,423.0,442.0,0,0,570800.0,248639500.0,1.0,427.0,443.0,423.0,442.0,570800.0
2023-05-16,77270,439.0,440.0,411.0,412.0,0,0,1415300.0,593984700.0,1.0,439.0,440.0,411.0,412.0,1415300.0
2023-05-17,77270,410.0,412.0,398.0,403.0,0,0,862400.0,348051600.0,1.0,410.0,412.0,398.0,403.0,862400.0
2023-05-18,77270,403.0,407.0,397.0,407.0,0,0,476400.0,191492900.0,1.0,403.0,407.0,397.0,407.0,476400.0
2023-05-19,77270,405.0,406.0,399.0,403.0,0,0,338000.0,135914700.0,1.0,405.0,406.0,399.0,403.0,338000.0
2023-05-22,77270,401.0,404.0,397.0,403.0,0,0,231100.0,92682300.0,1.0,401.0,404.0,397.0,403.0,231100.0
2023-05-23,77270,405.0,406.0,386.0,390.0,0,0,1020000.0,400515100.0,1.0,405.0,406.0,386.0,390.0,1020000.0
2023-05-24,77270,387.0,397.0,387.0,389.0,0,0,252000.0,98555700.0,1.0,387.0,397.0,387.0,389.0,252000.0
2023-05-25,77270,389.0,392.0,378.0,386.0,0,0,475600.0,182503700.0,1.0,389.0,392.0,378.0,386.0,475600.0
2023-05-26,77270,385.0,390.0,379.0,385.0,0,0,277700.0,106657400.0,1.0,385.0,390.0,379.0,385.0,277700.0
2023-05-29,77270,389.0,391.0,380.0,381.0,0,0,142900.0,54932700.0,1.0,389.0,391.0,380.0,381.0,142900.0
2023-05-30,77270,379.0,384.0,372.0,384.0,0,0,289900.0,109714800.0,1.0,379.0,384.0,372.0,384.0,289900.0
2023-05-31,77270,384.0,385.0,374.0,376.0,0,0,260900.0,98404200.0,1.0,384.0,385.0,374.0,376.0,260900.0
2023-06-01,77270,376.0,379.0,372.0,375.0,0,0,183700.0,68947000.0,1.0,376.0,379.0,372.0,375.0,183700.0
2023-06-02,77270,375.0,380.0,371.0,379.0,0,0,174400.0,65630700.0,1.0,375.0,380.0,371.0,379.0,174400.0
2023-06-05,77270,384.0,388.0,381.0,387.0,0,0,155900.0,60065300.0,1.0,384.0,388.0,381.0,387.0,155900.0
2023-06-06,77270,387.0,404.0,386.0,402.0,0,0,407400.0,161686000.0,1.0,387.0,404.0,386.0,402.0,407400.0
2023-06-07,77270,407.0,409.0,394.0,398.0,0,0,349200.0,139722500.0,1.0,407.0,409.0,394.0,398.0,349200.0
2023-06-08,77270,398.0,399.0,391.0,394.0,0,0,165600.0,65312900.0,1.0,398.0,399.0,391.0,394.0,165600.0
2023-06-09,77270,398.0,401.0,393.0,400.0,0,0,245200.0,97393900.0,1.0,398.0,401.0,393.0,400.0,245200.0
2023-06-12,77270,400.0,406.0,394.0,405.0,0,0,228300.0,91893200.0,1.0,400.0,406.0,394.0,405.0,228300.0
2023-06-13,77270,406.0,408.0,395.0,398.0,0,0,324300.0,129758900.0,1.0,406.0,408.0,395.0,398.0,324300.0
2023-06-14,77270,401.0,411.0,397.0,407.0,0,0,354700.0,143517600.0,1.0,401.0,411.0,397.0,407.0,354700.0
2023-06-15,77270,407.0,413.0,403.0,411.0,0,0,309600.0,126575400.0,1.0,407.0,413.0,403.0,411.0,309600.0
2023-06-16,77270,414.0,419.0,412.0,417.0,0,0,265600.0,110566100.0,1.0,414.0,419.0,412.0,417.0,265600.0
2023-06-19,77270,419.0,421.0,412.0,418.0,0,0,304300.0,126548800.0,1.0,419.0,421.0,412.0,418.0,304300.0
2023-06-20,77270,417.0,420.0,412.0,418.0,0,0,166100.0,69173100.0,1.0,417.0,420.0,412.0,418.0,166100.0
2023-06-21,77270,417.0,419.0,414.0,415.0,0,0,68600.0,28560400.0,1.0,417.0,419.0,414.0,415.0,68600.0
2023-06-22,77270,413.0,417.0,408.0,412.0,0,0,222500.0,91759200.0,1.0,413.0,417.0,408.0,412.0,222500.0
2023-06-23,77270,413.0,416.0,403.0,407.0,0,0,225200.0,91998700.0,1.0,413.0,416.0,403.0,407.0,225200.0
2023-06-26,77270,406.0,411.0,400.0,402.0,0,0,178800.0,72454900.0,1.0,406.0,411.0,400.0,402.0,178800.0
2023-06-27,77270,403.0,406.0,396.0,403.0,0,0,173600.0,69603900.0,1.0,403.0,406.0,396.0,403.0,173600.0
2023-06-28,77270,404.0,409.0,404.0,406.0,0,0,140300.0,56956900.0,1.0,404.0,409.0,404.0,406.0,140300.0
2023-06-29,77270,407.0,415.0,403.0,413.0,0,0,247600.0,101403200.0,1.0,407.0,415.0,403.0,413.0,247600.0
2023-06-30,77270,413.0,416.0,410.0,414.0,0,0,159500.0,65895300.0,1.0,413.0,416.0,410.0,414.0,159500.0
2023-07-03,77270,414.0,416.0,408.0,410.0,0,0,143200.0,58843800.0,1.0,414.0,416.0,408.0,410.0,143200.0
2023-07-04,77270,409.0,411.0,405.0,406.0,0,0,107800.0,43910500.0,1.0,409.0,411.0,405.0,406.0,107800.0
2023-07-05,77270,406.0,407.0,400.0,405.0,0,0,142400.0,57509700.0,1.0,406.0,407.0,400.0,405.0,142400.0
2023-07-06,77270,403.0,407.0,395.0,395.0,0,0,304300.0,121557000.0,1.0,403.0,407.0,395.0,395.0,304300.0
2023-07-07,77270,394.0,408.0,391.0,402.0,0,0,229800.0,92139200.0,1.0,394.0,408.0,391.0,402.0,229800.0
2023-07-10,77270,401.0,405.0,400.0,401.0,0,0,122100.0,49075100.0,1.0,401.0,405.0,400.0,401.0,122100.0
2023-07-11,77270,403.0,407.0,395.0,396.0,0,0,228000.0,91298400.0,1.0,403.0,407.0,395.0,396.0,228000.0
2023-07-12,77270,400.0,400.0,390.0,392.0,0,0,165800.0,65343600.0,1.0,400.0,400.0,390.0,392.0,165800.0
2023-07-13,77270,388.0,394.0,387.0,392.0,0,0,121000.0,47259800.0,1.0,388.0,394.0,387.0,392.0,121000.0
2023-07-14,77270,391.0,395.0,385.0,385.0,0,0,167600.0,65081800.0,1.0,391.0,395.0,385.0,385.0,167600.0
2023-07-18,77270,385.0,389.0,382.0,383.0,0,0,117800.0,45305600.0,1.0,385.0,389.0,382.0,383.0,117800.0
2023-07-19,77270,386.0,394.0,386.0,394.0,0,0,141600.0,55430200.0,1.0,386.0,394.0,386.0,394.0,141600.0
2023-07-20,77270,391.0,396.0,391.0,392.0,0,0,75100.0,29515800.0,1.0,391.0,396.0,391.0,392.0,75100.0
2023-07-21,77270,390.0,391.0,385.0,386.0,0,0,114700.0,44488700.0,1.0,390.0,391.0,385.0,386.0,114700.0
2023-07-24,77270,387.0,390.0,386.0,388.0,0,0,96700.0,37548900.0,1.0,387.0,390.0,386.0,388.0,96700.0
2023-07-25,77270,389.0,398.0,389.0,394.0,0,0,173300.0,68349700.0,1.0,389.0,398.0,389.0,394.0,173300.0
2023-07-26,77270,397.0,400.0,393.0,398.0,0,0,119400.0,47435900.0,1.0,397.0,400.0,393.0,398.0,119400.0
2023-07-27,77270,395.0,400.0,394.0,399.0,0,0,106400.0,42171900.0,1.0,395.0,400.0,394.0,399.0,106400.0
2023-07-28,77270,398.0,400.0,390.0,393.0,0,0,358700.0,141299200.0,1.0,398.0,400.0,390.0,393.0,358700.0
2023-07-31,77270,396.0,398.0,391.0,397.0,0,0,154900.0,61244500.0,1.0,396.0,398.0,391.0,397.0,154900.0
2023-08-01,77270,396.0,397.0,392.0,394.0,0,0,204200.0,80514200.0,1.0,396.0,397.0,392.0,394.0,204200.0
2023-08-02,77270,393.0,394.0,389.0,390.0,0,0,139600.0,54694600.0,1.0,393.0,394.0,389.0,390.0,139600.0
2023-08-03,77270,388.0,388.0,376.0,377.0,0,0,296200.0,113001400.0,1.0,388.0,388.0,376.0,377.0,296200.0
2023-08-04,77270,378.0,380.0,373.0,373.0,0,0,173200.0,64968300.0,1.0,378.0,380.0,373.0,373.0,173200.0
2023-08-07,77270,372.0,381.0,369.0,381.0,0,0,178000.0,67056400.0,1.0,372.0,381.0,369.0,381.0,178000.0
2023-08-08,77270,381.0,381.0,373.0,375.0,0,0,133400.0,50058000.0,1.0,381.0,381.0,373.0,375.0,133400.0
2023-08-09,77270,373.0,374.0,369.0,371.0,0,0,184600.0,68548200.0,1.0,373.0,374.0,369.0,371.0,184600.0
2023-08-10,77270,371.0,386.0,366.0,383.0,0,0,403600.0,152451600.0,1.0,371.0,386.0,366.0,383.0,403600.0
2023-08-14,77270,398.0,417.0,393.0,408.0,0,0,867600.0,353220100.0,1.0,398.0,417.0,393.0,408.0,867600.0
2023-08-15,77270,411.0,414.0,400.0,402.0,0,0,422000.0,171380100.0,1.0,411.0,414.0,400.0,402.0,422000.0
2023-08-16,77270,400.0,410.0,398.0,406.0,0,0,324700.0,131528700.0,1.0,400.0,410.0,398.0,406.0,324700.0
2023-08-17,77270,408.0,412.0,401.0,409.0,0,0,227300.0,92309500.0,1.0,408.0,412.0,401.0,409.0,227300.0
2023-08-18,77270,406.0,414.0,400.0,403.0,0,0,264300.0,107462300.0,1.0,406.0,414.0,400.0,403.0,264300.0
2023-08-21,77270,403.0,420.0,402.0,415.0,0,0,553300.0,228448600.0,1.0,403.0,420.0,402.0,415.0,553300.0
2023-08-22,77270,415.0,425.0,415.0,421.0,0,0,400700.0,168568800.0,1.0,415.0,425.0,415.0,421.0,400700.0
2023-08-23,77270,422.0,428.0,420.0,427.0,0,0,257800.0,109442200.0,1.0,422.0,428.0,420.0,427.0,257800.0
2023-08-24,77270,431.0,431.0,417.0,417.0,0,0,238900.0,101015400.0,1.0,431.0,431.0,417.0,417.0,238900.0
2023-08-25,77270,416.0,427.0,416.0,420.0,0,0,290700.0,122716900.0,1.0,416.0,427.0,416.0,420.0,290700.0
2023-08-28,77270,421.0,426.0,421.0,424.0,0,0,100000.0,42290100.0,1.0,421.0,426.0,421.0,424.0,100000.0
2023-08-29,77270,425.0,437.0,425.0,433.0,0,0,285600.0,123627600.0,1.0,425.0,437.0,425.0,433.0,285600.0
2023-08-30,77270,438.0,438.0,431.0,434.0,0,0,129100.0,55952300.0,1.0,438.0,438.0,431.0,434.0,129100.0
2023-08-31,77270,435.0,442.0,434.0,439.0,0,0,189500.0,83223300.0,1.0,435.0,442.0,434.0,439.0,189500.0
2023-09-01,77270,439.0,439.0,430.0,436.0,0,0,203600.0,88392100.0,1.0,439.0,439.0,430.0,436.0,203600.0
2023-09-04,77270,439.0,441.0,436.0,436.0,0,0,125200.0,54896100.0,1.0,439.0,441.0,436.0,436.0,125200.0
2023-09-05,77270,439.0,450.0,438.0,450.0,0,0,361700.0,161542900.0,1.0,439.0,450.0,438.0,450.0,361700.0
2023-09-06,77270,451.0,451.0,444.0,445.0,0,0,227200.0,101722000.0,1.0,451.0,451.0,444.0,445.0,227200.0
2023-09-07,77270,445.0,445.0,435.0,437.0,0,0,172900.0,75907100.0,1.0,445.0,445.0,435.0,437.0,172900.0
2023-09-08,77270,437.0,444.0,437.0,441.0,0,0,171000.0,75274100.0,1.0,437.0,444.0,437.0,441.0,171000.0
2023-09-11,77270,440.0,445.0,432.0,435.0,0,0,146500.0,63974700.0,1.0,440.0,445.0,432.0,435.0,146500.0
2023-09-12,77270,436.0,442.0,435.0,438.0,0,0,106300.0,46631600.0,1.0,436.0,442.0,435.0,438.0,106300.0
2023-09-13,77270,436.0,441.0,434.0,438.0,0,0,97900.0,42784700.0,1.0,436.0,441.0,434.0,438.0,97900.0
2023-09-14,77270,438.0,445.0,438.0,441.0,0,0,142100.0,62717600.0,1.0,438.0,445.0,438.0,441.0,142100.0
2023-09-15,77270,442.0,443.0,434.0,435.0,0,0,140600.0,61518800.0,1.0,442.0,443.0,434.0,435.0,140600.0
2023-09-19,77270,428.0,431.0,421.0,423.0,0,0,265200.0,112734800.0,1.0,428.0,431.0,421.0,423.0,265200.0
2023-09-20,77270,424.0,425.0,417.0,417.0,0,0,158300.0,66333400.0,1.0,424.0,425.0,417.0,417.0,158300.0
2023-09-21,77270,419.0,423.0,416.0,418.0,0,0,119100.0,49893800.0,1.0,419.0,423.0,416.0,418.0,119100.0
2023-09-22,77270,416.0,428.0,416.0,427.0,0,0,111700.0,47167200.0,1.0,416.0,428.0,416.0,427.0,111700.0
2023-09-25,77270,425.0,427.0,424.0,426.0,0,0,133500.0,56769600.0,1.0,425.0,427.0,424.0,426.0,133500.0
2023-09-26,77270,428.0,435.0,421.0,433.0,0,0,161600.0,69321600.0,1.0,428.0,435.0,421.0,433.0,161600.0
2023-09-27,77270,432.0,435.0,428.0,435.0,0,0,102900.0,44439300.0,1.0,432.0,435.0,428.0,435.0,102900.0
2023-09-28,77270,429.0,435.0,426.0,427.0,0,0,117400.0,50440600.0,1.0,429.0,435.0,426.0,427.0,117400.0
2023-09-29,77270,426.0,441.0,426.0,433.0,0,0,223600.0,97046700.0,1.0,426.0,441.0,426.0,433.0,223600.0
2023-10-02,77270,435.0,446.0,433.0,434.0,0,0,211500.0,93037400.0,1.0,435.0,446.0,433.0,434.0,211500.0
2023-10-03,77270,429.0,429.0,417.0,417.0,0,0,284900.0,120111000.0,1.0,429.0,429.0,417.0,417.0,284900.0
2023-10-04,77270,407.0,409.0,396.0,396.0,0,0,291300.0,117078700.0,1.0,407.0,409.0,396.0,396.0,291300.0
2023-10-05,77270,399.0,412.0,399.0,411.0,0,0,154800.0,62994100.0,1.0,399.0,412.0,399.0,411.0,154800.0
2023-10-06,77270,414.0,420.0,414.0,416.0,0,0,126700.0,52795300.0,1.0,414.0,420.0,414.0,416.0,126700.0
2023-10-10,77270,416.0,424.0,416.0,424.0,0,0,82300.0,34646600.0,1.0,416.0,424.0,416.0,424.0,82300.0
2023-10-11,77270,422.0,425.0,419.0,423.0,0,0,93700.0,39541700.0,1.0,422.0,425.0,419.0,423.0,93700.0
2023-10-12,77270,417.0,421.0,413.0,421.0,0,0,138900.0,57950400.0,1.0,417.0,421.0,413.0,421.0,138900.0
2023-10-13,77270,414.0,417.0,406.0,406.0,0,0,199700.0,82050100.0,1.0,414.0,417.0,406.0,406.0,199700.0
2023-10-16,77270,404.0,408.0,397.0,407.0,0,0,192300.0,77457200.0,1.0,404.0,408.0,397.0,407.0,192300.0
2023-10-17,77270,406.0,413.0,404.0,412.0,0,0,124400.0,50960900.0,1.0,406.0,413.0,404.0,412.0,124400.0
2023-10-18,77270,410.0,419.0,410.0,418.0,0,0,92300.0,38356800.0,1.0,410.0,419.0,410.0,418.0,92300.0
2023-10-19,77270,411.0,420.0,410.0,418.0,0,0,147200.0,61221000.0,1.0,411.0,420.0,410.0,418.0,147200.0
2023-10-20,77270,415.0,426.0,411.0,425.0,0,0,172200.0,72244000.0,1.0,415.0,426.0,411.0,425.0,172200.0
2023-10-23,77270,425.0,435.0,420.0,422.0,0,0,423000.0,180822800.0,1.0,425.0,435.0,420.0,422.0,423000.0
2023-10-24,77270,420.0,435.0,412.0,434.0,0,0,597300.0,252602700.0,1.0,420.0,435.0,412.0,434.0,597300.0
2023-10-25,77270,439.0,454.0,437.0,445.0,0,0,882600.0,393396700.0,1.0,439.0,454.0,437.0,445.0,882600.0
2023-10-26,77270,441.0,447.0,435.0,440.0,0,0,499800.0,219649400.0,1.0,441.0,447.0,435.0,440.0,499800.0
2023-10-27,77270,445.0,453.0,443.0,448.0,0,0,358000.0,160329000.0,1.0,445.0,453.0,443.0,448.0,358000.0
2023-10-30,77270,448.0,450.0,429.0,429.0,0,0,516300.0,224733800.0,1.0,448.0,450.0,429.0,429.0,516300.0
2023-10-31,77270,431.0,437.0,426.0,437.0,0,0,199900.0,86404300.0,1.0,431.0,437.0,426.0,437.0,199900.0
2023-11-01,77270,441.0,444.0,429.0,429.0,0,0,208700.0,90987600.0,1.0,441.0,444.0,429.0,429.0,208700.0
2023-11-02,77270,428.0,433.0,425.0,433.0,0,0,187000.0,80271600.0,1.0,428.0,433.0,425.0,433.0,187000.0
2023-11-06,77270,435.0,437.0,429.0,431.0,0,0,129900.0,56276300.0,1.0,435.0,437.0,429.0,431.0,129900.0
2023-11-07,77270,434.0,437.0,420.0,420.0,0,0,253900.0,108594800.0,1.0,434.0,437.0,420.0,420.0,253900.0
2023-11-08,77270,421.0,421.0,405.0,406.0,0,0,276100.0,113533500.0,1.0,421.0,421.0,405.0,406.0,276100.0
2023-11-09,77270,408.0,421.0,403.0,420.0,0,0,191000.0,78808300.0,1.0,408.0,421.0,403.0,420.0,191000.0
2023-11-10,77270,415.0,432.0,410.0,432.0,0,0,391800.0,166224900.0,1.0,415.0,432.0,410.0,432.0,391800.0
2023-11-13,77270,439.0,482.0,436.0,471.0,0,0,1567900.0,726044000.0,1.0,439.0,482.0,436.0,471.0,1567900.0
2023-11-14,77270,479.0,492.0,473.0,476.0,0,0,600700.0,287939200.0,1.0,479.0,492.0,473.0,476.0,600700.0
2023-11-15,77270,475.0,485.0,466.0,472.0,0,0,446600.0,211443000.0,1.0,475.0,485.0,466.0,472.0,446600.0
2023-11-16,77270,473.0,482.0,464.0,475.0,0,0,276300.0,130566800.0,1.0,473.0,482.0,464.0,475.0,276300.0
2023-11-17,77270,472.0,500.0,471.0,500.0,0,0,441900.0,215371900.0,1.0,472.0,500.0,471.0,500.0,441900.0
2023-11-20,77270,490.0,495.0,484.0,485.0,0,0,282000.0,138054700.0,1.0,490.0,495.0,484.0,485.0,282000.0
2023-11-21,77270,489.0,497.0,485.0,488.0,0,0,176700.0,86503200.0,1.0,489.0,497.0,485.0,488.0,176700.0
2023-11-22,77270,485.0,488.0,477.0,485.0,0,0,185900.0,89701100.0,1.0,485.0,488.0,477.0,485.0,185900.0
2023-11-24,77270,489.0,497.0,484.0,484.0,0,0,178600.0,87702100.0,1.0,489.0,497.0,484.0,484.0,178600.0
2023-11-27,77270,487.0,491.0,475.0,481.0,0,0,175800.0,84772600.0,1.0,487.0,491.0,475.0,481.0,175800.0
2023-11-28,77270,485.0,485.0,464.0,466.0,0,0,277800.0,130904000.0,1.0,485.0,485.0,464.0,466.0,277800.0
2023-11-29,77270,464.0,470.0,460.0,469.0,0,0,115300.0,53797000.0,1.0,464.0,470.0,460.0,469.0,115300.0
2023-11-30,77270,471.0,489.0,471.0,486.0,0,0,188900.0,91193100.0,1.0,471.0,489.0,471.0,486.0,188900.0
2023-12-01,77270,485.0,485.0,473.0,474.0,0,0,102200.0,48779400.0,1.0,485.0,485.0,473.0,474.0,102200.0
2023-12-04,77270,479.0,484.0,476.0,479.0,0,0,94300.0,45293800.0,1.0,479.0,484.0,476.0,479.0,94300.0
2023-12-05,77270,477.0,478.0,464.0,465.0,0,0,135300.0,63490200.0,1.0,477.0,478.0,464.0,465.0,135300.0
2023-12-06,77270,463.0,470.0,461.0,464.0,0,0,126400.0,58723300.0,1.0,463.0,470.0,461.0,464.0,126400.0
2023-12-07,77270,464.0,465.0,455.0,462.0,0,0,124000.0,57096400.0,1.0,464.0,465.0,455.0,462.0,124000.0
2023-12-08,77270,464.0,469.0,449.0,451.0,0,0,190100.0,86912100.0,1.0,464.0,469.0,449.0,451.0,190100.0
2023-12-11,77270,451.0,455.0,446.0,447.0,0,0,138900.0,62378000.0,1.0,451.0,455.0,446.0,447.0,138900.0
2023-12-12,77270,451.0,453.0,445.0,452.0,0,0,100600.0,45184900.0,1.0,451.0,453.0,445.0,452.0,100600.0
2023-12-13,77270,452.0,463.0,452.0,455.0,0,0,101000.0,46270300.0,1.0,452.0,463.0,452.0,455.0,101000.0
2023-12-14,77270,457.0,461.0,448.0,449.0,0,0,160200.0,72732100.0,1.0,457.0,461.0,448.0,449.0,160200.0
2023-12-15,77270,449.0,457.0,448.0,455.0,0,0,80700.0,36579200.0,1.0,449.0,457.0,448.0,455.0,80700.0
2023-12-18,77270,455.0,455.0,447.0,450.0,0,0,113300.0,50951000.0,1.0,455.0,455.0,447.0,450.0,113300.0
2023-12-19,77270,450.0,460.0,447.0,459.0,0,0,96500.0,43845500.0,1.0,450.0,460.0,447.0,459.0,96500.0
2023-12-20,77270,461.0,469.0,460.0,469.0,0,0,153000.0,71160100.0,1.0,461.0,469.0,460.0,469.0,153000.0
2023-12-21,77270,466.0,477.0,463.0,463.0,0,0,119900.0,56104100.0,1.0,466.0,477.0,463.0,463.0,119900.0
2023-12-22,77270,466.0,482.0,466.0,475.0,0,0,166400.0,79144200.0,1.0,466.0,482.0,466.0,475.0,166400.0
2023-12-25,77270,477.0,478.0,468.0,471.0,0,0,129000.0,60901400.0,1.0,477.0,478.0,468.0,471.0,129000.0
2023-12-26,77270,473.0,484.0,471.0,473.0,0,0,143700.0,68577400.0,1.0,473.0,484.0,471.0,473.0,143700.0
2023-12-27,77270,470.0,483.0,470.0,483.0,0,0,157000.0,74915500.0,1.0,470.0,483.0,470.0,483.0,157000.0
2023-12-28,77270,479.0,490.0,477.0,489.0,0,0,133900.0,65228000.0,1.0,479.0,490.0,477.0,489.0,133900.0
2023-12-29,77270,486.0,498.0,484.0,496.0,0,0,215600.0,106117400.0,1.0,486.0,498.0,484.0,496.0,215600.0
2024-01-04,77270,492.0,510.0,492.0,510.0,0,0,247900.0,124912200.0,1.0,492.0,510.0,492.0,510.0,247900.0
2024-01-05,77270,510.0,510.0,495.0,498.0,0,0,182600.0,91433100.0,1.0,510.0,510.0,495.0,498.0,182600.0
2024-01-09,77270,501.0,514.0,497.0,511.0,0,0,215500.0,109505300.0,1.0,501.0,514.0,497.0,511.0,215500.0
2024-01-10,77270,513.0,514.0,505.0,507.0,0,0,111500.0,56731300.0,1.0,513.0,514.0,505.0,507.0,111500.0
2024-01-11,77270,510.0,510.0,502.0,503.0,0,0,95700.0,48331200.0,1.0,510.0,510.0,502.0,503.0,95700.0
2024-01-12,77270,499.0,499.0,487.0,491.0,0,0,177800.0,87793600.0,1.0,499.0,499.0,487.0,491.0,177800.0
2024-01-15,77270,494.0,508.0,494.0,506.0,0,0,194800.0,97745100.0,1.0,494.0,508.0,494.0,506.0,194800.0
2024-01-16,77270,510.0,510.0,496.0,496.0,0,0,157300.0,78918400.0,1.0,510.0,510.0,496.0,496.0,157300.0
2024-01-17,77270,500.0,527.0,497.0,514.0,0,0,591600.0,306470600.0,1.0,500.0,527.0,497.0,514.0,591600.0
2024-01-18,77270,518.0,535.0,510.0,529.0,0,0,361600.0,188708200.0,1.0,518.0,535.0,510.0,529.0,361600.0
2024-01-19,77270,538.0,539.0,516.0,516.0,0,0,319000.0,167712300.0,1.0,538.0,539.0,516.0,516.0,319000.0
2024-01-22,77270,515.0,528.0,510.0,523.0,0,0,166300.0,86663100.0,1.0,515.0,528.0,510.0,523.0,166300.0
2024-01-23,77270,549.0,561.0,543.0,557.0,0,0,791000.0,437449700.0,1.0,549.0,561.0,543.0,557.0,791000.0
2024-01-24,77270,557.0,557.0,541.0,544.0,0,0,409700.0,224624500.0,1.0,557.0,557.0,541.0,544.0,409700.0
2024-01-25,77270,548.0,559.0,542.0,558.0,0,0,379100.0,209809400.0,1.0,548.0,559.0,542.0,558.0,379100.0
2024-01-26,77270,563.0,567.0,551.0,554.0,0,0,346500.0,194012200.0,1.0,563.0,567.0,551.0,554.0,346500.0
2024-01-29,77270,558.0,559.0,546.0,553.0,0,0,158400.0,87235800.0,1.0,558.0,559.0,546.0,553.0,158400.0
2024-01-30,77270,555.0,562.0,551.0,558.0,0,0,268300.0,149487700.0,1.0,555.0,562.0,551.0,558.0,268300.0
2024-01-31,77270,560.0,574.0,559.0,570.0,0,0,302600.0,171150900.0,1.0,560.0,574.0,559.0,570.0,302600.0
2024-02-01,77270,569.0,570.0,561.0,568.0,0,0,215600.0,122069800.0,1.0,569.0,570.0,561.0,568.0,215600.0
2024-02-02,77270,569.0,578.0,560.0,574.0,0,0,229200.0,130873600.0,1.0,569.0,578.0,560.0,574.0,229200.0
2024-02-05,77270,565.0,565.0,546.0,547.0,0,0,434400.0,239867500.0,1.0,565.0,565.0,546.0,547.0,434400.0
2024-02-06,77270,550.0,557.0,542.0,545.0,0,0,205300.0,112238400.0,1.0,550.0,557.0,542.0,545.0,205300.0
2024-02-07,77270,542.0,544.0,536.0,544.0,0,0,172700.0,93382300.0,1.0,542.0,544.0,536.0,544.0,172700.0
2024-02-08,77270,544.0,550.0,530.0,540.0,0,0,272200.0,146483200.0,1.0,544.0,550.0,530.0,540.0,272200.0
2024-02-09,77270,550.0,556.0,542.0,545.0,0,0,386200.0,211702400.0,1.0,550.0,556.0,542.0,545.0,386200.0
2024-02-13,77270,510.0,530.0,495.0,526.0,0,0,616000.0,317841200.0,1.0,510.0,530.0,495.0,526.0,616000.0
2024-02-14,77270,523.0,527.0,507.0,509.0,0,0,263500.0,135476500.0,1.0,523.0,527.0,507.0,509.0,263500.0
2024-02-15,77270,509.0,511.0,500.0,500.0,0,0,233900.0,117965300.0,1.0,509.0,511.0,500.0,500.0,233900.0
2024-02-16,77270,498.0,514.0,495.0,511.0,0,0,219900.0,111087300.0,1.0,498.0,514.0,495.0,511.0,219900.0
2024-02-19,77270,513.0,515.0,506.0,510.0,0,0,125100.0,63895300.0,1.0,513.0,515.0,506.0,510.0,125100.0
2024-02-20,77270,512.0,524.0,511.0,520.0,0,0,149900.0,77743600.0,1.0,512.0,524.0,511.0,520.0,149900.0
2024-02-21,77270,521.0,522.0,509.0,512.0,0,0,131500.0,67491500.0,1.0,521.0,522.0,509.0,512.0,131500.0
2024-02-22,77270,516.0,518.0,509.0,511.0,0,0,92900.0,47655700.0,1.0,516.0,518.0,509.0,511.0,92900.0
2024-02-26,77270,511.0,533.0,511.0,532.0,0,0,191900.0,100293900.0,1.0,511.0,533.0,511.0,532.0,191900.0
2024-02-27,77270,559.0,632.0,550.0,603.0,1,0,2479700.0,1512816100.0,1.0,559.0,632.0,550.0,603.0,2479700.0
2024-02-28,77270,593.0,620.0,590.0,592.0,0,0,1097900.0,660251900.0,1.0,593.0,620.0,590.0,592.0,1097900.0
2024-02-29,77270,589.0,600.0,582.0,596.0,0,0,341300.0,202156300.0,1.0,589.0,600.0,582.0,596.0,341300.0
2024-03-01,77270,605.0,608.0,575.0,575.0,0,0,364100.0,213915800.0,1.0,605.0,608.0,575.0,575.0,364100.0
2024-03-04,77270,566.0,578.0,559.0,565.0,0,0,316700.0,179164200.0,1.0,566.0,578.0,559.0,565.0,316700.0
2024-03-05,77270,559.0,587.0,555.0,585.0,0,0,239900.0,137706700.0,1.0,559.0,587.0,555.0,585.0,239900.0
2024-03-06,77270,585.0,602.0,576.0,587.0,0,0,204800.0,120603900.0,1.0,585.0,602.0,576.0,587.0,204800.0
2024-03-07,77270,592.0,596.0,575.0,578.0,0,0,155700.0,90915300.0,1.0,592.0,596.0,575.0,578.0,155700.0
2024-03-08,77270,570.0,579.0,567.0,567.0,0,0,183700.0,105088300.0,1.0,570.0,579.0,567.0,567.0,183700.0
2024-03-11,77270,557.0,560.0,539.0,539.0,0,0,284400.0,155316800.0,1.0,557.0,560.0,539.0,539.0,284400.0
2024-03-12,77270,538.0,559.0,534.0,557.0,0,0,164200.0,89700600.0,1.0,538.0,559.0,534.0,557.0,164200.0
2024-03-13,77270,560.0,563.0,542.0,542.0,0,0,128600.0,70563900.0,1.0,560.0,563.0,542.0,542.0,128600.0
2024-03-14,77270,550.0,553.0,537.0,538.0,0,0,118600.0,64340500.0,1.0,550.0,553.0,537.0,538.0,118600.0
2024-03-15,77270,534.0,547.0,533.0,541.0,0,0,100100.0,54028900.0,1.0,534.0,547.0,533.0,541.0,100100.0
2024-03-18,77270,545.0,551.0,540.0,550.0,0,0,98800.0,53832700.0,1.0,545.0,551.0,540.0,550.0,98800.0
2024-03-19,77270,549.0,550.0,542.0,546.0,0,0,94300.0,51468900.0,1.0,549.0,550.0,542.0,546.0,94300.0
2024-03-21,77270,550.0,552.0,541.0,544.0,0,0,202700.0,110749800.0,1.0,550.0,552.0,541.0,544.0,202700.0
2024-03-22,77270,545.0,546.0,536.0,542.0,0,0,164300.0,88707500.0,1.0,545.0,546.0,536.0,542.0,164300.0
2024-03-25,77270,541.0,546.0,537.0,537.0,0,0,126700.0,68503000.0,1.0,541.0,546.0,537.0,537.0,126700.0
2024-03-26,77270,540.0,547.0,539.0,541.0,0,0,70800.0,38399700.0,1.0,540.0,547.0,539.0,541.0,70800.0
2024-03-27,77270,542.0,545.0,538.0,540.0,0,0,112500.0,60917000.0,1.0,542.0,545.0,538.0,540.0,112500.0
2024-03-28,77270,537.0,543.0,534.0,538.0,0,0,177600.0,95399600.0,1.0,537.0,543.0,534.0,538.0,177600.0
2024-03-29,77270,538.0,563.0,538.0,559.0,0,0,253100.0,140810600.0,1.0,538.0,563.0,538.0,559.0,253100.0
2024-04-01,77270,563.0,566.0,556.0,560.0,0,0,161200.0,90367100.0,1.0,563.0,566.0,556.0,560.0,161200.0
2024-04-02,77270,560.0,560.0,545.0,548.0,0,0,95700.0,52698600.0,1.0,560.0,560.0,545.0,548.0,95700.0
2024-04-03,77270,544.0,558.0,541.0,557.0,0,0,127200.0,70056000.0,1.0,544.0,558.0,541.0,557.0,127200.0
2024-04-04,77270,562.0,563.0,545.0,546.0,0,0,118900.0,65639300.0,1.0,562.0,563.0,545.0,546.0,118900.0
2024-04-05,77270,544.0,544.0,532.0,535.0,0,0,190800.0,102426600.0,1.0,544.0,544.0,532.0,535.0,190800.0
2024-04-08,77270,541.0,543.0,534.0,535.0,0,0,126600.0,67989700.0,1.0,541.0,543.0,534.0,535.0,126600.0
2024-04-09,77270,535.0,539.0,534.0,538.0,0,0,59700.0,32048400.0,1.0,535.0,539.0,534.0,538.0,59700.0
2024-04-10,77270,538.0,543.0,535.0,536.0,0,0,101700.0,54729100.0,1.0,538.0,543.0,535.0,536.0,101700.0
2024-04-11,77270,534.0,541.0,528.0,539.0,0,0,106000.0,56585200.0,1.0,534.0,541.0,528.0,539.0,106000.0
2024-04-12,77270,539.0,572.0,537.0,572.0,0,0,390400.0,219282600.0,1.0,539.0,572.0,537.0,572.0,390400.0
2024-04-15,77270,567.0,579.0,563.0,577.0,0,0,181500.0,103795200.0,1.0,567.0,579.0,563.0,577.0,181500.0
2024-04-16,77270,570.0,570.0,553.0,553.0,0,0,207100.0,116089400.0,1.0,570.0,570.0,553.0,553.0,207100.0
2024-04-17,77270,555.0,557.0,542.0,548.0,0,0,159200.0,87476800.0,1.0,555.0,557.0,542.0,548.0,159200.0
2024-04-18,77270,547.0,562.0,547.0,559.0,0,0,95000.0,52819300.0,1.0,547.0,562.0,547.0,559.0,95000.0
2024-04-19,77270,557.0,557.0,536.0,540.0,0,0,240700.0,130666200.0,1.0,557.0,557.0,536.0,540.0,240700.0
2024-04-22,77270,541.0,544.0,531.0,535.0,0,0,280400.0,150473400.0,1.0,541.0,544.0,531.0,535.0,280400.0
2024-04-23,77270,534.0,538.0,523.0,528.0,0,0,288900.0,153502900.0,1.0,534.0,538.0,523.0,528.0,288900.0
2024-04-24,77270,530.0,530.0,516.0,516.0,0,0,203400.0,105675900.0,1.0,530.0,530.0,516.0,516.0,203400.0
2024-04-25,77270,517.0,521.0,512.0,515.0,0,0,119200.0,61558300.0,1.0,517.0,521.0,512.0,515.0,119200.0
2024-04-26,77270,516.0,516.0,508.0,513.0,0,0,277300.0,142124400.0,1.0,516.0,516.0,508.0,513.0,277300.0
2024-04-30,77270,514.0,528.0,514.0,524.0,0,0,80800.0,42211800.0,1.0,514.0,528.0,514.0,524.0,80800.0
2024-05-01,77270,525.0,529.0,520.0,524.0,0,0,58600.0,30699000.0,1.0,525.0,529.0,520.0,524.0,58600.0
2024-05-02,77270,522.0,527.0,516.0,526.0,0,0,101300.0,52863000.0,1.0,522.0,527.0,516.0,526.0,101300.0
2024-05-07,77270,527.0,529.0,521.0,528.0,0,0,62000.0,32565300.0,1.0,527.0,529.0,521.0,528.0,62000.0
2024-05-08,77270,526.0,531.0,523.0,528.0,0,0,92000.0,48425600.0,1.0,526.0,531.0,523.0,528.0,92000.0
2024-05-09,77270,525.0,525.0,512.0,515.0,0,0,119300.0,61751900.0,1.0,525.0,525.0,512.0,515.0,119300.0
2024-05-10,77270,516.0,521.0,513.0,514.0,0,0,114000.0,58876900.0,1.0,516.0,521.0,513.0,514.0,114000.0
2024-05-13,77270,514.0,534.0,513.0,534.0,0,0,162300.0,85310500.0,1.0,514.0,534.0,513.0,534.0,162300.0
2024-05-14,77270,538.0,545.0,530.0,533.0,0,0,142500.0,76486400.0,1.0,538.0,545.0,530.0,533.0,142500.0
2024-05-15,77270,529.0,529.0,506.0,507.0,0,0,315700.0,162456000.0,1.0,529.0,529.0,506.0,507.0,315700.0
2024-05-16,77270,499.0,508.0,475.0,476.0,0,0,358000.0,174554800.0,1.0,499.0,508.0,475.0,476.0,358000.0
2024-05-17,77270,470.0,470.0,456.0,464.0,0,0,302100.0,140269200.0,1.0,470.0,470.0,456.0,464.0,302100.0
2024-05-20,77270,460.0,468.0,455.0,464.0,0,0,264500.0,122150600.0,1.0,460.0,468.0,455.0,464.0,264500.0
2024-05-21,77270,463.0,468.0,455.0,460.0,0,0,192400.0,88592900.0,1.0,463.0,468.0,455.0,460.0,192400.0
2024-05-22,77270,461.0,462.0,452.0,452.0,0,0,128900.0,58655400.0,1.0,461.0,462.0,452.0,452.0,128900.0
2024-05-23,77270,454.0,457.0,448.0,452.0,0,0,104700.0,47362000.0,1.0,454.0,457.0,448.0,452.0,104700.0
2024-05-24,77270,447.0,457.0,447.0,452.0,0,0,60900.0,27603000.0,1.0,447.0,457.0,447.0,452.0,60900.0
2024-05-27,77270,456.0,459.0,451.0,457.0,0,0,71400.0,32421900.0,1.0,456.0,459.0,451.0,457.0,71400.0
2024-05-28,77270,457.0,464.0,457.0,461.0,0,0,68400.0,31458600.0,1.0,457.0,464.0,457.0,461.0,68400.0
2024-05-29,77270,460.0,460.0,451.0,451.0,0,0,84700.0,38494100.0,1.0,460.0,460.0,451.0,451.0,84700.0
2024-05-30,77270,447.0,450.0,441.0,449.0,0,0,97000.0,43240400.0,1.0,447.0,450.0,441.0,449.0,97000.0
2024-05-31,77270,450.0,486.0,450.0,469.0,0,0,920700.0,436686100.0,1.0,450.0,486.0,450.0,469.0,920700.0
2024-06-03,77270,474.0,475.0,461.0,461.0,0,0,133500.0,62259100.0,1.0,474.0,475.0,461.0,461.0,133500.0
2024-06-04,77270,463.0,471.0,462.0,467.0,0,0,115600.0,53947900.0,1.0,463.0,471.0,462.0,467.0,115600.0
2024-06-05,77270,461.0,463.0,458.0,463.0,0,0,92300.0,42532800.0,1.0,461.0,463.0,458.0,463.0,92300.0
2024-06-06,77270,463.0,463.0,449.0,449.0,0,0,128200.0,57994800.0,1.0,463.0,463.0,449.0,449.0,128200.0
2024-06-07,77270,449.0,456.0,449.0,454.0,0,0,48300.0,21837600.0,1.0,449.0,456.0,449.0,454.0,48300.0
2024-06-10,77270,457.0,461.0,455.0,456.0,0,0,52000.0,23825300.0,1.0,457.0,461.0,455.0,456.0,52000.0
2024-06-11,77270,460.0,465.0,457.0,462.0,0,0,80500.0,37152800.0,1.0,460.0,465.0,457.0,462.0,80500.0
2024-06-12,77270,462.0,466.0,461.0,465.0,0,0,56000.0,25967800.0,1.0,462.0,466.0,461.0,465.0,56000.0
2024-06-13,77270,466.0,468.0,460.0,461.0,0,0,51100.0,23676800.0,1.0,466.0,468.0,460.0,461.0,51100.0
2024-06-14,77270,460.0,465.0,458.0,465.0,0,0,81700.0,37701900.0,1.0,460.0,465.0,458.0,465.0,81700.0
2024-06-17,77270,465.0,465.0,451.0,453.0,0,0,98700.0,45036200.0,1.0,465.0,465.0,451.0,453.0,98700.0
2024-06-18,77270,453.0,454.0,446.0,449.0,0,0,106200.0,47654100.0,1.0,453.0,454.0,446.0,449.0,106200.0
2024-06-19,77270,450.0,460.0,450.0,455.0,0,0,74800.0,34084200.0,1.0,450.0,460.0,450.0,455.0,74800.0
2024-06-20,77270,454.0,456.0,446.0,454.0,0,0,142700.0,64207900.0,1.0,454.0,456.0,446.0,454.0,142700.0
2024-06-21,77270,452.0,460.0,452.0,455.0,0,0,85000.0,38821700.0,1.0,452.0,460.0,452.0,455.0,85000.0
2024-06-24,77270,458.0,461.0,457.0,459.0,0,0,73400.0,33697100.0,1.0,458.0,461.0,457.0,459.0,73400.0
2024-06-25,77270,461.0,465.0,460.0,465.0,0,0,67700.0,31392600.0,1.0,461.0,465.0,460.0,465.0,67700.0
2024-06-26,77270,468.0,471.0,466.0,470.0,0,0,37500.0,17595700.0,1.0,468.0,471.0,466.0,470.0,37500.0
2024-06-27,77270,471.0,473.0,464.0,465.0,0,0,82800.0,38817300.0,1.0,471.0,473.0,464.0,465.0,82800.0
2024-06-28,77270,468.0,469.0,464.0,466.0,0,0,36800.0,17142400.0,1.0,468.0,469.0,464.0,466.0,36800.0
2024-07-01,77270,467.0,472.0,467.0,469.0,0,0,63500.0,29788900.0,1.0,467.0,472.0,467.0,469.0,63500.0
2024-07-02,77270,470.0,470.0,466.0,468.0,0,0,53700.0,25136100.0,1.0,470.0,470.0,466.0,468.0,53700.0
2024-07-03,77270,468.0,472.0,463.0,469.0,0,0,129600.0,60605700.0,1.0,468.0,472.0,463.0,469.0,129600.0
2024-07-04,77270,469.0,478.0,469.0,477.0,0,0,119300.0,56664500.0,1.0,469.0,478.0,469.0,477.0,119300.0
2024-07-05,77270,480.0,483.0,470.0,470.0,0,0,97600.0,46397600.0,1.0,480.0,483.0,470.0,470.0,97600.0
2024-07-08,77270,472.0,478.0,467.0,468.0,0,0,89200.0,41923000.0,1.0,472.0,478.0,467.0,468.0,89200.0
2024-07-09,77270,467.0,468.0,463.0,463.0,0,0,112000.0,52087400.0,1.0,467.0,468.0,463.0,463.0,112000.0
2024-07-10,77270,465.0,465.0,456.0,461.0,0,0,132800.0,61073800.0,1.0,465.0,465.0,456.0,461.0,132800.0
2024-07-11,77270,461.0,468.0,461.0,467.0,0,0,80500.0,37395400.0,1.0,461.0,468.0,461.0,467.0,80500.0
2024-07-12,77270,461.0,473.0,461.0,469.0,0,0,123200.0,57748100.0,1.0,461.0,473.0,461.0,469.0,123200.0
2024-07-16,77270,470.0,476.0,468.0,472.0,0,0,86700.0,40814100.0,1.0,470.0,476.0,468.0,472.0,86700.0
2024-07-17,77270,472.0,476.0,472.0,474.0,0,0,34500.0,16335700.0,1.0,472.0,476.0,472.0,474.0,34500.0
2024-07-18,77270,472.0,475.0,466.0,466.0,0,0,118500.0,55644500.0,1.0,472.0,475.0,466.0,466.0,118500.0
2024-07-19,77270,466.0,471.0,464.0,471.0,0,0,55200.0,25819200.0,1.0,466.0,471.0,464.0,471.0,55200.0
2024-07-22,77270,471.0,471.0,456.0,458.0,0,0,128600.0,59194200.0,1.0,471.0,471.0,456.0,458.0,128600.0
2024-07-23,77270,460.0,461.0,454.0,456.0,0,0,61500.0,28083700.0,1.0,460.0,461.0,454.0,456.0,61500.0
2024-07-24,77270,453.0,454.0,445.0,445.0,0,0,147600.0,66220500.0,1.0,453.0,454.0,445.0,445.0,147600.0
2024-07-25,77270,440.0,442.0,433.0,437.0,0,0,130400.0,56983000.0,1.0,440.0,442.0,433.0,437.0,130400.0
2024-07-26,77270,439.0,443.0,435.0,435.0,0,0,87400.0,38339300.0,1.0,439.0,443.0,435.0,435.0,87400.0
2024-07-29,77270,439.0,448.0,437.0,448.0,0,0,63300.0,28147400.0,1.0,439.0,448.0,437.0,448.0,63300.0
2024-07-30,77270,448.0,448.0,430.0,430.0,0,0,249000.0,107795200.0,1.0,448.0,448.0,430.0,430.0,249000.0
2024-07-31,77270,435.0,444.0,427.0,444.0,0,0,118000.0,51399500.0,1.0,435.0,444.0,427.0,444.0,118000.0
2024-08-01,77270,437.0,439.0,417.0,423.0,0,0,226300.0,96227600.0,1.0,437.0,439.0,417.0,423.0,226300.0
2024-08-02,77270,403.0,408.0,389.0,389.0,0,0,254900.0,101960500.0,1.0,403.0,408.0,389.0,389.0,254900.0
2024-08-05,77270,365.0,370.0,309.0,309.0,0,1,443000.0,154583300.0,1.0,365.0,370.0,309.0,309.0,443000.0
2024-08-06,77270,325.0,382.0,325.0,361.0,0,0,396900.0,138223900.0,1.0,325.0,382.0,325.0,361.0,396900.0
2024-08-07,77270,353.0,374.0,351.0,360.0,0,0,316700.0,113916800.0,1.0,353.0,374.0,351.0,360.0,316700.0
2024-08-08,77270,358.0,367.0,351.0,353.0,0,0,176000.0,62952800.0,1.0,358.0,367.0,351.0,353.0,176000.0
2024-08-09,77270,369.0,374.0,361.0,372.0,0,0,157400.0,57948300.0,1.0,369.0,374.0,361.0,372.0,157400.0
2024-08-13,77270,396.0,401.0,380.0,392.0,0,0,308500.0,120298700.0,1.0,396.0,401.0,380.0,392.0,308500.0
2024-08-14,77270,392.0,397.0,386.0,391.0,0,0,149800.0,58684300.0,1.0,392.0,397.0,386.0,391.0,149800.0
2024-08-15,77270,397.0,400.0,393.0,398.0,0,0,94500.0,37433800.0,1.0,397.0,400.0,393.0,398.0,94500.0
2024-08-16,77270,400.0,406.0,399.0,401.0,0,0,102700.0,41345100.0,1.0,400.0,406.0,399.0,401.0,102700.0
2024-08-19,77270,400.0,400.0,388.0,388.0,0,0,105700.0,41534800.0,1.0,400.0,400.0,388.0,388.0,105700.0
2024-08-20,77270,393.0,407.0,393.0,396.0,0,0,95900.0,38348800.0,1.0,393.0,407.0,393.0,396.0,95900.0
2024-08-21,77270,396.0,396.0,388.0,392.0,0,0,82400.0,32311600.0,1.0,396.0,396.0,388.0,392.0,82400.0
2024-08-22,77270,394.0,395.0,390.0,395.0,0,0,51200.0,20122500.0,1.0,394.0,395.0,390.0,395.0,51200.0
2024-08-23,77270,400.0,404.0,396.0,401.0,0,0,113400.0,45336200.0,1.0,400.0,404.0,396.0,401.0,113400.0
2024-08-26,77270,400.0,401.0,391.0,394.0,0,0,86400.0,34169000.0,1.0,400.0,401.0,391.0,394.0,86400.0
2024-08-27,77270,394.0,397.0,392.0,394.0,0,0,33100.0,13084300.0,1.0,394.0,397.0,392.0,394.0,33100.0
2024-08-28,77270,394.0,400.0,390.0,400.0,0,0,80900.0,31831300.0,1.0,394.0,400.0,390.0,400.0,80900.0
2024-08-29,77270,400.0,400.0,392.0,393.0,0,0,56200.0,22190300.0,1.0,400.0,400.0,392.0,393.0,56200.0
2024-08-30,77270,395.0,416.0,395.0,414.0,0,0,197900.0,80485900.0,1.0,395.0,416.0,395.0,414.0,197900.0
2024-09-02,77270,417.0,417.0,405.0,407.0,0,0,113100.0,46128000.0,1.0,417.0,417.0,405.0,407.0,113100.0
2024-09-03,77270,407.0,411.0,407.0,409.0,0,0,29200.0,11933700.0,1.0,407.0,411.0,407.0,409.0,29200.0
2024-09-04,77270,399.0,402.0,385.0,385.0,0,0,248900.0,97293600.0,1.0,399.0,402.0,385.0,385.0,248900.0
2024-09-05,77270,384.0,400.0,383.0,386.0,0,0,129300.0,50502700.0,1.0,384.0,400.0,383.0,386.0,129300.0
2024-09-06,77270,390.0,391.0,381.0,385.0,0,0,81100.0,31192800.0,1.0,390.0,391.0,381.0,385.0,81100.0
2024-09-09,77270,369.0,380.0,364.0,378.0,0,0,148300.0,55262000.0,1.0,369.0,380.0,364.0,378.0,148300.0
2024-09-10,77270,382.0,382.0,373.0,373.0,0,0,101100.0,38076100.0,1.0,382.0,382.0,373.0,373.0,101100.0
2024-09-11,77270,375.0,375.0,364.0,367.0,0,0,116100.0,42803900.0,1.0,375.0,375.0,364.0,367.0,116100.0
2024-09-12,77270,373.0,381.0,373.0,377.0,0,0,63600.0,23966900.0,1.0,373.0,381.0,373.0,377.0,63600.0
2024-09-13,77270,375.0,380.0,373.0,376.0,0,0,40100.0,15110600.0,1.0,375.0,380.0,373.0,376.0,40100.0
2024-09-17,77270,379.0,383.0,374.0,381.0,0,0,96000.0,36309300.0,1.0,379.0,383.0,374.0,381.0,96000.0
2024-09-18,77270,384.0,385.0,374.0,379.0,0,0,73200.0,27758800.0,1.0,384.0,385.0,374.0,379.0,73200.0
2024-09-19,77270,380.0,386.0,380.0,382.0,0,0,76300.0,29223800.0,1.0,380.0,386.0,380.0,382.0,76300.0
2024-09-20,77270,385.0,388.0,383.0,384.0,0,0,66100.0,25480800.0,1.0,385.0,388.0,383.0,384.0,66100.0
2024-09-24,77270,387.0,389.0,381.0,384.0,0,0,96000.0,36831500.0,1.0,387.0,389.0,381.0,384.0,96000.0
2024-09-25,77270,386.0,390.0,379.0,382.0,0,0,106200.0,40740300.0,1.0,386.0,390.0,379.0,382.0,106200.0
2024-09-26,77270,387.0,390.0,384.0,389.0,0,0,69600.0,26927600.0,1.0,387.0,390.0,384.0,389.0,69600.0
2024-09-27,77270,382.0,393.0,381.0,392.0,0,0,101600.0,39418200.0,1.0,382.0,393.0,381.0,392.0,101600.0
2024-09-30,77270,380.0,382.0,374.0,379.0,0,0,113600.0,42953500.0,1.0,380.0,382.0,374.0,379.0,113600.0
2024-10-01,77270,380.0,388.0,380.0,387.0,0,0,35400.0,13615000.0,1.0,380.0,388.0,380.0,387.0,35400.0
2024-10-02,77270,382.0,383.0,377.0,381.0,0,0,66900.0,25434100.0,1.0,382.0,383.0,377.0,381.0,66900.0
2024-10-03,77270,386.0,394.0,386.0,390.0,0,0,103800.0,40487500.0,1.0,386.0,394.0,386.0,390.0,103800.0
2024-10-04,77270,390.0,396.0,388.0,394.0,0,0,126300.0,49638200.0,1.0,390.0,396.0,388.0,394.0,126300.0
2024-10-07,77270,400.0,400.0,392.0,392.0,0,0,78000.0,30801400.0,1.0,400.0,400.0,392.0,392.0,78000.0
2024-10-08,77270,391.0,392.0,381.0,383.0,0,0,85200.0,32768400.0,1.0,391.0,392.0,381.0,383.0,85200.0
2024-10-09,77270,386.0,387.0,380.0,383.0,0,0,65000.0,24871800.0,1.0,386.0,387.0,380.0,383.0,65000.0
2024-10-10,77270,381.0,383.0,377.0,383.0,0,0,81600.0,30971700.0,1.0,381.0,383.0,377.0,383.0,81600.0
2024-10-11,77270,380.0,382.0,378.0,378.0,0,0,34800.0,13227100.0,1.0,380.0,382.0,378.0,378.0,34800.0
2024-10-15,77270,382.0,385.0,379.0,384.0,0,0,84200.0,32205000.0,1.0,382.0,385.0,379.0,384.0,84200.0
2024-10-16,77270,380.0,382.0,377.0,379.0,0,0,64300.0,24418900.0,1.0,380.0,382.0,377.0,379.0,64300.0
2024-10-17,77270,379.0,379.0,373.0,376.0,0,0,74700.0,28030600.0,1.0,379.0,379.0,373.0,376.0,74700.0
2024-10-18,77270,374.0,375.0,370.0,371.0,0,0,59700.0,22202900.0,1.0,374.0,375.0,370.0,371.0,59700.0
2024-10-21,77270,372.0,375.0,370.0,373.0,0,0,46300.0,17285100.0,1.0,372.0,375.0,370.0,373.0,46300.0
2024-10-22,77270,374.0,374.0,366.0,366.0,0,0,65500.0,24150600.0,1.0,374.0,374.0,366.0,366.0,65500.0
2024-10-23,77270,366.0,366.0,360.0,361.0,0,0,63300.0,22959700.0,1.0,366.0,366.0,360.0,361.0,63300.0
2024-10-24,77270,359.0,363.0,354.0,360.0,0,0,76300.0,27399100.0,1.0,359.0,363.0,354.0,360.0,76300.0
2024-10-25,77270,360.0,360.0,350.0,353.0,0,0,114700.0,40563400.0,1.0,360.0,360.0,350.0,353.0,114700.0
2024-10-28,77270,349.0,361.0,349.0,359.0,0,0,73200.0,26173400.0,1.0,349.0,361.0,349.0,359.0,73200.0
2024-10-29,77270,364.0,367.0,363.0,365.0,0,0,77100.0,28133400.0,1.0,364.0,367.0,363.0,365.0,77100.0
2024-10-30,77270,365.0,365.0,360.0,361.0,0,0,222900.0,80634200.0,1.0,365.0,365.0,360.0,361.0,222900.0
2024-10-31,77270,364.0,373.0,362.0,372.0,0,0,64800.0,23917200.0,1.0,364.0,373.0,362.0,372.0,64800.0
2024-11-01,77270,367.0,369.0,364.0,368.0,0,0,66000.0,24268800.0,1.0,367.0,369.0,364.0,368.0,66000.0
2024-11-05,77270,370.0,375.0,369.0,373.0,0,0,86200.0,32009100.0,1.0,370.0,375.0,369.0,373.0,86200.0
2024-11-06,77270,372.0,377.0,371.0,374.0,0,0,48900.0,18290200.0,1.0,372.0,377.0,371.0,374.0,48900.0
2024-11-07,77270,377.0,385.0,377.0,381.0,0,0,82500.0,31483000.0,1.0,377.0,385.0,377.0,381.0,82500.0
2024-11-08,77270,381.0,382.0,374.0,376.0,0,0,75400.0,28522900.0,1.0,381.0,382.0,374.0,376.0,75400.0
2024-11-11,77270,378.0,382.0,374.0,379.0,0,0,54700.0,20664900.0,1.0,378.0,382.0,374.0,379.0,54700.0
2024-11-12,77270,383.0,391.0,380.0,384.0,0,0,164800.0,63473300.0,1.0,383.0,391.0,380.0,384.0,164800.0
2024-11-13,77270,383.0,387.0,378.0,381.0,0,0,92800.0,35384500.0,1.0,383.0,387.0,378.0,381.0,92800.0
2024-11-14,77270,378.0,382.0,377.0,378.0,0,0,79200.0,30059000.0,1.0,378.0,382.0,377.0,378.0,79200.0
2024-11-15,77270,365.0,365.0,356.0,358.0,0,0,309400.0,111320600.0,1.0,365.0,365.0,356.0,358.0,309400.0
2024-11-18,77270,359.0,366.0,354.0,364.0,0,0,97400.0,35269300.0,1.0,359.0,366.0,354.0,364.0,97400.0
2024-11-19,77270,366.0,370.0,364.0,365.0,0,0,80200.0,29362300.0,1.0,366.0,370.0,364.0,365.0,80200.0
2024-11-20,77270,365.0,372.0,365.0,369.0,0,0,69500.0,25565500.0,1.0,365.0,372.0,365.0,369.0,69500.0
2024-11-21,77270,370.0,373.0,366.0,367.0,0,0,91800.0,33872000.0,1.0,370.0,373.0,366.0,367.0,91800.0
2024-11-22,77270,371.0,374.0,370.0,373.0,0,0,46900.0,17442100.0,1.0,371.0,374.0,370.0,373.0,46900.0
2024-11-25,77270,375.0,377.0,370.0,372.0,0,0,71300.0,26633000.0,1.0,375.0,377.0,370.0,372.0,71300.0
2024-11-26,77270,372.0,372.0,365.0,365.0,0,0,56000.0,20578900.0,1.0,372.0,372.0,365.0,365.0,56000.0
2024-11-27,77270,366.0,367.0,363.0,363.0,0,0,54000.0,19667100.0,1.0,366.0,367.0,363.0,363.0,54000.0
2024-11-28,77270,365.0,374.0,365.0,370.0,0,0,102400.0,37946200.0,1.0,365.0,374.0,365.0,370.0,102400.0
2024-11-29,77270,372.0,372.0,367.0,369.0,0,0,74500.0,27512100.0,1.0,372.0,372.0,367.0,369.0,74500.0
2024-12-02,77270,370.0,372.0,365.0,366.0,0,0,138100.0,50762300.0,1.0,370.0,372.0,365.0,366.0,138100.0
2024-12-03,77270,367.0,370.0,365.0,367.0,0,0,86600.0,31831200.0,1.0,367.0,370.0,365.0,367.0,86600.0
2024-12-04,77270,366.0,367.0,363.0,363.0,0,0,58500.0,21342000.0,1.0,366.0,367.0,363.0,363.0,58500.0
2024-12-05,77270,365.0,367.0,364.0,364.0,0,0,38900.0,14220600.0,1.0,365.0,367.0,364.0,364.0,38900.0
2024-12-06,77270,367.0,368.0,364.0,365.0,0,0,70700.0,25886500.0,1.0,367.0,368.0,364.0,365.0,70700.0
2024-12-09,77270,365.0,368.0,365.0,368.0,0,0,50900.0,18662100.0,1.0,365.0,368.0,365.0,368.0,50900.0
2024-12-10,77270,367.0,371.0,367.0,367.0,0,0,59000.0,21746700.0,1.0,367.0,371.0,367.0,367.0,59000.0
2024-12-11,77270,367.0,367.0,362.0,363.0,0,0,62700.0,22805800.0,1.0,367.0,367.0,362.0,363.0,62700.0
2024-12-12,77270,366.0,366.0,360.0,360.0,0,0,49600.0,17956500.0,1.0,366.0,366.0,360.0,360.0,49600.0
2024-12-13,77270,359.0,359.0,356.0,357.0,0,0,65400.0,23396300.0,1.0,359.0,359.0,356.0,357.0,65400.0
2024-12-16,77270,356.0,357.0,352.0,352.0,0,0,121500.0,43028800.0,1.0,356.0,357.0,352.0,352.0,121500.0
2024-12-17,77270,352.0,353.0,349.0,351.0,0,0,69700.0,24447900.0,1.0,352.0,353.0,349.0,351.0,69700.0
2024-12-18,77270,351.0,354.0,349.0,350.0,0,0,67300.0,23654400.0,1.0,351.0,354.0,349.0,350.0,67300.0
2024-12-19,77270,347.0,353.0,345.0,351.0,0,0,146700.0,51235200.0,1.0,347.0,353.0,345.0,351.0,146700.0
2024-12-20,77270,353.0,358.0,350.0,352.0,0,0,171000.0,60396100.0,1.0,353.0,358.0,350.0,352.0,171000.0
2024-12-23,77270,357.0,357.0,353.0,356.0,0,0,187900.0,66964600.0,1.0,357.0,357.0,353.0,356.0,187900.0
2024-12-24,77270,357.0,358.0,355.0,356.0,0,0,79100.0,28195600.0,1.0,357.0,358.0,355.0,356.0,79100.0
2024-12-25,77270,359.0,362.0,359.0,359.0,0,0,102400.0,36868600.0,1.0,359.0,362.0,359.0,359.0,102400.0
2024-12-26,77270,359.0,365.0,359.0,362.0,0,0,74900.0,27162400.0,1.0,359.0,365.0,359.0,362.0,74900.0
2024-12-27,77270,364.0,371.0,364.0,369.0,0,0,105700.0,38934800.0,1.0,364.0,371.0,364.0,369.0,105700.0
2024-12-30,77270,370.0,376.0,370.0,372.0,0,0,87100.0,32508800.0,1.0,370.0,376.0,370.0,372.0,87100.0
2025-01-06,77270,374.0,374.0,370.0,370.0,0,0,58300.0,21710500.0,1.0,374.0,374.0,370.0,370.0,58300.0
2025-01-07,77270,374.0,375.0,370.0,372.0,0,0,44300.0,16520600.0,1.0,374.0,375.0,370.0,372.0,44300.0
2025-01-08,77270,371.0,373.0,368.0,369.0,0,0,61600.0,22799900.0,1.0,371.0,373.0,368.0,369.0,61600.0
2025-01-09,77270,377.0,384.0,369.0,369.0,0,0,150500.0,56526400.0,1.0,377.0,384.0,369.0,369.0,150500.0
2025-01-10,77270,371.0,373.0,370.0,372.0,0,0,35000.0,12998800.0,1.0,371.0,373.0,370.0,372.0,35000.0
2025-01-14,77270,370.0,370.0,363.0,364.0,0,0,86800.0,31724500.0,1.0,370.0,370.0,363.0,364.0,86800.0
2025-01-15,77270,367.0,368.0,363.0,367.0,0,0,66400.0,24280800.0,1.0,367.0,368.0,363.0,367.0,66400.0
2025-01-16,77270,368.0,368.0,357.0,359.0,0,0,135700.0,48908400.0,1.0,368.0,368.0,357.0,359.0,135700.0
2025-01-17,77270,356.0,360.0,354.0,357.0,0,0,73100.0,26013100.0,1.0,356.0,360.0,354.0,357.0,73100.0
2025-01-20,77270,360.0,364.0,359.0,364.0,0,0,64000.0,23111500.0,1.0,360.0,364.0,359.0,364.0,64000.0
2025-01-21,77270,365.0,365.0,361.0,363.0,0,0,45200.0,16374100.0,1.0,365.0,365.0,361.0,363.0,45200.0
2025-01-22,77270,365.0,372.0,365.0,372.0,0,0,101200.0,37311400.0,1.0,365.0,372.0,365.0,372.0,101200.0
2025-01-23,77270,372.0,375.0,370.0,371.0,0,0,52900.0,19687700.0,1.0,372.0,375.0,370.0,371.0,52900.0
2025-01-24,77270,372.0,375.0,370.0,372.0,0,0,60200.0,22399600.0,1.0,372.0,375.0,370.0,372.0,60200.0
2025-01-27,77270,374.0,379.0,373.0,375.0,0,0,95400.0,35823100.0,1.0,374.0,379.0,373.0,375.0,95400.0
2025-01-28,77270,371.0,374.0,369.0,371.0,0,0,51900.0,19268600.0,1.0,371.0,374.0,369.0,371.0,51900.0
2025-01-29,77270,373.0,377.0,373.0,376.0,0,0,48700.0,18280000.0,1.0,373.0,377.0,373.0,376.0,48700.0
2025-01-30,77270,373.0,373.0,361.0,361.0,0,0,465900.0,169316100.0,1.0,373.0,373.0,361.0,361.0,465900.0
2025-01-31,77270,364.0,364.0,359.0,362.0,0,0,158500.0,57296300.0,1.0,364.0,364.0,359.0,362.0,158500.0
2025-02-03,77270,361.0,361.0,359.0,361.0,0,0,63900.0,22998200.0,1.0,361.0,361.0,359.0,361.0,63900.0
2025-02-04,77270,362.0,363.0,358.0,362.0,0,0,59900.0,21636300.0,1.0,362.0,363.0,358.0,362.0,59900.0
2025-02-05,77270,362.0,366.0,362.0,365.0,0,0,62300.0,22694400.0,1.0,362.0,366.0,362.0,365.0,62300.0
2025-02-06,77270,366.0,376.0,366.0,373.0,0,0,144000.0,53537400.0,1.0,366.0,376.0,366.0,373.0,144000.0
2025-02-07,77270,371.0,373.0,369.0,370.0,0,0,69800.0,25881200.0,1.0,371.0,373.0,369.0,370.0,69800.0
2025-02-10,77270,371.0,378.0,371.0,371.0,0,0,133000.0,49654200.0,1.0,371.0,378.0,371.0,371.0,133000.0
2025-02-12,77270,374.0,380.0,374.0,376.0,0,0,108400.0,40899100.0,1.0,374.0,380.0,374.0,376.0,108400.0
2025-02-13,77270,379.0,382.0,378.0,382.0,0,0,104900.0,39933800.0,1.0,379.0,382.0,378.0,382.0,104900.0
2025-02-14,77270,379.0,380.0,373.0,373.0,0,0,130700.0,49259200.0,1.0,379.0,380.0,373.0,373.0,130700.0
2025-02-17,77270,410.0,433.0,410.0,431.0,0,0,828800.0,349284900.0,1.0,410.0,433.0,410.0,431.0,828800.0
2025-02-18,77270,428.0,433.0,425.0,428.0,0,0,193700.0,83091600.0,1.0,428.0,433.0,425.0,428.0,193700.0
2025-02-19,77270,428.0,443.0,428.0,442.0,0,0,208800.0,91391100.0,1.0,428.0,443.0,428.0,442.0,208800.0
2025-02-20,77270,443.0,448.0,431.0,436.0,0,0,234500.0,102755300.0,1.0,443.0,448.0,431.0,436.0,234500.0
2025-02-21,77270,431.0,435.0,425.0,431.0,0,0,142600.0,61137700.0,1.0,431.0,435.0,425.0,431.0,142600.0
2025-02-25,77270,430.0,432.0,421.0,422.0,0,0,74700.0,31746900.0,1.0,430.0,432.0,421.0,422.0,74700.0
2025-02-26,77270,421.0,426.0,416.0,421.0,0,0,80600.0,33925300.0,1.0,421.0,426.0,416.0,421.0,80600.0
2025-02-27,77270,421.0,427.0,421.0,423.0,0,0,53900.0,22831100.0,1.0,421.0,427.0,421.0,423.0,53900.0
2025-02-28,77270,423.0,427.0,419.0,420.0,0,0,55000.0,23168000.0,1.0,423.0,427.0,419.0,420.0,55000.0
2025-03-03,77270,434.0,435.0,428.0,433.0,0,0,98600.0,42626900.0,1.0,434.0,435.0,428.0,433.0,98600.0
2025-03-04,77270,432.0,436.0,427.0,431.0,0,0,99700.0,43014500.0,1.0,432.0,436.0,427.0,431.0,99700.0
2025-03-05,77270,430.0,434.0,427.0,428.0,0,0,59900.0,25702000.0,1.0,430.0,434.0,427.0,428.0,59900.0
2025-03-06,77270,430.0,432.0,423.0,430.0,0,0,62400.0,26704000.0,1.0,430.0,432.0,423.0,430.0,62400.0
2025-03-07,77270,429.0,429.0,419.0,424.0,0,0,93600.0,39624200.0,1.0,429.0,429.0,419.0,424.0,93600.0
2025-03-10,77270,424.0,428.0,422.0,425.0,0,0,49600.0,21101500.0,1.0,424.0,428.0,422.0,425.0,49600.0
2025-03-11,77270,422.0,427.0,411.0,427.0,0,0,158900.0,66078000.0,1.0,422.0,427.0,411.0,427.0,158900.0
2025-03-12,77270,424.0,426.0,422.0,426.0,0,0,31000.0,13147500.0,1.0,424.0,426.0,422.0,426.0,31000.0
2025-03-13,77270,428.0,430.0,424.0,426.0,0,0,59700.0,25527300.0,1.0,428.0,430.0,424.0,426.0,59700.0
2025-03-14,77270,427.0,434.0,426.0,434.0,0,0,99100.0,42687500.0,1.0,427.0,434.0,426.0,434.0,99100.0
2025-03-17,77270,437.0,440.0,431.0,440.0,0,0,64900.0,28277400.0,1.0,437.0,440.0,431.0,440.0,64900.0
2025-03-18,77270,441.0,445.0,436.0,442.0,0,0,80400.0,35424400.0,1.0,441.0,445.0,436.0,442.0,80400.0
2025-03-19,77270,442.0,442.0,437.0,438.0,0,0,44800.0,19676800.0,1.0,442.0,442.0,437.0,438.0,44800.0
2025-03-21,77270,433.0,449.0,433.0,445.0,0,0,133100.0,58704400.0,1.0,433.0,449.0,433.0,445.0,133100.0
2025-03-24,77270,446.0,446.0,436.0,436.0,0,0,59100.0,26054200.0,1.0,446.0,446.0,436.0,436.0,59100.0
2025-03-25,77270,436.0,440.0,433.0,439.0,0,0,73600.0,32112300.0,1.0,436.0,440.0,433.0,439.0,73600.0
2025-03-26,77270,440.0,440.0,434.0,436.0,0,0,43800.0,19067400.0,1.0,440.0,440.0,434.0,436.0,43800.0
2025-03-27,77270,434.0,440.0,431.0,439.0,0,0,70900.0,30915800.0,1.0,434.0,440.0,431.0,439.0,70900.0
2025-03-28,77270,430.0,433.0,423.0,425.0,0,0,72500.0,31023000.0,1.0,430.0,433.0,423.0,425.0,72500.0
2025-03-31,77270,420.0,420.0,412.0,413.0,0,0,127000.0,52652600.0,1.0,420.0,420.0,412.0,413.0,127000.0
2025-04-01,77270,413.0,415.0,408.0,408.0,0,0,114300.0,46860800.0,1.0,413.0,415.0,408.0,408.0,114300.0
2025-04-02,77270,406.0,407.0,402.0,404.0,0,0,56000.0,22671400.0,1.0,406.0,407.0,402.0,404.0,56000.0
2025-04-03,77270,392.0,400.0,390.0,396.0,0,0,144200.0,56785400.0,1.0,392.0,400.0,390.0,396.0,144200.0
2025-04-04,77270,384.0,386.0,364.0,372.0,0,0,266200.0,99989600.0,1.0,384.0,386.0,364.0,372.0,266200.0
2025-04-07,77270,348.0,350.0,331.0,334.0,0,0,273700.0,93442400.0,1.0,348.0,350.0,331.0,334.0,273700.0
2025-04-08,77270,352.0,368.0,352.0,363.0,0,0,144300.0,52208100.0,1.0,352.0,368.0,352.0,363.0,144300.0
2025-04-09,77270,361.0,362.0,332.0,339.0,0,0,563600.0,192183700.0,1.0,361.0,362.0,332.0,339.0,563600.0
2025-04-10,77270,375.0,387.0,358.0,372.0,0,0,706000.0,260948900.0,1.0,375.0,387.0,358.0,372.0,706000.0
2025-04-11,77270,359.0,369.0,350.0,369.0,0,0,121000.0,43364700.0,1.0,359.0,369.0,350.0,369.0,121000.0
2025-04-14,77270,373.0,374.0,366.0,366.0,0,0,108600.0,40230400.0,1.0,373.0,374.0,366.0,366.0,108600.0
2025-04-15,77270,368.0,372.0,361.0,369.0,0,0,71500.0,26141200.0,1.0,368.0,372.0,361.0,369.0,71500.0
2025-04-16,77270,371.0,379.0,364.0,371.0,0,0,251200.0,92997700.0,1.0,371.0,379.0,364.0,371.0,251200.0
2025-04-17,77270,371.0,374.0,366.0,372.0,0,0,55900.0,20716700.0,1.0,371.0,374.0,366.0,372.0,55900.0
2025-04-18,77270,374.0,385.0,373.0,382.0,0,0,63200.0,24016500.0,1.0,374.0,385.0,373.0,382.0,63200.0
2025-04-21,77270,382.0,385.0,379.0,381.0,0,0,38800.0,14803800.0,1.0,382.0,385.0,379.0,381.0,38800.0
2025-04-22,77270,376.0,381.0,375.0,378.0,0,0,41600.0,15664300.0,1.0,376.0,381.0,375.0,378.0,41600.0
2025-04-23,77270,379.0,383.0,377.0,380.0,0,0,42400.0,16101400.0,1.0,379.0,383.0,377.0,380.0,42400.0
2025-04-24,77270,381.0,383.0,378.0,380.0,0,0,37200.0,14136500.0,1.0,381.0,383.0,378.0,380.0,37200.0
2025-04-25,77270,382.0,384.0,378.0,384.0,0,0,57500.0,21937300.0,1.0,382.0,384.0,378.0,384.0,57500.0
2025-04-28,77270,392.0,455.0,392.0,401.0,0,0,2891600.0,1225865200.0,1.0,392.0,455.0,392.0,401.0,2891600.0
2025-04-30,77270,399.0,404.0,394.0,397.0,0,0,295500.0,117867200.0,1.0,399.0,404.0,394.0,397.0,295500.0
2025-05-01,77270,397.0,398.0,392.0,393.0,0,0,92300.0,36423800.0,1.0,397.0,398.0,392.0,393.0,92300.0
2025-05-02,77270,392.0,392.0,387.0,390.0,0,0,107600.0,41963000.0,1.0,392.0,392.0,387.0,390.0,107600.0
2025-05-07,77270,392.0,395.0,390.0,391.0,0,0,85800.0,33681800.0,1.0,392.0,395.0,390.0,391.0,85800.0
2025-05-08,77270,391.0,395.0,387.0,392.0,0,0,129700.0,50558600.0,1.0,391.0,395.0,387.0,392.0,129700.0
2025-05-09,77270,393.0,401.0,393.0,396.0,0,0,67000.0,26617600.0,1.0,393.0,401.0,393.0,396.0,67000.0
2025-05-12,77270,399.0,408.0,399.0,408.0,0,0,109800.0,44365300.0,1.0,399.0,408.0,399.0,408.0,109800.0
2025-05-13,77270,409.0,413.0,405.0,409.0,0,0,104900.0,42976400.0,1.0,409.0,413.0,405.0,409.0,104900.0
2025-05-14,77270,415.0,415.0,406.0,413.0,0,0,71400.0,29341200.0,1.0,415.0,415.0,406.0,413.0,71400.0
2025-05-15,77270,414.0,416.0,409.0,413.0,0,0,145000.0,59944600.0,1.0,414.0,416.0,409.0,413.0,145000.0
2025-05-16,77270,413.0,414.0,404.0,409.0,0,0,195900.0,80224400.0,1.0,413.0,414.0,404.0,409.0,195900.0
2025-05-19,77270,408.0,417.0,407.0,414.0,0,0,71000.0,29248900.0,1.0,408.0,417.0,407.0,414.0,71000.0
2025-05-20,77270,414.0,418.0,413.0,416.0,0,0,72900.0,30311200.0,1.0,414.0,418.0,413.0,416.0,72900.0
2025-05-21,77270,416.0,418.0,410.0,417.0,0,0,86100.0,35677700.0,1.0,416.0,418.0,410.0,417.0,86100.0
2025-05-22,77270,413.0,431.0,412.0,427.0,0,0,148100.0,62657400.0,1.0,413.0,431.0,412.0,427.0,148100.0
2025-05-23,77270,428.0,433.0,427.0,433.0,0,0,103400.0,44473100.0,1.0,428.0,433.0,427.0,433.0,103400.0
2025-05-26,77270,433.0,437.0,430.0,434.0,0,0,94300.0,40816200.0,1.0,433.0,437.0,430.0,434.0,94300.0
2025-05-27,77270,434.0,440.0,434.0,434.0,0,0,80900.0,35296200.0,1.0,434.0,440.0,434.0,434.0,80900.0
2025-05-28,77270,437.0,446.0,436.0,446.0,0,0,74800.0,32983500.0,1.0,437.0,446.0,436.0,446.0,74800.0
2025-05-29,77270,445.0,445.0,438.0,442.0,0,0,96000.0,42412300.0,1.0,445.0,445.0,438.0,442.0,96000.0
2025-05-30,77270,443.0,450.0,443.0,447.0,0,0,91300.0,40728900.0,1.0,443.0,450.0,443.0,447.0,91300.0
2025-06-02,77270,446.0,447.0,441.0,444.0,0,0,69900.0,31096100.0,1.0,446.0,447.0,441.0,444.0,69900.0
2025-06-03,77270,446.0,447.0,440.0,445.0,0,0,40400.0,17955600.0,1.0,446.0,447.0,440.0,445.0,40400.0
2025-06-04,77270,444.0,446.0,443.0,443.0,0,0,24600.0,10929100.0,1.0,444.0,446.0,443.0,443.0,24600.0
2025-06-05,77270,443.0,462.0,443.0,454.0,0,0,291800.0,132736300.0,1.0,443.0,462.0,443.0,454.0,291800.0
2025-06-06,77270,455.0,462.0,452.0,462.0,0,0,81300.0,37209800.0,1.0,455.0,462.0,452.0,462.0,81300.0
2025-06-09,77270,468.0,473.0,466.0,467.0,0,0,136500.0,63989900.0,1.0,468.0,473.0,466.0,467.0,136500.0
2025-06-10,77270,468.0,477.0,467.0,469.0,0,0,186200.0,87898200.0,1.0,468.0,477.0,467.0,469.0,186200.0
2025-06-11,77270,471.0,476.0,468.0,476.0,0,0,80000.0,37892700.0,1.0,471.0,476.0,468.0,476.0,80000.0
2025-06-12,77270,477.0,480.0,468.0,470.0,0,0,88900.0,41989000.0,1.0,477.0,480.0,468.0,470.0,88900.0
2025-06-13,77270,467.0,472.0,461.0,465.0,0,0,209900.0,97708200.0,1.0,467.0,472.0,461.0,465.0,209900.0
2025-06-16,77270,464.0,477.0,464.0,475.0,0,0,61700.0,29163500.0,1.0,464.0,477.0,464.0,475.0,61700.0
2025-06-17,77270,473.0,479.0,473.0,473.0,0,0,36000.0,17132000.0,1.0,473.0,479.0,473.0,473.0,36000.0
2025-06-18,77270,473.0,476.0,472.0,472.0,0,0,16400.0,7772400.0,1.0,473.0,476.0,472.0,472.0,16400.0
2025-06-19,77270,471.0,473.0,466.0,466.0,0,0,27700.0,12989800.0,1.0,471.0,473.0,466.0,466.0,27700.0
2025-06-20,77270,468.0,468.0,460.0,460.0,0,0,64800.0,29997500.0,1.0,468.0,468.0,460.0,460.0,64800.0
2025-06-23,77270,458.0,462.0,453.0,458.0,0,0,59900.0,27407300.0,1.0,458.0,462.0,453.0,458.0,59900.0
2025-06-24,77270,459.0,464.0,459.0,462.0,0,0,31000.0,14306600.0,1.0,459.0,464.0,459.0,462.0,31000.0
2025-06-25,77270,465.0,465.0,456.0,456.0,0,0,56900.0,26126200.0,1.0,465.0,465.0,456.0,456.0,56900.0
2025-06-26,77270,457.0,461.0,449.0,450.0,0,0,73100.0,33207100.0,1.0,457.0,461.0,449.0,450.0,73100.0
2025-06-27,77270,452.0,453.0,439.0,442.0,0,0,95200.0,42274400.0,1.0,452.0,453.0,439.0,442.0,95200.0
2025-06-30,77270,446.0,451.0,445.0,446.0,0,0,56700.0,25414600.0,1.0,446.0,451.0,445.0,446.0,56700.0
2025-07-01,77270,445.0,446.0,439.0,446.0,0,0,70200.0,31029400.0,1.0,445.0,446.0,439.0,446.0,70200.0
2025-07-02,77270,444.0,446.0,442.0,444.0,0,0,29200.0,12969200.0,1.0,444.0,446.0,442.0,444.0,29200.0
2025-07-03,77270,442.0,447.0,438.0,446.0,0,0,63200.0,27866100.0,1.0,442.0,447.0,438.0,446.0,63200.0
2025-07-04,77270,449.0,449.0,442.0,442.0,0,0,33900.0,15105700.0,1.0,449.0,449.0,442.0,442.0,33900.0
2025-07-07,77270,441.0,442.0,437.0,440.0,0,0,38100.0,16752700.0,1.0,441.0,442.0,437.0,440.0,38100.0
2025-07-08,77270,442.0,445.0,441.0,445.0,0,0,20300.0,8995300.0,1.0,442.0,445.0,441.0,445.0,20300.0
2025-07-09,77270,446.0,452.0,445.0,449.0,0,0,39600.0,17765600.0,1.0,446.0,452.0,445.0,449.0,39600.0
2025-07-10,77270,453.0,453.0,449.0,450.0,0,0,31800.0,14353100.0,1.0,453.0,453.0,449.0,450.0,31800.0
2025-07-11,77270,451.0,455.0,449.0,449.0,0,0,32800.0,14808400.0,1.0,451.0,455.0,449.0,449.0,32800.0
2025-07-14,77270,449.0,449.0,446.0,446.0,0,0,22800.0,10190900.0,1.0,449.0,449.0,446.0,446.0,22800.0
2025-07-15,77270,446.0,446.0,434.0,435.0,0,0,89100.0,39120000.0,1.0,446.0,446.0,434.0,435.0,89100.0
2025-07-16,77270,433.0,442.0,433.0,437.0,0,0,38400.0,16816000.0,1.0,433.0,442.0,433.0,437.0,38400.0
2025-07-17,77270,437.0,442.0,435.0,438.0,0,0,57900.0,25340400.0,1.0,437.0,442.0,435.0,438.0,57900.0
2025-07-18,77270,439.0,439.0,435.0,436.0,0,0,27200.0,11889300.0,1.0,439.0,439.0,435.0,436.0,27200.0
2025-07-22,77270,437.0,440.0,435.0,439.0,0,0,31100.0,13593200.0,1.0,437.0,440.0,435.0,439.0,31100.0
2025-07-23,77270,455.0,470.0,454.0,466.0,0,0,388000.0,180408200.0,1.0,455.0,470.0,454.0,466.0,388000.0
2025-07-24,77270,469.0,476.0,464.0,470.0,0,0,199800.0,94029100.0,1.0,469.0,476.0,464.0,470.0,199800.0
2025-07-25,77270,477.0,479.0,471.0,477.0,0,0,200900.0,95649000.0,1.0,477.0,479.0,471.0,477.0,200900.0
2025-07-28,77270,482.0,487.0,476.0,483.0,0,0,169900.0,81719600.0,1.0,482.0,487.0,476.0,483.0,169900.0
2025-07-29,77270,484.0,487.0,475.0,478.0,0,0,102500.0,49090700.0,1.0,484.0,487.0,475.0,478.0,102500.0
2025-07-30,77270,477.0,480.0,473.0,475.0,0,0,78100.0,37151000.0,1.0,477.0,480.0,473.0,475.0,78100.0
2025-07-31,77270,475.0,478.0,471.0,476.0,0,0,62700.0,29720500.0,1.0,475.0,478.0,471.0,476.0,62700.0
2025-08-01,77270,476.0,481.0,474.0,478.0,0,0,70000.0,33418000.0,1.0,476.0,481.0,474.0,478.0,70000.0
2025-08-04,77270,473.0,478.0,471.0,478.0,0,0,68200.0,32333200.0,1.0,473.0,478.0,471.0,478.0,68200.0
2025-08-05,77270,480.0,481.0,473.0,477.0,0,0,77800.0,37151200.0,1.0,480.0,481.0,473.0,477.0,77800.0
2025-08-06,77270,477.0,481.0,476.0,481.0,0,0,44900.0,21512300.0,1.0,477.0,481.0,476.0,481.0,44900.0
2025-08-07,77270,482.0,482.0,479.0,479.0,0,0,45800.0,22014600.0,1.0,482.0,482.0,479.0,479.0,45800.0
2025-08-08,77270,484.0,487.0,481.0,484.0,0,0,123400.0,59677800.0,1.0,484.0,487.0,481.0,484.0,123400.0
2025-08-12,77270,564.0,564.0,557.0,564.0,1,0,527000.0,297117100.0,1.0,564.0,564.0,557.0,564.0,527000.0
2025-08-13,77270,567.0,580.0,560.0,567.0,0,0,881800.0,501480400.0,1.0,567.0,580.0,560.0,567.0,881800.0
2025-08-14,77270,565.0,572.0,541.0,544.0,0,0,440100.0,244283100.0,1.0,565.0,572.0,541.0,544.0,440100.0
2025-08-15,77270,550.0,562.0,547.0,556.0,0,0,212700.0,117894700.0,1.0,550.0,562.0,547.0,556.0,212700.0
2025-08-18,77270,560.0,593.0,556.0,593.0,0,0,437500.0,252023500.0,1.0,560.0,593.0,556.0,593.0,437500.0
2025-08-19,77270,597.0,608.0,594.0,608.0,0,0,413600.0,248510600.0,1.0,597.0,608.0,594.0,608.0,413600.0
2025-08-20,77270,606.0,612.0,600.0,603.0,0,0,195500.0,118258200.0,1.0,606.0,612.0,600.0,603.0,195500.0
2025-08-21,77270,603.0,618.0,600.0,618.0,0,0,233700.0,143011400.0,1.0,603.0,618.0,600.0,618.0,233700.0
2025-08-22,77270,620.0,640.0,613.0,639.0,0,0,358400.0,225771700.0,1.0,620.0,640.0,613.0,639.0,358400.0
2025-08-25,77270,647.0,655.0,645.0,648.0,0,0,272600.0,177206000.0,1.0,647.0,655.0,645.0,648.0,272600.0
2025-08-26,77270,647.0,651.0,641.0,649.0,0,0,146400.0,94748400.0,1.0,647.0,651.0,641.0,649.0,146400.0
2025-08-27,77270,650.0,660.0,645.0,645.0,0,0,189800.0,123506000.0,1.0,650.0,660.0,645.0,645.0,189800.0
2025-08-28,77270,640.0,643.0,632.0,638.0,0,0,192200.0,122673600.0,1.0,640.0,643.0,632.0,638.0,192200.0
2025-08-29,77270,638.0,649.0,635.0,642.0,0,0,130400.0,83756600.0,1.0,638.0,649.0,635.0,642.0,130400.0
2025-09-01,77270,632.0,639.0,622.0,631.0,0,0,221600.0,139603200.0,1.0,632.0,639.0,622.0,631.0,221600.0
2025-09-02,77270,622.0,630.0,616.0,621.0,0,0,199400.0,123942800.0,1.0,622.0,630.0,616.0,621.0,199400.0
2025-09-03,77270,611.0,630.0,611.0,616.0,0,0,220300.0,136503600.0,1.0,611.0,630.0,611.0,616.0,220300.0
2025-09-04,77270,612.0,624.0,612.0,616.0,0,0,199600.0,123109900.0,1.0,612.0,624.0,612.0,616.0,199600.0
2025-09-05,77270,620.0,625.0,611.0,625.0,0,0,139700.0,86425800.0,1.0,620.0,625.0,611.0,625.0,139700.0
2025-09-08,77270,625.0,633.0,617.0,621.0,0,0,162800.0,101456500.0,1.0,625.0,633.0,617.0,621.0,162800.0
2025-09-09,77270,618.0,618.0,595.0,603.0,0,0,226900.0,137567100.0,1.0,618.0,618.0,595.0,603.0,226900.0
2025-09-10,77270,603.0,610.0,603.0,604.0,0,0,104400.0,63268100.0,1.0,603.0,610.0,603.0,604.0,104400.0
2025-09-11,77270,604.0,612.0,603.0,608.0,0,0,84000.0,51043500.0,1.0,604.0,612.0,603.0,608.0,84000.0
2025-09-12,77270,606.0,614.0,605.0,614.0,0,0,120100.0,73270900.0,1.0,606.0,614.0,605.0,614.0,120100.0
2025-09-16,77270,612.0,614.0,604.0,605.0,0,0,104000.0,63192900.0,1.0,612.0,614.0,604.0,605.0,104000.0
2025-09-17,77270,605.0,605.0,593.0,595.0,0,0,169100.0,101091700.0,1.0,605.0,605.0,593.0,595.0,169100.0
2025-09-18,77270,600.0,609.0,596.0,608.0,0,0,136100.0,82037900.0,1.0,600.0,609.0,596.0,608.0,136100.0
2025-09-19,77270,609.0,625.0,606.0,620.0,0,0,280500.0,173005000.0,1.0,609.0,625.0,606.0,620.0,280500.0
2025-09-22,77270,620.0,627.0,615.0,621.0,0,0,150700.0,93681800.0,1.0,620.0,627.0,615.0,621.0,150700.0
2025-09-24,77270,620.0,620.0,610.0,618.0,0,0,93100.0,57204600.0,1.0,620.0,620.0,610.0,618.0,93100.0
2025-09-25,77270,618.0,619.0,604.0,607.0,0,0,126500.0,76827000.0,1.0,618.0,619.0,604.0,607.0,126500.0
2025-09-26,77270,601.0,613.0,601.0,607.0,0,0,70300.0,42838300.0,1.0,601.0,613.0,601.0,607.0,70300.0
2025-09-29,77270,597.0,609.0,597.0,603.0,0,0,82100.0,49515800.0,1.0,597.0,609.0,597.0,603.0,82100.0
2025-09-30,77270,600.0,600.0,593.0,594.0,0,0,100900.0,60202100.0,1.0,600.0,600.0,593.0,594.0,100900.0
2025-10-01,77270,594.0,597.0,583.0,589.0,0,0,135500.0,79710400.0,1.0,594.0,597.0,583.0,589.0,135500.0
2025-10-02,77270,593.0,593.0,582.0,588.0,0,0,68400.0,40152800.0,1.0,593.0,593.0,582.0,588.0,68400.0
2025-10-03,77270,587.0,598.0,587.0,594.0,0,0,83500.0,49475700.0,1.0,587.0,598.0,587.0,594.0,83500.0
2025-10-06,77270,598.0,606.0,590.0,606.0,0,0,111400.0,66896800.0,1.0,598.0,606.0,590.0,606.0,111400.0
2025-10-07,77270,604.0,609.0,602.0,604.0,0,0,54600.0,33088800.0,1.0,604.0,609.0,602.0,604.0,54600.0
2025-10-08,77270,605.0,616.0,603.0,608.0,0,0,86300.0,52638100.0,1.0,605.0,616.0,603.0,608.0,86300.0
2025-10-09,77270,609.0,611.0,601.0,610.0,0,0,70600.0,42783400.0,1.0,609.0,611.0,601.0,610.0,70600.0
2025-10-10,77270,608.0,608.0,594.0,603.0,0,0,79400.0,47554200.0,1.0,608.0,608.0,594.0,603.0,79400.0
2025-10-14,77270,591.0,598.0,578.0,578.0,0,0,170900.0,100119900.0,1.0,591.0,598.0,578.0,578.0,170900.0
2025-10-15,77270,583.0,597.0,583.0,596.0,0,0,55800.0,32975700.0,1.0,583.0,597.0,583.0,596.0,55800.0
2025-10-16,77270,598.0,612.0,596.0,612.0,0,0,82200.0,49657200.0,1.0,598.0,612.0,596.0,612.0,82200.0
2025-10-17,77270,609.0,609.0,597.0,604.0,0,0,72900.0,43941500.0,1.0,609.0,609.0,597.0,604.0,72900.0
2025-10-20,77270,606.0,624.0,606.0,622.0,0,0,188600.0,116433700.0,1.0,606.0,624.0,606.0,622.0,188600.0
2025-10-21,77270,623.0,624.0,617.0,617.0,0,0,47000.0,29158600.0,1.0,623.0,624.0,617.0,617.0,47000.0
2025-10-22,77270,617.0,623.0,615.0,620.0,0,0,35300.0,21845300.0,1.0,617.0,623.0,615.0,620.0,35300.0
2025-10-23,77270,617.0,623.0,615.0,622.0,0,0,61100.0,37881800.0,1.0,617.0,623.0,615.0,622.0,61100.0
2025-10-24,77270,625.0,636.0,623.0,634.0,0,0,112500.0,70881000.0,1.0,625.0,636.0,623.0,634.0,112500.0
2025-10-27,77270,639.0,660.0,632.0,651.0,0,0,158300.0,102302900.0,1.0,639.0,660.0,632.0,651.0,158300.0
2025-10-28,77270,651.0,652.0,629.0,633.0,0,0,92400.0,59106900.0,1.0,651.0,652.0,629.0,633.0,92400.0
2025-10-29,77270,634.0,634.0,622.0,623.0,0,0,64400.0,40400600.0,1.0,634.0,634.0,622.0,623.0,64400.0
