Date,Code,Open,High,Low,Close,UpperLimit,LowerLimit,Volume,TurnoverValue,AdjustmentFactor,AdjustmentOpen,AdjustmentHigh,AdjustmentLow,AdjustmentClose,AdjustmentVolume
2020-10-29,84730,2475.0,2478.0,2392.0,2455.0,0,0,2911700.0,7101440500.0,1.0,2475.0,2478.0,2392.0,2455.0,2911700.0
2020-10-30,84730,2446.0,2446.0,2381.0,2393.0,0,0,2134400.0,5128798300.0,1.0,2446.0,2446.0,2381.0,2393.0,2134400.0
2020-11-02,84730,2386.0,2438.0,2386.0,2403.0,0,0,1390700.0,3352424100.0,1.0,2386.0,2438.0,2386.0,2403.0,1390700.0
2020-11-04,84730,2503.0,2518.0,2403.0,2472.0,0,0,1758200.0,4361922800.0,1.0,2503.0,2518.0,2403.0,2472.0,1758200.0
2020-11-05,84730,2511.0,2555.0,2495.0,2539.0,0,0,1677300.0,4249176700.0,1.0,2511.0,2555.0,2495.0,2539.0,1677300.0
2020-11-06,84730,2567.0,2603.0,2533.0,2596.0,0,0,1708600.0,4412130300.0,1.0,2567.0,2603.0,2533.0,2596.0,1708600.0
2020-11-09,84730,2658.0,2670.0,2627.0,2665.0,0,0,2363300.0,6278645900.0,1.0,2658.0,2670.0,2627.0,2665.0,2363300.0
2020-11-10,84730,2702.0,2727.0,2668.0,2700.0,0,0,2230200.0,6020661700.0,1.0,2702.0,2727.0,2668.0,2700.0,2230200.0
2020-11-11,84730,2750.0,2761.0,2701.0,2757.0,0,0,2299500.0,6300264700.0,1.0,2750.0,2761.0,2701.0,2757.0,2299500.0
2020-11-12,84730,2737.0,2737.0,2683.0,2717.0,0,0,1485000.0,4021651600.0,1.0,2737.0,2737.0,2683.0,2717.0,1485000.0
2020-11-13,84730,2680.0,2698.0,2639.0,2662.0,0,0,987200.0,2627219400.0,1.0,2680.0,2698.0,2639.0,2662.0,987200.0
2020-11-16,84730,2646.0,2694.0,2638.0,2683.0,0,0,1708400.0,4561570600.0,1.0,2646.0,2694.0,2638.0,2683.0,1708400.0
2020-11-17,84730,2639.0,2651.0,2575.0,2639.0,0,0,2420900.0,6340821500.0,1.0,2639.0,2651.0,2575.0,2639.0,2420900.0
2020-11-18,84730,2623.0,2624.0,2593.0,2615.0,0,0,1024000.0,2673138800.0,1.0,2623.0,2624.0,2593.0,2615.0,1024000.0
2020-11-19,84730,2605.0,2632.0,2589.0,2621.0,0,0,1833300.0,4784943600.0,1.0,2605.0,2632.0,2589.0,2621.0,1833300.0
2020-11-20,84730,2616.0,2643.0,2612.0,2643.0,0,0,1418800.0,3727791200.0,1.0,2616.0,2643.0,2612.0,2643.0,1418800.0
2020-11-24,84730,2760.0,2807.0,2746.0,2789.0,0,0,4311700.0,12018774400.0,1.0,2760.0,2807.0,2746.0,2789.0,4311700.0
2020-11-25,84730,2836.0,2928.0,2836.0,2885.0,0,0,3728800.0,10763995900.0,1.0,2836.0,2928.0,2836.0,2885.0,3728800.0
2020-11-26,84730,2845.0,2889.0,2814.0,2859.0,0,0,2150000.0,6147146000.0,1.0,2845.0,2889.0,2814.0,2859.0,2150000.0
2020-11-27,84730,2820.0,2871.0,2819.0,2861.0,0,0,1883100.0,5377613100.0,1.0,2820.0,2871.0,2819.0,2861.0,1883100.0
2020-11-30,84730,2864.0,2890.0,2830.0,2830.0,0,0,2851700.0,8122165600.0,1.0,2864.0,2890.0,2830.0,2830.0,2851700.0
2020-12-01,84730,2825.0,2908.0,2818.0,2908.0,0,0,1794500.0,5169685500.0,1.0,2825.0,2908.0,2818.0,2908.0,1794500.0
2020-12-02,84730,2926.0,3005.0,2923.0,2938.0,0,0,2641600.0,7809500600.0,1.0,2926.0,3005.0,2923.0,2938.0,2641600.0
2020-12-03,84730,2968.0,3030.0,2942.0,2948.0,0,0,1817400.0,5419235400.0,1.0,2968.0,3030.0,2942.0,2948.0,1817400.0
2020-12-04,84730,2946.0,2967.0,2918.0,2963.0,0,0,1133100.0,3341918000.0,1.0,2946.0,2967.0,2918.0,2963.0,1133100.0
2020-12-07,84730,2999.0,3000.0,2905.0,2912.0,0,0,1190900.0,3498361700.0,1.0,2999.0,3000.0,2905.0,2912.0,1190900.0
2020-12-08,84730,2878.0,2912.0,2868.0,2901.0,0,0,818700.0,2369251800.0,1.0,2878.0,2912.0,2868.0,2901.0,818700.0
2020-12-09,84730,2912.0,2932.0,2905.0,2925.0,0,0,752800.0,2198635800.0,1.0,2912.0,2932.0,2905.0,2925.0,752800.0
2020-12-10,84730,2900.0,2904.0,2852.0,2853.0,0,0,1167900.0,3350439500.0,1.0,2900.0,2904.0,2852.0,2853.0,1167900.0
2020-12-11,84730,2858.0,2868.0,2801.0,2822.0,0,0,1186100.0,3354515800.0,1.0,2858.0,2868.0,2801.0,2822.0,1186100.0
2020-12-14,84730,2808.0,2837.0,2780.0,2781.0,0,0,1137200.0,3184452000.0,1.0,2808.0,2837.0,2780.0,2781.0,1137200.0
2020-12-15,84730,2775.0,2793.0,2758.0,2770.0,0,0,906000.0,2513214400.0,1.0,2775.0,2793.0,2758.0,2770.0,906000.0
2020-12-16,84730,2820.0,2865.0,2812.0,2865.0,0,0,1365800.0,3894218900.0,1.0,2820.0,2865.0,2812.0,2865.0,1365800.0
2020-12-17,84730,2926.0,2978.0,2912.0,2971.0,0,0,2323600.0,6861598200.0,1.0,2926.0,2978.0,2912.0,2971.0,2323600.0
2020-12-18,84730,3000.0,3030.0,2978.0,2997.0,0,0,2244300.0,6731302600.0,1.0,3000.0,3030.0,2978.0,2997.0,2244300.0
2020-12-21,84730,2989.0,3010.0,2938.0,2965.0,0,0,1176400.0,3490876600.0,1.0,2989.0,3010.0,2938.0,2965.0,1176400.0
2020-12-22,84730,2925.0,2930.0,2821.0,2841.0,0,0,1790100.0,5137204900.0,1.0,2925.0,2930.0,2821.0,2841.0,1790100.0
2020-12-23,84730,2803.0,2821.0,2746.0,2790.0,0,0,2140700.0,5960359500.0,1.0,2803.0,2821.0,2746.0,2790.0,2140700.0
2020-12-24,84730,2647.0,2663.0,2440.0,2480.0,0,0,12222100.0,31030633800.0,1.0,2647.0,2663.0,2440.0,2480.0,12222100.0
2020-12-25,84730,2560.0,2573.0,2506.0,2526.0,0,0,4265300.0,10812578800.0,1.0,2560.0,2573.0,2506.0,2526.0,4265300.0
2020-12-28,84730,2511.0,2545.0,2440.0,2476.0,0,0,4166600.0,10314824000.0,1.0,2511.0,2545.0,2440.0,2476.0,4166600.0
2020-12-29,84730,2433.0,2451.0,2375.0,2444.0,0,0,5906700.0,14234610800.0,1.0,2433.0,2451.0,2375.0,2444.0,5906700.0
2020-12-30,84730,2460.0,2464.0,2383.0,2447.0,0,0,3190100.0,7735848000.0,1.0,2460.0,2464.0,2383.0,2447.0,3190100.0
2021-01-04,84730,2488.0,2518.0,2438.0,2505.0,0,0,2648100.0,6582088600.0,1.0,2488.0,2518.0,2438.0,2505.0,2648100.0
2021-01-05,84730,2499.0,2549.0,2478.0,2549.0,0,0,3017700.0,7606151800.0,1.0,2499.0,2549.0,2478.0,2549.0,3017700.0
2021-01-06,84730,2544.0,2648.0,2543.0,2635.0,0,0,4054500.0,10585310700.0,1.0,2544.0,2648.0,2543.0,2635.0,4054500.0
2021-01-07,84730,2685.0,2741.0,2679.0,2718.0,0,0,3262800.0,8853977200.0,1.0,2685.0,2741.0,2679.0,2718.0,3262800.0
2021-01-08,84730,2710.0,2748.0,2671.0,2708.0,0,0,2818700.0,7639824000.0,1.0,2710.0,2748.0,2671.0,2708.0,2818700.0
2021-01-12,84730,2691.0,2720.0,2664.0,2675.0,0,0,2655400.0,7139382700.0,1.0,2691.0,2720.0,2664.0,2675.0,2655400.0
2021-01-13,84730,2650.0,2710.0,2616.0,2706.0,0,0,2269200.0,6101801300.0,1.0,2650.0,2710.0,2616.0,2706.0,2269200.0
2021-01-14,84730,2697.0,2776.0,2685.0,2736.0,0,0,2383800.0,6549792800.0,1.0,2697.0,2776.0,2685.0,2736.0,2383800.0
2021-01-15,84730,2720.0,2747.0,2701.0,2721.0,0,0,1722300.0,4695166200.0,1.0,2720.0,2747.0,2701.0,2721.0,1722300.0
2021-01-18,84730,2678.0,2719.0,2658.0,2714.0,0,0,1197700.0,3230853700.0,1.0,2678.0,2719.0,2658.0,2714.0,1197700.0
2021-01-19,84730,2719.0,2750.0,2708.0,2735.0,0,0,1207300.0,3299180600.0,1.0,2719.0,2750.0,2708.0,2735.0,1207300.0
2021-01-20,84730,2735.0,2749.0,2708.0,2710.0,0,0,1273000.0,3468006200.0,1.0,2735.0,2749.0,2708.0,2710.0,1273000.0
2021-01-21,84730,2714.0,2737.0,2688.0,2697.0,0,0,1815800.0,4928711400.0,1.0,2714.0,2737.0,2688.0,2697.0,1815800.0
2021-01-22,84730,2656.0,2690.0,2635.0,2680.0,0,0,1902400.0,5078562400.0,1.0,2656.0,2690.0,2635.0,2680.0,1902400.0
2021-01-25,84730,2693.0,2703.0,2673.0,2700.0,0,0,976500.0,2626610300.0,1.0,2693.0,2703.0,2673.0,2700.0,976500.0
2021-01-26,84730,2700.0,2713.0,2670.0,2674.0,0,0,1151500.0,3095788300.0,1.0,2700.0,2713.0,2670.0,2674.0,1151500.0
2021-01-27,84730,2650.0,2692.0,2641.0,2653.0,0,0,1941100.0,5156620800.0,1.0,2650.0,2692.0,2641.0,2653.0,1941100.0
2021-01-28,84730,2555.0,2599.0,2540.0,2590.0,0,0,4712100.0,12144717000.0,1.0,2555.0,2599.0,2540.0,2590.0,4712100.0
2021-01-29,84730,2625.0,2660.0,2576.0,2608.0,0,0,3325000.0,8663021000.0,1.0,2625.0,2660.0,2576.0,2608.0,3325000.0
2021-02-01,84730,2619.0,2660.0,2611.0,2641.0,0,0,1752000.0,4622144600.0,1.0,2619.0,2660.0,2611.0,2641.0,1752000.0
2021-02-02,84730,2650.0,2654.0,2623.0,2634.0,0,0,1387600.0,3662465400.0,1.0,2650.0,2654.0,2623.0,2634.0,1387600.0
2021-02-03,84730,2648.0,2677.0,2642.0,2671.0,0,0,1456800.0,3881696300.0,1.0,2648.0,2677.0,2642.0,2671.0,1456800.0
2021-02-04,84730,2685.0,2846.0,2680.0,2807.0,0,0,4145300.0,11581797300.0,1.0,2685.0,2846.0,2680.0,2807.0,4145300.0
2021-02-05,84730,2844.0,2893.0,2826.0,2850.0,0,0,2268900.0,6477356900.0,1.0,2844.0,2893.0,2826.0,2850.0,2268900.0
2021-02-08,84730,2831.0,2894.0,2811.0,2890.0,0,0,1683800.0,4837744200.0,1.0,2831.0,2894.0,2811.0,2890.0,1683800.0
2021-02-09,84730,2920.0,2970.0,2861.0,2888.0,0,0,3221100.0,9382006000.0,1.0,2920.0,2970.0,2861.0,2888.0,3221100.0
2021-02-10,84730,2911.0,3055.0,2889.0,3050.0,0,0,3721700.0,11181774300.0,1.0,2911.0,3055.0,2889.0,3050.0,3721700.0
2021-02-12,84730,3060.0,3145.0,3030.0,3130.0,0,0,1865500.0,5779239500.0,1.0,3060.0,3145.0,3030.0,3130.0,1865500.0
2021-02-15,84730,3160.0,3215.0,3140.0,3215.0,0,0,1826700.0,5832422000.0,1.0,3160.0,3215.0,3140.0,3215.0,1826700.0
2021-02-16,84730,3250.0,3285.0,3190.0,3230.0,0,0,2082700.0,6747493000.0,1.0,3250.0,3285.0,3190.0,3230.0,2082700.0
2021-02-17,84730,3230.0,3250.0,3165.0,3195.0,0,0,1402900.0,4485659000.0,1.0,3230.0,3250.0,3165.0,3195.0,1402900.0
2021-02-18,84730,3210.0,3215.0,3100.0,3125.0,0,0,1303000.0,4093188500.0,1.0,3210.0,3215.0,3100.0,3125.0,1303000.0
2021-02-19,84730,3080.0,3130.0,3050.0,3070.0,0,0,1311700.0,4036692500.0,1.0,3080.0,3130.0,3050.0,3070.0,1311700.0
2021-02-22,84730,3130.0,3180.0,3105.0,3120.0,0,0,1079600.0,3384377000.0,1.0,3130.0,3180.0,3105.0,3120.0,1079600.0
2021-02-24,84730,3095.0,3130.0,3025.0,3045.0,0,0,1354500.0,4156118000.0,1.0,3095.0,3130.0,3025.0,3045.0,1354500.0
2021-02-25,84730,3115.0,3120.0,3070.0,3070.0,0,0,928000.0,2867493000.0,1.0,3115.0,3120.0,3070.0,3070.0,928000.0
2021-02-26,84730,3010.0,3030.0,2958.0,2958.0,0,0,2635400.0,7867823600.0,1.0,3010.0,3030.0,2958.0,2958.0,2635400.0
2021-03-01,84730,3010.0,3025.0,2953.0,2970.0,0,0,1566500.0,4667528200.0,1.0,3010.0,3025.0,2953.0,2970.0,1566500.0
2021-03-02,84730,3025.0,3045.0,2961.0,2989.0,0,0,1619900.0,4851359300.0,1.0,3025.0,3045.0,2961.0,2989.0,1619900.0
2021-03-03,84730,2950.0,2965.0,2915.0,2965.0,0,0,2041900.0,6010389300.0,1.0,2950.0,2965.0,2915.0,2965.0,2041900.0
2021-03-04,84730,2945.0,2978.0,2936.0,2967.0,0,0,2002500.0,5918348000.0,1.0,2945.0,2978.0,2936.0,2967.0,2002500.0
2021-03-05,84730,2959.0,2999.0,2935.0,2994.0,0,0,1732500.0,5149998800.0,1.0,2959.0,2999.0,2935.0,2994.0,1732500.0
2021-03-08,84730,3045.0,3065.0,2971.0,2991.0,0,0,1557200.0,4683125700.0,1.0,3045.0,3065.0,2971.0,2991.0,1557200.0
2021-03-09,84730,3030.0,3055.0,2999.0,3040.0,0,0,1649800.0,5004777800.0,1.0,3030.0,3055.0,2999.0,3040.0,1649800.0
2021-03-10,84730,3055.0,3070.0,3020.0,3070.0,0,0,1258900.0,3842564500.0,1.0,3055.0,3070.0,3020.0,3070.0,1258900.0
2021-03-11,84730,3090.0,3135.0,3070.0,3120.0,0,0,1291600.0,4012439500.0,1.0,3090.0,3135.0,3070.0,3120.0,1291600.0
2021-03-12,84730,3145.0,3235.0,3130.0,3230.0,0,0,2119900.0,6773086000.0,1.0,3145.0,3235.0,3130.0,3230.0,2119900.0
2021-03-15,84730,3235.0,3240.0,3175.0,3215.0,0,0,1305000.0,4188535500.0,1.0,3235.0,3240.0,3175.0,3215.0,1305000.0
2021-03-16,84730,3225.0,3235.0,3190.0,3200.0,0,0,1020200.0,3273134000.0,1.0,3225.0,3235.0,3190.0,3200.0,1020200.0
2021-03-17,84730,3195.0,3270.0,3195.0,3215.0,0,0,1297600.0,4193755000.0,1.0,3195.0,3270.0,3195.0,3215.0,1297600.0
2021-03-18,84730,3260.0,3335.0,3235.0,3335.0,0,0,1877100.0,6184211500.0,1.0,3260.0,3335.0,3235.0,3335.0,1877100.0
2021-03-19,84730,3290.0,3350.0,3270.0,3335.0,0,0,2079400.0,6904622000.0,1.0,3290.0,3350.0,3270.0,3335.0,2079400.0
2021-03-22,84730,3310.0,3330.0,3270.0,3290.0,0,0,1076000.0,3550121500.0,1.0,3310.0,3330.0,3270.0,3290.0,1076000.0
2021-03-23,84730,3285.0,3285.0,3125.0,3125.0,0,0,2653400.0,8429672500.0,1.0,3285.0,3285.0,3125.0,3125.0,2653400.0
2021-03-24,84730,3085.0,3130.0,3030.0,3035.0,0,0,1510300.0,4628944000.0,1.0,3085.0,3130.0,3030.0,3035.0,1510300.0
2021-03-25,84730,3060.0,3105.0,3050.0,3075.0,0,0,858400.0,2641028500.0,1.0,3060.0,3105.0,3050.0,3075.0,858400.0
2021-03-26,84730,3115.0,3175.0,3110.0,3150.0,0,0,1422200.0,4472540500.0,1.0,3115.0,3175.0,3110.0,3150.0,1422200.0
2021-03-29,84730,3200.0,3210.0,3015.0,3030.0,0,0,3033500.0,9380980000.0,1.0,3200.0,3210.0,3015.0,3030.0,3033500.0
2021-03-30,84730,3030.0,3080.0,2974.0,3035.0,0,0,1678400.0,5080209600.0,1.0,3030.0,3080.0,2974.0,3035.0,1678400.0
2021-03-31,84730,3060.0,3060.0,2987.0,3000.0,0,0,1281300.0,3858175800.0,1.0,3060.0,3060.0,2987.0,3000.0,1281300.0
2021-04-01,84730,3060.0,3080.0,2995.0,3005.0,0,0,898500.0,2719133200.0,1.0,3060.0,3080.0,2995.0,3005.0,898500.0
2021-04-02,84730,3045.0,3050.0,2972.0,2984.0,0,0,1025600.0,3068473300.0,1.0,3045.0,3050.0,2972.0,2984.0,1025600.0
2021-04-05,84730,2970.0,3040.0,2927.0,3000.0,0,0,2250100.0,6728084900.0,1.0,2970.0,3040.0,2927.0,3000.0,2250100.0
2021-04-06,84730,3060.0,3100.0,3035.0,3075.0,0,0,1942000.0,5963082000.0,1.0,3060.0,3100.0,3035.0,3075.0,1942000.0
2021-04-07,84730,3105.0,3170.0,3095.0,3120.0,0,0,1790900.0,5599450500.0,1.0,3105.0,3170.0,3095.0,3120.0,1790900.0
2021-04-08,84730,3100.0,3105.0,3035.0,3040.0,0,0,1144900.0,3495891000.0,1.0,3100.0,3105.0,3035.0,3040.0,1144900.0
2021-04-09,84730,3070.0,3095.0,3055.0,3055.0,0,0,756600.0,2322750500.0,1.0,3070.0,3095.0,3055.0,3055.0,756600.0
2021-04-12,84730,3100.0,3115.0,3060.0,3095.0,0,0,1070400.0,3311780500.0,1.0,3100.0,3115.0,3060.0,3095.0,1070400.0
2021-04-13,84730,3150.0,3185.0,3135.0,3170.0,0,0,1424700.0,4503999500.0,1.0,3150.0,3185.0,3135.0,3170.0,1424700.0
2021-04-14,84730,3200.0,3295.0,3160.0,3295.0,0,0,2857800.0,9274619000.0,1.0,3200.0,3295.0,3160.0,3295.0,2857800.0
2021-04-15,84730,3285.0,3325.0,3205.0,3225.0,0,0,1762000.0,5736253500.0,1.0,3285.0,3325.0,3205.0,3225.0,1762000.0
2021-04-16,84730,3200.0,3235.0,3185.0,3225.0,0,0,987200.0,3175218500.0,1.0,3200.0,3235.0,3185.0,3225.0,987200.0
2021-04-19,84730,3195.0,3195.0,3135.0,3150.0,0,0,1292400.0,4082741000.0,1.0,3195.0,3195.0,3135.0,3150.0,1292400.0
2021-04-20,84730,3135.0,3135.0,3055.0,3075.0,0,0,1532200.0,4721800000.0,1.0,3135.0,3135.0,3055.0,3075.0,1532200.0
2021-04-21,84730,3020.0,3065.0,2978.0,2989.0,0,0,1496000.0,4490556900.0,1.0,3020.0,3065.0,2978.0,2989.0,1496000.0
2021-04-22,84730,3040.0,3050.0,2987.0,3025.0,0,0,1107600.0,3340900800.0,1.0,3040.0,3050.0,2987.0,3025.0,1107600.0
2021-04-23,84730,3020.0,3045.0,2962.0,2976.0,0,0,1800800.0,5383688000.0,1.0,3020.0,3045.0,2962.0,2976.0,1800800.0
2021-04-26,84730,3000.0,3015.0,2956.0,2959.0,0,0,1511200.0,4492143200.0,1.0,3000.0,3015.0,2956.0,2959.0,1511200.0
2021-04-27,84730,2961.0,3020.0,2933.0,2989.0,0,0,1434400.0,4274077100.0,1.0,2961.0,3020.0,2933.0,2989.0,1434400.0
2021-04-28,84730,3005.0,3080.0,2989.0,3075.0,0,0,1922300.0,5867578400.0,1.0,3005.0,3080.0,2989.0,3075.0,1922300.0
2021-04-30,84730,3105.0,3160.0,3040.0,3090.0,0,0,2509000.0,7754791500.0,1.0,3105.0,3160.0,3040.0,3090.0,2509000.0
2021-05-06,84730,3090.0,3115.0,3000.0,3010.0,0,0,1883900.0,5739961500.0,1.0,3090.0,3115.0,3000.0,3010.0,1883900.0
2021-05-07,84730,2978.0,3015.0,2951.0,2995.0,0,0,1363600.0,4065597700.0,1.0,2978.0,3015.0,2951.0,2995.0,1363600.0
2021-05-10,84730,2994.0,3030.0,2982.0,3030.0,0,0,777800.0,2343220600.0,1.0,2994.0,3030.0,2982.0,3030.0,777800.0
2021-05-11,84730,3020.0,3020.0,2940.0,2947.0,0,0,1487400.0,4404541000.0,1.0,3020.0,3020.0,2940.0,2947.0,1487400.0
2021-05-12,84730,2966.0,2966.0,2810.0,2848.0,0,0,2485600.0,7106830600.0,1.0,2966.0,2966.0,2810.0,2848.0,2485600.0
2021-05-13,84730,2790.0,2826.0,2745.0,2763.0,0,0,2140900.0,5960064900.0,1.0,2790.0,2826.0,2745.0,2763.0,2140900.0
2021-05-14,84730,2819.0,2845.0,2808.0,2818.0,0,0,1434200.0,4051505300.0,1.0,2819.0,2845.0,2808.0,2818.0,1434200.0
2021-05-17,84730,2842.0,2847.0,2738.0,2740.0,0,0,1947400.0,5391279300.0,1.0,2842.0,2847.0,2738.0,2740.0,1947400.0
2021-05-18,84730,2767.0,2840.0,2764.0,2830.0,0,0,1513700.0,4263452300.0,1.0,2767.0,2840.0,2764.0,2830.0,1513700.0
2021-05-19,84730,2780.0,2823.0,2773.0,2791.0,0,0,1242800.0,3473768000.0,1.0,2780.0,2823.0,2773.0,2791.0,1242800.0
2021-05-20,84730,2765.0,2787.0,2741.0,2777.0,0,0,1561900.0,4327907300.0,1.0,2765.0,2787.0,2741.0,2777.0,1561900.0
2021-05-21,84730,2779.0,2800.0,2762.0,2777.0,0,0,1519200.0,4219875000.0,1.0,2779.0,2800.0,2762.0,2777.0,1519200.0
2021-05-24,84730,2727.0,2736.0,2630.0,2703.0,0,0,4684500.0,12551009400.0,1.0,2727.0,2736.0,2630.0,2703.0,4684500.0
2021-05-25,84730,2736.0,2787.0,2723.0,2774.0,0,0,1816600.0,5025298300.0,1.0,2736.0,2787.0,2723.0,2774.0,1816600.0
2021-05-26,84730,2767.0,2797.0,2756.0,2766.0,0,0,1244400.0,3451964200.0,1.0,2767.0,2797.0,2756.0,2766.0,1244400.0
2021-05-27,84730,2751.0,2755.0,2713.0,2725.0,0,0,1626600.0,4439741900.0,1.0,2751.0,2755.0,2713.0,2725.0,1626600.0
2021-05-28,84730,2765.0,2823.0,2762.0,2808.0,0,0,1451700.0,4061348200.0,1.0,2765.0,2823.0,2762.0,2808.0,1451700.0
2021-05-31,84730,2815.0,2820.0,2750.0,2763.0,0,0,1140800.0,3164959600.0,1.0,2815.0,2820.0,2750.0,2763.0,1140800.0
2021-06-01,84730,2748.0,2773.0,2727.0,2751.0,0,0,989000.0,2717000400.0,1.0,2748.0,2773.0,2727.0,2751.0,989000.0
2021-06-02,84730,2776.0,2786.0,2733.0,2768.0,0,0,1231300.0,3405534500.0,1.0,2776.0,2786.0,2733.0,2768.0,1231300.0
2021-06-03,84730,2797.0,2822.0,2780.0,2789.0,0,0,1182400.0,3310237600.0,1.0,2797.0,2822.0,2780.0,2789.0,1182400.0
2021-06-04,84730,2792.0,2807.0,2765.0,2774.0,0,0,976700.0,2713605400.0,1.0,2792.0,2807.0,2765.0,2774.0,976700.0
2021-06-07,84730,2788.0,2792.0,2768.0,2778.0,0,0,718200.0,1996391500.0,1.0,2788.0,2792.0,2768.0,2778.0,718200.0
2021-06-08,84730,2760.0,2778.0,2752.0,2770.0,0,0,892900.0,2469739500.0,1.0,2760.0,2778.0,2752.0,2770.0,892900.0
2021-06-09,84730,2744.0,2745.0,2680.0,2693.0,0,0,2127100.0,5735326300.0,1.0,2744.0,2745.0,2680.0,2693.0,2127100.0
2021-06-10,84730,2700.0,2728.0,2688.0,2710.0,0,0,1083400.0,2933394700.0,1.0,2700.0,2728.0,2688.0,2710.0,1083400.0
2021-06-11,84730,2687.0,2689.0,2638.0,2673.0,0,0,2247700.0,5990026400.0,1.0,2687.0,2689.0,2638.0,2673.0,2247700.0
2021-06-14,84730,2687.0,2694.0,2644.0,2684.0,0,0,1638100.0,4364847500.0,1.0,2687.0,2694.0,2644.0,2684.0,1638100.0
2021-06-15,84730,2692.0,2706.0,2672.0,2701.0,0,0,1181300.0,3176456600.0,1.0,2692.0,2706.0,2672.0,2701.0,1181300.0
2021-06-16,84730,2730.0,2731.0,2702.0,2715.0,0,0,1358400.0,3688756400.0,1.0,2730.0,2731.0,2702.0,2715.0,1358400.0
2021-06-17,84730,2734.0,2782.0,2725.0,2743.0,0,0,1999400.0,5494927700.0,1.0,2734.0,2782.0,2725.0,2743.0,1999400.0
2021-06-18,84730,2738.0,2738.0,2715.0,2720.0,0,0,1532700.0,4176185200.0,1.0,2738.0,2738.0,2715.0,2720.0,1532700.0
2021-06-21,84730,2663.0,2673.0,2628.0,2644.0,0,0,2997500.0,7928439100.0,1.0,2663.0,2673.0,2628.0,2644.0,2997500.0
2021-06-22,84730,2692.0,2692.0,2633.0,2658.0,0,0,2392200.0,6341587000.0,1.0,2692.0,2692.0,2633.0,2658.0,2392200.0
2021-06-23,84730,2651.0,2686.0,2650.0,2664.0,0,0,1097000.0,2922941700.0,1.0,2651.0,2686.0,2650.0,2664.0,1097000.0
2021-06-24,84730,2659.0,2660.0,2620.0,2633.0,0,0,1227500.0,3235354100.0,1.0,2659.0,2660.0,2620.0,2633.0,1227500.0
2021-06-25,84730,2655.0,2665.0,2641.0,2651.0,0,0,1011800.0,2684587400.0,1.0,2655.0,2665.0,2641.0,2651.0,1011800.0
2021-06-28,84730,2666.0,2688.0,2657.0,2665.0,0,0,998200.0,2664781400.0,1.0,2666.0,2688.0,2657.0,2665.0,998200.0
2021-06-29,84730,2650.0,2657.0,2615.0,2632.0,0,0,1318500.0,3469155100.0,1.0,2650.0,2657.0,2615.0,2632.0,1318500.0
2021-06-30,84730,2635.0,2646.0,2617.0,2628.0,0,0,867500.0,2279853700.0,1.0,2635.0,2646.0,2617.0,2628.0,867500.0
2021-07-01,84730,2634.0,2657.0,2615.0,2626.0,0,0,1622500.0,4268237600.0,1.0,2634.0,2657.0,2615.0,2626.0,1622500.0
2021-07-02,84730,2626.0,2647.0,2616.0,2643.0,0,0,962700.0,2538781300.0,1.0,2626.0,2647.0,2616.0,2643.0,962700.0
2021-07-05,84730,2640.0,2642.0,2618.0,2639.0,0,0,796200.0,2095777200.0,1.0,2640.0,2642.0,2618.0,2639.0,796200.0
2021-07-06,84730,2649.0,2669.0,2633.0,2666.0,0,0,844900.0,2244179300.0,1.0,2649.0,2669.0,2633.0,2666.0,844900.0
2021-07-07,84730,2622.0,2629.0,2594.0,2608.0,0,0,1859700.0,4843322700.0,1.0,2622.0,2629.0,2594.0,2608.0,1859700.0
2021-07-08,84730,2608.0,2625.0,2596.0,2596.0,0,0,1333500.0,3474571200.0,1.0,2608.0,2625.0,2596.0,2596.0,1333500.0
2021-07-09,84730,2547.0,2588.0,2530.0,2584.0,0,0,1793100.0,4587625500.0,1.0,2547.0,2588.0,2530.0,2584.0,1793100.0
2021-07-12,84730,2631.0,2642.0,2614.0,2630.0,0,0,1068600.0,2810521600.0,1.0,2631.0,2642.0,2614.0,2630.0,1068600.0
2021-07-13,84730,2635.0,2679.0,2631.0,2674.0,0,0,1145300.0,3052128000.0,1.0,2635.0,2679.0,2631.0,2674.0,1145300.0
2021-07-14,84730,2651.0,2686.0,2645.0,2667.0,0,0,795900.0,2125418300.0,1.0,2651.0,2686.0,2645.0,2667.0,795900.0
2021-07-15,84730,2678.0,2680.0,2622.0,2629.0,0,0,803900.0,2125871700.0,1.0,2678.0,2680.0,2622.0,2629.0,803900.0
2021-07-16,84730,2610.0,2642.0,2610.0,2623.0,0,0,613200.0,1611086400.0,1.0,2610.0,2642.0,2610.0,2623.0,613200.0
2021-07-19,84730,2602.0,2613.0,2569.0,2591.0,0,0,997500.0,2585342900.0,1.0,2602.0,2613.0,2569.0,2591.0,997500.0
2021-07-20,84730,2543.0,2576.0,2542.0,2558.0,0,0,1024100.0,2619133900.0,1.0,2543.0,2576.0,2542.0,2558.0,1024100.0
2021-07-21,84730,2608.0,2625.0,2550.0,2556.0,0,0,1083700.0,2789780600.0,1.0,2608.0,2625.0,2550.0,2556.0,1083700.0
2021-07-26,84730,2606.0,2638.0,2589.0,2596.0,0,0,1455200.0,3800363900.0,1.0,2606.0,2638.0,2589.0,2596.0,1455200.0
2021-07-27,84730,2612.0,2629.0,2598.0,2610.0,0,0,1306300.0,3410230600.0,1.0,2612.0,2629.0,2598.0,2610.0,1306300.0
2021-07-28,84730,2591.0,2605.0,2570.0,2574.0,0,0,1101200.0,2844597800.0,1.0,2591.0,2605.0,2570.0,2574.0,1101200.0
2021-07-29,84730,2586.0,2720.0,2572.0,2682.0,0,0,2852200.0,7573811400.0,1.0,2586.0,2720.0,2572.0,2682.0,2852200.0
2021-07-30,84730,2650.0,2658.0,2608.0,2614.0,0,0,2223400.0,5832105000.0,1.0,2650.0,2658.0,2608.0,2614.0,2223400.0
2021-08-02,84730,2624.0,2662.0,2609.0,2627.0,0,0,1441700.0,3806941400.0,1.0,2624.0,2662.0,2609.0,2627.0,1441700.0
2021-08-03,84730,2613.0,2623.0,2592.0,2613.0,0,0,1026100.0,2675757800.0,1.0,2613.0,2623.0,2592.0,2613.0,1026100.0
2021-08-04,84730,2619.0,2664.0,2606.0,2653.0,0,0,1527900.0,4035203600.0,1.0,2619.0,2664.0,2606.0,2653.0,1527900.0
2021-08-05,84730,2674.0,2716.0,2652.0,2715.0,0,0,2013600.0,5426383800.0,1.0,2674.0,2716.0,2652.0,2715.0,2013600.0
2021-08-06,84730,2727.0,2729.0,2700.0,2722.0,0,0,1221200.0,3318758300.0,1.0,2727.0,2729.0,2700.0,2722.0,1221200.0
2021-08-10,84730,2720.0,2746.0,2713.0,2728.0,0,0,910900.0,2484487600.0,1.0,2720.0,2746.0,2713.0,2728.0,910900.0
2021-08-11,84730,2758.0,2821.0,2756.0,2807.0,0,0,1707900.0,4776490000.0,1.0,2758.0,2821.0,2756.0,2807.0,1707900.0
2021-08-12,84730,2816.0,2828.0,2765.0,2791.0,0,0,1388500.0,3874143400.0,1.0,2816.0,2828.0,2765.0,2791.0,1388500.0
2021-08-13,84730,2773.0,2786.0,2727.0,2748.0,0,0,1093800.0,3006355800.0,1.0,2773.0,2786.0,2727.0,2748.0,1093800.0
2021-08-16,84730,2728.0,2731.0,2697.0,2708.0,0,0,844400.0,2285975700.0,1.0,2728.0,2731.0,2697.0,2708.0,844400.0
2021-08-17,84730,2709.0,2727.0,2703.0,2703.0,0,0,628600.0,1704675100.0,1.0,2709.0,2727.0,2703.0,2703.0,628600.0
2021-08-18,84730,2696.0,2719.0,2679.0,2714.0,0,0,754300.0,2037483400.0,1.0,2696.0,2719.0,2679.0,2714.0,754300.0
2021-08-19,84730,2700.0,2716.0,2638.0,2643.0,0,0,1154600.0,3081480800.0,1.0,2700.0,2716.0,2638.0,2643.0,1154600.0
2021-08-20,84730,2632.0,2642.0,2559.0,2571.0,0,0,2149000.0,5554034700.0,1.0,2632.0,2642.0,2559.0,2571.0,2149000.0
2021-08-23,84730,2600.0,2619.0,2571.0,2571.0,0,0,1240400.0,3211595200.0,1.0,2600.0,2619.0,2571.0,2571.0,1240400.0
2021-08-24,84730,2583.0,2625.0,2581.0,2605.0,0,0,1183500.0,3085700600.0,1.0,2583.0,2625.0,2581.0,2605.0,1183500.0
2021-08-25,84730,2620.0,2638.0,2599.0,2603.0,0,0,892800.0,2330297500.0,1.0,2620.0,2638.0,2599.0,2603.0,892800.0
2021-08-26,84730,2616.0,2636.0,2597.0,2608.0,0,0,929400.0,2426800100.0,1.0,2616.0,2636.0,2597.0,2608.0,929400.0
2021-08-27,84730,2590.0,2599.0,2578.0,2579.0,0,0,932900.0,2409873500.0,1.0,2590.0,2599.0,2578.0,2579.0,932900.0
2021-08-30,84730,2618.0,2628.0,2593.0,2624.0,0,0,1087200.0,2841422600.0,1.0,2618.0,2628.0,2593.0,2624.0,1087200.0
2021-08-31,84730,2625.0,2678.0,2622.0,2670.0,0,0,1758300.0,4668755700.0,1.0,2625.0,2678.0,2622.0,2670.0,1758300.0
2021-09-01,84730,2675.0,2730.0,2675.0,2725.0,0,0,1177100.0,3192847400.0,1.0,2675.0,2730.0,2675.0,2725.0,1177100.0
2021-09-02,84730,2721.0,2743.0,2701.0,2711.0,0,0,730300.0,1981666000.0,1.0,2721.0,2743.0,2701.0,2711.0,730300.0
2021-09-03,84730,2734.0,2758.0,2710.0,2742.0,0,0,1167500.0,3198522400.0,1.0,2734.0,2758.0,2710.0,2742.0,1167500.0
2021-09-06,84730,2787.0,2859.0,2777.0,2842.0,0,0,2343100.0,6630202000.0,1.0,2787.0,2859.0,2777.0,2842.0,2343100.0
2021-09-07,84730,2862.0,2878.0,2826.0,2843.0,0,0,1139300.0,3247250000.0,1.0,2862.0,2878.0,2826.0,2843.0,1139300.0
2021-09-08,84730,2840.0,2867.0,2829.0,2867.0,0,0,1221600.0,3484067400.0,1.0,2840.0,2867.0,2829.0,2867.0,1221600.0
2021-09-09,84730,2821.0,2838.0,2797.0,2806.0,0,0,1491200.0,4195025100.0,1.0,2821.0,2838.0,2797.0,2806.0,1491200.0
2021-09-10,84730,2886.0,3040.0,2858.0,3020.0,0,0,6262100.0,18591324300.0,1.0,2886.0,3040.0,2858.0,3020.0,6262100.0
2021-09-13,84730,2937.0,2953.0,2889.0,2932.0,0,0,3290500.0,9623474200.0,1.0,2937.0,2953.0,2889.0,2932.0,3290500.0
2021-09-14,84730,2958.0,2985.0,2950.0,2977.0,0,0,1626200.0,4833473700.0,1.0,2958.0,2985.0,2950.0,2977.0,1626200.0
2021-09-15,84730,2916.0,2926.0,2848.0,2850.0,0,0,2579700.0,7411412300.0,1.0,2916.0,2926.0,2848.0,2850.0,2579700.0
2021-09-16,84730,2841.0,2856.0,2793.0,2823.0,0,0,1683600.0,4745023200.0,1.0,2841.0,2856.0,2793.0,2823.0,1683600.0
2021-09-17,84730,2812.0,2858.0,2806.0,2833.0,0,0,1474400.0,4171892900.0,1.0,2812.0,2858.0,2806.0,2833.0,1474400.0
2021-09-21,84730,2740.0,2791.0,2736.0,2778.0,0,0,1426700.0,3951495000.0,1.0,2740.0,2791.0,2736.0,2778.0,1426700.0
2021-09-22,84730,2740.0,2754.0,2712.0,2715.0,0,0,1471700.0,4014195000.0,1.0,2740.0,2754.0,2712.0,2715.0,1471700.0
2021-09-24,84730,2751.0,2772.0,2730.0,2748.0,0,0,2126700.0,5834894700.0,1.0,2751.0,2772.0,2730.0,2748.0,2126700.0
2021-09-27,84730,2798.0,2847.0,2795.0,2815.0,0,0,1758300.0,4955928500.0,1.0,2798.0,2847.0,2795.0,2815.0,1758300.0
2021-09-28,84730,2807.0,2826.0,2780.0,2814.0,0,0,1095400.0,3074615600.0,1.0,2807.0,2826.0,2780.0,2814.0,1095400.0
2021-09-29,84730,2746.0,2773.0,2736.0,2770.0,0,0,1255800.0,3463669600.0,1.0,2746.0,2773.0,2736.0,2770.0,1255800.0
2021-09-30,84730,2780.0,2797.0,2754.0,2761.0,0,0,1142800.0,3166251500.0,1.0,2780.0,2797.0,2754.0,2761.0,1142800.0
2021-10-01,84730,2739.0,2758.0,2685.0,2714.0,0,0,1409900.0,3828556600.0,1.0,2739.0,2758.0,2685.0,2714.0,1409900.0
2021-10-04,84730,2748.0,2758.0,2696.0,2708.0,0,0,942600.0,2561412300.0,1.0,2748.0,2758.0,2696.0,2708.0,942600.0
2021-10-05,84730,2667.0,2699.0,2645.0,2689.0,0,0,1037800.0,2779261200.0,1.0,2667.0,2699.0,2645.0,2689.0,1037800.0
2021-10-06,84730,2721.0,2738.0,2651.0,2690.0,0,0,1241900.0,3351621500.0,1.0,2721.0,2738.0,2651.0,2690.0,1241900.0
2021-10-07,84730,2719.0,2738.0,2692.0,2719.0,0,0,1010000.0,2746378500.0,1.0,2719.0,2738.0,2692.0,2719.0,1010000.0
2021-10-08,84730,2743.0,2754.0,2718.0,2721.0,0,0,703400.0,1921479200.0,1.0,2743.0,2754.0,2718.0,2721.0,703400.0
2021-10-11,84730,2784.0,2806.0,2753.0,2800.0,0,0,1382300.0,3855617400.0,1.0,2784.0,2806.0,2753.0,2800.0,1382300.0
2021-10-12,84730,2890.0,2955.0,2850.0,2950.0,0,0,5011100.0,14587043800.0,1.0,2890.0,2955.0,2850.0,2950.0,5011100.0
2021-10-13,84730,2970.0,3010.0,2955.0,2964.0,0,0,2468500.0,7362239600.0,1.0,2970.0,3010.0,2955.0,2964.0,2468500.0
2021-10-14,84730,2951.0,2970.0,2913.0,2928.0,0,0,1148700.0,3367537700.0,1.0,2951.0,2970.0,2913.0,2928.0,1148700.0
2021-10-15,84730,2950.0,2999.0,2933.0,2996.0,0,0,1275500.0,3796762200.0,1.0,2950.0,2999.0,2933.0,2996.0,1275500.0
2021-10-18,84730,2997.0,3030.0,2973.0,3010.0,0,0,1165200.0,3502470800.0,1.0,2997.0,3030.0,2973.0,3010.0,1165200.0
2021-10-19,84730,3015.0,3030.0,2993.0,3000.0,0,0,824600.0,2480572200.0,1.0,3015.0,3030.0,2993.0,3000.0,824600.0
2021-10-20,84730,3020.0,3075.0,3000.0,3035.0,0,0,1158600.0,3524944500.0,1.0,3020.0,3075.0,3000.0,3035.0,1158600.0
2021-10-21,84730,3035.0,3065.0,3015.0,3015.0,0,0,851100.0,2585005000.0,1.0,3035.0,3065.0,3015.0,3015.0,851100.0
2021-10-22,84730,2998.0,3030.0,2976.0,2989.0,0,0,1058700.0,3170852800.0,1.0,2998.0,3030.0,2976.0,2989.0,1058700.0
2021-10-25,84730,2962.0,2982.0,2941.0,2955.0,0,0,931600.0,2755541200.0,1.0,2962.0,2982.0,2941.0,2955.0,931600.0
2021-10-26,84730,2955.0,2995.0,2943.0,2986.0,0,0,980000.0,2919344500.0,1.0,2955.0,2995.0,2943.0,2986.0,980000.0
2021-10-27,84730,2990.0,2991.0,2937.0,2950.0,0,0,1005500.0,2973757600.0,1.0,2990.0,2991.0,2937.0,2950.0,1005500.0
2021-10-28,84730,2910.0,2980.0,2882.0,2939.0,0,0,2056000.0,6001687400.0,1.0,2910.0,2980.0,2882.0,2939.0,2056000.0
2021-10-29,84730,2938.0,2950.0,2884.0,2942.0,0,0,1280000.0,3747677600.0,1.0,2938.0,2950.0,2884.0,2942.0,1280000.0
2021-11-01,84730,2979.0,3010.0,2963.0,2987.0,0,0,1399100.0,4177324400.0,1.0,2979.0,3010.0,2963.0,2987.0,1399100.0
2021-11-02,84730,2967.0,2985.0,2928.0,2929.0,0,0,895400.0,2640731100.0,1.0,2967.0,2985.0,2928.0,2929.0,895400.0
2021-11-04,84730,2948.0,2971.0,2927.0,2951.0,0,0,1197000.0,3526113500.0,1.0,2948.0,2971.0,2927.0,2951.0,1197000.0
2021-11-05,84730,2948.0,2949.0,2889.0,2898.0,0,0,961700.0,2791712900.0,1.0,2948.0,2949.0,2889.0,2898.0,961700.0
2021-11-08,84730,2927.0,2929.0,2880.0,2880.0,0,0,1026500.0,2975059600.0,1.0,2927.0,2929.0,2880.0,2880.0,1026500.0
2021-11-09,84730,2888.0,2899.0,2821.0,2821.0,0,0,1150600.0,3268873100.0,1.0,2888.0,2899.0,2821.0,2821.0,1150600.0
2021-11-10,84730,2799.0,2823.0,2771.0,2785.0,0,0,1311700.0,3667388100.0,1.0,2799.0,2823.0,2771.0,2785.0,1311700.0
2021-11-11,84730,2781.0,2820.0,2776.0,2799.0,0,0,682200.0,1911122500.0,1.0,2781.0,2820.0,2776.0,2799.0,682200.0
2021-11-12,84730,2810.0,2883.0,2810.0,2855.0,0,0,983200.0,2806964400.0,1.0,2810.0,2883.0,2810.0,2855.0,983200.0
2021-11-15,84730,2894.0,2910.0,2892.0,2897.0,0,0,912200.0,2646576800.0,1.0,2894.0,2910.0,2892.0,2897.0,912200.0
2021-11-16,84730,2890.0,2908.0,2872.0,2885.0,0,0,734400.0,2122470200.0,1.0,2890.0,2908.0,2872.0,2885.0,734400.0
2021-11-17,84730,2885.0,2906.0,2867.0,2888.0,0,0,742100.0,2141404700.0,1.0,2885.0,2906.0,2867.0,2888.0,742100.0
2021-11-18,84730,2890.0,2949.0,2887.0,2945.0,0,0,1039600.0,3045387400.0,1.0,2890.0,2949.0,2887.0,2945.0,1039600.0
2021-11-19,84730,2939.0,2939.0,2903.0,2935.0,0,0,789300.0,2309195300.0,1.0,2939.0,2939.0,2903.0,2935.0,789300.0
2021-11-22,84730,2915.0,2994.0,2904.0,2979.0,0,0,960200.0,2846765300.0,1.0,2915.0,2994.0,2904.0,2979.0,960200.0
2021-11-24,84730,3015.0,3090.0,3010.0,3040.0,0,0,1743000.0,5300718000.0,1.0,3015.0,3090.0,3010.0,3040.0,1743000.0
2021-11-25,84730,3105.0,3155.0,3070.0,3135.0,0,0,2279700.0,7119778000.0,1.0,3105.0,3155.0,3070.0,3135.0,2279700.0
2021-11-26,84730,3095.0,3095.0,2992.0,3015.0,0,0,1391000.0,4213930300.0,1.0,3095.0,3095.0,2992.0,3015.0,1391000.0
2021-11-29,84730,2945.0,3010.0,2941.0,2969.0,0,0,1336800.0,3971605600.0,1.0,2945.0,3010.0,2941.0,2969.0,1336800.0
2021-11-30,84730,2971.0,3020.0,2921.0,2924.0,0,0,1606300.0,4737299000.0,1.0,2971.0,3020.0,2921.0,2924.0,1606300.0
2021-12-01,84730,2912.0,2947.0,2880.0,2912.0,0,0,1317100.0,3839773700.0,1.0,2912.0,2947.0,2880.0,2912.0,1317100.0
2021-12-02,84730,2883.0,2910.0,2854.0,2895.0,0,0,1092400.0,3156427100.0,1.0,2883.0,2910.0,2854.0,2895.0,1092400.0
2021-12-03,84730,2904.0,2974.0,2904.0,2973.0,0,0,1170900.0,3463303800.0,1.0,2904.0,2974.0,2904.0,2973.0,1170900.0
2021-12-06,84730,2960.0,2977.0,2921.0,2954.0,0,0,839000.0,2471387200.0,1.0,2960.0,2977.0,2921.0,2954.0,839000.0
2021-12-07,84730,2925.0,3010.0,2925.0,3010.0,0,0,1151800.0,3444075200.0,1.0,2925.0,3010.0,2925.0,3010.0,1151800.0
2021-12-08,84730,3050.0,3070.0,3000.0,3010.0,0,0,652600.0,1972009000.0,1.0,3050.0,3070.0,3000.0,3010.0,652600.0
2021-12-09,84730,3010.0,3015.0,2984.0,2994.0,0,0,556400.0,1666885600.0,1.0,3010.0,3015.0,2984.0,2994.0,556400.0
2021-12-10,84730,3000.0,3040.0,2987.0,2998.0,0,0,794500.0,2388286600.0,1.0,3000.0,3040.0,2987.0,2998.0,794500.0
2021-12-13,84730,3050.0,3060.0,2986.0,2986.0,0,0,700900.0,2111799900.0,1.0,3050.0,3060.0,2986.0,2986.0,700900.0
2021-12-14,84730,2980.0,2995.0,2963.0,2981.0,0,0,1110700.0,3308990000.0,1.0,2980.0,2995.0,2963.0,2981.0,1110700.0
2021-12-15,84730,3035.0,3135.0,3025.0,3130.0,0,0,2203700.0,6846212000.0,1.0,3035.0,3135.0,3025.0,3130.0,2203700.0
2021-12-16,84730,3145.0,3145.0,3100.0,3120.0,0,0,887000.0,2771255500.0,1.0,3145.0,3145.0,3100.0,3120.0,887000.0
2021-12-17,84730,3140.0,3150.0,3100.0,3105.0,0,0,1611300.0,5026563500.0,1.0,3140.0,3150.0,3100.0,3105.0,1611300.0
2021-12-20,84730,3065.0,3065.0,2870.0,2897.0,0,0,3222800.0,9424768600.0,1.0,3065.0,3065.0,2870.0,2897.0,3222800.0
2021-12-21,84730,2963.0,3020.0,2931.0,3000.0,0,0,2017300.0,6017357000.0,1.0,2963.0,3020.0,2931.0,3000.0,2017300.0
2021-12-22,84730,3030.0,3080.0,3025.0,3055.0,0,0,1267100.0,3870612000.0,1.0,3030.0,3080.0,3025.0,3055.0,1267100.0
2021-12-23,84730,3030.0,3115.0,3025.0,3105.0,0,0,894800.0,2765504500.0,1.0,3030.0,3115.0,3025.0,3105.0,894800.0
2021-12-24,84730,3115.0,3125.0,3080.0,3100.0,0,0,507700.0,1574356000.0,1.0,3115.0,3125.0,3080.0,3100.0,507700.0
2021-12-27,84730,3110.0,3140.0,3105.0,3130.0,0,0,681400.0,2129373500.0,1.0,3110.0,3140.0,3105.0,3130.0,681400.0
2021-12-28,84730,3180.0,3225.0,3170.0,3215.0,0,0,1485200.0,4756036000.0,1.0,3180.0,3225.0,3170.0,3215.0,1485200.0
2021-12-29,84730,3185.0,3215.0,3125.0,3150.0,0,0,1133200.0,3575872500.0,1.0,3185.0,3215.0,3125.0,3150.0,1133200.0
2021-12-30,84730,3135.0,3150.0,3095.0,3135.0,0,0,552400.0,1728279000.0,1.0,3135.0,3150.0,3095.0,3135.0,552400.0
2022-01-04,84730,3185.0,3185.0,3140.0,3170.0,0,0,740000.0,2346945000.0,1.0,3185.0,3185.0,3140.0,3170.0,740000.0
2022-01-05,84730,3170.0,3205.0,3165.0,3185.0,0,0,783700.0,2498143500.0,1.0,3170.0,3205.0,3165.0,3185.0,783700.0
2022-01-06,84730,3185.0,3205.0,3090.0,3095.0,0,0,1188500.0,3712741000.0,1.0,3185.0,3205.0,3090.0,3095.0,1188500.0
2022-01-07,84730,3115.0,3150.0,3040.0,3080.0,0,0,992900.0,3065807000.0,1.0,3115.0,3150.0,3040.0,3080.0,992900.0
2022-01-11,84730,3085.0,3145.0,3060.0,3145.0,0,0,1119900.0,3485817500.0,1.0,3085.0,3145.0,3060.0,3145.0,1119900.0
2022-01-12,84730,3170.0,3210.0,3155.0,3175.0,0,0,1193100.0,3790582000.0,1.0,3170.0,3210.0,3155.0,3175.0,1193100.0
2022-01-13,84730,3200.0,3270.0,3185.0,3245.0,0,0,1265000.0,4095033500.0,1.0,3200.0,3270.0,3185.0,3245.0,1265000.0
2022-01-14,84730,3270.0,3270.0,3205.0,3235.0,0,0,1249000.0,4039924000.0,1.0,3270.0,3270.0,3205.0,3235.0,1249000.0
2022-01-17,84730,3240.0,3315.0,3240.0,3280.0,0,0,1603300.0,5264489000.0,1.0,3240.0,3315.0,3240.0,3280.0,1603300.0
2022-01-18,84730,3255.0,3295.0,3195.0,3225.0,0,0,1316900.0,4266372000.0,1.0,3255.0,3295.0,3195.0,3225.0,1316900.0
2022-01-19,84730,3150.0,3165.0,3095.0,3110.0,0,0,1646200.0,5138903000.0,1.0,3150.0,3165.0,3095.0,3110.0,1646200.0
2022-01-20,84730,3090.0,3135.0,3070.0,3115.0,0,0,1189300.0,3698143000.0,1.0,3090.0,3135.0,3070.0,3115.0,1189300.0
2022-01-21,84730,3060.0,3115.0,3015.0,3105.0,0,0,1388400.0,4258604000.0,1.0,3060.0,3115.0,3015.0,3105.0,1388400.0
2022-01-24,84730,3055.0,3075.0,3000.0,3040.0,0,0,1150400.0,3491937500.0,1.0,3055.0,3075.0,3000.0,3040.0,1150400.0
2022-01-25,84730,2991.0,2991.0,2912.0,2914.0,0,0,2765000.0,8119601300.0,1.0,2991.0,2991.0,2912.0,2914.0,2765000.0
2022-01-26,84730,2927.0,2947.0,2885.0,2934.0,0,0,1514300.0,4425102700.0,1.0,2927.0,2947.0,2885.0,2934.0,1514300.0
2022-01-27,84730,2961.0,2973.0,2785.0,2815.0,0,0,2683400.0,7633168600.0,1.0,2961.0,2973.0,2785.0,2815.0,2683400.0
2022-01-28,84730,2843.0,2855.0,2808.0,2830.0,0,0,1532200.0,4344044400.0,1.0,2843.0,2855.0,2808.0,2830.0,1532200.0
2022-01-31,84730,2830.0,2953.0,2823.0,2942.0,0,0,2143000.0,6260612500.0,1.0,2830.0,2953.0,2823.0,2942.0,2143000.0
2022-02-01,84730,3000.0,3015.0,2940.0,2956.0,0,0,1563900.0,4656884400.0,1.0,3000.0,3015.0,2940.0,2956.0,1563900.0
2022-02-02,84730,2971.0,3055.0,2971.0,3050.0,0,0,1306500.0,3967881200.0,1.0,2971.0,3055.0,2971.0,3050.0,1306500.0
2022-02-03,84730,2991.0,3050.0,2981.0,3030.0,0,0,888300.0,2686354300.0,1.0,2991.0,3050.0,2981.0,3030.0,888300.0
2022-02-04,84730,3000.0,3025.0,2977.0,3015.0,0,0,1098400.0,3301592400.0,1.0,3000.0,3025.0,2977.0,3015.0,1098400.0
2022-02-07,84730,3035.0,3070.0,3020.0,3040.0,0,0,1214700.0,3700742000.0,1.0,3035.0,3070.0,3020.0,3040.0,1214700.0
2022-02-08,84730,3025.0,3060.0,3020.0,3040.0,0,0,824500.0,2509478000.0,1.0,3025.0,3060.0,3020.0,3040.0,824500.0
2022-02-09,84730,3140.0,3165.0,3080.0,3120.0,0,0,1416500.0,4411969500.0,1.0,3140.0,3165.0,3080.0,3120.0,1416500.0
2022-02-10,84730,3140.0,3160.0,3110.0,3150.0,0,0,1308700.0,4109783000.0,1.0,3140.0,3160.0,3110.0,3150.0,1308700.0
2022-02-14,84730,3100.0,3115.0,3065.0,3100.0,0,0,1215400.0,3761643500.0,1.0,3100.0,3115.0,3065.0,3100.0,1215400.0
2022-02-15,84730,3120.0,3130.0,3080.0,3085.0,0,0,1280700.0,3976249500.0,1.0,3120.0,3130.0,3080.0,3085.0,1280700.0
2022-02-16,84730,3150.0,3150.0,3115.0,3125.0,0,0,968600.0,3032538500.0,1.0,3150.0,3150.0,3115.0,3125.0,968600.0
2022-02-17,84730,3090.0,3140.0,3085.0,3105.0,0,0,1058600.0,3295134000.0,1.0,3090.0,3140.0,3085.0,3105.0,1058600.0
2022-02-18,84730,3060.0,3085.0,3045.0,3075.0,0,0,1289600.0,3952206500.0,1.0,3060.0,3085.0,3045.0,3075.0,1289600.0
2022-02-21,84730,3025.0,3055.0,3010.0,3045.0,0,0,658900.0,2000624000.0,1.0,3025.0,3055.0,3010.0,3045.0,658900.0
2022-02-22,84730,3000.0,3060.0,2992.0,3045.0,0,0,976800.0,2960898800.0,1.0,3000.0,3060.0,2992.0,3045.0,976800.0
2022-02-24,84730,3045.0,3065.0,2983.0,3005.0,0,0,1812200.0,5474484700.0,1.0,3045.0,3065.0,2983.0,3005.0,1812200.0
2022-02-25,84730,3000.0,3005.0,2928.0,2984.0,0,0,2150400.0,6378994800.0,1.0,3000.0,3005.0,2928.0,2984.0,2150400.0
2022-02-28,84730,3005.0,3030.0,2966.0,3000.0,0,0,2046900.0,6134425600.0,1.0,3005.0,3030.0,2966.0,3000.0,2046900.0
2022-03-01,84730,3065.0,3080.0,3020.0,3050.0,0,0,1722700.0,5266281000.0,1.0,3065.0,3080.0,3020.0,3050.0,1722700.0
2022-03-02,84730,3000.0,3005.0,2943.0,2944.0,0,0,2389500.0,7083212100.0,1.0,3000.0,3005.0,2943.0,2944.0,2389500.0
2022-03-03,84730,2975.0,3010.0,2960.0,2990.0,0,0,1538200.0,4598958300.0,1.0,2975.0,3010.0,2960.0,2990.0,1538200.0
2022-03-04,84730,2986.0,2997.0,2902.0,2921.0,0,0,1746900.0,5114393600.0,1.0,2986.0,2997.0,2902.0,2921.0,1746900.0
2022-03-07,84730,2829.0,2869.0,2784.0,2853.0,0,0,2433900.0,6870849600.0,1.0,2829.0,2869.0,2784.0,2853.0,2433900.0
2022-03-08,84730,2813.0,2923.0,2808.0,2853.0,0,0,2461000.0,7079146600.0,1.0,2813.0,2923.0,2808.0,2853.0,2461000.0
2022-03-09,84730,2882.0,2906.0,2847.0,2856.0,0,0,1278400.0,3670657800.0,1.0,2882.0,2906.0,2847.0,2856.0,1278400.0
2022-03-10,84730,2942.0,2967.0,2924.0,2960.0,0,0,1639700.0,4841694300.0,1.0,2942.0,2967.0,2924.0,2960.0,1639700.0
2022-03-11,84730,2922.0,2971.0,2922.0,2963.0,0,0,1162700.0,3430581700.0,1.0,2922.0,2971.0,2922.0,2963.0,1162700.0
2022-03-14,84730,2972.0,3060.0,2972.0,3045.0,0,0,1737500.0,5268124100.0,1.0,2972.0,3060.0,2972.0,3045.0,1737500.0
2022-03-15,84730,3045.0,3100.0,3035.0,3085.0,0,0,1054800.0,3243872500.0,1.0,3045.0,3100.0,3035.0,3085.0,1054800.0
2022-03-16,84730,3120.0,3160.0,3110.0,3150.0,0,0,1514400.0,4757304000.0,1.0,3120.0,3160.0,3110.0,3150.0,1514400.0
2022-03-17,84730,3195.0,3200.0,3125.0,3125.0,0,0,1691200.0,5343826000.0,1.0,3195.0,3200.0,3125.0,3125.0,1691200.0
2022-03-18,84730,3095.0,3145.0,3085.0,3120.0,0,0,1697200.0,5284107500.0,1.0,3095.0,3145.0,3085.0,3120.0,1697200.0
2022-03-22,84730,3150.0,3240.0,3150.0,3240.0,0,0,2186300.0,7039120000.0,1.0,3150.0,3240.0,3150.0,3240.0,2186300.0
2022-03-23,84730,3280.0,3290.0,3250.0,3250.0,0,0,1751700.0,5719979500.0,1.0,3280.0,3290.0,3250.0,3250.0,1751700.0
2022-03-24,84730,3230.0,3325.0,3225.0,3320.0,0,0,1655500.0,5439097000.0,1.0,3230.0,3325.0,3225.0,3320.0,1655500.0
2022-03-25,84730,3310.0,3340.0,3275.0,3305.0,0,0,1596300.0,5285257500.0,1.0,3310.0,3340.0,3275.0,3305.0,1596300.0
2022-03-28,84730,3350.0,3355.0,3305.0,3315.0,0,0,1201100.0,3993556000.0,1.0,3350.0,3355.0,3305.0,3315.0,1201100.0
2022-03-29,84730,3330.0,3375.0,3325.0,3355.0,0,0,1869000.0,6268503500.0,1.0,3330.0,3375.0,3325.0,3355.0,1869000.0
2022-03-30,84730,3260.0,3295.0,3170.0,3200.0,0,0,2575200.0,8257113000.0,1.0,3260.0,3295.0,3170.0,3200.0,2575200.0
2022-03-31,84730,3150.0,3170.0,3095.0,3100.0,0,0,1877500.0,5855759500.0,1.0,3150.0,3170.0,3095.0,3100.0,1877500.0
2022-04-01,84730,3070.0,3105.0,3035.0,3090.0,0,0,1817000.0,5584809500.0,1.0,3070.0,3105.0,3035.0,3090.0,1817000.0
2022-04-04,84730,3090.0,3120.0,3070.0,3110.0,0,0,954700.0,2964872000.0,1.0,3090.0,3120.0,3070.0,3110.0,954700.0
2022-04-05,84730,3155.0,3160.0,3070.0,3070.0,0,0,1116300.0,3451309000.0,1.0,3155.0,3160.0,3070.0,3070.0,1116300.0
2022-04-06,84730,3040.0,3045.0,2994.0,3010.0,0,0,2031200.0,6124056000.0,1.0,3040.0,3045.0,2994.0,3010.0,2031200.0
2022-04-07,84730,2957.0,2976.0,2930.0,2962.0,0,0,1601400.0,4733463700.0,1.0,2957.0,2976.0,2930.0,2962.0,1601400.0
2022-04-08,84730,2983.0,3005.0,2954.0,2991.0,0,0,1350000.0,4019466200.0,1.0,2983.0,3005.0,2954.0,2991.0,1350000.0
2022-04-11,84730,3010.0,3020.0,2980.0,2988.0,0,0,861300.0,2578733900.0,1.0,3010.0,3020.0,2980.0,2988.0,861300.0
2022-04-12,84730,2950.0,2967.0,2907.0,2917.0,0,0,1974500.0,5779059500.0,1.0,2950.0,2967.0,2907.0,2917.0,1974500.0
2022-04-13,84730,2899.0,2912.0,2862.0,2901.0,0,0,2295400.0,6639451000.0,1.0,2899.0,2912.0,2862.0,2901.0,2295400.0
2022-04-14,84730,2917.0,2936.0,2909.0,2920.0,0,0,1099200.0,3211454000.0,1.0,2917.0,2936.0,2909.0,2920.0,1099200.0
2022-04-15,84730,2888.0,2940.0,2888.0,2938.0,0,0,1261700.0,3689363700.0,1.0,2888.0,2940.0,2888.0,2938.0,1261700.0
2022-04-18,84730,2921.0,2946.0,2894.0,2904.0,0,0,954000.0,2780217900.0,1.0,2921.0,2946.0,2894.0,2904.0,954000.0
2022-04-19,84730,2934.0,2942.0,2915.0,2926.0,0,0,1107800.0,3244526700.0,1.0,2934.0,2942.0,2915.0,2926.0,1107800.0
2022-04-20,84730,2949.0,2954.0,2888.0,2904.0,0,0,1633600.0,4760068600.0,1.0,2949.0,2954.0,2888.0,2904.0,1633600.0
2022-04-21,84730,2891.0,2924.0,2891.0,2915.0,0,0,903100.0,2630153500.0,1.0,2891.0,2924.0,2891.0,2915.0,903100.0
2022-04-22,84730,2883.0,2895.0,2851.0,2874.0,0,0,1537800.0,4411826600.0,1.0,2883.0,2895.0,2851.0,2874.0,1537800.0
2022-04-25,84730,2824.0,2860.0,2817.0,2833.0,0,0,1494000.0,4237040400.0,1.0,2824.0,2860.0,2817.0,2833.0,1494000.0
2022-04-26,84730,2854.0,2876.0,2835.0,2865.0,0,0,1584700.0,4530958100.0,1.0,2854.0,2876.0,2835.0,2865.0,1584700.0
2022-04-27,84730,2821.0,2855.0,2805.0,2850.0,0,0,2201800.0,6241423100.0,1.0,2821.0,2855.0,2805.0,2850.0,2201800.0
2022-04-28,84730,2869.0,2916.0,2847.0,2913.0,0,0,1302700.0,3767436000.0,1.0,2869.0,2916.0,2847.0,2913.0,1302700.0
2022-05-02,84730,2934.0,2939.0,2881.0,2907.0,0,0,1209700.0,3520632800.0,1.0,2934.0,2939.0,2881.0,2907.0,1209700.0
2022-05-06,84730,2913.0,2914.0,2872.0,2897.0,0,0,1705600.0,4941788500.0,1.0,2913.0,2914.0,2872.0,2897.0,1705600.0
2022-05-09,84730,2866.0,2899.0,2859.0,2891.0,0,0,1407100.0,4054787200.0,1.0,2866.0,2899.0,2859.0,2891.0,1407100.0
2022-05-10,84730,2844.0,2870.0,2807.0,2859.0,0,0,2605900.0,7406311600.0,1.0,2844.0,2870.0,2807.0,2859.0,2605900.0
2022-05-11,84730,2848.0,2869.0,2804.0,2862.0,0,0,1304000.0,3707548500.0,1.0,2848.0,2869.0,2804.0,2862.0,1304000.0
2022-05-12,84730,2822.0,2843.0,2786.0,2794.0,0,0,1910300.0,5365592600.0,1.0,2822.0,2843.0,2786.0,2794.0,1910300.0
2022-05-13,84730,2771.0,2827.0,2753.0,2787.0,0,0,2713800.0,7571266600.0,1.0,2771.0,2827.0,2753.0,2787.0,2713800.0
2022-05-16,84730,2819.0,2820.0,2673.0,2675.0,0,0,4161600.0,11311700700.0,1.0,2819.0,2820.0,2673.0,2675.0,4161600.0
2022-05-17,84730,2673.0,2678.0,2622.0,2652.0,0,0,3277200.0,8674228800.0,1.0,2673.0,2678.0,2622.0,2652.0,3277200.0
2022-05-18,84730,2638.0,2659.0,2612.0,2626.0,0,0,3737900.0,9826555800.0,1.0,2638.0,2659.0,2612.0,2626.0,3737900.0
2022-05-19,84730,2560.0,2573.0,2456.0,2466.0,0,0,7616200.0,19113491900.0,1.0,2560.0,2573.0,2456.0,2466.0,7616200.0
2022-05-20,84730,2481.0,2580.0,2441.0,2548.0,0,0,6717700.0,16899196400.0,1.0,2481.0,2580.0,2441.0,2548.0,6717700.0
2022-05-23,84730,2583.0,2652.0,2579.0,2638.0,0,0,4047900.0,10644639000.0,1.0,2583.0,2652.0,2579.0,2638.0,4047900.0
2022-05-24,84730,2683.0,2705.0,2633.0,2636.0,0,0,3255600.0,8673469300.0,1.0,2683.0,2705.0,2633.0,2636.0,3255600.0
2022-05-25,84730,2652.0,2654.0,2606.0,2626.0,0,0,2227900.0,5847995200.0,1.0,2652.0,2654.0,2606.0,2626.0,2227900.0
2022-05-26,84730,2624.0,2640.0,2593.0,2597.0,0,0,2283600.0,5972873400.0,1.0,2624.0,2640.0,2593.0,2597.0,2283600.0
2022-05-27,84730,2639.0,2649.0,2582.0,2589.0,0,0,4515300.0,11800303800.0,1.0,2639.0,2649.0,2582.0,2589.0,4515300.0
2022-05-30,84730,2650.0,2667.0,2586.0,2625.0,0,0,5052000.0,13282892000.0,1.0,2650.0,2667.0,2586.0,2625.0,5052000.0
2022-05-31,84730,2646.0,2690.0,2611.0,2617.0,0,0,5122600.0,13478695500.0,1.0,2646.0,2690.0,2611.0,2617.0,5122600.0
2022-06-01,84730,2612.0,2652.0,2610.0,2635.0,0,0,2200500.0,5797674300.0,1.0,2612.0,2652.0,2610.0,2635.0,2200500.0
2022-06-02,84730,2640.0,2658.0,2622.0,2640.0,0,0,1620800.0,4276210100.0,1.0,2640.0,2658.0,2622.0,2640.0,1620800.0
2022-06-03,84730,2649.0,2658.0,2625.0,2641.0,0,0,1454100.0,3836959100.0,1.0,2649.0,2658.0,2625.0,2641.0,1454100.0
2022-06-06,84730,2618.0,2647.0,2616.0,2643.0,0,0,1424600.0,3756617300.0,1.0,2618.0,2647.0,2616.0,2643.0,1424600.0
2022-06-07,84730,2642.0,2649.0,2596.0,2601.0,0,0,3623200.0,9486222400.0,1.0,2642.0,2649.0,2596.0,2601.0,3623200.0
2022-06-08,84730,2628.0,2714.0,2620.0,2707.0,0,0,4083800.0,10986863600.0,1.0,2628.0,2714.0,2620.0,2707.0,4083800.0
2022-06-09,84730,2695.0,2695.0,2640.0,2644.0,0,0,2821100.0,7484897900.0,1.0,2695.0,2695.0,2640.0,2644.0,2821100.0
2022-06-10,84730,2617.0,2642.0,2612.0,2633.0,0,0,1691800.0,4447419100.0,1.0,2617.0,2642.0,2612.0,2633.0,1691800.0
2022-06-13,84730,2584.0,2597.0,2562.0,2567.0,0,0,2292500.0,5908114200.0,1.0,2584.0,2597.0,2562.0,2567.0,2292500.0
2022-06-14,84730,2518.0,2566.0,2517.0,2552.0,0,0,2568300.0,6526047200.0,1.0,2518.0,2566.0,2517.0,2552.0,2568300.0
2022-06-15,84730,2574.0,2606.0,2560.0,2560.0,0,0,2141400.0,5519029800.0,1.0,2574.0,2606.0,2560.0,2560.0,2141400.0
2022-06-16,84730,2609.0,2639.0,2584.0,2590.0,0,0,1656600.0,4321036300.0,1.0,2609.0,2639.0,2584.0,2590.0,1656600.0
2022-06-17,84730,2544.0,2557.0,2525.0,2556.0,0,0,2363700.0,6019895000.0,1.0,2544.0,2557.0,2525.0,2556.0,2363700.0
2022-06-20,84730,2510.0,2520.0,2392.0,2415.0,0,0,5399300.0,13194592400.0,1.0,2510.0,2520.0,2392.0,2415.0,5399300.0
2022-06-21,84730,2460.0,2531.0,2445.0,2518.0,0,0,2396000.0,5989456800.0,1.0,2460.0,2531.0,2445.0,2518.0,2396000.0
2022-06-22,84730,2680.0,2692.0,2588.0,2588.0,0,0,5469400.0,14371565800.0,1.0,2680.0,2692.0,2588.0,2588.0,5469400.0
2022-06-23,84730,2588.0,2614.0,2582.0,2605.0,0,0,1985700.0,5161999400.0,1.0,2588.0,2614.0,2582.0,2605.0,1985700.0
2022-06-24,84730,2654.0,2687.0,2643.0,2677.0,0,0,3439600.0,9178293500.0,1.0,2654.0,2687.0,2643.0,2677.0,3439600.0
2022-06-27,84730,2720.0,2729.0,2666.0,2693.0,0,0,1817100.0,4885993500.0,1.0,2720.0,2729.0,2666.0,2693.0,1817100.0
2022-06-28,84730,2685.0,2710.0,2672.0,2708.0,0,0,1664800.0,4488731100.0,1.0,2685.0,2710.0,2672.0,2708.0,1664800.0
2022-06-29,84730,2694.0,2703.0,2683.0,2686.0,0,0,1765100.0,4745729700.0,1.0,2694.0,2703.0,2683.0,2686.0,1765100.0
2022-06-30,84730,2657.0,2669.0,2626.0,2655.0,0,0,2058700.0,5454425800.0,1.0,2657.0,2669.0,2626.0,2655.0,2058700.0
2022-07-01,84730,2642.0,2646.0,2574.0,2576.0,0,0,2461100.0,6393221200.0,1.0,2642.0,2646.0,2574.0,2576.0,2461100.0
2022-07-04,84730,2610.0,2642.0,2607.0,2638.0,0,0,1323000.0,3475326400.0,1.0,2610.0,2642.0,2607.0,2638.0,1323000.0
2022-07-05,84730,2660.0,2660.0,2634.0,2656.0,0,0,1263700.0,3349341100.0,1.0,2660.0,2660.0,2634.0,2656.0,1263700.0
2022-07-06,84730,2639.0,2652.0,2618.0,2632.0,0,0,1578600.0,4158853300.0,1.0,2639.0,2652.0,2618.0,2632.0,1578600.0
2022-07-07,84730,2652.0,2679.0,2636.0,2665.0,0,0,1747500.0,4650620900.0,1.0,2652.0,2679.0,2636.0,2665.0,1747500.0
2022-07-08,84730,2670.0,2720.0,2667.0,2693.0,0,0,1987500.0,5361570300.0,1.0,2670.0,2720.0,2667.0,2693.0,1987500.0
2022-07-11,84730,2729.0,2729.0,2699.0,2714.0,0,0,1634700.0,4433665000.0,1.0,2729.0,2729.0,2699.0,2714.0,1634700.0
2022-07-12,84730,2700.0,2702.0,2636.0,2646.0,0,0,1970000.0,5223828200.0,1.0,2700.0,2702.0,2636.0,2646.0,1970000.0
2022-07-13,84730,2671.0,2690.0,2653.0,2676.0,0,0,1971800.0,5268219200.0,1.0,2671.0,2690.0,2653.0,2676.0,1971800.0
2022-07-14,84730,2650.0,2665.0,2635.0,2663.0,0,0,1245800.0,3304451900.0,1.0,2650.0,2665.0,2635.0,2663.0,1245800.0
2022-07-15,84730,2661.0,2668.0,2638.0,2655.0,0,0,1138000.0,3020381900.0,1.0,2661.0,2668.0,2638.0,2655.0,1138000.0
2022-07-19,84730,2670.0,2672.0,2633.0,2650.0,0,0,1502200.0,3978258300.0,1.0,2670.0,2672.0,2633.0,2650.0,1502200.0
2022-07-20,84730,2690.0,2707.0,2680.0,2696.0,0,0,1890600.0,5092444500.0,1.0,2690.0,2707.0,2680.0,2696.0,1890600.0
2022-07-21,84730,2674.0,2694.0,2659.0,2694.0,0,0,1522300.0,4079048100.0,1.0,2674.0,2694.0,2659.0,2694.0,1522300.0
2022-07-22,84730,2680.0,2689.0,2671.0,2678.0,0,0,1330100.0,3564713000.0,1.0,2680.0,2689.0,2671.0,2678.0,1330100.0
2022-07-25,84730,2671.0,2682.0,2657.0,2663.0,0,0,1180900.0,3151133100.0,1.0,2671.0,2682.0,2657.0,2663.0,1180900.0
2022-07-26,84730,2653.0,2671.0,2645.0,2667.0,0,0,1296100.0,3447836200.0,1.0,2653.0,2671.0,2645.0,2667.0,1296100.0
2022-07-27,84730,2654.0,2680.0,2651.0,2676.0,0,0,1239300.0,3303687200.0,1.0,2654.0,2680.0,2651.0,2676.0,1239300.0
2022-07-28,84730,2684.0,2696.0,2660.0,2696.0,0,0,1702300.0,4566712100.0,1.0,2684.0,2696.0,2660.0,2696.0,1702300.0
2022-07-29,84730,2698.0,2701.0,2671.0,2686.0,0,0,2584400.0,6939886700.0,1.0,2698.0,2701.0,2671.0,2686.0,2584400.0
2022-08-01,84730,2690.0,2690.0,2646.0,2649.0,0,0,2403200.0,6389300100.0,1.0,2690.0,2690.0,2646.0,2649.0,2403200.0
2022-08-02,84730,2639.0,2640.0,2607.0,2629.0,0,0,1550700.0,4072656500.0,1.0,2639.0,2640.0,2607.0,2629.0,1550700.0
2022-08-03,84730,2620.0,2648.0,2616.0,2644.0,0,0,1290800.0,3397419700.0,1.0,2620.0,2648.0,2616.0,2644.0,1290800.0
2022-08-04,84730,2641.0,2645.0,2623.0,2640.0,0,0,1097300.0,2890782600.0,1.0,2641.0,2645.0,2623.0,2640.0,1097300.0
2022-08-05,84730,2649.0,2674.0,2649.0,2668.0,0,0,1271400.0,3388891700.0,1.0,2649.0,2674.0,2649.0,2668.0,1271400.0
2022-08-08,84730,2668.0,2674.0,2644.0,2666.0,0,0,1013700.0,2695546000.0,1.0,2668.0,2674.0,2644.0,2666.0,1013700.0
2022-08-09,84730,2678.0,2697.0,2667.0,2679.0,0,0,1348500.0,3614853400.0,1.0,2678.0,2697.0,2667.0,2679.0,1348500.0
2022-08-10,84730,2674.0,2678.0,2637.0,2648.0,0,0,1306000.0,3464426400.0,1.0,2674.0,2678.0,2637.0,2648.0,1306000.0
2022-08-12,84730,2651.0,2704.0,2650.0,2697.0,0,0,3115700.0,8377653200.0,1.0,2651.0,2704.0,2650.0,2697.0,3115700.0
2022-08-15,84730,2711.0,2749.0,2702.0,2735.0,0,0,3509500.0,9572272200.0,1.0,2711.0,2749.0,2702.0,2735.0,3509500.0
2022-08-16,84730,2650.0,2690.0,2614.0,2676.0,0,0,6342500.0,16818155500.0,1.0,2650.0,2690.0,2614.0,2676.0,6342500.0
2022-08-17,84730,2698.0,2788.0,2695.0,2784.0,0,0,4384900.0,12102757600.0,1.0,2698.0,2788.0,2695.0,2784.0,4384900.0
2022-08-18,84730,2790.0,2830.0,2741.0,2751.0,0,0,2259500.0,6266616400.0,1.0,2790.0,2830.0,2741.0,2751.0,2259500.0
2022-08-19,84730,2755.0,2762.0,2735.0,2758.0,0,0,1357000.0,3733763400.0,1.0,2755.0,2762.0,2735.0,2758.0,1357000.0
2022-08-22,84730,2735.0,2748.0,2717.0,2734.0,0,0,1279000.0,3494725500.0,1.0,2735.0,2748.0,2717.0,2734.0,1279000.0
2022-08-23,84730,2716.0,2763.0,2703.0,2761.0,0,0,1619900.0,4440189900.0,1.0,2716.0,2763.0,2703.0,2761.0,1619900.0
2022-08-24,84730,2795.0,2824.0,2791.0,2818.0,0,0,1971400.0,5545402000.0,1.0,2795.0,2824.0,2791.0,2818.0,1971400.0
2022-08-25,84730,2792.0,2795.0,2756.0,2785.0,0,0,1784900.0,4961316800.0,1.0,2792.0,2795.0,2756.0,2785.0,1784900.0
2022-08-26,84730,2807.0,2817.0,2790.0,2796.0,0,0,1020800.0,2862246000.0,1.0,2807.0,2817.0,2790.0,2796.0,1020800.0
2022-08-29,84730,2733.0,2749.0,2729.0,2729.0,0,0,1787000.0,4888079800.0,1.0,2733.0,2749.0,2729.0,2729.0,1787000.0
2022-08-30,84730,2749.0,2759.0,2733.0,2744.0,0,0,2835500.0,7779949000.0,1.0,2749.0,2759.0,2733.0,2744.0,2835500.0
2022-08-31,84730,2737.0,2765.0,2730.0,2746.0,0,0,1725800.0,4741915500.0,1.0,2737.0,2765.0,2730.0,2746.0,1725800.0
2022-09-01,84730,2719.0,2728.0,2693.0,2695.0,0,0,1763400.0,4777483500.0,1.0,2719.0,2728.0,2693.0,2695.0,1763400.0
2022-09-02,84730,2690.0,2696.0,2677.0,2692.0,0,0,1176100.0,3159793600.0,1.0,2690.0,2696.0,2677.0,2692.0,1176100.0
2022-09-05,84730,2674.0,2694.0,2662.0,2686.0,0,0,739800.0,1983011800.0,1.0,2674.0,2694.0,2662.0,2686.0,739800.0
2022-09-06,84730,2680.0,2697.0,2671.0,2684.0,0,0,621500.0,1666862500.0,1.0,2680.0,2697.0,2671.0,2684.0,621500.0
2022-09-07,84730,2672.0,2681.0,2637.0,2649.0,0,0,1248400.0,3310383200.0,1.0,2672.0,2681.0,2637.0,2649.0,1248400.0
2022-09-08,84730,2663.0,2674.0,2655.0,2671.0,0,0,1494200.0,3985747600.0,1.0,2663.0,2674.0,2655.0,2671.0,1494200.0
2022-09-09,84730,2662.0,2695.0,2662.0,2685.0,0,0,1482200.0,3972174500.0,1.0,2662.0,2695.0,2662.0,2685.0,1482200.0
2022-09-12,84730,2704.0,2728.0,2691.0,2727.0,0,0,1189700.0,3225073000.0,1.0,2704.0,2728.0,2691.0,2727.0,1189700.0
2022-09-13,84730,2730.0,2740.0,2710.0,2722.0,0,0,1062200.0,2892334000.0,1.0,2730.0,2740.0,2710.0,2722.0,1062200.0
2022-09-14,84730,2651.0,2681.0,2624.0,2678.0,0,0,2052900.0,5464359700.0,1.0,2651.0,2681.0,2624.0,2678.0,2052900.0
2022-09-15,84730,2669.0,2715.0,2663.0,2712.0,0,0,1150500.0,3102493700.0,1.0,2669.0,2715.0,2663.0,2712.0,1150500.0
2022-09-16,84730,2712.0,2730.0,2689.0,2699.0,0,0,2029800.0,5490124500.0,1.0,2712.0,2730.0,2689.0,2699.0,2029800.0
2022-09-20,84730,2713.0,2723.0,2684.0,2684.0,0,0,1352900.0,3650092500.0,1.0,2713.0,2723.0,2684.0,2684.0,1352900.0
2022-09-21,84730,2672.0,2682.0,2647.0,2650.0,0,0,1480600.0,3937095400.0,1.0,2672.0,2682.0,2647.0,2650.0,1480600.0
2022-09-22,84730,2625.0,2657.0,2623.0,2654.0,0,0,1422500.0,3754224500.0,1.0,2625.0,2657.0,2623.0,2654.0,1422500.0
2022-09-26,84730,2623.0,2639.0,2551.0,2557.0,0,0,2759900.0,7135042700.0,1.0,2623.0,2639.0,2551.0,2557.0,2759900.0
2022-09-27,84730,2575.0,2597.0,2558.0,2568.0,0,0,1818300.0,4682126500.0,1.0,2575.0,2597.0,2558.0,2568.0,1818300.0
2022-09-28,84730,2559.0,2576.0,2526.0,2560.0,0,0,2058000.0,5258482100.0,1.0,2559.0,2576.0,2526.0,2560.0,2058000.0
2022-09-29,84730,2560.0,2623.0,2557.0,2621.0,0,0,2074800.0,5390381000.0,1.0,2560.0,2623.0,2557.0,2621.0,2074800.0
2022-09-30,84730,2580.0,2619.0,2561.0,2596.0,0,0,2339700.0,6064996000.0,1.0,2580.0,2619.0,2561.0,2596.0,2339700.0
2022-10-03,84730,2581.0,2613.0,2561.0,2610.0,0,0,1345900.0,3493616300.0,1.0,2581.0,2613.0,2561.0,2610.0,1345900.0
2022-10-04,84730,2657.0,2706.0,2652.0,2703.0,0,0,2721800.0,7314468000.0,1.0,2657.0,2706.0,2652.0,2703.0,2721800.0
2022-10-05,84730,2703.0,2723.0,2670.0,2672.0,0,0,1561900.0,4197373400.0,1.0,2703.0,2723.0,2670.0,2672.0,1561900.0
2022-10-06,84730,2683.0,2705.0,2678.0,2688.0,0,0,1068300.0,2876117400.0,1.0,2683.0,2705.0,2678.0,2688.0,1068300.0
2022-10-07,84730,2644.0,2674.0,2632.0,2651.0,0,0,1467800.0,3891484000.0,1.0,2644.0,2674.0,2632.0,2651.0,1467800.0
2022-10-11,84730,2673.0,2681.0,2628.0,2628.0,0,0,1575100.0,4177147000.0,1.0,2673.0,2681.0,2628.0,2628.0,1575100.0
2022-10-12,84730,2600.0,2620.0,2591.0,2596.0,0,0,1568400.0,4083314600.0,1.0,2600.0,2620.0,2591.0,2596.0,1568400.0
2022-10-13,84730,2572.0,2594.0,2563.0,2573.0,0,0,1179900.0,3039719900.0,1.0,2572.0,2594.0,2563.0,2573.0,1179900.0
2022-10-14,84730,2627.0,2658.0,2612.0,2642.0,0,0,1663300.0,4390014300.0,1.0,2627.0,2658.0,2612.0,2642.0,1663300.0
2022-10-17,84730,2622.0,2637.0,2609.0,2612.0,0,0,983100.0,2572432000.0,1.0,2622.0,2637.0,2609.0,2612.0,983100.0
2022-10-18,84730,2632.0,2648.0,2619.0,2647.0,0,0,997600.0,2631289900.0,1.0,2632.0,2648.0,2619.0,2647.0,997600.0
2022-10-19,84730,2646.0,2669.0,2643.0,2652.0,0,0,1029100.0,2731484000.0,1.0,2646.0,2669.0,2643.0,2652.0,1029100.0
2022-10-20,84730,2629.0,2652.0,2610.0,2618.0,0,0,1675100.0,4397962200.0,1.0,2629.0,2652.0,2610.0,2618.0,1675100.0
2022-10-21,84730,2602.0,2619.0,2602.0,2607.0,0,0,913500.0,2383268300.0,1.0,2602.0,2619.0,2602.0,2607.0,913500.0
2022-10-24,84730,2628.0,2641.0,2615.0,2617.0,0,0,1047000.0,2748493300.0,1.0,2628.0,2641.0,2615.0,2617.0,1047000.0
2022-10-25,84730,2641.0,2659.0,2635.0,2642.0,0,0,1011500.0,2676157400.0,1.0,2641.0,2659.0,2635.0,2642.0,1011500.0
2022-10-26,84730,2651.0,2677.0,2648.0,2668.0,0,0,1062000.0,2831482500.0,1.0,2651.0,2677.0,2648.0,2668.0,1062000.0
2022-10-27,84730,2678.0,2678.0,2644.0,2661.0,0,0,859800.0,2284994800.0,1.0,2678.0,2678.0,2644.0,2661.0,859800.0
2022-10-28,84730,2644.0,2671.0,2641.0,2645.0,0,0,1978100.0,5242103300.0,1.0,2644.0,2671.0,2641.0,2645.0,1978100.0
2022-10-31,84730,2673.0,2688.0,2662.0,2688.0,0,0,1263600.0,3384370600.0,1.0,2673.0,2688.0,2662.0,2688.0,1263600.0
2022-11-01,84730,2695.0,2696.0,2664.0,2670.0,0,0,1034000.0,2765492500.0,1.0,2695.0,2696.0,2664.0,2670.0,1034000.0
2022-11-02,84730,2666.0,2689.0,2662.0,2675.0,0,0,950800.0,2543723500.0,1.0,2666.0,2689.0,2662.0,2675.0,950800.0
2022-11-04,84730,2635.0,2656.0,2623.0,2645.0,0,0,1389500.0,3665584100.0,1.0,2635.0,2656.0,2623.0,2645.0,1389500.0
2022-11-07,84730,2676.0,2692.0,2661.0,2679.0,0,0,1029400.0,2758760700.0,1.0,2676.0,2692.0,2661.0,2679.0,1029400.0
2022-11-08,84730,2695.0,2705.0,2673.0,2690.0,0,0,1245400.0,3353438200.0,1.0,2695.0,2705.0,2673.0,2690.0,1245400.0
2022-11-09,84730,2692.0,2700.0,2675.0,2686.0,0,0,1013300.0,2722100900.0,1.0,2692.0,2700.0,2675.0,2686.0,1013300.0
2022-11-10,84730,2655.0,2655.0,2627.0,2648.0,0,0,1942600.0,5132181000.0,1.0,2655.0,2655.0,2627.0,2648.0,1942600.0
2022-11-11,84730,2702.0,2704.0,2675.0,2685.0,0,0,1754300.0,4717875100.0,1.0,2702.0,2704.0,2675.0,2685.0,1754300.0
2022-11-14,84730,2670.0,2678.0,2645.0,2645.0,0,0,1570500.0,4175716600.0,1.0,2670.0,2678.0,2645.0,2645.0,1570500.0
2022-11-15,84730,2579.0,2628.0,2534.0,2623.0,0,0,4111700.0,10653577300.0,1.0,2579.0,2628.0,2534.0,2623.0,4111700.0
2022-11-16,84730,2643.0,2643.0,2594.0,2608.0,0,0,1646600.0,4303303300.0,1.0,2643.0,2643.0,2594.0,2608.0,1646600.0
2022-11-17,84730,2593.0,2620.0,2592.0,2619.0,0,0,1307900.0,3411192800.0,1.0,2593.0,2620.0,2592.0,2619.0,1307900.0
2022-11-18,84730,2606.0,2625.0,2575.0,2575.0,0,0,2400600.0,6225172400.0,1.0,2606.0,2625.0,2575.0,2575.0,2400600.0
2022-11-21,84730,2600.0,2621.0,2594.0,2619.0,0,0,1569900.0,4100314200.0,1.0,2600.0,2621.0,2594.0,2619.0,1569900.0
2022-11-22,84730,2619.0,2635.0,2610.0,2624.0,0,0,1478700.0,3881339700.0,1.0,2619.0,2635.0,2610.0,2624.0,1478700.0
2022-11-24,84730,2646.0,2653.0,2632.0,2642.0,0,0,1956000.0,5169108900.0,1.0,2646.0,2653.0,2632.0,2642.0,1956000.0
2022-11-25,84730,2656.0,2663.0,2640.0,2658.0,0,0,1248400.0,3312590700.0,1.0,2656.0,2663.0,2640.0,2658.0,1248400.0
2022-11-28,84730,2670.0,2675.0,2640.0,2652.0,0,0,1612900.0,4280379500.0,1.0,2670.0,2675.0,2640.0,2652.0,1612900.0
2022-11-29,84730,2632.0,2646.0,2617.0,2633.0,0,0,1377000.0,3622089800.0,1.0,2632.0,2646.0,2617.0,2633.0,1377000.0
2022-11-30,84730,2612.0,2624.0,2602.0,2618.0,0,0,3109500.0,8128121500.0,1.0,2612.0,2624.0,2602.0,2618.0,3109500.0
2022-12-01,84730,2628.0,2636.0,2617.0,2618.0,0,0,1386400.0,3637676400.0,1.0,2628.0,2636.0,2617.0,2618.0,1386400.0
2022-12-02,84730,2628.0,2629.0,2603.0,2613.0,0,0,1828300.0,4779974500.0,1.0,2628.0,2629.0,2603.0,2613.0,1828300.0
2022-12-05,84730,2608.0,2610.0,2576.0,2591.0,0,0,1904700.0,4930947000.0,1.0,2608.0,2610.0,2576.0,2591.0,1904700.0
2022-12-06,84730,2590.0,2598.0,2569.0,2575.0,0,0,1619500.0,4177749000.0,1.0,2590.0,2598.0,2569.0,2575.0,1619500.0
2022-12-07,84730,2569.0,2586.0,2566.0,2575.0,0,0,1341800.0,3454297000.0,1.0,2569.0,2586.0,2566.0,2575.0,1341800.0
2022-12-08,84730,2556.0,2559.0,2534.0,2544.0,0,0,2449800.0,6230831800.0,1.0,2556.0,2559.0,2534.0,2544.0,2449800.0
2022-12-09,84730,2530.0,2572.0,2529.0,2565.0,0,0,1689100.0,4315396700.0,1.0,2530.0,2572.0,2529.0,2565.0,1689100.0
2022-12-12,84730,2565.0,2578.0,2553.0,2575.0,0,0,963300.0,2476088500.0,1.0,2565.0,2578.0,2553.0,2575.0,963300.0
2022-12-13,84730,2599.0,2605.0,2587.0,2599.0,0,0,1108200.0,2878607500.0,1.0,2599.0,2605.0,2587.0,2599.0,1108200.0
2022-12-14,84730,2615.0,2627.0,2600.0,2604.0,0,0,878800.0,2292439000.0,1.0,2615.0,2627.0,2600.0,2604.0,878800.0
2022-12-15,84730,2593.0,2619.0,2590.0,2613.0,0,0,1068200.0,2785684700.0,1.0,2593.0,2619.0,2590.0,2613.0,1068200.0
2022-12-16,84730,2582.0,2623.0,2581.0,2613.0,0,0,1723300.0,4496200600.0,1.0,2582.0,2623.0,2581.0,2613.0,1723300.0
2022-12-19,84730,2598.0,2612.0,2586.0,2594.0,0,0,1149600.0,2982951000.0,1.0,2598.0,2612.0,2586.0,2594.0,1149600.0
2022-12-20,84730,2605.0,2633.0,2571.0,2605.0,0,0,2573700.0,6713152300.0,1.0,2605.0,2633.0,2571.0,2605.0,2573700.0
2022-12-21,84730,2622.0,2647.0,2596.0,2596.0,0,0,2322600.0,6069248900.0,1.0,2622.0,2647.0,2596.0,2596.0,2322600.0
2022-12-22,84730,2611.0,2615.0,2596.0,2604.0,0,0,1083000.0,2819537900.0,1.0,2611.0,2615.0,2596.0,2604.0,1083000.0
2022-12-23,84730,2590.0,2602.0,2583.0,2593.0,0,0,1400700.0,3631763600.0,1.0,2590.0,2602.0,2583.0,2593.0,1400700.0
2022-12-26,84730,2596.0,2610.0,2591.0,2605.0,0,0,773200.0,2012773600.0,1.0,2596.0,2610.0,2591.0,2605.0,773200.0
2022-12-27,84730,2606.0,2625.0,2606.0,2624.0,0,0,1003600.0,2625712800.0,1.0,2606.0,2625.0,2606.0,2624.0,1003600.0
2022-12-28,84730,2622.0,2627.0,2599.0,2600.0,0,0,1565300.0,4079676500.0,1.0,2622.0,2627.0,2599.0,2600.0,1565300.0
2022-12-29,84730,2595.0,2599.0,2528.0,2528.0,0,0,3721100.0,9485421800.0,1.0,2595.0,2599.0,2528.0,2528.0,3721100.0
2022-12-30,84730,2531.0,2537.0,2513.0,2517.0,0,0,2530400.0,6381746800.0,1.0,2531.0,2537.0,2513.0,2517.0,2530400.0
2023-01-04,84730,2520.0,2544.0,2505.0,2526.0,0,0,2365900.0,5981029200.0,1.0,2520.0,2544.0,2505.0,2526.0,2365900.0
2023-01-05,84730,2519.0,2545.0,2506.0,2537.0,0,0,1434400.0,3629196600.0,1.0,2519.0,2545.0,2506.0,2537.0,1434400.0
2023-01-06,84730,2537.0,2564.0,2531.0,2531.0,0,0,1590700.0,4047376100.0,1.0,2537.0,2564.0,2531.0,2531.0,1590700.0
2023-01-10,84730,2529.0,2564.0,2523.0,2559.0,0,0,2298000.0,5858816000.0,1.0,2529.0,2564.0,2523.0,2559.0,2298000.0
2023-01-11,84730,2566.0,2599.0,2563.0,2599.0,0,0,1761100.0,4557387900.0,1.0,2566.0,2599.0,2563.0,2599.0,1761100.0
2023-01-12,84730,2614.0,2623.0,2588.0,2609.0,0,0,1607100.0,4188449500.0,1.0,2614.0,2623.0,2588.0,2609.0,1607100.0
2023-01-13,84730,2611.0,2700.0,2610.0,2688.0,0,0,3331800.0,8880006800.0,1.0,2611.0,2700.0,2610.0,2688.0,3331800.0
2023-01-16,84730,2685.0,2700.0,2662.0,2686.0,0,0,1894600.0,5083375700.0,1.0,2685.0,2700.0,2662.0,2686.0,1894600.0
2023-01-17,84730,2681.0,2706.0,2678.0,2694.0,0,0,1587500.0,4278476200.0,1.0,2681.0,2706.0,2678.0,2694.0,1587500.0
2023-01-18,84730,2683.0,2743.0,2683.0,2741.0,0,0,1923400.0,5237198000.0,1.0,2683.0,2743.0,2683.0,2741.0,1923400.0
2023-01-19,84730,2715.0,2725.0,2670.0,2673.0,0,0,2534000.0,6817023600.0,1.0,2715.0,2725.0,2670.0,2673.0,2534000.0
2023-01-20,84730,2686.0,2686.0,2663.0,2675.0,0,0,1589500.0,4246204800.0,1.0,2686.0,2686.0,2663.0,2675.0,1589500.0
2023-01-23,84730,2695.0,2706.0,2681.0,2694.0,0,0,944400.0,2546769500.0,1.0,2695.0,2706.0,2681.0,2694.0,944400.0
2023-01-24,84730,2720.0,2752.0,2711.0,2750.0,0,0,1711900.0,4690667400.0,1.0,2720.0,2752.0,2711.0,2750.0,1711900.0
2023-01-25,84730,2743.0,2765.0,2730.0,2752.0,0,0,1118700.0,3077020700.0,1.0,2743.0,2765.0,2730.0,2752.0,1118700.0
2023-01-26,84730,2752.0,2770.0,2749.0,2769.0,0,0,1170100.0,3233058700.0,1.0,2752.0,2770.0,2749.0,2769.0,1170100.0
2023-01-27,84730,2781.0,2801.0,2772.0,2797.0,0,0,1588700.0,4429712100.0,1.0,2781.0,2801.0,2772.0,2797.0,1588700.0
2023-01-30,84730,2800.0,2803.0,2765.0,2778.0,0,0,1360500.0,3783993300.0,1.0,2800.0,2803.0,2765.0,2778.0,1360500.0
2023-01-31,84730,2788.0,2795.0,2742.0,2743.0,0,0,2147200.0,5924421800.0,1.0,2788.0,2795.0,2742.0,2743.0,2147200.0
2023-02-01,84730,2734.0,2759.0,2723.0,2734.0,0,0,1255400.0,3435198400.0,1.0,2734.0,2759.0,2723.0,2734.0,1255400.0
2023-02-02,84730,2730.0,2731.0,2703.0,2712.0,0,0,892000.0,2420024800.0,1.0,2730.0,2731.0,2703.0,2712.0,892000.0
2023-02-03,84730,2700.0,2727.0,2689.0,2725.0,0,0,1247800.0,3384783000.0,1.0,2700.0,2727.0,2689.0,2725.0,1247800.0
2023-02-06,84730,2742.0,2748.0,2719.0,2735.0,0,0,1139800.0,3115194100.0,1.0,2742.0,2748.0,2719.0,2735.0,1139800.0
2023-02-07,84730,2727.0,2775.0,2716.0,2769.0,0,0,1402100.0,3864532100.0,1.0,2727.0,2775.0,2716.0,2769.0,1402100.0
2023-02-08,84730,2721.0,2759.0,2702.0,2740.0,0,0,3070000.0,8379901600.0,1.0,2721.0,2759.0,2702.0,2740.0,3070000.0
2023-02-09,84730,2745.0,2792.0,2723.0,2784.0,0,0,1801200.0,4979557500.0,1.0,2745.0,2792.0,2723.0,2784.0,1801200.0
2023-02-10,84730,2777.0,2789.0,2752.0,2753.0,0,0,1753500.0,4849712600.0,1.0,2777.0,2789.0,2752.0,2753.0,1753500.0
2023-02-13,84730,2772.0,2772.0,2733.0,2759.0,0,0,1145500.0,3154355600.0,1.0,2772.0,2772.0,2733.0,2759.0,1145500.0
2023-02-14,84730,2780.0,2788.0,2760.0,2777.0,0,0,865300.0,2401750900.0,1.0,2780.0,2788.0,2760.0,2777.0,865300.0
2023-02-15,84730,2786.0,2797.0,2778.0,2797.0,0,0,1215900.0,3394568600.0,1.0,2786.0,2797.0,2778.0,2797.0,1215900.0
2023-02-16,84730,2800.0,2845.0,2799.0,2840.0,0,0,1631400.0,4609970100.0,1.0,2800.0,2845.0,2799.0,2840.0,1631400.0
2023-02-17,84730,2817.0,2880.0,2812.0,2871.0,0,0,1595500.0,4564527100.0,1.0,2817.0,2880.0,2812.0,2871.0,1595500.0
2023-02-20,84730,2881.0,2960.0,2880.0,2960.0,0,0,2597900.0,7621587600.0,1.0,2881.0,2960.0,2880.0,2960.0,2597900.0
2023-02-21,84730,2962.0,2980.0,2939.0,2964.0,0,0,1578900.0,4676050900.0,1.0,2962.0,2980.0,2939.0,2964.0,1578900.0
2023-02-22,84730,2945.0,2949.0,2917.0,2932.0,0,0,1638800.0,4806611000.0,1.0,2945.0,2949.0,2917.0,2932.0,1638800.0
2023-02-24,84730,2920.0,2941.0,2901.0,2934.0,0,0,1596600.0,4669207200.0,1.0,2920.0,2941.0,2901.0,2934.0,1596600.0
2023-02-27,84730,2960.0,2981.0,2945.0,2952.0,0,0,1087100.0,3216138000.0,1.0,2960.0,2981.0,2945.0,2952.0,1087100.0
2023-02-28,84730,2934.0,2959.0,2927.0,2937.0,0,0,1514600.0,4451583100.0,1.0,2934.0,2959.0,2927.0,2937.0,1514600.0
2023-03-01,84730,2926.0,2956.0,2925.0,2932.0,0,0,1047400.0,3075151800.0,1.0,2926.0,2956.0,2925.0,2932.0,1047400.0
2023-03-02,84730,2943.0,2946.0,2883.0,2892.0,0,0,1432700.0,4159288100.0,1.0,2943.0,2946.0,2883.0,2892.0,1432700.0
2023-03-03,84730,2905.0,2919.0,2890.0,2903.0,0,0,1264500.0,3673204400.0,1.0,2905.0,2919.0,2890.0,2903.0,1264500.0
2023-03-06,84730,2925.0,2929.0,2906.0,2924.0,0,0,864300.0,2523903800.0,1.0,2925.0,2929.0,2906.0,2924.0,864300.0
2023-03-07,84730,2930.0,2967.0,2928.0,2965.0,0,0,1236300.0,3651586600.0,1.0,2930.0,2967.0,2928.0,2965.0,1236300.0
2023-03-08,84730,2940.0,2950.0,2923.0,2946.0,0,0,1144800.0,3365517500.0,1.0,2940.0,2950.0,2923.0,2946.0,1144800.0
2023-03-09,84730,2959.0,2988.0,2958.0,2983.0,0,0,1568400.0,4669077800.0,1.0,2959.0,2988.0,2958.0,2983.0,1568400.0
2023-03-10,84730,2942.0,2956.0,2873.0,2879.0,0,0,3557900.0,10357849300.0,1.0,2942.0,2956.0,2873.0,2879.0,3557900.0
2023-03-13,84730,2787.0,2798.0,2736.0,2793.0,0,0,4280100.0,11880534200.0,1.0,2787.0,2798.0,2736.0,2793.0,4280100.0
2023-03-14,84730,2743.0,2747.0,2676.0,2682.0,0,0,4251500.0,11479523200.0,1.0,2743.0,2747.0,2676.0,2682.0,4251500.0
2023-03-15,84730,2732.0,2753.0,2703.0,2713.0,0,0,2208600.0,6015491900.0,1.0,2732.0,2753.0,2703.0,2713.0,2208600.0
2023-03-16,84730,2650.0,2669.0,2630.0,2652.0,0,0,3086900.0,8163047800.0,1.0,2650.0,2669.0,2630.0,2652.0,3086900.0
2023-03-17,84730,2660.0,2679.0,2644.0,2666.0,0,0,2772200.0,7376636900.0,1.0,2660.0,2679.0,2644.0,2666.0,2772200.0
2023-03-20,84730,2651.0,2666.0,2607.0,2614.0,0,0,1930200.0,5081290100.0,1.0,2651.0,2666.0,2607.0,2614.0,1930200.0
2023-03-22,84730,2681.0,2691.0,2661.0,2667.0,0,0,1576600.0,4215438900.0,1.0,2681.0,2691.0,2661.0,2667.0,1576600.0
2023-03-23,84730,2652.0,2693.0,2645.0,2692.0,0,0,1164200.0,3113325400.0,1.0,2652.0,2693.0,2645.0,2692.0,1164200.0
2023-03-24,84730,2680.0,2680.0,2655.0,2669.0,0,0,1277100.0,3407760400.0,1.0,2680.0,2680.0,2655.0,2669.0,1277100.0
2023-03-27,84730,2680.0,2683.0,2648.0,2672.0,0,0,1557400.0,4152967500.0,1.0,2680.0,2683.0,2648.0,2672.0,1557400.0
2023-03-28,84730,2690.0,2702.0,2682.0,2693.0,0,0,1824500.0,4910684200.0,1.0,2690.0,2702.0,2682.0,2693.0,1824500.0
2023-03-29,84730,2678.0,2702.0,2674.0,2702.0,0,0,3740400.0,10053387100.0,1.0,2678.0,2702.0,2674.0,2702.0,3740400.0
2023-03-30,84730,2602.0,2653.0,2594.0,2605.0,0,0,3110500.0,8128130300.0,1.0,2602.0,2653.0,2594.0,2605.0,3110500.0
2023-03-31,84730,2626.0,2640.0,2615.0,2624.0,0,0,1704900.0,4481353700.0,1.0,2626.0,2640.0,2615.0,2624.0,1704900.0
2023-04-03,84730,2650.0,2673.0,2635.0,2671.0,0,0,1554100.0,4130671200.0,1.0,2650.0,2673.0,2635.0,2671.0,1554100.0
2023-04-04,84730,2671.0,2672.0,2647.0,2657.0,0,0,1565500.0,4157758100.0,1.0,2671.0,2672.0,2647.0,2657.0,1565500.0
2023-04-05,84730,2626.0,2631.0,2579.0,2579.0,0,0,3119000.0,8098325400.0,1.0,2626.0,2631.0,2579.0,2579.0,3119000.0
2023-04-06,84730,2564.0,2574.0,2544.0,2546.0,0,0,2453500.0,6268210900.0,1.0,2564.0,2574.0,2544.0,2546.0,2453500.0
2023-04-07,84730,2541.0,2568.0,2541.0,2567.0,0,0,1496300.0,3826042500.0,1.0,2541.0,2568.0,2541.0,2567.0,1496300.0
2023-04-10,84730,2574.0,2587.0,2570.0,2577.0,0,0,990200.0,2552473800.0,1.0,2574.0,2587.0,2570.0,2577.0,990200.0
2023-04-11,84730,2592.0,2621.0,2587.0,2610.0,0,0,1307600.0,3406062100.0,1.0,2592.0,2621.0,2587.0,2610.0,1307600.0
2023-04-12,84730,2630.0,2670.0,2629.0,2667.0,0,0,2153400.0,5719987000.0,1.0,2630.0,2670.0,2629.0,2667.0,2153400.0
2023-04-13,84730,2668.0,2671.0,2641.0,2657.0,0,0,1264600.0,3357115500.0,1.0,2668.0,2671.0,2641.0,2657.0,1264600.0
2023-04-14,84730,2665.0,2665.0,2647.0,2659.0,0,0,1241400.0,3300267000.0,1.0,2665.0,2665.0,2647.0,2659.0,1241400.0
2023-04-17,84730,2665.0,2674.0,2658.0,2668.0,0,0,1217600.0,3247667200.0,1.0,2665.0,2674.0,2658.0,2668.0,1217600.0
2023-04-18,84730,2681.0,2692.0,2668.0,2676.0,0,0,1185400.0,3176333100.0,1.0,2681.0,2692.0,2668.0,2676.0,1185400.0
2023-04-19,84730,2680.0,2683.0,2669.0,2681.0,0,0,774400.0,2073306400.0,1.0,2680.0,2683.0,2669.0,2681.0,774400.0
2023-04-20,84730,2695.0,2702.0,2680.0,2694.0,0,0,1311700.0,3531971800.0,1.0,2695.0,2702.0,2680.0,2694.0,1311700.0
2023-04-21,84730,2668.0,2672.0,2655.0,2659.0,0,0,975500.0,2597371600.0,1.0,2668.0,2672.0,2655.0,2659.0,975500.0
2023-04-24,84730,2666.0,2671.0,2652.0,2654.0,0,0,794700.0,2114029100.0,1.0,2666.0,2671.0,2652.0,2654.0,794700.0
2023-04-25,84730,2660.0,2691.0,2660.0,2675.0,0,0,992200.0,2656093500.0,1.0,2660.0,2691.0,2660.0,2675.0,992200.0
2023-04-26,84730,2649.0,2650.0,2623.0,2630.0,0,0,1237100.0,3260972700.0,1.0,2649.0,2650.0,2623.0,2630.0,1237100.0
2023-04-27,84730,2625.0,2639.0,2614.0,2636.0,0,0,913300.0,2399410900.0,1.0,2625.0,2639.0,2614.0,2636.0,913300.0
2023-04-28,84730,2653.0,2658.0,2623.0,2647.0,0,0,1680500.0,4441112900.0,1.0,2653.0,2658.0,2623.0,2647.0,1680500.0
2023-05-01,84730,2671.0,2677.0,2648.0,2660.0,0,0,1074400.0,2857807500.0,1.0,2671.0,2677.0,2648.0,2660.0,1074400.0
2023-05-02,84730,2660.0,2662.0,2626.0,2646.0,0,0,942700.0,2490952900.0,1.0,2660.0,2662.0,2626.0,2646.0,942700.0
2023-05-08,84730,2640.0,2654.0,2628.0,2649.0,0,0,1312800.0,3472053000.0,1.0,2640.0,2654.0,2628.0,2649.0,1312800.0
2023-05-09,84730,2662.0,2679.0,2652.0,2678.0,0,0,1359500.0,3628913500.0,1.0,2662.0,2679.0,2652.0,2678.0,1359500.0
2023-05-10,84730,2680.0,2683.0,2658.0,2662.0,0,0,1236400.0,3299935300.0,1.0,2680.0,2683.0,2658.0,2662.0,1236400.0
2023-05-11,84730,2655.0,2674.0,2644.0,2670.0,0,0,862400.0,2294933300.0,1.0,2655.0,2674.0,2644.0,2670.0,862400.0
2023-05-12,84730,2666.0,2674.0,2592.0,2612.0,0,0,2648500.0,6977956700.0,1.0,2666.0,2674.0,2592.0,2612.0,2648500.0
2023-05-15,84730,2625.0,2715.0,2619.0,2714.0,0,0,3293900.0,8848852500.0,1.0,2625.0,2715.0,2619.0,2714.0,3293900.0
2023-05-16,84730,2710.0,2736.0,2694.0,2697.0,0,0,1591100.0,4307187000.0,1.0,2710.0,2736.0,2694.0,2697.0,1591100.0
2023-05-17,84730,2678.0,2711.0,2668.0,2704.0,0,0,1216300.0,3280015300.0,1.0,2678.0,2711.0,2668.0,2704.0,1216300.0
2023-05-18,84730,2729.0,2729.0,2688.0,2707.0,0,0,1746400.0,4733210500.0,1.0,2729.0,2729.0,2688.0,2707.0,1746400.0
2023-05-19,84730,2717.0,2717.0,2695.0,2700.0,0,0,1128300.0,3049121900.0,1.0,2717.0,2717.0,2695.0,2700.0,1128300.0
2023-05-22,84730,2710.0,2757.0,2697.0,2752.0,0,0,2216600.0,6074802200.0,1.0,2710.0,2757.0,2697.0,2752.0,2216600.0
2023-05-23,84730,2761.0,2790.0,2738.0,2760.0,0,0,2200000.0,6074493100.0,1.0,2761.0,2790.0,2738.0,2760.0,2200000.0
2023-05-24,84730,2765.0,2786.0,2747.0,2760.0,0,0,1658800.0,4585593800.0,1.0,2765.0,2786.0,2747.0,2760.0,1658800.0
2023-05-25,84730,2755.0,2758.0,2718.0,2720.0,0,0,1209700.0,3305458900.0,1.0,2755.0,2758.0,2718.0,2720.0,1209700.0
2023-05-26,84730,2713.0,2713.0,2643.0,2650.0,0,0,2188600.0,5843212000.0,1.0,2713.0,2713.0,2643.0,2650.0,2188600.0
2023-05-29,84730,2685.0,2705.0,2670.0,2691.0,0,0,1327300.0,3569408400.0,1.0,2685.0,2705.0,2670.0,2691.0,1327300.0
2023-05-30,84730,2691.0,2702.0,2675.0,2689.0,0,0,826100.0,2218984300.0,1.0,2691.0,2702.0,2675.0,2689.0,826100.0
2023-05-31,84730,2650.0,2659.0,2609.0,2610.0,0,0,2834400.0,7431720900.0,1.0,2650.0,2659.0,2609.0,2610.0,2834400.0
2023-06-01,84730,2600.0,2629.0,2597.0,2611.0,0,0,1264800.0,3303407200.0,1.0,2600.0,2629.0,2597.0,2611.0,1264800.0
2023-06-02,84730,2614.0,2650.0,2610.0,2650.0,0,0,1124500.0,2967436500.0,1.0,2614.0,2650.0,2610.0,2650.0,1124500.0
2023-06-05,84730,2690.0,2691.0,2662.0,2673.5,0,0,1494800.0,3998300600.0,1.0,2690.0,2691.0,2662.0,2673.5,1494800.0
2023-06-06,84730,2662.0,2695.0,2649.0,2694.0,0,0,1375300.0,3677193800.0,1.0,2662.0,2695.0,2649.0,2694.0,1375300.0
2023-06-07,84730,2713.5,2716.0,2662.5,2669.0,0,0,1608100.0,4324110450.0,1.0,2713.5,2716.0,2662.5,2669.0,1608100.0
2023-06-08,84730,2650.5,2665.5,2628.0,2644.5,0,0,2109200.0,5579839550.0,1.0,2650.5,2665.5,2628.0,2644.5,2109200.0
2023-06-09,84730,2658.5,2676.0,2646.0,2670.0,0,0,1558000.0,4148441650.0,1.0,2658.5,2676.0,2646.0,2670.0,1558000.0
2023-06-12,84730,2700.0,2722.5,2680.0,2690.0,0,0,1611300.0,4350121900.0,1.0,2700.0,2722.5,2680.0,2690.0,1611300.0
2023-06-13,84730,2690.0,2695.0,2671.5,2686.0,0,0,1400600.0,3760390050.0,1.0,2690.0,2695.0,2671.5,2686.0,1400600.0
2023-06-14,84730,2699.5,2718.0,2686.0,2711.5,0,0,2088900.0,5653133550.0,1.0,2699.5,2718.0,2686.0,2711.5,2088900.0
2023-06-15,84730,2713.5,2840.0,2708.0,2835.0,0,0,4481700.0,12549165500.0,1.0,2713.5,2840.0,2708.0,2835.0,4481700.0
2023-06-16,84730,2820.0,2832.0,2786.0,2807.5,0,0,2626000.0,7367225550.0,1.0,2820.0,2832.0,2786.0,2807.5,2626000.0
2023-06-19,84730,2808.0,2811.0,2749.0,2765.5,0,0,2083100.0,5787891400.0,1.0,2808.0,2811.0,2749.0,2765.5,2083100.0
2023-06-20,84730,2764.0,2764.0,2721.5,2741.0,0,0,1284300.0,3517101550.0,1.0,2764.0,2764.0,2721.5,2741.0,1284300.0
2023-06-21,84730,2744.5,2779.0,2736.0,2778.0,0,0,1169900.0,3237735850.0,1.0,2744.5,2779.0,2736.0,2778.0,1169900.0
2023-06-22,84730,2781.5,2816.0,2780.0,2789.0,0,0,1983100.0,5551580750.0,1.0,2781.5,2816.0,2780.0,2789.0,1983100.0
2023-06-23,84730,2804.0,2806.0,2749.0,2765.5,0,0,1544300.0,4276322650.0,1.0,2804.0,2806.0,2749.0,2765.5,1544300.0
2023-06-26,84730,2767.0,2779.5,2738.0,2759.0,0,0,1037300.0,2864801400.0,1.0,2767.0,2779.5,2738.0,2759.0,1037300.0
2023-06-27,84730,2759.0,2761.0,2718.5,2733.5,0,0,2176500.0,5952684650.0,1.0,2759.0,2761.0,2718.5,2733.5,2176500.0
2023-06-28,84730,2747.0,2774.5,2733.0,2774.5,0,0,1445100.0,3985377500.0,1.0,2747.0,2774.5,2733.0,2774.5,1445100.0
2023-06-29,84730,2767.0,2792.0,2755.0,2771.5,0,0,1308900.0,3632301600.0,1.0,2767.0,2792.0,2755.0,2771.5,1308900.0
2023-06-30,84730,2780.0,2782.5,2758.0,2768.5,0,0,1054600.0,2917502450.0,1.0,2780.0,2782.5,2758.0,2768.5,1054600.0
2023-07-03,84730,2772.5,2807.0,2772.5,2804.0,0,0,1346600.0,3764778200.0,1.0,2772.5,2807.0,2772.5,2804.0,1346600.0
2023-07-04,84730,2804.0,2855.5,2800.5,2855.5,0,0,2178700.0,6182416550.0,1.0,2804.0,2855.5,2800.5,2855.5,2178700.0
2023-07-05,84730,2845.0,2943.5,2821.5,2912.5,0,0,4494900.0,13022518200.0,1.0,2845.0,2943.5,2821.5,2912.5,4494900.0
2023-07-06,84730,2907.5,2908.0,2856.0,2876.5,0,0,3480500.0,10038255700.0,1.0,2907.5,2908.0,2856.0,2876.5,3480500.0
2023-07-07,84730,2840.5,2875.0,2819.0,2845.5,0,0,1864800.0,5308610400.0,1.0,2840.5,2875.0,2819.0,2845.5,1864800.0
2023-07-10,84730,2850.0,2863.0,2818.5,2821.0,0,0,1552200.0,4399806350.0,1.0,2850.0,2863.0,2818.5,2821.0,1552200.0
2023-07-11,84730,2847.5,2856.0,2827.5,2831.5,0,0,1122300.0,3187328650.0,1.0,2847.5,2856.0,2827.5,2831.5,1122300.0
2023-07-12,84730,2850.0,2858.0,2825.0,2847.0,0,0,1230100.0,3499426000.0,1.0,2850.0,2858.0,2825.0,2847.0,1230100.0
2023-07-13,84730,2840.0,2847.5,2825.5,2833.0,0,0,1105700.0,3135256150.0,1.0,2840.0,2847.5,2825.5,2833.0,1105700.0
2023-07-14,84730,2885.0,2901.5,2853.5,2863.0,0,0,3478400.0,9992387300.0,1.0,2885.0,2901.5,2853.5,2863.0,3478400.0
2023-07-18,84730,2863.0,2898.5,2850.5,2852.5,0,0,1589300.0,4554022800.0,1.0,2863.0,2898.5,2850.5,2852.5,1589300.0
2023-07-19,84730,2867.5,2923.0,2864.0,2905.0,0,0,2203800.0,6389939350.0,1.0,2867.5,2923.0,2864.0,2905.0,2203800.0
2023-07-20,84730,2921.0,2927.5,2876.0,2876.0,0,0,1516600.0,4397588400.0,1.0,2921.0,2927.5,2876.0,2876.0,1516600.0
2023-07-21,84730,2893.0,2898.0,2862.0,2875.0,0,0,1376100.0,3956784500.0,1.0,2893.0,2898.0,2862.0,2875.0,1376100.0
2023-07-24,84730,2900.0,2903.0,2876.5,2888.0,0,0,1148700.0,3320151050.0,1.0,2900.0,2903.0,2876.5,2888.0,1148700.0
2023-07-25,84730,2900.0,2922.5,2892.5,2921.5,0,0,1444700.0,4209430050.0,1.0,2900.0,2922.5,2892.5,2921.5,1444700.0
2023-07-26,84730,2923.5,2924.0,2898.5,2919.5,0,0,1076000.0,3135112400.0,1.0,2923.5,2924.0,2898.5,2919.5,1076000.0
2023-07-27,84730,2921.5,2952.5,2913.5,2950.0,0,0,1769100.0,5196813650.0,1.0,2921.5,2952.5,2913.5,2950.0,1769100.0
2023-07-28,84730,2909.0,2968.0,2906.0,2964.0,0,0,2111400.0,6214483150.0,1.0,2909.0,2968.0,2906.0,2964.0,2111400.0
2023-07-31,84730,2995.0,2999.5,2972.5,2999.5,0,0,2736100.0,8180669750.0,1.0,2995.0,2999.5,2972.5,2999.5,2736100.0
2023-08-01,84730,3001.0,3023.0,2980.0,3018.0,0,0,1529200.0,4598145350.0,1.0,3001.0,3023.0,2980.0,3018.0,1529200.0
2023-08-02,84730,3000.0,3026.0,2968.0,2982.0,0,0,1930300.0,5782041900.0,1.0,3000.0,3026.0,2968.0,2982.0,1930300.0
2023-08-03,84730,2965.0,2965.0,2931.5,2941.0,0,0,1773900.0,5224256000.0,1.0,2965.0,2965.0,2931.5,2941.0,1773900.0
2023-08-04,84730,2949.5,3030.0,2945.5,2998.0,0,0,2431200.0,7272477000.0,1.0,2949.5,3030.0,2945.5,2998.0,2431200.0
2023-08-07,84730,2970.0,2977.0,2926.5,2951.5,0,0,1874300.0,5535761100.0,1.0,2970.0,2977.0,2926.5,2951.5,1874300.0
2023-08-08,84730,2977.0,3003.0,2962.5,2990.0,0,0,2020500.0,6041990900.0,1.0,2977.0,3003.0,2962.5,2990.0,2020500.0
2023-08-09,84730,2975.5,2979.5,2922.5,2938.5,0,0,1786300.0,5257482550.0,1.0,2975.5,2979.5,2922.5,2938.5,1786300.0
2023-08-10,84730,2947.5,2976.0,2942.5,2965.5,0,0,1589000.0,4704719750.0,1.0,2947.5,2976.0,2942.5,2965.5,1589000.0
2023-08-14,84730,2975.0,2996.5,2925.5,2935.5,0,0,1789800.0,5287566550.0,1.0,2975.0,2996.5,2925.5,2935.5,1789800.0
2023-08-15,84730,2935.0,2943.0,2923.0,2930.0,0,0,1151100.0,3372749500.0,1.0,2935.0,2943.0,2923.0,2930.0,1151100.0
2023-08-16,84730,2899.0,2899.0,2876.0,2879.5,0,0,2145800.0,6195229500.0,1.0,2899.0,2899.0,2876.0,2879.5,2145800.0
2023-08-17,84730,2868.0,2881.0,2829.5,2881.0,0,0,1838000.0,5253419300.0,1.0,2868.0,2881.0,2829.5,2881.0,1838000.0
2023-08-18,84730,2857.0,2875.5,2820.0,2828.0,0,0,1871400.0,5317763350.0,1.0,2857.0,2875.5,2820.0,2828.0,1871400.0
2023-08-21,84730,2842.5,2853.0,2827.0,2837.5,0,0,1461500.0,4154139850.0,1.0,2842.5,2853.0,2827.0,2837.5,1461500.0
2023-08-22,84730,2851.0,2886.5,2845.0,2886.5,0,0,1220200.0,3505979400.0,1.0,2851.0,2886.5,2845.0,2886.5,1220200.0
2023-08-23,84730,2873.0,2895.5,2858.0,2895.5,0,0,1316000.0,3792424300.0,1.0,2873.0,2895.5,2858.0,2895.5,1316000.0
2023-08-24,84730,2907.5,2925.0,2897.0,2921.0,0,0,920300.0,2681993500.0,1.0,2907.5,2925.0,2897.0,2921.0,920300.0
2023-08-25,84730,2895.0,2906.5,2882.5,2905.0,0,0,944500.0,2737958650.0,1.0,2895.0,2906.5,2882.5,2905.0,944500.0
2023-08-28,84730,2925.0,2945.5,2923.0,2943.0,0,0,1104500.0,3243224950.0,1.0,2925.0,2945.5,2923.0,2943.0,1104500.0
2023-08-29,84730,2953.0,2964.5,2935.5,2948.5,0,0,983900.0,2902455250.0,1.0,2953.0,2964.5,2935.5,2948.5,983900.0
2023-08-30,84730,2960.0,2980.5,2951.5,2965.0,0,0,3368100.0,9993929050.0,1.0,2960.0,2980.5,2951.5,2965.0,3368100.0
2023-08-31,84730,2967.0,2984.5,2946.0,2975.5,0,0,2168500.0,6441474700.0,1.0,2967.0,2984.5,2946.0,2975.5,2168500.0
2023-09-01,84730,2983.0,3020.0,2973.0,3010.0,0,0,1866700.0,5605277050.0,1.0,2983.0,3020.0,2973.0,3010.0,1866700.0
2023-09-04,84730,3030.0,3086.0,3030.0,3080.0,0,0,2322200.0,7126865300.0,1.0,3030.0,3086.0,3030.0,3080.0,2322200.0
2023-09-05,84730,3074.0,3084.0,3043.0,3066.0,0,0,1634000.0,5001301300.0,1.0,3074.0,3084.0,3043.0,3066.0,1634000.0
2023-09-06,84730,3073.0,3162.0,3066.0,3133.0,0,0,2644800.0,8258402300.0,1.0,3073.0,3162.0,3066.0,3133.0,2644800.0
2023-09-07,84730,3136.0,3139.0,3102.0,3114.0,0,0,1524300.0,4756938700.0,1.0,3136.0,3139.0,3102.0,3114.0,1524300.0
2023-09-08,84730,3100.0,3129.0,3100.0,3119.0,0,0,1571300.0,4892245400.0,1.0,3100.0,3129.0,3100.0,3119.0,1571300.0
2023-09-11,84730,3112.0,3148.0,3112.0,3144.0,0,0,1673000.0,5242077700.0,1.0,3112.0,3148.0,3112.0,3144.0,1673000.0
2023-09-12,84730,3175.0,3212.0,3162.0,3202.0,0,0,2443900.0,7794961200.0,1.0,3175.0,3212.0,3162.0,3202.0,2443900.0
2023-09-13,84730,3220.0,3262.0,3199.0,3233.0,0,0,2626400.0,8482571400.0,1.0,3220.0,3262.0,3199.0,3233.0,2626400.0
2023-09-14,84730,3260.0,3295.0,3226.0,3294.0,0,0,2764600.0,9046274200.0,1.0,3260.0,3295.0,3226.0,3294.0,2764600.0
2023-09-15,84730,3311.0,3379.0,3303.0,3342.0,0,0,3484400.0,11649140500.0,1.0,3311.0,3379.0,3303.0,3342.0,3484400.0
2023-09-19,84730,3324.0,3360.0,3304.0,3356.0,0,0,2012300.0,6726871900.0,1.0,3324.0,3360.0,3304.0,3356.0,2012300.0
2023-09-20,84730,3352.0,3363.0,3292.0,3304.0,0,0,2235400.0,7421092500.0,1.0,3352.0,3363.0,3292.0,3304.0,2235400.0
2023-09-21,84730,3295.0,3329.0,3272.0,3279.0,0,0,1557100.0,5126861400.0,1.0,3295.0,3329.0,3272.0,3279.0,1557100.0
2023-09-22,84730,3259.0,3337.0,3255.0,3319.0,0,0,1614300.0,5327196100.0,1.0,3259.0,3337.0,3255.0,3319.0,1614300.0
2023-09-25,84730,3320.0,3322.0,3273.0,3309.0,0,0,1363400.0,4499941500.0,1.0,3320.0,3322.0,3273.0,3309.0,1363400.0
2023-09-26,84730,3326.0,3330.0,3288.0,3301.0,0,0,1394600.0,4611037200.0,1.0,3326.0,3330.0,3288.0,3301.0,1394600.0
2023-09-27,84730,3295.0,3332.0,3276.0,3329.0,0,0,1608700.0,5332410700.0,1.0,3295.0,3332.0,3276.0,3329.0,1608700.0
2023-09-28,84730,3282.0,3320.0,3261.0,3285.0,0,0,1753300.0,5761480400.0,1.0,3282.0,3320.0,3261.0,3285.0,1753300.0
2023-09-29,84730,3244.0,3246.0,3129.0,3148.0,0,0,3141100.0,9951166800.0,1.0,3244.0,3246.0,3129.0,3148.0,3141100.0
2023-10-02,84730,3185.0,3220.0,3137.0,3147.0,0,0,1848400.0,5869056800.0,1.0,3185.0,3220.0,3137.0,3147.0,1848400.0
2023-10-03,84730,3105.0,3127.0,3070.0,3082.0,0,0,1941400.0,6003573000.0,1.0,3105.0,3127.0,3070.0,3082.0,1941400.0
2023-10-04,84730,3045.0,3045.0,2980.5,2983.5,0,0,3509300.0,10556731150.0,1.0,3045.0,3045.0,2980.5,2983.5,3509300.0
2023-10-05,84730,3068.0,3129.0,3038.0,3125.0,0,0,2062900.0,6382802900.0,1.0,3068.0,3129.0,3038.0,3125.0,2062900.0
2023-10-06,84730,3150.0,3176.0,3124.0,3130.0,0,0,1460500.0,4590708300.0,1.0,3150.0,3176.0,3124.0,3130.0,1460500.0
2023-10-10,84730,3170.0,3207.0,3156.0,3202.0,0,0,1486400.0,4740213600.0,1.0,3170.0,3207.0,3156.0,3202.0,1486400.0
2023-10-11,84730,3238.0,3239.0,3198.0,3201.0,0,0,1272300.0,4088614700.0,1.0,3238.0,3239.0,3198.0,3201.0,1272300.0
2023-10-12,84730,3219.0,3237.0,3209.0,3218.0,0,0,989500.0,3187052300.0,1.0,3219.0,3237.0,3209.0,3218.0,989500.0
2023-10-13,84730,3189.0,3210.0,3167.0,3178.0,0,0,1132000.0,3604730600.0,1.0,3189.0,3210.0,3167.0,3178.0,1132000.0
2023-10-16,84730,3136.0,3150.0,3120.0,3142.0,0,0,1044800.0,3277560500.0,1.0,3136.0,3150.0,3120.0,3142.0,1044800.0
2023-10-17,84730,3190.0,3204.0,3147.0,3174.0,0,0,873700.0,2771774500.0,1.0,3190.0,3204.0,3147.0,3174.0,873700.0
2023-10-18,84730,3191.0,3207.0,3174.0,3196.0,0,0,952900.0,3044867100.0,1.0,3191.0,3207.0,3174.0,3196.0,952900.0
2023-10-19,84730,3150.0,3173.0,3129.0,3140.0,0,0,872500.0,2745901500.0,1.0,3150.0,3173.0,3129.0,3140.0,872500.0
2023-10-20,84730,3118.0,3141.0,3107.0,3121.0,0,0,826400.0,2581808100.0,1.0,3118.0,3141.0,3107.0,3121.0,826400.0
2023-10-23,84730,3100.0,3124.0,3088.0,3108.0,0,0,936200.0,2909575000.0,1.0,3100.0,3124.0,3088.0,3108.0,936200.0
2023-10-24,84730,3105.0,3115.0,3043.0,3105.0,0,0,1879000.0,5782014000.0,1.0,3105.0,3115.0,3043.0,3105.0,1879000.0
2023-10-25,84730,3135.0,3145.0,3110.0,3116.0,0,0,1011000.0,3162080300.0,1.0,3135.0,3145.0,3110.0,3116.0,1011000.0
2023-10-26,84730,3090.0,3111.0,3064.0,3078.0,0,0,1418400.0,4371152300.0,1.0,3090.0,3111.0,3064.0,3078.0,1418400.0
2023-10-27,84730,3110.0,3149.0,3087.0,3148.0,0,0,1227400.0,3840669600.0,1.0,3110.0,3149.0,3087.0,3148.0,1227400.0
2023-10-30,84730,3113.0,3169.0,3113.0,3142.0,0,0,1648200.0,5180627900.0,1.0,3113.0,3169.0,3113.0,3142.0,1648200.0
2023-10-31,84730,3198.0,3254.0,3153.0,3227.0,0,0,3119700.0,10020184500.0,1.0,3198.0,3254.0,3153.0,3227.0,3119700.0
2023-11-01,84730,3275.0,3297.0,3256.0,3289.0,0,0,1462300.0,4795408000.0,1.0,3275.0,3297.0,3256.0,3289.0,1462300.0
2023-11-02,84730,3307.0,3307.0,3269.0,3281.0,0,0,1168500.0,3843338000.0,1.0,3307.0,3307.0,3269.0,3281.0,1168500.0
2023-11-06,84730,3302.0,3319.0,3291.0,3296.0,0,0,1654000.0,5463276000.0,1.0,3302.0,3319.0,3291.0,3296.0,1654000.0
2023-11-07,84730,3296.0,3302.0,3248.0,3254.0,0,0,1415000.0,4623428100.0,1.0,3296.0,3302.0,3248.0,3254.0,1415000.0
2023-11-08,84730,3273.0,3274.0,3142.0,3153.0,0,0,2210800.0,7030170300.0,1.0,3273.0,3274.0,3142.0,3153.0,2210800.0
2023-11-09,84730,3178.0,3263.0,3144.0,3252.0,0,0,1372200.0,4415398700.0,1.0,3178.0,3263.0,3144.0,3252.0,1372200.0
2023-11-10,84730,3252.0,3307.0,3159.0,3234.0,0,0,3435600.0,11114880500.0,1.0,3252.0,3307.0,3159.0,3234.0,3435600.0
2023-11-13,84730,3200.0,3289.0,3197.0,3238.0,0,0,1561900.0,5066726400.0,1.0,3200.0,3289.0,3197.0,3238.0,1561900.0
2023-11-14,84730,3255.0,3267.0,3202.0,3222.0,0,0,1286800.0,4156512600.0,1.0,3255.0,3267.0,3202.0,3222.0,1286800.0
2023-11-15,84730,3266.0,3295.0,3229.0,3284.0,0,0,1961800.0,6407808900.0,1.0,3266.0,3295.0,3229.0,3284.0,1961800.0
2023-11-16,84730,3284.0,3302.0,3193.0,3208.0,0,0,2197700.0,7091118900.0,1.0,3284.0,3302.0,3193.0,3208.0,2197700.0
2023-11-17,84730,3197.0,3212.0,3176.0,3212.0,0,0,2014300.0,6437588500.0,1.0,3197.0,3212.0,3176.0,3212.0,2014300.0
2023-11-20,84730,3210.0,3229.0,3172.0,3175.0,0,0,1517400.0,4845909900.0,1.0,3210.0,3229.0,3172.0,3175.0,1517400.0
2023-11-21,84730,3161.0,3178.0,3155.0,3171.0,0,0,1401500.0,4438501600.0,1.0,3161.0,3178.0,3155.0,3171.0,1401500.0
2023-11-22,84730,3155.0,3221.0,3153.0,3197.0,0,0,1828400.0,5852130400.0,1.0,3155.0,3221.0,3153.0,3197.0,1828400.0
2023-11-24,84730,3239.0,3314.0,3214.0,3237.0,0,0,2342300.0,7646218400.0,1.0,3239.0,3314.0,3214.0,3237.0,2342300.0
2023-11-27,84730,3239.0,3272.0,3221.0,3257.0,0,0,918900.0,2989767700.0,1.0,3239.0,3272.0,3221.0,3257.0,918900.0
2023-11-28,84730,3265.0,3271.0,3240.0,3241.0,0,0,950900.0,3092983500.0,1.0,3265.0,3271.0,3240.0,3241.0,950900.0
2023-11-29,84730,3225.0,3233.0,3172.0,3186.0,0,0,1438400.0,4597663400.0,1.0,3225.0,3233.0,3172.0,3186.0,1438400.0
2023-11-30,84730,3175.0,3224.0,3166.0,3207.0,0,0,1910000.0,6115609900.0,1.0,3175.0,3224.0,3166.0,3207.0,1910000.0
2023-12-01,84730,3234.0,3234.0,3196.0,3203.0,0,0,1199500.0,3848260900.0,1.0,3234.0,3234.0,3196.0,3203.0,1199500.0
2023-12-04,84730,3198.0,3203.0,3177.0,3182.0,0,0,881500.0,2811513600.0,1.0,3198.0,3203.0,3177.0,3182.0,881500.0
2023-12-05,84730,3173.0,3192.0,3143.0,3150.0,0,0,1284500.0,4056966600.0,1.0,3173.0,3192.0,3143.0,3150.0,1284500.0
2023-12-06,84730,3141.0,3205.0,3135.0,3196.0,0,0,1224700.0,3897795900.0,1.0,3141.0,3205.0,3135.0,3196.0,1224700.0
2023-12-07,84730,3177.0,3205.0,3167.0,3195.0,0,0,1352800.0,4314380900.0,1.0,3177.0,3205.0,3167.0,3195.0,1352800.0
2023-12-08,84730,3171.0,3206.0,3165.0,3183.0,0,0,1492000.0,4748724900.0,1.0,3171.0,3206.0,3165.0,3183.0,1492000.0
2023-12-11,84730,3220.0,3242.0,3203.0,3233.0,0,0,1476600.0,4765734100.0,1.0,3220.0,3242.0,3203.0,3233.0,1476600.0
2023-12-12,84730,3253.0,3277.0,3238.0,3245.0,0,0,1464800.0,4771317300.0,1.0,3253.0,3277.0,3238.0,3245.0,1464800.0
2023-12-13,84730,3154.0,3170.0,3082.0,3083.0,0,0,6109600.0,19088538500.0,1.0,3154.0,3170.0,3082.0,3083.0,6109600.0
2023-12-14,84730,3081.0,3123.0,2990.0,3022.0,0,0,5567000.0,16902545000.0,1.0,3081.0,3123.0,2990.0,3022.0,5567000.0
2023-12-15,84730,3009.0,3071.0,3008.0,3050.0,0,0,2205100.0,6719618500.0,1.0,3009.0,3071.0,3008.0,3050.0,2205100.0
2023-12-18,84730,3020.0,3024.0,2985.0,3018.0,0,0,2670900.0,8013616650.0,1.0,3020.0,3024.0,2985.0,3018.0,2670900.0
2023-12-19,84730,3018.0,3056.0,3005.0,3028.0,0,0,1665700.0,5039626100.0,1.0,3018.0,3056.0,3005.0,3028.0,1665700.0
2023-12-20,84730,3050.0,3087.0,3039.0,3066.0,0,0,1554000.0,4769076500.0,1.0,3050.0,3087.0,3039.0,3066.0,1554000.0
2023-12-21,84730,3040.0,3060.0,3030.0,3043.0,0,0,1331800.0,4052145700.0,1.0,3040.0,3060.0,3030.0,3043.0,1331800.0
2023-12-22,84730,3043.0,3065.0,3034.0,3055.0,0,0,1050200.0,3204878300.0,1.0,3043.0,3065.0,3034.0,3055.0,1050200.0
2023-12-25,84730,3076.0,3084.0,3053.0,3062.0,0,0,796600.0,2441016200.0,1.0,3076.0,3084.0,3053.0,3062.0,796600.0
2023-12-26,84730,3075.0,3120.0,3067.0,3120.0,0,0,1608200.0,4984397000.0,1.0,3075.0,3120.0,3067.0,3120.0,1608200.0
2023-12-27,84730,3125.0,3132.0,3100.0,3128.0,0,0,1542200.0,4808423600.0,1.0,3125.0,3132.0,3100.0,3128.0,1542200.0
2023-12-28,84730,3130.0,3172.0,3118.0,3170.0,0,0,1602600.0,5055868500.0,1.0,3130.0,3172.0,3118.0,3170.0,1602600.0
2023-12-29,84730,3175.0,3196.0,3160.0,3172.0,0,0,1376000.0,4372512200.0,1.0,3175.0,3196.0,3160.0,3172.0,1376000.0
2024-01-04,84730,3161.0,3238.0,3137.0,3237.0,0,0,2004600.0,6419746400.0,1.0,3161.0,3238.0,3137.0,3237.0,2004600.0
2024-01-05,84730,3248.0,3374.0,3248.0,3360.0,0,0,3365000.0,11184900800.0,1.0,3248.0,3374.0,3248.0,3360.0,3365000.0
2024-01-09,84730,3400.0,3422.0,3371.0,3400.0,0,0,2629500.0,8936959800.0,1.0,3400.0,3422.0,3371.0,3400.0,2629500.0
2024-01-10,84730,3382.0,3399.0,3346.0,3385.0,0,0,1877300.0,6349185100.0,1.0,3382.0,3399.0,3346.0,3385.0,1877300.0
2024-01-11,84730,3418.0,3550.0,3417.0,3530.0,0,0,4748300.0,16644479400.0,1.0,3418.0,3550.0,3417.0,3530.0,4748300.0
2024-01-12,84730,3500.0,3539.0,3390.0,3434.0,0,0,6063400.0,20957659400.0,1.0,3500.0,3539.0,3390.0,3434.0,6063400.0
2024-01-15,84730,3450.0,3567.0,3450.0,3533.0,0,0,3192300.0,11253212300.0,1.0,3450.0,3567.0,3450.0,3533.0,3192300.0
2024-01-16,84730,3550.0,3565.0,3505.0,3516.0,0,0,2068100.0,7284827500.0,1.0,3550.0,3565.0,3505.0,3516.0,2068100.0
2024-01-17,84730,3547.0,3587.0,3527.0,3551.0,0,0,2830700.0,10074995300.0,1.0,3547.0,3587.0,3527.0,3551.0,2830700.0
2024-01-18,84730,3583.0,3601.0,3548.0,3575.0,0,0,2002400.0,7152704500.0,1.0,3583.0,3601.0,3548.0,3575.0,2002400.0
2024-01-19,84730,3623.0,3627.0,3582.0,3598.0,0,0,2108400.0,7593146400.0,1.0,3623.0,3627.0,3582.0,3598.0,2108400.0
2024-01-22,84730,3626.0,3629.0,3597.0,3625.0,0,0,1505100.0,5446602600.0,1.0,3626.0,3629.0,3597.0,3625.0,1505100.0
2024-01-23,84730,3625.0,3647.0,3591.0,3606.0,0,0,2041400.0,7378432200.0,1.0,3625.0,3647.0,3591.0,3606.0,2041400.0
2024-01-24,84730,3569.0,3623.0,3565.0,3609.0,0,0,2241700.0,8052503900.0,1.0,3569.0,3623.0,3565.0,3609.0,2241700.0
2024-01-25,84730,3615.0,3643.0,3607.0,3629.0,0,0,1649600.0,5981065600.0,1.0,3615.0,3643.0,3607.0,3629.0,1649600.0
2024-01-26,84730,3629.0,3637.0,3568.0,3568.0,0,0,1939900.0,6980765300.0,1.0,3629.0,3637.0,3568.0,3568.0,1939900.0
2024-01-29,84730,3560.0,3604.0,3553.0,3602.0,0,0,1707900.0,6131803700.0,1.0,3560.0,3604.0,3553.0,3602.0,1707900.0
2024-01-30,84730,3601.0,3609.0,3579.0,3591.0,0,0,1454700.0,5227142500.0,1.0,3601.0,3609.0,3579.0,3591.0,1454700.0
2024-01-31,84730,3589.0,3644.0,3577.0,3644.0,0,0,2373400.0,8590498500.0,1.0,3589.0,3644.0,3577.0,3644.0,2373400.0
2024-02-01,84730,3613.0,3663.0,3613.0,3639.0,0,0,1961500.0,7132069800.0,1.0,3613.0,3663.0,3613.0,3639.0,1961500.0
2024-02-02,84730,3649.0,3660.0,3606.0,3637.0,0,0,1739700.0,6323301700.0,1.0,3649.0,3660.0,3606.0,3637.0,1739700.0
2024-02-05,84730,3670.0,3718.0,3637.0,3712.0,0,0,2062000.0,7606640700.0,1.0,3670.0,3718.0,3637.0,3712.0,2062000.0
2024-02-06,84730,3692.0,3712.0,3657.0,3657.0,0,0,2503200.0,9225537200.0,1.0,3692.0,3712.0,3657.0,3657.0,2503200.0
2024-02-07,84730,3660.0,3838.0,3658.0,3775.0,0,0,6331200.0,23843901400.0,1.0,3660.0,3838.0,3658.0,3775.0,6331200.0
2024-02-08,84730,3780.0,3849.0,3715.0,3802.0,0,0,4542300.0,17246672700.0,1.0,3780.0,3849.0,3715.0,3802.0,4542300.0
2024-02-09,84730,3820.0,3912.0,3796.0,3876.0,0,0,3553800.0,13745287000.0,1.0,3820.0,3912.0,3796.0,3876.0,3553800.0
2024-02-13,84730,3926.0,3954.0,3879.0,3919.0,0,0,2974500.0,11620743400.0,1.0,3926.0,3954.0,3879.0,3919.0,2974500.0
2024-02-14,84730,3888.0,3927.0,3867.0,3897.0,0,0,2486700.0,9686166100.0,1.0,3888.0,3927.0,3867.0,3897.0,2486700.0
2024-02-15,84730,3920.0,3922.0,3860.0,3878.0,0,0,1968400.0,7650306900.0,1.0,3920.0,3922.0,3860.0,3878.0,1968400.0
2024-02-16,84730,3915.0,3983.0,3887.0,3973.0,0,0,2802700.0,11075868100.0,1.0,3915.0,3983.0,3887.0,3973.0,2802700.0
2024-02-19,84730,4034.0,4077.0,3993.0,4055.0,0,0,2110100.0,8537268000.0,1.0,4034.0,4077.0,3993.0,4055.0,2110100.0
2024-02-20,84730,4120.0,4145.0,3995.0,4000.0,0,0,3128600.0,12678398900.0,1.0,4120.0,4145.0,3995.0,4000.0,3128600.0
2024-02-21,84730,3990.0,3991.0,3913.0,3943.0,0,0,2731300.0,10786153500.0,1.0,3990.0,3991.0,3913.0,3943.0,2731300.0
2024-02-22,84730,3979.0,3983.0,3950.0,3975.0,0,0,1946700.0,7723996100.0,1.0,3979.0,3983.0,3950.0,3975.0,1946700.0
2024-02-26,84730,4028.0,4029.0,3940.0,3945.0,0,0,2522000.0,9987728600.0,1.0,4028.0,4029.0,3940.0,3945.0,2522000.0
2024-02-27,84730,3969.0,4009.0,3957.0,3965.0,0,0,1955700.0,7786214200.0,1.0,3969.0,4009.0,3957.0,3965.0,1955700.0
2024-02-28,84730,3960.0,4005.0,3957.0,4000.0,0,0,1854100.0,7396869600.0,1.0,3960.0,4005.0,3957.0,4000.0,1854100.0
2024-02-29,84730,3999.0,4029.0,3969.0,4025.0,0,0,2632300.0,10556264400.0,1.0,3999.0,4029.0,3969.0,4025.0,2632300.0
2024-03-01,84730,3996.0,4007.0,3967.0,3989.0,0,0,3082900.0,12295681900.0,1.0,3996.0,4007.0,3967.0,3989.0,3082900.0
2024-03-04,84730,3998.0,3998.0,3929.0,3940.0,0,0,2447300.0,9673553700.0,1.0,3998.0,3998.0,3929.0,3940.0,2447300.0
2024-03-05,84730,3920.0,3980.0,3905.0,3968.0,0,0,2111800.0,8335160600.0,1.0,3920.0,3980.0,3905.0,3968.0,2111800.0
2024-03-06,84730,3975.0,4004.0,3932.0,3968.0,0,0,2509700.0,9970290600.0,1.0,3975.0,4004.0,3932.0,3968.0,2509700.0
2024-03-07,84730,3990.0,4056.0,3963.0,3983.0,0,0,3225200.0,12923438400.0,1.0,3990.0,4056.0,3963.0,3983.0,3225200.0
2024-03-08,84730,3947.0,3988.0,3931.0,3953.0,0,0,2218900.0,8784511400.0,1.0,3947.0,3988.0,3931.0,3953.0,2218900.0
2024-03-11,84730,3924.0,3926.0,3790.0,3828.0,0,0,3140900.0,12083826300.0,1.0,3924.0,3926.0,3790.0,3828.0,3140900.0
2024-03-12,84730,3788.0,3824.0,3753.0,3807.0,0,0,2458000.0,9320031300.0,1.0,3788.0,3824.0,3753.0,3807.0,2458000.0
2024-03-13,84730,3870.0,3870.0,3772.0,3788.0,0,0,2264700.0,8626713300.0,1.0,3870.0,3870.0,3772.0,3788.0,2264700.0
2024-03-14,84730,3800.0,3841.0,3786.0,3840.0,0,0,1682100.0,6427353000.0,1.0,3800.0,3841.0,3786.0,3840.0,1682100.0
2024-03-15,84730,3821.0,3884.0,3820.0,3856.0,0,0,1972800.0,7606310800.0,1.0,3821.0,3884.0,3820.0,3856.0,1972800.0
2024-03-18,84730,3890.0,3953.0,3874.0,3951.0,0,0,1789700.0,7014650900.0,1.0,3890.0,3953.0,3874.0,3951.0,1789700.0
2024-03-19,84730,3961.0,4131.0,3951.0,4038.0,0,0,4161400.0,16780902100.0,1.0,3961.0,4131.0,3951.0,4038.0,4161400.0
2024-03-21,84730,4090.0,4093.0,4015.0,4052.0,0,0,2569400.0,10401083100.0,1.0,4090.0,4093.0,4015.0,4052.0,2569400.0
2024-03-22,84730,4071.0,4144.0,4053.0,4129.0,0,0,3285500.0,13486149000.0,1.0,4071.0,4144.0,4053.0,4129.0,3285500.0
2024-03-25,84730,4113.0,4116.0,4063.0,4067.0,0,0,2095600.0,8556762200.0,1.0,4113.0,4116.0,4063.0,4067.0,2095600.0
2024-03-26,84730,4061.0,4095.0,4049.0,4075.0,0,0,1672200.0,6817139400.0,1.0,4061.0,4095.0,4049.0,4075.0,1672200.0
2024-03-27,84730,4075.0,4108.0,4062.0,4091.0,0,0,3781500.0,15448165800.0,1.0,4075.0,4108.0,4062.0,4091.0,3781500.0
2024-03-28,84730,3950.0,3998.0,3926.0,3955.0,0,0,3087600.0,12214524900.0,1.0,3950.0,3998.0,3926.0,3955.0,3087600.0
2024-03-29,84730,3976.0,3992.0,3931.0,3951.0,0,0,1591000.0,6291169100.0,1.0,3976.0,3992.0,3931.0,3951.0,1591000.0
2024-04-01,84730,3954.0,3970.0,3800.0,3800.0,0,0,2386300.0,9202115100.0,1.0,3954.0,3970.0,3800.0,3800.0,2386300.0
2024-04-02,84730,3817.0,3843.0,3801.0,3825.0,0,0,1299200.0,4965277600.0,1.0,3817.0,3843.0,3801.0,3825.0,1299200.0
2024-04-03,84730,3805.0,3856.0,3763.0,3843.0,0,0,1641900.0,6275761600.0,1.0,3805.0,3856.0,3763.0,3843.0,1641900.0
2024-04-04,84730,3880.0,3893.0,3847.0,3884.0,0,0,1274700.0,4941708000.0,1.0,3880.0,3893.0,3847.0,3884.0,1274700.0
2024-04-05,84730,3831.0,3836.0,3765.0,3803.0,0,0,1928900.0,7323585100.0,1.0,3831.0,3836.0,3765.0,3803.0,1928900.0
2024-04-08,84730,3851.0,3922.0,3842.0,3880.0,0,0,1830100.0,7115024400.0,1.0,3851.0,3922.0,3842.0,3880.0,1830100.0
2024-04-09,84730,3883.0,3928.0,3883.0,3922.0,0,0,1195500.0,4673608000.0,1.0,3883.0,3928.0,3883.0,3922.0,1195500.0
2024-04-10,84730,3883.0,3890.0,3858.0,3867.0,0,0,1305400.0,5050818900.0,1.0,3883.0,3890.0,3858.0,3867.0,1305400.0
2024-04-11,84730,3818.0,3877.0,3814.0,3844.0,0,0,975100.0,3755156900.0,1.0,3818.0,3877.0,3814.0,3844.0,975100.0
2024-04-12,84730,3874.0,3885.0,3840.0,3852.0,0,0,958600.0,3696819300.0,1.0,3874.0,3885.0,3840.0,3852.0,958600.0
2024-04-15,84730,3830.0,3861.0,3794.0,3854.0,0,0,1149900.0,4403531600.0,1.0,3830.0,3861.0,3794.0,3854.0,1149900.0
2024-04-16,84730,3810.0,3827.0,3768.0,3777.0,0,0,1657100.0,6276442400.0,1.0,3810.0,3827.0,3768.0,3777.0,1657100.0
2024-04-17,84730,3800.0,3801.0,3664.0,3674.0,0,0,2024500.0,7543284000.0,1.0,3800.0,3801.0,3664.0,3674.0,2024500.0
2024-04-18,84730,3651.0,3734.0,3637.0,3714.0,0,0,1312500.0,4848765200.0,1.0,3651.0,3734.0,3637.0,3714.0,1312500.0
2024-04-19,84730,3665.0,3712.0,3605.0,3645.0,0,0,1950500.0,7128183400.0,1.0,3665.0,3712.0,3605.0,3645.0,1950500.0
2024-04-22,84730,3712.0,3771.0,3701.0,3750.0,0,0,1823500.0,6824482100.0,1.0,3712.0,3771.0,3701.0,3750.0,1823500.0
2024-04-23,84730,3792.0,3808.0,3778.0,3792.0,0,0,1266000.0,4806235900.0,1.0,3792.0,3808.0,3778.0,3792.0,1266000.0
2024-04-24,84730,3824.0,3862.0,3812.0,3851.0,0,0,1367200.0,5254371400.0,1.0,3824.0,3862.0,3812.0,3851.0,1367200.0
2024-04-25,84730,3843.0,3862.0,3799.0,3799.0,0,0,1202400.0,4592467600.0,1.0,3843.0,3862.0,3799.0,3799.0,1202400.0
2024-04-26,84730,3810.0,3895.0,3784.0,3856.0,0,0,3591200.0,13845440300.0,1.0,3810.0,3895.0,3784.0,3856.0,3591200.0
2024-04-30,84730,3885.0,3889.0,3813.0,3852.0,0,0,1685900.0,6481355400.0,1.0,3885.0,3889.0,3813.0,3852.0,1685900.0
2024-05-01,84730,3815.0,3820.0,3760.0,3780.0,0,0,1268400.0,4800240200.0,1.0,3815.0,3820.0,3760.0,3780.0,1268400.0
2024-05-02,84730,3745.0,3784.0,3730.0,3768.0,0,0,1055900.0,3970837500.0,1.0,3745.0,3784.0,3730.0,3768.0,1055900.0
2024-05-07,84730,3795.0,3803.0,3770.0,3800.0,0,0,1093500.0,4147543800.0,1.0,3795.0,3803.0,3770.0,3800.0,1093500.0
2024-05-08,84730,3782.0,3811.0,3773.0,3773.0,0,0,1028800.0,3896130100.0,1.0,3782.0,3811.0,3773.0,3773.0,1028800.0
2024-05-09,84730,3791.0,3812.0,3771.0,3781.0,0,0,1052900.0,3991198200.0,1.0,3791.0,3812.0,3771.0,3781.0,1052900.0
2024-05-10,84730,3812.0,3970.0,3803.0,3970.0,0,0,3579600.0,13988699900.0,1.0,3812.0,3970.0,3803.0,3970.0,3579600.0
2024-05-13,84730,3900.0,3932.0,3851.0,3913.0,0,0,1855800.0,7237317800.0,1.0,3900.0,3932.0,3851.0,3913.0,1855800.0
2024-05-14,84730,3901.0,3929.0,3825.0,3848.0,0,0,1530800.0,5920361000.0,1.0,3901.0,3929.0,3825.0,3848.0,1530800.0
2024-05-15,84730,3883.0,3884.0,3824.0,3833.0,0,0,1430100.0,5500465900.0,1.0,3883.0,3884.0,3824.0,3833.0,1430100.0
2024-05-16,84730,3835.0,3846.0,3775.0,3845.0,0,0,1637600.0,6250029300.0,1.0,3835.0,3846.0,3775.0,3845.0,1637600.0
2024-05-17,84730,3839.0,3901.0,3822.0,3901.0,0,0,955500.0,3705290500.0,1.0,3839.0,3901.0,3822.0,3901.0,955500.0
2024-05-20,84730,3930.0,4019.0,3918.0,4005.0,0,0,2361500.0,9423754600.0,1.0,3930.0,4019.0,3918.0,4005.0,2361500.0
2024-05-21,84730,4018.0,4058.0,3939.0,3940.0,0,0,1829700.0,7309004600.0,1.0,4018.0,4058.0,3939.0,3940.0,1829700.0
2024-05-22,84730,3979.0,4009.0,3952.0,4005.0,0,0,1192500.0,4754436500.0,1.0,3979.0,4009.0,3952.0,4005.0,1192500.0
2024-05-23,84730,3972.0,4009.0,3948.0,3995.0,0,0,1061900.0,4235073000.0,1.0,3972.0,4009.0,3948.0,3995.0,1061900.0
2024-05-24,84730,3945.0,3984.0,3939.0,3954.0,0,0,950700.0,3762314000.0,1.0,3945.0,3984.0,3939.0,3954.0,950700.0
2024-05-27,84730,3979.0,3999.0,3955.0,3999.0,0,0,1073100.0,4280130700.0,1.0,3979.0,3999.0,3955.0,3999.0,1073100.0
2024-05-28,84730,3990.0,3993.0,3944.0,3944.0,0,0,1113200.0,4407063000.0,1.0,3990.0,3993.0,3944.0,3944.0,1113200.0
2024-05-29,84730,3944.0,3967.0,3896.0,3900.0,0,0,1079200.0,4237738300.0,1.0,3944.0,3967.0,3896.0,3900.0,1079200.0
2024-05-30,84730,3861.0,3910.0,3852.0,3892.0,0,0,1192600.0,4631160000.0,1.0,3861.0,3910.0,3852.0,3892.0,1192600.0
2024-05-31,84730,3935.0,4084.0,3928.0,4062.0,0,0,5544800.0,22412299400.0,1.0,3935.0,4084.0,3928.0,4062.0,5544800.0
2024-06-03,84730,4096.0,4150.0,4076.0,4150.0,0,0,2489700.0,10257490100.0,1.0,4096.0,4150.0,4076.0,4150.0,2489700.0
2024-06-04,84730,4157.0,4169.0,4113.0,4135.0,0,0,1311400.0,5428025700.0,1.0,4157.0,4169.0,4113.0,4135.0,1311400.0
2024-06-05,84730,4115.0,4121.0,4016.0,4085.0,0,0,1631400.0,6630572700.0,1.0,4115.0,4121.0,4016.0,4085.0,1631400.0
2024-06-06,84730,4143.0,4189.0,4077.0,4171.0,0,0,2082300.0,8659713100.0,1.0,4143.0,4189.0,4077.0,4171.0,2082300.0
2024-06-07,84730,4160.0,4209.0,4066.0,4113.0,0,0,1672500.0,6899232300.0,1.0,4160.0,4209.0,4066.0,4113.0,1672500.0
2024-06-10,84730,4133.0,4152.0,4102.0,4150.0,0,0,895600.0,3704153900.0,1.0,4133.0,4152.0,4102.0,4150.0,895600.0
2024-06-11,84730,4149.0,4183.0,4097.0,4104.0,0,0,1045900.0,4320268300.0,1.0,4149.0,4183.0,4097.0,4104.0,1045900.0
2024-06-12,84730,4056.0,4061.0,3994.0,3998.0,0,0,1889000.0,7581934200.0,1.0,4056.0,4061.0,3994.0,3998.0,1889000.0
2024-06-13,84730,4040.0,4040.0,3957.0,3957.0,0,0,1032500.0,4113450200.0,1.0,4040.0,4040.0,3957.0,3957.0,1032500.0
2024-06-14,84730,3950.0,4015.0,3945.0,4006.0,0,0,1379200.0,5495495800.0,1.0,3950.0,4015.0,3945.0,4006.0,1379200.0
2024-06-17,84730,3989.0,3998.0,3932.0,3932.0,0,0,1034300.0,4089188300.0,1.0,3989.0,3998.0,3932.0,3932.0,1034300.0
2024-06-18,84730,3985.0,4009.0,3927.0,3942.0,0,0,807700.0,3193790400.0,1.0,3985.0,4009.0,3927.0,3942.0,807700.0
2024-06-19,84730,3950.0,3977.0,3938.0,3966.0,0,0,590000.0,2336430400.0,1.0,3950.0,3977.0,3938.0,3966.0,590000.0
2024-06-20,84730,3930.0,3946.0,3836.0,3861.0,0,0,1825800.0,7073268200.0,1.0,3930.0,3946.0,3836.0,3861.0,1825800.0
2024-06-21,84730,3931.0,3987.0,3898.0,3900.0,0,0,3127800.0,12260230000.0,1.0,3931.0,3987.0,3898.0,3900.0,3127800.0
2024-06-24,84730,3890.0,3908.0,3871.0,3904.0,0,0,1113700.0,4335749200.0,1.0,3890.0,3908.0,3871.0,3904.0,1113700.0
2024-06-25,84730,3927.0,4020.0,3918.0,4020.0,0,0,1417700.0,5654987700.0,1.0,3927.0,4020.0,3918.0,4020.0,1417700.0
2024-06-26,84730,4004.0,4060.0,3992.0,4060.0,0,0,1668600.0,6745033100.0,1.0,4004.0,4060.0,3992.0,4060.0,1668600.0
2024-06-27,84730,4055.0,4056.0,4005.0,4041.0,0,0,1061300.0,4273671300.0,1.0,4055.0,4056.0,4005.0,4041.0,1061300.0
2024-06-28,84730,4088.0,4106.0,4051.0,4067.0,0,0,1419800.0,5783178700.0,1.0,4088.0,4106.0,4051.0,4067.0,1419800.0
2024-07-01,84730,4119.0,4119.0,4080.0,4105.0,0,0,1426500.0,5845863600.0,1.0,4119.0,4119.0,4080.0,4105.0,1426500.0
2024-07-02,84730,4090.0,4223.0,4077.0,4197.0,0,0,2405900.0,10047703200.0,1.0,4090.0,4223.0,4077.0,4197.0,2405900.0
2024-07-03,84730,4237.0,4254.0,4189.0,4226.0,0,0,1565700.0,6613969700.0,1.0,4237.0,4254.0,4189.0,4226.0,1565700.0
2024-07-04,84730,4216.0,4222.0,4169.0,4199.0,0,0,1247000.0,5224491700.0,1.0,4216.0,4222.0,4169.0,4199.0,1247000.0
2024-07-05,84730,4198.0,4224.0,4155.0,4156.0,0,0,927500.0,3875677800.0,1.0,4198.0,4224.0,4155.0,4156.0,927500.0
2024-07-08,84730,4143.0,4179.0,4126.0,4169.0,0,0,1072100.0,4459610000.0,1.0,4143.0,4179.0,4126.0,4169.0,1072100.0
2024-07-09,84730,4169.0,4178.0,4114.0,4164.0,0,0,941800.0,3910972000.0,1.0,4169.0,4178.0,4114.0,4164.0,941800.0
2024-07-10,84730,4152.0,4187.0,4139.0,4187.0,0,0,1147300.0,4783887900.0,1.0,4152.0,4187.0,4139.0,4187.0,1147300.0
2024-07-11,84730,4108.0,4121.0,4045.0,4083.0,0,0,2901100.0,11844504400.0,1.0,4108.0,4121.0,4045.0,4083.0,2901100.0
2024-07-12,84730,4007.0,4054.0,3989.0,4032.0,0,0,1880700.0,7566012800.0,1.0,4007.0,4054.0,3989.0,4032.0,1880700.0
2024-07-16,84730,4068.0,4133.0,4051.0,4113.0,0,0,1603600.0,6585397800.0,1.0,4068.0,4133.0,4051.0,4113.0,1603600.0
2024-07-17,84730,4143.0,4180.0,4133.0,4159.0,0,0,1150900.0,4788243800.0,1.0,4143.0,4180.0,4133.0,4159.0,1150900.0
2024-07-18,84730,4111.0,4159.0,4068.0,4069.0,0,0,1392100.0,5713877900.0,1.0,4111.0,4159.0,4068.0,4069.0,1392100.0
2024-07-19,84730,4071.0,4080.0,4026.0,4040.0,0,0,995100.0,4029766000.0,1.0,4071.0,4080.0,4026.0,4040.0,995100.0
2024-07-22,84730,4069.0,4073.0,3994.0,3994.0,0,0,922600.0,3707265300.0,1.0,4069.0,4073.0,3994.0,3994.0,922600.0
2024-07-23,84730,4001.0,4041.0,3992.0,4021.0,0,0,775500.0,3116448900.0,1.0,4001.0,4041.0,3992.0,4021.0,775500.0
2024-07-24,84730,3994.0,4011.0,3939.0,3939.0,0,0,1331400.0,5287833800.0,1.0,3994.0,4011.0,3939.0,3939.0,1331400.0
2024-07-25,84730,3850.0,3851.0,3781.0,3786.0,0,0,2530600.0,9642210400.0,1.0,3850.0,3851.0,3781.0,3786.0,2530600.0
2024-07-26,84730,3798.0,3819.0,3750.0,3755.0,0,0,1724200.0,6524895800.0,1.0,3798.0,3819.0,3750.0,3755.0,1724200.0
2024-07-29,84730,3825.0,3877.0,3790.0,3873.0,0,0,1708000.0,6576172300.0,1.0,3825.0,3877.0,3790.0,3873.0,1708000.0
2024-07-30,84730,3862.0,3887.0,3831.0,3879.0,0,0,1320300.0,5097307300.0,1.0,3862.0,3887.0,3831.0,3879.0,1320300.0
2024-07-31,84730,3850.0,3952.0,3817.0,3943.0,0,0,2840900.0,11072515400.0,1.0,3850.0,3952.0,3817.0,3943.0,2840900.0
2024-08-01,84730,3905.0,3918.0,3765.0,3807.0,0,0,2273900.0,8666403700.0,1.0,3905.0,3918.0,3765.0,3807.0,2273900.0
2024-08-02,84730,3700.0,3712.0,3464.0,3464.0,0,0,4516000.0,16156311200.0,1.0,3700.0,3712.0,3464.0,3464.0,4516000.0
2024-08-05,84730,3201.0,3235.0,2855.0,2884.5,0,0,6563100.0,20254579000.0,1.0,3201.0,3235.0,2855.0,2884.5,6563100.0
2024-08-06,84730,3173.0,3237.0,3070.0,3158.0,0,0,4216600.0,13304333700.0,1.0,3173.0,3237.0,3070.0,3158.0,4216600.0
2024-08-07,84730,3142.0,3434.0,3126.0,3320.0,0,0,3535800.0,11693623100.0,1.0,3142.0,3434.0,3126.0,3320.0,3535800.0
2024-08-08,84730,3280.0,3359.0,3241.0,3283.0,0,0,1937800.0,6400620000.0,1.0,3280.0,3359.0,3241.0,3283.0,1937800.0
2024-08-09,84730,3350.0,3367.0,3196.0,3274.0,0,0,2313800.0,7601935800.0,1.0,3350.0,3367.0,3196.0,3274.0,2313800.0
2024-08-13,84730,3325.0,3414.0,3307.0,3414.0,0,0,2194500.0,7384741800.0,1.0,3325.0,3414.0,3307.0,3414.0,2194500.0
2024-08-14,84730,3414.0,3420.0,3358.0,3387.0,0,0,2389700.0,8102262700.0,1.0,3414.0,3420.0,3358.0,3387.0,2389700.0
2024-08-15,84730,3441.0,3549.0,3425.0,3505.0,0,0,1949900.0,6823165600.0,1.0,3441.0,3549.0,3425.0,3505.0,1949900.0
2024-08-16,84730,3610.0,3611.0,3538.0,3540.0,0,0,1742200.0,6202684400.0,1.0,3610.0,3611.0,3538.0,3540.0,1742200.0
2024-08-19,84730,3540.0,3612.0,3523.0,3524.0,0,0,1335100.0,4761647300.0,1.0,3540.0,3612.0,3523.0,3524.0,1335100.0
2024-08-20,84730,3576.0,3584.0,3541.0,3584.0,0,0,920700.0,3287334400.0,1.0,3576.0,3584.0,3541.0,3584.0,920700.0
2024-08-21,84730,3540.0,3570.0,3533.0,3560.0,0,0,819600.0,2914886300.0,1.0,3540.0,3570.0,3533.0,3560.0,819600.0
2024-08-22,84730,3561.0,3574.0,3522.0,3537.0,0,0,767900.0,2718520600.0,1.0,3561.0,3574.0,3522.0,3537.0,767900.0
2024-08-23,84730,3577.0,3598.0,3545.0,3598.0,0,0,1185000.0,4240199500.0,1.0,3577.0,3598.0,3545.0,3598.0,1185000.0
2024-08-26,84730,3570.0,3578.0,3544.0,3560.0,0,0,979900.0,3486921100.0,1.0,3570.0,3578.0,3544.0,3560.0,979900.0
2024-08-27,84730,3578.0,3592.0,3539.0,3571.0,0,0,1344000.0,4793835700.0,1.0,3578.0,3592.0,3539.0,3571.0,1344000.0
2024-08-28,84730,3560.0,3588.0,3539.0,3588.0,0,0,997000.0,3552946200.0,1.0,3560.0,3588.0,3539.0,3588.0,997000.0
2024-08-29,84730,3530.0,3570.0,3524.0,3565.0,0,0,1256600.0,4463553000.0,1.0,3530.0,3570.0,3524.0,3565.0,1256600.0
2024-08-30,84730,3570.0,3589.0,3558.0,3568.0,0,0,1117200.0,3989937600.0,1.0,3570.0,3589.0,3558.0,3568.0,1117200.0
2024-09-02,84730,3590.0,3603.0,3561.0,3561.0,0,0,998100.0,3574663100.0,1.0,3590.0,3603.0,3561.0,3561.0,998100.0
2024-09-03,84730,3560.0,3616.0,3557.0,3584.0,0,0,945900.0,3392847200.0,1.0,3560.0,3616.0,3557.0,3584.0,945900.0
2024-09-04,84730,3444.0,3494.0,3396.0,3414.0,0,0,2565400.0,8805591900.0,1.0,3444.0,3494.0,3396.0,3414.0,2565400.0
2024-09-05,84730,3379.0,3473.0,3362.0,3399.0,0,0,1331700.0,4547082700.0,1.0,3379.0,3473.0,3362.0,3399.0,1331700.0
2024-09-06,84730,3390.0,3396.0,3300.0,3334.0,0,0,2073200.0,6911043300.0,1.0,3390.0,3396.0,3300.0,3334.0,2073200.0
2024-09-09,84730,3201.0,3278.0,3185.0,3266.0,0,0,2444900.0,7890220800.0,1.0,3201.0,3278.0,3185.0,3266.0,2444900.0
2024-09-10,84730,3283.0,3290.0,3226.0,3234.0,0,0,1741400.0,5667376100.0,1.0,3283.0,3290.0,3226.0,3234.0,1741400.0
2024-09-11,84730,3213.0,3220.0,3132.0,3152.0,0,0,1782800.0,5662487400.0,1.0,3213.0,3220.0,3132.0,3152.0,1782800.0
2024-09-12,84730,3264.0,3277.0,3222.0,3264.0,0,0,1615500.0,5260154700.0,1.0,3264.0,3277.0,3222.0,3264.0,1615500.0
2024-09-13,84730,3256.0,3293.0,3228.0,3250.0,0,0,1496900.0,4873655900.0,1.0,3256.0,3293.0,3228.0,3250.0,1496900.0
2024-09-17,84730,3269.0,3285.0,3178.0,3211.0,0,0,1388100.0,4456920100.0,1.0,3269.0,3285.0,3178.0,3211.0,1388100.0
2024-09-18,84730,3260.0,3269.0,3212.0,3242.0,0,0,858000.0,2776091600.0,1.0,3260.0,3269.0,3212.0,3242.0,858000.0
2024-09-19,84730,3280.0,3327.0,3276.0,3300.0,0,0,1275600.0,4215151900.0,1.0,3280.0,3327.0,3276.0,3300.0,1275600.0
2024-09-20,84730,3361.0,3370.0,3327.0,3333.0,0,0,1408700.0,4707328300.0,1.0,3361.0,3370.0,3327.0,3333.0,1408700.0
2024-09-24,84730,3355.0,3356.0,3302.0,3302.0,0,0,1483800.0,4933234400.0,1.0,3355.0,3356.0,3302.0,3302.0,1483800.0
2024-09-25,84730,3299.0,3311.0,3271.0,3282.0,0,0,1067500.0,3514225500.0,1.0,3299.0,3311.0,3271.0,3282.0,1067500.0
2024-09-26,84730,3311.0,3366.0,3290.0,3366.0,0,0,1780500.0,5942660700.0,1.0,3311.0,3366.0,3290.0,3366.0,1780500.0
2024-09-27,84730,3406.0,3408.0,3315.0,3358.0,0,0,1748400.0,5869828800.0,1.0,3406.0,3408.0,3315.0,3358.0,1748400.0
2024-09-30,84730,3243.0,3324.0,3230.0,3295.0,0,0,2679200.0,8793055900.0,1.0,3243.0,3324.0,3230.0,3295.0,2679200.0
2024-10-01,84730,3330.0,3382.0,3313.0,3364.0,0,0,1294200.0,4345423800.0,1.0,3330.0,3382.0,3313.0,3364.0,1294200.0
2024-10-02,84730,3330.0,3362.0,3292.0,3304.0,0,0,1355600.0,4506810800.0,1.0,3330.0,3362.0,3292.0,3304.0,1355600.0
2024-10-03,84730,3374.0,3377.0,3312.0,3320.0,0,0,1046200.0,3486919500.0,1.0,3374.0,3377.0,3312.0,3320.0,1046200.0
2024-10-04,84730,3355.0,3366.0,3330.0,3338.0,0,0,837500.0,2799651500.0,1.0,3355.0,3366.0,3330.0,3338.0,837500.0
2024-10-07,84730,3393.0,3417.0,3367.0,3393.0,0,0,1388600.0,4722520900.0,1.0,3393.0,3417.0,3367.0,3393.0,1388600.0
2024-10-08,84730,3323.0,3330.0,3260.0,3264.0,0,0,1880100.0,6177836900.0,1.0,3323.0,3330.0,3260.0,3264.0,1880100.0
2024-10-09,84730,3292.0,3297.0,3248.0,3260.0,0,0,1393800.0,4545339600.0,1.0,3292.0,3297.0,3248.0,3260.0,1393800.0
2024-10-10,84730,3284.0,3295.0,3266.0,3292.0,0,0,871700.0,2866220500.0,1.0,3284.0,3295.0,3266.0,3292.0,871700.0
2024-10-11,84730,3285.0,3310.0,3273.0,3277.0,0,0,933900.0,3069701300.0,1.0,3285.0,3310.0,3273.0,3277.0,933900.0
2024-10-15,84730,3339.0,3353.0,3306.0,3330.0,0,0,1535700.0,5120312500.0,1.0,3339.0,3353.0,3306.0,3330.0,1535700.0
2024-10-16,84730,3300.0,3343.0,3280.0,3321.0,0,0,997700.0,3312396300.0,1.0,3300.0,3343.0,3280.0,3321.0,997700.0
2024-10-17,84730,3337.0,3373.0,3325.0,3347.0,0,0,802600.0,2690064000.0,1.0,3337.0,3373.0,3325.0,3347.0,802600.0
2024-10-18,84730,3373.0,3394.0,3353.0,3361.0,0,0,1464300.0,4939766800.0,1.0,3373.0,3394.0,3353.0,3361.0,1464300.0
2024-10-21,84730,3373.0,3389.0,3345.0,3374.0,0,0,902400.0,3042618800.0,1.0,3373.0,3389.0,3345.0,3374.0,902400.0
2024-10-22,84730,3352.0,3363.0,3289.0,3310.0,0,0,1396900.0,4636041800.0,1.0,3352.0,3363.0,3289.0,3310.0,1396900.0
2024-10-23,84730,3310.0,3324.0,3283.0,3288.0,0,0,1246400.0,4118760900.0,1.0,3310.0,3324.0,3283.0,3288.0,1246400.0
2024-10-24,84730,3260.0,3278.0,3229.0,3256.0,0,0,953700.0,3106507100.0,1.0,3260.0,3278.0,3229.0,3256.0,953700.0
2024-10-25,84730,3260.0,3268.0,3210.0,3238.0,0,0,884100.0,2856530300.0,1.0,3260.0,3268.0,3210.0,3238.0,884100.0
2024-10-28,84730,3213.0,3320.0,3211.0,3316.0,0,0,1417600.0,4661586900.0,1.0,3213.0,3320.0,3211.0,3316.0,1417600.0
2024-10-29,84730,3340.0,3422.0,3332.0,3400.0,0,0,1329500.0,4507787300.0,1.0,3340.0,3422.0,3332.0,3400.0,1329500.0
2024-10-30,84730,3400.0,3422.0,3372.0,3403.0,0,0,1624500.0,5523269800.0,1.0,3400.0,3422.0,3372.0,3403.0,1624500.0
2024-10-31,84730,3397.0,3415.0,3375.0,3399.0,0,0,1183400.0,4020637600.0,1.0,3397.0,3415.0,3375.0,3399.0,1183400.0
2024-11-01,84730,3340.0,3382.0,3330.0,3370.0,0,0,1138500.0,3831056600.0,1.0,3340.0,3382.0,3330.0,3370.0,1138500.0
2024-11-05,84730,3394.0,3450.0,3375.0,3450.0,0,0,1272200.0,4361412800.0,1.0,3394.0,3450.0,3375.0,3450.0,1272200.0
2024-11-06,84730,3452.0,3536.0,3448.0,3536.0,0,0,1736100.0,6083710000.0,1.0,3452.0,3536.0,3448.0,3536.0,1736100.0
2024-11-07,84730,3630.0,3657.0,3565.0,3592.0,0,0,2941000.0,10625190500.0,1.0,3630.0,3657.0,3565.0,3592.0,2941000.0
2024-11-08,84730,3628.0,3632.0,3515.0,3582.0,0,0,2180200.0,7807915500.0,1.0,3628.0,3632.0,3515.0,3582.0,2180200.0
2024-11-11,84730,3582.0,3603.0,3498.0,3535.0,0,0,2074600.0,7343229100.0,1.0,3582.0,3603.0,3498.0,3535.0,2074600.0
2024-11-12,84730,3553.0,3605.0,3519.0,3526.0,0,0,1680800.0,5977781600.0,1.0,3553.0,3605.0,3519.0,3526.0,1680800.0
2024-11-13,84730,3525.0,3540.0,3484.0,3496.0,0,0,1447500.0,5077610200.0,1.0,3525.0,3540.0,3484.0,3496.0,1447500.0
2024-11-14,84730,3515.0,3542.0,3495.0,3495.0,0,0,1506300.0,5292290900.0,1.0,3515.0,3542.0,3495.0,3495.0,1506300.0
2024-11-15,84730,3491.0,3499.0,3435.0,3440.0,0,0,1779100.0,6145063500.0,1.0,3491.0,3499.0,3435.0,3440.0,1779100.0
2024-11-18,84730,3453.0,3482.0,3445.0,3474.0,0,0,1085700.0,3761411500.0,1.0,3453.0,3482.0,3445.0,3474.0,1085700.0
2024-11-19,84730,3490.0,3588.0,3483.0,3573.0,0,0,1659500.0,5866433500.0,1.0,3490.0,3588.0,3483.0,3573.0,1659500.0
2024-11-20,84730,3569.0,3573.0,3532.0,3553.0,0,0,988700.0,3513024100.0,1.0,3569.0,3573.0,3532.0,3553.0,988700.0
2024-11-21,84730,3550.0,3557.0,3500.0,3514.0,0,0,1305700.0,4605417100.0,1.0,3550.0,3557.0,3500.0,3514.0,1305700.0
2024-11-22,84730,3526.0,3591.0,3511.0,3562.0,0,0,1720000.0,6108089500.0,1.0,3526.0,3591.0,3511.0,3562.0,1720000.0
2024-11-25,84730,3620.0,3722.0,3611.0,3705.0,0,0,3891700.0,14347273500.0,1.0,3620.0,3722.0,3611.0,3705.0,3891700.0
2024-11-26,84730,3720.0,3725.0,3643.0,3679.0,0,0,2526600.0,9304776400.0,1.0,3720.0,3725.0,3643.0,3679.0,2526600.0
2024-11-27,84730,3670.0,3680.0,3592.0,3623.0,0,0,1439200.0,5229097800.0,1.0,3670.0,3680.0,3592.0,3623.0,1439200.0
2024-11-28,84730,3618.0,3755.0,3608.0,3737.0,0,0,2511900.0,9334052500.0,1.0,3618.0,3755.0,3608.0,3737.0,2511900.0
2024-11-29,84730,3739.0,3780.0,3715.0,3780.0,0,0,1882800.0,7077358300.0,1.0,3739.0,3780.0,3715.0,3780.0,1882800.0
2024-12-02,84730,3834.0,3938.0,3827.0,3908.0,0,0,3471500.0,13491924000.0,1.0,3834.0,3938.0,3827.0,3908.0,3471500.0
2024-12-03,84730,3929.0,4015.0,3897.0,3991.0,0,0,3121200.0,12393823300.0,1.0,3929.0,4015.0,3897.0,3991.0,3121200.0
2024-12-04,84730,3975.0,3982.0,3917.0,3931.0,0,0,1715100.0,6762911400.0,1.0,3975.0,3982.0,3917.0,3931.0,1715100.0
2024-12-05,84730,4025.0,4065.0,3987.0,4055.0,0,0,3437600.0,13857452900.0,1.0,4025.0,4065.0,3987.0,4055.0,3437600.0
2024-12-06,84730,4063.0,4073.0,3993.0,4011.0,0,0,1711500.0,6885222000.0,1.0,4063.0,4073.0,3993.0,4011.0,1711500.0
2024-12-09,84730,4051.0,4066.0,4008.0,4030.0,0,0,1390300.0,5613990000.0,1.0,4051.0,4066.0,4008.0,4030.0,1390300.0
2024-12-10,84730,4016.0,4029.0,3954.0,3970.0,0,0,1687000.0,6715603700.0,1.0,4016.0,4029.0,3954.0,3970.0,1687000.0
2024-12-11,84730,3955.0,3997.0,3939.0,3994.0,0,0,1363800.0,5418513000.0,1.0,3955.0,3997.0,3939.0,3994.0,1363800.0
2024-12-12,84730,4074.0,4148.0,4074.0,4102.0,0,0,2772600.0,11389424700.0,1.0,4074.0,4148.0,4074.0,4102.0,2772600.0
2024-12-13,84730,4060.0,4099.0,4056.0,4095.0,0,0,1381300.0,5632042100.0,1.0,4060.0,4099.0,4056.0,4095.0,1381300.0
2024-12-16,84730,4125.0,4149.0,4100.0,4131.0,0,0,1575300.0,6500839400.0,1.0,4125.0,4149.0,4100.0,4131.0,1575300.0
2024-12-17,84730,4129.0,4149.0,4060.0,4060.0,0,0,1386700.0,5683273800.0,1.0,4129.0,4149.0,4060.0,4060.0,1386700.0
2024-12-18,84730,4055.0,4076.0,4028.0,4056.0,0,0,1391800.0,5644048400.0,1.0,4055.0,4076.0,4028.0,4056.0,1391800.0
2024-12-19,84730,3932.0,4031.0,3925.0,4001.0,0,0,1239500.0,4950765600.0,1.0,3932.0,4031.0,3925.0,4001.0,1239500.0
2024-12-20,84730,4035.0,4036.0,3955.0,3958.0,0,0,1211800.0,4820982600.0,1.0,4035.0,4036.0,3955.0,3958.0,1211800.0
2024-12-23,84730,3981.0,3999.0,3965.0,3999.0,0,0,806600.0,3217542500.0,1.0,3981.0,3999.0,3965.0,3999.0,806600.0
2024-12-24,84730,4007.0,4012.0,3992.0,4002.0,0,0,686600.0,2747411400.0,1.0,4007.0,4012.0,3992.0,4002.0,686600.0
2024-12-25,84730,4023.0,4028.0,3955.0,3994.0,0,0,698100.0,2779759000.0,1.0,4023.0,4028.0,3955.0,3994.0,698100.0
2024-12-26,84730,3994.0,4002.0,3968.0,3994.0,0,0,1045300.0,4167792800.0,1.0,3994.0,4002.0,3968.0,3994.0,1045300.0
2024-12-27,84730,4014.0,4035.0,3990.0,4029.0,0,0,1335600.0,5371359300.0,1.0,4014.0,4035.0,3990.0,4029.0,1335600.0
2024-12-30,84730,4029.0,4053.0,3982.0,3982.0,0,0,1356500.0,5429651100.0,1.0,4029.0,4053.0,3982.0,3982.0,1356500.0
2025-01-06,84730,4002.0,4006.0,3948.0,3997.0,0,0,1315900.0,5241285500.0,1.0,4002.0,4006.0,3948.0,3997.0,1315900.0
2025-01-07,84730,4082.0,4153.0,4053.0,4126.0,0,0,2187100.0,9002259200.0,1.0,4082.0,4153.0,4053.0,4126.0,2187100.0
2025-01-08,84730,4070.0,4108.0,4043.0,4043.0,0,0,1624600.0,6614275600.0,1.0,4070.0,4108.0,4043.0,4043.0,1624600.0
2025-01-09,84730,4040.0,4042.0,3975.0,3980.0,0,0,1665800.0,6663715600.0,1.0,4040.0,4042.0,3975.0,3980.0,1665800.0
2025-01-10,84730,3965.0,3977.0,3917.0,3925.0,0,0,1131500.0,4461470600.0,1.0,3965.0,3977.0,3917.0,3925.0,1131500.0
2025-01-14,84730,3903.0,3917.0,3854.0,3878.0,0,0,1787000.0,6935966400.0,1.0,3903.0,3917.0,3854.0,3878.0,1787000.0
2025-01-15,84730,3917.0,3925.0,3835.0,3852.0,0,0,1181300.0,4571218400.0,1.0,3917.0,3925.0,3835.0,3852.0,1181300.0
2025-01-16,84730,3922.0,3992.0,3903.0,3972.0,0,0,1828700.0,7225010700.0,1.0,3922.0,3992.0,3903.0,3972.0,1828700.0
2025-01-17,84730,3946.0,4051.0,3932.0,4014.0,0,0,1863600.0,7431729500.0,1.0,3946.0,4051.0,3932.0,4014.0,1863600.0
2025-01-20,84730,4052.0,4131.0,4037.0,4086.0,0,0,1662700.0,6800798500.0,1.0,4052.0,4131.0,4037.0,4086.0,1662700.0
2025-01-21,84730,4087.0,4093.0,4005.0,4015.0,0,0,1357100.0,5477674800.0,1.0,4087.0,4093.0,4005.0,4015.0,1357100.0
2025-01-22,84730,4085.0,4087.0,4030.0,4049.0,0,0,1004300.0,4082964400.0,1.0,4085.0,4087.0,4030.0,4049.0,1004300.0
2025-01-23,84730,4046.0,4096.0,4041.0,4062.0,0,0,1087200.0,4423253400.0,1.0,4046.0,4096.0,4041.0,4062.0,1087200.0
2025-01-24,84730,4050.0,4132.0,4041.0,4121.0,0,0,1235200.0,5067881300.0,1.0,4050.0,4132.0,4041.0,4121.0,1235200.0
2025-01-27,84730,4155.0,4198.0,4119.0,4151.0,0,0,1633100.0,6795697200.0,1.0,4155.0,4198.0,4119.0,4151.0,1633100.0
2025-01-28,84730,4149.0,4348.0,4086.0,4342.0,0,0,3698700.0,15820159600.0,1.0,4149.0,4348.0,4086.0,4342.0,3698700.0
2025-01-29,84730,4302.0,4394.0,4294.0,4364.0,0,0,1667200.0,7257167200.0,1.0,4302.0,4394.0,4294.0,4364.0,1667200.0
2025-01-30,84730,4337.0,4403.0,4331.0,4389.0,0,0,1157200.0,5055241400.0,1.0,4337.0,4403.0,4331.0,4389.0,1157200.0
2025-01-31,84730,4435.0,4537.0,4367.0,4503.0,0,0,2794800.0,12512337500.0,1.0,4435.0,4537.0,4367.0,4503.0,2794800.0
2025-02-03,84730,4372.0,4418.0,4304.0,4341.0,0,0,3415100.0,14854548500.0,1.0,4372.0,4418.0,4304.0,4341.0,3415100.0
2025-02-04,84730,4388.0,4392.0,4305.0,4322.0,0,0,1979900.0,8594057100.0,1.0,4388.0,4392.0,4305.0,4322.0,1979900.0
2025-02-05,84730,4341.0,4351.0,4284.0,4315.0,0,0,1196500.0,5161098400.0,1.0,4341.0,4351.0,4284.0,4315.0,1196500.0
2025-02-06,84730,4331.0,4385.0,4294.0,4330.0,0,0,1834800.0,7959169900.0,1.0,4331.0,4385.0,4294.0,4330.0,1834800.0
2025-02-07,84730,4317.0,4468.0,4276.0,4360.0,0,0,3075100.0,13481148700.0,1.0,4317.0,4468.0,4276.0,4360.0,3075100.0
2025-02-10,84730,4399.0,4440.0,4288.0,4358.0,0,0,1976700.0,8614297400.0,1.0,4399.0,4440.0,4288.0,4358.0,1976700.0
2025-02-12,84730,4350.0,4355.0,4251.0,4277.0,0,0,1957600.0,8372454300.0,1.0,4350.0,4355.0,4251.0,4277.0,1957600.0
2025-02-13,84730,4306.0,4376.0,4297.0,4366.0,0,0,1293100.0,5623343300.0,1.0,4306.0,4376.0,4297.0,4366.0,1293100.0
2025-02-14,84730,4377.0,4403.0,4314.0,4321.0,0,0,1274400.0,5532539500.0,1.0,4377.0,4403.0,4314.0,4321.0,1274400.0
2025-02-17,84730,4335.0,4384.0,4328.0,4330.0,0,0,959600.0,4177387400.0,1.0,4335.0,4384.0,4328.0,4330.0,959600.0
2025-02-18,84730,4336.0,4493.0,4307.0,4479.0,0,0,2172500.0,9603354400.0,1.0,4336.0,4493.0,4307.0,4479.0,2172500.0
2025-02-19,84730,4505.0,4669.0,4487.0,4584.0,0,0,2886500.0,13248437400.0,1.0,4505.0,4669.0,4487.0,4584.0,2886500.0
2025-02-20,84730,4570.0,4580.0,4510.0,4553.0,0,0,1473600.0,6692932700.0,1.0,4570.0,4580.0,4510.0,4553.0,1473600.0
2025-02-21,84730,4510.0,4542.0,4472.0,4532.0,0,0,1618900.0,7302691800.0,1.0,4510.0,4542.0,4472.0,4532.0,1618900.0
2025-02-25,84730,4423.0,4504.0,4418.0,4465.0,0,0,1605400.0,7167105100.0,1.0,4423.0,4504.0,4418.0,4465.0,1605400.0
2025-02-26,84730,4461.0,4461.0,4345.0,4384.0,0,0,1723200.0,7568861400.0,1.0,4461.0,4461.0,4345.0,4384.0,1723200.0
2025-02-27,84730,4393.0,4450.0,4355.0,4439.0,0,0,1384400.0,6099456000.0,1.0,4393.0,4450.0,4355.0,4439.0,1384400.0
2025-02-28,84730,4401.0,4414.0,4300.0,4332.0,0,0,2474200.0,10717012100.0,1.0,4401.0,4414.0,4300.0,4332.0,2474200.0
2025-03-03,84730,4525.0,4565.0,4444.0,4522.0,0,0,2876400.0,12996871200.0,1.0,4525.0,4565.0,4444.0,4522.0,2876400.0
2025-03-04,84730,4484.0,4492.0,4374.0,4396.0,0,0,2112700.0,9320210400.0,1.0,4484.0,4492.0,4374.0,4396.0,2112700.0
2025-03-05,84730,4383.0,4425.0,4352.0,4406.0,0,0,1229700.0,5410920400.0,1.0,4383.0,4425.0,4352.0,4406.0,1229700.0
2025-03-06,84730,4449.0,4452.0,4415.0,4426.0,0,0,1316600.0,5836192800.0,1.0,4449.0,4452.0,4415.0,4426.0,1316600.0
2025-03-07,84730,4335.0,4342.0,4256.0,4257.0,0,0,2895700.0,12430703800.0,1.0,4335.0,4342.0,4256.0,4257.0,2895700.0
2025-03-10,84730,4266.0,4274.0,4208.0,4210.0,0,0,1297000.0,5496811100.0,1.0,4266.0,4274.0,4208.0,4210.0,1297000.0
2025-03-11,84730,4138.0,4143.0,4013.0,4082.0,0,0,3049800.0,12429466300.0,1.0,4138.0,4143.0,4013.0,4082.0,3049800.0
2025-03-12,84730,4075.0,4142.0,4072.0,4091.0,0,0,1493200.0,6129474100.0,1.0,4075.0,4142.0,4072.0,4091.0,1493200.0
2025-03-13,84730,4135.0,4180.0,4108.0,4108.0,0,0,1488200.0,6151228400.0,1.0,4135.0,4180.0,4108.0,4108.0,1488200.0
2025-03-14,84730,4100.0,4196.0,4100.0,4181.0,0,0,1300500.0,5408558800.0,1.0,4100.0,4196.0,4100.0,4181.0,1300500.0
2025-03-17,84730,4232.0,4272.0,4213.0,4215.0,0,0,1233000.0,5226057600.0,1.0,4232.0,4272.0,4213.0,4215.0,1233000.0
2025-03-18,84730,4283.0,4306.0,4267.0,4278.0,0,0,1206300.0,5171954700.0,1.0,4283.0,4306.0,4267.0,4278.0,1206300.0
2025-03-19,84730,4259.0,4317.0,4255.0,4298.0,0,0,987000.0,4242591400.0,1.0,4259.0,4317.0,4255.0,4298.0,987000.0
2025-03-21,84730,4290.0,4393.0,4285.0,4346.0,0,0,2160000.0,9393498200.0,1.0,4290.0,4393.0,4285.0,4346.0,2160000.0
2025-03-24,84730,4345.0,4377.0,4287.0,4287.0,0,0,1503800.0,6487123600.0,1.0,4345.0,4377.0,4287.0,4287.0,1503800.0
2025-03-25,84730,4327.0,4333.0,4283.0,4295.0,0,0,1047900.0,4505232000.0,1.0,4327.0,4333.0,4283.0,4295.0,1047900.0
2025-03-26,84730,4300.0,4318.0,4278.0,4305.0,0,0,1249100.0,5369971400.0,1.0,4300.0,4318.0,4278.0,4305.0,1249100.0
2025-03-27,84730,4245.0,4340.0,4238.0,4340.0,0,0,2655200.0,11404761500.0,1.0,4245.0,4340.0,4238.0,4340.0,2655200.0
2025-03-28,84730,4230.0,4234.0,4146.0,4154.0,0,0,2056500.0,8591079900.0,1.0,4230.0,4234.0,4146.0,4154.0,2056500.0
2025-03-31,84730,4000.0,4034.0,3942.0,3983.0,0,0,2574100.0,10277582300.0,1.0,4000.0,4034.0,3942.0,3983.0,2574100.0
2025-04-01,84730,4075.0,4077.0,3958.0,3960.0,0,0,1226100.0,4906707200.0,1.0,4075.0,4077.0,3958.0,3960.0,1226100.0
2025-04-02,84730,3985.0,3995.0,3919.0,3965.0,0,0,1400800.0,5547164400.0,1.0,3985.0,3995.0,3919.0,3965.0,1400800.0
2025-04-03,84730,3769.0,3854.0,3749.0,3775.0,0,0,2542300.0,9630784600.0,1.0,3769.0,3854.0,3749.0,3775.0,2542300.0
2025-04-04,84730,3629.0,3657.0,3437.0,3554.0,0,0,4189300.0,14857865400.0,1.0,3629.0,3657.0,3437.0,3554.0,4189300.0
2025-04-07,84730,3100.0,3267.0,3083.0,3163.0,0,0,4922600.0,15633967900.0,1.0,3100.0,3267.0,3083.0,3163.0,4922600.0
2025-04-08,84730,3406.0,3485.0,3383.0,3445.0,0,0,2748900.0,9446943400.0,1.0,3406.0,3485.0,3383.0,3445.0,2748900.0
2025-04-09,84730,3380.0,3388.0,3220.0,3270.0,0,0,3284000.0,10781621200.0,1.0,3380.0,3388.0,3220.0,3270.0,3284000.0
2025-04-10,84730,3620.0,3630.0,3497.0,3525.0,0,0,3029900.0,10742872300.0,1.0,3620.0,3630.0,3497.0,3525.0,3029900.0
2025-04-11,84730,3360.0,3464.0,3317.0,3436.0,0,0,2630600.0,8895560300.0,1.0,3360.0,3464.0,3317.0,3436.0,2630600.0
2025-04-14,84730,3489.0,3508.0,3442.0,3445.0,0,0,2021000.0,7003792300.0,1.0,3489.0,3508.0,3442.0,3445.0,2021000.0
2025-04-15,84730,3485.0,3495.0,3455.0,3463.0,0,0,1479300.0,5136459300.0,1.0,3485.0,3495.0,3455.0,3463.0,1479300.0
2025-04-16,84730,3485.0,3511.0,3438.0,3470.0,0,0,1713500.0,5950976900.0,1.0,3485.0,3511.0,3438.0,3470.0,1713500.0
2025-04-17,84730,3480.0,3587.0,3469.0,3575.0,0,0,1833400.0,6484642800.0,1.0,3480.0,3587.0,3469.0,3575.0,1833400.0
2025-04-18,84730,3578.0,3589.0,3558.0,3582.0,0,0,1735400.0,6207523800.0,1.0,3578.0,3589.0,3558.0,3582.0,1735400.0
2025-04-21,84730,3591.0,3607.0,3536.0,3559.0,0,0,1968300.0,7021727100.0,1.0,3591.0,3607.0,3536.0,3559.0,1968300.0
2025-04-22,84730,3555.0,3614.0,3535.0,3609.0,0,0,2538900.0,9099222800.0,1.0,3555.0,3614.0,3535.0,3609.0,2538900.0
2025-04-23,84730,3693.0,3693.0,3637.0,3648.0,0,0,1809500.0,6621523100.0,1.0,3693.0,3693.0,3637.0,3648.0,1809500.0
2025-04-24,84730,3691.0,3720.0,3648.0,3657.0,0,0,1583400.0,5834414300.0,1.0,3691.0,3720.0,3648.0,3657.0,1583400.0
2025-04-25,84730,3675.0,3710.0,3666.0,3688.0,0,0,1192300.0,4396553100.0,1.0,3675.0,3710.0,3666.0,3688.0,1192300.0
2025-04-28,84730,3776.0,3778.0,3738.0,3749.0,0,0,1440100.0,5408983300.0,1.0,3776.0,3778.0,3738.0,3749.0,1440100.0
2025-04-30,84730,3763.0,3778.0,3735.0,3739.0,0,0,1772400.0,6641761200.0,1.0,3763.0,3778.0,3735.0,3739.0,1772400.0
2025-05-01,84730,3715.0,3762.0,3682.0,3682.0,0,0,2169400.0,8056985200.0,1.0,3715.0,3762.0,3682.0,3682.0,2169400.0
2025-05-02,84730,3707.0,3719.0,3657.0,3677.0,0,0,2053700.0,7576560200.0,1.0,3707.0,3719.0,3657.0,3677.0,2053700.0
2025-05-07,84730,3659.0,3705.0,3628.0,3701.0,0,0,2057300.0,7564462500.0,1.0,3659.0,3705.0,3628.0,3701.0,2057300.0
2025-05-08,84730,3718.0,3728.0,3693.0,3710.0,0,0,1469800.0,5453354700.0,1.0,3718.0,3728.0,3693.0,3710.0,1469800.0
2025-05-09,84730,3732.0,3812.0,3714.0,3732.0,0,0,3104900.0,11642456900.0,1.0,3732.0,3812.0,3714.0,3732.0,3104900.0
2025-05-12,84730,3802.0,3897.0,3797.0,3897.0,0,0,2730200.0,10522246700.0,1.0,3802.0,3897.0,3797.0,3897.0,2730200.0
2025-05-13,84730,3967.0,3999.0,3926.0,3963.0,0,0,2080400.0,8244936000.0,1.0,3967.0,3999.0,3926.0,3963.0,2080400.0
2025-05-14,84730,3982.0,3987.0,3911.0,3987.0,0,0,1274500.0,5042893600.0,1.0,3982.0,3987.0,3911.0,3987.0,1274500.0
2025-05-15,84730,3953.0,3974.0,3896.0,3896.0,0,0,1060700.0,4155734300.0,1.0,3953.0,3974.0,3896.0,3896.0,1060700.0
2025-05-16,84730,3890.0,3928.0,3862.0,3898.0,0,0,1277500.0,4979093300.0,1.0,3890.0,3928.0,3862.0,3898.0,1277500.0
2025-05-19,84730,3900.0,3932.0,3881.0,3897.0,0,0,1332600.0,5209687000.0,1.0,3900.0,3932.0,3881.0,3897.0,1332600.0
2025-05-20,84730,4021.0,4038.0,3949.0,3975.0,0,0,1955300.0,7791253100.0,1.0,4021.0,4038.0,3949.0,3975.0,1955300.0
2025-05-21,84730,3971.0,4019.0,3964.0,3967.0,0,0,1136800.0,4528274500.0,1.0,3971.0,4019.0,3964.0,3967.0,1136800.0
2025-05-22,84730,3950.0,4009.0,3938.0,3999.0,0,0,1404400.0,5599401900.0,1.0,3950.0,4009.0,3938.0,3999.0,1404400.0
2025-05-23,84730,3999.0,4016.0,3977.0,3985.0,0,0,928100.0,3706105900.0,1.0,3999.0,4016.0,3977.0,3985.0,928100.0
2025-05-26,84730,4055.0,4120.0,4028.0,4079.0,0,0,1989300.0,8102799200.0,1.0,4055.0,4120.0,4028.0,4079.0,1989300.0
2025-05-27,84730,4116.0,4116.0,4065.0,4108.0,0,0,960400.0,3929761400.0,1.0,4116.0,4116.0,4065.0,4108.0,960400.0
2025-05-28,84730,4135.0,4151.0,4102.0,4102.0,0,0,1400900.0,5772255600.0,1.0,4135.0,4151.0,4102.0,4102.0,1400900.0
2025-05-29,84730,4362.0,4508.0,4288.0,4421.0,0,0,11373100.0,50045734200.0,1.0,4362.0,4508.0,4288.0,4421.0,11373100.0
2025-05-30,84730,4361.0,4432.0,4323.0,4389.0,0,0,4674000.0,20483397300.0,1.0,4361.0,4432.0,4323.0,4389.0,4674000.0
2025-06-02,84730,4350.0,4398.0,4290.0,4398.0,0,0,2568600.0,11189002100.0,1.0,4350.0,4398.0,4290.0,4398.0,2568600.0
2025-06-03,84730,4410.0,4457.0,4391.0,4428.0,0,0,2084600.0,9235570200.0,1.0,4410.0,4457.0,4391.0,4428.0,2084600.0
2025-06-04,84730,4442.0,4511.0,4428.0,4491.0,0,0,2058000.0,9224867100.0,1.0,4442.0,4511.0,4428.0,4491.0,2058000.0
2025-06-05,84730,4511.0,4587.0,4441.0,4465.0,0,0,2944400.0,13247381000.0,1.0,4511.0,4587.0,4441.0,4465.0,2944400.0
2025-06-06,84730,4478.0,4544.0,4478.0,4484.0,0,0,1506000.0,6789082500.0,1.0,4478.0,4544.0,4478.0,4484.0,1506000.0
2025-06-09,84730,4524.0,4559.0,4500.0,4550.0,0,0,1673900.0,7591288800.0,1.0,4524.0,4559.0,4500.0,4550.0,1673900.0
2025-06-10,84730,4555.0,4592.0,4456.0,4470.0,0,0,2497500.0,11307847300.0,1.0,4555.0,4592.0,4456.0,4470.0,2497500.0
2025-06-11,84730,4500.0,4504.0,4430.0,4452.0,0,0,2090500.0,9329509700.0,1.0,4500.0,4504.0,4430.0,4452.0,2090500.0
2025-06-12,84730,4446.0,4448.0,4363.0,4436.0,0,0,2198300.0,9696600500.0,1.0,4446.0,4448.0,4363.0,4436.0,2198300.0
2025-06-13,84730,4403.0,4525.0,4336.0,4425.0,0,0,4064400.0,18014618100.0,1.0,4403.0,4525.0,4336.0,4425.0,4064400.0
2025-06-16,84730,4419.0,4567.0,4412.0,4535.0,0,0,2125700.0,9600021800.0,1.0,4419.0,4567.0,4412.0,4535.0,2125700.0
2025-06-17,84730,4550.0,4595.0,4542.0,4581.0,0,0,1431100.0,6545126300.0,1.0,4550.0,4595.0,4542.0,4581.0,1431100.0
2025-06-18,84730,4591.0,4803.0,4591.0,4707.0,0,0,3747800.0,17656315900.0,1.0,4591.0,4803.0,4591.0,4707.0,3747800.0
2025-06-19,84730,4847.0,5045.0,4766.0,4789.0,0,0,6699400.0,32786037100.0,1.0,4847.0,5045.0,4766.0,4789.0,6699400.0
2025-06-20,84730,4788.0,4865.0,4776.0,4776.0,0,0,3406900.0,16375827600.0,1.0,4788.0,4865.0,4776.0,4776.0,3406900.0
2025-06-23,84730,4710.0,4819.0,4650.0,4809.0,0,0,2308400.0,10988912700.0,1.0,4710.0,4819.0,4650.0,4809.0,2308400.0
2025-06-24,84730,4863.0,5020.0,4858.0,5000.0,0,0,3548400.0,17607163900.0,1.0,4863.0,5020.0,4858.0,5000.0,3548400.0
2025-06-25,84730,5018.0,5024.0,4933.0,5000.0,0,0,2791900.0,13907254400.0,1.0,5018.0,5024.0,4933.0,5000.0,2791900.0
2025-06-26,84730,4983.0,5018.0,4915.0,4967.0,0,0,2222200.0,11020599300.0,1.0,4983.0,5018.0,4915.0,4967.0,2222200.0
2025-06-27,84730,5025.0,5030.0,4958.0,4988.0,0,0,2241400.0,11193585900.0,1.0,5025.0,5030.0,4958.0,4988.0,2241400.0
2025-06-30,84730,5024.0,5103.0,5000.0,5030.0,0,0,2899000.0,14638060600.0,1.0,5024.0,5103.0,5000.0,5030.0,2899000.0
2025-07-01,84730,5008.0,5012.0,4943.0,4966.0,0,0,1890500.0,9396009700.0,1.0,5008.0,5012.0,4943.0,4966.0,1890500.0
2025-07-02,84730,4929.0,4952.0,4881.0,4885.0,0,0,1867200.0,9157583500.0,1.0,4929.0,4952.0,4881.0,4885.0,1867200.0
2025-07-03,84730,4920.0,4937.0,4828.0,4906.0,0,0,1820700.0,8882507400.0,1.0,4920.0,4937.0,4828.0,4906.0,1820700.0
2025-07-04,84730,4945.0,5057.0,4945.0,5057.0,0,0,2760700.0,13845925800.0,1.0,4945.0,5057.0,4945.0,5057.0,2760700.0
2025-07-07,84730,5026.0,5040.0,4957.0,4970.0,0,0,1857300.0,9251494800.0,1.0,5026.0,5040.0,4957.0,4970.0,1857300.0
2025-07-08,84730,4983.0,5030.0,4969.0,4988.0,0,0,1815700.0,9069500600.0,1.0,4983.0,5030.0,4969.0,4988.0,1815700.0
2025-07-09,84730,5018.0,5128.0,4991.0,5095.0,0,0,2298800.0,11650106600.0,1.0,5018.0,5128.0,4991.0,5095.0,2298800.0
2025-07-10,84730,5141.0,5333.0,5130.0,5328.0,0,0,4523600.0,23795593500.0,1.0,5141.0,5333.0,5130.0,5328.0,4523600.0
2025-07-11,84730,5355.0,5505.0,5307.0,5418.0,0,0,4140800.0,22400075600.0,1.0,5355.0,5505.0,5307.0,5418.0,4140800.0
2025-07-14,84730,5398.0,5583.0,5372.0,5542.0,0,0,3773600.0,20679543400.0,1.0,5398.0,5583.0,5372.0,5542.0,3773600.0
2025-07-15,84730,5599.0,5784.0,5559.0,5678.0,0,0,5619500.0,31923600900.0,1.0,5599.0,5784.0,5559.0,5678.0,5619500.0
2025-07-16,84730,5644.0,5701.0,5545.0,5639.0,0,0,3485900.0,19549470200.0,1.0,5644.0,5701.0,5545.0,5639.0,3485900.0
2025-07-17,84730,5703.0,5729.0,5628.0,5725.0,0,0,2745500.0,15648056200.0,1.0,5703.0,5729.0,5628.0,5725.0,2745500.0
2025-07-18,84730,5950.0,5970.0,5833.0,5882.0,0,0,5800500.0,34263328400.0,1.0,5950.0,5970.0,5833.0,5882.0,5800500.0
2025-07-22,84730,5905.0,6074.0,5827.0,5831.0,0,0,5006800.0,29637698600.0,1.0,5905.0,6074.0,5827.0,5831.0,5006800.0
2025-07-23,84730,5977.0,6046.0,5876.0,5978.0,0,0,3923900.0,23451830600.0,1.0,5977.0,6046.0,5876.0,5978.0,3923900.0
2025-07-24,84730,5962.0,6064.0,5930.0,6059.0,0,0,3623800.0,21762741100.0,1.0,5962.0,6064.0,5930.0,6059.0,3623800.0
2025-07-25,84730,6040.0,6103.0,5990.0,6027.0,0,0,2180200.0,13177746800.0,1.0,6040.0,6103.0,5990.0,6027.0,2180200.0
2025-07-28,84730,6038.0,6040.0,5884.0,5915.0,0,0,3322400.0,19719420400.0,1.0,6038.0,6040.0,5884.0,5915.0,3322400.0
2025-07-29,84730,5781.0,5792.0,5549.0,5556.0,0,0,5936000.0,33423774300.0,1.0,5781.0,5792.0,5549.0,5556.0,5936000.0
2025-07-30,84730,5669.0,5678.0,5530.0,5550.0,0,0,3384400.0,18946790900.0,1.0,5669.0,5678.0,5530.0,5550.0,3384400.0
2025-07-31,84730,5613.0,5800.0,5510.0,5662.0,0,0,7114900.0,40062786000.0,1.0,5613.0,5800.0,5510.0,5662.0,7114900.0
2025-08-01,84730,5721.0,5883.0,5620.0,5818.0,0,0,4453300.0,25751259600.0,1.0,5721.0,5883.0,5620.0,5818.0,4453300.0
2025-08-04,84730,5622.0,5774.0,5603.0,5766.0,0,0,3662800.0,20886521300.0,1.0,5622.0,5774.0,5603.0,5766.0,3662800.0
2025-08-05,84730,5826.0,5967.0,5752.0,5953.0,0,0,3427900.0,20198190100.0,1.0,5826.0,5967.0,5752.0,5953.0,3427900.0
2025-08-06,84730,6020.0,6040.0,5913.0,5969.0,0,0,3387200.0,20206512700.0,1.0,6020.0,6040.0,5913.0,5969.0,3387200.0
2025-08-07,84730,6000.0,6182.0,6000.0,6181.0,0,0,3961300.0,24233587500.0,1.0,6000.0,6182.0,6000.0,6181.0,3961300.0
2025-08-08,84730,6210.0,6408.0,6189.0,6378.0,0,0,4759800.0,30189194700.0,1.0,6210.0,6408.0,6189.0,6378.0,4759800.0
2025-08-12,84730,6433.0,6632.0,6406.0,6550.0,0,0,6062600.0,39689365600.0,1.0,6433.0,6632.0,6406.0,6550.0,6062600.0
2025-08-13,84730,6650.0,6666.0,6463.0,6547.0,0,0,4762000.0,31207886900.0,1.0,6650.0,6666.0,6463.0,6547.0,4762000.0
2025-08-14,84730,6520.0,6760.0,6401.0,6719.0,0,0,6061000.0,40293725800.0,1.0,6520.0,6760.0,6401.0,6719.0,6061000.0
2025-08-15,84730,6619.0,6842.0,6510.0,6703.0,0,0,5467100.0,36744129300.0,1.0,6619.0,6842.0,6510.0,6703.0,5467100.0
2025-08-18,84730,6721.0,6984.0,6696.0,6871.0,0,0,5029900.0,34557135300.0,1.0,6721.0,6984.0,6696.0,6871.0,5029900.0
2025-08-19,84730,6870.0,6871.0,6590.0,6697.0,0,0,5326600.0,35713316800.0,1.0,6870.0,6871.0,6590.0,6697.0,5326600.0
2025-08-20,84730,6610.0,6700.0,6480.0,6515.0,0,0,5606100.0,36755758200.0,1.0,6610.0,6700.0,6480.0,6515.0,5606100.0
2025-08-21,84730,6568.0,6590.0,6497.0,6554.0,0,0,2487100.0,16295028700.0,1.0,6568.0,6590.0,6497.0,6554.0,2487100.0
2025-08-22,84730,6690.0,6963.0,6622.0,6784.0,0,0,7706500.0,52300653900.0,1.0,6690.0,6963.0,6622.0,6784.0,7706500.0
2025-08-25,84730,6966.0,6967.0,6740.0,6748.0,0,0,5695500.0,39006129400.0,1.0,6966.0,6967.0,6740.0,6748.0,5695500.0
2025-08-26,84730,6751.0,6866.0,6690.0,6823.0,0,0,4709800.0,31892775000.0,1.0,6751.0,6866.0,6690.0,6823.0,4709800.0
2025-08-27,84730,6923.0,6925.0,6746.0,6752.0,0,0,3731200.0,25411308300.0,1.0,6923.0,6925.0,6746.0,6752.0,3731200.0
2025-08-28,84730,6710.0,6973.0,6688.0,6944.0,0,0,5025000.0,34626049000.0,1.0,6710.0,6973.0,6688.0,6944.0,5025000.0
2025-08-29,84730,6908.0,7005.0,6860.0,6999.0,0,0,4500500.0,31280797800.0,1.0,6908.0,7005.0,6860.0,6999.0,4500500.0
2025-09-01,84730,6920.0,6969.0,6692.0,6716.0,0,0,5036900.0,34241266400.0,1.0,6920.0,6969.0,6692.0,6716.0,5036900.0
2025-09-02,84730,6707.0,6890.0,6691.0,6883.0,0,0,3650100.0,24860406600.0,1.0,6707.0,6890.0,6691.0,6883.0,3650100.0
2025-09-03,84730,6900.0,6923.0,6579.0,6621.0,0,0,4547300.0,30521926100.0,1.0,6900.0,6923.0,6579.0,6621.0,4547300.0
2025-09-04,84730,6666.0,6727.0,6607.0,6727.0,0,0,3190200.0,21293198600.0,1.0,6666.0,6727.0,6607.0,6727.0,3190200.0
2025-09-05,84730,6747.0,6777.0,6649.0,6695.0,0,0,2749200.0,18434998000.0,1.0,6747.0,6777.0,6649.0,6695.0,2749200.0
2025-09-08,84730,6680.0,6687.0,6581.0,6643.0,0,0,3071000.0,20358639100.0,1.0,6680.0,6687.0,6581.0,6643.0,3071000.0
2025-09-09,84730,6660.0,6709.0,6473.0,6521.0,0,0,3634900.0,23894109400.0,1.0,6660.0,6709.0,6473.0,6521.0,3634900.0
2025-09-10,84730,6590.0,6690.0,6545.0,6629.0,0,0,3555100.0,23545361900.0,1.0,6590.0,6690.0,6545.0,6629.0,3555100.0
2025-09-11,84730,6679.0,6703.0,6561.0,6626.0,0,0,2169300.0,14364804900.0,1.0,6679.0,6703.0,6561.0,6626.0,2169300.0
2025-09-12,84730,6626.0,6626.0,6549.0,6551.0,0,0,2147600.0,14132961200.0,1.0,6626.0,6626.0,6549.0,6551.0,2147600.0
2025-09-16,84730,6557.0,6678.0,6557.0,6636.0,0,0,1978400.0,13118927700.0,1.0,6557.0,6678.0,6557.0,6636.0,1978400.0
2025-09-17,84730,6600.0,6600.0,6442.0,6457.0,0,0,2387500.0,15493642200.0,1.0,6600.0,6600.0,6442.0,6457.0,2387500.0
2025-09-18,84730,6482.0,6489.0,6320.0,6334.0,0,0,2892700.0,18422695900.0,1.0,6482.0,6489.0,6320.0,6334.0,2892700.0
2025-09-19,84730,6364.0,6628.0,6357.0,6578.0,0,0,4977600.0,32484354500.0,1.0,6364.0,6628.0,6357.0,6578.0,4977600.0
2025-09-22,84730,6530.0,6605.0,6491.0,6526.0,0,0,1938200.0,12673624000.0,1.0,6530.0,6605.0,6491.0,6526.0,1938200.0
2025-09-24,84730,6499.0,6525.0,6417.0,6525.0,0,0,2027500.0,13156919200.0,1.0,6499.0,6525.0,6417.0,6525.0,2027500.0
2025-09-25,84730,6478.0,6526.0,6435.0,6473.0,0,0,1867600.0,12092294600.0,1.0,6478.0,6526.0,6435.0,6473.0,1867600.0
2025-09-26,84730,6472.0,6574.0,6453.0,6453.0,0,0,1970900.0,12818538100.0,1.0,6472.0,6574.0,6453.0,6453.0,1970900.0
2025-09-29,84730,6450.0,6459.0,6310.0,6375.0,0,0,2036800.0,12959580800.0,1.0,6450.0,6459.0,6310.0,6375.0,2036800.0
2025-09-30,84730,6331.0,6478.0,6283.0,6436.0,0,0,1885400.0,12037929800.0,1.0,6331.0,6478.0,6283.0,6436.0,1885400.0
2025-10-01,84730,6404.0,6420.0,6260.0,6289.0,0,0,1991700.0,12578588200.0,1.0,6404.0,6420.0,6260.0,6289.0,1991700.0
2025-10-02,84730,6285.0,6305.0,6105.0,6197.0,0,0,3021100.0,18807372600.0,1.0,6285.0,6305.0,6105.0,6197.0,3021100.0
2025-10-03,84730,6224.0,6328.0,6200.0,6328.0,0,0,1587900.0,9973356900.0,1.0,6224.0,6328.0,6200.0,6328.0,1587900.0
2025-10-06,84730,6478.0,6560.0,6338.0,6525.0,0,0,2939000.0,19057637900.0,1.0,6478.0,6560.0,6338.0,6525.0,2939000.0
2025-10-07,84730,6625.0,6757.0,6577.0,6604.0,0,0,3680400.0,24560055100.0,1.0,6625.0,6757.0,6577.0,6604.0,3680400.0
2025-10-08,84730,6700.0,7060.0,6679.0,7060.0,0,0,5694700.0,39542546900.0,1.0,6700.0,7060.0,6679.0,7060.0,5694700.0
2025-10-09,84730,7200.0,7724.0,7099.0,7705.0,0,0,8079800.0,60443364300.0,1.0,7200.0,7724.0,7099.0,7705.0,8079800.0
2025-10-10,84730,7564.0,7576.0,6893.0,6894.0,0,0,7436300.0,53085471700.0,1.0,7564.0,7576.0,6893.0,6894.0,7436300.0
2025-10-14,84730,6827.0,6890.0,6477.0,6489.0,0,0,5405400.0,35823306600.0,1.0,6827.0,6890.0,6477.0,6489.0,5405400.0
2025-10-15,84730,6652.0,6766.0,6607.0,6730.0,0,0,3306400.0,22132341600.0,1.0,6652.0,6766.0,6607.0,6730.0,3306400.0
2025-10-16,84730,6895.0,6907.0,6727.0,6762.0,0,0,2774400.0,18865162200.0,1.0,6895.0,6907.0,6727.0,6762.0,2774400.0
2025-10-17,84730,6635.0,6722.0,6515.0,6540.0,0,0,2779700.0,18347218200.0,1.0,6635.0,6722.0,6515.0,6540.0,2779700.0
2025-10-20,84730,6675.0,6873.0,6627.0,6873.0,0,0,2648000.0,17915557000.0,1.0,6675.0,6873.0,6627.0,6873.0,2648000.0
2025-10-21,84730,6877.0,6930.0,6763.0,6771.0,0,0,3189300.0,21800454900.0,1.0,6877.0,6930.0,6763.0,6771.0,3189300.0
2025-10-22,84730,6700.0,6727.0,6596.0,6648.0,0,0,2811200.0,18726833200.0,1.0,6700.0,6727.0,6596.0,6648.0,2811200.0
2025-10-23,84730,6600.0,6618.0,6491.0,6514.0,0,0,2073200.0,13552526200.0,1.0,6600.0,6618.0,6491.0,6514.0,2073200.0
2025-10-24,84730,6542.0,6618.0,6519.0,6582.0,0,0,1930900.0,12682286600.0,1.0,6542.0,6618.0,6519.0,6582.0,1930900.0
2025-10-27,84730,6782.0,6927.0,6744.0,6761.0,0,0,3180000.0,21725822000.0,1.0,6782.0,6927.0,6744.0,6761.0,3180000.0
2025-10-28,84730,6803.0,6806.0,6665.0,6678.0,0,0,1812700.0,12200505500.0,1.0,6803.0,6806.0,6665.0,6678.0,1812700.0
2025-10-29,84730,6680.0,6698.0,6555.0,6555.0,0,0,1494400.0,9883209600.0,1.0,6680.0,6698.0,6555.0,6555.0,1494400.0
