Date,Code,Open,High,Low,Close,UpperLimit,LowerLimit,Volume,TurnoverValue,AdjustmentFactor,AdjustmentOpen,AdjustmentHigh,AdjustmentLow,AdjustmentClose,AdjustmentVolume
2020-10-29,90750,4505.0,4540.0,4440.0,4455.0,0,0,34500.0,153979500.0,1.0,4505.0,4540.0,4440.0,4455.0,34500.0
2020-10-30,90750,4445.0,4445.0,4340.0,4370.0,0,0,33300.0,146128000.0,1.0,4445.0,4445.0,4340.0,4370.0,33300.0
2020-11-02,90750,4420.0,4580.0,4420.0,4555.0,0,0,61100.0,277099000.0,1.0,4420.0,4580.0,4420.0,4555.0,61100.0
2020-11-04,90750,4635.0,4715.0,4570.0,4670.0,0,0,56200.0,261939500.0,1.0,4635.0,4715.0,4570.0,4670.0,56200.0
2020-11-05,90750,4710.0,4800.0,4590.0,4740.0,0,0,75200.0,356122500.0,1.0,4710.0,4800.0,4590.0,4740.0,75200.0
2020-11-06,90750,4600.0,4810.0,4545.0,4770.0,0,0,62800.0,296974500.0,1.0,4600.0,4810.0,4545.0,4770.0,62800.0
2020-11-09,90750,4815.0,4830.0,4750.0,4810.0,0,0,47600.0,228038500.0,1.0,4815.0,4830.0,4750.0,4810.0,47600.0
2020-11-10,90750,4950.0,4985.0,4885.0,4950.0,0,0,79100.0,390919000.0,1.0,4950.0,4985.0,4885.0,4950.0,79100.0
2020-11-11,90750,5000.0,5080.0,4935.0,5000.0,0,0,92700.0,462535500.0,1.0,5000.0,5080.0,4935.0,5000.0,92700.0
2020-11-12,90750,4940.0,5090.0,4935.0,5080.0,0,0,50900.0,256149500.0,1.0,4940.0,5090.0,4935.0,5080.0,50900.0
2020-11-13,90750,5000.0,5000.0,4800.0,4820.0,0,0,53200.0,257974000.0,1.0,5000.0,5000.0,4800.0,4820.0,53200.0
2020-11-16,90750,4940.0,4940.0,4800.0,4840.0,0,0,76400.0,369560500.0,1.0,4940.0,4940.0,4800.0,4840.0,76400.0
2020-11-17,90750,4860.0,5020.0,4775.0,5020.0,0,0,57700.0,285793500.0,1.0,4860.0,5020.0,4775.0,5020.0,57700.0
2020-11-18,90750,5010.0,5020.0,4920.0,4985.0,0,0,37100.0,184968500.0,1.0,5010.0,5020.0,4920.0,4985.0,37100.0
2020-11-19,90750,4940.0,4960.0,4815.0,4895.0,0,0,51900.0,253342500.0,1.0,4940.0,4960.0,4815.0,4895.0,51900.0
2020-11-20,90750,4880.0,4910.0,4840.0,4910.0,0,0,39300.0,192075500.0,1.0,4880.0,4910.0,4840.0,4910.0,39300.0
2020-11-24,90750,5050.0,5050.0,4880.0,4970.0,0,0,44100.0,219473500.0,1.0,5050.0,5050.0,4880.0,4970.0,44100.0
2020-11-25,90750,5030.0,5030.0,4870.0,4885.0,0,0,56300.0,276691000.0,1.0,5030.0,5030.0,4870.0,4885.0,56300.0
2020-11-26,90750,4910.0,4910.0,4830.0,4835.0,0,0,37600.0,182272000.0,1.0,4910.0,4910.0,4830.0,4835.0,37600.0
2020-11-27,90750,4845.0,4890.0,4800.0,4810.0,0,0,85300.0,412219000.0,1.0,4845.0,4890.0,4800.0,4810.0,85300.0
2020-11-30,90750,4740.0,4795.0,4590.0,4630.0,0,0,106000.0,490993500.0,1.0,4740.0,4795.0,4590.0,4630.0,106000.0
2020-12-01,90750,4635.0,4685.0,4560.0,4640.0,0,0,75900.0,349836500.0,1.0,4635.0,4685.0,4560.0,4640.0,75900.0
2020-12-02,90750,4690.0,4700.0,4595.0,4645.0,0,0,81100.0,377107000.0,1.0,4690.0,4700.0,4595.0,4645.0,81100.0
2020-12-03,90750,4600.0,4685.0,4590.0,4600.0,0,0,37800.0,174631000.0,1.0,4600.0,4685.0,4590.0,4600.0,37800.0
2020-12-04,90750,4640.0,4640.0,4530.0,4550.0,0,0,27200.0,124193500.0,1.0,4640.0,4640.0,4530.0,4550.0,27200.0
2020-12-07,90750,4590.0,4590.0,4415.0,4420.0,0,0,44000.0,195773500.0,1.0,4590.0,4590.0,4415.0,4420.0,44000.0
2020-12-08,90750,4395.0,4395.0,4280.0,4305.0,0,0,55600.0,240144000.0,1.0,4395.0,4395.0,4280.0,4305.0,55600.0
2020-12-09,90750,4305.0,4350.0,4250.0,4335.0,0,0,84900.0,364225500.0,1.0,4305.0,4350.0,4250.0,4335.0,84900.0
2020-12-10,90750,4405.0,4425.0,4335.0,4360.0,0,0,59700.0,260657500.0,1.0,4405.0,4425.0,4335.0,4360.0,59700.0
2020-12-11,90750,4360.0,4360.0,4210.0,4360.0,0,0,91700.0,395682000.0,1.0,4360.0,4360.0,4210.0,4360.0,91700.0
2020-12-14,90750,4360.0,4505.0,4360.0,4475.0,0,0,71100.0,317411000.0,1.0,4360.0,4505.0,4360.0,4475.0,71100.0
2020-12-15,90750,4425.0,4485.0,4375.0,4445.0,0,0,57000.0,252339500.0,1.0,4425.0,4485.0,4375.0,4445.0,57000.0
2020-12-16,90750,4490.0,4490.0,4390.0,4435.0,0,0,37700.0,166990000.0,1.0,4490.0,4490.0,4390.0,4435.0,37700.0
2020-12-17,90750,4415.0,4415.0,4295.0,4395.0,0,0,45100.0,196739500.0,1.0,4415.0,4415.0,4295.0,4395.0,45100.0
2020-12-18,90750,4390.0,4500.0,4375.0,4450.0,0,0,83300.0,370141000.0,1.0,4390.0,4500.0,4375.0,4450.0,83300.0
2020-12-21,90750,4490.0,4560.0,4420.0,4500.0,0,0,49800.0,222623000.0,1.0,4490.0,4560.0,4420.0,4500.0,49800.0
2020-12-22,90750,4485.0,4485.0,4350.0,4380.0,0,0,39700.0,174053500.0,1.0,4485.0,4485.0,4350.0,4380.0,39700.0
2020-12-23,90750,4445.0,4450.0,4350.0,4380.0,0,0,31100.0,136353500.0,1.0,4445.0,4450.0,4350.0,4380.0,31100.0
2020-12-24,90750,4380.0,4430.0,4330.0,4360.0,0,0,34900.0,152347000.0,1.0,4380.0,4430.0,4330.0,4360.0,34900.0
2020-12-25,90750,4425.0,4440.0,4360.0,4370.0,0,0,23300.0,102065500.0,1.0,4425.0,4440.0,4360.0,4370.0,23300.0
2020-12-28,90750,4395.0,4405.0,4320.0,4350.0,0,0,43300.0,188515500.0,1.0,4395.0,4405.0,4320.0,4350.0,43300.0
2020-12-29,90750,4350.0,4435.0,4335.0,4425.0,0,0,58900.0,258345500.0,1.0,4350.0,4435.0,4335.0,4425.0,58900.0
2020-12-30,90750,4420.0,4490.0,4325.0,4345.0,0,0,76700.0,334565500.0,1.0,4420.0,4490.0,4325.0,4345.0,76700.0
2021-01-04,90750,4350.0,4400.0,4230.0,4360.0,0,0,58900.0,255262000.0,1.0,4350.0,4400.0,4230.0,4360.0,58900.0
2021-01-05,90750,4325.0,4335.0,4195.0,4225.0,0,0,50400.0,213387500.0,1.0,4325.0,4335.0,4195.0,4225.0,50400.0
2021-01-06,90750,4235.0,4270.0,4195.0,4250.0,0,0,37900.0,160869500.0,1.0,4235.0,4270.0,4195.0,4250.0,37900.0
2021-01-07,90750,4315.0,4370.0,4275.0,4320.0,0,0,47100.0,203902000.0,1.0,4315.0,4370.0,4275.0,4320.0,47100.0
2021-01-08,90750,4320.0,4375.0,4280.0,4370.0,0,0,45400.0,197242500.0,1.0,4320.0,4375.0,4280.0,4370.0,45400.0
2021-01-12,90750,4345.0,4365.0,4305.0,4325.0,0,0,24100.0,104156500.0,1.0,4345.0,4365.0,4305.0,4325.0,24100.0
2021-01-13,90750,4275.0,4340.0,4235.0,4310.0,0,0,41100.0,177015000.0,1.0,4275.0,4340.0,4235.0,4310.0,41100.0
2021-01-14,90750,4300.0,4370.0,4280.0,4370.0,0,0,23000.0,100060500.0,1.0,4300.0,4370.0,4280.0,4370.0,23000.0
2021-01-15,90750,4325.0,4340.0,4210.0,4210.0,0,0,77900.0,331794000.0,1.0,4325.0,4340.0,4210.0,4210.0,77900.0
2021-01-18,90750,4165.0,4195.0,4105.0,4125.0,0,0,39000.0,161510000.0,1.0,4165.0,4195.0,4105.0,4125.0,39000.0
2021-01-19,90750,4110.0,4110.0,4010.0,4015.0,0,0,62600.0,253733000.0,1.0,4110.0,4110.0,4010.0,4015.0,62600.0
2021-01-20,90750,4020.0,4105.0,3980.0,4065.0,0,0,178200.0,722892000.0,1.0,4020.0,4105.0,3980.0,4065.0,178200.0
2021-01-21,90750,4060.0,4170.0,4060.0,4115.0,0,0,164700.0,675925000.0,1.0,4060.0,4170.0,4060.0,4115.0,164700.0
2021-01-22,90750,4075.0,4135.0,4050.0,4115.0,0,0,55500.0,227363000.0,1.0,4075.0,4135.0,4050.0,4115.0,55500.0
2021-01-25,90750,4100.0,4125.0,4050.0,4080.0,0,0,25800.0,105494000.0,1.0,4100.0,4125.0,4050.0,4080.0,25800.0
2021-01-26,90750,4070.0,4140.0,4050.0,4090.0,0,0,30500.0,124865000.0,1.0,4070.0,4140.0,4050.0,4090.0,30500.0
2021-01-27,90750,4090.0,4145.0,4090.0,4125.0,0,0,31200.0,128446500.0,1.0,4090.0,4145.0,4090.0,4125.0,31200.0
2021-01-28,90750,4085.0,4160.0,4075.0,4105.0,0,0,55300.0,227397000.0,1.0,4085.0,4160.0,4075.0,4105.0,55300.0
2021-01-29,90750,4105.0,4165.0,4075.0,4075.0,0,0,27300.0,112274500.0,1.0,4105.0,4165.0,4075.0,4075.0,27300.0
2021-02-01,90750,4075.0,4200.0,4075.0,4145.0,0,0,44300.0,184149500.0,1.0,4075.0,4200.0,4075.0,4145.0,44300.0
2021-02-02,90750,4145.0,4195.0,4130.0,4135.0,0,0,34300.0,142485000.0,1.0,4145.0,4195.0,4130.0,4135.0,34300.0
2021-02-03,90750,4110.0,4220.0,4065.0,4205.0,0,0,34800.0,145413500.0,1.0,4110.0,4220.0,4065.0,4205.0,34800.0
2021-02-04,90750,4205.0,4270.0,4175.0,4265.0,0,0,38100.0,161828500.0,1.0,4205.0,4270.0,4175.0,4265.0,38100.0
2021-02-05,90750,4265.0,4370.0,4240.0,4365.0,0,0,53900.0,232932500.0,1.0,4265.0,4370.0,4240.0,4365.0,53900.0
2021-02-08,90750,4505.0,4655.0,4380.0,4530.0,0,0,116400.0,525900000.0,1.0,4505.0,4655.0,4380.0,4530.0,116400.0
2021-02-09,90750,4530.0,4570.0,4425.0,4530.0,0,0,81600.0,368196000.0,1.0,4530.0,4570.0,4425.0,4530.0,81600.0
2021-02-10,90750,4480.0,4575.0,4480.0,4515.0,0,0,39900.0,180363000.0,1.0,4480.0,4575.0,4480.0,4515.0,39900.0
2021-02-12,90750,4485.0,4535.0,4440.0,4475.0,0,0,39400.0,176227500.0,1.0,4485.0,4535.0,4440.0,4475.0,39400.0
2021-02-15,90750,4545.0,4565.0,4500.0,4505.0,0,0,45000.0,203591000.0,1.0,4545.0,4565.0,4500.0,4505.0,45000.0
2021-02-16,90750,4550.0,4650.0,4520.0,4585.0,0,0,45300.0,208311500.0,1.0,4550.0,4650.0,4520.0,4585.0,45300.0
2021-02-17,90750,4530.0,4590.0,4480.0,4520.0,0,0,46200.0,209049500.0,1.0,4530.0,4590.0,4480.0,4520.0,46200.0
2021-02-18,90750,4525.0,4560.0,4435.0,4470.0,0,0,54500.0,244707000.0,1.0,4525.0,4560.0,4435.0,4470.0,54500.0
2021-02-19,90750,4420.0,4460.0,4400.0,4400.0,0,0,36200.0,159872000.0,1.0,4420.0,4460.0,4400.0,4400.0,36200.0
2021-02-22,90750,4415.0,4430.0,4330.0,4335.0,0,0,30900.0,134431000.0,1.0,4415.0,4430.0,4330.0,4335.0,30900.0
2021-02-24,90750,4330.0,4375.0,4195.0,4225.0,0,0,54700.0,232348000.0,1.0,4330.0,4375.0,4195.0,4225.0,54700.0
2021-02-25,90750,4245.0,4250.0,4155.0,4220.0,0,0,32300.0,135979500.0,1.0,4245.0,4250.0,4155.0,4220.0,32300.0
2021-02-26,90750,4200.0,4285.0,4165.0,4165.0,0,0,64700.0,271968000.0,1.0,4200.0,4285.0,4165.0,4165.0,64700.0
2021-03-01,90750,4230.0,4320.0,4205.0,4320.0,0,0,59600.0,254723500.0,1.0,4230.0,4320.0,4205.0,4320.0,59600.0
2021-03-02,90750,4355.0,4355.0,4205.0,4310.0,0,0,48400.0,207194000.0,1.0,4355.0,4355.0,4205.0,4310.0,48400.0
2021-03-03,90750,4310.0,4315.0,4255.0,4315.0,0,0,31700.0,136142500.0,1.0,4310.0,4315.0,4255.0,4315.0,31700.0
2021-03-04,90750,4280.0,4340.0,4270.0,4340.0,0,0,34000.0,146655500.0,1.0,4280.0,4340.0,4270.0,4340.0,34000.0
2021-03-05,90750,4340.0,4385.0,4265.0,4365.0,0,0,51200.0,221941500.0,1.0,4340.0,4385.0,4265.0,4365.0,51200.0
2021-03-08,90750,4435.0,4435.0,4215.0,4335.0,0,0,38200.0,165398500.0,1.0,4435.0,4435.0,4215.0,4335.0,38200.0
2021-03-09,90750,4425.0,4480.0,4360.0,4470.0,0,0,99700.0,442804500.0,1.0,4425.0,4480.0,4360.0,4470.0,99700.0
2021-03-10,90750,4480.0,4500.0,4425.0,4465.0,0,0,43200.0,192957500.0,1.0,4480.0,4500.0,4425.0,4465.0,43200.0
2021-03-11,90750,4450.0,4525.0,4435.0,4515.0,0,0,46700.0,210080500.0,1.0,4450.0,4525.0,4435.0,4515.0,46700.0
2021-03-12,90750,4500.0,4525.0,4405.0,4525.0,0,0,44400.0,199661000.0,1.0,4500.0,4525.0,4405.0,4525.0,44400.0
2021-03-15,90750,4575.0,4660.0,4565.0,4650.0,0,0,41100.0,190256500.0,1.0,4575.0,4660.0,4565.0,4650.0,41100.0
2021-03-16,90750,4650.0,4735.0,4635.0,4695.0,0,0,53300.0,249813000.0,1.0,4650.0,4735.0,4635.0,4695.0,53300.0
2021-03-17,90750,4660.0,4700.0,4620.0,4700.0,0,0,32700.0,153060500.0,1.0,4660.0,4700.0,4620.0,4700.0,32700.0
2021-03-18,90750,4700.0,4700.0,4600.0,4680.0,0,0,33800.0,157731000.0,1.0,4700.0,4700.0,4600.0,4680.0,33800.0
2021-03-19,90750,4690.0,4770.0,4645.0,4760.0,0,0,84300.0,399261000.0,1.0,4690.0,4770.0,4645.0,4760.0,84300.0
2021-03-22,90750,4690.0,4760.0,4640.0,4700.0,0,0,57500.0,270439500.0,1.0,4690.0,4760.0,4640.0,4700.0,57500.0
2021-03-23,90750,4745.0,4785.0,4710.0,4715.0,0,0,43400.0,205915500.0,1.0,4745.0,4785.0,4710.0,4715.0,43400.0
2021-03-24,90750,4715.0,4715.0,4510.0,4535.0,0,0,28100.0,128043000.0,1.0,4715.0,4715.0,4510.0,4535.0,28100.0
2021-03-25,90750,4550.0,4695.0,4550.0,4675.0,0,0,34800.0,161882000.0,1.0,4550.0,4695.0,4550.0,4675.0,34800.0
2021-03-26,90750,4725.0,4725.0,4615.0,4630.0,0,0,41800.0,194187000.0,1.0,4725.0,4725.0,4615.0,4630.0,41800.0
2021-03-29,90750,4735.0,4785.0,4670.0,4755.0,0,0,71000.0,337095000.0,1.0,4735.0,4785.0,4670.0,4755.0,71000.0
2021-03-30,90750,4770.0,4795.0,4630.0,4655.0,0,0,44400.0,207161500.0,1.0,4770.0,4795.0,4630.0,4655.0,44400.0
2021-03-31,90750,4585.0,4625.0,4545.0,4560.0,0,0,30300.0,138477500.0,1.0,4585.0,4625.0,4545.0,4560.0,30300.0
2021-04-01,90750,4560.0,4605.0,4545.0,4590.0,0,0,29100.0,133215500.0,1.0,4560.0,4605.0,4545.0,4590.0,29100.0
2021-04-02,90750,4595.0,4595.0,4510.0,4510.0,0,0,18900.0,85906500.0,1.0,4595.0,4595.0,4510.0,4510.0,18900.0
2021-04-05,90750,4505.0,4515.0,4450.0,4475.0,0,0,16000.0,71708500.0,1.0,4505.0,4515.0,4450.0,4475.0,16000.0
2021-04-06,90750,4445.0,4485.0,4400.0,4420.0,0,0,26700.0,118229000.0,1.0,4445.0,4485.0,4400.0,4420.0,26700.0
2021-04-07,90750,4350.0,4540.0,4335.0,4540.0,0,0,36100.0,162193500.0,1.0,4350.0,4540.0,4335.0,4540.0,36100.0
2021-04-08,90750,4470.0,4480.0,4365.0,4380.0,0,0,22100.0,97403000.0,1.0,4470.0,4480.0,4365.0,4380.0,22100.0
2021-04-09,90750,4385.0,4460.0,4370.0,4410.0,0,0,27400.0,120998500.0,1.0,4385.0,4460.0,4370.0,4410.0,27400.0
2021-04-12,90750,4480.0,4495.0,4420.0,4470.0,0,0,23000.0,102707500.0,1.0,4480.0,4495.0,4420.0,4470.0,23000.0
2021-04-13,90750,4475.0,4550.0,4435.0,4490.0,0,0,30100.0,135448000.0,1.0,4475.0,4550.0,4435.0,4490.0,30100.0
2021-04-14,90750,4480.0,4505.0,4350.0,4405.0,0,0,41800.0,183799000.0,1.0,4480.0,4505.0,4350.0,4405.0,41800.0
2021-04-15,90750,4405.0,4445.0,4330.0,4425.0,0,0,37300.0,164532000.0,1.0,4405.0,4445.0,4330.0,4425.0,37300.0
2021-04-16,90750,4415.0,4515.0,4415.0,4465.0,0,0,25800.0,115341000.0,1.0,4415.0,4515.0,4415.0,4465.0,25800.0
2021-04-19,90750,4510.0,4510.0,4410.0,4425.0,0,0,14700.0,65477500.0,1.0,4510.0,4510.0,4410.0,4425.0,14700.0
2021-04-20,90750,4375.0,4375.0,4295.0,4310.0,0,0,22100.0,95491500.0,1.0,4375.0,4375.0,4295.0,4310.0,22100.0
2021-04-21,90750,4230.0,4320.0,4205.0,4235.0,0,0,25400.0,107525500.0,1.0,4230.0,4320.0,4205.0,4235.0,25400.0
2021-04-22,90750,4280.0,4310.0,4240.0,4270.0,0,0,16600.0,70830500.0,1.0,4280.0,4310.0,4240.0,4270.0,16600.0
2021-04-23,90750,4250.0,4315.0,4250.0,4285.0,0,0,14900.0,63886000.0,1.0,4250.0,4315.0,4250.0,4285.0,14900.0
2021-04-26,90750,4260.0,4330.0,4230.0,4285.0,0,0,25900.0,110918000.0,1.0,4260.0,4330.0,4230.0,4285.0,25900.0
2021-04-27,90750,4285.0,4330.0,4250.0,4250.0,0,0,23700.0,101380500.0,1.0,4285.0,4330.0,4250.0,4250.0,23700.0
2021-04-28,90750,4250.0,4310.0,4220.0,4220.0,0,0,32200.0,136881000.0,1.0,4250.0,4310.0,4220.0,4220.0,32200.0
2021-04-30,90750,4180.0,4305.0,4180.0,4185.0,0,0,43400.0,182983500.0,1.0,4180.0,4305.0,4180.0,4185.0,43400.0
2021-05-06,90750,4195.0,4330.0,4195.0,4295.0,0,0,31600.0,135676000.0,1.0,4195.0,4330.0,4195.0,4295.0,31600.0
2021-05-07,90750,4295.0,4445.0,4295.0,4355.0,0,0,35600.0,156053000.0,1.0,4295.0,4445.0,4295.0,4355.0,35600.0
2021-05-10,90750,4320.0,4375.0,4300.0,4335.0,0,0,18500.0,80070000.0,1.0,4320.0,4375.0,4300.0,4335.0,18500.0
2021-05-11,90750,4300.0,4320.0,4150.0,4210.0,0,0,42600.0,179535000.0,1.0,4300.0,4320.0,4150.0,4210.0,42600.0
2021-05-12,90750,4220.0,4490.0,4195.0,4360.0,0,0,166400.0,724852000.0,1.0,4220.0,4490.0,4195.0,4360.0,166400.0
2021-05-13,90750,4320.0,4340.0,4220.0,4235.0,0,0,54600.0,232677000.0,1.0,4320.0,4340.0,4220.0,4235.0,54600.0
2021-05-14,90750,4285.0,4465.0,4285.0,4375.0,0,0,68000.0,298284000.0,1.0,4285.0,4465.0,4285.0,4375.0,68000.0
2021-05-17,90750,4375.0,4390.0,4310.0,4310.0,0,0,41500.0,180365000.0,1.0,4375.0,4390.0,4310.0,4310.0,41500.0
2021-05-18,90750,4225.0,4355.0,4225.0,4330.0,0,0,56700.0,243964500.0,1.0,4225.0,4355.0,4225.0,4330.0,56700.0
2021-05-19,90750,4215.0,4225.0,4125.0,4150.0,0,0,46900.0,195619000.0,1.0,4215.0,4225.0,4125.0,4150.0,46900.0
2021-05-20,90750,4105.0,4165.0,4045.0,4065.0,0,0,35700.0,146064000.0,1.0,4105.0,4165.0,4045.0,4065.0,35700.0
2021-05-21,90750,4055.0,4150.0,4025.0,4135.0,0,0,49700.0,203809000.0,1.0,4055.0,4150.0,4025.0,4135.0,49700.0
2021-05-24,90750,4135.0,4195.0,4120.0,4150.0,0,0,25200.0,104638000.0,1.0,4135.0,4195.0,4120.0,4150.0,25200.0
2021-05-25,90750,4125.0,4125.0,4050.0,4075.0,0,0,35600.0,145166000.0,1.0,4125.0,4125.0,4050.0,4075.0,35600.0
2021-05-26,90750,4030.0,4045.0,4015.0,4040.0,0,0,48200.0,194360000.0,1.0,4030.0,4045.0,4015.0,4040.0,48200.0
2021-05-27,90750,4025.0,4120.0,3995.0,4030.0,0,0,163600.0,659147000.0,1.0,4025.0,4120.0,3995.0,4030.0,163600.0
2021-05-28,90750,4055.0,4075.0,4030.0,4065.0,0,0,42900.0,173968500.0,1.0,4055.0,4075.0,4030.0,4065.0,42900.0
2021-05-31,90750,4030.0,4100.0,4010.0,4060.0,0,0,63900.0,258676500.0,1.0,4030.0,4100.0,4010.0,4060.0,63900.0
2021-06-01,90750,4060.0,4095.0,4015.0,4090.0,0,0,65600.0,265721000.0,1.0,4060.0,4095.0,4015.0,4090.0,65600.0
2021-06-02,90750,4140.0,4225.0,4095.0,4200.0,0,0,54000.0,225347000.0,1.0,4140.0,4225.0,4095.0,4200.0,54000.0
2021-06-03,90750,4175.0,4215.0,4110.0,4130.0,0,0,35500.0,147010000.0,1.0,4175.0,4215.0,4110.0,4130.0,35500.0
2021-06-04,90750,4080.0,4120.0,4035.0,4040.0,0,0,53500.0,216833000.0,1.0,4080.0,4120.0,4035.0,4040.0,53500.0
2021-06-07,90750,4045.0,4055.0,4005.0,4030.0,0,0,56300.0,226454500.0,1.0,4045.0,4055.0,4005.0,4030.0,56300.0
2021-06-08,90750,4000.0,4080.0,4000.0,4070.0,0,0,26200.0,106243000.0,1.0,4000.0,4080.0,4000.0,4070.0,26200.0
2021-06-09,90750,4110.0,4125.0,4035.0,4060.0,0,0,35700.0,145066500.0,1.0,4110.0,4125.0,4035.0,4060.0,35700.0
2021-06-10,90750,4005.0,4035.0,3985.0,4015.0,0,0,37200.0,149330500.0,1.0,4005.0,4035.0,3985.0,4015.0,37200.0
2021-06-11,90750,4010.0,4025.0,3960.0,3980.0,0,0,58500.0,233578000.0,1.0,4010.0,4025.0,3960.0,3980.0,58500.0
2021-06-14,90750,4010.0,4015.0,3910.0,3930.0,0,0,37600.0,148621000.0,1.0,4010.0,4015.0,3910.0,3930.0,37600.0
2021-06-15,90750,3930.0,3945.0,3885.0,3925.0,0,0,63800.0,250119500.0,1.0,3930.0,3945.0,3885.0,3925.0,63800.0
2021-06-16,90750,3925.0,3965.0,3905.0,3960.0,0,0,19500.0,76957000.0,1.0,3925.0,3965.0,3905.0,3960.0,19500.0
2021-06-17,90750,3940.0,4055.0,3940.0,4040.0,0,0,43400.0,174756500.0,1.0,3940.0,4055.0,3940.0,4040.0,43400.0
2021-06-18,90750,4045.0,4045.0,3995.0,4005.0,0,0,46100.0,185172500.0,1.0,4045.0,4045.0,3995.0,4005.0,46100.0
2021-06-21,90750,3990.0,4070.0,3980.0,4035.0,0,0,71900.0,290098000.0,1.0,3990.0,4070.0,3980.0,4035.0,71900.0
2021-06-22,90750,4145.0,4355.0,4145.0,4315.0,0,0,109200.0,468768000.0,1.0,4145.0,4355.0,4145.0,4315.0,109200.0
2021-06-23,90750,4305.0,4490.0,4295.0,4395.0,0,0,86400.0,381769500.0,1.0,4305.0,4490.0,4295.0,4395.0,86400.0
2021-06-24,90750,4325.0,4400.0,4250.0,4290.0,0,0,67900.0,291226500.0,1.0,4325.0,4400.0,4250.0,4290.0,67900.0
2021-06-25,90750,4275.0,4275.0,4170.0,4235.0,0,0,57500.0,242242500.0,1.0,4275.0,4275.0,4170.0,4235.0,57500.0
2021-06-28,90750,4225.0,4240.0,4155.0,4185.0,0,0,25700.0,107538500.0,1.0,4225.0,4240.0,4155.0,4185.0,25700.0
2021-06-29,90750,4125.0,4145.0,4095.0,4120.0,0,0,45900.0,189280000.0,1.0,4125.0,4145.0,4095.0,4120.0,45900.0
2021-06-30,90750,4180.0,4205.0,4105.0,4125.0,0,0,41400.0,171371500.0,1.0,4180.0,4205.0,4105.0,4125.0,41400.0
2021-07-01,90750,4145.0,4220.0,4115.0,4125.0,0,0,73400.0,304439500.0,1.0,4145.0,4220.0,4115.0,4125.0,73400.0
2021-07-02,90750,4155.0,4190.0,4115.0,4165.0,0,0,36000.0,149538000.0,1.0,4155.0,4190.0,4115.0,4165.0,36000.0
2021-07-05,90750,4165.0,4215.0,4155.0,4190.0,0,0,42300.0,176831500.0,1.0,4165.0,4215.0,4155.0,4190.0,42300.0
2021-07-06,90750,4190.0,4190.0,4110.0,4120.0,0,0,13300.0,54983500.0,1.0,4190.0,4190.0,4110.0,4120.0,13300.0
2021-07-07,90750,4105.0,4110.0,4025.0,4045.0,0,0,48700.0,197696500.0,1.0,4105.0,4110.0,4025.0,4045.0,48700.0
2021-07-08,90750,4045.0,4100.0,4010.0,4050.0,0,0,67600.0,274286000.0,1.0,4045.0,4100.0,4010.0,4050.0,67600.0
2021-07-09,90750,4000.0,4020.0,3935.0,4000.0,0,0,67500.0,268696500.0,1.0,4000.0,4020.0,3935.0,4000.0,67500.0
2021-07-12,90750,4070.0,4165.0,4000.0,4130.0,0,0,43900.0,180713500.0,1.0,4070.0,4165.0,4000.0,4130.0,43900.0
2021-07-13,90750,4130.0,4170.0,4115.0,4160.0,0,0,35800.0,148338000.0,1.0,4130.0,4170.0,4115.0,4160.0,35800.0
2021-07-14,90750,4160.0,4250.0,4160.0,4165.0,0,0,41500.0,174226000.0,1.0,4160.0,4250.0,4160.0,4165.0,41500.0
2021-07-15,90750,4235.0,4255.0,4165.0,4185.0,0,0,45900.0,192584500.0,1.0,4235.0,4255.0,4165.0,4185.0,45900.0
2021-07-16,90750,4125.0,4145.0,4080.0,4100.0,0,0,29900.0,122734000.0,1.0,4125.0,4145.0,4080.0,4100.0,29900.0
2021-07-19,90750,4075.0,4095.0,4015.0,4030.0,0,0,31900.0,128824000.0,1.0,4075.0,4095.0,4015.0,4030.0,31900.0
2021-07-20,90750,4030.0,4040.0,4000.0,4015.0,0,0,31900.0,128217500.0,1.0,4030.0,4040.0,4000.0,4015.0,31900.0
2021-07-21,90750,4085.0,4140.0,4060.0,4095.0,0,0,36500.0,149293000.0,1.0,4085.0,4140.0,4060.0,4095.0,36500.0
2021-07-26,90750,4195.0,4195.0,4100.0,4155.0,0,0,33100.0,137196000.0,1.0,4195.0,4195.0,4100.0,4155.0,33100.0
2021-07-27,90750,4220.0,4230.0,4155.0,4210.0,0,0,32200.0,135248000.0,1.0,4220.0,4230.0,4155.0,4210.0,32200.0
2021-07-28,90750,4210.0,4210.0,4170.0,4190.0,0,0,22000.0,92239000.0,1.0,4210.0,4210.0,4170.0,4190.0,22000.0
2021-07-29,90750,4215.0,4215.0,4130.0,4165.0,0,0,22700.0,94380500.0,1.0,4215.0,4215.0,4130.0,4165.0,22700.0
2021-07-30,90750,4140.0,4155.0,4040.0,4095.0,0,0,38800.0,158682500.0,1.0,4140.0,4155.0,4040.0,4095.0,38800.0
2021-08-02,90750,4165.0,4310.0,4145.0,4290.0,0,0,47200.0,201051500.0,1.0,4165.0,4310.0,4145.0,4290.0,47200.0
2021-08-03,90750,4290.0,4320.0,4235.0,4280.0,0,0,42900.0,183474000.0,1.0,4290.0,4320.0,4235.0,4280.0,42900.0
2021-08-04,90750,4285.0,4285.0,4205.0,4255.0,0,0,42000.0,178338000.0,1.0,4285.0,4285.0,4205.0,4255.0,42000.0
2021-08-05,90750,4240.0,4265.0,4190.0,4240.0,0,0,38900.0,164689500.0,1.0,4240.0,4265.0,4190.0,4240.0,38900.0
2021-08-06,90750,4280.0,4280.0,4210.0,4245.0,0,0,27900.0,118265500.0,1.0,4280.0,4280.0,4210.0,4245.0,27900.0
2021-08-10,90750,4260.0,4330.0,4225.0,4250.0,0,0,34500.0,147309500.0,1.0,4260.0,4330.0,4225.0,4250.0,34500.0
2021-08-11,90750,4285.0,4450.0,4285.0,4435.0,0,0,102600.0,451010500.0,1.0,4285.0,4450.0,4285.0,4435.0,102600.0
2021-08-12,90750,4500.0,4580.0,4400.0,4525.0,0,0,162100.0,732122000.0,1.0,4500.0,4580.0,4400.0,4525.0,162100.0
2021-08-13,90750,4525.0,4525.0,4370.0,4505.0,0,0,80200.0,358916000.0,1.0,4525.0,4525.0,4370.0,4505.0,80200.0
2021-08-16,90750,4505.0,4505.0,4290.0,4350.0,0,0,64900.0,283771500.0,1.0,4505.0,4505.0,4290.0,4350.0,64900.0
2021-08-17,90750,4365.0,4375.0,4240.0,4320.0,0,0,43400.0,187344500.0,1.0,4365.0,4375.0,4240.0,4320.0,43400.0
2021-08-18,90750,4305.0,4335.0,4250.0,4320.0,0,0,42400.0,182484500.0,1.0,4305.0,4335.0,4250.0,4320.0,42400.0
2021-08-19,90750,4305.0,4415.0,4305.0,4345.0,0,0,62200.0,271554000.0,1.0,4305.0,4415.0,4305.0,4345.0,62200.0
2021-08-20,90750,4335.0,4405.0,4320.0,4355.0,0,0,46100.0,201269500.0,1.0,4335.0,4405.0,4320.0,4355.0,46100.0
2021-08-23,90750,4310.0,4495.0,4310.0,4475.0,0,0,45900.0,204107000.0,1.0,4310.0,4495.0,4310.0,4475.0,45900.0
2021-08-24,90750,4475.0,4640.0,4465.0,4615.0,0,0,79700.0,366330500.0,1.0,4475.0,4640.0,4465.0,4615.0,79700.0
2021-08-25,90750,4610.0,4770.0,4610.0,4730.0,0,0,78000.0,368443000.0,1.0,4610.0,4770.0,4610.0,4730.0,78000.0
2021-08-26,90750,4690.0,4775.0,4660.0,4740.0,0,0,75200.0,356380500.0,1.0,4690.0,4775.0,4660.0,4740.0,75200.0
2021-08-27,90750,4740.0,4790.0,4600.0,4635.0,0,0,55900.0,259996500.0,1.0,4740.0,4790.0,4600.0,4635.0,55900.0
2021-08-30,90750,4680.0,4740.0,4665.0,4710.0,0,0,54300.0,255378500.0,1.0,4680.0,4740.0,4665.0,4710.0,54300.0
2021-08-31,90750,4670.0,4690.0,4580.0,4630.0,0,0,61000.0,282960500.0,1.0,4670.0,4690.0,4580.0,4630.0,61000.0
2021-09-01,90750,4620.0,4655.0,4570.0,4650.0,0,0,58300.0,270134500.0,1.0,4620.0,4655.0,4570.0,4650.0,58300.0
2021-09-02,90750,4675.0,4735.0,4620.0,4735.0,0,0,79900.0,375886000.0,1.0,4675.0,4735.0,4620.0,4735.0,79900.0
2021-09-03,90750,4665.0,4765.0,4650.0,4700.0,0,0,95300.0,447866000.0,1.0,4665.0,4765.0,4650.0,4700.0,95300.0
2021-09-06,90750,4795.0,4840.0,4745.0,4785.0,0,0,57100.0,273333500.0,1.0,4795.0,4840.0,4745.0,4785.0,57100.0
2021-09-07,90750,4830.0,4860.0,4760.0,4835.0,0,0,84500.0,407151000.0,1.0,4830.0,4860.0,4760.0,4835.0,84500.0
2021-09-08,90750,4850.0,4880.0,4825.0,4850.0,0,0,62600.0,303764000.0,1.0,4850.0,4880.0,4825.0,4850.0,62600.0
2021-09-09,90750,4780.0,4845.0,4755.0,4820.0,0,0,50300.0,242080500.0,1.0,4780.0,4845.0,4755.0,4820.0,50300.0
2021-09-10,90750,4780.0,4900.0,4780.0,4900.0,0,0,86300.0,419159500.0,1.0,4780.0,4900.0,4780.0,4900.0,86300.0
2021-09-13,90750,4890.0,4950.0,4885.0,4950.0,0,0,42600.0,210009000.0,1.0,4890.0,4950.0,4885.0,4950.0,42600.0
2021-09-14,90750,4950.0,5040.0,4925.0,5020.0,0,0,67100.0,335293000.0,1.0,4950.0,5040.0,4925.0,5020.0,67100.0
2021-09-15,90750,4975.0,4975.0,4860.0,4905.0,0,0,50800.0,249466500.0,1.0,4975.0,4975.0,4860.0,4905.0,50800.0
2021-09-16,90750,4940.0,5040.0,4940.0,5030.0,0,0,65500.0,327762500.0,1.0,4940.0,5040.0,4940.0,5030.0,65500.0
2021-09-17,90750,5020.0,5080.0,4960.0,5080.0,0,0,184500.0,933962000.0,1.0,5020.0,5080.0,4960.0,5080.0,184500.0
2021-09-21,90750,5010.0,5100.0,4960.0,5030.0,0,0,52200.0,262921500.0,1.0,5010.0,5100.0,4960.0,5030.0,52200.0
2021-09-22,90750,5000.0,5000.0,4920.0,4945.0,0,0,39400.0,195162500.0,1.0,5000.0,5000.0,4920.0,4945.0,39400.0
2021-09-24,90750,5040.0,5150.0,4995.0,5140.0,0,0,73000.0,372256000.0,1.0,5040.0,5150.0,4995.0,5140.0,73000.0
2021-09-27,90750,5100.0,5160.0,5090.0,5090.0,0,0,58000.0,296351000.0,1.0,5100.0,5160.0,5090.0,5090.0,58000.0
2021-09-28,90750,5080.0,5080.0,4980.0,5040.0,0,0,55700.0,280295000.0,1.0,5080.0,5080.0,4980.0,5040.0,55700.0
2021-09-29,90750,4960.0,4970.0,4850.0,4920.0,0,0,64400.0,315253500.0,1.0,4960.0,4970.0,4850.0,4920.0,64400.0
2021-09-30,90750,4935.0,4965.0,4870.0,4880.0,0,0,55300.0,271378000.0,1.0,4935.0,4965.0,4870.0,4880.0,55300.0
2021-10-01,90750,4865.0,4865.0,4705.0,4715.0,0,0,55700.0,264530500.0,1.0,4865.0,4865.0,4705.0,4715.0,55700.0
2021-10-04,90750,4765.0,4835.0,4735.0,4790.0,0,0,46300.0,221924000.0,1.0,4765.0,4835.0,4735.0,4790.0,46300.0
2021-10-05,90750,4720.0,4780.0,4685.0,4700.0,0,0,67800.0,319842500.0,1.0,4720.0,4780.0,4685.0,4700.0,67800.0
2021-10-06,90750,4700.0,4795.0,4700.0,4755.0,0,0,58400.0,277757500.0,1.0,4700.0,4795.0,4700.0,4755.0,58400.0
2021-10-07,90750,4730.0,4805.0,4665.0,4675.0,0,0,84700.0,400223500.0,1.0,4730.0,4805.0,4665.0,4675.0,84700.0
2021-10-08,90750,4795.0,4845.0,4720.0,4745.0,0,0,112100.0,534028000.0,1.0,4795.0,4845.0,4720.0,4745.0,112100.0
2021-10-11,90750,4715.0,4795.0,4625.0,4775.0,0,0,111800.0,529772500.0,1.0,4715.0,4795.0,4625.0,4775.0,111800.0
2021-10-12,90750,4765.0,4800.0,4675.0,4675.0,0,0,85500.0,402794000.0,1.0,4765.0,4800.0,4675.0,4675.0,85500.0
2021-10-13,90750,4720.0,4800.0,4680.0,4720.0,0,0,88300.0,419024500.0,1.0,4720.0,4800.0,4680.0,4720.0,88300.0
2021-10-14,90750,4700.0,4740.0,4660.0,4690.0,0,0,81200.0,382185500.0,1.0,4700.0,4740.0,4660.0,4690.0,81200.0
2021-10-15,90750,4740.0,4810.0,4740.0,4770.0,0,0,89700.0,427577000.0,1.0,4740.0,4810.0,4740.0,4770.0,89700.0
2021-10-18,90750,4770.0,4790.0,4635.0,4685.0,0,0,78400.0,368207500.0,1.0,4770.0,4790.0,4635.0,4685.0,78400.0
2021-10-19,90750,4685.0,4775.0,4685.0,4760.0,0,0,59800.0,283429000.0,1.0,4685.0,4775.0,4685.0,4760.0,59800.0
2021-10-20,90750,4745.0,4800.0,4740.0,4765.0,0,0,78800.0,375993000.0,1.0,4745.0,4800.0,4740.0,4765.0,78800.0
2021-10-21,90750,4765.0,4785.0,4695.0,4720.0,0,0,56000.0,265470000.0,1.0,4765.0,4785.0,4695.0,4720.0,56000.0
2021-10-22,90750,4680.0,4800.0,4670.0,4755.0,0,0,65000.0,309339000.0,1.0,4680.0,4800.0,4670.0,4755.0,65000.0
2021-10-25,90750,4720.0,4835.0,4720.0,4745.0,0,0,92400.0,440975000.0,1.0,4720.0,4835.0,4720.0,4745.0,92400.0
2021-10-26,90750,4810.0,4825.0,4665.0,4690.0,0,0,146200.0,688109000.0,1.0,4810.0,4825.0,4665.0,4690.0,146200.0
2021-10-27,90750,4685.0,4690.0,4545.0,4610.0,0,0,161400.0,741405500.0,1.0,4685.0,4690.0,4545.0,4610.0,161400.0
2021-10-28,90750,4540.0,4600.0,4425.0,4440.0,0,0,806900.0,3597049000.0,1.0,4540.0,4600.0,4425.0,4440.0,806900.0
2021-10-29,90750,4455.0,4565.0,4430.0,4530.0,0,0,112800.0,509348500.0,1.0,4455.0,4565.0,4430.0,4530.0,112800.0
2021-11-01,90750,4620.0,4715.0,4610.0,4705.0,0,0,71200.0,333106000.0,1.0,4620.0,4715.0,4610.0,4705.0,71200.0
2021-11-02,90750,4705.0,4735.0,4635.0,4655.0,0,0,66600.0,310978500.0,1.0,4705.0,4735.0,4635.0,4655.0,66600.0
2021-11-04,90750,4695.0,4770.0,4620.0,4755.0,0,0,71300.0,337795000.0,1.0,4695.0,4770.0,4620.0,4755.0,71300.0
2021-11-05,90750,4685.0,4740.0,4655.0,4685.0,0,0,46400.0,217819500.0,1.0,4685.0,4740.0,4655.0,4685.0,46400.0
2021-11-08,90750,4715.0,4740.0,4680.0,4680.0,0,0,33500.0,157387000.0,1.0,4715.0,4740.0,4680.0,4680.0,33500.0
2021-11-09,90750,4635.0,4705.0,4615.0,4630.0,0,0,58500.0,272383000.0,1.0,4635.0,4705.0,4615.0,4630.0,58500.0
2021-11-10,90750,4650.0,4665.0,4525.0,4545.0,0,0,47000.0,214123000.0,1.0,4650.0,4665.0,4525.0,4545.0,47000.0
2021-11-11,90750,4230.0,4410.0,4125.0,4215.0,0,0,103700.0,437803500.0,1.0,4230.0,4410.0,4125.0,4215.0,103700.0
2021-11-12,90750,4195.0,4265.0,4155.0,4195.0,0,0,81800.0,342950500.0,1.0,4195.0,4265.0,4155.0,4195.0,81800.0
2021-11-15,90750,4220.0,4275.0,4165.0,4185.0,0,0,61200.0,257215500.0,1.0,4220.0,4275.0,4165.0,4185.0,61200.0
2021-11-16,90750,4200.0,4230.0,4115.0,4130.0,0,0,54100.0,224497000.0,1.0,4200.0,4230.0,4115.0,4130.0,54100.0
2021-11-17,90750,4125.0,4125.0,4055.0,4065.0,0,0,43900.0,179417000.0,1.0,4125.0,4125.0,4055.0,4065.0,43900.0
2021-11-18,90750,4075.0,4145.0,4065.0,4140.0,0,0,55800.0,229761000.0,1.0,4075.0,4145.0,4065.0,4140.0,55800.0
2021-11-19,90750,4110.0,4140.0,4045.0,4095.0,0,0,59800.0,244421000.0,1.0,4110.0,4140.0,4045.0,4095.0,59800.0
2021-11-22,90750,4060.0,4115.0,4050.0,4060.0,0,0,38000.0,154792500.0,1.0,4060.0,4115.0,4050.0,4060.0,38000.0
2021-11-24,90750,4110.0,4110.0,4000.0,4000.0,0,0,40100.0,161634000.0,1.0,4110.0,4110.0,4000.0,4000.0,40100.0
2021-11-25,90750,4000.0,4010.0,3960.0,4010.0,0,0,20400.0,81600500.0,1.0,4000.0,4010.0,3960.0,4010.0,20400.0
2021-11-26,90750,4000.0,4030.0,3915.0,3935.0,0,0,34800.0,137185000.0,1.0,4000.0,4030.0,3915.0,3935.0,34800.0
2021-11-29,90750,3870.0,3875.0,3715.0,3780.0,0,0,54800.0,208382000.0,1.0,3870.0,3875.0,3715.0,3780.0,54800.0
2021-11-30,90750,3830.0,3875.0,3760.0,3760.0,0,0,88700.0,337126500.0,1.0,3830.0,3875.0,3760.0,3760.0,88700.0
2021-12-01,90750,3760.0,3830.0,3750.0,3795.0,0,0,41600.0,157800000.0,1.0,3760.0,3830.0,3750.0,3795.0,41600.0
2021-12-02,90750,3740.0,3840.0,3740.0,3785.0,0,0,68400.0,259592500.0,1.0,3740.0,3840.0,3740.0,3785.0,68400.0
2021-12-03,90750,3810.0,3875.0,3810.0,3860.0,0,0,61900.0,238257000.0,1.0,3810.0,3875.0,3810.0,3860.0,61900.0
2021-12-06,90750,3900.0,3965.0,3865.0,3890.0,0,0,53700.0,208974500.0,1.0,3900.0,3965.0,3865.0,3890.0,53700.0
2021-12-07,90750,3915.0,4020.0,3885.0,4015.0,0,0,58000.0,230665000.0,1.0,3915.0,4020.0,3885.0,4015.0,58000.0
2021-12-08,90750,4085.0,4095.0,3940.0,3950.0,0,0,54400.0,215881000.0,1.0,4085.0,4095.0,3940.0,3950.0,54400.0
2021-12-09,90750,3980.0,3995.0,3920.0,3955.0,0,0,56100.0,221701500.0,1.0,3980.0,3995.0,3920.0,3955.0,56100.0
2021-12-10,90750,3990.0,3990.0,3930.0,3950.0,0,0,37800.0,149809500.0,1.0,3990.0,3990.0,3930.0,3950.0,37800.0
2021-12-13,90750,3990.0,3995.0,3920.0,3975.0,0,0,37700.0,149473500.0,1.0,3990.0,3995.0,3920.0,3975.0,37700.0
2021-12-14,90750,3975.0,3990.0,3940.0,3975.0,0,0,30200.0,119802500.0,1.0,3975.0,3990.0,3940.0,3975.0,30200.0
2021-12-15,90750,3975.0,4040.0,3975.0,4020.0,0,0,32100.0,128774500.0,1.0,3975.0,4040.0,3975.0,4020.0,32100.0
2021-12-16,90750,4075.0,4150.0,4065.0,4110.0,0,0,55000.0,226376000.0,1.0,4075.0,4150.0,4065.0,4110.0,55000.0
2021-12-17,90750,4130.0,4130.0,3975.0,3990.0,0,0,89100.0,357370500.0,1.0,4130.0,4130.0,3975.0,3990.0,89100.0
2021-12-20,90750,3950.0,3975.0,3930.0,3930.0,0,0,36000.0,142039500.0,1.0,3950.0,3975.0,3930.0,3930.0,36000.0
2021-12-21,90750,4000.0,4000.0,3930.0,3940.0,0,0,35000.0,138354500.0,1.0,4000.0,4000.0,3930.0,3940.0,35000.0
2021-12-22,90750,3935.0,3935.0,3870.0,3910.0,0,0,43000.0,168331000.0,1.0,3935.0,3935.0,3870.0,3910.0,43000.0
2021-12-23,90750,3930.0,3965.0,3910.0,3930.0,0,0,27000.0,105930500.0,1.0,3930.0,3965.0,3910.0,3930.0,27000.0
2021-12-24,90750,3950.0,3950.0,3900.0,3925.0,0,0,30600.0,120083500.0,1.0,3950.0,3950.0,3900.0,3925.0,30600.0
2021-12-27,90750,3895.0,3905.0,3870.0,3885.0,0,0,24300.0,94464000.0,1.0,3895.0,3905.0,3870.0,3885.0,24300.0
2021-12-28,90750,3885.0,3970.0,3860.0,3955.0,0,0,40500.0,159696500.0,1.0,3885.0,3970.0,3860.0,3955.0,40500.0
2021-12-29,90750,3940.0,3995.0,3930.0,3955.0,0,0,26400.0,104437500.0,1.0,3940.0,3995.0,3930.0,3955.0,26400.0
2021-12-30,90750,3925.0,3960.0,3900.0,3925.0,0,0,16800.0,66077000.0,1.0,3925.0,3960.0,3900.0,3925.0,16800.0
2022-01-04,90750,3940.0,3975.0,3930.0,3950.0,0,0,54600.0,215844500.0,1.0,3940.0,3975.0,3930.0,3950.0,54600.0
2022-01-05,90750,4005.0,4065.0,3955.0,4025.0,0,0,72000.0,289547000.0,1.0,4005.0,4065.0,3955.0,4025.0,72000.0
2022-01-06,90750,4005.0,4015.0,3905.0,3905.0,0,0,54200.0,213936000.0,1.0,4005.0,4015.0,3905.0,3905.0,54200.0
2022-01-07,90750,3915.0,3930.0,3820.0,3835.0,0,0,52900.0,203857000.0,1.0,3915.0,3930.0,3820.0,3835.0,52900.0
2022-01-11,90750,3835.0,3840.0,3730.0,3785.0,0,0,40800.0,153871500.0,1.0,3835.0,3840.0,3730.0,3785.0,40800.0
2022-01-12,90750,3830.0,3905.0,3800.0,3860.0,0,0,27800.0,107491000.0,1.0,3830.0,3905.0,3800.0,3860.0,27800.0
2022-01-13,90750,3840.0,3840.0,3760.0,3765.0,0,0,32800.0,124000000.0,1.0,3840.0,3840.0,3760.0,3765.0,32800.0
2022-01-14,90750,3765.0,3810.0,3730.0,3805.0,0,0,51000.0,192555500.0,1.0,3765.0,3810.0,3730.0,3805.0,51000.0
2022-01-17,90750,3785.0,3830.0,3735.0,3755.0,0,0,35100.0,132160500.0,1.0,3785.0,3830.0,3735.0,3755.0,35100.0
2022-01-18,90750,3780.0,3795.0,3695.0,3725.0,0,0,27300.0,102016000.0,1.0,3780.0,3795.0,3695.0,3725.0,27300.0
2022-01-19,90750,3655.0,3700.0,3580.0,3600.0,0,0,49000.0,177311500.0,1.0,3655.0,3700.0,3580.0,3600.0,49000.0
2022-01-20,90750,3580.0,3675.0,3580.0,3635.0,0,0,45300.0,165107000.0,1.0,3580.0,3675.0,3580.0,3635.0,45300.0
2022-01-21,90750,3600.0,3640.0,3580.0,3635.0,0,0,46800.0,169171500.0,1.0,3600.0,3640.0,3580.0,3635.0,46800.0
2022-01-24,90750,3600.0,3635.0,3550.0,3615.0,0,0,58400.0,210237500.0,1.0,3600.0,3635.0,3550.0,3615.0,58400.0
2022-01-25,90750,3615.0,3685.0,3560.0,3640.0,0,0,53800.0,195500500.0,1.0,3615.0,3685.0,3560.0,3640.0,53800.0
2022-01-26,90750,3635.0,3650.0,3595.0,3595.0,0,0,36000.0,130216500.0,1.0,3635.0,3650.0,3595.0,3595.0,36000.0
2022-01-27,90750,3595.0,3620.0,3515.0,3525.0,0,0,58800.0,208744000.0,1.0,3595.0,3620.0,3515.0,3525.0,58800.0
2022-01-28,90750,3595.0,3645.0,3580.0,3605.0,0,0,44600.0,161148000.0,1.0,3595.0,3645.0,3580.0,3605.0,44600.0
2022-01-31,90750,3565.0,3620.0,3560.0,3600.0,0,0,26400.0,95020500.0,1.0,3565.0,3620.0,3560.0,3600.0,26400.0
2022-02-01,90750,3635.0,3680.0,3610.0,3610.0,0,0,32800.0,119003500.0,1.0,3635.0,3680.0,3610.0,3610.0,32800.0
2022-02-02,90750,3625.0,3720.0,3625.0,3685.0,0,0,49700.0,183445500.0,1.0,3625.0,3720.0,3625.0,3685.0,49700.0
2022-02-03,90750,3720.0,3730.0,3630.0,3670.0,0,0,42800.0,157229000.0,1.0,3720.0,3730.0,3630.0,3670.0,42800.0
2022-02-04,90750,3665.0,3720.0,3660.0,3705.0,0,0,29600.0,109461000.0,1.0,3665.0,3720.0,3660.0,3705.0,29600.0
2022-02-07,90750,3680.0,3695.0,3625.0,3650.0,0,0,33600.0,123072000.0,1.0,3680.0,3695.0,3625.0,3650.0,33600.0
2022-02-08,90750,3660.0,3745.0,3660.0,3720.0,0,0,49700.0,184734500.0,1.0,3660.0,3745.0,3660.0,3720.0,49700.0
2022-02-09,90750,3745.0,3745.0,3650.0,3690.0,0,0,52900.0,195861500.0,1.0,3745.0,3745.0,3650.0,3690.0,52900.0
2022-02-10,90750,3720.0,3910.0,3715.0,3855.0,0,0,130200.0,501087500.0,1.0,3720.0,3910.0,3715.0,3855.0,130200.0
2022-02-14,90750,3785.0,3855.0,3780.0,3840.0,0,0,57500.0,220186500.0,1.0,3785.0,3855.0,3780.0,3840.0,57500.0
2022-02-15,90750,3865.0,3935.0,3865.0,3910.0,0,0,44200.0,172427000.0,1.0,3865.0,3935.0,3865.0,3910.0,44200.0
2022-02-16,90750,3975.0,4035.0,3935.0,4005.0,0,0,55200.0,220902000.0,1.0,3975.0,4035.0,3935.0,4005.0,55200.0
2022-02-17,90750,4005.0,4035.0,3960.0,4005.0,0,0,61700.0,246874500.0,1.0,4005.0,4035.0,3960.0,4005.0,61700.0
2022-02-18,90750,3945.0,4075.0,3945.0,4050.0,0,0,62500.0,252297500.0,1.0,3945.0,4075.0,3945.0,4050.0,62500.0
2022-02-21,90750,3995.0,4135.0,3980.0,4100.0,0,0,107900.0,442966000.0,1.0,3995.0,4135.0,3980.0,4100.0,107900.0
2022-02-22,90750,4030.0,4120.0,4015.0,4060.0,0,0,107700.0,439521000.0,1.0,4030.0,4120.0,4015.0,4060.0,107700.0
2022-02-24,90750,4040.0,4080.0,3980.0,4065.0,0,0,80800.0,327089000.0,1.0,4040.0,4080.0,3980.0,4065.0,80800.0
2022-02-25,90750,4060.0,4075.0,3965.0,3965.0,0,0,77500.0,311248000.0,1.0,4060.0,4075.0,3965.0,3965.0,77500.0
2022-02-28,90750,3980.0,3980.0,3885.0,3965.0,0,0,63400.0,250739000.0,1.0,3980.0,3980.0,3885.0,3965.0,63400.0
2022-03-01,90750,3980.0,3995.0,3870.0,3895.0,0,0,70400.0,276132500.0,1.0,3980.0,3995.0,3870.0,3895.0,70400.0
2022-03-02,90750,3805.0,3820.0,3655.0,3680.0,0,0,80100.0,297815500.0,1.0,3805.0,3820.0,3655.0,3680.0,80100.0
2022-03-03,90750,3720.0,3745.0,3670.0,3680.0,0,0,52800.0,195269500.0,1.0,3720.0,3745.0,3670.0,3680.0,52800.0
2022-03-04,90750,3665.0,3705.0,3600.0,3670.0,0,0,60600.0,221724500.0,1.0,3665.0,3705.0,3600.0,3670.0,60600.0
2022-03-07,90750,3645.0,3680.0,3585.0,3620.0,0,0,72300.0,262143500.0,1.0,3645.0,3680.0,3585.0,3620.0,72300.0
2022-03-08,90750,3615.0,3675.0,3585.0,3615.0,0,0,58700.0,212671500.0,1.0,3615.0,3675.0,3585.0,3615.0,58700.0
2022-03-09,90750,3615.0,3615.0,3550.0,3575.0,0,0,52400.0,187644000.0,1.0,3615.0,3615.0,3550.0,3575.0,52400.0
2022-03-10,90750,3645.0,3770.0,3630.0,3755.0,0,0,58800.0,219905500.0,1.0,3645.0,3770.0,3630.0,3755.0,58800.0
2022-03-11,90750,3685.0,3730.0,3675.0,3695.0,0,0,56000.0,207070000.0,1.0,3685.0,3730.0,3675.0,3695.0,56000.0
2022-03-14,90750,3755.0,3810.0,3725.0,3765.0,0,0,52700.0,199065000.0,1.0,3755.0,3810.0,3725.0,3765.0,52700.0
2022-03-15,90750,3815.0,3905.0,3815.0,3860.0,0,0,52200.0,201427000.0,1.0,3815.0,3905.0,3815.0,3860.0,52200.0
2022-03-16,90750,3895.0,3900.0,3850.0,3855.0,0,0,59500.0,230091500.0,1.0,3895.0,3900.0,3850.0,3855.0,59500.0
2022-03-17,90750,3925.0,3925.0,3815.0,3840.0,0,0,62900.0,241800500.0,1.0,3925.0,3925.0,3815.0,3840.0,62900.0
2022-03-18,90750,3820.0,3825.0,3745.0,3765.0,0,0,61500.0,231894000.0,1.0,3820.0,3825.0,3745.0,3765.0,61500.0
2022-03-22,90750,3820.0,3825.0,3745.0,3770.0,0,0,52800.0,199516500.0,1.0,3820.0,3825.0,3745.0,3770.0,52800.0
2022-03-23,90750,3795.0,3875.0,3740.0,3855.0,0,0,57200.0,219345000.0,1.0,3795.0,3875.0,3740.0,3855.0,57200.0
2022-03-24,90750,3815.0,3850.0,3755.0,3825.0,0,0,38000.0,144934500.0,1.0,3815.0,3850.0,3755.0,3825.0,38000.0
2022-03-25,90750,3855.0,3890.0,3800.0,3870.0,0,0,60700.0,234521500.0,1.0,3855.0,3890.0,3800.0,3870.0,60700.0
2022-03-28,90750,3920.0,3955.0,3870.0,3880.0,0,0,48500.0,189316000.0,1.0,3920.0,3955.0,3870.0,3880.0,48500.0
2022-03-29,90750,3925.0,3925.0,3815.0,3880.0,0,0,56200.0,217783000.0,1.0,3925.0,3925.0,3815.0,3880.0,56200.0
2022-03-30,90750,3840.0,3840.0,3730.0,3795.0,0,0,42800.0,161823000.0,1.0,3840.0,3840.0,3730.0,3795.0,42800.0
2022-03-31,90750,3740.0,3755.0,3635.0,3650.0,0,0,64600.0,237550000.0,1.0,3740.0,3755.0,3635.0,3650.0,64600.0
2022-04-01,90750,3625.0,3650.0,3565.0,3650.0,0,0,53500.0,193881500.0,1.0,3625.0,3650.0,3565.0,3650.0,53500.0
2022-04-04,90750,3655.0,3695.0,3590.0,3615.0,0,0,39300.0,142194000.0,1.0,3655.0,3695.0,3590.0,3615.0,39300.0
2022-04-05,90750,3640.0,3650.0,3545.0,3590.0,0,0,61700.0,221127500.0,1.0,3640.0,3650.0,3545.0,3590.0,61700.0
2022-04-06,90750,3525.0,3560.0,3430.0,3445.0,0,0,82500.0,286168500.0,1.0,3525.0,3560.0,3430.0,3445.0,82500.0
2022-04-07,90750,3375.0,3460.0,3305.0,3415.0,0,0,102300.0,347473500.0,1.0,3375.0,3460.0,3305.0,3415.0,102300.0
2022-04-08,90750,3400.0,3445.0,3360.0,3445.0,0,0,115200.0,393592000.0,1.0,3400.0,3445.0,3360.0,3445.0,115200.0
2022-04-11,90750,3425.0,3430.0,3335.0,3360.0,0,0,41700.0,140320500.0,1.0,3425.0,3430.0,3335.0,3360.0,41700.0
2022-04-12,90750,3325.0,3400.0,3310.0,3325.0,0,0,57400.0,192052500.0,1.0,3325.0,3400.0,3310.0,3325.0,57400.0
2022-04-13,90750,3325.0,3405.0,3325.0,3400.0,0,0,57000.0,192875500.0,1.0,3325.0,3405.0,3325.0,3400.0,57000.0
2022-04-14,90750,3405.0,3465.0,3405.0,3445.0,0,0,27300.0,94029500.0,1.0,3405.0,3465.0,3405.0,3445.0,27300.0
2022-04-15,90750,3445.0,3445.0,3400.0,3410.0,0,0,41200.0,141094000.0,1.0,3445.0,3445.0,3400.0,3410.0,41200.0
2022-04-18,90750,3350.0,3365.0,3280.0,3350.0,0,0,33600.0,111983000.0,1.0,3350.0,3365.0,3280.0,3350.0,33600.0
2022-04-19,90750,3415.0,3415.0,3340.0,3395.0,0,0,35700.0,120924500.0,1.0,3415.0,3415.0,3340.0,3395.0,35700.0
2022-04-20,90750,3465.0,3470.0,3400.0,3450.0,0,0,41600.0,143319000.0,1.0,3465.0,3470.0,3400.0,3450.0,41600.0
2022-04-21,90750,3480.0,3555.0,3480.0,3550.0,0,0,49900.0,176555000.0,1.0,3480.0,3555.0,3480.0,3550.0,49900.0
2022-04-22,90750,3480.0,3565.0,3455.0,3560.0,0,0,36500.0,129275500.0,1.0,3480.0,3565.0,3455.0,3560.0,36500.0
2022-04-25,90750,3460.0,3545.0,3440.0,3520.0,0,0,60100.0,210566000.0,1.0,3460.0,3545.0,3440.0,3520.0,60100.0
2022-04-26,90750,3540.0,3620.0,3530.0,3600.0,0,0,73200.0,262946500.0,1.0,3540.0,3620.0,3530.0,3600.0,73200.0
2022-04-27,90750,3545.0,3565.0,3410.0,3455.0,0,0,305400.0,1056331500.0,1.0,3545.0,3565.0,3410.0,3455.0,305400.0
2022-04-28,90750,3505.0,3645.0,3460.0,3640.0,0,0,56500.0,203385000.0,1.0,3505.0,3645.0,3460.0,3640.0,56500.0
2022-05-02,90750,3655.0,3730.0,3655.0,3720.0,0,0,40100.0,148550500.0,1.0,3655.0,3730.0,3655.0,3720.0,40100.0
2022-05-06,90750,3755.0,3830.0,3740.0,3785.0,0,0,61500.0,233171000.0,1.0,3755.0,3830.0,3740.0,3785.0,61500.0
2022-05-09,90750,3770.0,3800.0,3715.0,3730.0,0,0,69600.0,260275000.0,1.0,3770.0,3800.0,3715.0,3730.0,69600.0
2022-05-10,90750,3760.0,3815.0,3715.0,3815.0,0,0,54300.0,205679000.0,1.0,3760.0,3815.0,3715.0,3815.0,54300.0
2022-05-11,90750,3770.0,3770.0,3640.0,3655.0,0,0,62500.0,229892000.0,1.0,3770.0,3770.0,3640.0,3655.0,62500.0
2022-05-12,90750,3520.0,3615.0,3440.0,3450.0,0,0,72500.0,252059000.0,1.0,3520.0,3615.0,3440.0,3450.0,72500.0
2022-05-13,90750,3435.0,3475.0,3325.0,3440.0,0,0,105000.0,359868000.0,1.0,3435.0,3475.0,3325.0,3440.0,105000.0
2022-05-16,90750,3485.0,3510.0,3400.0,3415.0,0,0,96600.0,331745500.0,1.0,3485.0,3510.0,3400.0,3415.0,96600.0
2022-05-17,90750,3425.0,3455.0,3340.0,3350.0,0,0,51000.0,172212000.0,1.0,3425.0,3455.0,3340.0,3350.0,51000.0
2022-05-18,90750,3360.0,3375.0,3325.0,3365.0,0,0,64100.0,215096500.0,1.0,3360.0,3375.0,3325.0,3365.0,64100.0
2022-05-19,90750,3230.0,3320.0,3220.0,3320.0,0,0,64300.0,210714500.0,1.0,3230.0,3320.0,3220.0,3320.0,64300.0
2022-05-20,90750,3350.0,3350.0,3250.0,3265.0,0,0,110800.0,362908000.0,1.0,3350.0,3350.0,3250.0,3265.0,110800.0
2022-05-23,90750,3335.0,3360.0,3265.0,3295.0,0,0,70300.0,231997000.0,1.0,3335.0,3360.0,3265.0,3295.0,70300.0
2022-05-24,90750,3285.0,3285.0,3220.0,3235.0,0,0,63700.0,206309500.0,1.0,3285.0,3285.0,3220.0,3235.0,63700.0
2022-05-25,90750,3235.0,3240.0,3180.0,3180.0,0,0,60500.0,193577000.0,1.0,3235.0,3240.0,3180.0,3180.0,60500.0
2022-05-26,90750,3195.0,3215.0,3135.0,3135.0,0,0,70700.0,223593500.0,1.0,3195.0,3215.0,3135.0,3135.0,70700.0
2022-05-27,90750,3180.0,3180.0,3100.0,3155.0,0,0,81000.0,254190000.0,1.0,3180.0,3180.0,3100.0,3155.0,81000.0
2022-05-30,90750,3200.0,3300.0,3180.0,3290.0,0,0,309000.0,1013616500.0,1.0,3200.0,3300.0,3180.0,3290.0,309000.0
2022-05-31,90750,3270.0,3345.0,3225.0,3245.0,0,0,261600.0,850264500.0,1.0,3270.0,3345.0,3225.0,3245.0,261600.0
2022-06-01,90750,3265.0,3345.0,3265.0,3330.0,0,0,52400.0,174229000.0,1.0,3265.0,3345.0,3265.0,3330.0,52400.0
2022-06-02,90750,3330.0,3340.0,3275.0,3310.0,0,0,63200.0,209379000.0,1.0,3330.0,3340.0,3275.0,3310.0,63200.0
2022-06-03,90750,3290.0,3305.0,3230.0,3240.0,0,0,56900.0,185051500.0,1.0,3290.0,3305.0,3230.0,3240.0,56900.0
2022-06-06,90750,3240.0,3260.0,3210.0,3245.0,0,0,50000.0,161950000.0,1.0,3240.0,3260.0,3210.0,3245.0,50000.0
2022-06-07,90750,3265.0,3280.0,3215.0,3230.0,0,0,63900.0,207144000.0,1.0,3265.0,3280.0,3215.0,3230.0,63900.0
2022-06-08,90750,3260.0,3315.0,3240.0,3260.0,0,0,55500.0,181022500.0,1.0,3260.0,3315.0,3240.0,3260.0,55500.0
2022-06-09,90750,3255.0,3340.0,3255.0,3320.0,0,0,68300.0,226805500.0,1.0,3255.0,3340.0,3255.0,3320.0,68300.0
2022-06-10,90750,3260.0,3285.0,3210.0,3225.0,0,0,65000.0,210549500.0,1.0,3260.0,3285.0,3210.0,3225.0,65000.0
2022-06-13,90750,3195.0,3215.0,3160.0,3185.0,0,0,64100.0,204111500.0,1.0,3195.0,3215.0,3160.0,3185.0,64100.0
2022-06-14,90750,3130.0,3170.0,3120.0,3150.0,0,0,52300.0,164507000.0,1.0,3130.0,3170.0,3120.0,3150.0,52300.0
2022-06-15,90750,3165.0,3175.0,3075.0,3075.0,0,0,82500.0,256695000.0,1.0,3165.0,3175.0,3075.0,3075.0,82500.0
2022-06-16,90750,3120.0,3155.0,3090.0,3115.0,0,0,42600.0,132795000.0,1.0,3120.0,3155.0,3090.0,3115.0,42600.0
2022-06-17,90750,3000.0,3075.0,2988.0,3020.0,0,0,158300.0,479412700.0,1.0,3000.0,3075.0,2988.0,3020.0,158300.0
2022-06-20,90750,3050.0,3105.0,3035.0,3050.0,0,0,62000.0,189604500.0,1.0,3050.0,3105.0,3035.0,3050.0,62000.0
2022-06-21,90750,3070.0,3085.0,3025.0,3060.0,0,0,78300.0,239199500.0,1.0,3070.0,3085.0,3025.0,3060.0,78300.0
2022-06-22,90750,3050.0,3115.0,3050.0,3080.0,0,0,95100.0,293537000.0,1.0,3050.0,3115.0,3050.0,3080.0,95100.0
2022-06-23,90750,3050.0,3100.0,3035.0,3060.0,0,0,74100.0,226418500.0,1.0,3050.0,3100.0,3035.0,3060.0,74100.0
2022-06-24,90750,3070.0,3125.0,3060.0,3085.0,0,0,65800.0,203076500.0,1.0,3070.0,3125.0,3060.0,3085.0,65800.0
2022-06-27,90750,3130.0,3140.0,3085.0,3125.0,0,0,80600.0,250712000.0,1.0,3130.0,3140.0,3085.0,3125.0,80600.0
2022-06-28,90750,3130.0,3160.0,3110.0,3160.0,0,0,84900.0,266722500.0,1.0,3130.0,3160.0,3110.0,3160.0,84900.0
2022-06-29,90750,3115.0,3135.0,3075.0,3085.0,0,0,295600.0,914126500.0,1.0,3115.0,3135.0,3075.0,3085.0,295600.0
2022-06-30,90750,3125.0,3165.0,3060.0,3080.0,0,0,109500.0,339240000.0,1.0,3125.0,3165.0,3060.0,3080.0,109500.0
2022-07-01,90750,3080.0,3110.0,3010.0,3015.0,0,0,126300.0,383426500.0,1.0,3080.0,3110.0,3010.0,3015.0,126300.0
2022-07-04,90750,3030.0,3110.0,3025.0,3050.0,0,0,72000.0,220695500.0,1.0,3030.0,3110.0,3025.0,3050.0,72000.0
2022-07-05,90750,3065.0,3065.0,2983.0,2995.0,0,0,131500.0,394201600.0,1.0,3065.0,3065.0,2983.0,2995.0,131500.0
2022-07-06,90750,2965.0,3005.0,2964.0,2981.0,0,0,103300.0,308806200.0,1.0,2965.0,3005.0,2964.0,2981.0,103300.0
2022-07-07,90750,3015.0,3035.0,2986.0,3020.0,0,0,85300.0,257013300.0,1.0,3015.0,3035.0,2986.0,3020.0,85300.0
2022-07-08,90750,3035.0,3130.0,3030.0,3090.0,0,0,108300.0,335489000.0,1.0,3035.0,3130.0,3030.0,3090.0,108300.0
2022-07-11,90750,3090.0,3165.0,3090.0,3140.0,0,0,82300.0,257992500.0,1.0,3090.0,3165.0,3090.0,3140.0,82300.0
2022-07-12,90750,3120.0,3125.0,3070.0,3100.0,0,0,53900.0,167067500.0,1.0,3120.0,3125.0,3070.0,3100.0,53900.0
2022-07-13,90750,3125.0,3145.0,3120.0,3120.0,0,0,51100.0,160005000.0,1.0,3125.0,3145.0,3120.0,3120.0,51100.0
2022-07-14,90750,3105.0,3135.0,3095.0,3125.0,0,0,77000.0,240475000.0,1.0,3105.0,3135.0,3095.0,3125.0,77000.0
2022-07-15,90750,3155.0,3185.0,3135.0,3150.0,0,0,61700.0,194683500.0,1.0,3155.0,3185.0,3135.0,3150.0,61700.0
2022-07-19,90750,3155.0,3170.0,3115.0,3115.0,0,0,54000.0,169202000.0,1.0,3155.0,3170.0,3115.0,3115.0,54000.0
2022-07-20,90750,3185.0,3215.0,3155.0,3205.0,0,0,88400.0,282508000.0,1.0,3185.0,3215.0,3155.0,3205.0,88400.0
2022-07-21,90750,3170.0,3225.0,3170.0,3210.0,0,0,52000.0,166407000.0,1.0,3170.0,3225.0,3170.0,3210.0,52000.0
2022-07-22,90750,3155.0,3225.0,3155.0,3190.0,0,0,59700.0,190932000.0,1.0,3155.0,3225.0,3155.0,3190.0,59700.0
2022-07-25,90750,3165.0,3200.0,3150.0,3150.0,0,0,43400.0,137320000.0,1.0,3165.0,3200.0,3150.0,3150.0,43400.0
2022-07-26,90750,3150.0,3185.0,3120.0,3130.0,0,0,66700.0,209945000.0,1.0,3150.0,3185.0,3120.0,3130.0,66700.0
2022-07-27,90750,3120.0,3140.0,3070.0,3070.0,0,0,40900.0,126147000.0,1.0,3120.0,3140.0,3070.0,3070.0,40900.0
2022-07-28,90750,3085.0,3110.0,3035.0,3090.0,0,0,66200.0,203992000.0,1.0,3085.0,3110.0,3035.0,3090.0,66200.0
2022-07-29,90750,3090.0,3130.0,3070.0,3090.0,0,0,84300.0,260755000.0,1.0,3090.0,3130.0,3070.0,3090.0,84300.0
2022-08-01,90750,3100.0,3145.0,3100.0,3135.0,0,0,86300.0,269941000.0,1.0,3100.0,3145.0,3100.0,3135.0,86300.0
2022-08-02,90750,3135.0,3135.0,3080.0,3085.0,0,0,76600.0,237875000.0,1.0,3135.0,3135.0,3080.0,3085.0,76600.0
2022-08-03,90750,3080.0,3085.0,3030.0,3055.0,0,0,89000.0,271838000.0,1.0,3080.0,3085.0,3030.0,3055.0,89000.0
2022-08-04,90750,3065.0,3080.0,3035.0,3070.0,0,0,79400.0,243142500.0,1.0,3065.0,3080.0,3035.0,3070.0,79400.0
2022-08-05,90750,3050.0,3110.0,3050.0,3110.0,0,0,113500.0,351482000.0,1.0,3050.0,3110.0,3050.0,3110.0,113500.0
2022-08-08,90750,3100.0,3155.0,3085.0,3145.0,0,0,91600.0,286582500.0,1.0,3100.0,3155.0,3085.0,3145.0,91600.0
2022-08-09,90750,3115.0,3145.0,3040.0,3050.0,0,0,101500.0,311938500.0,1.0,3115.0,3145.0,3040.0,3050.0,101500.0
2022-08-10,90750,3030.0,3040.0,2992.0,3020.0,0,0,85700.0,258261700.0,1.0,3030.0,3040.0,2992.0,3020.0,85700.0
2022-08-12,90750,3210.0,3275.0,3140.0,3265.0,0,0,238100.0,767289500.0,1.0,3210.0,3275.0,3140.0,3265.0,238100.0
2022-08-15,90750,3265.0,3325.0,3230.0,3285.0,0,0,157000.0,513261000.0,1.0,3265.0,3325.0,3230.0,3285.0,157000.0
2022-08-16,90750,3280.0,3355.0,3275.0,3345.0,0,0,117100.0,389340000.0,1.0,3280.0,3355.0,3275.0,3345.0,117100.0
2022-08-17,90750,3385.0,3390.0,3350.0,3350.0,0,0,124600.0,419823500.0,1.0,3385.0,3390.0,3350.0,3350.0,124600.0
2022-08-18,90750,3325.0,3375.0,3270.0,3280.0,0,0,94000.0,310831500.0,1.0,3325.0,3375.0,3270.0,3280.0,94000.0
2022-08-19,90750,3300.0,3340.0,3260.0,3310.0,0,0,100600.0,333003000.0,1.0,3300.0,3340.0,3260.0,3310.0,100600.0
2022-08-22,90750,3280.0,3330.0,3260.0,3310.0,0,0,96900.0,319956500.0,1.0,3280.0,3330.0,3260.0,3310.0,96900.0
2022-08-23,90750,3240.0,3260.0,3200.0,3240.0,0,0,142100.0,459799000.0,1.0,3240.0,3260.0,3200.0,3240.0,142100.0
2022-08-24,90750,3245.0,3265.0,3215.0,3245.0,0,0,77500.0,251539000.0,1.0,3245.0,3265.0,3215.0,3245.0,77500.0
2022-08-25,90750,3225.0,3245.0,3210.0,3220.0,0,0,86700.0,279626500.0,1.0,3225.0,3245.0,3210.0,3220.0,86700.0
2022-08-26,90750,3225.0,3225.0,3195.0,3220.0,0,0,68000.0,218500000.0,1.0,3225.0,3225.0,3195.0,3220.0,68000.0
2022-08-29,90750,3130.0,3165.0,3120.0,3130.0,0,0,99900.0,313985500.0,1.0,3130.0,3165.0,3120.0,3130.0,99900.0
2022-08-30,90750,3150.0,3205.0,3140.0,3205.0,0,0,65200.0,207311000.0,1.0,3150.0,3205.0,3140.0,3205.0,65200.0
2022-08-31,90750,3135.0,3195.0,3135.0,3180.0,0,0,77900.0,247282500.0,1.0,3135.0,3195.0,3135.0,3180.0,77900.0
2022-09-01,90750,3170.0,3175.0,3125.0,3155.0,0,0,76900.0,242700500.0,1.0,3170.0,3175.0,3125.0,3155.0,76900.0
2022-09-02,90750,3145.0,3180.0,3130.0,3165.0,0,0,112900.0,356434500.0,1.0,3145.0,3180.0,3130.0,3165.0,112900.0
2022-09-05,90750,3110.0,3130.0,3050.0,3055.0,0,0,100100.0,308546000.0,1.0,3110.0,3130.0,3050.0,3055.0,100100.0
2022-09-06,90750,3055.0,3065.0,3015.0,3050.0,0,0,98200.0,299446500.0,1.0,3055.0,3065.0,3015.0,3050.0,98200.0
2022-09-07,90750,3055.0,3070.0,3005.0,3065.0,0,0,94900.0,288509500.0,1.0,3055.0,3070.0,3005.0,3065.0,94900.0
2022-09-08,90750,3095.0,3155.0,3095.0,3155.0,0,0,103300.0,323737000.0,1.0,3095.0,3155.0,3095.0,3155.0,103300.0
2022-09-09,90750,3125.0,3155.0,3110.0,3140.0,0,0,91800.0,287628500.0,1.0,3125.0,3155.0,3110.0,3140.0,91800.0
2022-09-12,90750,3170.0,3170.0,3120.0,3165.0,0,0,65300.0,206135000.0,1.0,3170.0,3170.0,3120.0,3165.0,65300.0
2022-09-13,90750,3195.0,3235.0,3180.0,3220.0,0,0,67800.0,217904000.0,1.0,3195.0,3235.0,3180.0,3220.0,67800.0
2022-09-14,90750,3120.0,3185.0,3120.0,3165.0,0,0,135500.0,428856500.0,1.0,3120.0,3185.0,3120.0,3165.0,135500.0
2022-09-15,90750,3195.0,3255.0,3185.0,3235.0,0,0,141000.0,455187000.0,1.0,3195.0,3255.0,3185.0,3235.0,141000.0
2022-09-16,90750,3235.0,3350.0,3235.0,3330.0,0,0,505500.0,1678593500.0,1.0,3235.0,3350.0,3235.0,3330.0,505500.0
2022-09-20,90750,3355.0,3380.0,3310.0,3365.0,0,0,169400.0,567126500.0,1.0,3355.0,3380.0,3310.0,3365.0,169400.0
2022-09-21,90750,3320.0,3385.0,3300.0,3355.0,0,0,169900.0,568962000.0,1.0,3320.0,3385.0,3300.0,3355.0,169900.0
2022-09-22,90750,3325.0,3330.0,3275.0,3290.0,0,0,110800.0,365651000.0,1.0,3325.0,3330.0,3275.0,3290.0,110800.0
2022-09-26,90750,3220.0,3275.0,3215.0,3245.0,0,0,107900.0,349783000.0,1.0,3220.0,3275.0,3215.0,3245.0,107900.0
2022-09-27,90750,3265.0,3265.0,3230.0,3240.0,0,0,67500.0,218998000.0,1.0,3265.0,3265.0,3230.0,3240.0,67500.0
2022-09-28,90750,3200.0,3280.0,3180.0,3270.0,0,0,125600.0,407769000.0,1.0,3200.0,3280.0,3180.0,3270.0,125600.0
2022-09-29,90750,3305.0,3310.0,3260.0,3300.0,0,0,93700.0,308205500.0,1.0,3305.0,3310.0,3260.0,3300.0,93700.0
2022-09-30,90750,3270.0,3340.0,3265.0,3265.0,0,0,89800.0,294885000.0,1.0,3270.0,3340.0,3265.0,3265.0,89800.0
2022-10-03,90750,3250.0,3250.0,3170.0,3220.0,0,0,75700.0,243148500.0,1.0,3250.0,3250.0,3170.0,3220.0,75700.0
2022-10-04,90750,3290.0,3370.0,3285.0,3360.0,0,0,136600.0,457735000.0,1.0,3290.0,3370.0,3285.0,3360.0,136600.0
2022-10-05,90750,3380.0,3395.0,3335.0,3355.0,0,0,121200.0,407601500.0,1.0,3380.0,3395.0,3335.0,3355.0,121200.0
2022-10-06,90750,3340.0,3385.0,3340.0,3355.0,0,0,91600.0,308253000.0,1.0,3340.0,3385.0,3340.0,3355.0,91600.0
2022-10-07,90750,3305.0,3345.0,3275.0,3320.0,0,0,104700.0,347812500.0,1.0,3305.0,3345.0,3275.0,3320.0,104700.0
2022-10-11,90750,3275.0,3355.0,3275.0,3320.0,0,0,186400.0,619657500.0,1.0,3275.0,3355.0,3275.0,3320.0,186400.0
2022-10-12,90750,3305.0,3350.0,3270.0,3285.0,0,0,112200.0,371145000.0,1.0,3305.0,3350.0,3270.0,3285.0,112200.0
2022-10-13,90750,3290.0,3330.0,3260.0,3320.0,0,0,125000.0,413680500.0,1.0,3290.0,3330.0,3260.0,3320.0,125000.0
2022-10-14,90750,3385.0,3400.0,3325.0,3375.0,0,0,104900.0,354513000.0,1.0,3385.0,3400.0,3325.0,3375.0,104900.0
2022-10-17,90750,3375.0,3395.0,3300.0,3300.0,0,0,128000.0,425581500.0,1.0,3375.0,3395.0,3300.0,3300.0,128000.0
2022-10-18,90750,3335.0,3350.0,3295.0,3330.0,0,0,103000.0,343081000.0,1.0,3335.0,3350.0,3295.0,3330.0,103000.0
2022-10-19,90750,3330.0,3365.0,3320.0,3355.0,0,0,96600.0,323260000.0,1.0,3330.0,3365.0,3320.0,3355.0,96600.0
2022-10-20,90750,3300.0,3335.0,3275.0,3300.0,0,0,100200.0,330172500.0,1.0,3300.0,3335.0,3275.0,3300.0,100200.0
2022-10-21,90750,3320.0,3325.0,3215.0,3215.0,0,0,125400.0,407186000.0,1.0,3320.0,3325.0,3215.0,3215.0,125400.0
2022-10-24,90750,3255.0,3260.0,3185.0,3205.0,0,0,126300.0,405608000.0,1.0,3255.0,3260.0,3185.0,3205.0,126300.0
2022-10-25,90750,3230.0,3260.0,3180.0,3200.0,0,0,131900.0,423912500.0,1.0,3230.0,3260.0,3180.0,3200.0,131900.0
2022-10-26,90750,3190.0,3305.0,3180.0,3250.0,0,0,167700.0,543707000.0,1.0,3190.0,3305.0,3180.0,3250.0,167700.0
2022-10-27,90750,3250.0,3250.0,3115.0,3130.0,0,0,140900.0,445087000.0,1.0,3250.0,3250.0,3115.0,3130.0,140900.0
2022-10-28,90750,3065.0,3200.0,3065.0,3190.0,0,0,1132600.0,3596259000.0,1.0,3065.0,3200.0,3065.0,3190.0,1132600.0
2022-10-31,90750,3230.0,3265.0,3190.0,3245.0,0,0,115800.0,374839000.0,1.0,3230.0,3265.0,3190.0,3245.0,115800.0
2022-11-01,90750,3275.0,3275.0,3210.0,3250.0,0,0,57700.0,187020500.0,1.0,3275.0,3275.0,3210.0,3250.0,57700.0
2022-11-02,90750,3250.0,3285.0,3220.0,3240.0,0,0,111800.0,362015500.0,1.0,3250.0,3285.0,3220.0,3240.0,111800.0
2022-11-04,90750,3180.0,3180.0,3045.0,3045.0,0,0,130000.0,399672500.0,1.0,3180.0,3180.0,3045.0,3045.0,130000.0
2022-11-07,90750,3070.0,3105.0,3065.0,3070.0,0,0,56100.0,172634500.0,1.0,3070.0,3105.0,3065.0,3070.0,56100.0
2022-11-08,90750,3120.0,3125.0,3085.0,3120.0,0,0,66800.0,207905500.0,1.0,3120.0,3125.0,3085.0,3120.0,66800.0
2022-11-09,90750,3115.0,3150.0,3105.0,3110.0,0,0,61200.0,191114000.0,1.0,3115.0,3150.0,3105.0,3110.0,61200.0
2022-11-10,90750,3180.0,3420.0,3180.0,3405.0,0,0,240400.0,802871500.0,1.0,3180.0,3420.0,3180.0,3405.0,240400.0
2022-11-11,90750,3420.0,3470.0,3385.0,3390.0,0,0,146400.0,498995500.0,1.0,3420.0,3470.0,3385.0,3390.0,146400.0
2022-11-14,90750,3370.0,3440.0,3330.0,3360.0,0,0,113800.0,386196000.0,1.0,3370.0,3440.0,3330.0,3360.0,113800.0
2022-11-15,90750,3370.0,3445.0,3360.0,3420.0,0,0,89200.0,304269500.0,1.0,3370.0,3445.0,3360.0,3420.0,89200.0
2022-11-16,90750,3420.0,3535.0,3380.0,3525.0,0,0,127900.0,445390000.0,1.0,3420.0,3535.0,3380.0,3525.0,127900.0
2022-11-17,90750,3495.0,3505.0,3430.0,3440.0,0,0,63300.0,219181500.0,1.0,3495.0,3505.0,3430.0,3440.0,63300.0
2022-11-18,90750,3440.0,3460.0,3390.0,3420.0,0,0,88300.0,301406500.0,1.0,3440.0,3460.0,3390.0,3420.0,88300.0
2022-11-21,90750,3350.0,3400.0,3345.0,3400.0,0,0,108900.0,368253500.0,1.0,3350.0,3400.0,3345.0,3400.0,108900.0
2022-11-22,90750,3375.0,3480.0,3375.0,3470.0,0,0,90000.0,310567500.0,1.0,3375.0,3480.0,3375.0,3470.0,90000.0
2022-11-24,90750,3515.0,3560.0,3505.0,3545.0,0,0,92300.0,326322000.0,1.0,3515.0,3560.0,3505.0,3545.0,92300.0
2022-11-25,90750,3550.0,3605.0,3515.0,3595.0,0,0,96800.0,346594000.0,1.0,3550.0,3605.0,3515.0,3595.0,96800.0
2022-11-28,90750,3555.0,3575.0,3510.0,3550.0,0,0,92300.0,327974000.0,1.0,3555.0,3575.0,3510.0,3550.0,92300.0
2022-11-29,90750,3500.0,3540.0,3470.0,3540.0,0,0,146200.0,514043500.0,1.0,3500.0,3540.0,3470.0,3540.0,146200.0
2022-11-30,90750,3480.0,3560.0,3470.0,3500.0,0,0,236700.0,829587500.0,1.0,3480.0,3560.0,3470.0,3500.0,236700.0
2022-12-01,90750,3570.0,3570.0,3500.0,3545.0,0,0,96800.0,342772000.0,1.0,3570.0,3570.0,3500.0,3545.0,96800.0
2022-12-02,90750,3475.0,3490.0,3425.0,3430.0,0,0,69000.0,237989500.0,1.0,3475.0,3490.0,3425.0,3430.0,69000.0
2022-12-05,90750,3380.0,3385.0,3310.0,3330.0,0,0,73100.0,243804500.0,1.0,3380.0,3385.0,3310.0,3330.0,73100.0
2022-12-06,90750,3315.0,3410.0,3310.0,3400.0,0,0,71700.0,242561500.0,1.0,3315.0,3410.0,3310.0,3400.0,71700.0
2022-12-07,90750,3400.0,3430.0,3380.0,3395.0,0,0,71400.0,242686500.0,1.0,3400.0,3430.0,3380.0,3395.0,71400.0
2022-12-08,90750,3390.0,3395.0,3360.0,3380.0,0,0,58300.0,196833000.0,1.0,3390.0,3395.0,3360.0,3380.0,58300.0
2022-12-09,90750,3355.0,3410.0,3355.0,3390.0,0,0,34500.0,116941500.0,1.0,3355.0,3410.0,3355.0,3390.0,34500.0
2022-12-12,90750,3355.0,3380.0,3330.0,3345.0,0,0,51800.0,173553000.0,1.0,3355.0,3380.0,3330.0,3345.0,51800.0
2022-12-13,90750,3375.0,3410.0,3360.0,3360.0,0,0,39600.0,133662500.0,1.0,3375.0,3410.0,3360.0,3360.0,39600.0
2022-12-14,90750,3360.0,3375.0,3340.0,3355.0,0,0,35500.0,119072000.0,1.0,3360.0,3375.0,3340.0,3355.0,35500.0
2022-12-15,90750,3380.0,3405.0,3370.0,3405.0,0,0,37800.0,128193500.0,1.0,3380.0,3405.0,3370.0,3405.0,37800.0
2022-12-16,90750,3400.0,3430.0,3360.0,3365.0,0,0,161700.0,547365500.0,1.0,3400.0,3430.0,3360.0,3365.0,161700.0
2022-12-19,90750,3320.0,3330.0,3285.0,3305.0,0,0,57100.0,188871000.0,1.0,3320.0,3330.0,3285.0,3305.0,57100.0
2022-12-20,90750,3310.0,3325.0,3160.0,3195.0,0,0,105300.0,340454000.0,1.0,3310.0,3325.0,3160.0,3195.0,105300.0
2022-12-21,90750,3195.0,3210.0,3130.0,3160.0,0,0,88800.0,281097500.0,1.0,3195.0,3210.0,3130.0,3160.0,88800.0
2022-12-22,90750,3170.0,3195.0,3135.0,3150.0,0,0,77800.0,246147500.0,1.0,3170.0,3195.0,3135.0,3150.0,77800.0
2022-12-23,90750,3150.0,3160.0,3080.0,3095.0,0,0,95000.0,295410000.0,1.0,3150.0,3160.0,3080.0,3095.0,95000.0
2022-12-26,90750,3105.0,3115.0,3010.0,3020.0,0,0,63300.0,192638500.0,1.0,3105.0,3115.0,3010.0,3020.0,63300.0
2022-12-27,90750,3030.0,3065.0,3025.0,3035.0,0,0,54300.0,165118500.0,1.0,3030.0,3065.0,3025.0,3035.0,54300.0
2022-12-28,90750,3015.0,3020.0,2980.0,2994.0,0,0,105800.0,316861500.0,1.0,3015.0,3020.0,2980.0,2994.0,105800.0
2022-12-29,90750,3005.0,3050.0,2995.0,3035.0,0,0,179500.0,543949200.0,1.0,3005.0,3050.0,2995.0,3035.0,179500.0
2022-12-30,90750,3060.0,3095.0,3045.0,3065.0,0,0,57200.0,175615500.0,1.0,3060.0,3095.0,3045.0,3065.0,57200.0
2023-01-04,90750,3065.0,3090.0,2987.0,2987.0,0,0,83100.0,251225600.0,1.0,3065.0,3090.0,2987.0,2987.0,83100.0
2023-01-05,90750,2990.0,2992.0,2965.0,2979.0,0,0,76900.0,229072300.0,1.0,2990.0,2992.0,2965.0,2979.0,76900.0
2023-01-06,90750,2960.0,2999.0,2960.0,2979.0,0,0,60400.0,179741200.0,1.0,2960.0,2999.0,2960.0,2979.0,60400.0
2023-01-10,90750,3020.0,3045.0,2973.0,2973.0,0,0,51000.0,152577100.0,1.0,3020.0,3045.0,2973.0,2973.0,51000.0
2023-01-11,90750,2973.0,3025.0,2973.0,3010.0,0,0,66800.0,200828100.0,1.0,2973.0,3025.0,2973.0,3010.0,66800.0
2023-01-12,90750,3010.0,3020.0,2982.0,2984.0,0,0,75500.0,225947000.0,1.0,3010.0,3020.0,2982.0,2984.0,75500.0
2023-01-13,90750,2981.0,3010.0,2981.0,2994.0,0,0,55900.0,167474100.0,1.0,2981.0,3010.0,2981.0,2994.0,55900.0
2023-01-16,90750,2989.0,3015.0,2976.0,2991.0,0,0,76600.0,229189500.0,1.0,2989.0,3015.0,2976.0,2991.0,76600.0
2023-01-17,90750,2992.0,2998.0,2983.0,2998.0,0,0,37300.0,111676000.0,1.0,2992.0,2998.0,2983.0,2998.0,37300.0
2023-01-18,90750,3015.0,3045.0,3000.0,3045.0,0,0,47900.0,144974500.0,1.0,3015.0,3045.0,3000.0,3045.0,47900.0
2023-01-19,90750,3015.0,3065.0,3015.0,3015.0,0,0,29300.0,88632500.0,1.0,3015.0,3065.0,3015.0,3015.0,29300.0
2023-01-20,90750,3015.0,3035.0,3005.0,3035.0,0,0,35600.0,107544500.0,1.0,3015.0,3035.0,3005.0,3035.0,35600.0
2023-01-23,90750,3065.0,3065.0,3025.0,3035.0,0,0,26200.0,79671500.0,1.0,3065.0,3065.0,3025.0,3035.0,26200.0
2023-01-24,90750,3045.0,3085.0,3035.0,3080.0,0,0,35300.0,108433000.0,1.0,3045.0,3085.0,3035.0,3080.0,35300.0
2023-01-25,90750,3070.0,3100.0,3065.0,3075.0,0,0,32800.0,100985500.0,1.0,3070.0,3100.0,3065.0,3075.0,32800.0
2023-01-26,90750,3080.0,3100.0,3070.0,3080.0,0,0,25000.0,77004000.0,1.0,3080.0,3100.0,3070.0,3080.0,25000.0
2023-01-27,90750,3095.0,3100.0,3070.0,3090.0,0,0,22000.0,67901500.0,1.0,3095.0,3100.0,3070.0,3090.0,22000.0
2023-01-30,90750,3100.0,3310.0,3100.0,3255.0,0,0,223500.0,725910000.0,1.0,3100.0,3310.0,3100.0,3255.0,223500.0
2023-01-31,90750,3280.0,3355.0,3280.0,3345.0,0,0,149500.0,496876500.0,1.0,3280.0,3355.0,3280.0,3345.0,149500.0
2023-02-01,90750,3405.0,3425.0,3320.0,3335.0,0,0,99600.0,335234500.0,1.0,3405.0,3425.0,3320.0,3335.0,99600.0
2023-02-02,90750,3350.0,3375.0,3335.0,3335.0,0,0,80800.0,270418500.0,1.0,3350.0,3375.0,3335.0,3335.0,80800.0
2023-02-03,90750,3285.0,3300.0,3255.0,3285.0,0,0,75200.0,245948000.0,1.0,3285.0,3300.0,3255.0,3285.0,75200.0
2023-02-06,90750,3285.0,3300.0,3250.0,3280.0,0,0,57000.0,186287000.0,1.0,3285.0,3300.0,3250.0,3280.0,57000.0
2023-02-07,90750,3280.0,3385.0,3280.0,3370.0,0,0,92600.0,309356500.0,1.0,3280.0,3385.0,3280.0,3370.0,92600.0
2023-02-08,90750,3395.0,3465.0,3385.0,3455.0,0,0,82300.0,282787500.0,1.0,3395.0,3465.0,3385.0,3455.0,82300.0
2023-02-09,90750,3430.0,3460.0,3405.0,3425.0,0,0,86600.0,297056500.0,1.0,3430.0,3460.0,3405.0,3425.0,86600.0
2023-02-10,90750,3365.0,3490.0,3340.0,3410.0,0,0,131900.0,450757500.0,1.0,3365.0,3490.0,3340.0,3410.0,131900.0
2023-02-13,90750,3410.0,3410.0,3350.0,3360.0,0,0,41600.0,140034500.0,1.0,3410.0,3410.0,3350.0,3360.0,41600.0
2023-02-14,90750,3400.0,3435.0,3375.0,3410.0,0,0,32300.0,109902000.0,1.0,3400.0,3435.0,3375.0,3410.0,32300.0
2023-02-15,90750,3415.0,3435.0,3375.0,3380.0,0,0,41700.0,141665500.0,1.0,3415.0,3435.0,3375.0,3380.0,41700.0
2023-02-16,90750,3400.0,3420.0,3370.0,3380.0,0,0,38600.0,131000000.0,1.0,3400.0,3420.0,3370.0,3380.0,38600.0
2023-02-17,90750,3340.0,3375.0,3330.0,3350.0,0,0,32300.0,108259500.0,1.0,3340.0,3375.0,3330.0,3350.0,32300.0
2023-02-20,90750,3390.0,3395.0,3350.0,3360.0,0,0,40600.0,136559000.0,1.0,3390.0,3395.0,3350.0,3360.0,40600.0
2023-02-21,90750,3350.0,3365.0,3320.0,3365.0,0,0,28100.0,94168000.0,1.0,3350.0,3365.0,3320.0,3365.0,28100.0
2023-02-22,90750,3325.0,3345.0,3285.0,3285.0,0,0,62700.0,207724500.0,1.0,3325.0,3345.0,3285.0,3285.0,62700.0
2023-02-24,90750,3300.0,3445.0,3290.0,3420.0,0,0,88600.0,300494000.0,1.0,3300.0,3445.0,3290.0,3420.0,88600.0
2023-02-27,90750,3400.0,3435.0,3390.0,3415.0,0,0,44200.0,151034000.0,1.0,3400.0,3435.0,3390.0,3415.0,44200.0
2023-02-28,90750,3435.0,3435.0,3395.0,3420.0,0,0,90300.0,308541500.0,1.0,3435.0,3435.0,3395.0,3420.0,90300.0
2023-03-01,90750,3415.0,3435.0,3405.0,3420.0,0,0,43300.0,148035500.0,1.0,3415.0,3435.0,3405.0,3420.0,43300.0
2023-03-02,90750,3450.0,3460.0,3420.0,3445.0,0,0,41800.0,143677000.0,1.0,3450.0,3460.0,3420.0,3445.0,41800.0
2023-03-03,90750,3445.0,3475.0,3430.0,3455.0,0,0,49400.0,170784500.0,1.0,3445.0,3475.0,3430.0,3455.0,49400.0
2023-03-06,90750,3455.0,3470.0,3430.0,3455.0,0,0,24800.0,85612000.0,1.0,3455.0,3470.0,3430.0,3455.0,24800.0
2023-03-07,90750,3435.0,3470.0,3420.0,3445.0,0,0,41000.0,141179500.0,1.0,3435.0,3470.0,3420.0,3445.0,41000.0
2023-03-08,90750,3410.0,3450.0,3410.0,3450.0,0,0,34600.0,118766500.0,1.0,3410.0,3450.0,3410.0,3450.0,34600.0
2023-03-09,90750,3450.0,3585.0,3445.0,3570.0,0,0,90800.0,322133000.0,1.0,3450.0,3585.0,3445.0,3570.0,90800.0
2023-03-10,90750,3565.0,3605.0,3545.0,3565.0,0,0,63300.0,226344000.0,1.0,3565.0,3605.0,3545.0,3565.0,63300.0
2023-03-13,90750,3515.0,3515.0,3425.0,3470.0,0,0,50000.0,172862500.0,1.0,3515.0,3515.0,3425.0,3470.0,50000.0
2023-03-14,90750,3420.0,3475.0,3375.0,3450.0,0,0,64600.0,221976500.0,1.0,3420.0,3475.0,3375.0,3450.0,64600.0
2023-03-15,90750,3505.0,3520.0,3455.0,3485.0,0,0,58800.0,204389000.0,1.0,3505.0,3520.0,3455.0,3485.0,58800.0
2023-03-16,90750,3440.0,3500.0,3395.0,3470.0,0,0,90800.0,314181500.0,1.0,3440.0,3500.0,3395.0,3470.0,90800.0
2023-03-17,90750,3515.0,3540.0,3485.0,3515.0,0,0,79700.0,280019500.0,1.0,3515.0,3540.0,3485.0,3515.0,79700.0
2023-03-20,90750,3500.0,3510.0,3415.0,3420.0,0,0,44100.0,152401500.0,1.0,3500.0,3510.0,3415.0,3420.0,44100.0
2023-03-22,90750,3440.0,3475.0,3405.0,3415.0,0,0,63900.0,218992000.0,1.0,3440.0,3475.0,3405.0,3415.0,63900.0
2023-03-23,90750,3400.0,3440.0,3380.0,3425.0,0,0,37900.0,129441000.0,1.0,3400.0,3440.0,3380.0,3425.0,37900.0
2023-03-24,90750,3440.0,3485.0,3430.0,3480.0,0,0,56600.0,196247500.0,1.0,3440.0,3485.0,3430.0,3480.0,56600.0
2023-03-27,90750,3520.0,3540.0,3490.0,3510.0,0,0,51000.0,179066000.0,1.0,3520.0,3540.0,3490.0,3510.0,51000.0
2023-03-28,90750,3550.0,3550.0,3465.0,3480.0,0,0,37900.0,132356500.0,1.0,3550.0,3550.0,3465.0,3480.0,37900.0
2023-03-29,90750,3520.0,3565.0,3510.0,3565.0,0,0,60000.0,212880500.0,1.0,3520.0,3565.0,3510.0,3565.0,60000.0
2023-03-30,90750,3555.0,3560.0,3470.0,3485.0,0,0,41800.0,145987500.0,1.0,3555.0,3560.0,3470.0,3485.0,41800.0
2023-03-31,90750,3520.0,3605.0,3510.0,3590.0,0,0,81100.0,290335000.0,1.0,3520.0,3605.0,3510.0,3590.0,81100.0
2023-04-03,90750,3590.0,3645.0,3550.0,3640.0,0,0,67600.0,244774500.0,1.0,3590.0,3645.0,3550.0,3640.0,67600.0
2023-04-04,90750,3665.0,3710.0,3620.0,3675.0,0,0,77100.0,283018000.0,1.0,3665.0,3710.0,3620.0,3675.0,77100.0
2023-04-05,90750,3645.0,3645.0,3525.0,3535.0,0,0,62100.0,220700500.0,1.0,3645.0,3645.0,3525.0,3535.0,62100.0
2023-04-06,90750,3490.0,3500.0,3445.0,3460.0,0,0,57700.0,199671500.0,1.0,3490.0,3500.0,3445.0,3460.0,57700.0
2023-04-07,90750,3485.0,3550.0,3460.0,3540.0,0,0,77600.0,273413000.0,1.0,3485.0,3550.0,3460.0,3540.0,77600.0
2023-04-10,90750,3545.0,3560.0,3500.0,3510.0,0,0,47300.0,166601000.0,1.0,3545.0,3560.0,3500.0,3510.0,47300.0
2023-04-11,90750,3515.0,3530.0,3465.0,3505.0,0,0,74400.0,260355000.0,1.0,3515.0,3530.0,3465.0,3505.0,74400.0
2023-04-12,90750,3510.0,3520.0,3445.0,3450.0,0,0,70000.0,243272000.0,1.0,3510.0,3520.0,3445.0,3450.0,70000.0
2023-04-13,90750,3450.0,3455.0,3415.0,3450.0,0,0,39300.0,135228000.0,1.0,3450.0,3455.0,3415.0,3450.0,39300.0
2023-04-14,90750,3480.0,3570.0,3465.0,3555.0,0,0,70100.0,248512500.0,1.0,3480.0,3570.0,3465.0,3555.0,70100.0
2023-04-17,90750,3555.0,3560.0,3485.0,3500.0,0,0,49600.0,174678000.0,1.0,3555.0,3560.0,3485.0,3500.0,49600.0
2023-04-18,90750,3520.0,3545.0,3500.0,3540.0,0,0,46000.0,162341500.0,1.0,3520.0,3545.0,3500.0,3540.0,46000.0
2023-04-19,90750,3515.0,3525.0,3495.0,3510.0,0,0,38700.0,135821500.0,1.0,3515.0,3525.0,3495.0,3510.0,38700.0
2023-04-20,90750,3510.0,3575.0,3510.0,3555.0,0,0,27000.0,96024500.0,1.0,3510.0,3575.0,3510.0,3555.0,27000.0
2023-04-21,90750,3515.0,3590.0,3515.0,3565.0,0,0,29900.0,106531000.0,1.0,3515.0,3590.0,3515.0,3565.0,29900.0
2023-04-24,90750,3560.0,3585.0,3545.0,3565.0,0,0,31800.0,113400000.0,1.0,3560.0,3585.0,3545.0,3565.0,31800.0
2023-04-25,90750,3565.0,3660.0,3565.0,3605.0,0,0,50100.0,181815000.0,1.0,3565.0,3660.0,3565.0,3605.0,50100.0
2023-04-26,90750,3560.0,3625.0,3535.0,3610.0,0,0,54300.0,195156000.0,1.0,3560.0,3625.0,3535.0,3610.0,54300.0
2023-04-27,90750,3580.0,3600.0,3555.0,3585.0,0,0,62900.0,225550500.0,1.0,3580.0,3600.0,3555.0,3585.0,62900.0
2023-04-28,90750,3610.0,3655.0,3585.0,3620.0,0,0,44800.0,161956000.0,1.0,3610.0,3655.0,3585.0,3620.0,44800.0
2023-05-01,90750,3640.0,3680.0,3640.0,3660.0,0,0,25700.0,94026000.0,1.0,3640.0,3680.0,3640.0,3660.0,25700.0
2023-05-02,90750,3700.0,3720.0,3675.0,3675.0,0,0,51900.0,191723000.0,1.0,3700.0,3720.0,3675.0,3675.0,51900.0
2023-05-08,90750,3670.0,3720.0,3660.0,3680.0,0,0,48800.0,179785000.0,1.0,3670.0,3720.0,3660.0,3680.0,48800.0
2023-05-09,90750,3705.0,3750.0,3700.0,3740.0,0,0,36900.0,137727000.0,1.0,3705.0,3750.0,3700.0,3740.0,36900.0
2023-05-10,90750,3735.0,3735.0,3685.0,3695.0,0,0,39700.0,146863500.0,1.0,3735.0,3735.0,3685.0,3695.0,39700.0
2023-05-11,90750,3680.0,3700.0,3655.0,3685.0,0,0,22600.0,83264500.0,1.0,3680.0,3700.0,3655.0,3685.0,22600.0
2023-05-12,90750,3700.0,3715.0,3675.0,3685.0,0,0,40900.0,150905500.0,1.0,3700.0,3715.0,3675.0,3685.0,40900.0
2023-05-15,90750,3710.0,3710.0,3640.0,3690.0,0,0,82900.0,305074500.0,1.0,3710.0,3710.0,3640.0,3690.0,82900.0
2023-05-16,90750,3440.0,3550.0,3315.0,3525.0,0,0,323400.0,1112389500.0,1.0,3440.0,3550.0,3315.0,3525.0,323400.0
2023-05-17,90750,3530.0,3610.0,3440.0,3445.0,0,0,165600.0,580634000.0,1.0,3530.0,3610.0,3440.0,3445.0,165600.0
2023-05-18,90750,3510.0,3510.0,3440.0,3445.0,0,0,98600.0,342356000.0,1.0,3510.0,3510.0,3440.0,3445.0,98600.0
2023-05-19,90750,3460.0,3515.0,3460.0,3500.0,0,0,52000.0,181759500.0,1.0,3460.0,3515.0,3460.0,3500.0,52000.0
2023-05-22,90750,3500.0,3575.0,3420.0,3530.0,0,0,113500.0,397261000.0,1.0,3500.0,3575.0,3420.0,3530.0,113500.0
2023-05-23,90750,3535.0,3595.0,3470.0,3500.0,0,0,66000.0,232183500.0,1.0,3535.0,3595.0,3470.0,3500.0,66000.0
2023-05-24,90750,3470.0,3520.0,3450.0,3475.0,0,0,38600.0,134406500.0,1.0,3470.0,3520.0,3450.0,3475.0,38600.0
2023-05-25,90750,3465.0,3525.0,3455.0,3455.0,0,0,39800.0,138192500.0,1.0,3465.0,3525.0,3455.0,3455.0,39800.0
2023-05-26,90750,3465.0,3465.0,3380.0,3380.0,0,0,40700.0,138333500.0,1.0,3465.0,3465.0,3380.0,3380.0,40700.0
2023-05-29,90750,3425.0,3425.0,3350.0,3360.0,0,0,33200.0,112057000.0,1.0,3425.0,3425.0,3350.0,3360.0,33200.0
2023-05-30,90750,3345.0,3360.0,3310.0,3310.0,0,0,42100.0,139818000.0,1.0,3345.0,3360.0,3310.0,3310.0,42100.0
2023-05-31,90750,3255.0,3275.0,3195.0,3210.0,0,0,106100.0,340898500.0,1.0,3255.0,3275.0,3195.0,3210.0,106100.0
2023-06-01,90750,3210.0,3255.0,3210.0,3210.0,0,0,64100.0,206539000.0,1.0,3210.0,3255.0,3210.0,3210.0,64100.0
2023-06-02,90750,3200.0,3310.0,3200.0,3265.0,0,0,75000.0,244669000.0,1.0,3200.0,3310.0,3200.0,3265.0,75000.0
2023-06-05,90750,3320.0,3320.0,3265.0,3280.0,0,0,38200.0,125343000.0,1.0,3320.0,3320.0,3265.0,3280.0,38200.0
2023-06-06,90750,3235.0,3280.0,3220.0,3280.0,0,0,39400.0,128536000.0,1.0,3235.0,3280.0,3220.0,3280.0,39400.0
2023-06-07,90750,3295.0,3320.0,3260.0,3260.0,0,0,68700.0,225033000.0,1.0,3295.0,3320.0,3260.0,3260.0,68700.0
2023-06-08,90750,3265.0,3330.0,3265.0,3320.0,0,0,65300.0,215988500.0,1.0,3265.0,3330.0,3265.0,3320.0,65300.0
2023-06-09,90750,3330.0,3390.0,3330.0,3360.0,0,0,85800.0,287913000.0,1.0,3330.0,3390.0,3330.0,3360.0,85800.0
2023-06-12,90750,3360.0,3430.0,3340.0,3415.0,0,0,64800.0,220739500.0,1.0,3360.0,3430.0,3340.0,3415.0,64800.0
2023-06-13,90750,3760.0,3825.0,3590.0,3610.0,0,0,213900.0,786936000.0,1.0,3760.0,3825.0,3590.0,3610.0,213900.0
2023-06-14,90750,3625.0,3685.0,3615.0,3675.0,0,0,102600.0,374493500.0,1.0,3625.0,3685.0,3615.0,3675.0,102600.0
2023-06-15,90750,3675.0,3755.0,3650.0,3700.0,0,0,93600.0,346473000.0,1.0,3675.0,3755.0,3650.0,3700.0,93600.0
2023-06-16,90750,3700.0,3750.0,3695.0,3720.0,0,0,104400.0,388529000.0,1.0,3700.0,3750.0,3695.0,3720.0,104400.0
2023-06-19,90750,3745.0,3790.0,3720.0,3790.0,0,0,72700.0,273763000.0,1.0,3745.0,3790.0,3720.0,3790.0,72700.0
2023-06-20,90750,3785.0,3850.0,3770.0,3820.0,0,0,71900.0,273896500.0,1.0,3785.0,3850.0,3770.0,3820.0,71900.0
2023-06-21,90750,3790.0,3840.0,3750.0,3765.0,0,0,54300.0,205301500.0,1.0,3790.0,3840.0,3750.0,3765.0,54300.0
2023-06-22,90750,3765.0,3795.0,3750.0,3755.0,0,0,40100.0,151116000.0,1.0,3765.0,3795.0,3750.0,3755.0,40100.0
2023-06-23,90750,3790.0,3875.0,3715.0,3730.0,0,0,78900.0,298739000.0,1.0,3790.0,3875.0,3715.0,3730.0,78900.0
2023-06-26,90750,3730.0,3780.0,3680.0,3745.0,0,0,40600.0,152224000.0,1.0,3730.0,3780.0,3680.0,3745.0,40600.0
2023-06-27,90750,3760.0,3805.0,3725.0,3790.0,0,0,41800.0,157720000.0,1.0,3760.0,3805.0,3725.0,3790.0,41800.0
2023-06-28,90750,3795.0,3895.0,3790.0,3890.0,0,0,64100.0,247460000.0,1.0,3795.0,3895.0,3790.0,3890.0,64100.0
2023-06-29,90750,3960.0,4050.0,3960.0,3975.0,0,0,123100.0,491503500.0,1.0,3960.0,4050.0,3960.0,3975.0,123100.0
2023-06-30,90750,3990.0,4020.0,3960.0,4000.0,0,0,83400.0,333489000.0,1.0,3990.0,4020.0,3960.0,4000.0,83400.0
2023-07-03,90750,4070.0,4150.0,4070.0,4080.0,0,0,92200.0,378728000.0,1.0,4070.0,4150.0,4070.0,4080.0,92200.0
2023-07-04,90750,4090.0,4155.0,4060.0,4060.0,0,0,130700.0,535773500.0,1.0,4090.0,4155.0,4060.0,4060.0,130700.0
2023-07-05,90750,4010.0,4075.0,3980.0,4010.0,0,0,55800.0,224912000.0,1.0,4010.0,4075.0,3980.0,4010.0,55800.0
2023-07-06,90750,4010.0,4070.0,3945.0,3985.0,0,0,110700.0,441189500.0,1.0,4010.0,4070.0,3945.0,3985.0,110700.0
2023-07-07,90750,3990.0,4005.0,3935.0,3955.0,0,0,74200.0,294594500.0,1.0,3990.0,4005.0,3935.0,3955.0,74200.0
2023-07-10,90750,3930.0,3985.0,3920.0,3970.0,0,0,77600.0,307169000.0,1.0,3930.0,3985.0,3920.0,3970.0,77600.0
2023-07-11,90750,3980.0,3980.0,3895.0,3920.0,0,0,54100.0,212254500.0,1.0,3980.0,3980.0,3895.0,3920.0,54100.0
2023-07-12,90750,3930.0,3975.0,3915.0,3945.0,0,0,45200.0,178817500.0,1.0,3930.0,3975.0,3915.0,3945.0,45200.0
2023-07-13,90750,3930.0,3930.0,3875.0,3880.0,0,0,65000.0,253330000.0,1.0,3930.0,3930.0,3875.0,3880.0,65000.0
2023-07-14,90750,3885.0,3895.0,3795.0,3830.0,0,0,87200.0,335176000.0,1.0,3885.0,3895.0,3795.0,3830.0,87200.0
2023-07-18,90750,3830.0,3880.0,3800.0,3850.0,0,0,85400.0,327676000.0,1.0,3830.0,3880.0,3800.0,3850.0,85400.0
2023-07-19,90750,3905.0,3945.0,3890.0,3935.0,0,0,45900.0,179976000.0,1.0,3905.0,3945.0,3890.0,3935.0,45900.0
2023-07-20,90750,3950.0,3980.0,3930.0,3960.0,0,0,44100.0,174500000.0,1.0,3950.0,3980.0,3930.0,3960.0,44100.0
2023-07-21,90750,3960.0,4015.0,3920.0,4000.0,0,0,60000.0,239831000.0,1.0,3960.0,4015.0,3920.0,4000.0,60000.0
2023-07-24,90750,4000.0,4090.0,3990.0,4075.0,0,0,60100.0,243732000.0,1.0,4000.0,4090.0,3990.0,4075.0,60100.0
2023-07-25,90750,4080.0,4090.0,4025.0,4080.0,0,0,73100.0,297444000.0,1.0,4080.0,4090.0,4025.0,4080.0,73100.0
2023-07-26,90750,4085.0,4085.0,4015.0,4025.0,0,0,40400.0,163030000.0,1.0,4085.0,4085.0,4015.0,4025.0,40400.0
2023-07-27,90750,4020.0,4035.0,3980.0,4030.0,0,0,49100.0,197267500.0,1.0,4020.0,4035.0,3980.0,4030.0,49100.0
2023-07-28,90750,3985.0,4040.0,3960.0,4015.0,0,0,98000.0,393223000.0,1.0,3985.0,4040.0,3960.0,4015.0,98000.0
2023-07-31,90750,4085.0,4090.0,4000.0,4015.0,0,0,83300.0,335734000.0,1.0,4085.0,4090.0,4000.0,4015.0,83300.0
2023-08-01,90750,4015.0,4045.0,3970.0,4030.0,0,0,59200.0,238130500.0,1.0,4015.0,4045.0,3970.0,4030.0,59200.0
2023-08-02,90750,4000.0,4010.0,3960.0,3985.0,0,0,46300.0,184743000.0,1.0,4000.0,4010.0,3960.0,3985.0,46300.0
2023-08-03,90750,3950.0,3960.0,3840.0,3855.0,0,0,78500.0,304540500.0,1.0,3950.0,3960.0,3840.0,3855.0,78500.0
2023-08-04,90750,3855.0,3900.0,3845.0,3875.0,0,0,49700.0,192673000.0,1.0,3855.0,3900.0,3845.0,3875.0,49700.0
2023-08-07,90750,3845.0,3850.0,3810.0,3835.0,0,0,63300.0,242459500.0,1.0,3845.0,3850.0,3810.0,3835.0,63300.0
2023-08-08,90750,3840.0,3855.0,3800.0,3800.0,0,0,61800.0,236023000.0,1.0,3840.0,3855.0,3800.0,3800.0,61800.0
2023-08-09,90750,3800.0,3845.0,3785.0,3845.0,0,0,57100.0,218322000.0,1.0,3800.0,3845.0,3785.0,3845.0,57100.0
2023-08-10,90750,3810.0,3870.0,3775.0,3855.0,0,0,56100.0,214759500.0,1.0,3810.0,3870.0,3775.0,3855.0,56100.0
2023-08-14,90750,3665.0,3750.0,3595.0,3725.0,0,0,195300.0,721832500.0,1.0,3665.0,3750.0,3595.0,3725.0,195300.0
2023-08-15,90750,3775.0,3790.0,3685.0,3715.0,0,0,105600.0,393580500.0,1.0,3775.0,3790.0,3685.0,3715.0,105600.0
2023-08-16,90750,3705.0,3710.0,3635.0,3670.0,0,0,40400.0,148273500.0,1.0,3705.0,3710.0,3635.0,3670.0,40400.0
2023-08-17,90750,3670.0,3670.0,3595.0,3635.0,0,0,26500.0,96145000.0,1.0,3670.0,3670.0,3595.0,3635.0,26500.0
2023-08-18,90750,3580.0,3600.0,3555.0,3585.0,0,0,72400.0,258982500.0,1.0,3580.0,3600.0,3555.0,3585.0,72400.0
2023-08-21,90750,3580.0,3620.0,3580.0,3585.0,0,0,59300.0,213451500.0,1.0,3580.0,3620.0,3580.0,3585.0,59300.0
2023-08-22,90750,3580.0,3590.0,3545.0,3580.0,0,0,54900.0,196035000.0,1.0,3580.0,3590.0,3545.0,3580.0,54900.0
2023-08-23,90750,3560.0,3600.0,3555.0,3585.0,0,0,22800.0,81644000.0,1.0,3560.0,3600.0,3555.0,3585.0,22800.0
2023-08-24,90750,3570.0,3620.0,3560.0,3600.0,0,0,56900.0,204671500.0,1.0,3570.0,3620.0,3560.0,3600.0,56900.0
2023-08-25,90750,3585.0,3595.0,3545.0,3570.0,0,0,39300.0,140255000.0,1.0,3585.0,3595.0,3545.0,3570.0,39300.0
2023-08-28,90750,3570.0,3620.0,3570.0,3620.0,0,0,25900.0,93222000.0,1.0,3570.0,3620.0,3570.0,3620.0,25900.0
2023-08-29,90750,3615.0,3640.0,3610.0,3620.0,0,0,19200.0,69541500.0,1.0,3615.0,3640.0,3610.0,3620.0,19200.0
2023-08-30,90750,3610.0,3610.0,3585.0,3605.0,0,0,54800.0,197377500.0,1.0,3610.0,3610.0,3585.0,3605.0,54800.0
2023-08-31,90750,3625.0,3645.0,3600.0,3625.0,0,0,47600.0,172300500.0,1.0,3625.0,3645.0,3600.0,3625.0,47600.0
2023-09-01,90750,3625.0,3695.0,3615.0,3690.0,0,0,62900.0,230674500.0,1.0,3625.0,3695.0,3615.0,3690.0,62900.0
2023-09-04,90750,3690.0,3765.0,3665.0,3755.0,0,0,48300.0,180252000.0,1.0,3690.0,3765.0,3665.0,3755.0,48300.0
2023-09-05,90750,3755.0,3780.0,3720.0,3780.0,0,0,53000.0,199298500.0,1.0,3755.0,3780.0,3720.0,3780.0,53000.0
2023-09-06,90750,3805.0,3815.0,3740.0,3740.0,0,0,59800.0,225223500.0,1.0,3805.0,3815.0,3740.0,3740.0,59800.0
2023-09-07,90750,3725.0,3725.0,3660.0,3665.0,0,0,59700.0,219626500.0,1.0,3725.0,3725.0,3660.0,3665.0,59700.0
2023-09-08,90750,3595.0,3625.0,3560.0,3585.0,0,0,81500.0,293160000.0,1.0,3595.0,3625.0,3560.0,3585.0,81500.0
2023-09-11,90750,3585.0,3620.0,3565.0,3580.0,0,0,45500.0,163163000.0,1.0,3585.0,3620.0,3565.0,3580.0,45500.0
2023-09-12,90750,3600.0,3660.0,3600.0,3660.0,0,0,61100.0,222047500.0,1.0,3600.0,3660.0,3600.0,3660.0,61100.0
2023-09-13,90750,3680.0,3795.0,3670.0,3775.0,0,0,126200.0,474694500.0,1.0,3680.0,3795.0,3670.0,3775.0,126200.0
2023-09-14,90750,3795.0,3830.0,3780.0,3795.0,0,0,107800.0,410573500.0,1.0,3795.0,3830.0,3780.0,3795.0,107800.0
2023-09-15,90750,3805.0,3855.0,3805.0,3825.0,0,0,118800.0,455012000.0,1.0,3805.0,3855.0,3805.0,3825.0,118800.0
2023-09-19,90750,3825.0,3855.0,3785.0,3830.0,0,0,96000.0,366768000.0,1.0,3825.0,3855.0,3785.0,3830.0,96000.0
2023-09-20,90750,3880.0,3880.0,3760.0,3760.0,0,0,93900.0,356583500.0,1.0,3880.0,3880.0,3760.0,3760.0,93900.0
2023-09-21,90750,3755.0,3800.0,3755.0,3775.0,0,0,86500.0,326926500.0,1.0,3755.0,3800.0,3755.0,3775.0,86500.0
2023-09-22,90750,3765.0,3825.0,3760.0,3775.0,0,0,56200.0,212910000.0,1.0,3765.0,3825.0,3760.0,3775.0,56200.0
2023-09-25,90750,3780.0,3880.0,3775.0,3875.0,0,0,59700.0,229938500.0,1.0,3780.0,3880.0,3775.0,3875.0,59700.0
2023-09-26,90750,3870.0,3935.0,3865.0,3925.0,0,0,83000.0,324843500.0,1.0,3870.0,3935.0,3865.0,3925.0,83000.0
2023-09-27,90750,3915.0,3975.0,3825.0,3970.0,0,0,79000.0,310294500.0,1.0,3915.0,3975.0,3825.0,3970.0,79000.0
2023-09-28,90750,3900.0,3970.0,3860.0,3890.0,0,0,76500.0,298754000.0,1.0,3900.0,3970.0,3860.0,3890.0,76500.0
2023-09-29,90750,3905.0,3955.0,3900.0,3930.0,0,0,69300.0,271910000.0,1.0,3905.0,3955.0,3900.0,3930.0,69300.0
2023-10-02,90750,3950.0,4000.0,3915.0,3920.0,0,0,73100.0,288583000.0,1.0,3950.0,4000.0,3915.0,3920.0,73100.0
2023-10-03,90750,3910.0,3910.0,3780.0,3780.0,0,0,82400.0,315390500.0,1.0,3910.0,3910.0,3780.0,3780.0,82400.0
2023-10-04,90750,3730.0,3750.0,3690.0,3700.0,0,0,100600.0,374129000.0,1.0,3730.0,3750.0,3690.0,3700.0,100600.0
2023-10-05,90750,3700.0,3775.0,3700.0,3765.0,0,0,83200.0,312787500.0,1.0,3700.0,3775.0,3700.0,3765.0,83200.0
2023-10-06,90750,3765.0,3795.0,3735.0,3770.0,0,0,88400.0,332753000.0,1.0,3765.0,3795.0,3735.0,3770.0,88400.0
2023-10-10,90750,3980.0,3995.0,3860.0,3880.0,0,0,131000.0,511858500.0,1.0,3980.0,3995.0,3860.0,3880.0,131000.0
2023-10-11,90750,3865.0,3910.0,3845.0,3855.0,0,0,115200.0,445416000.0,1.0,3865.0,3910.0,3845.0,3855.0,115200.0
2023-10-12,90750,3850.0,3930.0,3845.0,3920.0,0,0,81500.0,317291000.0,1.0,3850.0,3930.0,3845.0,3920.0,81500.0
2023-10-13,90750,3910.0,3950.0,3855.0,3860.0,0,0,95900.0,373875000.0,1.0,3910.0,3950.0,3855.0,3860.0,95900.0
2023-10-16,90750,3855.0,3900.0,3825.0,3865.0,0,0,115800.0,446681000.0,1.0,3855.0,3900.0,3825.0,3865.0,115800.0
2023-10-17,90750,3890.0,3975.0,3890.0,3935.0,0,0,81700.0,321532500.0,1.0,3890.0,3975.0,3890.0,3935.0,81700.0
2023-10-18,90750,4000.0,4025.0,3940.0,3990.0,0,0,98000.0,389882000.0,1.0,4000.0,4025.0,3940.0,3990.0,98000.0
2023-10-19,90750,3960.0,4115.0,3955.0,4110.0,0,0,112600.0,458063500.0,1.0,3960.0,4115.0,3955.0,4110.0,112600.0
2023-10-20,90750,4100.0,4155.0,3980.0,4055.0,0,0,117100.0,474790500.0,1.0,4100.0,4155.0,3980.0,4055.0,117100.0
2023-10-23,90750,4090.0,4140.0,4055.0,4055.0,0,0,89100.0,364267000.0,1.0,4090.0,4140.0,4055.0,4055.0,89100.0
2023-10-24,90750,4065.0,4085.0,3980.0,4040.0,0,0,84000.0,338286000.0,1.0,4065.0,4085.0,3980.0,4040.0,84000.0
2023-10-25,90750,4080.0,4090.0,3985.0,3985.0,0,0,74700.0,300724000.0,1.0,4080.0,4090.0,3985.0,3985.0,74700.0
2023-10-26,90750,3985.0,4015.0,3945.0,3955.0,0,0,95200.0,377991500.0,1.0,3985.0,4015.0,3945.0,3955.0,95200.0
2023-10-27,90750,3985.0,4090.0,3985.0,4090.0,0,0,111800.0,454627000.0,1.0,3985.0,4090.0,3985.0,4090.0,111800.0
2023-10-30,90750,4030.0,4090.0,3980.0,4050.0,0,0,802000.0,3245875000.0,1.0,4030.0,4090.0,3980.0,4050.0,802000.0
2023-10-31,90750,4045.0,4135.0,4015.0,4100.0,0,0,119000.0,487638500.0,1.0,4045.0,4135.0,4015.0,4100.0,119000.0
2023-11-01,90750,4165.0,4270.0,4165.0,4270.0,0,0,114600.0,485229000.0,1.0,4165.0,4270.0,4165.0,4270.0,114600.0
2023-11-02,90750,4270.0,4295.0,4195.0,4205.0,0,0,127500.0,539743500.0,1.0,4270.0,4295.0,4195.0,4205.0,127500.0
2023-11-06,90750,4220.0,4225.0,4080.0,4090.0,0,0,105700.0,436203000.0,1.0,4220.0,4225.0,4080.0,4090.0,105700.0
2023-11-07,90750,4060.0,4125.0,4045.0,4105.0,0,0,86400.0,353910000.0,1.0,4060.0,4125.0,4045.0,4105.0,86400.0
2023-11-08,90750,4075.0,4105.0,3990.0,4020.0,0,0,84800.0,341845000.0,1.0,4075.0,4105.0,3990.0,4020.0,84800.0
2023-11-09,90750,3455.0,3615.0,3340.0,3590.0,0,0,509000.0,1788447000.0,1.0,3455.0,3615.0,3340.0,3590.0,509000.0
2023-11-10,90750,3540.0,3570.0,3460.0,3515.0,0,0,323000.0,1136089000.0,1.0,3540.0,3570.0,3460.0,3515.0,323000.0
2023-11-13,90750,3450.0,3485.0,3380.0,3420.0,0,0,195500.0,666723000.0,1.0,3450.0,3485.0,3380.0,3420.0,195500.0
2023-11-14,90750,3420.0,3505.0,3395.0,3490.0,0,0,155700.0,538353000.0,1.0,3420.0,3505.0,3395.0,3490.0,155700.0
2023-11-15,90750,3480.0,3510.0,3430.0,3470.0,0,0,190200.0,660710500.0,1.0,3480.0,3510.0,3430.0,3470.0,190200.0
2023-11-16,90750,3470.0,3585.0,3455.0,3575.0,0,0,122700.0,435759500.0,1.0,3470.0,3585.0,3455.0,3575.0,122700.0
2023-11-17,90750,3575.0,3690.0,3575.0,3690.0,0,0,102000.0,372490500.0,1.0,3575.0,3690.0,3575.0,3690.0,102000.0
2023-11-20,90750,3690.0,3705.0,3610.0,3625.0,0,0,123600.0,451439000.0,1.0,3690.0,3705.0,3610.0,3625.0,123600.0
2023-11-21,90750,3615.0,3700.0,3615.0,3700.0,0,0,96000.0,352087500.0,1.0,3615.0,3700.0,3615.0,3700.0,96000.0
2023-11-22,90750,3670.0,3760.0,3670.0,3740.0,0,0,107800.0,401577500.0,1.0,3670.0,3760.0,3670.0,3740.0,107800.0
2023-11-24,90750,3750.0,3750.0,3655.0,3685.0,0,0,62500.0,230349500.0,1.0,3750.0,3750.0,3655.0,3685.0,62500.0
2023-11-27,90750,3720.0,3720.0,3650.0,3685.0,0,0,77600.0,285564000.0,1.0,3720.0,3720.0,3650.0,3685.0,77600.0
2023-11-28,90750,3685.0,3710.0,3650.0,3655.0,0,0,84300.0,309309500.0,1.0,3685.0,3710.0,3650.0,3655.0,84300.0
2023-11-29,90750,3665.0,3690.0,3650.0,3660.0,0,0,76500.0,280435500.0,1.0,3665.0,3690.0,3650.0,3660.0,76500.0
2023-11-30,90750,3650.0,3675.0,3620.0,3665.0,0,0,118300.0,433088000.0,1.0,3650.0,3675.0,3620.0,3665.0,118300.0
2023-12-01,90750,3690.0,3710.0,3665.0,3680.0,0,0,75300.0,277250500.0,1.0,3690.0,3710.0,3665.0,3680.0,75300.0
2023-12-04,90750,3700.0,3760.0,3695.0,3730.0,0,0,90000.0,335725500.0,1.0,3700.0,3760.0,3695.0,3730.0,90000.0
2023-12-05,90750,3715.0,3745.0,3700.0,3700.0,0,0,66500.0,247262000.0,1.0,3715.0,3745.0,3700.0,3700.0,66500.0
2023-12-06,90750,3700.0,3770.0,3700.0,3755.0,0,0,63500.0,237828500.0,1.0,3700.0,3770.0,3700.0,3755.0,63500.0
2023-12-07,90750,3740.0,3750.0,3685.0,3715.0,0,0,70600.0,261764500.0,1.0,3740.0,3750.0,3685.0,3715.0,70600.0
2023-12-08,90750,3705.0,3770.0,3705.0,3760.0,0,0,112000.0,419367000.0,1.0,3705.0,3770.0,3705.0,3760.0,112000.0
2023-12-11,90750,3810.0,3900.0,3810.0,3890.0,0,0,148100.0,573704000.0,1.0,3810.0,3900.0,3810.0,3890.0,148100.0
2023-12-12,90750,3855.0,3930.0,3785.0,3805.0,0,0,102500.0,392703000.0,1.0,3855.0,3930.0,3785.0,3805.0,102500.0
2023-12-13,90750,3805.0,3845.0,3800.0,3815.0,0,0,46100.0,176109000.0,1.0,3805.0,3845.0,3800.0,3815.0,46100.0
2023-12-14,90750,3820.0,3850.0,3760.0,3780.0,0,0,125500.0,475814500.0,1.0,3820.0,3850.0,3760.0,3780.0,125500.0
2023-12-15,90750,3780.0,3815.0,3745.0,3765.0,0,0,126300.0,476905000.0,1.0,3780.0,3815.0,3745.0,3765.0,126300.0
2023-12-18,90750,3755.0,3835.0,3735.0,3805.0,0,0,43200.0,163508000.0,1.0,3755.0,3835.0,3735.0,3805.0,43200.0
2023-12-19,90750,3805.0,3850.0,3775.0,3850.0,0,0,62700.0,239334500.0,1.0,3805.0,3850.0,3775.0,3850.0,62700.0
2023-12-20,90750,3845.0,3895.0,3840.0,3870.0,0,0,59200.0,229037000.0,1.0,3845.0,3895.0,3840.0,3870.0,59200.0
2023-12-21,90750,3865.0,3945.0,3840.0,3885.0,0,0,85500.0,333274500.0,1.0,3865.0,3945.0,3840.0,3885.0,85500.0
2023-12-22,90750,3895.0,3985.0,3895.0,3965.0,0,0,77900.0,308717000.0,1.0,3895.0,3985.0,3895.0,3965.0,77900.0
2023-12-25,90750,3970.0,4000.0,3955.0,3955.0,0,0,55000.0,218542000.0,1.0,3970.0,4000.0,3955.0,3955.0,55000.0
2023-12-26,90750,3940.0,4015.0,3930.0,3945.0,0,0,65400.0,259074500.0,1.0,3940.0,4015.0,3930.0,3945.0,65400.0
2023-12-27,90750,3960.0,4040.0,3955.0,4025.0,0,0,90000.0,360342000.0,1.0,3960.0,4040.0,3955.0,4025.0,90000.0
2023-12-28,90750,4010.0,4055.0,3995.0,4045.0,0,0,96700.0,390054500.0,1.0,4010.0,4055.0,3995.0,4045.0,96700.0
2023-12-29,90750,4030.0,4060.0,4020.0,4055.0,0,0,53900.0,217925500.0,1.0,4030.0,4060.0,4020.0,4055.0,53900.0
2024-01-04,90750,4055.0,4110.0,4010.0,4085.0,0,0,78400.0,319139500.0,1.0,4055.0,4110.0,4010.0,4085.0,78400.0
2024-01-05,90750,4150.0,4190.0,4140.0,4155.0,0,0,99900.0,415984500.0,1.0,4150.0,4190.0,4140.0,4155.0,99900.0
2024-01-09,90750,4175.0,4210.0,4125.0,4135.0,0,0,118100.0,490407000.0,1.0,4175.0,4210.0,4125.0,4135.0,118100.0
2024-01-10,90750,4150.0,4220.0,4135.0,4205.0,0,0,85900.0,360118500.0,1.0,4150.0,4220.0,4135.0,4205.0,85900.0
2024-01-11,90750,4225.0,4305.0,4195.0,4245.0,0,0,85700.0,365378000.0,1.0,4225.0,4305.0,4195.0,4245.0,85700.0
2024-01-12,90750,4245.0,4255.0,4200.0,4230.0,0,0,38000.0,160565500.0,1.0,4245.0,4255.0,4200.0,4230.0,38000.0
2024-01-15,90750,4230.0,4380.0,4230.0,4380.0,0,0,97500.0,422143000.0,1.0,4230.0,4380.0,4230.0,4380.0,97500.0
2024-01-16,90750,4375.0,4375.0,4240.0,4245.0,0,0,75900.0,325742500.0,1.0,4375.0,4375.0,4240.0,4245.0,75900.0
2024-01-17,90750,4250.0,4275.0,4165.0,4165.0,0,0,80400.0,339109500.0,1.0,4250.0,4275.0,4165.0,4165.0,80400.0
2024-01-18,90750,4165.0,4180.0,4095.0,4120.0,0,0,86300.0,355980500.0,1.0,4165.0,4180.0,4095.0,4120.0,86300.0
2024-01-19,90750,4125.0,4160.0,4100.0,4140.0,0,0,51500.0,212737000.0,1.0,4125.0,4160.0,4100.0,4140.0,51500.0
2024-01-22,90750,4105.0,4165.0,4095.0,4150.0,0,0,57200.0,236395000.0,1.0,4105.0,4165.0,4095.0,4150.0,57200.0
2024-01-23,90750,4130.0,4170.0,4060.0,4075.0,0,0,70500.0,288529500.0,1.0,4130.0,4170.0,4060.0,4075.0,70500.0
2024-01-24,90750,4030.0,4070.0,4010.0,4055.0,0,0,41400.0,167367000.0,1.0,4030.0,4070.0,4010.0,4055.0,41400.0
2024-01-25,90750,4020.0,4130.0,4020.0,4125.0,0,0,41700.0,171301500.0,1.0,4020.0,4130.0,4020.0,4125.0,41700.0
2024-01-26,90750,4130.0,4130.0,4055.0,4070.0,0,0,49600.0,202311000.0,1.0,4130.0,4130.0,4055.0,4070.0,49600.0
2024-01-29,90750,4085.0,4155.0,4085.0,4140.0,0,0,25700.0,106181000.0,1.0,4085.0,4155.0,4085.0,4140.0,25700.0
2024-01-30,90750,4125.0,4130.0,4050.0,4055.0,0,0,51000.0,207861000.0,1.0,4125.0,4130.0,4050.0,4055.0,51000.0
2024-01-31,90750,4055.0,4105.0,4030.0,4100.0,0,0,42600.0,173528500.0,1.0,4055.0,4105.0,4030.0,4100.0,42600.0
2024-02-01,90750,4100.0,4195.0,4100.0,4170.0,0,0,59400.0,247037000.0,1.0,4100.0,4195.0,4100.0,4170.0,59400.0
2024-02-02,90750,4170.0,4200.0,4135.0,4185.0,0,0,42100.0,175716500.0,1.0,4170.0,4200.0,4135.0,4185.0,42100.0
2024-02-05,90750,4220.0,4235.0,4180.0,4230.0,0,0,43600.0,184006000.0,1.0,4220.0,4235.0,4180.0,4230.0,43600.0
2024-02-06,90750,4190.0,4275.0,4190.0,4265.0,0,0,44100.0,187322000.0,1.0,4190.0,4275.0,4190.0,4265.0,44100.0
2024-02-07,90750,4205.0,4270.0,4185.0,4270.0,0,0,55300.0,234580500.0,1.0,4205.0,4270.0,4185.0,4270.0,55300.0
2024-02-08,90750,4270.0,4285.0,4165.0,4230.0,0,0,72900.0,308682500.0,1.0,4270.0,4285.0,4165.0,4230.0,72900.0
2024-02-09,90750,4090.0,4180.0,3950.0,4150.0,0,0,109900.0,450463500.0,1.0,4090.0,4180.0,3950.0,4150.0,109900.0
2024-02-13,90750,4220.0,4280.0,4155.0,4215.0,0,0,117600.0,498212000.0,1.0,4220.0,4280.0,4155.0,4215.0,117600.0
2024-02-14,90750,4215.0,4250.0,4155.0,4210.0,0,0,79800.0,334950000.0,1.0,4215.0,4250.0,4155.0,4210.0,79800.0
2024-02-15,90750,4220.0,4265.0,4160.0,4255.0,0,0,113200.0,478819000.0,1.0,4220.0,4265.0,4160.0,4255.0,113200.0
2024-02-16,90750,4255.0,4320.0,4185.0,4190.0,0,0,94700.0,403027000.0,1.0,4255.0,4320.0,4185.0,4190.0,94700.0
2024-02-19,90750,4205.0,4260.0,4200.0,4250.0,0,0,52400.0,221823000.0,1.0,4205.0,4260.0,4200.0,4250.0,52400.0
2024-02-20,90750,4270.0,4285.0,4205.0,4215.0,0,0,74100.0,314146500.0,1.0,4270.0,4285.0,4205.0,4215.0,74100.0
2024-02-21,90750,4200.0,4255.0,4170.0,4205.0,0,0,93700.0,394620500.0,1.0,4200.0,4255.0,4170.0,4205.0,93700.0
2024-02-22,90750,4220.0,4265.0,4165.0,4175.0,0,0,46700.0,195585500.0,1.0,4220.0,4265.0,4165.0,4175.0,46700.0
2024-02-26,90750,4180.0,4215.0,4045.0,4045.0,0,0,79400.0,323673500.0,1.0,4180.0,4215.0,4045.0,4045.0,79400.0
2024-02-27,90750,4050.0,4065.0,3985.0,4015.0,0,0,75600.0,304280500.0,1.0,4050.0,4065.0,3985.0,4015.0,75600.0
2024-02-28,90750,3955.0,4035.0,3955.0,4015.0,0,0,64300.0,257295000.0,1.0,3955.0,4035.0,3955.0,4015.0,64300.0
2024-02-29,90750,4045.0,4090.0,3995.0,4075.0,0,0,53500.0,217367500.0,1.0,4045.0,4090.0,3995.0,4075.0,53500.0
2024-03-01,90750,4070.0,4090.0,4040.0,4060.0,0,0,45900.0,186771500.0,1.0,4070.0,4090.0,4040.0,4060.0,45900.0
2024-03-04,90750,4040.0,4045.0,3925.0,3960.0,0,0,87700.0,347798000.0,1.0,4040.0,4045.0,3925.0,3960.0,87700.0
2024-03-05,90750,3950.0,3960.0,3910.0,3940.0,0,0,66700.0,262401500.0,1.0,3950.0,3960.0,3910.0,3940.0,66700.0
2024-03-06,90750,3900.0,3965.0,3900.0,3915.0,0,0,56100.0,220432000.0,1.0,3900.0,3965.0,3900.0,3915.0,56100.0
2024-03-07,90750,3930.0,3990.0,3905.0,3960.0,0,0,47700.0,188755500.0,1.0,3930.0,3990.0,3905.0,3960.0,47700.0
2024-03-08,90750,3905.0,4030.0,3905.0,3990.0,0,0,60400.0,239073500.0,1.0,3905.0,4030.0,3905.0,3990.0,60400.0
2024-03-11,90750,3970.0,3980.0,3885.0,3935.0,0,0,50500.0,198323000.0,1.0,3970.0,3980.0,3885.0,3935.0,50500.0
2024-03-12,90750,3935.0,4010.0,3900.0,3960.0,0,0,34700.0,137039000.0,1.0,3935.0,4010.0,3900.0,3960.0,34700.0
2024-03-13,90750,4000.0,4030.0,3955.0,3970.0,0,0,45100.0,179532500.0,1.0,4000.0,4030.0,3955.0,3970.0,45100.0
2024-03-14,90750,3945.0,3955.0,3905.0,3950.0,0,0,32800.0,129319500.0,1.0,3945.0,3955.0,3905.0,3950.0,32800.0
2024-03-15,90750,3950.0,3950.0,3645.0,3725.0,0,0,228200.0,864485500.0,1.0,3950.0,3950.0,3645.0,3725.0,228200.0
2024-03-18,90750,3735.0,3795.0,3700.0,3710.0,0,0,78900.0,294309000.0,1.0,3735.0,3795.0,3700.0,3710.0,78900.0
2024-03-19,90750,3730.0,3750.0,3645.0,3705.0,0,0,86900.0,320750000.0,1.0,3730.0,3750.0,3645.0,3705.0,86900.0
2024-03-21,90750,3720.0,3740.0,3655.0,3680.0,0,0,126800.0,466828500.0,1.0,3720.0,3740.0,3655.0,3680.0,126800.0
2024-03-22,90750,3705.0,3755.0,3685.0,3750.0,0,0,92700.0,345781500.0,1.0,3705.0,3755.0,3685.0,3750.0,92700.0
2024-03-25,90750,3755.0,3815.0,3705.0,3780.0,0,0,76400.0,288879000.0,1.0,3755.0,3815.0,3705.0,3780.0,76400.0
2024-03-26,90750,3780.0,3780.0,3680.0,3685.0,0,0,64200.0,237637000.0,1.0,3780.0,3780.0,3680.0,3685.0,64200.0
2024-03-27,90750,3690.0,3755.0,3690.0,3740.0,0,0,61700.0,230655500.0,1.0,3690.0,3755.0,3690.0,3740.0,61700.0
2024-03-28,90750,3700.0,3705.0,3565.0,3575.0,0,0,69700.0,251220500.0,1.0,3700.0,3705.0,3565.0,3575.0,69700.0
2024-03-29,90750,3570.0,3660.0,3570.0,3625.0,0,0,66800.0,241836500.0,1.0,3570.0,3660.0,3570.0,3625.0,66800.0
2024-04-01,90750,3625.0,3700.0,3620.0,3665.0,0,0,58900.0,215657500.0,1.0,3625.0,3700.0,3620.0,3665.0,58900.0
2024-04-02,90750,3665.0,3670.0,3580.0,3610.0,0,0,60500.0,218231500.0,1.0,3665.0,3670.0,3580.0,3610.0,60500.0
2024-04-03,90750,3565.0,3635.0,3520.0,3620.0,0,0,66200.0,238448000.0,1.0,3565.0,3635.0,3520.0,3620.0,66200.0
2024-04-04,90750,3615.0,3700.0,3615.0,3650.0,0,0,55300.0,202413000.0,1.0,3615.0,3700.0,3615.0,3650.0,55300.0
2024-04-05,90750,3610.0,3655.0,3600.0,3650.0,0,0,36300.0,131905000.0,1.0,3610.0,3655.0,3600.0,3650.0,36300.0
2024-04-08,90750,3680.0,3690.0,3635.0,3680.0,0,0,43300.0,158913500.0,1.0,3680.0,3690.0,3635.0,3680.0,43300.0
2024-04-09,90750,3700.0,3735.0,3675.0,3715.0,0,0,44600.0,165660500.0,1.0,3700.0,3735.0,3675.0,3715.0,44600.0
2024-04-10,90750,3750.0,3795.0,3735.0,3765.0,0,0,27300.0,102992000.0,1.0,3750.0,3795.0,3735.0,3765.0,27300.0
2024-04-11,90750,3760.0,3790.0,3715.0,3745.0,0,0,39700.0,149144500.0,1.0,3760.0,3790.0,3715.0,3745.0,39700.0
2024-04-12,90750,3735.0,3775.0,3730.0,3750.0,0,0,44100.0,165362000.0,1.0,3735.0,3775.0,3730.0,3750.0,44100.0
2024-04-15,90750,3745.0,3850.0,3725.0,3825.0,0,0,61300.0,232393500.0,1.0,3745.0,3850.0,3725.0,3825.0,61300.0
2024-04-16,90750,3765.0,3845.0,3760.0,3810.0,0,0,64500.0,246353500.0,1.0,3765.0,3845.0,3760.0,3810.0,64500.0
2024-04-17,90750,3830.0,3860.0,3740.0,3835.0,0,0,89800.0,343565500.0,1.0,3830.0,3860.0,3740.0,3835.0,89800.0
2024-04-18,90750,3845.0,3905.0,3810.0,3810.0,0,0,83300.0,321591500.0,1.0,3845.0,3905.0,3810.0,3810.0,83300.0
2024-04-19,90750,3810.0,3875.0,3790.0,3835.0,0,0,81000.0,311101000.0,1.0,3810.0,3875.0,3790.0,3835.0,81000.0
2024-04-22,90750,3900.0,3905.0,3700.0,3740.0,0,0,87300.0,328040000.0,1.0,3900.0,3905.0,3700.0,3740.0,87300.0
2024-04-23,90750,3745.0,3790.0,3745.0,3785.0,0,0,26500.0,99926500.0,1.0,3745.0,3790.0,3745.0,3785.0,26500.0
2024-04-24,90750,3805.0,3825.0,3785.0,3820.0,0,0,33900.0,129220500.0,1.0,3805.0,3825.0,3785.0,3820.0,33900.0
2024-04-25,90750,3795.0,3810.0,3765.0,3790.0,0,0,29100.0,110207000.0,1.0,3795.0,3810.0,3765.0,3790.0,29100.0
2024-04-26,90750,3785.0,3800.0,3765.0,3770.0,0,0,55400.0,209368500.0,1.0,3785.0,3800.0,3765.0,3770.0,55400.0
2024-04-30,90750,3795.0,3825.0,3775.0,3820.0,0,0,58200.0,221507500.0,1.0,3795.0,3825.0,3775.0,3820.0,58200.0
2024-05-01,90750,3820.0,3830.0,3770.0,3800.0,0,0,47500.0,180628000.0,1.0,3820.0,3830.0,3770.0,3800.0,47500.0
2024-05-02,90750,3790.0,3815.0,3780.0,3800.0,0,0,32900.0,124932500.0,1.0,3790.0,3815.0,3780.0,3800.0,32900.0
2024-05-07,90750,3800.0,3815.0,3735.0,3750.0,0,0,44200.0,166225500.0,1.0,3800.0,3815.0,3735.0,3750.0,44200.0
2024-05-08,90750,3735.0,3780.0,3735.0,3765.0,0,0,53800.0,202296000.0,1.0,3735.0,3780.0,3735.0,3765.0,53800.0
2024-05-09,90750,3770.0,3795.0,3730.0,3755.0,0,0,57000.0,214494000.0,1.0,3770.0,3795.0,3730.0,3755.0,57000.0
2024-05-10,90750,3770.0,3830.0,3770.0,3800.0,0,0,45700.0,173736500.0,1.0,3770.0,3830.0,3770.0,3800.0,45700.0
2024-05-13,90750,3785.0,3825.0,3765.0,3805.0,0,0,60900.0,231451000.0,1.0,3785.0,3825.0,3765.0,3805.0,60900.0
2024-05-14,90750,3800.0,3840.0,3795.0,3825.0,0,0,79100.0,302195000.0,1.0,3800.0,3840.0,3795.0,3825.0,79100.0
2024-05-15,90750,3835.0,3930.0,3790.0,3790.0,0,0,159500.0,614074000.0,1.0,3835.0,3930.0,3790.0,3790.0,159500.0
2024-05-16,90750,3740.0,3845.0,3585.0,3630.0,0,0,167900.0,615133500.0,1.0,3740.0,3845.0,3585.0,3630.0,167900.0
2024-05-17,90750,3600.0,3625.0,3560.0,3610.0,0,0,159200.0,573283500.0,1.0,3600.0,3625.0,3560.0,3610.0,159200.0
2024-05-20,90750,3650.0,3740.0,3625.0,3705.0,0,0,100500.0,371040000.0,1.0,3650.0,3740.0,3625.0,3705.0,100500.0
2024-05-21,90750,3710.0,3835.0,3710.0,3765.0,0,0,127100.0,481809500.0,1.0,3710.0,3835.0,3710.0,3765.0,127100.0
2024-05-22,90750,3760.0,3845.0,3725.0,3825.0,0,0,162600.0,617227500.0,1.0,3760.0,3845.0,3725.0,3825.0,162600.0
2024-05-23,90750,3800.0,3840.0,3780.0,3800.0,0,0,100900.0,383701500.0,1.0,3800.0,3840.0,3780.0,3800.0,100900.0
2024-05-24,90750,3770.0,3775.0,3705.0,3710.0,0,0,56600.0,211090500.0,1.0,3770.0,3775.0,3705.0,3710.0,56600.0
2024-05-27,90750,3700.0,3735.0,3660.0,3725.0,0,0,55800.0,206217000.0,1.0,3700.0,3735.0,3660.0,3725.0,55800.0
2024-05-28,90750,3725.0,3785.0,3720.0,3750.0,0,0,46700.0,175527000.0,1.0,3725.0,3785.0,3720.0,3750.0,46700.0
2024-05-29,90750,3735.0,3735.0,3700.0,3710.0,0,0,57000.0,211930000.0,1.0,3735.0,3735.0,3700.0,3710.0,57000.0
2024-05-30,90750,3705.0,3720.0,3675.0,3705.0,0,0,59000.0,218435000.0,1.0,3705.0,3720.0,3675.0,3705.0,59000.0
2024-05-31,90750,3715.0,3790.0,3715.0,3765.0,0,0,152500.0,574140000.0,1.0,3715.0,3790.0,3715.0,3765.0,152500.0
2024-06-03,90750,3800.0,3890.0,3800.0,3880.0,0,0,56000.0,216515000.0,1.0,3800.0,3890.0,3800.0,3880.0,56000.0
2024-06-04,90750,3880.0,3880.0,3800.0,3820.0,0,0,102900.0,393944500.0,1.0,3880.0,3880.0,3800.0,3820.0,102900.0
2024-06-05,90750,3770.0,3815.0,3750.0,3805.0,0,0,117500.0,445489500.0,1.0,3770.0,3815.0,3750.0,3805.0,117500.0
2024-06-06,90750,3800.0,3800.0,3760.0,3800.0,0,0,121500.0,459553000.0,1.0,3800.0,3800.0,3760.0,3800.0,121500.0
2024-06-07,90750,3820.0,3820.0,3715.0,3715.0,0,0,88300.0,332486000.0,1.0,3820.0,3820.0,3715.0,3715.0,88300.0
2024-06-10,90750,3705.0,3765.0,3675.0,3765.0,0,0,80300.0,299746000.0,1.0,3705.0,3765.0,3675.0,3765.0,80300.0
2024-06-11,90750,3785.0,3835.0,3780.0,3795.0,0,0,72800.0,276890500.0,1.0,3785.0,3835.0,3780.0,3795.0,72800.0
2024-06-12,90750,3810.0,3830.0,3785.0,3825.0,0,0,49600.0,189120000.0,1.0,3810.0,3830.0,3785.0,3825.0,49600.0
2024-06-13,90750,3825.0,3845.0,3745.0,3795.0,0,0,79500.0,301713000.0,1.0,3825.0,3845.0,3745.0,3795.0,79500.0
2024-06-14,90750,3795.0,3900.0,3785.0,3900.0,0,0,115800.0,443864500.0,1.0,3795.0,3900.0,3785.0,3900.0,115800.0
2024-06-17,90750,3950.0,4070.0,3805.0,4060.0,0,0,255500.0,1012241000.0,1.0,3950.0,4070.0,3805.0,4060.0,255500.0
2024-06-18,90750,4025.0,4155.0,3950.0,3970.0,0,0,184000.0,745916000.0,1.0,4025.0,4155.0,3950.0,3970.0,184000.0
2024-06-19,90750,3950.0,3990.0,3860.0,3915.0,0,0,108200.0,422119500.0,1.0,3950.0,3990.0,3860.0,3915.0,108200.0
2024-06-20,90750,3920.0,3970.0,3895.0,3970.0,0,0,108800.0,428492500.0,1.0,3920.0,3970.0,3895.0,3970.0,108800.0
2024-06-21,90750,3995.0,4030.0,3945.0,3945.0,0,0,93500.0,370762500.0,1.0,3995.0,4030.0,3945.0,3945.0,93500.0
2024-06-24,90750,3945.0,3965.0,3845.0,3860.0,0,0,95500.0,370358500.0,1.0,3945.0,3965.0,3845.0,3860.0,95500.0
2024-06-25,90750,3870.0,3905.0,3830.0,3845.0,0,0,119700.0,462441500.0,1.0,3870.0,3905.0,3830.0,3845.0,119700.0
2024-06-26,90750,3900.0,3950.0,3850.0,3940.0,0,0,90700.0,355610000.0,1.0,3900.0,3950.0,3850.0,3940.0,90700.0
2024-06-27,90750,3930.0,3970.0,3870.0,3940.0,0,0,530300.0,2085933500.0,1.0,3930.0,3970.0,3870.0,3940.0,530300.0
2024-06-28,90750,3960.0,4015.0,3925.0,3970.0,0,0,103700.0,412204000.0,1.0,3960.0,4015.0,3925.0,3970.0,103700.0
2024-07-01,90750,3995.0,4020.0,3930.0,3935.0,0,0,76000.0,301091000.0,1.0,3995.0,4020.0,3930.0,3935.0,76000.0
2024-07-02,90750,3890.0,3975.0,3890.0,3945.0,0,0,100700.0,396230500.0,1.0,3890.0,3975.0,3890.0,3945.0,100700.0
2024-07-03,90750,3925.0,3995.0,3925.0,3985.0,0,0,97900.0,389017500.0,1.0,3925.0,3995.0,3925.0,3985.0,97900.0
2024-07-04,90750,3980.0,4020.0,3940.0,3995.0,0,0,81300.0,323224000.0,1.0,3980.0,4020.0,3940.0,3995.0,81300.0
2024-07-05,90750,3980.0,3980.0,3930.0,3935.0,0,0,54800.0,216274000.0,1.0,3980.0,3980.0,3930.0,3935.0,54800.0
2024-07-08,90750,3935.0,3940.0,3870.0,3915.0,0,0,70200.0,274473500.0,1.0,3935.0,3940.0,3870.0,3915.0,70200.0
2024-07-09,90750,3905.0,3910.0,3850.0,3860.0,0,0,59700.0,231370500.0,1.0,3905.0,3910.0,3850.0,3860.0,59700.0
2024-07-10,90750,3830.0,3875.0,3800.0,3875.0,0,0,84500.0,324509000.0,1.0,3830.0,3875.0,3800.0,3875.0,84500.0
2024-07-11,90750,3920.0,3965.0,3905.0,3955.0,0,0,90100.0,355705000.0,1.0,3920.0,3965.0,3905.0,3955.0,90100.0
2024-07-12,90750,3975.0,4020.0,3955.0,3995.0,0,0,46300.0,184800000.0,1.0,3975.0,4020.0,3955.0,3995.0,46300.0
2024-07-16,90750,4000.0,4040.0,4000.0,4025.0,0,0,52100.0,209381500.0,1.0,4000.0,4040.0,4000.0,4025.0,52100.0
2024-07-17,90750,4050.0,4125.0,4035.0,4100.0,0,0,105000.0,428578000.0,1.0,4050.0,4125.0,4035.0,4100.0,105000.0
2024-07-18,90750,4075.0,4130.0,4055.0,4075.0,0,0,63600.0,260617500.0,1.0,4075.0,4130.0,4055.0,4075.0,63600.0
2024-07-19,90750,4085.0,4120.0,4060.0,4075.0,0,0,63800.0,260391000.0,1.0,4085.0,4120.0,4060.0,4075.0,63800.0
2024-07-22,90750,4075.0,4085.0,4020.0,4075.0,0,0,45500.0,184788500.0,1.0,4075.0,4085.0,4020.0,4075.0,45500.0
2024-07-23,90750,4100.0,4110.0,4065.0,4080.0,0,0,69300.0,283103500.0,1.0,4100.0,4110.0,4065.0,4080.0,69300.0
2024-07-24,90750,4080.0,4080.0,3990.0,4010.0,0,0,67000.0,269921000.0,1.0,4080.0,4080.0,3990.0,4010.0,67000.0
2024-07-25,90750,3995.0,4050.0,3985.0,4010.0,0,0,60100.0,241059500.0,1.0,3995.0,4050.0,3985.0,4010.0,60100.0
2024-07-26,90750,4010.0,4050.0,3985.0,3990.0,0,0,73400.0,294149000.0,1.0,4010.0,4050.0,3985.0,3990.0,73400.0
2024-07-29,90750,3995.0,4045.0,3965.0,3975.0,0,0,63600.0,254063500.0,1.0,3995.0,4045.0,3965.0,3975.0,63600.0
2024-07-30,90750,3980.0,3995.0,3945.0,3970.0,0,0,81500.0,323607500.0,1.0,3980.0,3995.0,3945.0,3970.0,81500.0
2024-07-31,90750,3970.0,4070.0,3945.0,4055.0,0,0,54500.0,219142500.0,1.0,3970.0,4070.0,3945.0,4055.0,54500.0
2024-08-01,90750,4055.0,4065.0,3945.0,3955.0,0,0,55600.0,221841000.0,1.0,4055.0,4065.0,3945.0,3955.0,55600.0
2024-08-02,90750,3885.0,3925.0,3785.0,3815.0,0,0,106900.0,408213000.0,1.0,3885.0,3925.0,3785.0,3815.0,106900.0
2024-08-05,90750,3695.0,3755.0,3500.0,3505.0,0,0,105700.0,383486500.0,1.0,3695.0,3755.0,3500.0,3505.0,105700.0
2024-08-06,90750,3575.0,3845.0,3575.0,3770.0,0,0,116600.0,437053500.0,1.0,3575.0,3845.0,3575.0,3770.0,116600.0
2024-08-07,90750,3650.0,3790.0,3630.0,3680.0,0,0,70700.0,263633500.0,1.0,3650.0,3790.0,3630.0,3680.0,70700.0
2024-08-08,90750,3620.0,3735.0,3620.0,3675.0,0,0,91000.0,335175500.0,1.0,3620.0,3735.0,3620.0,3675.0,91000.0
2024-08-09,90750,3745.0,3815.0,3665.0,3710.0,0,0,114400.0,425271000.0,1.0,3745.0,3815.0,3665.0,3710.0,114400.0
2024-08-13,90750,3710.0,3800.0,3690.0,3790.0,0,0,59600.0,224137500.0,1.0,3710.0,3800.0,3690.0,3790.0,59600.0
2024-08-14,90750,3770.0,3815.0,3740.0,3755.0,0,0,71900.0,270721000.0,1.0,3770.0,3815.0,3740.0,3755.0,71900.0
2024-08-15,90750,3790.0,3855.0,3785.0,3830.0,0,0,48100.0,184003500.0,1.0,3790.0,3855.0,3785.0,3830.0,48100.0
2024-08-16,90750,3855.0,3855.0,3805.0,3835.0,0,0,76800.0,294583500.0,1.0,3855.0,3855.0,3805.0,3835.0,76800.0
2024-08-19,90750,3825.0,3850.0,3775.0,3775.0,0,0,41000.0,155868000.0,1.0,3825.0,3850.0,3775.0,3775.0,41000.0
2024-08-20,90750,3825.0,3835.0,3795.0,3825.0,0,0,40500.0,154714500.0,1.0,3825.0,3835.0,3795.0,3825.0,40500.0
2024-08-21,90750,3770.0,3835.0,3770.0,3805.0,0,0,33600.0,128065500.0,1.0,3770.0,3835.0,3770.0,3805.0,33600.0
2024-08-22,90750,3790.0,3805.0,3745.0,3750.0,0,0,43200.0,162529000.0,1.0,3790.0,3805.0,3745.0,3750.0,43200.0
2024-08-23,90750,3720.0,3765.0,3710.0,3715.0,0,0,50700.0,189149500.0,1.0,3720.0,3765.0,3710.0,3715.0,50700.0
2024-08-26,90750,3700.0,3725.0,3670.0,3700.0,0,0,55000.0,203239000.0,1.0,3700.0,3725.0,3670.0,3700.0,55000.0
2024-08-27,90750,3720.0,3765.0,3715.0,3730.0,0,0,44100.0,164651500.0,1.0,3720.0,3765.0,3715.0,3730.0,44100.0
2024-08-28,90750,3730.0,3730.0,3690.0,3700.0,0,0,48800.0,180937000.0,1.0,3730.0,3730.0,3690.0,3700.0,48800.0
2024-08-29,90750,3700.0,3740.0,3650.0,3670.0,0,0,47200.0,173953000.0,1.0,3700.0,3740.0,3650.0,3670.0,47200.0
2024-08-30,90750,3670.0,3735.0,3645.0,3710.0,0,0,125000.0,463035500.0,1.0,3670.0,3735.0,3645.0,3710.0,125000.0
2024-09-02,90750,3715.0,3805.0,3715.0,3795.0,0,0,73800.0,278122500.0,1.0,3715.0,3805.0,3715.0,3795.0,73800.0
2024-09-03,90750,3795.0,3825.0,3770.0,3795.0,0,0,47600.0,180465000.0,1.0,3795.0,3825.0,3770.0,3795.0,47600.0
2024-09-04,90750,3760.0,3825.0,3755.0,3795.0,0,0,59800.0,226975500.0,1.0,3760.0,3825.0,3755.0,3795.0,59800.0
2024-09-05,90750,3805.0,3875.0,3795.0,3815.0,0,0,82400.0,316027500.0,1.0,3805.0,3875.0,3795.0,3815.0,82400.0
2024-09-06,90750,3805.0,3850.0,3795.0,3840.0,0,0,51700.0,197819500.0,1.0,3805.0,3850.0,3795.0,3840.0,51700.0
2024-09-09,90750,3770.0,3795.0,3750.0,3795.0,0,0,63200.0,238890500.0,1.0,3770.0,3795.0,3750.0,3795.0,63200.0
2024-09-10,90750,3800.0,3810.0,3755.0,3790.0,0,0,43400.0,164152500.0,1.0,3800.0,3810.0,3755.0,3790.0,43400.0
2024-09-11,90750,3770.0,3770.0,3655.0,3685.0,0,0,87400.0,322368000.0,1.0,3770.0,3770.0,3655.0,3685.0,87400.0
2024-09-12,90750,3685.0,3765.0,3685.0,3735.0,0,0,51700.0,192905500.0,1.0,3685.0,3765.0,3685.0,3735.0,51700.0
2024-09-13,90750,3735.0,3735.0,3670.0,3700.0,0,0,52600.0,195128500.0,1.0,3735.0,3735.0,3670.0,3700.0,52600.0
2024-09-17,90750,3700.0,3745.0,3695.0,3745.0,0,0,75500.0,280608500.0,1.0,3700.0,3745.0,3695.0,3745.0,75500.0
2024-09-18,90750,3765.0,3810.0,3760.0,3805.0,0,0,52200.0,197462000.0,1.0,3765.0,3810.0,3760.0,3805.0,52200.0
2024-09-19,90750,3800.0,3845.0,3785.0,3835.0,0,0,54000.0,206600000.0,1.0,3800.0,3845.0,3785.0,3835.0,54000.0
2024-09-20,90750,3830.0,3845.0,3785.0,3825.0,0,0,79800.0,305209500.0,1.0,3830.0,3845.0,3785.0,3825.0,79800.0
2024-09-24,90750,3860.0,3860.0,3780.0,3795.0,0,0,36100.0,137103000.0,1.0,3860.0,3860.0,3780.0,3795.0,36100.0
2024-09-25,90750,3770.0,3810.0,3715.0,3800.0,0,0,61100.0,231401000.0,1.0,3770.0,3810.0,3715.0,3800.0,61100.0
2024-09-26,90750,3825.0,3875.0,3820.0,3855.0,0,0,93200.0,358597500.0,1.0,3825.0,3875.0,3820.0,3855.0,93200.0
2024-09-27,90750,3795.0,3855.0,3780.0,3795.0,0,0,54500.0,207659500.0,1.0,3795.0,3855.0,3780.0,3795.0,54500.0
2024-09-30,90750,3740.0,3820.0,3740.0,3800.0,0,0,47200.0,179148500.0,1.0,3740.0,3820.0,3740.0,3800.0,47200.0
2024-10-01,90750,3820.0,3830.0,3780.0,3815.0,0,0,70300.0,267728000.0,1.0,3820.0,3830.0,3780.0,3815.0,70300.0
2024-10-02,90750,3805.0,3870.0,3795.0,3810.0,0,0,73100.0,279715000.0,1.0,3805.0,3870.0,3795.0,3810.0,73100.0
2024-10-03,90750,3840.0,3850.0,3780.0,3795.0,0,0,50700.0,192702500.0,1.0,3840.0,3850.0,3780.0,3795.0,50700.0
2024-10-04,90750,3770.0,3790.0,3735.0,3780.0,0,0,69200.0,260295000.0,1.0,3770.0,3790.0,3735.0,3780.0,69200.0
2024-10-07,90750,3805.0,3810.0,3765.0,3805.0,0,0,55000.0,208666000.0,1.0,3805.0,3810.0,3765.0,3805.0,55000.0
2024-10-08,90750,3735.0,3840.0,3735.0,3840.0,0,0,80300.0,305930000.0,1.0,3735.0,3840.0,3735.0,3840.0,80300.0
2024-10-09,90750,3810.0,3845.0,3795.0,3830.0,0,0,73400.0,280760000.0,1.0,3810.0,3845.0,3795.0,3830.0,73400.0
2024-10-10,90750,3840.0,3875.0,3830.0,3860.0,0,0,62400.0,240573500.0,1.0,3840.0,3875.0,3830.0,3860.0,62400.0
2024-10-11,90750,3860.0,3905.0,3800.0,3820.0,0,0,84300.0,323696500.0,1.0,3860.0,3905.0,3800.0,3820.0,84300.0
2024-10-15,90750,3820.0,3860.0,3805.0,3845.0,0,0,101600.0,389553500.0,1.0,3820.0,3860.0,3805.0,3845.0,101600.0
2024-10-16,90750,3835.0,3900.0,3835.0,3860.0,0,0,73500.0,284201000.0,1.0,3835.0,3900.0,3835.0,3860.0,73500.0
2024-10-17,90750,3860.0,3905.0,3845.0,3880.0,0,0,58800.0,228273000.0,1.0,3860.0,3905.0,3845.0,3880.0,58800.0
2024-10-18,90750,3900.0,3935.0,3885.0,3900.0,0,0,69000.0,269959500.0,1.0,3900.0,3935.0,3885.0,3900.0,69000.0
2024-10-21,90750,3900.0,3920.0,3890.0,3905.0,0,0,59600.0,232682000.0,1.0,3900.0,3920.0,3890.0,3905.0,59600.0
2024-10-22,90750,3905.0,3905.0,3830.0,3860.0,0,0,57000.0,219789500.0,1.0,3905.0,3905.0,3830.0,3860.0,57000.0
2024-10-23,90750,3860.0,3895.0,3840.0,3840.0,0,0,63500.0,245126500.0,1.0,3860.0,3895.0,3840.0,3840.0,63500.0
2024-10-24,90750,3825.0,3865.0,3820.0,3865.0,0,0,66000.0,253705000.0,1.0,3825.0,3865.0,3820.0,3865.0,66000.0
2024-10-25,90750,3860.0,3870.0,3795.0,3830.0,0,0,45000.0,171913500.0,1.0,3860.0,3870.0,3795.0,3830.0,45000.0
2024-10-28,90750,3815.0,3865.0,3800.0,3845.0,0,0,53300.0,204923000.0,1.0,3815.0,3865.0,3800.0,3845.0,53300.0
2024-10-29,90750,3845.0,3880.0,3845.0,3865.0,0,0,65800.0,253905500.0,1.0,3845.0,3880.0,3845.0,3865.0,65800.0
2024-10-30,90750,3865.0,3895.0,3850.0,3850.0,0,0,277300.0,1069658000.0,1.0,3865.0,3895.0,3850.0,3850.0,277300.0
2024-10-31,90750,3850.0,3925.0,3840.0,3890.0,0,0,107600.0,418030000.0,1.0,3850.0,3925.0,3840.0,3890.0,107600.0
2024-11-01,90750,3855.0,3880.0,3840.0,3875.0,0,0,84000.0,324926000.0,1.0,3855.0,3880.0,3840.0,3875.0,84000.0
2024-11-05,90750,3875.0,3875.0,3770.0,3785.0,0,0,64500.0,244815500.0,1.0,3875.0,3875.0,3770.0,3785.0,64500.0
2024-11-06,90750,3785.0,3800.0,3720.0,3720.0,0,0,77800.0,291729500.0,1.0,3785.0,3800.0,3720.0,3720.0,77800.0
2024-11-07,90750,3760.0,3825.0,3760.0,3810.0,0,0,82600.0,314482000.0,1.0,3760.0,3825.0,3760.0,3810.0,82600.0
2024-11-08,90750,3810.0,3825.0,3755.0,3755.0,0,0,65300.0,246395000.0,1.0,3810.0,3825.0,3755.0,3755.0,65300.0
2024-11-11,90750,3730.0,3745.0,3710.0,3730.0,0,0,53300.0,198742500.0,1.0,3730.0,3745.0,3710.0,3730.0,53300.0
2024-11-12,90750,3680.0,3805.0,3360.0,3510.0,0,0,166800.0,611127000.0,1.0,3680.0,3805.0,3360.0,3510.0,166800.0
2024-11-13,90750,3370.0,3520.0,3370.0,3505.0,0,0,240500.0,828676500.0,1.0,3370.0,3520.0,3370.0,3505.0,240500.0
2024-11-14,90750,3505.0,3575.0,3490.0,3565.0,0,0,124000.0,439929000.0,1.0,3505.0,3575.0,3490.0,3565.0,124000.0
2024-11-15,90750,3565.0,3570.0,3510.0,3525.0,0,0,167200.0,592638500.0,1.0,3565.0,3570.0,3510.0,3525.0,167200.0
2024-11-18,90750,3525.0,3555.0,3425.0,3440.0,0,0,194800.0,679316000.0,1.0,3525.0,3555.0,3425.0,3440.0,194800.0
2024-11-19,90750,3440.0,3475.0,3415.0,3455.0,0,0,100200.0,345358000.0,1.0,3440.0,3475.0,3415.0,3455.0,100200.0
2024-11-20,90750,3430.0,3480.0,3430.0,3470.0,0,0,70800.0,244670000.0,1.0,3430.0,3480.0,3430.0,3470.0,70800.0
2024-11-21,90750,3495.0,3535.0,3465.0,3520.0,0,0,143900.0,505714500.0,1.0,3495.0,3535.0,3465.0,3520.0,143900.0
2024-11-22,90750,3520.0,3550.0,3520.0,3525.0,0,0,66000.0,233044500.0,1.0,3520.0,3550.0,3520.0,3525.0,66000.0
2024-11-25,90750,3570.0,3610.0,3565.0,3575.0,0,0,130700.0,469021500.0,1.0,3570.0,3610.0,3565.0,3575.0,130700.0
2024-11-26,90750,3575.0,3730.0,3570.0,3730.0,0,0,123300.0,450977000.0,1.0,3575.0,3730.0,3570.0,3730.0,123300.0
2024-11-27,90750,3710.0,3710.0,3635.0,3680.0,0,0,99100.0,363422500.0,1.0,3710.0,3710.0,3635.0,3680.0,99100.0
2024-11-28,90750,3695.0,3775.0,3695.0,3770.0,0,0,65400.0,245578500.0,1.0,3695.0,3775.0,3695.0,3770.0,65400.0
2024-11-29,90750,3770.0,3795.0,3735.0,3775.0,0,0,56200.0,212066500.0,1.0,3770.0,3795.0,3735.0,3775.0,56200.0
2024-12-02,90750,3775.0,3795.0,3745.0,3795.0,0,0,76500.0,288735000.0,1.0,3775.0,3795.0,3745.0,3795.0,76500.0
2024-12-03,90750,3810.0,3835.0,3760.0,3765.0,0,0,88500.0,336060000.0,1.0,3810.0,3835.0,3760.0,3765.0,88500.0
2024-12-04,90750,3750.0,3755.0,3675.0,3725.0,0,0,99500.0,369620500.0,1.0,3750.0,3755.0,3675.0,3725.0,99500.0
2024-12-05,90750,3725.0,3765.0,3725.0,3745.0,0,0,54000.0,202280000.0,1.0,3725.0,3765.0,3725.0,3745.0,54000.0
2024-12-06,90750,3750.0,3765.0,3705.0,3745.0,0,0,69000.0,258264000.0,1.0,3750.0,3765.0,3705.0,3745.0,69000.0
2024-12-09,90750,3745.0,3750.0,3690.0,3715.0,0,0,70600.0,262844500.0,1.0,3745.0,3750.0,3690.0,3715.0,70600.0
2024-12-10,90750,3715.0,3720.0,3680.0,3705.0,0,0,65600.0,242857500.0,1.0,3715.0,3720.0,3680.0,3705.0,65600.0
2024-12-11,90750,3720.0,3760.0,3710.0,3745.0,0,0,58900.0,220315500.0,1.0,3720.0,3760.0,3710.0,3745.0,58900.0
2024-12-12,90750,3755.0,3780.0,3745.0,3765.0,0,0,86000.0,323654500.0,1.0,3755.0,3780.0,3745.0,3765.0,86000.0
2024-12-13,90750,3735.0,3755.0,3710.0,3750.0,0,0,119100.0,445578000.0,1.0,3735.0,3755.0,3710.0,3750.0,119100.0
2024-12-16,90750,3755.0,3790.0,3725.0,3740.0,0,0,129000.0,484810000.0,1.0,3755.0,3790.0,3725.0,3740.0,129000.0
2024-12-17,90750,3740.0,3760.0,3700.0,3725.0,0,0,78500.0,292945500.0,1.0,3740.0,3760.0,3700.0,3725.0,78500.0
2024-12-18,90750,3725.0,3725.0,3680.0,3680.0,0,0,64100.0,237640000.0,1.0,3725.0,3725.0,3680.0,3680.0,64100.0
2024-12-19,90750,3680.0,3715.0,3660.0,3685.0,0,0,49800.0,183721500.0,1.0,3680.0,3715.0,3660.0,3685.0,49800.0
2024-12-20,90750,3710.0,3725.0,3675.0,3675.0,0,0,96100.0,355092500.0,1.0,3710.0,3725.0,3675.0,3675.0,96100.0
2024-12-23,90750,3675.0,3700.0,3665.0,3680.0,0,0,39800.0,146627500.0,1.0,3675.0,3700.0,3665.0,3680.0,39800.0
2024-12-24,90750,3680.0,3715.0,3650.0,3670.0,0,0,59400.0,218345000.0,1.0,3680.0,3715.0,3650.0,3670.0,59400.0
2024-12-25,90750,3680.0,3680.0,3610.0,3645.0,0,0,40200.0,146151500.0,1.0,3680.0,3680.0,3610.0,3645.0,40200.0
2024-12-26,90750,3640.0,3680.0,3615.0,3680.0,0,0,56800.0,208004000.0,1.0,3640.0,3680.0,3615.0,3680.0,56800.0
2024-12-27,90750,3680.0,3710.0,3665.0,3700.0,0,0,54900.0,203026000.0,1.0,3680.0,3710.0,3665.0,3700.0,54900.0
2024-12-30,90750,3700.0,3730.0,3690.0,3700.0,0,0,55300.0,205033500.0,1.0,3700.0,3730.0,3690.0,3700.0,55300.0
2025-01-06,90750,3700.0,3765.0,3700.0,3745.0,0,0,98500.0,368162500.0,1.0,3700.0,3765.0,3700.0,3745.0,98500.0
2025-01-07,90750,3745.0,3750.0,3680.0,3705.0,0,0,92300.0,342291500.0,1.0,3745.0,3750.0,3680.0,3705.0,92300.0
2025-01-08,90750,3655.0,3710.0,3655.0,3700.0,0,0,100000.0,368975000.0,1.0,3655.0,3710.0,3655.0,3700.0,100000.0
2025-01-09,90750,3700.0,3700.0,3620.0,3655.0,0,0,88300.0,322009500.0,1.0,3700.0,3700.0,3620.0,3655.0,88300.0
2025-01-10,90750,3640.0,3655.0,3605.0,3655.0,0,0,67800.0,246248500.0,1.0,3640.0,3655.0,3605.0,3655.0,67800.0
2025-01-14,90750,3655.0,3670.0,3550.0,3580.0,0,0,69000.0,247144000.0,1.0,3655.0,3670.0,3550.0,3580.0,69000.0
2025-01-15,90750,3580.0,3590.0,3520.0,3555.0,0,0,146600.0,520116000.0,1.0,3580.0,3590.0,3520.0,3555.0,146600.0
2025-01-16,90750,3575.0,3605.0,3560.0,3600.0,0,0,73700.0,264573500.0,1.0,3575.0,3605.0,3560.0,3600.0,73700.0
2025-01-17,90750,3600.0,3610.0,3510.0,3545.0,0,0,69300.0,245361500.0,1.0,3600.0,3610.0,3510.0,3545.0,69300.0
2025-01-20,90750,3565.0,3600.0,3565.0,3590.0,0,0,57000.0,204338500.0,1.0,3565.0,3600.0,3565.0,3590.0,57000.0
2025-01-21,90750,3600.0,3625.0,3600.0,3625.0,0,0,36700.0,132692000.0,1.0,3600.0,3625.0,3600.0,3625.0,36700.0
2025-01-22,90750,3640.0,3655.0,3590.0,3610.0,0,0,61000.0,220367000.0,1.0,3640.0,3655.0,3590.0,3610.0,61000.0
2025-01-23,90750,3610.0,3610.0,3560.0,3590.0,0,0,62100.0,222701500.0,1.0,3610.0,3610.0,3560.0,3590.0,62100.0
2025-01-24,90750,3605.0,3690.0,3605.0,3645.0,0,0,71200.0,260445000.0,1.0,3605.0,3690.0,3605.0,3645.0,71200.0
2025-01-27,90750,3695.0,3710.0,3680.0,3710.0,0,0,77200.0,285616500.0,1.0,3695.0,3710.0,3680.0,3710.0,77200.0
2025-01-28,90750,3710.0,3725.0,3675.0,3715.0,0,0,87100.0,322608500.0,1.0,3710.0,3725.0,3675.0,3715.0,87100.0
2025-01-29,90750,3715.0,3715.0,3665.0,3665.0,0,0,54900.0,202250500.0,1.0,3715.0,3715.0,3665.0,3665.0,54900.0
2025-01-30,90750,3675.0,3685.0,3645.0,3670.0,0,0,57300.0,209886000.0,1.0,3675.0,3685.0,3645.0,3670.0,57300.0
2025-01-31,90750,3675.0,3685.0,3645.0,3685.0,0,0,51900.0,190472500.0,1.0,3675.0,3685.0,3645.0,3685.0,51900.0
2025-02-03,90750,3685.0,3690.0,3555.0,3560.0,0,0,164500.0,591367000.0,1.0,3685.0,3690.0,3555.0,3560.0,164500.0
2025-02-04,90750,3610.0,3665.0,3595.0,3610.0,0,0,77100.0,279445500.0,1.0,3610.0,3665.0,3595.0,3610.0,77100.0
2025-02-05,90750,3620.0,3655.0,3590.0,3615.0,0,0,60200.0,217839500.0,1.0,3620.0,3655.0,3590.0,3615.0,60200.0
2025-02-06,90750,3630.0,3645.0,3605.0,3620.0,0,0,23300.0,84416000.0,1.0,3630.0,3645.0,3605.0,3620.0,23300.0
2025-02-07,90750,3595.0,3635.0,3595.0,3630.0,0,0,36700.0,132800000.0,1.0,3595.0,3635.0,3595.0,3630.0,36700.0
2025-02-10,90750,3650.0,3670.0,3625.0,3635.0,0,0,38400.0,140146000.0,1.0,3650.0,3670.0,3625.0,3635.0,38400.0
2025-02-12,90750,3675.0,3695.0,3630.0,3650.0,0,0,59700.0,218362000.0,1.0,3675.0,3695.0,3630.0,3650.0,59700.0
2025-02-13,90750,3675.0,3720.0,3640.0,3660.0,0,0,83900.0,308489500.0,1.0,3675.0,3720.0,3640.0,3660.0,83900.0
2025-02-14,90750,3710.0,3720.0,3635.0,3670.0,0,0,82800.0,304520500.0,1.0,3710.0,3720.0,3635.0,3670.0,82800.0
2025-02-17,90750,3665.0,3680.0,3625.0,3630.0,0,0,39900.0,145607000.0,1.0,3665.0,3680.0,3625.0,3630.0,39900.0
2025-02-18,90750,3635.0,3640.0,3590.0,3615.0,0,0,45200.0,163540500.0,1.0,3635.0,3640.0,3590.0,3615.0,45200.0
2025-02-19,90750,3605.0,3695.0,3590.0,3670.0,0,0,47900.0,175439500.0,1.0,3605.0,3695.0,3590.0,3670.0,47900.0
2025-02-20,90750,3660.0,3715.0,3655.0,3690.0,0,0,95500.0,353169500.0,1.0,3660.0,3715.0,3655.0,3690.0,95500.0
2025-02-21,90750,3700.0,3705.0,3575.0,3590.0,0,0,54500.0,196787000.0,1.0,3700.0,3705.0,3575.0,3590.0,54500.0
2025-02-25,90750,3575.0,3595.0,3555.0,3560.0,0,0,33500.0,119648500.0,1.0,3575.0,3595.0,3555.0,3560.0,33500.0
2025-02-26,90750,3550.0,3565.0,3455.0,3475.0,0,0,59200.0,206422000.0,1.0,3550.0,3565.0,3455.0,3475.0,59200.0
2025-02-27,90750,3480.0,3490.0,3455.0,3490.0,0,0,66800.0,232279000.0,1.0,3480.0,3490.0,3455.0,3490.0,66800.0
2025-02-28,90750,3490.0,3500.0,3440.0,3470.0,0,0,75800.0,263204000.0,1.0,3490.0,3500.0,3440.0,3470.0,75800.0
2025-03-03,90750,3505.0,3535.0,3495.0,3535.0,0,0,62600.0,220286500.0,1.0,3505.0,3535.0,3495.0,3535.0,62600.0
2025-03-04,90750,3535.0,3610.0,3515.0,3595.0,0,0,73500.0,262823500.0,1.0,3535.0,3610.0,3515.0,3595.0,73500.0
2025-03-05,90750,3595.0,3675.0,3595.0,3635.0,0,0,67400.0,245008500.0,1.0,3595.0,3675.0,3595.0,3635.0,67400.0
2025-03-06,90750,3660.0,3735.0,3660.0,3735.0,0,0,115200.0,428312500.0,1.0,3660.0,3735.0,3660.0,3735.0,115200.0
2025-03-07,90750,3730.0,3740.0,3680.0,3705.0,0,0,76100.0,282070500.0,1.0,3730.0,3740.0,3680.0,3705.0,76100.0
2025-03-10,90750,3700.0,3730.0,3670.0,3710.0,0,0,50600.0,187727500.0,1.0,3700.0,3730.0,3670.0,3710.0,50600.0
2025-03-11,90750,3690.0,3690.0,3625.0,3640.0,0,0,78600.0,286925500.0,1.0,3690.0,3690.0,3625.0,3640.0,78600.0
2025-03-12,90750,3645.0,3715.0,3645.0,3705.0,0,0,78100.0,288695500.0,1.0,3645.0,3715.0,3645.0,3705.0,78100.0
2025-03-13,90750,3720.0,3785.0,3675.0,3760.0,0,0,100400.0,376083000.0,1.0,3720.0,3785.0,3675.0,3760.0,100400.0
2025-03-14,90750,3760.0,3775.0,3700.0,3750.0,0,0,92100.0,344677500.0,1.0,3760.0,3775.0,3700.0,3750.0,92100.0
2025-03-17,90750,3750.0,3780.0,3740.0,3755.0,0,0,46100.0,172949000.0,1.0,3750.0,3780.0,3740.0,3755.0,46100.0
2025-03-18,90750,3745.0,3770.0,3730.0,3755.0,0,0,53100.0,199141000.0,1.0,3745.0,3770.0,3730.0,3755.0,53100.0
2025-03-19,90750,3740.0,3785.0,3740.0,3780.0,0,0,49400.0,186236500.0,1.0,3740.0,3785.0,3740.0,3780.0,49400.0
2025-03-21,90750,3775.0,3850.0,3765.0,3810.0,0,0,87200.0,332569500.0,1.0,3775.0,3850.0,3765.0,3810.0,87200.0
2025-03-24,90750,3830.0,3845.0,3805.0,3835.0,0,0,75800.0,289994500.0,1.0,3830.0,3845.0,3805.0,3835.0,75800.0
2025-03-25,90750,3840.0,3870.0,3820.0,3845.0,0,0,66800.0,257073000.0,1.0,3840.0,3870.0,3820.0,3845.0,66800.0
2025-03-26,90750,3850.0,3860.0,3790.0,3800.0,0,0,104300.0,398851000.0,1.0,3850.0,3860.0,3790.0,3800.0,104300.0
2025-03-27,90750,3770.0,3790.0,3740.0,3790.0,0,0,71300.0,269356500.0,1.0,3770.0,3790.0,3740.0,3790.0,71300.0
2025-03-28,90750,3755.0,3755.0,3695.0,3730.0,0,0,64000.0,238143000.0,1.0,3755.0,3755.0,3695.0,3730.0,64000.0
2025-03-31,90750,3690.0,3690.0,3580.0,3615.0,0,0,74900.0,271046000.0,1.0,3690.0,3690.0,3580.0,3615.0,74900.0
2025-04-01,90750,3625.0,3670.0,3620.0,3630.0,0,0,42400.0,153880500.0,1.0,3625.0,3670.0,3620.0,3630.0,42400.0
2025-04-02,90750,3640.0,3665.0,3590.0,3605.0,0,0,49600.0,179564000.0,1.0,3640.0,3665.0,3590.0,3605.0,49600.0
2025-04-03,90750,3560.0,3595.0,3520.0,3590.0,0,0,80700.0,288142000.0,1.0,3560.0,3595.0,3520.0,3590.0,80700.0
2025-04-04,90750,3520.0,3520.0,3450.0,3520.0,0,0,90300.0,315393500.0,1.0,3520.0,3520.0,3450.0,3520.0,90300.0
2025-04-07,90750,3310.0,3430.0,3285.0,3360.0,0,0,104300.0,350320500.0,1.0,3310.0,3430.0,3285.0,3360.0,104300.0
2025-04-08,90750,3420.0,3495.0,3405.0,3480.0,0,0,94700.0,328315000.0,1.0,3420.0,3495.0,3405.0,3480.0,94700.0
2025-04-09,90750,3440.0,3465.0,3335.0,3385.0,0,0,76400.0,258635000.0,1.0,3440.0,3465.0,3335.0,3385.0,76400.0
2025-04-10,90750,3575.0,3575.0,3460.0,3525.0,0,0,70200.0,246526000.0,1.0,3575.0,3575.0,3460.0,3525.0,70200.0
2025-04-11,90750,3405.0,3465.0,3385.0,3460.0,0,0,69500.0,237963000.0,1.0,3405.0,3465.0,3385.0,3460.0,69500.0
2025-04-14,90750,3460.0,3505.0,3455.0,3495.0,0,0,35100.0,122480000.0,1.0,3460.0,3505.0,3455.0,3495.0,35100.0
2025-04-15,90750,3550.0,3565.0,3490.0,3495.0,0,0,59300.0,208171500.0,1.0,3550.0,3565.0,3490.0,3495.0,59300.0
2025-04-16,90750,3495.0,3540.0,3490.0,3505.0,0,0,51400.0,180602000.0,1.0,3495.0,3540.0,3490.0,3505.0,51400.0
2025-04-17,90750,3500.0,3540.0,3485.0,3495.0,0,0,22000.0,76978500.0,1.0,3500.0,3540.0,3485.0,3495.0,22000.0
2025-04-18,90750,3540.0,3585.0,3520.0,3570.0,0,0,21900.0,77893500.0,1.0,3540.0,3585.0,3520.0,3570.0,21900.0
2025-04-21,90750,3555.0,3620.0,3555.0,3595.0,0,0,30500.0,109714000.0,1.0,3555.0,3620.0,3555.0,3595.0,30500.0
2025-04-22,90750,3595.0,3635.0,3590.0,3620.0,0,0,54800.0,198216000.0,1.0,3595.0,3635.0,3590.0,3620.0,54800.0
2025-04-23,90750,3670.0,3695.0,3660.0,3670.0,0,0,59800.0,219975000.0,1.0,3670.0,3695.0,3660.0,3670.0,59800.0
2025-04-24,90750,3695.0,3705.0,3640.0,3650.0,0,0,41000.0,150275500.0,1.0,3695.0,3705.0,3640.0,3650.0,41000.0
2025-04-25,90750,3640.0,3660.0,3590.0,3600.0,0,0,37600.0,135776000.0,1.0,3640.0,3660.0,3590.0,3600.0,37600.0
2025-04-28,90750,3600.0,3600.0,3550.0,3565.0,0,0,52200.0,186289500.0,1.0,3600.0,3600.0,3550.0,3565.0,52200.0
2025-04-30,90750,3565.0,3580.0,3535.0,3535.0,0,0,49800.0,176434500.0,1.0,3565.0,3580.0,3535.0,3535.0,49800.0
2025-05-01,90750,3535.0,3575.0,3515.0,3515.0,0,0,41700.0,147262500.0,1.0,3535.0,3575.0,3515.0,3515.0,41700.0
2025-05-02,90750,3505.0,3600.0,3500.0,3585.0,0,0,51400.0,183626500.0,1.0,3505.0,3600.0,3500.0,3585.0,51400.0
2025-05-07,90750,3575.0,3630.0,3575.0,3605.0,0,0,67500.0,243292500.0,1.0,3575.0,3630.0,3575.0,3605.0,67500.0
2025-05-08,90750,3575.0,3595.0,3545.0,3560.0,0,0,38400.0,136802000.0,1.0,3575.0,3595.0,3545.0,3560.0,38400.0
2025-05-09,90750,3570.0,3630.0,3560.0,3615.0,0,0,63500.0,229202500.0,1.0,3570.0,3630.0,3560.0,3615.0,63500.0
2025-05-12,90750,3615.0,3655.0,3605.0,3635.0,0,0,30100.0,109227500.0,1.0,3615.0,3655.0,3605.0,3635.0,30100.0
2025-05-13,90750,3635.0,3705.0,3605.0,3645.0,0,0,76100.0,277354500.0,1.0,3635.0,3705.0,3605.0,3645.0,76100.0
2025-05-14,90750,3435.0,3545.0,3405.0,3410.0,0,0,214800.0,737990000.0,1.0,3435.0,3545.0,3405.0,3410.0,214800.0
2025-05-15,90750,3360.0,3375.0,3325.0,3350.0,0,0,165600.0,555222000.0,1.0,3360.0,3375.0,3325.0,3350.0,165600.0
2025-05-16,90750,3330.0,3390.0,3295.0,3375.0,0,0,87100.0,291086000.0,1.0,3330.0,3390.0,3295.0,3375.0,87100.0
2025-05-19,90750,3360.0,3400.0,3335.0,3335.0,0,0,60900.0,204693500.0,1.0,3360.0,3400.0,3335.0,3335.0,60900.0
2025-05-20,90750,3330.0,3355.0,3280.0,3305.0,0,0,77400.0,255755000.0,1.0,3330.0,3355.0,3280.0,3305.0,77400.0
2025-05-21,90750,3305.0,3325.0,3275.0,3295.0,0,0,57000.0,187879000.0,1.0,3305.0,3325.0,3275.0,3295.0,57000.0
2025-05-22,90750,3280.0,3280.0,3245.0,3255.0,0,0,54500.0,177502000.0,1.0,3280.0,3280.0,3245.0,3255.0,54500.0
2025-05-23,90750,3305.0,3350.0,3270.0,3310.0,0,0,70900.0,234946500.0,1.0,3305.0,3350.0,3270.0,3310.0,70900.0
2025-05-26,90750,3310.0,3325.0,3265.0,3270.0,0,0,44700.0,147015000.0,1.0,3310.0,3325.0,3265.0,3270.0,44700.0
2025-05-27,90750,3285.0,3295.0,3260.0,3270.0,0,0,67000.0,219721000.0,1.0,3285.0,3295.0,3260.0,3270.0,67000.0
2025-05-28,90750,3285.0,3285.0,3240.0,3260.0,0,0,93000.0,302601000.0,1.0,3285.0,3285.0,3240.0,3260.0,93000.0
2025-05-29,90750,3265.0,3295.0,3245.0,3290.0,0,0,137100.0,448023000.0,1.0,3265.0,3295.0,3245.0,3290.0,137100.0
2025-05-30,90750,3270.0,3295.0,3250.0,3265.0,0,0,154600.0,505442000.0,1.0,3270.0,3295.0,3250.0,3265.0,154600.0
2025-06-02,90750,3250.0,3250.0,3190.0,3200.0,0,0,179900.0,578399000.0,1.0,3250.0,3250.0,3190.0,3200.0,179900.0
2025-06-03,90750,3215.0,3225.0,3185.0,3220.0,0,0,103300.0,331275500.0,1.0,3215.0,3225.0,3185.0,3220.0,103300.0
2025-06-04,90750,3220.0,3280.0,3215.0,3255.0,0,0,76500.0,249135500.0,1.0,3220.0,3280.0,3215.0,3255.0,76500.0
2025-06-05,90750,3250.0,3460.0,3250.0,3445.0,0,0,375100.0,1278844000.0,1.0,3250.0,3460.0,3250.0,3445.0,375100.0
2025-06-06,90750,3440.0,3460.0,3380.0,3405.0,0,0,105400.0,360379000.0,1.0,3440.0,3460.0,3380.0,3405.0,105400.0
2025-06-09,90750,3425.0,3435.0,3345.0,3350.0,0,0,64600.0,217376000.0,1.0,3425.0,3435.0,3345.0,3350.0,64600.0
2025-06-10,90750,3330.0,3360.0,3290.0,3295.0,0,0,95700.0,316348000.0,1.0,3330.0,3360.0,3290.0,3295.0,95700.0
2025-06-11,90750,3320.0,3330.0,3290.0,3305.0,0,0,46900.0,155242500.0,1.0,3320.0,3330.0,3290.0,3305.0,46900.0
2025-06-12,90750,3295.0,3325.0,3285.0,3295.0,0,0,62500.0,206326000.0,1.0,3295.0,3325.0,3285.0,3295.0,62500.0
2025-06-13,90750,3285.0,3290.0,3260.0,3280.0,0,0,77700.0,254833500.0,1.0,3285.0,3290.0,3260.0,3280.0,77700.0
2025-06-16,90750,3305.0,3315.0,3260.0,3265.0,0,0,87500.0,287176000.0,1.0,3305.0,3315.0,3260.0,3265.0,87500.0
2025-06-17,90750,3255.0,3315.0,3255.0,3300.0,0,0,121900.0,402067500.0,1.0,3255.0,3315.0,3255.0,3300.0,121900.0
2025-06-18,90750,3290.0,3330.0,3255.0,3315.0,0,0,100300.0,330711500.0,1.0,3290.0,3330.0,3255.0,3315.0,100300.0
2025-06-19,90750,3305.0,3315.0,3270.0,3305.0,0,0,74100.0,244059500.0,1.0,3305.0,3315.0,3270.0,3305.0,74100.0
2025-06-20,90750,3305.0,3345.0,3290.0,3320.0,0,0,354900.0,1176057000.0,1.0,3305.0,3345.0,3290.0,3320.0,354900.0
2025-06-23,90750,3310.0,3330.0,3295.0,3310.0,0,0,79900.0,264510500.0,1.0,3310.0,3330.0,3295.0,3310.0,79900.0
2025-06-24,90750,3345.0,3370.0,3315.0,3350.0,0,0,76100.0,255004500.0,1.0,3345.0,3370.0,3315.0,3350.0,76100.0
2025-06-25,90750,3320.0,3355.0,3300.0,3300.0,0,0,46500.0,154229500.0,1.0,3320.0,3355.0,3300.0,3300.0,46500.0
2025-06-26,90750,3300.0,3320.0,3290.0,3320.0,0,0,58500.0,193701000.0,1.0,3300.0,3320.0,3290.0,3320.0,58500.0
2025-06-27,90750,3330.0,3340.0,3310.0,3340.0,0,0,77300.0,257424500.0,1.0,3330.0,3340.0,3310.0,3340.0,77300.0
2025-06-30,90750,3355.0,3400.0,3345.0,3370.0,0,0,146800.0,494761500.0,1.0,3355.0,3400.0,3345.0,3370.0,146800.0
2025-07-01,90750,3370.0,3380.0,3355.0,3355.0,0,0,115000.0,386730000.0,1.0,3370.0,3380.0,3355.0,3355.0,115000.0
2025-07-02,90750,3355.0,3405.0,3355.0,3390.0,0,0,62500.0,211920500.0,1.0,3355.0,3405.0,3355.0,3390.0,62500.0
2025-07-03,90750,3380.0,3415.0,3380.0,3400.0,0,0,45500.0,154669500.0,1.0,3380.0,3415.0,3380.0,3400.0,45500.0
2025-07-04,90750,3400.0,3425.0,3395.0,3410.0,0,0,53600.0,182766500.0,1.0,3400.0,3425.0,3395.0,3410.0,53600.0
2025-07-07,90750,3410.0,3460.0,3405.0,3445.0,0,0,52200.0,179449500.0,1.0,3410.0,3460.0,3405.0,3445.0,52200.0
2025-07-08,90750,3445.0,3455.0,3425.0,3455.0,0,0,55700.0,191818500.0,1.0,3445.0,3455.0,3425.0,3455.0,55700.0
2025-07-09,90750,3455.0,3535.0,3455.0,3485.0,0,0,60500.0,211642500.0,1.0,3455.0,3535.0,3455.0,3485.0,60500.0
2025-07-10,90750,3485.0,3485.0,3450.0,3475.0,0,0,76400.0,264926000.0,1.0,3485.0,3485.0,3450.0,3475.0,76400.0
2025-07-11,90750,3480.0,3515.0,3480.0,3500.0,0,0,38700.0,135476500.0,1.0,3480.0,3515.0,3480.0,3500.0,38700.0
2025-07-14,90750,3500.0,3520.0,3475.0,3480.0,0,0,45900.0,160240000.0,1.0,3500.0,3520.0,3475.0,3480.0,45900.0
2025-07-15,90750,3480.0,3500.0,3455.0,3465.0,0,0,62200.0,216183000.0,1.0,3480.0,3500.0,3455.0,3465.0,62200.0
2025-07-16,90750,3480.0,3490.0,3460.0,3490.0,0,0,28900.0,100562000.0,1.0,3480.0,3490.0,3460.0,3490.0,28900.0
2025-07-17,90750,3470.0,3515.0,3455.0,3510.0,0,0,33200.0,115986000.0,1.0,3470.0,3515.0,3455.0,3510.0,33200.0
2025-07-18,90750,3520.0,3530.0,3485.0,3510.0,0,0,43400.0,152129500.0,1.0,3520.0,3530.0,3485.0,3510.0,43400.0
2025-07-22,90750,3485.0,3505.0,3470.0,3480.0,0,0,38600.0,134497000.0,1.0,3485.0,3505.0,3470.0,3480.0,38600.0
2025-07-23,90750,3490.0,3520.0,3470.0,3485.0,0,0,81700.0,284851500.0,1.0,3490.0,3520.0,3470.0,3485.0,81700.0
2025-07-24,90750,3490.0,3510.0,3470.0,3505.0,0,0,47700.0,166927500.0,1.0,3490.0,3510.0,3470.0,3505.0,47700.0
2025-07-25,90750,3525.0,3540.0,3505.0,3530.0,0,0,73800.0,260295000.0,1.0,3525.0,3540.0,3505.0,3530.0,73800.0
2025-07-28,90750,3540.0,3565.0,3505.0,3525.0,0,0,94800.0,334240000.0,1.0,3540.0,3565.0,3505.0,3525.0,94800.0
2025-07-29,90750,3500.0,3525.0,3485.0,3510.0,0,0,36700.0,128799000.0,1.0,3500.0,3525.0,3485.0,3510.0,36700.0
2025-07-30,90750,3515.0,3525.0,3490.0,3515.0,0,0,41900.0,147132000.0,1.0,3515.0,3525.0,3490.0,3515.0,41900.0
2025-07-31,90750,3555.0,3620.0,3545.0,3595.0,0,0,125600.0,449945000.0,1.0,3555.0,3620.0,3545.0,3595.0,125600.0
2025-08-01,90750,3595.0,3680.0,3575.0,3655.0,0,0,83000.0,302271500.0,1.0,3595.0,3680.0,3575.0,3655.0,83000.0
2025-08-04,90750,3615.0,3650.0,3590.0,3650.0,0,0,57800.0,209856000.0,1.0,3615.0,3650.0,3590.0,3650.0,57800.0
2025-08-05,90750,3650.0,3675.0,3635.0,3635.0,0,0,45600.0,166505000.0,1.0,3650.0,3675.0,3635.0,3635.0,45600.0
2025-08-06,90750,3635.0,3695.0,3635.0,3670.0,0,0,27800.0,102120500.0,1.0,3635.0,3695.0,3635.0,3670.0,27800.0
2025-08-07,90750,3640.0,3705.0,3640.0,3695.0,0,0,43400.0,160147000.0,1.0,3640.0,3705.0,3640.0,3695.0,43400.0
2025-08-08,90750,3670.0,3695.0,3645.0,3660.0,0,0,55300.0,202854500.0,1.0,3670.0,3695.0,3645.0,3660.0,55300.0
2025-08-12,90750,3655.0,3660.0,3470.0,3530.0,0,0,124000.0,437256500.0,1.0,3655.0,3660.0,3470.0,3530.0,124000.0
2025-08-13,90750,3535.0,3585.0,3510.0,3555.0,0,0,75100.0,266810500.0,1.0,3535.0,3585.0,3510.0,3555.0,75100.0
2025-08-14,90750,3555.0,3565.0,3515.0,3535.0,0,0,63800.0,225597000.0,1.0,3555.0,3565.0,3515.0,3535.0,63800.0
2025-08-15,90750,3535.0,3535.0,3465.0,3480.0,0,0,72900.0,255059500.0,1.0,3535.0,3535.0,3465.0,3480.0,72900.0
2025-08-18,90750,3485.0,3520.0,3460.0,3475.0,0,0,60800.0,212045500.0,1.0,3485.0,3520.0,3460.0,3475.0,60800.0
2025-08-19,90750,3475.0,3485.0,3435.0,3450.0,0,0,82700.0,285546000.0,1.0,3475.0,3485.0,3435.0,3450.0,82700.0
2025-08-20,90750,3450.0,3490.0,3435.0,3485.0,0,0,108800.0,376404500.0,1.0,3450.0,3490.0,3435.0,3485.0,108800.0
2025-08-21,90750,3485.0,3515.0,3445.0,3515.0,0,0,48900.0,170620000.0,1.0,3485.0,3515.0,3445.0,3515.0,48900.0
2025-08-22,90750,3510.0,3550.0,3500.0,3510.0,0,0,39400.0,138478500.0,1.0,3510.0,3550.0,3500.0,3510.0,39400.0
2025-08-25,90750,3510.0,3510.0,3445.0,3445.0,0,0,48300.0,167320500.0,1.0,3510.0,3510.0,3445.0,3445.0,48300.0
2025-08-26,90750,3445.0,3490.0,3445.0,3470.0,0,0,57700.0,200150000.0,1.0,3445.0,3490.0,3445.0,3470.0,57700.0
2025-08-27,90750,3480.0,3550.0,3480.0,3550.0,0,0,88600.0,313539500.0,1.0,3480.0,3550.0,3480.0,3550.0,88600.0
2025-08-28,90750,3520.0,3550.0,3495.0,3535.0,0,0,60900.0,214516000.0,1.0,3520.0,3550.0,3495.0,3535.0,60900.0
2025-08-29,90750,3515.0,3535.0,3500.0,3510.0,0,0,44500.0,156386000.0,1.0,3515.0,3535.0,3500.0,3510.0,44500.0
2025-09-01,90750,3510.0,3600.0,3510.0,3590.0,0,0,69800.0,249817500.0,1.0,3510.0,3600.0,3510.0,3590.0,69800.0
2025-09-02,90750,3590.0,3650.0,3590.0,3630.0,0,0,57200.0,207569000.0,1.0,3590.0,3650.0,3590.0,3630.0,57200.0
2025-09-03,90750,3615.0,3690.0,3615.0,3655.0,0,0,84400.0,309225500.0,1.0,3615.0,3690.0,3615.0,3655.0,84400.0
2025-09-04,90750,3630.0,3700.0,3615.0,3680.0,0,0,39900.0,146716500.0,1.0,3630.0,3700.0,3615.0,3680.0,39900.0
2025-09-05,90750,3690.0,3720.0,3670.0,3695.0,0,0,81000.0,299617500.0,1.0,3690.0,3720.0,3670.0,3695.0,81000.0
2025-09-08,90750,3675.0,3760.0,3670.0,3745.0,0,0,51100.0,190453000.0,1.0,3675.0,3760.0,3670.0,3745.0,51100.0
2025-09-09,90750,3725.0,3790.0,3715.0,3725.0,0,0,67200.0,251545000.0,1.0,3725.0,3790.0,3715.0,3725.0,67200.0
2025-09-10,90750,3730.0,3745.0,3700.0,3720.0,0,0,55400.0,206604000.0,1.0,3730.0,3745.0,3700.0,3720.0,55400.0
2025-09-11,90750,3720.0,3755.0,3715.0,3725.0,0,0,54000.0,201488000.0,1.0,3720.0,3755.0,3715.0,3725.0,54000.0
2025-09-12,90750,3725.0,3745.0,3720.0,3735.0,0,0,54500.0,203312500.0,1.0,3725.0,3745.0,3720.0,3735.0,54500.0
2025-09-16,90750,3735.0,3765.0,3735.0,3750.0,0,0,59900.0,224485000.0,1.0,3735.0,3765.0,3735.0,3750.0,59900.0
2025-09-17,90750,3750.0,3775.0,3740.0,3760.0,0,0,51300.0,192916500.0,1.0,3750.0,3775.0,3740.0,3760.0,51300.0
2025-09-18,90750,3775.0,3785.0,3745.0,3755.0,0,0,72300.0,271896500.0,1.0,3775.0,3785.0,3745.0,3755.0,72300.0
2025-09-19,90750,3760.0,3800.0,3735.0,3740.0,0,0,194800.0,730752000.0,1.0,3760.0,3800.0,3735.0,3740.0,194800.0
2025-09-22,90750,3740.0,3765.0,3735.0,3740.0,0,0,50800.0,190287500.0,1.0,3740.0,3765.0,3735.0,3740.0,50800.0
2025-09-24,90750,3740.0,3770.0,3740.0,3740.0,0,0,48400.0,181354500.0,1.0,3740.0,3770.0,3740.0,3740.0,48400.0
2025-09-25,90750,3740.0,3760.0,3725.0,3735.0,0,0,63700.0,238211000.0,1.0,3740.0,3760.0,3725.0,3735.0,63700.0
2025-09-26,90750,3735.0,3785.0,3730.0,3780.0,0,0,72200.0,272392000.0,1.0,3735.0,3785.0,3730.0,3780.0,72200.0
2025-09-29,90750,3730.0,3750.0,3700.0,3710.0,0,0,60900.0,226517500.0,1.0,3730.0,3750.0,3700.0,3710.0,60900.0
2025-09-30,90750,3720.0,3720.0,3680.0,3680.0,0,0,64500.0,238324000.0,1.0,3720.0,3720.0,3680.0,3680.0,64500.0
2025-10-01,90750,3685.0,3705.0,3605.0,3620.0,0,0,77900.0,283517500.0,1.0,3685.0,3705.0,3605.0,3620.0,77900.0
2025-10-02,90750,3620.0,3665.0,3620.0,3640.0,0,0,67800.0,247028000.0,1.0,3620.0,3665.0,3620.0,3640.0,67800.0
2025-10-03,90750,3640.0,3680.0,3640.0,3640.0,0,0,63600.0,231986500.0,1.0,3640.0,3680.0,3640.0,3640.0,63600.0
2025-10-06,90750,3710.0,3830.0,3685.0,3765.0,0,0,145200.0,546561000.0,1.0,3710.0,3830.0,3685.0,3765.0,145200.0
2025-10-07,90750,3750.0,3870.0,3750.0,3835.0,0,0,142300.0,543056500.0,1.0,3750.0,3870.0,3750.0,3835.0,142300.0
2025-10-08,90750,3835.0,3860.0,3760.0,3765.0,0,0,97800.0,371247000.0,1.0,3835.0,3860.0,3760.0,3765.0,97800.0
2025-10-09,90750,3780.0,3845.0,3775.0,3825.0,0,0,94000.0,358531500.0,1.0,3780.0,3845.0,3775.0,3825.0,94000.0
2025-10-10,90750,3785.0,3835.0,3760.0,3800.0,0,0,71000.0,270034000.0,1.0,3785.0,3835.0,3760.0,3800.0,71000.0
2025-10-14,90750,3730.0,3780.0,3710.0,3750.0,0,0,138300.0,518472000.0,1.0,3730.0,3780.0,3710.0,3750.0,138300.0
2025-10-15,90750,3815.0,3880.0,3810.0,3855.0,0,0,87900.0,338563000.0,1.0,3815.0,3880.0,3810.0,3855.0,87900.0
2025-10-16,90750,3870.0,3900.0,3860.0,3880.0,0,0,83300.0,323526500.0,1.0,3870.0,3900.0,3860.0,3880.0,83300.0
2025-10-17,90750,3880.0,3935.0,3880.0,3895.0,0,0,58600.0,228823000.0,1.0,3880.0,3935.0,3880.0,3895.0,58600.0
2025-10-20,90750,3925.0,3940.0,3845.0,3855.0,0,0,87400.0,338613000.0,1.0,3925.0,3940.0,3845.0,3855.0,87400.0
2025-10-21,90750,3860.0,3885.0,3835.0,3835.0,0,0,57100.0,219988500.0,1.0,3860.0,3885.0,3835.0,3835.0,57100.0
2025-10-22,90750,3860.0,3905.0,3850.0,3860.0,0,0,69600.0,269162000.0,1.0,3860.0,3905.0,3850.0,3860.0,69600.0
2025-10-23,90750,3865.0,3950.0,3865.0,3915.0,0,0,63200.0,247570000.0,1.0,3865.0,3950.0,3865.0,3915.0,63200.0
2025-10-24,90750,3900.0,3930.0,3880.0,3885.0,0,0,60400.0,235683500.0,1.0,3900.0,3930.0,3880.0,3885.0,60400.0
2025-10-27,90750,3905.0,3975.0,3905.0,3940.0,0,0,80000.0,315276000.0,1.0,3905.0,3975.0,3905.0,3940.0,80000.0
2025-10-28,90750,3940.0,3940.0,3830.0,3845.0,0,0,86500.0,335199500.0,1.0,3940.0,3940.0,3830.0,3845.0,86500.0
2025-10-29,90750,3845.0,3855.0,3780.0,3780.0,0,0,59500.0,226460500.0,1.0,3845.0,3855.0,3780.0,3780.0,59500.0
