Date,Code,Open,High,Low,Close,UpperLimit,LowerLimit,Volume,TurnoverValue,AdjustmentFactor,AdjustmentOpen,AdjustmentHigh,AdjustmentLow,AdjustmentClose,AdjustmentVolume
2020-10-29,99780,103.0,107.0,99.0,104.0,0,0,744100.0,75696500.0,1.0,103.0,107.0,99.0,104.0,744100.0
2020-10-30,99780,103.0,105.0,99.0,100.0,0,0,366200.0,37109900.0,1.0,103.0,105.0,99.0,100.0,366200.0
2020-11-02,99780,99.0,102.0,98.0,101.0,0,0,377300.0,37580100.0,1.0,99.0,102.0,98.0,101.0,377300.0
2020-11-04,99780,101.0,106.0,100.0,104.0,0,0,462300.0,47773900.0,1.0,101.0,106.0,100.0,104.0,462300.0
2020-11-05,99780,105.0,105.0,100.0,101.0,0,0,484200.0,49571700.0,1.0,105.0,105.0,100.0,101.0,484200.0
2020-11-06,99780,102.0,102.0,98.0,98.0,0,0,709100.0,70465100.0,1.0,102.0,102.0,98.0,98.0,709100.0
2020-11-09,99780,99.0,100.0,96.0,98.0,0,0,643600.0,62959700.0,1.0,99.0,100.0,96.0,98.0,643600.0
2020-11-10,99780,99.0,101.0,97.0,99.0,0,0,387700.0,38432800.0,1.0,99.0,101.0,97.0,99.0,387700.0
2020-11-11,99780,101.0,104.0,99.0,100.0,0,0,490100.0,49462900.0,1.0,101.0,104.0,99.0,100.0,490100.0
2020-11-12,99780,103.0,104.0,101.0,104.0,0,0,355400.0,36418800.0,1.0,103.0,104.0,101.0,104.0,355400.0
2020-11-13,99780,104.0,113.0,102.0,112.0,0,0,744900.0,80440500.0,1.0,104.0,113.0,102.0,112.0,744900.0
2020-11-16,99780,115.0,115.0,106.0,110.0,0,0,883100.0,96842600.0,1.0,115.0,115.0,106.0,110.0,883100.0
2020-11-17,99780,109.0,109.0,105.0,107.0,0,0,353300.0,37703800.0,1.0,109.0,109.0,105.0,107.0,353300.0
2020-11-18,99780,107.0,107.0,103.0,104.0,0,0,299600.0,31336200.0,1.0,107.0,107.0,103.0,104.0,299600.0
2020-11-19,99780,103.0,107.0,102.0,106.0,0,0,265200.0,27565000.0,1.0,103.0,107.0,102.0,106.0,265200.0
2020-11-20,99780,108.0,113.0,106.0,113.0,0,0,674100.0,74613600.0,1.0,108.0,113.0,106.0,113.0,674100.0
2020-11-24,99780,115.0,117.0,111.0,115.0,0,0,876800.0,99526300.0,1.0,115.0,117.0,111.0,115.0,876800.0
2020-11-25,99780,115.0,117.0,113.0,117.0,0,0,790900.0,91065900.0,1.0,115.0,117.0,113.0,117.0,790900.0
2020-11-26,99780,116.0,124.0,106.0,108.0,0,0,2479900.0,279863800.0,1.0,116.0,124.0,106.0,108.0,2479900.0
2020-11-27,99780,109.0,111.0,107.0,108.0,0,0,581700.0,63360000.0,1.0,109.0,111.0,107.0,108.0,581700.0
2020-11-30,99780,110.0,111.0,107.0,107.0,0,0,254600.0,27720700.0,1.0,110.0,111.0,107.0,107.0,254600.0
2020-12-01,99780,108.0,108.0,102.0,103.0,0,0,691100.0,71717700.0,1.0,108.0,108.0,102.0,103.0,691100.0
2020-12-02,99780,103.0,103.0,101.0,102.0,0,0,290500.0,29642900.0,1.0,103.0,103.0,101.0,102.0,290500.0
2020-12-03,99780,102.0,102.0,99.0,101.0,0,0,762600.0,76543200.0,1.0,102.0,102.0,99.0,101.0,762600.0
2020-12-04,99780,101.0,102.0,99.0,99.0,0,0,642500.0,64200100.0,1.0,101.0,102.0,99.0,99.0,642500.0
2020-12-07,99780,99.0,99.0,92.0,95.0,0,0,1866800.0,178944500.0,1.0,99.0,99.0,92.0,95.0,1866800.0
2020-12-08,99780,94.0,98.0,93.0,98.0,0,0,620400.0,59007100.0,1.0,94.0,98.0,93.0,98.0,620400.0
2020-12-09,99780,98.0,98.0,94.0,94.0,0,0,353100.0,33564900.0,1.0,98.0,98.0,94.0,94.0,353100.0
2020-12-10,99780,95.0,95.0,92.0,93.0,0,0,589800.0,55225000.0,1.0,95.0,95.0,92.0,93.0,589800.0
2020-12-11,99780,93.0,94.0,92.0,92.0,0,0,331200.0,30711500.0,1.0,93.0,94.0,92.0,92.0,331200.0
2020-12-14,99780,92.0,93.0,91.0,91.0,0,0,640400.0,58717500.0,1.0,92.0,93.0,91.0,91.0,640400.0
2020-12-15,99780,91.0,92.0,90.0,90.0,0,0,518100.0,47056800.0,1.0,91.0,92.0,90.0,90.0,518100.0
2020-12-16,99780,91.0,93.0,90.0,93.0,0,0,544400.0,49729800.0,1.0,91.0,93.0,90.0,93.0,544400.0
2020-12-17,99780,95.0,96.0,91.0,91.0,0,0,396200.0,36908600.0,1.0,95.0,96.0,91.0,91.0,396200.0
2020-12-18,99780,91.0,92.0,90.0,91.0,0,0,265600.0,24155600.0,1.0,91.0,92.0,90.0,91.0,265600.0
2020-12-21,99780,91.0,91.0,89.0,89.0,0,0,394300.0,35547500.0,1.0,91.0,91.0,89.0,89.0,394300.0
2020-12-22,99780,89.0,90.0,85.0,85.0,0,0,1044800.0,91412300.0,1.0,89.0,90.0,85.0,85.0,1044800.0
2020-12-23,99780,85.0,87.0,84.0,87.0,0,0,610300.0,52094600.0,1.0,85.0,87.0,84.0,87.0,610300.0
2020-12-24,99780,86.0,88.0,86.0,86.0,0,0,314400.0,27332200.0,1.0,86.0,88.0,86.0,86.0,314400.0
2020-12-25,99780,86.0,92.0,86.0,88.0,0,0,541900.0,47946500.0,1.0,86.0,92.0,86.0,88.0,541900.0
2020-12-28,99780,89.0,92.0,88.0,89.0,0,0,532100.0,47769200.0,1.0,89.0,92.0,88.0,89.0,532100.0
2020-12-29,99780,90.0,91.0,88.0,89.0,0,0,251200.0,22413600.0,1.0,90.0,91.0,88.0,89.0,251200.0
2020-12-30,99780,90.0,92.0,89.0,91.0,0,0,289500.0,26320900.0,1.0,90.0,92.0,89.0,91.0,289500.0
2021-01-04,99780,92.0,92.0,89.0,90.0,0,0,206400.0,18627900.0,1.0,92.0,92.0,89.0,90.0,206400.0
2021-01-05,99780,91.0,92.0,88.0,88.0,0,0,274000.0,24549100.0,1.0,91.0,92.0,88.0,88.0,274000.0
2021-01-06,99780,89.0,91.0,89.0,90.0,0,0,103400.0,9275700.0,1.0,89.0,91.0,89.0,90.0,103400.0
2021-01-07,99780,91.0,94.0,90.0,94.0,0,0,670300.0,61950600.0,1.0,91.0,94.0,90.0,94.0,670300.0
2021-01-08,99780,94.0,98.0,93.0,97.0,0,0,874400.0,83838300.0,1.0,94.0,98.0,93.0,97.0,874400.0
2021-01-12,99780,99.0,99.0,96.0,98.0,0,0,579900.0,56416500.0,1.0,99.0,99.0,96.0,98.0,579900.0
2021-01-13,99780,99.0,101.0,97.0,98.0,0,0,788000.0,78016500.0,1.0,99.0,101.0,97.0,98.0,788000.0
2021-01-14,99780,92.0,93.0,89.0,91.0,0,0,1636200.0,149273500.0,1.0,92.0,93.0,89.0,91.0,1636200.0
2021-01-15,99780,91.0,91.0,85.0,87.0,0,0,1406800.0,123282200.0,1.0,91.0,91.0,85.0,87.0,1406800.0
2021-01-18,99780,87.0,91.0,87.0,90.0,0,0,555600.0,49092700.0,1.0,87.0,91.0,87.0,90.0,555600.0
2021-01-19,99780,90.0,90.0,88.0,88.0,0,0,485700.0,43208200.0,1.0,90.0,90.0,88.0,88.0,485700.0
2021-01-20,99780,88.0,91.0,88.0,91.0,0,0,439200.0,39405300.0,1.0,88.0,91.0,88.0,91.0,439200.0
2021-01-21,99780,89.0,89.0,86.0,87.0,0,0,1207600.0,105359600.0,1.0,89.0,89.0,86.0,87.0,1207600.0
2021-01-22,99780,88.0,88.0,86.0,86.0,0,0,275200.0,23979900.0,1.0,88.0,88.0,86.0,86.0,275200.0
2021-01-25,99780,86.0,87.0,86.0,86.0,0,0,159700.0,13777900.0,1.0,86.0,87.0,86.0,86.0,159700.0
2021-01-26,99780,87.0,87.0,85.0,86.0,0,0,365400.0,31430900.0,1.0,87.0,87.0,85.0,86.0,365400.0
2021-01-27,99780,87.0,87.0,86.0,87.0,0,0,57700.0,4993200.0,1.0,87.0,87.0,86.0,87.0,57700.0
2021-01-28,99780,86.0,87.0,85.0,86.0,0,0,179200.0,15385300.0,1.0,86.0,87.0,85.0,86.0,179200.0
2021-01-29,99780,86.0,87.0,84.0,84.0,0,0,744100.0,63159900.0,1.0,86.0,87.0,84.0,84.0,744100.0
2021-02-01,99780,85.0,86.0,84.0,84.0,0,0,200400.0,16995100.0,1.0,85.0,86.0,84.0,84.0,200400.0
2021-02-02,99780,85.0,86.0,84.0,86.0,0,0,258800.0,22078800.0,1.0,85.0,86.0,84.0,86.0,258800.0
2021-02-03,99780,86.0,87.0,85.0,87.0,0,0,450900.0,38779700.0,1.0,86.0,87.0,85.0,87.0,450900.0
2021-02-04,99780,86.0,87.0,85.0,85.0,0,0,332100.0,28520100.0,1.0,86.0,87.0,85.0,85.0,332100.0
2021-02-05,99780,86.0,87.0,85.0,86.0,0,0,331400.0,28542000.0,1.0,86.0,87.0,85.0,86.0,331400.0
2021-02-08,99780,88.0,93.0,87.0,90.0,0,0,2426300.0,215874000.0,1.0,88.0,93.0,87.0,90.0,2426300.0
2021-02-09,99780,93.0,93.0,90.0,90.0,0,0,478400.0,43688800.0,1.0,93.0,93.0,90.0,90.0,478400.0
2021-02-10,99780,92.0,93.0,91.0,92.0,0,0,450200.0,41299000.0,1.0,92.0,93.0,91.0,92.0,450200.0
2021-02-12,99780,93.0,94.0,92.0,92.0,0,0,279300.0,25904700.0,1.0,93.0,94.0,92.0,92.0,279300.0
2021-02-15,99780,92.0,92.0,88.0,88.0,0,0,1100400.0,99128300.0,1.0,92.0,92.0,88.0,88.0,1100400.0
2021-02-16,99780,88.0,89.0,88.0,88.0,0,0,292600.0,25775700.0,1.0,88.0,89.0,88.0,88.0,292600.0
2021-02-17,99780,88.0,90.0,87.0,89.0,0,0,291000.0,25719600.0,1.0,88.0,90.0,87.0,89.0,291000.0
2021-02-18,99780,89.0,90.0,88.0,89.0,0,0,414900.0,36813700.0,1.0,89.0,90.0,88.0,89.0,414900.0
2021-02-19,99780,89.0,89.0,88.0,88.0,0,0,133700.0,11792700.0,1.0,89.0,89.0,88.0,88.0,133700.0
2021-02-22,99780,88.0,89.0,88.0,88.0,0,0,325700.0,28788200.0,1.0,88.0,89.0,88.0,88.0,325700.0
2021-02-24,99780,88.0,88.0,87.0,87.0,0,0,472400.0,41420600.0,1.0,88.0,88.0,87.0,87.0,472400.0
2021-02-25,99780,87.0,88.0,85.0,85.0,0,0,552100.0,47821800.0,1.0,87.0,88.0,85.0,85.0,552100.0
2021-02-26,99780,85.0,88.0,85.0,86.0,0,0,461000.0,39839500.0,1.0,85.0,88.0,85.0,86.0,461000.0
2021-03-01,99780,86.0,88.0,85.0,86.0,0,0,492300.0,42376200.0,1.0,86.0,88.0,85.0,86.0,492300.0
2021-03-02,99780,87.0,87.0,84.0,85.0,0,0,506600.0,43192100.0,1.0,87.0,87.0,84.0,85.0,506600.0
2021-03-03,99780,86.0,87.0,85.0,87.0,0,0,201200.0,17305000.0,1.0,86.0,87.0,85.0,87.0,201200.0
2021-03-04,99780,86.0,86.0,85.0,85.0,0,0,169400.0,14485500.0,1.0,86.0,86.0,85.0,85.0,169400.0
2021-03-05,99780,85.0,85.0,83.0,83.0,0,0,1053200.0,88754900.0,1.0,85.0,85.0,83.0,83.0,1053200.0
2021-03-08,99780,84.0,85.0,83.0,83.0,0,0,445800.0,37424400.0,1.0,84.0,85.0,83.0,83.0,445800.0
2021-03-09,99780,84.0,85.0,83.0,84.0,0,0,477600.0,39819500.0,1.0,84.0,85.0,83.0,84.0,477600.0
2021-03-10,99780,84.0,86.0,83.0,85.0,0,0,269000.0,22833500.0,1.0,84.0,86.0,83.0,85.0,269000.0
2021-03-11,99780,84.0,86.0,84.0,85.0,0,0,468200.0,39591900.0,1.0,84.0,86.0,84.0,85.0,468200.0
2021-03-12,99780,85.0,86.0,84.0,85.0,0,0,364200.0,30931800.0,1.0,85.0,86.0,84.0,85.0,364200.0
2021-03-15,99780,86.0,86.0,85.0,85.0,0,0,363800.0,31142100.0,1.0,86.0,86.0,85.0,85.0,363800.0
2021-03-16,99780,85.0,86.0,84.0,85.0,0,0,349800.0,29719300.0,1.0,85.0,86.0,84.0,85.0,349800.0
2021-03-17,99780,85.0,85.0,84.0,84.0,0,0,138100.0,11685900.0,1.0,85.0,85.0,84.0,84.0,138100.0
2021-03-18,99780,85.0,86.0,84.0,84.0,0,0,228200.0,19353600.0,1.0,85.0,86.0,84.0,84.0,228200.0
2021-03-19,99780,85.0,91.0,84.0,89.0,0,0,1464600.0,129546600.0,1.0,85.0,91.0,84.0,89.0,1464600.0
2021-03-22,99780,88.0,89.0,86.0,89.0,0,0,897400.0,78429000.0,1.0,88.0,89.0,86.0,89.0,897400.0
2021-03-23,99780,89.0,89.0,87.0,87.0,0,0,428100.0,37592200.0,1.0,89.0,89.0,87.0,87.0,428100.0
2021-03-24,99780,87.0,87.0,85.0,85.0,0,0,796400.0,68248300.0,1.0,87.0,87.0,85.0,85.0,796400.0
2021-03-25,99780,86.0,87.0,85.0,86.0,0,0,169800.0,14561600.0,1.0,86.0,87.0,85.0,86.0,169800.0
2021-03-26,99780,86.0,86.0,85.0,86.0,0,0,240600.0,20652600.0,1.0,86.0,86.0,85.0,86.0,240600.0
2021-03-29,99780,86.0,87.0,86.0,86.0,0,0,133000.0,11498500.0,1.0,86.0,87.0,86.0,86.0,133000.0
2021-03-30,99780,87.0,88.0,86.0,87.0,0,0,327300.0,28411300.0,1.0,87.0,88.0,86.0,87.0,327300.0
2021-03-31,99780,87.0,88.0,86.0,88.0,0,0,210300.0,18283600.0,1.0,87.0,88.0,86.0,88.0,210300.0
2021-04-01,99780,88.0,88.0,86.0,87.0,0,0,200800.0,17433800.0,1.0,88.0,88.0,86.0,87.0,200800.0
2021-04-02,99780,87.0,87.0,84.0,85.0,0,0,1040500.0,88630700.0,1.0,87.0,87.0,84.0,85.0,1040500.0
2021-04-05,99780,85.0,86.0,84.0,86.0,0,0,236900.0,20131000.0,1.0,85.0,86.0,84.0,86.0,236900.0
2021-04-06,99780,86.0,86.0,84.0,84.0,0,0,309700.0,26413400.0,1.0,86.0,86.0,84.0,84.0,309700.0
2021-04-07,99780,84.0,86.0,84.0,86.0,0,0,235700.0,20014100.0,1.0,84.0,86.0,84.0,86.0,235700.0
2021-04-08,99780,86.0,86.0,85.0,85.0,0,0,236800.0,20272000.0,1.0,86.0,86.0,85.0,85.0,236800.0
2021-04-09,99780,86.0,86.0,85.0,86.0,0,0,230600.0,19769400.0,1.0,86.0,86.0,85.0,86.0,230600.0
2021-04-12,99780,86.0,87.0,85.0,86.0,0,0,670800.0,57619900.0,1.0,86.0,87.0,85.0,86.0,670800.0
2021-04-13,99780,91.0,92.0,86.0,88.0,0,0,3734400.0,329804800.0,1.0,91.0,92.0,86.0,88.0,3734400.0
2021-04-14,99780,88.0,88.0,85.0,85.0,0,0,868700.0,74612400.0,1.0,88.0,88.0,85.0,85.0,868700.0
2021-04-15,99780,84.0,85.0,82.0,83.0,0,0,1796700.0,149271000.0,1.0,84.0,85.0,82.0,83.0,1796700.0
2021-04-16,99780,84.0,84.0,82.0,83.0,0,0,278900.0,23081700.0,1.0,84.0,84.0,82.0,83.0,278900.0
2021-04-19,99780,83.0,84.0,82.0,83.0,0,0,185100.0,15337700.0,1.0,83.0,84.0,82.0,83.0,185100.0
2021-04-20,99780,82.0,83.0,81.0,81.0,0,0,419100.0,34334300.0,1.0,82.0,83.0,81.0,81.0,419100.0
2021-04-21,99780,81.0,82.0,79.0,79.0,0,0,944300.0,75447400.0,1.0,81.0,82.0,79.0,79.0,944300.0
2021-04-22,99780,79.0,80.0,77.0,77.0,0,0,881900.0,69148600.0,1.0,79.0,80.0,77.0,77.0,881900.0
2021-04-23,99780,77.0,77.0,74.0,75.0,0,0,1324200.0,99866400.0,1.0,77.0,77.0,74.0,75.0,1324200.0
2021-04-26,99780,76.0,77.0,75.0,76.0,0,0,364700.0,27639700.0,1.0,76.0,77.0,75.0,76.0,364700.0
2021-04-27,99780,76.0,78.0,76.0,78.0,0,0,309600.0,23744700.0,1.0,76.0,78.0,76.0,78.0,309600.0
2021-04-28,99780,79.0,79.0,77.0,77.0,0,0,307200.0,24060500.0,1.0,79.0,79.0,77.0,77.0,307200.0
2021-04-30,99780,78.0,79.0,77.0,79.0,0,0,326900.0,25472200.0,1.0,78.0,79.0,77.0,79.0,326900.0
2021-05-06,99780,78.0,79.0,78.0,79.0,0,0,73100.0,5752900.0,1.0,78.0,79.0,78.0,79.0,73100.0
2021-05-07,99780,79.0,79.0,77.0,77.0,0,0,253300.0,19740800.0,1.0,79.0,79.0,77.0,77.0,253300.0
2021-05-10,99780,77.0,78.0,77.0,77.0,0,0,92200.0,7119900.0,1.0,77.0,78.0,77.0,77.0,92200.0
2021-05-11,99780,78.0,78.0,77.0,78.0,0,0,200400.0,15573400.0,1.0,78.0,78.0,77.0,78.0,200400.0
2021-05-12,99780,78.0,78.0,73.0,76.0,0,0,1069400.0,80166000.0,1.0,78.0,78.0,73.0,76.0,1069400.0
2021-05-13,99780,73.0,75.0,73.0,73.0,0,0,381200.0,28024600.0,1.0,73.0,75.0,73.0,73.0,381200.0
2021-05-14,99780,75.0,75.0,74.0,74.0,0,0,110400.0,8256300.0,1.0,75.0,75.0,74.0,74.0,110400.0
2021-05-17,99780,74.0,75.0,74.0,74.0,0,0,146300.0,10835300.0,1.0,74.0,75.0,74.0,74.0,146300.0
2021-05-18,99780,74.0,75.0,73.0,75.0,0,0,272300.0,20073900.0,1.0,74.0,75.0,73.0,75.0,272300.0
2021-05-19,99780,73.0,75.0,73.0,73.0,0,0,241000.0,17806900.0,1.0,73.0,75.0,73.0,73.0,241000.0
2021-05-20,99780,74.0,75.0,74.0,74.0,0,0,86100.0,6382700.0,1.0,74.0,75.0,74.0,74.0,86100.0
2021-05-21,99780,74.0,76.0,74.0,76.0,0,0,173100.0,13014600.0,1.0,74.0,76.0,74.0,76.0,173100.0
2021-05-24,99780,76.0,76.0,74.0,75.0,0,0,203400.0,15248100.0,1.0,76.0,76.0,74.0,75.0,203400.0
2021-05-25,99780,75.0,76.0,75.0,75.0,0,0,60600.0,4583900.0,1.0,75.0,76.0,75.0,75.0,60600.0
2021-05-26,99780,76.0,76.0,74.0,75.0,0,0,219800.0,16511300.0,1.0,76.0,76.0,74.0,75.0,219800.0
2021-05-27,99780,75.0,75.0,74.0,75.0,0,0,84700.0,6339200.0,1.0,75.0,75.0,74.0,75.0,84700.0
2021-05-28,99780,75.0,76.0,74.0,75.0,0,0,205600.0,15357300.0,1.0,75.0,76.0,74.0,75.0,205600.0
2021-05-31,99780,76.0,77.0,75.0,77.0,0,0,165400.0,12566700.0,1.0,76.0,77.0,75.0,77.0,165400.0
2021-06-01,99780,78.0,78.0,76.0,78.0,0,0,250200.0,19369400.0,1.0,78.0,78.0,76.0,78.0,250200.0
2021-06-02,99780,77.0,79.0,77.0,79.0,0,0,209100.0,16327800.0,1.0,77.0,79.0,77.0,79.0,209100.0
2021-06-03,99780,79.0,80.0,78.0,80.0,0,0,133700.0,10558800.0,1.0,79.0,80.0,78.0,80.0,133700.0
2021-06-04,99780,80.0,84.0,80.0,81.0,0,0,886500.0,72907600.0,1.0,80.0,84.0,80.0,81.0,886500.0
2021-06-07,99780,82.0,83.0,81.0,82.0,0,0,185200.0,15222600.0,1.0,82.0,83.0,81.0,82.0,185200.0
2021-06-08,99780,82.0,82.0,80.0,80.0,0,0,418400.0,33658900.0,1.0,82.0,82.0,80.0,80.0,418400.0
2021-06-09,99780,80.0,82.0,80.0,81.0,0,0,136200.0,11051400.0,1.0,80.0,82.0,80.0,81.0,136200.0
2021-06-10,99780,82.0,82.0,80.0,82.0,0,0,110200.0,8916500.0,1.0,82.0,82.0,80.0,82.0,110200.0
2021-06-11,99780,82.0,82.0,80.0,81.0,0,0,130000.0,10542000.0,1.0,82.0,82.0,80.0,81.0,130000.0
2021-06-14,99780,82.0,83.0,81.0,83.0,0,0,180800.0,14825000.0,1.0,82.0,83.0,81.0,83.0,180800.0
2021-06-15,99780,83.0,83.0,82.0,83.0,0,0,88500.0,7292500.0,1.0,83.0,83.0,82.0,83.0,88500.0
2021-06-16,99780,82.0,83.0,81.0,83.0,0,0,91800.0,7532600.0,1.0,82.0,83.0,81.0,83.0,91800.0
2021-06-17,99780,82.0,83.0,81.0,82.0,0,0,111300.0,9110900.0,1.0,82.0,83.0,81.0,82.0,111300.0
2021-06-18,99780,81.0,82.0,80.0,81.0,0,0,145200.0,11793600.0,1.0,81.0,82.0,80.0,81.0,145200.0
2021-06-21,99780,81.0,82.0,80.0,81.0,0,0,144600.0,11699600.0,1.0,81.0,82.0,80.0,81.0,144600.0
2021-06-22,99780,81.0,83.0,81.0,83.0,0,0,186000.0,15279200.0,1.0,81.0,83.0,81.0,83.0,186000.0
2021-06-23,99780,83.0,85.0,82.0,84.0,0,0,369400.0,30829700.0,1.0,83.0,85.0,82.0,84.0,369400.0
2021-06-24,99780,84.0,84.0,83.0,84.0,0,0,93800.0,7827500.0,1.0,84.0,84.0,83.0,84.0,93800.0
2021-06-25,99780,84.0,85.0,83.0,84.0,0,0,219900.0,18342600.0,1.0,84.0,85.0,83.0,84.0,219900.0
2021-06-28,99780,84.0,85.0,83.0,85.0,0,0,361800.0,30614400.0,1.0,84.0,85.0,83.0,85.0,361800.0
2021-06-29,99780,86.0,86.0,84.0,84.0,0,0,150800.0,12825600.0,1.0,86.0,86.0,84.0,84.0,150800.0
2021-06-30,99780,85.0,88.0,85.0,88.0,0,0,646700.0,56166000.0,1.0,85.0,88.0,85.0,88.0,646700.0
2021-07-01,99780,88.0,88.0,86.0,88.0,0,0,530700.0,45982200.0,1.0,88.0,88.0,86.0,88.0,530700.0
2021-07-02,99780,87.0,87.0,85.0,85.0,0,0,219900.0,18925800.0,1.0,87.0,87.0,85.0,85.0,219900.0
2021-07-05,99780,86.0,88.0,85.0,88.0,0,0,361100.0,31445600.0,1.0,86.0,88.0,85.0,88.0,361100.0
2021-07-06,99780,87.0,88.0,86.0,86.0,0,0,184600.0,16039900.0,1.0,87.0,88.0,86.0,86.0,184600.0
2021-07-07,99780,87.0,87.0,86.0,87.0,0,0,99700.0,8664000.0,1.0,87.0,87.0,86.0,87.0,99700.0
2021-07-08,99780,86.0,87.0,86.0,86.0,0,0,88000.0,7592900.0,1.0,86.0,87.0,86.0,86.0,88000.0
2021-07-09,99780,85.0,86.0,84.0,85.0,0,0,202700.0,17208600.0,1.0,85.0,86.0,84.0,85.0,202700.0
2021-07-12,99780,86.0,87.0,84.0,84.0,0,0,337500.0,28704100.0,1.0,86.0,87.0,84.0,84.0,337500.0
2021-07-13,99780,85.0,86.0,83.0,85.0,0,0,178400.0,15068400.0,1.0,85.0,86.0,83.0,85.0,178400.0
2021-07-14,99780,84.0,87.0,84.0,87.0,0,0,301300.0,25751400.0,1.0,84.0,87.0,84.0,87.0,301300.0
2021-07-15,99780,87.0,87.0,82.0,83.0,0,0,1098900.0,93364900.0,1.0,87.0,87.0,82.0,83.0,1098900.0
2021-07-16,99780,82.0,83.0,81.0,81.0,0,0,484300.0,39475100.0,1.0,82.0,83.0,81.0,81.0,484300.0
2021-07-19,99780,80.0,82.0,79.0,82.0,0,0,474500.0,38109900.0,1.0,80.0,82.0,79.0,82.0,474500.0
2021-07-20,99780,80.0,81.0,79.0,79.0,0,0,265800.0,21259600.0,1.0,80.0,81.0,79.0,79.0,265800.0
2021-07-21,99780,80.0,81.0,79.0,79.0,0,0,147700.0,11807100.0,1.0,80.0,81.0,79.0,79.0,147700.0
2021-07-26,99780,81.0,81.0,80.0,80.0,0,0,71100.0,5717200.0,1.0,81.0,81.0,80.0,80.0,71100.0
2021-07-27,99780,81.0,81.0,80.0,81.0,0,0,199700.0,15991100.0,1.0,81.0,81.0,80.0,81.0,199700.0
2021-07-28,99780,81.0,81.0,79.0,80.0,0,0,158600.0,12668300.0,1.0,81.0,81.0,79.0,80.0,158600.0
2021-07-29,99780,79.0,81.0,79.0,79.0,0,0,78000.0,6212900.0,1.0,79.0,81.0,79.0,79.0,78000.0
2021-07-30,99780,80.0,80.0,78.0,78.0,0,0,210400.0,16653300.0,1.0,80.0,80.0,78.0,78.0,210400.0
2021-08-02,99780,78.0,79.0,78.0,79.0,0,0,59600.0,4684400.0,1.0,78.0,79.0,78.0,79.0,59600.0
2021-08-03,99780,78.0,79.0,76.0,76.0,0,0,362000.0,27875900.0,1.0,78.0,79.0,76.0,76.0,362000.0
2021-08-04,99780,76.0,77.0,75.0,76.0,0,0,184300.0,14030500.0,1.0,76.0,77.0,75.0,76.0,184300.0
2021-08-05,99780,76.0,76.0,74.0,74.0,0,0,459800.0,34278900.0,1.0,76.0,76.0,74.0,74.0,459800.0
2021-08-06,99780,73.0,75.0,73.0,74.0,0,0,195400.0,14408600.0,1.0,73.0,75.0,73.0,74.0,195400.0
2021-08-10,99780,74.0,76.0,74.0,76.0,0,0,247300.0,18396500.0,1.0,74.0,76.0,74.0,76.0,247300.0
2021-08-11,99780,76.0,78.0,75.0,77.0,0,0,256000.0,19668100.0,1.0,76.0,78.0,75.0,77.0,256000.0
2021-08-12,99780,78.0,78.0,76.0,78.0,0,0,92200.0,7115400.0,1.0,78.0,78.0,76.0,78.0,92200.0
2021-08-13,99780,77.0,78.0,76.0,77.0,0,0,97700.0,7521600.0,1.0,77.0,78.0,76.0,77.0,97700.0
2021-08-16,99780,78.0,78.0,75.0,76.0,0,0,363500.0,27555600.0,1.0,78.0,78.0,75.0,76.0,363500.0
2021-08-17,99780,76.0,76.0,74.0,75.0,0,0,269000.0,20229300.0,1.0,76.0,76.0,74.0,75.0,269000.0
2021-08-18,99780,75.0,76.0,74.0,74.0,0,0,180100.0,13504900.0,1.0,75.0,76.0,74.0,74.0,180100.0
2021-08-19,99780,74.0,76.0,74.0,74.0,0,0,74200.0,5561800.0,1.0,74.0,76.0,74.0,74.0,74200.0
2021-08-20,99780,75.0,75.0,74.0,74.0,0,0,155700.0,11548200.0,1.0,75.0,75.0,74.0,74.0,155700.0
2021-08-23,99780,74.0,76.0,74.0,75.0,0,0,142400.0,10648800.0,1.0,74.0,76.0,74.0,75.0,142400.0
2021-08-24,99780,76.0,77.0,75.0,76.0,0,0,178800.0,13588700.0,1.0,76.0,77.0,75.0,76.0,178800.0
2021-08-25,99780,77.0,77.0,75.0,75.0,0,0,256200.0,19332500.0,1.0,77.0,77.0,75.0,75.0,256200.0
2021-08-26,99780,75.0,76.0,75.0,75.0,0,0,64000.0,4812800.0,1.0,75.0,76.0,75.0,75.0,64000.0
2021-08-27,99780,76.0,76.0,75.0,76.0,0,0,78800.0,5959300.0,1.0,76.0,76.0,75.0,76.0,78800.0
2021-08-30,99780,76.0,76.0,74.0,75.0,0,0,189100.0,14244500.0,1.0,76.0,76.0,74.0,75.0,189100.0
2021-08-31,99780,75.0,76.0,74.0,75.0,0,0,99000.0,7407000.0,1.0,75.0,76.0,74.0,75.0,99000.0
2021-09-01,99780,76.0,76.0,75.0,75.0,0,0,156400.0,11837400.0,1.0,76.0,76.0,75.0,75.0,156400.0
2021-09-02,99780,76.0,77.0,75.0,77.0,0,0,230900.0,17568800.0,1.0,76.0,77.0,75.0,77.0,230900.0
2021-09-03,99780,77.0,78.0,76.0,77.0,0,0,239700.0,18444000.0,1.0,77.0,78.0,76.0,77.0,239700.0
2021-09-06,99780,78.0,78.0,76.0,78.0,0,0,104200.0,8058500.0,1.0,78.0,78.0,76.0,78.0,104200.0
2021-09-07,99780,78.0,79.0,77.0,78.0,0,0,141800.0,11055200.0,1.0,78.0,79.0,77.0,78.0,141800.0
2021-09-08,99780,78.0,78.0,77.0,77.0,0,0,195900.0,15121400.0,1.0,78.0,78.0,77.0,77.0,195900.0
2021-09-09,99780,78.0,78.0,75.0,76.0,0,0,434600.0,33196200.0,1.0,78.0,78.0,75.0,76.0,434600.0
2021-09-10,99780,77.0,77.0,75.0,77.0,0,0,128100.0,9764200.0,1.0,77.0,77.0,75.0,77.0,128100.0
2021-09-13,99780,77.0,77.0,75.0,76.0,0,0,220200.0,16750600.0,1.0,77.0,77.0,75.0,76.0,220200.0
2021-09-14,99780,76.0,78.0,76.0,76.0,0,0,387000.0,29715900.0,1.0,76.0,78.0,76.0,76.0,387000.0
2021-09-15,99780,76.0,77.0,74.0,74.0,0,0,606200.0,45625900.0,1.0,76.0,77.0,74.0,74.0,606200.0
2021-09-16,99780,74.0,75.0,74.0,74.0,0,0,156600.0,11642900.0,1.0,74.0,75.0,74.0,74.0,156600.0
2021-09-17,99780,74.0,75.0,74.0,74.0,0,0,137300.0,10207800.0,1.0,74.0,75.0,74.0,74.0,137300.0
2021-09-21,99780,74.0,75.0,73.0,73.0,0,0,504200.0,37362800.0,1.0,74.0,75.0,73.0,73.0,504200.0
2021-09-22,99780,73.0,74.0,73.0,73.0,0,0,197600.0,14536600.0,1.0,73.0,74.0,73.0,73.0,197600.0
2021-09-24,99780,77.0,79.0,75.0,75.0,0,0,1265100.0,96890400.0,1.0,77.0,79.0,75.0,75.0,1265100.0
2021-09-27,99780,76.0,77.0,75.0,75.0,0,0,269500.0,20451700.0,1.0,76.0,77.0,75.0,75.0,269500.0
2021-09-28,99780,76.0,77.0,75.0,75.0,0,0,420700.0,31812600.0,1.0,76.0,77.0,75.0,75.0,420700.0
2021-09-29,99780,75.0,77.0,75.0,76.0,0,0,364500.0,27665400.0,1.0,75.0,77.0,75.0,76.0,364500.0
2021-09-30,99780,77.0,78.0,76.0,77.0,0,0,197000.0,15157300.0,1.0,77.0,78.0,76.0,77.0,197000.0
2021-10-01,99780,76.0,77.0,75.0,77.0,0,0,390700.0,29707400.0,1.0,76.0,77.0,75.0,77.0,390700.0
2021-10-04,99780,78.0,79.0,76.0,79.0,0,0,926100.0,71852600.0,1.0,78.0,79.0,76.0,79.0,926100.0
2021-10-05,99780,78.0,78.0,76.0,77.0,0,0,565600.0,43629600.0,1.0,78.0,78.0,76.0,77.0,565600.0
2021-10-06,99780,77.0,78.0,74.0,75.0,0,0,1018600.0,76922500.0,1.0,77.0,78.0,74.0,75.0,1018600.0
2021-10-07,99780,75.0,77.0,74.0,76.0,0,0,1486100.0,112428200.0,1.0,75.0,77.0,74.0,76.0,1486100.0
2021-10-08,99780,73.0,74.0,72.0,73.0,0,0,1637900.0,119520300.0,1.0,73.0,74.0,72.0,73.0,1637900.0
2021-10-11,99780,73.0,74.0,72.0,73.0,0,0,286200.0,20896400.0,1.0,73.0,74.0,72.0,73.0,286200.0
2021-10-12,99780,74.0,74.0,72.0,72.0,0,0,208200.0,15228000.0,1.0,74.0,74.0,72.0,72.0,208200.0
2021-10-13,99780,73.0,73.0,72.0,72.0,0,0,137500.0,9963900.0,1.0,73.0,73.0,72.0,72.0,137500.0
2021-10-14,99780,73.0,74.0,72.0,73.0,0,0,261700.0,19083000.0,1.0,73.0,74.0,72.0,73.0,261700.0
2021-10-15,99780,73.0,74.0,72.0,74.0,0,0,246000.0,17861500.0,1.0,73.0,74.0,72.0,74.0,246000.0
2021-10-18,99780,72.0,73.0,71.0,71.0,0,0,664900.0,47664200.0,1.0,72.0,73.0,71.0,71.0,664900.0
2021-10-19,99780,71.0,72.0,69.0,69.0,0,0,713100.0,50174200.0,1.0,71.0,72.0,69.0,69.0,713100.0
2021-10-20,99780,69.0,70.0,66.0,66.0,0,0,1087300.0,73487200.0,1.0,69.0,70.0,66.0,66.0,1087300.0
2021-10-21,99780,66.0,67.0,66.0,66.0,0,0,349100.0,23127500.0,1.0,66.0,67.0,66.0,66.0,349100.0
2021-10-22,99780,67.0,67.0,65.0,65.0,0,0,296600.0,19710800.0,1.0,67.0,67.0,65.0,65.0,296600.0
2021-10-25,99780,65.0,66.0,64.0,65.0,0,0,346000.0,22483900.0,1.0,65.0,66.0,64.0,65.0,346000.0
2021-10-26,99780,65.0,66.0,64.0,66.0,0,0,201600.0,13232900.0,1.0,65.0,66.0,64.0,66.0,201600.0
2021-10-27,99780,66.0,67.0,66.0,67.0,0,0,90100.0,6010300.0,1.0,66.0,67.0,66.0,67.0,90100.0
2021-10-28,99780,67.0,67.0,65.0,65.0,0,0,176100.0,11612600.0,1.0,67.0,67.0,65.0,65.0,176100.0
2021-10-29,99780,66.0,66.0,64.0,65.0,0,0,227300.0,14790800.0,1.0,66.0,66.0,64.0,65.0,227300.0
2021-11-01,99780,66.0,66.0,65.0,66.0,0,0,107800.0,7092000.0,1.0,66.0,66.0,65.0,66.0,107800.0
2021-11-02,99780,66.0,66.0,65.0,65.0,0,0,84700.0,5528800.0,1.0,66.0,66.0,65.0,65.0,84700.0
2021-11-04,99780,66.0,66.0,64.0,65.0,0,0,358200.0,23211900.0,1.0,66.0,66.0,64.0,65.0,358200.0
2021-11-05,99780,65.0,66.0,64.0,65.0,0,0,177500.0,11567100.0,1.0,65.0,66.0,64.0,65.0,177500.0
2021-11-08,99780,65.0,65.0,64.0,64.0,0,0,87200.0,5625900.0,1.0,65.0,65.0,64.0,64.0,87200.0
2021-11-09,99780,64.0,65.0,63.0,63.0,0,0,184500.0,11778900.0,1.0,64.0,65.0,63.0,63.0,184500.0
2021-11-10,99780,63.0,64.0,63.0,63.0,0,0,66300.0,4193100.0,1.0,63.0,64.0,63.0,63.0,66300.0
2021-11-11,99780,63.0,63.0,59.0,60.0,0,0,1112400.0,67782200.0,1.0,63.0,63.0,59.0,60.0,1112400.0
2021-11-12,99780,59.0,61.0,57.0,61.0,0,0,958200.0,56754000.0,1.0,59.0,61.0,57.0,61.0,958200.0
2021-11-15,99780,61.0,62.0,60.0,61.0,0,0,226600.0,13806700.0,1.0,61.0,62.0,60.0,61.0,226600.0
2021-11-16,99780,60.0,61.0,60.0,60.0,0,0,209300.0,12610600.0,1.0,60.0,61.0,60.0,60.0,209300.0
2021-11-17,99780,60.0,61.0,57.0,58.0,0,0,662600.0,38861700.0,1.0,60.0,61.0,57.0,58.0,662600.0
2021-11-18,99780,58.0,59.0,57.0,57.0,0,0,239200.0,13859700.0,1.0,58.0,59.0,57.0,57.0,239200.0
2021-11-19,99780,57.0,59.0,57.0,58.0,0,0,148600.0,8611000.0,1.0,57.0,59.0,57.0,58.0,148600.0
2021-11-22,99780,59.0,59.0,57.0,58.0,0,0,158000.0,9191800.0,1.0,59.0,59.0,57.0,58.0,158000.0
2021-11-24,99780,58.0,59.0,57.0,58.0,0,0,131500.0,7643300.0,1.0,58.0,59.0,57.0,58.0,131500.0
2021-11-25,99780,58.0,59.0,57.0,57.0,0,0,105900.0,6134000.0,1.0,58.0,59.0,57.0,57.0,105900.0
2021-11-26,99780,57.0,57.0,54.0,55.0,0,0,468500.0,26169300.0,1.0,57.0,57.0,54.0,55.0,468500.0
2021-11-29,99780,55.0,55.0,53.0,53.0,0,0,515800.0,27717500.0,1.0,55.0,55.0,53.0,53.0,515800.0
2021-11-30,99780,53.0,55.0,53.0,53.0,0,0,450600.0,24262600.0,1.0,53.0,55.0,53.0,53.0,450600.0
2021-12-01,99780,53.0,55.0,52.0,52.0,0,0,295200.0,15601200.0,1.0,53.0,55.0,52.0,52.0,295200.0
2021-12-02,99780,53.0,53.0,49.0,50.0,0,0,736500.0,37090600.0,1.0,53.0,53.0,49.0,50.0,736500.0
2021-12-03,99780,49.0,51.0,49.0,50.0,0,0,308800.0,15402600.0,1.0,49.0,51.0,49.0,50.0,308800.0
2021-12-06,99780,50.0,52.0,50.0,52.0,0,0,314700.0,15989000.0,1.0,50.0,52.0,50.0,52.0,314700.0
2021-12-07,99780,52.0,54.0,52.0,53.0,0,0,196100.0,10334600.0,1.0,52.0,54.0,52.0,53.0,196100.0
2021-12-08,99780,54.0,55.0,53.0,53.0,0,0,228000.0,12295500.0,1.0,54.0,55.0,53.0,53.0,228000.0
2021-12-09,99780,53.0,55.0,53.0,53.0,0,0,181000.0,9783000.0,1.0,53.0,55.0,53.0,53.0,181000.0
2021-12-10,99780,54.0,55.0,53.0,53.0,0,0,133700.0,7231300.0,1.0,54.0,55.0,53.0,53.0,133700.0
2021-12-13,99780,54.0,55.0,53.0,53.0,0,0,130800.0,7008100.0,1.0,54.0,55.0,53.0,53.0,130800.0
2021-12-14,99780,53.0,53.0,51.0,51.0,0,0,242700.0,12571600.0,1.0,53.0,53.0,51.0,51.0,242700.0
2021-12-15,99780,51.0,52.0,51.0,51.0,0,0,115000.0,5933000.0,1.0,51.0,52.0,51.0,51.0,115000.0
2021-12-16,99780,52.0,54.0,51.0,52.0,0,0,579600.0,30258200.0,1.0,52.0,54.0,51.0,52.0,579600.0
2021-12-17,99780,51.0,52.0,50.0,51.0,0,0,167300.0,8509800.0,1.0,51.0,52.0,50.0,51.0,167300.0
2021-12-20,99780,51.0,51.0,50.0,50.0,0,0,161700.0,8124400.0,1.0,51.0,51.0,50.0,50.0,161700.0
2021-12-21,99780,50.0,51.0,49.0,50.0,0,0,266100.0,13303500.0,1.0,50.0,51.0,49.0,50.0,266100.0
2021-12-22,99780,50.0,51.0,48.0,48.0,0,0,485000.0,23850000.0,1.0,50.0,51.0,48.0,48.0,485000.0
2021-12-23,99780,49.0,49.0,48.0,49.0,0,0,179300.0,8759500.0,1.0,49.0,49.0,48.0,49.0,179300.0
2021-12-24,99780,49.0,49.0,48.0,49.0,0,0,137100.0,6681300.0,1.0,49.0,49.0,48.0,49.0,137100.0
2021-12-27,99780,48.0,49.0,46.0,46.0,0,0,576700.0,27238000.0,1.0,48.0,49.0,46.0,46.0,576700.0
2021-12-28,99780,46.0,47.0,45.0,46.0,0,0,786200.0,35947600.0,1.0,46.0,47.0,45.0,46.0,786200.0
2021-12-29,99780,47.0,49.0,46.0,48.0,0,0,488200.0,23116900.0,1.0,47.0,49.0,46.0,48.0,488200.0
2021-12-30,99780,48.0,51.0,48.0,51.0,0,0,293200.0,14521600.0,1.0,48.0,51.0,48.0,51.0,293200.0
2022-01-04,99780,52.0,52.0,50.0,50.0,0,0,85600.0,4382200.0,1.0,52.0,52.0,50.0,50.0,85600.0
2022-01-05,99780,51.0,51.0,49.0,50.0,0,0,109300.0,5461000.0,1.0,51.0,51.0,49.0,50.0,109300.0
2022-01-06,99780,49.0,50.0,48.0,49.0,0,0,168700.0,8270200.0,1.0,49.0,50.0,48.0,49.0,168700.0
2022-01-07,99780,48.0,49.0,47.0,47.0,0,0,170800.0,8181800.0,1.0,48.0,49.0,47.0,47.0,170800.0
2022-01-11,99780,47.0,48.0,46.0,48.0,0,0,246500.0,11598900.0,1.0,47.0,48.0,46.0,48.0,246500.0
2022-01-12,99780,48.0,49.0,47.0,49.0,0,0,244800.0,11772000.0,1.0,48.0,49.0,47.0,49.0,244800.0
2022-01-13,99780,49.0,50.0,48.0,48.0,0,0,285900.0,13878900.0,1.0,49.0,50.0,48.0,48.0,285900.0
2022-01-14,99780,46.0,47.0,45.0,47.0,0,0,496600.0,22835200.0,1.0,46.0,47.0,45.0,47.0,496600.0
2022-01-17,99780,46.0,47.0,46.0,46.0,0,0,160200.0,7392700.0,1.0,46.0,47.0,46.0,46.0,160200.0
2022-01-18,99780,46.0,47.0,45.0,45.0,0,0,91200.0,4173200.0,1.0,46.0,47.0,45.0,45.0,91200.0
2022-01-19,99780,45.0,46.0,44.0,44.0,0,0,235800.0,10573600.0,1.0,45.0,46.0,44.0,44.0,235800.0
2022-01-20,99780,44.0,45.0,44.0,44.0,0,0,106800.0,4733700.0,1.0,44.0,45.0,44.0,44.0,106800.0
2022-01-21,99780,44.0,45.0,43.0,44.0,0,0,228500.0,10010900.0,1.0,44.0,45.0,43.0,44.0,228500.0
2022-01-24,99780,44.0,44.0,42.0,43.0,0,0,242000.0,10406600.0,1.0,44.0,44.0,42.0,43.0,242000.0
2022-01-25,99780,43.0,43.0,41.0,42.0,0,0,224000.0,9382200.0,1.0,43.0,43.0,41.0,42.0,224000.0
2022-01-26,99780,42.0,42.0,40.0,40.0,0,0,327400.0,13293200.0,1.0,42.0,42.0,40.0,40.0,327400.0
2022-01-27,99780,40.0,41.0,37.0,37.0,0,0,1179200.0,45129500.0,1.0,40.0,41.0,37.0,37.0,1179200.0
2022-01-28,99780,38.0,39.0,37.0,37.0,0,0,1295500.0,48583200.0,1.0,38.0,39.0,37.0,37.0,1295500.0
2022-01-31,99780,38.0,39.0,37.0,37.0,0,0,384400.0,14623100.0,1.0,38.0,39.0,37.0,37.0,384400.0
2022-02-01,99780,38.0,41.0,38.0,38.0,0,0,771800.0,30365500.0,1.0,38.0,41.0,38.0,38.0,771800.0
2022-02-02,99780,39.0,41.0,38.0,39.0,0,0,213000.0,8423700.0,1.0,39.0,41.0,38.0,39.0,213000.0
2022-02-03,99780,39.0,42.0,39.0,42.0,0,0,256300.0,10493200.0,1.0,39.0,42.0,39.0,42.0,256300.0
2022-02-04,99780,42.0,42.0,40.0,42.0,0,0,117100.0,4826800.0,1.0,42.0,42.0,40.0,42.0,117100.0
2022-02-07,99780,42.0,42.0,41.0,41.0,0,0,97400.0,4050200.0,1.0,42.0,42.0,41.0,41.0,97400.0
2022-02-08,99780,42.0,42.0,41.0,42.0,0,0,42200.0,1767600.0,1.0,42.0,42.0,41.0,42.0,42200.0
2022-02-09,99780,42.0,42.0,41.0,42.0,0,0,75600.0,3172900.0,1.0,42.0,42.0,41.0,42.0,75600.0
2022-02-10,99780,42.0,43.0,41.0,43.0,0,0,151800.0,6401300.0,1.0,42.0,43.0,41.0,43.0,151800.0
2022-02-14,99780,42.0,43.0,42.0,42.0,0,0,117500.0,4948900.0,1.0,42.0,43.0,42.0,42.0,117500.0
2022-02-15,99780,42.0,43.0,42.0,43.0,0,0,51700.0,2184400.0,1.0,42.0,43.0,42.0,43.0,51700.0
2022-02-16,99780,43.0,43.0,42.0,43.0,0,0,80800.0,3457600.0,1.0,43.0,43.0,42.0,43.0,80800.0
2022-02-17,99780,43.0,43.0,42.0,43.0,0,0,53300.0,2287700.0,1.0,43.0,43.0,42.0,43.0,53300.0
2022-02-18,99780,42.0,43.0,41.0,42.0,0,0,217900.0,9099600.0,1.0,42.0,43.0,41.0,42.0,217900.0
2022-02-21,99780,41.0,42.0,41.0,41.0,0,0,106300.0,4393900.0,1.0,41.0,42.0,41.0,41.0,106300.0
2022-02-22,99780,41.0,42.0,40.0,40.0,0,0,190200.0,7760700.0,1.0,41.0,42.0,40.0,40.0,190200.0
2022-02-24,99780,41.0,42.0,37.0,38.0,0,0,574800.0,22472600.0,1.0,41.0,42.0,37.0,38.0,574800.0
2022-02-25,99780,38.0,39.0,37.0,38.0,0,0,171500.0,6578900.0,1.0,38.0,39.0,37.0,38.0,171500.0
2022-02-28,99780,39.0,42.0,38.0,41.0,0,0,312400.0,12514600.0,1.0,39.0,42.0,38.0,41.0,312400.0
2022-03-01,99780,41.0,43.0,41.0,43.0,0,0,347100.0,14603900.0,1.0,41.0,43.0,41.0,43.0,347100.0
2022-03-02,99780,42.0,43.0,42.0,42.0,0,0,145500.0,6130300.0,1.0,42.0,43.0,42.0,42.0,145500.0
2022-03-03,99780,43.0,49.0,42.0,43.0,0,0,2507900.0,114593300.0,1.0,43.0,49.0,42.0,43.0,2507900.0
2022-03-04,99780,43.0,48.0,42.0,46.0,0,0,1382600.0,62241200.0,1.0,43.0,48.0,42.0,46.0,1382600.0
2022-03-07,99780,47.0,48.0,40.0,41.0,0,0,1190400.0,50095300.0,1.0,47.0,48.0,40.0,41.0,1190400.0
2022-03-08,99780,40.0,41.0,40.0,40.0,0,0,291000.0,11791800.0,1.0,40.0,41.0,40.0,40.0,291000.0
2022-03-09,99780,40.0,41.0,39.0,39.0,0,0,250400.0,9984800.0,1.0,40.0,41.0,39.0,39.0,250400.0
2022-03-10,99780,40.0,41.0,39.0,40.0,0,0,381600.0,15285300.0,1.0,40.0,41.0,39.0,40.0,381600.0
2022-03-11,99780,40.0,40.0,39.0,39.0,0,0,74600.0,2970400.0,1.0,40.0,40.0,39.0,39.0,74600.0
2022-03-14,99780,40.0,41.0,39.0,41.0,0,0,136500.0,5511600.0,1.0,40.0,41.0,39.0,41.0,136500.0
2022-03-15,99780,41.0,43.0,40.0,42.0,0,0,319000.0,13218200.0,1.0,41.0,43.0,40.0,42.0,319000.0
2022-03-16,99780,43.0,45.0,42.0,43.0,0,0,308100.0,13306600.0,1.0,43.0,45.0,42.0,43.0,308100.0
2022-03-17,99780,43.0,44.0,42.0,42.0,0,0,482700.0,20752000.0,1.0,43.0,44.0,42.0,42.0,482700.0
2022-03-18,99780,43.0,44.0,42.0,43.0,0,0,190100.0,8192600.0,1.0,43.0,44.0,42.0,43.0,190100.0
2022-03-22,99780,44.0,44.0,42.0,44.0,0,0,171400.0,7444300.0,1.0,44.0,44.0,42.0,44.0,171400.0
2022-03-23,99780,43.0,45.0,43.0,44.0,0,0,146000.0,6394200.0,1.0,43.0,45.0,43.0,44.0,146000.0
2022-03-24,99780,43.0,44.0,43.0,43.0,0,0,64000.0,2768100.0,1.0,43.0,44.0,43.0,43.0,64000.0
2022-03-25,99780,44.0,45.0,43.0,44.0,0,0,171600.0,7557900.0,1.0,44.0,45.0,43.0,44.0,171600.0
2022-03-28,99780,45.0,60.0,44.0,50.0,0,0,12115300.0,639719800.0,1.0,45.0,60.0,44.0,50.0,12115300.0
2022-03-29,99780,48.0,50.0,45.0,45.0,0,0,2972800.0,138753600.0,1.0,48.0,50.0,45.0,45.0,2972800.0
2022-03-30,99780,45.0,46.0,44.0,44.0,0,0,742600.0,33205000.0,1.0,45.0,46.0,44.0,44.0,742600.0
2022-03-31,99780,44.0,45.0,44.0,44.0,0,0,309000.0,13610900.0,1.0,44.0,45.0,44.0,44.0,309000.0
2022-04-01,99780,44.0,45.0,44.0,44.0,0,0,207600.0,9141300.0,1.0,44.0,45.0,44.0,44.0,207600.0
2022-04-04,99780,44.0,45.0,44.0,44.0,0,0,127400.0,5662300.0,1.0,44.0,45.0,44.0,44.0,127400.0
2022-04-05,99780,44.0,45.0,43.0,43.0,0,0,605200.0,26352500.0,1.0,44.0,45.0,43.0,43.0,605200.0
2022-04-06,99780,43.0,46.0,42.0,45.0,0,0,979300.0,43459300.0,1.0,43.0,46.0,42.0,45.0,979300.0
2022-04-07,99780,45.0,49.0,44.0,48.0,0,0,927600.0,43477400.0,1.0,45.0,49.0,44.0,48.0,927600.0
2022-04-08,99780,48.0,49.0,46.0,48.0,0,0,477100.0,22535600.0,1.0,48.0,49.0,46.0,48.0,477100.0
2022-04-11,99780,48.0,48.0,45.0,45.0,0,0,324700.0,15027700.0,1.0,48.0,48.0,45.0,45.0,324700.0
2022-04-12,99780,46.0,46.0,43.0,45.0,0,0,428100.0,19002100.0,1.0,46.0,46.0,43.0,45.0,428100.0
2022-04-13,99780,45.0,46.0,42.0,45.0,0,0,805500.0,35271700.0,1.0,45.0,46.0,42.0,45.0,805500.0
2022-04-14,99780,45.0,45.0,43.0,44.0,0,0,194500.0,8570800.0,1.0,45.0,45.0,43.0,44.0,194500.0
2022-04-15,99780,44.0,44.0,43.0,44.0,0,0,70800.0,3101200.0,1.0,44.0,44.0,43.0,44.0,70800.0
2022-04-18,99780,44.0,44.0,43.0,43.0,0,0,181600.0,7911200.0,1.0,44.0,44.0,43.0,43.0,181600.0
2022-04-19,99780,44.0,44.0,42.0,43.0,0,0,488000.0,20909000.0,1.0,44.0,44.0,42.0,43.0,488000.0
2022-04-20,99780,43.0,44.0,43.0,43.0,0,0,76600.0,3296100.0,1.0,43.0,44.0,43.0,43.0,76600.0
2022-04-21,99780,44.0,45.0,43.0,45.0,0,0,238400.0,10497500.0,1.0,44.0,45.0,43.0,45.0,238400.0
2022-04-22,99780,44.0,45.0,43.0,44.0,0,0,191500.0,8428600.0,1.0,44.0,45.0,43.0,44.0,191500.0
2022-04-25,99780,43.0,44.0,42.0,42.0,0,0,174000.0,7464200.0,1.0,43.0,44.0,42.0,42.0,174000.0
2022-04-26,99780,43.0,44.0,42.0,44.0,0,0,166800.0,7134800.0,1.0,43.0,44.0,42.0,44.0,166800.0
2022-04-27,99780,43.0,44.0,42.0,42.0,0,0,83800.0,3590300.0,1.0,43.0,44.0,42.0,42.0,83800.0
2022-04-28,99780,42.0,43.0,42.0,42.0,0,0,70300.0,2985100.0,1.0,42.0,43.0,42.0,42.0,70300.0
2022-05-02,99780,42.0,43.0,42.0,42.0,0,0,114400.0,4879400.0,1.0,42.0,43.0,42.0,42.0,114400.0
2022-05-06,99780,43.0,45.0,43.0,43.0,0,0,204900.0,8995700.0,1.0,43.0,45.0,43.0,43.0,204900.0
2022-05-09,99780,44.0,44.0,43.0,43.0,0,0,76500.0,3321700.0,1.0,44.0,44.0,43.0,43.0,76500.0
2022-05-10,99780,43.0,44.0,41.0,43.0,0,0,812400.0,34143900.0,1.0,43.0,44.0,41.0,43.0,812400.0
2022-05-11,99780,43.0,44.0,42.0,43.0,0,0,104500.0,4480300.0,1.0,43.0,44.0,42.0,43.0,104500.0
2022-05-12,99780,43.0,43.0,42.0,42.0,0,0,164200.0,6949000.0,1.0,43.0,43.0,42.0,42.0,164200.0
2022-05-13,99780,42.0,43.0,42.0,42.0,0,0,20500.0,866000.0,1.0,42.0,43.0,42.0,42.0,20500.0
2022-05-16,99780,42.0,44.0,42.0,42.0,0,0,370200.0,15898700.0,1.0,42.0,44.0,42.0,42.0,370200.0
2022-05-17,99780,42.0,43.0,42.0,42.0,0,0,32400.0,1365500.0,1.0,42.0,43.0,42.0,42.0,32400.0
2022-05-18,99780,43.0,43.0,42.0,42.0,0,0,58500.0,2492000.0,1.0,43.0,43.0,42.0,42.0,58500.0
2022-05-19,99780,42.0,43.0,41.0,42.0,0,0,223600.0,9390300.0,1.0,42.0,43.0,41.0,42.0,223600.0
2022-05-20,99780,42.0,43.0,42.0,42.0,0,0,64800.0,2724000.0,1.0,42.0,43.0,42.0,42.0,64800.0
2022-05-23,99780,43.0,44.0,42.0,44.0,0,0,629800.0,27430600.0,1.0,43.0,44.0,42.0,44.0,629800.0
2022-05-24,99780,44.0,44.0,43.0,43.0,0,0,53400.0,2331700.0,1.0,44.0,44.0,43.0,43.0,53400.0
2022-05-25,99780,44.0,44.0,42.0,43.0,0,0,202000.0,8714300.0,1.0,44.0,44.0,42.0,43.0,202000.0
2022-05-26,99780,43.0,44.0,42.0,44.0,0,0,91200.0,3914900.0,1.0,43.0,44.0,42.0,44.0,91200.0
2022-05-27,99780,43.0,44.0,43.0,43.0,0,0,23800.0,1028700.0,1.0,43.0,44.0,43.0,43.0,23800.0
2022-05-30,99780,43.0,44.0,43.0,43.0,0,0,121300.0,5217900.0,1.0,43.0,44.0,43.0,43.0,121300.0
2022-05-31,99780,44.0,45.0,43.0,45.0,0,0,164400.0,7232400.0,1.0,44.0,45.0,43.0,45.0,164400.0
2022-06-01,99780,44.0,45.0,43.0,45.0,0,0,274300.0,12098700.0,1.0,44.0,45.0,43.0,45.0,274300.0
2022-06-02,99780,45.0,45.0,44.0,45.0,0,0,46800.0,2091600.0,1.0,45.0,45.0,44.0,45.0,46800.0
2022-06-03,99780,44.0,48.0,44.0,47.0,0,0,595600.0,27349900.0,1.0,44.0,48.0,44.0,47.0,595600.0
2022-06-06,99780,46.0,48.0,46.0,47.0,0,0,413600.0,19287200.0,1.0,46.0,48.0,46.0,47.0,413600.0
2022-06-07,99780,47.0,51.0,46.0,49.0,0,0,869200.0,42361000.0,1.0,47.0,51.0,46.0,49.0,869200.0
2022-06-08,99780,50.0,52.0,48.0,50.0,0,0,689800.0,34523500.0,1.0,50.0,52.0,48.0,50.0,689800.0
2022-06-09,99780,50.0,51.0,47.0,48.0,0,0,982300.0,47520900.0,1.0,50.0,51.0,47.0,48.0,982300.0
2022-06-10,99780,47.0,49.0,47.0,48.0,0,0,294200.0,13922400.0,1.0,47.0,49.0,47.0,48.0,294200.0
2022-06-13,99780,47.0,48.0,47.0,47.0,0,0,111900.0,5289500.0,1.0,47.0,48.0,47.0,47.0,111900.0
2022-06-14,99780,46.0,48.0,46.0,47.0,0,0,206200.0,9586100.0,1.0,46.0,48.0,46.0,47.0,206200.0
2022-06-15,99780,47.0,48.0,46.0,47.0,0,0,90200.0,4248800.0,1.0,47.0,48.0,46.0,47.0,90200.0
2022-06-16,99780,47.0,48.0,44.0,45.0,0,0,344100.0,15708100.0,1.0,47.0,48.0,44.0,45.0,344100.0
2022-06-17,99780,45.0,46.0,44.0,46.0,0,0,301500.0,13540900.0,1.0,45.0,46.0,44.0,46.0,301500.0
2022-06-20,99780,46.0,46.0,44.0,44.0,0,0,158900.0,7161000.0,1.0,46.0,46.0,44.0,44.0,158900.0
2022-06-21,99780,45.0,46.0,45.0,46.0,0,0,85500.0,3864800.0,1.0,45.0,46.0,45.0,46.0,85500.0
2022-06-22,99780,46.0,46.0,45.0,45.0,0,0,70400.0,3217600.0,1.0,46.0,46.0,45.0,45.0,70400.0
2022-06-23,99780,45.0,46.0,44.0,45.0,0,0,110500.0,4992900.0,1.0,45.0,46.0,44.0,45.0,110500.0
2022-06-24,99780,46.0,46.0,45.0,45.0,0,0,16100.0,732200.0,1.0,46.0,46.0,45.0,45.0,16100.0
2022-06-27,99780,46.0,47.0,45.0,45.0,0,0,63200.0,2903500.0,1.0,46.0,47.0,45.0,45.0,63200.0
2022-06-28,99780,45.0,46.0,45.0,45.0,0,0,36300.0,1661500.0,1.0,45.0,46.0,45.0,45.0,36300.0
2022-06-29,99780,45.0,46.0,44.0,45.0,0,0,224000.0,10112300.0,1.0,45.0,46.0,44.0,45.0,224000.0
2022-06-30,99780,46.0,46.0,45.0,45.0,0,0,33200.0,1512700.0,1.0,46.0,46.0,45.0,45.0,33200.0
2022-07-01,99780,46.0,46.0,45.0,46.0,0,0,113900.0,5152900.0,1.0,46.0,46.0,45.0,46.0,113900.0
2022-07-04,99780,46.0,46.0,45.0,46.0,0,0,26300.0,1205600.0,1.0,46.0,46.0,45.0,46.0,26300.0
2022-07-05,99780,46.0,46.0,45.0,46.0,0,0,33100.0,1514800.0,1.0,46.0,46.0,45.0,46.0,33100.0
2022-07-06,99780,46.0,46.0,45.0,45.0,0,0,90400.0,4080600.0,1.0,46.0,46.0,45.0,45.0,90400.0
2022-07-07,99780,46.0,47.0,45.0,46.0,0,0,115700.0,5323600.0,1.0,46.0,47.0,45.0,46.0,115700.0
2022-07-08,99780,47.0,47.0,46.0,46.0,0,0,50400.0,2335700.0,1.0,47.0,47.0,46.0,46.0,50400.0
2022-07-11,99780,47.0,48.0,46.0,48.0,0,0,163900.0,7708400.0,1.0,47.0,48.0,46.0,48.0,163900.0
2022-07-12,99780,48.0,48.0,47.0,47.0,0,0,22000.0,1041600.0,1.0,48.0,48.0,47.0,47.0,22000.0
2022-07-13,99780,47.0,49.0,47.0,48.0,0,0,192600.0,9261200.0,1.0,47.0,49.0,47.0,48.0,192600.0
2022-07-14,99780,47.0,48.0,47.0,47.0,0,0,169900.0,8012800.0,1.0,47.0,48.0,47.0,47.0,169900.0
2022-07-15,99780,47.0,48.0,46.0,46.0,0,0,112700.0,5262900.0,1.0,47.0,48.0,46.0,46.0,112700.0
2022-07-19,99780,47.0,48.0,47.0,47.0,0,0,86100.0,4049000.0,1.0,47.0,48.0,47.0,47.0,86100.0
2022-07-20,99780,48.0,48.0,47.0,47.0,0,0,50100.0,2369500.0,1.0,48.0,48.0,47.0,47.0,50100.0
2022-07-21,99780,47.0,48.0,47.0,47.0,0,0,34100.0,1609000.0,1.0,47.0,48.0,47.0,47.0,34100.0
2022-07-22,99780,48.0,49.0,47.0,47.0,0,0,243100.0,11652300.0,1.0,48.0,49.0,47.0,47.0,243100.0
2022-07-25,99780,48.0,48.0,47.0,47.0,0,0,43400.0,2062400.0,1.0,48.0,48.0,47.0,47.0,43400.0
2022-07-26,99780,48.0,48.0,46.0,47.0,0,0,190900.0,8975200.0,1.0,48.0,48.0,46.0,47.0,190900.0
2022-07-27,99780,47.0,48.0,46.0,48.0,0,0,59400.0,2803700.0,1.0,47.0,48.0,46.0,48.0,59400.0
2022-07-28,99780,48.0,48.0,47.0,47.0,0,0,74300.0,3518900.0,1.0,48.0,48.0,47.0,47.0,74300.0
2022-07-29,99780,48.0,49.0,47.0,49.0,0,0,448000.0,21577200.0,1.0,48.0,49.0,47.0,49.0,448000.0
2022-08-01,99780,49.0,50.0,47.0,47.0,0,0,387900.0,18751100.0,1.0,49.0,50.0,47.0,47.0,387900.0
2022-08-02,99780,48.0,49.0,47.0,48.0,0,0,137300.0,6591800.0,1.0,48.0,49.0,47.0,48.0,137300.0
2022-08-03,99780,48.0,48.0,47.0,47.0,0,0,196700.0,9431800.0,1.0,48.0,48.0,47.0,47.0,196700.0
2022-08-04,99780,48.0,50.0,47.0,48.0,0,0,473100.0,23069700.0,1.0,48.0,50.0,47.0,48.0,473100.0
2022-08-05,99780,49.0,49.0,48.0,48.0,0,0,191600.0,9248100.0,1.0,49.0,49.0,48.0,48.0,191600.0
2022-08-08,99780,49.0,49.0,48.0,48.0,0,0,127300.0,6143900.0,1.0,49.0,49.0,48.0,48.0,127300.0
2022-08-09,99780,48.0,49.0,47.0,48.0,0,0,261100.0,12497800.0,1.0,48.0,49.0,47.0,48.0,261100.0
2022-08-10,99780,49.0,49.0,47.0,49.0,0,0,147400.0,7054700.0,1.0,49.0,49.0,47.0,49.0,147400.0
2022-08-12,99780,49.0,49.0,47.0,48.0,0,0,182100.0,8756300.0,1.0,49.0,49.0,47.0,48.0,182100.0
2022-08-15,99780,48.0,49.0,47.0,49.0,0,0,141700.0,6798900.0,1.0,48.0,49.0,47.0,49.0,141700.0
2022-08-16,99780,49.0,49.0,48.0,48.0,0,0,70800.0,3421700.0,1.0,49.0,49.0,48.0,48.0,70800.0
2022-08-17,99780,49.0,49.0,47.0,49.0,0,0,150000.0,7227200.0,1.0,49.0,49.0,47.0,49.0,150000.0
2022-08-18,99780,49.0,49.0,47.0,49.0,0,0,168400.0,8095700.0,1.0,49.0,49.0,47.0,49.0,168400.0
2022-08-19,99780,49.0,49.0,47.0,48.0,0,0,113000.0,5437700.0,1.0,49.0,49.0,47.0,48.0,113000.0
2022-08-22,99780,49.0,49.0,47.0,48.0,0,0,113900.0,5473500.0,1.0,49.0,49.0,47.0,48.0,113900.0
2022-08-23,99780,47.0,48.0,47.0,48.0,0,0,118200.0,5610100.0,1.0,47.0,48.0,47.0,48.0,118200.0
2022-08-24,99780,48.0,49.0,47.0,49.0,0,0,266200.0,12792300.0,1.0,48.0,49.0,47.0,49.0,266200.0
2022-08-25,99780,49.0,49.0,48.0,48.0,0,0,45400.0,2209900.0,1.0,49.0,49.0,48.0,48.0,45400.0
2022-08-26,99780,49.0,49.0,48.0,49.0,0,0,42400.0,2069200.0,1.0,49.0,49.0,48.0,49.0,42400.0
2022-08-29,99780,49.0,50.0,48.0,50.0,0,0,456000.0,22192800.0,1.0,49.0,50.0,48.0,50.0,456000.0
2022-08-30,99780,48.0,49.0,48.0,48.0,0,0,114500.0,5521500.0,1.0,48.0,49.0,48.0,48.0,114500.0
2022-08-31,99780,48.0,50.0,48.0,50.0,0,0,324200.0,15876800.0,1.0,48.0,50.0,48.0,50.0,324200.0
2022-09-01,99780,49.0,50.0,48.0,49.0,0,0,227000.0,11122000.0,1.0,49.0,50.0,48.0,49.0,227000.0
2022-09-02,99780,48.0,49.0,48.0,48.0,0,0,49300.0,2387900.0,1.0,48.0,49.0,48.0,48.0,49300.0
2022-09-05,99780,49.0,49.0,48.0,48.0,0,0,26400.0,1277500.0,1.0,49.0,49.0,48.0,48.0,26400.0
2022-09-06,99780,48.0,49.0,48.0,48.0,0,0,45200.0,2198000.0,1.0,48.0,49.0,48.0,48.0,45200.0
2022-09-07,99780,48.0,49.0,46.0,46.0,0,0,527400.0,24980100.0,1.0,48.0,49.0,46.0,46.0,527400.0
2022-09-08,99780,47.0,47.0,46.0,47.0,0,0,83300.0,3878700.0,1.0,47.0,47.0,46.0,47.0,83300.0
2022-09-09,99780,47.0,48.0,46.0,46.0,0,0,379800.0,17581400.0,1.0,47.0,48.0,46.0,46.0,379800.0
2022-09-12,99780,47.0,47.0,46.0,46.0,0,0,69400.0,3212900.0,1.0,47.0,47.0,46.0,46.0,69400.0
2022-09-13,99780,46.0,47.0,46.0,46.0,0,0,41300.0,1922300.0,1.0,46.0,47.0,46.0,46.0,41300.0
2022-09-14,99780,46.0,47.0,46.0,46.0,0,0,200700.0,9238200.0,1.0,46.0,47.0,46.0,46.0,200700.0
2022-09-15,99780,46.0,47.0,46.0,46.0,0,0,31400.0,1446300.0,1.0,46.0,47.0,46.0,46.0,31400.0
2022-09-16,99780,46.0,47.0,45.0,46.0,0,0,98900.0,4547800.0,1.0,46.0,47.0,45.0,46.0,98900.0
2022-09-20,99780,46.0,47.0,45.0,45.0,0,0,191200.0,8674200.0,1.0,46.0,47.0,45.0,45.0,191200.0
2022-09-21,99780,46.0,46.0,45.0,45.0,0,0,20400.0,931600.0,1.0,46.0,46.0,45.0,45.0,20400.0
2022-09-22,99780,45.0,47.0,44.0,47.0,0,0,305200.0,13872200.0,1.0,45.0,47.0,44.0,47.0,305200.0
2022-09-26,99780,45.0,47.0,45.0,46.0,0,0,67500.0,3085200.0,1.0,45.0,47.0,45.0,46.0,67500.0
2022-09-27,99780,46.0,47.0,45.0,45.0,0,0,81400.0,3748000.0,1.0,46.0,47.0,45.0,45.0,81400.0
2022-09-28,99780,46.0,46.0,45.0,45.0,0,0,89600.0,4061000.0,1.0,46.0,46.0,45.0,45.0,89600.0
2022-09-29,99780,45.0,46.0,45.0,46.0,0,0,34400.0,1558100.0,1.0,45.0,46.0,45.0,46.0,34400.0
2022-09-30,99780,46.0,46.0,45.0,45.0,0,0,41900.0,1897600.0,1.0,46.0,46.0,45.0,45.0,41900.0
2022-10-03,99780,45.0,46.0,45.0,46.0,0,0,50900.0,2307400.0,1.0,45.0,46.0,45.0,46.0,50900.0
2022-10-04,99780,46.0,47.0,45.0,46.0,0,0,192200.0,8853400.0,1.0,46.0,47.0,45.0,46.0,192200.0
2022-10-05,99780,46.0,47.0,45.0,47.0,0,0,350700.0,16277200.0,1.0,46.0,47.0,45.0,47.0,350700.0
2022-10-06,99780,47.0,48.0,46.0,46.0,0,0,612800.0,28708100.0,1.0,47.0,48.0,46.0,46.0,612800.0
2022-10-07,99780,45.0,45.0,42.0,43.0,0,0,903200.0,39598400.0,1.0,45.0,45.0,42.0,43.0,903200.0
2022-10-11,99780,43.0,44.0,43.0,43.0,0,0,65400.0,2816200.0,1.0,43.0,44.0,43.0,43.0,65400.0
2022-10-12,99780,43.0,44.0,43.0,43.0,0,0,99800.0,4299400.0,1.0,43.0,44.0,43.0,43.0,99800.0
2022-10-13,99780,43.0,44.0,42.0,43.0,0,0,61900.0,2658500.0,1.0,43.0,44.0,42.0,43.0,61900.0
2022-10-14,99780,43.0,44.0,42.0,44.0,0,0,126400.0,5491300.0,1.0,43.0,44.0,42.0,44.0,126400.0
2022-10-17,99780,44.0,44.0,42.0,42.0,0,0,86100.0,3706100.0,1.0,44.0,44.0,42.0,42.0,86100.0
2022-10-18,99780,43.0,44.0,42.0,43.0,0,0,48600.0,2088400.0,1.0,43.0,44.0,42.0,43.0,48600.0
2022-10-19,99780,43.0,44.0,42.0,42.0,0,0,115400.0,4959700.0,1.0,43.0,44.0,42.0,42.0,115400.0
2022-10-20,99780,43.0,43.0,42.0,42.0,0,0,36800.0,1563900.0,1.0,43.0,43.0,42.0,42.0,36800.0
2022-10-21,99780,43.0,43.0,42.0,43.0,0,0,39000.0,1671500.0,1.0,43.0,43.0,42.0,43.0,39000.0
2022-10-24,99780,43.0,43.0,42.0,42.0,0,0,30300.0,1299000.0,1.0,43.0,43.0,42.0,42.0,30300.0
2022-10-25,99780,43.0,43.0,42.0,43.0,0,0,31200.0,1329800.0,1.0,43.0,43.0,42.0,43.0,31200.0
2022-10-26,99780,43.0,43.0,42.0,42.0,0,0,77100.0,3279200.0,1.0,43.0,43.0,42.0,42.0,77100.0
2022-10-27,99780,43.0,43.0,42.0,43.0,0,0,37500.0,1610000.0,1.0,43.0,43.0,42.0,43.0,37500.0
2022-10-28,99780,43.0,43.0,42.0,43.0,0,0,45600.0,1958300.0,1.0,43.0,43.0,42.0,43.0,45600.0
2022-10-31,99780,43.0,43.0,42.0,42.0,0,0,171700.0,7230700.0,1.0,43.0,43.0,42.0,42.0,171700.0
2022-11-01,99780,43.0,43.0,42.0,42.0,0,0,250600.0,10658300.0,1.0,43.0,43.0,42.0,42.0,250600.0
2022-11-02,99780,43.0,43.0,42.0,42.0,0,0,32200.0,1361300.0,1.0,43.0,43.0,42.0,42.0,32200.0
2022-11-04,99780,43.0,43.0,42.0,42.0,0,0,23300.0,993700.0,1.0,43.0,43.0,42.0,42.0,23300.0
2022-11-07,99780,43.0,43.0,42.0,42.0,0,0,27500.0,1170300.0,1.0,43.0,43.0,42.0,42.0,27500.0
2022-11-08,99780,42.0,43.0,42.0,42.0,0,0,33200.0,1400800.0,1.0,42.0,43.0,42.0,42.0,33200.0
2022-11-09,99780,43.0,43.0,42.0,43.0,0,0,16100.0,687700.0,1.0,43.0,43.0,42.0,43.0,16100.0
2022-11-10,99780,43.0,43.0,42.0,42.0,0,0,57300.0,2453100.0,1.0,43.0,43.0,42.0,42.0,57300.0
2022-11-11,99780,42.0,43.0,42.0,42.0,0,0,90000.0,3796100.0,1.0,42.0,43.0,42.0,42.0,90000.0
2022-11-14,99780,42.0,43.0,42.0,42.0,0,0,61000.0,2567200.0,1.0,42.0,43.0,42.0,42.0,61000.0
2022-11-15,99780,42.0,43.0,42.0,42.0,0,0,57700.0,2441700.0,1.0,42.0,43.0,42.0,42.0,57700.0
2022-11-16,99780,43.0,43.0,42.0,42.0,0,0,159400.0,6702800.0,1.0,43.0,43.0,42.0,42.0,159400.0
2022-11-17,99780,42.0,43.0,42.0,42.0,0,0,39900.0,1680100.0,1.0,42.0,43.0,42.0,42.0,39900.0
2022-11-18,99780,42.0,43.0,42.0,42.0,0,0,165600.0,6958800.0,1.0,42.0,43.0,42.0,42.0,165600.0
2022-11-21,99780,42.0,43.0,42.0,42.0,0,0,48100.0,2028600.0,1.0,42.0,43.0,42.0,42.0,48100.0
2022-11-22,99780,42.0,43.0,42.0,42.0,0,0,65700.0,2771000.0,1.0,42.0,43.0,42.0,42.0,65700.0
2022-11-24,99780,42.0,43.0,42.0,42.0,0,0,39100.0,1651500.0,1.0,42.0,43.0,42.0,42.0,39100.0
2022-11-25,99780,43.0,43.0,42.0,42.0,0,0,29100.0,1239200.0,1.0,43.0,43.0,42.0,42.0,29100.0
2022-11-28,99780,42.0,43.0,42.0,43.0,0,0,19300.0,818800.0,1.0,42.0,43.0,42.0,43.0,19300.0
2022-11-29,99780,43.0,43.0,42.0,42.0,0,0,43300.0,1832300.0,1.0,43.0,43.0,42.0,42.0,43300.0
2022-11-30,99780,43.0,43.0,42.0,42.0,0,0,40600.0,1720700.0,1.0,43.0,43.0,42.0,42.0,40600.0
2022-12-01,99780,43.0,43.0,42.0,42.0,0,0,23400.0,994700.0,1.0,43.0,43.0,42.0,42.0,23400.0
2022-12-02,99780,42.0,43.0,42.0,42.0,0,0,63000.0,2650300.0,1.0,42.0,43.0,42.0,42.0,63000.0
2022-12-05,99780,43.0,43.0,42.0,42.0,0,0,95800.0,4053300.0,1.0,43.0,43.0,42.0,42.0,95800.0
2022-12-06,99780,42.0,43.0,42.0,43.0,0,0,198500.0,8342900.0,1.0,42.0,43.0,42.0,43.0,198500.0
2022-12-07,99780,42.0,43.0,42.0,42.0,0,0,115500.0,4853500.0,1.0,42.0,43.0,42.0,42.0,115500.0
2022-12-08,99780,43.0,43.0,42.0,42.0,0,0,65400.0,2785100.0,1.0,43.0,43.0,42.0,42.0,65400.0
2022-12-09,99780,42.0,43.0,42.0,42.0,0,0,38400.0,1626400.0,1.0,42.0,43.0,42.0,42.0,38400.0
2022-12-12,99780,42.0,43.0,42.0,43.0,0,0,154600.0,6584300.0,1.0,42.0,43.0,42.0,43.0,154600.0
2022-12-13,99780,43.0,44.0,43.0,43.0,0,0,489500.0,21276800.0,1.0,43.0,44.0,43.0,43.0,489500.0
2022-12-14,99780,43.0,45.0,43.0,44.0,0,0,163900.0,7198100.0,1.0,43.0,45.0,43.0,44.0,163900.0
2022-12-15,99780,44.0,44.0,43.0,44.0,0,0,102400.0,4488900.0,1.0,44.0,44.0,43.0,44.0,102400.0
2022-12-16,99780,44.0,44.0,43.0,43.0,0,0,65800.0,2889700.0,1.0,44.0,44.0,43.0,43.0,65800.0
2022-12-19,99780,44.0,44.0,43.0,43.0,0,0,63000.0,2751100.0,1.0,44.0,44.0,43.0,43.0,63000.0
2022-12-20,99780,44.0,44.0,42.0,42.0,0,0,164900.0,7095800.0,1.0,44.0,44.0,42.0,42.0,164900.0
2022-12-21,99780,42.0,43.0,42.0,42.0,0,0,65900.0,2773200.0,1.0,42.0,43.0,42.0,42.0,65900.0
2022-12-22,99780,42.0,43.0,42.0,42.0,0,0,138300.0,5841500.0,1.0,42.0,43.0,42.0,42.0,138300.0
2022-12-23,99780,42.0,42.0,41.0,42.0,0,0,270100.0,11323700.0,1.0,42.0,42.0,41.0,42.0,270100.0
2022-12-26,99780,42.0,42.0,41.0,41.0,0,0,211200.0,8697200.0,1.0,42.0,42.0,41.0,41.0,211200.0
2022-12-27,99780,41.0,42.0,41.0,41.0,0,0,93200.0,3831600.0,1.0,41.0,42.0,41.0,41.0,93200.0
2022-12-28,99780,41.0,42.0,40.0,40.0,0,0,204800.0,8364100.0,1.0,41.0,42.0,40.0,40.0,204800.0
2022-12-29,99780,41.0,43.0,40.0,41.0,0,0,232200.0,9654700.0,1.0,41.0,43.0,40.0,41.0,232200.0
2022-12-30,99780,42.0,43.0,41.0,43.0,0,0,79900.0,3364300.0,1.0,42.0,43.0,41.0,43.0,79900.0
2023-01-04,99780,43.0,43.0,41.0,41.0,0,0,126900.0,5366000.0,1.0,43.0,43.0,41.0,41.0,126900.0
2023-01-05,99780,42.0,42.0,41.0,42.0,0,0,40200.0,1683300.0,1.0,42.0,42.0,41.0,42.0,40200.0
2023-01-06,99780,42.0,42.0,41.0,42.0,0,0,39500.0,1653500.0,1.0,42.0,42.0,41.0,42.0,39500.0
2023-01-10,99780,42.0,42.0,41.0,42.0,0,0,42500.0,1783100.0,1.0,42.0,42.0,41.0,42.0,42500.0
2023-01-11,99780,42.0,43.0,41.0,42.0,0,0,45100.0,1897500.0,1.0,42.0,43.0,41.0,42.0,45100.0
2023-01-12,99780,42.0,43.0,42.0,43.0,0,0,33300.0,1411300.0,1.0,42.0,43.0,42.0,43.0,33300.0
2023-01-13,99780,43.0,43.0,41.0,41.0,0,0,213600.0,8863300.0,1.0,43.0,43.0,41.0,41.0,213600.0
2023-01-16,99780,41.0,42.0,41.0,42.0,0,0,26700.0,1102900.0,1.0,41.0,42.0,41.0,42.0,26700.0
2023-01-17,99780,42.0,42.0,41.0,42.0,0,0,23100.0,968300.0,1.0,42.0,42.0,41.0,42.0,23100.0
2023-01-18,99780,42.0,42.0,41.0,41.0,0,0,65300.0,2707600.0,1.0,42.0,42.0,41.0,41.0,65300.0
2023-01-19,99780,42.0,42.0,41.0,41.0,0,0,58700.0,2427900.0,1.0,42.0,42.0,41.0,41.0,58700.0
2023-01-20,99780,41.0,42.0,41.0,42.0,0,0,39100.0,1615000.0,1.0,41.0,42.0,41.0,42.0,39100.0
2023-01-23,99780,42.0,42.0,41.0,41.0,0,0,57100.0,2386900.0,1.0,42.0,42.0,41.0,41.0,57100.0
2023-01-24,99780,42.0,46.0,41.0,44.0,0,0,2093600.0,91755300.0,1.0,42.0,46.0,41.0,44.0,2093600.0
2023-01-25,99780,43.0,48.0,42.0,44.0,0,0,2487100.0,112347800.0,1.0,43.0,48.0,42.0,44.0,2487100.0
2023-01-26,99780,45.0,45.0,44.0,44.0,0,0,107400.0,4805300.0,1.0,45.0,45.0,44.0,44.0,107400.0
2023-01-27,99780,45.0,45.0,44.0,44.0,0,0,71700.0,3169900.0,1.0,45.0,45.0,44.0,44.0,71700.0
2023-01-30,99780,45.0,45.0,43.0,43.0,0,0,105300.0,4619100.0,1.0,45.0,45.0,43.0,43.0,105300.0
2023-01-31,99780,43.0,44.0,42.0,42.0,0,0,197300.0,8478700.0,1.0,43.0,44.0,42.0,42.0,197300.0
2023-02-01,99780,43.0,43.0,42.0,42.0,0,0,136900.0,5812500.0,1.0,43.0,43.0,42.0,42.0,136900.0
2023-02-02,99780,43.0,43.0,42.0,42.0,0,0,72600.0,3073700.0,1.0,43.0,43.0,42.0,42.0,72600.0
2023-02-03,99780,43.0,43.0,41.0,41.0,0,0,298800.0,12548300.0,1.0,43.0,43.0,41.0,41.0,298800.0
2023-02-06,99780,42.0,42.0,41.0,41.0,0,0,188300.0,7756000.0,1.0,42.0,42.0,41.0,41.0,188300.0
2023-02-07,99780,42.0,42.0,41.0,42.0,0,0,29800.0,1250500.0,1.0,42.0,42.0,41.0,42.0,29800.0
2023-02-08,99780,42.0,42.0,41.0,42.0,0,0,50000.0,2097700.0,1.0,42.0,42.0,41.0,42.0,50000.0
2023-02-09,99780,42.0,42.0,41.0,42.0,0,0,84900.0,3565100.0,1.0,42.0,42.0,41.0,42.0,84900.0
2023-02-10,99780,42.0,43.0,41.0,41.0,0,0,168400.0,6979600.0,1.0,42.0,43.0,41.0,41.0,168400.0
2023-02-13,99780,42.0,42.0,41.0,42.0,0,0,53800.0,2254800.0,1.0,42.0,42.0,41.0,42.0,53800.0
2023-02-14,99780,42.0,42.0,41.0,42.0,0,0,65100.0,2725700.0,1.0,42.0,42.0,41.0,42.0,65100.0
2023-02-15,99780,42.0,42.0,41.0,42.0,0,0,55900.0,2345100.0,1.0,42.0,42.0,41.0,42.0,55900.0
2023-02-16,99780,42.0,43.0,41.0,43.0,0,0,118200.0,4964100.0,1.0,42.0,43.0,41.0,43.0,118200.0
2023-02-17,99780,42.0,43.0,42.0,43.0,0,0,27800.0,1180300.0,1.0,42.0,43.0,42.0,43.0,27800.0
2023-02-20,99780,43.0,43.0,42.0,43.0,0,0,77700.0,3315100.0,1.0,43.0,43.0,42.0,43.0,77700.0
2023-02-21,99780,43.0,43.0,42.0,43.0,0,0,45800.0,1966600.0,1.0,43.0,43.0,42.0,43.0,45800.0
2023-02-22,99780,43.0,43.0,42.0,43.0,0,0,57500.0,2448800.0,1.0,43.0,43.0,42.0,43.0,57500.0
2023-02-24,99780,43.0,43.0,42.0,43.0,0,0,253700.0,10842600.0,1.0,43.0,43.0,42.0,43.0,253700.0
2023-02-27,99780,42.0,42.0,41.0,41.0,0,0,315900.0,13113000.0,1.0,42.0,42.0,41.0,41.0,315900.0
2023-02-28,99780,42.0,42.0,41.0,42.0,0,0,59300.0,2474000.0,1.0,42.0,42.0,41.0,42.0,59300.0
2023-03-01,99780,42.0,43.0,40.0,41.0,0,0,873200.0,36056400.0,1.0,42.0,43.0,40.0,41.0,873200.0
2023-03-02,99780,41.0,41.0,40.0,41.0,0,0,148800.0,6093900.0,1.0,41.0,41.0,40.0,41.0,148800.0
2023-03-03,99780,41.0,42.0,41.0,41.0,0,0,69100.0,2837300.0,1.0,41.0,42.0,41.0,41.0,69100.0
2023-03-06,99780,42.0,42.0,41.0,41.0,0,0,40900.0,1705800.0,1.0,42.0,42.0,41.0,41.0,40900.0
2023-03-07,99780,42.0,42.0,41.0,41.0,0,0,14900.0,618400.0,1.0,42.0,42.0,41.0,41.0,14900.0
2023-03-08,99780,42.0,42.0,41.0,41.0,0,0,61300.0,2559000.0,1.0,42.0,42.0,41.0,41.0,61300.0
2023-03-09,99780,42.0,42.0,41.0,41.0,0,0,78800.0,3288200.0,1.0,42.0,42.0,41.0,41.0,78800.0
2023-03-10,99780,42.0,42.0,41.0,42.0,0,0,37200.0,1538000.0,1.0,42.0,42.0,41.0,42.0,37200.0
2023-03-13,99780,41.0,42.0,41.0,41.0,0,0,79100.0,3246500.0,1.0,41.0,42.0,41.0,41.0,79100.0
2023-03-14,99780,41.0,41.0,40.0,40.0,0,0,134800.0,5499700.0,1.0,41.0,41.0,40.0,40.0,134800.0
2023-03-15,99780,40.0,41.0,40.0,40.0,0,0,68300.0,2769300.0,1.0,40.0,41.0,40.0,40.0,68300.0
2023-03-16,99780,40.0,41.0,40.0,40.0,0,0,63600.0,2553400.0,1.0,40.0,41.0,40.0,40.0,63600.0
2023-03-17,99780,41.0,41.0,40.0,40.0,0,0,82200.0,3298200.0,1.0,41.0,41.0,40.0,40.0,82200.0
2023-03-20,99780,40.0,41.0,40.0,40.0,0,0,36600.0,1468800.0,1.0,40.0,41.0,40.0,40.0,36600.0
2023-03-22,99780,41.0,41.0,40.0,40.0,0,0,20300.0,827600.0,1.0,41.0,41.0,40.0,40.0,20300.0
2023-03-23,99780,41.0,41.0,40.0,40.0,0,0,17300.0,699600.0,1.0,41.0,41.0,40.0,40.0,17300.0
2023-03-24,99780,41.0,41.0,40.0,40.0,0,0,162500.0,6505400.0,1.0,41.0,41.0,40.0,40.0,162500.0
2023-03-27,99780,40.0,41.0,40.0,40.0,0,0,43600.0,1747400.0,1.0,40.0,41.0,40.0,40.0,43600.0
2023-03-28,99780,40.0,42.0,40.0,40.0,0,0,221700.0,9073700.0,1.0,40.0,42.0,40.0,40.0,221700.0
2023-03-29,99780,40.0,41.0,40.0,40.0,0,0,20100.0,811300.0,1.0,40.0,41.0,40.0,40.0,20100.0
2023-03-30,99780,41.0,41.0,40.0,41.0,0,0,28100.0,1138100.0,1.0,41.0,41.0,40.0,41.0,28100.0
2023-03-31,99780,40.0,41.0,40.0,40.0,0,0,32900.0,1319800.0,1.0,40.0,41.0,40.0,40.0,32900.0
2023-04-03,99780,40.0,41.0,40.0,40.0,0,0,58700.0,2372600.0,1.0,40.0,41.0,40.0,40.0,58700.0
2023-04-04,99780,40.0,41.0,40.0,40.0,0,0,23100.0,932300.0,1.0,40.0,41.0,40.0,40.0,23100.0
2023-04-05,99780,40.0,41.0,40.0,41.0,0,0,10500.0,426800.0,1.0,40.0,41.0,40.0,41.0,10500.0
2023-04-06,99780,41.0,41.0,40.0,41.0,0,0,15100.0,615100.0,1.0,41.0,41.0,40.0,41.0,15100.0
2023-04-07,99780,41.0,41.0,40.0,41.0,0,0,64900.0,2643900.0,1.0,41.0,41.0,40.0,41.0,64900.0
2023-04-10,99780,41.0,41.0,40.0,40.0,0,0,27700.0,1120300.0,1.0,41.0,41.0,40.0,40.0,27700.0
2023-04-11,99780,40.0,41.0,40.0,41.0,0,0,14300.0,577900.0,1.0,40.0,41.0,40.0,41.0,14300.0
2023-04-12,99780,41.0,41.0,40.0,41.0,0,0,27100.0,1108900.0,1.0,41.0,41.0,40.0,41.0,27100.0
2023-04-13,99780,42.0,44.0,41.0,42.0,0,0,984000.0,41533000.0,1.0,42.0,44.0,41.0,42.0,984000.0
2023-04-14,99780,41.0,42.0,40.0,42.0,0,0,296000.0,12146000.0,1.0,41.0,42.0,40.0,42.0,296000.0
2023-04-17,99780,41.0,41.0,40.0,40.0,0,0,134100.0,5437400.0,1.0,41.0,41.0,40.0,40.0,134100.0
2023-04-18,99780,40.0,41.0,40.0,40.0,0,0,139500.0,5629400.0,1.0,40.0,41.0,40.0,40.0,139500.0
2023-04-19,99780,40.0,41.0,40.0,41.0,0,0,52400.0,2114700.0,1.0,40.0,41.0,40.0,41.0,52400.0
2023-04-20,99780,40.0,41.0,40.0,40.0,0,0,55100.0,2224900.0,1.0,40.0,41.0,40.0,40.0,55100.0
2023-04-21,99780,41.0,41.0,40.0,40.0,0,0,67600.0,2722200.0,1.0,41.0,41.0,40.0,40.0,67600.0
2023-04-24,99780,40.0,41.0,40.0,40.0,0,0,54600.0,2197100.0,1.0,40.0,41.0,40.0,40.0,54600.0
2023-04-25,99780,40.0,41.0,40.0,40.0,0,0,28500.0,1152000.0,1.0,40.0,41.0,40.0,40.0,28500.0
2023-04-26,99780,40.0,41.0,40.0,40.0,0,0,421000.0,16845000.0,1.0,40.0,41.0,40.0,40.0,421000.0
2023-04-27,99780,41.0,41.0,40.0,40.0,0,0,85500.0,3454300.0,1.0,41.0,41.0,40.0,40.0,85500.0
2023-04-28,99780,41.0,41.0,40.0,41.0,0,0,57100.0,2331200.0,1.0,41.0,41.0,40.0,41.0,57100.0
2023-05-01,99780,40.0,41.0,39.0,41.0,0,0,364600.0,14549400.0,1.0,40.0,41.0,39.0,41.0,364600.0
2023-05-02,99780,40.0,41.0,39.0,41.0,0,0,35000.0,1401700.0,1.0,40.0,41.0,39.0,41.0,35000.0
2023-05-08,99780,40.0,41.0,40.0,41.0,0,0,41300.0,1653400.0,1.0,40.0,41.0,40.0,41.0,41300.0
2023-05-09,99780,41.0,41.0,40.0,40.0,0,0,22000.0,897300.0,1.0,41.0,41.0,40.0,40.0,22000.0
2023-05-10,99780,41.0,41.0,40.0,40.0,0,0,38900.0,1586100.0,1.0,41.0,41.0,40.0,40.0,38900.0
2023-05-11,99780,40.0,41.0,40.0,40.0,0,0,46000.0,1861100.0,1.0,40.0,41.0,40.0,40.0,46000.0
2023-05-12,99780,40.0,41.0,40.0,40.0,0,0,50400.0,2028200.0,1.0,40.0,41.0,40.0,40.0,50400.0
2023-05-15,99780,40.0,41.0,40.0,41.0,0,0,134700.0,5388800.0,1.0,40.0,41.0,40.0,41.0,134700.0
2023-05-16,99780,40.0,41.0,40.0,40.0,0,0,62300.0,2493000.0,1.0,40.0,41.0,40.0,40.0,62300.0
2023-05-17,99780,40.0,41.0,40.0,40.0,0,0,40100.0,1610600.0,1.0,40.0,41.0,40.0,40.0,40100.0
2023-05-18,99780,40.0,41.0,40.0,40.0,0,0,21500.0,860100.0,1.0,40.0,41.0,40.0,40.0,21500.0
2023-05-19,99780,40.0,41.0,39.0,40.0,0,0,141500.0,5615000.0,1.0,40.0,41.0,39.0,40.0,141500.0
2023-05-22,99780,40.0,40.0,39.0,39.0,0,0,67500.0,2686900.0,1.0,40.0,40.0,39.0,39.0,67500.0
2023-05-23,99780,39.0,40.0,39.0,39.0,0,0,57400.0,2272100.0,1.0,39.0,40.0,39.0,39.0,57400.0
2023-05-24,99780,39.0,40.0,39.0,40.0,0,0,45900.0,1819700.0,1.0,39.0,40.0,39.0,40.0,45900.0
2023-05-25,99780,39.0,40.0,39.0,39.0,0,0,26000.0,1019300.0,1.0,39.0,40.0,39.0,39.0,26000.0
2023-05-26,99780,39.0,40.0,39.0,39.0,0,0,37200.0,1465100.0,1.0,39.0,40.0,39.0,39.0,37200.0
2023-05-29,99780,39.0,40.0,39.0,40.0,0,0,94100.0,3722300.0,1.0,39.0,40.0,39.0,40.0,94100.0
2023-05-30,99780,40.0,40.0,39.0,40.0,0,0,145100.0,5801000.0,1.0,40.0,40.0,39.0,40.0,145100.0
2023-05-31,99780,40.0,40.0,39.0,40.0,0,0,58700.0,2347000.0,1.0,40.0,40.0,39.0,40.0,58700.0
2023-06-01,99780,39.0,40.0,39.0,40.0,0,0,55300.0,2193700.0,1.0,39.0,40.0,39.0,40.0,55300.0
2023-06-02,99780,40.0,40.0,39.0,39.0,0,0,70800.0,2774200.0,1.0,40.0,40.0,39.0,39.0,70800.0
2023-06-05,99780,39.0,40.0,39.0,39.0,0,0,76200.0,2988100.0,1.0,39.0,40.0,39.0,39.0,76200.0
2023-06-06,99780,39.0,40.0,39.0,39.0,0,0,27600.0,1088200.0,1.0,39.0,40.0,39.0,39.0,27600.0
2023-06-07,99780,40.0,40.0,39.0,40.0,0,0,47500.0,1895100.0,1.0,40.0,40.0,39.0,40.0,47500.0
2023-06-08,99780,40.0,40.0,39.0,39.0,0,0,16000.0,634400.0,1.0,40.0,40.0,39.0,39.0,16000.0
2023-06-09,99780,40.0,40.0,39.0,40.0,0,0,92200.0,3650100.0,1.0,40.0,40.0,39.0,40.0,92200.0
2023-06-12,99780,40.0,40.0,39.0,40.0,0,0,18700.0,739700.0,1.0,40.0,40.0,39.0,40.0,18700.0
2023-06-13,99780,40.0,40.0,39.0,39.0,0,0,63000.0,2482700.0,1.0,40.0,40.0,39.0,39.0,63000.0
2023-06-14,99780,40.0,40.0,39.0,39.0,0,0,45900.0,1808300.0,1.0,40.0,40.0,39.0,39.0,45900.0
2023-06-15,99780,40.0,40.0,39.0,39.0,0,0,40400.0,1589800.0,1.0,40.0,40.0,39.0,39.0,40400.0
2023-06-16,99780,40.0,40.0,39.0,39.0,0,0,78600.0,3088700.0,1.0,40.0,40.0,39.0,39.0,78600.0
2023-06-19,99780,39.0,40.0,39.0,39.0,0,0,137000.0,5410800.0,1.0,39.0,40.0,39.0,39.0,137000.0
2023-06-20,99780,40.0,40.0,39.0,40.0,0,0,14700.0,582500.0,1.0,40.0,40.0,39.0,40.0,14700.0
2023-06-21,99780,40.0,40.0,39.0,40.0,0,0,55100.0,2193200.0,1.0,40.0,40.0,39.0,40.0,55100.0
2023-06-22,99780,40.0,40.0,39.0,40.0,0,0,102400.0,4067100.0,1.0,40.0,40.0,39.0,40.0,102400.0
2023-06-23,99780,40.0,40.0,39.0,40.0,0,0,46900.0,1861500.0,1.0,40.0,40.0,39.0,40.0,46900.0
2023-06-26,99780,40.0,40.0,39.0,40.0,0,0,65600.0,2606900.0,1.0,40.0,40.0,39.0,40.0,65600.0
2023-06-27,99780,40.0,40.0,39.0,40.0,0,0,28200.0,1116300.0,1.0,40.0,40.0,39.0,40.0,28200.0
2023-06-28,99780,40.0,40.0,39.0,40.0,0,0,32100.0,1270800.0,1.0,40.0,40.0,39.0,40.0,32100.0
2023-06-29,99780,40.0,40.0,39.0,40.0,0,0,20300.0,807800.0,1.0,40.0,40.0,39.0,40.0,20300.0
2023-06-30,99780,40.0,40.0,39.0,40.0,0,0,38700.0,1538400.0,1.0,40.0,40.0,39.0,40.0,38700.0
2023-07-03,99780,40.0,40.0,39.0,40.0,0,0,37400.0,1483300.0,1.0,40.0,40.0,39.0,40.0,37400.0
2023-07-04,99780,40.0,40.0,39.0,40.0,0,0,35000.0,1397400.0,1.0,40.0,40.0,39.0,40.0,35000.0
2023-07-05,99780,40.0,40.0,39.0,40.0,0,0,35400.0,1407400.0,1.0,40.0,40.0,39.0,40.0,35400.0
2023-07-06,99780,40.0,40.0,39.0,39.0,0,0,23000.0,905700.0,1.0,40.0,40.0,39.0,39.0,23000.0
2023-07-07,99780,40.0,40.0,39.0,40.0,0,0,21800.0,867900.0,1.0,40.0,40.0,39.0,40.0,21800.0
2023-07-10,99780,40.0,40.0,39.0,40.0,0,0,74100.0,2924500.0,1.0,40.0,40.0,39.0,40.0,74100.0
2023-07-11,99780,40.0,40.0,39.0,40.0,0,0,19700.0,783800.0,1.0,40.0,40.0,39.0,40.0,19700.0
2023-07-12,99780,39.0,40.0,39.0,40.0,0,0,36400.0,1447300.0,1.0,39.0,40.0,39.0,40.0,36400.0
2023-07-13,99780,40.0,40.0,39.0,40.0,0,0,243200.0,9716900.0,1.0,40.0,40.0,39.0,40.0,243200.0
2023-07-14,99780,40.0,40.0,39.0,40.0,0,0,324900.0,12776000.0,1.0,40.0,40.0,39.0,40.0,324900.0
2023-07-18,99780,39.0,40.0,39.0,39.0,0,0,34500.0,1351100.0,1.0,39.0,40.0,39.0,39.0,34500.0
2023-07-19,99780,39.0,40.0,39.0,39.0,0,0,131900.0,5159500.0,1.0,39.0,40.0,39.0,39.0,131900.0
2023-07-20,99780,39.0,40.0,39.0,39.0,0,0,15800.0,618300.0,1.0,39.0,40.0,39.0,39.0,15800.0
2023-07-21,99780,40.0,40.0,39.0,40.0,0,0,25100.0,1002900.0,1.0,40.0,40.0,39.0,40.0,25100.0
2023-07-24,99780,40.0,40.0,39.0,40.0,0,0,44400.0,1766100.0,1.0,40.0,40.0,39.0,40.0,44400.0
2023-07-25,99780,39.0,40.0,39.0,39.0,0,0,83600.0,3265200.0,1.0,39.0,40.0,39.0,39.0,83600.0
2023-07-26,99780,39.0,40.0,39.0,39.0,0,0,30500.0,1200400.0,1.0,39.0,40.0,39.0,39.0,30500.0
2023-07-27,99780,40.0,40.0,39.0,39.0,0,0,13700.0,543800.0,1.0,40.0,40.0,39.0,39.0,13700.0
2023-07-28,99780,39.0,40.0,39.0,39.0,0,0,10600.0,414900.0,1.0,39.0,40.0,39.0,39.0,10600.0
2023-07-31,99780,39.0,40.0,39.0,40.0,0,0,36600.0,1447300.0,1.0,39.0,40.0,39.0,40.0,36600.0
2023-08-01,99780,39.0,40.0,39.0,40.0,0,0,10500.0,413500.0,1.0,39.0,40.0,39.0,40.0,10500.0
2023-08-02,99780,40.0,40.0,39.0,40.0,0,0,20300.0,810600.0,1.0,40.0,40.0,39.0,40.0,20300.0
2023-08-03,99780,39.0,40.0,38.0,40.0,0,0,461900.0,18011000.0,1.0,39.0,40.0,38.0,40.0,461900.0
2023-08-04,99780,40.0,40.0,39.0,40.0,0,0,77200.0,3060500.0,1.0,40.0,40.0,39.0,40.0,77200.0
2023-08-07,99780,39.0,39.0,38.0,39.0,0,0,470400.0,17999100.0,1.0,39.0,39.0,38.0,39.0,470400.0
2023-08-08,99780,39.0,39.0,38.0,39.0,0,0,99900.0,3875600.0,1.0,39.0,39.0,38.0,39.0,99900.0
2023-08-09,99780,39.0,39.0,38.0,39.0,0,0,63000.0,2454100.0,1.0,39.0,39.0,38.0,39.0,63000.0
2023-08-10,99780,39.0,39.0,38.0,39.0,0,0,57700.0,2248300.0,1.0,39.0,39.0,38.0,39.0,57700.0
2023-08-14,99780,39.0,39.0,38.0,39.0,0,0,51500.0,2007400.0,1.0,39.0,39.0,38.0,39.0,51500.0
2023-08-15,99780,39.0,39.0,38.0,39.0,0,0,67900.0,2645500.0,1.0,39.0,39.0,38.0,39.0,67900.0
2023-08-16,99780,39.0,39.0,38.0,39.0,0,0,55500.0,2160500.0,1.0,39.0,39.0,38.0,39.0,55500.0
2023-08-17,99780,39.0,39.0,38.0,39.0,0,0,37000.0,1441200.0,1.0,39.0,39.0,38.0,39.0,37000.0
2023-08-18,99780,39.0,39.0,38.0,39.0,0,0,28000.0,1085200.0,1.0,39.0,39.0,38.0,39.0,28000.0
2023-08-21,99780,39.0,39.0,38.0,39.0,0,0,52500.0,2044300.0,1.0,39.0,39.0,38.0,39.0,52500.0
2023-08-22,99780,39.0,39.0,38.0,39.0,0,0,48400.0,1876600.0,1.0,39.0,39.0,38.0,39.0,48400.0
2023-08-23,99780,39.0,39.0,38.0,39.0,0,0,77100.0,2993600.0,1.0,39.0,39.0,38.0,39.0,77100.0
2023-08-24,99780,39.0,39.0,38.0,39.0,0,0,70300.0,2738900.0,1.0,39.0,39.0,38.0,39.0,70300.0
2023-08-25,99780,39.0,40.0,38.0,39.0,0,0,69300.0,2693300.0,1.0,39.0,40.0,38.0,39.0,69300.0
2023-08-28,99780,39.0,40.0,39.0,39.0,0,0,51900.0,2030200.0,1.0,39.0,40.0,39.0,39.0,51900.0
2023-08-29,99780,39.0,40.0,39.0,39.0,0,0,88300.0,3483200.0,1.0,39.0,40.0,39.0,39.0,88300.0
2023-08-30,99780,39.0,39.0,38.0,38.0,0,0,78200.0,3033300.0,1.0,39.0,39.0,38.0,38.0,78200.0
2023-08-31,99780,39.0,39.0,38.0,39.0,0,0,25900.0,997200.0,1.0,39.0,39.0,38.0,39.0,25900.0
2023-09-01,99780,38.0,40.0,38.0,39.0,0,0,192500.0,7510200.0,1.0,38.0,40.0,38.0,39.0,192500.0
2023-09-04,99780,39.0,40.0,39.0,39.0,0,0,63400.0,2516100.0,1.0,39.0,40.0,39.0,39.0,63400.0
2023-09-05,99780,40.0,40.0,39.0,39.0,0,0,28600.0,1124500.0,1.0,40.0,40.0,39.0,39.0,28600.0
2023-09-06,99780,39.0,40.0,39.0,39.0,0,0,80900.0,3158100.0,1.0,39.0,40.0,39.0,39.0,80900.0
2023-09-07,99780,40.0,40.0,39.0,39.0,0,0,25800.0,1023300.0,1.0,40.0,40.0,39.0,39.0,25800.0
2023-09-08,99780,39.0,40.0,39.0,39.0,0,0,73100.0,2851400.0,1.0,39.0,40.0,39.0,39.0,73100.0
2023-09-11,99780,39.0,40.0,39.0,39.0,0,0,43000.0,1677400.0,1.0,39.0,40.0,39.0,39.0,43000.0
2023-09-12,99780,39.0,40.0,39.0,39.0,0,0,47600.0,1860300.0,1.0,39.0,40.0,39.0,39.0,47600.0
2023-09-13,99780,39.0,40.0,39.0,39.0,0,0,27000.0,1054200.0,1.0,39.0,40.0,39.0,39.0,27000.0
2023-09-14,99780,40.0,40.0,39.0,39.0,0,0,22500.0,880800.0,1.0,40.0,40.0,39.0,39.0,22500.0
2023-09-15,99780,39.0,40.0,39.0,40.0,0,0,161900.0,6322800.0,1.0,39.0,40.0,39.0,40.0,161900.0
2023-09-19,99780,39.0,40.0,39.0,40.0,0,0,61300.0,2409900.0,1.0,39.0,40.0,39.0,40.0,61300.0
2023-09-20,99780,39.0,40.0,39.0,39.0,0,0,21900.0,860400.0,1.0,39.0,40.0,39.0,39.0,21900.0
2023-09-21,99780,39.0,40.0,39.0,39.0,0,0,80600.0,3144200.0,1.0,39.0,40.0,39.0,39.0,80600.0
2023-09-22,99780,39.0,40.0,39.0,39.0,0,0,39900.0,1557200.0,1.0,39.0,40.0,39.0,39.0,39900.0
2023-09-25,99780,39.0,40.0,39.0,39.0,0,0,13200.0,515300.0,1.0,39.0,40.0,39.0,39.0,13200.0
2023-09-26,99780,39.0,40.0,39.0,39.0,0,0,16600.0,648000.0,1.0,39.0,40.0,39.0,39.0,16600.0
2023-09-27,99780,40.0,40.0,39.0,40.0,0,0,33100.0,1300200.0,1.0,40.0,40.0,39.0,40.0,33100.0
2023-09-28,99780,39.0,40.0,39.0,39.0,0,0,39500.0,1542900.0,1.0,39.0,40.0,39.0,39.0,39500.0
2023-09-29,99780,39.0,40.0,39.0,39.0,0,0,35400.0,1380800.0,1.0,39.0,40.0,39.0,39.0,35400.0
2023-10-02,99780,40.0,44.0,39.0,42.0,0,0,1501100.0,62325000.0,1.0,40.0,44.0,39.0,42.0,1501100.0
2023-10-03,99780,41.0,42.0,40.0,42.0,0,0,428200.0,17543700.0,1.0,41.0,42.0,40.0,42.0,428200.0
2023-10-04,99780,41.0,42.0,40.0,41.0,0,0,172700.0,7043200.0,1.0,41.0,42.0,40.0,41.0,172700.0
2023-10-05,99780,41.0,41.0,39.0,40.0,0,0,295300.0,11844600.0,1.0,41.0,41.0,39.0,40.0,295300.0
2023-10-06,99780,38.0,38.0,37.0,38.0,0,0,934500.0,35479200.0,1.0,38.0,38.0,37.0,38.0,934500.0
2023-10-10,99780,37.0,38.0,37.0,37.0,0,0,279400.0,10382200.0,1.0,37.0,38.0,37.0,37.0,279400.0
2023-10-11,99780,38.0,38.0,37.0,38.0,0,0,33800.0,1277600.0,1.0,38.0,38.0,37.0,38.0,33800.0
2023-10-12,99780,37.0,38.0,37.0,37.0,0,0,53900.0,2004000.0,1.0,37.0,38.0,37.0,37.0,53900.0
2023-10-13,99780,38.0,38.0,37.0,38.0,0,0,20400.0,771300.0,1.0,38.0,38.0,37.0,38.0,20400.0
2023-10-16,99780,37.0,37.0,36.0,36.0,0,0,334000.0,12311500.0,1.0,37.0,37.0,36.0,36.0,334000.0
2023-10-17,99780,36.0,37.0,36.0,37.0,0,0,153900.0,5577600.0,1.0,36.0,37.0,36.0,37.0,153900.0
2023-10-18,99780,37.0,37.0,36.0,36.0,0,0,17800.0,648100.0,1.0,37.0,37.0,36.0,36.0,17800.0
2023-10-19,99780,36.0,37.0,36.0,36.0,0,0,79400.0,2863800.0,1.0,36.0,37.0,36.0,36.0,79400.0
2023-10-20,99780,36.0,37.0,36.0,36.0,0,0,25500.0,925900.0,1.0,36.0,37.0,36.0,36.0,25500.0
2023-10-23,99780,36.0,37.0,36.0,36.0,0,0,82300.0,2973400.0,1.0,36.0,37.0,36.0,36.0,82300.0
2023-10-24,99780,36.0,37.0,35.0,36.0,0,0,302300.0,10864900.0,1.0,36.0,37.0,35.0,36.0,302300.0
2023-10-25,99780,36.0,36.0,35.0,36.0,0,0,98700.0,3532700.0,1.0,36.0,36.0,35.0,36.0,98700.0
2023-10-26,99780,35.0,36.0,35.0,36.0,0,0,50600.0,1805100.0,1.0,35.0,36.0,35.0,36.0,50600.0
2023-10-27,99780,36.0,36.0,35.0,36.0,0,0,31300.0,1117700.0,1.0,36.0,36.0,35.0,36.0,31300.0
2023-10-30,99780,36.0,36.0,35.0,35.0,0,0,79900.0,2830100.0,1.0,36.0,36.0,35.0,35.0,79900.0
2023-10-31,99780,35.0,36.0,35.0,35.0,0,0,30400.0,1069100.0,1.0,35.0,36.0,35.0,35.0,30400.0
2023-11-01,99780,35.0,36.0,35.0,36.0,0,0,25900.0,921200.0,1.0,35.0,36.0,35.0,36.0,25900.0
2023-11-02,99780,36.0,36.0,35.0,36.0,0,0,36900.0,1327600.0,1.0,36.0,36.0,35.0,36.0,36900.0
2023-11-06,99780,35.0,36.0,35.0,36.0,0,0,175200.0,6267500.0,1.0,35.0,36.0,35.0,36.0,175200.0
2023-11-07,99780,36.0,36.0,35.0,36.0,0,0,96500.0,3466400.0,1.0,36.0,36.0,35.0,36.0,96500.0
2023-11-08,99780,36.0,36.0,35.0,35.0,0,0,35900.0,1285400.0,1.0,36.0,36.0,35.0,35.0,35900.0
2023-11-09,99780,36.0,36.0,35.0,35.0,0,0,37100.0,1322900.0,1.0,36.0,36.0,35.0,35.0,37100.0
2023-11-10,99780,35.0,36.0,35.0,35.0,0,0,20900.0,735100.0,1.0,35.0,36.0,35.0,35.0,20900.0
2023-11-13,99780,36.0,36.0,35.0,35.0,0,0,43000.0,1544900.0,1.0,36.0,36.0,35.0,35.0,43000.0
2023-11-14,99780,35.0,36.0,35.0,35.0,0,0,67900.0,2379400.0,1.0,35.0,36.0,35.0,35.0,67900.0
2023-11-15,99780,36.0,36.0,35.0,35.0,0,0,22400.0,792200.0,1.0,36.0,36.0,35.0,35.0,22400.0
2023-11-16,99780,35.0,36.0,35.0,35.0,0,0,14400.0,508100.0,1.0,35.0,36.0,35.0,35.0,14400.0
2023-11-17,99780,35.0,36.0,35.0,35.0,0,0,73400.0,2584900.0,1.0,35.0,36.0,35.0,35.0,73400.0
2023-11-20,99780,35.0,36.0,34.0,35.0,0,0,408400.0,14294000.0,1.0,35.0,36.0,34.0,35.0,408400.0
2023-11-21,99780,35.0,35.0,34.0,35.0,0,0,123300.0,4313600.0,1.0,35.0,35.0,34.0,35.0,123300.0
2023-11-22,99780,35.0,36.0,35.0,35.0,0,0,61300.0,2148300.0,1.0,35.0,36.0,35.0,35.0,61300.0
2023-11-24,99780,35.0,36.0,35.0,35.0,0,0,112800.0,3958900.0,1.0,35.0,36.0,35.0,35.0,112800.0
2023-11-27,99780,36.0,36.0,35.0,36.0,0,0,94600.0,3380000.0,1.0,36.0,36.0,35.0,36.0,94600.0
2023-11-28,99780,35.0,36.0,35.0,35.0,0,0,42500.0,1499200.0,1.0,35.0,36.0,35.0,35.0,42500.0
2023-11-29,99780,36.0,36.0,35.0,35.0,0,0,28900.0,1029600.0,1.0,36.0,36.0,35.0,35.0,28900.0
2023-11-30,99780,35.0,36.0,35.0,35.0,0,0,21900.0,768900.0,1.0,35.0,36.0,35.0,35.0,21900.0
2023-12-01,99780,35.0,36.0,35.0,35.0,0,0,28200.0,992100.0,1.0,35.0,36.0,35.0,35.0,28200.0
2023-12-04,99780,35.0,36.0,35.0,35.0,0,0,68800.0,2410100.0,1.0,35.0,36.0,35.0,35.0,68800.0
2023-12-05,99780,36.0,38.0,35.0,37.0,0,0,732900.0,26834000.0,1.0,36.0,38.0,35.0,37.0,732900.0
2023-12-06,99780,36.0,38.0,36.0,36.0,0,0,214800.0,7875500.0,1.0,36.0,38.0,36.0,36.0,214800.0
2023-12-07,99780,37.0,37.0,36.0,36.0,0,0,62900.0,2294200.0,1.0,37.0,37.0,36.0,36.0,62900.0
2023-12-08,99780,36.0,37.0,35.0,36.0,0,0,230200.0,8244400.0,1.0,36.0,37.0,35.0,36.0,230200.0
2023-12-11,99780,36.0,36.0,35.0,35.0,0,0,57000.0,2044700.0,1.0,36.0,36.0,35.0,35.0,57000.0
2023-12-12,99780,35.0,36.0,35.0,35.0,0,0,34700.0,1227000.0,1.0,35.0,36.0,35.0,35.0,34700.0
2023-12-13,99780,36.0,36.0,35.0,36.0,0,0,27000.0,960700.0,1.0,36.0,36.0,35.0,36.0,27000.0
2023-12-14,99780,36.0,36.0,35.0,36.0,0,0,86600.0,3070200.0,1.0,36.0,36.0,35.0,36.0,86600.0
2023-12-15,99780,36.0,36.0,35.0,35.0,0,0,36600.0,1290300.0,1.0,36.0,36.0,35.0,35.0,36600.0
2023-12-18,99780,35.0,36.0,35.0,35.0,0,0,230400.0,8068100.0,1.0,35.0,36.0,35.0,35.0,230400.0
2023-12-19,99780,35.0,35.0,34.0,35.0,0,0,73300.0,2552200.0,1.0,35.0,35.0,34.0,35.0,73300.0
2023-12-20,99780,35.0,35.0,34.0,34.0,0,0,61300.0,2122900.0,1.0,35.0,35.0,34.0,34.0,61300.0
2023-12-21,99780,34.0,35.0,34.0,34.0,0,0,77800.0,2649000.0,1.0,34.0,35.0,34.0,34.0,77800.0
2023-12-22,99780,34.0,35.0,34.0,34.0,0,0,81000.0,2756600.0,1.0,34.0,35.0,34.0,34.0,81000.0
2023-12-25,99780,35.0,35.0,34.0,34.0,0,0,152300.0,5254100.0,1.0,35.0,35.0,34.0,34.0,152300.0
2023-12-26,99780,34.0,35.0,33.0,33.0,0,0,465700.0,15645100.0,1.0,34.0,35.0,33.0,33.0,465700.0
2023-12-27,99780,33.0,34.0,32.0,32.0,0,0,447500.0,14694400.0,1.0,33.0,34.0,32.0,32.0,447500.0
2023-12-28,99780,33.0,33.0,32.0,32.0,0,0,135000.0,4437100.0,1.0,33.0,33.0,32.0,32.0,135000.0
2023-12-29,99780,33.0,33.0,32.0,32.0,0,0,183000.0,5978200.0,1.0,33.0,33.0,32.0,32.0,183000.0
2024-01-04,99780,33.0,34.0,33.0,34.0,0,0,146000.0,4838700.0,1.0,33.0,34.0,33.0,34.0,146000.0
2024-01-05,99780,34.0,34.0,33.0,33.0,0,0,64500.0,2154200.0,1.0,34.0,34.0,33.0,33.0,64500.0
2024-01-09,99780,34.0,34.0,33.0,34.0,0,0,67600.0,2288400.0,1.0,34.0,34.0,33.0,34.0,67600.0
2024-01-10,99780,34.0,35.0,34.0,35.0,0,0,187900.0,6404000.0,1.0,34.0,35.0,34.0,35.0,187900.0
2024-01-11,99780,35.0,35.0,34.0,35.0,0,0,66900.0,2304000.0,1.0,35.0,35.0,34.0,35.0,66900.0
2024-01-12,99780,35.0,36.0,34.0,35.0,0,0,226100.0,7905600.0,1.0,35.0,36.0,34.0,35.0,226100.0
2024-01-15,99780,35.0,35.0,34.0,35.0,0,0,297200.0,10135800.0,1.0,35.0,35.0,34.0,35.0,297200.0
2024-01-16,99780,34.0,35.0,33.0,34.0,0,0,166700.0,5653800.0,1.0,34.0,35.0,33.0,34.0,166700.0
2024-01-17,99780,34.0,34.0,33.0,33.0,0,0,49400.0,1664700.0,1.0,34.0,34.0,33.0,33.0,49400.0
2024-01-18,99780,33.0,34.0,33.0,34.0,0,0,201100.0,6655600.0,1.0,33.0,34.0,33.0,34.0,201100.0
2024-01-19,99780,34.0,34.0,33.0,33.0,0,0,70800.0,2374000.0,1.0,34.0,34.0,33.0,33.0,70800.0
2024-01-22,99780,33.0,34.0,33.0,33.0,0,0,100800.0,3333200.0,1.0,33.0,34.0,33.0,33.0,100800.0
2024-01-23,99780,34.0,34.0,33.0,33.0,0,0,22300.0,747700.0,1.0,34.0,34.0,33.0,33.0,22300.0
2024-01-24,99780,33.0,34.0,33.0,33.0,0,0,46100.0,1525000.0,1.0,33.0,34.0,33.0,33.0,46100.0
2024-01-25,99780,33.0,34.0,32.0,32.0,0,0,176900.0,5837400.0,1.0,33.0,34.0,32.0,32.0,176900.0
2024-01-26,99780,33.0,33.0,32.0,33.0,0,0,72400.0,2386000.0,1.0,33.0,33.0,32.0,33.0,72400.0
2024-01-29,99780,33.0,33.0,32.0,33.0,0,0,45500.0,1499000.0,1.0,33.0,33.0,32.0,33.0,45500.0
2024-01-30,99780,33.0,34.0,32.0,34.0,0,0,126000.0,4195900.0,1.0,33.0,34.0,32.0,34.0,126000.0
2024-01-31,99780,34.0,34.0,33.0,34.0,0,0,50800.0,1721200.0,1.0,34.0,34.0,33.0,34.0,50800.0
2024-02-01,99780,34.0,34.0,33.0,34.0,0,0,40800.0,1384800.0,1.0,34.0,34.0,33.0,34.0,40800.0
2024-02-02,99780,34.0,34.0,33.0,34.0,0,0,28700.0,975400.0,1.0,34.0,34.0,33.0,34.0,28700.0
2024-02-05,99780,33.0,34.0,33.0,34.0,0,0,28700.0,954600.0,1.0,33.0,34.0,33.0,34.0,28700.0
2024-02-06,99780,34.0,34.0,33.0,34.0,0,0,40700.0,1380100.0,1.0,34.0,34.0,33.0,34.0,40700.0
2024-02-07,99780,33.0,34.0,33.0,33.0,0,0,16900.0,560100.0,1.0,33.0,34.0,33.0,33.0,16900.0
2024-02-08,99780,33.0,34.0,33.0,33.0,0,0,74800.0,2483200.0,1.0,33.0,34.0,33.0,33.0,74800.0
2024-02-09,99780,34.0,34.0,33.0,33.0,0,0,90000.0,2990200.0,1.0,34.0,34.0,33.0,33.0,90000.0
2024-02-13,99780,34.0,34.0,33.0,34.0,0,0,37800.0,1274400.0,1.0,34.0,34.0,33.0,34.0,37800.0
2024-02-14,99780,34.0,34.0,33.0,33.0,0,0,28500.0,953500.0,1.0,34.0,34.0,33.0,33.0,28500.0
2024-02-15,99780,34.0,34.0,33.0,33.0,0,0,37900.0,1271700.0,1.0,34.0,34.0,33.0,33.0,37900.0
2024-02-16,99780,33.0,34.0,33.0,33.0,0,0,50000.0,1654200.0,1.0,33.0,34.0,33.0,33.0,50000.0
2024-02-19,99780,34.0,34.0,33.0,33.0,0,0,92600.0,3073600.0,1.0,34.0,34.0,33.0,33.0,92600.0
2024-02-20,99780,34.0,34.0,33.0,34.0,0,0,22100.0,748900.0,1.0,34.0,34.0,33.0,34.0,22100.0
2024-02-21,99780,34.0,34.0,33.0,34.0,0,0,41600.0,1400800.0,1.0,34.0,34.0,33.0,34.0,41600.0
2024-02-22,99780,33.0,34.0,33.0,34.0,0,0,67400.0,2249400.0,1.0,33.0,34.0,33.0,34.0,67400.0
2024-02-26,99780,34.0,34.0,33.0,34.0,0,0,63000.0,2140000.0,1.0,34.0,34.0,33.0,34.0,63000.0
2024-02-27,99780,34.0,35.0,33.0,35.0,0,0,233600.0,7953600.0,1.0,34.0,35.0,33.0,35.0,233600.0
2024-02-28,99780,33.0,34.0,33.0,34.0,0,0,78100.0,2629500.0,1.0,33.0,34.0,33.0,34.0,78100.0
2024-02-29,99780,33.0,34.0,33.0,33.0,0,0,179800.0,6071000.0,1.0,33.0,34.0,33.0,33.0,179800.0
2024-03-01,99780,34.0,35.0,33.0,34.0,0,0,191000.0,6513100.0,1.0,34.0,35.0,33.0,34.0,191000.0
2024-03-04,99780,34.0,35.0,34.0,35.0,0,0,76100.0,2591400.0,1.0,34.0,35.0,34.0,35.0,76100.0
2024-03-05,99780,35.0,54.0,34.0,46.0,0,0,20200400.0,954931400.0,1.0,35.0,54.0,34.0,46.0,20200400.0
2024-03-06,99780,54.0,74.0,53.0,59.0,0,0,37034900.0,2394787000.0,1.0,54.0,74.0,53.0,59.0,37034900.0
2024-03-07,99780,54.0,54.0,44.0,47.0,0,0,7236500.0,347415600.0,1.0,54.0,54.0,44.0,47.0,7236500.0
2024-03-08,99780,48.0,48.0,42.0,43.0,0,0,2340100.0,102943300.0,1.0,48.0,48.0,42.0,43.0,2340100.0
2024-03-11,99780,44.0,50.0,40.0,40.0,0,0,3660000.0,157498500.0,1.0,44.0,50.0,40.0,40.0,3660000.0
2024-03-12,99780,40.0,41.0,37.0,39.0,0,0,2448100.0,95830800.0,1.0,40.0,41.0,37.0,39.0,2448100.0
2024-03-13,99780,40.0,41.0,37.0,37.0,0,0,701100.0,27233200.0,1.0,40.0,41.0,37.0,37.0,701100.0
2024-03-14,99780,38.0,43.0,37.0,39.0,0,0,2291300.0,90187500.0,1.0,38.0,43.0,37.0,39.0,2291300.0
2024-03-15,99780,38.0,38.0,37.0,37.0,0,0,368700.0,13936900.0,1.0,38.0,38.0,37.0,37.0,368700.0
2024-03-18,99780,38.0,41.0,37.0,41.0,0,0,1014200.0,39924800.0,1.0,38.0,41.0,37.0,41.0,1014200.0
2024-03-19,99780,41.0,41.0,39.0,40.0,0,0,397200.0,15828600.0,1.0,41.0,41.0,39.0,40.0,397200.0
2024-03-21,99780,40.0,41.0,37.0,39.0,0,0,1387900.0,53453100.0,1.0,40.0,41.0,37.0,39.0,1387900.0
2024-03-22,99780,38.0,39.0,37.0,38.0,0,0,316100.0,11986600.0,1.0,38.0,39.0,37.0,38.0,316100.0
2024-03-25,99780,38.0,38.0,37.0,37.0,0,0,222400.0,8286600.0,1.0,38.0,38.0,37.0,37.0,222400.0
2024-03-26,99780,38.0,38.0,37.0,37.0,0,0,128600.0,4789900.0,1.0,38.0,38.0,37.0,37.0,128600.0
2024-03-27,99780,37.0,38.0,36.0,36.0,0,0,379300.0,13928300.0,1.0,37.0,38.0,36.0,36.0,379300.0
2024-03-28,99780,36.0,37.0,36.0,36.0,0,0,262400.0,9479500.0,1.0,36.0,37.0,36.0,36.0,262400.0
2024-03-29,99780,37.0,37.0,36.0,36.0,0,0,161900.0,5853300.0,1.0,37.0,37.0,36.0,36.0,161900.0
2024-04-01,99780,36.0,37.0,35.0,36.0,0,0,407600.0,14688700.0,1.0,36.0,37.0,35.0,36.0,407600.0
2024-04-02,99780,36.0,37.0,36.0,36.0,0,0,74100.0,2698800.0,1.0,36.0,37.0,36.0,36.0,74100.0
2024-04-03,99780,37.0,37.0,35.0,35.0,0,0,668300.0,24226000.0,1.0,37.0,37.0,35.0,35.0,668300.0
2024-04-04,99780,36.0,36.0,35.0,35.0,0,0,147800.0,5233600.0,1.0,36.0,36.0,35.0,35.0,147800.0
2024-04-05,99780,35.0,36.0,35.0,35.0,0,0,192900.0,6840800.0,1.0,35.0,36.0,35.0,35.0,192900.0
2024-04-08,99780,36.0,36.0,35.0,35.0,0,0,111700.0,3987300.0,1.0,36.0,36.0,35.0,35.0,111700.0
2024-04-09,99780,36.0,38.0,35.0,38.0,0,0,556600.0,20397000.0,1.0,36.0,38.0,35.0,38.0,556600.0
2024-04-10,99780,37.0,39.0,37.0,39.0,0,0,259800.0,9868900.0,1.0,37.0,39.0,37.0,39.0,259800.0
2024-04-11,99780,38.0,39.0,37.0,38.0,0,0,272400.0,10356800.0,1.0,38.0,39.0,37.0,38.0,272400.0
2024-04-12,99780,38.0,39.0,37.0,37.0,0,0,63700.0,2402500.0,1.0,38.0,39.0,37.0,37.0,63700.0
2024-04-15,99780,39.0,39.0,37.0,38.0,0,0,213800.0,8175800.0,1.0,39.0,39.0,37.0,38.0,213800.0
2024-04-16,99780,37.0,38.0,37.0,37.0,0,0,271700.0,10053800.0,1.0,37.0,38.0,37.0,37.0,271700.0
2024-04-17,99780,37.0,38.0,36.0,36.0,0,0,144500.0,5349400.0,1.0,37.0,38.0,36.0,36.0,144500.0
2024-04-18,99780,37.0,38.0,37.0,37.0,0,0,47900.0,1780600.0,1.0,37.0,38.0,37.0,37.0,47900.0
2024-04-19,99780,37.0,37.0,36.0,36.0,0,0,93700.0,3444500.0,1.0,37.0,37.0,36.0,36.0,93700.0
2024-04-22,99780,36.0,37.0,36.0,37.0,0,0,69500.0,2507200.0,1.0,36.0,37.0,36.0,37.0,69500.0
2024-04-23,99780,37.0,37.0,36.0,36.0,0,0,86700.0,3142400.0,1.0,37.0,37.0,36.0,36.0,86700.0
2024-04-24,99780,36.0,37.0,36.0,36.0,0,0,45900.0,1653800.0,1.0,36.0,37.0,36.0,36.0,45900.0
2024-04-25,99780,36.0,37.0,36.0,36.0,0,0,75100.0,2715800.0,1.0,36.0,37.0,36.0,36.0,75100.0
2024-04-26,99780,37.0,37.0,36.0,36.0,0,0,71800.0,2597100.0,1.0,37.0,37.0,36.0,36.0,71800.0
2024-04-30,99780,37.0,37.0,36.0,36.0,0,0,32600.0,1189500.0,1.0,37.0,37.0,36.0,36.0,32600.0
2024-05-01,99780,36.0,37.0,36.0,36.0,0,0,103500.0,3811900.0,1.0,36.0,37.0,36.0,36.0,103500.0
2024-05-02,99780,37.0,37.0,36.0,36.0,0,0,40700.0,1478500.0,1.0,37.0,37.0,36.0,36.0,40700.0
2024-05-07,99780,36.0,37.0,36.0,37.0,0,0,40700.0,1478600.0,1.0,36.0,37.0,36.0,37.0,40700.0
2024-05-08,99780,37.0,38.0,36.0,36.0,0,0,289700.0,10734400.0,1.0,37.0,38.0,36.0,36.0,289700.0
2024-05-09,99780,37.0,38.0,36.0,38.0,0,0,345600.0,12785900.0,1.0,37.0,38.0,36.0,38.0,345600.0
2024-05-10,99780,38.0,38.0,36.0,36.0,0,0,108400.0,3976500.0,1.0,38.0,38.0,36.0,36.0,108400.0
2024-05-13,99780,36.0,37.0,36.0,36.0,0,0,36900.0,1330500.0,1.0,36.0,37.0,36.0,36.0,36900.0
2024-05-14,99780,37.0,37.0,36.0,37.0,0,0,13700.0,502600.0,1.0,37.0,37.0,36.0,37.0,13700.0
2024-05-15,99780,37.0,37.0,36.0,36.0,0,0,74800.0,2720300.0,1.0,37.0,37.0,36.0,36.0,74800.0
2024-05-16,99780,37.0,37.0,36.0,36.0,0,0,28600.0,1035100.0,1.0,37.0,37.0,36.0,36.0,28600.0
2024-05-17,99780,36.0,37.0,36.0,37.0,0,0,42800.0,1564900.0,1.0,36.0,37.0,36.0,37.0,42800.0
2024-05-20,99780,37.0,37.0,36.0,37.0,0,0,102600.0,3788800.0,1.0,37.0,37.0,36.0,37.0,102600.0
2024-05-21,99780,36.0,37.0,36.0,37.0,0,0,30300.0,1097400.0,1.0,36.0,37.0,36.0,37.0,30300.0
2024-05-22,99780,36.0,37.0,36.0,37.0,0,0,21900.0,791700.0,1.0,36.0,37.0,36.0,37.0,21900.0
2024-05-23,99780,36.0,38.0,36.0,36.0,0,0,408300.0,15075800.0,1.0,36.0,38.0,36.0,36.0,408300.0
2024-05-24,99780,36.0,40.0,36.0,38.0,0,0,1196900.0,45690900.0,1.0,36.0,40.0,36.0,38.0,1196900.0
2024-05-27,99780,38.0,50.0,38.0,41.0,0,0,5659400.0,250046000.0,1.0,38.0,50.0,38.0,41.0,5659400.0
2024-05-28,99780,41.0,41.0,38.0,38.0,0,0,1036700.0,41016800.0,1.0,41.0,41.0,38.0,38.0,1036700.0
2024-05-29,99780,38.0,39.0,38.0,39.0,0,0,247900.0,9565600.0,1.0,38.0,39.0,38.0,39.0,247900.0
2024-05-30,99780,38.0,39.0,38.0,38.0,0,0,229600.0,8773900.0,1.0,38.0,39.0,38.0,38.0,229600.0
2024-05-31,99780,39.0,39.0,38.0,38.0,0,0,174700.0,6752300.0,1.0,39.0,39.0,38.0,38.0,174700.0
2024-06-03,99780,39.0,40.0,38.0,40.0,0,0,267900.0,10571900.0,1.0,39.0,40.0,38.0,40.0,267900.0
2024-06-04,99780,40.0,41.0,39.0,39.0,0,0,220300.0,8811100.0,1.0,40.0,41.0,39.0,39.0,220300.0
2024-06-05,99780,39.0,40.0,39.0,39.0,0,0,38900.0,1536200.0,1.0,39.0,40.0,39.0,39.0,38900.0
2024-06-06,99780,39.0,40.0,38.0,39.0,0,0,373300.0,14536800.0,1.0,39.0,40.0,38.0,39.0,373300.0
2024-06-07,99780,39.0,41.0,39.0,41.0,0,0,261300.0,10409000.0,1.0,39.0,41.0,39.0,41.0,261300.0
2024-06-10,99780,41.0,44.0,40.0,44.0,0,0,838500.0,35654200.0,1.0,41.0,44.0,40.0,44.0,838500.0
2024-06-11,99780,44.0,44.0,42.0,43.0,0,0,662300.0,28735600.0,1.0,44.0,44.0,42.0,43.0,662300.0
2024-06-12,99780,43.0,44.0,43.0,43.0,0,0,234200.0,10106400.0,1.0,43.0,44.0,43.0,43.0,234200.0
2024-06-13,99780,44.0,54.0,43.0,49.0,0,0,8221300.0,405654500.0,1.0,44.0,54.0,43.0,49.0,8221300.0
2024-06-14,99780,48.0,52.0,46.0,50.0,0,0,2214600.0,109236900.0,1.0,48.0,52.0,46.0,50.0,2214600.0
2024-06-17,99780,51.0,58.0,47.0,55.0,0,0,3147100.0,164256700.0,1.0,51.0,58.0,47.0,55.0,3147100.0
2024-06-18,99780,55.0,56.0,54.0,54.0,0,0,923200.0,50728300.0,1.0,55.0,56.0,54.0,54.0,923200.0
2024-06-19,99780,54.0,62.0,54.0,55.0,0,0,2987100.0,171898800.0,1.0,54.0,62.0,54.0,55.0,2987100.0
2024-06-20,99780,55.0,57.0,49.0,53.0,0,0,1828400.0,97317500.0,1.0,55.0,57.0,49.0,53.0,1828400.0
2024-06-21,99780,53.0,55.0,51.0,55.0,0,0,673300.0,35744000.0,1.0,53.0,55.0,51.0,55.0,673300.0
2024-06-24,99780,55.0,55.0,50.0,50.0,0,0,1142900.0,60436600.0,1.0,55.0,55.0,50.0,50.0,1142900.0
2024-06-25,99780,50.0,52.0,48.0,49.0,0,0,966400.0,47600600.0,1.0,50.0,52.0,48.0,49.0,966400.0
2024-06-26,99780,49.0,50.0,46.0,47.0,0,0,819000.0,38780500.0,1.0,49.0,50.0,46.0,47.0,819000.0
2024-06-27,99780,47.0,47.0,45.0,46.0,0,0,567800.0,26421900.0,1.0,47.0,47.0,45.0,46.0,567800.0
2024-06-28,99780,47.0,47.0,44.0,44.0,0,0,727300.0,32980800.0,1.0,47.0,47.0,44.0,44.0,727300.0
2024-07-01,99780,45.0,53.0,44.0,52.0,0,0,1715000.0,82625900.0,1.0,45.0,53.0,44.0,52.0,1715000.0
2024-07-02,99780,52.0,53.0,49.0,49.0,0,0,674000.0,34100700.0,1.0,52.0,53.0,49.0,49.0,674000.0
2024-07-03,99780,50.0,51.0,48.0,48.0,0,0,536600.0,26410600.0,1.0,50.0,51.0,48.0,48.0,536600.0
2024-07-04,99780,49.0,52.0,48.0,51.0,0,0,766600.0,38290000.0,1.0,49.0,52.0,48.0,51.0,766600.0
2024-07-05,99780,51.0,53.0,50.0,53.0,0,0,534400.0,27606500.0,1.0,51.0,53.0,50.0,53.0,534400.0
2024-07-08,99780,53.0,53.0,49.0,51.0,0,0,524100.0,26669200.0,1.0,53.0,53.0,49.0,51.0,524100.0
2024-07-09,99780,51.0,51.0,49.0,51.0,0,0,197100.0,9893500.0,1.0,51.0,51.0,49.0,51.0,197100.0
2024-07-10,99780,50.0,51.0,49.0,51.0,0,0,210300.0,10579000.0,1.0,50.0,51.0,49.0,51.0,210300.0
2024-07-11,99780,51.0,51.0,49.0,49.0,0,0,492800.0,24484700.0,1.0,51.0,51.0,49.0,49.0,492800.0
2024-07-12,99780,49.0,51.0,48.0,50.0,0,0,324100.0,16018300.0,1.0,49.0,51.0,48.0,50.0,324100.0
2024-07-16,99780,60.0,65.0,54.0,57.0,0,0,6889200.0,404865400.0,1.0,60.0,65.0,54.0,57.0,6889200.0
2024-07-17,99780,58.0,59.0,54.0,55.0,0,0,1624500.0,90493000.0,1.0,58.0,59.0,54.0,55.0,1624500.0
2024-07-18,99780,54.0,57.0,53.0,56.0,0,0,676000.0,37059900.0,1.0,54.0,57.0,53.0,56.0,676000.0
2024-07-19,99780,55.0,55.0,52.0,53.0,0,0,895500.0,47909000.0,1.0,55.0,55.0,52.0,53.0,895500.0
2024-07-22,99780,53.0,54.0,52.0,54.0,0,0,284600.0,15091400.0,1.0,53.0,54.0,52.0,54.0,284600.0
2024-07-23,99780,53.0,56.0,52.0,56.0,0,0,617400.0,33214800.0,1.0,53.0,56.0,52.0,56.0,617400.0
2024-07-24,99780,56.0,56.0,54.0,54.0,0,0,648600.0,35700700.0,1.0,56.0,56.0,54.0,54.0,648600.0
2024-07-25,99780,55.0,55.0,53.0,54.0,0,0,641100.0,34520300.0,1.0,55.0,55.0,53.0,54.0,641100.0
2024-07-26,99780,61.0,73.0,60.0,67.0,0,0,23306600.0,1547733400.0,1.0,61.0,73.0,60.0,67.0,23306600.0
2024-07-29,99780,77.0,97.0,75.0,97.0,1,0,38045000.0,3368276000.0,1.0,77.0,97.0,75.0,97.0,38045000.0
2024-07-30,99780,94.0,107.0,85.0,92.0,0,0,20538800.0,1918949600.0,1.0,94.0,107.0,85.0,92.0,20538800.0
2024-07-31,99780,87.0,87.0,76.0,77.0,0,0,7740600.0,627356700.0,1.0,87.0,87.0,76.0,77.0,7740600.0
2024-08-01,99780,73.0,79.0,71.0,74.0,0,0,5711100.0,421582600.0,1.0,73.0,79.0,71.0,74.0,5711100.0
2024-08-02,99780,73.0,73.0,63.0,63.0,0,0,5301600.0,357326300.0,1.0,73.0,73.0,63.0,63.0,5301600.0
2024-08-05,99780,56.0,63.0,46.0,49.0,0,0,5893600.0,326446700.0,1.0,56.0,63.0,46.0,49.0,5893600.0
2024-08-06,99780,56.0,65.0,55.0,60.0,0,0,5376300.0,314857900.0,1.0,56.0,65.0,55.0,60.0,5376300.0
2024-08-07,99780,57.0,73.0,57.0,67.0,0,0,4132400.0,275687300.0,1.0,57.0,73.0,57.0,67.0,4132400.0
2024-08-08,99780,67.0,70.0,64.0,70.0,0,0,2242100.0,152519500.0,1.0,67.0,70.0,64.0,70.0,2242100.0
2024-08-09,99780,70.0,70.0,61.0,63.0,0,0,2541800.0,164053400.0,1.0,70.0,70.0,61.0,63.0,2541800.0
2024-08-13,99780,65.0,68.0,63.0,66.0,0,0,1800500.0,118136800.0,1.0,65.0,68.0,63.0,66.0,1800500.0
2024-08-14,99780,65.0,92.0,65.0,85.0,0,0,22871000.0,1900882000.0,1.0,65.0,92.0,65.0,85.0,22871000.0
2024-08-15,99780,80.0,87.0,77.0,83.0,0,0,6299300.0,513826800.0,1.0,80.0,87.0,77.0,83.0,6299300.0
2024-08-16,99780,86.0,91.0,80.0,82.0,0,0,4744000.0,406106200.0,1.0,86.0,91.0,80.0,82.0,4744000.0
2024-08-19,99780,77.0,83.0,71.0,80.0,0,0,3718600.0,288873400.0,1.0,77.0,83.0,71.0,80.0,3718600.0
2024-08-20,99780,81.0,83.0,78.0,79.0,0,0,1330600.0,105799300.0,1.0,81.0,83.0,78.0,79.0,1330600.0
2024-08-21,99780,80.0,80.0,77.0,79.0,0,0,558500.0,43916500.0,1.0,80.0,80.0,77.0,79.0,558500.0
2024-08-22,99780,78.0,79.0,72.0,73.0,0,0,2088200.0,155896700.0,1.0,78.0,79.0,72.0,73.0,2088200.0
2024-08-23,99780,74.0,74.0,70.0,73.0,0,0,1704700.0,122956000.0,1.0,74.0,74.0,70.0,73.0,1704700.0
2024-08-26,99780,75.0,79.0,73.0,77.0,0,0,2011900.0,154516800.0,1.0,75.0,79.0,73.0,77.0,2011900.0
2024-08-27,99780,79.0,80.0,75.0,76.0,0,0,1090400.0,83741800.0,1.0,79.0,80.0,75.0,76.0,1090400.0
2024-08-28,99780,78.0,87.0,77.0,80.0,0,0,5491400.0,445338500.0,1.0,78.0,87.0,77.0,80.0,5491400.0
2024-08-29,99780,79.0,83.0,75.0,80.0,0,0,2922300.0,229071800.0,1.0,79.0,83.0,75.0,80.0,2922300.0
2024-08-30,99780,82.0,84.0,77.0,78.0,0,0,2312500.0,183456700.0,1.0,82.0,84.0,77.0,78.0,2312500.0
2024-09-02,99780,77.0,78.0,71.0,72.0,0,0,4587400.0,343411300.0,1.0,77.0,78.0,71.0,72.0,4587400.0
2024-09-03,99780,72.0,73.0,68.0,68.0,0,0,2617900.0,183267900.0,1.0,72.0,73.0,68.0,68.0,2617900.0
2024-09-04,99780,67.0,69.0,63.0,64.0,0,0,2884600.0,189283100.0,1.0,67.0,69.0,63.0,64.0,2884600.0
2024-09-05,99780,63.0,66.0,60.0,63.0,0,0,2236300.0,141313400.0,1.0,63.0,66.0,60.0,63.0,2236300.0
2024-09-06,99780,64.0,68.0,62.0,66.0,0,0,1969800.0,127882800.0,1.0,64.0,68.0,62.0,66.0,1969800.0
2024-09-09,99780,59.0,66.0,58.0,66.0,0,0,2089600.0,129049200.0,1.0,59.0,66.0,58.0,66.0,2089600.0
2024-09-10,99780,67.0,72.0,66.0,70.0,0,0,1667300.0,115650200.0,1.0,67.0,72.0,66.0,70.0,1667300.0
2024-09-11,99780,70.0,70.0,63.0,65.0,0,0,2669300.0,175132300.0,1.0,70.0,70.0,63.0,65.0,2669300.0
2024-09-12,99780,67.0,67.0,63.0,65.0,0,0,730200.0,47172200.0,1.0,67.0,67.0,63.0,65.0,730200.0
2024-09-13,99780,65.0,65.0,61.0,61.0,0,0,1626000.0,101604600.0,1.0,65.0,65.0,61.0,61.0,1626000.0
2024-09-17,99780,62.0,62.0,57.0,61.0,0,0,1619800.0,96685500.0,1.0,62.0,62.0,57.0,61.0,1619800.0
2024-09-18,99780,62.0,63.0,59.0,60.0,0,0,1433000.0,86879900.0,1.0,62.0,63.0,59.0,60.0,1433000.0
2024-09-19,99780,61.0,65.0,61.0,62.0,0,0,1511000.0,95162700.0,1.0,61.0,65.0,61.0,62.0,1511000.0
2024-09-20,99780,63.0,65.0,62.0,63.0,0,0,1201800.0,76209200.0,1.0,63.0,65.0,62.0,63.0,1201800.0
2024-09-24,99780,64.0,65.0,62.0,64.0,0,0,573700.0,36204500.0,1.0,64.0,65.0,62.0,64.0,573700.0
2024-09-25,99780,63.0,64.0,61.0,61.0,0,0,861100.0,53091600.0,1.0,63.0,64.0,61.0,61.0,861100.0
2024-09-26,99780,60.0,62.0,60.0,62.0,0,0,964300.0,58708500.0,1.0,60.0,62.0,60.0,62.0,964300.0
2024-09-27,99780,62.0,62.0,60.0,62.0,0,0,700600.0,42495500.0,1.0,62.0,62.0,60.0,62.0,700600.0
2024-09-30,99780,59.0,61.0,58.0,61.0,0,0,766000.0,45906200.0,1.0,59.0,61.0,58.0,61.0,766000.0
2024-10-01,99780,60.0,62.0,59.0,62.0,0,0,677800.0,41157900.0,1.0,60.0,62.0,59.0,62.0,677800.0
2024-10-02,99780,61.0,62.0,60.0,61.0,0,0,509300.0,31140100.0,1.0,61.0,62.0,60.0,61.0,509300.0
2024-10-03,99780,61.0,62.0,60.0,62.0,0,0,689000.0,42028100.0,1.0,61.0,62.0,60.0,62.0,689000.0
2024-10-04,99780,61.0,67.0,61.0,62.0,0,0,2450300.0,157784400.0,1.0,61.0,67.0,61.0,62.0,2450300.0
2024-10-07,99780,64.0,71.0,64.0,68.0,0,0,2939400.0,198822600.0,1.0,64.0,71.0,64.0,68.0,2939400.0
2024-10-08,99780,67.0,68.0,65.0,67.0,0,0,1508500.0,100330700.0,1.0,67.0,68.0,65.0,67.0,1508500.0
2024-10-09,99780,68.0,68.0,63.0,64.0,0,0,1998500.0,129109100.0,1.0,68.0,68.0,63.0,64.0,1998500.0
2024-10-10,99780,65.0,65.0,62.0,62.0,0,0,1460500.0,91988200.0,1.0,65.0,65.0,62.0,62.0,1460500.0
2024-10-11,99780,61.0,62.0,60.0,61.0,0,0,1209000.0,73722000.0,1.0,61.0,62.0,60.0,61.0,1209000.0
2024-10-15,99780,58.0,61.0,56.0,59.0,0,0,1357200.0,79850800.0,1.0,58.0,61.0,56.0,59.0,1357200.0
2024-10-16,99780,58.0,59.0,53.0,53.0,0,0,2662200.0,146838300.0,1.0,58.0,59.0,53.0,53.0,2662200.0
2024-10-17,99780,54.0,55.0,53.0,55.0,0,0,620400.0,33466400.0,1.0,54.0,55.0,53.0,55.0,620400.0
2024-10-18,99780,54.0,55.0,53.0,53.0,0,0,544700.0,29304000.0,1.0,54.0,55.0,53.0,53.0,544700.0
2024-10-21,99780,53.0,53.0,50.0,51.0,0,0,1755000.0,89897000.0,1.0,53.0,53.0,50.0,51.0,1755000.0
2024-10-22,99780,51.0,53.0,50.0,52.0,0,0,1030600.0,52731700.0,1.0,51.0,53.0,50.0,52.0,1030600.0
2024-10-23,99780,50.0,51.0,48.0,48.0,0,0,1009500.0,49761000.0,1.0,50.0,51.0,48.0,48.0,1009500.0
2024-10-24,99780,48.0,52.0,48.0,50.0,0,0,1403600.0,69348000.0,1.0,48.0,52.0,48.0,50.0,1403600.0
2024-10-25,99780,50.0,51.0,49.0,50.0,0,0,355400.0,17719500.0,1.0,50.0,51.0,49.0,50.0,355400.0
2024-10-28,99780,50.0,52.0,49.0,50.0,0,0,725700.0,36593600.0,1.0,50.0,52.0,49.0,50.0,725700.0
2024-10-29,99780,52.0,52.0,50.0,51.0,0,0,264200.0,13430600.0,1.0,52.0,52.0,50.0,51.0,264200.0
2024-10-30,99780,51.0,54.0,51.0,53.0,0,0,550500.0,28752100.0,1.0,51.0,54.0,51.0,53.0,550500.0
2024-10-31,99780,53.0,55.0,52.0,54.0,0,0,547300.0,29288000.0,1.0,53.0,55.0,52.0,54.0,547300.0
2024-11-01,99780,54.0,55.0,51.0,53.0,0,0,938700.0,49189300.0,1.0,54.0,55.0,51.0,53.0,938700.0
2024-11-05,99780,53.0,53.0,50.0,51.0,0,0,334700.0,17163900.0,1.0,53.0,53.0,50.0,51.0,334700.0
2024-11-06,99780,51.0,53.0,50.0,51.0,0,0,895100.0,45772600.0,1.0,51.0,53.0,50.0,51.0,895100.0
2024-11-07,99780,51.0,52.0,50.0,51.0,0,0,352500.0,17987500.0,1.0,51.0,52.0,50.0,51.0,352500.0
2024-11-08,99780,51.0,52.0,50.0,51.0,0,0,208800.0,10619600.0,1.0,51.0,52.0,50.0,51.0,208800.0
2024-11-11,99780,50.0,52.0,50.0,52.0,0,0,230700.0,11774400.0,1.0,50.0,52.0,50.0,52.0,230700.0
2024-11-12,99780,52.0,52.0,51.0,52.0,0,0,100200.0,5143200.0,1.0,52.0,52.0,51.0,52.0,100200.0
2024-11-13,99780,51.0,52.0,51.0,51.0,0,0,254900.0,13033000.0,1.0,51.0,52.0,51.0,51.0,254900.0
2024-11-14,99780,52.0,52.0,50.0,51.0,0,0,171800.0,8704100.0,1.0,52.0,52.0,50.0,51.0,171800.0
2024-11-15,99780,51.0,51.0,50.0,50.0,0,0,89600.0,4510100.0,1.0,51.0,51.0,50.0,50.0,89600.0
2024-11-18,99780,50.0,51.0,49.0,50.0,0,0,494300.0,24746600.0,1.0,50.0,51.0,49.0,50.0,494300.0
2024-11-19,99780,50.0,51.0,49.0,50.0,0,0,224800.0,11270500.0,1.0,50.0,51.0,49.0,50.0,224800.0
2024-11-20,99780,50.0,51.0,49.0,49.0,0,0,253100.0,12662500.0,1.0,50.0,51.0,49.0,49.0,253100.0
2024-11-21,99780,50.0,51.0,47.0,49.0,0,0,2004200.0,97128000.0,1.0,50.0,51.0,47.0,49.0,2004200.0
2024-11-22,99780,49.0,51.0,48.0,50.0,0,0,985400.0,48528400.0,1.0,49.0,51.0,48.0,50.0,985400.0
2024-11-25,99780,51.0,52.0,50.0,51.0,0,0,482900.0,24620200.0,1.0,51.0,52.0,50.0,51.0,482900.0
2024-11-26,99780,51.0,52.0,49.0,50.0,0,0,453300.0,22832500.0,1.0,51.0,52.0,49.0,50.0,453300.0
2024-11-27,99780,49.0,50.0,48.0,49.0,0,0,616800.0,30245600.0,1.0,49.0,50.0,48.0,49.0,616800.0
2024-11-28,99780,48.0,51.0,48.0,51.0,0,0,731200.0,36193000.0,1.0,48.0,51.0,48.0,51.0,731200.0
2024-11-29,99780,51.0,51.0,49.0,50.0,0,0,352900.0,17684800.0,1.0,51.0,51.0,49.0,50.0,352900.0
2024-12-02,99780,49.0,50.0,49.0,50.0,0,0,539500.0,26463500.0,1.0,49.0,50.0,49.0,50.0,539500.0
2024-12-03,99780,49.0,50.0,49.0,50.0,0,0,131300.0,6446200.0,1.0,49.0,50.0,49.0,50.0,131300.0
2024-12-04,99780,50.0,50.0,48.0,49.0,0,0,208500.0,10239200.0,1.0,50.0,50.0,48.0,49.0,208500.0
2024-12-05,99780,48.0,49.0,48.0,48.0,0,0,387800.0,18689900.0,1.0,48.0,49.0,48.0,48.0,387800.0
2024-12-06,99780,48.0,49.0,47.0,49.0,0,0,480400.0,23067900.0,1.0,48.0,49.0,47.0,49.0,480400.0
2024-12-09,99780,48.0,49.0,47.0,49.0,0,0,308500.0,14835800.0,1.0,48.0,49.0,47.0,49.0,308500.0
2024-12-10,99780,48.0,49.0,47.0,49.0,0,0,345100.0,16591900.0,1.0,48.0,49.0,47.0,49.0,345100.0
2024-12-11,99780,48.0,48.0,47.0,47.0,0,0,436700.0,20841600.0,1.0,48.0,48.0,47.0,47.0,436700.0
2024-12-12,99780,47.0,48.0,47.0,48.0,0,0,83000.0,3916900.0,1.0,47.0,48.0,47.0,48.0,83000.0
2024-12-13,99780,48.0,48.0,45.0,46.0,0,0,927800.0,43013000.0,1.0,48.0,48.0,45.0,46.0,927800.0
2024-12-16,99780,46.0,47.0,45.0,46.0,0,0,471400.0,21693700.0,1.0,46.0,47.0,45.0,46.0,471400.0
2024-12-17,99780,47.0,47.0,45.0,46.0,0,0,275100.0,12607500.0,1.0,47.0,47.0,45.0,46.0,275100.0
2024-12-18,99780,45.0,46.0,45.0,45.0,0,0,152900.0,6909400.0,1.0,45.0,46.0,45.0,45.0,152900.0
2024-12-19,99780,45.0,45.0,42.0,44.0,0,0,1303800.0,57521400.0,1.0,45.0,45.0,42.0,44.0,1303800.0
2024-12-20,99780,43.0,43.0,37.0,41.0,0,0,1623900.0,66456400.0,1.0,43.0,43.0,37.0,41.0,1623900.0
2024-12-23,99780,41.0,42.0,40.0,42.0,0,0,475100.0,19508000.0,1.0,41.0,42.0,40.0,42.0,475100.0
2024-12-24,99780,42.0,42.0,41.0,42.0,0,0,237300.0,9797200.0,1.0,42.0,42.0,41.0,42.0,237300.0
2024-12-25,99780,41.0,42.0,40.0,41.0,0,0,560200.0,22679900.0,1.0,41.0,42.0,40.0,41.0,560200.0
2024-12-26,99780,40.0,42.0,40.0,41.0,0,0,667400.0,27072800.0,1.0,40.0,42.0,40.0,41.0,667400.0
2024-12-27,99780,40.0,42.0,40.0,42.0,0,0,229600.0,9378300.0,1.0,40.0,42.0,40.0,42.0,229600.0
2024-12-30,99780,42.0,44.0,41.0,43.0,0,0,555900.0,23542900.0,1.0,42.0,44.0,41.0,43.0,555900.0
2025-01-06,99780,43.0,43.0,42.0,42.0,0,0,70300.0,2994700.0,1.0,43.0,43.0,42.0,42.0,70300.0
2025-01-07,99780,43.0,43.0,42.0,43.0,0,0,105000.0,4511100.0,1.0,43.0,43.0,42.0,43.0,105000.0
2025-01-08,99780,42.0,43.0,42.0,43.0,0,0,42000.0,1776900.0,1.0,42.0,43.0,42.0,43.0,42000.0
2025-01-09,99780,42.0,43.0,42.0,43.0,0,0,41200.0,1749800.0,1.0,42.0,43.0,42.0,43.0,41200.0
2025-01-10,99780,43.0,43.0,42.0,42.0,0,0,107400.0,4528700.0,1.0,43.0,43.0,42.0,42.0,107400.0
2025-01-14,99780,42.0,57.0,42.0,51.0,0,0,11000400.0,572897900.0,1.0,42.0,57.0,42.0,51.0,11000400.0
2025-01-15,99780,47.0,47.0,43.0,43.0,0,0,3385100.0,150293600.0,1.0,47.0,47.0,43.0,43.0,3385100.0
2025-01-16,99780,42.0,43.0,42.0,42.0,0,0,824000.0,34968000.0,1.0,42.0,43.0,42.0,42.0,824000.0
2025-01-17,99780,42.0,43.0,41.0,42.0,0,0,482400.0,20223900.0,1.0,42.0,43.0,41.0,42.0,482400.0
2025-01-20,99780,43.0,43.0,41.0,43.0,0,0,462400.0,19376000.0,1.0,43.0,43.0,41.0,43.0,462400.0
2025-01-21,99780,43.0,43.0,41.0,42.0,0,0,278100.0,11663300.0,1.0,43.0,43.0,41.0,42.0,278100.0
2025-01-22,99780,42.0,43.0,41.0,42.0,0,0,165800.0,6967100.0,1.0,42.0,43.0,41.0,42.0,165800.0
2025-01-23,99780,42.0,43.0,41.0,41.0,0,0,260900.0,10931000.0,1.0,42.0,43.0,41.0,41.0,260900.0
2025-01-24,99780,42.0,43.0,41.0,43.0,0,0,178700.0,7503400.0,1.0,42.0,43.0,41.0,43.0,178700.0
2025-01-27,99780,42.0,43.0,42.0,42.0,0,0,67600.0,2866800.0,1.0,42.0,43.0,42.0,42.0,67600.0
2025-01-28,99780,43.0,43.0,42.0,43.0,0,0,72400.0,3100600.0,1.0,43.0,43.0,42.0,43.0,72400.0
2025-01-29,99780,42.0,44.0,42.0,44.0,0,0,274900.0,11827200.0,1.0,42.0,44.0,42.0,44.0,274900.0
2025-01-30,99780,44.0,45.0,43.0,44.0,0,0,495800.0,21782800.0,1.0,44.0,45.0,43.0,44.0,495800.0
2025-01-31,99780,45.0,52.0,44.0,49.0,0,0,2967900.0,143662200.0,1.0,45.0,52.0,44.0,49.0,2967900.0
2025-02-03,99780,50.0,52.0,46.0,48.0,0,0,1684800.0,81476000.0,1.0,50.0,52.0,46.0,48.0,1684800.0
2025-02-04,99780,48.0,56.0,48.0,54.0,0,0,3268800.0,174421000.0,1.0,48.0,56.0,48.0,54.0,3268800.0
2025-02-05,99780,55.0,56.0,50.0,50.0,0,0,1769500.0,93571100.0,1.0,55.0,56.0,50.0,50.0,1769500.0
2025-02-06,99780,53.0,61.0,52.0,56.0,0,0,7465500.0,426928000.0,1.0,53.0,61.0,52.0,56.0,7465500.0
2025-02-07,99780,55.0,58.0,53.0,57.0,0,0,1776500.0,99031400.0,1.0,55.0,58.0,53.0,57.0,1776500.0
2025-02-10,99780,57.0,58.0,53.0,55.0,0,0,1208700.0,66309500.0,1.0,57.0,58.0,53.0,55.0,1208700.0
2025-02-12,99780,55.0,55.0,51.0,51.0,0,0,1323400.0,69777400.0,1.0,55.0,55.0,51.0,51.0,1323400.0
2025-02-13,99780,52.0,53.0,49.0,50.0,0,0,1218800.0,61502200.0,1.0,52.0,53.0,49.0,50.0,1218800.0
2025-02-14,99780,51.0,53.0,51.0,52.0,0,0,772700.0,39974200.0,1.0,51.0,53.0,51.0,52.0,772700.0
2025-02-17,99780,52.0,53.0,51.0,51.0,0,0,244400.0,12680900.0,1.0,52.0,53.0,51.0,51.0,244400.0
2025-02-18,99780,52.0,53.0,51.0,53.0,0,0,292200.0,15206300.0,1.0,52.0,53.0,51.0,53.0,292200.0
2025-02-19,99780,53.0,53.0,51.0,51.0,0,0,222300.0,11585100.0,1.0,53.0,53.0,51.0,51.0,222300.0
2025-02-20,99780,52.0,56.0,52.0,55.0,0,0,1461800.0,79232600.0,1.0,52.0,56.0,52.0,55.0,1461800.0
2025-02-21,99780,58.0,62.0,53.0,56.0,0,0,4987700.0,287942100.0,1.0,58.0,62.0,53.0,56.0,4987700.0
2025-02-25,99780,58.0,60.0,56.0,57.0,0,0,1194600.0,68738200.0,1.0,58.0,60.0,56.0,57.0,1194600.0
2025-02-26,99780,56.0,59.0,55.0,59.0,0,0,1278500.0,72814900.0,1.0,56.0,59.0,55.0,59.0,1278500.0
2025-02-27,99780,58.0,58.0,54.0,54.0,0,0,1208400.0,67185400.0,1.0,58.0,58.0,54.0,54.0,1208400.0
2025-02-28,99780,53.0,54.0,51.0,52.0,0,0,944100.0,49328400.0,1.0,53.0,54.0,51.0,52.0,944100.0
2025-03-03,99780,52.0,54.0,52.0,52.0,0,0,579400.0,30558000.0,1.0,52.0,54.0,52.0,52.0,579400.0
2025-03-04,99780,52.0,53.0,51.0,53.0,0,0,610900.0,31658600.0,1.0,52.0,53.0,51.0,53.0,610900.0
2025-03-05,99780,53.0,53.0,51.0,52.0,0,0,944900.0,49050500.0,1.0,53.0,53.0,51.0,52.0,944900.0
2025-03-06,99780,53.0,56.0,52.0,54.0,0,0,916800.0,49292900.0,1.0,53.0,56.0,52.0,54.0,916800.0
2025-03-07,99780,53.0,54.0,52.0,52.0,0,0,543200.0,28777800.0,1.0,53.0,54.0,52.0,52.0,543200.0
2025-03-10,99780,53.0,54.0,52.0,52.0,0,0,472000.0,25003400.0,1.0,53.0,54.0,52.0,52.0,472000.0
2025-03-11,99780,52.0,53.0,52.0,52.0,0,0,123200.0,6480400.0,1.0,52.0,53.0,52.0,52.0,123200.0
2025-03-12,99780,53.0,56.0,53.0,54.0,0,0,834300.0,45035400.0,1.0,53.0,56.0,53.0,54.0,834300.0
2025-03-13,99780,54.0,56.0,54.0,55.0,0,0,712300.0,38874500.0,1.0,54.0,56.0,54.0,55.0,712300.0
2025-03-14,99780,55.0,56.0,55.0,55.0,0,0,281300.0,15472500.0,1.0,55.0,56.0,55.0,55.0,281300.0
2025-03-17,99780,55.0,56.0,54.0,55.0,0,0,337200.0,18492200.0,1.0,55.0,56.0,54.0,55.0,337200.0
2025-03-18,99780,55.0,56.0,54.0,55.0,0,0,234500.0,12879400.0,1.0,55.0,56.0,54.0,55.0,234500.0
2025-03-19,99780,55.0,55.0,53.0,54.0,0,0,850500.0,46020900.0,1.0,55.0,55.0,53.0,54.0,850500.0
2025-03-21,99780,54.0,54.0,52.0,52.0,0,0,432300.0,22864300.0,1.0,54.0,54.0,52.0,52.0,432300.0
2025-03-24,99780,52.0,54.0,52.0,53.0,0,0,349800.0,18507400.0,1.0,52.0,54.0,52.0,53.0,349800.0
2025-03-25,99780,53.0,53.0,52.0,53.0,0,0,85600.0,4527300.0,1.0,53.0,53.0,52.0,53.0,85600.0
2025-03-26,99780,53.0,53.0,52.0,52.0,0,0,252300.0,13337700.0,1.0,53.0,53.0,52.0,52.0,252300.0
2025-03-27,99780,53.0,56.0,52.0,54.0,0,0,826600.0,44991100.0,1.0,53.0,56.0,52.0,54.0,826600.0
2025-03-28,99780,55.0,55.0,53.0,53.0,0,0,423900.0,22775400.0,1.0,55.0,55.0,53.0,53.0,423900.0
2025-03-31,99780,53.0,54.0,51.0,53.0,0,0,802400.0,42360100.0,1.0,53.0,54.0,51.0,53.0,802400.0
2025-04-01,99780,54.0,54.0,52.0,52.0,0,0,246500.0,13061700.0,1.0,54.0,54.0,52.0,52.0,246500.0
2025-04-02,99780,54.0,54.0,51.0,51.0,0,0,561600.0,29251300.0,1.0,54.0,54.0,51.0,51.0,561600.0
2025-04-03,99780,50.0,63.0,48.0,49.0,0,0,5699500.0,306706800.0,1.0,50.0,63.0,48.0,49.0,5699500.0
2025-04-04,99780,47.0,48.0,43.0,45.0,0,0,1377900.0,62553700.0,1.0,47.0,48.0,43.0,45.0,1377900.0
2025-04-07,99780,42.0,44.0,40.0,40.0,0,0,1131100.0,47241500.0,1.0,42.0,44.0,40.0,40.0,1131100.0
2025-04-08,99780,43.0,46.0,43.0,46.0,0,0,487300.0,21708900.0,1.0,43.0,46.0,43.0,46.0,487300.0
2025-04-09,99780,44.0,46.0,44.0,45.0,0,0,648900.0,28916800.0,1.0,44.0,46.0,44.0,45.0,648900.0
2025-04-10,99780,47.0,49.0,46.0,47.0,0,0,774000.0,36308700.0,1.0,47.0,49.0,46.0,47.0,774000.0
2025-04-11,99780,46.0,49.0,45.0,47.0,0,0,563100.0,26538900.0,1.0,46.0,49.0,45.0,47.0,563100.0
2025-04-14,99780,47.0,49.0,47.0,48.0,0,0,627000.0,29923700.0,1.0,47.0,49.0,47.0,48.0,627000.0
2025-04-15,99780,48.0,49.0,48.0,49.0,0,0,194800.0,9410900.0,1.0,48.0,49.0,48.0,49.0,194800.0
2025-04-16,99780,49.0,55.0,45.0,48.0,0,0,3699500.0,184387500.0,1.0,49.0,55.0,45.0,48.0,3699500.0
2025-04-17,99780,48.0,48.0,47.0,47.0,0,0,82400.0,3949600.0,1.0,48.0,48.0,47.0,47.0,82400.0
2025-04-18,99780,48.0,49.0,48.0,49.0,0,0,313000.0,15249900.0,1.0,48.0,49.0,48.0,49.0,313000.0
2025-04-21,99780,49.0,59.0,46.0,49.0,0,0,5864200.0,296877300.0,1.0,49.0,59.0,46.0,49.0,5864200.0
2025-04-22,99780,48.0,57.0,46.0,49.0,0,0,10678500.0,545039000.0,1.0,48.0,57.0,46.0,49.0,10678500.0
2025-04-23,99780,49.0,51.0,49.0,49.0,0,0,539300.0,26684600.0,1.0,49.0,51.0,49.0,49.0,539300.0
2025-04-24,99780,50.0,50.0,48.0,49.0,0,0,328100.0,16128700.0,1.0,50.0,50.0,48.0,49.0,328100.0
2025-04-25,99780,49.0,49.0,48.0,48.0,0,0,169300.0,8253800.0,1.0,49.0,49.0,48.0,48.0,169300.0
2025-04-28,99780,48.0,53.0,47.0,48.0,0,0,5772200.0,286296300.0,1.0,48.0,53.0,47.0,48.0,5772200.0
2025-04-30,99780,48.0,49.0,47.0,49.0,0,0,532500.0,25580400.0,1.0,48.0,49.0,47.0,49.0,532500.0
2025-05-01,99780,49.0,49.0,47.0,48.0,0,0,363800.0,17510600.0,1.0,49.0,49.0,47.0,48.0,363800.0
2025-05-02,99780,48.0,49.0,47.0,47.0,0,0,314800.0,14959000.0,1.0,48.0,49.0,47.0,47.0,314800.0
2025-05-07,99780,48.0,48.0,47.0,47.0,0,0,99900.0,4712300.0,1.0,48.0,48.0,47.0,47.0,99900.0
2025-05-08,99780,47.0,48.0,47.0,48.0,0,0,212300.0,10003100.0,1.0,47.0,48.0,47.0,48.0,212300.0
2025-05-09,99780,48.0,48.0,47.0,47.0,0,0,89100.0,4191300.0,1.0,48.0,48.0,47.0,47.0,89100.0
2025-05-12,99780,48.0,48.0,47.0,47.0,0,0,362400.0,17041000.0,1.0,48.0,48.0,47.0,47.0,362400.0
2025-05-13,99780,47.0,48.0,46.0,47.0,0,0,268200.0,12580300.0,1.0,47.0,48.0,46.0,47.0,268200.0
2025-05-14,99780,47.0,47.0,46.0,46.0,0,0,67500.0,3119800.0,1.0,47.0,47.0,46.0,46.0,67500.0
2025-05-15,99780,47.0,47.0,46.0,46.0,0,0,49500.0,2309100.0,1.0,47.0,47.0,46.0,46.0,49500.0
2025-05-16,99780,47.0,49.0,46.0,48.0,0,0,674400.0,32204400.0,1.0,47.0,49.0,46.0,48.0,674400.0
2025-05-19,99780,48.0,49.0,48.0,48.0,0,0,55500.0,2667700.0,1.0,48.0,49.0,48.0,48.0,55500.0
2025-05-20,99780,49.0,50.0,47.0,49.0,0,0,1209500.0,58414500.0,1.0,49.0,50.0,47.0,49.0,1209500.0
2025-05-21,99780,49.0,50.0,49.0,49.0,0,0,403000.0,19944900.0,1.0,49.0,50.0,49.0,49.0,403000.0
2025-05-22,99780,49.0,56.0,49.0,54.0,0,0,3450900.0,182985500.0,1.0,49.0,56.0,49.0,54.0,3450900.0
2025-05-23,99780,54.0,54.0,51.0,52.0,0,0,883000.0,46078200.0,1.0,54.0,54.0,51.0,52.0,883000.0
2025-05-26,99780,51.0,53.0,51.0,52.0,0,0,338800.0,17703200.0,1.0,51.0,53.0,51.0,52.0,338800.0
2025-05-27,99780,52.0,55.0,52.0,54.0,0,0,501700.0,26746300.0,1.0,52.0,55.0,52.0,54.0,501700.0
2025-05-28,99780,54.0,55.0,53.0,53.0,0,0,377000.0,20428100.0,1.0,54.0,55.0,53.0,53.0,377000.0
2025-05-29,99780,53.0,55.0,53.0,54.0,0,0,163600.0,8799200.0,1.0,53.0,55.0,53.0,54.0,163600.0
2025-05-30,99780,54.0,55.0,53.0,53.0,0,0,240700.0,12976900.0,1.0,54.0,55.0,53.0,53.0,240700.0
2025-06-02,99780,53.0,53.0,52.0,53.0,0,0,145600.0,7666400.0,1.0,53.0,53.0,52.0,53.0,145600.0
2025-06-03,99780,52.0,53.0,51.0,52.0,0,0,459300.0,23734100.0,1.0,52.0,53.0,51.0,52.0,459300.0
2025-06-04,99780,52.0,53.0,51.0,52.0,0,0,96600.0,5018400.0,1.0,52.0,53.0,51.0,52.0,96600.0
2025-06-05,99780,52.0,53.0,52.0,52.0,0,0,120200.0,6261200.0,1.0,52.0,53.0,52.0,52.0,120200.0
2025-06-06,99780,53.0,53.0,51.0,52.0,0,0,145200.0,7529400.0,1.0,53.0,53.0,51.0,52.0,145200.0
2025-06-09,99780,52.0,52.0,51.0,52.0,0,0,86600.0,4457000.0,1.0,52.0,52.0,51.0,52.0,86600.0
2025-06-10,99780,51.0,52.0,51.0,51.0,0,0,77200.0,3972800.0,1.0,51.0,52.0,51.0,51.0,77200.0
2025-06-11,99780,52.0,53.0,50.0,51.0,0,0,903400.0,46821800.0,1.0,52.0,53.0,50.0,51.0,903400.0
2025-06-12,99780,51.0,52.0,50.0,50.0,0,0,439800.0,22105600.0,1.0,51.0,52.0,50.0,50.0,439800.0
2025-06-13,99780,50.0,51.0,49.0,50.0,0,0,206400.0,10294700.0,1.0,50.0,51.0,49.0,50.0,206400.0
2025-06-16,99780,50.0,52.0,49.0,51.0,0,0,687700.0,34401300.0,1.0,50.0,52.0,49.0,51.0,687700.0
2025-06-17,99780,51.0,52.0,50.0,51.0,0,0,222300.0,11312400.0,1.0,51.0,52.0,50.0,51.0,222300.0
2025-06-18,99780,51.0,52.0,51.0,51.0,0,0,288700.0,14754700.0,1.0,51.0,52.0,51.0,51.0,288700.0
2025-06-19,99780,51.0,52.0,51.0,52.0,0,0,219300.0,11362300.0,1.0,51.0,52.0,51.0,52.0,219300.0
2025-06-20,99780,52.0,52.0,51.0,51.0,0,0,25600.0,1311100.0,1.0,52.0,52.0,51.0,51.0,25600.0
2025-06-23,99780,51.0,51.0,50.0,50.0,0,0,190100.0,9676600.0,1.0,51.0,51.0,50.0,50.0,190100.0
2025-06-24,99780,50.0,52.0,50.0,52.0,0,0,182200.0,9297100.0,1.0,50.0,52.0,50.0,52.0,182200.0
2025-06-25,99780,52.0,54.0,50.0,51.0,0,0,1254700.0,65533400.0,1.0,52.0,54.0,50.0,51.0,1254700.0
2025-06-26,99780,51.0,54.0,51.0,52.0,0,0,1037700.0,54448600.0,1.0,51.0,54.0,51.0,52.0,1037700.0
2025-06-27,99780,53.0,57.0,52.0,55.0,0,0,2229700.0,122438700.0,1.0,53.0,57.0,52.0,55.0,2229700.0
2025-06-30,99780,58.0,61.0,56.0,60.0,0,0,2555900.0,150029500.0,1.0,58.0,61.0,56.0,60.0,2555900.0
2025-07-01,99780,60.0,60.0,56.0,58.0,0,0,1641300.0,94485300.0,1.0,60.0,60.0,56.0,58.0,1641300.0
2025-07-02,99780,58.0,58.0,54.0,54.0,0,0,1077600.0,59928000.0,1.0,58.0,58.0,54.0,54.0,1077600.0
2025-07-03,99780,54.0,57.0,54.0,56.0,0,0,636700.0,35480600.0,1.0,54.0,57.0,54.0,56.0,636700.0
2025-07-04,99780,56.0,58.0,55.0,56.0,0,0,298000.0,16778600.0,1.0,56.0,58.0,55.0,56.0,298000.0
2025-07-07,99780,57.0,59.0,56.0,57.0,0,0,520900.0,29873900.0,1.0,57.0,59.0,56.0,57.0,520900.0
2025-07-08,99780,57.0,59.0,56.0,59.0,0,0,335900.0,19408000.0,1.0,57.0,59.0,56.0,59.0,335900.0
2025-07-09,99780,59.0,62.0,58.0,60.0,0,0,847300.0,50882000.0,1.0,59.0,62.0,58.0,60.0,847300.0
2025-07-10,99780,60.0,61.0,57.0,58.0,0,0,824500.0,48557800.0,1.0,60.0,61.0,57.0,58.0,824500.0
2025-07-11,99780,59.0,60.0,57.0,57.0,0,0,459800.0,26905800.0,1.0,59.0,60.0,57.0,57.0,459800.0
2025-07-14,99780,57.0,60.0,55.0,58.0,0,0,962200.0,55269400.0,1.0,57.0,60.0,55.0,58.0,962200.0
2025-07-15,99780,58.0,59.0,55.0,55.0,0,0,858000.0,48481300.0,1.0,58.0,59.0,55.0,55.0,858000.0
2025-07-16,99780,54.0,55.0,51.0,54.0,0,0,1128800.0,59678600.0,1.0,54.0,55.0,51.0,54.0,1128800.0
2025-07-17,99780,54.0,54.0,52.0,52.0,0,0,698600.0,36965300.0,1.0,54.0,54.0,52.0,52.0,698600.0
2025-07-18,99780,54.0,54.0,52.0,53.0,0,0,261300.0,13850000.0,1.0,54.0,54.0,52.0,53.0,261300.0
2025-07-22,99780,54.0,56.0,53.0,56.0,0,0,542100.0,29721900.0,1.0,54.0,56.0,53.0,56.0,542100.0
2025-07-23,99780,56.0,56.0,54.0,55.0,0,0,230700.0,12709600.0,1.0,56.0,56.0,54.0,55.0,230700.0
2025-07-24,99780,56.0,56.0,53.0,54.0,0,0,341500.0,18529900.0,1.0,56.0,56.0,53.0,54.0,341500.0
2025-07-25,99780,54.0,55.0,53.0,54.0,0,0,198700.0,10753400.0,1.0,54.0,55.0,53.0,54.0,198700.0
2025-07-28,99780,54.0,55.0,54.0,54.0,0,0,140900.0,7614200.0,1.0,54.0,55.0,54.0,54.0,140900.0
2025-07-29,99780,54.0,55.0,53.0,54.0,0,0,127400.0,6879700.0,1.0,54.0,55.0,53.0,54.0,127400.0
2025-07-30,99780,54.0,55.0,53.0,54.0,0,0,108100.0,5805600.0,1.0,54.0,55.0,53.0,54.0,108100.0
2025-07-31,99780,53.0,54.0,53.0,53.0,0,0,33300.0,1769600.0,1.0,53.0,54.0,53.0,53.0,33300.0
2025-08-01,99780,53.0,54.0,53.0,54.0,0,0,177600.0,9572900.0,1.0,53.0,54.0,53.0,54.0,177600.0
2025-08-04,99780,53.0,54.0,53.0,53.0,0,0,62800.0,3330200.0,1.0,53.0,54.0,53.0,53.0,62800.0
2025-08-05,99780,54.0,55.0,53.0,54.0,0,0,351000.0,18745400.0,1.0,54.0,55.0,53.0,54.0,351000.0
2025-08-06,99780,53.0,54.0,53.0,54.0,0,0,98700.0,5293600.0,1.0,53.0,54.0,53.0,54.0,98700.0
2025-08-07,99780,54.0,55.0,53.0,55.0,0,0,103300.0,5571500.0,1.0,54.0,55.0,53.0,55.0,103300.0
2025-08-08,99780,55.0,56.0,54.0,56.0,0,0,477600.0,26325800.0,1.0,55.0,56.0,54.0,56.0,477600.0
2025-08-12,99780,56.0,56.0,54.0,55.0,0,0,413400.0,22719600.0,1.0,56.0,56.0,54.0,55.0,413400.0
2025-08-13,99780,55.0,56.0,54.0,55.0,0,0,101000.0,5552800.0,1.0,55.0,56.0,54.0,55.0,101000.0
2025-08-14,99780,56.0,56.0,54.0,55.0,0,0,308700.0,16900400.0,1.0,56.0,56.0,54.0,55.0,308700.0
2025-08-15,99780,55.0,56.0,54.0,56.0,0,0,120100.0,6625500.0,1.0,55.0,56.0,54.0,56.0,120100.0
2025-08-18,99780,56.0,58.0,55.0,57.0,0,0,485800.0,27577600.0,1.0,56.0,58.0,55.0,57.0,485800.0
2025-08-19,99780,57.0,61.0,56.0,59.0,0,0,1430900.0,84435400.0,1.0,57.0,61.0,56.0,59.0,1430900.0
2025-08-20,99780,59.0,66.0,58.0,66.0,0,0,2174800.0,136325500.0,1.0,59.0,66.0,58.0,66.0,2174800.0
2025-08-21,99780,65.0,65.0,62.0,62.0,0,0,2314800.0,147148600.0,1.0,65.0,65.0,62.0,62.0,2314800.0
2025-08-22,99780,63.0,72.0,62.0,63.0,0,0,6589900.0,443897400.0,1.0,63.0,72.0,62.0,63.0,6589900.0
2025-08-25,99780,64.0,65.0,59.0,59.0,0,0,1964900.0,119903300.0,1.0,64.0,65.0,59.0,59.0,1964900.0
2025-08-26,99780,61.0,75.0,61.0,65.0,0,0,12240800.0,831893800.0,1.0,61.0,75.0,61.0,65.0,12240800.0
2025-08-27,99780,65.0,68.0,63.0,66.0,0,0,2362100.0,154442700.0,1.0,65.0,68.0,63.0,66.0,2362100.0
2025-08-28,99780,65.0,65.0,61.0,62.0,0,0,1986600.0,124784800.0,1.0,65.0,65.0,61.0,62.0,1986600.0
2025-08-29,99780,62.0,70.0,61.0,66.0,0,0,4192500.0,279122300.0,1.0,62.0,70.0,61.0,66.0,4192500.0
2025-09-01,99780,64.0,64.0,61.0,64.0,0,0,2555400.0,159269200.0,1.0,64.0,64.0,61.0,64.0,2555400.0
2025-09-02,99780,62.0,63.0,60.0,61.0,0,0,1488400.0,91220100.0,1.0,62.0,63.0,60.0,61.0,1488400.0
2025-09-03,99780,61.0,62.0,58.0,60.0,0,0,1287700.0,76759200.0,1.0,61.0,62.0,58.0,60.0,1287700.0
2025-09-04,99780,60.0,60.0,59.0,59.0,0,0,235400.0,13909300.0,1.0,60.0,60.0,59.0,59.0,235400.0
2025-09-05,99780,60.0,60.0,59.0,60.0,0,0,246000.0,14681800.0,1.0,60.0,60.0,59.0,60.0,246000.0
2025-09-08,99780,59.0,59.0,57.0,57.0,0,0,690300.0,40062000.0,1.0,59.0,59.0,57.0,57.0,690300.0
2025-09-09,99780,57.0,58.0,56.0,56.0,0,0,559900.0,31794100.0,1.0,57.0,58.0,56.0,56.0,559900.0
2025-09-10,99780,56.0,57.0,55.0,55.0,0,0,636900.0,35368300.0,1.0,56.0,57.0,55.0,55.0,636900.0
2025-09-11,99780,55.0,57.0,55.0,55.0,0,0,425100.0,23630300.0,1.0,55.0,57.0,55.0,55.0,425100.0
2025-09-12,99780,56.0,56.0,53.0,53.0,0,0,711000.0,38429400.0,1.0,56.0,56.0,53.0,53.0,711000.0
2025-09-16,99780,54.0,57.0,54.0,56.0,0,0,603300.0,33418500.0,1.0,54.0,57.0,54.0,56.0,603300.0
2025-09-17,99780,57.0,57.0,55.0,56.0,0,0,353800.0,19664000.0,1.0,57.0,57.0,55.0,56.0,353800.0
2025-09-18,99780,56.0,57.0,55.0,55.0,0,0,57400.0,3205000.0,1.0,56.0,57.0,55.0,55.0,57400.0
2025-09-19,99780,55.0,56.0,54.0,56.0,0,0,459900.0,25378400.0,1.0,55.0,56.0,54.0,56.0,459900.0
2025-09-22,99780,54.0,58.0,54.0,57.0,0,0,482900.0,27217100.0,1.0,54.0,58.0,54.0,57.0,482900.0
2025-09-24,99780,57.0,58.0,55.0,55.0,0,0,144000.0,8092400.0,1.0,57.0,58.0,55.0,55.0,144000.0
2025-09-25,99780,56.0,56.0,55.0,55.0,0,0,65800.0,3631600.0,1.0,56.0,56.0,55.0,55.0,65800.0
2025-09-26,99780,55.0,56.0,55.0,55.0,0,0,139900.0,7708400.0,1.0,55.0,56.0,55.0,55.0,139900.0
2025-09-29,99780,55.0,56.0,55.0,56.0,0,0,254500.0,14009300.0,1.0,55.0,56.0,55.0,56.0,254500.0
2025-09-30,99780,56.0,56.0,55.0,55.0,0,0,147700.0,8151400.0,1.0,56.0,56.0,55.0,55.0,147700.0
2025-10-01,99780,56.0,56.0,53.0,53.0,0,0,803500.0,43201100.0,1.0,56.0,56.0,53.0,53.0,803500.0
2025-10-02,99780,54.0,55.0,53.0,54.0,0,0,273700.0,14696800.0,1.0,54.0,55.0,53.0,54.0,273700.0
2025-10-03,99780,54.0,57.0,54.0,55.0,0,0,517000.0,28699900.0,1.0,54.0,57.0,54.0,55.0,517000.0
2025-10-06,99780,55.0,56.0,54.0,55.0,0,0,456500.0,25128000.0,1.0,55.0,56.0,54.0,55.0,456500.0
2025-10-07,99780,56.0,58.0,55.0,55.0,0,0,673500.0,37924600.0,1.0,56.0,58.0,55.0,55.0,673500.0
2025-10-08,99780,56.0,60.0,56.0,59.0,0,0,1262800.0,73282800.0,1.0,56.0,60.0,56.0,59.0,1262800.0
2025-10-09,99780,59.0,59.0,56.0,57.0,0,0,716800.0,40974800.0,1.0,59.0,59.0,56.0,57.0,716800.0
2025-10-10,99780,55.0,56.0,54.0,55.0,0,0,683300.0,37430300.0,1.0,55.0,56.0,54.0,55.0,683300.0
2025-10-14,99780,54.0,54.0,51.0,51.0,0,0,769700.0,40319000.0,1.0,54.0,54.0,51.0,51.0,769700.0
2025-10-15,99780,52.0,55.0,51.0,55.0,0,0,586700.0,31383300.0,1.0,52.0,55.0,51.0,55.0,586700.0
2025-10-16,99780,50.0,52.0,49.0,50.0,0,0,1805000.0,90447800.0,1.0,50.0,52.0,49.0,50.0,1805000.0
2025-10-17,99780,51.0,51.0,45.0,46.0,0,0,2156000.0,102415100.0,1.0,51.0,51.0,45.0,46.0,2156000.0
2025-10-20,99780,47.0,48.0,46.0,46.0,0,0,478200.0,22419100.0,1.0,47.0,48.0,46.0,46.0,478200.0
2025-10-21,99780,47.0,48.0,46.0,48.0,0,0,213300.0,10062100.0,1.0,47.0,48.0,46.0,48.0,213300.0
2025-10-22,99780,47.0,48.0,47.0,48.0,0,0,108700.0,5175000.0,1.0,47.0,48.0,47.0,48.0,108700.0
2025-10-23,99780,48.0,48.0,47.0,48.0,0,0,117100.0,5587600.0,1.0,48.0,48.0,47.0,48.0,117100.0
2025-10-24,99780,48.0,48.0,47.0,48.0,0,0,62700.0,2994700.0,1.0,48.0,48.0,47.0,48.0,62700.0
2025-10-27,99780,48.0,49.0,48.0,48.0,0,0,86300.0,4159300.0,1.0,48.0,49.0,48.0,48.0,86300.0
2025-10-28,99780,49.0,49.0,47.0,48.0,0,0,207300.0,9957000.0,1.0,49.0,49.0,47.0,48.0,207300.0
2025-10-29,99780,48.0,48.0,47.0,47.0,0,0,73600.0,3514100.0,1.0,48.0,48.0,47.0,47.0,73600.0
